player_id,full_name,position,position_name,split_type,games,first_game_date,last_game_date,opponents,teams,points,scoring_points,one_point_goals,two_point_goals,goals,assists,shots,shots_on_goal,two_point_shots,saves,clean_saves,messy_saves,scores_against,saa,ground_balls,turnovers,caused_turnovers,faceoffs_won,faceoffs_lost,faceoffs,goals_against,two_point_goals_against,num_penalties,pim,assist_opportunities,touches,total_passes,shot_pct_calc,shots_on_goal_rate_calc,faceoff_pct_calc,save_pct_calc,points_per_game,scoring_points_per_game,one_point_goals_per_game,two_point_goals_per_game,goals_per_game,assists_per_game,shots_per_game,shots_on_goal_per_game,two_point_shots_per_game,saves_per_game,clean_saves_per_game,messy_saves_per_game,scores_against_per_game,saa_per_game,ground_balls_per_game,turnovers_per_game,caused_turnovers_per_game,faceoffs_won_per_game,faceoffs_lost_per_game,faceoffs_per_game,goals_against_per_game,two_point_goals_against_per_game,num_penalties_per_game,pim_per_game,assist_opportunities_per_game,touches_per_game,total_passes_per_game
000201,Adam Ghitelman,G,Goalie,last_5,5,2022-08-21,2025-08-02,ARC|CHA|OUT|WAT,ARC|CAN,0,0,0,0,0,0,2,1,2,36,9,27,39,42.53333,11,0,1,0,0,0,38,1,1,1.0,1,48,46,0.0,0.5,,0.8463950506579193,0.0,0.0,0.0,0.0,0.0,0.0,0.4,0.2,0.4,7.2,1.8,5.4,7.8,8.506666,2.2,0.0,0.2,0.0,0.0,0.0,7.6,0.2,0.2,0.2,0.2,9.6,9.2
000204,Christian Cuccinello,A,Attack,last_5,2,2022-06-11,2022-07-24,ARC|ATL,CAN,2,2,2,0,2,0,6,4,0,0,0,0,0,0.0,1,0,0,0,0,0,0,0,0,0.0,0,16,10,0.3333333333333333,0.6666666666666666,,,1.0,1.0,1.0,0.0,1.0,0.0,3.0,2.0,0.0,0.0,0.0,0.0,0.0,0.0,0.5,0.0,0.0,0.0,0.0,0.0,0.0,0.0,0.0,0.0,0.0,8.0,5.0
000207,Dominique Alexander,SSDM,Defensive Midfield,last_5,5,2022-07-01,2022-08-21,ATL|CAN|CHA|RED|WAT,ARC,1,0,0,0,0,1,0,0,0,0,0,0,0,0.0,8,0,5,0,0,0,0,0,2,1.0,2,40,40,,,,,0.2,0.0,0.0,0.0,0.0,0.2,0.0,0.0,0.0,0.0,0.0,0.0,0.0,0.0,1.6,0.0,1.0,0.0,0.0,0.0,0.0,0.0,0.4,0.2,0.4,8.0,8.0
000211,Ian MacKay,SSDM,Defensive Midfield,last_5,5,2024-06-30,2024-08-17,ARC|CAN|OUT|WAT|WHP,CHA,3,2,2,0,2,1,12,6,2,0,0,0,0,0.0,6,3,0,0,3,3,0,0,4,4.0,7,58,43,0.16666666666666666,0.5,0.0,,0.6,0.4,0.4,0.0,0.4,0.2,2.4,1.2,0.4,0.0,0.0,0.0,0.0,0.0,1.2,0.6,0.0,0.0,0.6,0.6,0.0,0.0,0.8,0.8,1.4,11.6,8.6
000213,Jerry Ragonese,FO,Faceoff,last_5,1,2022-07-02,2022-07-02,CAN,CHA,1,1,1,0,1,0,1,1,0,0,0,0,0,0.0,2,0,0,2,6,8,0,0,0,0.0,0,2,1,1.0,1.0,0.25,,1.0,1.0,1.0,0.0,1.0,0.0,1.0,1.0,0.0,0.0,0.0,0.0,0.0,0.0,2.0,0.0,0.0,2.0,6.0,8.0,0.0,0.0,0.0,0.0,0.0,2.0,1.0
000216,Marcus Holman,A,Attack,last_5,5,2025-08-08,2026-05-29,CHA|RED|WAT|WHP,CAN,14,11,9,1,10,3,27,19,9,0,0,0,0,0.0,9,4,0,0,0,0,0,0,0,0.0,9,175,144,0.37037037037037035,0.7037037037037037,,,2.8,2.2,1.8,0.2,2.0,0.6,5.4,3.8,1.8,0.0,0.0,0.0,0.0,0.0,1.8,0.8,0.0,0.0,0.0,0.0,0.0,0.0,0.0,0.0,1.8,35.0,28.8
000217,Mark McNeill,SSDM,Defensive Midfield,last_5,5,2022-07-24,2022-08-21,ATL|CAN|CHA|WAT|WHP,ARC,0,0,0,0,0,0,0,0,0,0,0,0,0,0.0,4,2,2,0,0,0,0,0,0,0.0,0,17,15,,,,,0.0,0.0,0.0,0.0,0.0,0.0,0.0,0.0,0.0,0.0,0.0,0.0,0.0,0.0,0.8,0.4,0.4,0.0,0.0,0.0,0.0,0.0,0.0,0.0,0.0,3.4,3.0
000218,Matt McMahon,D,Defense,last_5,5,2023-07-30,2023-08-26,ATL|OUT|WAT|WHP,ARC,0,0,0,0,0,0,0,0,0,0,0,0,0,0.0,7,1,2,0,0,0,0,0,2,1.5,0,14,13,,,,,0.0,0.0,0.0,0.0,0.0,0.0,0.0,0.0,0.0,0.0,0.0,0.0,0.0,0.0,1.4,0.2,0.4,0.0,0.0,0.0,0.0,0.0,0.4,0.3,0.0,2.8,2.6
000221,Ryan Ambler,M,Midfield,last_5,5,2025-07-27,2026-05-30,CHA|OUT|RED|WHP,ARC,6,4,4,0,4,2,20,10,2,0,0,0,0,0.0,9,6,2,0,0,0,0,0,0,0.0,10,115,89,0.2,0.5,,,1.2,0.8,0.8,0.0,0.8,0.4,4.0,2.0,0.4,0.0,0.0,0.0,0.0,0.0,1.8,1.2,0.4,0.0,0.0,0.0,0.0,0.0,0.0,0.0,2.0,23.0,17.8
000222,Stephen Kelly,FO,Faceoff,last_5,5,2022-08-21,2023-07-09,ARC|ATL|CHA|OUT|WHP,CAN,1,0,0,0,0,1,4,3,1,0,0,0,0,0.0,30,4,1,42,64,106,0,0,0,0.0,3,30,22,0.0,0.75,0.39622641509433965,,0.2,0.0,0.0,0.0,0.0,0.2,0.8,0.6,0.2,0.0,0.0,0.0,0.0,0.0,6.0,0.8,0.2,8.4,12.8,21.2,0.0,0.0,0.0,0.0,0.6,6.0,4.4
000223,Scott Ratliff,D,Defense,last_5,5,2022-07-24,2022-08-21,ATL|CAN|CHA|WAT|WHP,ARC,1,1,1,0,1,0,4,4,3,0,0,0,0,0.0,10,3,8,0,0,0,0,0,1,1.0,3,60,53,0.25,1.0,,,0.2,0.2,0.2,0.0,0.2,0.0,0.8,0.8,0.6,0.0,0.0,0.0,0.0,0.0,2.0,0.6,1.6,0.0,0.0,0.0,0.0,0.0,0.2,0.2,0.6,12.0,10.6
000225,Tom Schreiber,M,Midfield,last_5,5,2025-06-22,2025-07-26,ATL|CHA|OUT|RED|WAT,ARC,7,2,2,0,2,5,20,8,2,0,0,0,0,0.0,5,10,2,0,0,0,0,0,1,1.0,14,126,96,0.1,0.4,,,1.4,0.4,0.4,0.0,0.4,1.0,4.0,1.6,0.4,0.0,0.0,0.0,0.0,0.0,1.0,2.0,0.4,0.0,0.0,0.0,0.0,0.0,0.2,0.2,2.8,25.2,19.2
000227,Will Manny,A,Attack,last_5,5,2025-05-31,2025-08-09,ATL|OUT|RED|WAT|WHP,CAN,10,7,7,0,7,3,23,16,0,0,0,0,0,0.0,4,5,2,0,0,0,0,0,1,0.5,9,94,66,0.30434782608695654,0.6956521739130435,,,2.0,1.4,1.4,0.0,1.4,0.6,4.6,3.2,0.0,0.0,0.0,0.0,0.0,0.0,0.8,1.0,0.4,0.0,0.0,0.0,0.0,0.0,0.2,0.1,1.8,18.8,13.2
000231,Chris Cloutier,A,Attack,last_5,5,2023-06-10,2023-08-27,CAN|OUT|RED|WHP,CHA,11,10,10,0,10,1,34,19,0,0,0,0,0,0.0,5,10,0,0,0,0,0,0,0,0.0,6,126,82,0.29411764705882354,0.5588235294117647,,,2.2,2.0,2.0,0.0,2.0,0.2,6.8,3.8,0.0,0.0,0.0,0.0,0.0,0.0,1.0,2.0,0.0,0.0,0.0,0.0,0.0,0.0,0.0,0.0,1.2,25.2,16.4
000234,Eric Law,A,Attack,last_5,5,2024-08-03,2025-08-02,ARC|ATL|CHA|RED|WHP,OUT,10,8,8,0,8,2,17,14,0,0,0,0,0,0.0,6,9,0,0,0,0,0,0,1,1.0,3,109,83,0.47058823529411764,0.8235294117647058,,,2.0,1.6,1.6,0.0,1.6,0.4,3.4,2.8,0.0,0.0,0.0,0.0,0.0,0.0,1.2,1.8,0.0,0.0,0.0,0.0,0.0,0.0,0.2,0.2,0.6,21.8,16.6
000235,Jake Richard,SSDM,Defensive Midfield,last_5,5,2024-07-06,2024-08-17,ATL|CAN|RED|WHP,WAT,1,0,0,0,0,1,2,2,0,0,0,0,0,0.0,3,1,2,0,2,2,0,0,1,0.5,2,31,28,0.0,1.0,0.0,,0.2,0.0,0.0,0.0,0.0,0.2,0.4,0.4,0.0,0.0,0.0,0.0,0.0,0.0,0.6,0.2,0.4,0.0,0.4,0.4,0.0,0.0,0.2,0.1,0.4,6.2,5.6
000238,John Crawley,M,Midfield,last_5,5,2022-07-02,2022-08-13,ARC|OUT|RED|WAT|WHP,ATL,1,1,1,0,1,0,9,5,0,0,0,0,0,0.0,1,2,0,0,0,0,0,0,0,0.0,2,47,36,0.1111111111111111,0.5555555555555556,,,0.2,0.2,0.2,0.0,0.2,0.0,1.8,1.0,0.0,0.0,0.0,0.0,0.0,0.0,0.2,0.4,0.0,0.0,0.0,0.0,0.0,0.0,0.0,0.0,0.4,9.4,7.2
000240,Kieran McArdle,A,Attack,last_5,5,2025-08-02,2026-05-31,ATL|CAN|CHA|WHP,WAT,14,8,8,0,8,6,32,20,0,0,0,0,0,0.0,6,10,0,0,0,0,0,0,1,1.0,16,165,123,0.25,0.625,,,2.8,1.6,1.6,0.0,1.6,1.2,6.4,4.0,0.0,0.0,0.0,0.0,0.0,0.0,1.2,2.0,0.0,0.0,0.0,0.0,0.0,0.0,0.2,0.2,3.2,33.0,24.6
000241,Jack Concannon,G,Goalie,last_5,5,2023-07-29,2023-08-26,ARC|CAN|OUT|RED|WAT,ATL,0,0,0,0,0,0,0,0,0,67,10,57,63,62.77049,8,4,0,0,0,0,57,6,0,0.0,2,32,28,,,,1.0673805477701384,0.0,0.0,0.0,0.0,0.0,0.0,0.0,0.0,0.0,13.4,2.0,11.4,12.6,12.554098,1.6,0.8,0.0,0.0,0.0,0.0,11.4,1.2,0.0,0.0,0.4,6.4,5.6
000242,Kyle Hartzell,LSM,Long Stick Midfield,last_5,5,2023-06-03,2023-08-26,ARC|OUT|RED|WAT|WHP,CAN,0,0,0,0,0,0,1,0,1,0,0,0,0,0.0,7,0,3,2,16,18,0,0,2,1.0,0,18,17,0.0,0.0,0.1111111111111111,,0.0,0.0,0.0,0.0,0.0,0.0,0.2,0.0,0.2,0.0,0.0,0.0,0.0,0.0,1.4,0.0,0.6,0.4,3.2,3.6,0.0,0.0,0.4,0.2,0.0,3.6,3.4
000246,Ryan Brown,A,Attack,last_5,5,2022-06-17,2022-08-21,ARC|CHA|OUT|WHP,WAT,10,10,8,1,9,0,30,19,1,0,0,0,0,0.0,3,1,1,0,0,0,0,0,2,1.0,0,58,27,0.3,0.6333333333333333,,,2.0,2.0,1.6,0.2,1.8,0.0,6.0,3.8,0.2,0.0,0.0,0.0,0.0,0.0,0.6,0.2,0.2,0.0,0.0,0.0,0.0,0.0,0.4,0.2,0.0,11.6,5.4
000251,Steven DeNapoli,SSDM,Defensive Midfield,last_5,4,2022-07-31,2022-08-21,ARC|ATL|CAN|RED,WAT,3,3,3,0,3,0,4,4,0,0,0,0,0,0.0,4,2,0,0,0,0,0,0,0,0.0,1,17,11,0.75,1.0,,,0.75,0.75,0.75,0.0,0.75,0.0,1.0,1.0,0.0,0.0,0.0,0.0,0.0,0.0,1.0,0.5,0.0,0.0,0.0,0.0,0.0,0.0,0.0,0.0,0.25,4.25,2.75
000254,Trevor Baptiste,FO,Faceoff,last_5,5,2025-07-18,2026-05-30,OUT|RED|WAT|WHP,ATL,4,3,3,0,3,1,5,5,0,0,0,0,0,0.0,42,6,1,74,62,138,0,0,2,1.0,1,52,41,0.6,1.0,0.5362318840579711,,0.8,0.6,0.6,0.0,0.6,0.2,1.0,1.0,0.0,0.0,0.0,0.0,0.0,0.0,8.4,1.2,0.2,14.8,12.4,27.6,0.0,0.0,0.4,0.2,0.2,10.4,8.2
000255,Tucker Durkin,D,Defense,last_5,5,2023-07-29,2023-08-26,ARC|CAN|OUT|RED|WAT,ATL,0,0,0,0,0,0,0,0,0,0,0,0,0,0.0,5,0,2,0,0,0,0,0,1,1.0,0,6,6,,,,,0.0,0.0,0.0,0.0,0.0,0.0,0.0,0.0,0.0,0.0,0.0,0.0,0.0,0.0,1.0,0.0,0.4,0.0,0.0,0.0,0.0,0.0,0.2,0.2,0.0,1.2,1.2
000258,Blaze Riorden,G,Goalie,last_5,5,2025-07-26,2026-05-31,ARC|CAN|OUT|WAT,CHA,0,0,0,0,0,0,1,1,1,57,23,34,49,53.34657,6,1,5,0,0,0,44,5,0,0.0,1,90,88,0.0,1.0,,1.0684848154248718,0.0,0.0,0.0,0.0,0.0,0.0,0.2,0.2,0.2,11.4,4.6,6.8,9.8,10.669314,1.2,0.2,1.0,0.0,0.0,0.0,8.8,1.0,0.0,0.0,0.2,18.0,17.6
000260,Brodie Merrill,LSM,Long Stick Midfield,last_5,5,2022-06-18,2022-08-21,ARC|OUT|RED|WHP,CAN,1,0,0,0,0,1,0,0,0,0,0,0,0,0.0,12,2,6,0,0,0,0,0,1,0.5,3,28,26,,,,,0.2,0.0,0.0,0.0,0.0,0.2,0.0,0.0,0.0,0.0,0.0,0.0,0.0,0.0,2.4,0.4,1.2,0.0,0.0,0.0,0.0,0.0,0.2,0.1,0.6,5.6,5.2
000262,Connor Fields,A,Attack,last_5,5,2025-07-27,2026-05-30,CHA|OUT|RED|WHP,ARC,11,7,7,0,7,4,21,16,0,0,0,0,0,0.0,6,11,1,0,0,0,0,0,2,2.0,12,131,99,0.3333333333333333,0.7619047619047619,,,2.2,1.4,1.4,0.0,1.4,0.8,4.2,3.2,0.0,0.0,0.0,0.0,0.0,0.0,1.2,2.2,0.2,0.0,0.0,0.0,0.0,0.0,0.4,0.4,2.4,26.2,19.8
000266,Dhane Smith,M,Midfield,last_5,5,2023-07-30,2023-08-27,OUT|RED|WAT|WHP,CHA,21,2,2,0,2,19,17,11,1,0,0,0,0,0.0,2,18,0,0,0,0,0,0,2,1.5,55,197,162,0.11764705882352941,0.6470588235294118,,,4.2,0.4,0.4,0.0,0.4,3.8,3.4,2.2,0.2,0.0,0.0,0.0,0.0,0.0,0.4,3.6,0.0,0.0,0.0,0.0,0.0,0.0,0.4,0.3,11.0,39.4,32.4
000267,Jake Froccaro,M,Midfield,last_5,5,2022-06-05,2022-07-02,ARC|ATL|CHA|OUT|WAT,CAN,8,2,0,1,1,6,20,11,8,0,0,0,0,0.0,8,3,1,0,3,3,0,0,1,0.5,18,113,90,0.05,0.55,0.0,,1.6,0.4,0.0,0.2,0.2,1.2,4.0,2.2,1.6,0.0,0.0,0.0,0.0,0.0,1.6,0.6,0.2,0.0,0.6,0.6,0.0,0.0,0.2,0.1,3.6,22.6,18.0
000268,James Barclay,D,Defense,last_5,1,2022-07-23,2022-07-23,CHA,WHP,0,0,0,0,0,0,1,1,0,0,0,0,0,0.0,2,0,0,0,0,0,0,0,0,0.0,0,4,3,0.0,1.0,,,0.0,0.0,0.0,0.0,0.0,0.0,1.0,1.0,0.0,0.0,0.0,0.0,0.0,0.0,2.0,0.0,0.0,0.0,0.0,0.0,0.0,0.0,0.0,0.0,0.0,4.0,3.0
000269,Jarrod Neumann,D,Defense,last_5,5,2025-08-02,2026-05-31,ARC|ATL|CAN|OUT|WAT,CHA,0,0,0,0,0,0,1,0,1,0,0,0,0,0.0,4,1,1,0,0,0,0,0,3,3.5,1,45,43,0.0,0.0,,,0.0,0.0,0.0,0.0,0.0,0.0,0.2,0.0,0.2,0.0,0.0,0.0,0.0,0.0,0.8,0.2,0.2,0.0,0.0,0.0,0.0,0.0,0.6,0.7,0.2,9.0,8.6
000272,Josh Byrne,A,Attack,last_5,5,2024-06-30,2024-08-17,ARC|CAN|RED|WAT|WHP,CHA,16,6,6,0,6,10,30,15,1,0,0,0,0,0.0,9,10,0,0,0,0,0,0,0,0.0,18,170,130,0.2,0.5,,,3.2,1.2,1.2,0.0,1.2,2.0,6.0,3.0,0.2,0.0,0.0,0.0,0.0,0.0,1.8,2.0,0.0,0.0,0.0,0.0,0.0,0.0,0.0,0.0,3.6,34.0,26.0
000275,Mark Glicini,SSDM,Defensive Midfield,last_5,5,2025-07-19,2026-05-09,ARC|ATL|OUT|WAT,CHA,2,2,0,1,1,0,2,2,1,0,0,0,0,0.0,7,1,2,2,5,7,0,0,2,1.5,1,30,27,0.5,1.0,0.2857142857142857,,0.4,0.4,0.0,0.2,0.2,0.0,0.4,0.4,0.2,0.0,0.0,0.0,0.0,0.0,1.4,0.2,0.4,0.4,1.0,1.4,0.0,0.0,0.4,0.3,0.2,6.0,5.4
000276,Matt Rees,LSM,Long Stick Midfield,last_5,5,2023-07-15,2023-08-26,ATL|OUT|RED|WHP,CAN,2,2,0,1,1,0,4,3,3,0,0,0,0,0.0,7,1,4,1,32,33,0,0,3,2.5,0,17,12,0.25,0.75,0.030303030303030304,,0.4,0.4,0.0,0.2,0.2,0.0,0.8,0.6,0.6,0.0,0.0,0.0,0.0,0.0,1.4,0.2,0.8,0.2,6.4,6.6,0.0,0.0,0.6,0.5,0.0,3.4,2.4
000278,Myles Jones,M,Midfield,last_5,5,2024-08-10,2025-06-14,ARC|CAN|CHA|WAT|WHP,ATL,7,2,2,0,2,5,11,7,0,0,0,0,0,0.0,5,9,0,0,0,0,0,0,0,0.0,8,86,66,0.18181818181818182,0.6363636363636364,,,1.4,0.4,0.4,0.0,0.4,1.0,2.2,1.4,0.0,0.0,0.0,0.0,0.0,0.0,1.0,1.8,0.0,0.0,0.0,0.0,0.0,0.0,0.0,0.0,1.6,17.2,13.2
000279,Patrick Resch,SSDM,Defensive Midfield,last_5,5,2024-08-10,2025-08-09,ATL|CAN|CHA|OUT|RED,ARC|CHA,1,0,0,0,0,1,0,0,0,0,0,0,0,0.0,6,5,2,0,1,1,0,0,2,1.5,3,41,36,,,0.0,,0.2,0.0,0.0,0.0,0.0,0.2,0.0,0.0,0.0,0.0,0.0,0.0,0.0,0.0,1.2,1.0,0.4,0.0,0.2,0.2,0.0,0.0,0.4,0.3,0.6,8.2,7.2
000280,Thomas Kelly,FO,Faceoff,last_5,5,2022-06-04,2022-07-23,ARC|RED|WAT|WHP,CHA,1,1,1,0,1,0,1,1,0,0,0,0,0,0.0,23,3,0,52,63,115,0,0,0,0.0,0,18,14,1.0,1.0,0.45217391304347826,,0.2,0.2,0.2,0.0,0.2,0.0,0.2,0.2,0.0,0.0,0.0,0.0,0.0,0.0,4.6,0.6,0.0,10.4,12.6,23.0,0.0,0.0,0.0,0.0,0.0,3.6,2.8
000281,Troy Reh,LSM,Long Stick Midfield,last_5,5,2025-08-02,2026-05-31,ARC|ATL|CAN|OUT|WAT,CHA,0,0,0,0,0,0,0,0,0,0,0,0,0,0.0,18,1,5,0,0,0,0,0,2,2.0,1,47,46,,,,,0.0,0.0,0.0,0.0,0.0,0.0,0.0,0.0,0.0,0.0,0.0,0.0,0.0,0.0,3.6,0.2,1.0,0.0,0.0,0.0,0.0,0.0,0.4,0.4,0.2,9.4,9.2
000282,Tyson Bell,LSM,Long Stick Midfield,last_5,5,2022-06-05,2022-07-02,ARC|ATL|CHA|OUT|WAT,CAN,1,1,1,0,1,0,3,1,0,0,0,0,0,0.0,5,2,1,0,0,0,0,0,5,4.0,0,25,20,0.3333333333333333,0.3333333333333333,,,0.2,0.2,0.2,0.0,0.2,0.0,0.6,0.2,0.0,0.0,0.0,0.0,0.0,0.0,1.0,0.4,0.2,0.0,0.0,0.0,0.0,0.0,1.0,0.8,0.0,5.0,4.0
000294,John Ranagan,M,Midfield,last_5,3,2022-06-10,2022-07-24,ATL|RED|WAT,OUT,1,1,1,0,1,0,4,3,0,0,0,0,0,0.0,1,2,0,0,0,0,0,0,0,0.0,6,36,30,0.25,0.75,,,0.3333333333333333,0.3333333333333333,0.3333333333333333,0.0,0.3333333333333333,0.0,1.3333333333333333,1.0,0.0,0.0,0.0,0.0,0.0,0.0,0.3333333333333333,0.6666666666666666,0.0,0.0,0.0,0.0,0.0,0.0,0.0,0.0,2.0,12.0,10.0
000295,Jordan MacIntosh,M,Midfield,last_5,5,2023-07-29,2023-08-27,ARC|ATL|CHA|RED|WHP,OUT,3,3,3,0,3,0,13,6,1,0,0,0,0,0.0,6,5,0,0,0,0,0,0,1,1.0,1,78,60,0.23076923076923078,0.46153846153846156,,,0.6,0.6,0.6,0.0,0.6,0.0,2.6,1.2,0.2,0.0,0.0,0.0,0.0,0.0,1.2,1.0,0.0,0.0,0.0,0.0,0.0,0.0,0.2,0.2,0.2,15.6,12.0
000298,Justin Guterding,M,Midfield,last_5,5,2023-07-09,2023-08-26,ARC|CAN|OUT|RED|WAT,ATL,1,0,0,0,0,1,7,4,1,0,0,0,0,0.0,4,1,0,0,0,0,0,0,0,0.0,9,50,42,0.0,0.5714285714285714,,,0.2,0.0,0.0,0.0,0.0,0.2,1.4,0.8,0.2,0.0,0.0,0.0,0.0,0.0,0.8,0.2,0.0,0.0,0.0,0.0,0.0,0.0,0.0,0.0,1.8,10.0,8.4
000302,Michael Manley,D,Defense,last_5,5,2025-07-27,2026-05-30,ARC|ATL|CHA|RED,OUT,3,2,0,1,1,1,4,1,2,0,0,0,0,0.0,9,1,2,0,0,0,0,0,0,0.0,2,44,39,0.25,0.25,,,0.6,0.4,0.0,0.2,0.2,0.2,0.8,0.2,0.4,0.0,0.0,0.0,0.0,0.0,1.8,0.2,0.4,0.0,0.0,0.0,0.0,0.0,0.0,0.0,0.4,8.8,7.8
000305,Romar Dennis,M,Midfield,last_5,5,2025-07-26,2026-05-16,ARC|CAN|OUT|WHP,RED,2,2,0,1,1,0,22,10,13,0,0,0,0,0.0,4,1,1,0,0,0,0,0,0,0.0,3,71,48,0.045454545454545456,0.45454545454545453,,,0.4,0.4,0.0,0.2,0.2,0.0,4.4,2.0,2.6,0.0,0.0,0.0,0.0,0.0,0.8,0.2,0.2,0.0,0.0,0.0,0.0,0.0,0.0,0.0,0.6,14.2,9.6
000308,Will Haus,SSDM,Defensive Midfield,last_5,5,2024-07-27,2024-08-18,ARC|CAN|CHA|RED|WHP,OUT,2,0,0,0,0,2,0,0,0,0,0,0,0,0.0,2,2,2,0,2,2,0,0,2,1.0,3,19,17,,,0.0,,0.4,0.0,0.0,0.0,0.0,0.4,0.0,0.0,0.0,0.0,0.0,0.0,0.0,0.0,0.4,0.4,0.4,0.0,0.4,0.4,0.0,0.0,0.4,0.2,0.6,3.8,3.4
000310,Brent Adams,M,Midfield,last_5,1,2022-06-11,2022-06-11,CAN,ATL,0,0,0,0,0,0,2,0,0,0,0,0,0,0.0,0,0,0,0,0,0,0,0,0,0.0,0,7,5,0.0,0.0,,,0.0,0.0,0.0,0.0,0.0,0.0,2.0,0.0,0.0,0.0,0.0,0.0,0.0,0.0,0.0,0.0,0.0,0.0,0.0,0.0,0.0,0.0,0.0,0.0,0.0,7.0,5.0
000314,Eddy Glazener,D,Defense,last_5,5,2023-07-30,2023-08-26,ATL|CAN|CHA|OUT,RED,1,1,1,0,1,0,4,2,2,0,0,0,0,0.0,5,1,3,0,0,0,0,0,0,0.0,0,48,43,0.25,0.5,,,0.2,0.2,0.2,0.0,0.2,0.0,0.8,0.4,0.4,0.0,0.0,0.0,0.0,0.0,1.0,0.2,0.6,0.0,0.0,0.0,0.0,0.0,0.0,0.0,0.0,9.6,8.6
000315,Garrett Epple,D,Defense,last_5,5,2025-07-11,2025-08-09,ATL|OUT|RED|WAT|WHP,CAN,0,0,0,0,0,0,0,0,0,0,0,0,0,0.0,6,1,4,0,0,0,0,0,1,1.0,0,34,33,,,,,0.0,0.0,0.0,0.0,0.0,0.0,0.0,0.0,0.0,0.0,0.0,0.0,0.0,0.0,1.2,0.2,0.8,0.0,0.0,0.0,0.0,0.0,0.2,0.2,0.0,6.8,6.6
000318,Jack Kelly,G,Goalie,last_5,5,2024-07-27,2024-08-17,ARC|CHA|OUT|WAT|WHP,RED,0,0,0,0,0,0,0,0,0,55,18,37,59,81.67377,4,2,3,0,0,0,53,6,0,0.0,0,63,61,,,,0.6734108147572959,0.0,0.0,0.0,0.0,0.0,0.0,0.0,0.0,0.0,11.0,3.6,7.4,11.8,16.334754,0.8,0.4,0.6,0.0,0.0,0.0,10.6,1.2,0.0,0.0,0.0,12.6,12.2
000319,Jack Near,SSDM,Defensive Midfield,last_5,5,2022-06-18,2022-08-20,CAN|CHA|OUT|WAT|WHP,RED,0,0,0,0,0,0,0,0,0,0,0,0,0,0.0,6,0,0,0,0,0,0,0,0,0.0,1,34,34,,,,,0.0,0.0,0.0,0.0,0.0,0.0,0.0,0.0,0.0,0.0,0.0,0.0,0.0,0.0,1.2,0.0,0.0,0.0,0.0,0.0,0.0,0.0,0.0,0.0,0.2,6.8,6.8
000322,John Sexton,LSM,Long Stick Midfield,last_5,5,2023-07-09,2023-08-13,ARC|CAN|CHA,RED,0,0,0,0,0,0,2,1,2,0,0,0,0,0.0,6,2,4,0,1,1,0,0,3,2.5,2,18,14,0.0,0.5,0.0,,0.0,0.0,0.0,0.0,0.0,0.0,0.4,0.2,0.4,0.0,0.0,0.0,0.0,0.0,1.2,0.4,0.8,0.0,0.2,0.2,0.0,0.0,0.6,0.5,0.4,3.6,2.8
000327,Matt Kavanagh,A,Attack,last_5,5,2024-06-08,2024-07-20,ATL|RED|WAT|WHP,CAN,8,5,3,1,4,3,25,10,2,0,0,0,0,0.0,7,9,1,0,0,0,0,0,0,0.0,10,130,96,0.16,0.4,,,1.6,1.0,0.6,0.2,0.8,0.6,5.0,2.0,0.4,0.0,0.0,0.0,0.0,0.0,1.4,1.8,0.2,0.0,0.0,0.0,0.0,0.0,0.0,0.0,2.0,26.0,19.2
000331,Patrick Harbeson,SSDM,Defensive Midfield,last_5,3,2022-07-01,2022-07-31,ARC|ATL|CHA,RED,1,0,0,0,0,1,1,1,0,0,0,0,0,0.0,2,0,0,0,0,0,0,0,0,0.0,1,23,22,0.0,1.0,,,0.3333333333333333,0.0,0.0,0.0,0.0,0.3333333333333333,0.3333333333333333,0.3333333333333333,0.0,0.0,0.0,0.0,0.0,0.0,0.6666666666666666,0.0,0.0,0.0,0.0,0.0,0.0,0.0,0.0,0.0,0.3333333333333333,7.666666666666667,7.333333333333333
000333,Sergio Perkovic,M,Midfield,last_5,5,2025-07-12,2025-08-09,ARC|OUT|RED|WAT,CHA,3,2,2,0,2,1,22,11,7,0,0,0,0,0.0,1,6,0,0,0,0,0,0,1,1.0,4,97,69,0.09090909090909091,0.5,,,0.6,0.4,0.4,0.0,0.4,0.2,4.4,2.2,1.4,0.0,0.0,0.0,0.0,0.0,0.2,1.2,0.0,0.0,0.0,0.0,0.0,0.0,0.2,0.2,0.8,19.4,13.8
000337,Bryce Young,D,Defense,last_5,5,2025-07-11,2025-08-09,ATL|OUT|RED|WAT|WHP,CAN,0,0,0,0,0,0,0,0,0,0,0,0,0,0.0,6,2,2,0,0,0,0,0,1,2.0,0,22,20,,,,,0.0,0.0,0.0,0.0,0.0,0.0,0.0,0.0,0.0,0.0,0.0,0.0,0.0,0.0,1.2,0.4,0.4,0.0,0.0,0.0,0.0,0.0,0.2,0.4,0.0,4.4,4.0
000339,Connor Kelly,M,Midfield,last_5,5,2025-08-02,2026-05-31,ATL|CAN|CHA|WHP,WAT,11,11,3,4,7,0,36,17,18,0,0,0,0,0.0,1,7,2,0,0,0,0,0,1,0.5,3,152,109,0.19444444444444445,0.4722222222222222,,,2.2,2.2,0.6,0.8,1.4,0.0,7.2,3.4,3.6,0.0,0.0,0.0,0.0,0.0,0.2,1.4,0.4,0.0,0.0,0.0,0.0,0.0,0.2,0.1,0.6,30.4,21.8
000345,Jake Bernhardt,SSDM,Defensive Midfield,last_5,5,2025-07-26,2026-05-16,ATL|CAN|RED|WAT,WHP,2,2,0,1,1,0,4,2,2,0,0,0,0,0.0,3,4,2,0,10,10,0,0,1,0.5,0,30,22,0.25,0.5,0.0,,0.4,0.4,0.0,0.2,0.2,0.0,0.8,0.4,0.4,0.0,0.0,0.0,0.0,0.0,0.6,0.8,0.4,0.0,2.0,2.0,0.0,0.0,0.2,0.1,0.0,6.0,4.4
000346,Jay Carlson,A,Attack,last_5,5,2022-06-18,2022-08-21,ARC|ATL|CAN|RED,WHP,7,4,4,0,4,3,17,11,0,0,0,0,0,0.0,6,8,6,0,0,0,0,0,0,0.0,5,61,36,0.23529411764705882,0.6470588235294118,,,1.4,0.8,0.8,0.0,0.8,0.6,3.4,2.2,0.0,0.0,0.0,0.0,0.0,0.0,1.2,1.6,1.2,0.0,0.0,0.0,0.0,0.0,0.0,0.0,1.0,12.2,7.2
000350,Joseph Nardella,FO,Faceoff,last_5,5,2025-07-13,2025-08-09,ATL|CAN|OUT|RED|WAT,WHP,2,2,2,0,2,0,3,2,0,0,0,0,0,0.0,25,2,1,68,45,114,0,0,1,0.5,0,38,33,0.6666666666666666,0.6666666666666666,0.5964912280701754,,0.4,0.4,0.4,0.0,0.4,0.0,0.6,0.4,0.0,0.0,0.0,0.0,0.0,0.0,5.0,0.4,0.2,13.6,9.0,22.8,0.0,0.0,0.2,0.1,0.0,7.6,6.6
000351,Jules Heningburg,M,Midfield,last_5,5,2024-08-17,2025-08-09,CAN|OUT|RED|WAT|WHP,CAN|CHA,5,3,1,1,2,2,16,7,2,0,0,0,0,0.0,1,6,0,0,0,0,0,0,0,0.0,5,70,48,0.125,0.4375,,,1.0,0.6,0.2,0.2,0.4,0.4,3.2,1.4,0.4,0.0,0.0,0.0,0.0,0.0,0.2,1.2,0.0,0.0,0.0,0.0,0.0,0.0,0.0,0.0,1.0,14.0,9.6
000353,Kyle Bernlohr,G,Goalie,last_5,5,2023-07-14,2024-08-03,ARC|ATL|CAN|WAT,WHP,0,0,0,0,0,0,0,0,0,18,6,12,26,88.43057999999999,8,2,0,0,0,0,24,2,0,0.0,0,27,25,,,,0.2035494961132224,0.0,0.0,0.0,0.0,0.0,0.0,0.0,0.0,0.0,3.6,1.2,2.4,5.2,17.686116,1.6,0.4,0.0,0.0,0.0,0.0,4.8,0.4,0.0,0.0,0.0,5.4,5.0
000354,Matt Rambo,A,Attack,last_5,5,2025-06-14,2026-05-09,ATL|CAN|WAT,WHP,4,0,0,0,0,4,11,6,0,0,0,0,0,0.0,4,7,0,0,0,0,0,0,0,0.0,9,59,41,0.0,0.5454545454545454,,,0.8,0.0,0.0,0.0,0.0,0.8,2.2,1.2,0.0,0.0,0.0,0.0,0.0,0.0,0.8,1.4,0.0,0.0,0.0,0.0,0.0,0.0,0.0,0.0,1.8,11.8,8.2
000355,Matthew Dunn,D,Defense,last_5,5,2025-08-03,2026-05-30,ARC|ATL|CAN|RED,WHP,0,0,0,0,0,0,1,0,1,0,0,0,0,0.0,3,0,2,0,0,0,0,0,2,2.0,2,43,42,0.0,0.0,,,0.0,0.0,0.0,0.0,0.0,0.0,0.2,0.0,0.2,0.0,0.0,0.0,0.0,0.0,0.6,0.0,0.4,0.0,0.0,0.0,0.0,0.0,0.4,0.4,0.4,8.6,8.4
000356,Michael Ehrhardt,LSM,Long Stick Midfield,last_5,5,2023-07-30,2023-08-26,ARC|CAN|CHA|OUT,WHP,8,6,4,1,5,2,16,7,9,0,0,0,0,0.0,6,2,3,0,0,0,0,0,2,1.5,6,47,29,0.3125,0.4375,,,1.6,1.2,0.8,0.2,1.0,0.4,3.2,1.4,1.8,0.0,0.0,0.0,0.0,0.0,1.2,0.4,0.6,0.0,0.0,0.0,0.0,0.0,0.4,0.3,1.2,9.4,5.8
000357,Mike Chanenchuk,M,Midfield,last_5,5,2024-07-20,2024-08-10,CAN|CHA|OUT|RED|WAT,WHP,3,2,2,0,2,1,21,11,3,0,0,0,0,0.0,6,5,1,0,0,0,0,0,0,0.0,2,113,87,0.09523809523809523,0.5238095238095238,,,0.6,0.4,0.4,0.0,0.4,0.2,4.2,2.2,0.6,0.0,0.0,0.0,0.0,0.0,1.2,1.0,0.2,0.0,0.0,0.0,0.0,0.0,0.0,0.0,0.4,22.6,17.4
000358,Ryan Drenner,M,Midfield,last_5,5,2025-07-11,2025-08-09,ATL|OUT|RED|WAT|WHP,CAN,10,8,8,0,8,2,18,11,1,0,0,0,0,0.0,0,4,2,0,0,0,0,0,0,0.0,4,104,82,0.4444444444444444,0.6111111111111112,,,2.0,1.6,1.6,0.0,1.6,0.4,3.6,2.2,0.2,0.0,0.0,0.0,0.0,0.0,0.0,0.8,0.4,0.0,0.0,0.0,0.0,0.0,0.0,0.0,0.8,20.8,16.4
000359,Tim Muller,D,Defense,last_5,5,2025-08-09,2026-05-30,ARC|ATL|CAN|WAT,WHP,0,0,0,0,0,0,0,0,0,0,0,0,0,0.0,8,1,2,0,0,0,0,0,1,0.5,0,45,44,,,,,0.0,0.0,0.0,0.0,0.0,0.0,0.0,0.0,0.0,0.0,0.0,0.0,0.0,0.0,1.6,0.2,0.4,0.0,0.0,0.0,0.0,0.0,0.2,0.1,0.0,9.0,8.8
000361,Tyler Warner,SSDM,Defensive Midfield,last_5,5,2023-07-30,2023-08-26,ARC|CAN|CHA|OUT,WHP,0,0,0,0,0,0,3,0,2,0,0,0,0,0.0,4,1,0,0,0,0,0,0,1,0.5,0,19,15,0.0,0.0,,,0.0,0.0,0.0,0.0,0.0,0.0,0.6,0.0,0.4,0.0,0.0,0.0,0.0,0.0,0.8,0.2,0.0,0.0,0.0,0.0,0.0,0.0,0.2,0.1,0.0,3.8,3.0
000363,Ryan Conrad,M,Midfield,last_5,5,2024-06-30,2024-08-10,ATL|CAN|CHA|OUT|WHP,WAT|WHP,5,4,4,0,4,1,25,11,1,0,0,0,0,0.0,7,9,0,0,0,0,0,0,0,0.0,2,95,61,0.16,0.44,,,1.0,0.8,0.8,0.0,0.8,0.2,5.0,2.2,0.2,0.0,0.0,0.0,0.0,0.0,1.4,1.8,0.0,0.0,0.0,0.0,0.0,0.0,0.0,0.0,0.4,19.0,12.2
000365,Jack Rowlett,D,Defense,last_5,5,2025-07-26,2026-05-15,ARC|ATL|CAN|OUT|WAT,CHA,0,0,0,0,0,0,1,1,1,0,0,0,0,0.0,5,2,2,0,0,0,0,0,1,1.0,0,30,27,0.0,1.0,,,0.0,0.0,0.0,0.0,0.0,0.0,0.2,0.2,0.2,0.0,0.0,0.0,0.0,0.0,1.0,0.4,0.4,0.0,0.0,0.0,0.0,0.0,0.2,0.2,0.0,6.0,5.4
000366,Connor Farrell,FO,Faceoff,last_5,5,2023-08-20,2026-05-31,CAN|CHA|RED|WHP,OUT|WAT,0,0,0,0,0,0,0,0,0,0,0,0,0,0.0,34,4,1,52,56,109,0,0,1,2.0,0,25,21,,,0.47706422018348627,,0.0,0.0,0.0,0.0,0.0,0.0,0.0,0.0,0.0,0.0,0.0,0.0,0.0,0.0,6.8,0.8,0.2,10.4,11.2,21.8,0.0,0.0,0.2,0.4,0.0,5.0,4.2
000368,Chris Sabia,LSM,Long Stick Midfield,last_5,5,2024-07-19,2024-08-17,ATL|OUT|RED|WHP,WAT,0,0,0,0,0,0,3,2,1,0,0,0,0,0.0,10,1,3,0,0,0,0,0,2,2.0,0,20,16,0.0,0.6666666666666666,,,0.0,0.0,0.0,0.0,0.0,0.0,0.6,0.4,0.2,0.0,0.0,0.0,0.0,0.0,2.0,0.2,0.6,0.0,0.0,0.0,0.0,0.0,0.4,0.4,0.0,4.0,3.2
000369,Clarke Petterson,A,Attack,last_5,1,2022-08-21,2022-08-21,CHA,ATL,2,1,1,0,1,1,3,1,0,0,0,0,0,0.0,1,0,0,0,0,0,0,0,0,0.0,1,9,6,0.3333333333333333,0.3333333333333333,,,2.0,1.0,1.0,0.0,1.0,1.0,3.0,1.0,0.0,0.0,0.0,0.0,0.0,0.0,1.0,0.0,0.0,0.0,0.0,0.0,0.0,0.0,0.0,0.0,1.0,9.0,6.0
000370,Tim Troutner,G,Goalie,last_5,5,2024-06-01,2024-06-28,CAN|CHA|RED|WHP,ATL,0,0,0,0,0,0,2,1,2,61,24,37,66,69.92,13,2,3,0,0,0,59,7,0,0.0,2,86,82,0.0,0.5,,0.8724256292906178,0.0,0.0,0.0,0.0,0.0,0.0,0.4,0.2,0.4,12.2,4.8,7.4,13.2,13.984,2.6,0.4,0.6,0.0,0.0,0.0,11.8,1.4,0.0,0.0,0.4,17.2,16.4
000373,Ryder Garnsey,A,Attack,last_5,5,2025-07-12,2025-08-08,ARC|ATL|CAN|CHA|WHP,RED,13,9,9,0,9,4,26,19,4,0,0,0,0,0.0,8,6,0,0,0,0,0,0,0,0.0,11,162,130,0.34615384615384615,0.7307692307692307,,,2.6,1.8,1.8,0.0,1.8,0.8,5.2,3.8,0.8,0.0,0.0,0.0,0.0,0.0,1.6,1.2,0.0,0.0,0.0,0.0,0.0,0.0,0.0,0.0,2.2,32.4,26.0
000376,Cade van Raaphorst,D,Defense,last_5,5,2024-07-06,2024-08-17,ATL|CHA|OUT|WAT|WHP,CAN,0,0,0,0,0,0,6,1,6,0,0,0,0,0.0,8,1,0,0,0,0,0,0,1,1.0,0,35,28,0.0,0.16666666666666666,,,0.0,0.0,0.0,0.0,0.0,0.0,1.2,0.2,1.2,0.0,0.0,0.0,0.0,0.0,1.6,0.2,0.0,0.0,0.0,0.0,0.0,0.0,0.2,0.2,0.0,7.0,5.6
000377,Johnny Surdick,D,Defense,last_5,2,2023-06-17,2023-07-09,ARC|RED,CHA,1,0,0,0,0,1,0,0,0,0,0,0,0,0.0,5,0,1,0,0,0,0,0,0,0.0,1,6,6,,,,,0.5,0.0,0.0,0.0,0.0,0.5,0.0,0.0,0.0,0.0,0.0,0.0,0.0,0.0,2.5,0.0,0.5,0.0,0.0,0.0,0.0,0.0,0.0,0.0,0.5,3.0,3.0
000385,Wes Berg,A,Attack,last_5,5,2024-07-27,2024-08-17,ARC|CHA|OUT|WAT|WHP,RED,4,4,4,0,4,0,14,9,0,0,0,0,0,0.0,3,5,1,0,0,0,0,0,2,1.5,2,59,40,0.2857142857142857,0.6428571428571429,,,0.8,0.8,0.8,0.0,0.8,0.0,2.8,1.8,0.0,0.0,0.0,0.0,0.0,0.0,0.6,1.0,0.2,0.0,0.0,0.0,0.0,0.0,0.4,0.3,0.4,11.8,8.0
000390,Brad Smith,M,Midfield,last_5,5,2025-07-26,2026-05-16,ATL|CAN|RED|WAT,WHP,3,3,1,1,2,0,20,8,11,0,0,0,0,0.0,7,9,1,0,0,0,0,0,1,1.0,0,87,58,0.1,0.4,,,0.6,0.6,0.2,0.2,0.4,0.0,4.0,1.6,2.2,0.0,0.0,0.0,0.0,0.0,1.4,1.8,0.2,0.0,0.0,0.0,0.0,0.0,0.2,0.2,0.0,17.4,11.6
000391,Grant Ament,M,Midfield,last_5,5,2025-06-28,2025-08-09,ATL|CHA|RED|WAT,ARC,9,3,3,0,3,6,23,9,1,0,0,0,0,0.0,1,12,1,0,0,0,0,0,0,0.0,16,136,101,0.13043478260869565,0.391304347826087,,,1.8,0.6,0.6,0.0,0.6,1.2,4.6,1.8,0.2,0.0,0.0,0.0,0.0,0.0,0.2,2.4,0.2,0.0,0.0,0.0,0.0,0.0,0.0,0.0,3.2,27.2,20.2
000395,Bryan Costabile,M,Midfield,last_5,5,2025-08-02,2026-05-30,CHA|OUT|WAT|WHP,ATL,18,14,8,3,11,4,31,22,12,0,0,0,0,0.0,6,10,1,0,0,0,0,0,0,0.0,10,136,95,0.3548387096774194,0.7096774193548387,,,3.6,2.8,1.6,0.6,2.2,0.8,6.2,4.4,2.4,0.0,0.0,0.0,0.0,0.0,1.2,2.0,0.2,0.0,0.0,0.0,0.0,0.0,0.0,0.0,2.0,27.2,19.0
000397,Reece Eddy,LSM,Long Stick Midfield,last_5,1,2023-06-03,2023-06-03,CAN,ARC,0,0,0,0,0,0,0,0,0,0,0,0,0,0.0,0,0,1,0,0,0,0,0,1,0.5,0,2,2,,,,,0.0,0.0,0.0,0.0,0.0,0.0,0.0,0.0,0.0,0.0,0.0,0.0,0.0,0.0,0.0,0.0,1.0,0.0,0.0,0.0,0.0,0.0,1.0,0.5,0.0,2.0,2.0
000405,Jesse Bernhardt,D,Defense,last_5,5,2025-07-13,2025-08-02,ARC|ATL|CAN|CHA|WHP,OUT,0,0,0,0,0,0,1,0,1,0,0,0,0,0.0,8,1,3,0,0,0,0,0,0,0.0,0,36,34,0.0,0.0,,,0.0,0.0,0.0,0.0,0.0,0.0,0.2,0.0,0.2,0.0,0.0,0.0,0.0,0.0,1.6,0.2,0.6,0.0,0.0,0.0,0.0,0.0,0.0,0.0,0.0,7.2,6.8
000406,Craig Chick,LSM,Long Stick Midfield,last_5,5,2024-06-01,2024-07-05,ARC|ATL|RED|WAT|WHP,CAN,0,0,0,0,0,0,0,0,0,0,0,0,0,0.0,9,2,1,0,0,0,0,0,0,0.0,0,14,12,,,,,0.0,0.0,0.0,0.0,0.0,0.0,0.0,0.0,0.0,0.0,0.0,0.0,0.0,0.0,1.8,0.4,0.2,0.0,0.0,0.0,0.0,0.0,0.0,0.0,0.0,2.8,2.4
000408,Matt DeLuca,G,Goalie,last_5,5,2025-07-26,2026-05-31,CAN|CHA|WHP,WAT,0,0,0,0,0,0,2,0,2,55,15,40,61,73.62668,9,1,0,0,0,0,54,7,0,0.0,0,59,56,0.0,0.0,,0.7470118169120217,0.0,0.0,0.0,0.0,0.0,0.0,0.4,0.0,0.4,11.0,3.0,8.0,12.2,14.725335999999999,1.8,0.2,0.0,0.0,0.0,0.0,10.8,1.4,0.0,0.0,0.0,11.8,11.2
000409,Zach Currier,M,Midfield,last_5,5,2025-07-26,2026-05-31,ATL|CAN|CHA,WAT,3,1,1,0,1,2,10,7,1,0,0,0,0,0.0,30,2,3,3,6,9,0,0,1,1.0,5,96,84,0.1,0.7,0.3333333333333333,,0.6,0.2,0.2,0.0,0.2,0.4,2.0,1.4,0.2,0.0,0.0,0.0,0.0,0.0,6.0,0.4,0.6,0.6,1.2,1.8,0.0,0.0,0.2,0.2,1.0,19.2,16.8
000410,Eli Gobrecht,D,Defense,last_5,5,2025-06-14,2026-05-30,ATL|CAN|OUT,ATL|WAT,0,0,0,0,0,0,0,0,0,0,0,0,0,0.0,4,1,1,0,0,0,0,0,1,1.0,1,12,11,,,,,0.0,0.0,0.0,0.0,0.0,0.0,0.0,0.0,0.0,0.0,0.0,0.0,0.0,0.0,0.8,0.2,0.2,0.0,0.0,0.0,0.0,0.0,0.2,0.2,0.2,2.4,2.2
000411,Christian Mazzone,M,Midfield,last_5,1,2022-06-05,2022-06-05,CAN,WAT,0,0,0,0,0,0,0,0,0,0,0,0,0,0.0,3,0,0,0,0,0,0,0,0,0.0,2,6,6,,,,,0.0,0.0,0.0,0.0,0.0,0.0,0.0,0.0,0.0,0.0,0.0,0.0,0.0,0.0,3.0,0.0,0.0,0.0,0.0,0.0,0.0,0.0,0.0,0.0,2.0,6.0,6.0
000414,Rob Pannell,A,Attack,last_5,5,2025-08-09,2026-05-30,ARC|ATL|CAN|WAT,WHP,13,6,6,0,6,7,27,14,0,0,0,0,0,0.0,7,8,2,0,0,0,0,0,0,0.0,16,152,117,0.2222222222222222,0.5185185185185185,,,2.6,1.2,1.2,0.0,1.2,1.4,5.4,2.8,0.0,0.0,0.0,0.0,0.0,0.0,1.4,1.6,0.4,0.0,0.0,0.0,0.0,0.0,0.0,0.0,3.2,30.4,23.4
000416,Ryland Rees,LSM,Long Stick Midfield,last_5,5,2024-08-10,2025-08-08,ATL|CAN|OUT|RED|WHP,RED|WAT,2,2,0,1,1,0,3,1,2,0,0,0,0,0.0,7,3,1,0,0,0,0,0,0,0.0,1,19,13,0.3333333333333333,0.3333333333333333,,,0.4,0.4,0.0,0.2,0.2,0.0,0.6,0.2,0.4,0.0,0.0,0.0,0.0,0.0,1.4,0.6,0.2,0.0,0.0,0.0,0.0,0.0,0.0,0.0,0.2,3.8,2.6
000417,Finn Sullivan,D,Defense,last_5,5,2022-07-01,2023-06-10,ARC|CHA|OUT|WAT,CAN|RED,0,0,0,0,0,0,0,0,0,0,0,0,0,0.0,6,3,4,0,0,0,0,0,0,0.0,0,23,20,,,,,0.0,0.0,0.0,0.0,0.0,0.0,0.0,0.0,0.0,0.0,0.0,0.0,0.0,0.0,1.2,0.6,0.8,0.0,0.0,0.0,0.0,0.0,0.0,0.0,0.0,4.6,4.0
000418,Dillon Ward,G,Goalie,last_5,5,2025-07-12,2026-05-16,ARC|ATL|CHA|OUT,RED|WAT,0,0,0,0,0,0,0,0,0,47,19,28,53,58.751419999999996,13,1,2,0,0,0,51,2,0,0.0,0,56,55,,,,0.7999806642971353,0.0,0.0,0.0,0.0,0.0,0.0,0.0,0.0,0.0,9.4,3.8,5.6,10.6,11.750283999999999,2.6,0.2,0.4,0.0,0.0,0.0,10.2,0.4,0.0,0.0,0.0,11.2,11.0
000419,Zed Williams,A,Attack,last_5,5,2024-08-03,2026-05-17,CAN|OUT|WAT|WHP,WAT|WHP,12,12,10,1,11,0,31,20,3,0,0,0,0,0.0,8,6,0,0,0,0,0,0,0,0.0,4,104,67,0.3548387096774194,0.6451612903225806,,,2.4,2.4,2.0,0.2,2.2,0.0,6.2,4.0,0.6,0.0,0.0,0.0,0.0,0.0,1.6,1.2,0.0,0.0,0.0,0.0,0.0,0.0,0.0,0.0,0.8,20.8,13.4
000422,Eli Salama,LSM,Long Stick Midfield,last_5,5,2023-07-29,2023-08-27,ARC|ATL|CHA|RED|WHP,OUT,2,2,0,1,1,0,4,1,2,0,0,0,0,0.0,5,5,3,0,28,28,0,0,3,3.0,0,17,8,0.25,0.25,0.0,,0.4,0.4,0.0,0.2,0.2,0.0,0.8,0.2,0.4,0.0,0.0,0.0,0.0,0.0,1.0,1.0,0.6,0.0,5.6,5.6,0.0,0.0,0.6,0.6,0.0,3.4,1.6
000424,Jake Pulver,D,Defense,last_5,5,2023-08-19,2024-08-17,ATL|CHA|WAT|WHP,CAN,0,0,0,0,0,0,0,0,0,0,0,0,0,0.0,5,0,2,0,4,4,0,0,0,0.0,0,13,13,,,0.0,,0.0,0.0,0.0,0.0,0.0,0.0,0.0,0.0,0.0,0.0,0.0,0.0,0.0,0.0,1.0,0.0,0.4,0.0,0.8,0.8,0.0,0.0,0.0,0.0,0.0,2.6,2.6
000425,Jesse King,M,Midfield,last_5,5,2023-07-29,2023-08-27,ARC|ATL|CHA|RED|WHP,OUT,7,2,2,0,2,5,11,8,1,0,0,0,0,0.0,2,7,1,0,0,0,0,0,1,0.5,17,83,65,0.18181818181818182,0.7272727272727273,,,1.4,0.4,0.4,0.0,0.4,1.0,2.2,1.6,0.2,0.0,0.0,0.0,0.0,0.0,0.4,1.4,0.2,0.0,0.0,0.0,0.0,0.0,0.2,0.1,3.4,16.6,13.0
000427,Jake Withers,FO,Faceoff,last_5,5,2022-06-12,2022-08-21,ARC|CAN|OUT|RED|WHP,WAT,1,1,1,0,1,0,3,1,0,0,0,0,0,0.0,20,2,1,55,61,118,0,0,1,0.5,2,20,15,0.3333333333333333,0.3333333333333333,0.4661016949152542,,0.2,0.2,0.2,0.0,0.2,0.0,0.6,0.2,0.0,0.0,0.0,0.0,0.0,0.0,4.0,0.4,0.2,11.0,12.2,23.6,0.0,0.0,0.2,0.1,0.4,4.0,3.0
000434,Matt Abbott,SSDM,Defensive Midfield,last_5,5,2022-06-25,2022-08-06,ARC|CHA|OUT|RED|WAT,CAN,0,0,0,0,0,0,3,1,1,0,0,0,0,0.0,9,1,1,0,0,0,0,0,1,0.5,1,32,28,0.0,0.3333333333333333,,,0.0,0.0,0.0,0.0,0.0,0.0,0.6,0.2,0.2,0.0,0.0,0.0,0.0,0.0,1.8,0.2,0.2,0.0,0.0,0.0,0.0,0.0,0.2,0.1,0.2,6.4,5.6
000614,Brian Phipps,G,Goalie,last_5,1,2023-07-14,2023-07-14,WAT,WHP,0,0,0,0,0,0,0,0,0,9,2,7,13,19.97866,0,0,0,0,0,0,12,1,0,0.0,1,9,9,,,,0.45048066286727934,0.0,0.0,0.0,0.0,0.0,0.0,0.0,0.0,0.0,9.0,2.0,7.0,13.0,19.97866,0.0,0.0,0.0,0.0,0.0,0.0,12.0,1.0,0.0,0.0,1.0,9.0,9.0
000700,Tommy Palasek,A,Attack,last_5,2,2022-06-04,2022-06-18,RED|WHP,CHA,2,0,0,0,0,2,3,2,0,0,0,0,0,0.0,1,4,0,0,0,0,0,0,0,0.0,4,52,45,0.0,0.6666666666666666,,,1.0,0.0,0.0,0.0,0.0,1.0,1.5,1.0,0.0,0.0,0.0,0.0,0.0,0.0,0.5,2.0,0.0,0.0,0.0,0.0,0.0,0.0,0.0,0.0,2.0,26.0,22.5
000727,CJ Costabile,LSM,Long Stick Midfield,last_5,5,2024-06-02,2024-08-10,ARC|OUT|RED|WHP,CHA,0,0,0,0,0,0,5,2,4,0,0,0,0,0.0,12,2,5,0,0,0,0,0,0,0.0,0,26,19,0.0,0.4,,,0.0,0.0,0.0,0.0,0.0,0.0,1.0,0.4,0.8,0.0,0.0,0.0,0.0,0.0,2.4,0.4,1.0,0.0,0.0,0.0,0.0,0.0,0.0,0.0,0.0,5.2,3.8
000815,Austin Kaut,G,Goalie,last_5,5,2024-08-17,2026-05-15,ATL|CAN|RED|WHP,CHA,0,0,0,0,0,0,1,0,1,35,13,22,33,54.87726,3,3,0,0,0,0,29,4,0,0.0,0,45,41,0.0,0.0,,0.6377869449021325,0.0,0.0,0.0,0.0,0.0,0.0,0.2,0.0,0.2,7.0,2.6,4.4,6.6,10.975452,0.6,0.6,0.0,0.0,0.0,0.0,5.8,0.8,0.0,0.0,0.0,9.0,8.2
000823,Mark Cockerton,A,Attack,last_5,4,2022-07-31,2023-08-19,CAN|RED|WAT|WHP,ATL|CAN,6,6,6,0,6,0,27,12,0,0,0,0,0,0.0,0,4,0,0,0,0,0,0,0,0.0,2,66,35,0.2222222222222222,0.4444444444444444,,,1.5,1.5,1.5,0.0,1.5,0.0,6.75,3.0,0.0,0.0,0.0,0.0,0.0,0.0,0.0,1.0,0.0,0.0,0.0,0.0,0.0,0.0,0.0,0.0,0.5,16.5,8.75
000886,Lyle Thompson,A,Attack,last_5,5,2022-07-24,2022-08-21,ARC|OUT|RED|WAT|WHP,CAN,26,14,14,0,14,12,41,25,0,0,0,0,0,0.0,19,16,5,0,0,0,0,0,1,0.5,36,174,117,0.34146341463414637,0.6097560975609756,,,5.2,2.8,2.8,0.0,2.8,2.4,8.2,5.0,0.0,0.0,0.0,0.0,0.0,0.0,3.8,3.2,1.0,0.0,0.0,0.0,0.0,0.0,0.2,0.1,7.2,34.8,23.4
000921,Challen Rogers,M,Midfield,last_5,5,2023-08-05,2024-06-29,ATL|CAN|OUT|WAT|WHP,ARC,2,1,1,0,1,1,8,5,1,0,0,0,0,0.0,3,5,0,0,0,0,0,0,2,1.5,6,53,40,0.125,0.625,,,0.4,0.2,0.2,0.0,0.2,0.2,1.6,1.0,0.2,0.0,0.0,0.0,0.0,0.0,0.6,1.0,0.0,0.0,0.0,0.0,0.0,0.0,0.4,0.3,1.2,10.6,8.0
000922,Graeme Hossack,D,Defense,last_5,5,2025-07-12,2025-08-09,CHA|OUT|RED|WAT,ARC,0,0,0,0,0,0,3,1,2,0,0,0,0,0.0,11,1,5,0,0,0,0,0,1,1.0,0,33,29,0.0,0.3333333333333333,,,0.0,0.0,0.0,0.0,0.0,0.0,0.6,0.2,0.4,0.0,0.0,0.0,0.0,0.0,2.2,0.2,1.0,0.0,0.0,0.0,0.0,0.0,0.2,0.2,0.0,6.6,5.8
000925,Liam Byrnes,D,Defense,last_5,5,2024-06-30,2026-05-31,ATL|CAN|CHA|WAT,CHA|WAT,0,0,0,0,0,0,0,0,0,0,0,0,0,0.0,9,3,3,0,0,0,0,0,0,0.0,1,34,31,,,,,0.0,0.0,0.0,0.0,0.0,0.0,0.0,0.0,0.0,0.0,0.0,0.0,0.0,0.0,1.8,0.6,0.6,0.0,0.0,0.0,0.0,0.0,0.0,0.0,0.2,6.8,6.2
000929,Matthew Hossack,LSM,Long Stick Midfield,last_5,2,2022-06-17,2022-08-21,ARC|OUT,WAT,0,0,0,0,0,0,1,1,1,0,0,0,0,0.0,2,0,2,0,3,3,0,0,0,0.0,0,6,5,0.0,1.0,0.0,,0.0,0.0,0.0,0.0,0.0,0.0,0.5,0.5,0.5,0.0,0.0,0.0,0.0,0.0,1.0,0.0,1.0,0.0,1.5,1.5,0.0,0.0,0.0,0.0,0.0,3.0,2.5
000946,Bryan Cole,M,Midfield,last_5,5,2022-06-24,2022-08-06,ARC|CHA|OUT|RED|WAT,WHP,8,3,3,0,3,5,13,8,0,0,0,0,0,0.0,3,6,0,0,0,0,0,0,1,1.0,14,112,93,0.23076923076923078,0.6153846153846154,,,1.6,0.6,0.6,0.0,0.6,1.0,2.6,1.6,0.0,0.0,0.0,0.0,0.0,0.0,0.6,1.2,0.0,0.0,0.0,0.0,0.0,0.0,0.2,0.2,2.8,22.4,18.6
000960,Shayne Jackson,A,Attack,last_5,3,2022-06-05,2022-06-18,ARC|ATL|WAT,CAN,4,3,3,0,3,1,18,14,0,0,0,0,0,0.0,2,5,0,0,0,0,0,0,1,0.5,2,44,21,0.16666666666666666,0.7777777777777778,,,1.3333333333333333,1.0,1.0,0.0,1.0,0.3333333333333333,6.0,4.666666666666667,0.0,0.0,0.0,0.0,0.0,0.0,0.6666666666666666,1.6666666666666667,0.0,0.0,0.0,0.0,0.0,0.0,0.3333333333333333,0.16666666666666666,0.6666666666666666,14.666666666666666,7.0
000978,Kyle Jackson,M,Midfield,last_5,5,2024-08-17,2026-05-09,CAN|CHA|WHP,ATL|CHA,4,3,3,0,3,1,20,11,1,0,0,0,0,0.0,1,6,0,0,0,0,0,0,0,0.0,2,88,62,0.15,0.55,,,0.8,0.6,0.6,0.0,0.6,0.2,4.0,2.2,0.2,0.0,0.0,0.0,0.0,0.0,0.2,1.2,0.0,0.0,0.0,0.0,0.0,0.0,0.0,0.0,0.4,17.6,12.4
001001,Dylan Molloy,A,Attack,last_5,5,2025-07-26,2026-05-16,ARC|CAN|OUT|WHP,RED,17,13,13,0,13,4,38,21,2,0,0,0,0,0.0,8,12,2,0,0,0,0,0,0,0.0,10,148,98,0.34210526315789475,0.5526315789473685,,,3.4,2.6,2.6,0.0,2.6,0.8,7.6,4.2,0.4,0.0,0.0,0.0,0.0,0.0,1.6,2.4,0.4,0.0,0.0,0.0,0.0,0.0,0.0,0.0,2.0,29.6,19.6
001009,Colin Heacock,M,Midfield,last_5,5,2025-08-09,2026-05-30,ARC|ATL|CAN|WAT,WHP,8,7,7,0,7,1,16,13,0,0,0,0,0,0.0,1,3,1,0,0,0,0,0,0,0.0,5,88,69,0.4375,0.8125,,,1.6,1.4,1.4,0.0,1.4,0.2,3.2,2.6,0.0,0.0,0.0,0.0,0.0,0.0,0.2,0.6,0.2,0.0,0.0,0.0,0.0,0.0,0.0,0.0,1.0,17.6,13.8
001010,Isaiah Davis-Allen,SSDM,Defensive Midfield,last_5,5,2024-06-07,2024-08-17,ARC|ATL|CHA|OUT|WAT,RED,1,0,0,0,0,1,1,1,0,0,0,0,0,0.0,4,0,3,3,7,10,0,0,0,0.0,1,16,15,0.0,1.0,0.3,,0.2,0.0,0.0,0.0,0.0,0.2,0.2,0.2,0.0,0.0,0.0,0.0,0.0,0.0,0.8,0.0,0.6,0.6,1.4,2.0,0.0,0.0,0.0,0.0,0.2,3.2,3.0
001020,Mike Messenger,SSDM,Defensive Midfield,last_5,5,2023-06-17,2024-06-08,ARC|CAN|CHA|WAT,OUT,4,3,3,0,3,1,9,5,1,0,0,0,0,0.0,10,4,3,2,5,7,0,0,0,0.0,6,67,54,0.3333333333333333,0.5555555555555556,0.2857142857142857,,0.8,0.6,0.6,0.0,0.6,0.2,1.8,1.0,0.2,0.0,0.0,0.0,0.0,0.0,2.0,0.8,0.6,0.4,1.0,1.4,0.0,0.0,0.0,0.0,1.2,13.4,10.8
001391,Mikie Schlosser,M,Midfield,last_5,5,2024-08-17,2026-05-09,ARC|ATL|RED|WHP,OUT|WAT,2,2,2,0,2,0,9,6,1,0,0,0,0,0.0,1,2,0,0,0,0,0,0,0,0.0,1,47,36,0.2222222222222222,0.6666666666666666,,,0.4,0.4,0.4,0.0,0.4,0.0,1.8,1.2,0.2,0.0,0.0,0.0,0.0,0.0,0.2,0.4,0.0,0.0,0.0,0.0,0.0,0.0,0.0,0.0,0.2,9.4,7.2
001397,Michael Rexrode,D,Defense,last_5,5,2025-08-02,2026-05-30,CHA|OUT|WAT|WHP,ATL,0,0,0,0,0,0,0,0,0,0,0,0,0,0.0,7,3,7,0,0,0,0,0,2,1.5,0,37,34,,,,,0.0,0.0,0.0,0.0,0.0,0.0,0.0,0.0,0.0,0.0,0.0,0.0,0.0,0.0,1.4,0.6,1.4,0.0,0.0,0.0,0.0,0.0,0.4,0.3,0.0,7.4,6.8
001402,Max Adler,FO,Faceoff,last_5,5,2022-07-31,2023-07-09,ARC|ATL|OUT|RED,CHA,1,0,0,0,0,1,2,1,0,0,0,0,0,0.0,27,8,0,50,65,116,0,0,2,1.0,2,24,14,0.0,0.5,0.43103448275862066,,0.2,0.0,0.0,0.0,0.0,0.2,0.4,0.2,0.0,0.0,0.0,0.0,0.0,0.0,5.4,1.6,0.0,10.0,13.0,23.2,0.0,0.0,0.4,0.2,0.4,4.8,2.8
001406,Ben Randall,D,Defense,last_5,5,2025-08-02,2026-05-30,ARC|ATL|CAN|RED,OUT|WAT,0,0,0,0,0,0,1,1,0,0,0,0,0,0.0,13,4,7,0,0,0,0,0,1,1.0,0,29,24,0.0,1.0,,,0.0,0.0,0.0,0.0,0.0,0.0,0.2,0.2,0.0,0.0,0.0,0.0,0.0,0.0,2.6,0.8,1.4,0.0,0.0,0.0,0.0,0.0,0.2,0.2,0.0,5.8,4.8
001414,Scott Hooper,D,Defense,last_5,1,2022-06-05,2022-06-05,WAT,CAN,0,0,0,0,0,0,0,0,0,0,0,0,0,0.0,1,0,2,0,0,0,0,0,0,0.0,0,2,2,,,,,0.0,0.0,0.0,0.0,0.0,0.0,0.0,0.0,0.0,0.0,0.0,0.0,0.0,0.0,1.0,0.0,2.0,0.0,0.0,0.0,0.0,0.0,0.0,0.0,0.0,2.0,2.0
001415,Greg Weyl,LSM,Long Stick Midfield,last_5,5,2025-07-27,2026-05-30,ARC|ATL|CHA|RED,OUT,0,0,0,0,0,0,1,0,0,0,0,0,0,0.0,3,0,2,0,0,0,0,0,0,0.0,0,6,5,0.0,0.0,,,0.0,0.0,0.0,0.0,0.0,0.0,0.2,0.0,0.0,0.0,0.0,0.0,0.0,0.0,0.6,0.0,0.4,0.0,0.0,0.0,0.0,0.0,0.0,0.0,0.0,1.2,1.0
001417,Bryce Wasserman,A,Attack,last_5,2,2022-06-04,2022-06-11,ARC|WHP,CHA,1,0,0,0,0,1,2,1,0,0,0,0,0,0.0,0,3,0,0,0,0,0,0,0,0.0,2,33,28,0.0,0.5,,,0.5,0.0,0.0,0.0,0.0,0.5,1.0,0.5,0.0,0.0,0.0,0.0,0.0,0.0,0.0,1.5,0.0,0.0,0.0,0.0,0.0,0.0,0.0,0.0,1.0,16.5,14.0
001427,Nick Marrocco,G,Goalie,last_5,5,2022-07-02,2022-08-13,ARC|CHA|OUT|RED|WAT,CAN,0,0,0,0,0,0,1,1,1,64,25,39,71,71.18644,13,0,1,0,0,0,69,2,1,1.0,2,70,69,0.0,1.0,,0.8990476276099774,0.0,0.0,0.0,0.0,0.0,0.0,0.2,0.2,0.2,12.8,5.0,7.8,14.2,14.237288000000001,2.6,0.0,0.2,0.0,0.0,0.0,13.8,0.4,0.2,0.2,0.4,14.0,13.8
001657,Brendan Bomberry,A,Attack,last_5,3,2022-06-05,2022-06-18,ARC|ATL|WAT,CAN,1,1,1,0,1,0,8,3,0,0,0,0,0,0.0,1,2,0,0,0,0,0,0,0,0.0,0,26,16,0.125,0.375,,,0.3333333333333333,0.3333333333333333,0.3333333333333333,0.0,0.3333333333333333,0.0,2.6666666666666665,1.0,0.0,0.0,0.0,0.0,0.0,0.0,0.3333333333333333,0.6666666666666666,0.0,0.0,0.0,0.0,0.0,0.0,0.0,0.0,0.0,8.666666666666666,5.333333333333333
001661,Warren Jeffrey,D,Defense,last_5,5,2025-07-19,2026-05-30,CHA|OUT|RED|WHP,ARC,0,0,0,0,0,0,0,0,0,0,0,0,0,0.0,5,1,4,0,0,0,0,0,2,2.0,1,17,16,,,,,0.0,0.0,0.0,0.0,0.0,0.0,0.0,0.0,0.0,0.0,0.0,0.0,0.0,0.0,1.0,0.2,0.8,0.0,0.0,0.0,0.0,0.0,0.4,0.4,0.2,3.4,3.2
001662,Andrew Kew,A,Attack,last_5,1,2022-06-11,2022-06-11,ARC,CHA,0,0,0,0,0,0,4,0,1,0,0,0,0,0.0,2,1,0,0,0,0,0,0,0,0.0,1,15,10,0.0,0.0,,,0.0,0.0,0.0,0.0,0.0,0.0,4.0,0.0,1.0,0.0,0.0,0.0,0.0,0.0,2.0,1.0,0.0,0.0,0.0,0.0,0.0,0.0,0.0,0.0,1.0,15.0,10.0
001671,Zach Goodrich,SSDM,Defensive Midfield,last_5,5,2025-08-08,2026-05-29,CHA|RED|WAT|WHP,CAN,0,0,0,0,0,0,0,0,0,0,0,0,0,0.0,1,0,4,0,1,1,0,0,2,1.0,0,15,15,,,0.0,,0.0,0.0,0.0,0.0,0.0,0.0,0.0,0.0,0.0,0.0,0.0,0.0,0.0,0.0,0.2,0.0,0.8,0.0,0.2,0.2,0.0,0.0,0.4,0.2,0.0,3.0,3.0
001707,Matt Whitcher,SSDM,Defensive Midfield,last_5,5,2025-07-20,2026-05-31,ATL|CAN|CHA|WHP,WAT,1,1,1,0,1,0,7,5,3,0,0,0,0,0.0,2,1,4,0,0,0,0,0,2,1.0,0,29,21,0.14285714285714285,0.7142857142857143,,,0.2,0.2,0.2,0.0,0.2,0.0,1.4,1.0,0.6,0.0,0.0,0.0,0.0,0.0,0.4,0.2,0.8,0.0,0.0,0.0,0.0,0.0,0.4,0.2,0.0,5.8,4.2
001724,Sean Sconone,G,Goalie,last_5,5,2023-08-05,2024-07-27,ARC|CAN|CHA|RED|WHP,OUT,0,0,0,0,0,0,0,0,0,48,14,34,53,58.06637,5,4,1,0,0,0,46,7,0,0.0,1,59,55,,,,0.8266402738797001,0.0,0.0,0.0,0.0,0.0,0.0,0.0,0.0,0.0,9.6,2.8,6.8,10.6,11.613274,1.0,0.8,0.2,0.0,0.0,0.0,9.2,1.4,0.0,0.0,0.2,11.8,11.0
001727,Bradley Voigt,A,Attack,last_5,2,2022-06-04,2023-06-04,WAT|WHP,CHA,2,2,2,0,2,0,5,4,0,0,0,0,0,0.0,2,5,0,0,0,0,0,0,0,0.0,3,27,17,0.4,0.8,,,1.0,1.0,1.0,0.0,1.0,0.0,2.5,2.0,0.0,0.0,0.0,0.0,0.0,0.0,1.0,2.5,0.0,0.0,0.0,0.0,0.0,0.0,0.0,0.0,1.5,13.5,8.5
001729,Chris Aslanian,M,Midfield,last_5,5,2024-08-04,2026-05-15,ATL|CAN|CHA|WHP,CAN|CHA,9,9,5,2,7,0,23,18,5,0,0,0,0,0.0,1,3,0,0,0,0,0,0,0,0.0,6,101,75,0.30434782608695654,0.782608695652174,,,1.8,1.8,1.0,0.4,1.4,0.0,4.6,3.6,1.0,0.0,0.0,0.0,0.0,0.0,0.2,0.6,0.0,0.0,0.0,0.0,0.0,0.0,0.0,0.0,1.2,20.2,15.0
001733,Charlie Hayes,SSDM,Defensive Midfield,last_5,5,2024-08-17,2026-05-17,ATL|CAN|CHA|WHP,WAT,0,0,0,0,0,0,3,1,0,0,0,0,0,0.0,8,1,2,0,3,3,0,0,0,0.0,2,30,26,0.0,0.3333333333333333,0.0,,0.0,0.0,0.0,0.0,0.0,0.0,0.6,0.2,0.0,0.0,0.0,0.0,0.0,0.0,1.6,0.2,0.4,0.0,0.6,0.6,0.0,0.0,0.0,0.0,0.4,6.0,5.2
001740,Andrew Newbold,LSM,Long Stick Midfield,last_5,4,2022-07-31,2022-08-21,OUT|RED|WAT|WHP,CAN,1,1,1,0,1,0,3,2,1,0,0,0,0,0.0,0,0,1,0,3,3,0,0,0,0.0,2,9,6,0.3333333333333333,0.6666666666666666,0.0,,0.25,0.25,0.25,0.0,0.25,0.0,0.75,0.5,0.25,0.0,0.0,0.0,0.0,0.0,0.0,0.0,0.25,0.0,0.75,0.75,0.0,0.0,0.0,0.0,0.5,2.25,1.5
001746,Daniel Bucaro,M,Midfield,last_5,5,2022-07-23,2022-08-21,ARC|CHA|RED|WAT|WHP,ATL,7,5,5,0,5,2,19,10,0,0,0,0,0,0.0,4,8,1,0,0,0,0,0,0,0.0,6,57,30,0.2631578947368421,0.5263157894736842,,,1.4,1.0,1.0,0.0,1.0,0.4,3.8,2.0,0.0,0.0,0.0,0.0,0.0,0.0,0.8,1.6,0.2,0.0,0.0,0.0,0.0,0.0,0.0,0.0,1.2,11.4,6.0
001760,Pat Aslanian,SSDM,Defensive Midfield,last_5,5,2023-08-06,2024-06-01,ATL|RED|WAT|WHP,CAN,0,0,0,0,0,0,2,0,1,0,0,0,0,0.0,0,2,0,1,4,5,0,0,3,2.5,0,24,20,0.0,0.0,0.2,,0.0,0.0,0.0,0.0,0.0,0.0,0.4,0.0,0.2,0.0,0.0,0.0,0.0,0.0,0.0,0.4,0.0,0.2,0.8,1.0,0.0,0.0,0.6,0.5,0.0,4.8,4.0
001763,Alex Woodall,FO,Faceoff,last_5,4,2022-06-05,2022-07-24,ARC|CHA|OUT|WAT,CAN,1,0,0,0,0,1,0,0,0,0,0,0,0,0.0,12,2,0,23,27,50,0,0,0,0.0,1,12,10,,,0.46,,0.25,0.0,0.0,0.0,0.0,0.25,0.0,0.0,0.0,0.0,0.0,0.0,0.0,0.0,3.0,0.5,0.0,5.75,6.75,12.5,0.0,0.0,0.0,0.0,0.25,3.0,2.5
001766,Holden Garlent,D,Defense,last_5,5,2024-06-29,2024-07-28,ARC|CAN|CHA|OUT|WHP,RED,0,0,0,0,0,0,1,1,0,0,0,0,0,0.0,5,1,1,0,0,0,0,0,1,0.5,0,7,5,0.0,1.0,,,0.0,0.0,0.0,0.0,0.0,0.0,0.2,0.2,0.0,0.0,0.0,0.0,0.0,0.0,1.0,0.2,0.2,0.0,0.0,0.0,0.0,0.0,0.2,0.1,0.0,1.4,1.0
001773,Nick Washuta,G,Goalie,last_5,5,2023-08-19,2026-05-09,OUT|RED|WAT|WHP,ARC,0,0,0,0,0,0,0,0,0,38,12,26,28,65.19885,4,0,2,0,0,0,25,3,0,0.0,0,44,44,,,,0.5828323659082945,0.0,0.0,0.0,0.0,0.0,0.0,0.0,0.0,0.0,7.6,2.4,5.2,5.6,13.039769999999999,0.8,0.0,0.4,0.0,0.0,0.0,5.0,0.6,0.0,0.0,0.0,8.8,8.8
001793,Chase Fraser,A,Attack,last_5,5,2022-08-13,2023-08-27,ARC|ATL|CAN|OUT|RED,CHA,8,8,8,0,8,0,28,18,2,0,0,0,0,0.0,12,6,2,0,0,0,0,0,1,0.5,2,112,78,0.2857142857142857,0.6428571428571429,,,1.6,1.6,1.6,0.0,1.6,0.0,5.6,3.6,0.4,0.0,0.0,0.0,0.0,0.0,2.4,1.2,0.4,0.0,0.0,0.0,0.0,0.0,0.2,0.1,0.4,22.4,15.6
001795,Christian Scarpello,SSDM,Defensive Midfield,last_5,5,2025-07-20,2026-05-31,CAN|CHA|WAT|WHP,CHA|WAT,2,2,2,0,2,0,3,3,0,0,0,0,0,0.0,5,4,1,0,1,1,0,0,1,1.0,0,28,21,0.6666666666666666,1.0,0.0,,0.4,0.4,0.4,0.0,0.4,0.0,0.6,0.6,0.0,0.0,0.0,0.0,0.0,0.0,1.0,0.8,0.2,0.0,0.2,0.2,0.0,0.0,0.2,0.2,0.0,5.6,4.2
001796,Latrell Harris,SSDM,Defensive Midfield,last_5,5,2023-07-30,2023-08-26,ATL|OUT|WAT|WHP,ARC,3,1,1,0,1,2,2,1,0,0,0,0,0,0.0,6,0,1,0,0,0,0,0,1,0.5,6,39,37,0.5,0.5,,,0.6,0.2,0.2,0.0,0.2,0.4,0.4,0.2,0.0,0.0,0.0,0.0,0.0,0.0,1.2,0.0,0.2,0.0,0.0,0.0,0.0,0.0,0.2,0.1,1.2,7.8,7.4
001797,JD Colarusso,G,Goalie,last_5,2,2022-06-04,2022-07-30,ARC|RED,ATL,0,0,0,0,0,0,0,0,0,7,3,4,7,14.0,2,1,0,0,0,0,6,1,0,0.0,0,7,6,,,,0.5,0.0,0.0,0.0,0.0,0.0,0.0,0.0,0.0,0.0,3.5,1.5,2.0,3.5,7.0,1.0,0.5,0.0,0.0,0.0,0.0,3.0,0.5,0.0,0.0,0.0,3.5,3.0
001809,Jeff Teat,A,Attack,last_5,5,2025-07-11,2025-08-09,CAN|OUT|RED|WAT|WHP,ATL,22,7,7,0,7,15,36,21,2,0,0,0,0,0.0,12,8,0,0,0,0,0,0,0,0.0,36,188,144,0.19444444444444445,0.5833333333333334,,,4.4,1.4,1.4,0.0,1.4,3.0,7.2,4.2,0.4,0.0,0.0,0.0,0.0,0.0,2.4,1.6,0.0,0.0,0.0,0.0,0.0,0.0,0.0,0.0,7.2,37.6,28.8
001810,Michael Sowers,A,Attack,last_5,5,2025-08-02,2026-05-31,ATL|CAN|CHA|WHP,WAT,17,10,10,0,10,7,37,27,0,0,0,0,0,0.0,6,14,0,0,0,0,0,0,0,0.0,36,192,141,0.2702702702702703,0.7297297297297297,,,3.4,2.0,2.0,0.0,2.0,1.4,7.4,5.4,0.0,0.0,0.0,0.0,0.0,0.0,1.2,2.8,0.0,0.0,0.0,0.0,0.0,0.0,0.0,0.0,7.2,38.4,28.2
001811,JT Giles-Harris,D,Defense,last_5,5,2025-08-02,2026-05-30,ARC|ATL|CHA|RED,OUT,0,0,0,0,0,0,2,1,2,0,0,0,0,0.0,8,0,4,0,0,0,0,0,1,2.0,0,33,31,0.0,0.5,,,0.0,0.0,0.0,0.0,0.0,0.0,0.4,0.2,0.4,0.0,0.0,0.0,0.0,0.0,1.6,0.0,0.8,0.0,0.0,0.0,0.0,0.0,0.2,0.4,0.0,6.6,6.2
001812,TD Ierlan,FO,Faceoff,last_5,5,2025-07-26,2026-05-16,ARC|CAN|OUT|WHP,RED,1,0,0,0,0,1,4,2,1,0,0,0,0,0.0,36,0,0,77,46,123,0,0,1,0.5,3,41,37,0.0,0.5,0.6260162601626016,,0.2,0.0,0.0,0.0,0.0,0.2,0.8,0.4,0.2,0.0,0.0,0.0,0.0,0.0,7.2,0.0,0.0,15.4,9.2,24.6,0.0,0.0,0.2,0.1,0.6,8.2,7.4
001813,Jared Conners,LSM,Long Stick Midfield,last_5,5,2025-07-26,2026-05-16,ARC|CAN|OUT|WHP,RED,0,0,0,0,0,0,7,1,6,0,0,0,0,0.0,16,2,3,0,0,0,0,0,0,0.0,2,36,27,0.0,0.14285714285714285,,,0.0,0.0,0.0,0.0,0.0,0.0,1.4,0.2,1.2,0.0,0.0,0.0,0.0,0.0,3.2,0.4,0.6,0.0,0.0,0.0,0.0,0.0,0.0,0.0,0.4,7.2,5.4
001814,Mac O'Keefe,A,Attack,last_5,5,2025-07-27,2026-05-30,CHA|OUT|RED|WHP,ARC,9,6,4,1,5,3,20,14,4,0,0,0,0,0.0,2,3,0,0,0,0,0,0,1,1.0,11,93,70,0.25,0.7,,,1.8,1.2,0.8,0.2,1.0,0.6,4.0,2.8,0.8,0.0,0.0,0.0,0.0,0.0,0.4,0.6,0.0,0.0,0.0,0.0,0.0,0.0,0.2,0.2,2.2,18.6,14.0
001815,Connor Kirst,M,Midfield,last_5,5,2025-08-02,2026-05-29,RED|WAT|WHP,CAN,2,1,1,0,1,1,7,5,4,0,0,0,0,0.0,10,3,0,4,8,12,0,0,2,1.5,2,36,26,0.14285714285714285,0.7142857142857143,0.3333333333333333,,0.4,0.2,0.2,0.0,0.2,0.2,1.4,1.0,0.8,0.0,0.0,0.0,0.0,0.0,2.0,0.6,0.0,0.8,1.6,2.4,0.0,0.0,0.4,0.3,0.4,7.2,5.2
001816,Dox Aitken,M,Midfield,last_5,5,2024-07-28,2025-08-02,ARC|OUT|WAT|WHP,ATL,4,4,4,0,4,0,16,8,2,0,0,0,0,0.0,5,6,0,0,0,0,0,0,1,0.5,5,86,64,0.25,0.5,,,0.8,0.8,0.8,0.0,0.8,0.0,3.2,1.6,0.4,0.0,0.0,0.0,0.0,0.0,1.0,1.2,0.0,0.0,0.0,0.0,0.0,0.0,0.2,0.1,1.0,17.2,12.8
001817,Jack Kielty,D,Defense,last_5,5,2025-08-08,2026-05-29,CHA|RED|WAT|WHP,CAN,0,0,0,0,0,0,0,0,0,0,0,0,0,0.0,7,2,4,0,0,0,0,0,2,2.0,0,21,19,,,,,0.0,0.0,0.0,0.0,0.0,0.0,0.0,0.0,0.0,0.0,0.0,0.0,0.0,0.0,1.4,0.4,0.8,0.0,0.0,0.0,0.0,0.0,0.4,0.4,0.0,4.2,3.8
001818,Jake Carraway,M,Midfield,last_5,5,2024-06-16,2024-08-17,ATL|CHA|WHP,WAT,10,8,6,1,7,2,24,14,9,0,0,0,0,0.0,3,3,0,0,0,0,0,0,0,0.0,3,86,59,0.2916666666666667,0.5833333333333334,,,2.0,1.6,1.2,0.2,1.4,0.4,4.8,2.8,1.8,0.0,0.0,0.0,0.0,0.0,0.6,0.6,0.0,0.0,0.0,0.0,0.0,0.0,0.0,0.0,0.6,17.2,11.8
001819,Danny Logan,SSDM,Defensive Midfield,last_5,5,2025-07-18,2026-05-30,OUT|RED|WAT|WHP,ATL,2,1,1,0,1,1,3,1,2,0,0,0,0,0.0,3,1,1,1,6,7,0,0,3,2.0,1,33,29,0.3333333333333333,0.3333333333333333,0.14285714285714285,,0.4,0.2,0.2,0.0,0.2,0.2,0.6,0.2,0.4,0.0,0.0,0.0,0.0,0.0,0.6,0.2,0.2,0.2,1.2,1.4,0.0,0.0,0.6,0.4,0.2,6.6,5.8
001820,Ryan Terefenko,SSDM,Defensive Midfield,last_5,5,2025-07-19,2026-05-30,ARC|ATL|CAN|CHA,OUT,5,4,2,1,3,1,9,6,2,0,0,0,0,0.0,9,3,1,0,3,3,0,0,2,1.0,5,70,58,0.3333333333333333,0.6666666666666666,0.0,,1.0,0.8,0.4,0.2,0.6,0.2,1.8,1.2,0.4,0.0,0.0,0.0,0.0,0.0,1.8,0.6,0.2,0.0,0.6,0.6,0.0,0.0,0.4,0.2,1.0,14.0,11.6
001821,Tre Leclaire,M,Midfield,last_5,5,2025-07-19,2026-05-30,CHA|OUT|RED|WHP,ARC,4,3,3,0,3,1,20,14,8,0,0,0,0,0.0,2,9,0,0,0,0,0,0,0,0.0,3,96,67,0.15,0.7,,,0.8,0.6,0.6,0.0,0.6,0.2,4.0,2.8,1.6,0.0,0.0,0.0,0.0,0.0,0.4,1.8,0.0,0.0,0.0,0.0,0.0,0.0,0.0,0.0,0.6,19.2,13.4
001823,Tanner Cook,M,Midfield,last_5,5,2022-06-04,2022-08-06,ARC|OUT|RED|WAT|WHP,CHA,3,2,2,0,2,1,7,6,0,0,0,0,0,0.0,3,5,0,0,0,0,0,0,1,2.0,7,72,60,0.2857142857142857,0.8571428571428571,,,0.6,0.4,0.4,0.0,0.4,0.2,1.4,1.2,0.0,0.0,0.0,0.0,0.0,0.0,0.6,1.0,0.0,0.0,0.0,0.0,0.0,0.0,0.2,0.4,1.4,14.4,12.0
001824,Ryan Tierney,M,Midfield,last_5,5,2022-08-21,2024-08-03,ARC|CHA|OUT|WHP,CAN|RED,1,0,0,0,0,1,7,3,0,0,0,0,0,0.0,1,6,1,0,0,0,0,0,0,0.0,2,64,51,0.0,0.42857142857142855,,,0.2,0.0,0.0,0.0,0.0,0.2,1.4,0.6,0.0,0.0,0.0,0.0,0.0,0.0,0.2,1.2,0.2,0.0,0.0,0.0,0.0,0.0,0.0,0.0,0.4,12.8,10.2
001825,Peter Dearth,SSDM,Defensive Midfield,last_5,5,2023-06-10,2023-08-26,CAN|CHA|RED|WAT|WHP,ATL,0,0,0,0,0,0,3,3,0,0,0,0,0,0.0,8,2,1,0,0,0,0,0,2,1.0,2,24,19,0.0,1.0,,,0.0,0.0,0.0,0.0,0.0,0.0,0.6,0.6,0.0,0.0,0.0,0.0,0.0,0.0,1.6,0.4,0.2,0.0,0.0,0.0,0.0,0.0,0.4,0.2,0.4,4.8,3.8
001826,Jeff Trainor,SSDM,Defensive Midfield,last_5,5,2025-08-08,2026-05-29,CHA|RED|WAT|WHP,CAN,5,4,2,1,3,1,6,5,3,0,0,0,0,0.0,11,3,4,0,0,0,0,0,1,0.5,3,47,38,0.5,0.8333333333333334,,,1.0,0.8,0.4,0.2,0.6,0.2,1.2,1.0,0.6,0.0,0.0,0.0,0.0,0.0,2.2,0.6,0.8,0.0,0.0,0.0,0.0,0.0,0.2,0.1,0.6,9.4,7.6
001827,Jared Bernhardt,A,Attack,last_5,5,2025-08-02,2026-05-30,ARC|ATL|CHA|RED,OUT,17,12,12,0,12,5,45,26,2,0,0,0,0,0.0,5,10,1,0,0,0,0,0,0,0.0,12,163,108,0.26666666666666666,0.5777777777777777,,,3.4,2.4,2.4,0.0,2.4,1.0,9.0,5.2,0.4,0.0,0.0,0.0,0.0,0.0,1.0,2.0,0.2,0.0,0.0,0.0,0.0,0.0,0.0,0.0,2.4,32.6,21.6
001828,Justin Anderson,M,Midfield,last_5,5,2025-08-02,2026-05-30,ARC|ATL|CHA|RED,OUT,7,6,6,0,6,1,13,7,1,0,0,0,0,0.0,5,7,0,0,0,0,0,0,1,0.5,4,66,46,0.46153846153846156,0.5384615384615384,,,1.4,1.2,1.2,0.0,1.2,0.2,2.6,1.4,0.2,0.0,0.0,0.0,0.0,0.0,1.0,1.4,0.0,0.0,0.0,0.0,0.0,0.0,0.2,0.1,0.8,13.2,9.2
001831,Colin Squires,LSM,Long Stick Midfield,last_5,5,2025-07-13,2025-08-09,ATL|CAN|OUT|RED|WAT,WHP,0,0,0,0,0,0,0,0,0,0,0,0,0,0.0,17,3,2,0,0,0,0,0,1,1.0,0,23,20,,,,,0.0,0.0,0.0,0.0,0.0,0.0,0.0,0.0,0.0,0.0,0.0,0.0,0.0,0.0,3.4,0.6,0.4,0.0,0.0,0.0,0.0,0.0,0.2,0.2,0.0,4.6,4.0
001832,Charlie Bertrand,M,Midfield,last_5,5,2025-06-14,2025-08-08,ARC|CAN|OUT|WHP,RED,6,3,3,0,3,3,21,13,2,0,0,0,0,0.0,3,4,0,0,0,0,0,0,1,1.0,4,75,50,0.14285714285714285,0.6190476190476191,,,1.2,0.6,0.6,0.0,0.6,0.6,4.2,2.6,0.4,0.0,0.0,0.0,0.0,0.0,0.6,0.8,0.0,0.0,0.0,0.0,0.0,0.0,0.2,0.2,0.8,15.0,10.0
001833,Stephen Rehfuss,M,Midfield,last_5,5,2022-07-24,2022-08-21,ARC|OUT|RED|WAT|WHP,CAN,10,4,4,0,4,6,13,7,0,0,0,0,0,0.0,4,5,0,0,0,0,0,0,0,0.0,26,143,125,0.3076923076923077,0.5384615384615384,,,2.0,0.8,0.8,0.0,0.8,1.2,2.6,1.4,0.0,0.0,0.0,0.0,0.0,0.0,0.8,1.0,0.0,0.0,0.0,0.0,0.0,0.0,0.0,0.0,5.2,28.6,25.0
001835,Ethan Walker,A,Attack,last_5,5,2024-07-19,2024-08-17,ATL|OUT|RED|WHP,WAT,6,3,3,0,3,3,14,10,0,0,0,0,0,0.0,5,6,2,0,0,0,0,0,0,0.0,10,107,87,0.21428571428571427,0.7142857142857143,,,1.2,0.6,0.6,0.0,0.6,0.6,2.8,2.0,0.0,0.0,0.0,0.0,0.0,0.0,1.0,1.2,0.4,0.0,0.0,0.0,0.0,0.0,0.0,0.0,2.0,21.4,17.4
001836,Jackson Morrill,A,Attack,last_5,5,2023-08-20,2024-06-16,ATL|CAN|RED|WAT,OUT|WHP,13,2,2,0,2,11,9,8,0,0,0,0,0,0.0,3,8,0,0,0,0,0,0,0,0.0,20,108,91,0.2222222222222222,0.8888888888888888,,,2.6,0.4,0.4,0.0,0.4,2.2,1.8,1.6,0.0,0.0,0.0,0.0,0.0,0.0,0.6,1.6,0.0,0.0,0.0,0.0,0.0,0.0,0.0,0.0,4.0,21.6,18.2
001838,Ryan Smith,M,Midfield,last_5,5,2023-07-30,2023-08-27,OUT|RED|WAT|WHP,CHA,7,4,4,0,4,3,19,9,0,0,0,0,0,0.0,4,3,0,0,0,0,0,0,0,0.0,6,62,40,0.21052631578947367,0.47368421052631576,,,1.4,0.8,0.8,0.0,0.8,0.6,3.8,1.8,0.0,0.0,0.0,0.0,0.0,0.0,0.8,0.6,0.0,0.0,0.0,0.0,0.0,0.0,0.0,0.0,1.2,12.4,8.0
001839,Nick Grill,LSM,Long Stick Midfield,last_5,5,2025-05-31,2025-08-02,ATL|CAN|CHA|RED|WAT,OUT,0,0,0,0,0,0,0,0,0,0,0,0,0,0.0,9,1,3,0,0,0,0,0,0,0.0,0,15,14,,,,,0.0,0.0,0.0,0.0,0.0,0.0,0.0,0.0,0.0,0.0,0.0,0.0,0.0,0.0,1.8,0.2,0.6,0.0,0.0,0.0,0.0,0.0,0.0,0.0,0.0,3.0,2.8
001843,Cole Williams,M,Midfield,last_5,5,2022-08-13,2026-05-15,ARC|CAN|CHA|RED,CHA|OUT,5,4,4,0,4,1,15,9,1,0,0,0,0,0.0,3,10,0,0,0,0,0,0,1,1.0,7,72,47,0.26666666666666666,0.6,,,1.0,0.8,0.8,0.0,0.8,0.2,3.0,1.8,0.2,0.0,0.0,0.0,0.0,0.0,0.6,2.0,0.0,0.0,0.0,0.0,0.0,0.0,0.2,0.2,1.4,14.4,9.4
001846,Adam Charalambides,A,Attack,last_5,5,2025-07-19,2026-05-09,ARC|ATL|OUT|WAT,CHA,7,5,5,0,5,2,27,17,1,0,0,0,0,0.0,6,6,2,0,0,0,0,0,1,1.0,6,152,119,0.18518518518518517,0.6296296296296297,,,1.4,1.0,1.0,0.0,1.0,0.4,5.4,3.4,0.2,0.0,0.0,0.0,0.0,0.0,1.2,1.2,0.4,0.0,0.0,0.0,0.0,0.0,0.2,0.2,1.2,30.4,23.8
002001,Kevin Rogers,M,Midfield,last_5,5,2022-06-17,2023-08-06,CAN|CHA|WAT,OUT|RED,5,2,2,0,2,3,12,9,1,0,0,0,0,0.0,3,2,1,0,0,0,0,0,0,0.0,12,87,73,0.16666666666666666,0.75,,,1.0,0.4,0.4,0.0,0.4,0.6,2.4,1.8,0.2,0.0,0.0,0.0,0.0,0.0,0.6,0.4,0.2,0.0,0.0,0.0,0.0,0.0,0.0,0.0,2.4,17.4,14.6
002003,Will Perry,M,Midfield,last_5,5,2023-07-16,2023-08-20,ATL|RED|WAT|WHP,CHA,2,2,2,0,2,0,18,6,5,0,0,0,0,0.0,1,1,0,0,0,0,0,0,0,0.0,3,64,45,0.1111111111111111,0.3333333333333333,,,0.4,0.4,0.4,0.0,0.4,0.0,3.6,1.2,1.0,0.0,0.0,0.0,0.0,0.0,0.2,0.2,0.0,0.0,0.0,0.0,0.0,0.0,0.0,0.0,0.6,12.8,9.0
002006,Reid Bowering,M,Midfield,last_5,5,2025-08-02,2026-05-30,CHA|OUT|WAT|WHP,ATL,12,10,10,0,10,2,25,18,0,0,0,0,0,0.0,12,7,1,0,1,1,0,0,0,0.0,3,80,48,0.4,0.72,0.0,,2.4,2.0,2.0,0.0,2.0,0.4,5.0,3.6,0.0,0.0,0.0,0.0,0.0,0.0,2.4,1.4,0.2,0.0,0.2,0.2,0.0,0.0,0.0,0.0,0.6,16.0,9.6
002007,Charlie Kitchen,A,Attack,last_5,1,2022-07-31,2022-07-31,CAN,WAT,1,1,1,0,1,0,3,2,0,0,0,0,0,0.0,0,0,0,0,0,0,0,0,0,0.0,2,8,5,0.3333333333333333,0.6666666666666666,,,1.0,1.0,1.0,0.0,1.0,0.0,3.0,2.0,0.0,0.0,0.0,0.0,0.0,0.0,0.0,0.0,0.0,0.0,0.0,0.0,0.0,0.0,0.0,0.0,2.0,8.0,5.0
002014,Drake Porter,G,Goalie,last_5,2,2023-07-09,2023-07-16,CAN|CHA,ATL,0,0,0,0,0,0,0,0,0,17,2,15,22,29.0,2,1,0,0,0,0,22,0,0,0.0,0,19,18,,,,0.5862068965517241,0.0,0.0,0.0,0.0,0.0,0.0,0.0,0.0,0.0,8.5,1.0,7.5,11.0,14.5,1.0,0.5,0.0,0.0,0.0,0.0,11.0,0.0,0.0,0.0,0.0,9.5,9.0
002015,Logan Wisnauskas,A,Attack,last_5,5,2025-08-02,2026-05-30,ARC|ATL|CHA|RED,OUT,18,12,12,0,12,6,24,17,1,0,0,0,0,0.0,2,7,0,0,0,0,0,0,0,0.0,16,133,102,0.5,0.7083333333333334,,,3.6,2.4,2.4,0.0,2.4,1.2,4.8,3.4,0.2,0.0,0.0,0.0,0.0,0.0,0.4,1.4,0.0,0.0,0.0,0.0,0.0,0.0,0.0,0.0,3.2,26.6,20.4
002016,Chris Gray,A,Attack,last_5,5,2024-07-27,2024-08-17,ARC|CHA|OUT|WAT|WHP,RED,5,3,3,0,3,2,23,13,3,0,0,0,0,0.0,5,8,0,0,0,0,0,0,0,0.0,20,163,132,0.13043478260869565,0.5652173913043478,,,1.0,0.6,0.6,0.0,0.6,0.4,4.6,2.6,0.6,0.0,0.0,0.0,0.0,0.0,1.0,1.6,0.0,0.0,0.0,0.0,0.0,0.0,0.0,0.0,4.0,32.6,26.4
002017,Arden Cohen,LSM,Long Stick Midfield,last_5,5,2025-06-28,2026-05-16,ARC|ATL|CHA|OUT|WAT,RED,0,0,0,0,0,0,0,0,0,0,0,0,0,0.0,6,0,0,0,0,0,0,0,2,2.0,1,11,11,,,,,0.0,0.0,0.0,0.0,0.0,0.0,0.0,0.0,0.0,0.0,0.0,0.0,0.0,0.0,1.2,0.0,0.0,0.0,0.0,0.0,0.0,0.0,0.4,0.4,0.2,2.2,2.2
002018,Matt Moore,A,Attack,last_5,5,2024-08-04,2025-06-22,CAN|CHA|OUT|RED|WHP,ARC,8,6,6,0,6,2,26,16,5,0,0,0,0,0.0,6,8,0,0,0,0,0,0,1,0.5,5,125,91,0.23076923076923078,0.6153846153846154,,,1.6,1.2,1.2,0.0,1.2,0.4,5.2,3.2,1.0,0.0,0.0,0.0,0.0,0.0,1.2,1.6,0.0,0.0,0.0,0.0,0.0,0.0,0.2,0.1,1.0,25.0,18.2
002019,Koby Smith,LSM,Long Stick Midfield,last_5,5,2024-07-28,2025-08-02,ARC|CAN|OUT|WAT,ATL,1,0,0,0,0,1,4,2,2,0,0,0,0,0.0,6,2,3,0,0,0,0,0,0,0.0,3,25,19,0.0,0.5,,,0.2,0.0,0.0,0.0,0.0,0.2,0.8,0.4,0.4,0.0,0.0,0.0,0.0,0.0,1.2,0.4,0.6,0.0,0.0,0.0,0.0,0.0,0.0,0.0,0.6,5.0,3.8
002020,Brett Kennedy,LSM,Long Stick Midfield,last_5,5,2022-07-23,2024-06-16,ARC|CHA|WAT|WHP,CHA|WHP,1,0,0,0,0,1,0,0,0,0,0,0,0,0.0,9,4,4,0,0,0,0,0,2,1.5,2,35,31,,,,,0.2,0.0,0.0,0.0,0.0,0.2,0.0,0.0,0.0,0.0,0.0,0.0,0.0,0.0,1.8,0.8,0.8,0.0,0.0,0.0,0.0,0.0,0.4,0.3,0.4,7.0,6.2
002021,Roman Puglise,SSDM,Defensive Midfield,last_5,5,2025-06-21,2025-08-09,CAN|CHA|OUT|WAT,WHP,1,1,1,0,1,0,2,1,0,0,0,0,0,0.0,7,2,0,0,0,0,0,0,5,3.0,0,52,48,0.5,0.5,,,0.2,0.2,0.2,0.0,0.2,0.0,0.4,0.2,0.0,0.0,0.0,0.0,0.0,0.0,1.4,0.4,0.0,0.0,0.0,0.0,0.0,0.0,1.0,0.6,0.0,10.4,9.6
002022,Zach Geddes,SSDM,Defensive Midfield,last_5,5,2025-08-02,2026-05-30,ARC|ATL|CHA|RED,OUT,3,2,2,0,2,1,7,4,2,0,0,0,0,0.0,6,2,0,0,2,2,0,0,1,0.5,5,53,44,0.2857142857142857,0.5714285714285714,0.0,,0.6,0.4,0.4,0.0,0.4,0.2,1.4,0.8,0.4,0.0,0.0,0.0,0.0,0.0,1.2,0.4,0.0,0.0,0.4,0.4,0.0,0.0,0.2,0.1,1.0,10.6,8.8
002023,Brendan Nichtern,A,Attack,last_5,5,2023-07-08,2026-05-31,ATL|CAN|WAT,CHA|OUT,9,6,6,0,6,3,21,14,0,0,0,0,0,0.0,5,15,2,0,0,0,0,0,3,1.5,12,145,109,0.2857142857142857,0.6666666666666666,,,1.8,1.2,1.2,0.0,1.2,0.6,4.2,2.8,0.0,0.0,0.0,0.0,0.0,0.0,1.0,3.0,0.4,0.0,0.0,0.0,0.0,0.0,0.6,0.3,2.4,29.0,21.8
002024,Asher Nolting,A,Attack,last_5,5,2025-07-19,2026-05-15,CHA|OUT|RED|WAT|WHP,CAN,19,6,6,0,6,13,15,9,0,0,0,0,0,0.0,7,16,1,0,0,0,0,0,1,1.0,31,163,132,0.4,0.6,,,3.8,1.2,1.2,0.0,1.2,2.6,3.0,1.8,0.0,0.0,0.0,0.0,0.0,0.0,1.4,3.2,0.2,0.0,0.0,0.0,0.0,0.0,0.2,0.2,6.2,32.6,26.4
002025,Bubba Fairman,SSDM,Defensive Midfield,last_5,5,2024-07-06,2024-08-17,ATL|CHA|OUT|WAT|WHP,CAN,0,0,0,0,0,0,2,1,0,0,0,0,0,0.0,3,2,1,0,0,0,0,0,1,1.0,2,41,37,0.0,0.5,,,0.0,0.0,0.0,0.0,0.0,0.0,0.4,0.2,0.0,0.0,0.0,0.0,0.0,0.0,0.6,0.4,0.2,0.0,0.0,0.0,0.0,0.0,0.2,0.2,0.4,8.2,7.4
002026,Brett Dobson,G,Goalie,last_5,5,2025-07-19,2026-05-30,CHA|OUT|RED|WHP,ARC,0,0,0,0,0,0,2,0,2,75,25,50,53,53.41206,9,5,3,0,0,0,48,5,1,1.0,0,87,80,0.0,0.0,,1.4041772588437893,0.0,0.0,0.0,0.0,0.0,0.0,0.4,0.0,0.4,15.0,5.0,10.0,10.6,10.682412,1.8,1.0,0.6,0.0,0.0,0.0,9.6,1.0,0.2,0.2,0.0,17.4,16.0
002027,Brendan Curry,M,Midfield,last_5,5,2023-07-09,2023-08-19,ARC|CAN|OUT|WAT,ATL,5,1,1,0,1,4,9,5,0,0,0,0,0,0.0,3,3,0,0,0,0,0,0,0,0.0,10,62,50,0.1111111111111111,0.5555555555555556,,,1.0,0.2,0.2,0.0,0.2,0.8,1.8,1.0,0.0,0.0,0.0,0.0,0.0,0.0,0.6,0.6,0.0,0.0,0.0,0.0,0.0,0.0,0.0,0.0,2.0,12.4,10.0
002028,Jack Hannah,M,Midfield,last_5,5,2025-08-02,2026-05-31,ATL|CAN|CHA|WHP,WAT,6,4,4,0,4,2,29,14,3,0,0,0,0,0.0,9,5,0,0,0,0,0,0,3,2.0,6,103,69,0.13793103448275862,0.4827586206896552,,,1.2,0.8,0.8,0.0,0.8,0.4,5.8,2.8,0.6,0.0,0.0,0.0,0.0,0.0,1.8,1.0,0.0,0.0,0.0,0.0,0.0,0.0,0.6,0.4,1.2,20.6,13.8
002029,Wheaton Jackoboice,SSDM,Defensive Midfield,last_5,5,2024-06-08,2024-08-04,CAN|CHA|RED|WAT,WHP,1,1,1,0,1,0,6,4,2,0,0,0,0,0.0,5,0,1,0,0,0,0,0,0,0.0,0,32,26,0.16666666666666666,0.6666666666666666,,,0.2,0.2,0.2,0.0,0.2,0.0,1.2,0.8,0.4,0.0,0.0,0.0,0.0,0.0,1.0,0.0,0.2,0.0,0.0,0.0,0.0,0.0,0.0,0.0,0.0,6.4,5.2
002030,Jonathan Donville,M,Midfield,last_5,5,2025-07-19,2026-05-16,ARC|CAN|CHA|RED,OUT,2,1,1,0,1,1,6,5,0,0,0,0,0,0.0,5,4,1,0,0,0,0,0,1,1.0,5,71,61,0.16666666666666666,0.8333333333333334,,,0.4,0.2,0.2,0.0,0.2,0.2,1.2,1.0,0.0,0.0,0.0,0.0,0.0,0.0,1.0,0.8,0.2,0.0,0.0,0.0,0.0,0.0,0.2,0.2,1.0,14.2,12.2
002031,Ryan McNulty,LSM,Long Stick Midfield,last_5,3,2024-06-08,2024-08-04,ARC|ATL|RED,CHA,0,0,0,0,0,0,0,0,0,0,0,0,0,0.0,6,0,1,0,0,0,0,0,0,0.0,2,9,9,,,,,0.0,0.0,0.0,0.0,0.0,0.0,0.0,0.0,0.0,0.0,0.0,0.0,0.0,0.0,2.0,0.0,0.3333333333333333,0.0,0.0,0.0,0.0,0.0,0.0,0.0,0.6666666666666666,3.0,3.0
002032,Justin Inacio,FO,Faceoff,last_5,5,2025-08-02,2026-05-31,ARC|ATL|CAN|OUT|WAT,CHA,0,0,0,0,0,0,5,0,0,0,0,0,0,0.0,49,7,1,68,44,112,0,0,1,0.5,1,48,36,0.0,0.0,0.6071428571428571,,0.0,0.0,0.0,0.0,0.0,0.0,1.0,0.0,0.0,0.0,0.0,0.0,0.0,0.0,9.8,1.4,0.2,13.6,8.8,22.4,0.0,0.0,0.2,0.1,0.2,9.6,7.2
002033,Nakeie Montgomery,M,Midfield,last_5,5,2024-07-20,2026-05-17,ARC|CAN|OUT|WAT,RED|WAT,4,2,2,0,2,2,11,7,1,0,0,0,0,0.0,6,3,0,0,0,0,0,0,0,0.0,4,55,41,0.18181818181818182,0.6363636363636364,,,0.8,0.4,0.4,0.0,0.4,0.4,2.2,1.4,0.2,0.0,0.0,0.0,0.0,0.0,1.2,0.6,0.0,0.0,0.0,0.0,0.0,0.0,0.0,0.0,0.8,11.0,8.2
002034,Keegan Khan,M,Midfield,last_5,5,2023-08-12,2024-07-20,ARC|ATL|CAN|CHA,WHP,2,2,2,0,2,0,11,8,0,0,0,0,0,0.0,4,0,1,0,0,0,0,0,0,0.0,0,58,47,0.18181818181818182,0.7272727272727273,,,0.4,0.4,0.4,0.0,0.4,0.0,2.2,1.6,0.0,0.0,0.0,0.0,0.0,0.0,0.8,0.0,0.2,0.0,0.0,0.0,0.0,0.0,0.0,0.0,0.0,11.6,9.4
002035,Max Wayne,D,Defense,last_5,5,2023-07-30,2023-08-26,ATL|RED|WAT|WHP,CAN,0,0,0,0,0,0,0,0,0,0,0,0,0,0.0,13,2,6,0,0,0,0,0,3,2.5,0,29,27,,,,,0.0,0.0,0.0,0.0,0.0,0.0,0.0,0.0,0.0,0.0,0.0,0.0,0.0,0.0,2.6,0.4,1.2,0.0,0.0,0.0,0.0,0.0,0.6,0.5,0.0,5.8,5.4
002036,Jake Higgins,SSDM,Defensive Midfield,last_5,5,2023-07-14,2023-08-26,ARC|ATL|CHA|WHP,WAT,3,2,2,0,2,1,3,3,1,0,0,0,0,0.0,2,4,3,0,0,0,0,0,1,1.0,2,29,22,0.6666666666666666,1.0,,,0.6,0.4,0.4,0.0,0.4,0.2,0.6,0.6,0.2,0.0,0.0,0.0,0.0,0.0,0.4,0.8,0.6,0.0,0.0,0.0,0.0,0.0,0.2,0.2,0.4,5.8,4.4
002037,Bryan McIntosh,D,Defense,last_5,3,2022-06-05,2022-07-24,ARC|ATL|WAT,CAN,0,0,0,0,0,0,0,0,0,0,0,0,0,0.0,5,0,0,0,0,0,0,0,0,0.0,0,13,13,,,,,0.0,0.0,0.0,0.0,0.0,0.0,0.0,0.0,0.0,0.0,0.0,0.0,0.0,0.0,1.6666666666666667,0.0,0.0,0.0,0.0,0.0,0.0,0.0,0.0,0.0,0.0,4.333333333333333,4.333333333333333
002038,Colin Kirst,G,Goalie,last_5,5,2025-08-08,2026-05-29,CHA|RED|WAT|WHP,CAN,0,0,0,0,0,0,1,1,1,59,23,36,69,69.0,6,5,0,0,0,0,67,2,0,0.0,0,72,66,0.0,1.0,,0.855072463768116,0.0,0.0,0.0,0.0,0.0,0.0,0.2,0.2,0.2,11.8,4.6,7.2,13.8,13.8,1.2,1.0,0.0,0.0,0.0,0.0,13.4,0.4,0.0,0.0,0.0,14.4,13.2
002039,Owen McElroy,G,Goalie,last_5,5,2024-08-10,2025-06-06,ARC|CHA|RED|WHP,OUT,0,0,0,0,0,0,0,0,0,49,13,36,60,60.00556,9,1,0,0,0,0,59,1,0,0.0,0,64,63,,,,0.8165909959010464,0.0,0.0,0.0,0.0,0.0,0.0,0.0,0.0,0.0,9.8,2.6,7.2,12.0,12.001112000000001,1.8,0.2,0.0,0.0,0.0,0.0,11.8,0.2,0.0,0.0,0.0,12.8,12.6
002040,Jackson Reid,A,Attack,last_5,5,2022-07-03,2023-06-17,ATL|CAN|OUT|RED|WAT,WHP,3,3,3,0,3,0,10,7,0,0,0,0,0,0.0,1,4,0,0,0,0,0,0,0,0.0,5,46,32,0.3,0.7,,,0.6,0.6,0.6,0.0,0.6,0.0,2.0,1.4,0.0,0.0,0.0,0.0,0.0,0.0,0.2,0.8,0.0,0.0,0.0,0.0,0.0,0.0,0.0,0.0,1.0,9.2,6.4
002041,Mitch Bartolo,M,Midfield,last_5,1,2022-07-31,2022-07-31,CHA,RED,0,0,0,0,0,0,0,0,0,0,0,0,0,0.0,1,1,0,0,0,0,0,0,0,0.0,0,2,1,,,,,0.0,0.0,0.0,0.0,0.0,0.0,0.0,0.0,0.0,0.0,0.0,0.0,0.0,0.0,1.0,1.0,0.0,0.0,0.0,0.0,0.0,0.0,0.0,0.0,0.0,2.0,1.0
002042,Jon Robbins,LSM,Long Stick Midfield,last_5,5,2024-08-17,2026-05-30,CHA|OUT|RED|WHP,ARC|ATL,0,0,0,0,0,0,1,0,1,0,0,0,0,0.0,7,1,4,0,0,0,0,0,0,0.0,0,14,12,0.0,0.0,,,0.0,0.0,0.0,0.0,0.0,0.0,0.2,0.0,0.2,0.0,0.0,0.0,0.0,0.0,1.4,0.2,0.8,0.0,0.0,0.0,0.0,0.0,0.0,0.0,0.0,2.8,2.4
002043,Ryan Aughavin,M,Midfield,last_5,5,2024-06-08,2024-08-18,ATL|CHA|OUT|RED,ARC,4,2,0,1,1,2,10,6,4,0,0,0,0,0.0,2,4,0,0,0,0,0,0,0,0.0,4,49,35,0.1,0.6,,,0.8,0.4,0.0,0.2,0.2,0.4,2.0,1.2,0.8,0.0,0.0,0.0,0.0,0.0,0.4,0.8,0.0,0.0,0.0,0.0,0.0,0.0,0.0,0.0,0.8,9.8,7.0
002046,Kevin Lindley,A,Attack,last_5,2,2023-06-17,2023-08-20,ARC|WAT,CHA,1,1,1,0,1,0,4,2,0,0,0,0,0,0.0,2,1,0,0,0,0,0,0,0,0.0,4,22,17,0.25,0.5,,,0.5,0.5,0.5,0.0,0.5,0.0,2.0,1.0,0.0,0.0,0.0,0.0,0.0,0.0,1.0,0.5,0.0,0.0,0.0,0.0,0.0,0.0,0.0,0.0,2.0,11.0,8.5
002047,Frankie Labetti,FO,Faceoff,last_5,2,2022-06-11,2022-06-18,CAN|CHA,ARC,1,1,1,0,1,0,3,1,0,0,0,0,0,0.0,9,1,1,19,32,51,0,0,1,0.5,2,8,4,0.3333333333333333,0.3333333333333333,0.37254901960784315,,0.5,0.5,0.5,0.0,0.5,0.0,1.5,0.5,0.0,0.0,0.0,0.0,0.0,0.0,4.5,0.5,0.5,9.5,16.0,25.5,0.0,0.0,0.5,0.25,1.0,4.0,2.0
002049,Marc O'Rourke,M,Midfield,last_5,5,2023-06-03,2023-08-12,CHA|RED|WAT|WHP,ATL,4,2,2,0,2,2,14,8,2,0,0,0,0,0.0,1,4,0,0,0,0,0,0,0,0.0,4,66,48,0.14285714285714285,0.5714285714285714,,,0.8,0.4,0.4,0.0,0.4,0.4,2.8,1.6,0.4,0.0,0.0,0.0,0.0,0.0,0.2,0.8,0.0,0.0,0.0,0.0,0.0,0.0,0.0,0.0,0.8,13.2,9.6
002051,Connor DeSimone,A,Attack,last_5,5,2022-06-18,2023-06-09,ATL|CAN|OUT|RED,ARC,7,6,6,0,6,1,17,13,1,0,0,0,0,0.0,2,7,2,0,0,0,0,0,0,0.0,4,110,86,0.35294117647058826,0.7647058823529411,,,1.4,1.2,1.2,0.0,1.2,0.2,3.4,2.6,0.2,0.0,0.0,0.0,0.0,0.0,0.4,1.4,0.4,0.0,0.0,0.0,0.0,0.0,0.0,0.0,0.8,22.0,17.2
002054,Chris Merle,SSDM,Defensive Midfield,last_5,5,2025-05-31,2026-05-16,ARC|CHA|OUT,RED,2,2,2,0,2,0,4,3,0,0,0,0,0,0.0,5,0,1,1,1,2,0,0,2,1.0,1,21,17,0.5,0.75,0.5,,0.4,0.4,0.4,0.0,0.4,0.0,0.8,0.6,0.0,0.0,0.0,0.0,0.0,0.0,1.0,0.0,0.2,0.2,0.2,0.4,0.0,0.0,0.4,0.2,0.2,4.2,3.4
002055,Jakob Phaup,FO,Faceoff,last_5,1,2022-07-23,2022-07-23,RED,ATL,0,0,0,0,0,0,0,0,0,0,0,0,0,0.0,5,1,0,11,18,29,0,0,0,0.0,0,5,4,,,0.3793103448275862,,0.0,0.0,0.0,0.0,0.0,0.0,0.0,0.0,0.0,0.0,0.0,0.0,0.0,0.0,5.0,1.0,0.0,11.0,18.0,29.0,0.0,0.0,0.0,0.0,0.0,5.0,4.0
002056,Matt Rahill,D,Defense,last_5,5,2022-06-25,2023-07-14,CHA|OUT|WAT,CAN|WHP,0,0,0,0,0,0,1,1,1,0,0,0,0,0.0,8,2,0,0,0,0,0,0,1,0.5,0,25,22,0.0,1.0,,,0.0,0.0,0.0,0.0,0.0,0.0,0.2,0.2,0.2,0.0,0.0,0.0,0.0,0.0,1.6,0.4,0.0,0.0,0.0,0.0,0.0,0.0,0.2,0.1,0.0,5.0,4.4
002059,Brendan Krebs,G,Goalie,last_5,5,2024-08-10,2025-06-22,ARC|ATL|CAN|CHA|OUT,WHP,0,0,0,0,0,0,1,0,0,39,17,22,42,42.00313,9,1,1,0,0,0,40,2,0,0.0,0,64,62,0.0,0.0,,0.9285022330478705,0.0,0.0,0.0,0.0,0.0,0.0,0.2,0.0,0.0,7.8,3.4,4.4,8.4,8.400625999999999,1.8,0.2,0.2,0.0,0.0,0.0,8.0,0.4,0.0,0.0,0.0,12.8,12.4
002062,Ryan Hallenbeck,SSDM,Defensive Midfield,last_5,4,2022-06-04,2022-06-24,ATL|CHA|OUT|WHP,RED,0,0,0,0,0,0,2,2,1,0,0,0,0,0.0,2,0,1,0,0,0,0,0,2,1.5,0,20,18,0.0,1.0,,,0.0,0.0,0.0,0.0,0.0,0.0,0.5,0.5,0.25,0.0,0.0,0.0,0.0,0.0,0.5,0.0,0.25,0.0,0.0,0.0,0.0,0.0,0.5,0.375,0.0,5.0,4.5
002063,Ryan Kennedy,LSM,Long Stick Midfield,last_5,5,2023-08-13,2024-08-03,ATL|CAN|CHA|OUT,RED,0,0,0,0,0,0,1,1,0,0,0,0,0,0.0,3,0,0,0,4,4,0,0,0,0.0,1,10,9,0.0,1.0,0.0,,0.0,0.0,0.0,0.0,0.0,0.0,0.2,0.2,0.0,0.0,0.0,0.0,0.0,0.0,0.6,0.0,0.0,0.0,0.8,0.8,0.0,0.0,0.0,0.0,0.2,2.0,1.8
002064,Joe Robertson,A,Attack,last_5,4,2022-06-10,2022-07-31,ARC|ATL|CHA|OUT,RED,2,1,1,0,1,1,9,6,0,0,0,0,0,0.0,2,4,0,0,0,0,0,0,0,0.0,1,27,14,0.1111111111111111,0.6666666666666666,,,0.5,0.25,0.25,0.0,0.25,0.25,2.25,1.5,0.0,0.0,0.0,0.0,0.0,0.0,0.5,1.0,0.0,0.0,0.0,0.0,0.0,0.0,0.0,0.0,0.25,6.75,3.5
002065,Anthony DeMaio,M,Midfield,last_5,5,2022-08-06,2023-07-15,ARC|ATL|CAN|CHA|WAT,RED,1,1,1,0,1,0,13,8,1,0,0,0,0,0.0,2,0,0,0,0,0,0,0,0,0.0,4,54,41,0.07692307692307693,0.6153846153846154,,,0.2,0.2,0.2,0.0,0.2,0.0,2.6,1.6,0.2,0.0,0.0,0.0,0.0,0.0,0.4,0.0,0.0,0.0,0.0,0.0,0.0,0.0,0.0,0.0,0.8,10.8,8.2
002067,Zac Tucci,FO,Faceoff,last_5,5,2025-08-08,2026-05-29,CHA|RED|WAT|WHP,CAN,4,4,2,1,3,0,5,4,1,0,0,0,0,0.0,28,8,1,62,68,131,0,0,1,1.0,0,26,13,0.6,0.8,0.4732824427480916,,0.8,0.8,0.4,0.2,0.6,0.0,1.0,0.8,0.2,0.0,0.0,0.0,0.0,0.0,5.6,1.6,0.2,12.4,13.6,26.2,0.0,0.0,0.2,0.2,0.0,5.2,2.6
002072,Brennan Kamish,SSDM,Defensive Midfield,last_5,5,2022-06-04,2022-07-03,ATL|CHA|RED|WAT,WHP,0,0,0,0,0,0,1,0,0,0,0,0,0,0.0,8,0,4,0,0,0,0,0,0,0.0,2,32,31,0.0,0.0,,,0.0,0.0,0.0,0.0,0.0,0.0,0.2,0.0,0.0,0.0,0.0,0.0,0.0,0.0,1.6,0.0,0.8,0.0,0.0,0.0,0.0,0.0,0.0,0.0,0.4,6.4,6.2
002074,Alexander Smith,SSDM,Defensive Midfield,last_5,5,2025-06-28,2026-05-30,ARC|ATL|RED|WHP,OUT,0,0,0,0,0,0,1,0,1,0,0,0,0,0.0,7,1,2,0,0,0,0,0,0,0.0,0,25,23,0.0,0.0,,,0.0,0.0,0.0,0.0,0.0,0.0,0.2,0.0,0.2,0.0,0.0,0.0,0.0,0.0,1.4,0.2,0.4,0.0,0.0,0.0,0.0,0.0,0.0,0.0,0.0,5.0,4.6
003003,Sean Lulley,M,Midfield,last_5,1,2023-06-04,2023-06-04,OUT,WHP,0,0,0,0,0,0,5,4,0,0,0,0,0,0.0,2,2,0,0,0,0,0,0,0,0.0,5,31,24,0.0,0.8,,,0.0,0.0,0.0,0.0,0.0,0.0,5.0,4.0,0.0,0.0,0.0,0.0,0.0,0.0,2.0,2.0,0.0,0.0,0.0,0.0,0.0,0.0,0.0,0.0,5.0,31.0,24.0
003004,Mike Sisselberger,FO,Faceoff,last_5,5,2025-06-22,2026-05-30,ATL|OUT|RED|WHP,ARC,0,0,0,0,0,0,3,1,0,0,0,0,0,0.0,24,1,0,42,53,95,0,0,0,0.0,0,21,17,0.0,0.3333333333333333,0.4421052631578947,,0.0,0.0,0.0,0.0,0.0,0.0,0.6,0.2,0.0,0.0,0.0,0.0,0.0,0.0,4.8,0.2,0.0,8.4,10.6,19.0,0.0,0.0,0.0,0.0,0.0,4.2,3.4
003005,Connor Maher,SSDM,Defensive Midfield,last_5,5,2025-07-27,2026-05-30,CHA|OUT|RED|WHP,ARC,2,1,1,0,1,1,1,1,0,0,0,0,0,0.0,8,3,3,0,6,6,0,0,0,0.0,1,27,23,1.0,1.0,0.0,,0.4,0.2,0.2,0.0,0.2,0.2,0.2,0.2,0.0,0.0,0.0,0.0,0.0,0.0,1.6,0.6,0.6,0.0,1.2,1.2,0.0,0.0,0.0,0.0,0.2,5.4,4.6
003006,Piper Bond,SSDM,Defensive Midfield,last_5,5,2025-07-27,2026-05-30,CHA|OUT|RED|WHP,ARC,1,1,1,0,1,0,5,2,0,0,0,0,0,0.0,9,4,4,1,9,10,0,0,4,3.0,3,57,48,0.2,0.4,0.1,,0.2,0.2,0.2,0.0,0.2,0.0,1.0,0.4,0.0,0.0,0.0,0.0,0.0,0.0,1.8,0.8,0.8,0.2,1.8,2.0,0.0,0.0,0.8,0.6,0.6,11.4,9.6
003007,Cam Wyers,D,Defense,last_5,5,2025-07-27,2026-05-30,CHA|OUT|RED|WHP,ARC,1,0,0,0,0,1,0,0,0,0,0,0,0,0.0,2,3,3,0,0,0,0,0,2,3.0,1,13,10,,,,,0.2,0.0,0.0,0.0,0.0,0.2,0.0,0.0,0.0,0.0,0.0,0.0,0.0,0.0,0.4,0.6,0.6,0.0,0.0,0.0,0.0,0.0,0.4,0.6,0.2,2.6,2.0
003008,Gavin Adler,D,Defense,last_5,5,2025-08-02,2026-05-31,CAN|CHA|OUT|WAT|WHP,ATL|WAT,0,0,0,0,0,0,0,0,0,0,0,0,0,0.0,8,0,2,0,0,0,0,0,0,0.0,0,25,25,,,,,0.0,0.0,0.0,0.0,0.0,0.0,0.0,0.0,0.0,0.0,0.0,0.0,0.0,0.0,1.6,0.0,0.4,0.0,0.0,0.0,0.0,0.0,0.0,0.0,0.0,5.0,5.0
003009,Brett Makar,D,Defense,last_5,5,2025-07-26,2026-05-30,CHA|OUT|WAT|WHP,ATL,1,0,0,0,0,1,1,0,1,0,0,0,0,0.0,16,6,8,0,0,0,0,0,0,0.0,2,49,42,0.0,0.0,,,0.2,0.0,0.0,0.0,0.0,0.2,0.2,0.0,0.2,0.0,0.0,0.0,0.0,0.0,3.2,1.2,1.6,0.0,0.0,0.0,0.0,0.0,0.0,0.0,0.4,9.8,8.4
003010,Xander Dickson,A,Attack,last_5,5,2025-08-02,2026-05-30,CHA|OUT|WAT|WHP,ATL,8,8,8,0,8,0,28,22,0,0,0,0,0,0.0,5,7,1,0,0,0,0,0,2,1.0,5,83,48,0.2857142857142857,0.7857142857142857,,,1.6,1.6,1.6,0.0,1.6,0.0,5.6,4.4,0.0,0.0,0.0,0.0,0.0,0.0,1.0,1.4,0.2,0.0,0.0,0.0,0.0,0.0,0.4,0.2,1.0,16.6,9.6
003011,Payton Rezanka,SSDM,Defensive Midfield,last_5,5,2024-08-10,2025-06-14,ARC|CAN|CHA|WAT|WHP,ATL,0,0,0,0,0,0,2,0,0,0,0,0,0,0.0,1,0,2,0,1,1,0,0,0,0.0,0,20,18,0.0,0.0,0.0,,0.0,0.0,0.0,0.0,0.0,0.0,0.4,0.0,0.0,0.0,0.0,0.0,0.0,0.0,0.2,0.0,0.4,0.0,0.2,0.2,0.0,0.0,0.0,0.0,0.0,4.0,3.6
003013,Matt Campbell,M,Midfield,last_5,5,2025-08-08,2026-05-29,CHA|RED|WAT|WHP,CAN,10,7,5,1,6,3,25,17,8,0,0,0,0,0.0,4,2,0,0,0,0,0,0,0,0.0,7,154,127,0.24,0.68,,,2.0,1.4,1.0,0.2,1.2,0.6,5.0,3.4,1.6,0.0,0.0,0.0,0.0,0.0,0.8,0.4,0.0,0.0,0.0,0.0,0.0,0.0,0.0,0.0,1.4,30.8,25.4
003015,Will Bowen,D,Defense,last_5,5,2024-06-30,2024-08-17,ARC|CAN|OUT|RED|WAT,CHA,0,0,0,0,0,0,0,0,0,0,0,0,0,0.0,12,3,3,0,0,0,0,0,0,0.0,0,25,22,,,,,0.0,0.0,0.0,0.0,0.0,0.0,0.0,0.0,0.0,0.0,0.0,0.0,0.0,0.0,2.4,0.6,0.6,0.0,0.0,0.0,0.0,0.0,0.0,0.0,0.0,5.0,4.4
003016,Brian Minicus,M,Midfield,last_5,5,2024-07-20,2024-08-17,ARC|CAN|OUT|RED|WHP,CHA,4,2,2,0,2,2,20,8,1,0,0,0,0,0.0,3,7,0,0,0,0,0,0,1,1.0,7,90,63,0.1,0.4,,,0.8,0.4,0.4,0.0,0.4,0.4,4.0,1.6,0.2,0.0,0.0,0.0,0.0,0.0,0.6,1.4,0.0,0.0,0.0,0.0,0.0,0.0,0.2,0.2,1.4,18.0,12.6
003017,Tye Kurtz,A,Attack,last_5,5,2024-06-15,2026-05-15,ARC|CAN|CHA|OUT,CAN|CHA,6,5,5,0,5,1,15,10,0,0,0,0,0,0.0,7,7,0,0,0,0,0,0,1,0.5,5,93,71,0.3333333333333333,0.6666666666666666,,,1.2,1.0,1.0,0.0,1.0,0.2,3.0,2.0,0.0,0.0,0.0,0.0,0.0,0.0,1.4,1.4,0.0,0.0,0.0,0.0,0.0,0.0,0.2,0.1,1.0,18.6,14.2
003018,Nick Rowlett,FO,Faceoff,last_5,5,2024-08-04,2025-06-07,ARC|ATL|OUT|RED,CHA,1,1,1,0,1,0,4,1,0,0,0,0,0,0.0,23,4,1,40,75,117,0,0,1,0.5,2,25,17,0.25,0.25,0.3418803418803419,,0.2,0.2,0.2,0.0,0.2,0.0,0.8,0.2,0.0,0.0,0.0,0.0,0.0,0.0,4.6,0.8,0.2,8.0,15.0,23.4,0.0,0.0,0.2,0.1,0.4,5.0,3.4
003019,Sam Handley,M,Midfield,last_5,5,2024-08-18,2025-07-12,ARC|CHA|OUT|WAT,OUT|RED,7,5,3,1,4,2,23,16,7,0,0,0,0,0.0,4,8,0,0,0,0,0,0,0,0.0,11,100,69,0.17391304347826086,0.6956521739130435,,,1.4,1.0,0.6,0.2,0.8,0.4,4.6,3.2,1.4,0.0,0.0,0.0,0.0,0.0,0.8,1.6,0.0,0.0,0.0,0.0,0.0,0.0,0.0,0.0,2.2,20.0,13.8
003020,Troy Hettinger,LSM,Long Stick Midfield,last_5,5,2023-06-17,2023-08-27,ATL|CAN|CHA|WAT|WHP,OUT,0,0,0,0,0,0,1,0,0,0,0,0,0,0.0,9,0,1,1,17,18,0,0,0,0.0,1,14,13,0.0,0.0,0.05555555555555555,,0.0,0.0,0.0,0.0,0.0,0.0,0.2,0.0,0.0,0.0,0.0,0.0,0.0,0.0,1.8,0.0,0.2,0.2,3.4,3.6,0.0,0.0,0.0,0.0,0.2,2.8,2.6
003021,Jack Myers,A,Attack,last_5,4,2023-07-09,2024-06-08,ARC|CHA|WAT,OUT|WHP,6,4,4,0,4,2,14,10,0,0,0,0,0,0.0,2,4,0,0,0,0,0,0,0,0.0,13,101,83,0.2857142857142857,0.7142857142857143,,,1.5,1.0,1.0,0.0,1.0,0.5,3.5,2.5,0.0,0.0,0.0,0.0,0.0,0.0,0.5,1.0,0.0,0.0,0.0,0.0,0.0,0.0,0.0,0.0,3.25,25.25,20.75
003022,Cross Ferrara,M,Midfield,last_5,5,2025-06-06,2025-07-26,ARC|OUT|RED|WAT,CHA,4,4,4,0,4,0,17,9,1,0,0,0,0,0.0,0,5,0,0,0,0,0,0,0,0.0,2,58,36,0.23529411764705882,0.5294117647058824,,,0.8,0.8,0.8,0.0,0.8,0.0,3.4,1.8,0.2,0.0,0.0,0.0,0.0,0.0,0.0,1.0,0.0,0.0,0.0,0.0,0.0,0.0,0.0,0.0,0.4,11.6,7.2
003023,Owen Grant,D,Defense,last_5,5,2025-08-08,2026-05-29,CHA|RED|WAT|WHP,CAN,2,1,1,0,1,1,4,2,3,0,0,0,0,0.0,8,0,6,0,0,0,0,0,3,2.5,1,40,36,0.25,0.5,,,0.4,0.2,0.2,0.0,0.2,0.2,0.8,0.4,0.6,0.0,0.0,0.0,0.0,0.0,1.6,0.0,1.2,0.0,0.0,0.0,0.0,0.0,0.6,0.5,0.2,8.0,7.2
003024,Brian Tevlin,SSDM,Defensive Midfield,last_5,5,2025-07-26,2026-05-16,ARC|CAN|OUT|WHP,RED,3,1,1,0,1,2,8,5,2,0,0,0,0,0.0,14,0,8,0,2,2,0,0,1,1.0,5,58,50,0.125,0.625,0.0,,0.6,0.2,0.2,0.0,0.2,0.4,1.6,1.0,0.4,0.0,0.0,0.0,0.0,0.0,2.8,0.0,1.6,0.0,0.4,0.4,0.0,0.0,0.2,0.2,1.0,11.6,10.0
003025,Cole Kirst,M,Midfield,last_5,5,2024-07-28,2025-07-18,ARC|ATL|OUT|WAT|WHP,RED,5,3,3,0,3,2,10,9,0,0,0,0,0,0.0,1,3,0,0,0,0,0,0,0,0.0,4,67,54,0.3,0.9,,,1.0,0.6,0.6,0.0,0.6,0.4,2.0,1.8,0.0,0.0,0.0,0.0,0.0,0.0,0.2,0.6,0.0,0.0,0.0,0.0,0.0,0.0,0.0,0.0,0.8,13.4,10.8
003027,Thomas McConvey,M,Midfield,last_5,5,2025-08-02,2026-05-31,ATL|CAN|CHA|WHP,WAT,6,4,4,0,4,2,14,10,0,0,0,0,0,0.0,5,1,1,0,0,0,0,0,0,0.0,14,115,100,0.2857142857142857,0.7142857142857143,,,1.2,0.8,0.8,0.0,0.8,0.4,2.8,2.0,0.0,0.0,0.0,0.0,0.0,0.0,1.0,0.2,0.2,0.0,0.0,0.0,0.0,0.0,0.0,0.0,2.8,23.0,20.0
003028,Alex Mazzone,LSM,Long Stick Midfield,last_5,5,2025-05-31,2025-07-26,ARC|ATL|CAN|OUT,WHP,0,0,0,0,0,0,2,1,2,0,0,0,0,0.0,6,0,2,0,0,0,0,0,0,0.0,1,11,9,0.0,0.5,,,0.0,0.0,0.0,0.0,0.0,0.0,0.4,0.2,0.4,0.0,0.0,0.0,0.0,0.0,1.2,0.0,0.4,0.0,0.0,0.0,0.0,0.0,0.0,0.0,0.2,2.2,1.8
003029,Chris Fake,D,Defense,last_5,5,2025-07-26,2026-05-16,ARC|CAN|OUT|WHP,RED,0,0,0,0,0,0,1,1,1,0,0,0,0,0.0,7,2,2,0,0,0,0,0,0,0.0,2,30,27,0.0,1.0,,,0.0,0.0,0.0,0.0,0.0,0.0,0.2,0.2,0.2,0.0,0.0,0.0,0.0,0.0,1.4,0.4,0.4,0.0,0.0,0.0,0.0,0.0,0.0,0.0,0.4,6.0,5.4
003030,James Reilly,FO,Faceoff,last_5,3,2023-06-10,2024-08-17,ATL|CAN|RED,CHA|WAT,0,0,0,0,0,0,0,0,0,0,0,0,0,0.0,9,1,0,26,35,61,0,0,0,0.0,0,10,9,,,0.4262295081967213,,0.0,0.0,0.0,0.0,0.0,0.0,0.0,0.0,0.0,0.0,0.0,0.0,0.0,0.0,3.0,0.3333333333333333,0.0,8.666666666666666,11.666666666666666,20.333333333333332,0.0,0.0,0.0,0.0,0.0,3.3333333333333335,3.0
003031,Tucker Dordevic,M,Midfield,last_5,5,2023-08-26,2024-08-04,CAN|CHA|RED|WAT,WHP,12,12,6,3,9,0,29,17,7,0,0,0,0,0.0,6,5,0,0,0,0,0,0,0,0.0,3,106,72,0.3103448275862069,0.5862068965517241,,,2.4,2.4,1.2,0.6,1.8,0.0,5.8,3.4,1.4,0.0,0.0,0.0,0.0,0.0,1.2,1.0,0.0,0.0,0.0,0.0,0.0,0.0,0.0,0.0,0.6,21.2,14.4
003032,Petey LaSalla,FO,Faceoff,last_5,5,2024-06-02,2026-05-30,ARC|ATL|CAN|WAT,WHP,3,3,3,0,3,0,4,3,0,0,0,0,0,0.0,23,3,0,50,67,117,0,0,0,0.0,0,22,15,0.75,0.75,0.42735042735042733,,0.6,0.6,0.6,0.0,0.6,0.0,0.8,0.6,0.0,0.0,0.0,0.0,0.0,0.0,4.6,0.6,0.0,10.0,13.4,23.4,0.0,0.0,0.0,0.0,0.0,4.4,3.0
003033,Garrett Leadmon,M,Midfield,last_5,5,2023-07-09,2024-06-16,ARC|ATL|CAN|WAT,WHP,2,2,0,1,1,0,17,9,5,0,0,0,0,0.0,3,8,0,0,0,0,0,0,0,0.0,3,73,48,0.058823529411764705,0.5294117647058824,,,0.4,0.4,0.0,0.2,0.2,0.0,3.4,1.8,1.0,0.0,0.0,0.0,0.0,0.0,0.6,1.6,0.0,0.0,0.0,0.0,0.0,0.0,0.0,0.0,0.6,14.6,9.6
003039,Chet Comizio,SSDM,Defensive Midfield,last_5,5,2025-07-18,2026-05-09,CHA|OUT|RED|WAT|WHP,ATL,0,0,0,0,0,0,1,1,0,0,0,0,0,0.0,4,1,2,0,1,1,0,0,5,3.0,0,36,34,0.0,1.0,0.0,,0.0,0.0,0.0,0.0,0.0,0.0,0.2,0.2,0.0,0.0,0.0,0.0,0.0,0.0,0.8,0.2,0.4,0.0,0.2,0.2,0.0,0.0,1.0,0.6,0.0,7.2,6.8
003041,Ethan Rall,LSM,Long Stick Midfield,last_5,5,2025-08-08,2026-05-29,CHA|RED|WAT|WHP,CAN,1,1,1,0,1,0,4,2,3,0,0,0,0,0.0,11,2,5,0,0,0,0,0,0,0.0,0,18,12,0.25,0.5,,,0.2,0.2,0.2,0.0,0.2,0.0,0.8,0.4,0.6,0.0,0.0,0.0,0.0,0.0,2.2,0.4,1.0,0.0,0.0,0.0,0.0,0.0,0.0,0.0,0.0,3.6,2.4
003045,Alex Simmons,A,Attack,last_5,1,2024-07-20,2024-07-20,ARC,RED,0,0,0,0,0,0,1,0,0,0,0,0,0,0.0,1,1,0,0,0,0,0,0,0,0.0,0,14,12,0.0,0.0,,,0.0,0.0,0.0,0.0,0.0,0.0,1.0,0.0,0.0,0.0,0.0,0.0,0.0,0.0,1.0,1.0,0.0,0.0,0.0,0.0,0.0,0.0,0.0,0.0,0.0,14.0,12.0
003048,TJ Malone,A,Attack,last_5,5,2025-08-09,2026-05-30,ARC|ATL|CAN|WAT,WHP,13,10,10,0,10,3,30,21,0,0,0,0,0,0.0,7,6,0,0,0,0,0,0,0,0.0,8,145,109,0.3333333333333333,0.7,,,2.6,2.0,2.0,0.0,2.0,0.6,6.0,4.2,0.0,0.0,0.0,0.0,0.0,0.0,1.4,1.2,0.0,0.0,0.0,0.0,0.0,0.0,0.0,0.0,1.6,29.0,21.8
003049,John Geppert,LSM,Long Stick Midfield,last_5,3,2023-08-12,2023-08-26,CAN|RED|WAT,ATL,0,0,0,0,0,0,1,1,1,0,0,0,0,0.0,7,2,4,0,1,1,0,0,0,0.0,0,13,10,0.0,1.0,0.0,,0.0,0.0,0.0,0.0,0.0,0.0,0.3333333333333333,0.3333333333333333,0.3333333333333333,0.0,0.0,0.0,0.0,0.0,2.3333333333333335,0.6666666666666666,1.3333333333333333,0.0,0.3333333333333333,0.3333333333333333,0.0,0.0,0.0,0.0,0.0,4.333333333333333,3.3333333333333335
003052,Kyle Borda,M,Midfield,last_5,2,2023-06-10,2023-06-16,ATL|RED,WAT,0,0,0,0,0,0,3,3,0,0,0,0,0,0.0,0,0,0,0,0,0,0,0,0,0.0,1,13,10,0.0,1.0,,,0.0,0.0,0.0,0.0,0.0,0.0,1.5,1.5,0.0,0.0,0.0,0.0,0.0,0.0,0.0,0.0,0.0,0.0,0.0,0.0,0.0,0.0,0.0,0.0,0.5,6.5,5.0
003054,Jeff Conner,M,Midfield,last_5,5,2023-06-16,2023-08-26,ARC|ATL|OUT|WHP,WAT,4,2,2,0,2,2,4,3,0,0,0,0,0,0.0,1,0,0,0,0,0,0,0,0,0.0,7,34,30,0.5,0.75,,,0.8,0.4,0.4,0.0,0.4,0.4,0.8,0.6,0.0,0.0,0.0,0.0,0.0,0.0,0.2,0.0,0.0,0.0,0.0,0.0,0.0,0.0,0.0,0.0,1.4,6.8,6.0
003056,Grayson Sallade,SSDM,Defensive Midfield,last_5,1,2023-06-10,2023-06-10,ATL,WHP,0,0,0,0,0,0,0,0,0,0,0,0,0,0.0,2,0,0,0,0,0,0,0,0,0.0,1,5,5,,,,,0.0,0.0,0.0,0.0,0.0,0.0,0.0,0.0,0.0,0.0,0.0,0.0,0.0,0.0,2.0,0.0,0.0,0.0,0.0,0.0,0.0,0.0,0.0,0.0,1.0,5.0,5.0
003059,BJ Farrare,SSDM,Defensive Midfield,last_5,5,2025-07-26,2026-05-16,ARC|CAN|OUT|WHP,RED,0,0,0,0,0,0,1,0,0,0,0,0,0,0.0,7,1,7,0,0,0,0,0,1,0.5,0,30,28,0.0,0.0,,,0.0,0.0,0.0,0.0,0.0,0.0,0.2,0.0,0.0,0.0,0.0,0.0,0.0,0.0,1.4,0.2,1.4,0.0,0.0,0.0,0.0,0.0,0.2,0.1,0.0,6.0,5.6
003068,Dylan Gergar,M,Midfield,last_5,2,2024-06-29,2024-07-06,ATL|RED,OUT,2,2,2,0,2,0,12,6,2,0,0,0,0,0.0,3,1,1,0,0,0,0,0,0,0.0,0,26,13,0.16666666666666666,0.5,,,1.0,1.0,1.0,0.0,1.0,0.0,6.0,3.0,1.0,0.0,0.0,0.0,0.0,0.0,1.5,0.5,0.5,0.0,0.0,0.0,0.0,0.0,0.0,0.0,0.0,13.0,6.5
003069,Ricky Miezan,SSDM,Defensive Midfield,last_5,4,2024-07-05,2024-07-28,ARC|CAN|CHA|WHP,RED,0,0,0,0,0,0,2,1,1,0,0,0,0,0.0,2,0,2,0,0,0,0,0,0,0.0,0,9,7,0.0,0.5,,,0.0,0.0,0.0,0.0,0.0,0.0,0.5,0.25,0.25,0.0,0.0,0.0,0.0,0.0,0.5,0.0,0.5,0.0,0.0,0.0,0.0,0.0,0.0,0.0,0.0,2.25,1.75
003070,Ronan Jacoby,M,Midfield,last_5,5,2024-06-02,2024-08-10,ARC|CHA|OUT|RED|WHP,ATL,4,1,1,0,1,3,12,8,3,0,0,0,0,0.0,2,1,1,0,0,0,0,0,0,0.0,5,76,63,0.08333333333333333,0.6666666666666666,,,0.8,0.2,0.2,0.0,0.2,0.6,2.4,1.6,0.6,0.0,0.0,0.0,0.0,0.0,0.4,0.2,0.2,0.0,0.0,0.0,0.0,0.0,0.0,0.0,1.0,15.2,12.6
003072,Kevin Winkoff,M,Midfield,last_5,3,2024-06-16,2024-07-06,ARC|ATL|WAT,WHP,4,1,1,0,1,3,11,5,2,0,0,0,0,0.0,2,5,1,0,0,0,0,0,0,0.0,8,44,28,0.09090909090909091,0.45454545454545453,,,1.3333333333333333,0.3333333333333333,0.3333333333333333,0.0,0.3333333333333333,1.0,3.6666666666666665,1.6666666666666667,0.6666666666666666,0.0,0.0,0.0,0.0,0.0,0.6666666666666666,1.6666666666666667,0.3333333333333333,0.0,0.0,0.0,0.0,0.0,0.0,0.0,2.6666666666666665,14.666666666666666,9.333333333333334
003073,Ron John,SSDM,Defensive Midfield,last_5,1,2024-06-29,2024-06-29,OUT,RED,0,0,0,0,0,0,0,0,0,0,0,0,0,0.0,1,0,0,0,0,0,0,0,0,0.0,0,2,2,,,,,0.0,0.0,0.0,0.0,0.0,0.0,0.0,0.0,0.0,0.0,0.0,0.0,0.0,0.0,1.0,0.0,0.0,0.0,0.0,0.0,0.0,0.0,0.0,0.0,0.0,2.0,2.0
003075,Brennan O'Neill,A,Attack,last_5,5,2025-08-02,2026-05-30,ARC|ATL|CHA|RED,OUT,12,7,5,1,6,5,41,23,3,0,0,0,0,0.0,5,8,0,0,0,0,0,0,0,0.0,22,178,129,0.14634146341463414,0.5609756097560976,,,2.4,1.4,1.0,0.2,1.2,1.0,8.2,4.6,0.6,0.0,0.0,0.0,0.0,0.0,1.0,1.6,0.0,0.0,0.0,0.0,0.0,0.0,0.0,0.0,4.4,35.6,25.8
003076,Connor Shellenberger,A,Attack,last_5,5,2025-08-02,2026-05-30,CHA|OUT|WAT|WHP,ATL,17,9,9,0,9,8,22,19,0,0,0,0,0,0.0,3,8,0,0,0,0,0,0,1,1.0,29,160,130,0.4090909090909091,0.8636363636363636,,,3.4,1.8,1.8,0.0,1.8,1.6,4.4,3.8,0.0,0.0,0.0,0.0,0.0,0.0,0.6,1.6,0.0,0.0,0.0,0.0,0.0,0.0,0.2,0.2,5.8,32.0,26.0
003077,Ajax Zappitello,D,Defense,last_5,5,2025-08-09,2026-05-30,ARC|ATL|CAN|WAT,WHP,0,0,0,0,0,0,1,0,0,0,0,0,0,0.0,7,1,9,0,0,0,0,0,0,0.0,0,56,54,0.0,0.0,,,0.0,0.0,0.0,0.0,0.0,0.0,0.2,0.0,0.0,0.0,0.0,0.0,0.0,0.0,1.4,0.2,1.8,0.0,0.0,0.0,0.0,0.0,0.0,0.0,0.0,11.2,10.8
003078,Shane Knobloch,M,Midfield,last_5,5,2025-08-02,2026-05-31,ARC|ATL|CAN|OUT|WAT,CHA,12,10,8,1,9,2,32,19,4,0,0,0,0,0.0,3,5,0,0,0,0,0,0,0,0.0,13,120,83,0.28125,0.59375,,,2.4,2.0,1.6,0.2,1.8,0.4,6.4,3.8,0.8,0.0,0.0,0.0,0.0,0.0,0.6,1.0,0.0,0.0,0.0,0.0,0.0,0.0,0.0,0.0,2.6,24.0,16.6
003079,Liam Entenmann,G,Goalie,last_5,5,2025-08-02,2026-05-30,CHA|OUT|WAT|WHP,ATL,0,0,0,0,0,0,3,0,3,82,31,51,72,70.3268,9,2,0,0,0,0,68,4,0,0.0,0,96,91,0.0,0.0,,1.1659850867663535,0.0,0.0,0.0,0.0,0.0,0.0,0.6,0.0,0.6,16.4,6.2,10.2,14.4,14.065360000000002,1.8,0.4,0.0,0.0,0.0,0.0,13.6,0.8,0.0,0.0,0.0,19.2,18.2
003080,Pat Kavanagh,A,Attack,last_5,5,2025-07-13,2025-08-02,ARC|ATL|CAN|CHA|WHP,OUT,18,9,9,0,9,9,47,25,2,0,0,0,0,0.0,11,14,0,0,0,0,0,0,5,3.5,25,230,169,0.19148936170212766,0.5319148936170213,,,3.6,1.8,1.8,0.0,1.8,1.8,9.4,5.0,0.4,0.0,0.0,0.0,0.0,0.0,2.2,2.8,0.0,0.0,0.0,0.0,0.0,0.0,1.0,0.7,5.0,46.0,33.8
003081,Matt Brandau,M,Midfield,last_5,5,2025-08-09,2026-05-30,ARC|ATL|CAN|WAT,WHP,12,8,8,0,8,4,31,24,2,0,0,0,0,0.0,7,4,0,0,0,0,0,0,1,0.5,6,155,120,0.25806451612903225,0.7741935483870968,,,2.4,1.6,1.6,0.0,1.6,0.8,6.2,4.8,0.4,0.0,0.0,0.0,0.0,0.0,1.4,0.8,0.0,0.0,0.0,0.0,0.0,0.0,0.2,0.1,1.2,31.0,24.0
003082,Mason Woodward,D,Defense,last_5,5,2025-07-27,2026-05-30,CHA|OUT|RED|WHP,ARC,3,2,0,1,1,1,7,4,6,0,0,0,0,0.0,10,0,0,0,0,0,0,0,1,0.5,6,57,50,0.14285714285714285,0.5714285714285714,,,0.6,0.4,0.0,0.2,0.2,0.2,1.4,0.8,1.2,0.0,0.0,0.0,0.0,0.0,2.0,0.0,0.0,0.0,0.0,0.0,0.0,0.0,0.2,0.1,1.2,11.4,10.0
003083,Jake Piseno,LSM,Long Stick Midfield,last_5,5,2025-08-02,2026-05-30,ARC|ATL|CHA|RED,OUT,3,2,0,1,1,1,9,2,6,0,0,0,0,0.0,18,2,5,0,0,0,0,0,0,0.0,1,44,33,0.1111111111111111,0.2222222222222222,,,0.6,0.4,0.0,0.2,0.2,0.2,1.8,0.4,1.2,0.0,0.0,0.0,0.0,0.0,3.6,0.4,1.0,0.0,0.0,0.0,0.0,0.0,0.0,0.0,0.2,8.8,6.6
003084,Jake Stevens,M,Midfield,last_5,5,2025-08-02,2026-05-30,CHA|OUT|WAT|WHP,ATL,2,1,1,0,1,1,8,7,1,0,0,0,0,0.0,4,9,0,0,0,0,0,0,1,1.0,4,66,49,0.125,0.875,,,0.4,0.2,0.2,0.0,0.2,0.2,1.6,1.4,0.2,0.0,0.0,0.0,0.0,0.0,0.8,1.8,0.0,0.0,0.0,0.0,0.0,0.0,0.2,0.2,0.8,13.2,9.8
003085,Graham Bundy,M,Midfield,last_5,5,2025-08-02,2026-05-30,ARC|ATL|CHA|RED,OUT,5,4,2,1,3,1,19,13,10,0,0,0,0,0.0,5,4,0,0,0,0,0,0,1,0.5,2,108,85,0.15789473684210525,0.6842105263157895,,,1.0,0.8,0.4,0.2,0.6,0.2,3.8,2.6,2.0,0.0,0.0,0.0,0.0,0.0,1.0,0.8,0.0,0.0,0.0,0.0,0.0,0.0,0.2,0.1,0.4,21.6,17.0
003086,Eric Dobson,M,Midfield,last_5,5,2024-08-04,2025-06-07,ARC|ATL|OUT|RED,CHA,1,1,1,0,1,0,12,5,4,0,0,0,0,0.0,2,10,0,0,0,0,0,0,0,0.0,2,83,61,0.08333333333333333,0.4166666666666667,,,0.2,0.2,0.2,0.0,0.2,0.0,2.4,1.0,0.8,0.0,0.0,0.0,0.0,0.0,0.4,2.0,0.0,0.0,0.0,0.0,0.0,0.0,0.0,0.0,0.4,16.6,12.2
003087,Beau Pederson,SSDM,Defensive Midfield,last_5,5,2025-07-27,2026-05-30,CHA|OUT|RED|WHP,ARC,3,1,1,0,1,2,6,3,3,0,0,0,0,0.0,10,5,2,4,8,12,0,0,1,0.5,4,38,27,0.16666666666666666,0.5,0.3333333333333333,,0.6,0.2,0.2,0.0,0.2,0.4,1.2,0.6,0.6,0.0,0.0,0.0,0.0,0.0,2.0,1.0,0.4,0.8,1.6,2.4,0.0,0.0,0.2,0.1,0.8,7.6,5.4
003088,Alexander Vardaro,M,Midfield,last_5,5,2024-08-04,2025-07-11,ARC|ATL|CHA|WHP,CAN,6,3,3,0,3,3,18,9,3,0,0,0,0,0.0,1,5,0,0,0,0,0,0,0,0.0,15,84,61,0.16666666666666666,0.5,,,1.2,0.6,0.6,0.0,0.6,0.6,3.6,1.8,0.6,0.0,0.0,0.0,0.0,0.0,0.2,1.0,0.0,0.0,0.0,0.0,0.0,0.0,0.0,0.0,3.0,16.8,12.2
003089,Kenny Brower,D,Defense,last_5,5,2025-07-20,2026-05-31,ATL|CAN|CHA|WHP,WAT,0,0,0,0,0,0,1,1,1,0,0,0,0,0.0,9,0,4,0,0,0,0,0,1,1.0,0,22,21,0.0,1.0,,,0.0,0.0,0.0,0.0,0.0,0.0,0.2,0.2,0.2,0.0,0.0,0.0,0.0,0.0,1.8,0.0,0.8,0.0,0.0,0.0,0.0,0.0,0.2,0.2,0.0,4.4,4.2
003090,Dyson Williams,M,Midfield,last_5,5,2025-07-19,2026-05-09,CHA|OUT|RED,ARC,5,5,5,0,5,0,14,12,0,0,0,0,0,0.0,1,3,0,0,0,0,0,0,0,0.0,1,34,17,0.35714285714285715,0.8571428571428571,,,1.0,1.0,1.0,0.0,1.0,0.0,2.8,2.4,0.0,0.0,0.0,0.0,0.0,0.0,0.2,0.6,0.0,0.0,0.0,0.0,0.0,0.0,0.0,0.0,0.2,6.8,3.4
003091,Garrett Degnon,M,Midfield,last_5,5,2024-07-05,2025-06-22,ATL|CAN|OUT|RED|WHP,CHA|RED,6,4,4,0,4,2,21,9,3,0,0,0,0,0.0,6,2,0,0,0,0,0,0,1,1.0,2,90,67,0.19047619047619047,0.42857142857142855,,,1.2,0.8,0.8,0.0,0.8,0.4,4.2,1.8,0.6,0.0,0.0,0.0,0.0,0.0,1.2,0.4,0.0,0.0,0.0,0.0,0.0,0.0,0.2,0.2,0.4,18.0,13.4
003092,Josh Zawada,A,Attack,last_5,5,2025-07-12,2025-08-09,ARC|OUT|RED|WAT,CHA,9,6,6,0,6,3,24,18,0,0,0,0,0,0.0,7,8,1,0,0,0,0,0,0,0.0,10,179,147,0.25,0.75,,,1.8,1.2,1.2,0.0,1.2,0.6,4.8,3.6,0.0,0.0,0.0,0.0,0.0,0.0,1.4,1.6,0.2,0.0,0.0,0.0,0.0,0.0,0.0,0.0,2.0,35.8,29.4
003093,Ross Scott,M,Midfield,last_5,5,2025-08-02,2026-05-31,ARC|ATL|CAN|OUT|WAT,CHA,8,6,6,0,6,2,18,9,0,0,0,0,0,0.0,7,8,1,0,0,0,0,0,0,0.0,12,129,103,0.3333333333333333,0.5,,,1.6,1.2,1.2,0.0,1.2,0.4,3.6,1.8,0.0,0.0,0.0,0.0,0.0,0.0,1.4,1.6,0.2,0.0,0.0,0.0,0.0,0.0,0.0,0.0,2.4,25.8,20.6
003094,Levi Anderson,M,Midfield,last_5,5,2025-08-03,2026-05-30,CAN|CHA|OUT|RED|WHP,ATL|WHP,9,8,4,2,6,1,21,13,2,0,0,0,0,0.0,3,3,0,0,0,0,0,0,1,0.5,2,64,40,0.2857142857142857,0.6190476190476191,,,1.8,1.6,0.8,0.4,1.2,0.2,4.2,2.6,0.4,0.0,0.0,0.0,0.0,0.0,0.6,0.6,0.0,0.0,0.0,0.0,0.0,0.0,0.2,0.1,0.4,12.8,8.0
003095,Stephen Zupicich,LSM,Long Stick Midfield,last_5,3,2024-06-02,2024-06-28,ATL|CAN,WHP,1,0,0,0,0,1,1,0,1,0,0,0,0,0.0,2,1,0,0,0,0,0,0,0,0.0,1,7,5,0.0,0.0,,,0.3333333333333333,0.0,0.0,0.0,0.0,0.3333333333333333,0.3333333333333333,0.0,0.3333333333333333,0.0,0.0,0.0,0.0,0.0,0.6666666666666666,0.3333333333333333,0.0,0.0,0.0,0.0,0.0,0.0,0.0,0.0,0.3333333333333333,2.3333333333333335,1.6666666666666667
003096,Marcus Hudgins,LSM,Long Stick Midfield,last_5,5,2025-07-20,2026-05-31,CAN|CHA|WHP,WAT,0,0,0,0,0,0,0,0,0,0,0,0,0,0.0,10,2,7,0,0,0,0,0,1,0.5,1,19,17,,,,,0.0,0.0,0.0,0.0,0.0,0.0,0.0,0.0,0.0,0.0,0.0,0.0,0.0,0.0,2.0,0.4,1.4,0.0,0.0,0.0,0.0,0.0,0.2,0.1,0.2,3.8,3.4
003097,Colby Barsz,D,Defense,last_5,2,2024-06-08,2024-08-18,OUT,ARC,0,0,0,0,0,0,0,0,0,0,0,0,0,0.0,5,2,1,0,0,0,0,0,0,0.0,0,6,4,,,,,0.0,0.0,0.0,0.0,0.0,0.0,0.0,0.0,0.0,0.0,0.0,0.0,0.0,0.0,2.5,1.0,0.5,0.0,0.0,0.0,0.0,0.0,0.0,0.0,0.0,3.0,2.0
003098,Luke Wierman,FO,Faceoff,last_5,5,2025-08-02,2026-05-30,ARC|ATL|CHA|RED,OUT,3,2,2,0,2,1,8,4,1,0,0,0,0,0.0,21,2,5,53,59,112,0,0,0,0.0,2,30,20,0.25,0.5,0.4732142857142857,,0.6,0.4,0.4,0.0,0.4,0.2,1.6,0.8,0.2,0.0,0.0,0.0,0.0,0.0,4.2,0.4,1.0,10.6,11.8,22.4,0.0,0.0,0.0,0.0,0.4,6.0,4.0
003099,Tyler Carpenter,LSM,Long Stick Midfield,last_5,5,2025-08-02,2026-05-30,CHA|OUT|WAT|WHP,ATL,1,0,0,0,0,1,1,1,1,0,0,0,0,0.0,15,2,3,0,0,0,0,0,0,0.0,1,35,32,0.0,1.0,,,0.2,0.0,0.0,0.0,0.0,0.2,0.2,0.2,0.2,0.0,0.0,0.0,0.0,0.0,3.0,0.4,0.6,0.0,0.0,0.0,0.0,0.0,0.0,0.0,0.2,7.0,6.4
003100,Adam Poitras,M,Midfield,last_5,5,2025-08-09,2026-05-30,ARC|ATL|CAN|WAT,WHP,11,10,10,0,10,1,26,16,0,0,0,0,0,0.0,13,1,0,0,0,0,0,0,1,0.5,2,123,96,0.38461538461538464,0.6153846153846154,,,2.2,2.0,2.0,0.0,2.0,0.2,5.2,3.2,0.0,0.0,0.0,0.0,0.0,0.0,2.6,0.2,0.0,0.0,0.0,0.0,0.0,0.0,0.2,0.1,0.4,24.6,19.2
003101,Dylan Hess,SSDM,Defensive Midfield,last_5,5,2025-07-20,2026-05-09,ATL|CAN|CHA|WHP,WAT,3,2,2,0,2,1,5,3,1,0,0,0,0,0.0,8,0,1,0,3,3,0,0,0,0.0,4,41,36,0.4,0.6,0.0,,0.6,0.4,0.4,0.0,0.4,0.2,1.0,0.6,0.2,0.0,0.0,0.0,0.0,0.0,1.6,0.0,0.2,0.0,0.6,0.6,0.0,0.0,0.0,0.0,0.8,8.2,7.2
003102,Chayse Ierlan,G,Goalie,last_5,5,2025-07-12,2025-08-08,ARC|ATL|CAN|CHA|WHP,RED,0,0,0,0,0,0,0,0,0,64,21,43,66,66.0,6,2,1,0,0,0,62,4,0,0.0,0,70,68,,,,0.9696969696969697,0.0,0.0,0.0,0.0,0.0,0.0,0.0,0.0,0.0,12.8,4.2,8.6,13.2,13.2,1.2,0.4,0.2,0.0,0.0,0.0,12.4,0.8,0.0,0.0,0.0,14.0,13.6
003103,Scott Smith,D,Defense,last_5,5,2025-08-02,2026-05-31,ARC|ATL|CAN|OUT|WAT,CHA,0,0,0,0,0,0,5,2,3,0,0,0,0,0.0,5,2,4,0,0,0,0,0,2,2.5,1,22,15,0.0,0.4,,,0.0,0.0,0.0,0.0,0.0,0.0,1.0,0.4,0.6,0.0,0.0,0.0,0.0,0.0,1.0,0.4,0.8,0.0,0.0,0.0,0.0,0.0,0.4,0.5,0.2,4.4,3.0
003104,Michael Boehm,A,Attack,last_5,4,2024-08-10,2026-05-16,ARC|OUT|RED,RED|WAT,10,4,4,0,4,6,15,9,0,0,0,0,0,0.0,9,4,0,0,0,0,0,0,0,0.0,13,134,115,0.26666666666666666,0.6,,,2.5,1.0,1.0,0.0,1.0,1.5,3.75,2.25,0.0,0.0,0.0,0.0,0.0,0.0,2.25,1.0,0.0,0.0,0.0,0.0,0.0,0.0,0.0,0.0,3.25,33.5,28.75
003105,Cole Kastner,D,Defense,last_5,5,2025-07-18,2026-05-09,ARC|ATL|CAN|WHP,RED,0,0,0,0,0,0,0,0,0,0,0,0,0,0.0,4,0,5,0,0,0,0,0,0,0.0,1,26,26,,,,,0.0,0.0,0.0,0.0,0.0,0.0,0.0,0.0,0.0,0.0,0.0,0.0,0.0,0.0,0.8,0.0,1.0,0.0,0.0,0.0,0.0,0.0,0.0,0.0,0.2,5.2,5.2
003106,Dalton Young,M,Midfield,last_5,5,2025-08-02,2026-05-30,ARC|ATL|CHA|RED,OUT,7,3,3,0,3,4,19,14,0,0,0,0,0,0.0,2,6,0,0,0,0,0,0,0,0.0,7,95,70,0.15789473684210525,0.7368421052631579,,,1.4,0.6,0.6,0.0,0.6,0.8,3.8,2.8,0.0,0.0,0.0,0.0,0.0,0.0,0.4,1.2,0.0,0.0,0.0,0.0,0.0,0.0,0.0,0.0,1.4,19.0,14.0
003108,Will Mark,G,Goalie,last_5,2,2025-05-31,2025-07-26,CAN|WHP,ATL,0,0,0,0,0,0,0,0,0,0,0,0,0,0.0,1,0,0,0,0,0,0,0,0,0.0,0,1,1,,,,,0.0,0.0,0.0,0.0,0.0,0.0,0.0,0.0,0.0,0.0,0.0,0.0,0.0,0.0,0.5,0.0,0.0,0.0,0.0,0.0,0.0,0.0,0.0,0.0,0.0,0.5,0.5
003109,Chris Conlin,D,Defense,last_5,5,2025-07-26,2026-05-16,ARC|CAN|OUT|WHP,RED,0,0,0,0,0,0,0,0,0,0,0,0,0,0.0,13,4,2,0,0,0,0,0,1,0.5,1,37,33,,,,,0.0,0.0,0.0,0.0,0.0,0.0,0.0,0.0,0.0,0.0,0.0,0.0,0.0,0.0,2.6,0.8,0.4,0.0,0.0,0.0,0.0,0.0,0.2,0.1,0.2,7.4,6.6
003110,Carter Parlette,SSDM,Defensive Midfield,last_5,1,2025-06-28,2025-06-28,WAT,RED,0,0,0,0,0,0,0,0,0,0,0,0,0,0.0,1,0,0,0,0,0,0,0,0,0.0,0,5,5,,,,,0.0,0.0,0.0,0.0,0.0,0.0,0.0,0.0,0.0,0.0,0.0,0.0,0.0,0.0,1.0,0.0,0.0,0.0,0.0,0.0,0.0,0.0,0.0,0.0,0.0,5.0,5.0
003111,AJ Mercurio,D,Defense,last_5,1,2024-08-03,2024-08-03,WHP,WAT,0,0,0,0,0,0,0,0,0,0,0,0,0,0.0,0,0,1,0,0,0,0,0,0,0.0,0,2,2,,,,,0.0,0.0,0.0,0.0,0.0,0.0,0.0,0.0,0.0,0.0,0.0,0.0,0.0,0.0,0.0,0.0,1.0,0.0,0.0,0.0,0.0,0.0,0.0,0.0,0.0,2.0,2.0
003112,Jack DiBenedetto,D,Defense,last_5,4,2024-06-01,2025-08-02,ATL|CAN|CHA|WAT,ARC|WAT,0,0,0,0,0,0,0,0,0,0,0,0,0,0.0,5,2,2,0,0,0,0,0,0,0.0,0,17,15,,,,,0.0,0.0,0.0,0.0,0.0,0.0,0.0,0.0,0.0,0.0,0.0,0.0,0.0,0.0,1.25,0.5,0.5,0.0,0.0,0.0,0.0,0.0,0.0,0.0,0.0,4.25,3.75
003114,Saam Olexo,LSM,Long Stick Midfield,last_5,1,2024-08-18,2024-08-18,ARC,OUT,0,0,0,0,0,0,0,0,0,0,0,0,0,0.0,1,0,1,0,0,0,0,0,2,1.5,0,1,1,,,,,0.0,0.0,0.0,0.0,0.0,0.0,0.0,0.0,0.0,0.0,0.0,0.0,0.0,0.0,1.0,0.0,1.0,0.0,0.0,0.0,0.0,0.0,2.0,1.5,0.0,1.0,1.0
003115,Payton Cormier,A,Attack,last_5,2,2024-06-28,2024-08-17,WAT|WHP,ATL,6,5,5,0,5,1,11,9,1,0,0,0,0,0.0,2,1,0,0,0,0,0,0,0,0.0,5,27,15,0.45454545454545453,0.8181818181818182,,,3.0,2.5,2.5,0.0,2.5,0.5,5.5,4.5,0.5,0.0,0.0,0.0,0.0,0.0,1.0,0.5,0.0,0.0,0.0,0.0,0.0,0.0,0.0,0.0,2.5,13.5,7.5
003119,Alec Stathakis,FO,Faceoff,last_5,5,2025-07-12,2025-08-09,ARC|ATL|CAN|CHA|WHP,WAT,1,1,1,0,1,0,7,2,3,0,0,0,0,0.0,30,3,2,68,60,129,0,0,0,0.0,1,41,31,0.14285714285714285,0.2857142857142857,0.5271317829457365,,0.2,0.2,0.2,0.0,0.2,0.0,1.4,0.4,0.6,0.0,0.0,0.0,0.0,0.0,6.0,0.6,0.4,13.6,12.0,25.8,0.0,0.0,0.0,0.0,0.2,8.2,6.2
003120,Jack VanOverbeke,M,Midfield,last_5,5,2025-06-06,2025-07-13,ARC|CHA|RED|WAT|WHP,OUT,1,0,0,0,0,1,11,8,0,0,0,0,0,0.0,2,4,0,0,0,0,0,0,0,0.0,2,48,33,0.0,0.7272727272727273,,,0.2,0.0,0.0,0.0,0.0,0.2,2.2,1.6,0.0,0.0,0.0,0.0,0.0,0.0,0.4,0.8,0.0,0.0,0.0,0.0,0.0,0.0,0.0,0.0,0.4,9.6,6.6
003121,Brayden Mayea,A,Attack,last_5,5,2024-06-30,2026-05-16,ARC|OUT|RED|WAT|WHP,CHA|RED,5,5,5,0,5,0,20,12,0,0,0,0,0,0.0,9,5,1,0,0,0,0,0,2,1.0,5,86,61,0.25,0.6,,,1.0,1.0,1.0,0.0,1.0,0.0,4.0,2.4,0.0,0.0,0.0,0.0,0.0,0.0,1.8,1.0,0.2,0.0,0.0,0.0,0.0,0.0,0.4,0.2,1.0,17.2,12.2
003125,Matt Knote,G,Goalie,last_5,1,2025-08-03,2025-08-03,WHP,RED,0,0,0,0,0,0,0,0,0,0,0,0,0,0.0,0,0,0,0,0,0,0,0,0,0.0,0,1,1,,,,,0.0,0.0,0.0,0.0,0.0,0.0,0.0,0.0,0.0,0.0,0.0,0.0,0.0,0.0,0.0,0.0,0.0,0.0,0.0,0.0,0.0,0.0,0.0,0.0,0.0,1.0,1.0
003126,Mike Robinson,A,Attack,last_5,1,2024-06-29,2024-06-29,ARC,CAN,0,0,0,0,0,0,1,1,0,0,0,0,0,0.0,3,2,0,0,0,0,0,0,0,0.0,0,24,21,0.0,1.0,,,0.0,0.0,0.0,0.0,0.0,0.0,1.0,1.0,0.0,0.0,0.0,0.0,0.0,0.0,3.0,2.0,0.0,0.0,0.0,0.0,0.0,0.0,0.0,0.0,0.0,24.0,21.0
003128,Jack Posey,D,Defense,last_5,5,2025-06-07,2026-05-16,ATL|CAN|RED|WAT|WHP,CHA|WHP,1,0,0,0,0,1,0,0,0,0,0,0,0,0.0,3,2,3,0,0,0,0,0,2,2.0,1,16,14,,,,,0.2,0.0,0.0,0.0,0.0,0.2,0.0,0.0,0.0,0.0,0.0,0.0,0.0,0.0,0.6,0.4,0.6,0.0,0.0,0.0,0.0,0.0,0.4,0.4,0.2,3.2,2.8
003136,Jake Naso,FO,Faceoff,last_5,4,2025-07-12,2025-07-27,CHA|OUT|RED|WAT,ARC,0,0,0,0,0,0,4,1,1,0,0,0,0,0.0,14,2,0,30,59,90,0,0,1,0.5,0,15,9,0.0,0.25,0.3333333333333333,,0.0,0.0,0.0,0.0,0.0,0.0,1.0,0.25,0.25,0.0,0.0,0.0,0.0,0.0,3.5,0.5,0.0,7.5,14.75,22.5,0.0,0.0,0.25,0.125,0.0,3.75,2.25
003142,Jack Koras,M,Midfield,last_5,5,2024-06-28,2024-08-10,ARC|ATL|CAN|OUT|RED,WHP,4,3,3,0,3,1,10,8,0,0,0,0,0,0.0,16,1,4,0,0,0,0,0,0,0.0,4,61,50,0.3,0.8,,,0.8,0.6,0.6,0.0,0.6,0.2,2.0,1.6,0.0,0.0,0.0,0.0,0.0,0.0,3.2,0.2,0.8,0.0,0.0,0.0,0.0,0.0,0.0,0.0,0.8,12.2,10.0
003143,Logan McGovern,M,Midfield,last_5,3,2024-07-20,2024-08-17,CAN|WAT,ATL,3,3,3,0,3,0,11,9,0,0,0,0,0,0.0,4,3,0,0,0,0,0,0,1,0.5,4,59,45,0.2727272727272727,0.8181818181818182,,,1.0,1.0,1.0,0.0,1.0,0.0,3.6666666666666665,3.0,0.0,0.0,0.0,0.0,0.0,0.0,1.3333333333333333,1.0,0.0,0.0,0.0,0.0,0.0,0.0,0.3333333333333333,0.16666666666666666,1.3333333333333333,19.666666666666668,15.0
003149,JJ Sillstrop,M,Midfield,last_5,5,2025-07-12,2025-08-09,ARC|OUT|RED|WAT,CHA,1,1,1,0,1,0,8,7,0,0,0,0,0,0.0,2,4,0,0,0,0,0,0,0,0.0,4,50,38,0.125,0.875,,,0.2,0.2,0.2,0.0,0.2,0.0,1.6,1.4,0.0,0.0,0.0,0.0,0.0,0.0,0.4,0.8,0.0,0.0,0.0,0.0,0.0,0.0,0.0,0.0,0.8,10.0,7.6
003151,Nathan Laliberte,FO,Faceoff,last_5,2,2026-05-09,2026-05-16,CHA|WHP,ATL,0,0,0,0,0,0,2,1,1,0,0,0,0,0.0,7,1,0,26,24,50,0,0,1,0.5,0,7,4,0.0,0.5,0.52,,0.0,0.0,0.0,0.0,0.0,0.0,1.0,0.5,0.5,0.0,0.0,0.0,0.0,0.0,3.5,0.5,0.0,13.0,12.0,25.0,0.0,0.0,0.5,0.25,0.0,3.5,2.0
003152,James Shipley,SSDM,Defensive Midfield,last_5,1,2026-05-09,2026-05-09,WAT,WHP,0,0,0,0,0,0,0,0,0,0,0,0,0,0.0,3,1,0,0,2,2,0,0,0,0.0,1,13,12,,,0.0,,0.0,0.0,0.0,0.0,0.0,0.0,0.0,0.0,0.0,0.0,0.0,0.0,0.0,0.0,3.0,1.0,0.0,0.0,2.0,2.0,0.0,0.0,0.0,0.0,1.0,13.0,12.0
003156,Aidan Danenza,M,Midfield,last_5,5,2025-07-26,2026-05-16,ARC|CAN|OUT|WHP,RED,10,9,9,0,9,1,35,21,4,0,0,0,0,0.0,7,6,1,0,0,0,0,0,0,0.0,6,126,85,0.2571428571428571,0.6,,,2.0,1.8,1.8,0.0,1.8,0.2,7.0,4.2,0.8,0.0,0.0,0.0,0.0,0.0,1.4,1.2,0.2,0.0,0.0,0.0,0.0,0.0,0.0,0.0,1.2,25.2,17.0
003157,Graydon Hogg,A,Attack,last_5,5,2025-06-13,2026-05-29,CHA|WAT|WHP,CAN,3,2,2,0,2,1,13,8,0,0,0,0,0,0.0,4,4,0,0,0,0,0,0,0,0.0,6,95,78,0.15384615384615385,0.6153846153846154,,,0.6,0.4,0.4,0.0,0.4,0.2,2.6,1.6,0.0,0.0,0.0,0.0,0.0,0.0,0.8,0.8,0.0,0.0,0.0,0.0,0.0,0.0,0.0,0.0,1.2,19.0,15.6
003159,CJ Kirst,A,Attack,last_5,5,2025-07-20,2026-05-31,ATL|CAN|CHA|WHP,WAT,18,12,12,0,12,6,33,25,0,0,0,0,0,0.0,5,4,2,0,0,0,0,0,0,0.0,16,144,107,0.36363636363636365,0.7575757575757576,,,3.6,2.4,2.4,0.0,2.4,1.2,6.6,5.0,0.0,0.0,0.0,0.0,0.0,0.0,1.0,0.8,0.4,0.0,0.0,0.0,0.0,0.0,0.0,0.0,3.2,28.8,21.4
003160,Andrew McAdorey,M,Midfield,last_5,5,2025-07-26,2026-05-16,ARC|CAN|OUT|WHP,RED,9,5,5,0,5,4,20,11,3,0,0,0,0,0.0,11,8,0,1,1,2,0,0,1,1.0,17,153,125,0.25,0.55,0.5,,1.8,1.0,1.0,0.0,1.0,0.8,4.0,2.2,0.6,0.0,0.0,0.0,0.0,0.0,2.2,1.6,0.0,0.2,0.2,0.4,0.0,0.0,0.2,0.2,3.4,30.6,25.0
003161,Sam English,M,Midfield,last_5,4,2025-06-14,2025-07-12,ARC|CHA|OUT|WAT,RED,4,3,3,0,3,1,12,8,1,0,0,0,0,0.0,9,8,5,0,0,0,0,0,0,0.0,4,79,59,0.25,0.6666666666666666,,,1.0,0.75,0.75,0.0,0.75,0.25,3.0,2.0,0.25,0.0,0.0,0.0,0.0,0.0,2.25,2.0,1.25,0.0,0.0,0.0,0.0,0.0,0.0,0.0,1.0,19.75,14.75
003162,Coulter Mackesy,A,Attack,last_5,5,2025-08-08,2026-05-29,CHA|RED|WAT|WHP,CAN,15,12,8,2,10,3,38,21,7,0,0,0,0,0.0,10,7,3,0,0,0,0,0,0,0.0,10,149,104,0.2631578947368421,0.5526315789473685,,,3.0,2.4,1.6,0.4,2.0,0.6,7.6,4.2,1.4,0.0,0.0,0.0,0.0,0.0,2.0,1.4,0.6,0.0,0.0,0.0,0.0,0.0,0.0,0.0,2.0,29.8,20.8
003163,Brendan Lavelle,D,Defense,last_5,5,2025-07-27,2026-05-30,CHA|OUT|RED|WHP,ARC,1,0,0,0,0,1,2,1,2,0,0,0,0,0.0,17,1,5,0,0,0,0,0,1,1.0,1,41,38,0.0,0.5,,,0.2,0.0,0.0,0.0,0.0,0.2,0.4,0.2,0.4,0.0,0.0,0.0,0.0,0.0,3.4,0.2,1.0,0.0,0.0,0.0,0.0,0.0,0.2,0.2,0.2,8.2,7.6
003164,Matt Traynor,M,Midfield,last_5,5,2025-08-02,2026-05-30,CHA|OUT|WAT|WHP,ATL,6,5,5,0,5,1,30,19,0,0,0,0,0,0.0,5,5,0,0,0,0,0,0,0,0.0,8,98,63,0.16666666666666666,0.6333333333333333,,,1.2,1.0,1.0,0.0,1.0,0.2,6.0,3.8,0.0,0.0,0.0,0.0,0.0,0.0,1.0,1.0,0.0,0.0,0.0,0.0,0.0,0.0,0.0,0.0,1.6,19.6,12.6
003165,Aidan Carroll,A,Attack,last_5,5,2025-08-09,2026-05-30,ARC|ATL|CAN|WAT,WHP,16,12,12,0,12,4,33,22,3,0,0,0,0,0.0,5,4,0,0,0,0,0,0,1,0.5,10,162,125,0.36363636363636365,0.6666666666666666,,,3.2,2.4,2.4,0.0,2.4,0.8,6.6,4.4,0.6,0.0,0.0,0.0,0.0,0.0,1.0,0.8,0.0,0.0,0.0,0.0,0.0,0.0,0.2,0.1,2.0,32.4,25.0
003166,Owen Hiltz,A,Attack,last_5,5,2025-07-19,2026-05-31,ARC|OUT|WAT,CHA,19,11,11,0,11,8,32,24,1,0,0,0,0,0.0,6,11,2,0,0,0,0,0,1,1.0,16,153,110,0.34375,0.75,,,3.8,2.2,2.2,0.0,2.2,1.6,6.4,4.8,0.2,0.0,0.0,0.0,0.0,0.0,1.2,2.2,0.4,0.0,0.0,0.0,0.0,0.0,0.2,0.2,3.2,30.6,22.0
003167,Jake Taylor,A,Attack,last_5,5,2025-07-20,2026-05-17,CAN|CHA|WHP,WAT,5,3,3,0,3,2,15,10,0,0,0,0,0,0.0,8,2,1,0,0,0,0,0,0,0.0,2,47,30,0.2,0.6666666666666666,,,1.0,0.6,0.6,0.0,0.6,0.4,3.0,2.0,0.0,0.0,0.0,0.0,0.0,0.0,1.6,0.4,0.2,0.0,0.0,0.0,0.0,0.0,0.0,0.0,0.4,9.4,6.0
003168,Chris Kavanagh,A,Attack,last_5,5,2025-07-12,2025-08-08,ARC|ATL|CAN|CHA|WHP,RED,23,14,14,0,14,9,39,27,2,0,0,0,0,0.0,11,3,1,0,0,0,0,0,1,2.0,25,211,169,0.358974358974359,0.6923076923076923,,,4.6,2.8,2.8,0.0,2.8,1.8,7.8,5.4,0.4,0.0,0.0,0.0,0.0,0.0,2.2,0.6,0.2,0.0,0.0,0.0,0.0,0.0,0.2,0.4,5.0,42.2,33.8
003169,Logan McNaney,G,Goalie,last_5,5,2025-08-02,2026-05-30,ARC|ATL|CHA|RED,OUT,0,0,0,0,0,0,2,1,2,64,40,24,52,50.48342,14,3,3,0,0,0,49,3,0,0.0,0,101,96,0.0,0.5,,1.267742954023321,0.0,0.0,0.0,0.0,0.0,0.0,0.4,0.2,0.4,12.8,8.0,4.8,10.4,10.096684,2.8,0.6,0.6,0.0,0.0,0.0,9.8,0.6,0.0,0.0,0.0,20.2,19.2
003170,Mic Kelly,M,Midfield,last_5,5,2025-07-11,2026-05-29,ATL|CHA|OUT|WAT|WHP,CAN,9,6,4,1,5,3,29,20,4,0,0,0,0,0.0,5,7,2,0,0,0,0,0,1,0.5,10,133,97,0.1724137931034483,0.6896551724137931,,,1.8,1.2,0.8,0.2,1.0,0.6,5.8,4.0,0.8,0.0,0.0,0.0,0.0,0.0,1.0,1.4,0.4,0.0,0.0,0.0,0.0,0.0,0.2,0.1,2.0,26.6,19.4
003171,Levi Verch,LSM,Long Stick Midfield,last_5,5,2025-07-12,2025-08-09,ARC|OUT|RED|WAT,CHA,0,0,0,0,0,0,1,1,0,0,0,0,0,0.0,11,2,3,0,0,0,0,0,1,1.0,0,16,13,0.0,1.0,,,0.0,0.0,0.0,0.0,0.0,0.0,0.2,0.2,0.0,0.0,0.0,0.0,0.0,0.0,2.2,0.4,0.6,0.0,0.0,0.0,0.0,0.0,0.2,0.2,0.0,3.2,2.6
003172,Max Krevsky,SSDM,Defensive Midfield,last_5,5,2025-07-26,2026-05-16,CHA|OUT|WAT|WHP,ATL,2,0,0,0,0,2,1,0,1,0,0,0,0,0.0,5,3,4,0,1,1,0,0,1,1.0,3,45,41,0.0,0.0,0.0,,0.4,0.0,0.0,0.0,0.0,0.4,0.2,0.0,0.2,0.0,0.0,0.0,0.0,0.0,1.0,0.6,0.8,0.0,0.2,0.2,0.0,0.0,0.2,0.2,0.6,9.0,8.2
003173,Jack McDonald,LSM,Long Stick Midfield,last_5,5,2025-08-09,2026-05-30,ARC|ATL|CAN|WAT,WHP,0,0,0,0,0,0,2,2,0,0,0,0,0,0.0,7,1,2,0,0,0,0,0,1,1.0,2,21,18,0.0,1.0,,,0.0,0.0,0.0,0.0,0.0,0.0,0.4,0.4,0.0,0.0,0.0,0.0,0.0,0.0,1.4,0.2,0.4,0.0,0.0,0.0,0.0,0.0,0.2,0.2,0.4,4.2,3.6
003174,Sam King,A,Attack,last_5,5,2025-07-27,2026-05-30,CHA|OUT|RED|WHP,ARC,11,8,8,0,8,3,24,15,0,0,0,0,0,0.0,12,14,1,0,0,0,0,0,1,0.5,19,162,124,0.3333333333333333,0.625,,,2.2,1.6,1.6,0.0,1.6,0.6,4.8,3.0,0.0,0.0,0.0,0.0,0.0,0.0,2.4,2.8,0.2,0.0,0.0,0.0,0.0,0.0,0.2,0.1,3.8,32.4,24.8
003176,Emmet Carroll,G,Goalie,last_5,5,2025-08-09,2026-05-30,ARC|ATL|CAN|WAT,WHP,0,0,0,0,0,0,1,0,1,64,30,34,45,45.0,9,1,0,0,0,0,41,4,0,0.0,0,97,95,0.0,0.0,,1.4222222222222223,0.0,0.0,0.0,0.0,0.0,0.0,0.2,0.0,0.2,12.8,6.0,6.8,9.0,9.0,1.8,0.2,0.0,0.0,0.0,0.0,8.2,0.8,0.0,0.0,0.0,19.4,19.0
003177,Mitchell Dunham,D,Defense,last_5,3,2026-05-09,2026-05-30,OUT|RED|WHP,ARC,0,0,0,0,0,0,0,0,0,0,0,0,0,0.0,9,1,8,0,0,0,0,0,2,2.0,0,23,22,,,,,0.0,0.0,0.0,0.0,0.0,0.0,0.0,0.0,0.0,0.0,0.0,0.0,0.0,0.0,3.0,0.3333333333333333,2.6666666666666665,0.0,0.0,0.0,0.0,0.0,0.6666666666666666,0.6666666666666666,0.0,7.666666666666667,7.333333333333333
003178,Michael Grace,LSM,Long Stick Midfield,last_5,5,2025-07-11,2025-08-09,CAN|OUT|RED|WAT|WHP,ATL,8,5,1,2,3,3,4,4,3,0,0,0,0,0.0,13,0,5,0,0,0,0,0,1,1.0,7,39,35,0.75,1.0,,,1.6,1.0,0.2,0.4,0.6,0.6,0.8,0.8,0.6,0.0,0.0,0.0,0.0,0.0,2.6,0.0,1.0,0.0,0.0,0.0,0.0,0.0,0.2,0.2,1.4,7.8,7.0
003179,Ben Wayer,LSM,Long Stick Midfield,last_5,5,2025-07-26,2026-05-17,ATL|CAN|CHA|WHP,WAT,0,0,0,0,0,0,6,1,5,0,0,0,0,0.0,12,2,5,0,0,0,0,0,2,1.5,1,42,34,0.0,0.16666666666666666,,,0.0,0.0,0.0,0.0,0.0,0.0,1.2,0.2,1.0,0.0,0.0,0.0,0.0,0.0,2.4,0.4,1.0,0.0,0.0,0.0,0.0,0.0,0.4,0.3,0.2,8.4,6.8
003180,Christian Mazur,SSDM,Defensive Midfield,last_5,5,2025-07-13,2025-08-09,ATL|CAN|OUT|RED|WAT,WHP,1,1,1,0,1,0,1,1,0,0,0,0,0,0.0,8,1,1,0,0,0,0,0,0,0.0,3,38,36,1.0,1.0,,,0.2,0.2,0.2,0.0,0.2,0.0,0.2,0.2,0.0,0.0,0.0,0.0,0.0,0.0,1.6,0.2,0.2,0.0,0.0,0.0,0.0,0.0,0.0,0.0,0.6,7.6,7.2
003181,Jimmy Freehill,D,Defense,last_5,5,2025-08-02,2026-05-31,ATL|CAN|CHA|WHP,WAT,2,2,0,1,1,0,1,1,1,0,0,0,0,0.0,8,3,3,0,0,0,0,0,1,1.0,0,30,26,1.0,1.0,,,0.4,0.4,0.0,0.2,0.2,0.0,0.2,0.2,0.2,0.0,0.0,0.0,0.0,0.0,1.6,0.6,0.6,0.0,0.0,0.0,0.0,0.0,0.2,0.2,0.0,6.0,5.2
003182,Kevin Parnham,D,Defense,last_5,1,2026-05-09,2026-05-09,ARC,OUT,0,0,0,0,0,0,0,0,0,0,0,0,0,0.0,1,0,0,0,0,0,0,0,0,0.0,0,8,8,,,,,0.0,0.0,0.0,0.0,0.0,0.0,0.0,0.0,0.0,0.0,0.0,0.0,0.0,0.0,1.0,0.0,0.0,0.0,0.0,0.0,0.0,0.0,0.0,0.0,0.0,8.0,8.0
003183,Jack Gray,SSDM,Defensive Midfield,last_5,5,2025-08-02,2026-05-30,ARC|ATL|CHA|RED,OUT,0,0,0,0,0,0,0,0,0,0,0,0,0,0.0,2,1,3,2,4,6,0,0,4,2.0,0,12,11,,,0.3333333333333333,,0.0,0.0,0.0,0.0,0.0,0.0,0.0,0.0,0.0,0.0,0.0,0.0,0.0,0.0,0.4,0.2,0.6,0.4,0.8,1.2,0.0,0.0,0.8,0.4,0.0,2.4,2.2
003184,Ben Ramsey,SSDM,Defensive Midfield,last_5,5,2025-08-08,2026-05-29,CHA|RED|WAT|WHP,CAN,0,0,0,0,0,0,4,3,1,0,0,0,0,0.0,9,3,0,0,0,0,0,0,1,0.5,3,40,33,0.0,0.75,,,0.0,0.0,0.0,0.0,0.0,0.0,0.8,0.6,0.2,0.0,0.0,0.0,0.0,0.0,1.8,0.6,0.0,0.0,0.0,0.0,0.0,0.0,0.2,0.1,0.6,8.0,6.6
003185,Carter Rice,SSDM,Defensive Midfield,last_5,5,2025-07-26,2026-05-16,ARC|CAN|OUT|WHP,RED,0,0,0,0,0,0,0,0,0,0,0,0,0,0.0,8,2,4,0,0,0,0,0,2,1.0,1,34,32,,,,,0.0,0.0,0.0,0.0,0.0,0.0,0.0,0.0,0.0,0.0,0.0,0.0,0.0,0.0,1.6,0.4,0.8,0.0,0.0,0.0,0.0,0.0,0.4,0.2,0.2,6.8,6.4
003186,Hugh Kelleher,M,Midfield,last_5,5,2025-06-28,2026-05-30,ARC|CAN|OUT|RED|WAT,ATL,4,3,3,0,3,1,15,6,4,0,0,0,0,0.0,6,5,0,0,0,0,0,0,0,0.0,4,66,46,0.2,0.4,,,0.8,0.6,0.6,0.0,0.6,0.2,3.0,1.2,0.8,0.0,0.0,0.0,0.0,0.0,1.2,1.0,0.0,0.0,0.0,0.0,0.0,0.0,0.0,0.0,0.8,13.2,9.2
003188,Bryce Ford,M,Midfield,last_5,4,2025-05-31,2026-05-09,CAN|CHA|OUT|WHP,ARC,2,2,2,0,2,0,7,3,0,0,0,0,0,0.0,2,3,0,0,0,0,0,0,0,0.0,3,40,30,0.2857142857142857,0.42857142857142855,,,0.5,0.5,0.5,0.0,0.5,0.0,1.75,0.75,0.0,0.0,0.0,0.0,0.0,0.0,0.5,0.75,0.0,0.0,0.0,0.0,0.0,0.0,0.0,0.0,0.75,10.0,7.5
003190,AJ Pilate,D,Defense,last_5,3,2025-06-22,2025-07-13,ARC|RED|WHP,OUT,0,0,0,0,0,0,1,0,0,0,0,0,0,0.0,4,1,1,0,0,0,0,0,0,0.0,0,6,4,0.0,0.0,,,0.0,0.0,0.0,0.0,0.0,0.0,0.3333333333333333,0.0,0.0,0.0,0.0,0.0,0.0,0.0,1.3333333333333333,0.3333333333333333,0.3333333333333333,0.0,0.0,0.0,0.0,0.0,0.0,0.0,0.0,2.0,1.3333333333333333
003192,Jackson Eicher,A,Attack,last_5,5,2025-08-02,2026-05-31,ARC|ATL|CAN|OUT|WAT,CHA,16,13,11,1,12,3,35,19,8,0,0,0,0,0.0,4,6,1,0,0,0,0,0,0,0.0,8,114,73,0.34285714285714286,0.5428571428571428,,,3.2,2.6,2.2,0.2,2.4,0.6,7.0,3.8,1.6,0.0,0.0,0.0,0.0,0.0,0.8,1.2,0.2,0.0,0.0,0.0,0.0,0.0,0.0,0.0,1.6,22.8,14.6
003193,Kyle Aldridge,SSDM,Defensive Midfield,last_5,2,2025-07-26,2025-08-03,ATL|RED,WHP,0,0,0,0,0,0,0,0,0,0,0,0,0,0.0,4,0,1,0,0,0,0,0,0,0.0,0,15,15,,,,,0.0,0.0,0.0,0.0,0.0,0.0,0.0,0.0,0.0,0.0,0.0,0.0,0.0,0.0,2.0,0.0,0.5,0.0,0.0,0.0,0.0,0.0,0.0,0.0,0.0,7.5,7.5
003194,Colin Sharkey,SSDM,Defensive Midfield,last_5,2,2026-05-09,2026-05-09,OUT|RED,ARC,0,0,0,0,0,0,1,1,0,0,0,0,0,0.0,1,0,0,0,0,0,0,0,0,0.0,0,8,7,0.0,1.0,,,0.0,0.0,0.0,0.0,0.0,0.0,0.5,0.5,0.0,0.0,0.0,0.0,0.0,0.0,0.5,0.0,0.0,0.0,0.0,0.0,0.0,0.0,0.0,0.0,0.0,4.0,3.5
003195,Brian Kelly,A,Attack,last_5,2,2026-05-17,2026-05-29,WAT|WHP,CAN,8,5,5,0,5,3,10,7,0,0,0,0,0,0.0,5,4,0,0,0,0,0,0,0,0.0,4,55,41,0.5,0.7,,,4.0,2.5,2.5,0.0,2.5,1.5,5.0,3.5,0.0,0.0,0.0,0.0,0.0,0.0,2.5,2.0,0.0,0.0,0.0,0.0,0.0,0.0,0.0,0.0,2.0,27.5,20.5
003203,CK Giancola,M,Midfield,last_5,3,2026-05-09,2026-05-30,OUT|RED|WHP,ARC,4,4,4,0,4,0,16,10,6,0,0,0,0,0.0,5,3,0,0,0,0,0,0,1,0.5,5,87,68,0.25,0.625,,,1.3333333333333333,1.3333333333333333,1.3333333333333333,0.0,1.3333333333333333,0.0,5.333333333333333,3.3333333333333335,2.0,0.0,0.0,0.0,0.0,0.0,1.6666666666666667,1.0,0.0,0.0,0.0,0.0,0.0,0.0,0.3333333333333333,0.16666666666666666,1.6666666666666667,29.0,22.666666666666668
003206,Greg Langermeier,SSDM,Defensive Midfield,last_5,5,2025-07-12,2025-08-09,ARC|OUT|RED|WAT,CHA,1,0,0,0,0,1,1,0,0,0,0,0,0,0.0,4,3,3,1,2,3,0,0,0,0.0,3,28,24,0.0,0.0,0.3333333333333333,,0.2,0.0,0.0,0.0,0.0,0.2,0.2,0.0,0.0,0.0,0.0,0.0,0.0,0.0,0.8,0.6,0.6,0.2,0.4,0.6,0.0,0.0,0.0,0.0,0.6,5.6,4.8
003208,Max Merklinger,A,Attack,last_5,2,2025-06-28,2025-07-27,ATL|OUT,ARC,0,0,0,0,0,0,4,2,1,0,0,0,0,0.0,1,2,0,0,0,0,0,0,0,0.0,1,22,16,0.0,0.5,,,0.0,0.0,0.0,0.0,0.0,0.0,2.0,1.0,0.5,0.0,0.0,0.0,0.0,0.0,0.5,1.0,0.0,0.0,0.0,0.0,0.0,0.0,0.0,0.0,0.5,11.0,8.0
003209,Michael Lampert,A,Attack,last_5,4,2025-06-13,2026-05-09,ARC|ATL|CAN|WHP,WAT,1,0,0,0,0,1,4,2,0,0,0,0,0,0.0,0,4,0,0,0,0,0,0,0,0.0,2,27,19,0.0,0.5,,,0.25,0.0,0.0,0.0,0.0,0.25,1.0,0.5,0.0,0.0,0.0,0.0,0.0,0.0,0.0,1.0,0.0,0.0,0.0,0.0,0.0,0.0,0.0,0.0,0.5,6.75,4.75
003211,Josh Balcarcel,M,Midfield,last_5,5,2025-07-26,2026-05-16,ARC|CAN|OUT|WHP,RED,5,3,3,0,3,2,9,8,0,0,0,0,0,0.0,3,2,0,0,0,0,0,0,0,0.0,6,66,55,0.3333333333333333,0.8888888888888888,,,1.0,0.6,0.6,0.0,0.6,0.4,1.8,1.6,0.0,0.0,0.0,0.0,0.0,0.0,0.6,0.4,0.0,0.0,0.0,0.0,0.0,0.0,0.0,0.0,1.2,13.2,11.0
003212,Ray Dearth,SSDM,Defensive Midfield,last_5,5,2025-08-02,2026-05-31,ARC|ATL|CAN|OUT|WAT,CHA,2,1,1,0,1,1,2,1,0,0,0,0,0,0.0,6,0,2,1,5,6,0,0,1,0.5,2,32,30,0.5,0.5,0.16666666666666666,,0.4,0.2,0.2,0.0,0.2,0.2,0.4,0.2,0.0,0.0,0.0,0.0,0.0,0.0,1.2,0.0,0.4,0.2,1.0,1.2,0.0,0.0,0.2,0.1,0.4,6.4,6.0
003215,Tommy Stull,LSM,Long Stick Midfield,last_5,1,2026-05-09,2026-05-09,RED,ARC,0,0,0,0,0,0,0,0,0,0,0,0,0,0.0,3,0,1,0,0,0,0,0,0,0.0,0,3,3,,,,,0.0,0.0,0.0,0.0,0.0,0.0,0.0,0.0,0.0,0.0,0.0,0.0,0.0,0.0,3.0,0.0,1.0,0.0,0.0,0.0,0.0,0.0,0.0,0.0,0.0,3.0,3.0
003228,Remington Reynolds,D,Defense,last_5,3,2026-05-15,2026-05-29,CHA|WAT|WHP,CAN,0,0,0,0,0,0,1,0,0,0,0,0,0,0.0,7,0,1,0,0,0,0,0,3,3.5,0,15,14,0.0,0.0,,,0.0,0.0,0.0,0.0,0.0,0.0,0.3333333333333333,0.0,0.0,0.0,0.0,0.0,0.0,0.0,2.3333333333333335,0.0,0.3333333333333333,0.0,0.0,0.0,0.0,0.0,1.0,1.1666666666666667,0.0,5.0,4.666666666666667
003232,Casey Wilson,M,Midfield,last_5,1,2026-05-31,2026-05-31,CHA,WAT,0,0,0,0,0,0,0,0,0,0,0,0,0,0.0,1,1,0,0,0,0,0,0,0,0.0,0,5,4,,,,,0.0,0.0,0.0,0.0,0.0,0.0,0.0,0.0,0.0,0.0,0.0,0.0,0.0,0.0,1.0,1.0,0.0,0.0,0.0,0.0,0.0,0.0,0.0,0.0,0.0,5.0,4.0
003238,Aidan McLane,M,Midfield,last_5,1,2026-05-16,2026-05-16,WHP,ATL,0,0,0,0,0,0,3,0,0,0,0,0,0,0.0,0,0,0,0,0,0,0,0,0,0.0,0,8,5,0.0,0.0,,,0.0,0.0,0.0,0.0,0.0,0.0,3.0,0.0,0.0,0.0,0.0,0.0,0.0,0.0,0.0,0.0,0.0,0.0,0.0,0.0,0.0,0.0,0.0,0.0,0.0,8.0,5.0
003242,Cooper Frankenheimer,SSDM,Defensive Midfield,last_5,1,2026-05-16,2026-05-16,WHP,ATL,0,0,0,0,0,0,1,0,0,0,0,0,0,0.0,1,0,0,0,0,0,0,0,0,0.0,1,4,3,0.0,0.0,,,0.0,0.0,0.0,0.0,0.0,0.0,1.0,0.0,0.0,0.0,0.0,0.0,0.0,0.0,1.0,0.0,0.0,0.0,0.0,0.0,0.0,0.0,0.0,0.0,1.0,4.0,3.0
003248,Ryan Stines,M,Midfield,last_5,3,2026-05-09,2026-05-30,OUT|RED|WHP,ARC,5,2,2,0,2,3,8,3,0,0,0,0,0,0.0,1,4,1,0,0,0,0,0,0,0.0,6,82,70,0.25,0.375,,,1.6666666666666667,0.6666666666666666,0.6666666666666666,0.0,0.6666666666666666,1.0,2.6666666666666665,1.0,0.0,0.0,0.0,0.0,0.0,0.0,0.3333333333333333,1.3333333333333333,0.3333333333333333,0.0,0.0,0.0,0.0,0.0,0.0,0.0,2.0,27.333333333333332,23.333333333333332
003250,Eric Spanos,A,Attack,last_5,3,2026-05-09,2026-05-31,ATL|CAN|WAT,CHA,1,1,1,0,1,0,9,8,1,0,0,0,0,0.0,3,1,0,0,0,0,0,0,0,0.0,0,33,23,0.1111111111111111,0.8888888888888888,,,0.3333333333333333,0.3333333333333333,0.3333333333333333,0.0,0.3333333333333333,0.0,3.0,2.6666666666666665,0.3333333333333333,0.0,0.0,0.0,0.0,0.0,1.0,0.3333333333333333,0.0,0.0,0.0,0.0,0.0,0.0,0.0,0.0,0.0,11.0,7.666666666666667
003251,Nikko DiPonio,D,Defense,last_5,2,2026-05-09,2026-05-16,CHA|WHP,ATL,0,0,0,0,0,0,1,0,0,0,0,0,0,0.0,6,0,1,0,0,0,0,0,0,0.0,0,15,14,0.0,0.0,,,0.0,0.0,0.0,0.0,0.0,0.0,0.5,0.0,0.0,0.0,0.0,0.0,0.0,0.0,3.0,0.0,0.5,0.0,0.0,0.0,0.0,0.0,0.0,0.0,0.0,7.5,7.0
003253,Marcus Wertheim,M,Midfield,last_5,2,2026-05-09,2026-05-16,ARC|OUT,RED,1,0,0,0,0,1,7,3,0,0,0,0,0,0.0,1,2,0,0,0,0,0,0,0,0.0,3,48,39,0.0,0.42857142857142855,,,0.5,0.0,0.0,0.0,0.0,0.5,3.5,1.5,0.0,0.0,0.0,0.0,0.0,0.0,0.5,1.0,0.0,0.0,0.0,0.0,0.0,0.0,0.0,0.0,1.5,24.0,19.5
003254,Peter Detwiler,SSDM,Defensive Midfield,last_5,3,2026-05-09,2026-05-31,ATL|CAN|WAT,CHA,2,2,2,0,2,0,3,3,0,0,0,0,0,0.0,10,2,0,0,0,0,0,0,0,0.0,0,27,22,0.6666666666666666,1.0,,,0.6666666666666666,0.6666666666666666,0.6666666666666666,0.0,0.6666666666666666,0.0,1.0,1.0,0.0,0.0,0.0,0.0,0.0,0.0,3.3333333333333335,0.6666666666666666,0.0,0.0,0.0,0.0,0.0,0.0,0.0,0.0,0.0,9.0,7.333333333333333
003255,Joe Juengerkes,SSDM,Defensive Midfield,last_5,4,2026-05-09,2026-05-30,ARC|ATL|CAN|WAT,WHP,2,0,0,0,0,2,0,0,0,0,0,0,0,0.0,2,0,0,0,3,3,0,0,1,1.0,2,28,28,,,0.0,,0.5,0.0,0.0,0.0,0.0,0.5,0.0,0.0,0.0,0.0,0.0,0.0,0.0,0.0,0.5,0.0,0.0,0.0,0.75,0.75,0.0,0.0,0.25,0.25,0.5,7.0,7.0
003257,Teddy Malone,A,Attack,last_5,3,2026-05-09,2026-05-31,ATL|CAN|WAT,CHA,2,2,2,0,2,0,6,3,0,0,0,0,0,0.0,1,0,0,0,0,0,0,0,0,0.0,1,41,35,0.3333333333333333,0.5,,,0.6666666666666666,0.6666666666666666,0.6666666666666666,0.0,0.6666666666666666,0.0,2.0,1.0,0.0,0.0,0.0,0.0,0.0,0.0,0.3333333333333333,0.0,0.0,0.0,0.0,0.0,0.0,0.0,0.0,0.0,0.3333333333333333,13.666666666666666,11.666666666666666
003259,Liam Kammar,SSDM,Defensive Midfield,last_5,3,2026-05-09,2026-05-30,CHA|OUT|WHP,ATL,0,0,0,0,0,0,1,1,0,0,0,0,0,0.0,1,0,1,0,0,0,0,0,0,0.0,0,10,9,0.0,1.0,,,0.0,0.0,0.0,0.0,0.0,0.0,0.3333333333333333,0.3333333333333333,0.0,0.0,0.0,0.0,0.0,0.0,0.3333333333333333,0.0,0.3333333333333333,0.0,0.0,0.0,0.0,0.0,0.0,0.0,0.0,3.3333333333333335,3.0
003260,Jack Pilling,SSDM,Defensive Midfield,last_5,2,2026-05-16,2026-05-29,ATL|CAN,WHP,0,0,0,0,0,0,1,0,0,0,0,0,0,0.0,5,1,1,0,0,0,0,0,0,0.0,0,18,16,0.0,0.0,,,0.0,0.0,0.0,0.0,0.0,0.0,0.5,0.0,0.0,0.0,0.0,0.0,0.0,0.0,2.5,0.5,0.5,0.0,0.0,0.0,0.0,0.0,0.0,0.0,0.0,9.0,8.0
003261,Truitt Sunderland,A,Attack,last_5,3,2026-05-16,2026-05-30,ARC|ATL|CAN,WHP,4,2,2,0,2,2,10,7,0,0,0,0,0,0.0,0,3,0,0,0,0,0,0,0,0.0,9,49,36,0.2,0.7,,,1.3333333333333333,0.6666666666666666,0.6666666666666666,0.0,0.6666666666666666,0.6666666666666666,3.3333333333333335,2.3333333333333335,0.0,0.0,0.0,0.0,0.0,0.0,0.0,1.0,0.0,0.0,0.0,0.0,0.0,0.0,0.0,0.0,3.0,16.333333333333332,12.0
003264,Sean Byrne,G,Goalie,last_5,1,2026-05-17,2026-05-17,CAN,WAT,0,0,0,0,0,0,0,0,0,3,1,2,3,13.37461,0,0,0,0,0,0,3,0,0,0.0,0,3,3,,,,0.2243056059204717,0.0,0.0,0.0,0.0,0.0,0.0,0.0,0.0,0.0,3.0,1.0,2.0,3.0,13.37461,0.0,0.0,0.0,0.0,0.0,0.0,3.0,0.0,0.0,0.0,0.0,3.0,3.0
003267,Mikey Weisshaar,M,Midfield,last_5,3,2026-05-15,2026-05-29,CHA|WAT|WHP,CAN,3,2,2,0,2,1,9,5,1,0,0,0,0,0.0,5,4,1,0,0,0,0,0,0,0.0,4,56,43,0.2222222222222222,0.5555555555555556,,,1.0,0.6666666666666666,0.6666666666666666,0.0,0.6666666666666666,0.3333333333333333,3.0,1.6666666666666667,0.3333333333333333,0.0,0.0,0.0,0.0,0.0,1.6666666666666667,1.3333333333333333,0.3333333333333333,0.0,0.0,0.0,0.0,0.0,0.0,0.0,1.3333333333333333,18.666666666666668,14.333333333333334
003269,Brendan Staub,LSM,Long Stick Midfield,last_5,1,2026-05-31,2026-05-31,CHA,WAT,0,0,0,0,0,0,0,0,0,0,0,0,0,0.0,0,0,0,0,0,0,0,0,0,0.0,1,4,4,,,,,0.0,0.0,0.0,0.0,0.0,0.0,0.0,0.0,0.0,0.0,0.0,0.0,0.0,0.0,0.0,0.0,0.0,0.0,0.0,0.0,0.0,0.0,0.0,0.0,1.0,4.0,4.0
003270,Evan Plunkett,M,Midfield,last_5,2,2026-05-16,2026-05-30,ATL|RED,OUT,3,0,0,0,0,3,15,7,0,0,0,0,0,0.0,1,1,0,0,0,0,0,0,0,0.0,7,45,29,0.0,0.4666666666666667,,,1.5,0.0,0.0,0.0,0.0,1.5,7.5,3.5,0.0,0.0,0.0,0.0,0.0,0.0,0.5,0.5,0.0,0.0,0.0,0.0,0.0,0.0,0.0,0.0,3.5,22.5,14.5
003271,Hunter Smith,D,Defense,last_5,1,2026-05-29,2026-05-29,WHP,CAN,0,0,0,0,0,0,0,0,0,0,0,0,0,0.0,0,0,0,0,0,0,0,0,0,0.0,1,3,3,,,,,0.0,0.0,0.0,0.0,0.0,0.0,0.0,0.0,0.0,0.0,0.0,0.0,0.0,0.0,0.0,0.0,0.0,0.0,0.0,0.0,0.0,0.0,0.0,0.0,1.0,3.0,3.0
003274,Patty Eldredge,SSDM,Defensive Midfield,last_5,1,2026-05-31,2026-05-31,CHA,WAT,0,0,0,0,0,0,0,0,0,0,0,0,0,0.0,2,0,1,0,0,0,0,0,0,0.0,0,5,5,,,,,0.0,0.0,0.0,0.0,0.0,0.0,0.0,0.0,0.0,0.0,0.0,0.0,0.0,0.0,2.0,0.0,1.0,0.0,0.0,0.0,0.0,0.0,0.0,0.0,0.0,5.0,5.0
003276,Richard Checo,LSM,Long Stick Midfield,last_5,1,2026-05-31,2026-05-31,WAT,CHA,0,0,0,0,0,0,0,0,0,0,0,0,0,0.0,0,1,0,0,0,0,0,0,0,0.0,0,2,1,,,,,0.0,0.0,0.0,0.0,0.0,0.0,0.0,0.0,0.0,0.0,0.0,0.0,0.0,0.0,0.0,1.0,0.0,0.0,0.0,0.0,0.0,0.0,0.0,0.0,0.0,2.0,1.0
003277,Joey Spallina,A,Attack,last_5,2,2026-05-29,2026-05-30,ARC|CAN,WHP,7,2,2,0,2,5,11,7,0,0,0,0,0,0.0,4,2,0,0,0,0,0,0,2,1.5,12,69,56,0.18181818181818182,0.6363636363636364,,,3.5,1.0,1.0,0.0,1.0,2.5,5.5,3.5,0.0,0.0,0.0,0.0,0.0,0.0,2.0,1.0,0.0,0.0,0.0,0.0,0.0,0.0,1.0,0.75,6.0,34.5,28.0
003278,Aidan Maguire,SSDM,Defensive Midfield,last_5,1,2026-05-30,2026-05-30,WHP,ARC,0,0,0,0,0,0,0,0,0,0,0,0,0,0.0,3,0,0,0,0,0,0,0,2,1.0,0,5,5,,,,,0.0,0.0,0.0,0.0,0.0,0.0,0.0,0.0,0.0,0.0,0.0,0.0,0.0,0.0,3.0,0.0,0.0,0.0,0.0,0.0,0.0,0.0,2.0,1.0,0.0,5.0,5.0
003280,Chad Palumbo,M,Midfield,last_5,1,2026-05-31,2026-05-31,WAT,CHA,3,2,2,0,2,1,7,6,0,0,0,0,0,0.0,0,0,0,0,0,0,0,0,0,0.0,1,18,11,0.2857142857142857,0.8571428571428571,,,3.0,2.0,2.0,0.0,2.0,1.0,7.0,6.0,0.0,0.0,0.0,0.0,0.0,0.0,0.0,0.0,0.0,0.0,0.0,0.0,0.0,0.0,0.0,0.0,1.0,18.0,11.0
003282,Billy Dwan,D,Defense,last_5,2,2026-05-29,2026-05-30,ARC|CAN,WHP,1,0,0,0,0,1,0,0,0,0,0,0,0,0.0,1,0,2,0,0,0,0,0,1,1.0,1,5,5,,,,,0.5,0.0,0.0,0.0,0.0,0.5,0.0,0.0,0.0,0.0,0.0,0.0,0.0,0.0,0.5,0.0,1.0,0.0,0.0,0.0,0.0,0.0,0.5,0.5,0.5,2.5,2.5
003283,Blake Eiland,SSDM,Defensive Midfield,last_5,2,2026-05-29,2026-05-30,ARC|CAN,WHP,0,0,0,0,0,0,0,0,0,0,0,0,0,0.0,1,0,1,0,0,0,0,0,0,0.0,0,8,8,,,,,0.0,0.0,0.0,0.0,0.0,0.0,0.0,0.0,0.0,0.0,0.0,0.0,0.0,0.0,0.5,0.0,0.5,0.0,0.0,0.0,0.0,0.0,0.0,0.0,0.0,4.0,4.0
003284,Eric Kolar,SSDM,Defensive Midfield,last_5,1,2026-05-30,2026-05-30,ARC,WHP,1,1,1,0,1,0,1,1,0,0,0,0,0,0.0,2,0,1,0,0,0,0,0,0,0.0,0,9,8,1.0,1.0,,,1.0,1.0,1.0,0.0,1.0,0.0,1.0,1.0,0.0,0.0,0.0,0.0,0.0,0.0,2.0,0.0,1.0,0.0,0.0,0.0,0.0,0.0,0.0,0.0,0.0,9.0,8.0
003288,Josh Yago,M,Midfield,last_5,1,2026-05-31,2026-05-31,CHA,WAT,1,0,0,0,0,1,3,1,0,0,0,0,0,0.0,0,0,0,0,0,0,0,0,0,0.0,3,19,16,0.0,0.3333333333333333,,,1.0,0.0,0.0,0.0,0.0,1.0,3.0,1.0,0.0,0.0,0.0,0.0,0.0,0.0,0.0,0.0,0.0,0.0,0.0,0.0,0.0,0.0,0.0,0.0,3.0,19.0,16.0
003289,Alex Ross,D,Defense,last_5,1,2026-05-30,2026-05-30,OUT,ATL,0,0,0,0,0,0,0,0,0,0,0,0,0,0.0,3,0,0,0,0,0,0,0,0,0.0,1,9,9,,,,,0.0,0.0,0.0,0.0,0.0,0.0,0.0,0.0,0.0,0.0,0.0,0.0,0.0,0.0,3.0,0.0,0.0,0.0,0.0,0.0,0.0,0.0,0.0,0.0,1.0,9.0,9.0
