player_id,full_name,first_name,last_name,position,position_name,games,seasons,teams,team_names,first_game_date,last_game_date,points,scoring_points,one_point_goals,two_point_goals,goals,assists,shots,shots_on_goal,two_point_shots,saves,clean_saves,messy_saves,scores_against,saa,ground_balls,turnovers,caused_turnovers,faceoffs_won,faceoffs_lost,faceoffs,goals_against,two_point_goals_against,num_penalties,pim,assist_opportunities,touches,total_passes,shot_pct_calc,shots_on_goal_rate_calc,faceoff_pct_calc,save_pct_calc,clean_save_pct,clean_save_rate,assist_conv_rate,two_pt_conversion,points_per_game,scoring_points_per_game,one_point_goals_per_game,two_point_goals_per_game,goals_per_game,assists_per_game,shots_per_game,shots_on_goal_per_game,two_point_shots_per_game,saves_per_game,clean_saves_per_game,messy_saves_per_game,scores_against_per_game,saa_per_game,ground_balls_per_game,turnovers_per_game,caused_turnovers_per_game,faceoffs_won_per_game,faceoffs_lost_per_game,faceoffs_per_game,goals_against_per_game,two_point_goals_against_per_game,num_penalties_per_game,pim_per_game,assist_opportunities_per_game,touches_per_game,total_passes_per_game,assist_opp_per_game
000201,Adam Ghitelman,Adam,Ghitelman,G,Goalie,15,3,ARC|CAN,Archers|Cannons,2022-06-05,2025-08-02,0.0,0.0,0.0,0.0,0.0,0.0,3.0,1,3.0,138.0,35.0,103.0,140.0,143.55351876399766,42.0,2.0,3.0,0,0,0,134.0,6.0,2.0,2.0,2.0,184.0,179.0,0.0,0.3333333333333333,,0.5073529411764706,25.36231884057971,0.12867647058823528,0.0,0.0,0.0,0.0,0.0,0.0,0.0,0.0,0.2,0.06666666666666667,0.2,9.2,2.3333333333333335,6.866666666666666,9.333333333333334,9.57023458426651,2.8,0.13333333333333333,0.2,0.0,0.0,0.0,8.933333333333334,0.4,0.13333333333333333,0.13333333333333333,0.13333333333333333,12.266666666666667,11.933333333333334,0.13333333333333333
000204,Christian Cuccinello,Christian,Cuccinello,A,Attack,2,1,CAN,Cannons,2022-06-11,2022-07-24,2.0,2.0,2.0,0.0,2.0,0.0,6.0,4,0.0,0.0,0.0,0.0,0.0,0.0,1.0,0.0,0.0,0,0,0,0.0,0.0,0.0,0.0,0.0,16.0,10.0,0.3333333333333333,0.6666666666666666,,,,,,,1.0,1.0,1.0,0.0,1.0,0.0,3.0,2.0,0.0,0.0,0.0,0.0,0.0,0.0,0.5,0.0,0.0,0.0,0.0,0.0,0.0,0.0,0.0,0.0,0.0,8.0,5.0,0.0
000207,Dominique Alexander,Dominique,Alexander,SSDM,Defensive Midfield,11,1,ARC,Archers,2022-06-05,2022-09-11,2.0,1.0,1.0,0.0,1.0,1.0,1.0,1,0.0,0.0,0.0,0.0,0.0,0.0,19.0,1.0,9.0,0,0,0,0.0,0.0,4.0,3.0,3.0,81.0,79.0,1.0,1.0,,,,,0.3333333333333333,,0.18181818181818182,0.09090909090909091,0.09090909090909091,0.0,0.09090909090909091,0.09090909090909091,0.09090909090909091,0.09090909090909091,0.0,0.0,0.0,0.0,0.0,0.0,1.7272727272727273,0.09090909090909091,0.8181818181818182,0.0,0.0,0.0,0.0,0.0,0.36363636363636365,0.2727272727272727,0.2727272727272727,7.363636363636363,7.181818181818182,0.2727272727272727
000211,Ian MacKay,Ian,MacKay,SSDM,Defensive Midfield,29,3,CHA,Chaos,2022-06-25,2024-09-07,20.0,15.0,13.0,1.0,14.0,5.0,58.0,35,14.0,0.0,0.0,0.0,0.0,0.0,18.0,15.0,2.0,0,9,9,0.0,0.0,13.0,10.5,22.0,238.0,165.0,0.2413793103448276,0.603448275862069,0.0,,,,0.22727272727272727,0.07142857142857142,0.6896551724137931,0.5172413793103449,0.4482758620689655,0.034482758620689655,0.4827586206896552,0.1724137931034483,2.0,1.206896551724138,0.4827586206896552,0.0,0.0,0.0,0.0,0.0,0.6206896551724138,0.5172413793103449,0.06896551724137931,0.0,0.3103448275862069,0.3103448275862069,0.0,0.0,0.4482758620689655,0.3620689655172414,0.7586206896551724,8.206896551724139,5.689655172413793,0.7586206896551724
000213,Jerry Ragonese,Jerry,Ragonese,FO,Faceoff,1,1,CHA,Chaos,2022-07-02,2022-07-02,1.0,1.0,1.0,0.0,1.0,0.0,1.0,1,0.0,0.0,0.0,0.0,0.0,0.0,2.0,0.0,0.0,2,6,8,0.0,0.0,0.0,0.0,0.0,2.0,1.0,1.0,1.0,0.25,,,,,,1.0,1.0,1.0,0.0,1.0,0.0,1.0,1.0,0.0,0.0,0.0,0.0,0.0,0.0,2.0,0.0,0.0,2.0,6.0,8.0,0.0,0.0,0.0,0.0,0.0,2.0,1.0,0.0
000216,Marcus Holman,Marcus,Holman,A,Attack,57,5,ARC|CAN,Archers|Cannons,2022-06-05,2026-08-09,179.0,140.0,106.0,17.0,123.0,39.0,372.0,252,70.0,0.0,0.0,0.0,0.0,0.0,123.0,82.0,16.0,0,0,0,0.0,0.0,10.0,7.0,154.0,2139.0,1685.0,0.33064516129032256,0.6774193548387096,,,,,0.2532467532467532,0.24285714285714285,3.1403508771929824,2.456140350877193,1.8596491228070176,0.2982456140350877,2.1578947368421053,0.6842105263157895,6.526315789473684,4.421052631578948,1.2280701754385965,0.0,0.0,0.0,0.0,0.0,2.1578947368421053,1.4385964912280702,0.2807017543859649,0.0,0.0,0.0,0.0,0.0,0.17543859649122806,0.12280701754385964,2.7017543859649122,37.526315789473685,29.56140350877193,2.7017543859649122
000217,Mark McNeill,Mark,McNeill,SSDM,Defensive Midfield,11,1,ARC,Archers,2022-06-05,2022-09-11,1.0,0.0,0.0,0.0,0.0,1.0,0.0,0,0.0,0.0,0.0,0.0,0.0,0.0,9.0,3.0,2.0,0,0,0,0.0,0.0,1.0,0.5,1.0,41.0,38.0,,,,,,,1.0,,0.09090909090909091,0.0,0.0,0.0,0.0,0.09090909090909091,0.0,0.0,0.0,0.0,0.0,0.0,0.0,0.0,0.8181818181818182,0.2727272727272727,0.18181818181818182,0.0,0.0,0.0,0.0,0.0,0.09090909090909091,0.045454545454545456,0.09090909090909091,3.727272727272727,3.4545454545454546,0.09090909090909091
000218,Matt McMahon,Matt,McMahon,D,Defense,24,2,ARC,Archers,2022-06-05,2023-09-24,0.0,0.0,0.0,0.0,0.0,0.0,0.0,0,0.0,0.0,0.0,0.0,0.0,0.0,29.0,4.0,18.0,0,0,0,0.0,0.0,4.0,3.0,1.0,70.0,66.0,,,,,,,0.0,,0.0,0.0,0.0,0.0,0.0,0.0,0.0,0.0,0.0,0.0,0.0,0.0,0.0,0.0,1.2083333333333333,0.16666666666666666,0.75,0.0,0.0,0.0,0.0,0.0,0.16666666666666666,0.125,0.041666666666666664,2.9166666666666665,2.75,0.041666666666666664
000221,Ryan Ambler,Ryan,Ambler,M,Midfield,57,5,ARC,Archers,2022-06-05,2026-08-08,61.0,43.0,43.0,0.0,43.0,18.0,157.0,90,5.0,0.0,0.0,0.0,0.0,0.0,37.0,69.0,6.0,0,0,0,0.0,0.0,4.0,4.5,78.0,967.0,741.0,0.27388535031847133,0.5732484076433121,,,,,0.23076923076923078,0.0,1.0701754385964912,0.7543859649122807,0.7543859649122807,0.0,0.7543859649122807,0.3157894736842105,2.754385964912281,1.5789473684210527,0.08771929824561403,0.0,0.0,0.0,0.0,0.0,0.6491228070175439,1.2105263157894737,0.10526315789473684,0.0,0.0,0.0,0.0,0.0,0.07017543859649122,0.07894736842105263,1.368421052631579,16.964912280701753,13.0,1.368421052631579
000222,Stephen Kelly,Stephen,Kelly,FO,Faceoff,13,2,CAN,Cannons,2022-06-05,2023-07-09,6.0,4.0,4.0,0.0,4.0,2.0,10.0,8,1.0,0.0,0.0,0.0,0.0,0.0,88.0,12.0,1.0,141,163,304,0.0,0.0,0.0,0.0,7.0,92.0,70.0,0.4,0.8,0.46381578947368424,,,,0.2857142857142857,0.0,0.46153846153846156,0.3076923076923077,0.3076923076923077,0.0,0.3076923076923077,0.15384615384615385,0.7692307692307693,0.6153846153846154,0.07692307692307693,0.0,0.0,0.0,0.0,0.0,6.769230769230769,0.9230769230769231,0.07692307692307693,10.846153846153847,12.538461538461538,23.384615384615383,0.0,0.0,0.0,0.0,0.5384615384615384,7.076923076923077,5.384615384615385,0.5384615384615384
000223,Scott Ratliff,Scott,Ratliff,D,Defense,12,1,ARC,Archers,2022-06-05,2022-09-11,2.0,1.0,1.0,0.0,1.0,1.0,10.0,8,8.0,0.0,0.0,0.0,0.0,0.0,34.0,4.0,13.0,0,0,0,0.0,0.0,3.0,2.5,9.0,136.0,122.0,0.1,0.8,,,,,0.1111111111111111,0.0,0.16666666666666666,0.08333333333333333,0.08333333333333333,0.0,0.08333333333333333,0.08333333333333333,0.8333333333333334,0.6666666666666666,0.6666666666666666,0.0,0.0,0.0,0.0,0.0,2.8333333333333335,0.3333333333333333,1.0833333333333333,0.0,0.0,0.0,0.0,0.0,0.25,0.20833333333333334,0.75,11.333333333333334,10.166666666666666,0.75
000225,Tom Schreiber,Tom,Schreiber,M,Midfield,41,4,ARC,Archers,2022-06-05,2025-07-26,121.0,65.0,55.0,5.0,60.0,56.0,228.0,132,40.0,0.0,0.0,0.0,0.0,0.0,53.0,75.0,6.0,0,0,0,0.0,0.0,3.0,2.0,210.0,1353.0,1050.0,0.2631578947368421,0.5789473684210527,,,,,0.26666666666666666,0.125,2.951219512195122,1.5853658536585367,1.3414634146341464,0.12195121951219512,1.4634146341463414,1.3658536585365855,5.560975609756097,3.2195121951219514,0.975609756097561,0.0,0.0,0.0,0.0,0.0,1.2926829268292683,1.829268292682927,0.14634146341463414,0.0,0.0,0.0,0.0,0.0,0.07317073170731707,0.04878048780487805,5.121951219512195,33.0,25.609756097560975,5.121951219512195
000227,Will Manny,Will,Manny,A,Attack,28,3,ARC|CAN|WHP,Archers|Cannons|Whipsnakes,2022-06-05,2025-08-09,78.0,40.0,38.0,1.0,39.0,38.0,145.0,100,7.0,0.0,0.0,0.0,0.0,0.0,23.0,39.0,2.0,0,0,0,0.0,0.0,3.0,1.5,99.0,773.0,589.0,0.2689655172413793,0.6896551724137931,,,,,0.3838383838383838,0.14285714285714285,2.7857142857142856,1.4285714285714286,1.3571428571428572,0.03571428571428571,1.3928571428571428,1.3571428571428572,5.178571428571429,3.5714285714285716,0.25,0.0,0.0,0.0,0.0,0.0,0.8214285714285714,1.3928571428571428,0.07142857142857142,0.0,0.0,0.0,0.0,0.0,0.10714285714285714,0.05357142857142857,3.5357142857142856,27.607142857142858,21.035714285714285,3.5357142857142856
000231,Chris Cloutier,Chris,Cloutier,A,Attack,15,2,CHA,Chaos,2022-07-02,2023-09-04,33.0,25.0,25.0,0.0,25.0,8.0,79.0,55,2.0,0.0,0.0,0.0,0.0,0.0,21.0,29.0,0.0,0,0,0,0.0,0.0,0.0,0.0,37.0,363.0,255.0,0.31645569620253167,0.6962025316455697,,,,,0.21621621621621623,0.0,2.2,1.6666666666666667,1.6666666666666667,0.0,1.6666666666666667,0.5333333333333333,5.266666666666667,3.6666666666666665,0.13333333333333333,0.0,0.0,0.0,0.0,0.0,1.4,1.9333333333333333,0.0,0.0,0.0,0.0,0.0,0.0,0.0,0.0,2.466666666666667,24.2,17.0,2.466666666666667
000234,Eric Law,Eric,Law,A,Attack,30,4,ATL|OUT,Atlas|Outlaws,2022-06-04,2025-08-02,72.0,53.0,53.0,0.0,53.0,19.0,109.0,88,0.0,0.0,0.0,0.0,0.0,0.0,33.0,57.0,2.0,0,0,0,0.0,0.0,6.0,4.5,77.0,846.0,680.0,0.48623853211009177,0.8073394495412844,,,,,0.24675324675324675,,2.4,1.7666666666666666,1.7666666666666666,0.0,1.7666666666666666,0.6333333333333333,3.6333333333333333,2.933333333333333,0.0,0.0,0.0,0.0,0.0,0.0,1.1,1.9,0.06666666666666667,0.0,0.0,0.0,0.0,0.0,0.2,0.15,2.566666666666667,28.2,22.666666666666668,2.566666666666667
000235,Jake Richard,Jake,Richard,SSDM,Defensive Midfield,31,3,ATL|WAT,Atlas|Waterdogs,2022-06-04,2024-08-17,4.0,1.0,1.0,0.0,1.0,3.0,12.0,9,4.0,0.0,0.0,0.0,0.0,0.0,22.0,4.0,14.0,0,14,15,0.0,0.0,13.0,9.5,11.0,213.0,197.0,0.08333333333333333,0.75,0.0,,,,0.2727272727272727,0.0,0.12903225806451613,0.03225806451612903,0.03225806451612903,0.0,0.03225806451612903,0.0967741935483871,0.3870967741935484,0.2903225806451613,0.12903225806451613,0.0,0.0,0.0,0.0,0.0,0.7096774193548387,0.12903225806451613,0.45161290322580644,0.0,0.45161290322580644,0.4838709677419355,0.0,0.0,0.41935483870967744,0.3064516129032258,0.3548387096774194,6.870967741935484,6.354838709677419,0.3548387096774194
000238,John Crawley,John,Crawley,M,Midfield,9,1,ATL,Atlas,2022-06-04,2022-08-13,5.0,4.0,4.0,0.0,4.0,1.0,22.0,13,1.0,0.0,0.0,0.0,0.0,0.0,3.0,8.0,0.0,0,0,0,0.0,0.0,0.0,0.0,5.0,99.0,69.0,0.18181818181818182,0.5909090909090909,,,,,0.2,0.0,0.5555555555555556,0.4444444444444444,0.4444444444444444,0.0,0.4444444444444444,0.1111111111111111,2.4444444444444446,1.4444444444444444,0.1111111111111111,0.0,0.0,0.0,0.0,0.0,0.3333333333333333,0.8888888888888888,0.0,0.0,0.0,0.0,0.0,0.0,0.0,0.0,0.5555555555555556,11.0,7.666666666666667,0.5555555555555556
000240,Kieran McArdle,Kieran,McArdle,A,Attack,60,5,WAT,Waterdogs,2022-06-05,2026-08-16,198.0,112.0,112.0,0.0,112.0,86.0,365.0,245,6.0,0.0,0.0,0.0,0.0,0.0,87.0,134.0,5.0,0,0,0,0.0,0.0,9.0,8.5,267.0,1851.0,1352.0,0.30684931506849317,0.6712328767123288,,,,,0.32209737827715357,0.0,3.3,1.8666666666666667,1.8666666666666667,0.0,1.8666666666666667,1.4333333333333333,6.083333333333333,4.083333333333333,0.1,0.0,0.0,0.0,0.0,0.0,1.45,2.2333333333333334,0.08333333333333333,0.0,0.0,0.0,0.0,0.0,0.15,0.14166666666666666,4.45,30.85,22.533333333333335,4.45
000241,Jack Concannon,Jack,Concannon,G,Goalie,21,2,ATL,Atlas,2022-06-04,2023-09-04,0.0,0.0,0.0,0.0,0.0,0.0,0.0,0,0.0,241.0,46.0,195.0,259.0,292.8095593660555,32.0,11.0,3.0,0,0,0,237.0,22.0,1.0,1.0,5.0,177.0,166.0,,,,0.50418410041841,19.08713692946058,0.09623430962343096,0.0,,0.0,0.0,0.0,0.0,0.0,0.0,0.0,0.0,0.0,11.476190476190476,2.1904761904761907,9.285714285714286,12.333333333333334,13.943312350764549,1.5238095238095237,0.5238095238095238,0.14285714285714285,0.0,0.0,0.0,11.285714285714286,1.0476190476190477,0.047619047619047616,0.047619047619047616,0.23809523809523808,8.428571428571429,7.904761904761905,0.23809523809523808
000242,Kyle Hartzell,Kyle,Hartzell,LSM,Long Stick Midfield,19,3,CAN|RED,Cannons|Redwoods,2022-06-04,2026-07-31,5.0,4.0,2.0,1.0,3.0,1.0,10.0,6,6.0,0.0,0.0,0.0,0.0,0.0,26.0,3.0,12.0,3,31,34,0.0,0.0,4.0,4.0,2.0,86.0,73.0,0.3,0.6,0.08823529411764706,,,,0.5,0.16666666666666666,0.2631578947368421,0.21052631578947367,0.10526315789473684,0.05263157894736842,0.15789473684210525,0.05263157894736842,0.5263157894736842,0.3157894736842105,0.3157894736842105,0.0,0.0,0.0,0.0,0.0,1.368421052631579,0.15789473684210525,0.631578947368421,0.15789473684210525,1.631578947368421,1.7894736842105263,0.0,0.0,0.21052631578947367,0.21052631578947367,0.10526315789473684,4.526315789473684,3.8421052631578947,0.10526315789473684
000246,Ryan Brown,Ryan,Brown,A,Attack,8,1,WAT,Waterdogs,2022-06-05,2022-09-18,11.0,11.0,9.0,1.0,10.0,0.0,43.0,27,2.0,0.0,0.0,0.0,0.0,0.0,3.0,2.0,1.0,0,0,0,0.0,0.0,2.0,1.0,0.0,80.0,35.0,0.23255813953488372,0.627906976744186,,,,,,0.5,1.375,1.375,1.125,0.125,1.25,0.0,5.375,3.375,0.25,0.0,0.0,0.0,0.0,0.0,0.375,0.25,0.125,0.0,0.0,0.0,0.0,0.0,0.25,0.125,0.0,10.0,4.375,0.0
000251,Steven DeNapoli,Steven,DeNapoli,SSDM,Defensive Midfield,7,1,WAT,Waterdogs,2022-07-31,2022-09-18,4.0,3.0,3.0,0.0,3.0,1.0,4.0,4,0.0,0.0,0.0,0.0,0.0,0.0,5.0,2.0,1.0,0,0,0,0.0,0.0,0.0,0.0,3.0,27.0,21.0,0.75,1.0,,,,,0.3333333333333333,,0.5714285714285714,0.42857142857142855,0.42857142857142855,0.0,0.42857142857142855,0.14285714285714285,0.5714285714285714,0.5714285714285714,0.0,0.0,0.0,0.0,0.0,0.0,0.7142857142857143,0.2857142857142857,0.14285714285714285,0.0,0.0,0.0,0.0,0.0,0.0,0.0,0.42857142857142855,3.857142857142857,3.0,0.42857142857142855
000254,Trevor Baptiste,Trevor,Baptiste,FO,Faceoff,51,5,ATL,Atlas,2022-06-04,2026-08-15,32.0,24.0,20.0,2.0,22.0,8.0,84.0,51,7.0,0.0,0.0,0.0,0.0,0.0,562.0,49.0,8.0,886,448,1342,0.0,0.0,14.0,7.0,29.0,662.0,529.0,0.2619047619047619,0.6071428571428571,0.6602086438152012,,,,0.27586206896551724,0.2857142857142857,0.6274509803921569,0.47058823529411764,0.39215686274509803,0.0392156862745098,0.43137254901960786,0.1568627450980392,1.6470588235294117,1.0,0.13725490196078433,0.0,0.0,0.0,0.0,0.0,11.019607843137255,0.9607843137254902,0.1568627450980392,17.372549019607842,8.784313725490197,26.313725490196077,0.0,0.0,0.27450980392156865,0.13725490196078433,0.5686274509803921,12.980392156862745,10.372549019607844,0.5686274509803921
000255,Tucker Durkin,Tucker,Durkin,D,Defense,22,2,ATL,Atlas,2022-06-04,2023-09-04,0.0,0.0,0.0,0.0,0.0,0.0,0.0,0,0.0,0.0,0.0,0.0,0.0,0.0,22.0,3.0,9.0,0,0,0,0.0,0.0,4.0,3.0,0.0,67.0,64.0,,,,,,,,,0.0,0.0,0.0,0.0,0.0,0.0,0.0,0.0,0.0,0.0,0.0,0.0,0.0,0.0,1.0,0.13636363636363635,0.4090909090909091,0.0,0.0,0.0,0.0,0.0,0.18181818181818182,0.13636363636363635,0.0,3.0454545454545454,2.909090909090909,0.0
000256,Austin Staats,Austin,Staats,,,2,1,CHA,Chaos,2022-06-11,2022-06-18,3.0,1.0,1.0,0.0,1.0,2.0,8.0,5,0.0,0.0,0.0,0.0,0.0,0.0,0.0,7.0,0.0,0,0,0,0.0,0.0,0.0,0.0,5.0,40.0,25.0,0.125,0.625,,,,,0.4,,1.5,0.5,0.5,0.0,0.5,1.0,4.0,2.5,0.0,0.0,0.0,0.0,0.0,0.0,0.0,3.5,0.0,0.0,0.0,0.0,0.0,0.0,0.0,0.0,2.5,20.0,12.5,2.5
000258,Blaze Riorden,Blaze,Riorden,G,Goalie,55,5,CHA,Chaos,2022-06-04,2026-08-08,10.0,1.0,1.0,0.0,1.0,9.0,12.0,6,11.0,750.0,286.0,464.0,607.0,633.6648401499085,111.0,17.0,24.0,0,0,0,566.0,41.0,0.0,0.0,20.0,862.0,833.0,0.08333333333333333,0.5,,0.5699088145896657,38.13333333333333,0.21732522796352582,0.45,0.0,0.18181818181818182,0.01818181818181818,0.01818181818181818,0.0,0.01818181818181818,0.16363636363636364,0.21818181818181817,0.10909090909090909,0.2,13.636363636363637,5.2,8.436363636363636,11.036363636363637,11.521178911816518,2.018181818181818,0.3090909090909091,0.43636363636363634,0.0,0.0,0.0,10.290909090909091,0.7454545454545455,0.0,0.0,0.36363636363636365,15.672727272727272,15.145454545454545,0.36363636363636365
000260,Brodie Merrill,Brodie,Merrill,LSM,Long Stick Midfield,6,1,CAN,Cannons,2022-06-11,2022-08-21,1.0,0.0,0.0,0.0,0.0,1.0,0.0,0,0.0,0.0,0.0,0.0,0.0,0.0,15.0,3.0,6.0,0,0,0,0.0,0.0,2.0,1.5,3.0,34.0,31.0,,,,,,,0.3333333333333333,,0.16666666666666666,0.0,0.0,0.0,0.0,0.16666666666666666,0.0,0.0,0.0,0.0,0.0,0.0,0.0,0.0,2.5,0.5,1.0,0.0,0.0,0.0,0.0,0.0,0.3333333333333333,0.25,0.5,5.666666666666667,5.166666666666667,0.5
000262,Connor Fields,Connor,Fields,A,Attack,53,5,ARC,Archers,2022-07-01,2026-08-08,151.0,109.0,109.0,0.0,109.0,42.0,343.0,229,5.0,0.0,0.0,0.0,0.0,0.0,83.0,97.0,12.0,0,0,0,0.0,0.0,3.0,2.5,161.0,1521.0,1081.0,0.3177842565597668,0.6676384839650146,,,,,0.2608695652173913,0.0,2.849056603773585,2.056603773584906,2.056603773584906,0.0,2.056603773584906,0.7924528301886793,6.471698113207547,4.320754716981132,0.09433962264150944,0.0,0.0,0.0,0.0,0.0,1.5660377358490567,1.830188679245283,0.22641509433962265,0.0,0.0,0.0,0.0,0.0,0.05660377358490566,0.04716981132075472,3.0377358490566038,28.69811320754717,20.39622641509434,3.0377358490566038
000266,Dhane Smith,Dhane,Smith,M,Midfield,19,2,CHA,Chaos,2022-06-25,2023-09-04,62.0,14.0,14.0,0.0,14.0,48.0,69.0,46,4.0,0.0,0.0,0.0,0.0,0.0,12.0,48.0,2.0,0,0,0,0.0,0.0,3.0,2.0,143.0,708.0,591.0,0.2028985507246377,0.6666666666666666,,,,,0.3356643356643357,0.0,3.263157894736842,0.7368421052631579,0.7368421052631579,0.0,0.7368421052631579,2.526315789473684,3.6315789473684212,2.4210526315789473,0.21052631578947367,0.0,0.0,0.0,0.0,0.0,0.631578947368421,2.526315789473684,0.10526315789473684,0.0,0.0,0.0,0.0,0.0,0.15789473684210525,0.10526315789473684,7.526315789473684,37.26315789473684,31.105263157894736,7.526315789473684
000267,Jake Froccaro,Jake,Froccaro,M,Midfield,5,1,CAN,Cannons,2022-06-05,2022-07-02,8.0,2.0,0.0,1.0,1.0,6.0,20.0,11,8.0,0.0,0.0,0.0,0.0,0.0,8.0,3.0,1.0,0,3,3,0.0,0.0,1.0,0.5,18.0,113.0,90.0,0.05,0.55,0.0,,,,0.3333333333333333,0.125,1.6,0.4,0.0,0.2,0.2,1.2,4.0,2.2,1.6,0.0,0.0,0.0,0.0,0.0,1.6,0.6,0.2,0.0,0.6,0.6,0.0,0.0,0.2,0.1,3.6,22.6,18.0,3.6
000268,James Barclay,James,Barclay,D,Defense,1,1,WHP,Whipsnakes,2022-07-23,2022-07-23,0.0,0.0,0.0,0.0,0.0,0.0,1.0,1,0.0,0.0,0.0,0.0,0.0,0.0,2.0,0.0,0.0,0,0,0,0.0,0.0,0.0,0.0,0.0,4.0,3.0,0.0,1.0,,,,,,,0.0,0.0,0.0,0.0,0.0,0.0,1.0,1.0,0.0,0.0,0.0,0.0,0.0,0.0,2.0,0.0,0.0,0.0,0.0,0.0,0.0,0.0,0.0,0.0,0.0,4.0,3.0,0.0
000269,Jarrod Neumann,Jarrod,Neumann,D,Defense,59,5,CHA,Chaos,2022-06-04,2026-08-08,7.0,6.0,0.0,3.0,3.0,1.0,32.0,12,31.0,0.0,0.0,0.0,0.0,0.0,85.0,18.0,25.0,0,0,0,0.0,0.0,18.0,16.0,9.0,337.0,287.0,0.09375,0.375,,,,,0.1111111111111111,0.0967741935483871,0.11864406779661017,0.1016949152542373,0.0,0.05084745762711865,0.05084745762711865,0.01694915254237288,0.5423728813559322,0.2033898305084746,0.5254237288135594,0.0,0.0,0.0,0.0,0.0,1.4406779661016949,0.3050847457627119,0.423728813559322,0.0,0.0,0.0,0.0,0.0,0.3050847457627119,0.2711864406779661,0.15254237288135594,5.711864406779661,4.864406779661017,0.15254237288135594
000272,Josh Byrne,Josh,Byrne,A,Attack,28,3,CHA,Chaos,2022-06-25,2024-09-07,87.0,52.0,52.0,0.0,52.0,35.0,195.0,119,2.0,0.0,0.0,0.0,0.0,0.0,41.0,59.0,6.0,0,0,0,0.0,0.0,6.0,4.5,105.0,879.0,625.0,0.26666666666666666,0.6102564102564103,,,,,0.3333333333333333,0.0,3.107142857142857,1.8571428571428572,1.8571428571428572,0.0,1.8571428571428572,1.25,6.964285714285714,4.25,0.07142857142857142,0.0,0.0,0.0,0.0,0.0,1.4642857142857142,2.107142857142857,0.21428571428571427,0.0,0.0,0.0,0.0,0.0,0.21428571428571427,0.16071428571428573,3.75,31.392857142857142,22.321428571428573,3.75
000275,Mark Glicini,Mark,Glicini,SSDM,Defensive Midfield,35,5,CHA,Chaos,2022-06-04,2026-05-09,5.0,4.0,2.0,1.0,3.0,1.0,11.0,9,5.0,0.0,0.0,0.0,0.0,0.0,33.0,6.0,11.0,2,16,18,0.0,0.0,6.0,3.5,13.0,189.0,172.0,0.2727272727272727,0.8181818181818182,0.1111111111111111,,,,0.07692307692307693,0.2,0.14285714285714285,0.11428571428571428,0.05714285714285714,0.02857142857142857,0.08571428571428572,0.02857142857142857,0.3142857142857143,0.2571428571428571,0.14285714285714285,0.0,0.0,0.0,0.0,0.0,0.9428571428571428,0.17142857142857143,0.3142857142857143,0.05714285714285714,0.45714285714285713,0.5142857142857142,0.0,0.0,0.17142857142857143,0.1,0.37142857142857144,5.4,4.914285714285715,0.37142857142857144
000276,Matt Rees,Matt,Rees,D,Defense,16,2,CAN|CHA,Cannons|Chaos,2022-07-02,2023-08-26,8.0,7.0,1.0,3.0,4.0,1.0,15.0,9,12.0,0.0,0.0,0.0,0.0,0.0,23.0,5.0,15.0,1,37,38,0.0,0.0,8.0,7.0,3.0,75.0,55.0,0.26666666666666666,0.6,0.02631578947368421,,,,0.3333333333333333,0.25,0.5,0.4375,0.0625,0.1875,0.25,0.0625,0.9375,0.5625,0.75,0.0,0.0,0.0,0.0,0.0,1.4375,0.3125,0.9375,0.0625,2.3125,2.375,0.0,0.0,0.5,0.4375,0.1875,4.6875,3.4375,0.1875
000278,Myles Jones,Myles,Jones,M,Midfield,34,4,ATL|RED,Atlas|Redwoods,2022-06-04,2025-06-14,59.0,37.0,27.0,5.0,32.0,22.0,142.0,80,27.0,0.0,0.0,0.0,0.0,0.0,29.0,45.0,2.0,0,0,0,0.0,0.0,4.0,3.0,82.0,642.0,455.0,0.22535211267605634,0.5633802816901409,,,,,0.2682926829268293,0.18518518518518517,1.7352941176470589,1.088235294117647,0.7941176470588235,0.14705882352941177,0.9411764705882353,0.6470588235294118,4.176470588235294,2.3529411764705883,0.7941176470588235,0.0,0.0,0.0,0.0,0.0,0.8529411764705882,1.3235294117647058,0.058823529411764705,0.0,0.0,0.0,0.0,0.0,0.11764705882352941,0.08823529411764706,2.411764705882353,18.88235294117647,13.382352941176471,2.411764705882353
000279,Patrick Resch,Patrick,Resch,SSDM,Defensive Midfield,39,4,ARC|CHA,Archers|Chaos,2022-06-04,2025-08-09,12.0,5.0,3.0,1.0,4.0,7.0,10.0,7,3.0,0.0,0.0,0.0,0.0,0.0,51.0,14.0,16.0,0,1,1,0.0,0.0,4.0,3.0,27.0,318.0,294.0,0.4,0.7,0.0,,,,0.25925925925925924,0.3333333333333333,0.3076923076923077,0.1282051282051282,0.07692307692307693,0.02564102564102564,0.10256410256410256,0.1794871794871795,0.2564102564102564,0.1794871794871795,0.07692307692307693,0.0,0.0,0.0,0.0,0.0,1.3076923076923077,0.358974358974359,0.41025641025641024,0.0,0.02564102564102564,0.02564102564102564,0.0,0.0,0.10256410256410256,0.07692307692307693,0.6923076923076923,8.153846153846153,7.538461538461538,0.6923076923076923
000280,Thomas Kelly,Thomas,Kelly,FO,Faceoff,5,1,CHA,Chaos,2022-06-04,2022-07-23,1.0,1.0,1.0,0.0,1.0,0.0,1.0,1,0.0,0.0,0.0,0.0,0.0,0.0,23.0,3.0,0.0,52,63,115,0.0,0.0,0.0,0.0,0.0,18.0,14.0,1.0,1.0,0.45217391304347826,,,,,,0.2,0.2,0.2,0.0,0.2,0.0,0.2,0.2,0.0,0.0,0.0,0.0,0.0,0.0,4.6,0.6,0.0,10.4,12.6,23.0,0.0,0.0,0.0,0.0,0.0,3.6,2.8,0.0
000281,Troy Reh,Troy,Reh,LSM,Long Stick Midfield,59,5,CHA,Chaos,2022-06-04,2026-08-08,5.0,5.0,3.0,1.0,4.0,0.0,23.0,14,16.0,0.0,0.0,0.0,0.0,0.0,165.0,15.0,53.0,0,2,2,0.0,0.0,13.0,12.0,16.0,484.0,446.0,0.17391304347826086,0.6086956521739131,0.0,,,,0.0,0.0625,0.0847457627118644,0.0847457627118644,0.05084745762711865,0.01694915254237288,0.06779661016949153,0.0,0.3898305084745763,0.23728813559322035,0.2711864406779661,0.0,0.0,0.0,0.0,0.0,2.7966101694915255,0.2542372881355932,0.8983050847457628,0.0,0.03389830508474576,0.03389830508474576,0.0,0.0,0.22033898305084745,0.2033898305084746,0.2711864406779661,8.203389830508474,7.559322033898305,0.2711864406779661
000282,Tyson Bell,Tyson,Bell,LSM,Long Stick Midfield,5,1,CAN,Cannons,2022-06-05,2022-07-02,1.0,1.0,1.0,0.0,1.0,0.0,3.0,1,0.0,0.0,0.0,0.0,0.0,0.0,5.0,2.0,1.0,0,0,0,0.0,0.0,5.0,4.0,0.0,25.0,20.0,0.3333333333333333,0.3333333333333333,,,,,,,0.2,0.2,0.2,0.0,0.2,0.0,0.6,0.2,0.0,0.0,0.0,0.0,0.0,0.0,1.0,0.4,0.2,0.0,0.0,0.0,0.0,0.0,1.0,0.8,0.0,5.0,4.0,0.0
000294,John Ranagan,John,Ranagan,M,Midfield,3,1,OUT,Outlaws,2022-06-10,2022-07-24,1.0,1.0,1.0,0.0,1.0,0.0,4.0,3,0.0,0.0,0.0,0.0,0.0,0.0,1.0,2.0,0.0,0,0,0,0.0,0.0,0.0,0.0,6.0,36.0,30.0,0.25,0.75,,,,,0.0,,0.3333333333333333,0.3333333333333333,0.3333333333333333,0.0,0.3333333333333333,0.0,1.3333333333333333,1.0,0.0,0.0,0.0,0.0,0.0,0.0,0.3333333333333333,0.6666666666666666,0.0,0.0,0.0,0.0,0.0,0.0,0.0,0.0,2.0,12.0,10.0,2.0
000295,Jordan MacIntosh,Jordan,MacIntosh,M,Midfield,19,2,OUT,Outlaws,2022-06-05,2023-08-27,22.0,20.0,18.0,1.0,19.0,2.0,63.0,41,2.0,0.0,0.0,0.0,0.0,0.0,17.0,28.0,2.0,0,0,0,0.0,0.0,1.0,1.0,24.0,310.0,219.0,0.30158730158730157,0.6507936507936508,,,,,0.08333333333333333,0.5,1.1578947368421053,1.0526315789473684,0.9473684210526315,0.05263157894736842,1.0,0.10526315789473684,3.3157894736842106,2.1578947368421053,0.10526315789473684,0.0,0.0,0.0,0.0,0.0,0.8947368421052632,1.4736842105263157,0.10526315789473684,0.0,0.0,0.0,0.0,0.0,0.05263157894736842,0.05263157894736842,1.263157894736842,16.31578947368421,11.526315789473685,1.263157894736842
000298,Justin Guterding,Justin,Guterding,M,Midfield,12,2,ATL|WHP,Atlas|Whipsnakes,2022-06-04,2023-08-26,17.0,6.0,6.0,0.0,6.0,11.0,32.0,21,1.0,0.0,0.0,0.0,0.0,0.0,9.0,10.0,2.0,0,0,0,0.0,0.0,1.0,0.5,37.0,216.0,174.0,0.1875,0.65625,,,,,0.2972972972972973,0.0,1.4166666666666667,0.5,0.5,0.0,0.5,0.9166666666666666,2.6666666666666665,1.75,0.08333333333333333,0.0,0.0,0.0,0.0,0.0,0.75,0.8333333333333334,0.16666666666666666,0.0,0.0,0.0,0.0,0.0,0.08333333333333333,0.041666666666666664,3.0833333333333335,18.0,14.5,3.0833333333333335
000302,Michael Manley,Michael,Manley,D,Defense,54,5,OUT,Outlaws,2022-06-05,2026-08-08,11.0,7.0,5.0,1.0,6.0,4.0,40.0,24,22.0,0.0,0.0,0.0,0.0,0.0,111.0,22.0,49.0,0,0,0,0.0,0.0,14.0,13.0,17.0,425.0,363.0,0.15,0.6,,,,,0.23529411764705882,0.045454545454545456,0.2037037037037037,0.12962962962962962,0.09259259259259259,0.018518518518518517,0.1111111111111111,0.07407407407407407,0.7407407407407407,0.4444444444444444,0.4074074074074074,0.0,0.0,0.0,0.0,0.0,2.0555555555555554,0.4074074074074074,0.9074074074074074,0.0,0.0,0.0,0.0,0.0,0.25925925925925924,0.24074074074074073,0.3148148148148148,7.87037037037037,6.722222222222222,0.3148148148148148
000305,Romar Dennis,Romar,Dennis,M,Midfield,42,5,ATL|RED,Atlas|Redwoods,2022-06-11,2026-05-16,55.0,47.0,11.0,18.0,29.0,8.0,196.0,102,110.0,0.0,0.0,0.0,0.0,0.0,22.0,22.0,7.0,0,0,0,0.0,0.0,3.0,3.0,43.0,726.0,508.0,0.14795918367346939,0.5204081632653061,,,,,0.18604651162790697,0.16363636363636364,1.3095238095238095,1.119047619047619,0.2619047619047619,0.42857142857142855,0.6904761904761905,0.19047619047619047,4.666666666666667,2.4285714285714284,2.619047619047619,0.0,0.0,0.0,0.0,0.0,0.5238095238095238,0.5238095238095238,0.16666666666666666,0.0,0.0,0.0,0.0,0.0,0.07142857142857142,0.07142857142857142,1.0238095238095237,17.285714285714285,12.095238095238095,1.0238095238095237
000308,Will Haus,Will,Haus,SSDM,Defensive Midfield,31,3,OUT,Outlaws,2022-06-05,2024-09-02,8.0,3.0,3.0,0.0,3.0,5.0,14.0,10,2.0,0.0,0.0,0.0,0.0,0.0,29.0,7.0,10.0,0,2,2,0.0,0.0,7.0,3.5,14.0,215.0,194.0,0.21428571428571427,0.7142857142857143,0.0,,,,0.35714285714285715,0.0,0.25806451612903225,0.0967741935483871,0.0967741935483871,0.0,0.0967741935483871,0.16129032258064516,0.45161290322580644,0.3225806451612903,0.06451612903225806,0.0,0.0,0.0,0.0,0.0,0.9354838709677419,0.22580645161290322,0.3225806451612903,0.0,0.06451612903225806,0.06451612903225806,0.0,0.0,0.22580645161290322,0.11290322580645161,0.45161290322580644,6.935483870967742,6.258064516129032,0.45161290322580644
000310,Brent Adams,Brent,Adams,M,Midfield,1,1,ATL,Atlas,2022-06-11,2022-06-11,0.0,0.0,0.0,0.0,0.0,0.0,2.0,0,0.0,0.0,0.0,0.0,0.0,0.0,0.0,0.0,0.0,0,0,0,0.0,0.0,0.0,0.0,0.0,7.0,5.0,0.0,0.0,,,,,,,0.0,0.0,0.0,0.0,0.0,0.0,2.0,0.0,0.0,0.0,0.0,0.0,0.0,0.0,0.0,0.0,0.0,0.0,0.0,0.0,0.0,0.0,0.0,0.0,0.0,7.0,5.0,0.0
000314,Eddy Glazener,Eddy,Glazener,D,Defense,21,2,RED,Redwoods,2022-06-04,2023-09-10,5.0,5.0,1.0,2.0,3.0,0.0,15.0,10,12.0,0.0,0.0,0.0,0.0,0.0,35.0,6.0,20.0,0,0,0,0.0,0.0,3.0,2.0,2.0,164.0,143.0,0.2,0.6666666666666666,,,,,0.0,0.16666666666666666,0.23809523809523808,0.23809523809523808,0.047619047619047616,0.09523809523809523,0.14285714285714285,0.0,0.7142857142857143,0.47619047619047616,0.5714285714285714,0.0,0.0,0.0,0.0,0.0,1.6666666666666667,0.2857142857142857,0.9523809523809523,0.0,0.0,0.0,0.0,0.0,0.14285714285714285,0.09523809523809523,0.09523809523809523,7.809523809523809,6.809523809523809,0.09523809523809523
000315,Garrett Epple,Garrett,Epple,D,Defense,44,4,CAN|RED,Cannons|Redwoods,2022-06-04,2025-08-09,1.0,0.0,0.0,0.0,0.0,1.0,4.0,0,4.0,0.0,0.0,0.0,0.0,0.0,84.0,16.0,72.0,0,0,0,0.0,0.0,15.0,12.5,7.0,348.0,328.0,0.0,0.0,,,,,0.14285714285714285,0.0,0.022727272727272728,0.0,0.0,0.0,0.0,0.022727272727272728,0.09090909090909091,0.0,0.09090909090909091,0.0,0.0,0.0,0.0,0.0,1.9090909090909092,0.36363636363636365,1.6363636363636365,0.0,0.0,0.0,0.0,0.0,0.3409090909090909,0.2840909090909091,0.1590909090909091,7.909090909090909,7.454545454545454,0.1590909090909091
000318,Jack Kelly,Jack,Kelly,G,Goalie,30,3,RED,Redwoods,2022-06-04,2024-08-17,0.0,0.0,0.0,0.0,0.0,0.0,3.0,1,3.0,348.0,130.0,218.0,362.0,402.3206878536231,48.0,16.0,15.0,0,0,0,340.0,22.0,0.0,0.0,6.0,455.0,436.0,0.0,0.3333333333333333,,0.5058139534883721,37.35632183908046,0.18895348837209303,0.0,0.0,0.0,0.0,0.0,0.0,0.0,0.0,0.1,0.03333333333333333,0.1,11.6,4.333333333333333,7.266666666666667,12.066666666666666,13.41068959512077,1.6,0.5333333333333333,0.5,0.0,0.0,0.0,11.333333333333334,0.7333333333333333,0.0,0.0,0.2,15.166666666666666,14.533333333333333,0.2
000319,Jack Near,Jack,Near,SSDM,Defensive Midfield,8,1,RED,Redwoods,2022-06-04,2022-09-03,0.0,0.0,0.0,0.0,0.0,0.0,0.0,0,0.0,0.0,0.0,0.0,0.0,0.0,11.0,1.0,0.0,0,0,0,0.0,0.0,0.0,0.0,1.0,52.0,51.0,,,,,,,0.0,,0.0,0.0,0.0,0.0,0.0,0.0,0.0,0.0,0.0,0.0,0.0,0.0,0.0,0.0,1.375,0.125,0.0,0.0,0.0,0.0,0.0,0.0,0.0,0.0,0.125,6.5,6.375,0.125
000322,John Sexton,John,Sexton,LSM,Long Stick Midfield,18,2,RED,Redwoods,2022-06-24,2023-09-10,3.0,1.0,1.0,0.0,1.0,2.0,9.0,4,6.0,0.0,0.0,0.0,0.0,0.0,26.0,9.0,7.0,1,7,8,0.0,0.0,3.0,2.5,9.0,69.0,51.0,0.1111111111111111,0.4444444444444444,0.125,,,,0.2222222222222222,0.0,0.16666666666666666,0.05555555555555555,0.05555555555555555,0.0,0.05555555555555555,0.1111111111111111,0.5,0.2222222222222222,0.3333333333333333,0.0,0.0,0.0,0.0,0.0,1.4444444444444444,0.5,0.3888888888888889,0.05555555555555555,0.3888888888888889,0.4444444444444444,0.0,0.0,0.16666666666666666,0.1388888888888889,0.5,3.8333333333333335,2.8333333333333335,0.5
000327,Matt Kavanagh,Matt,Kavanagh,A,Attack,27,3,CAN|RED,Cannons|Redwoods,2022-06-04,2024-07-20,51.0,32.0,30.0,1.0,31.0,19.0,144.0,82,3.0,0.0,0.0,0.0,0.0,0.0,51.0,48.0,8.0,0,0,0,0.0,0.0,5.0,3.5,73.0,755.0,563.0,0.2152777777777778,0.5694444444444444,,,,,0.2602739726027397,0.3333333333333333,1.8888888888888888,1.1851851851851851,1.1111111111111112,0.037037037037037035,1.1481481481481481,0.7037037037037037,5.333333333333333,3.037037037037037,0.1111111111111111,0.0,0.0,0.0,0.0,0.0,1.8888888888888888,1.7777777777777777,0.2962962962962963,0.0,0.0,0.0,0.0,0.0,0.18518518518518517,0.12962962962962962,2.7037037037037037,27.962962962962962,20.85185185185185,2.7037037037037037
000331,Patrick Harbeson,Patrick,Harbeson,SSDM,Defensive Midfield,3,1,RED,Redwoods,2022-07-01,2022-07-31,1.0,0.0,0.0,0.0,0.0,1.0,1.0,1,0.0,0.0,0.0,0.0,0.0,0.0,2.0,0.0,0.0,0,0,0,0.0,0.0,0.0,0.0,1.0,23.0,22.0,0.0,1.0,,,,,1.0,,0.3333333333333333,0.0,0.0,0.0,0.0,0.3333333333333333,0.3333333333333333,0.3333333333333333,0.0,0.0,0.0,0.0,0.0,0.0,0.6666666666666666,0.0,0.0,0.0,0.0,0.0,0.0,0.0,0.0,0.0,0.3333333333333333,7.666666666666667,7.333333333333333,0.3333333333333333
000333,Sergio Perkovic,Sergio,Perkovic,M,Midfield,32,4,CHA|RED,Chaos|Redwoods,2022-06-04,2025-08-24,27.0,25.0,15.0,5.0,20.0,2.0,114.0,62,37.0,0.0,0.0,0.0,0.0,0.0,17.0,22.0,6.0,0,0,0,0.0,0.0,7.0,7.0,32.0,543.0,407.0,0.17543859649122806,0.543859649122807,,,,,0.0625,0.13513513513513514,0.84375,0.78125,0.46875,0.15625,0.625,0.0625,3.5625,1.9375,1.15625,0.0,0.0,0.0,0.0,0.0,0.53125,0.6875,0.1875,0.0,0.0,0.0,0.0,0.0,0.21875,0.21875,1.0,16.96875,12.71875,1.0
000337,Bryce Young,Bryce,Young,D,Defense,43,4,CAN|WHP,Cannons|Whipsnakes,2022-06-04,2025-08-09,1.0,1.0,1.0,0.0,1.0,0.0,4.0,1,3.0,0.0,0.0,0.0,0.0,0.0,63.0,15.0,39.0,0,0,0,0.0,0.0,14.0,14.0,2.0,229.0,210.0,0.25,0.25,,,,,0.0,0.0,0.023255813953488372,0.023255813953488372,0.023255813953488372,0.0,0.023255813953488372,0.0,0.09302325581395349,0.023255813953488372,0.06976744186046512,0.0,0.0,0.0,0.0,0.0,1.4651162790697674,0.3488372093023256,0.9069767441860465,0.0,0.0,0.0,0.0,0.0,0.32558139534883723,0.32558139534883723,0.046511627906976744,5.325581395348837,4.883720930232558,0.046511627906976744
000339,Connor Kelly,Connor,Kelly,M,Midfield,49,5,WAT,Waterdogs,2022-06-05,2026-07-18,96.0,78.0,44.0,17.0,61.0,18.0,283.0,148,86.0,0.0,0.0,0.0,0.0,0.0,46.0,58.0,5.0,0,0,0,0.0,0.0,3.0,2.0,75.0,1191.0,850.0,0.21554770318021202,0.5229681978798587,,,,,0.24,0.19767441860465115,1.9591836734693877,1.5918367346938775,0.8979591836734694,0.3469387755102041,1.2448979591836735,0.3673469387755102,5.775510204081633,3.020408163265306,1.7551020408163265,0.0,0.0,0.0,0.0,0.0,0.9387755102040817,1.183673469387755,0.10204081632653061,0.0,0.0,0.0,0.0,0.0,0.061224489795918366,0.04081632653061224,1.530612244897959,24.306122448979593,17.346938775510203,1.530612244897959
000345,Jake Bernhardt,Jake,Bernhardt,SSDM,Defensive Midfield,43,5,WHP,Whipsnakes,2022-06-04,2026-05-16,10.0,8.0,4.0,2.0,6.0,2.0,26.0,11,7.0,0.0,0.0,0.0,0.0,0.0,27.0,11.0,11.0,6,26,32,0.0,0.0,3.0,1.5,9.0,251.0,214.0,0.23076923076923078,0.4230769230769231,0.1875,,,,0.2222222222222222,0.2857142857142857,0.23255813953488372,0.18604651162790697,0.09302325581395349,0.046511627906976744,0.13953488372093023,0.046511627906976744,0.6046511627906976,0.2558139534883721,0.16279069767441862,0.0,0.0,0.0,0.0,0.0,0.627906976744186,0.2558139534883721,0.2558139534883721,0.13953488372093023,0.6046511627906976,0.7441860465116279,0.0,0.0,0.06976744186046512,0.03488372093023256,0.20930232558139536,5.837209302325581,4.976744186046512,0.20930232558139536
000346,Jay Carlson,Jay,Carlson,A,Attack,8,1,WHP,Whipsnakes,2022-06-04,2022-09-11,15.0,11.0,11.0,0.0,11.0,4.0,32.0,24,0.0,0.0,0.0,0.0,0.0,0.0,10.0,11.0,6.0,0,0,0,0.0,0.0,1.0,0.5,9.0,102.0,59.0,0.34375,0.75,,,,,0.4444444444444444,,1.875,1.375,1.375,0.0,1.375,0.5,4.0,3.0,0.0,0.0,0.0,0.0,0.0,0.0,1.25,1.375,0.75,0.0,0.0,0.0,0.0,0.0,0.125,0.0625,1.125,12.75,7.375,1.125
000350,Joseph Nardella,Joseph,Nardella,FO,Faceoff,34,3,WHP,Whipsnakes,2022-06-04,2025-08-23,15.0,11.0,11.0,0.0,11.0,4.0,25.0,17,0.0,0.0,0.0,0.0,0.0,0.0,256.0,34.0,6.0,523,300,832,0.0,0.0,4.0,2.5,22.0,345.0,286.0,0.44,0.68,0.6286057692307693,,,,0.18181818181818182,,0.4411764705882353,0.3235294117647059,0.3235294117647059,0.0,0.3235294117647059,0.11764705882352941,0.7352941176470589,0.5,0.0,0.0,0.0,0.0,0.0,0.0,7.529411764705882,1.0,0.17647058823529413,15.382352941176471,8.823529411764707,24.470588235294116,0.0,0.0,0.11764705882352941,0.07352941176470588,0.6470588235294118,10.147058823529411,8.411764705882353,0.6470588235294118
000351,Jules Heningburg,Jules,Heningburg,M,Midfield,36,4,CAN|CHA|RED,Cannons|Chaos|Redwoods,2022-06-04,2025-08-09,58.0,35.0,33.0,1.0,34.0,23.0,127.0,85,7.0,0.0,0.0,0.0,0.0,0.0,24.0,45.0,2.0,0,0,0,0.0,0.0,1.0,1.0,93.0,755.0,583.0,0.2677165354330709,0.6692913385826772,,,,,0.24731182795698925,0.14285714285714285,1.6111111111111112,0.9722222222222222,0.9166666666666666,0.027777777777777776,0.9444444444444444,0.6388888888888888,3.5277777777777777,2.361111111111111,0.19444444444444445,0.0,0.0,0.0,0.0,0.0,0.6666666666666666,1.25,0.05555555555555555,0.0,0.0,0.0,0.0,0.0,0.027777777777777776,0.027777777777777776,2.5833333333333335,20.97222222222222,16.194444444444443,2.5833333333333335
000353,Kyle Bernlohr,Kyle,Bernlohr,G,Goalie,21,3,WHP,Whipsnakes,2022-06-04,2024-08-03,1.0,0.0,0.0,0.0,0.0,1.0,2.0,1,2.0,209.0,67.0,142.0,195.0,273.609864441789,47.0,6.0,6.0,0,0,0,183.0,12.0,0.0,0.0,4.0,268.0,260.0,0.0,0.5,,0.5331632653061225,32.057416267942585,0.17091836734693877,0.25,0.0,0.047619047619047616,0.0,0.0,0.0,0.0,0.047619047619047616,0.09523809523809523,0.047619047619047616,0.09523809523809523,9.952380952380953,3.1904761904761907,6.761904761904762,9.285714285714286,13.029041163894714,2.238095238095238,0.2857142857142857,0.2857142857142857,0.0,0.0,0.0,8.714285714285714,0.5714285714285714,0.0,0.0,0.19047619047619047,12.761904761904763,12.380952380952381,0.19047619047619047
000354,Matt Rambo,Matt,Rambo,A,Attack,45,5,ATL|WHP,Atlas|Whipsnakes,2022-06-04,2026-07-19,90.0,56.0,56.0,0.0,56.0,34.0,228.0,135,0.0,0.0,0.0,0.0,0.0,0.0,50.0,89.0,4.0,0,0,0,0.0,0.0,4.0,2.5,168.0,1047.0,730.0,0.24561403508771928,0.5921052631578947,,,,,0.20238095238095238,,2.0,1.2444444444444445,1.2444444444444445,0.0,1.2444444444444445,0.7555555555555555,5.066666666666666,3.0,0.0,0.0,0.0,0.0,0.0,0.0,1.1111111111111112,1.9777777777777779,0.08888888888888889,0.0,0.0,0.0,0.0,0.0,0.08888888888888889,0.05555555555555555,3.7333333333333334,23.266666666666666,16.22222222222222,3.7333333333333334
000355,Matthew Dunn,Matthew,Dunn,D,Defense,55,5,WHP,Whipsnakes,2022-06-04,2026-08-16,8.0,4.0,4.0,0.0,4.0,4.0,19.0,14,11.0,0.0,0.0,0.0,0.0,0.0,63.0,18.0,43.0,0,0,0,0.0,0.0,4.0,3.0,14.0,413.0,376.0,0.21052631578947367,0.7368421052631579,,,,,0.2857142857142857,0.0,0.14545454545454545,0.07272727272727272,0.07272727272727272,0.0,0.07272727272727272,0.07272727272727272,0.34545454545454546,0.2545454545454545,0.2,0.0,0.0,0.0,0.0,0.0,1.1454545454545455,0.32727272727272727,0.7818181818181819,0.0,0.0,0.0,0.0,0.0,0.07272727272727272,0.05454545454545454,0.2545454545454545,7.509090909090909,6.836363636363636,0.2545454545454545
000356,Michael Ehrhardt,Michael,Ehrhardt,LSM,Long Stick Midfield,19,2,WHP,Whipsnakes,2022-06-04,2023-09-04,16.0,12.0,4.0,4.0,8.0,4.0,41.0,19,30.0,0.0,0.0,0.0,0.0,0.0,59.0,13.0,18.0,0,0,0,0.0,0.0,7.0,6.0,11.0,167.0,113.0,0.1951219512195122,0.4634146341463415,,,,,0.36363636363636365,0.13333333333333333,0.8421052631578947,0.631578947368421,0.21052631578947367,0.21052631578947367,0.42105263157894735,0.21052631578947367,2.1578947368421053,1.0,1.5789473684210527,0.0,0.0,0.0,0.0,0.0,3.1052631578947367,0.6842105263157895,0.9473684210526315,0.0,0.0,0.0,0.0,0.0,0.3684210526315789,0.3157894736842105,0.5789473684210527,8.789473684210526,5.947368421052632,0.5789473684210527
000357,Mike Chanenchuk,Mike,Chanenchuk,M,Midfield,35,3,WHP,Whipsnakes,2022-06-04,2024-09-15,69.0,54.0,38.0,8.0,46.0,15.0,186.0,116,47.0,0.0,0.0,0.0,0.0,0.0,26.0,33.0,2.0,0,0,0,0.0,0.0,0.0,0.0,72.0,890.0,671.0,0.24731182795698925,0.6236559139784946,,,,,0.20833333333333334,0.1702127659574468,1.9714285714285715,1.542857142857143,1.0857142857142856,0.22857142857142856,1.3142857142857143,0.42857142857142855,5.314285714285714,3.3142857142857145,1.3428571428571427,0.0,0.0,0.0,0.0,0.0,0.7428571428571429,0.9428571428571428,0.05714285714285714,0.0,0.0,0.0,0.0,0.0,0.0,0.0,2.057142857142857,25.428571428571427,19.17142857142857,2.057142857142857
000358,Ryan Drenner,Ryan,Drenner,M,Midfield,43,4,CAN,Cannons,2022-06-05,2025-08-09,81.0,66.0,60.0,3.0,63.0,15.0,180.0,114,11.0,0.0,0.0,0.0,0.0,0.0,31.0,20.0,4.0,0,0,0,0.0,0.0,2.0,1.5,79.0,1014.0,814.0,0.35,0.6333333333333333,,,,,0.189873417721519,0.2727272727272727,1.8837209302325582,1.5348837209302326,1.3953488372093024,0.06976744186046512,1.4651162790697674,0.3488372093023256,4.186046511627907,2.6511627906976742,0.2558139534883721,0.0,0.0,0.0,0.0,0.0,0.7209302325581395,0.46511627906976744,0.09302325581395349,0.0,0.0,0.0,0.0,0.0,0.046511627906976744,0.03488372093023256,1.8372093023255813,23.58139534883721,18.930232558139537,1.8372093023255813
000359,Tim Muller,Tim,Muller,D,Defense,58,5,WHP,Whipsnakes,2022-06-04,2026-08-16,1.0,0.0,0.0,0.0,0.0,1.0,3.0,1,1.0,0.0,0.0,0.0,0.0,0.0,89.0,7.0,43.0,0,0,0,0.0,0.0,2.0,1.0,7.0,425.0,415.0,0.0,0.3333333333333333,,,,,0.14285714285714285,0.0,0.017241379310344827,0.0,0.0,0.0,0.0,0.017241379310344827,0.05172413793103448,0.017241379310344827,0.017241379310344827,0.0,0.0,0.0,0.0,0.0,1.5344827586206897,0.1206896551724138,0.7413793103448276,0.0,0.0,0.0,0.0,0.0,0.034482758620689655,0.017241379310344827,0.1206896551724138,7.327586206896552,7.155172413793103,0.1206896551724138
000361,Tyler Warner,Tyler,Warner,SSDM,Defensive Midfield,21,2,WHP,Whipsnakes,2022-06-04,2023-09-04,2.0,2.0,2.0,0.0,2.0,0.0,7.0,3,3.0,0.0,0.0,0.0,0.0,0.0,34.0,3.0,7.0,0,0,0,0.0,0.0,1.0,0.5,7.0,130.0,120.0,0.2857142857142857,0.42857142857142855,,,,,0.0,0.0,0.09523809523809523,0.09523809523809523,0.09523809523809523,0.0,0.09523809523809523,0.0,0.3333333333333333,0.14285714285714285,0.14285714285714285,0.0,0.0,0.0,0.0,0.0,1.619047619047619,0.14285714285714285,0.3333333333333333,0.0,0.0,0.0,0.0,0.0,0.047619047619047616,0.023809523809523808,0.3333333333333333,6.190476190476191,5.714285714285714,0.3333333333333333
000363,Ryan Conrad,Ryan,Conrad,M,Midfield,33,3,WAT|WHP,Waterdogs|Whipsnakes,2022-06-17,2024-09-15,61.0,43.0,39.0,2.0,41.0,18.0,135.0,91,13.0,0.0,0.0,0.0,0.0,0.0,25.0,43.0,3.0,0,1,1,0.0,0.0,5.0,2.5,59.0,653.0,475.0,0.3037037037037037,0.674074074074074,0.0,,,,0.3050847457627119,0.15384615384615385,1.8484848484848484,1.303030303030303,1.1818181818181819,0.06060606060606061,1.2424242424242424,0.5454545454545454,4.090909090909091,2.757575757575758,0.3939393939393939,0.0,0.0,0.0,0.0,0.0,0.7575757575757576,1.303030303030303,0.09090909090909091,0.0,0.030303030303030304,0.030303030303030304,0.0,0.0,0.15151515151515152,0.07575757575757576,1.7878787878787878,19.78787878787879,14.393939393939394,1.7878787878787878
000365,Jack Rowlett,Jack,Rowlett,D,Defense,51,5,CHA,Chaos,2022-06-04,2026-07-18,3.0,3.0,1.0,1.0,2.0,0.0,12.0,7,10.0,0.0,0.0,0.0,0.0,0.0,67.0,12.0,45.0,4,12,16,0.0,0.0,21.0,19.5,4.0,330.0,306.0,0.16666666666666666,0.5833333333333334,0.25,,,,0.0,0.1,0.058823529411764705,0.058823529411764705,0.0196078431372549,0.0196078431372549,0.0392156862745098,0.0,0.23529411764705882,0.13725490196078433,0.19607843137254902,0.0,0.0,0.0,0.0,0.0,1.3137254901960784,0.23529411764705882,0.8823529411764706,0.0784313725490196,0.23529411764705882,0.3137254901960784,0.0,0.0,0.4117647058823529,0.38235294117647056,0.0784313725490196,6.470588235294118,6.0,0.0784313725490196
000366,Connor Farrell,Connor,Farrell,FO,Faceoff,24,3,OUT|WAT,Outlaws|Waterdogs,2022-06-05,2026-06-28,2.0,2.0,2.0,0.0,2.0,0.0,14.0,8,2.0,0.0,0.0,0.0,0.0,0.0,208.0,31.0,3.0,302,232,537,0.0,0.0,2.0,3.0,2.0,175.0,130.0,0.14285714285714285,0.5714285714285714,0.5623836126629422,,,,0.0,0.0,0.08333333333333333,0.08333333333333333,0.08333333333333333,0.0,0.08333333333333333,0.0,0.5833333333333334,0.3333333333333333,0.08333333333333333,0.0,0.0,0.0,0.0,0.0,8.666666666666666,1.2916666666666667,0.125,12.583333333333334,9.666666666666666,22.375,0.0,0.0,0.08333333333333333,0.125,0.08333333333333333,7.291666666666667,5.416666666666667,0.08333333333333333
000368,Chris Sabia,Chris,Sabia,LSM,Long Stick Midfield,26,3,WAT,Waterdogs,2022-06-05,2024-08-17,4.0,0.0,0.0,0.0,0.0,4.0,7.0,6,2.0,0.0,0.0,0.0,0.0,0.0,43.0,4.0,22.0,0,0,0,0.0,0.0,11.0,8.0,4.0,129.0,118.0,0.0,0.8571428571428571,,,,,1.0,0.0,0.15384615384615385,0.0,0.0,0.0,0.0,0.15384615384615385,0.2692307692307692,0.23076923076923078,0.07692307692307693,0.0,0.0,0.0,0.0,0.0,1.6538461538461537,0.15384615384615385,0.8461538461538461,0.0,0.0,0.0,0.0,0.0,0.4230769230769231,0.3076923076923077,0.15384615384615385,4.961538461538462,4.538461538461538,0.15384615384615385
000369,Clarke Petterson,Clarke,Petterson,A,Attack,2,1,ATL,Atlas,2022-08-21,2022-09-03,4.0,2.0,2.0,0.0,2.0,2.0,4.0,2,0.0,0.0,0.0,0.0,0.0,0.0,1.0,1.0,0.0,0,0,0,0.0,0.0,0.0,0.0,2.0,17.0,12.0,0.5,0.5,,,,,1.0,,2.0,1.0,1.0,0.0,1.0,1.0,2.0,1.0,0.0,0.0,0.0,0.0,0.0,0.0,0.5,0.5,0.0,0.0,0.0,0.0,0.0,0.0,0.0,0.0,1.0,8.5,6.0,1.0
000370,Tim Troutner,Tim,Troutner,G,Goalie,15,4,ATL|RED|WAT,Atlas|Redwoods|Waterdogs,2022-06-04,2026-08-01,1.0,0.0,0.0,0.0,0.0,1.0,2.0,1,2.0,84.0,36.0,48.0,111.0,180.0980705650047,27.0,3.0,6.0,0,0,0,101.0,10.0,0.0,0.0,3.0,147.0,142.0,0.0,0.5,,0.4540540540540541,42.857142857142854,0.1945945945945946,0.3333333333333333,0.0,0.06666666666666667,0.0,0.0,0.0,0.0,0.06666666666666667,0.13333333333333333,0.06666666666666667,0.13333333333333333,5.6,2.4,3.2,7.4,12.00653803766698,1.8,0.2,0.4,0.0,0.0,0.0,6.733333333333333,0.6666666666666666,0.0,0.0,0.2,9.8,9.466666666666667,0.2
000373,Ryder Garnsey,Ryder,Garnsey,A,Attack,55,5,RED,Redwoods,2022-06-04,2026-08-16,143.0,92.0,90.0,1.0,91.0,51.0,284.0,177,13.0,0.0,0.0,0.0,0.0,0.0,93.0,104.0,6.0,0,0,0,0.0,0.0,9.0,7.0,147.0,1694.0,1306.0,0.3204225352112676,0.6232394366197183,,,,,0.3469387755102041,0.07692307692307693,2.6,1.6727272727272726,1.6363636363636365,0.01818181818181818,1.6545454545454545,0.9272727272727272,5.163636363636364,3.2181818181818183,0.23636363636363636,0.0,0.0,0.0,0.0,0.0,1.690909090909091,1.8909090909090909,0.10909090909090909,0.0,0.0,0.0,0.0,0.0,0.16363636363636364,0.12727272727272726,2.672727272727273,30.8,23.745454545454546,2.672727272727273
000376,Cade van Raaphorst,Cade,van Raaphorst,D,Defense,31,3,ATL|CAN,Atlas|Cannons,2022-06-04,2024-09-02,16.0,14.0,0.0,7.0,7.0,2.0,39.0,16,36.0,0.0,0.0,0.0,0.0,0.0,87.0,20.0,28.0,0,2,3,0.0,0.0,4.0,3.0,10.0,290.0,231.0,0.1794871794871795,0.41025641025641024,0.0,,,,0.2,0.19444444444444445,0.5161290322580645,0.45161290322580644,0.0,0.22580645161290322,0.22580645161290322,0.06451612903225806,1.2580645161290323,0.5161290322580645,1.1612903225806452,0.0,0.0,0.0,0.0,0.0,2.806451612903226,0.6451612903225806,0.9032258064516129,0.0,0.06451612903225806,0.0967741935483871,0.0,0.0,0.12903225806451613,0.0967741935483871,0.3225806451612903,9.35483870967742,7.451612903225806,0.3225806451612903
000377,Johnny Surdick,Johnny,Surdick,D,Defense,2,1,CHA,Chaos,2023-06-17,2023-07-09,1.0,0.0,0.0,0.0,0.0,1.0,0.0,0,0.0,0.0,0.0,0.0,0.0,0.0,5.0,0.0,1.0,0,0,0,0.0,0.0,0.0,0.0,1.0,6.0,6.0,,,,,,,1.0,,0.5,0.0,0.0,0.0,0.0,0.5,0.0,0.0,0.0,0.0,0.0,0.0,0.0,0.0,2.5,0.0,0.5,0.0,0.0,0.0,0.0,0.0,0.0,0.0,0.5,3.0,3.0,0.5
000385,Wes Berg,Wes,Berg,A,Attack,26,3,CHA|RED,Chaos|Redwoods,2022-06-11,2024-08-17,51.0,45.0,45.0,0.0,45.0,6.0,95.0,71,0.0,0.0,0.0,0.0,0.0,0.0,30.0,25.0,5.0,0,0,0,0.0,0.0,5.0,3.0,27.0,399.0,279.0,0.47368421052631576,0.7473684210526316,,,,,0.2222222222222222,,1.9615384615384615,1.7307692307692308,1.7307692307692308,0.0,1.7307692307692308,0.23076923076923078,3.6538461538461537,2.730769230769231,0.0,0.0,0.0,0.0,0.0,0.0,1.1538461538461537,0.9615384615384616,0.19230769230769232,0.0,0.0,0.0,0.0,0.0,0.19230769230769232,0.11538461538461539,1.0384615384615385,15.346153846153847,10.73076923076923,1.0384615384615385
000390,Brad Smith,Brad,Smith,M,Midfield,30,4,WHP,Whipsnakes,2022-06-04,2026-05-16,57.0,41.0,25.0,8.0,33.0,16.0,137.0,84,32.0,0.0,0.0,0.0,0.0,0.0,32.0,39.0,3.0,0,0,0,0.0,0.0,1.0,1.0,55.0,716.0,540.0,0.24087591240875914,0.6131386861313869,,,,,0.2909090909090909,0.25,1.9,1.3666666666666667,0.8333333333333334,0.26666666666666666,1.1,0.5333333333333333,4.566666666666666,2.8,1.0666666666666667,0.0,0.0,0.0,0.0,0.0,1.0666666666666667,1.3,0.1,0.0,0.0,0.0,0.0,0.0,0.03333333333333333,0.03333333333333333,1.8333333333333333,23.866666666666667,18.0,1.8333333333333333
000391,Grant Ament,Grant,Ament,M,Midfield,37,4,ARC,Archers,2022-07-24,2025-08-09,87.0,36.0,32.0,2.0,34.0,51.0,144.0,82,9.0,0.0,0.0,0.0,0.0,0.0,30.0,68.0,1.0,0,0,0,0.0,0.0,3.0,2.0,188.0,1133.0,921.0,0.2361111111111111,0.5694444444444444,,,,,0.2712765957446808,0.2222222222222222,2.3513513513513513,0.972972972972973,0.8648648648648649,0.05405405405405406,0.918918918918919,1.3783783783783783,3.891891891891892,2.2162162162162162,0.24324324324324326,0.0,0.0,0.0,0.0,0.0,0.8108108108108109,1.837837837837838,0.02702702702702703,0.0,0.0,0.0,0.0,0.0,0.08108108108108109,0.05405405405405406,5.081081081081081,30.62162162162162,24.89189189189189,5.081081081081081
000395,Bryan Costabile,Bryan,Costabile,M,Midfield,55,5,ATL,Atlas,2022-06-04,2026-08-15,119.0,88.0,62.0,13.0,75.0,31.0,323.0,194,94.0,0.0,0.0,0.0,0.0,0.0,77.0,104.0,12.0,0,1,1,0.0,0.0,4.0,3.5,105.0,1495.0,1068.0,0.23219814241486067,0.6006191950464397,0.0,,,,0.29523809523809524,0.13829787234042554,2.1636363636363636,1.6,1.1272727272727272,0.23636363636363636,1.3636363636363635,0.5636363636363636,5.872727272727273,3.5272727272727273,1.709090909090909,0.0,0.0,0.0,0.0,0.0,1.4,1.8909090909090909,0.21818181818181817,0.0,0.01818181818181818,0.01818181818181818,0.0,0.0,0.07272727272727272,0.06363636363636363,1.9090909090909092,27.181818181818183,19.418181818181818,1.9090909090909092
000397,Reece Eddy,Reece,Eddy,LSM,Long Stick Midfield,1,1,ARC,Archers,2023-06-03,2023-06-03,0.0,0.0,0.0,0.0,0.0,0.0,0.0,0,0.0,0.0,0.0,0.0,0.0,0.0,0.0,0.0,1.0,0,0,0,0.0,0.0,1.0,0.5,0.0,2.0,2.0,,,,,,,,,0.0,0.0,0.0,0.0,0.0,0.0,0.0,0.0,0.0,0.0,0.0,0.0,0.0,0.0,0.0,0.0,1.0,0.0,0.0,0.0,0.0,0.0,1.0,0.5,0.0,2.0,2.0,0.0
000405,Jesse Bernhardt,Jesse,Bernhardt,D,Defense,38,4,OUT,Outlaws,2022-06-05,2025-09-14,6.0,1.0,1.0,0.0,1.0,5.0,10.0,2,7.0,0.0,0.0,0.0,0.0,0.0,66.0,7.0,34.0,0,0,0,0.0,0.0,8.0,7.0,11.0,313.0,296.0,0.1,0.2,,,,,0.45454545454545453,0.0,0.15789473684210525,0.02631578947368421,0.02631578947368421,0.0,0.02631578947368421,0.13157894736842105,0.2631578947368421,0.05263157894736842,0.18421052631578946,0.0,0.0,0.0,0.0,0.0,1.736842105263158,0.18421052631578946,0.8947368421052632,0.0,0.0,0.0,0.0,0.0,0.21052631578947367,0.18421052631578946,0.2894736842105263,8.236842105263158,7.7894736842105265,0.2894736842105263
000406,Craig Chick,Craig,Chick,LSM,Long Stick Midfield,20,3,ATL|CAN,Atlas|Cannons,2022-06-04,2024-07-05,2.0,1.0,1.0,0.0,1.0,1.0,5.0,3,0.0,0.0,0.0,0.0,0.0,0.0,59.0,7.0,14.0,0,6,6,0.0,0.0,1.0,1.0,4.0,88.0,76.0,0.2,0.6,0.0,,,,0.25,,0.1,0.05,0.05,0.0,0.05,0.05,0.25,0.15,0.0,0.0,0.0,0.0,0.0,0.0,2.95,0.35,0.7,0.0,0.3,0.3,0.0,0.0,0.05,0.05,0.2,4.4,3.8,0.2
000407,TJ Comizio,TJ,Comizio,,,1,1,CHA,Chaos,2022-06-11,2022-06-11,1.0,1.0,1.0,0.0,1.0,0.0,1.0,1,0.0,0.0,0.0,0.0,0.0,0.0,1.0,0.0,0.0,0,0,0,0.0,0.0,0.0,0.0,2.0,6.0,5.0,1.0,1.0,,,,,0.0,,1.0,1.0,1.0,0.0,1.0,0.0,1.0,1.0,0.0,0.0,0.0,0.0,0.0,0.0,1.0,0.0,0.0,0.0,0.0,0.0,0.0,0.0,0.0,0.0,2.0,6.0,5.0,2.0
000408,Matt DeLuca,Matt,DeLuca,G,Goalie,38,5,WAT,Waterdogs,2022-06-05,2026-08-16,0.0,0.0,0.0,0.0,0.0,0.0,2.0,0,2.0,330.0,106.0,224.0,330.0,518.0175205199399,41.0,8.0,3.0,0,0,0,310.0,20.0,0.0,0.0,3.0,352.0,342.0,0.0,0.0,,0.515625,32.121212121212125,0.165625,0.0,0.0,0.0,0.0,0.0,0.0,0.0,0.0,0.05263157894736842,0.0,0.05263157894736842,8.68421052631579,2.789473684210526,5.894736842105263,8.68421052631579,13.63204001368263,1.0789473684210527,0.21052631578947367,0.07894736842105263,0.0,0.0,0.0,8.157894736842104,0.5263157894736842,0.0,0.0,0.07894736842105263,9.263157894736842,9.0,0.07894736842105263
000409,Zach Currier,Zach,Currier,M,Midfield,59,5,WAT,Waterdogs,2022-06-05,2026-08-16,89.0,47.0,45.0,1.0,46.0,42.0,150.0,99,11.0,0.0,0.0,0.0,0.0,0.0,295.0,60.0,45.0,84,126,210,0.0,0.0,9.0,8.5,145.0,1233.0,1023.0,0.30666666666666664,0.66,0.4,,,,0.2896551724137931,0.09090909090909091,1.5084745762711864,0.7966101694915254,0.7627118644067796,0.01694915254237288,0.7796610169491526,0.711864406779661,2.542372881355932,1.6779661016949152,0.1864406779661017,0.0,0.0,0.0,0.0,0.0,5.0,1.0169491525423728,0.7627118644067796,1.423728813559322,2.135593220338983,3.559322033898305,0.0,0.0,0.15254237288135594,0.1440677966101695,2.457627118644068,20.89830508474576,17.338983050847457,2.457627118644068
000410,Eli Gobrecht,Eli,Gobrecht,D,Defense,52,5,ATL|WAT,Atlas|Waterdogs,2022-06-05,2026-08-15,6.0,5.0,5.0,0.0,5.0,1.0,13.0,8,2.0,0.0,0.0,0.0,0.0,0.0,89.0,11.0,41.0,25,172,200,0.0,0.0,10.0,9.5,8.0,232.0,208.0,0.38461538461538464,0.6153846153846154,0.125,,,,0.125,0.0,0.11538461538461539,0.09615384615384616,0.09615384615384616,0.0,0.09615384615384616,0.019230769230769232,0.25,0.15384615384615385,0.038461538461538464,0.0,0.0,0.0,0.0,0.0,1.7115384615384615,0.21153846153846154,0.7884615384615384,0.4807692307692308,3.3076923076923075,3.8461538461538463,0.0,0.0,0.19230769230769232,0.18269230769230768,0.15384615384615385,4.461538461538462,4.0,0.15384615384615385
000411,Christian Mazzone,Christian,Mazzone,M,Midfield,1,1,WAT,Waterdogs,2022-06-05,2022-06-05,0.0,0.0,0.0,0.0,0.0,0.0,0.0,0,0.0,0.0,0.0,0.0,0.0,0.0,3.0,0.0,0.0,0,0,0,0.0,0.0,0.0,0.0,2.0,6.0,6.0,,,,,,,0.0,,0.0,0.0,0.0,0.0,0.0,0.0,0.0,0.0,0.0,0.0,0.0,0.0,0.0,0.0,3.0,0.0,0.0,0.0,0.0,0.0,0.0,0.0,0.0,0.0,2.0,6.0,6.0,2.0
000414,Rob Pannell,Rob,Pannell,A,Attack,54,5,RED|WHP,Redwoods|Whipsnakes,2022-06-04,2026-08-16,169.0,76.0,74.0,1.0,75.0,93.0,327.0,188,11.0,0.0,0.0,0.0,0.0,0.0,92.0,133.0,9.0,0,0,0,0.0,0.0,7.0,4.0,283.0,1945.0,1485.0,0.22935779816513763,0.5749235474006116,,,,,0.3286219081272085,0.09090909090909091,3.1296296296296298,1.4074074074074074,1.3703703703703705,0.018518518518518517,1.3888888888888888,1.7222222222222223,6.055555555555555,3.4814814814814814,0.2037037037037037,0.0,0.0,0.0,0.0,0.0,1.7037037037037037,2.462962962962963,0.16666666666666666,0.0,0.0,0.0,0.0,0.0,0.12962962962962962,0.07407407407407407,5.2407407407407405,36.01851851851852,27.5,5.2407407407407405
000416,Ryland Rees,Ryland,Rees,LSM,Long Stick Midfield,38,4,RED|WAT,Redwoods|Waterdogs,2022-06-05,2025-09-01,18.0,16.0,4.0,6.0,10.0,2.0,34.0,23,26.0,0.0,0.0,0.0,0.0,0.0,72.0,13.0,21.0,0,3,3,0.0,0.0,3.0,1.5,9.0,158.0,111.0,0.29411764705882354,0.6764705882352942,0.0,,,,0.2222222222222222,0.23076923076923078,0.47368421052631576,0.42105263157894735,0.10526315789473684,0.15789473684210525,0.2631578947368421,0.05263157894736842,0.8947368421052632,0.6052631578947368,0.6842105263157895,0.0,0.0,0.0,0.0,0.0,1.894736842105263,0.34210526315789475,0.5526315789473685,0.0,0.07894736842105263,0.07894736842105263,0.0,0.0,0.07894736842105263,0.039473684210526314,0.23684210526315788,4.157894736842105,2.9210526315789473,0.23684210526315788
000417,Finn Sullivan,Finn,Sullivan,D,Defense,9,2,CAN|RED,Cannons|Redwoods,2022-06-04,2023-06-10,0.0,0.0,0.0,0.0,0.0,0.0,0.0,0,0.0,0.0,0.0,0.0,0.0,0.0,10.0,5.0,7.0,0,0,0,0.0,0.0,2.0,2.0,0.0,41.0,36.0,,,,,,,,,0.0,0.0,0.0,0.0,0.0,0.0,0.0,0.0,0.0,0.0,0.0,0.0,0.0,0.0,1.1111111111111112,0.5555555555555556,0.7777777777777778,0.0,0.0,0.0,0.0,0.0,0.2222222222222222,0.2222222222222222,0.0,4.555555555555555,4.0,0.0
000418,Dillon Ward,Dillon,Ward,G,Goalie,43,5,RED|WAT,Redwoods|Waterdogs,2022-07-03,2026-08-16,1.0,0.0,0.0,0.0,0.0,1.0,2.0,1,2.0,503.0,139.0,364.0,472.0,547.0061185688285,71.0,13.0,15.0,0,0,0,436.0,36.0,1.0,1.0,4.0,496.0,481.0,0.0,0.5,,0.5356762513312034,27.634194831013914,0.14802981895633652,0.25,0.0,0.023255813953488372,0.0,0.0,0.0,0.0,0.023255813953488372,0.046511627906976744,0.023255813953488372,0.046511627906976744,11.69767441860465,3.2325581395348837,8.465116279069768,10.976744186046512,12.721072524856476,1.6511627906976745,0.3023255813953488,0.3488372093023256,0.0,0.0,0.0,10.13953488372093,0.8372093023255814,0.023255813953488372,0.023255813953488372,0.09302325581395349,11.534883720930232,11.186046511627907,0.09302325581395349
000419,Zed Williams,Zed,Williams,A,Attack,33,4,WAT|WHP,Waterdogs|Whipsnakes,2022-06-24,2026-05-17,82.0,64.0,60.0,2.0,62.0,18.0,236.0,150,16.0,0.0,0.0,0.0,0.0,0.0,47.0,53.0,4.0,0,0,0,0.0,0.0,3.0,2.0,78.0,798.0,509.0,0.2627118644067797,0.635593220338983,,,,,0.23076923076923078,0.125,2.484848484848485,1.9393939393939394,1.8181818181818181,0.06060606060606061,1.878787878787879,0.5454545454545454,7.151515151515151,4.545454545454546,0.48484848484848486,0.0,0.0,0.0,0.0,0.0,1.4242424242424243,1.606060606060606,0.12121212121212122,0.0,0.0,0.0,0.0,0.0,0.09090909090909091,0.06060606060606061,2.3636363636363638,24.181818181818183,15.424242424242424,2.3636363636363638
000422,Eli Salama,Eli,Salama,LSM,Long Stick Midfield,21,2,OUT,Outlaws,2022-06-05,2023-08-27,10.0,7.0,3.0,2.0,5.0,3.0,18.0,11,10.0,0.0,0.0,0.0,0.0,0.0,33.0,10.0,9.0,0,28,28,0.0,0.0,6.0,6.0,6.0,95.0,67.0,0.2777777777777778,0.6111111111111112,0.0,,,,0.5,0.2,0.47619047619047616,0.3333333333333333,0.14285714285714285,0.09523809523809523,0.23809523809523808,0.14285714285714285,0.8571428571428571,0.5238095238095238,0.47619047619047616,0.0,0.0,0.0,0.0,0.0,1.5714285714285714,0.47619047619047616,0.42857142857142855,0.0,1.3333333333333333,1.3333333333333333,0.0,0.0,0.2857142857142857,0.2857142857142857,0.2857142857142857,4.523809523809524,3.1904761904761907,0.2857142857142857
000424,Jake Pulver,Jake,Pulver,D,Defense,25,3,CAN,Cannons,2022-06-05,2024-09-02,1.0,1.0,1.0,0.0,1.0,0.0,5.0,3,3.0,0.0,0.0,0.0,0.0,0.0,32.0,11.0,20.0,5,50,55,0.0,0.0,0.0,0.0,1.0,98.0,82.0,0.2,0.6,0.09090909090909091,,,,0.0,0.0,0.04,0.04,0.04,0.0,0.04,0.0,0.2,0.12,0.12,0.0,0.0,0.0,0.0,0.0,1.28,0.44,0.8,0.2,2.0,2.2,0.0,0.0,0.0,0.0,0.04,3.92,3.28,0.04
000425,Jesse King,Jesse,King,M,Midfield,6,1,OUT,Outlaws,2023-07-15,2023-08-27,8.0,3.0,3.0,0.0,3.0,5.0,12.0,9,1.0,0.0,0.0,0.0,0.0,0.0,2.0,9.0,1.0,0,0,0,0.0,0.0,1.0,0.5,17.0,101.0,80.0,0.25,0.75,,,,,0.29411764705882354,0.0,1.3333333333333333,0.5,0.5,0.0,0.5,0.8333333333333334,2.0,1.5,0.16666666666666666,0.0,0.0,0.0,0.0,0.0,0.3333333333333333,1.5,0.16666666666666666,0.0,0.0,0.0,0.0,0.0,0.16666666666666666,0.08333333333333333,2.8333333333333335,16.833333333333332,13.333333333333334,2.8333333333333335
000427,Jake Withers,Jake,Withers,FO,Faceoff,9,1,WAT,Waterdogs,2022-06-05,2022-09-18,1.0,1.0,1.0,0.0,1.0,0.0,6.0,3,0.0,0.0,0.0,0.0,0.0,0.0,47.0,3.0,5.0,110,114,226,0.0,0.0,2.0,1.0,4.0,46.0,37.0,0.16666666666666666,0.5,0.48672566371681414,,,,0.0,,0.1111111111111111,0.1111111111111111,0.1111111111111111,0.0,0.1111111111111111,0.0,0.6666666666666666,0.3333333333333333,0.0,0.0,0.0,0.0,0.0,0.0,5.222222222222222,0.3333333333333333,0.5555555555555556,12.222222222222221,12.666666666666666,25.11111111111111,0.0,0.0,0.2222222222222222,0.1111111111111111,0.4444444444444444,5.111111111111111,4.111111111111111,0.4444444444444444
000434,Matt Abbott,Matt,Abbott,SSDM,Defensive Midfield,5,1,CAN,Cannons,2022-06-25,2022-08-06,0.0,0.0,0.0,0.0,0.0,0.0,3.0,1,1.0,0.0,0.0,0.0,0.0,0.0,9.0,1.0,1.0,0,0,0,0.0,0.0,1.0,0.5,1.0,32.0,28.0,0.0,0.3333333333333333,,,,,0.0,0.0,0.0,0.0,0.0,0.0,0.0,0.0,0.6,0.2,0.2,0.0,0.0,0.0,0.0,0.0,1.8,0.2,0.2,0.0,0.0,0.0,0.0,0.0,0.2,0.1,0.2,6.4,5.6,0.2
000614,Brian Phipps,Brian,Phipps,G,Goalie,2,1,WHP,Whipsnakes,2023-07-14,2023-09-04,0.0,0.0,0.0,0.0,0.0,0.0,0.0,0,0.0,14.0,3.0,11.0,18.0,27.890743194905415,2.0,0.0,0.0,0,0,0,17.0,1.0,0.0,0.0,1.0,17.0,17.0,,,,0.45161290322580644,21.428571428571427,0.0967741935483871,0.0,,0.0,0.0,0.0,0.0,0.0,0.0,0.0,0.0,0.0,7.0,1.5,5.5,9.0,13.945371597452707,1.0,0.0,0.0,0.0,0.0,0.0,8.5,0.5,0.0,0.0,0.5,8.5,8.5,0.5
000700,Tommy Palasek,Tommy,Palasek,A,Attack,2,1,CHA,Chaos,2022-06-04,2022-06-18,2.0,0.0,0.0,0.0,0.0,2.0,3.0,2,0.0,0.0,0.0,0.0,0.0,0.0,1.0,4.0,0.0,0,0,0,0.0,0.0,0.0,0.0,4.0,52.0,45.0,0.0,0.6666666666666666,,,,,0.5,,1.0,0.0,0.0,0.0,0.0,1.0,1.5,1.0,0.0,0.0,0.0,0.0,0.0,0.0,0.5,2.0,0.0,0.0,0.0,0.0,0.0,0.0,0.0,0.0,2.0,26.0,22.5,2.0
000727,CJ Costabile,CJ,Costabile,LSM,Long Stick Midfield,29,4,ATL|CHA,Atlas|Chaos,2022-06-04,2025-05-30,16.0,15.0,7.0,4.0,11.0,1.0,40.0,22,22.0,0.0,0.0,0.0,0.0,0.0,62.0,13.0,11.0,15,17,32,0.0,0.0,8.0,6.0,9.0,156.0,103.0,0.275,0.55,0.46875,,,,0.1111111111111111,0.18181818181818182,0.5517241379310345,0.5172413793103449,0.2413793103448276,0.13793103448275862,0.3793103448275862,0.034482758620689655,1.3793103448275863,0.7586206896551724,0.7586206896551724,0.0,0.0,0.0,0.0,0.0,2.1379310344827585,0.4482758620689655,0.3793103448275862,0.5172413793103449,0.5862068965517241,1.103448275862069,0.0,0.0,0.27586206896551724,0.20689655172413793,0.3103448275862069,5.379310344827586,3.5517241379310347,0.3103448275862069
000815,Austin Kaut,Austin,Kaut,G,Goalie,13,4,CHA,Chaos,2023-07-09,2026-07-18,0.0,0.0,0.0,0.0,0.0,0.0,2.0,1,2.0,90.0,32.0,58.0,83.0,142.70346266498026,13.0,5.0,1.0,0,0,0,75.0,8.0,1.0,0.0,0.0,107.0,100.0,0.0,0.5,,0.5454545454545454,35.55555555555556,0.19393939393939394,,0.0,0.0,0.0,0.0,0.0,0.0,0.0,0.15384615384615385,0.07692307692307693,0.15384615384615385,6.923076923076923,2.4615384615384617,4.461538461538462,6.384615384615385,10.977189435767713,1.0,0.38461538461538464,0.07692307692307693,0.0,0.0,0.0,5.769230769230769,0.6153846153846154,0.07692307692307693,0.0,0.0,8.23076923076923,7.6923076923076925,0.0
000823,Mark Cockerton,Mark,Cockerton,A,Attack,4,2,ATL|CAN,Atlas|Cannons,2022-07-31,2023-08-19,6.0,6.0,6.0,0.0,6.0,0.0,27.0,12,0.0,0.0,0.0,0.0,0.0,0.0,0.0,4.0,0.0,0,0,0,0.0,0.0,0.0,0.0,2.0,66.0,35.0,0.2222222222222222,0.4444444444444444,,,,,0.0,,1.5,1.5,1.5,0.0,1.5,0.0,6.75,3.0,0.0,0.0,0.0,0.0,0.0,0.0,0.0,1.0,0.0,0.0,0.0,0.0,0.0,0.0,0.0,0.0,0.5,16.5,8.75,0.5
000886,Lyle Thompson,Lyle,Thompson,A,Attack,9,1,CAN,Cannons,2022-06-05,2022-08-21,44.0,26.0,26.0,0.0,26.0,18.0,66.0,42,0.0,0.0,0.0,0.0,0.0,0.0,22.0,25.0,5.0,0,0,0,0.0,0.0,1.0,0.5,56.0,283.0,192.0,0.3939393939393939,0.6363636363636364,,,,,0.32142857142857145,,4.888888888888889,2.888888888888889,2.888888888888889,0.0,2.888888888888889,2.0,7.333333333333333,4.666666666666667,0.0,0.0,0.0,0.0,0.0,0.0,2.4444444444444446,2.7777777777777777,0.5555555555555556,0.0,0.0,0.0,0.0,0.0,0.1111111111111111,0.05555555555555555,6.222222222222222,31.444444444444443,21.333333333333332,6.222222222222222
000921,Challen Rogers,Challen,Rogers,M,Midfield,21,3,ARC|CHA,Archers|Chaos,2022-06-18,2024-06-29,24.0,16.0,16.0,0.0,16.0,8.0,42.0,26,1.0,0.0,0.0,0.0,0.0,0.0,25.0,34.0,3.0,0,0,0,0.0,0.0,3.0,2.0,47.0,292.0,216.0,0.38095238095238093,0.6190476190476191,,,,,0.1702127659574468,0.0,1.1428571428571428,0.7619047619047619,0.7619047619047619,0.0,0.7619047619047619,0.38095238095238093,2.0,1.2380952380952381,0.047619047619047616,0.0,0.0,0.0,0.0,0.0,1.1904761904761905,1.619047619047619,0.14285714285714285,0.0,0.0,0.0,0.0,0.0,0.14285714285714285,0.09523809523809523,2.238095238095238,13.904761904761905,10.285714285714286,2.238095238095238
000922,Graeme Hossack,Graeme,Hossack,D,Defense,43,4,ARC,Archers,2022-06-05,2025-08-09,4.0,3.0,1.0,1.0,2.0,1.0,18.0,9,12.0,0.0,0.0,0.0,0.0,0.0,132.0,11.0,49.0,11,38,50,0.0,0.0,15.0,13.0,14.0,318.0,289.0,0.1111111111111111,0.5,0.22,,,,0.07142857142857142,0.08333333333333333,0.09302325581395349,0.06976744186046512,0.023255813953488372,0.023255813953488372,0.046511627906976744,0.023255813953488372,0.4186046511627907,0.20930232558139536,0.27906976744186046,0.0,0.0,0.0,0.0,0.0,3.0697674418604652,0.2558139534883721,1.1395348837209303,0.2558139534883721,0.8837209302325582,1.1627906976744187,0.0,0.0,0.3488372093023256,0.3023255813953488,0.32558139534883723,7.395348837209302,6.72093023255814,0.32558139534883723
000925,Liam Byrnes,Liam,Byrnes,D,Defense,36,4,CHA|WAT,Chaos|Waterdogs,2022-06-05,2026-06-06,2.0,0.0,0.0,0.0,0.0,2.0,12.0,2,4.0,0.0,0.0,0.0,0.0,0.0,93.0,19.0,38.0,0,0,0,0.0,0.0,5.0,3.5,13.0,303.0,272.0,0.0,0.16666666666666666,,,,,0.15384615384615385,0.0,0.05555555555555555,0.0,0.0,0.0,0.0,0.05555555555555555,0.3333333333333333,0.05555555555555555,0.1111111111111111,0.0,0.0,0.0,0.0,0.0,2.5833333333333335,0.5277777777777778,1.0555555555555556,0.0,0.0,0.0,0.0,0.0,0.1388888888888889,0.09722222222222222,0.3611111111111111,8.416666666666666,7.555555555555555,0.3611111111111111
000929,Matthew Hossack,Matthew,Hossack,LSM,Long Stick Midfield,2,1,WAT,Waterdogs,2022-06-17,2022-08-21,0.0,0.0,0.0,0.0,0.0,0.0,1.0,1,1.0,0.0,0.0,0.0,0.0,0.0,2.0,0.0,2.0,0,3,3,0.0,0.0,0.0,0.0,0.0,6.0,5.0,0.0,1.0,0.0,,,,,0.0,0.0,0.0,0.0,0.0,0.0,0.0,0.5,0.5,0.5,0.0,0.0,0.0,0.0,0.0,1.0,0.0,1.0,0.0,1.5,1.5,0.0,0.0,0.0,0.0,0.0,3.0,2.5,0.0
000946,Bryan Cole,Bryan,Cole,M,Midfield,9,1,WHP,Whipsnakes,2022-06-04,2022-09-11,13.0,6.0,6.0,0.0,6.0,7.0,27.0,15,0.0,0.0,0.0,0.0,0.0,0.0,6.0,11.0,0.0,0,0,0,0.0,0.0,1.0,1.0,23.0,199.0,161.0,0.2222222222222222,0.5555555555555556,,,,,0.30434782608695654,,1.4444444444444444,0.6666666666666666,0.6666666666666666,0.0,0.6666666666666666,0.7777777777777778,3.0,1.6666666666666667,0.0,0.0,0.0,0.0,0.0,0.0,0.6666666666666666,1.2222222222222223,0.0,0.0,0.0,0.0,0.0,0.0,0.1111111111111111,0.1111111111111111,2.5555555555555554,22.11111111111111,17.88888888888889,2.5555555555555554
000960,Shayne Jackson,Shayne,Jackson,A,Attack,3,1,CAN,Cannons,2022-06-05,2022-06-18,4.0,3.0,3.0,0.0,3.0,1.0,18.0,14,0.0,0.0,0.0,0.0,0.0,0.0,2.0,5.0,0.0,0,0,0,0.0,0.0,1.0,0.5,2.0,44.0,21.0,0.16666666666666666,0.7777777777777778,,,,,0.5,,1.3333333333333333,1.0,1.0,0.0,1.0,0.3333333333333333,6.0,4.666666666666667,0.0,0.0,0.0,0.0,0.0,0.0,0.6666666666666666,1.6666666666666667,0.0,0.0,0.0,0.0,0.0,0.0,0.3333333333333333,0.16666666666666666,0.6666666666666666,14.666666666666666,7.0,0.6666666666666666
000978,Kyle Jackson,Kyle,Jackson,M,Midfield,38,5,ATL|CHA,Atlas|Chaos,2022-06-04,2026-05-09,43.0,33.0,33.0,0.0,33.0,10.0,122.0,77,9.0,0.0,0.0,0.0,0.0,0.0,29.0,41.0,2.0,0,0,0,0.0,0.0,3.0,2.5,51.0,742.0,579.0,0.27049180327868855,0.6311475409836066,,,,,0.19607843137254902,0.0,1.131578947368421,0.868421052631579,0.868421052631579,0.0,0.868421052631579,0.2631578947368421,3.210526315789474,2.026315789473684,0.23684210526315788,0.0,0.0,0.0,0.0,0.0,0.7631578947368421,1.0789473684210527,0.05263157894736842,0.0,0.0,0.0,0.0,0.0,0.07894736842105263,0.06578947368421052,1.3421052631578947,19.526315789473685,15.236842105263158,1.3421052631578947
001001,Dylan Molloy,Dylan,Molloy,A,Attack,43,5,ATL|OUT|RED,Atlas|Outlaws|Redwoods,2022-06-05,2026-08-16,106.0,77.0,75.0,1.0,76.0,29.0,268.0,169,11.0,0.0,0.0,0.0,0.0,0.0,55.0,83.0,8.0,0,0,0,0.0,0.0,4.0,2.5,81.0,1122.0,771.0,0.2835820895522388,0.6305970149253731,,,,,0.35802469135802467,0.09090909090909091,2.4651162790697674,1.7906976744186047,1.744186046511628,0.023255813953488372,1.7674418604651163,0.6744186046511628,6.232558139534884,3.9302325581395348,0.2558139534883721,0.0,0.0,0.0,0.0,0.0,1.2790697674418605,1.930232558139535,0.18604651162790697,0.0,0.0,0.0,0.0,0.0,0.09302325581395349,0.05813953488372093,1.8837209302325582,26.093023255813954,17.930232558139537,1.8837209302325582
001009,Colin Heacock,Colin,Heacock,M,Midfield,52,5,OUT|WHP,Outlaws|Whipsnakes,2022-06-05,2026-08-16,45.0,38.0,38.0,0.0,38.0,7.0,154.0,87,10.0,0.0,0.0,0.0,0.0,0.0,29.0,35.0,3.0,0,0,0,0.0,0.0,6.0,4.5,37.0,733.0,544.0,0.24675324675324675,0.564935064935065,,,,,0.1891891891891892,0.0,0.8653846153846154,0.7307692307692307,0.7307692307692307,0.0,0.7307692307692307,0.1346153846153846,2.9615384615384617,1.6730769230769231,0.19230769230769232,0.0,0.0,0.0,0.0,0.0,0.5576923076923077,0.6730769230769231,0.057692307692307696,0.0,0.0,0.0,0.0,0.0,0.11538461538461539,0.08653846153846154,0.7115384615384616,14.096153846153847,10.461538461538462,0.7115384615384616
001010,Isaiah Davis-Allen,Isaiah,Davis-Allen,SSDM,Defensive Midfield,28,3,RED,Redwoods,2022-06-04,2024-08-17,1.0,0.0,0.0,0.0,0.0,1.0,4.0,3,1.0,0.0,0.0,0.0,0.0,0.0,24.0,8.0,6.0,8,27,35,0.0,0.0,3.0,2.5,8.0,175.0,163.0,0.0,0.75,0.22857142857142856,,,,0.125,0.0,0.03571428571428571,0.0,0.0,0.0,0.0,0.03571428571428571,0.14285714285714285,0.10714285714285714,0.03571428571428571,0.0,0.0,0.0,0.0,0.0,0.8571428571428571,0.2857142857142857,0.21428571428571427,0.2857142857142857,0.9642857142857143,1.25,0.0,0.0,0.10714285714285714,0.08928571428571429,0.2857142857142857,6.25,5.821428571428571,0.2857142857142857
001020,Mike Messenger,Mike,Messenger,SSDM,Defensive Midfield,18,3,OUT,Outlaws,2022-06-05,2024-06-08,11.0,10.0,10.0,0.0,10.0,1.0,23.0,16,2.0,0.0,0.0,0.0,0.0,0.0,26.0,10.0,13.0,8,24,32,0.0,0.0,6.0,6.5,11.0,145.0,112.0,0.43478260869565216,0.6956521739130435,0.25,,,,0.09090909090909091,0.0,0.6111111111111112,0.5555555555555556,0.5555555555555556,0.0,0.5555555555555556,0.05555555555555555,1.2777777777777777,0.8888888888888888,0.1111111111111111,0.0,0.0,0.0,0.0,0.0,1.4444444444444444,0.5555555555555556,0.7222222222222222,0.4444444444444444,1.3333333333333333,1.7777777777777777,0.0,0.0,0.3333333333333333,0.3611111111111111,0.6111111111111112,8.055555555555555,6.222222222222222,0.6111111111111112
001391,Mikie Schlosser,Mikie,Schlosser,M,Midfield,17,4,OUT|WAT,Outlaws|Waterdogs,2022-06-05,2026-05-09,11.0,11.0,7.0,2.0,9.0,0.0,36.0,23,5.0,0.0,0.0,0.0,0.0,0.0,6.0,13.0,0.0,0,0,0,0.0,0.0,0.0,0.0,9.0,200.0,151.0,0.25,0.6388888888888888,,,,,0.0,0.4,0.6470588235294118,0.6470588235294118,0.4117647058823529,0.11764705882352941,0.5294117647058824,0.0,2.1176470588235294,1.3529411764705883,0.29411764705882354,0.0,0.0,0.0,0.0,0.0,0.35294117647058826,0.7647058823529411,0.0,0.0,0.0,0.0,0.0,0.0,0.0,0.0,0.5294117647058824,11.764705882352942,8.882352941176471,0.5294117647058824
001397,Michael Rexrode,Michael,Rexrode,D,Defense,57,5,ATL,Atlas,2022-06-04,2026-08-15,5.0,4.0,2.0,1.0,3.0,1.0,9.0,5,6.0,0.0,0.0,0.0,0.0,0.0,87.0,13.0,58.0,0,1,1,0.0,0.0,15.0,12.0,6.0,305.0,283.0,0.3333333333333333,0.5555555555555556,0.0,,,,0.16666666666666666,0.16666666666666666,0.08771929824561403,0.07017543859649122,0.03508771929824561,0.017543859649122806,0.05263157894736842,0.017543859649122806,0.15789473684210525,0.08771929824561403,0.10526315789473684,0.0,0.0,0.0,0.0,0.0,1.5263157894736843,0.22807017543859648,1.0175438596491229,0.0,0.017543859649122806,0.017543859649122806,0.0,0.0,0.2631578947368421,0.21052631578947367,0.10526315789473684,5.350877192982456,4.964912280701754,0.10526315789473684
001402,Max Adler,Max,Adler,FO,Faceoff,8,2,CHA,Chaos,2022-07-31,2023-07-09,1.0,0.0,0.0,0.0,0.0,1.0,4.0,3,0.0,0.0,0.0,0.0,0.0,0.0,44.0,11.0,0.0,83,91,175,0.0,0.0,2.0,1.0,3.0,39.0,24.0,0.0,0.75,0.4742857142857143,,,,0.3333333333333333,,0.125,0.0,0.0,0.0,0.0,0.125,0.5,0.375,0.0,0.0,0.0,0.0,0.0,0.0,5.5,1.375,0.0,10.375,11.375,21.875,0.0,0.0,0.25,0.125,0.375,4.875,3.0,0.375
001406,Ben Randall,Ben,Randall,D,Defense,58,5,OUT|WAT,Outlaws|Waterdogs,2022-06-05,2026-08-01,9.0,6.0,4.0,1.0,5.0,3.0,20.0,15,11.0,0.0,0.0,0.0,0.0,0.0,134.0,28.0,69.0,0,0,0,0.0,0.0,5.0,4.0,12.0,463.0,415.0,0.25,0.75,,,,,0.25,0.09090909090909091,0.15517241379310345,0.10344827586206896,0.06896551724137931,0.017241379310344827,0.08620689655172414,0.05172413793103448,0.3448275862068966,0.25862068965517243,0.1896551724137931,0.0,0.0,0.0,0.0,0.0,2.310344827586207,0.4827586206896552,1.1896551724137931,0.0,0.0,0.0,0.0,0.0,0.08620689655172414,0.06896551724137931,0.20689655172413793,7.982758620689655,7.155172413793103,0.20689655172413793
001414,Scott Hooper,Scott,Hooper,D,Defense,1,1,CAN,Cannons,2022-06-05,2022-06-05,0.0,0.0,0.0,0.0,0.0,0.0,0.0,0,0.0,0.0,0.0,0.0,0.0,0.0,1.0,0.0,2.0,0,0,0,0.0,0.0,0.0,0.0,0.0,2.0,2.0,,,,,,,,,0.0,0.0,0.0,0.0,0.0,0.0,0.0,0.0,0.0,0.0,0.0,0.0,0.0,0.0,1.0,0.0,2.0,0.0,0.0,0.0,0.0,0.0,0.0,0.0,0.0,2.0,2.0,0.0
001415,Greg Weyl,Greg,Weyl,LSM,Long Stick Midfield,16,4,OUT,Outlaws,2023-07-08,2026-08-16,2.0,2.0,2.0,0.0,2.0,0.0,8.0,2,2.0,0.0,0.0,0.0,0.0,0.0,26.0,1.0,15.0,0,0,0,0.0,0.0,6.0,5.0,1.0,59.0,50.0,0.25,0.25,,,,,0.0,0.0,0.125,0.125,0.125,0.0,0.125,0.0,0.5,0.125,0.125,0.0,0.0,0.0,0.0,0.0,1.625,0.0625,0.9375,0.0,0.0,0.0,0.0,0.0,0.375,0.3125,0.0625,3.6875,3.125,0.0625
001417,Bryce Wasserman,Bryce,Wasserman,A,Attack,2,1,CHA,Chaos,2022-06-04,2022-06-11,1.0,0.0,0.0,0.0,0.0,1.0,2.0,1,0.0,0.0,0.0,0.0,0.0,0.0,0.0,3.0,0.0,0,0,0,0.0,0.0,0.0,0.0,2.0,33.0,28.0,0.0,0.5,,,,,0.5,,0.5,0.0,0.0,0.0,0.0,0.5,1.0,0.5,0.0,0.0,0.0,0.0,0.0,0.0,0.0,1.5,0.0,0.0,0.0,0.0,0.0,0.0,0.0,0.0,1.0,16.5,14.0,1.0
001427,Nick Marrocco,Nick,Marrocco,G,Goalie,9,1,CAN,Cannons,2022-06-05,2022-08-13,0.0,0.0,0.0,0.0,0.0,0.0,2.0,2,2.0,123.0,49.0,74.0,129.0,128.6796232519601,23.0,0.0,3.0,0,0,0,124.0,5.0,1.0,1.0,3.0,151.0,149.0,0.0,1.0,,0.4979757085020243,39.83739837398374,0.19838056680161945,0.0,0.0,0.0,0.0,0.0,0.0,0.0,0.0,0.2222222222222222,0.2222222222222222,0.2222222222222222,13.666666666666666,5.444444444444445,8.222222222222221,14.333333333333334,14.297735916884456,2.5555555555555554,0.0,0.3333333333333333,0.0,0.0,0.0,13.777777777777779,0.5555555555555556,0.1111111111111111,0.1111111111111111,0.3333333333333333,16.77777777777778,16.555555555555557,0.3333333333333333
001657,Brendan Bomberry,Brendan,Bomberry,A,Attack,3,1,CAN,Cannons,2022-06-05,2022-06-18,1.0,1.0,1.0,0.0,1.0,0.0,8.0,3,0.0,0.0,0.0,0.0,0.0,0.0,1.0,2.0,0.0,0,0,0,0.0,0.0,0.0,0.0,0.0,26.0,16.0,0.125,0.375,,,,,,,0.3333333333333333,0.3333333333333333,0.3333333333333333,0.0,0.3333333333333333,0.0,2.6666666666666665,1.0,0.0,0.0,0.0,0.0,0.0,0.0,0.3333333333333333,0.6666666666666666,0.0,0.0,0.0,0.0,0.0,0.0,0.0,0.0,0.0,8.666666666666666,5.333333333333333,0.0
001661,Warren Jeffrey,Warren,Jeffrey,D,Defense,43,4,ARC,Archers,2023-06-09,2026-08-08,1.0,0.0,0.0,0.0,0.0,1.0,0.0,0,0.0,0.0,0.0,0.0,0.0,0.0,53.0,11.0,27.0,0,0,0,0.0,0.0,14.0,10.5,3.0,196.0,185.0,,,,,,,0.3333333333333333,,0.023255813953488372,0.0,0.0,0.0,0.0,0.023255813953488372,0.0,0.0,0.0,0.0,0.0,0.0,0.0,0.0,1.2325581395348837,0.2558139534883721,0.627906976744186,0.0,0.0,0.0,0.0,0.0,0.32558139534883723,0.2441860465116279,0.06976744186046512,4.558139534883721,4.3023255813953485,0.06976744186046512
001662,Andrew Kew,Andrew,Kew,A,Attack,1,1,CHA,Chaos,2022-06-11,2022-06-11,0.0,0.0,0.0,0.0,0.0,0.0,4.0,0,1.0,0.0,0.0,0.0,0.0,0.0,2.0,1.0,0.0,0,0,0,0.0,0.0,0.0,0.0,1.0,15.0,10.0,0.0,0.0,,,,,0.0,0.0,0.0,0.0,0.0,0.0,0.0,0.0,4.0,0.0,1.0,0.0,0.0,0.0,0.0,0.0,2.0,1.0,0.0,0.0,0.0,0.0,0.0,0.0,0.0,0.0,1.0,15.0,10.0,1.0
001671,Zach Goodrich,Zach,Goodrich,SSDM,Defensive Midfield,55,5,CAN,Cannons,2022-06-05,2026-08-09,4.0,1.0,1.0,0.0,1.0,3.0,8.0,4,2.0,0.0,0.0,0.0,0.0,0.0,31.0,10.0,28.0,5,23,29,0.0,0.0,24.0,14.5,13.0,282.0,264.0,0.125,0.5,0.1724137931034483,,,,0.23076923076923078,0.0,0.07272727272727272,0.01818181818181818,0.01818181818181818,0.0,0.01818181818181818,0.05454545454545454,0.14545454545454545,0.07272727272727272,0.03636363636363636,0.0,0.0,0.0,0.0,0.0,0.5636363636363636,0.18181818181818182,0.509090909090909,0.09090909090909091,0.41818181818181815,0.5272727272727272,0.0,0.0,0.43636363636363634,0.2636363636363636,0.23636363636363636,5.127272727272727,4.8,0.23636363636363636
001707,Matt Whitcher,Matt,Whitcher,SSDM,Defensive Midfield,57,5,WAT,Waterdogs,2022-06-05,2026-08-16,16.0,13.0,13.0,0.0,13.0,3.0,47.0,31,6.0,0.0,0.0,0.0,0.0,0.0,80.0,19.0,32.0,0,22,22,0.0,0.0,15.0,8.0,17.0,391.0,325.0,0.2765957446808511,0.6595744680851063,0.0,,,,0.17647058823529413,0.0,0.2807017543859649,0.22807017543859648,0.22807017543859648,0.0,0.22807017543859648,0.05263157894736842,0.8245614035087719,0.543859649122807,0.10526315789473684,0.0,0.0,0.0,0.0,0.0,1.4035087719298245,0.3333333333333333,0.5614035087719298,0.0,0.38596491228070173,0.38596491228070173,0.0,0.0,0.2631578947368421,0.14035087719298245,0.2982456140350877,6.859649122807017,5.701754385964913,0.2982456140350877
001719,Jack Jasinski,Jack,Jasinski,,,1,1,CHA,Chaos,2023-06-04,2023-06-04,2.0,1.0,1.0,0.0,1.0,1.0,2.0,1,0.0,0.0,0.0,0.0,0.0,0.0,0.0,2.0,1.0,0,0,0,0.0,0.0,1.0,1.0,3.0,22.0,18.0,0.5,0.5,,,,,0.3333333333333333,,2.0,1.0,1.0,0.0,1.0,1.0,2.0,1.0,0.0,0.0,0.0,0.0,0.0,0.0,0.0,2.0,1.0,0.0,0.0,0.0,0.0,0.0,1.0,1.0,3.0,22.0,18.0,3.0
001724,Sean Sconone,Sean,Sconone,G,Goalie,22,3,OUT,Outlaws,2022-06-05,2024-07-27,1.0,0.0,0.0,0.0,0.0,1.0,0.0,0,0.0,242.0,74.0,168.0,236.0,240.22090568040218,37.0,10.0,4.0,0,0,0,219.0,17.0,0.0,0.0,10.0,301.0,291.0,,,,0.5249457700650759,30.57851239669421,0.16052060737527116,0.1,,0.045454545454545456,0.0,0.0,0.0,0.0,0.045454545454545456,0.0,0.0,0.0,11.0,3.3636363636363638,7.636363636363637,10.727272727272727,10.919132076381917,1.6818181818181819,0.45454545454545453,0.18181818181818182,0.0,0.0,0.0,9.954545454545455,0.7727272727272727,0.0,0.0,0.45454545454545453,13.681818181818182,13.227272727272727,0.45454545454545453
001727,Bradley Voigt,Bradley,Voigt,A,Attack,2,2,CHA,Chaos,2022-06-04,2023-06-04,2.0,2.0,2.0,0.0,2.0,0.0,5.0,4,0.0,0.0,0.0,0.0,0.0,0.0,2.0,5.0,0.0,0,0,0,0.0,0.0,0.0,0.0,3.0,27.0,17.0,0.4,0.8,,,,,0.0,,1.0,1.0,1.0,0.0,1.0,0.0,2.5,2.0,0.0,0.0,0.0,0.0,0.0,0.0,1.0,2.5,0.0,0.0,0.0,0.0,0.0,0.0,0.0,0.0,1.5,13.5,8.5,1.5
001729,Chris Aslanian,Chris,Aslanian,M,Midfield,32,5,CAN|CHA|WHP,Cannons|Chaos|Whipsnakes,2022-06-12,2026-08-01,51.0,37.0,21.0,8.0,29.0,14.0,127.0,76,42.0,0.0,0.0,0.0,0.0,0.0,11.0,25.0,2.0,0,0,0,0.0,0.0,0.0,0.0,51.0,647.0,495.0,0.2283464566929134,0.5984251968503937,,,,,0.27450980392156865,0.19047619047619047,1.59375,1.15625,0.65625,0.25,0.90625,0.4375,3.96875,2.375,1.3125,0.0,0.0,0.0,0.0,0.0,0.34375,0.78125,0.0625,0.0,0.0,0.0,0.0,0.0,0.0,0.0,1.59375,20.21875,15.46875,1.59375
001733,Charlie Hayes,Charlie,Hayes,SSDM,Defensive Midfield,29,4,WAT,Waterdogs,2023-06-10,2026-08-16,6.0,4.0,4.0,0.0,4.0,2.0,11.0,8,1.0,0.0,0.0,0.0,0.0,0.0,39.0,9.0,12.0,0,5,5,0.0,0.0,2.0,1.5,5.0,151.0,131.0,0.36363636363636365,0.7272727272727273,0.0,,,,0.4,0.0,0.20689655172413793,0.13793103448275862,0.13793103448275862,0.0,0.13793103448275862,0.06896551724137931,0.3793103448275862,0.27586206896551724,0.034482758620689655,0.0,0.0,0.0,0.0,0.0,1.3448275862068966,0.3103448275862069,0.41379310344827586,0.0,0.1724137931034483,0.1724137931034483,0.0,0.0,0.06896551724137931,0.05172413793103448,0.1724137931034483,5.206896551724138,4.517241379310345,0.1724137931034483
001740,Andrew Newbold,Andrew,Newbold,LSM,Long Stick Midfield,4,1,CAN,Cannons,2022-07-31,2022-08-21,1.0,1.0,1.0,0.0,1.0,0.0,3.0,2,1.0,0.0,0.0,0.0,0.0,0.0,0.0,0.0,1.0,0,3,3,0.0,0.0,0.0,0.0,2.0,9.0,6.0,0.3333333333333333,0.6666666666666666,0.0,,,,0.0,0.0,0.25,0.25,0.25,0.0,0.25,0.0,0.75,0.5,0.25,0.0,0.0,0.0,0.0,0.0,0.0,0.0,0.25,0.0,0.75,0.75,0.0,0.0,0.0,0.0,0.5,2.25,1.5,0.5
001746,Daniel Bucaro,Daniel,Bucaro,M,Midfield,10,1,ATL,Atlas,2022-06-04,2022-09-03,12.0,9.0,9.0,0.0,9.0,3.0,36.0,20,0.0,0.0,0.0,0.0,0.0,0.0,5.0,10.0,1.0,0,0,0,0.0,0.0,0.0,0.0,9.0,117.0,71.0,0.25,0.5555555555555556,,,,,0.3333333333333333,,1.2,0.9,0.9,0.0,0.9,0.3,3.6,2.0,0.0,0.0,0.0,0.0,0.0,0.0,0.5,1.0,0.1,0.0,0.0,0.0,0.0,0.0,0.0,0.0,0.9,11.7,7.1,0.9
001760,Pat Aslanian,Pat,Aslanian,SSDM,Defensive Midfield,16,3,CAN,Cannons,2022-08-06,2024-06-01,3.0,2.0,0.0,1.0,1.0,1.0,9.0,2,5.0,0.0,0.0,0.0,0.0,0.0,5.0,6.0,3.0,1,4,5,0.0,0.0,5.0,3.5,3.0,76.0,61.0,0.1111111111111111,0.2222222222222222,0.2,,,,0.3333333333333333,0.2,0.1875,0.125,0.0,0.0625,0.0625,0.0625,0.5625,0.125,0.3125,0.0,0.0,0.0,0.0,0.0,0.3125,0.375,0.1875,0.0625,0.25,0.3125,0.0,0.0,0.3125,0.21875,0.1875,4.75,3.8125,0.1875
001763,Alex Woodall,Alex,Woodall,FO,Faceoff,4,1,CAN,Cannons,2022-06-05,2022-07-24,1.0,0.0,0.0,0.0,0.0,1.0,0.0,0,0.0,0.0,0.0,0.0,0.0,0.0,12.0,2.0,0.0,23,27,50,0.0,0.0,0.0,0.0,1.0,12.0,10.0,,,0.46,,,,1.0,,0.25,0.0,0.0,0.0,0.0,0.25,0.0,0.0,0.0,0.0,0.0,0.0,0.0,0.0,3.0,0.5,0.0,5.75,6.75,12.5,0.0,0.0,0.0,0.0,0.25,3.0,2.5,0.25
001766,Holden Garlent,Holden,Garlent,D,Defense,17,2,CAN|RED,Cannons|Redwoods,2022-06-05,2024-07-28,2.0,2.0,0.0,1.0,1.0,0.0,4.0,3,3.0,0.0,0.0,0.0,0.0,0.0,31.0,8.0,11.0,0,0,0,0.0,0.0,5.0,3.0,1.0,77.0,65.0,0.25,0.75,,,,,0.0,0.3333333333333333,0.11764705882352941,0.11764705882352941,0.0,0.058823529411764705,0.058823529411764705,0.0,0.23529411764705882,0.17647058823529413,0.17647058823529413,0.0,0.0,0.0,0.0,0.0,1.8235294117647058,0.47058823529411764,0.6470588235294118,0.0,0.0,0.0,0.0,0.0,0.29411764705882354,0.17647058823529413,0.058823529411764705,4.529411764705882,3.823529411764706,0.058823529411764705
001773,Nick Washuta,Nick,Washuta,G,Goalie,10,4,ARC,Archers,2022-06-11,2026-08-01,0.0,0.0,0.0,0.0,0.0,0.0,0.0,0,0.0,40.0,13.0,27.0,33.0,657.0479937489489,6.0,1.0,2.0,0,0,0,30.0,3.0,0.0,0.0,0.0,51.0,50.0,,,,0.5714285714285714,32.5,0.18571428571428572,,,0.0,0.0,0.0,0.0,0.0,0.0,0.0,0.0,0.0,4.0,1.3,2.7,3.3,65.70479937489489,0.6,0.1,0.2,0.0,0.0,0.0,3.0,0.3,0.0,0.0,0.0,5.1,5.0,0.0
001793,Chase Fraser,Chase,Fraser,A,Attack,14,2,CHA,Chaos,2022-06-25,2023-09-04,19.0,18.0,18.0,0.0,18.0,1.0,68.0,41,3.0,0.0,0.0,0.0,0.0,0.0,20.0,29.0,5.0,0,0,0,0.0,0.0,3.0,3.5,12.0,338.0,241.0,0.2647058823529412,0.6029411764705882,,,,,0.08333333333333333,0.0,1.3571428571428572,1.2857142857142858,1.2857142857142858,0.0,1.2857142857142858,0.07142857142857142,4.857142857142857,2.9285714285714284,0.21428571428571427,0.0,0.0,0.0,0.0,0.0,1.4285714285714286,2.0714285714285716,0.35714285714285715,0.0,0.0,0.0,0.0,0.0,0.21428571428571427,0.25,0.8571428571428571,24.142857142857142,17.214285714285715,0.8571428571428571
001795,Christian Scarpello,Christian,Scarpello,SSDM,Defensive Midfield,48,5,CHA|WAT,Chaos|Waterdogs,2022-06-05,2026-08-08,9.0,6.0,6.0,0.0,6.0,3.0,16.0,13,2.0,0.0,0.0,0.0,0.0,0.0,53.0,14.0,13.0,1,20,21,0.0,0.0,3.0,2.5,11.0,301.0,271.0,0.375,0.8125,0.047619047619047616,,,,0.2727272727272727,0.0,0.1875,0.125,0.125,0.0,0.125,0.0625,0.3333333333333333,0.2708333333333333,0.041666666666666664,0.0,0.0,0.0,0.0,0.0,1.1041666666666667,0.2916666666666667,0.2708333333333333,0.020833333333333332,0.4166666666666667,0.4375,0.0,0.0,0.0625,0.052083333333333336,0.22916666666666666,6.270833333333333,5.645833333333333,0.22916666666666666
001796,Latrell Harris,Latrell,Harris,SSDM,Defensive Midfield,22,2,ARC,Archers,2022-06-05,2023-08-26,7.0,4.0,4.0,0.0,4.0,3.0,7.0,4,0.0,0.0,0.0,0.0,0.0,0.0,41.0,5.0,15.0,0,0,0,0.0,0.0,6.0,5.0,22.0,159.0,147.0,0.5714285714285714,0.5714285714285714,,,,,0.13636363636363635,,0.3181818181818182,0.18181818181818182,0.18181818181818182,0.0,0.18181818181818182,0.13636363636363635,0.3181818181818182,0.18181818181818182,0.0,0.0,0.0,0.0,0.0,0.0,1.8636363636363635,0.22727272727272727,0.6818181818181818,0.0,0.0,0.0,0.0,0.0,0.2727272727272727,0.22727272727272727,1.0,7.2272727272727275,6.681818181818182,1.0
001797,JD Colarusso,JD,Colarusso,G,Goalie,3,1,ATL,Atlas,2022-06-04,2022-09-03,0.0,0.0,0.0,0.0,0.0,0.0,0.0,0,0.0,7.0,3.0,4.0,12.0,27.457943925233643,4.0,1.0,0.0,0,0,0,10.0,2.0,0.0,0.0,0.0,10.0,9.0,,,,0.4117647058823529,42.857142857142854,0.17647058823529413,,,0.0,0.0,0.0,0.0,0.0,0.0,0.0,0.0,0.0,2.3333333333333335,1.0,1.3333333333333333,4.0,9.152647975077882,1.3333333333333333,0.3333333333333333,0.0,0.0,0.0,0.0,3.3333333333333335,0.6666666666666666,0.0,0.0,0.0,3.3333333333333335,3.0,0.0
001809,Jeff Teat,Jeff,Teat,A,Attack,45,4,ATL,Atlas,2022-06-04,2025-09-14,200.0,90.0,88.0,1.0,89.0,110.0,273.0,180,3.0,0.0,0.0,0.0,0.0,0.0,82.0,95.0,8.0,0,0,0,0.0,0.0,2.0,1.0,326.0,1667.0,1299.0,0.326007326007326,0.6593406593406593,,,,,0.3374233128834356,0.3333333333333333,4.444444444444445,2.0,1.9555555555555555,0.022222222222222223,1.9777777777777779,2.4444444444444446,6.066666666666666,4.0,0.06666666666666667,0.0,0.0,0.0,0.0,0.0,1.8222222222222222,2.111111111111111,0.17777777777777778,0.0,0.0,0.0,0.0,0.0,0.044444444444444446,0.022222222222222223,7.2444444444444445,37.044444444444444,28.866666666666667,7.2444444444444445
001810,Michael Sowers,Michael,Sowers,A,Attack,59,5,WAT,Waterdogs,2022-06-05,2026-08-16,229.0,125.0,125.0,0.0,125.0,104.0,391.0,286,11.0,0.0,0.0,0.0,0.0,0.0,51.0,111.0,2.0,0,0,0,0.0,0.0,4.0,3.0,341.0,1928.0,1426.0,0.319693094629156,0.731457800511509,,,,,0.30498533724340177,0.0,3.8813559322033897,2.1186440677966103,2.1186440677966103,0.0,2.1186440677966103,1.7627118644067796,6.627118644067797,4.8474576271186445,0.1864406779661017,0.0,0.0,0.0,0.0,0.0,0.864406779661017,1.88135593220339,0.03389830508474576,0.0,0.0,0.0,0.0,0.0,0.06779661016949153,0.05084745762711865,5.779661016949152,32.67796610169491,24.16949152542373,5.779661016949152
001811,JT Giles-Harris,JT,Giles-Harris,D,Defense,54,5,OUT,Outlaws,2022-06-05,2026-08-08,2.0,0.0,0.0,0.0,0.0,2.0,4.0,2,2.0,0.0,0.0,0.0,0.0,0.0,83.0,17.0,38.0,0,0,0,0.0,0.0,9.0,9.5,3.0,420.0,399.0,0.0,0.5,,,,,0.6666666666666666,0.0,0.037037037037037035,0.0,0.0,0.0,0.0,0.037037037037037035,0.07407407407407407,0.037037037037037035,0.037037037037037035,0.0,0.0,0.0,0.0,0.0,1.537037037037037,0.3148148148148148,0.7037037037037037,0.0,0.0,0.0,0.0,0.0,0.16666666666666666,0.17592592592592593,0.05555555555555555,7.777777777777778,7.388888888888889,0.05555555555555555
001812,TD Ierlan,TD,Ierlan,FO,Faceoff,57,5,RED,Redwoods,2022-06-04,2026-08-16,19.0,13.0,13.0,0.0,13.0,6.0,58.0,36,3.0,0.0,0.0,0.0,0.0,0.0,489.0,25.0,14.0,838,559,1403,0.0,0.0,7.0,4.5,38.0,506.0,423.0,0.22413793103448276,0.6206896551724138,0.5972915181753385,,,,0.15789473684210525,0.0,0.3333333333333333,0.22807017543859648,0.22807017543859648,0.0,0.22807017543859648,0.10526315789473684,1.0175438596491229,0.631578947368421,0.05263157894736842,0.0,0.0,0.0,0.0,0.0,8.578947368421053,0.43859649122807015,0.24561403508771928,14.701754385964913,9.807017543859649,24.614035087719298,0.0,0.0,0.12280701754385964,0.07894736842105263,0.6666666666666666,8.87719298245614,7.421052631578948,0.6666666666666666
001813,Jared Conners,Jared,Conners,LSM,Long Stick Midfield,57,5,ARC|RED,Archers|Redwoods,2022-06-05,2026-08-16,21.0,12.0,4.0,4.0,8.0,9.0,54.0,24,37.0,0.0,0.0,0.0,0.0,0.0,140.0,38.0,39.0,0,4,4,0.0,0.0,8.0,6.5,23.0,405.0,313.0,0.14814814814814814,0.4444444444444444,0.0,,,,0.391304347826087,0.10810810810810811,0.3684210526315789,0.21052631578947367,0.07017543859649122,0.07017543859649122,0.14035087719298245,0.15789473684210525,0.9473684210526315,0.42105263157894735,0.6491228070175439,0.0,0.0,0.0,0.0,0.0,2.456140350877193,0.6666666666666666,0.6842105263157895,0.0,0.07017543859649122,0.07017543859649122,0.0,0.0,0.14035087719298245,0.11403508771929824,0.40350877192982454,7.105263157894737,5.491228070175438,0.40350877192982454
001814,Mac O'Keefe,Mac,O'Keefe,A,Attack,59,5,ARC|CHA,Archers|Chaos,2022-06-04,2026-08-08,138.0,114.0,92.0,11.0,103.0,24.0,363.0,223,59.0,0.0,0.0,0.0,0.0,0.0,70.0,62.0,9.0,0,0,0,0.0,0.0,12.0,8.0,97.0,1392.0,967.0,0.2837465564738292,0.6143250688705234,,,,,0.24742268041237114,0.1864406779661017,2.3389830508474576,1.9322033898305084,1.5593220338983051,0.1864406779661017,1.7457627118644068,0.4067796610169492,6.1525423728813555,3.7796610169491527,1.0,0.0,0.0,0.0,0.0,0.0,1.1864406779661016,1.0508474576271187,0.15254237288135594,0.0,0.0,0.0,0.0,0.0,0.2033898305084746,0.13559322033898305,1.6440677966101696,23.593220338983052,16.389830508474578,1.6440677966101696
001815,Connor Kirst,Connor,Kirst,M,Midfield,54,5,CAN|WHP,Cannons|Whipsnakes,2022-06-04,2026-08-09,53.0,43.0,35.0,4.0,39.0,10.0,126.0,77,27.0,0.0,0.0,0.0,0.0,0.0,92.0,34.0,16.0,19,39,58,0.0,0.0,7.0,4.5,35.0,550.0,390.0,0.30952380952380953,0.6111111111111112,0.3275862068965517,,,,0.2857142857142857,0.14814814814814814,0.9814814814814815,0.7962962962962963,0.6481481481481481,0.07407407407407407,0.7222222222222222,0.18518518518518517,2.3333333333333335,1.4259259259259258,0.5,0.0,0.0,0.0,0.0,0.0,1.7037037037037037,0.6296296296296297,0.2962962962962963,0.35185185185185186,0.7222222222222222,1.0740740740740742,0.0,0.0,0.12962962962962962,0.08333333333333333,0.6481481481481481,10.185185185185185,7.222222222222222,0.6481481481481481
001816,Dox Aitken,Dox,Aitken,M,Midfield,23,4,ATL|WAT,Atlas|Waterdogs,2022-06-04,2026-08-16,30.0,26.0,26.0,0.0,26.0,4.0,89.0,58,9.0,0.0,0.0,0.0,0.0,0.0,27.0,27.0,1.0,0,1,1,0.0,0.0,4.0,2.5,31.0,475.0,359.0,0.29213483146067415,0.651685393258427,0.0,,,,0.12903225806451613,0.0,1.3043478260869565,1.1304347826086956,1.1304347826086956,0.0,1.1304347826086956,0.17391304347826086,3.869565217391304,2.5217391304347827,0.391304347826087,0.0,0.0,0.0,0.0,0.0,1.173913043478261,1.173913043478261,0.043478260869565216,0.0,0.043478260869565216,0.043478260869565216,0.0,0.0,0.17391304347826086,0.10869565217391304,1.3478260869565217,20.652173913043477,15.608695652173912,1.3478260869565217
001817,Jack Kielty,Jack,Kielty,D,Defense,44,4,CAN,Cannons,2022-06-05,2026-08-09,0.0,0.0,0.0,0.0,0.0,0.0,3.0,1,1.0,0.0,0.0,0.0,0.0,0.0,65.0,8.0,44.0,0,0,0,0.0,0.0,6.0,6.0,5.0,291.0,280.0,0.0,0.3333333333333333,,,,,0.0,0.0,0.0,0.0,0.0,0.0,0.0,0.0,0.06818181818181818,0.022727272727272728,0.022727272727272728,0.0,0.0,0.0,0.0,0.0,1.4772727272727273,0.18181818181818182,1.0,0.0,0.0,0.0,0.0,0.0,0.13636363636363635,0.13636363636363635,0.11363636363636363,6.613636363636363,6.363636363636363,0.11363636363636363
001818,Jake Carraway,Jake,Carraway,M,Midfield,19,3,ATL|WAT,Atlas|Waterdogs,2022-06-26,2024-08-17,31.0,27.0,19.0,4.0,23.0,4.0,75.0,51,22.0,0.0,0.0,0.0,0.0,0.0,13.0,7.0,1.0,0,0,0,0.0,0.0,2.0,1.0,33.0,386.0,304.0,0.30666666666666664,0.68,,,,,0.12121212121212122,0.18181818181818182,1.631578947368421,1.4210526315789473,1.0,0.21052631578947367,1.2105263157894737,0.21052631578947367,3.9473684210526314,2.6842105263157894,1.1578947368421053,0.0,0.0,0.0,0.0,0.0,0.6842105263157895,0.3684210526315789,0.05263157894736842,0.0,0.0,0.0,0.0,0.0,0.10526315789473684,0.05263157894736842,1.736842105263158,20.31578947368421,16.0,1.736842105263158
001819,Danny Logan,Danny,Logan,SSDM,Defensive Midfield,52,5,ATL,Atlas,2022-06-04,2026-08-15,24.0,17.0,11.0,3.0,14.0,7.0,39.0,27,16.0,0.0,0.0,0.0,0.0,0.0,81.0,16.0,18.0,8,64,72,0.0,0.0,15.0,9.5,29.0,416.0,361.0,0.358974358974359,0.6923076923076923,0.1111111111111111,,,,0.2413793103448276,0.1875,0.46153846153846156,0.3269230769230769,0.21153846153846154,0.057692307692307696,0.2692307692307692,0.1346153846153846,0.75,0.5192307692307693,0.3076923076923077,0.0,0.0,0.0,0.0,0.0,1.5576923076923077,0.3076923076923077,0.34615384615384615,0.15384615384615385,1.2307692307692308,1.3846153846153846,0.0,0.0,0.28846153846153844,0.18269230769230768,0.5576923076923077,8.0,6.9423076923076925,0.5576923076923077
001820,Ryan Terefenko,Ryan,Terefenko,SSDM,Defensive Midfield,54,5,OUT,Outlaws,2022-06-05,2026-08-16,36.0,22.0,16.0,3.0,19.0,14.0,59.0,40,9.0,0.0,0.0,0.0,0.0,0.0,90.0,39.0,13.0,0,17,17,0.0,0.0,12.0,6.5,53.0,670.0,572.0,0.3220338983050847,0.6779661016949152,0.0,,,,0.2641509433962264,0.3333333333333333,0.6666666666666666,0.4074074074074074,0.2962962962962963,0.05555555555555555,0.35185185185185186,0.25925925925925924,1.0925925925925926,0.7407407407407407,0.16666666666666666,0.0,0.0,0.0,0.0,0.0,1.6666666666666667,0.7222222222222222,0.24074074074074073,0.0,0.3148148148148148,0.3148148148148148,0.0,0.0,0.2222222222222222,0.12037037037037036,0.9814814814814815,12.407407407407407,10.592592592592593,0.9814814814814815
001821,Tre Leclaire,Tre,Leclaire,M,Midfield,50,5,ARC,Archers,2022-06-05,2026-08-08,99.0,79.0,65.0,7.0,72.0,20.0,195.0,129,38.0,0.0,0.0,0.0,0.0,0.0,49.0,39.0,2.0,0,0,0,0.0,0.0,6.0,4.5,72.0,974.0,740.0,0.36923076923076925,0.6615384615384615,,,,,0.2777777777777778,0.18421052631578946,1.98,1.58,1.3,0.14,1.44,0.4,3.9,2.58,0.76,0.0,0.0,0.0,0.0,0.0,0.98,0.78,0.04,0.0,0.0,0.0,0.0,0.0,0.12,0.09,1.44,19.48,14.8,1.44
001823,Tanner Cook,Tanner,Cook,M,Midfield,5,1,CHA,Chaos,2022-06-04,2022-08-06,3.0,2.0,2.0,0.0,2.0,1.0,7.0,6,0.0,0.0,0.0,0.0,0.0,0.0,3.0,5.0,0.0,0,0,0,0.0,0.0,1.0,2.0,7.0,72.0,60.0,0.2857142857142857,0.8571428571428571,,,,,0.14285714285714285,,0.6,0.4,0.4,0.0,0.4,0.2,1.4,1.2,0.0,0.0,0.0,0.0,0.0,0.0,0.6,1.0,0.0,0.0,0.0,0.0,0.0,0.0,0.2,0.4,1.4,14.4,12.0,1.4
001824,Ryan Tierney,Ryan,Tierney,M,Midfield,11,2,CAN|RED,Cannons|Redwoods,2022-06-05,2024-08-03,6.0,5.0,5.0,0.0,5.0,1.0,19.0,11,1.0,0.0,0.0,0.0,0.0,0.0,7.0,13.0,1.0,0,0,0,0.0,0.0,1.0,1.0,8.0,146.0,114.0,0.2631578947368421,0.5789473684210527,,,,,0.125,0.0,0.5454545454545454,0.45454545454545453,0.45454545454545453,0.0,0.45454545454545453,0.09090909090909091,1.7272727272727273,1.0,0.09090909090909091,0.0,0.0,0.0,0.0,0.0,0.6363636363636364,1.1818181818181819,0.09090909090909091,0.0,0.0,0.0,0.0,0.0,0.09090909090909091,0.09090909090909091,0.7272727272727273,13.272727272727273,10.363636363636363,0.7272727272727273
001825,Peter Dearth,Peter,Dearth,SSDM,Defensive Midfield,16,2,ATL,Atlas,2022-06-04,2023-08-26,3.0,1.0,1.0,0.0,1.0,2.0,8.0,7,0.0,0.0,0.0,0.0,0.0,0.0,21.0,8.0,5.0,0,0,0,0.0,0.0,5.0,3.0,6.0,77.0,61.0,0.125,0.875,,,,,0.3333333333333333,,0.1875,0.0625,0.0625,0.0,0.0625,0.125,0.5,0.4375,0.0,0.0,0.0,0.0,0.0,0.0,1.3125,0.5,0.3125,0.0,0.0,0.0,0.0,0.0,0.3125,0.1875,0.375,4.8125,3.8125,0.375
001826,Jeff Trainor,Jeff,Trainor,SSDM,Defensive Midfield,48,5,ARC|CAN,Archers|Cannons,2022-06-05,2026-08-09,32.0,24.0,18.0,3.0,21.0,8.0,57.0,34,14.0,0.0,0.0,0.0,0.0,0.0,57.0,15.0,25.0,0,0,0,0.0,0.0,16.0,12.0,35.0,392.0,320.0,0.3684210526315789,0.5964912280701754,,,,,0.22857142857142856,0.21428571428571427,0.6666666666666666,0.5,0.375,0.0625,0.4375,0.16666666666666666,1.1875,0.7083333333333334,0.2916666666666667,0.0,0.0,0.0,0.0,0.0,1.1875,0.3125,0.5208333333333334,0.0,0.0,0.0,0.0,0.0,0.3333333333333333,0.25,0.7291666666666666,8.166666666666666,6.666666666666667,0.7291666666666666
001827,Jared Bernhardt,Jared,Bernhardt,M,Midfield,19,2,OUT,Outlaws,2025-06-06,2026-07-26,45.0,35.0,35.0,0.0,35.0,10.0,112.0,69,3.0,0.0,0.0,0.0,0.0,0.0,17.0,35.0,3.0,0,0,0,0.0,0.0,3.0,1.5,32.0,502.0,355.0,0.3125,0.6160714285714286,,,,,0.3125,0.0,2.3684210526315788,1.8421052631578947,1.8421052631578947,0.0,1.8421052631578947,0.5263157894736842,5.894736842105263,3.6315789473684212,0.15789473684210525,0.0,0.0,0.0,0.0,0.0,0.8947368421052632,1.8421052631578947,0.15789473684210525,0.0,0.0,0.0,0.0,0.0,0.15789473684210525,0.07894736842105263,1.6842105263157894,26.42105263157895,18.68421052631579,1.6842105263157894
001828,Justin Anderson,Justin,Anderson,M,Midfield,56,5,OUT,Outlaws,2022-06-05,2026-08-16,76.0,62.0,56.0,3.0,59.0,14.0,184.0,122,17.0,0.0,0.0,0.0,0.0,0.0,64.0,51.0,14.0,0,0,0,0.0,0.0,6.0,3.0,71.0,966.0,731.0,0.32065217391304346,0.6630434782608695,,,,,0.19718309859154928,0.17647058823529413,1.3571428571428572,1.1071428571428572,1.0,0.05357142857142857,1.0535714285714286,0.25,3.2857142857142856,2.1785714285714284,0.30357142857142855,0.0,0.0,0.0,0.0,0.0,1.1428571428571428,0.9107142857142857,0.25,0.0,0.0,0.0,0.0,0.0,0.10714285714285714,0.05357142857142857,1.2678571428571428,17.25,13.053571428571429,1.2678571428571428
001831,Colin Squires,Colin,Squires,LSM,Long Stick Midfield,46,4,WHP,Whipsnakes,2022-06-04,2025-08-23,6.0,3.0,1.0,1.0,2.0,3.0,11.0,3,8.0,0.0,0.0,0.0,0.0,0.0,128.0,11.0,24.0,4,33,37,0.0,0.0,2.0,1.5,6.0,202.0,180.0,0.18181818181818182,0.2727272727272727,0.10810810810810811,,,,0.5,0.125,0.13043478260869565,0.06521739130434782,0.021739130434782608,0.021739130434782608,0.043478260869565216,0.06521739130434782,0.2391304347826087,0.06521739130434782,0.17391304347826086,0.0,0.0,0.0,0.0,0.0,2.782608695652174,0.2391304347826087,0.5217391304347826,0.08695652173913043,0.717391304347826,0.8043478260869565,0.0,0.0,0.043478260869565216,0.03260869565217391,0.13043478260869565,4.391304347826087,3.9130434782608696,0.13043478260869565
001832,Charlie Bertrand,Charlie,Bertrand,M,Midfield,41,4,RED,Redwoods,2022-06-04,2025-09-01,63.0,51.0,49.0,1.0,50.0,12.0,180.0,116,8.0,0.0,0.0,0.0,0.0,0.0,24.0,45.0,3.0,0,0,0,0.0,0.0,2.0,1.5,51.0,796.0,571.0,0.2777777777777778,0.6444444444444445,,,,,0.23529411764705882,0.125,1.5365853658536586,1.2439024390243902,1.1951219512195121,0.024390243902439025,1.2195121951219512,0.2926829268292683,4.390243902439025,2.8292682926829267,0.1951219512195122,0.0,0.0,0.0,0.0,0.0,0.5853658536585366,1.0975609756097562,0.07317073170731707,0.0,0.0,0.0,0.0,0.0,0.04878048780487805,0.036585365853658534,1.2439024390243902,19.414634146341463,13.926829268292684,1.2439024390243902
001833,Stephen Rehfuss,Stephen,Rehfuss,M,Midfield,10,1,CAN,Cannons,2022-06-05,2022-08-21,14.0,6.0,6.0,0.0,6.0,8.0,29.0,17,0.0,0.0,0.0,0.0,0.0,0.0,9.0,16.0,0.0,0,0,0,0.0,0.0,0.0,0.0,44.0,277.0,232.0,0.20689655172413793,0.5862068965517241,,,,,0.18181818181818182,,1.4,0.6,0.6,0.0,0.6,0.8,2.9,1.7,0.0,0.0,0.0,0.0,0.0,0.0,0.9,1.6,0.0,0.0,0.0,0.0,0.0,0.0,0.0,0.0,4.4,27.7,23.2,4.4
001835,Ethan Walker,Ethan,Walker,A,Attack,35,3,WAT,Waterdogs,2022-06-05,2024-08-17,69.0,40.0,40.0,0.0,40.0,29.0,134.0,89,0.0,0.0,0.0,0.0,0.0,0.0,51.0,32.0,3.0,0,0,0,0.0,0.0,2.0,1.0,127.0,1016.0,850.0,0.29850746268656714,0.664179104477612,,,,,0.2283464566929134,,1.9714285714285715,1.1428571428571428,1.1428571428571428,0.0,1.1428571428571428,0.8285714285714286,3.8285714285714287,2.5428571428571427,0.0,0.0,0.0,0.0,0.0,0.0,1.457142857142857,0.9142857142857143,0.08571428571428572,0.0,0.0,0.0,0.0,0.0,0.05714285714285714,0.02857142857142857,3.6285714285714286,29.02857142857143,24.285714285714285,3.6285714285714286
001836,Jackson Morrill,Jackson,Morrill,A,Attack,25,3,OUT|WHP,Outlaws|Whipsnakes,2022-06-05,2024-06-16,42.0,19.0,19.0,0.0,19.0,23.0,53.0,45,0.0,0.0,0.0,0.0,0.0,0.0,18.0,29.0,2.0,0,0,0,0.0,0.0,2.0,1.0,86.0,583.0,501.0,0.3584905660377358,0.8490566037735849,,,,,0.26744186046511625,,1.68,0.76,0.76,0.0,0.76,0.92,2.12,1.8,0.0,0.0,0.0,0.0,0.0,0.0,0.72,1.16,0.08,0.0,0.0,0.0,0.0,0.0,0.08,0.04,3.44,23.32,20.04,3.44
001838,Ryan Smith,Ryan,Smith,M,Midfield,22,2,CHA,Chaos,2022-06-04,2023-09-04,36.0,24.0,24.0,0.0,24.0,12.0,59.0,40,0.0,0.0,0.0,0.0,0.0,0.0,12.0,15.0,0.0,0,0,0,0.0,0.0,0.0,0.0,43.0,327.0,253.0,0.4067796610169492,0.6779661016949152,,,,,0.27906976744186046,,1.6363636363636365,1.0909090909090908,1.0909090909090908,0.0,1.0909090909090908,0.5454545454545454,2.6818181818181817,1.8181818181818181,0.0,0.0,0.0,0.0,0.0,0.0,0.5454545454545454,0.6818181818181818,0.0,0.0,0.0,0.0,0.0,0.0,0.0,0.0,1.9545454545454546,14.863636363636363,11.5,1.9545454545454546
001839,Nick Grill,Nick,Grill,LSM,Long Stick Midfield,39,5,OUT,Outlaws,2022-06-05,2026-08-16,1.0,0.0,0.0,0.0,0.0,1.0,1.0,0,1.0,0.0,0.0,0.0,0.0,0.0,47.0,5.0,22.0,0,3,3,0.0,0.0,3.0,2.0,6.0,125.0,119.0,0.0,0.0,0.0,,,,0.16666666666666666,0.0,0.02564102564102564,0.0,0.0,0.0,0.0,0.02564102564102564,0.02564102564102564,0.0,0.02564102564102564,0.0,0.0,0.0,0.0,0.0,1.205128205128205,0.1282051282051282,0.5641025641025641,0.0,0.07692307692307693,0.07692307692307693,0.0,0.0,0.07692307692307693,0.05128205128205128,0.15384615384615385,3.2051282051282053,3.051282051282051,0.15384615384615385
001843,Cole Williams,Cole,Williams,M,Midfield,10,4,ATL|CHA|OUT,Atlas|Chaos|Outlaws,2022-07-30,2026-08-15,11.0,8.0,8.0,0.0,8.0,3.0,27.0,17,1.0,0.0,0.0,0.0,0.0,0.0,6.0,14.0,0.0,0,0,0,0.0,0.0,2.0,2.0,15.0,143.0,102.0,0.2962962962962963,0.6296296296296297,,,,,0.2,0.0,1.1,0.8,0.8,0.0,0.8,0.3,2.7,1.7,0.1,0.0,0.0,0.0,0.0,0.0,0.6,1.4,0.0,0.0,0.0,0.0,0.0,0.0,0.2,0.2,1.5,14.3,10.2,1.5
001846,Adam Charalambides,Adam,Charalambides,A,Attack,16,4,CAN|CHA,Cannons|Chaos,2022-06-25,2026-05-09,24.0,21.0,21.0,0.0,21.0,3.0,88.0,56,2.0,0.0,0.0,0.0,0.0,0.0,20.0,27.0,2.0,0,0,0,0.0,0.0,6.0,4.0,16.0,430.0,315.0,0.23863636363636365,0.6363636363636364,,,,,0.1875,0.0,1.5,1.3125,1.3125,0.0,1.3125,0.1875,5.5,3.5,0.125,0.0,0.0,0.0,0.0,0.0,1.25,1.6875,0.125,0.0,0.0,0.0,0.0,0.0,0.375,0.25,1.0,26.875,19.6875,1.0
002001,Kevin Rogers,Kevin,Rogers,M,Midfield,7,2,OUT|RED,Outlaws|Redwoods,2022-06-05,2023-08-06,8.0,3.0,3.0,0.0,3.0,5.0,18.0,11,2.0,0.0,0.0,0.0,0.0,0.0,7.0,3.0,1.0,0,0,0,0.0,0.0,0.0,0.0,17.0,121.0,100.0,0.16666666666666666,0.6111111111111112,,,,,0.29411764705882354,0.0,1.1428571428571428,0.42857142857142855,0.42857142857142855,0.0,0.42857142857142855,0.7142857142857143,2.5714285714285716,1.5714285714285714,0.2857142857142857,0.0,0.0,0.0,0.0,0.0,1.0,0.42857142857142855,0.14285714285714285,0.0,0.0,0.0,0.0,0.0,0.0,0.0,2.4285714285714284,17.285714285714285,14.285714285714286,2.4285714285714284
002003,Will Perry,Will,Perry,M,Midfield,8,1,CHA,Chaos,2023-06-04,2023-08-20,5.0,5.0,5.0,0.0,5.0,0.0,30.0,13,5.0,0.0,0.0,0.0,0.0,0.0,4.0,2.0,0.0,0,0,0,0.0,0.0,0.0,0.0,9.0,134.0,102.0,0.16666666666666666,0.43333333333333335,,,,,0.0,0.0,0.625,0.625,0.625,0.0,0.625,0.0,3.75,1.625,0.625,0.0,0.0,0.0,0.0,0.0,0.5,0.25,0.0,0.0,0.0,0.0,0.0,0.0,0.0,0.0,1.125,16.75,12.75,1.125
002006,Reid Bowering,Reid,Bowering,M,Midfield,24,4,ARC|ATL,Archers|Atlas,2023-09-24,2026-08-15,38.0,31.0,31.0,0.0,31.0,7.0,76.0,60,0.0,0.0,0.0,0.0,0.0,0.0,43.0,23.0,4.0,0,1,1,0.0,0.0,4.0,2.5,16.0,303.0,204.0,0.40789473684210525,0.7894736842105263,0.0,,,,0.4375,,1.5833333333333333,1.2916666666666667,1.2916666666666667,0.0,1.2916666666666667,0.2916666666666667,3.1666666666666665,2.5,0.0,0.0,0.0,0.0,0.0,0.0,1.7916666666666667,0.9583333333333334,0.16666666666666666,0.0,0.041666666666666664,0.041666666666666664,0.0,0.0,0.16666666666666666,0.10416666666666667,0.6666666666666666,12.625,8.5,0.6666666666666666
002007,Charlie Kitchen,Charlie,Kitchen,A,Attack,1,1,WAT,Waterdogs,2022-07-31,2022-07-31,1.0,1.0,1.0,0.0,1.0,0.0,3.0,2,0.0,0.0,0.0,0.0,0.0,0.0,0.0,0.0,0.0,0,0,0,0.0,0.0,0.0,0.0,2.0,8.0,5.0,0.3333333333333333,0.6666666666666666,,,,,0.0,,1.0,1.0,1.0,0.0,1.0,0.0,3.0,2.0,0.0,0.0,0.0,0.0,0.0,0.0,0.0,0.0,0.0,0.0,0.0,0.0,0.0,0.0,0.0,0.0,2.0,8.0,5.0,2.0
002014,Drake Porter,Drake,Porter,G,Goalie,3,1,ATL,Atlas,2023-07-09,2023-09-04,0.0,0.0,0.0,0.0,0.0,0.0,0.0,0,0.0,19.0,2.0,17.0,27.0,41.28668941979522,4.0,2.0,0.0,0,0,0,27.0,0.0,0.0,0.0,0.0,23.0,21.0,,,,0.41304347826086957,10.526315789473683,0.043478260869565216,,,0.0,0.0,0.0,0.0,0.0,0.0,0.0,0.0,0.0,6.333333333333333,0.6666666666666666,5.666666666666667,9.0,13.762229806598407,1.3333333333333333,0.6666666666666666,0.0,0.0,0.0,0.0,9.0,0.0,0.0,0.0,0.0,7.666666666666667,7.0,0.0
002015,Logan Wisnauskas,Logan,Wisnauskas,A,Attack,45,5,OUT,Outlaws,2022-06-05,2026-08-16,116.0,79.0,79.0,0.0,79.0,37.0,225.0,157,7.0,0.0,0.0,0.0,0.0,0.0,49.0,61.0,3.0,0,0,0,0.0,0.0,2.0,3.0,131.0,1263.0,977.0,0.3511111111111111,0.6977777777777778,,,,,0.2824427480916031,0.0,2.577777777777778,1.7555555555555555,1.7555555555555555,0.0,1.7555555555555555,0.8222222222222222,5.0,3.488888888888889,0.15555555555555556,0.0,0.0,0.0,0.0,0.0,1.0888888888888888,1.3555555555555556,0.06666666666666667,0.0,0.0,0.0,0.0,0.0,0.044444444444444446,0.06666666666666667,2.911111111111111,28.066666666666666,21.711111111111112,2.911111111111111
002016,Chris Gray,Chris,Gray,A,Attack,30,3,ATL|RED,Atlas|Redwoods,2022-06-04,2024-08-17,90.0,54.0,48.0,3.0,51.0,36.0,189.0,114,14.0,0.0,0.0,0.0,0.0,0.0,32.0,57.0,3.0,0,0,0,0.0,0.0,3.0,2.5,127.0,1012.0,766.0,0.2698412698412698,0.6031746031746031,,,,,0.28346456692913385,0.21428571428571427,3.0,1.8,1.6,0.1,1.7,1.2,6.3,3.8,0.4666666666666667,0.0,0.0,0.0,0.0,0.0,1.0666666666666667,1.9,0.1,0.0,0.0,0.0,0.0,0.0,0.1,0.08333333333333333,4.233333333333333,33.733333333333334,25.533333333333335,4.233333333333333
002017,Arden Cohen,Arden,Cohen,D,Defense,42,5,RED,Redwoods,2022-06-04,2026-05-16,3.0,2.0,0.0,1.0,1.0,1.0,2.0,2,1.0,0.0,0.0,0.0,0.0,0.0,81.0,16.0,33.0,0,0,0,0.0,0.0,13.0,14.5,4.0,192.0,174.0,0.5,1.0,,,,,0.25,1.0,0.07142857142857142,0.047619047619047616,0.0,0.023809523809523808,0.023809523809523808,0.023809523809523808,0.047619047619047616,0.047619047619047616,0.023809523809523808,0.0,0.0,0.0,0.0,0.0,1.9285714285714286,0.38095238095238093,0.7857142857142857,0.0,0.0,0.0,0.0,0.0,0.30952380952380953,0.34523809523809523,0.09523809523809523,4.571428571428571,4.142857142857143,0.09523809523809523
002018,Matt Moore,Matt,Moore,A,Attack,35,4,ARC,Archers,2022-06-05,2025-06-22,67.0,44.0,42.0,1.0,43.0,23.0,178.0,111,21.0,0.0,0.0,0.0,0.0,0.0,36.0,45.0,1.0,0,0,0,0.0,0.0,5.0,5.5,86.0,771.0,548.0,0.24157303370786518,0.6235955056179775,,,,,0.26744186046511625,0.047619047619047616,1.9142857142857144,1.2571428571428571,1.2,0.02857142857142857,1.2285714285714286,0.6571428571428571,5.085714285714285,3.1714285714285713,0.6,0.0,0.0,0.0,0.0,0.0,1.0285714285714285,1.2857142857142858,0.02857142857142857,0.0,0.0,0.0,0.0,0.0,0.14285714285714285,0.15714285714285714,2.4571428571428573,22.02857142857143,15.657142857142857,2.4571428571428573
002019,Koby Smith,Koby,Smith,LSM,Long Stick Midfield,27,4,ATL,Atlas,2022-06-04,2025-08-02,13.0,11.0,1.0,5.0,6.0,2.0,22.0,14,15.0,0.0,0.0,0.0,0.0,0.0,34.0,12.0,11.0,0,0,0,0.0,0.0,4.0,3.5,9.0,107.0,73.0,0.2727272727272727,0.6363636363636364,,,,,0.2222222222222222,0.3333333333333333,0.48148148148148145,0.4074074074074074,0.037037037037037035,0.18518518518518517,0.2222222222222222,0.07407407407407407,0.8148148148148148,0.5185185185185185,0.5555555555555556,0.0,0.0,0.0,0.0,0.0,1.2592592592592593,0.4444444444444444,0.4074074074074074,0.0,0.0,0.0,0.0,0.0,0.14814814814814814,0.12962962962962962,0.3333333333333333,3.962962962962963,2.7037037037037037,0.3333333333333333
002020,Brett Kennedy,Brett,Kennedy,D,Defense,9,3,CHA|WHP,Chaos|Whipsnakes,2022-06-04,2024-06-16,1.0,0.0,0.0,0.0,0.0,1.0,0.0,0,0.0,0.0,0.0,0.0,0.0,0.0,15.0,5.0,5.0,0,0,0,0.0,0.0,2.0,1.5,2.0,47.0,42.0,,,,,,,0.5,,0.1111111111111111,0.0,0.0,0.0,0.0,0.1111111111111111,0.0,0.0,0.0,0.0,0.0,0.0,0.0,0.0,1.6666666666666667,0.5555555555555556,0.5555555555555556,0.0,0.0,0.0,0.0,0.0,0.2222222222222222,0.16666666666666666,0.2222222222222222,5.222222222222222,4.666666666666667,0.2222222222222222
002021,Roman Puglise,Roman,Puglise,SSDM,Defensive Midfield,32,3,WHP,Whipsnakes,2023-06-04,2025-08-23,13.0,11.0,5.0,3.0,8.0,2.0,23.0,14,7.0,0.0,0.0,0.0,0.0,0.0,37.0,13.0,7.0,0,1,1,0.0,0.0,11.0,9.0,12.0,265.0,229.0,0.34782608695652173,0.6086956521739131,0.0,,,,0.16666666666666666,0.42857142857142855,0.40625,0.34375,0.15625,0.09375,0.25,0.0625,0.71875,0.4375,0.21875,0.0,0.0,0.0,0.0,0.0,1.15625,0.40625,0.21875,0.0,0.03125,0.03125,0.0,0.0,0.34375,0.28125,0.375,8.28125,7.15625,0.375
002022,Zach Geddes,Zach,Geddes,SSDM,Defensive Midfield,53,5,CHA|OUT,Chaos|Outlaws,2022-06-04,2026-08-16,28.0,20.0,16.0,2.0,18.0,8.0,55.0,36,11.0,0.0,0.0,0.0,0.0,0.0,78.0,13.0,25.0,1,9,10,0.0,0.0,9.0,4.5,25.0,420.0,352.0,0.32727272727272727,0.6545454545454545,0.1,,,,0.32,0.18181818181818182,0.5283018867924528,0.37735849056603776,0.3018867924528302,0.03773584905660377,0.33962264150943394,0.1509433962264151,1.0377358490566038,0.6792452830188679,0.20754716981132076,0.0,0.0,0.0,0.0,0.0,1.471698113207547,0.24528301886792453,0.4716981132075472,0.018867924528301886,0.16981132075471697,0.18867924528301888,0.0,0.0,0.16981132075471697,0.08490566037735849,0.4716981132075472,7.9245283018867925,6.6415094339622645,0.4716981132075472
002023,Brendan Nichtern,Brendan,Nichtern,A,Attack,19,3,CHA|OUT,Chaos|Outlaws,2022-06-05,2026-06-28,55.0,25.0,25.0,0.0,25.0,30.0,91.0,59,2.0,0.0,0.0,0.0,0.0,0.0,22.0,56.0,5.0,0,0,0,0.0,0.0,4.0,2.0,86.0,749.0,602.0,0.27472527472527475,0.6483516483516484,,,,,0.3488372093023256,0.0,2.8947368421052633,1.3157894736842106,1.3157894736842106,0.0,1.3157894736842106,1.5789473684210527,4.7894736842105265,3.1052631578947367,0.10526315789473684,0.0,0.0,0.0,0.0,0.0,1.1578947368421053,2.9473684210526314,0.2631578947368421,0.0,0.0,0.0,0.0,0.0,0.21052631578947367,0.10526315789473684,4.526315789473684,39.421052631578945,31.68421052631579,4.526315789473684
002024,Asher Nolting,Asher,Nolting,A,Attack,44,5,CAN,Cannons,2022-06-05,2026-05-15,151.0,61.0,61.0,0.0,61.0,90.0,207.0,144,1.0,0.0,0.0,0.0,0.0,0.0,61.0,112.0,7.0,0,1,1,0.0,0.0,11.0,7.5,271.0,1353.0,1034.0,0.2946859903381642,0.6956521739130435,0.0,,,,0.33210332103321033,0.0,3.4318181818181817,1.3863636363636365,1.3863636363636365,0.0,1.3863636363636365,2.0454545454545454,4.704545454545454,3.272727272727273,0.022727272727272728,0.0,0.0,0.0,0.0,0.0,1.3863636363636365,2.5454545454545454,0.1590909090909091,0.0,0.022727272727272728,0.022727272727272728,0.0,0.0,0.25,0.17045454545454544,6.159090909090909,30.75,23.5,6.159090909090909
002025,Bubba Fairman,Bubba,Fairman,SSDM,Defensive Midfield,32,3,CAN,Cannons,2022-06-11,2024-09-02,10.0,4.0,4.0,0.0,4.0,6.0,24.0,15,1.0,0.0,0.0,0.0,0.0,0.0,40.0,9.0,20.0,2,4,6,0.0,0.0,6.0,4.0,17.0,278.0,245.0,0.16666666666666666,0.625,0.3333333333333333,,,,0.35294117647058826,0.0,0.3125,0.125,0.125,0.0,0.125,0.1875,0.75,0.46875,0.03125,0.0,0.0,0.0,0.0,0.0,1.25,0.28125,0.625,0.0625,0.125,0.1875,0.0,0.0,0.1875,0.125,0.53125,8.6875,7.65625,0.53125
002026,Brett Dobson,Brett,Dobson,G,Goalie,45,5,ARC,Archers,2022-08-06,2026-08-08,1.0,0.0,0.0,0.0,0.0,1.0,8.0,2,8.0,634.0,218.0,416.0,465.0,471.8070596273677,97.0,17.0,14.0,0,0,0,431.0,34.0,5.0,5.0,7.0,704.0,679.0,0.0,0.25,,0.5953051643192488,34.38485804416404,0.20469483568075117,0.14285714285714285,0.0,0.022222222222222223,0.0,0.0,0.0,0.0,0.022222222222222223,0.17777777777777778,0.044444444444444446,0.17777777777777778,14.088888888888889,4.844444444444444,9.244444444444444,10.333333333333334,10.484601325052616,2.1555555555555554,0.37777777777777777,0.3111111111111111,0.0,0.0,0.0,9.577777777777778,0.7555555555555555,0.1111111111111111,0.1111111111111111,0.15555555555555556,15.644444444444444,15.088888888888889,0.15555555555555556
002027,Brendan Curry,Brendan,Curry,M,Midfield,12,2,ATL,Atlas,2022-06-04,2023-09-04,10.0,6.0,6.0,0.0,6.0,4.0,30.0,17,1.0,0.0,0.0,0.0,0.0,0.0,6.0,6.0,0.0,0,0,0,0.0,0.0,0.0,0.0,15.0,128.0,92.0,0.2,0.5666666666666667,,,,,0.26666666666666666,0.0,0.8333333333333334,0.5,0.5,0.0,0.5,0.3333333333333333,2.5,1.4166666666666667,0.08333333333333333,0.0,0.0,0.0,0.0,0.0,0.5,0.5,0.0,0.0,0.0,0.0,0.0,0.0,0.0,0.0,1.25,10.666666666666666,7.666666666666667,1.25
002028,Jack Hannah,Jack,Hannah,M,Midfield,52,5,WAT,Waterdogs,2022-06-05,2026-08-01,86.0,63.0,57.0,3.0,60.0,23.0,302.0,166,25.0,0.0,0.0,0.0,0.0,0.0,58.0,58.0,4.0,0,0,0,0.0,0.0,9.0,6.5,82.0,1034.0,674.0,0.1986754966887417,0.5496688741721855,,,,,0.2804878048780488,0.12,1.6538461538461537,1.2115384615384615,1.0961538461538463,0.057692307692307696,1.1538461538461537,0.4423076923076923,5.8076923076923075,3.1923076923076925,0.4807692307692308,0.0,0.0,0.0,0.0,0.0,1.1153846153846154,1.1153846153846154,0.07692307692307693,0.0,0.0,0.0,0.0,0.0,0.17307692307692307,0.125,1.5769230769230769,19.884615384615383,12.961538461538462,1.5769230769230769
002029,Wheaton Jackoboice,Wheaton,Jackoboice,SSDM,Defensive Midfield,15,2,WHP,Whipsnakes,2022-06-18,2024-09-15,2.0,2.0,2.0,0.0,2.0,0.0,17.0,6,3.0,0.0,0.0,0.0,0.0,0.0,9.0,4.0,1.0,0,0,0,0.0,0.0,1.0,0.5,13.0,118.0,97.0,0.11764705882352941,0.35294117647058826,,,,,0.0,0.0,0.13333333333333333,0.13333333333333333,0.13333333333333333,0.0,0.13333333333333333,0.0,1.1333333333333333,0.4,0.2,0.0,0.0,0.0,0.0,0.0,0.6,0.26666666666666666,0.06666666666666667,0.0,0.0,0.0,0.0,0.0,0.06666666666666667,0.03333333333333333,0.8666666666666667,7.866666666666666,6.466666666666667,0.8666666666666667
002030,Jonathan Donville,Jonathan,Donville,M,Midfield,30,5,CAN|CHA|OUT,Cannons|Chaos|Outlaws,2022-06-04,2026-06-06,45.0,29.0,29.0,0.0,29.0,16.0,83.0,62,0.0,0.0,0.0,0.0,0.0,0.0,22.0,24.0,4.0,0,0,0,0.0,0.0,2.0,2.0,67.0,513.0,406.0,0.3493975903614458,0.7469879518072289,,,,,0.23880597014925373,,1.5,0.9666666666666667,0.9666666666666667,0.0,0.9666666666666667,0.5333333333333333,2.7666666666666666,2.066666666666667,0.0,0.0,0.0,0.0,0.0,0.0,0.7333333333333333,0.8,0.13333333333333333,0.0,0.0,0.0,0.0,0.0,0.06666666666666667,0.06666666666666667,2.2333333333333334,17.1,13.533333333333333,2.2333333333333334
002031,Ryan McNulty,Ryan,McNulty,LSM,Long Stick Midfield,4,1,CHA,Chaos,2024-06-08,2024-09-02,0.0,0.0,0.0,0.0,0.0,0.0,1.0,0,1.0,0.0,0.0,0.0,0.0,0.0,7.0,1.0,1.0,0,0,0,0.0,0.0,0.0,0.0,2.0,15.0,13.0,0.0,0.0,,,,,0.0,0.0,0.0,0.0,0.0,0.0,0.0,0.0,0.25,0.0,0.25,0.0,0.0,0.0,0.0,0.0,1.75,0.25,0.25,0.0,0.0,0.0,0.0,0.0,0.0,0.0,0.5,3.75,3.25,0.5
002032,Justin Inacio,Justin,Inacio,FO,Faceoff,27,3,ARC|CHA,Archers|Chaos,2022-06-05,2026-07-25,5.0,4.0,4.0,0.0,4.0,1.0,26.0,12,2.0,0.0,0.0,0.0,0.0,0.0,176.0,17.0,2.0,302,309,614,0.0,0.0,4.0,2.0,5.0,165.0,122.0,0.15384615384615385,0.46153846153846156,0.49185667752442996,,,,0.2,0.0,0.18518518518518517,0.14814814814814814,0.14814814814814814,0.0,0.14814814814814814,0.037037037037037035,0.9629629629629629,0.4444444444444444,0.07407407407407407,0.0,0.0,0.0,0.0,0.0,6.518518518518518,0.6296296296296297,0.07407407407407407,11.185185185185185,11.444444444444445,22.74074074074074,0.0,0.0,0.14814814814814814,0.07407407407407407,0.18518518518518517,6.111111111111111,4.518518518518518,0.18518518518518517
002033,Nakeie Montgomery,Nakeie,Montgomery,M,Midfield,30,4,RED|WAT,Redwoods|Waterdogs,2022-06-04,2026-05-17,22.0,13.0,9.0,2.0,11.0,9.0,73.0,46,13.0,0.0,0.0,0.0,0.0,0.0,33.0,19.0,5.0,0,1,1,0.0,0.0,1.0,1.0,31.0,348.0,256.0,0.1506849315068493,0.6301369863013698,0.0,,,,0.2903225806451613,0.15384615384615385,0.7333333333333333,0.43333333333333335,0.3,0.06666666666666667,0.36666666666666664,0.3,2.433333333333333,1.5333333333333334,0.43333333333333335,0.0,0.0,0.0,0.0,0.0,1.1,0.6333333333333333,0.16666666666666666,0.0,0.03333333333333333,0.03333333333333333,0.0,0.0,0.03333333333333333,0.03333333333333333,1.0333333333333334,11.6,8.533333333333333,1.0333333333333334
002034,Keegan Khan,Keegan,Khan,M,Midfield,18,3,WHP,Whipsnakes,2022-06-24,2024-07-20,17.0,12.0,12.0,0.0,12.0,5.0,40.0,26,0.0,0.0,0.0,0.0,0.0,0.0,8.0,12.0,1.0,0,0,0,0.0,0.0,1.0,0.5,27.0,232.0,180.0,0.3,0.65,,,,,0.18518518518518517,,0.9444444444444444,0.6666666666666666,0.6666666666666666,0.0,0.6666666666666666,0.2777777777777778,2.2222222222222223,1.4444444444444444,0.0,0.0,0.0,0.0,0.0,0.0,0.4444444444444444,0.6666666666666666,0.05555555555555555,0.0,0.0,0.0,0.0,0.0,0.05555555555555555,0.027777777777777776,1.5,12.88888888888889,10.0,1.5
002035,Max Wayne,Max,Wayne,D,Defense,9,1,CAN,Cannons,2023-06-17,2023-09-10,0.0,0.0,0.0,0.0,0.0,0.0,0.0,0,0.0,0.0,0.0,0.0,0.0,0.0,26.0,4.0,8.0,0,0,0,0.0,0.0,4.0,3.5,0.0,57.0,53.0,,,,,,,,,0.0,0.0,0.0,0.0,0.0,0.0,0.0,0.0,0.0,0.0,0.0,0.0,0.0,0.0,2.888888888888889,0.4444444444444444,0.8888888888888888,0.0,0.0,0.0,0.0,0.0,0.4444444444444444,0.3888888888888889,0.0,6.333333333333333,5.888888888888889,0.0
002036,Jake Higgins,Jake,Higgins,SSDM,Defensive Midfield,20,2,WAT,Waterdogs,2022-06-12,2023-09-24,4.0,2.0,2.0,0.0,2.0,2.0,5.0,3,1.0,0.0,0.0,0.0,0.0,0.0,21.0,8.0,14.0,0,0,0,0.0,0.0,2.0,2.0,6.0,114.0,101.0,0.4,0.6,,,,,0.3333333333333333,0.0,0.2,0.1,0.1,0.0,0.1,0.1,0.25,0.15,0.05,0.0,0.0,0.0,0.0,0.0,1.05,0.4,0.7,0.0,0.0,0.0,0.0,0.0,0.1,0.1,0.3,5.7,5.05,0.3
002037,Bryan McIntosh,Bryan,McIntosh,D,Defense,3,1,CAN,Cannons,2022-06-05,2022-07-24,0.0,0.0,0.0,0.0,0.0,0.0,0.0,0,0.0,0.0,0.0,0.0,0.0,0.0,5.0,0.0,0.0,0,0,0,0.0,0.0,0.0,0.0,0.0,13.0,13.0,,,,,,,,,0.0,0.0,0.0,0.0,0.0,0.0,0.0,0.0,0.0,0.0,0.0,0.0,0.0,0.0,1.6666666666666667,0.0,0.0,0.0,0.0,0.0,0.0,0.0,0.0,0.0,0.0,4.333333333333333,4.333333333333333,0.0
002038,Colin Kirst,Colin,Kirst,G,Goalie,45,5,CAN,Cannons,2022-08-13,2026-08-09,1.0,0.0,0.0,0.0,0.0,1.0,3.0,2,3.0,521.0,169.0,352.0,505.0,523.0787997104269,85.0,24.0,8.0,0,0,0,482.0,23.0,2.0,2.0,5.0,663.0,636.0,0.0,0.6666666666666666,,0.5194416749750748,32.437619961612285,0.16849451645064806,0.2,0.0,0.022222222222222223,0.0,0.0,0.0,0.0,0.022222222222222223,0.06666666666666667,0.044444444444444446,0.06666666666666667,11.577777777777778,3.7555555555555555,7.822222222222222,11.222222222222221,11.623973326898376,1.8888888888888888,0.5333333333333333,0.17777777777777778,0.0,0.0,0.0,10.71111111111111,0.5111111111111111,0.044444444444444446,0.044444444444444446,0.1111111111111111,14.733333333333333,14.133333333333333,0.1111111111111111
002039,Owen McElroy,Owen,McElroy,G,Goalie,20,4,OUT,Outlaws,2023-06-17,2026-08-16,0.0,0.0,0.0,0.0,0.0,0.0,1.0,1,1.0,184.0,49.0,135.0,181.0,201.48739360724971,40.0,6.0,1.0,0,0,0,170.0,11.0,0.0,0.0,2.0,222.0,215.0,0.0,1.0,,0.519774011299435,26.6304347826087,0.1384180790960452,0.0,0.0,0.0,0.0,0.0,0.0,0.0,0.0,0.05,0.05,0.05,9.2,2.45,6.75,9.05,10.074369680362485,2.0,0.3,0.05,0.0,0.0,0.0,8.5,0.55,0.0,0.0,0.1,11.1,10.75,0.1
002040,Jackson Reid,Jackson,Reid,A,Attack,7,2,WHP,Whipsnakes,2022-06-04,2023-06-17,4.0,4.0,4.0,0.0,4.0,0.0,20.0,12,0.0,0.0,0.0,0.0,0.0,0.0,2.0,5.0,0.0,0,1,1,0.0,0.0,0.0,0.0,8.0,77.0,52.0,0.2,0.6,0.0,,,,0.0,,0.5714285714285714,0.5714285714285714,0.5714285714285714,0.0,0.5714285714285714,0.0,2.857142857142857,1.7142857142857142,0.0,0.0,0.0,0.0,0.0,0.0,0.2857142857142857,0.7142857142857143,0.0,0.0,0.14285714285714285,0.14285714285714285,0.0,0.0,0.0,0.0,1.1428571428571428,11.0,7.428571428571429,1.1428571428571428
002041,Mitch Bartolo,Mitch,Bartolo,M,Midfield,1,1,RED,Redwoods,2022-07-31,2022-07-31,0.0,0.0,0.0,0.0,0.0,0.0,0.0,0,0.0,0.0,0.0,0.0,0.0,0.0,1.0,1.0,0.0,0,0,0,0.0,0.0,0.0,0.0,0.0,2.0,1.0,,,,,,,,,0.0,0.0,0.0,0.0,0.0,0.0,0.0,0.0,0.0,0.0,0.0,0.0,0.0,0.0,1.0,1.0,0.0,0.0,0.0,0.0,0.0,0.0,0.0,0.0,0.0,2.0,1.0,0.0
002042,Jon Robbins,Jon,Robbins,LSM,Long Stick Midfield,39,5,ARC|ATL,Archers|Atlas,2022-06-05,2026-08-15,3.0,2.0,2.0,0.0,2.0,1.0,9.0,5,1.0,0.0,0.0,0.0,0.0,0.0,45.0,8.0,31.0,0,0,0,0.0,0.0,5.0,5.5,6.0,106.0,89.0,0.2222222222222222,0.5555555555555556,,,,,0.16666666666666666,0.0,0.07692307692307693,0.05128205128205128,0.05128205128205128,0.0,0.05128205128205128,0.02564102564102564,0.23076923076923078,0.1282051282051282,0.02564102564102564,0.0,0.0,0.0,0.0,0.0,1.1538461538461537,0.20512820512820512,0.7948717948717948,0.0,0.0,0.0,0.0,0.0,0.1282051282051282,0.14102564102564102,0.15384615384615385,2.717948717948718,2.282051282051282,0.15384615384615385
002043,Ryan Aughavin,Ryan,Aughavin,M,Midfield,14,3,ARC,Archers,2022-06-18,2024-08-18,14.0,11.0,3.0,4.0,7.0,3.0,34.0,22,12.0,0.0,0.0,0.0,0.0,0.0,7.0,5.0,1.0,0,0,0,0.0,0.0,0.0,0.0,8.0,143.0,104.0,0.20588235294117646,0.6470588235294118,,,,,0.375,0.3333333333333333,1.0,0.7857142857142857,0.21428571428571427,0.2857142857142857,0.5,0.21428571428571427,2.4285714285714284,1.5714285714285714,0.8571428571428571,0.0,0.0,0.0,0.0,0.0,0.5,0.35714285714285715,0.07142857142857142,0.0,0.0,0.0,0.0,0.0,0.0,0.0,0.5714285714285714,10.214285714285714,7.428571428571429,0.5714285714285714
002046,Kevin Lindley,Kevin,Lindley,A,Attack,2,1,CHA,Chaos,2023-06-17,2023-08-20,1.0,1.0,1.0,0.0,1.0,0.0,4.0,2,0.0,0.0,0.0,0.0,0.0,0.0,2.0,1.0,0.0,0,0,0,0.0,0.0,0.0,0.0,4.0,22.0,17.0,0.25,0.5,,,,,0.0,,0.5,0.5,0.5,0.0,0.5,0.0,2.0,1.0,0.0,0.0,0.0,0.0,0.0,0.0,1.0,0.5,0.0,0.0,0.0,0.0,0.0,0.0,0.0,0.0,2.0,11.0,8.5,2.0
002047,Frankie Labetti,Frankie,Labetti,FO,Faceoff,2,1,ARC,Archers,2022-06-11,2022-06-18,1.0,1.0,1.0,0.0,1.0,0.0,3.0,1,0.0,0.0,0.0,0.0,0.0,0.0,9.0,1.0,1.0,19,32,51,0.0,0.0,1.0,0.5,2.0,8.0,4.0,0.3333333333333333,0.3333333333333333,0.37254901960784315,,,,0.0,,0.5,0.5,0.5,0.0,0.5,0.0,1.5,0.5,0.0,0.0,0.0,0.0,0.0,0.0,4.5,0.5,0.5,9.5,16.0,25.5,0.0,0.0,0.5,0.25,1.0,4.0,2.0,1.0
002049,Marc O'Rourke,Marc,O'Rourke,M,Midfield,5,1,ATL,Atlas,2023-06-03,2023-08-12,4.0,2.0,2.0,0.0,2.0,2.0,14.0,8,2.0,0.0,0.0,0.0,0.0,0.0,1.0,4.0,0.0,0,0,0,0.0,0.0,0.0,0.0,4.0,66.0,48.0,0.14285714285714285,0.5714285714285714,,,,,0.5,0.0,0.8,0.4,0.4,0.0,0.4,0.4,2.8,1.6,0.4,0.0,0.0,0.0,0.0,0.0,0.2,0.8,0.0,0.0,0.0,0.0,0.0,0.0,0.0,0.0,0.8,13.2,9.6,0.8
002051,Connor DeSimone,Connor,DeSimone,A,Attack,7,2,ARC,Archers,2022-06-05,2023-06-09,13.0,8.0,8.0,0.0,8.0,5.0,19.0,15,1.0,0.0,0.0,0.0,0.0,0.0,4.0,10.0,2.0,0,0,0,0.0,0.0,0.0,0.0,10.0,158.0,129.0,0.42105263157894735,0.7894736842105263,,,,,0.5,0.0,1.8571428571428572,1.1428571428571428,1.1428571428571428,0.0,1.1428571428571428,0.7142857142857143,2.7142857142857144,2.142857142857143,0.14285714285714285,0.0,0.0,0.0,0.0,0.0,0.5714285714285714,1.4285714285714286,0.2857142857142857,0.0,0.0,0.0,0.0,0.0,0.0,0.0,1.4285714285714286,22.571428571428573,18.428571428571427,1.4285714285714286
002054,Chris Merle,Chris,Merle,SSDM,Defensive Midfield,31,4,RED,Redwoods,2023-06-03,2026-08-02,6.0,5.0,5.0,0.0,5.0,1.0,16.0,11,2.0,0.0,0.0,0.0,0.0,0.0,50.0,8.0,23.0,1,1,2,0.0,0.0,8.0,5.0,3.0,175.0,151.0,0.3125,0.6875,0.5,,,,0.3333333333333333,0.0,0.1935483870967742,0.16129032258064516,0.16129032258064516,0.0,0.16129032258064516,0.03225806451612903,0.5161290322580645,0.3548387096774194,0.06451612903225806,0.0,0.0,0.0,0.0,0.0,1.6129032258064515,0.25806451612903225,0.7419354838709677,0.03225806451612903,0.03225806451612903,0.06451612903225806,0.0,0.0,0.25806451612903225,0.16129032258064516,0.0967741935483871,5.645161290322581,4.870967741935484,0.0967741935483871
002055,Jakob Phaup,Jakob,Phaup,FO,Faceoff,1,1,ATL,Atlas,2022-07-23,2022-07-23,0.0,0.0,0.0,0.0,0.0,0.0,0.0,0,0.0,0.0,0.0,0.0,0.0,0.0,5.0,1.0,0.0,11,18,29,0.0,0.0,0.0,0.0,0.0,5.0,4.0,,,0.3793103448275862,,,,,,0.0,0.0,0.0,0.0,0.0,0.0,0.0,0.0,0.0,0.0,0.0,0.0,0.0,0.0,5.0,1.0,0.0,11.0,18.0,29.0,0.0,0.0,0.0,0.0,0.0,5.0,4.0,0.0
002056,Matt Rahill,Matt,Rahill,D,Defense,6,2,CAN|WHP,Cannons|Whipsnakes,2022-06-18,2023-07-14,0.0,0.0,0.0,0.0,0.0,0.0,1.0,1,1.0,0.0,0.0,0.0,0.0,0.0,10.0,2.0,1.0,0,0,0,0.0,0.0,1.0,0.5,0.0,29.0,26.0,0.0,1.0,,,,,,0.0,0.0,0.0,0.0,0.0,0.0,0.0,0.16666666666666666,0.16666666666666666,0.16666666666666666,0.0,0.0,0.0,0.0,0.0,1.6666666666666667,0.3333333333333333,0.16666666666666666,0.0,0.0,0.0,0.0,0.0,0.16666666666666666,0.08333333333333333,0.0,4.833333333333333,4.333333333333333,0.0
002059,Brendan Krebs,Brendan,Krebs,G,Goalie,21,3,WHP,Whipsnakes,2023-07-30,2025-06-22,1.0,0.0,0.0,0.0,0.0,1.0,2.0,0,1.0,246.0,92.0,154.0,229.0,232.66064661538414,58.0,11.0,6.0,0,0,0,214.0,15.0,0.0,0.0,4.0,336.0,323.0,0.0,0.0,,0.5347826086956522,37.39837398373984,0.2,0.25,0.0,0.047619047619047616,0.0,0.0,0.0,0.0,0.047619047619047616,0.09523809523809523,0.0,0.047619047619047616,11.714285714285714,4.380952380952381,7.333333333333333,10.904761904761905,11.079078410256388,2.761904761904762,0.5238095238095238,0.2857142857142857,0.0,0.0,0.0,10.19047619047619,0.7142857142857143,0.0,0.0,0.19047619047619047,16.0,15.380952380952381,0.19047619047619047
002062,Ryan Hallenbeck,Ryan,Hallenbeck,SSDM,Defensive Midfield,4,1,RED,Redwoods,2022-06-04,2022-06-24,0.0,0.0,0.0,0.0,0.0,0.0,2.0,2,1.0,0.0,0.0,0.0,0.0,0.0,2.0,0.0,1.0,0,0,0,0.0,0.0,2.0,1.5,0.0,20.0,18.0,0.0,1.0,,,,,,0.0,0.0,0.0,0.0,0.0,0.0,0.0,0.5,0.5,0.25,0.0,0.0,0.0,0.0,0.0,0.5,0.0,0.25,0.0,0.0,0.0,0.0,0.0,0.5,0.375,0.0,5.0,4.5,0.0
002063,Ryan Kennedy,Ryan,Kennedy,LSM,Long Stick Midfield,16,3,RED,Redwoods,2022-06-10,2024-08-03,1.0,1.0,1.0,0.0,1.0,0.0,4.0,4,1.0,0.0,0.0,0.0,0.0,0.0,21.0,5.0,5.0,0,6,6,0.0,0.0,0.0,0.0,2.0,49.0,40.0,0.25,1.0,0.0,,,,0.0,0.0,0.0625,0.0625,0.0625,0.0,0.0625,0.0,0.25,0.25,0.0625,0.0,0.0,0.0,0.0,0.0,1.3125,0.3125,0.3125,0.0,0.375,0.375,0.0,0.0,0.0,0.0,0.125,3.0625,2.5,0.125
002064,Joe Robertson,Joe,Robertson,A,Attack,4,1,RED,Redwoods,2022-06-10,2022-07-31,2.0,1.0,1.0,0.0,1.0,1.0,9.0,6,0.0,0.0,0.0,0.0,0.0,0.0,2.0,4.0,0.0,0,0,0,0.0,0.0,0.0,0.0,1.0,27.0,14.0,0.1111111111111111,0.6666666666666666,,,,,1.0,,0.5,0.25,0.25,0.0,0.25,0.25,2.25,1.5,0.0,0.0,0.0,0.0,0.0,0.0,0.5,1.0,0.0,0.0,0.0,0.0,0.0,0.0,0.0,0.0,0.25,6.75,3.5,0.25
002065,Anthony DeMaio,Anthony,DeMaio,M,Midfield,5,2,RED,Redwoods,2022-08-06,2023-07-15,1.0,1.0,1.0,0.0,1.0,0.0,13.0,8,1.0,0.0,0.0,0.0,0.0,0.0,2.0,0.0,0.0,0,0,0,0.0,0.0,0.0,0.0,4.0,54.0,41.0,0.07692307692307693,0.6153846153846154,,,,,0.0,0.0,0.2,0.2,0.2,0.0,0.2,0.0,2.6,1.6,0.2,0.0,0.0,0.0,0.0,0.0,0.4,0.0,0.0,0.0,0.0,0.0,0.0,0.0,0.0,0.0,0.8,10.8,8.2,0.8
002067,Zac Tucci,Zac,Tucci,FO,Faceoff,29,5,ATL|CAN|WAT,Atlas|Cannons|Waterdogs,2022-06-17,2026-07-11,12.0,11.0,5.0,3.0,8.0,1.0,45.0,24,17.0,0.0,0.0,0.0,0.0,0.0,154.0,18.0,4.0,315,373,693,0.0,0.0,10.0,7.5,6.0,147.0,84.0,0.17777777777777778,0.5333333333333333,0.45454545454545453,,,,0.16666666666666666,0.17647058823529413,0.41379310344827586,0.3793103448275862,0.1724137931034483,0.10344827586206896,0.27586206896551724,0.034482758620689655,1.5517241379310345,0.8275862068965517,0.5862068965517241,0.0,0.0,0.0,0.0,0.0,5.310344827586207,0.6206896551724138,0.13793103448275862,10.862068965517242,12.862068965517242,23.896551724137932,0.0,0.0,0.3448275862068966,0.25862068965517243,0.20689655172413793,5.068965517241379,2.896551724137931,0.20689655172413793
002072,Brennan Kamish,Brennan,Kamish,SSDM,Defensive Midfield,5,1,WHP,Whipsnakes,2022-06-04,2022-07-03,0.0,0.0,0.0,0.0,0.0,0.0,1.0,0,0.0,0.0,0.0,0.0,0.0,0.0,8.0,0.0,4.0,0,0,0,0.0,0.0,0.0,0.0,2.0,32.0,31.0,0.0,0.0,,,,,0.0,,0.0,0.0,0.0,0.0,0.0,0.0,0.2,0.0,0.0,0.0,0.0,0.0,0.0,0.0,1.6,0.0,0.8,0.0,0.0,0.0,0.0,0.0,0.0,0.0,0.4,6.4,6.2,0.4
002074,Alexander Smith,Alexander,Smith,SSDM,Defensive Midfield,30,4,OUT,Outlaws,2023-06-04,2026-08-16,1.0,0.0,0.0,0.0,0.0,1.0,2.0,1,1.0,0.0,0.0,0.0,0.0,0.0,28.0,7.0,11.0,0,4,4,0.0,0.0,7.0,4.0,3.0,144.0,135.0,0.0,0.5,0.0,,,,0.3333333333333333,0.0,0.03333333333333333,0.0,0.0,0.0,0.0,0.03333333333333333,0.06666666666666667,0.03333333333333333,0.03333333333333333,0.0,0.0,0.0,0.0,0.0,0.9333333333333333,0.23333333333333334,0.36666666666666664,0.0,0.13333333333333333,0.13333333333333333,0.0,0.0,0.23333333333333334,0.13333333333333333,0.1,4.8,4.5,0.1
003003,Sean Lulley,Sean,Lulley,M,Midfield,1,1,WHP,Whipsnakes,2023-06-04,2023-06-04,0.0,0.0,0.0,0.0,0.0,0.0,5.0,4,0.0,0.0,0.0,0.0,0.0,0.0,2.0,2.0,0.0,0,0,0,0.0,0.0,0.0,0.0,5.0,31.0,24.0,0.0,0.8,,,,,0.0,,0.0,0.0,0.0,0.0,0.0,0.0,5.0,4.0,0.0,0.0,0.0,0.0,0.0,0.0,2.0,2.0,0.0,0.0,0.0,0.0,0.0,0.0,0.0,0.0,5.0,31.0,24.0,5.0
003004,Mike Sisselberger,Mike,Sisselberger,FO,Faceoff,41,4,ARC,Archers,2023-06-03,2026-08-08,11.0,7.0,7.0,0.0,7.0,4.0,37.0,18,2.0,0.0,0.0,0.0,0.0,0.0,365.0,61.0,3.0,558,393,962,0.0,0.0,2.0,2.5,10.0,329.0,231.0,0.1891891891891892,0.4864864864864865,0.58004158004158,,,,0.4,0.0,0.2682926829268293,0.17073170731707318,0.17073170731707318,0.0,0.17073170731707318,0.0975609756097561,0.9024390243902439,0.43902439024390244,0.04878048780487805,0.0,0.0,0.0,0.0,0.0,8.902439024390244,1.4878048780487805,0.07317073170731707,13.609756097560975,9.585365853658537,23.463414634146343,0.0,0.0,0.04878048780487805,0.06097560975609756,0.24390243902439024,8.024390243902438,5.634146341463414,0.24390243902439024
003005,Connor Maher,Connor,Maher,SSDM,Defensive Midfield,46,4,ARC,Archers,2023-06-03,2026-08-08,12.0,7.0,7.0,0.0,7.0,5.0,21.0,15,3.0,0.0,0.0,0.0,0.0,0.0,51.0,10.0,17.0,2,16,18,0.0,0.0,4.0,3.0,16.0,274.0,243.0,0.3333333333333333,0.7142857142857143,0.1111111111111111,,,,0.3125,0.0,0.2608695652173913,0.15217391304347827,0.15217391304347827,0.0,0.15217391304347827,0.10869565217391304,0.45652173913043476,0.32608695652173914,0.06521739130434782,0.0,0.0,0.0,0.0,0.0,1.108695652173913,0.21739130434782608,0.3695652173913043,0.043478260869565216,0.34782608695652173,0.391304347826087,0.0,0.0,0.08695652173913043,0.06521739130434782,0.34782608695652173,5.956521739130435,5.282608695652174,0.34782608695652173
003006,Piper Bond,Piper,Bond,SSDM,Defensive Midfield,46,4,ARC,Archers,2023-06-03,2026-08-08,15.0,9.0,7.0,1.0,8.0,6.0,30.0,19,4.0,0.0,0.0,0.0,0.0,0.0,78.0,29.0,21.0,2,16,18,0.0,0.0,19.0,12.0,25.0,475.0,416.0,0.26666666666666666,0.6333333333333333,0.1111111111111111,,,,0.24,0.25,0.32608695652173914,0.1956521739130435,0.15217391304347827,0.021739130434782608,0.17391304347826086,0.13043478260869565,0.6521739130434783,0.41304347826086957,0.08695652173913043,0.0,0.0,0.0,0.0,0.0,1.6956521739130435,0.6304347826086957,0.45652173913043476,0.043478260869565216,0.34782608695652173,0.391304347826087,0.0,0.0,0.41304347826086957,0.2608695652173913,0.5434782608695652,10.326086956521738,9.043478260869565,0.5434782608695652
003007,Cam Wyers,Cam,Wyers,D,Defense,37,4,ARC,Archers,2023-07-30,2026-08-08,6.0,3.0,3.0,0.0,3.0,3.0,12.0,6,5.0,0.0,0.0,0.0,0.0,0.0,44.0,12.0,19.0,0,1,1,0.0,0.0,12.0,11.5,7.0,116.0,92.0,0.25,0.5,0.0,,,,0.42857142857142855,0.0,0.16216216216216217,0.08108108108108109,0.08108108108108109,0.0,0.08108108108108109,0.08108108108108109,0.32432432432432434,0.16216216216216217,0.13513513513513514,0.0,0.0,0.0,0.0,0.0,1.1891891891891893,0.32432432432432434,0.5135135135135135,0.0,0.02702702702702703,0.02702702702702703,0.0,0.0,0.32432432432432434,0.3108108108108108,0.1891891891891892,3.135135135135135,2.4864864864864864,0.1891891891891892
003008,Gavin Adler,Gavin,Adler,D,Defense,42,4,ATL|WAT,Atlas|Waterdogs,2023-06-03,2026-08-16,2.0,1.0,1.0,0.0,1.0,1.0,2.0,1,1.0,0.0,0.0,0.0,0.0,0.0,49.0,9.0,55.0,0,0,0,0.0,0.0,2.0,1.0,1.0,239.0,228.0,0.5,0.5,,,,,1.0,0.0,0.047619047619047616,0.023809523809523808,0.023809523809523808,0.0,0.023809523809523808,0.023809523809523808,0.047619047619047616,0.023809523809523808,0.023809523809523808,0.0,0.0,0.0,0.0,0.0,1.1666666666666667,0.21428571428571427,1.3095238095238095,0.0,0.0,0.0,0.0,0.0,0.047619047619047616,0.023809523809523808,0.023809523809523808,5.690476190476191,5.428571428571429,0.023809523809523808
003009,Brett Makar,Brett,Makar,D,Defense,45,4,ATL,Atlas,2023-06-03,2026-08-15,15.0,7.0,1.0,3.0,4.0,8.0,24.0,10,18.0,0.0,0.0,0.0,0.0,0.0,149.0,25.0,50.0,0,0,0,0.0,0.0,7.0,5.5,16.0,430.0,381.0,0.16666666666666666,0.4166666666666667,,,,,0.5,0.16666666666666666,0.3333333333333333,0.15555555555555556,0.022222222222222223,0.06666666666666667,0.08888888888888889,0.17777777777777778,0.5333333333333333,0.2222222222222222,0.4,0.0,0.0,0.0,0.0,0.0,3.311111111111111,0.5555555555555556,1.1111111111111112,0.0,0.0,0.0,0.0,0.0,0.15555555555555556,0.12222222222222222,0.35555555555555557,9.555555555555555,8.466666666666667,0.35555555555555557
003010,Xander Dickson,Xander,Dickson,A,Attack,46,4,ATL,Atlas,2023-06-03,2026-08-15,108.0,90.0,90.0,0.0,90.0,18.0,235.0,165,2.0,0.0,0.0,0.0,0.0,0.0,86.0,58.0,16.0,0,0,0,0.0,0.0,10.0,6.0,77.0,870.0,577.0,0.3829787234042553,0.7021276595744681,,,,,0.23376623376623376,0.0,2.347826086956522,1.9565217391304348,1.9565217391304348,0.0,1.9565217391304348,0.391304347826087,5.108695652173913,3.5869565217391304,0.043478260869565216,0.0,0.0,0.0,0.0,0.0,1.8695652173913044,1.2608695652173914,0.34782608695652173,0.0,0.0,0.0,0.0,0.0,0.21739130434782608,0.13043478260869565,1.673913043478261,18.91304347826087,12.543478260869565,1.673913043478261
003011,Payton Rezanka,Payton,Rezanka,SSDM,Defensive Midfield,14,2,ATL,Atlas,2024-06-01,2025-06-14,2.0,2.0,2.0,0.0,2.0,0.0,6.0,4,0.0,0.0,0.0,0.0,0.0,0.0,6.0,1.0,6.0,0,2,2,0.0,0.0,3.0,2.0,2.0,52.0,45.0,0.3333333333333333,0.6666666666666666,0.0,,,,0.0,,0.14285714285714285,0.14285714285714285,0.14285714285714285,0.0,0.14285714285714285,0.0,0.42857142857142855,0.2857142857142857,0.0,0.0,0.0,0.0,0.0,0.0,0.42857142857142855,0.07142857142857142,0.42857142857142855,0.0,0.14285714285714285,0.14285714285714285,0.0,0.0,0.21428571428571427,0.14285714285714285,0.14285714285714285,3.7142857142857144,3.2142857142857144,0.14285714285714285
003013,Matt Campbell,Matt,Campbell,M,Midfield,37,4,CAN,Cannons,2023-06-03,2026-06-07,79.0,60.0,42.0,9.0,51.0,19.0,193.0,126,44.0,0.0,0.0,0.0,0.0,0.0,31.0,31.0,1.0,0,0,0,0.0,0.0,1.0,0.5,78.0,948.0,724.0,0.26424870466321243,0.6528497409326425,,,,,0.24358974358974358,0.20454545454545456,2.135135135135135,1.6216216216216217,1.135135135135135,0.24324324324324326,1.3783783783783783,0.5135135135135135,5.216216216216216,3.4054054054054053,1.1891891891891893,0.0,0.0,0.0,0.0,0.0,0.8378378378378378,0.8378378378378378,0.02702702702702703,0.0,0.0,0.0,0.0,0.0,0.02702702702702703,0.013513513513513514,2.108108108108108,25.62162162162162,19.56756756756757,2.108108108108108
003015,Will Bowen,Will,Bowen,D,Defense,22,2,CHA,Chaos,2023-06-04,2024-09-07,3.0,1.0,1.0,0.0,1.0,2.0,3.0,1,1.0,0.0,0.0,0.0,0.0,0.0,46.0,6.0,20.0,0,0,0,0.0,0.0,3.0,3.0,3.0,156.0,147.0,0.3333333333333333,0.3333333333333333,,,,,0.6666666666666666,0.0,0.13636363636363635,0.045454545454545456,0.045454545454545456,0.0,0.045454545454545456,0.09090909090909091,0.13636363636363635,0.045454545454545456,0.045454545454545456,0.0,0.0,0.0,0.0,0.0,2.090909090909091,0.2727272727272727,0.9090909090909091,0.0,0.0,0.0,0.0,0.0,0.13636363636363635,0.13636363636363635,0.13636363636363635,7.090909090909091,6.681818181818182,0.13636363636363635
003016,Brian Minicus,Brian,Minicus,M,Midfield,23,2,CHA,Chaos,2023-06-04,2024-09-07,37.0,22.0,22.0,0.0,22.0,15.0,99.0,58,1.0,0.0,0.0,0.0,0.0,0.0,31.0,39.0,2.0,0,0,0,0.0,0.0,1.0,1.0,73.0,566.0,428.0,0.2222222222222222,0.5858585858585859,,,,,0.2054794520547945,0.0,1.608695652173913,0.9565217391304348,0.9565217391304348,0.0,0.9565217391304348,0.6521739130434783,4.304347826086956,2.5217391304347827,0.043478260869565216,0.0,0.0,0.0,0.0,0.0,1.3478260869565217,1.6956521739130435,0.08695652173913043,0.0,0.0,0.0,0.0,0.0,0.043478260869565216,0.043478260869565216,3.1739130434782608,24.608695652173914,18.608695652173914,3.1739130434782608
003017,Tye Kurtz,Tye,Kurtz,A,Attack,17,3,CAN|CHA,Cannons|Chaos,2023-07-09,2026-06-19,30.0,23.0,21.0,1.0,22.0,7.0,69.0,47,2.0,0.0,0.0,0.0,0.0,0.0,24.0,20.0,3.0,0,0,0,0.0,0.0,1.0,0.5,26.0,351.0,262.0,0.3188405797101449,0.6811594202898551,,,,,0.2692307692307692,0.5,1.7647058823529411,1.3529411764705883,1.2352941176470589,0.058823529411764705,1.2941176470588236,0.4117647058823529,4.0588235294117645,2.764705882352941,0.11764705882352941,0.0,0.0,0.0,0.0,0.0,1.411764705882353,1.1764705882352942,0.17647058823529413,0.0,0.0,0.0,0.0,0.0,0.058823529411764705,0.029411764705882353,1.5294117647058822,20.647058823529413,15.411764705882353,1.5294117647058822
003018,Nick Rowlett,Nick,Rowlett,FO,Faceoff,24,4,CHA,Chaos,2023-06-04,2026-08-08,5.0,3.0,3.0,0.0,3.0,2.0,22.0,11,1.0,0.0,0.0,0.0,0.0,0.0,157.0,19.0,7.0,246,313,566,0.0,0.0,3.0,1.5,10.0,161.0,120.0,0.13636363636363635,0.5,0.43462897526501765,,,,0.2,0.0,0.20833333333333334,0.125,0.125,0.0,0.125,0.08333333333333333,0.9166666666666666,0.4583333333333333,0.041666666666666664,0.0,0.0,0.0,0.0,0.0,6.541666666666667,0.7916666666666666,0.2916666666666667,10.25,13.041666666666666,23.583333333333332,0.0,0.0,0.125,0.0625,0.4166666666666667,6.708333333333333,5.0,0.4166666666666667
003019,Sam Handley,Sam,Handley,M,Midfield,25,3,OUT|RED,Outlaws|Redwoods,2023-06-04,2025-07-12,39.0,27.0,19.0,4.0,23.0,12.0,117.0,72,26.0,0.0,0.0,0.0,0.0,0.0,13.0,32.0,1.0,0,0,0,0.0,0.0,1.0,0.5,49.0,486.0,337.0,0.19658119658119658,0.6153846153846154,,,,,0.24489795918367346,0.15384615384615385,1.56,1.08,0.76,0.16,0.92,0.48,4.68,2.88,1.04,0.0,0.0,0.0,0.0,0.0,0.52,1.28,0.04,0.0,0.0,0.0,0.0,0.0,0.04,0.02,1.96,19.44,13.48,1.96
003020,Troy Hettinger,Troy,Hettinger,LSM,Long Stick Midfield,6,2,ARC|OUT,Archers|Outlaws,2023-06-17,2024-06-15,0.0,0.0,0.0,0.0,0.0,0.0,1.0,0,0.0,0.0,0.0,0.0,0.0,0.0,10.0,0.0,1.0,1,17,18,0.0,0.0,0.0,0.0,1.0,16.0,15.0,0.0,0.0,0.05555555555555555,,,,0.0,,0.0,0.0,0.0,0.0,0.0,0.0,0.16666666666666666,0.0,0.0,0.0,0.0,0.0,0.0,0.0,1.6666666666666667,0.0,0.16666666666666666,0.16666666666666666,2.8333333333333335,3.0,0.0,0.0,0.0,0.0,0.16666666666666666,2.6666666666666665,2.5,0.16666666666666666
003021,Jack Myers,Jack,Myers,A,Attack,4,2,OUT|WHP,Outlaws|Whipsnakes,2023-07-09,2024-06-08,6.0,4.0,4.0,0.0,4.0,2.0,14.0,10,0.0,0.0,0.0,0.0,0.0,0.0,2.0,4.0,0.0,0,0,0,0.0,0.0,0.0,0.0,13.0,101.0,83.0,0.2857142857142857,0.7142857142857143,,,,,0.15384615384615385,,1.5,1.0,1.0,0.0,1.0,0.5,3.5,2.5,0.0,0.0,0.0,0.0,0.0,0.0,0.5,1.0,0.0,0.0,0.0,0.0,0.0,0.0,0.0,0.0,3.25,25.25,20.75,3.25
003022,Cross Ferrara,Cross,Ferrara,M,Midfield,25,3,CHA|OUT,Chaos|Outlaws,2023-06-04,2025-07-26,32.0,26.0,24.0,1.0,25.0,6.0,114.0,69,8.0,0.0,0.0,0.0,0.0,0.0,12.0,20.0,1.0,0,0,0,0.0,0.0,0.0,0.0,35.0,498.0,364.0,0.21929824561403508,0.6052631578947368,,,,,0.17142857142857143,0.125,1.28,1.04,0.96,0.04,1.0,0.24,4.56,2.76,0.32,0.0,0.0,0.0,0.0,0.0,0.48,0.8,0.04,0.0,0.0,0.0,0.0,0.0,0.0,0.0,1.4,19.92,14.56,1.4
003023,Owen Grant,Owen,Grant,LSM,Long Stick Midfield,27,3,CAN|RED,Cannons|Redwoods,2023-06-17,2026-08-09,10.0,7.0,3.0,2.0,5.0,3.0,29.0,18,19.0,0.0,0.0,0.0,0.0,0.0,37.0,7.0,26.0,0,4,4,0.0,0.0,7.0,6.0,7.0,177.0,141.0,0.1724137931034483,0.6206896551724138,0.0,,,,0.42857142857142855,0.10526315789473684,0.37037037037037035,0.25925925925925924,0.1111111111111111,0.07407407407407407,0.18518518518518517,0.1111111111111111,1.0740740740740742,0.6666666666666666,0.7037037037037037,0.0,0.0,0.0,0.0,0.0,1.3703703703703705,0.25925925925925924,0.9629629629629629,0.0,0.14814814814814814,0.14814814814814814,0.0,0.0,0.25925925925925924,0.2222222222222222,0.25925925925925924,6.555555555555555,5.222222222222222,0.25925925925925924
003024,Brian Tevlin,Brian,Tevlin,SSDM,Defensive Midfield,43,4,RED,Redwoods,2023-06-17,2026-08-16,21.0,12.0,12.0,0.0,12.0,9.0,55.0,27,11.0,0.0,0.0,0.0,0.0,0.0,98.0,20.0,40.0,4,17,21,0.0,0.0,11.0,7.5,25.0,468.0,393.0,0.21818181818181817,0.4909090909090909,0.19047619047619047,,,,0.36,0.0,0.4883720930232558,0.27906976744186046,0.27906976744186046,0.0,0.27906976744186046,0.20930232558139536,1.2790697674418605,0.627906976744186,0.2558139534883721,0.0,0.0,0.0,0.0,0.0,2.2790697674418605,0.46511627906976744,0.9302325581395349,0.09302325581395349,0.3953488372093023,0.4883720930232558,0.0,0.0,0.2558139534883721,0.1744186046511628,0.5813953488372093,10.883720930232558,9.13953488372093,0.5813953488372093
003025,Cole Kirst,Cole,Kirst,M,Midfield,17,3,RED,Redwoods,2023-06-10,2025-07-18,29.0,20.0,18.0,1.0,19.0,9.0,67.0,50,4.0,0.0,0.0,0.0,0.0,0.0,15.0,12.0,0.0,0,0,0,0.0,0.0,1.0,1.0,26.0,308.0,229.0,0.2835820895522388,0.746268656716418,,,,,0.34615384615384615,0.25,1.7058823529411764,1.1764705882352942,1.0588235294117647,0.058823529411764705,1.1176470588235294,0.5294117647058824,3.9411764705882355,2.9411764705882355,0.23529411764705882,0.0,0.0,0.0,0.0,0.0,0.8823529411764706,0.7058823529411765,0.0,0.0,0.0,0.0,0.0,0.0,0.058823529411764705,0.058823529411764705,1.5294117647058822,18.11764705882353,13.470588235294118,1.5294117647058822
003027,Thomas McConvey,Thomas,McConvey,M,Midfield,23,4,WAT,Waterdogs,2023-07-08,2026-06-07,26.0,20.0,20.0,0.0,20.0,6.0,59.0,40,1.0,0.0,0.0,0.0,0.0,0.0,16.0,10.0,5.0,0,0,0,0.0,0.0,0.0,0.0,29.0,352.0,283.0,0.3389830508474576,0.6779661016949152,,,,,0.20689655172413793,0.0,1.1304347826086956,0.8695652173913043,0.8695652173913043,0.0,0.8695652173913043,0.2608695652173913,2.5652173913043477,1.7391304347826086,0.043478260869565216,0.0,0.0,0.0,0.0,0.0,0.6956521739130435,0.43478260869565216,0.21739130434782608,0.0,0.0,0.0,0.0,0.0,0.0,0.0,1.2608695652173914,15.304347826086957,12.304347826086957,1.2608695652173914
003028,Alex Mazzone,Alex,Mazzone,LSM,Long Stick Midfield,20,3,WAT|WHP,Waterdogs|Whipsnakes,2023-06-04,2025-07-26,0.0,0.0,0.0,0.0,0.0,0.0,5.0,1,4.0,0.0,0.0,0.0,0.0,0.0,35.0,5.0,8.0,0,0,0,0.0,0.0,0.0,0.0,5.0,78.0,68.0,0.0,0.2,,,,,0.0,0.0,0.0,0.0,0.0,0.0,0.0,0.0,0.25,0.05,0.2,0.0,0.0,0.0,0.0,0.0,1.75,0.25,0.4,0.0,0.0,0.0,0.0,0.0,0.0,0.0,0.25,3.9,3.4,0.25
003029,Chris Fake,Chris,Fake,D,Defense,31,4,RED|WAT,Redwoods|Waterdogs,2023-06-16,2026-08-16,4.0,4.0,0.0,2.0,2.0,0.0,10.0,5,9.0,0.0,0.0,0.0,0.0,0.0,41.0,13.0,13.0,0,0,0,0.0,0.0,3.0,4.0,7.0,223.0,200.0,0.2,0.5,,,,,0.0,0.2222222222222222,0.12903225806451613,0.12903225806451613,0.0,0.06451612903225806,0.06451612903225806,0.0,0.3225806451612903,0.16129032258064516,0.2903225806451613,0.0,0.0,0.0,0.0,0.0,1.3225806451612903,0.41935483870967744,0.41935483870967744,0.0,0.0,0.0,0.0,0.0,0.0967741935483871,0.12903225806451613,0.22580645161290322,7.193548387096774,6.451612903225806,0.22580645161290322
003030,James Reilly,James,Reilly,FO,Faceoff,4,2,CHA|WAT,Chaos|Waterdogs,2023-06-10,2024-09-02,0.0,0.0,0.0,0.0,0.0,0.0,0.0,0,0.0,0.0,0.0,0.0,0.0,0.0,11.0,1.0,1.0,33,43,76,0.0,0.0,0.0,0.0,0.0,10.0,9.0,,,0.4342105263157895,,,,,,0.0,0.0,0.0,0.0,0.0,0.0,0.0,0.0,0.0,0.0,0.0,0.0,0.0,0.0,2.75,0.25,0.25,8.25,10.75,19.0,0.0,0.0,0.0,0.0,0.0,2.5,2.25,0.0
003031,Tucker Dordevic,Tucker,Dordevic,M,Midfield,15,2,WHP,Whipsnakes,2023-06-04,2024-08-04,39.0,37.0,21.0,8.0,29.0,2.0,96.0,63,19.0,0.0,0.0,0.0,0.0,0.0,17.0,11.0,0.0,0,0,0,0.0,0.0,0.0,0.0,14.0,338.0,231.0,0.3020833333333333,0.65625,,,,,0.14285714285714285,0.42105263157894735,2.6,2.466666666666667,1.4,0.5333333333333333,1.9333333333333333,0.13333333333333333,6.4,4.2,1.2666666666666666,0.0,0.0,0.0,0.0,0.0,1.1333333333333333,0.7333333333333333,0.0,0.0,0.0,0.0,0.0,0.0,0.0,0.0,0.9333333333333333,22.533333333333335,15.4,0.9333333333333333
003032,Petey LaSalla,Petey,LaSalla,FO,Faceoff,22,3,WHP,Whipsnakes,2023-06-04,2026-08-07,9.0,8.0,8.0,0.0,8.0,1.0,17.0,12,1.0,0.0,0.0,0.0,0.0,0.0,186.0,22.0,2.0,292,249,545,0.0,0.0,0.0,0.0,17.0,190.0,151.0,0.47058823529411764,0.7058823529411765,0.5357798165137615,,,,0.058823529411764705,0.0,0.4090909090909091,0.36363636363636365,0.36363636363636365,0.0,0.36363636363636365,0.045454545454545456,0.7727272727272727,0.5454545454545454,0.045454545454545456,0.0,0.0,0.0,0.0,0.0,8.454545454545455,1.0,0.09090909090909091,13.272727272727273,11.318181818181818,24.772727272727273,0.0,0.0,0.0,0.0,0.7727272727272727,8.636363636363637,6.863636363636363,0.7727272727272727
003033,Garrett Leadmon,Garrett,Leadmon,M,Midfield,8,2,WHP,Whipsnakes,2023-06-04,2024-06-16,5.0,4.0,2.0,1.0,3.0,1.0,25.0,14,5.0,0.0,0.0,0.0,0.0,0.0,4.0,9.0,0.0,0,0,0,0.0,0.0,0.0,0.0,12.0,110.0,76.0,0.12,0.56,,,,,0.08333333333333333,0.2,0.625,0.5,0.25,0.125,0.375,0.125,3.125,1.75,0.625,0.0,0.0,0.0,0.0,0.0,0.5,1.125,0.0,0.0,0.0,0.0,0.0,0.0,0.0,0.0,1.5,13.75,9.5,1.5
003039,Chet Comizio,Chet,Comizio,SSDM,Defensive Midfield,31,4,ATL,Atlas,2023-06-10,2026-05-09,6.0,4.0,4.0,0.0,4.0,2.0,16.0,10,1.0,0.0,0.0,0.0,0.0,0.0,41.0,10.0,11.0,0,4,4,0.0,0.0,9.0,5.0,6.0,231.0,205.0,0.25,0.625,0.0,,,,0.3333333333333333,0.0,0.1935483870967742,0.12903225806451613,0.12903225806451613,0.0,0.12903225806451613,0.06451612903225806,0.5161290322580645,0.3225806451612903,0.03225806451612903,0.0,0.0,0.0,0.0,0.0,1.3225806451612903,0.3225806451612903,0.3548387096774194,0.0,0.12903225806451613,0.12903225806451613,0.0,0.0,0.2903225806451613,0.16129032258064516,0.1935483870967742,7.451612903225806,6.612903225806452,0.1935483870967742
003041,Ethan Rall,Ethan,Rall,LSM,Long Stick Midfield,44,4,CAN,Cannons,2023-06-10,2026-08-09,6.0,5.0,5.0,0.0,5.0,1.0,21.0,15,9.0,0.0,0.0,0.0,0.0,0.0,133.0,13.0,59.0,10,118,129,0.0,0.0,3.0,2.5,10.0,202.0,168.0,0.23809523809523808,0.7142857142857143,0.07751937984496124,,,,0.1,0.0,0.13636363636363635,0.11363636363636363,0.11363636363636363,0.0,0.11363636363636363,0.022727272727272728,0.4772727272727273,0.3409090909090909,0.20454545454545456,0.0,0.0,0.0,0.0,0.0,3.022727272727273,0.29545454545454547,1.3409090909090908,0.22727272727272727,2.6818181818181817,2.9318181818181817,0.0,0.0,0.06818181818181818,0.056818181818181816,0.22727272727272727,4.590909090909091,3.8181818181818183,0.22727272727272727
003044,Tate Gallagher,Tate,Gallagher,,,1,1,WAT,Waterdogs,2026-05-17,2026-05-17,0.0,0.0,0.0,0.0,0.0,0.0,0.0,0,0.0,0.0,0.0,0.0,0.0,0.0,1.0,0.0,1.0,0,0,0,0.0,0.0,0.0,0.0,0.0,7.0,7.0,,,,,,,,,0.0,0.0,0.0,0.0,0.0,0.0,0.0,0.0,0.0,0.0,0.0,0.0,0.0,0.0,1.0,0.0,1.0,0.0,0.0,0.0,0.0,0.0,0.0,0.0,0.0,7.0,7.0,0.0
003045,Alex Simmons,Alex,Simmons,A,Attack,1,1,RED,Redwoods,2024-07-20,2024-07-20,0.0,0.0,0.0,0.0,0.0,0.0,1.0,0,0.0,0.0,0.0,0.0,0.0,0.0,1.0,1.0,0.0,0,0,0,0.0,0.0,0.0,0.0,0.0,14.0,12.0,0.0,0.0,,,,,,,0.0,0.0,0.0,0.0,0.0,0.0,1.0,0.0,0.0,0.0,0.0,0.0,0.0,0.0,1.0,1.0,0.0,0.0,0.0,0.0,0.0,0.0,0.0,0.0,0.0,14.0,12.0,0.0
003047,Evan Zinn,Evan,Zinn,,,1,1,CHA,Chaos,2023-06-04,2023-06-04,0.0,0.0,0.0,0.0,0.0,0.0,2.0,1,0.0,0.0,0.0,0.0,0.0,0.0,0.0,4.0,1.0,0,0,0,0.0,0.0,0.0,0.0,2.0,19.0,13.0,0.0,0.5,,,,,0.0,,0.0,0.0,0.0,0.0,0.0,0.0,2.0,1.0,0.0,0.0,0.0,0.0,0.0,0.0,0.0,4.0,1.0,0.0,0.0,0.0,0.0,0.0,0.0,0.0,2.0,19.0,13.0,2.0
003048,TJ Malone,TJ,Malone,A,Attack,36,3,WHP,Whipsnakes,2024-06-02,2026-08-16,117.0,68.0,66.0,1.0,67.0,49.0,242.0,163,8.0,0.0,0.0,0.0,0.0,0.0,63.0,59.0,6.0,0,0,0,0.0,0.0,2.0,1.0,124.0,1127.0,826.0,0.2768595041322314,0.6735537190082644,,,,,0.3951612903225806,0.125,3.25,1.8888888888888888,1.8333333333333333,0.027777777777777776,1.8611111111111112,1.3611111111111112,6.722222222222222,4.527777777777778,0.2222222222222222,0.0,0.0,0.0,0.0,0.0,1.75,1.6388888888888888,0.16666666666666666,0.0,0.0,0.0,0.0,0.0,0.05555555555555555,0.027777777777777776,3.4444444444444446,31.305555555555557,22.944444444444443,3.4444444444444446
003049,John Geppert,John,Geppert,LSM,Long Stick Midfield,4,1,ATL,Atlas,2023-08-12,2023-09-04,0.0,0.0,0.0,0.0,0.0,0.0,1.0,1,1.0,0.0,0.0,0.0,0.0,0.0,7.0,2.0,4.0,0,1,1,0.0,0.0,0.0,0.0,0.0,16.0,13.0,0.0,1.0,0.0,,,,,0.0,0.0,0.0,0.0,0.0,0.0,0.0,0.25,0.25,0.25,0.0,0.0,0.0,0.0,0.0,1.75,0.5,1.0,0.0,0.25,0.25,0.0,0.0,0.0,0.0,0.0,4.0,3.25,0.0
003052,Kyle Borda,Kyle,Borda,M,Midfield,2,1,WAT,Waterdogs,2023-06-10,2023-06-16,0.0,0.0,0.0,0.0,0.0,0.0,3.0,3,0.0,0.0,0.0,0.0,0.0,0.0,0.0,0.0,0.0,0,0,0,0.0,0.0,0.0,0.0,1.0,13.0,10.0,0.0,1.0,,,,,0.0,,0.0,0.0,0.0,0.0,0.0,0.0,1.5,1.5,0.0,0.0,0.0,0.0,0.0,0.0,0.0,0.0,0.0,0.0,0.0,0.0,0.0,0.0,0.0,0.0,0.5,6.5,5.0,0.5
003054,Jeff Conner,Jeff,Conner,M,Midfield,5,1,WAT,Waterdogs,2023-06-16,2023-08-26,4.0,2.0,2.0,0.0,2.0,2.0,4.0,3,0.0,0.0,0.0,0.0,0.0,0.0,1.0,0.0,0.0,0,0,0,0.0,0.0,0.0,0.0,7.0,34.0,30.0,0.5,0.75,,,,,0.2857142857142857,,0.8,0.4,0.4,0.0,0.4,0.4,0.8,0.6,0.0,0.0,0.0,0.0,0.0,0.0,0.2,0.0,0.0,0.0,0.0,0.0,0.0,0.0,0.0,0.0,1.4,6.8,6.0,1.4
003056,Grayson Sallade,Grayson,Sallade,SSDM,Defensive Midfield,1,1,WHP,Whipsnakes,2023-06-10,2023-06-10,0.0,0.0,0.0,0.0,0.0,0.0,0.0,0,0.0,0.0,0.0,0.0,0.0,0.0,2.0,0.0,0.0,0,0,0,0.0,0.0,0.0,0.0,1.0,5.0,5.0,,,,,,,0.0,,0.0,0.0,0.0,0.0,0.0,0.0,0.0,0.0,0.0,0.0,0.0,0.0,0.0,0.0,2.0,0.0,0.0,0.0,0.0,0.0,0.0,0.0,0.0,0.0,1.0,5.0,5.0,1.0
003059,BJ Farrare,BJ,Farrare,LSM,Long Stick Midfield,25,3,RED,Redwoods,2024-08-10,2026-08-16,2.0,0.0,0.0,0.0,0.0,2.0,3.0,0,1.0,0.0,0.0,0.0,0.0,0.0,31.0,4.0,17.0,0,1,1,0.0,0.0,4.0,3.5,6.0,99.0,92.0,0.0,0.0,0.0,,,,0.3333333333333333,0.0,0.08,0.0,0.0,0.0,0.0,0.08,0.12,0.0,0.04,0.0,0.0,0.0,0.0,0.0,1.24,0.16,0.68,0.0,0.04,0.04,0.0,0.0,0.16,0.14,0.24,3.96,3.68,0.24
003066,Jakob Patterson,Jakob,Patterson,,,1,1,CHA,Chaos,2023-06-04,2023-06-04,0.0,0.0,0.0,0.0,0.0,0.0,3.0,2,0.0,0.0,0.0,0.0,0.0,0.0,0.0,0.0,0.0,0,0,0,0.0,0.0,0.0,0.0,0.0,6.0,3.0,0.0,0.6666666666666666,,,,,,,0.0,0.0,0.0,0.0,0.0,0.0,3.0,2.0,0.0,0.0,0.0,0.0,0.0,0.0,0.0,0.0,0.0,0.0,0.0,0.0,0.0,0.0,0.0,0.0,0.0,6.0,3.0,0.0
003068,Dylan Gergar,Dylan,Gergar,M,Midfield,2,1,OUT,Outlaws,2024-06-29,2024-07-06,2.0,2.0,2.0,0.0,2.0,0.0,12.0,6,2.0,0.0,0.0,0.0,0.0,0.0,3.0,1.0,1.0,0,0,0,0.0,0.0,0.0,0.0,0.0,26.0,13.0,0.16666666666666666,0.5,,,,,,0.0,1.0,1.0,1.0,0.0,1.0,0.0,6.0,3.0,1.0,0.0,0.0,0.0,0.0,0.0,1.5,0.5,0.5,0.0,0.0,0.0,0.0,0.0,0.0,0.0,0.0,13.0,6.5,0.0
003069,Ricky Miezan,Ricky,Miezan,SSDM,Defensive Midfield,4,1,RED,Redwoods,2024-07-05,2024-07-28,0.0,0.0,0.0,0.0,0.0,0.0,2.0,1,1.0,0.0,0.0,0.0,0.0,0.0,2.0,0.0,2.0,0,0,0,0.0,0.0,0.0,0.0,0.0,9.0,7.0,0.0,0.5,,,,,,0.0,0.0,0.0,0.0,0.0,0.0,0.0,0.5,0.25,0.25,0.0,0.0,0.0,0.0,0.0,0.5,0.0,0.5,0.0,0.0,0.0,0.0,0.0,0.0,0.0,0.0,2.25,1.75,0.0
003070,Ronan Jacoby,Ronan,Jacoby,M,Midfield,6,1,ATL,Atlas,2024-06-01,2024-08-10,5.0,2.0,2.0,0.0,2.0,3.0,16.0,12,3.0,0.0,0.0,0.0,0.0,0.0,4.0,1.0,1.0,0,0,0,0.0,0.0,0.0,0.0,6.0,100.0,83.0,0.125,0.75,,,,,0.5,0.0,0.8333333333333334,0.3333333333333333,0.3333333333333333,0.0,0.3333333333333333,0.5,2.6666666666666665,2.0,0.5,0.0,0.0,0.0,0.0,0.0,0.6666666666666666,0.16666666666666666,0.16666666666666666,0.0,0.0,0.0,0.0,0.0,0.0,0.0,1.0,16.666666666666668,13.833333333333334,1.0
003072,Kevin Winkoff,Kevin,Winkoff,M,Midfield,3,1,WHP,Whipsnakes,2024-06-16,2024-07-06,4.0,1.0,1.0,0.0,1.0,3.0,11.0,5,2.0,0.0,0.0,0.0,0.0,0.0,2.0,5.0,1.0,0,0,0,0.0,0.0,0.0,0.0,8.0,44.0,28.0,0.09090909090909091,0.45454545454545453,,,,,0.375,0.0,1.3333333333333333,0.3333333333333333,0.3333333333333333,0.0,0.3333333333333333,1.0,3.6666666666666665,1.6666666666666667,0.6666666666666666,0.0,0.0,0.0,0.0,0.0,0.6666666666666666,1.6666666666666667,0.3333333333333333,0.0,0.0,0.0,0.0,0.0,0.0,0.0,2.6666666666666665,14.666666666666666,9.333333333333334,2.6666666666666665
003073,Ron John,Ron,John,SSDM,Defensive Midfield,1,1,RED,Redwoods,2024-06-29,2024-06-29,0.0,0.0,0.0,0.0,0.0,0.0,0.0,0,0.0,0.0,0.0,0.0,0.0,0.0,1.0,0.0,0.0,0,0,0,0.0,0.0,0.0,0.0,0.0,2.0,2.0,,,,,,,,,0.0,0.0,0.0,0.0,0.0,0.0,0.0,0.0,0.0,0.0,0.0,0.0,0.0,0.0,1.0,0.0,0.0,0.0,0.0,0.0,0.0,0.0,0.0,0.0,0.0,2.0,2.0,0.0
003075,Brennan O'Neill,Brennan,O'Neill,A,Attack,34,3,OUT,Outlaws,2024-06-02,2026-08-16,109.0,73.0,55.0,9.0,64.0,36.0,286.0,161,40.0,0.0,0.0,0.0,0.0,0.0,46.0,57.0,1.0,0,0,0,0.0,0.0,0.0,0.0,106.0,1154.0,811.0,0.22377622377622378,0.5629370629370629,,,,,0.33962264150943394,0.225,3.2058823529411766,2.1470588235294117,1.6176470588235294,0.2647058823529412,1.8823529411764706,1.0588235294117647,8.411764705882353,4.735294117647059,1.1764705882352942,0.0,0.0,0.0,0.0,0.0,1.3529411764705883,1.6764705882352942,0.029411764705882353,0.0,0.0,0.0,0.0,0.0,0.0,0.0,3.1176470588235294,33.94117647058823,23.852941176470587,3.1176470588235294
003076,Connor Shellenberger,Connor,Shellenberger,A,Attack,31,3,ATL,Atlas,2024-06-01,2026-08-15,108.0,51.0,51.0,0.0,51.0,57.0,129.0,97,2.0,0.0,0.0,0.0,0.0,0.0,49.0,42.0,3.0,0,0,0,0.0,0.0,2.0,2.0,168.0,1036.0,865.0,0.3953488372093023,0.751937984496124,,,,,0.3392857142857143,0.0,3.4838709677419355,1.6451612903225807,1.6451612903225807,0.0,1.6451612903225807,1.8387096774193548,4.161290322580645,3.129032258064516,0.06451612903225806,0.0,0.0,0.0,0.0,0.0,1.5806451612903225,1.3548387096774193,0.0967741935483871,0.0,0.0,0.0,0.0,0.0,0.06451612903225806,0.06451612903225806,5.419354838709677,33.41935483870968,27.903225806451612,5.419354838709677
003077,Ajax Zappitello,Ajax,Zappitello,D,Defense,36,3,WHP,Whipsnakes,2024-06-02,2026-08-16,6.0,4.0,2.0,1.0,3.0,2.0,14.0,8,4.0,0.0,0.0,0.0,0.0,0.0,81.0,17.0,55.0,0,0,0,0.0,0.0,3.0,1.5,7.0,339.0,308.0,0.21428571428571427,0.5714285714285714,,,,,0.2857142857142857,0.25,0.16666666666666666,0.1111111111111111,0.05555555555555555,0.027777777777777776,0.08333333333333333,0.05555555555555555,0.3888888888888889,0.2222222222222222,0.1111111111111111,0.0,0.0,0.0,0.0,0.0,2.25,0.4722222222222222,1.5277777777777777,0.0,0.0,0.0,0.0,0.0,0.08333333333333333,0.041666666666666664,0.19444444444444445,9.416666666666666,8.555555555555555,0.19444444444444445
003078,Shane Knobloch,Shane,Knobloch,M,Midfield,29,3,CHA,Chaos,2024-06-02,2026-08-08,46.0,36.0,32.0,2.0,34.0,10.0,157.0,95,15.0,0.0,0.0,0.0,0.0,0.0,23.0,41.0,2.0,0,1,1,0.0,0.0,2.0,1.0,49.0,659.0,461.0,0.21656050955414013,0.6050955414012739,0.0,,,,0.20408163265306123,0.13333333333333333,1.5862068965517242,1.2413793103448276,1.103448275862069,0.06896551724137931,1.1724137931034482,0.3448275862068966,5.413793103448276,3.2758620689655173,0.5172413793103449,0.0,0.0,0.0,0.0,0.0,0.7931034482758621,1.4137931034482758,0.06896551724137931,0.0,0.034482758620689655,0.034482758620689655,0.0,0.0,0.06896551724137931,0.034482758620689655,1.6896551724137931,22.724137931034484,15.89655172413793,1.6896551724137931
003079,Liam Entenmann,Liam,Entenmann,G,Goalie,31,3,ATL,Atlas,2024-06-28,2026-08-15,1.0,0.0,0.0,0.0,0.0,1.0,5.0,0,5.0,404.0,157.0,247.0,383.0,398.4158650175166,68.0,11.0,4.0,0,0,0,358.0,25.0,0.0,0.0,2.0,541.0,525.0,0.0,0.0,,0.5301837270341208,38.86138613861386,0.20603674540682415,0.5,0.0,0.03225806451612903,0.0,0.0,0.0,0.0,0.03225806451612903,0.16129032258064516,0.0,0.16129032258064516,13.03225806451613,5.064516129032258,7.967741935483871,12.35483870967742,12.852124677984406,2.193548387096774,0.3548387096774194,0.12903225806451613,0.0,0.0,0.0,11.548387096774194,0.8064516129032258,0.0,0.0,0.06451612903225806,17.451612903225808,16.93548387096774,0.06451612903225806
003080,Pat Kavanagh,Pat,Kavanagh,A,Attack,25,3,CAN|OUT,Cannons|Outlaws,2024-06-01,2026-07-26,77.0,46.0,44.0,1.0,45.0,31.0,173.0,118,9.0,0.0,0.0,0.0,0.0,0.0,38.0,43.0,6.0,0,0,0,0.0,0.0,9.0,7.0,102.0,910.0,694.0,0.26011560693641617,0.6820809248554913,,,,,0.30392156862745096,0.1111111111111111,3.08,1.84,1.76,0.04,1.8,1.24,6.92,4.72,0.36,0.0,0.0,0.0,0.0,0.0,1.52,1.72,0.24,0.0,0.0,0.0,0.0,0.0,0.36,0.28,4.08,36.4,27.76,4.08
003081,Matt Brandau,Matt,Brandau,M,Midfield,28,3,WAT|WHP,Waterdogs|Whipsnakes,2024-06-01,2026-08-16,47.0,36.0,36.0,0.0,36.0,11.0,136.0,96,4.0,0.0,0.0,0.0,0.0,0.0,34.0,28.0,2.0,0,0,0,0.0,0.0,2.0,1.0,38.0,642.0,478.0,0.2647058823529412,0.7058823529411765,,,,,0.2894736842105263,0.0,1.6785714285714286,1.2857142857142858,1.2857142857142858,0.0,1.2857142857142858,0.39285714285714285,4.857142857142857,3.4285714285714284,0.14285714285714285,0.0,0.0,0.0,0.0,0.0,1.2142857142857142,1.0,0.07142857142857142,0.0,0.0,0.0,0.0,0.0,0.07142857142857142,0.03571428571428571,1.3571428571428572,22.928571428571427,17.071428571428573,1.3571428571428572
003082,Mason Woodward,Mason,Woodward,D,Defense,34,3,ARC,Archers,2024-06-01,2026-08-08,15.0,13.0,3.0,5.0,8.0,2.0,39.0,20,34.0,0.0,0.0,0.0,0.0,0.0,75.0,8.0,28.0,0,0,0,0.0,0.0,6.0,5.5,15.0,319.0,272.0,0.20512820512820512,0.5128205128205128,,,,,0.13333333333333333,0.14705882352941177,0.4411764705882353,0.38235294117647056,0.08823529411764706,0.14705882352941177,0.23529411764705882,0.058823529411764705,1.1470588235294117,0.5882352941176471,1.0,0.0,0.0,0.0,0.0,0.0,2.2058823529411766,0.23529411764705882,0.8235294117647058,0.0,0.0,0.0,0.0,0.0,0.17647058823529413,0.16176470588235295,0.4411764705882353,9.382352941176471,8.0,0.4411764705882353
003083,Jake Piseno,Jake,Piseno,LSM,Long Stick Midfield,35,3,OUT,Outlaws,2024-06-02,2026-08-16,24.0,15.0,5.0,5.0,10.0,9.0,46.0,26,32.0,0.0,0.0,0.0,0.0,0.0,108.0,17.0,36.0,0,0,0,0.0,0.0,2.0,2.0,22.0,298.0,235.0,0.21739130434782608,0.5652173913043478,,,,,0.4090909090909091,0.15625,0.6857142857142857,0.42857142857142855,0.14285714285714285,0.14285714285714285,0.2857142857142857,0.2571428571428571,1.3142857142857143,0.7428571428571429,0.9142857142857143,0.0,0.0,0.0,0.0,0.0,3.085714285714286,0.4857142857142857,1.0285714285714285,0.0,0.0,0.0,0.0,0.0,0.05714285714285714,0.05714285714285714,0.6285714285714286,8.514285714285714,6.714285714285714,0.6285714285714286
003084,Jake Stevens,Jake,Stevens,M,Midfield,26,3,ATL,Atlas,2024-06-28,2026-08-15,22.0,19.0,19.0,0.0,19.0,3.0,79.0,49,3.0,0.0,0.0,0.0,0.0,0.0,23.0,30.0,2.0,0,0,0,0.0,0.0,3.0,2.0,15.0,313.0,204.0,0.24050632911392406,0.620253164556962,,,,,0.2,0.0,0.8461538461538461,0.7307692307692307,0.7307692307692307,0.0,0.7307692307692307,0.11538461538461539,3.0384615384615383,1.8846153846153846,0.11538461538461539,0.0,0.0,0.0,0.0,0.0,0.8846153846153846,1.1538461538461537,0.07692307692307693,0.0,0.0,0.0,0.0,0.0,0.11538461538461539,0.07692307692307693,0.5769230769230769,12.038461538461538,7.846153846153846,0.5769230769230769
003085,Graham Bundy,Graham,Bundy,M,Midfield,35,3,OUT,Outlaws,2024-06-02,2026-08-16,51.0,44.0,18.0,13.0,31.0,7.0,162.0,94,71.0,0.0,0.0,0.0,0.0,0.0,19.0,24.0,2.0,0,0,0,0.0,0.0,4.0,2.5,32.0,773.0,587.0,0.19135802469135801,0.5802469135802469,,,,,0.21875,0.18309859154929578,1.457142857142857,1.2571428571428571,0.5142857142857142,0.37142857142857144,0.8857142857142857,0.2,4.628571428571429,2.6857142857142855,2.0285714285714285,0.0,0.0,0.0,0.0,0.0,0.5428571428571428,0.6857142857142857,0.05714285714285714,0.0,0.0,0.0,0.0,0.0,0.11428571428571428,0.07142857142857142,0.9142857142857143,22.085714285714285,16.771428571428572,0.9142857142857143
003086,Eric Dobson,Eric,Dobson,M,Midfield,9,2,CHA,Chaos,2024-06-15,2025-06-07,5.0,5.0,5.0,0.0,5.0,0.0,26.0,15,6.0,0.0,0.0,0.0,0.0,0.0,4.0,16.0,1.0,0,0,0,0.0,0.0,0.0,0.0,6.0,153.0,111.0,0.19230769230769232,0.5769230769230769,,,,,0.0,0.0,0.5555555555555556,0.5555555555555556,0.5555555555555556,0.0,0.5555555555555556,0.0,2.888888888888889,1.6666666666666667,0.6666666666666666,0.0,0.0,0.0,0.0,0.0,0.4444444444444444,1.7777777777777777,0.1111111111111111,0.0,0.0,0.0,0.0,0.0,0.0,0.0,0.6666666666666666,17.0,12.333333333333334,0.6666666666666666
003087,Beau Pederson,Beau,Pederson,SSDM,Defensive Midfield,34,3,ARC,Archers,2024-06-01,2026-08-08,14.0,10.0,8.0,1.0,9.0,4.0,19.0,12,6.0,0.0,0.0,0.0,0.0,0.0,43.0,15.0,16.0,7,32,41,0.0,0.0,10.0,7.5,12.0,234.0,200.0,0.47368421052631576,0.631578947368421,0.17073170731707318,,,,0.3333333333333333,0.16666666666666666,0.4117647058823529,0.29411764705882354,0.23529411764705882,0.029411764705882353,0.2647058823529412,0.11764705882352941,0.5588235294117647,0.35294117647058826,0.17647058823529413,0.0,0.0,0.0,0.0,0.0,1.2647058823529411,0.4411764705882353,0.47058823529411764,0.20588235294117646,0.9411764705882353,1.2058823529411764,0.0,0.0,0.29411764705882354,0.22058823529411764,0.35294117647058826,6.882352941176471,5.882352941176471,0.35294117647058826
003088,Alexander Vardaro,Alexander,Vardaro,M,Midfield,12,2,CAN,Cannons,2024-06-08,2025-07-11,13.0,10.0,10.0,0.0,10.0,3.0,39.0,22,3.0,0.0,0.0,0.0,0.0,0.0,4.0,9.0,0.0,0,0,0,0.0,0.0,0.0,0.0,20.0,173.0,125.0,0.2564102564102564,0.5641025641025641,,,,,0.15,0.0,1.0833333333333333,0.8333333333333334,0.8333333333333334,0.0,0.8333333333333334,0.25,3.25,1.8333333333333333,0.25,0.0,0.0,0.0,0.0,0.0,0.3333333333333333,0.75,0.0,0.0,0.0,0.0,0.0,0.0,0.0,0.0,1.6666666666666667,14.416666666666666,10.416666666666666,1.6666666666666667
003089,Kenny Brower,Kenny,Brower,D,Defense,22,2,WAT,Waterdogs,2025-06-07,2026-08-16,1.0,0.0,0.0,0.0,0.0,1.0,3.0,2,2.0,0.0,0.0,0.0,0.0,0.0,34.0,2.0,25.0,0,0,0,0.0,0.0,11.0,10.5,1.0,121.0,116.0,0.0,0.6666666666666666,,,,,1.0,0.0,0.045454545454545456,0.0,0.0,0.0,0.0,0.045454545454545456,0.13636363636363635,0.09090909090909091,0.09090909090909091,0.0,0.0,0.0,0.0,0.0,1.5454545454545454,0.09090909090909091,1.1363636363636365,0.0,0.0,0.0,0.0,0.0,0.5,0.4772727272727273,0.045454545454545456,5.5,5.2727272727272725,0.045454545454545456
003090,Dyson Williams,Dyson,Williams,M,Midfield,18,3,ARC,Archers,2024-07-06,2026-05-09,20.0,19.0,19.0,0.0,19.0,1.0,47.0,36,1.0,0.0,0.0,0.0,0.0,0.0,8.0,9.0,0.0,0,0,0,0.0,0.0,0.0,0.0,4.0,120.0,64.0,0.40425531914893614,0.7659574468085106,,,,,0.25,0.0,1.1111111111111112,1.0555555555555556,1.0555555555555556,0.0,1.0555555555555556,0.05555555555555555,2.611111111111111,2.0,0.05555555555555555,0.0,0.0,0.0,0.0,0.0,0.4444444444444444,0.5,0.0,0.0,0.0,0.0,0.0,0.0,0.0,0.0,0.2222222222222222,6.666666666666667,3.5555555555555554,0.2222222222222222
003091,Garrett Degnon,Garrett,Degnon,M,Midfield,9,3,CHA|RED|WHP,Chaos|Redwoods|Whipsnakes,2024-06-07,2026-08-07,12.0,9.0,7.0,1.0,8.0,3.0,37.0,20,10.0,0.0,0.0,0.0,0.0,0.0,9.0,6.0,0.0,0,0,0,0.0,0.0,2.0,1.5,7.0,161.0,118.0,0.21621621621621623,0.5405405405405406,,,,,0.42857142857142855,0.1,1.3333333333333333,1.0,0.7777777777777778,0.1111111111111111,0.8888888888888888,0.3333333333333333,4.111111111111111,2.2222222222222223,1.1111111111111112,0.0,0.0,0.0,0.0,0.0,1.0,0.6666666666666666,0.0,0.0,0.0,0.0,0.0,0.0,0.2222222222222222,0.16666666666666666,0.7777777777777778,17.88888888888889,13.11111111111111,0.7777777777777778
003092,Josh Zawada,Josh,Zawada,M,Midfield,20,2,CHA|OUT,Chaos|Outlaws,2024-06-02,2025-08-24,30.0,15.0,15.0,0.0,15.0,15.0,73.0,48,1.0,0.0,0.0,0.0,0.0,0.0,23.0,29.0,1.0,0,0,0,0.0,0.0,2.0,1.5,63.0,650.0,548.0,0.2054794520547945,0.6575342465753424,,,,,0.23809523809523808,0.0,1.5,0.75,0.75,0.0,0.75,0.75,3.65,2.4,0.05,0.0,0.0,0.0,0.0,0.0,1.15,1.45,0.05,0.0,0.0,0.0,0.0,0.0,0.1,0.075,3.15,32.5,27.4,3.15
003093,Ross Scott,Ross,Scott,M,Midfield,35,3,CHA,Chaos,2024-06-02,2026-08-08,62.0,44.0,44.0,0.0,44.0,18.0,138.0,86,1.0,0.0,0.0,0.0,0.0,0.0,27.0,47.0,2.0,0,0,0,0.0,0.0,3.0,1.5,79.0,820.0,635.0,0.3188405797101449,0.6231884057971014,,,,,0.22784810126582278,0.0,1.7714285714285714,1.2571428571428571,1.2571428571428571,0.0,1.2571428571428571,0.5142857142857142,3.942857142857143,2.4571428571428573,0.02857142857142857,0.0,0.0,0.0,0.0,0.0,0.7714285714285715,1.3428571428571427,0.05714285714285714,0.0,0.0,0.0,0.0,0.0,0.08571428571428572,0.04285714285714286,2.257142857142857,23.428571428571427,18.142857142857142,2.257142857142857
003094,Levi Anderson,Levi,Anderson,M,Midfield,28,3,ATL|WHP,Atlas|Whipsnakes,2024-06-28,2026-08-02,39.0,32.0,28.0,2.0,30.0,7.0,108.0,67,4.0,0.0,0.0,0.0,0.0,0.0,18.0,26.0,3.0,0,0,0,0.0,0.0,2.0,1.0,41.0,404.0,270.0,0.2777777777777778,0.6203703703703703,,,,,0.17073170731707318,0.5,1.3928571428571428,1.1428571428571428,1.0,0.07142857142857142,1.0714285714285714,0.25,3.857142857142857,2.392857142857143,0.14285714285714285,0.0,0.0,0.0,0.0,0.0,0.6428571428571429,0.9285714285714286,0.10714285714285714,0.0,0.0,0.0,0.0,0.0,0.07142857142857142,0.03571428571428571,1.4642857142857142,14.428571428571429,9.642857142857142,1.4642857142857142
003095,Stephen Zupicich,Stephen,Zupicich,LSM,Long Stick Midfield,3,1,WHP,Whipsnakes,2024-06-02,2024-06-28,1.0,0.0,0.0,0.0,0.0,1.0,1.0,0,1.0,0.0,0.0,0.0,0.0,0.0,2.0,1.0,0.0,0,0,0,0.0,0.0,0.0,0.0,1.0,7.0,5.0,0.0,0.0,,,,,1.0,0.0,0.3333333333333333,0.0,0.0,0.0,0.0,0.3333333333333333,0.3333333333333333,0.0,0.3333333333333333,0.0,0.0,0.0,0.0,0.0,0.6666666666666666,0.3333333333333333,0.0,0.0,0.0,0.0,0.0,0.0,0.0,0.0,0.3333333333333333,2.3333333333333335,1.6666666666666667,0.3333333333333333
003096,Marcus Hudgins,Marcus,Hudgins,D,Defense,28,3,WAT,Waterdogs,2024-06-15,2026-08-16,2.0,0.0,0.0,0.0,0.0,2.0,3.0,2,1.0,0.0,0.0,0.0,0.0,0.0,55.0,10.0,29.0,0,0,0,0.0,0.0,1.0,0.5,4.0,140.0,127.0,0.0,0.6666666666666666,,,,,0.5,0.0,0.07142857142857142,0.0,0.0,0.0,0.0,0.07142857142857142,0.10714285714285714,0.07142857142857142,0.03571428571428571,0.0,0.0,0.0,0.0,0.0,1.9642857142857142,0.35714285714285715,1.0357142857142858,0.0,0.0,0.0,0.0,0.0,0.03571428571428571,0.017857142857142856,0.14285714285714285,5.0,4.535714285714286,0.14285714285714285
003097,Colby Barsz,Colby,Barsz,D,Defense,3,1,ARC,Archers,2024-06-08,2024-09-07,0.0,0.0,0.0,0.0,0.0,0.0,1.0,0,0.0,0.0,0.0,0.0,0.0,0.0,5.0,3.0,1.0,0,0,0,0.0,0.0,0.0,0.0,0.0,9.0,5.0,0.0,0.0,,,,,,,0.0,0.0,0.0,0.0,0.0,0.0,0.3333333333333333,0.0,0.0,0.0,0.0,0.0,0.0,0.0,1.6666666666666667,1.0,0.3333333333333333,0.0,0.0,0.0,0.0,0.0,0.0,0.0,0.0,3.0,1.6666666666666667,0.0
003098,Luke Wierman,Luke,Wierman,FO,Faceoff,35,3,OUT,Outlaws,2024-06-02,2026-08-16,16.0,10.0,10.0,0.0,10.0,6.0,53.0,26,11.0,0.0,0.0,0.0,0.0,0.0,227.0,27.0,11.0,433,417,857,0.0,0.0,4.0,2.5,12.0,272.0,192.0,0.18867924528301888,0.49056603773584906,0.5052508751458576,,,,0.5,0.0,0.45714285714285713,0.2857142857142857,0.2857142857142857,0.0,0.2857142857142857,0.17142857142857143,1.5142857142857142,0.7428571428571429,0.3142857142857143,0.0,0.0,0.0,0.0,0.0,6.485714285714286,0.7714285714285715,0.3142857142857143,12.371428571428572,11.914285714285715,24.485714285714284,0.0,0.0,0.11428571428571428,0.07142857142857142,0.34285714285714286,7.771428571428571,5.485714285714286,0.34285714285714286
003099,Tyler Carpenter,Tyler,Carpenter,LSM,Long Stick Midfield,35,3,ATL,Atlas,2024-06-01,2026-08-15,10.0,8.0,4.0,2.0,6.0,2.0,17.0,12,9.0,0.0,0.0,0.0,0.0,0.0,102.0,13.0,21.0,0,0,0,0.0,0.0,1.0,1.0,10.0,249.0,219.0,0.35294117647058826,0.7058823529411765,,,,,0.2,0.2222222222222222,0.2857142857142857,0.22857142857142856,0.11428571428571428,0.05714285714285714,0.17142857142857143,0.05714285714285714,0.4857142857142857,0.34285714285714286,0.2571428571428571,0.0,0.0,0.0,0.0,0.0,2.914285714285714,0.37142857142857144,0.6,0.0,0.0,0.0,0.0,0.0,0.02857142857142857,0.02857142857142857,0.2857142857142857,7.114285714285714,6.257142857142857,0.2857142857142857
003100,Adam Poitras,Adam,Poitras,M,Midfield,33,3,WHP,Whipsnakes,2024-06-28,2026-08-16,55.0,43.0,43.0,0.0,43.0,12.0,124.0,88,2.0,0.0,0.0,0.0,0.0,0.0,97.0,30.0,5.0,0,0,0,0.0,0.0,3.0,1.5,30.0,711.0,557.0,0.3467741935483871,0.7096774193548387,,,,,0.4,0.0,1.6666666666666667,1.303030303030303,1.303030303030303,0.0,1.303030303030303,0.36363636363636365,3.757575757575758,2.6666666666666665,0.06060606060606061,0.0,0.0,0.0,0.0,0.0,2.9393939393939394,0.9090909090909091,0.15151515151515152,0.0,0.0,0.0,0.0,0.0,0.09090909090909091,0.045454545454545456,0.9090909090909091,21.545454545454547,16.87878787878788,0.9090909090909091
003101,Dylan Hess,Dylan,Hess,SSDM,Defensive Midfield,13,2,WAT,Waterdogs,2025-06-07,2026-05-09,4.0,2.0,2.0,0.0,2.0,2.0,8.0,5,3.0,0.0,0.0,0.0,0.0,0.0,18.0,1.0,5.0,0,6,6,0.0,0.0,2.0,2.5,7.0,99.0,90.0,0.25,0.625,0.0,,,,0.2857142857142857,0.0,0.3076923076923077,0.15384615384615385,0.15384615384615385,0.0,0.15384615384615385,0.15384615384615385,0.6153846153846154,0.38461538461538464,0.23076923076923078,0.0,0.0,0.0,0.0,0.0,1.3846153846153846,0.07692307692307693,0.38461538461538464,0.0,0.46153846153846156,0.46153846153846156,0.0,0.0,0.15384615384615385,0.19230769230769232,0.5384615384615384,7.615384615384615,6.923076923076923,0.5384615384615384
003102,Chayse Ierlan,Chayse,Ierlan,G,Goalie,14,2,RED,Redwoods,2024-07-20,2025-09-01,0.0,0.0,0.0,0.0,0.0,0.0,2.0,1,2.0,158.0,48.0,110.0,164.0,172.3014997530644,20.0,3.0,2.0,0,0,0,152.0,12.0,0.0,0.0,1.0,180.0,175.0,0.0,0.5,,0.5096774193548387,30.37974683544304,0.15483870967741936,0.0,0.0,0.0,0.0,0.0,0.0,0.0,0.0,0.14285714285714285,0.07142857142857142,0.14285714285714285,11.285714285714286,3.4285714285714284,7.857142857142857,11.714285714285714,12.307249982361743,1.4285714285714286,0.21428571428571427,0.14285714285714285,0.0,0.0,0.0,10.857142857142858,0.8571428571428571,0.0,0.0,0.07142857142857142,12.857142857142858,12.5,0.07142857142857142
003103,Scott Smith,Scott,Smith,D,Defense,20,2,CHA|WHP,Chaos|Whipsnakes,2025-06-07,2026-08-08,6.0,4.0,2.0,1.0,3.0,2.0,18.0,11,9.0,0.0,0.0,0.0,0.0,0.0,40.0,5.0,19.0,0,0,0,0.0,0.0,6.0,6.0,4.0,106.0,83.0,0.16666666666666666,0.6111111111111112,,,,,0.5,0.1111111111111111,0.3,0.2,0.1,0.05,0.15,0.1,0.9,0.55,0.45,0.0,0.0,0.0,0.0,0.0,2.0,0.25,0.95,0.0,0.0,0.0,0.0,0.0,0.3,0.3,0.2,5.3,4.15,0.2
003104,Michael Boehm,Michael,Boehm,A,Attack,8,3,RED|WAT|WHP,Redwoods|Waterdogs|Whipsnakes,2024-08-10,2026-08-16,17.0,5.0,5.0,0.0,5.0,12.0,29.0,16,2.0,0.0,0.0,0.0,0.0,0.0,13.0,12.0,0.0,0,0,0,0.0,0.0,0.0,0.0,23.0,240.0,199.0,0.1724137931034483,0.5517241379310345,,,,,0.5217391304347826,0.0,2.125,0.625,0.625,0.0,0.625,1.5,3.625,2.0,0.25,0.0,0.0,0.0,0.0,0.0,1.625,1.5,0.0,0.0,0.0,0.0,0.0,0.0,0.0,0.0,2.875,30.0,24.875,2.875
003105,Cole Kastner,Cole,Kastner,D,Defense,12,2,RED,Redwoods,2025-06-28,2026-08-16,0.0,0.0,0.0,0.0,0.0,0.0,0.0,0,0.0,0.0,0.0,0.0,0.0,0.0,10.0,1.0,11.0,0,0,0,0.0,0.0,0.0,0.0,2.0,57.0,56.0,,,,,,,0.0,,0.0,0.0,0.0,0.0,0.0,0.0,0.0,0.0,0.0,0.0,0.0,0.0,0.0,0.0,0.8333333333333334,0.08333333333333333,0.9166666666666666,0.0,0.0,0.0,0.0,0.0,0.0,0.0,0.16666666666666666,4.75,4.666666666666667,0.16666666666666666
003106,Dalton Young,Dalton,Young,M,Midfield,34,3,OUT,Outlaws,2024-06-08,2026-08-16,62.0,39.0,39.0,0.0,39.0,23.0,107.0,71,0.0,0.0,0.0,0.0,0.0,0.0,26.0,39.0,2.0,0,0,0,0.0,0.0,2.0,1.0,48.0,608.0,462.0,0.3644859813084112,0.6635514018691588,,,,,0.4791666666666667,,1.8235294117647058,1.1470588235294117,1.1470588235294117,0.0,1.1470588235294117,0.6764705882352942,3.1470588235294117,2.088235294117647,0.0,0.0,0.0,0.0,0.0,0.0,0.7647058823529411,1.1470588235294117,0.058823529411764705,0.0,0.0,0.0,0.0,0.0,0.058823529411764705,0.029411764705882353,1.411764705882353,17.88235294117647,13.588235294117647,1.411764705882353
003108,Will Mark,Will,Mark,G,Goalie,4,2,ATL,Atlas,2025-05-31,2026-08-08,0.0,0.0,0.0,0.0,0.0,0.0,0.0,0,0.0,7.0,2.0,5.0,3.0,6.0,4.0,0.0,1.0,0,0,0,3.0,0.0,0.0,0.0,0.0,6.0,6.0,,,,0.7,28.57142857142857,0.2,,,0.0,0.0,0.0,0.0,0.0,0.0,0.0,0.0,0.0,1.75,0.5,1.25,0.75,1.5,1.0,0.0,0.25,0.0,0.0,0.0,0.75,0.0,0.0,0.0,0.0,1.5,1.5,0.0
003109,Chris Conlin,Chris,Conlin,D,Defense,33,3,RED,Redwoods,2024-06-16,2026-08-16,1.0,0.0,0.0,0.0,0.0,1.0,0.0,0,0.0,0.0,0.0,0.0,0.0,0.0,72.0,7.0,26.0,0,0,0,0.0,0.0,2.0,1.5,2.0,253.0,246.0,,,,,,,0.5,,0.030303030303030304,0.0,0.0,0.0,0.0,0.030303030303030304,0.0,0.0,0.0,0.0,0.0,0.0,0.0,0.0,2.1818181818181817,0.21212121212121213,0.7878787878787878,0.0,0.0,0.0,0.0,0.0,0.06060606060606061,0.045454545454545456,0.06060606060606061,7.666666666666667,7.454545454545454,0.06060606060606061
003110,Carter Parlette,Carter,Parlette,SSDM,Defensive Midfield,1,1,RED,Redwoods,2025-06-28,2025-06-28,0.0,0.0,0.0,0.0,0.0,0.0,0.0,0,0.0,0.0,0.0,0.0,0.0,0.0,1.0,0.0,0.0,0,0,0,0.0,0.0,0.0,0.0,0.0,5.0,5.0,,,,,,,,,0.0,0.0,0.0,0.0,0.0,0.0,0.0,0.0,0.0,0.0,0.0,0.0,0.0,0.0,1.0,0.0,0.0,0.0,0.0,0.0,0.0,0.0,0.0,0.0,0.0,5.0,5.0,0.0
003111,AJ Mercurio,AJ,Mercurio,D,Defense,2,2,WAT|WHP,Waterdogs|Whipsnakes,2024-08-03,2026-05-09,0.0,0.0,0.0,0.0,0.0,0.0,0.0,0,0.0,0.0,0.0,0.0,0.0,0.0,0.0,1.0,2.0,0,0,0,0.0,0.0,0.0,0.0,1.0,6.0,5.0,,,,,,,0.0,,0.0,0.0,0.0,0.0,0.0,0.0,0.0,0.0,0.0,0.0,0.0,0.0,0.0,0.0,0.0,0.5,1.0,0.0,0.0,0.0,0.0,0.0,0.0,0.0,0.5,3.0,2.5,0.5
003112,Jack DiBenedetto,Jack,DiBenedetto,D,Defense,4,2,ARC|WAT,Archers|Waterdogs,2024-06-01,2025-08-02,0.0,0.0,0.0,0.0,0.0,0.0,0.0,0,0.0,0.0,0.0,0.0,0.0,0.0,5.0,2.0,2.0,0,0,0,0.0,0.0,0.0,0.0,0.0,17.0,15.0,,,,,,,,,0.0,0.0,0.0,0.0,0.0,0.0,0.0,0.0,0.0,0.0,0.0,0.0,0.0,0.0,1.25,0.5,0.5,0.0,0.0,0.0,0.0,0.0,0.0,0.0,0.0,4.25,3.75,0.0
003114,Saam Olexo,Saam,Olexo,LSM,Long Stick Midfield,1,1,OUT,Outlaws,2024-08-18,2024-08-18,0.0,0.0,0.0,0.0,0.0,0.0,0.0,0,0.0,0.0,0.0,0.0,0.0,0.0,1.0,0.0,1.0,0,0,0,0.0,0.0,2.0,1.5,0.0,1.0,1.0,,,,,,,,,0.0,0.0,0.0,0.0,0.0,0.0,0.0,0.0,0.0,0.0,0.0,0.0,0.0,0.0,1.0,0.0,1.0,0.0,0.0,0.0,0.0,0.0,2.0,1.5,0.0,1.0,1.0,0.0
003115,Payton Cormier,Payton,Cormier,A,Attack,3,1,ATL,Atlas,2024-06-28,2024-09-07,6.0,5.0,5.0,0.0,5.0,1.0,14.0,10,1.0,0.0,0.0,0.0,0.0,0.0,2.0,2.0,0.0,0,0,0,0.0,0.0,0.0,0.0,6.0,43.0,27.0,0.35714285714285715,0.7142857142857143,,,,,0.16666666666666666,0.0,2.0,1.6666666666666667,1.6666666666666667,0.0,1.6666666666666667,0.3333333333333333,4.666666666666667,3.3333333333333335,0.3333333333333333,0.0,0.0,0.0,0.0,0.0,0.6666666666666666,0.6666666666666666,0.0,0.0,0.0,0.0,0.0,0.0,0.0,0.0,2.0,14.333333333333334,9.0,2.0
003119,Alec Stathakis,Alec,Stathakis,FO,Faceoff,26,3,WAT,Waterdogs,2024-06-30,2026-08-16,3.0,3.0,3.0,0.0,3.0,0.0,27.0,9,9.0,0.0,0.0,0.0,0.0,0.0,136.0,18.0,3.0,326,305,637,0.0,0.0,0.0,0.0,2.0,165.0,120.0,0.1111111111111111,0.3333333333333333,0.5117739403453689,,,,0.0,0.0,0.11538461538461539,0.11538461538461539,0.11538461538461539,0.0,0.11538461538461539,0.0,1.0384615384615385,0.34615384615384615,0.34615384615384615,0.0,0.0,0.0,0.0,0.0,5.230769230769231,0.6923076923076923,0.11538461538461539,12.538461538461538,11.73076923076923,24.5,0.0,0.0,0.0,0.0,0.07692307692307693,6.346153846153846,4.615384615384615,0.07692307692307693
003120,Jack VanOverbeke,Jack,VanOverbeke,M,Midfield,10,2,ARC|OUT,Archers|Outlaws,2024-08-17,2025-07-13,8.0,4.0,4.0,0.0,4.0,4.0,29.0,18,0.0,0.0,0.0,0.0,0.0,0.0,5.0,9.0,0.0,0,0,0,0.0,0.0,0.0,0.0,10.0,128.0,90.0,0.13793103448275862,0.6206896551724138,,,,,0.4,,0.8,0.4,0.4,0.0,0.4,0.4,2.9,1.8,0.0,0.0,0.0,0.0,0.0,0.0,0.5,0.9,0.0,0.0,0.0,0.0,0.0,0.0,0.0,0.0,1.0,12.8,9.0,1.0
003121,Brayden Mayea,Brayden,Mayea,A,Attack,6,2,CHA|RED,Chaos|Redwoods,2024-06-30,2026-07-10,6.0,6.0,6.0,0.0,6.0,0.0,22.0,13,0.0,0.0,0.0,0.0,0.0,0.0,10.0,6.0,1.0,0,0,0,0.0,0.0,2.0,1.0,5.0,95.0,67.0,0.2727272727272727,0.5909090909090909,,,,,0.0,,1.0,1.0,1.0,0.0,1.0,0.0,3.6666666666666665,2.1666666666666665,0.0,0.0,0.0,0.0,0.0,0.0,1.6666666666666667,1.0,0.16666666666666666,0.0,0.0,0.0,0.0,0.0,0.3333333333333333,0.16666666666666666,0.8333333333333334,15.833333333333334,11.166666666666666,0.8333333333333334
003125,Matt Knote,Matt,Knote,G,Goalie,1,1,RED,Redwoods,2025-08-03,2025-08-03,0.0,0.0,0.0,0.0,0.0,0.0,0.0,0,0.0,0.0,0.0,0.0,0.0,0.0,0.0,0.0,0.0,0,0,0,0.0,0.0,0.0,0.0,0.0,1.0,1.0,,,,,,,,,0.0,0.0,0.0,0.0,0.0,0.0,0.0,0.0,0.0,0.0,0.0,0.0,0.0,0.0,0.0,0.0,0.0,0.0,0.0,0.0,0.0,0.0,0.0,0.0,0.0,1.0,1.0,0.0
003126,Mike Robinson,Mike,Robinson,A,Attack,1,1,CAN,Cannons,2024-06-29,2024-06-29,0.0,0.0,0.0,0.0,0.0,0.0,1.0,1,0.0,0.0,0.0,0.0,0.0,0.0,3.0,2.0,0.0,0,0,0,0.0,0.0,0.0,0.0,0.0,24.0,21.0,0.0,1.0,,,,,,,0.0,0.0,0.0,0.0,0.0,0.0,1.0,1.0,0.0,0.0,0.0,0.0,0.0,0.0,3.0,2.0,0.0,0.0,0.0,0.0,0.0,0.0,0.0,0.0,0.0,24.0,21.0,0.0
003128,Jack Posey,Jack,Posey,D,Defense,17,3,CHA|WHP,Chaos|Whipsnakes,2024-06-30,2026-08-16,1.0,0.0,0.0,0.0,0.0,1.0,2.0,2,2.0,0.0,0.0,0.0,0.0,0.0,19.0,6.0,10.0,0,0,0,0.0,0.0,4.0,5.0,1.0,57.0,49.0,0.0,1.0,,,,,1.0,0.0,0.058823529411764705,0.0,0.0,0.0,0.0,0.058823529411764705,0.11764705882352941,0.11764705882352941,0.11764705882352941,0.0,0.0,0.0,0.0,0.0,1.1176470588235294,0.35294117647058826,0.5882352941176471,0.0,0.0,0.0,0.0,0.0,0.23529411764705882,0.29411764705882354,0.058823529411764705,3.3529411764705883,2.8823529411764706,0.058823529411764705
003136,Jake Naso,Jake,Naso,FO,Faceoff,4,1,ARC,Archers,2025-07-12,2025-07-27,0.0,0.0,0.0,0.0,0.0,0.0,4.0,1,1.0,0.0,0.0,0.0,0.0,0.0,14.0,2.0,0.0,30,59,90,0.0,0.0,1.0,0.5,0.0,15.0,9.0,0.0,0.25,0.3333333333333333,,,,,0.0,0.0,0.0,0.0,0.0,0.0,0.0,1.0,0.25,0.25,0.0,0.0,0.0,0.0,0.0,3.5,0.5,0.0,7.5,14.75,22.5,0.0,0.0,0.25,0.125,0.0,3.75,2.25,0.0
003142,Jack Koras,Jack,Koras,M,Midfield,7,1,WHP,Whipsnakes,2024-06-16,2024-09-02,5.0,4.0,4.0,0.0,4.0,1.0,15.0,11,0.0,0.0,0.0,0.0,0.0,0.0,21.0,1.0,5.0,0,0,0,0.0,0.0,2.0,1.0,4.0,87.0,71.0,0.26666666666666666,0.7333333333333333,,,,,0.25,,0.7142857142857143,0.5714285714285714,0.5714285714285714,0.0,0.5714285714285714,0.14285714285714285,2.142857142857143,1.5714285714285714,0.0,0.0,0.0,0.0,0.0,0.0,3.0,0.14285714285714285,0.7142857142857143,0.0,0.0,0.0,0.0,0.0,0.2857142857142857,0.14285714285714285,0.5714285714285714,12.428571428571429,10.142857142857142,0.5714285714285714
003143,Logan McGovern,Logan,McGovern,M,Midfield,3,1,ATL,Atlas,2024-07-20,2024-08-17,3.0,3.0,3.0,0.0,3.0,0.0,11.0,9,0.0,0.0,0.0,0.0,0.0,0.0,4.0,3.0,0.0,0,0,0,0.0,0.0,1.0,0.5,4.0,59.0,45.0,0.2727272727272727,0.8181818181818182,,,,,0.0,,1.0,1.0,1.0,0.0,1.0,0.0,3.6666666666666665,3.0,0.0,0.0,0.0,0.0,0.0,0.0,1.3333333333333333,1.0,0.0,0.0,0.0,0.0,0.0,0.0,0.3333333333333333,0.16666666666666666,1.3333333333333333,19.666666666666668,15.0,1.3333333333333333
003145,JC Higginbotham,JC,Higginbotham,G,Goalie,6,1,CAN,Cannons,2026-06-07,2026-08-09,0.0,0.0,0.0,0.0,0.0,0.0,1.0,0,1.0,42.0,14.0,28.0,31.0,35.42932858122001,7.0,2.0,0.0,0,0,0,31.0,0.0,0.0,0.0,0.0,39.0,36.0,0.0,0.0,,0.5753424657534246,33.33333333333333,0.1917808219178082,,0.0,0.0,0.0,0.0,0.0,0.0,0.0,0.16666666666666666,0.0,0.16666666666666666,7.0,2.3333333333333335,4.666666666666667,5.166666666666667,5.904888096870002,1.1666666666666667,0.3333333333333333,0.0,0.0,0.0,0.0,5.166666666666667,0.0,0.0,0.0,0.0,6.5,6.0,0.0
003149,JJ Sillstrop,JJ,Sillstrop,M,Midfield,10,1,CHA,Chaos,2025-05-30,2025-08-09,8.0,5.0,5.0,0.0,5.0,3.0,22.0,18,0.0,0.0,0.0,0.0,0.0,0.0,3.0,9.0,2.0,0,0,0,0.0,0.0,0.0,0.0,12.0,141.0,110.0,0.22727272727272727,0.8181818181818182,,,,,0.25,,0.8,0.5,0.5,0.0,0.5,0.3,2.2,1.8,0.0,0.0,0.0,0.0,0.0,0.0,0.3,0.9,0.2,0.0,0.0,0.0,0.0,0.0,0.0,0.0,1.2,14.1,11.0,1.2
003151,Nathan Laliberte,Nathan,Laliberte,FO,Faceoff,4,1,ATL,Atlas,2026-05-09,2026-06-21,2.0,1.0,1.0,0.0,1.0,1.0,7.0,2,2.0,0.0,0.0,0.0,0.0,0.0,21.0,5.0,2.0,48,57,105,0.0,0.0,2.0,1.5,2.0,21.0,9.0,0.14285714285714285,0.2857142857142857,0.45714285714285713,,,,0.5,0.0,0.5,0.25,0.25,0.0,0.25,0.25,1.75,0.5,0.5,0.0,0.0,0.0,0.0,0.0,5.25,1.25,0.5,12.0,14.25,26.25,0.0,0.0,0.5,0.375,0.5,5.25,2.25,0.5
003152,James Shipley,James,Shipley,SSDM,Defensive Midfield,2,1,WHP,Whipsnakes,2026-05-09,2026-07-12,1.0,0.0,0.0,0.0,0.0,1.0,0.0,0,0.0,0.0,0.0,0.0,0.0,0.0,3.0,2.0,1.0,0,2,2,0.0,0.0,0.0,0.0,2.0,21.0,19.0,,,0.0,,,,0.5,,0.5,0.0,0.0,0.0,0.0,0.5,0.0,0.0,0.0,0.0,0.0,0.0,0.0,0.0,1.5,1.0,0.5,0.0,1.0,1.0,0.0,0.0,0.0,0.0,1.0,10.5,9.5,1.0
003153,Richie Connell,Richie,Connell,A,Attack,5,1,WHP,Whipsnakes,2026-07-12,2026-08-07,5.0,5.0,5.0,0.0,5.0,0.0,19.0,8,0.0,0.0,0.0,0.0,0.0,0.0,2.0,6.0,0.0,0,0,0,0.0,0.0,0.0,0.0,6.0,84.0,59.0,0.2631578947368421,0.42105263157894735,,,,,0.0,,1.0,1.0,1.0,0.0,1.0,0.0,3.8,1.6,0.0,0.0,0.0,0.0,0.0,0.0,0.4,1.2,0.0,0.0,0.0,0.0,0.0,0.0,0.0,0.0,1.2,16.8,11.8,1.2
003156,Aidan Danenza,Aidan,Danenza,M,Midfield,20,2,RED,Redwoods,2025-05-31,2026-08-16,29.0,18.0,18.0,0.0,18.0,11.0,91.0,59,11.0,0.0,0.0,0.0,0.0,0.0,17.0,21.0,5.0,0,0,0,0.0,0.0,2.0,1.0,29.0,455.0,343.0,0.1978021978021978,0.6483516483516484,,,,,0.3793103448275862,0.0,1.45,0.9,0.9,0.0,0.9,0.55,4.55,2.95,0.55,0.0,0.0,0.0,0.0,0.0,0.85,1.05,0.25,0.0,0.0,0.0,0.0,0.0,0.1,0.05,1.45,22.75,17.15,1.45
003157,Graydon Hogg,Graydon,Hogg,M,Midfield,14,2,CAN,Cannons,2025-05-31,2026-08-09,19.0,14.0,14.0,0.0,14.0,5.0,54.0,36,0.0,0.0,0.0,0.0,0.0,0.0,13.0,9.0,0.0,0,0,0,0.0,0.0,1.0,1.0,11.0,268.0,205.0,0.25925925925925924,0.6666666666666666,,,,,0.45454545454545453,,1.3571428571428572,1.0,1.0,0.0,1.0,0.35714285714285715,3.857142857142857,2.5714285714285716,0.0,0.0,0.0,0.0,0.0,0.0,0.9285714285714286,0.6428571428571429,0.0,0.0,0.0,0.0,0.0,0.0,0.07142857142857142,0.07142857142857142,0.7857142857142857,19.142857142857142,14.642857142857142,0.7857142857142857
003159,CJ Kirst,CJ,Kirst,A,Attack,16,2,WAT,Waterdogs,2025-07-20,2026-08-16,60.0,49.0,49.0,0.0,49.0,11.0,131.0,92,3.0,0.0,0.0,0.0,0.0,0.0,28.0,20.0,5.0,0,0,0,0.0,0.0,2.0,1.0,59.0,526.0,375.0,0.37404580152671757,0.7022900763358778,,,,,0.1864406779661017,0.0,3.75,3.0625,3.0625,0.0,3.0625,0.6875,8.1875,5.75,0.1875,0.0,0.0,0.0,0.0,0.0,1.75,1.25,0.3125,0.0,0.0,0.0,0.0,0.0,0.125,0.0625,3.6875,32.875,23.4375,3.6875
003160,Andrew McAdorey,Andrew,McAdorey,M,Midfield,24,2,RED,Redwoods,2025-05-31,2026-08-16,52.0,38.0,34.0,2.0,36.0,14.0,113.0,62,10.0,0.0,0.0,0.0,0.0,0.0,34.0,31.0,3.0,7,19,26,0.0,0.0,4.0,3.0,55.0,662.0,518.0,0.3185840707964602,0.5486725663716814,0.2692307692307692,,,,0.2545454545454545,0.2,2.1666666666666665,1.5833333333333333,1.4166666666666667,0.08333333333333333,1.5,0.5833333333333334,4.708333333333333,2.5833333333333335,0.4166666666666667,0.0,0.0,0.0,0.0,0.0,1.4166666666666667,1.2916666666666667,0.125,0.2916666666666667,0.7916666666666666,1.0833333333333333,0.0,0.0,0.16666666666666666,0.125,2.2916666666666665,27.583333333333332,21.583333333333332,2.2916666666666665
003161,Sam English,Sam,English,M,Midfield,14,2,RED,Redwoods,2025-06-14,2026-08-16,20.0,14.0,14.0,0.0,14.0,6.0,55.0,35,3.0,0.0,0.0,0.0,0.0,0.0,36.0,22.0,7.0,0,2,2,0.0,0.0,0.0,0.0,20.0,262.0,185.0,0.2545454545454545,0.6363636363636364,0.0,,,,0.3,0.0,1.4285714285714286,1.0,1.0,0.0,1.0,0.42857142857142855,3.9285714285714284,2.5,0.21428571428571427,0.0,0.0,0.0,0.0,0.0,2.5714285714285716,1.5714285714285714,0.5,0.0,0.14285714285714285,0.14285714285714285,0.0,0.0,0.0,0.0,1.4285714285714286,18.714285714285715,13.214285714285714,1.4285714285714286
003162,Coulter Mackesy,Coulter,Mackesy,A,Attack,20,2,CAN,Cannons,2025-06-07,2026-08-09,57.0,37.0,31.0,3.0,34.0,20.0,139.0,89,16.0,0.0,0.0,0.0,0.0,0.0,35.0,26.0,4.0,0,0,0,0.0,0.0,7.0,4.5,59.0,725.0,560.0,0.2446043165467626,0.6402877697841727,,,,,0.3389830508474576,0.1875,2.85,1.85,1.55,0.15,1.7,1.0,6.95,4.45,0.8,0.0,0.0,0.0,0.0,0.0,1.75,1.3,0.2,0.0,0.0,0.0,0.0,0.0,0.35,0.225,2.95,36.25,28.0,2.95
003163,Brendan Lavelle,Brendan,Lavelle,D,Defense,22,2,ARC,Archers,2025-05-31,2026-08-08,1.0,0.0,0.0,0.0,0.0,1.0,2.0,1,2.0,0.0,0.0,0.0,0.0,0.0,67.0,7.0,21.0,0,0,0,0.0,0.0,5.0,4.5,1.0,156.0,147.0,0.0,0.5,,,,,1.0,0.0,0.045454545454545456,0.0,0.0,0.0,0.0,0.045454545454545456,0.09090909090909091,0.045454545454545456,0.09090909090909091,0.0,0.0,0.0,0.0,0.0,3.0454545454545454,0.3181818181818182,0.9545454545454546,0.0,0.0,0.0,0.0,0.0,0.22727272727272727,0.20454545454545456,0.045454545454545456,7.090909090909091,6.681818181818182,0.045454545454545456
003164,Matt Traynor,Matt,Traynor,M,Midfield,23,2,ATL,Atlas,2025-05-30,2026-08-15,53.0,38.0,38.0,0.0,38.0,15.0,138.0,89,5.0,0.0,0.0,0.0,0.0,0.0,29.0,38.0,3.0,0,0,0,0.0,0.0,1.0,0.5,52.0,486.0,310.0,0.2753623188405797,0.644927536231884,,,,,0.28846153846153844,0.0,2.3043478260869565,1.6521739130434783,1.6521739130434783,0.0,1.6521739130434783,0.6521739130434783,6.0,3.869565217391304,0.21739130434782608,0.0,0.0,0.0,0.0,0.0,1.2608695652173914,1.6521739130434783,0.13043478260869565,0.0,0.0,0.0,0.0,0.0,0.043478260869565216,0.021739130434782608,2.260869565217391,21.130434782608695,13.478260869565217,2.260869565217391
003165,Aidan Carroll,Aidan,Carroll,A,Attack,23,2,WHP,Whipsnakes,2025-05-31,2026-08-16,68.0,53.0,53.0,0.0,53.0,15.0,141.0,97,7.0,0.0,0.0,0.0,0.0,0.0,20.0,27.0,4.0,0,0,0,0.0,0.0,2.0,1.5,37.0,727.0,559.0,0.375886524822695,0.6879432624113475,,,,,0.40540540540540543,0.0,2.9565217391304346,2.3043478260869565,2.3043478260869565,0.0,2.3043478260869565,0.6521739130434783,6.130434782608695,4.217391304347826,0.30434782608695654,0.0,0.0,0.0,0.0,0.0,0.8695652173913043,1.173913043478261,0.17391304347826086,0.0,0.0,0.0,0.0,0.0,0.08695652173913043,0.06521739130434782,1.608695652173913,31.608695652173914,24.304347826086957,1.608695652173913
003166,Owen Hiltz,Owen,Hiltz,A,Attack,18,2,CHA,Chaos,2025-06-22,2026-08-08,50.0,30.0,30.0,0.0,30.0,20.0,102.0,63,3.0,0.0,0.0,0.0,0.0,0.0,22.0,29.0,5.0,0,0,0,0.0,0.0,2.0,1.5,42.0,486.0,355.0,0.29411764705882354,0.6176470588235294,,,,,0.47619047619047616,0.0,2.7777777777777777,1.6666666666666667,1.6666666666666667,0.0,1.6666666666666667,1.1111111111111112,5.666666666666667,3.5,0.16666666666666666,0.0,0.0,0.0,0.0,0.0,1.2222222222222223,1.6111111111111112,0.2777777777777778,0.0,0.0,0.0,0.0,0.0,0.1111111111111111,0.08333333333333333,2.3333333333333335,27.0,19.72222222222222,2.3333333333333335
003167,Jake Taylor,Jake,Taylor,A,Attack,13,2,OUT|WAT,Outlaws|Waterdogs,2025-06-07,2026-08-16,21.0,16.0,16.0,0.0,16.0,5.0,49.0,34,0.0,0.0,0.0,0.0,0.0,0.0,19.0,12.0,1.0,0,0,0,0.0,0.0,1.0,1.0,8.0,143.0,82.0,0.32653061224489793,0.6938775510204082,,,,,0.625,,1.6153846153846154,1.2307692307692308,1.2307692307692308,0.0,1.2307692307692308,0.38461538461538464,3.769230769230769,2.6153846153846154,0.0,0.0,0.0,0.0,0.0,0.0,1.4615384615384615,0.9230769230769231,0.07692307692307693,0.0,0.0,0.0,0.0,0.0,0.07692307692307693,0.07692307692307693,0.6153846153846154,11.0,6.3076923076923075,0.6153846153846154
003168,Chris Kavanagh,Chris,Kavanagh,A,Attack,22,2,RED,Redwoods,2025-05-31,2026-08-16,76.0,53.0,47.0,3.0,50.0,23.0,162.0,108,20.0,0.0,0.0,0.0,0.0,0.0,35.0,27.0,7.0,0,0,0,0.0,0.0,3.0,3.5,83.0,795.0,606.0,0.30864197530864196,0.6666666666666666,,,,,0.27710843373493976,0.15,3.4545454545454546,2.409090909090909,2.1363636363636362,0.13636363636363635,2.272727272727273,1.0454545454545454,7.363636363636363,4.909090909090909,0.9090909090909091,0.0,0.0,0.0,0.0,0.0,1.5909090909090908,1.2272727272727273,0.3181818181818182,0.0,0.0,0.0,0.0,0.0,0.13636363636363635,0.1590909090909091,3.772727272727273,36.13636363636363,27.545454545454547,3.772727272727273
003169,Logan McNaney,Logan,McNaney,G,Goalie,21,2,OUT,Outlaws,2025-06-14,2026-08-16,0.0,0.0,0.0,0.0,0.0,0.0,4.0,3,4.0,238.0,142.0,96.0,225.0,255.4858484512689,43.0,10.0,10.0,0,0,0,208.0,17.0,0.0,0.0,0.0,379.0,365.0,0.0,0.75,,0.5336322869955157,59.66386554621849,0.3183856502242152,,0.0,0.0,0.0,0.0,0.0,0.0,0.0,0.19047619047619047,0.14285714285714285,0.19047619047619047,11.333333333333334,6.761904761904762,4.571428571428571,10.714285714285714,12.165992783393758,2.0476190476190474,0.47619047619047616,0.47619047619047616,0.0,0.0,0.0,9.904761904761905,0.8095238095238095,0.0,0.0,0.0,18.047619047619047,17.38095238095238,0.0
003170,Mic Kelly,Mic,Kelly,M,Midfield,16,2,CAN,Cannons,2025-05-31,2026-08-09,24.0,15.0,13.0,1.0,14.0,9.0,83.0,54,8.0,0.0,0.0,0.0,0.0,0.0,10.0,15.0,4.0,0,0,0,0.0,0.0,3.0,2.5,36.0,403.0,305.0,0.1686746987951807,0.6506024096385542,,,,,0.25,0.125,1.5,0.9375,0.8125,0.0625,0.875,0.5625,5.1875,3.375,0.5,0.0,0.0,0.0,0.0,0.0,0.625,0.9375,0.25,0.0,0.0,0.0,0.0,0.0,0.1875,0.15625,2.25,25.1875,19.0625,2.25
003171,Levi Verch,Levi,Verch,LSM,Long Stick Midfield,11,1,CHA,Chaos,2025-05-30,2025-08-24,0.0,0.0,0.0,0.0,0.0,0.0,3.0,1,2.0,0.0,0.0,0.0,0.0,0.0,21.0,5.0,4.0,0,0,0,0.0,0.0,2.0,2.0,1.0,52.0,44.0,0.0,0.3333333333333333,,,,,0.0,0.0,0.0,0.0,0.0,0.0,0.0,0.0,0.2727272727272727,0.09090909090909091,0.18181818181818182,0.0,0.0,0.0,0.0,0.0,1.9090909090909092,0.45454545454545453,0.36363636363636365,0.0,0.0,0.0,0.0,0.0,0.18181818181818182,0.18181818181818182,0.09090909090909091,4.7272727272727275,4.0,0.09090909090909091
003172,Max Krevsky,Max,Krevsky,SSDM,Defensive Midfield,19,2,ATL,Atlas,2025-06-14,2026-08-15,6.0,2.0,2.0,0.0,2.0,4.0,22.0,9,2.0,0.0,0.0,0.0,0.0,0.0,22.0,11.0,10.0,0,11,11,0.0,0.0,4.0,4.0,10.0,149.0,116.0,0.09090909090909091,0.4090909090909091,0.0,,,,0.4,0.0,0.3157894736842105,0.10526315789473684,0.10526315789473684,0.0,0.10526315789473684,0.21052631578947367,1.1578947368421053,0.47368421052631576,0.10526315789473684,0.0,0.0,0.0,0.0,0.0,1.1578947368421053,0.5789473684210527,0.5263157894736842,0.0,0.5789473684210527,0.5789473684210527,0.0,0.0,0.21052631578947367,0.21052631578947367,0.5263157894736842,7.842105263157895,6.105263157894737,0.5263157894736842
003173,Jack McDonald,Jack,McDonald,LSM,Long Stick Midfield,14,2,WHP,Whipsnakes,2025-06-22,2026-08-07,2.0,2.0,2.0,0.0,2.0,0.0,5.0,4,1.0,0.0,0.0,0.0,0.0,0.0,14.0,2.0,6.0,0,0,0,0.0,0.0,2.0,2.0,3.0,49.0,42.0,0.4,0.8,,,,,0.0,0.0,0.14285714285714285,0.14285714285714285,0.14285714285714285,0.0,0.14285714285714285,0.0,0.35714285714285715,0.2857142857142857,0.07142857142857142,0.0,0.0,0.0,0.0,0.0,1.0,0.14285714285714285,0.42857142857142855,0.0,0.0,0.0,0.0,0.0,0.14285714285714285,0.14285714285714285,0.21428571428571427,3.5,3.0,0.21428571428571427
003174,Sam King,Sam,King,A,Attack,22,2,ARC,Archers,2025-05-31,2026-08-08,57.0,37.0,35.0,1.0,36.0,20.0,117.0,66,3.0,0.0,0.0,0.0,0.0,0.0,31.0,44.0,4.0,0,0,0,0.0,0.0,4.0,2.0,64.0,622.0,461.0,0.3076923076923077,0.5641025641025641,,,,,0.3125,0.3333333333333333,2.590909090909091,1.6818181818181819,1.5909090909090908,0.045454545454545456,1.6363636363636365,0.9090909090909091,5.318181818181818,3.0,0.13636363636363635,0.0,0.0,0.0,0.0,0.0,1.4090909090909092,2.0,0.18181818181818182,0.0,0.0,0.0,0.0,0.0,0.18181818181818182,0.09090909090909091,2.909090909090909,28.272727272727273,20.954545454545453,2.909090909090909
003176,Emmet Carroll,Emmet,Carroll,G,Goalie,20,2,WHP,Whipsnakes,2025-06-07,2026-08-16,0.0,0.0,0.0,0.0,0.0,0.0,5.0,0,5.0,272.0,104.0,168.0,224.0,223.81976740172092,38.0,4.0,4.0,0,0,0,214.0,10.0,0.0,0.0,2.0,370.0,361.0,0.0,0.0,,0.5596707818930041,38.23529411764706,0.2139917695473251,0.0,0.0,0.0,0.0,0.0,0.0,0.0,0.0,0.25,0.0,0.25,13.6,5.2,8.4,11.2,11.190988370086046,1.9,0.2,0.2,0.0,0.0,0.0,10.7,0.5,0.0,0.0,0.1,18.5,18.05,0.1
003177,Mitchell Dunham,Mitchell,Dunham,D,Defense,12,1,ARC,Archers,2026-05-09,2026-08-08,1.0,0.0,0.0,0.0,0.0,1.0,1.0,0,1.0,0.0,0.0,0.0,0.0,0.0,27.0,1.0,12.0,0,0,0,0.0,0.0,5.0,6.0,2.0,53.0,51.0,0.0,0.0,,,,,0.5,0.0,0.08333333333333333,0.0,0.0,0.0,0.0,0.08333333333333333,0.08333333333333333,0.0,0.08333333333333333,0.0,0.0,0.0,0.0,0.0,2.25,0.08333333333333333,1.0,0.0,0.0,0.0,0.0,0.0,0.4166666666666667,0.5,0.16666666666666666,4.416666666666667,4.25,0.16666666666666666
003178,Michael Grace,Michael,Grace,LSM,Long Stick Midfield,10,1,ATL,Atlas,2025-06-14,2025-09-14,10.0,6.0,2.0,2.0,4.0,4.0,7.0,5,4.0,0.0,0.0,0.0,0.0,0.0,22.0,1.0,7.0,0,0,0,0.0,0.0,2.0,1.5,8.0,69.0,61.0,0.5714285714285714,0.7142857142857143,,,,,0.5,0.5,1.0,0.6,0.2,0.2,0.4,0.4,0.7,0.5,0.4,0.0,0.0,0.0,0.0,0.0,2.2,0.1,0.7,0.0,0.0,0.0,0.0,0.0,0.2,0.15,0.8,6.9,6.1,0.8
003179,Ben Wayer,Ben,Wayer,LSM,Long Stick Midfield,15,2,WAT,Waterdogs,2025-06-07,2026-06-07,11.0,8.0,2.0,3.0,5.0,3.0,21.0,11,14.0,0.0,0.0,0.0,0.0,0.0,36.0,7.0,9.0,0,0,0,0.0,0.0,4.0,3.5,7.0,112.0,84.0,0.23809523809523808,0.5238095238095238,,,,,0.42857142857142855,0.21428571428571427,0.7333333333333333,0.5333333333333333,0.13333333333333333,0.2,0.3333333333333333,0.2,1.4,0.7333333333333333,0.9333333333333333,0.0,0.0,0.0,0.0,0.0,2.4,0.4666666666666667,0.6,0.0,0.0,0.0,0.0,0.0,0.26666666666666666,0.23333333333333334,0.4666666666666667,7.466666666666667,5.6,0.4666666666666667
003180,Christian Mazur,Christian,Mazur,SSDM,Defensive Midfield,12,2,WHP,Whipsnakes,2025-05-31,2026-08-16,3.0,2.0,2.0,0.0,2.0,1.0,6.0,3,1.0,0.0,0.0,0.0,0.0,0.0,14.0,2.0,4.0,0,2,2,0.0,0.0,1.0,0.5,4.0,80.0,72.0,0.3333333333333333,0.5,0.0,,,,0.25,0.0,0.25,0.16666666666666666,0.16666666666666666,0.0,0.16666666666666666,0.08333333333333333,0.5,0.25,0.08333333333333333,0.0,0.0,0.0,0.0,0.0,1.1666666666666667,0.16666666666666666,0.3333333333333333,0.0,0.16666666666666666,0.16666666666666666,0.0,0.0,0.08333333333333333,0.041666666666666664,0.3333333333333333,6.666666666666667,6.0,0.3333333333333333
003181,Jimmy Freehill,Jimmy,Freehill,D,Defense,23,2,WAT,Waterdogs,2025-06-07,2026-08-16,11.0,10.0,0.0,5.0,5.0,1.0,21.0,14,21.0,0.0,0.0,0.0,0.0,0.0,28.0,6.0,16.0,0,0,0,0.0,0.0,7.0,6.5,2.0,135.0,108.0,0.23809523809523808,0.6666666666666666,,,,,0.5,0.23809523809523808,0.4782608695652174,0.43478260869565216,0.0,0.21739130434782608,0.21739130434782608,0.043478260869565216,0.9130434782608695,0.6086956521739131,0.9130434782608695,0.0,0.0,0.0,0.0,0.0,1.2173913043478262,0.2608695652173913,0.6956521739130435,0.0,0.0,0.0,0.0,0.0,0.30434782608695654,0.2826086956521739,0.08695652173913043,5.869565217391305,4.695652173913044,0.08695652173913043
003182,Kevin Parnham,Kevin,Parnham,D,Defense,4,1,OUT,Outlaws,2026-05-09,2026-08-16,0.0,0.0,0.0,0.0,0.0,0.0,1.0,0,1.0,0.0,0.0,0.0,0.0,0.0,5.0,0.0,3.0,0,0,0,0.0,0.0,1.0,1.0,0.0,37.0,36.0,0.0,0.0,,,,,,0.0,0.0,0.0,0.0,0.0,0.0,0.0,0.25,0.0,0.25,0.0,0.0,0.0,0.0,0.0,1.25,0.0,0.75,0.0,0.0,0.0,0.0,0.0,0.25,0.25,0.0,9.25,9.0,0.0
003183,Jack Gray,Jack,Gray,SSDM,Defensive Midfield,16,2,OUT,Outlaws,2025-07-19,2026-08-16,2.0,1.0,1.0,0.0,1.0,1.0,3.0,2,0.0,0.0,0.0,0.0,0.0,0.0,8.0,4.0,4.0,2,6,8,0.0,0.0,7.0,4.0,2.0,43.0,36.0,0.3333333333333333,0.6666666666666666,0.25,,,,0.5,,0.125,0.0625,0.0625,0.0,0.0625,0.0625,0.1875,0.125,0.0,0.0,0.0,0.0,0.0,0.0,0.5,0.25,0.25,0.125,0.375,0.5,0.0,0.0,0.4375,0.25,0.125,2.6875,2.25,0.125
003184,Ben Ramsey,Ben,Ramsey,SSDM,Defensive Midfield,22,2,CAN,Cannons,2025-05-31,2026-08-09,7.0,4.0,2.0,1.0,3.0,3.0,11.0,10,3.0,0.0,0.0,0.0,0.0,0.0,45.0,7.0,7.0,0,0,0,0.0,0.0,5.0,2.5,13.0,195.0,177.0,0.2727272727272727,0.9090909090909091,,,,,0.23076923076923078,0.3333333333333333,0.3181818181818182,0.18181818181818182,0.09090909090909091,0.045454545454545456,0.13636363636363635,0.13636363636363635,0.5,0.45454545454545453,0.13636363636363635,0.0,0.0,0.0,0.0,0.0,2.0454545454545454,0.3181818181818182,0.3181818181818182,0.0,0.0,0.0,0.0,0.0,0.22727272727272727,0.11363636363636363,0.5909090909090909,8.863636363636363,8.045454545454545,0.5909090909090909
003185,Carter Rice,Carter,Rice,SSDM,Defensive Midfield,23,2,RED,Redwoods,2025-05-31,2026-08-09,0.0,0.0,0.0,0.0,0.0,0.0,0.0,0,0.0,0.0,0.0,0.0,0.0,0.0,22.0,6.0,7.0,0,0,0,0.0,0.0,2.0,1.0,2.0,137.0,131.0,,,,,,,0.0,,0.0,0.0,0.0,0.0,0.0,0.0,0.0,0.0,0.0,0.0,0.0,0.0,0.0,0.0,0.9565217391304348,0.2608695652173913,0.30434782608695654,0.0,0.0,0.0,0.0,0.0,0.08695652173913043,0.043478260869565216,0.08695652173913043,5.956521739130435,5.695652173913044,0.08695652173913043
003186,Hugh Kelleher,Hugh,Kelleher,M,Midfield,18,2,ATL,Atlas,2025-06-14,2026-08-15,22.0,18.0,16.0,1.0,17.0,4.0,70.0,43,13.0,0.0,0.0,0.0,0.0,0.0,18.0,12.0,1.0,0,0,0,0.0,0.0,3.0,2.0,16.0,268.0,186.0,0.24285714285714285,0.6142857142857143,,,,,0.25,0.07692307692307693,1.2222222222222223,1.0,0.8888888888888888,0.05555555555555555,0.9444444444444444,0.2222222222222222,3.888888888888889,2.388888888888889,0.7222222222222222,0.0,0.0,0.0,0.0,0.0,1.0,0.6666666666666666,0.05555555555555555,0.0,0.0,0.0,0.0,0.0,0.16666666666666666,0.1111111111111111,0.8888888888888888,14.88888888888889,10.333333333333334,0.8888888888888888
003188,Bryce Ford,Bryce,Ford,M,Midfield,4,2,ARC,Archers,2025-05-31,2026-05-09,2.0,2.0,2.0,0.0,2.0,0.0,7.0,3,0.0,0.0,0.0,0.0,0.0,0.0,2.0,3.0,0.0,0,0,0,0.0,0.0,0.0,0.0,3.0,40.0,30.0,0.2857142857142857,0.42857142857142855,,,,,0.0,,0.5,0.5,0.5,0.0,0.5,0.0,1.75,0.75,0.0,0.0,0.0,0.0,0.0,0.0,0.5,0.75,0.0,0.0,0.0,0.0,0.0,0.0,0.0,0.0,0.75,10.0,7.5,0.75
003190,AJ Pilate,AJ,Pilate,D,Defense,3,1,OUT,Outlaws,2025-06-22,2025-07-13,0.0,0.0,0.0,0.0,0.0,0.0,1.0,0,0.0,0.0,0.0,0.0,0.0,0.0,4.0,1.0,1.0,0,0,0,0.0,0.0,0.0,0.0,0.0,6.0,4.0,0.0,0.0,,,,,,,0.0,0.0,0.0,0.0,0.0,0.0,0.3333333333333333,0.0,0.0,0.0,0.0,0.0,0.0,0.0,1.3333333333333333,0.3333333333333333,0.3333333333333333,0.0,0.0,0.0,0.0,0.0,0.0,0.0,0.0,2.0,1.3333333333333333,0.0
003192,Jackson Eicher,Jackson,Eicher,A,Attack,23,2,CHA,Chaos,2025-05-30,2026-08-08,49.0,36.0,34.0,1.0,35.0,13.0,142.0,82,24.0,0.0,0.0,0.0,0.0,0.0,18.0,33.0,2.0,0,0,0,0.0,0.0,2.0,1.0,39.0,500.0,325.0,0.24647887323943662,0.5774647887323944,,,,,0.3333333333333333,0.041666666666666664,2.130434782608696,1.565217391304348,1.4782608695652173,0.043478260869565216,1.5217391304347827,0.5652173913043478,6.173913043478261,3.5652173913043477,1.0434782608695652,0.0,0.0,0.0,0.0,0.0,0.782608695652174,1.434782608695652,0.08695652173913043,0.0,0.0,0.0,0.0,0.0,0.08695652173913043,0.043478260869565216,1.6956521739130435,21.73913043478261,14.130434782608695,1.6956521739130435
003193,Kyle Aldridge,Kyle,Aldridge,SSDM,Defensive Midfield,2,1,WHP,Whipsnakes,2025-07-26,2025-08-03,0.0,0.0,0.0,0.0,0.0,0.0,0.0,0,0.0,0.0,0.0,0.0,0.0,0.0,4.0,0.0,1.0,0,0,0,0.0,0.0,0.0,0.0,0.0,15.0,15.0,,,,,,,,,0.0,0.0,0.0,0.0,0.0,0.0,0.0,0.0,0.0,0.0,0.0,0.0,0.0,0.0,2.0,0.0,0.5,0.0,0.0,0.0,0.0,0.0,0.0,0.0,0.0,7.5,7.5,0.0
003194,Colin Sharkey,Colin,Sharkey,SSDM,Defensive Midfield,2,1,ARC,Archers,2026-05-09,2026-05-09,0.0,0.0,0.0,0.0,0.0,0.0,1.0,1,0.0,0.0,0.0,0.0,0.0,0.0,1.0,0.0,0.0,0,0,0,0.0,0.0,0.0,0.0,0.0,8.0,7.0,0.0,1.0,,,,,,,0.0,0.0,0.0,0.0,0.0,0.0,0.5,0.5,0.0,0.0,0.0,0.0,0.0,0.0,0.5,0.0,0.0,0.0,0.0,0.0,0.0,0.0,0.0,0.0,0.0,4.0,3.5,0.0
003195,Brian Kelly,Brian,Kelly,A,Attack,11,1,CAN,Cannons,2026-05-17,2026-08-09,30.0,22.0,22.0,0.0,22.0,8.0,51.0,37,1.0,0.0,0.0,0.0,0.0,0.0,15.0,24.0,1.0,0,0,0,0.0,0.0,2.0,1.5,22.0,341.0,266.0,0.43137254901960786,0.7254901960784313,,,,,0.36363636363636365,0.0,2.727272727272727,2.0,2.0,0.0,2.0,0.7272727272727273,4.636363636363637,3.3636363636363638,0.09090909090909091,0.0,0.0,0.0,0.0,0.0,1.3636363636363635,2.1818181818181817,0.09090909090909091,0.0,0.0,0.0,0.0,0.0,0.18181818181818182,0.13636363636363635,2.0,31.0,24.181818181818183,2.0
003199,Gannon Matthews,Gannon,Matthews,,,1,1,CHA,Chaos,2025-06-07,2025-06-07,1.0,0.0,0.0,0.0,0.0,1.0,1.0,1,0.0,0.0,0.0,0.0,0.0,0.0,0.0,2.0,0.0,0,0,0,0.0,0.0,1.0,0.5,1.0,11.0,8.0,0.0,1.0,,,,,1.0,,1.0,0.0,0.0,0.0,0.0,1.0,1.0,1.0,0.0,0.0,0.0,0.0,0.0,0.0,0.0,2.0,0.0,0.0,0.0,0.0,0.0,0.0,1.0,0.5,1.0,11.0,8.0,1.0
003203,CK Giancola,CK,Giancola,M,Midfield,3,1,ARC,Archers,2026-05-09,2026-05-30,4.0,4.0,4.0,0.0,4.0,0.0,16.0,10,6.0,0.0,0.0,0.0,0.0,0.0,5.0,3.0,0.0,0,0,0,0.0,0.0,1.0,0.5,5.0,87.0,68.0,0.25,0.625,,,,,0.0,0.0,1.3333333333333333,1.3333333333333333,1.3333333333333333,0.0,1.3333333333333333,0.0,5.333333333333333,3.3333333333333335,2.0,0.0,0.0,0.0,0.0,0.0,1.6666666666666667,1.0,0.0,0.0,0.0,0.0,0.0,0.0,0.3333333333333333,0.16666666666666666,1.6666666666666667,29.0,22.666666666666668,1.6666666666666667
003206,Greg Langermeier,Greg,Langermeier,SSDM,Defensive Midfield,12,2,CHA,Chaos,2025-06-06,2026-08-01,2.0,0.0,0.0,0.0,0.0,2.0,6.0,0,0.0,0.0,0.0,0.0,0.0,0.0,14.0,7.0,6.0,1,3,4,0.0,0.0,3.0,2.0,6.0,69.0,56.0,0.0,0.0,0.25,,,,0.3333333333333333,,0.16666666666666666,0.0,0.0,0.0,0.0,0.16666666666666666,0.5,0.0,0.0,0.0,0.0,0.0,0.0,0.0,1.1666666666666667,0.5833333333333334,0.5,0.08333333333333333,0.25,0.3333333333333333,0.0,0.0,0.25,0.16666666666666666,0.5,5.75,4.666666666666667,0.5
003208,Max Merklinger,Max,Merklinger,A,Attack,2,1,ARC,Archers,2025-06-28,2025-07-27,0.0,0.0,0.0,0.0,0.0,0.0,4.0,2,1.0,0.0,0.0,0.0,0.0,0.0,1.0,2.0,0.0,0,0,0,0.0,0.0,0.0,0.0,1.0,22.0,16.0,0.0,0.5,,,,,0.0,0.0,0.0,0.0,0.0,0.0,0.0,0.0,2.0,1.0,0.5,0.0,0.0,0.0,0.0,0.0,0.5,1.0,0.0,0.0,0.0,0.0,0.0,0.0,0.0,0.0,0.5,11.0,8.0,0.5
003209,Michael Lampert,Michael,Lampert,A,Attack,4,2,WAT,Waterdogs,2025-06-13,2026-05-09,1.0,0.0,0.0,0.0,0.0,1.0,4.0,2,0.0,0.0,0.0,0.0,0.0,0.0,0.0,4.0,0.0,0,0,0,0.0,0.0,0.0,0.0,2.0,27.0,19.0,0.0,0.5,,,,,0.5,,0.25,0.0,0.0,0.0,0.0,0.25,1.0,0.5,0.0,0.0,0.0,0.0,0.0,0.0,0.0,1.0,0.0,0.0,0.0,0.0,0.0,0.0,0.0,0.0,0.5,6.75,4.75,0.5
003211,Josh Balcarcel,Josh,Balcarcel,M,Midfield,21,2,RED,Redwoods,2025-05-31,2026-08-16,25.0,18.0,18.0,0.0,18.0,7.0,52.0,38,4.0,0.0,0.0,0.0,0.0,0.0,10.0,15.0,0.0,0,0,0,0.0,0.0,2.0,1.0,18.0,301.0,234.0,0.34615384615384615,0.7307692307692307,,,,,0.3888888888888889,0.0,1.1904761904761905,0.8571428571428571,0.8571428571428571,0.0,0.8571428571428571,0.3333333333333333,2.4761904761904763,1.8095238095238095,0.19047619047619047,0.0,0.0,0.0,0.0,0.0,0.47619047619047616,0.7142857142857143,0.0,0.0,0.0,0.0,0.0,0.0,0.09523809523809523,0.047619047619047616,0.8571428571428571,14.333333333333334,11.142857142857142,0.8571428571428571
003212,Ray Dearth,Ray,Dearth,SSDM,Defensive Midfield,21,2,CHA,Chaos,2025-05-30,2026-08-08,6.0,4.0,2.0,1.0,3.0,2.0,7.0,5,2.0,0.0,0.0,0.0,0.0,0.0,21.0,2.0,9.0,4,37,41,0.0,0.0,2.0,1.0,6.0,116.0,107.0,0.42857142857142855,0.7142857142857143,0.0975609756097561,,,,0.3333333333333333,0.5,0.2857142857142857,0.19047619047619047,0.09523809523809523,0.047619047619047616,0.14285714285714285,0.09523809523809523,0.3333333333333333,0.23809523809523808,0.09523809523809523,0.0,0.0,0.0,0.0,0.0,1.0,0.09523809523809523,0.42857142857142855,0.19047619047619047,1.7619047619047619,1.9523809523809523,0.0,0.0,0.09523809523809523,0.047619047619047616,0.2857142857142857,5.523809523809524,5.095238095238095,0.2857142857142857
003215,Tommy Stull,Tommy,Stull,LSM,Long Stick Midfield,2,1,ARC,Archers,2026-05-09,2026-06-05,0.0,0.0,0.0,0.0,0.0,0.0,0.0,0,0.0,0.0,0.0,0.0,0.0,0.0,4.0,0.0,1.0,0,0,0,0.0,0.0,0.0,0.0,0.0,6.0,6.0,,,,,,,,,0.0,0.0,0.0,0.0,0.0,0.0,0.0,0.0,0.0,0.0,0.0,0.0,0.0,0.0,2.0,0.0,0.5,0.0,0.0,0.0,0.0,0.0,0.0,0.0,0.0,3.0,3.0,0.0
003220,Dylan Renner,Dylan,Renner,,,1,1,ARC,Archers,2025-05-31,2025-05-31,0.0,0.0,0.0,0.0,0.0,0.0,0.0,0,0.0,0.0,0.0,0.0,0.0,0.0,0.0,0.0,0.0,0,0,0,0.0,0.0,0.0,0.0,0.0,1.0,1.0,,,,,,,,,0.0,0.0,0.0,0.0,0.0,0.0,0.0,0.0,0.0,0.0,0.0,0.0,0.0,0.0,0.0,0.0,0.0,0.0,0.0,0.0,0.0,0.0,0.0,0.0,0.0,1.0,1.0,0.0
003228,Remington Reynolds,Remington,Reynolds,D,Defense,4,1,CAN,Cannons,2026-05-15,2026-06-28,0.0,0.0,0.0,0.0,0.0,0.0,1.0,0,0.0,0.0,0.0,0.0,0.0,0.0,8.0,1.0,2.0,0,0,0,0.0,0.0,3.0,3.5,0.0,18.0,16.0,0.0,0.0,,,,,,,0.0,0.0,0.0,0.0,0.0,0.0,0.25,0.0,0.0,0.0,0.0,0.0,0.0,0.0,2.0,0.25,0.5,0.0,0.0,0.0,0.0,0.0,0.75,0.875,0.0,4.5,4.0,0.0
003229,Matt Wright,Matt,Wright,LSM,Long Stick Midfield,2,1,RED,Redwoods,2026-06-20,2026-06-28,0.0,0.0,0.0,0.0,0.0,0.0,0.0,0,0.0,0.0,0.0,0.0,0.0,0.0,3.0,0.0,0.0,0,0,0,0.0,0.0,0.0,0.0,0.0,11.0,11.0,,,,,,,,,0.0,0.0,0.0,0.0,0.0,0.0,0.0,0.0,0.0,0.0,0.0,0.0,0.0,0.0,1.5,0.0,0.0,0.0,0.0,0.0,0.0,0.0,0.0,0.0,0.0,5.5,5.5,0.0
003232,Casey Wilson,Casey,Wilson,M,Midfield,4,1,WAT,Waterdogs,2026-05-31,2026-08-16,2.0,2.0,2.0,0.0,2.0,0.0,2.0,2,0.0,0.0,0.0,0.0,0.0,0.0,4.0,2.0,0.0,0,0,0,0.0,0.0,1.0,0.5,0.0,26.0,22.0,1.0,1.0,,,,,,,0.5,0.5,0.5,0.0,0.5,0.0,0.5,0.5,0.0,0.0,0.0,0.0,0.0,0.0,1.0,0.5,0.0,0.0,0.0,0.0,0.0,0.0,0.25,0.125,0.0,6.5,5.5,0.0
003233,Christian Fournier,Christian,Fournier,,,2,1,CAN,Cannons,2026-05-15,2026-05-17,0.0,0.0,0.0,0.0,0.0,0.0,0.0,0,0.0,0.0,0.0,0.0,0.0,0.0,2.0,2.0,0.0,0,0,0,0.0,0.0,0.0,0.0,0.0,3.0,1.0,,,,,,,,,0.0,0.0,0.0,0.0,0.0,0.0,0.0,0.0,0.0,0.0,0.0,0.0,0.0,0.0,1.0,1.0,0.0,0.0,0.0,0.0,0.0,0.0,0.0,0.0,0.0,1.5,0.5,0.0
003238,Aidan McLane,Aidan,McLane,M,Midfield,1,1,ATL,Atlas,2026-05-16,2026-05-16,0.0,0.0,0.0,0.0,0.0,0.0,3.0,0,0.0,0.0,0.0,0.0,0.0,0.0,0.0,0.0,0.0,0,0,0,0.0,0.0,0.0,0.0,0.0,8.0,5.0,0.0,0.0,,,,,,,0.0,0.0,0.0,0.0,0.0,0.0,3.0,0.0,0.0,0.0,0.0,0.0,0.0,0.0,0.0,0.0,0.0,0.0,0.0,0.0,0.0,0.0,0.0,0.0,0.0,8.0,5.0,0.0
003242,Cooper Frankenheimer,Cooper,Frankenheimer,SSDM,Defensive Midfield,1,1,ATL,Atlas,2026-05-16,2026-05-16,0.0,0.0,0.0,0.0,0.0,0.0,1.0,0,0.0,0.0,0.0,0.0,0.0,0.0,1.0,0.0,0.0,0,0,0,0.0,0.0,0.0,0.0,1.0,4.0,3.0,0.0,0.0,,,,,0.0,,0.0,0.0,0.0,0.0,0.0,0.0,1.0,0.0,0.0,0.0,0.0,0.0,0.0,0.0,1.0,0.0,0.0,0.0,0.0,0.0,0.0,0.0,0.0,0.0,1.0,4.0,3.0,1.0
003246,Nathan Kapp,Nathan,Kapp,FO,Faceoff,1,1,WHP,Whipsnakes,2026-08-16,2026-08-16,0.0,0.0,0.0,0.0,0.0,0.0,0.0,0,0.0,0.0,0.0,0.0,0.0,0.0,5.0,0.0,0.0,13,10,23,0.0,0.0,0.0,0.0,0.0,5.0,5.0,,,0.5652173913043478,,,,,,0.0,0.0,0.0,0.0,0.0,0.0,0.0,0.0,0.0,0.0,0.0,0.0,0.0,0.0,5.0,0.0,0.0,13.0,10.0,23.0,0.0,0.0,0.0,0.0,0.0,5.0,5.0,0.0
003248,Ryan Stines,Ryan,Stines,M,Midfield,12,1,ARC,Archers,2026-05-09,2026-08-08,30.0,18.0,18.0,0.0,18.0,12.0,60.0,39,2.0,0.0,0.0,0.0,0.0,0.0,12.0,18.0,1.0,0,0,0,0.0,0.0,1.0,0.5,27.0,334.0,256.0,0.3,0.65,,,,,0.4444444444444444,0.0,2.5,1.5,1.5,0.0,1.5,1.0,5.0,3.25,0.16666666666666666,0.0,0.0,0.0,0.0,0.0,1.0,1.5,0.08333333333333333,0.0,0.0,0.0,0.0,0.0,0.08333333333333333,0.041666666666666664,2.25,27.833333333333332,21.333333333333332,2.25
003249,Logan Ip,Logan,Ip,M,Midfield,3,1,CAN,Cannons,2026-06-07,2026-07-25,1.0,1.0,1.0,0.0,1.0,0.0,10.0,7,0.0,0.0,0.0,0.0,0.0,0.0,0.0,1.0,0.0,0,0,0,0.0,0.0,0.0,0.0,4.0,41.0,30.0,0.1,0.7,,,,,0.0,,0.3333333333333333,0.3333333333333333,0.3333333333333333,0.0,0.3333333333333333,0.0,3.3333333333333335,2.3333333333333335,0.0,0.0,0.0,0.0,0.0,0.0,0.0,0.3333333333333333,0.0,0.0,0.0,0.0,0.0,0.0,0.0,0.0,1.3333333333333333,13.666666666666666,10.0,1.3333333333333333
003250,Eric Spanos,Eric,Spanos,M,Midfield,9,1,CHA,Chaos,2026-05-09,2026-07-25,12.0,11.0,11.0,0.0,11.0,1.0,38.0,31,2.0,0.0,0.0,0.0,0.0,0.0,9.0,9.0,0.0,0,0,0,0.0,0.0,0.0,0.0,7.0,152.0,105.0,0.2894736842105263,0.8157894736842105,,,,,0.14285714285714285,0.0,1.3333333333333333,1.2222222222222223,1.2222222222222223,0.0,1.2222222222222223,0.1111111111111111,4.222222222222222,3.4444444444444446,0.2222222222222222,0.0,0.0,0.0,0.0,0.0,1.0,1.0,0.0,0.0,0.0,0.0,0.0,0.0,0.0,0.0,0.7777777777777778,16.88888888888889,11.666666666666666,0.7777777777777778
003251,Nikko DiPonio,Nikko,DiPonio,D,Defense,2,1,ATL,Atlas,2026-05-09,2026-05-16,0.0,0.0,0.0,0.0,0.0,0.0,1.0,0,0.0,0.0,0.0,0.0,0.0,0.0,6.0,0.0,1.0,0,0,0,0.0,0.0,0.0,0.0,0.0,15.0,14.0,0.0,0.0,,,,,,,0.0,0.0,0.0,0.0,0.0,0.0,0.5,0.0,0.0,0.0,0.0,0.0,0.0,0.0,3.0,0.0,0.5,0.0,0.0,0.0,0.0,0.0,0.0,0.0,0.0,7.5,7.0,0.0
003252,Leo Johnson,Leo,Johnson,M,Midfield,9,1,ARC,Archers,2026-06-05,2026-08-08,14.0,8.0,8.0,0.0,8.0,6.0,44.0,22,0.0,0.0,0.0,0.0,0.0,0.0,7.0,12.0,0.0,0,0,0,0.0,0.0,0.0,0.0,15.0,154.0,98.0,0.18181818181818182,0.5,,,,,0.4,,1.5555555555555556,0.8888888888888888,0.8888888888888888,0.0,0.8888888888888888,0.6666666666666666,4.888888888888889,2.4444444444444446,0.0,0.0,0.0,0.0,0.0,0.0,0.7777777777777778,1.3333333333333333,0.0,0.0,0.0,0.0,0.0,0.0,0.0,0.0,1.6666666666666667,17.11111111111111,10.88888888888889,1.6666666666666667
003253,Marcus Wertheim,Marcus,Wertheim,M,Midfield,2,1,RED,Redwoods,2026-05-09,2026-05-16,1.0,0.0,0.0,0.0,0.0,1.0,7.0,3,0.0,0.0,0.0,0.0,0.0,0.0,1.0,2.0,0.0,0,0,0,0.0,0.0,0.0,0.0,3.0,48.0,39.0,0.0,0.42857142857142855,,,,,0.3333333333333333,,0.5,0.0,0.0,0.0,0.0,0.5,3.5,1.5,0.0,0.0,0.0,0.0,0.0,0.0,0.5,1.0,0.0,0.0,0.0,0.0,0.0,0.0,0.0,0.0,1.5,24.0,19.5,1.5
003254,Peter Detwiler,Peter,Detwiler,SSDM,Defensive Midfield,12,1,CHA,Chaos,2026-05-09,2026-08-08,2.0,2.0,2.0,0.0,2.0,0.0,5.0,5,0.0,0.0,0.0,0.0,0.0,0.0,16.0,3.0,2.0,2,5,8,0.0,0.0,3.0,1.5,6.0,88.0,80.0,0.4,1.0,0.25,,,,0.0,,0.16666666666666666,0.16666666666666666,0.16666666666666666,0.0,0.16666666666666666,0.0,0.4166666666666667,0.4166666666666667,0.0,0.0,0.0,0.0,0.0,0.0,1.3333333333333333,0.25,0.16666666666666666,0.16666666666666666,0.4166666666666667,0.6666666666666666,0.0,0.0,0.25,0.125,0.5,7.333333333333333,6.666666666666667,0.5
003255,Joe Juengerkes,Joe,Juengerkes,SSDM,Defensive Midfield,8,1,WHP,Whipsnakes,2026-05-09,2026-08-16,2.0,0.0,0.0,0.0,0.0,2.0,1.0,0,0.0,0.0,0.0,0.0,0.0,0.0,4.0,2.0,1.0,1,18,19,0.0,0.0,1.0,1.0,2.0,51.0,48.0,0.0,0.0,0.05263157894736842,,,,1.0,,0.25,0.0,0.0,0.0,0.0,0.25,0.125,0.0,0.0,0.0,0.0,0.0,0.0,0.0,0.5,0.25,0.125,0.125,2.25,2.375,0.0,0.0,0.125,0.125,0.25,6.375,6.0,0.25
003256,Nolan Byrne,Nolan,Byrne,M,Midfield,3,1,OUT,Outlaws,2026-07-26,2026-08-08,4.0,3.0,3.0,0.0,3.0,1.0,11.0,8,0.0,0.0,0.0,0.0,0.0,0.0,2.0,6.0,0.0,0,0,0,0.0,0.0,0.0,0.0,1.0,41.0,24.0,0.2727272727272727,0.7272727272727273,,,,,1.0,,1.3333333333333333,1.0,1.0,0.0,1.0,0.3333333333333333,3.6666666666666665,2.6666666666666665,0.0,0.0,0.0,0.0,0.0,0.0,0.6666666666666666,2.0,0.0,0.0,0.0,0.0,0.0,0.0,0.0,0.0,0.3333333333333333,13.666666666666666,8.0,0.3333333333333333
003257,Teddy Malone,Teddy,Malone,M,Midfield,10,1,CHA,Chaos,2026-05-09,2026-08-08,24.0,16.0,16.0,0.0,16.0,8.0,40.0,26,0.0,0.0,0.0,0.0,0.0,0.0,5.0,11.0,1.0,0,0,0,0.0,0.0,0.0,0.0,12.0,216.0,165.0,0.4,0.65,,,,,0.6666666666666666,,2.4,1.6,1.6,0.0,1.6,0.8,4.0,2.6,0.0,0.0,0.0,0.0,0.0,0.0,0.5,1.1,0.1,0.0,0.0,0.0,0.0,0.0,0.0,0.0,1.2,21.6,16.5,1.2
003259,Liam Kammar,Liam,Kammar,SSDM,Defensive Midfield,6,1,ATL,Atlas,2026-05-09,2026-08-08,0.0,0.0,0.0,0.0,0.0,0.0,1.0,1,0.0,0.0,0.0,0.0,0.0,0.0,4.0,0.0,1.0,0,0,0,0.0,0.0,0.0,0.0,0.0,25.0,24.0,0.0,1.0,,,,,,,0.0,0.0,0.0,0.0,0.0,0.0,0.16666666666666666,0.16666666666666666,0.0,0.0,0.0,0.0,0.0,0.0,0.6666666666666666,0.0,0.16666666666666666,0.0,0.0,0.0,0.0,0.0,0.0,0.0,0.0,4.166666666666667,4.0,0.0
003260,Jack Pilling,Jack,Pilling,SSDM,Defensive Midfield,7,1,WHP,Whipsnakes,2026-05-16,2026-08-07,1.0,0.0,0.0,0.0,0.0,1.0,1.0,0,0.0,0.0,0.0,0.0,0.0,0.0,13.0,1.0,4.0,0,8,8,0.0,0.0,1.0,0.5,3.0,50.0,48.0,0.0,0.0,0.0,,,,0.3333333333333333,,0.14285714285714285,0.0,0.0,0.0,0.0,0.14285714285714285,0.14285714285714285,0.0,0.0,0.0,0.0,0.0,0.0,0.0,1.8571428571428572,0.14285714285714285,0.5714285714285714,0.0,1.1428571428571428,1.1428571428571428,0.0,0.0,0.14285714285714285,0.07142857142857142,0.42857142857142855,7.142857142857143,6.857142857142857,0.42857142857142855
003261,Truitt Sunderland,Truitt,Sunderland,M,Midfield,6,1,WHP,Whipsnakes,2026-05-16,2026-08-01,9.0,4.0,4.0,0.0,4.0,5.0,13.0,10,0.0,0.0,0.0,0.0,0.0,0.0,0.0,3.0,0.0,0,0,0,0.0,0.0,0.0,0.0,12.0,78.0,62.0,0.3076923076923077,0.7692307692307693,,,,,0.4166666666666667,,1.5,0.6666666666666666,0.6666666666666666,0.0,0.6666666666666666,0.8333333333333334,2.1666666666666665,1.6666666666666667,0.0,0.0,0.0,0.0,0.0,0.0,0.0,0.5,0.0,0.0,0.0,0.0,0.0,0.0,0.0,0.0,2.0,13.0,10.333333333333334,2.0
003264,Sean Byrne,Sean,Byrne,G,Goalie,7,1,WAT,Waterdogs,2026-05-17,2026-08-16,0.0,0.0,0.0,0.0,0.0,0.0,0.0,0,0.0,86.0,41.0,45.0,57.0,75.77721527227068,11.0,3.0,2.0,0,0,0,52.0,5.0,0.0,0.0,1.0,111.0,108.0,,,,0.6231884057971014,47.674418604651166,0.2971014492753623,0.0,,0.0,0.0,0.0,0.0,0.0,0.0,0.0,0.0,0.0,12.285714285714286,5.857142857142857,6.428571428571429,8.142857142857142,10.82531646746724,1.5714285714285714,0.42857142857142855,0.2857142857142857,0.0,0.0,0.0,7.428571428571429,0.7142857142857143,0.0,0.0,0.14285714285714285,15.857142857142858,15.428571428571429,0.14285714285714285
003266,Silas Richmond,Silas,Richmond,A,Attack,7,1,WAT,Waterdogs,2026-06-28,2026-08-16,8.0,7.0,5.0,1.0,6.0,1.0,27.0,16,2.0,0.0,0.0,0.0,0.0,0.0,11.0,4.0,3.0,0,0,0,0.0,0.0,1.0,1.0,5.0,133.0,102.0,0.2222222222222222,0.5925925925925926,,,,,0.2,0.5,1.1428571428571428,1.0,0.7142857142857143,0.14285714285714285,0.8571428571428571,0.14285714285714285,3.857142857142857,2.2857142857142856,0.2857142857142857,0.0,0.0,0.0,0.0,0.0,1.5714285714285714,0.5714285714285714,0.42857142857142855,0.0,0.0,0.0,0.0,0.0,0.14285714285714285,0.14285714285714285,0.7142857142857143,19.0,14.571428571428571,0.7142857142857143
003267,Mikey Weisshaar,Mikey,Weisshaar,M,Midfield,12,1,CAN,Cannons,2026-05-15,2026-08-09,20.0,18.0,18.0,0.0,18.0,2.0,53.0,34,1.0,0.0,0.0,0.0,0.0,0.0,14.0,17.0,2.0,0,0,0,0.0,0.0,0.0,0.0,16.0,287.0,217.0,0.33962264150943394,0.6415094339622641,,,,,0.125,0.0,1.6666666666666667,1.5,1.5,0.0,1.5,0.16666666666666666,4.416666666666667,2.8333333333333335,0.08333333333333333,0.0,0.0,0.0,0.0,0.0,1.1666666666666667,1.4166666666666667,0.16666666666666666,0.0,0.0,0.0,0.0,0.0,0.0,0.0,1.3333333333333333,23.916666666666668,18.083333333333332,1.3333333333333333
003268,Jack Taylor,Jack,Taylor,M,Midfield,1,1,CHA,Chaos,2026-08-08,2026-08-08,1.0,1.0,1.0,0.0,1.0,0.0,6.0,2,1.0,0.0,0.0,0.0,0.0,0.0,1.0,2.0,0.0,0,0,0,0.0,0.0,0.0,0.0,0.0,27.0,19.0,0.16666666666666666,0.3333333333333333,,,,,,0.0,1.0,1.0,1.0,0.0,1.0,0.0,6.0,2.0,1.0,0.0,0.0,0.0,0.0,0.0,1.0,2.0,0.0,0.0,0.0,0.0,0.0,0.0,0.0,0.0,0.0,27.0,19.0,0.0
003269,Brendan Staub,Brendan,Staub,LSM,Long Stick Midfield,10,1,WAT,Waterdogs,2026-05-31,2026-08-16,1.0,1.0,1.0,0.0,1.0,0.0,11.0,7,7.0,0.0,0.0,0.0,0.0,0.0,14.0,1.0,6.0,0,0,0,0.0,0.0,2.0,2.0,2.0,77.0,65.0,0.09090909090909091,0.6363636363636364,,,,,0.0,0.0,0.1,0.1,0.1,0.0,0.1,0.0,1.1,0.7,0.7,0.0,0.0,0.0,0.0,0.0,1.4,0.1,0.6,0.0,0.0,0.0,0.0,0.0,0.2,0.2,0.2,7.7,6.5,0.2
003270,Evan Plunkett,Evan,Plunkett,M,Midfield,9,1,OUT,Outlaws,2026-05-16,2026-08-16,9.0,3.0,3.0,0.0,3.0,6.0,37.0,15,1.0,0.0,0.0,0.0,0.0,0.0,5.0,8.0,1.0,0,0,0,0.0,0.0,0.0,0.0,19.0,168.0,123.0,0.08108108108108109,0.40540540540540543,,,,,0.3157894736842105,0.0,1.0,0.3333333333333333,0.3333333333333333,0.0,0.3333333333333333,0.6666666666666666,4.111111111111111,1.6666666666666667,0.1111111111111111,0.0,0.0,0.0,0.0,0.0,0.5555555555555556,0.8888888888888888,0.1111111111111111,0.0,0.0,0.0,0.0,0.0,0.0,0.0,2.111111111111111,18.666666666666668,13.666666666666666,2.111111111111111
003271,Hunter Smith,Hunter,Smith,D,Defense,9,1,CAN,Cannons,2026-05-29,2026-08-09,0.0,0.0,0.0,0.0,0.0,0.0,1.0,1,0.0,0.0,0.0,0.0,0.0,0.0,15.0,0.0,8.0,0,0,0,0.0,0.0,2.0,2.0,2.0,34.0,33.0,0.0,1.0,,,,,0.0,,0.0,0.0,0.0,0.0,0.0,0.0,0.1111111111111111,0.1111111111111111,0.0,0.0,0.0,0.0,0.0,0.0,1.6666666666666667,0.0,0.8888888888888888,0.0,0.0,0.0,0.0,0.0,0.2222222222222222,0.2222222222222222,0.2222222222222222,3.7777777777777777,3.6666666666666665,0.2222222222222222
003273,Matt Collison,Matt,Collison,M,Midfield,8,1,WAT,Waterdogs,2026-06-28,2026-08-16,15.0,13.0,5.0,4.0,9.0,2.0,29.0,18,7.0,0.0,0.0,0.0,0.0,0.0,2.0,7.0,1.0,0,0,0,0.0,0.0,1.0,0.5,9.0,167.0,131.0,0.3103448275862069,0.6206896551724138,,,,,0.2222222222222222,0.5714285714285714,1.875,1.625,0.625,0.5,1.125,0.25,3.625,2.25,0.875,0.0,0.0,0.0,0.0,0.0,0.25,0.875,0.125,0.0,0.0,0.0,0.0,0.0,0.125,0.0625,1.125,20.875,16.375,1.125
003274,Patty Eldredge,Patty,Eldredge,SSDM,Defensive Midfield,1,1,WAT,Waterdogs,2026-05-31,2026-05-31,0.0,0.0,0.0,0.0,0.0,0.0,0.0,0,0.0,0.0,0.0,0.0,0.0,0.0,2.0,0.0,1.0,0,0,0,0.0,0.0,0.0,0.0,0.0,5.0,5.0,,,,,,,,,0.0,0.0,0.0,0.0,0.0,0.0,0.0,0.0,0.0,0.0,0.0,0.0,0.0,0.0,2.0,0.0,1.0,0.0,0.0,0.0,0.0,0.0,0.0,0.0,0.0,5.0,5.0,0.0
003275,Andrew McMeekin,Andrew,McMeekin,FO,Faceoff,9,1,CAN,Cannons,2026-06-07,2026-08-09,9.0,2.0,2.0,0.0,2.0,7.0,19.0,8,3.0,0.0,0.0,0.0,0.0,0.0,79.0,5.0,3.0,145,87,232,0.0,0.0,1.0,1.0,11.0,84.0,60.0,0.10526315789473684,0.42105263157894735,0.625,,,,0.6363636363636364,0.0,1.0,0.2222222222222222,0.2222222222222222,0.0,0.2222222222222222,0.7777777777777778,2.111111111111111,0.8888888888888888,0.3333333333333333,0.0,0.0,0.0,0.0,0.0,8.777777777777779,0.5555555555555556,0.3333333333333333,16.11111111111111,9.666666666666666,25.77777777777778,0.0,0.0,0.1111111111111111,0.1111111111111111,1.2222222222222223,9.333333333333334,6.666666666666667,1.2222222222222223
003276,Richard Checo,Richard,Checo,LSM,Long Stick Midfield,6,1,CHA,Chaos,2026-05-31,2026-08-08,0.0,0.0,0.0,0.0,0.0,0.0,0.0,0,0.0,0.0,0.0,0.0,0.0,0.0,2.0,4.0,8.0,0,0,0,0.0,0.0,0.0,0.0,0.0,16.0,12.0,,,,,,,,,0.0,0.0,0.0,0.0,0.0,0.0,0.0,0.0,0.0,0.0,0.0,0.0,0.0,0.0,0.3333333333333333,0.6666666666666666,1.3333333333333333,0.0,0.0,0.0,0.0,0.0,0.0,0.0,0.0,2.6666666666666665,2.0,0.0
003277,Joey Spallina,Joey,Spallina,A,Attack,10,1,WHP,Whipsnakes,2026-05-29,2026-08-16,36.0,18.0,14.0,2.0,16.0,18.0,59.0,29,3.0,0.0,0.0,0.0,0.0,0.0,16.0,12.0,0.0,0,0,0,0.0,0.0,3.0,2.0,48.0,392.0,321.0,0.2711864406779661,0.4915254237288136,,,,,0.375,0.6666666666666666,3.6,1.8,1.4,0.2,1.6,1.8,5.9,2.9,0.3,0.0,0.0,0.0,0.0,0.0,1.6,1.2,0.0,0.0,0.0,0.0,0.0,0.0,0.3,0.2,4.8,39.2,32.1,4.8
003278,Aidan Maguire,Aidan,Maguire,SSDM,Defensive Midfield,10,1,ARC,Archers,2026-05-30,2026-08-08,7.0,6.0,4.0,1.0,5.0,1.0,12.0,10,3.0,0.0,0.0,0.0,0.0,0.0,12.0,4.0,2.0,0,0,0,0.0,0.0,3.0,2.0,4.0,79.0,63.0,0.4166666666666667,0.8333333333333334,,,,,0.25,0.3333333333333333,0.7,0.6,0.4,0.1,0.5,0.1,1.2,1.0,0.3,0.0,0.0,0.0,0.0,0.0,1.2,0.4,0.2,0.0,0.0,0.0,0.0,0.0,0.3,0.2,0.4,7.9,6.3,0.4
003279,Luke Rhoa,Luke,Rhoa,M,Midfield,2,1,ATL,Atlas,2026-06-06,2026-07-19,0.0,0.0,0.0,0.0,0.0,0.0,8.0,3,1.0,0.0,0.0,0.0,0.0,0.0,1.0,1.0,1.0,0,0,0,0.0,0.0,0.0,0.0,1.0,28.0,19.0,0.0,0.375,,,,,0.0,0.0,0.0,0.0,0.0,0.0,0.0,0.0,4.0,1.5,0.5,0.0,0.0,0.0,0.0,0.0,0.5,0.5,0.5,0.0,0.0,0.0,0.0,0.0,0.0,0.0,0.5,14.0,9.5,0.5
003280,Chad Palumbo,Chad,Palumbo,M,Midfield,10,1,CHA,Chaos,2026-05-31,2026-08-08,27.0,21.0,19.0,1.0,20.0,6.0,64.0,39,4.0,0.0,0.0,0.0,0.0,0.0,8.0,22.0,4.0,0,0,0,0.0,0.0,1.0,1.0,17.0,201.0,115.0,0.3125,0.609375,,,,,0.35294117647058826,0.25,2.7,2.1,1.9,0.1,2.0,0.6,6.4,3.9,0.4,0.0,0.0,0.0,0.0,0.0,0.8,2.2,0.4,0.0,0.0,0.0,0.0,0.0,0.1,0.1,1.7,20.1,11.5,1.7
003281,Kyle Lewis,Kyle,Lewis,M,Midfield,9,1,WAT,Waterdogs,2026-06-07,2026-08-16,9.0,7.0,7.0,0.0,7.0,2.0,23.0,12,0.0,0.0,0.0,0.0,0.0,0.0,5.0,5.0,2.0,0,0,0,0.0,0.0,1.0,0.5,10.0,109.0,81.0,0.30434782608695654,0.5217391304347826,,,,,0.2,,1.0,0.7777777777777778,0.7777777777777778,0.0,0.7777777777777778,0.2222222222222222,2.5555555555555554,1.3333333333333333,0.0,0.0,0.0,0.0,0.0,0.0,0.5555555555555556,0.5555555555555556,0.2222222222222222,0.0,0.0,0.0,0.0,0.0,0.1111111111111111,0.05555555555555555,1.1111111111111112,12.11111111111111,9.0,1.1111111111111112
003282,Billy Dwan,Billy,Dwan,D,Defense,8,1,WHP,Whipsnakes,2026-05-29,2026-08-16,2.0,1.0,1.0,0.0,1.0,1.0,4.0,3,1.0,0.0,0.0,0.0,0.0,0.0,10.0,2.0,3.0,0,0,0,0.0,0.0,2.0,1.5,1.0,30.0,24.0,0.25,0.75,,,,,1.0,0.0,0.25,0.125,0.125,0.0,0.125,0.125,0.5,0.375,0.125,0.0,0.0,0.0,0.0,0.0,1.25,0.25,0.375,0.0,0.0,0.0,0.0,0.0,0.25,0.1875,0.125,3.75,3.0,0.125
003283,Blake Eiland,Blake,Eiland,SSDM,Defensive Midfield,9,1,WHP,Whipsnakes,2026-05-29,2026-08-16,2.0,1.0,1.0,0.0,1.0,1.0,3.0,3,0.0,0.0,0.0,0.0,0.0,0.0,10.0,2.0,3.0,2,18,20,0.0,0.0,0.0,0.0,3.0,44.0,39.0,0.3333333333333333,1.0,0.1,,,,0.3333333333333333,,0.2222222222222222,0.1111111111111111,0.1111111111111111,0.0,0.1111111111111111,0.1111111111111111,0.3333333333333333,0.3333333333333333,0.0,0.0,0.0,0.0,0.0,0.0,1.1111111111111112,0.2222222222222222,0.3333333333333333,0.2222222222222222,2.0,2.2222222222222223,0.0,0.0,0.0,0.0,0.3333333333333333,4.888888888888889,4.333333333333333,0.3333333333333333
003284,Eric Kolar,Eric,Kolar,SSDM,Defensive Midfield,7,1,WHP,Whipsnakes,2026-05-30,2026-08-01,1.0,1.0,1.0,0.0,1.0,0.0,2.0,1,0.0,0.0,0.0,0.0,0.0,0.0,8.0,1.0,2.0,0,4,4,0.0,0.0,0.0,0.0,1.0,44.0,41.0,0.5,0.5,0.0,,,,0.0,,0.14285714285714285,0.14285714285714285,0.14285714285714285,0.0,0.14285714285714285,0.0,0.2857142857142857,0.14285714285714285,0.0,0.0,0.0,0.0,0.0,0.0,1.1428571428571428,0.14285714285714285,0.2857142857142857,0.0,0.5714285714285714,0.5714285714285714,0.0,0.0,0.0,0.0,0.14285714285714285,6.285714285714286,5.857142857142857,0.14285714285714285
003285,Jack Regnery,Jack,Regnery,A,Attack,8,1,CAN,Cannons,2026-06-19,2026-08-09,18.0,11.0,11.0,0.0,11.0,7.0,47.0,23,2.0,0.0,0.0,0.0,0.0,0.0,4.0,9.0,1.0,0,0,0,0.0,0.0,0.0,0.0,19.0,175.0,119.0,0.23404255319148937,0.48936170212765956,,,,,0.3684210526315789,0.0,2.25,1.375,1.375,0.0,1.375,0.875,5.875,2.875,0.25,0.0,0.0,0.0,0.0,0.0,0.5,1.125,0.125,0.0,0.0,0.0,0.0,0.0,0.0,0.0,2.375,21.875,14.875,2.375
003286,Will Donovan,Will,Donovan,LSM,Long Stick Midfield,9,1,CAN,Cannons,2026-06-07,2026-08-09,0.0,0.0,0.0,0.0,0.0,0.0,1.0,1,1.0,0.0,0.0,0.0,0.0,0.0,25.0,2.0,11.0,0,0,0,0.0,0.0,1.0,1.0,1.0,44.0,41.0,0.0,1.0,,,,,0.0,0.0,0.0,0.0,0.0,0.0,0.0,0.0,0.1111111111111111,0.1111111111111111,0.1111111111111111,0.0,0.0,0.0,0.0,0.0,2.7777777777777777,0.2222222222222222,1.2222222222222223,0.0,0.0,0.0,0.0,0.0,0.1111111111111111,0.1111111111111111,0.1111111111111111,4.888888888888889,4.555555555555555,0.1111111111111111
003287,Dante Bowen,Dante,Bowen,SSDM,Defensive Midfield,1,1,RED,Redwoods,2026-08-16,2026-08-16,0.0,0.0,0.0,0.0,0.0,0.0,1.0,0,0.0,0.0,0.0,0.0,0.0,0.0,2.0,1.0,2.0,0,0,0,0.0,0.0,0.0,0.0,0.0,5.0,3.0,0.0,0.0,,,,,,,0.0,0.0,0.0,0.0,0.0,0.0,1.0,0.0,0.0,0.0,0.0,0.0,0.0,0.0,2.0,1.0,2.0,0.0,0.0,0.0,0.0,0.0,0.0,0.0,0.0,5.0,3.0,0.0
003288,Josh Yago,Josh,Yago,M,Midfield,10,1,WAT,Waterdogs,2026-05-31,2026-08-16,19.0,11.0,9.0,1.0,10.0,8.0,35.0,20,3.0,0.0,0.0,0.0,0.0,0.0,10.0,4.0,0.0,0,0,0,0.0,0.0,1.0,1.0,22.0,237.0,198.0,0.2857142857142857,0.5714285714285714,,,,,0.36363636363636365,0.3333333333333333,1.9,1.1,0.9,0.1,1.0,0.8,3.5,2.0,0.3,0.0,0.0,0.0,0.0,0.0,1.0,0.4,0.0,0.0,0.0,0.0,0.0,0.0,0.1,0.1,2.2,23.7,19.8,2.2
003289,Alex Ross,Alex,Ross,D,Defense,10,1,ATL,Atlas,2026-05-30,2026-08-15,6.0,4.0,0.0,2.0,2.0,2.0,11.0,3,10.0,0.0,0.0,0.0,0.0,0.0,20.0,6.0,4.0,0,0,0,0.0,0.0,2.0,1.0,5.0,106.0,89.0,0.18181818181818182,0.2727272727272727,,,,,0.4,0.2,0.6,0.4,0.0,0.2,0.2,0.2,1.1,0.3,1.0,0.0,0.0,0.0,0.0,0.0,2.0,0.6,0.4,0.0,0.0,0.0,0.0,0.0,0.2,0.1,0.5,10.6,8.9,0.5
003290,John Dunphey,John,Dunphey,M,Midfield,4,1,OUT,Outlaws,2026-07-25,2026-08-16,1.0,1.0,1.0,0.0,1.0,0.0,6.0,4,0.0,0.0,0.0,0.0,0.0,0.0,2.0,10.0,0.0,1,0,1,0.0,0.0,0.0,0.0,2.0,51.0,35.0,0.16666666666666666,0.6666666666666666,1.0,,,,0.0,,0.25,0.25,0.25,0.0,0.25,0.0,1.5,1.0,0.0,0.0,0.0,0.0,0.0,0.0,0.5,2.5,0.0,0.25,0.0,0.25,0.0,0.0,0.0,0.0,0.5,12.75,8.75,0.5
003291,Ryan Croddick,Ryan,Croddick,G,Goalie,4,1,RED,Redwoods,2026-07-17,2026-08-16,0.0,0.0,0.0,0.0,0.0,0.0,0.0,0,0.0,19.0,9.0,10.0,19.0,44.19945806114851,3.0,4.0,1.0,0,0,0,17.0,2.0,0.0,0.0,0.0,24.0,20.0,,,,0.5277777777777778,47.368421052631575,0.25,,,0.0,0.0,0.0,0.0,0.0,0.0,0.0,0.0,0.0,4.75,2.25,2.5,4.75,11.049864515287128,0.75,1.0,0.25,0.0,0.0,0.0,4.25,0.5,0.0,0.0,0.0,6.0,5.0,0.0
003292,Henry Bard,Henry,Bard,D,Defense,5,1,CHA,Chaos,2026-06-28,2026-07-31,2.0,2.0,0.0,1.0,1.0,0.0,1.0,1,1.0,0.0,0.0,0.0,0.0,0.0,8.0,2.0,3.0,0,0,0,0.0,0.0,0.0,0.0,0.0,30.0,27.0,1.0,1.0,,,,,,1.0,0.4,0.4,0.0,0.2,0.2,0.0,0.2,0.2,0.2,0.0,0.0,0.0,0.0,0.0,1.6,0.4,0.6,0.0,0.0,0.0,0.0,0.0,0.0,0.0,0.0,6.0,5.4,0.0
003293,Hunter Drouin,Hunter,Drouin,A,Attack,2,1,ATL,Atlas,2026-06-06,2026-07-25,1.0,0.0,0.0,0.0,0.0,1.0,4.0,1,0.0,0.0,0.0,0.0,0.0,0.0,1.0,5.0,0.0,0,0,0,0.0,0.0,1.0,0.5,3.0,34.0,25.0,0.0,0.25,,,,,0.3333333333333333,,0.5,0.0,0.0,0.0,0.0,0.5,2.0,0.5,0.0,0.0,0.0,0.0,0.0,0.0,0.5,2.5,0.0,0.0,0.0,0.0,0.0,0.0,0.5,0.25,1.5,17.0,12.5,1.5
003296,Cullen Brown,Cullen,Brown,D,Defense,10,1,RED,Redwoods,2026-06-06,2026-08-16,1.0,1.0,1.0,0.0,1.0,0.0,4.0,1,2.0,0.0,0.0,0.0,0.0,0.0,22.0,3.0,9.0,0,0,0,0.0,0.0,0.0,0.0,2.0,64.0,57.0,0.25,0.25,,,,,0.0,0.0,0.1,0.1,0.1,0.0,0.1,0.0,0.4,0.1,0.2,0.0,0.0,0.0,0.0,0.0,2.2,0.3,0.9,0.0,0.0,0.0,0.0,0.0,0.0,0.0,0.2,6.4,5.7,0.2
003297,Michael Leo,Michael,Leo,M,Midfield,5,1,RED,Redwoods,2026-06-06,2026-07-17,5.0,3.0,3.0,0.0,3.0,2.0,18.0,13,0.0,0.0,0.0,0.0,0.0,0.0,1.0,4.0,0.0,0,0,0,0.0,0.0,0.0,0.0,7.0,66.0,44.0,0.16666666666666666,0.7222222222222222,,,,,0.2857142857142857,,1.0,0.6,0.6,0.0,0.6,0.4,3.6,2.6,0.0,0.0,0.0,0.0,0.0,0.0,0.2,0.8,0.0,0.0,0.0,0.0,0.0,0.0,0.0,0.0,1.4,13.2,8.8,1.4
003298,Finn Thomson,Finn,Thomson,A,Attack,4,1,RED,Redwoods,2026-07-31,2026-08-16,9.0,7.0,7.0,0.0,7.0,2.0,11.0,10,0.0,0.0,0.0,0.0,0.0,0.0,5.0,3.0,2.0,0,0,0,0.0,0.0,1.0,2.0,2.0,55.0,41.0,0.6363636363636364,0.9090909090909091,,,,,1.0,,2.25,1.75,1.75,0.0,1.75,0.5,2.75,2.5,0.0,0.0,0.0,0.0,0.0,0.0,1.25,0.75,0.5,0.0,0.0,0.0,0.0,0.0,0.25,0.5,0.5,13.75,10.25,0.5
003300,Ty English,Ty,English,M,Midfield,7,1,CHA,Chaos,2026-06-28,2026-08-08,3.0,3.0,1.0,1.0,2.0,0.0,10.0,6,2.0,0.0,0.0,0.0,0.0,0.0,15.0,2.0,10.0,1,28,29,0.0,0.0,4.0,3.5,3.0,100.0,88.0,0.2,0.6,0.034482758620689655,,,,0.0,0.5,0.42857142857142855,0.42857142857142855,0.14285714285714285,0.14285714285714285,0.2857142857142857,0.0,1.4285714285714286,0.8571428571428571,0.2857142857142857,0.0,0.0,0.0,0.0,0.0,2.142857142857143,0.2857142857142857,1.4285714285714286,0.14285714285714285,4.0,4.142857142857143,0.0,0.0,0.5714285714285714,0.5,0.42857142857142855,14.285714285714286,12.571428571428571,0.42857142857142855
003301,Carson Billig,Carson,Billig,SSDM,Defensive Midfield,2,1,ATL,Atlas,2026-07-25,2026-08-02,0.0,0.0,0.0,0.0,0.0,0.0,0.0,0,0.0,0.0,0.0,0.0,0.0,0.0,0.0,0.0,0.0,0,0,0,0.0,0.0,0.0,0.0,0.0,3.0,3.0,,,,,,,,,0.0,0.0,0.0,0.0,0.0,0.0,0.0,0.0,0.0,0.0,0.0,0.0,0.0,0.0,0.0,0.0,0.0,0.0,0.0,0.0,0.0,0.0,0.0,0.0,0.0,1.5,1.5,0.0
003302,Vinny Butrico,Vinny,Butrico,A,Attack,2,1,ATL,Atlas,2026-08-02,2026-08-08,2.0,1.0,1.0,0.0,1.0,1.0,6.0,5,0.0,0.0,0.0,0.0,0.0,0.0,2.0,2.0,0.0,0,0,0,0.0,0.0,0.0,0.0,1.0,40.0,32.0,0.16666666666666666,0.8333333333333334,,,,,1.0,,1.0,0.5,0.5,0.0,0.5,0.5,3.0,2.5,0.0,0.0,0.0,0.0,0.0,0.0,1.0,1.0,0.0,0.0,0.0,0.0,0.0,0.0,0.0,0.0,0.5,20.0,16.0,0.5
003303,Leif Hagerup,Leif,Hagerup,SSDM,Defensive Midfield,2,1,CHA,Chaos,2026-08-01,2026-08-08,0.0,0.0,0.0,0.0,0.0,0.0,0.0,0,0.0,0.0,0.0,0.0,0.0,0.0,1.0,1.0,1.0,0,0,0,0.0,0.0,0.0,0.0,0.0,5.0,4.0,,,,,,,,,0.0,0.0,0.0,0.0,0.0,0.0,0.0,0.0,0.0,0.0,0.0,0.0,0.0,0.0,0.5,0.5,0.5,0.0,0.0,0.0,0.0,0.0,0.0,0.0,0.0,2.5,2.0,0.0
