player_id,full_name,position,position_name,split_type,games,first_game_date,last_game_date,opponents,teams,points,scoring_points,one_point_goals,two_point_goals,goals,assists,shots,shots_on_goal,two_point_shots,saves,clean_saves,messy_saves,scores_against,saa,ground_balls,turnovers,caused_turnovers,faceoffs_won,faceoffs_lost,faceoffs,goals_against,two_point_goals_against,num_penalties,pim,assist_opportunities,touches,total_passes,shot_pct_calc,shots_on_goal_rate_calc,faceoff_pct_calc,save_pct_calc,clean_save_pct,clean_save_rate,assist_conv_rate,two_pt_conversion,points_per_game,scoring_points_per_game,one_point_goals_per_game,two_point_goals_per_game,goals_per_game,assists_per_game,shots_per_game,shots_on_goal_per_game,two_point_shots_per_game,saves_per_game,clean_saves_per_game,messy_saves_per_game,scores_against_per_game,saa_per_game,ground_balls_per_game,turnovers_per_game,caused_turnovers_per_game,faceoffs_won_per_game,faceoffs_lost_per_game,faceoffs_per_game,goals_against_per_game,two_point_goals_against_per_game,num_penalties_per_game,pim_per_game,assist_opportunities_per_game,touches_per_game,total_passes_per_game,assist_opp_per_game
000201,Adam Ghitelman,G,Goalie,last_10,10,2022-07-24,2025-08-02,ARC|ATL|CAN|CHA|OUT|RED|WAT,ARC|CAN,0.0,0.0,0.0,0.0,0.0,0.0,2.0,1,2.0,84.0,24.0,60.0,90.0,93.53055425460308,28.0,1.0,2.0,0,0,0,87.0,3.0,1.0,1.0,1.0,119.0,116.0,0.0,0.5,,0.49122807017543857,28.57142857142857,0.14035087719298245,0.0,0.0,0.0,0.0,0.0,0.0,0.0,0.0,0.2,0.1,0.2,8.4,2.4,6.0,9.0,9.353055425460308,2.8,0.1,0.2,0.0,0.0,0.0,8.7,0.3,0.1,0.1,0.1,11.9,11.6,0.1
000204,Christian Cuccinello,A,Attack,last_10,2,2022-06-11,2022-07-24,ARC|ATL,CAN,2.0,2.0,2.0,0.0,2.0,0.0,6.0,4,0.0,0.0,0.0,0.0,0.0,0.0,1.0,0.0,0.0,0,0,0,0.0,0.0,0.0,0.0,0.0,16.0,10.0,0.3333333333333333,0.6666666666666666,,,,,,,1.0,1.0,1.0,0.0,1.0,0.0,3.0,2.0,0.0,0.0,0.0,0.0,0.0,0.0,0.5,0.0,0.0,0.0,0.0,0.0,0.0,0.0,0.0,0.0,0.0,8.0,5.0,0.0
000207,Dominique Alexander,SSDM,Defensive Midfield,last_10,10,2022-06-11,2022-09-11,ATL|CAN|CHA|RED|WAT,ARC,2.0,1.0,1.0,0.0,1.0,1.0,1.0,1,0.0,0.0,0.0,0.0,0.0,0.0,17.0,1.0,9.0,0,0,0,0.0,0.0,3.0,2.0,3.0,75.0,73.0,1.0,1.0,,,,,0.3333333333333333,,0.2,0.1,0.1,0.0,0.1,0.1,0.1,0.1,0.0,0.0,0.0,0.0,0.0,0.0,1.7,0.1,0.9,0.0,0.0,0.0,0.0,0.0,0.3,0.2,0.3,7.5,7.3,0.3
000211,Ian MacKay,SSDM,Defensive Midfield,last_10,10,2024-06-07,2024-09-07,ARC|ATL|CAN|OUT|RED|WAT|WHP,CHA,5.0,3.0,3.0,0.0,3.0,2.0,21.0,13,4.0,0.0,0.0,0.0,0.0,0.0,8.0,6.0,0.0,0,7,7,0.0,0.0,6.0,6.0,9.0,95.0,68.0,0.14285714285714285,0.6190476190476191,0.0,,,,0.2222222222222222,0.0,0.5,0.3,0.3,0.0,0.3,0.2,2.1,1.3,0.4,0.0,0.0,0.0,0.0,0.0,0.8,0.6,0.0,0.0,0.7,0.7,0.0,0.0,0.6,0.6,0.9,9.5,6.8,0.9
000213,Jerry Ragonese,FO,Faceoff,last_10,1,2022-07-02,2022-07-02,CAN,CHA,1.0,1.0,1.0,0.0,1.0,0.0,1.0,1,0.0,0.0,0.0,0.0,0.0,0.0,2.0,0.0,0.0,2,6,8,0.0,0.0,0.0,0.0,0.0,2.0,1.0,1.0,1.0,0.25,,,,,,1.0,1.0,1.0,0.0,1.0,0.0,1.0,1.0,0.0,0.0,0.0,0.0,0.0,0.0,2.0,0.0,0.0,2.0,6.0,8.0,0.0,0.0,0.0,0.0,0.0,2.0,1.0,0.0
000216,Marcus Holman,A,Attack,last_10,10,2026-06-07,2026-08-30,ARC|ATL|CHA|OUT|RED|WAT|WHP,CAN,32.0,27.0,15.0,6.0,21.0,5.0,68.0,49,19.0,0.0,0.0,0.0,0.0,0.0,17.0,12.0,4.0,0,0,0,0.0,0.0,4.0,3.5,30.0,407.0,327.0,0.3088235294117647,0.7205882352941176,,,,,0.16666666666666666,0.3157894736842105,3.2,2.7,1.5,0.6,2.1,0.5,6.8,4.9,1.9,0.0,0.0,0.0,0.0,0.0,1.7,1.2,0.4,0.0,0.0,0.0,0.0,0.0,0.4,0.35,3.0,40.7,32.7,3.0
000217,Mark McNeill,SSDM,Defensive Midfield,last_10,10,2022-06-11,2022-09-11,ATL|CAN|CHA|RED|WAT|WHP,ARC,1.0,0.0,0.0,0.0,0.0,1.0,0.0,0,0.0,0.0,0.0,0.0,0.0,0.0,8.0,3.0,2.0,0,0,0,0.0,0.0,0.0,0.0,1.0,36.0,33.0,,,,,,,1.0,,0.1,0.0,0.0,0.0,0.0,0.1,0.0,0.0,0.0,0.0,0.0,0.0,0.0,0.0,0.8,0.3,0.2,0.0,0.0,0.0,0.0,0.0,0.0,0.0,0.1,3.6,3.3,0.1
000218,Matt McMahon,D,Defense,last_10,10,2023-06-17,2023-09-24,ATL|CHA|OUT|RED|WAT|WHP,ARC,0.0,0.0,0.0,0.0,0.0,0.0,0.0,0,0.0,0.0,0.0,0.0,0.0,0.0,16.0,2.0,7.0,0,0,0,0.0,0.0,2.0,1.5,1.0,32.0,30.0,,,,,,,0.0,,0.0,0.0,0.0,0.0,0.0,0.0,0.0,0.0,0.0,0.0,0.0,0.0,0.0,0.0,1.6,0.2,0.7,0.0,0.0,0.0,0.0,0.0,0.2,0.15,0.1,3.2,3.0,0.1
000221,Ryan Ambler,M,Midfield,last_10,10,2026-05-30,2026-08-08,ATL|CAN|CHA|OUT|RED|WAT|WHP,ARC,7.0,3.0,3.0,0.0,3.0,4.0,20.0,10,0.0,0.0,0.0,0.0,0.0,0.0,7.0,15.0,1.0,0,0,0,0.0,0.0,1.0,1.0,12.0,161.0,126.0,0.15,0.5,,,,,0.3333333333333333,,0.7,0.3,0.3,0.0,0.3,0.4,2.0,1.0,0.0,0.0,0.0,0.0,0.0,0.0,0.7,1.5,0.1,0.0,0.0,0.0,0.0,0.0,0.1,0.1,1.2,16.1,12.6,1.2
000222,Stephen Kelly,FO,Faceoff,last_10,10,2022-06-25,2023-07-09,ARC|ATL|CHA|OUT|RED|WAT|WHP,CAN,3.0,1.0,1.0,0.0,1.0,2.0,6.0,5,1.0,0.0,0.0,0.0,0.0,0.0,64.0,8.0,1.0,101,125,226,0.0,0.0,0.0,0.0,7.0,68.0,54.0,0.16666666666666666,0.8333333333333334,0.4469026548672566,,,,0.2857142857142857,0.0,0.3,0.1,0.1,0.0,0.1,0.2,0.6,0.5,0.1,0.0,0.0,0.0,0.0,0.0,6.4,0.8,0.1,10.1,12.5,22.6,0.0,0.0,0.0,0.0,0.7,6.8,5.4,0.7
000223,Scott Ratliff,D,Defense,last_10,10,2022-06-18,2022-09-11,ATL|CAN|CHA|RED|WAT|WHP,ARC,1.0,1.0,1.0,0.0,1.0,0.0,8.0,7,6.0,0.0,0.0,0.0,0.0,0.0,28.0,4.0,11.0,0,0,0,0.0,0.0,2.0,2.0,7.0,119.0,107.0,0.125,0.875,,,,,0.0,0.0,0.1,0.1,0.1,0.0,0.1,0.0,0.8,0.7,0.6,0.0,0.0,0.0,0.0,0.0,2.8,0.4,1.1,0.0,0.0,0.0,0.0,0.0,0.2,0.2,0.7,11.9,10.7,0.7
000225,Tom Schreiber,M,Midfield,last_10,10,2024-08-10,2025-07-26,ATL|CAN|CHA|OUT|RED|WAT|WHP,ARC,19.0,8.0,8.0,0.0,8.0,11.0,42.0,23,5.0,0.0,0.0,0.0,0.0,0.0,13.0,27.0,2.0,0,0,0,0.0,0.0,1.0,1.0,31.0,252.0,183.0,0.19047619047619047,0.5476190476190477,,,,,0.3548387096774194,0.0,1.9,0.8,0.8,0.0,0.8,1.1,4.2,2.3,0.5,0.0,0.0,0.0,0.0,0.0,1.3,2.7,0.2,0.0,0.0,0.0,0.0,0.0,0.1,0.1,3.1,25.2,18.3,3.1
000227,Will Manny,A,Attack,last_10,10,2023-08-05,2025-08-09,ARC|ATL|CAN|CHA|OUT|RED|WAT|WHP,CAN|WHP,22.0,14.0,14.0,0.0,14.0,8.0,49.0,34,1.0,0.0,0.0,0.0,0.0,0.0,11.0,10.0,2.0,0,0,0,0.0,0.0,1.0,0.5,26.0,220.0,161.0,0.2857142857142857,0.6938775510204082,,,,,0.3076923076923077,0.0,2.2,1.4,1.4,0.0,1.4,0.8,4.9,3.4,0.1,0.0,0.0,0.0,0.0,0.0,1.1,1.0,0.2,0.0,0.0,0.0,0.0,0.0,0.1,0.05,2.6,22.0,16.1,2.6
000231,Chris Cloutier,A,Attack,last_10,10,2022-08-21,2023-09-04,ARC|ATL|CAN|OUT|RED|WAT|WHP,CHA,22.0,17.0,17.0,0.0,17.0,5.0,57.0,36,2.0,0.0,0.0,0.0,0.0,0.0,13.0,18.0,0.0,0,0,0,0.0,0.0,0.0,0.0,23.0,227.0,152.0,0.2982456140350877,0.631578947368421,,,,,0.21739130434782608,0.0,2.2,1.7,1.7,0.0,1.7,0.5,5.7,3.6,0.2,0.0,0.0,0.0,0.0,0.0,1.3,1.8,0.0,0.0,0.0,0.0,0.0,0.0,0.0,0.0,2.3,22.7,15.2,2.3
000234,Eric Law,A,Attack,last_10,10,2023-08-26,2025-08-02,ARC|ATL|CAN|CHA|RED|WAT|WHP,ATL|OUT,17.0,15.0,15.0,0.0,15.0,2.0,33.0,27,0.0,0.0,0.0,0.0,0.0,0.0,7.0,18.0,0.0,0,0,0,0.0,0.0,1.0,1.0,9.0,232.0,181.0,0.45454545454545453,0.8181818181818182,,,,,0.2222222222222222,,1.7,1.5,1.5,0.0,1.5,0.2,3.3,2.7,0.0,0.0,0.0,0.0,0.0,0.0,0.7,1.8,0.0,0.0,0.0,0.0,0.0,0.0,0.1,0.1,0.9,23.2,18.1,0.9
000235,Jake Richard,SSDM,Defensive Midfield,last_10,10,2023-09-04,2024-08-17,ARC|ATL|CAN|CHA|RED|WHP,ATL|WAT,2.0,0.0,0.0,0.0,0.0,2.0,3.0,3,0.0,0.0,0.0,0.0,0.0,0.0,8.0,1.0,3.0,0,13,14,0.0,0.0,5.0,2.5,3.0,61.0,57.0,0.0,1.0,0.0,,,,0.6666666666666666,,0.2,0.0,0.0,0.0,0.0,0.2,0.3,0.3,0.0,0.0,0.0,0.0,0.0,0.0,0.8,0.1,0.3,0.0,1.3,1.4,0.0,0.0,0.5,0.25,0.3,6.1,5.7,0.3
000238,John Crawley,M,Midfield,last_10,9,2022-06-04,2022-08-13,ARC|CAN|OUT|RED|WAT|WHP,ATL,5.0,4.0,4.0,0.0,4.0,1.0,22.0,13,1.0,0.0,0.0,0.0,0.0,0.0,3.0,8.0,0.0,0,0,0,0.0,0.0,0.0,0.0,5.0,99.0,69.0,0.18181818181818182,0.5909090909090909,,,,,0.2,0.0,0.5555555555555556,0.4444444444444444,0.4444444444444444,0.0,0.4444444444444444,0.1111111111111111,2.4444444444444446,1.4444444444444444,0.1111111111111111,0.0,0.0,0.0,0.0,0.0,0.3333333333333333,0.8888888888888888,0.0,0.0,0.0,0.0,0.0,0.0,0.0,0.0,0.5555555555555556,11.0,7.666666666666667,0.5555555555555556
000240,Kieran McArdle,A,Attack,last_10,10,2026-05-31,2026-08-16,ARC|ATL|CAN|CHA|OUT|RED|WHP,WAT,20.0,9.0,9.0,0.0,9.0,11.0,33.0,21,0.0,0.0,0.0,0.0,0.0,0.0,10.0,17.0,1.0,0,0,0,0.0,0.0,2.0,2.0,23.0,213.0,163.0,0.2727272727272727,0.6363636363636364,,,,,0.4782608695652174,,2.0,0.9,0.9,0.0,0.9,1.1,3.3,2.1,0.0,0.0,0.0,0.0,0.0,0.0,1.0,1.7,0.1,0.0,0.0,0.0,0.0,0.0,0.2,0.2,2.3,21.3,16.3,2.3
000241,Jack Concannon,G,Goalie,last_10,10,2023-06-03,2023-09-04,ARC|CAN|OUT|RED|WAT|WHP,ATL,0.0,0.0,0.0,0.0,0.0,0.0,0.0,0,0.0,111.0,19.0,92.0,133.0,155.0632318501171,11.0,5.0,1.0,0,0,0,121.0,12.0,0.0,0.0,2.0,75.0,70.0,,,,0.47844827586206895,17.117117117117118,0.08189655172413793,0.0,,0.0,0.0,0.0,0.0,0.0,0.0,0.0,0.0,0.0,11.1,1.9,9.2,13.3,15.50632318501171,1.1,0.5,0.1,0.0,0.0,0.0,12.1,1.2,0.0,0.0,0.2,7.5,7.0,0.2
000242,Kyle Hartzell,LSM,Long Stick Midfield,last_10,10,2023-06-03,2026-07-31,ARC|ATL|CHA|OUT|RED|WAT|WHP,CAN|RED,2.0,1.0,1.0,0.0,1.0,1.0,6.0,3,3.0,0.0,0.0,0.0,0.0,0.0,16.0,1.0,7.0,3,30,33,0.0,0.0,3.0,3.0,1.0,51.0,44.0,0.16666666666666666,0.5,0.09090909090909091,,,,1.0,0.0,0.2,0.1,0.1,0.0,0.1,0.1,0.6,0.3,0.3,0.0,0.0,0.0,0.0,0.0,1.6,0.1,0.7,0.3,3.0,3.3,0.0,0.0,0.3,0.3,0.1,5.1,4.4,0.1
000246,Ryan Brown,A,Attack,last_10,8,2022-06-05,2022-09-18,ARC|CAN|CHA|OUT|WHP,WAT,11.0,11.0,9.0,1.0,10.0,0.0,43.0,27,2.0,0.0,0.0,0.0,0.0,0.0,3.0,2.0,1.0,0,0,0,0.0,0.0,2.0,1.0,0.0,80.0,35.0,0.23255813953488372,0.627906976744186,,,,,,0.5,1.375,1.375,1.125,0.125,1.25,0.0,5.375,3.375,0.25,0.0,0.0,0.0,0.0,0.0,0.375,0.25,0.125,0.0,0.0,0.0,0.0,0.0,0.25,0.125,0.0,10.0,4.375,0.0
000251,Steven DeNapoli,SSDM,Defensive Midfield,last_10,7,2022-07-31,2022-09-18,ARC|ATL|CAN|CHA|RED|WHP,WAT,4.0,3.0,3.0,0.0,3.0,1.0,4.0,4,0.0,0.0,0.0,0.0,0.0,0.0,5.0,2.0,1.0,0,0,0,0.0,0.0,0.0,0.0,3.0,27.0,21.0,0.75,1.0,,,,,0.3333333333333333,,0.5714285714285714,0.42857142857142855,0.42857142857142855,0.0,0.42857142857142855,0.14285714285714285,0.5714285714285714,0.5714285714285714,0.0,0.0,0.0,0.0,0.0,0.0,0.7142857142857143,0.2857142857142857,0.14285714285714285,0.0,0.0,0.0,0.0,0.0,0.0,0.0,0.42857142857142855,3.857142857142857,3.0,0.42857142857142855
000254,Trevor Baptiste,FO,Faceoff,last_10,10,2025-08-09,2026-08-15,CAN|OUT|RED|WAT,ATL,3.0,2.0,2.0,0.0,2.0,1.0,11.0,7,1.0,0.0,0.0,0.0,0.0,0.0,86.0,8.0,0.0,157,108,268,0.0,0.0,4.0,2.0,2.0,104.0,85.0,0.18181818181818182,0.6363636363636364,0.585820895522388,,,,0.5,0.0,0.3,0.2,0.2,0.0,0.2,0.1,1.1,0.7,0.1,0.0,0.0,0.0,0.0,0.0,8.6,0.8,0.0,15.7,10.8,26.8,0.0,0.0,0.4,0.2,0.2,10.4,8.5,0.2
000255,Tucker Durkin,D,Defense,last_10,10,2023-06-10,2023-09-04,ARC|CAN|CHA|OUT|RED|WAT|WHP,ATL,0.0,0.0,0.0,0.0,0.0,0.0,0.0,0,0.0,0.0,0.0,0.0,0.0,0.0,10.0,1.0,3.0,0,0,0,0.0,0.0,2.0,1.5,0.0,25.0,24.0,,,,,,,,,0.0,0.0,0.0,0.0,0.0,0.0,0.0,0.0,0.0,0.0,0.0,0.0,0.0,0.0,1.0,0.1,0.3,0.0,0.0,0.0,0.0,0.0,0.2,0.15,0.0,2.5,2.4,0.0
000256,Austin Staats,,,last_10,2,2022-06-11,2022-06-18,ARC|RED,CHA,3.0,1.0,1.0,0.0,1.0,2.0,8.0,5,0.0,0.0,0.0,0.0,0.0,0.0,0.0,7.0,0.0,0,0,0,0.0,0.0,0.0,0.0,5.0,40.0,25.0,0.125,0.625,,,,,0.4,,1.5,0.5,0.5,0.0,0.5,1.0,4.0,2.5,0.0,0.0,0.0,0.0,0.0,0.0,0.0,3.5,0.0,0.0,0.0,0.0,0.0,0.0,0.0,0.0,2.5,20.0,12.5,2.5
000258,Blaze Riorden,G,Goalie,last_10,10,2026-05-31,2026-08-08,ARC|CAN|OUT|RED|WAT|WHP,CHA,0.0,0.0,0.0,0.0,0.0,0.0,2.0,1,2.0,134.0,42.0,92.0,121.0,127.74509885970974,22.0,2.0,6.0,0,0,0,117.0,4.0,0.0,0.0,2.0,172.0,168.0,0.0,0.5,,0.5338645418326693,31.343283582089555,0.16733067729083664,0.0,0.0,0.0,0.0,0.0,0.0,0.0,0.0,0.2,0.1,0.2,13.4,4.2,9.2,12.1,12.774509885970975,2.2,0.2,0.6,0.0,0.0,0.0,11.7,0.4,0.0,0.0,0.2,17.2,16.8,0.2
000260,Brodie Merrill,LSM,Long Stick Midfield,last_10,6,2022-06-11,2022-08-21,ARC|ATL|OUT|RED|WHP,CAN,1.0,0.0,0.0,0.0,0.0,1.0,0.0,0,0.0,0.0,0.0,0.0,0.0,0.0,15.0,3.0,6.0,0,0,0,0.0,0.0,2.0,1.5,3.0,34.0,31.0,,,,,,,0.3333333333333333,,0.16666666666666666,0.0,0.0,0.0,0.0,0.16666666666666666,0.0,0.0,0.0,0.0,0.0,0.0,0.0,0.0,2.5,0.5,1.0,0.0,0.0,0.0,0.0,0.0,0.3333333333333333,0.25,0.5,5.666666666666667,5.166666666666667,0.5
000262,Connor Fields,A,Attack,last_10,10,2026-05-30,2026-08-08,ATL|CAN|CHA|OUT|RED|WAT|WHP,ARC,29.0,20.0,20.0,0.0,20.0,9.0,67.0,44,0.0,0.0,0.0,0.0,0.0,0.0,19.0,22.0,1.0,0,0,0,0.0,0.0,1.0,1.0,31.0,296.0,207.0,0.29850746268656714,0.6567164179104478,,,,,0.2903225806451613,,2.9,2.0,2.0,0.0,2.0,0.9,6.7,4.4,0.0,0.0,0.0,0.0,0.0,0.0,1.9,2.2,0.1,0.0,0.0,0.0,0.0,0.0,0.1,0.1,3.1,29.6,20.7,3.1
000266,Dhane Smith,M,Midfield,last_10,10,2022-09-18,2023-09-04,ARC|ATL|OUT|RED|WAT|WHP,CHA,35.0,6.0,6.0,0.0,6.0,29.0,33.0,24,4.0,0.0,0.0,0.0,0.0,0.0,8.0,29.0,1.0,0,0,0,0.0,0.0,3.0,2.0,91.0,386.0,324.0,0.18181818181818182,0.7272727272727273,,,,,0.31868131868131866,0.0,3.5,0.6,0.6,0.0,0.6,2.9,3.3,2.4,0.4,0.0,0.0,0.0,0.0,0.0,0.8,2.9,0.1,0.0,0.0,0.0,0.0,0.0,0.3,0.2,9.1,38.6,32.4,9.1
000267,Jake Froccaro,M,Midfield,last_10,5,2022-06-05,2022-07-02,ARC|ATL|CHA|OUT|WAT,CAN,8.0,2.0,0.0,1.0,1.0,6.0,20.0,11,8.0,0.0,0.0,0.0,0.0,0.0,8.0,3.0,1.0,0,3,3,0.0,0.0,1.0,0.5,18.0,113.0,90.0,0.05,0.55,0.0,,,,0.3333333333333333,0.125,1.6,0.4,0.0,0.2,0.2,1.2,4.0,2.2,1.6,0.0,0.0,0.0,0.0,0.0,1.6,0.6,0.2,0.0,0.6,0.6,0.0,0.0,0.2,0.1,3.6,22.6,18.0,3.6
000268,James Barclay,D,Defense,last_10,1,2022-07-23,2022-07-23,CHA,WHP,0.0,0.0,0.0,0.0,0.0,0.0,1.0,1,0.0,0.0,0.0,0.0,0.0,0.0,2.0,0.0,0.0,0,0,0,0.0,0.0,0.0,0.0,0.0,4.0,3.0,0.0,1.0,,,,,,,0.0,0.0,0.0,0.0,0.0,0.0,1.0,1.0,0.0,0.0,0.0,0.0,0.0,0.0,2.0,0.0,0.0,0.0,0.0,0.0,0.0,0.0,0.0,0.0,0.0,4.0,3.0,0.0
000269,Jarrod Neumann,D,Defense,last_10,10,2026-05-31,2026-08-08,ARC|CAN|OUT|RED|WAT|WHP,CHA,0.0,0.0,0.0,0.0,0.0,0.0,6.0,3,5.0,0.0,0.0,0.0,0.0,0.0,11.0,5.0,5.0,0,0,0,0.0,0.0,5.0,6.0,0.0,60.0,49.0,0.0,0.5,,,,,,0.0,0.0,0.0,0.0,0.0,0.0,0.0,0.6,0.3,0.5,0.0,0.0,0.0,0.0,0.0,1.1,0.5,0.5,0.0,0.0,0.0,0.0,0.0,0.5,0.6,0.0,6.0,4.9,0.0
000272,Josh Byrne,A,Attack,last_10,10,2024-06-07,2024-09-07,ARC|ATL|CAN|RED|WAT|WHP,CHA,30.0,12.0,12.0,0.0,12.0,18.0,55.0,30,1.0,0.0,0.0,0.0,0.0,0.0,13.0,19.0,2.0,0,0,0,0.0,0.0,2.0,1.5,43.0,322.0,248.0,0.21818181818181817,0.5454545454545454,,,,,0.4186046511627907,0.0,3.0,1.2,1.2,0.0,1.2,1.8,5.5,3.0,0.1,0.0,0.0,0.0,0.0,0.0,1.3,1.9,0.2,0.0,0.0,0.0,0.0,0.0,0.2,0.15,4.3,32.2,24.8,4.3
000275,Mark Glicini,SSDM,Defensive Midfield,last_10,10,2025-06-07,2026-05-09,ARC|ATL|CAN|OUT|RED|WAT|WHP,CHA,2.0,2.0,0.0,1.0,1.0,0.0,5.0,3,2.0,0.0,0.0,0.0,0.0,0.0,13.0,3.0,4.0,2,14,16,0.0,0.0,4.0,3.0,1.0,64.0,56.0,0.2,0.6,0.125,,,,0.0,0.5,0.2,0.2,0.0,0.1,0.1,0.0,0.5,0.3,0.2,0.0,0.0,0.0,0.0,0.0,1.3,0.3,0.4,0.2,1.4,1.6,0.0,0.0,0.4,0.3,0.1,6.4,5.6,0.1
000276,Matt Rees,LSM,Long Stick Midfield,last_10,10,2022-09-11,2023-08-26,ARC|ATL|CHA|OUT|RED|WAT|WHP,CAN|CHA,8.0,7.0,1.0,3.0,4.0,1.0,11.0,7,9.0,0.0,0.0,0.0,0.0,0.0,16.0,3.0,12.0,1,37,38,0.0,0.0,6.0,5.0,3.0,53.0,39.0,0.36363636363636365,0.6363636363636364,0.02631578947368421,,,,0.3333333333333333,0.3333333333333333,0.8,0.7,0.1,0.3,0.4,0.1,1.1,0.7,0.9,0.0,0.0,0.0,0.0,0.0,1.6,0.3,1.2,0.1,3.7,3.8,0.0,0.0,0.6,0.5,0.3,5.3,3.9,0.3
000278,Myles Jones,M,Midfield,last_10,10,2024-06-28,2025-06-14,ARC|CAN|CHA|OUT|WAT|WHP,ATL,13.0,7.0,7.0,0.0,7.0,6.0,27.0,20,1.0,0.0,0.0,0.0,0.0,0.0,9.0,16.0,0.0,0,0,0,0.0,0.0,1.0,1.0,19.0,160.0,117.0,0.25925925925925924,0.7407407407407407,,,,,0.3157894736842105,0.0,1.3,0.7,0.7,0.0,0.7,0.6,2.7,2.0,0.1,0.0,0.0,0.0,0.0,0.0,0.9,1.6,0.0,0.0,0.0,0.0,0.0,0.0,0.1,0.1,1.9,16.0,11.7,1.9
000279,Patrick Resch,SSDM,Defensive Midfield,last_10,10,2024-07-20,2025-08-09,ARC|ATL|CAN|CHA|OUT|RED|WHP,ARC|CHA,1.0,0.0,0.0,0.0,0.0,1.0,0.0,0,0.0,0.0,0.0,0.0,0.0,0.0,14.0,6.0,3.0,0,1,1,0.0,0.0,2.0,1.5,6.0,84.0,78.0,,,0.0,,,,0.16666666666666666,,0.1,0.0,0.0,0.0,0.0,0.1,0.0,0.0,0.0,0.0,0.0,0.0,0.0,0.0,1.4,0.6,0.3,0.0,0.1,0.1,0.0,0.0,0.2,0.15,0.6,8.4,7.8,0.6
000280,Thomas Kelly,FO,Faceoff,last_10,5,2022-06-04,2022-07-23,ARC|RED|WAT|WHP,CHA,1.0,1.0,1.0,0.0,1.0,0.0,1.0,1,0.0,0.0,0.0,0.0,0.0,0.0,23.0,3.0,0.0,52,63,115,0.0,0.0,0.0,0.0,0.0,18.0,14.0,1.0,1.0,0.45217391304347826,,,,,,0.2,0.2,0.2,0.0,0.2,0.0,0.2,0.2,0.0,0.0,0.0,0.0,0.0,0.0,4.6,0.6,0.0,10.4,12.6,23.0,0.0,0.0,0.0,0.0,0.0,3.6,2.8,0.0
000281,Troy Reh,LSM,Long Stick Midfield,last_10,10,2026-05-31,2026-08-08,ARC|CAN|OUT|RED|WAT|WHP,CHA,0.0,0.0,0.0,0.0,0.0,0.0,1.0,1,1.0,0.0,0.0,0.0,0.0,0.0,34.0,2.0,10.0,0,0,0,0.0,0.0,1.0,0.5,0.0,76.0,73.0,0.0,1.0,,,,,,0.0,0.0,0.0,0.0,0.0,0.0,0.0,0.1,0.1,0.1,0.0,0.0,0.0,0.0,0.0,3.4,0.2,1.0,0.0,0.0,0.0,0.0,0.0,0.1,0.05,0.0,7.6,7.3,0.0
000282,Tyson Bell,LSM,Long Stick Midfield,last_10,5,2022-06-05,2022-07-02,ARC|ATL|CHA|OUT|WAT,CAN,1.0,1.0,1.0,0.0,1.0,0.0,3.0,1,0.0,0.0,0.0,0.0,0.0,0.0,5.0,2.0,1.0,0,0,0,0.0,0.0,5.0,4.0,0.0,25.0,20.0,0.3333333333333333,0.3333333333333333,,,,,,,0.2,0.2,0.2,0.0,0.2,0.0,0.6,0.2,0.0,0.0,0.0,0.0,0.0,0.0,1.0,0.4,0.2,0.0,0.0,0.0,0.0,0.0,1.0,0.8,0.0,5.0,4.0,0.0
000294,John Ranagan,M,Midfield,last_10,3,2022-06-10,2022-07-24,ATL|RED|WAT,OUT,1.0,1.0,1.0,0.0,1.0,0.0,4.0,3,0.0,0.0,0.0,0.0,0.0,0.0,1.0,2.0,0.0,0,0,0,0.0,0.0,0.0,0.0,6.0,36.0,30.0,0.25,0.75,,,,,0.0,,0.3333333333333333,0.3333333333333333,0.3333333333333333,0.0,0.3333333333333333,0.0,1.3333333333333333,1.0,0.0,0.0,0.0,0.0,0.0,0.0,0.3333333333333333,0.6666666666666666,0.0,0.0,0.0,0.0,0.0,0.0,0.0,0.0,2.0,12.0,10.0,2.0
000295,Jordan MacIntosh,M,Midfield,last_10,10,2022-09-03,2023-08-27,ARC|ATL|CAN|CHA|RED|WAT|WHP,OUT,6.0,5.0,5.0,0.0,5.0,1.0,24.0,13,1.0,0.0,0.0,0.0,0.0,0.0,9.0,12.0,0.0,0,0,0,0.0,0.0,1.0,1.0,11.0,138.0,102.0,0.20833333333333334,0.5416666666666666,,,,,0.09090909090909091,0.0,0.6,0.5,0.5,0.0,0.5,0.1,2.4,1.3,0.1,0.0,0.0,0.0,0.0,0.0,0.9,1.2,0.0,0.0,0.0,0.0,0.0,0.0,0.1,0.1,1.1,13.8,10.2,1.1
000298,Justin Guterding,M,Midfield,last_10,10,2022-06-18,2023-08-26,ARC|ATL|CAN|CHA|OUT|RED|WAT,ATL|WHP,12.0,3.0,3.0,0.0,3.0,9.0,22.0,14,1.0,0.0,0.0,0.0,0.0,0.0,8.0,9.0,1.0,0,0,0,0.0,0.0,1.0,0.5,34.0,167.0,136.0,0.13636363636363635,0.6363636363636364,,,,,0.2647058823529412,0.0,1.2,0.3,0.3,0.0,0.3,0.9,2.2,1.4,0.1,0.0,0.0,0.0,0.0,0.0,0.8,0.9,0.1,0.0,0.0,0.0,0.0,0.0,0.1,0.05,3.4,16.7,13.6,3.4
000302,Michael Manley,D,Defense,last_10,10,2026-05-30,2026-08-29,ARC|ATL|CAN|CHA|RED|WAT|WHP,OUT,0.0,0.0,0.0,0.0,0.0,0.0,5.0,2,3.0,0.0,0.0,0.0,0.0,0.0,19.0,5.0,9.0,0,0,0,0.0,0.0,1.0,0.5,0.0,66.0,56.0,0.0,0.4,,,,,,0.0,0.0,0.0,0.0,0.0,0.0,0.0,0.5,0.2,0.3,0.0,0.0,0.0,0.0,0.0,1.9,0.5,0.9,0.0,0.0,0.0,0.0,0.0,0.1,0.05,0.0,6.6,5.6,0.0
000305,Romar Dennis,M,Midfield,last_10,10,2025-06-28,2026-05-16,ARC|ATL|CAN|CHA|OUT|WAT|WHP,RED,11.0,11.0,1.0,5.0,6.0,0.0,46.0,21,25.0,0.0,0.0,0.0,0.0,0.0,5.0,1.0,1.0,0,0,0,0.0,0.0,0.0,0.0,5.0,160.0,113.0,0.13043478260869565,0.45652173913043476,,,,,0.0,0.2,1.1,1.1,0.1,0.5,0.6,0.0,4.6,2.1,2.5,0.0,0.0,0.0,0.0,0.0,0.5,0.1,0.1,0.0,0.0,0.0,0.0,0.0,0.0,0.0,0.5,16.0,11.3,0.5
000308,Will Haus,SSDM,Defensive Midfield,last_10,10,2024-06-08,2024-09-02,ARC|ATL|CAN|CHA|RED|WAT|WHP,OUT,2.0,0.0,0.0,0.0,0.0,2.0,1.0,1,0.0,0.0,0.0,0.0,0.0,0.0,6.0,3.0,3.0,0,2,2,0.0,0.0,3.0,1.5,3.0,49.0,45.0,0.0,1.0,0.0,,,,0.6666666666666666,,0.2,0.0,0.0,0.0,0.0,0.2,0.1,0.1,0.0,0.0,0.0,0.0,0.0,0.0,0.6,0.3,0.3,0.0,0.2,0.2,0.0,0.0,0.3,0.15,0.3,4.9,4.5,0.3
000310,Brent Adams,M,Midfield,last_10,1,2022-06-11,2022-06-11,CAN,ATL,0.0,0.0,0.0,0.0,0.0,0.0,2.0,0,0.0,0.0,0.0,0.0,0.0,0.0,0.0,0.0,0.0,0,0,0,0.0,0.0,0.0,0.0,0.0,7.0,5.0,0.0,0.0,,,,,,,0.0,0.0,0.0,0.0,0.0,0.0,2.0,0.0,0.0,0.0,0.0,0.0,0.0,0.0,0.0,0.0,0.0,0.0,0.0,0.0,0.0,0.0,0.0,0.0,0.0,7.0,5.0,0.0
000314,Eddy Glazener,D,Defense,last_10,10,2023-06-17,2023-09-10,ARC|ATL|CAN|CHA|OUT|WHP,RED,1.0,1.0,1.0,0.0,1.0,0.0,9.0,4,7.0,0.0,0.0,0.0,0.0,0.0,17.0,2.0,7.0,0,0,0,0.0,0.0,2.0,1.0,0.0,95.0,84.0,0.1111111111111111,0.4444444444444444,,,,,,0.0,0.1,0.1,0.1,0.0,0.1,0.0,0.9,0.4,0.7,0.0,0.0,0.0,0.0,0.0,1.7,0.2,0.7,0.0,0.0,0.0,0.0,0.0,0.2,0.1,0.0,9.5,8.4,0.0
000315,Garrett Epple,D,Defense,last_10,10,2025-05-31,2025-08-09,ARC|ATL|CHA|OUT|RED|WAT|WHP,CAN,0.0,0.0,0.0,0.0,0.0,0.0,2.0,0,2.0,0.0,0.0,0.0,0.0,0.0,14.0,1.0,12.0,0,0,0,0.0,0.0,2.0,1.5,0.0,74.0,71.0,0.0,0.0,,,,,,0.0,0.0,0.0,0.0,0.0,0.0,0.0,0.2,0.0,0.2,0.0,0.0,0.0,0.0,0.0,1.4,0.1,1.2,0.0,0.0,0.0,0.0,0.0,0.2,0.15,0.0,7.4,7.1,0.0
000318,Jack Kelly,G,Goalie,last_10,10,2024-06-07,2024-08-17,ARC|ATL|CAN|CHA|OUT|WAT|WHP,RED,0.0,0.0,0.0,0.0,0.0,0.0,1.0,0,1.0,119.0,41.0,78.0,126.0,149.35434890796515,16.0,3.0,4.0,0,0,0,117.0,9.0,0.0,0.0,1.0,148.0,144.0,0.0,0.0,,0.5042372881355932,34.45378151260504,0.17372881355932204,0.0,0.0,0.0,0.0,0.0,0.0,0.0,0.0,0.1,0.0,0.1,11.9,4.1,7.8,12.6,14.935434890796515,1.6,0.3,0.4,0.0,0.0,0.0,11.7,0.9,0.0,0.0,0.1,14.8,14.4,0.1
000319,Jack Near,SSDM,Defensive Midfield,last_10,8,2022-06-04,2022-09-03,ARC|ATL|CAN|CHA|OUT|WAT|WHP,RED,0.0,0.0,0.0,0.0,0.0,0.0,0.0,0,0.0,0.0,0.0,0.0,0.0,0.0,11.0,1.0,0.0,0,0,0,0.0,0.0,0.0,0.0,1.0,52.0,51.0,,,,,,,0.0,,0.0,0.0,0.0,0.0,0.0,0.0,0.0,0.0,0.0,0.0,0.0,0.0,0.0,0.0,1.375,0.125,0.0,0.0,0.0,0.0,0.0,0.0,0.0,0.0,0.125,6.5,6.375,0.125
000322,John Sexton,LSM,Long Stick Midfield,last_10,10,2023-06-03,2023-09-10,ARC|ATL|CAN|CHA|WAT|WHP,RED,2.0,1.0,1.0,0.0,1.0,1.0,6.0,2,3.0,0.0,0.0,0.0,0.0,0.0,16.0,5.0,4.0,1,6,7,0.0,0.0,3.0,2.5,7.0,42.0,31.0,0.16666666666666666,0.3333333333333333,0.14285714285714285,,,,0.14285714285714285,0.0,0.2,0.1,0.1,0.0,0.1,0.1,0.6,0.2,0.3,0.0,0.0,0.0,0.0,0.0,1.6,0.5,0.4,0.1,0.6,0.7,0.0,0.0,0.3,0.25,0.7,4.2,3.1,0.7
000327,Matt Kavanagh,A,Attack,last_10,10,2023-08-06,2024-07-20,ATL|RED|WAT|WHP,CAN,18.0,13.0,11.0,1.0,12.0,5.0,55.0,34,3.0,0.0,0.0,0.0,0.0,0.0,18.0,17.0,2.0,0,0,0,0.0,0.0,2.0,1.5,16.0,249.0,177.0,0.21818181818181817,0.6181818181818182,,,,,0.3125,0.3333333333333333,1.8,1.3,1.1,0.1,1.2,0.5,5.5,3.4,0.3,0.0,0.0,0.0,0.0,0.0,1.8,1.7,0.2,0.0,0.0,0.0,0.0,0.0,0.2,0.15,1.6,24.9,17.7,1.6
000331,Patrick Harbeson,SSDM,Defensive Midfield,last_10,3,2022-07-01,2022-07-31,ARC|ATL|CHA,RED,1.0,0.0,0.0,0.0,0.0,1.0,1.0,1,0.0,0.0,0.0,0.0,0.0,0.0,2.0,0.0,0.0,0,0,0,0.0,0.0,0.0,0.0,1.0,23.0,22.0,0.0,1.0,,,,,1.0,,0.3333333333333333,0.0,0.0,0.0,0.0,0.3333333333333333,0.3333333333333333,0.3333333333333333,0.0,0.0,0.0,0.0,0.0,0.0,0.6666666666666666,0.0,0.0,0.0,0.0,0.0,0.0,0.0,0.0,0.0,0.3333333333333333,7.666666666666667,7.333333333333333,0.3333333333333333
000333,Sergio Perkovic,M,Midfield,last_10,10,2024-09-02,2025-08-24,ARC|CAN|OUT|RED|WAT|WHP,CHA,9.0,8.0,6.0,1.0,7.0,1.0,37.0,22,12.0,0.0,0.0,0.0,0.0,0.0,2.0,6.0,0.0,0,0,0,0.0,0.0,1.0,1.0,8.0,160.0,117.0,0.1891891891891892,0.5945945945945946,,,,,0.125,0.08333333333333333,0.9,0.8,0.6,0.1,0.7,0.1,3.7,2.2,1.2,0.0,0.0,0.0,0.0,0.0,0.2,0.6,0.0,0.0,0.0,0.0,0.0,0.0,0.1,0.1,0.8,16.0,11.7,0.8
000337,Bryce Young,D,Defense,last_10,10,2025-05-31,2025-08-09,ARC|ATL|CHA|OUT|RED|WAT|WHP,CAN,0.0,0.0,0.0,0.0,0.0,0.0,0.0,0,0.0,0.0,0.0,0.0,0.0,0.0,13.0,4.0,5.0,0,0,0,0.0,0.0,1.0,2.0,0.0,37.0,33.0,,,,,,,,,0.0,0.0,0.0,0.0,0.0,0.0,0.0,0.0,0.0,0.0,0.0,0.0,0.0,0.0,1.3,0.4,0.5,0.0,0.0,0.0,0.0,0.0,0.1,0.2,0.0,3.7,3.3,0.0
000339,Connor Kelly,M,Midfield,last_10,10,2025-07-26,2026-07-18,ARC|ATL|CAN|CHA|WHP,WAT,17.0,14.0,4.0,5.0,9.0,3.0,60.0,31,25.0,0.0,0.0,0.0,0.0,0.0,6.0,13.0,2.0,0,0,0,0.0,0.0,1.0,0.5,11.0,272.0,199.0,0.15,0.5166666666666667,,,,,0.2727272727272727,0.2,1.7,1.4,0.4,0.5,0.9,0.3,6.0,3.1,2.5,0.0,0.0,0.0,0.0,0.0,0.6,1.3,0.2,0.0,0.0,0.0,0.0,0.0,0.1,0.05,1.1,27.2,19.9,1.1
000345,Jake Bernhardt,SSDM,Defensive Midfield,last_10,10,2025-06-21,2026-05-16,ATL|CAN|CHA|OUT|RED|WAT,WHP,2.0,2.0,0.0,1.0,1.0,0.0,5.0,2,3.0,0.0,0.0,0.0,0.0,0.0,7.0,5.0,2.0,1,14,15,0.0,0.0,1.0,0.5,0.0,59.0,49.0,0.2,0.4,0.06666666666666667,,,,,0.3333333333333333,0.2,0.2,0.0,0.1,0.1,0.0,0.5,0.2,0.3,0.0,0.0,0.0,0.0,0.0,0.7,0.5,0.2,0.1,1.4,1.5,0.0,0.0,0.1,0.05,0.0,5.9,4.9,0.0
000346,Jay Carlson,A,Attack,last_10,8,2022-06-04,2022-09-11,ARC|ATL|CAN|CHA|RED|WAT,WHP,15.0,11.0,11.0,0.0,11.0,4.0,32.0,24,0.0,0.0,0.0,0.0,0.0,0.0,10.0,11.0,6.0,0,0,0,0.0,0.0,1.0,0.5,9.0,102.0,59.0,0.34375,0.75,,,,,0.4444444444444444,,1.875,1.375,1.375,0.0,1.375,0.5,4.0,3.0,0.0,0.0,0.0,0.0,0.0,0.0,1.25,1.375,0.75,0.0,0.0,0.0,0.0,0.0,0.125,0.0625,1.125,12.75,7.375,1.125
000350,Joseph Nardella,FO,Faceoff,last_10,10,2025-06-07,2025-08-23,ATL|CAN|CHA|OUT|RED|WAT,WHP,3.0,3.0,3.0,0.0,3.0,0.0,5.0,3,0.0,0.0,0.0,0.0,0.0,0.0,57.0,8.0,4.0,146,103,251,0.0,0.0,1.0,0.5,0.0,84.0,71.0,0.6,0.6,0.5816733067729084,,,,,,0.3,0.3,0.3,0.0,0.3,0.0,0.5,0.3,0.0,0.0,0.0,0.0,0.0,0.0,5.7,0.8,0.4,14.6,10.3,25.1,0.0,0.0,0.1,0.05,0.0,8.4,7.1,0.0
000351,Jules Heningburg,A,Attack,last_10,10,2024-07-20,2025-08-09,ARC|CAN|OUT|RED|WAT|WHP,CAN|CHA,11.0,7.0,5.0,1.0,6.0,4.0,35.0,19,3.0,0.0,0.0,0.0,0.0,0.0,3.0,10.0,1.0,0,0,0,0.0,0.0,1.0,1.0,15.0,176.0,131.0,0.17142857142857143,0.5428571428571428,,,,,0.26666666666666666,0.3333333333333333,1.1,0.7,0.5,0.1,0.6,0.4,3.5,1.9,0.3,0.0,0.0,0.0,0.0,0.0,0.3,1.0,0.1,0.0,0.0,0.0,0.0,0.0,0.1,0.1,1.5,17.6,13.1,1.5
000353,Kyle Bernlohr,G,Goalie,last_10,10,2023-06-04,2024-08-03,ARC|ATL|CAN|OUT|RED|WAT,WHP,1.0,0.0,0.0,0.0,0.0,1.0,0.0,0,0.0,76.0,23.0,53.0,86.0,165.60038576880328,20.0,2.0,0.0,0,0,0,82.0,4.0,0.0,0.0,2.0,96.0,94.0,,,,0.4810126582278481,30.263157894736842,0.14556962025316456,0.5,,0.1,0.0,0.0,0.0,0.0,0.1,0.0,0.0,0.0,7.6,2.3,5.3,8.6,16.560038576880327,2.0,0.2,0.0,0.0,0.0,0.0,8.2,0.4,0.0,0.0,0.2,9.6,9.4,0.2
000354,Matt Rambo,A,Attack,last_10,10,2025-06-14,2026-07-19,ARC|ATL|CAN|RED|WAT|WHP,ATL|WHP,9.0,3.0,3.0,0.0,3.0,6.0,26.0,14,0.0,0.0,0.0,0.0,0.0,0.0,11.0,11.0,1.0,0,0,0,0.0,0.0,0.0,0.0,17.0,156.0,119.0,0.11538461538461539,0.5384615384615384,,,,,0.35294117647058826,,0.9,0.3,0.3,0.0,0.3,0.6,2.6,1.4,0.0,0.0,0.0,0.0,0.0,0.0,1.1,1.1,0.1,0.0,0.0,0.0,0.0,0.0,0.0,0.0,1.7,15.6,11.9,1.7
000355,Matthew Dunn,D,Defense,last_10,10,2026-05-30,2026-08-30,ARC|ATL|CAN|CHA|OUT|RED|WAT,WHP,2.0,1.0,1.0,0.0,1.0,1.0,3.0,2,2.0,0.0,0.0,0.0,0.0,0.0,11.0,3.0,7.0,0,0,0,0.0,0.0,2.0,2.0,2.0,75.0,69.0,0.3333333333333333,0.6666666666666666,,,,,0.5,0.0,0.2,0.1,0.1,0.0,0.1,0.1,0.3,0.2,0.2,0.0,0.0,0.0,0.0,0.0,1.1,0.3,0.7,0.0,0.0,0.0,0.0,0.0,0.2,0.2,0.2,7.5,6.9,0.2
000356,Michael Ehrhardt,LSM,Long Stick Midfield,last_10,10,2022-09-11,2023-09-04,ARC|ATL|CAN|CHA|OUT|RED|WAT,WHP,8.0,6.0,4.0,1.0,5.0,2.0,24.0,10,15.0,0.0,0.0,0.0,0.0,0.0,26.0,5.0,8.0,0,0,0,0.0,0.0,6.0,5.0,9.0,87.0,58.0,0.20833333333333334,0.4166666666666667,,,,,0.2222222222222222,0.06666666666666667,0.8,0.6,0.4,0.1,0.5,0.2,2.4,1.0,1.5,0.0,0.0,0.0,0.0,0.0,2.6,0.5,0.8,0.0,0.0,0.0,0.0,0.0,0.6,0.5,0.9,8.7,5.8,0.9
000357,Mike Chanenchuk,M,Midfield,last_10,10,2024-06-28,2024-09-15,ARC|ATL|CAN|CHA|OUT|RED|WAT,WHP,8.0,6.0,6.0,0.0,6.0,2.0,43.0,23,10.0,0.0,0.0,0.0,0.0,0.0,12.0,12.0,1.0,0,0,0,0.0,0.0,0.0,0.0,6.0,235.0,180.0,0.13953488372093023,0.5348837209302325,,,,,0.3333333333333333,0.0,0.8,0.6,0.6,0.0,0.6,0.2,4.3,2.3,1.0,0.0,0.0,0.0,0.0,0.0,1.2,1.2,0.1,0.0,0.0,0.0,0.0,0.0,0.0,0.0,0.6,23.5,18.0,0.6
000358,Ryan Drenner,M,Midfield,last_10,10,2025-05-31,2025-08-09,ARC|ATL|CHA|OUT|RED|WAT|WHP,CAN,20.0,18.0,18.0,0.0,18.0,2.0,39.0,24,2.0,0.0,0.0,0.0,0.0,0.0,4.0,5.0,2.0,0,0,0,0.0,0.0,0.0,0.0,11.0,212.0,168.0,0.46153846153846156,0.6153846153846154,,,,,0.18181818181818182,0.0,2.0,1.8,1.8,0.0,1.8,0.2,3.9,2.4,0.2,0.0,0.0,0.0,0.0,0.0,0.4,0.5,0.2,0.0,0.0,0.0,0.0,0.0,0.0,0.0,1.1,21.2,16.8,1.1
000359,Tim Muller,D,Defense,last_10,10,2026-05-30,2026-08-30,ARC|ATL|CAN|CHA|OUT|RED|WAT,WHP,0.0,0.0,0.0,0.0,0.0,0.0,0.0,0,0.0,0.0,0.0,0.0,0.0,0.0,13.0,2.0,11.0,0,0,0,0.0,0.0,0.0,0.0,0.0,88.0,86.0,,,,,,,,,0.0,0.0,0.0,0.0,0.0,0.0,0.0,0.0,0.0,0.0,0.0,0.0,0.0,0.0,1.3,0.2,1.1,0.0,0.0,0.0,0.0,0.0,0.0,0.0,0.0,8.8,8.6,0.0
000361,Tyler Warner,SSDM,Defensive Midfield,last_10,10,2023-06-10,2023-09-04,ARC|ATL|CAN|CHA|OUT|RED|WAT,WHP,0.0,0.0,0.0,0.0,0.0,0.0,5.0,1,3.0,0.0,0.0,0.0,0.0,0.0,12.0,1.0,1.0,0,0,0,0.0,0.0,1.0,0.5,1.0,45.0,39.0,0.0,0.2,,,,,0.0,0.0,0.0,0.0,0.0,0.0,0.0,0.0,0.5,0.1,0.3,0.0,0.0,0.0,0.0,0.0,1.2,0.1,0.1,0.0,0.0,0.0,0.0,0.0,0.1,0.05,0.1,4.5,3.9,0.1
000363,Ryan Conrad,M,Midfield,last_10,10,2024-06-15,2024-09-15,ARC|ATL|CAN|CHA|OUT|WHP,WAT|WHP,16.0,12.0,12.0,0.0,12.0,4.0,55.0,31,7.0,0.0,0.0,0.0,0.0,0.0,13.0,17.0,0.0,0,1,1,0.0,0.0,0.0,0.0,13.0,214.0,142.0,0.21818181818181817,0.5636363636363636,0.0,,,,0.3076923076923077,0.0,1.6,1.2,1.2,0.0,1.2,0.4,5.5,3.1,0.7,0.0,0.0,0.0,0.0,0.0,1.3,1.7,0.0,0.0,0.1,0.1,0.0,0.0,0.0,0.0,1.3,21.4,14.2,1.3
000365,Jack Rowlett,D,Defense,last_10,10,2025-07-26,2026-07-18,ARC|ATL|CAN|OUT|RED|WAT,CHA,0.0,0.0,0.0,0.0,0.0,0.0,3.0,1,3.0,0.0,0.0,0.0,0.0,0.0,8.0,2.0,4.0,0,0,0,0.0,0.0,3.0,2.5,0.0,61.0,56.0,0.0,0.3333333333333333,,,,,,0.0,0.0,0.0,0.0,0.0,0.0,0.0,0.3,0.1,0.3,0.0,0.0,0.0,0.0,0.0,0.8,0.2,0.4,0.0,0.0,0.0,0.0,0.0,0.3,0.25,0.0,6.1,5.6,0.0
000366,Connor Farrell,FO,Faceoff,last_10,10,2023-07-08,2026-06-28,ARC|CAN|CHA|RED|WAT|WHP,OUT|WAT,0.0,0.0,0.0,0.0,0.0,0.0,2.0,2,0.0,0.0,0.0,0.0,0.0,0.0,82.0,15.0,1.0,116,97,214,0.0,0.0,1.0,2.0,1.0,67.0,50.0,0.0,1.0,0.5420560747663551,,,,0.0,,0.0,0.0,0.0,0.0,0.0,0.0,0.2,0.2,0.0,0.0,0.0,0.0,0.0,0.0,8.2,1.5,0.1,11.6,9.7,21.4,0.0,0.0,0.1,0.2,0.1,6.7,5.0,0.1
000368,Chris Sabia,LSM,Long Stick Midfield,last_10,10,2023-08-26,2024-08-17,ARC|ATL|CAN|OUT|RED|WHP,WAT,0.0,0.0,0.0,0.0,0.0,0.0,3.0,2,1.0,0.0,0.0,0.0,0.0,0.0,15.0,1.0,8.0,0,0,0,0.0,0.0,6.0,4.5,0.0,58.0,54.0,0.0,0.6666666666666666,,,,,,0.0,0.0,0.0,0.0,0.0,0.0,0.0,0.3,0.2,0.1,0.0,0.0,0.0,0.0,0.0,1.5,0.1,0.8,0.0,0.0,0.0,0.0,0.0,0.6,0.45,0.0,5.8,5.4,0.0
000369,Clarke Petterson,A,Attack,last_10,2,2022-08-21,2022-09-03,CHA|WAT,ATL,4.0,2.0,2.0,0.0,2.0,2.0,4.0,2,0.0,0.0,0.0,0.0,0.0,0.0,1.0,1.0,0.0,0,0,0,0.0,0.0,0.0,0.0,2.0,17.0,12.0,0.5,0.5,,,,,1.0,,2.0,1.0,1.0,0.0,1.0,1.0,2.0,1.0,0.0,0.0,0.0,0.0,0.0,0.0,0.5,0.5,0.0,0.0,0.0,0.0,0.0,0.0,0.0,0.0,1.0,8.5,6.0,1.0
000370,Tim Troutner,G,Goalie,last_10,10,2023-09-04,2026-08-01,ARC|CAN|CHA|OUT|RED|WHP,ATL|RED|WAT,1.0,0.0,0.0,0.0,0.0,1.0,2.0,1,2.0,64.0,26.0,38.0,74.0,137.37486839404136,16.0,2.0,4.0,0,0,0,65.0,9.0,0.0,0.0,3.0,100.0,96.0,0.0,0.5,,0.49612403100775193,40.625,0.20155038759689922,0.3333333333333333,0.0,0.1,0.0,0.0,0.0,0.0,0.1,0.2,0.1,0.2,6.4,2.6,3.8,7.4,13.737486839404136,1.6,0.2,0.4,0.0,0.0,0.0,6.5,0.9,0.0,0.0,0.3,10.0,9.6,0.3
000373,Ryder Garnsey,M,Midfield,last_10,10,2026-06-20,2026-08-29,ARC|ATL|CAN|CHA|OUT|WAT|WHP,RED,29.0,18.0,18.0,0.0,18.0,11.0,50.0,35,1.0,0.0,0.0,0.0,0.0,0.0,20.0,24.0,2.0,0,0,0,0.0,0.0,2.0,1.0,30.0,295.0,221.0,0.36,0.7,,,,,0.36666666666666664,0.0,2.9,1.8,1.8,0.0,1.8,1.1,5.0,3.5,0.1,0.0,0.0,0.0,0.0,0.0,2.0,2.4,0.2,0.0,0.0,0.0,0.0,0.0,0.2,0.1,3.0,29.5,22.1,3.0
000376,Cade van Raaphorst,D,Defense,last_10,10,2024-06-08,2024-09-02,ARC|ATL|CHA|OUT|RED|WAT|WHP,CAN,0.0,0.0,0.0,0.0,0.0,0.0,16.0,2,16.0,0.0,0.0,0.0,0.0,0.0,20.0,6.0,4.0,0,0,0,0.0,0.0,1.0,1.0,1.0,88.0,66.0,0.0,0.125,,,,,0.0,0.0,0.0,0.0,0.0,0.0,0.0,0.0,1.6,0.2,1.6,0.0,0.0,0.0,0.0,0.0,2.0,0.6,0.4,0.0,0.0,0.0,0.0,0.0,0.1,0.1,0.1,8.8,6.6,0.1
000377,Johnny Surdick,D,Defense,last_10,2,2023-06-17,2023-07-09,ARC|RED,CHA,1.0,0.0,0.0,0.0,0.0,1.0,0.0,0,0.0,0.0,0.0,0.0,0.0,0.0,5.0,0.0,1.0,0,0,0,0.0,0.0,0.0,0.0,1.0,6.0,6.0,,,,,,,1.0,,0.5,0.0,0.0,0.0,0.0,0.5,0.0,0.0,0.0,0.0,0.0,0.0,0.0,0.0,2.5,0.0,0.5,0.0,0.0,0.0,0.0,0.0,0.0,0.0,0.5,3.0,3.0,0.5
000385,Wes Berg,A,Attack,last_10,10,2024-06-07,2024-08-17,ARC|ATL|CAN|CHA|OUT|WAT|WHP,RED,15.0,14.0,14.0,0.0,14.0,1.0,28.0,20,0.0,0.0,0.0,0.0,0.0,0.0,6.0,10.0,2.0,0,0,0,0.0,0.0,3.0,2.0,5.0,128.0,90.0,0.5,0.7142857142857143,,,,,0.2,,1.5,1.4,1.4,0.0,1.4,0.1,2.8,2.0,0.0,0.0,0.0,0.0,0.0,0.0,0.6,1.0,0.2,0.0,0.0,0.0,0.0,0.0,0.3,0.2,0.5,12.8,9.0,0.5
000390,Brad Smith,M,Midfield,last_10,10,2025-06-21,2026-05-16,ATL|CAN|CHA|OUT|RED|WAT,WHP,12.0,11.0,5.0,3.0,8.0,1.0,39.0,19,16.0,0.0,0.0,0.0,0.0,0.0,11.0,13.0,1.0,0,0,0,0.0,0.0,1.0,1.0,7.0,245.0,193.0,0.20512820512820512,0.48717948717948717,,,,,0.14285714285714285,0.1875,1.2,1.1,0.5,0.3,0.8,0.1,3.9,1.9,1.6,0.0,0.0,0.0,0.0,0.0,1.1,1.3,0.1,0.0,0.0,0.0,0.0,0.0,0.1,0.1,0.7,24.5,19.3,0.7
000391,Grant Ament,M,Midfield,last_10,10,2024-09-07,2025-08-09,ATL|CHA|OUT|RED|WAT|WHP,ARC,16.0,5.0,5.0,0.0,5.0,11.0,36.0,17,1.0,0.0,0.0,0.0,0.0,0.0,4.0,23.0,1.0,0,0,0,0.0,0.0,0.0,0.0,42.0,287.0,228.0,0.1388888888888889,0.4722222222222222,,,,,0.2619047619047619,0.0,1.6,0.5,0.5,0.0,0.5,1.1,3.6,1.7,0.1,0.0,0.0,0.0,0.0,0.0,0.4,2.3,0.1,0.0,0.0,0.0,0.0,0.0,0.0,0.0,4.2,28.7,22.8,4.2
000395,Bryan Costabile,M,Midfield,last_10,10,2026-05-16,2026-08-15,ARC|CAN|OUT|RED|WAT|WHP,ATL,22.0,18.0,6.0,6.0,12.0,4.0,52.0,28,25.0,0.0,0.0,0.0,0.0,0.0,11.0,21.0,2.0,0,1,1,0.0,0.0,2.0,2.0,20.0,282.0,209.0,0.23076923076923078,0.5384615384615384,0.0,,,,0.2,0.24,2.2,1.8,0.6,0.6,1.2,0.4,5.2,2.8,2.5,0.0,0.0,0.0,0.0,0.0,1.1,2.1,0.2,0.0,0.1,0.1,0.0,0.0,0.2,0.2,2.0,28.2,20.9,2.0
000397,Reece Eddy,LSM,Long Stick Midfield,last_10,1,2023-06-03,2023-06-03,CAN,ARC,0.0,0.0,0.0,0.0,0.0,0.0,0.0,0,0.0,0.0,0.0,0.0,0.0,0.0,0.0,0.0,1.0,0,0,0,0.0,0.0,1.0,0.5,0.0,2.0,2.0,,,,,,,,,0.0,0.0,0.0,0.0,0.0,0.0,0.0,0.0,0.0,0.0,0.0,0.0,0.0,0.0,0.0,0.0,1.0,0.0,0.0,0.0,0.0,0.0,1.0,0.5,0.0,2.0,2.0,0.0
000405,Jesse Bernhardt,D,Defense,last_10,10,2025-06-14,2025-09-14,ARC|ATL|CAN|CHA|RED|WAT|WHP,OUT,0.0,0.0,0.0,0.0,0.0,0.0,1.0,0,1.0,0.0,0.0,0.0,0.0,0.0,12.0,1.0,6.0,0,0,0,0.0,0.0,2.0,1.5,0.0,62.0,60.0,0.0,0.0,,,,,,0.0,0.0,0.0,0.0,0.0,0.0,0.0,0.1,0.0,0.1,0.0,0.0,0.0,0.0,0.0,1.2,0.1,0.6,0.0,0.0,0.0,0.0,0.0,0.2,0.15,0.0,6.2,6.0,0.0
000406,Craig Chick,LSM,Long Stick Midfield,last_10,10,2022-09-03,2024-07-05,ARC|ATL|CAN|RED|WAT|WHP,ATL|CAN,0.0,0.0,0.0,0.0,0.0,0.0,1.0,0,0.0,0.0,0.0,0.0,0.0,0.0,21.0,3.0,4.0,0,3,3,0.0,0.0,0.0,0.0,0.0,33.0,29.0,0.0,0.0,0.0,,,,,,0.0,0.0,0.0,0.0,0.0,0.0,0.1,0.0,0.0,0.0,0.0,0.0,0.0,0.0,2.1,0.3,0.4,0.0,0.3,0.3,0.0,0.0,0.0,0.0,0.0,3.3,2.9,0.0
000407,TJ Comizio,,,last_10,1,2022-06-11,2022-06-11,ARC,CHA,1.0,1.0,1.0,0.0,1.0,0.0,1.0,1,0.0,0.0,0.0,0.0,0.0,0.0,1.0,0.0,0.0,0,0,0,0.0,0.0,0.0,0.0,2.0,6.0,5.0,1.0,1.0,,,,,0.0,,1.0,1.0,1.0,0.0,1.0,0.0,1.0,1.0,0.0,0.0,0.0,0.0,0.0,0.0,1.0,0.0,0.0,0.0,0.0,0.0,0.0,0.0,0.0,0.0,2.0,6.0,5.0,2.0
000408,Matt DeLuca,G,Goalie,last_10,10,2025-09-01,2026-08-16,ARC|ATL|CAN|CHA|RED|WHP,WAT,0.0,0.0,0.0,0.0,0.0,0.0,2.0,0,2.0,92.0,28.0,64.0,91.0,104.81387072162858,14.0,3.0,0.0,0,0,0,86.0,5.0,0.0,0.0,0.0,107.0,102.0,0.0,0.0,,0.5168539325842697,30.434782608695656,0.15730337078651685,,0.0,0.0,0.0,0.0,0.0,0.0,0.0,0.2,0.0,0.2,9.2,2.8,6.4,9.1,10.481387072162857,1.4,0.3,0.0,0.0,0.0,0.0,8.6,0.5,0.0,0.0,0.0,10.7,10.2,0.0
000409,Zach Currier,M,Midfield,last_10,10,2026-05-31,2026-08-16,ARC|ATL|CAN|CHA|OUT|RED|WHP,WAT,13.0,2.0,2.0,0.0,2.0,11.0,7.0,6,1.0,0.0,0.0,0.0,0.0,0.0,62.0,4.0,7.0,4,7,11,0.0,0.0,2.0,1.5,26.0,164.0,153.0,0.2857142857142857,0.8571428571428571,0.36363636363636365,,,,0.4230769230769231,0.0,1.3,0.2,0.2,0.0,0.2,1.1,0.7,0.6,0.1,0.0,0.0,0.0,0.0,0.0,6.2,0.4,0.7,0.4,0.7,1.1,0.0,0.0,0.2,0.15,2.6,16.4,15.3,2.6
000410,Eli Gobrecht,SSDM,Defensive Midfield,last_10,10,2026-05-30,2026-08-15,ARC|CAN|OUT|RED|WAT|WHP,ATL,2.0,2.0,2.0,0.0,2.0,0.0,4.0,2,0.0,0.0,0.0,0.0,0.0,0.0,15.0,4.0,8.0,0,2,2,0.0,0.0,2.0,2.5,2.0,39.0,31.0,0.5,0.5,0.0,,,,0.0,,0.2,0.2,0.2,0.0,0.2,0.0,0.4,0.2,0.0,0.0,0.0,0.0,0.0,0.0,1.5,0.4,0.8,0.0,0.2,0.2,0.0,0.0,0.2,0.25,0.2,3.9,3.1,0.2
000411,Christian Mazzone,M,Midfield,last_10,1,2022-06-05,2022-06-05,CAN,WAT,0.0,0.0,0.0,0.0,0.0,0.0,0.0,0,0.0,0.0,0.0,0.0,0.0,0.0,3.0,0.0,0.0,0,0,0,0.0,0.0,0.0,0.0,2.0,6.0,6.0,,,,,,,0.0,,0.0,0.0,0.0,0.0,0.0,0.0,0.0,0.0,0.0,0.0,0.0,0.0,0.0,0.0,3.0,0.0,0.0,0.0,0.0,0.0,0.0,0.0,0.0,0.0,2.0,6.0,6.0,2.0
000414,Rob Pannell,A,Attack,last_10,10,2026-05-30,2026-08-30,ARC|ATL|CAN|CHA|OUT|RED|WAT,WHP,27.0,12.0,12.0,0.0,12.0,15.0,59.0,32,1.0,0.0,0.0,0.0,0.0,0.0,15.0,21.0,1.0,0,0,0,0.0,0.0,2.0,1.5,34.0,287.0,207.0,0.2033898305084746,0.5423728813559322,,,,,0.4411764705882353,0.0,2.7,1.2,1.2,0.0,1.2,1.5,5.9,3.2,0.1,0.0,0.0,0.0,0.0,0.0,1.5,2.1,0.1,0.0,0.0,0.0,0.0,0.0,0.2,0.15,3.4,28.7,20.7,3.4
000416,Ryland Rees,LSM,Long Stick Midfield,last_10,10,2024-07-19,2025-09-01,ATL|CAN|CHA|OUT|RED|WHP,RED|WAT,6.0,6.0,0.0,3.0,3.0,0.0,7.0,5,5.0,0.0,0.0,0.0,0.0,0.0,20.0,5.0,2.0,0,1,1,0.0,0.0,0.0,0.0,2.0,38.0,26.0,0.42857142857142855,0.7142857142857143,0.0,,,,0.0,0.6,0.6,0.6,0.0,0.3,0.3,0.0,0.7,0.5,0.5,0.0,0.0,0.0,0.0,0.0,2.0,0.5,0.2,0.0,0.1,0.1,0.0,0.0,0.0,0.0,0.2,3.8,2.6,0.2
000417,Finn Sullivan,D,Defense,last_10,9,2022-06-04,2023-06-10,ARC|ATL|CHA|OUT|WAT,CAN|RED,0.0,0.0,0.0,0.0,0.0,0.0,0.0,0,0.0,0.0,0.0,0.0,0.0,0.0,10.0,5.0,7.0,0,0,0,0.0,0.0,2.0,2.0,0.0,41.0,36.0,,,,,,,,,0.0,0.0,0.0,0.0,0.0,0.0,0.0,0.0,0.0,0.0,0.0,0.0,0.0,0.0,1.1111111111111112,0.5555555555555556,0.7777777777777778,0.0,0.0,0.0,0.0,0.0,0.2222222222222222,0.2222222222222222,0.0,4.555555555555555,4.0,0.0
000418,Dillon Ward,G,Goalie,last_10,10,2026-06-20,2026-08-29,ARC|ATL|CAN|CHA|OUT|WAT|WHP,RED,0.0,0.0,0.0,0.0,0.0,0.0,1.0,1,1.0,103.0,29.0,74.0,118.0,149.81726960101844,7.0,2.0,1.0,0,0,0,109.0,9.0,1.0,1.0,0.0,105.0,102.0,0.0,1.0,,0.4858490566037736,28.155339805825243,0.13679245283018868,,0.0,0.0,0.0,0.0,0.0,0.0,0.0,0.1,0.1,0.1,10.3,2.9,7.4,11.8,14.981726960101843,0.7,0.2,0.1,0.0,0.0,0.0,10.9,0.9,0.1,0.1,0.0,10.5,10.2,0.0
000419,Zed Williams,A,Attack,last_10,10,2024-07-20,2026-05-17,ARC|ATL|CAN|CHA|OUT|RED|WAT|WHP,WAT|WHP,21.0,20.0,18.0,1.0,19.0,1.0,65.0,44,7.0,0.0,0.0,0.0,0.0,0.0,15.0,17.0,1.0,0,0,0,0.0,0.0,0.0,0.0,11.0,205.0,123.0,0.2923076923076923,0.676923076923077,,,,,0.09090909090909091,0.14285714285714285,2.1,2.0,1.8,0.1,1.9,0.1,6.5,4.4,0.7,0.0,0.0,0.0,0.0,0.0,1.5,1.7,0.1,0.0,0.0,0.0,0.0,0.0,0.0,0.0,1.1,20.5,12.3,1.1
000422,Eli Salama,LSM,Long Stick Midfield,last_10,10,2023-06-04,2023-08-27,ARC|ATL|CAN|CHA|RED|WAT|WHP,OUT,3.0,2.0,0.0,1.0,1.0,1.0,7.0,3,5.0,0.0,0.0,0.0,0.0,0.0,13.0,7.0,6.0,0,28,28,0.0,0.0,3.0,3.0,3.0,36.0,22.0,0.14285714285714285,0.42857142857142855,0.0,,,,0.3333333333333333,0.2,0.3,0.2,0.0,0.1,0.1,0.1,0.7,0.3,0.5,0.0,0.0,0.0,0.0,0.0,1.3,0.7,0.6,0.0,2.8,2.8,0.0,0.0,0.3,0.3,0.3,3.6,2.2,0.3
000424,Jake Pulver,D,Defense,last_10,10,2023-07-30,2024-09-02,ATL|CHA|RED|WAT|WHP,CAN,0.0,0.0,0.0,0.0,0.0,0.0,0.0,0,0.0,0.0,0.0,0.0,0.0,0.0,12.0,1.0,5.0,4,36,40,0.0,0.0,0.0,0.0,0.0,21.0,20.0,,,0.1,,,,,,0.0,0.0,0.0,0.0,0.0,0.0,0.0,0.0,0.0,0.0,0.0,0.0,0.0,0.0,1.2,0.1,0.5,0.4,3.6,4.0,0.0,0.0,0.0,0.0,0.0,2.1,2.0,0.0
000425,Jesse King,M,Midfield,last_10,6,2023-07-15,2023-08-27,ARC|ATL|CAN|CHA|RED|WHP,OUT,8.0,3.0,3.0,0.0,3.0,5.0,12.0,9,1.0,0.0,0.0,0.0,0.0,0.0,2.0,9.0,1.0,0,0,0,0.0,0.0,1.0,0.5,17.0,101.0,80.0,0.25,0.75,,,,,0.29411764705882354,0.0,1.3333333333333333,0.5,0.5,0.0,0.5,0.8333333333333334,2.0,1.5,0.16666666666666666,0.0,0.0,0.0,0.0,0.0,0.3333333333333333,1.5,0.16666666666666666,0.0,0.0,0.0,0.0,0.0,0.16666666666666666,0.08333333333333333,2.8333333333333335,16.833333333333332,13.333333333333334,2.8333333333333335
000427,Jake Withers,FO,Faceoff,last_10,9,2022-06-05,2022-09-18,ARC|ATL|CAN|CHA|OUT|RED|WHP,WAT,1.0,1.0,1.0,0.0,1.0,0.0,6.0,3,0.0,0.0,0.0,0.0,0.0,0.0,47.0,3.0,5.0,110,114,226,0.0,0.0,2.0,1.0,4.0,46.0,37.0,0.16666666666666666,0.5,0.48672566371681414,,,,0.0,,0.1111111111111111,0.1111111111111111,0.1111111111111111,0.0,0.1111111111111111,0.0,0.6666666666666666,0.3333333333333333,0.0,0.0,0.0,0.0,0.0,0.0,5.222222222222222,0.3333333333333333,0.5555555555555556,12.222222222222221,12.666666666666666,25.11111111111111,0.0,0.0,0.2222222222222222,0.1111111111111111,0.4444444444444444,5.111111111111111,4.111111111111111,0.4444444444444444
000434,Matt Abbott,SSDM,Defensive Midfield,last_10,5,2022-06-25,2022-08-06,ARC|CHA|OUT|RED|WAT,CAN,0.0,0.0,0.0,0.0,0.0,0.0,3.0,1,1.0,0.0,0.0,0.0,0.0,0.0,9.0,1.0,1.0,0,0,0,0.0,0.0,1.0,0.5,1.0,32.0,28.0,0.0,0.3333333333333333,,,,,0.0,0.0,0.0,0.0,0.0,0.0,0.0,0.0,0.6,0.2,0.2,0.0,0.0,0.0,0.0,0.0,1.8,0.2,0.2,0.0,0.0,0.0,0.0,0.0,0.2,0.1,0.2,6.4,5.6,0.2
000614,Brian Phipps,G,Goalie,last_10,2,2023-07-14,2023-09-04,WAT,WHP,0.0,0.0,0.0,0.0,0.0,0.0,0.0,0,0.0,14.0,3.0,11.0,18.0,27.890743194905415,2.0,0.0,0.0,0,0,0,17.0,1.0,0.0,0.0,1.0,17.0,17.0,,,,0.45161290322580644,21.428571428571427,0.0967741935483871,0.0,,0.0,0.0,0.0,0.0,0.0,0.0,0.0,0.0,0.0,7.0,1.5,5.5,9.0,13.945371597452707,1.0,0.0,0.0,0.0,0.0,0.0,8.5,0.5,0.0,0.0,0.5,8.5,8.5,0.5
000700,Tommy Palasek,A,Attack,last_10,2,2022-06-04,2022-06-18,RED|WHP,CHA,2.0,0.0,0.0,0.0,0.0,2.0,3.0,2,0.0,0.0,0.0,0.0,0.0,0.0,1.0,4.0,0.0,0,0,0,0.0,0.0,0.0,0.0,4.0,52.0,45.0,0.0,0.6666666666666666,,,,,0.5,,1.0,0.0,0.0,0.0,0.0,1.0,1.5,1.0,0.0,0.0,0.0,0.0,0.0,0.0,0.5,2.0,0.0,0.0,0.0,0.0,0.0,0.0,0.0,0.0,2.0,26.0,22.5,2.0
000727,CJ Costabile,LSM,Long Stick Midfield,last_10,10,2023-08-12,2025-05-30,ARC|CHA|OUT|RED|WAT|WHP,ATL|CHA,3.0,3.0,1.0,1.0,2.0,0.0,11.0,5,7.0,0.0,0.0,0.0,0.0,0.0,22.0,4.0,6.0,1,1,2,0.0,0.0,1.0,1.0,1.0,45.0,30.0,0.18181818181818182,0.45454545454545453,0.5,,,,0.0,0.14285714285714285,0.3,0.3,0.1,0.1,0.2,0.0,1.1,0.5,0.7,0.0,0.0,0.0,0.0,0.0,2.2,0.4,0.6,0.1,0.1,0.2,0.0,0.0,0.1,0.1,0.1,4.5,3.0,0.1
000815,Austin Kaut,G,Goalie,last_10,10,2024-06-07,2026-07-18,ARC|ATL|CAN|OUT|RED|WHP,CHA,0.0,0.0,0.0,0.0,0.0,0.0,2.0,1,2.0,67.0,26.0,41.0,62.0,116.95304761240696,10.0,5.0,1.0,0,0,0,55.0,7.0,0.0,0.0,0.0,83.0,76.0,0.0,0.5,,0.5491803278688525,38.80597014925373,0.21311475409836064,,0.0,0.0,0.0,0.0,0.0,0.0,0.0,0.2,0.1,0.2,6.7,2.6,4.1,6.2,11.695304761240696,1.0,0.5,0.1,0.0,0.0,0.0,5.5,0.7,0.0,0.0,0.0,8.3,7.6,0.0
000823,Mark Cockerton,A,Attack,last_10,4,2022-07-31,2023-08-19,CAN|RED|WAT|WHP,ATL|CAN,6.0,6.0,6.0,0.0,6.0,0.0,27.0,12,0.0,0.0,0.0,0.0,0.0,0.0,0.0,4.0,0.0,0,0,0,0.0,0.0,0.0,0.0,2.0,66.0,35.0,0.2222222222222222,0.4444444444444444,,,,,0.0,,1.5,1.5,1.5,0.0,1.5,0.0,6.75,3.0,0.0,0.0,0.0,0.0,0.0,0.0,0.0,1.0,0.0,0.0,0.0,0.0,0.0,0.0,0.0,0.0,0.5,16.5,8.75,0.5
000886,Lyle Thompson,A,Attack,last_10,9,2022-06-05,2022-08-21,ARC|CHA|OUT|RED|WAT|WHP,CAN,44.0,26.0,26.0,0.0,26.0,18.0,66.0,42,0.0,0.0,0.0,0.0,0.0,0.0,22.0,25.0,5.0,0,0,0,0.0,0.0,1.0,0.5,56.0,283.0,192.0,0.3939393939393939,0.6363636363636364,,,,,0.32142857142857145,,4.888888888888889,2.888888888888889,2.888888888888889,0.0,2.888888888888889,2.0,7.333333333333333,4.666666666666667,0.0,0.0,0.0,0.0,0.0,0.0,2.4444444444444446,2.7777777777777777,0.5555555555555556,0.0,0.0,0.0,0.0,0.0,0.1111111111111111,0.05555555555555555,6.222222222222222,31.444444444444443,21.333333333333332,6.222222222222222
000921,Challen Rogers,M,Midfield,last_10,10,2023-07-09,2024-06-29,ATL|CAN|OUT|RED|WAT|WHP,ARC,5.0,2.0,2.0,0.0,2.0,3.0,13.0,8,1.0,0.0,0.0,0.0,0.0,0.0,11.0,12.0,1.0,0,0,0,0.0,0.0,2.0,1.5,13.0,88.0,63.0,0.15384615384615385,0.6153846153846154,,,,,0.23076923076923078,0.0,0.5,0.2,0.2,0.0,0.2,0.3,1.3,0.8,0.1,0.0,0.0,0.0,0.0,0.0,1.1,1.2,0.1,0.0,0.0,0.0,0.0,0.0,0.2,0.15,1.3,8.8,6.3,1.3
000922,Graeme Hossack,D,Defense,last_10,10,2025-05-31,2025-08-09,ATL|CAN|CHA|OUT|RED|WAT|WHP,ARC,1.0,1.0,1.0,0.0,1.0,0.0,8.0,4,4.0,0.0,0.0,0.0,0.0,0.0,24.0,2.0,14.0,0,0,0,0.0,0.0,2.0,2.0,1.0,80.0,70.0,0.125,0.5,,,,,0.0,0.0,0.1,0.1,0.1,0.0,0.1,0.0,0.8,0.4,0.4,0.0,0.0,0.0,0.0,0.0,2.4,0.2,1.4,0.0,0.0,0.0,0.0,0.0,0.2,0.2,0.1,8.0,7.0,0.1
000925,Liam Byrnes,D,Defense,last_10,10,2024-06-01,2026-06-06,ARC|ATL|CAN|CHA|OUT|WAT|WHP,CHA|WAT,0.0,0.0,0.0,0.0,0.0,0.0,2.0,0,1.0,0.0,0.0,0.0,0.0,0.0,14.0,4.0,12.0,0,0,0,0.0,0.0,0.0,0.0,2.0,77.0,71.0,0.0,0.0,,,,,0.0,0.0,0.0,0.0,0.0,0.0,0.0,0.0,0.2,0.0,0.1,0.0,0.0,0.0,0.0,0.0,1.4,0.4,1.2,0.0,0.0,0.0,0.0,0.0,0.0,0.0,0.2,7.7,7.1,0.2
000929,Matthew Hossack,LSM,Long Stick Midfield,last_10,2,2022-06-17,2022-08-21,ARC|OUT,WAT,0.0,0.0,0.0,0.0,0.0,0.0,1.0,1,1.0,0.0,0.0,0.0,0.0,0.0,2.0,0.0,2.0,0,3,3,0.0,0.0,0.0,0.0,0.0,6.0,5.0,0.0,1.0,0.0,,,,,0.0,0.0,0.0,0.0,0.0,0.0,0.0,0.5,0.5,0.5,0.0,0.0,0.0,0.0,0.0,1.0,0.0,1.0,0.0,1.5,1.5,0.0,0.0,0.0,0.0,0.0,3.0,2.5,0.0
000946,Bryan Cole,M,Midfield,last_10,9,2022-06-04,2022-09-11,ARC|ATL|CHA|OUT|RED|WAT,WHP,13.0,6.0,6.0,0.0,6.0,7.0,27.0,15,0.0,0.0,0.0,0.0,0.0,0.0,6.0,11.0,0.0,0,0,0,0.0,0.0,1.0,1.0,23.0,199.0,161.0,0.2222222222222222,0.5555555555555556,,,,,0.30434782608695654,,1.4444444444444444,0.6666666666666666,0.6666666666666666,0.0,0.6666666666666666,0.7777777777777778,3.0,1.6666666666666667,0.0,0.0,0.0,0.0,0.0,0.0,0.6666666666666666,1.2222222222222223,0.0,0.0,0.0,0.0,0.0,0.0,0.1111111111111111,0.1111111111111111,2.5555555555555554,22.11111111111111,17.88888888888889,2.5555555555555554
000960,Shayne Jackson,A,Attack,last_10,3,2022-06-05,2022-06-18,ARC|ATL|WAT,CAN,4.0,3.0,3.0,0.0,3.0,1.0,18.0,14,0.0,0.0,0.0,0.0,0.0,0.0,2.0,5.0,0.0,0,0,0,0.0,0.0,1.0,0.5,2.0,44.0,21.0,0.16666666666666666,0.7777777777777778,,,,,0.5,,1.3333333333333333,1.0,1.0,0.0,1.0,0.3333333333333333,6.0,4.666666666666667,0.0,0.0,0.0,0.0,0.0,0.0,0.6666666666666666,1.6666666666666667,0.0,0.0,0.0,0.0,0.0,0.0,0.3333333333333333,0.16666666666666666,0.6666666666666666,14.666666666666666,7.0,0.6666666666666666
000978,Kyle Jackson,M,Midfield,last_10,10,2024-07-27,2026-05-09,ARC|CAN|CHA|OUT|RED|WHP,ATL|CHA,9.0,8.0,8.0,0.0,8.0,1.0,38.0,24,2.0,0.0,0.0,0.0,0.0,0.0,4.0,13.0,0.0,0,0,0,0.0,0.0,2.0,1.5,5.0,174.0,123.0,0.21052631578947367,0.631578947368421,,,,,0.2,0.0,0.9,0.8,0.8,0.0,0.8,0.1,3.8,2.4,0.2,0.0,0.0,0.0,0.0,0.0,0.4,1.3,0.0,0.0,0.0,0.0,0.0,0.0,0.2,0.15,0.5,17.4,12.3,0.5
001001,Dylan Molloy,A,Attack,last_10,10,2026-06-20,2026-08-29,ARC|ATL|CAN|CHA|OUT|WAT|WHP,RED,33.0,28.0,28.0,0.0,28.0,5.0,79.0,54,2.0,0.0,0.0,0.0,0.0,0.0,13.0,24.0,3.0,0,0,0,0.0,0.0,0.0,0.0,15.0,260.0,157.0,0.35443037974683544,0.6835443037974683,,,,,0.3333333333333333,0.0,3.3,2.8,2.8,0.0,2.8,0.5,7.9,5.4,0.2,0.0,0.0,0.0,0.0,0.0,1.3,2.4,0.3,0.0,0.0,0.0,0.0,0.0,0.0,0.0,1.5,26.0,15.7,1.5
001009,Colin Heacock,M,Midfield,last_10,10,2026-05-30,2026-08-30,ARC|ATL|CAN|CHA|OUT|RED|WAT,WHP,7.0,5.0,5.0,0.0,5.0,2.0,28.0,16,3.0,0.0,0.0,0.0,0.0,0.0,4.0,5.0,1.0,0,0,0,0.0,0.0,1.0,1.0,5.0,114.0,81.0,0.17857142857142858,0.5714285714285714,,,,,0.4,0.0,0.7,0.5,0.5,0.0,0.5,0.2,2.8,1.6,0.3,0.0,0.0,0.0,0.0,0.0,0.4,0.5,0.1,0.0,0.0,0.0,0.0,0.0,0.1,0.1,0.5,11.4,8.1,0.5
001010,Isaiah Davis-Allen,SSDM,Defensive Midfield,last_10,10,2023-08-13,2024-08-17,ARC|ATL|CAN|CHA|OUT|WAT,RED,1.0,0.0,0.0,0.0,0.0,1.0,2.0,1,0.0,0.0,0.0,0.0,0.0,0.0,7.0,2.0,4.0,5,10,15,0.0,0.0,1.0,1.0,1.0,38.0,34.0,0.0,0.5,0.3333333333333333,,,,1.0,,0.1,0.0,0.0,0.0,0.0,0.1,0.2,0.1,0.0,0.0,0.0,0.0,0.0,0.0,0.7,0.2,0.4,0.5,1.0,1.5,0.0,0.0,0.1,0.1,0.1,3.8,3.4,0.1
001020,Mike Messenger,SSDM,Defensive Midfield,last_10,10,2022-08-13,2024-06-08,ARC|CAN|CHA|RED|WAT|WHP,OUT,6.0,5.0,5.0,0.0,5.0,1.0,16.0,10,2.0,0.0,0.0,0.0,0.0,0.0,18.0,6.0,7.0,5,10,15,0.0,0.0,2.0,1.5,8.0,105.0,83.0,0.3125,0.625,0.3333333333333333,,,,0.125,0.0,0.6,0.5,0.5,0.0,0.5,0.1,1.6,1.0,0.2,0.0,0.0,0.0,0.0,0.0,1.8,0.6,0.7,0.5,1.0,1.5,0.0,0.0,0.2,0.15,0.8,10.5,8.3,0.8
001391,Mikie Schlosser,M,Midfield,last_10,10,2022-09-11,2026-05-09,ARC|ATL|OUT|RED|WHP,OUT|WAT,4.0,4.0,4.0,0.0,4.0,0.0,14.0,9,1.0,0.0,0.0,0.0,0.0,0.0,1.0,6.0,0.0,0,0,0,0.0,0.0,0.0,0.0,3.0,87.0,67.0,0.2857142857142857,0.6428571428571429,,,,,0.0,0.0,0.4,0.4,0.4,0.0,0.4,0.0,1.4,0.9,0.1,0.0,0.0,0.0,0.0,0.0,0.1,0.6,0.0,0.0,0.0,0.0,0.0,0.0,0.0,0.0,0.3,8.7,6.7,0.3
001397,Michael Rexrode,D,Defense,last_10,10,2026-05-30,2026-08-15,ARC|CAN|OUT|RED|WAT|WHP,ATL,0.0,0.0,0.0,0.0,0.0,0.0,2.0,0,2.0,0.0,0.0,0.0,0.0,0.0,9.0,0.0,13.0,0,0,0,0.0,0.0,5.0,4.5,3.0,59.0,57.0,0.0,0.0,,,,,0.0,0.0,0.0,0.0,0.0,0.0,0.0,0.0,0.2,0.0,0.2,0.0,0.0,0.0,0.0,0.0,0.9,0.0,1.3,0.0,0.0,0.0,0.0,0.0,0.5,0.45,0.3,5.9,5.7,0.3
001402,Max Adler,FO,Faceoff,last_10,8,2022-07-31,2023-07-09,ARC|ATL|OUT|RED|WAT,CHA,1.0,0.0,0.0,0.0,0.0,1.0,4.0,3,0.0,0.0,0.0,0.0,0.0,0.0,44.0,11.0,0.0,83,91,175,0.0,0.0,2.0,1.0,3.0,39.0,24.0,0.0,0.75,0.4742857142857143,,,,0.3333333333333333,,0.125,0.0,0.0,0.0,0.0,0.125,0.5,0.375,0.0,0.0,0.0,0.0,0.0,0.0,5.5,1.375,0.0,10.375,11.375,21.875,0.0,0.0,0.25,0.125,0.375,4.875,3.0,0.375
001406,Ben Randall,D,Defense,last_10,10,2026-05-16,2026-08-29,ARC|ATL|CAN|CHA|RED|WAT|WHP,OUT,0.0,0.0,0.0,0.0,0.0,0.0,1.0,1,0.0,0.0,0.0,0.0,0.0,0.0,23.0,3.0,11.0,0,0,0,0.0,0.0,2.0,1.5,1.0,59.0,55.0,0.0,1.0,,,,,0.0,,0.0,0.0,0.0,0.0,0.0,0.0,0.1,0.1,0.0,0.0,0.0,0.0,0.0,0.0,2.3,0.3,1.1,0.0,0.0,0.0,0.0,0.0,0.2,0.15,0.1,5.9,5.5,0.1
001414,Scott Hooper,D,Defense,last_10,1,2022-06-05,2022-06-05,WAT,CAN,0.0,0.0,0.0,0.0,0.0,0.0,0.0,0,0.0,0.0,0.0,0.0,0.0,0.0,1.0,0.0,2.0,0,0,0,0.0,0.0,0.0,0.0,0.0,2.0,2.0,,,,,,,,,0.0,0.0,0.0,0.0,0.0,0.0,0.0,0.0,0.0,0.0,0.0,0.0,0.0,0.0,1.0,0.0,2.0,0.0,0.0,0.0,0.0,0.0,0.0,0.0,0.0,2.0,2.0,0.0
001415,Greg Weyl,LSM,Long Stick Midfield,last_10,10,2026-05-09,2026-08-16,ARC|ATL|CHA|RED|WHP,OUT,0.0,0.0,0.0,0.0,0.0,0.0,4.0,0,2.0,0.0,0.0,0.0,0.0,0.0,14.0,1.0,8.0,0,0,0,0.0,0.0,2.0,1.5,0.0,26.0,21.0,0.0,0.0,,,,,,0.0,0.0,0.0,0.0,0.0,0.0,0.0,0.4,0.0,0.2,0.0,0.0,0.0,0.0,0.0,1.4,0.1,0.8,0.0,0.0,0.0,0.0,0.0,0.2,0.15,0.0,2.6,2.1,0.0
001417,Bryce Wasserman,A,Attack,last_10,2,2022-06-04,2022-06-11,ARC|WHP,CHA,1.0,0.0,0.0,0.0,0.0,1.0,2.0,1,0.0,0.0,0.0,0.0,0.0,0.0,0.0,3.0,0.0,0,0,0,0.0,0.0,0.0,0.0,2.0,33.0,28.0,0.0,0.5,,,,,0.5,,0.5,0.0,0.0,0.0,0.0,0.5,1.0,0.5,0.0,0.0,0.0,0.0,0.0,0.0,0.0,1.5,0.0,0.0,0.0,0.0,0.0,0.0,0.0,0.0,1.0,16.5,14.0,1.0
001427,Nick Marrocco,G,Goalie,last_10,9,2022-06-05,2022-08-13,ARC|ATL|CHA|OUT|RED|WAT,CAN,0.0,0.0,0.0,0.0,0.0,0.0,2.0,2,2.0,123.0,49.0,74.0,129.0,128.6796232519601,23.0,0.0,3.0,0,0,0,124.0,5.0,1.0,1.0,3.0,151.0,149.0,0.0,1.0,,0.4979757085020243,39.83739837398374,0.19838056680161945,0.0,0.0,0.0,0.0,0.0,0.0,0.0,0.0,0.2222222222222222,0.2222222222222222,0.2222222222222222,13.666666666666666,5.444444444444445,8.222222222222221,14.333333333333334,14.297735916884456,2.5555555555555554,0.0,0.3333333333333333,0.0,0.0,0.0,13.777777777777779,0.5555555555555556,0.1111111111111111,0.1111111111111111,0.3333333333333333,16.77777777777778,16.555555555555557,0.3333333333333333
001657,Brendan Bomberry,A,Attack,last_10,3,2022-06-05,2022-06-18,ARC|ATL|WAT,CAN,1.0,1.0,1.0,0.0,1.0,0.0,8.0,3,0.0,0.0,0.0,0.0,0.0,0.0,1.0,2.0,0.0,0,0,0,0.0,0.0,0.0,0.0,0.0,26.0,16.0,0.125,0.375,,,,,,,0.3333333333333333,0.3333333333333333,0.3333333333333333,0.0,0.3333333333333333,0.0,2.6666666666666665,1.0,0.0,0.0,0.0,0.0,0.0,0.0,0.3333333333333333,0.6666666666666666,0.0,0.0,0.0,0.0,0.0,0.0,0.0,0.0,0.0,8.666666666666666,5.333333333333333,0.0
001661,Warren Jeffrey,D,Defense,last_10,10,2026-05-30,2026-08-08,ATL|CAN|CHA|OUT|RED|WAT|WHP,ARC,0.0,0.0,0.0,0.0,0.0,0.0,0.0,0,0.0,0.0,0.0,0.0,0.0,0.0,12.0,1.0,2.0,0,0,0,0.0,0.0,6.0,4.0,0.0,49.0,48.0,,,,,,,,,0.0,0.0,0.0,0.0,0.0,0.0,0.0,0.0,0.0,0.0,0.0,0.0,0.0,0.0,1.2,0.1,0.2,0.0,0.0,0.0,0.0,0.0,0.6,0.4,0.0,4.9,4.8,0.0
001662,Andrew Kew,A,Attack,last_10,1,2022-06-11,2022-06-11,ARC,CHA,0.0,0.0,0.0,0.0,0.0,0.0,4.0,0,1.0,0.0,0.0,0.0,0.0,0.0,2.0,1.0,0.0,0,0,0,0.0,0.0,0.0,0.0,1.0,15.0,10.0,0.0,0.0,,,,,0.0,0.0,0.0,0.0,0.0,0.0,0.0,0.0,4.0,0.0,1.0,0.0,0.0,0.0,0.0,0.0,2.0,1.0,0.0,0.0,0.0,0.0,0.0,0.0,0.0,0.0,1.0,15.0,10.0,1.0
001671,Zach Goodrich,SSDM,Defensive Midfield,last_10,10,2026-06-07,2026-08-30,ARC|ATL|CHA|OUT|RED|WAT|WHP,CAN,1.0,0.0,0.0,0.0,0.0,1.0,0.0,0,0.0,0.0,0.0,0.0,0.0,0.0,2.0,3.0,5.0,0,0,0,0.0,0.0,9.0,6.0,4.0,32.0,29.0,,,,,,,0.25,,0.1,0.0,0.0,0.0,0.0,0.1,0.0,0.0,0.0,0.0,0.0,0.0,0.0,0.0,0.2,0.3,0.5,0.0,0.0,0.0,0.0,0.0,0.9,0.6,0.4,3.2,2.9,0.4
001707,Matt Whitcher,SSDM,Defensive Midfield,last_10,10,2026-05-31,2026-08-16,ARC|ATL|CAN|CHA|OUT|RED|WHP,WAT,3.0,1.0,1.0,0.0,1.0,2.0,7.0,5,2.0,0.0,0.0,0.0,0.0,0.0,13.0,3.0,6.0,0,1,1,0.0,0.0,3.0,1.5,3.0,77.0,67.0,0.14285714285714285,0.7142857142857143,0.0,,,,0.6666666666666666,0.0,0.3,0.1,0.1,0.0,0.1,0.2,0.7,0.5,0.2,0.0,0.0,0.0,0.0,0.0,1.3,0.3,0.6,0.0,0.1,0.1,0.0,0.0,0.3,0.15,0.3,7.7,6.7,0.3
001719,Jack Jasinski,,,last_10,1,2023-06-04,2023-06-04,WAT,CHA,2.0,1.0,1.0,0.0,1.0,1.0,2.0,1,0.0,0.0,0.0,0.0,0.0,0.0,0.0,2.0,1.0,0,0,0,0.0,0.0,1.0,1.0,3.0,22.0,18.0,0.5,0.5,,,,,0.3333333333333333,,2.0,1.0,1.0,0.0,1.0,1.0,2.0,1.0,0.0,0.0,0.0,0.0,0.0,0.0,0.0,2.0,1.0,0.0,0.0,0.0,0.0,0.0,1.0,1.0,3.0,22.0,18.0,3.0
001724,Sean Sconone,G,Goalie,last_10,10,2023-06-09,2024-07-27,ARC|ATL|CAN|CHA|RED|WAT|WHP,OUT,0.0,0.0,0.0,0.0,0.0,0.0,0.0,0,0.0,101.0,32.0,69.0,112.0,117.18401623332173,15.0,7.0,1.0,0,0,0,101.0,11.0,0.0,0.0,2.0,142.0,135.0,,,,0.5,31.683168316831683,0.15841584158415842,0.0,,0.0,0.0,0.0,0.0,0.0,0.0,0.0,0.0,0.0,10.1,3.2,6.9,11.2,11.718401623332174,1.5,0.7,0.1,0.0,0.0,0.0,10.1,1.1,0.0,0.0,0.2,14.2,13.5,0.2
001727,Bradley Voigt,A,Attack,last_10,2,2022-06-04,2023-06-04,WAT|WHP,CHA,2.0,2.0,2.0,0.0,2.0,0.0,5.0,4,0.0,0.0,0.0,0.0,0.0,0.0,2.0,5.0,0.0,0,0,0,0.0,0.0,0.0,0.0,3.0,27.0,17.0,0.4,0.8,,,,,0.0,,1.0,1.0,1.0,0.0,1.0,0.0,2.5,2.0,0.0,0.0,0.0,0.0,0.0,0.0,1.0,2.5,0.0,0.0,0.0,0.0,0.0,0.0,0.0,0.0,1.5,13.5,8.5,1.5
001729,Chris Aslanian,M,Midfield,last_10,10,2024-07-27,2026-08-01,ARC|ATL|CAN|CHA|OUT|RED|WAT|WHP,CAN|CHA,11.0,9.0,5.0,2.0,7.0,2.0,33.0,25,10.0,0.0,0.0,0.0,0.0,0.0,2.0,6.0,0.0,0,0,0,0.0,0.0,0.0,0.0,12.0,184.0,145.0,0.21212121212121213,0.7575757575757576,,,,,0.16666666666666666,0.2,1.1,0.9,0.5,0.2,0.7,0.2,3.3,2.5,1.0,0.0,0.0,0.0,0.0,0.0,0.2,0.6,0.0,0.0,0.0,0.0,0.0,0.0,0.0,0.0,1.2,18.4,14.5,1.2
001733,Charlie Hayes,SSDM,Defensive Midfield,last_10,10,2026-05-09,2026-08-16,ARC|ATL|CAN|CHA|RED|WHP,WAT,0.0,0.0,0.0,0.0,0.0,0.0,0.0,0,0.0,0.0,0.0,0.0,0.0,0.0,9.0,3.0,3.0,0,0,0,0.0,0.0,1.0,0.5,0.0,43.0,40.0,,,,,,,,,0.0,0.0,0.0,0.0,0.0,0.0,0.0,0.0,0.0,0.0,0.0,0.0,0.0,0.0,0.9,0.3,0.3,0.0,0.0,0.0,0.0,0.0,0.1,0.05,0.0,4.3,4.0,0.0
001740,Andrew Newbold,LSM,Long Stick Midfield,last_10,4,2022-07-31,2022-08-21,OUT|RED|WAT|WHP,CAN,1.0,1.0,1.0,0.0,1.0,0.0,3.0,2,1.0,0.0,0.0,0.0,0.0,0.0,0.0,0.0,1.0,0,3,3,0.0,0.0,0.0,0.0,2.0,9.0,6.0,0.3333333333333333,0.6666666666666666,0.0,,,,0.0,0.0,0.25,0.25,0.25,0.0,0.25,0.0,0.75,0.5,0.25,0.0,0.0,0.0,0.0,0.0,0.0,0.0,0.25,0.0,0.75,0.75,0.0,0.0,0.0,0.0,0.5,2.25,1.5,0.5
001746,Daniel Bucaro,M,Midfield,last_10,10,2022-06-04,2022-09-03,ARC|CAN|CHA|OUT|RED|WAT|WHP,ATL,12.0,9.0,9.0,0.0,9.0,3.0,36.0,20,0.0,0.0,0.0,0.0,0.0,0.0,5.0,10.0,1.0,0,0,0,0.0,0.0,0.0,0.0,9.0,117.0,71.0,0.25,0.5555555555555556,,,,,0.3333333333333333,,1.2,0.9,0.9,0.0,0.9,0.3,3.6,2.0,0.0,0.0,0.0,0.0,0.0,0.0,0.5,1.0,0.1,0.0,0.0,0.0,0.0,0.0,0.0,0.0,0.9,11.7,7.1,0.9
001760,Pat Aslanian,SSDM,Defensive Midfield,last_10,10,2023-07-09,2024-06-01,ATL|OUT|RED|WAT|WHP,CAN,3.0,2.0,0.0,1.0,1.0,1.0,6.0,1,5.0,0.0,0.0,0.0,0.0,0.0,3.0,3.0,1.0,1,4,5,0.0,0.0,5.0,3.5,2.0,52.0,43.0,0.16666666666666666,0.16666666666666666,0.2,,,,0.5,0.2,0.3,0.2,0.0,0.1,0.1,0.1,0.6,0.1,0.5,0.0,0.0,0.0,0.0,0.0,0.3,0.3,0.1,0.1,0.4,0.5,0.0,0.0,0.5,0.35,0.2,5.2,4.3,0.2
001763,Alex Woodall,FO,Faceoff,last_10,4,2022-06-05,2022-07-24,ARC|CHA|OUT|WAT,CAN,1.0,0.0,0.0,0.0,0.0,1.0,0.0,0,0.0,0.0,0.0,0.0,0.0,0.0,12.0,2.0,0.0,23,27,50,0.0,0.0,0.0,0.0,1.0,12.0,10.0,,,0.46,,,,1.0,,0.25,0.0,0.0,0.0,0.0,0.25,0.0,0.0,0.0,0.0,0.0,0.0,0.0,0.0,3.0,0.5,0.0,5.75,6.75,12.5,0.0,0.0,0.0,0.0,0.25,3.0,2.5,0.25
001766,Holden Garlent,D,Defense,last_10,10,2022-08-06,2024-07-28,ARC|ATL|CAN|CHA|OUT|RED|WHP,CAN|RED,0.0,0.0,0.0,0.0,0.0,0.0,2.0,1,1.0,0.0,0.0,0.0,0.0,0.0,13.0,3.0,6.0,0,0,0,0.0,0.0,3.0,2.0,1.0,42.0,37.0,0.0,0.5,,,,,0.0,0.0,0.0,0.0,0.0,0.0,0.0,0.0,0.2,0.1,0.1,0.0,0.0,0.0,0.0,0.0,1.3,0.3,0.6,0.0,0.0,0.0,0.0,0.0,0.3,0.2,0.1,4.2,3.7,0.1
001773,Nick Washuta,G,Goalie,last_10,10,2022-06-11,2026-08-01,CAN|CHA|OUT|RED|WAT|WHP,ARC,0.0,0.0,0.0,0.0,0.0,0.0,0.0,0,0.0,40.0,13.0,27.0,33.0,657.0479937489489,6.0,1.0,2.0,0,0,0,30.0,3.0,0.0,0.0,0.0,51.0,50.0,,,,0.5714285714285714,32.5,0.18571428571428572,,,0.0,0.0,0.0,0.0,0.0,0.0,0.0,0.0,0.0,4.0,1.3,2.7,3.3,65.70479937489489,0.6,0.1,0.2,0.0,0.0,0.0,3.0,0.3,0.0,0.0,0.0,5.1,5.0,0.0
001793,Chase Fraser,A,Attack,last_10,10,2022-08-06,2023-09-04,ARC|ATL|CAN|OUT|RED|WAT,CHA,11.0,11.0,11.0,0.0,11.0,0.0,49.0,29,3.0,0.0,0.0,0.0,0.0,0.0,14.0,13.0,3.0,0,0,0,0.0,0.0,3.0,3.5,9.0,210.0,148.0,0.22448979591836735,0.5918367346938775,,,,,0.0,0.0,1.1,1.1,1.1,0.0,1.1,0.0,4.9,2.9,0.3,0.0,0.0,0.0,0.0,0.0,1.4,1.3,0.3,0.0,0.0,0.0,0.0,0.0,0.3,0.35,0.9,21.0,14.8,0.9
001795,Christian Scarpello,SSDM,Defensive Midfield,last_10,10,2026-05-31,2026-08-08,ARC|CAN|OUT|RED|WAT|WHP,CHA,1.0,1.0,1.0,0.0,1.0,0.0,4.0,2,0.0,0.0,0.0,0.0,0.0,0.0,7.0,3.0,1.0,1,11,12,0.0,0.0,0.0,0.0,2.0,50.0,43.0,0.25,0.5,0.08333333333333333,,,,0.0,,0.1,0.1,0.1,0.0,0.1,0.0,0.4,0.2,0.0,0.0,0.0,0.0,0.0,0.0,0.7,0.3,0.1,0.1,1.1,1.2,0.0,0.0,0.0,0.0,0.2,5.0,4.3,0.2
001796,Latrell Harris,SSDM,Defensive Midfield,last_10,10,2023-06-03,2023-08-26,ATL|CAN|CHA|OUT|RED|WAT|WHP,ARC,4.0,2.0,2.0,0.0,2.0,2.0,4.0,2,0.0,0.0,0.0,0.0,0.0,0.0,19.0,2.0,6.0,0,0,0,0.0,0.0,3.0,2.5,14.0,81.0,75.0,0.5,0.5,,,,,0.14285714285714285,,0.4,0.2,0.2,0.0,0.2,0.2,0.4,0.2,0.0,0.0,0.0,0.0,0.0,0.0,1.9,0.2,0.6,0.0,0.0,0.0,0.0,0.0,0.3,0.25,1.4,8.1,7.5,1.4
001797,JD Colarusso,G,Goalie,last_10,3,2022-06-04,2022-09-03,ARC|RED|WAT,ATL,0.0,0.0,0.0,0.0,0.0,0.0,0.0,0,0.0,7.0,3.0,4.0,12.0,27.457943925233643,4.0,1.0,0.0,0,0,0,10.0,2.0,0.0,0.0,0.0,10.0,9.0,,,,0.4117647058823529,42.857142857142854,0.17647058823529413,,,0.0,0.0,0.0,0.0,0.0,0.0,0.0,0.0,0.0,2.3333333333333335,1.0,1.3333333333333333,4.0,9.152647975077882,1.3333333333333333,0.3333333333333333,0.0,0.0,0.0,0.0,3.3333333333333335,0.6666666666666666,0.0,0.0,0.0,3.3333333333333335,3.0,0.0
001809,Jeff Teat,A,Attack,last_10,10,2025-06-14,2025-09-14,ARC|CAN|OUT|RED|WAT|WHP,ATL,43.0,17.0,17.0,0.0,17.0,26.0,74.0,45,2.0,0.0,0.0,0.0,0.0,0.0,18.0,16.0,1.0,0,0,0,0.0,0.0,1.0,0.5,56.0,354.0,264.0,0.22972972972972974,0.6081081081081081,,,,,0.4642857142857143,0.0,4.3,1.7,1.7,0.0,1.7,2.6,7.4,4.5,0.2,0.0,0.0,0.0,0.0,0.0,1.8,1.6,0.1,0.0,0.0,0.0,0.0,0.0,0.1,0.05,5.6,35.4,26.4,5.6
001810,Michael Sowers,A,Attack,last_10,10,2026-05-31,2026-08-16,ARC|ATL|CAN|CHA|OUT|RED|WHP,WAT,43.0,26.0,26.0,0.0,26.0,17.0,65.0,52,0.0,0.0,0.0,0.0,0.0,0.0,9.0,20.0,1.0,0,0,0,0.0,0.0,0.0,0.0,46.0,362.0,277.0,0.4,0.8,,,,,0.3695652173913043,,4.3,2.6,2.6,0.0,2.6,1.7,6.5,5.2,0.0,0.0,0.0,0.0,0.0,0.0,0.9,2.0,0.1,0.0,0.0,0.0,0.0,0.0,0.0,0.0,4.6,36.2,27.7,4.6
001811,JT Giles-Harris,D,Defense,last_10,10,2026-05-30,2026-08-29,ARC|ATL|CAN|CHA|RED|WAT|WHP,OUT,1.0,0.0,0.0,0.0,0.0,1.0,1.0,0,1.0,0.0,0.0,0.0,0.0,0.0,15.0,2.0,4.0,0,0,0,0.0,0.0,2.0,4.0,1.0,67.0,64.0,0.0,0.0,,,,,1.0,0.0,0.1,0.0,0.0,0.0,0.0,0.1,0.1,0.0,0.1,0.0,0.0,0.0,0.0,0.0,1.5,0.2,0.4,0.0,0.0,0.0,0.0,0.0,0.2,0.4,0.1,6.7,6.4,0.1
001812,TD Ierlan,FO,Faceoff,last_10,10,2026-06-20,2026-08-29,ARC|ATL|CAN|CHA|OUT|WAT|WHP,RED,3.0,2.0,2.0,0.0,2.0,1.0,11.0,5,1.0,0.0,0.0,0.0,0.0,0.0,103.0,3.0,2.0,172,113,287,0.0,0.0,0.0,0.0,5.0,107.0,93.0,0.18181818181818182,0.45454545454545453,0.5993031358885017,,,,0.2,0.0,0.3,0.2,0.2,0.0,0.2,0.1,1.1,0.5,0.1,0.0,0.0,0.0,0.0,0.0,10.3,0.3,0.2,17.2,11.3,28.7,0.0,0.0,0.0,0.0,0.5,10.7,9.3,0.5
001813,Jared Conners,LSM,Long Stick Midfield,last_10,10,2026-06-20,2026-08-29,ARC|ATL|CAN|CHA|OUT|WAT|WHP,RED,4.0,3.0,1.0,1.0,2.0,1.0,14.0,5,10.0,0.0,0.0,0.0,0.0,0.0,24.0,5.0,8.0,0,0,0,0.0,0.0,0.0,0.0,4.0,83.0,64.0,0.14285714285714285,0.35714285714285715,,,,,0.25,0.1,0.4,0.3,0.1,0.1,0.2,0.1,1.4,0.5,1.0,0.0,0.0,0.0,0.0,0.0,2.4,0.5,0.8,0.0,0.0,0.0,0.0,0.0,0.0,0.0,0.4,8.3,6.4,0.4
001814,Mac O'Keefe,A,Attack,last_10,10,2026-05-30,2026-08-08,ATL|CAN|CHA|OUT|RED|WAT|WHP,ARC,27.0,24.0,18.0,3.0,21.0,3.0,59.0,34,11.0,0.0,0.0,0.0,0.0,0.0,12.0,10.0,2.0,0,0,0,0.0,0.0,3.0,2.0,26.0,276.0,207.0,0.3559322033898305,0.576271186440678,,,,,0.11538461538461539,0.2727272727272727,2.7,2.4,1.8,0.3,2.1,0.3,5.9,3.4,1.1,0.0,0.0,0.0,0.0,0.0,1.2,1.0,0.2,0.0,0.0,0.0,0.0,0.0,0.3,0.2,2.6,27.6,20.7,2.6
001815,Connor Kirst,M,Midfield,last_10,10,2026-06-07,2026-08-30,ARC|ATL|CHA|OUT|RED|WAT|WHP,CAN,7.0,5.0,5.0,0.0,5.0,2.0,17.0,8,5.0,0.0,0.0,0.0,0.0,0.0,20.0,4.0,5.0,7,9,16,0.0,0.0,1.0,1.0,7.0,71.0,50.0,0.29411764705882354,0.47058823529411764,0.4375,,,,0.2857142857142857,0.0,0.7,0.5,0.5,0.0,0.5,0.2,1.7,0.8,0.5,0.0,0.0,0.0,0.0,0.0,2.0,0.4,0.5,0.7,0.9,1.6,0.0,0.0,0.1,0.1,0.7,7.1,5.0,0.7
001816,Dox Aitken,M,Midfield,last_10,10,2024-06-28,2026-08-16,ARC|CAN|OUT|WAT|WHP,ATL|WAT,10.0,8.0,8.0,0.0,8.0,2.0,38.0,21,5.0,0.0,0.0,0.0,0.0,0.0,11.0,11.0,0.0,0,1,1,0.0,0.0,2.0,1.5,12.0,203.0,154.0,0.21052631578947367,0.5526315789473685,0.0,,,,0.16666666666666666,0.0,1.0,0.8,0.8,0.0,0.8,0.2,3.8,2.1,0.5,0.0,0.0,0.0,0.0,0.0,1.1,1.1,0.0,0.0,0.1,0.1,0.0,0.0,0.2,0.15,1.2,20.3,15.4,1.2
001817,Jack Kielty,D,Defense,last_10,10,2026-06-07,2026-08-30,ARC|ATL|CHA|OUT|RED|WAT|WHP,CAN,0.0,0.0,0.0,0.0,0.0,0.0,0.0,0,0.0,0.0,0.0,0.0,0.0,0.0,18.0,3.0,12.0,0,0,0,0.0,0.0,0.0,0.0,1.0,54.0,51.0,,,,,,,0.0,,0.0,0.0,0.0,0.0,0.0,0.0,0.0,0.0,0.0,0.0,0.0,0.0,0.0,0.0,1.8,0.3,1.2,0.0,0.0,0.0,0.0,0.0,0.0,0.0,0.1,5.4,5.1,0.1
001818,Jake Carraway,M,Midfield,last_10,10,2023-08-20,2024-08-17,ARC|ATL|CAN|CHA|WHP,WAT,18.0,16.0,10.0,3.0,13.0,2.0,38.0,26,14.0,0.0,0.0,0.0,0.0,0.0,6.0,4.0,0.0,0,0,0,0.0,0.0,1.0,0.5,10.0,180.0,138.0,0.34210526315789475,0.6842105263157895,,,,,0.2,0.21428571428571427,1.8,1.6,1.0,0.3,1.3,0.2,3.8,2.6,1.4,0.0,0.0,0.0,0.0,0.0,0.6,0.4,0.0,0.0,0.0,0.0,0.0,0.0,0.1,0.05,1.0,18.0,13.8,1.0
001819,Danny Logan,SSDM,Defensive Midfield,last_10,10,2025-09-14,2026-08-15,ARC|CAN|OUT|RED|WAT,ATL,3.0,2.0,2.0,0.0,2.0,1.0,6.0,5,2.0,0.0,0.0,0.0,0.0,0.0,21.0,4.0,5.0,1,14,15,0.0,0.0,1.0,1.0,5.0,86.0,76.0,0.3333333333333333,0.8333333333333334,0.06666666666666667,,,,0.2,0.0,0.3,0.2,0.2,0.0,0.2,0.1,0.6,0.5,0.2,0.0,0.0,0.0,0.0,0.0,2.1,0.4,0.5,0.1,1.4,1.5,0.0,0.0,0.1,0.1,0.5,8.6,7.6,0.5
001820,Ryan Terefenko,SSDM,Defensive Midfield,last_10,10,2026-06-06,2026-08-29,ARC|ATL|CAN|CHA|RED|WAT|WHP,OUT,8.0,4.0,2.0,1.0,3.0,4.0,12.0,10,3.0,0.0,0.0,0.0,0.0,0.0,19.0,6.0,2.0,0,1,1,0.0,0.0,1.0,0.5,13.0,136.0,118.0,0.25,0.8333333333333334,0.0,,,,0.3076923076923077,0.3333333333333333,0.8,0.4,0.2,0.1,0.3,0.4,1.2,1.0,0.3,0.0,0.0,0.0,0.0,0.0,1.9,0.6,0.2,0.0,0.1,0.1,0.0,0.0,0.1,0.05,1.3,13.6,11.8,1.3
001821,Tre Leclaire,M,Midfield,last_10,10,2026-05-30,2026-08-08,ATL|CAN|CHA|OUT|RED|WAT|WHP,ARC,29.0,19.0,13.0,3.0,16.0,10.0,48.0,29,17.0,0.0,0.0,0.0,0.0,0.0,6.0,7.0,0.0,0,0,0,0.0,0.0,2.0,1.5,15.0,236.0,181.0,0.3333333333333333,0.6041666666666666,,,,,0.6666666666666666,0.17647058823529413,2.9,1.9,1.3,0.3,1.6,1.0,4.8,2.9,1.7,0.0,0.0,0.0,0.0,0.0,0.6,0.7,0.0,0.0,0.0,0.0,0.0,0.0,0.2,0.15,1.5,23.6,18.1,1.5
001823,Tanner Cook,M,Midfield,last_10,5,2022-06-04,2022-08-06,ARC|OUT|RED|WAT|WHP,CHA,3.0,2.0,2.0,0.0,2.0,1.0,7.0,6,0.0,0.0,0.0,0.0,0.0,0.0,3.0,5.0,0.0,0,0,0,0.0,0.0,1.0,2.0,7.0,72.0,60.0,0.2857142857142857,0.8571428571428571,,,,,0.14285714285714285,,0.6,0.4,0.4,0.0,0.4,0.2,1.4,1.2,0.0,0.0,0.0,0.0,0.0,0.0,0.6,1.0,0.0,0.0,0.0,0.0,0.0,0.0,0.2,0.4,1.4,14.4,12.0,1.4
001824,Ryan Tierney,M,Midfield,last_10,10,2022-06-11,2024-08-03,ARC|ATL|CHA|OUT|WHP,CAN|RED,6.0,5.0,5.0,0.0,5.0,1.0,18.0,10,1.0,0.0,0.0,0.0,0.0,0.0,7.0,12.0,1.0,0,0,0,0.0,0.0,1.0,1.0,7.0,135.0,105.0,0.2777777777777778,0.5555555555555556,,,,,0.14285714285714285,0.0,0.6,0.5,0.5,0.0,0.5,0.1,1.8,1.0,0.1,0.0,0.0,0.0,0.0,0.0,0.7,1.2,0.1,0.0,0.0,0.0,0.0,0.0,0.1,0.1,0.7,13.5,10.5,0.7
001825,Peter Dearth,SSDM,Defensive Midfield,last_10,10,2022-08-06,2023-08-26,CAN|CHA|RED|WAT|WHP,ATL,0.0,0.0,0.0,0.0,0.0,0.0,6.0,5,0.0,0.0,0.0,0.0,0.0,0.0,15.0,3.0,2.0,0,0,0,0.0,0.0,5.0,3.0,3.0,42.0,33.0,0.0,0.8333333333333334,,,,,0.0,,0.0,0.0,0.0,0.0,0.0,0.0,0.6,0.5,0.0,0.0,0.0,0.0,0.0,0.0,1.5,0.3,0.2,0.0,0.0,0.0,0.0,0.0,0.5,0.3,0.3,4.2,3.3,0.3
001826,Jeff Trainor,SSDM,Defensive Midfield,last_10,10,2026-05-17,2026-08-30,ARC|ATL|CHA|OUT|RED|WAT|WHP,CAN,4.0,3.0,3.0,0.0,3.0,1.0,9.0,5,2.0,0.0,0.0,0.0,0.0,0.0,11.0,3.0,2.0,0,0,0,0.0,0.0,5.0,3.5,3.0,60.0,48.0,0.3333333333333333,0.5555555555555556,,,,,0.3333333333333333,0.0,0.4,0.3,0.3,0.0,0.3,0.1,0.9,0.5,0.2,0.0,0.0,0.0,0.0,0.0,1.1,0.3,0.2,0.0,0.0,0.0,0.0,0.0,0.5,0.35,0.3,6.0,4.8,0.3
001827,Jared Bernhardt,A,Attack,last_10,10,2025-09-14,2026-08-29,ARC|ATL|CAN|CHA|RED|WAT|WHP,OUT,23.0,18.0,18.0,0.0,18.0,5.0,60.0,39,3.0,0.0,0.0,0.0,0.0,0.0,9.0,17.0,4.0,0,0,0,0.0,0.0,0.0,0.0,20.0,265.0,188.0,0.3,0.65,,,,,0.25,0.0,2.3,1.8,1.8,0.0,1.8,0.5,6.0,3.9,0.3,0.0,0.0,0.0,0.0,0.0,0.9,1.7,0.4,0.0,0.0,0.0,0.0,0.0,0.0,0.0,2.0,26.5,18.8,2.0
001828,Justin Anderson,M,Midfield,last_10,10,2026-06-06,2026-08-29,ARC|ATL|CAN|CHA|RED|WAT|WHP,OUT,9.0,9.0,7.0,1.0,8.0,0.0,26.0,21,2.0,0.0,0.0,0.0,0.0,0.0,7.0,5.0,2.0,0,0,0,0.0,0.0,1.0,0.5,5.0,128.0,97.0,0.3076923076923077,0.8076923076923077,,,,,0.0,0.5,0.9,0.9,0.7,0.1,0.8,0.0,2.6,2.1,0.2,0.0,0.0,0.0,0.0,0.0,0.7,0.5,0.2,0.0,0.0,0.0,0.0,0.0,0.1,0.05,0.5,12.8,9.7,0.5
001831,Colin Squires,LSM,Long Stick Midfield,last_10,10,2025-06-07,2025-08-23,ATL|CAN|CHA|OUT|RED|WAT,WHP,1.0,0.0,0.0,0.0,0.0,1.0,1.0,0,1.0,0.0,0.0,0.0,0.0,0.0,39.0,5.0,5.0,0,0,0,0.0,0.0,1.0,1.0,1.0,61.0,55.0,0.0,0.0,,,,,1.0,0.0,0.1,0.0,0.0,0.0,0.0,0.1,0.1,0.0,0.1,0.0,0.0,0.0,0.0,0.0,3.9,0.5,0.5,0.0,0.0,0.0,0.0,0.0,0.1,0.1,0.1,6.1,5.5,0.1
001832,Charlie Bertrand,M,Midfield,last_10,10,2024-08-17,2025-09-01,ARC|CAN|CHA|OUT|WHP,RED,15.0,12.0,10.0,1.0,11.0,3.0,36.0,27,3.0,0.0,0.0,0.0,0.0,0.0,7.0,7.0,0.0,0,0,0,0.0,0.0,1.0,1.0,6.0,154.0,111.0,0.3055555555555556,0.75,,,,,0.5,0.3333333333333333,1.5,1.2,1.0,0.1,1.1,0.3,3.6,2.7,0.3,0.0,0.0,0.0,0.0,0.0,0.7,0.7,0.0,0.0,0.0,0.0,0.0,0.0,0.1,0.1,0.6,15.4,11.1,0.6
001833,Stephen Rehfuss,M,Midfield,last_10,10,2022-06-05,2022-08-21,ARC|ATL|CHA|OUT|RED|WAT|WHP,CAN,14.0,6.0,6.0,0.0,6.0,8.0,29.0,17,0.0,0.0,0.0,0.0,0.0,0.0,9.0,16.0,0.0,0,0,0,0.0,0.0,0.0,0.0,44.0,277.0,232.0,0.20689655172413793,0.5862068965517241,,,,,0.18181818181818182,,1.4,0.6,0.6,0.0,0.6,0.8,2.9,1.7,0.0,0.0,0.0,0.0,0.0,0.0,0.9,1.6,0.0,0.0,0.0,0.0,0.0,0.0,0.0,0.0,4.4,27.7,23.2,4.4
001835,Ethan Walker,A,Attack,last_10,10,2024-06-01,2024-08-17,ARC|ATL|CAN|CHA|OUT|RED|WHP,WAT,10.0,5.0,5.0,0.0,5.0,5.0,29.0,19,0.0,0.0,0.0,0.0,0.0,0.0,11.0,9.0,2.0,0,0,0,0.0,0.0,0.0,0.0,20.0,262.0,224.0,0.1724137931034483,0.6551724137931034,,,,,0.25,,1.0,0.5,0.5,0.0,0.5,0.5,2.9,1.9,0.0,0.0,0.0,0.0,0.0,0.0,1.1,0.9,0.2,0.0,0.0,0.0,0.0,0.0,0.0,0.0,2.0,26.2,22.4,2.0
001836,Jackson Morrill,A,Attack,last_10,10,2023-07-15,2024-06-16,ARC|ATL|CAN|RED|WAT|WHP,OUT|WHP,19.0,6.0,6.0,0.0,6.0,13.0,21.0,19,0.0,0.0,0.0,0.0,0.0,0.0,12.0,14.0,0.0,0,0,0,0.0,0.0,0.0,0.0,40.0,287.0,252.0,0.2857142857142857,0.9047619047619048,,,,,0.325,,1.9,0.6,0.6,0.0,0.6,1.3,2.1,1.9,0.0,0.0,0.0,0.0,0.0,0.0,1.2,1.4,0.0,0.0,0.0,0.0,0.0,0.0,0.0,0.0,4.0,28.7,25.2,4.0
001838,Ryan Smith,M,Midfield,last_10,10,2023-06-10,2023-09-04,ARC|ATL|CAN|OUT|RED|WAT|WHP,CHA,19.0,15.0,15.0,0.0,15.0,4.0,38.0,25,0.0,0.0,0.0,0.0,0.0,0.0,7.0,8.0,0.0,0,0,0,0.0,0.0,0.0,0.0,18.0,126.0,80.0,0.39473684210526316,0.6578947368421053,,,,,0.2222222222222222,,1.9,1.5,1.5,0.0,1.5,0.4,3.8,2.5,0.0,0.0,0.0,0.0,0.0,0.0,0.7,0.8,0.0,0.0,0.0,0.0,0.0,0.0,0.0,0.0,1.8,12.6,8.0,1.8
001839,Nick Grill,LSM,Long Stick Midfield,last_10,10,2024-08-18,2026-08-16,ARC|ATL|CAN|CHA|RED|WAT|WHP,OUT,0.0,0.0,0.0,0.0,0.0,0.0,0.0,0,0.0,0.0,0.0,0.0,0.0,0.0,13.0,1.0,4.0,0,0,0,0.0,0.0,0.0,0.0,0.0,25.0,24.0,,,,,,,,,0.0,0.0,0.0,0.0,0.0,0.0,0.0,0.0,0.0,0.0,0.0,0.0,0.0,0.0,1.3,0.1,0.4,0.0,0.0,0.0,0.0,0.0,0.0,0.0,0.0,2.5,2.4,0.0
001843,Cole Williams,M,Midfield,last_10,10,2022-07-30,2026-08-15,ARC|CAN|CHA|RED|WAT|WHP,ATL|CHA|OUT,11.0,8.0,8.0,0.0,8.0,3.0,27.0,17,1.0,0.0,0.0,0.0,0.0,0.0,6.0,14.0,0.0,0,0,0,0.0,0.0,2.0,2.0,15.0,143.0,102.0,0.2962962962962963,0.6296296296296297,,,,,0.2,0.0,1.1,0.8,0.8,0.0,0.8,0.3,2.7,1.7,0.1,0.0,0.0,0.0,0.0,0.0,0.6,1.4,0.0,0.0,0.0,0.0,0.0,0.0,0.2,0.2,1.5,14.3,10.2,1.5
001846,Adam Charalambides,A,Attack,last_10,10,2025-06-07,2026-05-09,ARC|ATL|CAN|OUT|RED|WAT|WHP,CHA,16.0,13.0,13.0,0.0,13.0,3.0,53.0,35,1.0,0.0,0.0,0.0,0.0,0.0,9.0,17.0,2.0,0,0,0,0.0,0.0,3.0,2.0,12.0,288.0,218.0,0.24528301886792453,0.660377358490566,,,,,0.25,0.0,1.6,1.3,1.3,0.0,1.3,0.3,5.3,3.5,0.1,0.0,0.0,0.0,0.0,0.0,0.9,1.7,0.2,0.0,0.0,0.0,0.0,0.0,0.3,0.2,1.2,28.8,21.8,1.2
002001,Kevin Rogers,M,Midfield,last_10,7,2022-06-05,2023-08-06,ARC|CAN|CHA|RED|WAT,OUT|RED,8.0,3.0,3.0,0.0,3.0,5.0,18.0,11,2.0,0.0,0.0,0.0,0.0,0.0,7.0,3.0,1.0,0,0,0,0.0,0.0,0.0,0.0,17.0,121.0,100.0,0.16666666666666666,0.6111111111111112,,,,,0.29411764705882354,0.0,1.1428571428571428,0.42857142857142855,0.42857142857142855,0.0,0.42857142857142855,0.7142857142857143,2.5714285714285716,1.5714285714285714,0.2857142857142857,0.0,0.0,0.0,0.0,0.0,1.0,0.42857142857142855,0.14285714285714285,0.0,0.0,0.0,0.0,0.0,0.0,0.0,2.4285714285714284,17.285714285714285,14.285714285714286,2.4285714285714284
002003,Will Perry,M,Midfield,last_10,8,2023-06-04,2023-08-20,ARC|ATL|CAN|RED|WAT|WHP,CHA,5.0,5.0,5.0,0.0,5.0,0.0,30.0,13,5.0,0.0,0.0,0.0,0.0,0.0,4.0,2.0,0.0,0,0,0,0.0,0.0,0.0,0.0,9.0,134.0,102.0,0.16666666666666666,0.43333333333333335,,,,,0.0,0.0,0.625,0.625,0.625,0.0,0.625,0.0,3.75,1.625,0.625,0.0,0.0,0.0,0.0,0.0,0.5,0.25,0.0,0.0,0.0,0.0,0.0,0.0,0.0,0.0,1.125,16.75,12.75,1.125
002006,Reid Bowering,A,Attack,last_10,10,2026-05-16,2026-08-15,CAN|OUT|RED|WAT|WHP,ATL,15.0,15.0,15.0,0.0,15.0,0.0,38.0,30,0.0,0.0,0.0,0.0,0.0,0.0,13.0,12.0,2.0,0,1,1,0.0,0.0,1.0,1.0,5.0,124.0,74.0,0.39473684210526316,0.7894736842105263,0.0,,,,0.0,,1.5,1.5,1.5,0.0,1.5,0.0,3.8,3.0,0.0,0.0,0.0,0.0,0.0,0.0,1.3,1.2,0.2,0.0,0.1,0.1,0.0,0.0,0.1,0.1,0.5,12.4,7.4,0.5
002007,Charlie Kitchen,A,Attack,last_10,1,2022-07-31,2022-07-31,CAN,WAT,1.0,1.0,1.0,0.0,1.0,0.0,3.0,2,0.0,0.0,0.0,0.0,0.0,0.0,0.0,0.0,0.0,0,0,0,0.0,0.0,0.0,0.0,2.0,8.0,5.0,0.3333333333333333,0.6666666666666666,,,,,0.0,,1.0,1.0,1.0,0.0,1.0,0.0,3.0,2.0,0.0,0.0,0.0,0.0,0.0,0.0,0.0,0.0,0.0,0.0,0.0,0.0,0.0,0.0,0.0,0.0,2.0,8.0,5.0,2.0
002014,Drake Porter,G,Goalie,last_10,3,2023-07-09,2023-09-04,CAN|CHA,ATL,0.0,0.0,0.0,0.0,0.0,0.0,0.0,0,0.0,19.0,2.0,17.0,27.0,41.28668941979522,4.0,2.0,0.0,0,0,0,27.0,0.0,0.0,0.0,0.0,23.0,21.0,,,,0.41304347826086957,10.526315789473683,0.043478260869565216,,,0.0,0.0,0.0,0.0,0.0,0.0,0.0,0.0,0.0,6.333333333333333,0.6666666666666666,5.666666666666667,9.0,13.762229806598407,1.3333333333333333,0.6666666666666666,0.0,0.0,0.0,0.0,9.0,0.0,0.0,0.0,0.0,7.666666666666667,7.0,0.0
002015,Logan Wisnauskas,A,Attack,last_10,10,2026-06-06,2026-08-29,ARC|ATL|CAN|CHA|RED|WAT|WHP,OUT,23.0,15.0,15.0,0.0,15.0,8.0,30.0,23,1.0,0.0,0.0,0.0,0.0,0.0,7.0,13.0,0.0,0,0,0,0.0,0.0,0.0,0.0,21.0,236.0,193.0,0.5,0.7666666666666667,,,,,0.38095238095238093,0.0,2.3,1.5,1.5,0.0,1.5,0.8,3.0,2.3,0.1,0.0,0.0,0.0,0.0,0.0,0.7,1.3,0.0,0.0,0.0,0.0,0.0,0.0,0.0,0.0,2.1,23.6,19.3,2.1
002016,Chris Gray,A,Attack,last_10,10,2023-08-26,2024-08-17,ARC|ATL|CAN|CHA|OUT|RED|WAT|WHP,ATL|RED,15.0,9.0,9.0,0.0,9.0,6.0,50.0,30,4.0,0.0,0.0,0.0,0.0,0.0,10.0,16.0,1.0,0,0,0,0.0,0.0,0.0,0.0,33.0,301.0,235.0,0.18,0.6,,,,,0.18181818181818182,0.0,1.5,0.9,0.9,0.0,0.9,0.6,5.0,3.0,0.4,0.0,0.0,0.0,0.0,0.0,1.0,1.6,0.1,0.0,0.0,0.0,0.0,0.0,0.0,0.0,3.3,30.1,23.5,3.3
002017,Arden Cohen,LSM,Long Stick Midfield,last_10,10,2024-08-17,2026-05-16,ARC|ATL|CHA|OUT|WAT,RED,0.0,0.0,0.0,0.0,0.0,0.0,0.0,0,0.0,0.0,0.0,0.0,0.0,0.0,22.0,3.0,12.0,0,0,0,0.0,0.0,7.0,7.0,1.0,38.0,35.0,,,,,,,0.0,,0.0,0.0,0.0,0.0,0.0,0.0,0.0,0.0,0.0,0.0,0.0,0.0,0.0,0.0,2.2,0.3,1.2,0.0,0.0,0.0,0.0,0.0,0.7,0.7,0.1,3.8,3.5,0.1
002018,Matt Moore,A,Attack,last_10,10,2024-06-29,2025-06-22,CAN|CHA|OUT|RED|WHP,ARC,21.0,15.0,13.0,1.0,14.0,6.0,54.0,33,8.0,0.0,0.0,0.0,0.0,0.0,13.0,15.0,0.0,0,0,0,0.0,0.0,3.0,3.5,14.0,247.0,178.0,0.25925925925925924,0.6111111111111112,,,,,0.42857142857142855,0.125,2.1,1.5,1.3,0.1,1.4,0.6,5.4,3.3,0.8,0.0,0.0,0.0,0.0,0.0,1.3,1.5,0.0,0.0,0.0,0.0,0.0,0.0,0.3,0.35,1.4,24.7,17.8,1.4
002019,Koby Smith,LSM,Long Stick Midfield,last_10,10,2024-06-16,2025-08-02,ARC|CAN|OUT|RED|WAT|WHP,ATL,2.0,0.0,0.0,0.0,0.0,2.0,8.0,4,4.0,0.0,0.0,0.0,0.0,0.0,17.0,4.0,6.0,0,0,0,0.0,0.0,1.0,1.0,5.0,49.0,37.0,0.0,0.5,,,,,0.4,0.0,0.2,0.0,0.0,0.0,0.0,0.2,0.8,0.4,0.4,0.0,0.0,0.0,0.0,0.0,1.7,0.4,0.6,0.0,0.0,0.0,0.0,0.0,0.1,0.1,0.5,4.9,3.7,0.5
002020,Brett Kennedy,D,Defense,last_10,9,2022-06-04,2024-06-16,ARC|CHA|RED|WAT|WHP,CHA|WHP,1.0,0.0,0.0,0.0,0.0,1.0,0.0,0,0.0,0.0,0.0,0.0,0.0,0.0,15.0,5.0,5.0,0,0,0,0.0,0.0,2.0,1.5,2.0,47.0,42.0,,,,,,,0.5,,0.1111111111111111,0.0,0.0,0.0,0.0,0.1111111111111111,0.0,0.0,0.0,0.0,0.0,0.0,0.0,0.0,1.6666666666666667,0.5555555555555556,0.5555555555555556,0.0,0.0,0.0,0.0,0.0,0.2222222222222222,0.16666666666666666,0.2222222222222222,5.222222222222222,4.666666666666667,0.2222222222222222
002021,Roman Puglise,SSDM,Defensive Midfield,last_10,10,2024-09-15,2025-08-23,ARC|ATL|CAN|CHA|OUT|WAT,WHP,2.0,1.0,1.0,0.0,1.0,1.0,6.0,4,1.0,0.0,0.0,0.0,0.0,0.0,12.0,3.0,2.0,0,0,0,0.0,0.0,7.0,4.0,1.0,90.0,81.0,0.16666666666666666,0.6666666666666666,,,,,1.0,0.0,0.2,0.1,0.1,0.0,0.1,0.1,0.6,0.4,0.1,0.0,0.0,0.0,0.0,0.0,1.2,0.3,0.2,0.0,0.0,0.0,0.0,0.0,0.7,0.4,0.1,9.0,8.1,0.1
002022,Zach Geddes,SSDM,Defensive Midfield,last_10,10,2026-06-06,2026-08-29,ARC|ATL|CAN|CHA|RED|WAT|WHP,OUT,6.0,4.0,2.0,1.0,3.0,2.0,9.0,5,2.0,0.0,0.0,0.0,0.0,0.0,9.0,2.0,5.0,1,4,5,0.0,0.0,0.0,0.0,3.0,80.0,69.0,0.3333333333333333,0.5555555555555556,0.2,,,,0.6666666666666666,0.5,0.6,0.4,0.2,0.1,0.3,0.2,0.9,0.5,0.2,0.0,0.0,0.0,0.0,0.0,0.9,0.2,0.5,0.1,0.4,0.5,0.0,0.0,0.0,0.0,0.3,8.0,6.9,0.3
002023,Brendan Nichtern,A,Attack,last_10,10,2022-08-20,2026-06-28,ARC|ATL|CAN|CHA|OUT|RED|WAT,CHA|OUT,20.0,10.0,10.0,0.0,10.0,10.0,37.0,24,1.0,0.0,0.0,0.0,0.0,0.0,12.0,26.0,2.0,0,0,0,0.0,0.0,4.0,2.0,39.0,311.0,248.0,0.2702702702702703,0.6486486486486487,,,,,0.2564102564102564,0.0,2.0,1.0,1.0,0.0,1.0,1.0,3.7,2.4,0.1,0.0,0.0,0.0,0.0,0.0,1.2,2.6,0.2,0.0,0.0,0.0,0.0,0.0,0.4,0.2,3.9,31.1,24.8,3.9
002024,Asher Nolting,A,Attack,last_10,10,2025-06-07,2026-05-15,ARC|ATL|CHA|OUT|RED|WAT|WHP,CAN,35.0,10.0,10.0,0.0,10.0,25.0,34.0,22,0.0,0.0,0.0,0.0,0.0,0.0,13.0,27.0,2.0,0,0,0,0.0,0.0,1.0,1.0,64.0,308.0,247.0,0.29411764705882354,0.6470588235294118,,,,,0.390625,,3.5,1.0,1.0,0.0,1.0,2.5,3.4,2.2,0.0,0.0,0.0,0.0,0.0,0.0,1.3,2.7,0.2,0.0,0.0,0.0,0.0,0.0,0.1,0.1,6.4,30.8,24.7,6.4
002025,Bubba Fairman,SSDM,Defensive Midfield,last_10,10,2024-06-08,2024-09-02,ARC|ATL|CHA|OUT|RED|WAT|WHP,CAN,0.0,0.0,0.0,0.0,0.0,0.0,7.0,3,0.0,0.0,0.0,0.0,0.0,0.0,7.0,4.0,3.0,0,1,1,0.0,0.0,1.0,1.0,2.0,84.0,73.0,0.0,0.42857142857142855,0.0,,,,0.0,,0.0,0.0,0.0,0.0,0.0,0.0,0.7,0.3,0.0,0.0,0.0,0.0,0.0,0.0,0.7,0.4,0.3,0.0,0.1,0.1,0.0,0.0,0.1,0.1,0.2,8.4,7.3,0.2
002026,Brett Dobson,G,Goalie,last_10,10,2026-05-30,2026-08-08,ATL|CAN|CHA|OUT|RED|WAT|WHP,ARC,0.0,0.0,0.0,0.0,0.0,0.0,5.0,1,5.0,130.0,54.0,76.0,96.0,96.9090909090909,17.0,3.0,4.0,0,0,0,91.0,5.0,3.0,3.0,1.0,171.0,163.0,0.0,0.2,,0.5882352941176471,41.53846153846154,0.24434389140271492,0.0,0.0,0.0,0.0,0.0,0.0,0.0,0.0,0.5,0.1,0.5,13.0,5.4,7.6,9.6,9.690909090909091,1.7,0.3,0.4,0.0,0.0,0.0,9.1,0.5,0.3,0.3,0.1,17.1,16.3,0.1
002027,Brendan Curry,M,Midfield,last_10,10,2022-06-18,2023-09-04,ARC|CAN|OUT|RED|WAT|WHP,ATL,9.0,5.0,5.0,0.0,5.0,4.0,22.0,12,1.0,0.0,0.0,0.0,0.0,0.0,6.0,5.0,0.0,0,0,0,0.0,0.0,0.0,0.0,14.0,106.0,79.0,0.22727272727272727,0.5454545454545454,,,,,0.2857142857142857,0.0,0.9,0.5,0.5,0.0,0.5,0.4,2.2,1.2,0.1,0.0,0.0,0.0,0.0,0.0,0.6,0.5,0.0,0.0,0.0,0.0,0.0,0.0,0.0,0.0,1.4,10.6,7.9,1.4
002028,Jack Hannah,M,Midfield,last_10,10,2026-05-09,2026-08-01,ARC|ATL|CAN|CHA|OUT|RED|WHP,WAT,15.0,11.0,11.0,0.0,11.0,4.0,57.0,26,4.0,0.0,0.0,0.0,0.0,0.0,12.0,9.0,0.0,0,0,0,0.0,0.0,3.0,2.5,15.0,227.0,161.0,0.19298245614035087,0.45614035087719296,,,,,0.26666666666666666,0.0,1.5,1.1,1.1,0.0,1.1,0.4,5.7,2.6,0.4,0.0,0.0,0.0,0.0,0.0,1.2,0.9,0.0,0.0,0.0,0.0,0.0,0.0,0.3,0.25,1.5,22.7,16.1,1.5
002029,Wheaton Jackoboice,SSDM,Defensive Midfield,last_10,10,2022-08-21,2024-09-15,ARC|ATL|CAN|CHA|RED|WAT,WHP,1.0,1.0,1.0,0.0,1.0,0.0,8.0,4,2.0,0.0,0.0,0.0,0.0,0.0,8.0,2.0,1.0,0,0,0,0.0,0.0,1.0,0.5,6.0,69.0,59.0,0.125,0.5,,,,,0.0,0.0,0.1,0.1,0.1,0.0,0.1,0.0,0.8,0.4,0.2,0.0,0.0,0.0,0.0,0.0,0.8,0.2,0.1,0.0,0.0,0.0,0.0,0.0,0.1,0.05,0.6,6.9,5.9,0.6
002030,Jonathan Donville,M,Midfield,last_10,10,2025-06-07,2026-06-06,ARC|ATL|CAN|CHA|RED|WAT,CAN|OUT,6.0,4.0,4.0,0.0,4.0,2.0,13.0,9,0.0,0.0,0.0,0.0,0.0,0.0,7.0,7.0,2.0,0,0,0,0.0,0.0,1.0,1.0,10.0,126.0,106.0,0.3076923076923077,0.6923076923076923,,,,,0.2,,0.6,0.4,0.4,0.0,0.4,0.2,1.3,0.9,0.0,0.0,0.0,0.0,0.0,0.0,0.7,0.7,0.2,0.0,0.0,0.0,0.0,0.0,0.1,0.1,1.0,12.6,10.6,1.0
002031,Ryan McNulty,LSM,Long Stick Midfield,last_10,4,2024-06-08,2024-09-02,ARC|ATL|CAN|RED,CHA,0.0,0.0,0.0,0.0,0.0,0.0,1.0,0,1.0,0.0,0.0,0.0,0.0,0.0,7.0,1.0,1.0,0,0,0,0.0,0.0,0.0,0.0,2.0,15.0,13.0,0.0,0.0,,,,,0.0,0.0,0.0,0.0,0.0,0.0,0.0,0.0,0.25,0.0,0.25,0.0,0.0,0.0,0.0,0.0,1.75,0.25,0.25,0.0,0.0,0.0,0.0,0.0,0.0,0.0,0.5,3.75,3.25,0.5
002032,Justin Inacio,FO,Faceoff,last_10,10,2025-08-24,2026-07-25,ARC|ATL|CAN|OUT|RED|WAT|WHP,CHA,0.0,0.0,0.0,0.0,0.0,0.0,8.0,3,1.0,0.0,0.0,0.0,0.0,0.0,60.0,8.0,2.0,107,112,220,0.0,0.0,1.0,0.5,0.0,61.0,45.0,0.0,0.375,0.4863636363636364,,,,,0.0,0.0,0.0,0.0,0.0,0.0,0.0,0.8,0.3,0.1,0.0,0.0,0.0,0.0,0.0,6.0,0.8,0.2,10.7,11.2,22.0,0.0,0.0,0.1,0.05,0.0,6.1,4.5,0.0
002033,Nakeie Montgomery,M,Midfield,last_10,10,2023-08-26,2026-05-17,ARC|ATL|CAN|CHA|OUT|WAT,RED|WAT,5.0,3.0,3.0,0.0,3.0,2.0,21.0,14,2.0,0.0,0.0,0.0,0.0,0.0,10.0,7.0,1.0,0,1,1,0.0,0.0,0.0,0.0,8.0,110.0,82.0,0.14285714285714285,0.6666666666666666,0.0,,,,0.25,0.0,0.5,0.3,0.3,0.0,0.3,0.2,2.1,1.4,0.2,0.0,0.0,0.0,0.0,0.0,1.0,0.7,0.1,0.0,0.1,0.1,0.0,0.0,0.0,0.0,0.8,11.0,8.2,0.8
002034,Keegan Khan,M,Midfield,last_10,10,2023-06-10,2024-07-20,ARC|ATL|CAN|CHA|OUT|WAT,WHP,6.0,5.0,5.0,0.0,5.0,1.0,19.0,15,0.0,0.0,0.0,0.0,0.0,0.0,7.0,1.0,1.0,0,0,0,0.0,0.0,0.0,0.0,10.0,111.0,91.0,0.2631578947368421,0.7894736842105263,,,,,0.1,,0.6,0.5,0.5,0.0,0.5,0.1,1.9,1.5,0.0,0.0,0.0,0.0,0.0,0.0,0.7,0.1,0.1,0.0,0.0,0.0,0.0,0.0,0.0,0.0,1.0,11.1,9.1,1.0
002035,Max Wayne,D,Defense,last_10,9,2023-06-17,2023-09-10,ATL|OUT|RED|WAT|WHP,CAN,0.0,0.0,0.0,0.0,0.0,0.0,0.0,0,0.0,0.0,0.0,0.0,0.0,0.0,26.0,4.0,8.0,0,0,0,0.0,0.0,4.0,3.5,0.0,57.0,53.0,,,,,,,,,0.0,0.0,0.0,0.0,0.0,0.0,0.0,0.0,0.0,0.0,0.0,0.0,0.0,0.0,2.888888888888889,0.4444444444444444,0.8888888888888888,0.0,0.0,0.0,0.0,0.0,0.4444444444444444,0.3888888888888889,0.0,6.333333333333333,5.888888888888889,0.0
002036,Jake Higgins,SSDM,Defensive Midfield,last_10,10,2023-06-10,2023-09-24,ARC|ATL|CAN|CHA|OUT|RED|WHP,WAT,3.0,2.0,2.0,0.0,2.0,1.0,4.0,3,1.0,0.0,0.0,0.0,0.0,0.0,12.0,5.0,8.0,0,0,0,0.0,0.0,1.0,1.0,2.0,60.0,51.0,0.5,0.75,,,,,0.5,0.0,0.3,0.2,0.2,0.0,0.2,0.1,0.4,0.3,0.1,0.0,0.0,0.0,0.0,0.0,1.2,0.5,0.8,0.0,0.0,0.0,0.0,0.0,0.1,0.1,0.2,6.0,5.1,0.2
002037,Bryan McIntosh,D,Defense,last_10,3,2022-06-05,2022-07-24,ARC|ATL|WAT,CAN,0.0,0.0,0.0,0.0,0.0,0.0,0.0,0,0.0,0.0,0.0,0.0,0.0,0.0,5.0,0.0,0.0,0,0,0,0.0,0.0,0.0,0.0,0.0,13.0,13.0,,,,,,,,,0.0,0.0,0.0,0.0,0.0,0.0,0.0,0.0,0.0,0.0,0.0,0.0,0.0,0.0,1.6666666666666667,0.0,0.0,0.0,0.0,0.0,0.0,0.0,0.0,0.0,0.0,4.333333333333333,4.333333333333333,0.0
002038,Colin Kirst,G,Goalie,last_10,10,2026-05-17,2026-08-09,ATL|CHA|OUT|RED|WAT|WHP,CAN,0.0,0.0,0.0,0.0,0.0,0.0,1.0,1,1.0,92.0,27.0,65.0,99.0,108.42146126468555,12.0,5.0,3.0,0,0,0,94.0,5.0,1.0,1.0,0.0,92.0,86.0,0.0,1.0,,0.4946236559139785,29.347826086956523,0.14516129032258066,,0.0,0.0,0.0,0.0,0.0,0.0,0.0,0.1,0.1,0.1,9.2,2.7,6.5,9.9,10.842146126468554,1.2,0.5,0.3,0.0,0.0,0.0,9.4,0.5,0.1,0.1,0.0,9.2,8.6,0.0
002039,Owen McElroy,G,Goalie,last_10,10,2024-08-10,2026-08-16,ARC|ATL|CHA|RED|WAT|WHP,OUT,0.0,0.0,0.0,0.0,0.0,0.0,0.0,0,0.0,98.0,28.0,70.0,97.0,114.00555748523793,20.0,3.0,0.0,0,0,0,92.0,5.0,0.0,0.0,1.0,118.0,115.0,,,,0.5157894736842106,28.57142857142857,0.14736842105263157,0.0,,0.0,0.0,0.0,0.0,0.0,0.0,0.0,0.0,0.0,9.8,2.8,7.0,9.7,11.400555748523793,2.0,0.3,0.0,0.0,0.0,0.0,9.2,0.5,0.0,0.0,0.1,11.8,11.5,0.1
002040,Jackson Reid,A,Attack,last_10,7,2022-06-04,2023-06-17,ATL|CAN|CHA|OUT|RED|WAT,WHP,4.0,4.0,4.0,0.0,4.0,0.0,20.0,12,0.0,0.0,0.0,0.0,0.0,0.0,2.0,5.0,0.0,0,1,1,0.0,0.0,0.0,0.0,8.0,77.0,52.0,0.2,0.6,0.0,,,,0.0,,0.5714285714285714,0.5714285714285714,0.5714285714285714,0.0,0.5714285714285714,0.0,2.857142857142857,1.7142857142857142,0.0,0.0,0.0,0.0,0.0,0.0,0.2857142857142857,0.7142857142857143,0.0,0.0,0.14285714285714285,0.14285714285714285,0.0,0.0,0.0,0.0,1.1428571428571428,11.0,7.428571428571429,1.1428571428571428
002041,Mitch Bartolo,M,Midfield,last_10,1,2022-07-31,2022-07-31,CHA,RED,0.0,0.0,0.0,0.0,0.0,0.0,0.0,0,0.0,0.0,0.0,0.0,0.0,0.0,1.0,1.0,0.0,0,0,0,0.0,0.0,0.0,0.0,0.0,2.0,1.0,,,,,,,,,0.0,0.0,0.0,0.0,0.0,0.0,0.0,0.0,0.0,0.0,0.0,0.0,0.0,0.0,1.0,1.0,0.0,0.0,0.0,0.0,0.0,0.0,0.0,0.0,0.0,2.0,1.0,0.0
002042,Jon Robbins,LSM,Long Stick Midfield,last_10,10,2026-05-09,2026-08-15,ARC|CAN|CHA|OUT|RED|WAT|WHP,ATL,0.0,0.0,0.0,0.0,0.0,0.0,2.0,1,1.0,0.0,0.0,0.0,0.0,0.0,9.0,3.0,9.0,0,0,0,0.0,0.0,1.0,1.0,1.0,20.0,15.0,0.0,0.5,,,,,0.0,0.0,0.0,0.0,0.0,0.0,0.0,0.0,0.2,0.1,0.1,0.0,0.0,0.0,0.0,0.0,0.9,0.3,0.9,0.0,0.0,0.0,0.0,0.0,0.1,0.1,0.1,2.0,1.5,0.1
002043,Ryan Aughavin,M,Midfield,last_10,10,2023-08-19,2024-08-18,ATL|CHA|OUT|RED|WAT|WHP,ARC,11.0,8.0,2.0,3.0,5.0,3.0,22.0,16,10.0,0.0,0.0,0.0,0.0,0.0,4.0,5.0,0.0,0,0,0,0.0,0.0,0.0,0.0,6.0,108.0,81.0,0.22727272727272727,0.7272727272727273,,,,,0.5,0.3,1.1,0.8,0.2,0.3,0.5,0.3,2.2,1.6,1.0,0.0,0.0,0.0,0.0,0.0,0.4,0.5,0.0,0.0,0.0,0.0,0.0,0.0,0.0,0.0,0.6,10.8,8.1,0.6
002046,Kevin Lindley,A,Attack,last_10,2,2023-06-17,2023-08-20,ARC|WAT,CHA,1.0,1.0,1.0,0.0,1.0,0.0,4.0,2,0.0,0.0,0.0,0.0,0.0,0.0,2.0,1.0,0.0,0,0,0,0.0,0.0,0.0,0.0,4.0,22.0,17.0,0.25,0.5,,,,,0.0,,0.5,0.5,0.5,0.0,0.5,0.0,2.0,1.0,0.0,0.0,0.0,0.0,0.0,0.0,1.0,0.5,0.0,0.0,0.0,0.0,0.0,0.0,0.0,0.0,2.0,11.0,8.5,2.0
002047,Frankie Labetti,FO,Faceoff,last_10,2,2022-06-11,2022-06-18,CAN|CHA,ARC,1.0,1.0,1.0,0.0,1.0,0.0,3.0,1,0.0,0.0,0.0,0.0,0.0,0.0,9.0,1.0,1.0,19,32,51,0.0,0.0,1.0,0.5,2.0,8.0,4.0,0.3333333333333333,0.3333333333333333,0.37254901960784315,,,,0.0,,0.5,0.5,0.5,0.0,0.5,0.0,1.5,0.5,0.0,0.0,0.0,0.0,0.0,0.0,4.5,0.5,0.5,9.5,16.0,25.5,0.0,0.0,0.5,0.25,1.0,4.0,2.0,1.0
002049,Marc O'Rourke,M,Midfield,last_10,5,2023-06-03,2023-08-12,CHA|RED|WAT|WHP,ATL,4.0,2.0,2.0,0.0,2.0,2.0,14.0,8,2.0,0.0,0.0,0.0,0.0,0.0,1.0,4.0,0.0,0,0,0,0.0,0.0,0.0,0.0,4.0,66.0,48.0,0.14285714285714285,0.5714285714285714,,,,,0.5,0.0,0.8,0.4,0.4,0.0,0.4,0.4,2.8,1.6,0.4,0.0,0.0,0.0,0.0,0.0,0.2,0.8,0.0,0.0,0.0,0.0,0.0,0.0,0.0,0.0,0.8,13.2,9.6,0.8
002051,Connor DeSimone,A,Attack,last_10,7,2022-06-05,2023-06-09,ATL|CAN|CHA|OUT|RED,ARC,13.0,8.0,8.0,0.0,8.0,5.0,19.0,15,1.0,0.0,0.0,0.0,0.0,0.0,4.0,10.0,2.0,0,0,0,0.0,0.0,0.0,0.0,10.0,158.0,129.0,0.42105263157894735,0.7894736842105263,,,,,0.5,0.0,1.8571428571428572,1.1428571428571428,1.1428571428571428,0.0,1.1428571428571428,0.7142857142857143,2.7142857142857144,2.142857142857143,0.14285714285714285,0.0,0.0,0.0,0.0,0.0,0.5714285714285714,1.4285714285714286,0.2857142857142857,0.0,0.0,0.0,0.0,0.0,0.0,0.0,1.4285714285714286,22.571428571428573,18.428571428571427,1.4285714285714286
002054,Chris Merle,SSDM,Defensive Midfield,last_10,10,2026-05-09,2026-08-02,ARC|ATL|CAN|CHA|OUT|WAT|WHP,RED,1.0,1.0,1.0,0.0,1.0,0.0,5.0,3,0.0,0.0,0.0,0.0,0.0,0.0,14.0,1.0,5.0,1,0,1,0.0,0.0,3.0,1.5,0.0,35.0,29.0,0.2,0.6,1.0,,,,,,0.1,0.1,0.1,0.0,0.1,0.0,0.5,0.3,0.0,0.0,0.0,0.0,0.0,0.0,1.4,0.1,0.5,0.1,0.0,0.1,0.0,0.0,0.3,0.15,0.0,3.5,2.9,0.0
002055,Jakob Phaup,FO,Faceoff,last_10,1,2022-07-23,2022-07-23,RED,ATL,0.0,0.0,0.0,0.0,0.0,0.0,0.0,0,0.0,0.0,0.0,0.0,0.0,0.0,5.0,1.0,0.0,11,18,29,0.0,0.0,0.0,0.0,0.0,5.0,4.0,,,0.3793103448275862,,,,,,0.0,0.0,0.0,0.0,0.0,0.0,0.0,0.0,0.0,0.0,0.0,0.0,0.0,0.0,5.0,1.0,0.0,11.0,18.0,29.0,0.0,0.0,0.0,0.0,0.0,5.0,4.0,0.0
002056,Matt Rahill,D,Defense,last_10,6,2022-06-18,2023-07-14,ARC|CHA|OUT|WAT,CAN|WHP,0.0,0.0,0.0,0.0,0.0,0.0,1.0,1,1.0,0.0,0.0,0.0,0.0,0.0,10.0,2.0,1.0,0,0,0,0.0,0.0,1.0,0.5,0.0,29.0,26.0,0.0,1.0,,,,,,0.0,0.0,0.0,0.0,0.0,0.0,0.0,0.16666666666666666,0.16666666666666666,0.16666666666666666,0.0,0.0,0.0,0.0,0.0,1.6666666666666667,0.3333333333333333,0.16666666666666666,0.0,0.0,0.0,0.0,0.0,0.16666666666666666,0.08333333333333333,0.0,4.833333333333333,4.333333333333333,0.0
002059,Brendan Krebs,G,Goalie,last_10,10,2024-08-03,2025-06-22,ARC|ATL|CAN|CHA|OUT|WAT,WHP,1.0,0.0,0.0,0.0,0.0,1.0,2.0,0,1.0,108.0,47.0,61.0,95.0,93.58570321793272,25.0,5.0,2.0,0,0,0,88.0,7.0,0.0,0.0,2.0,165.0,158.0,0.0,0.0,,0.5510204081632653,43.51851851851852,0.23979591836734693,0.5,0.0,0.1,0.0,0.0,0.0,0.0,0.1,0.2,0.0,0.1,10.8,4.7,6.1,9.5,9.358570321793271,2.5,0.5,0.2,0.0,0.0,0.0,8.8,0.7,0.0,0.0,0.2,16.5,15.8,0.2
002062,Ryan Hallenbeck,SSDM,Defensive Midfield,last_10,4,2022-06-04,2022-06-24,ATL|CHA|OUT|WHP,RED,0.0,0.0,0.0,0.0,0.0,0.0,2.0,2,1.0,0.0,0.0,0.0,0.0,0.0,2.0,0.0,1.0,0,0,0,0.0,0.0,2.0,1.5,0.0,20.0,18.0,0.0,1.0,,,,,,0.0,0.0,0.0,0.0,0.0,0.0,0.0,0.5,0.5,0.25,0.0,0.0,0.0,0.0,0.0,0.5,0.0,0.25,0.0,0.0,0.0,0.0,0.0,0.5,0.375,0.0,5.0,4.5,0.0
002063,Ryan Kennedy,LSM,Long Stick Midfield,last_10,10,2023-07-15,2024-08-03,ARC|ATL|CAN|CHA|OUT,RED,0.0,0.0,0.0,0.0,0.0,0.0,2.0,2,0.0,0.0,0.0,0.0,0.0,0.0,8.0,0.0,1.0,0,6,6,0.0,0.0,0.0,0.0,1.0,23.0,21.0,0.0,1.0,0.0,,,,0.0,,0.0,0.0,0.0,0.0,0.0,0.0,0.2,0.2,0.0,0.0,0.0,0.0,0.0,0.0,0.8,0.0,0.1,0.0,0.6,0.6,0.0,0.0,0.0,0.0,0.1,2.3,2.1,0.1
002064,Joe Robertson,A,Attack,last_10,4,2022-06-10,2022-07-31,ARC|ATL|CHA|OUT,RED,2.0,1.0,1.0,0.0,1.0,1.0,9.0,6,0.0,0.0,0.0,0.0,0.0,0.0,2.0,4.0,0.0,0,0,0,0.0,0.0,0.0,0.0,1.0,27.0,14.0,0.1111111111111111,0.6666666666666666,,,,,1.0,,0.5,0.25,0.25,0.0,0.25,0.25,2.25,1.5,0.0,0.0,0.0,0.0,0.0,0.0,0.5,1.0,0.0,0.0,0.0,0.0,0.0,0.0,0.0,0.0,0.25,6.75,3.5,0.25
002065,Anthony DeMaio,M,Midfield,last_10,5,2022-08-06,2023-07-15,ARC|ATL|CAN|CHA|WAT,RED,1.0,1.0,1.0,0.0,1.0,0.0,13.0,8,1.0,0.0,0.0,0.0,0.0,0.0,2.0,0.0,0.0,0,0,0,0.0,0.0,0.0,0.0,4.0,54.0,41.0,0.07692307692307693,0.6153846153846154,,,,,0.0,0.0,0.2,0.2,0.2,0.0,0.2,0.0,2.6,1.6,0.2,0.0,0.0,0.0,0.0,0.0,0.4,0.0,0.0,0.0,0.0,0.0,0.0,0.0,0.0,0.0,0.8,10.8,8.2,0.8
002067,Zac Tucci,FO,Faceoff,last_10,10,2025-06-29,2026-07-11,ARC|ATL|CHA|OUT|RED|WAT|WHP,ATL|CAN,4.0,4.0,2.0,1.0,3.0,0.0,9.0,7,1.0,0.0,0.0,0.0,0.0,0.0,44.0,8.0,1.0,113,138,252,0.0,0.0,4.0,3.0,0.0,42.0,25.0,0.3333333333333333,0.7777777777777778,0.44841269841269843,,,,,1.0,0.4,0.4,0.2,0.1,0.3,0.0,0.9,0.7,0.1,0.0,0.0,0.0,0.0,0.0,4.4,0.8,0.1,11.3,13.8,25.2,0.0,0.0,0.4,0.3,0.0,4.2,2.5,0.0
002072,Brennan Kamish,SSDM,Defensive Midfield,last_10,5,2022-06-04,2022-07-03,ATL|CHA|RED|WAT,WHP,0.0,0.0,0.0,0.0,0.0,0.0,1.0,0,0.0,0.0,0.0,0.0,0.0,0.0,8.0,0.0,4.0,0,0,0,0.0,0.0,0.0,0.0,2.0,32.0,31.0,0.0,0.0,,,,,0.0,,0.0,0.0,0.0,0.0,0.0,0.0,0.2,0.0,0.0,0.0,0.0,0.0,0.0,0.0,1.6,0.0,0.8,0.0,0.0,0.0,0.0,0.0,0.0,0.0,0.4,6.4,6.2,0.4
002074,Alexander Smith,SSDM,Defensive Midfield,last_10,10,2025-06-14,2026-08-16,ARC|ATL|CAN|CHA|RED|WAT|WHP,OUT,0.0,0.0,0.0,0.0,0.0,0.0,1.0,0,1.0,0.0,0.0,0.0,0.0,0.0,12.0,2.0,6.0,0,3,3,0.0,0.0,3.0,2.0,1.0,42.0,39.0,0.0,0.0,0.0,,,,0.0,0.0,0.0,0.0,0.0,0.0,0.0,0.0,0.1,0.0,0.1,0.0,0.0,0.0,0.0,0.0,1.2,0.2,0.6,0.0,0.3,0.3,0.0,0.0,0.3,0.2,0.1,4.2,3.9,0.1
003003,Sean Lulley,M,Midfield,last_10,1,2023-06-04,2023-06-04,OUT,WHP,0.0,0.0,0.0,0.0,0.0,0.0,5.0,4,0.0,0.0,0.0,0.0,0.0,0.0,2.0,2.0,0.0,0,0,0,0.0,0.0,0.0,0.0,5.0,31.0,24.0,0.0,0.8,,,,,0.0,,0.0,0.0,0.0,0.0,0.0,0.0,5.0,4.0,0.0,0.0,0.0,0.0,0.0,0.0,2.0,2.0,0.0,0.0,0.0,0.0,0.0,0.0,0.0,0.0,5.0,31.0,24.0,5.0
003004,Mike Sisselberger,FO,Faceoff,last_10,10,2026-05-30,2026-08-08,ATL|CAN|CHA|OUT|RED|WAT|WHP,ARC,3.0,1.0,1.0,0.0,1.0,2.0,8.0,2,0.0,0.0,0.0,0.0,0.0,0.0,100.0,12.0,0.0,142,91,236,0.0,0.0,1.0,2.0,4.0,90.0,70.0,0.125,0.25,0.6016949152542372,,,,0.5,,0.3,0.1,0.1,0.0,0.1,0.2,0.8,0.2,0.0,0.0,0.0,0.0,0.0,0.0,10.0,1.2,0.0,14.2,9.1,23.6,0.0,0.0,0.1,0.2,0.4,9.0,7.0,0.4
003005,Connor Maher,SSDM,Defensive Midfield,last_10,10,2026-05-30,2026-08-08,ATL|CAN|CHA|OUT|RED|WAT|WHP,ARC,3.0,1.0,1.0,0.0,1.0,2.0,6.0,3,0.0,0.0,0.0,0.0,0.0,0.0,6.0,1.0,4.0,1,2,3,0.0,0.0,2.0,1.5,4.0,56.0,49.0,0.16666666666666666,0.5,0.3333333333333333,,,,0.5,,0.3,0.1,0.1,0.0,0.1,0.2,0.6,0.3,0.0,0.0,0.0,0.0,0.0,0.0,0.6,0.1,0.4,0.1,0.2,0.3,0.0,0.0,0.2,0.15,0.4,5.6,4.9,0.4
003006,Piper Bond,SSDM,Defensive Midfield,last_10,10,2026-05-30,2026-08-08,ATL|CAN|CHA|OUT|RED|WAT|WHP,ARC,7.0,5.0,3.0,1.0,4.0,2.0,6.0,6,1.0,0.0,0.0,0.0,0.0,0.0,15.0,2.0,6.0,0,1,1,0.0,0.0,3.0,2.0,5.0,71.0,63.0,0.6666666666666666,1.0,0.0,,,,0.4,1.0,0.7,0.5,0.3,0.1,0.4,0.2,0.6,0.6,0.1,0.0,0.0,0.0,0.0,0.0,1.5,0.2,0.6,0.0,0.1,0.1,0.0,0.0,0.3,0.2,0.5,7.1,6.3,0.5
003007,Cam Wyers,D,Defense,last_10,10,2026-05-09,2026-08-08,ATL|CAN|CHA|OUT|RED|WAT|WHP,ARC,1.0,0.0,0.0,0.0,0.0,1.0,1.0,0,1.0,0.0,0.0,0.0,0.0,0.0,11.0,4.0,4.0,0,0,0,0.0,0.0,7.0,7.5,2.0,31.0,26.0,0.0,0.0,,,,,0.5,0.0,0.1,0.0,0.0,0.0,0.0,0.1,0.1,0.0,0.1,0.0,0.0,0.0,0.0,0.0,1.1,0.4,0.4,0.0,0.0,0.0,0.0,0.0,0.7,0.75,0.2,3.1,2.6,0.2
003008,Gavin Adler,D,Defense,last_10,10,2026-05-17,2026-08-16,ARC|ATL|CAN|CHA|OUT|RED|WHP,WAT,0.0,0.0,0.0,0.0,0.0,0.0,1.0,0,1.0,0.0,0.0,0.0,0.0,0.0,7.0,2.0,10.0,0,0,0,0.0,0.0,0.0,0.0,0.0,37.0,34.0,0.0,0.0,,,,,,0.0,0.0,0.0,0.0,0.0,0.0,0.0,0.1,0.0,0.1,0.0,0.0,0.0,0.0,0.0,0.7,0.2,1.0,0.0,0.0,0.0,0.0,0.0,0.0,0.0,0.0,3.7,3.4,0.0
003009,Brett Makar,D,Defense,last_10,10,2026-05-30,2026-08-15,ARC|CAN|OUT|RED|WAT|WHP,ATL,9.0,4.0,0.0,2.0,2.0,5.0,8.0,4,7.0,0.0,0.0,0.0,0.0,0.0,45.0,9.0,20.0,0,0,0,0.0,0.0,0.0,0.0,8.0,129.0,112.0,0.25,0.5,,,,,0.625,0.2857142857142857,0.9,0.4,0.0,0.2,0.2,0.5,0.8,0.4,0.7,0.0,0.0,0.0,0.0,0.0,4.5,0.9,2.0,0.0,0.0,0.0,0.0,0.0,0.0,0.0,0.8,12.9,11.2,0.8
003010,Xander Dickson,A,Attack,last_10,10,2026-05-30,2026-08-15,ARC|CAN|OUT|RED|WAT|WHP,ATL,21.0,17.0,17.0,0.0,17.0,4.0,50.0,35,1.0,0.0,0.0,0.0,0.0,0.0,21.0,9.0,1.0,0,0,0,0.0,0.0,2.0,1.0,13.0,209.0,150.0,0.34,0.7,,,,,0.3076923076923077,0.0,2.1,1.7,1.7,0.0,1.7,0.4,5.0,3.5,0.1,0.0,0.0,0.0,0.0,0.0,2.1,0.9,0.1,0.0,0.0,0.0,0.0,0.0,0.2,0.1,1.3,20.9,15.0,1.3
003011,Payton Rezanka,SSDM,Defensive Midfield,last_10,10,2024-06-28,2025-06-14,ARC|CAN|CHA|OUT|WAT|WHP,ATL,1.0,1.0,1.0,0.0,1.0,0.0,4.0,2,0.0,0.0,0.0,0.0,0.0,0.0,3.0,0.0,4.0,0,1,1,0.0,0.0,1.0,1.0,2.0,34.0,30.0,0.25,0.5,0.0,,,,0.0,,0.1,0.1,0.1,0.0,0.1,0.0,0.4,0.2,0.0,0.0,0.0,0.0,0.0,0.0,0.3,0.0,0.4,0.0,0.1,0.1,0.0,0.0,0.1,0.1,0.2,3.4,3.0,0.2
003013,Matt Campbell,M,Midfield,last_10,10,2025-07-11,2026-08-30,ATL|CHA|OUT|RED|WAT|WHP,CAN,21.0,15.0,13.0,1.0,14.0,6.0,59.0,38,15.0,0.0,0.0,0.0,0.0,0.0,5.0,9.0,0.0,0,0,0,0.0,0.0,0.0,0.0,18.0,308.0,240.0,0.23728813559322035,0.6440677966101694,,,,,0.3333333333333333,0.06666666666666667,2.1,1.5,1.3,0.1,1.4,0.6,5.9,3.8,1.5,0.0,0.0,0.0,0.0,0.0,0.5,0.9,0.0,0.0,0.0,0.0,0.0,0.0,0.0,0.0,1.8,30.8,24.0,1.8
003015,Will Bowen,D,Defense,last_10,10,2024-06-07,2024-09-07,ARC|ATL|CAN|OUT|RED|WAT,CHA,0.0,0.0,0.0,0.0,0.0,0.0,1.0,0,1.0,0.0,0.0,0.0,0.0,0.0,16.0,3.0,5.0,0,0,0,0.0,0.0,2.0,2.0,1.0,56.0,52.0,0.0,0.0,,,,,0.0,0.0,0.0,0.0,0.0,0.0,0.0,0.0,0.1,0.0,0.1,0.0,0.0,0.0,0.0,0.0,1.6,0.3,0.5,0.0,0.0,0.0,0.0,0.0,0.2,0.2,0.1,5.6,5.2,0.1
003016,Brian Minicus,M,Midfield,last_10,10,2024-06-08,2024-09-07,ARC|ATL|CAN|OUT|RED|WAT|WHP,CHA,10.0,5.0,5.0,0.0,5.0,5.0,30.0,15,1.0,0.0,0.0,0.0,0.0,0.0,8.0,9.0,0.0,0,0,0,0.0,0.0,1.0,1.0,10.0,148.0,109.0,0.16666666666666666,0.5,,,,,0.5,0.0,1.0,0.5,0.5,0.0,0.5,0.5,3.0,1.5,0.1,0.0,0.0,0.0,0.0,0.0,0.8,0.9,0.0,0.0,0.0,0.0,0.0,0.0,0.1,0.1,1.0,14.8,10.9,1.0
003017,Tye Kurtz,A,Attack,last_10,10,2024-06-07,2026-06-19,ARC|ATL|CAN|CHA|OUT|RED,CAN|CHA,16.0,12.0,10.0,1.0,11.0,4.0,36.0,23,2.0,0.0,0.0,0.0,0.0,0.0,11.0,10.0,1.0,0,0,0,0.0,0.0,1.0,0.5,13.0,194.0,148.0,0.3055555555555556,0.6388888888888888,,,,,0.3076923076923077,0.5,1.6,1.2,1.0,0.1,1.1,0.4,3.6,2.3,0.2,0.0,0.0,0.0,0.0,0.0,1.1,1.0,0.1,0.0,0.0,0.0,0.0,0.0,0.1,0.05,1.3,19.4,14.8,1.3
003018,Nick Rowlett,FO,Faceoff,last_10,10,2024-06-30,2026-08-08,ARC|ATL|OUT|RED|WAT|WHP,CHA,1.0,1.0,1.0,0.0,1.0,0.0,7.0,2,0.0,0.0,0.0,0.0,0.0,0.0,42.0,4.0,4.0,77,136,218,0.0,0.0,1.0,0.5,2.0,44.0,33.0,0.14285714285714285,0.2857142857142857,0.3532110091743119,,,,0.0,,0.1,0.1,0.1,0.0,0.1,0.0,0.7,0.2,0.0,0.0,0.0,0.0,0.0,0.0,4.2,0.4,0.4,7.7,13.6,21.8,0.0,0.0,0.1,0.05,0.2,4.4,3.3,0.2
003019,Sam Handley,M,Midfield,last_10,10,2024-08-03,2025-07-12,ARC|CHA|OUT|RED|WAT|WHP,OUT|RED,15.0,11.0,7.0,2.0,9.0,4.0,42.0,29,9.0,0.0,0.0,0.0,0.0,0.0,4.0,10.0,0.0,0,0,0,0.0,0.0,0.0,0.0,18.0,179.0,127.0,0.21428571428571427,0.6904761904761905,,,,,0.2222222222222222,0.2222222222222222,1.5,1.1,0.7,0.2,0.9,0.4,4.2,2.9,0.9,0.0,0.0,0.0,0.0,0.0,0.4,1.0,0.0,0.0,0.0,0.0,0.0,0.0,0.0,0.0,1.8,17.9,12.7,1.8
003020,Troy Hettinger,LSM,Long Stick Midfield,last_10,6,2023-06-17,2024-06-15,ATL|CAN|CHA|WAT|WHP,ARC|OUT,0.0,0.0,0.0,0.0,0.0,0.0,1.0,0,0.0,0.0,0.0,0.0,0.0,0.0,10.0,0.0,1.0,1,17,18,0.0,0.0,0.0,0.0,1.0,16.0,15.0,0.0,0.0,0.05555555555555555,,,,0.0,,0.0,0.0,0.0,0.0,0.0,0.0,0.16666666666666666,0.0,0.0,0.0,0.0,0.0,0.0,0.0,1.6666666666666667,0.0,0.16666666666666666,0.16666666666666666,2.8333333333333335,3.0,0.0,0.0,0.0,0.0,0.16666666666666666,2.6666666666666665,2.5,0.16666666666666666
003021,Jack Myers,A,Attack,last_10,4,2023-07-09,2024-06-08,ARC|CHA|WAT,OUT|WHP,6.0,4.0,4.0,0.0,4.0,2.0,14.0,10,0.0,0.0,0.0,0.0,0.0,0.0,2.0,4.0,0.0,0,0,0,0.0,0.0,0.0,0.0,13.0,101.0,83.0,0.2857142857142857,0.7142857142857143,,,,,0.15384615384615385,,1.5,1.0,1.0,0.0,1.0,0.5,3.5,2.5,0.0,0.0,0.0,0.0,0.0,0.0,0.5,1.0,0.0,0.0,0.0,0.0,0.0,0.0,0.0,0.0,3.25,25.25,20.75,3.25
003022,Cross Ferrara,M,Midfield,last_10,10,2024-08-10,2025-07-26,ARC|ATL|CHA|OUT|RED|WAT|WHP,CHA|OUT,9.0,8.0,8.0,0.0,8.0,1.0,40.0,22,3.0,0.0,0.0,0.0,0.0,0.0,0.0,5.0,0.0,0,0,0,0.0,0.0,0.0,0.0,3.0,118.0,73.0,0.2,0.55,,,,,0.3333333333333333,0.0,0.9,0.8,0.8,0.0,0.8,0.1,4.0,2.2,0.3,0.0,0.0,0.0,0.0,0.0,0.0,0.5,0.0,0.0,0.0,0.0,0.0,0.0,0.0,0.0,0.3,11.8,7.3,0.3
003023,Owen Grant,D,Defense,last_10,10,2026-06-07,2026-08-30,ARC|ATL|CHA|OUT|RED|WAT|WHP,CAN,2.0,1.0,1.0,0.0,1.0,1.0,9.0,4,6.0,0.0,0.0,0.0,0.0,0.0,14.0,5.0,9.0,0,0,0,0.0,0.0,1.0,1.0,4.0,82.0,68.0,0.1111111111111111,0.4444444444444444,,,,,0.25,0.0,0.2,0.1,0.1,0.0,0.1,0.1,0.9,0.4,0.6,0.0,0.0,0.0,0.0,0.0,1.4,0.5,0.9,0.0,0.0,0.0,0.0,0.0,0.1,0.1,0.4,8.2,6.8,0.4
003024,Brian Tevlin,SSDM,Defensive Midfield,last_10,10,2026-06-20,2026-08-29,ARC|ATL|CAN|CHA|OUT|WAT|WHP,RED,12.0,7.0,7.0,0.0,7.0,5.0,12.0,10,4.0,0.0,0.0,0.0,0.0,0.0,22.0,5.0,9.0,1,2,3,0.0,0.0,2.0,1.5,8.0,89.0,72.0,0.5833333333333334,0.8333333333333334,0.3333333333333333,,,,0.625,0.0,1.2,0.7,0.7,0.0,0.7,0.5,1.2,1.0,0.4,0.0,0.0,0.0,0.0,0.0,2.2,0.5,0.9,0.1,0.2,0.3,0.0,0.0,0.2,0.15,0.8,8.9,7.2,0.8
003025,Cole Kirst,M,Midfield,last_10,10,2023-09-04,2025-07-18,ARC|ATL|CHA|OUT|WAT|WHP,RED,11.0,7.0,5.0,1.0,6.0,4.0,32.0,24,2.0,0.0,0.0,0.0,0.0,0.0,5.0,10.0,0.0,0,0,0,0.0,0.0,1.0,1.0,9.0,158.0,116.0,0.1875,0.75,,,,,0.4444444444444444,0.5,1.1,0.7,0.5,0.1,0.6,0.4,3.2,2.4,0.2,0.0,0.0,0.0,0.0,0.0,0.5,1.0,0.0,0.0,0.0,0.0,0.0,0.0,0.1,0.1,0.9,15.8,11.6,0.9
003027,Thomas McConvey,M,Midfield,last_10,10,2025-07-20,2026-06-07,ATL|CAN|CHA|WHP,WAT,8.0,5.0,5.0,0.0,5.0,3.0,21.0,15,0.0,0.0,0.0,0.0,0.0,0.0,7.0,2.0,3.0,0,0,0,0.0,0.0,0.0,0.0,20.0,176.0,153.0,0.23809523809523808,0.7142857142857143,,,,,0.15,,0.8,0.5,0.5,0.0,0.5,0.3,2.1,1.5,0.0,0.0,0.0,0.0,0.0,0.0,0.7,0.2,0.3,0.0,0.0,0.0,0.0,0.0,0.0,0.0,2.0,17.6,15.3,2.0
003028,Alex Mazzone,LSM,Long Stick Midfield,last_10,10,2024-08-04,2025-07-26,ARC|ATL|CAN|OUT,WHP,0.0,0.0,0.0,0.0,0.0,0.0,2.0,1,2.0,0.0,0.0,0.0,0.0,0.0,12.0,1.0,4.0,0,0,0,0.0,0.0,0.0,0.0,1.0,21.0,18.0,0.0,0.5,,,,,0.0,0.0,0.0,0.0,0.0,0.0,0.0,0.0,0.2,0.1,0.2,0.0,0.0,0.0,0.0,0.0,1.2,0.1,0.4,0.0,0.0,0.0,0.0,0.0,0.0,0.0,0.1,2.1,1.8,0.1
003029,Chris Fake,D,Defense,last_10,10,2025-09-01,2026-08-29,ARC|ATL|CAN|CHA|OUT|WHP,RED,2.0,2.0,0.0,1.0,1.0,0.0,2.0,1,1.0,0.0,0.0,0.0,0.0,0.0,9.0,6.0,7.0,0,0,0,0.0,0.0,0.0,0.0,2.0,76.0,68.0,0.5,0.5,,,,,0.0,1.0,0.2,0.2,0.0,0.1,0.1,0.0,0.2,0.1,0.1,0.0,0.0,0.0,0.0,0.0,0.9,0.6,0.7,0.0,0.0,0.0,0.0,0.0,0.0,0.0,0.2,7.6,6.8,0.2
003030,James Reilly,FO,Faceoff,last_10,4,2023-06-10,2024-09-02,ATL|CAN|RED,CHA|WAT,0.0,0.0,0.0,0.0,0.0,0.0,0.0,0,0.0,0.0,0.0,0.0,0.0,0.0,11.0,1.0,1.0,33,43,76,0.0,0.0,0.0,0.0,0.0,10.0,9.0,,,0.4342105263157895,,,,,,0.0,0.0,0.0,0.0,0.0,0.0,0.0,0.0,0.0,0.0,0.0,0.0,0.0,0.0,2.75,0.25,0.25,8.25,10.75,19.0,0.0,0.0,0.0,0.0,0.0,2.5,2.25,0.0
003031,Tucker Dordevic,M,Midfield,last_10,10,2023-07-30,2024-08-04,ARC|CAN|CHA|OUT|RED|WAT,WHP,20.0,20.0,12.0,4.0,16.0,0.0,50.0,34,11.0,0.0,0.0,0.0,0.0,0.0,11.0,9.0,0.0,0,0,0,0.0,0.0,0.0,0.0,7.0,202.0,143.0,0.32,0.68,,,,,0.0,0.36363636363636365,2.0,2.0,1.2,0.4,1.6,0.0,5.0,3.4,1.1,0.0,0.0,0.0,0.0,0.0,1.1,0.9,0.0,0.0,0.0,0.0,0.0,0.0,0.0,0.0,0.7,20.2,14.3,0.7
003032,Petey LaSalla,FO,Faceoff,last_10,10,2026-05-09,2026-08-07,ARC|ATL|CAN|CHA|OUT|RED|WAT,WHP,7.0,6.0,6.0,0.0,6.0,1.0,9.0,7,0.0,0.0,0.0,0.0,0.0,0.0,59.0,11.0,2.0,117,122,239,0.0,0.0,0.0,0.0,4.0,62.0,42.0,0.6666666666666666,0.7777777777777778,0.4895397489539749,,,,0.25,,0.7,0.6,0.6,0.0,0.6,0.1,0.9,0.7,0.0,0.0,0.0,0.0,0.0,0.0,5.9,1.1,0.2,11.7,12.2,23.9,0.0,0.0,0.0,0.0,0.4,6.2,4.2,0.4
003033,Garrett Leadmon,M,Midfield,last_10,8,2023-06-04,2024-06-16,ARC|ATL|CAN|OUT|RED|WAT,WHP,5.0,4.0,2.0,1.0,3.0,1.0,25.0,14,5.0,0.0,0.0,0.0,0.0,0.0,4.0,9.0,0.0,0,0,0,0.0,0.0,0.0,0.0,12.0,110.0,76.0,0.12,0.56,,,,,0.08333333333333333,0.2,0.625,0.5,0.25,0.125,0.375,0.125,3.125,1.75,0.625,0.0,0.0,0.0,0.0,0.0,0.5,1.125,0.0,0.0,0.0,0.0,0.0,0.0,0.0,0.0,1.5,13.75,9.5,1.5
003039,Chet Comizio,SSDM,Defensive Midfield,last_10,10,2025-06-21,2026-05-09,ARC|CAN|CHA|OUT|RED|WAT|WHP,ATL,0.0,0.0,0.0,0.0,0.0,0.0,4.0,1,1.0,0.0,0.0,0.0,0.0,0.0,10.0,2.0,3.0,0,1,1,0.0,0.0,5.0,3.0,1.0,67.0,61.0,0.0,0.25,0.0,,,,0.0,0.0,0.0,0.0,0.0,0.0,0.0,0.0,0.4,0.1,0.1,0.0,0.0,0.0,0.0,0.0,1.0,0.2,0.3,0.0,0.1,0.1,0.0,0.0,0.5,0.3,0.1,6.7,6.1,0.1
003041,Ethan Rall,LSM,Long Stick Midfield,last_10,10,2026-06-07,2026-08-30,ARC|ATL|CHA|OUT|RED|WAT|WHP,CAN,1.0,1.0,1.0,0.0,1.0,0.0,4.0,4,2.0,0.0,0.0,0.0,0.0,0.0,43.0,4.0,11.0,0,0,0,0.0,0.0,1.0,1.0,3.0,63.0,55.0,0.25,1.0,,,,,0.0,0.0,0.1,0.1,0.1,0.0,0.1,0.0,0.4,0.4,0.2,0.0,0.0,0.0,0.0,0.0,4.3,0.4,1.1,0.0,0.0,0.0,0.0,0.0,0.1,0.1,0.3,6.3,5.5,0.3
003044,Tate Gallagher,,,last_10,1,2026-05-17,2026-05-17,CAN,WAT,0.0,0.0,0.0,0.0,0.0,0.0,0.0,0,0.0,0.0,0.0,0.0,0.0,0.0,1.0,0.0,1.0,0,0,0,0.0,0.0,0.0,0.0,0.0,7.0,7.0,,,,,,,,,0.0,0.0,0.0,0.0,0.0,0.0,0.0,0.0,0.0,0.0,0.0,0.0,0.0,0.0,1.0,0.0,1.0,0.0,0.0,0.0,0.0,0.0,0.0,0.0,0.0,7.0,7.0,0.0
003045,Alex Simmons,A,Attack,last_10,1,2024-07-20,2024-07-20,ARC,RED,0.0,0.0,0.0,0.0,0.0,0.0,1.0,0,0.0,0.0,0.0,0.0,0.0,0.0,1.0,1.0,0.0,0,0,0,0.0,0.0,0.0,0.0,0.0,14.0,12.0,0.0,0.0,,,,,,,0.0,0.0,0.0,0.0,0.0,0.0,1.0,0.0,0.0,0.0,0.0,0.0,0.0,0.0,1.0,1.0,0.0,0.0,0.0,0.0,0.0,0.0,0.0,0.0,0.0,14.0,12.0,0.0
003047,Evan Zinn,,,last_10,1,2023-06-04,2023-06-04,WAT,CHA,0.0,0.0,0.0,0.0,0.0,0.0,2.0,1,0.0,0.0,0.0,0.0,0.0,0.0,0.0,4.0,1.0,0,0,0,0.0,0.0,0.0,0.0,2.0,19.0,13.0,0.0,0.5,,,,,0.0,,0.0,0.0,0.0,0.0,0.0,0.0,2.0,1.0,0.0,0.0,0.0,0.0,0.0,0.0,0.0,4.0,1.0,0.0,0.0,0.0,0.0,0.0,0.0,0.0,2.0,19.0,13.0,2.0
003048,TJ Malone,A,Attack,last_10,10,2026-05-30,2026-08-30,ARC|ATL|CAN|CHA|OUT|RED|WAT,WHP,24.0,19.0,19.0,0.0,19.0,5.0,65.0,49,1.0,0.0,0.0,0.0,0.0,0.0,15.0,12.0,2.0,0,0,0,0.0,0.0,0.0,0.0,22.0,314.0,237.0,0.2923076923076923,0.7538461538461538,,,,,0.22727272727272727,0.0,2.4,1.9,1.9,0.0,1.9,0.5,6.5,4.9,0.1,0.0,0.0,0.0,0.0,0.0,1.5,1.2,0.2,0.0,0.0,0.0,0.0,0.0,0.0,0.0,2.2,31.4,23.7,2.2
003049,John Geppert,LSM,Long Stick Midfield,last_10,4,2023-08-12,2023-09-04,CAN|RED|WAT,ATL,0.0,0.0,0.0,0.0,0.0,0.0,1.0,1,1.0,0.0,0.0,0.0,0.0,0.0,7.0,2.0,4.0,0,1,1,0.0,0.0,0.0,0.0,0.0,16.0,13.0,0.0,1.0,0.0,,,,,0.0,0.0,0.0,0.0,0.0,0.0,0.0,0.25,0.25,0.25,0.0,0.0,0.0,0.0,0.0,1.75,0.5,1.0,0.0,0.25,0.25,0.0,0.0,0.0,0.0,0.0,4.0,3.25,0.0
003052,Kyle Borda,M,Midfield,last_10,2,2023-06-10,2023-06-16,ATL|RED,WAT,0.0,0.0,0.0,0.0,0.0,0.0,3.0,3,0.0,0.0,0.0,0.0,0.0,0.0,0.0,0.0,0.0,0,0,0,0.0,0.0,0.0,0.0,1.0,13.0,10.0,0.0,1.0,,,,,0.0,,0.0,0.0,0.0,0.0,0.0,0.0,1.5,1.5,0.0,0.0,0.0,0.0,0.0,0.0,0.0,0.0,0.0,0.0,0.0,0.0,0.0,0.0,0.0,0.0,0.5,6.5,5.0,0.5
003054,Jeff Conner,M,Midfield,last_10,5,2023-06-16,2023-08-26,ARC|ATL|OUT|WHP,WAT,4.0,2.0,2.0,0.0,2.0,2.0,4.0,3,0.0,0.0,0.0,0.0,0.0,0.0,1.0,0.0,0.0,0,0,0,0.0,0.0,0.0,0.0,7.0,34.0,30.0,0.5,0.75,,,,,0.2857142857142857,,0.8,0.4,0.4,0.0,0.4,0.4,0.8,0.6,0.0,0.0,0.0,0.0,0.0,0.0,0.2,0.0,0.0,0.0,0.0,0.0,0.0,0.0,0.0,0.0,1.4,6.8,6.0,1.4
003056,Grayson Sallade,SSDM,Defensive Midfield,last_10,1,2023-06-10,2023-06-10,ATL,WHP,0.0,0.0,0.0,0.0,0.0,0.0,0.0,0,0.0,0.0,0.0,0.0,0.0,0.0,2.0,0.0,0.0,0,0,0,0.0,0.0,0.0,0.0,1.0,5.0,5.0,,,,,,,0.0,,0.0,0.0,0.0,0.0,0.0,0.0,0.0,0.0,0.0,0.0,0.0,0.0,0.0,0.0,2.0,0.0,0.0,0.0,0.0,0.0,0.0,0.0,0.0,0.0,1.0,5.0,5.0,1.0
003059,BJ Farrare,LSM,Long Stick Midfield,last_10,10,2026-06-06,2026-08-29,ARC|ATL|CAN|CHA|OUT|WAT|WHP,RED,0.0,0.0,0.0,0.0,0.0,0.0,0.0,0,0.0,0.0,0.0,0.0,0.0,0.0,13.0,0.0,3.0,0,0,0,0.0,0.0,1.0,2.0,3.0,39.0,39.0,,,,,,,0.0,,0.0,0.0,0.0,0.0,0.0,0.0,0.0,0.0,0.0,0.0,0.0,0.0,0.0,0.0,1.3,0.0,0.3,0.0,0.0,0.0,0.0,0.0,0.1,0.2,0.3,3.9,3.9,0.3
003066,Jakob Patterson,,,last_10,1,2023-06-04,2023-06-04,WAT,CHA,0.0,0.0,0.0,0.0,0.0,0.0,3.0,2,0.0,0.0,0.0,0.0,0.0,0.0,0.0,0.0,0.0,0,0,0,0.0,0.0,0.0,0.0,0.0,6.0,3.0,0.0,0.6666666666666666,,,,,,,0.0,0.0,0.0,0.0,0.0,0.0,3.0,2.0,0.0,0.0,0.0,0.0,0.0,0.0,0.0,0.0,0.0,0.0,0.0,0.0,0.0,0.0,0.0,0.0,0.0,6.0,3.0,0.0
003068,Dylan Gergar,M,Midfield,last_10,2,2024-06-29,2024-07-06,ATL|RED,OUT,2.0,2.0,2.0,0.0,2.0,0.0,12.0,6,2.0,0.0,0.0,0.0,0.0,0.0,3.0,1.0,1.0,0,0,0,0.0,0.0,0.0,0.0,0.0,26.0,13.0,0.16666666666666666,0.5,,,,,,0.0,1.0,1.0,1.0,0.0,1.0,0.0,6.0,3.0,1.0,0.0,0.0,0.0,0.0,0.0,1.5,0.5,0.5,0.0,0.0,0.0,0.0,0.0,0.0,0.0,0.0,13.0,6.5,0.0
003069,Ricky Miezan,SSDM,Defensive Midfield,last_10,4,2024-07-05,2024-07-28,ARC|CAN|CHA|WHP,RED,0.0,0.0,0.0,0.0,0.0,0.0,2.0,1,1.0,0.0,0.0,0.0,0.0,0.0,2.0,0.0,2.0,0,0,0,0.0,0.0,0.0,0.0,0.0,9.0,7.0,0.0,0.5,,,,,,0.0,0.0,0.0,0.0,0.0,0.0,0.0,0.5,0.25,0.25,0.0,0.0,0.0,0.0,0.0,0.5,0.0,0.5,0.0,0.0,0.0,0.0,0.0,0.0,0.0,0.0,2.25,1.75,0.0
003070,Ronan Jacoby,M,Midfield,last_10,6,2024-06-01,2024-08-10,ARC|CAN|CHA|OUT|RED|WHP,ATL,5.0,2.0,2.0,0.0,2.0,3.0,16.0,12,3.0,0.0,0.0,0.0,0.0,0.0,4.0,1.0,1.0,0,0,0,0.0,0.0,0.0,0.0,6.0,100.0,83.0,0.125,0.75,,,,,0.5,0.0,0.8333333333333334,0.3333333333333333,0.3333333333333333,0.0,0.3333333333333333,0.5,2.6666666666666665,2.0,0.5,0.0,0.0,0.0,0.0,0.0,0.6666666666666666,0.16666666666666666,0.16666666666666666,0.0,0.0,0.0,0.0,0.0,0.0,0.0,1.0,16.666666666666668,13.833333333333334,1.0
003072,Kevin Winkoff,M,Midfield,last_10,3,2024-06-16,2024-07-06,ARC|ATL|WAT,WHP,4.0,1.0,1.0,0.0,1.0,3.0,11.0,5,2.0,0.0,0.0,0.0,0.0,0.0,2.0,5.0,1.0,0,0,0,0.0,0.0,0.0,0.0,8.0,44.0,28.0,0.09090909090909091,0.45454545454545453,,,,,0.375,0.0,1.3333333333333333,0.3333333333333333,0.3333333333333333,0.0,0.3333333333333333,1.0,3.6666666666666665,1.6666666666666667,0.6666666666666666,0.0,0.0,0.0,0.0,0.0,0.6666666666666666,1.6666666666666667,0.3333333333333333,0.0,0.0,0.0,0.0,0.0,0.0,0.0,2.6666666666666665,14.666666666666666,9.333333333333334,2.6666666666666665
003073,Ron John,SSDM,Defensive Midfield,last_10,1,2024-06-29,2024-06-29,OUT,RED,0.0,0.0,0.0,0.0,0.0,0.0,0.0,0,0.0,0.0,0.0,0.0,0.0,0.0,1.0,0.0,0.0,0,0,0,0.0,0.0,0.0,0.0,0.0,2.0,2.0,,,,,,,,,0.0,0.0,0.0,0.0,0.0,0.0,0.0,0.0,0.0,0.0,0.0,0.0,0.0,0.0,1.0,0.0,0.0,0.0,0.0,0.0,0.0,0.0,0.0,0.0,0.0,2.0,2.0,0.0
003075,Brennan O'Neill,A,Attack,last_10,10,2026-05-30,2026-08-29,ARC|ATL|CAN|CHA|RED|WHP,OUT,33.0,17.0,13.0,2.0,15.0,16.0,72.0,36,9.0,0.0,0.0,0.0,0.0,0.0,13.0,25.0,0.0,0,0,0,0.0,0.0,0.0,0.0,39.0,339.0,242.0,0.20833333333333334,0.5,,,,,0.41025641025641024,0.2222222222222222,3.3,1.7,1.3,0.2,1.5,1.6,7.2,3.6,0.9,0.0,0.0,0.0,0.0,0.0,1.3,2.5,0.0,0.0,0.0,0.0,0.0,0.0,0.0,0.0,3.9,33.9,24.2,3.9
003076,Connor Shellenberger,A,Attack,last_10,10,2026-05-09,2026-08-15,ARC|CAN|CHA|OUT|RED|WAT|WHP,ATL,25.0,9.0,9.0,0.0,9.0,16.0,32.0,25,1.0,0.0,0.0,0.0,0.0,0.0,13.0,15.0,1.0,0,0,0,0.0,0.0,0.0,0.0,52.0,310.0,263.0,0.28125,0.78125,,,,,0.3076923076923077,0.0,2.5,0.9,0.9,0.0,0.9,1.6,3.2,2.5,0.1,0.0,0.0,0.0,0.0,0.0,1.3,1.5,0.1,0.0,0.0,0.0,0.0,0.0,0.0,0.0,5.2,31.0,26.3,5.2
003077,Ajax Zappitello,D,Defense,last_10,10,2026-05-30,2026-08-30,ARC|ATL|CAN|CHA|OUT|RED|WAT,WHP,2.0,2.0,0.0,1.0,1.0,0.0,6.0,4,4.0,0.0,0.0,0.0,0.0,0.0,26.0,5.0,15.0,0,0,0,0.0,0.0,1.0,0.5,0.0,98.0,87.0,0.16666666666666666,0.6666666666666666,,,,,,0.25,0.2,0.2,0.0,0.1,0.1,0.0,0.6,0.4,0.4,0.0,0.0,0.0,0.0,0.0,2.6,0.5,1.5,0.0,0.0,0.0,0.0,0.0,0.1,0.05,0.0,9.8,8.7,0.0
003078,Shane Knobloch,M,Midfield,last_10,10,2026-05-31,2026-08-08,ARC|CAN|OUT|RED|WAT|WHP,CHA,14.0,11.0,11.0,0.0,11.0,3.0,61.0,38,8.0,0.0,0.0,0.0,0.0,0.0,7.0,16.0,2.0,0,1,1,0.0,0.0,1.0,0.5,15.0,249.0,172.0,0.18032786885245902,0.6229508196721312,0.0,,,,0.2,0.0,1.4,1.1,1.1,0.0,1.1,0.3,6.1,3.8,0.8,0.0,0.0,0.0,0.0,0.0,0.7,1.6,0.2,0.0,0.1,0.1,0.0,0.0,0.1,0.05,1.5,24.9,17.2,1.5
003079,Liam Entenmann,G,Goalie,last_10,10,2026-05-30,2026-08-15,ARC|CAN|OUT|RED|WAT|WHP,ATL,0.0,0.0,0.0,0.0,0.0,0.0,0.0,0,0.0,106.0,36.0,70.0,145.0,155.9226,17.0,4.0,0.0,0,0,0,137.0,8.0,0.0,0.0,0.0,163.0,159.0,,,,0.43621399176954734,33.9622641509434,0.14814814814814814,,,0.0,0.0,0.0,0.0,0.0,0.0,0.0,0.0,0.0,10.6,3.6,7.0,14.5,15.59226,1.7,0.4,0.0,0.0,0.0,0.0,13.7,0.8,0.0,0.0,0.0,16.3,15.9,0.0
003080,Pat Kavanagh,A,Attack,last_10,10,2025-08-02,2026-08-29,ARC|ATL|CAN|CHA|RED|WAT|WHP,OUT,33.0,18.0,16.0,1.0,17.0,15.0,63.0,41,8.0,0.0,0.0,0.0,0.0,0.0,16.0,13.0,1.0,0,0,0,0.0,0.0,3.0,2.5,46.0,369.0,293.0,0.2698412698412698,0.6507936507936508,,,,,0.32608695652173914,0.125,3.3,1.8,1.6,0.1,1.7,1.5,6.3,4.1,0.8,0.0,0.0,0.0,0.0,0.0,1.6,1.3,0.1,0.0,0.0,0.0,0.0,0.0,0.3,0.25,4.6,36.9,29.3,4.6
003081,Matt Brandau,M,Midfield,last_10,10,2026-05-29,2026-08-30,ARC|ATL|CAN|CHA|OUT|RED|WAT,WHP,12.0,7.0,7.0,0.0,7.0,5.0,45.0,31,2.0,0.0,0.0,0.0,0.0,0.0,7.0,12.0,0.0,0,0,0,0.0,0.0,0.0,0.0,18.0,256.0,199.0,0.15555555555555556,0.6888888888888889,,,,,0.2777777777777778,0.0,1.2,0.7,0.7,0.0,0.7,0.5,4.5,3.1,0.2,0.0,0.0,0.0,0.0,0.0,0.7,1.2,0.0,0.0,0.0,0.0,0.0,0.0,0.0,0.0,1.8,25.6,19.9,1.8
003082,Mason Woodward,D,Defense,last_10,10,2026-05-30,2026-08-08,ATL|CAN|CHA|OUT|RED|WAT|WHP,ARC,0.0,0.0,0.0,0.0,0.0,0.0,13.0,6,13.0,0.0,0.0,0.0,0.0,0.0,22.0,4.0,10.0,0,0,0,0.0,0.0,1.0,1.0,3.0,105.0,88.0,0.0,0.46153846153846156,,,,,0.0,0.0,0.0,0.0,0.0,0.0,0.0,0.0,1.3,0.6,1.3,0.0,0.0,0.0,0.0,0.0,2.2,0.4,1.0,0.0,0.0,0.0,0.0,0.0,0.1,0.1,0.3,10.5,8.8,0.3
003083,Jake Piseno,LSM,Long Stick Midfield,last_10,10,2026-06-06,2026-08-29,ARC|ATL|CAN|CHA|RED|WAT|WHP,OUT,10.0,6.0,2.0,2.0,4.0,4.0,13.0,8,10.0,0.0,0.0,0.0,0.0,0.0,29.0,4.0,13.0,0,0,0,0.0,0.0,1.0,1.0,11.0,91.0,74.0,0.3076923076923077,0.6153846153846154,,,,,0.36363636363636365,0.2,1.0,0.6,0.2,0.2,0.4,0.4,1.3,0.8,1.0,0.0,0.0,0.0,0.0,0.0,2.9,0.4,1.3,0.0,0.0,0.0,0.0,0.0,0.1,0.1,1.1,9.1,7.4,1.1
003084,Jake Stevens,M,Midfield,last_10,10,2025-08-09,2026-08-15,CHA|OUT|RED|WAT|WHP,ATL,3.0,2.0,2.0,0.0,2.0,1.0,20.0,13,1.0,0.0,0.0,0.0,0.0,0.0,8.0,12.0,1.0,0,0,0,0.0,0.0,1.0,1.0,5.0,122.0,90.0,0.1,0.65,,,,,0.2,0.0,0.3,0.2,0.2,0.0,0.2,0.1,2.0,1.3,0.1,0.0,0.0,0.0,0.0,0.0,0.8,1.2,0.1,0.0,0.0,0.0,0.0,0.0,0.1,0.1,0.5,12.2,9.0,0.5
003085,Graham Bundy,M,Midfield,last_10,10,2026-06-06,2026-08-29,ARC|ATL|CAN|CHA|RED|WAT|WHP,OUT,15.0,12.0,4.0,4.0,8.0,3.0,33.0,22,14.0,0.0,0.0,0.0,0.0,0.0,2.0,5.0,0.0,0,0,0,0.0,0.0,1.0,1.0,10.0,201.0,163.0,0.24242424242424243,0.6666666666666666,,,,,0.3,0.2857142857142857,1.5,1.2,0.4,0.4,0.8,0.3,3.3,2.2,1.4,0.0,0.0,0.0,0.0,0.0,0.2,0.5,0.0,0.0,0.0,0.0,0.0,0.0,0.1,0.1,1.0,20.1,16.3,1.0
003086,Eric Dobson,M,Midfield,last_10,9,2024-06-15,2025-06-07,ARC|ATL|OUT|RED|WAT|WHP,CHA,5.0,5.0,5.0,0.0,5.0,0.0,26.0,15,6.0,0.0,0.0,0.0,0.0,0.0,4.0,16.0,1.0,0,0,0,0.0,0.0,0.0,0.0,6.0,153.0,111.0,0.19230769230769232,0.5769230769230769,,,,,0.0,0.0,0.5555555555555556,0.5555555555555556,0.5555555555555556,0.0,0.5555555555555556,0.0,2.888888888888889,1.6666666666666667,0.6666666666666666,0.0,0.0,0.0,0.0,0.0,0.4444444444444444,1.7777777777777777,0.1111111111111111,0.0,0.0,0.0,0.0,0.0,0.0,0.0,0.6666666666666666,17.0,12.333333333333334,0.6666666666666666
003087,Beau Pederson,SSDM,Defensive Midfield,last_10,10,2026-05-30,2026-08-08,ATL|CAN|CHA|OUT|RED|WAT|WHP,ARC,4.0,3.0,3.0,0.0,3.0,1.0,5.0,4,1.0,0.0,0.0,0.0,0.0,0.0,10.0,5.0,5.0,1,9,10,0.0,0.0,3.0,3.5,4.0,59.0,49.0,0.6,0.8,0.1,,,,0.25,0.0,0.4,0.3,0.3,0.0,0.3,0.1,0.5,0.4,0.1,0.0,0.0,0.0,0.0,0.0,1.0,0.5,0.5,0.1,0.9,1.0,0.0,0.0,0.3,0.35,0.4,5.9,4.9,0.4
003088,Alexander Vardaro,M,Midfield,last_10,10,2024-07-05,2025-07-11,ARC|ATL|CHA|OUT|RED|WAT|WHP,CAN,12.0,9.0,9.0,0.0,9.0,3.0,33.0,18,3.0,0.0,0.0,0.0,0.0,0.0,4.0,8.0,0.0,0,0,0,0.0,0.0,0.0,0.0,19.0,153.0,112.0,0.2727272727272727,0.5454545454545454,,,,,0.15789473684210525,0.0,1.2,0.9,0.9,0.0,0.9,0.3,3.3,1.8,0.3,0.0,0.0,0.0,0.0,0.0,0.4,0.8,0.0,0.0,0.0,0.0,0.0,0.0,0.0,0.0,1.9,15.3,11.2,1.9
003089,Kenny Brower,D,Defense,last_10,10,2026-05-31,2026-08-16,ARC|ATL|CAN|CHA|OUT|RED|WHP,WAT,0.0,0.0,0.0,0.0,0.0,0.0,2.0,1,1.0,0.0,0.0,0.0,0.0,0.0,14.0,2.0,11.0,0,0,0,0.0,0.0,7.0,7.5,0.0,58.0,54.0,0.0,0.5,,,,,,0.0,0.0,0.0,0.0,0.0,0.0,0.0,0.2,0.1,0.1,0.0,0.0,0.0,0.0,0.0,1.4,0.2,1.1,0.0,0.0,0.0,0.0,0.0,0.7,0.75,0.0,5.8,5.4,0.0
003090,Dyson Williams,M,Midfield,last_10,10,2025-06-07,2026-05-09,ATL|CAN|CHA|OUT|RED|WAT,ARC,12.0,11.0,11.0,0.0,11.0,1.0,30.0,24,1.0,0.0,0.0,0.0,0.0,0.0,6.0,6.0,0.0,0,0,0,0.0,0.0,0.0,0.0,2.0,76.0,40.0,0.36666666666666664,0.8,,,,,0.5,0.0,1.2,1.1,1.1,0.0,1.1,0.1,3.0,2.4,0.1,0.0,0.0,0.0,0.0,0.0,0.6,0.6,0.0,0.0,0.0,0.0,0.0,0.0,0.0,0.0,0.2,7.6,4.0,0.2
003091,Garrett Degnon,M,Midfield,last_10,9,2024-06-07,2026-08-07,ATL|CAN|CHA|OUT|RED|WHP,CHA|RED|WHP,12.0,9.0,7.0,1.0,8.0,3.0,37.0,20,10.0,0.0,0.0,0.0,0.0,0.0,9.0,6.0,0.0,0,0,0,0.0,0.0,2.0,1.5,7.0,161.0,118.0,0.21621621621621623,0.5405405405405406,,,,,0.42857142857142855,0.1,1.3333333333333333,1.0,0.7777777777777778,0.1111111111111111,0.8888888888888888,0.3333333333333333,4.111111111111111,2.2222222222222223,1.1111111111111112,0.0,0.0,0.0,0.0,0.0,1.0,0.6666666666666666,0.0,0.0,0.0,0.0,0.0,0.0,0.2222222222222222,0.16666666666666666,0.7777777777777778,17.88888888888889,13.11111111111111,0.7777777777777778
003092,Josh Zawada,A,Attack,last_10,10,2024-09-02,2025-08-24,ARC|ATL|CAN|OUT|RED|WAT|WHP,CHA|OUT,14.0,9.0,9.0,0.0,9.0,5.0,36.0,26,0.0,0.0,0.0,0.0,0.0,0.0,11.0,18.0,1.0,0,0,0,0.0,0.0,1.0,0.5,27.0,324.0,270.0,0.25,0.7222222222222222,,,,,0.18518518518518517,,1.4,0.9,0.9,0.0,0.9,0.5,3.6,2.6,0.0,0.0,0.0,0.0,0.0,0.0,1.1,1.8,0.1,0.0,0.0,0.0,0.0,0.0,0.1,0.05,2.7,32.4,27.0,2.7
003093,Ross Scott,M,Midfield,last_10,10,2026-05-31,2026-08-08,ARC|CAN|OUT|RED|WAT|WHP,CHA,22.0,14.0,14.0,0.0,14.0,8.0,32.0,25,0.0,0.0,0.0,0.0,0.0,0.0,7.0,16.0,1.0,0,0,0,0.0,0.0,0.0,0.0,26.0,225.0,177.0,0.4375,0.78125,,,,,0.3076923076923077,,2.2,1.4,1.4,0.0,1.4,0.8,3.2,2.5,0.0,0.0,0.0,0.0,0.0,0.0,0.7,1.6,0.1,0.0,0.0,0.0,0.0,0.0,0.0,0.0,2.6,22.5,17.7,2.6
003094,Levi Anderson,M,Midfield,last_10,10,2025-08-23,2026-08-02,ARC|CAN|CHA|OUT|RED|WAT|WHP,ATL|WHP,13.0,11.0,7.0,2.0,9.0,2.0,37.0,20,3.0,0.0,0.0,0.0,0.0,0.0,9.0,10.0,0.0,0,0,0,0.0,0.0,2.0,1.0,12.0,130.0,83.0,0.24324324324324326,0.5405405405405406,,,,,0.16666666666666666,0.6666666666666666,1.3,1.1,0.7,0.2,0.9,0.2,3.7,2.0,0.3,0.0,0.0,0.0,0.0,0.0,0.9,1.0,0.0,0.0,0.0,0.0,0.0,0.0,0.2,0.1,1.2,13.0,8.3,1.2
003095,Stephen Zupicich,LSM,Long Stick Midfield,last_10,3,2024-06-02,2024-06-28,ATL|CAN,WHP,1.0,0.0,0.0,0.0,0.0,1.0,1.0,0,1.0,0.0,0.0,0.0,0.0,0.0,2.0,1.0,0.0,0,0,0,0.0,0.0,0.0,0.0,1.0,7.0,5.0,0.0,0.0,,,,,1.0,0.0,0.3333333333333333,0.0,0.0,0.0,0.0,0.3333333333333333,0.3333333333333333,0.0,0.3333333333333333,0.0,0.0,0.0,0.0,0.0,0.6666666666666666,0.3333333333333333,0.0,0.0,0.0,0.0,0.0,0.0,0.0,0.0,0.3333333333333333,2.3333333333333335,1.6666666666666667,0.3333333333333333
003096,Marcus Hudgins,D,Defense,last_10,10,2026-05-31,2026-08-16,ARC|ATL|CAN|CHA|OUT|RED|WHP,WAT,1.0,0.0,0.0,0.0,0.0,1.0,1.0,1,0.0,0.0,0.0,0.0,0.0,0.0,15.0,3.0,7.0,0,0,0,0.0,0.0,0.0,0.0,2.0,42.0,38.0,0.0,1.0,,,,,0.5,,0.1,0.0,0.0,0.0,0.0,0.1,0.1,0.1,0.0,0.0,0.0,0.0,0.0,0.0,1.5,0.3,0.7,0.0,0.0,0.0,0.0,0.0,0.0,0.0,0.2,4.2,3.8,0.2
003097,Colby Barsz,D,Defense,last_10,3,2024-06-08,2024-09-07,CHA|OUT,ARC,0.0,0.0,0.0,0.0,0.0,0.0,1.0,0,0.0,0.0,0.0,0.0,0.0,0.0,5.0,3.0,1.0,0,0,0,0.0,0.0,0.0,0.0,0.0,9.0,5.0,0.0,0.0,,,,,,,0.0,0.0,0.0,0.0,0.0,0.0,0.3333333333333333,0.0,0.0,0.0,0.0,0.0,0.0,0.0,1.6666666666666667,1.0,0.3333333333333333,0.0,0.0,0.0,0.0,0.0,0.0,0.0,0.0,3.0,1.6666666666666667,0.0
003098,Luke Wierman,FO,Faceoff,last_10,10,2026-06-06,2026-08-29,ARC|ATL|CAN|CHA|RED|WAT|WHP,OUT,5.0,2.0,2.0,0.0,2.0,3.0,14.0,6,4.0,0.0,0.0,0.0,0.0,0.0,76.0,11.0,2.0,133,118,255,0.0,0.0,1.0,0.5,5.0,89.0,64.0,0.14285714285714285,0.42857142857142855,0.5215686274509804,,,,0.6,0.0,0.5,0.2,0.2,0.0,0.2,0.3,1.4,0.6,0.4,0.0,0.0,0.0,0.0,0.0,7.6,1.1,0.2,13.3,11.8,25.5,0.0,0.0,0.1,0.05,0.5,8.9,6.4,0.5
003099,Tyler Carpenter,LSM,Long Stick Midfield,last_10,10,2026-05-30,2026-08-15,ARC|CAN|OUT|RED|WAT|WHP,ATL,1.0,1.0,1.0,0.0,1.0,0.0,3.0,2,1.0,0.0,0.0,0.0,0.0,0.0,21.0,3.0,6.0,0,0,0,0.0,0.0,1.0,1.0,3.0,51.0,45.0,0.3333333333333333,0.6666666666666666,,,,,0.0,0.0,0.1,0.1,0.1,0.0,0.1,0.0,0.3,0.2,0.1,0.0,0.0,0.0,0.0,0.0,2.1,0.3,0.6,0.0,0.0,0.0,0.0,0.0,0.1,0.1,0.3,5.1,4.5,0.3
003100,Adam Poitras,M,Midfield,last_10,10,2026-05-30,2026-08-30,ARC|ATL|CAN|CHA|OUT|RED|WAT,WHP,19.0,17.0,17.0,0.0,17.0,2.0,35.0,29,1.0,0.0,0.0,0.0,0.0,0.0,27.0,5.0,2.0,0,0,0,0.0,0.0,2.0,1.0,7.0,227.0,187.0,0.4857142857142857,0.8285714285714286,,,,,0.2857142857142857,0.0,1.9,1.7,1.7,0.0,1.7,0.2,3.5,2.9,0.1,0.0,0.0,0.0,0.0,0.0,2.7,0.5,0.2,0.0,0.0,0.0,0.0,0.0,0.2,0.1,0.7,22.7,18.7,0.7
003101,Dylan Hess,SSDM,Defensive Midfield,last_10,10,2025-06-21,2026-05-09,ARC|ATL|CAN|CHA|RED|WHP,WAT,4.0,2.0,2.0,0.0,2.0,2.0,8.0,5,3.0,0.0,0.0,0.0,0.0,0.0,14.0,1.0,5.0,0,4,4,0.0,0.0,2.0,2.5,6.0,73.0,64.0,0.25,0.625,0.0,,,,0.3333333333333333,0.0,0.4,0.2,0.2,0.0,0.2,0.2,0.8,0.5,0.3,0.0,0.0,0.0,0.0,0.0,1.4,0.1,0.5,0.0,0.4,0.4,0.0,0.0,0.2,0.25,0.6,7.3,6.4,0.6
003102,Chayse Ierlan,G,Goalie,last_10,10,2025-06-14,2025-09-01,ARC|ATL|CAN|CHA|OUT|WAT|WHP,RED,0.0,0.0,0.0,0.0,0.0,0.0,1.0,0,1.0,134.0,40.0,94.0,132.0,132.00416811392844,16.0,3.0,2.0,0,0,0,125.0,7.0,0.0,0.0,0.0,146.0,142.0,0.0,0.0,,0.5173745173745173,29.850746268656714,0.15444015444015444,,0.0,0.0,0.0,0.0,0.0,0.0,0.0,0.1,0.0,0.1,13.4,4.0,9.4,13.2,13.200416811392845,1.6,0.3,0.2,0.0,0.0,0.0,12.5,0.7,0.0,0.0,0.0,14.6,14.2,0.0
003103,Scott Smith,D,Defense,last_10,10,2026-05-31,2026-08-08,ARC|CAN|OUT|RED|WAT|WHP,CHA,3.0,1.0,1.0,0.0,1.0,2.0,5.0,3,3.0,0.0,0.0,0.0,0.0,0.0,26.0,3.0,9.0,0,0,0,0.0,0.0,5.0,5.5,4.0,62.0,54.0,0.2,0.6,,,,,0.5,0.0,0.3,0.1,0.1,0.0,0.1,0.2,0.5,0.3,0.3,0.0,0.0,0.0,0.0,0.0,2.6,0.3,0.9,0.0,0.0,0.0,0.0,0.0,0.5,0.55,0.4,6.2,5.4,0.4
003104,Michael Boehm,A,Attack,last_10,9,2024-08-10,2026-08-30,ARC|ATL|CAN|OUT|RED|WAT,RED|WAT|WHP,17.0,5.0,5.0,0.0,5.0,12.0,31.0,17,2.0,0.0,0.0,0.0,0.0,0.0,14.0,12.0,1.0,0,0,0,0.0,0.0,2.0,1.5,23.0,261.0,218.0,0.16129032258064516,0.5483870967741935,,,,,0.5217391304347826,0.0,1.8888888888888888,0.5555555555555556,0.5555555555555556,0.0,0.5555555555555556,1.3333333333333333,3.4444444444444446,1.8888888888888888,0.2222222222222222,0.0,0.0,0.0,0.0,0.0,1.5555555555555556,1.3333333333333333,0.1111111111111111,0.0,0.0,0.0,0.0,0.0,0.2222222222222222,0.16666666666666666,2.5555555555555554,29.0,24.22222222222222,2.5555555555555554
003105,Cole Kastner,D,Defense,last_10,10,2025-07-26,2026-08-29,ARC|ATL|CAN|CHA|OUT|WHP,RED,0.0,0.0,0.0,0.0,0.0,0.0,0.0,0,0.0,0.0,0.0,0.0,0.0,0.0,8.0,1.0,9.0,0,0,0,0.0,0.0,0.0,0.0,2.0,54.0,53.0,,,,,,,0.0,,0.0,0.0,0.0,0.0,0.0,0.0,0.0,0.0,0.0,0.0,0.0,0.0,0.0,0.0,0.8,0.1,0.9,0.0,0.0,0.0,0.0,0.0,0.0,0.0,0.2,5.4,5.3,0.2
003106,Dalton Young,M,Midfield,last_10,10,2026-06-06,2026-08-29,ARC|ATL|CAN|CHA|RED|WAT|WHP,OUT,25.0,16.0,16.0,0.0,16.0,9.0,37.0,29,0.0,0.0,0.0,0.0,0.0,0.0,9.0,22.0,1.0,0,0,0,0.0,0.0,1.0,0.5,17.0,240.0,181.0,0.43243243243243246,0.7837837837837838,,,,,0.5294117647058824,,2.5,1.6,1.6,0.0,1.6,0.9,3.7,2.9,0.0,0.0,0.0,0.0,0.0,0.0,0.9,2.2,0.1,0.0,0.0,0.0,0.0,0.0,0.1,0.05,1.7,24.0,18.1,1.7
003108,Will Mark,G,Goalie,last_10,4,2025-05-31,2026-08-08,CAN|OUT|RED|WHP,ATL,0.0,0.0,0.0,0.0,0.0,0.0,0.0,0,0.0,7.0,2.0,5.0,3.0,6.0,4.0,0.0,1.0,0,0,0,3.0,0.0,0.0,0.0,0.0,6.0,6.0,,,,0.7,28.57142857142857,0.2,,,0.0,0.0,0.0,0.0,0.0,0.0,0.0,0.0,0.0,1.75,0.5,1.25,0.75,1.5,1.0,0.0,0.25,0.0,0.0,0.0,0.75,0.0,0.0,0.0,0.0,1.5,1.5,0.0
003109,Chris Conlin,D,Defense,last_10,10,2026-06-20,2026-08-29,ARC|ATL|CAN|CHA|OUT|WAT|WHP,RED,0.0,0.0,0.0,0.0,0.0,0.0,0.0,0,0.0,0.0,0.0,0.0,0.0,0.0,21.0,2.0,13.0,0,0,0,0.0,0.0,0.0,0.0,0.0,72.0,70.0,,,,,,,,,0.0,0.0,0.0,0.0,0.0,0.0,0.0,0.0,0.0,0.0,0.0,0.0,0.0,0.0,2.1,0.2,1.3,0.0,0.0,0.0,0.0,0.0,0.0,0.0,0.0,7.2,7.0,0.0
003110,Carter Parlette,SSDM,Defensive Midfield,last_10,1,2025-06-28,2025-06-28,WAT,RED,0.0,0.0,0.0,0.0,0.0,0.0,0.0,0,0.0,0.0,0.0,0.0,0.0,0.0,1.0,0.0,0.0,0,0,0,0.0,0.0,0.0,0.0,0.0,5.0,5.0,,,,,,,,,0.0,0.0,0.0,0.0,0.0,0.0,0.0,0.0,0.0,0.0,0.0,0.0,0.0,0.0,1.0,0.0,0.0,0.0,0.0,0.0,0.0,0.0,0.0,0.0,0.0,5.0,5.0,0.0
003111,AJ Mercurio,D,Defense,last_10,2,2024-08-03,2026-05-09,WAT|WHP,WAT|WHP,0.0,0.0,0.0,0.0,0.0,0.0,0.0,0,0.0,0.0,0.0,0.0,0.0,0.0,0.0,1.0,2.0,0,0,0,0.0,0.0,0.0,0.0,1.0,6.0,5.0,,,,,,,0.0,,0.0,0.0,0.0,0.0,0.0,0.0,0.0,0.0,0.0,0.0,0.0,0.0,0.0,0.0,0.0,0.5,1.0,0.0,0.0,0.0,0.0,0.0,0.0,0.0,0.5,3.0,2.5,0.5
003112,Jack DiBenedetto,D,Defense,last_10,4,2024-06-01,2025-08-02,ATL|CAN|CHA|WAT,ARC|WAT,0.0,0.0,0.0,0.0,0.0,0.0,0.0,0,0.0,0.0,0.0,0.0,0.0,0.0,5.0,2.0,2.0,0,0,0,0.0,0.0,0.0,0.0,0.0,17.0,15.0,,,,,,,,,0.0,0.0,0.0,0.0,0.0,0.0,0.0,0.0,0.0,0.0,0.0,0.0,0.0,0.0,1.25,0.5,0.5,0.0,0.0,0.0,0.0,0.0,0.0,0.0,0.0,4.25,3.75,0.0
003114,Saam Olexo,LSM,Long Stick Midfield,last_10,1,2024-08-18,2024-08-18,ARC,OUT,0.0,0.0,0.0,0.0,0.0,0.0,0.0,0,0.0,0.0,0.0,0.0,0.0,0.0,1.0,0.0,1.0,0,0,0,0.0,0.0,2.0,1.5,0.0,1.0,1.0,,,,,,,,,0.0,0.0,0.0,0.0,0.0,0.0,0.0,0.0,0.0,0.0,0.0,0.0,0.0,0.0,1.0,0.0,1.0,0.0,0.0,0.0,0.0,0.0,2.0,1.5,0.0,1.0,1.0,0.0
003115,Payton Cormier,A,Attack,last_10,3,2024-06-28,2024-09-07,WAT|WHP,ATL,6.0,5.0,5.0,0.0,5.0,1.0,14.0,10,1.0,0.0,0.0,0.0,0.0,0.0,2.0,2.0,0.0,0,0,0,0.0,0.0,0.0,0.0,6.0,43.0,27.0,0.35714285714285715,0.7142857142857143,,,,,0.16666666666666666,0.0,2.0,1.6666666666666667,1.6666666666666667,0.0,1.6666666666666667,0.3333333333333333,4.666666666666667,3.3333333333333335,0.3333333333333333,0.0,0.0,0.0,0.0,0.0,0.6666666666666666,0.6666666666666666,0.0,0.0,0.0,0.0,0.0,0.0,0.0,0.0,2.0,14.333333333333334,9.0,2.0
003119,Alec Stathakis,FO,Faceoff,last_10,10,2025-08-09,2026-08-16,ARC|ATL|CHA|OUT|RED|WHP,WAT,1.0,1.0,1.0,0.0,1.0,0.0,11.0,5,3.0,0.0,0.0,0.0,0.0,0.0,55.0,9.0,1.0,132,125,260,0.0,0.0,0.0,0.0,1.0,69.0,49.0,0.09090909090909091,0.45454545454545453,0.5076923076923077,,,,0.0,0.0,0.1,0.1,0.1,0.0,0.1,0.0,1.1,0.5,0.3,0.0,0.0,0.0,0.0,0.0,5.5,0.9,0.1,13.2,12.5,26.0,0.0,0.0,0.0,0.0,0.1,6.9,4.9,0.1
003120,Jack VanOverbeke,M,Midfield,last_10,10,2024-08-17,2025-07-13,ARC|CHA|OUT|RED|WAT|WHP,ARC|OUT,8.0,4.0,4.0,0.0,4.0,4.0,29.0,18,0.0,0.0,0.0,0.0,0.0,0.0,5.0,9.0,0.0,0,0,0,0.0,0.0,0.0,0.0,10.0,128.0,90.0,0.13793103448275862,0.6206896551724138,,,,,0.4,,0.8,0.4,0.4,0.0,0.4,0.4,2.9,1.8,0.0,0.0,0.0,0.0,0.0,0.0,0.5,0.9,0.0,0.0,0.0,0.0,0.0,0.0,0.0,0.0,1.0,12.8,9.0,1.0
003121,Brayden Mayea,A,Attack,last_10,6,2024-06-30,2026-07-10,ARC|OUT|RED|WAT|WHP,CHA|RED,6.0,6.0,6.0,0.0,6.0,0.0,22.0,13,0.0,0.0,0.0,0.0,0.0,0.0,10.0,6.0,1.0,0,0,0,0.0,0.0,2.0,1.0,5.0,95.0,67.0,0.2727272727272727,0.5909090909090909,,,,,0.0,,1.0,1.0,1.0,0.0,1.0,0.0,3.6666666666666665,2.1666666666666665,0.0,0.0,0.0,0.0,0.0,0.0,1.6666666666666667,1.0,0.16666666666666666,0.0,0.0,0.0,0.0,0.0,0.3333333333333333,0.16666666666666666,0.8333333333333334,15.833333333333334,11.166666666666666,0.8333333333333334
003125,Matt Knote,G,Goalie,last_10,1,2025-08-03,2025-08-03,WHP,RED,0.0,0.0,0.0,0.0,0.0,0.0,0.0,0,0.0,0.0,0.0,0.0,0.0,0.0,0.0,0.0,0.0,0,0,0,0.0,0.0,0.0,0.0,0.0,1.0,1.0,,,,,,,,,0.0,0.0,0.0,0.0,0.0,0.0,0.0,0.0,0.0,0.0,0.0,0.0,0.0,0.0,0.0,0.0,0.0,0.0,0.0,0.0,0.0,0.0,0.0,0.0,0.0,1.0,1.0,0.0
003126,Mike Robinson,A,Attack,last_10,1,2024-06-29,2024-06-29,ARC,CAN,0.0,0.0,0.0,0.0,0.0,0.0,1.0,1,0.0,0.0,0.0,0.0,0.0,0.0,3.0,2.0,0.0,0,0,0,0.0,0.0,0.0,0.0,0.0,24.0,21.0,0.0,1.0,,,,,,,0.0,0.0,0.0,0.0,0.0,0.0,1.0,1.0,0.0,0.0,0.0,0.0,0.0,0.0,3.0,2.0,0.0,0.0,0.0,0.0,0.0,0.0,0.0,0.0,0.0,24.0,21.0,0.0
003128,Jack Posey,D,Defense,last_10,10,2025-06-22,2026-08-30,ARC|ATL|CAN|CHA|OUT|RED|WAT|WHP,CHA|WHP,0.0,0.0,0.0,0.0,0.0,0.0,2.0,2,2.0,0.0,0.0,0.0,0.0,0.0,11.0,4.0,9.0,0,0,0,0.0,0.0,3.0,4.0,0.0,27.0,21.0,0.0,1.0,,,,,,0.0,0.0,0.0,0.0,0.0,0.0,0.0,0.2,0.2,0.2,0.0,0.0,0.0,0.0,0.0,1.1,0.4,0.9,0.0,0.0,0.0,0.0,0.0,0.3,0.4,0.0,2.7,2.1,0.0
003136,Jake Naso,FO,Faceoff,last_10,4,2025-07-12,2025-07-27,CHA|OUT|RED|WAT,ARC,0.0,0.0,0.0,0.0,0.0,0.0,4.0,1,1.0,0.0,0.0,0.0,0.0,0.0,14.0,2.0,0.0,30,59,90,0.0,0.0,1.0,0.5,0.0,15.0,9.0,0.0,0.25,0.3333333333333333,,,,,0.0,0.0,0.0,0.0,0.0,0.0,0.0,1.0,0.25,0.25,0.0,0.0,0.0,0.0,0.0,3.5,0.5,0.0,7.5,14.75,22.5,0.0,0.0,0.25,0.125,0.0,3.75,2.25,0.0
003142,Jack Koras,M,Midfield,last_10,7,2024-06-16,2024-09-02,ARC|ATL|CAN|OUT|RED|WAT,WHP,5.0,4.0,4.0,0.0,4.0,1.0,15.0,11,0.0,0.0,0.0,0.0,0.0,0.0,21.0,1.0,5.0,0,0,0,0.0,0.0,2.0,1.0,4.0,87.0,71.0,0.26666666666666666,0.7333333333333333,,,,,0.25,,0.7142857142857143,0.5714285714285714,0.5714285714285714,0.0,0.5714285714285714,0.14285714285714285,2.142857142857143,1.5714285714285714,0.0,0.0,0.0,0.0,0.0,0.0,3.0,0.14285714285714285,0.7142857142857143,0.0,0.0,0.0,0.0,0.0,0.2857142857142857,0.14285714285714285,0.5714285714285714,12.428571428571429,10.142857142857142,0.5714285714285714
003143,Logan McGovern,M,Midfield,last_10,3,2024-07-20,2024-08-17,CAN|WAT,ATL,3.0,3.0,3.0,0.0,3.0,0.0,11.0,9,0.0,0.0,0.0,0.0,0.0,0.0,4.0,3.0,0.0,0,0,0,0.0,0.0,1.0,0.5,4.0,59.0,45.0,0.2727272727272727,0.8181818181818182,,,,,0.0,,1.0,1.0,1.0,0.0,1.0,0.0,3.6666666666666665,3.0,0.0,0.0,0.0,0.0,0.0,0.0,1.3333333333333333,1.0,0.0,0.0,0.0,0.0,0.0,0.0,0.3333333333333333,0.16666666666666666,1.3333333333333333,19.666666666666668,15.0,1.3333333333333333
003145,JC Higginbotham,G,Goalie,last_10,7,2026-06-07,2026-08-30,ARC|CHA|RED|WAT|WHP,CAN,0.0,0.0,0.0,0.0,0.0,0.0,1.0,0,1.0,54.0,20.0,34.0,38.0,42.42932858122001,9.0,2.0,0.0,0,0,0,38.0,0.0,0.0,0.0,0.0,52.0,49.0,0.0,0.0,,0.5869565217391305,37.03703703703704,0.21739130434782608,,0.0,0.0,0.0,0.0,0.0,0.0,0.0,0.14285714285714285,0.0,0.14285714285714285,7.714285714285714,2.857142857142857,4.857142857142857,5.428571428571429,6.061332654460002,1.2857142857142858,0.2857142857142857,0.0,0.0,0.0,0.0,5.428571428571429,0.0,0.0,0.0,0.0,7.428571428571429,7.0,0.0
003149,JJ Sillstrop,M,Midfield,last_10,10,2025-05-30,2025-08-09,ARC|ATL|CAN|OUT|RED|WAT|WHP,CHA,8.0,5.0,5.0,0.0,5.0,3.0,22.0,18,0.0,0.0,0.0,0.0,0.0,0.0,3.0,9.0,2.0,0,0,0,0.0,0.0,0.0,0.0,12.0,141.0,110.0,0.22727272727272727,0.8181818181818182,,,,,0.25,,0.8,0.5,0.5,0.0,0.5,0.3,2.2,1.8,0.0,0.0,0.0,0.0,0.0,0.0,0.3,0.9,0.2,0.0,0.0,0.0,0.0,0.0,0.0,0.0,1.2,14.1,11.0,1.2
003151,Nathan Laliberte,FO,Faceoff,last_10,4,2026-05-09,2026-06-21,CAN|CHA|WHP,ATL,2.0,1.0,1.0,0.0,1.0,1.0,7.0,2,2.0,0.0,0.0,0.0,0.0,0.0,21.0,5.0,2.0,48,57,105,0.0,0.0,2.0,1.5,2.0,21.0,9.0,0.14285714285714285,0.2857142857142857,0.45714285714285713,,,,0.5,0.0,0.5,0.25,0.25,0.0,0.25,0.25,1.75,0.5,0.5,0.0,0.0,0.0,0.0,0.0,5.25,1.25,0.5,12.0,14.25,26.25,0.0,0.0,0.5,0.375,0.5,5.25,2.25,0.5
003152,James Shipley,SSDM,Defensive Midfield,last_10,2,2026-05-09,2026-07-12,CHA|WAT,WHP,1.0,0.0,0.0,0.0,0.0,1.0,0.0,0,0.0,0.0,0.0,0.0,0.0,0.0,3.0,2.0,1.0,0,2,2,0.0,0.0,0.0,0.0,2.0,21.0,19.0,,,0.0,,,,0.5,,0.5,0.0,0.0,0.0,0.0,0.5,0.0,0.0,0.0,0.0,0.0,0.0,0.0,0.0,1.5,1.0,0.5,0.0,1.0,1.0,0.0,0.0,0.0,0.0,1.0,10.5,9.5,1.0
003153,Richie Connell,A,Attack,last_10,5,2026-07-12,2026-08-07,ARC|CAN|CHA|OUT|RED,WHP,5.0,5.0,5.0,0.0,5.0,0.0,19.0,8,0.0,0.0,0.0,0.0,0.0,0.0,2.0,6.0,0.0,0,0,0,0.0,0.0,0.0,0.0,6.0,84.0,59.0,0.2631578947368421,0.42105263157894735,,,,,0.0,,1.0,1.0,1.0,0.0,1.0,0.0,3.8,1.6,0.0,0.0,0.0,0.0,0.0,0.0,0.4,1.2,0.0,0.0,0.0,0.0,0.0,0.0,0.0,0.0,1.2,16.8,11.8,1.2
003156,Aidan Danenza,M,Midfield,last_10,10,2026-06-20,2026-08-29,ARC|ATL|CAN|CHA|OUT|WAT|WHP,RED,16.0,6.0,6.0,0.0,6.0,10.0,39.0,27,7.0,0.0,0.0,0.0,0.0,0.0,9.0,9.0,4.0,0,0,0,0.0,0.0,1.0,0.5,19.0,253.0,205.0,0.15384615384615385,0.6923076923076923,,,,,0.5263157894736842,0.0,1.6,0.6,0.6,0.0,0.6,1.0,3.9,2.7,0.7,0.0,0.0,0.0,0.0,0.0,0.9,0.9,0.4,0.0,0.0,0.0,0.0,0.0,0.1,0.05,1.9,25.3,20.5,1.9
003157,Graydon Hogg,M,Midfield,last_10,10,2026-05-29,2026-08-30,ARC|ATL|CHA|OUT|RED|WHP,CAN,14.0,11.0,11.0,0.0,11.0,3.0,37.0,26,0.0,0.0,0.0,0.0,0.0,0.0,8.0,4.0,0.0,0,0,0,0.0,0.0,1.0,1.0,5.0,187.0,146.0,0.2972972972972973,0.7027027027027027,,,,,0.6,,1.4,1.1,1.1,0.0,1.1,0.3,3.7,2.6,0.0,0.0,0.0,0.0,0.0,0.0,0.8,0.4,0.0,0.0,0.0,0.0,0.0,0.0,0.1,0.1,0.5,18.7,14.6,0.5
003159,CJ Kirst,A,Attack,last_10,10,2026-05-31,2026-08-16,ARC|ATL|CAN|CHA|OUT|RED|WHP,WAT,39.0,34.0,34.0,0.0,34.0,5.0,84.0,60,1.0,0.0,0.0,0.0,0.0,0.0,16.0,14.0,4.0,0,0,0,0.0,0.0,1.0,0.5,40.0,351.0,253.0,0.40476190476190477,0.7142857142857143,,,,,0.125,0.0,3.9,3.4,3.4,0.0,3.4,0.5,8.4,6.0,0.1,0.0,0.0,0.0,0.0,0.0,1.6,1.4,0.4,0.0,0.0,0.0,0.0,0.0,0.1,0.05,4.0,35.1,25.3,4.0
003160,Andrew McAdorey,M,Midfield,last_10,10,2026-06-20,2026-08-29,ARC|ATL|CAN|CHA|OUT|WAT|WHP,RED,22.0,13.0,11.0,1.0,12.0,9.0,51.0,26,7.0,0.0,0.0,0.0,0.0,0.0,8.0,10.0,0.0,1,5,6,0.0,0.0,1.0,0.5,22.0,304.0,243.0,0.23529411764705882,0.5098039215686274,0.16666666666666666,,,,0.4090909090909091,0.14285714285714285,2.2,1.3,1.1,0.1,1.2,0.9,5.1,2.6,0.7,0.0,0.0,0.0,0.0,0.0,0.8,1.0,0.0,0.1,0.5,0.6,0.0,0.0,0.1,0.05,2.2,30.4,24.3,2.2
003161,Sam English,M,Midfield,last_10,10,2026-06-20,2026-08-29,ARC|ATL|CAN|CHA|OUT|WAT|WHP,RED,15.0,10.0,10.0,0.0,10.0,5.0,37.0,23,2.0,0.0,0.0,0.0,0.0,0.0,27.0,13.0,2.0,0,2,2,0.0,0.0,0.0,0.0,14.0,169.0,119.0,0.2702702702702703,0.6216216216216216,0.0,,,,0.35714285714285715,0.0,1.5,1.0,1.0,0.0,1.0,0.5,3.7,2.3,0.2,0.0,0.0,0.0,0.0,0.0,2.7,1.3,0.2,0.0,0.2,0.2,0.0,0.0,0.0,0.0,1.4,16.9,11.9,1.4
003162,Coulter Mackesy,A,Attack,last_10,10,2026-06-07,2026-08-30,ARC|ATL|CHA|OUT|RED|WAT|WHP,CAN,29.0,17.0,15.0,1.0,16.0,12.0,71.0,49,7.0,0.0,0.0,0.0,0.0,0.0,16.0,12.0,0.0,0,0,0,0.0,0.0,4.0,2.5,38.0,418.0,335.0,0.22535211267605634,0.6901408450704225,,,,,0.3157894736842105,0.14285714285714285,2.9,1.7,1.5,0.1,1.6,1.2,7.1,4.9,0.7,0.0,0.0,0.0,0.0,0.0,1.6,1.2,0.0,0.0,0.0,0.0,0.0,0.0,0.4,0.25,3.8,41.8,33.5,3.8
003163,Brendan Lavelle,D,Defense,last_10,10,2026-05-30,2026-08-08,ATL|CAN|CHA|OUT|RED|WAT|WHP,ARC,0.0,0.0,0.0,0.0,0.0,0.0,0.0,0,0.0,0.0,0.0,0.0,0.0,0.0,30.0,4.0,13.0,0,0,0,0.0,0.0,3.0,3.0,0.0,62.0,58.0,,,,,,,,,0.0,0.0,0.0,0.0,0.0,0.0,0.0,0.0,0.0,0.0,0.0,0.0,0.0,0.0,3.0,0.4,1.3,0.0,0.0,0.0,0.0,0.0,0.3,0.3,0.0,6.2,5.8,0.0
003164,Matt Traynor,M,Midfield,last_10,10,2026-05-16,2026-08-15,ARC|CAN|OUT|RED|WAT|WHP,ATL,25.0,19.0,19.0,0.0,19.0,6.0,64.0,47,3.0,0.0,0.0,0.0,0.0,0.0,11.0,23.0,1.0,0,0,0,0.0,0.0,1.0,0.5,29.0,246.0,159.0,0.296875,0.734375,,,,,0.20689655172413793,0.0,2.5,1.9,1.9,0.0,1.9,0.6,6.4,4.7,0.3,0.0,0.0,0.0,0.0,0.0,1.1,2.3,0.1,0.0,0.0,0.0,0.0,0.0,0.1,0.05,2.9,24.6,15.9,2.9
003165,Aidan Carroll,M,Midfield,last_10,10,2026-05-30,2026-08-30,ARC|ATL|CAN|CHA|OUT|RED|WAT,WHP,25.0,20.0,20.0,0.0,20.0,5.0,61.0,36,4.0,0.0,0.0,0.0,0.0,0.0,9.0,13.0,1.0,0,0,0,0.0,0.0,0.0,0.0,13.0,307.0,233.0,0.32786885245901637,0.5901639344262295,,,,,0.38461538461538464,0.0,2.5,2.0,2.0,0.0,2.0,0.5,6.1,3.6,0.4,0.0,0.0,0.0,0.0,0.0,0.9,1.3,0.1,0.0,0.0,0.0,0.0,0.0,0.0,0.0,1.3,30.7,23.3,1.3
003166,Owen Hiltz,A,Attack,last_10,10,2026-05-31,2026-08-08,ARC|CAN|OUT|RED|WAT|WHP,CHA,19.0,12.0,12.0,0.0,12.0,7.0,49.0,25,1.0,0.0,0.0,0.0,0.0,0.0,11.0,13.0,2.0,0,0,0,0.0,0.0,1.0,0.5,19.0,251.0,189.0,0.24489795918367346,0.5102040816326531,,,,,0.3684210526315789,0.0,1.9,1.2,1.2,0.0,1.2,0.7,4.9,2.5,0.1,0.0,0.0,0.0,0.0,0.0,1.1,1.3,0.2,0.0,0.0,0.0,0.0,0.0,0.1,0.05,1.9,25.1,18.9,1.9
003167,Jake Taylor,A,Attack,last_10,10,2025-06-28,2026-08-29,ARC|ATL|CAN|CHA|RED|WHP,OUT|WAT,15.0,11.0,11.0,0.0,11.0,4.0,36.0,24,0.0,0.0,0.0,0.0,0.0,0.0,14.0,9.0,1.0,0,0,0,0.0,0.0,0.0,0.0,6.0,109.0,64.0,0.3055555555555556,0.6666666666666666,,,,,0.6666666666666666,,1.5,1.1,1.1,0.0,1.1,0.4,3.6,2.4,0.0,0.0,0.0,0.0,0.0,0.0,1.4,0.9,0.1,0.0,0.0,0.0,0.0,0.0,0.0,0.0,0.6,10.9,6.4,0.6
003168,Chris Kavanagh,A,Attack,last_10,10,2026-06-20,2026-08-29,ARC|ATL|CAN|CHA|OUT|WAT|WHP,RED,33.0,23.0,21.0,1.0,22.0,10.0,71.0,53,9.0,0.0,0.0,0.0,0.0,0.0,10.0,14.0,2.0,0,0,0,0.0,0.0,2.0,1.5,40.0,360.0,275.0,0.30985915492957744,0.7464788732394366,,,,,0.25,0.1111111111111111,3.3,2.3,2.1,0.1,2.2,1.0,7.1,5.3,0.9,0.0,0.0,0.0,0.0,0.0,1.0,1.4,0.2,0.0,0.0,0.0,0.0,0.0,0.2,0.15,4.0,36.0,27.5,4.0
003169,Logan McNaney,G,Goalie,last_10,10,2026-05-30,2026-08-29,ARC|ATL|CAN|CHA|RED|WAT|WHP,OUT,0.0,0.0,0.0,0.0,0.0,0.0,1.0,1,1.0,97.0,62.0,35.0,113.0,144.95646,21.0,5.0,5.0,0,0,0,105.0,8.0,0.0,0.0,0.0,164.0,158.0,0.0,1.0,,0.4801980198019802,63.91752577319587,0.3069306930693069,,0.0,0.0,0.0,0.0,0.0,0.0,0.0,0.1,0.1,0.1,9.7,6.2,3.5,11.3,14.495645999999999,2.1,0.5,0.5,0.0,0.0,0.0,10.5,0.8,0.0,0.0,0.0,16.4,15.8,0.0
003170,Mic Kelly,M,Midfield,last_10,10,2026-05-17,2026-08-09,ARC|ATL|OUT|RED|WAT|WHP,CAN,18.0,11.0,9.0,1.0,10.0,7.0,50.0,34,6.0,0.0,0.0,0.0,0.0,0.0,5.0,9.0,2.0,0,0,0,0.0,0.0,2.0,2.0,26.0,269.0,210.0,0.2,0.68,,,,,0.2692307692307692,0.16666666666666666,1.8,1.1,0.9,0.1,1.0,0.7,5.0,3.4,0.6,0.0,0.0,0.0,0.0,0.0,0.5,0.9,0.2,0.0,0.0,0.0,0.0,0.0,0.2,0.2,2.6,26.9,21.0,2.6
003171,Levi Verch,LSM,Long Stick Midfield,last_10,10,2025-06-06,2025-08-24,ARC|CAN|OUT|RED|WAT|WHP,CHA,0.0,0.0,0.0,0.0,0.0,0.0,3.0,1,2.0,0.0,0.0,0.0,0.0,0.0,20.0,4.0,4.0,0,0,0,0.0,0.0,2.0,2.0,1.0,44.0,37.0,0.0,0.3333333333333333,,,,,0.0,0.0,0.0,0.0,0.0,0.0,0.0,0.0,0.3,0.1,0.2,0.0,0.0,0.0,0.0,0.0,2.0,0.4,0.4,0.0,0.0,0.0,0.0,0.0,0.2,0.2,0.1,4.4,3.7,0.1
003172,Max Krevsky,SSDM,Defensive Midfield,last_10,10,2025-09-14,2026-08-15,ARC|CAN|CHA|OUT|RED|WAT|WHP,ATL,3.0,1.0,1.0,0.0,1.0,2.0,16.0,5,2.0,0.0,0.0,0.0,0.0,0.0,15.0,4.0,8.0,0,9,9,0.0,0.0,3.0,3.0,8.0,80.0,60.0,0.0625,0.3125,0.0,,,,0.25,0.0,0.3,0.1,0.1,0.0,0.1,0.2,1.6,0.5,0.2,0.0,0.0,0.0,0.0,0.0,1.5,0.4,0.8,0.0,0.9,0.9,0.0,0.0,0.3,0.3,0.8,8.0,6.0,0.8
003173,Jack McDonald,LSM,Long Stick Midfield,last_10,10,2026-05-09,2026-08-30,ARC|ATL|CAN|OUT|RED|WAT,WHP,0.0,0.0,0.0,0.0,0.0,0.0,2.0,2,0.0,0.0,0.0,0.0,0.0,0.0,10.0,1.0,5.0,0,0,0,0.0,0.0,2.0,2.0,2.0,34.0,31.0,0.0,1.0,,,,,0.0,,0.0,0.0,0.0,0.0,0.0,0.0,0.2,0.2,0.0,0.0,0.0,0.0,0.0,0.0,1.0,0.1,0.5,0.0,0.0,0.0,0.0,0.0,0.2,0.2,0.2,3.4,3.1,0.2
003174,Sam King,M,Midfield,last_10,10,2026-05-30,2026-08-08,ATL|CAN|CHA|OUT|RED|WAT|WHP,ARC,28.0,20.0,20.0,0.0,20.0,8.0,70.0,39,1.0,0.0,0.0,0.0,0.0,0.0,16.0,19.0,1.0,0,0,0,0.0,0.0,1.0,0.5,30.0,331.0,242.0,0.2857142857142857,0.5571428571428572,,,,,0.26666666666666666,0.0,2.8,2.0,2.0,0.0,2.0,0.8,7.0,3.9,0.1,0.0,0.0,0.0,0.0,0.0,1.6,1.9,0.1,0.0,0.0,0.0,0.0,0.0,0.1,0.05,3.0,33.1,24.2,3.0
003176,Emmet Carroll,G,Goalie,last_10,10,2026-05-30,2026-08-30,ARC|ATL|CAN|CHA|OUT|RED|WAT,WHP,0.0,0.0,0.0,0.0,0.0,0.0,2.0,0,2.0,134.0,46.0,88.0,112.0,111.81768334475669,19.0,4.0,2.0,0,0,0,107.0,5.0,0.0,0.0,1.0,196.0,190.0,0.0,0.0,,0.5560165975103735,34.32835820895522,0.1908713692946058,0.0,0.0,0.0,0.0,0.0,0.0,0.0,0.0,0.2,0.0,0.2,13.4,4.6,8.8,11.2,11.181768334475668,1.9,0.4,0.2,0.0,0.0,0.0,10.7,0.5,0.0,0.0,0.1,19.6,19.0,0.1
003177,Mitchell Dunham,D,Defense,last_10,10,2026-05-30,2026-08-08,ATL|CAN|CHA|OUT|RED|WAT|WHP,ARC,1.0,0.0,0.0,0.0,0.0,1.0,1.0,0,1.0,0.0,0.0,0.0,0.0,0.0,19.0,0.0,4.0,0,0,0,0.0,0.0,4.0,5.0,2.0,32.0,31.0,0.0,0.0,,,,,0.5,0.0,0.1,0.0,0.0,0.0,0.0,0.1,0.1,0.0,0.1,0.0,0.0,0.0,0.0,0.0,1.9,0.0,0.4,0.0,0.0,0.0,0.0,0.0,0.4,0.5,0.2,3.2,3.1,0.2
003178,Michael Grace,LSM,Long Stick Midfield,last_10,10,2025-06-14,2025-09-14,ARC|CAN|OUT|RED|WAT|WHP,ATL,10.0,6.0,2.0,2.0,4.0,4.0,7.0,5,4.0,0.0,0.0,0.0,0.0,0.0,22.0,1.0,7.0,0,0,0,0.0,0.0,2.0,1.5,8.0,69.0,61.0,0.5714285714285714,0.7142857142857143,,,,,0.5,0.5,1.0,0.6,0.2,0.2,0.4,0.4,0.7,0.5,0.4,0.0,0.0,0.0,0.0,0.0,2.2,0.1,0.7,0.0,0.0,0.0,0.0,0.0,0.2,0.15,0.8,6.9,6.1,0.8
003179,Ben Wayer,LSM,Long Stick Midfield,last_10,10,2025-07-12,2026-06-07,ARC|ATL|CAN|CHA|WHP,WAT,8.0,6.0,0.0,3.0,3.0,2.0,11.0,6,10.0,0.0,0.0,0.0,0.0,0.0,23.0,4.0,8.0,0,0,0,0.0,0.0,3.0,2.5,5.0,77.0,62.0,0.2727272727272727,0.5454545454545454,,,,,0.4,0.3,0.8,0.6,0.0,0.3,0.3,0.2,1.1,0.6,1.0,0.0,0.0,0.0,0.0,0.0,2.3,0.4,0.8,0.0,0.0,0.0,0.0,0.0,0.3,0.25,0.5,7.7,6.2,0.5
003180,Christian Mazur,SSDM,Defensive Midfield,last_10,10,2025-06-21,2026-08-30,ATL|CAN|CHA|OUT|RED|WAT,WHP,4.0,3.0,3.0,0.0,3.0,1.0,6.0,3,1.0,0.0,0.0,0.0,0.0,0.0,13.0,2.0,1.0,0,2,2,0.0,0.0,1.0,0.5,4.0,74.0,66.0,0.5,0.5,0.0,,,,0.25,0.0,0.4,0.3,0.3,0.0,0.3,0.1,0.6,0.3,0.1,0.0,0.0,0.0,0.0,0.0,1.3,0.2,0.1,0.0,0.2,0.2,0.0,0.0,0.1,0.05,0.4,7.4,6.6,0.4
003181,Jimmy Freehill,D,Defense,last_10,10,2026-05-31,2026-08-16,ARC|ATL|CAN|CHA|OUT|RED|WHP,WAT,5.0,4.0,0.0,2.0,2.0,1.0,12.0,7,12.0,0.0,0.0,0.0,0.0,0.0,10.0,3.0,6.0,0,0,0,0.0,0.0,3.0,2.5,2.0,48.0,33.0,0.16666666666666666,0.5833333333333334,,,,,0.5,0.16666666666666666,0.5,0.4,0.0,0.2,0.2,0.1,1.2,0.7,1.2,0.0,0.0,0.0,0.0,0.0,1.0,0.3,0.6,0.0,0.0,0.0,0.0,0.0,0.3,0.25,0.2,4.8,3.3,0.2
003182,Kevin Parnham,D,Defense,last_10,4,2026-05-09,2026-08-16,ARC|ATL|RED|WAT,OUT,0.0,0.0,0.0,0.0,0.0,0.0,1.0,0,1.0,0.0,0.0,0.0,0.0,0.0,5.0,0.0,3.0,0,0,0,0.0,0.0,1.0,1.0,0.0,37.0,36.0,0.0,0.0,,,,,,0.0,0.0,0.0,0.0,0.0,0.0,0.0,0.25,0.0,0.25,0.0,0.0,0.0,0.0,0.0,1.25,0.0,0.75,0.0,0.0,0.0,0.0,0.0,0.25,0.25,0.0,9.25,9.0,0.0
003183,Jack Gray,SSDM,Defensive Midfield,last_10,10,2026-05-16,2026-08-29,ARC|ATL|CHA|RED|WAT|WHP,OUT,0.0,0.0,0.0,0.0,0.0,0.0,2.0,1,0.0,0.0,0.0,0.0,0.0,0.0,5.0,3.0,2.0,1,5,6,0.0,0.0,6.0,4.0,1.0,27.0,22.0,0.0,0.5,0.16666666666666666,,,,0.0,,0.0,0.0,0.0,0.0,0.0,0.0,0.2,0.1,0.0,0.0,0.0,0.0,0.0,0.0,0.5,0.3,0.2,0.1,0.5,0.6,0.0,0.0,0.6,0.4,0.1,2.7,2.2,0.1
003184,Ben Ramsey,SSDM,Defensive Midfield,last_10,10,2026-06-07,2026-08-30,ARC|ATL|CHA|OUT|RED|WAT|WHP,CAN,1.0,1.0,1.0,0.0,1.0,0.0,3.0,3,1.0,0.0,0.0,0.0,0.0,0.0,14.0,3.0,4.0,0,0,0,0.0,0.0,2.0,1.0,4.0,80.0,74.0,0.3333333333333333,1.0,,,,,0.0,0.0,0.1,0.1,0.1,0.0,0.1,0.0,0.3,0.3,0.1,0.0,0.0,0.0,0.0,0.0,1.4,0.3,0.4,0.0,0.0,0.0,0.0,0.0,0.2,0.1,0.4,8.0,7.4,0.4
003185,Carter Rice,SSDM,Defensive Midfield,last_10,10,2026-05-16,2026-08-09,ARC|ATL|CAN|CHA|OUT|WAT|WHP,RED,0.0,0.0,0.0,0.0,0.0,0.0,0.0,0,0.0,0.0,0.0,0.0,0.0,0.0,5.0,3.0,2.0,0,0,0,0.0,0.0,0.0,0.0,1.0,51.0,48.0,,,,,,,0.0,,0.0,0.0,0.0,0.0,0.0,0.0,0.0,0.0,0.0,0.0,0.0,0.0,0.0,0.0,0.5,0.3,0.2,0.0,0.0,0.0,0.0,0.0,0.0,0.0,0.1,5.1,4.8,0.1
003186,Hugh Kelleher,M,Midfield,last_10,10,2026-05-30,2026-08-15,ARC|CAN|OUT|RED|WAT|WHP,ATL,15.0,12.0,10.0,1.0,11.0,3.0,41.0,30,8.0,0.0,0.0,0.0,0.0,0.0,12.0,8.0,1.0,0,0,0,0.0,0.0,1.0,0.5,12.0,169.0,120.0,0.2682926829268293,0.7317073170731707,,,,,0.25,0.125,1.5,1.2,1.0,0.1,1.1,0.3,4.1,3.0,0.8,0.0,0.0,0.0,0.0,0.0,1.2,0.8,0.1,0.0,0.0,0.0,0.0,0.0,0.1,0.05,1.2,16.9,12.0,1.2
003188,Bryce Ford,M,Midfield,last_10,4,2025-05-31,2026-05-09,CAN|CHA|OUT|WHP,ARC,2.0,2.0,2.0,0.0,2.0,0.0,7.0,3,0.0,0.0,0.0,0.0,0.0,0.0,2.0,3.0,0.0,0,0,0,0.0,0.0,0.0,0.0,3.0,40.0,30.0,0.2857142857142857,0.42857142857142855,,,,,0.0,,0.5,0.5,0.5,0.0,0.5,0.0,1.75,0.75,0.0,0.0,0.0,0.0,0.0,0.0,0.5,0.75,0.0,0.0,0.0,0.0,0.0,0.0,0.0,0.0,0.75,10.0,7.5,0.75
003190,AJ Pilate,D,Defense,last_10,3,2025-06-22,2025-07-13,ARC|RED|WHP,OUT,0.0,0.0,0.0,0.0,0.0,0.0,1.0,0,0.0,0.0,0.0,0.0,0.0,0.0,4.0,1.0,1.0,0,0,0,0.0,0.0,0.0,0.0,0.0,6.0,4.0,0.0,0.0,,,,,,,0.0,0.0,0.0,0.0,0.0,0.0,0.3333333333333333,0.0,0.0,0.0,0.0,0.0,0.0,0.0,1.3333333333333333,0.3333333333333333,0.3333333333333333,0.0,0.0,0.0,0.0,0.0,0.0,0.0,0.0,2.0,1.3333333333333333,0.0
003192,Jackson Eicher,A,Attack,last_10,10,2026-05-31,2026-08-08,ARC|CAN|OUT|RED|WAT|WHP,CHA,13.0,9.0,9.0,0.0,9.0,4.0,49.0,27,9.0,0.0,0.0,0.0,0.0,0.0,11.0,14.0,1.0,0,0,0,0.0,0.0,1.0,0.5,17.0,202.0,139.0,0.1836734693877551,0.5510204081632653,,,,,0.23529411764705882,0.0,1.3,0.9,0.9,0.0,0.9,0.4,4.9,2.7,0.9,0.0,0.0,0.0,0.0,0.0,1.1,1.4,0.1,0.0,0.0,0.0,0.0,0.0,0.1,0.05,1.7,20.2,13.9,1.7
003193,Kyle Aldridge,SSDM,Defensive Midfield,last_10,2,2025-07-26,2025-08-03,ATL|RED,WHP,0.0,0.0,0.0,0.0,0.0,0.0,0.0,0,0.0,0.0,0.0,0.0,0.0,0.0,4.0,0.0,1.0,0,0,0,0.0,0.0,0.0,0.0,0.0,15.0,15.0,,,,,,,,,0.0,0.0,0.0,0.0,0.0,0.0,0.0,0.0,0.0,0.0,0.0,0.0,0.0,0.0,2.0,0.0,0.5,0.0,0.0,0.0,0.0,0.0,0.0,0.0,0.0,7.5,7.5,0.0
003194,Colin Sharkey,SSDM,Defensive Midfield,last_10,2,2026-05-09,2026-05-09,OUT|RED,ARC,0.0,0.0,0.0,0.0,0.0,0.0,1.0,1,0.0,0.0,0.0,0.0,0.0,0.0,1.0,0.0,0.0,0,0,0,0.0,0.0,0.0,0.0,0.0,8.0,7.0,0.0,1.0,,,,,,,0.0,0.0,0.0,0.0,0.0,0.0,0.5,0.5,0.0,0.0,0.0,0.0,0.0,0.0,0.5,0.0,0.0,0.0,0.0,0.0,0.0,0.0,0.0,0.0,0.0,4.0,3.5,0.0
003195,Brian Kelly,A,Attack,last_10,10,2026-06-07,2026-08-30,ARC|ATL|CHA|OUT|RED|WAT|WHP,CAN,24.0,19.0,19.0,0.0,19.0,5.0,45.0,32,1.0,0.0,0.0,0.0,0.0,0.0,12.0,21.0,1.0,0,0,0,0.0,0.0,2.0,1.5,20.0,316.0,250.0,0.4222222222222222,0.7111111111111111,,,,,0.25,0.0,2.4,1.9,1.9,0.0,1.9,0.5,4.5,3.2,0.1,0.0,0.0,0.0,0.0,0.0,1.2,2.1,0.1,0.0,0.0,0.0,0.0,0.0,0.2,0.15,2.0,31.6,25.0,2.0
003199,Gannon Matthews,,,last_10,1,2025-06-07,2025-06-07,RED,CHA,1.0,0.0,0.0,0.0,0.0,1.0,1.0,1,0.0,0.0,0.0,0.0,0.0,0.0,0.0,2.0,0.0,0,0,0,0.0,0.0,1.0,0.5,1.0,11.0,8.0,0.0,1.0,,,,,1.0,,1.0,0.0,0.0,0.0,0.0,1.0,1.0,1.0,0.0,0.0,0.0,0.0,0.0,0.0,0.0,2.0,0.0,0.0,0.0,0.0,0.0,0.0,1.0,0.5,1.0,11.0,8.0,1.0
003203,CK Giancola,M,Midfield,last_10,3,2026-05-09,2026-05-30,OUT|RED|WHP,ARC,4.0,4.0,4.0,0.0,4.0,0.0,16.0,10,6.0,0.0,0.0,0.0,0.0,0.0,5.0,3.0,0.0,0,0,0,0.0,0.0,1.0,0.5,5.0,87.0,68.0,0.25,0.625,,,,,0.0,0.0,1.3333333333333333,1.3333333333333333,1.3333333333333333,0.0,1.3333333333333333,0.0,5.333333333333333,3.3333333333333335,2.0,0.0,0.0,0.0,0.0,0.0,1.6666666666666667,1.0,0.0,0.0,0.0,0.0,0.0,0.0,0.3333333333333333,0.16666666666666666,1.6666666666666667,29.0,22.666666666666668,1.6666666666666667
003206,Greg Langermeier,SSDM,Defensive Midfield,last_10,10,2025-06-22,2026-08-01,ARC|CAN|OUT|RED|WAT|WHP,CHA,1.0,0.0,0.0,0.0,0.0,1.0,3.0,0,0.0,0.0,0.0,0.0,0.0,0.0,12.0,6.0,6.0,1,3,4,0.0,0.0,3.0,2.0,4.0,54.0,45.0,0.0,0.0,0.25,,,,0.25,,0.1,0.0,0.0,0.0,0.0,0.1,0.3,0.0,0.0,0.0,0.0,0.0,0.0,0.0,1.2,0.6,0.6,0.1,0.3,0.4,0.0,0.0,0.3,0.2,0.4,5.4,4.5,0.4
003208,Max Merklinger,A,Attack,last_10,2,2025-06-28,2025-07-27,ATL|OUT,ARC,0.0,0.0,0.0,0.0,0.0,0.0,4.0,2,1.0,0.0,0.0,0.0,0.0,0.0,1.0,2.0,0.0,0,0,0,0.0,0.0,0.0,0.0,1.0,22.0,16.0,0.0,0.5,,,,,0.0,0.0,0.0,0.0,0.0,0.0,0.0,0.0,2.0,1.0,0.5,0.0,0.0,0.0,0.0,0.0,0.5,1.0,0.0,0.0,0.0,0.0,0.0,0.0,0.0,0.0,0.5,11.0,8.0,0.5
003209,Michael Lampert,A,Attack,last_10,4,2025-06-13,2026-05-09,ARC|ATL|CAN|WHP,WAT,1.0,0.0,0.0,0.0,0.0,1.0,4.0,2,0.0,0.0,0.0,0.0,0.0,0.0,0.0,4.0,0.0,0,0,0,0.0,0.0,0.0,0.0,2.0,27.0,19.0,0.0,0.5,,,,,0.5,,0.25,0.0,0.0,0.0,0.0,0.25,1.0,0.5,0.0,0.0,0.0,0.0,0.0,0.0,0.0,1.0,0.0,0.0,0.0,0.0,0.0,0.0,0.0,0.0,0.5,6.75,4.75,0.5
003211,Josh Balcarcel,M,Midfield,last_10,10,2026-05-09,2026-08-29,ARC|ATL|CAN|CHA|OUT|WAT|WHP,RED,19.0,13.0,13.0,0.0,13.0,6.0,32.0,20,2.0,0.0,0.0,0.0,0.0,0.0,4.0,8.0,0.0,0,0,0,0.0,0.0,0.0,0.0,11.0,132.0,92.0,0.40625,0.625,,,,,0.5454545454545454,0.0,1.9,1.3,1.3,0.0,1.3,0.6,3.2,2.0,0.2,0.0,0.0,0.0,0.0,0.0,0.4,0.8,0.0,0.0,0.0,0.0,0.0,0.0,0.0,0.0,1.1,13.2,9.2,1.1
003212,Ray Dearth,SSDM,Defensive Midfield,last_10,10,2026-05-31,2026-08-08,ARC|CAN|OUT|RED|WAT|WHP,CHA,0.0,0.0,0.0,0.0,0.0,0.0,1.0,1,1.0,0.0,0.0,0.0,0.0,0.0,8.0,1.0,5.0,4,29,33,0.0,0.0,1.0,0.5,0.0,51.0,49.0,0.0,1.0,0.12121212121212122,,,,,0.0,0.0,0.0,0.0,0.0,0.0,0.0,0.1,0.1,0.1,0.0,0.0,0.0,0.0,0.0,0.8,0.1,0.5,0.4,2.9,3.3,0.0,0.0,0.1,0.05,0.0,5.1,4.9,0.0
003215,Tommy Stull,LSM,Long Stick Midfield,last_10,2,2026-05-09,2026-06-05,CHA|RED,ARC,0.0,0.0,0.0,0.0,0.0,0.0,0.0,0,0.0,0.0,0.0,0.0,0.0,0.0,4.0,0.0,1.0,0,0,0,0.0,0.0,0.0,0.0,0.0,6.0,6.0,,,,,,,,,0.0,0.0,0.0,0.0,0.0,0.0,0.0,0.0,0.0,0.0,0.0,0.0,0.0,0.0,2.0,0.0,0.5,0.0,0.0,0.0,0.0,0.0,0.0,0.0,0.0,3.0,3.0,0.0
003220,Dylan Renner,,,last_10,1,2025-05-31,2025-05-31,WHP,ARC,0.0,0.0,0.0,0.0,0.0,0.0,0.0,0,0.0,0.0,0.0,0.0,0.0,0.0,0.0,0.0,0.0,0,0,0,0.0,0.0,0.0,0.0,0.0,1.0,1.0,,,,,,,,,0.0,0.0,0.0,0.0,0.0,0.0,0.0,0.0,0.0,0.0,0.0,0.0,0.0,0.0,0.0,0.0,0.0,0.0,0.0,0.0,0.0,0.0,0.0,0.0,0.0,1.0,1.0,0.0
003228,Remington Reynolds,D,Defense,last_10,4,2026-05-15,2026-06-28,CHA|RED|WAT|WHP,CAN,0.0,0.0,0.0,0.0,0.0,0.0,1.0,0,0.0,0.0,0.0,0.0,0.0,0.0,8.0,1.0,2.0,0,0,0,0.0,0.0,3.0,3.5,0.0,18.0,16.0,0.0,0.0,,,,,,,0.0,0.0,0.0,0.0,0.0,0.0,0.25,0.0,0.0,0.0,0.0,0.0,0.0,0.0,2.0,0.25,0.5,0.0,0.0,0.0,0.0,0.0,0.75,0.875,0.0,4.5,4.0,0.0
003229,Matt Wright,LSM,Long Stick Midfield,last_10,2,2026-06-20,2026-06-28,ARC|CAN,RED,0.0,0.0,0.0,0.0,0.0,0.0,0.0,0,0.0,0.0,0.0,0.0,0.0,0.0,3.0,0.0,0.0,0,0,0,0.0,0.0,0.0,0.0,0.0,11.0,11.0,,,,,,,,,0.0,0.0,0.0,0.0,0.0,0.0,0.0,0.0,0.0,0.0,0.0,0.0,0.0,0.0,1.5,0.0,0.0,0.0,0.0,0.0,0.0,0.0,0.0,0.0,0.0,5.5,5.5,0.0
003232,Casey Wilson,M,Midfield,last_10,4,2026-05-31,2026-08-16,ATL|CHA|OUT|WHP,WAT,2.0,2.0,2.0,0.0,2.0,0.0,2.0,2,0.0,0.0,0.0,0.0,0.0,0.0,4.0,2.0,0.0,0,0,0,0.0,0.0,1.0,0.5,0.0,26.0,22.0,1.0,1.0,,,,,,,0.5,0.5,0.5,0.0,0.5,0.0,0.5,0.5,0.0,0.0,0.0,0.0,0.0,0.0,1.0,0.5,0.0,0.0,0.0,0.0,0.0,0.0,0.25,0.125,0.0,6.5,5.5,0.0
003233,Christian Fournier,,,last_10,2,2026-05-15,2026-05-17,CHA|WAT,CAN,0.0,0.0,0.0,0.0,0.0,0.0,0.0,0,0.0,0.0,0.0,0.0,0.0,0.0,2.0,2.0,0.0,0,0,0,0.0,0.0,0.0,0.0,0.0,3.0,1.0,,,,,,,,,0.0,0.0,0.0,0.0,0.0,0.0,0.0,0.0,0.0,0.0,0.0,0.0,0.0,0.0,1.0,1.0,0.0,0.0,0.0,0.0,0.0,0.0,0.0,0.0,0.0,1.5,0.5,0.0
003238,Aidan McLane,M,Midfield,last_10,1,2026-05-16,2026-05-16,WHP,ATL,0.0,0.0,0.0,0.0,0.0,0.0,3.0,0,0.0,0.0,0.0,0.0,0.0,0.0,0.0,0.0,0.0,0,0,0,0.0,0.0,0.0,0.0,0.0,8.0,5.0,0.0,0.0,,,,,,,0.0,0.0,0.0,0.0,0.0,0.0,3.0,0.0,0.0,0.0,0.0,0.0,0.0,0.0,0.0,0.0,0.0,0.0,0.0,0.0,0.0,0.0,0.0,0.0,0.0,8.0,5.0,0.0
003242,Cooper Frankenheimer,SSDM,Defensive Midfield,last_10,1,2026-05-16,2026-05-16,WHP,ATL,0.0,0.0,0.0,0.0,0.0,0.0,1.0,0,0.0,0.0,0.0,0.0,0.0,0.0,1.0,0.0,0.0,0,0,0,0.0,0.0,0.0,0.0,1.0,4.0,3.0,0.0,0.0,,,,,0.0,,0.0,0.0,0.0,0.0,0.0,0.0,1.0,0.0,0.0,0.0,0.0,0.0,0.0,0.0,1.0,0.0,0.0,0.0,0.0,0.0,0.0,0.0,0.0,0.0,1.0,4.0,3.0,1.0
003246,Nathan Kapp,FO,Faceoff,last_10,2,2026-08-16,2026-08-30,CAN|WAT,WHP,0.0,0.0,0.0,0.0,0.0,0.0,0.0,0,0.0,0.0,0.0,0.0,0.0,0.0,11.0,2.0,0.0,23,20,43,0.0,0.0,0.0,0.0,0.0,11.0,9.0,,,0.5348837209302325,,,,,,0.0,0.0,0.0,0.0,0.0,0.0,0.0,0.0,0.0,0.0,0.0,0.0,0.0,0.0,5.5,1.0,0.0,11.5,10.0,21.5,0.0,0.0,0.0,0.0,0.0,5.5,4.5,0.0
003248,Ryan Stines,M,Midfield,last_10,10,2026-05-30,2026-08-08,ATL|CAN|CHA|OUT|RED|WAT|WHP,ARC,25.0,16.0,16.0,0.0,16.0,9.0,54.0,37,2.0,0.0,0.0,0.0,0.0,0.0,11.0,15.0,0.0,0,0,0,0.0,0.0,1.0,0.5,21.0,265.0,196.0,0.2962962962962963,0.6851851851851852,,,,,0.42857142857142855,0.0,2.5,1.6,1.6,0.0,1.6,0.9,5.4,3.7,0.2,0.0,0.0,0.0,0.0,0.0,1.1,1.5,0.0,0.0,0.0,0.0,0.0,0.0,0.1,0.05,2.1,26.5,19.6,2.1
003249,Logan Ip,M,Midfield,last_10,3,2026-06-07,2026-07-25,CHA|RED|WAT,CAN,1.0,1.0,1.0,0.0,1.0,0.0,10.0,7,0.0,0.0,0.0,0.0,0.0,0.0,0.0,1.0,0.0,0,0,0,0.0,0.0,0.0,0.0,4.0,41.0,30.0,0.1,0.7,,,,,0.0,,0.3333333333333333,0.3333333333333333,0.3333333333333333,0.0,0.3333333333333333,0.0,3.3333333333333335,2.3333333333333335,0.0,0.0,0.0,0.0,0.0,0.0,0.0,0.3333333333333333,0.0,0.0,0.0,0.0,0.0,0.0,0.0,0.0,1.3333333333333333,13.666666666666666,10.0,1.3333333333333333
003250,Eric Spanos,M,Midfield,last_10,9,2026-05-09,2026-07-25,ARC|ATL|CAN|OUT|RED|WAT|WHP,CHA,12.0,11.0,11.0,0.0,11.0,1.0,38.0,31,2.0,0.0,0.0,0.0,0.0,0.0,9.0,9.0,0.0,0,0,0,0.0,0.0,0.0,0.0,7.0,152.0,105.0,0.2894736842105263,0.8157894736842105,,,,,0.14285714285714285,0.0,1.3333333333333333,1.2222222222222223,1.2222222222222223,0.0,1.2222222222222223,0.1111111111111111,4.222222222222222,3.4444444444444446,0.2222222222222222,0.0,0.0,0.0,0.0,0.0,1.0,1.0,0.0,0.0,0.0,0.0,0.0,0.0,0.0,0.0,0.7777777777777778,16.88888888888889,11.666666666666666,0.7777777777777778
003251,Nikko DiPonio,D,Defense,last_10,2,2026-05-09,2026-05-16,CHA|WHP,ATL,0.0,0.0,0.0,0.0,0.0,0.0,1.0,0,0.0,0.0,0.0,0.0,0.0,0.0,6.0,0.0,1.0,0,0,0,0.0,0.0,0.0,0.0,0.0,15.0,14.0,0.0,0.0,,,,,,,0.0,0.0,0.0,0.0,0.0,0.0,0.5,0.0,0.0,0.0,0.0,0.0,0.0,0.0,3.0,0.0,0.5,0.0,0.0,0.0,0.0,0.0,0.0,0.0,0.0,7.5,7.0,0.0
003252,Leo Johnson,M,Midfield,last_10,9,2026-06-05,2026-08-08,ATL|CAN|CHA|OUT|RED|WAT|WHP,ARC,14.0,8.0,8.0,0.0,8.0,6.0,44.0,22,0.0,0.0,0.0,0.0,0.0,0.0,7.0,12.0,0.0,0,0,0,0.0,0.0,0.0,0.0,15.0,154.0,98.0,0.18181818181818182,0.5,,,,,0.4,,1.5555555555555556,0.8888888888888888,0.8888888888888888,0.0,0.8888888888888888,0.6666666666666666,4.888888888888889,2.4444444444444446,0.0,0.0,0.0,0.0,0.0,0.0,0.7777777777777778,1.3333333333333333,0.0,0.0,0.0,0.0,0.0,0.0,0.0,0.0,1.6666666666666667,17.11111111111111,10.88888888888889,1.6666666666666667
003253,Marcus Wertheim,M,Midfield,last_10,2,2026-05-09,2026-05-16,ARC|OUT,RED,1.0,0.0,0.0,0.0,0.0,1.0,7.0,3,0.0,0.0,0.0,0.0,0.0,0.0,1.0,2.0,0.0,0,0,0,0.0,0.0,0.0,0.0,3.0,48.0,39.0,0.0,0.42857142857142855,,,,,0.3333333333333333,,0.5,0.0,0.0,0.0,0.0,0.5,3.5,1.5,0.0,0.0,0.0,0.0,0.0,0.0,0.5,1.0,0.0,0.0,0.0,0.0,0.0,0.0,0.0,0.0,1.5,24.0,19.5,1.5
003254,Peter Detwiler,SSDM,Defensive Midfield,last_10,10,2026-05-31,2026-08-08,ARC|CAN|OUT|RED|WAT|WHP,CHA,1.0,1.0,1.0,0.0,1.0,0.0,3.0,3,0.0,0.0,0.0,0.0,0.0,0.0,11.0,1.0,2.0,2,5,8,0.0,0.0,3.0,1.5,6.0,71.0,67.0,0.3333333333333333,1.0,0.25,,,,0.0,,0.1,0.1,0.1,0.0,0.1,0.0,0.3,0.3,0.0,0.0,0.0,0.0,0.0,0.0,1.1,0.1,0.2,0.2,0.5,0.8,0.0,0.0,0.3,0.15,0.6,7.1,6.7,0.6
003255,Joe Juengerkes,SSDM,Defensive Midfield,last_10,8,2026-05-09,2026-08-16,ARC|ATL|CAN|OUT|WAT,WHP,2.0,0.0,0.0,0.0,0.0,2.0,1.0,0,0.0,0.0,0.0,0.0,0.0,0.0,4.0,2.0,1.0,1,18,19,0.0,0.0,1.0,1.0,2.0,51.0,48.0,0.0,0.0,0.05263157894736842,,,,1.0,,0.25,0.0,0.0,0.0,0.0,0.25,0.125,0.0,0.0,0.0,0.0,0.0,0.0,0.0,0.5,0.25,0.125,0.125,2.25,2.375,0.0,0.0,0.125,0.125,0.25,6.375,6.0,0.25
003256,Nolan Byrne,M,Midfield,last_10,3,2026-07-26,2026-08-08,ATL|WAT|WHP,OUT,4.0,3.0,3.0,0.0,3.0,1.0,11.0,8,0.0,0.0,0.0,0.0,0.0,0.0,2.0,6.0,0.0,0,0,0,0.0,0.0,0.0,0.0,1.0,41.0,24.0,0.2727272727272727,0.7272727272727273,,,,,1.0,,1.3333333333333333,1.0,1.0,0.0,1.0,0.3333333333333333,3.6666666666666665,2.6666666666666665,0.0,0.0,0.0,0.0,0.0,0.0,0.6666666666666666,2.0,0.0,0.0,0.0,0.0,0.0,0.0,0.0,0.0,0.3333333333333333,13.666666666666666,8.0,0.3333333333333333
003257,Teddy Malone,M,Midfield,last_10,10,2026-05-09,2026-08-08,ARC|ATL|CAN|OUT|RED|WAT|WHP,CHA,24.0,16.0,16.0,0.0,16.0,8.0,40.0,26,0.0,0.0,0.0,0.0,0.0,0.0,5.0,11.0,1.0,0,0,0,0.0,0.0,0.0,0.0,12.0,216.0,165.0,0.4,0.65,,,,,0.6666666666666666,,2.4,1.6,1.6,0.0,1.6,0.8,4.0,2.6,0.0,0.0,0.0,0.0,0.0,0.0,0.5,1.1,0.1,0.0,0.0,0.0,0.0,0.0,0.0,0.0,1.2,21.6,16.5,1.2
003259,Liam Kammar,SSDM,Defensive Midfield,last_10,6,2026-05-09,2026-08-08,CAN|CHA|OUT|WHP,ATL,0.0,0.0,0.0,0.0,0.0,0.0,1.0,1,0.0,0.0,0.0,0.0,0.0,0.0,4.0,0.0,1.0,0,0,0,0.0,0.0,0.0,0.0,0.0,25.0,24.0,0.0,1.0,,,,,,,0.0,0.0,0.0,0.0,0.0,0.0,0.16666666666666666,0.16666666666666666,0.0,0.0,0.0,0.0,0.0,0.0,0.6666666666666666,0.0,0.16666666666666666,0.0,0.0,0.0,0.0,0.0,0.0,0.0,0.0,4.166666666666667,4.0,0.0
003260,Jack Pilling,SSDM,Defensive Midfield,last_10,7,2026-05-16,2026-08-07,ARC|ATL|CAN|OUT|RED,WHP,1.0,0.0,0.0,0.0,0.0,1.0,1.0,0,0.0,0.0,0.0,0.0,0.0,0.0,13.0,1.0,4.0,0,8,8,0.0,0.0,1.0,0.5,3.0,50.0,48.0,0.0,0.0,0.0,,,,0.3333333333333333,,0.14285714285714285,0.0,0.0,0.0,0.0,0.14285714285714285,0.14285714285714285,0.0,0.0,0.0,0.0,0.0,0.0,0.0,1.8571428571428572,0.14285714285714285,0.5714285714285714,0.0,1.1428571428571428,1.1428571428571428,0.0,0.0,0.14285714285714285,0.07142857142857142,0.42857142857142855,7.142857142857143,6.857142857142857,0.42857142857142855
003261,Truitt Sunderland,M,Midfield,last_10,6,2026-05-16,2026-08-01,ARC|ATL|CAN|OUT,WHP,9.0,4.0,4.0,0.0,4.0,5.0,13.0,10,0.0,0.0,0.0,0.0,0.0,0.0,0.0,3.0,0.0,0,0,0,0.0,0.0,0.0,0.0,12.0,78.0,62.0,0.3076923076923077,0.7692307692307693,,,,,0.4166666666666667,,1.5,0.6666666666666666,0.6666666666666666,0.0,0.6666666666666666,0.8333333333333334,2.1666666666666665,1.6666666666666667,0.0,0.0,0.0,0.0,0.0,0.0,0.0,0.5,0.0,0.0,0.0,0.0,0.0,0.0,0.0,0.0,2.0,13.0,10.333333333333334,2.0
003264,Sean Byrne,G,Goalie,last_10,7,2026-05-17,2026-08-16,ARC|ATL|CAN|CHA|OUT|WHP,WAT,0.0,0.0,0.0,0.0,0.0,0.0,0.0,0,0.0,86.0,41.0,45.0,57.0,75.77721527227068,11.0,3.0,2.0,0,0,0,52.0,5.0,0.0,0.0,1.0,111.0,108.0,,,,0.6231884057971014,47.674418604651166,0.2971014492753623,0.0,,0.0,0.0,0.0,0.0,0.0,0.0,0.0,0.0,0.0,12.285714285714286,5.857142857142857,6.428571428571429,8.142857142857142,10.82531646746724,1.5714285714285714,0.42857142857142855,0.2857142857142857,0.0,0.0,0.0,7.428571428571429,0.7142857142857143,0.0,0.0,0.14285714285714285,15.857142857142858,15.428571428571429,0.14285714285714285
003266,Silas Richmond,A,Attack,last_10,7,2026-06-28,2026-08-16,ARC|ATL|CHA|OUT|RED|WHP,WAT,8.0,7.0,5.0,1.0,6.0,1.0,27.0,16,2.0,0.0,0.0,0.0,0.0,0.0,11.0,4.0,3.0,0,0,0,0.0,0.0,1.0,1.0,5.0,133.0,102.0,0.2222222222222222,0.5925925925925926,,,,,0.2,0.5,1.1428571428571428,1.0,0.7142857142857143,0.14285714285714285,0.8571428571428571,0.14285714285714285,3.857142857142857,2.2857142857142856,0.2857142857142857,0.0,0.0,0.0,0.0,0.0,1.5714285714285714,0.5714285714285714,0.42857142857142855,0.0,0.0,0.0,0.0,0.0,0.14285714285714285,0.14285714285714285,0.7142857142857143,19.0,14.571428571428571,0.7142857142857143
003267,Mikey Weisshaar,M,Midfield,last_10,10,2026-06-07,2026-08-30,ARC|ATL|CHA|OUT|RED|WAT|WHP,CAN,19.0,17.0,17.0,0.0,17.0,2.0,48.0,31,1.0,0.0,0.0,0.0,0.0,0.0,10.0,14.0,4.0,0,0,0,0.0,0.0,0.0,0.0,14.0,252.0,190.0,0.3541666666666667,0.6458333333333334,,,,,0.14285714285714285,0.0,1.9,1.7,1.7,0.0,1.7,0.2,4.8,3.1,0.1,0.0,0.0,0.0,0.0,0.0,1.0,1.4,0.4,0.0,0.0,0.0,0.0,0.0,0.0,0.0,1.4,25.2,19.0,1.4
003268,Jack Taylor,M,Midfield,last_10,1,2026-08-08,2026-08-08,ARC,CHA,1.0,1.0,1.0,0.0,1.0,0.0,6.0,2,1.0,0.0,0.0,0.0,0.0,0.0,1.0,2.0,0.0,0,0,0,0.0,0.0,0.0,0.0,0.0,27.0,19.0,0.16666666666666666,0.3333333333333333,,,,,,0.0,1.0,1.0,1.0,0.0,1.0,0.0,6.0,2.0,1.0,0.0,0.0,0.0,0.0,0.0,1.0,2.0,0.0,0.0,0.0,0.0,0.0,0.0,0.0,0.0,0.0,27.0,19.0,0.0
003269,Brendan Staub,LSM,Long Stick Midfield,last_10,10,2026-05-31,2026-08-16,ARC|ATL|CAN|CHA|OUT|RED|WHP,WAT,1.0,1.0,1.0,0.0,1.0,0.0,11.0,7,7.0,0.0,0.0,0.0,0.0,0.0,14.0,1.0,6.0,0,0,0,0.0,0.0,2.0,2.0,2.0,77.0,65.0,0.09090909090909091,0.6363636363636364,,,,,0.0,0.0,0.1,0.1,0.1,0.0,0.1,0.0,1.1,0.7,0.7,0.0,0.0,0.0,0.0,0.0,1.4,0.1,0.6,0.0,0.0,0.0,0.0,0.0,0.2,0.2,0.2,7.7,6.5,0.2
003270,Evan Plunkett,M,Midfield,last_10,9,2026-05-16,2026-08-16,ATL|CAN|CHA|RED|WHP,OUT,9.0,3.0,3.0,0.0,3.0,6.0,37.0,15,1.0,0.0,0.0,0.0,0.0,0.0,5.0,8.0,1.0,0,0,0,0.0,0.0,0.0,0.0,19.0,168.0,123.0,0.08108108108108109,0.40540540540540543,,,,,0.3157894736842105,0.0,1.0,0.3333333333333333,0.3333333333333333,0.0,0.3333333333333333,0.6666666666666666,4.111111111111111,1.6666666666666667,0.1111111111111111,0.0,0.0,0.0,0.0,0.0,0.5555555555555556,0.8888888888888888,0.1111111111111111,0.0,0.0,0.0,0.0,0.0,0.0,0.0,2.111111111111111,18.666666666666668,13.666666666666666,2.111111111111111
003271,Hunter Smith,D,Defense,last_10,10,2026-05-29,2026-08-30,ARC|ATL|CHA|OUT|RED|WAT|WHP,CAN,0.0,0.0,0.0,0.0,0.0,0.0,1.0,1,0.0,0.0,0.0,0.0,0.0,0.0,18.0,1.0,9.0,0,0,0,0.0,0.0,2.0,2.0,2.0,37.0,35.0,0.0,1.0,,,,,0.0,,0.0,0.0,0.0,0.0,0.0,0.0,0.1,0.1,0.0,0.0,0.0,0.0,0.0,0.0,1.8,0.1,0.9,0.0,0.0,0.0,0.0,0.0,0.2,0.2,0.2,3.7,3.5,0.2
003273,Matt Collison,M,Midfield,last_10,8,2026-06-28,2026-08-16,ARC|ATL|CHA|OUT|RED|WHP,WAT,15.0,13.0,5.0,4.0,9.0,2.0,29.0,18,7.0,0.0,0.0,0.0,0.0,0.0,2.0,7.0,1.0,0,0,0,0.0,0.0,1.0,0.5,9.0,167.0,131.0,0.3103448275862069,0.6206896551724138,,,,,0.2222222222222222,0.5714285714285714,1.875,1.625,0.625,0.5,1.125,0.25,3.625,2.25,0.875,0.0,0.0,0.0,0.0,0.0,0.25,0.875,0.125,0.0,0.0,0.0,0.0,0.0,0.125,0.0625,1.125,20.875,16.375,1.125
003274,Patty Eldredge,SSDM,Defensive Midfield,last_10,1,2026-05-31,2026-05-31,CHA,WAT,0.0,0.0,0.0,0.0,0.0,0.0,0.0,0,0.0,0.0,0.0,0.0,0.0,0.0,2.0,0.0,1.0,0,0,0,0.0,0.0,0.0,0.0,0.0,5.0,5.0,,,,,,,,,0.0,0.0,0.0,0.0,0.0,0.0,0.0,0.0,0.0,0.0,0.0,0.0,0.0,0.0,2.0,0.0,1.0,0.0,0.0,0.0,0.0,0.0,0.0,0.0,0.0,5.0,5.0,0.0
003275,Andrew McMeekin,FO,Faceoff,last_10,10,2026-06-07,2026-08-30,ARC|ATL|CHA|OUT|RED|WAT|WHP,CAN,9.0,2.0,2.0,0.0,2.0,7.0,19.0,8,3.0,0.0,0.0,0.0,0.0,0.0,82.0,5.0,4.0,153,96,249,0.0,0.0,1.0,1.0,11.0,89.0,65.0,0.10526315789473684,0.42105263157894735,0.6144578313253012,,,,0.6363636363636364,0.0,0.9,0.2,0.2,0.0,0.2,0.7,1.9,0.8,0.3,0.0,0.0,0.0,0.0,0.0,8.2,0.5,0.4,15.3,9.6,24.9,0.0,0.0,0.1,0.1,1.1,8.9,6.5,1.1
003276,Richard Checo,LSM,Long Stick Midfield,last_10,6,2026-05-31,2026-08-08,ARC|CAN|RED|WAT|WHP,CHA,0.0,0.0,0.0,0.0,0.0,0.0,0.0,0,0.0,0.0,0.0,0.0,0.0,0.0,2.0,4.0,8.0,0,0,0,0.0,0.0,0.0,0.0,0.0,16.0,12.0,,,,,,,,,0.0,0.0,0.0,0.0,0.0,0.0,0.0,0.0,0.0,0.0,0.0,0.0,0.0,0.0,0.3333333333333333,0.6666666666666666,1.3333333333333333,0.0,0.0,0.0,0.0,0.0,0.0,0.0,0.0,2.6666666666666665,2.0,0.0
003277,Joey Spallina,A,Attack,last_10,10,2026-05-30,2026-08-30,ARC|ATL|CAN|CHA|OUT|RED|WAT,WHP,31.0,16.0,12.0,2.0,14.0,15.0,56.0,27,5.0,0.0,0.0,0.0,0.0,0.0,13.0,16.0,1.0,0,0,0,0.0,0.0,2.0,1.5,44.0,388.0,316.0,0.25,0.48214285714285715,,,,,0.3409090909090909,0.4,3.1,1.6,1.2,0.2,1.4,1.5,5.6,2.7,0.5,0.0,0.0,0.0,0.0,0.0,1.3,1.6,0.1,0.0,0.0,0.0,0.0,0.0,0.2,0.15,4.4,38.8,31.6,4.4
003278,Aidan Maguire,SSDM,Defensive Midfield,last_10,10,2026-05-30,2026-08-08,ATL|CAN|CHA|OUT|RED|WAT|WHP,ARC,7.0,6.0,4.0,1.0,5.0,1.0,12.0,10,3.0,0.0,0.0,0.0,0.0,0.0,12.0,4.0,2.0,0,0,0,0.0,0.0,3.0,2.0,4.0,79.0,63.0,0.4166666666666667,0.8333333333333334,,,,,0.25,0.3333333333333333,0.7,0.6,0.4,0.1,0.5,0.1,1.2,1.0,0.3,0.0,0.0,0.0,0.0,0.0,1.2,0.4,0.2,0.0,0.0,0.0,0.0,0.0,0.3,0.2,0.4,7.9,6.3,0.4
003279,Luke Rhoa,M,Midfield,last_10,2,2026-06-06,2026-07-19,CAN|RED,ATL,0.0,0.0,0.0,0.0,0.0,0.0,8.0,3,1.0,0.0,0.0,0.0,0.0,0.0,1.0,1.0,1.0,0,0,0,0.0,0.0,0.0,0.0,1.0,28.0,19.0,0.0,0.375,,,,,0.0,0.0,0.0,0.0,0.0,0.0,0.0,0.0,4.0,1.5,0.5,0.0,0.0,0.0,0.0,0.0,0.5,0.5,0.5,0.0,0.0,0.0,0.0,0.0,0.0,0.0,0.5,14.0,9.5,0.5
003280,Chad Palumbo,M,Midfield,last_10,10,2026-05-31,2026-08-08,ARC|CAN|OUT|RED|WAT|WHP,CHA,27.0,21.0,19.0,1.0,20.0,6.0,64.0,39,4.0,0.0,0.0,0.0,0.0,0.0,8.0,22.0,4.0,0,0,0,0.0,0.0,1.0,1.0,17.0,201.0,115.0,0.3125,0.609375,,,,,0.35294117647058826,0.25,2.7,2.1,1.9,0.1,2.0,0.6,6.4,3.9,0.4,0.0,0.0,0.0,0.0,0.0,0.8,2.2,0.4,0.0,0.0,0.0,0.0,0.0,0.1,0.1,1.7,20.1,11.5,1.7
003281,Kyle Lewis,M,Midfield,last_10,9,2026-06-07,2026-08-16,ARC|ATL|CAN|CHA|OUT|RED|WHP,WAT,9.0,7.0,7.0,0.0,7.0,2.0,23.0,12,0.0,0.0,0.0,0.0,0.0,0.0,5.0,5.0,2.0,0,0,0,0.0,0.0,1.0,0.5,10.0,109.0,81.0,0.30434782608695654,0.5217391304347826,,,,,0.2,,1.0,0.7777777777777778,0.7777777777777778,0.0,0.7777777777777778,0.2222222222222222,2.5555555555555554,1.3333333333333333,0.0,0.0,0.0,0.0,0.0,0.0,0.5555555555555556,0.5555555555555556,0.2222222222222222,0.0,0.0,0.0,0.0,0.0,0.1111111111111111,0.05555555555555555,1.1111111111111112,12.11111111111111,9.0,1.1111111111111112
003282,Billy Dwan,D,Defense,last_10,9,2026-05-29,2026-08-30,ARC|ATL|CAN|CHA|OUT|WAT,WHP,3.0,1.0,1.0,0.0,1.0,2.0,4.0,3,1.0,0.0,0.0,0.0,0.0,0.0,11.0,2.0,3.0,0,0,0,0.0,0.0,2.0,1.5,2.0,32.0,26.0,0.25,0.75,,,,,1.0,0.0,0.3333333333333333,0.1111111111111111,0.1111111111111111,0.0,0.1111111111111111,0.2222222222222222,0.4444444444444444,0.3333333333333333,0.1111111111111111,0.0,0.0,0.0,0.0,0.0,1.2222222222222223,0.2222222222222222,0.3333333333333333,0.0,0.0,0.0,0.0,0.0,0.2222222222222222,0.16666666666666666,0.2222222222222222,3.5555555555555554,2.888888888888889,0.2222222222222222
003283,Blake Eiland,SSDM,Defensive Midfield,last_10,10,2026-05-29,2026-08-30,ARC|ATL|CAN|CHA|OUT|RED|WAT,WHP,2.0,1.0,1.0,0.0,1.0,1.0,3.0,3,0.0,0.0,0.0,0.0,0.0,0.0,11.0,3.0,3.0,2,18,20,0.0,0.0,1.0,0.5,3.0,48.0,42.0,0.3333333333333333,1.0,0.1,,,,0.3333333333333333,,0.2,0.1,0.1,0.0,0.1,0.1,0.3,0.3,0.0,0.0,0.0,0.0,0.0,0.0,1.1,0.3,0.3,0.2,1.8,2.0,0.0,0.0,0.1,0.05,0.3,4.8,4.2,0.3
003284,Eric Kolar,SSDM,Defensive Midfield,last_10,7,2026-05-30,2026-08-01,ARC|ATL|CHA|OUT|RED,WHP,1.0,1.0,1.0,0.0,1.0,0.0,2.0,1,0.0,0.0,0.0,0.0,0.0,0.0,8.0,1.0,2.0,0,4,4,0.0,0.0,0.0,0.0,1.0,44.0,41.0,0.5,0.5,0.0,,,,0.0,,0.14285714285714285,0.14285714285714285,0.14285714285714285,0.0,0.14285714285714285,0.0,0.2857142857142857,0.14285714285714285,0.0,0.0,0.0,0.0,0.0,0.0,1.1428571428571428,0.14285714285714285,0.2857142857142857,0.0,0.5714285714285714,0.5714285714285714,0.0,0.0,0.0,0.0,0.14285714285714285,6.285714285714286,5.857142857142857,0.14285714285714285
003285,Jack Regnery,A,Attack,last_10,9,2026-06-19,2026-08-30,ARC|ATL|CHA|OUT|RED|WHP,CAN,19.0,12.0,12.0,0.0,12.0,7.0,50.0,24,2.0,0.0,0.0,0.0,0.0,0.0,4.0,10.0,1.0,0,0,0,0.0,0.0,0.0,0.0,21.0,194.0,134.0,0.24,0.48,,,,,0.3333333333333333,0.0,2.111111111111111,1.3333333333333333,1.3333333333333333,0.0,1.3333333333333333,0.7777777777777778,5.555555555555555,2.6666666666666665,0.2222222222222222,0.0,0.0,0.0,0.0,0.0,0.4444444444444444,1.1111111111111112,0.1111111111111111,0.0,0.0,0.0,0.0,0.0,0.0,0.0,2.3333333333333335,21.555555555555557,14.88888888888889,2.3333333333333335
003286,Will Donovan,LSM,Long Stick Midfield,last_10,10,2026-06-07,2026-08-30,ARC|ATL|CHA|OUT|RED|WAT|WHP,CAN,0.0,0.0,0.0,0.0,0.0,0.0,1.0,1,1.0,0.0,0.0,0.0,0.0,0.0,26.0,2.0,12.0,0,0,0,0.0,0.0,2.0,2.0,1.0,47.0,44.0,0.0,1.0,,,,,0.0,0.0,0.0,0.0,0.0,0.0,0.0,0.0,0.1,0.1,0.1,0.0,0.0,0.0,0.0,0.0,2.6,0.2,1.2,0.0,0.0,0.0,0.0,0.0,0.2,0.2,0.1,4.7,4.4,0.1
003287,Dante Bowen,SSDM,Defensive Midfield,last_10,2,2026-08-16,2026-08-29,OUT,RED,0.0,0.0,0.0,0.0,0.0,0.0,1.0,0,0.0,0.0,0.0,0.0,0.0,0.0,2.0,1.0,2.0,0,0,0,0.0,0.0,0.0,0.0,0.0,7.0,5.0,0.0,0.0,,,,,,,0.0,0.0,0.0,0.0,0.0,0.0,0.5,0.0,0.0,0.0,0.0,0.0,0.0,0.0,1.0,0.5,1.0,0.0,0.0,0.0,0.0,0.0,0.0,0.0,0.0,3.5,2.5,0.0
003288,Josh Yago,M,Midfield,last_10,10,2026-05-31,2026-08-16,ARC|ATL|CAN|CHA|OUT|RED|WHP,WAT,19.0,11.0,9.0,1.0,10.0,8.0,35.0,20,3.0,0.0,0.0,0.0,0.0,0.0,10.0,4.0,0.0,0,0,0,0.0,0.0,1.0,1.0,22.0,237.0,198.0,0.2857142857142857,0.5714285714285714,,,,,0.36363636363636365,0.3333333333333333,1.9,1.1,0.9,0.1,1.0,0.8,3.5,2.0,0.3,0.0,0.0,0.0,0.0,0.0,1.0,0.4,0.0,0.0,0.0,0.0,0.0,0.0,0.1,0.1,2.2,23.7,19.8,2.2
003289,Alex Ross,D,Defense,last_10,10,2026-05-30,2026-08-15,ARC|CAN|OUT|RED|WAT|WHP,ATL,6.0,4.0,0.0,2.0,2.0,2.0,11.0,3,10.0,0.0,0.0,0.0,0.0,0.0,20.0,6.0,4.0,0,0,0,0.0,0.0,2.0,1.0,5.0,106.0,89.0,0.18181818181818182,0.2727272727272727,,,,,0.4,0.2,0.6,0.4,0.0,0.2,0.2,0.2,1.1,0.3,1.0,0.0,0.0,0.0,0.0,0.0,2.0,0.6,0.4,0.0,0.0,0.0,0.0,0.0,0.2,0.1,0.5,10.6,8.9,0.5
003290,John Dunphey,M,Midfield,last_10,4,2026-07-25,2026-08-16,ARC|RED|WAT|WHP,OUT,1.0,1.0,1.0,0.0,1.0,0.0,6.0,4,0.0,0.0,0.0,0.0,0.0,0.0,2.0,10.0,0.0,1,0,1,0.0,0.0,0.0,0.0,2.0,51.0,35.0,0.16666666666666666,0.6666666666666666,1.0,,,,0.0,,0.25,0.25,0.25,0.0,0.25,0.0,1.5,1.0,0.0,0.0,0.0,0.0,0.0,0.0,0.5,2.5,0.0,0.25,0.0,0.25,0.0,0.0,0.0,0.0,0.5,12.75,8.75,0.5
003291,Ryan Croddick,G,Goalie,last_10,5,2026-07-17,2026-08-29,ATL|CAN|OUT|WHP,RED,0.0,0.0,0.0,0.0,0.0,0.0,0.0,0,0.0,26.0,13.0,13.0,22.0,50.19945806114851,4.0,4.0,1.0,0,0,0,20.0,2.0,0.0,0.0,0.0,35.0,31.0,,,,0.5652173913043478,50.0,0.2826086956521739,,,0.0,0.0,0.0,0.0,0.0,0.0,0.0,0.0,0.0,5.2,2.6,2.6,4.4,10.039891612229702,0.8,0.8,0.2,0.0,0.0,0.0,4.0,0.4,0.0,0.0,0.0,7.0,6.2,0.0
003292,Henry Bard,D,Defense,last_10,5,2026-06-28,2026-07-31,CAN|OUT|RED|WHP,CHA,2.0,2.0,0.0,1.0,1.0,0.0,1.0,1,1.0,0.0,0.0,0.0,0.0,0.0,8.0,2.0,3.0,0,0,0,0.0,0.0,0.0,0.0,0.0,30.0,27.0,1.0,1.0,,,,,,1.0,0.4,0.4,0.0,0.2,0.2,0.0,0.2,0.2,0.2,0.0,0.0,0.0,0.0,0.0,1.6,0.4,0.6,0.0,0.0,0.0,0.0,0.0,0.0,0.0,0.0,6.0,5.4,0.0
003293,Hunter Drouin,A,Attack,last_10,2,2026-06-06,2026-07-25,RED|WAT,ATL,1.0,0.0,0.0,0.0,0.0,1.0,4.0,1,0.0,0.0,0.0,0.0,0.0,0.0,1.0,5.0,0.0,0,0,0,0.0,0.0,1.0,0.5,3.0,34.0,25.0,0.0,0.25,,,,,0.3333333333333333,,0.5,0.0,0.0,0.0,0.0,0.5,2.0,0.5,0.0,0.0,0.0,0.0,0.0,0.0,0.5,2.5,0.0,0.0,0.0,0.0,0.0,0.0,0.5,0.25,1.5,17.0,12.5,1.5
003296,Cullen Brown,D,Defense,last_10,10,2026-06-20,2026-08-29,ARC|ATL|CAN|CHA|OUT|WAT|WHP,RED,0.0,0.0,0.0,0.0,0.0,0.0,3.0,0,2.0,0.0,0.0,0.0,0.0,0.0,21.0,2.0,13.0,0,0,0,0.0,0.0,0.0,0.0,2.0,52.0,47.0,0.0,0.0,,,,,0.0,0.0,0.0,0.0,0.0,0.0,0.0,0.0,0.3,0.0,0.2,0.0,0.0,0.0,0.0,0.0,2.1,0.2,1.3,0.0,0.0,0.0,0.0,0.0,0.0,0.0,0.2,5.2,4.7,0.2
003297,Michael Leo,M,Midfield,last_10,5,2026-06-06,2026-07-17,ARC|ATL|CAN|CHA|WHP,RED,5.0,3.0,3.0,0.0,3.0,2.0,18.0,13,0.0,0.0,0.0,0.0,0.0,0.0,1.0,4.0,0.0,0,0,0,0.0,0.0,0.0,0.0,7.0,66.0,44.0,0.16666666666666666,0.7222222222222222,,,,,0.2857142857142857,,1.0,0.6,0.6,0.0,0.6,0.4,3.6,2.6,0.0,0.0,0.0,0.0,0.0,0.0,0.2,0.8,0.0,0.0,0.0,0.0,0.0,0.0,0.0,0.0,1.4,13.2,8.8,1.4
003298,Finn Thomson,A,Attack,last_10,5,2026-07-31,2026-08-29,ATL|CAN|CHA|OUT,RED,12.0,10.0,10.0,0.0,10.0,2.0,17.0,14,0.0,0.0,0.0,0.0,0.0,0.0,6.0,3.0,2.0,0,0,0,0.0,0.0,1.0,2.0,2.0,76.0,56.0,0.5882352941176471,0.8235294117647058,,,,,1.0,,2.4,2.0,2.0,0.0,2.0,0.4,3.4,2.8,0.0,0.0,0.0,0.0,0.0,0.0,1.2,0.6,0.4,0.0,0.0,0.0,0.0,0.0,0.2,0.4,0.4,15.2,11.2,0.4
003300,Ty English,M,Midfield,last_10,7,2026-06-28,2026-08-08,ARC|CAN|OUT|RED|WAT|WHP,CHA,3.0,3.0,1.0,1.0,2.0,0.0,10.0,6,2.0,0.0,0.0,0.0,0.0,0.0,15.0,2.0,10.0,1,28,29,0.0,0.0,4.0,3.5,3.0,100.0,88.0,0.2,0.6,0.034482758620689655,,,,0.0,0.5,0.42857142857142855,0.42857142857142855,0.14285714285714285,0.14285714285714285,0.2857142857142857,0.0,1.4285714285714286,0.8571428571428571,0.2857142857142857,0.0,0.0,0.0,0.0,0.0,2.142857142857143,0.2857142857142857,1.4285714285714286,0.14285714285714285,4.0,4.142857142857143,0.0,0.0,0.5714285714285714,0.5,0.42857142857142855,14.285714285714286,12.571428571428571,0.42857142857142855
003301,Carson Billig,SSDM,Defensive Midfield,last_10,2,2026-07-25,2026-08-02,RED|WAT,ATL,0.0,0.0,0.0,0.0,0.0,0.0,0.0,0,0.0,0.0,0.0,0.0,0.0,0.0,0.0,0.0,0.0,0,0,0,0.0,0.0,0.0,0.0,0.0,3.0,3.0,,,,,,,,,0.0,0.0,0.0,0.0,0.0,0.0,0.0,0.0,0.0,0.0,0.0,0.0,0.0,0.0,0.0,0.0,0.0,0.0,0.0,0.0,0.0,0.0,0.0,0.0,0.0,1.5,1.5,0.0
003302,Vinny Butrico,A,Attack,last_10,2,2026-08-02,2026-08-08,OUT|RED,ATL,2.0,1.0,1.0,0.0,1.0,1.0,6.0,5,0.0,0.0,0.0,0.0,0.0,0.0,2.0,2.0,0.0,0,0,0,0.0,0.0,0.0,0.0,1.0,40.0,32.0,0.16666666666666666,0.8333333333333334,,,,,1.0,,1.0,0.5,0.5,0.0,0.5,0.5,3.0,2.5,0.0,0.0,0.0,0.0,0.0,0.0,1.0,1.0,0.0,0.0,0.0,0.0,0.0,0.0,0.0,0.0,0.5,20.0,16.0,0.5
003303,Leif Hagerup,SSDM,Defensive Midfield,last_10,2,2026-08-01,2026-08-08,ARC|WAT,CHA,0.0,0.0,0.0,0.0,0.0,0.0,0.0,0,0.0,0.0,0.0,0.0,0.0,0.0,1.0,1.0,1.0,0,0,0,0.0,0.0,0.0,0.0,0.0,5.0,4.0,,,,,,,,,0.0,0.0,0.0,0.0,0.0,0.0,0.0,0.0,0.0,0.0,0.0,0.0,0.0,0.0,0.5,0.5,0.5,0.0,0.0,0.0,0.0,0.0,0.0,0.0,0.0,2.5,2.0,0.0
