player_id,full_name,opponent_team_id,opponent_team_name,games,position,position_name,first_game_date,last_game_date,points,scoring_points,one_point_goals,two_point_goals,goals,assists,shots,shots_on_goal,two_point_shots,saves,clean_saves,messy_saves,scores_against,saa,ground_balls,turnovers,caused_turnovers,faceoffs_won,faceoffs_lost,faceoffs,goals_against,two_point_goals_against,num_penalties,pim,assist_opportunities,touches,total_passes,shot_pct_calc,shots_on_goal_rate_calc,faceoff_pct_calc,save_pct_calc,clean_save_pct,clean_save_rate,assist_conv_rate,two_pt_conversion,points_per_game,scoring_points_per_game,one_point_goals_per_game,two_point_goals_per_game,goals_per_game,assists_per_game,shots_per_game,shots_on_goal_per_game,two_point_shots_per_game,saves_per_game,clean_saves_per_game,messy_saves_per_game,scores_against_per_game,saa_per_game,ground_balls_per_game,turnovers_per_game,caused_turnovers_per_game,faceoffs_won_per_game,faceoffs_lost_per_game,faceoffs_per_game,goals_against_per_game,two_point_goals_against_per_game,num_penalties_per_game,pim_per_game,assist_opportunities_per_game,touches_per_game,total_passes_per_game,assist_opp_per_game
000201,Adam Ghitelman,CHA,Chaos,1,G,Goalie,2022-09-11,2022-09-11,0.0,0.0,0.0,0.0,0.0,0.0,0.0,0,0.0,11.0,4.0,7.0,9.0,9.0,2.0,0.0,0.0,0,0,0,9.0,0.0,0.0,0.0,0.0,17.0,17.0,,,,0.55,36.36363636363637,0.2,,,0.0,0.0,0.0,0.0,0.0,0.0,0.0,0.0,0.0,11.0,4.0,7.0,9.0,9.0,2.0,0.0,0.0,0.0,0.0,0.0,9.0,0.0,0.0,0.0,0.0,17.0,17.0,0.0
000201,Adam Ghitelman,RED,Redwoods,1,G,Goalie,2022-09-03,2022-09-03,0.0,0.0,0.0,0.0,0.0,0.0,0.0,0,0.0,13.0,6.0,7.0,8.0,7.997223186393613,3.0,0.0,0.0,0,0,0,8.0,0.0,0.0,0.0,0.0,14.0,14.0,,,,0.6190476190476191,46.15384615384615,0.2857142857142857,,,0.0,0.0,0.0,0.0,0.0,0.0,0.0,0.0,0.0,13.0,6.0,7.0,8.0,7.997223186393613,3.0,0.0,0.0,0.0,0.0,0.0,8.0,0.0,0.0,0.0,0.0,14.0,14.0,0.0
000207,Dominique Alexander,CHA,Chaos,1,SSDM,Defensive Midfield,2022-09-11,2022-09-11,0.0,0.0,0.0,0.0,0.0,0.0,0.0,0,0.0,0.0,0.0,0.0,0.0,0.0,1.0,0.0,0.0,0,0,0,0.0,0.0,0.0,0.0,0.0,5.0,5.0,,,,,,,,,0.0,0.0,0.0,0.0,0.0,0.0,0.0,0.0,0.0,0.0,0.0,0.0,0.0,0.0,1.0,0.0,0.0,0.0,0.0,0.0,0.0,0.0,0.0,0.0,0.0,5.0,5.0,0.0
000207,Dominique Alexander,RED,Redwoods,1,SSDM,Defensive Midfield,2022-09-03,2022-09-03,0.0,0.0,0.0,0.0,0.0,0.0,0.0,0,0.0,0.0,0.0,0.0,0.0,0.0,3.0,1.0,0.0,0,0,0,0.0,0.0,0.0,0.0,1.0,10.0,9.0,,,,,,,0.0,,0.0,0.0,0.0,0.0,0.0,0.0,0.0,0.0,0.0,0.0,0.0,0.0,0.0,0.0,3.0,1.0,0.0,0.0,0.0,0.0,0.0,0.0,0.0,0.0,1.0,10.0,9.0,1.0
000211,Ian MacKay,ARC,Archers,2,SSDM,Defensive Midfield,2022-09-11,2024-09-07,0.0,0.0,0.0,0.0,0.0,0.0,3.0,2,1.0,0.0,0.0,0.0,0.0,0.0,1.0,2.0,0.0,0,1,1,0.0,0.0,1.0,1.0,0.0,17.0,12.0,0.0,0.6666666666666666,0.0,,,,,0.0,0.0,0.0,0.0,0.0,0.0,0.0,1.5,1.0,0.5,0.0,0.0,0.0,0.0,0.0,0.5,1.0,0.0,0.0,0.5,0.5,0.0,0.0,0.5,0.5,0.0,8.5,6.0,0.0
000211,Ian MacKay,CAN,Cannons,1,SSDM,Defensive Midfield,2024-09-02,2024-09-02,1.0,0.0,0.0,0.0,0.0,1.0,3.0,2,0.0,0.0,0.0,0.0,0.0,0.0,0.0,0.0,0.0,0,1,1,0.0,0.0,0.0,0.0,2.0,7.0,4.0,0.0,0.6666666666666666,0.0,,,,0.5,,1.0,0.0,0.0,0.0,0.0,1.0,3.0,2.0,0.0,0.0,0.0,0.0,0.0,0.0,0.0,0.0,0.0,0.0,1.0,1.0,0.0,0.0,0.0,0.0,2.0,7.0,4.0,2.0
000211,Ian MacKay,OUT,Outlaws,1,SSDM,Defensive Midfield,2022-09-03,2022-09-03,0.0,0.0,0.0,0.0,0.0,0.0,1.0,0,0.0,0.0,0.0,0.0,0.0,0.0,0.0,1.0,0.0,0,0,0,0.0,0.0,0.0,0.0,0.0,6.0,4.0,0.0,0.0,,,,,,,0.0,0.0,0.0,0.0,0.0,0.0,1.0,0.0,0.0,0.0,0.0,0.0,0.0,0.0,0.0,1.0,0.0,0.0,0.0,0.0,0.0,0.0,0.0,0.0,0.0,6.0,4.0,0.0
000211,Ian MacKay,RED,Redwoods,1,SSDM,Defensive Midfield,2023-09-04,2023-09-04,0.0,0.0,0.0,0.0,0.0,0.0,2.0,1,0.0,0.0,0.0,0.0,0.0,0.0,1.0,1.0,0.0,0,0,0,0.0,0.0,0.0,0.0,0.0,6.0,3.0,0.0,0.5,,,,,,,0.0,0.0,0.0,0.0,0.0,0.0,2.0,1.0,0.0,0.0,0.0,0.0,0.0,0.0,1.0,1.0,0.0,0.0,0.0,0.0,0.0,0.0,0.0,0.0,0.0,6.0,3.0,0.0
000211,Ian MacKay,WAT,Waterdogs,1,SSDM,Defensive Midfield,2022-09-18,2022-09-18,0.0,0.0,0.0,0.0,0.0,0.0,0.0,0,0.0,0.0,0.0,0.0,0.0,0.0,0.0,0.0,0.0,0,0,0,0.0,0.0,0.0,0.0,0.0,2.0,2.0,,,,,,,,,0.0,0.0,0.0,0.0,0.0,0.0,0.0,0.0,0.0,0.0,0.0,0.0,0.0,0.0,0.0,0.0,0.0,0.0,0.0,0.0,0.0,0.0,0.0,0.0,0.0,2.0,2.0,0.0
000216,Marcus Holman,ATL,Atlas,1,A,Attack,2023-09-04,2023-09-04,3.0,1.0,1.0,0.0,1.0,2.0,4.0,3,1.0,0.0,0.0,0.0,0.0,0.0,6.0,1.0,1.0,0,0,0,0.0,0.0,0.0,0.0,2.0,37.0,32.0,0.25,0.75,,,,,1.0,0.0,3.0,1.0,1.0,0.0,1.0,2.0,4.0,3.0,1.0,0.0,0.0,0.0,0.0,0.0,6.0,1.0,1.0,0.0,0.0,0.0,0.0,0.0,0.0,0.0,2.0,37.0,32.0,2.0
000216,Marcus Holman,CHA,Chaos,2,A,Attack,2022-09-11,2024-09-02,2.0,2.0,2.0,0.0,2.0,0.0,8.0,4,1.0,0.0,0.0,0.0,0.0,0.0,3.0,2.0,0.0,0,0,0,0.0,0.0,0.0,0.0,1.0,51.0,41.0,0.25,0.5,,,,,0.0,0.0,1.0,1.0,1.0,0.0,1.0,0.0,4.0,2.0,0.5,0.0,0.0,0.0,0.0,0.0,1.5,1.0,0.0,0.0,0.0,0.0,0.0,0.0,0.0,0.0,0.5,25.5,20.5,0.5
000216,Marcus Holman,RED,Redwoods,1,A,Attack,2022-09-03,2022-09-03,3.0,3.0,3.0,0.0,3.0,0.0,6.0,4,1.0,0.0,0.0,0.0,0.0,0.0,1.0,2.0,1.0,0,0,0,0.0,0.0,0.0,0.0,0.0,32.0,24.0,0.5,0.6666666666666666,,,,,,0.0,3.0,3.0,3.0,0.0,3.0,0.0,6.0,4.0,1.0,0.0,0.0,0.0,0.0,0.0,1.0,2.0,1.0,0.0,0.0,0.0,0.0,0.0,0.0,0.0,0.0,32.0,24.0,0.0
000216,Marcus Holman,WAT,Waterdogs,1,A,Attack,2023-09-10,2023-09-10,1.0,1.0,1.0,0.0,1.0,0.0,7.0,4,3.0,0.0,0.0,0.0,0.0,0.0,1.0,2.0,0.0,0,0,0,0.0,0.0,0.0,0.0,1.0,31.0,22.0,0.14285714285714285,0.5714285714285714,,,,,0.0,0.0,1.0,1.0,1.0,0.0,1.0,0.0,7.0,4.0,3.0,0.0,0.0,0.0,0.0,0.0,1.0,2.0,0.0,0.0,0.0,0.0,0.0,0.0,0.0,0.0,1.0,31.0,22.0,1.0
000216,Marcus Holman,WHP,Whipsnakes,1,A,Attack,2026-08-30,2026-08-30,1.0,0.0,0.0,0.0,0.0,1.0,2.0,0,1.0,0.0,0.0,0.0,0.0,0.0,5.0,1.0,0.0,0,0,0,0.0,0.0,0.0,0.0,4.0,38.0,35.0,0.0,0.0,,,,,0.25,0.0,1.0,0.0,0.0,0.0,0.0,1.0,2.0,0.0,1.0,0.0,0.0,0.0,0.0,0.0,5.0,1.0,0.0,0.0,0.0,0.0,0.0,0.0,0.0,0.0,4.0,38.0,35.0,4.0
000217,Mark McNeill,CHA,Chaos,1,SSDM,Defensive Midfield,2022-09-11,2022-09-11,0.0,0.0,0.0,0.0,0.0,0.0,0.0,0,0.0,0.0,0.0,0.0,0.0,0.0,0.0,0.0,0.0,0,0,0,0.0,0.0,0.0,0.0,0.0,4.0,4.0,,,,,,,,,0.0,0.0,0.0,0.0,0.0,0.0,0.0,0.0,0.0,0.0,0.0,0.0,0.0,0.0,0.0,0.0,0.0,0.0,0.0,0.0,0.0,0.0,0.0,0.0,0.0,4.0,4.0,0.0
000217,Mark McNeill,RED,Redwoods,1,SSDM,Defensive Midfield,2022-09-03,2022-09-03,0.0,0.0,0.0,0.0,0.0,0.0,0.0,0,0.0,0.0,0.0,0.0,0.0,0.0,0.0,0.0,0.0,0,0,0,0.0,0.0,0.0,0.0,0.0,1.0,1.0,,,,,,,,,0.0,0.0,0.0,0.0,0.0,0.0,0.0,0.0,0.0,0.0,0.0,0.0,0.0,0.0,0.0,0.0,0.0,0.0,0.0,0.0,0.0,0.0,0.0,0.0,0.0,1.0,1.0,0.0
000218,Matt McMahon,CHA,Chaos,1,D,Defense,2022-09-11,2022-09-11,0.0,0.0,0.0,0.0,0.0,0.0,0.0,0,0.0,0.0,0.0,0.0,0.0,0.0,1.0,0.0,0.0,0,0,0,0.0,0.0,0.0,0.0,0.0,4.0,4.0,,,,,,,,,0.0,0.0,0.0,0.0,0.0,0.0,0.0,0.0,0.0,0.0,0.0,0.0,0.0,0.0,1.0,0.0,0.0,0.0,0.0,0.0,0.0,0.0,0.0,0.0,0.0,4.0,4.0,0.0
000218,Matt McMahon,RED,Redwoods,2,D,Defense,2022-09-03,2023-09-10,0.0,0.0,0.0,0.0,0.0,0.0,0.0,0,0.0,0.0,0.0,0.0,0.0,0.0,3.0,0.0,2.0,0,0,0,0.0,0.0,0.0,0.0,0.0,7.0,7.0,,,,,,,,,0.0,0.0,0.0,0.0,0.0,0.0,0.0,0.0,0.0,0.0,0.0,0.0,0.0,0.0,1.5,0.0,1.0,0.0,0.0,0.0,0.0,0.0,0.0,0.0,0.0,3.5,3.5,0.0
000218,Matt McMahon,WAT,Waterdogs,1,D,Defense,2023-09-24,2023-09-24,0.0,0.0,0.0,0.0,0.0,0.0,0.0,0,0.0,0.0,0.0,0.0,0.0,0.0,1.0,0.0,1.0,0,0,0,0.0,0.0,0.0,0.0,0.0,1.0,1.0,,,,,,,,,0.0,0.0,0.0,0.0,0.0,0.0,0.0,0.0,0.0,0.0,0.0,0.0,0.0,0.0,1.0,0.0,1.0,0.0,0.0,0.0,0.0,0.0,0.0,0.0,0.0,1.0,1.0,0.0
000221,Ryan Ambler,CHA,Chaos,2,M,Midfield,2022-09-11,2024-09-07,1.0,1.0,1.0,0.0,1.0,0.0,1.0,1,0.0,0.0,0.0,0.0,0.0,0.0,3.0,3.0,1.0,0,0,0,0.0,0.0,0.0,0.0,4.0,27.0,23.0,1.0,1.0,,,,,0.0,,0.5,0.5,0.5,0.0,0.5,0.0,0.5,0.5,0.0,0.0,0.0,0.0,0.0,0.0,1.5,1.5,0.5,0.0,0.0,0.0,0.0,0.0,0.0,0.0,2.0,13.5,11.5,2.0
000221,Ryan Ambler,RED,Redwoods,2,M,Midfield,2022-09-03,2023-09-10,4.0,3.0,3.0,0.0,3.0,1.0,4.0,4,0.0,0.0,0.0,0.0,0.0,0.0,0.0,2.0,0.0,0,0,0,0.0,0.0,0.0,0.0,2.0,34.0,28.0,0.75,1.0,,,,,0.5,,2.0,1.5,1.5,0.0,1.5,0.5,2.0,2.0,0.0,0.0,0.0,0.0,0.0,0.0,0.0,1.0,0.0,0.0,0.0,0.0,0.0,0.0,0.0,0.0,1.0,17.0,14.0,1.0
000221,Ryan Ambler,WAT,Waterdogs,1,M,Midfield,2023-09-24,2023-09-24,0.0,0.0,0.0,0.0,0.0,0.0,5.0,1,0.0,0.0,0.0,0.0,0.0,0.0,2.0,1.0,0.0,0,0,0,0.0,0.0,0.0,0.0,0.0,15.0,9.0,0.0,0.2,,,,,,,0.0,0.0,0.0,0.0,0.0,0.0,5.0,1.0,0.0,0.0,0.0,0.0,0.0,0.0,2.0,1.0,0.0,0.0,0.0,0.0,0.0,0.0,0.0,0.0,0.0,15.0,9.0,0.0
000221,Ryan Ambler,WHP,Whipsnakes,1,M,Midfield,2024-09-15,2024-09-15,1.0,0.0,0.0,0.0,0.0,1.0,2.0,1,0.0,0.0,0.0,0.0,0.0,0.0,1.0,1.0,1.0,0,0,0,0.0,0.0,1.0,1.0,1.0,13.0,10.0,0.0,0.5,,,,,1.0,,1.0,0.0,0.0,0.0,0.0,1.0,2.0,1.0,0.0,0.0,0.0,0.0,0.0,0.0,1.0,1.0,1.0,0.0,0.0,0.0,0.0,0.0,1.0,1.0,1.0,13.0,10.0,1.0
000223,Scott Ratliff,CHA,Chaos,1,D,Defense,2022-09-11,2022-09-11,0.0,0.0,0.0,0.0,0.0,0.0,0.0,0,0.0,0.0,0.0,0.0,0.0,0.0,3.0,0.0,0.0,0,0,0,0.0,0.0,0.0,0.0,1.0,14.0,14.0,,,,,,,0.0,,0.0,0.0,0.0,0.0,0.0,0.0,0.0,0.0,0.0,0.0,0.0,0.0,0.0,0.0,3.0,0.0,0.0,0.0,0.0,0.0,0.0,0.0,0.0,0.0,1.0,14.0,14.0,1.0
000223,Scott Ratliff,RED,Redwoods,1,D,Defense,2022-09-03,2022-09-03,0.0,0.0,0.0,0.0,0.0,0.0,0.0,0,0.0,0.0,0.0,0.0,0.0,0.0,4.0,0.0,0.0,0,0,0,0.0,0.0,0.0,0.0,2.0,11.0,11.0,,,,,,,0.0,,0.0,0.0,0.0,0.0,0.0,0.0,0.0,0.0,0.0,0.0,0.0,0.0,0.0,0.0,4.0,0.0,0.0,0.0,0.0,0.0,0.0,0.0,0.0,0.0,2.0,11.0,11.0,2.0
000225,Tom Schreiber,CHA,Chaos,1,M,Midfield,2022-09-11,2022-09-11,2.0,1.0,1.0,0.0,1.0,1.0,9.0,4,1.0,0.0,0.0,0.0,0.0,0.0,2.0,1.0,0.0,0,0,0,0.0,0.0,0.0,0.0,6.0,34.0,24.0,0.1111111111111111,0.4444444444444444,,,,,0.16666666666666666,0.0,2.0,1.0,1.0,0.0,1.0,1.0,9.0,4.0,1.0,0.0,0.0,0.0,0.0,0.0,2.0,1.0,0.0,0.0,0.0,0.0,0.0,0.0,0.0,0.0,6.0,34.0,24.0,6.0
000225,Tom Schreiber,RED,Redwoods,2,M,Midfield,2022-09-03,2023-09-10,3.0,3.0,3.0,0.0,3.0,0.0,13.0,4,2.0,0.0,0.0,0.0,0.0,0.0,2.0,1.0,0.0,0,0,0,0.0,0.0,0.0,0.0,10.0,64.0,50.0,0.23076923076923078,0.3076923076923077,,,,,0.0,0.0,1.5,1.5,1.5,0.0,1.5,0.0,6.5,2.0,1.0,0.0,0.0,0.0,0.0,0.0,1.0,0.5,0.0,0.0,0.0,0.0,0.0,0.0,0.0,0.0,5.0,32.0,25.0,5.0
000225,Tom Schreiber,WAT,Waterdogs,1,M,Midfield,2023-09-24,2023-09-24,2.0,2.0,2.0,0.0,2.0,0.0,6.0,5,1.0,0.0,0.0,0.0,0.0,0.0,1.0,0.0,0.0,0,0,0,0.0,0.0,0.0,0.0,3.0,29.0,23.0,0.3333333333333333,0.8333333333333334,,,,,0.0,0.0,2.0,2.0,2.0,0.0,2.0,0.0,6.0,5.0,1.0,0.0,0.0,0.0,0.0,0.0,1.0,0.0,0.0,0.0,0.0,0.0,0.0,0.0,0.0,0.0,3.0,29.0,23.0,3.0
000227,Will Manny,CHA,Chaos,1,A,Attack,2022-09-11,2022-09-11,0.0,0.0,0.0,0.0,0.0,0.0,5.0,0,0.0,0.0,0.0,0.0,0.0,0.0,0.0,0.0,0.0,0,0,0,0.0,0.0,0.0,0.0,5.0,21.0,16.0,0.0,0.0,,,,,0.0,,0.0,0.0,0.0,0.0,0.0,0.0,5.0,0.0,0.0,0.0,0.0,0.0,0.0,0.0,0.0,0.0,0.0,0.0,0.0,0.0,0.0,0.0,0.0,0.0,5.0,21.0,16.0,5.0
000227,Will Manny,RED,Redwoods,1,A,Attack,2022-09-03,2022-09-03,2.0,0.0,0.0,0.0,0.0,2.0,4.0,3,0.0,0.0,0.0,0.0,0.0,0.0,0.0,1.0,0.0,0,0,0,0.0,0.0,0.0,0.0,5.0,29.0,24.0,0.0,0.75,,,,,0.4,,2.0,0.0,0.0,0.0,0.0,2.0,4.0,3.0,0.0,0.0,0.0,0.0,0.0,0.0,0.0,1.0,0.0,0.0,0.0,0.0,0.0,0.0,0.0,0.0,5.0,29.0,24.0,5.0
000227,Will Manny,WAT,Waterdogs,1,A,Attack,2023-09-04,2023-09-04,1.0,1.0,1.0,0.0,1.0,0.0,2.0,2,0.0,0.0,0.0,0.0,0.0,0.0,0.0,2.0,0.0,0,0,0,0.0,0.0,0.0,0.0,0.0,17.0,13.0,0.5,1.0,,,,,,,1.0,1.0,1.0,0.0,1.0,0.0,2.0,2.0,0.0,0.0,0.0,0.0,0.0,0.0,0.0,2.0,0.0,0.0,0.0,0.0,0.0,0.0,0.0,0.0,0.0,17.0,13.0,0.0
000231,Chris Cloutier,ARC,Archers,1,A,Attack,2022-09-11,2022-09-11,3.0,3.0,3.0,0.0,3.0,0.0,9.0,5,1.0,0.0,0.0,0.0,0.0,0.0,0.0,2.0,0.0,0,0,0,0.0,0.0,0.0,0.0,3.0,22.0,11.0,0.3333333333333333,0.5555555555555556,,,,,0.0,0.0,3.0,3.0,3.0,0.0,3.0,0.0,9.0,5.0,1.0,0.0,0.0,0.0,0.0,0.0,0.0,2.0,0.0,0.0,0.0,0.0,0.0,0.0,0.0,0.0,3.0,22.0,11.0,3.0
000231,Chris Cloutier,OUT,Outlaws,1,A,Attack,2022-09-03,2022-09-03,0.0,0.0,0.0,0.0,0.0,0.0,1.0,1,0.0,0.0,0.0,0.0,0.0,0.0,2.0,3.0,0.0,0,0,0,0.0,0.0,0.0,0.0,3.0,19.0,15.0,0.0,1.0,,,,,0.0,,0.0,0.0,0.0,0.0,0.0,0.0,1.0,1.0,0.0,0.0,0.0,0.0,0.0,0.0,2.0,3.0,0.0,0.0,0.0,0.0,0.0,0.0,0.0,0.0,3.0,19.0,15.0,3.0
000231,Chris Cloutier,RED,Redwoods,1,A,Attack,2023-09-04,2023-09-04,3.0,2.0,2.0,0.0,2.0,1.0,5.0,5,1.0,0.0,0.0,0.0,0.0,0.0,2.0,0.0,0.0,0,0,0,0.0,0.0,0.0,0.0,4.0,19.0,14.0,0.4,1.0,,,,,0.25,0.0,3.0,2.0,2.0,0.0,2.0,1.0,5.0,5.0,1.0,0.0,0.0,0.0,0.0,0.0,2.0,0.0,0.0,0.0,0.0,0.0,0.0,0.0,0.0,0.0,4.0,19.0,14.0,4.0
000231,Chris Cloutier,WAT,Waterdogs,1,A,Attack,2022-09-18,2022-09-18,2.0,1.0,1.0,0.0,1.0,1.0,4.0,3,0.0,0.0,0.0,0.0,0.0,0.0,1.0,2.0,0.0,0,0,0,0.0,0.0,0.0,0.0,3.0,18.0,12.0,0.25,0.75,,,,,0.3333333333333333,,2.0,1.0,1.0,0.0,1.0,1.0,4.0,3.0,0.0,0.0,0.0,0.0,0.0,0.0,1.0,2.0,0.0,0.0,0.0,0.0,0.0,0.0,0.0,0.0,3.0,18.0,12.0,3.0
000234,Eric Law,CAN,Cannons,1,A,Attack,2023-09-04,2023-09-04,2.0,2.0,2.0,0.0,2.0,0.0,4.0,3,0.0,0.0,0.0,0.0,0.0,0.0,0.0,4.0,0.0,0,0,0,0.0,0.0,0.0,0.0,3.0,19.0,11.0,0.5,0.75,,,,,0.0,,2.0,2.0,2.0,0.0,2.0,0.0,4.0,3.0,0.0,0.0,0.0,0.0,0.0,0.0,0.0,4.0,0.0,0.0,0.0,0.0,0.0,0.0,0.0,0.0,3.0,19.0,11.0,3.0
000234,Eric Law,WAT,Waterdogs,1,A,Attack,2022-09-03,2022-09-03,1.0,0.0,0.0,0.0,0.0,1.0,3.0,2,0.0,0.0,0.0,0.0,0.0,0.0,1.0,2.0,1.0,0,0,0,0.0,0.0,0.0,0.0,6.0,37.0,32.0,0.0,0.6666666666666666,,,,,0.16666666666666666,,1.0,0.0,0.0,0.0,0.0,1.0,3.0,2.0,0.0,0.0,0.0,0.0,0.0,0.0,1.0,2.0,1.0,0.0,0.0,0.0,0.0,0.0,0.0,0.0,6.0,37.0,32.0,6.0
000234,Eric Law,WHP,Whipsnakes,1,A,Attack,2024-09-02,2024-09-02,0.0,0.0,0.0,0.0,0.0,0.0,1.0,1,0.0,0.0,0.0,0.0,0.0,0.0,0.0,1.0,0.0,0,0,0,0.0,0.0,0.0,0.0,0.0,20.0,18.0,0.0,1.0,,,,,,,0.0,0.0,0.0,0.0,0.0,0.0,1.0,1.0,0.0,0.0,0.0,0.0,0.0,0.0,0.0,1.0,0.0,0.0,0.0,0.0,0.0,0.0,0.0,0.0,0.0,20.0,18.0,0.0
000235,Jake Richard,CAN,Cannons,1,SSDM,Defensive Midfield,2023-09-04,2023-09-04,0.0,0.0,0.0,0.0,0.0,0.0,0.0,0,0.0,0.0,0.0,0.0,0.0,0.0,0.0,0.0,0.0,0,0,0,0.0,0.0,1.0,0.5,0.0,6.0,6.0,,,,,,,,,0.0,0.0,0.0,0.0,0.0,0.0,0.0,0.0,0.0,0.0,0.0,0.0,0.0,0.0,0.0,0.0,0.0,0.0,0.0,0.0,0.0,0.0,1.0,0.5,0.0,6.0,6.0,0.0
000235,Jake Richard,WAT,Waterdogs,1,SSDM,Defensive Midfield,2022-09-03,2022-09-03,0.0,0.0,0.0,0.0,0.0,0.0,3.0,1,1.0,0.0,0.0,0.0,0.0,0.0,0.0,0.0,1.0,0,0,0,0.0,0.0,0.0,0.0,0.0,13.0,10.0,0.0,0.3333333333333333,,,,,,0.0,0.0,0.0,0.0,0.0,0.0,0.0,3.0,1.0,1.0,0.0,0.0,0.0,0.0,0.0,0.0,0.0,1.0,0.0,0.0,0.0,0.0,0.0,0.0,0.0,0.0,13.0,10.0,0.0
000240,Kieran McArdle,ARC,Archers,1,A,Attack,2023-09-24,2023-09-24,2.0,0.0,0.0,0.0,0.0,2.0,5.0,2,0.0,0.0,0.0,0.0,0.0,0.0,1.0,0.0,0.0,0,0,0,0.0,0.0,0.0,0.0,9.0,31.0,26.0,0.0,0.4,,,,,0.2222222222222222,,2.0,0.0,0.0,0.0,0.0,2.0,5.0,2.0,0.0,0.0,0.0,0.0,0.0,0.0,1.0,0.0,0.0,0.0,0.0,0.0,0.0,0.0,0.0,0.0,9.0,31.0,26.0,9.0
000240,Kieran McArdle,ATL,Atlas,2,A,Attack,2022-09-03,2025-09-01,5.0,2.0,2.0,0.0,2.0,3.0,6.0,4,0.0,0.0,0.0,0.0,0.0,0.0,3.0,6.0,0.0,0,0,0,0.0,0.0,1.0,0.5,10.0,62.0,50.0,0.3333333333333333,0.6666666666666666,,,,,0.3,,2.5,1.0,1.0,0.0,1.0,1.5,3.0,2.0,0.0,0.0,0.0,0.0,0.0,0.0,1.5,3.0,0.0,0.0,0.0,0.0,0.0,0.0,0.5,0.25,5.0,31.0,25.0,5.0
000240,Kieran McArdle,CAN,Cannons,1,A,Attack,2023-09-10,2023-09-10,4.0,2.0,2.0,0.0,2.0,2.0,8.0,6,0.0,0.0,0.0,0.0,0.0,0.0,3.0,3.0,0.0,0,0,0,0.0,0.0,0.0,0.0,2.0,29.0,18.0,0.25,0.75,,,,,1.0,,4.0,2.0,2.0,0.0,2.0,2.0,8.0,6.0,0.0,0.0,0.0,0.0,0.0,0.0,3.0,3.0,0.0,0.0,0.0,0.0,0.0,0.0,0.0,0.0,2.0,29.0,18.0,2.0
000240,Kieran McArdle,CHA,Chaos,1,A,Attack,2022-09-18,2022-09-18,4.0,2.0,2.0,0.0,2.0,2.0,7.0,3,0.0,0.0,0.0,0.0,0.0,0.0,3.0,2.0,0.0,0,0,0,0.0,0.0,0.0,0.0,4.0,33.0,24.0,0.2857142857142857,0.42857142857142855,,,,,0.5,,4.0,2.0,2.0,0.0,2.0,2.0,7.0,3.0,0.0,0.0,0.0,0.0,0.0,0.0,3.0,2.0,0.0,0.0,0.0,0.0,0.0,0.0,0.0,0.0,4.0,33.0,24.0,4.0
000240,Kieran McArdle,WHP,Whipsnakes,3,A,Attack,2022-09-11,2025-08-23,18.0,15.0,15.0,0.0,15.0,3.0,32.0,25,0.0,0.0,0.0,0.0,0.0,0.0,4.0,8.0,0.0,0,0,0,0.0,0.0,0.0,0.0,9.0,102.0,62.0,0.46875,0.78125,,,,,0.3333333333333333,,6.0,5.0,5.0,0.0,5.0,1.0,10.666666666666666,8.333333333333334,0.0,0.0,0.0,0.0,0.0,0.0,1.3333333333333333,2.6666666666666665,0.0,0.0,0.0,0.0,0.0,0.0,0.0,0.0,3.0,34.0,20.666666666666668,3.0
000241,Jack Concannon,CAN,Cannons,1,G,Goalie,2023-09-04,2023-09-04,0.0,0.0,0.0,0.0,0.0,0.0,0.0,0,0.0,6.0,2.0,4.0,15.0,25.292740046838407,0.0,0.0,1.0,0,0,0,14.0,1.0,0.0,0.0,0.0,6.0,6.0,,,,0.3,33.33333333333333,0.1,,,0.0,0.0,0.0,0.0,0.0,0.0,0.0,0.0,0.0,6.0,2.0,4.0,15.0,25.292740046838407,0.0,0.0,1.0,0.0,0.0,0.0,14.0,1.0,0.0,0.0,0.0,6.0,6.0,0.0
000241,Jack Concannon,WAT,Waterdogs,1,G,Goalie,2022-09-03,2022-09-03,0.0,0.0,0.0,0.0,0.0,0.0,0.0,0,0.0,5.0,0.0,5.0,14.0,22.276243093922652,2.0,0.0,0.0,0,0,0,13.0,1.0,0.0,0.0,0.0,6.0,6.0,,,,0.2777777777777778,0.0,0.0,,,0.0,0.0,0.0,0.0,0.0,0.0,0.0,0.0,0.0,5.0,0.0,5.0,14.0,22.276243093922652,2.0,0.0,0.0,0.0,0.0,0.0,13.0,1.0,0.0,0.0,0.0,6.0,6.0,0.0
000242,Kyle Hartzell,ARC,Archers,1,LSM,Long Stick Midfield,2022-09-03,2022-09-03,0.0,0.0,0.0,0.0,0.0,0.0,0.0,0,0.0,0.0,0.0,0.0,0.0,0.0,1.0,0.0,0.0,0,0,0,0.0,0.0,0.0,0.0,1.0,2.0,2.0,,,,,,,0.0,,0.0,0.0,0.0,0.0,0.0,0.0,0.0,0.0,0.0,0.0,0.0,0.0,0.0,0.0,1.0,0.0,0.0,0.0,0.0,0.0,0.0,0.0,0.0,0.0,1.0,2.0,2.0,1.0
000242,Kyle Hartzell,ATL,Atlas,1,LSM,Long Stick Midfield,2023-09-04,2023-09-04,2.0,1.0,1.0,0.0,1.0,1.0,2.0,1,0.0,0.0,0.0,0.0,0.0,0.0,1.0,0.0,1.0,0,11,11,0.0,0.0,0.0,0.0,1.0,5.0,3.0,0.5,0.5,0.0,,,,1.0,,2.0,1.0,1.0,0.0,1.0,1.0,2.0,1.0,0.0,0.0,0.0,0.0,0.0,0.0,1.0,0.0,1.0,0.0,11.0,11.0,0.0,0.0,0.0,0.0,1.0,5.0,3.0,1.0
000242,Kyle Hartzell,WAT,Waterdogs,1,LSM,Long Stick Midfield,2023-09-10,2023-09-10,0.0,0.0,0.0,0.0,0.0,0.0,0.0,0,0.0,0.0,0.0,0.0,0.0,0.0,3.0,1.0,2.0,1,3,4,0.0,0.0,1.0,2.0,0.0,4.0,3.0,,,0.25,,,,,,0.0,0.0,0.0,0.0,0.0,0.0,0.0,0.0,0.0,0.0,0.0,0.0,0.0,0.0,3.0,1.0,2.0,1.0,3.0,4.0,0.0,0.0,1.0,2.0,0.0,4.0,3.0,0.0
000246,Ryan Brown,CHA,Chaos,1,A,Attack,2022-09-18,2022-09-18,0.0,0.0,0.0,0.0,0.0,0.0,0.0,0,0.0,0.0,0.0,0.0,0.0,0.0,0.0,0.0,0.0,0,0,0,0.0,0.0,0.0,0.0,0.0,1.0,1.0,,,,,,,,,0.0,0.0,0.0,0.0,0.0,0.0,0.0,0.0,0.0,0.0,0.0,0.0,0.0,0.0,0.0,0.0,0.0,0.0,0.0,0.0,0.0,0.0,0.0,0.0,0.0,1.0,1.0,0.0
000251,Steven DeNapoli,ATL,Atlas,1,SSDM,Defensive Midfield,2022-09-03,2022-09-03,0.0,0.0,0.0,0.0,0.0,0.0,0.0,0,0.0,0.0,0.0,0.0,0.0,0.0,0.0,0.0,0.0,0,0,0,0.0,0.0,0.0,0.0,0.0,3.0,3.0,,,,,,,,,0.0,0.0,0.0,0.0,0.0,0.0,0.0,0.0,0.0,0.0,0.0,0.0,0.0,0.0,0.0,0.0,0.0,0.0,0.0,0.0,0.0,0.0,0.0,0.0,0.0,3.0,3.0,0.0
000251,Steven DeNapoli,CHA,Chaos,1,SSDM,Defensive Midfield,2022-09-18,2022-09-18,0.0,0.0,0.0,0.0,0.0,0.0,0.0,0,0.0,0.0,0.0,0.0,0.0,0.0,1.0,0.0,1.0,0,0,0,0.0,0.0,0.0,0.0,1.0,3.0,3.0,,,,,,,0.0,,0.0,0.0,0.0,0.0,0.0,0.0,0.0,0.0,0.0,0.0,0.0,0.0,0.0,0.0,1.0,0.0,1.0,0.0,0.0,0.0,0.0,0.0,0.0,0.0,1.0,3.0,3.0,1.0
000251,Steven DeNapoli,WHP,Whipsnakes,1,SSDM,Defensive Midfield,2022-09-11,2022-09-11,1.0,0.0,0.0,0.0,0.0,1.0,0.0,0,0.0,0.0,0.0,0.0,0.0,0.0,0.0,0.0,0.0,0,0,0,0.0,0.0,0.0,0.0,1.0,4.0,4.0,,,,,,,1.0,,1.0,0.0,0.0,0.0,0.0,1.0,0.0,0.0,0.0,0.0,0.0,0.0,0.0,0.0,0.0,0.0,0.0,0.0,0.0,0.0,0.0,0.0,0.0,0.0,1.0,4.0,4.0,1.0
000254,Trevor Baptiste,CAN,Cannons,1,FO,Faceoff,2023-09-04,2023-09-04,1.0,1.0,1.0,0.0,1.0,0.0,3.0,2,0.0,0.0,0.0,0.0,0.0,0.0,31.0,4.0,0.0,33,1,34,0.0,0.0,0.0,0.0,2.0,30.0,23.0,0.3333333333333333,0.6666666666666666,0.9705882352941176,,,,0.0,,1.0,1.0,1.0,0.0,1.0,0.0,3.0,2.0,0.0,0.0,0.0,0.0,0.0,0.0,31.0,4.0,0.0,33.0,1.0,34.0,0.0,0.0,0.0,0.0,2.0,30.0,23.0,2.0
000254,Trevor Baptiste,OUT,Outlaws,1,FO,Faceoff,2025-09-14,2025-09-14,0.0,0.0,0.0,0.0,0.0,0.0,1.0,1,0.0,0.0,0.0,0.0,0.0,0.0,10.0,0.0,0.0,22,8,30,0.0,0.0,0.0,0.0,0.0,11.0,10.0,0.0,1.0,0.7333333333333333,,,,,,0.0,0.0,0.0,0.0,0.0,0.0,1.0,1.0,0.0,0.0,0.0,0.0,0.0,0.0,10.0,0.0,0.0,22.0,8.0,30.0,0.0,0.0,0.0,0.0,0.0,11.0,10.0,0.0
000254,Trevor Baptiste,WAT,Waterdogs,2,FO,Faceoff,2022-09-03,2025-09-01,0.0,0.0,0.0,0.0,0.0,0.0,1.0,1,1.0,0.0,0.0,0.0,0.0,0.0,11.0,2.0,0.0,31,26,57,0.0,0.0,0.0,0.0,0.0,18.0,15.0,0.0,1.0,0.543859649122807,,,,,0.0,0.0,0.0,0.0,0.0,0.0,0.0,0.5,0.5,0.5,0.0,0.0,0.0,0.0,0.0,5.5,1.0,0.0,15.5,13.0,28.5,0.0,0.0,0.0,0.0,0.0,9.0,7.5,0.0
000254,Trevor Baptiste,WHP,Whipsnakes,1,FO,Faceoff,2024-09-07,2024-09-07,3.0,3.0,1.0,1.0,2.0,0.0,2.0,2,1.0,0.0,0.0,0.0,0.0,0.0,9.0,1.0,1.0,11,11,23,0.0,0.0,0.0,0.0,1.0,9.0,6.0,1.0,1.0,0.4782608695652174,,,,0.0,1.0,3.0,3.0,1.0,1.0,2.0,0.0,2.0,2.0,1.0,0.0,0.0,0.0,0.0,0.0,9.0,1.0,1.0,11.0,11.0,23.0,0.0,0.0,0.0,0.0,1.0,9.0,6.0,1.0
000255,Tucker Durkin,CAN,Cannons,1,D,Defense,2023-09-04,2023-09-04,0.0,0.0,0.0,0.0,0.0,0.0,0.0,0,0.0,0.0,0.0,0.0,0.0,0.0,1.0,0.0,0.0,0,0,0,0.0,0.0,0.0,0.0,0.0,3.0,3.0,,,,,,,,,0.0,0.0,0.0,0.0,0.0,0.0,0.0,0.0,0.0,0.0,0.0,0.0,0.0,0.0,1.0,0.0,0.0,0.0,0.0,0.0,0.0,0.0,0.0,0.0,0.0,3.0,3.0,0.0
000255,Tucker Durkin,WAT,Waterdogs,1,D,Defense,2022-09-03,2022-09-03,0.0,0.0,0.0,0.0,0.0,0.0,0.0,0,0.0,0.0,0.0,0.0,0.0,0.0,1.0,0.0,1.0,0,0,0,0.0,0.0,0.0,0.0,0.0,5.0,5.0,,,,,,,,,0.0,0.0,0.0,0.0,0.0,0.0,0.0,0.0,0.0,0.0,0.0,0.0,0.0,0.0,1.0,0.0,1.0,0.0,0.0,0.0,0.0,0.0,0.0,0.0,0.0,5.0,5.0,0.0
000258,Blaze Riorden,ARC,Archers,2,G,Goalie,2022-09-11,2024-09-07,0.0,0.0,0.0,0.0,0.0,0.0,0.0,0,0.0,22.0,9.0,13.0,17.0,17.0,6.0,0.0,1.0,0,0,0,16.0,1.0,0.0,0.0,0.0,31.0,31.0,,,,0.5789473684210527,40.909090909090914,0.23684210526315788,,,0.0,0.0,0.0,0.0,0.0,0.0,0.0,0.0,0.0,11.0,4.5,6.5,8.5,8.5,3.0,0.0,0.5,0.0,0.0,0.0,8.0,0.5,0.0,0.0,0.0,15.5,15.5,0.0
000258,Blaze Riorden,CAN,Cannons,1,G,Goalie,2024-09-02,2024-09-02,0.0,0.0,0.0,0.0,0.0,0.0,1.0,0,1.0,15.0,4.0,11.0,4.0,4.002779708130646,6.0,0.0,0.0,0,0,0,4.0,0.0,0.0,0.0,0.0,23.0,22.0,0.0,0.0,,0.7894736842105263,26.666666666666668,0.21052631578947367,,0.0,0.0,0.0,0.0,0.0,0.0,0.0,1.0,0.0,1.0,15.0,4.0,11.0,4.0,4.002779708130646,6.0,0.0,0.0,0.0,0.0,0.0,4.0,0.0,0.0,0.0,0.0,23.0,22.0,0.0
000258,Blaze Riorden,OUT,Outlaws,1,G,Goalie,2022-09-03,2022-09-03,0.0,0.0,0.0,0.0,0.0,0.0,0.0,0,0.0,15.0,8.0,7.0,3.0,3.0,2.0,0.0,0.0,0,0,0,3.0,0.0,0.0,0.0,0.0,16.0,16.0,,,,0.8333333333333334,53.333333333333336,0.4444444444444444,,,0.0,0.0,0.0,0.0,0.0,0.0,0.0,0.0,0.0,15.0,8.0,7.0,3.0,3.0,2.0,0.0,0.0,0.0,0.0,0.0,3.0,0.0,0.0,0.0,0.0,16.0,16.0,0.0
000258,Blaze Riorden,RED,Redwoods,2,G,Goalie,2023-09-04,2025-08-24,0.0,0.0,0.0,0.0,0.0,0.0,0.0,0,0.0,26.0,8.0,18.0,29.0,29.0,2.0,0.0,0.0,0,0,0,27.0,2.0,0.0,0.0,0.0,31.0,31.0,,,,0.49056603773584906,30.76923076923077,0.1509433962264151,,,0.0,0.0,0.0,0.0,0.0,0.0,0.0,0.0,0.0,13.0,4.0,9.0,14.5,14.5,1.0,0.0,0.0,0.0,0.0,0.0,13.5,1.0,0.0,0.0,0.0,15.5,15.5,0.0
000258,Blaze Riorden,WAT,Waterdogs,1,G,Goalie,2022-09-18,2022-09-18,2.0,0.0,0.0,0.0,0.0,2.0,0.0,0,0.0,17.0,9.0,8.0,11.0,11.0,4.0,1.0,0.0,0,0,0,11.0,0.0,0.0,0.0,3.0,19.0,18.0,,,,0.6071428571428571,52.94117647058824,0.32142857142857145,0.6666666666666666,,2.0,0.0,0.0,0.0,0.0,2.0,0.0,0.0,0.0,17.0,9.0,8.0,11.0,11.0,4.0,1.0,0.0,0.0,0.0,0.0,11.0,0.0,0.0,0.0,3.0,19.0,18.0,3.0
000262,Connor Fields,CHA,Chaos,2,A,Attack,2022-09-11,2024-09-07,1.0,1.0,1.0,0.0,1.0,0.0,9.0,4,0.0,0.0,0.0,0.0,0.0,0.0,6.0,2.0,2.0,0,0,0,0.0,0.0,0.0,0.0,6.0,48.0,37.0,0.1111111111111111,0.4444444444444444,,,,,0.0,,0.5,0.5,0.5,0.0,0.5,0.0,4.5,2.0,0.0,0.0,0.0,0.0,0.0,0.0,3.0,1.0,1.0,0.0,0.0,0.0,0.0,0.0,0.0,0.0,3.0,24.0,18.5,3.0
000262,Connor Fields,RED,Redwoods,2,A,Attack,2022-09-03,2023-09-10,7.0,4.0,4.0,0.0,4.0,3.0,11.0,7,1.0,0.0,0.0,0.0,0.0,0.0,5.0,5.0,0.0,0,0,0,0.0,0.0,0.0,0.0,4.0,55.0,39.0,0.36363636363636365,0.6363636363636364,,,,,0.75,0.0,3.5,2.0,2.0,0.0,2.0,1.5,5.5,3.5,0.5,0.0,0.0,0.0,0.0,0.0,2.5,2.5,0.0,0.0,0.0,0.0,0.0,0.0,0.0,0.0,2.0,27.5,19.5,2.0
000262,Connor Fields,WHP,Whipsnakes,1,A,Attack,2024-09-15,2024-09-15,2.0,1.0,1.0,0.0,1.0,1.0,2.0,2,0.0,0.0,0.0,0.0,0.0,0.0,3.0,3.0,0.0,0,0,0,0.0,0.0,0.0,0.0,2.0,29.0,24.0,0.5,1.0,,,,,0.5,,2.0,1.0,1.0,0.0,1.0,1.0,2.0,2.0,0.0,0.0,0.0,0.0,0.0,0.0,3.0,3.0,0.0,0.0,0.0,0.0,0.0,0.0,0.0,0.0,2.0,29.0,24.0,2.0
000266,Dhane Smith,ARC,Archers,1,M,Midfield,2022-09-11,2022-09-11,2.0,1.0,1.0,0.0,1.0,1.0,2.0,1,0.0,0.0,0.0,0.0,0.0,0.0,0.0,3.0,0.0,0,0,0,0.0,0.0,0.0,0.0,6.0,37.0,32.0,0.5,0.5,,,,,0.16666666666666666,,2.0,1.0,1.0,0.0,1.0,1.0,2.0,1.0,0.0,0.0,0.0,0.0,0.0,0.0,0.0,3.0,0.0,0.0,0.0,0.0,0.0,0.0,0.0,0.0,6.0,37.0,32.0,6.0
000266,Dhane Smith,OUT,Outlaws,1,M,Midfield,2022-09-03,2022-09-03,2.0,1.0,1.0,0.0,1.0,1.0,5.0,4,0.0,0.0,0.0,0.0,0.0,0.0,0.0,4.0,0.0,0,0,0,0.0,0.0,0.0,0.0,7.0,42.0,33.0,0.2,0.8,,,,,0.14285714285714285,,2.0,1.0,1.0,0.0,1.0,1.0,5.0,4.0,0.0,0.0,0.0,0.0,0.0,0.0,0.0,4.0,0.0,0.0,0.0,0.0,0.0,0.0,0.0,0.0,7.0,42.0,33.0,7.0
000266,Dhane Smith,RED,Redwoods,1,M,Midfield,2023-09-04,2023-09-04,4.0,1.0,1.0,0.0,1.0,3.0,4.0,3,1.0,0.0,0.0,0.0,0.0,0.0,1.0,0.0,0.0,0,0,0,0.0,0.0,0.0,0.0,6.0,33.0,29.0,0.25,0.75,,,,,0.5,0.0,4.0,1.0,1.0,0.0,1.0,3.0,4.0,3.0,1.0,0.0,0.0,0.0,0.0,0.0,1.0,0.0,0.0,0.0,0.0,0.0,0.0,0.0,0.0,0.0,6.0,33.0,29.0,6.0
000266,Dhane Smith,WAT,Waterdogs,1,M,Midfield,2022-09-18,2022-09-18,1.0,0.0,0.0,0.0,0.0,1.0,5.0,4,1.0,0.0,0.0,0.0,0.0,0.0,3.0,4.0,1.0,0,0,0,0.0,0.0,1.0,0.5,8.0,35.0,26.0,0.0,0.8,,,,,0.125,0.0,1.0,0.0,0.0,0.0,0.0,1.0,5.0,4.0,1.0,0.0,0.0,0.0,0.0,0.0,3.0,4.0,1.0,0.0,0.0,0.0,0.0,0.0,1.0,0.5,8.0,35.0,26.0,8.0
000269,Jarrod Neumann,ARC,Archers,2,D,Defense,2022-09-11,2024-09-07,0.0,0.0,0.0,0.0,0.0,0.0,1.0,0,1.0,0.0,0.0,0.0,0.0,0.0,1.0,1.0,1.0,0,0,0,0.0,0.0,0.0,0.0,0.0,8.0,6.0,0.0,0.0,,,,,,0.0,0.0,0.0,0.0,0.0,0.0,0.0,0.5,0.0,0.5,0.0,0.0,0.0,0.0,0.0,0.5,0.5,0.5,0.0,0.0,0.0,0.0,0.0,0.0,0.0,0.0,4.0,3.0,0.0
000269,Jarrod Neumann,CAN,Cannons,1,D,Defense,2024-09-02,2024-09-02,0.0,0.0,0.0,0.0,0.0,0.0,0.0,0,0.0,0.0,0.0,0.0,0.0,0.0,4.0,0.0,1.0,0,0,0,0.0,0.0,1.0,1.0,0.0,12.0,12.0,,,,,,,,,0.0,0.0,0.0,0.0,0.0,0.0,0.0,0.0,0.0,0.0,0.0,0.0,0.0,0.0,4.0,0.0,1.0,0.0,0.0,0.0,0.0,0.0,1.0,1.0,0.0,12.0,12.0,0.0
000269,Jarrod Neumann,OUT,Outlaws,1,D,Defense,2022-09-03,2022-09-03,0.0,0.0,0.0,0.0,0.0,0.0,0.0,0,0.0,0.0,0.0,0.0,0.0,0.0,1.0,0.0,1.0,0,0,0,0.0,0.0,1.0,0.5,0.0,3.0,3.0,,,,,,,,,0.0,0.0,0.0,0.0,0.0,0.0,0.0,0.0,0.0,0.0,0.0,0.0,0.0,0.0,1.0,0.0,1.0,0.0,0.0,0.0,0.0,0.0,1.0,0.5,0.0,3.0,3.0,0.0
000269,Jarrod Neumann,RED,Redwoods,2,D,Defense,2023-09-04,2025-08-24,0.0,0.0,0.0,0.0,0.0,0.0,1.0,0,1.0,0.0,0.0,0.0,0.0,0.0,3.0,0.0,0.0,0,0,0,0.0,0.0,1.0,1.0,0.0,18.0,17.0,0.0,0.0,,,,,,0.0,0.0,0.0,0.0,0.0,0.0,0.0,0.5,0.0,0.5,0.0,0.0,0.0,0.0,0.0,1.5,0.0,0.0,0.0,0.0,0.0,0.0,0.0,0.5,0.5,0.0,9.0,8.5,0.0
000269,Jarrod Neumann,WAT,Waterdogs,1,D,Defense,2022-09-18,2022-09-18,0.0,0.0,0.0,0.0,0.0,0.0,1.0,0,1.0,0.0,0.0,0.0,0.0,0.0,1.0,0.0,0.0,0,0,0,0.0,0.0,0.0,0.0,1.0,6.0,5.0,0.0,0.0,,,,,0.0,0.0,0.0,0.0,0.0,0.0,0.0,0.0,1.0,0.0,1.0,0.0,0.0,0.0,0.0,0.0,1.0,0.0,0.0,0.0,0.0,0.0,0.0,0.0,0.0,0.0,1.0,6.0,5.0,1.0
000272,Josh Byrne,ARC,Archers,2,A,Attack,2022-09-11,2024-09-07,2.0,1.0,1.0,0.0,1.0,1.0,15.0,5,0.0,0.0,0.0,0.0,0.0,0.0,5.0,3.0,0.0,0,0,0,0.0,0.0,1.0,1.0,8.0,59.0,41.0,0.06666666666666667,0.3333333333333333,,,,,0.125,,1.0,0.5,0.5,0.0,0.5,0.5,7.5,2.5,0.0,0.0,0.0,0.0,0.0,0.0,2.5,1.5,0.0,0.0,0.0,0.0,0.0,0.0,0.5,0.5,4.0,29.5,20.5,4.0
000272,Josh Byrne,CAN,Cannons,1,A,Attack,2024-09-02,2024-09-02,3.0,2.0,2.0,0.0,2.0,1.0,6.0,4,0.0,0.0,0.0,0.0,0.0,0.0,1.0,3.0,0.0,0,0,0,0.0,0.0,0.0,0.0,2.0,34.0,25.0,0.3333333333333333,0.6666666666666666,,,,,0.5,,3.0,2.0,2.0,0.0,2.0,1.0,6.0,4.0,0.0,0.0,0.0,0.0,0.0,0.0,1.0,3.0,0.0,0.0,0.0,0.0,0.0,0.0,0.0,0.0,2.0,34.0,25.0,2.0
000272,Josh Byrne,OUT,Outlaws,1,A,Attack,2022-09-03,2022-09-03,6.0,3.0,3.0,0.0,3.0,3.0,8.0,6,0.0,0.0,0.0,0.0,0.0,0.0,0.0,2.0,0.0,0,0,0,0.0,0.0,0.0,0.0,5.0,32.0,22.0,0.375,0.75,,,,,0.6,,6.0,3.0,3.0,0.0,3.0,3.0,8.0,6.0,0.0,0.0,0.0,0.0,0.0,0.0,0.0,2.0,0.0,0.0,0.0,0.0,0.0,0.0,0.0,0.0,5.0,32.0,22.0,5.0
000272,Josh Byrne,RED,Redwoods,1,A,Attack,2023-09-04,2023-09-04,4.0,3.0,3.0,0.0,3.0,1.0,11.0,9,0.0,0.0,0.0,0.0,0.0,0.0,1.0,3.0,0.0,0,0,0,0.0,0.0,0.0,0.0,3.0,36.0,22.0,0.2727272727272727,0.8181818181818182,,,,,0.3333333333333333,,4.0,3.0,3.0,0.0,3.0,1.0,11.0,9.0,0.0,0.0,0.0,0.0,0.0,0.0,1.0,3.0,0.0,0.0,0.0,0.0,0.0,0.0,0.0,0.0,3.0,36.0,22.0,3.0
000272,Josh Byrne,WAT,Waterdogs,1,A,Attack,2022-09-18,2022-09-18,2.0,2.0,2.0,0.0,2.0,0.0,6.0,4,0.0,0.0,0.0,0.0,0.0,0.0,1.0,1.0,0.0,0,0,0,0.0,0.0,1.0,1.0,2.0,16.0,9.0,0.3333333333333333,0.6666666666666666,,,,,0.0,,2.0,2.0,2.0,0.0,2.0,0.0,6.0,4.0,0.0,0.0,0.0,0.0,0.0,0.0,1.0,1.0,0.0,0.0,0.0,0.0,0.0,0.0,1.0,1.0,2.0,16.0,9.0,2.0
000275,Mark Glicini,ARC,Archers,1,SSDM,Defensive Midfield,2022-09-11,2022-09-11,0.0,0.0,0.0,0.0,0.0,0.0,0.0,0,0.0,0.0,0.0,0.0,0.0,0.0,1.0,0.0,0.0,0,0,0,0.0,0.0,0.0,0.0,0.0,7.0,7.0,,,,,,,,,0.0,0.0,0.0,0.0,0.0,0.0,0.0,0.0,0.0,0.0,0.0,0.0,0.0,0.0,1.0,0.0,0.0,0.0,0.0,0.0,0.0,0.0,0.0,0.0,0.0,7.0,7.0,0.0
000275,Mark Glicini,OUT,Outlaws,1,SSDM,Defensive Midfield,2022-09-03,2022-09-03,0.0,0.0,0.0,0.0,0.0,0.0,0.0,0,0.0,0.0,0.0,0.0,0.0,0.0,1.0,0.0,0.0,0,0,0,0.0,0.0,1.0,0.5,0.0,5.0,5.0,,,,,,,,,0.0,0.0,0.0,0.0,0.0,0.0,0.0,0.0,0.0,0.0,0.0,0.0,0.0,0.0,1.0,0.0,0.0,0.0,0.0,0.0,0.0,0.0,1.0,0.5,0.0,5.0,5.0,0.0
000275,Mark Glicini,RED,Redwoods,2,SSDM,Defensive Midfield,2023-09-04,2025-08-24,0.0,0.0,0.0,0.0,0.0,0.0,1.0,1,1.0,0.0,0.0,0.0,0.0,0.0,3.0,1.0,0.0,0,2,2,0.0,0.0,1.0,1.0,1.0,15.0,13.0,0.0,1.0,0.0,,,,0.0,0.0,0.0,0.0,0.0,0.0,0.0,0.0,0.5,0.5,0.5,0.0,0.0,0.0,0.0,0.0,1.5,0.5,0.0,0.0,1.0,1.0,0.0,0.0,0.5,0.5,0.5,7.5,6.5,0.5
000275,Mark Glicini,WAT,Waterdogs,1,SSDM,Defensive Midfield,2022-09-18,2022-09-18,0.0,0.0,0.0,0.0,0.0,0.0,1.0,1,1.0,0.0,0.0,0.0,0.0,0.0,3.0,0.0,0.0,0,0,0,0.0,0.0,0.0,0.0,1.0,9.0,8.0,0.0,1.0,,,,,0.0,0.0,0.0,0.0,0.0,0.0,0.0,0.0,1.0,1.0,1.0,0.0,0.0,0.0,0.0,0.0,3.0,0.0,0.0,0.0,0.0,0.0,0.0,0.0,0.0,0.0,1.0,9.0,8.0,1.0
000276,Matt Rees,ARC,Archers,1,D,Defense,2022-09-11,2022-09-11,0.0,0.0,0.0,0.0,0.0,0.0,0.0,0,0.0,0.0,0.0,0.0,0.0,0.0,2.0,0.0,0.0,0,0,0,0.0,0.0,0.0,0.0,0.0,7.0,7.0,,,,,,,,,0.0,0.0,0.0,0.0,0.0,0.0,0.0,0.0,0.0,0.0,0.0,0.0,0.0,0.0,2.0,0.0,0.0,0.0,0.0,0.0,0.0,0.0,0.0,0.0,0.0,7.0,7.0,0.0
000276,Matt Rees,OUT,Outlaws,1,D,Defense,2022-09-03,2022-09-03,0.0,0.0,0.0,0.0,0.0,0.0,0.0,0,0.0,0.0,0.0,0.0,0.0,0.0,1.0,0.0,1.0,0,0,0,0.0,0.0,0.0,0.0,0.0,4.0,4.0,,,,,,,,,0.0,0.0,0.0,0.0,0.0,0.0,0.0,0.0,0.0,0.0,0.0,0.0,0.0,0.0,1.0,0.0,1.0,0.0,0.0,0.0,0.0,0.0,0.0,0.0,0.0,4.0,4.0,0.0
000276,Matt Rees,WAT,Waterdogs,1,D,Defense,2022-09-18,2022-09-18,3.0,3.0,1.0,1.0,2.0,0.0,2.0,2,1.0,0.0,0.0,0.0,0.0,0.0,2.0,1.0,2.0,0,0,0,0.0,0.0,0.0,0.0,1.0,10.0,7.0,1.0,1.0,,,,,0.0,1.0,3.0,3.0,1.0,1.0,2.0,0.0,2.0,2.0,1.0,0.0,0.0,0.0,0.0,0.0,2.0,1.0,2.0,0.0,0.0,0.0,0.0,0.0,0.0,0.0,1.0,10.0,7.0,1.0
000278,Myles Jones,ARC,Archers,1,M,Midfield,2022-09-03,2022-09-03,1.0,1.0,1.0,0.0,1.0,0.0,4.0,2,2.0,0.0,0.0,0.0,0.0,0.0,3.0,2.0,0.0,0,0,0,0.0,0.0,0.0,0.0,2.0,17.0,11.0,0.25,0.5,,,,,0.0,0.0,1.0,1.0,1.0,0.0,1.0,0.0,4.0,2.0,2.0,0.0,0.0,0.0,0.0,0.0,3.0,2.0,0.0,0.0,0.0,0.0,0.0,0.0,0.0,0.0,2.0,17.0,11.0,2.0
000278,Myles Jones,CAN,Cannons,1,M,Midfield,2023-09-04,2023-09-04,2.0,1.0,1.0,0.0,1.0,1.0,7.0,2,2.0,0.0,0.0,0.0,0.0,0.0,0.0,2.0,0.0,0,0,0,0.0,0.0,0.0,0.0,2.0,18.0,9.0,0.14285714285714285,0.2857142857142857,,,,,0.5,0.0,2.0,1.0,1.0,0.0,1.0,1.0,7.0,2.0,2.0,0.0,0.0,0.0,0.0,0.0,0.0,2.0,0.0,0.0,0.0,0.0,0.0,0.0,0.0,0.0,2.0,18.0,9.0,2.0
000278,Myles Jones,WHP,Whipsnakes,1,M,Midfield,2024-09-07,2024-09-07,1.0,1.0,1.0,0.0,1.0,0.0,3.0,2,0.0,0.0,0.0,0.0,0.0,0.0,0.0,0.0,0.0,0,0,0,0.0,0.0,0.0,0.0,3.0,12.0,9.0,0.3333333333333333,0.6666666666666666,,,,,0.0,,1.0,1.0,1.0,0.0,1.0,0.0,3.0,2.0,0.0,0.0,0.0,0.0,0.0,0.0,0.0,0.0,0.0,0.0,0.0,0.0,0.0,0.0,0.0,0.0,3.0,12.0,9.0,3.0
000279,Patrick Resch,ARC,Archers,2,SSDM,Defensive Midfield,2022-09-11,2024-09-07,0.0,0.0,0.0,0.0,0.0,0.0,0.0,0,0.0,0.0,0.0,0.0,0.0,0.0,2.0,0.0,0.0,0,0,0,0.0,0.0,0.0,0.0,0.0,15.0,15.0,,,,,,,,,0.0,0.0,0.0,0.0,0.0,0.0,0.0,0.0,0.0,0.0,0.0,0.0,0.0,0.0,1.0,0.0,0.0,0.0,0.0,0.0,0.0,0.0,0.0,0.0,0.0,7.5,7.5,0.0
000279,Patrick Resch,CAN,Cannons,1,SSDM,Defensive Midfield,2024-09-02,2024-09-02,0.0,0.0,0.0,0.0,0.0,0.0,0.0,0,0.0,0.0,0.0,0.0,0.0,0.0,1.0,0.0,1.0,0,0,0,0.0,0.0,0.0,0.0,1.0,10.0,10.0,,,,,,,0.0,,0.0,0.0,0.0,0.0,0.0,0.0,0.0,0.0,0.0,0.0,0.0,0.0,0.0,0.0,1.0,0.0,1.0,0.0,0.0,0.0,0.0,0.0,0.0,0.0,1.0,10.0,10.0,1.0
000279,Patrick Resch,OUT,Outlaws,1,SSDM,Defensive Midfield,2022-09-03,2022-09-03,0.0,0.0,0.0,0.0,0.0,0.0,0.0,0,0.0,0.0,0.0,0.0,0.0,0.0,1.0,0.0,0.0,0,0,0,0.0,0.0,0.0,0.0,1.0,9.0,9.0,,,,,,,0.0,,0.0,0.0,0.0,0.0,0.0,0.0,0.0,0.0,0.0,0.0,0.0,0.0,0.0,0.0,1.0,0.0,0.0,0.0,0.0,0.0,0.0,0.0,0.0,0.0,1.0,9.0,9.0,1.0
000279,Patrick Resch,RED,Redwoods,1,SSDM,Defensive Midfield,2023-09-04,2023-09-04,0.0,0.0,0.0,0.0,0.0,0.0,0.0,0,0.0,0.0,0.0,0.0,0.0,0.0,2.0,1.0,0.0,0,0,0,0.0,0.0,0.0,0.0,0.0,7.0,6.0,,,,,,,,,0.0,0.0,0.0,0.0,0.0,0.0,0.0,0.0,0.0,0.0,0.0,0.0,0.0,0.0,2.0,1.0,0.0,0.0,0.0,0.0,0.0,0.0,0.0,0.0,0.0,7.0,6.0,0.0
000279,Patrick Resch,WAT,Waterdogs,1,SSDM,Defensive Midfield,2022-09-18,2022-09-18,0.0,0.0,0.0,0.0,0.0,0.0,0.0,0,0.0,0.0,0.0,0.0,0.0,0.0,2.0,0.0,0.0,0,0,0,0.0,0.0,0.0,0.0,1.0,9.0,9.0,,,,,,,0.0,,0.0,0.0,0.0,0.0,0.0,0.0,0.0,0.0,0.0,0.0,0.0,0.0,0.0,0.0,2.0,0.0,0.0,0.0,0.0,0.0,0.0,0.0,0.0,0.0,1.0,9.0,9.0,1.0
000281,Troy Reh,ARC,Archers,2,LSM,Long Stick Midfield,2022-09-11,2024-09-07,0.0,0.0,0.0,0.0,0.0,0.0,0.0,0,0.0,0.0,0.0,0.0,0.0,0.0,4.0,0.0,1.0,0,0,0,0.0,0.0,0.0,0.0,0.0,10.0,10.0,,,,,,,,,0.0,0.0,0.0,0.0,0.0,0.0,0.0,0.0,0.0,0.0,0.0,0.0,0.0,0.0,2.0,0.0,0.5,0.0,0.0,0.0,0.0,0.0,0.0,0.0,0.0,5.0,5.0,0.0
000281,Troy Reh,CAN,Cannons,1,LSM,Long Stick Midfield,2024-09-02,2024-09-02,0.0,0.0,0.0,0.0,0.0,0.0,0.0,0,0.0,0.0,0.0,0.0,0.0,0.0,9.0,0.0,2.0,0,0,0,0.0,0.0,0.0,0.0,0.0,11.0,11.0,,,,,,,,,0.0,0.0,0.0,0.0,0.0,0.0,0.0,0.0,0.0,0.0,0.0,0.0,0.0,0.0,9.0,0.0,2.0,0.0,0.0,0.0,0.0,0.0,0.0,0.0,0.0,11.0,11.0,0.0
000281,Troy Reh,OUT,Outlaws,1,LSM,Long Stick Midfield,2022-09-03,2022-09-03,0.0,0.0,0.0,0.0,0.0,0.0,1.0,1,0.0,0.0,0.0,0.0,0.0,0.0,3.0,0.0,1.0,0,0,0,0.0,0.0,0.0,0.0,0.0,6.0,5.0,0.0,1.0,,,,,,,0.0,0.0,0.0,0.0,0.0,0.0,1.0,1.0,0.0,0.0,0.0,0.0,0.0,0.0,3.0,0.0,1.0,0.0,0.0,0.0,0.0,0.0,0.0,0.0,0.0,6.0,5.0,0.0
000281,Troy Reh,RED,Redwoods,2,LSM,Long Stick Midfield,2023-09-04,2025-08-24,0.0,0.0,0.0,0.0,0.0,0.0,0.0,0,0.0,0.0,0.0,0.0,0.0,0.0,6.0,1.0,1.0,0,0,0,0.0,0.0,0.0,0.0,0.0,21.0,20.0,,,,,,,,,0.0,0.0,0.0,0.0,0.0,0.0,0.0,0.0,0.0,0.0,0.0,0.0,0.0,0.0,3.0,0.5,0.5,0.0,0.0,0.0,0.0,0.0,0.0,0.0,0.0,10.5,10.0,0.0
000281,Troy Reh,WAT,Waterdogs,1,LSM,Long Stick Midfield,2022-09-18,2022-09-18,0.0,0.0,0.0,0.0,0.0,0.0,0.0,0,0.0,0.0,0.0,0.0,0.0,0.0,2.0,0.0,0.0,0,0,0,0.0,0.0,0.0,0.0,2.0,6.0,6.0,,,,,,,0.0,,0.0,0.0,0.0,0.0,0.0,0.0,0.0,0.0,0.0,0.0,0.0,0.0,0.0,0.0,2.0,0.0,0.0,0.0,0.0,0.0,0.0,0.0,0.0,0.0,2.0,6.0,6.0,2.0
000295,Jordan MacIntosh,CHA,Chaos,1,M,Midfield,2022-09-03,2022-09-03,0.0,0.0,0.0,0.0,0.0,0.0,2.0,1,0.0,0.0,0.0,0.0,0.0,0.0,0.0,1.0,0.0,0,0,0,0.0,0.0,0.0,0.0,2.0,12.0,9.0,0.0,0.5,,,,,0.0,,0.0,0.0,0.0,0.0,0.0,0.0,2.0,1.0,0.0,0.0,0.0,0.0,0.0,0.0,0.0,1.0,0.0,0.0,0.0,0.0,0.0,0.0,0.0,0.0,2.0,12.0,9.0,2.0
000302,Michael Manley,ATL,Atlas,1,D,Defense,2025-09-14,2025-09-14,0.0,0.0,0.0,0.0,0.0,0.0,2.0,2,2.0,0.0,0.0,0.0,0.0,0.0,0.0,0.0,1.0,0,0,0,0.0,0.0,0.0,0.0,0.0,5.0,3.0,0.0,1.0,,,,,,0.0,0.0,0.0,0.0,0.0,0.0,0.0,2.0,2.0,2.0,0.0,0.0,0.0,0.0,0.0,0.0,0.0,1.0,0.0,0.0,0.0,0.0,0.0,0.0,0.0,0.0,5.0,3.0,0.0
000302,Michael Manley,CHA,Chaos,1,D,Defense,2022-09-03,2022-09-03,0.0,0.0,0.0,0.0,0.0,0.0,2.0,1,1.0,0.0,0.0,0.0,0.0,0.0,1.0,0.0,0.0,0,0,0,0.0,0.0,0.0,0.0,1.0,11.0,9.0,0.0,0.5,,,,,0.0,0.0,0.0,0.0,0.0,0.0,0.0,0.0,2.0,1.0,1.0,0.0,0.0,0.0,0.0,0.0,1.0,0.0,0.0,0.0,0.0,0.0,0.0,0.0,0.0,0.0,1.0,11.0,9.0,1.0
000302,Michael Manley,RED,Redwoods,2,D,Defense,2025-09-01,2026-08-29,0.0,0.0,0.0,0.0,0.0,0.0,2.0,1,1.0,0.0,0.0,0.0,0.0,0.0,1.0,0.0,2.0,0,0,0,0.0,0.0,0.0,0.0,0.0,16.0,14.0,0.0,0.5,,,,,,0.0,0.0,0.0,0.0,0.0,0.0,0.0,1.0,0.5,0.5,0.0,0.0,0.0,0.0,0.0,0.5,0.0,1.0,0.0,0.0,0.0,0.0,0.0,0.0,0.0,0.0,8.0,7.0,0.0
000302,Michael Manley,WHP,Whipsnakes,1,D,Defense,2024-09-02,2024-09-02,0.0,0.0,0.0,0.0,0.0,0.0,1.0,0,0.0,0.0,0.0,0.0,0.0,0.0,4.0,0.0,0.0,0,0,0,0.0,0.0,0.0,0.0,0.0,7.0,6.0,0.0,0.0,,,,,,,0.0,0.0,0.0,0.0,0.0,0.0,1.0,0.0,0.0,0.0,0.0,0.0,0.0,0.0,4.0,0.0,0.0,0.0,0.0,0.0,0.0,0.0,0.0,0.0,0.0,7.0,6.0,0.0
000305,Romar Dennis,ARC,Archers,1,M,Midfield,2023-09-10,2023-09-10,1.0,1.0,1.0,0.0,1.0,0.0,5.0,2,0.0,0.0,0.0,0.0,0.0,0.0,1.0,1.0,0.0,0,0,0,0.0,0.0,0.0,0.0,0.0,19.0,13.0,0.2,0.4,,,,,,,1.0,1.0,1.0,0.0,1.0,0.0,5.0,2.0,0.0,0.0,0.0,0.0,0.0,0.0,1.0,1.0,0.0,0.0,0.0,0.0,0.0,0.0,0.0,0.0,0.0,19.0,13.0,0.0
000305,Romar Dennis,CHA,Chaos,2,M,Midfield,2023-09-04,2025-08-24,5.0,3.0,1.0,1.0,2.0,2.0,7.0,5,3.0,0.0,0.0,0.0,0.0,0.0,1.0,0.0,0.0,0,0,0,0.0,0.0,0.0,0.0,4.0,35.0,28.0,0.2857142857142857,0.7142857142857143,,,,,0.5,0.3333333333333333,2.5,1.5,0.5,0.5,1.0,1.0,3.5,2.5,1.5,0.0,0.0,0.0,0.0,0.0,0.5,0.0,0.0,0.0,0.0,0.0,0.0,0.0,0.0,0.0,2.0,17.5,14.0,2.0
000305,Romar Dennis,OUT,Outlaws,1,M,Midfield,2025-09-01,2025-09-01,0.0,0.0,0.0,0.0,0.0,0.0,6.0,3,2.0,0.0,0.0,0.0,0.0,0.0,0.0,0.0,0.0,0,0,0,0.0,0.0,0.0,0.0,0.0,11.0,5.0,0.0,0.5,,,,,,0.0,0.0,0.0,0.0,0.0,0.0,0.0,6.0,3.0,2.0,0.0,0.0,0.0,0.0,0.0,0.0,0.0,0.0,0.0,0.0,0.0,0.0,0.0,0.0,0.0,0.0,11.0,5.0,0.0
000305,Romar Dennis,WAT,Waterdogs,1,M,Midfield,2022-09-03,2022-09-03,2.0,2.0,0.0,1.0,1.0,0.0,4.0,2,4.0,0.0,0.0,0.0,0.0,0.0,1.0,1.0,0.0,0,0,0,0.0,0.0,0.0,0.0,2.0,14.0,9.0,0.25,0.5,,,,,0.0,0.25,2.0,2.0,0.0,1.0,1.0,0.0,4.0,2.0,4.0,0.0,0.0,0.0,0.0,0.0,1.0,1.0,0.0,0.0,0.0,0.0,0.0,0.0,0.0,0.0,2.0,14.0,9.0,2.0
000308,Will Haus,CHA,Chaos,1,SSDM,Defensive Midfield,2022-09-03,2022-09-03,0.0,0.0,0.0,0.0,0.0,0.0,0.0,0,0.0,0.0,0.0,0.0,0.0,0.0,2.0,0.0,1.0,0,0,0,0.0,0.0,0.0,0.0,2.0,11.0,11.0,,,,,,,0.0,,0.0,0.0,0.0,0.0,0.0,0.0,0.0,0.0,0.0,0.0,0.0,0.0,0.0,0.0,2.0,0.0,1.0,0.0,0.0,0.0,0.0,0.0,0.0,0.0,2.0,11.0,11.0,2.0
000308,Will Haus,WHP,Whipsnakes,1,SSDM,Defensive Midfield,2024-09-02,2024-09-02,0.0,0.0,0.0,0.0,0.0,0.0,1.0,1,0.0,0.0,0.0,0.0,0.0,0.0,0.0,1.0,0.0,0,0,0,0.0,0.0,0.0,0.0,0.0,7.0,5.0,0.0,1.0,,,,,,,0.0,0.0,0.0,0.0,0.0,0.0,1.0,1.0,0.0,0.0,0.0,0.0,0.0,0.0,0.0,1.0,0.0,0.0,0.0,0.0,0.0,0.0,0.0,0.0,0.0,7.0,5.0,0.0
000314,Eddy Glazener,ARC,Archers,1,D,Defense,2023-09-10,2023-09-10,0.0,0.0,0.0,0.0,0.0,0.0,3.0,1,3.0,0.0,0.0,0.0,0.0,0.0,2.0,0.0,1.0,0,0,0,0.0,0.0,0.0,0.0,0.0,13.0,10.0,0.0,0.3333333333333333,,,,,,0.0,0.0,0.0,0.0,0.0,0.0,0.0,3.0,1.0,3.0,0.0,0.0,0.0,0.0,0.0,2.0,0.0,1.0,0.0,0.0,0.0,0.0,0.0,0.0,0.0,0.0,13.0,10.0,0.0
000314,Eddy Glazener,CHA,Chaos,1,D,Defense,2023-09-04,2023-09-04,0.0,0.0,0.0,0.0,0.0,0.0,0.0,0,0.0,0.0,0.0,0.0,0.0,0.0,3.0,0.0,0.0,0,0,0,0.0,0.0,1.0,0.5,0.0,9.0,9.0,,,,,,,,,0.0,0.0,0.0,0.0,0.0,0.0,0.0,0.0,0.0,0.0,0.0,0.0,0.0,0.0,3.0,0.0,0.0,0.0,0.0,0.0,0.0,0.0,1.0,0.5,0.0,9.0,9.0,0.0
000315,Garrett Epple,ARC,Archers,2,D,Defense,2022-09-03,2023-09-10,0.0,0.0,0.0,0.0,0.0,0.0,0.0,0,0.0,0.0,0.0,0.0,0.0,0.0,0.0,2.0,1.0,0,0,0,0.0,0.0,0.0,0.0,0.0,17.0,15.0,,,,,,,,,0.0,0.0,0.0,0.0,0.0,0.0,0.0,0.0,0.0,0.0,0.0,0.0,0.0,0.0,0.0,1.0,0.5,0.0,0.0,0.0,0.0,0.0,0.0,0.0,0.0,8.5,7.5,0.0
000315,Garrett Epple,CHA,Chaos,2,D,Defense,2023-09-04,2024-09-02,0.0,0.0,0.0,0.0,0.0,0.0,1.0,0,1.0,0.0,0.0,0.0,0.0,0.0,5.0,0.0,2.0,0,0,0,0.0,0.0,1.0,0.5,0.0,15.0,14.0,0.0,0.0,,,,,,0.0,0.0,0.0,0.0,0.0,0.0,0.0,0.5,0.0,0.5,0.0,0.0,0.0,0.0,0.0,2.5,0.0,1.0,0.0,0.0,0.0,0.0,0.0,0.5,0.25,0.0,7.5,7.0,0.0
000318,Jack Kelly,ARC,Archers,2,G,Goalie,2022-09-03,2023-09-10,0.0,0.0,0.0,0.0,0.0,0.0,0.0,0,0.0,16.0,8.0,8.0,22.0,28.781114961689866,3.0,1.0,0.0,0,0,0,21.0,1.0,0.0,0.0,0.0,30.0,29.0,,,,0.43243243243243246,50.0,0.21621621621621623,,,0.0,0.0,0.0,0.0,0.0,0.0,0.0,0.0,0.0,8.0,4.0,4.0,11.0,14.390557480844933,1.5,0.5,0.0,0.0,0.0,0.0,10.5,0.5,0.0,0.0,0.0,15.0,14.5,0.0
000318,Jack Kelly,CHA,Chaos,1,G,Goalie,2023-09-04,2023-09-04,0.0,0.0,0.0,0.0,0.0,0.0,0.0,0,0.0,20.0,6.0,14.0,8.0,8.347826086956522,0.0,0.0,0.0,0,0,0,8.0,0.0,0.0,0.0,0.0,19.0,19.0,,,,0.7142857142857143,30.0,0.21428571428571427,,,0.0,0.0,0.0,0.0,0.0,0.0,0.0,0.0,0.0,20.0,6.0,14.0,8.0,8.347826086956522,0.0,0.0,0.0,0.0,0.0,0.0,8.0,0.0,0.0,0.0,0.0,19.0,19.0,0.0
000319,Jack Near,ARC,Archers,1,SSDM,Defensive Midfield,2022-09-03,2022-09-03,0.0,0.0,0.0,0.0,0.0,0.0,0.0,0,0.0,0.0,0.0,0.0,0.0,0.0,2.0,0.0,0.0,0,0,0,0.0,0.0,0.0,0.0,0.0,6.0,6.0,,,,,,,,,0.0,0.0,0.0,0.0,0.0,0.0,0.0,0.0,0.0,0.0,0.0,0.0,0.0,0.0,2.0,0.0,0.0,0.0,0.0,0.0,0.0,0.0,0.0,0.0,0.0,6.0,6.0,0.0
000322,John Sexton,ARC,Archers,2,LSM,Long Stick Midfield,2022-09-03,2023-09-10,0.0,0.0,0.0,0.0,0.0,0.0,1.0,0,0.0,0.0,0.0,0.0,0.0,0.0,3.0,2.0,0.0,0,0,0,0.0,0.0,0.0,0.0,3.0,7.0,4.0,0.0,0.0,,,,,0.0,,0.0,0.0,0.0,0.0,0.0,0.0,0.5,0.0,0.0,0.0,0.0,0.0,0.0,0.0,1.5,1.0,0.0,0.0,0.0,0.0,0.0,0.0,0.0,0.0,1.5,3.5,2.0,1.5
000322,John Sexton,CHA,Chaos,1,LSM,Long Stick Midfield,2023-09-04,2023-09-04,0.0,0.0,0.0,0.0,0.0,0.0,0.0,0,0.0,0.0,0.0,0.0,0.0,0.0,1.0,1.0,0.0,1,4,5,0.0,0.0,0.0,0.0,0.0,3.0,2.0,,,0.2,,,,,,0.0,0.0,0.0,0.0,0.0,0.0,0.0,0.0,0.0,0.0,0.0,0.0,0.0,0.0,1.0,1.0,0.0,1.0,4.0,5.0,0.0,0.0,0.0,0.0,0.0,3.0,2.0,0.0
000327,Matt Kavanagh,ARC,Archers,1,A,Attack,2022-09-03,2022-09-03,0.0,0.0,0.0,0.0,0.0,0.0,5.0,3,0.0,0.0,0.0,0.0,0.0,0.0,3.0,2.0,0.0,0,0,0,0.0,0.0,0.0,0.0,2.0,21.0,14.0,0.0,0.6,,,,,0.0,,0.0,0.0,0.0,0.0,0.0,0.0,5.0,3.0,0.0,0.0,0.0,0.0,0.0,0.0,3.0,2.0,0.0,0.0,0.0,0.0,0.0,0.0,0.0,0.0,2.0,21.0,14.0,2.0
000327,Matt Kavanagh,ATL,Atlas,1,A,Attack,2023-09-04,2023-09-04,4.0,3.0,3.0,0.0,3.0,1.0,6.0,6,0.0,0.0,0.0,0.0,0.0,0.0,5.0,3.0,0.0,0,0,0,0.0,0.0,0.0,0.0,2.0,26.0,17.0,0.5,1.0,,,,,0.5,,4.0,3.0,3.0,0.0,3.0,1.0,6.0,6.0,0.0,0.0,0.0,0.0,0.0,0.0,5.0,3.0,0.0,0.0,0.0,0.0,0.0,0.0,0.0,0.0,2.0,26.0,17.0,2.0
000327,Matt Kavanagh,WAT,Waterdogs,1,A,Attack,2023-09-10,2023-09-10,1.0,1.0,1.0,0.0,1.0,0.0,7.0,4,1.0,0.0,0.0,0.0,0.0,0.0,4.0,2.0,0.0,0,0,0,0.0,0.0,0.0,0.0,1.0,28.0,19.0,0.14285714285714285,0.5714285714285714,,,,,0.0,0.0,1.0,1.0,1.0,0.0,1.0,0.0,7.0,4.0,1.0,0.0,0.0,0.0,0.0,0.0,4.0,2.0,0.0,0.0,0.0,0.0,0.0,0.0,0.0,0.0,1.0,28.0,19.0,1.0
000333,Sergio Perkovic,ARC,Archers,2,M,Midfield,2022-09-03,2024-09-07,0.0,0.0,0.0,0.0,0.0,0.0,3.0,2,3.0,0.0,0.0,0.0,0.0,0.0,0.0,0.0,0.0,0,0,0,0.0,0.0,2.0,2.0,2.0,19.0,16.0,0.0,0.6666666666666666,,,,,0.0,0.0,0.0,0.0,0.0,0.0,0.0,0.0,1.5,1.0,1.5,0.0,0.0,0.0,0.0,0.0,0.0,0.0,0.0,0.0,0.0,0.0,0.0,0.0,1.0,1.0,1.0,9.5,8.0,1.0
000333,Sergio Perkovic,CAN,Cannons,1,M,Midfield,2024-09-02,2024-09-02,0.0,0.0,0.0,0.0,0.0,0.0,2.0,0,0.0,0.0,0.0,0.0,0.0,0.0,0.0,0.0,0.0,0,0,0,0.0,0.0,0.0,0.0,0.0,21.0,19.0,0.0,0.0,,,,,,,0.0,0.0,0.0,0.0,0.0,0.0,2.0,0.0,0.0,0.0,0.0,0.0,0.0,0.0,0.0,0.0,0.0,0.0,0.0,0.0,0.0,0.0,0.0,0.0,0.0,21.0,19.0,0.0
000333,Sergio Perkovic,RED,Redwoods,1,M,Midfield,2025-08-24,2025-08-24,2.0,2.0,2.0,0.0,2.0,0.0,2.0,2,0.0,0.0,0.0,0.0,0.0,0.0,1.0,0.0,0.0,0,0,0,0.0,0.0,0.0,0.0,1.0,8.0,6.0,1.0,1.0,,,,,0.0,,2.0,2.0,2.0,0.0,2.0,0.0,2.0,2.0,0.0,0.0,0.0,0.0,0.0,0.0,1.0,0.0,0.0,0.0,0.0,0.0,0.0,0.0,0.0,0.0,1.0,8.0,6.0,1.0
000337,Bryce Young,CHA,Chaos,1,D,Defense,2024-09-02,2024-09-02,0.0,0.0,0.0,0.0,0.0,0.0,0.0,0,0.0,0.0,0.0,0.0,0.0,0.0,1.0,0.0,3.0,0,0,0,0.0,0.0,0.0,0.0,0.0,11.0,11.0,,,,,,,,,0.0,0.0,0.0,0.0,0.0,0.0,0.0,0.0,0.0,0.0,0.0,0.0,0.0,0.0,1.0,0.0,3.0,0.0,0.0,0.0,0.0,0.0,0.0,0.0,0.0,11.0,11.0,0.0
000337,Bryce Young,WAT,Waterdogs,2,D,Defense,2022-09-11,2023-09-04,0.0,0.0,0.0,0.0,0.0,0.0,0.0,0,0.0,0.0,0.0,0.0,0.0,0.0,4.0,0.0,6.0,0,0,0,0.0,0.0,1.0,0.5,0.0,11.0,11.0,,,,,,,,,0.0,0.0,0.0,0.0,0.0,0.0,0.0,0.0,0.0,0.0,0.0,0.0,0.0,0.0,2.0,0.0,3.0,0.0,0.0,0.0,0.0,0.0,0.5,0.25,0.0,5.5,5.5,0.0
000339,Connor Kelly,ARC,Archers,1,M,Midfield,2023-09-24,2023-09-24,3.0,2.0,2.0,0.0,2.0,1.0,9.0,6,1.0,0.0,0.0,0.0,0.0,0.0,3.0,0.0,0.0,0,0,0,0.0,0.0,0.0,0.0,2.0,30.0,21.0,0.2222222222222222,0.6666666666666666,,,,,0.5,0.0,3.0,2.0,2.0,0.0,2.0,1.0,9.0,6.0,1.0,0.0,0.0,0.0,0.0,0.0,3.0,0.0,0.0,0.0,0.0,0.0,0.0,0.0,0.0,0.0,2.0,30.0,21.0,2.0
000339,Connor Kelly,ATL,Atlas,2,M,Midfield,2022-09-03,2025-09-01,1.0,0.0,0.0,0.0,0.0,1.0,7.0,5,2.0,0.0,0.0,0.0,0.0,0.0,2.0,0.0,0.0,0,0,0,0.0,0.0,0.0,0.0,5.0,39.0,32.0,0.0,0.7142857142857143,,,,,0.2,0.0,0.5,0.0,0.0,0.0,0.0,0.5,3.5,2.5,1.0,0.0,0.0,0.0,0.0,0.0,1.0,0.0,0.0,0.0,0.0,0.0,0.0,0.0,0.0,0.0,2.5,19.5,16.0,2.5
000339,Connor Kelly,CAN,Cannons,1,M,Midfield,2023-09-10,2023-09-10,5.0,5.0,3.0,1.0,4.0,0.0,5.0,4,1.0,0.0,0.0,0.0,0.0,0.0,0.0,1.0,0.0,0,0,0,0.0,0.0,0.0,0.0,0.0,21.0,15.0,0.8,0.8,,,,,,1.0,5.0,5.0,3.0,1.0,4.0,0.0,5.0,4.0,1.0,0.0,0.0,0.0,0.0,0.0,0.0,1.0,0.0,0.0,0.0,0.0,0.0,0.0,0.0,0.0,0.0,21.0,15.0,0.0
000339,Connor Kelly,CHA,Chaos,1,M,Midfield,2022-09-18,2022-09-18,2.0,2.0,2.0,0.0,2.0,0.0,6.0,3,2.0,0.0,0.0,0.0,0.0,0.0,1.0,0.0,0.0,0,0,0,0.0,0.0,0.0,0.0,2.0,27.0,21.0,0.3333333333333333,0.5,,,,,0.0,0.0,2.0,2.0,2.0,0.0,2.0,0.0,6.0,3.0,2.0,0.0,0.0,0.0,0.0,0.0,1.0,0.0,0.0,0.0,0.0,0.0,0.0,0.0,0.0,0.0,2.0,27.0,21.0,2.0
000339,Connor Kelly,WHP,Whipsnakes,3,M,Midfield,2022-09-11,2025-08-23,3.0,1.0,1.0,0.0,1.0,2.0,12.0,7,1.0,0.0,0.0,0.0,0.0,0.0,3.0,4.0,0.0,0,0,0,0.0,0.0,1.0,0.5,4.0,78.0,62.0,0.08333333333333333,0.5833333333333334,,,,,0.5,0.0,1.0,0.3333333333333333,0.3333333333333333,0.0,0.3333333333333333,0.6666666666666666,4.0,2.3333333333333335,0.3333333333333333,0.0,0.0,0.0,0.0,0.0,1.0,1.3333333333333333,0.0,0.0,0.0,0.0,0.0,0.0,0.3333333333333333,0.16666666666666666,1.3333333333333333,26.0,20.666666666666668,1.3333333333333333
000345,Jake Bernhardt,ARC,Archers,1,SSDM,Defensive Midfield,2024-09-15,2024-09-15,0.0,0.0,0.0,0.0,0.0,0.0,1.0,0,0.0,0.0,0.0,0.0,0.0,0.0,1.0,0.0,1.0,1,0,1,0.0,0.0,0.0,0.0,0.0,10.0,9.0,0.0,0.0,1.0,,,,,,0.0,0.0,0.0,0.0,0.0,0.0,1.0,0.0,0.0,0.0,0.0,0.0,0.0,0.0,1.0,0.0,1.0,1.0,0.0,1.0,0.0,0.0,0.0,0.0,0.0,10.0,9.0,0.0
000345,Jake Bernhardt,ATL,Atlas,1,SSDM,Defensive Midfield,2024-09-07,2024-09-07,0.0,0.0,0.0,0.0,0.0,0.0,2.0,1,0.0,0.0,0.0,0.0,0.0,0.0,1.0,0.0,1.0,1,0,1,0.0,0.0,0.0,0.0,0.0,8.0,6.0,0.0,0.5,1.0,,,,,,0.0,0.0,0.0,0.0,0.0,0.0,2.0,1.0,0.0,0.0,0.0,0.0,0.0,0.0,1.0,0.0,1.0,1.0,0.0,1.0,0.0,0.0,0.0,0.0,0.0,8.0,6.0,0.0
000345,Jake Bernhardt,OUT,Outlaws,1,SSDM,Defensive Midfield,2024-09-02,2024-09-02,2.0,2.0,0.0,1.0,1.0,0.0,1.0,1,1.0,0.0,0.0,0.0,0.0,0.0,0.0,0.0,1.0,0,1,1,0.0,0.0,0.0,0.0,0.0,5.0,4.0,1.0,1.0,0.0,,,,,1.0,2.0,2.0,0.0,1.0,1.0,0.0,1.0,1.0,1.0,0.0,0.0,0.0,0.0,0.0,0.0,0.0,1.0,0.0,1.0,1.0,0.0,0.0,0.0,0.0,0.0,5.0,4.0,0.0
000345,Jake Bernhardt,WAT,Waterdogs,3,SSDM,Defensive Midfield,2022-09-11,2025-08-23,2.0,2.0,2.0,0.0,2.0,0.0,5.0,3,0.0,0.0,0.0,0.0,0.0,0.0,2.0,0.0,4.0,1,0,1,0.0,0.0,0.0,0.0,0.0,20.0,15.0,0.4,0.6,1.0,,,,,,0.6666666666666666,0.6666666666666666,0.6666666666666666,0.0,0.6666666666666666,0.0,1.6666666666666667,1.0,0.0,0.0,0.0,0.0,0.0,0.0,0.6666666666666666,0.0,1.3333333333333333,0.3333333333333333,0.0,0.3333333333333333,0.0,0.0,0.0,0.0,0.0,6.666666666666667,5.0,0.0
000346,Jay Carlson,WAT,Waterdogs,1,A,Attack,2022-09-11,2022-09-11,1.0,1.0,1.0,0.0,1.0,0.0,4.0,4,0.0,0.0,0.0,0.0,0.0,0.0,1.0,0.0,0.0,0,0,0,0.0,0.0,1.0,0.5,2.0,13.0,9.0,0.25,1.0,,,,,0.0,,1.0,1.0,1.0,0.0,1.0,0.0,4.0,4.0,0.0,0.0,0.0,0.0,0.0,0.0,1.0,0.0,0.0,0.0,0.0,0.0,0.0,0.0,1.0,0.5,2.0,13.0,9.0,2.0
000350,Joseph Nardella,ARC,Archers,1,FO,Faceoff,2024-09-15,2024-09-15,1.0,0.0,0.0,0.0,0.0,1.0,2.0,1,0.0,0.0,0.0,0.0,0.0,0.0,9.0,1.0,0.0,14,7,22,0.0,0.0,1.0,0.5,2.0,11.0,8.0,0.0,0.5,0.6363636363636364,,,,0.5,,1.0,0.0,0.0,0.0,0.0,1.0,2.0,1.0,0.0,0.0,0.0,0.0,0.0,0.0,9.0,1.0,0.0,14.0,7.0,22.0,0.0,0.0,1.0,0.5,2.0,11.0,8.0,2.0
000350,Joseph Nardella,ATL,Atlas,1,FO,Faceoff,2024-09-07,2024-09-07,0.0,0.0,0.0,0.0,0.0,0.0,1.0,0,0.0,0.0,0.0,0.0,0.0,0.0,5.0,1.0,0.0,11,12,24,0.0,0.0,0.0,0.0,0.0,7.0,5.0,0.0,0.0,0.4583333333333333,,,,,,0.0,0.0,0.0,0.0,0.0,0.0,1.0,0.0,0.0,0.0,0.0,0.0,0.0,0.0,5.0,1.0,0.0,11.0,12.0,24.0,0.0,0.0,0.0,0.0,0.0,7.0,5.0,0.0
000350,Joseph Nardella,OUT,Outlaws,1,FO,Faceoff,2024-09-02,2024-09-02,0.0,0.0,0.0,0.0,0.0,0.0,0.0,0,0.0,0.0,0.0,0.0,0.0,0.0,5.0,0.0,1.0,12,9,22,0.0,0.0,0.0,0.0,0.0,5.0,5.0,,,0.5454545454545454,,,,,,0.0,0.0,0.0,0.0,0.0,0.0,0.0,0.0,0.0,0.0,0.0,0.0,0.0,0.0,5.0,0.0,1.0,12.0,9.0,22.0,0.0,0.0,0.0,0.0,0.0,5.0,5.0,0.0
000350,Joseph Nardella,WAT,Waterdogs,2,FO,Faceoff,2022-09-11,2025-08-23,1.0,1.0,1.0,0.0,1.0,0.0,1.0,1,0.0,0.0,0.0,0.0,0.0,0.0,5.0,4.0,1.0,28,23,51,0.0,0.0,0.0,0.0,0.0,13.0,8.0,1.0,1.0,0.5490196078431373,,,,,,0.5,0.5,0.5,0.0,0.5,0.0,0.5,0.5,0.0,0.0,0.0,0.0,0.0,0.0,2.5,2.0,0.5,14.0,11.5,25.5,0.0,0.0,0.0,0.0,0.0,6.5,4.0,0.0
000351,Jules Heningburg,ARC,Archers,3,M,Midfield,2022-09-03,2024-09-07,2.0,0.0,0.0,0.0,0.0,2.0,11.0,5,0.0,0.0,0.0,0.0,0.0,0.0,0.0,2.0,0.0,0,0,0,0.0,0.0,0.0,0.0,5.0,40.0,27.0,0.0,0.45454545454545453,,,,,0.4,,0.6666666666666666,0.0,0.0,0.0,0.0,0.6666666666666666,3.6666666666666665,1.6666666666666667,0.0,0.0,0.0,0.0,0.0,0.0,0.0,0.6666666666666666,0.0,0.0,0.0,0.0,0.0,0.0,0.0,0.0,1.6666666666666667,13.333333333333334,9.0,1.6666666666666667
000351,Jules Heningburg,CAN,Cannons,1,A,Attack,2024-09-02,2024-09-02,2.0,1.0,1.0,0.0,1.0,1.0,3.0,2,0.0,0.0,0.0,0.0,0.0,0.0,0.0,1.0,1.0,0,0,0,0.0,0.0,0.0,0.0,2.0,21.0,17.0,0.3333333333333333,0.6666666666666666,,,,,0.5,,2.0,1.0,1.0,0.0,1.0,1.0,3.0,2.0,0.0,0.0,0.0,0.0,0.0,0.0,0.0,1.0,1.0,0.0,0.0,0.0,0.0,0.0,0.0,0.0,2.0,21.0,17.0,2.0
000351,Jules Heningburg,CHA,Chaos,1,M,Midfield,2023-09-04,2023-09-04,3.0,2.0,2.0,0.0,2.0,1.0,4.0,3,0.0,0.0,0.0,0.0,0.0,0.0,0.0,1.0,0.0,0,0,0,0.0,0.0,0.0,0.0,5.0,25.0,20.0,0.5,0.75,,,,,0.2,,3.0,2.0,2.0,0.0,2.0,1.0,4.0,3.0,0.0,0.0,0.0,0.0,0.0,0.0,0.0,1.0,0.0,0.0,0.0,0.0,0.0,0.0,0.0,0.0,5.0,25.0,20.0,5.0
000353,Kyle Bernlohr,WAT,Waterdogs,2,G,Goalie,2022-09-11,2023-09-04,0.0,0.0,0.0,0.0,0.0,0.0,0.0,0,0.0,10.0,5.0,5.0,21.0,38.16981132075472,3.0,0.0,1.0,0,0,0,21.0,0.0,0.0,0.0,1.0,18.0,18.0,,,,0.3225806451612903,50.0,0.16129032258064516,0.0,,0.0,0.0,0.0,0.0,0.0,0.0,0.0,0.0,0.0,5.0,2.5,2.5,10.5,19.08490566037736,1.5,0.0,0.5,0.0,0.0,0.0,10.5,0.0,0.0,0.0,0.5,9.0,9.0,0.5
000354,Matt Rambo,ARC,Archers,1,A,Attack,2024-09-15,2024-09-15,1.0,1.0,1.0,0.0,1.0,0.0,8.0,5,0.0,0.0,0.0,0.0,0.0,0.0,3.0,1.0,0.0,0,0,0,0.0,0.0,1.0,0.5,2.0,20.0,11.0,0.125,0.625,,,,,0.0,,1.0,1.0,1.0,0.0,1.0,0.0,8.0,5.0,0.0,0.0,0.0,0.0,0.0,0.0,3.0,1.0,0.0,0.0,0.0,0.0,0.0,0.0,1.0,0.5,2.0,20.0,11.0,2.0
000354,Matt Rambo,ATL,Atlas,1,A,Attack,2024-09-07,2024-09-07,2.0,2.0,2.0,0.0,2.0,0.0,9.0,3,0.0,0.0,0.0,0.0,0.0,0.0,0.0,0.0,0.0,0,0,0,0.0,0.0,1.0,1.0,0.0,13.0,4.0,0.2222222222222222,0.3333333333333333,,,,,,,2.0,2.0,2.0,0.0,2.0,0.0,9.0,3.0,0.0,0.0,0.0,0.0,0.0,0.0,0.0,0.0,0.0,0.0,0.0,0.0,0.0,0.0,1.0,1.0,0.0,13.0,4.0,0.0
000354,Matt Rambo,OUT,Outlaws,1,A,Attack,2024-09-02,2024-09-02,0.0,0.0,0.0,0.0,0.0,0.0,2.0,1,0.0,0.0,0.0,0.0,0.0,0.0,3.0,1.0,0.0,0,0,0,0.0,0.0,0.0,0.0,2.0,21.0,18.0,0.0,0.5,,,,,0.0,,0.0,0.0,0.0,0.0,0.0,0.0,2.0,1.0,0.0,0.0,0.0,0.0,0.0,0.0,3.0,1.0,0.0,0.0,0.0,0.0,0.0,0.0,0.0,0.0,2.0,21.0,18.0,2.0
000354,Matt Rambo,WAT,Waterdogs,2,A,Attack,2022-09-11,2023-09-04,3.0,3.0,3.0,0.0,3.0,0.0,13.0,5,0.0,0.0,0.0,0.0,0.0,0.0,1.0,5.0,0.0,0,0,0,0.0,0.0,0.0,0.0,10.0,56.0,38.0,0.23076923076923078,0.38461538461538464,,,,,0.0,,1.5,1.5,1.5,0.0,1.5,0.0,6.5,2.5,0.0,0.0,0.0,0.0,0.0,0.0,0.5,2.5,0.0,0.0,0.0,0.0,0.0,0.0,0.0,0.0,5.0,28.0,19.0,5.0
000355,Matthew Dunn,ARC,Archers,1,D,Defense,2024-09-15,2024-09-15,0.0,0.0,0.0,0.0,0.0,0.0,1.0,1,1.0,0.0,0.0,0.0,0.0,0.0,1.0,0.0,2.0,0,0,0,0.0,0.0,0.0,0.0,0.0,9.0,8.0,0.0,1.0,,,,,,0.0,0.0,0.0,0.0,0.0,0.0,0.0,1.0,1.0,1.0,0.0,0.0,0.0,0.0,0.0,1.0,0.0,2.0,0.0,0.0,0.0,0.0,0.0,0.0,0.0,0.0,9.0,8.0,0.0
000355,Matthew Dunn,ATL,Atlas,1,D,Defense,2024-09-07,2024-09-07,0.0,0.0,0.0,0.0,0.0,0.0,1.0,1,1.0,0.0,0.0,0.0,0.0,0.0,0.0,1.0,0.0,0,0,0,0.0,0.0,0.0,0.0,1.0,16.0,14.0,0.0,1.0,,,,,0.0,0.0,0.0,0.0,0.0,0.0,0.0,0.0,1.0,1.0,1.0,0.0,0.0,0.0,0.0,0.0,0.0,1.0,0.0,0.0,0.0,0.0,0.0,0.0,0.0,0.0,1.0,16.0,14.0,1.0
000355,Matthew Dunn,CAN,Cannons,1,D,Defense,2026-08-30,2026-08-30,0.0,0.0,0.0,0.0,0.0,0.0,0.0,0,0.0,0.0,0.0,0.0,0.0,0.0,1.0,0.0,0.0,0,0,0,0.0,0.0,0.0,0.0,0.0,9.0,9.0,,,,,,,,,0.0,0.0,0.0,0.0,0.0,0.0,0.0,0.0,0.0,0.0,0.0,0.0,0.0,0.0,1.0,0.0,0.0,0.0,0.0,0.0,0.0,0.0,0.0,0.0,0.0,9.0,9.0,0.0
000355,Matthew Dunn,OUT,Outlaws,1,D,Defense,2024-09-02,2024-09-02,0.0,0.0,0.0,0.0,0.0,0.0,1.0,1,1.0,0.0,0.0,0.0,0.0,0.0,2.0,0.0,2.0,0,0,0,0.0,0.0,0.0,0.0,1.0,13.0,12.0,0.0,1.0,,,,,0.0,0.0,0.0,0.0,0.0,0.0,0.0,0.0,1.0,1.0,1.0,0.0,0.0,0.0,0.0,0.0,2.0,0.0,2.0,0.0,0.0,0.0,0.0,0.0,0.0,0.0,1.0,13.0,12.0,1.0
000355,Matthew Dunn,WAT,Waterdogs,3,D,Defense,2022-09-11,2025-08-23,0.0,0.0,0.0,0.0,0.0,0.0,0.0,0,0.0,0.0,0.0,0.0,0.0,0.0,2.0,1.0,1.0,0,0,0,0.0,0.0,0.0,0.0,1.0,18.0,17.0,,,,,,,0.0,,0.0,0.0,0.0,0.0,0.0,0.0,0.0,0.0,0.0,0.0,0.0,0.0,0.0,0.0,0.6666666666666666,0.3333333333333333,0.3333333333333333,0.0,0.0,0.0,0.0,0.0,0.0,0.0,0.3333333333333333,6.0,5.666666666666667,0.3333333333333333
000356,Michael Ehrhardt,WAT,Waterdogs,2,LSM,Long Stick Midfield,2022-09-11,2023-09-04,0.0,0.0,0.0,0.0,0.0,0.0,2.0,2,1.0,0.0,0.0,0.0,0.0,0.0,10.0,1.0,2.0,0,0,0,0.0,0.0,2.0,1.5,2.0,20.0,17.0,0.0,1.0,,,,,0.0,0.0,0.0,0.0,0.0,0.0,0.0,0.0,1.0,1.0,0.5,0.0,0.0,0.0,0.0,0.0,5.0,0.5,1.0,0.0,0.0,0.0,0.0,0.0,1.0,0.75,1.0,10.0,8.5,1.0
000357,Mike Chanenchuk,ARC,Archers,1,M,Midfield,2024-09-15,2024-09-15,1.0,1.0,1.0,0.0,1.0,0.0,4.0,2,2.0,0.0,0.0,0.0,0.0,0.0,0.0,0.0,0.0,0,0,0,0.0,0.0,0.0,0.0,1.0,17.0,13.0,0.25,0.5,,,,,0.0,0.0,1.0,1.0,1.0,0.0,1.0,0.0,4.0,2.0,2.0,0.0,0.0,0.0,0.0,0.0,0.0,0.0,0.0,0.0,0.0,0.0,0.0,0.0,0.0,0.0,1.0,17.0,13.0,1.0
000357,Mike Chanenchuk,ATL,Atlas,1,M,Midfield,2024-09-07,2024-09-07,0.0,0.0,0.0,0.0,0.0,0.0,3.0,1,1.0,0.0,0.0,0.0,0.0,0.0,0.0,2.0,0.0,0,0,0,0.0,0.0,0.0,0.0,0.0,21.0,16.0,0.0,0.3333333333333333,,,,,,0.0,0.0,0.0,0.0,0.0,0.0,0.0,3.0,1.0,1.0,0.0,0.0,0.0,0.0,0.0,0.0,2.0,0.0,0.0,0.0,0.0,0.0,0.0,0.0,0.0,0.0,21.0,16.0,0.0
000357,Mike Chanenchuk,OUT,Outlaws,1,M,Midfield,2024-09-02,2024-09-02,2.0,2.0,2.0,0.0,2.0,0.0,5.0,3,2.0,0.0,0.0,0.0,0.0,0.0,2.0,1.0,0.0,0,0,0,0.0,0.0,0.0,0.0,0.0,21.0,15.0,0.4,0.6,,,,,,0.0,2.0,2.0,2.0,0.0,2.0,0.0,5.0,3.0,2.0,0.0,0.0,0.0,0.0,0.0,2.0,1.0,0.0,0.0,0.0,0.0,0.0,0.0,0.0,0.0,0.0,21.0,15.0,0.0
000357,Mike Chanenchuk,WAT,Waterdogs,2,M,Midfield,2022-09-11,2023-09-04,4.0,3.0,3.0,0.0,3.0,1.0,15.0,9,6.0,0.0,0.0,0.0,0.0,0.0,2.0,2.0,0.0,0,0,0,0.0,0.0,0.0,0.0,2.0,49.0,32.0,0.2,0.6,,,,,0.5,0.0,2.0,1.5,1.5,0.0,1.5,0.5,7.5,4.5,3.0,0.0,0.0,0.0,0.0,0.0,1.0,1.0,0.0,0.0,0.0,0.0,0.0,0.0,0.0,0.0,1.0,24.5,16.0,1.0
000358,Ryan Drenner,ATL,Atlas,1,M,Midfield,2023-09-04,2023-09-04,2.0,2.0,2.0,0.0,2.0,0.0,3.0,2,0.0,0.0,0.0,0.0,0.0,0.0,1.0,0.0,0.0,0,0,0,0.0,0.0,0.0,0.0,1.0,20.0,17.0,0.6666666666666666,0.6666666666666666,,,,,0.0,,2.0,2.0,2.0,0.0,2.0,0.0,3.0,2.0,0.0,0.0,0.0,0.0,0.0,0.0,1.0,0.0,0.0,0.0,0.0,0.0,0.0,0.0,0.0,0.0,1.0,20.0,17.0,1.0
000358,Ryan Drenner,CHA,Chaos,1,M,Midfield,2024-09-02,2024-09-02,0.0,0.0,0.0,0.0,0.0,0.0,6.0,4,0.0,0.0,0.0,0.0,0.0,0.0,1.0,0.0,0.0,0,0,0,0.0,0.0,0.0,0.0,0.0,25.0,19.0,0.0,0.6666666666666666,,,,,,,0.0,0.0,0.0,0.0,0.0,0.0,6.0,4.0,0.0,0.0,0.0,0.0,0.0,0.0,1.0,0.0,0.0,0.0,0.0,0.0,0.0,0.0,0.0,0.0,0.0,25.0,19.0,0.0
000358,Ryan Drenner,WAT,Waterdogs,1,M,Midfield,2023-09-10,2023-09-10,0.0,0.0,0.0,0.0,0.0,0.0,6.0,4,0.0,0.0,0.0,0.0,0.0,0.0,0.0,1.0,0.0,0,0,0,0.0,0.0,0.0,0.0,1.0,23.0,16.0,0.0,0.6666666666666666,,,,,0.0,,0.0,0.0,0.0,0.0,0.0,0.0,6.0,4.0,0.0,0.0,0.0,0.0,0.0,0.0,0.0,1.0,0.0,0.0,0.0,0.0,0.0,0.0,0.0,0.0,1.0,23.0,16.0,1.0
000359,Tim Muller,ARC,Archers,1,D,Defense,2024-09-15,2024-09-15,0.0,0.0,0.0,0.0,0.0,0.0,0.0,0,0.0,0.0,0.0,0.0,0.0,0.0,3.0,0.0,1.0,0,0,0,0.0,0.0,0.0,0.0,0.0,7.0,7.0,,,,,,,,,0.0,0.0,0.0,0.0,0.0,0.0,0.0,0.0,0.0,0.0,0.0,0.0,0.0,0.0,3.0,0.0,1.0,0.0,0.0,0.0,0.0,0.0,0.0,0.0,0.0,7.0,7.0,0.0
000359,Tim Muller,ATL,Atlas,1,D,Defense,2024-09-07,2024-09-07,0.0,0.0,0.0,0.0,0.0,0.0,0.0,0,0.0,0.0,0.0,0.0,0.0,0.0,0.0,0.0,0.0,0,0,0,0.0,0.0,1.0,0.5,0.0,6.0,6.0,,,,,,,,,0.0,0.0,0.0,0.0,0.0,0.0,0.0,0.0,0.0,0.0,0.0,0.0,0.0,0.0,0.0,0.0,0.0,0.0,0.0,0.0,0.0,0.0,1.0,0.5,0.0,6.0,6.0,0.0
000359,Tim Muller,CAN,Cannons,1,D,Defense,2026-08-30,2026-08-30,0.0,0.0,0.0,0.0,0.0,0.0,0.0,0,0.0,0.0,0.0,0.0,0.0,0.0,1.0,0.0,2.0,0,0,0,0.0,0.0,0.0,0.0,0.0,9.0,9.0,,,,,,,,,0.0,0.0,0.0,0.0,0.0,0.0,0.0,0.0,0.0,0.0,0.0,0.0,0.0,0.0,1.0,0.0,2.0,0.0,0.0,0.0,0.0,0.0,0.0,0.0,0.0,9.0,9.0,0.0
000359,Tim Muller,OUT,Outlaws,1,D,Defense,2024-09-02,2024-09-02,0.0,0.0,0.0,0.0,0.0,0.0,0.0,0,0.0,0.0,0.0,0.0,0.0,0.0,0.0,0.0,2.0,0,0,0,0.0,0.0,0.0,0.0,0.0,10.0,10.0,,,,,,,,,0.0,0.0,0.0,0.0,0.0,0.0,0.0,0.0,0.0,0.0,0.0,0.0,0.0,0.0,0.0,0.0,2.0,0.0,0.0,0.0,0.0,0.0,0.0,0.0,0.0,10.0,10.0,0.0
000359,Tim Muller,WAT,Waterdogs,3,D,Defense,2022-09-11,2025-08-23,1.0,0.0,0.0,0.0,0.0,1.0,0.0,0,0.0,0.0,0.0,0.0,0.0,0.0,4.0,1.0,4.0,0,0,0,0.0,0.0,0.0,0.0,1.0,20.0,19.0,,,,,,,1.0,,0.3333333333333333,0.0,0.0,0.0,0.0,0.3333333333333333,0.0,0.0,0.0,0.0,0.0,0.0,0.0,0.0,1.3333333333333333,0.3333333333333333,1.3333333333333333,0.0,0.0,0.0,0.0,0.0,0.0,0.0,0.3333333333333333,6.666666666666667,6.333333333333333,0.3333333333333333
000361,Tyler Warner,WAT,Waterdogs,2,SSDM,Defensive Midfield,2022-09-11,2023-09-04,0.0,0.0,0.0,0.0,0.0,0.0,2.0,1,1.0,0.0,0.0,0.0,0.0,0.0,3.0,0.0,2.0,0,0,0,0.0,0.0,0.0,0.0,1.0,11.0,9.0,0.0,0.5,,,,,0.0,0.0,0.0,0.0,0.0,0.0,0.0,0.0,1.0,0.5,0.5,0.0,0.0,0.0,0.0,0.0,1.5,0.0,1.0,0.0,0.0,0.0,0.0,0.0,0.0,0.0,0.5,5.5,4.5,0.5
000363,Ryan Conrad,ARC,Archers,2,M,Midfield,2023-09-24,2024-09-15,6.0,6.0,6.0,0.0,6.0,0.0,12.0,11,2.0,0.0,0.0,0.0,0.0,0.0,2.0,3.0,0.0,0,0,0,0.0,0.0,0.0,0.0,2.0,43.0,28.0,0.5,0.9166666666666666,,,,,0.0,0.0,3.0,3.0,3.0,0.0,3.0,0.0,6.0,5.5,1.0,0.0,0.0,0.0,0.0,0.0,1.0,1.5,0.0,0.0,0.0,0.0,0.0,0.0,0.0,0.0,1.0,21.5,14.0,1.0
000363,Ryan Conrad,ATL,Atlas,2,M,Midfield,2022-09-03,2024-09-07,7.0,5.0,3.0,1.0,4.0,2.0,8.0,7,1.0,0.0,0.0,0.0,0.0,0.0,5.0,3.0,0.0,0,0,0,0.0,0.0,1.0,0.5,8.0,37.0,26.0,0.5,0.875,,,,,0.25,1.0,3.5,2.5,1.5,0.5,2.0,1.0,4.0,3.5,0.5,0.0,0.0,0.0,0.0,0.0,2.5,1.5,0.0,0.0,0.0,0.0,0.0,0.0,0.5,0.25,4.0,18.5,13.0,4.0
000363,Ryan Conrad,CAN,Cannons,1,M,Midfield,2023-09-10,2023-09-10,1.0,1.0,1.0,0.0,1.0,0.0,2.0,2,1.0,0.0,0.0,0.0,0.0,0.0,0.0,1.0,0.0,0,0,0,0.0,0.0,0.0,0.0,0.0,19.0,16.0,0.5,1.0,,,,,,0.0,1.0,1.0,1.0,0.0,1.0,0.0,2.0,2.0,1.0,0.0,0.0,0.0,0.0,0.0,0.0,1.0,0.0,0.0,0.0,0.0,0.0,0.0,0.0,0.0,0.0,19.0,16.0,0.0
000363,Ryan Conrad,CHA,Chaos,1,M,Midfield,2022-09-18,2022-09-18,3.0,3.0,3.0,0.0,3.0,0.0,4.0,4,0.0,0.0,0.0,0.0,0.0,0.0,0.0,1.0,0.0,0,0,0,0.0,0.0,0.0,0.0,2.0,22.0,17.0,0.75,1.0,,,,,0.0,,3.0,3.0,3.0,0.0,3.0,0.0,4.0,4.0,0.0,0.0,0.0,0.0,0.0,0.0,0.0,1.0,0.0,0.0,0.0,0.0,0.0,0.0,0.0,0.0,2.0,22.0,17.0,2.0
000363,Ryan Conrad,OUT,Outlaws,1,M,Midfield,2024-09-02,2024-09-02,2.0,1.0,1.0,0.0,1.0,1.0,7.0,3,3.0,0.0,0.0,0.0,0.0,0.0,0.0,3.0,0.0,0,0,0,0.0,0.0,0.0,0.0,1.0,29.0,19.0,0.14285714285714285,0.42857142857142855,,,,,1.0,0.0,2.0,1.0,1.0,0.0,1.0,1.0,7.0,3.0,3.0,0.0,0.0,0.0,0.0,0.0,0.0,3.0,0.0,0.0,0.0,0.0,0.0,0.0,0.0,0.0,1.0,29.0,19.0,1.0
000363,Ryan Conrad,WHP,Whipsnakes,2,M,Midfield,2022-09-11,2023-09-04,2.0,1.0,1.0,0.0,1.0,1.0,6.0,2,0.0,0.0,0.0,0.0,0.0,0.0,1.0,3.0,0.0,0,0,0,0.0,0.0,0.0,0.0,4.0,39.0,30.0,0.16666666666666666,0.3333333333333333,,,,,0.25,,1.0,0.5,0.5,0.0,0.5,0.5,3.0,1.0,0.0,0.0,0.0,0.0,0.0,0.0,0.5,1.5,0.0,0.0,0.0,0.0,0.0,0.0,0.0,0.0,2.0,19.5,15.0,2.0
000365,Jack Rowlett,ARC,Archers,2,D,Defense,2022-09-11,2024-09-07,0.0,0.0,0.0,0.0,0.0,0.0,1.0,1,0.0,0.0,0.0,0.0,0.0,0.0,2.0,0.0,2.0,0,0,0,0.0,0.0,0.0,0.0,0.0,13.0,12.0,0.0,1.0,,,,,,,0.0,0.0,0.0,0.0,0.0,0.0,0.5,0.5,0.0,0.0,0.0,0.0,0.0,0.0,1.0,0.0,1.0,0.0,0.0,0.0,0.0,0.0,0.0,0.0,0.0,6.5,6.0,0.0
000365,Jack Rowlett,OUT,Outlaws,1,D,Defense,2022-09-03,2022-09-03,0.0,0.0,0.0,0.0,0.0,0.0,1.0,1,1.0,0.0,0.0,0.0,0.0,0.0,1.0,0.0,1.0,0,0,0,0.0,0.0,1.0,0.5,0.0,9.0,8.0,0.0,1.0,,,,,,0.0,0.0,0.0,0.0,0.0,0.0,0.0,1.0,1.0,1.0,0.0,0.0,0.0,0.0,0.0,1.0,0.0,1.0,0.0,0.0,0.0,0.0,0.0,1.0,0.5,0.0,9.0,8.0,0.0
000365,Jack Rowlett,RED,Redwoods,2,D,Defense,2023-09-04,2025-08-24,0.0,0.0,0.0,0.0,0.0,0.0,0.0,0,0.0,0.0,0.0,0.0,0.0,0.0,3.0,0.0,2.0,0,0,0,0.0,0.0,0.0,0.0,0.0,18.0,18.0,,,,,,,,,0.0,0.0,0.0,0.0,0.0,0.0,0.0,0.0,0.0,0.0,0.0,0.0,0.0,0.0,1.5,0.0,1.0,0.0,0.0,0.0,0.0,0.0,0.0,0.0,0.0,9.0,9.0,0.0
000365,Jack Rowlett,WAT,Waterdogs,1,D,Defense,2022-09-18,2022-09-18,0.0,0.0,0.0,0.0,0.0,0.0,0.0,0,0.0,0.0,0.0,0.0,0.0,0.0,1.0,0.0,2.0,0,0,0,0.0,0.0,1.0,0.5,0.0,10.0,10.0,,,,,,,,,0.0,0.0,0.0,0.0,0.0,0.0,0.0,0.0,0.0,0.0,0.0,0.0,0.0,0.0,1.0,0.0,2.0,0.0,0.0,0.0,0.0,0.0,1.0,0.5,0.0,10.0,10.0,0.0
000366,Connor Farrell,CHA,Chaos,1,FO,Faceoff,2022-09-03,2022-09-03,0.0,0.0,0.0,0.0,0.0,0.0,0.0,0,0.0,0.0,0.0,0.0,0.0,0.0,6.0,0.0,0.0,7,10,17,0.0,0.0,0.0,0.0,0.0,2.0,2.0,,,0.4117647058823529,,,,,,0.0,0.0,0.0,0.0,0.0,0.0,0.0,0.0,0.0,0.0,0.0,0.0,0.0,0.0,6.0,0.0,0.0,7.0,10.0,17.0,0.0,0.0,0.0,0.0,0.0,2.0,2.0,0.0
000368,Chris Sabia,ARC,Archers,1,LSM,Long Stick Midfield,2023-09-24,2023-09-24,0.0,0.0,0.0,0.0,0.0,0.0,0.0,0,0.0,0.0,0.0,0.0,0.0,0.0,0.0,0.0,2.0,0,0,0,0.0,0.0,0.0,0.0,0.0,11.0,11.0,,,,,,,,,0.0,0.0,0.0,0.0,0.0,0.0,0.0,0.0,0.0,0.0,0.0,0.0,0.0,0.0,0.0,0.0,2.0,0.0,0.0,0.0,0.0,0.0,0.0,0.0,0.0,11.0,11.0,0.0
000368,Chris Sabia,ATL,Atlas,1,LSM,Long Stick Midfield,2022-09-03,2022-09-03,1.0,0.0,0.0,0.0,0.0,1.0,0.0,0,0.0,0.0,0.0,0.0,0.0,0.0,4.0,1.0,0.0,0,0,0,0.0,0.0,0.0,0.0,1.0,5.0,4.0,,,,,,,1.0,,1.0,0.0,0.0,0.0,0.0,1.0,0.0,0.0,0.0,0.0,0.0,0.0,0.0,0.0,4.0,1.0,0.0,0.0,0.0,0.0,0.0,0.0,0.0,0.0,1.0,5.0,4.0,1.0
000368,Chris Sabia,CAN,Cannons,1,LSM,Long Stick Midfield,2023-09-10,2023-09-10,0.0,0.0,0.0,0.0,0.0,0.0,0.0,0,0.0,0.0,0.0,0.0,0.0,0.0,1.0,0.0,0.0,0,0,0,0.0,0.0,1.0,0.5,0.0,9.0,9.0,,,,,,,,,0.0,0.0,0.0,0.0,0.0,0.0,0.0,0.0,0.0,0.0,0.0,0.0,0.0,0.0,1.0,0.0,0.0,0.0,0.0,0.0,0.0,0.0,1.0,0.5,0.0,9.0,9.0,0.0
000368,Chris Sabia,CHA,Chaos,1,LSM,Long Stick Midfield,2022-09-18,2022-09-18,0.0,0.0,0.0,0.0,0.0,0.0,1.0,1,1.0,0.0,0.0,0.0,0.0,0.0,2.0,0.0,1.0,0,0,0,0.0,0.0,1.0,1.0,0.0,5.0,4.0,0.0,1.0,,,,,,0.0,0.0,0.0,0.0,0.0,0.0,0.0,1.0,1.0,1.0,0.0,0.0,0.0,0.0,0.0,2.0,0.0,1.0,0.0,0.0,0.0,0.0,0.0,1.0,1.0,0.0,5.0,4.0,0.0
000368,Chris Sabia,WHP,Whipsnakes,2,LSM,Long Stick Midfield,2022-09-11,2023-09-04,0.0,0.0,0.0,0.0,0.0,0.0,0.0,0,0.0,0.0,0.0,0.0,0.0,0.0,2.0,0.0,2.0,0,0,0,0.0,0.0,1.0,1.0,0.0,10.0,10.0,,,,,,,,,0.0,0.0,0.0,0.0,0.0,0.0,0.0,0.0,0.0,0.0,0.0,0.0,0.0,0.0,1.0,0.0,1.0,0.0,0.0,0.0,0.0,0.0,0.5,0.5,0.0,5.0,5.0,0.0
000369,Clarke Petterson,WAT,Waterdogs,1,A,Attack,2022-09-03,2022-09-03,2.0,1.0,1.0,0.0,1.0,1.0,1.0,1,0.0,0.0,0.0,0.0,0.0,0.0,0.0,1.0,0.0,0,0,0,0.0,0.0,0.0,0.0,1.0,8.0,6.0,1.0,1.0,,,,,1.0,,2.0,1.0,1.0,0.0,1.0,1.0,1.0,1.0,0.0,0.0,0.0,0.0,0.0,0.0,0.0,1.0,0.0,0.0,0.0,0.0,0.0,0.0,0.0,0.0,1.0,8.0,6.0,1.0
000370,Tim Troutner,ARC,Archers,1,G,Goalie,2023-09-10,2023-09-10,1.0,0.0,0.0,0.0,0.0,1.0,0.0,0,0.0,2.0,1.0,1.0,5.0,11.631663974151857,3.0,0.0,1.0,0,0,0,4.0,1.0,0.0,0.0,1.0,10.0,10.0,,,,0.3333333333333333,50.0,0.16666666666666666,1.0,,1.0,0.0,0.0,0.0,0.0,1.0,0.0,0.0,0.0,2.0,1.0,1.0,5.0,11.631663974151857,3.0,0.0,1.0,0.0,0.0,0.0,4.0,1.0,0.0,0.0,1.0,10.0,10.0,1.0
000370,Tim Troutner,CHA,Chaos,1,G,Goalie,2023-09-04,2023-09-04,0.0,0.0,0.0,0.0,0.0,0.0,0.0,0,0.0,1.0,1.0,0.0,1.0,24.0,0.0,0.0,0.0,0,0,0,1.0,0.0,0.0,0.0,0.0,1.0,1.0,,,,0.5,100.0,0.5,,,0.0,0.0,0.0,0.0,0.0,0.0,0.0,0.0,0.0,1.0,1.0,0.0,1.0,24.0,0.0,0.0,0.0,0.0,0.0,0.0,1.0,0.0,0.0,0.0,0.0,1.0,1.0,0.0
000370,Tim Troutner,WHP,Whipsnakes,1,G,Goalie,2024-09-07,2024-09-07,0.0,0.0,0.0,0.0,0.0,0.0,0.0,0,0.0,0.0,0.0,0.0,0.0,0.0,0.0,0.0,0.0,0,0,0,0.0,0.0,0.0,0.0,0.0,1.0,1.0,,,,,,,,,0.0,0.0,0.0,0.0,0.0,0.0,0.0,0.0,0.0,0.0,0.0,0.0,0.0,0.0,0.0,0.0,0.0,0.0,0.0,0.0,0.0,0.0,0.0,0.0,0.0,1.0,1.0,0.0
000373,Ryder Garnsey,ARC,Archers,2,A,Attack,2022-09-03,2023-09-10,3.0,2.0,2.0,0.0,2.0,1.0,11.0,5,0.0,0.0,0.0,0.0,0.0,0.0,6.0,3.0,0.0,0,0,0,0.0,0.0,0.0,0.0,4.0,48.0,34.0,0.18181818181818182,0.45454545454545453,,,,,0.25,,1.5,1.0,1.0,0.0,1.0,0.5,5.5,2.5,0.0,0.0,0.0,0.0,0.0,0.0,3.0,1.5,0.0,0.0,0.0,0.0,0.0,0.0,0.0,0.0,2.0,24.0,17.0,2.0
000373,Ryder Garnsey,CHA,Chaos,2,A,Attack,2023-09-04,2025-08-24,3.0,0.0,0.0,0.0,0.0,3.0,7.0,2,1.0,0.0,0.0,0.0,0.0,0.0,3.0,1.0,0.0,0,0,0,0.0,0.0,0.0,0.0,8.0,72.0,64.0,0.0,0.2857142857142857,,,,,0.375,0.0,1.5,0.0,0.0,0.0,0.0,1.5,3.5,1.0,0.5,0.0,0.0,0.0,0.0,0.0,1.5,0.5,0.0,0.0,0.0,0.0,0.0,0.0,0.0,0.0,4.0,36.0,32.0,4.0
000373,Ryder Garnsey,OUT,Outlaws,2,A,Attack,2025-09-01,2026-08-29,2.0,0.0,0.0,0.0,0.0,2.0,8.0,4,1.0,0.0,0.0,0.0,0.0,0.0,1.0,3.0,1.0,0,0,0,0.0,0.0,0.0,0.0,5.0,57.0,46.0,0.0,0.5,,,,,0.4,0.0,1.0,0.0,0.0,0.0,0.0,1.0,4.0,2.0,0.5,0.0,0.0,0.0,0.0,0.0,0.5,1.5,0.5,0.0,0.0,0.0,0.0,0.0,0.0,0.0,2.5,28.5,23.0,2.5
000376,Cade van Raaphorst,ATL,Atlas,1,D,Defense,2023-09-04,2023-09-04,0.0,0.0,0.0,0.0,0.0,0.0,1.0,0,0.0,0.0,0.0,0.0,0.0,0.0,5.0,1.0,2.0,0,0,0,0.0,0.0,0.0,0.0,0.0,16.0,14.0,0.0,0.0,,,,,,,0.0,0.0,0.0,0.0,0.0,0.0,1.0,0.0,0.0,0.0,0.0,0.0,0.0,0.0,5.0,1.0,2.0,0.0,0.0,0.0,0.0,0.0,0.0,0.0,0.0,16.0,14.0,0.0
000376,Cade van Raaphorst,CHA,Chaos,1,D,Defense,2024-09-02,2024-09-02,0.0,0.0,0.0,0.0,0.0,0.0,0.0,0,0.0,0.0,0.0,0.0,0.0,0.0,1.0,1.0,0.0,0,0,0,0.0,0.0,0.0,0.0,0.0,5.0,4.0,,,,,,,,,0.0,0.0,0.0,0.0,0.0,0.0,0.0,0.0,0.0,0.0,0.0,0.0,0.0,0.0,1.0,1.0,0.0,0.0,0.0,0.0,0.0,0.0,0.0,0.0,0.0,5.0,4.0,0.0
000376,Cade van Raaphorst,WAT,Waterdogs,2,D,Defense,2022-09-03,2023-09-10,0.0,0.0,0.0,0.0,0.0,0.0,1.0,1,1.0,0.0,0.0,0.0,0.0,0.0,9.0,2.0,3.0,0,0,0,0.0,0.0,0.0,0.0,1.0,19.0,16.0,0.0,1.0,,,,,0.0,0.0,0.0,0.0,0.0,0.0,0.0,0.0,0.5,0.5,0.5,0.0,0.0,0.0,0.0,0.0,4.5,1.0,1.5,0.0,0.0,0.0,0.0,0.0,0.0,0.0,0.5,9.5,8.0,0.5
000385,Wes Berg,ARC,Archers,1,A,Attack,2023-09-10,2023-09-10,0.0,0.0,0.0,0.0,0.0,0.0,2.0,1,0.0,0.0,0.0,0.0,0.0,0.0,0.0,0.0,0.0,0,0,0,0.0,0.0,0.0,0.0,0.0,3.0,1.0,0.0,0.5,,,,,,,0.0,0.0,0.0,0.0,0.0,0.0,2.0,1.0,0.0,0.0,0.0,0.0,0.0,0.0,0.0,0.0,0.0,0.0,0.0,0.0,0.0,0.0,0.0,0.0,0.0,3.0,1.0,0.0
000385,Wes Berg,CHA,Chaos,1,A,Attack,2023-09-04,2023-09-04,7.0,7.0,7.0,0.0,7.0,0.0,12.0,9,0.0,0.0,0.0,0.0,0.0,0.0,1.0,1.0,1.0,0,0,0,0.0,0.0,0.0,0.0,0.0,18.0,5.0,0.5833333333333334,0.75,,,,,,,7.0,7.0,7.0,0.0,7.0,0.0,12.0,9.0,0.0,0.0,0.0,0.0,0.0,0.0,1.0,1.0,1.0,0.0,0.0,0.0,0.0,0.0,0.0,0.0,0.0,18.0,5.0,0.0
000390,Brad Smith,WAT,Waterdogs,3,M,Midfield,2022-09-11,2025-08-23,7.0,5.0,3.0,1.0,4.0,2.0,9.0,6,3.0,0.0,0.0,0.0,0.0,0.0,5.0,6.0,1.0,0,0,0,0.0,0.0,0.0,0.0,9.0,81.0,66.0,0.4444444444444444,0.6666666666666666,,,,,0.2222222222222222,0.3333333333333333,2.3333333333333335,1.6666666666666667,1.0,0.3333333333333333,1.3333333333333333,0.6666666666666666,3.0,2.0,1.0,0.0,0.0,0.0,0.0,0.0,1.6666666666666667,2.0,0.3333333333333333,0.0,0.0,0.0,0.0,0.0,0.0,0.0,3.0,27.0,22.0,3.0
000391,Grant Ament,CHA,Chaos,2,A,Attack,2022-09-11,2024-09-07,4.0,1.0,1.0,0.0,1.0,3.0,5.0,3,1.0,0.0,0.0,0.0,0.0,0.0,0.0,4.0,0.0,0,0,0,0.0,0.0,0.0,0.0,14.0,74.0,65.0,0.2,0.6,,,,,0.21428571428571427,0.0,2.0,0.5,0.5,0.0,0.5,1.5,2.5,1.5,0.5,0.0,0.0,0.0,0.0,0.0,0.0,2.0,0.0,0.0,0.0,0.0,0.0,0.0,0.0,0.0,7.0,37.0,32.5,7.0
000391,Grant Ament,RED,Redwoods,2,A,Attack,2022-09-03,2023-09-10,10.0,5.0,3.0,1.0,4.0,5.0,10.0,8,2.0,0.0,0.0,0.0,0.0,0.0,1.0,6.0,0.0,0,0,0,0.0,0.0,0.0,0.0,17.0,73.0,57.0,0.4,0.8,,,,,0.29411764705882354,0.5,5.0,2.5,1.5,0.5,2.0,2.5,5.0,4.0,1.0,0.0,0.0,0.0,0.0,0.0,0.5,3.0,0.0,0.0,0.0,0.0,0.0,0.0,0.0,0.0,8.5,36.5,28.5,8.5
000391,Grant Ament,WAT,Waterdogs,1,M,Midfield,2023-09-24,2023-09-24,3.0,2.0,2.0,0.0,2.0,1.0,2.0,2,0.0,0.0,0.0,0.0,0.0,0.0,0.0,3.0,0.0,0,0,0,0.0,0.0,0.0,0.0,2.0,33.0,28.0,1.0,1.0,,,,,0.5,,3.0,2.0,2.0,0.0,2.0,1.0,2.0,2.0,0.0,0.0,0.0,0.0,0.0,0.0,0.0,3.0,0.0,0.0,0.0,0.0,0.0,0.0,0.0,0.0,2.0,33.0,28.0,2.0
000391,Grant Ament,WHP,Whipsnakes,1,M,Midfield,2024-09-15,2024-09-15,2.0,1.0,1.0,0.0,1.0,1.0,3.0,2,0.0,0.0,0.0,0.0,0.0,0.0,0.0,4.0,0.0,0,0,0,0.0,0.0,0.0,0.0,5.0,33.0,26.0,0.3333333333333333,0.6666666666666666,,,,,0.2,,2.0,1.0,1.0,0.0,1.0,1.0,3.0,2.0,0.0,0.0,0.0,0.0,0.0,0.0,0.0,4.0,0.0,0.0,0.0,0.0,0.0,0.0,0.0,0.0,5.0,33.0,26.0,5.0
000395,Bryan Costabile,CAN,Cannons,1,M,Midfield,2023-09-04,2023-09-04,2.0,0.0,0.0,0.0,0.0,2.0,4.0,2,1.0,0.0,0.0,0.0,0.0,0.0,1.0,4.0,0.0,0,0,0,0.0,0.0,0.0,0.0,3.0,22.0,14.0,0.0,0.5,,,,,0.6666666666666666,0.0,2.0,0.0,0.0,0.0,0.0,2.0,4.0,2.0,1.0,0.0,0.0,0.0,0.0,0.0,1.0,4.0,0.0,0.0,0.0,0.0,0.0,0.0,0.0,0.0,3.0,22.0,14.0,3.0
000395,Bryan Costabile,OUT,Outlaws,1,M,Midfield,2025-09-14,2025-09-14,2.0,2.0,2.0,0.0,2.0,0.0,7.0,5,1.0,0.0,0.0,0.0,0.0,0.0,0.0,2.0,0.0,0,0,0,0.0,0.0,0.0,0.0,1.0,24.0,15.0,0.2857142857142857,0.7142857142857143,,,,,0.0,0.0,2.0,2.0,2.0,0.0,2.0,0.0,7.0,5.0,1.0,0.0,0.0,0.0,0.0,0.0,0.0,2.0,0.0,0.0,0.0,0.0,0.0,0.0,0.0,0.0,1.0,24.0,15.0,1.0
000395,Bryan Costabile,WAT,Waterdogs,2,M,Midfield,2022-09-03,2025-09-01,1.0,1.0,1.0,0.0,1.0,0.0,13.0,6,7.0,0.0,0.0,0.0,0.0,0.0,3.0,5.0,0.0,0,0,0,0.0,0.0,0.0,0.0,4.0,74.0,56.0,0.07692307692307693,0.46153846153846156,,,,,0.0,0.0,0.5,0.5,0.5,0.0,0.5,0.0,6.5,3.0,3.5,0.0,0.0,0.0,0.0,0.0,1.5,2.5,0.0,0.0,0.0,0.0,0.0,0.0,0.0,0.0,2.0,37.0,28.0,2.0
000395,Bryan Costabile,WHP,Whipsnakes,1,M,Midfield,2024-09-07,2024-09-07,3.0,3.0,1.0,1.0,2.0,0.0,6.0,4,3.0,0.0,0.0,0.0,0.0,0.0,1.0,2.0,0.0,0,0,0,0.0,0.0,0.0,0.0,3.0,29.0,21.0,0.3333333333333333,0.6666666666666666,,,,,0.0,0.3333333333333333,3.0,3.0,1.0,1.0,2.0,0.0,6.0,4.0,3.0,0.0,0.0,0.0,0.0,0.0,1.0,2.0,0.0,0.0,0.0,0.0,0.0,0.0,0.0,0.0,3.0,29.0,21.0,3.0
000405,Jesse Bernhardt,ATL,Atlas,1,D,Defense,2025-09-14,2025-09-14,0.0,0.0,0.0,0.0,0.0,0.0,0.0,0,0.0,0.0,0.0,0.0,0.0,0.0,1.0,0.0,0.0,0,0,0,0.0,0.0,0.0,0.0,0.0,7.0,7.0,,,,,,,,,0.0,0.0,0.0,0.0,0.0,0.0,0.0,0.0,0.0,0.0,0.0,0.0,0.0,0.0,1.0,0.0,0.0,0.0,0.0,0.0,0.0,0.0,0.0,0.0,0.0,7.0,7.0,0.0
000405,Jesse Bernhardt,CHA,Chaos,1,D,Defense,2022-09-03,2022-09-03,0.0,0.0,0.0,0.0,0.0,0.0,0.0,0,0.0,0.0,0.0,0.0,0.0,0.0,1.0,0.0,0.0,0,0,0,0.0,0.0,0.0,0.0,1.0,9.0,9.0,,,,,,,0.0,,0.0,0.0,0.0,0.0,0.0,0.0,0.0,0.0,0.0,0.0,0.0,0.0,0.0,0.0,1.0,0.0,0.0,0.0,0.0,0.0,0.0,0.0,0.0,0.0,1.0,9.0,9.0,1.0
000405,Jesse Bernhardt,RED,Redwoods,1,D,Defense,2025-09-01,2025-09-01,0.0,0.0,0.0,0.0,0.0,0.0,0.0,0,0.0,0.0,0.0,0.0,0.0,0.0,1.0,0.0,1.0,0,0,0,0.0,0.0,0.0,0.0,0.0,6.0,6.0,,,,,,,,,0.0,0.0,0.0,0.0,0.0,0.0,0.0,0.0,0.0,0.0,0.0,0.0,0.0,0.0,1.0,0.0,1.0,0.0,0.0,0.0,0.0,0.0,0.0,0.0,0.0,6.0,6.0,0.0
000405,Jesse Bernhardt,WHP,Whipsnakes,1,D,Defense,2024-09-02,2024-09-02,1.0,1.0,1.0,0.0,1.0,0.0,3.0,1,2.0,0.0,0.0,0.0,0.0,0.0,0.0,0.0,3.0,0,0,0,0.0,0.0,0.0,0.0,0.0,14.0,11.0,0.3333333333333333,0.3333333333333333,,,,,,0.0,1.0,1.0,1.0,0.0,1.0,0.0,3.0,1.0,2.0,0.0,0.0,0.0,0.0,0.0,0.0,0.0,3.0,0.0,0.0,0.0,0.0,0.0,0.0,0.0,0.0,14.0,11.0,0.0
000406,Craig Chick,WAT,Waterdogs,1,LSM,Long Stick Midfield,2022-09-03,2022-09-03,0.0,0.0,0.0,0.0,0.0,0.0,1.0,0,0.0,0.0,0.0,0.0,0.0,0.0,6.0,0.0,2.0,0,0,0,0.0,0.0,0.0,0.0,0.0,7.0,6.0,0.0,0.0,,,,,,,0.0,0.0,0.0,0.0,0.0,0.0,1.0,0.0,0.0,0.0,0.0,0.0,0.0,0.0,6.0,0.0,2.0,0.0,0.0,0.0,0.0,0.0,0.0,0.0,0.0,7.0,6.0,0.0
000408,Matt DeLuca,ARC,Archers,1,G,Goalie,2023-09-24,2023-09-24,0.0,0.0,0.0,0.0,0.0,0.0,0.0,0,0.0,3.0,1.0,2.0,1.0,7.89041095890411,0.0,0.0,0.0,0,0,0,1.0,0.0,0.0,0.0,0.0,3.0,3.0,,,,0.75,33.33333333333333,0.25,,,0.0,0.0,0.0,0.0,0.0,0.0,0.0,0.0,0.0,3.0,1.0,2.0,1.0,7.89041095890411,0.0,0.0,0.0,0.0,0.0,0.0,1.0,0.0,0.0,0.0,0.0,3.0,3.0,0.0
000408,Matt DeLuca,ATL,Atlas,1,G,Goalie,2025-09-01,2025-09-01,0.0,0.0,0.0,0.0,0.0,0.0,0.0,0,0.0,8.0,3.0,5.0,13.0,12.999999999999998,2.0,0.0,0.0,0,0,0,13.0,0.0,0.0,0.0,0.0,8.0,8.0,,,,0.38095238095238093,37.5,0.14285714285714285,,,0.0,0.0,0.0,0.0,0.0,0.0,0.0,0.0,0.0,8.0,3.0,5.0,13.0,12.999999999999998,2.0,0.0,0.0,0.0,0.0,0.0,13.0,0.0,0.0,0.0,0.0,8.0,8.0,0.0
000408,Matt DeLuca,CAN,Cannons,1,G,Goalie,2023-09-10,2023-09-10,0.0,0.0,0.0,0.0,0.0,0.0,0.0,0,0.0,2.0,1.0,1.0,0.0,0.0,1.0,0.0,0.0,0,0,0,0.0,0.0,0.0,0.0,0.0,3.0,3.0,,,,1.0,50.0,0.5,,,0.0,0.0,0.0,0.0,0.0,0.0,0.0,0.0,0.0,2.0,1.0,1.0,0.0,0.0,1.0,0.0,0.0,0.0,0.0,0.0,0.0,0.0,0.0,0.0,0.0,3.0,3.0,0.0
000408,Matt DeLuca,WHP,Whipsnakes,1,G,Goalie,2025-08-23,2025-08-23,0.0,0.0,0.0,0.0,0.0,0.0,0.0,0,0.0,11.0,4.0,7.0,12.0,12.0,0.0,2.0,0.0,0,0,0,11.0,1.0,0.0,0.0,0.0,12.0,10.0,,,,0.5,36.36363636363637,0.18181818181818182,,,0.0,0.0,0.0,0.0,0.0,0.0,0.0,0.0,0.0,11.0,4.0,7.0,12.0,12.0,0.0,2.0,0.0,0.0,0.0,0.0,11.0,1.0,0.0,0.0,0.0,12.0,10.0,0.0
000409,Zach Currier,ARC,Archers,1,M,Midfield,2023-09-24,2023-09-24,2.0,2.0,2.0,0.0,2.0,0.0,4.0,4,0.0,0.0,0.0,0.0,0.0,0.0,8.0,0.0,2.0,9,8,17,0.0,0.0,0.0,0.0,2.0,20.0,16.0,0.5,1.0,0.5294117647058824,,,,0.0,,2.0,2.0,2.0,0.0,2.0,0.0,4.0,4.0,0.0,0.0,0.0,0.0,0.0,0.0,8.0,0.0,2.0,9.0,8.0,17.0,0.0,0.0,0.0,0.0,2.0,20.0,16.0,2.0
000409,Zach Currier,ATL,Atlas,2,M,Midfield,2022-09-03,2025-09-01,5.0,3.0,3.0,0.0,3.0,2.0,6.0,5,0.0,0.0,0.0,0.0,0.0,0.0,13.0,1.0,1.0,0,0,0,0.0,0.0,0.0,0.0,3.0,28.0,21.0,0.5,0.8333333333333334,,,,,0.6666666666666666,,2.5,1.5,1.5,0.0,1.5,1.0,3.0,2.5,0.0,0.0,0.0,0.0,0.0,0.0,6.5,0.5,0.5,0.0,0.0,0.0,0.0,0.0,0.0,0.0,1.5,14.0,10.5,1.5
000409,Zach Currier,CAN,Cannons,1,M,Midfield,2023-09-10,2023-09-10,4.0,2.0,2.0,0.0,2.0,2.0,5.0,4,0.0,0.0,0.0,0.0,0.0,0.0,13.0,1.0,1.0,12,5,17,0.0,0.0,0.0,0.0,4.0,23.0,17.0,0.4,0.8,0.7058823529411765,,,,0.5,,4.0,2.0,2.0,0.0,2.0,2.0,5.0,4.0,0.0,0.0,0.0,0.0,0.0,0.0,13.0,1.0,1.0,12.0,5.0,17.0,0.0,0.0,0.0,0.0,4.0,23.0,17.0,4.0
000409,Zach Currier,CHA,Chaos,1,M,Midfield,2022-09-18,2022-09-18,0.0,0.0,0.0,0.0,0.0,0.0,5.0,4,0.0,0.0,0.0,0.0,0.0,0.0,4.0,1.0,2.0,0,0,0,0.0,0.0,1.0,2.0,1.0,24.0,18.0,0.0,0.8,,,,,0.0,,0.0,0.0,0.0,0.0,0.0,0.0,5.0,4.0,0.0,0.0,0.0,0.0,0.0,0.0,4.0,1.0,2.0,0.0,0.0,0.0,0.0,0.0,1.0,2.0,1.0,24.0,18.0,1.0
000409,Zach Currier,WHP,Whipsnakes,3,M,Midfield,2022-09-11,2025-08-23,2.0,2.0,2.0,0.0,2.0,0.0,9.0,5,1.0,0.0,0.0,0.0,0.0,0.0,14.0,5.0,1.0,11,7,18,0.0,0.0,0.0,0.0,2.0,54.0,40.0,0.2222222222222222,0.5555555555555556,0.6111111111111112,,,,0.0,0.0,0.6666666666666666,0.6666666666666666,0.6666666666666666,0.0,0.6666666666666666,0.0,3.0,1.6666666666666667,0.3333333333333333,0.0,0.0,0.0,0.0,0.0,4.666666666666667,1.6666666666666667,0.3333333333333333,3.6666666666666665,2.3333333333333335,6.0,0.0,0.0,0.0,0.0,0.6666666666666666,18.0,13.333333333333334,0.6666666666666666
000410,Eli Gobrecht,ARC,Archers,1,D,Defense,2023-09-24,2023-09-24,0.0,0.0,0.0,0.0,0.0,0.0,0.0,0,0.0,0.0,0.0,0.0,0.0,0.0,3.0,0.0,3.0,2,12,14,0.0,0.0,0.0,0.0,0.0,6.0,6.0,,,0.14285714285714285,,,,,,0.0,0.0,0.0,0.0,0.0,0.0,0.0,0.0,0.0,0.0,0.0,0.0,0.0,0.0,3.0,0.0,3.0,2.0,12.0,14.0,0.0,0.0,0.0,0.0,0.0,6.0,6.0,0.0
000410,Eli Gobrecht,ATL,Atlas,1,D,Defense,2022-09-03,2022-09-03,0.0,0.0,0.0,0.0,0.0,0.0,0.0,0,0.0,0.0,0.0,0.0,0.0,0.0,2.0,1.0,0.0,0,0,0,0.0,0.0,1.0,1.0,0.0,6.0,5.0,,,,,,,,,0.0,0.0,0.0,0.0,0.0,0.0,0.0,0.0,0.0,0.0,0.0,0.0,0.0,0.0,2.0,1.0,0.0,0.0,0.0,0.0,0.0,0.0,1.0,1.0,0.0,6.0,5.0,0.0
000410,Eli Gobrecht,CAN,Cannons,1,D,Defense,2023-09-10,2023-09-10,0.0,0.0,0.0,0.0,0.0,0.0,0.0,0,0.0,0.0,0.0,0.0,0.0,0.0,1.0,0.0,1.0,2,5,8,0.0,0.0,0.0,0.0,0.0,1.0,1.0,,,0.25,,,,,,0.0,0.0,0.0,0.0,0.0,0.0,0.0,0.0,0.0,0.0,0.0,0.0,0.0,0.0,1.0,0.0,1.0,2.0,5.0,8.0,0.0,0.0,0.0,0.0,0.0,1.0,1.0,0.0
000410,Eli Gobrecht,CHA,Chaos,1,D,Defense,2022-09-18,2022-09-18,0.0,0.0,0.0,0.0,0.0,0.0,0.0,0,0.0,0.0,0.0,0.0,0.0,0.0,1.0,0.0,1.0,0,0,0,0.0,0.0,0.0,0.0,0.0,2.0,2.0,,,,,,,,,0.0,0.0,0.0,0.0,0.0,0.0,0.0,0.0,0.0,0.0,0.0,0.0,0.0,0.0,1.0,0.0,1.0,0.0,0.0,0.0,0.0,0.0,0.0,0.0,0.0,2.0,2.0,0.0
000410,Eli Gobrecht,WHP,Whipsnakes,2,D,Defense,2022-09-11,2023-09-04,0.0,0.0,0.0,0.0,0.0,0.0,3.0,1,0.0,0.0,0.0,0.0,0.0,0.0,6.0,0.0,1.0,1,15,17,0.0,0.0,0.0,0.0,1.0,12.0,9.0,0.0,0.3333333333333333,0.058823529411764705,,,,0.0,,0.0,0.0,0.0,0.0,0.0,0.0,1.5,0.5,0.0,0.0,0.0,0.0,0.0,0.0,3.0,0.0,0.5,0.5,7.5,8.5,0.0,0.0,0.0,0.0,0.5,6.0,4.5,0.5
000414,Rob Pannell,ARC,Archers,2,A,Attack,2022-09-03,2023-09-10,6.0,6.0,4.0,1.0,5.0,0.0,15.0,10,3.0,0.0,0.0,0.0,0.0,0.0,1.0,5.0,1.0,0,0,0,0.0,0.0,0.0,0.0,14.0,68.0,48.0,0.3333333333333333,0.6666666666666666,,,,,0.0,0.3333333333333333,3.0,3.0,2.0,0.5,2.5,0.0,7.5,5.0,1.5,0.0,0.0,0.0,0.0,0.0,0.5,2.5,0.5,0.0,0.0,0.0,0.0,0.0,0.0,0.0,7.0,34.0,24.0,7.0
000414,Rob Pannell,CAN,Cannons,1,A,Attack,2026-08-30,2026-08-30,2.0,1.0,1.0,0.0,1.0,1.0,5.0,2,0.0,0.0,0.0,0.0,0.0,0.0,2.0,4.0,1.0,0,0,0,0.0,0.0,0.0,0.0,2.0,21.0,12.0,0.2,0.4,,,,,0.5,,2.0,1.0,1.0,0.0,1.0,1.0,5.0,2.0,0.0,0.0,0.0,0.0,0.0,0.0,2.0,4.0,1.0,0.0,0.0,0.0,0.0,0.0,0.0,0.0,2.0,21.0,12.0,2.0
000414,Rob Pannell,CHA,Chaos,1,A,Attack,2023-09-04,2023-09-04,3.0,0.0,0.0,0.0,0.0,3.0,6.0,2,2.0,0.0,0.0,0.0,0.0,0.0,3.0,3.0,0.0,0,0,0,0.0,0.0,0.0,0.0,7.0,53.0,44.0,0.0,0.3333333333333333,,,,,0.42857142857142855,0.0,3.0,0.0,0.0,0.0,0.0,3.0,6.0,2.0,2.0,0.0,0.0,0.0,0.0,0.0,3.0,3.0,0.0,0.0,0.0,0.0,0.0,0.0,0.0,0.0,7.0,53.0,44.0,7.0
000414,Rob Pannell,WAT,Waterdogs,1,A,Attack,2025-08-23,2025-08-23,4.0,2.0,2.0,0.0,2.0,2.0,4.0,3,0.0,0.0,0.0,0.0,0.0,0.0,1.0,1.0,0.0,0,0,0,0.0,0.0,0.0,0.0,2.0,29.0,24.0,0.5,0.75,,,,,1.0,,4.0,2.0,2.0,0.0,2.0,2.0,4.0,3.0,0.0,0.0,0.0,0.0,0.0,0.0,1.0,1.0,0.0,0.0,0.0,0.0,0.0,0.0,0.0,0.0,2.0,29.0,24.0,2.0
000416,Ryland Rees,ARC,Archers,1,LSM,Long Stick Midfield,2023-09-24,2023-09-24,0.0,0.0,0.0,0.0,0.0,0.0,2.0,2,2.0,0.0,0.0,0.0,0.0,0.0,1.0,0.0,0.0,0,0,0,0.0,0.0,0.0,0.0,0.0,3.0,1.0,0.0,1.0,,,,,,0.0,0.0,0.0,0.0,0.0,0.0,0.0,2.0,2.0,2.0,0.0,0.0,0.0,0.0,0.0,1.0,0.0,0.0,0.0,0.0,0.0,0.0,0.0,0.0,0.0,0.0,3.0,1.0,0.0
000416,Ryland Rees,ATL,Atlas,1,LSM,Long Stick Midfield,2022-09-03,2022-09-03,2.0,2.0,2.0,0.0,2.0,0.0,4.0,2,1.0,0.0,0.0,0.0,0.0,0.0,6.0,0.0,0.0,0,0,0,0.0,0.0,0.0,0.0,1.0,11.0,7.0,0.5,0.5,,,,,0.0,0.0,2.0,2.0,2.0,0.0,2.0,0.0,4.0,2.0,1.0,0.0,0.0,0.0,0.0,0.0,6.0,0.0,0.0,0.0,0.0,0.0,0.0,0.0,0.0,0.0,1.0,11.0,7.0,1.0
000416,Ryland Rees,CAN,Cannons,1,LSM,Long Stick Midfield,2023-09-10,2023-09-10,0.0,0.0,0.0,0.0,0.0,0.0,0.0,0,0.0,0.0,0.0,0.0,0.0,0.0,2.0,0.0,0.0,0,0,0,0.0,0.0,1.0,0.5,0.0,2.0,2.0,,,,,,,,,0.0,0.0,0.0,0.0,0.0,0.0,0.0,0.0,0.0,0.0,0.0,0.0,0.0,0.0,2.0,0.0,0.0,0.0,0.0,0.0,0.0,0.0,1.0,0.5,0.0,2.0,2.0,0.0
000416,Ryland Rees,CHA,Chaos,2,LSM,Long Stick Midfield,2022-09-18,2025-08-24,0.0,0.0,0.0,0.0,0.0,0.0,2.0,2,1.0,0.0,0.0,0.0,0.0,0.0,2.0,0.0,3.0,0,0,0,0.0,0.0,0.0,0.0,2.0,6.0,4.0,0.0,1.0,,,,,0.0,0.0,0.0,0.0,0.0,0.0,0.0,0.0,1.0,1.0,0.5,0.0,0.0,0.0,0.0,0.0,1.0,0.0,1.5,0.0,0.0,0.0,0.0,0.0,0.0,0.0,1.0,3.0,2.0,1.0
000416,Ryland Rees,OUT,Outlaws,1,LSM,Long Stick Midfield,2025-09-01,2025-09-01,0.0,0.0,0.0,0.0,0.0,0.0,0.0,0,0.0,0.0,0.0,0.0,0.0,0.0,1.0,0.0,0.0,0,0,0,0.0,0.0,0.0,0.0,0.0,2.0,2.0,,,,,,,,,0.0,0.0,0.0,0.0,0.0,0.0,0.0,0.0,0.0,0.0,0.0,0.0,0.0,0.0,1.0,0.0,0.0,0.0,0.0,0.0,0.0,0.0,0.0,0.0,0.0,2.0,2.0,0.0
000416,Ryland Rees,WHP,Whipsnakes,2,LSM,Long Stick Midfield,2022-09-11,2023-09-04,0.0,0.0,0.0,0.0,0.0,0.0,1.0,0,1.0,0.0,0.0,0.0,0.0,0.0,5.0,0.0,1.0,0,0,0,0.0,0.0,0.0,0.0,0.0,10.0,9.0,0.0,0.0,,,,,,0.0,0.0,0.0,0.0,0.0,0.0,0.0,0.5,0.0,0.5,0.0,0.0,0.0,0.0,0.0,2.5,0.0,0.5,0.0,0.0,0.0,0.0,0.0,0.0,0.0,0.0,5.0,4.5,0.0
000417,Finn Sullivan,ARC,Archers,1,D,Defense,2022-09-03,2022-09-03,0.0,0.0,0.0,0.0,0.0,0.0,0.0,0,0.0,0.0,0.0,0.0,0.0,0.0,0.0,1.0,1.0,0,0,0,0.0,0.0,1.0,1.0,0.0,8.0,7.0,,,,,,,,,0.0,0.0,0.0,0.0,0.0,0.0,0.0,0.0,0.0,0.0,0.0,0.0,0.0,0.0,0.0,1.0,1.0,0.0,0.0,0.0,0.0,0.0,1.0,1.0,0.0,8.0,7.0,0.0
000418,Dillon Ward,ARC,Archers,1,G,Goalie,2023-09-24,2023-09-24,0.0,0.0,0.0,0.0,0.0,0.0,0.0,0,0.0,7.0,3.0,4.0,14.0,16.031809145129227,1.0,1.0,0.0,0,0,0,13.0,1.0,0.0,0.0,0.0,9.0,8.0,,,,0.35,42.857142857142854,0.15,,,0.0,0.0,0.0,0.0,0.0,0.0,0.0,0.0,0.0,7.0,3.0,4.0,14.0,16.031809145129227,1.0,1.0,0.0,0.0,0.0,0.0,13.0,1.0,0.0,0.0,0.0,9.0,8.0,0.0
000418,Dillon Ward,ATL,Atlas,1,G,Goalie,2022-09-03,2022-09-03,0.0,0.0,0.0,0.0,0.0,0.0,0.0,0,0.0,13.0,1.0,12.0,14.0,14.0,1.0,1.0,1.0,0,0,0,12.0,2.0,0.0,0.0,0.0,10.0,9.0,,,,0.52,7.6923076923076925,0.04,,,0.0,0.0,0.0,0.0,0.0,0.0,0.0,0.0,0.0,13.0,1.0,12.0,14.0,14.0,1.0,1.0,1.0,0.0,0.0,0.0,12.0,2.0,0.0,0.0,0.0,10.0,9.0,0.0
000418,Dillon Ward,CAN,Cannons,1,G,Goalie,2023-09-10,2023-09-10,0.0,0.0,0.0,0.0,0.0,0.0,0.0,0,0.0,13.0,5.0,8.0,6.0,6.6080305927342256,2.0,0.0,0.0,0,0,0,5.0,1.0,0.0,0.0,0.0,10.0,10.0,,,,0.7222222222222222,38.46153846153847,0.2777777777777778,,,0.0,0.0,0.0,0.0,0.0,0.0,0.0,0.0,0.0,13.0,5.0,8.0,6.0,6.6080305927342256,2.0,0.0,0.0,0.0,0.0,0.0,5.0,1.0,0.0,0.0,0.0,10.0,10.0,0.0
000418,Dillon Ward,CHA,Chaos,1,G,Goalie,2022-09-18,2022-09-18,0.0,0.0,0.0,0.0,0.0,0.0,0.0,0,0.0,13.0,1.0,12.0,9.0,9.0,2.0,1.0,0.0,0,0,0,8.0,1.0,0.0,0.0,0.0,13.0,12.0,,,,0.6190476190476191,7.6923076923076925,0.047619047619047616,,,0.0,0.0,0.0,0.0,0.0,0.0,0.0,0.0,0.0,13.0,1.0,12.0,9.0,9.0,2.0,1.0,0.0,0.0,0.0,0.0,8.0,1.0,0.0,0.0,0.0,13.0,12.0,0.0
000418,Dillon Ward,OUT,Outlaws,1,G,Goalie,2026-08-29,2026-08-29,0.0,0.0,0.0,0.0,0.0,0.0,0.0,0,0.0,3.0,0.0,3.0,12.0,24.0,0.0,0.0,1.0,0,0,0,11.0,1.0,0.0,0.0,0.0,4.0,4.0,,,,0.21428571428571427,0.0,0.0,,,0.0,0.0,0.0,0.0,0.0,0.0,0.0,0.0,0.0,3.0,0.0,3.0,12.0,24.0,0.0,0.0,1.0,0.0,0.0,0.0,11.0,1.0,0.0,0.0,0.0,4.0,4.0,0.0
000418,Dillon Ward,WHP,Whipsnakes,2,G,Goalie,2022-09-11,2023-09-04,0.0,0.0,0.0,0.0,0.0,0.0,0.0,0,0.0,35.0,11.0,24.0,22.0,22.0,2.0,0.0,1.0,0,0,0,22.0,0.0,0.0,0.0,0.0,21.0,21.0,,,,0.6140350877192983,31.428571428571427,0.19298245614035087,,,0.0,0.0,0.0,0.0,0.0,0.0,0.0,0.0,0.0,17.5,5.5,12.0,11.0,11.0,1.0,0.0,0.5,0.0,0.0,0.0,11.0,0.0,0.0,0.0,0.0,10.5,10.5,0.0
000419,Zed Williams,ARC,Archers,1,A,Attack,2024-09-15,2024-09-15,1.0,1.0,1.0,0.0,1.0,0.0,10.0,8,2.0,0.0,0.0,0.0,0.0,0.0,1.0,2.0,0.0,0,0,0,0.0,0.0,0.0,0.0,2.0,22.0,10.0,0.1,0.8,,,,,0.0,0.0,1.0,1.0,1.0,0.0,1.0,0.0,10.0,8.0,2.0,0.0,0.0,0.0,0.0,0.0,1.0,2.0,0.0,0.0,0.0,0.0,0.0,0.0,0.0,0.0,2.0,22.0,10.0,2.0
000419,Zed Williams,ATL,Atlas,1,A,Attack,2024-09-07,2024-09-07,0.0,0.0,0.0,0.0,0.0,0.0,4.0,3,1.0,0.0,0.0,0.0,0.0,0.0,2.0,2.0,1.0,0,0,0,0.0,0.0,0.0,0.0,1.0,13.0,7.0,0.0,0.75,,,,,0.0,0.0,0.0,0.0,0.0,0.0,0.0,0.0,4.0,3.0,1.0,0.0,0.0,0.0,0.0,0.0,2.0,2.0,1.0,0.0,0.0,0.0,0.0,0.0,0.0,0.0,1.0,13.0,7.0,1.0
000419,Zed Williams,OUT,Outlaws,1,A,Attack,2024-09-02,2024-09-02,1.0,1.0,1.0,0.0,1.0,0.0,6.0,4,0.0,0.0,0.0,0.0,0.0,0.0,1.0,2.0,0.0,0,0,0,0.0,0.0,0.0,0.0,0.0,21.0,13.0,0.16666666666666666,0.6666666666666666,,,,,,,1.0,1.0,1.0,0.0,1.0,0.0,6.0,4.0,0.0,0.0,0.0,0.0,0.0,0.0,1.0,2.0,0.0,0.0,0.0,0.0,0.0,0.0,0.0,0.0,0.0,21.0,13.0,0.0
000419,Zed Williams,WAT,Waterdogs,2,A,Attack,2022-09-11,2023-09-04,6.0,4.0,4.0,0.0,4.0,2.0,12.0,8,1.0,0.0,0.0,0.0,0.0,0.0,1.0,3.0,0.0,0,0,0,0.0,0.0,1.0,0.5,7.0,47.0,32.0,0.3333333333333333,0.6666666666666666,,,,,0.2857142857142857,0.0,3.0,2.0,2.0,0.0,2.0,1.0,6.0,4.0,0.5,0.0,0.0,0.0,0.0,0.0,0.5,1.5,0.0,0.0,0.0,0.0,0.0,0.0,0.5,0.25,3.5,23.5,16.0,3.5
000422,Eli Salama,CHA,Chaos,1,LSM,Long Stick Midfield,2022-09-03,2022-09-03,0.0,0.0,0.0,0.0,0.0,0.0,0.0,0,0.0,0.0,0.0,0.0,0.0,0.0,0.0,1.0,0.0,0,0,0,0.0,0.0,0.0,0.0,0.0,3.0,2.0,,,,,,,,,0.0,0.0,0.0,0.0,0.0,0.0,0.0,0.0,0.0,0.0,0.0,0.0,0.0,0.0,0.0,1.0,0.0,0.0,0.0,0.0,0.0,0.0,0.0,0.0,0.0,3.0,2.0,0.0
000424,Jake Pulver,ATL,Atlas,1,D,Defense,2023-09-04,2023-09-04,0.0,0.0,0.0,0.0,0.0,0.0,0.0,0,0.0,0.0,0.0,0.0,0.0,0.0,0.0,0.0,1.0,0,11,11,0.0,0.0,0.0,0.0,0.0,1.0,1.0,,,0.0,,,,,,0.0,0.0,0.0,0.0,0.0,0.0,0.0,0.0,0.0,0.0,0.0,0.0,0.0,0.0,0.0,0.0,1.0,0.0,11.0,11.0,0.0,0.0,0.0,0.0,0.0,1.0,1.0,0.0
000424,Jake Pulver,CHA,Chaos,1,D,Defense,2024-09-02,2024-09-02,0.0,0.0,0.0,0.0,0.0,0.0,0.0,0,0.0,0.0,0.0,0.0,0.0,0.0,3.0,0.0,1.0,0,0,0,0.0,0.0,0.0,0.0,0.0,4.0,4.0,,,,,,,,,0.0,0.0,0.0,0.0,0.0,0.0,0.0,0.0,0.0,0.0,0.0,0.0,0.0,0.0,3.0,0.0,1.0,0.0,0.0,0.0,0.0,0.0,0.0,0.0,0.0,4.0,4.0,0.0
000424,Jake Pulver,WAT,Waterdogs,1,D,Defense,2023-09-10,2023-09-10,0.0,0.0,0.0,0.0,0.0,0.0,0.0,0,0.0,0.0,0.0,0.0,0.0,0.0,0.0,0.0,1.0,3,5,8,0.0,0.0,0.0,0.0,0.0,1.0,1.0,,,0.375,,,,,,0.0,0.0,0.0,0.0,0.0,0.0,0.0,0.0,0.0,0.0,0.0,0.0,0.0,0.0,0.0,0.0,1.0,3.0,5.0,8.0,0.0,0.0,0.0,0.0,0.0,1.0,1.0,0.0
000427,Jake Withers,ATL,Atlas,1,FO,Faceoff,2022-09-03,2022-09-03,0.0,0.0,0.0,0.0,0.0,0.0,0.0,0,0.0,0.0,0.0,0.0,0.0,0.0,3.0,0.0,1.0,17,16,33,0.0,0.0,0.0,0.0,0.0,3.0,3.0,,,0.5151515151515151,,,,,,0.0,0.0,0.0,0.0,0.0,0.0,0.0,0.0,0.0,0.0,0.0,0.0,0.0,0.0,3.0,0.0,1.0,17.0,16.0,33.0,0.0,0.0,0.0,0.0,0.0,3.0,3.0,0.0
000427,Jake Withers,CHA,Chaos,1,FO,Faceoff,2022-09-18,2022-09-18,0.0,0.0,0.0,0.0,0.0,0.0,3.0,2,0.0,0.0,0.0,0.0,0.0,0.0,11.0,0.0,1.0,13,10,23,0.0,0.0,0.0,0.0,1.0,10.0,7.0,0.0,0.6666666666666666,0.5652173913043478,,,,0.0,,0.0,0.0,0.0,0.0,0.0,0.0,3.0,2.0,0.0,0.0,0.0,0.0,0.0,0.0,11.0,0.0,1.0,13.0,10.0,23.0,0.0,0.0,0.0,0.0,1.0,10.0,7.0,1.0
000427,Jake Withers,WHP,Whipsnakes,1,FO,Faceoff,2022-09-11,2022-09-11,0.0,0.0,0.0,0.0,0.0,0.0,0.0,0,0.0,0.0,0.0,0.0,0.0,0.0,5.0,1.0,1.0,11,12,23,0.0,0.0,1.0,0.5,0.0,4.0,3.0,,,0.4782608695652174,,,,,,0.0,0.0,0.0,0.0,0.0,0.0,0.0,0.0,0.0,0.0,0.0,0.0,0.0,0.0,5.0,1.0,1.0,11.0,12.0,23.0,0.0,0.0,1.0,0.5,0.0,4.0,3.0,0.0
000614,Brian Phipps,WAT,Waterdogs,1,G,Goalie,2023-09-04,2023-09-04,0.0,0.0,0.0,0.0,0.0,0.0,0.0,0,0.0,5.0,1.0,4.0,5.0,7.912087912087912,2.0,0.0,0.0,0,0,0,5.0,0.0,0.0,0.0,0.0,8.0,8.0,,,,0.5,20.0,0.1,,,0.0,0.0,0.0,0.0,0.0,0.0,0.0,0.0,0.0,5.0,1.0,4.0,5.0,7.912087912087912,2.0,0.0,0.0,0.0,0.0,0.0,5.0,0.0,0.0,0.0,0.0,8.0,8.0,0.0
000727,CJ Costabile,ARC,Archers,1,LSM,Long Stick Midfield,2022-09-11,2022-09-11,0.0,0.0,0.0,0.0,0.0,0.0,0.0,0,0.0,0.0,0.0,0.0,0.0,0.0,2.0,1.0,0.0,0,0,0,0.0,0.0,0.0,0.0,0.0,5.0,4.0,,,,,,,,,0.0,0.0,0.0,0.0,0.0,0.0,0.0,0.0,0.0,0.0,0.0,0.0,0.0,0.0,2.0,1.0,0.0,0.0,0.0,0.0,0.0,0.0,0.0,0.0,0.0,5.0,4.0,0.0
000727,CJ Costabile,OUT,Outlaws,1,LSM,Long Stick Midfield,2022-09-03,2022-09-03,1.0,1.0,1.0,0.0,1.0,0.0,1.0,1,0.0,0.0,0.0,0.0,0.0,0.0,0.0,0.0,1.0,1,0,1,0.0,0.0,1.0,1.0,0.0,2.0,1.0,1.0,1.0,1.0,,,,,,1.0,1.0,1.0,0.0,1.0,0.0,1.0,1.0,0.0,0.0,0.0,0.0,0.0,0.0,0.0,0.0,1.0,1.0,0.0,1.0,0.0,0.0,1.0,1.0,0.0,2.0,1.0,0.0
000727,CJ Costabile,RED,Redwoods,1,LSM,Long Stick Midfield,2023-09-04,2023-09-04,0.0,0.0,0.0,0.0,0.0,0.0,2.0,1,1.0,0.0,0.0,0.0,0.0,0.0,3.0,0.0,0.0,1,0,1,0.0,0.0,0.0,0.0,1.0,4.0,2.0,0.0,0.5,1.0,,,,0.0,0.0,0.0,0.0,0.0,0.0,0.0,0.0,2.0,1.0,1.0,0.0,0.0,0.0,0.0,0.0,3.0,0.0,0.0,1.0,0.0,1.0,0.0,0.0,0.0,0.0,1.0,4.0,2.0,1.0
000727,CJ Costabile,WAT,Waterdogs,1,LSM,Long Stick Midfield,2022-09-18,2022-09-18,0.0,0.0,0.0,0.0,0.0,0.0,2.0,1,2.0,0.0,0.0,0.0,0.0,0.0,1.0,0.0,0.0,0,1,1,0.0,0.0,0.0,0.0,0.0,4.0,2.0,0.0,0.5,0.0,,,,,0.0,0.0,0.0,0.0,0.0,0.0,0.0,2.0,1.0,2.0,0.0,0.0,0.0,0.0,0.0,1.0,0.0,0.0,0.0,1.0,1.0,0.0,0.0,0.0,0.0,0.0,4.0,2.0,0.0
000921,Challen Rogers,ARC,Archers,1,M,Midfield,2022-09-11,2022-09-11,0.0,0.0,0.0,0.0,0.0,0.0,3.0,0,0.0,0.0,0.0,0.0,0.0,0.0,2.0,4.0,0.0,0,0,0,0.0,0.0,0.0,0.0,4.0,23.0,16.0,0.0,0.0,,,,,0.0,,0.0,0.0,0.0,0.0,0.0,0.0,3.0,0.0,0.0,0.0,0.0,0.0,0.0,0.0,2.0,4.0,0.0,0.0,0.0,0.0,0.0,0.0,0.0,0.0,4.0,23.0,16.0,4.0
000921,Challen Rogers,OUT,Outlaws,1,M,Midfield,2022-09-03,2022-09-03,4.0,3.0,3.0,0.0,3.0,1.0,5.0,5,0.0,0.0,0.0,0.0,0.0,0.0,3.0,1.0,0.0,0,0,0,0.0,0.0,0.0,0.0,7.0,34.0,28.0,0.6,1.0,,,,,0.14285714285714285,,4.0,3.0,3.0,0.0,3.0,1.0,5.0,5.0,0.0,0.0,0.0,0.0,0.0,0.0,3.0,1.0,0.0,0.0,0.0,0.0,0.0,0.0,0.0,0.0,7.0,34.0,28.0,7.0
000921,Challen Rogers,RED,Redwoods,1,M,Midfield,2023-09-10,2023-09-10,1.0,0.0,0.0,0.0,0.0,1.0,0.0,0,0.0,0.0,0.0,0.0,0.0,0.0,4.0,1.0,0.0,0,0,0,0.0,0.0,0.0,0.0,2.0,8.0,7.0,,,,,,,0.5,,1.0,0.0,0.0,0.0,0.0,1.0,0.0,0.0,0.0,0.0,0.0,0.0,0.0,0.0,4.0,1.0,0.0,0.0,0.0,0.0,0.0,0.0,0.0,0.0,2.0,8.0,7.0,2.0
000921,Challen Rogers,WAT,Waterdogs,2,M,Midfield,2022-09-18,2023-09-24,3.0,1.0,1.0,0.0,1.0,2.0,5.0,2,0.0,0.0,0.0,0.0,0.0,0.0,2.0,2.0,1.0,0,0,0,0.0,0.0,0.0,0.0,5.0,20.0,13.0,0.2,0.4,,,,,0.4,,1.5,0.5,0.5,0.0,0.5,1.0,2.5,1.0,0.0,0.0,0.0,0.0,0.0,0.0,1.0,1.0,0.5,0.0,0.0,0.0,0.0,0.0,0.0,0.0,2.5,10.0,6.5,2.5
000922,Graeme Hossack,CHA,Chaos,2,D,Defense,2022-09-11,2024-09-07,2.0,2.0,0.0,1.0,1.0,0.0,1.0,1,1.0,0.0,0.0,0.0,0.0,0.0,3.0,0.0,5.0,0,1,1,0.0,0.0,0.0,0.0,0.0,13.0,12.0,1.0,1.0,0.0,,,,,1.0,1.0,1.0,0.0,0.5,0.5,0.0,0.5,0.5,0.5,0.0,0.0,0.0,0.0,0.0,1.5,0.0,2.5,0.0,0.5,0.5,0.0,0.0,0.0,0.0,0.0,6.5,6.0,0.0
000922,Graeme Hossack,RED,Redwoods,2,D,Defense,2022-09-03,2023-09-10,0.0,0.0,0.0,0.0,0.0,0.0,0.0,0,0.0,0.0,0.0,0.0,0.0,0.0,5.0,1.0,4.0,3,0,3,0.0,0.0,1.0,0.5,1.0,15.0,14.0,,,1.0,,,,0.0,,0.0,0.0,0.0,0.0,0.0,0.0,0.0,0.0,0.0,0.0,0.0,0.0,0.0,0.0,2.5,0.5,2.0,1.5,0.0,1.5,0.0,0.0,0.5,0.25,0.5,7.5,7.0,0.5
000922,Graeme Hossack,WAT,Waterdogs,1,D,Defense,2023-09-24,2023-09-24,0.0,0.0,0.0,0.0,0.0,0.0,1.0,0,1.0,0.0,0.0,0.0,0.0,0.0,4.0,0.0,0.0,0,0,0,0.0,0.0,1.0,1.0,0.0,6.0,5.0,0.0,0.0,,,,,,0.0,0.0,0.0,0.0,0.0,0.0,0.0,1.0,0.0,1.0,0.0,0.0,0.0,0.0,0.0,4.0,0.0,0.0,0.0,0.0,0.0,0.0,0.0,1.0,1.0,0.0,6.0,5.0,0.0
000922,Graeme Hossack,WHP,Whipsnakes,1,D,Defense,2024-09-15,2024-09-15,0.0,0.0,0.0,0.0,0.0,0.0,0.0,0,0.0,0.0,0.0,0.0,0.0,0.0,3.0,0.0,1.0,0,0,0,0.0,0.0,0.0,0.0,0.0,7.0,7.0,,,,,,,,,0.0,0.0,0.0,0.0,0.0,0.0,0.0,0.0,0.0,0.0,0.0,0.0,0.0,0.0,3.0,0.0,1.0,0.0,0.0,0.0,0.0,0.0,0.0,0.0,0.0,7.0,7.0,0.0
000925,Liam Byrnes,ARC,Archers,1,D,Defense,2023-09-24,2023-09-24,0.0,0.0,0.0,0.0,0.0,0.0,1.0,0,1.0,0.0,0.0,0.0,0.0,0.0,7.0,0.0,0.0,0,0,0,0.0,0.0,0.0,0.0,0.0,11.0,10.0,0.0,0.0,,,,,,0.0,0.0,0.0,0.0,0.0,0.0,0.0,1.0,0.0,1.0,0.0,0.0,0.0,0.0,0.0,7.0,0.0,0.0,0.0,0.0,0.0,0.0,0.0,0.0,0.0,0.0,11.0,10.0,0.0
000925,Liam Byrnes,ATL,Atlas,1,D,Defense,2022-09-03,2022-09-03,0.0,0.0,0.0,0.0,0.0,0.0,0.0,0,0.0,0.0,0.0,0.0,0.0,0.0,3.0,0.0,2.0,0,0,0,0.0,0.0,0.0,0.0,0.0,8.0,8.0,,,,,,,,,0.0,0.0,0.0,0.0,0.0,0.0,0.0,0.0,0.0,0.0,0.0,0.0,0.0,0.0,3.0,0.0,2.0,0.0,0.0,0.0,0.0,0.0,0.0,0.0,0.0,8.0,8.0,0.0
000925,Liam Byrnes,CAN,Cannons,1,D,Defense,2023-09-10,2023-09-10,0.0,0.0,0.0,0.0,0.0,0.0,0.0,0,0.0,0.0,0.0,0.0,0.0,0.0,5.0,3.0,0.0,0,0,0,0.0,0.0,0.0,0.0,0.0,12.0,9.0,,,,,,,,,0.0,0.0,0.0,0.0,0.0,0.0,0.0,0.0,0.0,0.0,0.0,0.0,0.0,0.0,5.0,3.0,0.0,0.0,0.0,0.0,0.0,0.0,0.0,0.0,0.0,12.0,9.0,0.0
000925,Liam Byrnes,CHA,Chaos,1,D,Defense,2022-09-18,2022-09-18,0.0,0.0,0.0,0.0,0.0,0.0,1.0,1,1.0,0.0,0.0,0.0,0.0,0.0,5.0,1.0,1.0,0,0,0,0.0,0.0,0.0,0.0,2.0,12.0,10.0,0.0,1.0,,,,,0.0,0.0,0.0,0.0,0.0,0.0,0.0,0.0,1.0,1.0,1.0,0.0,0.0,0.0,0.0,0.0,5.0,1.0,1.0,0.0,0.0,0.0,0.0,0.0,0.0,0.0,2.0,12.0,10.0,2.0
000925,Liam Byrnes,WHP,Whipsnakes,2,D,Defense,2022-09-11,2023-09-04,0.0,0.0,0.0,0.0,0.0,0.0,0.0,0,0.0,0.0,0.0,0.0,0.0,0.0,7.0,0.0,1.0,0,0,0,0.0,0.0,1.0,1.0,0.0,17.0,17.0,,,,,,,,,0.0,0.0,0.0,0.0,0.0,0.0,0.0,0.0,0.0,0.0,0.0,0.0,0.0,0.0,3.5,0.0,0.5,0.0,0.0,0.0,0.0,0.0,0.5,0.5,0.0,8.5,8.5,0.0
000946,Bryan Cole,WAT,Waterdogs,1,M,Midfield,2022-09-11,2022-09-11,0.0,0.0,0.0,0.0,0.0,0.0,2.0,1,0.0,0.0,0.0,0.0,0.0,0.0,1.0,0.0,0.0,0,0,0,0.0,0.0,0.0,0.0,4.0,18.0,16.0,0.0,0.5,,,,,0.0,,0.0,0.0,0.0,0.0,0.0,0.0,2.0,1.0,0.0,0.0,0.0,0.0,0.0,0.0,1.0,0.0,0.0,0.0,0.0,0.0,0.0,0.0,0.0,0.0,4.0,18.0,16.0,4.0
000978,Kyle Jackson,ARC,Archers,2,M,Midfield,2022-09-11,2024-09-07,3.0,3.0,3.0,0.0,3.0,0.0,9.0,6,0.0,0.0,0.0,0.0,0.0,0.0,1.0,3.0,0.0,0,0,0,0.0,0.0,2.0,1.5,1.0,37.0,25.0,0.3333333333333333,0.6666666666666666,,,,,0.0,,1.5,1.5,1.5,0.0,1.5,0.0,4.5,3.0,0.0,0.0,0.0,0.0,0.0,0.0,0.5,1.5,0.0,0.0,0.0,0.0,0.0,0.0,1.0,0.75,0.5,18.5,12.5,0.5
000978,Kyle Jackson,CAN,Cannons,1,M,Midfield,2024-09-02,2024-09-02,2.0,2.0,2.0,0.0,2.0,0.0,3.0,3,0.0,0.0,0.0,0.0,0.0,0.0,1.0,4.0,0.0,0,0,0,0.0,0.0,0.0,0.0,1.0,25.0,18.0,0.6666666666666666,1.0,,,,,0.0,,2.0,2.0,2.0,0.0,2.0,0.0,3.0,3.0,0.0,0.0,0.0,0.0,0.0,0.0,1.0,4.0,0.0,0.0,0.0,0.0,0.0,0.0,0.0,0.0,1.0,25.0,18.0,1.0
000978,Kyle Jackson,OUT,Outlaws,1,M,Midfield,2022-09-03,2022-09-03,0.0,0.0,0.0,0.0,0.0,0.0,2.0,1,0.0,0.0,0.0,0.0,0.0,0.0,2.0,0.0,0.0,0,0,0,0.0,0.0,0.0,0.0,0.0,8.0,6.0,0.0,0.5,,,,,,,0.0,0.0,0.0,0.0,0.0,0.0,2.0,1.0,0.0,0.0,0.0,0.0,0.0,0.0,2.0,0.0,0.0,0.0,0.0,0.0,0.0,0.0,0.0,0.0,0.0,8.0,6.0,0.0
000978,Kyle Jackson,RED,Redwoods,1,M,Midfield,2023-09-04,2023-09-04,0.0,0.0,0.0,0.0,0.0,0.0,1.0,1,1.0,0.0,0.0,0.0,0.0,0.0,1.0,0.0,0.0,0,0,0,0.0,0.0,0.0,0.0,2.0,12.0,11.0,0.0,1.0,,,,,0.0,0.0,0.0,0.0,0.0,0.0,0.0,0.0,1.0,1.0,1.0,0.0,0.0,0.0,0.0,0.0,1.0,0.0,0.0,0.0,0.0,0.0,0.0,0.0,0.0,0.0,2.0,12.0,11.0,2.0
000978,Kyle Jackson,WAT,Waterdogs,1,M,Midfield,2022-09-18,2022-09-18,1.0,1.0,1.0,0.0,1.0,0.0,6.0,2,0.0,0.0,0.0,0.0,0.0,0.0,1.0,0.0,0.0,0,0,0,0.0,0.0,0.0,0.0,1.0,15.0,9.0,0.16666666666666666,0.3333333333333333,,,,,0.0,,1.0,1.0,1.0,0.0,1.0,0.0,6.0,2.0,0.0,0.0,0.0,0.0,0.0,0.0,1.0,0.0,0.0,0.0,0.0,0.0,0.0,0.0,0.0,0.0,1.0,15.0,9.0,1.0
001001,Dylan Molloy,CAN,Cannons,1,M,Midfield,2023-09-04,2023-09-04,0.0,0.0,0.0,0.0,0.0,0.0,1.0,1,0.0,0.0,0.0,0.0,0.0,0.0,0.0,2.0,0.0,0,0,0,0.0,0.0,0.0,0.0,1.0,7.0,4.0,0.0,1.0,,,,,0.0,,0.0,0.0,0.0,0.0,0.0,0.0,1.0,1.0,0.0,0.0,0.0,0.0,0.0,0.0,0.0,2.0,0.0,0.0,0.0,0.0,0.0,0.0,0.0,0.0,1.0,7.0,4.0,1.0
001001,Dylan Molloy,CHA,Chaos,2,A,Attack,2022-09-03,2025-08-24,1.0,1.0,1.0,0.0,1.0,0.0,12.0,6,0.0,0.0,0.0,0.0,0.0,0.0,1.0,4.0,0.0,0,0,0,0.0,0.0,0.0,0.0,4.0,53.0,37.0,0.08333333333333333,0.5,,,,,0.0,,0.5,0.5,0.5,0.0,0.5,0.0,6.0,3.0,0.0,0.0,0.0,0.0,0.0,0.0,0.5,2.0,0.0,0.0,0.0,0.0,0.0,0.0,0.0,0.0,2.0,26.5,18.5,2.0
001001,Dylan Molloy,OUT,Outlaws,2,A,Attack,2025-09-01,2026-08-29,11.0,9.0,9.0,0.0,9.0,2.0,18.0,11,0.0,0.0,0.0,0.0,0.0,0.0,4.0,4.0,1.0,0,0,0,0.0,0.0,0.0,0.0,4.0,49.0,27.0,0.5,0.6111111111111112,,,,,0.5,,5.5,4.5,4.5,0.0,4.5,1.0,9.0,5.5,0.0,0.0,0.0,0.0,0.0,0.0,2.0,2.0,0.5,0.0,0.0,0.0,0.0,0.0,0.0,0.0,2.0,24.5,13.5,2.0
001009,Colin Heacock,ARC,Archers,1,M,Midfield,2024-09-15,2024-09-15,0.0,0.0,0.0,0.0,0.0,0.0,2.0,0,1.0,0.0,0.0,0.0,0.0,0.0,1.0,1.0,0.0,0,0,0,0.0,0.0,0.0,0.0,0.0,8.0,5.0,0.0,0.0,,,,,,0.0,0.0,0.0,0.0,0.0,0.0,0.0,2.0,0.0,1.0,0.0,0.0,0.0,0.0,0.0,1.0,1.0,0.0,0.0,0.0,0.0,0.0,0.0,0.0,0.0,0.0,8.0,5.0,0.0
001009,Colin Heacock,ATL,Atlas,1,M,Midfield,2024-09-07,2024-09-07,3.0,3.0,3.0,0.0,3.0,0.0,4.0,3,0.0,0.0,0.0,0.0,0.0,0.0,0.0,1.0,0.0,0,0,0,0.0,0.0,0.0,0.0,0.0,15.0,10.0,0.75,0.75,,,,,,,3.0,3.0,3.0,0.0,3.0,0.0,4.0,3.0,0.0,0.0,0.0,0.0,0.0,0.0,0.0,1.0,0.0,0.0,0.0,0.0,0.0,0.0,0.0,0.0,0.0,15.0,10.0,0.0
001009,Colin Heacock,CAN,Cannons,1,M,Midfield,2026-08-30,2026-08-30,0.0,0.0,0.0,0.0,0.0,0.0,0.0,0,0.0,0.0,0.0,0.0,0.0,0.0,0.0,1.0,0.0,0,0,0,0.0,0.0,0.0,0.0,0.0,7.0,6.0,,,,,,,,,0.0,0.0,0.0,0.0,0.0,0.0,0.0,0.0,0.0,0.0,0.0,0.0,0.0,0.0,0.0,1.0,0.0,0.0,0.0,0.0,0.0,0.0,0.0,0.0,0.0,7.0,6.0,0.0
001009,Colin Heacock,CHA,Chaos,1,M,Midfield,2022-09-03,2022-09-03,0.0,0.0,0.0,0.0,0.0,0.0,1.0,1,0.0,0.0,0.0,0.0,0.0,0.0,4.0,1.0,0.0,0,0,0,0.0,0.0,0.0,0.0,1.0,22.0,20.0,0.0,1.0,,,,,0.0,,0.0,0.0,0.0,0.0,0.0,0.0,1.0,1.0,0.0,0.0,0.0,0.0,0.0,0.0,4.0,1.0,0.0,0.0,0.0,0.0,0.0,0.0,0.0,0.0,1.0,22.0,20.0,1.0
001009,Colin Heacock,OUT,Outlaws,1,M,Midfield,2024-09-02,2024-09-02,1.0,1.0,1.0,0.0,1.0,0.0,2.0,2,0.0,0.0,0.0,0.0,0.0,0.0,0.0,0.0,0.0,0,0,0,0.0,0.0,0.0,0.0,0.0,11.0,9.0,0.5,1.0,,,,,,,1.0,1.0,1.0,0.0,1.0,0.0,2.0,2.0,0.0,0.0,0.0,0.0,0.0,0.0,0.0,0.0,0.0,0.0,0.0,0.0,0.0,0.0,0.0,0.0,0.0,11.0,9.0,0.0
001009,Colin Heacock,WAT,Waterdogs,1,M,Midfield,2025-08-23,2025-08-23,1.0,1.0,1.0,0.0,1.0,0.0,5.0,4,0.0,0.0,0.0,0.0,0.0,0.0,1.0,1.0,0.0,0,0,0,0.0,0.0,0.0,0.0,0.0,16.0,10.0,0.2,0.8,,,,,,,1.0,1.0,1.0,0.0,1.0,0.0,5.0,4.0,0.0,0.0,0.0,0.0,0.0,0.0,1.0,1.0,0.0,0.0,0.0,0.0,0.0,0.0,0.0,0.0,0.0,16.0,10.0,0.0
001010,Isaiah Davis-Allen,ARC,Archers,2,SSDM,Defensive Midfield,2022-09-03,2023-09-10,0.0,0.0,0.0,0.0,0.0,0.0,1.0,0,0.0,0.0,0.0,0.0,0.0,0.0,0.0,0.0,0.0,2,1,3,0.0,0.0,0.0,0.0,1.0,12.0,11.0,0.0,0.0,0.6666666666666666,,,,0.0,,0.0,0.0,0.0,0.0,0.0,0.0,0.5,0.0,0.0,0.0,0.0,0.0,0.0,0.0,0.0,0.0,0.0,1.0,0.5,1.5,0.0,0.0,0.0,0.0,0.5,6.0,5.5,0.5
001010,Isaiah Davis-Allen,CHA,Chaos,1,SSDM,Defensive Midfield,2023-09-04,2023-09-04,0.0,0.0,0.0,0.0,0.0,0.0,0.0,0,0.0,0.0,0.0,0.0,0.0,0.0,0.0,0.0,1.0,0,3,3,0.0,0.0,0.0,0.0,0.0,3.0,3.0,,,0.0,,,,,,0.0,0.0,0.0,0.0,0.0,0.0,0.0,0.0,0.0,0.0,0.0,0.0,0.0,0.0,0.0,0.0,1.0,0.0,3.0,3.0,0.0,0.0,0.0,0.0,0.0,3.0,3.0,0.0
001020,Mike Messenger,CHA,Chaos,1,SSDM,Defensive Midfield,2022-09-03,2022-09-03,0.0,0.0,0.0,0.0,0.0,0.0,0.0,0,0.0,0.0,0.0,0.0,0.0,0.0,0.0,0.0,1.0,0,1,1,0.0,0.0,0.0,0.0,1.0,4.0,4.0,,,0.0,,,,0.0,,0.0,0.0,0.0,0.0,0.0,0.0,0.0,0.0,0.0,0.0,0.0,0.0,0.0,0.0,0.0,0.0,1.0,0.0,1.0,1.0,0.0,0.0,0.0,0.0,1.0,4.0,4.0,1.0
001391,Mikie Schlosser,ATL,Atlas,2,M,Midfield,2022-09-03,2025-09-01,2.0,2.0,0.0,1.0,1.0,0.0,6.0,3,2.0,0.0,0.0,0.0,0.0,0.0,0.0,2.0,0.0,0,0,0,0.0,0.0,0.0,0.0,0.0,21.0,13.0,0.16666666666666666,0.5,,,,,,0.5,1.0,1.0,0.0,0.5,0.5,0.0,3.0,1.5,1.0,0.0,0.0,0.0,0.0,0.0,0.0,1.0,0.0,0.0,0.0,0.0,0.0,0.0,0.0,0.0,0.0,10.5,6.5,0.0
001391,Mikie Schlosser,WHP,Whipsnakes,2,M,Midfield,2022-09-11,2025-08-23,0.0,0.0,0.0,0.0,0.0,0.0,1.0,0,0.0,0.0,0.0,0.0,0.0,0.0,0.0,2.0,0.0,0,0,0,0.0,0.0,0.0,0.0,1.0,8.0,5.0,0.0,0.0,,,,,0.0,,0.0,0.0,0.0,0.0,0.0,0.0,0.5,0.0,0.0,0.0,0.0,0.0,0.0,0.0,0.0,1.0,0.0,0.0,0.0,0.0,0.0,0.0,0.0,0.0,0.5,4.0,2.5,0.5
001397,Michael Rexrode,CAN,Cannons,1,D,Defense,2023-09-04,2023-09-04,0.0,0.0,0.0,0.0,0.0,0.0,0.0,0,0.0,0.0,0.0,0.0,0.0,0.0,1.0,0.0,0.0,0,0,0,0.0,0.0,0.0,0.0,0.0,4.0,4.0,,,,,,,,,0.0,0.0,0.0,0.0,0.0,0.0,0.0,0.0,0.0,0.0,0.0,0.0,0.0,0.0,1.0,0.0,0.0,0.0,0.0,0.0,0.0,0.0,0.0,0.0,0.0,4.0,4.0,0.0
001397,Michael Rexrode,OUT,Outlaws,1,D,Defense,2025-09-14,2025-09-14,1.0,0.0,0.0,0.0,0.0,1.0,0.0,0,0.0,0.0,0.0,0.0,0.0,0.0,3.0,0.0,0.0,0,0,0,0.0,0.0,0.0,0.0,1.0,8.0,8.0,,,,,,,1.0,,1.0,0.0,0.0,0.0,0.0,1.0,0.0,0.0,0.0,0.0,0.0,0.0,0.0,0.0,3.0,0.0,0.0,0.0,0.0,0.0,0.0,0.0,0.0,0.0,1.0,8.0,8.0,1.0
001397,Michael Rexrode,WAT,Waterdogs,2,D,Defense,2022-09-03,2025-09-01,0.0,0.0,0.0,0.0,0.0,0.0,1.0,0,1.0,0.0,0.0,0.0,0.0,0.0,1.0,0.0,2.0,0,0,0,0.0,0.0,0.0,0.0,0.0,10.0,9.0,0.0,0.0,,,,,,0.0,0.0,0.0,0.0,0.0,0.0,0.0,0.5,0.0,0.5,0.0,0.0,0.0,0.0,0.0,0.5,0.0,1.0,0.0,0.0,0.0,0.0,0.0,0.0,0.0,0.0,5.0,4.5,0.0
001397,Michael Rexrode,WHP,Whipsnakes,1,D,Defense,2024-09-07,2024-09-07,0.0,0.0,0.0,0.0,0.0,0.0,0.0,0,0.0,0.0,0.0,0.0,0.0,0.0,3.0,0.0,2.0,0,0,0,0.0,0.0,0.0,0.0,0.0,7.0,7.0,,,,,,,,,0.0,0.0,0.0,0.0,0.0,0.0,0.0,0.0,0.0,0.0,0.0,0.0,0.0,0.0,3.0,0.0,2.0,0.0,0.0,0.0,0.0,0.0,0.0,0.0,0.0,7.0,7.0,0.0
001402,Max Adler,ARC,Archers,1,FO,Faceoff,2022-09-11,2022-09-11,0.0,0.0,0.0,0.0,0.0,0.0,2.0,2,0.0,0.0,0.0,0.0,0.0,0.0,7.0,1.0,0.0,13,7,20,0.0,0.0,0.0,0.0,1.0,7.0,4.0,0.0,1.0,0.65,,,,0.0,,0.0,0.0,0.0,0.0,0.0,0.0,2.0,2.0,0.0,0.0,0.0,0.0,0.0,0.0,7.0,1.0,0.0,13.0,7.0,20.0,0.0,0.0,0.0,0.0,1.0,7.0,4.0,1.0
001402,Max Adler,OUT,Outlaws,1,FO,Faceoff,2022-09-03,2022-09-03,0.0,0.0,0.0,0.0,0.0,0.0,0.0,0,0.0,0.0,0.0,0.0,0.0,0.0,6.0,0.0,0.0,10,7,17,0.0,0.0,0.0,0.0,0.0,4.0,4.0,,,0.5882352941176471,,,,,,0.0,0.0,0.0,0.0,0.0,0.0,0.0,0.0,0.0,0.0,0.0,0.0,0.0,0.0,6.0,0.0,0.0,10.0,7.0,17.0,0.0,0.0,0.0,0.0,0.0,4.0,4.0,0.0
001402,Max Adler,WAT,Waterdogs,1,FO,Faceoff,2022-09-18,2022-09-18,0.0,0.0,0.0,0.0,0.0,0.0,0.0,0,0.0,0.0,0.0,0.0,0.0,0.0,4.0,2.0,0.0,10,12,22,0.0,0.0,0.0,0.0,0.0,4.0,2.0,,,0.45454545454545453,,,,,,0.0,0.0,0.0,0.0,0.0,0.0,0.0,0.0,0.0,0.0,0.0,0.0,0.0,0.0,4.0,2.0,0.0,10.0,12.0,22.0,0.0,0.0,0.0,0.0,0.0,4.0,2.0,0.0
001406,Ben Randall,ARC,Archers,1,D,Defense,2023-09-24,2023-09-24,0.0,0.0,0.0,0.0,0.0,0.0,0.0,0,0.0,0.0,0.0,0.0,0.0,0.0,2.0,0.0,0.0,0,0,0,0.0,0.0,0.0,0.0,0.0,9.0,9.0,,,,,,,,,0.0,0.0,0.0,0.0,0.0,0.0,0.0,0.0,0.0,0.0,0.0,0.0,0.0,0.0,2.0,0.0,0.0,0.0,0.0,0.0,0.0,0.0,0.0,0.0,0.0,9.0,9.0,0.0
001406,Ben Randall,ATL,Atlas,2,D,Defense,2022-09-03,2025-09-01,1.0,0.0,0.0,0.0,0.0,1.0,0.0,0,0.0,0.0,0.0,0.0,0.0,0.0,5.0,1.0,5.0,0,0,0,0.0,0.0,0.0,0.0,1.0,17.0,16.0,,,,,,,1.0,,0.5,0.0,0.0,0.0,0.0,0.5,0.0,0.0,0.0,0.0,0.0,0.0,0.0,0.0,2.5,0.5,2.5,0.0,0.0,0.0,0.0,0.0,0.0,0.0,0.5,8.5,8.0,0.5
001406,Ben Randall,CAN,Cannons,1,D,Defense,2023-09-10,2023-09-10,0.0,0.0,0.0,0.0,0.0,0.0,0.0,0,0.0,0.0,0.0,0.0,0.0,0.0,1.0,0.0,1.0,0,0,0,0.0,0.0,0.0,0.0,0.0,8.0,8.0,,,,,,,,,0.0,0.0,0.0,0.0,0.0,0.0,0.0,0.0,0.0,0.0,0.0,0.0,0.0,0.0,1.0,0.0,1.0,0.0,0.0,0.0,0.0,0.0,0.0,0.0,0.0,8.0,8.0,0.0
001406,Ben Randall,CHA,Chaos,1,D,Defense,2022-09-18,2022-09-18,0.0,0.0,0.0,0.0,0.0,0.0,0.0,0,0.0,0.0,0.0,0.0,0.0,0.0,3.0,1.0,0.0,0,0,0,0.0,0.0,0.0,0.0,1.0,7.0,6.0,,,,,,,0.0,,0.0,0.0,0.0,0.0,0.0,0.0,0.0,0.0,0.0,0.0,0.0,0.0,0.0,0.0,3.0,1.0,0.0,0.0,0.0,0.0,0.0,0.0,0.0,0.0,1.0,7.0,6.0,1.0
001406,Ben Randall,RED,Redwoods,1,D,Defense,2026-08-29,2026-08-29,0.0,0.0,0.0,0.0,0.0,0.0,0.0,0,0.0,0.0,0.0,0.0,0.0,0.0,1.0,0.0,1.0,0,0,0,0.0,0.0,0.0,0.0,0.0,3.0,3.0,,,,,,,,,0.0,0.0,0.0,0.0,0.0,0.0,0.0,0.0,0.0,0.0,0.0,0.0,0.0,0.0,1.0,0.0,1.0,0.0,0.0,0.0,0.0,0.0,0.0,0.0,0.0,3.0,3.0,0.0
001406,Ben Randall,WHP,Whipsnakes,3,D,Defense,2022-09-11,2025-08-23,0.0,0.0,0.0,0.0,0.0,0.0,0.0,0,0.0,0.0,0.0,0.0,0.0,0.0,6.0,2.0,3.0,0,0,0,0.0,0.0,0.0,0.0,0.0,21.0,19.0,,,,,,,,,0.0,0.0,0.0,0.0,0.0,0.0,0.0,0.0,0.0,0.0,0.0,0.0,0.0,0.0,2.0,0.6666666666666666,1.0,0.0,0.0,0.0,0.0,0.0,0.0,0.0,0.0,7.0,6.333333333333333,0.0
001661,Warren Jeffrey,CHA,Chaos,1,D,Defense,2024-09-07,2024-09-07,0.0,0.0,0.0,0.0,0.0,0.0,0.0,0,0.0,0.0,0.0,0.0,0.0,0.0,0.0,0.0,0.0,0,0,0,0.0,0.0,0.0,0.0,0.0,4.0,4.0,,,,,,,,,0.0,0.0,0.0,0.0,0.0,0.0,0.0,0.0,0.0,0.0,0.0,0.0,0.0,0.0,0.0,0.0,0.0,0.0,0.0,0.0,0.0,0.0,0.0,0.0,0.0,4.0,4.0,0.0
001661,Warren Jeffrey,RED,Redwoods,1,D,Defense,2023-09-10,2023-09-10,0.0,0.0,0.0,0.0,0.0,0.0,0.0,0,0.0,0.0,0.0,0.0,0.0,0.0,2.0,1.0,1.0,0,0,0,0.0,0.0,0.0,0.0,0.0,8.0,7.0,,,,,,,,,0.0,0.0,0.0,0.0,0.0,0.0,0.0,0.0,0.0,0.0,0.0,0.0,0.0,0.0,2.0,1.0,1.0,0.0,0.0,0.0,0.0,0.0,0.0,0.0,0.0,8.0,7.0,0.0
001661,Warren Jeffrey,WAT,Waterdogs,1,D,Defense,2023-09-24,2023-09-24,0.0,0.0,0.0,0.0,0.0,0.0,0.0,0,0.0,0.0,0.0,0.0,0.0,0.0,2.0,0.0,0.0,0,0,0,0.0,0.0,0.0,0.0,0.0,4.0,4.0,,,,,,,,,0.0,0.0,0.0,0.0,0.0,0.0,0.0,0.0,0.0,0.0,0.0,0.0,0.0,0.0,2.0,0.0,0.0,0.0,0.0,0.0,0.0,0.0,0.0,0.0,0.0,4.0,4.0,0.0
001661,Warren Jeffrey,WHP,Whipsnakes,1,D,Defense,2024-09-15,2024-09-15,0.0,0.0,0.0,0.0,0.0,0.0,0.0,0,0.0,0.0,0.0,0.0,0.0,0.0,2.0,0.0,0.0,0,0,0,0.0,0.0,0.0,0.0,0.0,2.0,2.0,,,,,,,,,0.0,0.0,0.0,0.0,0.0,0.0,0.0,0.0,0.0,0.0,0.0,0.0,0.0,0.0,2.0,0.0,0.0,0.0,0.0,0.0,0.0,0.0,0.0,0.0,0.0,2.0,2.0,0.0
001671,Zach Goodrich,ATL,Atlas,1,SSDM,Defensive Midfield,2023-09-04,2023-09-04,0.0,0.0,0.0,0.0,0.0,0.0,0.0,0,0.0,0.0,0.0,0.0,0.0,0.0,0.0,0.0,1.0,0,0,0,0.0,0.0,0.0,0.0,0.0,3.0,3.0,,,,,,,,,0.0,0.0,0.0,0.0,0.0,0.0,0.0,0.0,0.0,0.0,0.0,0.0,0.0,0.0,0.0,0.0,1.0,0.0,0.0,0.0,0.0,0.0,0.0,0.0,0.0,3.0,3.0,0.0
001671,Zach Goodrich,CHA,Chaos,1,SSDM,Defensive Midfield,2024-09-02,2024-09-02,0.0,0.0,0.0,0.0,0.0,0.0,1.0,0,1.0,0.0,0.0,0.0,0.0,0.0,0.0,0.0,0.0,0,0,0,0.0,0.0,0.0,0.0,0.0,2.0,1.0,0.0,0.0,,,,,,0.0,0.0,0.0,0.0,0.0,0.0,0.0,1.0,0.0,1.0,0.0,0.0,0.0,0.0,0.0,0.0,0.0,0.0,0.0,0.0,0.0,0.0,0.0,0.0,0.0,0.0,2.0,1.0,0.0
001671,Zach Goodrich,WAT,Waterdogs,1,SSDM,Defensive Midfield,2023-09-10,2023-09-10,0.0,0.0,0.0,0.0,0.0,0.0,0.0,0,0.0,0.0,0.0,0.0,0.0,0.0,1.0,0.0,0.0,3,0,3,0.0,0.0,0.0,0.0,0.0,2.0,2.0,,,1.0,,,,,,0.0,0.0,0.0,0.0,0.0,0.0,0.0,0.0,0.0,0.0,0.0,0.0,0.0,0.0,1.0,0.0,0.0,3.0,0.0,3.0,0.0,0.0,0.0,0.0,0.0,2.0,2.0,0.0
001671,Zach Goodrich,WHP,Whipsnakes,1,SSDM,Defensive Midfield,2026-08-30,2026-08-30,0.0,0.0,0.0,0.0,0.0,0.0,0.0,0,0.0,0.0,0.0,0.0,0.0,0.0,0.0,0.0,0.0,0,0,0,0.0,0.0,0.0,0.0,0.0,2.0,2.0,,,,,,,,,0.0,0.0,0.0,0.0,0.0,0.0,0.0,0.0,0.0,0.0,0.0,0.0,0.0,0.0,0.0,0.0,0.0,0.0,0.0,0.0,0.0,0.0,0.0,0.0,0.0,2.0,2.0,0.0
001707,Matt Whitcher,ARC,Archers,1,SSDM,Defensive Midfield,2023-09-24,2023-09-24,0.0,0.0,0.0,0.0,0.0,0.0,0.0,0,0.0,0.0,0.0,0.0,0.0,0.0,1.0,2.0,1.0,0,0,0,0.0,0.0,1.0,0.5,0.0,4.0,2.0,,,,,,,,,0.0,0.0,0.0,0.0,0.0,0.0,0.0,0.0,0.0,0.0,0.0,0.0,0.0,0.0,1.0,2.0,1.0,0.0,0.0,0.0,0.0,0.0,1.0,0.5,0.0,4.0,2.0,0.0
001707,Matt Whitcher,ATL,Atlas,2,SSDM,Defensive Midfield,2022-09-03,2025-09-01,2.0,1.0,1.0,0.0,1.0,1.0,1.0,1,0.0,0.0,0.0,0.0,0.0,0.0,5.0,1.0,0.0,0,2,2,0.0,0.0,2.0,1.0,1.0,15.0,13.0,1.0,1.0,0.0,,,,1.0,,1.0,0.5,0.5,0.0,0.5,0.5,0.5,0.5,0.0,0.0,0.0,0.0,0.0,0.0,2.5,0.5,0.0,0.0,1.0,1.0,0.0,0.0,1.0,0.5,0.5,7.5,6.5,0.5
001707,Matt Whitcher,CAN,Cannons,1,SSDM,Defensive Midfield,2023-09-10,2023-09-10,0.0,0.0,0.0,0.0,0.0,0.0,0.0,0,0.0,0.0,0.0,0.0,0.0,0.0,0.0,0.0,0.0,0,0,0,0.0,0.0,0.0,0.0,0.0,6.0,6.0,,,,,,,,,0.0,0.0,0.0,0.0,0.0,0.0,0.0,0.0,0.0,0.0,0.0,0.0,0.0,0.0,0.0,0.0,0.0,0.0,0.0,0.0,0.0,0.0,0.0,0.0,0.0,6.0,6.0,0.0
001707,Matt Whitcher,CHA,Chaos,1,SSDM,Defensive Midfield,2022-09-18,2022-09-18,0.0,0.0,0.0,0.0,0.0,0.0,0.0,0,0.0,0.0,0.0,0.0,0.0,0.0,1.0,1.0,1.0,0,0,0,0.0,0.0,0.0,0.0,0.0,6.0,5.0,,,,,,,,,0.0,0.0,0.0,0.0,0.0,0.0,0.0,0.0,0.0,0.0,0.0,0.0,0.0,0.0,1.0,1.0,1.0,0.0,0.0,0.0,0.0,0.0,0.0,0.0,0.0,6.0,5.0,0.0
001707,Matt Whitcher,WHP,Whipsnakes,3,SSDM,Defensive Midfield,2022-09-11,2025-08-23,2.0,2.0,2.0,0.0,2.0,0.0,2.0,2,0.0,0.0,0.0,0.0,0.0,0.0,1.0,1.0,0.0,0,0,0,0.0,0.0,0.0,0.0,1.0,19.0,16.0,1.0,1.0,,,,,0.0,,0.6666666666666666,0.6666666666666666,0.6666666666666666,0.0,0.6666666666666666,0.0,0.6666666666666666,0.6666666666666666,0.0,0.0,0.0,0.0,0.0,0.0,0.3333333333333333,0.3333333333333333,0.0,0.0,0.0,0.0,0.0,0.0,0.0,0.0,0.3333333333333333,6.333333333333333,5.333333333333333,0.3333333333333333
001724,Sean Sconone,CHA,Chaos,1,G,Goalie,2022-09-03,2022-09-03,0.0,0.0,0.0,0.0,0.0,0.0,0.0,0,0.0,15.0,4.0,11.0,11.0,11.0,0.0,0.0,0.0,0,0,0,11.0,0.0,0.0,0.0,4.0,13.0,13.0,,,,0.5769230769230769,26.666666666666668,0.15384615384615385,0.0,,0.0,0.0,0.0,0.0,0.0,0.0,0.0,0.0,0.0,15.0,4.0,11.0,11.0,11.0,0.0,0.0,0.0,0.0,0.0,0.0,11.0,0.0,0.0,0.0,4.0,13.0,13.0,4.0
001729,Chris Aslanian,ATL,Atlas,1,M,Midfield,2023-09-04,2023-09-04,0.0,0.0,0.0,0.0,0.0,0.0,2.0,0,1.0,0.0,0.0,0.0,0.0,0.0,0.0,2.0,0.0,0,0,0,0.0,0.0,0.0,0.0,0.0,13.0,9.0,0.0,0.0,,,,,,0.0,0.0,0.0,0.0,0.0,0.0,0.0,2.0,0.0,1.0,0.0,0.0,0.0,0.0,0.0,0.0,2.0,0.0,0.0,0.0,0.0,0.0,0.0,0.0,0.0,0.0,13.0,9.0,0.0
001729,Chris Aslanian,CHA,Chaos,1,M,Midfield,2024-09-02,2024-09-02,1.0,0.0,0.0,0.0,0.0,1.0,1.0,0,1.0,0.0,0.0,0.0,0.0,0.0,0.0,2.0,0.0,0,0,0,0.0,0.0,0.0,0.0,3.0,26.0,23.0,0.0,0.0,,,,,0.3333333333333333,0.0,1.0,0.0,0.0,0.0,0.0,1.0,1.0,0.0,1.0,0.0,0.0,0.0,0.0,0.0,0.0,2.0,0.0,0.0,0.0,0.0,0.0,0.0,0.0,0.0,3.0,26.0,23.0,3.0
001729,Chris Aslanian,WAT,Waterdogs,1,M,Midfield,2023-09-10,2023-09-10,3.0,2.0,0.0,1.0,1.0,1.0,3.0,1,2.0,0.0,0.0,0.0,0.0,0.0,0.0,2.0,0.0,0,0,0,0.0,0.0,0.0,0.0,3.0,17.0,12.0,0.3333333333333333,0.3333333333333333,,,,,0.3333333333333333,0.5,3.0,2.0,0.0,1.0,1.0,1.0,3.0,1.0,2.0,0.0,0.0,0.0,0.0,0.0,0.0,2.0,0.0,0.0,0.0,0.0,0.0,0.0,0.0,0.0,3.0,17.0,12.0,3.0
001733,Charlie Hayes,ARC,Archers,1,SSDM,Defensive Midfield,2023-09-24,2023-09-24,0.0,0.0,0.0,0.0,0.0,0.0,0.0,0,0.0,0.0,0.0,0.0,0.0,0.0,1.0,1.0,0.0,0,0,0,0.0,0.0,0.0,0.0,0.0,5.0,4.0,,,,,,,,,0.0,0.0,0.0,0.0,0.0,0.0,0.0,0.0,0.0,0.0,0.0,0.0,0.0,0.0,1.0,1.0,0.0,0.0,0.0,0.0,0.0,0.0,0.0,0.0,0.0,5.0,4.0,0.0
001733,Charlie Hayes,CAN,Cannons,1,SSDM,Defensive Midfield,2023-09-10,2023-09-10,1.0,1.0,1.0,0.0,1.0,0.0,1.0,1,0.0,0.0,0.0,0.0,0.0,0.0,0.0,1.0,0.0,0,0,0,0.0,0.0,0.0,0.0,0.0,5.0,3.0,1.0,1.0,,,,,,,1.0,1.0,1.0,0.0,1.0,0.0,1.0,1.0,0.0,0.0,0.0,0.0,0.0,0.0,0.0,1.0,0.0,0.0,0.0,0.0,0.0,0.0,0.0,0.0,0.0,5.0,3.0,0.0
001733,Charlie Hayes,WHP,Whipsnakes,1,SSDM,Defensive Midfield,2023-09-04,2023-09-04,0.0,0.0,0.0,0.0,0.0,0.0,0.0,0,0.0,0.0,0.0,0.0,0.0,0.0,1.0,0.0,0.0,0,0,0,0.0,0.0,0.0,0.0,0.0,6.0,6.0,,,,,,,,,0.0,0.0,0.0,0.0,0.0,0.0,0.0,0.0,0.0,0.0,0.0,0.0,0.0,0.0,1.0,0.0,0.0,0.0,0.0,0.0,0.0,0.0,0.0,0.0,0.0,6.0,6.0,0.0
001746,Daniel Bucaro,WAT,Waterdogs,1,M,Midfield,2022-09-03,2022-09-03,0.0,0.0,0.0,0.0,0.0,0.0,5.0,3,0.0,0.0,0.0,0.0,0.0,0.0,0.0,1.0,0.0,0,0,0,0.0,0.0,0.0,0.0,0.0,11.0,5.0,0.0,0.6,,,,,,,0.0,0.0,0.0,0.0,0.0,0.0,5.0,3.0,0.0,0.0,0.0,0.0,0.0,0.0,0.0,1.0,0.0,0.0,0.0,0.0,0.0,0.0,0.0,0.0,0.0,11.0,5.0,0.0
001760,Pat Aslanian,ATL,Atlas,1,SSDM,Defensive Midfield,2023-09-04,2023-09-04,2.0,2.0,0.0,1.0,1.0,0.0,2.0,1,2.0,0.0,0.0,0.0,0.0,0.0,1.0,0.0,0.0,0,0,0,0.0,0.0,0.0,0.0,0.0,7.0,5.0,0.5,0.5,,,,,,0.5,2.0,2.0,0.0,1.0,1.0,0.0,2.0,1.0,2.0,0.0,0.0,0.0,0.0,0.0,1.0,0.0,0.0,0.0,0.0,0.0,0.0,0.0,0.0,0.0,0.0,7.0,5.0,0.0
001760,Pat Aslanian,WAT,Waterdogs,1,SSDM,Defensive Midfield,2023-09-10,2023-09-10,0.0,0.0,0.0,0.0,0.0,0.0,2.0,0,2.0,0.0,0.0,0.0,0.0,0.0,2.0,0.0,0.0,0,0,0,0.0,0.0,1.0,0.5,0.0,7.0,5.0,0.0,0.0,,,,,,0.0,0.0,0.0,0.0,0.0,0.0,0.0,2.0,0.0,2.0,0.0,0.0,0.0,0.0,0.0,2.0,0.0,0.0,0.0,0.0,0.0,0.0,0.0,1.0,0.5,0.0,7.0,5.0,0.0
001793,Chase Fraser,ARC,Archers,1,A,Attack,2022-09-11,2022-09-11,0.0,0.0,0.0,0.0,0.0,0.0,2.0,1,0.0,0.0,0.0,0.0,0.0,0.0,0.0,2.0,0.0,0,0,0,0.0,0.0,0.0,0.0,2.0,16.0,12.0,0.0,0.5,,,,,0.0,,0.0,0.0,0.0,0.0,0.0,0.0,2.0,1.0,0.0,0.0,0.0,0.0,0.0,0.0,0.0,2.0,0.0,0.0,0.0,0.0,0.0,0.0,0.0,0.0,2.0,16.0,12.0,2.0
001793,Chase Fraser,OUT,Outlaws,1,A,Attack,2022-09-03,2022-09-03,2.0,2.0,2.0,0.0,2.0,0.0,6.0,4,0.0,0.0,0.0,0.0,0.0,0.0,0.0,1.0,0.0,0,0,0,0.0,0.0,0.0,0.0,3.0,25.0,18.0,0.3333333333333333,0.6666666666666666,,,,,0.0,,2.0,2.0,2.0,0.0,2.0,0.0,6.0,4.0,0.0,0.0,0.0,0.0,0.0,0.0,0.0,1.0,0.0,0.0,0.0,0.0,0.0,0.0,0.0,0.0,3.0,25.0,18.0,3.0
001793,Chase Fraser,RED,Redwoods,1,A,Attack,2023-09-04,2023-09-04,0.0,0.0,0.0,0.0,0.0,0.0,2.0,1,1.0,0.0,0.0,0.0,0.0,0.0,0.0,1.0,0.0,0,0,0,0.0,0.0,0.0,0.0,0.0,9.0,6.0,0.0,0.5,,,,,,0.0,0.0,0.0,0.0,0.0,0.0,0.0,2.0,1.0,1.0,0.0,0.0,0.0,0.0,0.0,0.0,1.0,0.0,0.0,0.0,0.0,0.0,0.0,0.0,0.0,0.0,9.0,6.0,0.0
001793,Chase Fraser,WAT,Waterdogs,1,A,Attack,2022-09-18,2022-09-18,0.0,0.0,0.0,0.0,0.0,0.0,2.0,0,0.0,0.0,0.0,0.0,0.0,0.0,1.0,1.0,1.0,0,0,0,0.0,0.0,1.0,2.0,1.0,10.0,7.0,0.0,0.0,,,,,0.0,,0.0,0.0,0.0,0.0,0.0,0.0,2.0,0.0,0.0,0.0,0.0,0.0,0.0,0.0,1.0,1.0,1.0,0.0,0.0,0.0,0.0,0.0,1.0,2.0,1.0,10.0,7.0,1.0
001795,Christian Scarpello,ARC,Archers,1,SSDM,Defensive Midfield,2023-09-24,2023-09-24,0.0,0.0,0.0,0.0,0.0,0.0,0.0,0,0.0,0.0,0.0,0.0,0.0,0.0,1.0,0.0,0.0,0,0,0,0.0,0.0,0.0,0.0,0.0,4.0,4.0,,,,,,,,,0.0,0.0,0.0,0.0,0.0,0.0,0.0,0.0,0.0,0.0,0.0,0.0,0.0,0.0,1.0,0.0,0.0,0.0,0.0,0.0,0.0,0.0,0.0,0.0,0.0,4.0,4.0,0.0
001795,Christian Scarpello,ATL,Atlas,2,SSDM,Defensive Midfield,2022-09-03,2025-09-01,1.0,0.0,0.0,0.0,0.0,1.0,2.0,2,0.0,0.0,0.0,0.0,0.0,0.0,0.0,2.0,1.0,0,0,0,0.0,0.0,1.0,0.5,1.0,12.0,8.0,0.0,1.0,,,,,1.0,,0.5,0.0,0.0,0.0,0.0,0.5,1.0,1.0,0.0,0.0,0.0,0.0,0.0,0.0,0.0,1.0,0.5,0.0,0.0,0.0,0.0,0.0,0.5,0.25,0.5,6.0,4.0,0.5
001795,Christian Scarpello,CAN,Cannons,1,SSDM,Defensive Midfield,2023-09-10,2023-09-10,0.0,0.0,0.0,0.0,0.0,0.0,1.0,1,0.0,0.0,0.0,0.0,0.0,0.0,2.0,0.0,0.0,0,0,0,0.0,0.0,0.0,0.0,0.0,12.0,11.0,0.0,1.0,,,,,,,0.0,0.0,0.0,0.0,0.0,0.0,1.0,1.0,0.0,0.0,0.0,0.0,0.0,0.0,2.0,0.0,0.0,0.0,0.0,0.0,0.0,0.0,0.0,0.0,0.0,12.0,11.0,0.0
001795,Christian Scarpello,CHA,Chaos,1,SSDM,Defensive Midfield,2022-09-18,2022-09-18,0.0,0.0,0.0,0.0,0.0,0.0,0.0,0,0.0,0.0,0.0,0.0,0.0,0.0,0.0,1.0,0.0,0,0,0,0.0,0.0,0.0,0.0,0.0,9.0,8.0,,,,,,,,,0.0,0.0,0.0,0.0,0.0,0.0,0.0,0.0,0.0,0.0,0.0,0.0,0.0,0.0,0.0,1.0,0.0,0.0,0.0,0.0,0.0,0.0,0.0,0.0,0.0,9.0,8.0,0.0
001795,Christian Scarpello,WHP,Whipsnakes,3,SSDM,Defensive Midfield,2022-09-11,2025-08-23,0.0,0.0,0.0,0.0,0.0,0.0,1.0,1,0.0,0.0,0.0,0.0,0.0,0.0,4.0,0.0,1.0,0,0,0,0.0,0.0,0.0,0.0,0.0,21.0,20.0,0.0,1.0,,,,,,,0.0,0.0,0.0,0.0,0.0,0.0,0.3333333333333333,0.3333333333333333,0.0,0.0,0.0,0.0,0.0,0.0,1.3333333333333333,0.0,0.3333333333333333,0.0,0.0,0.0,0.0,0.0,0.0,0.0,0.0,7.0,6.666666666666667,0.0
001796,Latrell Harris,CHA,Chaos,1,SSDM,Defensive Midfield,2022-09-11,2022-09-11,0.0,0.0,0.0,0.0,0.0,0.0,0.0,0,0.0,0.0,0.0,0.0,0.0,0.0,1.0,0.0,1.0,0,0,0,0.0,0.0,0.0,0.0,1.0,6.0,6.0,,,,,,,0.0,,0.0,0.0,0.0,0.0,0.0,0.0,0.0,0.0,0.0,0.0,0.0,0.0,0.0,0.0,1.0,0.0,1.0,0.0,0.0,0.0,0.0,0.0,0.0,0.0,1.0,6.0,6.0,1.0
001796,Latrell Harris,RED,Redwoods,1,SSDM,Defensive Midfield,2022-09-03,2022-09-03,1.0,0.0,0.0,0.0,0.0,1.0,0.0,0,0.0,0.0,0.0,0.0,0.0,0.0,3.0,0.0,4.0,0,0,0,0.0,0.0,0.0,0.0,1.0,3.0,3.0,,,,,,,1.0,,1.0,0.0,0.0,0.0,0.0,1.0,0.0,0.0,0.0,0.0,0.0,0.0,0.0,0.0,3.0,0.0,4.0,0.0,0.0,0.0,0.0,0.0,0.0,0.0,1.0,3.0,3.0,1.0
001797,JD Colarusso,WAT,Waterdogs,1,G,Goalie,2022-09-03,2022-09-03,0.0,0.0,0.0,0.0,0.0,0.0,0.0,0,0.0,0.0,0.0,0.0,5.0,13.457943925233645,2.0,0.0,0.0,0,0,0,4.0,1.0,0.0,0.0,0.0,3.0,3.0,,,,0.0,,0.0,,,0.0,0.0,0.0,0.0,0.0,0.0,0.0,0.0,0.0,0.0,0.0,0.0,5.0,13.457943925233645,2.0,0.0,0.0,0.0,0.0,0.0,4.0,1.0,0.0,0.0,0.0,3.0,3.0,0.0
001809,Jeff Teat,CAN,Cannons,1,A,Attack,2023-09-04,2023-09-04,3.0,2.0,2.0,0.0,2.0,1.0,7.0,4,0.0,0.0,0.0,0.0,0.0,0.0,1.0,2.0,0.0,0,0,0,0.0,0.0,0.0,0.0,4.0,25.0,16.0,0.2857142857142857,0.5714285714285714,,,,,0.25,,3.0,2.0,2.0,0.0,2.0,1.0,7.0,4.0,0.0,0.0,0.0,0.0,0.0,0.0,1.0,2.0,0.0,0.0,0.0,0.0,0.0,0.0,0.0,0.0,4.0,25.0,16.0,4.0
001809,Jeff Teat,OUT,Outlaws,1,A,Attack,2025-09-14,2025-09-14,6.0,3.0,3.0,0.0,3.0,3.0,10.0,8,0.0,0.0,0.0,0.0,0.0,0.0,1.0,0.0,0.0,0,0,0,0.0,0.0,1.0,0.5,4.0,25.0,15.0,0.3,0.8,,,,,0.75,,6.0,3.0,3.0,0.0,3.0,3.0,10.0,8.0,0.0,0.0,0.0,0.0,0.0,0.0,1.0,0.0,0.0,0.0,0.0,0.0,0.0,0.0,1.0,0.5,4.0,25.0,15.0,4.0
001809,Jeff Teat,WAT,Waterdogs,2,A,Attack,2022-09-03,2025-09-01,11.0,5.0,3.0,1.0,4.0,6.0,12.0,5,1.0,0.0,0.0,0.0,0.0,0.0,5.0,1.0,1.0,0,0,0,0.0,0.0,0.0,0.0,22.0,70.0,57.0,0.3333333333333333,0.4166666666666667,,,,,0.2727272727272727,1.0,5.5,2.5,1.5,0.5,2.0,3.0,6.0,2.5,0.5,0.0,0.0,0.0,0.0,0.0,2.5,0.5,0.5,0.0,0.0,0.0,0.0,0.0,0.0,0.0,11.0,35.0,28.5,11.0
001809,Jeff Teat,WHP,Whipsnakes,1,A,Attack,2024-09-07,2024-09-07,2.0,2.0,2.0,0.0,2.0,0.0,8.0,5,0.0,0.0,0.0,0.0,0.0,0.0,1.0,3.0,1.0,0,0,0,0.0,0.0,0.0,0.0,10.0,38.0,27.0,0.25,0.625,,,,,0.0,,2.0,2.0,2.0,0.0,2.0,0.0,8.0,5.0,0.0,0.0,0.0,0.0,0.0,0.0,1.0,3.0,1.0,0.0,0.0,0.0,0.0,0.0,0.0,0.0,10.0,38.0,27.0,10.0
001810,Michael Sowers,ARC,Archers,1,A,Attack,2023-09-24,2023-09-24,4.0,2.0,2.0,0.0,2.0,2.0,7.0,6,1.0,0.0,0.0,0.0,0.0,0.0,1.0,2.0,0.0,0,0,0,0.0,0.0,0.0,0.0,5.0,36.0,27.0,0.2857142857142857,0.8571428571428571,,,,,0.4,0.0,4.0,2.0,2.0,0.0,2.0,2.0,7.0,6.0,1.0,0.0,0.0,0.0,0.0,0.0,1.0,2.0,0.0,0.0,0.0,0.0,0.0,0.0,0.0,0.0,5.0,36.0,27.0,5.0
001810,Michael Sowers,ATL,Atlas,2,A,Attack,2022-09-03,2025-09-01,7.0,5.0,5.0,0.0,5.0,2.0,8.0,7,0.0,0.0,0.0,0.0,0.0,0.0,0.0,4.0,0.0,0,0,0,0.0,0.0,0.0,0.0,11.0,48.0,36.0,0.625,0.875,,,,,0.18181818181818182,,3.5,2.5,2.5,0.0,2.5,1.0,4.0,3.5,0.0,0.0,0.0,0.0,0.0,0.0,0.0,2.0,0.0,0.0,0.0,0.0,0.0,0.0,0.0,0.0,5.5,24.0,18.0,5.5
001810,Michael Sowers,CAN,Cannons,1,A,Attack,2023-09-10,2023-09-10,6.0,3.0,3.0,0.0,3.0,3.0,10.0,5,0.0,0.0,0.0,0.0,0.0,0.0,0.0,5.0,1.0,0,0,0,0.0,0.0,0.0,0.0,4.0,37.0,22.0,0.3,0.5,,,,,0.75,,6.0,3.0,3.0,0.0,3.0,3.0,10.0,5.0,0.0,0.0,0.0,0.0,0.0,0.0,0.0,5.0,1.0,0.0,0.0,0.0,0.0,0.0,0.0,0.0,4.0,37.0,22.0,4.0
001810,Michael Sowers,CHA,Chaos,1,A,Attack,2022-09-18,2022-09-18,3.0,2.0,2.0,0.0,2.0,1.0,7.0,5,0.0,0.0,0.0,0.0,0.0,0.0,4.0,3.0,0.0,0,0,0,0.0,0.0,0.0,0.0,6.0,29.0,19.0,0.2857142857142857,0.7142857142857143,,,,,0.16666666666666666,,3.0,2.0,2.0,0.0,2.0,1.0,7.0,5.0,0.0,0.0,0.0,0.0,0.0,0.0,4.0,3.0,0.0,0.0,0.0,0.0,0.0,0.0,0.0,0.0,6.0,29.0,19.0,6.0
001810,Michael Sowers,WHP,Whipsnakes,3,A,Attack,2022-09-11,2025-08-23,19.0,12.0,12.0,0.0,12.0,7.0,18.0,15,0.0,0.0,0.0,0.0,0.0,0.0,1.0,3.0,0.0,0,0,0,0.0,0.0,0.0,0.0,16.0,84.0,63.0,0.6666666666666666,0.8333333333333334,,,,,0.4375,,6.333333333333333,4.0,4.0,0.0,4.0,2.3333333333333335,6.0,5.0,0.0,0.0,0.0,0.0,0.0,0.0,0.3333333333333333,1.0,0.0,0.0,0.0,0.0,0.0,0.0,0.0,0.0,5.333333333333333,28.0,21.0,5.333333333333333
001811,JT Giles-Harris,ATL,Atlas,1,D,Defense,2025-09-14,2025-09-14,0.0,0.0,0.0,0.0,0.0,0.0,0.0,0,0.0,0.0,0.0,0.0,0.0,0.0,2.0,1.0,0.0,0,0,0,0.0,0.0,0.0,0.0,0.0,14.0,13.0,,,,,,,,,0.0,0.0,0.0,0.0,0.0,0.0,0.0,0.0,0.0,0.0,0.0,0.0,0.0,0.0,2.0,1.0,0.0,0.0,0.0,0.0,0.0,0.0,0.0,0.0,0.0,14.0,13.0,0.0
001811,JT Giles-Harris,CHA,Chaos,1,D,Defense,2022-09-03,2022-09-03,0.0,0.0,0.0,0.0,0.0,0.0,1.0,0,0.0,0.0,0.0,0.0,0.0,0.0,0.0,1.0,0.0,0,0,0,0.0,0.0,0.0,0.0,0.0,7.0,5.0,0.0,0.0,,,,,,,0.0,0.0,0.0,0.0,0.0,0.0,1.0,0.0,0.0,0.0,0.0,0.0,0.0,0.0,0.0,1.0,0.0,0.0,0.0,0.0,0.0,0.0,0.0,0.0,0.0,7.0,5.0,0.0
001811,JT Giles-Harris,RED,Redwoods,2,D,Defense,2025-09-01,2026-08-29,0.0,0.0,0.0,0.0,0.0,0.0,0.0,0,0.0,0.0,0.0,0.0,0.0,0.0,3.0,0.0,2.0,0,0,0,0.0,0.0,0.0,0.0,0.0,13.0,13.0,,,,,,,,,0.0,0.0,0.0,0.0,0.0,0.0,0.0,0.0,0.0,0.0,0.0,0.0,0.0,0.0,1.5,0.0,1.0,0.0,0.0,0.0,0.0,0.0,0.0,0.0,0.0,6.5,6.5,0.0
001811,JT Giles-Harris,WHP,Whipsnakes,1,D,Defense,2024-09-02,2024-09-02,0.0,0.0,0.0,0.0,0.0,0.0,0.0,0,0.0,0.0,0.0,0.0,0.0,0.0,0.0,0.0,0.0,0,0,0,0.0,0.0,0.0,0.0,0.0,6.0,6.0,,,,,,,,,0.0,0.0,0.0,0.0,0.0,0.0,0.0,0.0,0.0,0.0,0.0,0.0,0.0,0.0,0.0,0.0,0.0,0.0,0.0,0.0,0.0,0.0,0.0,0.0,0.0,6.0,6.0,0.0
001812,TD Ierlan,ARC,Archers,2,FO,Faceoff,2022-09-03,2023-09-10,1.0,1.0,1.0,0.0,1.0,0.0,5.0,3,0.0,0.0,0.0,0.0,0.0,0.0,13.0,0.0,0.0,25,18,43,0.0,0.0,0.0,0.0,1.0,14.0,9.0,0.2,0.6,0.5813953488372093,,,,0.0,,0.5,0.5,0.5,0.0,0.5,0.0,2.5,1.5,0.0,0.0,0.0,0.0,0.0,0.0,6.5,0.0,0.0,12.5,9.0,21.5,0.0,0.0,0.0,0.0,0.5,7.0,4.5,0.5
001812,TD Ierlan,CHA,Chaos,2,FO,Faceoff,2023-09-04,2025-08-24,1.0,1.0,1.0,0.0,1.0,0.0,1.0,1,0.0,0.0,0.0,0.0,0.0,0.0,10.0,0.0,0.0,25,19,44,0.0,0.0,1.0,0.5,3.0,10.0,9.0,1.0,1.0,0.5681818181818182,,,,0.0,,0.5,0.5,0.5,0.0,0.5,0.0,0.5,0.5,0.0,0.0,0.0,0.0,0.0,0.0,5.0,0.0,0.0,12.5,9.5,22.0,0.0,0.0,0.5,0.25,1.5,5.0,4.5,1.5
001812,TD Ierlan,OUT,Outlaws,2,FO,Faceoff,2025-09-01,2026-08-29,0.0,0.0,0.0,0.0,0.0,0.0,1.0,1,0.0,0.0,0.0,0.0,0.0,0.0,12.0,1.0,0.0,26,23,50,0.0,0.0,0.0,0.0,1.0,11.0,9.0,0.0,1.0,0.52,,,,0.0,,0.0,0.0,0.0,0.0,0.0,0.0,0.5,0.5,0.0,0.0,0.0,0.0,0.0,0.0,6.0,0.5,0.0,13.0,11.5,25.0,0.0,0.0,0.0,0.0,0.5,5.5,4.5,0.5
001813,Jared Conners,CHA,Chaos,2,LSM,Long Stick Midfield,2022-09-11,2025-08-24,0.0,0.0,0.0,0.0,0.0,0.0,2.0,2,0.0,0.0,0.0,0.0,0.0,0.0,5.0,1.0,1.0,0,0,0,0.0,0.0,2.0,1.5,1.0,16.0,13.0,0.0,1.0,,,,,0.0,,0.0,0.0,0.0,0.0,0.0,0.0,1.0,1.0,0.0,0.0,0.0,0.0,0.0,0.0,2.5,0.5,0.5,0.0,0.0,0.0,0.0,0.0,1.0,0.75,0.5,8.0,6.5,0.5
001813,Jared Conners,OUT,Outlaws,2,LSM,Long Stick Midfield,2025-09-01,2026-08-29,0.0,0.0,0.0,0.0,0.0,0.0,1.0,0,1.0,0.0,0.0,0.0,0.0,0.0,2.0,0.0,2.0,0,0,0,0.0,0.0,1.0,1.0,1.0,12.0,11.0,0.0,0.0,,,,,0.0,0.0,0.0,0.0,0.0,0.0,0.0,0.0,0.5,0.0,0.5,0.0,0.0,0.0,0.0,0.0,1.0,0.0,1.0,0.0,0.0,0.0,0.0,0.0,0.5,0.5,0.5,6.0,5.5,0.5
001813,Jared Conners,RED,Redwoods,2,LSM,Long Stick Midfield,2022-09-03,2023-09-10,0.0,0.0,0.0,0.0,0.0,0.0,4.0,1,2.0,0.0,0.0,0.0,0.0,0.0,6.0,0.0,2.0,0,1,1,0.0,0.0,1.0,1.0,0.0,17.0,13.0,0.0,0.25,0.0,,,,,0.0,0.0,0.0,0.0,0.0,0.0,0.0,2.0,0.5,1.0,0.0,0.0,0.0,0.0,0.0,3.0,0.0,1.0,0.0,0.5,0.5,0.0,0.0,0.5,0.5,0.0,8.5,6.5,0.0
001813,Jared Conners,WAT,Waterdogs,1,LSM,Long Stick Midfield,2023-09-24,2023-09-24,0.0,0.0,0.0,0.0,0.0,0.0,1.0,1,1.0,0.0,0.0,0.0,0.0,0.0,2.0,1.0,0.0,0,1,1,0.0,0.0,1.0,0.5,0.0,9.0,7.0,0.0,1.0,0.0,,,,,0.0,0.0,0.0,0.0,0.0,0.0,0.0,1.0,1.0,1.0,0.0,0.0,0.0,0.0,0.0,2.0,1.0,0.0,0.0,1.0,1.0,0.0,0.0,1.0,0.5,0.0,9.0,7.0,0.0
001814,Mac O'Keefe,ARC,Archers,1,M,Midfield,2022-09-11,2022-09-11,1.0,1.0,1.0,0.0,1.0,0.0,5.0,4,2.0,0.0,0.0,0.0,0.0,0.0,0.0,1.0,0.0,0,0,0,0.0,0.0,0.0,0.0,0.0,15.0,9.0,0.2,0.8,,,,,,0.0,1.0,1.0,1.0,0.0,1.0,0.0,5.0,4.0,2.0,0.0,0.0,0.0,0.0,0.0,0.0,1.0,0.0,0.0,0.0,0.0,0.0,0.0,0.0,0.0,0.0,15.0,9.0,0.0
001814,Mac O'Keefe,CHA,Chaos,1,A,Attack,2024-09-07,2024-09-07,3.0,2.0,2.0,0.0,2.0,1.0,6.0,4,0.0,0.0,0.0,0.0,0.0,0.0,1.0,2.0,0.0,0,0,0,0.0,0.0,0.0,0.0,2.0,30.0,22.0,0.3333333333333333,0.6666666666666666,,,,,0.5,,3.0,2.0,2.0,0.0,2.0,1.0,6.0,4.0,0.0,0.0,0.0,0.0,0.0,0.0,1.0,2.0,0.0,0.0,0.0,0.0,0.0,0.0,0.0,0.0,2.0,30.0,22.0,2.0
001814,Mac O'Keefe,OUT,Outlaws,1,M,Midfield,2022-09-03,2022-09-03,1.0,1.0,1.0,0.0,1.0,0.0,7.0,3,2.0,0.0,0.0,0.0,0.0,0.0,0.0,0.0,0.0,0,0,0,0.0,0.0,0.0,0.0,0.0,20.0,13.0,0.14285714285714285,0.42857142857142855,,,,,,0.0,1.0,1.0,1.0,0.0,1.0,0.0,7.0,3.0,2.0,0.0,0.0,0.0,0.0,0.0,0.0,0.0,0.0,0.0,0.0,0.0,0.0,0.0,0.0,0.0,0.0,20.0,13.0,0.0
001814,Mac O'Keefe,RED,Redwoods,1,A,Attack,2023-09-10,2023-09-10,3.0,3.0,3.0,0.0,3.0,0.0,12.0,5,3.0,0.0,0.0,0.0,0.0,0.0,2.0,2.0,0.0,0,0,0,0.0,0.0,0.0,0.0,0.0,27.0,13.0,0.25,0.4166666666666667,,,,,,0.0,3.0,3.0,3.0,0.0,3.0,0.0,12.0,5.0,3.0,0.0,0.0,0.0,0.0,0.0,2.0,2.0,0.0,0.0,0.0,0.0,0.0,0.0,0.0,0.0,0.0,27.0,13.0,0.0
001814,Mac O'Keefe,WAT,Waterdogs,2,A,Attack,2022-09-18,2023-09-24,5.0,4.0,4.0,0.0,4.0,1.0,11.0,9,0.0,0.0,0.0,0.0,0.0,0.0,3.0,3.0,0.0,0,0,0,0.0,0.0,1.0,0.5,3.0,30.0,16.0,0.36363636363636365,0.8181818181818182,,,,,0.3333333333333333,,2.5,2.0,2.0,0.0,2.0,0.5,5.5,4.5,0.0,0.0,0.0,0.0,0.0,0.0,1.5,1.5,0.0,0.0,0.0,0.0,0.0,0.0,0.5,0.25,1.5,15.0,8.0,1.5
001814,Mac O'Keefe,WHP,Whipsnakes,1,A,Attack,2024-09-15,2024-09-15,3.0,3.0,3.0,0.0,3.0,0.0,11.0,6,1.0,0.0,0.0,0.0,0.0,0.0,0.0,1.0,1.0,0,0,0,0.0,0.0,0.0,0.0,1.0,24.0,12.0,0.2727272727272727,0.5454545454545454,,,,,0.0,0.0,3.0,3.0,3.0,0.0,3.0,0.0,11.0,6.0,1.0,0.0,0.0,0.0,0.0,0.0,0.0,1.0,1.0,0.0,0.0,0.0,0.0,0.0,0.0,0.0,1.0,24.0,12.0,1.0
001815,Connor Kirst,CHA,Chaos,1,M,Midfield,2024-09-02,2024-09-02,1.0,1.0,1.0,0.0,1.0,0.0,3.0,2,0.0,0.0,0.0,0.0,0.0,0.0,1.0,0.0,0.0,1,0,1,0.0,0.0,0.0,0.0,1.0,10.0,7.0,0.3333333333333333,0.6666666666666666,1.0,,,,0.0,,1.0,1.0,1.0,0.0,1.0,0.0,3.0,2.0,0.0,0.0,0.0,0.0,0.0,0.0,1.0,0.0,0.0,1.0,0.0,1.0,0.0,0.0,0.0,0.0,1.0,10.0,7.0,1.0
001815,Connor Kirst,WAT,Waterdogs,2,SSDM,Defensive Midfield,2022-09-11,2023-09-04,2.0,1.0,1.0,0.0,1.0,1.0,6.0,4,3.0,0.0,0.0,0.0,0.0,0.0,3.0,0.0,1.0,0,0,0,0.0,0.0,0.0,0.0,1.0,16.0,10.0,0.16666666666666666,0.6666666666666666,,,,,1.0,0.0,1.0,0.5,0.5,0.0,0.5,0.5,3.0,2.0,1.5,0.0,0.0,0.0,0.0,0.0,1.5,0.0,0.5,0.0,0.0,0.0,0.0,0.0,0.0,0.0,0.5,8.0,5.0,0.5
001815,Connor Kirst,WHP,Whipsnakes,1,M,Midfield,2026-08-30,2026-08-30,1.0,1.0,1.0,0.0,1.0,0.0,1.0,1,0.0,0.0,0.0,0.0,0.0,0.0,4.0,0.0,0.0,2,1,3,0.0,0.0,0.0,0.0,0.0,6.0,5.0,1.0,1.0,0.6666666666666666,,,,,,1.0,1.0,1.0,0.0,1.0,0.0,1.0,1.0,0.0,0.0,0.0,0.0,0.0,0.0,4.0,0.0,0.0,2.0,1.0,3.0,0.0,0.0,0.0,0.0,0.0,6.0,5.0,0.0
001816,Dox Aitken,WAT,Waterdogs,1,M,Midfield,2022-09-03,2022-09-03,1.0,1.0,1.0,0.0,1.0,0.0,3.0,3,1.0,0.0,0.0,0.0,0.0,0.0,0.0,1.0,0.0,0,0,0,0.0,0.0,0.0,0.0,3.0,18.0,14.0,0.3333333333333333,1.0,,,,,0.0,0.0,1.0,1.0,1.0,0.0,1.0,0.0,3.0,3.0,1.0,0.0,0.0,0.0,0.0,0.0,0.0,1.0,0.0,0.0,0.0,0.0,0.0,0.0,0.0,0.0,3.0,18.0,14.0,3.0
001816,Dox Aitken,WHP,Whipsnakes,1,M,Midfield,2024-09-07,2024-09-07,2.0,1.0,1.0,0.0,1.0,1.0,8.0,3,2.0,0.0,0.0,0.0,0.0,0.0,1.0,1.0,0.0,0,0,0,0.0,0.0,0.0,0.0,3.0,41.0,32.0,0.125,0.375,,,,,0.3333333333333333,0.0,2.0,1.0,1.0,0.0,1.0,1.0,8.0,3.0,2.0,0.0,0.0,0.0,0.0,0.0,1.0,1.0,0.0,0.0,0.0,0.0,0.0,0.0,0.0,0.0,3.0,41.0,32.0,3.0
001817,Jack Kielty,ATL,Atlas,1,D,Defense,2023-09-04,2023-09-04,0.0,0.0,0.0,0.0,0.0,0.0,0.0,0,0.0,0.0,0.0,0.0,0.0,0.0,3.0,0.0,0.0,0,0,0,0.0,0.0,0.0,0.0,0.0,14.0,14.0,,,,,,,,,0.0,0.0,0.0,0.0,0.0,0.0,0.0,0.0,0.0,0.0,0.0,0.0,0.0,0.0,3.0,0.0,0.0,0.0,0.0,0.0,0.0,0.0,0.0,0.0,0.0,14.0,14.0,0.0
001817,Jack Kielty,WAT,Waterdogs,1,D,Defense,2023-09-10,2023-09-10,0.0,0.0,0.0,0.0,0.0,0.0,0.0,0,0.0,0.0,0.0,0.0,0.0,0.0,2.0,0.0,1.0,0,0,0,0.0,0.0,0.0,0.0,0.0,10.0,10.0,,,,,,,,,0.0,0.0,0.0,0.0,0.0,0.0,0.0,0.0,0.0,0.0,0.0,0.0,0.0,0.0,2.0,0.0,1.0,0.0,0.0,0.0,0.0,0.0,0.0,0.0,0.0,10.0,10.0,0.0
001817,Jack Kielty,WHP,Whipsnakes,1,D,Defense,2026-08-30,2026-08-30,0.0,0.0,0.0,0.0,0.0,0.0,0.0,0,0.0,0.0,0.0,0.0,0.0,0.0,1.0,1.0,2.0,0,0,0,0.0,0.0,0.0,0.0,0.0,7.0,6.0,,,,,,,,,0.0,0.0,0.0,0.0,0.0,0.0,0.0,0.0,0.0,0.0,0.0,0.0,0.0,0.0,1.0,1.0,2.0,0.0,0.0,0.0,0.0,0.0,0.0,0.0,0.0,7.0,6.0,0.0
001818,Jake Carraway,ARC,Archers,1,M,Midfield,2023-09-24,2023-09-24,4.0,4.0,2.0,1.0,3.0,0.0,6.0,4,3.0,0.0,0.0,0.0,0.0,0.0,1.0,0.0,0.0,0,0,0,0.0,0.0,0.0,0.0,0.0,25.0,19.0,0.5,0.6666666666666666,,,,,,0.3333333333333333,4.0,4.0,2.0,1.0,3.0,0.0,6.0,4.0,3.0,0.0,0.0,0.0,0.0,0.0,1.0,0.0,0.0,0.0,0.0,0.0,0.0,0.0,0.0,0.0,0.0,25.0,19.0,0.0
001818,Jake Carraway,CAN,Cannons,1,M,Midfield,2023-09-10,2023-09-10,0.0,0.0,0.0,0.0,0.0,0.0,1.0,1,1.0,0.0,0.0,0.0,0.0,0.0,0.0,0.0,0.0,0,0,0,0.0,0.0,0.0,0.0,0.0,15.0,14.0,0.0,1.0,,,,,,0.0,0.0,0.0,0.0,0.0,0.0,0.0,1.0,1.0,1.0,0.0,0.0,0.0,0.0,0.0,0.0,0.0,0.0,0.0,0.0,0.0,0.0,0.0,0.0,0.0,0.0,15.0,14.0,0.0
001819,Danny Logan,CAN,Cannons,1,SSDM,Defensive Midfield,2023-09-04,2023-09-04,1.0,0.0,0.0,0.0,0.0,1.0,1.0,1,0.0,0.0,0.0,0.0,0.0,0.0,1.0,0.0,0.0,0,0,0,0.0,0.0,0.0,0.0,1.0,2.0,1.0,0.0,1.0,,,,,1.0,,1.0,0.0,0.0,0.0,0.0,1.0,1.0,1.0,0.0,0.0,0.0,0.0,0.0,0.0,1.0,0.0,0.0,0.0,0.0,0.0,0.0,0.0,0.0,0.0,1.0,2.0,1.0,1.0
001819,Danny Logan,OUT,Outlaws,1,SSDM,Defensive Midfield,2025-09-14,2025-09-14,2.0,1.0,1.0,0.0,1.0,1.0,1.0,1,0.0,0.0,0.0,0.0,0.0,0.0,2.0,0.0,0.0,0,1,1,0.0,0.0,0.0,0.0,2.0,8.0,7.0,1.0,1.0,0.0,,,,0.5,,2.0,1.0,1.0,0.0,1.0,1.0,1.0,1.0,0.0,0.0,0.0,0.0,0.0,0.0,2.0,0.0,0.0,0.0,1.0,1.0,0.0,0.0,0.0,0.0,2.0,8.0,7.0,2.0
001819,Danny Logan,WAT,Waterdogs,2,SSDM,Defensive Midfield,2022-09-03,2025-09-01,2.0,1.0,1.0,0.0,1.0,1.0,3.0,1,2.0,0.0,0.0,0.0,0.0,0.0,5.0,1.0,0.0,0,1,1,0.0,0.0,0.0,0.0,2.0,23.0,19.0,0.3333333333333333,0.3333333333333333,0.0,,,,0.5,0.0,1.0,0.5,0.5,0.0,0.5,0.5,1.5,0.5,1.0,0.0,0.0,0.0,0.0,0.0,2.5,0.5,0.0,0.0,0.5,0.5,0.0,0.0,0.0,0.0,1.0,11.5,9.5,1.0
001819,Danny Logan,WHP,Whipsnakes,1,SSDM,Defensive Midfield,2024-09-07,2024-09-07,1.0,0.0,0.0,0.0,0.0,1.0,0.0,0,0.0,0.0,0.0,0.0,0.0,0.0,0.0,0.0,0.0,1,1,2,0.0,0.0,0.0,0.0,1.0,10.0,10.0,,,0.5,,,,1.0,,1.0,0.0,0.0,0.0,0.0,1.0,0.0,0.0,0.0,0.0,0.0,0.0,0.0,0.0,0.0,0.0,0.0,1.0,1.0,2.0,0.0,0.0,0.0,0.0,1.0,10.0,10.0,1.0
001820,Ryan Terefenko,ATL,Atlas,1,SSDM,Defensive Midfield,2025-09-14,2025-09-14,2.0,0.0,0.0,0.0,0.0,2.0,0.0,0,0.0,0.0,0.0,0.0,0.0,0.0,0.0,0.0,0.0,0,1,1,0.0,0.0,0.0,0.0,2.0,8.0,8.0,,,0.0,,,,1.0,,2.0,0.0,0.0,0.0,0.0,2.0,0.0,0.0,0.0,0.0,0.0,0.0,0.0,0.0,0.0,0.0,0.0,0.0,1.0,1.0,0.0,0.0,0.0,0.0,2.0,8.0,8.0,2.0
001820,Ryan Terefenko,CHA,Chaos,1,SSDM,Defensive Midfield,2022-09-03,2022-09-03,0.0,0.0,0.0,0.0,0.0,0.0,1.0,0,0.0,0.0,0.0,0.0,0.0,0.0,2.0,0.0,0.0,0,0,0,0.0,0.0,0.0,0.0,0.0,7.0,6.0,0.0,0.0,,,,,,,0.0,0.0,0.0,0.0,0.0,0.0,1.0,0.0,0.0,0.0,0.0,0.0,0.0,0.0,2.0,0.0,0.0,0.0,0.0,0.0,0.0,0.0,0.0,0.0,0.0,7.0,6.0,0.0
001820,Ryan Terefenko,RED,Redwoods,2,SSDM,Defensive Midfield,2025-09-01,2026-08-29,1.0,0.0,0.0,0.0,0.0,1.0,1.0,0,0.0,0.0,0.0,0.0,0.0,0.0,4.0,1.0,1.0,0,0,0,0.0,0.0,0.0,0.0,2.0,26.0,24.0,0.0,0.0,,,,,0.5,,0.5,0.0,0.0,0.0,0.0,0.5,0.5,0.0,0.0,0.0,0.0,0.0,0.0,0.0,2.0,0.5,0.5,0.0,0.0,0.0,0.0,0.0,0.0,0.0,1.0,13.0,12.0,1.0
001820,Ryan Terefenko,WHP,Whipsnakes,1,SSDM,Defensive Midfield,2024-09-02,2024-09-02,0.0,0.0,0.0,0.0,0.0,0.0,0.0,0,0.0,0.0,0.0,0.0,0.0,0.0,2.0,3.0,1.0,0,2,2,0.0,0.0,0.0,0.0,1.0,11.0,8.0,,,0.0,,,,0.0,,0.0,0.0,0.0,0.0,0.0,0.0,0.0,0.0,0.0,0.0,0.0,0.0,0.0,0.0,2.0,3.0,1.0,0.0,2.0,2.0,0.0,0.0,0.0,0.0,1.0,11.0,8.0,1.0
001821,Tre Leclaire,CHA,Chaos,2,M,Midfield,2022-09-11,2024-09-07,3.0,2.0,2.0,0.0,2.0,1.0,6.0,5,1.0,0.0,0.0,0.0,0.0,0.0,3.0,1.0,0.0,0,0,0,0.0,0.0,0.0,0.0,2.0,36.0,29.0,0.3333333333333333,0.8333333333333334,,,,,0.5,0.0,1.5,1.0,1.0,0.0,1.0,0.5,3.0,2.5,0.5,0.0,0.0,0.0,0.0,0.0,1.5,0.5,0.0,0.0,0.0,0.0,0.0,0.0,0.0,0.0,1.0,18.0,14.5,1.0
001821,Tre Leclaire,RED,Redwoods,2,M,Midfield,2022-09-03,2023-09-10,5.0,4.0,2.0,1.0,3.0,1.0,6.0,5,2.0,0.0,0.0,0.0,0.0,0.0,3.0,1.0,0.0,0,0,0,0.0,0.0,0.0,0.0,3.0,28.0,21.0,0.5,0.8333333333333334,,,,,0.3333333333333333,0.5,2.5,2.0,1.0,0.5,1.5,0.5,3.0,2.5,1.0,0.0,0.0,0.0,0.0,0.0,1.5,0.5,0.0,0.0,0.0,0.0,0.0,0.0,0.0,0.0,1.5,14.0,10.5,1.5
001821,Tre Leclaire,WAT,Waterdogs,1,M,Midfield,2023-09-24,2023-09-24,4.0,3.0,3.0,0.0,3.0,1.0,4.0,4,0.0,0.0,0.0,0.0,0.0,0.0,2.0,1.0,0.0,0,0,0,0.0,0.0,0.0,0.0,1.0,13.0,8.0,0.75,1.0,,,,,1.0,,4.0,3.0,3.0,0.0,3.0,1.0,4.0,4.0,0.0,0.0,0.0,0.0,0.0,0.0,2.0,1.0,0.0,0.0,0.0,0.0,0.0,0.0,0.0,0.0,1.0,13.0,8.0,1.0
001821,Tre Leclaire,WHP,Whipsnakes,1,M,Midfield,2024-09-15,2024-09-15,2.0,2.0,2.0,0.0,2.0,0.0,3.0,3,1.0,0.0,0.0,0.0,0.0,0.0,0.0,1.0,0.0,0,0,0,0.0,0.0,0.0,0.0,1.0,16.0,12.0,0.6666666666666666,1.0,,,,,0.0,0.0,2.0,2.0,2.0,0.0,2.0,0.0,3.0,3.0,1.0,0.0,0.0,0.0,0.0,0.0,0.0,1.0,0.0,0.0,0.0,0.0,0.0,0.0,0.0,0.0,1.0,16.0,12.0,1.0
001825,Peter Dearth,WAT,Waterdogs,1,SSDM,Defensive Midfield,2022-09-03,2022-09-03,0.0,0.0,0.0,0.0,0.0,0.0,0.0,0,0.0,0.0,0.0,0.0,0.0,0.0,1.0,0.0,1.0,0,0,0,0.0,0.0,1.0,1.0,0.0,1.0,1.0,,,,,,,,,0.0,0.0,0.0,0.0,0.0,0.0,0.0,0.0,0.0,0.0,0.0,0.0,0.0,0.0,1.0,0.0,1.0,0.0,0.0,0.0,0.0,0.0,1.0,1.0,0.0,1.0,1.0,0.0
001826,Jeff Trainor,ATL,Atlas,1,SSDM,Defensive Midfield,2023-09-04,2023-09-04,1.0,1.0,1.0,0.0,1.0,0.0,1.0,1,0.0,0.0,0.0,0.0,0.0,0.0,0.0,0.0,1.0,0,0,0,0.0,0.0,0.0,0.0,0.0,8.0,7.0,1.0,1.0,,,,,,,1.0,1.0,1.0,0.0,1.0,0.0,1.0,1.0,0.0,0.0,0.0,0.0,0.0,0.0,0.0,0.0,1.0,0.0,0.0,0.0,0.0,0.0,0.0,0.0,0.0,8.0,7.0,0.0
001826,Jeff Trainor,CHA,Chaos,1,SSDM,Defensive Midfield,2024-09-02,2024-09-02,0.0,0.0,0.0,0.0,0.0,0.0,1.0,0,1.0,0.0,0.0,0.0,0.0,0.0,1.0,0.0,0.0,0,0,0,0.0,0.0,1.0,1.0,2.0,8.0,7.0,0.0,0.0,,,,,0.0,0.0,0.0,0.0,0.0,0.0,0.0,0.0,1.0,0.0,1.0,0.0,0.0,0.0,0.0,0.0,1.0,0.0,0.0,0.0,0.0,0.0,0.0,0.0,1.0,1.0,2.0,8.0,7.0,2.0
001826,Jeff Trainor,WAT,Waterdogs,1,SSDM,Defensive Midfield,2023-09-10,2023-09-10,0.0,0.0,0.0,0.0,0.0,0.0,1.0,1,0.0,0.0,0.0,0.0,0.0,0.0,1.0,1.0,2.0,0,0,0,0.0,0.0,0.0,0.0,1.0,9.0,7.0,0.0,1.0,,,,,0.0,,0.0,0.0,0.0,0.0,0.0,0.0,1.0,1.0,0.0,0.0,0.0,0.0,0.0,0.0,1.0,1.0,2.0,0.0,0.0,0.0,0.0,0.0,0.0,0.0,1.0,9.0,7.0,1.0
001826,Jeff Trainor,WHP,Whipsnakes,1,SSDM,Defensive Midfield,2026-08-30,2026-08-30,0.0,0.0,0.0,0.0,0.0,0.0,1.0,0,0.0,0.0,0.0,0.0,0.0,0.0,1.0,0.0,0.0,0,0,0,0.0,0.0,1.0,1.0,0.0,6.0,5.0,0.0,0.0,,,,,,,0.0,0.0,0.0,0.0,0.0,0.0,1.0,0.0,0.0,0.0,0.0,0.0,0.0,0.0,1.0,0.0,0.0,0.0,0.0,0.0,0.0,0.0,1.0,1.0,0.0,6.0,5.0,0.0
001827,Jared Bernhardt,ATL,Atlas,1,M,Midfield,2025-09-14,2025-09-14,2.0,2.0,2.0,0.0,2.0,0.0,6.0,4,1.0,0.0,0.0,0.0,0.0,0.0,2.0,0.0,0.0,0,0,0,0.0,0.0,0.0,0.0,1.0,24.0,18.0,0.3333333333333333,0.6666666666666666,,,,,0.0,0.0,2.0,2.0,2.0,0.0,2.0,0.0,6.0,4.0,1.0,0.0,0.0,0.0,0.0,0.0,2.0,0.0,0.0,0.0,0.0,0.0,0.0,0.0,0.0,0.0,1.0,24.0,18.0,1.0
001827,Jared Bernhardt,RED,Redwoods,2,A,Attack,2025-09-01,2026-08-29,4.0,3.0,3.0,0.0,3.0,1.0,9.0,5,0.0,0.0,0.0,0.0,0.0,0.0,2.0,3.0,1.0,0,0,0,0.0,0.0,0.0,0.0,5.0,43.0,31.0,0.3333333333333333,0.5555555555555556,,,,,0.2,,2.0,1.5,1.5,0.0,1.5,0.5,4.5,2.5,0.0,0.0,0.0,0.0,0.0,0.0,1.0,1.5,0.5,0.0,0.0,0.0,0.0,0.0,0.0,0.0,2.5,21.5,15.5,2.5
001828,Justin Anderson,ATL,Atlas,1,M,Midfield,2025-09-14,2025-09-14,1.0,1.0,1.0,0.0,1.0,0.0,3.0,2,0.0,0.0,0.0,0.0,0.0,0.0,1.0,1.0,0.0,0,0,0,0.0,0.0,0.0,0.0,0.0,10.0,6.0,0.3333333333333333,0.6666666666666666,,,,,,,1.0,1.0,1.0,0.0,1.0,0.0,3.0,2.0,0.0,0.0,0.0,0.0,0.0,0.0,1.0,1.0,0.0,0.0,0.0,0.0,0.0,0.0,0.0,0.0,0.0,10.0,6.0,0.0
001828,Justin Anderson,CHA,Chaos,1,M,Midfield,2022-09-03,2022-09-03,1.0,1.0,1.0,0.0,1.0,0.0,8.0,4,3.0,0.0,0.0,0.0,0.0,0.0,1.0,1.0,0.0,0,0,0,0.0,0.0,0.0,0.0,1.0,30.0,21.0,0.125,0.5,,,,,0.0,0.0,1.0,1.0,1.0,0.0,1.0,0.0,8.0,4.0,3.0,0.0,0.0,0.0,0.0,0.0,1.0,1.0,0.0,0.0,0.0,0.0,0.0,0.0,0.0,0.0,1.0,30.0,21.0,1.0
001828,Justin Anderson,RED,Redwoods,2,M,Midfield,2025-09-01,2026-08-29,1.0,1.0,1.0,0.0,1.0,0.0,5.0,3,0.0,0.0,0.0,0.0,0.0,0.0,0.0,3.0,0.0,0,0,0,0.0,0.0,1.0,0.5,1.0,26.0,18.0,0.2,0.6,,,,,0.0,,0.5,0.5,0.5,0.0,0.5,0.0,2.5,1.5,0.0,0.0,0.0,0.0,0.0,0.0,0.0,1.5,0.0,0.0,0.0,0.0,0.0,0.0,0.5,0.25,0.5,13.0,9.0,0.5
001828,Justin Anderson,WHP,Whipsnakes,1,M,Midfield,2024-09-02,2024-09-02,0.0,0.0,0.0,0.0,0.0,0.0,1.0,0,0.0,0.0,0.0,0.0,0.0,0.0,3.0,0.0,0.0,0,0,0,0.0,0.0,1.0,0.5,2.0,11.0,10.0,0.0,0.0,,,,,0.0,,0.0,0.0,0.0,0.0,0.0,0.0,1.0,0.0,0.0,0.0,0.0,0.0,0.0,0.0,3.0,0.0,0.0,0.0,0.0,0.0,0.0,0.0,1.0,0.5,2.0,11.0,10.0,2.0
001831,Colin Squires,ARC,Archers,1,LSM,Long Stick Midfield,2024-09-15,2024-09-15,0.0,0.0,0.0,0.0,0.0,0.0,0.0,0,0.0,0.0,0.0,0.0,0.0,0.0,4.0,1.0,0.0,0,0,0,0.0,0.0,0.0,0.0,0.0,3.0,2.0,,,,,,,,,0.0,0.0,0.0,0.0,0.0,0.0,0.0,0.0,0.0,0.0,0.0,0.0,0.0,0.0,4.0,1.0,0.0,0.0,0.0,0.0,0.0,0.0,0.0,0.0,0.0,3.0,2.0,0.0
001831,Colin Squires,ATL,Atlas,1,LSM,Long Stick Midfield,2024-09-07,2024-09-07,0.0,0.0,0.0,0.0,0.0,0.0,0.0,0,0.0,0.0,0.0,0.0,0.0,0.0,5.0,1.0,0.0,0,0,0,0.0,0.0,0.0,0.0,1.0,7.0,6.0,,,,,,,0.0,,0.0,0.0,0.0,0.0,0.0,0.0,0.0,0.0,0.0,0.0,0.0,0.0,0.0,0.0,5.0,1.0,0.0,0.0,0.0,0.0,0.0,0.0,0.0,0.0,1.0,7.0,6.0,1.0
001831,Colin Squires,OUT,Outlaws,1,LSM,Long Stick Midfield,2024-09-02,2024-09-02,0.0,0.0,0.0,0.0,0.0,0.0,1.0,1,1.0,0.0,0.0,0.0,0.0,0.0,2.0,0.0,0.0,0,0,0,0.0,0.0,0.0,0.0,0.0,4.0,3.0,0.0,1.0,,,,,,0.0,0.0,0.0,0.0,0.0,0.0,0.0,1.0,1.0,1.0,0.0,0.0,0.0,0.0,0.0,2.0,0.0,0.0,0.0,0.0,0.0,0.0,0.0,0.0,0.0,0.0,4.0,3.0,0.0
001831,Colin Squires,WAT,Waterdogs,3,LSM,Long Stick Midfield,2022-09-11,2025-08-23,0.0,0.0,0.0,0.0,0.0,0.0,0.0,0,0.0,0.0,0.0,0.0,0.0,0.0,13.0,1.0,4.0,1,2,3,0.0,0.0,0.0,0.0,1.0,15.0,14.0,,,0.3333333333333333,,,,0.0,,0.0,0.0,0.0,0.0,0.0,0.0,0.0,0.0,0.0,0.0,0.0,0.0,0.0,0.0,4.333333333333333,0.3333333333333333,1.3333333333333333,0.3333333333333333,0.6666666666666666,1.0,0.0,0.0,0.0,0.0,0.3333333333333333,5.0,4.666666666666667,0.3333333333333333
001832,Charlie Bertrand,ARC,Archers,2,M,Midfield,2022-09-03,2023-09-10,3.0,2.0,2.0,0.0,2.0,1.0,12.0,8,2.0,0.0,0.0,0.0,0.0,0.0,1.0,1.0,0.0,0,0,0,0.0,0.0,0.0,0.0,6.0,33.0,20.0,0.16666666666666666,0.6666666666666666,,,,,0.16666666666666666,0.0,1.5,1.0,1.0,0.0,1.0,0.5,6.0,4.0,1.0,0.0,0.0,0.0,0.0,0.0,0.5,0.5,0.0,0.0,0.0,0.0,0.0,0.0,0.0,0.0,3.0,16.5,10.0,3.0
001832,Charlie Bertrand,CHA,Chaos,2,M,Midfield,2023-09-04,2025-08-24,5.0,4.0,4.0,0.0,4.0,1.0,10.0,7,0.0,0.0,0.0,0.0,0.0,0.0,1.0,1.0,0.0,0,0,0,0.0,0.0,0.0,0.0,3.0,36.0,25.0,0.4,0.7,,,,,0.3333333333333333,,2.5,2.0,2.0,0.0,2.0,0.5,5.0,3.5,0.0,0.0,0.0,0.0,0.0,0.0,0.5,0.5,0.0,0.0,0.0,0.0,0.0,0.0,0.0,0.0,1.5,18.0,12.5,1.5
001832,Charlie Bertrand,OUT,Outlaws,1,M,Midfield,2025-09-01,2025-09-01,0.0,0.0,0.0,0.0,0.0,0.0,2.0,2,0.0,0.0,0.0,0.0,0.0,0.0,1.0,0.0,0.0,0,0,0,0.0,0.0,0.0,0.0,1.0,7.0,5.0,0.0,1.0,,,,,0.0,,0.0,0.0,0.0,0.0,0.0,0.0,2.0,2.0,0.0,0.0,0.0,0.0,0.0,0.0,1.0,0.0,0.0,0.0,0.0,0.0,0.0,0.0,0.0,0.0,1.0,7.0,5.0,1.0
001835,Ethan Walker,ARC,Archers,1,A,Attack,2023-09-24,2023-09-24,1.0,1.0,1.0,0.0,1.0,0.0,2.0,2,0.0,0.0,0.0,0.0,0.0,0.0,0.0,0.0,0.0,0,0,0,0.0,0.0,0.0,0.0,3.0,29.0,27.0,0.5,1.0,,,,,0.0,,1.0,1.0,1.0,0.0,1.0,0.0,2.0,2.0,0.0,0.0,0.0,0.0,0.0,0.0,0.0,0.0,0.0,0.0,0.0,0.0,0.0,0.0,0.0,0.0,3.0,29.0,27.0,3.0
001835,Ethan Walker,ATL,Atlas,1,A,Attack,2022-09-03,2022-09-03,4.0,3.0,3.0,0.0,3.0,1.0,5.0,3,0.0,0.0,0.0,0.0,0.0,0.0,3.0,1.0,0.0,0,0,0,0.0,0.0,0.0,0.0,2.0,25.0,19.0,0.6,0.6,,,,,0.5,,4.0,3.0,3.0,0.0,3.0,1.0,5.0,3.0,0.0,0.0,0.0,0.0,0.0,0.0,3.0,1.0,0.0,0.0,0.0,0.0,0.0,0.0,0.0,0.0,2.0,25.0,19.0,2.0
001835,Ethan Walker,CAN,Cannons,1,A,Attack,2023-09-10,2023-09-10,4.0,3.0,3.0,0.0,3.0,1.0,6.0,4,0.0,0.0,0.0,0.0,0.0,0.0,2.0,1.0,0.0,0,0,0,0.0,0.0,0.0,0.0,5.0,40.0,33.0,0.5,0.6666666666666666,,,,,0.2,,4.0,3.0,3.0,0.0,3.0,1.0,6.0,4.0,0.0,0.0,0.0,0.0,0.0,0.0,2.0,1.0,0.0,0.0,0.0,0.0,0.0,0.0,0.0,0.0,5.0,40.0,33.0,5.0
001835,Ethan Walker,CHA,Chaos,1,A,Attack,2022-09-18,2022-09-18,1.0,1.0,1.0,0.0,1.0,0.0,1.0,1,0.0,0.0,0.0,0.0,0.0,0.0,2.0,0.0,0.0,0,0,0,0.0,0.0,0.0,0.0,3.0,24.0,23.0,1.0,1.0,,,,,0.0,,1.0,1.0,1.0,0.0,1.0,0.0,1.0,1.0,0.0,0.0,0.0,0.0,0.0,0.0,2.0,0.0,0.0,0.0,0.0,0.0,0.0,0.0,0.0,0.0,3.0,24.0,23.0,3.0
001835,Ethan Walker,WHP,Whipsnakes,2,A,Attack,2022-09-11,2023-09-04,6.0,2.0,2.0,0.0,2.0,4.0,4.0,3,0.0,0.0,0.0,0.0,0.0,0.0,2.0,4.0,0.0,0,0,0,0.0,0.0,0.0,0.0,13.0,66.0,58.0,0.5,0.75,,,,,0.3076923076923077,,3.0,1.0,1.0,0.0,1.0,2.0,2.0,1.5,0.0,0.0,0.0,0.0,0.0,0.0,1.0,2.0,0.0,0.0,0.0,0.0,0.0,0.0,0.0,0.0,6.5,33.0,29.0,6.5
001836,Jackson Morrill,CHA,Chaos,1,M,Midfield,2022-09-03,2022-09-03,0.0,0.0,0.0,0.0,0.0,0.0,1.0,0,0.0,0.0,0.0,0.0,0.0,0.0,0.0,0.0,0.0,0,0,0,0.0,0.0,1.0,0.5,1.0,6.0,5.0,0.0,0.0,,,,,0.0,,0.0,0.0,0.0,0.0,0.0,0.0,1.0,0.0,0.0,0.0,0.0,0.0,0.0,0.0,0.0,0.0,0.0,0.0,0.0,0.0,0.0,0.0,1.0,0.5,1.0,6.0,5.0,1.0
001836,Jackson Morrill,WAT,Waterdogs,1,A,Attack,2023-09-04,2023-09-04,1.0,1.0,1.0,0.0,1.0,0.0,2.0,2,0.0,0.0,0.0,0.0,0.0,0.0,1.0,3.0,0.0,0,0,0,0.0,0.0,0.0,0.0,3.0,38.0,33.0,0.5,1.0,,,,,0.0,,1.0,1.0,1.0,0.0,1.0,0.0,2.0,2.0,0.0,0.0,0.0,0.0,0.0,0.0,1.0,3.0,0.0,0.0,0.0,0.0,0.0,0.0,0.0,0.0,3.0,38.0,33.0,3.0
001838,Ryan Smith,ARC,Archers,1,M,Midfield,2022-09-11,2022-09-11,0.0,0.0,0.0,0.0,0.0,0.0,2.0,1,0.0,0.0,0.0,0.0,0.0,0.0,0.0,0.0,0.0,0,0,0,0.0,0.0,0.0,0.0,7.0,18.0,16.0,0.0,0.5,,,,,0.0,,0.0,0.0,0.0,0.0,0.0,0.0,2.0,1.0,0.0,0.0,0.0,0.0,0.0,0.0,0.0,0.0,0.0,0.0,0.0,0.0,0.0,0.0,0.0,0.0,7.0,18.0,16.0,7.0
001838,Ryan Smith,OUT,Outlaws,1,M,Midfield,2022-09-03,2022-09-03,2.0,0.0,0.0,0.0,0.0,2.0,0.0,0,0.0,0.0,0.0,0.0,0.0,0.0,0.0,1.0,0.0,0,0,0,0.0,0.0,0.0,0.0,4.0,16.0,15.0,,,,,,,0.5,,2.0,0.0,0.0,0.0,0.0,2.0,0.0,0.0,0.0,0.0,0.0,0.0,0.0,0.0,0.0,1.0,0.0,0.0,0.0,0.0,0.0,0.0,0.0,0.0,4.0,16.0,15.0,4.0
001838,Ryan Smith,RED,Redwoods,1,M,Midfield,2023-09-04,2023-09-04,3.0,2.0,2.0,0.0,2.0,1.0,7.0,5,0.0,0.0,0.0,0.0,0.0,0.0,1.0,1.0,0.0,0,0,0,0.0,0.0,0.0,0.0,3.0,23.0,15.0,0.2857142857142857,0.7142857142857143,,,,,0.3333333333333333,,3.0,2.0,2.0,0.0,2.0,1.0,7.0,5.0,0.0,0.0,0.0,0.0,0.0,0.0,1.0,1.0,0.0,0.0,0.0,0.0,0.0,0.0,0.0,0.0,3.0,23.0,15.0,3.0
001838,Ryan Smith,WAT,Waterdogs,1,M,Midfield,2022-09-18,2022-09-18,0.0,0.0,0.0,0.0,0.0,0.0,1.0,0,0.0,0.0,0.0,0.0,0.0,0.0,0.0,1.0,0.0,0,0,0,0.0,0.0,0.0,0.0,2.0,11.0,9.0,0.0,0.0,,,,,0.0,,0.0,0.0,0.0,0.0,0.0,0.0,1.0,0.0,0.0,0.0,0.0,0.0,0.0,0.0,0.0,1.0,0.0,0.0,0.0,0.0,0.0,0.0,0.0,0.0,2.0,11.0,9.0,2.0
001839,Nick Grill,ATL,Atlas,1,LSM,Long Stick Midfield,2025-09-14,2025-09-14,0.0,0.0,0.0,0.0,0.0,0.0,0.0,0,0.0,0.0,0.0,0.0,0.0,0.0,0.0,0.0,0.0,0,0,0,0.0,0.0,0.0,0.0,0.0,0.0,0.0,,,,,,,,,0.0,0.0,0.0,0.0,0.0,0.0,0.0,0.0,0.0,0.0,0.0,0.0,0.0,0.0,0.0,0.0,0.0,0.0,0.0,0.0,0.0,0.0,0.0,0.0,0.0,0.0,0.0,0.0
001839,Nick Grill,CHA,Chaos,1,LSM,Long Stick Midfield,2022-09-03,2022-09-03,0.0,0.0,0.0,0.0,0.0,0.0,0.0,0,0.0,0.0,0.0,0.0,0.0,0.0,2.0,0.0,1.0,0,0,0,0.0,0.0,0.0,0.0,0.0,3.0,3.0,,,,,,,,,0.0,0.0,0.0,0.0,0.0,0.0,0.0,0.0,0.0,0.0,0.0,0.0,0.0,0.0,2.0,0.0,1.0,0.0,0.0,0.0,0.0,0.0,0.0,0.0,0.0,3.0,3.0,0.0
001839,Nick Grill,RED,Redwoods,1,LSM,Long Stick Midfield,2025-09-01,2025-09-01,0.0,0.0,0.0,0.0,0.0,0.0,0.0,0,0.0,0.0,0.0,0.0,0.0,0.0,0.0,0.0,0.0,0,0,0,0.0,0.0,0.0,0.0,0.0,1.0,1.0,,,,,,,,,0.0,0.0,0.0,0.0,0.0,0.0,0.0,0.0,0.0,0.0,0.0,0.0,0.0,0.0,0.0,0.0,0.0,0.0,0.0,0.0,0.0,0.0,0.0,0.0,0.0,1.0,1.0,0.0
001839,Nick Grill,WHP,Whipsnakes,1,LSM,Long Stick Midfield,2024-09-02,2024-09-02,0.0,0.0,0.0,0.0,0.0,0.0,0.0,0,0.0,0.0,0.0,0.0,0.0,0.0,0.0,0.0,0.0,0,0,0,0.0,0.0,0.0,0.0,0.0,1.0,1.0,,,,,,,,,0.0,0.0,0.0,0.0,0.0,0.0,0.0,0.0,0.0,0.0,0.0,0.0,0.0,0.0,0.0,0.0,0.0,0.0,0.0,0.0,0.0,0.0,0.0,0.0,0.0,1.0,1.0,0.0
001843,Cole Williams,CHA,Chaos,1,M,Midfield,2022-09-03,2022-09-03,0.0,0.0,0.0,0.0,0.0,0.0,0.0,0,0.0,0.0,0.0,0.0,0.0,0.0,0.0,1.0,0.0,0,0,0,0.0,0.0,0.0,0.0,2.0,15.0,14.0,,,,,,,0.0,,0.0,0.0,0.0,0.0,0.0,0.0,0.0,0.0,0.0,0.0,0.0,0.0,0.0,0.0,0.0,1.0,0.0,0.0,0.0,0.0,0.0,0.0,0.0,0.0,2.0,15.0,14.0,2.0
001843,Cole Williams,RED,Redwoods,1,M,Midfield,2025-08-24,2025-08-24,1.0,1.0,1.0,0.0,1.0,0.0,2.0,2,0.0,0.0,0.0,0.0,0.0,0.0,0.0,0.0,0.0,0,0,0,0.0,0.0,0.0,0.0,0.0,10.0,8.0,0.5,1.0,,,,,,,1.0,1.0,1.0,0.0,1.0,0.0,2.0,2.0,0.0,0.0,0.0,0.0,0.0,0.0,0.0,0.0,0.0,0.0,0.0,0.0,0.0,0.0,0.0,0.0,0.0,10.0,8.0,0.0
001846,Adam Charalambides,RED,Redwoods,1,A,Attack,2025-08-24,2025-08-24,1.0,1.0,1.0,0.0,1.0,0.0,6.0,4,0.0,0.0,0.0,0.0,0.0,0.0,1.0,1.0,0.0,0,0,0,0.0,0.0,0.0,0.0,0.0,26.0,19.0,0.16666666666666666,0.6666666666666666,,,,,,,1.0,1.0,1.0,0.0,1.0,0.0,6.0,4.0,0.0,0.0,0.0,0.0,0.0,0.0,1.0,1.0,0.0,0.0,0.0,0.0,0.0,0.0,0.0,0.0,0.0,26.0,19.0,0.0
002006,Reid Bowering,OUT,Outlaws,1,M,Midfield,2025-09-14,2025-09-14,2.0,1.0,1.0,0.0,1.0,1.0,3.0,3,0.0,0.0,0.0,0.0,0.0,0.0,2.0,0.0,0.0,0,0,0,0.0,0.0,0.0,0.0,1.0,11.0,8.0,0.3333333333333333,1.0,,,,,1.0,,2.0,1.0,1.0,0.0,1.0,1.0,3.0,3.0,0.0,0.0,0.0,0.0,0.0,0.0,2.0,0.0,0.0,0.0,0.0,0.0,0.0,0.0,0.0,0.0,1.0,11.0,8.0,1.0
002006,Reid Bowering,WAT,Waterdogs,2,M,Midfield,2023-09-24,2025-09-01,4.0,3.0,3.0,0.0,3.0,1.0,3.0,3,0.0,0.0,0.0,0.0,0.0,0.0,1.0,1.0,0.0,0,0,0,0.0,0.0,1.0,0.5,3.0,29.0,25.0,1.0,1.0,,,,,0.3333333333333333,,2.0,1.5,1.5,0.0,1.5,0.5,1.5,1.5,0.0,0.0,0.0,0.0,0.0,0.0,0.5,0.5,0.0,0.0,0.0,0.0,0.0,0.0,0.5,0.25,1.5,14.5,12.5,1.5
002014,Drake Porter,CAN,Cannons,1,G,Goalie,2023-09-04,2023-09-04,0.0,0.0,0.0,0.0,0.0,0.0,0.0,0,0.0,2.0,0.0,2.0,5.0,12.286689419795222,2.0,1.0,0.0,0,0,0,5.0,0.0,0.0,0.0,0.0,4.0,3.0,,,,0.2857142857142857,0.0,0.0,,,0.0,0.0,0.0,0.0,0.0,0.0,0.0,0.0,0.0,2.0,0.0,2.0,5.0,12.286689419795222,2.0,1.0,0.0,0.0,0.0,0.0,5.0,0.0,0.0,0.0,0.0,4.0,3.0,0.0
002015,Logan Wisnauskas,ATL,Atlas,1,A,Attack,2025-09-14,2025-09-14,2.0,1.0,1.0,0.0,1.0,1.0,4.0,2,0.0,0.0,0.0,0.0,0.0,0.0,2.0,1.0,0.0,0,0,0,0.0,0.0,0.0,0.0,2.0,20.0,15.0,0.25,0.5,,,,,0.5,,2.0,1.0,1.0,0.0,1.0,1.0,4.0,2.0,0.0,0.0,0.0,0.0,0.0,0.0,2.0,1.0,0.0,0.0,0.0,0.0,0.0,0.0,0.0,0.0,2.0,20.0,15.0,2.0
002015,Logan Wisnauskas,CHA,Chaos,1,A,Attack,2022-09-03,2022-09-03,2.0,2.0,2.0,0.0,2.0,0.0,10.0,8,1.0,0.0,0.0,0.0,0.0,0.0,0.0,1.0,0.0,0,0,0,0.0,0.0,0.0,0.0,3.0,45.0,34.0,0.2,0.8,,,,,0.0,0.0,2.0,2.0,2.0,0.0,2.0,0.0,10.0,8.0,1.0,0.0,0.0,0.0,0.0,0.0,0.0,1.0,0.0,0.0,0.0,0.0,0.0,0.0,0.0,0.0,3.0,45.0,34.0,3.0
002015,Logan Wisnauskas,RED,Redwoods,2,A,Attack,2025-09-01,2026-08-29,0.0,0.0,0.0,0.0,0.0,0.0,4.0,3,1.0,0.0,0.0,0.0,0.0,0.0,1.0,1.0,0.0,0,0,0,0.0,0.0,0.0,0.0,3.0,34.0,29.0,0.0,0.75,,,,,0.0,0.0,0.0,0.0,0.0,0.0,0.0,0.0,2.0,1.5,0.5,0.0,0.0,0.0,0.0,0.0,0.5,0.5,0.0,0.0,0.0,0.0,0.0,0.0,0.0,0.0,1.5,17.0,14.5,1.5
002016,Chris Gray,CAN,Cannons,1,A,Attack,2023-09-04,2023-09-04,2.0,0.0,0.0,0.0,0.0,2.0,6.0,4,0.0,0.0,0.0,0.0,0.0,0.0,2.0,2.0,0.0,0,0,0,0.0,0.0,0.0,0.0,5.0,21.0,13.0,0.0,0.6666666666666666,,,,,0.4,,2.0,0.0,0.0,0.0,0.0,2.0,6.0,4.0,0.0,0.0,0.0,0.0,0.0,0.0,2.0,2.0,0.0,0.0,0.0,0.0,0.0,0.0,0.0,0.0,5.0,21.0,13.0,5.0
002016,Chris Gray,WAT,Waterdogs,1,A,Attack,2022-09-03,2022-09-03,5.0,4.0,4.0,0.0,4.0,1.0,11.0,4,2.0,0.0,0.0,0.0,0.0,0.0,1.0,1.0,0.0,0,0,0,0.0,0.0,0.0,0.0,6.0,46.0,34.0,0.36363636363636365,0.36363636363636365,,,,,0.16666666666666666,0.0,5.0,4.0,4.0,0.0,4.0,1.0,11.0,4.0,2.0,0.0,0.0,0.0,0.0,0.0,1.0,1.0,0.0,0.0,0.0,0.0,0.0,0.0,0.0,0.0,6.0,46.0,34.0,6.0
002017,Arden Cohen,ARC,Archers,2,D,Defense,2022-09-03,2023-09-10,0.0,0.0,0.0,0.0,0.0,0.0,0.0,0,0.0,0.0,0.0,0.0,0.0,0.0,2.0,1.0,2.0,0,0,0,0.0,0.0,0.0,0.0,1.0,8.0,7.0,,,,,,,0.0,,0.0,0.0,0.0,0.0,0.0,0.0,0.0,0.0,0.0,0.0,0.0,0.0,0.0,0.0,1.0,0.5,1.0,0.0,0.0,0.0,0.0,0.0,0.0,0.0,0.5,4.0,3.5,0.5
002017,Arden Cohen,CHA,Chaos,1,D,Defense,2023-09-04,2023-09-04,0.0,0.0,0.0,0.0,0.0,0.0,0.0,0,0.0,0.0,0.0,0.0,0.0,0.0,2.0,1.0,2.0,0,0,0,0.0,0.0,0.0,0.0,0.0,6.0,5.0,,,,,,,,,0.0,0.0,0.0,0.0,0.0,0.0,0.0,0.0,0.0,0.0,0.0,0.0,0.0,0.0,2.0,1.0,2.0,0.0,0.0,0.0,0.0,0.0,0.0,0.0,0.0,6.0,5.0,0.0
002018,Matt Moore,CHA,Chaos,2,A,Attack,2022-09-11,2024-09-07,4.0,3.0,3.0,0.0,3.0,1.0,16.0,9,3.0,0.0,0.0,0.0,0.0,0.0,0.0,1.0,0.0,0,0,0,0.0,0.0,1.0,2.0,5.0,48.0,31.0,0.1875,0.5625,,,,,0.2,0.0,2.0,1.5,1.5,0.0,1.5,0.5,8.0,4.5,1.5,0.0,0.0,0.0,0.0,0.0,0.0,0.5,0.0,0.0,0.0,0.0,0.0,0.0,0.5,1.0,2.5,24.0,15.5,2.5
002018,Matt Moore,RED,Redwoods,2,A,Attack,2022-09-03,2023-09-10,3.0,1.0,1.0,0.0,1.0,2.0,7.0,2,1.0,0.0,0.0,0.0,0.0,0.0,2.0,2.0,0.0,0,0,0,0.0,0.0,1.0,1.0,6.0,29.0,20.0,0.14285714285714285,0.2857142857142857,,,,,0.3333333333333333,0.0,1.5,0.5,0.5,0.0,0.5,1.0,3.5,1.0,0.5,0.0,0.0,0.0,0.0,0.0,1.0,1.0,0.0,0.0,0.0,0.0,0.0,0.0,0.5,0.5,3.0,14.5,10.0,3.0
002018,Matt Moore,WAT,Waterdogs,1,A,Attack,2023-09-24,2023-09-24,4.0,1.0,1.0,0.0,1.0,3.0,4.0,2,1.0,0.0,0.0,0.0,0.0,0.0,2.0,2.0,0.0,0,0,0,0.0,0.0,0.0,0.0,6.0,29.0,23.0,0.25,0.5,,,,,0.5,0.0,4.0,1.0,1.0,0.0,1.0,3.0,4.0,2.0,1.0,0.0,0.0,0.0,0.0,0.0,2.0,2.0,0.0,0.0,0.0,0.0,0.0,0.0,0.0,0.0,6.0,29.0,23.0,6.0
002018,Matt Moore,WHP,Whipsnakes,1,A,Attack,2024-09-15,2024-09-15,3.0,2.0,2.0,0.0,2.0,1.0,4.0,4,0.0,0.0,0.0,0.0,0.0,0.0,0.0,1.0,0.0,0,0,0,0.0,0.0,0.0,0.0,3.0,27.0,22.0,0.5,1.0,,,,,0.3333333333333333,,3.0,2.0,2.0,0.0,2.0,1.0,4.0,4.0,0.0,0.0,0.0,0.0,0.0,0.0,0.0,1.0,0.0,0.0,0.0,0.0,0.0,0.0,0.0,0.0,3.0,27.0,22.0,3.0
002019,Koby Smith,WAT,Waterdogs,1,LSM,Long Stick Midfield,2022-09-03,2022-09-03,0.0,0.0,0.0,0.0,0.0,0.0,0.0,0,0.0,0.0,0.0,0.0,0.0,0.0,1.0,1.0,0.0,0,0,0,0.0,0.0,0.0,0.0,0.0,2.0,1.0,,,,,,,,,0.0,0.0,0.0,0.0,0.0,0.0,0.0,0.0,0.0,0.0,0.0,0.0,0.0,0.0,1.0,1.0,0.0,0.0,0.0,0.0,0.0,0.0,0.0,0.0,0.0,2.0,1.0,0.0
002019,Koby Smith,WHP,Whipsnakes,1,LSM,Long Stick Midfield,2024-09-07,2024-09-07,0.0,0.0,0.0,0.0,0.0,0.0,1.0,0,1.0,0.0,0.0,0.0,0.0,0.0,3.0,1.0,0.0,0,0,0,0.0,0.0,0.0,0.0,0.0,6.0,4.0,0.0,0.0,,,,,,0.0,0.0,0.0,0.0,0.0,0.0,0.0,1.0,0.0,1.0,0.0,0.0,0.0,0.0,0.0,3.0,1.0,0.0,0.0,0.0,0.0,0.0,0.0,0.0,0.0,0.0,6.0,4.0,0.0
002021,Roman Puglise,ARC,Archers,1,SSDM,Defensive Midfield,2024-09-15,2024-09-15,0.0,0.0,0.0,0.0,0.0,0.0,0.0,0,0.0,0.0,0.0,0.0,0.0,0.0,1.0,0.0,1.0,0,0,0,0.0,0.0,0.0,0.0,0.0,7.0,7.0,,,,,,,,,0.0,0.0,0.0,0.0,0.0,0.0,0.0,0.0,0.0,0.0,0.0,0.0,0.0,0.0,1.0,0.0,1.0,0.0,0.0,0.0,0.0,0.0,0.0,0.0,0.0,7.0,7.0,0.0
002021,Roman Puglise,ATL,Atlas,1,SSDM,Defensive Midfield,2024-09-07,2024-09-07,0.0,0.0,0.0,0.0,0.0,0.0,0.0,0,0.0,0.0,0.0,0.0,0.0,0.0,1.0,0.0,0.0,0,0,0,0.0,0.0,0.0,0.0,0.0,7.0,7.0,,,,,,,,,0.0,0.0,0.0,0.0,0.0,0.0,0.0,0.0,0.0,0.0,0.0,0.0,0.0,0.0,1.0,0.0,0.0,0.0,0.0,0.0,0.0,0.0,0.0,0.0,0.0,7.0,7.0,0.0
002021,Roman Puglise,OUT,Outlaws,1,SSDM,Defensive Midfield,2024-09-02,2024-09-02,0.0,0.0,0.0,0.0,0.0,0.0,1.0,1,0.0,0.0,0.0,0.0,0.0,0.0,1.0,0.0,0.0,0,0,0,0.0,0.0,1.0,0.5,2.0,8.0,7.0,0.0,1.0,,,,,0.0,,0.0,0.0,0.0,0.0,0.0,0.0,1.0,1.0,0.0,0.0,0.0,0.0,0.0,0.0,1.0,0.0,0.0,0.0,0.0,0.0,0.0,0.0,1.0,0.5,2.0,8.0,7.0,2.0
002021,Roman Puglise,WAT,Waterdogs,2,SSDM,Defensive Midfield,2023-09-04,2025-08-23,0.0,0.0,0.0,0.0,0.0,0.0,1.0,1,1.0,0.0,0.0,0.0,0.0,0.0,1.0,0.0,1.0,0,0,0,0.0,0.0,1.0,0.5,0.0,5.0,4.0,0.0,1.0,,,,,,0.0,0.0,0.0,0.0,0.0,0.0,0.0,0.5,0.5,0.5,0.0,0.0,0.0,0.0,0.0,0.5,0.0,0.5,0.0,0.0,0.0,0.0,0.0,0.5,0.25,0.0,2.5,2.0,0.0
002022,Zach Geddes,ARC,Archers,1,SSDM,Defensive Midfield,2024-09-07,2024-09-07,1.0,1.0,1.0,0.0,1.0,0.0,1.0,1,0.0,0.0,0.0,0.0,0.0,0.0,1.0,2.0,0.0,0,0,0,0.0,0.0,0.0,0.0,0.0,14.0,11.0,1.0,1.0,,,,,,,1.0,1.0,1.0,0.0,1.0,0.0,1.0,1.0,0.0,0.0,0.0,0.0,0.0,0.0,1.0,2.0,0.0,0.0,0.0,0.0,0.0,0.0,0.0,0.0,0.0,14.0,11.0,0.0
002022,Zach Geddes,ATL,Atlas,1,SSDM,Defensive Midfield,2025-09-14,2025-09-14,0.0,0.0,0.0,0.0,0.0,0.0,0.0,0,0.0,0.0,0.0,0.0,0.0,0.0,2.0,0.0,1.0,0,0,0,0.0,0.0,0.0,0.0,0.0,10.0,10.0,,,,,,,,,0.0,0.0,0.0,0.0,0.0,0.0,0.0,0.0,0.0,0.0,0.0,0.0,0.0,0.0,2.0,0.0,1.0,0.0,0.0,0.0,0.0,0.0,0.0,0.0,0.0,10.0,10.0,0.0
002022,Zach Geddes,CAN,Cannons,1,SSDM,Defensive Midfield,2024-09-02,2024-09-02,0.0,0.0,0.0,0.0,0.0,0.0,0.0,0,0.0,0.0,0.0,0.0,0.0,0.0,1.0,0.0,0.0,0,0,0,0.0,0.0,0.0,0.0,0.0,5.0,5.0,,,,,,,,,0.0,0.0,0.0,0.0,0.0,0.0,0.0,0.0,0.0,0.0,0.0,0.0,0.0,0.0,1.0,0.0,0.0,0.0,0.0,0.0,0.0,0.0,0.0,0.0,0.0,5.0,5.0,0.0
002022,Zach Geddes,RED,Redwoods,3,SSDM,Defensive Midfield,2023-09-04,2026-08-29,1.0,1.0,1.0,0.0,1.0,0.0,3.0,1,0.0,0.0,0.0,0.0,0.0,0.0,2.0,2.0,3.0,0,1,1,0.0,0.0,0.0,0.0,1.0,28.0,23.0,0.3333333333333333,0.3333333333333333,0.0,,,,0.0,,0.3333333333333333,0.3333333333333333,0.3333333333333333,0.0,0.3333333333333333,0.0,1.0,0.3333333333333333,0.0,0.0,0.0,0.0,0.0,0.0,0.6666666666666666,0.6666666666666666,1.0,0.0,0.3333333333333333,0.3333333333333333,0.0,0.0,0.0,0.0,0.3333333333333333,9.333333333333334,7.666666666666667,0.3333333333333333
002023,Brendan Nichtern,CHA,Chaos,1,A,Attack,2022-09-03,2022-09-03,2.0,0.0,0.0,0.0,0.0,2.0,3.0,1,1.0,0.0,0.0,0.0,0.0,0.0,1.0,2.0,0.0,0,0,0,0.0,0.0,0.0,0.0,11.0,50.0,45.0,0.0,0.3333333333333333,,,,,0.18181818181818182,0.0,2.0,0.0,0.0,0.0,0.0,2.0,3.0,1.0,1.0,0.0,0.0,0.0,0.0,0.0,1.0,2.0,0.0,0.0,0.0,0.0,0.0,0.0,0.0,0.0,11.0,50.0,45.0,11.0
002024,Asher Nolting,ATL,Atlas,1,A,Attack,2023-09-04,2023-09-04,7.0,3.0,3.0,0.0,3.0,4.0,9.0,5,0.0,0.0,0.0,0.0,0.0,0.0,1.0,2.0,0.0,0,0,0,0.0,0.0,0.0,0.0,6.0,26.0,15.0,0.3333333333333333,0.5555555555555556,,,,,0.6666666666666666,,7.0,3.0,3.0,0.0,3.0,4.0,9.0,5.0,0.0,0.0,0.0,0.0,0.0,0.0,1.0,2.0,0.0,0.0,0.0,0.0,0.0,0.0,0.0,0.0,6.0,26.0,15.0,6.0
002024,Asher Nolting,CHA,Chaos,1,A,Attack,2024-09-02,2024-09-02,1.0,1.0,1.0,0.0,1.0,0.0,8.0,3,0.0,0.0,0.0,0.0,0.0,0.0,2.0,3.0,0.0,0,0,0,0.0,0.0,0.0,0.0,2.0,36.0,25.0,0.125,0.375,,,,,0.0,,1.0,1.0,1.0,0.0,1.0,0.0,8.0,3.0,0.0,0.0,0.0,0.0,0.0,0.0,2.0,3.0,0.0,0.0,0.0,0.0,0.0,0.0,0.0,0.0,2.0,36.0,25.0,2.0
002024,Asher Nolting,WAT,Waterdogs,1,A,Attack,2023-09-10,2023-09-10,2.0,1.0,1.0,0.0,1.0,1.0,4.0,4,0.0,0.0,0.0,0.0,0.0,0.0,1.0,3.0,0.0,0,0,0,0.0,0.0,0.0,0.0,9.0,22.0,15.0,0.25,1.0,,,,,0.1111111111111111,,2.0,1.0,1.0,0.0,1.0,1.0,4.0,4.0,0.0,0.0,0.0,0.0,0.0,0.0,1.0,3.0,0.0,0.0,0.0,0.0,0.0,0.0,0.0,0.0,9.0,22.0,15.0,9.0
002025,Bubba Fairman,ATL,Atlas,1,SSDM,Defensive Midfield,2023-09-04,2023-09-04,0.0,0.0,0.0,0.0,0.0,0.0,1.0,0,0.0,0.0,0.0,0.0,0.0,0.0,3.0,0.0,1.0,0,0,0,0.0,0.0,0.0,0.0,0.0,10.0,9.0,0.0,0.0,,,,,,,0.0,0.0,0.0,0.0,0.0,0.0,1.0,0.0,0.0,0.0,0.0,0.0,0.0,0.0,3.0,0.0,1.0,0.0,0.0,0.0,0.0,0.0,0.0,0.0,0.0,10.0,9.0,0.0
002025,Bubba Fairman,CHA,Chaos,1,SSDM,Defensive Midfield,2024-09-02,2024-09-02,0.0,0.0,0.0,0.0,0.0,0.0,2.0,0,0.0,0.0,0.0,0.0,0.0,0.0,1.0,0.0,0.0,0,0,0,0.0,0.0,0.0,0.0,0.0,12.0,10.0,0.0,0.0,,,,,,,0.0,0.0,0.0,0.0,0.0,0.0,2.0,0.0,0.0,0.0,0.0,0.0,0.0,0.0,1.0,0.0,0.0,0.0,0.0,0.0,0.0,0.0,0.0,0.0,0.0,12.0,10.0,0.0
002025,Bubba Fairman,WAT,Waterdogs,1,SSDM,Defensive Midfield,2023-09-10,2023-09-10,0.0,0.0,0.0,0.0,0.0,0.0,0.0,0,0.0,0.0,0.0,0.0,0.0,0.0,2.0,1.0,0.0,0,0,0,0.0,0.0,1.0,0.5,1.0,11.0,10.0,,,,,,,0.0,,0.0,0.0,0.0,0.0,0.0,0.0,0.0,0.0,0.0,0.0,0.0,0.0,0.0,0.0,2.0,1.0,0.0,0.0,0.0,0.0,0.0,0.0,1.0,0.5,1.0,11.0,10.0,1.0
002026,Brett Dobson,CHA,Chaos,1,G,Goalie,2024-09-07,2024-09-07,0.0,0.0,0.0,0.0,0.0,0.0,0.0,0,0.0,18.0,8.0,10.0,1.0,1.0,3.0,0.0,1.0,0,0,0,1.0,0.0,0.0,0.0,0.0,19.0,19.0,,,,0.9473684210526315,44.44444444444444,0.42105263157894735,,,0.0,0.0,0.0,0.0,0.0,0.0,0.0,0.0,0.0,18.0,8.0,10.0,1.0,1.0,3.0,0.0,1.0,0.0,0.0,0.0,1.0,0.0,0.0,0.0,0.0,19.0,19.0,0.0
002026,Brett Dobson,RED,Redwoods,1,G,Goalie,2023-09-10,2023-09-10,0.0,0.0,0.0,0.0,0.0,0.0,0.0,0,0.0,18.0,8.0,10.0,6.0,6.0,8.0,0.0,0.0,0,0,0,5.0,1.0,0.0,0.0,0.0,21.0,21.0,,,,0.782608695652174,44.44444444444444,0.34782608695652173,,,0.0,0.0,0.0,0.0,0.0,0.0,0.0,0.0,0.0,18.0,8.0,10.0,6.0,6.0,8.0,0.0,0.0,0.0,0.0,0.0,5.0,1.0,0.0,0.0,0.0,21.0,21.0,0.0
002026,Brett Dobson,WAT,Waterdogs,1,G,Goalie,2023-09-24,2023-09-24,0.0,0.0,0.0,0.0,0.0,0.0,0.0,0,0.0,18.0,7.0,11.0,14.0,14.0,2.0,0.0,0.0,0,0,0,13.0,1.0,0.0,0.0,1.0,14.0,14.0,,,,0.5806451612903226,38.88888888888889,0.22580645161290322,0.0,,0.0,0.0,0.0,0.0,0.0,0.0,0.0,0.0,0.0,18.0,7.0,11.0,14.0,14.0,2.0,0.0,0.0,0.0,0.0,0.0,13.0,1.0,0.0,0.0,1.0,14.0,14.0,1.0
002026,Brett Dobson,WHP,Whipsnakes,1,G,Goalie,2024-09-15,2024-09-15,0.0,0.0,0.0,0.0,0.0,0.0,0.0,0,0.0,20.0,6.0,14.0,8.0,8.0,3.0,0.0,0.0,0,0,0,8.0,0.0,0.0,0.0,0.0,16.0,16.0,,,,0.7142857142857143,30.0,0.21428571428571427,,,0.0,0.0,0.0,0.0,0.0,0.0,0.0,0.0,0.0,20.0,6.0,14.0,8.0,8.0,3.0,0.0,0.0,0.0,0.0,0.0,8.0,0.0,0.0,0.0,0.0,16.0,16.0,0.0
002027,Brendan Curry,CAN,Cannons,1,M,Midfield,2023-09-04,2023-09-04,0.0,0.0,0.0,0.0,0.0,0.0,2.0,1,1.0,0.0,0.0,0.0,0.0,0.0,0.0,0.0,0.0,0,0,0,0.0,0.0,0.0,0.0,1.0,8.0,6.0,0.0,0.5,,,,,0.0,0.0,0.0,0.0,0.0,0.0,0.0,0.0,2.0,1.0,1.0,0.0,0.0,0.0,0.0,0.0,0.0,0.0,0.0,0.0,0.0,0.0,0.0,0.0,0.0,0.0,1.0,8.0,6.0,1.0
002028,Jack Hannah,ARC,Archers,1,M,Midfield,2023-09-24,2023-09-24,2.0,0.0,0.0,0.0,0.0,2.0,3.0,0,0.0,0.0,0.0,0.0,0.0,0.0,0.0,1.0,0.0,0,0,0,0.0,0.0,0.0,0.0,2.0,17.0,13.0,0.0,0.0,,,,,1.0,,2.0,0.0,0.0,0.0,0.0,2.0,3.0,0.0,0.0,0.0,0.0,0.0,0.0,0.0,0.0,1.0,0.0,0.0,0.0,0.0,0.0,0.0,0.0,0.0,2.0,17.0,13.0,2.0
002028,Jack Hannah,ATL,Atlas,2,M,Midfield,2022-09-03,2025-09-01,1.0,0.0,0.0,0.0,0.0,1.0,6.0,4,1.0,0.0,0.0,0.0,0.0,0.0,0.0,0.0,0.0,0,0,0,0.0,0.0,0.0,0.0,3.0,34.0,28.0,0.0,0.6666666666666666,,,,,0.3333333333333333,0.0,0.5,0.0,0.0,0.0,0.0,0.5,3.0,2.0,0.5,0.0,0.0,0.0,0.0,0.0,0.0,0.0,0.0,0.0,0.0,0.0,0.0,0.0,0.0,0.0,1.5,17.0,14.0,1.5
002028,Jack Hannah,CAN,Cannons,1,M,Midfield,2023-09-10,2023-09-10,1.0,0.0,0.0,0.0,0.0,1.0,6.0,1,0.0,0.0,0.0,0.0,0.0,0.0,0.0,0.0,0.0,0,0,0,0.0,0.0,0.0,0.0,2.0,19.0,13.0,0.0,0.16666666666666666,,,,,0.5,,1.0,0.0,0.0,0.0,0.0,1.0,6.0,1.0,0.0,0.0,0.0,0.0,0.0,0.0,0.0,0.0,0.0,0.0,0.0,0.0,0.0,0.0,0.0,0.0,2.0,19.0,13.0,2.0
002028,Jack Hannah,CHA,Chaos,1,M,Midfield,2022-09-18,2022-09-18,2.0,1.0,1.0,0.0,1.0,1.0,5.0,3,0.0,0.0,0.0,0.0,0.0,0.0,1.0,2.0,0.0,0,0,0,0.0,0.0,0.0,0.0,2.0,15.0,8.0,0.2,0.6,,,,,0.5,,2.0,1.0,1.0,0.0,1.0,1.0,5.0,3.0,0.0,0.0,0.0,0.0,0.0,0.0,1.0,2.0,0.0,0.0,0.0,0.0,0.0,0.0,0.0,0.0,2.0,15.0,8.0,2.0
002028,Jack Hannah,WHP,Whipsnakes,3,M,Midfield,2022-09-11,2025-08-23,3.0,1.0,1.0,0.0,1.0,2.0,12.0,2,0.0,0.0,0.0,0.0,0.0,0.0,1.0,3.0,1.0,0,0,0,0.0,0.0,0.0,0.0,4.0,46.0,31.0,0.08333333333333333,0.16666666666666666,,,,,0.5,,1.0,0.3333333333333333,0.3333333333333333,0.0,0.3333333333333333,0.6666666666666666,4.0,0.6666666666666666,0.0,0.0,0.0,0.0,0.0,0.0,0.3333333333333333,1.0,0.3333333333333333,0.0,0.0,0.0,0.0,0.0,0.0,0.0,1.3333333333333333,15.333333333333334,10.333333333333334,1.3333333333333333
002029,Wheaton Jackoboice,ARC,Archers,1,SSDM,Defensive Midfield,2024-09-15,2024-09-15,0.0,0.0,0.0,0.0,0.0,0.0,0.0,0,0.0,0.0,0.0,0.0,0.0,0.0,1.0,0.0,0.0,0,0,0,0.0,0.0,0.0,0.0,0.0,9.0,9.0,,,,,,,,,0.0,0.0,0.0,0.0,0.0,0.0,0.0,0.0,0.0,0.0,0.0,0.0,0.0,0.0,1.0,0.0,0.0,0.0,0.0,0.0,0.0,0.0,0.0,0.0,0.0,9.0,9.0,0.0
002029,Wheaton Jackoboice,ATL,Atlas,1,SSDM,Defensive Midfield,2024-09-07,2024-09-07,0.0,0.0,0.0,0.0,0.0,0.0,0.0,0,0.0,0.0,0.0,0.0,0.0,0.0,1.0,0.0,0.0,0,0,0,0.0,0.0,1.0,0.5,0.0,2.0,2.0,,,,,,,,,0.0,0.0,0.0,0.0,0.0,0.0,0.0,0.0,0.0,0.0,0.0,0.0,0.0,0.0,1.0,0.0,0.0,0.0,0.0,0.0,0.0,0.0,1.0,0.5,0.0,2.0,2.0,0.0
002029,Wheaton Jackoboice,WAT,Waterdogs,1,M,Midfield,2022-09-11,2022-09-11,0.0,0.0,0.0,0.0,0.0,0.0,0.0,0,0.0,0.0,0.0,0.0,0.0,0.0,0.0,0.0,0.0,0,0,0,0.0,0.0,0.0,0.0,3.0,4.0,4.0,,,,,,,0.0,,0.0,0.0,0.0,0.0,0.0,0.0,0.0,0.0,0.0,0.0,0.0,0.0,0.0,0.0,0.0,0.0,0.0,0.0,0.0,0.0,0.0,0.0,0.0,0.0,3.0,4.0,4.0,3.0
002030,Jonathan Donville,ATL,Atlas,2,M,Midfield,2023-09-04,2025-09-14,5.0,5.0,5.0,0.0,5.0,0.0,7.0,6,0.0,0.0,0.0,0.0,0.0,0.0,1.0,1.0,0.0,0,0,0,0.0,0.0,0.0,0.0,2.0,27.0,19.0,0.7142857142857143,0.8571428571428571,,,,,0.0,,2.5,2.5,2.5,0.0,2.5,0.0,3.5,3.0,0.0,0.0,0.0,0.0,0.0,0.0,0.5,0.5,0.0,0.0,0.0,0.0,0.0,0.0,0.0,0.0,1.0,13.5,9.5,1.0
002030,Jonathan Donville,RED,Redwoods,1,M,Midfield,2025-09-01,2025-09-01,1.0,0.0,0.0,0.0,0.0,1.0,1.0,0,0.0,0.0,0.0,0.0,0.0,0.0,1.0,1.0,0.0,0,0,0,0.0,0.0,0.0,0.0,2.0,10.0,8.0,0.0,0.0,,,,,0.5,,1.0,0.0,0.0,0.0,0.0,1.0,1.0,0.0,0.0,0.0,0.0,0.0,0.0,0.0,1.0,1.0,0.0,0.0,0.0,0.0,0.0,0.0,0.0,0.0,2.0,10.0,8.0,2.0
002030,Jonathan Donville,WAT,Waterdogs,1,M,Midfield,2023-09-10,2023-09-10,2.0,1.0,1.0,0.0,1.0,1.0,3.0,1,0.0,0.0,0.0,0.0,0.0,0.0,0.0,1.0,0.0,0,0,0,0.0,0.0,0.0,0.0,3.0,11.0,7.0,0.3333333333333333,0.3333333333333333,,,,,0.3333333333333333,,2.0,1.0,1.0,0.0,1.0,1.0,3.0,1.0,0.0,0.0,0.0,0.0,0.0,0.0,0.0,1.0,0.0,0.0,0.0,0.0,0.0,0.0,0.0,0.0,3.0,11.0,7.0,3.0
002031,Ryan McNulty,CAN,Cannons,1,LSM,Long Stick Midfield,2024-09-02,2024-09-02,0.0,0.0,0.0,0.0,0.0,0.0,1.0,0,1.0,0.0,0.0,0.0,0.0,0.0,1.0,1.0,0.0,0,0,0,0.0,0.0,0.0,0.0,0.0,6.0,4.0,0.0,0.0,,,,,,0.0,0.0,0.0,0.0,0.0,0.0,0.0,1.0,0.0,1.0,0.0,0.0,0.0,0.0,0.0,1.0,1.0,0.0,0.0,0.0,0.0,0.0,0.0,0.0,0.0,0.0,6.0,4.0,0.0
002032,Justin Inacio,CHA,Chaos,1,FO,Faceoff,2022-09-11,2022-09-11,0.0,0.0,0.0,0.0,0.0,0.0,1.0,1,0.0,0.0,0.0,0.0,0.0,0.0,8.0,0.0,0.0,7,12,19,0.0,0.0,0.0,0.0,1.0,5.0,4.0,0.0,1.0,0.3684210526315789,,,,0.0,,0.0,0.0,0.0,0.0,0.0,0.0,1.0,1.0,0.0,0.0,0.0,0.0,0.0,0.0,8.0,0.0,0.0,7.0,12.0,19.0,0.0,0.0,0.0,0.0,1.0,5.0,4.0,1.0
002032,Justin Inacio,RED,Redwoods,2,FO,Faceoff,2022-09-03,2025-08-24,0.0,0.0,0.0,0.0,0.0,0.0,2.0,2,0.0,0.0,0.0,0.0,0.0,0.0,16.0,1.0,0.0,23,26,49,0.0,0.0,0.0,0.0,0.0,13.0,10.0,0.0,1.0,0.46938775510204084,,,,,,0.0,0.0,0.0,0.0,0.0,0.0,1.0,1.0,0.0,0.0,0.0,0.0,0.0,0.0,8.0,0.5,0.0,11.5,13.0,24.5,0.0,0.0,0.0,0.0,0.0,6.5,5.0,0.0
002033,Nakeie Montgomery,ARC,Archers,1,M,Midfield,2022-09-03,2022-09-03,0.0,0.0,0.0,0.0,0.0,0.0,1.0,0,0.0,0.0,0.0,0.0,0.0,0.0,0.0,0.0,0.0,0,0,0,0.0,0.0,0.0,0.0,1.0,9.0,8.0,0.0,0.0,,,,,0.0,,0.0,0.0,0.0,0.0,0.0,0.0,1.0,0.0,0.0,0.0,0.0,0.0,0.0,0.0,0.0,0.0,0.0,0.0,0.0,0.0,0.0,0.0,0.0,0.0,1.0,9.0,8.0,1.0
002035,Max Wayne,ATL,Atlas,1,D,Defense,2023-09-04,2023-09-04,0.0,0.0,0.0,0.0,0.0,0.0,0.0,0,0.0,0.0,0.0,0.0,0.0,0.0,1.0,0.0,0.0,0,0,0,0.0,0.0,0.0,0.0,0.0,4.0,4.0,,,,,,,,,0.0,0.0,0.0,0.0,0.0,0.0,0.0,0.0,0.0,0.0,0.0,0.0,0.0,0.0,1.0,0.0,0.0,0.0,0.0,0.0,0.0,0.0,0.0,0.0,0.0,4.0,4.0,0.0
002035,Max Wayne,WAT,Waterdogs,1,D,Defense,2023-09-10,2023-09-10,0.0,0.0,0.0,0.0,0.0,0.0,0.0,0,0.0,0.0,0.0,0.0,0.0,0.0,3.0,1.0,1.0,0,0,0,0.0,0.0,0.0,0.0,0.0,9.0,8.0,,,,,,,,,0.0,0.0,0.0,0.0,0.0,0.0,0.0,0.0,0.0,0.0,0.0,0.0,0.0,0.0,3.0,1.0,1.0,0.0,0.0,0.0,0.0,0.0,0.0,0.0,0.0,9.0,8.0,0.0
002036,Jake Higgins,ARC,Archers,1,SSDM,Defensive Midfield,2023-09-24,2023-09-24,0.0,0.0,0.0,0.0,0.0,0.0,0.0,0,0.0,0.0,0.0,0.0,0.0,0.0,1.0,0.0,0.0,0,0,0,0.0,0.0,0.0,0.0,0.0,4.0,4.0,,,,,,,,,0.0,0.0,0.0,0.0,0.0,0.0,0.0,0.0,0.0,0.0,0.0,0.0,0.0,0.0,1.0,0.0,0.0,0.0,0.0,0.0,0.0,0.0,0.0,0.0,0.0,4.0,4.0,0.0
002036,Jake Higgins,CAN,Cannons,1,SSDM,Defensive Midfield,2023-09-10,2023-09-10,0.0,0.0,0.0,0.0,0.0,0.0,0.0,0,0.0,0.0,0.0,0.0,0.0,0.0,0.0,0.0,2.0,0,0,0,0.0,0.0,0.0,0.0,0.0,3.0,3.0,,,,,,,,,0.0,0.0,0.0,0.0,0.0,0.0,0.0,0.0,0.0,0.0,0.0,0.0,0.0,0.0,0.0,0.0,2.0,0.0,0.0,0.0,0.0,0.0,0.0,0.0,0.0,3.0,3.0,0.0
002036,Jake Higgins,WHP,Whipsnakes,1,SSDM,Defensive Midfield,2023-09-04,2023-09-04,0.0,0.0,0.0,0.0,0.0,0.0,0.0,0,0.0,0.0,0.0,0.0,0.0,0.0,3.0,0.0,2.0,0,0,0,0.0,0.0,0.0,0.0,0.0,9.0,9.0,,,,,,,,,0.0,0.0,0.0,0.0,0.0,0.0,0.0,0.0,0.0,0.0,0.0,0.0,0.0,0.0,3.0,0.0,2.0,0.0,0.0,0.0,0.0,0.0,0.0,0.0,0.0,9.0,9.0,0.0
002038,Colin Kirst,ATL,Atlas,1,G,Goalie,2023-09-04,2023-09-04,0.0,0.0,0.0,0.0,0.0,0.0,0.0,0,0.0,13.0,1.0,12.0,11.0,11.0,2.0,1.0,0.0,0,0,0,11.0,0.0,0.0,0.0,0.0,22.0,21.0,,,,0.5416666666666666,7.6923076923076925,0.041666666666666664,,,0.0,0.0,0.0,0.0,0.0,0.0,0.0,0.0,0.0,13.0,1.0,12.0,11.0,11.0,2.0,1.0,0.0,0.0,0.0,0.0,11.0,0.0,0.0,0.0,0.0,22.0,21.0,0.0
002038,Colin Kirst,CHA,Chaos,1,G,Goalie,2024-09-02,2024-09-02,0.0,0.0,0.0,0.0,0.0,0.0,0.0,0,0.0,12.0,4.0,8.0,8.0,8.005559416261292,1.0,0.0,1.0,0,0,0,8.0,0.0,0.0,0.0,0.0,13.0,13.0,,,,0.6,33.33333333333333,0.2,,,0.0,0.0,0.0,0.0,0.0,0.0,0.0,0.0,0.0,12.0,4.0,8.0,8.0,8.005559416261292,1.0,0.0,1.0,0.0,0.0,0.0,8.0,0.0,0.0,0.0,0.0,13.0,13.0,0.0
002038,Colin Kirst,WAT,Waterdogs,1,G,Goalie,2023-09-10,2023-09-10,0.0,0.0,0.0,0.0,0.0,0.0,0.0,0,0.0,13.0,2.0,11.0,17.0,17.0,2.0,1.0,0.0,0,0,0,16.0,1.0,0.0,0.0,0.0,19.0,18.0,,,,0.4482758620689655,15.384615384615385,0.06896551724137931,,,0.0,0.0,0.0,0.0,0.0,0.0,0.0,0.0,0.0,13.0,2.0,11.0,17.0,17.0,2.0,1.0,0.0,0.0,0.0,0.0,16.0,1.0,0.0,0.0,0.0,19.0,18.0,0.0
002039,Owen McElroy,WHP,Whipsnakes,1,G,Goalie,2024-09-02,2024-09-02,0.0,0.0,0.0,0.0,0.0,0.0,0.0,0,0.0,15.0,5.0,10.0,11.0,11.0,6.0,0.0,0.0,0,0,0,10.0,1.0,0.0,0.0,1.0,14.0,14.0,,,,0.6,33.33333333333333,0.2,0.0,,0.0,0.0,0.0,0.0,0.0,0.0,0.0,0.0,0.0,15.0,5.0,10.0,11.0,11.0,6.0,0.0,0.0,0.0,0.0,0.0,10.0,1.0,0.0,0.0,1.0,14.0,14.0,1.0
002040,Jackson Reid,WAT,Waterdogs,1,A,Attack,2022-09-11,2022-09-11,0.0,0.0,0.0,0.0,0.0,0.0,4.0,3,0.0,0.0,0.0,0.0,0.0,0.0,1.0,0.0,0.0,0,0,0,0.0,0.0,0.0,0.0,1.0,14.0,10.0,0.0,0.75,,,,,0.0,,0.0,0.0,0.0,0.0,0.0,0.0,4.0,3.0,0.0,0.0,0.0,0.0,0.0,0.0,1.0,0.0,0.0,0.0,0.0,0.0,0.0,0.0,0.0,0.0,1.0,14.0,10.0,1.0
002042,Jon Robbins,CHA,Chaos,2,LSM,Long Stick Midfield,2022-09-11,2024-09-07,1.0,0.0,0.0,0.0,0.0,1.0,0.0,0,0.0,0.0,0.0,0.0,0.0,0.0,2.0,0.0,1.0,0,0,0,0.0,0.0,2.0,1.5,1.0,4.0,4.0,,,,,,,1.0,,0.5,0.0,0.0,0.0,0.0,0.5,0.0,0.0,0.0,0.0,0.0,0.0,0.0,0.0,1.0,0.0,0.5,0.0,0.0,0.0,0.0,0.0,1.0,0.75,0.5,2.0,2.0,0.5
002042,Jon Robbins,RED,Redwoods,1,LSM,Long Stick Midfield,2022-09-03,2022-09-03,0.0,0.0,0.0,0.0,0.0,0.0,0.0,0,0.0,0.0,0.0,0.0,0.0,0.0,0.0,0.0,1.0,0,0,0,0.0,0.0,1.0,1.0,0.0,0.0,0.0,,,,,,,,,0.0,0.0,0.0,0.0,0.0,0.0,0.0,0.0,0.0,0.0,0.0,0.0,0.0,0.0,0.0,0.0,1.0,0.0,0.0,0.0,0.0,0.0,1.0,1.0,0.0,0.0,0.0,0.0
002042,Jon Robbins,WHP,Whipsnakes,1,LSM,Long Stick Midfield,2024-09-15,2024-09-15,0.0,0.0,0.0,0.0,0.0,0.0,0.0,0,0.0,0.0,0.0,0.0,0.0,0.0,1.0,1.0,1.0,0,0,0,0.0,0.0,0.0,0.0,0.0,2.0,1.0,,,,,,,,,0.0,0.0,0.0,0.0,0.0,0.0,0.0,0.0,0.0,0.0,0.0,0.0,0.0,0.0,1.0,1.0,1.0,0.0,0.0,0.0,0.0,0.0,0.0,0.0,0.0,2.0,1.0,0.0
002043,Ryan Aughavin,RED,Redwoods,1,M,Midfield,2023-09-10,2023-09-10,1.0,1.0,1.0,0.0,1.0,0.0,1.0,1,0.0,0.0,0.0,0.0,0.0,0.0,0.0,1.0,0.0,0,0,0,0.0,0.0,0.0,0.0,1.0,13.0,11.0,1.0,1.0,,,,,0.0,,1.0,1.0,1.0,0.0,1.0,0.0,1.0,1.0,0.0,0.0,0.0,0.0,0.0,0.0,0.0,1.0,0.0,0.0,0.0,0.0,0.0,0.0,0.0,0.0,1.0,13.0,11.0,1.0
002043,Ryan Aughavin,WAT,Waterdogs,1,M,Midfield,2023-09-24,2023-09-24,3.0,2.0,0.0,1.0,1.0,1.0,2.0,1,2.0,0.0,0.0,0.0,0.0,0.0,1.0,0.0,0.0,0,0,0,0.0,0.0,0.0,0.0,1.0,13.0,11.0,0.5,0.5,,,,,1.0,0.5,3.0,2.0,0.0,1.0,1.0,1.0,2.0,1.0,2.0,0.0,0.0,0.0,0.0,0.0,1.0,0.0,0.0,0.0,0.0,0.0,0.0,0.0,0.0,0.0,1.0,13.0,11.0,1.0
002054,Chris Merle,ARC,Archers,1,SSDM,Defensive Midfield,2023-09-10,2023-09-10,1.0,1.0,1.0,0.0,1.0,0.0,1.0,1,0.0,0.0,0.0,0.0,0.0,0.0,2.0,0.0,2.0,0,0,0,0.0,0.0,0.0,0.0,0.0,6.0,5.0,1.0,1.0,,,,,,,1.0,1.0,1.0,0.0,1.0,0.0,1.0,1.0,0.0,0.0,0.0,0.0,0.0,0.0,2.0,0.0,2.0,0.0,0.0,0.0,0.0,0.0,0.0,0.0,0.0,6.0,5.0,0.0
002054,Chris Merle,CHA,Chaos,1,SSDM,Defensive Midfield,2023-09-04,2023-09-04,1.0,0.0,0.0,0.0,0.0,1.0,0.0,0,0.0,0.0,0.0,0.0,0.0,0.0,4.0,0.0,0.0,0,0,0,0.0,0.0,0.0,0.0,1.0,8.0,8.0,,,,,,,1.0,,1.0,0.0,0.0,0.0,0.0,1.0,0.0,0.0,0.0,0.0,0.0,0.0,0.0,0.0,4.0,0.0,0.0,0.0,0.0,0.0,0.0,0.0,0.0,0.0,1.0,8.0,8.0,1.0
002059,Brendan Krebs,ARC,Archers,1,G,Goalie,2024-09-15,2024-09-15,0.0,0.0,0.0,0.0,0.0,0.0,1.0,0,1.0,12.0,6.0,6.0,12.0,12.0,2.0,2.0,0.0,0,0,0,11.0,1.0,0.0,0.0,0.0,18.0,15.0,0.0,0.0,,0.5217391304347826,50.0,0.2608695652173913,,0.0,0.0,0.0,0.0,0.0,0.0,0.0,1.0,0.0,1.0,12.0,6.0,6.0,12.0,12.0,2.0,2.0,0.0,0.0,0.0,0.0,11.0,1.0,0.0,0.0,0.0,18.0,15.0,0.0
002059,Brendan Krebs,ATL,Atlas,1,G,Goalie,2024-09-07,2024-09-07,0.0,0.0,0.0,0.0,0.0,0.0,0.0,0,0.0,17.0,5.0,12.0,11.0,9.582577132486389,6.0,0.0,0.0,0,0,0,9.0,2.0,0.0,0.0,1.0,26.0,26.0,,,,0.6538461538461539,29.411764705882355,0.19230769230769232,0.0,,0.0,0.0,0.0,0.0,0.0,0.0,0.0,0.0,0.0,17.0,5.0,12.0,11.0,9.582577132486389,6.0,0.0,0.0,0.0,0.0,0.0,9.0,2.0,0.0,0.0,1.0,26.0,26.0,1.0
002059,Brendan Krebs,OUT,Outlaws,1,G,Goalie,2024-09-02,2024-09-02,1.0,0.0,0.0,0.0,0.0,1.0,0.0,0,0.0,11.0,7.0,4.0,10.0,10.0,2.0,0.0,0.0,0,0,0,9.0,1.0,0.0,0.0,1.0,18.0,18.0,,,,0.55,63.63636363636363,0.35,1.0,,1.0,0.0,0.0,0.0,0.0,1.0,0.0,0.0,0.0,11.0,7.0,4.0,10.0,10.0,2.0,0.0,0.0,0.0,0.0,0.0,9.0,1.0,0.0,0.0,1.0,18.0,18.0,1.0
002063,Ryan Kennedy,ARC,Archers,2,D,Defense,2022-09-03,2023-09-10,0.0,0.0,0.0,0.0,0.0,0.0,1.0,1,0.0,0.0,0.0,0.0,0.0,0.0,4.0,2.0,1.0,0,0,0,0.0,0.0,0.0,0.0,0.0,4.0,1.0,0.0,1.0,,,,,,,0.0,0.0,0.0,0.0,0.0,0.0,0.5,0.5,0.0,0.0,0.0,0.0,0.0,0.0,2.0,1.0,0.5,0.0,0.0,0.0,0.0,0.0,0.0,0.0,0.0,2.0,0.5,0.0
002063,Ryan Kennedy,CHA,Chaos,1,LSM,Long Stick Midfield,2023-09-04,2023-09-04,0.0,0.0,0.0,0.0,0.0,0.0,0.0,0,0.0,0.0,0.0,0.0,0.0,0.0,3.0,0.0,1.0,0,2,2,0.0,0.0,0.0,0.0,0.0,4.0,4.0,,,0.0,,,,,,0.0,0.0,0.0,0.0,0.0,0.0,0.0,0.0,0.0,0.0,0.0,0.0,0.0,0.0,3.0,0.0,1.0,0.0,2.0,2.0,0.0,0.0,0.0,0.0,0.0,4.0,4.0,0.0
002067,Zac Tucci,CHA,Chaos,1,FO,Faceoff,2024-09-02,2024-09-02,0.0,0.0,0.0,0.0,0.0,0.0,2.0,2,1.0,0.0,0.0,0.0,0.0,0.0,6.0,2.0,0.0,8,7,15,0.0,0.0,2.0,1.0,0.0,6.0,2.0,0.0,1.0,0.5333333333333333,,,,,0.0,0.0,0.0,0.0,0.0,0.0,0.0,2.0,2.0,1.0,0.0,0.0,0.0,0.0,0.0,6.0,2.0,0.0,8.0,7.0,15.0,0.0,0.0,2.0,1.0,0.0,6.0,2.0,0.0
002074,Alexander Smith,WHP,Whipsnakes,1,SSDM,Defensive Midfield,2024-09-02,2024-09-02,0.0,0.0,0.0,0.0,0.0,0.0,0.0,0,0.0,0.0,0.0,0.0,0.0,0.0,0.0,1.0,0.0,0,0,0,0.0,0.0,0.0,0.0,0.0,10.0,9.0,,,,,,,,,0.0,0.0,0.0,0.0,0.0,0.0,0.0,0.0,0.0,0.0,0.0,0.0,0.0,0.0,0.0,1.0,0.0,0.0,0.0,0.0,0.0,0.0,0.0,0.0,0.0,10.0,9.0,0.0
003004,Mike Sisselberger,CHA,Chaos,1,FO,Faceoff,2024-09-07,2024-09-07,0.0,0.0,0.0,0.0,0.0,0.0,0.0,0,0.0,0.0,0.0,0.0,0.0,0.0,2.0,2.0,0.0,6,6,13,0.0,0.0,0.0,0.0,0.0,3.0,1.0,,,0.46153846153846156,,,,,,0.0,0.0,0.0,0.0,0.0,0.0,0.0,0.0,0.0,0.0,0.0,0.0,0.0,0.0,2.0,2.0,0.0,6.0,6.0,13.0,0.0,0.0,0.0,0.0,0.0,3.0,1.0,0.0
003004,Mike Sisselberger,RED,Redwoods,1,FO,Faceoff,2023-09-10,2023-09-10,0.0,0.0,0.0,0.0,0.0,0.0,0.0,0,0.0,0.0,0.0,0.0,0.0,0.0,4.0,2.0,0.0,8,11,19,0.0,0.0,0.0,0.0,0.0,4.0,2.0,,,0.42105263157894735,,,,,,0.0,0.0,0.0,0.0,0.0,0.0,0.0,0.0,0.0,0.0,0.0,0.0,0.0,0.0,4.0,2.0,0.0,8.0,11.0,19.0,0.0,0.0,0.0,0.0,0.0,4.0,2.0,0.0
003004,Mike Sisselberger,WAT,Waterdogs,1,FO,Faceoff,2023-09-24,2023-09-24,1.0,1.0,1.0,0.0,1.0,0.0,3.0,1,0.0,0.0,0.0,0.0,0.0,0.0,15.0,6.0,0.0,20,9,29,0.0,0.0,0.0,0.0,0.0,14.0,5.0,0.3333333333333333,0.3333333333333333,0.6896551724137931,,,,,,1.0,1.0,1.0,0.0,1.0,0.0,3.0,1.0,0.0,0.0,0.0,0.0,0.0,0.0,15.0,6.0,0.0,20.0,9.0,29.0,0.0,0.0,0.0,0.0,0.0,14.0,5.0,0.0
003004,Mike Sisselberger,WHP,Whipsnakes,1,FO,Faceoff,2024-09-15,2024-09-15,0.0,0.0,0.0,0.0,0.0,0.0,0.0,0,0.0,0.0,0.0,0.0,0.0,0.0,3.0,1.0,1.0,7,13,21,0.0,0.0,0.0,0.0,0.0,2.0,1.0,,,0.3333333333333333,,,,,,0.0,0.0,0.0,0.0,0.0,0.0,0.0,0.0,0.0,0.0,0.0,0.0,0.0,0.0,3.0,1.0,1.0,7.0,13.0,21.0,0.0,0.0,0.0,0.0,0.0,2.0,1.0,0.0
003005,Connor Maher,CHA,Chaos,1,SSDM,Defensive Midfield,2024-09-07,2024-09-07,0.0,0.0,0.0,0.0,0.0,0.0,0.0,0,0.0,0.0,0.0,0.0,0.0,0.0,1.0,0.0,0.0,0,0,0,0.0,0.0,0.0,0.0,0.0,7.0,7.0,,,,,,,,,0.0,0.0,0.0,0.0,0.0,0.0,0.0,0.0,0.0,0.0,0.0,0.0,0.0,0.0,1.0,0.0,0.0,0.0,0.0,0.0,0.0,0.0,0.0,0.0,0.0,7.0,7.0,0.0
003005,Connor Maher,RED,Redwoods,1,SSDM,Defensive Midfield,2023-09-10,2023-09-10,0.0,0.0,0.0,0.0,0.0,0.0,1.0,0,0.0,0.0,0.0,0.0,0.0,0.0,2.0,0.0,0.0,0,0,0,0.0,0.0,0.0,0.0,0.0,8.0,7.0,0.0,0.0,,,,,,,0.0,0.0,0.0,0.0,0.0,0.0,1.0,0.0,0.0,0.0,0.0,0.0,0.0,0.0,2.0,0.0,0.0,0.0,0.0,0.0,0.0,0.0,0.0,0.0,0.0,8.0,7.0,0.0
003005,Connor Maher,WAT,Waterdogs,1,SSDM,Defensive Midfield,2023-09-24,2023-09-24,0.0,0.0,0.0,0.0,0.0,0.0,0.0,0,0.0,0.0,0.0,0.0,0.0,0.0,0.0,0.0,0.0,0,0,0,0.0,0.0,0.0,0.0,0.0,5.0,5.0,,,,,,,,,0.0,0.0,0.0,0.0,0.0,0.0,0.0,0.0,0.0,0.0,0.0,0.0,0.0,0.0,0.0,0.0,0.0,0.0,0.0,0.0,0.0,0.0,0.0,0.0,0.0,5.0,5.0,0.0
003005,Connor Maher,WHP,Whipsnakes,1,SSDM,Defensive Midfield,2024-09-15,2024-09-15,0.0,0.0,0.0,0.0,0.0,0.0,0.0,0,0.0,0.0,0.0,0.0,0.0,0.0,2.0,0.0,0.0,0,1,1,0.0,0.0,0.0,0.0,0.0,5.0,5.0,,,0.0,,,,,,0.0,0.0,0.0,0.0,0.0,0.0,0.0,0.0,0.0,0.0,0.0,0.0,0.0,0.0,2.0,0.0,0.0,0.0,1.0,1.0,0.0,0.0,0.0,0.0,0.0,5.0,5.0,0.0
003006,Piper Bond,CHA,Chaos,1,SSDM,Defensive Midfield,2024-09-07,2024-09-07,0.0,0.0,0.0,0.0,0.0,0.0,0.0,0,0.0,0.0,0.0,0.0,0.0,0.0,1.0,1.0,0.0,0,0,0,0.0,0.0,1.0,0.5,0.0,11.0,10.0,,,,,,,,,0.0,0.0,0.0,0.0,0.0,0.0,0.0,0.0,0.0,0.0,0.0,0.0,0.0,0.0,1.0,1.0,0.0,0.0,0.0,0.0,0.0,0.0,1.0,0.5,0.0,11.0,10.0,0.0
003006,Piper Bond,RED,Redwoods,1,SSDM,Defensive Midfield,2023-09-10,2023-09-10,0.0,0.0,0.0,0.0,0.0,0.0,0.0,0,0.0,0.0,0.0,0.0,0.0,0.0,3.0,0.0,0.0,0,0,0,0.0,0.0,0.0,0.0,0.0,13.0,13.0,,,,,,,,,0.0,0.0,0.0,0.0,0.0,0.0,0.0,0.0,0.0,0.0,0.0,0.0,0.0,0.0,3.0,0.0,0.0,0.0,0.0,0.0,0.0,0.0,0.0,0.0,0.0,13.0,13.0,0.0
003006,Piper Bond,WAT,Waterdogs,1,SSDM,Defensive Midfield,2023-09-24,2023-09-24,0.0,0.0,0.0,0.0,0.0,0.0,0.0,0,0.0,0.0,0.0,0.0,0.0,0.0,1.0,0.0,0.0,0,0,0,0.0,0.0,0.0,0.0,0.0,14.0,14.0,,,,,,,,,0.0,0.0,0.0,0.0,0.0,0.0,0.0,0.0,0.0,0.0,0.0,0.0,0.0,0.0,1.0,0.0,0.0,0.0,0.0,0.0,0.0,0.0,0.0,0.0,0.0,14.0,14.0,0.0
003006,Piper Bond,WHP,Whipsnakes,1,SSDM,Defensive Midfield,2024-09-15,2024-09-15,0.0,0.0,0.0,0.0,0.0,0.0,0.0,0,0.0,0.0,0.0,0.0,0.0,0.0,1.0,0.0,1.0,0,1,1,0.0,0.0,0.0,0.0,0.0,16.0,16.0,,,0.0,,,,,,0.0,0.0,0.0,0.0,0.0,0.0,0.0,0.0,0.0,0.0,0.0,0.0,0.0,0.0,1.0,0.0,1.0,0.0,1.0,1.0,0.0,0.0,0.0,0.0,0.0,16.0,16.0,0.0
003007,Cam Wyers,RED,Redwoods,1,LSM,Long Stick Midfield,2023-09-10,2023-09-10,0.0,0.0,0.0,0.0,0.0,0.0,0.0,0,0.0,0.0,0.0,0.0,0.0,0.0,1.0,0.0,0.0,0,0,0,0.0,0.0,0.0,0.0,0.0,2.0,2.0,,,,,,,,,0.0,0.0,0.0,0.0,0.0,0.0,0.0,0.0,0.0,0.0,0.0,0.0,0.0,0.0,1.0,0.0,0.0,0.0,0.0,0.0,0.0,0.0,0.0,0.0,0.0,2.0,2.0,0.0
003007,Cam Wyers,WAT,Waterdogs,1,LSM,Long Stick Midfield,2023-09-24,2023-09-24,0.0,0.0,0.0,0.0,0.0,0.0,0.0,0,0.0,0.0,0.0,0.0,0.0,0.0,0.0,0.0,0.0,0,1,1,0.0,0.0,0.0,0.0,0.0,0.0,0.0,,,0.0,,,,,,0.0,0.0,0.0,0.0,0.0,0.0,0.0,0.0,0.0,0.0,0.0,0.0,0.0,0.0,0.0,0.0,0.0,0.0,1.0,1.0,0.0,0.0,0.0,0.0,0.0,0.0,0.0,0.0
003007,Cam Wyers,WHP,Whipsnakes,1,D,Defense,2024-09-15,2024-09-15,0.0,0.0,0.0,0.0,0.0,0.0,1.0,0,1.0,0.0,0.0,0.0,0.0,0.0,0.0,0.0,1.0,0,0,0,0.0,0.0,0.0,0.0,0.0,1.0,0.0,0.0,0.0,,,,,,0.0,0.0,0.0,0.0,0.0,0.0,0.0,1.0,0.0,1.0,0.0,0.0,0.0,0.0,0.0,0.0,0.0,1.0,0.0,0.0,0.0,0.0,0.0,0.0,0.0,0.0,1.0,0.0,0.0
003008,Gavin Adler,CAN,Cannons,1,D,Defense,2023-09-04,2023-09-04,0.0,0.0,0.0,0.0,0.0,0.0,0.0,0,0.0,0.0,0.0,0.0,0.0,0.0,1.0,0.0,0.0,0,0,0,0.0,0.0,0.0,0.0,0.0,6.0,6.0,,,,,,,,,0.0,0.0,0.0,0.0,0.0,0.0,0.0,0.0,0.0,0.0,0.0,0.0,0.0,0.0,1.0,0.0,0.0,0.0,0.0,0.0,0.0,0.0,0.0,0.0,0.0,6.0,6.0,0.0
003008,Gavin Adler,OUT,Outlaws,1,D,Defense,2025-09-14,2025-09-14,0.0,0.0,0.0,0.0,0.0,0.0,0.0,0,0.0,0.0,0.0,0.0,0.0,0.0,0.0,0.0,0.0,0,0,0,0.0,0.0,0.0,0.0,0.0,8.0,8.0,,,,,,,,,0.0,0.0,0.0,0.0,0.0,0.0,0.0,0.0,0.0,0.0,0.0,0.0,0.0,0.0,0.0,0.0,0.0,0.0,0.0,0.0,0.0,0.0,0.0,0.0,0.0,8.0,8.0,0.0
003008,Gavin Adler,WAT,Waterdogs,1,D,Defense,2025-09-01,2025-09-01,0.0,0.0,0.0,0.0,0.0,0.0,0.0,0,0.0,0.0,0.0,0.0,0.0,0.0,2.0,0.0,2.0,0,0,0,0.0,0.0,0.0,0.0,0.0,6.0,6.0,,,,,,,,,0.0,0.0,0.0,0.0,0.0,0.0,0.0,0.0,0.0,0.0,0.0,0.0,0.0,0.0,2.0,0.0,2.0,0.0,0.0,0.0,0.0,0.0,0.0,0.0,0.0,6.0,6.0,0.0
003008,Gavin Adler,WHP,Whipsnakes,1,D,Defense,2024-09-07,2024-09-07,1.0,0.0,0.0,0.0,0.0,1.0,0.0,0,0.0,0.0,0.0,0.0,0.0,0.0,1.0,0.0,0.0,0,0,0,0.0,0.0,0.0,0.0,1.0,10.0,10.0,,,,,,,1.0,,1.0,0.0,0.0,0.0,0.0,1.0,0.0,0.0,0.0,0.0,0.0,0.0,0.0,0.0,1.0,0.0,0.0,0.0,0.0,0.0,0.0,0.0,0.0,0.0,1.0,10.0,10.0,1.0
003009,Brett Makar,CAN,Cannons,1,LSM,Long Stick Midfield,2023-09-04,2023-09-04,0.0,0.0,0.0,0.0,0.0,0.0,1.0,0,1.0,0.0,0.0,0.0,0.0,0.0,2.0,0.0,1.0,0,0,0,0.0,0.0,0.0,0.0,0.0,5.0,4.0,0.0,0.0,,,,,,0.0,0.0,0.0,0.0,0.0,0.0,0.0,1.0,0.0,1.0,0.0,0.0,0.0,0.0,0.0,2.0,0.0,1.0,0.0,0.0,0.0,0.0,0.0,0.0,0.0,0.0,5.0,4.0,0.0
003009,Brett Makar,OUT,Outlaws,1,D,Defense,2025-09-14,2025-09-14,1.0,0.0,0.0,0.0,0.0,1.0,2.0,0,1.0,0.0,0.0,0.0,0.0,0.0,3.0,0.0,1.0,0,0,0,0.0,0.0,0.0,0.0,1.0,7.0,5.0,0.0,0.0,,,,,1.0,0.0,1.0,0.0,0.0,0.0,0.0,1.0,2.0,0.0,1.0,0.0,0.0,0.0,0.0,0.0,3.0,0.0,1.0,0.0,0.0,0.0,0.0,0.0,0.0,0.0,1.0,7.0,5.0,1.0
003009,Brett Makar,WAT,Waterdogs,1,D,Defense,2025-09-01,2025-09-01,0.0,0.0,0.0,0.0,0.0,0.0,1.0,1,1.0,0.0,0.0,0.0,0.0,0.0,5.0,1.0,0.0,0,0,0,0.0,0.0,0.0,0.0,0.0,7.0,5.0,0.0,1.0,,,,,,0.0,0.0,0.0,0.0,0.0,0.0,0.0,1.0,1.0,1.0,0.0,0.0,0.0,0.0,0.0,5.0,1.0,0.0,0.0,0.0,0.0,0.0,0.0,0.0,0.0,0.0,7.0,5.0,0.0
003009,Brett Makar,WHP,Whipsnakes,1,D,Defense,2024-09-07,2024-09-07,0.0,0.0,0.0,0.0,0.0,0.0,0.0,0,0.0,0.0,0.0,0.0,0.0,0.0,3.0,1.0,4.0,0,0,0,0.0,0.0,0.0,0.0,0.0,9.0,8.0,,,,,,,,,0.0,0.0,0.0,0.0,0.0,0.0,0.0,0.0,0.0,0.0,0.0,0.0,0.0,0.0,3.0,1.0,4.0,0.0,0.0,0.0,0.0,0.0,0.0,0.0,0.0,9.0,8.0,0.0
003010,Xander Dickson,CAN,Cannons,1,M,Midfield,2023-09-04,2023-09-04,5.0,5.0,5.0,0.0,5.0,0.0,8.0,6,0.0,0.0,0.0,0.0,0.0,0.0,5.0,3.0,1.0,0,0,0,0.0,0.0,0.0,0.0,1.0,21.0,10.0,0.625,0.75,,,,,0.0,,5.0,5.0,5.0,0.0,5.0,0.0,8.0,6.0,0.0,0.0,0.0,0.0,0.0,0.0,5.0,3.0,1.0,0.0,0.0,0.0,0.0,0.0,0.0,0.0,1.0,21.0,10.0,1.0
003010,Xander Dickson,OUT,Outlaws,1,A,Attack,2025-09-14,2025-09-14,1.0,1.0,1.0,0.0,1.0,0.0,1.0,1,0.0,0.0,0.0,0.0,0.0,0.0,0.0,1.0,2.0,0,0,0,0.0,0.0,0.0,0.0,0.0,6.0,4.0,1.0,1.0,,,,,,,1.0,1.0,1.0,0.0,1.0,0.0,1.0,1.0,0.0,0.0,0.0,0.0,0.0,0.0,0.0,1.0,2.0,0.0,0.0,0.0,0.0,0.0,0.0,0.0,0.0,6.0,4.0,0.0
003010,Xander Dickson,WAT,Waterdogs,1,A,Attack,2025-09-01,2025-09-01,4.0,4.0,4.0,0.0,4.0,0.0,7.0,5,0.0,0.0,0.0,0.0,0.0,0.0,3.0,2.0,0.0,0,0,0,0.0,0.0,1.0,0.5,1.0,20.0,11.0,0.5714285714285714,0.7142857142857143,,,,,0.0,,4.0,4.0,4.0,0.0,4.0,0.0,7.0,5.0,0.0,0.0,0.0,0.0,0.0,0.0,3.0,2.0,0.0,0.0,0.0,0.0,0.0,0.0,1.0,0.5,1.0,20.0,11.0,1.0
003010,Xander Dickson,WHP,Whipsnakes,1,A,Attack,2024-09-07,2024-09-07,0.0,0.0,0.0,0.0,0.0,0.0,4.0,1,0.0,0.0,0.0,0.0,0.0,0.0,2.0,1.0,1.0,0,0,0,0.0,0.0,0.0,0.0,0.0,14.0,9.0,0.0,0.25,,,,,,,0.0,0.0,0.0,0.0,0.0,0.0,4.0,1.0,0.0,0.0,0.0,0.0,0.0,0.0,2.0,1.0,1.0,0.0,0.0,0.0,0.0,0.0,0.0,0.0,0.0,14.0,9.0,0.0
003011,Payton Rezanka,WHP,Whipsnakes,1,SSDM,Defensive Midfield,2024-09-07,2024-09-07,0.0,0.0,0.0,0.0,0.0,0.0,0.0,0,0.0,0.0,0.0,0.0,0.0,0.0,1.0,0.0,0.0,0,0,0,0.0,0.0,0.0,0.0,0.0,4.0,4.0,,,,,,,,,0.0,0.0,0.0,0.0,0.0,0.0,0.0,0.0,0.0,0.0,0.0,0.0,0.0,0.0,1.0,0.0,0.0,0.0,0.0,0.0,0.0,0.0,0.0,0.0,0.0,4.0,4.0,0.0
003013,Matt Campbell,ATL,Atlas,1,M,Midfield,2023-09-04,2023-09-04,2.0,2.0,2.0,0.0,2.0,0.0,7.0,6,1.0,0.0,0.0,0.0,0.0,0.0,0.0,0.0,0.0,0,0,0,0.0,0.0,0.0,0.0,2.0,20.0,13.0,0.2857142857142857,0.8571428571428571,,,,,0.0,0.0,2.0,2.0,2.0,0.0,2.0,0.0,7.0,6.0,1.0,0.0,0.0,0.0,0.0,0.0,0.0,0.0,0.0,0.0,0.0,0.0,0.0,0.0,0.0,0.0,2.0,20.0,13.0,2.0
003013,Matt Campbell,CHA,Chaos,1,M,Midfield,2024-09-02,2024-09-02,0.0,0.0,0.0,0.0,0.0,0.0,4.0,4,1.0,0.0,0.0,0.0,0.0,0.0,0.0,2.0,1.0,0,0,0,0.0,0.0,0.0,0.0,1.0,20.0,14.0,0.0,1.0,,,,,0.0,0.0,0.0,0.0,0.0,0.0,0.0,0.0,4.0,4.0,1.0,0.0,0.0,0.0,0.0,0.0,0.0,2.0,1.0,0.0,0.0,0.0,0.0,0.0,0.0,0.0,1.0,20.0,14.0,1.0
003013,Matt Campbell,WAT,Waterdogs,1,M,Midfield,2023-09-10,2023-09-10,0.0,0.0,0.0,0.0,0.0,0.0,3.0,2,0.0,0.0,0.0,0.0,0.0,0.0,0.0,1.0,0.0,0,0,0,0.0,0.0,0.0,0.0,0.0,12.0,8.0,0.0,0.6666666666666666,,,,,,,0.0,0.0,0.0,0.0,0.0,0.0,3.0,2.0,0.0,0.0,0.0,0.0,0.0,0.0,0.0,1.0,0.0,0.0,0.0,0.0,0.0,0.0,0.0,0.0,0.0,12.0,8.0,0.0
003013,Matt Campbell,WHP,Whipsnakes,1,M,Midfield,2026-08-30,2026-08-30,0.0,0.0,0.0,0.0,0.0,0.0,5.0,3,1.0,0.0,0.0,0.0,0.0,0.0,0.0,2.0,0.0,0,0,0,0.0,0.0,0.0,0.0,0.0,33.0,26.0,0.0,0.6,,,,,,0.0,0.0,0.0,0.0,0.0,0.0,0.0,5.0,3.0,1.0,0.0,0.0,0.0,0.0,0.0,0.0,2.0,0.0,0.0,0.0,0.0,0.0,0.0,0.0,0.0,0.0,33.0,26.0,0.0
003015,Will Bowen,ARC,Archers,1,D,Defense,2024-09-07,2024-09-07,0.0,0.0,0.0,0.0,0.0,0.0,0.0,0,0.0,0.0,0.0,0.0,0.0,0.0,1.0,0.0,0.0,0,0,0,0.0,0.0,0.0,0.0,0.0,6.0,6.0,,,,,,,,,0.0,0.0,0.0,0.0,0.0,0.0,0.0,0.0,0.0,0.0,0.0,0.0,0.0,0.0,1.0,0.0,0.0,0.0,0.0,0.0,0.0,0.0,0.0,0.0,0.0,6.0,6.0,0.0
003015,Will Bowen,CAN,Cannons,1,D,Defense,2024-09-02,2024-09-02,0.0,0.0,0.0,0.0,0.0,0.0,0.0,0,0.0,0.0,0.0,0.0,0.0,0.0,1.0,0.0,1.0,0,0,0,0.0,0.0,0.0,0.0,0.0,9.0,9.0,,,,,,,,,0.0,0.0,0.0,0.0,0.0,0.0,0.0,0.0,0.0,0.0,0.0,0.0,0.0,0.0,1.0,0.0,1.0,0.0,0.0,0.0,0.0,0.0,0.0,0.0,0.0,9.0,9.0,0.0
003015,Will Bowen,RED,Redwoods,1,D,Defense,2023-09-04,2023-09-04,0.0,0.0,0.0,0.0,0.0,0.0,0.0,0,0.0,0.0,0.0,0.0,0.0,0.0,1.0,0.0,0.0,0,0,0,0.0,0.0,0.0,0.0,0.0,4.0,4.0,,,,,,,,,0.0,0.0,0.0,0.0,0.0,0.0,0.0,0.0,0.0,0.0,0.0,0.0,0.0,0.0,1.0,0.0,0.0,0.0,0.0,0.0,0.0,0.0,0.0,0.0,0.0,4.0,4.0,0.0
003016,Brian Minicus,ARC,Archers,1,M,Midfield,2024-09-07,2024-09-07,0.0,0.0,0.0,0.0,0.0,0.0,3.0,2,0.0,0.0,0.0,0.0,0.0,0.0,0.0,0.0,0.0,0,0,0,0.0,0.0,0.0,0.0,0.0,13.0,10.0,0.0,0.6666666666666666,,,,,,,0.0,0.0,0.0,0.0,0.0,0.0,3.0,2.0,0.0,0.0,0.0,0.0,0.0,0.0,0.0,0.0,0.0,0.0,0.0,0.0,0.0,0.0,0.0,0.0,0.0,13.0,10.0,0.0
003016,Brian Minicus,CAN,Cannons,1,M,Midfield,2024-09-02,2024-09-02,2.0,0.0,0.0,0.0,0.0,2.0,1.0,0,0.0,0.0,0.0,0.0,0.0,0.0,0.0,0.0,0.0,0,0,0,0.0,0.0,0.0,0.0,2.0,9.0,8.0,0.0,0.0,,,,,1.0,,2.0,0.0,0.0,0.0,0.0,2.0,1.0,0.0,0.0,0.0,0.0,0.0,0.0,0.0,0.0,0.0,0.0,0.0,0.0,0.0,0.0,0.0,0.0,0.0,2.0,9.0,8.0,2.0
003016,Brian Minicus,RED,Redwoods,1,A,Attack,2023-09-04,2023-09-04,1.0,1.0,1.0,0.0,1.0,0.0,6.0,3,0.0,0.0,0.0,0.0,0.0,0.0,0.0,3.0,0.0,0,0,0,0.0,0.0,0.0,0.0,4.0,30.0,21.0,0.16666666666666666,0.5,,,,,0.0,,1.0,1.0,1.0,0.0,1.0,0.0,6.0,3.0,0.0,0.0,0.0,0.0,0.0,0.0,0.0,3.0,0.0,0.0,0.0,0.0,0.0,0.0,0.0,0.0,4.0,30.0,21.0,4.0
003017,Tye Kurtz,ARC,Archers,1,A,Attack,2024-09-07,2024-09-07,1.0,0.0,0.0,0.0,0.0,1.0,4.0,2,1.0,0.0,0.0,0.0,0.0,0.0,1.0,0.0,0.0,0,0,0,0.0,0.0,0.0,0.0,1.0,23.0,19.0,0.0,0.5,,,,,1.0,0.0,1.0,0.0,0.0,0.0,0.0,1.0,4.0,2.0,1.0,0.0,0.0,0.0,0.0,0.0,1.0,0.0,0.0,0.0,0.0,0.0,0.0,0.0,0.0,0.0,1.0,23.0,19.0,1.0
003017,Tye Kurtz,CAN,Cannons,1,A,Attack,2024-09-02,2024-09-02,3.0,2.0,2.0,0.0,2.0,1.0,4.0,4,0.0,0.0,0.0,0.0,0.0,0.0,2.0,0.0,0.0,0,0,0,0.0,0.0,0.0,0.0,3.0,26.0,22.0,0.5,1.0,,,,,0.3333333333333333,,3.0,2.0,2.0,0.0,2.0,1.0,4.0,4.0,0.0,0.0,0.0,0.0,0.0,0.0,2.0,0.0,0.0,0.0,0.0,0.0,0.0,0.0,0.0,0.0,3.0,26.0,22.0,3.0
003018,Nick Rowlett,ARC,Archers,1,FO,Faceoff,2024-09-07,2024-09-07,0.0,0.0,0.0,0.0,0.0,0.0,0.0,0,0.0,0.0,0.0,0.0,0.0,0.0,3.0,0.0,0.0,7,5,13,0.0,0.0,0.0,0.0,0.0,3.0,3.0,,,0.5384615384615384,,,,,,0.0,0.0,0.0,0.0,0.0,0.0,0.0,0.0,0.0,0.0,0.0,0.0,0.0,0.0,3.0,0.0,0.0,7.0,5.0,13.0,0.0,0.0,0.0,0.0,0.0,3.0,3.0,0.0
003018,Nick Rowlett,RED,Redwoods,1,FO,Faceoff,2023-09-04,2023-09-04,0.0,0.0,0.0,0.0,0.0,0.0,3.0,0,1.0,0.0,0.0,0.0,0.0,0.0,9.0,0.0,1.0,14,12,26,0.0,0.0,0.0,0.0,0.0,10.0,7.0,0.0,0.0,0.5384615384615384,,,,,0.0,0.0,0.0,0.0,0.0,0.0,0.0,3.0,0.0,1.0,0.0,0.0,0.0,0.0,0.0,9.0,0.0,1.0,14.0,12.0,26.0,0.0,0.0,0.0,0.0,0.0,10.0,7.0,0.0
003019,Sam Handley,WHP,Whipsnakes,1,M,Midfield,2024-09-02,2024-09-02,4.0,2.0,0.0,1.0,1.0,2.0,4.0,3,2.0,0.0,0.0,0.0,0.0,0.0,0.0,0.0,0.0,0,0,0,0.0,0.0,0.0,0.0,4.0,17.0,13.0,0.25,0.75,,,,,0.5,0.5,4.0,2.0,0.0,1.0,1.0,2.0,4.0,3.0,2.0,0.0,0.0,0.0,0.0,0.0,0.0,0.0,0.0,0.0,0.0,0.0,0.0,0.0,0.0,0.0,4.0,17.0,13.0,4.0
003022,Cross Ferrara,WHP,Whipsnakes,1,M,Midfield,2024-09-02,2024-09-02,2.0,1.0,1.0,0.0,1.0,1.0,2.0,1,0.0,0.0,0.0,0.0,0.0,0.0,0.0,0.0,0.0,0,0,0,0.0,0.0,0.0,0.0,1.0,10.0,8.0,0.5,0.5,,,,,1.0,,2.0,1.0,1.0,0.0,1.0,1.0,2.0,1.0,0.0,0.0,0.0,0.0,0.0,0.0,0.0,0.0,0.0,0.0,0.0,0.0,0.0,0.0,0.0,0.0,1.0,10.0,8.0,1.0
003023,Owen Grant,ARC,Archers,1,LSM,Long Stick Midfield,2023-09-10,2023-09-10,0.0,0.0,0.0,0.0,0.0,0.0,2.0,2,1.0,0.0,0.0,0.0,0.0,0.0,1.0,0.0,1.0,0,0,0,0.0,0.0,0.0,0.0,0.0,4.0,2.0,0.0,1.0,,,,,,0.0,0.0,0.0,0.0,0.0,0.0,0.0,2.0,2.0,1.0,0.0,0.0,0.0,0.0,0.0,1.0,0.0,1.0,0.0,0.0,0.0,0.0,0.0,0.0,0.0,0.0,4.0,2.0,0.0
003023,Owen Grant,CHA,Chaos,1,LSM,Long Stick Midfield,2023-09-04,2023-09-04,1.0,1.0,1.0,0.0,1.0,0.0,2.0,2,0.0,0.0,0.0,0.0,0.0,0.0,2.0,0.0,0.0,0,1,1,0.0,0.0,0.0,0.0,0.0,4.0,2.0,0.5,1.0,0.0,,,,,,1.0,1.0,1.0,0.0,1.0,0.0,2.0,2.0,0.0,0.0,0.0,0.0,0.0,0.0,2.0,0.0,0.0,0.0,1.0,1.0,0.0,0.0,0.0,0.0,0.0,4.0,2.0,0.0
003023,Owen Grant,WHP,Whipsnakes,1,D,Defense,2026-08-30,2026-08-30,0.0,0.0,0.0,0.0,0.0,0.0,2.0,0,1.0,0.0,0.0,0.0,0.0,0.0,3.0,1.0,2.0,0,0,0,0.0,0.0,0.0,0.0,0.0,9.0,6.0,0.0,0.0,,,,,,0.0,0.0,0.0,0.0,0.0,0.0,0.0,2.0,0.0,1.0,0.0,0.0,0.0,0.0,0.0,3.0,1.0,2.0,0.0,0.0,0.0,0.0,0.0,0.0,0.0,0.0,9.0,6.0,0.0
003024,Brian Tevlin,ARC,Archers,1,SSDM,Defensive Midfield,2023-09-10,2023-09-10,0.0,0.0,0.0,0.0,0.0,0.0,1.0,1,1.0,0.0,0.0,0.0,0.0,0.0,0.0,1.0,0.0,0,0,0,0.0,0.0,0.0,0.0,0.0,6.0,4.0,0.0,1.0,,,,,,0.0,0.0,0.0,0.0,0.0,0.0,0.0,1.0,1.0,1.0,0.0,0.0,0.0,0.0,0.0,0.0,1.0,0.0,0.0,0.0,0.0,0.0,0.0,0.0,0.0,0.0,6.0,4.0,0.0
003024,Brian Tevlin,CHA,Chaos,2,SSDM,Defensive Midfield,2023-09-04,2025-08-24,0.0,0.0,0.0,0.0,0.0,0.0,2.0,1,0.0,0.0,0.0,0.0,0.0,0.0,4.0,0.0,0.0,0,0,0,0.0,0.0,1.0,0.5,0.0,25.0,23.0,0.0,0.5,,,,,,,0.0,0.0,0.0,0.0,0.0,0.0,1.0,0.5,0.0,0.0,0.0,0.0,0.0,0.0,2.0,0.0,0.0,0.0,0.0,0.0,0.0,0.0,0.5,0.25,0.0,12.5,11.5,0.0
003024,Brian Tevlin,OUT,Outlaws,2,SSDM,Defensive Midfield,2025-09-01,2026-08-29,1.0,1.0,1.0,0.0,1.0,0.0,3.0,3,2.0,0.0,0.0,0.0,0.0,0.0,8.0,1.0,2.0,0,2,2,0.0,0.0,1.0,0.5,0.0,22.0,18.0,0.3333333333333333,1.0,0.0,,,,,0.0,0.5,0.5,0.5,0.0,0.5,0.0,1.5,1.5,1.0,0.0,0.0,0.0,0.0,0.0,4.0,0.5,1.0,0.0,1.0,1.0,0.0,0.0,0.5,0.25,0.0,11.0,9.0,0.0
003025,Cole Kirst,ARC,Archers,1,M,Midfield,2023-09-10,2023-09-10,0.0,0.0,0.0,0.0,0.0,0.0,4.0,2,1.0,0.0,0.0,0.0,0.0,0.0,0.0,1.0,0.0,0,0,0,0.0,0.0,0.0,0.0,1.0,16.0,11.0,0.0,0.5,,,,,0.0,0.0,0.0,0.0,0.0,0.0,0.0,0.0,4.0,2.0,1.0,0.0,0.0,0.0,0.0,0.0,0.0,1.0,0.0,0.0,0.0,0.0,0.0,0.0,0.0,0.0,1.0,16.0,11.0,1.0
003025,Cole Kirst,CHA,Chaos,1,M,Midfield,2023-09-04,2023-09-04,2.0,2.0,0.0,1.0,1.0,0.0,7.0,4,1.0,0.0,0.0,0.0,0.0,0.0,1.0,2.0,0.0,0,0,0,0.0,0.0,0.0,0.0,0.0,28.0,19.0,0.14285714285714285,0.5714285714285714,,,,,,1.0,2.0,2.0,0.0,1.0,1.0,0.0,7.0,4.0,1.0,0.0,0.0,0.0,0.0,0.0,1.0,2.0,0.0,0.0,0.0,0.0,0.0,0.0,0.0,0.0,0.0,28.0,19.0,0.0
003027,Thomas McConvey,ATL,Atlas,1,M,Midfield,2025-09-01,2025-09-01,0.0,0.0,0.0,0.0,0.0,0.0,3.0,2,0.0,0.0,0.0,0.0,0.0,0.0,0.0,0.0,0.0,0,0,0,0.0,0.0,0.0,0.0,1.0,11.0,8.0,0.0,0.6666666666666666,,,,,0.0,,0.0,0.0,0.0,0.0,0.0,0.0,3.0,2.0,0.0,0.0,0.0,0.0,0.0,0.0,0.0,0.0,0.0,0.0,0.0,0.0,0.0,0.0,0.0,0.0,1.0,11.0,8.0,1.0
003027,Thomas McConvey,WHP,Whipsnakes,2,M,Midfield,2023-09-04,2025-08-23,0.0,0.0,0.0,0.0,0.0,0.0,3.0,2,0.0,0.0,0.0,0.0,0.0,0.0,3.0,1.0,1.0,0,0,0,0.0,0.0,0.0,0.0,2.0,21.0,17.0,0.0,0.6666666666666666,,,,,0.0,,0.0,0.0,0.0,0.0,0.0,0.0,1.5,1.0,0.0,0.0,0.0,0.0,0.0,0.0,1.5,0.5,0.5,0.0,0.0,0.0,0.0,0.0,0.0,0.0,1.0,10.5,8.5,1.0
003028,Alex Mazzone,ARC,Archers,1,LSM,Long Stick Midfield,2024-09-15,2024-09-15,0.0,0.0,0.0,0.0,0.0,0.0,0.0,0,0.0,0.0,0.0,0.0,0.0,0.0,1.0,1.0,1.0,0,0,0,0.0,0.0,0.0,0.0,0.0,3.0,2.0,,,,,,,,,0.0,0.0,0.0,0.0,0.0,0.0,0.0,0.0,0.0,0.0,0.0,0.0,0.0,0.0,1.0,1.0,1.0,0.0,0.0,0.0,0.0,0.0,0.0,0.0,0.0,3.0,2.0,0.0
003028,Alex Mazzone,ATL,Atlas,1,LSM,Long Stick Midfield,2024-09-07,2024-09-07,0.0,0.0,0.0,0.0,0.0,0.0,0.0,0,0.0,0.0,0.0,0.0,0.0,0.0,0.0,0.0,0.0,0,0,0,0.0,0.0,0.0,0.0,0.0,1.0,1.0,,,,,,,,,0.0,0.0,0.0,0.0,0.0,0.0,0.0,0.0,0.0,0.0,0.0,0.0,0.0,0.0,0.0,0.0,0.0,0.0,0.0,0.0,0.0,0.0,0.0,0.0,0.0,1.0,1.0,0.0
003028,Alex Mazzone,OUT,Outlaws,1,LSM,Long Stick Midfield,2024-09-02,2024-09-02,0.0,0.0,0.0,0.0,0.0,0.0,0.0,0,0.0,0.0,0.0,0.0,0.0,0.0,1.0,0.0,0.0,0,0,0,0.0,0.0,0.0,0.0,0.0,3.0,3.0,,,,,,,,,0.0,0.0,0.0,0.0,0.0,0.0,0.0,0.0,0.0,0.0,0.0,0.0,0.0,0.0,1.0,0.0,0.0,0.0,0.0,0.0,0.0,0.0,0.0,0.0,0.0,3.0,3.0,0.0
003029,Chris Fake,CHA,Chaos,1,D,Defense,2025-08-24,2025-08-24,0.0,0.0,0.0,0.0,0.0,0.0,0.0,0,0.0,0.0,0.0,0.0,0.0,0.0,4.0,1.0,1.0,0,0,0,0.0,0.0,0.0,0.0,1.0,13.0,12.0,,,,,,,0.0,,0.0,0.0,0.0,0.0,0.0,0.0,0.0,0.0,0.0,0.0,0.0,0.0,0.0,0.0,4.0,1.0,1.0,0.0,0.0,0.0,0.0,0.0,0.0,0.0,1.0,13.0,12.0,1.0
003029,Chris Fake,OUT,Outlaws,2,D,Defense,2025-09-01,2026-08-29,2.0,2.0,0.0,1.0,1.0,0.0,1.0,1,1.0,0.0,0.0,0.0,0.0,0.0,1.0,2.0,1.0,0,0,0,0.0,0.0,0.0,0.0,0.0,12.0,9.0,1.0,1.0,,,,,,1.0,1.0,1.0,0.0,0.5,0.5,0.0,0.5,0.5,0.5,0.0,0.0,0.0,0.0,0.0,0.5,1.0,0.5,0.0,0.0,0.0,0.0,0.0,0.0,0.0,0.0,6.0,4.5,0.0
003030,James Reilly,CAN,Cannons,1,FO,Faceoff,2024-09-02,2024-09-02,0.0,0.0,0.0,0.0,0.0,0.0,0.0,0,0.0,0.0,0.0,0.0,0.0,0.0,2.0,0.0,1.0,7,8,15,0.0,0.0,0.0,0.0,0.0,0.0,0.0,,,0.4666666666666667,,,,,,0.0,0.0,0.0,0.0,0.0,0.0,0.0,0.0,0.0,0.0,0.0,0.0,0.0,0.0,2.0,0.0,1.0,7.0,8.0,15.0,0.0,0.0,0.0,0.0,0.0,0.0,0.0,0.0
003031,Tucker Dordevic,WAT,Waterdogs,1,M,Midfield,2023-09-04,2023-09-04,3.0,3.0,3.0,0.0,3.0,0.0,9.0,9,1.0,0.0,0.0,0.0,0.0,0.0,2.0,0.0,0.0,0,0,0,0.0,0.0,0.0,0.0,0.0,24.0,15.0,0.3333333333333333,1.0,,,,,,0.0,3.0,3.0,3.0,0.0,3.0,0.0,9.0,9.0,1.0,0.0,0.0,0.0,0.0,0.0,2.0,0.0,0.0,0.0,0.0,0.0,0.0,0.0,0.0,0.0,0.0,24.0,15.0,0.0
003032,Petey LaSalla,WAT,Waterdogs,1,FO,Faceoff,2023-09-04,2023-09-04,0.0,0.0,0.0,0.0,0.0,0.0,0.0,0,0.0,0.0,0.0,0.0,0.0,0.0,16.0,0.0,0.0,20,8,29,0.0,0.0,0.0,0.0,0.0,13.0,13.0,,,0.6896551724137931,,,,,,0.0,0.0,0.0,0.0,0.0,0.0,0.0,0.0,0.0,0.0,0.0,0.0,0.0,0.0,16.0,0.0,0.0,20.0,8.0,29.0,0.0,0.0,0.0,0.0,0.0,13.0,13.0,0.0
003039,Chet Comizio,CAN,Cannons,1,SSDM,Defensive Midfield,2023-09-04,2023-09-04,0.0,0.0,0.0,0.0,0.0,0.0,0.0,0,0.0,0.0,0.0,0.0,0.0,0.0,1.0,0.0,2.0,0,0,0,0.0,0.0,0.0,0.0,0.0,4.0,4.0,,,,,,,,,0.0,0.0,0.0,0.0,0.0,0.0,0.0,0.0,0.0,0.0,0.0,0.0,0.0,0.0,1.0,0.0,2.0,0.0,0.0,0.0,0.0,0.0,0.0,0.0,0.0,4.0,4.0,0.0
003039,Chet Comizio,OUT,Outlaws,1,SSDM,Defensive Midfield,2025-09-14,2025-09-14,0.0,0.0,0.0,0.0,0.0,0.0,1.0,0,1.0,0.0,0.0,0.0,0.0,0.0,2.0,0.0,0.0,0,0,0,0.0,0.0,0.0,0.0,0.0,4.0,3.0,0.0,0.0,,,,,,0.0,0.0,0.0,0.0,0.0,0.0,0.0,1.0,0.0,1.0,0.0,0.0,0.0,0.0,0.0,2.0,0.0,0.0,0.0,0.0,0.0,0.0,0.0,0.0,0.0,0.0,4.0,3.0,0.0
003039,Chet Comizio,WAT,Waterdogs,1,SSDM,Defensive Midfield,2025-09-01,2025-09-01,0.0,0.0,0.0,0.0,0.0,0.0,0.0,0,0.0,0.0,0.0,0.0,0.0,0.0,1.0,0.0,0.0,0,0,0,0.0,0.0,0.0,0.0,0.0,5.0,5.0,,,,,,,,,0.0,0.0,0.0,0.0,0.0,0.0,0.0,0.0,0.0,0.0,0.0,0.0,0.0,0.0,1.0,0.0,0.0,0.0,0.0,0.0,0.0,0.0,0.0,0.0,0.0,5.0,5.0,0.0
003039,Chet Comizio,WHP,Whipsnakes,1,SSDM,Defensive Midfield,2024-09-07,2024-09-07,0.0,0.0,0.0,0.0,0.0,0.0,2.0,1,0.0,0.0,0.0,0.0,0.0,0.0,2.0,0.0,0.0,0,0,0,0.0,0.0,1.0,0.5,0.0,5.0,3.0,0.0,0.5,,,,,,,0.0,0.0,0.0,0.0,0.0,0.0,2.0,1.0,0.0,0.0,0.0,0.0,0.0,0.0,2.0,0.0,0.0,0.0,0.0,0.0,0.0,0.0,1.0,0.5,0.0,5.0,3.0,0.0
003041,Ethan Rall,ATL,Atlas,1,LSM,Long Stick Midfield,2023-09-04,2023-09-04,1.0,1.0,1.0,0.0,1.0,0.0,1.0,1,0.0,0.0,0.0,0.0,0.0,0.0,2.0,0.0,1.0,1,11,12,0.0,0.0,0.0,0.0,0.0,2.0,1.0,1.0,1.0,0.08333333333333333,,,,,,1.0,1.0,1.0,0.0,1.0,0.0,1.0,1.0,0.0,0.0,0.0,0.0,0.0,0.0,2.0,0.0,1.0,1.0,11.0,12.0,0.0,0.0,0.0,0.0,0.0,2.0,1.0,0.0
003041,Ethan Rall,CHA,Chaos,1,LSM,Long Stick Midfield,2024-09-02,2024-09-02,0.0,0.0,0.0,0.0,0.0,0.0,0.0,0,0.0,0.0,0.0,0.0,0.0,0.0,1.0,0.0,0.0,0,0,0,0.0,0.0,0.0,0.0,0.0,4.0,4.0,,,,,,,,,0.0,0.0,0.0,0.0,0.0,0.0,0.0,0.0,0.0,0.0,0.0,0.0,0.0,0.0,1.0,0.0,0.0,0.0,0.0,0.0,0.0,0.0,0.0,0.0,0.0,4.0,4.0,0.0
003041,Ethan Rall,WAT,Waterdogs,1,LSM,Long Stick Midfield,2023-09-10,2023-09-10,0.0,0.0,0.0,0.0,0.0,0.0,0.0,0,0.0,0.0,0.0,0.0,0.0,0.0,5.0,0.0,1.0,3,6,10,0.0,0.0,0.0,0.0,0.0,4.0,4.0,,,0.3,,,,,,0.0,0.0,0.0,0.0,0.0,0.0,0.0,0.0,0.0,0.0,0.0,0.0,0.0,0.0,5.0,0.0,1.0,3.0,6.0,10.0,0.0,0.0,0.0,0.0,0.0,4.0,4.0,0.0
003041,Ethan Rall,WHP,Whipsnakes,1,LSM,Long Stick Midfield,2026-08-30,2026-08-30,1.0,1.0,1.0,0.0,1.0,0.0,2.0,2,0.0,0.0,0.0,0.0,0.0,0.0,7.0,1.0,3.0,0,0,0,0.0,0.0,0.0,0.0,0.0,12.0,9.0,0.5,1.0,,,,,,,1.0,1.0,1.0,0.0,1.0,0.0,2.0,2.0,0.0,0.0,0.0,0.0,0.0,0.0,7.0,1.0,3.0,0.0,0.0,0.0,0.0,0.0,0.0,0.0,0.0,12.0,9.0,0.0
003048,TJ Malone,ARC,Archers,1,A,Attack,2024-09-15,2024-09-15,4.0,0.0,0.0,0.0,0.0,4.0,10.0,3,1.0,0.0,0.0,0.0,0.0,0.0,0.0,2.0,0.0,0,0,0,0.0,0.0,0.0,0.0,6.0,29.0,17.0,0.0,0.3,,,,,0.6666666666666666,0.0,4.0,0.0,0.0,0.0,0.0,4.0,10.0,3.0,1.0,0.0,0.0,0.0,0.0,0.0,0.0,2.0,0.0,0.0,0.0,0.0,0.0,0.0,0.0,0.0,6.0,29.0,17.0,6.0
003048,TJ Malone,ATL,Atlas,1,A,Attack,2024-09-07,2024-09-07,4.0,3.0,3.0,0.0,3.0,1.0,5.0,5,0.0,0.0,0.0,0.0,0.0,0.0,4.0,4.0,1.0,0,0,0,0.0,0.0,0.0,0.0,2.0,20.0,11.0,0.6,1.0,,,,,0.5,,4.0,3.0,3.0,0.0,3.0,1.0,5.0,5.0,0.0,0.0,0.0,0.0,0.0,0.0,4.0,4.0,1.0,0.0,0.0,0.0,0.0,0.0,0.0,0.0,2.0,20.0,11.0,2.0
003048,TJ Malone,CAN,Cannons,1,A,Attack,2026-08-30,2026-08-30,0.0,0.0,0.0,0.0,0.0,0.0,3.0,1,0.0,0.0,0.0,0.0,0.0,0.0,1.0,1.0,0.0,0,0,0,0.0,0.0,0.0,0.0,2.0,24.0,20.0,0.0,0.3333333333333333,,,,,0.0,,0.0,0.0,0.0,0.0,0.0,0.0,3.0,1.0,0.0,0.0,0.0,0.0,0.0,0.0,1.0,1.0,0.0,0.0,0.0,0.0,0.0,0.0,0.0,0.0,2.0,24.0,20.0,2.0
003048,TJ Malone,OUT,Outlaws,1,A,Attack,2024-09-02,2024-09-02,5.0,2.0,2.0,0.0,2.0,3.0,6.0,5,1.0,0.0,0.0,0.0,0.0,0.0,4.0,4.0,0.0,0,0,0,0.0,0.0,1.0,0.5,8.0,34.0,24.0,0.3333333333333333,0.8333333333333334,,,,,0.375,0.0,5.0,2.0,2.0,0.0,2.0,3.0,6.0,5.0,1.0,0.0,0.0,0.0,0.0,0.0,4.0,4.0,0.0,0.0,0.0,0.0,0.0,0.0,1.0,0.5,8.0,34.0,24.0,8.0
003048,TJ Malone,WAT,Waterdogs,1,A,Attack,2025-08-23,2025-08-23,2.0,1.0,1.0,0.0,1.0,1.0,6.0,3,1.0,0.0,0.0,0.0,0.0,0.0,5.0,3.0,0.0,0,0,0,0.0,0.0,0.0,0.0,2.0,32.0,23.0,0.16666666666666666,0.5,,,,,0.5,0.0,2.0,1.0,1.0,0.0,1.0,1.0,6.0,3.0,1.0,0.0,0.0,0.0,0.0,0.0,5.0,3.0,0.0,0.0,0.0,0.0,0.0,0.0,0.0,0.0,2.0,32.0,23.0,2.0
003049,John Geppert,CAN,Cannons,1,LSM,Long Stick Midfield,2023-09-04,2023-09-04,0.0,0.0,0.0,0.0,0.0,0.0,0.0,0,0.0,0.0,0.0,0.0,0.0,0.0,0.0,0.0,0.0,0,0,0,0.0,0.0,0.0,0.0,0.0,3.0,3.0,,,,,,,,,0.0,0.0,0.0,0.0,0.0,0.0,0.0,0.0,0.0,0.0,0.0,0.0,0.0,0.0,0.0,0.0,0.0,0.0,0.0,0.0,0.0,0.0,0.0,0.0,0.0,3.0,3.0,0.0
003059,BJ Farrare,CHA,Chaos,1,SSDM,Defensive Midfield,2025-08-24,2025-08-24,0.0,0.0,0.0,0.0,0.0,0.0,1.0,0,0.0,0.0,0.0,0.0,0.0,0.0,1.0,0.0,0.0,0,0,0,0.0,0.0,0.0,0.0,0.0,5.0,4.0,0.0,0.0,,,,,,,0.0,0.0,0.0,0.0,0.0,0.0,1.0,0.0,0.0,0.0,0.0,0.0,0.0,0.0,1.0,0.0,0.0,0.0,0.0,0.0,0.0,0.0,0.0,0.0,0.0,5.0,4.0,0.0
003059,BJ Farrare,OUT,Outlaws,2,LSM,Defensive Midfield,2025-09-01,2026-08-29,1.0,0.0,0.0,0.0,0.0,1.0,0.0,0,0.0,0.0,0.0,0.0,0.0,0.0,3.0,1.0,0.0,0,0,0,0.0,0.0,1.0,0.5,2.0,11.0,10.0,,,,,,,0.5,,0.5,0.0,0.0,0.0,0.0,0.5,0.0,0.0,0.0,0.0,0.0,0.0,0.0,0.0,1.5,0.5,0.0,0.0,0.0,0.0,0.0,0.0,0.5,0.25,1.0,5.5,5.0,1.0
003075,Brennan O'Neill,ATL,Atlas,1,A,Attack,2025-09-14,2025-09-14,3.0,3.0,3.0,0.0,3.0,0.0,11.0,5,0.0,0.0,0.0,0.0,0.0,0.0,2.0,4.0,0.0,0,0,0,0.0,0.0,0.0,0.0,2.0,28.0,13.0,0.2727272727272727,0.45454545454545453,,,,,0.0,,3.0,3.0,3.0,0.0,3.0,0.0,11.0,5.0,0.0,0.0,0.0,0.0,0.0,0.0,2.0,4.0,0.0,0.0,0.0,0.0,0.0,0.0,0.0,0.0,2.0,28.0,13.0,2.0
003075,Brennan O'Neill,RED,Redwoods,2,A,Attack,2025-09-01,2026-08-29,9.0,8.0,6.0,1.0,7.0,1.0,21.0,13,6.0,0.0,0.0,0.0,0.0,0.0,2.0,5.0,0.0,0,0,0,0.0,0.0,0.0,0.0,2.0,69.0,43.0,0.3333333333333333,0.6190476190476191,,,,,0.5,0.16666666666666666,4.5,4.0,3.0,0.5,3.5,0.5,10.5,6.5,3.0,0.0,0.0,0.0,0.0,0.0,1.0,2.5,0.0,0.0,0.0,0.0,0.0,0.0,0.0,0.0,1.0,34.5,21.5,1.0
003075,Brennan O'Neill,WHP,Whipsnakes,1,A,Attack,2024-09-02,2024-09-02,2.0,2.0,2.0,0.0,2.0,0.0,11.0,6,0.0,0.0,0.0,0.0,0.0,0.0,2.0,3.0,0.0,0,0,0,0.0,0.0,0.0,0.0,1.0,35.0,21.0,0.18181818181818182,0.5454545454545454,,,,,0.0,,2.0,2.0,2.0,0.0,2.0,0.0,11.0,6.0,0.0,0.0,0.0,0.0,0.0,0.0,2.0,3.0,0.0,0.0,0.0,0.0,0.0,0.0,0.0,0.0,1.0,35.0,21.0,1.0
003076,Connor Shellenberger,OUT,Outlaws,1,A,Attack,2025-09-14,2025-09-14,4.0,2.0,2.0,0.0,2.0,2.0,3.0,2,0.0,0.0,0.0,0.0,0.0,0.0,1.0,2.0,0.0,0,0,0,0.0,0.0,0.0,0.0,4.0,23.0,18.0,0.6666666666666666,0.6666666666666666,,,,,0.5,,4.0,2.0,2.0,0.0,2.0,2.0,3.0,2.0,0.0,0.0,0.0,0.0,0.0,0.0,1.0,2.0,0.0,0.0,0.0,0.0,0.0,0.0,0.0,0.0,4.0,23.0,18.0,4.0
003076,Connor Shellenberger,WAT,Waterdogs,1,A,Attack,2025-09-01,2025-09-01,5.0,1.0,1.0,0.0,1.0,4.0,2.0,2,0.0,0.0,0.0,0.0,0.0,0.0,3.0,1.0,0.0,0,0,0,0.0,0.0,0.0,0.0,7.0,31.0,28.0,0.5,1.0,,,,,0.5714285714285714,,5.0,1.0,1.0,0.0,1.0,4.0,2.0,2.0,0.0,0.0,0.0,0.0,0.0,0.0,3.0,1.0,0.0,0.0,0.0,0.0,0.0,0.0,0.0,0.0,7.0,31.0,28.0,7.0
003076,Connor Shellenberger,WHP,Whipsnakes,1,A,Attack,2024-09-07,2024-09-07,2.0,1.0,1.0,0.0,1.0,1.0,9.0,7,0.0,0.0,0.0,0.0,0.0,0.0,2.0,1.0,0.0,0,0,0,0.0,0.0,0.0,0.0,6.0,39.0,29.0,0.1111111111111111,0.7777777777777778,,,,,0.16666666666666666,,2.0,1.0,1.0,0.0,1.0,1.0,9.0,7.0,0.0,0.0,0.0,0.0,0.0,0.0,2.0,1.0,0.0,0.0,0.0,0.0,0.0,0.0,0.0,0.0,6.0,39.0,29.0,6.0
003077,Ajax Zappitello,ARC,Archers,1,D,Defense,2024-09-15,2024-09-15,0.0,0.0,0.0,0.0,0.0,0.0,0.0,0,0.0,0.0,0.0,0.0,0.0,0.0,6.0,1.0,1.0,0,0,0,0.0,0.0,0.0,0.0,0.0,13.0,12.0,,,,,,,,,0.0,0.0,0.0,0.0,0.0,0.0,0.0,0.0,0.0,0.0,0.0,0.0,0.0,0.0,6.0,1.0,1.0,0.0,0.0,0.0,0.0,0.0,0.0,0.0,0.0,13.0,12.0,0.0
003077,Ajax Zappitello,ATL,Atlas,1,D,Defense,2024-09-07,2024-09-07,0.0,0.0,0.0,0.0,0.0,0.0,0.0,0,0.0,0.0,0.0,0.0,0.0,0.0,3.0,0.0,2.0,0,0,0,0.0,0.0,0.0,0.0,0.0,9.0,9.0,,,,,,,,,0.0,0.0,0.0,0.0,0.0,0.0,0.0,0.0,0.0,0.0,0.0,0.0,0.0,0.0,3.0,0.0,2.0,0.0,0.0,0.0,0.0,0.0,0.0,0.0,0.0,9.0,9.0,0.0
003077,Ajax Zappitello,CAN,Cannons,1,D,Defense,2026-08-30,2026-08-30,0.0,0.0,0.0,0.0,0.0,0.0,1.0,0,0.0,0.0,0.0,0.0,0.0,0.0,2.0,0.0,1.0,0,0,0,0.0,0.0,0.0,0.0,0.0,10.0,9.0,0.0,0.0,,,,,,,0.0,0.0,0.0,0.0,0.0,0.0,1.0,0.0,0.0,0.0,0.0,0.0,0.0,0.0,2.0,0.0,1.0,0.0,0.0,0.0,0.0,0.0,0.0,0.0,0.0,10.0,9.0,0.0
003077,Ajax Zappitello,OUT,Outlaws,1,D,Defense,2024-09-02,2024-09-02,1.0,1.0,1.0,0.0,1.0,0.0,2.0,1,0.0,0.0,0.0,0.0,0.0,0.0,3.0,0.0,1.0,0,0,0,0.0,0.0,0.0,0.0,0.0,6.0,4.0,0.5,0.5,,,,,,,1.0,1.0,1.0,0.0,1.0,0.0,2.0,1.0,0.0,0.0,0.0,0.0,0.0,0.0,3.0,0.0,1.0,0.0,0.0,0.0,0.0,0.0,0.0,0.0,0.0,6.0,4.0,0.0
003077,Ajax Zappitello,WAT,Waterdogs,1,D,Defense,2025-08-23,2025-08-23,0.0,0.0,0.0,0.0,0.0,0.0,0.0,0,0.0,0.0,0.0,0.0,0.0,0.0,5.0,0.0,1.0,0,0,0,0.0,0.0,0.0,0.0,0.0,10.0,10.0,,,,,,,,,0.0,0.0,0.0,0.0,0.0,0.0,0.0,0.0,0.0,0.0,0.0,0.0,0.0,0.0,5.0,0.0,1.0,0.0,0.0,0.0,0.0,0.0,0.0,0.0,0.0,10.0,10.0,0.0
003078,Shane Knobloch,ARC,Archers,1,M,Midfield,2024-09-07,2024-09-07,0.0,0.0,0.0,0.0,0.0,0.0,7.0,4,0.0,0.0,0.0,0.0,0.0,0.0,2.0,2.0,0.0,0,0,0,0.0,0.0,0.0,0.0,0.0,15.0,6.0,0.0,0.5714285714285714,,,,,,,0.0,0.0,0.0,0.0,0.0,0.0,7.0,4.0,0.0,0.0,0.0,0.0,0.0,0.0,2.0,2.0,0.0,0.0,0.0,0.0,0.0,0.0,0.0,0.0,0.0,15.0,6.0,0.0
003078,Shane Knobloch,CAN,Cannons,1,M,Midfield,2024-09-02,2024-09-02,0.0,0.0,0.0,0.0,0.0,0.0,4.0,2,0.0,0.0,0.0,0.0,0.0,0.0,1.0,1.0,0.0,0,0,0,0.0,0.0,0.0,0.0,0.0,16.0,11.0,0.0,0.5,,,,,,,0.0,0.0,0.0,0.0,0.0,0.0,4.0,2.0,0.0,0.0,0.0,0.0,0.0,0.0,1.0,1.0,0.0,0.0,0.0,0.0,0.0,0.0,0.0,0.0,0.0,16.0,11.0,0.0
003078,Shane Knobloch,RED,Redwoods,1,M,Midfield,2025-08-24,2025-08-24,3.0,3.0,3.0,0.0,3.0,0.0,8.0,7,1.0,0.0,0.0,0.0,0.0,0.0,0.0,1.0,0.0,0,0,0,0.0,0.0,0.0,0.0,2.0,31.0,22.0,0.375,0.875,,,,,0.0,0.0,3.0,3.0,3.0,0.0,3.0,0.0,8.0,7.0,1.0,0.0,0.0,0.0,0.0,0.0,0.0,1.0,0.0,0.0,0.0,0.0,0.0,0.0,0.0,0.0,2.0,31.0,22.0,2.0
003079,Liam Entenmann,OUT,Outlaws,1,G,Goalie,2025-09-14,2025-09-14,0.0,0.0,0.0,0.0,0.0,0.0,0.0,0,0.0,15.0,6.0,9.0,13.0,12.999999999999998,2.0,0.0,0.0,0,0,0,13.0,0.0,0.0,0.0,1.0,19.0,19.0,,,,0.5357142857142857,40.0,0.21428571428571427,0.0,,0.0,0.0,0.0,0.0,0.0,0.0,0.0,0.0,0.0,15.0,6.0,9.0,13.0,12.999999999999998,2.0,0.0,0.0,0.0,0.0,0.0,13.0,0.0,0.0,0.0,1.0,19.0,19.0,1.0
003079,Liam Entenmann,WAT,Waterdogs,1,G,Goalie,2025-09-01,2025-09-01,0.0,0.0,0.0,0.0,0.0,0.0,0.0,0,0.0,18.0,6.0,12.0,11.0,11.0,1.0,0.0,1.0,0,0,0,8.0,3.0,0.0,0.0,0.0,23.0,23.0,,,,0.6923076923076923,33.33333333333333,0.23076923076923078,,,0.0,0.0,0.0,0.0,0.0,0.0,0.0,0.0,0.0,18.0,6.0,12.0,11.0,11.0,1.0,0.0,1.0,0.0,0.0,0.0,8.0,3.0,0.0,0.0,0.0,23.0,23.0,0.0
003079,Liam Entenmann,WHP,Whipsnakes,1,G,Goalie,2024-09-07,2024-09-07,0.0,0.0,0.0,0.0,0.0,0.0,0.0,0,0.0,9.0,3.0,6.0,12.0,10.453720508166969,4.0,0.0,0.0,0,0,0,12.0,0.0,0.0,0.0,0.0,23.0,23.0,,,,0.42857142857142855,33.33333333333333,0.14285714285714285,,,0.0,0.0,0.0,0.0,0.0,0.0,0.0,0.0,0.0,9.0,3.0,6.0,12.0,10.453720508166969,4.0,0.0,0.0,0.0,0.0,0.0,12.0,0.0,0.0,0.0,0.0,23.0,23.0,0.0
003080,Pat Kavanagh,ATL,Atlas,1,A,Attack,2025-09-14,2025-09-14,4.0,2.0,2.0,0.0,2.0,2.0,8.0,6,0.0,0.0,0.0,0.0,0.0,0.0,1.0,1.0,0.0,0,0,0,0.0,0.0,0.0,0.0,4.0,24.0,15.0,0.25,0.75,,,,,0.5,,4.0,2.0,2.0,0.0,2.0,2.0,8.0,6.0,0.0,0.0,0.0,0.0,0.0,0.0,1.0,1.0,0.0,0.0,0.0,0.0,0.0,0.0,0.0,0.0,4.0,24.0,15.0,4.0
003080,Pat Kavanagh,CHA,Chaos,1,A,Attack,2024-09-02,2024-09-02,1.0,1.0,1.0,0.0,1.0,0.0,7.0,5,0.0,0.0,0.0,0.0,0.0,0.0,0.0,0.0,0.0,0,0,0,0.0,0.0,0.0,0.0,2.0,19.0,12.0,0.14285714285714285,0.7142857142857143,,,,,0.0,,1.0,1.0,1.0,0.0,1.0,0.0,7.0,5.0,0.0,0.0,0.0,0.0,0.0,0.0,0.0,0.0,0.0,0.0,0.0,0.0,0.0,0.0,0.0,0.0,2.0,19.0,12.0,2.0
003080,Pat Kavanagh,RED,Redwoods,2,A,Attack,2025-09-01,2026-08-29,9.0,3.0,3.0,0.0,3.0,6.0,10.0,7,2.0,0.0,0.0,0.0,0.0,0.0,4.0,2.0,0.0,0,0,0,0.0,0.0,0.0,0.0,11.0,69.0,57.0,0.3,0.7,,,,,0.5454545454545454,0.0,4.5,1.5,1.5,0.0,1.5,3.0,5.0,3.5,1.0,0.0,0.0,0.0,0.0,0.0,2.0,1.0,0.0,0.0,0.0,0.0,0.0,0.0,0.0,0.0,5.5,34.5,28.5,5.5
003081,Matt Brandau,CAN,Cannons,1,M,Midfield,2026-08-30,2026-08-30,2.0,2.0,2.0,0.0,2.0,0.0,6.0,6,0.0,0.0,0.0,0.0,0.0,0.0,2.0,1.0,0.0,0,0,0,0.0,0.0,0.0,0.0,0.0,22.0,15.0,0.3333333333333333,1.0,,,,,,,2.0,2.0,2.0,0.0,2.0,0.0,6.0,6.0,0.0,0.0,0.0,0.0,0.0,0.0,2.0,1.0,0.0,0.0,0.0,0.0,0.0,0.0,0.0,0.0,0.0,22.0,15.0,0.0
003081,Matt Brandau,WAT,Waterdogs,1,M,Midfield,2025-08-23,2025-08-23,0.0,0.0,0.0,0.0,0.0,0.0,6.0,3,0.0,0.0,0.0,0.0,0.0,0.0,2.0,2.0,0.0,0,0,0,0.0,0.0,0.0,0.0,0.0,27.0,19.0,0.0,0.5,,,,,,,0.0,0.0,0.0,0.0,0.0,0.0,6.0,3.0,0.0,0.0,0.0,0.0,0.0,0.0,2.0,2.0,0.0,0.0,0.0,0.0,0.0,0.0,0.0,0.0,0.0,27.0,19.0,0.0
003082,Mason Woodward,CHA,Chaos,1,D,Defense,2024-09-07,2024-09-07,0.0,0.0,0.0,0.0,0.0,0.0,2.0,1,2.0,0.0,0.0,0.0,0.0,0.0,4.0,0.0,3.0,0,0,0,0.0,0.0,0.0,0.0,0.0,12.0,10.0,0.0,0.5,,,,,,0.0,0.0,0.0,0.0,0.0,0.0,0.0,2.0,1.0,2.0,0.0,0.0,0.0,0.0,0.0,4.0,0.0,3.0,0.0,0.0,0.0,0.0,0.0,0.0,0.0,0.0,12.0,10.0,0.0
003082,Mason Woodward,WHP,Whipsnakes,1,D,Defense,2024-09-15,2024-09-15,2.0,2.0,0.0,1.0,1.0,0.0,2.0,1,2.0,0.0,0.0,0.0,0.0,0.0,3.0,0.0,1.0,0,0,0,0.0,0.0,0.0,0.0,1.0,11.0,9.0,0.5,0.5,,,,,0.0,0.5,2.0,2.0,0.0,1.0,1.0,0.0,2.0,1.0,2.0,0.0,0.0,0.0,0.0,0.0,3.0,0.0,1.0,0.0,0.0,0.0,0.0,0.0,0.0,0.0,1.0,11.0,9.0,1.0
003083,Jake Piseno,ATL,Atlas,1,LSM,Long Stick Midfield,2025-09-14,2025-09-14,0.0,0.0,0.0,0.0,0.0,0.0,0.0,0,0.0,0.0,0.0,0.0,0.0,0.0,2.0,0.0,2.0,0,0,0,0.0,0.0,0.0,0.0,1.0,4.0,4.0,,,,,,,0.0,,0.0,0.0,0.0,0.0,0.0,0.0,0.0,0.0,0.0,0.0,0.0,0.0,0.0,0.0,2.0,0.0,2.0,0.0,0.0,0.0,0.0,0.0,0.0,0.0,1.0,4.0,4.0,1.0
003083,Jake Piseno,RED,Redwoods,2,LSM,Long Stick Midfield,2025-09-01,2026-08-29,0.0,0.0,0.0,0.0,0.0,0.0,1.0,0,1.0,0.0,0.0,0.0,0.0,0.0,3.0,0.0,1.0,0,0,0,0.0,0.0,0.0,0.0,1.0,12.0,11.0,0.0,0.0,,,,,0.0,0.0,0.0,0.0,0.0,0.0,0.0,0.0,0.5,0.0,0.5,0.0,0.0,0.0,0.0,0.0,1.5,0.0,0.5,0.0,0.0,0.0,0.0,0.0,0.0,0.0,0.5,6.0,5.5,0.5
003083,Jake Piseno,WHP,Whipsnakes,1,LSM,Long Stick Midfield,2024-09-02,2024-09-02,0.0,0.0,0.0,0.0,0.0,0.0,0.0,0,0.0,0.0,0.0,0.0,0.0,0.0,2.0,0.0,0.0,0,0,0,0.0,0.0,0.0,0.0,1.0,5.0,5.0,,,,,,,0.0,,0.0,0.0,0.0,0.0,0.0,0.0,0.0,0.0,0.0,0.0,0.0,0.0,0.0,0.0,2.0,0.0,0.0,0.0,0.0,0.0,0.0,0.0,0.0,0.0,1.0,5.0,5.0,1.0
003084,Jake Stevens,OUT,Outlaws,1,M,Midfield,2025-09-14,2025-09-14,0.0,0.0,0.0,0.0,0.0,0.0,1.0,1,0.0,0.0,0.0,0.0,0.0,0.0,1.0,2.0,0.0,0,0,0,0.0,0.0,0.0,0.0,1.0,12.0,9.0,0.0,1.0,,,,,0.0,,0.0,0.0,0.0,0.0,0.0,0.0,1.0,1.0,0.0,0.0,0.0,0.0,0.0,0.0,1.0,2.0,0.0,0.0,0.0,0.0,0.0,0.0,0.0,0.0,1.0,12.0,9.0,1.0
003084,Jake Stevens,WAT,Waterdogs,1,M,Midfield,2025-09-01,2025-09-01,1.0,1.0,1.0,0.0,1.0,0.0,3.0,2,0.0,0.0,0.0,0.0,0.0,0.0,0.0,2.0,0.0,0,0,0,0.0,0.0,0.0,0.0,0.0,15.0,10.0,0.3333333333333333,0.6666666666666666,,,,,,,1.0,1.0,1.0,0.0,1.0,0.0,3.0,2.0,0.0,0.0,0.0,0.0,0.0,0.0,0.0,2.0,0.0,0.0,0.0,0.0,0.0,0.0,0.0,0.0,0.0,15.0,10.0,0.0
003084,Jake Stevens,WHP,Whipsnakes,1,M,Midfield,2024-09-07,2024-09-07,0.0,0.0,0.0,0.0,0.0,0.0,2.0,1,0.0,0.0,0.0,0.0,0.0,0.0,1.0,1.0,0.0,0,0,0,0.0,0.0,0.0,0.0,0.0,11.0,8.0,0.0,0.5,,,,,,,0.0,0.0,0.0,0.0,0.0,0.0,2.0,1.0,0.0,0.0,0.0,0.0,0.0,0.0,1.0,1.0,0.0,0.0,0.0,0.0,0.0,0.0,0.0,0.0,0.0,11.0,8.0,0.0
003085,Graham Bundy,ATL,Atlas,1,M,Midfield,2025-09-14,2025-09-14,1.0,1.0,1.0,0.0,1.0,0.0,5.0,4,1.0,0.0,0.0,0.0,0.0,0.0,1.0,1.0,0.0,0,0,0,0.0,0.0,0.0,0.0,0.0,23.0,17.0,0.2,0.8,,,,,,0.0,1.0,1.0,1.0,0.0,1.0,0.0,5.0,4.0,1.0,0.0,0.0,0.0,0.0,0.0,1.0,1.0,0.0,0.0,0.0,0.0,0.0,0.0,0.0,0.0,0.0,23.0,17.0,0.0
003085,Graham Bundy,RED,Redwoods,2,M,Midfield,2025-09-01,2026-08-29,4.0,3.0,1.0,1.0,2.0,1.0,6.0,4,2.0,0.0,0.0,0.0,0.0,0.0,0.0,0.0,1.0,0,0,0,0.0,0.0,0.0,0.0,1.0,47.0,41.0,0.3333333333333333,0.6666666666666666,,,,,1.0,0.5,2.0,1.5,0.5,0.5,1.0,0.5,3.0,2.0,1.0,0.0,0.0,0.0,0.0,0.0,0.0,0.0,0.5,0.0,0.0,0.0,0.0,0.0,0.0,0.0,0.5,23.5,20.5,0.5
003085,Graham Bundy,WHP,Whipsnakes,1,M,Midfield,2024-09-02,2024-09-02,1.0,1.0,1.0,0.0,1.0,0.0,3.0,3,2.0,0.0,0.0,0.0,0.0,0.0,1.0,1.0,0.0,0,0,0,0.0,0.0,0.0,0.0,1.0,21.0,17.0,0.3333333333333333,1.0,,,,,0.0,0.0,1.0,1.0,1.0,0.0,1.0,0.0,3.0,3.0,2.0,0.0,0.0,0.0,0.0,0.0,1.0,1.0,0.0,0.0,0.0,0.0,0.0,0.0,0.0,0.0,1.0,21.0,17.0,1.0
003087,Beau Pederson,CHA,Chaos,1,SSDM,Defensive Midfield,2024-09-07,2024-09-07,0.0,0.0,0.0,0.0,0.0,0.0,0.0,0,0.0,0.0,0.0,0.0,0.0,0.0,1.0,1.0,0.0,0,1,1,0.0,0.0,1.0,0.5,0.0,6.0,5.0,,,0.0,,,,,,0.0,0.0,0.0,0.0,0.0,0.0,0.0,0.0,0.0,0.0,0.0,0.0,0.0,0.0,1.0,1.0,0.0,0.0,1.0,1.0,0.0,0.0,1.0,0.5,0.0,6.0,5.0,0.0
003087,Beau Pederson,WHP,Whipsnakes,1,SSDM,Defensive Midfield,2024-09-15,2024-09-15,0.0,0.0,0.0,0.0,0.0,0.0,0.0,0,0.0,0.0,0.0,0.0,0.0,0.0,4.0,0.0,1.0,0,0,0,0.0,0.0,0.0,0.0,1.0,11.0,11.0,,,,,,,0.0,,0.0,0.0,0.0,0.0,0.0,0.0,0.0,0.0,0.0,0.0,0.0,0.0,0.0,0.0,4.0,0.0,1.0,0.0,0.0,0.0,0.0,0.0,0.0,0.0,1.0,11.0,11.0,1.0
003088,Alexander Vardaro,CHA,Chaos,1,M,Midfield,2024-09-02,2024-09-02,1.0,1.0,1.0,0.0,1.0,0.0,2.0,1,0.0,0.0,0.0,0.0,0.0,0.0,1.0,0.0,0.0,0,0,0,0.0,0.0,0.0,0.0,1.0,16.0,14.0,0.5,0.5,,,,,0.0,,1.0,1.0,1.0,0.0,1.0,0.0,2.0,1.0,0.0,0.0,0.0,0.0,0.0,0.0,1.0,0.0,0.0,0.0,0.0,0.0,0.0,0.0,0.0,0.0,1.0,16.0,14.0,1.0
003089,Kenny Brower,ATL,Atlas,1,D,Defense,2025-09-01,2025-09-01,0.0,0.0,0.0,0.0,0.0,0.0,0.0,0,0.0,0.0,0.0,0.0,0.0,0.0,1.0,0.0,1.0,0,0,0,0.0,0.0,1.0,1.0,0.0,3.0,3.0,,,,,,,,,0.0,0.0,0.0,0.0,0.0,0.0,0.0,0.0,0.0,0.0,0.0,0.0,0.0,0.0,1.0,0.0,1.0,0.0,0.0,0.0,0.0,0.0,1.0,1.0,0.0,3.0,3.0,0.0
003089,Kenny Brower,WHP,Whipsnakes,1,D,Defense,2025-08-23,2025-08-23,0.0,0.0,0.0,0.0,0.0,0.0,0.0,0,0.0,0.0,0.0,0.0,0.0,0.0,3.0,0.0,2.0,0,0,0,0.0,0.0,0.0,0.0,0.0,7.0,7.0,,,,,,,,,0.0,0.0,0.0,0.0,0.0,0.0,0.0,0.0,0.0,0.0,0.0,0.0,0.0,0.0,3.0,0.0,2.0,0.0,0.0,0.0,0.0,0.0,0.0,0.0,0.0,7.0,7.0,0.0
003090,Dyson Williams,CHA,Chaos,1,M,Midfield,2024-09-07,2024-09-07,2.0,2.0,2.0,0.0,2.0,0.0,3.0,2,0.0,0.0,0.0,0.0,0.0,0.0,1.0,0.0,0.0,0,0,0,0.0,0.0,0.0,0.0,0.0,5.0,2.0,0.6666666666666666,0.6666666666666666,,,,,,,2.0,2.0,2.0,0.0,2.0,0.0,3.0,2.0,0.0,0.0,0.0,0.0,0.0,0.0,1.0,0.0,0.0,0.0,0.0,0.0,0.0,0.0,0.0,0.0,0.0,5.0,2.0,0.0
003090,Dyson Williams,WHP,Whipsnakes,1,M,Midfield,2024-09-15,2024-09-15,1.0,1.0,1.0,0.0,1.0,0.0,1.0,1,0.0,0.0,0.0,0.0,0.0,0.0,0.0,0.0,0.0,0,0,0,0.0,0.0,0.0,0.0,0.0,3.0,2.0,1.0,1.0,,,,,,,1.0,1.0,1.0,0.0,1.0,0.0,1.0,1.0,0.0,0.0,0.0,0.0,0.0,0.0,0.0,0.0,0.0,0.0,0.0,0.0,0.0,0.0,0.0,0.0,0.0,3.0,2.0,0.0
003092,Josh Zawada,RED,Redwoods,1,A,Attack,2025-08-24,2025-08-24,0.0,0.0,0.0,0.0,0.0,0.0,2.0,1,0.0,0.0,0.0,0.0,0.0,0.0,1.0,3.0,0.0,0,0,0,0.0,0.0,0.0,0.0,3.0,21.0,16.0,0.0,0.5,,,,,0.0,,0.0,0.0,0.0,0.0,0.0,0.0,2.0,1.0,0.0,0.0,0.0,0.0,0.0,0.0,1.0,3.0,0.0,0.0,0.0,0.0,0.0,0.0,0.0,0.0,3.0,21.0,16.0,3.0
003092,Josh Zawada,WHP,Whipsnakes,1,M,Midfield,2024-09-02,2024-09-02,0.0,0.0,0.0,0.0,0.0,0.0,3.0,2,0.0,0.0,0.0,0.0,0.0,0.0,0.0,1.0,0.0,0,0,0,0.0,0.0,0.0,0.0,1.0,39.0,35.0,0.0,0.6666666666666666,,,,,0.0,,0.0,0.0,0.0,0.0,0.0,0.0,3.0,2.0,0.0,0.0,0.0,0.0,0.0,0.0,0.0,1.0,0.0,0.0,0.0,0.0,0.0,0.0,0.0,0.0,1.0,39.0,35.0,1.0
003093,Ross Scott,ARC,Archers,1,A,Attack,2024-09-07,2024-09-07,0.0,0.0,0.0,0.0,0.0,0.0,5.0,1,0.0,0.0,0.0,0.0,0.0,0.0,1.0,1.0,0.0,0,0,0,0.0,0.0,0.0,0.0,1.0,23.0,17.0,0.0,0.2,,,,,0.0,,0.0,0.0,0.0,0.0,0.0,0.0,5.0,1.0,0.0,0.0,0.0,0.0,0.0,0.0,1.0,1.0,0.0,0.0,0.0,0.0,0.0,0.0,0.0,0.0,1.0,23.0,17.0,1.0
003093,Ross Scott,CAN,Cannons,1,A,Attack,2024-09-02,2024-09-02,1.0,1.0,1.0,0.0,1.0,0.0,5.0,4,0.0,0.0,0.0,0.0,0.0,0.0,1.0,2.0,0.0,0,0,0,0.0,0.0,0.0,0.0,4.0,30.0,23.0,0.2,0.8,,,,,0.0,,1.0,1.0,1.0,0.0,1.0,0.0,5.0,4.0,0.0,0.0,0.0,0.0,0.0,0.0,1.0,2.0,0.0,0.0,0.0,0.0,0.0,0.0,0.0,0.0,4.0,30.0,23.0,4.0
003093,Ross Scott,RED,Redwoods,1,M,Midfield,2025-08-24,2025-08-24,0.0,0.0,0.0,0.0,0.0,0.0,2.0,0,0.0,0.0,0.0,0.0,0.0,0.0,0.0,0.0,0.0,0,0,0,0.0,0.0,0.0,0.0,1.0,17.0,15.0,0.0,0.0,,,,,0.0,,0.0,0.0,0.0,0.0,0.0,0.0,2.0,0.0,0.0,0.0,0.0,0.0,0.0,0.0,0.0,0.0,0.0,0.0,0.0,0.0,0.0,0.0,0.0,0.0,1.0,17.0,15.0,1.0
003094,Levi Anderson,ARC,Archers,1,M,Midfield,2024-09-15,2024-09-15,0.0,0.0,0.0,0.0,0.0,0.0,3.0,0,0.0,0.0,0.0,0.0,0.0,0.0,0.0,0.0,0.0,0,0,0,0.0,0.0,0.0,0.0,1.0,9.0,6.0,0.0,0.0,,,,,0.0,,0.0,0.0,0.0,0.0,0.0,0.0,3.0,0.0,0.0,0.0,0.0,0.0,0.0,0.0,0.0,0.0,0.0,0.0,0.0,0.0,0.0,0.0,0.0,0.0,1.0,9.0,6.0,1.0
003094,Levi Anderson,ATL,Atlas,1,M,Midfield,2024-09-07,2024-09-07,3.0,3.0,3.0,0.0,3.0,0.0,7.0,4,1.0,0.0,0.0,0.0,0.0,0.0,0.0,1.0,0.0,0,0,0,0.0,0.0,0.0,0.0,0.0,11.0,3.0,0.42857142857142855,0.5714285714285714,,,,,,0.0,3.0,3.0,3.0,0.0,3.0,0.0,7.0,4.0,1.0,0.0,0.0,0.0,0.0,0.0,0.0,1.0,0.0,0.0,0.0,0.0,0.0,0.0,0.0,0.0,0.0,11.0,3.0,0.0
003094,Levi Anderson,OUT,Outlaws,1,M,Midfield,2024-09-02,2024-09-02,0.0,0.0,0.0,0.0,0.0,0.0,2.0,1,0.0,0.0,0.0,0.0,0.0,0.0,0.0,1.0,1.0,0,0,0,0.0,0.0,0.0,0.0,0.0,10.0,7.0,0.0,0.5,,,,,,,0.0,0.0,0.0,0.0,0.0,0.0,2.0,1.0,0.0,0.0,0.0,0.0,0.0,0.0,0.0,1.0,1.0,0.0,0.0,0.0,0.0,0.0,0.0,0.0,0.0,10.0,7.0,0.0
003094,Levi Anderson,WAT,Waterdogs,1,M,Midfield,2025-08-23,2025-08-23,1.0,1.0,1.0,0.0,1.0,0.0,2.0,1,0.0,0.0,0.0,0.0,0.0,0.0,0.0,2.0,0.0,0,0,0,0.0,0.0,0.0,0.0,1.0,10.0,6.0,0.5,0.5,,,,,0.0,,1.0,1.0,1.0,0.0,1.0,0.0,2.0,1.0,0.0,0.0,0.0,0.0,0.0,0.0,0.0,2.0,0.0,0.0,0.0,0.0,0.0,0.0,0.0,0.0,1.0,10.0,6.0,1.0
003096,Marcus Hudgins,ATL,Atlas,1,LSM,Long Stick Midfield,2025-09-01,2025-09-01,0.0,0.0,0.0,0.0,0.0,0.0,1.0,0,0.0,0.0,0.0,0.0,0.0,0.0,2.0,1.0,0.0,0,0,0,0.0,0.0,0.0,0.0,0.0,5.0,3.0,0.0,0.0,,,,,,,0.0,0.0,0.0,0.0,0.0,0.0,1.0,0.0,0.0,0.0,0.0,0.0,0.0,0.0,2.0,1.0,0.0,0.0,0.0,0.0,0.0,0.0,0.0,0.0,0.0,5.0,3.0,0.0
003096,Marcus Hudgins,WHP,Whipsnakes,1,LSM,Long Stick Midfield,2025-08-23,2025-08-23,0.0,0.0,0.0,0.0,0.0,0.0,0.0,0,0.0,0.0,0.0,0.0,0.0,0.0,4.0,0.0,2.0,0,0,0,0.0,0.0,0.0,0.0,0.0,5.0,5.0,,,,,,,,,0.0,0.0,0.0,0.0,0.0,0.0,0.0,0.0,0.0,0.0,0.0,0.0,0.0,0.0,4.0,0.0,2.0,0.0,0.0,0.0,0.0,0.0,0.0,0.0,0.0,5.0,5.0,0.0
003097,Colby Barsz,CHA,Chaos,1,D,Defense,2024-09-07,2024-09-07,0.0,0.0,0.0,0.0,0.0,0.0,1.0,0,0.0,0.0,0.0,0.0,0.0,0.0,0.0,1.0,0.0,0,0,0,0.0,0.0,0.0,0.0,0.0,3.0,1.0,0.0,0.0,,,,,,,0.0,0.0,0.0,0.0,0.0,0.0,1.0,0.0,0.0,0.0,0.0,0.0,0.0,0.0,0.0,1.0,0.0,0.0,0.0,0.0,0.0,0.0,0.0,0.0,0.0,3.0,1.0,0.0
003098,Luke Wierman,ATL,Atlas,1,FO,Faceoff,2025-09-14,2025-09-14,0.0,0.0,0.0,0.0,0.0,0.0,0.0,0,0.0,0.0,0.0,0.0,0.0,0.0,2.0,1.0,0.0,9,21,30,0.0,0.0,0.0,0.0,0.0,5.0,4.0,,,0.3,,,,,,0.0,0.0,0.0,0.0,0.0,0.0,0.0,0.0,0.0,0.0,0.0,0.0,0.0,0.0,2.0,1.0,0.0,9.0,21.0,30.0,0.0,0.0,0.0,0.0,0.0,5.0,4.0,0.0
003098,Luke Wierman,RED,Redwoods,2,FO,Faceoff,2025-09-01,2026-08-29,1.0,1.0,1.0,0.0,1.0,0.0,9.0,3,4.0,0.0,0.0,0.0,0.0,0.0,21.0,4.0,2.0,25,25,51,0.0,0.0,0.0,0.0,2.0,23.0,10.0,0.1111111111111111,0.3333333333333333,0.49019607843137253,,,,0.0,0.0,0.5,0.5,0.5,0.0,0.5,0.0,4.5,1.5,2.0,0.0,0.0,0.0,0.0,0.0,10.5,2.0,1.0,12.5,12.5,25.5,0.0,0.0,0.0,0.0,1.0,11.5,5.0,1.0
003098,Luke Wierman,WHP,Whipsnakes,1,FO,Faceoff,2024-09-02,2024-09-02,0.0,0.0,0.0,0.0,0.0,0.0,1.0,0,0.0,0.0,0.0,0.0,0.0,0.0,4.0,1.0,0.0,10,10,21,0.0,0.0,0.0,0.0,0.0,4.0,2.0,0.0,0.0,0.47619047619047616,,,,,,0.0,0.0,0.0,0.0,0.0,0.0,1.0,0.0,0.0,0.0,0.0,0.0,0.0,0.0,4.0,1.0,0.0,10.0,10.0,21.0,0.0,0.0,0.0,0.0,0.0,4.0,2.0,0.0
003099,Tyler Carpenter,OUT,Outlaws,1,LSM,Long Stick Midfield,2025-09-14,2025-09-14,0.0,0.0,0.0,0.0,0.0,0.0,0.0,0,0.0,0.0,0.0,0.0,0.0,0.0,5.0,1.0,0.0,0,0,0,0.0,0.0,0.0,0.0,0.0,7.0,6.0,,,,,,,,,0.0,0.0,0.0,0.0,0.0,0.0,0.0,0.0,0.0,0.0,0.0,0.0,0.0,0.0,5.0,1.0,0.0,0.0,0.0,0.0,0.0,0.0,0.0,0.0,0.0,7.0,6.0,0.0
003099,Tyler Carpenter,WAT,Waterdogs,1,LSM,Long Stick Midfield,2025-09-01,2025-09-01,0.0,0.0,0.0,0.0,0.0,0.0,0.0,0,0.0,0.0,0.0,0.0,0.0,0.0,1.0,0.0,0.0,0,0,0,0.0,0.0,0.0,0.0,0.0,5.0,5.0,,,,,,,,,0.0,0.0,0.0,0.0,0.0,0.0,0.0,0.0,0.0,0.0,0.0,0.0,0.0,0.0,1.0,0.0,0.0,0.0,0.0,0.0,0.0,0.0,0.0,0.0,0.0,5.0,5.0,0.0
003099,Tyler Carpenter,WHP,Whipsnakes,1,LSM,Long Stick Midfield,2024-09-07,2024-09-07,0.0,0.0,0.0,0.0,0.0,0.0,0.0,0,0.0,0.0,0.0,0.0,0.0,0.0,1.0,0.0,1.0,0,0,0,0.0,0.0,0.0,0.0,0.0,6.0,6.0,,,,,,,,,0.0,0.0,0.0,0.0,0.0,0.0,0.0,0.0,0.0,0.0,0.0,0.0,0.0,0.0,1.0,0.0,1.0,0.0,0.0,0.0,0.0,0.0,0.0,0.0,0.0,6.0,6.0,0.0
003100,Adam Poitras,ARC,Archers,1,M,Midfield,2024-09-15,2024-09-15,2.0,2.0,2.0,0.0,2.0,0.0,5.0,3,0.0,0.0,0.0,0.0,0.0,0.0,3.0,0.0,0.0,0,0,0,0.0,0.0,0.0,0.0,2.0,20.0,15.0,0.4,0.6,,,,,0.0,,2.0,2.0,2.0,0.0,2.0,0.0,5.0,3.0,0.0,0.0,0.0,0.0,0.0,0.0,3.0,0.0,0.0,0.0,0.0,0.0,0.0,0.0,0.0,0.0,2.0,20.0,15.0,2.0
003100,Adam Poitras,ATL,Atlas,1,M,Midfield,2024-09-07,2024-09-07,0.0,0.0,0.0,0.0,0.0,0.0,6.0,1,1.0,0.0,0.0,0.0,0.0,0.0,3.0,1.0,0.0,0,0,0,0.0,0.0,0.0,0.0,2.0,26.0,19.0,0.0,0.16666666666666666,,,,,0.0,0.0,0.0,0.0,0.0,0.0,0.0,0.0,6.0,1.0,1.0,0.0,0.0,0.0,0.0,0.0,3.0,1.0,0.0,0.0,0.0,0.0,0.0,0.0,0.0,0.0,2.0,26.0,19.0,2.0
003100,Adam Poitras,CAN,Cannons,1,M,Midfield,2026-08-30,2026-08-30,2.0,2.0,2.0,0.0,2.0,0.0,6.0,3,0.0,0.0,0.0,0.0,0.0,0.0,2.0,0.0,0.0,0,0,0,0.0,0.0,0.0,0.0,3.0,24.0,18.0,0.3333333333333333,0.5,,,,,0.0,,2.0,2.0,2.0,0.0,2.0,0.0,6.0,3.0,0.0,0.0,0.0,0.0,0.0,0.0,2.0,0.0,0.0,0.0,0.0,0.0,0.0,0.0,0.0,0.0,3.0,24.0,18.0,3.0
003100,Adam Poitras,OUT,Outlaws,1,M,Midfield,2024-09-02,2024-09-02,2.0,1.0,1.0,0.0,1.0,1.0,5.0,2,0.0,0.0,0.0,0.0,0.0,0.0,2.0,1.0,0.0,0,0,0,0.0,0.0,0.0,0.0,1.0,20.0,14.0,0.2,0.4,,,,,1.0,,2.0,1.0,1.0,0.0,1.0,1.0,5.0,2.0,0.0,0.0,0.0,0.0,0.0,0.0,2.0,1.0,0.0,0.0,0.0,0.0,0.0,0.0,0.0,0.0,1.0,20.0,14.0,1.0
003100,Adam Poitras,WAT,Waterdogs,1,M,Midfield,2025-08-23,2025-08-23,1.0,0.0,0.0,0.0,0.0,1.0,1.0,1,0.0,0.0,0.0,0.0,0.0,0.0,4.0,1.0,0.0,0,0,0,0.0,0.0,0.0,0.0,1.0,22.0,20.0,0.0,1.0,,,,,1.0,,1.0,0.0,0.0,0.0,0.0,1.0,1.0,1.0,0.0,0.0,0.0,0.0,0.0,0.0,4.0,1.0,0.0,0.0,0.0,0.0,0.0,0.0,0.0,0.0,1.0,22.0,20.0,1.0
003101,Dylan Hess,ATL,Atlas,1,SSDM,Defensive Midfield,2025-09-01,2025-09-01,0.0,0.0,0.0,0.0,0.0,0.0,1.0,1,1.0,0.0,0.0,0.0,0.0,0.0,0.0,0.0,0.0,0,0,0,0.0,0.0,1.0,0.5,0.0,10.0,9.0,0.0,1.0,,,,,,0.0,0.0,0.0,0.0,0.0,0.0,0.0,1.0,1.0,1.0,0.0,0.0,0.0,0.0,0.0,0.0,0.0,0.0,0.0,0.0,0.0,0.0,0.0,1.0,0.5,0.0,10.0,9.0,0.0
003101,Dylan Hess,WHP,Whipsnakes,1,SSDM,Defensive Midfield,2025-08-23,2025-08-23,1.0,0.0,0.0,0.0,0.0,1.0,0.0,0,0.0,0.0,0.0,0.0,0.0,0.0,4.0,1.0,1.0,0,0,0,0.0,0.0,1.0,2.0,1.0,7.0,6.0,,,,,,,1.0,,1.0,0.0,0.0,0.0,0.0,1.0,0.0,0.0,0.0,0.0,0.0,0.0,0.0,0.0,4.0,1.0,1.0,0.0,0.0,0.0,0.0,0.0,1.0,2.0,1.0,7.0,6.0,1.0
003102,Chayse Ierlan,CHA,Chaos,1,G,Goalie,2025-08-24,2025-08-24,0.0,0.0,0.0,0.0,0.0,0.0,0.0,0,0.0,18.0,6.0,12.0,12.0,12.0,4.0,0.0,0.0,0,0,0,12.0,0.0,0.0,0.0,0.0,21.0,21.0,,,,0.6,33.33333333333333,0.2,,,0.0,0.0,0.0,0.0,0.0,0.0,0.0,0.0,0.0,18.0,6.0,12.0,12.0,12.0,4.0,0.0,0.0,0.0,0.0,0.0,12.0,0.0,0.0,0.0,0.0,21.0,21.0,0.0
003102,Chayse Ierlan,OUT,Outlaws,1,G,Goalie,2025-09-01,2025-09-01,0.0,0.0,0.0,0.0,0.0,0.0,0.0,0,0.0,16.0,3.0,13.0,12.0,12.004168113928447,4.0,0.0,0.0,0,0,0,11.0,1.0,0.0,0.0,0.0,16.0,16.0,,,,0.5925925925925926,18.75,0.1111111111111111,,,0.0,0.0,0.0,0.0,0.0,0.0,0.0,0.0,0.0,16.0,3.0,13.0,12.0,12.004168113928447,4.0,0.0,0.0,0.0,0.0,0.0,11.0,1.0,0.0,0.0,0.0,16.0,16.0,0.0
003103,Scott Smith,RED,Redwoods,1,D,Defense,2025-08-24,2025-08-24,0.0,0.0,0.0,0.0,0.0,0.0,1.0,1,0.0,0.0,0.0,0.0,0.0,0.0,3.0,0.0,1.0,0,0,0,0.0,0.0,0.0,0.0,0.0,4.0,3.0,0.0,1.0,,,,,,,0.0,0.0,0.0,0.0,0.0,0.0,1.0,1.0,0.0,0.0,0.0,0.0,0.0,0.0,3.0,0.0,1.0,0.0,0.0,0.0,0.0,0.0,0.0,0.0,0.0,4.0,3.0,0.0
003104,Michael Boehm,CAN,Cannons,1,A,Attack,2026-08-30,2026-08-30,0.0,0.0,0.0,0.0,0.0,0.0,2.0,1,0.0,0.0,0.0,0.0,0.0,0.0,1.0,0.0,1.0,0,0,0,0.0,0.0,2.0,1.5,0.0,21.0,19.0,0.0,0.5,,,,,,,0.0,0.0,0.0,0.0,0.0,0.0,2.0,1.0,0.0,0.0,0.0,0.0,0.0,0.0,1.0,0.0,1.0,0.0,0.0,0.0,0.0,0.0,2.0,1.5,0.0,21.0,19.0,0.0
003105,Cole Kastner,CHA,Chaos,1,D,Defense,2025-08-24,2025-08-24,0.0,0.0,0.0,0.0,0.0,0.0,0.0,0,0.0,0.0,0.0,0.0,0.0,0.0,2.0,0.0,0.0,0,0,0,0.0,0.0,0.0,0.0,0.0,7.0,7.0,,,,,,,,,0.0,0.0,0.0,0.0,0.0,0.0,0.0,0.0,0.0,0.0,0.0,0.0,0.0,0.0,2.0,0.0,0.0,0.0,0.0,0.0,0.0,0.0,0.0,0.0,0.0,7.0,7.0,0.0
003105,Cole Kastner,OUT,Outlaws,2,D,Defense,2025-09-01,2026-08-29,0.0,0.0,0.0,0.0,0.0,0.0,0.0,0,0.0,0.0,0.0,0.0,0.0,0.0,1.0,1.0,1.0,0,0,0,0.0,0.0,0.0,0.0,1.0,12.0,11.0,,,,,,,0.0,,0.0,0.0,0.0,0.0,0.0,0.0,0.0,0.0,0.0,0.0,0.0,0.0,0.0,0.0,0.5,0.5,0.5,0.0,0.0,0.0,0.0,0.0,0.0,0.0,0.5,6.0,5.5,0.5
003106,Dalton Young,ATL,Atlas,1,M,Midfield,2025-09-14,2025-09-14,2.0,2.0,2.0,0.0,2.0,0.0,6.0,3,0.0,0.0,0.0,0.0,0.0,0.0,0.0,0.0,0.0,0,0,0,0.0,0.0,0.0,0.0,0.0,14.0,8.0,0.3333333333333333,0.5,,,,,,,2.0,2.0,2.0,0.0,2.0,0.0,6.0,3.0,0.0,0.0,0.0,0.0,0.0,0.0,0.0,0.0,0.0,0.0,0.0,0.0,0.0,0.0,0.0,0.0,0.0,14.0,8.0,0.0
003106,Dalton Young,RED,Redwoods,2,M,Midfield,2025-09-01,2026-08-29,5.0,4.0,4.0,0.0,4.0,1.0,7.0,6,0.0,0.0,0.0,0.0,0.0,0.0,1.0,2.0,1.0,0,0,0,0.0,0.0,1.0,0.5,3.0,37.0,28.0,0.5714285714285714,0.8571428571428571,,,,,0.3333333333333333,,2.5,2.0,2.0,0.0,2.0,0.5,3.5,3.0,0.0,0.0,0.0,0.0,0.0,0.0,0.5,1.0,0.5,0.0,0.0,0.0,0.0,0.0,0.5,0.25,1.5,18.5,14.0,1.5
003106,Dalton Young,WHP,Whipsnakes,1,M,Midfield,2024-09-02,2024-09-02,3.0,3.0,3.0,0.0,3.0,0.0,5.0,3,0.0,0.0,0.0,0.0,0.0,0.0,2.0,1.0,0.0,0,0,0,0.0,0.0,0.0,0.0,2.0,15.0,9.0,0.6,0.6,,,,,0.0,,3.0,3.0,3.0,0.0,3.0,0.0,5.0,3.0,0.0,0.0,0.0,0.0,0.0,0.0,2.0,1.0,0.0,0.0,0.0,0.0,0.0,0.0,0.0,0.0,2.0,15.0,9.0,2.0
003109,Chris Conlin,CHA,Chaos,1,D,Defense,2025-08-24,2025-08-24,0.0,0.0,0.0,0.0,0.0,0.0,0.0,0,0.0,0.0,0.0,0.0,0.0,0.0,2.0,0.0,1.0,0,0,0,0.0,0.0,0.0,0.0,0.0,8.0,8.0,,,,,,,,,0.0,0.0,0.0,0.0,0.0,0.0,0.0,0.0,0.0,0.0,0.0,0.0,0.0,0.0,2.0,0.0,1.0,0.0,0.0,0.0,0.0,0.0,0.0,0.0,0.0,8.0,8.0,0.0
003109,Chris Conlin,OUT,Outlaws,2,D,Defense,2025-09-01,2026-08-29,0.0,0.0,0.0,0.0,0.0,0.0,0.0,0,0.0,0.0,0.0,0.0,0.0,0.0,4.0,0.0,5.0,0,0,0,0.0,0.0,0.0,0.0,0.0,11.0,11.0,,,,,,,,,0.0,0.0,0.0,0.0,0.0,0.0,0.0,0.0,0.0,0.0,0.0,0.0,0.0,0.0,2.0,0.0,2.5,0.0,0.0,0.0,0.0,0.0,0.0,0.0,0.0,5.5,5.5,0.0
003115,Payton Cormier,WHP,Whipsnakes,1,A,Attack,2024-09-07,2024-09-07,0.0,0.0,0.0,0.0,0.0,0.0,3.0,1,0.0,0.0,0.0,0.0,0.0,0.0,0.0,1.0,0.0,0,0,0,0.0,0.0,0.0,0.0,1.0,16.0,12.0,0.0,0.3333333333333333,,,,,0.0,,0.0,0.0,0.0,0.0,0.0,0.0,3.0,1.0,0.0,0.0,0.0,0.0,0.0,0.0,0.0,1.0,0.0,0.0,0.0,0.0,0.0,0.0,0.0,0.0,1.0,16.0,12.0,1.0
003119,Alec Stathakis,ATL,Atlas,1,FO,Faceoff,2025-09-01,2025-09-01,0.0,0.0,0.0,0.0,0.0,0.0,1.0,1,0.0,0.0,0.0,0.0,0.0,0.0,2.0,1.0,0.0,10,13,23,0.0,0.0,0.0,0.0,0.0,4.0,2.0,0.0,1.0,0.43478260869565216,,,,,,0.0,0.0,0.0,0.0,0.0,0.0,1.0,1.0,0.0,0.0,0.0,0.0,0.0,0.0,2.0,1.0,0.0,10.0,13.0,23.0,0.0,0.0,0.0,0.0,0.0,4.0,2.0,0.0
003119,Alec Stathakis,WHP,Whipsnakes,1,FO,Faceoff,2025-08-23,2025-08-23,0.0,0.0,0.0,0.0,0.0,0.0,1.0,1,0.0,0.0,0.0,0.0,0.0,0.0,3.0,2.0,1.0,11,16,27,0.0,0.0,0.0,0.0,0.0,4.0,1.0,0.0,1.0,0.4074074074074074,,,,,,0.0,0.0,0.0,0.0,0.0,0.0,1.0,1.0,0.0,0.0,0.0,0.0,0.0,0.0,3.0,2.0,1.0,11.0,16.0,27.0,0.0,0.0,0.0,0.0,0.0,4.0,1.0,0.0
003120,Jack VanOverbeke,CHA,Chaos,1,M,Midfield,2024-09-07,2024-09-07,0.0,0.0,0.0,0.0,0.0,0.0,3.0,1,0.0,0.0,0.0,0.0,0.0,0.0,0.0,2.0,0.0,0,0,0,0.0,0.0,0.0,0.0,0.0,10.0,5.0,0.0,0.3333333333333333,,,,,,,0.0,0.0,0.0,0.0,0.0,0.0,3.0,1.0,0.0,0.0,0.0,0.0,0.0,0.0,0.0,2.0,0.0,0.0,0.0,0.0,0.0,0.0,0.0,0.0,0.0,10.0,5.0,0.0
003120,Jack VanOverbeke,WHP,Whipsnakes,1,M,Midfield,2024-09-15,2024-09-15,0.0,0.0,0.0,0.0,0.0,0.0,3.0,3,0.0,0.0,0.0,0.0,0.0,0.0,0.0,1.0,0.0,0,0,0,0.0,0.0,0.0,0.0,0.0,12.0,8.0,0.0,1.0,,,,,,,0.0,0.0,0.0,0.0,0.0,0.0,3.0,3.0,0.0,0.0,0.0,0.0,0.0,0.0,0.0,1.0,0.0,0.0,0.0,0.0,0.0,0.0,0.0,0.0,0.0,12.0,8.0,0.0
003128,Jack Posey,ARC,Archers,1,D,Defense,2024-09-07,2024-09-07,0.0,0.0,0.0,0.0,0.0,0.0,0.0,0,0.0,0.0,0.0,0.0,0.0,0.0,0.0,0.0,0.0,0,0,0,0.0,0.0,0.0,0.0,0.0,1.0,1.0,,,,,,,,,0.0,0.0,0.0,0.0,0.0,0.0,0.0,0.0,0.0,0.0,0.0,0.0,0.0,0.0,0.0,0.0,0.0,0.0,0.0,0.0,0.0,0.0,0.0,0.0,0.0,1.0,1.0,0.0
003128,Jack Posey,CAN,Cannons,2,D,Defense,2024-09-02,2026-08-30,0.0,0.0,0.0,0.0,0.0,0.0,0.0,0,0.0,0.0,0.0,0.0,0.0,0.0,3.0,1.0,2.0,0,0,0,0.0,0.0,0.0,0.0,0.0,3.0,2.0,,,,,,,,,0.0,0.0,0.0,0.0,0.0,0.0,0.0,0.0,0.0,0.0,0.0,0.0,0.0,0.0,1.5,0.5,1.0,0.0,0.0,0.0,0.0,0.0,0.0,0.0,0.0,1.5,1.0,0.0
003142,Jack Koras,OUT,Outlaws,1,M,Midfield,2024-09-02,2024-09-02,0.0,0.0,0.0,0.0,0.0,0.0,0.0,0,0.0,0.0,0.0,0.0,0.0,0.0,4.0,0.0,1.0,0,0,0,0.0,0.0,1.0,0.5,0.0,9.0,9.0,,,,,,,,,0.0,0.0,0.0,0.0,0.0,0.0,0.0,0.0,0.0,0.0,0.0,0.0,0.0,0.0,4.0,0.0,1.0,0.0,0.0,0.0,0.0,0.0,1.0,0.5,0.0,9.0,9.0,0.0
003145,JC Higginbotham,WHP,Whipsnakes,1,G,Goalie,2026-08-30,2026-08-30,0.0,0.0,0.0,0.0,0.0,0.0,0.0,0,0.0,12.0,6.0,6.0,7.0,7.0,2.0,0.0,0.0,0,0,0,7.0,0.0,0.0,0.0,0.0,13.0,13.0,,,,0.631578947368421,50.0,0.3157894736842105,,,0.0,0.0,0.0,0.0,0.0,0.0,0.0,0.0,0.0,12.0,6.0,6.0,7.0,7.0,2.0,0.0,0.0,0.0,0.0,0.0,7.0,0.0,0.0,0.0,0.0,13.0,13.0,0.0
003156,Aidan Danenza,CHA,Chaos,1,M,Midfield,2025-08-24,2025-08-24,1.0,1.0,1.0,0.0,1.0,0.0,5.0,3,0.0,0.0,0.0,0.0,0.0,0.0,1.0,2.0,0.0,0,0,0,0.0,0.0,0.0,0.0,0.0,25.0,18.0,0.2,0.6,,,,,,,1.0,1.0,1.0,0.0,1.0,0.0,5.0,3.0,0.0,0.0,0.0,0.0,0.0,0.0,1.0,2.0,0.0,0.0,0.0,0.0,0.0,0.0,0.0,0.0,0.0,25.0,18.0,0.0
003156,Aidan Danenza,OUT,Outlaws,2,M,Midfield,2025-09-01,2026-08-29,0.0,0.0,0.0,0.0,0.0,0.0,4.0,3,2.0,0.0,0.0,0.0,0.0,0.0,2.0,3.0,0.0,0,0,0,0.0,0.0,0.0,0.0,4.0,48.0,41.0,0.0,0.75,,,,,0.0,0.0,0.0,0.0,0.0,0.0,0.0,0.0,2.0,1.5,1.0,0.0,0.0,0.0,0.0,0.0,1.0,1.5,0.0,0.0,0.0,0.0,0.0,0.0,0.0,0.0,2.0,24.0,20.5,2.0
003157,Graydon Hogg,WHP,Whipsnakes,1,M,Midfield,2026-08-30,2026-08-30,0.0,0.0,0.0,0.0,0.0,0.0,0.0,0,0.0,0.0,0.0,0.0,0.0,0.0,0.0,0.0,0.0,0,0,0,0.0,0.0,0.0,0.0,1.0,15.0,15.0,,,,,,,0.0,,0.0,0.0,0.0,0.0,0.0,0.0,0.0,0.0,0.0,0.0,0.0,0.0,0.0,0.0,0.0,0.0,0.0,0.0,0.0,0.0,0.0,0.0,0.0,0.0,1.0,15.0,15.0,1.0
003159,CJ Kirst,ATL,Atlas,1,A,Attack,2025-09-01,2025-09-01,3.0,2.0,2.0,0.0,2.0,1.0,10.0,5,1.0,0.0,0.0,0.0,0.0,0.0,3.0,1.0,0.0,0,0,0,0.0,0.0,1.0,0.5,7.0,38.0,27.0,0.2,0.5,,,,,0.14285714285714285,0.0,3.0,2.0,2.0,0.0,2.0,1.0,10.0,5.0,1.0,0.0,0.0,0.0,0.0,0.0,3.0,1.0,0.0,0.0,0.0,0.0,0.0,0.0,1.0,0.5,7.0,38.0,27.0,7.0
003159,CJ Kirst,WHP,Whipsnakes,1,A,Attack,2025-08-23,2025-08-23,5.0,4.0,4.0,0.0,4.0,1.0,10.0,7,1.0,0.0,0.0,0.0,0.0,0.0,5.0,2.0,0.0,0,0,0,0.0,0.0,0.0,0.0,3.0,35.0,23.0,0.4,0.7,,,,,0.3333333333333333,0.0,5.0,4.0,4.0,0.0,4.0,1.0,10.0,7.0,1.0,0.0,0.0,0.0,0.0,0.0,5.0,2.0,0.0,0.0,0.0,0.0,0.0,0.0,0.0,0.0,3.0,35.0,23.0,3.0
003160,Andrew McAdorey,CHA,Chaos,1,M,Midfield,2025-08-24,2025-08-24,4.0,4.0,4.0,0.0,4.0,0.0,7.0,4,0.0,0.0,0.0,0.0,0.0,0.0,0.0,4.0,0.0,0,1,1,0.0,0.0,1.0,0.5,2.0,28.0,17.0,0.5714285714285714,0.5714285714285714,0.0,,,,0.0,,4.0,4.0,4.0,0.0,4.0,0.0,7.0,4.0,0.0,0.0,0.0,0.0,0.0,0.0,0.0,4.0,0.0,0.0,1.0,1.0,0.0,0.0,1.0,0.5,2.0,28.0,17.0,2.0
003160,Andrew McAdorey,OUT,Outlaws,2,M,Midfield,2025-09-01,2026-08-29,6.0,1.0,1.0,0.0,1.0,5.0,8.0,3,2.0,0.0,0.0,0.0,0.0,0.0,3.0,1.0,0.0,0,0,0,0.0,0.0,0.0,0.0,7.0,74.0,65.0,0.125,0.375,,,,,0.7142857142857143,0.0,3.0,0.5,0.5,0.0,0.5,2.5,4.0,1.5,1.0,0.0,0.0,0.0,0.0,0.0,1.5,0.5,0.0,0.0,0.0,0.0,0.0,0.0,0.0,0.0,3.5,37.0,32.5,3.5
003161,Sam English,OUT,Outlaws,1,M,Midfield,2026-08-29,2026-08-29,0.0,0.0,0.0,0.0,0.0,0.0,0.0,0,0.0,0.0,0.0,0.0,0.0,0.0,3.0,1.0,0.0,0,0,0,0.0,0.0,0.0,0.0,0.0,7.0,6.0,,,,,,,,,0.0,0.0,0.0,0.0,0.0,0.0,0.0,0.0,0.0,0.0,0.0,0.0,0.0,0.0,3.0,1.0,0.0,0.0,0.0,0.0,0.0,0.0,0.0,0.0,0.0,7.0,6.0,0.0
003162,Coulter Mackesy,WHP,Whipsnakes,1,A,Attack,2026-08-30,2026-08-30,3.0,3.0,3.0,0.0,3.0,0.0,11.0,8,0.0,0.0,0.0,0.0,0.0,0.0,0.0,3.0,0.0,0,0,0,0.0,0.0,0.0,0.0,3.0,46.0,32.0,0.2727272727272727,0.7272727272727273,,,,,0.0,,3.0,3.0,3.0,0.0,3.0,0.0,11.0,8.0,0.0,0.0,0.0,0.0,0.0,0.0,0.0,3.0,0.0,0.0,0.0,0.0,0.0,0.0,0.0,0.0,3.0,46.0,32.0,3.0
003164,Matt Traynor,OUT,Outlaws,1,M,Midfield,2025-09-14,2025-09-14,3.0,3.0,3.0,0.0,3.0,0.0,10.0,5,0.0,0.0,0.0,0.0,0.0,0.0,1.0,1.0,0.0,0,0,0,0.0,0.0,0.0,0.0,1.0,15.0,4.0,0.3,0.5,,,,,0.0,,3.0,3.0,3.0,0.0,3.0,0.0,10.0,5.0,0.0,0.0,0.0,0.0,0.0,0.0,1.0,1.0,0.0,0.0,0.0,0.0,0.0,0.0,0.0,0.0,1.0,15.0,4.0,1.0
003164,Matt Traynor,WAT,Waterdogs,1,M,Midfield,2025-09-01,2025-09-01,4.0,3.0,3.0,0.0,3.0,1.0,6.0,5,0.0,0.0,0.0,0.0,0.0,0.0,1.0,0.0,0.0,0,0,0,0.0,0.0,0.0,0.0,5.0,20.0,14.0,0.5,0.8333333333333334,,,,,0.2,,4.0,3.0,3.0,0.0,3.0,1.0,6.0,5.0,0.0,0.0,0.0,0.0,0.0,0.0,1.0,0.0,0.0,0.0,0.0,0.0,0.0,0.0,0.0,0.0,5.0,20.0,14.0,5.0
003165,Aidan Carroll,CAN,Cannons,1,M,Midfield,2026-08-30,2026-08-30,2.0,1.0,1.0,0.0,1.0,1.0,4.0,2,0.0,0.0,0.0,0.0,0.0,0.0,0.0,3.0,0.0,0,0,0,0.0,0.0,0.0,0.0,1.0,22.0,15.0,0.25,0.5,,,,,1.0,,2.0,1.0,1.0,0.0,1.0,1.0,4.0,2.0,0.0,0.0,0.0,0.0,0.0,0.0,0.0,3.0,0.0,0.0,0.0,0.0,0.0,0.0,0.0,0.0,1.0,22.0,15.0,1.0
003165,Aidan Carroll,WAT,Waterdogs,1,A,Attack,2025-08-23,2025-08-23,5.0,4.0,4.0,0.0,4.0,1.0,9.0,7,0.0,0.0,0.0,0.0,0.0,0.0,3.0,2.0,2.0,0,0,0,0.0,0.0,0.0,0.0,3.0,43.0,32.0,0.4444444444444444,0.7777777777777778,,,,,0.3333333333333333,,5.0,4.0,4.0,0.0,4.0,1.0,9.0,7.0,0.0,0.0,0.0,0.0,0.0,0.0,3.0,2.0,2.0,0.0,0.0,0.0,0.0,0.0,0.0,0.0,3.0,43.0,32.0,3.0
003166,Owen Hiltz,RED,Redwoods,1,A,Attack,2025-08-24,2025-08-24,4.0,2.0,2.0,0.0,2.0,2.0,7.0,4,0.0,0.0,0.0,0.0,0.0,0.0,2.0,1.0,0.0,0,0,0,0.0,0.0,0.0,0.0,3.0,26.0,18.0,0.2857142857142857,0.5714285714285714,,,,,0.6666666666666666,,4.0,2.0,2.0,0.0,2.0,2.0,7.0,4.0,0.0,0.0,0.0,0.0,0.0,0.0,2.0,1.0,0.0,0.0,0.0,0.0,0.0,0.0,0.0,0.0,3.0,26.0,18.0,3.0
003167,Jake Taylor,RED,Redwoods,1,A,Attack,2026-08-29,2026-08-29,3.0,3.0,3.0,0.0,3.0,0.0,5.0,5,0.0,0.0,0.0,0.0,0.0,0.0,1.0,1.0,0.0,0,0,0,0.0,0.0,0.0,0.0,0.0,11.0,5.0,0.6,1.0,,,,,,,3.0,3.0,3.0,0.0,3.0,0.0,5.0,5.0,0.0,0.0,0.0,0.0,0.0,0.0,1.0,1.0,0.0,0.0,0.0,0.0,0.0,0.0,0.0,0.0,0.0,11.0,5.0,0.0
003168,Chris Kavanagh,CHA,Chaos,1,A,Attack,2025-08-24,2025-08-24,3.0,3.0,3.0,0.0,3.0,0.0,9.0,5,2.0,0.0,0.0,0.0,0.0,0.0,0.0,0.0,1.0,0,0,0,0.0,0.0,0.0,0.0,5.0,25.0,16.0,0.3333333333333333,0.5555555555555556,,,,,0.0,0.0,3.0,3.0,3.0,0.0,3.0,0.0,9.0,5.0,2.0,0.0,0.0,0.0,0.0,0.0,0.0,0.0,1.0,0.0,0.0,0.0,0.0,0.0,0.0,0.0,5.0,25.0,16.0,5.0
003168,Chris Kavanagh,OUT,Outlaws,2,A,Attack,2025-09-01,2026-08-29,4.0,3.0,3.0,0.0,3.0,1.0,16.0,10,1.0,0.0,0.0,0.0,0.0,0.0,3.0,4.0,0.0,0,0,0,0.0,0.0,0.0,0.0,6.0,73.0,53.0,0.1875,0.625,,,,,0.16666666666666666,0.0,2.0,1.5,1.5,0.0,1.5,0.5,8.0,5.0,0.5,0.0,0.0,0.0,0.0,0.0,1.5,2.0,0.0,0.0,0.0,0.0,0.0,0.0,0.0,0.0,3.0,36.5,26.5,3.0
003169,Logan McNaney,ATL,Atlas,1,G,Goalie,2025-09-14,2025-09-14,0.0,0.0,0.0,0.0,0.0,0.0,0.0,0,0.0,11.0,6.0,5.0,14.0,14.0,5.0,0.0,0.0,0,0,0,14.0,0.0,0.0,0.0,0.0,24.0,24.0,,,,0.44,54.54545454545454,0.24,,,0.0,0.0,0.0,0.0,0.0,0.0,0.0,0.0,0.0,11.0,6.0,5.0,14.0,14.0,5.0,0.0,0.0,0.0,0.0,0.0,14.0,0.0,0.0,0.0,0.0,24.0,24.0,0.0
003169,Logan McNaney,RED,Redwoods,2,G,Goalie,2025-09-01,2026-08-29,0.0,0.0,0.0,0.0,0.0,0.0,1.0,1,1.0,26.0,18.0,8.0,21.0,21.002431399791593,4.0,2.0,0.0,0,0,0,20.0,1.0,0.0,0.0,0.0,41.0,38.0,0.0,1.0,,0.5652173913043478,69.23076923076923,0.391304347826087,,0.0,0.0,0.0,0.0,0.0,0.0,0.0,0.5,0.5,0.5,13.0,9.0,4.0,10.5,10.501215699895797,2.0,1.0,0.0,0.0,0.0,0.0,10.0,0.5,0.0,0.0,0.0,20.5,19.0,0.0
003171,Levi Verch,RED,Redwoods,1,LSM,Long Stick Midfield,2025-08-24,2025-08-24,0.0,0.0,0.0,0.0,0.0,0.0,0.0,0,0.0,0.0,0.0,0.0,0.0,0.0,1.0,0.0,0.0,0,0,0,0.0,0.0,1.0,1.0,0.0,1.0,1.0,,,,,,,,,0.0,0.0,0.0,0.0,0.0,0.0,0.0,0.0,0.0,0.0,0.0,0.0,0.0,0.0,1.0,0.0,0.0,0.0,0.0,0.0,0.0,0.0,1.0,1.0,0.0,1.0,1.0,0.0
003172,Max Krevsky,OUT,Outlaws,1,SSDM,Defensive Midfield,2025-09-14,2025-09-14,0.0,0.0,0.0,0.0,0.0,0.0,2.0,0,0.0,0.0,0.0,0.0,0.0,0.0,2.0,0.0,0.0,0,0,0,0.0,0.0,0.0,0.0,0.0,7.0,5.0,0.0,0.0,,,,,,,0.0,0.0,0.0,0.0,0.0,0.0,2.0,0.0,0.0,0.0,0.0,0.0,0.0,0.0,2.0,0.0,0.0,0.0,0.0,0.0,0.0,0.0,0.0,0.0,0.0,7.0,5.0,0.0
003172,Max Krevsky,WAT,Waterdogs,1,SSDM,Defensive Midfield,2025-09-01,2025-09-01,1.0,1.0,1.0,0.0,1.0,0.0,1.0,1,0.0,0.0,0.0,0.0,0.0,0.0,1.0,0.0,0.0,0,0,0,0.0,0.0,0.0,0.0,0.0,6.0,5.0,1.0,1.0,,,,,,,1.0,1.0,1.0,0.0,1.0,0.0,1.0,1.0,0.0,0.0,0.0,0.0,0.0,0.0,1.0,0.0,0.0,0.0,0.0,0.0,0.0,0.0,0.0,0.0,0.0,6.0,5.0,0.0
003173,Jack McDonald,CAN,Cannons,1,LSM,Long Stick Midfield,2026-08-30,2026-08-30,0.0,0.0,0.0,0.0,0.0,0.0,0.0,0,0.0,0.0,0.0,0.0,0.0,0.0,1.0,0.0,0.0,0,0,0,0.0,0.0,0.0,0.0,0.0,4.0,4.0,,,,,,,,,0.0,0.0,0.0,0.0,0.0,0.0,0.0,0.0,0.0,0.0,0.0,0.0,0.0,0.0,1.0,0.0,0.0,0.0,0.0,0.0,0.0,0.0,0.0,0.0,0.0,4.0,4.0,0.0
003173,Jack McDonald,WAT,Waterdogs,1,LSM,Long Stick Midfield,2025-08-23,2025-08-23,0.0,0.0,0.0,0.0,0.0,0.0,1.0,0,1.0,0.0,0.0,0.0,0.0,0.0,0.0,0.0,1.0,0,0,0,0.0,0.0,0.0,0.0,0.0,4.0,3.0,0.0,0.0,,,,,,0.0,0.0,0.0,0.0,0.0,0.0,0.0,1.0,0.0,1.0,0.0,0.0,0.0,0.0,0.0,0.0,0.0,1.0,0.0,0.0,0.0,0.0,0.0,0.0,0.0,0.0,4.0,3.0,0.0
003176,Emmet Carroll,CAN,Cannons,1,G,Goalie,2026-08-30,2026-08-30,0.0,0.0,0.0,0.0,0.0,0.0,0.0,0,0.0,9.0,3.0,6.0,9.0,9.0,3.0,1.0,0.0,0,0,0,9.0,0.0,0.0,0.0,0.0,17.0,16.0,,,,0.5,33.33333333333333,0.16666666666666666,,,0.0,0.0,0.0,0.0,0.0,0.0,0.0,0.0,0.0,9.0,3.0,6.0,9.0,9.0,3.0,1.0,0.0,0.0,0.0,0.0,9.0,0.0,0.0,0.0,0.0,17.0,16.0,0.0
003176,Emmet Carroll,WAT,Waterdogs,1,G,Goalie,2025-08-23,2025-08-23,0.0,0.0,0.0,0.0,0.0,0.0,0.0,0,0.0,13.0,3.0,10.0,14.0,14.0,0.0,0.0,0.0,0,0,0,14.0,0.0,0.0,0.0,0.0,10.0,10.0,,,,0.48148148148148145,23.076923076923077,0.1111111111111111,,,0.0,0.0,0.0,0.0,0.0,0.0,0.0,0.0,0.0,13.0,3.0,10.0,14.0,14.0,0.0,0.0,0.0,0.0,0.0,0.0,14.0,0.0,0.0,0.0,0.0,10.0,10.0,0.0
003178,Michael Grace,OUT,Outlaws,1,LSM,Long Stick Midfield,2025-09-14,2025-09-14,0.0,0.0,0.0,0.0,0.0,0.0,0.0,0,0.0,0.0,0.0,0.0,0.0,0.0,2.0,0.0,1.0,0,0,0,0.0,0.0,1.0,0.5,0.0,5.0,5.0,,,,,,,,,0.0,0.0,0.0,0.0,0.0,0.0,0.0,0.0,0.0,0.0,0.0,0.0,0.0,0.0,2.0,0.0,1.0,0.0,0.0,0.0,0.0,0.0,1.0,0.5,0.0,5.0,5.0,0.0
003178,Michael Grace,WAT,Waterdogs,1,LSM,Long Stick Midfield,2025-09-01,2025-09-01,0.0,0.0,0.0,0.0,0.0,0.0,1.0,0,0.0,0.0,0.0,0.0,0.0,0.0,2.0,0.0,0.0,0,0,0,0.0,0.0,0.0,0.0,0.0,6.0,5.0,0.0,0.0,,,,,,,0.0,0.0,0.0,0.0,0.0,0.0,1.0,0.0,0.0,0.0,0.0,0.0,0.0,0.0,2.0,0.0,0.0,0.0,0.0,0.0,0.0,0.0,0.0,0.0,0.0,6.0,5.0,0.0
003179,Ben Wayer,ATL,Atlas,1,LSM,Long Stick Midfield,2025-09-01,2025-09-01,4.0,4.0,0.0,2.0,2.0,0.0,2.0,2,2.0,0.0,0.0,0.0,0.0,0.0,1.0,0.0,0.0,0,0,0,0.0,0.0,0.0,0.0,0.0,7.0,5.0,1.0,1.0,,,,,,1.0,4.0,4.0,0.0,2.0,2.0,0.0,2.0,2.0,2.0,0.0,0.0,0.0,0.0,0.0,1.0,0.0,0.0,0.0,0.0,0.0,0.0,0.0,0.0,0.0,0.0,7.0,5.0,0.0
003179,Ben Wayer,WHP,Whipsnakes,1,LSM,Long Stick Midfield,2025-08-23,2025-08-23,1.0,0.0,0.0,0.0,0.0,1.0,0.0,0,0.0,0.0,0.0,0.0,0.0,0.0,3.0,0.0,0.0,0,0,0,0.0,0.0,0.0,0.0,2.0,6.0,6.0,,,,,,,0.5,,1.0,0.0,0.0,0.0,0.0,1.0,0.0,0.0,0.0,0.0,0.0,0.0,0.0,0.0,3.0,0.0,0.0,0.0,0.0,0.0,0.0,0.0,0.0,0.0,2.0,6.0,6.0,2.0
003180,Christian Mazur,CAN,Cannons,1,SSDM,Defensive Midfield,2026-08-30,2026-08-30,1.0,1.0,1.0,0.0,1.0,0.0,2.0,1,0.0,0.0,0.0,0.0,0.0,0.0,1.0,0.0,0.0,0,0,0,0.0,0.0,0.0,0.0,0.0,12.0,10.0,0.5,0.5,,,,,,,1.0,1.0,1.0,0.0,1.0,0.0,2.0,1.0,0.0,0.0,0.0,0.0,0.0,0.0,1.0,0.0,0.0,0.0,0.0,0.0,0.0,0.0,0.0,0.0,0.0,12.0,10.0,0.0
003180,Christian Mazur,WAT,Waterdogs,1,SSDM,Defensive Midfield,2025-08-23,2025-08-23,1.0,0.0,0.0,0.0,0.0,1.0,0.0,0,0.0,0.0,0.0,0.0,0.0,0.0,1.0,1.0,0.0,0,1,1,0.0,0.0,0.0,0.0,1.0,5.0,4.0,,,0.0,,,,1.0,,1.0,0.0,0.0,0.0,0.0,1.0,0.0,0.0,0.0,0.0,0.0,0.0,0.0,0.0,1.0,1.0,0.0,0.0,1.0,1.0,0.0,0.0,0.0,0.0,1.0,5.0,4.0,1.0
003181,Jimmy Freehill,ATL,Atlas,1,D,Defense,2025-09-01,2025-09-01,2.0,2.0,0.0,1.0,1.0,0.0,1.0,1,1.0,0.0,0.0,0.0,0.0,0.0,0.0,0.0,1.0,0,0,0,0.0,0.0,0.0,0.0,0.0,1.0,0.0,1.0,1.0,,,,,,1.0,2.0,2.0,0.0,1.0,1.0,0.0,1.0,1.0,1.0,0.0,0.0,0.0,0.0,0.0,0.0,0.0,1.0,0.0,0.0,0.0,0.0,0.0,0.0,0.0,0.0,1.0,0.0,0.0
003181,Jimmy Freehill,WHP,Whipsnakes,1,D,Defense,2025-08-23,2025-08-23,0.0,0.0,0.0,0.0,0.0,0.0,1.0,0,1.0,0.0,0.0,0.0,0.0,0.0,1.0,0.0,2.0,0,0,0,0.0,0.0,0.0,0.0,0.0,6.0,5.0,0.0,0.0,,,,,,0.0,0.0,0.0,0.0,0.0,0.0,0.0,1.0,0.0,1.0,0.0,0.0,0.0,0.0,0.0,1.0,0.0,2.0,0.0,0.0,0.0,0.0,0.0,0.0,0.0,0.0,6.0,5.0,0.0
003183,Jack Gray,ATL,Atlas,1,SSDM,Defensive Midfield,2025-09-14,2025-09-14,0.0,0.0,0.0,0.0,0.0,0.0,0.0,0,0.0,0.0,0.0,0.0,0.0,0.0,1.0,1.0,0.0,0,0,0,0.0,0.0,0.0,0.0,0.0,4.0,3.0,,,,,,,,,0.0,0.0,0.0,0.0,0.0,0.0,0.0,0.0,0.0,0.0,0.0,0.0,0.0,0.0,1.0,1.0,0.0,0.0,0.0,0.0,0.0,0.0,0.0,0.0,0.0,4.0,3.0,0.0
003183,Jack Gray,RED,Redwoods,2,SSDM,Defensive Midfield,2025-09-01,2026-08-29,0.0,0.0,0.0,0.0,0.0,0.0,0.0,0,0.0,0.0,0.0,0.0,0.0,0.0,0.0,1.0,0.0,0,0,0,0.0,0.0,4.0,2.5,0.0,7.0,6.0,,,,,,,,,0.0,0.0,0.0,0.0,0.0,0.0,0.0,0.0,0.0,0.0,0.0,0.0,0.0,0.0,0.0,0.5,0.0,0.0,0.0,0.0,0.0,0.0,2.0,1.25,0.0,3.5,3.0,0.0
003184,Ben Ramsey,WHP,Whipsnakes,1,SSDM,Defensive Midfield,2026-08-30,2026-08-30,0.0,0.0,0.0,0.0,0.0,0.0,0.0,0,0.0,0.0,0.0,0.0,0.0,0.0,1.0,1.0,0.0,0,0,0,0.0,0.0,1.0,0.5,0.0,6.0,5.0,,,,,,,,,0.0,0.0,0.0,0.0,0.0,0.0,0.0,0.0,0.0,0.0,0.0,0.0,0.0,0.0,1.0,1.0,0.0,0.0,0.0,0.0,0.0,0.0,1.0,0.5,0.0,6.0,5.0,0.0
003185,Carter Rice,CHA,Chaos,1,SSDM,Defensive Midfield,2025-08-24,2025-08-24,0.0,0.0,0.0,0.0,0.0,0.0,0.0,0,0.0,0.0,0.0,0.0,0.0,0.0,0.0,0.0,1.0,0,0,0,0.0,0.0,0.0,0.0,0.0,6.0,6.0,,,,,,,,,0.0,0.0,0.0,0.0,0.0,0.0,0.0,0.0,0.0,0.0,0.0,0.0,0.0,0.0,0.0,0.0,1.0,0.0,0.0,0.0,0.0,0.0,0.0,0.0,0.0,6.0,6.0,0.0
003185,Carter Rice,OUT,Outlaws,1,SSDM,Defensive Midfield,2025-09-01,2025-09-01,0.0,0.0,0.0,0.0,0.0,0.0,0.0,0,0.0,0.0,0.0,0.0,0.0,0.0,2.0,0.0,1.0,0,0,0,0.0,0.0,0.0,0.0,0.0,7.0,7.0,,,,,,,,,0.0,0.0,0.0,0.0,0.0,0.0,0.0,0.0,0.0,0.0,0.0,0.0,0.0,0.0,2.0,0.0,1.0,0.0,0.0,0.0,0.0,0.0,0.0,0.0,0.0,7.0,7.0,0.0
003186,Hugh Kelleher,OUT,Outlaws,1,M,Midfield,2025-09-14,2025-09-14,1.0,1.0,1.0,0.0,1.0,0.0,4.0,1,0.0,0.0,0.0,0.0,0.0,0.0,0.0,0.0,0.0,0,0,0,0.0,0.0,0.0,0.0,0.0,11.0,7.0,0.25,0.25,,,,,,,1.0,1.0,1.0,0.0,1.0,0.0,4.0,1.0,0.0,0.0,0.0,0.0,0.0,0.0,0.0,0.0,0.0,0.0,0.0,0.0,0.0,0.0,0.0,0.0,0.0,11.0,7.0,0.0
003186,Hugh Kelleher,WAT,Waterdogs,1,M,Midfield,2025-09-01,2025-09-01,0.0,0.0,0.0,0.0,0.0,0.0,5.0,4,2.0,0.0,0.0,0.0,0.0,0.0,0.0,0.0,0.0,0,0,0,0.0,0.0,2.0,1.5,0.0,13.0,8.0,0.0,0.8,,,,,,0.0,0.0,0.0,0.0,0.0,0.0,0.0,5.0,4.0,2.0,0.0,0.0,0.0,0.0,0.0,0.0,0.0,0.0,0.0,0.0,0.0,0.0,0.0,2.0,1.5,0.0,13.0,8.0,0.0
003192,Jackson Eicher,RED,Redwoods,1,A,Attack,2025-08-24,2025-08-24,2.0,2.0,2.0,0.0,2.0,0.0,8.0,6,2.0,0.0,0.0,0.0,0.0,0.0,0.0,0.0,0.0,0,0,0,0.0,0.0,0.0,0.0,0.0,22.0,14.0,0.25,0.75,,,,,,0.0,2.0,2.0,2.0,0.0,2.0,0.0,8.0,6.0,2.0,0.0,0.0,0.0,0.0,0.0,0.0,0.0,0.0,0.0,0.0,0.0,0.0,0.0,0.0,0.0,0.0,22.0,14.0,0.0
003195,Brian Kelly,WHP,Whipsnakes,1,A,Attack,2026-08-30,2026-08-30,2.0,2.0,2.0,0.0,2.0,0.0,4.0,2,0.0,0.0,0.0,0.0,0.0,0.0,2.0,1.0,0.0,0,0,0,0.0,0.0,0.0,0.0,2.0,30.0,25.0,0.5,0.5,,,,,0.0,,2.0,2.0,2.0,0.0,2.0,0.0,4.0,2.0,0.0,0.0,0.0,0.0,0.0,0.0,2.0,1.0,0.0,0.0,0.0,0.0,0.0,0.0,0.0,0.0,2.0,30.0,25.0,2.0
003206,Greg Langermeier,RED,Redwoods,1,SSDM,Defensive Midfield,2025-08-24,2025-08-24,0.0,0.0,0.0,0.0,0.0,0.0,1.0,0,0.0,0.0,0.0,0.0,0.0,0.0,1.0,1.0,2.0,0,1,1,0.0,0.0,1.0,1.0,0.0,4.0,2.0,0.0,0.0,0.0,,,,,,0.0,0.0,0.0,0.0,0.0,0.0,1.0,0.0,0.0,0.0,0.0,0.0,0.0,0.0,1.0,1.0,2.0,0.0,1.0,1.0,0.0,0.0,1.0,1.0,0.0,4.0,2.0,0.0
003211,Josh Balcarcel,CHA,Chaos,1,M,Midfield,2025-08-24,2025-08-24,0.0,0.0,0.0,0.0,0.0,0.0,2.0,1,0.0,0.0,0.0,0.0,0.0,0.0,0.0,1.0,0.0,0,0,0,0.0,0.0,0.0,0.0,0.0,13.0,10.0,0.0,0.5,,,,,,,0.0,0.0,0.0,0.0,0.0,0.0,2.0,1.0,0.0,0.0,0.0,0.0,0.0,0.0,0.0,1.0,0.0,0.0,0.0,0.0,0.0,0.0,0.0,0.0,0.0,13.0,10.0,0.0
003211,Josh Balcarcel,OUT,Outlaws,2,M,Midfield,2025-09-01,2026-08-29,3.0,2.0,2.0,0.0,2.0,1.0,4.0,3,0.0,0.0,0.0,0.0,0.0,0.0,0.0,1.0,0.0,0,0,0,0.0,0.0,0.0,0.0,2.0,28.0,23.0,0.5,0.75,,,,,0.5,,1.5,1.0,1.0,0.0,1.0,0.5,2.0,1.5,0.0,0.0,0.0,0.0,0.0,0.0,0.0,0.5,0.0,0.0,0.0,0.0,0.0,0.0,0.0,0.0,1.0,14.0,11.5,1.0
003212,Ray Dearth,RED,Redwoods,1,SSDM,Defensive Midfield,2025-08-24,2025-08-24,1.0,1.0,1.0,0.0,1.0,0.0,2.0,2,0.0,0.0,0.0,0.0,0.0,0.0,0.0,0.0,0.0,0,0,0,0.0,0.0,0.0,0.0,0.0,6.0,4.0,0.5,1.0,,,,,,,1.0,1.0,1.0,0.0,1.0,0.0,2.0,2.0,0.0,0.0,0.0,0.0,0.0,0.0,0.0,0.0,0.0,0.0,0.0,0.0,0.0,0.0,0.0,0.0,0.0,6.0,4.0,0.0
003246,Nathan Kapp,CAN,Cannons,1,FO,Faceoff,2026-08-30,2026-08-30,0.0,0.0,0.0,0.0,0.0,0.0,0.0,0,0.0,0.0,0.0,0.0,0.0,0.0,6.0,2.0,0.0,10,10,20,0.0,0.0,0.0,0.0,0.0,6.0,4.0,,,0.5,,,,,,0.0,0.0,0.0,0.0,0.0,0.0,0.0,0.0,0.0,0.0,0.0,0.0,0.0,0.0,6.0,2.0,0.0,10.0,10.0,20.0,0.0,0.0,0.0,0.0,0.0,6.0,4.0,0.0
003267,Mikey Weisshaar,WHP,Whipsnakes,1,M,Midfield,2026-08-30,2026-08-30,2.0,1.0,1.0,0.0,1.0,1.0,4.0,2,1.0,0.0,0.0,0.0,0.0,0.0,1.0,1.0,3.0,0,0,0,0.0,0.0,0.0,0.0,2.0,21.0,16.0,0.25,0.5,,,,,0.5,0.0,2.0,1.0,1.0,0.0,1.0,1.0,4.0,2.0,1.0,0.0,0.0,0.0,0.0,0.0,1.0,1.0,3.0,0.0,0.0,0.0,0.0,0.0,0.0,0.0,2.0,21.0,16.0,2.0
003271,Hunter Smith,WHP,Whipsnakes,1,LSM,Long Stick Midfield,2026-08-30,2026-08-30,0.0,0.0,0.0,0.0,0.0,0.0,0.0,0,0.0,0.0,0.0,0.0,0.0,0.0,3.0,1.0,1.0,0,0,0,0.0,0.0,0.0,0.0,0.0,3.0,2.0,,,,,,,,,0.0,0.0,0.0,0.0,0.0,0.0,0.0,0.0,0.0,0.0,0.0,0.0,0.0,0.0,3.0,1.0,1.0,0.0,0.0,0.0,0.0,0.0,0.0,0.0,0.0,3.0,2.0,0.0
003275,Andrew McMeekin,WHP,Whipsnakes,1,FO,Faceoff,2026-08-30,2026-08-30,0.0,0.0,0.0,0.0,0.0,0.0,0.0,0,0.0,0.0,0.0,0.0,0.0,0.0,3.0,0.0,1.0,8,9,17,0.0,0.0,0.0,0.0,0.0,5.0,5.0,,,0.47058823529411764,,,,,,0.0,0.0,0.0,0.0,0.0,0.0,0.0,0.0,0.0,0.0,0.0,0.0,0.0,0.0,3.0,0.0,1.0,8.0,9.0,17.0,0.0,0.0,0.0,0.0,0.0,5.0,5.0,0.0
003277,Joey Spallina,CAN,Cannons,1,A,Attack,2026-08-30,2026-08-30,0.0,0.0,0.0,0.0,0.0,0.0,4.0,4,2.0,0.0,0.0,0.0,0.0,0.0,0.0,4.0,1.0,0,0,0,0.0,0.0,0.0,0.0,2.0,30.0,22.0,0.0,1.0,,,,,0.0,0.0,0.0,0.0,0.0,0.0,0.0,0.0,4.0,4.0,2.0,0.0,0.0,0.0,0.0,0.0,0.0,4.0,1.0,0.0,0.0,0.0,0.0,0.0,0.0,0.0,2.0,30.0,22.0,2.0
003282,Billy Dwan,CAN,Cannons,1,D,Defense,2026-08-30,2026-08-30,1.0,0.0,0.0,0.0,0.0,1.0,0.0,0,0.0,0.0,0.0,0.0,0.0,0.0,1.0,0.0,0.0,0,0,0,0.0,0.0,0.0,0.0,1.0,2.0,2.0,,,,,,,1.0,,1.0,0.0,0.0,0.0,0.0,1.0,0.0,0.0,0.0,0.0,0.0,0.0,0.0,0.0,1.0,0.0,0.0,0.0,0.0,0.0,0.0,0.0,0.0,0.0,1.0,2.0,2.0,1.0
003283,Blake Eiland,CAN,Cannons,1,SSDM,Defensive Midfield,2026-08-30,2026-08-30,0.0,0.0,0.0,0.0,0.0,0.0,0.0,0,0.0,0.0,0.0,0.0,0.0,0.0,1.0,1.0,0.0,0,0,0,0.0,0.0,1.0,0.5,0.0,4.0,3.0,,,,,,,,,0.0,0.0,0.0,0.0,0.0,0.0,0.0,0.0,0.0,0.0,0.0,0.0,0.0,0.0,1.0,1.0,0.0,0.0,0.0,0.0,0.0,0.0,1.0,0.5,0.0,4.0,3.0,0.0
003285,Jack Regnery,WHP,Whipsnakes,1,A,Attack,2026-08-30,2026-08-30,1.0,1.0,1.0,0.0,1.0,0.0,3.0,1,0.0,0.0,0.0,0.0,0.0,0.0,0.0,1.0,0.0,0,0,0,0.0,0.0,0.0,0.0,2.0,19.0,15.0,0.3333333333333333,0.3333333333333333,,,,,0.0,,1.0,1.0,1.0,0.0,1.0,0.0,3.0,1.0,0.0,0.0,0.0,0.0,0.0,0.0,0.0,1.0,0.0,0.0,0.0,0.0,0.0,0.0,0.0,0.0,2.0,19.0,15.0,2.0
003286,Will Donovan,WHP,Whipsnakes,1,D,Defense,2026-08-30,2026-08-30,0.0,0.0,0.0,0.0,0.0,0.0,0.0,0,0.0,0.0,0.0,0.0,0.0,0.0,1.0,0.0,1.0,0,0,0,0.0,0.0,1.0,1.0,0.0,3.0,3.0,,,,,,,,,0.0,0.0,0.0,0.0,0.0,0.0,0.0,0.0,0.0,0.0,0.0,0.0,0.0,0.0,1.0,0.0,1.0,0.0,0.0,0.0,0.0,0.0,1.0,1.0,0.0,3.0,3.0,0.0
003287,Dante Bowen,OUT,Outlaws,1,SSDM,Defensive Midfield,2026-08-29,2026-08-29,0.0,0.0,0.0,0.0,0.0,0.0,0.0,0,0.0,0.0,0.0,0.0,0.0,0.0,0.0,0.0,0.0,0,0,0,0.0,0.0,0.0,0.0,0.0,2.0,2.0,,,,,,,,,0.0,0.0,0.0,0.0,0.0,0.0,0.0,0.0,0.0,0.0,0.0,0.0,0.0,0.0,0.0,0.0,0.0,0.0,0.0,0.0,0.0,0.0,0.0,0.0,0.0,2.0,2.0,0.0
003291,Ryan Croddick,OUT,Outlaws,1,G,Goalie,2026-08-29,2026-08-29,0.0,0.0,0.0,0.0,0.0,0.0,0.0,0,0.0,7.0,4.0,3.0,3.0,6.0,1.0,0.0,0.0,0,0,0,3.0,0.0,0.0,0.0,0.0,11.0,11.0,,,,0.7,57.14285714285714,0.4,,,0.0,0.0,0.0,0.0,0.0,0.0,0.0,0.0,0.0,7.0,4.0,3.0,3.0,6.0,1.0,0.0,0.0,0.0,0.0,0.0,3.0,0.0,0.0,0.0,0.0,11.0,11.0,0.0
003296,Cullen Brown,OUT,Outlaws,1,D,Defense,2026-08-29,2026-08-29,0.0,0.0,0.0,0.0,0.0,0.0,0.0,0,0.0,0.0,0.0,0.0,0.0,0.0,1.0,0.0,4.0,0,0,0,0.0,0.0,0.0,0.0,0.0,1.0,1.0,,,,,,,,,0.0,0.0,0.0,0.0,0.0,0.0,0.0,0.0,0.0,0.0,0.0,0.0,0.0,0.0,1.0,0.0,4.0,0.0,0.0,0.0,0.0,0.0,0.0,0.0,0.0,1.0,1.0,0.0
003298,Finn Thomson,OUT,Outlaws,1,A,Attack,2026-08-29,2026-08-29,3.0,3.0,3.0,0.0,3.0,0.0,6.0,4,0.0,0.0,0.0,0.0,0.0,0.0,1.0,0.0,0.0,0,0,0,0.0,0.0,0.0,0.0,0.0,21.0,15.0,0.5,0.6666666666666666,,,,,,,3.0,3.0,3.0,0.0,3.0,0.0,6.0,4.0,0.0,0.0,0.0,0.0,0.0,0.0,1.0,0.0,0.0,0.0,0.0,0.0,0.0,0.0,0.0,0.0,0.0,21.0,15.0,0.0
