season,player_id,full_name,position,position_name,split_type,games,first_game_date,last_game_date,opponents,teams,points,scoring_points,one_point_goals,two_point_goals,goals,assists,shots,shots_on_goal,two_point_shots,saves,clean_saves,messy_saves,scores_against,saa,ground_balls,turnovers,caused_turnovers,faceoffs_won,faceoffs_lost,faceoffs,goals_against,two_point_goals_against,num_penalties,pim,assist_opportunities,touches,total_passes,shot_pct_calc,shots_on_goal_rate_calc,faceoff_pct_calc,save_pct_calc,clean_save_pct,clean_save_rate,assist_conv_rate,two_pt_conversion,points_per_game,scoring_points_per_game,one_point_goals_per_game,two_point_goals_per_game,goals_per_game,assists_per_game,shots_per_game,shots_on_goal_per_game,two_point_shots_per_game,saves_per_game,clean_saves_per_game,messy_saves_per_game,scores_against_per_game,saa_per_game,ground_balls_per_game,turnovers_per_game,caused_turnovers_per_game,faceoffs_won_per_game,faceoffs_lost_per_game,faceoffs_per_game,goals_against_per_game,two_point_goals_against_per_game,num_penalties_per_game,pim_per_game,assist_opportunities_per_game,touches_per_game,total_passes_per_game,assist_opp_per_game
2022,000201,Adam Ghitelman,G,Goalie,last_10,10,2022-06-11,2022-09-11,ATL|CAN|CHA|RED|WAT,ARC,0.0,0.0,0.0,0.0,0.0,0.0,2.0,1,2.0,108.0,29.0,79.0,102.0,102.02018769578818,31.0,2.0,3.0,0,0,0,98.0,4.0,1.0,1.0,1.0,142.0,138.0,0.0,0.5,,0.5242718446601942,26.851851851851855,0.1407766990291262,0.0,0.0,0.0,0.0,0.0,0.0,0.0,0.0,0.2,0.1,0.2,10.8,2.9,7.9,10.2,10.202018769578817,3.1,0.2,0.3,0.0,0.0,0.0,9.8,0.4,0.1,0.1,0.1,14.2,13.8,0.1
2022,000204,Christian Cuccinello,A,Attack,last_10,2,2022-06-11,2022-07-24,ARC|ATL,CAN,2.0,2.0,2.0,0.0,2.0,0.0,6.0,4,0.0,0.0,0.0,0.0,0.0,0.0,1.0,0.0,0.0,0,0,0,0.0,0.0,0.0,0.0,0.0,16.0,10.0,0.3333333333333333,0.6666666666666666,,,,,,,1.0,1.0,1.0,0.0,1.0,0.0,3.0,2.0,0.0,0.0,0.0,0.0,0.0,0.0,0.5,0.0,0.0,0.0,0.0,0.0,0.0,0.0,0.0,0.0,0.0,8.0,5.0,0.0
2022,000207,Dominique Alexander,SSDM,Defensive Midfield,last_10,10,2022-06-11,2022-09-11,ATL|CAN|CHA|RED|WAT,ARC,2.0,1.0,1.0,0.0,1.0,1.0,1.0,1,0.0,0.0,0.0,0.0,0.0,0.0,17.0,1.0,9.0,0,0,0,0.0,0.0,3.0,2.0,3.0,75.0,73.0,1.0,1.0,,,,,0.3333333333333333,,0.2,0.1,0.1,0.0,0.1,0.1,0.1,0.1,0.0,0.0,0.0,0.0,0.0,0.0,1.7,0.1,0.9,0.0,0.0,0.0,0.0,0.0,0.3,0.2,0.3,7.5,7.3,0.3
2022,000211,Ian MacKay,SSDM,Defensive Midfield,last_10,8,2022-06-25,2022-09-18,ARC|ATL|CAN|OUT|WAT|WHP,CHA,0.0,0.0,0.0,0.0,0.0,0.0,5.0,3,4.0,0.0,0.0,0.0,0.0,0.0,2.0,3.0,1.0,0,1,1,0.0,0.0,2.0,1.5,2.0,40.0,32.0,0.0,0.6,0.0,,,,0.0,0.0,0.0,0.0,0.0,0.0,0.0,0.0,0.625,0.375,0.5,0.0,0.0,0.0,0.0,0.0,0.25,0.375,0.125,0.0,0.125,0.125,0.0,0.0,0.25,0.1875,0.25,5.0,4.0,0.25
2022,000213,Jerry Ragonese,FO,Faceoff,last_10,1,2022-07-02,2022-07-02,CAN,CHA,1.0,1.0,1.0,0.0,1.0,0.0,1.0,1,0.0,0.0,0.0,0.0,0.0,0.0,2.0,0.0,0.0,2,6,8,0.0,0.0,0.0,0.0,0.0,2.0,1.0,1.0,1.0,0.25,,,,,,1.0,1.0,1.0,0.0,1.0,0.0,1.0,1.0,0.0,0.0,0.0,0.0,0.0,0.0,2.0,0.0,0.0,2.0,6.0,8.0,0.0,0.0,0.0,0.0,0.0,2.0,1.0,0.0
2022,000216,Marcus Holman,A,Attack,last_10,10,2022-06-18,2022-09-11,ATL|CAN|CHA|RED|WAT|WHP,ARC,28.0,21.0,17.0,2.0,19.0,7.0,49.0,35,6.0,0.0,0.0,0.0,0.0,0.0,21.0,13.0,1.0,0,0,0,0.0,0.0,1.0,0.5,28.0,331.0,269.0,0.3877551020408163,0.7142857142857143,,,,,0.25,0.3333333333333333,2.8,2.1,1.7,0.2,1.9,0.7,4.9,3.5,0.6,0.0,0.0,0.0,0.0,0.0,2.1,1.3,0.1,0.0,0.0,0.0,0.0,0.0,0.1,0.05,2.8,33.1,26.9,2.8
2022,000217,Mark McNeill,SSDM,Defensive Midfield,last_10,10,2022-06-11,2022-09-11,ATL|CAN|CHA|RED|WAT|WHP,ARC,1.0,0.0,0.0,0.0,0.0,1.0,0.0,0,0.0,0.0,0.0,0.0,0.0,0.0,8.0,3.0,2.0,0,0,0,0.0,0.0,0.0,0.0,1.0,36.0,33.0,,,,,,,1.0,,0.1,0.0,0.0,0.0,0.0,0.1,0.0,0.0,0.0,0.0,0.0,0.0,0.0,0.0,0.8,0.3,0.2,0.0,0.0,0.0,0.0,0.0,0.0,0.0,0.1,3.6,3.3,0.1
2022,000218,Matt McMahon,D,Defense,last_10,10,2022-06-18,2022-09-11,ATL|CAN|CHA|RED|WAT|WHP,ARC,0.0,0.0,0.0,0.0,0.0,0.0,0.0,0,0.0,0.0,0.0,0.0,0.0,0.0,8.0,2.0,9.0,0,0,0,0.0,0.0,0.0,0.0,0.0,25.0,23.0,,,,,,,,,0.0,0.0,0.0,0.0,0.0,0.0,0.0,0.0,0.0,0.0,0.0,0.0,0.0,0.0,0.8,0.2,0.9,0.0,0.0,0.0,0.0,0.0,0.0,0.0,0.0,2.5,2.3,0.0
2022,000221,Ryan Ambler,M,Midfield,last_10,10,2022-06-18,2022-09-11,ATL|CAN|CHA|RED|WAT|WHP,ARC,15.0,13.0,13.0,0.0,13.0,2.0,43.0,26,1.0,0.0,0.0,0.0,0.0,0.0,6.0,7.0,2.0,0,0,0,0.0,0.0,0.0,0.0,16.0,223.0,173.0,0.3023255813953488,0.6046511627906976,,,,,0.125,0.0,1.5,1.3,1.3,0.0,1.3,0.2,4.3,2.6,0.1,0.0,0.0,0.0,0.0,0.0,0.6,0.7,0.2,0.0,0.0,0.0,0.0,0.0,0.0,0.0,1.6,22.3,17.3,1.6
2022,000222,Stephen Kelly,FO,Faceoff,last_10,9,2022-06-05,2022-08-21,ARC|ATL|CHA|OUT|RED|WAT|WHP,CAN,5.0,4.0,4.0,0.0,4.0,1.0,7.0,6,0.0,0.0,0.0,0.0,0.0,0.0,65.0,8.0,0.0,106,111,217,0.0,0.0,0.0,0.0,4.0,68.0,53.0,0.5714285714285714,0.8571428571428571,0.48847926267281105,,,,0.25,,0.5555555555555556,0.4444444444444444,0.4444444444444444,0.0,0.4444444444444444,0.1111111111111111,0.7777777777777778,0.6666666666666666,0.0,0.0,0.0,0.0,0.0,0.0,7.222222222222222,0.8888888888888888,0.0,11.777777777777779,12.333333333333334,24.11111111111111,0.0,0.0,0.0,0.0,0.4444444444444444,7.555555555555555,5.888888888888889,0.4444444444444444
2022,000223,Scott Ratliff,D,Defense,last_10,10,2022-06-18,2022-09-11,ATL|CAN|CHA|RED|WAT|WHP,ARC,1.0,1.0,1.0,0.0,1.0,0.0,8.0,7,6.0,0.0,0.0,0.0,0.0,0.0,28.0,4.0,11.0,0,0,0,0.0,0.0,2.0,2.0,7.0,119.0,107.0,0.125,0.875,,,,,0.0,0.0,0.1,0.1,0.1,0.0,0.1,0.0,0.8,0.7,0.6,0.0,0.0,0.0,0.0,0.0,2.8,0.4,1.1,0.0,0.0,0.0,0.0,0.0,0.2,0.2,0.7,11.9,10.7,0.7
2022,000225,Tom Schreiber,M,Midfield,last_10,10,2022-06-18,2022-09-11,ATL|CAN|CHA|RED|WAT|WHP,ARC,33.0,22.0,20.0,1.0,21.0,11.0,61.0,37,6.0,0.0,0.0,0.0,0.0,0.0,11.0,21.0,0.0,0,0,0,0.0,0.0,0.0,0.0,55.0,366.0,284.0,0.3442622950819672,0.6065573770491803,,,,,0.2,0.16666666666666666,3.3,2.2,2.0,0.1,2.1,1.1,6.1,3.7,0.6,0.0,0.0,0.0,0.0,0.0,1.1,2.1,0.0,0.0,0.0,0.0,0.0,0.0,0.0,0.0,5.5,36.6,28.4,5.5
2022,000227,Will Manny,A,Attack,last_10,10,2022-06-18,2022-09-11,ATL|CAN|CHA|RED|WAT|WHP,ARC,26.0,8.0,8.0,0.0,8.0,18.0,49.0,31,1.0,0.0,0.0,0.0,0.0,0.0,3.0,15.0,0.0,0,0,0,0.0,0.0,1.0,0.5,46.0,337.0,273.0,0.16326530612244897,0.6326530612244898,,,,,0.391304347826087,0.0,2.6,0.8,0.8,0.0,0.8,1.8,4.9,3.1,0.1,0.0,0.0,0.0,0.0,0.0,0.3,1.5,0.0,0.0,0.0,0.0,0.0,0.0,0.1,0.05,4.6,33.7,27.3,4.6
2022,000231,Chris Cloutier,A,Attack,last_10,9,2022-07-02,2022-09-18,ARC|ATL|CAN|OUT|RED|WAT|WHP,CHA,19.0,13.0,13.0,0.0,13.0,6.0,40.0,31,1.0,0.0,0.0,0.0,0.0,0.0,14.0,19.0,0.0,0,0,0,0.0,0.0,0.0,0.0,27.0,218.0,159.0,0.325,0.775,,,,,0.2222222222222222,0.0,2.111111111111111,1.4444444444444444,1.4444444444444444,0.0,1.4444444444444444,0.6666666666666666,4.444444444444445,3.4444444444444446,0.1111111111111111,0.0,0.0,0.0,0.0,0.0,1.5555555555555556,2.111111111111111,0.0,0.0,0.0,0.0,0.0,0.0,0.0,0.0,3.0,24.22222222222222,17.666666666666668,3.0
2022,000234,Eric Law,A,Attack,last_10,10,2022-06-11,2022-09-03,ARC|CAN|CHA|OUT|RED|WAT|WHP,ATL,23.0,15.0,15.0,0.0,15.0,8.0,33.0,26,0.0,0.0,0.0,0.0,0.0,0.0,12.0,22.0,1.0,0,0,0,0.0,0.0,3.0,2.5,31.0,344.0,289.0,0.45454545454545453,0.7878787878787878,,,,,0.25806451612903225,,2.3,1.5,1.5,0.0,1.5,0.8,3.3,2.6,0.0,0.0,0.0,0.0,0.0,0.0,1.2,2.2,0.1,0.0,0.0,0.0,0.0,0.0,0.3,0.25,3.1,34.4,28.9,3.1
2022,000235,Jake Richard,SSDM,Defensive Midfield,last_10,10,2022-06-11,2022-09-03,ARC|CAN|CHA|OUT|RED|WAT|WHP,ATL,2.0,1.0,1.0,0.0,1.0,1.0,7.0,5,3.0,0.0,0.0,0.0,0.0,0.0,8.0,2.0,7.0,0,0,0,0.0,0.0,3.0,3.0,2.0,85.0,76.0,0.14285714285714285,0.7142857142857143,,,,,0.5,0.0,0.2,0.1,0.1,0.0,0.1,0.1,0.7,0.5,0.3,0.0,0.0,0.0,0.0,0.0,0.8,0.2,0.7,0.0,0.0,0.0,0.0,0.0,0.3,0.3,0.2,8.5,7.6,0.2
2022,000238,John Crawley,M,Midfield,last_10,9,2022-06-04,2022-08-13,ARC|CAN|OUT|RED|WAT|WHP,ATL,5.0,4.0,4.0,0.0,4.0,1.0,22.0,13,1.0,0.0,0.0,0.0,0.0,0.0,3.0,8.0,0.0,0,0,0,0.0,0.0,0.0,0.0,5.0,99.0,69.0,0.18181818181818182,0.5909090909090909,,,,,0.2,0.0,0.5555555555555556,0.4444444444444444,0.4444444444444444,0.0,0.4444444444444444,0.1111111111111111,2.4444444444444446,1.4444444444444444,0.1111111111111111,0.0,0.0,0.0,0.0,0.0,0.3333333333333333,0.8888888888888888,0.0,0.0,0.0,0.0,0.0,0.0,0.0,0.0,0.5555555555555556,11.0,7.666666666666667,0.5555555555555556
2022,000240,Kieran McArdle,A,Attack,last_10,10,2022-06-25,2022-09-18,ARC|ATL|CAN|CHA|OUT|RED|WHP,WAT,44.0,22.0,22.0,0.0,22.0,22.0,68.0,45,0.0,0.0,0.0,0.0,0.0,0.0,25.0,29.0,0.0,0,0,0,0.0,0.0,1.0,0.5,66.0,395.0,298.0,0.3235294117647059,0.6617647058823529,,,,,0.3333333333333333,,4.4,2.2,2.2,0.0,2.2,2.2,6.8,4.5,0.0,0.0,0.0,0.0,0.0,0.0,2.5,2.9,0.0,0.0,0.0,0.0,0.0,0.0,0.1,0.05,6.6,39.5,29.8,6.6
2022,000241,Jack Concannon,G,Goalie,last_10,10,2022-06-11,2022-09-03,ARC|CAN|CHA|OUT|RED|WAT|WHP,ATL,0.0,0.0,0.0,0.0,0.0,0.0,0.0,0,0.0,125.0,27.0,98.0,122.0,129.74632751593842,21.0,6.0,2.0,0,0,0,112.0,10.0,1.0,1.0,3.0,100.0,94.0,,,,0.5274261603375527,21.6,0.11392405063291139,0.0,,0.0,0.0,0.0,0.0,0.0,0.0,0.0,0.0,0.0,12.5,2.7,9.8,12.2,12.974632751593841,2.1,0.6,0.2,0.0,0.0,0.0,11.2,1.0,0.1,0.1,0.3,10.0,9.4,0.3
2022,000242,Kyle Hartzell,LSM,Long Stick Midfield,last_10,9,2022-06-04,2022-09-03,ARC|ATL|CAN|CHA|OUT|WAT|WHP,RED,3.0,3.0,1.0,1.0,2.0,0.0,4.0,3,3.0,0.0,0.0,0.0,0.0,0.0,10.0,2.0,5.0,0,1,1,0.0,0.0,1.0,1.0,1.0,35.0,29.0,0.5,0.75,0.0,,,,0.0,0.3333333333333333,0.3333333333333333,0.3333333333333333,0.1111111111111111,0.1111111111111111,0.2222222222222222,0.0,0.4444444444444444,0.3333333333333333,0.3333333333333333,0.0,0.0,0.0,0.0,0.0,1.1111111111111112,0.2222222222222222,0.5555555555555556,0.0,0.1111111111111111,0.1111111111111111,0.0,0.0,0.1111111111111111,0.1111111111111111,0.1111111111111111,3.888888888888889,3.2222222222222223,0.1111111111111111
2022,000246,Ryan Brown,A,Attack,last_10,8,2022-06-05,2022-09-18,ARC|CAN|CHA|OUT|WHP,WAT,11.0,11.0,9.0,1.0,10.0,0.0,43.0,27,2.0,0.0,0.0,0.0,0.0,0.0,3.0,2.0,1.0,0,0,0,0.0,0.0,2.0,1.0,0.0,80.0,35.0,0.23255813953488372,0.627906976744186,,,,,,0.5,1.375,1.375,1.125,0.125,1.25,0.0,5.375,3.375,0.25,0.0,0.0,0.0,0.0,0.0,0.375,0.25,0.125,0.0,0.0,0.0,0.0,0.0,0.25,0.125,0.0,10.0,4.375,0.0
2022,000251,Steven DeNapoli,SSDM,Defensive Midfield,last_10,7,2022-07-31,2022-09-18,ARC|ATL|CAN|CHA|RED|WHP,WAT,4.0,3.0,3.0,0.0,3.0,1.0,4.0,4,0.0,0.0,0.0,0.0,0.0,0.0,5.0,2.0,1.0,0,0,0,0.0,0.0,0.0,0.0,3.0,27.0,21.0,0.75,1.0,,,,,0.3333333333333333,,0.5714285714285714,0.42857142857142855,0.42857142857142855,0.0,0.42857142857142855,0.14285714285714285,0.5714285714285714,0.5714285714285714,0.0,0.0,0.0,0.0,0.0,0.0,0.7142857142857143,0.2857142857142857,0.14285714285714285,0.0,0.0,0.0,0.0,0.0,0.0,0.0,0.42857142857142855,3.857142857142857,3.0,0.42857142857142855
2022,000254,Trevor Baptiste,FO,Faceoff,last_10,10,2022-06-04,2022-09-03,ARC|CAN|CHA|OUT|RED|WAT|WHP,ATL,10.0,6.0,4.0,1.0,5.0,4.0,19.0,12,2.0,0.0,0.0,0.0,0.0,0.0,90.0,5.0,1.0,169,82,251,0.0,0.0,5.0,2.5,8.0,121.0,97.0,0.2631578947368421,0.631578947368421,0.6733067729083665,,,,0.5,0.5,1.0,0.6,0.4,0.1,0.5,0.4,1.9,1.2,0.2,0.0,0.0,0.0,0.0,0.0,9.0,0.5,0.1,16.9,8.2,25.1,0.0,0.0,0.5,0.25,0.8,12.1,9.7,0.8
2022,000255,Tucker Durkin,D,Defense,last_10,10,2022-06-11,2022-09-03,ARC|CAN|CHA|OUT|RED|WAT|WHP,ATL,0.0,0.0,0.0,0.0,0.0,0.0,0.0,0,0.0,0.0,0.0,0.0,0.0,0.0,9.0,2.0,5.0,0,0,0,0.0,0.0,2.0,1.5,0.0,33.0,31.0,,,,,,,,,0.0,0.0,0.0,0.0,0.0,0.0,0.0,0.0,0.0,0.0,0.0,0.0,0.0,0.0,0.9,0.2,0.5,0.0,0.0,0.0,0.0,0.0,0.2,0.15,0.0,3.3,3.1,0.0
2022,000256,Austin Staats,,,last_10,2,2022-06-11,2022-06-18,ARC|RED,CHA,3.0,1.0,1.0,0.0,1.0,2.0,8.0,5,0.0,0.0,0.0,0.0,0.0,0.0,0.0,7.0,0.0,0,0,0,0.0,0.0,0.0,0.0,5.0,40.0,25.0,0.125,0.625,,,,,0.4,,1.5,0.5,0.5,0.0,0.5,1.0,4.0,2.5,0.0,0.0,0.0,0.0,0.0,0.0,0.0,3.5,0.0,0.0,0.0,0.0,0.0,0.0,0.0,0.0,2.5,20.0,12.5,2.5
2022,000258,Blaze Riorden,G,Goalie,last_10,10,2022-06-25,2022-09-18,ARC|ATL|CAN|OUT|RED|WAT|WHP,CHA,2.0,0.0,0.0,0.0,0.0,2.0,2.0,0,2.0,143.0,67.0,76.0,110.0,110.0,16.0,4.0,5.0,0,0,0,105.0,5.0,0.0,0.0,5.0,161.0,155.0,0.0,0.0,,0.5766129032258065,46.85314685314685,0.2701612903225806,0.4,0.0,0.2,0.0,0.0,0.0,0.0,0.2,0.2,0.0,0.2,14.3,6.7,7.6,11.0,11.0,1.6,0.4,0.5,0.0,0.0,0.0,10.5,0.5,0.0,0.0,0.5,16.1,15.5,0.5
2022,000260,Brodie Merrill,LSM,Long Stick Midfield,last_10,6,2022-06-11,2022-08-21,ARC|ATL|OUT|RED|WHP,CAN,1.0,0.0,0.0,0.0,0.0,1.0,0.0,0,0.0,0.0,0.0,0.0,0.0,0.0,15.0,3.0,6.0,0,0,0,0.0,0.0,2.0,1.5,3.0,34.0,31.0,,,,,,,0.3333333333333333,,0.16666666666666666,0.0,0.0,0.0,0.0,0.16666666666666666,0.0,0.0,0.0,0.0,0.0,0.0,0.0,0.0,2.5,0.5,1.0,0.0,0.0,0.0,0.0,0.0,0.3333333333333333,0.25,0.5,5.666666666666667,5.166666666666667,0.5
2022,000262,Connor Fields,M,Midfield,last_10,8,2022-07-01,2022-09-11,ATL|CAN|CHA|RED|WAT|WHP,ARC,22.0,15.0,15.0,0.0,15.0,7.0,42.0,32,1.0,0.0,0.0,0.0,0.0,0.0,13.0,10.0,2.0,0,0,0,0.0,0.0,0.0,0.0,26.0,196.0,144.0,0.35714285714285715,0.7619047619047619,,,,,0.2692307692307692,0.0,2.75,1.875,1.875,0.0,1.875,0.875,5.25,4.0,0.125,0.0,0.0,0.0,0.0,0.0,1.625,1.25,0.25,0.0,0.0,0.0,0.0,0.0,0.0,0.0,3.25,24.5,18.0,3.25
2022,000266,Dhane Smith,M,Midfield,last_10,10,2022-06-25,2022-09-18,ARC|ATL|CAN|OUT|RED|WAT|WHP,CHA,28.0,8.0,8.0,0.0,8.0,20.0,41.0,26,1.0,0.0,0.0,0.0,0.0,0.0,7.0,23.0,2.0,0,0,0,0.0,0.0,1.0,0.5,60.0,357.0,293.0,0.1951219512195122,0.6341463414634146,,,,,0.3333333333333333,0.0,2.8,0.8,0.8,0.0,0.8,2.0,4.1,2.6,0.1,0.0,0.0,0.0,0.0,0.0,0.7,2.3,0.2,0.0,0.0,0.0,0.0,0.0,0.1,0.05,6.0,35.7,29.3,6.0
2022,000267,Jake Froccaro,M,Midfield,last_10,5,2022-06-05,2022-07-02,ARC|ATL|CHA|OUT|WAT,CAN,8.0,2.0,0.0,1.0,1.0,6.0,20.0,11,8.0,0.0,0.0,0.0,0.0,0.0,8.0,3.0,1.0,0,3,3,0.0,0.0,1.0,0.5,18.0,113.0,90.0,0.05,0.55,0.0,,,,0.3333333333333333,0.125,1.6,0.4,0.0,0.2,0.2,1.2,4.0,2.2,1.6,0.0,0.0,0.0,0.0,0.0,1.6,0.6,0.2,0.0,0.6,0.6,0.0,0.0,0.2,0.1,3.6,22.6,18.0,3.6
2022,000268,James Barclay,D,Defense,last_10,1,2022-07-23,2022-07-23,CHA,WHP,0.0,0.0,0.0,0.0,0.0,0.0,1.0,1,0.0,0.0,0.0,0.0,0.0,0.0,2.0,0.0,0.0,0,0,0,0.0,0.0,0.0,0.0,0.0,4.0,3.0,0.0,1.0,,,,,,,0.0,0.0,0.0,0.0,0.0,0.0,1.0,1.0,0.0,0.0,0.0,0.0,0.0,0.0,2.0,0.0,0.0,0.0,0.0,0.0,0.0,0.0,0.0,0.0,0.0,4.0,3.0,0.0
2022,000269,Jarrod Neumann,D,Defense,last_10,10,2022-06-25,2022-09-18,ARC|ATL|CAN|OUT|RED|WAT|WHP,CHA,1.0,0.0,0.0,0.0,0.0,1.0,5.0,2,5.0,0.0,0.0,0.0,0.0,0.0,9.0,1.0,6.0,0,0,0,0.0,0.0,2.0,2.5,2.0,37.0,31.0,0.0,0.4,,,,,0.5,0.0,0.1,0.0,0.0,0.0,0.0,0.1,0.5,0.2,0.5,0.0,0.0,0.0,0.0,0.0,0.9,0.1,0.6,0.0,0.0,0.0,0.0,0.0,0.2,0.25,0.2,3.7,3.1,0.2
2022,000272,Josh Byrne,A,Attack,last_10,10,2022-06-25,2022-09-18,ARC|ATL|CAN|OUT|RED|WAT|WHP,CHA,30.0,21.0,21.0,0.0,21.0,9.0,77.0,44,1.0,0.0,0.0,0.0,0.0,0.0,14.0,18.0,2.0,0,0,0,0.0,0.0,3.0,2.5,34.0,315.0,220.0,0.2727272727272727,0.5714285714285714,,,,,0.2647058823529412,0.0,3.0,2.1,2.1,0.0,2.1,0.9,7.7,4.4,0.1,0.0,0.0,0.0,0.0,0.0,1.4,1.8,0.2,0.0,0.0,0.0,0.0,0.0,0.3,0.25,3.4,31.5,22.0,3.4
2022,000275,Mark Glicini,SSDM,Defensive Midfield,last_10,10,2022-06-11,2022-09-18,ARC|ATL|OUT|RED|WAT|WHP,CHA,1.0,1.0,1.0,0.0,1.0,0.0,2.0,2,1.0,0.0,0.0,0.0,0.0,0.0,10.0,2.0,3.0,0,0,0,0.0,0.0,1.0,0.5,5.0,54.0,50.0,0.5,1.0,,,,,0.0,0.0,0.1,0.1,0.1,0.0,0.1,0.0,0.2,0.2,0.1,0.0,0.0,0.0,0.0,0.0,1.0,0.2,0.3,0.0,0.0,0.0,0.0,0.0,0.1,0.05,0.5,5.4,5.0,0.5
2022,000276,Matt Rees,D,Defense,last_10,8,2022-07-02,2022-09-18,ARC|ATL|CAN|OUT|RED|WAT,CHA,3.0,3.0,1.0,1.0,2.0,0.0,6.0,4,4.0,0.0,0.0,0.0,0.0,0.0,11.0,3.0,5.0,0,0,0,0.0,0.0,2.0,2.0,1.0,39.0,30.0,0.3333333333333333,0.6666666666666666,,,,,0.0,0.25,0.375,0.375,0.125,0.125,0.25,0.0,0.75,0.5,0.5,0.0,0.0,0.0,0.0,0.0,1.375,0.375,0.625,0.0,0.0,0.0,0.0,0.0,0.25,0.25,0.125,4.875,3.75,0.125
2022,000278,Myles Jones,M,Midfield,last_10,10,2022-06-10,2022-09-03,ARC|ATL|CAN|CHA|OUT|WAT|WHP,RED,20.0,15.0,9.0,3.0,12.0,5.0,54.0,27,14.0,0.0,0.0,0.0,0.0,0.0,8.0,13.0,1.0,0,0,0,0.0,0.0,2.0,1.0,25.0,221.0,154.0,0.2222222222222222,0.5,,,,,0.2,0.21428571428571427,2.0,1.5,0.9,0.3,1.2,0.5,5.4,2.7,1.4,0.0,0.0,0.0,0.0,0.0,0.8,1.3,0.1,0.0,0.0,0.0,0.0,0.0,0.2,0.1,2.5,22.1,15.4,2.5
2022,000279,Patrick Resch,SSDM,Defensive Midfield,last_10,10,2022-06-25,2022-09-18,ARC|ATL|CAN|OUT|RED|WAT|WHP,CHA,2.0,1.0,1.0,0.0,1.0,1.0,3.0,3,1.0,0.0,0.0,0.0,0.0,0.0,15.0,4.0,7.0,0,0,0,0.0,0.0,0.0,0.0,9.0,78.0,71.0,0.3333333333333333,1.0,,,,,0.1111111111111111,0.0,0.2,0.1,0.1,0.0,0.1,0.1,0.3,0.3,0.1,0.0,0.0,0.0,0.0,0.0,1.5,0.4,0.7,0.0,0.0,0.0,0.0,0.0,0.0,0.0,0.9,7.8,7.1,0.9
2022,000280,Thomas Kelly,FO,Faceoff,last_10,5,2022-06-04,2022-07-23,ARC|RED|WAT|WHP,CHA,1.0,1.0,1.0,0.0,1.0,0.0,1.0,1,0.0,0.0,0.0,0.0,0.0,0.0,23.0,3.0,0.0,52,63,115,0.0,0.0,0.0,0.0,0.0,18.0,14.0,1.0,1.0,0.45217391304347826,,,,,,0.2,0.2,0.2,0.0,0.2,0.0,0.2,0.2,0.0,0.0,0.0,0.0,0.0,0.0,4.6,0.6,0.0,10.4,12.6,23.0,0.0,0.0,0.0,0.0,0.0,3.6,2.8,0.0
2022,000281,Troy Reh,LSM,Long Stick Midfield,last_10,10,2022-06-25,2022-09-18,ARC|ATL|CAN|OUT|RED|WAT|WHP,CHA,0.0,0.0,0.0,0.0,0.0,0.0,2.0,2,1.0,0.0,0.0,0.0,0.0,0.0,27.0,1.0,7.0,0,2,2,0.0,0.0,3.0,3.0,5.0,67.0,64.0,0.0,1.0,0.0,,,,0.0,0.0,0.0,0.0,0.0,0.0,0.0,0.0,0.2,0.2,0.1,0.0,0.0,0.0,0.0,0.0,2.7,0.1,0.7,0.0,0.2,0.2,0.0,0.0,0.3,0.3,0.5,6.7,6.4,0.5
2022,000282,Tyson Bell,LSM,Long Stick Midfield,last_10,5,2022-06-05,2022-07-02,ARC|ATL|CHA|OUT|WAT,CAN,1.0,1.0,1.0,0.0,1.0,0.0,3.0,1,0.0,0.0,0.0,0.0,0.0,0.0,5.0,2.0,1.0,0,0,0,0.0,0.0,5.0,4.0,0.0,25.0,20.0,0.3333333333333333,0.3333333333333333,,,,,,,0.2,0.2,0.2,0.0,0.2,0.0,0.6,0.2,0.0,0.0,0.0,0.0,0.0,0.0,1.0,0.4,0.2,0.0,0.0,0.0,0.0,0.0,1.0,0.8,0.0,5.0,4.0,0.0
2022,000294,John Ranagan,M,Midfield,last_10,3,2022-06-10,2022-07-24,ATL|RED|WAT,OUT,1.0,1.0,1.0,0.0,1.0,0.0,4.0,3,0.0,0.0,0.0,0.0,0.0,0.0,1.0,2.0,0.0,0,0,0,0.0,0.0,0.0,0.0,6.0,36.0,30.0,0.25,0.75,,,,,0.0,,0.3333333333333333,0.3333333333333333,0.3333333333333333,0.0,0.3333333333333333,0.0,1.3333333333333333,1.0,0.0,0.0,0.0,0.0,0.0,0.0,0.3333333333333333,0.6666666666666666,0.0,0.0,0.0,0.0,0.0,0.0,0.0,0.0,2.0,12.0,10.0,2.0
2022,000295,Jordan MacIntosh,M,Midfield,last_10,10,2022-06-05,2022-09-03,ARC|ATL|CAN|CHA|RED|WAT|WHP,OUT,16.0,15.0,13.0,1.0,14.0,1.0,41.0,29,1.0,0.0,0.0,0.0,0.0,0.0,8.0,17.0,2.0,0,0,0,0.0,0.0,0.0,0.0,15.0,184.0,126.0,0.34146341463414637,0.7073170731707317,,,,,0.06666666666666667,1.0,1.6,1.5,1.3,0.1,1.4,0.1,4.1,2.9,0.1,0.0,0.0,0.0,0.0,0.0,0.8,1.7,0.2,0.0,0.0,0.0,0.0,0.0,0.0,0.0,1.5,18.4,12.6,1.5
2022,000298,Justin Guterding,M,Midfield,last_10,7,2022-06-04,2022-07-30,ATL|CHA|OUT|RED|WAT,WHP,16.0,6.0,6.0,0.0,6.0,10.0,25.0,17,0.0,0.0,0.0,0.0,0.0,0.0,5.0,9.0,2.0,0,0,0,0.0,0.0,1.0,0.5,28.0,166.0,132.0,0.24,0.68,,,,,0.35714285714285715,,2.2857142857142856,0.8571428571428571,0.8571428571428571,0.0,0.8571428571428571,1.4285714285714286,3.5714285714285716,2.4285714285714284,0.0,0.0,0.0,0.0,0.0,0.0,0.7142857142857143,1.2857142857142858,0.2857142857142857,0.0,0.0,0.0,0.0,0.0,0.14285714285714285,0.07142857142857142,4.0,23.714285714285715,18.857142857142858,4.0
2022,000302,Michael Manley,D,Defense,last_10,10,2022-06-10,2022-09-03,ATL|CAN|CHA|RED|WAT|WHP,OUT,3.0,1.0,1.0,0.0,1.0,2.0,7.0,5,4.0,0.0,0.0,0.0,0.0,0.0,18.0,2.0,13.0,0,0,0,0.0,0.0,3.0,3.0,3.0,83.0,74.0,0.14285714285714285,0.7142857142857143,,,,,0.6666666666666666,0.0,0.3,0.1,0.1,0.0,0.1,0.2,0.7,0.5,0.4,0.0,0.0,0.0,0.0,0.0,1.8,0.2,1.3,0.0,0.0,0.0,0.0,0.0,0.3,0.3,0.3,8.3,7.4,0.3
2022,000305,Romar Dennis,M,Midfield,last_10,9,2022-06-11,2022-09-03,ARC|CAN|CHA|RED|WAT|WHP,ATL,12.0,9.0,3.0,3.0,6.0,3.0,31.0,16,17.0,0.0,0.0,0.0,0.0,0.0,1.0,3.0,1.0,0,0,0,0.0,0.0,1.0,0.5,12.0,106.0,72.0,0.1935483870967742,0.5161290322580645,,,,,0.25,0.17647058823529413,1.3333333333333333,1.0,0.3333333333333333,0.3333333333333333,0.6666666666666666,0.3333333333333333,3.4444444444444446,1.7777777777777777,1.8888888888888888,0.0,0.0,0.0,0.0,0.0,0.1111111111111111,0.3333333333333333,0.1111111111111111,0.0,0.0,0.0,0.0,0.0,0.1111111111111111,0.05555555555555555,1.3333333333333333,11.777777777777779,8.0,1.3333333333333333
2022,000308,Will Haus,SSDM,Defensive Midfield,last_10,10,2022-06-10,2022-09-03,ATL|CAN|CHA|RED|WAT|WHP,OUT,4.0,2.0,2.0,0.0,2.0,2.0,7.0,5,1.0,0.0,0.0,0.0,0.0,0.0,16.0,3.0,6.0,0,0,0,0.0,0.0,1.0,0.5,6.0,94.0,84.0,0.2857142857142857,0.7142857142857143,,,,,0.3333333333333333,0.0,0.4,0.2,0.2,0.0,0.2,0.2,0.7,0.5,0.1,0.0,0.0,0.0,0.0,0.0,1.6,0.3,0.6,0.0,0.0,0.0,0.0,0.0,0.1,0.05,0.6,9.4,8.4,0.6
2022,000310,Brent Adams,M,Midfield,last_10,1,2022-06-11,2022-06-11,CAN,ATL,0.0,0.0,0.0,0.0,0.0,0.0,2.0,0,0.0,0.0,0.0,0.0,0.0,0.0,0.0,0.0,0.0,0,0,0,0.0,0.0,0.0,0.0,0.0,7.0,5.0,0.0,0.0,,,,,,,0.0,0.0,0.0,0.0,0.0,0.0,2.0,0.0,0.0,0.0,0.0,0.0,0.0,0.0,0.0,0.0,0.0,0.0,0.0,0.0,0.0,0.0,0.0,0.0,0.0,7.0,5.0,0.0
2022,000314,Eddy Glazener,D,Defense,last_10,9,2022-06-04,2022-08-13,ARC|ATL|CAN|CHA|OUT|WAT|WHP,RED,4.0,4.0,0.0,2.0,2.0,0.0,6.0,6,5.0,0.0,0.0,0.0,0.0,0.0,15.0,2.0,10.0,0,0,0,0.0,0.0,0.0,0.0,2.0,56.0,48.0,0.3333333333333333,1.0,,,,,0.0,0.4,0.4444444444444444,0.4444444444444444,0.0,0.2222222222222222,0.2222222222222222,0.0,0.6666666666666666,0.6666666666666666,0.5555555555555556,0.0,0.0,0.0,0.0,0.0,1.6666666666666667,0.2222222222222222,1.1111111111111112,0.0,0.0,0.0,0.0,0.0,0.0,0.0,0.2222222222222222,6.222222222222222,5.333333333333333,0.2222222222222222
2022,000315,Garrett Epple,D,Defense,last_10,10,2022-06-10,2022-09-03,ARC|ATL|CAN|CHA|OUT|WAT|WHP,RED,0.0,0.0,0.0,0.0,0.0,0.0,1.0,0,1.0,0.0,0.0,0.0,0.0,0.0,18.0,4.0,18.0,0,0,0,0.0,0.0,3.0,3.5,1.0,72.0,67.0,0.0,0.0,,,,,0.0,0.0,0.0,0.0,0.0,0.0,0.0,0.0,0.1,0.0,0.1,0.0,0.0,0.0,0.0,0.0,1.8,0.4,1.8,0.0,0.0,0.0,0.0,0.0,0.3,0.35,0.1,7.2,6.7,0.1
2022,000318,Jack Kelly,G,Goalie,last_10,8,2022-06-04,2022-09-03,ARC|ATL|CAN|CHA|OUT|WAT,RED,0.0,0.0,0.0,0.0,0.0,0.0,1.0,1,1.0,82.0,31.0,51.0,100.0,111.52749336779004,15.0,8.0,5.0,0,0,0,96.0,4.0,0.0,0.0,2.0,109.0,100.0,0.0,1.0,,0.4606741573033708,37.80487804878049,0.17415730337078653,0.0,0.0,0.0,0.0,0.0,0.0,0.0,0.0,0.125,0.125,0.125,10.25,3.875,6.375,12.5,13.940936670973755,1.875,1.0,0.625,0.0,0.0,0.0,12.0,0.5,0.0,0.0,0.25,13.625,12.5,0.25
2022,000319,Jack Near,SSDM,Defensive Midfield,last_10,8,2022-06-04,2022-09-03,ARC|ATL|CAN|CHA|OUT|WAT|WHP,RED,0.0,0.0,0.0,0.0,0.0,0.0,0.0,0,0.0,0.0,0.0,0.0,0.0,0.0,11.0,1.0,0.0,0,0,0,0.0,0.0,0.0,0.0,1.0,52.0,51.0,,,,,,,0.0,,0.0,0.0,0.0,0.0,0.0,0.0,0.0,0.0,0.0,0.0,0.0,0.0,0.0,0.0,1.375,0.125,0.0,0.0,0.0,0.0,0.0,0.0,0.0,0.0,0.125,6.5,6.375,0.125
2022,000322,John Sexton,LSM,Long Stick Midfield,last_10,8,2022-06-24,2022-09-03,ARC|ATL|CAN|CHA|OUT|WAT|WHP,RED,1.0,0.0,0.0,0.0,0.0,1.0,3.0,2,3.0,0.0,0.0,0.0,0.0,0.0,10.0,4.0,3.0,0,1,1,0.0,0.0,0.0,0.0,2.0,27.0,20.0,0.0,0.6666666666666666,0.0,,,,0.5,0.0,0.125,0.0,0.0,0.0,0.0,0.125,0.375,0.25,0.375,0.0,0.0,0.0,0.0,0.0,1.25,0.5,0.375,0.0,0.125,0.125,0.0,0.0,0.0,0.0,0.25,3.375,2.5,0.25
2022,000327,Matt Kavanagh,A,Attack,last_10,10,2022-06-10,2022-09-03,ARC|ATL|CAN|CHA|OUT|WAT|WHP,RED,12.0,8.0,8.0,0.0,8.0,4.0,45.0,27,0.0,0.0,0.0,0.0,0.0,0.0,18.0,14.0,2.0,0,0,0,0.0,0.0,1.0,0.5,28.0,274.0,215.0,0.17777777777777778,0.6,,,,,0.14285714285714285,,1.2,0.8,0.8,0.0,0.8,0.4,4.5,2.7,0.0,0.0,0.0,0.0,0.0,0.0,1.8,1.4,0.2,0.0,0.0,0.0,0.0,0.0,0.1,0.05,2.8,27.4,21.5,2.8
2022,000331,Patrick Harbeson,SSDM,Defensive Midfield,last_10,3,2022-07-01,2022-07-31,ARC|ATL|CHA,RED,1.0,0.0,0.0,0.0,0.0,1.0,1.0,1,0.0,0.0,0.0,0.0,0.0,0.0,2.0,0.0,0.0,0,0,0,0.0,0.0,0.0,0.0,1.0,23.0,22.0,0.0,1.0,,,,,1.0,,0.3333333333333333,0.0,0.0,0.0,0.0,0.3333333333333333,0.3333333333333333,0.3333333333333333,0.0,0.0,0.0,0.0,0.0,0.0,0.6666666666666666,0.0,0.0,0.0,0.0,0.0,0.0,0.0,0.0,0.0,0.3333333333333333,7.666666666666667,7.333333333333333,0.3333333333333333
2022,000333,Sergio Perkovic,M,Midfield,last_10,10,2022-06-04,2022-09-03,ARC|ATL|CAN|CHA|OUT|WAT|WHP,RED,11.0,10.0,6.0,2.0,8.0,1.0,44.0,25,13.0,0.0,0.0,0.0,0.0,0.0,7.0,7.0,4.0,0,0,0,0.0,0.0,3.0,2.5,14.0,206.0,155.0,0.18181818181818182,0.5681818181818182,,,,,0.07142857142857142,0.15384615384615385,1.1,1.0,0.6,0.2,0.8,0.1,4.4,2.5,1.3,0.0,0.0,0.0,0.0,0.0,0.7,0.7,0.4,0.0,0.0,0.0,0.0,0.0,0.3,0.25,1.4,20.6,15.5,1.4
2022,000337,Bryce Young,D,Defense,last_10,10,2022-06-12,2022-09-11,ARC|ATL|CAN|CHA|OUT|RED|WAT,WHP,0.0,0.0,0.0,0.0,0.0,0.0,0.0,0,0.0,0.0,0.0,0.0,0.0,0.0,17.0,3.0,8.0,0,0,0,0.0,0.0,5.0,5.0,2.0,51.0,48.0,,,,,,,0.0,,0.0,0.0,0.0,0.0,0.0,0.0,0.0,0.0,0.0,0.0,0.0,0.0,0.0,0.0,1.7,0.3,0.8,0.0,0.0,0.0,0.0,0.0,0.5,0.5,0.2,5.1,4.8,0.2
2022,000339,Connor Kelly,M,Midfield,last_10,10,2022-06-25,2022-09-18,ARC|ATL|CAN|CHA|OUT|RED|WHP,WAT,24.0,20.0,12.0,4.0,16.0,4.0,55.0,29,15.0,0.0,0.0,0.0,0.0,0.0,14.0,18.0,1.0,0,0,0,0.0,0.0,2.0,1.5,19.0,243.0,170.0,0.2909090909090909,0.5272727272727272,,,,,0.21052631578947367,0.26666666666666666,2.4,2.0,1.2,0.4,1.6,0.4,5.5,2.9,1.5,0.0,0.0,0.0,0.0,0.0,1.4,1.8,0.1,0.0,0.0,0.0,0.0,0.0,0.2,0.15,1.9,24.3,17.0,1.9
2022,000345,Jake Bernhardt,SSDM,Defensive Midfield,last_10,9,2022-06-04,2022-09-11,ARC|ATL|CAN|CHA|OUT|WAT,WHP,2.0,2.0,2.0,0.0,2.0,0.0,3.0,3,0.0,0.0,0.0,0.0,0.0,0.0,5.0,0.0,2.0,0,0,0,0.0,0.0,1.0,0.5,3.0,57.0,54.0,0.6666666666666666,1.0,,,,,0.0,,0.2222222222222222,0.2222222222222222,0.2222222222222222,0.0,0.2222222222222222,0.0,0.3333333333333333,0.3333333333333333,0.0,0.0,0.0,0.0,0.0,0.0,0.5555555555555556,0.0,0.2222222222222222,0.0,0.0,0.0,0.0,0.0,0.1111111111111111,0.05555555555555555,0.3333333333333333,6.333333333333333,6.0,0.3333333333333333
2022,000346,Jay Carlson,A,Attack,last_10,8,2022-06-04,2022-09-11,ARC|ATL|CAN|CHA|RED|WAT,WHP,15.0,11.0,11.0,0.0,11.0,4.0,32.0,24,0.0,0.0,0.0,0.0,0.0,0.0,10.0,11.0,6.0,0,0,0,0.0,0.0,1.0,0.5,9.0,102.0,59.0,0.34375,0.75,,,,,0.4444444444444444,,1.875,1.375,1.375,0.0,1.375,0.5,4.0,3.0,0.0,0.0,0.0,0.0,0.0,0.0,1.25,1.375,0.75,0.0,0.0,0.0,0.0,0.0,0.125,0.0625,1.125,12.75,7.375,1.125
2022,000350,Joseph Nardella,FO,Faceoff,last_10,10,2022-06-12,2022-09-11,ARC|ATL|CAN|CHA|OUT|RED|WAT,WHP,6.0,3.0,3.0,0.0,3.0,3.0,7.0,4,0.0,0.0,0.0,0.0,0.0,0.0,77.0,11.0,0.0,151,82,234,0.0,0.0,2.0,1.5,13.0,105.0,87.0,0.42857142857142855,0.5714285714285714,0.6452991452991453,,,,0.23076923076923078,,0.6,0.3,0.3,0.0,0.3,0.3,0.7,0.4,0.0,0.0,0.0,0.0,0.0,0.0,7.7,1.1,0.0,15.1,8.2,23.4,0.0,0.0,0.2,0.15,1.3,10.5,8.7,1.3
2022,000351,Jules Heningburg,M,Midfield,last_10,9,2022-06-04,2022-09-03,ARC|ATL|CHA|OUT|WAT|WHP,RED,21.0,12.0,12.0,0.0,12.0,9.0,39.0,28,0.0,0.0,0.0,0.0,0.0,0.0,10.0,14.0,1.0,0,0,0,0.0,0.0,0.0,0.0,30.0,219.0,166.0,0.3076923076923077,0.717948717948718,,,,,0.3,,2.3333333333333335,1.3333333333333333,1.3333333333333333,0.0,1.3333333333333333,1.0,4.333333333333333,3.111111111111111,0.0,0.0,0.0,0.0,0.0,0.0,1.1111111111111112,1.5555555555555556,0.1111111111111111,0.0,0.0,0.0,0.0,0.0,0.0,0.0,3.3333333333333335,24.333333333333332,18.444444444444443,3.3333333333333335
2022,000353,Kyle Bernlohr,G,Goalie,last_10,10,2022-06-12,2022-09-11,ARC|ATL|CAN|CHA|OUT|RED|WAT,WHP,0.0,0.0,0.0,0.0,0.0,0.0,1.0,1,1.0,125.0,40.0,85.0,101.0,100.00947867298578,24.0,4.0,5.0,0,0,0,94.0,7.0,0.0,0.0,2.0,158.0,153.0,0.0,1.0,,0.5707762557077626,32.0,0.182648401826484,0.0,0.0,0.0,0.0,0.0,0.0,0.0,0.0,0.1,0.1,0.1,12.5,4.0,8.5,10.1,10.000947867298578,2.4,0.4,0.5,0.0,0.0,0.0,9.4,0.7,0.0,0.0,0.2,15.8,15.3,0.2
2022,000354,Matt Rambo,A,Attack,last_10,10,2022-06-12,2022-09-11,ARC|ATL|CAN|CHA|OUT|RED|WAT,WHP,33.0,22.0,22.0,0.0,22.0,11.0,76.0,46,0.0,0.0,0.0,0.0,0.0,0.0,14.0,31.0,0.0,0,0,0,0.0,0.0,0.0,0.0,60.0,304.0,197.0,0.2894736842105263,0.6052631578947368,,,,,0.18333333333333332,,3.3,2.2,2.2,0.0,2.2,1.1,7.6,4.6,0.0,0.0,0.0,0.0,0.0,0.0,1.4,3.1,0.0,0.0,0.0,0.0,0.0,0.0,0.0,0.0,6.0,30.4,19.7,6.0
2022,000355,Matthew Dunn,D,Defense,last_10,10,2022-06-12,2022-09-11,ARC|ATL|CAN|CHA|OUT|RED|WAT,WHP,0.0,0.0,0.0,0.0,0.0,0.0,0.0,0,0.0,0.0,0.0,0.0,0.0,0.0,11.0,3.0,4.0,0,0,0,0.0,0.0,1.0,0.5,2.0,58.0,55.0,,,,,,,0.0,,0.0,0.0,0.0,0.0,0.0,0.0,0.0,0.0,0.0,0.0,0.0,0.0,0.0,0.0,1.1,0.3,0.4,0.0,0.0,0.0,0.0,0.0,0.1,0.05,0.2,5.8,5.5,0.2
2022,000356,Michael Ehrhardt,LSM,Long Stick Midfield,last_10,10,2022-06-04,2022-09-11,ARC|ATL|CAN|CHA|OUT|RED|WAT,WHP,8.0,6.0,0.0,3.0,3.0,2.0,19.0,11,16.0,0.0,0.0,0.0,0.0,0.0,42.0,9.0,12.0,0,0,0,0.0,0.0,1.0,1.0,3.0,94.0,66.0,0.15789473684210525,0.5789473684210527,,,,,0.6666666666666666,0.1875,0.8,0.6,0.0,0.3,0.3,0.2,1.9,1.1,1.6,0.0,0.0,0.0,0.0,0.0,4.2,0.9,1.2,0.0,0.0,0.0,0.0,0.0,0.1,0.1,0.3,9.4,6.6,0.3
2022,000357,Mike Chanenchuk,M,Midfield,last_10,10,2022-06-12,2022-09-11,ARC|ATL|CAN|CHA|OUT|RED|WAT,WHP,21.0,16.0,12.0,2.0,14.0,5.0,63.0,38,16.0,0.0,0.0,0.0,0.0,0.0,6.0,10.0,0.0,0,0,0,0.0,0.0,0.0,0.0,21.0,284.0,211.0,0.2222222222222222,0.6031746031746031,,,,,0.23809523809523808,0.125,2.1,1.6,1.2,0.2,1.4,0.5,6.3,3.8,1.6,0.0,0.0,0.0,0.0,0.0,0.6,1.0,0.0,0.0,0.0,0.0,0.0,0.0,0.0,0.0,2.1,28.4,21.1,2.1
2022,000358,Ryan Drenner,M,Midfield,last_10,10,2022-06-05,2022-08-21,ARC|ATL|CHA|OUT|RED|WAT|WHP,CAN,20.0,17.0,17.0,0.0,17.0,3.0,51.0,34,3.0,0.0,0.0,0.0,0.0,0.0,8.0,5.0,1.0,0,0,0,0.0,0.0,0.0,0.0,21.0,243.0,187.0,0.3333333333333333,0.6666666666666666,,,,,0.14285714285714285,0.0,2.0,1.7,1.7,0.0,1.7,0.3,5.1,3.4,0.3,0.0,0.0,0.0,0.0,0.0,0.8,0.5,0.1,0.0,0.0,0.0,0.0,0.0,0.0,0.0,2.1,24.3,18.7,2.1
2022,000359,Tim Muller,D,Defense,last_10,10,2022-06-12,2022-09-11,ARC|ATL|CAN|CHA|OUT|RED|WAT,WHP,0.0,0.0,0.0,0.0,0.0,0.0,0.0,0,0.0,0.0,0.0,0.0,0.0,0.0,17.0,2.0,7.0,0,0,0,0.0,0.0,0.0,0.0,2.0,72.0,70.0,,,,,,,0.0,,0.0,0.0,0.0,0.0,0.0,0.0,0.0,0.0,0.0,0.0,0.0,0.0,0.0,0.0,1.7,0.2,0.7,0.0,0.0,0.0,0.0,0.0,0.0,0.0,0.2,7.2,7.0,0.2
2022,000361,Tyler Warner,SSDM,Defensive Midfield,last_10,10,2022-06-04,2022-09-11,ARC|ATL|CAN|CHA|OUT|RED|WAT,WHP,1.0,1.0,1.0,0.0,1.0,0.0,1.0,1,0.0,0.0,0.0,0.0,0.0,0.0,21.0,1.0,6.0,0,0,0,0.0,0.0,0.0,0.0,6.0,78.0,76.0,1.0,1.0,,,,,0.0,,0.1,0.1,0.1,0.0,0.1,0.0,0.1,0.1,0.0,0.0,0.0,0.0,0.0,0.0,2.1,0.1,0.6,0.0,0.0,0.0,0.0,0.0,0.0,0.0,0.6,7.8,7.6,0.6
2022,000363,Ryan Conrad,M,Midfield,last_10,10,2022-06-25,2022-09-18,ARC|ATL|CAN|CHA|OUT|RED|WHP,WAT,26.0,17.0,15.0,1.0,16.0,9.0,37.0,28,2.0,0.0,0.0,0.0,0.0,0.0,5.0,12.0,1.0,0,0,0,0.0,0.0,2.0,1.0,23.0,191.0,142.0,0.43243243243243246,0.7567567567567568,,,,,0.391304347826087,0.5,2.6,1.7,1.5,0.1,1.6,0.9,3.7,2.8,0.2,0.0,0.0,0.0,0.0,0.0,0.5,1.2,0.1,0.0,0.0,0.0,0.0,0.0,0.2,0.1,2.3,19.1,14.2,2.3
2022,000365,Jack Rowlett,D,Defense,last_10,10,2022-06-25,2022-09-18,ARC|ATL|CAN|OUT|RED|WAT|WHP,CHA,1.0,1.0,1.0,0.0,1.0,0.0,3.0,2,2.0,0.0,0.0,0.0,0.0,0.0,16.0,2.0,9.0,2,9,11,0.0,0.0,3.0,2.0,2.0,61.0,56.0,0.3333333333333333,0.6666666666666666,0.18181818181818182,,,,0.0,0.0,0.1,0.1,0.1,0.0,0.1,0.0,0.3,0.2,0.2,0.0,0.0,0.0,0.0,0.0,1.6,0.2,0.9,0.2,0.9,1.1,0.0,0.0,0.3,0.2,0.2,6.1,5.6,0.2
2022,000366,Connor Farrell,FO,Faceoff,last_10,10,2022-06-10,2022-09-03,ATL|CAN|CHA|RED|WAT|WHP,OUT,2.0,2.0,2.0,0.0,2.0,0.0,10.0,5,2.0,0.0,0.0,0.0,0.0,0.0,85.0,9.0,1.0,128,98,227,0.0,0.0,1.0,1.0,0.0,74.0,55.0,0.2,0.5,0.5638766519823789,,,,,0.0,0.2,0.2,0.2,0.0,0.2,0.0,1.0,0.5,0.2,0.0,0.0,0.0,0.0,0.0,8.5,0.9,0.1,12.8,9.8,22.7,0.0,0.0,0.1,0.1,0.0,7.4,5.5,0.0
2022,000368,Chris Sabia,LSM,Long Stick Midfield,last_10,10,2022-06-25,2022-09-18,ARC|ATL|CAN|CHA|OUT|RED|WHP,WAT,4.0,0.0,0.0,0.0,0.0,4.0,2.0,2,1.0,0.0,0.0,0.0,0.0,0.0,16.0,2.0,7.0,0,0,0,0.0,0.0,3.0,2.5,4.0,36.0,32.0,0.0,1.0,,,,,1.0,0.0,0.4,0.0,0.0,0.0,0.0,0.4,0.2,0.2,0.1,0.0,0.0,0.0,0.0,0.0,1.6,0.2,0.7,0.0,0.0,0.0,0.0,0.0,0.3,0.25,0.4,3.6,3.2,0.4
2022,000369,Clarke Petterson,A,Attack,last_10,2,2022-08-21,2022-09-03,CHA|WAT,ATL,4.0,2.0,2.0,0.0,2.0,2.0,4.0,2,0.0,0.0,0.0,0.0,0.0,0.0,1.0,1.0,0.0,0,0,0,0.0,0.0,0.0,0.0,2.0,17.0,12.0,0.5,0.5,,,,,1.0,,2.0,1.0,1.0,0.0,1.0,1.0,2.0,1.0,0.0,0.0,0.0,0.0,0.0,0.0,0.5,0.5,0.0,0.0,0.0,0.0,0.0,0.0,0.0,0.0,1.0,8.5,6.0,1.0
2022,000370,Tim Troutner,G,Goalie,last_10,4,2022-06-04,2022-06-24,ATL|CHA|OUT|WHP,RED,0.0,0.0,0.0,0.0,0.0,0.0,0.0,0,0.0,20.0,10.0,10.0,37.0,42.72320217096336,11.0,1.0,2.0,0,0,0,36.0,1.0,0.0,0.0,0.0,47.0,46.0,,,,0.35714285714285715,50.0,0.17857142857142858,,,0.0,0.0,0.0,0.0,0.0,0.0,0.0,0.0,0.0,5.0,2.5,2.5,9.25,10.68080054274084,2.75,0.25,0.5,0.0,0.0,0.0,9.0,0.25,0.0,0.0,0.0,11.75,11.5,0.0
2022,000373,Ryder Garnsey,A,Attack,last_10,10,2022-06-10,2022-09-03,ARC|ATL|CAN|CHA|OUT|WAT|WHP,RED,25.0,20.0,20.0,0.0,20.0,5.0,52.0,36,1.0,0.0,0.0,0.0,0.0,0.0,15.0,15.0,0.0,0,0,0,0.0,0.0,3.0,2.5,16.0,251.0,184.0,0.38461538461538464,0.6923076923076923,,,,,0.3125,0.0,2.5,2.0,2.0,0.0,2.0,0.5,5.2,3.6,0.1,0.0,0.0,0.0,0.0,0.0,1.5,1.5,0.0,0.0,0.0,0.0,0.0,0.0,0.3,0.25,1.6,25.1,18.4,1.6
2022,000376,Cade van Raaphorst,D,Defense,last_10,10,2022-06-11,2022-09-03,ARC|CAN|CHA|OUT|RED|WAT|WHP,ATL,7.0,6.0,0.0,3.0,3.0,1.0,13.0,8,11.0,0.0,0.0,0.0,0.0,0.0,26.0,6.0,10.0,0,0,0,0.0,0.0,3.0,2.0,3.0,71.0,52.0,0.23076923076923078,0.6153846153846154,,,,,0.3333333333333333,0.2727272727272727,0.7,0.6,0.0,0.3,0.3,0.1,1.3,0.8,1.1,0.0,0.0,0.0,0.0,0.0,2.6,0.6,1.0,0.0,0.0,0.0,0.0,0.0,0.3,0.2,0.3,7.1,5.2,0.3
2022,000385,Wes Berg,A,Attack,last_10,4,2022-06-11,2022-08-06,ARC|OUT|RED|WAT,CHA,6.0,3.0,3.0,0.0,3.0,3.0,10.0,7,0.0,0.0,0.0,0.0,0.0,0.0,2.0,5.0,1.0,0,0,0,0.0,0.0,0.0,0.0,5.0,58.0,43.0,0.3,0.7,,,,,0.6,,1.5,0.75,0.75,0.0,0.75,0.75,2.5,1.75,0.0,0.0,0.0,0.0,0.0,0.0,0.5,1.25,0.25,0.0,0.0,0.0,0.0,0.0,0.0,0.0,1.25,14.5,10.75,1.25
2022,000390,Brad Smith,M,Midfield,last_10,10,2022-06-12,2022-09-11,ARC|ATL|CAN|CHA|OUT|RED|WAT,WHP,25.0,16.0,14.0,1.0,15.0,9.0,56.0,40,5.0,0.0,0.0,0.0,0.0,0.0,11.0,12.0,1.0,0,0,0,0.0,0.0,0.0,0.0,31.0,238.0,170.0,0.26785714285714285,0.7142857142857143,,,,,0.2903225806451613,0.2,2.5,1.6,1.4,0.1,1.5,0.9,5.6,4.0,0.5,0.0,0.0,0.0,0.0,0.0,1.1,1.2,0.1,0.0,0.0,0.0,0.0,0.0,0.0,0.0,3.1,23.8,17.0,3.1
2022,000391,Grant Ament,A,Attack,last_10,7,2022-07-24,2022-09-11,ATL|CAN|CHA|RED|WAT|WHP,ARC,19.0,6.0,4.0,1.0,5.0,13.0,28.0,19,3.0,0.0,0.0,0.0,0.0,0.0,7.0,11.0,0.0,0,0,0,0.0,0.0,0.0,0.0,45.0,268.0,229.0,0.17857142857142858,0.6785714285714286,,,,,0.28888888888888886,0.3333333333333333,2.7142857142857144,0.8571428571428571,0.5714285714285714,0.14285714285714285,0.7142857142857143,1.8571428571428572,4.0,2.7142857142857144,0.42857142857142855,0.0,0.0,0.0,0.0,0.0,1.0,1.5714285714285714,0.0,0.0,0.0,0.0,0.0,0.0,0.0,0.0,6.428571428571429,38.285714285714285,32.714285714285715,6.428571428571429
2022,000395,Bryan Costabile,M,Midfield,last_10,10,2022-06-11,2022-09-03,ARC|CAN|CHA|OUT|RED|WAT|WHP,ATL,18.0,12.0,10.0,1.0,11.0,6.0,68.0,40,13.0,0.0,0.0,0.0,0.0,0.0,18.0,19.0,2.0,0,0,0,0.0,0.0,0.0,0.0,23.0,297.0,210.0,0.16176470588235295,0.5882352941176471,,,,,0.2608695652173913,0.07692307692307693,1.8,1.2,1.0,0.1,1.1,0.6,6.8,4.0,1.3,0.0,0.0,0.0,0.0,0.0,1.8,1.9,0.2,0.0,0.0,0.0,0.0,0.0,0.0,0.0,2.3,29.7,21.0,2.3
2022,000405,Jesse Bernhardt,D,Defense,last_10,10,2022-06-10,2022-09-03,ATL|CAN|CHA|RED|WAT|WHP,OUT,0.0,0.0,0.0,0.0,0.0,0.0,1.0,1,1.0,0.0,0.0,0.0,0.0,0.0,23.0,4.0,6.0,0,0,0,0.0,0.0,1.0,1.0,4.0,84.0,79.0,0.0,1.0,,,,,0.0,0.0,0.0,0.0,0.0,0.0,0.0,0.0,0.1,0.1,0.1,0.0,0.0,0.0,0.0,0.0,2.3,0.4,0.6,0.0,0.0,0.0,0.0,0.0,0.1,0.1,0.4,8.4,7.9,0.4
2022,000406,Craig Chick,LSM,Long Stick Midfield,last_10,10,2022-06-11,2022-09-03,ARC|CAN|CHA|OUT|RED|WAT|WHP,ATL,2.0,1.0,1.0,0.0,1.0,1.0,5.0,3,0.0,0.0,0.0,0.0,0.0,0.0,42.0,3.0,12.0,0,3,3,0.0,0.0,1.0,1.0,4.0,60.0,52.0,0.2,0.6,0.0,,,,0.25,,0.2,0.1,0.1,0.0,0.1,0.1,0.5,0.3,0.0,0.0,0.0,0.0,0.0,0.0,4.2,0.3,1.2,0.0,0.3,0.3,0.0,0.0,0.1,0.1,0.4,6.0,5.2,0.4
2022,000407,TJ Comizio,,,last_10,1,2022-06-11,2022-06-11,ARC,CHA,1.0,1.0,1.0,0.0,1.0,0.0,1.0,1,0.0,0.0,0.0,0.0,0.0,0.0,1.0,0.0,0.0,0,0,0,0.0,0.0,0.0,0.0,2.0,6.0,5.0,1.0,1.0,,,,,0.0,,1.0,1.0,1.0,0.0,1.0,0.0,1.0,1.0,0.0,0.0,0.0,0.0,0.0,0.0,1.0,0.0,0.0,0.0,0.0,0.0,0.0,0.0,0.0,0.0,2.0,6.0,5.0,2.0
2022,000408,Matt DeLuca,G,Goalie,last_10,6,2022-06-05,2022-08-21,ARC|CAN|CHA|OUT|WHP,WAT,0.0,0.0,0.0,0.0,0.0,0.0,0.0,0,0.0,46.0,17.0,29.0,59.0,114.42447311086207,9.0,1.0,0.0,0,0,0,58.0,1.0,0.0,0.0,1.0,45.0,44.0,,,,0.4423076923076923,36.95652173913043,0.16346153846153846,0.0,,0.0,0.0,0.0,0.0,0.0,0.0,0.0,0.0,0.0,7.666666666666667,2.8333333333333335,4.833333333333333,9.833333333333334,19.07074551847701,1.5,0.16666666666666666,0.0,0.0,0.0,0.0,9.666666666666666,0.16666666666666666,0.0,0.0,0.16666666666666666,7.5,7.333333333333333,0.16666666666666666
2022,000409,Zach Currier,M,Midfield,last_10,10,2022-06-25,2022-09-18,ARC|ATL|CAN|CHA|OUT|RED|WHP,WAT,20.0,10.0,10.0,0.0,10.0,10.0,28.0,17,2.0,0.0,0.0,0.0,0.0,0.0,54.0,17.0,7.0,1,10,11,0.0,0.0,4.0,4.5,31.0,258.0,213.0,0.35714285714285715,0.6071428571428571,0.09090909090909091,,,,0.3225806451612903,0.0,2.0,1.0,1.0,0.0,1.0,1.0,2.8,1.7,0.2,0.0,0.0,0.0,0.0,0.0,5.4,1.7,0.7,0.1,1.0,1.1,0.0,0.0,0.4,0.45,3.1,25.8,21.3,3.1
2022,000410,Eli Gobrecht,D,Defense,last_10,10,2022-06-25,2022-09-18,ARC|ATL|CAN|CHA|OUT|RED|WHP,WAT,1.0,0.0,0.0,0.0,0.0,1.0,2.0,1,1.0,0.0,0.0,0.0,0.0,0.0,25.0,2.0,6.0,0,0,0,0.0,0.0,2.0,2.0,1.0,64.0,60.0,0.0,0.5,,,,,1.0,0.0,0.1,0.0,0.0,0.0,0.0,0.1,0.2,0.1,0.1,0.0,0.0,0.0,0.0,0.0,2.5,0.2,0.6,0.0,0.0,0.0,0.0,0.0,0.2,0.2,0.1,6.4,6.0,0.1
2022,000411,Christian Mazzone,M,Midfield,last_10,1,2022-06-05,2022-06-05,CAN,WAT,0.0,0.0,0.0,0.0,0.0,0.0,0.0,0,0.0,0.0,0.0,0.0,0.0,0.0,3.0,0.0,0.0,0,0,0,0.0,0.0,0.0,0.0,2.0,6.0,6.0,,,,,,,0.0,,0.0,0.0,0.0,0.0,0.0,0.0,0.0,0.0,0.0,0.0,0.0,0.0,0.0,0.0,3.0,0.0,0.0,0.0,0.0,0.0,0.0,0.0,0.0,0.0,2.0,6.0,6.0,2.0
2022,000414,Rob Pannell,A,Attack,last_10,10,2022-06-10,2022-09-03,ARC|ATL|CAN|CHA|OUT|WAT|WHP,RED,39.0,18.0,18.0,0.0,18.0,21.0,52.0,31,3.0,0.0,0.0,0.0,0.0,0.0,12.0,21.0,2.0,0,0,0,0.0,0.0,0.0,0.0,61.0,353.0,280.0,0.34615384615384615,0.5961538461538461,,,,,0.3442622950819672,0.0,3.9,1.8,1.8,0.0,1.8,2.1,5.2,3.1,0.3,0.0,0.0,0.0,0.0,0.0,1.2,2.1,0.2,0.0,0.0,0.0,0.0,0.0,0.0,0.0,6.1,35.3,28.0,6.1
2022,000416,Ryland Rees,LSM,Long Stick Midfield,last_10,10,2022-06-17,2022-09-18,ATL|CAN|CHA|OUT|RED|WHP,WAT,7.0,7.0,3.0,2.0,5.0,0.0,13.0,7,8.0,0.0,0.0,0.0,0.0,0.0,24.0,2.0,7.0,0,0,0,0.0,0.0,1.0,0.5,4.0,54.0,39.0,0.38461538461538464,0.5384615384615384,,,,,0.0,0.25,0.7,0.7,0.3,0.2,0.5,0.0,1.3,0.7,0.8,0.0,0.0,0.0,0.0,0.0,2.4,0.2,0.7,0.0,0.0,0.0,0.0,0.0,0.1,0.05,0.4,5.4,3.9,0.4
2022,000417,Finn Sullivan,D,Defense,last_10,7,2022-06-04,2022-09-03,ARC|ATL|CHA|OUT|WAT,RED,0.0,0.0,0.0,0.0,0.0,0.0,0.0,0,0.0,0.0,0.0,0.0,0.0,0.0,7.0,4.0,7.0,0,0,0,0.0,0.0,2.0,2.0,0.0,32.0,28.0,,,,,,,,,0.0,0.0,0.0,0.0,0.0,0.0,0.0,0.0,0.0,0.0,0.0,0.0,0.0,0.0,1.0,0.5714285714285714,1.0,0.0,0.0,0.0,0.0,0.0,0.2857142857142857,0.2857142857142857,0.0,4.571428571428571,4.0,0.0
2022,000418,Dillon Ward,G,Goalie,last_10,9,2022-07-03,2022-09-18,ARC|ATL|CAN|CHA|OUT|RED|WHP,WAT,1.0,0.0,0.0,0.0,0.0,1.0,0.0,0,0.0,116.0,22.0,94.0,107.0,110.41368579701461,19.0,5.0,6.0,0,0,0,101.0,6.0,0.0,0.0,4.0,104.0,99.0,,,,0.5345622119815668,18.96551724137931,0.10138248847926268,0.25,,0.1111111111111111,0.0,0.0,0.0,0.0,0.1111111111111111,0.0,0.0,0.0,12.88888888888889,2.4444444444444446,10.444444444444445,11.88888888888889,12.268187310779401,2.111111111111111,0.5555555555555556,0.6666666666666666,0.0,0.0,0.0,11.222222222222221,0.6666666666666666,0.0,0.0,0.4444444444444444,11.555555555555555,11.0,0.4444444444444444
2022,000419,Zed Williams,A,Attack,last_10,8,2022-06-24,2022-09-11,ARC|ATL|CAN|CHA|OUT|RED|WAT,WHP,23.0,15.0,15.0,0.0,15.0,8.0,54.0,33,1.0,0.0,0.0,0.0,0.0,0.0,18.0,18.0,0.0,0,0,0,0.0,0.0,1.0,0.5,32.0,238.0,166.0,0.2777777777777778,0.6111111111111112,,,,,0.25,0.0,2.875,1.875,1.875,0.0,1.875,1.0,6.75,4.125,0.125,0.0,0.0,0.0,0.0,0.0,2.25,2.25,0.0,0.0,0.0,0.0,0.0,0.0,0.125,0.0625,4.0,29.75,20.75,4.0
2022,000422,Eli Salama,LSM,Long Stick Midfield,last_10,10,2022-06-10,2022-09-03,ATL|CAN|CHA|RED|WAT|WHP,OUT,4.0,3.0,3.0,0.0,3.0,1.0,10.0,7,4.0,0.0,0.0,0.0,0.0,0.0,19.0,3.0,2.0,0,0,0,0.0,0.0,3.0,3.0,2.0,54.0,41.0,0.3,0.7,,,,,0.5,0.0,0.4,0.3,0.3,0.0,0.3,0.1,1.0,0.7,0.4,0.0,0.0,0.0,0.0,0.0,1.9,0.3,0.2,0.0,0.0,0.0,0.0,0.0,0.3,0.3,0.2,5.4,4.1,0.2
2022,000424,Jake Pulver,D,Defense,last_10,10,2022-06-05,2022-08-21,ARC|ATL|CHA|OUT|RED|WAT|WHP,CAN,1.0,1.0,1.0,0.0,1.0,0.0,5.0,3,3.0,0.0,0.0,0.0,0.0,0.0,14.0,9.0,14.0,0,8,8,0.0,0.0,0.0,0.0,1.0,57.0,43.0,0.2,0.6,0.0,,,,0.0,0.0,0.1,0.1,0.1,0.0,0.1,0.0,0.5,0.3,0.3,0.0,0.0,0.0,0.0,0.0,1.4,0.9,1.4,0.0,0.8,0.8,0.0,0.0,0.0,0.0,0.1,5.7,4.3,0.1
2022,000427,Jake Withers,FO,Faceoff,last_10,9,2022-06-05,2022-09-18,ARC|ATL|CAN|CHA|OUT|RED|WHP,WAT,1.0,1.0,1.0,0.0,1.0,0.0,6.0,3,0.0,0.0,0.0,0.0,0.0,0.0,47.0,3.0,5.0,110,114,226,0.0,0.0,2.0,1.0,4.0,46.0,37.0,0.16666666666666666,0.5,0.48672566371681414,,,,0.0,,0.1111111111111111,0.1111111111111111,0.1111111111111111,0.0,0.1111111111111111,0.0,0.6666666666666666,0.3333333333333333,0.0,0.0,0.0,0.0,0.0,0.0,5.222222222222222,0.3333333333333333,0.5555555555555556,12.222222222222221,12.666666666666666,25.11111111111111,0.0,0.0,0.2222222222222222,0.1111111111111111,0.4444444444444444,5.111111111111111,4.111111111111111,0.4444444444444444
2022,000434,Matt Abbott,SSDM,Defensive Midfield,last_10,5,2022-06-25,2022-08-06,ARC|CHA|OUT|RED|WAT,CAN,0.0,0.0,0.0,0.0,0.0,0.0,3.0,1,1.0,0.0,0.0,0.0,0.0,0.0,9.0,1.0,1.0,0,0,0,0.0,0.0,1.0,0.5,1.0,32.0,28.0,0.0,0.3333333333333333,,,,,0.0,0.0,0.0,0.0,0.0,0.0,0.0,0.0,0.6,0.2,0.2,0.0,0.0,0.0,0.0,0.0,1.8,0.2,0.2,0.0,0.0,0.0,0.0,0.0,0.2,0.1,0.2,6.4,5.6,0.2
2022,000700,Tommy Palasek,A,Attack,last_10,2,2022-06-04,2022-06-18,RED|WHP,CHA,2.0,0.0,0.0,0.0,0.0,2.0,3.0,2,0.0,0.0,0.0,0.0,0.0,0.0,1.0,4.0,0.0,0,0,0,0.0,0.0,0.0,0.0,4.0,52.0,45.0,0.0,0.6666666666666666,,,,,0.5,,1.0,0.0,0.0,0.0,0.0,1.0,1.5,1.0,0.0,0.0,0.0,0.0,0.0,0.0,0.5,2.0,0.0,0.0,0.0,0.0,0.0,0.0,0.0,0.0,2.0,26.0,22.5,2.0
2022,000727,CJ Costabile,LSM,Long Stick Midfield,last_10,10,2022-06-25,2022-09-18,ARC|ATL|CAN|OUT|RED|WAT|WHP,CHA,5.0,4.0,4.0,0.0,4.0,1.0,18.0,10,9.0,0.0,0.0,0.0,0.0,0.0,20.0,2.0,2.0,11,11,22,0.0,0.0,5.0,3.5,5.0,57.0,37.0,0.2222222222222222,0.5555555555555556,0.5,,,,0.2,0.0,0.5,0.4,0.4,0.0,0.4,0.1,1.8,1.0,0.9,0.0,0.0,0.0,0.0,0.0,2.0,0.2,0.2,1.1,1.1,2.2,0.0,0.0,0.5,0.35,0.5,5.7,3.7,0.5
2022,000823,Mark Cockerton,A,Attack,last_10,3,2022-07-31,2022-08-21,RED|WAT|WHP,CAN,6.0,6.0,6.0,0.0,6.0,0.0,26.0,12,0.0,0.0,0.0,0.0,0.0,0.0,0.0,3.0,0.0,0,0,0,0.0,0.0,0.0,0.0,1.0,59.0,30.0,0.23076923076923078,0.46153846153846156,,,,,0.0,,2.0,2.0,2.0,0.0,2.0,0.0,8.666666666666666,4.0,0.0,0.0,0.0,0.0,0.0,0.0,0.0,1.0,0.0,0.0,0.0,0.0,0.0,0.0,0.0,0.0,0.3333333333333333,19.666666666666668,10.0,0.3333333333333333
2022,000886,Lyle Thompson,A,Attack,last_10,9,2022-06-05,2022-08-21,ARC|CHA|OUT|RED|WAT|WHP,CAN,44.0,26.0,26.0,0.0,26.0,18.0,66.0,42,0.0,0.0,0.0,0.0,0.0,0.0,22.0,25.0,5.0,0,0,0,0.0,0.0,1.0,0.5,56.0,283.0,192.0,0.3939393939393939,0.6363636363636364,,,,,0.32142857142857145,,4.888888888888889,2.888888888888889,2.888888888888889,0.0,2.888888888888889,2.0,7.333333333333333,4.666666666666667,0.0,0.0,0.0,0.0,0.0,0.0,2.4444444444444446,2.7777777777777777,0.5555555555555556,0.0,0.0,0.0,0.0,0.0,0.1111111111111111,0.05555555555555555,6.222222222222222,31.444444444444443,21.333333333333332,6.222222222222222
2022,000921,Challen Rogers,M,Midfield,last_10,10,2022-06-18,2022-09-18,ARC|ATL|CAN|OUT|RED|WAT|WHP,CHA,18.0,13.0,13.0,0.0,13.0,5.0,27.0,17,0.0,0.0,0.0,0.0,0.0,0.0,14.0,20.0,2.0,0,0,0,0.0,0.0,1.0,0.5,33.0,194.0,147.0,0.48148148148148145,0.6296296296296297,,,,,0.15151515151515152,,1.8,1.3,1.3,0.0,1.3,0.5,2.7,1.7,0.0,0.0,0.0,0.0,0.0,0.0,1.4,2.0,0.2,0.0,0.0,0.0,0.0,0.0,0.1,0.05,3.3,19.4,14.7,3.3
2022,000922,Graeme Hossack,D,Defense,last_10,10,2022-06-18,2022-09-11,ATL|CAN|CHA|RED|WAT|WHP,ARC,0.0,0.0,0.0,0.0,0.0,0.0,2.0,2,1.0,0.0,0.0,0.0,0.0,0.0,34.0,2.0,16.0,3,22,26,0.0,0.0,4.0,3.0,2.0,73.0,69.0,0.0,1.0,0.11538461538461539,,,,0.0,0.0,0.0,0.0,0.0,0.0,0.0,0.0,0.2,0.2,0.1,0.0,0.0,0.0,0.0,0.0,3.4,0.2,1.6,0.3,2.2,2.6,0.0,0.0,0.4,0.3,0.2,7.3,6.9,0.2
2022,000925,Liam Byrnes,D,Defense,last_10,10,2022-06-25,2022-09-18,ARC|ATL|CAN|CHA|OUT|RED|WHP,WAT,0.0,0.0,0.0,0.0,0.0,0.0,4.0,2,2.0,0.0,0.0,0.0,0.0,0.0,27.0,5.0,15.0,0,0,0,0.0,0.0,2.0,1.0,5.0,86.0,77.0,0.0,0.5,,,,,0.0,0.0,0.0,0.0,0.0,0.0,0.0,0.0,0.4,0.2,0.2,0.0,0.0,0.0,0.0,0.0,2.7,0.5,1.5,0.0,0.0,0.0,0.0,0.0,0.2,0.1,0.5,8.6,7.7,0.5
2022,000929,Matthew Hossack,LSM,Long Stick Midfield,last_10,2,2022-06-17,2022-08-21,ARC|OUT,WAT,0.0,0.0,0.0,0.0,0.0,0.0,1.0,1,1.0,0.0,0.0,0.0,0.0,0.0,2.0,0.0,2.0,0,3,3,0.0,0.0,0.0,0.0,0.0,6.0,5.0,0.0,1.0,0.0,,,,,0.0,0.0,0.0,0.0,0.0,0.0,0.0,0.5,0.5,0.5,0.0,0.0,0.0,0.0,0.0,1.0,0.0,1.0,0.0,1.5,1.5,0.0,0.0,0.0,0.0,0.0,3.0,2.5,0.0
2022,000946,Bryan Cole,M,Midfield,last_10,9,2022-06-04,2022-09-11,ARC|ATL|CHA|OUT|RED|WAT,WHP,13.0,6.0,6.0,0.0,6.0,7.0,27.0,15,0.0,0.0,0.0,0.0,0.0,0.0,6.0,11.0,0.0,0,0,0,0.0,0.0,1.0,1.0,23.0,199.0,161.0,0.2222222222222222,0.5555555555555556,,,,,0.30434782608695654,,1.4444444444444444,0.6666666666666666,0.6666666666666666,0.0,0.6666666666666666,0.7777777777777778,3.0,1.6666666666666667,0.0,0.0,0.0,0.0,0.0,0.0,0.6666666666666666,1.2222222222222223,0.0,0.0,0.0,0.0,0.0,0.0,0.1111111111111111,0.1111111111111111,2.5555555555555554,22.11111111111111,17.88888888888889,2.5555555555555554
2022,000960,Shayne Jackson,A,Attack,last_10,3,2022-06-05,2022-06-18,ARC|ATL|WAT,CAN,4.0,3.0,3.0,0.0,3.0,1.0,18.0,14,0.0,0.0,0.0,0.0,0.0,0.0,2.0,5.0,0.0,0,0,0,0.0,0.0,1.0,0.5,2.0,44.0,21.0,0.16666666666666666,0.7777777777777778,,,,,0.5,,1.3333333333333333,1.0,1.0,0.0,1.0,0.3333333333333333,6.0,4.666666666666667,0.0,0.0,0.0,0.0,0.0,0.0,0.6666666666666666,1.6666666666666667,0.0,0.0,0.0,0.0,0.0,0.0,0.3333333333333333,0.16666666666666666,0.6666666666666666,14.666666666666666,7.0,0.6666666666666666
2022,000978,Kyle Jackson,M,Midfield,last_10,10,2022-06-18,2022-09-18,ARC|ATL|CAN|OUT|RED|WAT|WHP,CHA,10.0,8.0,8.0,0.0,8.0,2.0,26.0,14,0.0,0.0,0.0,0.0,0.0,0.0,11.0,7.0,0.0,0,0,0,0.0,0.0,0.0,0.0,12.0,167.0,134.0,0.3076923076923077,0.5384615384615384,,,,,0.16666666666666666,,1.0,0.8,0.8,0.0,0.8,0.2,2.6,1.4,0.0,0.0,0.0,0.0,0.0,0.0,1.1,0.7,0.0,0.0,0.0,0.0,0.0,0.0,0.0,0.0,1.2,16.7,13.4,1.2
2022,001001,Dylan Molloy,A,Attack,last_10,10,2022-06-10,2022-09-03,ATL|CAN|CHA|RED|WAT|WHP,OUT,21.0,12.0,12.0,0.0,12.0,9.0,48.0,35,1.0,0.0,0.0,0.0,0.0,0.0,15.0,19.0,2.0,0,0,0,0.0,0.0,0.0,0.0,27.0,329.0,262.0,0.25,0.7291666666666666,,,,,0.3333333333333333,0.0,2.1,1.2,1.2,0.0,1.2,0.9,4.8,3.5,0.1,0.0,0.0,0.0,0.0,0.0,1.5,1.9,0.2,0.0,0.0,0.0,0.0,0.0,0.0,0.0,2.7,32.9,26.2,2.7
2022,001009,Colin Heacock,M,Midfield,last_10,10,2022-06-10,2022-09-03,ATL|CAN|CHA|RED|WAT|WHP,OUT,6.0,4.0,4.0,0.0,4.0,2.0,31.0,13,1.0,0.0,0.0,0.0,0.0,0.0,11.0,10.0,0.0,0,0,0,0.0,0.0,1.0,1.0,14.0,193.0,152.0,0.12903225806451613,0.41935483870967744,,,,,0.14285714285714285,0.0,0.6,0.4,0.4,0.0,0.4,0.2,3.1,1.3,0.1,0.0,0.0,0.0,0.0,0.0,1.1,1.0,0.0,0.0,0.0,0.0,0.0,0.0,0.1,0.1,1.4,19.3,15.2,1.4
2022,001010,Isaiah Davis-Allen,SSDM,Defensive Midfield,last_10,10,2022-06-10,2022-09-03,ARC|ATL|CAN|CHA|OUT|WAT|WHP,RED,0.0,0.0,0.0,0.0,0.0,0.0,0.0,0,0.0,0.0,0.0,0.0,0.0,0.0,6.0,4.0,0.0,1,7,8,0.0,0.0,1.0,0.5,4.0,78.0,74.0,,,0.125,,,,0.0,,0.0,0.0,0.0,0.0,0.0,0.0,0.0,0.0,0.0,0.0,0.0,0.0,0.0,0.0,0.6,0.4,0.0,0.1,0.7,0.8,0.0,0.0,0.1,0.05,0.4,7.8,7.4,0.4
2022,001020,Mike Messenger,SSDM,Defensive Midfield,last_10,10,2022-06-10,2022-09-03,ATL|CAN|CHA|RED|WAT|WHP,OUT,5.0,5.0,5.0,0.0,5.0,0.0,9.0,6,1.0,0.0,0.0,0.0,0.0,0.0,12.0,6.0,8.0,4,15,19,0.0,0.0,3.0,2.5,4.0,53.0,38.0,0.5555555555555556,0.6666666666666666,0.21052631578947367,,,,0.0,0.0,0.5,0.5,0.5,0.0,0.5,0.0,0.9,0.6,0.1,0.0,0.0,0.0,0.0,0.0,1.2,0.6,0.8,0.4,1.5,1.9,0.0,0.0,0.3,0.25,0.4,5.3,3.8,0.4
2022,001391,Mikie Schlosser,M,Midfield,last_10,8,2022-06-05,2022-09-11,ARC|ATL|CAN|OUT|RED|WHP,WAT,7.0,7.0,3.0,2.0,5.0,0.0,23.0,14,4.0,0.0,0.0,0.0,0.0,0.0,5.0,8.0,0.0,0,0,0,0.0,0.0,0.0,0.0,7.0,117.0,86.0,0.21739130434782608,0.6086956521739131,,,,,0.0,0.5,0.875,0.875,0.375,0.25,0.625,0.0,2.875,1.75,0.5,0.0,0.0,0.0,0.0,0.0,0.625,1.0,0.0,0.0,0.0,0.0,0.0,0.0,0.0,0.0,0.875,14.625,10.75,0.875
2022,001397,Michael Rexrode,D,Defense,last_10,10,2022-06-11,2022-09-03,ARC|CAN|CHA|OUT|RED|WAT|WHP,ATL,0.0,0.0,0.0,0.0,0.0,0.0,0.0,0,0.0,0.0,0.0,0.0,0.0,0.0,21.0,3.0,7.0,0,0,0,0.0,0.0,1.0,0.5,0.0,51.0,48.0,,,,,,,,,0.0,0.0,0.0,0.0,0.0,0.0,0.0,0.0,0.0,0.0,0.0,0.0,0.0,0.0,2.1,0.3,0.7,0.0,0.0,0.0,0.0,0.0,0.1,0.05,0.0,5.1,4.8,0.0
2022,001402,Max Adler,FO,Faceoff,last_10,7,2022-07-31,2022-09-18,ARC|ATL|OUT|RED|WAT,CHA,1.0,0.0,0.0,0.0,0.0,1.0,3.0,2,0.0,0.0,0.0,0.0,0.0,0.0,37.0,9.0,0.0,72,78,151,0.0,0.0,2.0,1.0,3.0,33.0,21.0,0.0,0.6666666666666666,0.4768211920529801,,,,0.3333333333333333,,0.14285714285714285,0.0,0.0,0.0,0.0,0.14285714285714285,0.42857142857142855,0.2857142857142857,0.0,0.0,0.0,0.0,0.0,0.0,5.285714285714286,1.2857142857142858,0.0,10.285714285714286,11.142857142857142,21.571428571428573,0.0,0.0,0.2857142857142857,0.14285714285714285,0.42857142857142855,4.714285714285714,3.0,0.42857142857142855
2022,001406,Ben Randall,D,Defense,last_10,10,2022-06-25,2022-09-18,ARC|ATL|CAN|CHA|OUT|RED|WHP,WAT,2.0,1.0,1.0,0.0,1.0,1.0,4.0,4,1.0,0.0,0.0,0.0,0.0,0.0,21.0,7.0,10.0,0,0,0,0.0,0.0,0.0,0.0,3.0,65.0,54.0,0.25,1.0,,,,,0.3333333333333333,0.0,0.2,0.1,0.1,0.0,0.1,0.1,0.4,0.4,0.1,0.0,0.0,0.0,0.0,0.0,2.1,0.7,1.0,0.0,0.0,0.0,0.0,0.0,0.0,0.0,0.3,6.5,5.4,0.3
2022,001414,Scott Hooper,D,Defense,last_10,1,2022-06-05,2022-06-05,WAT,CAN,0.0,0.0,0.0,0.0,0.0,0.0,0.0,0,0.0,0.0,0.0,0.0,0.0,0.0,1.0,0.0,2.0,0,0,0,0.0,0.0,0.0,0.0,0.0,2.0,2.0,,,,,,,,,0.0,0.0,0.0,0.0,0.0,0.0,0.0,0.0,0.0,0.0,0.0,0.0,0.0,0.0,1.0,0.0,2.0,0.0,0.0,0.0,0.0,0.0,0.0,0.0,0.0,2.0,2.0,0.0
2022,001417,Bryce Wasserman,A,Attack,last_10,2,2022-06-04,2022-06-11,ARC|WHP,CHA,1.0,0.0,0.0,0.0,0.0,1.0,2.0,1,0.0,0.0,0.0,0.0,0.0,0.0,0.0,3.0,0.0,0,0,0,0.0,0.0,0.0,0.0,2.0,33.0,28.0,0.0,0.5,,,,,0.5,,0.5,0.0,0.0,0.0,0.0,0.5,1.0,0.5,0.0,0.0,0.0,0.0,0.0,0.0,0.0,1.5,0.0,0.0,0.0,0.0,0.0,0.0,0.0,0.0,1.0,16.5,14.0,1.0
2022,001427,Nick Marrocco,G,Goalie,last_10,9,2022-06-05,2022-08-13,ARC|ATL|CHA|OUT|RED|WAT,CAN,0.0,0.0,0.0,0.0,0.0,0.0,2.0,2,2.0,123.0,49.0,74.0,129.0,128.6796232519601,23.0,0.0,3.0,0,0,0,124.0,5.0,1.0,1.0,3.0,151.0,149.0,0.0,1.0,,0.4979757085020243,39.83739837398374,0.19838056680161945,0.0,0.0,0.0,0.0,0.0,0.0,0.0,0.0,0.2222222222222222,0.2222222222222222,0.2222222222222222,13.666666666666666,5.444444444444445,8.222222222222221,14.333333333333334,14.297735916884456,2.5555555555555554,0.0,0.3333333333333333,0.0,0.0,0.0,13.777777777777779,0.5555555555555556,0.1111111111111111,0.1111111111111111,0.3333333333333333,16.77777777777778,16.555555555555557,0.3333333333333333
2022,001657,Brendan Bomberry,A,Attack,last_10,3,2022-06-05,2022-06-18,ARC|ATL|WAT,CAN,1.0,1.0,1.0,0.0,1.0,0.0,8.0,3,0.0,0.0,0.0,0.0,0.0,0.0,1.0,2.0,0.0,0,0,0,0.0,0.0,0.0,0.0,0.0,26.0,16.0,0.125,0.375,,,,,,,0.3333333333333333,0.3333333333333333,0.3333333333333333,0.0,0.3333333333333333,0.0,2.6666666666666665,1.0,0.0,0.0,0.0,0.0,0.0,0.0,0.3333333333333333,0.6666666666666666,0.0,0.0,0.0,0.0,0.0,0.0,0.0,0.0,0.0,8.666666666666666,5.333333333333333,0.0
2022,001662,Andrew Kew,A,Attack,last_10,1,2022-06-11,2022-06-11,ARC,CHA,0.0,0.0,0.0,0.0,0.0,0.0,4.0,0,1.0,0.0,0.0,0.0,0.0,0.0,2.0,1.0,0.0,0,0,0,0.0,0.0,0.0,0.0,1.0,15.0,10.0,0.0,0.0,,,,,0.0,0.0,0.0,0.0,0.0,0.0,0.0,0.0,4.0,0.0,1.0,0.0,0.0,0.0,0.0,0.0,2.0,1.0,0.0,0.0,0.0,0.0,0.0,0.0,0.0,0.0,1.0,15.0,10.0,1.0
2022,001671,Zach Goodrich,SSDM,Defensive Midfield,last_10,10,2022-06-05,2022-08-21,ARC|ATL|CHA|OUT|RED|WAT|WHP,CAN,1.0,1.0,1.0,0.0,1.0,0.0,6.0,3,1.0,0.0,0.0,0.0,0.0,0.0,9.0,2.0,6.0,0,0,0,0.0,0.0,5.0,3.5,4.0,82.0,74.0,0.16666666666666666,0.5,,,,,0.0,0.0,0.1,0.1,0.1,0.0,0.1,0.0,0.6,0.3,0.1,0.0,0.0,0.0,0.0,0.0,0.9,0.2,0.6,0.0,0.0,0.0,0.0,0.0,0.5,0.35,0.4,8.2,7.4,0.4
2022,001707,Matt Whitcher,SSDM,Defensive Midfield,last_10,10,2022-06-25,2022-09-18,ARC|ATL|CAN|CHA|OUT|RED|WHP,WAT,2.0,2.0,2.0,0.0,2.0,0.0,6.0,4,1.0,0.0,0.0,0.0,0.0,0.0,9.0,2.0,4.0,0,0,0,0.0,0.0,1.0,0.5,3.0,66.0,58.0,0.3333333333333333,0.6666666666666666,,,,,0.0,0.0,0.2,0.2,0.2,0.0,0.2,0.0,0.6,0.4,0.1,0.0,0.0,0.0,0.0,0.0,0.9,0.2,0.4,0.0,0.0,0.0,0.0,0.0,0.1,0.05,0.3,6.6,5.8,0.3
2022,001724,Sean Sconone,G,Goalie,last_10,10,2022-06-10,2022-09-03,ATL|CAN|CHA|RED|WAT|WHP,OUT,1.0,0.0,0.0,0.0,0.0,1.0,0.0,0,0.0,116.0,39.0,77.0,103.0,102.03688944708047,17.0,3.0,3.0,0,0,0,97.0,6.0,0.0,0.0,7.0,138.0,135.0,,,,0.5446009389671361,33.62068965517241,0.18309859154929578,0.14285714285714285,,0.1,0.0,0.0,0.0,0.0,0.1,0.0,0.0,0.0,11.6,3.9,7.7,10.3,10.203688944708047,1.7,0.3,0.3,0.0,0.0,0.0,9.7,0.6,0.0,0.0,0.7,13.8,13.5,0.7
2022,001727,Bradley Voigt,A,Attack,last_10,1,2022-06-04,2022-06-04,WHP,CHA,1.0,1.0,1.0,0.0,1.0,0.0,3.0,2,0.0,0.0,0.0,0.0,0.0,0.0,0.0,1.0,0.0,0,0,0,0.0,0.0,0.0,0.0,0.0,9.0,5.0,0.3333333333333333,0.6666666666666666,,,,,,,1.0,1.0,1.0,0.0,1.0,0.0,3.0,2.0,0.0,0.0,0.0,0.0,0.0,0.0,0.0,1.0,0.0,0.0,0.0,0.0,0.0,0.0,0.0,0.0,0.0,9.0,5.0,0.0
2022,001729,Chris Aslanian,M,Midfield,last_10,5,2022-06-12,2022-08-21,OUT|RED|WAT|WHP,CAN|WHP,9.0,4.0,4.0,0.0,4.0,5.0,20.0,12,4.0,0.0,0.0,0.0,0.0,0.0,6.0,4.0,0.0,0,0,0,0.0,0.0,0.0,0.0,11.0,101.0,77.0,0.2,0.6,,,,,0.45454545454545453,0.0,1.8,0.8,0.8,0.0,0.8,1.0,4.0,2.4,0.8,0.0,0.0,0.0,0.0,0.0,1.2,0.8,0.0,0.0,0.0,0.0,0.0,0.0,0.0,0.0,2.2,20.2,15.4,2.2
2022,001740,Andrew Newbold,LSM,Long Stick Midfield,last_10,4,2022-07-31,2022-08-21,OUT|RED|WAT|WHP,CAN,1.0,1.0,1.0,0.0,1.0,0.0,3.0,2,1.0,0.0,0.0,0.0,0.0,0.0,0.0,0.0,1.0,0,3,3,0.0,0.0,0.0,0.0,2.0,9.0,6.0,0.3333333333333333,0.6666666666666666,0.0,,,,0.0,0.0,0.25,0.25,0.25,0.0,0.25,0.0,0.75,0.5,0.25,0.0,0.0,0.0,0.0,0.0,0.0,0.0,0.25,0.0,0.75,0.75,0.0,0.0,0.0,0.0,0.5,2.25,1.5,0.5
2022,001746,Daniel Bucaro,M,Midfield,last_10,10,2022-06-04,2022-09-03,ARC|CAN|CHA|OUT|RED|WAT|WHP,ATL,12.0,9.0,9.0,0.0,9.0,3.0,36.0,20,0.0,0.0,0.0,0.0,0.0,0.0,5.0,10.0,1.0,0,0,0,0.0,0.0,0.0,0.0,9.0,117.0,71.0,0.25,0.5555555555555556,,,,,0.3333333333333333,,1.2,0.9,0.9,0.0,0.9,0.3,3.6,2.0,0.0,0.0,0.0,0.0,0.0,0.0,0.5,1.0,0.1,0.0,0.0,0.0,0.0,0.0,0.0,0.0,0.9,11.7,7.1,0.9
2022,001760,Pat Aslanian,SSDM,Defensive Midfield,last_10,3,2022-08-06,2022-08-21,OUT|RED|WHP,CAN,0.0,0.0,0.0,0.0,0.0,0.0,1.0,0,0.0,0.0,0.0,0.0,0.0,0.0,0.0,1.0,2.0,0,0,0,0.0,0.0,0.0,0.0,1.0,12.0,10.0,0.0,0.0,,,,,0.0,,0.0,0.0,0.0,0.0,0.0,0.0,0.3333333333333333,0.0,0.0,0.0,0.0,0.0,0.0,0.0,0.0,0.3333333333333333,0.6666666666666666,0.0,0.0,0.0,0.0,0.0,0.0,0.0,0.3333333333333333,4.0,3.3333333333333335,0.3333333333333333
2022,001763,Alex Woodall,FO,Faceoff,last_10,4,2022-06-05,2022-07-24,ARC|CHA|OUT|WAT,CAN,1.0,0.0,0.0,0.0,0.0,1.0,0.0,0,0.0,0.0,0.0,0.0,0.0,0.0,12.0,2.0,0.0,23,27,50,0.0,0.0,0.0,0.0,1.0,12.0,10.0,,,0.46,,,,1.0,,0.25,0.0,0.0,0.0,0.0,0.25,0.0,0.0,0.0,0.0,0.0,0.0,0.0,0.0,3.0,0.5,0.0,5.75,6.75,12.5,0.0,0.0,0.0,0.0,0.25,3.0,2.5,0.25
2022,001766,Holden Garlent,D,Defense,last_10,10,2022-06-05,2022-08-21,ARC|ATL|CHA|OUT|RED|WAT|WHP,CAN,2.0,2.0,0.0,1.0,1.0,0.0,3.0,2,3.0,0.0,0.0,0.0,0.0,0.0,23.0,6.0,9.0,0,0,0,0.0,0.0,4.0,2.5,0.0,52.0,43.0,0.3333333333333333,0.6666666666666666,,,,,,0.3333333333333333,0.2,0.2,0.0,0.1,0.1,0.0,0.3,0.2,0.3,0.0,0.0,0.0,0.0,0.0,2.3,0.6,0.9,0.0,0.0,0.0,0.0,0.0,0.4,0.25,0.0,5.2,4.3,0.0
2022,001773,Nick Washuta,G,Goalie,last_10,2,2022-06-11,2022-06-18,CAN|CHA,ARC,0.0,0.0,0.0,0.0,0.0,0.0,0.0,0,0.0,0.0,0.0,0.0,1.0,480.0,0.0,1.0,0.0,0,0,0,1.0,0.0,0.0,0.0,0.0,2.0,1.0,,,,0.0,,0.0,,,0.0,0.0,0.0,0.0,0.0,0.0,0.0,0.0,0.0,0.0,0.0,0.0,0.5,240.0,0.0,0.5,0.0,0.0,0.0,0.0,0.5,0.0,0.0,0.0,0.0,1.0,0.5,0.0
2022,001793,Chase Fraser,A,Attack,last_10,10,2022-06-25,2022-09-18,ARC|ATL|CAN|OUT|RED|WAT|WHP,CHA,15.0,14.0,14.0,0.0,14.0,1.0,49.0,29,0.0,0.0,0.0,0.0,0.0,0.0,16.0,24.0,4.0,0,0,0,0.0,0.0,3.0,3.5,11.0,270.0,197.0,0.2857142857142857,0.5918367346938775,,,,,0.09090909090909091,,1.5,1.4,1.4,0.0,1.4,0.1,4.9,2.9,0.0,0.0,0.0,0.0,0.0,0.0,1.6,2.4,0.4,0.0,0.0,0.0,0.0,0.0,0.3,0.35,1.1,27.0,19.7,1.1
2022,001795,Christian Scarpello,SSDM,Defensive Midfield,last_10,9,2022-06-05,2022-09-18,ATL|CAN|CHA|OUT|WHP,WAT,2.0,0.0,0.0,0.0,0.0,2.0,0.0,0,0.0,0.0,0.0,0.0,0.0,0.0,4.0,2.0,4.0,0,0,0,0.0,0.0,1.0,0.5,3.0,55.0,53.0,,,,,,,0.6666666666666666,,0.2222222222222222,0.0,0.0,0.0,0.0,0.2222222222222222,0.0,0.0,0.0,0.0,0.0,0.0,0.0,0.0,0.4444444444444444,0.2222222222222222,0.4444444444444444,0.0,0.0,0.0,0.0,0.0,0.1111111111111111,0.05555555555555555,0.3333333333333333,6.111111111111111,5.888888888888889,0.3333333333333333
2022,001796,Latrell Harris,SSDM,Defensive Midfield,last_10,10,2022-06-18,2022-09-11,ATL|CAN|CHA|RED|WAT|WHP,ARC,3.0,2.0,2.0,0.0,2.0,1.0,2.0,2,0.0,0.0,0.0,0.0,0.0,0.0,20.0,3.0,8.0,0,0,0,0.0,0.0,2.0,2.0,7.0,64.0,59.0,1.0,1.0,,,,,0.14285714285714285,,0.3,0.2,0.2,0.0,0.2,0.1,0.2,0.2,0.0,0.0,0.0,0.0,0.0,0.0,2.0,0.3,0.8,0.0,0.0,0.0,0.0,0.0,0.2,0.2,0.7,6.4,5.9,0.7
2022,001797,JD Colarusso,G,Goalie,last_10,3,2022-06-04,2022-09-03,ARC|RED|WAT,ATL,0.0,0.0,0.0,0.0,0.0,0.0,0.0,0,0.0,7.0,3.0,4.0,12.0,27.457943925233643,4.0,1.0,0.0,0,0,0,10.0,2.0,0.0,0.0,0.0,10.0,9.0,,,,0.4117647058823529,42.857142857142854,0.17647058823529413,,,0.0,0.0,0.0,0.0,0.0,0.0,0.0,0.0,0.0,2.3333333333333335,1.0,1.3333333333333333,4.0,9.152647975077882,1.3333333333333333,0.3333333333333333,0.0,0.0,0.0,0.0,3.3333333333333335,0.6666666666666666,0.0,0.0,0.0,3.3333333333333335,3.0,0.0
2022,001809,Jeff Teat,A,Attack,last_10,10,2022-06-11,2022-09-03,ARC|CAN|CHA|OUT|RED|WAT|WHP,ATL,38.0,21.0,19.0,1.0,20.0,17.0,50.0,32,1.0,0.0,0.0,0.0,0.0,0.0,18.0,20.0,2.0,0,0,0,0.0,0.0,0.0,0.0,74.0,365.0,295.0,0.4,0.64,,,,,0.22972972972972974,1.0,3.8,2.1,1.9,0.1,2.0,1.7,5.0,3.2,0.1,0.0,0.0,0.0,0.0,0.0,1.8,2.0,0.2,0.0,0.0,0.0,0.0,0.0,0.0,0.0,7.4,36.5,29.5,7.4
2022,001810,Michael Sowers,A,Attack,last_10,10,2022-06-25,2022-09-18,ARC|ATL|CAN|CHA|OUT|RED|WHP,WAT,36.0,26.0,26.0,0.0,26.0,10.0,63.0,44,2.0,0.0,0.0,0.0,0.0,0.0,7.0,14.0,0.0,0,0,0,0.0,0.0,1.0,1.0,55.0,264.0,187.0,0.4126984126984127,0.6984126984126984,,,,,0.18181818181818182,0.0,3.6,2.6,2.6,0.0,2.6,1.0,6.3,4.4,0.2,0.0,0.0,0.0,0.0,0.0,0.7,1.4,0.0,0.0,0.0,0.0,0.0,0.0,0.1,0.1,5.5,26.4,18.7,5.5
2022,001811,JT Giles-Harris,D,Defense,last_10,10,2022-06-10,2022-09-03,ATL|CAN|CHA|RED|WAT|WHP,OUT,0.0,0.0,0.0,0.0,0.0,0.0,1.0,0,0.0,0.0,0.0,0.0,0.0,0.0,22.0,5.0,10.0,0,0,0,0.0,0.0,1.0,1.0,0.0,77.0,71.0,0.0,0.0,,,,,,,0.0,0.0,0.0,0.0,0.0,0.0,0.1,0.0,0.0,0.0,0.0,0.0,0.0,0.0,2.2,0.5,1.0,0.0,0.0,0.0,0.0,0.0,0.1,0.1,0.0,7.7,7.1,0.0
2022,001812,TD Ierlan,FO,Faceoff,last_10,10,2022-06-10,2022-09-03,ARC|ATL|CAN|CHA|OUT|WAT|WHP,RED,2.0,1.0,1.0,0.0,1.0,1.0,7.0,3,0.0,0.0,0.0,0.0,0.0,0.0,79.0,9.0,4.0,137,108,248,0.0,0.0,2.0,1.5,4.0,83.0,67.0,0.14285714285714285,0.42857142857142855,0.5524193548387096,,,,0.25,,0.2,0.1,0.1,0.0,0.1,0.1,0.7,0.3,0.0,0.0,0.0,0.0,0.0,0.0,7.9,0.9,0.4,13.7,10.8,24.8,0.0,0.0,0.2,0.15,0.4,8.3,6.7,0.4
2022,001813,Jared Conners,LSM,Long Stick Midfield,last_10,10,2022-06-18,2022-09-11,ATL|CAN|CHA|RED|WAT|WHP,ARC,1.0,0.0,0.0,0.0,0.0,1.0,5.0,3,2.0,0.0,0.0,0.0,0.0,0.0,21.0,7.0,6.0,0,2,2,0.0,0.0,3.0,2.5,4.0,47.0,35.0,0.0,0.6,0.0,,,,0.25,0.0,0.1,0.0,0.0,0.0,0.0,0.1,0.5,0.3,0.2,0.0,0.0,0.0,0.0,0.0,2.1,0.7,0.6,0.0,0.2,0.2,0.0,0.0,0.3,0.25,0.4,4.7,3.5,0.4
2022,001814,Mac O'Keefe,M,Midfield,last_10,10,2022-06-25,2022-09-18,ARC|ATL|CAN|OUT|RED|WAT|WHP,CHA,12.0,11.0,9.0,1.0,10.0,1.0,32.0,19,6.0,0.0,0.0,0.0,0.0,0.0,3.0,5.0,0.0,0,0,0,0.0,0.0,0.0,0.0,9.0,143.0,106.0,0.3125,0.59375,,,,,0.1111111111111111,0.16666666666666666,1.2,1.1,0.9,0.1,1.0,0.1,3.2,1.9,0.6,0.0,0.0,0.0,0.0,0.0,0.3,0.5,0.0,0.0,0.0,0.0,0.0,0.0,0.0,0.0,0.9,14.3,10.6,0.9
2022,001815,Connor Kirst,SSDM,Defensive Midfield,last_10,10,2022-06-12,2022-09-11,ARC|ATL|CAN|CHA|OUT|RED|WAT,WHP,9.0,8.0,6.0,1.0,7.0,1.0,20.0,15,5.0,0.0,0.0,0.0,0.0,0.0,17.0,5.0,6.0,0,0,0,0.0,0.0,1.0,0.5,5.0,103.0,78.0,0.35,0.75,,,,,0.2,0.2,0.9,0.8,0.6,0.1,0.7,0.1,2.0,1.5,0.5,0.0,0.0,0.0,0.0,0.0,1.7,0.5,0.6,0.0,0.0,0.0,0.0,0.0,0.1,0.05,0.5,10.3,7.8,0.5
2022,001816,Dox Aitken,M,Midfield,last_10,9,2022-06-04,2022-09-03,ARC|CHA|OUT|RED|WAT|WHP,ATL,11.0,9.0,9.0,0.0,9.0,2.0,26.0,20,1.0,0.0,0.0,0.0,0.0,0.0,9.0,11.0,1.0,0,0,0,0.0,0.0,0.0,0.0,16.0,160.0,123.0,0.34615384615384615,0.7692307692307693,,,,,0.125,0.0,1.2222222222222223,1.0,1.0,0.0,1.0,0.2222222222222222,2.888888888888889,2.2222222222222223,0.1111111111111111,0.0,0.0,0.0,0.0,0.0,1.0,1.2222222222222223,0.1111111111111111,0.0,0.0,0.0,0.0,0.0,0.0,0.0,1.7777777777777777,17.77777777777778,13.666666666666666,1.7777777777777777
2022,001817,Jack Kielty,D,Defense,last_10,10,2022-06-05,2022-08-21,ARC|ATL|CHA|OUT|RED|WAT|WHP,CAN,0.0,0.0,0.0,0.0,0.0,0.0,0.0,0,0.0,0.0,0.0,0.0,0.0,0.0,12.0,4.0,7.0,0,0,0,0.0,0.0,1.0,1.0,0.0,67.0,63.0,,,,,,,,,0.0,0.0,0.0,0.0,0.0,0.0,0.0,0.0,0.0,0.0,0.0,0.0,0.0,0.0,1.2,0.4,0.7,0.0,0.0,0.0,0.0,0.0,0.1,0.1,0.0,6.7,6.3,0.0
2022,001818,Jake Carraway,A,Attack,last_10,2,2022-06-26,2022-07-02,ARC|OUT,ATL,1.0,1.0,1.0,0.0,1.0,0.0,8.0,5,2.0,0.0,0.0,0.0,0.0,0.0,1.0,0.0,0.0,0,0,0,0.0,0.0,0.0,0.0,3.0,33.0,25.0,0.125,0.625,,,,,0.0,0.0,0.5,0.5,0.5,0.0,0.5,0.0,4.0,2.5,1.0,0.0,0.0,0.0,0.0,0.0,0.5,0.0,0.0,0.0,0.0,0.0,0.0,0.0,0.0,0.0,1.5,16.5,12.5,1.5
2022,001819,Danny Logan,SSDM,Defensive Midfield,last_10,10,2022-06-11,2022-09-03,ARC|CAN|CHA|OUT|RED|WAT|WHP,ATL,10.0,8.0,2.0,3.0,5.0,2.0,10.0,6,7.0,0.0,0.0,0.0,0.0,0.0,18.0,4.0,4.0,2,8,10,0.0,0.0,3.0,2.0,10.0,98.0,84.0,0.5,0.6,0.2,,,,0.2,0.42857142857142855,1.0,0.8,0.2,0.3,0.5,0.2,1.0,0.6,0.7,0.0,0.0,0.0,0.0,0.0,1.8,0.4,0.4,0.2,0.8,1.0,0.0,0.0,0.3,0.2,1.0,9.8,8.4,1.0
2022,001820,Ryan Terefenko,SSDM,Defensive Midfield,last_10,10,2022-06-10,2022-09-03,ATL|CAN|CHA|RED|WAT|WHP,OUT,5.0,2.0,2.0,0.0,2.0,3.0,5.0,3,0.0,0.0,0.0,0.0,0.0,0.0,22.0,6.0,6.0,0,0,0,0.0,0.0,1.0,1.0,7.0,118.0,107.0,0.4,0.6,,,,,0.42857142857142855,,0.5,0.2,0.2,0.0,0.2,0.3,0.5,0.3,0.0,0.0,0.0,0.0,0.0,0.0,2.2,0.6,0.6,0.0,0.0,0.0,0.0,0.0,0.1,0.1,0.7,11.8,10.7,0.7
2022,001821,Tre Leclaire,M,Midfield,last_10,10,2022-06-11,2022-09-11,ATL|CAN|CHA|RED|WAT|WHP,ARC,9.0,7.0,7.0,0.0,7.0,2.0,23.0,13,1.0,0.0,0.0,0.0,0.0,0.0,7.0,2.0,1.0,0,0,0,0.0,0.0,0.0,0.0,4.0,117.0,92.0,0.30434782608695654,0.5652173913043478,,,,,0.5,0.0,0.9,0.7,0.7,0.0,0.7,0.2,2.3,1.3,0.1,0.0,0.0,0.0,0.0,0.0,0.7,0.2,0.1,0.0,0.0,0.0,0.0,0.0,0.0,0.0,0.4,11.7,9.2,0.4
2022,001823,Tanner Cook,M,Midfield,last_10,5,2022-06-04,2022-08-06,ARC|OUT|RED|WAT|WHP,CHA,3.0,2.0,2.0,0.0,2.0,1.0,7.0,6,0.0,0.0,0.0,0.0,0.0,0.0,3.0,5.0,0.0,0,0,0,0.0,0.0,1.0,2.0,7.0,72.0,60.0,0.2857142857142857,0.8571428571428571,,,,,0.14285714285714285,,0.6,0.4,0.4,0.0,0.4,0.2,1.4,1.2,0.0,0.0,0.0,0.0,0.0,0.0,0.6,1.0,0.0,0.0,0.0,0.0,0.0,0.0,0.2,0.4,1.4,14.4,12.0,1.4
2022,001824,Ryan Tierney,M,Midfield,last_10,7,2022-06-05,2022-08-21,ARC|ATL|OUT|WAT|WHP,CAN,5.0,5.0,5.0,0.0,5.0,0.0,14.0,10,1.0,0.0,0.0,0.0,0.0,0.0,6.0,8.0,0.0,0,0,0,0.0,0.0,1.0,1.0,6.0,87.0,65.0,0.35714285714285715,0.7142857142857143,,,,,0.0,0.0,0.7142857142857143,0.7142857142857143,0.7142857142857143,0.0,0.7142857142857143,0.0,2.0,1.4285714285714286,0.14285714285714285,0.0,0.0,0.0,0.0,0.0,0.8571428571428571,1.1428571428571428,0.0,0.0,0.0,0.0,0.0,0.0,0.14285714285714285,0.14285714285714285,0.8571428571428571,12.428571428571429,9.285714285714286,0.8571428571428571
2022,001825,Peter Dearth,SSDM,Defensive Midfield,last_10,10,2022-06-04,2022-09-03,ARC|CHA|OUT|RED|WAT|WHP,ATL,3.0,1.0,1.0,0.0,1.0,2.0,5.0,4,0.0,0.0,0.0,0.0,0.0,0.0,10.0,5.0,4.0,0,0,0,0.0,0.0,2.0,1.5,4.0,46.0,36.0,0.2,0.8,,,,,0.5,,0.3,0.1,0.1,0.0,0.1,0.2,0.5,0.4,0.0,0.0,0.0,0.0,0.0,0.0,1.0,0.5,0.4,0.0,0.0,0.0,0.0,0.0,0.2,0.15,0.4,4.6,3.6,0.4
2022,001826,Jeff Trainor,M,Midfield,last_10,5,2022-06-05,2022-08-06,ATL|CHA|OUT|RED|WHP,ARC,4.0,4.0,2.0,1.0,3.0,0.0,8.0,5,2.0,0.0,0.0,0.0,0.0,0.0,5.0,0.0,3.0,0,0,0,0.0,0.0,1.0,0.5,4.0,48.0,40.0,0.375,0.625,,,,,0.0,0.5,0.8,0.8,0.4,0.2,0.6,0.0,1.6,1.0,0.4,0.0,0.0,0.0,0.0,0.0,1.0,0.0,0.6,0.0,0.0,0.0,0.0,0.0,0.2,0.1,0.8,9.6,8.0,0.8
2022,001828,Justin Anderson,M,Midfield,last_10,10,2022-06-10,2022-09-03,ATL|CAN|CHA|RED|WAT|WHP,OUT,22.0,17.0,15.0,1.0,16.0,5.0,46.0,30,4.0,0.0,0.0,0.0,0.0,0.0,12.0,10.0,1.0,0,0,0,0.0,0.0,2.0,1.0,22.0,237.0,181.0,0.34782608695652173,0.6521739130434783,,,,,0.22727272727272727,0.25,2.2,1.7,1.5,0.1,1.6,0.5,4.6,3.0,0.4,0.0,0.0,0.0,0.0,0.0,1.2,1.0,0.1,0.0,0.0,0.0,0.0,0.0,0.2,0.1,2.2,23.7,18.1,2.2
2022,001831,Colin Squires,LSM,Long Stick Midfield,last_10,10,2022-06-12,2022-09-11,ARC|ATL|CAN|CHA|OUT|RED|WAT,WHP,0.0,0.0,0.0,0.0,0.0,0.0,0.0,0,0.0,0.0,0.0,0.0,0.0,0.0,21.0,3.0,5.0,2,10,12,0.0,0.0,0.0,0.0,1.0,30.0,27.0,,,0.16666666666666666,,,,0.0,,0.0,0.0,0.0,0.0,0.0,0.0,0.0,0.0,0.0,0.0,0.0,0.0,0.0,0.0,2.1,0.3,0.5,0.2,1.0,1.2,0.0,0.0,0.0,0.0,0.1,3.0,2.7,0.1
2022,001832,Charlie Bertrand,M,Midfield,last_10,10,2022-06-10,2022-09-03,ARC|ATL|CAN|CHA|OUT|WAT|WHP,RED,20.0,19.0,19.0,0.0,19.0,1.0,47.0,34,2.0,0.0,0.0,0.0,0.0,0.0,4.0,15.0,2.0,0,0,0,0.0,0.0,1.0,0.5,13.0,174.0,112.0,0.40425531914893614,0.723404255319149,,,,,0.07692307692307693,0.0,2.0,1.9,1.9,0.0,1.9,0.1,4.7,3.4,0.2,0.0,0.0,0.0,0.0,0.0,0.4,1.5,0.2,0.0,0.0,0.0,0.0,0.0,0.1,0.05,1.3,17.4,11.2,1.3
2022,001833,Stephen Rehfuss,M,Midfield,last_10,10,2022-06-05,2022-08-21,ARC|ATL|CHA|OUT|RED|WAT|WHP,CAN,14.0,6.0,6.0,0.0,6.0,8.0,29.0,17,0.0,0.0,0.0,0.0,0.0,0.0,9.0,16.0,0.0,0,0,0,0.0,0.0,0.0,0.0,44.0,277.0,232.0,0.20689655172413793,0.5862068965517241,,,,,0.18181818181818182,,1.4,0.6,0.6,0.0,0.6,0.8,2.9,1.7,0.0,0.0,0.0,0.0,0.0,0.0,0.9,1.6,0.0,0.0,0.0,0.0,0.0,0.0,0.0,0.0,4.4,27.7,23.2,4.4
2022,001835,Ethan Walker,A,Attack,last_10,10,2022-06-17,2022-09-18,ATL|CAN|CHA|OUT|RED|WHP,WAT,18.0,13.0,13.0,0.0,13.0,5.0,32.0,19,0.0,0.0,0.0,0.0,0.0,0.0,15.0,9.0,1.0,0,0,0,0.0,0.0,1.0,0.5,35.0,262.0,221.0,0.40625,0.59375,,,,,0.14285714285714285,,1.8,1.3,1.3,0.0,1.3,0.5,3.2,1.9,0.0,0.0,0.0,0.0,0.0,0.0,1.5,0.9,0.1,0.0,0.0,0.0,0.0,0.0,0.1,0.05,3.5,26.2,22.1,3.5
2022,001836,Jackson Morrill,M,Midfield,last_10,10,2022-06-10,2022-09-03,ATL|CAN|CHA|RED|WAT|WHP,OUT,7.0,4.0,4.0,0.0,4.0,3.0,12.0,9,0.0,0.0,0.0,0.0,0.0,0.0,3.0,10.0,0.0,0,0,0,0.0,0.0,2.0,1.0,18.0,135.0,113.0,0.3333333333333333,0.75,,,,,0.16666666666666666,,0.7,0.4,0.4,0.0,0.4,0.3,1.2,0.9,0.0,0.0,0.0,0.0,0.0,0.0,0.3,1.0,0.0,0.0,0.0,0.0,0.0,0.0,0.2,0.1,1.8,13.5,11.3,1.8
2022,001838,Ryan Smith,M,Midfield,last_10,10,2022-06-11,2022-09-18,ARC|CAN|OUT|RED|WAT|WHP,CHA,13.0,7.0,7.0,0.0,7.0,6.0,16.0,11,0.0,0.0,0.0,0.0,0.0,0.0,2.0,4.0,0.0,0,0,0,0.0,0.0,0.0,0.0,23.0,154.0,134.0,0.4375,0.6875,,,,,0.2608695652173913,,1.3,0.7,0.7,0.0,0.7,0.6,1.6,1.1,0.0,0.0,0.0,0.0,0.0,0.0,0.2,0.4,0.0,0.0,0.0,0.0,0.0,0.0,0.0,0.0,2.3,15.4,13.4,2.3
2022,001839,Nick Grill,LSM,Long Stick Midfield,last_10,10,2022-06-10,2022-09-03,ATL|CAN|CHA|RED|WAT|WHP,OUT,0.0,0.0,0.0,0.0,0.0,0.0,0.0,0,0.0,0.0,0.0,0.0,0.0,0.0,9.0,2.0,4.0,0,0,0,0.0,0.0,1.0,0.5,1.0,29.0,27.0,,,,,,,0.0,,0.0,0.0,0.0,0.0,0.0,0.0,0.0,0.0,0.0,0.0,0.0,0.0,0.0,0.0,0.9,0.2,0.4,0.0,0.0,0.0,0.0,0.0,0.1,0.05,0.1,2.9,2.7,0.1
2022,001843,Cole Williams,M,Midfield,last_10,5,2022-07-30,2022-09-03,CAN|CHA|RED|WHP,OUT,7.0,5.0,5.0,0.0,5.0,2.0,12.0,9,0.0,0.0,0.0,0.0,0.0,0.0,3.0,3.0,0.0,0,0,0,0.0,0.0,1.0,1.0,10.0,73.0,58.0,0.4166666666666667,0.75,,,,,0.2,,1.4,1.0,1.0,0.0,1.0,0.4,2.4,1.8,0.0,0.0,0.0,0.0,0.0,0.0,0.6,0.6,0.0,0.0,0.0,0.0,0.0,0.0,0.2,0.2,2.0,14.6,11.6,2.0
2022,001846,Adam Charalambides,A,Attack,last_10,3,2022-06-25,2022-07-24,ARC|CHA|OUT,CAN,3.0,3.0,3.0,0.0,3.0,0.0,17.0,11,0.0,0.0,0.0,0.0,0.0,0.0,4.0,4.0,0.0,0,0,0,0.0,0.0,0.0,0.0,3.0,62.0,41.0,0.17647058823529413,0.6470588235294118,,,,,0.0,,1.0,1.0,1.0,0.0,1.0,0.0,5.666666666666667,3.6666666666666665,0.0,0.0,0.0,0.0,0.0,0.0,1.3333333333333333,1.3333333333333333,0.0,0.0,0.0,0.0,0.0,0.0,0.0,0.0,1.0,20.666666666666668,13.666666666666666,1.0
2022,002001,Kevin Rogers,M,Midfield,last_10,5,2022-06-05,2022-07-24,ARC|CAN|RED|WAT,OUT,4.0,1.0,1.0,0.0,1.0,3.0,11.0,5,1.0,0.0,0.0,0.0,0.0,0.0,5.0,2.0,1.0,0,0,0,0.0,0.0,0.0,0.0,10.0,74.0,61.0,0.09090909090909091,0.45454545454545453,,,,,0.3,0.0,0.8,0.2,0.2,0.0,0.2,0.6,2.2,1.0,0.2,0.0,0.0,0.0,0.0,0.0,1.0,0.4,0.2,0.0,0.0,0.0,0.0,0.0,0.0,0.0,2.0,14.8,12.2,2.0
2022,002007,Charlie Kitchen,A,Attack,last_10,1,2022-07-31,2022-07-31,CAN,WAT,1.0,1.0,1.0,0.0,1.0,0.0,3.0,2,0.0,0.0,0.0,0.0,0.0,0.0,0.0,0.0,0.0,0,0,0,0.0,0.0,0.0,0.0,2.0,8.0,5.0,0.3333333333333333,0.6666666666666666,,,,,0.0,,1.0,1.0,1.0,0.0,1.0,0.0,3.0,2.0,0.0,0.0,0.0,0.0,0.0,0.0,0.0,0.0,0.0,0.0,0.0,0.0,0.0,0.0,0.0,0.0,2.0,8.0,5.0,2.0
2022,002015,Logan Wisnauskas,A,Attack,last_10,10,2022-06-05,2022-09-03,ARC|ATL|CAN|CHA|RED|WAT|WHP,OUT,37.0,26.0,26.0,0.0,26.0,11.0,72.0,48,1.0,0.0,0.0,0.0,0.0,0.0,10.0,8.0,0.0,0,0,0,0.0,0.0,0.0,0.0,34.0,331.0,251.0,0.3611111111111111,0.6666666666666666,,,,,0.3235294117647059,0.0,3.7,2.6,2.6,0.0,2.6,1.1,7.2,4.8,0.1,0.0,0.0,0.0,0.0,0.0,1.0,0.8,0.0,0.0,0.0,0.0,0.0,0.0,0.0,0.0,3.4,33.1,25.1,3.4
2022,002016,Chris Gray,A,Attack,last_10,10,2022-06-11,2022-09-03,ARC|CAN|CHA|OUT|RED|WAT|WHP,ATL,36.0,20.0,18.0,1.0,19.0,16.0,68.0,38,6.0,0.0,0.0,0.0,0.0,0.0,8.0,18.0,1.0,0,0,0,0.0,0.0,2.0,1.5,47.0,366.0,280.0,0.27941176470588236,0.5588235294117647,,,,,0.3404255319148936,0.16666666666666666,3.6,2.0,1.8,0.1,1.9,1.6,6.8,3.8,0.6,0.0,0.0,0.0,0.0,0.0,0.8,1.8,0.1,0.0,0.0,0.0,0.0,0.0,0.2,0.15,4.7,36.6,28.0,4.7
2022,002017,Arden Cohen,D,Defense,last_10,10,2022-06-10,2022-09-03,ARC|ATL|CAN|CHA|OUT|WAT|WHP,RED,0.0,0.0,0.0,0.0,0.0,0.0,0.0,0,0.0,0.0,0.0,0.0,0.0,0.0,16.0,3.0,4.0,0,0,0,0.0,0.0,1.0,2.0,1.0,36.0,33.0,,,,,,,0.0,,0.0,0.0,0.0,0.0,0.0,0.0,0.0,0.0,0.0,0.0,0.0,0.0,0.0,0.0,1.6,0.3,0.4,0.0,0.0,0.0,0.0,0.0,0.1,0.2,0.1,3.6,3.3,0.1
2022,002018,Matt Moore,M,Midfield,last_10,10,2022-06-18,2022-09-11,ATL|CAN|CHA|RED|WAT|WHP,ARC,20.0,15.0,15.0,0.0,15.0,5.0,48.0,35,5.0,0.0,0.0,0.0,0.0,0.0,4.0,11.0,0.0,0,0,0,0.0,0.0,1.0,1.0,20.0,180.0,121.0,0.3125,0.7291666666666666,,,,,0.25,0.0,2.0,1.5,1.5,0.0,1.5,0.5,4.8,3.5,0.5,0.0,0.0,0.0,0.0,0.0,0.4,1.1,0.0,0.0,0.0,0.0,0.0,0.0,0.1,0.1,2.0,18.0,12.1,2.0
2022,002019,Koby Smith,LSM,Long Stick Midfield,last_10,10,2022-06-11,2022-09-03,ARC|CAN|CHA|OUT|RED|WAT|WHP,ATL,5.0,5.0,1.0,2.0,3.0,0.0,5.0,4,3.0,0.0,0.0,0.0,0.0,0.0,12.0,5.0,3.0,0,0,0,0.0,0.0,1.0,1.0,3.0,29.0,19.0,0.6,0.8,,,,,0.0,0.6666666666666666,0.5,0.5,0.1,0.2,0.3,0.0,0.5,0.4,0.3,0.0,0.0,0.0,0.0,0.0,1.2,0.5,0.3,0.0,0.0,0.0,0.0,0.0,0.1,0.1,0.3,2.9,1.9,0.3
2022,002020,Brett Kennedy,D,Defense,last_10,5,2022-06-04,2022-07-23,ARC|RED|WAT|WHP,CHA,0.0,0.0,0.0,0.0,0.0,0.0,0.0,0,0.0,0.0,0.0,0.0,0.0,0.0,8.0,1.0,1.0,0,0,0,0.0,0.0,1.0,0.5,1.0,21.0,20.0,,,,,,,0.0,,0.0,0.0,0.0,0.0,0.0,0.0,0.0,0.0,0.0,0.0,0.0,0.0,0.0,0.0,1.6,0.2,0.2,0.0,0.0,0.0,0.0,0.0,0.2,0.1,0.2,4.2,4.0,0.2
2022,002022,Zach Geddes,SSDM,Defensive Midfield,last_10,6,2022-06-04,2022-08-13,ARC|CAN|OUT|RED|WHP,CHA,0.0,0.0,0.0,0.0,0.0,0.0,2.0,2,1.0,0.0,0.0,0.0,0.0,0.0,8.0,2.0,1.0,0,0,0,0.0,0.0,0.0,0.0,2.0,39.0,35.0,0.0,1.0,,,,,0.0,0.0,0.0,0.0,0.0,0.0,0.0,0.0,0.3333333333333333,0.3333333333333333,0.16666666666666666,0.0,0.0,0.0,0.0,0.0,1.3333333333333333,0.3333333333333333,0.16666666666666666,0.0,0.0,0.0,0.0,0.0,0.0,0.0,0.3333333333333333,6.5,5.833333333333333,0.3333333333333333
2022,002023,Brendan Nichtern,A,Attack,last_10,10,2022-06-10,2022-09-03,ATL|CAN|CHA|RED|WAT|WHP,OUT,37.0,14.0,14.0,0.0,14.0,23.0,55.0,36,2.0,0.0,0.0,0.0,0.0,0.0,11.0,32.0,3.0,0,0,0,0.0,0.0,0.0,0.0,60.0,483.0,396.0,0.2545454545454545,0.6545454545454545,,,,,0.38333333333333336,0.0,3.7,1.4,1.4,0.0,1.4,2.3,5.5,3.6,0.2,0.0,0.0,0.0,0.0,0.0,1.1,3.2,0.3,0.0,0.0,0.0,0.0,0.0,0.0,0.0,6.0,48.3,39.6,6.0
2022,002024,Asher Nolting,A,Attack,last_10,10,2022-06-05,2022-08-21,ARC|ATL|CHA|OUT|RED|WAT|WHP,CAN,23.0,14.0,14.0,0.0,14.0,9.0,49.0,38,0.0,0.0,0.0,0.0,0.0,0.0,13.0,31.0,2.0,0,0,0,0.0,0.0,1.0,0.5,45.0,282.0,202.0,0.2857142857142857,0.7755102040816326,,,,,0.2,,2.3,1.4,1.4,0.0,1.4,0.9,4.9,3.8,0.0,0.0,0.0,0.0,0.0,0.0,1.3,3.1,0.2,0.0,0.0,0.0,0.0,0.0,0.1,0.05,4.5,28.2,20.2,4.5
2022,002025,Bubba Fairman,SSDM,Defensive Midfield,last_10,9,2022-06-11,2022-08-21,ARC|ATL|CHA|OUT|RED|WAT|WHP,CAN,5.0,4.0,4.0,0.0,4.0,1.0,12.0,9,1.0,0.0,0.0,0.0,0.0,0.0,17.0,3.0,1.0,0,0,0,0.0,0.0,1.0,1.0,7.0,90.0,75.0,0.3333333333333333,0.75,,,,,0.14285714285714285,0.0,0.5555555555555556,0.4444444444444444,0.4444444444444444,0.0,0.4444444444444444,0.1111111111111111,1.3333333333333333,1.0,0.1111111111111111,0.0,0.0,0.0,0.0,0.0,1.8888888888888888,0.3333333333333333,0.1111111111111111,0.0,0.0,0.0,0.0,0.0,0.1111111111111111,0.1111111111111111,0.7777777777777778,10.0,8.333333333333334,0.7777777777777778
2022,002026,Brett Dobson,G,Goalie,last_10,1,2022-08-06,2022-08-06,WHP,ARC,0.0,0.0,0.0,0.0,0.0,0.0,0.0,0,0.0,14.0,6.0,8.0,13.0,12.999999999999998,4.0,0.0,0.0,0,0,0,13.0,0.0,0.0,0.0,0.0,12.0,12.0,,,,0.5185185185185185,42.857142857142854,0.2222222222222222,,,0.0,0.0,0.0,0.0,0.0,0.0,0.0,0.0,0.0,14.0,6.0,8.0,13.0,12.999999999999998,4.0,0.0,0.0,0.0,0.0,0.0,13.0,0.0,0.0,0.0,0.0,12.0,12.0,0.0
2022,002027,Brendan Curry,M,Midfield,last_10,3,2022-06-04,2022-06-18,CAN|RED|WHP,ATL,1.0,1.0,1.0,0.0,1.0,0.0,12.0,7,0.0,0.0,0.0,0.0,0.0,0.0,1.0,2.0,0.0,0,0,0,0.0,0.0,0.0,0.0,1.0,35.0,21.0,0.08333333333333333,0.5833333333333334,,,,,0.0,,0.3333333333333333,0.3333333333333333,0.3333333333333333,0.0,0.3333333333333333,0.0,4.0,2.3333333333333335,0.0,0.0,0.0,0.0,0.0,0.0,0.3333333333333333,0.6666666666666666,0.0,0.0,0.0,0.0,0.0,0.0,0.0,0.0,0.3333333333333333,11.666666666666666,7.0,0.3333333333333333
2022,002028,Jack Hannah,M,Midfield,last_10,10,2022-06-25,2022-09-18,ARC|ATL|CAN|CHA|OUT|RED|WHP,WAT,12.0,7.0,7.0,0.0,7.0,5.0,62.0,34,3.0,0.0,0.0,0.0,0.0,0.0,6.0,6.0,1.0,0,0,0,0.0,0.0,2.0,1.0,18.0,153.0,85.0,0.11290322580645161,0.5483870967741935,,,,,0.2777777777777778,0.0,1.2,0.7,0.7,0.0,0.7,0.5,6.2,3.4,0.3,0.0,0.0,0.0,0.0,0.0,0.6,0.6,0.1,0.0,0.0,0.0,0.0,0.0,0.2,0.1,1.8,15.3,8.5,1.8
2022,002029,Wheaton Jackoboice,M,Midfield,last_10,7,2022-06-18,2022-09-11,ARC|ATL|CAN|CHA|OUT|WAT,WHP,1.0,1.0,1.0,0.0,1.0,0.0,11.0,2,1.0,0.0,0.0,0.0,0.0,0.0,2.0,3.0,0.0,0,0,0,0.0,0.0,0.0,0.0,13.0,64.0,50.0,0.09090909090909091,0.18181818181818182,,,,,0.0,0.0,0.14285714285714285,0.14285714285714285,0.14285714285714285,0.0,0.14285714285714285,0.0,1.5714285714285714,0.2857142857142857,0.14285714285714285,0.0,0.0,0.0,0.0,0.0,0.2857142857142857,0.42857142857142855,0.0,0.0,0.0,0.0,0.0,0.0,0.0,0.0,1.8571428571428572,9.142857142857142,7.142857142857143,1.8571428571428572
2022,002030,Jonathan Donville,M,Midfield,last_10,7,2022-06-04,2022-08-21,ARC|CHA|OUT|RED|WAT|WHP,CAN|CHA,10.0,8.0,8.0,0.0,8.0,2.0,24.0,18,0.0,0.0,0.0,0.0,0.0,0.0,5.0,6.0,1.0,0,0,0,0.0,0.0,0.0,0.0,20.0,133.0,103.0,0.3333333333333333,0.75,,,,,0.1,,1.4285714285714286,1.1428571428571428,1.1428571428571428,0.0,1.1428571428571428,0.2857142857142857,3.4285714285714284,2.5714285714285716,0.0,0.0,0.0,0.0,0.0,0.0,0.7142857142857143,0.8571428571428571,0.14285714285714285,0.0,0.0,0.0,0.0,0.0,0.0,0.0,2.857142857142857,19.0,14.714285714285714,2.857142857142857
2022,002032,Justin Inacio,FO,Faceoff,last_10,10,2022-06-05,2022-09-11,ATL|CAN|CHA|OUT|RED|WAT|WHP,ARC,2.0,2.0,2.0,0.0,2.0,0.0,7.0,4,0.0,0.0,0.0,0.0,0.0,0.0,44.0,1.0,0.0,92,132,225,0.0,0.0,1.0,0.5,2.0,42.0,34.0,0.2857142857142857,0.5714285714285714,0.4088888888888889,,,,0.0,,0.2,0.2,0.2,0.0,0.2,0.0,0.7,0.4,0.0,0.0,0.0,0.0,0.0,0.0,4.4,0.1,0.0,9.2,13.2,22.5,0.0,0.0,0.1,0.05,0.2,4.2,3.4,0.2
2022,002033,Nakeie Montgomery,M,Midfield,last_10,10,2022-06-10,2022-09-03,ARC|ATL|CAN|CHA|OUT|WAT|WHP,RED,6.0,5.0,5.0,0.0,5.0,1.0,20.0,14,4.0,0.0,0.0,0.0,0.0,0.0,6.0,1.0,3.0,0,0,0,0.0,0.0,1.0,1.0,9.0,102.0,81.0,0.25,0.7,,,,,0.1111111111111111,0.0,0.6,0.5,0.5,0.0,0.5,0.1,2.0,1.4,0.4,0.0,0.0,0.0,0.0,0.0,0.6,0.1,0.3,0.0,0.0,0.0,0.0,0.0,0.1,0.1,0.9,10.2,8.1,0.9
2022,002034,Keegan Khan,M,Midfield,last_10,7,2022-06-24,2022-08-21,ARC|ATL|CAN|CHA|OUT|RED|WAT,WHP,9.0,6.0,6.0,0.0,6.0,3.0,18.0,9,0.0,0.0,0.0,0.0,0.0,0.0,1.0,10.0,0.0,0,0,0,0.0,0.0,1.0,0.5,14.0,101.0,73.0,0.3333333333333333,0.5,,,,,0.21428571428571427,,1.2857142857142858,0.8571428571428571,0.8571428571428571,0.0,0.8571428571428571,0.42857142857142855,2.5714285714285716,1.2857142857142858,0.0,0.0,0.0,0.0,0.0,0.0,0.14285714285714285,1.4285714285714286,0.0,0.0,0.0,0.0,0.0,0.0,0.14285714285714285,0.07142857142857142,2.0,14.428571428571429,10.428571428571429,2.0
2022,002036,Jake Higgins,SSDM,Defensive Midfield,last_10,9,2022-06-12,2022-08-21,ARC|ATL|CAN|CHA|OUT|RED|WHP,WAT,1.0,0.0,0.0,0.0,0.0,1.0,1.0,0,0.0,0.0,0.0,0.0,0.0,0.0,8.0,2.0,5.0,0,0,0,0.0,0.0,1.0,1.0,4.0,51.0,48.0,0.0,0.0,,,,,0.25,,0.1111111111111111,0.0,0.0,0.0,0.0,0.1111111111111111,0.1111111111111111,0.0,0.0,0.0,0.0,0.0,0.0,0.0,0.8888888888888888,0.2222222222222222,0.5555555555555556,0.0,0.0,0.0,0.0,0.0,0.1111111111111111,0.1111111111111111,0.4444444444444444,5.666666666666667,5.333333333333333,0.4444444444444444
2022,002037,Bryan McIntosh,D,Defense,last_10,3,2022-06-05,2022-07-24,ARC|ATL|WAT,CAN,0.0,0.0,0.0,0.0,0.0,0.0,0.0,0,0.0,0.0,0.0,0.0,0.0,0.0,5.0,0.0,0.0,0,0,0,0.0,0.0,0.0,0.0,0.0,13.0,13.0,,,,,,,,,0.0,0.0,0.0,0.0,0.0,0.0,0.0,0.0,0.0,0.0,0.0,0.0,0.0,0.0,1.6666666666666667,0.0,0.0,0.0,0.0,0.0,0.0,0.0,0.0,0.0,0.0,4.333333333333333,4.333333333333333,0.0
2022,002038,Colin Kirst,G,Goalie,last_10,2,2022-08-13,2022-08-21,OUT|WHP,CAN,0.0,0.0,0.0,0.0,0.0,0.0,0.0,0,0.0,9.0,0.0,9.0,11.0,11.0,1.0,0.0,0.0,0,0,0,9.0,2.0,0.0,0.0,0.0,13.0,13.0,,,,0.5,0.0,0.0,,,0.0,0.0,0.0,0.0,0.0,0.0,0.0,0.0,0.0,4.5,0.0,4.5,5.5,5.5,0.5,0.0,0.0,0.0,0.0,0.0,4.5,1.0,0.0,0.0,0.0,6.5,6.5,0.0
2022,002040,Jackson Reid,A,Attack,last_10,5,2022-06-04,2022-09-11,ATL|CAN|CHA|WAT,WHP,4.0,4.0,4.0,0.0,4.0,0.0,16.0,8,0.0,0.0,0.0,0.0,0.0,0.0,2.0,3.0,0.0,0,1,1,0.0,0.0,0.0,0.0,5.0,61.0,42.0,0.25,0.5,0.0,,,,0.0,,0.8,0.8,0.8,0.0,0.8,0.0,3.2,1.6,0.0,0.0,0.0,0.0,0.0,0.0,0.4,0.6,0.0,0.0,0.2,0.2,0.0,0.0,0.0,0.0,1.0,12.2,8.4,1.0
2022,002041,Mitch Bartolo,M,Midfield,last_10,1,2022-07-31,2022-07-31,CHA,RED,0.0,0.0,0.0,0.0,0.0,0.0,0.0,0,0.0,0.0,0.0,0.0,0.0,0.0,1.0,1.0,0.0,0,0,0,0.0,0.0,0.0,0.0,0.0,2.0,1.0,,,,,,,,,0.0,0.0,0.0,0.0,0.0,0.0,0.0,0.0,0.0,0.0,0.0,0.0,0.0,0.0,1.0,1.0,0.0,0.0,0.0,0.0,0.0,0.0,0.0,0.0,0.0,2.0,1.0,0.0
2022,002042,Jon Robbins,LSM,Long Stick Midfield,last_10,10,2022-06-18,2022-09-11,ATL|CAN|CHA|RED|WAT|WHP,ARC,1.0,1.0,1.0,0.0,1.0,0.0,2.0,1,0.0,0.0,0.0,0.0,0.0,0.0,9.0,1.0,10.0,0,0,0,0.0,0.0,2.0,2.0,3.0,20.0,17.0,0.5,0.5,,,,,0.0,,0.1,0.1,0.1,0.0,0.1,0.0,0.2,0.1,0.0,0.0,0.0,0.0,0.0,0.0,0.9,0.1,1.0,0.0,0.0,0.0,0.0,0.0,0.2,0.2,0.3,2.0,1.7,0.3
2022,002043,Ryan Aughavin,M,Midfield,last_10,2,2022-06-18,2022-06-26,ATL|CAN,ARC,2.0,2.0,0.0,1.0,1.0,0.0,4.0,4,1.0,0.0,0.0,0.0,0.0,0.0,1.0,0.0,1.0,0,0,0,0.0,0.0,0.0,0.0,0.0,14.0,10.0,0.25,1.0,,,,,,1.0,1.0,1.0,0.0,0.5,0.5,0.0,2.0,2.0,0.5,0.0,0.0,0.0,0.0,0.0,0.5,0.0,0.5,0.0,0.0,0.0,0.0,0.0,0.0,0.0,0.0,7.0,5.0,0.0
2022,002047,Frankie Labetti,FO,Faceoff,last_10,2,2022-06-11,2022-06-18,CAN|CHA,ARC,1.0,1.0,1.0,0.0,1.0,0.0,3.0,1,0.0,0.0,0.0,0.0,0.0,0.0,9.0,1.0,1.0,19,32,51,0.0,0.0,1.0,0.5,2.0,8.0,4.0,0.3333333333333333,0.3333333333333333,0.37254901960784315,,,,0.0,,0.5,0.5,0.5,0.0,0.5,0.0,1.5,0.5,0.0,0.0,0.0,0.0,0.0,0.0,4.5,0.5,0.5,9.5,16.0,25.5,0.0,0.0,0.5,0.25,1.0,4.0,2.0,1.0
2022,002051,Connor DeSimone,A,Attack,last_10,5,2022-06-05,2022-07-01,ATL|CAN|CHA|OUT|RED,ARC,12.0,7.0,7.0,0.0,7.0,5.0,12.0,10,1.0,0.0,0.0,0.0,0.0,0.0,3.0,9.0,2.0,0,0,0,0.0,0.0,0.0,0.0,8.0,130.0,109.0,0.5833333333333334,0.8333333333333334,,,,,0.625,0.0,2.4,1.4,1.4,0.0,1.4,1.0,2.4,2.0,0.2,0.0,0.0,0.0,0.0,0.0,0.6,1.8,0.4,0.0,0.0,0.0,0.0,0.0,0.0,0.0,1.6,26.0,21.8,1.6
2022,002055,Jakob Phaup,FO,Faceoff,last_10,1,2022-07-23,2022-07-23,RED,ATL,0.0,0.0,0.0,0.0,0.0,0.0,0.0,0,0.0,0.0,0.0,0.0,0.0,0.0,5.0,1.0,0.0,11,18,29,0.0,0.0,0.0,0.0,0.0,5.0,4.0,,,0.3793103448275862,,,,,,0.0,0.0,0.0,0.0,0.0,0.0,0.0,0.0,0.0,0.0,0.0,0.0,0.0,0.0,5.0,1.0,0.0,11.0,18.0,29.0,0.0,0.0,0.0,0.0,0.0,5.0,4.0,0.0
2022,002056,Matt Rahill,D,Defense,last_10,5,2022-06-18,2022-08-13,ARC|CHA|OUT|WAT,CAN,0.0,0.0,0.0,0.0,0.0,0.0,1.0,1,1.0,0.0,0.0,0.0,0.0,0.0,9.0,2.0,1.0,0,0,0,0.0,0.0,1.0,0.5,0.0,27.0,24.0,0.0,1.0,,,,,,0.0,0.0,0.0,0.0,0.0,0.0,0.0,0.2,0.2,0.2,0.0,0.0,0.0,0.0,0.0,1.8,0.4,0.2,0.0,0.0,0.0,0.0,0.0,0.2,0.1,0.0,5.4,4.8,0.0
2022,002062,Ryan Hallenbeck,SSDM,Defensive Midfield,last_10,4,2022-06-04,2022-06-24,ATL|CHA|OUT|WHP,RED,0.0,0.0,0.0,0.0,0.0,0.0,2.0,2,1.0,0.0,0.0,0.0,0.0,0.0,2.0,0.0,1.0,0,0,0,0.0,0.0,2.0,1.5,0.0,20.0,18.0,0.0,1.0,,,,,,0.0,0.0,0.0,0.0,0.0,0.0,0.0,0.5,0.5,0.25,0.0,0.0,0.0,0.0,0.0,0.5,0.0,0.25,0.0,0.0,0.0,0.0,0.0,0.5,0.375,0.0,5.0,4.5,0.0
2022,002063,Ryan Kennedy,D,Defense,last_10,3,2022-06-10,2022-09-03,ARC|OUT,RED,0.0,0.0,0.0,0.0,0.0,0.0,0.0,0,0.0,0.0,0.0,0.0,0.0,0.0,8.0,2.0,1.0,0,0,0,0.0,0.0,0.0,0.0,0.0,8.0,6.0,,,,,,,,,0.0,0.0,0.0,0.0,0.0,0.0,0.0,0.0,0.0,0.0,0.0,0.0,0.0,0.0,2.6666666666666665,0.6666666666666666,0.3333333333333333,0.0,0.0,0.0,0.0,0.0,0.0,0.0,0.0,2.6666666666666665,2.0,0.0
2022,002064,Joe Robertson,A,Attack,last_10,4,2022-06-10,2022-07-31,ARC|ATL|CHA|OUT,RED,2.0,1.0,1.0,0.0,1.0,1.0,9.0,6,0.0,0.0,0.0,0.0,0.0,0.0,2.0,4.0,0.0,0,0,0,0.0,0.0,0.0,0.0,1.0,27.0,14.0,0.1111111111111111,0.6666666666666666,,,,,1.0,,0.5,0.25,0.25,0.0,0.25,0.25,2.25,1.5,0.0,0.0,0.0,0.0,0.0,0.0,0.5,1.0,0.0,0.0,0.0,0.0,0.0,0.0,0.0,0.0,0.25,6.75,3.5,0.25
2022,002065,Anthony DeMaio,M,Midfield,last_10,1,2022-08-06,2022-08-06,CAN,RED,0.0,0.0,0.0,0.0,0.0,0.0,0.0,0,0.0,0.0,0.0,0.0,0.0,0.0,1.0,0.0,0.0,0,0,0,0.0,0.0,0.0,0.0,1.0,5.0,5.0,,,,,,,0.0,,0.0,0.0,0.0,0.0,0.0,0.0,0.0,0.0,0.0,0.0,0.0,0.0,0.0,0.0,1.0,0.0,0.0,0.0,0.0,0.0,0.0,0.0,0.0,0.0,1.0,5.0,5.0,1.0
2022,002067,Zac Tucci,FO,Faceoff,last_10,4,2022-06-17,2022-08-06,ATL|CHA|OUT|WHP,WAT,1.0,0.0,0.0,0.0,0.0,1.0,5.0,2,1.0,0.0,0.0,0.0,0.0,0.0,19.0,1.0,0.0,47,60,109,0.0,0.0,0.0,0.0,1.0,18.0,12.0,0.0,0.4,0.43119266055045874,,,,1.0,0.0,0.25,0.0,0.0,0.0,0.0,0.25,1.25,0.5,0.25,0.0,0.0,0.0,0.0,0.0,4.75,0.25,0.0,11.75,15.0,27.25,0.0,0.0,0.0,0.0,0.25,4.5,3.0,0.25
2022,002072,Brennan Kamish,SSDM,Defensive Midfield,last_10,5,2022-06-04,2022-07-03,ATL|CHA|RED|WAT,WHP,0.0,0.0,0.0,0.0,0.0,0.0,1.0,0,0.0,0.0,0.0,0.0,0.0,0.0,8.0,0.0,4.0,0,0,0,0.0,0.0,0.0,0.0,2.0,32.0,31.0,0.0,0.0,,,,,0.0,,0.0,0.0,0.0,0.0,0.0,0.0,0.2,0.0,0.0,0.0,0.0,0.0,0.0,0.0,1.6,0.0,0.8,0.0,0.0,0.0,0.0,0.0,0.0,0.0,0.4,6.4,6.2,0.4
2023,000201,Adam Ghitelman,G,Goalie,last_10,3,2023-06-03,2023-07-15,ARC|CHA|OUT,CAN,0.0,0.0,0.0,0.0,0.0,0.0,1.0,0,1.0,22.0,5.0,17.0,27.0,30.533331068209463,6.0,0.0,0.0,0,0,0,26.0,1.0,1.0,1.0,1.0,30.0,29.0,0.0,0.0,,0.4583333333333333,22.727272727272727,0.10416666666666667,0.0,0.0,0.0,0.0,0.0,0.0,0.0,0.0,0.3333333333333333,0.0,0.3333333333333333,7.333333333333333,1.6666666666666667,5.666666666666667,9.0,10.177777022736487,2.0,0.0,0.0,0.0,0.0,0.0,8.666666666666666,0.3333333333333333,0.3333333333333333,0.3333333333333333,0.3333333333333333,10.0,9.666666666666666,0.3333333333333333
2023,000211,Ian MacKay,SSDM,Defensive Midfield,last_10,10,2023-06-10,2023-09-04,ARC|ATL|CAN|OUT|RED|WAT|WHP,CHA,12.0,9.0,7.0,1.0,8.0,3.0,28.0,16,6.0,0.0,0.0,0.0,0.0,0.0,7.0,6.0,1.0,0,0,0,0.0,0.0,5.0,3.0,11.0,94.0,60.0,0.2857142857142857,0.5714285714285714,,,,,0.2727272727272727,0.16666666666666666,1.2,0.9,0.7,0.1,0.8,0.3,2.8,1.6,0.6,0.0,0.0,0.0,0.0,0.0,0.7,0.6,0.1,0.0,0.0,0.0,0.0,0.0,0.5,0.3,1.1,9.4,6.0,1.1
2023,000216,Marcus Holman,A,Attack,last_10,10,2023-06-17,2023-09-10,ATL|OUT|RED|WAT|WHP,CAN,39.0,26.0,26.0,0.0,26.0,13.0,74.0,49,7.0,0.0,0.0,0.0,0.0,0.0,27.0,15.0,5.0,0,0,0,0.0,0.0,1.0,0.5,42.0,404.0,315.0,0.35135135135135137,0.6621621621621622,,,,,0.30952380952380953,0.0,3.9,2.6,2.6,0.0,2.6,1.3,7.4,4.9,0.7,0.0,0.0,0.0,0.0,0.0,2.7,1.5,0.5,0.0,0.0,0.0,0.0,0.0,0.1,0.05,4.2,40.4,31.5,4.2
2023,000218,Matt McMahon,D,Defense,last_10,10,2023-06-17,2023-09-24,ATL|CHA|OUT|RED|WAT|WHP,ARC,0.0,0.0,0.0,0.0,0.0,0.0,0.0,0,0.0,0.0,0.0,0.0,0.0,0.0,16.0,2.0,7.0,0,0,0,0.0,0.0,2.0,1.5,1.0,32.0,30.0,,,,,,,0.0,,0.0,0.0,0.0,0.0,0.0,0.0,0.0,0.0,0.0,0.0,0.0,0.0,0.0,0.0,1.6,0.2,0.7,0.0,0.0,0.0,0.0,0.0,0.2,0.15,0.1,3.2,3.0,0.1
2023,000221,Ryan Ambler,M,Midfield,last_10,10,2023-06-17,2023-09-24,ATL|CHA|OUT|RED|WAT|WHP,ARC,9.0,5.0,5.0,0.0,5.0,4.0,25.0,13,2.0,0.0,0.0,0.0,0.0,0.0,8.0,12.0,0.0,0,0,0,0.0,0.0,2.0,2.5,23.0,169.0,132.0,0.2,0.52,,,,,0.17391304347826086,0.0,0.9,0.5,0.5,0.0,0.5,0.4,2.5,1.3,0.2,0.0,0.0,0.0,0.0,0.0,0.8,1.2,0.0,0.0,0.0,0.0,0.0,0.0,0.2,0.25,2.3,16.9,13.2,2.3
2023,000222,Stephen Kelly,FO,Faceoff,last_10,4,2023-06-03,2023-07-09,ARC|ATL|CHA|OUT,CAN,1.0,0.0,0.0,0.0,0.0,1.0,3.0,2,1.0,0.0,0.0,0.0,0.0,0.0,23.0,4.0,1.0,35,52,87,0.0,0.0,0.0,0.0,3.0,24.0,17.0,0.0,0.6666666666666666,0.40229885057471265,,,,0.3333333333333333,0.0,0.25,0.0,0.0,0.0,0.0,0.25,0.75,0.5,0.25,0.0,0.0,0.0,0.0,0.0,5.75,1.0,0.25,8.75,13.0,21.75,0.0,0.0,0.0,0.0,0.75,6.0,4.25,0.75
2023,000225,Tom Schreiber,M,Midfield,last_10,10,2023-06-17,2023-09-24,ATL|CHA|OUT|RED|WAT|WHP,ARC,30.0,21.0,17.0,2.0,19.0,9.0,65.0,38,16.0,0.0,0.0,0.0,0.0,0.0,17.0,12.0,2.0,0,0,0,0.0,0.0,2.0,1.0,57.0,346.0,269.0,0.2923076923076923,0.5846153846153846,,,,,0.15789473684210525,0.125,3.0,2.1,1.7,0.2,1.9,0.9,6.5,3.8,1.6,0.0,0.0,0.0,0.0,0.0,1.7,1.2,0.2,0.0,0.0,0.0,0.0,0.0,0.2,0.1,5.7,34.6,26.9,5.7
2023,000227,Will Manny,A,Attack,last_10,10,2023-06-10,2023-09-04,ARC|ATL|CAN|CHA|OUT|RED|WAT,WHP,30.0,15.0,13.0,1.0,14.0,15.0,52.0,37,3.0,0.0,0.0,0.0,0.0,0.0,12.0,13.0,0.0,0,0,0,0.0,0.0,0.0,0.0,41.0,268.0,203.0,0.2692307692307692,0.7115384615384616,,,,,0.36585365853658536,0.3333333333333333,3.0,1.5,1.3,0.1,1.4,1.5,5.2,3.7,0.3,0.0,0.0,0.0,0.0,0.0,1.2,1.3,0.0,0.0,0.0,0.0,0.0,0.0,0.0,0.0,4.1,26.8,20.3,4.1
2023,000231,Chris Cloutier,A,Attack,last_10,6,2023-06-10,2023-09-04,CAN|OUT|RED|WHP,CHA,14.0,12.0,12.0,0.0,12.0,2.0,39.0,24,1.0,0.0,0.0,0.0,0.0,0.0,7.0,10.0,0.0,0,0,0,0.0,0.0,0.0,0.0,10.0,145.0,96.0,0.3076923076923077,0.6153846153846154,,,,,0.2,0.0,2.3333333333333335,2.0,2.0,0.0,2.0,0.3333333333333333,6.5,4.0,0.16666666666666666,0.0,0.0,0.0,0.0,0.0,1.1666666666666667,1.6666666666666667,0.0,0.0,0.0,0.0,0.0,0.0,0.0,0.0,1.6666666666666667,24.166666666666668,16.0,1.6666666666666667
2023,000234,Eric Law,A,Attack,last_10,10,2023-06-10,2023-09-04,ARC|CAN|CHA|OUT|RED|WAT|WHP,ATL,24.0,20.0,20.0,0.0,20.0,4.0,39.0,32,0.0,0.0,0.0,0.0,0.0,0.0,9.0,16.0,1.0,0,0,0,0.0,0.0,2.0,1.0,31.0,246.0,191.0,0.5128205128205128,0.8205128205128205,,,,,0.12903225806451613,,2.4,2.0,2.0,0.0,2.0,0.4,3.9,3.2,0.0,0.0,0.0,0.0,0.0,0.0,0.9,1.6,0.1,0.0,0.0,0.0,0.0,0.0,0.2,0.1,3.1,24.6,19.1,3.1
2023,000235,Jake Richard,SSDM,Defensive Midfield,last_10,10,2023-06-10,2023-09-04,ARC|CAN|CHA|OUT|RED|WAT|WHP,ATL,0.0,0.0,0.0,0.0,0.0,0.0,2.0,1,1.0,0.0,0.0,0.0,0.0,0.0,5.0,0.0,3.0,0,1,1,0.0,0.0,4.0,3.5,5.0,57.0,55.0,0.0,0.5,0.0,,,,0.0,0.0,0.0,0.0,0.0,0.0,0.0,0.0,0.2,0.1,0.1,0.0,0.0,0.0,0.0,0.0,0.5,0.0,0.3,0.0,0.1,0.1,0.0,0.0,0.4,0.35,0.5,5.7,5.5,0.5
2023,000240,Kieran McArdle,A,Attack,last_10,10,2023-07-08,2023-09-24,ARC|ATL|CAN|CHA|OUT|WHP,WAT,41.0,24.0,24.0,0.0,24.0,17.0,74.0,49,1.0,0.0,0.0,0.0,0.0,0.0,16.0,21.0,1.0,0,0,0,0.0,0.0,2.0,2.0,65.0,336.0,241.0,0.32432432432432434,0.6621621621621622,,,,,0.26153846153846155,0.0,4.1,2.4,2.4,0.0,2.4,1.7,7.4,4.9,0.1,0.0,0.0,0.0,0.0,0.0,1.6,2.1,0.1,0.0,0.0,0.0,0.0,0.0,0.2,0.2,6.5,33.6,24.1,6.5
2023,000241,Jack Concannon,G,Goalie,last_10,10,2023-06-03,2023-09-04,ARC|CAN|OUT|RED|WAT|WHP,ATL,0.0,0.0,0.0,0.0,0.0,0.0,0.0,0,0.0,111.0,19.0,92.0,133.0,155.0632318501171,11.0,5.0,1.0,0,0,0,121.0,12.0,0.0,0.0,2.0,75.0,70.0,,,,0.47844827586206895,17.117117117117118,0.08189655172413793,0.0,,0.0,0.0,0.0,0.0,0.0,0.0,0.0,0.0,0.0,11.1,1.9,9.2,13.3,15.50632318501171,1.1,0.5,0.1,0.0,0.0,0.0,12.1,1.2,0.0,0.0,0.2,7.5,7.0,0.2
2023,000242,Kyle Hartzell,LSM,Long Stick Midfield,last_10,7,2023-06-03,2023-09-10,ARC|ATL|OUT|RED|WAT|WHP,CAN,2.0,1.0,1.0,0.0,1.0,1.0,3.0,1,1.0,0.0,0.0,0.0,0.0,0.0,11.0,1.0,6.0,3,30,33,0.0,0.0,3.0,3.0,1.0,27.0,23.0,0.3333333333333333,0.3333333333333333,0.09090909090909091,,,,1.0,0.0,0.2857142857142857,0.14285714285714285,0.14285714285714285,0.0,0.14285714285714285,0.14285714285714285,0.42857142857142855,0.14285714285714285,0.14285714285714285,0.0,0.0,0.0,0.0,0.0,1.5714285714285714,0.14285714285714285,0.8571428571428571,0.42857142857142855,4.285714285714286,4.714285714285714,0.0,0.0,0.42857142857142855,0.42857142857142855,0.14285714285714285,3.857142857142857,3.2857142857142856,0.14285714285714285
2023,000254,Trevor Baptiste,FO,Faceoff,last_10,10,2023-06-10,2023-09-04,ARC|CAN|CHA|OUT|RED|WAT|WHP,ATL,8.0,6.0,6.0,0.0,6.0,2.0,24.0,13,2.0,0.0,0.0,0.0,0.0,0.0,194.0,17.0,1.0,226,53,280,0.0,0.0,0.0,0.0,10.0,196.0,155.0,0.25,0.5416666666666666,0.8071428571428572,,,,0.2,0.0,0.8,0.6,0.6,0.0,0.6,0.2,2.4,1.3,0.2,0.0,0.0,0.0,0.0,0.0,19.4,1.7,0.1,22.6,5.3,28.0,0.0,0.0,0.0,0.0,1.0,19.6,15.5,1.0
2023,000255,Tucker Durkin,D,Defense,last_10,10,2023-06-10,2023-09-04,ARC|CAN|CHA|OUT|RED|WAT|WHP,ATL,0.0,0.0,0.0,0.0,0.0,0.0,0.0,0,0.0,0.0,0.0,0.0,0.0,0.0,10.0,1.0,3.0,0,0,0,0.0,0.0,2.0,1.5,0.0,25.0,24.0,,,,,,,,,0.0,0.0,0.0,0.0,0.0,0.0,0.0,0.0,0.0,0.0,0.0,0.0,0.0,0.0,1.0,0.1,0.3,0.0,0.0,0.0,0.0,0.0,0.2,0.15,0.0,2.5,2.4,0.0
2023,000258,Blaze Riorden,G,Goalie,last_10,10,2023-06-04,2023-09-04,ARC|ATL|CAN|OUT|RED|WAT|WHP,CHA,4.0,0.0,0.0,0.0,0.0,4.0,0.0,0,0.0,151.0,56.0,95.0,118.0,117.43916312611333,26.0,3.0,2.0,0,0,0,106.0,12.0,0.0,0.0,8.0,133.0,130.0,,,,0.5875486381322957,37.086092715231786,0.2178988326848249,0.5,,0.4,0.0,0.0,0.0,0.0,0.4,0.0,0.0,0.0,15.1,5.6,9.5,11.8,11.743916312611333,2.6,0.3,0.2,0.0,0.0,0.0,10.6,1.2,0.0,0.0,0.8,13.3,13.0,0.8
2023,000262,Connor Fields,A,Attack,last_10,10,2023-06-09,2023-09-10,ATL|CHA|OUT|RED|WAT|WHP,ARC,37.0,26.0,26.0,0.0,26.0,11.0,86.0,55,2.0,0.0,0.0,0.0,0.0,0.0,15.0,19.0,4.0,0,0,0,0.0,0.0,0.0,0.0,47.0,342.0,237.0,0.3023255813953488,0.6395348837209303,,,,,0.23404255319148937,0.0,3.7,2.6,2.6,0.0,2.6,1.1,8.6,5.5,0.2,0.0,0.0,0.0,0.0,0.0,1.5,1.9,0.4,0.0,0.0,0.0,0.0,0.0,0.0,0.0,4.7,34.2,23.7,4.7
2023,000266,Dhane Smith,M,Midfield,last_10,9,2023-06-17,2023-09-04,ARC|ATL|OUT|RED|WAT|WHP,CHA,34.0,6.0,6.0,0.0,6.0,28.0,28.0,20,3.0,0.0,0.0,0.0,0.0,0.0,5.0,25.0,0.0,0,0,0,0.0,0.0,2.0,1.5,83.0,351.0,298.0,0.21428571428571427,0.7142857142857143,,,,,0.3373493975903614,0.0,3.7777777777777777,0.6666666666666666,0.6666666666666666,0.0,0.6666666666666666,3.111111111111111,3.111111111111111,2.2222222222222223,0.3333333333333333,0.0,0.0,0.0,0.0,0.0,0.5555555555555556,2.7777777777777777,0.0,0.0,0.0,0.0,0.0,0.0,0.2222222222222222,0.16666666666666666,9.222222222222221,39.0,33.111111111111114,9.222222222222221
2023,000269,Jarrod Neumann,D,Defense,last_10,10,2023-06-10,2023-09-04,ARC|ATL|CAN|OUT|RED|WAT|WHP,CHA,2.0,2.0,0.0,1.0,1.0,0.0,8.0,1,8.0,0.0,0.0,0.0,0.0,0.0,19.0,1.0,4.0,0,0,0,0.0,0.0,4.0,2.5,1.0,51.0,42.0,0.125,0.125,,,,,0.0,0.125,0.2,0.2,0.0,0.1,0.1,0.0,0.8,0.1,0.8,0.0,0.0,0.0,0.0,0.0,1.9,0.1,0.4,0.0,0.0,0.0,0.0,0.0,0.4,0.25,0.1,5.1,4.2,0.1
2023,000272,Josh Byrne,A,Attack,last_10,7,2023-06-10,2023-09-04,ARC|ATL|CAN|OUT|RED|WHP,CHA,25.0,18.0,18.0,0.0,18.0,7.0,57.0,40,0.0,0.0,0.0,0.0,0.0,0.0,12.0,18.0,2.0,0,0,0,0.0,0.0,0.0,0.0,27.0,212.0,137.0,0.3157894736842105,0.7017543859649122,,,,,0.25925925925925924,,3.5714285714285716,2.5714285714285716,2.5714285714285716,0.0,2.5714285714285716,1.0,8.142857142857142,5.714285714285714,0.0,0.0,0.0,0.0,0.0,0.0,1.7142857142857142,2.5714285714285716,0.2857142857142857,0.0,0.0,0.0,0.0,0.0,0.0,0.0,3.857142857142857,30.285714285714285,19.571428571428573,3.857142857142857
2023,000275,Mark Glicini,SSDM,Defensive Midfield,last_10,10,2023-06-10,2023-09-04,ARC|ATL|CAN|OUT|RED|WAT|WHP,CHA,1.0,0.0,0.0,0.0,0.0,1.0,2.0,2,2.0,0.0,0.0,0.0,0.0,0.0,7.0,1.0,1.0,0,0,0,0.0,0.0,1.0,0.0,5.0,42.0,39.0,0.0,1.0,,,,,0.2,0.0,0.1,0.0,0.0,0.0,0.0,0.1,0.2,0.2,0.2,0.0,0.0,0.0,0.0,0.0,0.7,0.1,0.1,0.0,0.0,0.0,0.0,0.0,0.1,0.0,0.5,4.2,3.9,0.5
2023,000276,Matt Rees,LSM,Long Stick Midfield,last_10,8,2023-06-03,2023-08-26,ARC|ATL|CHA|OUT|RED|WHP,CAN,5.0,4.0,0.0,2.0,2.0,1.0,9.0,5,8.0,0.0,0.0,0.0,0.0,0.0,12.0,2.0,10.0,1,37,38,0.0,0.0,6.0,5.0,2.0,36.0,25.0,0.2222222222222222,0.5555555555555556,0.02631578947368421,,,,0.5,0.25,0.625,0.5,0.0,0.25,0.25,0.125,1.125,0.625,1.0,0.0,0.0,0.0,0.0,0.0,1.5,0.25,1.25,0.125,4.625,4.75,0.0,0.0,0.75,0.625,0.25,4.5,3.125,0.25
2023,000278,Myles Jones,M,Midfield,last_10,9,2023-06-03,2023-09-04,ARC|ATL|CAN|CHA|RED|WAT|WHP,ATL|RED,12.0,7.0,7.0,0.0,7.0,5.0,39.0,21,8.0,0.0,0.0,0.0,0.0,0.0,6.0,9.0,1.0,0,0,0,0.0,0.0,1.0,1.0,21.0,148.0,100.0,0.1794871794871795,0.5384615384615384,,,,,0.23809523809523808,0.0,1.3333333333333333,0.7777777777777778,0.7777777777777778,0.0,0.7777777777777778,0.5555555555555556,4.333333333333333,2.3333333333333335,0.8888888888888888,0.0,0.0,0.0,0.0,0.0,0.6666666666666666,1.0,0.1111111111111111,0.0,0.0,0.0,0.0,0.0,0.1111111111111111,0.1111111111111111,2.3333333333333335,16.444444444444443,11.11111111111111,2.3333333333333335
2023,000279,Patrick Resch,SSDM,Defensive Midfield,last_10,10,2023-06-10,2023-09-04,ARC|ATL|CAN|OUT|RED|WAT|WHP,CHA,7.0,3.0,1.0,1.0,2.0,4.0,3.0,2,1.0,0.0,0.0,0.0,0.0,0.0,11.0,3.0,1.0,0,0,0,0.0,0.0,1.0,1.0,9.0,86.0,80.0,0.6666666666666666,0.6666666666666666,,,,,0.4444444444444444,1.0,0.7,0.3,0.1,0.1,0.2,0.4,0.3,0.2,0.1,0.0,0.0,0.0,0.0,0.0,1.1,0.3,0.1,0.0,0.0,0.0,0.0,0.0,0.1,0.1,0.9,8.6,8.0,0.9
2023,000281,Troy Reh,LSM,Long Stick Midfield,last_10,10,2023-06-10,2023-09-04,ARC|ATL|CAN|OUT|RED|WAT|WHP,CHA,2.0,2.0,0.0,1.0,1.0,0.0,8.0,4,7.0,0.0,0.0,0.0,0.0,0.0,17.0,3.0,10.0,0,0,0,0.0,0.0,2.0,2.0,4.0,73.0,62.0,0.125,0.5,,,,,0.0,0.14285714285714285,0.2,0.2,0.0,0.1,0.1,0.0,0.8,0.4,0.7,0.0,0.0,0.0,0.0,0.0,1.7,0.3,1.0,0.0,0.0,0.0,0.0,0.0,0.2,0.2,0.4,7.3,6.2,0.4
2023,000295,Jordan MacIntosh,M,Midfield,last_10,9,2023-06-04,2023-08-27,ARC|ATL|CAN|CHA|RED|WAT|WHP,OUT,6.0,5.0,5.0,0.0,5.0,1.0,22.0,12,1.0,0.0,0.0,0.0,0.0,0.0,9.0,11.0,0.0,0,0,0,0.0,0.0,1.0,1.0,9.0,126.0,93.0,0.22727272727272727,0.5454545454545454,,,,,0.1111111111111111,0.0,0.6666666666666666,0.5555555555555556,0.5555555555555556,0.0,0.5555555555555556,0.1111111111111111,2.4444444444444446,1.3333333333333333,0.1111111111111111,0.0,0.0,0.0,0.0,0.0,1.0,1.2222222222222223,0.0,0.0,0.0,0.0,0.0,0.0,0.1111111111111111,0.1111111111111111,1.0,14.0,10.333333333333334,1.0
2023,000298,Justin Guterding,M,Midfield,last_10,5,2023-07-09,2023-08-26,ARC|CAN|OUT|RED|WAT,ATL,1.0,0.0,0.0,0.0,0.0,1.0,7.0,4,1.0,0.0,0.0,0.0,0.0,0.0,4.0,1.0,0.0,0,0,0,0.0,0.0,0.0,0.0,9.0,50.0,42.0,0.0,0.5714285714285714,,,,,0.1111111111111111,0.0,0.2,0.0,0.0,0.0,0.0,0.2,1.4,0.8,0.2,0.0,0.0,0.0,0.0,0.0,0.8,0.2,0.0,0.0,0.0,0.0,0.0,0.0,0.0,0.0,1.8,10.0,8.4,1.8
2023,000302,Michael Manley,D,Defense,last_10,10,2023-06-04,2023-08-27,ARC|ATL|CAN|CHA|RED|WAT|WHP,OUT,2.0,2.0,2.0,0.0,2.0,0.0,12.0,8,7.0,0.0,0.0,0.0,0.0,0.0,25.0,6.0,8.0,0,0,0,0.0,0.0,3.0,3.0,6.0,107.0,89.0,0.16666666666666666,0.6666666666666666,,,,,0.0,0.0,0.2,0.2,0.2,0.0,0.2,0.0,1.2,0.8,0.7,0.0,0.0,0.0,0.0,0.0,2.5,0.6,0.8,0.0,0.0,0.0,0.0,0.0,0.3,0.3,0.6,10.7,8.9,0.6
2023,000305,Romar Dennis,M,Midfield,last_10,10,2023-06-16,2023-09-10,ARC|ATL|CAN|CHA|OUT|WAT,ATL|RED,13.0,10.0,6.0,2.0,8.0,3.0,53.0,30,25.0,0.0,0.0,0.0,0.0,0.0,9.0,10.0,1.0,0,0,0,0.0,0.0,1.0,0.5,13.0,217.0,154.0,0.1509433962264151,0.5660377358490566,,,,,0.23076923076923078,0.08,1.3,1.0,0.6,0.2,0.8,0.3,5.3,3.0,2.5,0.0,0.0,0.0,0.0,0.0,0.9,1.0,0.1,0.0,0.0,0.0,0.0,0.0,0.1,0.05,1.3,21.7,15.4,1.3
2023,000308,Will Haus,SSDM,Defensive Midfield,last_10,9,2023-06-04,2023-08-20,ARC|ATL|CAN|RED|WAT|WHP,OUT,2.0,1.0,1.0,0.0,1.0,1.0,5.0,3,1.0,0.0,0.0,0.0,0.0,0.0,6.0,1.0,1.0,0,0,0,0.0,0.0,2.0,1.0,5.0,61.0,55.0,0.2,0.6,,,,,0.2,0.0,0.2222222222222222,0.1111111111111111,0.1111111111111111,0.0,0.1111111111111111,0.1111111111111111,0.5555555555555556,0.3333333333333333,0.1111111111111111,0.0,0.0,0.0,0.0,0.0,0.6666666666666666,0.1111111111111111,0.1111111111111111,0.0,0.0,0.0,0.0,0.0,0.2222222222222222,0.1111111111111111,0.5555555555555556,6.777777777777778,6.111111111111111,0.5555555555555556
2023,000314,Eddy Glazener,D,Defense,last_10,10,2023-06-17,2023-09-10,ARC|ATL|CAN|CHA|OUT|WHP,RED,1.0,1.0,1.0,0.0,1.0,0.0,9.0,4,7.0,0.0,0.0,0.0,0.0,0.0,17.0,2.0,7.0,0,0,0,0.0,0.0,2.0,1.0,0.0,95.0,84.0,0.1111111111111111,0.4444444444444444,,,,,,0.0,0.1,0.1,0.1,0.0,0.1,0.0,0.9,0.4,0.7,0.0,0.0,0.0,0.0,0.0,1.7,0.2,0.7,0.0,0.0,0.0,0.0,0.0,0.2,0.1,0.0,9.5,8.4,0.0
2023,000315,Garrett Epple,D,Defense,last_10,10,2023-06-17,2023-09-10,ARC|ATL|CAN|CHA|OUT|WHP,RED,1.0,0.0,0.0,0.0,0.0,1.0,0.0,0,0.0,0.0,0.0,0.0,0.0,0.0,24.0,5.0,15.0,0,0,0,0.0,0.0,2.0,1.5,3.0,75.0,70.0,,,,,,,0.3333333333333333,,0.1,0.0,0.0,0.0,0.0,0.1,0.0,0.0,0.0,0.0,0.0,0.0,0.0,0.0,2.4,0.5,1.5,0.0,0.0,0.0,0.0,0.0,0.2,0.15,0.3,7.5,7.0,0.3
2023,000318,Jack Kelly,G,Goalie,last_10,10,2023-06-17,2023-09-10,ARC|ATL|CAN|CHA|OUT|WHP,RED,0.0,0.0,0.0,0.0,0.0,0.0,1.0,0,1.0,117.0,46.0,71.0,115.0,120.43884557786791,13.0,5.0,4.0,0,0,0,106.0,9.0,0.0,0.0,2.0,168.0,162.0,0.0,0.0,,0.5246636771300448,39.31623931623932,0.2062780269058296,0.0,0.0,0.0,0.0,0.0,0.0,0.0,0.0,0.1,0.0,0.1,11.7,4.6,7.1,11.5,12.043884557786791,1.3,0.5,0.4,0.0,0.0,0.0,10.6,0.9,0.0,0.0,0.2,16.8,16.2,0.2
2023,000322,John Sexton,LSM,Long Stick Midfield,last_10,10,2023-06-03,2023-09-10,ARC|ATL|CAN|CHA|WAT|WHP,RED,2.0,1.0,1.0,0.0,1.0,1.0,6.0,2,3.0,0.0,0.0,0.0,0.0,0.0,16.0,5.0,4.0,1,6,7,0.0,0.0,3.0,2.5,7.0,42.0,31.0,0.16666666666666666,0.3333333333333333,0.14285714285714285,,,,0.14285714285714285,0.0,0.2,0.1,0.1,0.0,0.1,0.1,0.6,0.2,0.3,0.0,0.0,0.0,0.0,0.0,1.6,0.5,0.4,0.1,0.6,0.7,0.0,0.0,0.3,0.25,0.7,4.2,3.1,0.7
2023,000327,Matt Kavanagh,A,Attack,last_10,10,2023-06-03,2023-09-10,ARC|ATL|CHA|OUT|RED|WAT,CAN,29.0,18.0,18.0,0.0,18.0,11.0,64.0,40,1.0,0.0,0.0,0.0,0.0,0.0,25.0,18.0,4.0,0,0,0,0.0,0.0,2.0,1.5,32.0,306.0,224.0,0.28125,0.625,,,,,0.34375,0.0,2.9,1.8,1.8,0.0,1.8,1.1,6.4,4.0,0.1,0.0,0.0,0.0,0.0,0.0,2.5,1.8,0.4,0.0,0.0,0.0,0.0,0.0,0.2,0.15,3.2,30.6,22.4,3.2
2023,000333,Sergio Perkovic,SSDM,Defensive Midfield,last_10,6,2023-06-03,2023-07-30,ARC|ATL|CAN|CHA|WAT|WHP,RED,0.0,0.0,0.0,0.0,0.0,0.0,16.0,4,2.0,0.0,0.0,0.0,0.0,0.0,6.0,5.0,1.0,0,0,0,0.0,0.0,3.0,3.5,10.0,82.0,61.0,0.0,0.25,,,,,0.0,0.0,0.0,0.0,0.0,0.0,0.0,0.0,2.6666666666666665,0.6666666666666666,0.3333333333333333,0.0,0.0,0.0,0.0,0.0,1.0,0.8333333333333334,0.16666666666666666,0.0,0.0,0.0,0.0,0.0,0.5,0.5833333333333334,1.6666666666666667,13.666666666666666,10.166666666666666,1.6666666666666667
2023,000337,Bryce Young,D,Defense,last_10,10,2023-06-10,2023-09-04,ARC|ATL|CAN|CHA|OUT|RED|WAT,WHP,1.0,1.0,1.0,0.0,1.0,0.0,4.0,1,3.0,0.0,0.0,0.0,0.0,0.0,17.0,4.0,12.0,0,0,0,0.0,0.0,3.0,2.0,0.0,63.0,55.0,0.25,0.25,,,,,,0.0,0.1,0.1,0.1,0.0,0.1,0.0,0.4,0.1,0.3,0.0,0.0,0.0,0.0,0.0,1.7,0.4,1.2,0.0,0.0,0.0,0.0,0.0,0.3,0.2,0.0,6.3,5.5,0.0
2023,000339,Connor Kelly,M,Midfield,last_10,10,2023-06-04,2023-09-24,ARC|ATL|CAN|CHA|RED|WHP,WAT,26.0,24.0,12.0,6.0,18.0,2.0,60.0,32,18.0,0.0,0.0,0.0,0.0,0.0,11.0,13.0,1.0,0,0,0,0.0,0.0,0.0,0.0,16.0,267.0,194.0,0.3,0.5333333333333333,,,,,0.125,0.3333333333333333,2.6,2.4,1.2,0.6,1.8,0.2,6.0,3.2,1.8,0.0,0.0,0.0,0.0,0.0,1.1,1.3,0.1,0.0,0.0,0.0,0.0,0.0,0.0,0.0,1.6,26.7,19.4,1.6
2023,000345,Jake Bernhardt,SSDM,Defensive Midfield,last_10,9,2023-06-17,2023-09-04,ARC|CAN|CHA|OUT|RED|WAT,WHP,2.0,1.0,1.0,0.0,1.0,1.0,8.0,2,1.0,0.0,0.0,0.0,0.0,0.0,4.0,2.0,3.0,0,1,1,0.0,0.0,0.0,0.0,4.0,49.0,39.0,0.125,0.25,0.0,,,,0.25,0.0,0.2222222222222222,0.1111111111111111,0.1111111111111111,0.0,0.1111111111111111,0.1111111111111111,0.8888888888888888,0.2222222222222222,0.1111111111111111,0.0,0.0,0.0,0.0,0.0,0.4444444444444444,0.2222222222222222,0.3333333333333333,0.0,0.1111111111111111,0.1111111111111111,0.0,0.0,0.0,0.0,0.4444444444444444,5.444444444444445,4.333333333333333,0.4444444444444444
2023,000351,Jules Heningburg,M,Midfield,last_10,10,2023-06-17,2023-09-10,ARC|ATL|CAN|CHA|OUT|WHP,RED,13.0,8.0,8.0,0.0,8.0,5.0,34.0,22,3.0,0.0,0.0,0.0,0.0,0.0,7.0,12.0,0.0,0,0,0,0.0,0.0,0.0,0.0,31.0,194.0,148.0,0.23529411764705882,0.6470588235294118,,,,,0.16129032258064516,0.0,1.3,0.8,0.8,0.0,0.8,0.5,3.4,2.2,0.3,0.0,0.0,0.0,0.0,0.0,0.7,1.2,0.0,0.0,0.0,0.0,0.0,0.0,0.0,0.0,3.1,19.4,14.8,3.1
2023,000353,Kyle Bernlohr,G,Goalie,last_10,7,2023-06-04,2023-09-04,ARC|ATL|CAN|OUT|RED|WAT,WHP,1.0,0.0,0.0,0.0,0.0,1.0,0.0,0,0.0,75.0,22.0,53.0,78.0,100.75828050564537,19.0,2.0,0.0,0,0,0,74.0,4.0,0.0,0.0,2.0,90.0,88.0,,,,0.5033557046979866,29.333333333333332,0.1476510067114094,0.5,,0.14285714285714285,0.0,0.0,0.0,0.0,0.14285714285714285,0.0,0.0,0.0,10.714285714285714,3.142857142857143,7.571428571428571,11.142857142857142,14.394040072235054,2.7142857142857144,0.2857142857142857,0.0,0.0,0.0,0.0,10.571428571428571,0.5714285714285714,0.0,0.0,0.2857142857142857,12.857142857142858,12.571428571428571,0.2857142857142857
2023,000354,Matt Rambo,A,Attack,last_10,10,2023-06-04,2023-09-04,ARC|ATL|CAN|CHA|OUT|RED|WAT,WHP,26.0,15.0,15.0,0.0,15.0,11.0,52.0,34,0.0,0.0,0.0,0.0,0.0,0.0,10.0,27.0,2.0,0,0,0,0.0,0.0,1.0,0.5,54.0,261.0,182.0,0.28846153846153844,0.6538461538461539,,,,,0.2037037037037037,,2.6,1.5,1.5,0.0,1.5,1.1,5.2,3.4,0.0,0.0,0.0,0.0,0.0,0.0,1.0,2.7,0.2,0.0,0.0,0.0,0.0,0.0,0.1,0.05,5.4,26.1,18.2,5.4
2023,000355,Matthew Dunn,D,Defense,last_10,9,2023-06-04,2023-09-04,ARC|ATL|CAN|CHA|OUT|RED|WAT,WHP,1.0,0.0,0.0,0.0,0.0,1.0,1.0,0,0.0,0.0,0.0,0.0,0.0,0.0,14.0,2.0,8.0,0,0,0,0.0,0.0,0.0,0.0,4.0,74.0,71.0,0.0,0.0,,,,,0.25,,0.1111111111111111,0.0,0.0,0.0,0.0,0.1111111111111111,0.1111111111111111,0.0,0.0,0.0,0.0,0.0,0.0,0.0,1.5555555555555556,0.2222222222222222,0.8888888888888888,0.0,0.0,0.0,0.0,0.0,0.0,0.0,0.4444444444444444,8.222222222222221,7.888888888888889,0.4444444444444444
2023,000356,Michael Ehrhardt,LSM,Long Stick Midfield,last_10,9,2023-06-04,2023-09-04,ARC|ATL|CAN|CHA|OUT|RED|WAT,WHP,8.0,6.0,4.0,1.0,5.0,2.0,22.0,8,14.0,0.0,0.0,0.0,0.0,0.0,17.0,4.0,6.0,0,0,0,0.0,0.0,6.0,5.0,8.0,73.0,47.0,0.22727272727272727,0.36363636363636365,,,,,0.25,0.07142857142857142,0.8888888888888888,0.6666666666666666,0.4444444444444444,0.1111111111111111,0.5555555555555556,0.2222222222222222,2.4444444444444446,0.8888888888888888,1.5555555555555556,0.0,0.0,0.0,0.0,0.0,1.8888888888888888,0.4444444444444444,0.6666666666666666,0.0,0.0,0.0,0.0,0.0,0.6666666666666666,0.5555555555555556,0.8888888888888888,8.11111111111111,5.222222222222222,0.8888888888888888
2023,000357,Mike Chanenchuk,M,Midfield,last_10,10,2023-06-10,2023-09-04,ARC|ATL|CAN|CHA|OUT|RED|WAT,WHP,24.0,19.0,13.0,3.0,16.0,5.0,50.0,34,13.0,0.0,0.0,0.0,0.0,0.0,6.0,5.0,0.0,0,0,0,0.0,0.0,0.0,0.0,30.0,245.0,190.0,0.32,0.68,,,,,0.16666666666666666,0.23076923076923078,2.4,1.9,1.3,0.3,1.6,0.5,5.0,3.4,1.3,0.0,0.0,0.0,0.0,0.0,0.6,0.5,0.0,0.0,0.0,0.0,0.0,0.0,0.0,0.0,3.0,24.5,19.0,3.0
2023,000358,Ryan Drenner,M,Midfield,last_10,10,2023-06-17,2023-09-10,ATL|OUT|RED|WAT|WHP,CAN,19.0,15.0,13.0,1.0,14.0,4.0,44.0,27,2.0,0.0,0.0,0.0,0.0,0.0,7.0,5.0,0.0,0,0,0,0.0,0.0,1.0,1.0,29.0,248.0,199.0,0.3181818181818182,0.6136363636363636,,,,,0.13793103448275862,0.5,1.9,1.5,1.3,0.1,1.4,0.4,4.4,2.7,0.2,0.0,0.0,0.0,0.0,0.0,0.7,0.5,0.0,0.0,0.0,0.0,0.0,0.0,0.1,0.1,2.9,24.8,19.9,2.9
2023,000359,Tim Muller,D,Defense,last_10,10,2023-06-10,2023-09-04,ARC|ATL|CAN|CHA|OUT|RED|WAT,WHP,1.0,0.0,0.0,0.0,0.0,1.0,1.0,0,1.0,0.0,0.0,0.0,0.0,0.0,11.0,1.0,10.0,0,0,0,0.0,0.0,0.0,0.0,2.0,66.0,64.0,0.0,0.0,,,,,0.5,0.0,0.1,0.0,0.0,0.0,0.0,0.1,0.1,0.0,0.1,0.0,0.0,0.0,0.0,0.0,1.1,0.1,1.0,0.0,0.0,0.0,0.0,0.0,0.0,0.0,0.2,6.6,6.4,0.2
2023,000361,Tyler Warner,SSDM,Defensive Midfield,last_10,10,2023-06-10,2023-09-04,ARC|ATL|CAN|CHA|OUT|RED|WAT,WHP,0.0,0.0,0.0,0.0,0.0,0.0,5.0,1,3.0,0.0,0.0,0.0,0.0,0.0,12.0,1.0,1.0,0,0,0,0.0,0.0,1.0,0.5,1.0,45.0,39.0,0.0,0.2,,,,,0.0,0.0,0.0,0.0,0.0,0.0,0.0,0.0,0.5,0.1,0.3,0.0,0.0,0.0,0.0,0.0,1.2,0.1,0.1,0.0,0.0,0.0,0.0,0.0,0.1,0.05,0.1,4.5,3.9,0.1
2023,000363,Ryan Conrad,M,Midfield,last_10,10,2023-06-10,2023-09-24,ARC|ATL|CAN|CHA|OUT|RED|WHP,WAT,16.0,12.0,10.0,1.0,11.0,4.0,34.0,24,4.0,0.0,0.0,0.0,0.0,0.0,6.0,11.0,1.0,0,0,0,0.0,0.0,1.0,0.5,19.0,196.0,151.0,0.3235294117647059,0.7058823529411765,,,,,0.21052631578947367,0.25,1.6,1.2,1.0,0.1,1.1,0.4,3.4,2.4,0.4,0.0,0.0,0.0,0.0,0.0,0.6,1.1,0.1,0.0,0.0,0.0,0.0,0.0,0.1,0.05,1.9,19.6,15.1,1.9
2023,000365,Jack Rowlett,D,Defense,last_10,10,2023-06-04,2023-09-04,ARC|ATL|CAN|OUT|RED|WAT|WHP,CHA,0.0,0.0,0.0,0.0,0.0,0.0,3.0,1,3.0,0.0,0.0,0.0,0.0,0.0,14.0,1.0,13.0,2,3,5,0.0,0.0,6.0,5.5,0.0,75.0,71.0,0.0,0.3333333333333333,0.4,,,,,0.0,0.0,0.0,0.0,0.0,0.0,0.0,0.3,0.1,0.3,0.0,0.0,0.0,0.0,0.0,1.4,0.1,1.3,0.2,0.3,0.5,0.0,0.0,0.6,0.55,0.0,7.5,7.1,0.0
2023,000366,Connor Farrell,FO,Faceoff,last_10,8,2023-06-04,2023-08-27,ARC|CAN|CHA|RED|WAT|WHP,OUT,0.0,0.0,0.0,0.0,0.0,0.0,2.0,2,0.0,0.0,0.0,0.0,0.0,0.0,79.0,16.0,2.0,103,64,168,0.0,0.0,1.0,2.0,2.0,67.0,49.0,0.0,1.0,0.6130952380952381,,,,0.0,,0.0,0.0,0.0,0.0,0.0,0.0,0.25,0.25,0.0,0.0,0.0,0.0,0.0,0.0,9.875,2.0,0.25,12.875,8.0,21.0,0.0,0.0,0.125,0.25,0.25,8.375,6.125,0.25
2023,000368,Chris Sabia,LSM,Long Stick Midfield,last_10,8,2023-07-30,2023-09-24,ARC|ATL|CAN|CHA|WHP,WAT,0.0,0.0,0.0,0.0,0.0,0.0,1.0,1,0.0,0.0,0.0,0.0,0.0,0.0,14.0,1.0,8.0,0,0,0,0.0,0.0,6.0,3.5,0.0,64.0,62.0,0.0,1.0,,,,,,,0.0,0.0,0.0,0.0,0.0,0.0,0.125,0.125,0.0,0.0,0.0,0.0,0.0,0.0,1.75,0.125,1.0,0.0,0.0,0.0,0.0,0.0,0.75,0.4375,0.0,8.0,7.75,0.0
2023,000370,Tim Troutner,G,Goalie,last_10,3,2023-08-06,2023-09-10,ARC|CHA,RED,1.0,0.0,0.0,0.0,0.0,1.0,0.0,0,0.0,3.0,2.0,1.0,6.0,35.631663974151856,3.0,0.0,1.0,0,0,0,5.0,1.0,0.0,0.0,1.0,11.0,11.0,,,,0.375,66.66666666666666,0.25,1.0,,0.3333333333333333,0.0,0.0,0.0,0.0,0.3333333333333333,0.0,0.0,0.0,1.0,0.6666666666666666,0.3333333333333333,2.0,11.877221324717285,1.0,0.0,0.3333333333333333,0.0,0.0,0.0,1.6666666666666667,0.3333333333333333,0.0,0.0,0.3333333333333333,3.6666666666666665,3.6666666666666665,0.3333333333333333
2023,000373,Ryder Garnsey,A,Attack,last_10,10,2023-06-17,2023-09-10,ARC|ATL|CAN|CHA|OUT|WHP,RED,30.0,17.0,17.0,0.0,17.0,13.0,57.0,33,3.0,0.0,0.0,0.0,0.0,0.0,19.0,18.0,1.0,0,0,0,0.0,0.0,3.0,2.5,36.0,382.0,307.0,0.2982456140350877,0.5789473684210527,,,,,0.3611111111111111,0.0,3.0,1.7,1.7,0.0,1.7,1.3,5.7,3.3,0.3,0.0,0.0,0.0,0.0,0.0,1.9,1.8,0.1,0.0,0.0,0.0,0.0,0.0,0.3,0.25,3.6,38.2,30.7,3.6
2023,000376,Cade van Raaphorst,D,Defense,last_10,9,2023-06-17,2023-09-10,ATL|OUT|RED|WAT|WHP,CAN,8.0,8.0,0.0,4.0,4.0,0.0,8.0,5,7.0,0.0,0.0,0.0,0.0,0.0,34.0,7.0,11.0,0,2,3,0.0,0.0,0.0,0.0,5.0,112.0,97.0,0.5,0.625,0.0,,,,0.0,0.5714285714285714,0.8888888888888888,0.8888888888888888,0.0,0.4444444444444444,0.4444444444444444,0.0,0.8888888888888888,0.5555555555555556,0.7777777777777778,0.0,0.0,0.0,0.0,0.0,3.7777777777777777,0.7777777777777778,1.2222222222222223,0.0,0.2222222222222222,0.3333333333333333,0.0,0.0,0.0,0.0,0.5555555555555556,12.444444444444445,10.777777777777779,0.5555555555555556
2023,000377,Johnny Surdick,D,Defense,last_10,2,2023-06-17,2023-07-09,ARC|RED,CHA,1.0,0.0,0.0,0.0,0.0,1.0,0.0,0,0.0,0.0,0.0,0.0,0.0,0.0,5.0,0.0,1.0,0,0,0,0.0,0.0,0.0,0.0,1.0,6.0,6.0,,,,,,,1.0,,0.5,0.0,0.0,0.0,0.0,0.5,0.0,0.0,0.0,0.0,0.0,0.0,0.0,0.0,2.5,0.0,0.5,0.0,0.0,0.0,0.0,0.0,0.0,0.0,0.5,3.0,3.0,0.5
2023,000385,Wes Berg,A,Attack,last_10,10,2023-06-17,2023-09-10,ARC|ATL|CAN|CHA|OUT|WHP,RED,24.0,23.0,23.0,0.0,23.0,1.0,47.0,35,0.0,0.0,0.0,0.0,0.0,0.0,20.0,9.0,2.0,0,0,0,0.0,0.0,2.0,1.0,13.0,188.0,132.0,0.48936170212765956,0.7446808510638298,,,,,0.07692307692307693,,2.4,2.3,2.3,0.0,2.3,0.1,4.7,3.5,0.0,0.0,0.0,0.0,0.0,0.0,2.0,0.9,0.2,0.0,0.0,0.0,0.0,0.0,0.2,0.1,1.3,18.8,13.2,1.3
2023,000390,Brad Smith,M,Midfield,last_10,6,2023-07-30,2023-09-04,ARC|CAN|CHA|OUT|WAT,WHP,12.0,7.0,5.0,1.0,6.0,5.0,21.0,14,6.0,0.0,0.0,0.0,0.0,0.0,6.0,9.0,1.0,0,0,0,0.0,0.0,0.0,0.0,15.0,138.0,108.0,0.2857142857142857,0.6666666666666666,,,,,0.3333333333333333,0.16666666666666666,2.0,1.1666666666666667,0.8333333333333334,0.16666666666666666,1.0,0.8333333333333334,3.5,2.3333333333333335,1.0,0.0,0.0,0.0,0.0,0.0,1.0,1.5,0.16666666666666666,0.0,0.0,0.0,0.0,0.0,0.0,0.0,2.5,23.0,18.0,2.5
2023,000391,Grant Ament,M,Midfield,last_10,10,2023-06-03,2023-09-24,ATL|CAN|CHA|OUT|RED|WAT|WHP,ARC,24.0,10.0,8.0,1.0,9.0,14.0,35.0,19,4.0,0.0,0.0,0.0,0.0,0.0,10.0,16.0,0.0,0,0,0,0.0,0.0,1.0,0.5,55.0,293.0,242.0,0.2571428571428571,0.5428571428571428,,,,,0.2545454545454545,0.25,2.4,1.0,0.8,0.1,0.9,1.4,3.5,1.9,0.4,0.0,0.0,0.0,0.0,0.0,1.0,1.6,0.0,0.0,0.0,0.0,0.0,0.0,0.1,0.05,5.5,29.3,24.2,5.5
2023,000395,Bryan Costabile,M,Midfield,last_10,10,2023-06-10,2023-09-04,ARC|CAN|CHA|OUT|RED|WAT|WHP,ATL,21.0,14.0,12.0,1.0,13.0,7.0,53.0,32,13.0,0.0,0.0,0.0,0.0,0.0,19.0,21.0,1.0,0,0,0,0.0,0.0,0.0,0.0,27.0,246.0,172.0,0.24528301886792453,0.6037735849056604,,,,,0.25925925925925924,0.07692307692307693,2.1,1.4,1.2,0.1,1.3,0.7,5.3,3.2,1.3,0.0,0.0,0.0,0.0,0.0,1.9,2.1,0.1,0.0,0.0,0.0,0.0,0.0,0.0,0.0,2.7,24.6,17.2,2.7
2023,000397,Reece Eddy,LSM,Long Stick Midfield,last_10,1,2023-06-03,2023-06-03,CAN,ARC,0.0,0.0,0.0,0.0,0.0,0.0,0.0,0,0.0,0.0,0.0,0.0,0.0,0.0,0.0,0.0,1.0,0,0,0,0.0,0.0,1.0,0.5,0.0,2.0,2.0,,,,,,,,,0.0,0.0,0.0,0.0,0.0,0.0,0.0,0.0,0.0,0.0,0.0,0.0,0.0,0.0,0.0,0.0,1.0,0.0,0.0,0.0,0.0,0.0,1.0,0.5,0.0,2.0,2.0,0.0
2023,000405,Jesse Bernhardt,D,Defense,last_10,8,2023-06-04,2023-08-27,ARC|ATL|CAN|CHA|RED|WHP,OUT,4.0,0.0,0.0,0.0,0.0,4.0,4.0,0,2.0,0.0,0.0,0.0,0.0,0.0,20.0,1.0,11.0,0,0,0,0.0,0.0,2.0,2.0,5.0,80.0,75.0,0.0,0.0,,,,,0.8,0.0,0.5,0.0,0.0,0.0,0.0,0.5,0.5,0.0,0.25,0.0,0.0,0.0,0.0,0.0,2.5,0.125,1.375,0.0,0.0,0.0,0.0,0.0,0.25,0.25,0.625,10.0,9.375,0.625
2023,000406,Craig Chick,LSM,Long Stick Midfield,last_10,4,2023-06-03,2023-07-09,CAN|RED|WAT|WHP,ATL,0.0,0.0,0.0,0.0,0.0,0.0,0.0,0,0.0,0.0,0.0,0.0,0.0,0.0,6.0,1.0,1.0,0,3,3,0.0,0.0,0.0,0.0,0.0,12.0,11.0,,,0.0,,,,,,0.0,0.0,0.0,0.0,0.0,0.0,0.0,0.0,0.0,0.0,0.0,0.0,0.0,0.0,1.5,0.25,0.25,0.0,0.75,0.75,0.0,0.0,0.0,0.0,0.0,3.0,2.75,0.0
2023,000408,Matt DeLuca,G,Goalie,last_10,8,2023-06-04,2023-09-24,ARC|ATL|CAN|CHA|RED,WAT,0.0,0.0,0.0,0.0,0.0,0.0,0.0,0,0.0,63.0,19.0,44.0,62.0,93.19458099724231,6.0,0.0,3.0,0,0,0,59.0,3.0,0.0,0.0,0.0,66.0,66.0,,,,0.5163934426229508,30.158730158730158,0.1557377049180328,,,0.0,0.0,0.0,0.0,0.0,0.0,0.0,0.0,0.0,7.875,2.375,5.5,7.75,11.649322624655289,0.75,0.0,0.375,0.0,0.0,0.0,7.375,0.375,0.0,0.0,0.0,8.25,8.25,0.0
2023,000409,Zach Currier,M,Midfield,last_10,10,2023-07-08,2023-09-24,ARC|ATL|CAN|CHA|OUT|WHP,WAT,14.0,6.0,6.0,0.0,6.0,8.0,33.0,20,2.0,0.0,0.0,0.0,0.0,0.0,62.0,11.0,6.0,62,38,100,0.0,0.0,0.0,0.0,32.0,229.0,185.0,0.18181818181818182,0.6060606060606061,0.62,,,,0.25,0.0,1.4,0.6,0.6,0.0,0.6,0.8,3.3,2.0,0.2,0.0,0.0,0.0,0.0,0.0,6.2,1.1,0.6,6.2,3.8,10.0,0.0,0.0,0.0,0.0,3.2,22.9,18.5,3.2
2023,000410,Eli Gobrecht,D,Defense,last_10,10,2023-07-08,2023-09-24,ARC|ATL|CAN|CHA|OUT|WHP,WAT,2.0,2.0,2.0,0.0,2.0,0.0,4.0,2,0.0,0.0,0.0,0.0,0.0,0.0,16.0,1.0,9.0,23,151,177,0.0,0.0,1.0,0.5,2.0,23.0,18.0,0.5,0.5,0.12994350282485875,,,,0.0,,0.2,0.2,0.2,0.0,0.2,0.0,0.4,0.2,0.0,0.0,0.0,0.0,0.0,0.0,1.6,0.1,0.9,2.3,15.1,17.7,0.0,0.0,0.1,0.05,0.2,2.3,1.8,0.2
2023,000414,Rob Pannell,A,Attack,last_10,10,2023-06-17,2023-09-10,ARC|ATL|CAN|CHA|OUT|WHP,RED,32.0,15.0,13.0,1.0,14.0,17.0,68.0,40,6.0,0.0,0.0,0.0,0.0,0.0,21.0,42.0,2.0,0,0,0,0.0,0.0,1.0,0.5,70.0,438.0,328.0,0.20588235294117646,0.5882352941176471,,,,,0.24285714285714285,0.16666666666666666,3.2,1.5,1.3,0.1,1.4,1.7,6.8,4.0,0.6,0.0,0.0,0.0,0.0,0.0,2.1,4.2,0.2,0.0,0.0,0.0,0.0,0.0,0.1,0.05,7.0,43.8,32.8,7.0
2023,000416,Ryland Rees,LSM,Long Stick Midfield,last_10,10,2023-06-10,2023-09-24,ARC|ATL|CAN|CHA|OUT|RED|WHP,WAT,2.0,1.0,1.0,0.0,1.0,1.0,9.0,6,8.0,0.0,0.0,0.0,0.0,0.0,15.0,2.0,8.0,0,1,1,0.0,0.0,1.0,0.5,1.0,33.0,22.0,0.1111111111111111,0.6666666666666666,0.0,,,,1.0,0.0,0.2,0.1,0.1,0.0,0.1,0.1,0.9,0.6,0.8,0.0,0.0,0.0,0.0,0.0,1.5,0.2,0.8,0.0,0.1,0.1,0.0,0.0,0.1,0.05,0.1,3.3,2.2,0.1
2023,000417,Finn Sullivan,D,Defense,last_10,2,2023-06-03,2023-06-10,ARC|CHA,CAN,0.0,0.0,0.0,0.0,0.0,0.0,0.0,0,0.0,0.0,0.0,0.0,0.0,0.0,3.0,1.0,0.0,0,0,0,0.0,0.0,0.0,0.0,0.0,9.0,8.0,,,,,,,,,0.0,0.0,0.0,0.0,0.0,0.0,0.0,0.0,0.0,0.0,0.0,0.0,0.0,0.0,1.5,0.5,0.0,0.0,0.0,0.0,0.0,0.0,0.0,0.0,0.0,4.5,4.0,0.0
2023,000418,Dillon Ward,G,Goalie,last_10,9,2023-06-16,2023-09-24,ARC|ATL|CAN|CHA|OUT|WHP,WAT,0.0,0.0,0.0,0.0,0.0,0.0,0.0,0,0.0,123.0,38.0,85.0,89.0,106.79156520348995,9.0,3.0,3.0,0,0,0,84.0,5.0,0.0,0.0,0.0,93.0,90.0,,,,0.5942028985507246,30.89430894308943,0.18357487922705315,,,0.0,0.0,0.0,0.0,0.0,0.0,0.0,0.0,0.0,13.666666666666666,4.222222222222222,9.444444444444445,9.88888888888889,11.86572946705444,1.0,0.3333333333333333,0.3333333333333333,0.0,0.0,0.0,9.333333333333334,0.5555555555555556,0.0,0.0,0.0,10.333333333333334,10.0,0.0
2023,000419,Zed Williams,A,Attack,last_10,10,2023-06-10,2023-09-04,ARC|ATL|CAN|CHA|OUT|RED|WAT,WHP,24.0,17.0,17.0,0.0,17.0,7.0,79.0,49,4.0,0.0,0.0,0.0,0.0,0.0,10.0,14.0,2.0,0,0,0,0.0,0.0,1.0,0.5,30.0,253.0,160.0,0.21518987341772153,0.620253164556962,,,,,0.23333333333333334,0.0,2.4,1.7,1.7,0.0,1.7,0.7,7.9,4.9,0.4,0.0,0.0,0.0,0.0,0.0,1.0,1.4,0.2,0.0,0.0,0.0,0.0,0.0,0.1,0.05,3.0,25.3,16.0,3.0
2023,000422,Eli Salama,LSM,Long Stick Midfield,last_10,10,2023-06-04,2023-08-27,ARC|ATL|CAN|CHA|RED|WAT|WHP,OUT,3.0,2.0,0.0,1.0,1.0,1.0,7.0,3,5.0,0.0,0.0,0.0,0.0,0.0,13.0,7.0,6.0,0,28,28,0.0,0.0,3.0,3.0,3.0,36.0,22.0,0.14285714285714285,0.42857142857142855,0.0,,,,0.3333333333333333,0.2,0.3,0.2,0.0,0.1,0.1,0.1,0.7,0.3,0.5,0.0,0.0,0.0,0.0,0.0,1.3,0.7,0.6,0.0,2.8,2.8,0.0,0.0,0.3,0.3,0.3,3.6,2.2,0.3
2023,000424,Jake Pulver,D,Defense,last_10,10,2023-06-03,2023-09-10,ARC|ATL|CHA|OUT|RED|WAT,CAN,0.0,0.0,0.0,0.0,0.0,0.0,0.0,0,0.0,0.0,0.0,0.0,0.0,0.0,10.0,2.0,3.0,5,42,47,0.0,0.0,0.0,0.0,0.0,24.0,22.0,,,0.10638297872340426,,,,,,0.0,0.0,0.0,0.0,0.0,0.0,0.0,0.0,0.0,0.0,0.0,0.0,0.0,0.0,1.0,0.2,0.3,0.5,4.2,4.7,0.0,0.0,0.0,0.0,0.0,2.4,2.2,0.0
2023,000425,Jesse King,M,Midfield,last_10,6,2023-07-15,2023-08-27,ARC|ATL|CAN|CHA|RED|WHP,OUT,8.0,3.0,3.0,0.0,3.0,5.0,12.0,9,1.0,0.0,0.0,0.0,0.0,0.0,2.0,9.0,1.0,0,0,0,0.0,0.0,1.0,0.5,17.0,101.0,80.0,0.25,0.75,,,,,0.29411764705882354,0.0,1.3333333333333333,0.5,0.5,0.0,0.5,0.8333333333333334,2.0,1.5,0.16666666666666666,0.0,0.0,0.0,0.0,0.0,0.3333333333333333,1.5,0.16666666666666666,0.0,0.0,0.0,0.0,0.0,0.16666666666666666,0.08333333333333333,2.8333333333333335,16.833333333333332,13.333333333333334,2.8333333333333335
2023,000614,Brian Phipps,G,Goalie,last_10,2,2023-07-14,2023-09-04,WAT,WHP,0.0,0.0,0.0,0.0,0.0,0.0,0.0,0,0.0,14.0,3.0,11.0,18.0,27.890743194905415,2.0,0.0,0.0,0,0,0,17.0,1.0,0.0,0.0,1.0,17.0,17.0,,,,0.45161290322580644,21.428571428571427,0.0967741935483871,0.0,,0.0,0.0,0.0,0.0,0.0,0.0,0.0,0.0,0.0,7.0,1.5,5.5,9.0,13.945371597452707,1.0,0.0,0.0,0.0,0.0,0.0,8.5,0.5,0.0,0.0,0.5,8.5,8.5,0.5
2023,000727,CJ Costabile,LSM,Long Stick Midfield,last_10,10,2023-06-04,2023-09-04,ATL|CAN|OUT|RED|WAT|WHP,CHA,5.0,5.0,1.0,2.0,3.0,0.0,12.0,6,7.0,0.0,0.0,0.0,0.0,0.0,16.0,5.0,3.0,1,4,5,0.0,0.0,2.0,2.0,4.0,43.0,26.0,0.25,0.5,0.2,,,,0.0,0.2857142857142857,0.5,0.5,0.1,0.2,0.3,0.0,1.2,0.6,0.7,0.0,0.0,0.0,0.0,0.0,1.6,0.5,0.3,0.1,0.4,0.5,0.0,0.0,0.2,0.2,0.4,4.3,2.6,0.4
2023,000815,Austin Kaut,G,Goalie,last_10,2,2023-07-09,2023-08-27,OUT|RED,CHA,0.0,0.0,0.0,0.0,0.0,0.0,0.0,0,0.0,15.0,4.0,11.0,13.0,12.999999999999998,1.0,0.0,0.0,0,0,0,13.0,0.0,1.0,0.0,0.0,13.0,13.0,,,,0.5357142857142857,26.666666666666668,0.14285714285714285,,,0.0,0.0,0.0,0.0,0.0,0.0,0.0,0.0,0.0,7.5,2.0,5.5,6.5,6.499999999999999,0.5,0.0,0.0,0.0,0.0,0.0,6.5,0.0,0.5,0.0,0.0,6.5,6.5,0.0
2023,000823,Mark Cockerton,A,Attack,last_10,1,2023-08-19,2023-08-19,CAN,ATL,0.0,0.0,0.0,0.0,0.0,0.0,1.0,0,0.0,0.0,0.0,0.0,0.0,0.0,0.0,1.0,0.0,0,0,0,0.0,0.0,0.0,0.0,1.0,7.0,5.0,0.0,0.0,,,,,0.0,,0.0,0.0,0.0,0.0,0.0,0.0,1.0,0.0,0.0,0.0,0.0,0.0,0.0,0.0,0.0,1.0,0.0,0.0,0.0,0.0,0.0,0.0,0.0,0.0,1.0,7.0,5.0,1.0
2023,000921,Challen Rogers,M,Midfield,last_10,10,2023-06-17,2023-09-24,ATL|CHA|OUT|RED|WAT|WHP,ARC,6.0,3.0,3.0,0.0,3.0,3.0,15.0,9,1.0,0.0,0.0,0.0,0.0,0.0,11.0,11.0,1.0,0,0,0,0.0,0.0,1.0,0.5,13.0,89.0,63.0,0.2,0.6,,,,,0.23076923076923078,0.0,0.6,0.3,0.3,0.0,0.3,0.3,1.5,0.9,0.1,0.0,0.0,0.0,0.0,0.0,1.1,1.1,0.1,0.0,0.0,0.0,0.0,0.0,0.1,0.05,1.3,8.9,6.3,1.3
2023,000922,Graeme Hossack,D,Defense,last_10,10,2023-06-17,2023-09-24,ATL|CHA|OUT|RED|WAT|WHP,ARC,1.0,0.0,0.0,0.0,0.0,1.0,3.0,1,3.0,0.0,0.0,0.0,0.0,0.0,31.0,2.0,10.0,4,10,14,0.0,0.0,6.0,5.0,8.0,72.0,67.0,0.0,0.3333333333333333,0.2857142857142857,,,,0.125,0.0,0.1,0.0,0.0,0.0,0.0,0.1,0.3,0.1,0.3,0.0,0.0,0.0,0.0,0.0,3.1,0.2,1.0,0.4,1.0,1.4,0.0,0.0,0.6,0.5,0.8,7.2,6.7,0.8
2023,000925,Liam Byrnes,D,Defense,last_10,10,2023-07-08,2023-09-24,ARC|ATL|CAN|CHA|OUT|WHP,WAT,2.0,0.0,0.0,0.0,0.0,2.0,4.0,0,1.0,0.0,0.0,0.0,0.0,0.0,35.0,6.0,5.0,0,0,0,0.0,0.0,2.0,2.0,3.0,94.0,84.0,0.0,0.0,,,,,0.6666666666666666,0.0,0.2,0.0,0.0,0.0,0.0,0.2,0.4,0.0,0.1,0.0,0.0,0.0,0.0,0.0,3.5,0.6,0.5,0.0,0.0,0.0,0.0,0.0,0.2,0.2,0.3,9.4,8.4,0.3
2023,000978,Kyle Jackson,M,Midfield,last_10,10,2023-06-04,2023-09-04,ARC|ATL|CAN|OUT|RED|WAT|WHP,CHA,13.0,10.0,10.0,0.0,10.0,3.0,40.0,26,6.0,0.0,0.0,0.0,0.0,0.0,8.0,13.0,2.0,0,0,0,0.0,0.0,0.0,0.0,25.0,244.0,191.0,0.25,0.65,,,,,0.12,0.0,1.3,1.0,1.0,0.0,1.0,0.3,4.0,2.6,0.6,0.0,0.0,0.0,0.0,0.0,0.8,1.3,0.2,0.0,0.0,0.0,0.0,0.0,0.0,0.0,2.5,24.4,19.1,2.5
2023,001001,Dylan Molloy,M,Midfield,last_10,5,2023-06-17,2023-09-04,CAN|RED,ATL|OUT,4.0,3.0,3.0,0.0,3.0,1.0,13.0,9,1.0,0.0,0.0,0.0,0.0,0.0,2.0,11.0,0.0,0,0,0,0.0,0.0,0.0,0.0,7.0,68.0,44.0,0.23076923076923078,0.6923076923076923,,,,,0.14285714285714285,0.0,0.8,0.6,0.6,0.0,0.6,0.2,2.6,1.8,0.2,0.0,0.0,0.0,0.0,0.0,0.4,2.2,0.0,0.0,0.0,0.0,0.0,0.0,0.0,0.0,1.4,13.6,8.8,1.4
2023,001009,Colin Heacock,M,Midfield,last_10,8,2023-06-04,2023-08-27,ARC|ATL|CHA|RED|WAT|WHP,OUT,2.0,2.0,2.0,0.0,2.0,0.0,21.0,5,1.0,0.0,0.0,0.0,0.0,0.0,3.0,3.0,0.0,0,0,0,0.0,0.0,1.0,0.0,5.0,97.0,73.0,0.09523809523809523,0.23809523809523808,,,,,0.0,0.0,0.25,0.25,0.25,0.0,0.25,0.0,2.625,0.625,0.125,0.0,0.0,0.0,0.0,0.0,0.375,0.375,0.0,0.0,0.0,0.0,0.0,0.0,0.125,0.0,0.625,12.125,9.125,0.625
2023,001010,Isaiah Davis-Allen,SSDM,Defensive Midfield,last_10,10,2023-06-17,2023-09-10,ARC|ATL|CAN|CHA|OUT|WHP,RED,0.0,0.0,0.0,0.0,0.0,0.0,2.0,1,1.0,0.0,0.0,0.0,0.0,0.0,10.0,3.0,3.0,4,8,12,0.0,0.0,1.0,1.0,3.0,56.0,51.0,0.0,0.5,0.3333333333333333,,,,0.0,0.0,0.0,0.0,0.0,0.0,0.0,0.0,0.2,0.1,0.1,0.0,0.0,0.0,0.0,0.0,1.0,0.3,0.3,0.4,0.8,1.2,0.0,0.0,0.1,0.1,0.3,5.6,5.1,0.3
2023,001020,Mike Messenger,SSDM,Defensive Midfield,last_10,5,2023-06-04,2023-07-15,ARC|CAN|WAT|WHP,OUT,4.0,4.0,4.0,0.0,4.0,0.0,11.0,9,1.0,0.0,0.0,0.0,0.0,0.0,7.0,3.0,4.0,4,6,10,0.0,0.0,1.0,0.5,5.0,70.0,56.0,0.36363636363636365,0.8181818181818182,0.4,,,,0.0,0.0,0.8,0.8,0.8,0.0,0.8,0.0,2.2,1.8,0.2,0.0,0.0,0.0,0.0,0.0,1.4,0.6,0.8,0.8,1.2,2.0,0.0,0.0,0.2,0.1,1.0,14.0,11.2,1.0
2023,001397,Michael Rexrode,D,Defense,last_10,10,2023-06-10,2023-09-04,ARC|CAN|CHA|OUT|RED|WAT|WHP,ATL,2.0,2.0,2.0,0.0,2.0,0.0,4.0,3,2.0,0.0,0.0,0.0,0.0,0.0,20.0,3.0,9.0,0,0,0,0.0,0.0,3.0,2.5,1.0,52.0,45.0,0.5,0.75,,,,,0.0,0.0,0.2,0.2,0.2,0.0,0.2,0.0,0.4,0.3,0.2,0.0,0.0,0.0,0.0,0.0,2.0,0.3,0.9,0.0,0.0,0.0,0.0,0.0,0.3,0.25,0.1,5.2,4.5,0.1
2023,001402,Max Adler,FO,Faceoff,last_10,1,2023-07-09,2023-07-09,RED,CHA,0.0,0.0,0.0,0.0,0.0,0.0,1.0,1,0.0,0.0,0.0,0.0,0.0,0.0,7.0,2.0,0.0,11,13,24,0.0,0.0,0.0,0.0,0.0,6.0,3.0,0.0,1.0,0.4583333333333333,,,,,,0.0,0.0,0.0,0.0,0.0,0.0,1.0,1.0,0.0,0.0,0.0,0.0,0.0,0.0,7.0,2.0,0.0,11.0,13.0,24.0,0.0,0.0,0.0,0.0,0.0,6.0,3.0,0.0
2023,001406,Ben Randall,D,Defense,last_10,10,2023-07-08,2023-09-24,ARC|ATL|CAN|CHA|OUT|WHP,WAT,2.0,2.0,0.0,1.0,1.0,0.0,5.0,3,5.0,0.0,0.0,0.0,0.0,0.0,22.0,4.0,10.0,0,0,0,0.0,0.0,0.0,0.0,3.0,78.0,69.0,0.2,0.6,,,,,0.0,0.2,0.2,0.2,0.0,0.1,0.1,0.0,0.5,0.3,0.5,0.0,0.0,0.0,0.0,0.0,2.2,0.4,1.0,0.0,0.0,0.0,0.0,0.0,0.0,0.0,0.3,7.8,6.9,0.3
2023,001415,Greg Weyl,D,Defense,last_10,1,2023-07-08,2023-07-08,WAT,OUT,1.0,1.0,1.0,0.0,1.0,0.0,1.0,1,0.0,0.0,0.0,0.0,0.0,0.0,4.0,0.0,2.0,0,0,0,0.0,0.0,2.0,1.5,1.0,10.0,9.0,1.0,1.0,,,,,0.0,,1.0,1.0,1.0,0.0,1.0,0.0,1.0,1.0,0.0,0.0,0.0,0.0,0.0,0.0,4.0,0.0,2.0,0.0,0.0,0.0,0.0,0.0,2.0,1.5,1.0,10.0,9.0,1.0
2023,001661,Warren Jeffrey,D,Defense,last_10,10,2023-06-17,2023-09-24,ATL|CHA|OUT|RED|WAT|WHP,ARC,1.0,0.0,0.0,0.0,0.0,1.0,0.0,0,0.0,0.0,0.0,0.0,0.0,0.0,13.0,3.0,8.0,0,0,0,0.0,0.0,3.0,2.5,2.0,50.0,47.0,,,,,,,0.5,,0.1,0.0,0.0,0.0,0.0,0.1,0.0,0.0,0.0,0.0,0.0,0.0,0.0,0.0,1.3,0.3,0.8,0.0,0.0,0.0,0.0,0.0,0.3,0.25,0.2,5.0,4.7,0.2
2023,001671,Zach Goodrich,SSDM,Defensive Midfield,last_10,10,2023-06-17,2023-09-10,ATL|OUT|RED|WAT|WHP,CAN,1.0,0.0,0.0,0.0,0.0,1.0,0.0,0,0.0,0.0,0.0,0.0,0.0,0.0,9.0,1.0,5.0,3,0,3,0.0,0.0,1.0,0.5,3.0,64.0,63.0,,,1.0,,,,0.3333333333333333,,0.1,0.0,0.0,0.0,0.0,0.1,0.0,0.0,0.0,0.0,0.0,0.0,0.0,0.0,0.9,0.1,0.5,0.3,0.0,0.3,0.0,0.0,0.1,0.05,0.3,6.4,6.3,0.3
2023,001707,Matt Whitcher,SSDM,Defensive Midfield,last_10,10,2023-07-08,2023-09-24,ARC|ATL|CAN|CHA|OUT|WHP,WAT,4.0,4.0,4.0,0.0,4.0,0.0,8.0,7,0.0,0.0,0.0,0.0,0.0,0.0,21.0,4.0,8.0,0,0,0,0.0,0.0,2.0,1.0,5.0,67.0,55.0,0.5,0.875,,,,,0.0,,0.4,0.4,0.4,0.0,0.4,0.0,0.8,0.7,0.0,0.0,0.0,0.0,0.0,0.0,2.1,0.4,0.8,0.0,0.0,0.0,0.0,0.0,0.2,0.1,0.5,6.7,5.5,0.5
2023,001719,Jack Jasinski,,,last_10,1,2023-06-04,2023-06-04,WAT,CHA,2.0,1.0,1.0,0.0,1.0,1.0,2.0,1,0.0,0.0,0.0,0.0,0.0,0.0,0.0,2.0,1.0,0,0,0,0.0,0.0,1.0,1.0,3.0,22.0,18.0,0.5,0.5,,,,,0.3333333333333333,,2.0,1.0,1.0,0.0,1.0,1.0,2.0,1.0,0.0,0.0,0.0,0.0,0.0,0.0,0.0,2.0,1.0,0.0,0.0,0.0,0.0,0.0,1.0,1.0,3.0,22.0,18.0,3.0
2023,001724,Sean Sconone,G,Goalie,last_10,9,2023-06-04,2023-08-20,ARC|ATL|CAN|RED|WAT|WHP,OUT,0.0,0.0,0.0,0.0,0.0,0.0,0.0,0,0.0,107.0,32.0,75.0,106.0,108.18401623332173,15.0,7.0,1.0,0,0,0,97.0,9.0,0.0,0.0,3.0,140.0,133.0,,,,0.5245098039215687,29.906542056074763,0.1568627450980392,0.0,,0.0,0.0,0.0,0.0,0.0,0.0,0.0,0.0,0.0,11.88888888888889,3.5555555555555554,8.333333333333334,11.777777777777779,12.02044624814686,1.6666666666666667,0.7777777777777778,0.1111111111111111,0.0,0.0,0.0,10.777777777777779,1.0,0.0,0.0,0.3333333333333333,15.555555555555555,14.777777777777779,0.3333333333333333
2023,001727,Bradley Voigt,A,Attack,last_10,1,2023-06-04,2023-06-04,WAT,CHA,1.0,1.0,1.0,0.0,1.0,0.0,2.0,2,0.0,0.0,0.0,0.0,0.0,0.0,2.0,4.0,0.0,0,0,0,0.0,0.0,0.0,0.0,3.0,18.0,12.0,0.5,1.0,,,,,0.0,,1.0,1.0,1.0,0.0,1.0,0.0,2.0,2.0,0.0,0.0,0.0,0.0,0.0,0.0,2.0,4.0,0.0,0.0,0.0,0.0,0.0,0.0,0.0,0.0,3.0,18.0,12.0,3.0
2023,001729,Chris Aslanian,M,Midfield,last_10,10,2023-06-17,2023-09-10,ATL|OUT|RED|WAT|WHP,CAN,22.0,16.0,6.0,5.0,11.0,6.0,47.0,24,19.0,0.0,0.0,0.0,0.0,0.0,3.0,10.0,1.0,0,0,0,0.0,0.0,0.0,0.0,17.0,208.0,151.0,0.23404255319148937,0.5106382978723404,,,,,0.35294117647058826,0.2631578947368421,2.2,1.6,0.6,0.5,1.1,0.6,4.7,2.4,1.9,0.0,0.0,0.0,0.0,0.0,0.3,1.0,0.1,0.0,0.0,0.0,0.0,0.0,0.0,0.0,1.7,20.8,15.1,1.7
2023,001733,Charlie Hayes,SSDM,Defensive Midfield,last_10,10,2023-07-08,2023-09-24,ARC|ATL|CAN|CHA|OUT|WHP,WAT,2.0,2.0,2.0,0.0,2.0,0.0,5.0,4,1.0,0.0,0.0,0.0,0.0,0.0,14.0,3.0,5.0,0,0,0,0.0,0.0,1.0,1.0,0.0,50.0,42.0,0.4,0.8,,,,,,0.0,0.2,0.2,0.2,0.0,0.2,0.0,0.5,0.4,0.1,0.0,0.0,0.0,0.0,0.0,1.4,0.3,0.5,0.0,0.0,0.0,0.0,0.0,0.1,0.1,0.0,5.0,4.2,0.0
2023,001760,Pat Aslanian,SSDM,Defensive Midfield,last_10,10,2023-06-17,2023-09-10,ATL|OUT|RED|WAT|WHP,CAN,3.0,2.0,0.0,1.0,1.0,1.0,6.0,2,4.0,0.0,0.0,0.0,0.0,0.0,4.0,3.0,1.0,0,0,0,0.0,0.0,4.0,2.5,2.0,51.0,42.0,0.16666666666666666,0.3333333333333333,,,,,0.5,0.25,0.3,0.2,0.0,0.1,0.1,0.1,0.6,0.2,0.4,0.0,0.0,0.0,0.0,0.0,0.4,0.3,0.1,0.0,0.0,0.0,0.0,0.0,0.4,0.25,0.2,5.1,4.2,0.2
2023,001773,Nick Washuta,G,Goalie,last_10,4,2023-06-03,2023-08-26,CAN|OUT|WAT|WHP,ARC,0.0,0.0,0.0,0.0,0.0,0.0,0.0,0,0.0,14.0,5.0,9.0,15.0,149.0479937489489,1.0,0.0,1.0,0,0,0,13.0,2.0,0.0,0.0,0.0,10.0,10.0,,,,0.5185185185185185,35.714285714285715,0.18518518518518517,,,0.0,0.0,0.0,0.0,0.0,0.0,0.0,0.0,0.0,3.5,1.25,2.25,3.75,37.261998437237224,0.25,0.0,0.25,0.0,0.0,0.0,3.25,0.5,0.0,0.0,0.0,2.5,2.5,0.0
2023,001793,Chase Fraser,A,Attack,last_10,4,2023-06-10,2023-09-04,CAN|OUT|RED,CHA,4.0,4.0,4.0,0.0,4.0,0.0,19.0,12,3.0,0.0,0.0,0.0,0.0,0.0,4.0,5.0,1.0,0,0,0,0.0,0.0,0.0,0.0,1.0,68.0,44.0,0.21052631578947367,0.631578947368421,,,,,0.0,0.0,1.0,1.0,1.0,0.0,1.0,0.0,4.75,3.0,0.75,0.0,0.0,0.0,0.0,0.0,1.0,1.25,0.25,0.0,0.0,0.0,0.0,0.0,0.0,0.0,0.25,17.0,11.0,0.25
2023,001795,Christian Scarpello,SSDM,Defensive Midfield,last_10,10,2023-07-08,2023-09-24,ARC|ATL|CAN|CHA|OUT|WHP,WAT,2.0,1.0,1.0,0.0,1.0,1.0,4.0,4,0.0,0.0,0.0,0.0,0.0,0.0,20.0,1.0,1.0,0,0,0,0.0,0.0,0.0,0.0,2.0,74.0,69.0,0.25,1.0,,,,,0.5,,0.2,0.1,0.1,0.0,0.1,0.1,0.4,0.4,0.0,0.0,0.0,0.0,0.0,0.0,2.0,0.1,0.1,0.0,0.0,0.0,0.0,0.0,0.0,0.0,0.2,7.4,6.9,0.2
2023,001796,Latrell Harris,SSDM,Defensive Midfield,last_10,10,2023-06-03,2023-08-26,ATL|CAN|CHA|OUT|RED|WAT|WHP,ARC,4.0,2.0,2.0,0.0,2.0,2.0,4.0,2,0.0,0.0,0.0,0.0,0.0,0.0,19.0,2.0,6.0,0,0,0,0.0,0.0,3.0,2.5,14.0,81.0,75.0,0.5,0.5,,,,,0.14285714285714285,,0.4,0.2,0.2,0.0,0.2,0.2,0.4,0.2,0.0,0.0,0.0,0.0,0.0,0.0,1.9,0.2,0.6,0.0,0.0,0.0,0.0,0.0,0.3,0.25,1.4,8.1,7.5,1.4
2023,001809,Jeff Teat,A,Attack,last_10,10,2023-06-10,2023-09-04,ARC|CAN|CHA|OUT|RED|WAT|WHP,ATL,34.0,12.0,12.0,0.0,12.0,22.0,39.0,29,0.0,0.0,0.0,0.0,0.0,0.0,13.0,22.0,2.0,0,0,0,0.0,0.0,0.0,0.0,80.0,341.0,280.0,0.3076923076923077,0.7435897435897436,,,,,0.275,,3.4,1.2,1.2,0.0,1.2,2.2,3.9,2.9,0.0,0.0,0.0,0.0,0.0,0.0,1.3,2.2,0.2,0.0,0.0,0.0,0.0,0.0,0.0,0.0,8.0,34.1,28.0,8.0
2023,001810,Michael Sowers,A,Attack,last_10,10,2023-07-08,2023-09-24,ARC|ATL|CAN|CHA|OUT|WHP,WAT,39.0,21.0,21.0,0.0,21.0,18.0,75.0,49,1.0,0.0,0.0,0.0,0.0,0.0,11.0,21.0,1.0,0,0,0,0.0,0.0,0.0,0.0,52.0,343.0,247.0,0.28,0.6533333333333333,,,,,0.34615384615384615,0.0,3.9,2.1,2.1,0.0,2.1,1.8,7.5,4.9,0.1,0.0,0.0,0.0,0.0,0.0,1.1,2.1,0.1,0.0,0.0,0.0,0.0,0.0,0.0,0.0,5.2,34.3,24.7,5.2
2023,001811,JT Giles-Harris,D,Defense,last_10,9,2023-06-04,2023-08-27,ARC|ATL|CAN|CHA|RED|WHP,OUT,0.0,0.0,0.0,0.0,0.0,0.0,0.0,0,0.0,0.0,0.0,0.0,0.0,0.0,11.0,1.0,7.0,0,0,0,0.0,0.0,1.0,1.0,1.0,90.0,89.0,,,,,,,0.0,,0.0,0.0,0.0,0.0,0.0,0.0,0.0,0.0,0.0,0.0,0.0,0.0,0.0,0.0,1.2222222222222223,0.1111111111111111,0.7777777777777778,0.0,0.0,0.0,0.0,0.0,0.1111111111111111,0.1111111111111111,0.1111111111111111,10.0,9.88888888888889,0.1111111111111111
2023,001812,TD Ierlan,FO,Faceoff,last_10,10,2023-06-17,2023-09-10,ARC|ATL|CAN|CHA|OUT|WHP,RED,1.0,1.0,1.0,0.0,1.0,0.0,10.0,8,0.0,0.0,0.0,0.0,0.0,0.0,120.0,5.0,3.0,161,65,226,0.0,0.0,2.0,1.5,12.0,114.0,99.0,0.1,0.8,0.7123893805309734,,,,0.0,,0.1,0.1,0.1,0.0,0.1,0.0,1.0,0.8,0.0,0.0,0.0,0.0,0.0,0.0,12.0,0.5,0.3,16.1,6.5,22.6,0.0,0.0,0.2,0.15,1.2,11.4,9.9,1.2
2023,001813,Jared Conners,LSM,Long Stick Midfield,last_10,10,2023-06-09,2023-09-24,ATL|CHA|OUT|RED|WAT|WHP,ARC,5.0,4.0,0.0,2.0,2.0,1.0,13.0,6,9.0,0.0,0.0,0.0,0.0,0.0,17.0,6.0,10.0,0,2,2,0.0,0.0,1.0,0.5,3.0,64.0,45.0,0.15384615384615385,0.46153846153846156,0.0,,,,0.3333333333333333,0.2222222222222222,0.5,0.4,0.0,0.2,0.2,0.1,1.3,0.6,0.9,0.0,0.0,0.0,0.0,0.0,1.7,0.6,1.0,0.0,0.2,0.2,0.0,0.0,0.1,0.05,0.3,6.4,4.5,0.3
2023,001814,Mac O'Keefe,A,Attack,last_10,10,2023-06-17,2023-09-24,ATL|CHA|OUT|RED|WAT|WHP,ARC,35.0,29.0,23.0,3.0,26.0,6.0,90.0,53,14.0,0.0,0.0,0.0,0.0,0.0,21.0,11.0,2.0,0,0,0,0.0,0.0,3.0,1.5,19.0,253.0,152.0,0.28888888888888886,0.5888888888888889,,,,,0.3157894736842105,0.21428571428571427,3.5,2.9,2.3,0.3,2.6,0.6,9.0,5.3,1.4,0.0,0.0,0.0,0.0,0.0,2.1,1.1,0.2,0.0,0.0,0.0,0.0,0.0,0.3,0.15,1.9,25.3,15.2,1.9
2023,001815,Connor Kirst,SSDM,Defensive Midfield,last_10,10,2023-06-10,2023-09-04,ARC|ATL|CAN|CHA|OUT|RED|WAT,WHP,9.0,7.0,5.0,1.0,6.0,2.0,19.0,12,5.0,0.0,0.0,0.0,0.0,0.0,23.0,5.0,2.0,0,0,0,0.0,0.0,1.0,0.5,9.0,102.0,78.0,0.3157894736842105,0.631578947368421,,,,,0.2222222222222222,0.2,0.9,0.7,0.5,0.1,0.6,0.2,1.9,1.2,0.5,0.0,0.0,0.0,0.0,0.0,2.3,0.5,0.2,0.0,0.0,0.0,0.0,0.0,0.1,0.05,0.9,10.2,7.8,0.9
2023,001817,Jack Kielty,D,Defense,last_10,10,2023-06-17,2023-09-10,ATL|OUT|RED|WAT|WHP,CAN,0.0,0.0,0.0,0.0,0.0,0.0,2.0,1,1.0,0.0,0.0,0.0,0.0,0.0,17.0,0.0,10.0,0,0,0,0.0,0.0,2.0,2.0,2.0,92.0,90.0,0.0,0.5,,,,,0.0,0.0,0.0,0.0,0.0,0.0,0.0,0.0,0.2,0.1,0.1,0.0,0.0,0.0,0.0,0.0,1.7,0.0,1.0,0.0,0.0,0.0,0.0,0.0,0.2,0.2,0.2,9.2,9.0,0.2
2023,001818,Jake Carraway,M,Midfield,last_10,10,2023-06-04,2023-09-24,ARC|ATL|CAN|CHA|OUT|RED|WHP,WAT,19.0,17.0,11.0,3.0,14.0,2.0,39.0,28,11.0,0.0,0.0,0.0,0.0,0.0,7.0,3.0,1.0,0,0,0,0.0,0.0,2.0,1.0,24.0,232.0,190.0,0.358974358974359,0.717948717948718,,,,,0.08333333333333333,0.2727272727272727,1.9,1.7,1.1,0.3,1.4,0.2,3.9,2.8,1.1,0.0,0.0,0.0,0.0,0.0,0.7,0.3,0.1,0.0,0.0,0.0,0.0,0.0,0.2,0.1,2.4,23.2,19.0,2.4
2023,001819,Danny Logan,SSDM,Defensive Midfield,last_10,10,2023-06-03,2023-09-04,ARC|CAN|CHA|OUT|RED|WAT,ATL,5.0,4.0,4.0,0.0,4.0,1.0,11.0,9,3.0,0.0,0.0,0.0,0.0,0.0,14.0,5.0,2.0,0,4,4,0.0,0.0,2.0,1.0,4.0,73.0,57.0,0.36363636363636365,0.8181818181818182,0.0,,,,0.25,0.0,0.5,0.4,0.4,0.0,0.4,0.1,1.1,0.9,0.3,0.0,0.0,0.0,0.0,0.0,1.4,0.5,0.2,0.0,0.4,0.4,0.0,0.0,0.2,0.1,0.4,7.3,5.7,0.4
2023,001820,Ryan Terefenko,SSDM,Defensive Midfield,last_10,10,2023-06-04,2023-08-27,ARC|ATL|CAN|CHA|RED|WAT|WHP,OUT,5.0,3.0,3.0,0.0,3.0,2.0,15.0,8,0.0,0.0,0.0,0.0,0.0,0.0,14.0,8.0,2.0,0,2,2,0.0,0.0,1.0,0.5,11.0,118.0,95.0,0.2,0.5333333333333333,0.0,,,,0.18181818181818182,,0.5,0.3,0.3,0.0,0.3,0.2,1.5,0.8,0.0,0.0,0.0,0.0,0.0,0.0,1.4,0.8,0.2,0.0,0.2,0.2,0.0,0.0,0.1,0.05,1.1,11.8,9.5,1.1
2023,001821,Tre Leclaire,M,Midfield,last_10,10,2023-06-17,2023-09-24,ATL|CHA|OUT|RED|WAT|WHP,ARC,23.0,18.0,14.0,2.0,16.0,5.0,41.0,29,7.0,0.0,0.0,0.0,0.0,0.0,20.0,12.0,1.0,0,0,0,0.0,0.0,0.0,0.0,30.0,236.0,183.0,0.3902439024390244,0.7073170731707317,,,,,0.16666666666666666,0.2857142857142857,2.3,1.8,1.4,0.2,1.6,0.5,4.1,2.9,0.7,0.0,0.0,0.0,0.0,0.0,2.0,1.2,0.1,0.0,0.0,0.0,0.0,0.0,0.0,0.0,3.0,23.6,18.3,3.0
2023,001825,Peter Dearth,SSDM,Defensive Midfield,last_10,6,2023-06-03,2023-08-26,CAN|CHA|RED|WAT|WHP,ATL,0.0,0.0,0.0,0.0,0.0,0.0,3.0,3,0.0,0.0,0.0,0.0,0.0,0.0,11.0,3.0,1.0,0,0,0,0.0,0.0,3.0,1.5,2.0,31.0,25.0,0.0,1.0,,,,,0.0,,0.0,0.0,0.0,0.0,0.0,0.0,0.5,0.5,0.0,0.0,0.0,0.0,0.0,0.0,1.8333333333333333,0.5,0.16666666666666666,0.0,0.0,0.0,0.0,0.0,0.5,0.25,0.3333333333333333,5.166666666666667,4.166666666666667,0.3333333333333333
2023,001826,Jeff Trainor,SSDM,Defensive Midfield,last_10,10,2023-06-17,2023-09-10,ATL|OUT|RED|WAT|WHP,CAN,5.0,3.0,3.0,0.0,3.0,2.0,11.0,5,2.0,0.0,0.0,0.0,0.0,0.0,6.0,3.0,8.0,0,0,0,0.0,0.0,3.0,2.5,8.0,76.0,62.0,0.2727272727272727,0.45454545454545453,,,,,0.25,0.0,0.5,0.3,0.3,0.0,0.3,0.2,1.1,0.5,0.2,0.0,0.0,0.0,0.0,0.0,0.6,0.3,0.8,0.0,0.0,0.0,0.0,0.0,0.3,0.25,0.8,7.6,6.2,0.8
2023,001828,Justin Anderson,M,Midfield,last_10,10,2023-06-04,2023-08-27,ARC|ATL|CAN|CHA|RED|WAT|WHP,OUT,10.0,9.0,9.0,0.0,9.0,1.0,37.0,27,6.0,0.0,0.0,0.0,0.0,0.0,2.0,10.0,3.0,0,0,0,0.0,0.0,1.0,0.0,17.0,187.0,140.0,0.24324324324324326,0.7297297297297297,,,,,0.058823529411764705,0.0,1.0,0.9,0.9,0.0,0.9,0.1,3.7,2.7,0.6,0.0,0.0,0.0,0.0,0.0,0.2,1.0,0.3,0.0,0.0,0.0,0.0,0.0,0.1,0.0,1.7,18.7,14.0,1.7
2023,001831,Colin Squires,LSM,Long Stick Midfield,last_10,10,2023-06-10,2023-09-04,ARC|ATL|CAN|CHA|OUT|RED|WAT,WHP,2.0,2.0,0.0,1.0,1.0,0.0,5.0,1,4.0,0.0,0.0,0.0,0.0,0.0,13.0,0.0,6.0,1,21,22,0.0,0.0,0.0,0.0,1.0,31.0,26.0,0.2,0.2,0.045454545454545456,,,,0.0,0.25,0.2,0.2,0.0,0.1,0.1,0.0,0.5,0.1,0.4,0.0,0.0,0.0,0.0,0.0,1.3,0.0,0.6,0.1,2.1,2.2,0.0,0.0,0.0,0.0,0.1,3.1,2.6,0.1
2023,001832,Charlie Bertrand,M,Midfield,last_10,10,2023-06-17,2023-09-10,ARC|ATL|CAN|CHA|OUT|WHP,RED,14.0,8.0,8.0,0.0,8.0,6.0,44.0,20,2.0,0.0,0.0,0.0,0.0,0.0,8.0,14.0,1.0,0,0,0,0.0,0.0,0.0,0.0,17.0,248.0,190.0,0.18181818181818182,0.45454545454545453,,,,,0.35294117647058826,0.0,1.4,0.8,0.8,0.0,0.8,0.6,4.4,2.0,0.2,0.0,0.0,0.0,0.0,0.0,0.8,1.4,0.1,0.0,0.0,0.0,0.0,0.0,0.0,0.0,1.7,24.8,19.0,1.7
2023,001835,Ethan Walker,A,Attack,last_10,10,2023-07-08,2023-09-24,ARC|ATL|CAN|CHA|OUT|WHP,WAT,33.0,17.0,17.0,0.0,17.0,16.0,58.0,41,0.0,0.0,0.0,0.0,0.0,0.0,18.0,9.0,0.0,0,0,0,0.0,0.0,1.0,0.5,45.0,356.0,289.0,0.29310344827586204,0.7068965517241379,,,,,0.35555555555555557,,3.3,1.7,1.7,0.0,1.7,1.6,5.8,4.1,0.0,0.0,0.0,0.0,0.0,0.0,1.8,0.9,0.0,0.0,0.0,0.0,0.0,0.0,0.1,0.05,4.5,35.6,28.9,4.5
2023,001836,Jackson Morrill,A,Attack,last_10,10,2023-06-09,2023-09-04,ARC|ATL|CAN|RED|WAT|WHP,OUT|WHP,22.0,11.0,11.0,0.0,11.0,11.0,30.0,26,0.0,0.0,0.0,0.0,0.0,0.0,9.0,14.0,1.0,0,0,0,0.0,0.0,0.0,0.0,51.0,356.0,312.0,0.36666666666666664,0.8666666666666667,,,,,0.21568627450980393,,2.2,1.1,1.1,0.0,1.1,1.1,3.0,2.6,0.0,0.0,0.0,0.0,0.0,0.0,0.9,1.4,0.1,0.0,0.0,0.0,0.0,0.0,0.0,0.0,5.1,35.6,31.2,5.1
2023,001838,Ryan Smith,M,Midfield,last_10,10,2023-06-10,2023-09-04,ARC|ATL|CAN|OUT|RED|WAT|WHP,CHA,19.0,15.0,15.0,0.0,15.0,4.0,38.0,25,0.0,0.0,0.0,0.0,0.0,0.0,7.0,8.0,0.0,0,0,0,0.0,0.0,0.0,0.0,18.0,126.0,80.0,0.39473684210526316,0.6578947368421053,,,,,0.2222222222222222,,1.9,1.5,1.5,0.0,1.5,0.4,3.8,2.5,0.0,0.0,0.0,0.0,0.0,0.0,0.7,0.8,0.0,0.0,0.0,0.0,0.0,0.0,0.0,0.0,1.8,12.6,8.0,1.8
2023,001839,Nick Grill,LSM,Long Stick Midfield,last_10,10,2023-06-04,2023-08-27,ARC|ATL|CAN|CHA|RED|WAT|WHP,OUT,1.0,0.0,0.0,0.0,0.0,1.0,0.0,0,0.0,0.0,0.0,0.0,0.0,0.0,12.0,1.0,6.0,0,3,3,0.0,0.0,1.0,0.5,4.0,41.0,40.0,,,0.0,,,,0.25,,0.1,0.0,0.0,0.0,0.0,0.1,0.0,0.0,0.0,0.0,0.0,0.0,0.0,0.0,1.2,0.1,0.6,0.0,0.3,0.3,0.0,0.0,0.1,0.05,0.4,4.1,4.0,0.4
2023,001843,Cole Williams,M,Midfield,last_10,2,2023-08-12,2023-08-27,ARC|CHA,OUT,1.0,1.0,1.0,0.0,1.0,0.0,6.0,3,1.0,0.0,0.0,0.0,0.0,0.0,0.0,6.0,0.0,0,0,0,0.0,0.0,1.0,1.0,1.0,27.0,15.0,0.16666666666666666,0.5,,,,,0.0,0.0,0.5,0.5,0.5,0.0,0.5,0.0,3.0,1.5,0.5,0.0,0.0,0.0,0.0,0.0,0.0,3.0,0.0,0.0,0.0,0.0,0.0,0.0,0.5,0.5,0.5,13.5,7.5,0.5
2023,001846,Adam Charalambides,A,Attack,last_10,2,2023-08-19,2023-08-26,ATL|WHP,CAN,3.0,3.0,3.0,0.0,3.0,0.0,10.0,5,0.0,0.0,0.0,0.0,0.0,0.0,6.0,3.0,0.0,0,0,0,0.0,0.0,1.0,0.5,0.0,44.0,31.0,0.3,0.5,,,,,,,1.5,1.5,1.5,0.0,1.5,0.0,5.0,2.5,0.0,0.0,0.0,0.0,0.0,0.0,3.0,1.5,0.0,0.0,0.0,0.0,0.0,0.0,0.5,0.25,0.0,22.0,15.5,0.0
2023,002001,Kevin Rogers,M,Midfield,last_10,2,2023-07-30,2023-08-06,CAN|CHA,RED,4.0,2.0,2.0,0.0,2.0,2.0,7.0,6,1.0,0.0,0.0,0.0,0.0,0.0,2.0,1.0,0.0,0,0,0,0.0,0.0,0.0,0.0,7.0,47.0,39.0,0.2857142857142857,0.8571428571428571,,,,,0.2857142857142857,0.0,2.0,1.0,1.0,0.0,1.0,1.0,3.5,3.0,0.5,0.0,0.0,0.0,0.0,0.0,1.0,0.5,0.0,0.0,0.0,0.0,0.0,0.0,0.0,0.0,3.5,23.5,19.5,3.5
2023,002003,Will Perry,M,Midfield,last_10,8,2023-06-04,2023-08-20,ARC|ATL|CAN|RED|WAT|WHP,CHA,5.0,5.0,5.0,0.0,5.0,0.0,30.0,13,5.0,0.0,0.0,0.0,0.0,0.0,4.0,2.0,0.0,0,0,0,0.0,0.0,0.0,0.0,9.0,134.0,102.0,0.16666666666666666,0.43333333333333335,,,,,0.0,0.0,0.625,0.625,0.625,0.0,0.625,0.0,3.75,1.625,0.625,0.0,0.0,0.0,0.0,0.0,0.5,0.25,0.0,0.0,0.0,0.0,0.0,0.0,0.0,0.0,1.125,16.75,12.75,1.125
2023,002006,Reid Bowering,M,Midfield,last_10,1,2023-09-24,2023-09-24,WAT,ARC,1.0,1.0,1.0,0.0,1.0,0.0,1.0,1,0.0,0.0,0.0,0.0,0.0,0.0,0.0,1.0,0.0,0,0,0,0.0,0.0,0.0,0.0,0.0,7.0,5.0,1.0,1.0,,,,,,,1.0,1.0,1.0,0.0,1.0,0.0,1.0,1.0,0.0,0.0,0.0,0.0,0.0,0.0,0.0,1.0,0.0,0.0,0.0,0.0,0.0,0.0,0.0,0.0,0.0,7.0,5.0,0.0
2023,002014,Drake Porter,G,Goalie,last_10,3,2023-07-09,2023-09-04,CAN|CHA,ATL,0.0,0.0,0.0,0.0,0.0,0.0,0.0,0,0.0,19.0,2.0,17.0,27.0,41.28668941979522,4.0,2.0,0.0,0,0,0,27.0,0.0,0.0,0.0,0.0,23.0,21.0,,,,0.41304347826086957,10.526315789473683,0.043478260869565216,,,0.0,0.0,0.0,0.0,0.0,0.0,0.0,0.0,0.0,6.333333333333333,0.6666666666666666,5.666666666666667,9.0,13.762229806598407,1.3333333333333333,0.6666666666666666,0.0,0.0,0.0,0.0,9.0,0.0,0.0,0.0,0.0,7.666666666666667,7.0,0.0
2023,002015,Logan Wisnauskas,A,Attack,last_10,10,2023-06-04,2023-08-27,ARC|ATL|CAN|CHA|RED|WAT|WHP,OUT,18.0,11.0,11.0,0.0,11.0,7.0,54.0,33,1.0,0.0,0.0,0.0,0.0,0.0,18.0,17.0,3.0,0,0,0,0.0,0.0,1.0,1.0,39.0,312.0,241.0,0.2037037037037037,0.6111111111111112,,,,,0.1794871794871795,0.0,1.8,1.1,1.1,0.0,1.1,0.7,5.4,3.3,0.1,0.0,0.0,0.0,0.0,0.0,1.8,1.7,0.3,0.0,0.0,0.0,0.0,0.0,0.1,0.1,3.9,31.2,24.1,3.9
2023,002016,Chris Gray,A,Attack,last_10,10,2023-06-10,2023-09-04,ARC|CAN|CHA|OUT|RED|WAT|WHP,ATL,37.0,23.0,19.0,2.0,21.0,14.0,73.0,49,4.0,0.0,0.0,0.0,0.0,0.0,16.0,25.0,1.0,0,0,0,0.0,0.0,0.0,0.0,48.0,337.0,239.0,0.2876712328767123,0.6712328767123288,,,,,0.2916666666666667,0.5,3.7,2.3,1.9,0.2,2.1,1.4,7.3,4.9,0.4,0.0,0.0,0.0,0.0,0.0,1.6,2.5,0.1,0.0,0.0,0.0,0.0,0.0,0.0,0.0,4.8,33.7,23.9,4.8
2023,002017,Arden Cohen,D,Defense,last_10,10,2023-06-17,2023-09-10,ARC|ATL|CAN|CHA|OUT|WHP,RED,2.0,2.0,0.0,1.0,1.0,0.0,1.0,1,1.0,0.0,0.0,0.0,0.0,0.0,12.0,5.0,8.0,0,0,0,0.0,0.0,0.0,0.0,1.0,60.0,54.0,1.0,1.0,,,,,0.0,1.0,0.2,0.2,0.0,0.1,0.1,0.0,0.1,0.1,0.1,0.0,0.0,0.0,0.0,0.0,1.2,0.5,0.8,0.0,0.0,0.0,0.0,0.0,0.0,0.0,0.1,6.0,5.4,0.1
2023,002018,Matt Moore,A,Attack,last_10,10,2023-06-03,2023-09-24,ATL|CAN|CHA|OUT|RED|WAT|WHP,ARC,21.0,11.0,11.0,0.0,11.0,10.0,57.0,36,7.0,0.0,0.0,0.0,0.0,0.0,17.0,12.0,1.0,0,0,0,0.0,0.0,1.0,1.0,37.0,225.0,156.0,0.19298245614035087,0.631578947368421,,,,,0.2702702702702703,0.0,2.1,1.1,1.1,0.0,1.1,1.0,5.7,3.6,0.7,0.0,0.0,0.0,0.0,0.0,1.7,1.2,0.1,0.0,0.0,0.0,0.0,0.0,0.1,0.1,3.7,22.5,15.6,3.7
2023,002019,Koby Smith,LSM,Long Stick Midfield,last_10,3,2023-07-16,2023-08-05,ARC|CHA|OUT,ATL,2.0,2.0,0.0,1.0,1.0,0.0,5.0,2,4.0,0.0,0.0,0.0,0.0,0.0,3.0,2.0,2.0,0,0,0,0.0,0.0,1.0,0.5,0.0,12.0,5.0,0.2,0.4,,,,,,0.25,0.6666666666666666,0.6666666666666666,0.0,0.3333333333333333,0.3333333333333333,0.0,1.6666666666666667,0.6666666666666666,1.3333333333333333,0.0,0.0,0.0,0.0,0.0,1.0,0.6666666666666666,0.6666666666666666,0.0,0.0,0.0,0.0,0.0,0.3333333333333333,0.16666666666666666,0.0,4.0,1.6666666666666667,0.0
2023,002020,Brett Kennedy,LSM,Long Stick Midfield,last_10,3,2023-07-09,2023-07-30,ARC|CHA|WAT,WHP,1.0,0.0,0.0,0.0,0.0,1.0,0.0,0,0.0,0.0,0.0,0.0,0.0,0.0,7.0,3.0,4.0,0,0,0,0.0,0.0,1.0,1.0,1.0,23.0,20.0,,,,,,,1.0,,0.3333333333333333,0.0,0.0,0.0,0.0,0.3333333333333333,0.0,0.0,0.0,0.0,0.0,0.0,0.0,0.0,2.3333333333333335,1.0,1.3333333333333333,0.0,0.0,0.0,0.0,0.0,0.3333333333333333,0.3333333333333333,0.3333333333333333,7.666666666666667,6.666666666666667,0.3333333333333333
2023,002021,Roman Puglise,SSDM,Defensive Midfield,last_10,10,2023-06-04,2023-09-04,ARC|ATL|CAN|CHA|OUT|RED|WAT,WHP,5.0,5.0,1.0,2.0,3.0,0.0,9.0,4,5.0,0.0,0.0,0.0,0.0,0.0,11.0,4.0,3.0,0,0,0,0.0,0.0,1.0,2.0,4.0,69.0,56.0,0.3333333333333333,0.4444444444444444,,,,,0.0,0.4,0.5,0.5,0.1,0.2,0.3,0.0,0.9,0.4,0.5,0.0,0.0,0.0,0.0,0.0,1.1,0.4,0.3,0.0,0.0,0.0,0.0,0.0,0.1,0.2,0.4,6.9,5.6,0.4
2023,002022,Zach Geddes,SSDM,Defensive Midfield,last_10,10,2023-06-10,2023-09-04,ARC|ATL|CAN|OUT|RED|WAT|WHP,CHA,6.0,3.0,3.0,0.0,3.0,3.0,10.0,6,3.0,0.0,0.0,0.0,0.0,0.0,18.0,3.0,5.0,0,0,0,0.0,0.0,2.0,1.0,11.0,76.0,63.0,0.3,0.6,,,,,0.2727272727272727,0.0,0.6,0.3,0.3,0.0,0.3,0.3,1.0,0.6,0.3,0.0,0.0,0.0,0.0,0.0,1.8,0.3,0.5,0.0,0.0,0.0,0.0,0.0,0.2,0.1,1.1,7.6,6.3,1.1
2023,002023,Brendan Nichtern,A,Attack,last_10,2,2023-07-08,2023-07-15,CAN|WAT,OUT,2.0,1.0,1.0,0.0,1.0,1.0,7.0,4,0.0,0.0,0.0,0.0,0.0,0.0,1.0,11.0,1.0,0,0,0,0.0,0.0,2.0,1.0,6.0,72.0,54.0,0.14285714285714285,0.5714285714285714,,,,,0.16666666666666666,,1.0,0.5,0.5,0.0,0.5,0.5,3.5,2.0,0.0,0.0,0.0,0.0,0.0,0.0,0.5,5.5,0.5,0.0,0.0,0.0,0.0,0.0,1.0,0.5,3.0,36.0,27.0,3.0
2023,002024,Asher Nolting,A,Attack,last_10,10,2023-06-17,2023-09-10,ATL|OUT|RED|WAT|WHP,CAN,42.0,23.0,23.0,0.0,23.0,19.0,57.0,44,0.0,0.0,0.0,0.0,0.0,0.0,16.0,19.0,0.0,0,0,0,0.0,0.0,4.0,2.0,73.0,318.0,242.0,0.40350877192982454,0.7719298245614035,,,,,0.2602739726027397,,4.2,2.3,2.3,0.0,2.3,1.9,5.7,4.4,0.0,0.0,0.0,0.0,0.0,0.0,1.6,1.9,0.0,0.0,0.0,0.0,0.0,0.0,0.4,0.2,7.3,31.8,24.2,7.3
2023,002025,Bubba Fairman,SSDM,Defensive Midfield,last_10,10,2023-06-17,2023-09-10,ATL|OUT|RED|WAT|WHP,CAN,4.0,0.0,0.0,0.0,0.0,4.0,4.0,2,0.0,0.0,0.0,0.0,0.0,0.0,10.0,2.0,15.0,0,1,1,0.0,0.0,3.0,1.5,7.0,85.0,79.0,0.0,0.5,0.0,,,,0.5714285714285714,,0.4,0.0,0.0,0.0,0.0,0.4,0.4,0.2,0.0,0.0,0.0,0.0,0.0,0.0,1.0,0.2,1.5,0.0,0.1,0.1,0.0,0.0,0.3,0.15,0.7,8.5,7.9,0.7
2023,002026,Brett Dobson,G,Goalie,last_10,10,2023-06-17,2023-09-24,ATL|CHA|OUT|RED|WAT|WHP,ARC,0.0,0.0,0.0,0.0,0.0,0.0,0.0,0,0.0,125.0,42.0,83.0,97.0,104.31312696422066,27.0,0.0,2.0,0,0,0,89.0,8.0,0.0,0.0,3.0,138.0,138.0,,,,0.5841121495327103,33.6,0.19626168224299065,0.0,,0.0,0.0,0.0,0.0,0.0,0.0,0.0,0.0,0.0,12.5,4.2,8.3,9.7,10.431312696422065,2.7,0.0,0.2,0.0,0.0,0.0,8.9,0.8,0.0,0.0,0.3,13.8,13.8,0.3
2023,002027,Brendan Curry,M,Midfield,last_10,9,2023-06-03,2023-09-04,ARC|CAN|OUT|RED|WAT|WHP,ATL,9.0,5.0,5.0,0.0,5.0,4.0,18.0,10,1.0,0.0,0.0,0.0,0.0,0.0,5.0,4.0,0.0,0,0,0,0.0,0.0,0.0,0.0,14.0,93.0,71.0,0.2777777777777778,0.5555555555555556,,,,,0.2857142857142857,0.0,1.0,0.5555555555555556,0.5555555555555556,0.0,0.5555555555555556,0.4444444444444444,2.0,1.1111111111111112,0.1111111111111111,0.0,0.0,0.0,0.0,0.0,0.5555555555555556,0.4444444444444444,0.0,0.0,0.0,0.0,0.0,0.0,0.0,0.0,1.5555555555555556,10.333333333333334,7.888888888888889,1.5555555555555556
2023,002028,Jack Hannah,M,Midfield,last_10,10,2023-06-04,2023-09-24,ARC|ATL|CAN|CHA|WHP,WAT,24.0,16.0,10.0,3.0,13.0,8.0,57.0,30,5.0,0.0,0.0,0.0,0.0,0.0,9.0,9.0,1.0,0,0,0,0.0,0.0,1.0,1.0,22.0,189.0,123.0,0.22807017543859648,0.5263157894736842,,,,,0.36363636363636365,0.6,2.4,1.6,1.0,0.3,1.3,0.8,5.7,3.0,0.5,0.0,0.0,0.0,0.0,0.0,0.9,0.9,0.1,0.0,0.0,0.0,0.0,0.0,0.1,0.1,2.2,18.9,12.3,2.2
2023,002030,Jonathan Donville,M,Midfield,last_10,10,2023-06-17,2023-09-10,ATL|OUT|RED|WAT|WHP,CAN,25.0,15.0,15.0,0.0,15.0,10.0,37.0,29,0.0,0.0,0.0,0.0,0.0,0.0,8.0,4.0,1.0,0,0,0,0.0,0.0,1.0,1.0,31.0,198.0,157.0,0.40540540540540543,0.7837837837837838,,,,,0.3225806451612903,,2.5,1.5,1.5,0.0,1.5,1.0,3.7,2.9,0.0,0.0,0.0,0.0,0.0,0.0,0.8,0.4,0.1,0.0,0.0,0.0,0.0,0.0,0.1,0.1,3.1,19.8,15.7,3.1
2023,002033,Nakeie Montgomery,M,Midfield,last_10,10,2023-06-03,2023-08-26,ARC|ATL|CAN|CHA|OUT|WAT|WHP,RED,9.0,4.0,2.0,1.0,3.0,5.0,31.0,19,6.0,0.0,0.0,0.0,0.0,0.0,17.0,9.0,1.0,0,0,0,0.0,0.0,0.0,0.0,14.0,132.0,92.0,0.0967741935483871,0.6129032258064516,,,,,0.35714285714285715,0.16666666666666666,0.9,0.4,0.2,0.1,0.3,0.5,3.1,1.9,0.6,0.0,0.0,0.0,0.0,0.0,1.7,0.9,0.1,0.0,0.0,0.0,0.0,0.0,0.0,0.0,1.4,13.2,9.2,1.4
2023,002034,Keegan Khan,M,Midfield,last_10,8,2023-06-04,2023-08-19,ARC|ATL|CHA|OUT|WAT,WHP,7.0,5.0,5.0,0.0,5.0,2.0,14.0,10,0.0,0.0,0.0,0.0,0.0,0.0,4.0,2.0,0.0,0,0,0,0.0,0.0,0.0,0.0,13.0,87.0,71.0,0.35714285714285715,0.7142857142857143,,,,,0.15384615384615385,,0.875,0.625,0.625,0.0,0.625,0.25,1.75,1.25,0.0,0.0,0.0,0.0,0.0,0.0,0.5,0.25,0.0,0.0,0.0,0.0,0.0,0.0,0.0,0.0,1.625,10.875,8.875,1.625
2023,002035,Max Wayne,D,Defense,last_10,9,2023-06-17,2023-09-10,ATL|OUT|RED|WAT|WHP,CAN,0.0,0.0,0.0,0.0,0.0,0.0,0.0,0,0.0,0.0,0.0,0.0,0.0,0.0,26.0,4.0,8.0,0,0,0,0.0,0.0,4.0,3.5,0.0,57.0,53.0,,,,,,,,,0.0,0.0,0.0,0.0,0.0,0.0,0.0,0.0,0.0,0.0,0.0,0.0,0.0,0.0,2.888888888888889,0.4444444444444444,0.8888888888888888,0.0,0.0,0.0,0.0,0.0,0.4444444444444444,0.3888888888888889,0.0,6.333333333333333,5.888888888888889,0.0
2023,002036,Jake Higgins,SSDM,Defensive Midfield,last_10,10,2023-06-10,2023-09-24,ARC|ATL|CAN|CHA|OUT|RED|WHP,WAT,3.0,2.0,2.0,0.0,2.0,1.0,4.0,3,1.0,0.0,0.0,0.0,0.0,0.0,12.0,5.0,8.0,0,0,0,0.0,0.0,1.0,1.0,2.0,60.0,51.0,0.5,0.75,,,,,0.5,0.0,0.3,0.2,0.2,0.0,0.2,0.1,0.4,0.3,0.1,0.0,0.0,0.0,0.0,0.0,1.2,0.5,0.8,0.0,0.0,0.0,0.0,0.0,0.1,0.1,0.2,6.0,5.1,0.2
2023,002038,Colin Kirst,G,Goalie,last_10,10,2023-06-17,2023-09-10,ATL|OUT|RED|WAT|WHP,CAN,1.0,0.0,0.0,0.0,0.0,1.0,0.0,0,0.0,135.0,34.0,101.0,117.0,115.30611611300839,24.0,9.0,1.0,0,0,0,111.0,6.0,0.0,0.0,3.0,196.0,187.0,,,,0.5487804878048781,25.185185185185183,0.13821138211382114,0.3333333333333333,,0.1,0.0,0.0,0.0,0.0,0.1,0.0,0.0,0.0,13.5,3.4,10.1,11.7,11.530611611300838,2.4,0.9,0.1,0.0,0.0,0.0,11.1,0.6,0.0,0.0,0.3,19.6,18.7,0.3
2023,002039,Owen McElroy,G,Goalie,last_10,4,2023-06-17,2023-08-27,ARC|ATL|CAN|CHA,OUT,0.0,0.0,0.0,0.0,0.0,0.0,0.0,0,0.0,13.0,4.0,9.0,13.0,12.999999999999998,6.0,1.0,0.0,0,0,0,13.0,0.0,0.0,0.0,1.0,22.0,21.0,,,,0.5,30.76923076923077,0.15384615384615385,0.0,,0.0,0.0,0.0,0.0,0.0,0.0,0.0,0.0,0.0,3.25,1.0,2.25,3.25,3.2499999999999996,1.5,0.25,0.0,0.0,0.0,0.0,3.25,0.0,0.0,0.0,0.25,5.5,5.25,0.25
2023,002040,Jackson Reid,M,Midfield,last_10,2,2023-06-04,2023-06-17,OUT|RED,WHP,0.0,0.0,0.0,0.0,0.0,0.0,4.0,4,0.0,0.0,0.0,0.0,0.0,0.0,0.0,2.0,0.0,0,0,0,0.0,0.0,0.0,0.0,3.0,16.0,10.0,0.0,1.0,,,,,0.0,,0.0,0.0,0.0,0.0,0.0,0.0,2.0,2.0,0.0,0.0,0.0,0.0,0.0,0.0,0.0,1.0,0.0,0.0,0.0,0.0,0.0,0.0,0.0,0.0,1.5,8.0,5.0,1.5
2023,002042,Jon Robbins,LSM,Long Stick Midfield,last_10,6,2023-06-03,2023-07-30,CAN|CHA|OUT|RED|WAT|WHP,ARC,1.0,1.0,1.0,0.0,1.0,0.0,3.0,2,0.0,0.0,0.0,0.0,0.0,0.0,7.0,1.0,5.0,0,0,0,0.0,0.0,0.0,0.0,1.0,27.0,23.0,0.3333333333333333,0.6666666666666666,,,,,0.0,,0.16666666666666666,0.16666666666666666,0.16666666666666666,0.0,0.16666666666666666,0.0,0.5,0.3333333333333333,0.0,0.0,0.0,0.0,0.0,0.0,1.1666666666666667,0.16666666666666666,0.8333333333333334,0.0,0.0,0.0,0.0,0.0,0.0,0.0,0.16666666666666666,4.5,3.8333333333333335,0.16666666666666666
2023,002043,Ryan Aughavin,M,Midfield,last_10,6,2023-06-09,2023-09-24,OUT|RED|WAT|WHP,ARC,8.0,7.0,3.0,2.0,5.0,1.0,18.0,10,5.0,0.0,0.0,0.0,0.0,0.0,4.0,1.0,0.0,0,0,0,0.0,0.0,0.0,0.0,4.0,71.0,52.0,0.2777777777777778,0.5555555555555556,,,,,0.25,0.4,1.3333333333333333,1.1666666666666667,0.5,0.3333333333333333,0.8333333333333334,0.16666666666666666,3.0,1.6666666666666667,0.8333333333333334,0.0,0.0,0.0,0.0,0.0,0.6666666666666666,0.16666666666666666,0.0,0.0,0.0,0.0,0.0,0.0,0.0,0.0,0.6666666666666666,11.833333333333334,8.666666666666666,0.6666666666666666
2023,002046,Kevin Lindley,A,Attack,last_10,2,2023-06-17,2023-08-20,ARC|WAT,CHA,1.0,1.0,1.0,0.0,1.0,0.0,4.0,2,0.0,0.0,0.0,0.0,0.0,0.0,2.0,1.0,0.0,0,0,0,0.0,0.0,0.0,0.0,4.0,22.0,17.0,0.25,0.5,,,,,0.0,,0.5,0.5,0.5,0.0,0.5,0.0,2.0,1.0,0.0,0.0,0.0,0.0,0.0,0.0,1.0,0.5,0.0,0.0,0.0,0.0,0.0,0.0,0.0,0.0,2.0,11.0,8.5,2.0
2023,002049,Marc O'Rourke,M,Midfield,last_10,5,2023-06-03,2023-08-12,CHA|RED|WAT|WHP,ATL,4.0,2.0,2.0,0.0,2.0,2.0,14.0,8,2.0,0.0,0.0,0.0,0.0,0.0,1.0,4.0,0.0,0,0,0,0.0,0.0,0.0,0.0,4.0,66.0,48.0,0.14285714285714285,0.5714285714285714,,,,,0.5,0.0,0.8,0.4,0.4,0.0,0.4,0.4,2.8,1.6,0.4,0.0,0.0,0.0,0.0,0.0,0.2,0.8,0.0,0.0,0.0,0.0,0.0,0.0,0.0,0.0,0.8,13.2,9.6,0.8
2023,002051,Connor DeSimone,A,Attack,last_10,2,2023-06-03,2023-06-09,CAN|OUT,ARC,1.0,1.0,1.0,0.0,1.0,0.0,7.0,5,0.0,0.0,0.0,0.0,0.0,0.0,1.0,1.0,0.0,0,0,0,0.0,0.0,0.0,0.0,2.0,28.0,20.0,0.14285714285714285,0.7142857142857143,,,,,0.0,,0.5,0.5,0.5,0.0,0.5,0.0,3.5,2.5,0.0,0.0,0.0,0.0,0.0,0.0,0.5,0.5,0.0,0.0,0.0,0.0,0.0,0.0,0.0,0.0,1.0,14.0,10.0,1.0
2023,002054,Chris Merle,SSDM,Defensive Midfield,last_10,8,2023-06-03,2023-09-10,ARC|ATL|CAN|CHA|OUT|WAT,RED,2.0,1.0,1.0,0.0,1.0,1.0,2.0,2,0.0,0.0,0.0,0.0,0.0,0.0,15.0,4.0,3.0,0,0,0,0.0,0.0,1.0,1.0,1.0,54.0,48.0,0.5,1.0,,,,,1.0,,0.25,0.125,0.125,0.0,0.125,0.125,0.25,0.25,0.0,0.0,0.0,0.0,0.0,0.0,1.875,0.5,0.375,0.0,0.0,0.0,0.0,0.0,0.125,0.125,0.125,6.75,6.0,0.125
2023,002056,Matt Rahill,D,Defense,last_10,1,2023-07-14,2023-07-14,WAT,WHP,0.0,0.0,0.0,0.0,0.0,0.0,0.0,0,0.0,0.0,0.0,0.0,0.0,0.0,1.0,0.0,0.0,0,0,0,0.0,0.0,0.0,0.0,0.0,2.0,2.0,,,,,,,,,0.0,0.0,0.0,0.0,0.0,0.0,0.0,0.0,0.0,0.0,0.0,0.0,0.0,0.0,1.0,0.0,0.0,0.0,0.0,0.0,0.0,0.0,0.0,0.0,0.0,2.0,2.0,0.0
2023,002059,Brendan Krebs,G,Goalie,last_10,4,2023-07-30,2023-08-19,ARC|CHA|OUT,WHP,0.0,0.0,0.0,0.0,0.0,0.0,0.0,0,0.0,54.0,17.0,37.0,47.0,47.0,11.0,2.0,1.0,0,0,0,44.0,3.0,0.0,0.0,1.0,72.0,70.0,,,,0.5510204081632653,31.48148148148148,0.17346938775510204,0.0,,0.0,0.0,0.0,0.0,0.0,0.0,0.0,0.0,0.0,13.5,4.25,9.25,11.75,11.75,2.75,0.5,0.25,0.0,0.0,0.0,11.0,0.75,0.0,0.0,0.25,18.0,17.5,0.25
2023,002063,Ryan Kennedy,LSM,Long Stick Midfield,last_10,10,2023-06-10,2023-09-10,ARC|ATL|CAN|CHA|OUT|WAT,RED,1.0,1.0,1.0,0.0,1.0,0.0,3.0,3,1.0,0.0,0.0,0.0,0.0,0.0,10.0,2.0,3.0,0,6,6,0.0,0.0,0.0,0.0,1.0,29.0,24.0,0.3333333333333333,1.0,0.0,,,,0.0,0.0,0.1,0.1,0.1,0.0,0.1,0.0,0.3,0.3,0.1,0.0,0.0,0.0,0.0,0.0,1.0,0.2,0.3,0.0,0.6,0.6,0.0,0.0,0.0,0.0,0.1,2.9,2.4,0.1
2023,002065,Anthony DeMaio,M,Midfield,last_10,4,2023-06-03,2023-07-15,ARC|ATL|CHA|WAT,RED,1.0,1.0,1.0,0.0,1.0,0.0,13.0,8,1.0,0.0,0.0,0.0,0.0,0.0,1.0,0.0,0.0,0,0,0,0.0,0.0,0.0,0.0,3.0,49.0,36.0,0.07692307692307693,0.6153846153846154,,,,,0.0,0.0,0.25,0.25,0.25,0.0,0.25,0.0,3.25,2.0,0.25,0.0,0.0,0.0,0.0,0.0,0.25,0.0,0.0,0.0,0.0,0.0,0.0,0.0,0.0,0.0,0.75,12.25,9.0,0.75
2023,002067,Zac Tucci,FO,Faceoff,last_10,1,2023-06-04,2023-06-04,CHA,WAT,0.0,0.0,0.0,0.0,0.0,0.0,1.0,1,0.0,0.0,0.0,0.0,0.0,0.0,3.0,1.0,1.0,4,10,14,0.0,0.0,0.0,0.0,0.0,3.0,1.0,0.0,1.0,0.2857142857142857,,,,,,0.0,0.0,0.0,0.0,0.0,0.0,1.0,1.0,0.0,0.0,0.0,0.0,0.0,0.0,3.0,1.0,1.0,4.0,10.0,14.0,0.0,0.0,0.0,0.0,0.0,3.0,1.0,0.0
2023,002074,Alexander Smith,SSDM,Defensive Midfield,last_10,10,2023-06-04,2023-08-27,ARC|ATL|CAN|CHA|RED|WAT|WHP,OUT,1.0,0.0,0.0,0.0,0.0,1.0,1.0,1,0.0,0.0,0.0,0.0,0.0,0.0,11.0,2.0,2.0,0,0,0,0.0,0.0,3.0,1.5,2.0,58.0,55.0,0.0,1.0,,,,,0.5,,0.1,0.0,0.0,0.0,0.0,0.1,0.1,0.1,0.0,0.0,0.0,0.0,0.0,0.0,1.1,0.2,0.2,0.0,0.0,0.0,0.0,0.0,0.3,0.15,0.2,5.8,5.5,0.2
2023,003003,Sean Lulley,M,Midfield,last_10,1,2023-06-04,2023-06-04,OUT,WHP,0.0,0.0,0.0,0.0,0.0,0.0,5.0,4,0.0,0.0,0.0,0.0,0.0,0.0,2.0,2.0,0.0,0,0,0,0.0,0.0,0.0,0.0,5.0,31.0,24.0,0.0,0.8,,,,,0.0,,0.0,0.0,0.0,0.0,0.0,0.0,5.0,4.0,0.0,0.0,0.0,0.0,0.0,0.0,2.0,2.0,0.0,0.0,0.0,0.0,0.0,0.0,0.0,0.0,5.0,31.0,24.0,5.0
2023,003004,Mike Sisselberger,FO,Faceoff,last_10,10,2023-06-17,2023-09-24,ATL|CHA|OUT|RED|WAT|WHP,ARC,2.0,2.0,2.0,0.0,2.0,0.0,12.0,7,1.0,0.0,0.0,0.0,0.0,0.0,116.0,22.0,1.0,167,81,251,0.0,0.0,0.0,0.0,1.0,105.0,71.0,0.16666666666666666,0.5833333333333334,0.6653386454183267,,,,0.0,0.0,0.2,0.2,0.2,0.0,0.2,0.0,1.2,0.7,0.1,0.0,0.0,0.0,0.0,0.0,11.6,2.2,0.1,16.7,8.1,25.1,0.0,0.0,0.0,0.0,0.1,10.5,7.1,0.1
2023,003005,Connor Maher,SSDM,Defensive Midfield,last_10,10,2023-06-17,2023-09-24,ATL|CHA|OUT|RED|WAT|WHP,ARC,4.0,3.0,3.0,0.0,3.0,1.0,8.0,6,0.0,0.0,0.0,0.0,0.0,0.0,15.0,3.0,4.0,0,0,0,0.0,0.0,1.0,0.5,4.0,61.0,50.0,0.375,0.75,,,,,0.25,,0.4,0.3,0.3,0.0,0.3,0.1,0.8,0.6,0.0,0.0,0.0,0.0,0.0,0.0,1.5,0.3,0.4,0.0,0.0,0.0,0.0,0.0,0.1,0.05,0.4,6.1,5.0,0.4
2023,003006,Piper Bond,SSDM,Defensive Midfield,last_10,10,2023-06-17,2023-09-24,ATL|CHA|OUT|RED|WAT|WHP,ARC,2.0,0.0,0.0,0.0,0.0,2.0,8.0,4,2.0,0.0,0.0,0.0,0.0,0.0,17.0,7.0,5.0,0,0,0,0.0,0.0,2.0,1.0,5.0,105.0,90.0,0.0,0.5,,,,,0.4,0.0,0.2,0.0,0.0,0.0,0.0,0.2,0.8,0.4,0.2,0.0,0.0,0.0,0.0,0.0,1.7,0.7,0.5,0.0,0.0,0.0,0.0,0.0,0.2,0.1,0.5,10.5,9.0,0.5
2023,003007,Cam Wyers,LSM,Long Stick Midfield,last_10,7,2023-07-30,2023-09-24,ATL|OUT|RED|WAT|WHP,ARC,1.0,1.0,1.0,0.0,1.0,0.0,3.0,2,0.0,0.0,0.0,0.0,0.0,0.0,6.0,1.0,4.0,0,1,1,0.0,0.0,0.0,0.0,0.0,14.0,10.0,0.3333333333333333,0.6666666666666666,0.0,,,,,,0.14285714285714285,0.14285714285714285,0.14285714285714285,0.0,0.14285714285714285,0.0,0.42857142857142855,0.2857142857142857,0.0,0.0,0.0,0.0,0.0,0.0,0.8571428571428571,0.14285714285714285,0.5714285714285714,0.0,0.14285714285714285,0.14285714285714285,0.0,0.0,0.0,0.0,0.0,2.0,1.4285714285714286,0.0
2023,003008,Gavin Adler,D,Defense,last_10,8,2023-06-03,2023-09-04,ARC|CAN|CHA|OUT|RED|WAT|WHP,ATL,1.0,1.0,1.0,0.0,1.0,0.0,1.0,1,0.0,0.0,0.0,0.0,0.0,0.0,11.0,1.0,11.0,0,0,0,0.0,0.0,0.0,0.0,0.0,57.0,55.0,1.0,1.0,,,,,,,0.125,0.125,0.125,0.0,0.125,0.0,0.125,0.125,0.0,0.0,0.0,0.0,0.0,0.0,1.375,0.125,1.375,0.0,0.0,0.0,0.0,0.0,0.0,0.0,0.0,7.125,6.875,0.0
2023,003009,Brett Makar,LSM,Long Stick Midfield,last_10,10,2023-06-10,2023-09-04,ARC|CAN|CHA|OUT|RED|WAT|WHP,ATL,0.0,0.0,0.0,0.0,0.0,0.0,3.0,1,3.0,0.0,0.0,0.0,0.0,0.0,41.0,4.0,6.0,0,0,0,0.0,0.0,3.0,2.5,4.0,85.0,78.0,0.0,0.3333333333333333,,,,,0.0,0.0,0.0,0.0,0.0,0.0,0.0,0.0,0.3,0.1,0.3,0.0,0.0,0.0,0.0,0.0,4.1,0.4,0.6,0.0,0.0,0.0,0.0,0.0,0.3,0.25,0.4,8.5,7.8,0.4
2023,003010,Xander Dickson,M,Midfield,last_10,10,2023-06-10,2023-09-04,ARC|CAN|CHA|OUT|RED|WAT|WHP,ATL,22.0,16.0,16.0,0.0,16.0,6.0,42.0,27,0.0,0.0,0.0,0.0,0.0,0.0,15.0,15.0,3.0,0,0,0,0.0,0.0,0.0,0.0,23.0,183.0,126.0,0.38095238095238093,0.6428571428571429,,,,,0.2608695652173913,,2.2,1.6,1.6,0.0,1.6,0.6,4.2,2.7,0.0,0.0,0.0,0.0,0.0,0.0,1.5,1.5,0.3,0.0,0.0,0.0,0.0,0.0,0.0,0.0,2.3,18.3,12.6,2.3
2023,003013,Matt Campbell,M,Midfield,last_10,10,2023-06-17,2023-09-10,ATL|OUT|RED|WAT|WHP,CAN,14.0,11.0,11.0,0.0,11.0,3.0,49.0,32,5.0,0.0,0.0,0.0,0.0,0.0,10.0,12.0,0.0,0,0,0,0.0,0.0,1.0,0.5,22.0,228.0,167.0,0.22448979591836735,0.6530612244897959,,,,,0.13636363636363635,0.0,1.4,1.1,1.1,0.0,1.1,0.3,4.9,3.2,0.5,0.0,0.0,0.0,0.0,0.0,1.0,1.2,0.0,0.0,0.0,0.0,0.0,0.0,0.1,0.05,2.2,22.8,16.7,2.2
2023,003015,Will Bowen,D,Defense,last_10,10,2023-06-10,2023-09-04,ARC|ATL|CAN|OUT|RED|WAT|WHP,CHA,3.0,1.0,1.0,0.0,1.0,2.0,2.0,1,0.0,0.0,0.0,0.0,0.0,0.0,25.0,3.0,12.0,0,0,0,0.0,0.0,0.0,0.0,2.0,87.0,82.0,0.5,0.5,,,,,1.0,,0.3,0.1,0.1,0.0,0.1,0.2,0.2,0.1,0.0,0.0,0.0,0.0,0.0,0.0,2.5,0.3,1.2,0.0,0.0,0.0,0.0,0.0,0.0,0.0,0.2,8.7,8.2,0.2
2023,003016,Brian Minicus,A,Attack,last_10,10,2023-06-10,2023-09-04,ARC|ATL|CAN|OUT|RED|WAT|WHP,CHA,24.0,15.0,15.0,0.0,15.0,9.0,58.0,38,0.0,0.0,0.0,0.0,0.0,0.0,19.0,24.0,2.0,0,0,0,0.0,0.0,0.0,0.0,52.0,325.0,243.0,0.25862068965517243,0.6551724137931034,,,,,0.17307692307692307,,2.4,1.5,1.5,0.0,1.5,0.9,5.8,3.8,0.0,0.0,0.0,0.0,0.0,0.0,1.9,2.4,0.2,0.0,0.0,0.0,0.0,0.0,0.0,0.0,5.2,32.5,24.3,5.2
2023,003017,Tye Kurtz,A,Attack,last_10,6,2023-07-09,2023-08-20,ATL|RED|WAT|WHP,CHA,13.0,11.0,11.0,0.0,11.0,2.0,32.0,23,0.0,0.0,0.0,0.0,0.0,0.0,11.0,8.0,2.0,0,0,0,0.0,0.0,0.0,0.0,11.0,129.0,89.0,0.34375,0.71875,,,,,0.18181818181818182,,2.1666666666666665,1.8333333333333333,1.8333333333333333,0.0,1.8333333333333333,0.3333333333333333,5.333333333333333,3.8333333333333335,0.0,0.0,0.0,0.0,0.0,0.0,1.8333333333333333,1.3333333333333333,0.3333333333333333,0.0,0.0,0.0,0.0,0.0,0.0,0.0,1.8333333333333333,21.5,14.833333333333334,1.8333333333333333
2023,003018,Nick Rowlett,FO,Faceoff,last_10,10,2023-06-04,2023-09-04,ARC|ATL|CAN|OUT|RED|WAT|WHP,CHA,3.0,2.0,2.0,0.0,2.0,1.0,9.0,5,1.0,0.0,0.0,0.0,0.0,0.0,90.0,9.0,3.0,131,118,251,0.0,0.0,1.0,0.5,5.0,91.0,73.0,0.2222222222222222,0.5555555555555556,0.5219123505976095,,,,0.2,0.0,0.3,0.2,0.2,0.0,0.2,0.1,0.9,0.5,0.1,0.0,0.0,0.0,0.0,0.0,9.0,0.9,0.3,13.1,11.8,25.1,0.0,0.0,0.1,0.05,0.5,9.1,7.3,0.5
2023,003019,Sam Handley,M,Midfield,last_10,9,2023-06-04,2023-08-27,ARC|ATL|CAN|CHA|RED|WAT|WHP,OUT,14.0,11.0,9.0,1.0,10.0,3.0,46.0,26,12.0,0.0,0.0,0.0,0.0,0.0,7.0,15.0,1.0,0,0,0,0.0,0.0,1.0,0.5,16.0,178.0,117.0,0.21739130434782608,0.5652173913043478,,,,,0.1875,0.08333333333333333,1.5555555555555556,1.2222222222222223,1.0,0.1111111111111111,1.1111111111111112,0.3333333333333333,5.111111111111111,2.888888888888889,1.3333333333333333,0.0,0.0,0.0,0.0,0.0,0.7777777777777778,1.6666666666666667,0.1111111111111111,0.0,0.0,0.0,0.0,0.0,0.1111111111111111,0.05555555555555555,1.7777777777777777,19.77777777777778,13.0,1.7777777777777777
2023,003020,Troy Hettinger,LSM,Long Stick Midfield,last_10,5,2023-06-17,2023-08-27,ATL|CAN|CHA|WAT|WHP,OUT,0.0,0.0,0.0,0.0,0.0,0.0,1.0,0,0.0,0.0,0.0,0.0,0.0,0.0,9.0,0.0,1.0,1,17,18,0.0,0.0,0.0,0.0,1.0,14.0,13.0,0.0,0.0,0.05555555555555555,,,,0.0,,0.0,0.0,0.0,0.0,0.0,0.0,0.2,0.0,0.0,0.0,0.0,0.0,0.0,0.0,1.8,0.0,0.2,0.2,3.4,3.6,0.0,0.0,0.0,0.0,0.2,2.8,2.6,0.2
2023,003021,Jack Myers,M,Midfield,last_10,2,2023-07-09,2023-07-14,ARC|WAT,WHP,2.0,1.0,1.0,0.0,1.0,1.0,3.0,3,0.0,0.0,0.0,0.0,0.0,0.0,0.0,2.0,0.0,0,0,0,0.0,0.0,0.0,0.0,6.0,30.0,25.0,0.3333333333333333,1.0,,,,,0.16666666666666666,,1.0,0.5,0.5,0.0,0.5,0.5,1.5,1.5,0.0,0.0,0.0,0.0,0.0,0.0,0.0,1.0,0.0,0.0,0.0,0.0,0.0,0.0,0.0,0.0,3.0,15.0,12.5,3.0
2023,003022,Cross Ferrara,A,Attack,last_10,8,2023-06-04,2023-08-27,ARC|ATL|CAN|CHA|RED|WHP,OUT,14.0,12.0,12.0,0.0,12.0,2.0,54.0,35,3.0,0.0,0.0,0.0,0.0,0.0,8.0,11.0,1.0,0,0,0,0.0,0.0,0.0,0.0,27.0,281.0,216.0,0.2222222222222222,0.6481481481481481,,,,,0.07407407407407407,0.0,1.75,1.5,1.5,0.0,1.5,0.25,6.75,4.375,0.375,0.0,0.0,0.0,0.0,0.0,1.0,1.375,0.125,0.0,0.0,0.0,0.0,0.0,0.0,0.0,3.375,35.125,27.0,3.375
2023,003023,Owen Grant,LSM,Long Stick Midfield,last_10,5,2023-06-17,2023-09-10,ARC|ATL|CHA|OUT|WHP,RED,3.0,3.0,1.0,1.0,2.0,0.0,10.0,7,6.0,0.0,0.0,0.0,0.0,0.0,5.0,1.0,4.0,0,4,4,0.0,0.0,2.0,1.5,0.0,24.0,13.0,0.2,0.7,0.0,,,,,0.16666666666666666,0.6,0.6,0.2,0.2,0.4,0.0,2.0,1.4,1.2,0.0,0.0,0.0,0.0,0.0,1.0,0.2,0.8,0.0,0.8,0.8,0.0,0.0,0.4,0.3,0.0,4.8,2.6,0.0
2023,003024,Brian Tevlin,SSDM,Defensive Midfield,last_10,10,2023-06-17,2023-09-10,ARC|ATL|CAN|CHA|OUT|WHP,RED,2.0,2.0,2.0,0.0,2.0,0.0,13.0,5,1.0,0.0,0.0,0.0,0.0,0.0,14.0,5.0,7.0,0,0,0,0.0,0.0,1.0,0.5,6.0,91.0,73.0,0.15384615384615385,0.38461538461538464,,,,,0.0,0.0,0.2,0.2,0.2,0.0,0.2,0.0,1.3,0.5,0.1,0.0,0.0,0.0,0.0,0.0,1.4,0.5,0.7,0.0,0.0,0.0,0.0,0.0,0.1,0.05,0.6,9.1,7.3,0.6
2023,003025,Cole Kirst,M,Midfield,last_10,9,2023-06-10,2023-09-10,ARC|ATL|CAN|CHA|OUT|WAT|WHP,RED,20.0,15.0,13.0,1.0,14.0,5.0,46.0,32,4.0,0.0,0.0,0.0,0.0,0.0,11.0,5.0,0.0,0,0,0,0.0,0.0,0.0,0.0,18.0,194.0,143.0,0.30434782608695654,0.6956521739130435,,,,,0.2777777777777778,0.25,2.2222222222222223,1.6666666666666667,1.4444444444444444,0.1111111111111111,1.5555555555555556,0.5555555555555556,5.111111111111111,3.5555555555555554,0.4444444444444444,0.0,0.0,0.0,0.0,0.0,1.2222222222222223,0.5555555555555556,0.0,0.0,0.0,0.0,0.0,0.0,0.0,0.0,2.0,21.555555555555557,15.88888888888889,2.0
2023,003027,Thomas McConvey,M,Midfield,last_10,5,2023-07-08,2023-09-04,ARC|CAN|OUT|WHP,WAT,6.0,4.0,4.0,0.0,4.0,2.0,10.0,6,0.0,0.0,0.0,0.0,0.0,0.0,2.0,3.0,0.0,0,0,0,0.0,0.0,0.0,0.0,6.0,53.0,40.0,0.4,0.6,,,,,0.3333333333333333,,1.2,0.8,0.8,0.0,0.8,0.4,2.0,1.2,0.0,0.0,0.0,0.0,0.0,0.0,0.4,0.6,0.0,0.0,0.0,0.0,0.0,0.0,0.0,0.0,1.2,10.6,8.0,1.2
2023,003028,Alex Mazzone,LSM,Long Stick Midfield,last_10,6,2023-06-04,2023-08-06,ARC|CAN|CHA|OUT|RED|WHP,WAT,0.0,0.0,0.0,0.0,0.0,0.0,2.0,0,1.0,0.0,0.0,0.0,0.0,0.0,14.0,2.0,2.0,0,0,0,0.0,0.0,0.0,0.0,4.0,38.0,34.0,0.0,0.0,,,,,0.0,0.0,0.0,0.0,0.0,0.0,0.0,0.0,0.3333333333333333,0.0,0.16666666666666666,0.0,0.0,0.0,0.0,0.0,2.3333333333333335,0.3333333333333333,0.3333333333333333,0.0,0.0,0.0,0.0,0.0,0.0,0.0,0.6666666666666666,6.333333333333333,5.666666666666667,0.6666666666666666
2023,003029,Chris Fake,D,Defense,last_10,1,2023-06-16,2023-06-16,ATL,WAT,0.0,0.0,0.0,0.0,0.0,0.0,0.0,0,0.0,0.0,0.0,0.0,0.0,0.0,1.0,0.0,1.0,0,0,0,0.0,0.0,0.0,0.0,0.0,1.0,1.0,,,,,,,,,0.0,0.0,0.0,0.0,0.0,0.0,0.0,0.0,0.0,0.0,0.0,0.0,0.0,0.0,1.0,0.0,1.0,0.0,0.0,0.0,0.0,0.0,0.0,0.0,0.0,1.0,1.0,0.0
2023,003030,James Reilly,FO,Faceoff,last_10,2,2023-06-10,2023-06-16,ATL|RED,WAT,0.0,0.0,0.0,0.0,0.0,0.0,0.0,0,0.0,0.0,0.0,0.0,0.0,0.0,4.0,0.0,0.0,14,23,37,0.0,0.0,0.0,0.0,0.0,5.0,5.0,,,0.3783783783783784,,,,,,0.0,0.0,0.0,0.0,0.0,0.0,0.0,0.0,0.0,0.0,0.0,0.0,0.0,0.0,2.0,0.0,0.0,7.0,11.5,18.5,0.0,0.0,0.0,0.0,0.0,2.5,2.5,0.0
2023,003031,Tucker Dordevic,M,Midfield,last_10,10,2023-06-10,2023-09-04,ARC|ATL|CAN|CHA|OUT|RED|WAT,WHP,26.0,25.0,15.0,5.0,20.0,1.0,58.0,43,12.0,0.0,0.0,0.0,0.0,0.0,11.0,7.0,0.0,0,0,0,0.0,0.0,0.0,0.0,10.0,226.0,161.0,0.3448275862068966,0.7413793103448276,,,,,0.1,0.4166666666666667,2.6,2.5,1.5,0.5,2.0,0.1,5.8,4.3,1.2,0.0,0.0,0.0,0.0,0.0,1.1,0.7,0.0,0.0,0.0,0.0,0.0,0.0,0.0,0.0,1.0,22.6,16.1,1.0
2023,003032,Petey LaSalla,FO,Faceoff,last_10,10,2023-06-10,2023-09-04,ARC|ATL|CAN|CHA|OUT|RED|WAT,WHP,2.0,2.0,2.0,0.0,2.0,0.0,7.0,5,0.0,0.0,0.0,0.0,0.0,0.0,118.0,11.0,0.0,152,98,254,0.0,0.0,0.0,0.0,13.0,117.0,99.0,0.2857142857142857,0.7142857142857143,0.5984251968503937,,,,0.0,,0.2,0.2,0.2,0.0,0.2,0.0,0.7,0.5,0.0,0.0,0.0,0.0,0.0,0.0,11.8,1.1,0.0,15.2,9.8,25.4,0.0,0.0,0.0,0.0,1.3,11.7,9.9,1.3
2023,003033,Garrett Leadmon,M,Midfield,last_10,5,2023-06-04,2023-07-14,ARC|ATL|OUT|RED|WAT,WHP,3.0,2.0,2.0,0.0,2.0,1.0,12.0,7,1.0,0.0,0.0,0.0,0.0,0.0,3.0,4.0,0.0,0,0,0,0.0,0.0,0.0,0.0,11.0,54.0,38.0,0.16666666666666666,0.5833333333333334,,,,,0.09090909090909091,0.0,0.6,0.4,0.4,0.0,0.4,0.2,2.4,1.4,0.2,0.0,0.0,0.0,0.0,0.0,0.6,0.8,0.0,0.0,0.0,0.0,0.0,0.0,0.0,0.0,2.2,10.8,7.6,2.2
2023,003039,Chet Comizio,SSDM,Defensive Midfield,last_10,8,2023-06-10,2023-09-04,ARC|CAN|CHA|OUT|RED|WAT|WHP,ATL,3.0,1.0,1.0,0.0,1.0,2.0,3.0,2,0.0,0.0,0.0,0.0,0.0,0.0,16.0,2.0,2.0,0,0,0,0.0,0.0,1.0,0.5,3.0,56.0,51.0,0.3333333333333333,0.6666666666666666,,,,,0.6666666666666666,,0.375,0.125,0.125,0.0,0.125,0.25,0.375,0.25,0.0,0.0,0.0,0.0,0.0,0.0,2.0,0.25,0.25,0.0,0.0,0.0,0.0,0.0,0.125,0.0625,0.375,7.0,6.375,0.375
2023,003041,Ethan Rall,LSM,Long Stick Midfield,last_10,10,2023-06-17,2023-09-10,ATL|OUT|RED|WAT|WHP,CAN,2.0,2.0,2.0,0.0,2.0,0.0,3.0,2,1.0,0.0,0.0,0.0,0.0,0.0,32.0,2.0,20.0,10,117,128,0.0,0.0,0.0,0.0,2.0,41.0,36.0,0.6666666666666666,0.6666666666666666,0.078125,,,,0.0,0.0,0.2,0.2,0.2,0.0,0.2,0.0,0.3,0.2,0.1,0.0,0.0,0.0,0.0,0.0,3.2,0.2,2.0,1.0,11.7,12.8,0.0,0.0,0.0,0.0,0.2,4.1,3.6,0.2
2023,003047,Evan Zinn,,,last_10,1,2023-06-04,2023-06-04,WAT,CHA,0.0,0.0,0.0,0.0,0.0,0.0,2.0,1,0.0,0.0,0.0,0.0,0.0,0.0,0.0,4.0,1.0,0,0,0,0.0,0.0,0.0,0.0,2.0,19.0,13.0,0.0,0.5,,,,,0.0,,0.0,0.0,0.0,0.0,0.0,0.0,2.0,1.0,0.0,0.0,0.0,0.0,0.0,0.0,0.0,4.0,1.0,0.0,0.0,0.0,0.0,0.0,0.0,0.0,2.0,19.0,13.0,2.0
2023,003049,John Geppert,LSM,Long Stick Midfield,last_10,4,2023-08-12,2023-09-04,CAN|RED|WAT,ATL,0.0,0.0,0.0,0.0,0.0,0.0,1.0,1,1.0,0.0,0.0,0.0,0.0,0.0,7.0,2.0,4.0,0,1,1,0.0,0.0,0.0,0.0,0.0,16.0,13.0,0.0,1.0,0.0,,,,,0.0,0.0,0.0,0.0,0.0,0.0,0.0,0.25,0.25,0.25,0.0,0.0,0.0,0.0,0.0,1.75,0.5,1.0,0.0,0.25,0.25,0.0,0.0,0.0,0.0,0.0,4.0,3.25,0.0
2023,003052,Kyle Borda,M,Midfield,last_10,2,2023-06-10,2023-06-16,ATL|RED,WAT,0.0,0.0,0.0,0.0,0.0,0.0,3.0,3,0.0,0.0,0.0,0.0,0.0,0.0,0.0,0.0,0.0,0,0,0,0.0,0.0,0.0,0.0,1.0,13.0,10.0,0.0,1.0,,,,,0.0,,0.0,0.0,0.0,0.0,0.0,0.0,1.5,1.5,0.0,0.0,0.0,0.0,0.0,0.0,0.0,0.0,0.0,0.0,0.0,0.0,0.0,0.0,0.0,0.0,0.5,6.5,5.0,0.5
2023,003054,Jeff Conner,M,Midfield,last_10,5,2023-06-16,2023-08-26,ARC|ATL|OUT|WHP,WAT,4.0,2.0,2.0,0.0,2.0,2.0,4.0,3,0.0,0.0,0.0,0.0,0.0,0.0,1.0,0.0,0.0,0,0,0,0.0,0.0,0.0,0.0,7.0,34.0,30.0,0.5,0.75,,,,,0.2857142857142857,,0.8,0.4,0.4,0.0,0.4,0.4,0.8,0.6,0.0,0.0,0.0,0.0,0.0,0.0,0.2,0.0,0.0,0.0,0.0,0.0,0.0,0.0,0.0,0.0,1.4,6.8,6.0,1.4
2023,003056,Grayson Sallade,SSDM,Defensive Midfield,last_10,1,2023-06-10,2023-06-10,ATL,WHP,0.0,0.0,0.0,0.0,0.0,0.0,0.0,0,0.0,0.0,0.0,0.0,0.0,0.0,2.0,0.0,0.0,0,0,0,0.0,0.0,0.0,0.0,1.0,5.0,5.0,,,,,,,0.0,,0.0,0.0,0.0,0.0,0.0,0.0,0.0,0.0,0.0,0.0,0.0,0.0,0.0,0.0,2.0,0.0,0.0,0.0,0.0,0.0,0.0,0.0,0.0,0.0,1.0,5.0,5.0,1.0
2023,003066,Jakob Patterson,,,last_10,1,2023-06-04,2023-06-04,WAT,CHA,0.0,0.0,0.0,0.0,0.0,0.0,3.0,2,0.0,0.0,0.0,0.0,0.0,0.0,0.0,0.0,0.0,0,0,0,0.0,0.0,0.0,0.0,0.0,6.0,3.0,0.0,0.6666666666666666,,,,,,,0.0,0.0,0.0,0.0,0.0,0.0,3.0,2.0,0.0,0.0,0.0,0.0,0.0,0.0,0.0,0.0,0.0,0.0,0.0,0.0,0.0,0.0,0.0,0.0,0.0,6.0,3.0,0.0
2024,000211,Ian MacKay,SSDM,Defensive Midfield,last_10,10,2024-06-07,2024-09-07,ARC|ATL|CAN|OUT|RED|WAT|WHP,CHA,5.0,3.0,3.0,0.0,3.0,2.0,21.0,13,4.0,0.0,0.0,0.0,0.0,0.0,8.0,6.0,0.0,0,7,7,0.0,0.0,6.0,6.0,9.0,95.0,68.0,0.14285714285714285,0.6190476190476191,0.0,,,,0.2222222222222222,0.0,0.5,0.3,0.3,0.0,0.3,0.2,2.1,1.3,0.4,0.0,0.0,0.0,0.0,0.0,0.8,0.6,0.0,0.0,0.7,0.7,0.0,0.0,0.6,0.6,0.9,9.5,6.8,0.9
2024,000216,Marcus Holman,A,Attack,last_10,10,2024-06-08,2024-09-02,ARC|ATL|CHA|OUT|RED|WAT|WHP,CAN,30.0,26.0,20.0,3.0,23.0,4.0,72.0,46,12.0,0.0,0.0,0.0,0.0,0.0,24.0,19.0,2.0,0,0,0,0.0,0.0,2.0,1.0,23.0,386.0,295.0,0.3194444444444444,0.6388888888888888,,,,,0.17391304347826086,0.25,3.0,2.6,2.0,0.3,2.3,0.4,7.2,4.6,1.2,0.0,0.0,0.0,0.0,0.0,2.4,1.9,0.2,0.0,0.0,0.0,0.0,0.0,0.2,0.1,2.3,38.6,29.5,2.3
2024,000221,Ryan Ambler,M,Midfield,last_10,10,2024-06-15,2024-09-15,ATL|CAN|CHA|OUT|RED|WHP,ARC,13.0,9.0,9.0,0.0,9.0,4.0,28.0,18,0.0,0.0,0.0,0.0,0.0,0.0,6.0,16.0,1.0,0,0,0,0.0,0.0,1.0,1.0,8.0,152.0,108.0,0.32142857142857145,0.6428571428571429,,,,,0.5,,1.3,0.9,0.9,0.0,0.9,0.4,2.8,1.8,0.0,0.0,0.0,0.0,0.0,0.0,0.6,1.6,0.1,0.0,0.0,0.0,0.0,0.0,0.1,0.1,0.8,15.2,10.8,0.8
2024,000225,Tom Schreiber,M,Midfield,last_10,9,2024-06-01,2024-08-17,ATL|CAN|CHA|OUT|RED|WAT|WHP,ARC,27.0,12.0,10.0,1.0,11.0,15.0,50.0,28,13.0,0.0,0.0,0.0,0.0,0.0,9.0,15.0,2.0,0,0,0,0.0,0.0,0.0,0.0,36.0,257.0,192.0,0.22,0.56,,,,,0.4166666666666667,0.07692307692307693,3.0,1.3333333333333333,1.1111111111111112,0.1111111111111111,1.2222222222222223,1.6666666666666667,5.555555555555555,3.111111111111111,1.4444444444444444,0.0,0.0,0.0,0.0,0.0,1.0,1.6666666666666667,0.2222222222222222,0.0,0.0,0.0,0.0,0.0,0.0,0.0,4.0,28.555555555555557,21.333333333333332,4.0
2024,000234,Eric Law,A,Attack,last_10,7,2024-07-19,2024-09-02,ARC|CAN|CHA|RED|WAT|WHP,OUT,13.0,11.0,11.0,0.0,11.0,2.0,26.0,21,0.0,0.0,0.0,0.0,0.0,0.0,7.0,13.0,0.0,0,0,0,0.0,0.0,1.0,1.0,6.0,181.0,142.0,0.4230769230769231,0.8076923076923077,,,,,0.3333333333333333,,1.8571428571428572,1.5714285714285714,1.5714285714285714,0.0,1.5714285714285714,0.2857142857142857,3.7142857142857144,3.0,0.0,0.0,0.0,0.0,0.0,0.0,1.0,1.8571428571428572,0.0,0.0,0.0,0.0,0.0,0.0,0.14285714285714285,0.14285714285714285,0.8571428571428571,25.857142857142858,20.285714285714285,0.8571428571428571
2024,000235,Jake Richard,SSDM,Defensive Midfield,last_10,9,2024-06-01,2024-08-17,ARC|ATL|CAN|CHA|RED|WHP,WAT,2.0,0.0,0.0,0.0,0.0,2.0,3.0,3,0.0,0.0,0.0,0.0,0.0,0.0,8.0,1.0,3.0,0,13,14,0.0,0.0,4.0,2.0,3.0,55.0,51.0,0.0,1.0,0.0,,,,0.6666666666666666,,0.2222222222222222,0.0,0.0,0.0,0.0,0.2222222222222222,0.3333333333333333,0.3333333333333333,0.0,0.0,0.0,0.0,0.0,0.0,0.8888888888888888,0.1111111111111111,0.3333333333333333,0.0,1.4444444444444444,1.5555555555555556,0.0,0.0,0.4444444444444444,0.2222222222222222,0.3333333333333333,6.111111111111111,5.666666666666667,0.3333333333333333
2024,000240,Kieran McArdle,A,Attack,last_10,10,2024-06-01,2024-08-17,ARC|ATL|CAN|CHA|OUT|RED|WHP,WAT,34.0,22.0,22.0,0.0,22.0,12.0,78.0,48,2.0,0.0,0.0,0.0,0.0,0.0,12.0,22.0,3.0,0,0,0,0.0,0.0,2.0,2.0,39.0,333.0,233.0,0.28205128205128205,0.6153846153846154,,,,,0.3076923076923077,0.0,3.4,2.2,2.2,0.0,2.2,1.2,7.8,4.8,0.2,0.0,0.0,0.0,0.0,0.0,1.2,2.2,0.3,0.0,0.0,0.0,0.0,0.0,0.2,0.2,3.9,33.3,23.3,3.9
2024,000254,Trevor Baptiste,FO,Faceoff,last_10,10,2024-06-02,2024-09-07,ARC|CAN|CHA|OUT|RED|WAT|WHP,ATL,9.0,8.0,6.0,1.0,7.0,1.0,15.0,11,2.0,0.0,0.0,0.0,0.0,0.0,98.0,10.0,1.0,160,98,259,0.0,0.0,5.0,2.5,6.0,122.0,97.0,0.4666666666666667,0.7333333333333333,0.6177606177606177,,,,0.16666666666666666,0.5,0.9,0.8,0.6,0.1,0.7,0.1,1.5,1.1,0.2,0.0,0.0,0.0,0.0,0.0,9.8,1.0,0.1,16.0,9.8,25.9,0.0,0.0,0.5,0.25,0.6,12.2,9.7,0.6
2024,000258,Blaze Riorden,G,Goalie,last_10,10,2024-06-02,2024-09-07,ARC|CAN|OUT|RED|WAT|WHP,CHA,3.0,1.0,1.0,0.0,1.0,2.0,3.0,1,2.0,116.0,38.0,78.0,80.0,88.77887140352192,22.0,3.0,4.0,0,0,0,76.0,4.0,0.0,0.0,3.0,145.0,139.0,0.3333333333333333,0.3333333333333333,,0.6041666666666666,32.758620689655174,0.19791666666666666,0.6666666666666666,0.0,0.3,0.1,0.1,0.0,0.1,0.2,0.3,0.1,0.2,11.6,3.8,7.8,8.0,8.877887140352192,2.2,0.3,0.4,0.0,0.0,0.0,7.6,0.4,0.0,0.0,0.3,14.5,13.9,0.3
2024,000262,Connor Fields,A,Attack,last_10,10,2024-06-15,2024-09-15,ATL|CAN|CHA|OUT|RED|WHP,ARC,26.0,19.0,19.0,0.0,19.0,7.0,63.0,43,1.0,0.0,0.0,0.0,0.0,0.0,12.0,16.0,2.0,0,0,0,0.0,0.0,0.0,0.0,25.0,273.0,194.0,0.30158730158730157,0.6825396825396826,,,,,0.28,0.0,2.6,1.9,1.9,0.0,1.9,0.7,6.3,4.3,0.1,0.0,0.0,0.0,0.0,0.0,1.2,1.6,0.2,0.0,0.0,0.0,0.0,0.0,0.0,0.0,2.5,27.3,19.4,2.5
2024,000269,Jarrod Neumann,D,Defense,last_10,10,2024-06-08,2024-09-07,ARC|ATL|CAN|OUT|RED|WAT|WHP,CHA,0.0,0.0,0.0,0.0,0.0,0.0,5.0,2,5.0,0.0,0.0,0.0,0.0,0.0,17.0,1.0,7.0,0,0,0,0.0,0.0,4.0,3.0,1.0,51.0,45.0,0.0,0.4,,,,,0.0,0.0,0.0,0.0,0.0,0.0,0.0,0.0,0.5,0.2,0.5,0.0,0.0,0.0,0.0,0.0,1.7,0.1,0.7,0.0,0.0,0.0,0.0,0.0,0.4,0.3,0.1,5.1,4.5,0.1
2024,000272,Josh Byrne,A,Attack,last_10,10,2024-06-07,2024-09-07,ARC|ATL|CAN|RED|WAT|WHP,CHA,30.0,12.0,12.0,0.0,12.0,18.0,55.0,30,1.0,0.0,0.0,0.0,0.0,0.0,13.0,19.0,2.0,0,0,0,0.0,0.0,2.0,1.5,43.0,322.0,248.0,0.21818181818181817,0.5454545454545454,,,,,0.4186046511627907,0.0,3.0,1.2,1.2,0.0,1.2,1.8,5.5,3.0,0.1,0.0,0.0,0.0,0.0,0.0,1.3,1.9,0.2,0.0,0.0,0.0,0.0,0.0,0.2,0.15,4.3,32.2,24.8,4.3
2024,000275,Mark Glicini,SSDM,Defensive Midfield,last_10,1,2024-07-27,2024-07-27,RED,CHA,0.0,0.0,0.0,0.0,0.0,0.0,0.0,0,0.0,0.0,0.0,0.0,0.0,0.0,1.0,0.0,1.0,0,0,0,0.0,0.0,0.0,0.0,0.0,4.0,4.0,,,,,,,,,0.0,0.0,0.0,0.0,0.0,0.0,0.0,0.0,0.0,0.0,0.0,0.0,0.0,0.0,1.0,0.0,1.0,0.0,0.0,0.0,0.0,0.0,0.0,0.0,0.0,4.0,4.0,0.0
2024,000278,Myles Jones,M,Midfield,last_10,10,2024-06-02,2024-09-07,ARC|CAN|CHA|OUT|RED|WAT|WHP,ATL,19.0,13.0,9.0,2.0,11.0,6.0,34.0,25,4.0,0.0,0.0,0.0,0.0,0.0,12.0,15.0,0.0,0,0,0,0.0,0.0,1.0,1.0,21.0,161.0,112.0,0.3235294117647059,0.7352941176470589,,,,,0.2857142857142857,0.5,1.9,1.3,0.9,0.2,1.1,0.6,3.4,2.5,0.4,0.0,0.0,0.0,0.0,0.0,1.2,1.5,0.0,0.0,0.0,0.0,0.0,0.0,0.1,0.1,2.1,16.1,11.2,2.1
2024,000279,Patrick Resch,SSDM,Defensive Midfield,last_10,10,2024-06-08,2024-09-07,ARC|ATL|CAN|OUT|RED|WAT|WHP,CHA,0.0,0.0,0.0,0.0,0.0,0.0,2.0,1,0.0,0.0,0.0,0.0,0.0,0.0,12.0,4.0,4.0,0,0,0,0.0,0.0,1.0,0.5,4.0,82.0,76.0,0.0,0.5,,,,,0.0,,0.0,0.0,0.0,0.0,0.0,0.0,0.2,0.1,0.0,0.0,0.0,0.0,0.0,0.0,1.2,0.4,0.4,0.0,0.0,0.0,0.0,0.0,0.1,0.05,0.4,8.2,7.6,0.4
2024,000281,Troy Reh,LSM,Long Stick Midfield,last_10,10,2024-06-08,2024-09-07,ARC|ATL|CAN|OUT|RED|WAT|WHP,CHA,0.0,0.0,0.0,0.0,0.0,0.0,4.0,3,3.0,0.0,0.0,0.0,0.0,0.0,25.0,2.0,12.0,0,0,0,0.0,0.0,2.0,2.0,1.0,71.0,65.0,0.0,0.75,,,,,0.0,0.0,0.0,0.0,0.0,0.0,0.0,0.0,0.4,0.3,0.3,0.0,0.0,0.0,0.0,0.0,2.5,0.2,1.2,0.0,0.0,0.0,0.0,0.0,0.2,0.2,0.1,7.1,6.5,0.1
2024,000302,Michael Manley,D,Defense,last_10,10,2024-06-08,2024-09-02,ARC|ATL|CAN|CHA|RED|WAT|WHP,OUT,1.0,0.0,0.0,0.0,0.0,1.0,7.0,2,4.0,0.0,0.0,0.0,0.0,0.0,24.0,4.0,10.0,0,0,0,0.0,0.0,2.0,1.5,4.0,75.0,64.0,0.0,0.2857142857142857,,,,,0.25,0.0,0.1,0.0,0.0,0.0,0.0,0.1,0.7,0.2,0.4,0.0,0.0,0.0,0.0,0.0,2.4,0.4,1.0,0.0,0.0,0.0,0.0,0.0,0.2,0.15,0.4,7.5,6.4,0.4
2024,000305,Romar Dennis,M,Midfield,last_10,9,2024-06-07,2024-08-17,ARC|CAN|CHA|OUT|WAT|WHP,RED,15.0,15.0,1.0,7.0,8.0,0.0,41.0,20,25.0,0.0,0.0,0.0,0.0,0.0,5.0,8.0,4.0,0,0,0,0.0,0.0,0.0,0.0,4.0,163.0,114.0,0.1951219512195122,0.4878048780487805,,,,,0.0,0.28,1.6666666666666667,1.6666666666666667,0.1111111111111111,0.7777777777777778,0.8888888888888888,0.0,4.555555555555555,2.2222222222222223,2.7777777777777777,0.0,0.0,0.0,0.0,0.0,0.5555555555555556,0.8888888888888888,0.4444444444444444,0.0,0.0,0.0,0.0,0.0,0.0,0.0,0.4444444444444444,18.11111111111111,12.666666666666666,0.4444444444444444
2024,000308,Will Haus,SSDM,Defensive Midfield,last_10,10,2024-06-08,2024-09-02,ARC|ATL|CAN|CHA|RED|WAT|WHP,OUT,2.0,0.0,0.0,0.0,0.0,2.0,1.0,1,0.0,0.0,0.0,0.0,0.0,0.0,6.0,3.0,3.0,0,2,2,0.0,0.0,3.0,1.5,3.0,49.0,45.0,0.0,1.0,0.0,,,,0.6666666666666666,,0.2,0.0,0.0,0.0,0.0,0.2,0.1,0.1,0.0,0.0,0.0,0.0,0.0,0.0,0.6,0.3,0.3,0.0,0.2,0.2,0.0,0.0,0.3,0.15,0.3,4.9,4.5,0.3
2024,000315,Garrett Epple,D,Defense,last_10,10,2024-06-08,2024-09-02,ARC|ATL|CHA|OUT|RED|WAT|WHP,CAN,0.0,0.0,0.0,0.0,0.0,0.0,1.0,0,1.0,0.0,0.0,0.0,0.0,0.0,19.0,3.0,17.0,0,0,0,0.0,0.0,5.0,3.0,2.0,90.0,86.0,0.0,0.0,,,,,0.0,0.0,0.0,0.0,0.0,0.0,0.0,0.0,0.1,0.0,0.1,0.0,0.0,0.0,0.0,0.0,1.9,0.3,1.7,0.0,0.0,0.0,0.0,0.0,0.5,0.3,0.2,9.0,8.6,0.2
2024,000318,Jack Kelly,G,Goalie,last_10,10,2024-06-07,2024-08-17,ARC|ATL|CAN|CHA|OUT|WAT|WHP,RED,0.0,0.0,0.0,0.0,0.0,0.0,1.0,0,1.0,119.0,41.0,78.0,126.0,149.35434890796515,16.0,3.0,4.0,0,0,0,117.0,9.0,0.0,0.0,1.0,148.0,144.0,0.0,0.0,,0.5042372881355932,34.45378151260504,0.17372881355932204,0.0,0.0,0.0,0.0,0.0,0.0,0.0,0.0,0.1,0.0,0.1,11.9,4.1,7.8,12.6,14.935434890796515,1.6,0.3,0.4,0.0,0.0,0.0,11.7,0.9,0.0,0.0,0.1,14.8,14.4,0.1
2024,000327,Matt Kavanagh,A,Attack,last_10,6,2024-06-01,2024-07-20,ATL|RED|WAT|WHP,CAN,9.0,6.0,4.0,1.0,5.0,3.0,29.0,14,2.0,0.0,0.0,0.0,0.0,0.0,7.0,9.0,2.0,0,0,0,0.0,0.0,2.0,1.5,11.0,141.0,103.0,0.1724137931034483,0.4827586206896552,,,,,0.2727272727272727,0.5,1.5,1.0,0.6666666666666666,0.16666666666666666,0.8333333333333334,0.5,4.833333333333333,2.3333333333333335,0.3333333333333333,0.0,0.0,0.0,0.0,0.0,1.1666666666666667,1.5,0.3333333333333333,0.0,0.0,0.0,0.0,0.0,0.3333333333333333,0.25,1.8333333333333333,23.5,17.166666666666668,1.8333333333333333
2024,000333,Sergio Perkovic,M,Midfield,last_10,8,2024-06-02,2024-09-07,ARC|ATL|CAN|OUT|RED,CHA,7.0,7.0,3.0,2.0,5.0,0.0,21.0,12,12.0,0.0,0.0,0.0,0.0,0.0,2.0,4.0,1.0,0,0,0,0.0,0.0,0.0,0.0,1.0,126.0,101.0,0.23809523809523808,0.5714285714285714,,,,,0.0,0.16666666666666666,0.875,0.875,0.375,0.25,0.625,0.0,2.625,1.5,1.5,0.0,0.0,0.0,0.0,0.0,0.25,0.5,0.125,0.0,0.0,0.0,0.0,0.0,0.0,0.0,0.125,15.75,12.625,0.125
2024,000337,Bryce Young,D,Defense,last_10,10,2024-06-08,2024-09-02,ARC|ATL|CHA|OUT|RED|WAT|WHP,CAN,0.0,0.0,0.0,0.0,0.0,0.0,0.0,0,0.0,0.0,0.0,0.0,0.0,0.0,12.0,3.0,13.0,0,0,0,0.0,0.0,5.0,5.0,0.0,59.0,56.0,,,,,,,,,0.0,0.0,0.0,0.0,0.0,0.0,0.0,0.0,0.0,0.0,0.0,0.0,0.0,0.0,1.2,0.3,1.3,0.0,0.0,0.0,0.0,0.0,0.5,0.5,0.0,5.9,5.6,0.0
2024,000339,Connor Kelly,M,Midfield,last_10,9,2024-06-01,2024-08-17,ARC|ATL|CAN|CHA|OUT|WHP,WAT,15.0,12.0,10.0,1.0,11.0,3.0,56.0,36,18.0,0.0,0.0,0.0,0.0,0.0,6.0,6.0,0.0,0,0,0,0.0,0.0,0.0,0.0,15.0,203.0,141.0,0.19642857142857142,0.6428571428571429,,,,,0.2,0.05555555555555555,1.6666666666666667,1.3333333333333333,1.1111111111111112,0.1111111111111111,1.2222222222222223,0.3333333333333333,6.222222222222222,4.0,2.0,0.0,0.0,0.0,0.0,0.0,0.6666666666666666,0.6666666666666666,0.0,0.0,0.0,0.0,0.0,0.0,0.0,0.0,1.6666666666666667,22.555555555555557,15.666666666666666,1.6666666666666667
2024,000345,Jake Bernhardt,SSDM,Defensive Midfield,last_10,10,2024-06-16,2024-09-15,ARC|ATL|CHA|OUT|RED|WAT,WHP,4.0,3.0,1.0,1.0,2.0,1.0,9.0,4,3.0,0.0,0.0,0.0,0.0,0.0,8.0,4.0,4.0,3,6,9,0.0,0.0,1.0,0.5,2.0,68.0,55.0,0.2222222222222222,0.4444444444444444,0.3333333333333333,,,,0.5,0.3333333333333333,0.4,0.3,0.1,0.1,0.2,0.1,0.9,0.4,0.3,0.0,0.0,0.0,0.0,0.0,0.8,0.4,0.4,0.3,0.6,0.9,0.0,0.0,0.1,0.05,0.2,6.8,5.5,0.2
2024,000350,Joseph Nardella,FO,Faceoff,last_10,10,2024-06-28,2024-09-15,ARC|ATL|CAN|CHA|OUT|RED|WAT,WHP,6.0,5.0,5.0,0.0,5.0,1.0,9.0,7,0.0,0.0,0.0,0.0,0.0,0.0,71.0,9.0,1.0,156,95,257,0.0,0.0,1.0,0.5,7.0,98.0,80.0,0.5555555555555556,0.7777777777777778,0.6070038910505836,,,,0.14285714285714285,,0.6,0.5,0.5,0.0,0.5,0.1,0.9,0.7,0.0,0.0,0.0,0.0,0.0,0.0,7.1,0.9,0.1,15.6,9.5,25.7,0.0,0.0,0.1,0.05,0.7,9.8,8.0,0.7
2024,000351,Jules Heningburg,A,Attack,last_10,10,2024-06-07,2024-09-07,ARC|ATL|CAN|OUT|RED|WAT|WHP,CHA,15.0,10.0,10.0,0.0,10.0,5.0,37.0,28,1.0,0.0,0.0,0.0,0.0,0.0,6.0,12.0,1.0,0,0,0,0.0,0.0,1.0,1.0,21.0,233.0,184.0,0.2702702702702703,0.7567567567567568,,,,,0.23809523809523808,0.0,1.5,1.0,1.0,0.0,1.0,0.5,3.7,2.8,0.1,0.0,0.0,0.0,0.0,0.0,0.6,1.2,0.1,0.0,0.0,0.0,0.0,0.0,0.1,0.1,2.1,23.3,18.4,2.1
2024,000353,Kyle Bernlohr,G,Goalie,last_10,3,2024-06-02,2024-08-03,ARC|ATL|WAT,WHP,0.0,0.0,0.0,0.0,0.0,0.0,0.0,0,0.0,1.0,1.0,0.0,8.0,64.84210526315789,1.0,0.0,0.0,0,0,0,8.0,0.0,0.0,0.0,0.0,6.0,6.0,,,,0.1111111111111111,100.0,0.1111111111111111,,,0.0,0.0,0.0,0.0,0.0,0.0,0.0,0.0,0.0,0.3333333333333333,0.3333333333333333,0.0,2.6666666666666665,21.614035087719298,0.3333333333333333,0.0,0.0,0.0,0.0,0.0,2.6666666666666665,0.0,0.0,0.0,0.0,2.0,2.0,0.0
2024,000354,Matt Rambo,A,Attack,last_10,10,2024-06-16,2024-09-15,ARC|ATL|CAN|OUT|RED|WAT,WHP,16.0,13.0,13.0,0.0,13.0,3.0,53.0,30,0.0,0.0,0.0,0.0,0.0,0.0,14.0,11.0,1.0,0,0,0,0.0,0.0,3.0,2.0,24.0,219.0,155.0,0.24528301886792453,0.5660377358490566,,,,,0.125,,1.6,1.3,1.3,0.0,1.3,0.3,5.3,3.0,0.0,0.0,0.0,0.0,0.0,0.0,1.4,1.1,0.1,0.0,0.0,0.0,0.0,0.0,0.3,0.2,2.4,21.9,15.5,2.4
2024,000355,Matthew Dunn,D,Defense,last_10,10,2024-06-28,2024-09-15,ARC|ATL|CAN|CHA|OUT|RED|WAT,WHP,2.0,0.0,0.0,0.0,0.0,2.0,6.0,5,5.0,0.0,0.0,0.0,0.0,0.0,14.0,3.0,9.0,0,0,0,0.0,0.0,0.0,0.0,4.0,89.0,80.0,0.0,0.8333333333333334,,,,,0.5,0.0,0.2,0.0,0.0,0.0,0.0,0.2,0.6,0.5,0.5,0.0,0.0,0.0,0.0,0.0,1.4,0.3,0.9,0.0,0.0,0.0,0.0,0.0,0.0,0.0,0.4,8.9,8.0,0.4
2024,000357,Mike Chanenchuk,M,Midfield,last_10,10,2024-06-28,2024-09-15,ARC|ATL|CAN|CHA|OUT|RED|WAT,WHP,8.0,6.0,6.0,0.0,6.0,2.0,43.0,23,10.0,0.0,0.0,0.0,0.0,0.0,12.0,12.0,1.0,0,0,0,0.0,0.0,0.0,0.0,6.0,235.0,180.0,0.13953488372093023,0.5348837209302325,,,,,0.3333333333333333,0.0,0.8,0.6,0.6,0.0,0.6,0.2,4.3,2.3,1.0,0.0,0.0,0.0,0.0,0.0,1.2,1.2,0.1,0.0,0.0,0.0,0.0,0.0,0.0,0.0,0.6,23.5,18.0,0.6
2024,000358,Ryan Drenner,M,Midfield,last_10,10,2024-06-08,2024-09-02,ARC|ATL|CHA|OUT|RED|WAT|WHP,CAN,13.0,10.0,6.0,2.0,8.0,3.0,35.0,20,4.0,0.0,0.0,0.0,0.0,0.0,5.0,3.0,1.0,0,0,0,0.0,0.0,1.0,0.5,9.0,228.0,190.0,0.22857142857142856,0.5714285714285714,,,,,0.3333333333333333,0.5,1.3,1.0,0.6,0.2,0.8,0.3,3.5,2.0,0.4,0.0,0.0,0.0,0.0,0.0,0.5,0.3,0.1,0.0,0.0,0.0,0.0,0.0,0.1,0.05,0.9,22.8,19.0,0.9
2024,000359,Tim Muller,D,Defense,last_10,10,2024-06-28,2024-09-15,ARC|ATL|CAN|CHA|OUT|RED|WAT,WHP,0.0,0.0,0.0,0.0,0.0,0.0,0.0,0,0.0,0.0,0.0,0.0,0.0,0.0,16.0,0.0,7.0,0,0,0,0.0,0.0,1.0,0.5,2.0,76.0,76.0,,,,,,,0.0,,0.0,0.0,0.0,0.0,0.0,0.0,0.0,0.0,0.0,0.0,0.0,0.0,0.0,0.0,1.6,0.0,0.7,0.0,0.0,0.0,0.0,0.0,0.1,0.05,0.2,7.6,7.6,0.2
2024,000363,Ryan Conrad,M,Midfield,last_10,10,2024-06-15,2024-09-15,ARC|ATL|CAN|CHA|OUT|WHP,WAT|WHP,16.0,12.0,12.0,0.0,12.0,4.0,55.0,31,7.0,0.0,0.0,0.0,0.0,0.0,13.0,17.0,0.0,0,1,1,0.0,0.0,0.0,0.0,13.0,214.0,142.0,0.21818181818181817,0.5636363636363636,0.0,,,,0.3076923076923077,0.0,1.6,1.2,1.2,0.0,1.2,0.4,5.5,3.1,0.7,0.0,0.0,0.0,0.0,0.0,1.3,1.7,0.0,0.0,0.1,0.1,0.0,0.0,0.0,0.0,1.3,21.4,14.2,1.3
2024,000365,Jack Rowlett,D,Defense,last_10,10,2024-06-07,2024-09-07,ARC|ATL|CAN|OUT|RED|WAT|WHP,CHA,0.0,0.0,0.0,0.0,0.0,0.0,2.0,2,1.0,0.0,0.0,0.0,0.0,0.0,16.0,3.0,11.0,0,0,0,0.0,0.0,5.0,6.0,0.0,54.0,49.0,0.0,1.0,,,,,,0.0,0.0,0.0,0.0,0.0,0.0,0.0,0.2,0.2,0.1,0.0,0.0,0.0,0.0,0.0,1.6,0.3,1.1,0.0,0.0,0.0,0.0,0.0,0.5,0.6,0.0,5.4,4.9,0.0
2024,000368,Chris Sabia,LSM,Long Stick Midfield,last_10,6,2024-06-01,2024-08-17,ARC|ATL|OUT|RED|WHP,WAT,0.0,0.0,0.0,0.0,0.0,0.0,3.0,2,1.0,0.0,0.0,0.0,0.0,0.0,11.0,1.0,5.0,0,0,0,0.0,0.0,2.0,2.0,0.0,24.0,20.0,0.0,0.6666666666666666,,,,,,0.0,0.0,0.0,0.0,0.0,0.0,0.0,0.5,0.3333333333333333,0.16666666666666666,0.0,0.0,0.0,0.0,0.0,1.8333333333333333,0.16666666666666666,0.8333333333333334,0.0,0.0,0.0,0.0,0.0,0.3333333333333333,0.3333333333333333,0.0,4.0,3.3333333333333335,0.0
2024,000370,Tim Troutner,G,Goalie,last_10,6,2024-06-01,2024-09-07,CAN|CHA|RED|WHP,ATL,0.0,0.0,0.0,0.0,0.0,0.0,2.0,1,2.0,61.0,24.0,37.0,66.0,69.92,13.0,2.0,3.0,0,0,0,59.0,7.0,0.0,0.0,2.0,87.0,83.0,0.0,0.5,,0.5083333333333333,39.34426229508197,0.2,0.0,0.0,0.0,0.0,0.0,0.0,0.0,0.0,0.3333333333333333,0.16666666666666666,0.3333333333333333,10.166666666666666,4.0,6.166666666666667,11.0,11.653333333333334,2.1666666666666665,0.3333333333333333,0.5,0.0,0.0,0.0,9.833333333333334,1.1666666666666667,0.0,0.0,0.3333333333333333,14.5,13.833333333333334,0.3333333333333333
2024,000373,Ryder Garnsey,A,Attack,last_10,10,2024-06-07,2024-08-17,ARC|ATL|CAN|CHA|OUT|WAT|WHP,RED,26.0,14.0,12.0,1.0,13.0,12.0,59.0,30,4.0,0.0,0.0,0.0,0.0,0.0,12.0,23.0,2.0,0,0,0,0.0,0.0,1.0,1.0,25.0,339.0,257.0,0.22033898305084745,0.5084745762711864,,,,,0.48,0.25,2.6,1.4,1.2,0.1,1.3,1.2,5.9,3.0,0.4,0.0,0.0,0.0,0.0,0.0,1.2,2.3,0.2,0.0,0.0,0.0,0.0,0.0,0.1,0.1,2.5,33.9,25.7,2.5
2024,000376,Cade van Raaphorst,D,Defense,last_10,10,2024-06-08,2024-09-02,ARC|ATL|CHA|OUT|RED|WAT|WHP,CAN,0.0,0.0,0.0,0.0,0.0,0.0,16.0,2,16.0,0.0,0.0,0.0,0.0,0.0,20.0,6.0,4.0,0,0,0,0.0,0.0,1.0,1.0,1.0,88.0,66.0,0.0,0.125,,,,,0.0,0.0,0.0,0.0,0.0,0.0,0.0,0.0,1.6,0.2,1.6,0.0,0.0,0.0,0.0,0.0,2.0,0.6,0.4,0.0,0.0,0.0,0.0,0.0,0.1,0.1,0.1,8.8,6.6,0.1
2024,000385,Wes Berg,A,Attack,last_10,10,2024-06-07,2024-08-17,ARC|ATL|CAN|CHA|OUT|WAT|WHP,RED,15.0,14.0,14.0,0.0,14.0,1.0,28.0,20,0.0,0.0,0.0,0.0,0.0,0.0,6.0,10.0,2.0,0,0,0,0.0,0.0,3.0,2.0,5.0,128.0,90.0,0.5,0.7142857142857143,,,,,0.2,,1.5,1.4,1.4,0.0,1.4,0.1,2.8,2.0,0.0,0.0,0.0,0.0,0.0,0.0,0.6,1.0,0.2,0.0,0.0,0.0,0.0,0.0,0.3,0.2,0.5,12.8,9.0,0.5
2024,000391,Grant Ament,M,Midfield,last_10,10,2024-06-15,2024-09-15,ATL|CAN|CHA|OUT|RED|WHP,ARC,26.0,12.0,12.0,0.0,12.0,14.0,39.0,25,1.0,0.0,0.0,0.0,0.0,0.0,9.0,21.0,0.0,0,0,0,0.0,0.0,1.0,0.5,52.0,313.0,253.0,0.3076923076923077,0.6410256410256411,,,,,0.2692307692307692,0.0,2.6,1.2,1.2,0.0,1.2,1.4,3.9,2.5,0.1,0.0,0.0,0.0,0.0,0.0,0.9,2.1,0.0,0.0,0.0,0.0,0.0,0.0,0.1,0.05,5.2,31.3,25.3,5.2
2024,000395,Bryan Costabile,M,Midfield,last_10,10,2024-06-01,2024-09-07,ARC|CAN|OUT|RED|WAT|WHP,ATL,22.0,14.0,12.0,1.0,13.0,8.0,53.0,32,14.0,0.0,0.0,0.0,0.0,0.0,13.0,13.0,2.0,0,0,0,0.0,0.0,1.0,0.5,21.0,257.0,191.0,0.24528301886792453,0.6037735849056604,,,,,0.38095238095238093,0.07142857142857142,2.2,1.4,1.2,0.1,1.3,0.8,5.3,3.2,1.4,0.0,0.0,0.0,0.0,0.0,1.3,1.3,0.2,0.0,0.0,0.0,0.0,0.0,0.1,0.05,2.1,25.7,19.1,2.1
2024,000405,Jesse Bernhardt,D,Defense,last_10,7,2024-06-02,2024-09-02,ARC|ATL|CAN|CHA|RED|WAT|WHP,OUT,2.0,1.0,1.0,0.0,1.0,1.0,4.0,1,3.0,0.0,0.0,0.0,0.0,0.0,8.0,0.0,8.0,0,0,0,0.0,0.0,3.0,2.5,2.0,64.0,60.0,0.25,0.25,,,,,0.5,0.0,0.2857142857142857,0.14285714285714285,0.14285714285714285,0.0,0.14285714285714285,0.14285714285714285,0.5714285714285714,0.14285714285714285,0.42857142857142855,0.0,0.0,0.0,0.0,0.0,1.1428571428571428,0.0,1.1428571428571428,0.0,0.0,0.0,0.0,0.0,0.42857142857142855,0.35714285714285715,0.2857142857142857,9.142857142857142,8.571428571428571,0.2857142857142857
2024,000406,Craig Chick,LSM,Long Stick Midfield,last_10,5,2024-06-01,2024-07-05,ARC|ATL|RED|WAT|WHP,CAN,0.0,0.0,0.0,0.0,0.0,0.0,0.0,0,0.0,0.0,0.0,0.0,0.0,0.0,9.0,2.0,1.0,0,0,0,0.0,0.0,0.0,0.0,0.0,14.0,12.0,,,,,,,,,0.0,0.0,0.0,0.0,0.0,0.0,0.0,0.0,0.0,0.0,0.0,0.0,0.0,0.0,1.8,0.4,0.2,0.0,0.0,0.0,0.0,0.0,0.0,0.0,0.0,2.8,2.4,0.0
2024,000408,Matt DeLuca,G,Goalie,last_10,7,2024-06-01,2024-08-17,ARC|ATL|CAN|RED|WHP,WAT,0.0,0.0,0.0,0.0,0.0,0.0,0.0,0,0.0,47.0,14.0,33.0,37.0,116.58459569020695,7.0,2.0,0.0,0,0,0,36.0,1.0,0.0,0.0,1.0,51.0,49.0,,,,0.5662650602409639,29.78723404255319,0.1686746987951807,0.0,,0.0,0.0,0.0,0.0,0.0,0.0,0.0,0.0,0.0,6.714285714285714,2.0,4.714285714285714,5.285714285714286,16.654942241458137,1.0,0.2857142857142857,0.0,0.0,0.0,0.0,5.142857142857143,0.14285714285714285,0.0,0.0,0.14285714285714285,7.285714285714286,7.0,0.14285714285714285
2024,000409,Zach Currier,M,Midfield,last_10,10,2024-06-01,2024-08-17,ARC|ATL|CAN|CHA|OUT|RED|WHP,WAT,19.0,12.0,10.0,1.0,11.0,7.0,25.0,18,3.0,0.0,0.0,0.0,0.0,0.0,34.0,9.0,13.0,8,38,46,0.0,0.0,1.0,0.5,22.0,199.0,165.0,0.44,0.72,0.17391304347826086,,,,0.3181818181818182,0.3333333333333333,1.9,1.2,1.0,0.1,1.1,0.7,2.5,1.8,0.3,0.0,0.0,0.0,0.0,0.0,3.4,0.9,1.3,0.8,3.8,4.6,0.0,0.0,0.1,0.05,2.2,19.9,16.5,2.2
2024,000410,Eli Gobrecht,D,Defense,last_10,10,2024-06-01,2024-08-17,ARC|ATL|CAN|CHA|OUT|RED|WHP,WAT,0.0,0.0,0.0,0.0,0.0,0.0,2.0,2,1.0,0.0,0.0,0.0,0.0,0.0,20.0,2.0,8.0,0,0,0,0.0,0.0,2.0,2.0,1.0,59.0,55.0,0.0,1.0,,,,,0.0,0.0,0.0,0.0,0.0,0.0,0.0,0.0,0.2,0.2,0.1,0.0,0.0,0.0,0.0,0.0,2.0,0.2,0.8,0.0,0.0,0.0,0.0,0.0,0.2,0.2,0.1,5.9,5.5,0.1
2024,000414,Rob Pannell,A,Attack,last_10,10,2024-06-07,2024-08-17,ARC|ATL|CAN|CHA|OUT|WAT|WHP,RED,30.0,15.0,15.0,0.0,15.0,15.0,74.0,40,0.0,0.0,0.0,0.0,0.0,0.0,21.0,25.0,2.0,0,0,0,0.0,0.0,2.0,1.0,53.0,417.0,318.0,0.20270270270270271,0.5405405405405406,,,,,0.2830188679245283,,3.0,1.5,1.5,0.0,1.5,1.5,7.4,4.0,0.0,0.0,0.0,0.0,0.0,0.0,2.1,2.5,0.2,0.0,0.0,0.0,0.0,0.0,0.2,0.1,5.3,41.7,31.8,5.3
2024,000416,Ryland Rees,LSM,Long Stick Midfield,last_10,10,2024-06-01,2024-08-17,ARC|ATL|CAN|CHA|OUT|RED|WHP,WAT,8.0,8.0,0.0,4.0,4.0,0.0,6.0,6,5.0,0.0,0.0,0.0,0.0,0.0,25.0,6.0,3.0,0,1,1,0.0,0.0,0.0,0.0,1.0,43.0,31.0,0.6666666666666666,1.0,0.0,,,,0.0,0.8,0.8,0.8,0.0,0.4,0.4,0.0,0.6,0.6,0.5,0.0,0.0,0.0,0.0,0.0,2.5,0.6,0.3,0.0,0.1,0.1,0.0,0.0,0.0,0.0,0.1,4.3,3.1,0.1
2024,000418,Dillon Ward,G,Goalie,last_10,8,2024-06-01,2024-08-10,ARC|ATL|CAN|CHA|OUT|RED|WHP,WAT,0.0,0.0,0.0,0.0,0.0,0.0,1.0,0,1.0,81.0,23.0,58.0,86.0,114.23217481740045,21.0,2.0,3.0,0,0,0,76.0,10.0,0.0,0.0,0.0,102.0,99.0,0.0,0.0,,0.5159235668789809,28.39506172839506,0.1464968152866242,,0.0,0.0,0.0,0.0,0.0,0.0,0.0,0.125,0.0,0.125,10.125,2.875,7.25,10.75,14.279021852175056,2.625,0.25,0.375,0.0,0.0,0.0,9.5,1.25,0.0,0.0,0.0,12.75,12.375,0.0
2024,000419,Zed Williams,A,Attack,last_10,10,2024-06-28,2024-09-15,ARC|ATL|CAN|CHA|OUT|RED|WAT,WHP,26.0,24.0,24.0,0.0,24.0,2.0,77.0,52,6.0,0.0,0.0,0.0,0.0,0.0,15.0,15.0,1.0,0,0,0,0.0,0.0,0.0,0.0,13.0,212.0,120.0,0.3116883116883117,0.6753246753246753,,,,,0.15384615384615385,0.0,2.6,2.4,2.4,0.0,2.4,0.2,7.7,5.2,0.6,0.0,0.0,0.0,0.0,0.0,1.5,1.5,0.1,0.0,0.0,0.0,0.0,0.0,0.0,0.0,1.3,21.2,12.0,1.3
2024,000424,Jake Pulver,D,Defense,last_10,5,2024-07-06,2024-09-02,ATL|CHA|WAT|WHP,CAN,0.0,0.0,0.0,0.0,0.0,0.0,0.0,0,0.0,0.0,0.0,0.0,0.0,0.0,8.0,0.0,3.0,0,0,0,0.0,0.0,0.0,0.0,0.0,17.0,17.0,,,,,,,,,0.0,0.0,0.0,0.0,0.0,0.0,0.0,0.0,0.0,0.0,0.0,0.0,0.0,0.0,1.6,0.0,0.6,0.0,0.0,0.0,0.0,0.0,0.0,0.0,0.0,3.4,3.4,0.0
2024,000727,CJ Costabile,LSM,Long Stick Midfield,last_10,5,2024-06-02,2024-08-10,ARC|OUT|RED|WHP,CHA,0.0,0.0,0.0,0.0,0.0,0.0,5.0,2,4.0,0.0,0.0,0.0,0.0,0.0,12.0,2.0,5.0,0,0,0,0.0,0.0,0.0,0.0,0.0,26.0,19.0,0.0,0.4,,,,,,0.0,0.0,0.0,0.0,0.0,0.0,0.0,1.0,0.4,0.8,0.0,0.0,0.0,0.0,0.0,2.4,0.4,1.0,0.0,0.0,0.0,0.0,0.0,0.0,0.0,0.0,5.2,3.8,0.0
2024,000815,Austin Kaut,G,Goalie,last_10,5,2024-06-02,2024-08-17,ARC|ATL|CAN|OUT|RED,CHA,0.0,0.0,0.0,0.0,0.0,0.0,0.0,0,0.0,46.0,16.0,30.0,44.0,81.85357502453084,9.0,3.0,1.0,0,0,0,40.0,4.0,0.0,0.0,0.0,53.0,50.0,,,,0.5348837209302325,34.78260869565217,0.18604651162790697,,,0.0,0.0,0.0,0.0,0.0,0.0,0.0,0.0,0.0,9.2,3.2,6.0,8.8,16.370715004906167,1.8,0.6,0.2,0.0,0.0,0.0,8.0,0.8,0.0,0.0,0.0,10.6,10.0,0.0
2024,000921,Challen Rogers,M,Midfield,last_10,1,2024-06-29,2024-06-29,CAN,ARC,0.0,0.0,0.0,0.0,0.0,0.0,0.0,0,0.0,0.0,0.0,0.0,0.0,0.0,0.0,3.0,0.0,0,0,0,0.0,0.0,1.0,1.0,1.0,9.0,6.0,,,,,,,0.0,,0.0,0.0,0.0,0.0,0.0,0.0,0.0,0.0,0.0,0.0,0.0,0.0,0.0,0.0,0.0,3.0,0.0,0.0,0.0,0.0,0.0,0.0,1.0,1.0,1.0,9.0,6.0,1.0
2024,000922,Graeme Hossack,D,Defense,last_10,9,2024-06-29,2024-09-15,ATL|CAN|CHA|OUT|RED|WHP,ARC,2.0,2.0,0.0,1.0,1.0,0.0,3.0,1,3.0,0.0,0.0,0.0,0.0,0.0,24.0,4.0,8.0,0,0,0,0.0,0.0,2.0,2.0,1.0,57.0,50.0,0.3333333333333333,0.3333333333333333,,,,,0.0,0.3333333333333333,0.2222222222222222,0.2222222222222222,0.0,0.1111111111111111,0.1111111111111111,0.0,0.3333333333333333,0.1111111111111111,0.3333333333333333,0.0,0.0,0.0,0.0,0.0,2.6666666666666665,0.4444444444444444,0.8888888888888888,0.0,0.0,0.0,0.0,0.0,0.2222222222222222,0.2222222222222222,0.1111111111111111,6.333333333333333,5.555555555555555,0.1111111111111111
2024,000925,Liam Byrnes,D,Defense,last_10,5,2024-06-01,2024-07-06,ARC|CAN|CHA|WHP,WAT,0.0,0.0,0.0,0.0,0.0,0.0,2.0,0,1.0,0.0,0.0,0.0,0.0,0.0,5.0,2.0,6.0,0,0,0,0.0,0.0,0.0,0.0,0.0,39.0,35.0,0.0,0.0,,,,,,0.0,0.0,0.0,0.0,0.0,0.0,0.0,0.4,0.0,0.2,0.0,0.0,0.0,0.0,0.0,1.0,0.4,1.2,0.0,0.0,0.0,0.0,0.0,0.0,0.0,0.0,7.8,7.0,0.0
2024,000978,Kyle Jackson,M,Midfield,last_10,10,2024-06-08,2024-09-07,ARC|ATL|CAN|OUT|RED|WAT|WHP,CHA,9.0,8.0,8.0,0.0,8.0,1.0,35.0,20,3.0,0.0,0.0,0.0,0.0,0.0,8.0,12.0,0.0,0,0,0,0.0,0.0,3.0,2.5,5.0,163.0,116.0,0.22857142857142856,0.5714285714285714,,,,,0.2,0.0,0.9,0.8,0.8,0.0,0.8,0.1,3.5,2.0,0.3,0.0,0.0,0.0,0.0,0.0,0.8,1.2,0.0,0.0,0.0,0.0,0.0,0.0,0.3,0.25,0.5,16.3,11.6,0.5
2024,001001,Dylan Molloy,M,Midfield,last_10,3,2024-06-02,2024-06-16,CHA|RED|WHP,ATL,6.0,4.0,4.0,0.0,4.0,2.0,10.0,7,1.0,0.0,0.0,0.0,0.0,0.0,2.0,2.0,0.0,0,0,0,0.0,0.0,0.0,0.0,5.0,42.0,30.0,0.4,0.7,,,,,0.4,0.0,2.0,1.3333333333333333,1.3333333333333333,0.0,1.3333333333333333,0.6666666666666666,3.3333333333333335,2.3333333333333335,0.3333333333333333,0.0,0.0,0.0,0.0,0.0,0.6666666666666666,0.6666666666666666,0.0,0.0,0.0,0.0,0.0,0.0,0.0,0.0,1.6666666666666667,14.0,10.0,1.6666666666666667
2024,001009,Colin Heacock,M,Midfield,last_10,10,2024-06-16,2024-09-15,ARC|ATL|CAN|CHA|OUT|WAT,WHP,12.0,11.0,11.0,0.0,11.0,1.0,27.0,20,2.0,0.0,0.0,0.0,0.0,0.0,7.0,8.0,0.0,0,0,0,0.0,0.0,2.0,1.5,4.0,121.0,86.0,0.4074074074074074,0.7407407407407407,,,,,0.25,0.0,1.2,1.1,1.1,0.0,1.1,0.1,2.7,2.0,0.2,0.0,0.0,0.0,0.0,0.0,0.7,0.8,0.0,0.0,0.0,0.0,0.0,0.0,0.2,0.15,0.4,12.1,8.6,0.4
2024,001010,Isaiah Davis-Allen,SSDM,Defensive Midfield,last_10,5,2024-06-07,2024-08-17,ARC|ATL|CHA|OUT|WAT,RED,1.0,0.0,0.0,0.0,0.0,1.0,1.0,1,0.0,0.0,0.0,0.0,0.0,0.0,4.0,0.0,3.0,3,7,10,0.0,0.0,0.0,0.0,1.0,16.0,15.0,0.0,1.0,0.3,,,,1.0,,0.2,0.0,0.0,0.0,0.0,0.2,0.2,0.2,0.0,0.0,0.0,0.0,0.0,0.0,0.8,0.0,0.6,0.6,1.4,2.0,0.0,0.0,0.0,0.0,0.2,3.2,3.0,0.2
2024,001020,Mike Messenger,SSDM,Defensive Midfield,last_10,2,2024-06-02,2024-06-08,ARC|CHA,OUT,1.0,0.0,0.0,0.0,0.0,1.0,2.0,0,0.0,0.0,0.0,0.0,0.0,0.0,6.0,1.0,1.0,0,2,2,0.0,0.0,0.0,0.0,2.0,17.0,14.0,0.0,0.0,0.0,,,,0.5,,0.5,0.0,0.0,0.0,0.0,0.5,1.0,0.0,0.0,0.0,0.0,0.0,0.0,0.0,3.0,0.5,0.5,0.0,1.0,1.0,0.0,0.0,0.0,0.0,1.0,8.5,7.0,1.0
2024,001391,Mikie Schlosser,M,Midfield,last_10,3,2024-07-19,2024-08-17,ATL|OUT|RED,WAT,2.0,2.0,2.0,0.0,2.0,0.0,4.0,3,0.0,0.0,0.0,0.0,0.0,0.0,0.0,2.0,0.0,0,0,0,0.0,0.0,0.0,0.0,2.0,40.0,34.0,0.5,0.75,,,,,0.0,,0.6666666666666666,0.6666666666666666,0.6666666666666666,0.0,0.6666666666666666,0.0,1.3333333333333333,1.0,0.0,0.0,0.0,0.0,0.0,0.0,0.0,0.6666666666666666,0.0,0.0,0.0,0.0,0.0,0.0,0.0,0.0,0.6666666666666666,13.333333333333334,11.333333333333334,0.6666666666666666
2024,001397,Michael Rexrode,D,Defense,last_10,10,2024-06-02,2024-09-07,ARC|CAN|CHA|OUT|RED|WAT|WHP,ATL,0.0,0.0,0.0,0.0,0.0,0.0,1.0,1,0.0,0.0,0.0,0.0,0.0,0.0,12.0,3.0,13.0,0,1,1,0.0,0.0,1.0,0.5,1.0,50.0,46.0,0.0,1.0,0.0,,,,0.0,,0.0,0.0,0.0,0.0,0.0,0.0,0.1,0.1,0.0,0.0,0.0,0.0,0.0,0.0,1.2,0.3,1.3,0.0,0.1,0.1,0.0,0.0,0.1,0.05,0.1,5.0,4.6,0.1
2024,001406,Ben Randall,D,Defense,last_10,10,2024-06-01,2024-08-17,ARC|ATL|CAN|CHA|OUT|RED|WHP,WAT,2.0,1.0,1.0,0.0,1.0,1.0,3.0,1,2.0,0.0,0.0,0.0,0.0,0.0,27.0,4.0,17.0,0,0,0,0.0,0.0,2.0,1.5,3.0,100.0,93.0,0.3333333333333333,0.3333333333333333,,,,,0.3333333333333333,0.0,0.2,0.1,0.1,0.0,0.1,0.1,0.3,0.1,0.2,0.0,0.0,0.0,0.0,0.0,2.7,0.4,1.7,0.0,0.0,0.0,0.0,0.0,0.2,0.15,0.3,10.0,9.3,0.3
2024,001415,Greg Weyl,D,Defense,last_10,3,2024-08-03,2024-08-10,CHA|RED|WHP,OUT,1.0,1.0,1.0,0.0,1.0,0.0,3.0,1,0.0,0.0,0.0,0.0,0.0,0.0,7.0,0.0,5.0,0,0,0,0.0,0.0,2.0,2.0,0.0,22.0,19.0,0.3333333333333333,0.3333333333333333,,,,,,,0.3333333333333333,0.3333333333333333,0.3333333333333333,0.0,0.3333333333333333,0.0,1.0,0.3333333333333333,0.0,0.0,0.0,0.0,0.0,0.0,2.3333333333333335,0.0,1.6666666666666667,0.0,0.0,0.0,0.0,0.0,0.6666666666666666,0.6666666666666666,0.0,7.333333333333333,6.333333333333333,0.0
2024,001661,Warren Jeffrey,D,Defense,last_10,10,2024-06-15,2024-09-15,ATL|CAN|CHA|OUT|RED|WHP,ARC,0.0,0.0,0.0,0.0,0.0,0.0,0.0,0,0.0,0.0,0.0,0.0,0.0,0.0,12.0,2.0,7.0,0,0,0,0.0,0.0,1.0,1.0,0.0,45.0,43.0,,,,,,,,,0.0,0.0,0.0,0.0,0.0,0.0,0.0,0.0,0.0,0.0,0.0,0.0,0.0,0.0,1.2,0.2,0.7,0.0,0.0,0.0,0.0,0.0,0.1,0.1,0.0,4.5,4.3,0.0
2024,001671,Zach Goodrich,SSDM,Defensive Midfield,last_10,10,2024-06-08,2024-09-02,ARC|ATL|CHA|OUT|RED|WAT|WHP,CAN,1.0,0.0,0.0,0.0,0.0,1.0,2.0,1,1.0,0.0,0.0,0.0,0.0,0.0,5.0,2.0,5.0,1,4,5,0.0,0.0,3.0,1.5,1.0,32.0,28.0,0.0,0.5,0.2,,,,1.0,0.0,0.1,0.0,0.0,0.0,0.0,0.1,0.2,0.1,0.1,0.0,0.0,0.0,0.0,0.0,0.5,0.2,0.5,0.1,0.4,0.5,0.0,0.0,0.3,0.15,0.1,3.2,2.8,0.1
2024,001707,Matt Whitcher,SSDM,Defensive Midfield,last_10,9,2024-06-01,2024-08-17,ARC|ATL|CAN|CHA|OUT|WHP,WAT,2.0,2.0,2.0,0.0,2.0,0.0,11.0,5,1.0,0.0,0.0,0.0,0.0,0.0,11.0,7.0,5.0,0,18,18,0.0,0.0,2.0,1.0,0.0,60.0,42.0,0.18181818181818182,0.45454545454545453,0.0,,,,,0.0,0.2222222222222222,0.2222222222222222,0.2222222222222222,0.0,0.2222222222222222,0.0,1.2222222222222223,0.5555555555555556,0.1111111111111111,0.0,0.0,0.0,0.0,0.0,1.2222222222222223,0.7777777777777778,0.5555555555555556,0.0,2.0,2.0,0.0,0.0,0.2222222222222222,0.1111111111111111,0.0,6.666666666666667,4.666666666666667,0.0
2024,001724,Sean Sconone,G,Goalie,last_10,2,2024-06-02,2024-07-27,CAN|CHA,OUT,0.0,0.0,0.0,0.0,0.0,0.0,0.0,0,0.0,8.0,1.0,7.0,17.0,20.0,2.0,0.0,0.0,0,0,0,15.0,2.0,0.0,0.0,0.0,12.0,12.0,,,,0.34782608695652173,12.5,0.043478260869565216,,,0.0,0.0,0.0,0.0,0.0,0.0,0.0,0.0,0.0,4.0,0.5,3.5,8.5,10.0,1.0,0.0,0.0,0.0,0.0,0.0,7.5,1.0,0.0,0.0,0.0,6.0,6.0,0.0
2024,001729,Chris Aslanian,M,Midfield,last_10,9,2024-06-01,2024-09-02,ARC|ATL|CHA|OUT|RED|WAT|WHP,CAN,12.0,10.0,6.0,2.0,8.0,2.0,34.0,20,10.0,0.0,0.0,0.0,0.0,0.0,0.0,7.0,1.0,0,0,0,0.0,0.0,0.0,0.0,10.0,195.0,154.0,0.23529411764705882,0.5882352941176471,,,,,0.2,0.2,1.3333333333333333,1.1111111111111112,0.6666666666666666,0.2222222222222222,0.8888888888888888,0.2222222222222222,3.7777777777777777,2.2222222222222223,1.1111111111111112,0.0,0.0,0.0,0.0,0.0,0.0,0.7777777777777778,0.1111111111111111,0.0,0.0,0.0,0.0,0.0,0.0,0.0,1.1111111111111112,21.666666666666668,17.11111111111111,1.1111111111111112
2024,001733,Charlie Hayes,SSDM,Defensive Midfield,last_10,5,2024-06-16,2024-08-17,ATL|OUT|RED|WHP,WAT,1.0,1.0,1.0,0.0,1.0,0.0,4.0,3,0.0,0.0,0.0,0.0,0.0,0.0,11.0,2.0,2.0,0,4,4,0.0,0.0,0.0,0.0,1.0,33.0,27.0,0.25,0.75,0.0,,,,0.0,,0.2,0.2,0.2,0.0,0.2,0.0,0.8,0.6,0.0,0.0,0.0,0.0,0.0,0.0,2.2,0.4,0.4,0.0,0.8,0.8,0.0,0.0,0.0,0.0,0.2,6.6,5.4,0.2
2024,001760,Pat Aslanian,SSDM,Defensive Midfield,last_10,1,2024-06-01,2024-06-01,ATL,CAN,0.0,0.0,0.0,0.0,0.0,0.0,1.0,0,1.0,0.0,0.0,0.0,0.0,0.0,0.0,0.0,0.0,1,4,5,0.0,0.0,1.0,1.0,0.0,4.0,3.0,0.0,0.0,0.2,,,,,0.0,0.0,0.0,0.0,0.0,0.0,0.0,1.0,0.0,1.0,0.0,0.0,0.0,0.0,0.0,0.0,0.0,0.0,1.0,4.0,5.0,0.0,0.0,1.0,1.0,0.0,4.0,3.0,0.0
2024,001766,Holden Garlent,D,Defense,last_10,7,2024-06-07,2024-07-28,ARC|ATL|CAN|CHA|OUT|WHP,RED,0.0,0.0,0.0,0.0,0.0,0.0,1.0,1,0.0,0.0,0.0,0.0,0.0,0.0,8.0,2.0,2.0,0,0,0,0.0,0.0,1.0,0.5,1.0,25.0,22.0,0.0,1.0,,,,,0.0,,0.0,0.0,0.0,0.0,0.0,0.0,0.14285714285714285,0.14285714285714285,0.0,0.0,0.0,0.0,0.0,0.0,1.1428571428571428,0.2857142857142857,0.2857142857142857,0.0,0.0,0.0,0.0,0.0,0.14285714285714285,0.07142857142857142,0.14285714285714285,3.5714285714285716,3.142857142857143,0.14285714285714285
2024,001795,Christian Scarpello,SSDM,Defensive Midfield,last_10,9,2024-06-01,2024-08-17,ARC|ATL|CAN|CHA|OUT|RED|WHP,WAT,1.0,1.0,1.0,0.0,1.0,0.0,3.0,2,2.0,0.0,0.0,0.0,0.0,0.0,12.0,3.0,4.0,0,8,8,0.0,0.0,0.0,0.0,3.0,66.0,60.0,0.3333333333333333,0.6666666666666666,0.0,,,,0.0,0.0,0.1111111111111111,0.1111111111111111,0.1111111111111111,0.0,0.1111111111111111,0.0,0.3333333333333333,0.2222222222222222,0.2222222222222222,0.0,0.0,0.0,0.0,0.0,1.3333333333333333,0.3333333333333333,0.4444444444444444,0.0,0.8888888888888888,0.8888888888888888,0.0,0.0,0.0,0.0,0.3333333333333333,7.333333333333333,6.666666666666667,0.3333333333333333
2024,001809,Jeff Teat,A,Attack,last_10,10,2024-06-02,2024-09-07,ARC|CAN|CHA|OUT|RED|WAT|WHP,ATL,55.0,26.0,26.0,0.0,26.0,29.0,75.0,52,0.0,0.0,0.0,0.0,0.0,0.0,25.0,24.0,2.0,0,0,0,0.0,0.0,1.0,0.5,81.0,387.0,288.0,0.3466666666666667,0.6933333333333334,,,,,0.35802469135802467,,5.5,2.6,2.6,0.0,2.6,2.9,7.5,5.2,0.0,0.0,0.0,0.0,0.0,0.0,2.5,2.4,0.2,0.0,0.0,0.0,0.0,0.0,0.1,0.05,8.1,38.7,28.8,8.1
2024,001810,Michael Sowers,A,Attack,last_10,10,2024-06-01,2024-08-17,ARC|ATL|CAN|CHA|OUT|RED|WHP,WAT,37.0,18.0,18.0,0.0,18.0,19.0,62.0,46,5.0,0.0,0.0,0.0,0.0,0.0,8.0,17.0,0.0,0,0,0,0.0,0.0,2.0,1.0,66.0,344.0,265.0,0.2903225806451613,0.7419354838709677,,,,,0.2878787878787879,0.0,3.7,1.8,1.8,0.0,1.8,1.9,6.2,4.6,0.5,0.0,0.0,0.0,0.0,0.0,0.8,1.7,0.0,0.0,0.0,0.0,0.0,0.0,0.2,0.1,6.6,34.4,26.5,6.6
2024,001811,JT Giles-Harris,D,Defense,last_10,10,2024-06-08,2024-09-02,ARC|ATL|CAN|CHA|RED|WAT|WHP,OUT,0.0,0.0,0.0,0.0,0.0,0.0,0.0,0,0.0,0.0,0.0,0.0,0.0,0.0,15.0,4.0,6.0,0,0,0,0.0,0.0,3.0,2.0,0.0,76.0,72.0,,,,,,,,,0.0,0.0,0.0,0.0,0.0,0.0,0.0,0.0,0.0,0.0,0.0,0.0,0.0,0.0,1.5,0.4,0.6,0.0,0.0,0.0,0.0,0.0,0.3,0.2,0.0,7.6,7.2,0.0
2024,001812,TD Ierlan,FO,Faceoff,last_10,10,2024-06-07,2024-08-17,ARC|ATL|CAN|CHA|OUT|WAT|WHP,RED,4.0,4.0,4.0,0.0,4.0,0.0,13.0,8,1.0,0.0,0.0,0.0,0.0,0.0,81.0,2.0,2.0,143,94,238,0.0,0.0,0.0,0.0,4.0,88.0,73.0,0.3076923076923077,0.6153846153846154,0.6008403361344538,,,,0.0,0.0,0.4,0.4,0.4,0.0,0.4,0.0,1.3,0.8,0.1,0.0,0.0,0.0,0.0,0.0,8.1,0.2,0.2,14.3,9.4,23.8,0.0,0.0,0.0,0.0,0.4,8.8,7.3,0.4
2024,001813,Jared Conners,LSM,Long Stick Midfield,last_10,10,2024-06-07,2024-08-17,ARC|ATL|CAN|CHA|OUT|WAT|WHP,RED,3.0,2.0,2.0,0.0,2.0,1.0,7.0,3,4.0,0.0,0.0,0.0,0.0,0.0,33.0,8.0,4.0,0,0,0,0.0,0.0,1.0,1.0,3.0,77.0,62.0,0.2857142857142857,0.42857142857142855,,,,,0.3333333333333333,0.0,0.3,0.2,0.2,0.0,0.2,0.1,0.7,0.3,0.4,0.0,0.0,0.0,0.0,0.0,3.3,0.8,0.4,0.0,0.0,0.0,0.0,0.0,0.1,0.1,0.3,7.7,6.2,0.3
2024,001814,Mac O'Keefe,A,Attack,last_10,10,2024-06-15,2024-09-15,ATL|CAN|CHA|OUT|RED|WHP,ARC,23.0,19.0,19.0,0.0,19.0,4.0,76.0,44,12.0,0.0,0.0,0.0,0.0,0.0,11.0,14.0,3.0,0,0,0,0.0,0.0,3.0,2.0,9.0,251.0,161.0,0.25,0.5789473684210527,,,,,0.4444444444444444,0.0,2.3,1.9,1.9,0.0,1.9,0.4,7.6,4.4,1.2,0.0,0.0,0.0,0.0,0.0,1.1,1.4,0.3,0.0,0.0,0.0,0.0,0.0,0.3,0.2,0.9,25.1,16.1,0.9
2024,001815,Connor Kirst,M,Midfield,last_10,10,2024-06-08,2024-09-02,ARC|ATL|CHA|OUT|RED|WAT|WHP,CAN,13.0,12.0,10.0,1.0,11.0,1.0,31.0,22,3.0,0.0,0.0,0.0,0.0,0.0,14.0,6.0,1.0,2,8,10,0.0,0.0,0.0,0.0,5.0,131.0,94.0,0.3548387096774194,0.7096774193548387,0.2,,,,0.2,0.3333333333333333,1.3,1.2,1.0,0.1,1.1,0.1,3.1,2.2,0.3,0.0,0.0,0.0,0.0,0.0,1.4,0.6,0.1,0.2,0.8,1.0,0.0,0.0,0.0,0.0,0.5,13.1,9.4,0.5
2024,001816,Dox Aitken,M,Midfield,last_10,10,2024-06-02,2024-09-07,ARC|CAN|CHA|OUT|RED|WAT|WHP,ATL,16.0,14.0,14.0,0.0,14.0,2.0,53.0,31,8.0,0.0,0.0,0.0,0.0,0.0,13.0,13.0,0.0,0,1,1,0.0,0.0,3.0,2.0,15.0,255.0,189.0,0.2641509433962264,0.5849056603773585,0.0,,,,0.13333333333333333,0.0,1.6,1.4,1.4,0.0,1.4,0.2,5.3,3.1,0.8,0.0,0.0,0.0,0.0,0.0,1.3,1.3,0.0,0.0,0.1,0.1,0.0,0.0,0.3,0.2,1.5,25.5,18.9,1.5
2024,001818,Jake Carraway,M,Midfield,last_10,7,2024-06-01,2024-08-17,ARC|ATL|CAN|CHA|WHP,WAT,11.0,9.0,7.0,1.0,8.0,2.0,28.0,18,9.0,0.0,0.0,0.0,0.0,0.0,5.0,4.0,0.0,0,0,0,0.0,0.0,0.0,0.0,6.0,121.0,89.0,0.2857142857142857,0.6428571428571429,,,,,0.3333333333333333,0.1111111111111111,1.5714285714285714,1.2857142857142858,1.0,0.14285714285714285,1.1428571428571428,0.2857142857142857,4.0,2.5714285714285716,1.2857142857142858,0.0,0.0,0.0,0.0,0.0,0.7142857142857143,0.5714285714285714,0.0,0.0,0.0,0.0,0.0,0.0,0.0,0.0,0.8571428571428571,17.285714285714285,12.714285714285714,0.8571428571428571
2024,001819,Danny Logan,SSDM,Defensive Midfield,last_10,10,2024-06-02,2024-09-07,ARC|CAN|CHA|OUT|RED|WAT|WHP,ATL,3.0,2.0,2.0,0.0,2.0,1.0,7.0,4,2.0,0.0,0.0,0.0,0.0,0.0,8.0,0.0,3.0,3,20,23,0.0,0.0,4.0,2.5,7.0,74.0,67.0,0.2857142857142857,0.5714285714285714,0.13043478260869565,,,,0.14285714285714285,0.0,0.3,0.2,0.2,0.0,0.2,0.1,0.7,0.4,0.2,0.0,0.0,0.0,0.0,0.0,0.8,0.0,0.3,0.3,2.0,2.3,0.0,0.0,0.4,0.25,0.7,7.4,6.7,0.7
2024,001820,Ryan Terefenko,SSDM,Defensive Midfield,last_10,10,2024-06-08,2024-09-02,ARC|ATL|CAN|CHA|RED|WAT|WHP,OUT,7.0,5.0,3.0,1.0,4.0,2.0,7.0,6,1.0,0.0,0.0,0.0,0.0,0.0,17.0,10.0,1.0,0,7,7,0.0,0.0,6.0,3.0,9.0,122.0,105.0,0.5714285714285714,0.8571428571428571,0.0,,,,0.2222222222222222,1.0,0.7,0.5,0.3,0.1,0.4,0.2,0.7,0.6,0.1,0.0,0.0,0.0,0.0,0.0,1.7,1.0,0.1,0.0,0.7,0.7,0.0,0.0,0.6,0.3,0.9,12.2,10.5,0.9
2024,001821,Tre Leclaire,M,Midfield,last_10,10,2024-06-15,2024-09-15,ATL|CAN|CHA|OUT|RED|WHP,ARC,21.0,20.0,16.0,2.0,18.0,1.0,42.0,27,7.0,0.0,0.0,0.0,0.0,0.0,9.0,8.0,0.0,0,0,0,0.0,0.0,4.0,3.0,10.0,188.0,138.0,0.42857142857142855,0.6428571428571429,,,,,0.1,0.2857142857142857,2.1,2.0,1.6,0.2,1.8,0.1,4.2,2.7,0.7,0.0,0.0,0.0,0.0,0.0,0.9,0.8,0.0,0.0,0.0,0.0,0.0,0.0,0.4,0.3,1.0,18.8,13.8,1.0
2024,001824,Ryan Tierney,M,Midfield,last_10,4,2024-07-20,2024-08-03,ARC|CHA|OUT|WHP,RED,1.0,0.0,0.0,0.0,0.0,1.0,5.0,1,0.0,0.0,0.0,0.0,0.0,0.0,1.0,5.0,1.0,0,0,0,0.0,0.0,0.0,0.0,2.0,59.0,49.0,0.0,0.2,,,,,0.5,,0.25,0.0,0.0,0.0,0.0,0.25,1.25,0.25,0.0,0.0,0.0,0.0,0.0,0.0,0.25,1.25,0.25,0.0,0.0,0.0,0.0,0.0,0.0,0.0,0.5,14.75,12.25,0.5
2024,001826,Jeff Trainor,SSDM,Defensive Midfield,last_10,10,2024-06-08,2024-09-02,ARC|ATL|CHA|OUT|RED|WAT|WHP,CAN,9.0,5.0,3.0,1.0,4.0,4.0,10.0,6,4.0,0.0,0.0,0.0,0.0,0.0,13.0,5.0,6.0,0,0,0,0.0,0.0,5.0,3.0,12.0,87.0,72.0,0.4,0.6,,,,,0.3333333333333333,0.25,0.9,0.5,0.3,0.1,0.4,0.4,1.0,0.6,0.4,0.0,0.0,0.0,0.0,0.0,1.3,0.5,0.6,0.0,0.0,0.0,0.0,0.0,0.5,0.3,1.2,8.7,7.2,1.2
2024,001828,Justin Anderson,M,Midfield,last_10,10,2024-06-08,2024-09-02,ARC|ATL|CAN|CHA|RED|WAT|WHP,OUT,18.0,12.0,10.0,1.0,11.0,6.0,35.0,20,1.0,0.0,0.0,0.0,0.0,0.0,19.0,10.0,5.0,0,0,0,0.0,0.0,1.0,0.5,16.0,182.0,137.0,0.3142857142857143,0.5714285714285714,,,,,0.375,1.0,1.8,1.2,1.0,0.1,1.1,0.6,3.5,2.0,0.1,0.0,0.0,0.0,0.0,0.0,1.9,1.0,0.5,0.0,0.0,0.0,0.0,0.0,0.1,0.05,1.6,18.2,13.7,1.6
2024,001831,Colin Squires,LSM,Long Stick Midfield,last_10,10,2024-06-28,2024-09-15,ARC|ATL|CAN|CHA|OUT|RED|WAT,WHP,1.0,0.0,0.0,0.0,0.0,1.0,2.0,1,2.0,0.0,0.0,0.0,0.0,0.0,41.0,3.0,2.0,0,0,0,0.0,0.0,1.0,0.5,2.0,57.0,52.0,0.0,0.5,,,,,0.5,0.0,0.1,0.0,0.0,0.0,0.0,0.1,0.2,0.1,0.2,0.0,0.0,0.0,0.0,0.0,4.1,0.3,0.2,0.0,0.0,0.0,0.0,0.0,0.1,0.05,0.2,5.7,5.2,0.2
2024,001832,Charlie Bertrand,M,Midfield,last_10,10,2024-06-07,2024-08-17,ARC|ATL|CAN|CHA|OUT|WAT|WHP,RED,17.0,15.0,13.0,1.0,14.0,2.0,52.0,36,2.0,0.0,0.0,0.0,0.0,0.0,5.0,9.0,0.0,0,0,0,0.0,0.0,0.0,0.0,12.0,225.0,164.0,0.2692307692307692,0.6923076923076923,,,,,0.16666666666666666,0.5,1.7,1.5,1.3,0.1,1.4,0.2,5.2,3.6,0.2,0.0,0.0,0.0,0.0,0.0,0.5,0.9,0.0,0.0,0.0,0.0,0.0,0.0,0.0,0.0,1.2,22.5,16.4,1.2
2024,001835,Ethan Walker,A,Attack,last_10,10,2024-06-01,2024-08-17,ARC|ATL|CAN|CHA|OUT|RED|WHP,WAT,10.0,5.0,5.0,0.0,5.0,5.0,29.0,19,0.0,0.0,0.0,0.0,0.0,0.0,11.0,9.0,2.0,0,0,0,0.0,0.0,0.0,0.0,20.0,262.0,224.0,0.1724137931034483,0.6551724137931034,,,,,0.25,,1.0,0.5,0.5,0.0,0.5,0.5,2.9,1.9,0.0,0.0,0.0,0.0,0.0,0.0,1.1,0.9,0.2,0.0,0.0,0.0,0.0,0.0,0.0,0.0,2.0,26.2,22.4,2.0
2024,001836,Jackson Morrill,A,Attack,last_10,3,2024-06-02,2024-06-16,ATL|CAN|WAT,WHP,7.0,2.0,2.0,0.0,2.0,5.0,6.0,6,0.0,0.0,0.0,0.0,0.0,0.0,3.0,4.0,0.0,0,0,0,0.0,0.0,0.0,0.0,8.0,39.0,29.0,0.3333333333333333,1.0,,,,,0.625,,2.3333333333333335,0.6666666666666666,0.6666666666666666,0.0,0.6666666666666666,1.6666666666666667,2.0,2.0,0.0,0.0,0.0,0.0,0.0,0.0,1.0,1.3333333333333333,0.0,0.0,0.0,0.0,0.0,0.0,0.0,0.0,2.6666666666666665,13.0,9.666666666666666,2.6666666666666665
2024,001839,Nick Grill,LSM,Long Stick Midfield,last_10,10,2024-06-02,2024-09-02,ARC|ATL|CAN|CHA|RED|WAT|WHP,OUT,0.0,0.0,0.0,0.0,0.0,0.0,1.0,0,1.0,0.0,0.0,0.0,0.0,0.0,14.0,1.0,7.0,0,0,0,0.0,0.0,1.0,1.0,1.0,30.0,28.0,0.0,0.0,,,,,0.0,0.0,0.0,0.0,0.0,0.0,0.0,0.0,0.1,0.0,0.1,0.0,0.0,0.0,0.0,0.0,1.4,0.1,0.7,0.0,0.0,0.0,0.0,0.0,0.1,0.1,0.1,3.0,2.8,0.1
2024,002006,Reid Bowering,M,Midfield,last_10,3,2024-06-01,2024-06-08,CAN|CHA|WHP,ATL,3.0,2.0,2.0,0.0,2.0,1.0,8.0,4,0.0,0.0,0.0,0.0,0.0,0.0,7.0,3.0,0.0,0,0,0,0.0,0.0,1.0,0.5,1.0,24.0,13.0,0.25,0.5,,,,,1.0,,1.0,0.6666666666666666,0.6666666666666666,0.0,0.6666666666666666,0.3333333333333333,2.6666666666666665,1.3333333333333333,0.0,0.0,0.0,0.0,0.0,0.0,2.3333333333333335,1.0,0.0,0.0,0.0,0.0,0.0,0.0,0.3333333333333333,0.16666666666666666,0.3333333333333333,8.0,4.333333333333333,0.3333333333333333
2024,002015,Logan Wisnauskas,A,Attack,last_10,1,2024-06-02,2024-06-02,CHA,OUT,4.0,3.0,3.0,0.0,3.0,1.0,7.0,6,0.0,0.0,0.0,0.0,0.0,0.0,5.0,2.0,0.0,0,0,0,0.0,0.0,0.0,0.0,1.0,39.0,30.0,0.42857142857142855,0.8571428571428571,,,,,1.0,,4.0,3.0,3.0,0.0,3.0,1.0,7.0,6.0,0.0,0.0,0.0,0.0,0.0,0.0,5.0,2.0,0.0,0.0,0.0,0.0,0.0,0.0,0.0,0.0,1.0,39.0,30.0,1.0
2024,002016,Chris Gray,A,Attack,last_10,8,2024-06-16,2024-08-17,ARC|ATL|CAN|CHA|OUT|WAT|WHP,RED,12.0,8.0,8.0,0.0,8.0,4.0,37.0,22,3.0,0.0,0.0,0.0,0.0,0.0,8.0,13.0,1.0,0,0,0,0.0,0.0,0.0,0.0,25.0,238.0,188.0,0.21621621621621623,0.5945945945945946,,,,,0.16,0.0,1.5,1.0,1.0,0.0,1.0,0.5,4.625,2.75,0.375,0.0,0.0,0.0,0.0,0.0,1.0,1.625,0.125,0.0,0.0,0.0,0.0,0.0,0.0,0.0,3.125,29.75,23.5,3.125
2024,002017,Arden Cohen,D,Defense,last_10,10,2024-06-07,2024-08-17,ARC|ATL|CAN|CHA|OUT|WAT|WHP,RED,1.0,0.0,0.0,0.0,0.0,1.0,1.0,1,0.0,0.0,0.0,0.0,0.0,0.0,28.0,2.0,9.0,0,0,0,0.0,0.0,6.0,6.5,1.0,49.0,46.0,0.0,1.0,,,,,1.0,,0.1,0.0,0.0,0.0,0.0,0.1,0.1,0.1,0.0,0.0,0.0,0.0,0.0,0.0,2.8,0.2,0.9,0.0,0.0,0.0,0.0,0.0,0.6,0.65,0.1,4.9,4.6,0.1
2024,002018,Matt Moore,A,Attack,last_10,9,2024-06-01,2024-09-15,CAN|CHA|OUT|RED|WAT|WHP,ARC,15.0,9.0,7.0,1.0,8.0,6.0,40.0,22,5.0,0.0,0.0,0.0,0.0,0.0,9.0,11.0,0.0,0,0,0,0.0,0.0,2.0,3.0,21.0,218.0,167.0,0.2,0.55,,,,,0.2857142857142857,0.2,1.6666666666666667,1.0,0.7777777777777778,0.1111111111111111,0.8888888888888888,0.6666666666666666,4.444444444444445,2.4444444444444446,0.5555555555555556,0.0,0.0,0.0,0.0,0.0,1.0,1.2222222222222223,0.0,0.0,0.0,0.0,0.0,0.0,0.2222222222222222,0.3333333333333333,2.3333333333333335,24.22222222222222,18.555555555555557,2.3333333333333335
2024,002019,Koby Smith,LSM,Long Stick Midfield,last_10,10,2024-06-02,2024-09-07,ARC|CAN|CHA|OUT|RED|WAT|WHP,ATL,4.0,2.0,0.0,1.0,1.0,2.0,10.0,6,6.0,0.0,0.0,0.0,0.0,0.0,15.0,3.0,5.0,0,0,0,0.0,0.0,2.0,2.0,5.0,52.0,39.0,0.1,0.6,,,,,0.4,0.16666666666666666,0.4,0.2,0.0,0.1,0.1,0.2,1.0,0.6,0.6,0.0,0.0,0.0,0.0,0.0,1.5,0.3,0.5,0.0,0.0,0.0,0.0,0.0,0.2,0.2,0.5,5.2,3.9,0.5
2024,002020,Brett Kennedy,LSM,Long Stick Midfield,last_10,1,2024-06-16,2024-06-16,WAT,WHP,0.0,0.0,0.0,0.0,0.0,0.0,0.0,0,0.0,0.0,0.0,0.0,0.0,0.0,0.0,1.0,0.0,0,0,0,0.0,0.0,0.0,0.0,0.0,3.0,2.0,,,,,,,,,0.0,0.0,0.0,0.0,0.0,0.0,0.0,0.0,0.0,0.0,0.0,0.0,0.0,0.0,0.0,1.0,0.0,0.0,0.0,0.0,0.0,0.0,0.0,0.0,0.0,3.0,2.0,0.0
2024,002021,Roman Puglise,SSDM,Defensive Midfield,last_10,10,2024-06-28,2024-09-15,ARC|ATL|CAN|CHA|OUT|RED|WAT,WHP,4.0,4.0,2.0,1.0,3.0,0.0,7.0,5,1.0,0.0,0.0,0.0,0.0,0.0,14.0,4.0,3.0,0,1,1,0.0,0.0,3.0,3.0,5.0,93.0,82.0,0.42857142857142855,0.7142857142857143,0.0,,,,0.0,1.0,0.4,0.4,0.2,0.1,0.3,0.0,0.7,0.5,0.1,0.0,0.0,0.0,0.0,0.0,1.4,0.4,0.3,0.0,0.1,0.1,0.0,0.0,0.3,0.3,0.5,9.3,8.2,0.5
2024,002022,Zach Geddes,SSDM,Defensive Midfield,last_10,10,2024-06-08,2024-09-07,ARC|ATL|CAN|OUT|RED|WAT|WHP,CHA,7.0,6.0,6.0,0.0,6.0,1.0,18.0,11,1.0,0.0,0.0,0.0,0.0,0.0,14.0,3.0,5.0,0,1,1,0.0,0.0,2.0,1.0,2.0,77.0,56.0,0.3333333333333333,0.6111111111111112,0.0,,,,0.5,0.0,0.7,0.6,0.6,0.0,0.6,0.1,1.8,1.1,0.1,0.0,0.0,0.0,0.0,0.0,1.4,0.3,0.5,0.0,0.1,0.1,0.0,0.0,0.2,0.1,0.2,7.7,5.6,0.2
2024,002024,Asher Nolting,A,Attack,last_10,10,2024-06-08,2024-09-02,ARC|ATL|CHA|OUT|RED|WAT|WHP,CAN,37.0,11.0,11.0,0.0,11.0,26.0,46.0,28,1.0,0.0,0.0,0.0,0.0,0.0,13.0,32.0,2.0,0,1,1,0.0,0.0,3.0,2.5,64.0,336.0,258.0,0.2391304347826087,0.6086956521739131,0.0,,,,0.40625,0.0,3.7,1.1,1.1,0.0,1.1,2.6,4.6,2.8,0.1,0.0,0.0,0.0,0.0,0.0,1.3,3.2,0.2,0.0,0.1,0.1,0.0,0.0,0.3,0.25,6.4,33.6,25.8,6.4
2024,002025,Bubba Fairman,SSDM,Defensive Midfield,last_10,10,2024-06-08,2024-09-02,ARC|ATL|CHA|OUT|RED|WAT|WHP,CAN,0.0,0.0,0.0,0.0,0.0,0.0,7.0,3,0.0,0.0,0.0,0.0,0.0,0.0,7.0,4.0,3.0,0,1,1,0.0,0.0,1.0,1.0,2.0,84.0,73.0,0.0,0.42857142857142855,0.0,,,,0.0,,0.0,0.0,0.0,0.0,0.0,0.0,0.7,0.3,0.0,0.0,0.0,0.0,0.0,0.0,0.7,0.4,0.3,0.0,0.1,0.1,0.0,0.0,0.1,0.1,0.2,8.4,7.3,0.2
2024,002026,Brett Dobson,G,Goalie,last_10,10,2024-06-15,2024-09-15,ATL|CAN|CHA|OUT|RED|WHP,ARC,0.0,0.0,0.0,0.0,0.0,0.0,2.0,1,2.0,149.0,47.0,102.0,100.0,99.58176943699732,29.0,5.0,4.0,0,0,0,91.0,9.0,0.0,0.0,0.0,157.0,150.0,0.0,0.5,,0.6208333333333333,31.543624161073826,0.19583333333333333,,0.0,0.0,0.0,0.0,0.0,0.0,0.0,0.2,0.1,0.2,14.9,4.7,10.2,10.0,9.958176943699732,2.9,0.5,0.4,0.0,0.0,0.0,9.1,0.9,0.0,0.0,0.0,15.7,15.0,0.0
2024,002028,Jack Hannah,M,Midfield,last_10,7,2024-06-30,2024-08-17,ATL|CAN|CHA|OUT|RED|WHP,WAT,12.0,9.0,9.0,0.0,9.0,3.0,46.0,26,5.0,0.0,0.0,0.0,0.0,0.0,11.0,15.0,1.0,0,0,0,0.0,0.0,1.0,0.5,12.0,156.0,95.0,0.1956521739130435,0.5652173913043478,,,,,0.25,0.0,1.7142857142857142,1.2857142857142858,1.2857142857142858,0.0,1.2857142857142858,0.42857142857142855,6.571428571428571,3.7142857142857144,0.7142857142857143,0.0,0.0,0.0,0.0,0.0,1.5714285714285714,2.142857142857143,0.14285714285714285,0.0,0.0,0.0,0.0,0.0,0.14285714285714285,0.07142857142857142,1.7142857142857142,22.285714285714285,13.571428571428571,1.7142857142857142
2024,002029,Wheaton Jackoboice,SSDM,Defensive Midfield,last_10,8,2024-06-02,2024-09-15,ARC|ATL|CAN|CHA|RED|WAT,WHP,1.0,1.0,1.0,0.0,1.0,0.0,6.0,4,2.0,0.0,0.0,0.0,0.0,0.0,7.0,1.0,1.0,0,0,0,0.0,0.0,1.0,0.5,0.0,54.0,47.0,0.16666666666666666,0.6666666666666666,,,,,,0.0,0.125,0.125,0.125,0.0,0.125,0.0,0.75,0.5,0.25,0.0,0.0,0.0,0.0,0.0,0.875,0.125,0.125,0.0,0.0,0.0,0.0,0.0,0.125,0.0625,0.0,6.75,5.875,0.0
2024,002030,Jonathan Donville,M,Midfield,last_10,1,2024-06-29,2024-06-29,ARC,CAN,0.0,0.0,0.0,0.0,0.0,0.0,2.0,1,0.0,0.0,0.0,0.0,0.0,0.0,0.0,4.0,0.0,0,0,0,0.0,0.0,0.0,0.0,1.0,20.0,14.0,0.0,0.5,,,,,0.0,,0.0,0.0,0.0,0.0,0.0,0.0,2.0,1.0,0.0,0.0,0.0,0.0,0.0,0.0,0.0,4.0,0.0,0.0,0.0,0.0,0.0,0.0,0.0,0.0,1.0,20.0,14.0,1.0
2024,002031,Ryan McNulty,LSM,Long Stick Midfield,last_10,4,2024-06-08,2024-09-02,ARC|ATL|CAN|RED,CHA,0.0,0.0,0.0,0.0,0.0,0.0,1.0,0,1.0,0.0,0.0,0.0,0.0,0.0,7.0,1.0,1.0,0,0,0,0.0,0.0,0.0,0.0,2.0,15.0,13.0,0.0,0.0,,,,,0.0,0.0,0.0,0.0,0.0,0.0,0.0,0.0,0.25,0.0,0.25,0.0,0.0,0.0,0.0,0.0,1.75,0.25,0.25,0.0,0.0,0.0,0.0,0.0,0.0,0.0,0.5,3.75,3.25,0.5
2024,002033,Nakeie Montgomery,M,Midfield,last_10,8,2024-06-07,2024-08-17,ARC|ATL|CAN|CHA|OUT|WAT,RED,4.0,2.0,2.0,0.0,2.0,2.0,17.0,11,2.0,0.0,0.0,0.0,0.0,0.0,8.0,7.0,1.0,0,1,1,0.0,0.0,0.0,0.0,6.0,92.0,68.0,0.11764705882352941,0.6470588235294118,0.0,,,,0.3333333333333333,0.0,0.5,0.25,0.25,0.0,0.25,0.25,2.125,1.375,0.25,0.0,0.0,0.0,0.0,0.0,1.0,0.875,0.125,0.0,0.125,0.125,0.0,0.0,0.0,0.0,0.75,11.5,8.5,0.75
2024,002034,Keegan Khan,M,Midfield,last_10,3,2024-06-02,2024-07-20,ATL|CAN|CHA,WHP,1.0,1.0,1.0,0.0,1.0,0.0,8.0,7,0.0,0.0,0.0,0.0,0.0,0.0,3.0,0.0,1.0,0,0,0,0.0,0.0,0.0,0.0,0.0,44.0,36.0,0.125,0.875,,,,,,,0.3333333333333333,0.3333333333333333,0.3333333333333333,0.0,0.3333333333333333,0.0,2.6666666666666665,2.3333333333333335,0.0,0.0,0.0,0.0,0.0,0.0,1.0,0.0,0.3333333333333333,0.0,0.0,0.0,0.0,0.0,0.0,0.0,0.0,14.666666666666666,12.0,0.0
2024,002038,Colin Kirst,G,Goalie,last_10,10,2024-06-08,2024-09-02,ARC|ATL|CHA|OUT|RED|WAT|WHP,CAN,0.0,0.0,0.0,0.0,0.0,0.0,0.0,0,0.0,128.0,44.0,84.0,104.0,103.4539509127797,22.0,2.0,2.0,0,0,0,101.0,3.0,0.0,0.0,1.0,155.0,153.0,,,,0.5589519650655022,34.375,0.19213973799126638,0.0,,0.0,0.0,0.0,0.0,0.0,0.0,0.0,0.0,0.0,12.8,4.4,8.4,10.4,10.34539509127797,2.2,0.2,0.2,0.0,0.0,0.0,10.1,0.3,0.0,0.0,0.1,15.5,15.3,0.1
2024,002039,Owen McElroy,G,Goalie,last_10,10,2024-06-08,2024-09-02,ARC|ATL|CAN|CHA|RED|WAT|WHP,OUT,0.0,0.0,0.0,0.0,0.0,0.0,1.0,1,1.0,119.0,31.0,88.0,115.0,118.48739360724971,27.0,3.0,1.0,0,0,0,107.0,8.0,0.0,0.0,1.0,139.0,135.0,0.0,1.0,,0.5265486725663717,26.05042016806723,0.13716814159292035,0.0,0.0,0.0,0.0,0.0,0.0,0.0,0.0,0.1,0.1,0.1,11.9,3.1,8.8,11.5,11.848739360724972,2.7,0.3,0.1,0.0,0.0,0.0,10.7,0.8,0.0,0.0,0.1,13.9,13.5,0.1
2024,002042,Jon Robbins,LSM,Long Stick Midfield,last_10,10,2024-06-08,2024-09-15,ATL|CAN|CHA|OUT|RED|WHP,ARC,1.0,0.0,0.0,0.0,0.0,1.0,2.0,1,0.0,0.0,0.0,0.0,0.0,0.0,19.0,3.0,6.0,0,0,0,0.0,0.0,1.0,0.5,1.0,32.0,27.0,0.0,0.5,,,,,1.0,,0.1,0.0,0.0,0.0,0.0,0.1,0.2,0.1,0.0,0.0,0.0,0.0,0.0,0.0,1.9,0.3,0.6,0.0,0.0,0.0,0.0,0.0,0.1,0.05,0.1,3.2,2.7,0.1
2024,002043,Ryan Aughavin,M,Midfield,last_10,6,2024-06-01,2024-08-18,ATL|CHA|OUT|RED|WAT,ARC,4.0,2.0,0.0,1.0,1.0,2.0,12.0,8,6.0,0.0,0.0,0.0,0.0,0.0,2.0,4.0,0.0,0,0,0,0.0,0.0,0.0,0.0,4.0,58.0,42.0,0.08333333333333333,0.6666666666666666,,,,,0.5,0.16666666666666666,0.6666666666666666,0.3333333333333333,0.0,0.16666666666666666,0.16666666666666666,0.3333333333333333,2.0,1.3333333333333333,1.0,0.0,0.0,0.0,0.0,0.0,0.3333333333333333,0.6666666666666666,0.0,0.0,0.0,0.0,0.0,0.0,0.0,0.0,0.6666666666666666,9.666666666666666,7.0,0.6666666666666666
2024,002054,Chris Merle,SSDM,Defensive Midfield,last_10,10,2024-06-07,2024-08-17,ARC|ATL|CAN|CHA|OUT|WAT|WHP,RED,2.0,2.0,2.0,0.0,2.0,0.0,8.0,5,2.0,0.0,0.0,0.0,0.0,0.0,17.0,3.0,14.0,0,0,0,0.0,0.0,4.0,2.5,1.0,73.0,62.0,0.25,0.625,,,,,0.0,0.0,0.2,0.2,0.2,0.0,0.2,0.0,0.8,0.5,0.2,0.0,0.0,0.0,0.0,0.0,1.7,0.3,1.4,0.0,0.0,0.0,0.0,0.0,0.4,0.25,0.1,7.3,6.2,0.1
2024,002059,Brendan Krebs,G,Goalie,last_10,10,2024-06-28,2024-09-15,ARC|ATL|CAN|CHA|OUT|RED|WAT,WHP,1.0,0.0,0.0,0.0,0.0,1.0,1.0,0,1.0,128.0,54.0,74.0,111.0,113.8141228726472,27.0,7.0,2.0,0,0,0,103.0,8.0,0.0,0.0,2.0,175.0,167.0,0.0,0.0,,0.5541125541125541,42.1875,0.23376623376623376,0.5,0.0,0.1,0.0,0.0,0.0,0.0,0.1,0.1,0.0,0.1,12.8,5.4,7.4,11.1,11.38141228726472,2.7,0.7,0.2,0.0,0.0,0.0,10.3,0.8,0.0,0.0,0.2,17.5,16.7,0.2
2024,002063,Ryan Kennedy,LSM,Long Stick Midfield,last_10,2,2024-06-07,2024-08-03,CHA|OUT,RED,0.0,0.0,0.0,0.0,0.0,0.0,1.0,1,0.0,0.0,0.0,0.0,0.0,0.0,1.0,0.0,0.0,0,0,0,0.0,0.0,0.0,0.0,1.0,8.0,7.0,0.0,1.0,,,,,0.0,,0.0,0.0,0.0,0.0,0.0,0.0,0.5,0.5,0.0,0.0,0.0,0.0,0.0,0.0,0.5,0.0,0.0,0.0,0.0,0.0,0.0,0.0,0.0,0.0,0.5,4.0,3.5,0.5
2024,002067,Zac Tucci,FO,Faceoff,last_10,10,2024-06-08,2024-09-02,ARC|ATL|CHA|OUT|RED|WAT|WHP,CAN,4.0,4.0,2.0,1.0,3.0,0.0,24.0,12,12.0,0.0,0.0,0.0,0.0,0.0,69.0,7.0,2.0,108,116,224,0.0,0.0,4.0,2.0,4.0,65.0,34.0,0.125,0.5,0.48214285714285715,,,,0.0,0.08333333333333333,0.4,0.4,0.2,0.1,0.3,0.0,2.4,1.2,1.2,0.0,0.0,0.0,0.0,0.0,6.9,0.7,0.2,10.8,11.6,22.4,0.0,0.0,0.4,0.2,0.4,6.5,3.4,0.4
2024,002074,Alexander Smith,SSDM,Defensive Midfield,last_10,8,2024-06-29,2024-09-02,ARC|ATL|CAN|CHA|RED|WAT|WHP,OUT,0.0,0.0,0.0,0.0,0.0,0.0,0.0,0,0.0,0.0,0.0,0.0,0.0,0.0,5.0,3.0,3.0,0,1,1,0.0,0.0,1.0,0.5,0.0,33.0,30.0,,,0.0,,,,,,0.0,0.0,0.0,0.0,0.0,0.0,0.0,0.0,0.0,0.0,0.0,0.0,0.0,0.0,0.625,0.375,0.375,0.0,0.125,0.125,0.0,0.0,0.125,0.0625,0.0,4.125,3.75,0.0
2024,003004,Mike Sisselberger,FO,Faceoff,last_10,10,2024-06-15,2024-09-15,ATL|CAN|CHA|OUT|RED|WHP,ARC,0.0,0.0,0.0,0.0,0.0,0.0,7.0,1,0.0,0.0,0.0,0.0,0.0,0.0,73.0,17.0,2.0,125,100,229,0.0,0.0,1.0,0.5,1.0,65.0,41.0,0.0,0.14285714285714285,0.5458515283842795,,,,0.0,,0.0,0.0,0.0,0.0,0.0,0.0,0.7,0.1,0.0,0.0,0.0,0.0,0.0,0.0,7.3,1.7,0.2,12.5,10.0,22.9,0.0,0.0,0.1,0.05,0.1,6.5,4.1,0.1
2024,003005,Connor Maher,SSDM,Defensive Midfield,last_10,10,2024-06-15,2024-09-15,ATL|CAN|CHA|OUT|RED|WHP,ARC,0.0,0.0,0.0,0.0,0.0,0.0,1.0,1,1.0,0.0,0.0,0.0,0.0,0.0,10.0,1.0,3.0,0,6,6,0.0,0.0,1.0,1.0,3.0,65.0,63.0,0.0,1.0,0.0,,,,0.0,0.0,0.0,0.0,0.0,0.0,0.0,0.0,0.1,0.1,0.1,0.0,0.0,0.0,0.0,0.0,1.0,0.1,0.3,0.0,0.6,0.6,0.0,0.0,0.1,0.1,0.3,6.5,6.3,0.3
2024,003006,Piper Bond,SSDM,Defensive Midfield,last_10,10,2024-06-15,2024-09-15,ATL|CAN|CHA|OUT|RED|WHP,ARC,1.0,1.0,1.0,0.0,1.0,0.0,2.0,2,1.0,0.0,0.0,0.0,0.0,0.0,17.0,8.0,2.0,0,3,3,0.0,0.0,4.0,2.0,6.0,120.0,110.0,0.5,1.0,0.0,,,,0.0,0.0,0.1,0.1,0.1,0.0,0.1,0.0,0.2,0.2,0.1,0.0,0.0,0.0,0.0,0.0,1.7,0.8,0.2,0.0,0.3,0.3,0.0,0.0,0.4,0.2,0.6,12.0,11.0,0.6
2024,003007,Cam Wyers,D,Defense,last_10,10,2024-06-08,2024-09-15,ATL|CAN|CHA|OUT|RED|WHP,ARC,1.0,0.0,0.0,0.0,0.0,1.0,5.0,1,3.0,0.0,0.0,0.0,0.0,0.0,18.0,1.0,5.0,0,0,0,0.0,0.0,2.0,2.0,3.0,35.0,29.0,0.0,0.2,,,,,0.3333333333333333,0.0,0.1,0.0,0.0,0.0,0.0,0.1,0.5,0.1,0.3,0.0,0.0,0.0,0.0,0.0,1.8,0.1,0.5,0.0,0.0,0.0,0.0,0.0,0.2,0.2,0.3,3.5,2.9,0.3
2024,003008,Gavin Adler,D,Defense,last_10,10,2024-06-02,2024-09-07,ARC|CAN|CHA|OUT|RED|WAT|WHP,ATL,1.0,0.0,0.0,0.0,0.0,1.0,0.0,0,0.0,0.0,0.0,0.0,0.0,0.0,17.0,2.0,18.0,0,0,0,0.0,0.0,1.0,0.5,1.0,65.0,63.0,,,,,,,1.0,,0.1,0.0,0.0,0.0,0.0,0.1,0.0,0.0,0.0,0.0,0.0,0.0,0.0,0.0,1.7,0.2,1.8,0.0,0.0,0.0,0.0,0.0,0.1,0.05,0.1,6.5,6.3,0.1
2024,003009,Brett Makar,D,Defense,last_10,10,2024-06-02,2024-09-07,ARC|CAN|CHA|OUT|RED|WAT|WHP,ATL,2.0,0.0,0.0,0.0,0.0,2.0,2.0,1,2.0,0.0,0.0,0.0,0.0,0.0,23.0,5.0,10.0,0,0,0,0.0,0.0,2.0,1.5,2.0,86.0,79.0,0.0,0.5,,,,,1.0,0.0,0.2,0.0,0.0,0.0,0.0,0.2,0.2,0.1,0.2,0.0,0.0,0.0,0.0,0.0,2.3,0.5,1.0,0.0,0.0,0.0,0.0,0.0,0.2,0.15,0.2,8.6,7.9,0.2
2024,003010,Xander Dickson,A,Attack,last_10,10,2024-06-02,2024-09-07,ARC|CAN|CHA|OUT|RED|WAT|WHP,ATL,26.0,21.0,21.0,0.0,21.0,5.0,55.0,38,0.0,0.0,0.0,0.0,0.0,0.0,15.0,10.0,4.0,0,0,0,0.0,0.0,4.0,2.5,18.0,190.0,125.0,0.38181818181818183,0.6909090909090909,,,,,0.2777777777777778,,2.6,2.1,2.1,0.0,2.1,0.5,5.5,3.8,0.0,0.0,0.0,0.0,0.0,0.0,1.5,1.0,0.4,0.0,0.0,0.0,0.0,0.0,0.4,0.25,1.8,19.0,12.5,1.8
2024,003011,Payton Rezanka,SSDM,Defensive Midfield,last_10,10,2024-06-02,2024-09-07,ARC|CAN|CHA|OUT|RED|WAT|WHP,ATL,2.0,2.0,2.0,0.0,2.0,0.0,5.0,4,0.0,0.0,0.0,0.0,0.0,0.0,6.0,1.0,4.0,0,1,1,0.0,0.0,3.0,2.0,2.0,38.0,32.0,0.4,0.8,0.0,,,,0.0,,0.2,0.2,0.2,0.0,0.2,0.0,0.5,0.4,0.0,0.0,0.0,0.0,0.0,0.0,0.6,0.1,0.4,0.0,0.1,0.1,0.0,0.0,0.3,0.2,0.2,3.8,3.2,0.2
2024,003013,Matt Campbell,M,Midfield,last_10,10,2024-06-08,2024-09-02,ARC|ATL|CHA|OUT|RED|WAT|WHP,CAN,21.0,16.0,8.0,4.0,12.0,5.0,50.0,32,16.0,0.0,0.0,0.0,0.0,0.0,13.0,8.0,1.0,0,0,0,0.0,0.0,0.0,0.0,20.0,262.0,204.0,0.24,0.64,,,,,0.25,0.25,2.1,1.6,0.8,0.4,1.2,0.5,5.0,3.2,1.6,0.0,0.0,0.0,0.0,0.0,1.3,0.8,0.1,0.0,0.0,0.0,0.0,0.0,0.0,0.0,2.0,26.2,20.4,2.0
2024,003015,Will Bowen,D,Defense,last_10,10,2024-06-07,2024-09-07,ARC|ATL|CAN|OUT|RED|WAT,CHA,0.0,0.0,0.0,0.0,0.0,0.0,1.0,0,1.0,0.0,0.0,0.0,0.0,0.0,16.0,3.0,5.0,0,0,0,0.0,0.0,2.0,2.0,1.0,56.0,52.0,0.0,0.0,,,,,0.0,0.0,0.0,0.0,0.0,0.0,0.0,0.0,0.1,0.0,0.1,0.0,0.0,0.0,0.0,0.0,1.6,0.3,0.5,0.0,0.0,0.0,0.0,0.0,0.2,0.2,0.1,5.6,5.2,0.1
2024,003016,Brian Minicus,M,Midfield,last_10,10,2024-06-08,2024-09-07,ARC|ATL|CAN|OUT|RED|WAT|WHP,CHA,10.0,5.0,5.0,0.0,5.0,5.0,30.0,15,1.0,0.0,0.0,0.0,0.0,0.0,8.0,9.0,0.0,0,0,0,0.0,0.0,1.0,1.0,10.0,148.0,109.0,0.16666666666666666,0.5,,,,,0.5,0.0,1.0,0.5,0.5,0.0,0.5,0.5,3.0,1.5,0.1,0.0,0.0,0.0,0.0,0.0,0.8,0.9,0.0,0.0,0.0,0.0,0.0,0.0,0.1,0.1,1.0,14.8,10.9,1.0
2024,003017,Tye Kurtz,A,Attack,last_10,9,2024-06-02,2024-09-07,ARC|ATL|CAN|OUT|RED,CHA,16.0,11.0,9.0,1.0,10.0,5.0,32.0,22,2.0,0.0,0.0,0.0,0.0,0.0,12.0,9.0,0.0,0,0,0,0.0,0.0,1.0,0.5,13.0,199.0,158.0,0.3125,0.6875,,,,,0.38461538461538464,0.5,1.7777777777777777,1.2222222222222223,1.0,0.1111111111111111,1.1111111111111112,0.5555555555555556,3.5555555555555554,2.4444444444444446,0.2222222222222222,0.0,0.0,0.0,0.0,0.0,1.3333333333333333,1.0,0.0,0.0,0.0,0.0,0.0,0.0,0.1111111111111111,0.05555555555555555,1.4444444444444444,22.11111111111111,17.555555555555557,1.4444444444444444
2024,003018,Nick Rowlett,FO,Faceoff,last_10,10,2024-06-02,2024-09-07,ARC|ATL|OUT|RED|WAT|WHP,CHA,2.0,1.0,1.0,0.0,1.0,1.0,11.0,6,0.0,0.0,0.0,0.0,0.0,0.0,54.0,8.0,2.0,83,134,220,0.0,0.0,2.0,1.0,4.0,54.0,35.0,0.09090909090909091,0.5454545454545454,0.37727272727272726,,,,0.25,,0.2,0.1,0.1,0.0,0.1,0.1,1.1,0.6,0.0,0.0,0.0,0.0,0.0,0.0,5.4,0.8,0.2,8.3,13.4,22.0,0.0,0.0,0.2,0.1,0.4,5.4,3.5,0.4
2024,003019,Sam Handley,M,Midfield,last_10,10,2024-06-08,2024-09-02,ARC|ATL|CAN|CHA|RED|WAT|WHP,OUT,16.0,8.0,6.0,1.0,7.0,8.0,41.0,28,5.0,0.0,0.0,0.0,0.0,0.0,2.0,11.0,0.0,0,0,0,0.0,0.0,0.0,0.0,22.0,190.0,138.0,0.17073170731707318,0.6829268292682927,,,,,0.36363636363636365,0.2,1.6,0.8,0.6,0.1,0.7,0.8,4.1,2.8,0.5,0.0,0.0,0.0,0.0,0.0,0.2,1.1,0.0,0.0,0.0,0.0,0.0,0.0,0.0,0.0,2.2,19.0,13.8,2.2
2024,003020,Troy Hettinger,,,last_10,1,2024-06-15,2024-06-15,CHA,ARC,0.0,0.0,0.0,0.0,0.0,0.0,0.0,0,0.0,0.0,0.0,0.0,0.0,0.0,1.0,0.0,0.0,0,0,0,0.0,0.0,0.0,0.0,0.0,2.0,2.0,,,,,,,,,0.0,0.0,0.0,0.0,0.0,0.0,0.0,0.0,0.0,0.0,0.0,0.0,0.0,0.0,1.0,0.0,0.0,0.0,0.0,0.0,0.0,0.0,0.0,0.0,0.0,2.0,2.0,0.0
2024,003021,Jack Myers,A,Attack,last_10,2,2024-06-02,2024-06-08,ARC|CHA,OUT,4.0,3.0,3.0,0.0,3.0,1.0,11.0,7,0.0,0.0,0.0,0.0,0.0,0.0,2.0,2.0,0.0,0,0,0,0.0,0.0,0.0,0.0,7.0,71.0,58.0,0.2727272727272727,0.6363636363636364,,,,,0.14285714285714285,,2.0,1.5,1.5,0.0,1.5,0.5,5.5,3.5,0.0,0.0,0.0,0.0,0.0,0.0,1.0,1.0,0.0,0.0,0.0,0.0,0.0,0.0,0.0,0.0,3.5,35.5,29.0,3.5
2024,003022,Cross Ferrara,M,Midfield,last_10,10,2024-06-08,2024-09-02,ARC|ATL|CAN|CHA|RED|WAT|WHP,OUT,11.0,9.0,7.0,1.0,8.0,2.0,33.0,19,4.0,0.0,0.0,0.0,0.0,0.0,4.0,4.0,0.0,0,0,0,0.0,0.0,0.0,0.0,4.0,124.0,87.0,0.24242424242424243,0.5757575757575758,,,,,0.5,0.25,1.1,0.9,0.7,0.1,0.8,0.2,3.3,1.9,0.4,0.0,0.0,0.0,0.0,0.0,0.4,0.4,0.0,0.0,0.0,0.0,0.0,0.0,0.0,0.0,0.4,12.4,8.7,0.4
2024,003024,Brian Tevlin,SSDM,Defensive Midfield,last_10,9,2024-06-07,2024-08-17,ARC|ATL|CAN|CHA|OUT|WAT|WHP,RED,2.0,1.0,1.0,0.0,1.0,1.0,11.0,5,2.0,0.0,0.0,0.0,0.0,0.0,29.0,7.0,11.0,2,7,9,0.0,0.0,3.0,2.0,3.0,113.0,95.0,0.09090909090909091,0.45454545454545453,0.2222222222222222,,,,0.3333333333333333,0.0,0.2222222222222222,0.1111111111111111,0.1111111111111111,0.0,0.1111111111111111,0.1111111111111111,1.2222222222222223,0.5555555555555556,0.2222222222222222,0.0,0.0,0.0,0.0,0.0,3.2222222222222223,0.7777777777777778,1.2222222222222223,0.2222222222222222,0.7777777777777778,1.0,0.0,0.0,0.3333333333333333,0.2222222222222222,0.3333333333333333,12.555555555555555,10.555555555555555,0.3333333333333333
2024,003025,Cole Kirst,M,Midfield,last_10,7,2024-06-07,2024-08-17,ARC|ATL|CHA|OUT|WAT|WHP,RED,9.0,5.0,5.0,0.0,5.0,4.0,19.0,17,0.0,0.0,0.0,0.0,0.0,0.0,4.0,6.0,0.0,0,0,0,0.0,0.0,1.0,1.0,8.0,106.0,81.0,0.2631578947368421,0.8947368421052632,,,,,0.5,,1.2857142857142858,0.7142857142857143,0.7142857142857143,0.0,0.7142857142857143,0.5714285714285714,2.7142857142857144,2.4285714285714284,0.0,0.0,0.0,0.0,0.0,0.0,0.5714285714285714,0.8571428571428571,0.0,0.0,0.0,0.0,0.0,0.0,0.14285714285714285,0.14285714285714285,1.1428571428571428,15.142857142857142,11.571428571428571,1.1428571428571428
2024,003027,Thomas McConvey,M,Midfield,last_10,2,2024-06-01,2024-06-15,ARC|CAN,WAT,0.0,0.0,0.0,0.0,0.0,0.0,3.0,1,0.0,0.0,0.0,0.0,0.0,0.0,0.0,0.0,1.0,0,0,0,0.0,0.0,0.0,0.0,0.0,16.0,13.0,0.0,0.3333333333333333,,,,,,,0.0,0.0,0.0,0.0,0.0,0.0,1.5,0.5,0.0,0.0,0.0,0.0,0.0,0.0,0.0,0.0,0.5,0.0,0.0,0.0,0.0,0.0,0.0,0.0,0.0,8.0,6.5,0.0
2024,003028,Alex Mazzone,LSM,Long Stick Midfield,last_10,9,2024-07-06,2024-09-15,ARC|ATL|CAN|CHA|OUT|RED|WAT,WHP,0.0,0.0,0.0,0.0,0.0,0.0,1.0,0,1.0,0.0,0.0,0.0,0.0,0.0,15.0,3.0,4.0,0,0,0,0.0,0.0,0.0,0.0,0.0,29.0,25.0,0.0,0.0,,,,,,0.0,0.0,0.0,0.0,0.0,0.0,0.0,0.1111111111111111,0.0,0.1111111111111111,0.0,0.0,0.0,0.0,0.0,1.6666666666666667,0.3333333333333333,0.4444444444444444,0.0,0.0,0.0,0.0,0.0,0.0,0.0,0.0,3.2222222222222223,2.7777777777777777,0.0
2024,003029,Chris Fake,D,Defense,last_10,10,2024-06-07,2024-08-17,ARC|ATL|CAN|CHA|OUT|WAT|WHP,RED,2.0,2.0,0.0,1.0,1.0,0.0,5.0,2,5.0,0.0,0.0,0.0,0.0,0.0,12.0,4.0,2.0,0,0,0,0.0,0.0,0.0,0.0,3.0,74.0,65.0,0.2,0.4,,,,,0.0,0.2,0.2,0.2,0.0,0.1,0.1,0.0,0.5,0.2,0.5,0.0,0.0,0.0,0.0,0.0,1.2,0.4,0.2,0.0,0.0,0.0,0.0,0.0,0.0,0.0,0.3,7.4,6.5,0.3
2024,003030,James Reilly,FO,Faceoff,last_10,2,2024-08-17,2024-09-02,CAN,CHA,0.0,0.0,0.0,0.0,0.0,0.0,0.0,0,0.0,0.0,0.0,0.0,0.0,0.0,7.0,1.0,1.0,19,20,39,0.0,0.0,0.0,0.0,0.0,5.0,4.0,,,0.48717948717948717,,,,,,0.0,0.0,0.0,0.0,0.0,0.0,0.0,0.0,0.0,0.0,0.0,0.0,0.0,0.0,3.5,0.5,0.5,9.5,10.0,19.5,0.0,0.0,0.0,0.0,0.0,2.5,2.0,0.0
2024,003031,Tucker Dordevic,M,Midfield,last_10,4,2024-07-20,2024-08-04,CAN|CHA|RED|WAT,WHP,10.0,10.0,4.0,3.0,7.0,0.0,25.0,14,6.0,0.0,0.0,0.0,0.0,0.0,4.0,4.0,0.0,0,0,0,0.0,0.0,0.0,0.0,2.0,80.0,51.0,0.28,0.56,,,,,0.0,0.5,2.5,2.5,1.0,0.75,1.75,0.0,6.25,3.5,1.5,0.0,0.0,0.0,0.0,0.0,1.0,1.0,0.0,0.0,0.0,0.0,0.0,0.0,0.0,0.0,0.5,20.0,12.75,0.5
2024,003032,Petey LaSalla,FO,Faceoff,last_10,1,2024-06-02,2024-06-02,ATL,WHP,0.0,0.0,0.0,0.0,0.0,0.0,0.0,0,0.0,0.0,0.0,0.0,0.0,0.0,3.0,0.0,0.0,10,18,28,0.0,0.0,0.0,0.0,0.0,4.0,4.0,,,0.35714285714285715,,,,,,0.0,0.0,0.0,0.0,0.0,0.0,0.0,0.0,0.0,0.0,0.0,0.0,0.0,0.0,3.0,0.0,0.0,10.0,18.0,28.0,0.0,0.0,0.0,0.0,0.0,4.0,4.0,0.0
2024,003033,Garrett Leadmon,M,Midfield,last_10,3,2024-06-02,2024-06-16,ATL|CAN|WAT,WHP,2.0,2.0,0.0,1.0,1.0,0.0,13.0,7,4.0,0.0,0.0,0.0,0.0,0.0,1.0,5.0,0.0,0,0,0,0.0,0.0,0.0,0.0,1.0,56.0,38.0,0.07692307692307693,0.5384615384615384,,,,,0.0,0.25,0.6666666666666666,0.6666666666666666,0.0,0.3333333333333333,0.3333333333333333,0.0,4.333333333333333,2.3333333333333335,1.3333333333333333,0.0,0.0,0.0,0.0,0.0,0.3333333333333333,1.6666666666666667,0.0,0.0,0.0,0.0,0.0,0.0,0.0,0.0,0.3333333333333333,18.666666666666668,12.666666666666666,0.3333333333333333
2024,003039,Chet Comizio,SSDM,Defensive Midfield,last_10,10,2024-06-02,2024-09-07,ARC|CAN|CHA|OUT|RED|WAT|WHP,ATL,2.0,2.0,2.0,0.0,2.0,0.0,8.0,6,0.0,0.0,0.0,0.0,0.0,0.0,14.0,6.0,6.0,0,1,1,0.0,0.0,2.0,1.0,0.0,85.0,71.0,0.25,0.75,0.0,,,,,,0.2,0.2,0.2,0.0,0.2,0.0,0.8,0.6,0.0,0.0,0.0,0.0,0.0,0.0,1.4,0.6,0.6,0.0,0.1,0.1,0.0,0.0,0.2,0.1,0.0,8.5,7.1,0.0
2024,003041,Ethan Rall,LSM,Long Stick Midfield,last_10,10,2024-06-08,2024-09-02,ARC|ATL|CHA|OUT|RED|WAT|WHP,CAN,2.0,1.0,1.0,0.0,1.0,1.0,5.0,4,1.0,0.0,0.0,0.0,0.0,0.0,29.0,2.0,12.0,0,0,0,0.0,0.0,1.0,1.0,2.0,48.0,41.0,0.2,0.8,,,,,0.5,0.0,0.2,0.1,0.1,0.0,0.1,0.1,0.5,0.4,0.1,0.0,0.0,0.0,0.0,0.0,2.9,0.2,1.2,0.0,0.0,0.0,0.0,0.0,0.1,0.1,0.2,4.8,4.1,0.2
2024,003045,Alex Simmons,A,Attack,last_10,1,2024-07-20,2024-07-20,ARC,RED,0.0,0.0,0.0,0.0,0.0,0.0,1.0,0,0.0,0.0,0.0,0.0,0.0,0.0,1.0,1.0,0.0,0,0,0,0.0,0.0,0.0,0.0,0.0,14.0,12.0,0.0,0.0,,,,,,,0.0,0.0,0.0,0.0,0.0,0.0,1.0,0.0,0.0,0.0,0.0,0.0,0.0,0.0,1.0,1.0,0.0,0.0,0.0,0.0,0.0,0.0,0.0,0.0,0.0,14.0,12.0,0.0
2024,003048,TJ Malone,A,Attack,last_10,10,2024-06-28,2024-09-15,ARC|ATL|CAN|CHA|OUT|RED|WAT,WHP,40.0,17.0,17.0,0.0,17.0,23.0,75.0,43,4.0,0.0,0.0,0.0,0.0,0.0,23.0,22.0,3.0,0,0,0,0.0,0.0,2.0,1.0,48.0,318.0,221.0,0.22666666666666666,0.5733333333333334,,,,,0.4791666666666667,0.0,4.0,1.7,1.7,0.0,1.7,2.3,7.5,4.3,0.4,0.0,0.0,0.0,0.0,0.0,2.3,2.2,0.3,0.0,0.0,0.0,0.0,0.0,0.2,0.1,4.8,31.8,22.1,4.8
2024,003059,BJ Farrare,LSM,Long Stick Midfield,last_10,2,2024-08-10,2024-08-17,ARC|WAT,RED,1.0,0.0,0.0,0.0,0.0,1.0,0.0,0,0.0,0.0,0.0,0.0,0.0,0.0,2.0,0.0,2.0,0,0,0,0.0,0.0,0.0,0.0,1.0,6.0,6.0,,,,,,,1.0,,0.5,0.0,0.0,0.0,0.0,0.5,0.0,0.0,0.0,0.0,0.0,0.0,0.0,0.0,1.0,0.0,1.0,0.0,0.0,0.0,0.0,0.0,0.0,0.0,0.5,3.0,3.0,0.5
2024,003068,Dylan Gergar,M,Midfield,last_10,2,2024-06-29,2024-07-06,ATL|RED,OUT,2.0,2.0,2.0,0.0,2.0,0.0,12.0,6,2.0,0.0,0.0,0.0,0.0,0.0,3.0,1.0,1.0,0,0,0,0.0,0.0,0.0,0.0,0.0,26.0,13.0,0.16666666666666666,0.5,,,,,,0.0,1.0,1.0,1.0,0.0,1.0,0.0,6.0,3.0,1.0,0.0,0.0,0.0,0.0,0.0,1.5,0.5,0.5,0.0,0.0,0.0,0.0,0.0,0.0,0.0,0.0,13.0,6.5,0.0
2024,003069,Ricky Miezan,SSDM,Defensive Midfield,last_10,4,2024-07-05,2024-07-28,ARC|CAN|CHA|WHP,RED,0.0,0.0,0.0,0.0,0.0,0.0,2.0,1,1.0,0.0,0.0,0.0,0.0,0.0,2.0,0.0,2.0,0,0,0,0.0,0.0,0.0,0.0,0.0,9.0,7.0,0.0,0.5,,,,,,0.0,0.0,0.0,0.0,0.0,0.0,0.0,0.5,0.25,0.25,0.0,0.0,0.0,0.0,0.0,0.5,0.0,0.5,0.0,0.0,0.0,0.0,0.0,0.0,0.0,0.0,2.25,1.75,0.0
2024,003070,Ronan Jacoby,M,Midfield,last_10,6,2024-06-01,2024-08-10,ARC|CAN|CHA|OUT|RED|WHP,ATL,5.0,2.0,2.0,0.0,2.0,3.0,16.0,12,3.0,0.0,0.0,0.0,0.0,0.0,4.0,1.0,1.0,0,0,0,0.0,0.0,0.0,0.0,6.0,100.0,83.0,0.125,0.75,,,,,0.5,0.0,0.8333333333333334,0.3333333333333333,0.3333333333333333,0.0,0.3333333333333333,0.5,2.6666666666666665,2.0,0.5,0.0,0.0,0.0,0.0,0.0,0.6666666666666666,0.16666666666666666,0.16666666666666666,0.0,0.0,0.0,0.0,0.0,0.0,0.0,1.0,16.666666666666668,13.833333333333334,1.0
2024,003072,Kevin Winkoff,M,Midfield,last_10,3,2024-06-16,2024-07-06,ARC|ATL|WAT,WHP,4.0,1.0,1.0,0.0,1.0,3.0,11.0,5,2.0,0.0,0.0,0.0,0.0,0.0,2.0,5.0,1.0,0,0,0,0.0,0.0,0.0,0.0,8.0,44.0,28.0,0.09090909090909091,0.45454545454545453,,,,,0.375,0.0,1.3333333333333333,0.3333333333333333,0.3333333333333333,0.0,0.3333333333333333,1.0,3.6666666666666665,1.6666666666666667,0.6666666666666666,0.0,0.0,0.0,0.0,0.0,0.6666666666666666,1.6666666666666667,0.3333333333333333,0.0,0.0,0.0,0.0,0.0,0.0,0.0,2.6666666666666665,14.666666666666666,9.333333333333334,2.6666666666666665
2024,003073,Ron John,SSDM,Defensive Midfield,last_10,1,2024-06-29,2024-06-29,OUT,RED,0.0,0.0,0.0,0.0,0.0,0.0,0.0,0,0.0,0.0,0.0,0.0,0.0,0.0,1.0,0.0,0.0,0,0,0,0.0,0.0,0.0,0.0,0.0,2.0,2.0,,,,,,,,,0.0,0.0,0.0,0.0,0.0,0.0,0.0,0.0,0.0,0.0,0.0,0.0,0.0,0.0,1.0,0.0,0.0,0.0,0.0,0.0,0.0,0.0,0.0,0.0,0.0,2.0,2.0,0.0
2024,003075,Brennan O'Neill,A,Attack,last_10,10,2024-06-08,2024-09-02,ARC|ATL|CAN|CHA|RED|WAT|WHP,OUT,29.0,22.0,18.0,2.0,20.0,7.0,88.0,51,12.0,0.0,0.0,0.0,0.0,0.0,16.0,13.0,0.0,0,0,0,0.0,0.0,0.0,0.0,22.0,311.0,210.0,0.22727272727272727,0.5795454545454546,,,,,0.3181818181818182,0.16666666666666666,2.9,2.2,1.8,0.2,2.0,0.7,8.8,5.1,1.2,0.0,0.0,0.0,0.0,0.0,1.6,1.3,0.0,0.0,0.0,0.0,0.0,0.0,0.0,0.0,2.2,31.1,21.0,2.2
2024,003076,Connor Shellenberger,A,Attack,last_10,9,2024-06-01,2024-09-07,ARC|CAN|CHA|OUT|RED|WAT|WHP,ATL,28.0,16.0,16.0,0.0,16.0,12.0,44.0,31,1.0,0.0,0.0,0.0,0.0,0.0,20.0,9.0,1.0,0,0,0,0.0,0.0,0.0,0.0,42.0,311.0,258.0,0.36363636363636365,0.7045454545454546,,,,,0.2857142857142857,0.0,3.111111111111111,1.7777777777777777,1.7777777777777777,0.0,1.7777777777777777,1.3333333333333333,4.888888888888889,3.4444444444444446,0.1111111111111111,0.0,0.0,0.0,0.0,0.0,2.2222222222222223,1.0,0.1111111111111111,0.0,0.0,0.0,0.0,0.0,0.0,0.0,4.666666666666667,34.55555555555556,28.666666666666668,4.666666666666667
2024,003077,Ajax Zappitello,D,Defense,last_10,10,2024-06-28,2024-09-15,ARC|ATL|CAN|CHA|OUT|RED|WAT,WHP,3.0,2.0,2.0,0.0,2.0,1.0,5.0,4,0.0,0.0,0.0,0.0,0.0,0.0,28.0,6.0,13.0,0,0,0,0.0,0.0,1.0,0.5,3.0,94.0,83.0,0.4,0.8,,,,,0.3333333333333333,,0.3,0.2,0.2,0.0,0.2,0.1,0.5,0.4,0.0,0.0,0.0,0.0,0.0,0.0,2.8,0.6,1.3,0.0,0.0,0.0,0.0,0.0,0.1,0.05,0.3,9.4,8.3,0.3
2024,003078,Shane Knobloch,M,Midfield,last_10,10,2024-06-08,2024-09-07,ARC|ATL|CAN|OUT|RED|WAT|WHP,CHA,13.0,10.0,8.0,1.0,9.0,3.0,49.0,30,4.0,0.0,0.0,0.0,0.0,0.0,10.0,16.0,0.0,0,0,0,0.0,0.0,0.0,0.0,14.0,199.0,134.0,0.1836734693877551,0.6122448979591837,,,,,0.21428571428571427,0.25,1.3,1.0,0.8,0.1,0.9,0.3,4.9,3.0,0.4,0.0,0.0,0.0,0.0,0.0,1.0,1.6,0.0,0.0,0.0,0.0,0.0,0.0,0.0,0.0,1.4,19.9,13.4,1.4
2024,003079,Liam Entenmann,G,Goalie,last_10,7,2024-06-28,2024-09-07,ARC|CAN|OUT|WAT|WHP,ATL,0.0,0.0,0.0,0.0,0.0,0.0,0.0,0,0.0,80.0,35.0,45.0,70.0,75.5965776510241,23.0,2.0,2.0,0,0,0,62.0,8.0,0.0,0.0,0.0,113.0,111.0,,,,0.5633802816901409,43.75,0.24647887323943662,,,0.0,0.0,0.0,0.0,0.0,0.0,0.0,0.0,0.0,11.428571428571429,5.0,6.428571428571429,10.0,10.799511093003444,3.2857142857142856,0.2857142857142857,0.2857142857142857,0.0,0.0,0.0,8.857142857142858,1.1428571428571428,0.0,0.0,0.0,16.142857142857142,15.857142857142858,0.0
2024,003080,Pat Kavanagh,A,Attack,last_10,7,2024-06-01,2024-09-02,ATL|CHA|OUT|WAT|WHP,CAN,13.0,9.0,9.0,0.0,9.0,4.0,37.0,24,1.0,0.0,0.0,0.0,0.0,0.0,3.0,8.0,0.0,0,0,0,0.0,0.0,1.0,1.0,18.0,157.0,112.0,0.24324324324324326,0.6486486486486487,,,,,0.2222222222222222,0.0,1.8571428571428572,1.2857142857142858,1.2857142857142858,0.0,1.2857142857142858,0.5714285714285714,5.285714285714286,3.4285714285714284,0.14285714285714285,0.0,0.0,0.0,0.0,0.0,0.42857142857142855,1.1428571428571428,0.0,0.0,0.0,0.0,0.0,0.0,0.14285714285714285,0.14285714285714285,2.5714285714285716,22.428571428571427,16.0,2.5714285714285716
2024,003081,Matt Brandau,A,Attack,last_10,6,2024-06-01,2024-08-10,ARC|CAN|OUT|RED|WHP,WAT,6.0,4.0,4.0,0.0,4.0,2.0,20.0,15,0.0,0.0,0.0,0.0,0.0,0.0,7.0,3.0,0.0,0,0,0,0.0,0.0,0.0,0.0,6.0,76.0,53.0,0.2,0.75,,,,,0.3333333333333333,,1.0,0.6666666666666666,0.6666666666666666,0.0,0.6666666666666666,0.3333333333333333,3.3333333333333335,2.5,0.0,0.0,0.0,0.0,0.0,0.0,1.1666666666666667,0.5,0.0,0.0,0.0,0.0,0.0,0.0,0.0,0.0,1.0,12.666666666666666,8.833333333333334,1.0
2024,003082,Mason Woodward,D,Defense,last_10,10,2024-06-15,2024-09-15,ATL|CAN|CHA|OUT|RED|WHP,ARC,7.0,7.0,3.0,2.0,5.0,0.0,12.0,7,9.0,0.0,0.0,0.0,0.0,0.0,22.0,0.0,11.0,0,0,0,0.0,0.0,1.0,2.0,3.0,105.0,93.0,0.4166666666666667,0.5833333333333334,,,,,0.0,0.2222222222222222,0.7,0.7,0.3,0.2,0.5,0.0,1.2,0.7,0.9,0.0,0.0,0.0,0.0,0.0,2.2,0.0,1.1,0.0,0.0,0.0,0.0,0.0,0.1,0.2,0.3,10.5,9.3,0.3
2024,003083,Jake Piseno,LSM,Long Stick Midfield,last_10,10,2024-06-08,2024-09-02,ARC|ATL|CAN|CHA|RED|WAT|WHP,OUT,1.0,1.0,1.0,0.0,1.0,0.0,11.0,9,7.0,0.0,0.0,0.0,0.0,0.0,27.0,3.0,6.0,0,0,0,0.0,0.0,1.0,1.0,4.0,75.0,61.0,0.09090909090909091,0.8181818181818182,,,,,0.0,0.0,0.1,0.1,0.1,0.0,0.1,0.0,1.1,0.9,0.7,0.0,0.0,0.0,0.0,0.0,2.7,0.3,0.6,0.0,0.0,0.0,0.0,0.0,0.1,0.1,0.4,7.5,6.1,0.4
2024,003084,Jake Stevens,M,Midfield,last_10,7,2024-06-28,2024-09-07,ARC|CAN|OUT|WAT|WHP,ATL,10.0,8.0,8.0,0.0,8.0,2.0,27.0,17,1.0,0.0,0.0,0.0,0.0,0.0,6.0,7.0,0.0,0,0,0,0.0,0.0,0.0,0.0,6.0,93.0,59.0,0.2962962962962963,0.6296296296296297,,,,,0.3333333333333333,0.0,1.4285714285714286,1.1428571428571428,1.1428571428571428,0.0,1.1428571428571428,0.2857142857142857,3.857142857142857,2.4285714285714284,0.14285714285714285,0.0,0.0,0.0,0.0,0.0,0.8571428571428571,1.0,0.0,0.0,0.0,0.0,0.0,0.0,0.0,0.0,0.8571428571428571,13.285714285714286,8.428571428571429,0.8571428571428571
2024,003085,Graham Bundy,M,Midfield,last_10,10,2024-06-08,2024-09-02,ARC|ATL|CAN|CHA|RED|WAT|WHP,OUT,24.0,22.0,10.0,6.0,16.0,2.0,66.0,35,26.0,0.0,0.0,0.0,0.0,0.0,6.0,12.0,0.0,0,0,0,0.0,0.0,0.0,0.0,10.0,226.0,148.0,0.24242424242424243,0.5303030303030303,,,,,0.2,0.23076923076923078,2.4,2.2,1.0,0.6,1.6,0.2,6.6,3.5,2.6,0.0,0.0,0.0,0.0,0.0,0.6,1.2,0.0,0.0,0.0,0.0,0.0,0.0,0.0,0.0,1.0,22.6,14.8,1.0
2024,003086,Eric Dobson,M,Midfield,last_10,6,2024-06-15,2024-08-10,ARC|OUT|RED|WAT|WHP,CHA,5.0,5.0,5.0,0.0,5.0,0.0,20.0,13,4.0,0.0,0.0,0.0,0.0,0.0,3.0,11.0,1.0,0,0,0,0.0,0.0,0.0,0.0,5.0,100.0,69.0,0.25,0.65,,,,,0.0,0.0,0.8333333333333334,0.8333333333333334,0.8333333333333334,0.0,0.8333333333333334,0.0,3.3333333333333335,2.1666666666666665,0.6666666666666666,0.0,0.0,0.0,0.0,0.0,0.5,1.8333333333333333,0.16666666666666666,0.0,0.0,0.0,0.0,0.0,0.0,0.0,0.8333333333333334,16.666666666666668,11.5,0.8333333333333334
2024,003087,Beau Pederson,SSDM,Defensive Midfield,last_10,10,2024-06-15,2024-09-15,ATL|CAN|CHA|OUT|RED|WHP,ARC,2.0,1.0,1.0,0.0,1.0,1.0,3.0,1,0.0,0.0,0.0,0.0,0.0,0.0,11.0,2.0,5.0,1,7,8,0.0,0.0,3.0,2.0,3.0,68.0,63.0,0.3333333333333333,0.3333333333333333,0.125,,,,0.3333333333333333,,0.2,0.1,0.1,0.0,0.1,0.1,0.3,0.1,0.0,0.0,0.0,0.0,0.0,0.0,1.1,0.2,0.5,0.1,0.7,0.8,0.0,0.0,0.3,0.2,0.3,6.8,6.3,0.3
2024,003088,Alexander Vardaro,M,Midfield,last_10,9,2024-06-08,2024-09-02,ATL|CHA|OUT|RED|WAT|WHP,CAN,9.0,9.0,9.0,0.0,9.0,0.0,29.0,17,1.0,0.0,0.0,0.0,0.0,0.0,3.0,5.0,0.0,0,0,0,0.0,0.0,0.0,0.0,12.0,121.0,87.0,0.3103448275862069,0.5862068965517241,,,,,0.0,0.0,1.0,1.0,1.0,0.0,1.0,0.0,3.2222222222222223,1.8888888888888888,0.1111111111111111,0.0,0.0,0.0,0.0,0.0,0.3333333333333333,0.5555555555555556,0.0,0.0,0.0,0.0,0.0,0.0,0.0,0.0,1.3333333333333333,13.444444444444445,9.666666666666666,1.3333333333333333
2024,003090,Dyson Williams,M,Midfield,last_10,7,2024-07-06,2024-09-15,ATL|CHA|OUT|RED|WHP,ARC,7.0,7.0,7.0,0.0,7.0,0.0,15.0,10,0.0,0.0,0.0,0.0,0.0,0.0,2.0,3.0,0.0,0,0,0,0.0,0.0,0.0,0.0,2.0,35.0,17.0,0.4666666666666667,0.6666666666666666,,,,,0.0,,1.0,1.0,1.0,0.0,1.0,0.0,2.142857142857143,1.4285714285714286,0.0,0.0,0.0,0.0,0.0,0.0,0.2857142857142857,0.42857142857142855,0.0,0.0,0.0,0.0,0.0,0.0,0.0,0.0,0.2857142857142857,5.0,2.4285714285714284,0.2857142857142857
2024,003091,Garrett Degnon,M,Midfield,last_10,4,2024-06-07,2024-07-05,ATL|CAN|CHA|OUT,RED,6.0,5.0,3.0,1.0,4.0,1.0,15.0,9,5.0,0.0,0.0,0.0,0.0,0.0,3.0,3.0,0.0,0,0,0,0.0,0.0,2.0,1.5,4.0,70.0,52.0,0.26666666666666666,0.6,,,,,0.25,0.2,1.5,1.25,0.75,0.25,1.0,0.25,3.75,2.25,1.25,0.0,0.0,0.0,0.0,0.0,0.75,0.75,0.0,0.0,0.0,0.0,0.0,0.0,0.5,0.375,1.0,17.5,13.0,1.0
2024,003092,Josh Zawada,M,Midfield,last_10,10,2024-06-08,2024-09-02,ARC|ATL|CAN|CHA|RED|WAT|WHP,OUT,15.0,5.0,5.0,0.0,5.0,10.0,34.0,20,1.0,0.0,0.0,0.0,0.0,0.0,12.0,11.0,0.0,0,0,0,0.0,0.0,1.0,1.0,34.0,329.0,284.0,0.14705882352941177,0.5882352941176471,,,,,0.29411764705882354,0.0,1.5,0.5,0.5,0.0,0.5,1.0,3.4,2.0,0.1,0.0,0.0,0.0,0.0,0.0,1.2,1.1,0.0,0.0,0.0,0.0,0.0,0.0,0.1,0.1,3.4,32.9,28.4,3.4
2024,003093,Ross Scott,A,Attack,last_10,10,2024-06-08,2024-09-07,ARC|ATL|CAN|OUT|RED|WAT|WHP,CHA,13.0,12.0,12.0,0.0,12.0,1.0,52.0,27,1.0,0.0,0.0,0.0,0.0,0.0,9.0,12.0,1.0,0,0,0,0.0,0.0,3.0,1.5,20.0,257.0,193.0,0.23076923076923078,0.5192307692307693,,,,,0.05,0.0,1.3,1.2,1.2,0.0,1.2,0.1,5.2,2.7,0.1,0.0,0.0,0.0,0.0,0.0,0.9,1.2,0.1,0.0,0.0,0.0,0.0,0.0,0.3,0.15,2.0,25.7,19.3,2.0
2024,003094,Levi Anderson,M,Midfield,last_10,10,2024-06-28,2024-09-15,ARC|ATL|CAN|CHA|OUT|RED|WAT,WHP,16.0,12.0,12.0,0.0,12.0,4.0,39.0,24,1.0,0.0,0.0,0.0,0.0,0.0,6.0,10.0,2.0,0,0,0,0.0,0.0,0.0,0.0,15.0,159.0,110.0,0.3076923076923077,0.6153846153846154,,,,,0.26666666666666666,0.0,1.6,1.2,1.2,0.0,1.2,0.4,3.9,2.4,0.1,0.0,0.0,0.0,0.0,0.0,0.6,1.0,0.2,0.0,0.0,0.0,0.0,0.0,0.0,0.0,1.5,15.9,11.0,1.5
2024,003095,Stephen Zupicich,LSM,Long Stick Midfield,last_10,3,2024-06-02,2024-06-28,ATL|CAN,WHP,1.0,0.0,0.0,0.0,0.0,1.0,1.0,0,1.0,0.0,0.0,0.0,0.0,0.0,2.0,1.0,0.0,0,0,0,0.0,0.0,0.0,0.0,1.0,7.0,5.0,0.0,0.0,,,,,1.0,0.0,0.3333333333333333,0.0,0.0,0.0,0.0,0.3333333333333333,0.3333333333333333,0.0,0.3333333333333333,0.0,0.0,0.0,0.0,0.0,0.6666666666666666,0.3333333333333333,0.0,0.0,0.0,0.0,0.0,0.0,0.0,0.0,0.3333333333333333,2.3333333333333335,1.6666666666666667,0.3333333333333333
2024,003096,Marcus Hudgins,D,Defense,last_10,7,2024-06-15,2024-08-10,ATL|CAN|CHA|OUT|RED|WHP,WAT,0.0,0.0,0.0,0.0,0.0,0.0,0.0,0,0.0,0.0,0.0,0.0,0.0,0.0,13.0,1.0,7.0,0,0,0,0.0,0.0,0.0,0.0,0.0,43.0,42.0,,,,,,,,,0.0,0.0,0.0,0.0,0.0,0.0,0.0,0.0,0.0,0.0,0.0,0.0,0.0,0.0,1.8571428571428572,0.14285714285714285,1.0,0.0,0.0,0.0,0.0,0.0,0.0,0.0,0.0,6.142857142857143,6.0,0.0
2024,003097,Colby Barsz,D,Defense,last_10,3,2024-06-08,2024-09-07,CHA|OUT,ARC,0.0,0.0,0.0,0.0,0.0,0.0,1.0,0,0.0,0.0,0.0,0.0,0.0,0.0,5.0,3.0,1.0,0,0,0,0.0,0.0,0.0,0.0,0.0,9.0,5.0,0.0,0.0,,,,,,,0.0,0.0,0.0,0.0,0.0,0.0,0.3333333333333333,0.0,0.0,0.0,0.0,0.0,0.0,0.0,1.6666666666666667,1.0,0.3333333333333333,0.0,0.0,0.0,0.0,0.0,0.0,0.0,0.0,3.0,1.6666666666666667,0.0
2024,003098,Luke Wierman,FO,Faceoff,last_10,10,2024-06-08,2024-09-02,ARC|ATL|CAN|CHA|RED|WAT|WHP,OUT,6.0,5.0,5.0,0.0,5.0,1.0,14.0,7,1.0,0.0,0.0,0.0,0.0,0.0,55.0,4.0,2.0,115,124,241,0.0,0.0,1.0,1.0,3.0,74.0,56.0,0.35714285714285715,0.5,0.47717842323651455,,,,0.3333333333333333,0.0,0.6,0.5,0.5,0.0,0.5,0.1,1.4,0.7,0.1,0.0,0.0,0.0,0.0,0.0,5.5,0.4,0.2,11.5,12.4,24.1,0.0,0.0,0.1,0.1,0.3,7.4,5.6,0.3
2024,003099,Tyler Carpenter,LSM,Long Stick Midfield,last_10,10,2024-06-02,2024-09-07,ARC|CAN|CHA|OUT|RED|WAT|WHP,ATL,7.0,6.0,2.0,2.0,4.0,1.0,8.0,6,3.0,0.0,0.0,0.0,0.0,0.0,41.0,5.0,7.0,0,0,0,0.0,0.0,0.0,0.0,5.0,83.0,70.0,0.5,0.75,,,,,0.2,0.6666666666666666,0.7,0.6,0.2,0.2,0.4,0.1,0.8,0.6,0.3,0.0,0.0,0.0,0.0,0.0,4.1,0.5,0.7,0.0,0.0,0.0,0.0,0.0,0.0,0.0,0.5,8.3,7.0,0.5
2024,003100,Adam Poitras,M,Midfield,last_10,10,2024-06-28,2024-09-15,ARC|ATL|CAN|CHA|OUT|RED|WAT,WHP,17.0,13.0,13.0,0.0,13.0,4.0,43.0,25,1.0,0.0,0.0,0.0,0.0,0.0,26.0,14.0,2.0,0,0,0,0.0,0.0,0.0,0.0,13.0,205.0,148.0,0.3023255813953488,0.5813953488372093,,,,,0.3076923076923077,0.0,1.7,1.3,1.3,0.0,1.3,0.4,4.3,2.5,0.1,0.0,0.0,0.0,0.0,0.0,2.6,1.4,0.2,0.0,0.0,0.0,0.0,0.0,0.0,0.0,1.3,20.5,14.8,1.3
2024,003102,Chayse Ierlan,G,Goalie,last_10,2,2024-07-20,2024-08-03,ARC|OUT,RED,0.0,0.0,0.0,0.0,0.0,0.0,1.0,1,1.0,5.0,1.0,4.0,10.0,18.297331639135958,1.0,0.0,0.0,0,0,0,8.0,2.0,0.0,0.0,0.0,8.0,7.0,0.0,1.0,,0.38461538461538464,20.0,0.07692307692307693,,0.0,0.0,0.0,0.0,0.0,0.0,0.0,0.5,0.5,0.5,2.5,0.5,2.0,5.0,9.148665819567979,0.5,0.0,0.0,0.0,0.0,0.0,4.0,1.0,0.0,0.0,0.0,4.0,3.5,0.0
2024,003104,Michael Boehm,A,Attack,last_10,1,2024-08-10,2024-08-10,RED,WAT,2.0,0.0,0.0,0.0,0.0,2.0,4.0,2,0.0,0.0,0.0,0.0,0.0,0.0,3.0,2.0,0.0,0,0,0,0.0,0.0,0.0,0.0,3.0,28.0,22.0,0.0,0.5,,,,,0.6666666666666666,,2.0,0.0,0.0,0.0,0.0,2.0,4.0,2.0,0.0,0.0,0.0,0.0,0.0,0.0,3.0,2.0,0.0,0.0,0.0,0.0,0.0,0.0,0.0,0.0,3.0,28.0,22.0,3.0
2024,003106,Dalton Young,M,Midfield,last_10,10,2024-06-08,2024-09-02,ARC|ATL|CAN|CHA|RED|WAT|WHP,OUT,15.0,9.0,9.0,0.0,9.0,6.0,31.0,14,0.0,0.0,0.0,0.0,0.0,0.0,8.0,7.0,0.0,0,0,0,0.0,0.0,1.0,0.5,16.0,121.0,83.0,0.2903225806451613,0.45161290322580644,,,,,0.375,,1.5,0.9,0.9,0.0,0.9,0.6,3.1,1.4,0.0,0.0,0.0,0.0,0.0,0.0,0.8,0.7,0.0,0.0,0.0,0.0,0.0,0.0,0.1,0.05,1.6,12.1,8.3,1.6
2024,003109,Chris Conlin,D,Defense,last_10,9,2024-06-16,2024-08-17,ARC|ATL|CAN|CHA|OUT|WAT|WHP,RED,0.0,0.0,0.0,0.0,0.0,0.0,0.0,0,0.0,0.0,0.0,0.0,0.0,0.0,17.0,1.0,9.0,0,0,0,0.0,0.0,0.0,0.0,0.0,75.0,74.0,,,,,,,,,0.0,0.0,0.0,0.0,0.0,0.0,0.0,0.0,0.0,0.0,0.0,0.0,0.0,0.0,1.8888888888888888,0.1111111111111111,1.0,0.0,0.0,0.0,0.0,0.0,0.0,0.0,0.0,8.333333333333334,8.222222222222221,0.0
2024,003111,AJ Mercurio,D,Defense,last_10,1,2024-08-03,2024-08-03,WHP,WAT,0.0,0.0,0.0,0.0,0.0,0.0,0.0,0,0.0,0.0,0.0,0.0,0.0,0.0,0.0,0.0,1.0,0,0,0,0.0,0.0,0.0,0.0,0.0,2.0,2.0,,,,,,,,,0.0,0.0,0.0,0.0,0.0,0.0,0.0,0.0,0.0,0.0,0.0,0.0,0.0,0.0,0.0,0.0,1.0,0.0,0.0,0.0,0.0,0.0,0.0,0.0,0.0,2.0,2.0,0.0
2024,003112,Jack DiBenedetto,D,Defense,last_10,1,2024-06-01,2024-06-01,WAT,ARC,0.0,0.0,0.0,0.0,0.0,0.0,0.0,0,0.0,0.0,0.0,0.0,0.0,0.0,3.0,1.0,0.0,0,0,0,0.0,0.0,0.0,0.0,0.0,3.0,2.0,,,,,,,,,0.0,0.0,0.0,0.0,0.0,0.0,0.0,0.0,0.0,0.0,0.0,0.0,0.0,0.0,3.0,1.0,0.0,0.0,0.0,0.0,0.0,0.0,0.0,0.0,0.0,3.0,2.0,0.0
2024,003114,Saam Olexo,LSM,Long Stick Midfield,last_10,1,2024-08-18,2024-08-18,ARC,OUT,0.0,0.0,0.0,0.0,0.0,0.0,0.0,0,0.0,0.0,0.0,0.0,0.0,0.0,1.0,0.0,1.0,0,0,0,0.0,0.0,2.0,1.5,0.0,1.0,1.0,,,,,,,,,0.0,0.0,0.0,0.0,0.0,0.0,0.0,0.0,0.0,0.0,0.0,0.0,0.0,0.0,1.0,0.0,1.0,0.0,0.0,0.0,0.0,0.0,2.0,1.5,0.0,1.0,1.0,0.0
2024,003115,Payton Cormier,A,Attack,last_10,3,2024-06-28,2024-09-07,WAT|WHP,ATL,6.0,5.0,5.0,0.0,5.0,1.0,14.0,10,1.0,0.0,0.0,0.0,0.0,0.0,2.0,2.0,0.0,0,0,0,0.0,0.0,0.0,0.0,6.0,43.0,27.0,0.35714285714285715,0.7142857142857143,,,,,0.16666666666666666,0.0,2.0,1.6666666666666667,1.6666666666666667,0.0,1.6666666666666667,0.3333333333333333,4.666666666666667,3.3333333333333335,0.3333333333333333,0.0,0.0,0.0,0.0,0.0,0.6666666666666666,0.6666666666666666,0.0,0.0,0.0,0.0,0.0,0.0,0.0,0.0,2.0,14.333333333333334,9.0,2.0
2024,003119,Alec Stathakis,FO,Faceoff,last_10,7,2024-06-30,2024-08-17,ATL|CAN|CHA|OUT|RED|WHP,WAT,0.0,0.0,0.0,0.0,0.0,0.0,4.0,0,2.0,0.0,0.0,0.0,0.0,0.0,26.0,3.0,0.0,73,89,163,0.0,0.0,0.0,0.0,0.0,26.0,19.0,0.0,0.0,0.44785276073619634,,,,,0.0,0.0,0.0,0.0,0.0,0.0,0.0,0.5714285714285714,0.0,0.2857142857142857,0.0,0.0,0.0,0.0,0.0,3.7142857142857144,0.42857142857142855,0.0,10.428571428571429,12.714285714285714,23.285714285714285,0.0,0.0,0.0,0.0,0.0,3.7142857142857144,2.7142857142857144,0.0
2024,003120,Jack VanOverbeke,M,Midfield,last_10,4,2024-08-17,2024-09-15,CHA|OUT|RED|WHP,ARC,6.0,4.0,4.0,0.0,4.0,2.0,15.0,10,0.0,0.0,0.0,0.0,0.0,0.0,3.0,4.0,0.0,0,0,0,0.0,0.0,0.0,0.0,7.0,68.0,49.0,0.26666666666666666,0.6666666666666666,,,,,0.2857142857142857,,1.5,1.0,1.0,0.0,1.0,0.5,3.75,2.5,0.0,0.0,0.0,0.0,0.0,0.0,0.75,1.0,0.0,0.0,0.0,0.0,0.0,0.0,0.0,0.0,1.75,17.0,12.25,1.75
2024,003121,Brayden Mayea,A,Attack,last_10,3,2024-06-30,2024-07-27,RED|WAT|WHP,CHA,1.0,1.0,1.0,0.0,1.0,0.0,12.0,6,0.0,0.0,0.0,0.0,0.0,0.0,2.0,5.0,0.0,0,0,0,0.0,0.0,0.0,0.0,1.0,36.0,19.0,0.08333333333333333,0.5,,,,,0.0,,0.3333333333333333,0.3333333333333333,0.3333333333333333,0.0,0.3333333333333333,0.0,4.0,2.0,0.0,0.0,0.0,0.0,0.0,0.0,0.6666666666666666,1.6666666666666667,0.0,0.0,0.0,0.0,0.0,0.0,0.0,0.0,0.3333333333333333,12.0,6.333333333333333,0.3333333333333333
2024,003126,Mike Robinson,A,Attack,last_10,1,2024-06-29,2024-06-29,ARC,CAN,0.0,0.0,0.0,0.0,0.0,0.0,1.0,1,0.0,0.0,0.0,0.0,0.0,0.0,3.0,2.0,0.0,0,0,0,0.0,0.0,0.0,0.0,0.0,24.0,21.0,0.0,1.0,,,,,,,0.0,0.0,0.0,0.0,0.0,0.0,1.0,1.0,0.0,0.0,0.0,0.0,0.0,0.0,3.0,2.0,0.0,0.0,0.0,0.0,0.0,0.0,0.0,0.0,0.0,24.0,21.0,0.0
2024,003128,Jack Posey,D,Defense,last_10,5,2024-06-30,2024-09-07,ARC|CAN|WAT|WHP,CHA,0.0,0.0,0.0,0.0,0.0,0.0,0.0,0,0.0,0.0,0.0,0.0,0.0,0.0,4.0,1.0,1.0,0,0,0,0.0,0.0,1.0,1.0,0.0,17.0,16.0,,,,,,,,,0.0,0.0,0.0,0.0,0.0,0.0,0.0,0.0,0.0,0.0,0.0,0.0,0.0,0.0,0.8,0.2,0.2,0.0,0.0,0.0,0.0,0.0,0.2,0.2,0.0,3.4,3.2,0.0
2024,003142,Jack Koras,M,Midfield,last_10,7,2024-06-16,2024-09-02,ARC|ATL|CAN|OUT|RED|WAT,WHP,5.0,4.0,4.0,0.0,4.0,1.0,15.0,11,0.0,0.0,0.0,0.0,0.0,0.0,21.0,1.0,5.0,0,0,0,0.0,0.0,2.0,1.0,4.0,87.0,71.0,0.26666666666666666,0.7333333333333333,,,,,0.25,,0.7142857142857143,0.5714285714285714,0.5714285714285714,0.0,0.5714285714285714,0.14285714285714285,2.142857142857143,1.5714285714285714,0.0,0.0,0.0,0.0,0.0,0.0,3.0,0.14285714285714285,0.7142857142857143,0.0,0.0,0.0,0.0,0.0,0.2857142857142857,0.14285714285714285,0.5714285714285714,12.428571428571429,10.142857142857142,0.5714285714285714
2024,003143,Logan McGovern,M,Midfield,last_10,3,2024-07-20,2024-08-17,CAN|WAT,ATL,3.0,3.0,3.0,0.0,3.0,0.0,11.0,9,0.0,0.0,0.0,0.0,0.0,0.0,4.0,3.0,0.0,0,0,0,0.0,0.0,1.0,0.5,4.0,59.0,45.0,0.2727272727272727,0.8181818181818182,,,,,0.0,,1.0,1.0,1.0,0.0,1.0,0.0,3.6666666666666665,3.0,0.0,0.0,0.0,0.0,0.0,0.0,1.3333333333333333,1.0,0.0,0.0,0.0,0.0,0.0,0.0,0.3333333333333333,0.16666666666666666,1.3333333333333333,19.666666666666668,15.0,1.3333333333333333
2025,000201,Adam Ghitelman,G,Goalie,last_10,1,2025-08-02,2025-08-02,WAT,CAN,0.0,0.0,0.0,0.0,0.0,0.0,0.0,0,0.0,0.0,0.0,0.0,0.0,0.0,0.0,0.0,0.0,0,0,0,0.0,0.0,0.0,0.0,0.0,1.0,1.0,,,,,,,,,0.0,0.0,0.0,0.0,0.0,0.0,0.0,0.0,0.0,0.0,0.0,0.0,0.0,0.0,0.0,0.0,0.0,0.0,0.0,0.0,0.0,0.0,0.0,0.0,0.0,1.0,1.0,0.0
2025,000216,Marcus Holman,A,Attack,last_10,10,2025-05-31,2025-08-09,ARC|ATL|CHA|OUT|RED|WAT|WHP,CAN,24.0,19.0,9.0,5.0,14.0,5.0,55.0,34,19.0,0.0,0.0,0.0,0.0,0.0,24.0,11.0,4.0,0,0,0,0.0,0.0,2.0,1.5,21.0,376.0,310.0,0.2545454545454545,0.6181818181818182,,,,,0.23809523809523808,0.2631578947368421,2.4,1.9,0.9,0.5,1.4,0.5,5.5,3.4,1.9,0.0,0.0,0.0,0.0,0.0,2.4,1.1,0.4,0.0,0.0,0.0,0.0,0.0,0.2,0.15,2.1,37.6,31.0,2.1
2025,000221,Ryan Ambler,M,Midfield,last_10,9,2025-06-07,2025-08-09,ATL|CAN|CHA|OUT|RED|WAT,ARC,8.0,7.0,7.0,0.0,7.0,1.0,19.0,11,1.0,0.0,0.0,0.0,0.0,0.0,4.0,8.0,0.0,0,0,0,0.0,0.0,0.0,0.0,3.0,107.0,80.0,0.3684210526315789,0.5789473684210527,,,,,0.3333333333333333,0.0,0.8888888888888888,0.7777777777777778,0.7777777777777778,0.0,0.7777777777777778,0.1111111111111111,2.111111111111111,1.2222222222222223,0.1111111111111111,0.0,0.0,0.0,0.0,0.0,0.4444444444444444,0.8888888888888888,0.0,0.0,0.0,0.0,0.0,0.0,0.0,0.0,0.3333333333333333,11.88888888888889,8.88888888888889,0.3333333333333333
2025,000225,Tom Schreiber,M,Midfield,last_10,8,2025-05-31,2025-07-26,ATL|CAN|CHA|OUT|RED|WAT|WHP,ARC,15.0,6.0,6.0,0.0,6.0,9.0,34.0,18,3.0,0.0,0.0,0.0,0.0,0.0,8.0,21.0,2.0,0,0,0,0.0,0.0,1.0,1.0,26.0,207.0,152.0,0.17647058823529413,0.5294117647058824,,,,,0.34615384615384615,0.0,1.875,0.75,0.75,0.0,0.75,1.125,4.25,2.25,0.375,0.0,0.0,0.0,0.0,0.0,1.0,2.625,0.25,0.0,0.0,0.0,0.0,0.0,0.125,0.125,3.25,25.875,19.0,3.25
2025,000227,Will Manny,A,Attack,last_10,5,2025-05-31,2025-08-09,ATL|OUT|RED|WAT|WHP,CAN,10.0,7.0,7.0,0.0,7.0,3.0,23.0,16,0.0,0.0,0.0,0.0,0.0,0.0,4.0,5.0,2.0,0,0,0,0.0,0.0,1.0,0.5,9.0,94.0,66.0,0.30434782608695654,0.6956521739130435,,,,,0.3333333333333333,,2.0,1.4,1.4,0.0,1.4,0.6,4.6,3.2,0.0,0.0,0.0,0.0,0.0,0.0,0.8,1.0,0.4,0.0,0.0,0.0,0.0,0.0,0.2,0.1,1.8,18.8,13.2,1.8
2025,000234,Eric Law,A,Attack,last_10,1,2025-08-02,2025-08-02,ATL,OUT,0.0,0.0,0.0,0.0,0.0,0.0,0.0,0,0.0,0.0,0.0,0.0,0.0,0.0,0.0,0.0,0.0,0,0,0,0.0,0.0,0.0,0.0,0.0,4.0,4.0,,,,,,,,,0.0,0.0,0.0,0.0,0.0,0.0,0.0,0.0,0.0,0.0,0.0,0.0,0.0,0.0,0.0,0.0,0.0,0.0,0.0,0.0,0.0,0.0,0.0,0.0,0.0,4.0,4.0,0.0
2025,000240,Kieran McArdle,A,Attack,last_10,10,2025-06-14,2025-09-01,ARC|ATL|CAN|CHA|OUT|RED|WHP,WAT,30.0,18.0,18.0,0.0,18.0,12.0,60.0,46,0.0,0.0,0.0,0.0,0.0,0.0,14.0,20.0,0.0,0,0,0,0.0,0.0,1.0,1.0,35.0,298.0,218.0,0.3,0.7666666666666667,,,,,0.34285714285714286,,3.0,1.8,1.8,0.0,1.8,1.2,6.0,4.6,0.0,0.0,0.0,0.0,0.0,0.0,1.4,2.0,0.0,0.0,0.0,0.0,0.0,0.0,0.1,0.1,3.5,29.8,21.8,3.5
2025,000254,Trevor Baptiste,FO,Faceoff,last_10,10,2025-06-14,2025-09-14,ARC|CAN|OUT|RED|WAT|WHP,ATL,5.0,4.0,4.0,0.0,4.0,1.0,13.0,9,0.0,0.0,0.0,0.0,0.0,0.0,80.0,8.0,4.0,157,112,271,0.0,0.0,1.0,0.5,3.0,104.0,83.0,0.3076923076923077,0.6923076923076923,0.5793357933579336,,,,0.3333333333333333,,0.5,0.4,0.4,0.0,0.4,0.1,1.3,0.9,0.0,0.0,0.0,0.0,0.0,0.0,8.0,0.8,0.4,15.7,11.2,27.1,0.0,0.0,0.1,0.05,0.3,10.4,8.3,0.3
2025,000258,Blaze Riorden,G,Goalie,last_10,10,2025-06-06,2025-08-24,ARC|CAN|OUT|RED|WAT|WHP,CHA,0.0,0.0,0.0,0.0,0.0,0.0,3.0,2,3.0,147.0,59.0,88.0,126.0,132.7017067605635,15.0,5.0,5.0,0,0,0,114.0,12.0,0.0,0.0,0.0,173.0,165.0,0.0,0.6666666666666666,,0.5632183908045977,40.136054421768705,0.2260536398467433,,0.0,0.0,0.0,0.0,0.0,0.0,0.0,0.3,0.2,0.3,14.7,5.9,8.8,12.6,13.270170676056349,1.5,0.5,0.5,0.0,0.0,0.0,11.4,1.2,0.0,0.0,0.0,17.3,16.5,0.0
2025,000262,Connor Fields,A,Attack,last_10,10,2025-05-31,2025-08-09,ATL|CAN|CHA|OUT|RED|WAT|WHP,ARC,20.0,14.0,14.0,0.0,14.0,6.0,47.0,31,0.0,0.0,0.0,0.0,0.0,0.0,15.0,16.0,3.0,0,0,0,0.0,0.0,1.0,0.5,21.0,254.0,191.0,0.2978723404255319,0.6595744680851063,,,,,0.2857142857142857,,2.0,1.4,1.4,0.0,1.4,0.6,4.7,3.1,0.0,0.0,0.0,0.0,0.0,0.0,1.5,1.6,0.3,0.0,0.0,0.0,0.0,0.0,0.1,0.05,2.1,25.4,19.1,2.1
2025,000269,Jarrod Neumann,D,Defense,last_10,10,2025-06-06,2025-08-24,ARC|CAN|OUT|RED|WAT|WHP,CHA,4.0,4.0,0.0,2.0,2.0,0.0,6.0,4,6.0,0.0,0.0,0.0,0.0,0.0,14.0,5.0,2.0,0,0,0,0.0,0.0,2.0,1.0,1.0,79.0,68.0,0.3333333333333333,0.6666666666666666,,,,,0.0,0.3333333333333333,0.4,0.4,0.0,0.2,0.2,0.0,0.6,0.4,0.6,0.0,0.0,0.0,0.0,0.0,1.4,0.5,0.2,0.0,0.0,0.0,0.0,0.0,0.2,0.1,0.1,7.9,6.8,0.1
2025,000275,Mark Glicini,SSDM,Defensive Midfield,last_10,10,2025-06-06,2025-08-24,ARC|CAN|OUT|RED|WAT|WHP,CHA,3.0,3.0,1.0,1.0,2.0,0.0,6.0,4,2.0,0.0,0.0,0.0,0.0,0.0,14.0,3.0,5.0,1,13,14,0.0,0.0,4.0,3.0,2.0,73.0,64.0,0.3333333333333333,0.6666666666666666,0.07142857142857142,,,,0.0,0.5,0.3,0.3,0.1,0.1,0.2,0.0,0.6,0.4,0.2,0.0,0.0,0.0,0.0,0.0,1.4,0.3,0.5,0.1,1.3,1.4,0.0,0.0,0.4,0.3,0.2,7.3,6.4,0.2
2025,000278,Myles Jones,M,Midfield,last_10,3,2025-05-30,2025-06-14,CAN|CHA|WHP,ATL,5.0,1.0,1.0,0.0,1.0,4.0,5.0,3,0.0,0.0,0.0,0.0,0.0,0.0,2.0,5.0,0.0,0,0,0,0.0,0.0,0.0,0.0,7.0,59.0,49.0,0.2,0.6,,,,,0.5714285714285714,,1.6666666666666667,0.3333333333333333,0.3333333333333333,0.0,0.3333333333333333,1.3333333333333333,1.6666666666666667,1.0,0.0,0.0,0.0,0.0,0.0,0.0,0.6666666666666666,1.6666666666666667,0.0,0.0,0.0,0.0,0.0,0.0,0.0,0.0,2.3333333333333335,19.666666666666668,16.333333333333332,2.3333333333333335
2025,000279,Patrick Resch,SSDM,Defensive Midfield,last_10,3,2025-05-30,2025-08-09,ATL|CHA|RED,ARC|CHA,1.0,0.0,0.0,0.0,0.0,1.0,0.0,0,0.0,0.0,0.0,0.0,0.0,0.0,4.0,3.0,0.0,0,1,1,0.0,0.0,2.0,1.5,2.0,25.0,22.0,,,0.0,,,,0.5,,0.3333333333333333,0.0,0.0,0.0,0.0,0.3333333333333333,0.0,0.0,0.0,0.0,0.0,0.0,0.0,0.0,1.3333333333333333,1.0,0.0,0.0,0.3333333333333333,0.3333333333333333,0.0,0.0,0.6666666666666666,0.5,0.6666666666666666,8.333333333333334,7.333333333333333,0.6666666666666666
2025,000281,Troy Reh,LSM,Long Stick Midfield,last_10,10,2025-06-06,2025-08-24,ARC|CAN|OUT|RED|WAT|WHP,CHA,1.0,1.0,1.0,0.0,1.0,0.0,4.0,1,2.0,0.0,0.0,0.0,0.0,0.0,39.0,5.0,9.0,0,0,0,0.0,0.0,2.0,1.5,4.0,113.0,104.0,0.25,0.25,,,,,0.0,0.0,0.1,0.1,0.1,0.0,0.1,0.0,0.4,0.1,0.2,0.0,0.0,0.0,0.0,0.0,3.9,0.5,0.9,0.0,0.0,0.0,0.0,0.0,0.2,0.15,0.4,11.3,10.4,0.4
2025,000302,Michael Manley,D,Defense,last_10,10,2025-06-14,2025-09-14,ARC|ATL|CAN|CHA|RED|WAT|WHP,OUT,4.0,3.0,1.0,1.0,2.0,1.0,7.0,5,4.0,0.0,0.0,0.0,0.0,0.0,17.0,4.0,6.0,0,0,0,0.0,0.0,1.0,1.0,2.0,70.0,59.0,0.2857142857142857,0.7142857142857143,,,,,0.5,0.25,0.4,0.3,0.1,0.1,0.2,0.1,0.7,0.5,0.4,0.0,0.0,0.0,0.0,0.0,1.7,0.4,0.6,0.0,0.0,0.0,0.0,0.0,0.1,0.1,0.2,7.0,5.9,0.2
2025,000305,Romar Dennis,M,Midfield,last_10,10,2025-05-31,2025-09-01,ARC|ATL|CAN|CHA|OUT|WAT|WHP,RED,12.0,11.0,1.0,5.0,6.0,1.0,51.0,25,28.0,0.0,0.0,0.0,0.0,0.0,4.0,1.0,1.0,0,0,0,0.0,0.0,0.0,0.0,6.0,182.0,130.0,0.11764705882352941,0.49019607843137253,,,,,0.16666666666666666,0.17857142857142858,1.2,1.1,0.1,0.5,0.6,0.1,5.1,2.5,2.8,0.0,0.0,0.0,0.0,0.0,0.4,0.1,0.1,0.0,0.0,0.0,0.0,0.0,0.0,0.0,0.6,18.2,13.0,0.6
2025,000315,Garrett Epple,D,Defense,last_10,10,2025-05-31,2025-08-09,ARC|ATL|CHA|OUT|RED|WAT|WHP,CAN,0.0,0.0,0.0,0.0,0.0,0.0,2.0,0,2.0,0.0,0.0,0.0,0.0,0.0,14.0,1.0,12.0,0,0,0,0.0,0.0,2.0,1.5,0.0,74.0,71.0,0.0,0.0,,,,,,0.0,0.0,0.0,0.0,0.0,0.0,0.0,0.2,0.0,0.2,0.0,0.0,0.0,0.0,0.0,1.4,0.1,1.2,0.0,0.0,0.0,0.0,0.0,0.2,0.15,0.0,7.4,7.1,0.0
2025,000333,Sergio Perkovic,M,Midfield,last_10,8,2025-06-22,2025-08-24,ARC|CAN|OUT|RED|WAT|WHP,CHA,9.0,8.0,6.0,1.0,7.0,1.0,33.0,21,10.0,0.0,0.0,0.0,0.0,0.0,2.0,6.0,0.0,0,0,0,0.0,0.0,1.0,1.0,7.0,129.0,90.0,0.21212121212121213,0.6363636363636364,,,,,0.14285714285714285,0.1,1.125,1.0,0.75,0.125,0.875,0.125,4.125,2.625,1.25,0.0,0.0,0.0,0.0,0.0,0.25,0.75,0.0,0.0,0.0,0.0,0.0,0.0,0.125,0.125,0.875,16.125,11.25,0.875
2025,000337,Bryce Young,D,Defense,last_10,10,2025-05-31,2025-08-09,ARC|ATL|CHA|OUT|RED|WAT|WHP,CAN,0.0,0.0,0.0,0.0,0.0,0.0,0.0,0,0.0,0.0,0.0,0.0,0.0,0.0,13.0,4.0,5.0,0,0,0,0.0,0.0,1.0,2.0,0.0,37.0,33.0,,,,,,,,,0.0,0.0,0.0,0.0,0.0,0.0,0.0,0.0,0.0,0.0,0.0,0.0,0.0,0.0,1.3,0.4,0.5,0.0,0.0,0.0,0.0,0.0,0.1,0.2,0.0,3.7,3.3,0.0
2025,000339,Connor Kelly,M,Midfield,last_10,10,2025-06-14,2025-09-01,ARC|ATL|CAN|CHA|OUT|RED|WHP,WAT,16.0,11.0,5.0,3.0,8.0,5.0,57.0,28,16.0,0.0,0.0,0.0,0.0,0.0,9.0,11.0,1.0,0,0,0,0.0,0.0,1.0,0.5,10.0,234.0,166.0,0.14035087719298245,0.49122807017543857,,,,,0.5,0.1875,1.6,1.1,0.5,0.3,0.8,0.5,5.7,2.8,1.6,0.0,0.0,0.0,0.0,0.0,0.9,1.1,0.1,0.0,0.0,0.0,0.0,0.0,0.1,0.05,1.0,23.4,16.6,1.0
2025,000345,Jake Bernhardt,SSDM,Defensive Midfield,last_10,10,2025-06-07,2025-08-23,ATL|CAN|CHA|OUT|RED|WAT,WHP,2.0,2.0,0.0,1.0,1.0,0.0,5.0,2,3.0,0.0,0.0,0.0,0.0,0.0,6.0,3.0,1.0,1,12,13,0.0,0.0,1.0,0.5,0.0,51.0,43.0,0.2,0.4,0.07692307692307693,,,,,0.3333333333333333,0.2,0.2,0.0,0.1,0.1,0.0,0.5,0.2,0.3,0.0,0.0,0.0,0.0,0.0,0.6,0.3,0.1,0.1,1.2,1.3,0.0,0.0,0.1,0.05,0.0,5.1,4.3,0.0
2025,000350,Joseph Nardella,FO,Faceoff,last_10,10,2025-06-07,2025-08-23,ATL|CAN|CHA|OUT|RED|WAT,WHP,3.0,3.0,3.0,0.0,3.0,0.0,5.0,3,0.0,0.0,0.0,0.0,0.0,0.0,57.0,8.0,4.0,146,103,251,0.0,0.0,1.0,0.5,0.0,84.0,71.0,0.6,0.6,0.5816733067729084,,,,,,0.3,0.3,0.3,0.0,0.3,0.0,0.5,0.3,0.0,0.0,0.0,0.0,0.0,0.0,5.7,0.8,0.4,14.6,10.3,25.1,0.0,0.0,0.1,0.05,0.0,8.4,7.1,0.0
2025,000351,Jules Heningburg,M,Midfield,last_10,4,2025-07-19,2025-08-09,OUT|RED|WAT|WHP,CAN,4.0,3.0,1.0,1.0,2.0,1.0,11.0,4,2.0,0.0,0.0,0.0,0.0,0.0,1.0,2.0,0.0,0,0,0,0.0,0.0,0.0,0.0,3.0,50.0,37.0,0.18181818181818182,0.36363636363636365,,,,,0.3333333333333333,0.5,1.0,0.75,0.25,0.25,0.5,0.25,2.75,1.0,0.5,0.0,0.0,0.0,0.0,0.0,0.25,0.5,0.0,0.0,0.0,0.0,0.0,0.0,0.0,0.0,0.75,12.5,9.25,0.75
2025,000354,Matt Rambo,A,Attack,last_10,6,2025-05-31,2025-07-26,ARC|ATL|CAN|WAT,WHP,4.0,0.0,0.0,0.0,0.0,4.0,16.0,8,0.0,0.0,0.0,0.0,0.0,0.0,2.0,4.0,0.0,0,0,0,0.0,0.0,0.0,0.0,10.0,74.0,54.0,0.0,0.5,,,,,0.4,,0.6666666666666666,0.0,0.0,0.0,0.0,0.6666666666666666,2.6666666666666665,1.3333333333333333,0.0,0.0,0.0,0.0,0.0,0.0,0.3333333333333333,0.6666666666666666,0.0,0.0,0.0,0.0,0.0,0.0,0.0,0.0,1.6666666666666667,12.333333333333334,9.0,1.6666666666666667
2025,000355,Matthew Dunn,D,Defense,last_10,10,2025-06-07,2025-08-23,ATL|CAN|CHA|OUT|RED|WAT,WHP,1.0,1.0,1.0,0.0,1.0,0.0,5.0,4,3.0,0.0,0.0,0.0,0.0,0.0,6.0,5.0,6.0,0,0,0,0.0,0.0,1.0,0.5,1.0,69.0,59.0,0.2,0.8,,,,,0.0,0.0,0.1,0.1,0.1,0.0,0.1,0.0,0.5,0.4,0.3,0.0,0.0,0.0,0.0,0.0,0.6,0.5,0.6,0.0,0.0,0.0,0.0,0.0,0.1,0.05,0.1,6.9,5.9,0.1
2025,000358,Ryan Drenner,M,Midfield,last_10,10,2025-05-31,2025-08-09,ARC|ATL|CHA|OUT|RED|WAT|WHP,CAN,20.0,18.0,18.0,0.0,18.0,2.0,39.0,24,2.0,0.0,0.0,0.0,0.0,0.0,4.0,5.0,2.0,0,0,0,0.0,0.0,0.0,0.0,11.0,212.0,168.0,0.46153846153846156,0.6153846153846154,,,,,0.18181818181818182,0.0,2.0,1.8,1.8,0.0,1.8,0.2,3.9,2.4,0.2,0.0,0.0,0.0,0.0,0.0,0.4,0.5,0.2,0.0,0.0,0.0,0.0,0.0,0.0,0.0,1.1,21.2,16.8,1.1
2025,000359,Tim Muller,D,Defense,last_10,10,2025-06-07,2025-08-23,ATL|CAN|CHA|OUT|RED|WAT,WHP,0.0,0.0,0.0,0.0,0.0,0.0,2.0,1,0.0,0.0,0.0,0.0,0.0,0.0,19.0,1.0,5.0,0,0,0,0.0,0.0,1.0,0.5,1.0,72.0,69.0,0.0,0.5,,,,,0.0,,0.0,0.0,0.0,0.0,0.0,0.0,0.2,0.1,0.0,0.0,0.0,0.0,0.0,0.0,1.9,0.1,0.5,0.0,0.0,0.0,0.0,0.0,0.1,0.05,0.1,7.2,6.9,0.1
2025,000365,Jack Rowlett,D,Defense,last_10,10,2025-06-06,2025-08-24,ARC|CAN|OUT|RED|WAT|WHP,CHA,0.0,0.0,0.0,0.0,0.0,0.0,0.0,0,0.0,0.0,0.0,0.0,0.0,0.0,10.0,3.0,6.0,0,0,0,0.0,0.0,3.0,3.0,2.0,66.0,63.0,,,,,,,0.0,,0.0,0.0,0.0,0.0,0.0,0.0,0.0,0.0,0.0,0.0,0.0,0.0,0.0,0.0,1.0,0.3,0.6,0.0,0.0,0.0,0.0,0.0,0.3,0.3,0.2,6.6,6.3,0.2
2025,000373,Ryder Garnsey,A,Attack,last_10,10,2025-06-14,2025-09-01,ARC|ATL|CAN|CHA|OUT|WAT|WHP,RED,18.0,11.0,11.0,0.0,11.0,7.0,45.0,31,5.0,0.0,0.0,0.0,0.0,0.0,16.0,17.0,2.0,0,0,0,0.0,0.0,0.0,0.0,26.0,313.0,251.0,0.24444444444444444,0.6888888888888889,,,,,0.2692307692307692,0.0,1.8,1.1,1.1,0.0,1.1,0.7,4.5,3.1,0.5,0.0,0.0,0.0,0.0,0.0,1.6,1.7,0.2,0.0,0.0,0.0,0.0,0.0,0.0,0.0,2.6,31.3,25.1,2.6
2025,000390,Brad Smith,M,Midfield,last_10,10,2025-06-07,2025-08-23,ATL|CAN|CHA|OUT|RED|WAT,WHP,17.0,16.0,6.0,5.0,11.0,1.0,49.0,25,17.0,0.0,0.0,0.0,0.0,0.0,9.0,13.0,1.0,0,0,0,0.0,0.0,1.0,1.0,7.0,271.0,209.0,0.22448979591836735,0.5102040816326531,,,,,0.14285714285714285,0.29411764705882354,1.7,1.6,0.6,0.5,1.1,0.1,4.9,2.5,1.7,0.0,0.0,0.0,0.0,0.0,0.9,1.3,0.1,0.0,0.0,0.0,0.0,0.0,0.1,0.1,0.7,27.1,20.9,0.7
2025,000391,Grant Ament,M,Midfield,last_10,8,2025-05-31,2025-08-09,ATL|CHA|OUT|RED|WAT|WHP,ARC,11.0,3.0,3.0,0.0,3.0,8.0,32.0,14,1.0,0.0,0.0,0.0,0.0,0.0,4.0,17.0,1.0,0,0,0,0.0,0.0,0.0,0.0,28.0,215.0,166.0,0.09375,0.4375,,,,,0.2857142857142857,0.0,1.375,0.375,0.375,0.0,0.375,1.0,4.0,1.75,0.125,0.0,0.0,0.0,0.0,0.0,0.5,2.125,0.125,0.0,0.0,0.0,0.0,0.0,0.0,0.0,3.5,26.875,20.75,3.5
2025,000395,Bryan Costabile,M,Midfield,last_10,10,2025-06-14,2025-09-14,ARC|CAN|OUT|RED|WAT|WHP,ATL,20.0,17.0,11.0,3.0,14.0,3.0,57.0,35,17.0,0.0,0.0,0.0,0.0,0.0,11.0,21.0,4.0,0,0,0,0.0,0.0,0.0,0.0,5.0,261.0,183.0,0.24561403508771928,0.6140350877192983,,,,,0.6,0.17647058823529413,2.0,1.7,1.1,0.3,1.4,0.3,5.7,3.5,1.7,0.0,0.0,0.0,0.0,0.0,1.1,2.1,0.4,0.0,0.0,0.0,0.0,0.0,0.0,0.0,0.5,26.1,18.3,0.5
2025,000405,Jesse Bernhardt,D,Defense,last_10,10,2025-06-14,2025-09-14,ARC|ATL|CAN|CHA|RED|WAT|WHP,OUT,0.0,0.0,0.0,0.0,0.0,0.0,1.0,0,1.0,0.0,0.0,0.0,0.0,0.0,12.0,1.0,6.0,0,0,0,0.0,0.0,2.0,1.5,0.0,62.0,60.0,0.0,0.0,,,,,,0.0,0.0,0.0,0.0,0.0,0.0,0.0,0.1,0.0,0.1,0.0,0.0,0.0,0.0,0.0,1.2,0.1,0.6,0.0,0.0,0.0,0.0,0.0,0.2,0.15,0.0,6.2,6.0,0.0
2025,000408,Matt DeLuca,G,Goalie,last_10,8,2025-06-07,2025-09-01,ATL|CAN|CHA|OUT|WHP,WAT,0.0,0.0,0.0,0.0,0.0,0.0,0.0,0,0.0,90.0,31.0,59.0,94.0,102.0,7.0,2.0,0.0,0,0,0,84.0,10.0,0.0,0.0,1.0,91.0,89.0,,,,0.5172413793103449,34.44444444444444,0.1781609195402299,0.0,,0.0,0.0,0.0,0.0,0.0,0.0,0.0,0.0,0.0,11.25,3.875,7.375,11.75,12.75,0.875,0.25,0.0,0.0,0.0,0.0,10.5,1.25,0.0,0.0,0.125,11.375,11.125,0.125
2025,000409,Zach Currier,M,Midfield,last_10,10,2025-06-14,2025-09-01,ARC|ATL|CAN|CHA|OUT|RED|WHP,WAT,9.0,8.0,8.0,0.0,8.0,1.0,33.0,22,1.0,0.0,0.0,0.0,0.0,0.0,49.0,9.0,4.0,3,8,11,0.0,0.0,2.0,2.0,9.0,184.0,142.0,0.24242424242424243,0.6666666666666666,0.2727272727272727,,,,0.1111111111111111,0.0,0.9,0.8,0.8,0.0,0.8,0.1,3.3,2.2,0.1,0.0,0.0,0.0,0.0,0.0,4.9,0.9,0.4,0.3,0.8,1.1,0.0,0.0,0.2,0.2,0.9,18.4,14.2,0.9
2025,000410,Eli Gobrecht,D,Defense,last_10,6,2025-06-07,2025-08-09,ATL|CAN|OUT|WHP,WAT,0.0,0.0,0.0,0.0,0.0,0.0,0.0,0,0.0,0.0,0.0,0.0,0.0,0.0,2.0,0.0,3.0,0,1,1,0.0,0.0,1.0,1.0,2.0,15.0,15.0,,,0.0,,,,0.0,,0.0,0.0,0.0,0.0,0.0,0.0,0.0,0.0,0.0,0.0,0.0,0.0,0.0,0.0,0.3333333333333333,0.0,0.5,0.0,0.16666666666666666,0.16666666666666666,0.0,0.0,0.16666666666666666,0.16666666666666666,0.3333333333333333,2.5,2.5,0.3333333333333333
2025,000414,Rob Pannell,A,Attack,last_10,9,2025-05-31,2025-08-23,ARC|ATL|CAN|CHA|OUT|RED|WAT,WHP,24.0,9.0,9.0,0.0,9.0,15.0,46.0,30,0.0,0.0,0.0,0.0,0.0,0.0,11.0,20.0,2.0,0,0,0,0.0,0.0,1.0,0.5,35.0,300.0,234.0,0.1956521739130435,0.6521739130434783,,,,,0.42857142857142855,,2.6666666666666665,1.0,1.0,0.0,1.0,1.6666666666666667,5.111111111111111,3.3333333333333335,0.0,0.0,0.0,0.0,0.0,0.0,1.2222222222222223,2.2222222222222223,0.2222222222222222,0.0,0.0,0.0,0.0,0.0,0.1111111111111111,0.05555555555555555,3.888888888888889,33.333333333333336,26.0,3.888888888888889
2025,000416,Ryland Rees,LSM,Long Stick Midfield,last_10,5,2025-06-14,2025-09-01,CAN|CHA|OUT|WHP,RED|WAT,0.0,0.0,0.0,0.0,0.0,0.0,3.0,1,2.0,0.0,0.0,0.0,0.0,0.0,3.0,2.0,1.0,0,0,0,0.0,0.0,0.0,0.0,1.0,14.0,9.0,0.0,0.3333333333333333,,,,,0.0,0.0,0.0,0.0,0.0,0.0,0.0,0.0,0.6,0.2,0.4,0.0,0.0,0.0,0.0,0.0,0.6,0.4,0.2,0.0,0.0,0.0,0.0,0.0,0.0,0.0,0.2,2.8,1.8,0.2
2025,000418,Dillon Ward,G,Goalie,last_10,5,2025-06-13,2025-08-09,ARC|ATL|CAN|CHA|RED,WAT,0.0,0.0,0.0,0.0,0.0,0.0,0.0,0,0.0,41.0,15.0,26.0,58.0,63.75142314990512,9.0,0.0,2.0,0,0,0,52.0,6.0,0.0,0.0,0.0,58.0,58.0,,,,0.44086021505376344,36.58536585365854,0.16129032258064516,,,0.0,0.0,0.0,0.0,0.0,0.0,0.0,0.0,0.0,8.2,3.0,5.2,11.6,12.750284629981024,1.8,0.0,0.4,0.0,0.0,0.0,10.4,1.2,0.0,0.0,0.0,11.6,11.6,0.0
2025,000727,CJ Costabile,,,last_10,1,2025-05-30,2025-05-30,CHA,ATL,1.0,1.0,1.0,0.0,1.0,0.0,1.0,1,0.0,0.0,0.0,0.0,0.0,0.0,2.0,0.0,0.0,0,0,0,0.0,0.0,0.0,0.0,0.0,4.0,3.0,1.0,1.0,,,,,,,1.0,1.0,1.0,0.0,1.0,0.0,1.0,1.0,0.0,0.0,0.0,0.0,0.0,0.0,2.0,0.0,0.0,0.0,0.0,0.0,0.0,0.0,0.0,0.0,0.0,4.0,3.0,0.0
2025,000815,Austin Kaut,G,Goalie,last_10,2,2025-06-07,2025-06-22,RED|WHP,CHA,0.0,0.0,0.0,0.0,0.0,0.0,0.0,0,0.0,5.0,1.0,4.0,3.0,16.08988764044944,0.0,0.0,0.0,0,0,0,3.0,0.0,0.0,0.0,0.0,8.0,8.0,,,,0.625,20.0,0.125,,,0.0,0.0,0.0,0.0,0.0,0.0,0.0,0.0,0.0,2.5,0.5,2.0,1.5,8.04494382022472,0.0,0.0,0.0,0.0,0.0,0.0,1.5,0.0,0.0,0.0,0.0,4.0,4.0,0.0
2025,000922,Graeme Hossack,D,Defense,last_10,10,2025-05-31,2025-08-09,ATL|CAN|CHA|OUT|RED|WAT|WHP,ARC,1.0,1.0,1.0,0.0,1.0,0.0,8.0,4,4.0,0.0,0.0,0.0,0.0,0.0,24.0,2.0,14.0,0,0,0,0.0,0.0,2.0,2.0,1.0,80.0,70.0,0.125,0.5,,,,,0.0,0.0,0.1,0.1,0.1,0.0,0.1,0.0,0.8,0.4,0.4,0.0,0.0,0.0,0.0,0.0,2.4,0.2,1.4,0.0,0.0,0.0,0.0,0.0,0.2,0.2,0.1,8.0,7.0,0.1
2025,000978,Kyle Jackson,M,Midfield,last_10,3,2025-05-30,2025-06-14,CAN|CHA|WHP,ATL,2.0,1.0,1.0,0.0,1.0,1.0,10.0,7,0.0,0.0,0.0,0.0,0.0,0.0,0.0,2.0,0.0,0,0,0,0.0,0.0,0.0,0.0,2.0,53.0,41.0,0.1,0.7,,,,,0.5,,0.6666666666666666,0.3333333333333333,0.3333333333333333,0.0,0.3333333333333333,0.3333333333333333,3.3333333333333335,2.3333333333333335,0.0,0.0,0.0,0.0,0.0,0.0,0.0,0.6666666666666666,0.0,0.0,0.0,0.0,0.0,0.0,0.0,0.0,0.6666666666666666,17.666666666666668,13.666666666666666,0.6666666666666666
2025,001001,Dylan Molloy,A,Attack,last_10,10,2025-06-14,2025-09-01,ARC|ATL|CAN|CHA|OUT|WAT|WHP,RED,28.0,24.0,24.0,0.0,24.0,4.0,81.0,47,1.0,0.0,0.0,0.0,0.0,0.0,15.0,18.0,1.0,0,0,0,0.0,0.0,2.0,1.0,13.0,276.0,177.0,0.2962962962962963,0.5802469135802469,,,,,0.3076923076923077,0.0,2.8,2.4,2.4,0.0,2.4,0.4,8.1,4.7,0.1,0.0,0.0,0.0,0.0,0.0,1.5,1.8,0.1,0.0,0.0,0.0,0.0,0.0,0.2,0.1,1.3,27.6,17.7,1.3
2025,001009,Colin Heacock,M,Midfield,last_10,9,2025-06-14,2025-08-23,ATL|CAN|CHA|OUT|RED|WAT,WHP,10.0,9.0,9.0,0.0,9.0,1.0,32.0,21,3.0,0.0,0.0,0.0,0.0,0.0,2.0,5.0,1.0,0,0,0,0.0,0.0,1.0,1.0,1.0,114.0,77.0,0.28125,0.65625,,,,,1.0,0.0,1.1111111111111112,1.0,1.0,0.0,1.0,0.1111111111111111,3.5555555555555554,2.3333333333333335,0.3333333333333333,0.0,0.0,0.0,0.0,0.0,0.2222222222222222,0.5555555555555556,0.1111111111111111,0.0,0.0,0.0,0.0,0.0,0.1111111111111111,0.1111111111111111,0.1111111111111111,12.666666666666666,8.555555555555555,0.1111111111111111
2025,001391,Mikie Schlosser,M,Midfield,last_10,5,2025-06-07,2025-09-01,ATL|RED|WHP,WAT,2.0,2.0,2.0,0.0,2.0,0.0,8.0,6,1.0,0.0,0.0,0.0,0.0,0.0,1.0,3.0,0.0,0,0,0,0.0,0.0,0.0,0.0,0.0,39.0,28.0,0.25,0.75,,,,,,0.0,0.4,0.4,0.4,0.0,0.4,0.0,1.6,1.2,0.2,0.0,0.0,0.0,0.0,0.0,0.2,0.6,0.0,0.0,0.0,0.0,0.0,0.0,0.0,0.0,0.0,7.8,5.6,0.0
2025,001397,Michael Rexrode,D,Defense,last_10,10,2025-06-14,2025-09-14,ARC|CAN|OUT|RED|WAT|WHP,ATL,3.0,2.0,0.0,1.0,1.0,1.0,2.0,1,2.0,0.0,0.0,0.0,0.0,0.0,14.0,1.0,12.0,0,0,0,0.0,0.0,3.0,2.0,1.0,60.0,57.0,0.5,0.5,,,,,1.0,0.5,0.3,0.2,0.0,0.1,0.1,0.1,0.2,0.1,0.2,0.0,0.0,0.0,0.0,0.0,1.4,0.1,1.2,0.0,0.0,0.0,0.0,0.0,0.3,0.2,0.1,6.0,5.7,0.1
2025,001406,Ben Randall,D,Defense,last_10,10,2025-06-14,2025-09-01,ARC|ATL|CAN|CHA|OUT|RED|WHP,WAT,2.0,1.0,1.0,0.0,1.0,1.0,4.0,3,1.0,0.0,0.0,0.0,0.0,0.0,24.0,7.0,11.0,0,0,0,0.0,0.0,0.0,0.0,1.0,87.0,76.0,0.25,0.75,,,,,1.0,0.0,0.2,0.1,0.1,0.0,0.1,0.1,0.4,0.3,0.1,0.0,0.0,0.0,0.0,0.0,2.4,0.7,1.1,0.0,0.0,0.0,0.0,0.0,0.0,0.0,0.1,8.7,7.6,0.1
2025,001415,Greg Weyl,D,Defense,last_10,2,2025-07-27,2025-08-02,ARC|CHA,OUT,0.0,0.0,0.0,0.0,0.0,0.0,0.0,0,0.0,0.0,0.0,0.0,0.0,0.0,1.0,0.0,0.0,0,0,0,0.0,0.0,0.0,0.0,0.0,1.0,1.0,,,,,,,,,0.0,0.0,0.0,0.0,0.0,0.0,0.0,0.0,0.0,0.0,0.0,0.0,0.0,0.0,0.5,0.0,0.0,0.0,0.0,0.0,0.0,0.0,0.0,0.0,0.0,0.5,0.5,0.0
2025,001661,Warren Jeffrey,D,Defense,last_10,10,2025-05-31,2025-08-09,ATL|CAN|CHA|OUT|RED|WAT|WHP,ARC,0.0,0.0,0.0,0.0,0.0,0.0,0.0,0,0.0,0.0,0.0,0.0,0.0,0.0,11.0,4.0,10.0,0,0,0,0.0,0.0,4.0,3.0,1.0,42.0,38.0,,,,,,,0.0,,0.0,0.0,0.0,0.0,0.0,0.0,0.0,0.0,0.0,0.0,0.0,0.0,0.0,0.0,1.1,0.4,1.0,0.0,0.0,0.0,0.0,0.0,0.4,0.3,0.1,4.2,3.8,0.1
2025,001671,Zach Goodrich,SSDM,Defensive Midfield,last_10,10,2025-05-31,2025-08-09,ARC|ATL|CHA|OUT|RED|WAT|WHP,CAN,0.0,0.0,0.0,0.0,0.0,0.0,0.0,0,0.0,0.0,0.0,0.0,0.0,0.0,4.0,2.0,4.0,0,7,7,0.0,0.0,5.0,2.5,0.0,49.0,47.0,,,0.0,,,,,,0.0,0.0,0.0,0.0,0.0,0.0,0.0,0.0,0.0,0.0,0.0,0.0,0.0,0.0,0.4,0.2,0.4,0.0,0.7,0.7,0.0,0.0,0.5,0.25,0.0,4.9,4.7,0.0
2025,001707,Matt Whitcher,SSDM,Defensive Midfield,last_10,10,2025-06-13,2025-09-01,ARC|ATL|CAN|OUT|RED|WHP,WAT,2.0,1.0,1.0,0.0,1.0,1.0,6.0,4,2.0,0.0,0.0,0.0,0.0,0.0,13.0,3.0,5.0,0,2,2,0.0,0.0,5.0,3.0,3.0,66.0,57.0,0.16666666666666666,0.6666666666666666,0.0,,,,0.3333333333333333,0.0,0.2,0.1,0.1,0.0,0.1,0.1,0.6,0.4,0.2,0.0,0.0,0.0,0.0,0.0,1.3,0.3,0.5,0.0,0.2,0.2,0.0,0.0,0.5,0.3,0.3,6.6,5.7,0.3
2025,001729,Chris Aslanian,M,Midfield,last_10,1,2025-05-30,2025-05-30,ATL,CHA,0.0,0.0,0.0,0.0,0.0,0.0,2.0,2,0.0,0.0,0.0,0.0,0.0,0.0,0.0,0.0,0.0,0,0,0,0.0,0.0,0.0,0.0,2.0,9.0,7.0,0.0,1.0,,,,,0.0,,0.0,0.0,0.0,0.0,0.0,0.0,2.0,2.0,0.0,0.0,0.0,0.0,0.0,0.0,0.0,0.0,0.0,0.0,0.0,0.0,0.0,0.0,0.0,0.0,2.0,9.0,7.0,2.0
2025,001733,Charlie Hayes,SSDM,Defensive Midfield,last_10,2,2025-07-26,2025-08-09,ATL|CHA,WAT,0.0,0.0,0.0,0.0,0.0,0.0,1.0,0,0.0,0.0,0.0,0.0,0.0,0.0,2.0,0.0,1.0,0,1,1,0.0,0.0,0.0,0.0,2.0,12.0,11.0,0.0,0.0,0.0,,,,0.0,,0.0,0.0,0.0,0.0,0.0,0.0,0.5,0.0,0.0,0.0,0.0,0.0,0.0,0.0,1.0,0.0,0.5,0.0,0.5,0.5,0.0,0.0,0.0,0.0,1.0,6.0,5.5,1.0
2025,001773,Nick Washuta,G,Goalie,last_10,1,2025-07-27,2025-07-27,OUT,ARC,0.0,0.0,0.0,0.0,0.0,0.0,0.0,0,0.0,0.0,0.0,0.0,0.0,0.0,0.0,0.0,0.0,0,0,0,0.0,0.0,0.0,0.0,0.0,0.0,0.0,,,,,,,,,0.0,0.0,0.0,0.0,0.0,0.0,0.0,0.0,0.0,0.0,0.0,0.0,0.0,0.0,0.0,0.0,0.0,0.0,0.0,0.0,0.0,0.0,0.0,0.0,0.0,0.0,0.0,0.0
2025,001795,Christian Scarpello,SSDM,Defensive Midfield,last_10,7,2025-06-28,2025-09-01,ARC|ATL|CAN|CHA|RED|WHP,WAT,3.0,3.0,3.0,0.0,3.0,0.0,5.0,5,0.0,0.0,0.0,0.0,0.0,0.0,7.0,4.0,2.0,0,1,1,0.0,0.0,0.0,0.0,0.0,38.0,29.0,0.6,1.0,0.0,,,,,,0.42857142857142855,0.42857142857142855,0.42857142857142855,0.0,0.42857142857142855,0.0,0.7142857142857143,0.7142857142857143,0.0,0.0,0.0,0.0,0.0,0.0,1.0,0.5714285714285714,0.2857142857142857,0.0,0.14285714285714285,0.14285714285714285,0.0,0.0,0.0,0.0,0.0,5.428571428571429,4.142857142857143,0.0
2025,001809,Jeff Teat,A,Attack,last_10,10,2025-06-14,2025-09-14,ARC|CAN|OUT|RED|WAT|WHP,ATL,43.0,17.0,17.0,0.0,17.0,26.0,74.0,45,2.0,0.0,0.0,0.0,0.0,0.0,18.0,16.0,1.0,0,0,0,0.0,0.0,1.0,0.5,56.0,354.0,264.0,0.22972972972972974,0.6081081081081081,,,,,0.4642857142857143,0.0,4.3,1.7,1.7,0.0,1.7,2.6,7.4,4.5,0.2,0.0,0.0,0.0,0.0,0.0,1.8,1.6,0.1,0.0,0.0,0.0,0.0,0.0,0.1,0.05,5.6,35.4,26.4,5.6
2025,001810,Michael Sowers,A,Attack,last_10,10,2025-06-14,2025-09-01,ARC|ATL|CAN|CHA|OUT|RED|WHP,WAT,36.0,21.0,21.0,0.0,21.0,15.0,64.0,49,1.0,0.0,0.0,0.0,0.0,0.0,7.0,22.0,0.0,0,0,0,0.0,0.0,0.0,0.0,55.0,287.0,201.0,0.328125,0.765625,,,,,0.2727272727272727,0.0,3.6,2.1,2.1,0.0,2.1,1.5,6.4,4.9,0.1,0.0,0.0,0.0,0.0,0.0,0.7,2.2,0.0,0.0,0.0,0.0,0.0,0.0,0.0,0.0,5.5,28.7,20.1,5.5
2025,001811,JT Giles-Harris,D,Defense,last_10,10,2025-06-14,2025-09-14,ARC|ATL|CAN|CHA|RED|WAT|WHP,OUT,1.0,0.0,0.0,0.0,0.0,1.0,2.0,2,1.0,0.0,0.0,0.0,0.0,0.0,13.0,5.0,7.0,0,0,0,0.0,0.0,1.0,1.0,1.0,80.0,73.0,0.0,1.0,,,,,1.0,0.0,0.1,0.0,0.0,0.0,0.0,0.1,0.2,0.2,0.1,0.0,0.0,0.0,0.0,0.0,1.3,0.5,0.7,0.0,0.0,0.0,0.0,0.0,0.1,0.1,0.1,8.0,7.3,0.1
2025,001812,TD Ierlan,FO,Faceoff,last_10,10,2025-06-14,2025-09-01,ARC|ATL|CAN|CHA|OUT|WAT|WHP,RED,4.0,2.0,2.0,0.0,2.0,2.0,8.0,5,0.0,0.0,0.0,0.0,0.0,0.0,63.0,4.0,1.0,139,102,241,0.0,0.0,1.0,0.5,8.0,65.0,53.0,0.25,0.625,0.5767634854771784,,,,0.25,,0.4,0.2,0.2,0.0,0.2,0.2,0.8,0.5,0.0,0.0,0.0,0.0,0.0,0.0,6.3,0.4,0.1,13.9,10.2,24.1,0.0,0.0,0.1,0.05,0.8,6.5,5.3,0.8
2025,001813,Jared Conners,LSM,Long Stick Midfield,last_10,10,2025-06-14,2025-09-01,ARC|ATL|CAN|CHA|OUT|WAT|WHP,RED,2.0,2.0,0.0,1.0,1.0,0.0,6.0,2,5.0,0.0,0.0,0.0,0.0,0.0,25.0,5.0,7.0,0,0,0,0.0,0.0,3.0,2.5,2.0,73.0,62.0,0.16666666666666666,0.3333333333333333,,,,,0.0,0.2,0.2,0.2,0.0,0.1,0.1,0.0,0.6,0.2,0.5,0.0,0.0,0.0,0.0,0.0,2.5,0.5,0.7,0.0,0.0,0.0,0.0,0.0,0.3,0.25,0.2,7.3,6.2,0.2
2025,001814,Mac O'Keefe,A,Attack,last_10,10,2025-05-31,2025-08-09,ATL|CAN|CHA|OUT|RED|WAT|WHP,ARC,18.0,11.0,9.0,1.0,10.0,7.0,48.0,35,8.0,0.0,0.0,0.0,0.0,0.0,11.0,9.0,1.0,0,0,0,0.0,0.0,1.0,1.0,17.0,205.0,148.0,0.20833333333333334,0.7291666666666666,,,,,0.4117647058823529,0.125,1.8,1.1,0.9,0.1,1.0,0.7,4.8,3.5,0.8,0.0,0.0,0.0,0.0,0.0,1.1,0.9,0.1,0.0,0.0,0.0,0.0,0.0,0.1,0.1,1.7,20.5,14.8,1.7
2025,001815,Connor Kirst,M,Midfield,last_10,10,2025-05-31,2025-08-09,ARC|ATL|CHA|OUT|RED|WAT|WHP,CAN,10.0,8.0,6.0,1.0,7.0,2.0,29.0,15,7.0,0.0,0.0,0.0,0.0,0.0,12.0,14.0,1.0,8,14,22,0.0,0.0,2.0,1.5,6.0,109.0,66.0,0.2413793103448276,0.5172413793103449,0.36363636363636365,,,,0.3333333333333333,0.14285714285714285,1.0,0.8,0.6,0.1,0.7,0.2,2.9,1.5,0.7,0.0,0.0,0.0,0.0,0.0,1.2,1.4,0.1,0.8,1.4,2.2,0.0,0.0,0.2,0.15,0.6,10.9,6.6,0.6
2025,001816,Dox Aitken,M,Midfield,last_10,2,2025-07-26,2025-08-02,OUT|WHP,ATL,0.0,0.0,0.0,0.0,0.0,0.0,4.0,1,0.0,0.0,0.0,0.0,0.0,0.0,1.0,2.0,0.0,0,0,0,0.0,0.0,1.0,0.5,0.0,19.0,13.0,0.0,0.25,,,,,,,0.0,0.0,0.0,0.0,0.0,0.0,2.0,0.5,0.0,0.0,0.0,0.0,0.0,0.0,0.5,1.0,0.0,0.0,0.0,0.0,0.0,0.0,0.5,0.25,0.0,9.5,6.5,0.0
2025,001817,Jack Kielty,D,Defense,last_10,10,2025-05-31,2025-08-09,ARC|ATL|CHA|OUT|RED|WAT|WHP,CAN,0.0,0.0,0.0,0.0,0.0,0.0,1.0,0,0.0,0.0,0.0,0.0,0.0,0.0,7.0,0.0,12.0,0,0,0,0.0,0.0,1.0,1.0,0.0,56.0,55.0,0.0,0.0,,,,,,,0.0,0.0,0.0,0.0,0.0,0.0,0.1,0.0,0.0,0.0,0.0,0.0,0.0,0.0,0.7,0.0,1.2,0.0,0.0,0.0,0.0,0.0,0.1,0.1,0.0,5.6,5.5,0.0
2025,001819,Danny Logan,SSDM,Defensive Midfield,last_10,10,2025-05-31,2025-09-14,ARC|CAN|OUT|RED|WAT|WHP,ATL,4.0,2.0,2.0,0.0,2.0,2.0,4.0,2,1.0,0.0,0.0,0.0,0.0,0.0,16.0,3.0,2.0,2,11,13,0.0,0.0,5.0,3.0,3.0,70.0,63.0,0.5,0.5,0.15384615384615385,,,,0.6666666666666666,0.0,0.4,0.2,0.2,0.0,0.2,0.2,0.4,0.2,0.1,0.0,0.0,0.0,0.0,0.0,1.6,0.3,0.2,0.2,1.1,1.3,0.0,0.0,0.5,0.3,0.3,7.0,6.3,0.3
2025,001820,Ryan Terefenko,SSDM,Defensive Midfield,last_10,10,2025-06-14,2025-09-14,ARC|ATL|CAN|CHA|RED|WAT|WHP,OUT,9.0,6.0,4.0,1.0,5.0,3.0,13.0,8,3.0,0.0,0.0,0.0,0.0,0.0,15.0,7.0,2.0,0,6,6,0.0,0.0,1.0,0.5,8.0,142.0,122.0,0.38461538461538464,0.6153846153846154,0.0,,,,0.375,0.3333333333333333,0.9,0.6,0.4,0.1,0.5,0.3,1.3,0.8,0.3,0.0,0.0,0.0,0.0,0.0,1.5,0.7,0.2,0.0,0.6,0.6,0.0,0.0,0.1,0.05,0.8,14.2,12.2,0.8
2025,001821,Tre Leclaire,M,Midfield,last_10,5,2025-07-12,2025-08-09,CHA|OUT|RED|WAT,ARC,6.0,5.0,5.0,0.0,5.0,1.0,23.0,16,6.0,0.0,0.0,0.0,0.0,0.0,5.0,8.0,0.0,0,0,0,0.0,0.0,0.0,0.0,3.0,101.0,70.0,0.21739130434782608,0.6956521739130435,,,,,0.3333333333333333,0.0,1.2,1.0,1.0,0.0,1.0,0.2,4.6,3.2,1.2,0.0,0.0,0.0,0.0,0.0,1.0,1.6,0.0,0.0,0.0,0.0,0.0,0.0,0.0,0.0,0.6,20.2,14.0,0.6
2025,001826,Jeff Trainor,SSDM,Defensive Midfield,last_10,10,2025-05-31,2025-08-09,ARC|ATL|CHA|OUT|RED|WAT|WHP,CAN,6.0,6.0,6.0,0.0,6.0,0.0,15.0,10,2.0,0.0,0.0,0.0,0.0,0.0,14.0,3.0,4.0,0,0,0,0.0,0.0,3.0,3.5,3.0,88.0,70.0,0.4,0.6666666666666666,,,,,0.0,0.0,0.6,0.6,0.6,0.0,0.6,0.0,1.5,1.0,0.2,0.0,0.0,0.0,0.0,0.0,1.4,0.3,0.4,0.0,0.0,0.0,0.0,0.0,0.3,0.35,0.3,8.8,7.0,0.3
2025,001827,Jared Bernhardt,M,Midfield,last_10,10,2025-06-14,2025-09-14,ARC|ATL|CAN|CHA|RED|WAT|WHP,OUT,26.0,21.0,21.0,0.0,21.0,5.0,58.0,35,1.0,0.0,0.0,0.0,0.0,0.0,10.0,18.0,0.0,0,0,0,0.0,0.0,2.0,1.0,16.0,265.0,189.0,0.3620689655172414,0.603448275862069,,,,,0.3125,0.0,2.6,2.1,2.1,0.0,2.1,0.5,5.8,3.5,0.1,0.0,0.0,0.0,0.0,0.0,1.0,1.8,0.0,0.0,0.0,0.0,0.0,0.0,0.2,0.1,1.6,26.5,18.9,1.6
2025,001828,Justin Anderson,M,Midfield,last_10,10,2025-06-14,2025-09-14,ARC|ATL|CAN|CHA|RED|WAT|WHP,OUT,12.0,11.0,11.0,0.0,11.0,1.0,26.0,16,2.0,0.0,0.0,0.0,0.0,0.0,16.0,10.0,3.0,0,0,0,0.0,0.0,0.0,0.0,5.0,138.0,102.0,0.4230769230769231,0.6153846153846154,,,,,0.2,0.0,1.2,1.1,1.1,0.0,1.1,0.1,2.6,1.6,0.2,0.0,0.0,0.0,0.0,0.0,1.6,1.0,0.3,0.0,0.0,0.0,0.0,0.0,0.0,0.0,0.5,13.8,10.2,0.5
2025,001831,Colin Squires,LSM,Long Stick Midfield,last_10,10,2025-06-07,2025-08-23,ATL|CAN|CHA|OUT|RED|WAT,WHP,1.0,0.0,0.0,0.0,0.0,1.0,1.0,0,1.0,0.0,0.0,0.0,0.0,0.0,39.0,5.0,5.0,0,0,0,0.0,0.0,1.0,1.0,1.0,61.0,55.0,0.0,0.0,,,,,1.0,0.0,0.1,0.0,0.0,0.0,0.0,0.1,0.1,0.0,0.1,0.0,0.0,0.0,0.0,0.0,3.9,0.5,0.5,0.0,0.0,0.0,0.0,0.0,0.1,0.1,0.1,6.1,5.5,0.1
2025,001832,Charlie Bertrand,M,Midfield,last_10,9,2025-05-31,2025-09-01,ARC|CAN|CHA|OUT|WHP,RED,10.0,7.0,7.0,0.0,7.0,3.0,31.0,22,2.0,0.0,0.0,0.0,0.0,0.0,7.0,6.0,0.0,0,0,0,0.0,0.0,1.0,1.0,6.0,132.0,95.0,0.22580645161290322,0.7096774193548387,,,,,0.5,0.0,1.1111111111111112,0.7777777777777778,0.7777777777777778,0.0,0.7777777777777778,0.3333333333333333,3.4444444444444446,2.4444444444444446,0.2222222222222222,0.0,0.0,0.0,0.0,0.0,0.7777777777777778,0.6666666666666666,0.0,0.0,0.0,0.0,0.0,0.0,0.1111111111111111,0.1111111111111111,0.6666666666666666,14.666666666666666,10.555555555555555,0.6666666666666666
2025,001839,Nick Grill,LSM,Long Stick Midfield,last_10,7,2025-05-31,2025-09-14,ATL|CAN|CHA|RED|WAT,OUT,0.0,0.0,0.0,0.0,0.0,0.0,0.0,0,0.0,0.0,0.0,0.0,0.0,0.0,9.0,1.0,3.0,0,0,0,0.0,0.0,0.0,0.0,0.0,16.0,15.0,,,,,,,,,0.0,0.0,0.0,0.0,0.0,0.0,0.0,0.0,0.0,0.0,0.0,0.0,0.0,0.0,1.2857142857142858,0.14285714285714285,0.42857142857142855,0.0,0.0,0.0,0.0,0.0,0.0,0.0,0.0,2.2857142857142856,2.142857142857143,0.0
2025,001843,Cole Williams,M,Midfield,last_10,1,2025-08-24,2025-08-24,RED,CHA,1.0,1.0,1.0,0.0,1.0,0.0,2.0,2,0.0,0.0,0.0,0.0,0.0,0.0,0.0,0.0,0.0,0,0,0,0.0,0.0,0.0,0.0,0.0,10.0,8.0,0.5,1.0,,,,,,,1.0,1.0,1.0,0.0,1.0,0.0,2.0,2.0,0.0,0.0,0.0,0.0,0.0,0.0,0.0,0.0,0.0,0.0,0.0,0.0,0.0,0.0,0.0,0.0,0.0,10.0,8.0,0.0
2025,001846,Adam Charalambides,A,Attack,last_10,10,2025-06-06,2025-08-24,ARC|CAN|OUT|RED|WAT|WHP,CHA,17.0,15.0,15.0,0.0,15.0,2.0,56.0,35,2.0,0.0,0.0,0.0,0.0,0.0,8.0,19.0,1.0,0,0,0,0.0,0.0,5.0,3.5,11.0,297.0,222.0,0.26785714285714285,0.625,,,,,0.18181818181818182,0.0,1.7,1.5,1.5,0.0,1.5,0.2,5.6,3.5,0.2,0.0,0.0,0.0,0.0,0.0,0.8,1.9,0.1,0.0,0.0,0.0,0.0,0.0,0.5,0.35,1.1,29.7,22.2,1.1
2025,002006,Reid Bowering,M,Midfield,last_10,9,2025-06-21,2025-09-14,ARC|CAN|OUT|RED|WAT|WHP,ATL,18.0,13.0,13.0,0.0,13.0,5.0,25.0,22,0.0,0.0,0.0,0.0,0.0,0.0,20.0,5.0,1.0,0,0,0,0.0,0.0,2.0,1.0,9.0,128.0,98.0,0.52,0.88,,,,,0.5555555555555556,,2.0,1.4444444444444444,1.4444444444444444,0.0,1.4444444444444444,0.5555555555555556,2.7777777777777777,2.4444444444444446,0.0,0.0,0.0,0.0,0.0,0.0,2.2222222222222223,0.5555555555555556,0.1111111111111111,0.0,0.0,0.0,0.0,0.0,0.2222222222222222,0.1111111111111111,1.0,14.222222222222221,10.88888888888889,1.0
2025,002015,Logan Wisnauskas,A,Attack,last_10,10,2025-06-14,2025-09-14,ARC|ATL|CAN|CHA|RED|WAT|WHP,OUT,19.0,11.0,11.0,0.0,11.0,8.0,44.0,31,4.0,0.0,0.0,0.0,0.0,0.0,10.0,18.0,0.0,0,0,0,0.0,0.0,1.0,2.0,24.0,251.0,189.0,0.25,0.7045454545454546,,,,,0.3333333333333333,0.0,1.9,1.1,1.1,0.0,1.1,0.8,4.4,3.1,0.4,0.0,0.0,0.0,0.0,0.0,1.0,1.8,0.0,0.0,0.0,0.0,0.0,0.0,0.1,0.2,2.4,25.1,18.9,2.4
2025,002017,Arden Cohen,LSM,Long Stick Midfield,last_10,8,2025-05-31,2025-07-26,ARC|ATL|CHA|OUT|WAT,RED,0.0,0.0,0.0,0.0,0.0,0.0,0.0,0,0.0,0.0,0.0,0.0,0.0,0.0,18.0,3.0,11.0,0,0,0,0.0,0.0,6.0,6.0,0.0,32.0,29.0,,,,,,,,,0.0,0.0,0.0,0.0,0.0,0.0,0.0,0.0,0.0,0.0,0.0,0.0,0.0,0.0,2.25,0.375,1.375,0.0,0.0,0.0,0.0,0.0,0.75,0.75,0.0,4.0,3.625,0.0
2025,002018,Matt Moore,A,Attack,last_10,4,2025-05-31,2025-06-22,CAN|OUT|RED|WHP,ARC,7.0,6.0,6.0,0.0,6.0,1.0,25.0,15,4.0,0.0,0.0,0.0,0.0,0.0,6.0,7.0,0.0,0,0,0,0.0,0.0,1.0,0.5,4.0,115.0,83.0,0.24,0.6,,,,,0.25,0.0,1.75,1.5,1.5,0.0,1.5,0.25,6.25,3.75,1.0,0.0,0.0,0.0,0.0,0.0,1.5,1.75,0.0,0.0,0.0,0.0,0.0,0.0,0.25,0.125,1.0,28.75,20.75,1.0
2025,002019,Koby Smith,LSM,Long Stick Midfield,last_10,2,2025-05-31,2025-08-02,CAN|OUT,ATL,0.0,0.0,0.0,0.0,0.0,0.0,0.0,0,0.0,0.0,0.0,0.0,0.0,0.0,3.0,2.0,1.0,0,0,0,0.0,0.0,0.0,0.0,1.0,8.0,6.0,,,,,,,0.0,,0.0,0.0,0.0,0.0,0.0,0.0,0.0,0.0,0.0,0.0,0.0,0.0,0.0,0.0,1.5,1.0,0.5,0.0,0.0,0.0,0.0,0.0,0.0,0.0,0.5,4.0,3.0,0.5
2025,002021,Roman Puglise,SSDM,Defensive Midfield,last_10,9,2025-05-31,2025-08-23,ARC|ATL|CAN|CHA|OUT|WAT,WHP,2.0,1.0,1.0,0.0,1.0,1.0,6.0,4,1.0,0.0,0.0,0.0,0.0,0.0,11.0,3.0,1.0,0,0,0,0.0,0.0,7.0,4.0,1.0,83.0,74.0,0.16666666666666666,0.6666666666666666,,,,,1.0,0.0,0.2222222222222222,0.1111111111111111,0.1111111111111111,0.0,0.1111111111111111,0.1111111111111111,0.6666666666666666,0.4444444444444444,0.1111111111111111,0.0,0.0,0.0,0.0,0.0,1.2222222222222223,0.3333333333333333,0.1111111111111111,0.0,0.0,0.0,0.0,0.0,0.7777777777777778,0.4444444444444444,0.1111111111111111,9.222222222222221,8.222222222222221,0.1111111111111111
2025,002022,Zach Geddes,SSDM,Defensive Midfield,last_10,10,2025-06-14,2025-09-14,ARC|ATL|CAN|CHA|RED|WAT|WHP,OUT,3.0,2.0,2.0,0.0,2.0,1.0,6.0,5,0.0,0.0,0.0,0.0,0.0,0.0,17.0,3.0,8.0,0,3,3,0.0,0.0,3.0,1.5,4.0,88.0,79.0,0.3333333333333333,0.8333333333333334,0.0,,,,0.25,,0.3,0.2,0.2,0.0,0.2,0.1,0.6,0.5,0.0,0.0,0.0,0.0,0.0,0.0,1.7,0.3,0.8,0.0,0.3,0.3,0.0,0.0,0.3,0.15,0.4,8.8,7.9,0.4
2025,002024,Asher Nolting,A,Attack,last_10,10,2025-05-31,2025-08-09,ARC|ATL|CHA|OUT|RED|WAT|WHP,CAN,36.0,10.0,10.0,0.0,10.0,26.0,37.0,23,0.0,0.0,0.0,0.0,0.0,0.0,11.0,22.0,2.0,0,0,0,0.0,0.0,2.0,2.0,63.0,292.0,233.0,0.2702702702702703,0.6216216216216216,,,,,0.4126984126984127,,3.6,1.0,1.0,0.0,1.0,2.6,3.7,2.3,0.0,0.0,0.0,0.0,0.0,0.0,1.1,2.2,0.2,0.0,0.0,0.0,0.0,0.0,0.2,0.2,6.3,29.2,23.3,6.3
2025,002026,Brett Dobson,G,Goalie,last_10,10,2025-05-31,2025-08-09,ATL|CAN|CHA|OUT|RED|WAT|WHP,ARC,0.0,0.0,0.0,0.0,0.0,0.0,1.0,0,1.0,146.0,46.0,100.0,111.0,111.41205850874064,17.0,7.0,3.0,0,0,0,101.0,10.0,1.0,1.0,1.0,175.0,167.0,0.0,0.0,,0.5910931174089069,31.506849315068493,0.1862348178137652,0.0,0.0,0.0,0.0,0.0,0.0,0.0,0.0,0.1,0.0,0.1,14.6,4.6,10.0,11.1,11.141205850874064,1.7,0.7,0.3,0.0,0.0,0.0,10.1,1.0,0.1,0.1,0.1,17.5,16.7,0.1
2025,002028,Jack Hannah,M,Midfield,last_10,10,2025-06-14,2025-09-01,ARC|ATL|CAN|CHA|OUT|RED|WHP,WAT,14.0,11.0,11.0,0.0,11.0,3.0,53.0,28,8.0,0.0,0.0,0.0,0.0,0.0,17.0,14.0,1.0,0,0,0,0.0,0.0,2.0,1.5,12.0,224.0,157.0,0.20754716981132076,0.5283018867924528,,,,,0.25,0.0,1.4,1.1,1.1,0.0,1.1,0.3,5.3,2.8,0.8,0.0,0.0,0.0,0.0,0.0,1.7,1.4,0.1,0.0,0.0,0.0,0.0,0.0,0.2,0.15,1.2,22.4,15.7,1.2
2025,002030,Jonathan Donville,M,Midfield,last_10,7,2025-06-07,2025-09-14,ARC|ATL|CAN|CHA|RED|WAT,CAN|OUT,4.0,3.0,3.0,0.0,3.0,1.0,10.0,7,0.0,0.0,0.0,0.0,0.0,0.0,6.0,5.0,1.0,0,0,0,0.0,0.0,1.0,1.0,7.0,77.0,62.0,0.3,0.7,,,,,0.14285714285714285,,0.5714285714285714,0.42857142857142855,0.42857142857142855,0.0,0.42857142857142855,0.14285714285714285,1.4285714285714286,1.0,0.0,0.0,0.0,0.0,0.0,0.0,0.8571428571428571,0.7142857142857143,0.14285714285714285,0.0,0.0,0.0,0.0,0.0,0.14285714285714285,0.14285714285714285,1.0,11.0,8.857142857142858,1.0
2025,002032,Justin Inacio,FO,Faceoff,last_10,8,2025-06-22,2025-08-24,ARC|CAN|OUT|RED|WAT|WHP,CHA,3.0,2.0,2.0,0.0,2.0,1.0,13.0,7,1.0,0.0,0.0,0.0,0.0,0.0,85.0,8.0,0.0,118,76,195,0.0,0.0,2.0,1.0,3.0,72.0,51.0,0.15384615384615385,0.5384615384615384,0.6051282051282051,,,,0.3333333333333333,0.0,0.375,0.25,0.25,0.0,0.25,0.125,1.625,0.875,0.125,0.0,0.0,0.0,0.0,0.0,10.625,1.0,0.0,14.75,9.5,24.375,0.0,0.0,0.25,0.125,0.375,9.0,6.375,0.375
2025,002038,Colin Kirst,G,Goalie,last_10,10,2025-05-31,2025-08-09,ARC|ATL|CHA|OUT|RED|WAT|WHP,CAN,0.0,0.0,0.0,0.0,0.0,0.0,2.0,1,2.0,133.0,56.0,77.0,138.0,138.33369214208827,21.0,8.0,2.0,0,0,0,133.0,5.0,1.0,1.0,1.0,165.0,155.0,0.0,0.5,,0.5,42.10526315789473,0.21052631578947367,0.0,0.0,0.0,0.0,0.0,0.0,0.0,0.0,0.2,0.1,0.2,13.3,5.6,7.7,13.8,13.833369214208826,2.1,0.8,0.2,0.0,0.0,0.0,13.3,0.5,0.1,0.1,0.1,16.5,15.5,0.1
2025,002039,Owen McElroy,G,Goalie,last_10,2,2025-05-31,2025-06-06,CHA|RED,OUT,0.0,0.0,0.0,0.0,0.0,0.0,0.0,0,0.0,18.0,4.0,14.0,27.0,27.0,2.0,0.0,0.0,0,0,0,27.0,0.0,0.0,0.0,0.0,21.0,21.0,,,,0.4,22.22222222222222,0.08888888888888889,,,0.0,0.0,0.0,0.0,0.0,0.0,0.0,0.0,0.0,9.0,2.0,7.0,13.5,13.5,1.0,0.0,0.0,0.0,0.0,0.0,13.5,0.0,0.0,0.0,0.0,10.5,10.5,0.0
2025,002042,Jon Robbins,LSM,Long Stick Midfield,last_10,1,2025-07-27,2025-07-27,OUT,ARC,0.0,0.0,0.0,0.0,0.0,0.0,0.0,0,0.0,0.0,0.0,0.0,0.0,0.0,0.0,0.0,0.0,0,0,0,0.0,0.0,0.0,0.0,0.0,1.0,1.0,,,,,,,,,0.0,0.0,0.0,0.0,0.0,0.0,0.0,0.0,0.0,0.0,0.0,0.0,0.0,0.0,0.0,0.0,0.0,0.0,0.0,0.0,0.0,0.0,0.0,0.0,0.0,1.0,1.0,0.0
2025,002054,Chris Merle,SSDM,Defensive Midfield,last_10,3,2025-05-31,2025-06-14,ARC|CHA|OUT,RED,1.0,1.0,1.0,0.0,1.0,0.0,1.0,1,0.0,0.0,0.0,0.0,0.0,0.0,4.0,0.0,1.0,0,1,1,0.0,0.0,0.0,0.0,1.0,13.0,12.0,1.0,1.0,0.0,,,,0.0,,0.3333333333333333,0.3333333333333333,0.3333333333333333,0.0,0.3333333333333333,0.0,0.3333333333333333,0.3333333333333333,0.0,0.0,0.0,0.0,0.0,0.0,1.3333333333333333,0.0,0.3333333333333333,0.0,0.3333333333333333,0.3333333333333333,0.0,0.0,0.0,0.0,0.3333333333333333,4.333333333333333,4.0,0.3333333333333333
2025,002059,Brendan Krebs,G,Goalie,last_10,4,2025-05-31,2025-06-22,ARC|ATL|CAN|CHA,WHP,0.0,0.0,0.0,0.0,0.0,0.0,1.0,0,0.0,28.0,12.0,16.0,33.0,33.0,7.0,1.0,1.0,0,0,0,31.0,2.0,0.0,0.0,0.0,47.0,45.0,0.0,0.0,,0.4745762711864407,42.857142857142854,0.2033898305084746,,,0.0,0.0,0.0,0.0,0.0,0.0,0.25,0.0,0.0,7.0,3.0,4.0,8.25,8.25,1.75,0.25,0.25,0.0,0.0,0.0,7.75,0.5,0.0,0.0,0.0,11.75,11.25,0.0
2025,002067,Zac Tucci,FO,Faceoff,last_10,10,2025-05-31,2025-08-09,ARC|ATL|CHA|OUT|RED|WAT|WHP,CAN,5.0,5.0,3.0,1.0,4.0,0.0,13.0,7,3.0,0.0,0.0,0.0,0.0,0.0,46.0,5.0,1.0,112,141,255,0.0,0.0,5.0,4.5,1.0,44.0,26.0,0.3076923076923077,0.5384615384615384,0.4392156862745098,,,,0.0,0.3333333333333333,0.5,0.5,0.3,0.1,0.4,0.0,1.3,0.7,0.3,0.0,0.0,0.0,0.0,0.0,4.6,0.5,0.1,11.2,14.1,25.5,0.0,0.0,0.5,0.45,0.1,4.4,2.6,0.1
2025,002074,Alexander Smith,SSDM,Defensive Midfield,last_10,6,2025-05-31,2025-07-13,ARC|CHA|RED|WAT|WHP,OUT,0.0,0.0,0.0,0.0,0.0,0.0,1.0,0,1.0,0.0,0.0,0.0,0.0,0.0,6.0,2.0,3.0,0,0,0,0.0,0.0,0.0,0.0,1.0,30.0,27.0,0.0,0.0,,,,,0.0,0.0,0.0,0.0,0.0,0.0,0.0,0.0,0.16666666666666666,0.0,0.16666666666666666,0.0,0.0,0.0,0.0,0.0,1.0,0.3333333333333333,0.5,0.0,0.0,0.0,0.0,0.0,0.0,0.0,0.16666666666666666,5.0,4.5,0.16666666666666666
2025,003004,Mike Sisselberger,FO,Faceoff,last_10,5,2025-05-31,2025-06-28,ATL|CAN|OUT|RED|WHP,ARC,2.0,1.0,1.0,0.0,1.0,1.0,5.0,3,1.0,0.0,0.0,0.0,0.0,0.0,22.0,3.0,0.0,36,64,101,0.0,0.0,0.0,0.0,2.0,19.0,11.0,0.2,0.6,0.3564356435643564,,,,0.5,0.0,0.4,0.2,0.2,0.0,0.2,0.2,1.0,0.6,0.2,0.0,0.0,0.0,0.0,0.0,4.4,0.6,0.0,7.2,12.8,20.2,0.0,0.0,0.0,0.0,0.4,3.8,2.2,0.4
2025,003005,Connor Maher,SSDM,Defensive Midfield,last_10,10,2025-05-31,2025-08-09,ATL|CAN|CHA|OUT|RED|WAT|WHP,ARC,3.0,1.0,1.0,0.0,1.0,2.0,2.0,1,1.0,0.0,0.0,0.0,0.0,0.0,12.0,3.0,3.0,1,7,8,0.0,0.0,0.0,0.0,4.0,57.0,52.0,0.5,0.5,0.125,,,,0.5,0.0,0.3,0.1,0.1,0.0,0.1,0.2,0.2,0.1,0.1,0.0,0.0,0.0,0.0,0.0,1.2,0.3,0.3,0.1,0.7,0.8,0.0,0.0,0.0,0.0,0.4,5.7,5.2,0.4
2025,003006,Piper Bond,SSDM,Defensive Midfield,last_10,10,2025-05-31,2025-08-09,ATL|CAN|CHA|OUT|RED|WAT|WHP,ARC,3.0,2.0,2.0,0.0,2.0,1.0,6.0,4,0.0,0.0,0.0,0.0,0.0,0.0,15.0,8.0,6.0,2,11,13,0.0,0.0,5.0,3.0,5.0,101.0,87.0,0.3333333333333333,0.6666666666666666,0.15384615384615385,,,,0.2,,0.3,0.2,0.2,0.0,0.2,0.1,0.6,0.4,0.0,0.0,0.0,0.0,0.0,0.0,1.5,0.8,0.6,0.2,1.1,1.3,0.0,0.0,0.5,0.3,0.5,10.1,8.7,0.5
2025,003007,Cam Wyers,D,Defense,last_10,8,2025-06-14,2025-08-09,ATL|CHA|OUT|RED|WAT,ARC,3.0,2.0,2.0,0.0,2.0,1.0,3.0,3,1.0,0.0,0.0,0.0,0.0,0.0,7.0,6.0,4.0,0,0,0,0.0,0.0,1.0,0.5,2.0,27.0,18.0,0.6666666666666666,1.0,,,,,0.5,0.0,0.375,0.25,0.25,0.0,0.25,0.125,0.375,0.375,0.125,0.0,0.0,0.0,0.0,0.0,0.875,0.75,0.5,0.0,0.0,0.0,0.0,0.0,0.125,0.0625,0.25,3.375,2.25,0.25
2025,003008,Gavin Adler,D,Defense,last_10,10,2025-06-14,2025-09-14,ARC|CAN|OUT|RED|WAT|WHP,ATL,0.0,0.0,0.0,0.0,0.0,0.0,0.0,0,0.0,0.0,0.0,0.0,0.0,0.0,10.0,2.0,13.0,0,0,0,0.0,0.0,1.0,0.5,0.0,60.0,58.0,,,,,,,,,0.0,0.0,0.0,0.0,0.0,0.0,0.0,0.0,0.0,0.0,0.0,0.0,0.0,0.0,1.0,0.2,1.3,0.0,0.0,0.0,0.0,0.0,0.1,0.05,0.0,6.0,5.8,0.0
2025,003009,Brett Makar,D,Defense,last_10,10,2025-05-31,2025-09-14,ARC|CAN|OUT|RED|WAT|WHP,ATL,3.0,2.0,0.0,1.0,1.0,1.0,10.0,3,6.0,0.0,0.0,0.0,0.0,0.0,24.0,3.0,7.0,0,0,0,0.0,0.0,0.0,0.0,1.0,77.0,64.0,0.1,0.3,,,,,1.0,0.16666666666666666,0.3,0.2,0.0,0.1,0.1,0.1,1.0,0.3,0.6,0.0,0.0,0.0,0.0,0.0,2.4,0.3,0.7,0.0,0.0,0.0,0.0,0.0,0.0,0.0,0.1,7.7,6.4,0.1
2025,003010,Xander Dickson,A,Attack,last_10,10,2025-06-14,2025-09-14,ARC|CAN|OUT|RED|WAT|WHP,ATL,26.0,25.0,25.0,0.0,25.0,1.0,53.0,39,0.0,0.0,0.0,0.0,0.0,0.0,27.0,11.0,4.0,0,0,0,0.0,0.0,1.0,0.5,9.0,161.0,97.0,0.4716981132075472,0.7358490566037735,,,,,0.1111111111111111,,2.6,2.5,2.5,0.0,2.5,0.1,5.3,3.9,0.0,0.0,0.0,0.0,0.0,0.0,2.7,1.1,0.4,0.0,0.0,0.0,0.0,0.0,0.1,0.05,0.9,16.1,9.7,0.9
2025,003011,Payton Rezanka,SSDM,Defensive Midfield,last_10,3,2025-05-30,2025-06-14,CAN|CHA|WHP,ATL,0.0,0.0,0.0,0.0,0.0,0.0,1.0,0,0.0,0.0,0.0,0.0,0.0,0.0,0.0,0.0,2.0,0,1,1,0.0,0.0,0.0,0.0,0.0,12.0,11.0,0.0,0.0,0.0,,,,,,0.0,0.0,0.0,0.0,0.0,0.0,0.3333333333333333,0.0,0.0,0.0,0.0,0.0,0.0,0.0,0.0,0.0,0.6666666666666666,0.0,0.3333333333333333,0.3333333333333333,0.0,0.0,0.0,0.0,0.0,4.0,3.6666666666666665,0.0
2025,003013,Matt Campbell,M,Midfield,last_10,10,2025-05-31,2025-08-09,ARC|ATL|CHA|OUT|RED|WAT|WHP,CAN,28.0,20.0,16.0,2.0,18.0,8.0,63.0,43,15.0,0.0,0.0,0.0,0.0,0.0,6.0,8.0,0.0,0,0,0,0.0,0.0,0.0,0.0,23.0,280.0,209.0,0.2857142857142857,0.6825396825396826,,,,,0.34782608695652173,0.13333333333333333,2.8,2.0,1.6,0.2,1.8,0.8,6.3,4.3,1.5,0.0,0.0,0.0,0.0,0.0,0.6,0.8,0.0,0.0,0.0,0.0,0.0,0.0,0.0,0.0,2.3,28.0,20.9,2.3
2025,003018,Nick Rowlett,FO,Faceoff,last_10,3,2025-05-30,2025-06-07,ATL|OUT|RED,CHA,0.0,0.0,0.0,0.0,0.0,0.0,2.0,0,0.0,0.0,0.0,0.0,0.0,0.0,10.0,2.0,1.0,24,43,68,0.0,0.0,0.0,0.0,1.0,12.0,8.0,0.0,0.0,0.35294117647058826,,,,0.0,,0.0,0.0,0.0,0.0,0.0,0.0,0.6666666666666666,0.0,0.0,0.0,0.0,0.0,0.0,0.0,3.3333333333333335,0.6666666666666666,0.3333333333333333,8.0,14.333333333333334,22.666666666666668,0.0,0.0,0.0,0.0,0.3333333333333333,4.0,2.6666666666666665,0.3333333333333333
2025,003019,Sam Handley,M,Midfield,last_10,5,2025-05-31,2025-07-12,ARC|CHA|OUT|RED|WAT,OUT|RED,5.0,4.0,2.0,1.0,3.0,1.0,22.0,14,7.0,0.0,0.0,0.0,0.0,0.0,3.0,5.0,0.0,0,0,0,0.0,0.0,0.0,0.0,9.0,90.0,63.0,0.13636363636363635,0.6363636363636364,,,,,0.1111111111111111,0.14285714285714285,1.0,0.8,0.4,0.2,0.6,0.2,4.4,2.8,1.4,0.0,0.0,0.0,0.0,0.0,0.6,1.0,0.0,0.0,0.0,0.0,0.0,0.0,0.0,0.0,1.8,18.0,12.6,1.8
2025,003022,Cross Ferrara,M,Midfield,last_10,6,2025-05-30,2025-07-26,ARC|ATL|OUT|RED|WAT,CHA,5.0,5.0,5.0,0.0,5.0,0.0,22.0,12,1.0,0.0,0.0,0.0,0.0,0.0,0.0,5.0,0.0,0,0,0,0.0,0.0,0.0,0.0,2.0,69.0,42.0,0.22727272727272727,0.5454545454545454,,,,,0.0,0.0,0.8333333333333334,0.8333333333333334,0.8333333333333334,0.0,0.8333333333333334,0.0,3.6666666666666665,2.0,0.16666666666666666,0.0,0.0,0.0,0.0,0.0,0.0,0.8333333333333334,0.0,0.0,0.0,0.0,0.0,0.0,0.0,0.0,0.3333333333333333,11.5,7.0,0.3333333333333333
2025,003023,Owen Grant,LSM,Long Stick Midfield,last_10,10,2025-05-31,2025-08-09,ARC|ATL|CHA|OUT|RED|WAT|WHP,CAN,5.0,3.0,1.0,1.0,2.0,2.0,10.0,7,6.0,0.0,0.0,0.0,0.0,0.0,16.0,2.0,11.0,0,0,0,0.0,0.0,2.0,2.0,3.0,49.0,37.0,0.2,0.7,,,,,0.6666666666666666,0.16666666666666666,0.5,0.3,0.1,0.1,0.2,0.2,1.0,0.7,0.6,0.0,0.0,0.0,0.0,0.0,1.6,0.2,1.1,0.0,0.0,0.0,0.0,0.0,0.2,0.2,0.3,4.9,3.7,0.3
2025,003024,Brian Tevlin,SSDM,Defensive Midfield,last_10,10,2025-06-14,2025-09-01,ARC|ATL|CAN|CHA|OUT|WAT|WHP,RED,3.0,1.0,1.0,0.0,1.0,2.0,11.0,3,4.0,0.0,0.0,0.0,0.0,0.0,23.0,2.0,12.0,1,8,9,0.0,0.0,5.0,3.5,5.0,126.0,113.0,0.09090909090909091,0.2727272727272727,0.1111111111111111,,,,0.4,0.0,0.3,0.1,0.1,0.0,0.1,0.2,1.1,0.3,0.4,0.0,0.0,0.0,0.0,0.0,2.3,0.2,1.2,0.1,0.8,0.9,0.0,0.0,0.5,0.35,0.5,12.6,11.3,0.5
2025,003025,Cole Kirst,M,Midfield,last_10,1,2025-07-18,2025-07-18,ATL,RED,0.0,0.0,0.0,0.0,0.0,0.0,2.0,1,0.0,0.0,0.0,0.0,0.0,0.0,0.0,1.0,0.0,0,0,0,0.0,0.0,0.0,0.0,0.0,8.0,5.0,0.0,0.5,,,,,,,0.0,0.0,0.0,0.0,0.0,0.0,2.0,1.0,0.0,0.0,0.0,0.0,0.0,0.0,0.0,1.0,0.0,0.0,0.0,0.0,0.0,0.0,0.0,0.0,0.0,8.0,5.0,0.0
2025,003027,Thomas McConvey,M,Midfield,last_10,10,2025-06-14,2025-09-01,ARC|ATL|CAN|CHA|OUT|RED|WHP,WAT,8.0,6.0,6.0,0.0,6.0,2.0,23.0,18,1.0,0.0,0.0,0.0,0.0,0.0,11.0,4.0,2.0,0,0,0,0.0,0.0,0.0,0.0,15.0,163.0,136.0,0.2608695652173913,0.782608695652174,,,,,0.13333333333333333,0.0,0.8,0.6,0.6,0.0,0.6,0.2,2.3,1.8,0.1,0.0,0.0,0.0,0.0,0.0,1.1,0.4,0.2,0.0,0.0,0.0,0.0,0.0,0.0,0.0,1.5,16.3,13.6,1.5
2025,003028,Alex Mazzone,LSM,Long Stick Midfield,last_10,5,2025-05-31,2025-07-26,ARC|ATL|CAN|OUT,WHP,0.0,0.0,0.0,0.0,0.0,0.0,2.0,1,2.0,0.0,0.0,0.0,0.0,0.0,6.0,0.0,2.0,0,0,0,0.0,0.0,0.0,0.0,1.0,11.0,9.0,0.0,0.5,,,,,0.0,0.0,0.0,0.0,0.0,0.0,0.0,0.0,0.4,0.2,0.4,0.0,0.0,0.0,0.0,0.0,1.2,0.0,0.4,0.0,0.0,0.0,0.0,0.0,0.0,0.0,0.2,2.2,1.8,0.2
2025,003029,Chris Fake,D,Defense,last_10,10,2025-06-14,2025-09-01,ARC|ATL|CAN|CHA|OUT|WAT|WHP,RED,2.0,2.0,0.0,1.0,1.0,0.0,3.0,3,3.0,0.0,0.0,0.0,0.0,0.0,17.0,5.0,3.0,0,0,0,0.0,0.0,2.0,3.0,2.0,68.0,60.0,0.3333333333333333,1.0,,,,,0.0,0.3333333333333333,0.2,0.2,0.0,0.1,0.1,0.0,0.3,0.3,0.3,0.0,0.0,0.0,0.0,0.0,1.7,0.5,0.3,0.0,0.0,0.0,0.0,0.0,0.2,0.3,0.2,6.8,6.0,0.2
2025,003039,Chet Comizio,SSDM,Defensive Midfield,last_10,10,2025-05-31,2025-09-14,ARC|CAN|OUT|RED|WAT|WHP,ATL,0.0,0.0,0.0,0.0,0.0,0.0,4.0,1,1.0,0.0,0.0,0.0,0.0,0.0,10.0,2.0,3.0,0,1,1,0.0,0.0,4.0,2.5,2.0,66.0,60.0,0.0,0.25,0.0,,,,0.0,0.0,0.0,0.0,0.0,0.0,0.0,0.0,0.4,0.1,0.1,0.0,0.0,0.0,0.0,0.0,1.0,0.2,0.3,0.0,0.1,0.1,0.0,0.0,0.4,0.25,0.2,6.6,6.0,0.2
2025,003041,Ethan Rall,LSM,Long Stick Midfield,last_10,10,2025-05-31,2025-08-09,ARC|ATL|CHA|OUT|RED|WAT|WHP,CAN,1.0,1.0,1.0,0.0,1.0,0.0,7.0,5,3.0,0.0,0.0,0.0,0.0,0.0,23.0,3.0,13.0,0,0,0,0.0,0.0,1.0,0.5,1.0,41.0,31.0,0.14285714285714285,0.7142857142857143,,,,,0.0,0.0,0.1,0.1,0.1,0.0,0.1,0.0,0.7,0.5,0.3,0.0,0.0,0.0,0.0,0.0,2.3,0.3,1.3,0.0,0.0,0.0,0.0,0.0,0.1,0.05,0.1,4.1,3.1,0.1
2025,003048,TJ Malone,A,Attack,last_10,10,2025-06-07,2025-08-23,ATL|CAN|CHA|OUT|RED|WAT,WHP,32.0,17.0,15.0,1.0,16.0,15.0,61.0,39,3.0,0.0,0.0,0.0,0.0,0.0,15.0,16.0,1.0,0,0,0,0.0,0.0,0.0,0.0,34.0,304.0,227.0,0.26229508196721313,0.639344262295082,,,,,0.4411764705882353,0.3333333333333333,3.2,1.7,1.5,0.1,1.6,1.5,6.1,3.9,0.3,0.0,0.0,0.0,0.0,0.0,1.5,1.6,0.1,0.0,0.0,0.0,0.0,0.0,0.0,0.0,3.4,30.4,22.7,3.4
2025,003059,BJ Farrare,SSDM,Defensive Midfield,last_10,10,2025-06-14,2025-09-01,ARC|ATL|CAN|CHA|OUT|WAT|WHP,RED,1.0,0.0,0.0,0.0,0.0,1.0,2.0,0,0.0,0.0,0.0,0.0,0.0,0.0,13.0,3.0,7.0,0,0,0,0.0,0.0,3.0,1.5,2.0,44.0,39.0,0.0,0.0,,,,,0.5,,0.1,0.0,0.0,0.0,0.0,0.1,0.2,0.0,0.0,0.0,0.0,0.0,0.0,0.0,1.3,0.3,0.7,0.0,0.0,0.0,0.0,0.0,0.3,0.15,0.2,4.4,3.9,0.2
2025,003075,Brennan O'Neill,A,Attack,last_10,10,2025-06-14,2025-09-14,ARC|ATL|CAN|CHA|RED|WAT|WHP,OUT,36.0,29.0,21.0,4.0,25.0,7.0,90.0,53,11.0,0.0,0.0,0.0,0.0,0.0,14.0,17.0,1.0,0,0,0,0.0,0.0,0.0,0.0,36.0,370.0,263.0,0.2777777777777778,0.5888888888888889,,,,,0.19444444444444445,0.36363636363636365,3.6,2.9,2.1,0.4,2.5,0.7,9.0,5.3,1.1,0.0,0.0,0.0,0.0,0.0,1.4,1.7,0.1,0.0,0.0,0.0,0.0,0.0,0.0,0.0,3.6,37.0,26.3,3.6
2025,003076,Connor Shellenberger,A,Attack,last_10,10,2025-06-14,2025-09-14,ARC|CAN|OUT|RED|WAT|WHP,ATL,50.0,23.0,23.0,0.0,23.0,27.0,48.0,36,0.0,0.0,0.0,0.0,0.0,0.0,12.0,16.0,0.0,0,0,0,0.0,0.0,2.0,2.0,61.0,334.0,270.0,0.4791666666666667,0.75,,,,,0.4426229508196721,,5.0,2.3,2.3,0.0,2.3,2.7,4.8,3.6,0.0,0.0,0.0,0.0,0.0,0.0,1.2,1.6,0.0,0.0,0.0,0.0,0.0,0.0,0.2,0.2,6.1,33.4,27.0,6.1
2025,003077,Ajax Zappitello,D,Defense,last_10,10,2025-06-07,2025-08-23,ATL|CAN|CHA|OUT|RED|WAT,WHP,1.0,0.0,0.0,0.0,0.0,1.0,1.0,0,0.0,0.0,0.0,0.0,0.0,0.0,20.0,4.0,15.0,0,0,0,0.0,0.0,1.0,0.5,4.0,95.0,90.0,0.0,0.0,,,,,0.25,,0.1,0.0,0.0,0.0,0.0,0.1,0.1,0.0,0.0,0.0,0.0,0.0,0.0,0.0,2.0,0.4,1.5,0.0,0.0,0.0,0.0,0.0,0.1,0.05,0.4,9.5,9.0,0.4
2025,003078,Shane Knobloch,M,Midfield,last_10,5,2025-06-22,2025-08-24,ARC|CAN|OUT|RED|WHP,CHA,14.0,10.0,8.0,1.0,9.0,4.0,30.0,19,2.0,0.0,0.0,0.0,0.0,0.0,4.0,5.0,0.0,0,0,0,0.0,0.0,0.0,0.0,16.0,115.0,80.0,0.3,0.6333333333333333,,,,,0.25,0.5,2.8,2.0,1.6,0.2,1.8,0.8,6.0,3.8,0.4,0.0,0.0,0.0,0.0,0.0,0.8,1.0,0.0,0.0,0.0,0.0,0.0,0.0,0.0,0.0,3.2,23.0,16.0,3.2
2025,003079,Liam Entenmann,G,Goalie,last_10,10,2025-06-14,2025-09-14,ARC|CAN|OUT|RED|WAT|WHP,ATL,1.0,0.0,0.0,0.0,0.0,1.0,4.0,0,4.0,155.0,56.0,99.0,120.0,118.40420347243375,23.0,1.0,2.0,0,0,0,112.0,8.0,0.0,0.0,2.0,185.0,180.0,0.0,0.0,,0.5805243445692884,36.12903225806451,0.20973782771535582,0.5,0.0,0.1,0.0,0.0,0.0,0.0,0.1,0.4,0.0,0.4,15.5,5.6,9.9,12.0,11.840420347243375,2.3,0.1,0.2,0.0,0.0,0.0,11.2,0.8,0.0,0.0,0.2,18.5,18.0,0.2
2025,003080,Pat Kavanagh,A,Attack,last_10,10,2025-06-14,2025-09-14,ARC|ATL|CAN|CHA|RED|WAT|WHP,OUT,41.0,21.0,21.0,0.0,21.0,20.0,88.0,56,3.0,0.0,0.0,0.0,0.0,0.0,23.0,23.0,3.0,0,0,0,0.0,0.0,6.0,4.5,54.0,437.0,326.0,0.23863636363636365,0.6363636363636364,,,,,0.37037037037037035,0.0,4.1,2.1,2.1,0.0,2.1,2.0,8.8,5.6,0.3,0.0,0.0,0.0,0.0,0.0,2.3,2.3,0.3,0.0,0.0,0.0,0.0,0.0,0.6,0.45,5.4,43.7,32.6,5.4
2025,003081,Matt Brandau,M,Midfield,last_10,10,2025-06-07,2025-08-23,ATL|CAN|CHA|OUT|RED|WAT,WHP,23.0,20.0,20.0,0.0,20.0,3.0,58.0,41,1.0,0.0,0.0,0.0,0.0,0.0,17.0,13.0,2.0,0,0,0,0.0,0.0,1.0,0.5,9.0,250.0,179.0,0.3448275862068966,0.7068965517241379,,,,,0.3333333333333333,0.0,2.3,2.0,2.0,0.0,2.0,0.3,5.8,4.1,0.1,0.0,0.0,0.0,0.0,0.0,1.7,1.3,0.2,0.0,0.0,0.0,0.0,0.0,0.1,0.05,0.9,25.0,17.9,0.9
2025,003082,Mason Woodward,LSM,Long Stick Midfield,last_10,10,2025-05-31,2025-08-09,ATL|CAN|CHA|OUT|RED|WAT|WHP,ARC,8.0,6.0,0.0,3.0,3.0,2.0,11.0,7,10.0,0.0,0.0,0.0,0.0,0.0,23.0,4.0,6.0,0,0,0,0.0,0.0,4.0,2.5,6.0,73.0,58.0,0.2727272727272727,0.6363636363636364,,,,,0.3333333333333333,0.3,0.8,0.6,0.0,0.3,0.3,0.2,1.1,0.7,1.0,0.0,0.0,0.0,0.0,0.0,2.3,0.4,0.6,0.0,0.0,0.0,0.0,0.0,0.4,0.25,0.6,7.3,5.8,0.6
2025,003083,Jake Piseno,LSM,Long Stick Midfield,last_10,10,2025-06-14,2025-09-14,ARC|ATL|CAN|CHA|RED|WAT|WHP,OUT,10.0,7.0,1.0,3.0,4.0,3.0,12.0,5,10.0,0.0,0.0,0.0,0.0,0.0,32.0,7.0,11.0,0,0,0,0.0,0.0,0.0,0.0,5.0,83.0,64.0,0.3333333333333333,0.4166666666666667,,,,,0.6,0.3,1.0,0.7,0.1,0.3,0.4,0.3,1.2,0.5,1.0,0.0,0.0,0.0,0.0,0.0,3.2,0.7,1.1,0.0,0.0,0.0,0.0,0.0,0.0,0.0,0.5,8.3,6.4,0.5
2025,003084,Jake Stevens,M,Midfield,last_10,10,2025-06-14,2025-09-14,ARC|CAN|OUT|RED|WAT|WHP,ATL,9.0,9.0,9.0,0.0,9.0,0.0,27.0,15,1.0,0.0,0.0,0.0,0.0,0.0,8.0,17.0,0.0,0,0,0,0.0,0.0,2.0,1.0,6.0,114.0,70.0,0.3333333333333333,0.5555555555555556,,,,,0.0,0.0,0.9,0.9,0.9,0.0,0.9,0.0,2.7,1.5,0.1,0.0,0.0,0.0,0.0,0.0,0.8,1.7,0.0,0.0,0.0,0.0,0.0,0.0,0.2,0.1,0.6,11.4,7.0,0.6
2025,003085,Graham Bundy,M,Midfield,last_10,10,2025-06-14,2025-09-14,ARC|ATL|CAN|CHA|RED|WAT|WHP,OUT,8.0,7.0,3.0,2.0,5.0,1.0,40.0,24,19.0,0.0,0.0,0.0,0.0,0.0,4.0,4.0,2.0,0,0,0,0.0,0.0,1.0,0.5,10.0,238.0,194.0,0.125,0.6,,,,,0.1,0.10526315789473684,0.8,0.7,0.3,0.2,0.5,0.1,4.0,2.4,1.9,0.0,0.0,0.0,0.0,0.0,0.4,0.4,0.2,0.0,0.0,0.0,0.0,0.0,0.1,0.05,1.0,23.8,19.4,1.0
2025,003086,Eric Dobson,M,Midfield,last_10,3,2025-05-30,2025-06-07,ATL|OUT|RED,CHA,0.0,0.0,0.0,0.0,0.0,0.0,6.0,2,2.0,0.0,0.0,0.0,0.0,0.0,1.0,5.0,0.0,0,0,0,0.0,0.0,0.0,0.0,1.0,53.0,42.0,0.0,0.3333333333333333,,,,,0.0,0.0,0.0,0.0,0.0,0.0,0.0,0.0,2.0,0.6666666666666666,0.6666666666666666,0.0,0.0,0.0,0.0,0.0,0.3333333333333333,1.6666666666666667,0.0,0.0,0.0,0.0,0.0,0.0,0.0,0.0,0.3333333333333333,17.666666666666668,14.0,0.3333333333333333
2025,003087,Beau Pederson,SSDM,Defensive Midfield,last_10,10,2025-05-31,2025-08-09,ATL|CAN|CHA|OUT|RED|WAT|WHP,ARC,6.0,5.0,3.0,1.0,4.0,1.0,10.0,6,5.0,0.0,0.0,0.0,0.0,0.0,15.0,6.0,4.0,4,13,18,0.0,0.0,3.0,1.5,3.0,79.0,63.0,0.4,0.6,0.2222222222222222,,,,0.3333333333333333,0.2,0.6,0.5,0.3,0.1,0.4,0.1,1.0,0.6,0.5,0.0,0.0,0.0,0.0,0.0,1.5,0.6,0.4,0.4,1.3,1.8,0.0,0.0,0.3,0.15,0.3,7.9,6.3,0.3
2025,003088,Alexander Vardaro,M,Midfield,last_10,3,2025-06-07,2025-07-11,ARC|ATL|CHA,CAN,4.0,1.0,1.0,0.0,1.0,3.0,10.0,5,2.0,0.0,0.0,0.0,0.0,0.0,1.0,4.0,0.0,0,0,0,0.0,0.0,0.0,0.0,8.0,52.0,38.0,0.1,0.5,,,,,0.375,0.0,1.3333333333333333,0.3333333333333333,0.3333333333333333,0.0,0.3333333333333333,1.0,3.3333333333333335,1.6666666666666667,0.6666666666666666,0.0,0.0,0.0,0.0,0.0,0.3333333333333333,1.3333333333333333,0.0,0.0,0.0,0.0,0.0,0.0,0.0,0.0,2.6666666666666665,17.333333333333332,12.666666666666666,2.6666666666666665
2025,003089,Kenny Brower,D,Defense,last_10,10,2025-06-07,2025-09-01,ARC|ATL|CAN|OUT|RED|WHP,WAT,1.0,0.0,0.0,0.0,0.0,1.0,1.0,1,1.0,0.0,0.0,0.0,0.0,0.0,17.0,0.0,12.0,0,0,0,0.0,0.0,4.0,3.0,1.0,57.0,56.0,0.0,1.0,,,,,1.0,0.0,0.1,0.0,0.0,0.0,0.0,0.1,0.1,0.1,0.1,0.0,0.0,0.0,0.0,0.0,1.7,0.0,1.2,0.0,0.0,0.0,0.0,0.0,0.4,0.3,0.1,5.7,5.6,0.1
2025,003090,Dyson Williams,M,Midfield,last_10,10,2025-05-31,2025-08-09,ATL|CAN|CHA|OUT|RED|WAT|WHP,ARC,13.0,12.0,12.0,0.0,12.0,1.0,28.0,23,1.0,0.0,0.0,0.0,0.0,0.0,5.0,6.0,0.0,0,0,0,0.0,0.0,0.0,0.0,2.0,76.0,42.0,0.42857142857142855,0.8214285714285714,,,,,0.5,0.0,1.3,1.2,1.2,0.0,1.2,0.1,2.8,2.3,0.1,0.0,0.0,0.0,0.0,0.0,0.5,0.6,0.0,0.0,0.0,0.0,0.0,0.0,0.0,0.0,0.2,7.6,4.2,0.2
2025,003091,Garrett Degnon,M,Midfield,last_10,4,2025-05-30,2025-06-22,ATL|OUT|RED|WHP,CHA,6.0,4.0,4.0,0.0,4.0,2.0,18.0,9,3.0,0.0,0.0,0.0,0.0,0.0,5.0,2.0,0.0,0,0,0,0.0,0.0,0.0,0.0,2.0,74.0,54.0,0.2222222222222222,0.5,,,,,1.0,0.0,1.5,1.0,1.0,0.0,1.0,0.5,4.5,2.25,0.75,0.0,0.0,0.0,0.0,0.0,1.25,0.5,0.0,0.0,0.0,0.0,0.0,0.0,0.0,0.0,0.5,18.5,13.5,0.5
2025,003092,Josh Zawada,A,Attack,last_10,9,2025-05-30,2025-08-24,ARC|ATL|CAN|OUT|RED|WAT,CHA,14.0,9.0,9.0,0.0,9.0,5.0,33.0,24,0.0,0.0,0.0,0.0,0.0,0.0,11.0,17.0,1.0,0,0,0,0.0,0.0,1.0,0.5,26.0,285.0,235.0,0.2727272727272727,0.7272727272727273,,,,,0.19230769230769232,,1.5555555555555556,1.0,1.0,0.0,1.0,0.5555555555555556,3.6666666666666665,2.6666666666666665,0.0,0.0,0.0,0.0,0.0,0.0,1.2222222222222223,1.8888888888888888,0.1111111111111111,0.0,0.0,0.0,0.0,0.0,0.1111111111111111,0.05555555555555555,2.888888888888889,31.666666666666668,26.11111111111111,2.888888888888889
2025,003093,Ross Scott,M,Midfield,last_10,10,2025-06-06,2025-08-24,ARC|CAN|OUT|RED|WAT|WHP,CHA,19.0,12.0,12.0,0.0,12.0,7.0,36.0,22,0.0,0.0,0.0,0.0,0.0,0.0,7.0,13.0,0.0,0,0,0,0.0,0.0,0.0,0.0,27.0,247.0,198.0,0.3333333333333333,0.6111111111111112,,,,,0.25925925925925924,,1.9,1.2,1.2,0.0,1.2,0.7,3.6,2.2,0.0,0.0,0.0,0.0,0.0,0.0,0.7,1.3,0.0,0.0,0.0,0.0,0.0,0.0,0.0,0.0,2.7,24.7,19.8,2.7
2025,003094,Levi Anderson,M,Midfield,last_10,9,2025-05-31,2025-08-23,ARC|ATL|CAN|CHA|OUT|RED|WAT,WHP,11.0,10.0,10.0,0.0,10.0,1.0,34.0,24,0.0,0.0,0.0,0.0,0.0,0.0,3.0,8.0,1.0,0,0,0,0.0,0.0,0.0,0.0,15.0,125.0,83.0,0.29411764705882354,0.7058823529411765,,,,,0.06666666666666667,,1.2222222222222223,1.1111111111111112,1.1111111111111112,0.0,1.1111111111111112,0.1111111111111111,3.7777777777777777,2.6666666666666665,0.0,0.0,0.0,0.0,0.0,0.0,0.3333333333333333,0.8888888888888888,0.1111111111111111,0.0,0.0,0.0,0.0,0.0,0.0,0.0,1.6666666666666667,13.88888888888889,9.222222222222221,1.6666666666666667
2025,003096,Marcus Hudgins,LSM,Long Stick Midfield,last_10,9,2025-06-07,2025-09-01,ARC|ATL|CAN|CHA|RED|WHP,WAT,1.0,0.0,0.0,0.0,0.0,1.0,2.0,1,1.0,0.0,0.0,0.0,0.0,0.0,22.0,5.0,11.0,0,0,0,0.0,0.0,0.0,0.0,2.0,48.0,41.0,0.0,0.5,,,,,0.5,0.0,0.1111111111111111,0.0,0.0,0.0,0.0,0.1111111111111111,0.2222222222222222,0.1111111111111111,0.1111111111111111,0.0,0.0,0.0,0.0,0.0,2.4444444444444446,0.5555555555555556,1.2222222222222223,0.0,0.0,0.0,0.0,0.0,0.0,0.0,0.2222222222222222,5.333333333333333,4.555555555555555,0.2222222222222222
2025,003098,Luke Wierman,FO,Faceoff,last_10,10,2025-06-14,2025-09-14,ARC|ATL|CAN|CHA|RED|WAT|WHP,OUT,4.0,3.0,3.0,0.0,3.0,1.0,17.0,8,6.0,0.0,0.0,0.0,0.0,0.0,73.0,10.0,5.0,127,121,249,0.0,0.0,2.0,1.0,3.0,82.0,55.0,0.17647058823529413,0.47058823529411764,0.5100401606425703,,,,0.3333333333333333,0.0,0.4,0.3,0.3,0.0,0.3,0.1,1.7,0.8,0.6,0.0,0.0,0.0,0.0,0.0,7.3,1.0,0.5,12.7,12.1,24.9,0.0,0.0,0.2,0.1,0.3,8.2,5.5,0.3
2025,003099,Tyler Carpenter,LSM,Long Stick Midfield,last_10,10,2025-06-14,2025-09-14,ARC|CAN|OUT|RED|WAT|WHP,ATL,2.0,1.0,1.0,0.0,1.0,1.0,4.0,3,3.0,0.0,0.0,0.0,0.0,0.0,29.0,5.0,7.0,0,0,0,0.0,0.0,0.0,0.0,2.0,83.0,74.0,0.25,0.75,,,,,0.5,0.0,0.2,0.1,0.1,0.0,0.1,0.1,0.4,0.3,0.3,0.0,0.0,0.0,0.0,0.0,2.9,0.5,0.7,0.0,0.0,0.0,0.0,0.0,0.0,0.0,0.2,8.3,7.4,0.2
2025,003100,Adam Poitras,M,Midfield,last_10,10,2025-06-07,2025-08-23,ATL|CAN|CHA|OUT|RED|WAT,WHP,13.0,8.0,8.0,0.0,8.0,5.0,29.0,21,0.0,0.0,0.0,0.0,0.0,0.0,35.0,9.0,1.0,0,0,0,0.0,0.0,1.0,0.5,12.0,211.0,173.0,0.27586206896551724,0.7241379310344828,,,,,0.4166666666666667,,1.3,0.8,0.8,0.0,0.8,0.5,2.9,2.1,0.0,0.0,0.0,0.0,0.0,0.0,3.5,0.9,0.1,0.0,0.0,0.0,0.0,0.0,0.1,0.05,1.2,21.1,17.3,1.2
2025,003101,Dylan Hess,SSDM,Defensive Midfield,last_10,10,2025-06-14,2025-09-01,ARC|ATL|CAN|CHA|OUT|RED|WHP,WAT,3.0,1.0,1.0,0.0,1.0,2.0,7.0,4,3.0,0.0,0.0,0.0,0.0,0.0,13.0,1.0,5.0,0,4,4,0.0,0.0,2.0,2.5,5.0,72.0,64.0,0.14285714285714285,0.5714285714285714,0.0,,,,0.4,0.0,0.3,0.1,0.1,0.0,0.1,0.2,0.7,0.4,0.3,0.0,0.0,0.0,0.0,0.0,1.3,0.1,0.5,0.0,0.4,0.4,0.0,0.0,0.2,0.25,0.5,7.2,6.4,0.5
2025,003102,Chayse Ierlan,G,Goalie,last_10,10,2025-06-14,2025-09-01,ARC|ATL|CAN|CHA|OUT|WAT|WHP,RED,0.0,0.0,0.0,0.0,0.0,0.0,1.0,0,1.0,134.0,40.0,94.0,132.0,132.00416811392844,16.0,3.0,2.0,0,0,0,125.0,7.0,0.0,0.0,0.0,146.0,142.0,0.0,0.0,,0.5173745173745173,29.850746268656714,0.15444015444015444,,0.0,0.0,0.0,0.0,0.0,0.0,0.0,0.1,0.0,0.1,13.4,4.0,9.4,13.2,13.200416811392845,1.6,0.3,0.2,0.0,0.0,0.0,12.5,0.7,0.0,0.0,0.0,14.6,14.2,0.0
2025,003103,Scott Smith,D,Defense,last_10,8,2025-06-07,2025-08-24,ARC|OUT|RED|WAT|WHP,CHA|WHP,3.0,3.0,1.0,1.0,2.0,0.0,12.0,8,6.0,0.0,0.0,0.0,0.0,0.0,13.0,0.0,8.0,0,0,0,0.0,0.0,1.0,0.5,0.0,40.0,28.0,0.16666666666666666,0.6666666666666666,,,,,,0.16666666666666666,0.375,0.375,0.125,0.125,0.25,0.0,1.5,1.0,0.75,0.0,0.0,0.0,0.0,0.0,1.625,0.0,1.0,0.0,0.0,0.0,0.0,0.0,0.125,0.0625,0.0,5.0,3.5,0.0
2025,003104,Michael Boehm,A,Attack,last_10,1,2025-06-14,2025-06-14,OUT,WAT,0.0,0.0,0.0,0.0,0.0,0.0,0.0,0,0.0,0.0,0.0,0.0,0.0,0.0,1.0,0.0,0.0,0,0,0,0.0,0.0,0.0,0.0,0.0,7.0,7.0,,,,,,,,,0.0,0.0,0.0,0.0,0.0,0.0,0.0,0.0,0.0,0.0,0.0,0.0,0.0,0.0,1.0,0.0,0.0,0.0,0.0,0.0,0.0,0.0,0.0,0.0,0.0,7.0,7.0,0.0
2025,003105,Cole Kastner,D,Defense,last_10,8,2025-06-28,2025-09-01,ARC|ATL|CAN|CHA|OUT|WHP,RED,0.0,0.0,0.0,0.0,0.0,0.0,0.0,0,0.0,0.0,0.0,0.0,0.0,0.0,7.0,1.0,7.0,0,0,0,0.0,0.0,0.0,0.0,1.0,35.0,34.0,,,,,,,0.0,,0.0,0.0,0.0,0.0,0.0,0.0,0.0,0.0,0.0,0.0,0.0,0.0,0.0,0.0,0.875,0.125,0.875,0.0,0.0,0.0,0.0,0.0,0.0,0.0,0.125,4.375,4.25,0.125
2025,003106,Dalton Young,M,Midfield,last_10,10,2025-06-14,2025-09-14,ARC|ATL|CAN|CHA|RED|WAT|WHP,OUT,18.0,12.0,12.0,0.0,12.0,6.0,28.0,21,0.0,0.0,0.0,0.0,0.0,0.0,6.0,6.0,2.0,0,0,0,0.0,0.0,0.0,0.0,12.0,178.0,144.0,0.42857142857142855,0.75,,,,,0.5,,1.8,1.2,1.2,0.0,1.2,0.6,2.8,2.1,0.0,0.0,0.0,0.0,0.0,0.0,0.6,0.6,0.2,0.0,0.0,0.0,0.0,0.0,0.0,0.0,1.2,17.8,14.4,1.2
2025,003108,Will Mark,G,Goalie,last_10,2,2025-05-31,2025-07-26,CAN|WHP,ATL,0.0,0.0,0.0,0.0,0.0,0.0,0.0,0,0.0,0.0,0.0,0.0,0.0,0.0,1.0,0.0,0.0,0,0,0,0.0,0.0,0.0,0.0,0.0,1.0,1.0,,,,,,,,,0.0,0.0,0.0,0.0,0.0,0.0,0.0,0.0,0.0,0.0,0.0,0.0,0.0,0.0,0.5,0.0,0.0,0.0,0.0,0.0,0.0,0.0,0.0,0.0,0.0,0.5,0.5,0.0
2025,003109,Chris Conlin,D,Defense,last_10,10,2025-06-14,2025-09-01,ARC|ATL|CAN|CHA|OUT|WAT|WHP,RED,0.0,0.0,0.0,0.0,0.0,0.0,0.0,0,0.0,0.0,0.0,0.0,0.0,0.0,25.0,1.0,6.0,0,0,0,0.0,0.0,2.0,1.5,0.0,70.0,69.0,,,,,,,,,0.0,0.0,0.0,0.0,0.0,0.0,0.0,0.0,0.0,0.0,0.0,0.0,0.0,0.0,2.5,0.1,0.6,0.0,0.0,0.0,0.0,0.0,0.2,0.15,0.0,7.0,6.9,0.0
2025,003110,Carter Parlette,SSDM,Defensive Midfield,last_10,1,2025-06-28,2025-06-28,WAT,RED,0.0,0.0,0.0,0.0,0.0,0.0,0.0,0,0.0,0.0,0.0,0.0,0.0,0.0,1.0,0.0,0.0,0,0,0,0.0,0.0,0.0,0.0,0.0,5.0,5.0,,,,,,,,,0.0,0.0,0.0,0.0,0.0,0.0,0.0,0.0,0.0,0.0,0.0,0.0,0.0,0.0,1.0,0.0,0.0,0.0,0.0,0.0,0.0,0.0,0.0,0.0,0.0,5.0,5.0,0.0
2025,003112,Jack DiBenedetto,D,Defense,last_10,3,2025-06-21,2025-08-02,ATL|CAN|CHA,WAT,0.0,0.0,0.0,0.0,0.0,0.0,0.0,0,0.0,0.0,0.0,0.0,0.0,0.0,2.0,1.0,2.0,0,0,0,0.0,0.0,0.0,0.0,0.0,14.0,13.0,,,,,,,,,0.0,0.0,0.0,0.0,0.0,0.0,0.0,0.0,0.0,0.0,0.0,0.0,0.0,0.0,0.6666666666666666,0.3333333333333333,0.6666666666666666,0.0,0.0,0.0,0.0,0.0,0.0,0.0,0.0,4.666666666666667,4.333333333333333,0.0
2025,003119,Alec Stathakis,FO,Faceoff,last_10,10,2025-06-14,2025-09-01,ARC|ATL|CAN|CHA|OUT|RED|WHP,WAT,1.0,1.0,1.0,0.0,1.0,0.0,11.0,5,4.0,0.0,0.0,0.0,0.0,0.0,51.0,9.0,3.0,128,117,246,0.0,0.0,0.0,0.0,1.0,67.0,47.0,0.09090909090909091,0.45454545454545453,0.5203252032520326,,,,0.0,0.0,0.1,0.1,0.1,0.0,0.1,0.0,1.1,0.5,0.4,0.0,0.0,0.0,0.0,0.0,5.1,0.9,0.3,12.8,11.7,24.6,0.0,0.0,0.0,0.0,0.1,6.7,4.7,0.1
2025,003120,Jack VanOverbeke,M,Midfield,last_10,6,2025-05-31,2025-07-13,ARC|CHA|RED|WAT|WHP,OUT,2.0,0.0,0.0,0.0,0.0,2.0,14.0,8,0.0,0.0,0.0,0.0,0.0,0.0,2.0,5.0,0.0,0,0,0,0.0,0.0,0.0,0.0,3.0,60.0,41.0,0.0,0.5714285714285714,,,,,0.6666666666666666,,0.3333333333333333,0.0,0.0,0.0,0.0,0.3333333333333333,2.3333333333333335,1.3333333333333333,0.0,0.0,0.0,0.0,0.0,0.0,0.3333333333333333,0.8333333333333334,0.0,0.0,0.0,0.0,0.0,0.0,0.0,0.0,0.5,10.0,6.833333333333333,0.5
2025,003125,Matt Knote,G,Goalie,last_10,1,2025-08-03,2025-08-03,WHP,RED,0.0,0.0,0.0,0.0,0.0,0.0,0.0,0,0.0,0.0,0.0,0.0,0.0,0.0,0.0,0.0,0.0,0,0,0,0.0,0.0,0.0,0.0,0.0,1.0,1.0,,,,,,,,,0.0,0.0,0.0,0.0,0.0,0.0,0.0,0.0,0.0,0.0,0.0,0.0,0.0,0.0,0.0,0.0,0.0,0.0,0.0,0.0,0.0,0.0,0.0,0.0,0.0,1.0,1.0,0.0
2025,003128,Jack Posey,D,Defense,last_10,5,2025-05-30,2025-06-29,ATL|CAN|OUT|RED|WHP,CHA,1.0,0.0,0.0,0.0,0.0,1.0,0.0,0,0.0,0.0,0.0,0.0,0.0,0.0,5.0,2.0,3.0,0,0,0,0.0,0.0,0.0,0.0,1.0,21.0,19.0,,,,,,,1.0,,0.2,0.0,0.0,0.0,0.0,0.2,0.0,0.0,0.0,0.0,0.0,0.0,0.0,0.0,1.0,0.4,0.6,0.0,0.0,0.0,0.0,0.0,0.0,0.0,0.2,4.2,3.8,0.2
2025,003136,Jake Naso,FO,Faceoff,last_10,4,2025-07-12,2025-07-27,CHA|OUT|RED|WAT,ARC,0.0,0.0,0.0,0.0,0.0,0.0,4.0,1,1.0,0.0,0.0,0.0,0.0,0.0,14.0,2.0,0.0,30,59,90,0.0,0.0,1.0,0.5,0.0,15.0,9.0,0.0,0.25,0.3333333333333333,,,,,0.0,0.0,0.0,0.0,0.0,0.0,0.0,1.0,0.25,0.25,0.0,0.0,0.0,0.0,0.0,3.5,0.5,0.0,7.5,14.75,22.5,0.0,0.0,0.25,0.125,0.0,3.75,2.25,0.0
2025,003149,JJ Sillstrop,M,Midfield,last_10,10,2025-05-30,2025-08-09,ARC|ATL|CAN|OUT|RED|WAT|WHP,CHA,8.0,5.0,5.0,0.0,5.0,3.0,22.0,18,0.0,0.0,0.0,0.0,0.0,0.0,3.0,9.0,2.0,0,0,0,0.0,0.0,0.0,0.0,12.0,141.0,110.0,0.22727272727272727,0.8181818181818182,,,,,0.25,,0.8,0.5,0.5,0.0,0.5,0.3,2.2,1.8,0.0,0.0,0.0,0.0,0.0,0.0,0.3,0.9,0.2,0.0,0.0,0.0,0.0,0.0,0.0,0.0,1.2,14.1,11.0,1.2
2025,003156,Aidan Danenza,M,Midfield,last_10,8,2025-05-31,2025-09-01,ARC|ATL|CAN|CHA|OUT|WHP,RED,10.0,10.0,10.0,0.0,10.0,0.0,36.0,23,3.0,0.0,0.0,0.0,0.0,0.0,6.0,10.0,0.0,0,0,0,0.0,0.0,1.0,0.5,8.0,160.0,114.0,0.2777777777777778,0.6388888888888888,,,,,0.0,0.0,1.25,1.25,1.25,0.0,1.25,0.0,4.5,2.875,0.375,0.0,0.0,0.0,0.0,0.0,0.75,1.25,0.0,0.0,0.0,0.0,0.0,0.0,0.125,0.0625,1.0,20.0,14.25,1.0
2025,003157,Graydon Hogg,A,Attack,last_10,3,2025-05-31,2025-06-21,ATL|WAT|WHP,CAN,4.0,3.0,3.0,0.0,3.0,1.0,12.0,8,0.0,0.0,0.0,0.0,0.0,0.0,3.0,4.0,0.0,0,0,0,0.0,0.0,0.0,0.0,2.0,52.0,36.0,0.25,0.6666666666666666,,,,,0.5,,1.3333333333333333,1.0,1.0,0.0,1.0,0.3333333333333333,4.0,2.6666666666666665,0.0,0.0,0.0,0.0,0.0,0.0,1.0,1.3333333333333333,0.0,0.0,0.0,0.0,0.0,0.0,0.0,0.0,0.6666666666666666,17.333333333333332,12.0,0.6666666666666666
2025,003159,CJ Kirst,A,Attack,last_10,6,2025-07-20,2025-09-01,ATL|CAN|CHA|WHP,WAT,21.0,15.0,15.0,0.0,15.0,6.0,47.0,32,2.0,0.0,0.0,0.0,0.0,0.0,12.0,6.0,1.0,0,0,0,0.0,0.0,1.0,0.5,19.0,175.0,122.0,0.3191489361702128,0.6808510638297872,,,,,0.3157894736842105,0.0,3.5,2.5,2.5,0.0,2.5,1.0,7.833333333333333,5.333333333333333,0.3333333333333333,0.0,0.0,0.0,0.0,0.0,2.0,1.0,0.16666666666666666,0.0,0.0,0.0,0.0,0.0,0.16666666666666666,0.08333333333333333,3.1666666666666665,29.166666666666668,20.333333333333332,3.1666666666666665
2025,003160,Andrew McAdorey,M,Midfield,last_10,10,2025-06-14,2025-09-01,ARC|ATL|CAN|CHA|OUT|WAT|WHP,RED,21.0,15.0,13.0,1.0,14.0,6.0,45.0,25,4.0,0.0,0.0,0.0,0.0,0.0,16.0,17.0,2.0,5,13,18,0.0,0.0,3.0,2.5,23.0,270.0,208.0,0.3111111111111111,0.5555555555555556,0.2777777777777778,,,,0.2608695652173913,0.25,2.1,1.5,1.3,0.1,1.4,0.6,4.5,2.5,0.4,0.0,0.0,0.0,0.0,0.0,1.6,1.7,0.2,0.5,1.3,1.8,0.0,0.0,0.3,0.25,2.3,27.0,20.8,2.3
2025,003161,Sam English,M,Midfield,last_10,4,2025-06-14,2025-07-12,ARC|CHA|OUT|WAT,RED,4.0,3.0,3.0,0.0,3.0,1.0,12.0,8,1.0,0.0,0.0,0.0,0.0,0.0,9.0,8.0,5.0,0,0,0,0.0,0.0,0.0,0.0,4.0,79.0,59.0,0.25,0.6666666666666666,,,,,0.25,0.0,1.0,0.75,0.75,0.0,0.75,0.25,3.0,2.0,0.25,0.0,0.0,0.0,0.0,0.0,2.25,2.0,1.25,0.0,0.0,0.0,0.0,0.0,0.0,0.0,1.0,19.75,14.75,1.0
2025,003162,Coulter Mackesy,A,Attack,last_10,8,2025-06-07,2025-08-09,ARC|ATL|CHA|RED|WAT|WHP,CAN,20.0,15.0,15.0,0.0,15.0,5.0,54.0,35,4.0,0.0,0.0,0.0,0.0,0.0,10.0,11.0,1.0,0,0,0,0.0,0.0,3.0,2.0,15.0,247.0,182.0,0.2777777777777778,0.6481481481481481,,,,,0.3333333333333333,0.0,2.5,1.875,1.875,0.0,1.875,0.625,6.75,4.375,0.5,0.0,0.0,0.0,0.0,0.0,1.25,1.375,0.125,0.0,0.0,0.0,0.0,0.0,0.375,0.25,1.875,30.875,22.75,1.875
2025,003163,Brendan Lavelle,D,Defense,last_10,10,2025-05-31,2025-08-09,ATL|CAN|CHA|OUT|RED|WAT|WHP,ARC,1.0,0.0,0.0,0.0,0.0,1.0,0.0,0,0.0,0.0,0.0,0.0,0.0,0.0,34.0,3.0,6.0,0,0,0,0.0,0.0,2.0,1.5,1.0,83.0,80.0,,,,,,,1.0,,0.1,0.0,0.0,0.0,0.0,0.1,0.0,0.0,0.0,0.0,0.0,0.0,0.0,0.0,3.4,0.3,0.6,0.0,0.0,0.0,0.0,0.0,0.2,0.15,0.1,8.3,8.0,0.1
2025,003164,Matt Traynor,M,Midfield,last_10,10,2025-06-14,2025-09-14,ARC|CAN|OUT|RED|WAT|WHP,ATL,23.0,14.0,14.0,0.0,14.0,9.0,57.0,32,1.0,0.0,0.0,0.0,0.0,0.0,14.0,11.0,2.0,0,0,0,0.0,0.0,0.0,0.0,20.0,190.0,122.0,0.24561403508771928,0.5614035087719298,,,,,0.45,0.0,2.3,1.4,1.4,0.0,1.4,0.9,5.7,3.2,0.1,0.0,0.0,0.0,0.0,0.0,1.4,1.1,0.2,0.0,0.0,0.0,0.0,0.0,0.0,0.0,2.0,19.0,12.2,2.0
2025,003165,Aidan Carroll,A,Attack,last_10,10,2025-06-07,2025-08-23,ATL|CAN|CHA|OUT|RED|WAT,WHP,32.0,24.0,24.0,0.0,24.0,8.0,61.0,48,1.0,0.0,0.0,0.0,0.0,0.0,8.0,14.0,3.0,0,0,0,0.0,0.0,2.0,1.5,17.0,316.0,241.0,0.39344262295081966,0.7868852459016393,,,,,0.47058823529411764,0.0,3.2,2.4,2.4,0.0,2.4,0.8,6.1,4.8,0.1,0.0,0.0,0.0,0.0,0.0,0.8,1.4,0.3,0.0,0.0,0.0,0.0,0.0,0.2,0.15,1.7,31.6,24.1,1.7
2025,003166,Owen Hiltz,A,Attack,last_10,8,2025-06-22,2025-08-24,ARC|CAN|OUT|RED|WAT|WHP,CHA,31.0,18.0,18.0,0.0,18.0,13.0,53.0,38,2.0,0.0,0.0,0.0,0.0,0.0,11.0,16.0,3.0,0,0,0,0.0,0.0,1.0,1.0,23.0,235.0,166.0,0.33962264150943394,0.7169811320754716,,,,,0.5652173913043478,0.0,3.875,2.25,2.25,0.0,2.25,1.625,6.625,4.75,0.25,0.0,0.0,0.0,0.0,0.0,1.375,2.0,0.375,0.0,0.0,0.0,0.0,0.0,0.125,0.125,2.875,29.375,20.75,2.875
2025,003167,Jake Taylor,A,Attack,last_10,9,2025-06-07,2025-08-02,ARC|ATL|CAN|CHA|OUT|RED|WHP,WAT,14.0,11.0,11.0,0.0,11.0,3.0,33.0,25,0.0,0.0,0.0,0.0,0.0,0.0,12.0,9.0,0.0,0,0,0,0.0,0.0,1.0,1.0,5.0,87.0,45.0,0.3333333333333333,0.7575757575757576,,,,,0.6,,1.5555555555555556,1.2222222222222223,1.2222222222222223,0.0,1.2222222222222223,0.3333333333333333,3.6666666666666665,2.7777777777777777,0.0,0.0,0.0,0.0,0.0,0.0,1.3333333333333333,1.0,0.0,0.0,0.0,0.0,0.0,0.0,0.1111111111111111,0.1111111111111111,0.5555555555555556,9.666666666666666,5.0,0.5555555555555556
2025,003168,Chris Kavanagh,A,Attack,last_10,10,2025-06-14,2025-09-01,ARC|ATL|CAN|CHA|OUT|WAT|WHP,RED,34.0,23.0,19.0,2.0,21.0,11.0,78.0,48,9.0,0.0,0.0,0.0,0.0,0.0,18.0,10.0,3.0,0,0,0,0.0,0.0,1.0,2.0,39.0,364.0,276.0,0.2692307692307692,0.6153846153846154,,,,,0.28205128205128205,0.2222222222222222,3.4,2.3,1.9,0.2,2.1,1.1,7.8,4.8,0.9,0.0,0.0,0.0,0.0,0.0,1.8,1.0,0.3,0.0,0.0,0.0,0.0,0.0,0.1,0.2,3.9,36.4,27.6,3.9
2025,003169,Logan McNaney,G,Goalie,last_10,10,2025-06-14,2025-09-14,ARC|ATL|CAN|CHA|RED|WAT|WHP,OUT,0.0,0.0,0.0,0.0,0.0,0.0,2.0,1,2.0,131.0,79.0,52.0,107.0,105.5293884512689,22.0,6.0,4.0,0,0,0,98.0,9.0,0.0,0.0,0.0,201.0,193.0,0.0,0.5,,0.5720524017467249,60.30534351145038,0.34497816593886466,,0.0,0.0,0.0,0.0,0.0,0.0,0.0,0.2,0.1,0.2,13.1,7.9,5.2,10.7,10.55293884512689,2.2,0.6,0.4,0.0,0.0,0.0,9.8,0.9,0.0,0.0,0.0,20.1,19.3,0.0
2025,003170,Mic Kelly,M,Midfield,last_10,5,2025-05-31,2025-07-19,ATL|CHA|OUT|WHP,CAN,5.0,3.0,3.0,0.0,3.0,2.0,24.0,14,1.0,0.0,0.0,0.0,0.0,0.0,3.0,6.0,1.0,0,0,0,0.0,0.0,0.0,0.0,8.0,97.0,67.0,0.125,0.5833333333333334,,,,,0.25,0.0,1.0,0.6,0.6,0.0,0.6,0.4,4.8,2.8,0.2,0.0,0.0,0.0,0.0,0.0,0.6,1.2,0.2,0.0,0.0,0.0,0.0,0.0,0.0,0.0,1.6,19.4,13.4,1.6
2025,003171,Levi Verch,LSM,Long Stick Midfield,last_10,10,2025-06-06,2025-08-24,ARC|CAN|OUT|RED|WAT|WHP,CHA,0.0,0.0,0.0,0.0,0.0,0.0,3.0,1,2.0,0.0,0.0,0.0,0.0,0.0,20.0,4.0,4.0,0,0,0,0.0,0.0,2.0,2.0,1.0,44.0,37.0,0.0,0.3333333333333333,,,,,0.0,0.0,0.0,0.0,0.0,0.0,0.0,0.0,0.3,0.1,0.2,0.0,0.0,0.0,0.0,0.0,2.0,0.4,0.4,0.0,0.0,0.0,0.0,0.0,0.2,0.2,0.1,4.4,3.7,0.1
2025,003172,Max Krevsky,SSDM,Defensive Midfield,last_10,10,2025-06-14,2025-09-14,ARC|CAN|OUT|RED|WAT|WHP,ATL,3.0,1.0,1.0,0.0,1.0,2.0,8.0,4,0.0,0.0,0.0,0.0,0.0,0.0,9.0,7.0,2.0,0,2,2,0.0,0.0,1.0,1.0,2.0,76.0,61.0,0.125,0.5,0.0,,,,1.0,,0.3,0.1,0.1,0.0,0.1,0.2,0.8,0.4,0.0,0.0,0.0,0.0,0.0,0.0,0.9,0.7,0.2,0.0,0.2,0.2,0.0,0.0,0.1,0.1,0.2,7.6,6.1,0.2
2025,003173,Jack McDonald,LSM,Long Stick Midfield,last_10,5,2025-06-22,2025-08-23,CAN|CHA|RED|WAT,WHP,2.0,2.0,2.0,0.0,2.0,0.0,3.0,2,1.0,0.0,0.0,0.0,0.0,0.0,5.0,1.0,1.0,0,0,0,0.0,0.0,0.0,0.0,1.0,19.0,15.0,0.6666666666666666,0.6666666666666666,,,,,0.0,0.0,0.4,0.4,0.4,0.0,0.4,0.0,0.6,0.4,0.2,0.0,0.0,0.0,0.0,0.0,1.0,0.2,0.2,0.0,0.0,0.0,0.0,0.0,0.0,0.0,0.2,3.8,3.0,0.2
2025,003174,Sam King,A,Attack,last_10,10,2025-05-31,2025-08-09,ATL|CAN|CHA|OUT|RED|WAT|WHP,ARC,24.0,14.0,12.0,1.0,13.0,10.0,39.0,22,2.0,0.0,0.0,0.0,0.0,0.0,9.0,20.0,3.0,0,0,0,0.0,0.0,2.0,1.0,26.0,223.0,164.0,0.3333333333333333,0.5641025641025641,,,,,0.38461538461538464,0.5,2.4,1.4,1.2,0.1,1.3,1.0,3.9,2.2,0.2,0.0,0.0,0.0,0.0,0.0,0.9,2.0,0.3,0.0,0.0,0.0,0.0,0.0,0.2,0.1,2.6,22.3,16.4,2.6
2025,003176,Emmet Carroll,G,Goalie,last_10,8,2025-06-07,2025-08-23,ATL|CAN|CHA|OUT|RED|WAT,WHP,0.0,0.0,0.0,0.0,0.0,0.0,3.0,0,3.0,108.0,40.0,68.0,89.0,89.00208405696422,15.0,0.0,2.0,0,0,0,88.0,1.0,0.0,0.0,1.0,136.0,133.0,0.0,0.0,,0.5510204081632653,37.03703703703704,0.20408163265306123,0.0,0.0,0.0,0.0,0.0,0.0,0.0,0.0,0.375,0.0,0.375,13.5,5.0,8.5,11.125,11.125260507120528,1.875,0.0,0.25,0.0,0.0,0.0,11.0,0.125,0.0,0.0,0.125,17.0,16.625,0.125
2025,003178,Michael Grace,LSM,Long Stick Midfield,last_10,10,2025-06-14,2025-09-14,ARC|CAN|OUT|RED|WAT|WHP,ATL,10.0,6.0,2.0,2.0,4.0,4.0,7.0,5,4.0,0.0,0.0,0.0,0.0,0.0,22.0,1.0,7.0,0,0,0,0.0,0.0,2.0,1.5,8.0,69.0,61.0,0.5714285714285714,0.7142857142857143,,,,,0.5,0.5,1.0,0.6,0.2,0.2,0.4,0.4,0.7,0.5,0.4,0.0,0.0,0.0,0.0,0.0,2.2,0.1,0.7,0.0,0.0,0.0,0.0,0.0,0.2,0.15,0.8,6.9,6.1,0.8
2025,003179,Ben Wayer,LSM,Long Stick Midfield,last_10,10,2025-06-14,2025-09-01,ARC|ATL|CAN|CHA|OUT|RED|WHP,WAT,10.0,7.0,1.0,3.0,4.0,3.0,12.0,6,8.0,0.0,0.0,0.0,0.0,0.0,25.0,5.0,7.0,0,0,0,0.0,0.0,2.0,2.0,6.0,75.0,58.0,0.3333333333333333,0.5,,,,,0.5,0.375,1.0,0.7,0.1,0.3,0.4,0.3,1.2,0.6,0.8,0.0,0.0,0.0,0.0,0.0,2.5,0.5,0.7,0.0,0.0,0.0,0.0,0.0,0.2,0.2,0.6,7.5,5.8,0.6
2025,003180,Christian Mazur,SSDM,Defensive Midfield,last_10,10,2025-06-07,2025-08-23,ATL|CAN|CHA|OUT|RED|WAT,WHP,2.0,1.0,1.0,0.0,1.0,1.0,4.0,2,1.0,0.0,0.0,0.0,0.0,0.0,12.0,2.0,4.0,0,1,1,0.0,0.0,0.0,0.0,4.0,68.0,62.0,0.25,0.5,0.0,,,,0.25,0.0,0.2,0.1,0.1,0.0,0.1,0.1,0.4,0.2,0.1,0.0,0.0,0.0,0.0,0.0,1.2,0.2,0.4,0.0,0.1,0.1,0.0,0.0,0.0,0.0,0.4,6.8,6.2,0.4
2025,003181,Jimmy Freehill,D,Defense,last_10,10,2025-06-13,2025-09-01,ARC|ATL|CAN|CHA|OUT|RED|WHP,WAT,6.0,6.0,0.0,3.0,3.0,0.0,8.0,6,8.0,0.0,0.0,0.0,0.0,0.0,16.0,2.0,9.0,0,0,0,0.0,0.0,3.0,3.0,0.0,74.0,64.0,0.375,0.75,,,,,,0.375,0.6,0.6,0.0,0.3,0.3,0.0,0.8,0.6,0.8,0.0,0.0,0.0,0.0,0.0,1.6,0.2,0.9,0.0,0.0,0.0,0.0,0.0,0.3,0.3,0.0,7.4,6.4,0.0
2025,003183,Jack Gray,SSDM,Defensive Midfield,last_10,6,2025-07-19,2025-09-14,ARC|ATL|CAN|CHA|RED,OUT,2.0,1.0,1.0,0.0,1.0,1.0,1.0,1,0.0,0.0,0.0,0.0,0.0,0.0,2.0,1.0,1.0,1,0,1,0.0,0.0,2.0,1.0,1.0,17.0,15.0,1.0,1.0,1.0,,,,1.0,,0.3333333333333333,0.16666666666666666,0.16666666666666666,0.0,0.16666666666666666,0.16666666666666666,0.16666666666666666,0.16666666666666666,0.0,0.0,0.0,0.0,0.0,0.0,0.3333333333333333,0.16666666666666666,0.16666666666666666,0.16666666666666666,0.0,0.16666666666666666,0.0,0.0,0.3333333333333333,0.16666666666666666,0.16666666666666666,2.8333333333333335,2.5,0.16666666666666666
2025,003184,Ben Ramsey,SSDM,Defensive Midfield,last_10,10,2025-05-31,2025-08-09,ARC|ATL|CHA|OUT|RED|WAT|WHP,CAN,6.0,3.0,1.0,1.0,2.0,3.0,5.0,5,1.0,0.0,0.0,0.0,0.0,0.0,26.0,2.0,3.0,0,0,0,0.0,0.0,3.0,1.5,7.0,94.0,87.0,0.4,1.0,,,,,0.42857142857142855,1.0,0.6,0.3,0.1,0.1,0.2,0.3,0.5,0.5,0.1,0.0,0.0,0.0,0.0,0.0,2.6,0.2,0.3,0.0,0.0,0.0,0.0,0.0,0.3,0.15,0.7,9.4,8.7,0.7
2025,003185,Carter Rice,SSDM,Defensive Midfield,last_10,10,2025-06-14,2025-09-01,ARC|ATL|CAN|CHA|OUT|WAT|WHP,RED,0.0,0.0,0.0,0.0,0.0,0.0,0.0,0,0.0,0.0,0.0,0.0,0.0,0.0,15.0,3.0,5.0,0,0,0,0.0,0.0,2.0,1.0,1.0,67.0,64.0,,,,,,,0.0,,0.0,0.0,0.0,0.0,0.0,0.0,0.0,0.0,0.0,0.0,0.0,0.0,0.0,0.0,1.5,0.3,0.5,0.0,0.0,0.0,0.0,0.0,0.2,0.1,0.1,6.7,6.4,0.1
2025,003186,Hugh Kelleher,M,Midfield,last_10,8,2025-06-14,2025-09-14,ARC|CAN|OUT|RED|WAT|WHP,ATL,7.0,6.0,6.0,0.0,6.0,1.0,29.0,13,5.0,0.0,0.0,0.0,0.0,0.0,6.0,4.0,0.0,0,0,0,0.0,0.0,2.0,1.5,4.0,99.0,66.0,0.20689655172413793,0.4482758620689655,,,,,0.25,0.0,0.875,0.75,0.75,0.0,0.75,0.125,3.625,1.625,0.625,0.0,0.0,0.0,0.0,0.0,0.75,0.5,0.0,0.0,0.0,0.0,0.0,0.0,0.25,0.1875,0.5,12.375,8.25,0.5
2025,003188,Bryce Ford,M,Midfield,last_10,3,2025-05-31,2025-08-09,CAN|CHA|WHP,ARC,2.0,2.0,2.0,0.0,2.0,0.0,4.0,3,0.0,0.0,0.0,0.0,0.0,0.0,2.0,1.0,0.0,0,0,0,0.0,0.0,0.0,0.0,2.0,22.0,17.0,0.5,0.75,,,,,0.0,,0.6666666666666666,0.6666666666666666,0.6666666666666666,0.0,0.6666666666666666,0.0,1.3333333333333333,1.0,0.0,0.0,0.0,0.0,0.0,0.0,0.6666666666666666,0.3333333333333333,0.0,0.0,0.0,0.0,0.0,0.0,0.0,0.0,0.6666666666666666,7.333333333333333,5.666666666666667,0.6666666666666666
2025,003190,AJ Pilate,D,Defense,last_10,3,2025-06-22,2025-07-13,ARC|RED|WHP,OUT,0.0,0.0,0.0,0.0,0.0,0.0,1.0,0,0.0,0.0,0.0,0.0,0.0,0.0,4.0,1.0,1.0,0,0,0,0.0,0.0,0.0,0.0,0.0,6.0,4.0,0.0,0.0,,,,,,,0.0,0.0,0.0,0.0,0.0,0.0,0.3333333333333333,0.0,0.0,0.0,0.0,0.0,0.0,0.0,1.3333333333333333,0.3333333333333333,0.3333333333333333,0.0,0.0,0.0,0.0,0.0,0.0,0.0,0.0,2.0,1.3333333333333333,0.0
2025,003192,Jackson Eicher,A,Attack,last_10,10,2025-06-06,2025-08-24,ARC|CAN|OUT|RED|WAT|WHP,CHA,25.0,18.0,16.0,1.0,17.0,7.0,68.0,42,11.0,0.0,0.0,0.0,0.0,0.0,5.0,15.0,0.0,0,0,0,0.0,0.0,1.0,0.5,18.0,221.0,138.0,0.25,0.6176470588235294,,,,,0.3888888888888889,0.09090909090909091,2.5,1.8,1.6,0.1,1.7,0.7,6.8,4.2,1.1,0.0,0.0,0.0,0.0,0.0,0.5,1.5,0.0,0.0,0.0,0.0,0.0,0.0,0.1,0.05,1.8,22.1,13.8,1.8
2025,003193,Kyle Aldridge,SSDM,Defensive Midfield,last_10,2,2025-07-26,2025-08-03,ATL|RED,WHP,0.0,0.0,0.0,0.0,0.0,0.0,0.0,0,0.0,0.0,0.0,0.0,0.0,0.0,4.0,0.0,1.0,0,0,0,0.0,0.0,0.0,0.0,0.0,15.0,15.0,,,,,,,,,0.0,0.0,0.0,0.0,0.0,0.0,0.0,0.0,0.0,0.0,0.0,0.0,0.0,0.0,2.0,0.0,0.5,0.0,0.0,0.0,0.0,0.0,0.0,0.0,0.0,7.5,7.5,0.0
2025,003199,Gannon Matthews,,,last_10,1,2025-06-07,2025-06-07,RED,CHA,1.0,0.0,0.0,0.0,0.0,1.0,1.0,1,0.0,0.0,0.0,0.0,0.0,0.0,0.0,2.0,0.0,0,0,0,0.0,0.0,1.0,0.5,1.0,11.0,8.0,0.0,1.0,,,,,1.0,,1.0,0.0,0.0,0.0,0.0,1.0,1.0,1.0,0.0,0.0,0.0,0.0,0.0,0.0,0.0,2.0,0.0,0.0,0.0,0.0,0.0,0.0,1.0,0.5,1.0,11.0,8.0,1.0
2025,003206,Greg Langermeier,SSDM,Defensive Midfield,last_10,10,2025-06-06,2025-08-24,ARC|CAN|OUT|RED|WAT|WHP,CHA,2.0,0.0,0.0,0.0,0.0,2.0,6.0,0,0.0,0.0,0.0,0.0,0.0,0.0,9.0,5.0,6.0,1,3,4,0.0,0.0,2.0,1.5,5.0,60.0,49.0,0.0,0.0,0.25,,,,0.4,,0.2,0.0,0.0,0.0,0.0,0.2,0.6,0.0,0.0,0.0,0.0,0.0,0.0,0.0,0.9,0.5,0.6,0.1,0.3,0.4,0.0,0.0,0.2,0.15,0.5,6.0,4.9,0.5
2025,003208,Max Merklinger,A,Attack,last_10,2,2025-06-28,2025-07-27,ATL|OUT,ARC,0.0,0.0,0.0,0.0,0.0,0.0,4.0,2,1.0,0.0,0.0,0.0,0.0,0.0,1.0,2.0,0.0,0,0,0,0.0,0.0,0.0,0.0,1.0,22.0,16.0,0.0,0.5,,,,,0.0,0.0,0.0,0.0,0.0,0.0,0.0,0.0,2.0,1.0,0.5,0.0,0.0,0.0,0.0,0.0,0.5,1.0,0.0,0.0,0.0,0.0,0.0,0.0,0.0,0.0,0.5,11.0,8.0,0.5
2025,003209,Michael Lampert,A,Attack,last_10,3,2025-06-13,2025-07-12,ARC|ATL|CAN,WAT,1.0,0.0,0.0,0.0,0.0,1.0,3.0,2,0.0,0.0,0.0,0.0,0.0,0.0,0.0,4.0,0.0,0,0,0,0.0,0.0,0.0,0.0,2.0,20.0,13.0,0.0,0.6666666666666666,,,,,0.5,,0.3333333333333333,0.0,0.0,0.0,0.0,0.3333333333333333,1.0,0.6666666666666666,0.0,0.0,0.0,0.0,0.0,0.0,0.0,1.3333333333333333,0.0,0.0,0.0,0.0,0.0,0.0,0.0,0.0,0.6666666666666666,6.666666666666667,4.333333333333333,0.6666666666666666
2025,003211,Josh Balcarcel,M,Midfield,last_10,10,2025-06-14,2025-09-01,ARC|ATL|CAN|CHA|OUT|WAT|WHP,RED,5.0,4.0,4.0,0.0,4.0,1.0,17.0,15,1.0,0.0,0.0,0.0,0.0,0.0,4.0,6.0,0.0,0,0,0,0.0,0.0,2.0,1.0,6.0,148.0,125.0,0.23529411764705882,0.8823529411764706,,,,,0.16666666666666666,0.0,0.5,0.4,0.4,0.0,0.4,0.1,1.7,1.5,0.1,0.0,0.0,0.0,0.0,0.0,0.4,0.6,0.0,0.0,0.0,0.0,0.0,0.0,0.2,0.1,0.6,14.8,12.5,0.6
2025,003212,Ray Dearth,SSDM,Defensive Midfield,last_10,9,2025-05-30,2025-08-24,ARC|ATL|CAN|OUT|RED|WAT,CHA,5.0,3.0,1.0,1.0,2.0,2.0,4.0,3,1.0,0.0,0.0,0.0,0.0,0.0,10.0,1.0,2.0,0,4,4,0.0,0.0,1.0,0.5,5.0,49.0,44.0,0.5,0.75,0.0,,,,0.4,1.0,0.5555555555555556,0.3333333333333333,0.1111111111111111,0.1111111111111111,0.2222222222222222,0.2222222222222222,0.4444444444444444,0.3333333333333333,0.1111111111111111,0.0,0.0,0.0,0.0,0.0,1.1111111111111112,0.1111111111111111,0.2222222222222222,0.0,0.4444444444444444,0.4444444444444444,0.0,0.0,0.1111111111111111,0.05555555555555555,0.5555555555555556,5.444444444444445,4.888888888888889,0.5555555555555556
2025,003220,Dylan Renner,,,last_10,1,2025-05-31,2025-05-31,WHP,ARC,0.0,0.0,0.0,0.0,0.0,0.0,0.0,0,0.0,0.0,0.0,0.0,0.0,0.0,0.0,0.0,0.0,0,0,0,0.0,0.0,0.0,0.0,0.0,1.0,1.0,,,,,,,,,0.0,0.0,0.0,0.0,0.0,0.0,0.0,0.0,0.0,0.0,0.0,0.0,0.0,0.0,0.0,0.0,0.0,0.0,0.0,0.0,0.0,0.0,0.0,0.0,0.0,1.0,1.0,0.0
2026,000216,Marcus Holman,A,Attack,last_10,10,2026-06-07,2026-08-30,ARC|ATL|CHA|OUT|RED|WAT|WHP,CAN,32.0,27.0,15.0,6.0,21.0,5.0,68.0,49,19.0,0.0,0.0,0.0,0.0,0.0,17.0,12.0,4.0,0,0,0,0.0,0.0,4.0,3.5,30.0,407.0,327.0,0.3088235294117647,0.7205882352941176,,,,,0.16666666666666666,0.3157894736842105,3.2,2.7,1.5,0.6,2.1,0.5,6.8,4.9,1.9,0.0,0.0,0.0,0.0,0.0,1.7,1.2,0.4,0.0,0.0,0.0,0.0,0.0,0.4,0.35,3.0,40.7,32.7,3.0
2026,000221,Ryan Ambler,M,Midfield,last_10,10,2026-05-30,2026-08-08,ATL|CAN|CHA|OUT|RED|WAT|WHP,ARC,7.0,3.0,3.0,0.0,3.0,4.0,20.0,10,0.0,0.0,0.0,0.0,0.0,0.0,7.0,15.0,1.0,0,0,0,0.0,0.0,1.0,1.0,12.0,161.0,126.0,0.15,0.5,,,,,0.3333333333333333,,0.7,0.3,0.3,0.0,0.3,0.4,2.0,1.0,0.0,0.0,0.0,0.0,0.0,0.0,0.7,1.5,0.1,0.0,0.0,0.0,0.0,0.0,0.1,0.1,1.2,16.1,12.6,1.2
2026,000240,Kieran McArdle,A,Attack,last_10,10,2026-05-31,2026-08-16,ARC|ATL|CAN|CHA|OUT|RED|WHP,WAT,20.0,9.0,9.0,0.0,9.0,11.0,33.0,21,0.0,0.0,0.0,0.0,0.0,0.0,10.0,17.0,1.0,0,0,0,0.0,0.0,2.0,2.0,23.0,213.0,163.0,0.2727272727272727,0.6363636363636364,,,,,0.4782608695652174,,2.0,0.9,0.9,0.0,0.9,1.1,3.3,2.1,0.0,0.0,0.0,0.0,0.0,0.0,1.0,1.7,0.1,0.0,0.0,0.0,0.0,0.0,0.2,0.2,2.3,21.3,16.3,2.3
2026,000242,Kyle Hartzell,LSM,Long Stick Midfield,last_10,3,2026-06-28,2026-07-31,CHA|WAT,RED,0.0,0.0,0.0,0.0,0.0,0.0,3.0,2,2.0,0.0,0.0,0.0,0.0,0.0,5.0,0.0,1.0,0,0,0,0.0,0.0,0.0,0.0,0.0,24.0,21.0,0.0,0.6666666666666666,,,,,,0.0,0.0,0.0,0.0,0.0,0.0,0.0,1.0,0.6666666666666666,0.6666666666666666,0.0,0.0,0.0,0.0,0.0,1.6666666666666667,0.0,0.3333333333333333,0.0,0.0,0.0,0.0,0.0,0.0,0.0,0.0,8.0,7.0,0.0
2026,000254,Trevor Baptiste,FO,Faceoff,last_10,7,2026-05-30,2026-08-15,CAN|OUT|RED|WAT,ATL,0.0,0.0,0.0,0.0,0.0,0.0,8.0,4,1.0,0.0,0.0,0.0,0.0,0.0,54.0,7.0,0.0,94,81,177,0.0,0.0,3.0,1.5,1.0,61.0,46.0,0.0,0.5,0.5310734463276836,,,,0.0,0.0,0.0,0.0,0.0,0.0,0.0,0.0,1.1428571428571428,0.5714285714285714,0.14285714285714285,0.0,0.0,0.0,0.0,0.0,7.714285714285714,1.0,0.0,13.428571428571429,11.571428571428571,25.285714285714285,0.0,0.0,0.42857142857142855,0.21428571428571427,0.14285714285714285,8.714285714285714,6.571428571428571,0.14285714285714285
2026,000258,Blaze Riorden,G,Goalie,last_10,10,2026-05-31,2026-08-08,ARC|CAN|OUT|RED|WAT|WHP,CHA,0.0,0.0,0.0,0.0,0.0,0.0,2.0,1,2.0,134.0,42.0,92.0,121.0,127.74509885970974,22.0,2.0,6.0,0,0,0,117.0,4.0,0.0,0.0,2.0,172.0,168.0,0.0,0.5,,0.5338645418326693,31.343283582089555,0.16733067729083664,0.0,0.0,0.0,0.0,0.0,0.0,0.0,0.0,0.2,0.1,0.2,13.4,4.2,9.2,12.1,12.774509885970975,2.2,0.2,0.6,0.0,0.0,0.0,11.7,0.4,0.0,0.0,0.2,17.2,16.8,0.2
2026,000262,Connor Fields,A,Attack,last_10,10,2026-05-30,2026-08-08,ATL|CAN|CHA|OUT|RED|WAT|WHP,ARC,29.0,20.0,20.0,0.0,20.0,9.0,67.0,44,0.0,0.0,0.0,0.0,0.0,0.0,19.0,22.0,1.0,0,0,0,0.0,0.0,1.0,1.0,31.0,296.0,207.0,0.29850746268656714,0.6567164179104478,,,,,0.2903225806451613,,2.9,2.0,2.0,0.0,2.0,0.9,6.7,4.4,0.0,0.0,0.0,0.0,0.0,0.0,1.9,2.2,0.1,0.0,0.0,0.0,0.0,0.0,0.1,0.1,3.1,29.6,20.7,3.1
2026,000269,Jarrod Neumann,D,Defense,last_10,10,2026-05-31,2026-08-08,ARC|CAN|OUT|RED|WAT|WHP,CHA,0.0,0.0,0.0,0.0,0.0,0.0,6.0,3,5.0,0.0,0.0,0.0,0.0,0.0,11.0,5.0,5.0,0,0,0,0.0,0.0,5.0,6.0,0.0,60.0,49.0,0.0,0.5,,,,,,0.0,0.0,0.0,0.0,0.0,0.0,0.0,0.6,0.3,0.5,0.0,0.0,0.0,0.0,0.0,1.1,0.5,0.5,0.0,0.0,0.0,0.0,0.0,0.5,0.6,0.0,6.0,4.9,0.0
2026,000275,Mark Glicini,SSDM,Defensive Midfield,last_10,1,2026-05-09,2026-05-09,ATL,CHA,0.0,0.0,0.0,0.0,0.0,0.0,0.0,0,0.0,0.0,0.0,0.0,0.0,0.0,1.0,0.0,0.0,1,2,3,0.0,0.0,0.0,0.0,0.0,2.0,2.0,,,0.3333333333333333,,,,,,0.0,0.0,0.0,0.0,0.0,0.0,0.0,0.0,0.0,0.0,0.0,0.0,0.0,0.0,1.0,0.0,0.0,1.0,2.0,3.0,0.0,0.0,0.0,0.0,0.0,2.0,2.0,0.0
2026,000281,Troy Reh,LSM,Long Stick Midfield,last_10,10,2026-05-31,2026-08-08,ARC|CAN|OUT|RED|WAT|WHP,CHA,0.0,0.0,0.0,0.0,0.0,0.0,1.0,1,1.0,0.0,0.0,0.0,0.0,0.0,34.0,2.0,10.0,0,0,0,0.0,0.0,1.0,0.5,0.0,76.0,73.0,0.0,1.0,,,,,,0.0,0.0,0.0,0.0,0.0,0.0,0.0,0.1,0.1,0.1,0.0,0.0,0.0,0.0,0.0,3.4,0.2,1.0,0.0,0.0,0.0,0.0,0.0,0.1,0.05,0.0,7.6,7.3,0.0
2026,000302,Michael Manley,D,Defense,last_10,10,2026-05-30,2026-08-29,ARC|ATL|CAN|CHA|RED|WAT|WHP,OUT,0.0,0.0,0.0,0.0,0.0,0.0,5.0,2,3.0,0.0,0.0,0.0,0.0,0.0,19.0,5.0,9.0,0,0,0,0.0,0.0,1.0,0.5,0.0,66.0,56.0,0.0,0.4,,,,,,0.0,0.0,0.0,0.0,0.0,0.0,0.0,0.5,0.2,0.3,0.0,0.0,0.0,0.0,0.0,1.9,0.5,0.9,0.0,0.0,0.0,0.0,0.0,0.1,0.05,0.0,6.6,5.6,0.0
2026,000305,Romar Dennis,M,Midfield,last_10,2,2026-05-09,2026-05-16,ARC|OUT,RED,0.0,0.0,0.0,0.0,0.0,0.0,7.0,3,5.0,0.0,0.0,0.0,0.0,0.0,1.0,0.0,0.0,0,0,0,0.0,0.0,0.0,0.0,1.0,21.0,14.0,0.0,0.42857142857142855,,,,,0.0,0.0,0.0,0.0,0.0,0.0,0.0,0.0,3.5,1.5,2.5,0.0,0.0,0.0,0.0,0.0,0.5,0.0,0.0,0.0,0.0,0.0,0.0,0.0,0.0,0.0,0.5,10.5,7.0,0.5
2026,000339,Connor Kelly,M,Midfield,last_10,5,2026-05-09,2026-07-18,ARC|CAN|CHA|WHP,WAT,7.0,7.0,1.0,3.0,4.0,0.0,27.0,13,15.0,0.0,0.0,0.0,0.0,0.0,2.0,8.0,1.0,0,0,0,0.0,0.0,0.0,0.0,4.0,129.0,94.0,0.14814814814814814,0.48148148148148145,,,,,0.0,0.2,1.4,1.4,0.2,0.6,0.8,0.0,5.4,2.6,3.0,0.0,0.0,0.0,0.0,0.0,0.4,1.6,0.2,0.0,0.0,0.0,0.0,0.0,0.0,0.0,0.8,25.8,18.8,0.8
2026,000345,Jake Bernhardt,SSDM,Defensive Midfield,last_10,2,2026-05-09,2026-05-16,ATL|WAT,WHP,0.0,0.0,0.0,0.0,0.0,0.0,1.0,0,0.0,0.0,0.0,0.0,0.0,0.0,2.0,2.0,1.0,0,3,3,0.0,0.0,0.0,0.0,0.0,12.0,9.0,0.0,0.0,0.0,,,,,,0.0,0.0,0.0,0.0,0.0,0.0,0.5,0.0,0.0,0.0,0.0,0.0,0.0,0.0,1.0,1.0,0.5,0.0,1.5,1.5,0.0,0.0,0.0,0.0,0.0,6.0,4.5,0.0
2026,000354,Matt Rambo,A,Attack,last_10,6,2026-05-09,2026-07-19,ARC|CAN|RED|WAT|WHP,ATL|WHP,5.0,3.0,3.0,0.0,3.0,2.0,16.0,8,0.0,0.0,0.0,0.0,0.0,0.0,9.0,7.0,1.0,0,0,0,0.0,0.0,0.0,0.0,8.0,110.0,87.0,0.1875,0.5,,,,,0.25,,0.8333333333333334,0.5,0.5,0.0,0.5,0.3333333333333333,2.6666666666666665,1.3333333333333333,0.0,0.0,0.0,0.0,0.0,0.0,1.5,1.1666666666666667,0.16666666666666666,0.0,0.0,0.0,0.0,0.0,0.0,0.0,1.3333333333333333,18.333333333333332,14.5,1.3333333333333333
2026,000355,Matthew Dunn,D,Defense,last_10,10,2026-05-30,2026-08-30,ARC|ATL|CAN|CHA|OUT|RED|WAT,WHP,2.0,1.0,1.0,0.0,1.0,1.0,3.0,2,2.0,0.0,0.0,0.0,0.0,0.0,11.0,3.0,7.0,0,0,0,0.0,0.0,2.0,2.0,2.0,75.0,69.0,0.3333333333333333,0.6666666666666666,,,,,0.5,0.0,0.2,0.1,0.1,0.0,0.1,0.1,0.3,0.2,0.2,0.0,0.0,0.0,0.0,0.0,1.1,0.3,0.7,0.0,0.0,0.0,0.0,0.0,0.2,0.2,0.2,7.5,6.9,0.2
2026,000359,Tim Muller,D,Defense,last_10,10,2026-05-30,2026-08-30,ARC|ATL|CAN|CHA|OUT|RED|WAT,WHP,0.0,0.0,0.0,0.0,0.0,0.0,0.0,0,0.0,0.0,0.0,0.0,0.0,0.0,13.0,2.0,11.0,0,0,0,0.0,0.0,0.0,0.0,0.0,88.0,86.0,,,,,,,,,0.0,0.0,0.0,0.0,0.0,0.0,0.0,0.0,0.0,0.0,0.0,0.0,0.0,0.0,1.3,0.2,1.1,0.0,0.0,0.0,0.0,0.0,0.0,0.0,0.0,8.8,8.6,0.0
2026,000365,Jack Rowlett,D,Defense,last_10,6,2026-05-09,2026-07-18,ARC|ATL|CAN|OUT|RED,CHA,0.0,0.0,0.0,0.0,0.0,0.0,3.0,1,3.0,0.0,0.0,0.0,0.0,0.0,4.0,2.0,2.0,0,0,0,0.0,0.0,3.0,2.5,0.0,34.0,29.0,0.0,0.3333333333333333,,,,,,0.0,0.0,0.0,0.0,0.0,0.0,0.0,0.5,0.16666666666666666,0.5,0.0,0.0,0.0,0.0,0.0,0.6666666666666666,0.3333333333333333,0.3333333333333333,0.0,0.0,0.0,0.0,0.0,0.5,0.4166666666666667,0.0,5.666666666666667,4.833333333333333,0.0
2026,000366,Connor Farrell,FO,Faceoff,last_10,5,2026-05-09,2026-06-28,ARC|CAN|CHA|WHP,WAT,0.0,0.0,0.0,0.0,0.0,0.0,1.0,1,0.0,0.0,0.0,0.0,0.0,0.0,33.0,4.0,0.0,57,61,119,0.0,0.0,0.0,0.0,0.0,24.0,19.0,0.0,1.0,0.4789915966386555,,,,,,0.0,0.0,0.0,0.0,0.0,0.0,0.2,0.2,0.0,0.0,0.0,0.0,0.0,0.0,6.6,0.8,0.0,11.4,12.2,23.8,0.0,0.0,0.0,0.0,0.0,4.8,3.8,0.0
2026,000370,Tim Troutner,G,Goalie,last_10,2,2026-07-26,2026-08-01,CHA|OUT,WAT,0.0,0.0,0.0,0.0,0.0,0.0,0.0,0,0.0,0.0,0.0,0.0,2.0,31.8232044198895,0.0,0.0,0.0,0,0,0,1.0,1.0,0.0,0.0,0.0,2.0,2.0,,,,0.0,,0.0,,,0.0,0.0,0.0,0.0,0.0,0.0,0.0,0.0,0.0,0.0,0.0,0.0,1.0,15.91160220994475,0.0,0.0,0.0,0.0,0.0,0.0,0.5,0.5,0.0,0.0,0.0,1.0,1.0,0.0
2026,000373,Ryder Garnsey,M,Midfield,last_10,10,2026-06-20,2026-08-29,ARC|ATL|CAN|CHA|OUT|WAT|WHP,RED,29.0,18.0,18.0,0.0,18.0,11.0,50.0,35,1.0,0.0,0.0,0.0,0.0,0.0,20.0,24.0,2.0,0,0,0,0.0,0.0,2.0,1.0,30.0,295.0,221.0,0.36,0.7,,,,,0.36666666666666664,0.0,2.9,1.8,1.8,0.0,1.8,1.1,5.0,3.5,0.1,0.0,0.0,0.0,0.0,0.0,2.0,2.4,0.2,0.0,0.0,0.0,0.0,0.0,0.2,0.1,3.0,29.5,22.1,3.0
2026,000390,Brad Smith,M,Midfield,last_10,2,2026-05-09,2026-05-16,ATL|WAT,WHP,2.0,2.0,0.0,1.0,1.0,0.0,5.0,3,4.0,0.0,0.0,0.0,0.0,0.0,4.0,2.0,0.0,0,0,0,0.0,0.0,0.0,0.0,0.0,26.0,19.0,0.2,0.6,,,,,,0.25,1.0,1.0,0.0,0.5,0.5,0.0,2.5,1.5,2.0,0.0,0.0,0.0,0.0,0.0,2.0,1.0,0.0,0.0,0.0,0.0,0.0,0.0,0.0,0.0,0.0,13.0,9.5,0.0
2026,000395,Bryan Costabile,M,Midfield,last_10,10,2026-05-16,2026-08-15,ARC|CAN|OUT|RED|WAT|WHP,ATL,22.0,18.0,6.0,6.0,12.0,4.0,52.0,28,25.0,0.0,0.0,0.0,0.0,0.0,11.0,21.0,2.0,0,1,1,0.0,0.0,2.0,2.0,20.0,282.0,209.0,0.23076923076923078,0.5384615384615384,0.0,,,,0.2,0.24,2.2,1.8,0.6,0.6,1.2,0.4,5.2,2.8,2.5,0.0,0.0,0.0,0.0,0.0,1.1,2.1,0.2,0.0,0.1,0.1,0.0,0.0,0.2,0.2,2.0,28.2,20.9,2.0
2026,000408,Matt DeLuca,G,Goalie,last_10,9,2026-05-09,2026-08-16,ARC|ATL|CAN|CHA|RED|WHP,WAT,0.0,0.0,0.0,0.0,0.0,0.0,2.0,0,2.0,84.0,25.0,59.0,78.0,91.81387072162858,12.0,3.0,0.0,0,0,0,73.0,5.0,0.0,0.0,0.0,99.0,94.0,0.0,0.0,,0.535031847133758,29.761904761904763,0.1592356687898089,,0.0,0.0,0.0,0.0,0.0,0.0,0.0,0.2222222222222222,0.0,0.2222222222222222,9.333333333333334,2.7777777777777777,6.555555555555555,8.666666666666666,10.201541191292064,1.3333333333333333,0.3333333333333333,0.0,0.0,0.0,0.0,8.11111111111111,0.5555555555555556,0.0,0.0,0.0,11.0,10.444444444444445,0.0
2026,000409,Zach Currier,M,Midfield,last_10,10,2026-05-31,2026-08-16,ARC|ATL|CAN|CHA|OUT|RED|WHP,WAT,13.0,2.0,2.0,0.0,2.0,11.0,7.0,6,1.0,0.0,0.0,0.0,0.0,0.0,62.0,4.0,7.0,4,7,11,0.0,0.0,2.0,1.5,26.0,164.0,153.0,0.2857142857142857,0.8571428571428571,0.36363636363636365,,,,0.4230769230769231,0.0,1.3,0.2,0.2,0.0,0.2,1.1,0.7,0.6,0.1,0.0,0.0,0.0,0.0,0.0,6.2,0.4,0.7,0.4,0.7,1.1,0.0,0.0,0.2,0.15,2.6,16.4,15.3,2.6
2026,000410,Eli Gobrecht,SSDM,Defensive Midfield,last_10,10,2026-05-30,2026-08-15,ARC|CAN|OUT|RED|WAT|WHP,ATL,2.0,2.0,2.0,0.0,2.0,0.0,4.0,2,0.0,0.0,0.0,0.0,0.0,0.0,15.0,4.0,8.0,0,2,2,0.0,0.0,2.0,2.5,2.0,39.0,31.0,0.5,0.5,0.0,,,,0.0,,0.2,0.2,0.2,0.0,0.2,0.0,0.4,0.2,0.0,0.0,0.0,0.0,0.0,0.0,1.5,0.4,0.8,0.0,0.2,0.2,0.0,0.0,0.2,0.25,0.2,3.9,3.1,0.2
2026,000414,Rob Pannell,A,Attack,last_10,10,2026-05-30,2026-08-30,ARC|ATL|CAN|CHA|OUT|RED|WAT,WHP,27.0,12.0,12.0,0.0,12.0,15.0,59.0,32,1.0,0.0,0.0,0.0,0.0,0.0,15.0,21.0,1.0,0,0,0,0.0,0.0,2.0,1.5,34.0,287.0,207.0,0.2033898305084746,0.5423728813559322,,,,,0.4411764705882353,0.0,2.7,1.2,1.2,0.0,1.2,1.5,5.9,3.2,0.1,0.0,0.0,0.0,0.0,0.0,1.5,2.1,0.1,0.0,0.0,0.0,0.0,0.0,0.2,0.15,3.4,28.7,20.7,3.4
2026,000418,Dillon Ward,G,Goalie,last_10,10,2026-06-20,2026-08-29,ARC|ATL|CAN|CHA|OUT|WAT|WHP,RED,0.0,0.0,0.0,0.0,0.0,0.0,1.0,1,1.0,103.0,29.0,74.0,118.0,149.81726960101844,7.0,2.0,1.0,0,0,0,109.0,9.0,1.0,1.0,0.0,105.0,102.0,0.0,1.0,,0.4858490566037736,28.155339805825243,0.13679245283018868,,0.0,0.0,0.0,0.0,0.0,0.0,0.0,0.1,0.1,0.1,10.3,2.9,7.4,11.8,14.981726960101843,0.7,0.2,0.1,0.0,0.0,0.0,10.9,0.9,0.1,0.1,0.0,10.5,10.2,0.0
2026,000419,Zed Williams,M,Midfield,last_10,2,2026-05-09,2026-05-17,CAN|WHP,WAT,2.0,2.0,0.0,1.0,1.0,0.0,5.0,4,2.0,0.0,0.0,0.0,0.0,0.0,1.0,3.0,0.0,0,0,0,0.0,0.0,0.0,0.0,0.0,43.0,35.0,0.2,0.8,,,,,,0.5,1.0,1.0,0.0,0.5,0.5,0.0,2.5,2.0,1.0,0.0,0.0,0.0,0.0,0.0,0.5,1.5,0.0,0.0,0.0,0.0,0.0,0.0,0.0,0.0,0.0,21.5,17.5,0.0
2026,000815,Austin Kaut,G,Goalie,last_10,4,2026-05-09,2026-07-18,ATL|CAN|OUT|WHP,CHA,0.0,0.0,0.0,0.0,0.0,0.0,2.0,1,2.0,24.0,11.0,13.0,23.0,31.759999999999998,3.0,2.0,0.0,0,0,0,19.0,4.0,0.0,0.0,0.0,33.0,29.0,0.0,0.5,,0.5581395348837209,45.83333333333333,0.2558139534883721,,0.0,0.0,0.0,0.0,0.0,0.0,0.0,0.5,0.25,0.5,6.0,2.75,3.25,5.75,7.9399999999999995,0.75,0.5,0.0,0.0,0.0,0.0,4.75,1.0,0.0,0.0,0.0,8.25,7.25,0.0
2026,000925,Liam Byrnes,D,Defense,last_10,5,2026-05-09,2026-06-06,ARC|ATL|CAN|OUT|WAT,CHA,0.0,0.0,0.0,0.0,0.0,0.0,0.0,0,0.0,0.0,0.0,0.0,0.0,0.0,9.0,2.0,6.0,0,0,0,0.0,0.0,0.0,0.0,2.0,38.0,36.0,,,,,,,0.0,,0.0,0.0,0.0,0.0,0.0,0.0,0.0,0.0,0.0,0.0,0.0,0.0,0.0,0.0,1.8,0.4,1.2,0.0,0.0,0.0,0.0,0.0,0.0,0.0,0.4,7.6,7.2,0.4
2026,000978,Kyle Jackson,M,Midfield,last_10,1,2026-05-09,2026-05-09,CHA,ATL,0.0,0.0,0.0,0.0,0.0,0.0,1.0,1,0.0,0.0,0.0,0.0,0.0,0.0,0.0,2.0,0.0,0,0,0,0.0,0.0,0.0,0.0,0.0,10.0,7.0,0.0,1.0,,,,,,,0.0,0.0,0.0,0.0,0.0,0.0,1.0,1.0,0.0,0.0,0.0,0.0,0.0,0.0,0.0,2.0,0.0,0.0,0.0,0.0,0.0,0.0,0.0,0.0,0.0,10.0,7.0,0.0
2026,001001,Dylan Molloy,A,Attack,last_10,10,2026-06-20,2026-08-29,ARC|ATL|CAN|CHA|OUT|WAT|WHP,RED,33.0,28.0,28.0,0.0,28.0,5.0,79.0,54,2.0,0.0,0.0,0.0,0.0,0.0,13.0,24.0,3.0,0,0,0,0.0,0.0,0.0,0.0,15.0,260.0,157.0,0.35443037974683544,0.6835443037974683,,,,,0.3333333333333333,0.0,3.3,2.8,2.8,0.0,2.8,0.5,7.9,5.4,0.2,0.0,0.0,0.0,0.0,0.0,1.3,2.4,0.3,0.0,0.0,0.0,0.0,0.0,0.0,0.0,1.5,26.0,15.7,1.5
2026,001009,Colin Heacock,M,Midfield,last_10,10,2026-05-30,2026-08-30,ARC|ATL|CAN|CHA|OUT|RED|WAT,WHP,7.0,5.0,5.0,0.0,5.0,2.0,28.0,16,3.0,0.0,0.0,0.0,0.0,0.0,4.0,5.0,1.0,0,0,0,0.0,0.0,1.0,1.0,5.0,114.0,81.0,0.17857142857142858,0.5714285714285714,,,,,0.4,0.0,0.7,0.5,0.5,0.0,0.5,0.2,2.8,1.6,0.3,0.0,0.0,0.0,0.0,0.0,0.4,0.5,0.1,0.0,0.0,0.0,0.0,0.0,0.1,0.1,0.5,11.4,8.1,0.5
2026,001391,Mikie Schlosser,M,Midfield,last_10,1,2026-05-09,2026-05-09,ARC,OUT,0.0,0.0,0.0,0.0,0.0,0.0,1.0,0,0.0,0.0,0.0,0.0,0.0,0.0,0.0,0.0,0.0,0,0,0,0.0,0.0,0.0,0.0,0.0,4.0,3.0,0.0,0.0,,,,,,,0.0,0.0,0.0,0.0,0.0,0.0,1.0,0.0,0.0,0.0,0.0,0.0,0.0,0.0,0.0,0.0,0.0,0.0,0.0,0.0,0.0,0.0,0.0,0.0,0.0,4.0,3.0,0.0
2026,001397,Michael Rexrode,D,Defense,last_10,10,2026-05-30,2026-08-15,ARC|CAN|OUT|RED|WAT|WHP,ATL,0.0,0.0,0.0,0.0,0.0,0.0,2.0,0,2.0,0.0,0.0,0.0,0.0,0.0,9.0,0.0,13.0,0,0,0,0.0,0.0,5.0,4.5,3.0,59.0,57.0,0.0,0.0,,,,,0.0,0.0,0.0,0.0,0.0,0.0,0.0,0.0,0.2,0.0,0.2,0.0,0.0,0.0,0.0,0.0,0.9,0.0,1.3,0.0,0.0,0.0,0.0,0.0,0.5,0.45,0.3,5.9,5.7,0.3
2026,001406,Ben Randall,D,Defense,last_10,10,2026-05-16,2026-08-29,ARC|ATL|CAN|CHA|RED|WAT|WHP,OUT,0.0,0.0,0.0,0.0,0.0,0.0,1.0,1,0.0,0.0,0.0,0.0,0.0,0.0,23.0,3.0,11.0,0,0,0,0.0,0.0,2.0,1.5,1.0,59.0,55.0,0.0,1.0,,,,,0.0,,0.0,0.0,0.0,0.0,0.0,0.0,0.1,0.1,0.0,0.0,0.0,0.0,0.0,0.0,2.3,0.3,1.1,0.0,0.0,0.0,0.0,0.0,0.2,0.15,0.1,5.9,5.5,0.1
2026,001415,Greg Weyl,LSM,Long Stick Midfield,last_10,10,2026-05-09,2026-08-16,ARC|ATL|CHA|RED|WHP,OUT,0.0,0.0,0.0,0.0,0.0,0.0,4.0,0,2.0,0.0,0.0,0.0,0.0,0.0,14.0,1.0,8.0,0,0,0,0.0,0.0,2.0,1.5,0.0,26.0,21.0,0.0,0.0,,,,,,0.0,0.0,0.0,0.0,0.0,0.0,0.0,0.4,0.0,0.2,0.0,0.0,0.0,0.0,0.0,1.4,0.1,0.8,0.0,0.0,0.0,0.0,0.0,0.2,0.15,0.0,2.6,2.1,0.0
2026,001661,Warren Jeffrey,D,Defense,last_10,10,2026-05-30,2026-08-08,ATL|CAN|CHA|OUT|RED|WAT|WHP,ARC,0.0,0.0,0.0,0.0,0.0,0.0,0.0,0,0.0,0.0,0.0,0.0,0.0,0.0,12.0,1.0,2.0,0,0,0,0.0,0.0,6.0,4.0,0.0,49.0,48.0,,,,,,,,,0.0,0.0,0.0,0.0,0.0,0.0,0.0,0.0,0.0,0.0,0.0,0.0,0.0,0.0,1.2,0.1,0.2,0.0,0.0,0.0,0.0,0.0,0.6,0.4,0.0,4.9,4.8,0.0
2026,001671,Zach Goodrich,SSDM,Defensive Midfield,last_10,10,2026-06-07,2026-08-30,ARC|ATL|CHA|OUT|RED|WAT|WHP,CAN,1.0,0.0,0.0,0.0,0.0,1.0,0.0,0,0.0,0.0,0.0,0.0,0.0,0.0,2.0,3.0,5.0,0,0,0,0.0,0.0,9.0,6.0,4.0,32.0,29.0,,,,,,,0.25,,0.1,0.0,0.0,0.0,0.0,0.1,0.0,0.0,0.0,0.0,0.0,0.0,0.0,0.0,0.2,0.3,0.5,0.0,0.0,0.0,0.0,0.0,0.9,0.6,0.4,3.2,2.9,0.4
2026,001707,Matt Whitcher,SSDM,Defensive Midfield,last_10,10,2026-05-31,2026-08-16,ARC|ATL|CAN|CHA|OUT|RED|WHP,WAT,3.0,1.0,1.0,0.0,1.0,2.0,7.0,5,2.0,0.0,0.0,0.0,0.0,0.0,13.0,3.0,6.0,0,1,1,0.0,0.0,3.0,1.5,3.0,77.0,67.0,0.14285714285714285,0.7142857142857143,0.0,,,,0.6666666666666666,0.0,0.3,0.1,0.1,0.0,0.1,0.2,0.7,0.5,0.2,0.0,0.0,0.0,0.0,0.0,1.3,0.3,0.6,0.0,0.1,0.1,0.0,0.0,0.3,0.15,0.3,7.7,6.7,0.3
2026,001729,Chris Aslanian,M,Midfield,last_10,5,2026-05-09,2026-08-01,ARC|ATL|CAN|RED|WAT,CHA,5.0,4.0,2.0,1.0,3.0,1.0,14.0,10,6.0,0.0,0.0,0.0,0.0,0.0,2.0,3.0,0.0,0,0,0,0.0,0.0,0.0,0.0,3.0,83.0,66.0,0.21428571428571427,0.7142857142857143,,,,,0.3333333333333333,0.16666666666666666,1.0,0.8,0.4,0.2,0.6,0.2,2.8,2.0,1.2,0.0,0.0,0.0,0.0,0.0,0.4,0.6,0.0,0.0,0.0,0.0,0.0,0.0,0.0,0.0,0.6,16.6,13.2,0.6
2026,001733,Charlie Hayes,SSDM,Defensive Midfield,last_10,10,2026-05-09,2026-08-16,ARC|ATL|CAN|CHA|RED|WHP,WAT,0.0,0.0,0.0,0.0,0.0,0.0,0.0,0,0.0,0.0,0.0,0.0,0.0,0.0,9.0,3.0,3.0,0,0,0,0.0,0.0,1.0,0.5,0.0,43.0,40.0,,,,,,,,,0.0,0.0,0.0,0.0,0.0,0.0,0.0,0.0,0.0,0.0,0.0,0.0,0.0,0.0,0.9,0.3,0.3,0.0,0.0,0.0,0.0,0.0,0.1,0.05,0.0,4.3,4.0,0.0
2026,001773,Nick Washuta,G,Goalie,last_10,3,2026-05-09,2026-08-01,CAN|OUT|RED,ARC,0.0,0.0,0.0,0.0,0.0,0.0,0.0,0,0.0,26.0,8.0,18.0,17.0,28.0,5.0,0.0,1.0,0,0,0,16.0,1.0,0.0,0.0,0.0,39.0,39.0,,,,0.6190476190476191,30.76923076923077,0.19047619047619047,,,0.0,0.0,0.0,0.0,0.0,0.0,0.0,0.0,0.0,8.666666666666666,2.6666666666666665,6.0,5.666666666666667,9.333333333333334,1.6666666666666667,0.0,0.3333333333333333,0.0,0.0,0.0,5.333333333333333,0.3333333333333333,0.0,0.0,0.0,13.0,13.0,0.0
2026,001795,Christian Scarpello,SSDM,Defensive Midfield,last_10,10,2026-05-31,2026-08-08,ARC|CAN|OUT|RED|WAT|WHP,CHA,1.0,1.0,1.0,0.0,1.0,0.0,4.0,2,0.0,0.0,0.0,0.0,0.0,0.0,7.0,3.0,1.0,1,11,12,0.0,0.0,0.0,0.0,2.0,50.0,43.0,0.25,0.5,0.08333333333333333,,,,0.0,,0.1,0.1,0.1,0.0,0.1,0.0,0.4,0.2,0.0,0.0,0.0,0.0,0.0,0.0,0.7,0.3,0.1,0.1,1.1,1.2,0.0,0.0,0.0,0.0,0.2,5.0,4.3,0.2
2026,001810,Michael Sowers,A,Attack,last_10,10,2026-05-31,2026-08-16,ARC|ATL|CAN|CHA|OUT|RED|WHP,WAT,43.0,26.0,26.0,0.0,26.0,17.0,65.0,52,0.0,0.0,0.0,0.0,0.0,0.0,9.0,20.0,1.0,0,0,0,0.0,0.0,0.0,0.0,46.0,362.0,277.0,0.4,0.8,,,,,0.3695652173913043,,4.3,2.6,2.6,0.0,2.6,1.7,6.5,5.2,0.0,0.0,0.0,0.0,0.0,0.0,0.9,2.0,0.1,0.0,0.0,0.0,0.0,0.0,0.0,0.0,4.6,36.2,27.7,4.6
2026,001811,JT Giles-Harris,D,Defense,last_10,10,2026-05-30,2026-08-29,ARC|ATL|CAN|CHA|RED|WAT|WHP,OUT,1.0,0.0,0.0,0.0,0.0,1.0,1.0,0,1.0,0.0,0.0,0.0,0.0,0.0,15.0,2.0,4.0,0,0,0,0.0,0.0,2.0,4.0,1.0,67.0,64.0,0.0,0.0,,,,,1.0,0.0,0.1,0.0,0.0,0.0,0.0,0.1,0.1,0.0,0.1,0.0,0.0,0.0,0.0,0.0,1.5,0.2,0.4,0.0,0.0,0.0,0.0,0.0,0.2,0.4,0.1,6.7,6.4,0.1
2026,001812,TD Ierlan,FO,Faceoff,last_10,10,2026-06-20,2026-08-29,ARC|ATL|CAN|CHA|OUT|WAT|WHP,RED,3.0,2.0,2.0,0.0,2.0,1.0,11.0,5,1.0,0.0,0.0,0.0,0.0,0.0,103.0,3.0,2.0,172,113,287,0.0,0.0,0.0,0.0,5.0,107.0,93.0,0.18181818181818182,0.45454545454545453,0.5993031358885017,,,,0.2,0.0,0.3,0.2,0.2,0.0,0.2,0.1,1.1,0.5,0.1,0.0,0.0,0.0,0.0,0.0,10.3,0.3,0.2,17.2,11.3,28.7,0.0,0.0,0.0,0.0,0.5,10.7,9.3,0.5
2026,001813,Jared Conners,LSM,Long Stick Midfield,last_10,10,2026-06-20,2026-08-29,ARC|ATL|CAN|CHA|OUT|WAT|WHP,RED,4.0,3.0,1.0,1.0,2.0,1.0,14.0,5,10.0,0.0,0.0,0.0,0.0,0.0,24.0,5.0,8.0,0,0,0,0.0,0.0,0.0,0.0,4.0,83.0,64.0,0.14285714285714285,0.35714285714285715,,,,,0.25,0.1,0.4,0.3,0.1,0.1,0.2,0.1,1.4,0.5,1.0,0.0,0.0,0.0,0.0,0.0,2.4,0.5,0.8,0.0,0.0,0.0,0.0,0.0,0.0,0.0,0.4,8.3,6.4,0.4
2026,001814,Mac O'Keefe,A,Attack,last_10,10,2026-05-30,2026-08-08,ATL|CAN|CHA|OUT|RED|WAT|WHP,ARC,27.0,24.0,18.0,3.0,21.0,3.0,59.0,34,11.0,0.0,0.0,0.0,0.0,0.0,12.0,10.0,2.0,0,0,0,0.0,0.0,3.0,2.0,26.0,276.0,207.0,0.3559322033898305,0.576271186440678,,,,,0.11538461538461539,0.2727272727272727,2.7,2.4,1.8,0.3,2.1,0.3,5.9,3.4,1.1,0.0,0.0,0.0,0.0,0.0,1.2,1.0,0.2,0.0,0.0,0.0,0.0,0.0,0.3,0.2,2.6,27.6,20.7,2.6
2026,001815,Connor Kirst,M,Midfield,last_10,10,2026-06-07,2026-08-30,ARC|ATL|CHA|OUT|RED|WAT|WHP,CAN,7.0,5.0,5.0,0.0,5.0,2.0,17.0,8,5.0,0.0,0.0,0.0,0.0,0.0,20.0,4.0,5.0,7,9,16,0.0,0.0,1.0,1.0,7.0,71.0,50.0,0.29411764705882354,0.47058823529411764,0.4375,,,,0.2857142857142857,0.0,0.7,0.5,0.5,0.0,0.5,0.2,1.7,0.8,0.5,0.0,0.0,0.0,0.0,0.0,2.0,0.4,0.5,0.7,0.9,1.6,0.0,0.0,0.1,0.1,0.7,7.1,5.0,0.7
2026,001816,Dox Aitken,M,Midfield,last_10,1,2026-08-16,2026-08-16,WHP,WAT,1.0,1.0,1.0,0.0,1.0,0.0,2.0,2,0.0,0.0,0.0,0.0,0.0,0.0,0.0,0.0,0.0,0,0,0,0.0,0.0,0.0,0.0,0.0,6.0,4.0,0.5,1.0,,,,,,,1.0,1.0,1.0,0.0,1.0,0.0,2.0,2.0,0.0,0.0,0.0,0.0,0.0,0.0,0.0,0.0,0.0,0.0,0.0,0.0,0.0,0.0,0.0,0.0,0.0,6.0,4.0,0.0
2026,001817,Jack Kielty,D,Defense,last_10,10,2026-06-07,2026-08-30,ARC|ATL|CHA|OUT|RED|WAT|WHP,CAN,0.0,0.0,0.0,0.0,0.0,0.0,0.0,0,0.0,0.0,0.0,0.0,0.0,0.0,18.0,3.0,12.0,0,0,0,0.0,0.0,0.0,0.0,1.0,54.0,51.0,,,,,,,0.0,,0.0,0.0,0.0,0.0,0.0,0.0,0.0,0.0,0.0,0.0,0.0,0.0,0.0,0.0,1.8,0.3,1.2,0.0,0.0,0.0,0.0,0.0,0.0,0.0,0.1,5.4,5.1,0.1
2026,001819,Danny Logan,SSDM,Defensive Midfield,last_10,9,2026-05-30,2026-08-15,ARC|CAN|OUT|RED|WAT,ATL,1.0,1.0,1.0,0.0,1.0,0.0,5.0,4,2.0,0.0,0.0,0.0,0.0,0.0,19.0,4.0,5.0,1,13,14,0.0,0.0,1.0,1.0,3.0,78.0,69.0,0.2,0.8,0.07142857142857142,,,,0.0,0.0,0.1111111111111111,0.1111111111111111,0.1111111111111111,0.0,0.1111111111111111,0.0,0.5555555555555556,0.4444444444444444,0.2222222222222222,0.0,0.0,0.0,0.0,0.0,2.111111111111111,0.4444444444444444,0.5555555555555556,0.1111111111111111,1.4444444444444444,1.5555555555555556,0.0,0.0,0.1111111111111111,0.1111111111111111,0.3333333333333333,8.666666666666666,7.666666666666667,0.3333333333333333
2026,001820,Ryan Terefenko,SSDM,Defensive Midfield,last_10,10,2026-06-06,2026-08-29,ARC|ATL|CAN|CHA|RED|WAT|WHP,OUT,8.0,4.0,2.0,1.0,3.0,4.0,12.0,10,3.0,0.0,0.0,0.0,0.0,0.0,19.0,6.0,2.0,0,1,1,0.0,0.0,1.0,0.5,13.0,136.0,118.0,0.25,0.8333333333333334,0.0,,,,0.3076923076923077,0.3333333333333333,0.8,0.4,0.2,0.1,0.3,0.4,1.2,1.0,0.3,0.0,0.0,0.0,0.0,0.0,1.9,0.6,0.2,0.0,0.1,0.1,0.0,0.0,0.1,0.05,1.3,13.6,11.8,1.3
2026,001821,Tre Leclaire,M,Midfield,last_10,10,2026-05-30,2026-08-08,ATL|CAN|CHA|OUT|RED|WAT|WHP,ARC,29.0,19.0,13.0,3.0,16.0,10.0,48.0,29,17.0,0.0,0.0,0.0,0.0,0.0,6.0,7.0,0.0,0,0,0,0.0,0.0,2.0,1.5,15.0,236.0,181.0,0.3333333333333333,0.6041666666666666,,,,,0.6666666666666666,0.17647058823529413,2.9,1.9,1.3,0.3,1.6,1.0,4.8,2.9,1.7,0.0,0.0,0.0,0.0,0.0,0.6,0.7,0.0,0.0,0.0,0.0,0.0,0.0,0.2,0.15,1.5,23.6,18.1,1.5
2026,001826,Jeff Trainor,SSDM,Defensive Midfield,last_10,10,2026-05-17,2026-08-30,ARC|ATL|CHA|OUT|RED|WAT|WHP,CAN,4.0,3.0,3.0,0.0,3.0,1.0,9.0,5,2.0,0.0,0.0,0.0,0.0,0.0,11.0,3.0,2.0,0,0,0,0.0,0.0,5.0,3.5,3.0,60.0,48.0,0.3333333333333333,0.5555555555555556,,,,,0.3333333333333333,0.0,0.4,0.3,0.3,0.0,0.3,0.1,0.9,0.5,0.2,0.0,0.0,0.0,0.0,0.0,1.1,0.3,0.2,0.0,0.0,0.0,0.0,0.0,0.5,0.35,0.3,6.0,4.8,0.3
2026,001827,Jared Bernhardt,A,Attack,last_10,9,2026-05-09,2026-08-29,ARC|ATL|CAN|CHA|RED|WAT|WHP,OUT,21.0,16.0,16.0,0.0,16.0,5.0,54.0,35,2.0,0.0,0.0,0.0,0.0,0.0,7.0,17.0,4.0,0,0,0,0.0,0.0,0.0,0.0,19.0,241.0,170.0,0.2962962962962963,0.6481481481481481,,,,,0.2631578947368421,0.0,2.3333333333333335,1.7777777777777777,1.7777777777777777,0.0,1.7777777777777777,0.5555555555555556,6.0,3.888888888888889,0.2222222222222222,0.0,0.0,0.0,0.0,0.0,0.7777777777777778,1.8888888888888888,0.4444444444444444,0.0,0.0,0.0,0.0,0.0,0.0,0.0,2.111111111111111,26.77777777777778,18.88888888888889,2.111111111111111
2026,001828,Justin Anderson,M,Midfield,last_10,10,2026-06-06,2026-08-29,ARC|ATL|CAN|CHA|RED|WAT|WHP,OUT,9.0,9.0,7.0,1.0,8.0,0.0,26.0,21,2.0,0.0,0.0,0.0,0.0,0.0,7.0,5.0,2.0,0,0,0,0.0,0.0,1.0,0.5,5.0,128.0,97.0,0.3076923076923077,0.8076923076923077,,,,,0.0,0.5,0.9,0.9,0.7,0.1,0.8,0.0,2.6,2.1,0.2,0.0,0.0,0.0,0.0,0.0,0.7,0.5,0.2,0.0,0.0,0.0,0.0,0.0,0.1,0.05,0.5,12.8,9.7,0.5
2026,001839,Nick Grill,LSM,Long Stick Midfield,last_10,1,2026-08-16,2026-08-16,RED,OUT,0.0,0.0,0.0,0.0,0.0,0.0,0.0,0,0.0,0.0,0.0,0.0,0.0,0.0,0.0,0.0,0.0,0,0,0,0.0,0.0,0.0,0.0,0.0,4.0,4.0,,,,,,,,,0.0,0.0,0.0,0.0,0.0,0.0,0.0,0.0,0.0,0.0,0.0,0.0,0.0,0.0,0.0,0.0,0.0,0.0,0.0,0.0,0.0,0.0,0.0,0.0,0.0,4.0,4.0,0.0
2026,001843,Cole Williams,M,Midfield,last_10,2,2026-05-15,2026-08-15,CAN|WAT,ATL|CHA,2.0,1.0,1.0,0.0,1.0,1.0,7.0,3,0.0,0.0,0.0,0.0,0.0,0.0,3.0,5.0,0.0,0,0,0,0.0,0.0,0.0,0.0,4.0,33.0,21.0,0.14285714285714285,0.42857142857142855,,,,,0.25,,1.0,0.5,0.5,0.0,0.5,0.5,3.5,1.5,0.0,0.0,0.0,0.0,0.0,0.0,1.5,2.5,0.0,0.0,0.0,0.0,0.0,0.0,0.0,0.0,2.0,16.5,10.5,2.0
2026,001846,Adam Charalambides,A,Attack,last_10,1,2026-05-09,2026-05-09,ATL,CHA,1.0,0.0,0.0,0.0,0.0,1.0,5.0,5,0.0,0.0,0.0,0.0,0.0,0.0,2.0,1.0,1.0,0,0,0,0.0,0.0,0.0,0.0,2.0,27.0,21.0,0.0,1.0,,,,,0.5,,1.0,0.0,0.0,0.0,0.0,1.0,5.0,5.0,0.0,0.0,0.0,0.0,0.0,0.0,2.0,1.0,1.0,0.0,0.0,0.0,0.0,0.0,0.0,0.0,2.0,27.0,21.0,2.0
2026,002006,Reid Bowering,A,Attack,last_10,10,2026-05-16,2026-08-15,CAN|OUT|RED|WAT|WHP,ATL,15.0,15.0,15.0,0.0,15.0,0.0,38.0,30,0.0,0.0,0.0,0.0,0.0,0.0,13.0,12.0,2.0,0,1,1,0.0,0.0,1.0,1.0,5.0,124.0,74.0,0.39473684210526316,0.7894736842105263,0.0,,,,0.0,,1.5,1.5,1.5,0.0,1.5,0.0,3.8,3.0,0.0,0.0,0.0,0.0,0.0,0.0,1.3,1.2,0.2,0.0,0.1,0.1,0.0,0.0,0.1,0.1,0.5,12.4,7.4,0.5
2026,002015,Logan Wisnauskas,A,Attack,last_10,10,2026-06-06,2026-08-29,ARC|ATL|CAN|CHA|RED|WAT|WHP,OUT,23.0,15.0,15.0,0.0,15.0,8.0,30.0,23,1.0,0.0,0.0,0.0,0.0,0.0,7.0,13.0,0.0,0,0,0,0.0,0.0,0.0,0.0,21.0,236.0,193.0,0.5,0.7666666666666667,,,,,0.38095238095238093,0.0,2.3,1.5,1.5,0.0,1.5,0.8,3.0,2.3,0.1,0.0,0.0,0.0,0.0,0.0,0.7,1.3,0.0,0.0,0.0,0.0,0.0,0.0,0.0,0.0,2.1,23.6,19.3,2.1
2026,002017,Arden Cohen,LSM,Long Stick Midfield,last_10,1,2026-05-16,2026-05-16,OUT,RED,0.0,0.0,0.0,0.0,0.0,0.0,0.0,0,0.0,0.0,0.0,0.0,0.0,0.0,1.0,0.0,0.0,0,0,0,0.0,0.0,0.0,0.0,1.0,2.0,2.0,,,,,,,0.0,,0.0,0.0,0.0,0.0,0.0,0.0,0.0,0.0,0.0,0.0,0.0,0.0,0.0,0.0,1.0,0.0,0.0,0.0,0.0,0.0,0.0,0.0,0.0,0.0,1.0,2.0,2.0,1.0
2026,002022,Zach Geddes,SSDM,Defensive Midfield,last_10,10,2026-06-06,2026-08-29,ARC|ATL|CAN|CHA|RED|WAT|WHP,OUT,6.0,4.0,2.0,1.0,3.0,2.0,9.0,5,2.0,0.0,0.0,0.0,0.0,0.0,9.0,2.0,5.0,1,4,5,0.0,0.0,0.0,0.0,3.0,80.0,69.0,0.3333333333333333,0.5555555555555556,0.2,,,,0.6666666666666666,0.5,0.6,0.4,0.2,0.1,0.3,0.2,0.9,0.5,0.2,0.0,0.0,0.0,0.0,0.0,0.9,0.2,0.5,0.1,0.4,0.5,0.0,0.0,0.0,0.0,0.3,8.0,6.9,0.3
2026,002023,Brendan Nichtern,A,Attack,last_10,6,2026-05-09,2026-06-28,ARC|ATL|CAN|OUT|RED|WAT,CHA,13.0,8.0,8.0,0.0,8.0,5.0,24.0,16,0.0,0.0,0.0,0.0,0.0,0.0,9.0,10.0,1.0,0,0,0,0.0,0.0,2.0,1.0,18.0,155.0,121.0,0.3333333333333333,0.6666666666666666,,,,,0.2777777777777778,,2.1666666666666665,1.3333333333333333,1.3333333333333333,0.0,1.3333333333333333,0.8333333333333334,4.0,2.6666666666666665,0.0,0.0,0.0,0.0,0.0,0.0,1.5,1.6666666666666667,0.16666666666666666,0.0,0.0,0.0,0.0,0.0,0.3333333333333333,0.16666666666666666,3.0,25.833333333333332,20.166666666666668,3.0
2026,002024,Asher Nolting,A,Attack,last_10,1,2026-05-15,2026-05-15,CHA,CAN,2.0,0.0,0.0,0.0,0.0,2.0,0.0,0,0.0,0.0,0.0,0.0,0.0,0.0,3.0,5.0,0.0,0,0,0,0.0,0.0,0.0,0.0,7.0,38.0,33.0,,,,,,,0.2857142857142857,,2.0,0.0,0.0,0.0,0.0,2.0,0.0,0.0,0.0,0.0,0.0,0.0,0.0,0.0,3.0,5.0,0.0,0.0,0.0,0.0,0.0,0.0,0.0,0.0,7.0,38.0,33.0,7.0
2026,002026,Brett Dobson,G,Goalie,last_10,10,2026-05-30,2026-08-08,ATL|CAN|CHA|OUT|RED|WAT|WHP,ARC,0.0,0.0,0.0,0.0,0.0,0.0,5.0,1,5.0,130.0,54.0,76.0,96.0,96.9090909090909,17.0,3.0,4.0,0,0,0,91.0,5.0,3.0,3.0,1.0,171.0,163.0,0.0,0.2,,0.5882352941176471,41.53846153846154,0.24434389140271492,0.0,0.0,0.0,0.0,0.0,0.0,0.0,0.0,0.5,0.1,0.5,13.0,5.4,7.6,9.6,9.690909090909091,1.7,0.3,0.4,0.0,0.0,0.0,9.1,0.5,0.3,0.3,0.1,17.1,16.3,0.1
2026,002028,Jack Hannah,M,Midfield,last_10,10,2026-05-09,2026-08-01,ARC|ATL|CAN|CHA|OUT|RED|WHP,WAT,15.0,11.0,11.0,0.0,11.0,4.0,57.0,26,4.0,0.0,0.0,0.0,0.0,0.0,12.0,9.0,0.0,0,0,0,0.0,0.0,3.0,2.5,15.0,227.0,161.0,0.19298245614035087,0.45614035087719296,,,,,0.26666666666666666,0.0,1.5,1.1,1.1,0.0,1.1,0.4,5.7,2.6,0.4,0.0,0.0,0.0,0.0,0.0,1.2,0.9,0.0,0.0,0.0,0.0,0.0,0.0,0.3,0.25,1.5,22.7,16.1,1.5
2026,002030,Jonathan Donville,M,Midfield,last_10,3,2026-05-09,2026-06-06,ARC|CHA|RED,OUT,2.0,1.0,1.0,0.0,1.0,1.0,3.0,2,0.0,0.0,0.0,0.0,0.0,0.0,1.0,2.0,1.0,0,0,0,0.0,0.0,0.0,0.0,3.0,49.0,44.0,0.3333333333333333,0.6666666666666666,,,,,0.3333333333333333,,0.6666666666666666,0.3333333333333333,0.3333333333333333,0.0,0.3333333333333333,0.3333333333333333,1.0,0.6666666666666666,0.0,0.0,0.0,0.0,0.0,0.0,0.3333333333333333,0.6666666666666666,0.3333333333333333,0.0,0.0,0.0,0.0,0.0,0.0,0.0,1.0,16.333333333333332,14.666666666666666,1.0
2026,002032,Justin Inacio,FO,Faceoff,last_10,9,2026-05-09,2026-07-25,ARC|ATL|CAN|OUT|RED|WAT|WHP,CHA,0.0,0.0,0.0,0.0,0.0,0.0,6.0,1,1.0,0.0,0.0,0.0,0.0,0.0,47.0,8.0,2.0,92,101,194,0.0,0.0,1.0,0.5,0.0,51.0,37.0,0.0,0.16666666666666666,0.4742268041237113,,,,,0.0,0.0,0.0,0.0,0.0,0.0,0.0,0.6666666666666666,0.1111111111111111,0.1111111111111111,0.0,0.0,0.0,0.0,0.0,5.222222222222222,0.8888888888888888,0.2222222222222222,10.222222222222221,11.222222222222221,21.555555555555557,0.0,0.0,0.1111111111111111,0.05555555555555555,0.0,5.666666666666667,4.111111111111111,0.0
2026,002033,Nakeie Montgomery,SSDM,Defensive Midfield,last_10,1,2026-05-17,2026-05-17,CAN,WAT,0.0,0.0,0.0,0.0,0.0,0.0,1.0,1,0.0,0.0,0.0,0.0,0.0,0.0,2.0,0.0,0.0,0,0,0,0.0,0.0,0.0,0.0,1.0,11.0,10.0,0.0,1.0,,,,,0.0,,0.0,0.0,0.0,0.0,0.0,0.0,1.0,1.0,0.0,0.0,0.0,0.0,0.0,0.0,2.0,0.0,0.0,0.0,0.0,0.0,0.0,0.0,0.0,0.0,1.0,11.0,10.0,1.0
2026,002038,Colin Kirst,G,Goalie,last_10,10,2026-05-17,2026-08-09,ATL|CHA|OUT|RED|WAT|WHP,CAN,0.0,0.0,0.0,0.0,0.0,0.0,1.0,1,1.0,92.0,27.0,65.0,99.0,108.42146126468555,12.0,5.0,3.0,0,0,0,94.0,5.0,1.0,1.0,0.0,92.0,86.0,0.0,1.0,,0.4946236559139785,29.347826086956523,0.14516129032258066,,0.0,0.0,0.0,0.0,0.0,0.0,0.0,0.1,0.1,0.1,9.2,2.7,6.5,9.9,10.842146126468554,1.2,0.5,0.3,0.0,0.0,0.0,9.4,0.5,0.1,0.1,0.0,9.2,8.6,0.0
2026,002039,Owen McElroy,G,Goalie,last_10,4,2026-07-26,2026-08-16,ATL|RED|WAT|WHP,OUT,0.0,0.0,0.0,0.0,0.0,0.0,0.0,0,0.0,34.0,10.0,24.0,26.0,43.0,5.0,2.0,0.0,0,0,0,23.0,3.0,0.0,0.0,0.0,40.0,38.0,,,,0.5964912280701754,29.411764705882355,0.17543859649122806,,,0.0,0.0,0.0,0.0,0.0,0.0,0.0,0.0,0.0,8.5,2.5,6.0,6.5,10.75,1.25,0.5,0.0,0.0,0.0,0.0,5.75,0.75,0.0,0.0,0.0,10.0,9.5,0.0
2026,002042,Jon Robbins,LSM,Long Stick Midfield,last_10,10,2026-05-09,2026-08-15,ARC|CAN|CHA|OUT|RED|WAT|WHP,ATL,0.0,0.0,0.0,0.0,0.0,0.0,2.0,1,1.0,0.0,0.0,0.0,0.0,0.0,9.0,3.0,9.0,0,0,0,0.0,0.0,1.0,1.0,1.0,20.0,15.0,0.0,0.5,,,,,0.0,0.0,0.0,0.0,0.0,0.0,0.0,0.0,0.2,0.1,0.1,0.0,0.0,0.0,0.0,0.0,0.9,0.3,0.9,0.0,0.0,0.0,0.0,0.0,0.1,0.1,0.1,2.0,1.5,0.1
2026,002054,Chris Merle,SSDM,Defensive Midfield,last_10,10,2026-05-09,2026-08-02,ARC|ATL|CAN|CHA|OUT|WAT|WHP,RED,1.0,1.0,1.0,0.0,1.0,0.0,5.0,3,0.0,0.0,0.0,0.0,0.0,0.0,14.0,1.0,5.0,1,0,1,0.0,0.0,3.0,1.5,0.0,35.0,29.0,0.2,0.6,1.0,,,,,,0.1,0.1,0.1,0.0,0.1,0.0,0.5,0.3,0.0,0.0,0.0,0.0,0.0,0.0,1.4,0.1,0.5,0.1,0.0,0.1,0.0,0.0,0.3,0.15,0.0,3.5,2.9,0.0
2026,002067,Zac Tucci,FO,Faceoff,last_10,4,2026-05-15,2026-07-11,ARC|CHA|WAT|WHP,ATL|CAN,2.0,2.0,0.0,1.0,1.0,0.0,2.0,2,1.0,0.0,0.0,0.0,0.0,0.0,17.0,4.0,0.0,44,46,91,0.0,0.0,1.0,1.0,0.0,17.0,11.0,0.5,1.0,0.4835164835164835,,,,,1.0,0.5,0.5,0.0,0.25,0.25,0.0,0.5,0.5,0.25,0.0,0.0,0.0,0.0,0.0,4.25,1.0,0.0,11.0,11.5,22.75,0.0,0.0,0.25,0.25,0.0,4.25,2.75,0.0
2026,002074,Alexander Smith,SSDM,Defensive Midfield,last_10,6,2026-05-09,2026-08-16,ARC|ATL|CAN|CHA|RED,OUT,0.0,0.0,0.0,0.0,0.0,0.0,0.0,0,0.0,0.0,0.0,0.0,0.0,0.0,6.0,0.0,3.0,0,3,3,0.0,0.0,3.0,2.0,0.0,23.0,23.0,,,0.0,,,,,,0.0,0.0,0.0,0.0,0.0,0.0,0.0,0.0,0.0,0.0,0.0,0.0,0.0,0.0,1.0,0.0,0.5,0.0,0.5,0.5,0.0,0.0,0.5,0.3333333333333333,0.0,3.8333333333333335,3.8333333333333335,0.0
2026,003004,Mike Sisselberger,FO,Faceoff,last_10,10,2026-05-30,2026-08-08,ATL|CAN|CHA|OUT|RED|WAT|WHP,ARC,3.0,1.0,1.0,0.0,1.0,2.0,8.0,2,0.0,0.0,0.0,0.0,0.0,0.0,100.0,12.0,0.0,142,91,236,0.0,0.0,1.0,2.0,4.0,90.0,70.0,0.125,0.25,0.6016949152542372,,,,0.5,,0.3,0.1,0.1,0.0,0.1,0.2,0.8,0.2,0.0,0.0,0.0,0.0,0.0,0.0,10.0,1.2,0.0,14.2,9.1,23.6,0.0,0.0,0.1,0.2,0.4,9.0,7.0,0.4
2026,003005,Connor Maher,SSDM,Defensive Midfield,last_10,10,2026-05-30,2026-08-08,ATL|CAN|CHA|OUT|RED|WAT|WHP,ARC,3.0,1.0,1.0,0.0,1.0,2.0,6.0,3,0.0,0.0,0.0,0.0,0.0,0.0,6.0,1.0,4.0,1,2,3,0.0,0.0,2.0,1.5,4.0,56.0,49.0,0.16666666666666666,0.5,0.3333333333333333,,,,0.5,,0.3,0.1,0.1,0.0,0.1,0.2,0.6,0.3,0.0,0.0,0.0,0.0,0.0,0.0,0.6,0.1,0.4,0.1,0.2,0.3,0.0,0.0,0.2,0.15,0.4,5.6,4.9,0.4
2026,003006,Piper Bond,SSDM,Defensive Midfield,last_10,10,2026-05-30,2026-08-08,ATL|CAN|CHA|OUT|RED|WAT|WHP,ARC,7.0,5.0,3.0,1.0,4.0,2.0,6.0,6,1.0,0.0,0.0,0.0,0.0,0.0,15.0,2.0,6.0,0,1,1,0.0,0.0,3.0,2.0,5.0,71.0,63.0,0.6666666666666666,1.0,0.0,,,,0.4,1.0,0.7,0.5,0.3,0.1,0.4,0.2,0.6,0.6,0.1,0.0,0.0,0.0,0.0,0.0,1.5,0.2,0.6,0.0,0.1,0.1,0.0,0.0,0.3,0.2,0.5,7.1,6.3,0.5
2026,003007,Cam Wyers,D,Defense,last_10,10,2026-05-09,2026-08-08,ATL|CAN|CHA|OUT|RED|WAT|WHP,ARC,1.0,0.0,0.0,0.0,0.0,1.0,1.0,0,1.0,0.0,0.0,0.0,0.0,0.0,11.0,4.0,4.0,0,0,0,0.0,0.0,7.0,7.5,2.0,31.0,26.0,0.0,0.0,,,,,0.5,0.0,0.1,0.0,0.0,0.0,0.0,0.1,0.1,0.0,0.1,0.0,0.0,0.0,0.0,0.0,1.1,0.4,0.4,0.0,0.0,0.0,0.0,0.0,0.7,0.75,0.2,3.1,2.6,0.2
2026,003008,Gavin Adler,D,Defense,last_10,10,2026-05-17,2026-08-16,ARC|ATL|CAN|CHA|OUT|RED|WHP,WAT,0.0,0.0,0.0,0.0,0.0,0.0,1.0,0,1.0,0.0,0.0,0.0,0.0,0.0,7.0,2.0,10.0,0,0,0,0.0,0.0,0.0,0.0,0.0,37.0,34.0,0.0,0.0,,,,,,0.0,0.0,0.0,0.0,0.0,0.0,0.0,0.1,0.0,0.1,0.0,0.0,0.0,0.0,0.0,0.7,0.2,1.0,0.0,0.0,0.0,0.0,0.0,0.0,0.0,0.0,3.7,3.4,0.0
2026,003009,Brett Makar,D,Defense,last_10,10,2026-05-30,2026-08-15,ARC|CAN|OUT|RED|WAT|WHP,ATL,9.0,4.0,0.0,2.0,2.0,5.0,8.0,4,7.0,0.0,0.0,0.0,0.0,0.0,45.0,9.0,20.0,0,0,0,0.0,0.0,0.0,0.0,8.0,129.0,112.0,0.25,0.5,,,,,0.625,0.2857142857142857,0.9,0.4,0.0,0.2,0.2,0.5,0.8,0.4,0.7,0.0,0.0,0.0,0.0,0.0,4.5,0.9,2.0,0.0,0.0,0.0,0.0,0.0,0.0,0.0,0.8,12.9,11.2,0.8
2026,003010,Xander Dickson,A,Attack,last_10,10,2026-05-30,2026-08-15,ARC|CAN|OUT|RED|WAT|WHP,ATL,21.0,17.0,17.0,0.0,17.0,4.0,50.0,35,1.0,0.0,0.0,0.0,0.0,0.0,21.0,9.0,1.0,0,0,0,0.0,0.0,2.0,1.0,13.0,209.0,150.0,0.34,0.7,,,,,0.3076923076923077,0.0,2.1,1.7,1.7,0.0,1.7,0.4,5.0,3.5,0.1,0.0,0.0,0.0,0.0,0.0,2.1,0.9,0.1,0.0,0.0,0.0,0.0,0.0,0.2,0.1,1.3,20.9,15.0,1.3
2026,003013,Matt Campbell,M,Midfield,last_10,5,2026-05-15,2026-08-30,CHA|WAT|WHP,CAN,7.0,6.0,4.0,1.0,5.0,1.0,25.0,14,6.0,0.0,0.0,0.0,0.0,0.0,2.0,2.0,0.0,0,0,0,0.0,0.0,0.0,0.0,5.0,154.0,127.0,0.2,0.56,,,,,0.2,0.16666666666666666,1.4,1.2,0.8,0.2,1.0,0.2,5.0,2.8,1.2,0.0,0.0,0.0,0.0,0.0,0.4,0.4,0.0,0.0,0.0,0.0,0.0,0.0,0.0,0.0,1.0,30.8,25.4,1.0
2026,003017,Tye Kurtz,M,Midfield,last_10,2,2026-05-15,2026-06-19,ATL|CHA,CAN,1.0,1.0,1.0,0.0,1.0,0.0,5.0,2,0.0,0.0,0.0,0.0,0.0,0.0,1.0,3.0,1.0,0,0,0,0.0,0.0,0.0,0.0,2.0,23.0,15.0,0.2,0.4,,,,,0.0,,0.5,0.5,0.5,0.0,0.5,0.0,2.5,1.0,0.0,0.0,0.0,0.0,0.0,0.0,0.5,1.5,0.5,0.0,0.0,0.0,0.0,0.0,0.0,0.0,1.0,11.5,7.5,1.0
2026,003018,Nick Rowlett,FO,Faceoff,last_10,1,2026-08-08,2026-08-08,ARC,CHA,0.0,0.0,0.0,0.0,0.0,0.0,0.0,0,0.0,0.0,0.0,0.0,0.0,0.0,3.0,0.0,1.0,8,18,27,0.0,0.0,0.0,0.0,0.0,4.0,4.0,,,0.2962962962962963,,,,,,0.0,0.0,0.0,0.0,0.0,0.0,0.0,0.0,0.0,0.0,0.0,0.0,0.0,0.0,3.0,0.0,1.0,8.0,18.0,27.0,0.0,0.0,0.0,0.0,0.0,4.0,4.0,0.0
2026,003023,Owen Grant,D,Defense,last_10,10,2026-06-07,2026-08-30,ARC|ATL|CHA|OUT|RED|WAT|WHP,CAN,2.0,1.0,1.0,0.0,1.0,1.0,9.0,4,6.0,0.0,0.0,0.0,0.0,0.0,14.0,5.0,8.0,0,0,0,0.0,0.0,1.0,1.0,4.0,82.0,68.0,0.1111111111111111,0.4444444444444444,,,,,0.25,0.0,0.2,0.1,0.1,0.0,0.1,0.1,0.9,0.4,0.6,0.0,0.0,0.0,0.0,0.0,1.4,0.5,0.8,0.0,0.0,0.0,0.0,0.0,0.1,0.1,0.4,8.2,6.8,0.4
2026,003024,Brian Tevlin,SSDM,Defensive Midfield,last_10,10,2026-06-20,2026-08-29,ARC|ATL|CAN|CHA|OUT|WAT|WHP,RED,12.0,7.0,7.0,0.0,7.0,5.0,12.0,10,4.0,0.0,0.0,0.0,0.0,0.0,22.0,5.0,9.0,1,2,3,0.0,0.0,2.0,1.5,8.0,89.0,72.0,0.5833333333333334,0.8333333333333334,0.3333333333333333,,,,0.625,0.0,1.2,0.7,0.7,0.0,0.7,0.5,1.2,1.0,0.4,0.0,0.0,0.0,0.0,0.0,2.2,0.5,0.9,0.1,0.2,0.3,0.0,0.0,0.2,0.15,0.8,8.9,7.2,0.8
2026,003027,Thomas McConvey,M,Midfield,last_10,4,2026-05-09,2026-06-07,CAN|CHA|WHP,WAT,5.0,3.0,3.0,0.0,3.0,2.0,12.0,7,0.0,0.0,0.0,0.0,0.0,0.0,1.0,1.0,2.0,0,0,0,0.0,0.0,0.0,0.0,8.0,86.0,73.0,0.25,0.5833333333333334,,,,,0.25,,1.25,0.75,0.75,0.0,0.75,0.5,3.0,1.75,0.0,0.0,0.0,0.0,0.0,0.0,0.25,0.25,0.5,0.0,0.0,0.0,0.0,0.0,0.0,0.0,2.0,21.5,18.25,2.0
2026,003029,Chris Fake,D,Defense,last_10,9,2026-05-09,2026-08-29,ARC|ATL|CAN|CHA|OUT|WHP,RED,0.0,0.0,0.0,0.0,0.0,0.0,1.0,0,0.0,0.0,0.0,0.0,0.0,0.0,9.0,5.0,7.0,0,0,0,0.0,0.0,0.0,0.0,2.0,71.0,65.0,0.0,0.0,,,,,0.0,,0.0,0.0,0.0,0.0,0.0,0.0,0.1111111111111111,0.0,0.0,0.0,0.0,0.0,0.0,0.0,1.0,0.5555555555555556,0.7777777777777778,0.0,0.0,0.0,0.0,0.0,0.0,0.0,0.2222222222222222,7.888888888888889,7.222222222222222,0.2222222222222222
2026,003032,Petey LaSalla,FO,Faceoff,last_10,10,2026-05-09,2026-08-07,ARC|ATL|CAN|CHA|OUT|RED|WAT,WHP,7.0,6.0,6.0,0.0,6.0,1.0,9.0,7,0.0,0.0,0.0,0.0,0.0,0.0,59.0,11.0,2.0,117,122,239,0.0,0.0,0.0,0.0,4.0,62.0,42.0,0.6666666666666666,0.7777777777777778,0.4895397489539749,,,,0.25,,0.7,0.6,0.6,0.0,0.6,0.1,0.9,0.7,0.0,0.0,0.0,0.0,0.0,0.0,5.9,1.1,0.2,11.7,12.2,23.9,0.0,0.0,0.0,0.0,0.4,6.2,4.2,0.4
2026,003039,Chet Comizio,SSDM,Defensive Midfield,last_10,1,2026-05-09,2026-05-09,CHA,ATL,0.0,0.0,0.0,0.0,0.0,0.0,0.0,0,0.0,0.0,0.0,0.0,0.0,0.0,0.0,0.0,0.0,0,1,1,0.0,0.0,1.0,0.5,0.0,7.0,7.0,,,0.0,,,,,,0.0,0.0,0.0,0.0,0.0,0.0,0.0,0.0,0.0,0.0,0.0,0.0,0.0,0.0,0.0,0.0,0.0,0.0,1.0,1.0,0.0,0.0,1.0,0.5,0.0,7.0,7.0,0.0
2026,003041,Ethan Rall,LSM,Long Stick Midfield,last_10,10,2026-06-07,2026-08-30,ARC|ATL|CHA|OUT|RED|WAT|WHP,CAN,1.0,1.0,1.0,0.0,1.0,0.0,4.0,4,2.0,0.0,0.0,0.0,0.0,0.0,43.0,4.0,12.0,0,0,0,0.0,0.0,1.0,1.0,3.0,63.0,55.0,0.25,1.0,,,,,0.0,0.0,0.1,0.1,0.1,0.0,0.1,0.0,0.4,0.4,0.2,0.0,0.0,0.0,0.0,0.0,4.3,0.4,1.2,0.0,0.0,0.0,0.0,0.0,0.1,0.1,0.3,6.3,5.5,0.3
2026,003044,Tate Gallagher,,,last_10,1,2026-05-17,2026-05-17,CAN,WAT,0.0,0.0,0.0,0.0,0.0,0.0,0.0,0,0.0,0.0,0.0,0.0,0.0,0.0,1.0,0.0,1.0,0,0,0,0.0,0.0,0.0,0.0,0.0,7.0,7.0,,,,,,,,,0.0,0.0,0.0,0.0,0.0,0.0,0.0,0.0,0.0,0.0,0.0,0.0,0.0,0.0,1.0,0.0,1.0,0.0,0.0,0.0,0.0,0.0,0.0,0.0,0.0,7.0,7.0,0.0
2026,003048,TJ Malone,A,Attack,last_10,10,2026-05-30,2026-08-30,ARC|ATL|CAN|CHA|OUT|RED|WAT,WHP,24.0,19.0,19.0,0.0,19.0,5.0,65.0,49,1.0,0.0,0.0,0.0,0.0,0.0,15.0,12.0,2.0,0,0,0,0.0,0.0,0.0,0.0,22.0,314.0,237.0,0.2923076923076923,0.7538461538461538,,,,,0.22727272727272727,0.0,2.4,1.9,1.9,0.0,1.9,0.5,6.5,4.9,0.1,0.0,0.0,0.0,0.0,0.0,1.5,1.2,0.2,0.0,0.0,0.0,0.0,0.0,0.0,0.0,2.2,31.4,23.7,2.2
2026,003059,BJ Farrare,LSM,Long Stick Midfield,last_10,10,2026-06-06,2026-08-29,ARC|ATL|CAN|CHA|OUT|WAT|WHP,RED,0.0,0.0,0.0,0.0,0.0,0.0,0.0,0,0.0,0.0,0.0,0.0,0.0,0.0,13.0,0.0,3.0,0,0,0,0.0,0.0,1.0,2.0,3.0,39.0,39.0,,,,,,,0.0,,0.0,0.0,0.0,0.0,0.0,0.0,0.0,0.0,0.0,0.0,0.0,0.0,0.0,0.0,1.3,0.0,0.3,0.0,0.0,0.0,0.0,0.0,0.1,0.2,0.3,3.9,3.9,0.3
2026,003075,Brennan O'Neill,A,Attack,last_10,10,2026-05-30,2026-08-29,ARC|ATL|CAN|CHA|RED|WHP,OUT,33.0,17.0,13.0,2.0,15.0,16.0,72.0,36,9.0,0.0,0.0,0.0,0.0,0.0,13.0,25.0,0.0,0,0,0,0.0,0.0,0.0,0.0,39.0,339.0,242.0,0.20833333333333334,0.5,,,,,0.41025641025641024,0.2222222222222222,3.3,1.7,1.3,0.2,1.5,1.6,7.2,3.6,0.9,0.0,0.0,0.0,0.0,0.0,1.3,2.5,0.0,0.0,0.0,0.0,0.0,0.0,0.0,0.0,3.9,33.9,24.2,3.9
2026,003076,Connor Shellenberger,A,Attack,last_10,10,2026-05-09,2026-08-15,ARC|CAN|CHA|OUT|RED|WAT|WHP,ATL,25.0,9.0,9.0,0.0,9.0,16.0,32.0,25,1.0,0.0,0.0,0.0,0.0,0.0,13.0,15.0,1.0,0,0,0,0.0,0.0,0.0,0.0,52.0,310.0,263.0,0.28125,0.78125,,,,,0.3076923076923077,0.0,2.5,0.9,0.9,0.0,0.9,1.6,3.2,2.5,0.1,0.0,0.0,0.0,0.0,0.0,1.3,1.5,0.1,0.0,0.0,0.0,0.0,0.0,0.0,0.0,5.2,31.0,26.3,5.2
2026,003077,Ajax Zappitello,D,Defense,last_10,10,2026-05-30,2026-08-30,ARC|ATL|CAN|CHA|OUT|RED|WAT,WHP,2.0,2.0,0.0,1.0,1.0,0.0,6.0,4,4.0,0.0,0.0,0.0,0.0,0.0,26.0,5.0,15.0,0,0,0,0.0,0.0,1.0,0.5,0.0,98.0,87.0,0.16666666666666666,0.6666666666666666,,,,,,0.25,0.2,0.2,0.0,0.1,0.1,0.0,0.6,0.4,0.4,0.0,0.0,0.0,0.0,0.0,2.6,0.5,1.5,0.0,0.0,0.0,0.0,0.0,0.1,0.05,0.0,9.8,8.7,0.0
2026,003078,Shane Knobloch,M,Midfield,last_10,10,2026-05-31,2026-08-08,ARC|CAN|OUT|RED|WAT|WHP,CHA,14.0,11.0,11.0,0.0,11.0,3.0,61.0,38,8.0,0.0,0.0,0.0,0.0,0.0,7.0,16.0,2.0,0,1,1,0.0,0.0,1.0,0.5,15.0,249.0,172.0,0.18032786885245902,0.6229508196721312,0.0,,,,0.2,0.0,1.4,1.1,1.1,0.0,1.1,0.3,6.1,3.8,0.8,0.0,0.0,0.0,0.0,0.0,0.7,1.6,0.2,0.0,0.1,0.1,0.0,0.0,0.1,0.05,1.5,24.9,17.2,1.5
2026,003079,Liam Entenmann,G,Goalie,last_10,10,2026-05-30,2026-08-15,ARC|CAN|OUT|RED|WAT|WHP,ATL,0.0,0.0,0.0,0.0,0.0,0.0,0.0,0,0.0,106.0,36.0,70.0,145.0,155.9226,17.0,4.0,0.0,0,0,0,137.0,8.0,0.0,0.0,0.0,163.0,159.0,,,,0.43621399176954734,33.9622641509434,0.14814814814814814,,,0.0,0.0,0.0,0.0,0.0,0.0,0.0,0.0,0.0,10.6,3.6,7.0,14.5,15.59226,1.7,0.4,0.0,0.0,0.0,0.0,13.7,0.8,0.0,0.0,0.0,16.3,15.9,0.0
2026,003080,Pat Kavanagh,A,Attack,last_10,7,2026-06-06,2026-08-29,ARC|CAN|CHA|RED|WAT|WHP,OUT,26.0,15.0,13.0,1.0,14.0,11.0,40.0,27,6.0,0.0,0.0,0.0,0.0,0.0,8.0,10.0,1.0,0,0,0,0.0,0.0,1.0,1.0,31.0,268.0,218.0,0.35,0.675,,,,,0.3548387096774194,0.16666666666666666,3.7142857142857144,2.142857142857143,1.8571428571428572,0.14285714285714285,2.0,1.5714285714285714,5.714285714285714,3.857142857142857,0.8571428571428571,0.0,0.0,0.0,0.0,0.0,1.1428571428571428,1.4285714285714286,0.14285714285714285,0.0,0.0,0.0,0.0,0.0,0.14285714285714285,0.14285714285714285,4.428571428571429,38.285714285714285,31.142857142857142,4.428571428571429
2026,003081,Matt Brandau,M,Midfield,last_10,10,2026-05-29,2026-08-30,ARC|ATL|CAN|CHA|OUT|RED|WAT,WHP,12.0,7.0,7.0,0.0,7.0,5.0,45.0,31,2.0,0.0,0.0,0.0,0.0,0.0,7.0,12.0,0.0,0,0,0,0.0,0.0,0.0,0.0,18.0,256.0,199.0,0.15555555555555556,0.6888888888888889,,,,,0.2777777777777778,0.0,1.2,0.7,0.7,0.0,0.7,0.5,4.5,3.1,0.2,0.0,0.0,0.0,0.0,0.0,0.7,1.2,0.0,0.0,0.0,0.0,0.0,0.0,0.0,0.0,1.8,25.6,19.9,1.8
2026,003082,Mason Woodward,D,Defense,last_10,10,2026-05-30,2026-08-08,ATL|CAN|CHA|OUT|RED|WAT|WHP,ARC,0.0,0.0,0.0,0.0,0.0,0.0,13.0,6,13.0,0.0,0.0,0.0,0.0,0.0,22.0,4.0,10.0,0,0,0,0.0,0.0,1.0,1.0,3.0,105.0,88.0,0.0,0.46153846153846156,,,,,0.0,0.0,0.0,0.0,0.0,0.0,0.0,0.0,1.3,0.6,1.3,0.0,0.0,0.0,0.0,0.0,2.2,0.4,1.0,0.0,0.0,0.0,0.0,0.0,0.1,0.1,0.3,10.5,8.8,0.3
2026,003083,Jake Piseno,LSM,Long Stick Midfield,last_10,10,2026-06-06,2026-08-29,ARC|ATL|CAN|CHA|RED|WAT|WHP,OUT,10.0,6.0,2.0,2.0,4.0,4.0,13.0,8,10.0,0.0,0.0,0.0,0.0,0.0,29.0,4.0,13.0,0,0,0,0.0,0.0,1.0,1.0,11.0,91.0,74.0,0.3076923076923077,0.6153846153846154,,,,,0.36363636363636365,0.2,1.0,0.6,0.2,0.2,0.4,0.4,1.3,0.8,1.0,0.0,0.0,0.0,0.0,0.0,2.9,0.4,1.3,0.0,0.0,0.0,0.0,0.0,0.1,0.1,1.1,9.1,7.4,1.1
2026,003084,Jake Stevens,M,Midfield,last_10,7,2026-05-09,2026-08-15,CHA|OUT|RED|WAT|WHP,ATL,2.0,1.0,1.0,0.0,1.0,1.0,15.0,9,1.0,0.0,0.0,0.0,0.0,0.0,6.0,3.0,1.0,0,0,0,0.0,0.0,1.0,1.0,3.0,77.0,59.0,0.06666666666666667,0.6,,,,,0.3333333333333333,0.0,0.2857142857142857,0.14285714285714285,0.14285714285714285,0.0,0.14285714285714285,0.14285714285714285,2.142857142857143,1.2857142857142858,0.14285714285714285,0.0,0.0,0.0,0.0,0.0,0.8571428571428571,0.42857142857142855,0.14285714285714285,0.0,0.0,0.0,0.0,0.0,0.14285714285714285,0.14285714285714285,0.42857142857142855,11.0,8.428571428571429,0.42857142857142855
2026,003085,Graham Bundy,M,Midfield,last_10,10,2026-06-06,2026-08-29,ARC|ATL|CAN|CHA|RED|WAT|WHP,OUT,15.0,12.0,4.0,4.0,8.0,3.0,33.0,22,14.0,0.0,0.0,0.0,0.0,0.0,2.0,5.0,0.0,0,0,0,0.0,0.0,1.0,1.0,10.0,201.0,163.0,0.24242424242424243,0.6666666666666666,,,,,0.3,0.2857142857142857,1.5,1.2,0.4,0.4,0.8,0.3,3.3,2.2,1.4,0.0,0.0,0.0,0.0,0.0,0.2,0.5,0.0,0.0,0.0,0.0,0.0,0.0,0.1,0.1,1.0,20.1,16.3,1.0
2026,003087,Beau Pederson,SSDM,Defensive Midfield,last_10,10,2026-05-30,2026-08-08,ATL|CAN|CHA|OUT|RED|WAT|WHP,ARC,4.0,3.0,3.0,0.0,3.0,1.0,5.0,4,1.0,0.0,0.0,0.0,0.0,0.0,10.0,5.0,5.0,1,9,10,0.0,0.0,3.0,3.5,4.0,59.0,49.0,0.6,0.8,0.1,,,,0.25,0.0,0.4,0.3,0.3,0.0,0.3,0.1,0.5,0.4,0.1,0.0,0.0,0.0,0.0,0.0,1.0,0.5,0.5,0.1,0.9,1.0,0.0,0.0,0.3,0.35,0.4,5.9,4.9,0.4
2026,003089,Kenny Brower,D,Defense,last_10,10,2026-05-31,2026-08-16,ARC|ATL|CAN|CHA|OUT|RED|WHP,WAT,0.0,0.0,0.0,0.0,0.0,0.0,2.0,1,1.0,0.0,0.0,0.0,0.0,0.0,14.0,2.0,11.0,0,0,0,0.0,0.0,7.0,7.5,0.0,58.0,54.0,0.0,0.5,,,,,,0.0,0.0,0.0,0.0,0.0,0.0,0.0,0.2,0.1,0.1,0.0,0.0,0.0,0.0,0.0,1.4,0.2,1.1,0.0,0.0,0.0,0.0,0.0,0.7,0.75,0.0,5.8,5.4,0.0
2026,003090,Dyson Williams,M,Midfield,last_10,1,2026-05-09,2026-05-09,RED,ARC,0.0,0.0,0.0,0.0,0.0,0.0,4.0,3,0.0,0.0,0.0,0.0,0.0,0.0,1.0,0.0,0.0,0,0,0,0.0,0.0,0.0,0.0,0.0,9.0,5.0,0.0,0.75,,,,,,,0.0,0.0,0.0,0.0,0.0,0.0,4.0,3.0,0.0,0.0,0.0,0.0,0.0,0.0,1.0,0.0,0.0,0.0,0.0,0.0,0.0,0.0,0.0,0.0,0.0,9.0,5.0,0.0
2026,003091,Garrett Degnon,M,Midfield,last_10,1,2026-08-07,2026-08-07,CAN,WHP,0.0,0.0,0.0,0.0,0.0,0.0,4.0,2,2.0,0.0,0.0,0.0,0.0,0.0,1.0,1.0,0.0,0,0,0,0.0,0.0,0.0,0.0,1.0,17.0,12.0,0.0,0.5,,,,,0.0,0.0,0.0,0.0,0.0,0.0,0.0,0.0,4.0,2.0,2.0,0.0,0.0,0.0,0.0,0.0,1.0,1.0,0.0,0.0,0.0,0.0,0.0,0.0,0.0,0.0,1.0,17.0,12.0,1.0
2026,003093,Ross Scott,M,Midfield,last_10,10,2026-05-31,2026-08-08,ARC|CAN|OUT|RED|WAT|WHP,CHA,22.0,14.0,14.0,0.0,14.0,8.0,32.0,25,0.0,0.0,0.0,0.0,0.0,0.0,7.0,16.0,1.0,0,0,0,0.0,0.0,0.0,0.0,26.0,225.0,177.0,0.4375,0.78125,,,,,0.3076923076923077,,2.2,1.4,1.4,0.0,1.4,0.8,3.2,2.5,0.0,0.0,0.0,0.0,0.0,0.0,0.7,1.6,0.1,0.0,0.0,0.0,0.0,0.0,0.0,0.0,2.6,22.5,17.7,2.6
2026,003094,Levi Anderson,M,Midfield,last_10,9,2026-05-09,2026-08-02,ARC|CAN|CHA|OUT|RED|WAT|WHP,ATL,12.0,10.0,6.0,2.0,8.0,2.0,35.0,19,3.0,0.0,0.0,0.0,0.0,0.0,9.0,8.0,0.0,0,0,0,0.0,0.0,2.0,1.0,11.0,120.0,77.0,0.22857142857142856,0.5428571428571428,,,,,0.18181818181818182,0.6666666666666666,1.3333333333333333,1.1111111111111112,0.6666666666666666,0.2222222222222222,0.8888888888888888,0.2222222222222222,3.888888888888889,2.111111111111111,0.3333333333333333,0.0,0.0,0.0,0.0,0.0,1.0,0.8888888888888888,0.0,0.0,0.0,0.0,0.0,0.0,0.2222222222222222,0.1111111111111111,1.2222222222222223,13.333333333333334,8.555555555555555,1.2222222222222223
2026,003096,Marcus Hudgins,D,Defense,last_10,10,2026-05-31,2026-08-16,ARC|ATL|CAN|CHA|OUT|RED|WHP,WAT,1.0,0.0,0.0,0.0,0.0,1.0,1.0,1,0.0,0.0,0.0,0.0,0.0,0.0,15.0,3.0,7.0,0,0,0,0.0,0.0,0.0,0.0,2.0,42.0,38.0,0.0,1.0,,,,,0.5,,0.1,0.0,0.0,0.0,0.0,0.1,0.1,0.1,0.0,0.0,0.0,0.0,0.0,0.0,1.5,0.3,0.7,0.0,0.0,0.0,0.0,0.0,0.0,0.0,0.2,4.2,3.8,0.2
2026,003098,Luke Wierman,FO,Faceoff,last_10,10,2026-06-06,2026-08-29,ARC|ATL|CAN|CHA|RED|WAT|WHP,OUT,5.0,2.0,2.0,0.0,2.0,3.0,14.0,6,4.0,0.0,0.0,0.0,0.0,0.0,76.0,11.0,2.0,133,118,255,0.0,0.0,1.0,0.5,5.0,89.0,64.0,0.14285714285714285,0.42857142857142855,0.5215686274509804,,,,0.6,0.0,0.5,0.2,0.2,0.0,0.2,0.3,1.4,0.6,0.4,0.0,0.0,0.0,0.0,0.0,7.6,1.1,0.2,13.3,11.8,25.5,0.0,0.0,0.1,0.05,0.5,8.9,6.4,0.5
2026,003099,Tyler Carpenter,LSM,Long Stick Midfield,last_10,10,2026-05-30,2026-08-15,ARC|CAN|OUT|RED|WAT|WHP,ATL,1.0,1.0,1.0,0.0,1.0,0.0,3.0,2,1.0,0.0,0.0,0.0,0.0,0.0,21.0,3.0,6.0,0,0,0,0.0,0.0,1.0,1.0,3.0,51.0,45.0,0.3333333333333333,0.6666666666666666,,,,,0.0,0.0,0.1,0.1,0.1,0.0,0.1,0.0,0.3,0.2,0.1,0.0,0.0,0.0,0.0,0.0,2.1,0.3,0.6,0.0,0.0,0.0,0.0,0.0,0.1,0.1,0.3,5.1,4.5,0.3
2026,003100,Adam Poitras,M,Midfield,last_10,10,2026-05-30,2026-08-30,ARC|ATL|CAN|CHA|OUT|RED|WAT,WHP,19.0,17.0,17.0,0.0,17.0,2.0,35.0,29,1.0,0.0,0.0,0.0,0.0,0.0,27.0,5.0,2.0,0,0,0,0.0,0.0,2.0,1.0,7.0,227.0,187.0,0.4857142857142857,0.8285714285714286,,,,,0.2857142857142857,0.0,1.9,1.7,1.7,0.0,1.7,0.2,3.5,2.9,0.1,0.0,0.0,0.0,0.0,0.0,2.7,0.5,0.2,0.0,0.0,0.0,0.0,0.0,0.2,0.1,0.7,22.7,18.7,0.7
2026,003101,Dylan Hess,SSDM,Defensive Midfield,last_10,1,2026-05-09,2026-05-09,WHP,WAT,1.0,1.0,1.0,0.0,1.0,0.0,1.0,1,0.0,0.0,0.0,0.0,0.0,0.0,3.0,0.0,0.0,0,0,0,0.0,0.0,0.0,0.0,2.0,9.0,8.0,1.0,1.0,,,,,0.0,,1.0,1.0,1.0,0.0,1.0,0.0,1.0,1.0,0.0,0.0,0.0,0.0,0.0,0.0,3.0,0.0,0.0,0.0,0.0,0.0,0.0,0.0,0.0,0.0,2.0,9.0,8.0,2.0
2026,003103,Scott Smith,D,Defense,last_10,10,2026-05-31,2026-08-08,ARC|CAN|OUT|RED|WAT|WHP,CHA,3.0,1.0,1.0,0.0,1.0,2.0,5.0,3,3.0,0.0,0.0,0.0,0.0,0.0,26.0,3.0,9.0,0,0,0,0.0,0.0,5.0,5.5,4.0,62.0,54.0,0.2,0.6,,,,,0.5,0.0,0.3,0.1,0.1,0.0,0.1,0.2,0.5,0.3,0.3,0.0,0.0,0.0,0.0,0.0,2.6,0.3,0.9,0.0,0.0,0.0,0.0,0.0,0.5,0.55,0.4,6.2,5.4,0.4
2026,003104,Michael Boehm,A,Attack,last_10,7,2026-05-09,2026-08-30,ARC|ATL|CAN|OUT|WAT,RED|WHP,15.0,5.0,5.0,0.0,5.0,10.0,27.0,15,2.0,0.0,0.0,0.0,0.0,0.0,10.0,10.0,1.0,0,0,0,0.0,0.0,2.0,1.5,20.0,226.0,189.0,0.18518518518518517,0.5555555555555556,,,,,0.5,0.0,2.142857142857143,0.7142857142857143,0.7142857142857143,0.0,0.7142857142857143,1.4285714285714286,3.857142857142857,2.142857142857143,0.2857142857142857,0.0,0.0,0.0,0.0,0.0,1.4285714285714286,1.4285714285714286,0.14285714285714285,0.0,0.0,0.0,0.0,0.0,0.2857142857142857,0.21428571428571427,2.857142857142857,32.285714285714285,27.0,2.857142857142857
2026,003105,Cole Kastner,D,Defense,last_10,5,2026-05-09,2026-08-29,ARC|ATL|CAN|OUT,RED,0.0,0.0,0.0,0.0,0.0,0.0,0.0,0,0.0,0.0,0.0,0.0,0.0,0.0,3.0,1.0,5.0,0,0,0,0.0,0.0,0.0,0.0,2.0,31.0,30.0,,,,,,,0.0,,0.0,0.0,0.0,0.0,0.0,0.0,0.0,0.0,0.0,0.0,0.0,0.0,0.0,0.0,0.6,0.2,1.0,0.0,0.0,0.0,0.0,0.0,0.0,0.0,0.4,6.2,6.0,0.4
2026,003106,Dalton Young,M,Midfield,last_10,10,2026-06-06,2026-08-29,ARC|ATL|CAN|CHA|RED|WAT|WHP,OUT,25.0,16.0,16.0,0.0,16.0,9.0,37.0,29,0.0,0.0,0.0,0.0,0.0,0.0,9.0,22.0,1.0,0,0,0,0.0,0.0,1.0,0.5,17.0,240.0,181.0,0.43243243243243246,0.7837837837837838,,,,,0.5294117647058824,,2.5,1.6,1.6,0.0,1.6,0.9,3.7,2.9,0.0,0.0,0.0,0.0,0.0,0.0,0.9,2.2,0.1,0.0,0.0,0.0,0.0,0.0,0.1,0.05,1.7,24.0,18.1,1.7
2026,003108,Will Mark,G,Goalie,last_10,2,2026-08-02,2026-08-08,OUT|RED,ATL,0.0,0.0,0.0,0.0,0.0,0.0,0.0,0,0.0,7.0,2.0,5.0,3.0,6.0,3.0,0.0,1.0,0,0,0,3.0,0.0,0.0,0.0,0.0,5.0,5.0,,,,0.7,28.57142857142857,0.2,,,0.0,0.0,0.0,0.0,0.0,0.0,0.0,0.0,0.0,3.5,1.0,2.5,1.5,3.0,1.5,0.0,0.5,0.0,0.0,0.0,1.5,0.0,0.0,0.0,0.0,2.5,2.5,0.0
2026,003109,Chris Conlin,D,Defense,last_10,10,2026-06-20,2026-08-29,ARC|ATL|CAN|CHA|OUT|WAT|WHP,RED,0.0,0.0,0.0,0.0,0.0,0.0,0.0,0,0.0,0.0,0.0,0.0,0.0,0.0,21.0,2.0,13.0,0,0,0,0.0,0.0,0.0,0.0,0.0,72.0,70.0,,,,,,,,,0.0,0.0,0.0,0.0,0.0,0.0,0.0,0.0,0.0,0.0,0.0,0.0,0.0,0.0,2.1,0.2,1.3,0.0,0.0,0.0,0.0,0.0,0.0,0.0,0.0,7.2,7.0,0.0
2026,003111,AJ Mercurio,D,Defense,last_10,1,2026-05-09,2026-05-09,WAT,WHP,0.0,0.0,0.0,0.0,0.0,0.0,0.0,0,0.0,0.0,0.0,0.0,0.0,0.0,0.0,1.0,1.0,0,0,0,0.0,0.0,0.0,0.0,1.0,4.0,3.0,,,,,,,0.0,,0.0,0.0,0.0,0.0,0.0,0.0,0.0,0.0,0.0,0.0,0.0,0.0,0.0,0.0,0.0,1.0,1.0,0.0,0.0,0.0,0.0,0.0,0.0,0.0,1.0,4.0,3.0,1.0
2026,003119,Alec Stathakis,FO,Faceoff,last_10,7,2026-07-10,2026-08-16,ARC|ATL|CHA|OUT|RED|WHP,WAT,1.0,1.0,1.0,0.0,1.0,0.0,9.0,3,3.0,0.0,0.0,0.0,0.0,0.0,47.0,5.0,0.0,101,73,176,0.0,0.0,0.0,0.0,1.0,57.0,43.0,0.1111111111111111,0.3333333333333333,0.5738636363636364,,,,0.0,0.0,0.14285714285714285,0.14285714285714285,0.14285714285714285,0.0,0.14285714285714285,0.0,1.2857142857142858,0.42857142857142855,0.42857142857142855,0.0,0.0,0.0,0.0,0.0,6.714285714285714,0.7142857142857143,0.0,14.428571428571429,10.428571428571429,25.142857142857142,0.0,0.0,0.0,0.0,0.14285714285714285,8.142857142857142,6.142857142857143,0.14285714285714285
2026,003121,Brayden Mayea,A,Attack,last_10,3,2026-05-09,2026-07-10,ARC|OUT|WAT,RED,5.0,5.0,5.0,0.0,5.0,0.0,10.0,7,0.0,0.0,0.0,0.0,0.0,0.0,8.0,1.0,1.0,0,0,0,0.0,0.0,2.0,1.0,4.0,59.0,48.0,0.5,0.7,,,,,0.0,,1.6666666666666667,1.6666666666666667,1.6666666666666667,0.0,1.6666666666666667,0.0,3.3333333333333335,2.3333333333333335,0.0,0.0,0.0,0.0,0.0,0.0,2.6666666666666665,0.3333333333333333,0.3333333333333333,0.0,0.0,0.0,0.0,0.0,0.6666666666666666,0.3333333333333333,1.3333333333333333,19.666666666666668,16.0,1.3333333333333333
2026,003128,Jack Posey,D,Defense,last_10,8,2026-05-09,2026-08-30,ARC|ATL|CAN|CHA|OUT|RED|WAT,WHP,0.0,0.0,0.0,0.0,0.0,0.0,2.0,2,2.0,0.0,0.0,0.0,0.0,0.0,11.0,4.0,7.0,0,0,0,0.0,0.0,3.0,4.0,0.0,20.0,14.0,0.0,1.0,,,,,,0.0,0.0,0.0,0.0,0.0,0.0,0.0,0.25,0.25,0.25,0.0,0.0,0.0,0.0,0.0,1.375,0.5,0.875,0.0,0.0,0.0,0.0,0.0,0.375,0.5,0.0,2.5,1.75,0.0
2026,003145,JC Higginbotham,G,Goalie,last_10,7,2026-06-07,2026-08-30,ARC|CHA|RED|WAT|WHP,CAN,0.0,0.0,0.0,0.0,0.0,0.0,1.0,0,1.0,54.0,20.0,34.0,38.0,42.42932858122001,9.0,2.0,0.0,0,0,0,38.0,0.0,0.0,0.0,0.0,52.0,49.0,0.0,0.0,,0.5869565217391305,37.03703703703704,0.21739130434782608,,0.0,0.0,0.0,0.0,0.0,0.0,0.0,0.14285714285714285,0.0,0.14285714285714285,7.714285714285714,2.857142857142857,4.857142857142857,5.428571428571429,6.061332654460002,1.2857142857142858,0.2857142857142857,0.0,0.0,0.0,0.0,5.428571428571429,0.0,0.0,0.0,0.0,7.428571428571429,7.0,0.0
2026,003151,Nathan Laliberte,FO,Faceoff,last_10,4,2026-05-09,2026-06-21,CAN|CHA|WHP,ATL,2.0,1.0,1.0,0.0,1.0,1.0,7.0,2,2.0,0.0,0.0,0.0,0.0,0.0,21.0,5.0,2.0,48,57,105,0.0,0.0,2.0,1.5,2.0,21.0,9.0,0.14285714285714285,0.2857142857142857,0.45714285714285713,,,,0.5,0.0,0.5,0.25,0.25,0.0,0.25,0.25,1.75,0.5,0.5,0.0,0.0,0.0,0.0,0.0,5.25,1.25,0.5,12.0,14.25,26.25,0.0,0.0,0.5,0.375,0.5,5.25,2.25,0.5
2026,003152,James Shipley,SSDM,Defensive Midfield,last_10,2,2026-05-09,2026-07-12,CHA|WAT,WHP,1.0,0.0,0.0,0.0,0.0,1.0,0.0,0,0.0,0.0,0.0,0.0,0.0,0.0,3.0,2.0,1.0,0,2,2,0.0,0.0,0.0,0.0,2.0,21.0,19.0,,,0.0,,,,0.5,,0.5,0.0,0.0,0.0,0.0,0.5,0.0,0.0,0.0,0.0,0.0,0.0,0.0,0.0,1.5,1.0,0.5,0.0,1.0,1.0,0.0,0.0,0.0,0.0,1.0,10.5,9.5,1.0
2026,003153,Richie Connell,A,Attack,last_10,5,2026-07-12,2026-08-07,ARC|CAN|CHA|OUT|RED,WHP,5.0,5.0,5.0,0.0,5.0,0.0,19.0,8,0.0,0.0,0.0,0.0,0.0,0.0,2.0,6.0,0.0,0,0,0,0.0,0.0,0.0,0.0,6.0,84.0,59.0,0.2631578947368421,0.42105263157894735,,,,,0.0,,1.0,1.0,1.0,0.0,1.0,0.0,3.8,1.6,0.0,0.0,0.0,0.0,0.0,0.0,0.4,1.2,0.0,0.0,0.0,0.0,0.0,0.0,0.0,0.0,1.2,16.8,11.8,1.2
2026,003156,Aidan Danenza,M,Midfield,last_10,10,2026-06-20,2026-08-29,ARC|ATL|CAN|CHA|OUT|WAT|WHP,RED,16.0,6.0,6.0,0.0,6.0,10.0,39.0,27,7.0,0.0,0.0,0.0,0.0,0.0,9.0,9.0,4.0,0,0,0,0.0,0.0,1.0,0.5,19.0,253.0,205.0,0.15384615384615385,0.6923076923076923,,,,,0.5263157894736842,0.0,1.6,0.6,0.6,0.0,0.6,1.0,3.9,2.7,0.7,0.0,0.0,0.0,0.0,0.0,0.9,0.9,0.4,0.0,0.0,0.0,0.0,0.0,0.1,0.05,1.9,25.3,20.5,1.9
2026,003157,Graydon Hogg,M,Midfield,last_10,10,2026-05-29,2026-08-30,ARC|ATL|CHA|OUT|RED|WHP,CAN,14.0,11.0,11.0,0.0,11.0,3.0,37.0,26,0.0,0.0,0.0,0.0,0.0,0.0,8.0,4.0,0.0,0,0,0,0.0,0.0,1.0,1.0,5.0,187.0,146.0,0.2972972972972973,0.7027027027027027,,,,,0.6,,1.4,1.1,1.1,0.0,1.1,0.3,3.7,2.6,0.0,0.0,0.0,0.0,0.0,0.0,0.8,0.4,0.0,0.0,0.0,0.0,0.0,0.0,0.1,0.1,0.5,18.7,14.6,0.5
2026,003159,CJ Kirst,A,Attack,last_10,10,2026-05-31,2026-08-16,ARC|ATL|CAN|CHA|OUT|RED|WHP,WAT,39.0,34.0,34.0,0.0,34.0,5.0,84.0,60,1.0,0.0,0.0,0.0,0.0,0.0,16.0,14.0,4.0,0,0,0,0.0,0.0,1.0,0.5,40.0,351.0,253.0,0.40476190476190477,0.7142857142857143,,,,,0.125,0.0,3.9,3.4,3.4,0.0,3.4,0.5,8.4,6.0,0.1,0.0,0.0,0.0,0.0,0.0,1.6,1.4,0.4,0.0,0.0,0.0,0.0,0.0,0.1,0.05,4.0,35.1,25.3,4.0
2026,003160,Andrew McAdorey,M,Midfield,last_10,10,2026-06-20,2026-08-29,ARC|ATL|CAN|CHA|OUT|WAT|WHP,RED,22.0,13.0,11.0,1.0,12.0,9.0,51.0,26,7.0,0.0,0.0,0.0,0.0,0.0,8.0,10.0,0.0,1,5,6,0.0,0.0,1.0,0.5,22.0,304.0,243.0,0.23529411764705882,0.5098039215686274,0.16666666666666666,,,,0.4090909090909091,0.14285714285714285,2.2,1.3,1.1,0.1,1.2,0.9,5.1,2.6,0.7,0.0,0.0,0.0,0.0,0.0,0.8,1.0,0.0,0.1,0.5,0.6,0.0,0.0,0.1,0.05,2.2,30.4,24.3,2.2
2026,003161,Sam English,M,Midfield,last_10,10,2026-06-20,2026-08-29,ARC|ATL|CAN|CHA|OUT|WAT|WHP,RED,15.0,10.0,10.0,0.0,10.0,5.0,37.0,23,2.0,0.0,0.0,0.0,0.0,0.0,27.0,13.0,2.0,0,2,2,0.0,0.0,0.0,0.0,14.0,169.0,119.0,0.2702702702702703,0.6216216216216216,0.0,,,,0.35714285714285715,0.0,1.5,1.0,1.0,0.0,1.0,0.5,3.7,2.3,0.2,0.0,0.0,0.0,0.0,0.0,2.7,1.3,0.2,0.0,0.2,0.2,0.0,0.0,0.0,0.0,1.4,16.9,11.9,1.4
2026,003162,Coulter Mackesy,A,Attack,last_10,10,2026-06-07,2026-08-30,ARC|ATL|CHA|OUT|RED|WAT|WHP,CAN,29.0,17.0,15.0,1.0,16.0,12.0,71.0,49,7.0,0.0,0.0,0.0,0.0,0.0,16.0,12.0,0.0,0,0,0,0.0,0.0,4.0,2.5,38.0,418.0,335.0,0.22535211267605634,0.6901408450704225,,,,,0.3157894736842105,0.14285714285714285,2.9,1.7,1.5,0.1,1.6,1.2,7.1,4.9,0.7,0.0,0.0,0.0,0.0,0.0,1.6,1.2,0.0,0.0,0.0,0.0,0.0,0.0,0.4,0.25,3.8,41.8,33.5,3.8
2026,003163,Brendan Lavelle,D,Defense,last_10,10,2026-05-30,2026-08-08,ATL|CAN|CHA|OUT|RED|WAT|WHP,ARC,0.0,0.0,0.0,0.0,0.0,0.0,0.0,0,0.0,0.0,0.0,0.0,0.0,0.0,30.0,4.0,13.0,0,0,0,0.0,0.0,3.0,3.0,0.0,62.0,58.0,,,,,,,,,0.0,0.0,0.0,0.0,0.0,0.0,0.0,0.0,0.0,0.0,0.0,0.0,0.0,0.0,3.0,0.4,1.3,0.0,0.0,0.0,0.0,0.0,0.3,0.3,0.0,6.2,5.8,0.0
2026,003164,Matt Traynor,M,Midfield,last_10,10,2026-05-16,2026-08-15,ARC|CAN|OUT|RED|WAT|WHP,ATL,25.0,19.0,19.0,0.0,19.0,6.0,64.0,47,3.0,0.0,0.0,0.0,0.0,0.0,11.0,23.0,1.0,0,0,0,0.0,0.0,1.0,0.5,29.0,246.0,159.0,0.296875,0.734375,,,,,0.20689655172413793,0.0,2.5,1.9,1.9,0.0,1.9,0.6,6.4,4.7,0.3,0.0,0.0,0.0,0.0,0.0,1.1,2.3,0.1,0.0,0.0,0.0,0.0,0.0,0.1,0.05,2.9,24.6,15.9,2.9
2026,003165,Aidan Carroll,M,Midfield,last_10,10,2026-05-30,2026-08-30,ARC|ATL|CAN|CHA|OUT|RED|WAT,WHP,25.0,20.0,20.0,0.0,20.0,5.0,61.0,36,4.0,0.0,0.0,0.0,0.0,0.0,9.0,13.0,1.0,0,0,0,0.0,0.0,0.0,0.0,13.0,307.0,233.0,0.32786885245901637,0.5901639344262295,,,,,0.38461538461538464,0.0,2.5,2.0,2.0,0.0,2.0,0.5,6.1,3.6,0.4,0.0,0.0,0.0,0.0,0.0,0.9,1.3,0.1,0.0,0.0,0.0,0.0,0.0,0.0,0.0,1.3,30.7,23.3,1.3
2026,003166,Owen Hiltz,A,Attack,last_10,10,2026-05-31,2026-08-08,ARC|CAN|OUT|RED|WAT|WHP,CHA,19.0,12.0,12.0,0.0,12.0,7.0,49.0,25,1.0,0.0,0.0,0.0,0.0,0.0,11.0,13.0,2.0,0,0,0,0.0,0.0,1.0,0.5,19.0,251.0,189.0,0.24489795918367346,0.5102040816326531,,,,,0.3684210526315789,0.0,1.9,1.2,1.2,0.0,1.2,0.7,4.9,2.5,0.1,0.0,0.0,0.0,0.0,0.0,1.1,1.3,0.2,0.0,0.0,0.0,0.0,0.0,0.1,0.05,1.9,25.1,18.9,1.9
2026,003167,Jake Taylor,A,Attack,last_10,5,2026-05-09,2026-08-29,ATL|CAN|RED|WHP,OUT|WAT,10.0,8.0,8.0,0.0,8.0,2.0,21.0,14,0.0,0.0,0.0,0.0,0.0,0.0,8.0,4.0,1.0,0,0,0,0.0,0.0,0.0,0.0,3.0,67.0,42.0,0.38095238095238093,0.6666666666666666,,,,,0.6666666666666666,,2.0,1.6,1.6,0.0,1.6,0.4,4.2,2.8,0.0,0.0,0.0,0.0,0.0,0.0,1.6,0.8,0.2,0.0,0.0,0.0,0.0,0.0,0.0,0.0,0.6,13.4,8.4,0.6
2026,003168,Chris Kavanagh,A,Attack,last_10,10,2026-06-20,2026-08-29,ARC|ATL|CAN|CHA|OUT|WAT|WHP,RED,33.0,23.0,21.0,1.0,22.0,10.0,71.0,53,9.0,0.0,0.0,0.0,0.0,0.0,10.0,14.0,2.0,0,0,0,0.0,0.0,2.0,1.5,40.0,360.0,275.0,0.30985915492957744,0.7464788732394366,,,,,0.25,0.1111111111111111,3.3,2.3,2.1,0.1,2.2,1.0,7.1,5.3,0.9,0.0,0.0,0.0,0.0,0.0,1.0,1.4,0.2,0.0,0.0,0.0,0.0,0.0,0.2,0.15,4.0,36.0,27.5,4.0
2026,003169,Logan McNaney,G,Goalie,last_10,10,2026-05-30,2026-08-29,ARC|ATL|CAN|CHA|RED|WAT|WHP,OUT,0.0,0.0,0.0,0.0,0.0,0.0,1.0,1,1.0,97.0,62.0,35.0,113.0,144.95646,21.0,5.0,5.0,0,0,0,105.0,8.0,0.0,0.0,0.0,164.0,158.0,0.0,1.0,,0.4801980198019802,63.91752577319587,0.3069306930693069,,0.0,0.0,0.0,0.0,0.0,0.0,0.0,0.1,0.1,0.1,9.7,6.2,3.5,11.3,14.495645999999999,2.1,0.5,0.5,0.0,0.0,0.0,10.5,0.8,0.0,0.0,0.0,16.4,15.8,0.0
2026,003170,Mic Kelly,M,Midfield,last_10,10,2026-05-17,2026-08-09,ARC|ATL|OUT|RED|WAT|WHP,CAN,18.0,11.0,9.0,1.0,10.0,7.0,50.0,34,6.0,0.0,0.0,0.0,0.0,0.0,5.0,9.0,2.0,0,0,0,0.0,0.0,2.0,2.0,26.0,269.0,210.0,0.2,0.68,,,,,0.2692307692307692,0.16666666666666666,1.8,1.1,0.9,0.1,1.0,0.7,5.0,3.4,0.6,0.0,0.0,0.0,0.0,0.0,0.5,0.9,0.2,0.0,0.0,0.0,0.0,0.0,0.2,0.2,2.6,26.9,21.0,2.6
2026,003172,Max Krevsky,SSDM,Defensive Midfield,last_10,9,2026-05-09,2026-08-15,ARC|CAN|CHA|OUT|RED|WAT|WHP,ATL,3.0,1.0,1.0,0.0,1.0,2.0,14.0,5,2.0,0.0,0.0,0.0,0.0,0.0,13.0,4.0,8.0,0,9,9,0.0,0.0,3.0,3.0,8.0,73.0,55.0,0.07142857142857142,0.35714285714285715,0.0,,,,0.25,0.0,0.3333333333333333,0.1111111111111111,0.1111111111111111,0.0,0.1111111111111111,0.2222222222222222,1.5555555555555556,0.5555555555555556,0.2222222222222222,0.0,0.0,0.0,0.0,0.0,1.4444444444444444,0.4444444444444444,0.8888888888888888,0.0,1.0,1.0,0.0,0.0,0.3333333333333333,0.3333333333333333,0.8888888888888888,8.11111111111111,6.111111111111111,0.8888888888888888
2026,003173,Jack McDonald,LSM,Long Stick Midfield,last_10,10,2026-05-09,2026-08-30,ARC|ATL|CAN|OUT|RED|WAT,WHP,0.0,0.0,0.0,0.0,0.0,0.0,2.0,2,0.0,0.0,0.0,0.0,0.0,0.0,10.0,1.0,5.0,0,0,0,0.0,0.0,2.0,2.0,2.0,34.0,31.0,0.0,1.0,,,,,0.0,,0.0,0.0,0.0,0.0,0.0,0.0,0.2,0.2,0.0,0.0,0.0,0.0,0.0,0.0,1.0,0.1,0.5,0.0,0.0,0.0,0.0,0.0,0.2,0.2,0.2,3.4,3.1,0.2
2026,003174,Sam King,M,Midfield,last_10,10,2026-05-30,2026-08-08,ATL|CAN|CHA|OUT|RED|WAT|WHP,ARC,28.0,20.0,20.0,0.0,20.0,8.0,70.0,39,1.0,0.0,0.0,0.0,0.0,0.0,16.0,19.0,1.0,0,0,0,0.0,0.0,1.0,0.5,30.0,331.0,242.0,0.2857142857142857,0.5571428571428572,,,,,0.26666666666666666,0.0,2.8,2.0,2.0,0.0,2.0,0.8,7.0,3.9,0.1,0.0,0.0,0.0,0.0,0.0,1.6,1.9,0.1,0.0,0.0,0.0,0.0,0.0,0.1,0.05,3.0,33.1,24.2,3.0
2026,003176,Emmet Carroll,G,Goalie,last_10,10,2026-05-30,2026-08-30,ARC|ATL|CAN|CHA|OUT|RED|WAT,WHP,0.0,0.0,0.0,0.0,0.0,0.0,2.0,0,2.0,134.0,46.0,88.0,112.0,111.81768334475669,19.0,4.0,2.0,0,0,0,107.0,5.0,0.0,0.0,1.0,196.0,190.0,0.0,0.0,,0.5560165975103735,34.32835820895522,0.1908713692946058,0.0,0.0,0.0,0.0,0.0,0.0,0.0,0.0,0.2,0.0,0.2,13.4,4.6,8.8,11.2,11.181768334475668,1.9,0.4,0.2,0.0,0.0,0.0,10.7,0.5,0.0,0.0,0.1,19.6,19.0,0.1
2026,003177,Mitchell Dunham,D,Defense,last_10,10,2026-05-30,2026-08-08,ATL|CAN|CHA|OUT|RED|WAT|WHP,ARC,1.0,0.0,0.0,0.0,0.0,1.0,1.0,0,1.0,0.0,0.0,0.0,0.0,0.0,19.0,0.0,4.0,0,0,0,0.0,0.0,4.0,5.0,2.0,32.0,31.0,0.0,0.0,,,,,0.5,0.0,0.1,0.0,0.0,0.0,0.0,0.1,0.1,0.0,0.1,0.0,0.0,0.0,0.0,0.0,1.9,0.0,0.4,0.0,0.0,0.0,0.0,0.0,0.4,0.5,0.2,3.2,3.1,0.2
2026,003179,Ben Wayer,LSM,Long Stick Midfield,last_10,3,2026-05-09,2026-06-07,CAN|WHP,WAT,0.0,0.0,0.0,0.0,0.0,0.0,5.0,2,5.0,0.0,0.0,0.0,0.0,0.0,5.0,1.0,2.0,0,0,0,0.0,0.0,1.0,0.5,1.0,23.0,17.0,0.0,0.4,,,,,0.0,0.0,0.0,0.0,0.0,0.0,0.0,0.0,1.6666666666666667,0.6666666666666666,1.6666666666666667,0.0,0.0,0.0,0.0,0.0,1.6666666666666667,0.3333333333333333,0.6666666666666666,0.0,0.0,0.0,0.0,0.0,0.3333333333333333,0.16666666666666666,0.3333333333333333,7.666666666666667,5.666666666666667,0.3333333333333333
2026,003180,Christian Mazur,SSDM,Defensive Midfield,last_10,2,2026-08-16,2026-08-30,CAN|WAT,WHP,2.0,2.0,2.0,0.0,2.0,0.0,3.0,2,0.0,0.0,0.0,0.0,0.0,0.0,1.0,0.0,0.0,0,1,1,0.0,0.0,1.0,0.5,0.0,18.0,15.0,0.6666666666666666,0.6666666666666666,0.0,,,,,,1.0,1.0,1.0,0.0,1.0,0.0,1.5,1.0,0.0,0.0,0.0,0.0,0.0,0.0,0.5,0.0,0.0,0.0,0.5,0.5,0.0,0.0,0.5,0.25,0.0,9.0,7.5,0.0
2026,003181,Jimmy Freehill,D,Defense,last_10,10,2026-05-31,2026-08-16,ARC|ATL|CAN|CHA|OUT|RED|WHP,WAT,5.0,4.0,0.0,2.0,2.0,1.0,12.0,7,12.0,0.0,0.0,0.0,0.0,0.0,10.0,3.0,6.0,0,0,0,0.0,0.0,3.0,2.5,2.0,48.0,33.0,0.16666666666666666,0.5833333333333334,,,,,0.5,0.16666666666666666,0.5,0.4,0.0,0.2,0.2,0.1,1.2,0.7,1.2,0.0,0.0,0.0,0.0,0.0,1.0,0.3,0.6,0.0,0.0,0.0,0.0,0.0,0.3,0.25,0.2,4.8,3.3,0.2
2026,003182,Kevin Parnham,D,Defense,last_10,4,2026-05-09,2026-08-16,ARC|ATL|RED|WAT,OUT,0.0,0.0,0.0,0.0,0.0,0.0,1.0,0,1.0,0.0,0.0,0.0,0.0,0.0,5.0,0.0,3.0,0,0,0,0.0,0.0,1.0,1.0,0.0,37.0,36.0,0.0,0.0,,,,,,0.0,0.0,0.0,0.0,0.0,0.0,0.0,0.25,0.0,0.25,0.0,0.0,0.0,0.0,0.0,1.25,0.0,0.75,0.0,0.0,0.0,0.0,0.0,0.25,0.25,0.0,9.25,9.0,0.0
2026,003183,Jack Gray,SSDM,Defensive Midfield,last_10,10,2026-05-16,2026-08-29,ARC|ATL|CHA|RED|WAT|WHP,OUT,0.0,0.0,0.0,0.0,0.0,0.0,2.0,1,0.0,0.0,0.0,0.0,0.0,0.0,5.0,3.0,2.0,1,5,6,0.0,0.0,6.0,4.0,1.0,27.0,22.0,0.0,0.5,0.16666666666666666,,,,0.0,,0.0,0.0,0.0,0.0,0.0,0.0,0.2,0.1,0.0,0.0,0.0,0.0,0.0,0.0,0.5,0.3,0.2,0.1,0.5,0.6,0.0,0.0,0.6,0.4,0.1,2.7,2.2,0.1
2026,003184,Ben Ramsey,SSDM,Defensive Midfield,last_10,10,2026-06-07,2026-08-30,ARC|ATL|CHA|OUT|RED|WAT|WHP,CAN,1.0,1.0,1.0,0.0,1.0,0.0,3.0,3,1.0,0.0,0.0,0.0,0.0,0.0,14.0,3.0,4.0,0,0,0,0.0,0.0,2.0,1.0,4.0,80.0,74.0,0.3333333333333333,1.0,,,,,0.0,0.0,0.1,0.1,0.1,0.0,0.1,0.0,0.3,0.3,0.1,0.0,0.0,0.0,0.0,0.0,1.4,0.3,0.4,0.0,0.0,0.0,0.0,0.0,0.2,0.1,0.4,8.0,7.4,0.4
2026,003185,Carter Rice,SSDM,Defensive Midfield,last_10,10,2026-05-16,2026-08-09,ARC|ATL|CAN|CHA|OUT|WAT|WHP,RED,0.0,0.0,0.0,0.0,0.0,0.0,0.0,0,0.0,0.0,0.0,0.0,0.0,0.0,5.0,3.0,2.0,0,0,0,0.0,0.0,0.0,0.0,1.0,51.0,48.0,,,,,,,0.0,,0.0,0.0,0.0,0.0,0.0,0.0,0.0,0.0,0.0,0.0,0.0,0.0,0.0,0.0,0.5,0.3,0.2,0.0,0.0,0.0,0.0,0.0,0.0,0.0,0.1,5.1,4.8,0.1
2026,003186,Hugh Kelleher,M,Midfield,last_10,10,2026-05-30,2026-08-15,ARC|CAN|OUT|RED|WAT|WHP,ATL,15.0,12.0,10.0,1.0,11.0,3.0,41.0,30,8.0,0.0,0.0,0.0,0.0,0.0,12.0,8.0,1.0,0,0,0,0.0,0.0,1.0,0.5,12.0,169.0,120.0,0.2682926829268293,0.7317073170731707,,,,,0.25,0.125,1.5,1.2,1.0,0.1,1.1,0.3,4.1,3.0,0.8,0.0,0.0,0.0,0.0,0.0,1.2,0.8,0.1,0.0,0.0,0.0,0.0,0.0,0.1,0.05,1.2,16.9,12.0,1.2
2026,003188,Bryce Ford,M,Midfield,last_10,1,2026-05-09,2026-05-09,OUT,ARC,0.0,0.0,0.0,0.0,0.0,0.0,3.0,0,0.0,0.0,0.0,0.0,0.0,0.0,0.0,2.0,0.0,0,0,0,0.0,0.0,0.0,0.0,1.0,18.0,13.0,0.0,0.0,,,,,0.0,,0.0,0.0,0.0,0.0,0.0,0.0,3.0,0.0,0.0,0.0,0.0,0.0,0.0,0.0,0.0,2.0,0.0,0.0,0.0,0.0,0.0,0.0,0.0,0.0,1.0,18.0,13.0,1.0
2026,003192,Jackson Eicher,A,Attack,last_10,10,2026-05-31,2026-08-08,ARC|CAN|OUT|RED|WAT|WHP,CHA,13.0,9.0,9.0,0.0,9.0,4.0,49.0,27,9.0,0.0,0.0,0.0,0.0,0.0,11.0,14.0,1.0,0,0,0,0.0,0.0,1.0,0.5,17.0,202.0,139.0,0.1836734693877551,0.5510204081632653,,,,,0.23529411764705882,0.0,1.3,0.9,0.9,0.0,0.9,0.4,4.9,2.7,0.9,0.0,0.0,0.0,0.0,0.0,1.1,1.4,0.1,0.0,0.0,0.0,0.0,0.0,0.1,0.05,1.7,20.2,13.9,1.7
2026,003194,Colin Sharkey,SSDM,Defensive Midfield,last_10,2,2026-05-09,2026-05-09,OUT|RED,ARC,0.0,0.0,0.0,0.0,0.0,0.0,1.0,1,0.0,0.0,0.0,0.0,0.0,0.0,1.0,0.0,0.0,0,0,0,0.0,0.0,0.0,0.0,0.0,8.0,7.0,0.0,1.0,,,,,,,0.0,0.0,0.0,0.0,0.0,0.0,0.5,0.5,0.0,0.0,0.0,0.0,0.0,0.0,0.5,0.0,0.0,0.0,0.0,0.0,0.0,0.0,0.0,0.0,0.0,4.0,3.5,0.0
2026,003195,Brian Kelly,A,Attack,last_10,10,2026-06-07,2026-08-30,ARC|ATL|CHA|OUT|RED|WAT|WHP,CAN,24.0,19.0,19.0,0.0,19.0,5.0,45.0,32,1.0,0.0,0.0,0.0,0.0,0.0,12.0,21.0,1.0,0,0,0,0.0,0.0,2.0,1.5,20.0,316.0,250.0,0.4222222222222222,0.7111111111111111,,,,,0.25,0.0,2.4,1.9,1.9,0.0,1.9,0.5,4.5,3.2,0.1,0.0,0.0,0.0,0.0,0.0,1.2,2.1,0.1,0.0,0.0,0.0,0.0,0.0,0.2,0.15,2.0,31.6,25.0,2.0
2026,003203,CK Giancola,M,Midfield,last_10,3,2026-05-09,2026-05-30,OUT|RED|WHP,ARC,4.0,4.0,4.0,0.0,4.0,0.0,16.0,10,6.0,0.0,0.0,0.0,0.0,0.0,5.0,3.0,0.0,0,0,0,0.0,0.0,1.0,0.5,5.0,87.0,68.0,0.25,0.625,,,,,0.0,0.0,1.3333333333333333,1.3333333333333333,1.3333333333333333,0.0,1.3333333333333333,0.0,5.333333333333333,3.3333333333333335,2.0,0.0,0.0,0.0,0.0,0.0,1.6666666666666667,1.0,0.0,0.0,0.0,0.0,0.0,0.0,0.3333333333333333,0.16666666666666666,1.6666666666666667,29.0,22.666666666666668,1.6666666666666667
2026,003206,Greg Langermeier,SSDM,Defensive Midfield,last_10,2,2026-07-31,2026-08-01,RED|WAT,CHA,0.0,0.0,0.0,0.0,0.0,0.0,0.0,0,0.0,0.0,0.0,0.0,0.0,0.0,5.0,2.0,0.0,0,0,0,0.0,0.0,1.0,0.5,1.0,9.0,7.0,,,,,,,0.0,,0.0,0.0,0.0,0.0,0.0,0.0,0.0,0.0,0.0,0.0,0.0,0.0,0.0,0.0,2.5,1.0,0.0,0.0,0.0,0.0,0.0,0.0,0.5,0.25,0.5,4.5,3.5,0.5
2026,003209,Michael Lampert,A,Attack,last_10,1,2026-05-09,2026-05-09,WHP,WAT,0.0,0.0,0.0,0.0,0.0,0.0,1.0,0,0.0,0.0,0.0,0.0,0.0,0.0,0.0,0.0,0.0,0,0,0,0.0,0.0,0.0,0.0,0.0,7.0,6.0,0.0,0.0,,,,,,,0.0,0.0,0.0,0.0,0.0,0.0,1.0,0.0,0.0,0.0,0.0,0.0,0.0,0.0,0.0,0.0,0.0,0.0,0.0,0.0,0.0,0.0,0.0,0.0,0.0,7.0,6.0,0.0
2026,003211,Josh Balcarcel,M,Midfield,last_10,10,2026-05-09,2026-08-29,ARC|ATL|CAN|CHA|OUT|WAT|WHP,RED,19.0,13.0,13.0,0.0,13.0,6.0,32.0,20,2.0,0.0,0.0,0.0,0.0,0.0,4.0,8.0,0.0,0,0,0,0.0,0.0,0.0,0.0,11.0,132.0,92.0,0.40625,0.625,,,,,0.5454545454545454,0.0,1.9,1.3,1.3,0.0,1.3,0.6,3.2,2.0,0.2,0.0,0.0,0.0,0.0,0.0,0.4,0.8,0.0,0.0,0.0,0.0,0.0,0.0,0.0,0.0,1.1,13.2,9.2,1.1
2026,003212,Ray Dearth,SSDM,Defensive Midfield,last_10,10,2026-05-31,2026-08-08,ARC|CAN|OUT|RED|WAT|WHP,CHA,0.0,0.0,0.0,0.0,0.0,0.0,1.0,1,1.0,0.0,0.0,0.0,0.0,0.0,8.0,1.0,5.0,4,29,33,0.0,0.0,1.0,0.5,0.0,51.0,49.0,0.0,1.0,0.12121212121212122,,,,,0.0,0.0,0.0,0.0,0.0,0.0,0.0,0.1,0.1,0.1,0.0,0.0,0.0,0.0,0.0,0.8,0.1,0.5,0.4,2.9,3.3,0.0,0.0,0.1,0.05,0.0,5.1,4.9,0.0
2026,003215,Tommy Stull,LSM,Long Stick Midfield,last_10,2,2026-05-09,2026-06-05,CHA|RED,ARC,0.0,0.0,0.0,0.0,0.0,0.0,0.0,0,0.0,0.0,0.0,0.0,0.0,0.0,4.0,0.0,1.0,0,0,0,0.0,0.0,0.0,0.0,0.0,6.0,6.0,,,,,,,,,0.0,0.0,0.0,0.0,0.0,0.0,0.0,0.0,0.0,0.0,0.0,0.0,0.0,0.0,2.0,0.0,0.5,0.0,0.0,0.0,0.0,0.0,0.0,0.0,0.0,3.0,3.0,0.0
2026,003228,Remington Reynolds,D,Defense,last_10,4,2026-05-15,2026-06-28,CHA|RED|WAT|WHP,CAN,0.0,0.0,0.0,0.0,0.0,0.0,1.0,0,0.0,0.0,0.0,0.0,0.0,0.0,8.0,1.0,2.0,0,0,0,0.0,0.0,3.0,3.5,0.0,18.0,16.0,0.0,0.0,,,,,,,0.0,0.0,0.0,0.0,0.0,0.0,0.25,0.0,0.0,0.0,0.0,0.0,0.0,0.0,2.0,0.25,0.5,0.0,0.0,0.0,0.0,0.0,0.75,0.875,0.0,4.5,4.0,0.0
2026,003229,Matt Wright,LSM,Long Stick Midfield,last_10,2,2026-06-20,2026-06-28,ARC|CAN,RED,0.0,0.0,0.0,0.0,0.0,0.0,0.0,0,0.0,0.0,0.0,0.0,0.0,0.0,3.0,0.0,0.0,0,0,0,0.0,0.0,0.0,0.0,0.0,11.0,11.0,,,,,,,,,0.0,0.0,0.0,0.0,0.0,0.0,0.0,0.0,0.0,0.0,0.0,0.0,0.0,0.0,1.5,0.0,0.0,0.0,0.0,0.0,0.0,0.0,0.0,0.0,0.0,5.5,5.5,0.0
2026,003232,Casey Wilson,M,Midfield,last_10,4,2026-05-31,2026-08-16,ATL|CHA|OUT|WHP,WAT,2.0,2.0,2.0,0.0,2.0,0.0,2.0,2,0.0,0.0,0.0,0.0,0.0,0.0,4.0,2.0,0.0,0,0,0,0.0,0.0,1.0,0.5,0.0,26.0,22.0,1.0,1.0,,,,,,,0.5,0.5,0.5,0.0,0.5,0.0,0.5,0.5,0.0,0.0,0.0,0.0,0.0,0.0,1.0,0.5,0.0,0.0,0.0,0.0,0.0,0.0,0.25,0.125,0.0,6.5,5.5,0.0
2026,003233,Christian Fournier,,,last_10,2,2026-05-15,2026-05-17,CHA|WAT,CAN,0.0,0.0,0.0,0.0,0.0,0.0,0.0,0,0.0,0.0,0.0,0.0,0.0,0.0,2.0,2.0,0.0,0,0,0,0.0,0.0,0.0,0.0,0.0,3.0,1.0,,,,,,,,,0.0,0.0,0.0,0.0,0.0,0.0,0.0,0.0,0.0,0.0,0.0,0.0,0.0,0.0,1.0,1.0,0.0,0.0,0.0,0.0,0.0,0.0,0.0,0.0,0.0,1.5,0.5,0.0
2026,003238,Aidan McLane,M,Midfield,last_10,1,2026-05-16,2026-05-16,WHP,ATL,0.0,0.0,0.0,0.0,0.0,0.0,3.0,0,0.0,0.0,0.0,0.0,0.0,0.0,0.0,0.0,0.0,0,0,0,0.0,0.0,0.0,0.0,0.0,8.0,5.0,0.0,0.0,,,,,,,0.0,0.0,0.0,0.0,0.0,0.0,3.0,0.0,0.0,0.0,0.0,0.0,0.0,0.0,0.0,0.0,0.0,0.0,0.0,0.0,0.0,0.0,0.0,0.0,0.0,8.0,5.0,0.0
2026,003242,Cooper Frankenheimer,SSDM,Defensive Midfield,last_10,1,2026-05-16,2026-05-16,WHP,ATL,0.0,0.0,0.0,0.0,0.0,0.0,1.0,0,0.0,0.0,0.0,0.0,0.0,0.0,1.0,0.0,0.0,0,0,0,0.0,0.0,0.0,0.0,1.0,4.0,3.0,0.0,0.0,,,,,0.0,,0.0,0.0,0.0,0.0,0.0,0.0,1.0,0.0,0.0,0.0,0.0,0.0,0.0,0.0,1.0,0.0,0.0,0.0,0.0,0.0,0.0,0.0,0.0,0.0,1.0,4.0,3.0,1.0
2026,003246,Nathan Kapp,FO,Faceoff,last_10,2,2026-08-16,2026-08-30,CAN|WAT,WHP,0.0,0.0,0.0,0.0,0.0,0.0,0.0,0,0.0,0.0,0.0,0.0,0.0,0.0,11.0,2.0,0.0,23,20,43,0.0,0.0,0.0,0.0,0.0,11.0,9.0,,,0.5348837209302325,,,,,,0.0,0.0,0.0,0.0,0.0,0.0,0.0,0.0,0.0,0.0,0.0,0.0,0.0,0.0,5.5,1.0,0.0,11.5,10.0,21.5,0.0,0.0,0.0,0.0,0.0,5.5,4.5,0.0
2026,003248,Ryan Stines,M,Midfield,last_10,10,2026-05-30,2026-08-08,ATL|CAN|CHA|OUT|RED|WAT|WHP,ARC,25.0,16.0,16.0,0.0,16.0,9.0,54.0,37,2.0,0.0,0.0,0.0,0.0,0.0,11.0,15.0,0.0,0,0,0,0.0,0.0,1.0,0.5,21.0,265.0,196.0,0.2962962962962963,0.6851851851851852,,,,,0.42857142857142855,0.0,2.5,1.6,1.6,0.0,1.6,0.9,5.4,3.7,0.2,0.0,0.0,0.0,0.0,0.0,1.1,1.5,0.0,0.0,0.0,0.0,0.0,0.0,0.1,0.05,2.1,26.5,19.6,2.1
2026,003249,Logan Ip,M,Midfield,last_10,3,2026-06-07,2026-07-25,CHA|RED|WAT,CAN,1.0,1.0,1.0,0.0,1.0,0.0,10.0,7,0.0,0.0,0.0,0.0,0.0,0.0,0.0,1.0,0.0,0,0,0,0.0,0.0,0.0,0.0,4.0,41.0,30.0,0.1,0.7,,,,,0.0,,0.3333333333333333,0.3333333333333333,0.3333333333333333,0.0,0.3333333333333333,0.0,3.3333333333333335,2.3333333333333335,0.0,0.0,0.0,0.0,0.0,0.0,0.0,0.3333333333333333,0.0,0.0,0.0,0.0,0.0,0.0,0.0,0.0,1.3333333333333333,13.666666666666666,10.0,1.3333333333333333
2026,003250,Eric Spanos,M,Midfield,last_10,9,2026-05-09,2026-07-25,ARC|ATL|CAN|OUT|RED|WAT|WHP,CHA,12.0,11.0,11.0,0.0,11.0,1.0,38.0,31,2.0,0.0,0.0,0.0,0.0,0.0,9.0,9.0,0.0,0,0,0,0.0,0.0,0.0,0.0,7.0,152.0,105.0,0.2894736842105263,0.8157894736842105,,,,,0.14285714285714285,0.0,1.3333333333333333,1.2222222222222223,1.2222222222222223,0.0,1.2222222222222223,0.1111111111111111,4.222222222222222,3.4444444444444446,0.2222222222222222,0.0,0.0,0.0,0.0,0.0,1.0,1.0,0.0,0.0,0.0,0.0,0.0,0.0,0.0,0.0,0.7777777777777778,16.88888888888889,11.666666666666666,0.7777777777777778
2026,003251,Nikko DiPonio,D,Defense,last_10,2,2026-05-09,2026-05-16,CHA|WHP,ATL,0.0,0.0,0.0,0.0,0.0,0.0,1.0,0,0.0,0.0,0.0,0.0,0.0,0.0,6.0,0.0,1.0,0,0,0,0.0,0.0,0.0,0.0,0.0,15.0,14.0,0.0,0.0,,,,,,,0.0,0.0,0.0,0.0,0.0,0.0,0.5,0.0,0.0,0.0,0.0,0.0,0.0,0.0,3.0,0.0,0.5,0.0,0.0,0.0,0.0,0.0,0.0,0.0,0.0,7.5,7.0,0.0
2026,003252,Leo Johnson,M,Midfield,last_10,9,2026-06-05,2026-08-08,ATL|CAN|CHA|OUT|RED|WAT|WHP,ARC,14.0,8.0,8.0,0.0,8.0,6.0,44.0,22,0.0,0.0,0.0,0.0,0.0,0.0,7.0,12.0,0.0,0,0,0,0.0,0.0,0.0,0.0,15.0,154.0,98.0,0.18181818181818182,0.5,,,,,0.4,,1.5555555555555556,0.8888888888888888,0.8888888888888888,0.0,0.8888888888888888,0.6666666666666666,4.888888888888889,2.4444444444444446,0.0,0.0,0.0,0.0,0.0,0.0,0.7777777777777778,1.3333333333333333,0.0,0.0,0.0,0.0,0.0,0.0,0.0,0.0,1.6666666666666667,17.11111111111111,10.88888888888889,1.6666666666666667
2026,003253,Marcus Wertheim,M,Midfield,last_10,2,2026-05-09,2026-05-16,ARC|OUT,RED,1.0,0.0,0.0,0.0,0.0,1.0,7.0,3,0.0,0.0,0.0,0.0,0.0,0.0,1.0,2.0,0.0,0,0,0,0.0,0.0,0.0,0.0,3.0,48.0,39.0,0.0,0.42857142857142855,,,,,0.3333333333333333,,0.5,0.0,0.0,0.0,0.0,0.5,3.5,1.5,0.0,0.0,0.0,0.0,0.0,0.0,0.5,1.0,0.0,0.0,0.0,0.0,0.0,0.0,0.0,0.0,1.5,24.0,19.5,1.5
2026,003254,Peter Detwiler,SSDM,Defensive Midfield,last_10,10,2026-05-31,2026-08-08,ARC|CAN|OUT|RED|WAT|WHP,CHA,1.0,1.0,1.0,0.0,1.0,0.0,3.0,3,0.0,0.0,0.0,0.0,0.0,0.0,11.0,1.0,2.0,2,5,8,0.0,0.0,3.0,1.5,6.0,71.0,67.0,0.3333333333333333,1.0,0.25,,,,0.0,,0.1,0.1,0.1,0.0,0.1,0.0,0.3,0.3,0.0,0.0,0.0,0.0,0.0,0.0,1.1,0.1,0.2,0.2,0.5,0.8,0.0,0.0,0.3,0.15,0.6,7.1,6.7,0.6
2026,003255,Joe Juengerkes,SSDM,Defensive Midfield,last_10,8,2026-05-09,2026-08-16,ARC|ATL|CAN|OUT|WAT,WHP,2.0,0.0,0.0,0.0,0.0,2.0,1.0,0,0.0,0.0,0.0,0.0,0.0,0.0,4.0,2.0,1.0,1,18,19,0.0,0.0,1.0,1.0,2.0,51.0,48.0,0.0,0.0,0.05263157894736842,,,,1.0,,0.25,0.0,0.0,0.0,0.0,0.25,0.125,0.0,0.0,0.0,0.0,0.0,0.0,0.0,0.5,0.25,0.125,0.125,2.25,2.375,0.0,0.0,0.125,0.125,0.25,6.375,6.0,0.25
2026,003256,Nolan Byrne,M,Midfield,last_10,3,2026-07-26,2026-08-08,ATL|WAT|WHP,OUT,4.0,3.0,3.0,0.0,3.0,1.0,11.0,8,0.0,0.0,0.0,0.0,0.0,0.0,2.0,6.0,0.0,0,0,0,0.0,0.0,0.0,0.0,1.0,41.0,24.0,0.2727272727272727,0.7272727272727273,,,,,1.0,,1.3333333333333333,1.0,1.0,0.0,1.0,0.3333333333333333,3.6666666666666665,2.6666666666666665,0.0,0.0,0.0,0.0,0.0,0.0,0.6666666666666666,2.0,0.0,0.0,0.0,0.0,0.0,0.0,0.0,0.0,0.3333333333333333,13.666666666666666,8.0,0.3333333333333333
2026,003257,Teddy Malone,M,Midfield,last_10,10,2026-05-09,2026-08-08,ARC|ATL|CAN|OUT|RED|WAT|WHP,CHA,24.0,16.0,16.0,0.0,16.0,8.0,40.0,26,0.0,0.0,0.0,0.0,0.0,0.0,5.0,11.0,1.0,0,0,0,0.0,0.0,0.0,0.0,12.0,216.0,165.0,0.4,0.65,,,,,0.6666666666666666,,2.4,1.6,1.6,0.0,1.6,0.8,4.0,2.6,0.0,0.0,0.0,0.0,0.0,0.0,0.5,1.1,0.1,0.0,0.0,0.0,0.0,0.0,0.0,0.0,1.2,21.6,16.5,1.2
2026,003259,Liam Kammar,SSDM,Defensive Midfield,last_10,6,2026-05-09,2026-08-08,CAN|CHA|OUT|WHP,ATL,0.0,0.0,0.0,0.0,0.0,0.0,1.0,1,0.0,0.0,0.0,0.0,0.0,0.0,4.0,0.0,1.0,0,0,0,0.0,0.0,0.0,0.0,0.0,25.0,24.0,0.0,1.0,,,,,,,0.0,0.0,0.0,0.0,0.0,0.0,0.16666666666666666,0.16666666666666666,0.0,0.0,0.0,0.0,0.0,0.0,0.6666666666666666,0.0,0.16666666666666666,0.0,0.0,0.0,0.0,0.0,0.0,0.0,0.0,4.166666666666667,4.0,0.0
2026,003260,Jack Pilling,SSDM,Defensive Midfield,last_10,7,2026-05-16,2026-08-07,ARC|ATL|CAN|OUT|RED,WHP,1.0,0.0,0.0,0.0,0.0,1.0,1.0,0,0.0,0.0,0.0,0.0,0.0,0.0,13.0,1.0,4.0,0,8,8,0.0,0.0,1.0,0.5,3.0,50.0,48.0,0.0,0.0,0.0,,,,0.3333333333333333,,0.14285714285714285,0.0,0.0,0.0,0.0,0.14285714285714285,0.14285714285714285,0.0,0.0,0.0,0.0,0.0,0.0,0.0,1.8571428571428572,0.14285714285714285,0.5714285714285714,0.0,1.1428571428571428,1.1428571428571428,0.0,0.0,0.14285714285714285,0.07142857142857142,0.42857142857142855,7.142857142857143,6.857142857142857,0.42857142857142855
2026,003261,Truitt Sunderland,M,Midfield,last_10,6,2026-05-16,2026-08-01,ARC|ATL|CAN|OUT,WHP,9.0,4.0,4.0,0.0,4.0,5.0,13.0,10,0.0,0.0,0.0,0.0,0.0,0.0,0.0,3.0,0.0,0,0,0,0.0,0.0,0.0,0.0,12.0,78.0,62.0,0.3076923076923077,0.7692307692307693,,,,,0.4166666666666667,,1.5,0.6666666666666666,0.6666666666666666,0.0,0.6666666666666666,0.8333333333333334,2.1666666666666665,1.6666666666666667,0.0,0.0,0.0,0.0,0.0,0.0,0.0,0.5,0.0,0.0,0.0,0.0,0.0,0.0,0.0,0.0,2.0,13.0,10.333333333333334,2.0
2026,003264,Sean Byrne,G,Goalie,last_10,7,2026-05-17,2026-08-16,ARC|ATL|CAN|CHA|OUT|WHP,WAT,0.0,0.0,0.0,0.0,0.0,0.0,0.0,0,0.0,86.0,41.0,45.0,57.0,75.77721527227068,11.0,3.0,2.0,0,0,0,52.0,5.0,0.0,0.0,1.0,111.0,108.0,,,,0.6231884057971014,47.674418604651166,0.2971014492753623,0.0,,0.0,0.0,0.0,0.0,0.0,0.0,0.0,0.0,0.0,12.285714285714286,5.857142857142857,6.428571428571429,8.142857142857142,10.82531646746724,1.5714285714285714,0.42857142857142855,0.2857142857142857,0.0,0.0,0.0,7.428571428571429,0.7142857142857143,0.0,0.0,0.14285714285714285,15.857142857142858,15.428571428571429,0.14285714285714285
2026,003266,Silas Richmond,A,Attack,last_10,7,2026-06-28,2026-08-16,ARC|ATL|CHA|OUT|RED|WHP,WAT,8.0,7.0,5.0,1.0,6.0,1.0,27.0,16,2.0,0.0,0.0,0.0,0.0,0.0,11.0,4.0,3.0,0,0,0,0.0,0.0,1.0,1.0,5.0,133.0,102.0,0.2222222222222222,0.5925925925925926,,,,,0.2,0.5,1.1428571428571428,1.0,0.7142857142857143,0.14285714285714285,0.8571428571428571,0.14285714285714285,3.857142857142857,2.2857142857142856,0.2857142857142857,0.0,0.0,0.0,0.0,0.0,1.5714285714285714,0.5714285714285714,0.42857142857142855,0.0,0.0,0.0,0.0,0.0,0.14285714285714285,0.14285714285714285,0.7142857142857143,19.0,14.571428571428571,0.7142857142857143
2026,003267,Mikey Weisshaar,M,Midfield,last_10,10,2026-06-07,2026-08-30,ARC|ATL|CHA|OUT|RED|WAT|WHP,CAN,19.0,17.0,17.0,0.0,17.0,2.0,48.0,31,1.0,0.0,0.0,0.0,0.0,0.0,10.0,14.0,4.0,0,0,0,0.0,0.0,0.0,0.0,14.0,252.0,190.0,0.3541666666666667,0.6458333333333334,,,,,0.14285714285714285,0.0,1.9,1.7,1.7,0.0,1.7,0.2,4.8,3.1,0.1,0.0,0.0,0.0,0.0,0.0,1.0,1.4,0.4,0.0,0.0,0.0,0.0,0.0,0.0,0.0,1.4,25.2,19.0,1.4
2026,003268,Jack Taylor,M,Midfield,last_10,1,2026-08-08,2026-08-08,ARC,CHA,1.0,1.0,1.0,0.0,1.0,0.0,6.0,2,1.0,0.0,0.0,0.0,0.0,0.0,1.0,2.0,0.0,0,0,0,0.0,0.0,0.0,0.0,0.0,27.0,19.0,0.16666666666666666,0.3333333333333333,,,,,,0.0,1.0,1.0,1.0,0.0,1.0,0.0,6.0,2.0,1.0,0.0,0.0,0.0,0.0,0.0,1.0,2.0,0.0,0.0,0.0,0.0,0.0,0.0,0.0,0.0,0.0,27.0,19.0,0.0
2026,003269,Brendan Staub,LSM,Long Stick Midfield,last_10,10,2026-05-31,2026-08-16,ARC|ATL|CAN|CHA|OUT|RED|WHP,WAT,1.0,1.0,1.0,0.0,1.0,0.0,11.0,7,7.0,0.0,0.0,0.0,0.0,0.0,14.0,1.0,6.0,0,0,0,0.0,0.0,2.0,2.0,2.0,77.0,65.0,0.09090909090909091,0.6363636363636364,,,,,0.0,0.0,0.1,0.1,0.1,0.0,0.1,0.0,1.1,0.7,0.7,0.0,0.0,0.0,0.0,0.0,1.4,0.1,0.6,0.0,0.0,0.0,0.0,0.0,0.2,0.2,0.2,7.7,6.5,0.2
2026,003270,Evan Plunkett,M,Midfield,last_10,9,2026-05-16,2026-08-16,ATL|CAN|CHA|RED|WHP,OUT,9.0,3.0,3.0,0.0,3.0,6.0,37.0,15,1.0,0.0,0.0,0.0,0.0,0.0,5.0,8.0,1.0,0,0,0,0.0,0.0,0.0,0.0,19.0,168.0,123.0,0.08108108108108109,0.40540540540540543,,,,,0.3157894736842105,0.0,1.0,0.3333333333333333,0.3333333333333333,0.0,0.3333333333333333,0.6666666666666666,4.111111111111111,1.6666666666666667,0.1111111111111111,0.0,0.0,0.0,0.0,0.0,0.5555555555555556,0.8888888888888888,0.1111111111111111,0.0,0.0,0.0,0.0,0.0,0.0,0.0,2.111111111111111,18.666666666666668,13.666666666666666,2.111111111111111
2026,003271,Hunter Smith,D,Defense,last_10,10,2026-05-29,2026-08-30,ARC|ATL|CHA|OUT|RED|WAT|WHP,CAN,0.0,0.0,0.0,0.0,0.0,0.0,1.0,1,0.0,0.0,0.0,0.0,0.0,0.0,18.0,1.0,9.0,0,0,0,0.0,0.0,2.0,2.0,2.0,37.0,35.0,0.0,1.0,,,,,0.0,,0.0,0.0,0.0,0.0,0.0,0.0,0.1,0.1,0.0,0.0,0.0,0.0,0.0,0.0,1.8,0.1,0.9,0.0,0.0,0.0,0.0,0.0,0.2,0.2,0.2,3.7,3.5,0.2
2026,003273,Matt Collison,M,Midfield,last_10,8,2026-06-28,2026-08-16,ARC|ATL|CHA|OUT|RED|WHP,WAT,15.0,13.0,5.0,4.0,9.0,2.0,29.0,18,7.0,0.0,0.0,0.0,0.0,0.0,2.0,7.0,1.0,0,0,0,0.0,0.0,1.0,0.5,9.0,167.0,131.0,0.3103448275862069,0.6206896551724138,,,,,0.2222222222222222,0.5714285714285714,1.875,1.625,0.625,0.5,1.125,0.25,3.625,2.25,0.875,0.0,0.0,0.0,0.0,0.0,0.25,0.875,0.125,0.0,0.0,0.0,0.0,0.0,0.125,0.0625,1.125,20.875,16.375,1.125
2026,003274,Patty Eldredge,SSDM,Defensive Midfield,last_10,1,2026-05-31,2026-05-31,CHA,WAT,0.0,0.0,0.0,0.0,0.0,0.0,0.0,0,0.0,0.0,0.0,0.0,0.0,0.0,2.0,0.0,1.0,0,0,0,0.0,0.0,0.0,0.0,0.0,5.0,5.0,,,,,,,,,0.0,0.0,0.0,0.0,0.0,0.0,0.0,0.0,0.0,0.0,0.0,0.0,0.0,0.0,2.0,0.0,1.0,0.0,0.0,0.0,0.0,0.0,0.0,0.0,0.0,5.0,5.0,0.0
2026,003275,Andrew McMeekin,FO,Faceoff,last_10,10,2026-06-07,2026-08-30,ARC|ATL|CHA|OUT|RED|WAT|WHP,CAN,9.0,2.0,2.0,0.0,2.0,7.0,19.0,8,3.0,0.0,0.0,0.0,0.0,0.0,82.0,5.0,4.0,153,96,249,0.0,0.0,1.0,1.0,11.0,89.0,65.0,0.10526315789473684,0.42105263157894735,0.6144578313253012,,,,0.6363636363636364,0.0,0.9,0.2,0.2,0.0,0.2,0.7,1.9,0.8,0.3,0.0,0.0,0.0,0.0,0.0,8.2,0.5,0.4,15.3,9.6,24.9,0.0,0.0,0.1,0.1,1.1,8.9,6.5,1.1
2026,003276,Richard Checo,LSM,Long Stick Midfield,last_10,6,2026-05-31,2026-08-08,ARC|CAN|RED|WAT|WHP,CHA,0.0,0.0,0.0,0.0,0.0,0.0,0.0,0,0.0,0.0,0.0,0.0,0.0,0.0,2.0,4.0,8.0,0,0,0,0.0,0.0,0.0,0.0,0.0,16.0,12.0,,,,,,,,,0.0,0.0,0.0,0.0,0.0,0.0,0.0,0.0,0.0,0.0,0.0,0.0,0.0,0.0,0.3333333333333333,0.6666666666666666,1.3333333333333333,0.0,0.0,0.0,0.0,0.0,0.0,0.0,0.0,2.6666666666666665,2.0,0.0
2026,003277,Joey Spallina,A,Attack,last_10,10,2026-05-30,2026-08-30,ARC|ATL|CAN|CHA|OUT|RED|WAT,WHP,31.0,16.0,12.0,2.0,14.0,15.0,56.0,27,5.0,0.0,0.0,0.0,0.0,0.0,13.0,16.0,1.0,0,0,0,0.0,0.0,2.0,1.5,44.0,388.0,316.0,0.25,0.48214285714285715,,,,,0.3409090909090909,0.4,3.1,1.6,1.2,0.2,1.4,1.5,5.6,2.7,0.5,0.0,0.0,0.0,0.0,0.0,1.3,1.6,0.1,0.0,0.0,0.0,0.0,0.0,0.2,0.15,4.4,38.8,31.6,4.4
2026,003278,Aidan Maguire,SSDM,Defensive Midfield,last_10,10,2026-05-30,2026-08-08,ATL|CAN|CHA|OUT|RED|WAT|WHP,ARC,7.0,6.0,4.0,1.0,5.0,1.0,12.0,10,3.0,0.0,0.0,0.0,0.0,0.0,12.0,4.0,2.0,0,0,0,0.0,0.0,3.0,2.0,4.0,79.0,63.0,0.4166666666666667,0.8333333333333334,,,,,0.25,0.3333333333333333,0.7,0.6,0.4,0.1,0.5,0.1,1.2,1.0,0.3,0.0,0.0,0.0,0.0,0.0,1.2,0.4,0.2,0.0,0.0,0.0,0.0,0.0,0.3,0.2,0.4,7.9,6.3,0.4
2026,003279,Luke Rhoa,M,Midfield,last_10,2,2026-06-06,2026-07-19,CAN|RED,ATL,0.0,0.0,0.0,0.0,0.0,0.0,8.0,3,1.0,0.0,0.0,0.0,0.0,0.0,1.0,1.0,1.0,0,0,0,0.0,0.0,0.0,0.0,1.0,28.0,19.0,0.0,0.375,,,,,0.0,0.0,0.0,0.0,0.0,0.0,0.0,0.0,4.0,1.5,0.5,0.0,0.0,0.0,0.0,0.0,0.5,0.5,0.5,0.0,0.0,0.0,0.0,0.0,0.0,0.0,0.5,14.0,9.5,0.5
2026,003280,Chad Palumbo,M,Midfield,last_10,10,2026-05-31,2026-08-08,ARC|CAN|OUT|RED|WAT|WHP,CHA,27.0,21.0,19.0,1.0,20.0,6.0,64.0,39,4.0,0.0,0.0,0.0,0.0,0.0,8.0,22.0,4.0,0,0,0,0.0,0.0,1.0,1.0,17.0,201.0,115.0,0.3125,0.609375,,,,,0.35294117647058826,0.25,2.7,2.1,1.9,0.1,2.0,0.6,6.4,3.9,0.4,0.0,0.0,0.0,0.0,0.0,0.8,2.2,0.4,0.0,0.0,0.0,0.0,0.0,0.1,0.1,1.7,20.1,11.5,1.7
2026,003281,Kyle Lewis,M,Midfield,last_10,9,2026-06-07,2026-08-16,ARC|ATL|CAN|CHA|OUT|RED|WHP,WAT,9.0,7.0,7.0,0.0,7.0,2.0,23.0,12,0.0,0.0,0.0,0.0,0.0,0.0,5.0,5.0,2.0,0,0,0,0.0,0.0,1.0,0.5,10.0,109.0,81.0,0.30434782608695654,0.5217391304347826,,,,,0.2,,1.0,0.7777777777777778,0.7777777777777778,0.0,0.7777777777777778,0.2222222222222222,2.5555555555555554,1.3333333333333333,0.0,0.0,0.0,0.0,0.0,0.0,0.5555555555555556,0.5555555555555556,0.2222222222222222,0.0,0.0,0.0,0.0,0.0,0.1111111111111111,0.05555555555555555,1.1111111111111112,12.11111111111111,9.0,1.1111111111111112
2026,003282,Billy Dwan,D,Defense,last_10,9,2026-05-29,2026-08-30,ARC|ATL|CAN|CHA|OUT|WAT,WHP,3.0,1.0,1.0,0.0,1.0,2.0,4.0,3,1.0,0.0,0.0,0.0,0.0,0.0,11.0,2.0,3.0,0,0,0,0.0,0.0,2.0,1.5,2.0,32.0,26.0,0.25,0.75,,,,,1.0,0.0,0.3333333333333333,0.1111111111111111,0.1111111111111111,0.0,0.1111111111111111,0.2222222222222222,0.4444444444444444,0.3333333333333333,0.1111111111111111,0.0,0.0,0.0,0.0,0.0,1.2222222222222223,0.2222222222222222,0.3333333333333333,0.0,0.0,0.0,0.0,0.0,0.2222222222222222,0.16666666666666666,0.2222222222222222,3.5555555555555554,2.888888888888889,0.2222222222222222
2026,003283,Blake Eiland,SSDM,Defensive Midfield,last_10,10,2026-05-29,2026-08-30,ARC|ATL|CAN|CHA|OUT|RED|WAT,WHP,2.0,1.0,1.0,0.0,1.0,1.0,3.0,3,0.0,0.0,0.0,0.0,0.0,0.0,11.0,3.0,3.0,2,18,20,0.0,0.0,1.0,0.5,3.0,48.0,42.0,0.3333333333333333,1.0,0.1,,,,0.3333333333333333,,0.2,0.1,0.1,0.0,0.1,0.1,0.3,0.3,0.0,0.0,0.0,0.0,0.0,0.0,1.1,0.3,0.3,0.2,1.8,2.0,0.0,0.0,0.1,0.05,0.3,4.8,4.2,0.3
2026,003284,Eric Kolar,SSDM,Defensive Midfield,last_10,7,2026-05-30,2026-08-01,ARC|ATL|CHA|OUT|RED,WHP,1.0,1.0,1.0,0.0,1.0,0.0,2.0,1,0.0,0.0,0.0,0.0,0.0,0.0,8.0,1.0,2.0,0,4,4,0.0,0.0,0.0,0.0,1.0,44.0,41.0,0.5,0.5,0.0,,,,0.0,,0.14285714285714285,0.14285714285714285,0.14285714285714285,0.0,0.14285714285714285,0.0,0.2857142857142857,0.14285714285714285,0.0,0.0,0.0,0.0,0.0,0.0,1.1428571428571428,0.14285714285714285,0.2857142857142857,0.0,0.5714285714285714,0.5714285714285714,0.0,0.0,0.0,0.0,0.14285714285714285,6.285714285714286,5.857142857142857,0.14285714285714285
2026,003285,Jack Regnery,A,Attack,last_10,9,2026-06-19,2026-08-30,ARC|ATL|CHA|OUT|RED|WHP,CAN,19.0,12.0,12.0,0.0,12.0,7.0,50.0,24,2.0,0.0,0.0,0.0,0.0,0.0,4.0,10.0,1.0,0,0,0,0.0,0.0,0.0,0.0,21.0,194.0,134.0,0.24,0.48,,,,,0.3333333333333333,0.0,2.111111111111111,1.3333333333333333,1.3333333333333333,0.0,1.3333333333333333,0.7777777777777778,5.555555555555555,2.6666666666666665,0.2222222222222222,0.0,0.0,0.0,0.0,0.0,0.4444444444444444,1.1111111111111112,0.1111111111111111,0.0,0.0,0.0,0.0,0.0,0.0,0.0,2.3333333333333335,21.555555555555557,14.88888888888889,2.3333333333333335
2026,003286,Will Donovan,LSM,Long Stick Midfield,last_10,10,2026-06-07,2026-08-30,ARC|ATL|CHA|OUT|RED|WAT|WHP,CAN,0.0,0.0,0.0,0.0,0.0,0.0,1.0,1,1.0,0.0,0.0,0.0,0.0,0.0,26.0,2.0,12.0,0,0,0,0.0,0.0,2.0,2.0,1.0,47.0,44.0,0.0,1.0,,,,,0.0,0.0,0.0,0.0,0.0,0.0,0.0,0.0,0.1,0.1,0.1,0.0,0.0,0.0,0.0,0.0,2.6,0.2,1.2,0.0,0.0,0.0,0.0,0.0,0.2,0.2,0.1,4.7,4.4,0.1
2026,003287,Dante Bowen,SSDM,Defensive Midfield,last_10,2,2026-08-16,2026-08-29,OUT,RED,0.0,0.0,0.0,0.0,0.0,0.0,1.0,0,0.0,0.0,0.0,0.0,0.0,0.0,2.0,1.0,2.0,0,0,0,0.0,0.0,0.0,0.0,0.0,7.0,5.0,0.0,0.0,,,,,,,0.0,0.0,0.0,0.0,0.0,0.0,0.5,0.0,0.0,0.0,0.0,0.0,0.0,0.0,1.0,0.5,1.0,0.0,0.0,0.0,0.0,0.0,0.0,0.0,0.0,3.5,2.5,0.0
2026,003288,Josh Yago,M,Midfield,last_10,10,2026-05-31,2026-08-16,ARC|ATL|CAN|CHA|OUT|RED|WHP,WAT,19.0,11.0,9.0,1.0,10.0,8.0,35.0,20,3.0,0.0,0.0,0.0,0.0,0.0,10.0,4.0,0.0,0,0,0,0.0,0.0,1.0,1.0,22.0,237.0,198.0,0.2857142857142857,0.5714285714285714,,,,,0.36363636363636365,0.3333333333333333,1.9,1.1,0.9,0.1,1.0,0.8,3.5,2.0,0.3,0.0,0.0,0.0,0.0,0.0,1.0,0.4,0.0,0.0,0.0,0.0,0.0,0.0,0.1,0.1,2.2,23.7,19.8,2.2
2026,003289,Alex Ross,D,Defense,last_10,10,2026-05-30,2026-08-15,ARC|CAN|OUT|RED|WAT|WHP,ATL,6.0,4.0,0.0,2.0,2.0,2.0,11.0,3,10.0,0.0,0.0,0.0,0.0,0.0,20.0,6.0,4.0,0,0,0,0.0,0.0,2.0,1.0,5.0,106.0,89.0,0.18181818181818182,0.2727272727272727,,,,,0.4,0.2,0.6,0.4,0.0,0.2,0.2,0.2,1.1,0.3,1.0,0.0,0.0,0.0,0.0,0.0,2.0,0.6,0.4,0.0,0.0,0.0,0.0,0.0,0.2,0.1,0.5,10.6,8.9,0.5
2026,003290,John Dunphey,M,Midfield,last_10,4,2026-07-25,2026-08-16,ARC|RED|WAT|WHP,OUT,1.0,1.0,1.0,0.0,1.0,0.0,6.0,4,0.0,0.0,0.0,0.0,0.0,0.0,2.0,10.0,0.0,1,0,1,0.0,0.0,0.0,0.0,2.0,51.0,35.0,0.16666666666666666,0.6666666666666666,1.0,,,,0.0,,0.25,0.25,0.25,0.0,0.25,0.0,1.5,1.0,0.0,0.0,0.0,0.0,0.0,0.0,0.5,2.5,0.0,0.25,0.0,0.25,0.0,0.0,0.0,0.0,0.5,12.75,8.75,0.5
2026,003291,Ryan Croddick,G,Goalie,last_10,5,2026-07-17,2026-08-29,ATL|CAN|OUT|WHP,RED,0.0,0.0,0.0,0.0,0.0,0.0,0.0,0,0.0,26.0,13.0,13.0,22.0,50.19945806114851,4.0,4.0,1.0,0,0,0,20.0,2.0,0.0,0.0,0.0,35.0,31.0,,,,0.5652173913043478,50.0,0.2826086956521739,,,0.0,0.0,0.0,0.0,0.0,0.0,0.0,0.0,0.0,5.2,2.6,2.6,4.4,10.039891612229702,0.8,0.8,0.2,0.0,0.0,0.0,4.0,0.4,0.0,0.0,0.0,7.0,6.2,0.0
2026,003292,Henry Bard,D,Defense,last_10,5,2026-06-28,2026-07-31,CAN|OUT|RED|WHP,CHA,2.0,2.0,0.0,1.0,1.0,0.0,1.0,1,1.0,0.0,0.0,0.0,0.0,0.0,8.0,2.0,3.0,0,0,0,0.0,0.0,0.0,0.0,0.0,30.0,27.0,1.0,1.0,,,,,,1.0,0.4,0.4,0.0,0.2,0.2,0.0,0.2,0.2,0.2,0.0,0.0,0.0,0.0,0.0,1.6,0.4,0.6,0.0,0.0,0.0,0.0,0.0,0.0,0.0,0.0,6.0,5.4,0.0
2026,003293,Hunter Drouin,A,Attack,last_10,2,2026-06-06,2026-07-25,RED|WAT,ATL,1.0,0.0,0.0,0.0,0.0,1.0,4.0,1,0.0,0.0,0.0,0.0,0.0,0.0,1.0,5.0,0.0,0,0,0,0.0,0.0,1.0,0.5,3.0,34.0,25.0,0.0,0.25,,,,,0.3333333333333333,,0.5,0.0,0.0,0.0,0.0,0.5,2.0,0.5,0.0,0.0,0.0,0.0,0.0,0.0,0.5,2.5,0.0,0.0,0.0,0.0,0.0,0.0,0.5,0.25,1.5,17.0,12.5,1.5
2026,003296,Cullen Brown,D,Defense,last_10,10,2026-06-20,2026-08-29,ARC|ATL|CAN|CHA|OUT|WAT|WHP,RED,0.0,0.0,0.0,0.0,0.0,0.0,3.0,0,2.0,0.0,0.0,0.0,0.0,0.0,21.0,2.0,13.0,0,0,0,0.0,0.0,0.0,0.0,2.0,52.0,47.0,0.0,0.0,,,,,0.0,0.0,0.0,0.0,0.0,0.0,0.0,0.0,0.3,0.0,0.2,0.0,0.0,0.0,0.0,0.0,2.1,0.2,1.3,0.0,0.0,0.0,0.0,0.0,0.0,0.0,0.2,5.2,4.7,0.2
2026,003297,Michael Leo,M,Midfield,last_10,5,2026-06-06,2026-07-17,ARC|ATL|CAN|CHA|WHP,RED,5.0,3.0,3.0,0.0,3.0,2.0,18.0,13,0.0,0.0,0.0,0.0,0.0,0.0,1.0,4.0,0.0,0,0,0,0.0,0.0,0.0,0.0,7.0,66.0,44.0,0.16666666666666666,0.7222222222222222,,,,,0.2857142857142857,,1.0,0.6,0.6,0.0,0.6,0.4,3.6,2.6,0.0,0.0,0.0,0.0,0.0,0.0,0.2,0.8,0.0,0.0,0.0,0.0,0.0,0.0,0.0,0.0,1.4,13.2,8.8,1.4
2026,003298,Finn Thomson,A,Attack,last_10,5,2026-07-31,2026-08-29,ATL|CAN|CHA|OUT,RED,12.0,10.0,10.0,0.0,10.0,2.0,17.0,14,0.0,0.0,0.0,0.0,0.0,0.0,6.0,3.0,2.0,0,0,0,0.0,0.0,1.0,2.0,2.0,76.0,56.0,0.5882352941176471,0.8235294117647058,,,,,1.0,,2.4,2.0,2.0,0.0,2.0,0.4,3.4,2.8,0.0,0.0,0.0,0.0,0.0,0.0,1.2,0.6,0.4,0.0,0.0,0.0,0.0,0.0,0.2,0.4,0.4,15.2,11.2,0.4
2026,003300,Ty English,M,Midfield,last_10,7,2026-06-28,2026-08-08,ARC|CAN|OUT|RED|WAT|WHP,CHA,3.0,3.0,1.0,1.0,2.0,0.0,10.0,6,2.0,0.0,0.0,0.0,0.0,0.0,15.0,2.0,10.0,1,28,29,0.0,0.0,4.0,3.5,3.0,100.0,88.0,0.2,0.6,0.034482758620689655,,,,0.0,0.5,0.42857142857142855,0.42857142857142855,0.14285714285714285,0.14285714285714285,0.2857142857142857,0.0,1.4285714285714286,0.8571428571428571,0.2857142857142857,0.0,0.0,0.0,0.0,0.0,2.142857142857143,0.2857142857142857,1.4285714285714286,0.14285714285714285,4.0,4.142857142857143,0.0,0.0,0.5714285714285714,0.5,0.42857142857142855,14.285714285714286,12.571428571428571,0.42857142857142855
2026,003301,Carson Billig,SSDM,Defensive Midfield,last_10,2,2026-07-25,2026-08-02,RED|WAT,ATL,0.0,0.0,0.0,0.0,0.0,0.0,0.0,0,0.0,0.0,0.0,0.0,0.0,0.0,0.0,0.0,0.0,0,0,0,0.0,0.0,0.0,0.0,0.0,3.0,3.0,,,,,,,,,0.0,0.0,0.0,0.0,0.0,0.0,0.0,0.0,0.0,0.0,0.0,0.0,0.0,0.0,0.0,0.0,0.0,0.0,0.0,0.0,0.0,0.0,0.0,0.0,0.0,1.5,1.5,0.0
2026,003302,Vinny Butrico,A,Attack,last_10,2,2026-08-02,2026-08-08,OUT|RED,ATL,2.0,1.0,1.0,0.0,1.0,1.0,6.0,5,0.0,0.0,0.0,0.0,0.0,0.0,2.0,2.0,0.0,0,0,0,0.0,0.0,0.0,0.0,1.0,40.0,32.0,0.16666666666666666,0.8333333333333334,,,,,1.0,,1.0,0.5,0.5,0.0,0.5,0.5,3.0,2.5,0.0,0.0,0.0,0.0,0.0,0.0,1.0,1.0,0.0,0.0,0.0,0.0,0.0,0.0,0.0,0.0,0.5,20.0,16.0,0.5
2026,003303,Leif Hagerup,SSDM,Defensive Midfield,last_10,2,2026-08-01,2026-08-08,ARC|WAT,CHA,0.0,0.0,0.0,0.0,0.0,0.0,0.0,0,0.0,0.0,0.0,0.0,0.0,0.0,1.0,1.0,1.0,0,0,0,0.0,0.0,0.0,0.0,0.0,5.0,4.0,,,,,,,,,0.0,0.0,0.0,0.0,0.0,0.0,0.0,0.0,0.0,0.0,0.0,0.0,0.0,0.0,0.5,0.5,0.5,0.0,0.0,0.0,0.0,0.0,0.0,0.0,0.0,2.5,2.0,0.0
