player_id,full_name,first_name,last_name,position,position_name,games,seasons,teams,team_names,first_game_date,last_game_date,points,scoring_points,one_point_goals,two_point_goals,goals,assists,shots,shots_on_goal,two_point_shots,saves,clean_saves,messy_saves,scores_against,saa,ground_balls,turnovers,caused_turnovers,faceoffs_won,faceoffs_lost,faceoffs,goals_against,two_point_goals_against,num_penalties,pim,assist_opportunities,touches,total_passes,shot_pct_calc,shots_on_goal_rate_calc,faceoff_pct_calc,save_pct_calc,points_per_game,scoring_points_per_game,one_point_goals_per_game,two_point_goals_per_game,goals_per_game,assists_per_game,shots_per_game,shots_on_goal_per_game,two_point_shots_per_game,saves_per_game,clean_saves_per_game,messy_saves_per_game,scores_against_per_game,saa_per_game,ground_balls_per_game,turnovers_per_game,caused_turnovers_per_game,faceoffs_won_per_game,faceoffs_lost_per_game,faceoffs_per_game,goals_against_per_game,two_point_goals_against_per_game,num_penalties_per_game,pim_per_game,assist_opportunities_per_game,touches_per_game,total_passes_per_game
000201,Adam Ghitelman,Adam,Ghitelman,G,Goalie,13,3,ARC|CAN,Archers|Cannons,2022-06-05,2025-08-02,0.0,0.0,0.0,0.0,0.0,0.0,3.0,1,3.0,114.0,25.0,89.0,123.0,126.55628999999999,37.0,2.0,3.0,0,0,0,117.0,6.0,2.0,2.0,2.0,153.0,148.0,0.0,0.3333333333333333,,0.4935064935064935,0.0,0.0,0.0,0.0,0.0,0.0,0.23076923076923078,0.07692307692307693,0.23076923076923078,8.76923076923077,1.9230769230769231,6.846153846153846,9.461538461538462,9.73509923076923,2.8461538461538463,0.15384615384615385,0.23076923076923078,0.0,0.0,0.0,9.0,0.46153846153846156,0.15384615384615385,0.15384615384615385,0.15384615384615385,11.76923076923077,11.384615384615385
000204,Christian Cuccinello,Christian,Cuccinello,A,Attack,2,1,CAN,Cannons,2022-06-11,2022-07-24,2.0,2.0,2.0,0.0,2.0,0.0,6.0,4,0.0,0.0,0.0,0.0,0.0,0.0,1.0,0.0,0.0,0,0,0,0.0,0.0,0.0,0.0,0.0,16.0,10.0,0.3333333333333333,0.6666666666666666,,,1.0,1.0,1.0,0.0,1.0,0.0,3.0,2.0,0.0,0.0,0.0,0.0,0.0,0.0,0.5,0.0,0.0,0.0,0.0,0.0,0.0,0.0,0.0,0.0,0.0,8.0,5.0
000207,Dominique Alexander,Dominique,Alexander,SSDM,Defensive Midfield,9,1,ARC,Archers,2022-06-05,2022-08-21,2.0,1.0,1.0,0.0,1.0,1.0,1.0,1,0.0,0.0,0.0,0.0,0.0,0.0,15.0,0.0,9.0,0,0,0,0.0,0.0,4.0,3.0,2.0,66.0,65.0,1.0,1.0,,,0.2222222222222222,0.1111111111111111,0.1111111111111111,0.0,0.1111111111111111,0.1111111111111111,0.1111111111111111,0.1111111111111111,0.0,0.0,0.0,0.0,0.0,0.0,1.6666666666666667,0.0,1.0,0.0,0.0,0.0,0.0,0.0,0.4444444444444444,0.3333333333333333,0.2222222222222222,7.333333333333333,7.222222222222222
000211,Ian MacKay,Ian,MacKay,SSDM,Defensive Midfield,23,3,CHA,Chaos,2022-06-25,2024-08-17,19.0,15.0,13.0,1.0,14.0,4.0,49.0,30,13.0,0.0,0.0,0.0,0.0,0.0,16.0,11.0,2.0,0,7,7,0.0,0.0,12.0,9.5,20.0,200.0,140.0,0.2857142857142857,0.6122448979591837,0.0,,0.8260869565217391,0.6521739130434783,0.5652173913043478,0.043478260869565216,0.6086956521739131,0.17391304347826086,2.130434782608696,1.3043478260869565,0.5652173913043478,0.0,0.0,0.0,0.0,0.0,0.6956521739130435,0.4782608695652174,0.08695652173913043,0.0,0.30434782608695654,0.30434782608695654,0.0,0.0,0.5217391304347826,0.41304347826086957,0.8695652173913043,8.695652173913043,6.086956521739131
000213,Jerry Ragonese,Jerry,Ragonese,FO,Faceoff,1,1,CHA,Chaos,2022-07-02,2022-07-02,1.0,1.0,1.0,0.0,1.0,0.0,1.0,1,0.0,0.0,0.0,0.0,0.0,0.0,2.0,0.0,0.0,2,6,8,0.0,0.0,0.0,0.0,0.0,2.0,1.0,1.0,1.0,0.25,,1.0,1.0,1.0,0.0,1.0,0.0,1.0,1.0,0.0,0.0,0.0,0.0,0.0,0.0,2.0,0.0,0.0,2.0,6.0,8.0,0.0,0.0,0.0,0.0,0.0,2.0,1.0
000216,Marcus Holman,Marcus,Holman,A,Attack,46,5,ARC|CAN,Archers|Cannons,2022-06-05,2026-06-28,148.0,115.0,91.0,12.0,103.0,33.0,308.0,209,51.0,0.0,0.0,0.0,0.0,0.0,106.0,69.0,12.0,0,0,0,0.0,0.0,7.0,4.5,129.0,1734.0,1357.0,0.3344155844155844,0.6785714285714286,,,3.217391304347826,2.5,1.9782608695652173,0.2608695652173913,2.239130434782609,0.717391304347826,6.695652173913044,4.543478260869565,1.108695652173913,0.0,0.0,0.0,0.0,0.0,2.3043478260869565,1.5,0.2608695652173913,0.0,0.0,0.0,0.0,0.0,0.15217391304347827,0.09782608695652174,2.8043478260869565,37.69565217391305,29.5
000217,Mark McNeill,Mark,McNeill,SSDM,Defensive Midfield,9,1,ARC,Archers,2022-06-05,2022-08-21,1.0,0.0,0.0,0.0,0.0,1.0,0.0,0,0.0,0.0,0.0,0.0,0.0,0.0,9.0,3.0,2.0,0,0,0,0.0,0.0,1.0,0.5,1.0,36.0,33.0,,,,,0.1111111111111111,0.0,0.0,0.0,0.0,0.1111111111111111,0.0,0.0,0.0,0.0,0.0,0.0,0.0,0.0,1.0,0.3333333333333333,0.2222222222222222,0.0,0.0,0.0,0.0,0.0,0.1111111111111111,0.05555555555555555,0.1111111111111111,4.0,3.6666666666666665
000218,Matt McMahon,Matt,McMahon,D,Defense,20,2,ARC,Archers,2022-06-05,2023-08-26,0.0,0.0,0.0,0.0,0.0,0.0,0.0,0,0.0,0.0,0.0,0.0,0.0,0.0,24.0,4.0,15.0,0,0,0,0.0,0.0,4.0,3.0,1.0,58.0,54.0,,,,,0.0,0.0,0.0,0.0,0.0,0.0,0.0,0.0,0.0,0.0,0.0,0.0,0.0,0.0,1.2,0.2,0.75,0.0,0.0,0.0,0.0,0.0,0.2,0.15,0.05,2.9,2.7
000221,Ryan Ambler,Ryan,Ambler,M,Midfield,45,5,ARC,Archers,2022-06-05,2026-06-28,52.0,36.0,36.0,0.0,36.0,16.0,133.0,76,5.0,0.0,0.0,0.0,0.0,0.0,26.0,54.0,4.0,0,0,0,0.0,0.0,2.0,2.5,67.0,790.0,603.0,0.2706766917293233,0.5714285714285714,,,1.1555555555555554,0.8,0.8,0.0,0.8,0.35555555555555557,2.9555555555555557,1.6888888888888889,0.1111111111111111,0.0,0.0,0.0,0.0,0.0,0.5777777777777777,1.2,0.08888888888888889,0.0,0.0,0.0,0.0,0.0,0.044444444444444446,0.05555555555555555,1.488888888888889,17.555555555555557,13.4
000222,Stephen Kelly,Stephen,Kelly,FO,Faceoff,13,2,CAN,Cannons,2022-06-05,2023-07-09,6.0,4.0,4.0,0.0,4.0,2.0,10.0,8,1.0,0.0,0.0,0.0,0.0,0.0,88.0,12.0,1.0,141,163,304,0.0,0.0,0.0,0.0,7.0,92.0,70.0,0.4,0.8,0.46381578947368424,,0.46153846153846156,0.3076923076923077,0.3076923076923077,0.0,0.3076923076923077,0.15384615384615385,0.7692307692307693,0.6153846153846154,0.07692307692307693,0.0,0.0,0.0,0.0,0.0,6.769230769230769,0.9230769230769231,0.07692307692307693,10.846153846153847,12.538461538461538,23.384615384615383,0.0,0.0,0.0,0.0,0.5384615384615384,7.076923076923077,5.384615384615385
000223,Scott Ratliff,Scott,Ratliff,D,Defense,10,1,ARC,Archers,2022-06-05,2022-08-21,2.0,1.0,1.0,0.0,1.0,1.0,10.0,8,8.0,0.0,0.0,0.0,0.0,0.0,27.0,4.0,13.0,0,0,0,0.0,0.0,3.0,2.5,6.0,111.0,97.0,0.1,0.8,,,0.2,0.1,0.1,0.0,0.1,0.1,1.0,0.8,0.8,0.0,0.0,0.0,0.0,0.0,2.7,0.4,1.3,0.0,0.0,0.0,0.0,0.0,0.3,0.25,0.6,11.1,9.7
000225,Tom Schreiber,Tom,Schreiber,M,Midfield,37,4,ARC,Archers,2022-06-05,2025-07-26,114.0,59.0,49.0,5.0,54.0,55.0,200.0,119,36.0,0.0,0.0,0.0,0.0,0.0,48.0,73.0,6.0,0,0,0,0.0,0.0,3.0,2.0,191.0,1226.0,953.0,0.27,0.595,,,3.081081081081081,1.5945945945945945,1.3243243243243243,0.13513513513513514,1.4594594594594594,1.4864864864864864,5.405405405405405,3.2162162162162162,0.972972972972973,0.0,0.0,0.0,0.0,0.0,1.2972972972972974,1.972972972972973,0.16216216216216217,0.0,0.0,0.0,0.0,0.0,0.08108108108108109,0.05405405405405406,5.162162162162162,33.13513513513514,25.756756756756758
000227,Will Manny,Will,Manny,A,Attack,25,3,ARC|CAN|WHP,Archers|Cannons|Whipsnakes,2022-06-05,2025-08-09,75.0,39.0,37.0,1.0,38.0,36.0,134.0,95,7.0,0.0,0.0,0.0,0.0,0.0,23.0,36.0,2.0,0,0,0,0.0,0.0,3.0,1.5,89.0,706.0,536.0,0.2835820895522388,0.7089552238805971,,,3.0,1.56,1.48,0.04,1.52,1.44,5.36,3.8,0.28,0.0,0.0,0.0,0.0,0.0,0.92,1.44,0.08,0.0,0.0,0.0,0.0,0.0,0.12,0.06,3.56,28.24,21.44
000231,Chris Cloutier,Chris,Cloutier,A,Attack,11,2,CHA,Chaos,2022-07-02,2023-08-27,25.0,19.0,19.0,0.0,19.0,6.0,60.0,41,0.0,0.0,0.0,0.0,0.0,0.0,16.0,22.0,0.0,0,0,0,0.0,0.0,0.0,0.0,24.0,285.0,203.0,0.31666666666666665,0.6833333333333333,,,2.272727272727273,1.7272727272727273,1.7272727272727273,0.0,1.7272727272727273,0.5454545454545454,5.454545454545454,3.727272727272727,0.0,0.0,0.0,0.0,0.0,0.0,1.4545454545454546,2.0,0.0,0.0,0.0,0.0,0.0,0.0,0.0,0.0,2.1818181818181817,25.90909090909091,18.454545454545453
000234,Eric Law,Eric,Law,A,Attack,27,4,ATL|OUT,Atlas|Outlaws,2022-06-04,2025-08-02,69.0,51.0,51.0,0.0,51.0,18.0,101.0,82,0.0,0.0,0.0,0.0,0.0,0.0,32.0,50.0,1.0,0,0,0,0.0,0.0,6.0,4.5,68.0,770.0,619.0,0.504950495049505,0.8118811881188119,,,2.5555555555555554,1.8888888888888888,1.8888888888888888,0.0,1.8888888888888888,0.6666666666666666,3.740740740740741,3.037037037037037,0.0,0.0,0.0,0.0,0.0,0.0,1.1851851851851851,1.8518518518518519,0.037037037037037035,0.0,0.0,0.0,0.0,0.0,0.2222222222222222,0.16666666666666666,2.5185185185185186,28.51851851851852,22.925925925925927
000235,Jake Richard,Jake,Richard,SSDM,Defensive Midfield,29,3,ATL|WAT,Atlas|Waterdogs,2022-06-04,2024-08-17,4.0,1.0,1.0,0.0,1.0,3.0,9.0,8,3.0,0.0,0.0,0.0,0.0,0.0,22.0,4.0,13.0,0,14,15,0.0,0.0,12.0,9.0,11.0,194.0,181.0,0.1111111111111111,0.8888888888888888,0.0,,0.13793103448275862,0.034482758620689655,0.034482758620689655,0.0,0.034482758620689655,0.10344827586206896,0.3103448275862069,0.27586206896551724,0.10344827586206896,0.0,0.0,0.0,0.0,0.0,0.7586206896551724,0.13793103448275862,0.4482758620689655,0.0,0.4827586206896552,0.5172413793103449,0.0,0.0,0.41379310344827586,0.3103448275862069,0.3793103448275862,6.689655172413793,6.241379310344827
000238,John Crawley,John,Crawley,M,Midfield,9,1,ATL,Atlas,2022-06-04,2022-08-13,5.0,4.0,4.0,0.0,4.0,1.0,22.0,13,1.0,0.0,0.0,0.0,0.0,0.0,3.0,8.0,0.0,0,0,0,0.0,0.0,0.0,0.0,5.0,99.0,69.0,0.18181818181818182,0.5909090909090909,,,0.5555555555555556,0.4444444444444444,0.4444444444444444,0.0,0.4444444444444444,0.1111111111111111,2.4444444444444446,1.4444444444444444,0.1111111111111111,0.0,0.0,0.0,0.0,0.0,0.3333333333333333,0.8888888888888888,0.0,0.0,0.0,0.0,0.0,0.0,0.0,0.0,0.5555555555555556,11.0,7.666666666666667
000240,Kieran McArdle,Kieran,McArdle,A,Attack,45,5,WAT,Waterdogs,2022-06-05,2026-06-28,151.0,85.0,85.0,0.0,85.0,66.0,287.0,190,6.0,0.0,0.0,0.0,0.0,0.0,66.0,99.0,4.0,0,0,0,0.0,0.0,7.0,7.0,217.0,1469.0,1083.0,0.2961672473867596,0.662020905923345,,,3.3555555555555556,1.8888888888888888,1.8888888888888888,0.0,1.8888888888888888,1.4666666666666666,6.377777777777778,4.222222222222222,0.13333333333333333,0.0,0.0,0.0,0.0,0.0,1.4666666666666666,2.2,0.08888888888888889,0.0,0.0,0.0,0.0,0.0,0.15555555555555556,0.15555555555555556,4.822222222222222,32.644444444444446,24.066666666666666
000241,Jack Concannon,Jack,Concannon,G,Goalie,19,2,ATL,Atlas,2022-06-04,2023-08-26,0.0,0.0,0.0,0.0,0.0,0.0,0.0,0,0.0,230.0,44.0,186.0,230.0,245.24057,30.0,11.0,2.0,0,0,0,210.0,20.0,1.0,1.0,5.0,165.0,154.0,,,,0.5227272727272727,0.0,0.0,0.0,0.0,0.0,0.0,0.0,0.0,0.0,12.105263157894736,2.3157894736842106,9.789473684210526,12.105263157894736,12.907398421052632,1.5789473684210527,0.5789473684210527,0.10526315789473684,0.0,0.0,0.0,11.052631578947368,1.0526315789473684,0.05263157894736842,0.05263157894736842,0.2631578947368421,8.68421052631579,8.105263157894736
000242,Kyle Hartzell,Kyle,Hartzell,LSM,Long Stick Midfield,14,3,CAN|RED,Cannons|Redwoods,2022-06-04,2026-06-28,3.0,3.0,1.0,1.0,2.0,0.0,7.0,4,5.0,0.0,0.0,0.0,0.0,0.0,19.0,2.0,8.0,2,17,19,0.0,0.0,3.0,2.0,0.0,61.0,52.0,0.2857142857142857,0.5714285714285714,0.10526315789473684,,0.21428571428571427,0.21428571428571427,0.07142857142857142,0.07142857142857142,0.14285714285714285,0.0,0.5,0.2857142857142857,0.35714285714285715,0.0,0.0,0.0,0.0,0.0,1.3571428571428572,0.14285714285714285,0.5714285714285714,0.14285714285714285,1.2142857142857142,1.3571428571428572,0.0,0.0,0.21428571428571427,0.14285714285714285,0.0,4.357142857142857,3.7142857142857144
000246,Ryan Brown,Ryan,Brown,A,Attack,7,1,WAT,Waterdogs,2022-06-05,2022-08-21,11.0,11.0,9.0,1.0,10.0,0.0,43.0,27,2.0,0.0,0.0,0.0,0.0,0.0,3.0,2.0,1.0,0,0,0,0.0,0.0,2.0,1.0,0.0,79.0,34.0,0.23255813953488372,0.627906976744186,,,1.5714285714285714,1.5714285714285714,1.2857142857142858,0.14285714285714285,1.4285714285714286,0.0,6.142857142857143,3.857142857142857,0.2857142857142857,0.0,0.0,0.0,0.0,0.0,0.42857142857142855,0.2857142857142857,0.14285714285714285,0.0,0.0,0.0,0.0,0.0,0.2857142857142857,0.14285714285714285,0.0,11.285714285714286,4.857142857142857
000251,Steven DeNapoli,Steven,DeNapoli,SSDM,Defensive Midfield,4,1,WAT,Waterdogs,2022-07-31,2022-08-21,3.0,3.0,3.0,0.0,3.0,0.0,4.0,4,0.0,0.0,0.0,0.0,0.0,0.0,4.0,2.0,0.0,0,0,0,0.0,0.0,0.0,0.0,1.0,17.0,11.0,0.75,1.0,,,0.75,0.75,0.75,0.0,0.75,0.0,1.0,1.0,0.0,0.0,0.0,0.0,0.0,0.0,1.0,0.5,0.0,0.0,0.0,0.0,0.0,0.0,0.0,0.0,0.25,4.25,2.75
000254,Trevor Baptiste,Trevor,Baptiste,FO,Faceoff,41,5,ATL,Atlas,2022-06-04,2026-06-06,28.0,20.0,18.0,1.0,19.0,8.0,72.0,43,5.0,0.0,0.0,0.0,0.0,0.0,470.0,39.0,7.0,726,341,1072,0.0,0.0,12.0,6.0,26.0,555.0,444.0,0.2638888888888889,0.5972222222222222,0.6772388059701493,,0.6829268292682927,0.4878048780487805,0.43902439024390244,0.024390243902439025,0.4634146341463415,0.1951219512195122,1.7560975609756098,1.048780487804878,0.12195121951219512,0.0,0.0,0.0,0.0,0.0,11.463414634146341,0.9512195121951219,0.17073170731707318,17.70731707317073,8.317073170731707,26.146341463414632,0.0,0.0,0.2926829268292683,0.14634146341463414,0.6341463414634146,13.536585365853659,10.829268292682928
000255,Tucker Durkin,Tucker,Durkin,D,Defense,20,2,ATL,Atlas,2022-06-04,2023-08-26,0.0,0.0,0.0,0.0,0.0,0.0,0.0,0,0.0,0.0,0.0,0.0,0.0,0.0,20.0,3.0,8.0,0,0,0,0.0,0.0,4.0,3.0,0.0,59.0,56.0,,,,,0.0,0.0,0.0,0.0,0.0,0.0,0.0,0.0,0.0,0.0,0.0,0.0,0.0,0.0,1.0,0.15,0.4,0.0,0.0,0.0,0.0,0.0,0.2,0.15,0.0,2.95,2.8
000258,Blaze Riorden,Blaze,Riorden,G,Goalie,42,5,CHA,Chaos,2022-06-04,2026-06-28,8.0,1.0,1.0,0.0,1.0,7.0,10.0,5,9.0,581.0,225.0,356.0,470.0,488.7414,72.0,14.0,21.0,0,0,0,435.0,35.0,0.0,0.0,16.0,653.0,629.0,0.1,0.5,,0.5718503937007874,0.19047619047619047,0.023809523809523808,0.023809523809523808,0.0,0.023809523809523808,0.16666666666666666,0.23809523809523808,0.11904761904761904,0.21428571428571427,13.833333333333334,5.357142857142857,8.476190476190476,11.19047619047619,11.6367,1.7142857142857142,0.3333333333333333,0.5,0.0,0.0,0.0,10.357142857142858,0.8333333333333334,0.0,0.0,0.38095238095238093,15.547619047619047,14.976190476190476
000260,Brodie Merrill,Brodie,Merrill,LSM,Long Stick Midfield,6,1,CAN,Cannons,2022-06-11,2022-08-21,1.0,0.0,0.0,0.0,0.0,1.0,0.0,0,0.0,0.0,0.0,0.0,0.0,0.0,15.0,3.0,6.0,0,0,0,0.0,0.0,2.0,1.5,3.0,34.0,31.0,,,,,0.16666666666666666,0.0,0.0,0.0,0.0,0.16666666666666666,0.0,0.0,0.0,0.0,0.0,0.0,0.0,0.0,2.5,0.5,1.0,0.0,0.0,0.0,0.0,0.0,0.3333333333333333,0.25,0.5,5.666666666666667,5.166666666666667
000262,Connor Fields,Connor,Fields,A,Attack,42,5,ARC,Archers,2022-07-01,2026-06-28,122.0,89.0,89.0,0.0,89.0,33.0,287.0,194,4.0,0.0,0.0,0.0,0.0,0.0,58.0,75.0,9.0,0,0,0,0.0,0.0,3.0,2.5,127.0,1205.0,843.0,0.31010452961672474,0.6759581881533101,,,2.9047619047619047,2.119047619047619,2.119047619047619,0.0,2.119047619047619,0.7857142857142857,6.833333333333333,4.619047619047619,0.09523809523809523,0.0,0.0,0.0,0.0,0.0,1.380952380952381,1.7857142857142858,0.21428571428571427,0.0,0.0,0.0,0.0,0.0,0.07142857142857142,0.05952380952380952,3.0238095238095237,28.69047619047619,20.071428571428573
000266,Dhane Smith,Dhane,Smith,M,Midfield,15,2,CHA,Chaos,2022-06-25,2023-08-27,53.0,11.0,11.0,0.0,11.0,42.0,53.0,34,2.0,0.0,0.0,0.0,0.0,0.0,8.0,37.0,1.0,0,0,0,0.0,0.0,2.0,1.5,116.0,561.0,471.0,0.20754716981132076,0.6415094339622641,,,3.533333333333333,0.7333333333333333,0.7333333333333333,0.0,0.7333333333333333,2.8,3.533333333333333,2.2666666666666666,0.13333333333333333,0.0,0.0,0.0,0.0,0.0,0.5333333333333333,2.466666666666667,0.06666666666666667,0.0,0.0,0.0,0.0,0.0,0.13333333333333333,0.1,7.733333333333333,37.4,31.4
000267,Jake Froccaro,Jake,Froccaro,M,Midfield,5,1,CAN,Cannons,2022-06-05,2022-07-02,8.0,2.0,0.0,1.0,1.0,6.0,20.0,11,8.0,0.0,0.0,0.0,0.0,0.0,8.0,3.0,1.0,0,3,3,0.0,0.0,1.0,0.5,18.0,113.0,90.0,0.05,0.55,0.0,,1.6,0.4,0.0,0.2,0.2,1.2,4.0,2.2,1.6,0.0,0.0,0.0,0.0,0.0,1.6,0.6,0.2,0.0,0.6,0.6,0.0,0.0,0.2,0.1,3.6,22.6,18.0
000268,James Barclay,James,Barclay,D,Defense,1,1,WHP,Whipsnakes,2022-07-23,2022-07-23,0.0,0.0,0.0,0.0,0.0,0.0,1.0,1,0.0,0.0,0.0,0.0,0.0,0.0,2.0,0.0,0.0,0,0,0,0.0,0.0,0.0,0.0,0.0,4.0,3.0,0.0,1.0,,,0.0,0.0,0.0,0.0,0.0,0.0,1.0,1.0,0.0,0.0,0.0,0.0,0.0,0.0,2.0,0.0,0.0,0.0,0.0,0.0,0.0,0.0,0.0,0.0,0.0,4.0,3.0
000269,Jarrod Neumann,Jarrod,Neumann,D,Defense,46,5,CHA,Chaos,2022-06-04,2026-06-28,7.0,6.0,0.0,3.0,3.0,1.0,26.0,11,25.0,0.0,0.0,0.0,0.0,0.0,69.0,14.0,17.0,0,0,0,0.0,0.0,13.0,11.0,8.0,259.0,219.0,0.11538461538461539,0.4230769230769231,,,0.15217391304347827,0.13043478260869565,0.0,0.06521739130434782,0.06521739130434782,0.021739130434782608,0.5652173913043478,0.2391304347826087,0.5434782608695652,0.0,0.0,0.0,0.0,0.0,1.5,0.30434782608695654,0.3695652173913043,0.0,0.0,0.0,0.0,0.0,0.2826086956521739,0.2391304347826087,0.17391304347826086,5.630434782608695,4.760869565217392
000272,Josh Byrne,Josh,Byrne,A,Attack,22,3,CHA,Chaos,2022-06-25,2024-08-17,70.0,41.0,41.0,0.0,41.0,29.0,149.0,91,2.0,0.0,0.0,0.0,0.0,0.0,33.0,47.0,6.0,0,0,0,0.0,0.0,4.0,2.5,85.0,702.0,506.0,0.2751677852348993,0.610738255033557,,,3.1818181818181817,1.8636363636363635,1.8636363636363635,0.0,1.8636363636363635,1.3181818181818181,6.7727272727272725,4.136363636363637,0.09090909090909091,0.0,0.0,0.0,0.0,0.0,1.5,2.1363636363636362,0.2727272727272727,0.0,0.0,0.0,0.0,0.0,0.18181818181818182,0.11363636363636363,3.8636363636363638,31.90909090909091,23.0
000275,Mark Glicini,Mark,Glicini,SSDM,Defensive Midfield,30,5,CHA,Chaos,2022-06-04,2026-05-09,5.0,4.0,2.0,1.0,3.0,1.0,9.0,7,3.0,0.0,0.0,0.0,0.0,0.0,25.0,5.0,11.0,2,14,16,0.0,0.0,4.0,2.0,11.0,153.0,139.0,0.3333333333333333,0.7777777777777778,0.125,,0.16666666666666666,0.13333333333333333,0.06666666666666667,0.03333333333333333,0.1,0.03333333333333333,0.3,0.23333333333333334,0.1,0.0,0.0,0.0,0.0,0.0,0.8333333333333334,0.16666666666666666,0.36666666666666664,0.06666666666666667,0.4666666666666667,0.5333333333333333,0.0,0.0,0.13333333333333333,0.06666666666666667,0.36666666666666664,5.1,4.633333333333334
000276,Matt Rees,Matt,Rees,LSM,Long Stick Midfield,13,2,CAN|CHA,Cannons|Chaos,2022-07-02,2023-08-26,5.0,4.0,0.0,2.0,2.0,1.0,13.0,7,11.0,0.0,0.0,0.0,0.0,0.0,18.0,4.0,12.0,1,37,38,0.0,0.0,8.0,7.0,2.0,54.0,37.0,0.15384615384615385,0.5384615384615384,0.02631578947368421,,0.38461538461538464,0.3076923076923077,0.0,0.15384615384615385,0.15384615384615385,0.07692307692307693,1.0,0.5384615384615384,0.8461538461538461,0.0,0.0,0.0,0.0,0.0,1.3846153846153846,0.3076923076923077,0.9230769230769231,0.07692307692307693,2.8461538461538463,2.923076923076923,0.0,0.0,0.6153846153846154,0.5384615384615384,0.15384615384615385,4.153846153846154,2.8461538461538463
000278,Myles Jones,Myles,Jones,M,Midfield,31,4,ATL|RED,Atlas|Redwoods,2022-06-04,2025-06-14,55.0,34.0,24.0,5.0,29.0,21.0,128.0,74,23.0,0.0,0.0,0.0,0.0,0.0,26.0,41.0,2.0,0,0,0,0.0,0.0,4.0,3.0,75.0,595.0,426.0,0.2265625,0.578125,,,1.7741935483870968,1.096774193548387,0.7741935483870968,0.16129032258064516,0.9354838709677419,0.6774193548387096,4.129032258064516,2.3870967741935485,0.7419354838709677,0.0,0.0,0.0,0.0,0.0,0.8387096774193549,1.3225806451612903,0.06451612903225806,0.0,0.0,0.0,0.0,0.0,0.12903225806451613,0.0967741935483871,2.4193548387096775,19.193548387096776,13.741935483870968
000279,Patrick Resch,Patrick,Resch,SSDM,Defensive Midfield,33,4,ARC|CHA,Archers|Chaos,2022-06-04,2025-08-09,12.0,5.0,3.0,1.0,4.0,7.0,10.0,7,3.0,0.0,0.0,0.0,0.0,0.0,43.0,13.0,15.0,0,1,1,0.0,0.0,4.0,3.0,24.0,268.0,245.0,0.4,0.7,0.0,,0.36363636363636365,0.15151515151515152,0.09090909090909091,0.030303030303030304,0.12121212121212122,0.21212121212121213,0.30303030303030304,0.21212121212121213,0.09090909090909091,0.0,0.0,0.0,0.0,0.0,1.303030303030303,0.3939393939393939,0.45454545454545453,0.0,0.030303030303030304,0.030303030303030304,0.0,0.0,0.12121212121212122,0.09090909090909091,0.7272727272727273,8.121212121212121,7.424242424242424
000280,Thomas Kelly,Thomas,Kelly,FO,Faceoff,5,1,CHA,Chaos,2022-06-04,2022-07-23,1.0,1.0,1.0,0.0,1.0,0.0,1.0,1,0.0,0.0,0.0,0.0,0.0,0.0,23.0,3.0,0.0,52,63,115,0.0,0.0,0.0,0.0,0.0,18.0,14.0,1.0,1.0,0.45217391304347826,,0.2,0.2,0.2,0.0,0.2,0.0,0.2,0.2,0.0,0.0,0.0,0.0,0.0,0.0,4.6,0.6,0.0,10.4,12.6,23.0,0.0,0.0,0.0,0.0,0.0,3.6,2.8
000281,Troy Reh,Troy,Reh,LSM,Long Stick Midfield,46,5,CHA,Chaos,2022-06-04,2026-06-28,5.0,5.0,3.0,1.0,4.0,0.0,21.0,12,15.0,0.0,0.0,0.0,0.0,0.0,119.0,12.0,40.0,0,2,2,0.0,0.0,12.0,11.5,14.0,372.0,339.0,0.19047619047619047,0.5714285714285714,0.0,,0.10869565217391304,0.10869565217391304,0.06521739130434782,0.021739130434782608,0.08695652173913043,0.0,0.45652173913043476,0.2608695652173913,0.32608695652173914,0.0,0.0,0.0,0.0,0.0,2.5869565217391304,0.2608695652173913,0.8695652173913043,0.0,0.043478260869565216,0.043478260869565216,0.0,0.0,0.2608695652173913,0.25,0.30434782608695654,8.08695652173913,7.369565217391305
000282,Tyson Bell,Tyson,Bell,LSM,Long Stick Midfield,5,1,CAN,Cannons,2022-06-05,2022-07-02,1.0,1.0,1.0,0.0,1.0,0.0,3.0,1,0.0,0.0,0.0,0.0,0.0,0.0,5.0,2.0,1.0,0,0,0,0.0,0.0,5.0,4.0,0.0,25.0,20.0,0.3333333333333333,0.3333333333333333,,,0.2,0.2,0.2,0.0,0.2,0.0,0.6,0.2,0.0,0.0,0.0,0.0,0.0,0.0,1.0,0.4,0.2,0.0,0.0,0.0,0.0,0.0,1.0,0.8,0.0,5.0,4.0
000294,John Ranagan,John,Ranagan,M,Midfield,3,1,OUT,Outlaws,2022-06-10,2022-07-24,1.0,1.0,1.0,0.0,1.0,0.0,4.0,3,0.0,0.0,0.0,0.0,0.0,0.0,1.0,2.0,0.0,0,0,0,0.0,0.0,0.0,0.0,6.0,36.0,30.0,0.25,0.75,,,0.3333333333333333,0.3333333333333333,0.3333333333333333,0.0,0.3333333333333333,0.0,1.3333333333333333,1.0,0.0,0.0,0.0,0.0,0.0,0.0,0.3333333333333333,0.6666666666666666,0.0,0.0,0.0,0.0,0.0,0.0,0.0,0.0,2.0,12.0,10.0
000295,Jordan MacIntosh,Jordan,MacIntosh,M,Midfield,18,2,OUT,Outlaws,2022-06-05,2023-08-27,22.0,20.0,18.0,1.0,19.0,2.0,61.0,40,2.0,0.0,0.0,0.0,0.0,0.0,17.0,27.0,2.0,0,0,0,0.0,0.0,1.0,1.0,22.0,298.0,210.0,0.3114754098360656,0.6557377049180327,,,1.2222222222222223,1.1111111111111112,1.0,0.05555555555555555,1.0555555555555556,0.1111111111111111,3.388888888888889,2.2222222222222223,0.1111111111111111,0.0,0.0,0.0,0.0,0.0,0.9444444444444444,1.5,0.1111111111111111,0.0,0.0,0.0,0.0,0.0,0.05555555555555555,0.05555555555555555,1.2222222222222223,16.555555555555557,11.666666666666666
000298,Justin Guterding,Justin,Guterding,M,Midfield,12,2,ATL|WHP,Atlas|Whipsnakes,2022-06-04,2023-08-26,17.0,6.0,6.0,0.0,6.0,11.0,32.0,21,1.0,0.0,0.0,0.0,0.0,0.0,9.0,10.0,2.0,0,0,0,0.0,0.0,1.0,0.5,37.0,216.0,174.0,0.1875,0.65625,,,1.4166666666666667,0.5,0.5,0.0,0.5,0.9166666666666666,2.6666666666666665,1.75,0.08333333333333333,0.0,0.0,0.0,0.0,0.0,0.75,0.8333333333333334,0.16666666666666666,0.0,0.0,0.0,0.0,0.0,0.08333333333333333,0.041666666666666664,3.0833333333333335,18.0,14.5
000302,Michael Manley,Michael,Manley,D,Defense,44,5,OUT,Outlaws,2022-06-05,2026-06-27,11.0,7.0,5.0,1.0,6.0,4.0,32.0,19,17.0,0.0,0.0,0.0,0.0,0.0,91.0,20.0,42.0,0,0,0,0.0,0.0,13.0,12.5,16.0,354.0,302.0,0.1875,0.59375,,,0.25,0.1590909090909091,0.11363636363636363,0.022727272727272728,0.13636363636363635,0.09090909090909091,0.7272727272727273,0.4318181818181818,0.38636363636363635,0.0,0.0,0.0,0.0,0.0,2.0681818181818183,0.45454545454545453,0.9545454545454546,0.0,0.0,0.0,0.0,0.0,0.29545454545454547,0.2840909090909091,0.36363636363636365,8.045454545454545,6.863636363636363
000305,Romar Dennis,Romar,Dennis,M,Midfield,37,5,ATL|RED,Atlas|Redwoods,2022-06-11,2026-05-16,47.0,41.0,9.0,16.0,25.0,6.0,174.0,90,101.0,0.0,0.0,0.0,0.0,0.0,19.0,20.0,7.0,0,0,0,0.0,0.0,3.0,3.0,37.0,647.0,453.0,0.14367816091954022,0.5172413793103449,,,1.2702702702702702,1.1081081081081081,0.24324324324324326,0.43243243243243246,0.6756756756756757,0.16216216216216217,4.702702702702703,2.4324324324324325,2.72972972972973,0.0,0.0,0.0,0.0,0.0,0.5135135135135135,0.5405405405405406,0.1891891891891892,0.0,0.0,0.0,0.0,0.0,0.08108108108108109,0.08108108108108109,1.0,17.486486486486488,12.243243243243244
000308,Will Haus,Will,Haus,SSDM,Defensive Midfield,29,3,OUT,Outlaws,2022-06-05,2024-08-18,8.0,3.0,3.0,0.0,3.0,5.0,13.0,9,2.0,0.0,0.0,0.0,0.0,0.0,27.0,6.0,9.0,0,2,2,0.0,0.0,7.0,3.5,12.0,197.0,178.0,0.23076923076923078,0.6923076923076923,0.0,,0.27586206896551724,0.10344827586206896,0.10344827586206896,0.0,0.10344827586206896,0.1724137931034483,0.4482758620689655,0.3103448275862069,0.06896551724137931,0.0,0.0,0.0,0.0,0.0,0.9310344827586207,0.20689655172413793,0.3103448275862069,0.0,0.06896551724137931,0.06896551724137931,0.0,0.0,0.2413793103448276,0.1206896551724138,0.41379310344827586,6.793103448275862,6.137931034482759
000310,Brent Adams,Brent,Adams,M,Midfield,1,1,ATL,Atlas,2022-06-11,2022-06-11,0.0,0.0,0.0,0.0,0.0,0.0,2.0,0,0.0,0.0,0.0,0.0,0.0,0.0,0.0,0.0,0.0,0,0,0,0.0,0.0,0.0,0.0,0.0,7.0,5.0,0.0,0.0,,,0.0,0.0,0.0,0.0,0.0,0.0,2.0,0.0,0.0,0.0,0.0,0.0,0.0,0.0,0.0,0.0,0.0,0.0,0.0,0.0,0.0,0.0,0.0,0.0,0.0,7.0,5.0
000314,Eddy Glazener,Eddy,Glazener,D,Defense,19,2,RED,Redwoods,2022-06-04,2023-08-26,5.0,5.0,1.0,2.0,3.0,0.0,12.0,9,9.0,0.0,0.0,0.0,0.0,0.0,30.0,6.0,19.0,0,0,0,0.0,0.0,2.0,1.5,2.0,142.0,124.0,0.25,0.75,,,0.2631578947368421,0.2631578947368421,0.05263157894736842,0.10526315789473684,0.15789473684210525,0.0,0.631578947368421,0.47368421052631576,0.47368421052631576,0.0,0.0,0.0,0.0,0.0,1.5789473684210527,0.3157894736842105,1.0,0.0,0.0,0.0,0.0,0.0,0.10526315789473684,0.07894736842105263,0.10526315789473684,7.473684210526316,6.526315789473684
000315,Garrett Epple,Garrett,Epple,D,Defense,40,4,CAN|RED,Cannons|Redwoods,2022-06-04,2025-08-09,1.0,0.0,0.0,0.0,0.0,1.0,3.0,0,3.0,0.0,0.0,0.0,0.0,0.0,79.0,14.0,69.0,0,0,0,0.0,0.0,14.0,12.0,7.0,316.0,299.0,0.0,0.0,,,0.025,0.0,0.0,0.0,0.0,0.025,0.075,0.0,0.075,0.0,0.0,0.0,0.0,0.0,1.975,0.35,1.725,0.0,0.0,0.0,0.0,0.0,0.35,0.3,0.175,7.9,7.475
000318,Jack Kelly,Jack,Kelly,G,Goalie,27,3,RED,Redwoods,2022-06-04,2024-08-17,0.0,0.0,0.0,0.0,0.0,0.0,3.0,1,3.0,312.0,116.0,196.0,332.0,365.19175,45.0,15.0,15.0,0,0,0,311.0,21.0,0.0,0.0,6.0,406.0,388.0,0.0,0.3333333333333333,,0.5008025682182986,0.0,0.0,0.0,0.0,0.0,0.0,0.1111111111111111,0.037037037037037035,0.1111111111111111,11.555555555555555,4.296296296296297,7.2592592592592595,12.296296296296296,13.52562037037037,1.6666666666666667,0.5555555555555556,0.5555555555555556,0.0,0.0,0.0,11.518518518518519,0.7777777777777778,0.0,0.0,0.2222222222222222,15.037037037037036,14.37037037037037
000319,Jack Near,Jack,Near,SSDM,Defensive Midfield,7,1,RED,Redwoods,2022-06-04,2022-08-20,0.0,0.0,0.0,0.0,0.0,0.0,0.0,0,0.0,0.0,0.0,0.0,0.0,0.0,9.0,1.0,0.0,0,0,0,0.0,0.0,0.0,0.0,1.0,46.0,45.0,,,,,0.0,0.0,0.0,0.0,0.0,0.0,0.0,0.0,0.0,0.0,0.0,0.0,0.0,0.0,1.2857142857142858,0.14285714285714285,0.0,0.0,0.0,0.0,0.0,0.0,0.0,0.0,0.14285714285714285,6.571428571428571,6.428571428571429
000322,John Sexton,John,Sexton,LSM,Long Stick Midfield,15,2,RED,Redwoods,2022-06-24,2023-08-13,3.0,1.0,1.0,0.0,1.0,2.0,8.0,4,6.0,0.0,0.0,0.0,0.0,0.0,22.0,6.0,7.0,0,3,3,0.0,0.0,3.0,2.5,6.0,59.0,45.0,0.125,0.5,0.0,,0.2,0.06666666666666667,0.06666666666666667,0.0,0.06666666666666667,0.13333333333333333,0.5333333333333333,0.26666666666666666,0.4,0.0,0.0,0.0,0.0,0.0,1.4666666666666666,0.4,0.4666666666666667,0.0,0.2,0.2,0.0,0.0,0.2,0.16666666666666666,0.4,3.933333333333333,3.0
000327,Matt Kavanagh,Matt,Kavanagh,A,Attack,24,3,CAN|RED,Cannons|Redwoods,2022-06-04,2024-07-20,46.0,28.0,26.0,1.0,27.0,18.0,126.0,69,2.0,0.0,0.0,0.0,0.0,0.0,39.0,41.0,8.0,0,0,0,0.0,0.0,5.0,3.5,68.0,680.0,513.0,0.21428571428571427,0.5476190476190477,,,1.9166666666666667,1.1666666666666667,1.0833333333333333,0.041666666666666664,1.125,0.75,5.25,2.875,0.08333333333333333,0.0,0.0,0.0,0.0,0.0,1.625,1.7083333333333333,0.3333333333333333,0.0,0.0,0.0,0.0,0.0,0.20833333333333334,0.14583333333333334,2.8333333333333335,28.333333333333332,21.375
000331,Patrick Harbeson,Patrick,Harbeson,SSDM,Defensive Midfield,3,1,RED,Redwoods,2022-07-01,2022-07-31,1.0,0.0,0.0,0.0,0.0,1.0,1.0,1,0.0,0.0,0.0,0.0,0.0,0.0,2.0,0.0,0.0,0,0,0,0.0,0.0,0.0,0.0,1.0,23.0,22.0,0.0,1.0,,,0.3333333333333333,0.0,0.0,0.0,0.0,0.3333333333333333,0.3333333333333333,0.3333333333333333,0.0,0.0,0.0,0.0,0.0,0.0,0.6666666666666666,0.0,0.0,0.0,0.0,0.0,0.0,0.0,0.0,0.0,0.3333333333333333,7.666666666666667,7.333333333333333
000333,Sergio Perkovic,Sergio,Perkovic,M,Midfield,28,4,CHA|RED,Chaos|Redwoods,2022-06-04,2025-08-09,25.0,23.0,13.0,5.0,18.0,2.0,107.0,58,34.0,0.0,0.0,0.0,0.0,0.0,16.0,22.0,6.0,0,0,0,0.0,0.0,5.0,5.0,29.0,495.0,366.0,0.16822429906542055,0.5420560747663551,,,0.8928571428571429,0.8214285714285714,0.4642857142857143,0.17857142857142858,0.6428571428571429,0.07142857142857142,3.8214285714285716,2.0714285714285716,1.2142857142857142,0.0,0.0,0.0,0.0,0.0,0.5714285714285714,0.7857142857142857,0.21428571428571427,0.0,0.0,0.0,0.0,0.0,0.17857142857142858,0.17857142857142858,1.0357142857142858,17.678571428571427,13.071428571428571
000337,Bryce Young,Bryce,Young,D,Defense,40,4,CAN|WHP,Cannons|Whipsnakes,2022-06-04,2025-08-09,1.0,1.0,1.0,0.0,1.0,0.0,4.0,1,3.0,0.0,0.0,0.0,0.0,0.0,58.0,15.0,30.0,0,0,0,0.0,0.0,13.0,13.5,2.0,207.0,188.0,0.25,0.25,,,0.025,0.025,0.025,0.0,0.025,0.0,0.1,0.025,0.075,0.0,0.0,0.0,0.0,0.0,1.45,0.375,0.75,0.0,0.0,0.0,0.0,0.0,0.325,0.3375,0.05,5.175,4.7
000339,Connor Kelly,Connor,Kelly,M,Midfield,40,5,WAT,Waterdogs,2022-06-05,2026-06-07,82.0,68.0,36.0,16.0,52.0,14.0,242.0,123,78.0,0.0,0.0,0.0,0.0,0.0,37.0,50.0,5.0,0,0,0,0.0,0.0,2.0,1.5,62.0,980.0,688.0,0.21487603305785125,0.5082644628099173,,,2.05,1.7,0.9,0.4,1.3,0.35,6.05,3.075,1.95,0.0,0.0,0.0,0.0,0.0,0.925,1.25,0.125,0.0,0.0,0.0,0.0,0.0,0.05,0.0375,1.55,24.5,17.2
000345,Jake Bernhardt,Jake,Bernhardt,SSDM,Defensive Midfield,37,5,WHP,Whipsnakes,2022-06-04,2026-05-16,6.0,4.0,2.0,1.0,3.0,2.0,17.0,6,6.0,0.0,0.0,0.0,0.0,0.0,23.0,11.0,4.0,3,25,28,0.0,0.0,3.0,1.5,9.0,208.0,180.0,0.17647058823529413,0.35294117647058826,0.10714285714285714,,0.16216216216216217,0.10810810810810811,0.05405405405405406,0.02702702702702703,0.08108108108108109,0.05405405405405406,0.4594594594594595,0.16216216216216217,0.16216216216216217,0.0,0.0,0.0,0.0,0.0,0.6216216216216216,0.2972972972972973,0.10810810810810811,0.08108108108108109,0.6756756756756757,0.7567567567567568,0.0,0.0,0.08108108108108109,0.04054054054054054,0.24324324324324326,5.621621621621622,4.864864864864865
000346,Jay Carlson,Jay,Carlson,A,Attack,7,1,WHP,Whipsnakes,2022-06-04,2022-08-21,14.0,10.0,10.0,0.0,10.0,4.0,28.0,20,0.0,0.0,0.0,0.0,0.0,0.0,9.0,11.0,6.0,0,0,0,0.0,0.0,0.0,0.0,7.0,89.0,50.0,0.35714285714285715,0.7142857142857143,,,2.0,1.4285714285714286,1.4285714285714286,0.0,1.4285714285714286,0.5714285714285714,4.0,2.857142857142857,0.0,0.0,0.0,0.0,0.0,0.0,1.2857142857142858,1.5714285714285714,0.8571428571428571,0.0,0.0,0.0,0.0,0.0,0.0,0.0,1.0,12.714285714285714,7.142857142857143
000350,Joseph Nardella,Joseph,Nardella,FO,Faceoff,29,3,WHP,Whipsnakes,2022-06-04,2025-08-09,13.0,10.0,10.0,0.0,10.0,3.0,21.0,15,0.0,0.0,0.0,0.0,0.0,0.0,232.0,28.0,4.0,458,249,713,0.0,0.0,3.0,2.0,20.0,309.0,260.0,0.47619047619047616,0.7142857142857143,0.6423562412342216,,0.4482758620689655,0.3448275862068966,0.3448275862068966,0.0,0.3448275862068966,0.10344827586206896,0.7241379310344828,0.5172413793103449,0.0,0.0,0.0,0.0,0.0,0.0,8.0,0.9655172413793104,0.13793103448275862,15.793103448275861,8.586206896551724,24.586206896551722,0.0,0.0,0.10344827586206896,0.06896551724137931,0.6896551724137931,10.655172413793103,8.96551724137931
000351,Jules Heningburg,Jules,Heningburg,M,Midfield,31,4,CAN|CHA|RED,Cannons|Chaos|Redwoods,2022-06-04,2025-08-09,51.0,32.0,30.0,1.0,31.0,19.0,109.0,75,7.0,0.0,0.0,0.0,0.0,0.0,24.0,41.0,1.0,0,0,0,0.0,0.0,1.0,1.0,81.0,669.0,519.0,0.28440366972477066,0.6880733944954128,,,1.6451612903225807,1.032258064516129,0.967741935483871,0.03225806451612903,1.0,0.6129032258064516,3.5161290322580645,2.4193548387096775,0.22580645161290322,0.0,0.0,0.0,0.0,0.0,0.7741935483870968,1.3225806451612903,0.03225806451612903,0.0,0.0,0.0,0.0,0.0,0.03225806451612903,0.03225806451612903,2.6129032258064515,21.580645161290324,16.741935483870968
000353,Kyle Bernlohr,Kyle,Bernlohr,G,Goalie,19,3,WHP,Whipsnakes,2022-06-04,2024-08-03,1.0,0.0,0.0,0.0,0.0,1.0,2.0,1,2.0,199.0,62.0,137.0,174.0,235.44006,44.0,6.0,5.0,0,0,0,162.0,12.0,0.0,0.0,3.0,250.0,242.0,0.0,0.5,,0.5512465373961218,0.05263157894736842,0.0,0.0,0.0,0.0,0.05263157894736842,0.10526315789473684,0.05263157894736842,0.10526315789473684,10.473684210526315,3.263157894736842,7.2105263157894735,9.157894736842104,12.391582105263158,2.3157894736842106,0.3157894736842105,0.2631578947368421,0.0,0.0,0.0,8.526315789473685,0.631578947368421,0.0,0.0,0.15789473684210525,13.157894736842104,12.736842105263158
000354,Matt Rambo,Matt,Rambo,A,Attack,38,5,ATL|WHP,Atlas|Whipsnakes,2022-06-04,2026-06-21,84.0,50.0,50.0,0.0,50.0,34.0,192.0,119,0.0,0.0,0.0,0.0,0.0,0.0,42.0,80.0,4.0,0,0,0,0.0,0.0,2.0,1.0,152.0,887.0,615.0,0.2604166666666667,0.6197916666666666,,,2.210526315789474,1.3157894736842106,1.3157894736842106,0.0,1.3157894736842106,0.8947368421052632,5.052631578947368,3.1315789473684212,0.0,0.0,0.0,0.0,0.0,0.0,1.105263157894737,2.1052631578947367,0.10526315789473684,0.0,0.0,0.0,0.0,0.0,0.05263157894736842,0.02631578947368421,4.0,23.342105263157894,16.18421052631579
000355,Matthew Dunn,Matthew,Dunn,D,Defense,43,5,WHP,Whipsnakes,2022-06-04,2026-06-27,7.0,4.0,4.0,0.0,4.0,3.0,15.0,10,7.0,0.0,0.0,0.0,0.0,0.0,54.0,14.0,34.0,0,0,0,0.0,0.0,4.0,3.0,10.0,312.0,283.0,0.26666666666666666,0.6666666666666666,,,0.16279069767441862,0.09302325581395349,0.09302325581395349,0.0,0.09302325581395349,0.06976744186046512,0.3488372093023256,0.23255813953488372,0.16279069767441862,0.0,0.0,0.0,0.0,0.0,1.255813953488372,0.32558139534883723,0.7906976744186046,0.0,0.0,0.0,0.0,0.0,0.09302325581395349,0.06976744186046512,0.23255813953488372,7.255813953488372,6.5813953488372094
000356,Michael Ehrhardt,Michael,Ehrhardt,LSM,Long Stick Midfield,17,2,WHP,Whipsnakes,2022-06-04,2023-08-26,16.0,12.0,4.0,4.0,8.0,4.0,39.0,17,29.0,0.0,0.0,0.0,0.0,0.0,49.0,12.0,16.0,0,0,0,0.0,0.0,5.0,4.5,9.0,147.0,96.0,0.20512820512820512,0.4358974358974359,,,0.9411764705882353,0.7058823529411765,0.23529411764705882,0.23529411764705882,0.47058823529411764,0.23529411764705882,2.2941176470588234,1.0,1.7058823529411764,0.0,0.0,0.0,0.0,0.0,2.8823529411764706,0.7058823529411765,0.9411764705882353,0.0,0.0,0.0,0.0,0.0,0.29411764705882354,0.2647058823529412,0.5294117647058824,8.647058823529411,5.647058823529412
000357,Mike Chanenchuk,Mike,Chanenchuk,M,Midfield,30,3,WHP,Whipsnakes,2022-06-04,2024-08-10,62.0,48.0,32.0,8.0,40.0,14.0,159.0,101,36.0,0.0,0.0,0.0,0.0,0.0,22.0,28.0,2.0,0,0,0,0.0,0.0,0.0,0.0,69.0,782.0,595.0,0.25157232704402516,0.6352201257861635,,,2.066666666666667,1.6,1.0666666666666667,0.26666666666666666,1.3333333333333333,0.4666666666666667,5.3,3.3666666666666667,1.2,0.0,0.0,0.0,0.0,0.0,0.7333333333333333,0.9333333333333333,0.06666666666666667,0.0,0.0,0.0,0.0,0.0,0.0,0.0,2.3,26.066666666666666,19.833333333333332
000358,Ryan Drenner,Ryan,Drenner,M,Midfield,40,4,CAN,Cannons,2022-06-05,2025-08-09,79.0,64.0,58.0,3.0,61.0,15.0,165.0,104,11.0,0.0,0.0,0.0,0.0,0.0,29.0,19.0,4.0,0,0,0,0.0,0.0,2.0,1.5,77.0,946.0,762.0,0.3696969696969697,0.6303030303030303,,,1.975,1.6,1.45,0.075,1.525,0.375,4.125,2.6,0.275,0.0,0.0,0.0,0.0,0.0,0.725,0.475,0.1,0.0,0.0,0.0,0.0,0.0,0.05,0.0375,1.925,23.65,19.05
000359,Tim Muller,Tim,Muller,D,Defense,46,5,WHP,Whipsnakes,2022-06-04,2026-06-27,0.0,0.0,0.0,0.0,0.0,0.0,3.0,1,1.0,0.0,0.0,0.0,0.0,0.0,75.0,6.0,29.0,0,0,0,0.0,0.0,1.0,0.5,6.0,328.0,319.0,0.0,0.3333333333333333,,,0.0,0.0,0.0,0.0,0.0,0.0,0.06521739130434782,0.021739130434782608,0.021739130434782608,0.0,0.0,0.0,0.0,0.0,1.6304347826086956,0.13043478260869565,0.6304347826086957,0.0,0.0,0.0,0.0,0.0,0.021739130434782608,0.010869565217391304,0.13043478260869565,7.130434782608695,6.934782608695652
000361,Tyler Warner,Tyler,Warner,SSDM,Defensive Midfield,19,2,WHP,Whipsnakes,2022-06-04,2023-08-26,2.0,2.0,2.0,0.0,2.0,0.0,5.0,2,2.0,0.0,0.0,0.0,0.0,0.0,31.0,3.0,5.0,0,0,0,0.0,0.0,1.0,0.5,6.0,119.0,111.0,0.4,0.4,,,0.10526315789473684,0.10526315789473684,0.10526315789473684,0.0,0.10526315789473684,0.0,0.2631578947368421,0.10526315789473684,0.10526315789473684,0.0,0.0,0.0,0.0,0.0,1.631578947368421,0.15789473684210525,0.2631578947368421,0.0,0.0,0.0,0.0,0.0,0.05263157894736842,0.02631578947368421,0.3157894736842105,6.2631578947368425,5.842105263157895
000363,Ryan Conrad,Ryan,Conrad,M,Midfield,24,3,WAT|WHP,Waterdogs|Whipsnakes,2022-06-17,2024-08-10,40.0,26.0,24.0,1.0,25.0,14.0,96.0,62,6.0,0.0,0.0,0.0,0.0,0.0,17.0,29.0,3.0,0,1,1,0.0,0.0,4.0,2.0,42.0,464.0,339.0,0.2604166666666667,0.6458333333333334,0.0,,1.6666666666666667,1.0833333333333333,1.0,0.041666666666666664,1.0416666666666667,0.5833333333333334,4.0,2.5833333333333335,0.25,0.0,0.0,0.0,0.0,0.0,0.7083333333333334,1.2083333333333333,0.125,0.0,0.041666666666666664,0.041666666666666664,0.0,0.0,0.16666666666666666,0.08333333333333333,1.75,19.333333333333332,14.125
000365,Jack Rowlett,Jack,Rowlett,D,Defense,44,5,CHA,Chaos,2022-06-04,2026-06-28,3.0,3.0,1.0,1.0,2.0,0.0,10.0,5,9.0,0.0,0.0,0.0,0.0,0.0,60.0,12.0,38.0,4,12,16,0.0,0.0,19.0,18.5,4.0,280.0,258.0,0.2,0.5,0.25,,0.06818181818181818,0.06818181818181818,0.022727272727272728,0.022727272727272728,0.045454545454545456,0.0,0.22727272727272727,0.11363636363636363,0.20454545454545456,0.0,0.0,0.0,0.0,0.0,1.3636363636363635,0.2727272727272727,0.8636363636363636,0.09090909090909091,0.2727272727272727,0.36363636363636365,0.0,0.0,0.4318181818181818,0.42045454545454547,0.09090909090909091,6.363636363636363,5.863636363636363
000366,Connor Farrell,Connor,Farrell,FO,Faceoff,23,3,OUT|WAT,Outlaws|Waterdogs,2022-06-05,2026-06-28,2.0,2.0,2.0,0.0,2.0,0.0,14.0,8,2.0,0.0,0.0,0.0,0.0,0.0,202.0,31.0,3.0,295,222,520,0.0,0.0,2.0,3.0,2.0,173.0,128.0,0.14285714285714285,0.5714285714285714,0.5673076923076923,,0.08695652173913043,0.08695652173913043,0.08695652173913043,0.0,0.08695652173913043,0.0,0.6086956521739131,0.34782608695652173,0.08695652173913043,0.0,0.0,0.0,0.0,0.0,8.782608695652174,1.3478260869565217,0.13043478260869565,12.826086956521738,9.652173913043478,22.608695652173914,0.0,0.0,0.08695652173913043,0.13043478260869565,0.08695652173913043,7.521739130434782,5.565217391304348
000368,Chris Sabia,Chris,Sabia,LSM,Long Stick Midfield,20,3,WAT,Waterdogs,2022-06-05,2024-08-17,3.0,0.0,0.0,0.0,0.0,3.0,6.0,5,1.0,0.0,0.0,0.0,0.0,0.0,34.0,3.0,17.0,0,0,0,0.0,0.0,8.0,5.5,3.0,89.0,80.0,0.0,0.8333333333333334,,,0.15,0.0,0.0,0.0,0.0,0.15,0.3,0.25,0.05,0.0,0.0,0.0,0.0,0.0,1.7,0.15,0.85,0.0,0.0,0.0,0.0,0.0,0.4,0.275,0.15,4.45,4.0
000369,Clarke Petterson,Clarke,Petterson,A,Attack,1,1,ATL,Atlas,2022-08-21,2022-08-21,2.0,1.0,1.0,0.0,1.0,1.0,3.0,1,0.0,0.0,0.0,0.0,0.0,0.0,1.0,0.0,0.0,0,0,0,0.0,0.0,0.0,0.0,1.0,9.0,6.0,0.3333333333333333,0.3333333333333333,,,2.0,1.0,1.0,0.0,1.0,1.0,3.0,1.0,0.0,0.0,0.0,0.0,0.0,0.0,1.0,0.0,0.0,0.0,0.0,0.0,0.0,0.0,0.0,0.0,1.0,9.0,6.0
000370,Tim Troutner,Tim,Troutner,G,Goalie,10,3,ATL|RED,Atlas|Redwoods,2022-06-04,2024-06-28,0.0,0.0,0.0,0.0,0.0,0.0,2.0,1,2.0,81.0,34.0,47.0,103.0,112.6432,24.0,3.0,5.0,0,0,0,95.0,8.0,0.0,0.0,2.0,133.0,128.0,0.0,0.5,,0.4602272727272727,0.0,0.0,0.0,0.0,0.0,0.0,0.2,0.1,0.2,8.1,3.4,4.7,10.3,11.26432,2.4,0.3,0.5,0.0,0.0,0.0,9.5,0.8,0.0,0.0,0.2,13.3,12.8
000373,Ryder Garnsey,Ryder,Garnsey,A,Attack,44,5,RED,Redwoods,2022-06-04,2026-06-28,116.0,77.0,75.0,1.0,76.0,39.0,235.0,148,12.0,0.0,0.0,0.0,0.0,0.0,69.0,83.0,6.0,0,0,0,0.0,0.0,8.0,6.5,111.0,1365.0,1047.0,0.32340425531914896,0.6297872340425532,,,2.6363636363636362,1.75,1.7045454545454546,0.022727272727272728,1.7272727272727273,0.8863636363636364,5.340909090909091,3.3636363636363638,0.2727272727272727,0.0,0.0,0.0,0.0,0.0,1.5681818181818181,1.8863636363636365,0.13636363636363635,0.0,0.0,0.0,0.0,0.0,0.18181818181818182,0.14772727272727273,2.522727272727273,31.022727272727273,23.795454545454547
000376,Cade van Raaphorst,Cade,van Raaphorst,D,Defense,27,3,ATL|CAN,Atlas|Cannons,2022-06-04,2024-08-17,16.0,14.0,0.0,7.0,7.0,2.0,37.0,15,35.0,0.0,0.0,0.0,0.0,0.0,72.0,16.0,23.0,0,2,3,0.0,0.0,4.0,3.0,9.0,250.0,197.0,0.1891891891891892,0.40540540540540543,0.0,,0.5925925925925926,0.5185185185185185,0.0,0.25925925925925924,0.25925925925925924,0.07407407407407407,1.3703703703703705,0.5555555555555556,1.2962962962962963,0.0,0.0,0.0,0.0,0.0,2.6666666666666665,0.5925925925925926,0.8518518518518519,0.0,0.07407407407407407,0.1111111111111111,0.0,0.0,0.14814814814814814,0.1111111111111111,0.3333333333333333,9.25925925925926,7.296296296296297
000377,Johnny Surdick,Johnny,Surdick,D,Defense,2,1,CHA,Chaos,2023-06-17,2023-07-09,1.0,0.0,0.0,0.0,0.0,1.0,0.0,0,0.0,0.0,0.0,0.0,0.0,0.0,5.0,0.0,1.0,0,0,0,0.0,0.0,0.0,0.0,1.0,6.0,6.0,,,,,0.5,0.0,0.0,0.0,0.0,0.5,0.0,0.0,0.0,0.0,0.0,0.0,0.0,0.0,2.5,0.0,0.5,0.0,0.0,0.0,0.0,0.0,0.0,0.0,0.5,3.0,3.0
000385,Wes Berg,Wes,Berg,A,Attack,24,3,CHA|RED,Chaos|Redwoods,2022-06-11,2024-08-17,44.0,38.0,38.0,0.0,38.0,6.0,81.0,61,0.0,0.0,0.0,0.0,0.0,0.0,29.0,24.0,4.0,0,0,0,0.0,0.0,5.0,3.0,27.0,378.0,273.0,0.4691358024691358,0.7530864197530864,,,1.8333333333333333,1.5833333333333333,1.5833333333333333,0.0,1.5833333333333333,0.25,3.375,2.5416666666666665,0.0,0.0,0.0,0.0,0.0,0.0,1.2083333333333333,1.0,0.16666666666666666,0.0,0.0,0.0,0.0,0.0,0.20833333333333334,0.125,1.125,15.75,11.375
000390,Brad Smith,Brad,Smith,M,Midfield,27,4,WHP,Whipsnakes,2022-06-04,2026-05-16,50.0,36.0,22.0,7.0,29.0,14.0,128.0,78,29.0,0.0,0.0,0.0,0.0,0.0,27.0,33.0,2.0,0,0,0,0.0,0.0,1.0,1.0,46.0,635.0,474.0,0.2265625,0.609375,,,1.8518518518518519,1.3333333333333333,0.8148148148148148,0.25925925925925924,1.0740740740740742,0.5185185185185185,4.7407407407407405,2.888888888888889,1.0740740740740742,0.0,0.0,0.0,0.0,0.0,1.0,1.2222222222222223,0.07407407407407407,0.0,0.0,0.0,0.0,0.0,0.037037037037037035,0.037037037037037035,1.7037037037037037,23.51851851851852,17.555555555555557
000391,Grant Ament,Grant,Ament,M,Midfield,31,4,ARC,Archers,2022-07-24,2025-08-09,68.0,27.0,25.0,1.0,26.0,41.0,124.0,67,6.0,0.0,0.0,0.0,0.0,0.0,29.0,51.0,1.0,0,0,0,0.0,0.0,3.0,2.0,150.0,920.0,745.0,0.20967741935483872,0.5403225806451613,,,2.193548387096774,0.8709677419354839,0.8064516129032258,0.03225806451612903,0.8387096774193549,1.3225806451612903,4.0,2.161290322580645,0.1935483870967742,0.0,0.0,0.0,0.0,0.0,0.9354838709677419,1.6451612903225807,0.03225806451612903,0.0,0.0,0.0,0.0,0.0,0.0967741935483871,0.06451612903225806,4.838709677419355,29.677419354838708,24.032258064516128
000395,Bryan Costabile,Bryan,Costabile,M,Midfield,44,5,ATL,Atlas,2022-06-04,2026-06-21,101.0,74.0,56.0,9.0,65.0,27.0,261.0,162,66.0,0.0,0.0,0.0,0.0,0.0,66.0,81.0,10.0,0,1,1,0.0,0.0,3.0,2.5,82.0,1175.0,833.0,0.24904214559386972,0.6206896551724138,0.0,,2.2954545454545454,1.6818181818181819,1.2727272727272727,0.20454545454545456,1.4772727272727273,0.6136363636363636,5.931818181818182,3.6818181818181817,1.5,0.0,0.0,0.0,0.0,0.0,1.5,1.8409090909090908,0.22727272727272727,0.0,0.022727272727272728,0.022727272727272728,0.0,0.0,0.06818181818181818,0.056818181818181816,1.8636363636363635,26.704545454545453,18.931818181818183
000397,Reece Eddy,Reece,Eddy,LSM,Long Stick Midfield,1,1,ARC,Archers,2023-06-03,2023-06-03,0.0,0.0,0.0,0.0,0.0,0.0,0.0,0,0.0,0.0,0.0,0.0,0.0,0.0,0.0,0.0,1.0,0,0,0,0.0,0.0,1.0,0.5,0.0,2.0,2.0,,,,,0.0,0.0,0.0,0.0,0.0,0.0,0.0,0.0,0.0,0.0,0.0,0.0,0.0,0.0,0.0,0.0,1.0,0.0,0.0,0.0,0.0,0.0,1.0,0.5,0.0,2.0,2.0
000405,Jesse Bernhardt,Jesse,Bernhardt,D,Defense,34,4,OUT,Outlaws,2022-06-05,2025-08-02,5.0,0.0,0.0,0.0,0.0,5.0,7.0,1,5.0,0.0,0.0,0.0,0.0,0.0,63.0,7.0,30.0,0,0,0,0.0,0.0,8.0,7.0,10.0,277.0,263.0,0.0,0.14285714285714285,,,0.14705882352941177,0.0,0.0,0.0,0.0,0.14705882352941177,0.20588235294117646,0.029411764705882353,0.14705882352941177,0.0,0.0,0.0,0.0,0.0,1.8529411764705883,0.20588235294117646,0.8823529411764706,0.0,0.0,0.0,0.0,0.0,0.23529411764705882,0.20588235294117646,0.29411764705882354,8.147058823529411,7.735294117647059
000406,Craig Chick,Craig,Chick,LSM,Long Stick Midfield,19,3,ATL|CAN,Atlas|Cannons,2022-06-04,2024-07-05,2.0,1.0,1.0,0.0,1.0,1.0,4.0,3,0.0,0.0,0.0,0.0,0.0,0.0,53.0,7.0,12.0,0,6,6,0.0,0.0,1.0,1.0,4.0,81.0,70.0,0.25,0.75,0.0,,0.10526315789473684,0.05263157894736842,0.05263157894736842,0.0,0.05263157894736842,0.05263157894736842,0.21052631578947367,0.15789473684210525,0.0,0.0,0.0,0.0,0.0,0.0,2.789473684210526,0.3684210526315789,0.631578947368421,0.0,0.3157894736842105,0.3157894736842105,0.0,0.0,0.05263157894736842,0.05263157894736842,0.21052631578947367,4.2631578947368425,3.6842105263157894
000408,Matt DeLuca,Matt,DeLuca,G,Goalie,30,5,WAT,Waterdogs,2022-06-05,2026-06-28,0.0,0.0,0.0,0.0,0.0,0.0,2.0,0,2.0,289.0,92.0,197.0,286.0,457.93992000000003,37.0,5.0,3.0,0,0,0,267.0,19.0,0.0,0.0,3.0,299.0,292.0,0.0,0.0,,0.5197841726618705,0.0,0.0,0.0,0.0,0.0,0.0,0.06666666666666667,0.0,0.06666666666666667,9.633333333333333,3.066666666666667,6.566666666666666,9.533333333333333,15.264664000000002,1.2333333333333334,0.16666666666666666,0.1,0.0,0.0,0.0,8.9,0.6333333333333333,0.0,0.0,0.1,9.966666666666667,9.733333333333333
000409,Zach Currier,Zach,Currier,M,Midfield,44,5,WAT,Waterdogs,2022-06-05,2026-06-28,64.0,36.0,34.0,1.0,35.0,28.0,117.0,73,9.0,0.0,0.0,0.0,0.0,0.0,202.0,50.0,33.0,50,101,151,0.0,0.0,7.0,6.0,109.0,965.0,798.0,0.29914529914529914,0.6239316239316239,0.33112582781456956,,1.4545454545454546,0.8181818181818182,0.7727272727272727,0.022727272727272728,0.7954545454545454,0.6363636363636364,2.659090909090909,1.6590909090909092,0.20454545454545456,0.0,0.0,0.0,0.0,0.0,4.590909090909091,1.1363636363636365,0.75,1.1363636363636365,2.2954545454545454,3.4318181818181817,0.0,0.0,0.1590909090909091,0.13636363636363635,2.477272727272727,21.931818181818183,18.136363636363637
000410,Eli Gobrecht,Eli,Gobrecht,D,Defense,40,5,ATL|WAT,Atlas|Waterdogs,2022-06-05,2026-06-21,5.0,4.0,4.0,0.0,4.0,1.0,8.0,6,2.0,0.0,0.0,0.0,0.0,0.0,66.0,9.0,32.0,20,140,161,0.0,0.0,7.0,6.0,5.0,184.0,167.0,0.5,0.75,0.12422360248447205,,0.125,0.1,0.1,0.0,0.1,0.025,0.2,0.15,0.05,0.0,0.0,0.0,0.0,0.0,1.65,0.225,0.8,0.5,3.5,4.025,0.0,0.0,0.175,0.15,0.125,4.6,4.175
000411,Christian Mazzone,Christian,Mazzone,M,Midfield,1,1,WAT,Waterdogs,2022-06-05,2022-06-05,0.0,0.0,0.0,0.0,0.0,0.0,0.0,0,0.0,0.0,0.0,0.0,0.0,0.0,3.0,0.0,0.0,0,0,0,0.0,0.0,0.0,0.0,2.0,6.0,6.0,,,,,0.0,0.0,0.0,0.0,0.0,0.0,0.0,0.0,0.0,0.0,0.0,0.0,0.0,0.0,3.0,0.0,0.0,0.0,0.0,0.0,0.0,0.0,0.0,0.0,2.0,6.0,6.0
000414,Rob Pannell,Rob,Pannell,A,Attack,44,5,RED|WHP,Redwoods|Whipsnakes,2022-06-04,2026-06-27,138.0,58.0,58.0,0.0,58.0,80.0,263.0,149,5.0,0.0,0.0,0.0,0.0,0.0,78.0,112.0,8.0,0,0,0,0.0,0.0,6.0,3.5,242.0,1619.0,1244.0,0.22053231939163498,0.5665399239543726,,,3.1363636363636362,1.3181818181818181,1.3181818181818181,0.0,1.3181818181818181,1.8181818181818181,5.9772727272727275,3.3863636363636362,0.11363636363636363,0.0,0.0,0.0,0.0,0.0,1.7727272727272727,2.5454545454545454,0.18181818181818182,0.0,0.0,0.0,0.0,0.0,0.13636363636363635,0.07954545454545454,5.5,36.79545454545455,28.272727272727273
000416,Ryland Rees,Ryland,Rees,LSM,Long Stick Midfield,30,4,RED|WAT,Redwoods|Waterdogs,2022-06-05,2025-08-08,16.0,14.0,2.0,6.0,8.0,2.0,25.0,17,21.0,0.0,0.0,0.0,0.0,0.0,55.0,13.0,17.0,0,3,3,0.0,0.0,2.0,1.0,6.0,124.0,86.0,0.32,0.68,0.0,,0.5333333333333333,0.4666666666666667,0.06666666666666667,0.2,0.26666666666666666,0.06666666666666667,0.8333333333333334,0.5666666666666667,0.7,0.0,0.0,0.0,0.0,0.0,1.8333333333333333,0.43333333333333335,0.5666666666666667,0.0,0.1,0.1,0.0,0.0,0.06666666666666667,0.03333333333333333,0.2,4.133333333333334,2.8666666666666667
000417,Finn Sullivan,Finn,Sullivan,D,Defense,8,2,CAN|RED,Cannons|Redwoods,2022-06-04,2023-06-10,0.0,0.0,0.0,0.0,0.0,0.0,0.0,0,0.0,0.0,0.0,0.0,0.0,0.0,10.0,4.0,6.0,0,0,0,0.0,0.0,1.0,1.0,0.0,33.0,29.0,,,,,0.0,0.0,0.0,0.0,0.0,0.0,0.0,0.0,0.0,0.0,0.0,0.0,0.0,0.0,1.25,0.5,0.75,0.0,0.0,0.0,0.0,0.0,0.125,0.125,0.0,4.125,3.625
000418,Dillon Ward,Dillon,Ward,G,Goalie,31,5,RED|WAT,Redwoods|Waterdogs,2022-07-03,2026-06-28,1.0,0.0,0.0,0.0,0.0,1.0,1.0,0,1.0,370.0,108.0,262.0,343.0,394.4574,58.0,9.0,13.0,0,0,0,318.0,25.0,0.0,0.0,4.0,380.0,370.0,0.0,0.0,,0.5377906976744186,0.03225806451612903,0.0,0.0,0.0,0.0,0.03225806451612903,0.03225806451612903,0.0,0.03225806451612903,11.935483870967742,3.4838709677419355,8.451612903225806,11.064516129032258,12.724432258064516,1.8709677419354838,0.2903225806451613,0.41935483870967744,0.0,0.0,0.0,10.258064516129032,0.8064516129032258,0.0,0.0,0.12903225806451613,12.258064516129032,11.935483870967742
000419,Zed Williams,Zed,Williams,A,Attack,28,4,WAT|WHP,Waterdogs|Whipsnakes,2022-06-24,2026-05-17,74.0,58.0,54.0,2.0,56.0,16.0,204.0,127,12.0,0.0,0.0,0.0,0.0,0.0,42.0,44.0,3.0,0,0,0,0.0,0.0,2.0,1.5,68.0,695.0,447.0,0.27450980392156865,0.6225490196078431,,,2.642857142857143,2.0714285714285716,1.9285714285714286,0.07142857142857142,2.0,0.5714285714285714,7.285714285714286,4.535714285714286,0.42857142857142855,0.0,0.0,0.0,0.0,0.0,1.5,1.5714285714285714,0.10714285714285714,0.0,0.0,0.0,0.0,0.0,0.07142857142857142,0.05357142857142857,2.4285714285714284,24.821428571428573,15.964285714285714
000422,Eli Salama,Eli,Salama,LSM,Long Stick Midfield,20,2,OUT,Outlaws,2022-06-05,2023-08-27,10.0,7.0,3.0,2.0,5.0,3.0,18.0,11,10.0,0.0,0.0,0.0,0.0,0.0,33.0,9.0,9.0,0,28,28,0.0,0.0,6.0,6.0,6.0,92.0,65.0,0.2777777777777778,0.6111111111111112,0.0,,0.5,0.35,0.15,0.1,0.25,0.15,0.9,0.55,0.5,0.0,0.0,0.0,0.0,0.0,1.65,0.45,0.45,0.0,1.4,1.4,0.0,0.0,0.3,0.3,0.3,4.6,3.25
000424,Jake Pulver,Jake,Pulver,D,Defense,22,3,CAN,Cannons,2022-06-05,2024-08-17,1.0,1.0,1.0,0.0,1.0,0.0,5.0,3,3.0,0.0,0.0,0.0,0.0,0.0,29.0,11.0,17.0,2,34,36,0.0,0.0,0.0,0.0,1.0,92.0,76.0,0.2,0.6,0.05555555555555555,,0.045454545454545456,0.045454545454545456,0.045454545454545456,0.0,0.045454545454545456,0.0,0.22727272727272727,0.13636363636363635,0.13636363636363635,0.0,0.0,0.0,0.0,0.0,1.3181818181818181,0.5,0.7727272727272727,0.09090909090909091,1.5454545454545454,1.6363636363636365,0.0,0.0,0.0,0.0,0.045454545454545456,4.181818181818182,3.4545454545454546
000425,Jesse King,Jesse,King,M,Midfield,6,1,OUT,Outlaws,2023-07-15,2023-08-27,8.0,3.0,3.0,0.0,3.0,5.0,12.0,9,1.0,0.0,0.0,0.0,0.0,0.0,2.0,9.0,1.0,0,0,0,0.0,0.0,1.0,0.5,17.0,101.0,80.0,0.25,0.75,,,1.3333333333333333,0.5,0.5,0.0,0.5,0.8333333333333334,2.0,1.5,0.16666666666666666,0.0,0.0,0.0,0.0,0.0,0.3333333333333333,1.5,0.16666666666666666,0.0,0.0,0.0,0.0,0.0,0.16666666666666666,0.08333333333333333,2.8333333333333335,16.833333333333332,13.333333333333334
000427,Jake Withers,Jake,Withers,FO,Faceoff,6,1,WAT,Waterdogs,2022-06-05,2022-08-21,1.0,1.0,1.0,0.0,1.0,0.0,3.0,1,0.0,0.0,0.0,0.0,0.0,0.0,28.0,2.0,2.0,69,76,147,0.0,0.0,1.0,0.5,3.0,29.0,24.0,0.3333333333333333,0.3333333333333333,0.46938775510204084,,0.16666666666666666,0.16666666666666666,0.16666666666666666,0.0,0.16666666666666666,0.0,0.5,0.16666666666666666,0.0,0.0,0.0,0.0,0.0,0.0,4.666666666666667,0.3333333333333333,0.3333333333333333,11.5,12.666666666666666,24.5,0.0,0.0,0.16666666666666666,0.08333333333333333,0.5,4.833333333333333,4.0
000434,Matt Abbott,Matt,Abbott,SSDM,Defensive Midfield,5,1,CAN,Cannons,2022-06-25,2022-08-06,0.0,0.0,0.0,0.0,0.0,0.0,3.0,1,1.0,0.0,0.0,0.0,0.0,0.0,9.0,1.0,1.0,0,0,0,0.0,0.0,1.0,0.5,1.0,32.0,28.0,0.0,0.3333333333333333,,,0.0,0.0,0.0,0.0,0.0,0.0,0.6,0.2,0.2,0.0,0.0,0.0,0.0,0.0,1.8,0.2,0.2,0.0,0.0,0.0,0.0,0.0,0.2,0.1,0.2,6.4,5.6
000614,Brian Phipps,Brian,Phipps,G,Goalie,1,1,WHP,Whipsnakes,2023-07-14,2023-07-14,0.0,0.0,0.0,0.0,0.0,0.0,0.0,0,0.0,9.0,2.0,7.0,13.0,19.97866,0.0,0.0,0.0,0,0,0,12.0,1.0,0.0,0.0,1.0,9.0,9.0,,,,0.42857142857142855,0.0,0.0,0.0,0.0,0.0,0.0,0.0,0.0,0.0,9.0,2.0,7.0,13.0,19.97866,0.0,0.0,0.0,0.0,0.0,0.0,12.0,1.0,0.0,0.0,1.0,9.0,9.0
000700,Tommy Palasek,Tommy,Palasek,A,Attack,2,1,CHA,Chaos,2022-06-04,2022-06-18,2.0,0.0,0.0,0.0,0.0,2.0,3.0,2,0.0,0.0,0.0,0.0,0.0,0.0,1.0,4.0,0.0,0,0,0,0.0,0.0,0.0,0.0,4.0,52.0,45.0,0.0,0.6666666666666666,,,1.0,0.0,0.0,0.0,0.0,1.0,1.5,1.0,0.0,0.0,0.0,0.0,0.0,0.0,0.5,2.0,0.0,0.0,0.0,0.0,0.0,0.0,0.0,0.0,2.0,26.0,22.5
000727,CJ Costabile,CJ,Costabile,LSM,Long Stick Midfield,24,3,CHA,Chaos,2022-06-04,2024-08-10,14.0,13.0,5.0,4.0,9.0,1.0,34.0,18,19.0,0.0,0.0,0.0,0.0,0.0,54.0,12.0,10.0,13,16,29,0.0,0.0,7.0,5.0,8.0,137.0,91.0,0.2647058823529412,0.5294117647058824,0.4482758620689655,,0.5833333333333334,0.5416666666666666,0.20833333333333334,0.16666666666666666,0.375,0.041666666666666664,1.4166666666666667,0.75,0.7916666666666666,0.0,0.0,0.0,0.0,0.0,2.25,0.5,0.4166666666666667,0.5416666666666666,0.6666666666666666,1.2083333333333333,0.0,0.0,0.2916666666666667,0.20833333333333334,0.3333333333333333,5.708333333333333,3.7916666666666665
000815,Austin Kaut,Austin,Kaut,G,Goalie,11,4,CHA,Chaos,2023-07-09,2026-05-15,0.0,0.0,0.0,0.0,0.0,0.0,1.0,0,1.0,88.0,30.0,58.0,81.0,136.94347,11.0,5.0,1.0,0,0,0,73.0,8.0,1.0,0.0,0.0,100.0,94.0,0.0,0.0,,0.546583850931677,0.0,0.0,0.0,0.0,0.0,0.0,0.09090909090909091,0.0,0.09090909090909091,8.0,2.727272727272727,5.2727272727272725,7.363636363636363,12.449406363636363,1.0,0.45454545454545453,0.09090909090909091,0.0,0.0,0.0,6.636363636363637,0.7272727272727273,0.09090909090909091,0.0,0.0,9.090909090909092,8.545454545454545
000823,Mark Cockerton,Mark,Cockerton,A,Attack,4,2,ATL|CAN,Atlas|Cannons,2022-07-31,2023-08-19,6.0,6.0,6.0,0.0,6.0,0.0,27.0,12,0.0,0.0,0.0,0.0,0.0,0.0,0.0,4.0,0.0,0,0,0,0.0,0.0,0.0,0.0,2.0,66.0,35.0,0.2222222222222222,0.4444444444444444,,,1.5,1.5,1.5,0.0,1.5,0.0,6.75,3.0,0.0,0.0,0.0,0.0,0.0,0.0,0.0,1.0,0.0,0.0,0.0,0.0,0.0,0.0,0.0,0.0,0.5,16.5,8.75
000886,Lyle Thompson,Lyle,Thompson,A,Attack,9,1,CAN,Cannons,2022-06-05,2022-08-21,44.0,26.0,26.0,0.0,26.0,18.0,66.0,42,0.0,0.0,0.0,0.0,0.0,0.0,22.0,25.0,5.0,0,0,0,0.0,0.0,1.0,0.5,56.0,283.0,192.0,0.3939393939393939,0.6363636363636364,,,4.888888888888889,2.888888888888889,2.888888888888889,0.0,2.888888888888889,2.0,7.333333333333333,4.666666666666667,0.0,0.0,0.0,0.0,0.0,0.0,2.4444444444444446,2.7777777777777777,0.5555555555555556,0.0,0.0,0.0,0.0,0.0,0.1111111111111111,0.05555555555555555,6.222222222222222,31.444444444444443,21.333333333333332
000921,Challen Rogers,Challen,Rogers,M,Midfield,16,3,ARC|CHA,Archers|Chaos,2022-06-18,2024-06-29,16.0,12.0,12.0,0.0,12.0,4.0,29.0,19,1.0,0.0,0.0,0.0,0.0,0.0,14.0,26.0,2.0,0,0,0,0.0,0.0,3.0,2.0,29.0,207.0,152.0,0.41379310344827586,0.6551724137931034,,,1.0,0.75,0.75,0.0,0.75,0.25,1.8125,1.1875,0.0625,0.0,0.0,0.0,0.0,0.0,0.875,1.625,0.125,0.0,0.0,0.0,0.0,0.0,0.1875,0.125,1.8125,12.9375,9.5
000922,Graeme Hossack,Graeme,Hossack,D,Defense,37,4,ARC,Archers,2022-06-05,2025-08-09,2.0,1.0,1.0,0.0,1.0,1.0,16.0,8,10.0,0.0,0.0,0.0,0.0,0.0,117.0,10.0,39.0,8,37,46,0.0,0.0,13.0,11.5,13.0,277.0,251.0,0.0625,0.5,0.17391304347826086,,0.05405405405405406,0.02702702702702703,0.02702702702702703,0.0,0.02702702702702703,0.02702702702702703,0.43243243243243246,0.21621621621621623,0.2702702702702703,0.0,0.0,0.0,0.0,0.0,3.1621621621621623,0.2702702702702703,1.054054054054054,0.21621621621621623,1.0,1.2432432432432432,0.0,0.0,0.35135135135135137,0.3108108108108108,0.35135135135135137,7.486486486486487,6.783783783783784
000925,Liam Byrnes,Liam,Byrnes,D,Defense,30,4,CHA|WAT,Chaos|Waterdogs,2022-06-05,2026-06-06,2.0,0.0,0.0,0.0,0.0,2.0,10.0,1,2.0,0.0,0.0,0.0,0.0,0.0,66.0,15.0,34.0,0,0,0,0.0,0.0,4.0,2.5,11.0,243.0,218.0,0.0,0.1,,,0.06666666666666667,0.0,0.0,0.0,0.0,0.06666666666666667,0.3333333333333333,0.03333333333333333,0.06666666666666667,0.0,0.0,0.0,0.0,0.0,2.2,0.5,1.1333333333333333,0.0,0.0,0.0,0.0,0.0,0.13333333333333333,0.08333333333333333,0.36666666666666664,8.1,7.266666666666667
000929,Matthew Hossack,Matthew,Hossack,LSM,Long Stick Midfield,2,1,WAT,Waterdogs,2022-06-17,2022-08-21,0.0,0.0,0.0,0.0,0.0,0.0,1.0,1,1.0,0.0,0.0,0.0,0.0,0.0,2.0,0.0,2.0,0,3,3,0.0,0.0,0.0,0.0,0.0,6.0,5.0,0.0,1.0,0.0,,0.0,0.0,0.0,0.0,0.0,0.0,0.5,0.5,0.5,0.0,0.0,0.0,0.0,0.0,1.0,0.0,1.0,0.0,1.5,1.5,0.0,0.0,0.0,0.0,0.0,3.0,2.5
000946,Bryan Cole,Bryan,Cole,M,Midfield,8,1,WHP,Whipsnakes,2022-06-04,2022-08-06,13.0,6.0,6.0,0.0,6.0,7.0,25.0,14,0.0,0.0,0.0,0.0,0.0,0.0,5.0,11.0,0.0,0,0,0,0.0,0.0,1.0,1.0,19.0,181.0,145.0,0.24,0.56,,,1.625,0.75,0.75,0.0,0.75,0.875,3.125,1.75,0.0,0.0,0.0,0.0,0.0,0.0,0.625,1.375,0.0,0.0,0.0,0.0,0.0,0.0,0.125,0.125,2.375,22.625,18.125
000960,Shayne Jackson,Shayne,Jackson,A,Attack,3,1,CAN,Cannons,2022-06-05,2022-06-18,4.0,3.0,3.0,0.0,3.0,1.0,18.0,14,0.0,0.0,0.0,0.0,0.0,0.0,2.0,5.0,0.0,0,0,0,0.0,0.0,1.0,0.5,2.0,44.0,21.0,0.16666666666666666,0.7777777777777778,,,1.3333333333333333,1.0,1.0,0.0,1.0,0.3333333333333333,6.0,4.666666666666667,0.0,0.0,0.0,0.0,0.0,0.0,0.6666666666666666,1.6666666666666667,0.0,0.0,0.0,0.0,0.0,0.0,0.3333333333333333,0.16666666666666666,0.6666666666666666,14.666666666666666,7.0
000978,Kyle Jackson,Kyle,Jackson,M,Midfield,32,5,ATL|CHA,Atlas|Chaos,2022-06-04,2026-05-09,37.0,27.0,27.0,0.0,27.0,10.0,101.0,64,8.0,0.0,0.0,0.0,0.0,0.0,23.0,34.0,2.0,0,0,0,0.0,0.0,1.0,1.0,46.0,645.0,510.0,0.26732673267326734,0.6336633663366337,,,1.15625,0.84375,0.84375,0.0,0.84375,0.3125,3.15625,2.0,0.25,0.0,0.0,0.0,0.0,0.0,0.71875,1.0625,0.0625,0.0,0.0,0.0,0.0,0.0,0.03125,0.03125,1.4375,20.15625,15.9375
001001,Dylan Molloy,Dylan,Molloy,A,Attack,33,5,ATL|OUT|RED,Atlas|Outlaws|Redwoods,2022-06-05,2026-06-28,87.0,61.0,59.0,1.0,60.0,26.0,207.0,128,10.0,0.0,0.0,0.0,0.0,0.0,48.0,62.0,7.0,0,0,0,0.0,0.0,4.0,2.5,68.0,903.0,634.0,0.2898550724637681,0.6183574879227053,,,2.6363636363636362,1.8484848484848484,1.7878787878787878,0.030303030303030304,1.8181818181818181,0.7878787878787878,6.2727272727272725,3.878787878787879,0.30303030303030304,0.0,0.0,0.0,0.0,0.0,1.4545454545454546,1.878787878787879,0.21212121212121213,0.0,0.0,0.0,0.0,0.0,0.12121212121212122,0.07575757575757576,2.0606060606060606,27.363636363636363,19.21212121212121
001009,Colin Heacock,Colin,Heacock,M,Midfield,41,5,OUT|WHP,Outlaws|Whipsnakes,2022-06-05,2026-06-27,36.0,31.0,31.0,0.0,31.0,5.0,122.0,68,6.0,0.0,0.0,0.0,0.0,0.0,20.0,29.0,2.0,0,0,0,0.0,0.0,5.0,3.5,31.0,600.0,449.0,0.2540983606557377,0.5573770491803278,,,0.8780487804878049,0.7560975609756098,0.7560975609756098,0.0,0.7560975609756098,0.12195121951219512,2.975609756097561,1.6585365853658536,0.14634146341463414,0.0,0.0,0.0,0.0,0.0,0.4878048780487805,0.7073170731707317,0.04878048780487805,0.0,0.0,0.0,0.0,0.0,0.12195121951219512,0.08536585365853659,0.7560975609756098,14.634146341463415,10.951219512195122
001010,Isaiah Davis-Allen,Isaiah,Davis-Allen,SSDM,Defensive Midfield,25,3,RED,Redwoods,2022-06-04,2024-08-17,1.0,0.0,0.0,0.0,0.0,1.0,3.0,3,1.0,0.0,0.0,0.0,0.0,0.0,24.0,8.0,5.0,6,23,29,0.0,0.0,3.0,2.5,7.0,160.0,149.0,0.0,1.0,0.20689655172413793,,0.04,0.0,0.0,0.0,0.0,0.04,0.12,0.12,0.04,0.0,0.0,0.0,0.0,0.0,0.96,0.32,0.2,0.24,0.92,1.16,0.0,0.0,0.12,0.1,0.28,6.4,5.96
001020,Mike Messenger,Mike,Messenger,SSDM,Defensive Midfield,17,3,OUT,Outlaws,2022-06-05,2024-06-08,11.0,10.0,10.0,0.0,10.0,1.0,23.0,16,2.0,0.0,0.0,0.0,0.0,0.0,26.0,10.0,12.0,8,23,31,0.0,0.0,6.0,6.5,10.0,141.0,108.0,0.43478260869565216,0.6956521739130435,0.25806451612903225,,0.6470588235294118,0.5882352941176471,0.5882352941176471,0.0,0.5882352941176471,0.058823529411764705,1.3529411764705883,0.9411764705882353,0.11764705882352941,0.0,0.0,0.0,0.0,0.0,1.5294117647058822,0.5882352941176471,0.7058823529411765,0.47058823529411764,1.3529411764705883,1.8235294117647058,0.0,0.0,0.35294117647058826,0.38235294117647056,0.5882352941176471,8.294117647058824,6.352941176470588
001391,Mikie Schlosser,Mikie,Schlosser,M,Midfield,13,4,OUT|WAT,Outlaws|Waterdogs,2022-06-05,2026-05-09,9.0,9.0,7.0,1.0,8.0,0.0,29.0,20,3.0,0.0,0.0,0.0,0.0,0.0,6.0,9.0,0.0,0,0,0,0.0,0.0,0.0,0.0,8.0,171.0,133.0,0.27586206896551724,0.6896551724137931,,,0.6923076923076923,0.6923076923076923,0.5384615384615384,0.07692307692307693,0.6153846153846154,0.0,2.230769230769231,1.5384615384615385,0.23076923076923078,0.0,0.0,0.0,0.0,0.0,0.46153846153846156,0.6923076923076923,0.0,0.0,0.0,0.0,0.0,0.0,0.0,0.0,0.6153846153846154,13.153846153846153,10.23076923076923
001397,Michael Rexrode,Michael,Rexrode,D,Defense,46,5,ATL,Atlas,2022-06-04,2026-06-21,4.0,4.0,2.0,1.0,3.0,0.0,7.0,5,4.0,0.0,0.0,0.0,0.0,0.0,75.0,13.0,47.0,0,1,1,0.0,0.0,12.0,9.5,4.0,248.0,228.0,0.42857142857142855,0.7142857142857143,0.0,,0.08695652173913043,0.08695652173913043,0.043478260869565216,0.021739130434782608,0.06521739130434782,0.0,0.15217391304347827,0.10869565217391304,0.08695652173913043,0.0,0.0,0.0,0.0,0.0,1.6304347826086956,0.2826086956521739,1.0217391304347827,0.0,0.021739130434782608,0.021739130434782608,0.0,0.0,0.2608695652173913,0.20652173913043478,0.08695652173913043,5.391304347826087,4.956521739130435
001402,Max Adler,Max,Adler,FO,Faceoff,5,2,CHA,Chaos,2022-07-31,2023-07-09,1.0,0.0,0.0,0.0,0.0,1.0,2.0,1,0.0,0.0,0.0,0.0,0.0,0.0,27.0,8.0,0.0,50,65,116,0.0,0.0,2.0,1.0,2.0,24.0,14.0,0.0,0.5,0.43103448275862066,,0.2,0.0,0.0,0.0,0.0,0.2,0.4,0.2,0.0,0.0,0.0,0.0,0.0,0.0,5.4,1.6,0.0,10.0,13.0,23.2,0.0,0.0,0.4,0.2,0.4,4.8,2.8
001406,Ben Randall,Ben,Randall,D,Defense,45,5,OUT|WAT,Outlaws|Waterdogs,2022-06-05,2026-06-27,8.0,6.0,4.0,1.0,5.0,2.0,19.0,14,11.0,0.0,0.0,0.0,0.0,0.0,105.0,21.0,53.0,0,0,0,0.0,0.0,3.0,2.5,10.0,369.0,329.0,0.2631578947368421,0.7368421052631579,,,0.17777777777777778,0.13333333333333333,0.08888888888888889,0.022222222222222223,0.1111111111111111,0.044444444444444446,0.4222222222222222,0.3111111111111111,0.24444444444444444,0.0,0.0,0.0,0.0,0.0,2.3333333333333335,0.4666666666666667,1.1777777777777778,0.0,0.0,0.0,0.0,0.0,0.06666666666666667,0.05555555555555555,0.2222222222222222,8.2,7.311111111111111
001414,Scott Hooper,Scott,Hooper,D,Defense,1,1,CAN,Cannons,2022-06-05,2022-06-05,0.0,0.0,0.0,0.0,0.0,0.0,0.0,0,0.0,0.0,0.0,0.0,0.0,0.0,1.0,0.0,2.0,0,0,0,0.0,0.0,0.0,0.0,0.0,2.0,2.0,,,,,0.0,0.0,0.0,0.0,0.0,0.0,0.0,0.0,0.0,0.0,0.0,0.0,0.0,0.0,1.0,0.0,2.0,0.0,0.0,0.0,0.0,0.0,0.0,0.0,0.0,2.0,2.0
001415,Greg Weyl,Greg,Weyl,D,Defense,11,4,OUT,Outlaws,2023-07-08,2026-06-27,2.0,2.0,2.0,0.0,2.0,0.0,5.0,2,0.0,0.0,0.0,0.0,0.0,0.0,20.0,1.0,10.0,0,0,0,0.0,0.0,4.0,3.5,1.0,44.0,38.0,0.4,0.4,,,0.18181818181818182,0.18181818181818182,0.18181818181818182,0.0,0.18181818181818182,0.0,0.45454545454545453,0.18181818181818182,0.0,0.0,0.0,0.0,0.0,0.0,1.8181818181818181,0.09090909090909091,0.9090909090909091,0.0,0.0,0.0,0.0,0.0,0.36363636363636365,0.3181818181818182,0.09090909090909091,4.0,3.4545454545454546
001417,Bryce Wasserman,Bryce,Wasserman,A,Attack,2,1,CHA,Chaos,2022-06-04,2022-06-11,1.0,0.0,0.0,0.0,0.0,1.0,2.0,1,0.0,0.0,0.0,0.0,0.0,0.0,0.0,3.0,0.0,0,0,0,0.0,0.0,0.0,0.0,2.0,33.0,28.0,0.0,0.5,,,0.5,0.0,0.0,0.0,0.0,0.5,1.0,0.5,0.0,0.0,0.0,0.0,0.0,0.0,0.0,1.5,0.0,0.0,0.0,0.0,0.0,0.0,0.0,0.0,1.0,16.5,14.0
001427,Nick Marrocco,Nick,Marrocco,G,Goalie,9,1,CAN,Cannons,2022-06-05,2022-08-13,0.0,0.0,0.0,0.0,0.0,0.0,2.0,2,2.0,123.0,49.0,74.0,129.0,128.67962,23.0,0.0,3.0,0,0,0,124.0,5.0,1.0,1.0,3.0,151.0,149.0,0.0,1.0,,0.4979757085020243,0.0,0.0,0.0,0.0,0.0,0.0,0.2222222222222222,0.2222222222222222,0.2222222222222222,13.666666666666666,5.444444444444445,8.222222222222221,14.333333333333334,14.297735555555555,2.5555555555555554,0.0,0.3333333333333333,0.0,0.0,0.0,13.777777777777779,0.5555555555555556,0.1111111111111111,0.1111111111111111,0.3333333333333333,16.77777777777778,16.555555555555557
001657,Brendan Bomberry,Brendan,Bomberry,A,Attack,3,1,CAN,Cannons,2022-06-05,2022-06-18,1.0,1.0,1.0,0.0,1.0,0.0,8.0,3,0.0,0.0,0.0,0.0,0.0,0.0,1.0,2.0,0.0,0,0,0,0.0,0.0,0.0,0.0,0.0,26.0,16.0,0.125,0.375,,,0.3333333333333333,0.3333333333333333,0.3333333333333333,0.0,0.3333333333333333,0.0,2.6666666666666665,1.0,0.0,0.0,0.0,0.0,0.0,0.0,0.3333333333333333,0.6666666666666666,0.0,0.0,0.0,0.0,0.0,0.0,0.0,0.0,0.0,8.666666666666666,5.333333333333333
001661,Warren Jeffrey,Warren,Jeffrey,D,Defense,33,4,ARC,Archers,2023-06-09,2026-06-28,1.0,0.0,0.0,0.0,0.0,1.0,0.0,0,0.0,0.0,0.0,0.0,0.0,0.0,42.0,9.0,25.0,0,0,0,0.0,0.0,8.0,6.5,3.0,150.0,141.0,,,,,0.030303030303030304,0.0,0.0,0.0,0.0,0.030303030303030304,0.0,0.0,0.0,0.0,0.0,0.0,0.0,0.0,1.2727272727272727,0.2727272727272727,0.7575757575757576,0.0,0.0,0.0,0.0,0.0,0.24242424242424243,0.19696969696969696,0.09090909090909091,4.545454545454546,4.2727272727272725
001662,Andrew Kew,Andrew,Kew,A,Attack,1,1,CHA,Chaos,2022-06-11,2022-06-11,0.0,0.0,0.0,0.0,0.0,0.0,4.0,0,1.0,0.0,0.0,0.0,0.0,0.0,2.0,1.0,0.0,0,0,0,0.0,0.0,0.0,0.0,1.0,15.0,10.0,0.0,0.0,,,0.0,0.0,0.0,0.0,0.0,0.0,4.0,0.0,1.0,0.0,0.0,0.0,0.0,0.0,2.0,1.0,0.0,0.0,0.0,0.0,0.0,0.0,0.0,0.0,1.0,15.0,10.0
001671,Zach Goodrich,Zach,Goodrich,SSDM,Defensive Midfield,46,5,CAN,Cannons,2022-06-05,2026-06-28,4.0,1.0,1.0,0.0,1.0,3.0,7.0,4,1.0,0.0,0.0,0.0,0.0,0.0,29.0,8.0,26.0,2,23,26,0.0,0.0,17.0,9.5,11.0,255.0,240.0,0.14285714285714285,0.5714285714285714,0.07692307692307693,,0.08695652173913043,0.021739130434782608,0.021739130434782608,0.0,0.021739130434782608,0.06521739130434782,0.15217391304347827,0.08695652173913043,0.021739130434782608,0.0,0.0,0.0,0.0,0.0,0.6304347826086957,0.17391304347826086,0.5652173913043478,0.043478260869565216,0.5,0.5652173913043478,0.0,0.0,0.3695652173913043,0.20652173913043478,0.2391304347826087,5.543478260869565,5.217391304347826
001707,Matt Whitcher,Matt,Whitcher,SSDM,Defensive Midfield,42,5,WAT,Waterdogs,2022-06-05,2026-06-28,9.0,9.0,9.0,0.0,9.0,0.0,42.0,27,6.0,0.0,0.0,0.0,0.0,0.0,62.0,13.0,26.0,0,20,20,0.0,0.0,10.0,5.5,13.0,293.0,238.0,0.21428571428571427,0.6428571428571429,0.0,,0.21428571428571427,0.21428571428571427,0.21428571428571427,0.0,0.21428571428571427,0.0,1.0,0.6428571428571429,0.14285714285714285,0.0,0.0,0.0,0.0,0.0,1.4761904761904763,0.30952380952380953,0.6190476190476191,0.0,0.47619047619047616,0.47619047619047616,0.0,0.0,0.23809523809523808,0.13095238095238096,0.30952380952380953,6.976190476190476,5.666666666666667
001724,Sean Sconone,Sean,Sconone,G,Goalie,21,3,OUT,Outlaws,2022-06-05,2024-07-27,1.0,0.0,0.0,0.0,0.0,1.0,0.0,0,0.0,227.0,70.0,157.0,225.0,229.22091,37.0,10.0,4.0,0,0,0,208.0,17.0,0.0,0.0,6.0,288.0,278.0,,,,0.5218390804597701,0.047619047619047616,0.0,0.0,0.0,0.0,0.047619047619047616,0.0,0.0,0.0,10.80952380952381,3.3333333333333335,7.476190476190476,10.714285714285714,10.91528142857143,1.7619047619047619,0.47619047619047616,0.19047619047619047,0.0,0.0,0.0,9.904761904761905,0.8095238095238095,0.0,0.0,0.2857142857142857,13.714285714285714,13.238095238095237
001727,Bradley Voigt,Bradley,Voigt,A,Attack,2,2,CHA,Chaos,2022-06-04,2023-06-04,2.0,2.0,2.0,0.0,2.0,0.0,5.0,4,0.0,0.0,0.0,0.0,0.0,0.0,2.0,5.0,0.0,0,0,0,0.0,0.0,0.0,0.0,3.0,27.0,17.0,0.4,0.8,,,1.0,1.0,1.0,0.0,1.0,0.0,2.5,2.0,0.0,0.0,0.0,0.0,0.0,0.0,1.0,2.5,0.0,0.0,0.0,0.0,0.0,0.0,0.0,0.0,1.5,13.5,8.5
001729,Chris Aslanian,Chris,Aslanian,M,Midfield,27,5,CAN|CHA|WHP,Cannons|Chaos|Whipsnakes,2022-06-12,2026-06-05,46.0,35.0,21.0,7.0,28.0,11.0,117.0,72,36.0,0.0,0.0,0.0,0.0,0.0,10.0,18.0,2.0,0,0,0,0.0,0.0,0.0,0.0,43.0,564.0,429.0,0.23931623931623933,0.6153846153846154,,,1.7037037037037037,1.2962962962962963,0.7777777777777778,0.25925925925925924,1.037037037037037,0.4074074074074074,4.333333333333333,2.6666666666666665,1.3333333333333333,0.0,0.0,0.0,0.0,0.0,0.37037037037037035,0.6666666666666666,0.07407407407407407,0.0,0.0,0.0,0.0,0.0,0.0,0.0,1.5925925925925926,20.88888888888889,15.88888888888889
001733,Charlie Hayes,Charlie,Hayes,SSDM,Defensive Midfield,20,4,WAT,Waterdogs,2023-06-10,2026-06-28,5.0,3.0,3.0,0.0,3.0,2.0,10.0,7,1.0,0.0,0.0,0.0,0.0,0.0,34.0,5.0,11.0,0,5,5,0.0,0.0,1.0,1.0,5.0,107.0,92.0,0.3,0.7,0.0,,0.25,0.15,0.15,0.0,0.15,0.1,0.5,0.35,0.05,0.0,0.0,0.0,0.0,0.0,1.7,0.25,0.55,0.0,0.25,0.25,0.0,0.0,0.05,0.05,0.25,5.35,4.6
001740,Andrew Newbold,Andrew,Newbold,LSM,Long Stick Midfield,4,1,CAN,Cannons,2022-07-31,2022-08-21,1.0,1.0,1.0,0.0,1.0,0.0,3.0,2,1.0,0.0,0.0,0.0,0.0,0.0,0.0,0.0,1.0,0,3,3,0.0,0.0,0.0,0.0,2.0,9.0,6.0,0.3333333333333333,0.6666666666666666,0.0,,0.25,0.25,0.25,0.0,0.25,0.0,0.75,0.5,0.25,0.0,0.0,0.0,0.0,0.0,0.0,0.0,0.25,0.0,0.75,0.75,0.0,0.0,0.0,0.0,0.5,2.25,1.5
001746,Daniel Bucaro,Daniel,Bucaro,M,Midfield,9,1,ATL,Atlas,2022-06-04,2022-08-21,12.0,9.0,9.0,0.0,9.0,3.0,31.0,17,0.0,0.0,0.0,0.0,0.0,0.0,5.0,9.0,1.0,0,0,0,0.0,0.0,0.0,0.0,9.0,106.0,66.0,0.2903225806451613,0.5483870967741935,,,1.3333333333333333,1.0,1.0,0.0,1.0,0.3333333333333333,3.4444444444444446,1.8888888888888888,0.0,0.0,0.0,0.0,0.0,0.0,0.5555555555555556,1.0,0.1111111111111111,0.0,0.0,0.0,0.0,0.0,0.0,0.0,1.0,11.777777777777779,7.333333333333333
001760,Pat Aslanian,Pat,Aslanian,SSDM,Defensive Midfield,14,3,CAN,Cannons,2022-08-06,2024-06-01,1.0,0.0,0.0,0.0,0.0,1.0,5.0,1,1.0,0.0,0.0,0.0,0.0,0.0,2.0,6.0,3.0,1,4,5,0.0,0.0,4.0,3.0,3.0,62.0,51.0,0.0,0.2,0.2,,0.07142857142857142,0.0,0.0,0.0,0.0,0.07142857142857142,0.35714285714285715,0.07142857142857142,0.07142857142857142,0.0,0.0,0.0,0.0,0.0,0.14285714285714285,0.42857142857142855,0.21428571428571427,0.07142857142857142,0.2857142857142857,0.35714285714285715,0.0,0.0,0.2857142857142857,0.21428571428571427,0.21428571428571427,4.428571428571429,3.642857142857143
001763,Alex Woodall,Alex,Woodall,FO,Faceoff,4,1,CAN,Cannons,2022-06-05,2022-07-24,1.0,0.0,0.0,0.0,0.0,1.0,0.0,0,0.0,0.0,0.0,0.0,0.0,0.0,12.0,2.0,0.0,23,27,50,0.0,0.0,0.0,0.0,1.0,12.0,10.0,,,0.46,,0.25,0.0,0.0,0.0,0.0,0.25,0.0,0.0,0.0,0.0,0.0,0.0,0.0,0.0,3.0,0.5,0.0,5.75,6.75,12.5,0.0,0.0,0.0,0.0,0.25,3.0,2.5
001766,Holden Garlent,Holden,Garlent,D,Defense,17,2,CAN|RED,Cannons|Redwoods,2022-06-05,2024-07-28,2.0,2.0,0.0,1.0,1.0,0.0,4.0,3,3.0,0.0,0.0,0.0,0.0,0.0,31.0,8.0,11.0,0,0,0,0.0,0.0,5.0,3.0,1.0,77.0,65.0,0.25,0.75,,,0.11764705882352941,0.11764705882352941,0.0,0.058823529411764705,0.058823529411764705,0.0,0.23529411764705882,0.17647058823529413,0.17647058823529413,0.0,0.0,0.0,0.0,0.0,1.8235294117647058,0.47058823529411764,0.6470588235294118,0.0,0.0,0.0,0.0,0.0,0.29411764705882354,0.17647058823529413,0.058823529411764705,4.529411764705882,3.823529411764706
001773,Nick Washuta,Nick,Washuta,G,Goalie,9,4,ARC,Archers,2022-06-11,2026-05-09,0.0,0.0,0.0,0.0,0.0,0.0,0.0,0,0.0,39.0,13.0,26.0,32.0,645.048,5.0,1.0,2.0,0,0,0,29.0,3.0,0.0,0.0,0.0,48.0,47.0,,,,0.5735294117647058,0.0,0.0,0.0,0.0,0.0,0.0,0.0,0.0,0.0,4.333333333333333,1.4444444444444444,2.888888888888889,3.5555555555555554,71.672,0.5555555555555556,0.1111111111111111,0.2222222222222222,0.0,0.0,0.0,3.2222222222222223,0.3333333333333333,0.0,0.0,0.0,5.333333333333333,5.222222222222222
001793,Chase Fraser,Chase,Fraser,A,Attack,10,2,CHA,Chaos,2022-06-25,2023-08-27,17.0,16.0,16.0,0.0,16.0,1.0,56.0,35,2.0,0.0,0.0,0.0,0.0,0.0,19.0,24.0,4.0,0,0,0,0.0,0.0,2.0,1.5,6.0,278.0,198.0,0.2857142857142857,0.625,,,1.7,1.6,1.6,0.0,1.6,0.1,5.6,3.5,0.2,0.0,0.0,0.0,0.0,0.0,1.9,2.4,0.4,0.0,0.0,0.0,0.0,0.0,0.2,0.15,0.6,27.8,19.8
001795,Christian Scarpello,Christian,Scarpello,SSDM,Defensive Midfield,34,5,CHA|WAT,Chaos|Waterdogs,2022-06-05,2026-06-28,8.0,6.0,6.0,0.0,6.0,2.0,10.0,9,2.0,0.0,0.0,0.0,0.0,0.0,40.0,10.0,11.0,0,9,9,0.0,0.0,2.0,2.0,10.0,214.0,194.0,0.6,0.9,0.0,,0.23529411764705882,0.17647058823529413,0.17647058823529413,0.0,0.17647058823529413,0.058823529411764705,0.29411764705882354,0.2647058823529412,0.058823529411764705,0.0,0.0,0.0,0.0,0.0,1.1764705882352942,0.29411764705882354,0.3235294117647059,0.0,0.2647058823529412,0.2647058823529412,0.0,0.0,0.058823529411764705,0.058823529411764705,0.29411764705882354,6.294117647058823,5.705882352941177
001796,Latrell Harris,Latrell,Harris,SSDM,Defensive Midfield,20,2,ARC,Archers,2022-06-05,2023-08-26,6.0,4.0,4.0,0.0,4.0,2.0,7.0,4,0.0,0.0,0.0,0.0,0.0,0.0,37.0,5.0,10.0,0,0,0,0.0,0.0,6.0,5.0,20.0,150.0,138.0,0.5714285714285714,0.5714285714285714,,,0.3,0.2,0.2,0.0,0.2,0.1,0.35,0.2,0.0,0.0,0.0,0.0,0.0,0.0,1.85,0.25,0.5,0.0,0.0,0.0,0.0,0.0,0.3,0.25,1.0,7.5,6.9
001797,JD Colarusso,JD,Colarusso,G,Goalie,2,1,ATL,Atlas,2022-06-04,2022-07-30,0.0,0.0,0.0,0.0,0.0,0.0,0.0,0,0.0,7.0,3.0,4.0,7.0,14.0,2.0,1.0,0.0,0,0,0,6.0,1.0,0.0,0.0,0.0,7.0,6.0,,,,0.5384615384615384,0.0,0.0,0.0,0.0,0.0,0.0,0.0,0.0,0.0,3.5,1.5,2.0,3.5,7.0,1.0,0.5,0.0,0.0,0.0,0.0,3.0,0.5,0.0,0.0,0.0,3.5,3.0
001809,Jeff Teat,Jeff,Teat,A,Attack,40,4,ATL,Atlas,2022-06-04,2025-08-09,178.0,78.0,78.0,0.0,78.0,100.0,236.0,158,2.0,0.0,0.0,0.0,0.0,0.0,74.0,89.0,6.0,0,0,0,0.0,0.0,1.0,0.5,286.0,1509.0,1184.0,0.3305084745762712,0.6694915254237288,,,4.45,1.95,1.95,0.0,1.95,2.5,5.9,3.95,0.05,0.0,0.0,0.0,0.0,0.0,1.85,2.225,0.15,0.0,0.0,0.0,0.0,0.0,0.025,0.0125,7.15,37.725,29.6
001810,Michael Sowers,Michael,Sowers,A,Attack,44,5,WAT,Waterdogs,2022-06-05,2026-06-28,157.0,78.0,78.0,0.0,78.0,79.0,296.0,209,10.0,0.0,0.0,0.0,0.0,0.0,39.0,80.0,0.0,0,0,0,0.0,0.0,4.0,3.0,271.0,1456.0,1080.0,0.2635135135135135,0.706081081081081,,,3.5681818181818183,1.7727272727272727,1.7727272727272727,0.0,1.7727272727272727,1.7954545454545454,6.7272727272727275,4.75,0.22727272727272727,0.0,0.0,0.0,0.0,0.0,0.8863636363636364,1.8181818181818181,0.0,0.0,0.0,0.0,0.0,0.0,0.09090909090909091,0.06818181818181818,6.159090909090909,33.09090909090909,24.545454545454547
001811,JT Giles-Harris,JT,Giles-Harris,D,Defense,44,5,OUT,Outlaws,2022-06-05,2026-06-27,2.0,0.0,0.0,0.0,0.0,2.0,3.0,2,2.0,0.0,0.0,0.0,0.0,0.0,71.0,13.0,36.0,0,0,0,0.0,0.0,9.0,9.5,3.0,343.0,327.0,0.0,0.6666666666666666,,,0.045454545454545456,0.0,0.0,0.0,0.0,0.045454545454545456,0.06818181818181818,0.045454545454545456,0.045454545454545456,0.0,0.0,0.0,0.0,0.0,1.6136363636363635,0.29545454545454547,0.8181818181818182,0.0,0.0,0.0,0.0,0.0,0.20454545454545456,0.2159090909090909,0.06818181818181818,7.795454545454546,7.431818181818182
001812,TD Ierlan,TD,Ierlan,FO,Faceoff,46,5,RED,Redwoods,2022-06-04,2026-06-28,17.0,11.0,11.0,0.0,11.0,6.0,48.0,31,3.0,0.0,0.0,0.0,0.0,0.0,397.0,21.0,14.0,677,449,1132,0.0,0.0,6.0,4.0,32.0,412.0,343.0,0.22916666666666666,0.6458333333333334,0.5980565371024735,,0.3695652173913043,0.2391304347826087,0.2391304347826087,0.0,0.2391304347826087,0.13043478260869565,1.0434782608695652,0.6739130434782609,0.06521739130434782,0.0,0.0,0.0,0.0,0.0,8.630434782608695,0.45652173913043476,0.30434782608695654,14.717391304347826,9.76086956521739,24.608695652173914,0.0,0.0,0.13043478260869565,0.08695652173913043,0.6956521739130435,8.956521739130435,7.456521739130435
001813,Jared Conners,Jared,Conners,LSM,Long Stick Midfield,45,5,ARC|RED,Archers|Redwoods,2022-06-05,2026-06-28,17.0,9.0,3.0,3.0,6.0,8.0,38.0,15,27.0,0.0,0.0,0.0,0.0,0.0,112.0,35.0,31.0,0,2,2,0.0,0.0,3.0,2.5,20.0,311.0,238.0,0.15789473684210525,0.39473684210526316,0.0,,0.37777777777777777,0.2,0.06666666666666667,0.06666666666666667,0.13333333333333333,0.17777777777777778,0.8444444444444444,0.3333333333333333,0.6,0.0,0.0,0.0,0.0,0.0,2.488888888888889,0.7777777777777778,0.6888888888888889,0.0,0.044444444444444446,0.044444444444444446,0.0,0.0,0.06666666666666667,0.05555555555555555,0.4444444444444444,6.911111111111111,5.288888888888889
001814,Mac O'Keefe,Mac,O'Keefe,A,Attack,46,5,ARC|CHA,Archers|Chaos,2022-06-04,2026-06-28,105.0,85.0,69.0,8.0,77.0,20.0,275.0,171,42.0,0.0,0.0,0.0,0.0,0.0,56.0,46.0,6.0,0,0,0,0.0,0.0,8.0,5.5,77.0,1068.0,747.0,0.28,0.6218181818181818,,,2.282608695652174,1.8478260869565217,1.5,0.17391304347826086,1.673913043478261,0.43478260869565216,5.978260869565218,3.717391304347826,0.9130434782608695,0.0,0.0,0.0,0.0,0.0,1.2173913043478262,1.0,0.13043478260869565,0.0,0.0,0.0,0.0,0.0,0.17391304347826086,0.11956521739130435,1.673913043478261,23.217391304347824,16.23913043478261
001815,Connor Kirst,Connor,Kirst,M,Midfield,45,5,CAN|WHP,Cannons|Whipsnakes,2022-06-04,2026-06-28,45.0,38.0,30.0,4.0,34.0,7.0,107.0,65,21.0,0.0,0.0,0.0,0.0,0.0,79.0,32.0,13.0,14,35,49,0.0,0.0,6.0,3.5,27.0,482.0,343.0,0.3177570093457944,0.6074766355140186,0.2857142857142857,,1.0,0.8444444444444444,0.6666666666666666,0.08888888888888889,0.7555555555555555,0.15555555555555556,2.3777777777777778,1.4444444444444444,0.4666666666666667,0.0,0.0,0.0,0.0,0.0,1.7555555555555555,0.7111111111111111,0.28888888888888886,0.3111111111111111,0.7777777777777778,1.0888888888888888,0.0,0.0,0.13333333333333333,0.07777777777777778,0.6,10.71111111111111,7.622222222222222
001816,Dox Aitken,Dox,Aitken,M,Midfield,20,3,ATL,Atlas,2022-06-04,2025-08-02,26.0,23.0,23.0,0.0,23.0,3.0,76.0,50,6.0,0.0,0.0,0.0,0.0,0.0,26.0,25.0,1.0,0,1,1,0.0,0.0,4.0,2.5,25.0,410.0,309.0,0.3026315789473684,0.6578947368421053,0.0,,1.3,1.15,1.15,0.0,1.15,0.15,3.8,2.5,0.3,0.0,0.0,0.0,0.0,0.0,1.3,1.25,0.05,0.0,0.05,0.05,0.0,0.0,0.2,0.125,1.25,20.5,15.45
001817,Jack Kielty,Jack,Kielty,D,Defense,36,4,CAN,Cannons,2022-06-05,2026-06-28,0.0,0.0,0.0,0.0,0.0,0.0,3.0,1,1.0,0.0,0.0,0.0,0.0,0.0,51.0,7.0,35.0,0,0,0,0.0,0.0,6.0,6.0,5.0,241.0,231.0,0.0,0.3333333333333333,,,0.0,0.0,0.0,0.0,0.0,0.0,0.08333333333333333,0.027777777777777776,0.027777777777777776,0.0,0.0,0.0,0.0,0.0,1.4166666666666667,0.19444444444444445,0.9722222222222222,0.0,0.0,0.0,0.0,0.0,0.16666666666666666,0.16666666666666666,0.1388888888888889,6.694444444444445,6.416666666666667
001818,Jake Carraway,Jake,Carraway,M,Midfield,17,3,ATL|WAT,Atlas|Waterdogs,2022-06-26,2024-08-17,27.0,23.0,17.0,3.0,20.0,4.0,68.0,46,18.0,0.0,0.0,0.0,0.0,0.0,12.0,7.0,1.0,0,0,0,0.0,0.0,2.0,1.0,33.0,346.0,271.0,0.29411764705882354,0.6764705882352942,,,1.588235294117647,1.3529411764705883,1.0,0.17647058823529413,1.1764705882352942,0.23529411764705882,4.0,2.7058823529411766,1.0588235294117647,0.0,0.0,0.0,0.0,0.0,0.7058823529411765,0.4117647058823529,0.058823529411764705,0.0,0.0,0.0,0.0,0.0,0.11764705882352941,0.058823529411764705,1.9411764705882353,20.352941176470587,15.941176470588236
001819,Danny Logan,Danny,Logan,SSDM,Defensive Midfield,41,5,ATL,Atlas,2022-06-04,2026-06-19,17.0,14.0,8.0,3.0,11.0,3.0,30.0,20,13.0,0.0,0.0,0.0,0.0,0.0,58.0,13.0,14.0,6,49,55,0.0,0.0,14.0,8.5,21.0,314.0,271.0,0.36666666666666664,0.6666666666666666,0.10909090909090909,,0.4146341463414634,0.34146341463414637,0.1951219512195122,0.07317073170731707,0.2682926829268293,0.07317073170731707,0.7317073170731707,0.4878048780487805,0.3170731707317073,0.0,0.0,0.0,0.0,0.0,1.4146341463414633,0.3170731707317073,0.34146341463414637,0.14634146341463414,1.1951219512195121,1.3414634146341464,0.0,0.0,0.34146341463414637,0.2073170731707317,0.5121951219512195,7.658536585365853,6.609756097560975
001820,Ryan Terefenko,Ryan,Terefenko,SSDM,Defensive Midfield,43,5,OUT,Outlaws,2022-06-05,2026-06-27,29.0,20.0,14.0,3.0,17.0,9.0,49.0,34,9.0,0.0,0.0,0.0,0.0,0.0,73.0,31.0,11.0,0,13,13,0.0,0.0,11.0,6.0,38.0,539.0,459.0,0.3469387755102041,0.6938775510204082,0.0,,0.6744186046511628,0.46511627906976744,0.32558139534883723,0.06976744186046512,0.3953488372093023,0.20930232558139536,1.1395348837209303,0.7906976744186046,0.20930232558139536,0.0,0.0,0.0,0.0,0.0,1.697674418604651,0.7209302325581395,0.2558139534883721,0.0,0.3023255813953488,0.3023255813953488,0.0,0.0,0.2558139534883721,0.13953488372093023,0.8837209302325582,12.534883720930232,10.674418604651162
001821,Tre Leclaire,Tre,Leclaire,M,Midfield,38,5,ARC,Archers,2022-06-05,2026-06-28,65.0,54.0,48.0,3.0,51.0,11.0,147.0,91,25.0,0.0,0.0,0.0,0.0,0.0,37.0,31.0,2.0,0,0,0,0.0,0.0,5.0,3.5,57.0,724.0,546.0,0.3469387755102041,0.6190476190476191,,,1.7105263157894737,1.4210526315789473,1.263157894736842,0.07894736842105263,1.3421052631578947,0.2894736842105263,3.8684210526315788,2.3947368421052633,0.6578947368421053,0.0,0.0,0.0,0.0,0.0,0.9736842105263158,0.8157894736842105,0.05263157894736842,0.0,0.0,0.0,0.0,0.0,0.13157894736842105,0.09210526315789473,1.5,19.05263157894737,14.368421052631579
001823,Tanner Cook,Tanner,Cook,M,Midfield,5,1,CHA,Chaos,2022-06-04,2022-08-06,3.0,2.0,2.0,0.0,2.0,1.0,7.0,6,0.0,0.0,0.0,0.0,0.0,0.0,3.0,5.0,0.0,0,0,0,0.0,0.0,1.0,2.0,7.0,72.0,60.0,0.2857142857142857,0.8571428571428571,,,0.6,0.4,0.4,0.0,0.4,0.2,1.4,1.2,0.0,0.0,0.0,0.0,0.0,0.0,0.6,1.0,0.0,0.0,0.0,0.0,0.0,0.0,0.2,0.4,1.4,14.4,12.0
001824,Ryan Tierney,Ryan,Tierney,M,Midfield,11,2,CAN|RED,Cannons|Redwoods,2022-06-05,2024-08-03,6.0,5.0,5.0,0.0,5.0,1.0,19.0,11,1.0,0.0,0.0,0.0,0.0,0.0,7.0,13.0,1.0,0,0,0,0.0,0.0,1.0,1.0,8.0,146.0,114.0,0.2631578947368421,0.5789473684210527,,,0.5454545454545454,0.45454545454545453,0.45454545454545453,0.0,0.45454545454545453,0.09090909090909091,1.7272727272727273,1.0,0.09090909090909091,0.0,0.0,0.0,0.0,0.0,0.6363636363636364,1.1818181818181819,0.09090909090909091,0.0,0.0,0.0,0.0,0.0,0.09090909090909091,0.09090909090909091,0.7272727272727273,13.272727272727273,10.363636363636363
001825,Peter Dearth,Peter,Dearth,SSDM,Defensive Midfield,15,2,ATL,Atlas,2022-06-04,2023-08-26,3.0,1.0,1.0,0.0,1.0,2.0,8.0,7,0.0,0.0,0.0,0.0,0.0,0.0,20.0,8.0,4.0,0,0,0,0.0,0.0,4.0,2.0,6.0,76.0,60.0,0.125,0.875,,,0.2,0.06666666666666667,0.06666666666666667,0.0,0.06666666666666667,0.13333333333333333,0.5333333333333333,0.4666666666666667,0.0,0.0,0.0,0.0,0.0,0.0,1.3333333333333333,0.5333333333333333,0.26666666666666666,0.0,0.0,0.0,0.0,0.0,0.26666666666666666,0.13333333333333333,0.4,5.066666666666666,4.0
001826,Jeff Trainor,Jeff,Trainor,SSDM,Defensive Midfield,39,5,ARC|CAN,Archers|Cannons,2022-06-05,2026-06-07,28.0,21.0,15.0,3.0,18.0,7.0,49.0,29,13.0,0.0,0.0,0.0,0.0,0.0,50.0,14.0,20.0,0,0,0,0.0,0.0,12.0,9.0,29.0,334.0,271.0,0.3673469387755102,0.5918367346938775,,,0.717948717948718,0.5384615384615384,0.38461538461538464,0.07692307692307693,0.46153846153846156,0.1794871794871795,1.2564102564102564,0.7435897435897436,0.3333333333333333,0.0,0.0,0.0,0.0,0.0,1.2820512820512822,0.358974358974359,0.5128205128205128,0.0,0.0,0.0,0.0,0.0,0.3076923076923077,0.23076923076923078,0.7435897435897436,8.564102564102564,6.948717948717949
001827,Jared Bernhardt,Jared,Bernhardt,M,Midfield,13,2,OUT,Outlaws,2025-06-06,2026-06-27,36.0,28.0,28.0,0.0,28.0,8.0,84.0,53,2.0,0.0,0.0,0.0,0.0,0.0,11.0,27.0,2.0,0,0,0,0.0,0.0,3.0,1.5,24.0,362.0,251.0,0.3333333333333333,0.6309523809523809,,,2.769230769230769,2.1538461538461537,2.1538461538461537,0.0,2.1538461538461537,0.6153846153846154,6.461538461538462,4.076923076923077,0.15384615384615385,0.0,0.0,0.0,0.0,0.0,0.8461538461538461,2.076923076923077,0.15384615384615385,0.0,0.0,0.0,0.0,0.0,0.23076923076923078,0.11538461538461539,1.8461538461538463,27.846153846153847,19.307692307692307
001828,Justin Anderson,Justin,Anderson,M,Midfield,45,5,OUT,Outlaws,2022-06-05,2026-06-27,64.0,50.0,46.0,2.0,48.0,14.0,149.0,96,12.0,0.0,0.0,0.0,0.0,0.0,53.0,43.0,13.0,0,0,0,0.0,0.0,5.0,2.5,65.0,808.0,616.0,0.3221476510067114,0.6442953020134228,,,1.4222222222222223,1.1111111111111112,1.0222222222222221,0.044444444444444446,1.0666666666666667,0.3111111111111111,3.311111111111111,2.1333333333333333,0.26666666666666666,0.0,0.0,0.0,0.0,0.0,1.1777777777777778,0.9555555555555556,0.28888888888888886,0.0,0.0,0.0,0.0,0.0,0.1111111111111111,0.05555555555555555,1.4444444444444444,17.955555555555556,13.688888888888888
001831,Colin Squires,Colin,Squires,LSM,Long Stick Midfield,40,4,WHP,Whipsnakes,2022-06-04,2025-08-09,6.0,3.0,1.0,1.0,2.0,3.0,10.0,2,7.0,0.0,0.0,0.0,0.0,0.0,104.0,8.0,20.0,3,31,34,0.0,0.0,2.0,1.5,4.0,173.0,155.0,0.2,0.2,0.08823529411764706,,0.15,0.075,0.025,0.025,0.05,0.075,0.25,0.05,0.175,0.0,0.0,0.0,0.0,0.0,2.6,0.2,0.5,0.075,0.775,0.85,0.0,0.0,0.05,0.0375,0.1,4.325,3.875
001832,Charlie Bertrand,Charlie,Bertrand,M,Midfield,36,4,RED,Redwoods,2022-06-04,2025-08-08,55.0,45.0,43.0,1.0,44.0,10.0,156.0,99,6.0,0.0,0.0,0.0,0.0,0.0,21.0,43.0,3.0,0,0,0,0.0,0.0,2.0,1.5,41.0,720.0,521.0,0.28205128205128205,0.6346153846153846,,,1.5277777777777777,1.25,1.1944444444444444,0.027777777777777776,1.2222222222222223,0.2777777777777778,4.333333333333333,2.75,0.16666666666666666,0.0,0.0,0.0,0.0,0.0,0.5833333333333334,1.1944444444444444,0.08333333333333333,0.0,0.0,0.0,0.0,0.0,0.05555555555555555,0.041666666666666664,1.1388888888888888,20.0,14.472222222222221
001833,Stephen Rehfuss,Stephen,Rehfuss,M,Midfield,10,1,CAN,Cannons,2022-06-05,2022-08-21,14.0,6.0,6.0,0.0,6.0,8.0,29.0,17,0.0,0.0,0.0,0.0,0.0,0.0,9.0,16.0,0.0,0,0,0,0.0,0.0,0.0,0.0,44.0,277.0,232.0,0.20689655172413793,0.5862068965517241,,,1.4,0.6,0.6,0.0,0.6,0.8,2.9,1.7,0.0,0.0,0.0,0.0,0.0,0.0,0.9,1.6,0.0,0.0,0.0,0.0,0.0,0.0,0.0,0.0,4.4,27.7,23.2
001835,Ethan Walker,Ethan,Walker,A,Attack,29,3,WAT,Waterdogs,2022-06-05,2024-08-17,53.0,30.0,30.0,0.0,30.0,23.0,116.0,76,0.0,0.0,0.0,0.0,0.0,0.0,42.0,26.0,3.0,0,0,0,0.0,0.0,2.0,1.0,101.0,832.0,690.0,0.25862068965517243,0.6551724137931034,,,1.8275862068965518,1.0344827586206897,1.0344827586206897,0.0,1.0344827586206897,0.7931034482758621,4.0,2.6206896551724137,0.0,0.0,0.0,0.0,0.0,0.0,1.4482758620689655,0.896551724137931,0.10344827586206896,0.0,0.0,0.0,0.0,0.0,0.06896551724137931,0.034482758620689655,3.4827586206896552,28.689655172413794,23.79310344827586
001836,Jackson Morrill,Jackson,Morrill,A,Attack,23,3,OUT|WHP,Outlaws|Whipsnakes,2022-06-05,2024-06-16,41.0,18.0,18.0,0.0,18.0,23.0,50.0,43,0.0,0.0,0.0,0.0,0.0,0.0,17.0,26.0,2.0,0,0,0,0.0,0.0,1.0,0.5,82.0,539.0,463.0,0.36,0.86,,,1.7826086956521738,0.782608695652174,0.782608695652174,0.0,0.782608695652174,1.0,2.1739130434782608,1.8695652173913044,0.0,0.0,0.0,0.0,0.0,0.0,0.7391304347826086,1.1304347826086956,0.08695652173913043,0.0,0.0,0.0,0.0,0.0,0.043478260869565216,0.021739130434782608,3.5652173913043477,23.434782608695652,20.130434782608695
001838,Ryan Smith,Ryan,Smith,M,Midfield,18,2,CHA,Chaos,2022-06-04,2023-08-27,31.0,22.0,22.0,0.0,22.0,9.0,49.0,34,0.0,0.0,0.0,0.0,0.0,0.0,11.0,12.0,0.0,0,0,0,0.0,0.0,0.0,0.0,27.0,259.0,198.0,0.4489795918367347,0.6938775510204082,,,1.7222222222222223,1.2222222222222223,1.2222222222222223,0.0,1.2222222222222223,0.5,2.7222222222222223,1.8888888888888888,0.0,0.0,0.0,0.0,0.0,0.0,0.6111111111111112,0.6666666666666666,0.0,0.0,0.0,0.0,0.0,0.0,0.0,0.0,1.5,14.38888888888889,11.0
001839,Nick Grill,Nick,Grill,LSM,Long Stick Midfield,34,4,OUT,Outlaws,2022-06-05,2025-08-02,1.0,0.0,0.0,0.0,0.0,1.0,1.0,0,1.0,0.0,0.0,0.0,0.0,0.0,45.0,5.0,21.0,0,3,3,0.0,0.0,3.0,2.0,6.0,116.0,110.0,0.0,0.0,0.0,,0.029411764705882353,0.0,0.0,0.0,0.0,0.029411764705882353,0.029411764705882353,0.0,0.029411764705882353,0.0,0.0,0.0,0.0,0.0,1.3235294117647058,0.14705882352941177,0.6176470588235294,0.0,0.08823529411764706,0.08823529411764706,0.0,0.0,0.08823529411764706,0.058823529411764705,0.17647058823529413,3.411764705882353,3.235294117647059
001843,Cole Williams,Cole,Williams,M,Midfield,7,3,CHA|OUT,Chaos|Outlaws,2022-07-30,2026-05-15,8.0,6.0,6.0,0.0,6.0,2.0,19.0,12,1.0,0.0,0.0,0.0,0.0,0.0,4.0,10.0,0.0,0,0,0,0.0,0.0,2.0,2.0,9.0,95.0,66.0,0.3157894736842105,0.631578947368421,,,1.1428571428571428,0.8571428571428571,0.8571428571428571,0.0,0.8571428571428571,0.2857142857142857,2.7142857142857144,1.7142857142857142,0.14285714285714285,0.0,0.0,0.0,0.0,0.0,0.5714285714285714,1.4285714285714286,0.0,0.0,0.0,0.0,0.0,0.0,0.2857142857142857,0.2857142857142857,1.2857142857142858,13.571428571428571,9.428571428571429
001846,Adam Charalambides,Adam,Charalambides,A,Attack,15,4,CAN|CHA,Cannons|Chaos,2022-06-25,2026-05-09,23.0,20.0,20.0,0.0,20.0,3.0,82.0,52,2.0,0.0,0.0,0.0,0.0,0.0,19.0,26.0,2.0,0,0,0,0.0,0.0,6.0,4.0,16.0,404.0,296.0,0.24390243902439024,0.6341463414634146,,,1.5333333333333334,1.3333333333333333,1.3333333333333333,0.0,1.3333333333333333,0.2,5.466666666666667,3.466666666666667,0.13333333333333333,0.0,0.0,0.0,0.0,0.0,1.2666666666666666,1.7333333333333334,0.13333333333333333,0.0,0.0,0.0,0.0,0.0,0.4,0.26666666666666666,1.0666666666666667,26.933333333333334,19.733333333333334
002001,Kevin Rogers,Kevin,Rogers,M,Midfield,7,2,OUT|RED,Outlaws|Redwoods,2022-06-05,2023-08-06,8.0,3.0,3.0,0.0,3.0,5.0,18.0,11,2.0,0.0,0.0,0.0,0.0,0.0,7.0,3.0,1.0,0,0,0,0.0,0.0,0.0,0.0,17.0,121.0,100.0,0.16666666666666666,0.6111111111111112,,,1.1428571428571428,0.42857142857142855,0.42857142857142855,0.0,0.42857142857142855,0.7142857142857143,2.5714285714285716,1.5714285714285714,0.2857142857142857,0.0,0.0,0.0,0.0,0.0,1.0,0.42857142857142855,0.14285714285714285,0.0,0.0,0.0,0.0,0.0,0.0,0.0,2.4285714285714284,17.285714285714285,14.285714285714286
002003,Will Perry,Will,Perry,M,Midfield,8,1,CHA,Chaos,2023-06-04,2023-08-20,5.0,5.0,5.0,0.0,5.0,0.0,30.0,13,5.0,0.0,0.0,0.0,0.0,0.0,4.0,2.0,0.0,0,0,0,0.0,0.0,0.0,0.0,9.0,134.0,102.0,0.16666666666666666,0.43333333333333335,,,0.625,0.625,0.625,0.0,0.625,0.0,3.75,1.625,0.625,0.0,0.0,0.0,0.0,0.0,0.5,0.25,0.0,0.0,0.0,0.0,0.0,0.0,0.0,0.0,1.125,16.75,12.75
002006,Reid Bowering,Reid,Bowering,M,Midfield,16,3,ATL,Atlas,2024-06-01,2026-06-21,23.0,18.0,18.0,0.0,18.0,5.0,50.0,36,0.0,0.0,0.0,0.0,0.0,0.0,32.0,14.0,2.0,0,1,1,0.0,0.0,2.0,1.0,9.0,186.0,122.0,0.36,0.72,0.0,,1.4375,1.125,1.125,0.0,1.125,0.3125,3.125,2.25,0.0,0.0,0.0,0.0,0.0,0.0,2.0,0.875,0.125,0.0,0.0625,0.0625,0.0,0.0,0.125,0.0625,0.5625,11.625,7.625
002007,Charlie Kitchen,Charlie,Kitchen,A,Attack,1,1,WAT,Waterdogs,2022-07-31,2022-07-31,1.0,1.0,1.0,0.0,1.0,0.0,3.0,2,0.0,0.0,0.0,0.0,0.0,0.0,0.0,0.0,0.0,0,0,0,0.0,0.0,0.0,0.0,2.0,8.0,5.0,0.3333333333333333,0.6666666666666666,,,1.0,1.0,1.0,0.0,1.0,0.0,3.0,2.0,0.0,0.0,0.0,0.0,0.0,0.0,0.0,0.0,0.0,0.0,0.0,0.0,0.0,0.0,0.0,0.0,2.0,8.0,5.0
002014,Drake Porter,Drake,Porter,G,Goalie,2,1,ATL,Atlas,2023-07-09,2023-07-16,0.0,0.0,0.0,0.0,0.0,0.0,0.0,0,0.0,17.0,2.0,15.0,22.0,29.0,2.0,1.0,0.0,0,0,0,22.0,0.0,0.0,0.0,0.0,19.0,18.0,,,,0.4358974358974359,0.0,0.0,0.0,0.0,0.0,0.0,0.0,0.0,0.0,8.5,1.0,7.5,11.0,14.5,1.0,0.5,0.0,0.0,0.0,0.0,11.0,0.0,0.0,0.0,0.0,9.5,9.0
002015,Logan Wisnauskas,Logan,Wisnauskas,A,Attack,35,5,OUT,Outlaws,2022-06-05,2026-06-27,94.0,65.0,65.0,0.0,65.0,29.0,190.0,130,5.0,0.0,0.0,0.0,0.0,0.0,45.0,51.0,3.0,0,0,0,0.0,0.0,2.0,3.0,107.0,1022.0,781.0,0.34210526315789475,0.6842105263157895,,,2.6857142857142855,1.8571428571428572,1.8571428571428572,0.0,1.8571428571428572,0.8285714285714286,5.428571428571429,3.7142857142857144,0.14285714285714285,0.0,0.0,0.0,0.0,0.0,1.2857142857142858,1.457142857142857,0.08571428571428572,0.0,0.0,0.0,0.0,0.0,0.05714285714285714,0.08571428571428572,3.057142857142857,29.2,22.314285714285713
002016,Chris Gray,Chris,Gray,A,Attack,28,3,ATL|RED,Atlas|Redwoods,2022-06-04,2024-08-17,83.0,50.0,44.0,3.0,47.0,33.0,172.0,106,12.0,0.0,0.0,0.0,0.0,0.0,29.0,54.0,3.0,0,0,0,0.0,0.0,3.0,2.5,116.0,945.0,719.0,0.27325581395348836,0.6162790697674418,,,2.9642857142857144,1.7857142857142858,1.5714285714285714,0.10714285714285714,1.6785714285714286,1.1785714285714286,6.142857142857143,3.7857142857142856,0.42857142857142855,0.0,0.0,0.0,0.0,0.0,1.0357142857142858,1.9285714285714286,0.10714285714285714,0.0,0.0,0.0,0.0,0.0,0.10714285714285714,0.08928571428571429,4.142857142857143,33.75,25.678571428571427
002017,Arden Cohen,Arden,Cohen,D,Defense,39,5,RED,Redwoods,2022-06-04,2026-05-16,3.0,2.0,0.0,1.0,1.0,1.0,2.0,2,1.0,0.0,0.0,0.0,0.0,0.0,77.0,14.0,29.0,0,0,0,0.0,0.0,13.0,14.5,3.0,178.0,162.0,0.5,1.0,,,0.07692307692307693,0.05128205128205128,0.0,0.02564102564102564,0.02564102564102564,0.02564102564102564,0.05128205128205128,0.05128205128205128,0.02564102564102564,0.0,0.0,0.0,0.0,0.0,1.9743589743589745,0.358974358974359,0.7435897435897436,0.0,0.0,0.0,0.0,0.0,0.3333333333333333,0.3717948717948718,0.07692307692307693,4.564102564102564,4.153846153846154
002018,Matt Moore,Matt,Moore,A,Attack,29,4,ARC,Archers,2022-06-05,2025-06-22,53.0,37.0,35.0,1.0,36.0,16.0,147.0,94,16.0,0.0,0.0,0.0,0.0,0.0,32.0,39.0,1.0,0,0,0,0.0,0.0,3.0,2.5,66.0,638.0,452.0,0.24489795918367346,0.6394557823129252,,,1.8275862068965518,1.2758620689655173,1.206896551724138,0.034482758620689655,1.2413793103448276,0.5517241379310345,5.068965517241379,3.2413793103448274,0.5517241379310345,0.0,0.0,0.0,0.0,0.0,1.103448275862069,1.3448275862068966,0.034482758620689655,0.0,0.0,0.0,0.0,0.0,0.10344827586206896,0.08620689655172414,2.2758620689655173,22.0,15.586206896551724
002019,Koby Smith,Koby,Smith,LSM,Long Stick Midfield,25,4,ATL,Atlas,2022-06-04,2025-08-02,13.0,11.0,1.0,5.0,6.0,2.0,21.0,14,14.0,0.0,0.0,0.0,0.0,0.0,30.0,10.0,11.0,0,0,0,0.0,0.0,4.0,3.5,9.0,99.0,68.0,0.2857142857142857,0.6666666666666666,,,0.52,0.44,0.04,0.2,0.24,0.08,0.84,0.56,0.56,0.0,0.0,0.0,0.0,0.0,1.2,0.4,0.44,0.0,0.0,0.0,0.0,0.0,0.16,0.14,0.36,3.96,2.72
002020,Brett Kennedy,Brett,Kennedy,D,Defense,9,3,CHA|WHP,Chaos|Whipsnakes,2022-06-04,2024-06-16,1.0,0.0,0.0,0.0,0.0,1.0,0.0,0,0.0,0.0,0.0,0.0,0.0,0.0,15.0,5.0,5.0,0,0,0,0.0,0.0,2.0,1.5,2.0,47.0,42.0,,,,,0.1111111111111111,0.0,0.0,0.0,0.0,0.1111111111111111,0.0,0.0,0.0,0.0,0.0,0.0,0.0,0.0,1.6666666666666667,0.5555555555555556,0.5555555555555556,0.0,0.0,0.0,0.0,0.0,0.2222222222222222,0.16666666666666666,0.2222222222222222,5.222222222222222,4.666666666666667
002021,Roman Puglise,Roman,Puglise,SSDM,Defensive Midfield,27,3,WHP,Whipsnakes,2023-06-04,2025-08-09,13.0,11.0,5.0,3.0,8.0,2.0,21.0,12,6.0,0.0,0.0,0.0,0.0,0.0,33.0,13.0,5.0,0,1,1,0.0,0.0,9.0,8.0,10.0,238.0,204.0,0.38095238095238093,0.5714285714285714,0.0,,0.48148148148148145,0.4074074074074074,0.18518518518518517,0.1111111111111111,0.2962962962962963,0.07407407407407407,0.7777777777777778,0.4444444444444444,0.2222222222222222,0.0,0.0,0.0,0.0,0.0,1.2222222222222223,0.48148148148148145,0.18518518518518517,0.0,0.037037037037037035,0.037037037037037035,0.0,0.0,0.3333333333333333,0.2962962962962963,0.37037037037037035,8.814814814814815,7.555555555555555
002022,Zach Geddes,Zach,Geddes,SSDM,Defensive Midfield,41,5,CHA|OUT,Chaos|Outlaws,2022-06-04,2026-06-27,21.0,15.0,13.0,1.0,14.0,6.0,46.0,31,9.0,0.0,0.0,0.0,0.0,0.0,66.0,11.0,19.0,0,4,4,0.0,0.0,9.0,4.5,21.0,325.0,268.0,0.30434782608695654,0.6739130434782609,0.0,,0.5121951219512195,0.36585365853658536,0.3170731707317073,0.024390243902439025,0.34146341463414637,0.14634146341463414,1.1219512195121952,0.7560975609756098,0.21951219512195122,0.0,0.0,0.0,0.0,0.0,1.6097560975609757,0.2682926829268293,0.4634146341463415,0.0,0.0975609756097561,0.0975609756097561,0.0,0.0,0.21951219512195122,0.10975609756097561,0.5121951219512195,7.926829268292683,6.536585365853658
002023,Brendan Nichtern,Brendan,Nichtern,A,Attack,18,3,CHA|OUT,Chaos|Outlaws,2022-06-05,2026-06-28,53.0,25.0,25.0,0.0,25.0,28.0,88.0,58,1.0,0.0,0.0,0.0,0.0,0.0,21.0,54.0,5.0,0,0,0,0.0,0.0,4.0,2.0,75.0,699.0,557.0,0.2840909090909091,0.6590909090909091,,,2.9444444444444446,1.3888888888888888,1.3888888888888888,0.0,1.3888888888888888,1.5555555555555556,4.888888888888889,3.2222222222222223,0.05555555555555555,0.0,0.0,0.0,0.0,0.0,1.1666666666666667,3.0,0.2777777777777778,0.0,0.0,0.0,0.0,0.0,0.2222222222222222,0.1111111111111111,4.166666666666667,38.833333333333336,30.944444444444443
002024,Asher Nolting,Asher,Nolting,A,Attack,41,5,CAN,Cannons,2022-06-05,2026-05-15,141.0,56.0,56.0,0.0,56.0,85.0,186.0,132,1.0,0.0,0.0,0.0,0.0,0.0,57.0,104.0,7.0,0,1,1,0.0,0.0,11.0,7.5,254.0,1269.0,979.0,0.3010752688172043,0.7096774193548387,0.0,,3.4390243902439024,1.3658536585365855,1.3658536585365855,0.0,1.3658536585365855,2.073170731707317,4.536585365853658,3.2195121951219514,0.024390243902439025,0.0,0.0,0.0,0.0,0.0,1.3902439024390243,2.5365853658536586,0.17073170731707318,0.0,0.024390243902439025,0.024390243902439025,0.0,0.0,0.2682926829268293,0.18292682926829268,6.195121951219512,30.951219512195124,23.878048780487806
002025,Bubba Fairman,Bubba,Fairman,SSDM,Defensive Midfield,29,3,CAN,Cannons,2022-06-11,2024-08-17,10.0,4.0,4.0,0.0,4.0,6.0,21.0,15,1.0,0.0,0.0,0.0,0.0,0.0,34.0,8.0,19.0,2,4,6,0.0,0.0,5.0,3.5,16.0,245.0,216.0,0.19047619047619047,0.7142857142857143,0.3333333333333333,,0.3448275862068966,0.13793103448275862,0.13793103448275862,0.0,0.13793103448275862,0.20689655172413793,0.7241379310344828,0.5172413793103449,0.034482758620689655,0.0,0.0,0.0,0.0,0.0,1.1724137931034482,0.27586206896551724,0.6551724137931034,0.06896551724137931,0.13793103448275862,0.20689655172413793,0.0,0.0,0.1724137931034483,0.1206896551724138,0.5517241379310345,8.448275862068966,7.448275862068965
002026,Brett Dobson,Brett,Dobson,G,Goalie,35,5,ARC,Archers,2022-08-06,2026-06-28,1.0,0.0,0.0,0.0,0.0,1.0,6.0,1,6.0,488.0,158.0,330.0,382.0,387.89797,72.0,16.0,12.0,0,0,0,353.0,29.0,2.0,2.0,5.0,542.0,520.0,0.0,0.16666666666666666,,0.5802615933412604,0.02857142857142857,0.0,0.0,0.0,0.0,0.02857142857142857,0.17142857142857143,0.02857142857142857,0.17142857142857143,13.942857142857143,4.514285714285714,9.428571428571429,10.914285714285715,11.082799142857143,2.057142857142857,0.45714285714285713,0.34285714285714286,0.0,0.0,0.0,10.085714285714285,0.8285714285714286,0.05714285714285714,0.05714285714285714,0.14285714285714285,15.485714285714286,14.857142857142858
002027,Brendan Curry,Brendan,Curry,M,Midfield,11,2,ATL,Atlas,2022-06-04,2023-08-19,10.0,6.0,6.0,0.0,6.0,4.0,28.0,16,0.0,0.0,0.0,0.0,0.0,0.0,6.0,6.0,0.0,0,0,0,0.0,0.0,0.0,0.0,14.0,120.0,86.0,0.21428571428571427,0.5714285714285714,,,0.9090909090909091,0.5454545454545454,0.5454545454545454,0.0,0.5454545454545454,0.36363636363636365,2.5454545454545454,1.4545454545454546,0.0,0.0,0.0,0.0,0.0,0.0,0.5454545454545454,0.5454545454545454,0.0,0.0,0.0,0.0,0.0,0.0,0.0,0.0,1.2727272727272727,10.909090909090908,7.818181818181818
002028,Jack Hannah,Jack,Hannah,M,Midfield,39,5,WAT,Waterdogs,2022-06-05,2026-06-28,70.0,56.0,50.0,3.0,53.0,14.0,245.0,146,23.0,0.0,0.0,0.0,0.0,0.0,49.0,46.0,3.0,0,0,0,0.0,0.0,8.0,5.5,63.0,783.0,492.0,0.2163265306122449,0.5959183673469388,,,1.794871794871795,1.435897435897436,1.2820512820512822,0.07692307692307693,1.358974358974359,0.358974358974359,6.282051282051282,3.7435897435897436,0.5897435897435898,0.0,0.0,0.0,0.0,0.0,1.2564102564102564,1.1794871794871795,0.07692307692307693,0.0,0.0,0.0,0.0,0.0,0.20512820512820512,0.14102564102564102,1.6153846153846154,20.076923076923077,12.615384615384615
002029,Wheaton Jackoboice,Wheaton,Jackoboice,M,Defensive Midfield,12,2,WHP,Whipsnakes,2022-06-18,2024-08-04,2.0,2.0,2.0,0.0,2.0,0.0,17.0,6,3.0,0.0,0.0,0.0,0.0,0.0,7.0,4.0,1.0,0,0,0,0.0,0.0,0.0,0.0,10.0,103.0,82.0,0.11764705882352941,0.35294117647058826,,,0.16666666666666666,0.16666666666666666,0.16666666666666666,0.0,0.16666666666666666,0.0,1.4166666666666667,0.5,0.25,0.0,0.0,0.0,0.0,0.0,0.5833333333333334,0.3333333333333333,0.08333333333333333,0.0,0.0,0.0,0.0,0.0,0.0,0.0,0.8333333333333334,8.583333333333334,6.833333333333333
002030,Jonathan Donville,Jonathan,Donville,M,Midfield,26,5,CAN|CHA|OUT,Cannons|Chaos|Outlaws,2022-06-04,2026-06-06,37.0,23.0,23.0,0.0,23.0,14.0,72.0,55,0.0,0.0,0.0,0.0,0.0,0.0,20.0,21.0,4.0,0,0,0,0.0,0.0,2.0,2.0,60.0,465.0,372.0,0.3194444444444444,0.7638888888888888,,,1.4230769230769231,0.8846153846153846,0.8846153846153846,0.0,0.8846153846153846,0.5384615384615384,2.769230769230769,2.1153846153846154,0.0,0.0,0.0,0.0,0.0,0.0,0.7692307692307693,0.8076923076923077,0.15384615384615385,0.0,0.0,0.0,0.0,0.0,0.07692307692307693,0.07692307692307693,2.3076923076923075,17.884615384615383,14.307692307692308
002031,Ryan McNulty,Ryan,McNulty,LSM,Long Stick Midfield,3,1,CHA,Chaos,2024-06-08,2024-08-04,0.0,0.0,0.0,0.0,0.0,0.0,0.0,0,0.0,0.0,0.0,0.0,0.0,0.0,6.0,0.0,1.0,0,0,0,0.0,0.0,0.0,0.0,2.0,9.0,9.0,,,,,0.0,0.0,0.0,0.0,0.0,0.0,0.0,0.0,0.0,0.0,0.0,0.0,0.0,0.0,2.0,0.0,0.3333333333333333,0.0,0.0,0.0,0.0,0.0,0.0,0.0,0.6666666666666666,3.0,3.0
002032,Justin Inacio,Justin,Inacio,FO,Faceoff,21,3,ARC|CHA,Archers|Chaos,2022-06-05,2026-06-28,5.0,4.0,4.0,0.0,4.0,1.0,20.0,8,1.0,0.0,0.0,0.0,0.0,0.0,136.0,13.0,2.0,245,246,494,0.0,0.0,4.0,2.0,4.0,129.0,96.0,0.2,0.4,0.4959514170040486,,0.23809523809523808,0.19047619047619047,0.19047619047619047,0.0,0.19047619047619047,0.047619047619047616,0.9523809523809523,0.38095238095238093,0.047619047619047616,0.0,0.0,0.0,0.0,0.0,6.476190476190476,0.6190476190476191,0.09523809523809523,11.666666666666666,11.714285714285714,23.523809523809526,0.0,0.0,0.19047619047619047,0.09523809523809523,0.19047619047619047,6.142857142857143,4.571428571428571
002033,Nakeie Montgomery,Nakeie,Montgomery,M,Midfield,29,4,RED|WAT,Redwoods|Waterdogs,2022-06-04,2026-05-17,22.0,13.0,9.0,2.0,11.0,9.0,72.0,46,13.0,0.0,0.0,0.0,0.0,0.0,33.0,19.0,5.0,0,1,1,0.0,0.0,1.0,1.0,30.0,339.0,248.0,0.1527777777777778,0.6388888888888888,0.0,,0.7586206896551724,0.4482758620689655,0.3103448275862069,0.06896551724137931,0.3793103448275862,0.3103448275862069,2.4827586206896552,1.5862068965517242,0.4482758620689655,0.0,0.0,0.0,0.0,0.0,1.1379310344827587,0.6551724137931034,0.1724137931034483,0.0,0.034482758620689655,0.034482758620689655,0.0,0.0,0.034482758620689655,0.034482758620689655,1.0344827586206897,11.689655172413794,8.551724137931034
002034,Keegan Khan,Keegan,Khan,M,Midfield,18,3,WHP,Whipsnakes,2022-06-24,2024-07-20,17.0,12.0,12.0,0.0,12.0,5.0,40.0,26,0.0,0.0,0.0,0.0,0.0,0.0,8.0,12.0,1.0,0,0,0,0.0,0.0,1.0,0.5,27.0,232.0,180.0,0.3,0.65,,,0.9444444444444444,0.6666666666666666,0.6666666666666666,0.0,0.6666666666666666,0.2777777777777778,2.2222222222222223,1.4444444444444444,0.0,0.0,0.0,0.0,0.0,0.0,0.4444444444444444,0.6666666666666666,0.05555555555555555,0.0,0.0,0.0,0.0,0.0,0.05555555555555555,0.027777777777777776,1.5,12.88888888888889,10.0
002035,Max Wayne,Max,Wayne,D,Defense,7,1,CAN,Cannons,2023-06-17,2023-08-26,0.0,0.0,0.0,0.0,0.0,0.0,0.0,0,0.0,0.0,0.0,0.0,0.0,0.0,22.0,3.0,7.0,0,0,0,0.0,0.0,4.0,3.5,0.0,44.0,41.0,,,,,0.0,0.0,0.0,0.0,0.0,0.0,0.0,0.0,0.0,0.0,0.0,0.0,0.0,0.0,3.142857142857143,0.42857142857142855,1.0,0.0,0.0,0.0,0.0,0.0,0.5714285714285714,0.5,0.0,6.285714285714286,5.857142857142857
002036,Jake Higgins,Jake,Higgins,SSDM,Defensive Midfield,17,2,WAT,Waterdogs,2022-06-12,2023-08-26,4.0,2.0,2.0,0.0,2.0,2.0,5.0,3,1.0,0.0,0.0,0.0,0.0,0.0,17.0,8.0,10.0,0,0,0,0.0,0.0,2.0,2.0,6.0,98.0,85.0,0.4,0.6,,,0.23529411764705882,0.11764705882352941,0.11764705882352941,0.0,0.11764705882352941,0.11764705882352941,0.29411764705882354,0.17647058823529413,0.058823529411764705,0.0,0.0,0.0,0.0,0.0,1.0,0.47058823529411764,0.5882352941176471,0.0,0.0,0.0,0.0,0.0,0.11764705882352941,0.11764705882352941,0.35294117647058826,5.764705882352941,5.0
002037,Bryan McIntosh,Bryan,McIntosh,D,Defense,3,1,CAN,Cannons,2022-06-05,2022-07-24,0.0,0.0,0.0,0.0,0.0,0.0,0.0,0,0.0,0.0,0.0,0.0,0.0,0.0,5.0,0.0,0.0,0,0,0,0.0,0.0,0.0,0.0,0.0,13.0,13.0,,,,,0.0,0.0,0.0,0.0,0.0,0.0,0.0,0.0,0.0,0.0,0.0,0.0,0.0,0.0,1.6666666666666667,0.0,0.0,0.0,0.0,0.0,0.0,0.0,0.0,0.0,0.0,4.333333333333333,4.333333333333333
002038,Colin Kirst,Colin,Kirst,G,Goalie,37,5,CAN,Cannons,2022-08-13,2026-06-28,1.0,0.0,0.0,0.0,0.0,1.0,3.0,2,3.0,452.0,155.0,297.0,430.0,448.13614,72.0,20.0,6.0,0,0,0,410.0,20.0,2.0,2.0,5.0,574.0,551.0,0.0,0.6666666666666666,,0.5243619489559165,0.02702702702702703,0.0,0.0,0.0,0.0,0.02702702702702703,0.08108108108108109,0.05405405405405406,0.08108108108108109,12.216216216216216,4.1891891891891895,8.027027027027026,11.621621621621621,12.111787567567568,1.945945945945946,0.5405405405405406,0.16216216216216217,0.0,0.0,0.0,11.08108108108108,0.5405405405405406,0.05405405405405406,0.05405405405405406,0.13513513513513514,15.513513513513514,14.891891891891891
002039,Owen McElroy,Owen,McElroy,G,Goalie,15,3,OUT,Outlaws,2023-06-17,2025-06-06,0.0,0.0,0.0,0.0,0.0,0.0,1.0,1,1.0,135.0,34.0,101.0,144.0,147.48739,29.0,4.0,1.0,0,0,0,137.0,7.0,0.0,0.0,1.0,168.0,163.0,0.0,1.0,,0.4963235294117647,0.0,0.0,0.0,0.0,0.0,0.0,0.06666666666666667,0.06666666666666667,0.06666666666666667,9.0,2.2666666666666666,6.733333333333333,9.6,9.832492666666667,1.9333333333333333,0.26666666666666666,0.06666666666666667,0.0,0.0,0.0,9.133333333333333,0.4666666666666667,0.0,0.0,0.06666666666666667,11.2,10.866666666666667
002040,Jackson Reid,Jackson,Reid,A,Attack,6,2,WHP,Whipsnakes,2022-06-04,2023-06-17,4.0,4.0,4.0,0.0,4.0,0.0,16.0,9,0.0,0.0,0.0,0.0,0.0,0.0,1.0,5.0,0.0,0,1,1,0.0,0.0,0.0,0.0,7.0,63.0,42.0,0.25,0.5625,0.0,,0.6666666666666666,0.6666666666666666,0.6666666666666666,0.0,0.6666666666666666,0.0,2.6666666666666665,1.5,0.0,0.0,0.0,0.0,0.0,0.0,0.16666666666666666,0.8333333333333334,0.0,0.0,0.16666666666666666,0.16666666666666666,0.0,0.0,0.0,0.0,1.1666666666666667,10.5,7.0
002041,Mitch Bartolo,Mitch,Bartolo,M,Midfield,1,1,RED,Redwoods,2022-07-31,2022-07-31,0.0,0.0,0.0,0.0,0.0,0.0,0.0,0,0.0,0.0,0.0,0.0,0.0,0.0,1.0,1.0,0.0,0,0,0,0.0,0.0,0.0,0.0,0.0,2.0,1.0,,,,,0.0,0.0,0.0,0.0,0.0,0.0,0.0,0.0,0.0,0.0,0.0,0.0,0.0,0.0,1.0,1.0,0.0,0.0,0.0,0.0,0.0,0.0,0.0,0.0,0.0,2.0,1.0
002042,Jon Robbins,Jon,Robbins,LSM,Long Stick Midfield,31,5,ARC|ATL,Archers|Atlas,2022-06-05,2026-06-21,2.0,2.0,2.0,0.0,2.0,0.0,8.0,4,1.0,0.0,0.0,0.0,0.0,0.0,40.0,7.0,24.0,0,0,0,0.0,0.0,1.0,2.0,4.0,92.0,77.0,0.25,0.5,,,0.06451612903225806,0.06451612903225806,0.06451612903225806,0.0,0.06451612903225806,0.0,0.25806451612903225,0.12903225806451613,0.03225806451612903,0.0,0.0,0.0,0.0,0.0,1.2903225806451613,0.22580645161290322,0.7741935483870968,0.0,0.0,0.0,0.0,0.0,0.03225806451612903,0.06451612903225806,0.12903225806451613,2.967741935483871,2.4838709677419355
002043,Ryan Aughavin,Ryan,Aughavin,M,Midfield,12,3,ARC,Archers,2022-06-18,2024-08-18,10.0,8.0,2.0,3.0,5.0,2.0,31.0,20,10.0,0.0,0.0,0.0,0.0,0.0,6.0,4.0,1.0,0,0,0,0.0,0.0,0.0,0.0,6.0,117.0,82.0,0.16129032258064516,0.6451612903225806,,,0.8333333333333334,0.6666666666666666,0.16666666666666666,0.25,0.4166666666666667,0.16666666666666666,2.5833333333333335,1.6666666666666667,0.8333333333333334,0.0,0.0,0.0,0.0,0.0,0.5,0.3333333333333333,0.08333333333333333,0.0,0.0,0.0,0.0,0.0,0.0,0.0,0.5,9.75,6.833333333333333
002046,Kevin Lindley,Kevin,Lindley,A,Attack,2,1,CHA,Chaos,2023-06-17,2023-08-20,1.0,1.0,1.0,0.0,1.0,0.0,4.0,2,0.0,0.0,0.0,0.0,0.0,0.0,2.0,1.0,0.0,0,0,0,0.0,0.0,0.0,0.0,4.0,22.0,17.0,0.25,0.5,,,0.5,0.5,0.5,0.0,0.5,0.0,2.0,1.0,0.0,0.0,0.0,0.0,0.0,0.0,1.0,0.5,0.0,0.0,0.0,0.0,0.0,0.0,0.0,0.0,2.0,11.0,8.5
002047,Frankie Labetti,Frankie,Labetti,FO,Faceoff,2,1,ARC,Archers,2022-06-11,2022-06-18,1.0,1.0,1.0,0.0,1.0,0.0,3.0,1,0.0,0.0,0.0,0.0,0.0,0.0,9.0,1.0,1.0,19,32,51,0.0,0.0,1.0,0.5,2.0,8.0,4.0,0.3333333333333333,0.3333333333333333,0.37254901960784315,,0.5,0.5,0.5,0.0,0.5,0.0,1.5,0.5,0.0,0.0,0.0,0.0,0.0,0.0,4.5,0.5,0.5,9.5,16.0,25.5,0.0,0.0,0.5,0.25,1.0,4.0,2.0
002049,Marc O'Rourke,Marc,O'Rourke,M,Midfield,5,1,ATL,Atlas,2023-06-03,2023-08-12,4.0,2.0,2.0,0.0,2.0,2.0,14.0,8,2.0,0.0,0.0,0.0,0.0,0.0,1.0,4.0,0.0,0,0,0,0.0,0.0,0.0,0.0,4.0,66.0,48.0,0.14285714285714285,0.5714285714285714,,,0.8,0.4,0.4,0.0,0.4,0.4,2.8,1.6,0.4,0.0,0.0,0.0,0.0,0.0,0.2,0.8,0.0,0.0,0.0,0.0,0.0,0.0,0.0,0.0,0.8,13.2,9.6
002051,Connor DeSimone,Connor,DeSimone,A,Attack,7,2,ARC,Archers,2022-06-05,2023-06-09,13.0,8.0,8.0,0.0,8.0,5.0,19.0,15,1.0,0.0,0.0,0.0,0.0,0.0,4.0,10.0,2.0,0,0,0,0.0,0.0,0.0,0.0,10.0,158.0,129.0,0.42105263157894735,0.7894736842105263,,,1.8571428571428572,1.1428571428571428,1.1428571428571428,0.0,1.1428571428571428,0.7142857142857143,2.7142857142857144,2.142857142857143,0.14285714285714285,0.0,0.0,0.0,0.0,0.0,0.5714285714285714,1.4285714285714286,0.2857142857142857,0.0,0.0,0.0,0.0,0.0,0.0,0.0,1.4285714285714286,22.571428571428573,18.428571428571427
002054,Chris Merle,Chris,Merle,SSDM,Defensive Midfield,25,4,RED,Redwoods,2023-06-03,2026-06-28,4.0,4.0,4.0,0.0,4.0,0.0,13.0,9,2.0,0.0,0.0,0.0,0.0,0.0,36.0,8.0,19.0,1,1,2,0.0,0.0,7.0,4.5,2.0,147.0,126.0,0.3076923076923077,0.6923076923076923,0.5,,0.16,0.16,0.16,0.0,0.16,0.0,0.52,0.36,0.08,0.0,0.0,0.0,0.0,0.0,1.44,0.32,0.76,0.04,0.04,0.08,0.0,0.0,0.28,0.18,0.08,5.88,5.04
002055,Jakob Phaup,Jakob,Phaup,FO,Faceoff,1,1,ATL,Atlas,2022-07-23,2022-07-23,0.0,0.0,0.0,0.0,0.0,0.0,0.0,0,0.0,0.0,0.0,0.0,0.0,0.0,5.0,1.0,0.0,11,18,29,0.0,0.0,0.0,0.0,0.0,5.0,4.0,,,0.3793103448275862,,0.0,0.0,0.0,0.0,0.0,0.0,0.0,0.0,0.0,0.0,0.0,0.0,0.0,0.0,5.0,1.0,0.0,11.0,18.0,29.0,0.0,0.0,0.0,0.0,0.0,5.0,4.0
002056,Matt Rahill,Matt,Rahill,D,Defense,6,2,CAN|WHP,Cannons|Whipsnakes,2022-06-18,2023-07-14,0.0,0.0,0.0,0.0,0.0,0.0,1.0,1,1.0,0.0,0.0,0.0,0.0,0.0,10.0,2.0,1.0,0,0,0,0.0,0.0,1.0,0.5,0.0,29.0,26.0,0.0,1.0,,,0.0,0.0,0.0,0.0,0.0,0.0,0.16666666666666666,0.16666666666666666,0.16666666666666666,0.0,0.0,0.0,0.0,0.0,1.6666666666666667,0.3333333333333333,0.16666666666666666,0.0,0.0,0.0,0.0,0.0,0.16666666666666666,0.08333333333333333,0.0,4.833333333333333,4.333333333333333
002059,Brendan Krebs,Brendan,Krebs,G,Goalie,18,3,WHP,Whipsnakes,2023-07-30,2025-06-22,0.0,0.0,0.0,0.0,0.0,0.0,1.0,0,0.0,206.0,74.0,132.0,196.0,201.07808,48.0,9.0,6.0,0,0,0,185.0,11.0,0.0,0.0,2.0,274.0,264.0,0.0,0.0,,0.5268542199488491,0.0,0.0,0.0,0.0,0.0,0.0,0.05555555555555555,0.0,0.0,11.444444444444445,4.111111111111111,7.333333333333333,10.88888888888889,11.171004444444444,2.6666666666666665,0.5,0.3333333333333333,0.0,0.0,0.0,10.277777777777779,0.6111111111111112,0.0,0.0,0.1111111111111111,15.222222222222221,14.666666666666666
002062,Ryan Hallenbeck,Ryan,Hallenbeck,SSDM,Defensive Midfield,4,1,RED,Redwoods,2022-06-04,2022-06-24,0.0,0.0,0.0,0.0,0.0,0.0,2.0,2,1.0,0.0,0.0,0.0,0.0,0.0,2.0,0.0,1.0,0,0,0,0.0,0.0,2.0,1.5,0.0,20.0,18.0,0.0,1.0,,,0.0,0.0,0.0,0.0,0.0,0.0,0.5,0.5,0.25,0.0,0.0,0.0,0.0,0.0,0.5,0.0,0.25,0.0,0.0,0.0,0.0,0.0,0.5,0.375,0.0,5.0,4.5
002063,Ryan Kennedy,Ryan,Kennedy,LSM,Long Stick Midfield,13,3,RED,Redwoods,2022-06-10,2024-08-03,1.0,1.0,1.0,0.0,1.0,0.0,3.0,3,1.0,0.0,0.0,0.0,0.0,0.0,14.0,3.0,3.0,0,4,4,0.0,0.0,0.0,0.0,2.0,41.0,35.0,0.3333333333333333,1.0,0.0,,0.07692307692307693,0.07692307692307693,0.07692307692307693,0.0,0.07692307692307693,0.0,0.23076923076923078,0.23076923076923078,0.07692307692307693,0.0,0.0,0.0,0.0,0.0,1.0769230769230769,0.23076923076923078,0.23076923076923078,0.0,0.3076923076923077,0.3076923076923077,0.0,0.0,0.0,0.0,0.15384615384615385,3.1538461538461537,2.6923076923076925
002064,Joe Robertson,Joe,Robertson,A,Attack,4,1,RED,Redwoods,2022-06-10,2022-07-31,2.0,1.0,1.0,0.0,1.0,1.0,9.0,6,0.0,0.0,0.0,0.0,0.0,0.0,2.0,4.0,0.0,0,0,0,0.0,0.0,0.0,0.0,1.0,27.0,14.0,0.1111111111111111,0.6666666666666666,,,0.5,0.25,0.25,0.0,0.25,0.25,2.25,1.5,0.0,0.0,0.0,0.0,0.0,0.0,0.5,1.0,0.0,0.0,0.0,0.0,0.0,0.0,0.0,0.0,0.25,6.75,3.5
002065,Anthony DeMaio,Anthony,DeMaio,M,Midfield,5,2,RED,Redwoods,2022-08-06,2023-07-15,1.0,1.0,1.0,0.0,1.0,0.0,13.0,8,1.0,0.0,0.0,0.0,0.0,0.0,2.0,0.0,0.0,0,0,0,0.0,0.0,0.0,0.0,4.0,54.0,41.0,0.07692307692307693,0.6153846153846154,,,0.2,0.2,0.2,0.0,0.2,0.0,2.6,1.6,0.2,0.0,0.0,0.0,0.0,0.0,0.4,0.0,0.0,0.0,0.0,0.0,0.0,0.0,0.0,0.0,0.8,10.8,8.2
002067,Zac Tucci,Zac,Tucci,FO,Faceoff,27,5,CAN|WAT,Cannons|Waterdogs,2022-06-17,2026-05-29,12.0,11.0,5.0,3.0,8.0,1.0,43.0,22,16.0,0.0,0.0,0.0,0.0,0.0,147.0,16.0,4.0,301,356,662,0.0,0.0,8.0,6.5,6.0,140.0,81.0,0.18604651162790697,0.5116279069767442,0.45468277945619334,,0.4444444444444444,0.4074074074074074,0.18518518518518517,0.1111111111111111,0.2962962962962963,0.037037037037037035,1.5925925925925926,0.8148148148148148,0.5925925925925926,0.0,0.0,0.0,0.0,0.0,5.444444444444445,0.5925925925925926,0.14814814814814814,11.148148148148149,13.185185185185185,24.51851851851852,0.0,0.0,0.2962962962962963,0.24074074074074073,0.2222222222222222,5.185185185185185,3.0
002072,Brennan Kamish,Brennan,Kamish,SSDM,Defensive Midfield,5,1,WHP,Whipsnakes,2022-06-04,2022-07-03,0.0,0.0,0.0,0.0,0.0,0.0,1.0,0,0.0,0.0,0.0,0.0,0.0,0.0,8.0,0.0,4.0,0,0,0,0.0,0.0,0.0,0.0,2.0,32.0,31.0,0.0,0.0,,,0.0,0.0,0.0,0.0,0.0,0.0,0.2,0.0,0.0,0.0,0.0,0.0,0.0,0.0,1.6,0.0,0.8,0.0,0.0,0.0,0.0,0.0,0.0,0.0,0.4,6.4,6.2
002074,Alexander Smith,Alexander,Smith,SSDM,Defensive Midfield,27,4,OUT,Outlaws,2023-06-04,2026-06-06,1.0,0.0,0.0,0.0,0.0,1.0,2.0,1,1.0,0.0,0.0,0.0,0.0,0.0,26.0,6.0,11.0,0,3,3,0.0,0.0,5.0,2.5,3.0,127.0,119.0,0.0,0.5,0.0,,0.037037037037037035,0.0,0.0,0.0,0.0,0.037037037037037035,0.07407407407407407,0.037037037037037035,0.037037037037037035,0.0,0.0,0.0,0.0,0.0,0.9629629629629629,0.2222222222222222,0.4074074074074074,0.0,0.1111111111111111,0.1111111111111111,0.0,0.0,0.18518518518518517,0.09259259259259259,0.1111111111111111,4.703703703703703,4.407407407407407
003003,Sean Lulley,Sean,Lulley,M,Midfield,1,1,WHP,Whipsnakes,2023-06-04,2023-06-04,0.0,0.0,0.0,0.0,0.0,0.0,5.0,4,0.0,0.0,0.0,0.0,0.0,0.0,2.0,2.0,0.0,0,0,0,0.0,0.0,0.0,0.0,5.0,31.0,24.0,0.0,0.8,,,0.0,0.0,0.0,0.0,0.0,0.0,5.0,4.0,0.0,0.0,0.0,0.0,0.0,0.0,2.0,2.0,0.0,0.0,0.0,0.0,0.0,0.0,0.0,0.0,5.0,31.0,24.0
003004,Mike Sisselberger,Mike,Sisselberger,FO,Faceoff,31,4,ARC,Archers,2023-06-03,2026-06-28,8.0,5.0,5.0,0.0,5.0,3.0,29.0,16,2.0,0.0,0.0,0.0,0.0,0.0,274.0,42.0,2.0,429,302,739,0.0,0.0,2.0,2.5,9.0,248.0,177.0,0.1724137931034483,0.5517241379310345,0.5805142083897158,,0.25806451612903225,0.16129032258064516,0.16129032258064516,0.0,0.16129032258064516,0.0967741935483871,0.9354838709677419,0.5161290322580645,0.06451612903225806,0.0,0.0,0.0,0.0,0.0,8.838709677419354,1.3548387096774193,0.06451612903225806,13.838709677419354,9.741935483870968,23.838709677419356,0.0,0.0,0.06451612903225806,0.08064516129032258,0.2903225806451613,8.0,5.709677419354839
003005,Connor Maher,Connor,Maher,SSDM,Defensive Midfield,36,4,ARC,Archers,2023-06-03,2026-06-28,9.0,6.0,6.0,0.0,6.0,3.0,17.0,13,3.0,0.0,0.0,0.0,0.0,0.0,43.0,10.0,13.0,1,13,14,0.0,0.0,3.0,2.0,12.0,211.0,184.0,0.35294117647058826,0.7647058823529411,0.07142857142857142,,0.25,0.16666666666666666,0.16666666666666666,0.0,0.16666666666666666,0.08333333333333333,0.4722222222222222,0.3611111111111111,0.08333333333333333,0.0,0.0,0.0,0.0,0.0,1.1944444444444444,0.2777777777777778,0.3611111111111111,0.027777777777777776,0.3611111111111111,0.3888888888888889,0.0,0.0,0.08333333333333333,0.05555555555555555,0.3333333333333333,5.861111111111111,5.111111111111111
003006,Piper Bond,Piper,Bond,SSDM,Defensive Midfield,36,4,ARC,Archers,2023-06-03,2026-06-28,12.0,7.0,5.0,1.0,6.0,5.0,27.0,16,4.0,0.0,0.0,0.0,0.0,0.0,61.0,26.0,17.0,2,15,17,0.0,0.0,16.0,10.0,23.0,382.0,329.0,0.2222222222222222,0.5925925925925926,0.11764705882352941,,0.3333333333333333,0.19444444444444445,0.1388888888888889,0.027777777777777776,0.16666666666666666,0.1388888888888889,0.75,0.4444444444444444,0.1111111111111111,0.0,0.0,0.0,0.0,0.0,1.6944444444444444,0.7222222222222222,0.4722222222222222,0.05555555555555555,0.4166666666666667,0.4722222222222222,0.0,0.0,0.4444444444444444,0.2777777777777778,0.6388888888888888,10.61111111111111,9.13888888888889
003007,Cam Wyers,Cam,Wyers,D,Defense,28,4,ARC,Archers,2023-07-30,2026-06-28,5.0,3.0,3.0,0.0,3.0,2.0,10.0,6,3.0,0.0,0.0,0.0,0.0,0.0,35.0,9.0,15.0,0,0,0,0.0,0.0,9.0,9.0,5.0,94.0,75.0,0.3,0.6,,,0.17857142857142858,0.10714285714285714,0.10714285714285714,0.0,0.10714285714285714,0.07142857142857142,0.35714285714285715,0.21428571428571427,0.10714285714285714,0.0,0.0,0.0,0.0,0.0,1.25,0.32142857142857145,0.5357142857142857,0.0,0.0,0.0,0.0,0.0,0.32142857142857145,0.32142857142857145,0.17857142857142858,3.357142857142857,2.6785714285714284
003008,Gavin Adler,Gavin,Adler,D,Defense,31,4,ATL|WAT,Atlas|Waterdogs,2023-06-03,2026-06-28,1.0,1.0,1.0,0.0,1.0,0.0,1.0,1,0.0,0.0,0.0,0.0,0.0,0.0,43.0,8.0,45.0,0,0,0,0.0,0.0,2.0,1.0,0.0,187.0,178.0,1.0,1.0,,,0.03225806451612903,0.03225806451612903,0.03225806451612903,0.0,0.03225806451612903,0.0,0.03225806451612903,0.03225806451612903,0.0,0.0,0.0,0.0,0.0,0.0,1.3870967741935485,0.25806451612903225,1.4516129032258065,0.0,0.0,0.0,0.0,0.0,0.06451612903225806,0.03225806451612903,0.0,6.032258064516129,5.741935483870968
003009,Brett Makar,Brett,Makar,D,Defense,35,4,ATL,Atlas,2023-06-03,2026-06-21,8.0,3.0,1.0,1.0,2.0,5.0,13.0,5,9.0,0.0,0.0,0.0,0.0,0.0,108.0,20.0,34.0,0,0,0,0.0,0.0,7.0,5.5,12.0,326.0,293.0,0.15384615384615385,0.38461538461538464,,,0.22857142857142856,0.08571428571428572,0.02857142857142857,0.02857142857142857,0.05714285714285714,0.14285714285714285,0.37142857142857144,0.14285714285714285,0.2571428571428571,0.0,0.0,0.0,0.0,0.0,3.085714285714286,0.5714285714285714,0.9714285714285714,0.0,0.0,0.0,0.0,0.0,0.2,0.15714285714285714,0.34285714285714286,9.314285714285715,8.371428571428572
003010,Xander Dickson,Xander,Dickson,A,Attack,36,4,ATL,Atlas,2023-06-03,2026-06-21,88.0,71.0,71.0,0.0,71.0,17.0,185.0,131,2.0,0.0,0.0,0.0,0.0,0.0,61.0,44.0,12.0,0,0,0,0.0,0.0,8.0,5.0,65.0,669.0,440.0,0.3837837837837838,0.7081081081081081,,,2.4444444444444446,1.9722222222222223,1.9722222222222223,0.0,1.9722222222222223,0.4722222222222222,5.138888888888889,3.638888888888889,0.05555555555555555,0.0,0.0,0.0,0.0,0.0,1.6944444444444444,1.2222222222222223,0.3333333333333333,0.0,0.0,0.0,0.0,0.0,0.2222222222222222,0.1388888888888889,1.8055555555555556,18.583333333333332,12.222222222222221
003011,Payton Rezanka,Payton,Rezanka,SSDM,Defensive Midfield,13,2,ATL,Atlas,2024-06-01,2025-06-14,2.0,2.0,2.0,0.0,2.0,0.0,6.0,4,0.0,0.0,0.0,0.0,0.0,0.0,5.0,1.0,6.0,0,2,2,0.0,0.0,3.0,2.0,2.0,48.0,41.0,0.3333333333333333,0.6666666666666666,0.0,,0.15384615384615385,0.15384615384615385,0.15384615384615385,0.0,0.15384615384615385,0.0,0.46153846153846156,0.3076923076923077,0.0,0.0,0.0,0.0,0.0,0.0,0.38461538461538464,0.07692307692307693,0.46153846153846156,0.0,0.15384615384615385,0.15384615384615385,0.0,0.0,0.23076923076923078,0.15384615384615385,0.15384615384615385,3.6923076923076925,3.1538461538461537
003013,Matt Campbell,Matt,Campbell,M,Midfield,34,4,CAN,Cannons,2023-06-03,2026-06-07,77.0,58.0,40.0,9.0,49.0,19.0,179.0,114,42.0,0.0,0.0,0.0,0.0,0.0,31.0,28.0,0.0,0,0,0,0.0,0.0,1.0,0.5,75.0,896.0,689.0,0.2737430167597765,0.6368715083798883,,,2.264705882352941,1.7058823529411764,1.1764705882352942,0.2647058823529412,1.4411764705882353,0.5588235294117647,5.264705882352941,3.3529411764705883,1.2352941176470589,0.0,0.0,0.0,0.0,0.0,0.9117647058823529,0.8235294117647058,0.0,0.0,0.0,0.0,0.0,0.0,0.029411764705882353,0.014705882352941176,2.2058823529411766,26.352941176470587,20.264705882352942
003015,Will Bowen,Will,Bowen,D,Defense,19,2,CHA,Chaos,2023-06-04,2024-08-17,3.0,1.0,1.0,0.0,1.0,2.0,3.0,1,1.0,0.0,0.0,0.0,0.0,0.0,43.0,6.0,19.0,0,0,0,0.0,0.0,3.0,3.0,3.0,137.0,128.0,0.3333333333333333,0.3333333333333333,,,0.15789473684210525,0.05263157894736842,0.05263157894736842,0.0,0.05263157894736842,0.10526315789473684,0.15789473684210525,0.05263157894736842,0.05263157894736842,0.0,0.0,0.0,0.0,0.0,2.263157894736842,0.3157894736842105,1.0,0.0,0.0,0.0,0.0,0.0,0.15789473684210525,0.15789473684210525,0.15789473684210525,7.2105263157894735,6.7368421052631575
003016,Brian Minicus,Brian,Minicus,A,Attack,20,2,CHA,Chaos,2023-06-04,2024-08-17,34.0,21.0,21.0,0.0,21.0,13.0,89.0,53,1.0,0.0,0.0,0.0,0.0,0.0,31.0,36.0,2.0,0,0,0,0.0,0.0,1.0,1.0,67.0,514.0,389.0,0.23595505617977527,0.5955056179775281,,,1.7,1.05,1.05,0.0,1.05,0.65,4.45,2.65,0.05,0.0,0.0,0.0,0.0,0.0,1.55,1.8,0.1,0.0,0.0,0.0,0.0,0.0,0.05,0.05,3.35,25.7,19.45
003017,Tye Kurtz,Tye,Kurtz,A,Attack,15,3,CAN|CHA,Cannons|Chaos,2023-07-09,2026-06-19,26.0,21.0,19.0,1.0,20.0,5.0,61.0,41,1.0,0.0,0.0,0.0,0.0,0.0,21.0,20.0,3.0,0,0,0,0.0,0.0,1.0,0.5,22.0,302.0,221.0,0.32786885245901637,0.6721311475409836,,,1.7333333333333334,1.4,1.2666666666666666,0.06666666666666667,1.3333333333333333,0.3333333333333333,4.066666666666666,2.7333333333333334,0.06666666666666667,0.0,0.0,0.0,0.0,0.0,1.4,1.3333333333333333,0.2,0.0,0.0,0.0,0.0,0.0,0.06666666666666667,0.03333333333333333,1.4666666666666666,20.133333333333333,14.733333333333333
003018,Nick Rowlett,Nick,Rowlett,FO,Faceoff,21,3,CHA,Chaos,2023-06-04,2025-06-07,5.0,3.0,3.0,0.0,3.0,2.0,19.0,11,0.0,0.0,0.0,0.0,0.0,0.0,142.0,19.0,5.0,217,278,500,0.0,0.0,3.0,1.5,10.0,144.0,106.0,0.15789473684210525,0.5789473684210527,0.434,,0.23809523809523808,0.14285714285714285,0.14285714285714285,0.0,0.14285714285714285,0.09523809523809523,0.9047619047619048,0.5238095238095238,0.0,0.0,0.0,0.0,0.0,0.0,6.761904761904762,0.9047619047619048,0.23809523809523808,10.333333333333334,13.238095238095237,23.80952380952381,0.0,0.0,0.14285714285714285,0.07142857142857142,0.47619047619047616,6.857142857142857,5.0476190476190474
003019,Sam Handley,Sam,Handley,M,Midfield,23,3,OUT|RED,Outlaws|Redwoods,2023-06-04,2025-07-12,35.0,25.0,19.0,3.0,22.0,10.0,109.0,67,24.0,0.0,0.0,0.0,0.0,0.0,13.0,31.0,1.0,0,0,0,0.0,0.0,1.0,0.5,45.0,459.0,319.0,0.2018348623853211,0.6146788990825688,,,1.5217391304347827,1.0869565217391304,0.8260869565217391,0.13043478260869565,0.9565217391304348,0.43478260869565216,4.739130434782608,2.9130434782608696,1.0434782608695652,0.0,0.0,0.0,0.0,0.0,0.5652173913043478,1.3478260869565217,0.043478260869565216,0.0,0.0,0.0,0.0,0.0,0.043478260869565216,0.021739130434782608,1.9565217391304348,19.956521739130434,13.869565217391305
003020,Troy Hettinger,Troy,Hettinger,LSM,Long Stick Midfield,5,1,OUT,Outlaws,2023-06-17,2023-08-27,0.0,0.0,0.0,0.0,0.0,0.0,1.0,0,0.0,0.0,0.0,0.0,0.0,0.0,9.0,0.0,1.0,1,17,18,0.0,0.0,0.0,0.0,1.0,14.0,13.0,0.0,0.0,0.05555555555555555,,0.0,0.0,0.0,0.0,0.0,0.0,0.2,0.0,0.0,0.0,0.0,0.0,0.0,0.0,1.8,0.0,0.2,0.2,3.4,3.6,0.0,0.0,0.0,0.0,0.2,2.8,2.6
003021,Jack Myers,Jack,Myers,A,Attack,4,2,OUT|WHP,Outlaws|Whipsnakes,2023-07-09,2024-06-08,6.0,4.0,4.0,0.0,4.0,2.0,14.0,10,0.0,0.0,0.0,0.0,0.0,0.0,2.0,4.0,0.0,0,0,0,0.0,0.0,0.0,0.0,13.0,101.0,83.0,0.2857142857142857,0.7142857142857143,,,1.5,1.0,1.0,0.0,1.0,0.5,3.5,2.5,0.0,0.0,0.0,0.0,0.0,0.0,0.5,1.0,0.0,0.0,0.0,0.0,0.0,0.0,0.0,0.0,3.25,25.25,20.75
003022,Cross Ferrara,Cross,Ferrara,M,Midfield,24,3,CHA|OUT,Chaos|Outlaws,2023-06-04,2025-07-26,30.0,25.0,23.0,1.0,24.0,5.0,112.0,68,8.0,0.0,0.0,0.0,0.0,0.0,12.0,20.0,1.0,0,0,0,0.0,0.0,0.0,0.0,34.0,488.0,356.0,0.21428571428571427,0.6071428571428571,,,1.25,1.0416666666666667,0.9583333333333334,0.041666666666666664,1.0,0.20833333333333334,4.666666666666667,2.8333333333333335,0.3333333333333333,0.0,0.0,0.0,0.0,0.0,0.5,0.8333333333333334,0.041666666666666664,0.0,0.0,0.0,0.0,0.0,0.0,0.0,1.4166666666666667,20.333333333333332,14.833333333333334
003023,Owen Grant,Owen,Grant,LSM,Long Stick Midfield,19,3,CAN|RED,Cannons|Redwoods,2023-06-17,2026-06-28,8.0,5.0,1.0,2.0,3.0,3.0,21.0,12,15.0,0.0,0.0,0.0,0.0,0.0,24.0,4.0,19.0,0,3,3,0.0,0.0,6.0,5.0,6.0,125.0,100.0,0.14285714285714285,0.5714285714285714,0.0,,0.42105263157894735,0.2631578947368421,0.05263157894736842,0.10526315789473684,0.15789473684210525,0.15789473684210525,1.105263157894737,0.631578947368421,0.7894736842105263,0.0,0.0,0.0,0.0,0.0,1.263157894736842,0.21052631578947367,1.0,0.0,0.15789473684210525,0.15789473684210525,0.0,0.0,0.3157894736842105,0.2631578947368421,0.3157894736842105,6.578947368421052,5.2631578947368425
003024,Brian Tevlin,Brian,Tevlin,SSDM,Defensive Midfield,33,4,RED,Redwoods,2023-06-17,2026-06-28,12.0,7.0,7.0,0.0,7.0,5.0,43.0,17,6.0,0.0,0.0,0.0,0.0,0.0,81.0,16.0,35.0,3,14,17,0.0,0.0,8.0,5.5,19.0,373.0,314.0,0.16279069767441862,0.3953488372093023,0.17647058823529413,,0.36363636363636365,0.21212121212121213,0.21212121212121213,0.0,0.21212121212121213,0.15151515151515152,1.303030303030303,0.5151515151515151,0.18181818181818182,0.0,0.0,0.0,0.0,0.0,2.4545454545454546,0.48484848484848486,1.0606060606060606,0.09090909090909091,0.42424242424242425,0.5151515151515151,0.0,0.0,0.24242424242424243,0.16666666666666666,0.5757575757575758,11.303030303030303,9.515151515151516
003025,Cole Kirst,Cole,Kirst,M,Midfield,15,3,RED,Redwoods,2023-06-10,2025-07-18,27.0,18.0,18.0,0.0,18.0,9.0,56.0,44,2.0,0.0,0.0,0.0,0.0,0.0,14.0,9.0,0.0,0,0,0,0.0,0.0,1.0,1.0,25.0,264.0,199.0,0.32142857142857145,0.7857142857142857,,,1.8,1.2,1.2,0.0,1.2,0.6,3.7333333333333334,2.933333333333333,0.13333333333333333,0.0,0.0,0.0,0.0,0.0,0.9333333333333333,0.6,0.0,0.0,0.0,0.0,0.0,0.0,0.06666666666666667,0.06666666666666667,1.6666666666666667,17.6,13.266666666666667
003027,Thomas McConvey,Thomas,McConvey,M,Midfield,20,4,WAT,Waterdogs,2023-07-08,2026-06-07,26.0,20.0,20.0,0.0,20.0,6.0,53.0,36,1.0,0.0,0.0,0.0,0.0,0.0,13.0,9.0,4.0,0,0,0,0.0,0.0,0.0,0.0,26.0,320.0,258.0,0.37735849056603776,0.6792452830188679,,,1.3,1.0,1.0,0.0,1.0,0.3,2.65,1.8,0.05,0.0,0.0,0.0,0.0,0.0,0.65,0.45,0.2,0.0,0.0,0.0,0.0,0.0,0.0,0.0,1.3,16.0,12.9
003028,Alex Mazzone,Alex,Mazzone,LSM,Long Stick Midfield,17,3,WAT|WHP,Waterdogs|Whipsnakes,2023-06-04,2025-07-26,0.0,0.0,0.0,0.0,0.0,0.0,5.0,1,4.0,0.0,0.0,0.0,0.0,0.0,33.0,4.0,7.0,0,0,0,0.0,0.0,0.0,0.0,5.0,71.0,62.0,0.0,0.2,,,0.0,0.0,0.0,0.0,0.0,0.0,0.29411764705882354,0.058823529411764705,0.23529411764705882,0.0,0.0,0.0,0.0,0.0,1.9411764705882353,0.23529411764705882,0.4117647058823529,0.0,0.0,0.0,0.0,0.0,0.0,0.0,0.29411764705882354,4.176470588235294,3.6470588235294117
003029,Chris Fake,Chris,Fake,D,Defense,24,4,RED|WAT,Redwoods|Waterdogs,2023-06-16,2026-06-06,2.0,2.0,0.0,1.0,1.0,0.0,9.0,4,8.0,0.0,0.0,0.0,0.0,0.0,32.0,9.0,9.0,0,0,0,0.0,0.0,3.0,4.0,6.0,167.0,149.0,0.1111111111111111,0.4444444444444444,,,0.08333333333333333,0.08333333333333333,0.0,0.041666666666666664,0.041666666666666664,0.0,0.375,0.16666666666666666,0.3333333333333333,0.0,0.0,0.0,0.0,0.0,1.3333333333333333,0.375,0.375,0.0,0.0,0.0,0.0,0.0,0.125,0.16666666666666666,0.25,6.958333333333333,6.208333333333333
003030,James Reilly,James,Reilly,FO,Faceoff,3,2,CHA|WAT,Chaos|Waterdogs,2023-06-10,2024-08-17,0.0,0.0,0.0,0.0,0.0,0.0,0.0,0,0.0,0.0,0.0,0.0,0.0,0.0,9.0,1.0,0.0,26,35,61,0.0,0.0,0.0,0.0,0.0,10.0,9.0,,,0.4262295081967213,,0.0,0.0,0.0,0.0,0.0,0.0,0.0,0.0,0.0,0.0,0.0,0.0,0.0,0.0,3.0,0.3333333333333333,0.0,8.666666666666666,11.666666666666666,20.333333333333332,0.0,0.0,0.0,0.0,0.0,3.3333333333333335,3.0
003031,Tucker Dordevic,Tucker,Dordevic,M,Midfield,14,2,WHP,Whipsnakes,2023-06-04,2024-08-04,36.0,34.0,18.0,8.0,26.0,2.0,87.0,54,18.0,0.0,0.0,0.0,0.0,0.0,15.0,11.0,0.0,0,0,0,0.0,0.0,0.0,0.0,14.0,314.0,216.0,0.2988505747126437,0.6206896551724138,,,2.5714285714285716,2.4285714285714284,1.2857142857142858,0.5714285714285714,1.8571428571428572,0.14285714285714285,6.214285714285714,3.857142857142857,1.2857142857142858,0.0,0.0,0.0,0.0,0.0,1.0714285714285714,0.7857142857142857,0.0,0.0,0.0,0.0,0.0,0.0,0.0,0.0,1.0,22.428571428571427,15.428571428571429
003032,Petey LaSalla,Petey,LaSalla,FO,Faceoff,17,3,WHP,Whipsnakes,2023-06-04,2026-06-27,7.0,7.0,7.0,0.0,7.0,0.0,14.0,10,1.0,0.0,0.0,0.0,0.0,0.0,149.0,20.0,1.0,228,187,418,0.0,0.0,0.0,0.0,13.0,154.0,120.0,0.5,0.7142857142857143,0.5454545454545454,,0.4117647058823529,0.4117647058823529,0.4117647058823529,0.0,0.4117647058823529,0.0,0.8235294117647058,0.5882352941176471,0.058823529411764705,0.0,0.0,0.0,0.0,0.0,8.764705882352942,1.1764705882352942,0.058823529411764705,13.411764705882353,11.0,24.58823529411765,0.0,0.0,0.0,0.0,0.7647058823529411,9.058823529411764,7.0588235294117645
003033,Garrett Leadmon,Garrett,Leadmon,M,Midfield,8,2,WHP,Whipsnakes,2023-06-04,2024-06-16,5.0,4.0,2.0,1.0,3.0,1.0,25.0,14,5.0,0.0,0.0,0.0,0.0,0.0,4.0,9.0,0.0,0,0,0,0.0,0.0,0.0,0.0,12.0,110.0,76.0,0.12,0.56,,,0.625,0.5,0.25,0.125,0.375,0.125,3.125,1.75,0.625,0.0,0.0,0.0,0.0,0.0,0.5,1.125,0.0,0.0,0.0,0.0,0.0,0.0,0.0,0.0,1.5,13.75,9.5
003039,Chet Comizio,Chet,Comizio,SSDM,Defensive Midfield,27,4,ATL,Atlas,2023-06-10,2026-05-09,6.0,4.0,4.0,0.0,4.0,2.0,13.0,9,0.0,0.0,0.0,0.0,0.0,0.0,35.0,10.0,9.0,0,4,4,0.0,0.0,8.0,4.5,6.0,213.0,190.0,0.3076923076923077,0.6923076923076923,0.0,,0.2222222222222222,0.14814814814814814,0.14814814814814814,0.0,0.14814814814814814,0.07407407407407407,0.48148148148148145,0.3333333333333333,0.0,0.0,0.0,0.0,0.0,0.0,1.2962962962962963,0.37037037037037035,0.3333333333333333,0.0,0.14814814814814814,0.14814814814814814,0.0,0.0,0.2962962962962963,0.16666666666666666,0.2222222222222222,7.888888888888889,7.037037037037037
003041,Ethan Rall,Ethan,Rall,LSM,Long Stick Midfield,35,4,CAN,Cannons,2023-06-10,2026-06-28,5.0,4.0,4.0,0.0,4.0,1.0,18.0,12,7.0,0.0,0.0,0.0,0.0,0.0,103.0,10.0,53.0,6,101,107,0.0,0.0,2.0,1.5,9.0,159.0,131.0,0.2222222222222222,0.6666666666666666,0.056074766355140186,,0.14285714285714285,0.11428571428571428,0.11428571428571428,0.0,0.11428571428571428,0.02857142857142857,0.5142857142857142,0.34285714285714286,0.2,0.0,0.0,0.0,0.0,0.0,2.942857142857143,0.2857142857142857,1.5142857142857142,0.17142857142857143,2.8857142857142857,3.057142857142857,0.0,0.0,0.05714285714285714,0.04285714285714286,0.2571428571428571,4.542857142857143,3.742857142857143
003045,Alex Simmons,Alex,Simmons,A,Attack,1,1,RED,Redwoods,2024-07-20,2024-07-20,0.0,0.0,0.0,0.0,0.0,0.0,1.0,0,0.0,0.0,0.0,0.0,0.0,0.0,1.0,1.0,0.0,0,0,0,0.0,0.0,0.0,0.0,0.0,14.0,12.0,0.0,0.0,,,0.0,0.0,0.0,0.0,0.0,0.0,1.0,0.0,0.0,0.0,0.0,0.0,0.0,0.0,1.0,1.0,0.0,0.0,0.0,0.0,0.0,0.0,0.0,0.0,0.0,14.0,12.0
003048,TJ Malone,TJ,Malone,A,Attack,26,3,WHP,Whipsnakes,2024-06-02,2026-06-27,84.0,49.0,47.0,1.0,48.0,35.0,171.0,113,4.0,0.0,0.0,0.0,0.0,0.0,41.0,41.0,5.0,0,0,0,0.0,0.0,1.0,0.5,91.0,829.0,617.0,0.2807017543859649,0.6608187134502924,,,3.230769230769231,1.8846153846153846,1.8076923076923077,0.038461538461538464,1.8461538461538463,1.3461538461538463,6.576923076923077,4.346153846153846,0.15384615384615385,0.0,0.0,0.0,0.0,0.0,1.5769230769230769,1.5769230769230769,0.19230769230769232,0.0,0.0,0.0,0.0,0.0,0.038461538461538464,0.019230769230769232,3.5,31.884615384615383,23.73076923076923
003049,John Geppert,John,Geppert,LSM,Long Stick Midfield,3,1,ATL,Atlas,2023-08-12,2023-08-26,0.0,0.0,0.0,0.0,0.0,0.0,1.0,1,1.0,0.0,0.0,0.0,0.0,0.0,7.0,2.0,4.0,0,1,1,0.0,0.0,0.0,0.0,0.0,13.0,10.0,0.0,1.0,0.0,,0.0,0.0,0.0,0.0,0.0,0.0,0.3333333333333333,0.3333333333333333,0.3333333333333333,0.0,0.0,0.0,0.0,0.0,2.3333333333333335,0.6666666666666666,1.3333333333333333,0.0,0.3333333333333333,0.3333333333333333,0.0,0.0,0.0,0.0,0.0,4.333333333333333,3.3333333333333335
003052,Kyle Borda,Kyle,Borda,M,Midfield,2,1,WAT,Waterdogs,2023-06-10,2023-06-16,0.0,0.0,0.0,0.0,0.0,0.0,3.0,3,0.0,0.0,0.0,0.0,0.0,0.0,0.0,0.0,0.0,0,0,0,0.0,0.0,0.0,0.0,1.0,13.0,10.0,0.0,1.0,,,0.0,0.0,0.0,0.0,0.0,0.0,1.5,1.5,0.0,0.0,0.0,0.0,0.0,0.0,0.0,0.0,0.0,0.0,0.0,0.0,0.0,0.0,0.0,0.0,0.5,6.5,5.0
003054,Jeff Conner,Jeff,Conner,M,Midfield,5,1,WAT,Waterdogs,2023-06-16,2023-08-26,4.0,2.0,2.0,0.0,2.0,2.0,4.0,3,0.0,0.0,0.0,0.0,0.0,0.0,1.0,0.0,0.0,0,0,0,0.0,0.0,0.0,0.0,7.0,34.0,30.0,0.5,0.75,,,0.8,0.4,0.4,0.0,0.4,0.4,0.8,0.6,0.0,0.0,0.0,0.0,0.0,0.0,0.2,0.0,0.0,0.0,0.0,0.0,0.0,0.0,0.0,0.0,1.4,6.8,6.0
003056,Grayson Sallade,Grayson,Sallade,SSDM,Defensive Midfield,1,1,WHP,Whipsnakes,2023-06-10,2023-06-10,0.0,0.0,0.0,0.0,0.0,0.0,0.0,0,0.0,0.0,0.0,0.0,0.0,0.0,2.0,0.0,0.0,0,0,0,0.0,0.0,0.0,0.0,1.0,5.0,5.0,,,,,0.0,0.0,0.0,0.0,0.0,0.0,0.0,0.0,0.0,0.0,0.0,0.0,0.0,0.0,2.0,0.0,0.0,0.0,0.0,0.0,0.0,0.0,0.0,0.0,1.0,5.0,5.0
003059,BJ Farrare,BJ,Farrare,SSDM,Defensive Midfield,18,3,RED,Redwoods,2024-08-10,2026-06-28,1.0,0.0,0.0,0.0,0.0,1.0,2.0,0,1.0,0.0,0.0,0.0,0.0,0.0,20.0,3.0,16.0,0,1,1,0.0,0.0,2.0,1.0,3.0,65.0,60.0,0.0,0.0,0.0,,0.05555555555555555,0.0,0.0,0.0,0.0,0.05555555555555555,0.1111111111111111,0.0,0.05555555555555555,0.0,0.0,0.0,0.0,0.0,1.1111111111111112,0.16666666666666666,0.8888888888888888,0.0,0.05555555555555555,0.05555555555555555,0.0,0.0,0.1111111111111111,0.05555555555555555,0.16666666666666666,3.611111111111111,3.3333333333333335
003068,Dylan Gergar,Dylan,Gergar,M,Midfield,2,1,OUT,Outlaws,2024-06-29,2024-07-06,2.0,2.0,2.0,0.0,2.0,0.0,12.0,6,2.0,0.0,0.0,0.0,0.0,0.0,3.0,1.0,1.0,0,0,0,0.0,0.0,0.0,0.0,0.0,26.0,13.0,0.16666666666666666,0.5,,,1.0,1.0,1.0,0.0,1.0,0.0,6.0,3.0,1.0,0.0,0.0,0.0,0.0,0.0,1.5,0.5,0.5,0.0,0.0,0.0,0.0,0.0,0.0,0.0,0.0,13.0,6.5
003069,Ricky Miezan,Ricky,Miezan,SSDM,Defensive Midfield,4,1,RED,Redwoods,2024-07-05,2024-07-28,0.0,0.0,0.0,0.0,0.0,0.0,2.0,1,1.0,0.0,0.0,0.0,0.0,0.0,2.0,0.0,2.0,0,0,0,0.0,0.0,0.0,0.0,0.0,9.0,7.0,0.0,0.5,,,0.0,0.0,0.0,0.0,0.0,0.0,0.5,0.25,0.25,0.0,0.0,0.0,0.0,0.0,0.5,0.0,0.5,0.0,0.0,0.0,0.0,0.0,0.0,0.0,0.0,2.25,1.75
003070,Ronan Jacoby,Ronan,Jacoby,M,Midfield,6,1,ATL,Atlas,2024-06-01,2024-08-10,5.0,2.0,2.0,0.0,2.0,3.0,16.0,12,3.0,0.0,0.0,0.0,0.0,0.0,4.0,1.0,1.0,0,0,0,0.0,0.0,0.0,0.0,6.0,100.0,83.0,0.125,0.75,,,0.8333333333333334,0.3333333333333333,0.3333333333333333,0.0,0.3333333333333333,0.5,2.6666666666666665,2.0,0.5,0.0,0.0,0.0,0.0,0.0,0.6666666666666666,0.16666666666666666,0.16666666666666666,0.0,0.0,0.0,0.0,0.0,0.0,0.0,1.0,16.666666666666668,13.833333333333334
003072,Kevin Winkoff,Kevin,Winkoff,M,Midfield,3,1,WHP,Whipsnakes,2024-06-16,2024-07-06,4.0,1.0,1.0,0.0,1.0,3.0,11.0,5,2.0,0.0,0.0,0.0,0.0,0.0,2.0,5.0,1.0,0,0,0,0.0,0.0,0.0,0.0,8.0,44.0,28.0,0.09090909090909091,0.45454545454545453,,,1.3333333333333333,0.3333333333333333,0.3333333333333333,0.0,0.3333333333333333,1.0,3.6666666666666665,1.6666666666666667,0.6666666666666666,0.0,0.0,0.0,0.0,0.0,0.6666666666666666,1.6666666666666667,0.3333333333333333,0.0,0.0,0.0,0.0,0.0,0.0,0.0,2.6666666666666665,14.666666666666666,9.333333333333334
003073,Ron John,Ron,John,SSDM,Defensive Midfield,1,1,RED,Redwoods,2024-06-29,2024-06-29,0.0,0.0,0.0,0.0,0.0,0.0,0.0,0,0.0,0.0,0.0,0.0,0.0,0.0,1.0,0.0,0.0,0,0,0,0.0,0.0,0.0,0.0,0.0,2.0,2.0,,,,,0.0,0.0,0.0,0.0,0.0,0.0,0.0,0.0,0.0,0.0,0.0,0.0,0.0,0.0,1.0,0.0,0.0,0.0,0.0,0.0,0.0,0.0,0.0,0.0,0.0,2.0,2.0
003075,Brennan O'Neill,Brennan,O'Neill,A,Attack,25,3,OUT,Outlaws,2024-06-02,2026-06-27,78.0,54.0,40.0,7.0,47.0,24.0,206.0,119,27.0,0.0,0.0,0.0,0.0,0.0,35.0,28.0,1.0,0,0,0,0.0,0.0,0.0,0.0,80.0,841.0,607.0,0.22815533980582525,0.5776699029126213,,,3.12,2.16,1.6,0.28,1.88,0.96,8.24,4.76,1.08,0.0,0.0,0.0,0.0,0.0,1.4,1.12,0.04,0.0,0.0,0.0,0.0,0.0,0.0,0.0,3.2,33.64,24.28
003076,Connor Shellenberger,Connor,Shellenberger,A,Attack,24,3,ATL,Atlas,2024-06-01,2026-06-21,91.0,46.0,46.0,0.0,46.0,45.0,108.0,84,1.0,0.0,0.0,0.0,0.0,0.0,37.0,33.0,3.0,0,0,0,0.0,0.0,2.0,2.0,134.0,830.0,689.0,0.42592592592592593,0.7777777777777778,,,3.7916666666666665,1.9166666666666667,1.9166666666666667,0.0,1.9166666666666667,1.875,4.5,3.5,0.041666666666666664,0.0,0.0,0.0,0.0,0.0,1.5416666666666667,1.375,0.125,0.0,0.0,0.0,0.0,0.0,0.08333333333333333,0.08333333333333333,5.583333333333333,34.583333333333336,28.708333333333332
003077,Ajax Zappitello,Ajax,Zappitello,D,Defense,26,3,WHP,Whipsnakes,2024-06-02,2026-06-27,5.0,3.0,1.0,1.0,2.0,2.0,8.0,4,1.0,0.0,0.0,0.0,0.0,0.0,48.0,13.0,40.0,0,0,0,0.0,0.0,2.0,1.0,7.0,246.0,225.0,0.25,0.5,,,0.19230769230769232,0.11538461538461539,0.038461538461538464,0.038461538461538464,0.07692307692307693,0.07692307692307693,0.3076923076923077,0.15384615384615385,0.038461538461538464,0.0,0.0,0.0,0.0,0.0,1.8461538461538463,0.5,1.5384615384615385,0.0,0.0,0.0,0.0,0.0,0.07692307692307693,0.038461538461538464,0.2692307692307692,9.461538461538462,8.653846153846153
003078,Shane Knobloch,Shane,Knobloch,M,Midfield,20,3,CHA,Chaos,2024-06-02,2026-06-28,35.0,27.0,23.0,2.0,25.0,8.0,101.0,61,9.0,0.0,0.0,0.0,0.0,0.0,17.0,26.0,0.0,0,0,0,0.0,0.0,2.0,1.0,38.0,444.0,317.0,0.24752475247524752,0.6039603960396039,,,1.75,1.35,1.15,0.1,1.25,0.4,5.05,3.05,0.45,0.0,0.0,0.0,0.0,0.0,0.85,1.3,0.0,0.0,0.0,0.0,0.0,0.0,0.1,0.05,1.9,22.2,15.85
003079,Liam Entenmann,Liam,Entenmann,G,Goalie,22,3,ATL,Atlas,2024-06-28,2026-06-21,1.0,0.0,0.0,0.0,0.0,1.0,5.0,0,5.0,307.0,126.0,181.0,255.0,260.96214,52.0,10.0,3.0,0,0,0,239.0,16.0,0.0,0.0,1.0,391.0,376.0,0.0,0.0,,0.5622710622710623,0.045454545454545456,0.0,0.0,0.0,0.0,0.045454545454545456,0.22727272727272727,0.0,0.22727272727272727,13.954545454545455,5.7272727272727275,8.227272727272727,11.590909090909092,11.861915454545453,2.3636363636363638,0.45454545454545453,0.13636363636363635,0.0,0.0,0.0,10.863636363636363,0.7272727272727273,0.0,0.0,0.045454545454545456,17.772727272727273,17.09090909090909
003080,Pat Kavanagh,Pat,Kavanagh,A,Attack,18,3,CAN|OUT,Cannons|Outlaws,2024-06-01,2026-06-27,56.0,35.0,35.0,0.0,35.0,21.0,134.0,91,3.0,0.0,0.0,0.0,0.0,0.0,30.0,35.0,6.0,0,0,0,0.0,0.0,8.0,6.0,70.0,677.0,508.0,0.26119402985074625,0.6791044776119403,,,3.111111111111111,1.9444444444444444,1.9444444444444444,0.0,1.9444444444444444,1.1666666666666667,7.444444444444445,5.055555555555555,0.16666666666666666,0.0,0.0,0.0,0.0,0.0,1.6666666666666667,1.9444444444444444,0.3333333333333333,0.0,0.0,0.0,0.0,0.0,0.4444444444444444,0.3333333333333333,3.888888888888889,37.611111111111114,28.22222222222222
003081,Matt Brandau,Matt,Brandau,M,Midfield,22,3,WAT|WHP,Waterdogs|Whipsnakes,2024-06-01,2026-06-27,41.0,32.0,32.0,0.0,32.0,9.0,111.0,79,4.0,0.0,0.0,0.0,0.0,0.0,29.0,20.0,2.0,0,0,0,0.0,0.0,2.0,1.0,29.0,500.0,369.0,0.2882882882882883,0.7117117117117117,,,1.8636363636363635,1.4545454545454546,1.4545454545454546,0.0,1.4545454545454546,0.4090909090909091,5.045454545454546,3.590909090909091,0.18181818181818182,0.0,0.0,0.0,0.0,0.0,1.3181818181818181,0.9090909090909091,0.09090909090909091,0.0,0.0,0.0,0.0,0.0,0.09090909090909091,0.045454545454545456,1.3181818181818181,22.727272727272727,16.772727272727273
003082,Mason Woodward,Mason,Woodward,D,Defense,26,3,ARC,Archers,2024-06-01,2026-06-28,13.0,11.0,3.0,4.0,7.0,2.0,28.0,16,23.0,0.0,0.0,0.0,0.0,0.0,54.0,5.0,14.0,0,0,0,0.0,0.0,5.0,4.5,13.0,237.0,204.0,0.25,0.5714285714285714,,,0.5,0.4230769230769231,0.11538461538461539,0.15384615384615385,0.2692307692307692,0.07692307692307693,1.0769230769230769,0.6153846153846154,0.8846153846153846,0.0,0.0,0.0,0.0,0.0,2.076923076923077,0.19230769230769232,0.5384615384615384,0.0,0.0,0.0,0.0,0.0,0.19230769230769232,0.17307692307692307,0.5,9.115384615384615,7.846153846153846
003083,Jake Piseno,Jake,Piseno,LSM,Long Stick Midfield,25,3,OUT,Outlaws,2024-06-02,2026-06-27,18.0,10.0,4.0,3.0,7.0,8.0,36.0,21,24.0,0.0,0.0,0.0,0.0,0.0,79.0,13.0,25.0,0,0,0,0.0,0.0,1.0,1.0,13.0,216.0,167.0,0.19444444444444445,0.5833333333333334,,,0.72,0.4,0.16,0.12,0.28,0.32,1.44,0.84,0.96,0.0,0.0,0.0,0.0,0.0,3.16,0.52,1.0,0.0,0.0,0.0,0.0,0.0,0.04,0.04,0.52,8.64,6.68
003084,Jake Stevens,Jake,Stevens,M,Midfield,20,3,ATL,Atlas,2024-06-28,2026-06-21,20.0,17.0,17.0,0.0,17.0,3.0,65.0,41,3.0,0.0,0.0,0.0,0.0,0.0,17.0,24.0,1.0,0,0,0,0.0,0.0,3.0,2.0,13.0,244.0,155.0,0.26153846153846155,0.6307692307692307,,,1.0,0.85,0.85,0.0,0.85,0.15,3.25,2.05,0.15,0.0,0.0,0.0,0.0,0.0,0.85,1.2,0.05,0.0,0.0,0.0,0.0,0.0,0.15,0.1,0.65,12.2,7.75
003085,Graham Bundy,Graham,Bundy,M,Midfield,25,3,OUT,Outlaws,2024-06-02,2026-06-27,38.0,33.0,13.0,10.0,23.0,5.0,123.0,67,56.0,0.0,0.0,0.0,0.0,0.0,16.0,19.0,1.0,0,0,0,0.0,0.0,3.0,1.5,24.0,556.0,414.0,0.18699186991869918,0.5447154471544715,,,1.52,1.32,0.52,0.4,0.92,0.2,4.92,2.68,2.24,0.0,0.0,0.0,0.0,0.0,0.64,0.76,0.04,0.0,0.0,0.0,0.0,0.0,0.12,0.06,0.96,22.24,16.56
003086,Eric Dobson,Eric,Dobson,M,Midfield,9,2,CHA,Chaos,2024-06-15,2025-06-07,5.0,5.0,5.0,0.0,5.0,0.0,26.0,15,6.0,0.0,0.0,0.0,0.0,0.0,4.0,16.0,1.0,0,0,0,0.0,0.0,0.0,0.0,6.0,153.0,111.0,0.19230769230769232,0.5769230769230769,,,0.5555555555555556,0.5555555555555556,0.5555555555555556,0.0,0.5555555555555556,0.0,2.888888888888889,1.6666666666666667,0.6666666666666666,0.0,0.0,0.0,0.0,0.0,0.4444444444444444,1.7777777777777777,0.1111111111111111,0.0,0.0,0.0,0.0,0.0,0.0,0.0,0.6666666666666666,17.0,12.333333333333334
003087,Beau Pederson,Beau,Pederson,SSDM,Defensive Midfield,26,3,ARC,Archers,2024-06-01,2026-06-28,12.0,9.0,7.0,1.0,8.0,3.0,18.0,11,6.0,0.0,0.0,0.0,0.0,0.0,31.0,11.0,10.0,7,24,33,0.0,0.0,6.0,3.5,8.0,179.0,150.0,0.4444444444444444,0.6111111111111112,0.21212121212121213,,0.46153846153846156,0.34615384615384615,0.2692307692307692,0.038461538461538464,0.3076923076923077,0.11538461538461539,0.6923076923076923,0.4230769230769231,0.23076923076923078,0.0,0.0,0.0,0.0,0.0,1.1923076923076923,0.4230769230769231,0.38461538461538464,0.2692307692307692,0.9230769230769231,1.2692307692307692,0.0,0.0,0.23076923076923078,0.1346153846153846,0.3076923076923077,6.884615384615385,5.769230769230769
003088,Alexander Vardaro,Alexander,Vardaro,M,Midfield,11,2,CAN,Cannons,2024-06-08,2025-07-11,12.0,9.0,9.0,0.0,9.0,3.0,37.0,21,3.0,0.0,0.0,0.0,0.0,0.0,3.0,9.0,0.0,0,0,0,0.0,0.0,0.0,0.0,19.0,157.0,111.0,0.24324324324324326,0.5675675675675675,,,1.0909090909090908,0.8181818181818182,0.8181818181818182,0.0,0.8181818181818182,0.2727272727272727,3.3636363636363638,1.9090909090909092,0.2727272727272727,0.0,0.0,0.0,0.0,0.0,0.2727272727272727,0.8181818181818182,0.0,0.0,0.0,0.0,0.0,0.0,0.0,0.0,1.7272727272727273,14.272727272727273,10.090909090909092
003089,Kenny Brower,Kenny,Brower,D,Defense,13,2,WAT,Waterdogs,2025-06-07,2026-06-28,1.0,0.0,0.0,0.0,0.0,1.0,1.0,1,1.0,0.0,0.0,0.0,0.0,0.0,22.0,1.0,14.0,0,0,0,0.0,0.0,6.0,5.5,1.0,75.0,73.0,0.0,1.0,,,0.07692307692307693,0.0,0.0,0.0,0.0,0.07692307692307693,0.07692307692307693,0.07692307692307693,0.07692307692307693,0.0,0.0,0.0,0.0,0.0,1.6923076923076923,0.07692307692307693,1.0769230769230769,0.0,0.0,0.0,0.0,0.0,0.46153846153846156,0.4230769230769231,0.07692307692307693,5.769230769230769,5.615384615384615
003090,Dyson Williams,Dyson,Williams,M,Midfield,16,3,ARC,Archers,2024-07-06,2026-05-09,17.0,16.0,16.0,0.0,16.0,1.0,43.0,33,1.0,0.0,0.0,0.0,0.0,0.0,7.0,9.0,0.0,0,0,0,0.0,0.0,0.0,0.0,4.0,112.0,60.0,0.37209302325581395,0.7674418604651163,,,1.0625,1.0,1.0,0.0,1.0,0.0625,2.6875,2.0625,0.0625,0.0,0.0,0.0,0.0,0.0,0.4375,0.5625,0.0,0.0,0.0,0.0,0.0,0.0,0.0,0.0,0.25,7.0,3.75
003091,Garrett Degnon,Garrett,Degnon,M,Midfield,8,2,CHA|RED,Chaos|Redwoods,2024-06-07,2025-06-22,12.0,9.0,7.0,1.0,8.0,3.0,33.0,18,8.0,0.0,0.0,0.0,0.0,0.0,8.0,5.0,0.0,0,0,0,0.0,0.0,2.0,1.5,6.0,144.0,106.0,0.24242424242424243,0.5454545454545454,,,1.5,1.125,0.875,0.125,1.0,0.375,4.125,2.25,1.0,0.0,0.0,0.0,0.0,0.0,1.0,0.625,0.0,0.0,0.0,0.0,0.0,0.0,0.25,0.1875,0.75,18.0,13.25
003092,Josh Zawada,Josh,Zawada,M,Midfield,18,2,CHA|OUT,Chaos|Outlaws,2024-06-02,2025-08-09,30.0,15.0,15.0,0.0,15.0,15.0,68.0,45,1.0,0.0,0.0,0.0,0.0,0.0,22.0,25.0,1.0,0,0,0,0.0,0.0,2.0,1.5,59.0,590.0,497.0,0.22058823529411764,0.6617647058823529,,,1.6666666666666667,0.8333333333333334,0.8333333333333334,0.0,0.8333333333333334,0.8333333333333334,3.7777777777777777,2.5,0.05555555555555555,0.0,0.0,0.0,0.0,0.0,1.2222222222222223,1.3888888888888888,0.05555555555555555,0.0,0.0,0.0,0.0,0.0,0.1111111111111111,0.08333333333333333,3.2777777777777777,32.77777777777778,27.61111111111111
003093,Ross Scott,Ross,Scott,M,Midfield,26,3,CHA,Chaos,2024-06-02,2026-06-28,50.0,38.0,38.0,0.0,38.0,12.0,110.0,71,1.0,0.0,0.0,0.0,0.0,0.0,22.0,35.0,2.0,0,0,0,0.0,0.0,3.0,1.5,56.0,609.0,464.0,0.34545454545454546,0.6454545454545455,,,1.9230769230769231,1.4615384615384615,1.4615384615384615,0.0,1.4615384615384615,0.46153846153846156,4.230769230769231,2.730769230769231,0.038461538461538464,0.0,0.0,0.0,0.0,0.0,0.8461538461538461,1.3461538461538463,0.07692307692307693,0.0,0.0,0.0,0.0,0.0,0.11538461538461539,0.057692307692307696,2.1538461538461537,23.423076923076923,17.846153846153847
003094,Levi Anderson,Levi,Anderson,M,Midfield,21,3,ATL|WHP,Atlas|Whipsnakes,2024-06-28,2026-06-21,34.0,27.0,23.0,2.0,25.0,7.0,84.0,54,2.0,0.0,0.0,0.0,0.0,0.0,15.0,19.0,2.0,0,0,0,0.0,0.0,1.0,0.5,38.0,333.0,230.0,0.2976190476190476,0.6428571428571429,,,1.619047619047619,1.2857142857142858,1.0952380952380953,0.09523809523809523,1.1904761904761905,0.3333333333333333,4.0,2.5714285714285716,0.09523809523809523,0.0,0.0,0.0,0.0,0.0,0.7142857142857143,0.9047619047619048,0.09523809523809523,0.0,0.0,0.0,0.0,0.0,0.047619047619047616,0.023809523809523808,1.8095238095238095,15.857142857142858,10.952380952380953
003095,Stephen Zupicich,Stephen,Zupicich,LSM,Long Stick Midfield,3,1,WHP,Whipsnakes,2024-06-02,2024-06-28,1.0,0.0,0.0,0.0,0.0,1.0,1.0,0,1.0,0.0,0.0,0.0,0.0,0.0,2.0,1.0,0.0,0,0,0,0.0,0.0,0.0,0.0,1.0,7.0,5.0,0.0,0.0,,,0.3333333333333333,0.0,0.0,0.0,0.0,0.3333333333333333,0.3333333333333333,0.0,0.3333333333333333,0.0,0.0,0.0,0.0,0.0,0.6666666666666666,0.3333333333333333,0.0,0.0,0.0,0.0,0.0,0.0,0.0,0.0,0.3333333333333333,2.3333333333333335,1.6666666666666667
003096,Marcus Hudgins,Marcus,Hudgins,LSM,Long Stick Midfield,19,3,WAT,Waterdogs,2024-06-15,2026-06-28,2.0,0.0,0.0,0.0,0.0,2.0,1.0,1,1.0,0.0,0.0,0.0,0.0,0.0,40.0,7.0,25.0,0,0,0,0.0,0.0,1.0,0.5,4.0,105.0,97.0,0.0,1.0,,,0.10526315789473684,0.0,0.0,0.0,0.0,0.10526315789473684,0.05263157894736842,0.05263157894736842,0.05263157894736842,0.0,0.0,0.0,0.0,0.0,2.1052631578947367,0.3684210526315789,1.3157894736842106,0.0,0.0,0.0,0.0,0.0,0.05263157894736842,0.02631578947368421,0.21052631578947367,5.526315789473684,5.105263157894737
003097,Colby Barsz,Colby,Barsz,D,Defense,2,1,ARC,Archers,2024-06-08,2024-08-18,0.0,0.0,0.0,0.0,0.0,0.0,0.0,0,0.0,0.0,0.0,0.0,0.0,0.0,5.0,2.0,1.0,0,0,0,0.0,0.0,0.0,0.0,0.0,6.0,4.0,,,,,0.0,0.0,0.0,0.0,0.0,0.0,0.0,0.0,0.0,0.0,0.0,0.0,0.0,0.0,2.5,1.0,0.5,0.0,0.0,0.0,0.0,0.0,0.0,0.0,0.0,3.0,2.0
003098,Luke Wierman,Luke,Wierman,FO,Faceoff,25,3,OUT,Outlaws,2024-06-02,2026-06-27,12.0,9.0,9.0,0.0,9.0,3.0,40.0,22,8.0,0.0,0.0,0.0,0.0,0.0,164.0,18.0,10.0,310,298,611,0.0,0.0,3.0,2.0,7.0,197.0,139.0,0.225,0.55,0.5073649754500819,,0.48,0.36,0.36,0.0,0.36,0.12,1.6,0.88,0.32,0.0,0.0,0.0,0.0,0.0,6.56,0.72,0.4,12.4,11.92,24.44,0.0,0.0,0.12,0.08,0.28,7.88,5.56
003099,Tyler Carpenter,Tyler,Carpenter,LSM,Long Stick Midfield,26,3,ATL,Atlas,2024-06-01,2026-06-21,10.0,8.0,4.0,2.0,6.0,2.0,15.0,11,8.0,0.0,0.0,0.0,0.0,0.0,81.0,11.0,16.0,0,0,0,0.0,0.0,0.0,0.0,7.0,199.0,173.0,0.4,0.7333333333333333,,,0.38461538461538464,0.3076923076923077,0.15384615384615385,0.07692307692307693,0.23076923076923078,0.07692307692307693,0.5769230769230769,0.4230769230769231,0.3076923076923077,0.0,0.0,0.0,0.0,0.0,3.1153846153846154,0.4230769230769231,0.6153846153846154,0.0,0.0,0.0,0.0,0.0,0.0,0.0,0.2692307692307692,7.653846153846154,6.653846153846154
003100,Adam Poitras,Adam,Poitras,M,Midfield,23,3,WHP,Whipsnakes,2024-06-28,2026-06-27,36.0,28.0,28.0,0.0,28.0,8.0,84.0,61,0.0,0.0,0.0,0.0,0.0,0.0,72.0,24.0,4.0,0,0,0,0.0,0.0,2.0,1.0,20.0,482.0,374.0,0.3333333333333333,0.7261904761904762,,,1.565217391304348,1.2173913043478262,1.2173913043478262,0.0,1.2173913043478262,0.34782608695652173,3.652173913043478,2.652173913043478,0.0,0.0,0.0,0.0,0.0,0.0,3.130434782608696,1.0434782608695652,0.17391304347826086,0.0,0.0,0.0,0.0,0.0,0.08695652173913043,0.043478260869565216,0.8695652173913043,20.956521739130434,16.26086956521739
003101,Dylan Hess,Dylan,Hess,SSDM,Defensive Midfield,11,2,WAT,Waterdogs,2025-06-07,2026-05-09,3.0,2.0,2.0,0.0,2.0,1.0,7.0,4,2.0,0.0,0.0,0.0,0.0,0.0,14.0,0.0,4.0,0,6,6,0.0,0.0,0.0,0.0,6.0,82.0,75.0,0.2857142857142857,0.5714285714285714,0.0,,0.2727272727272727,0.18181818181818182,0.18181818181818182,0.0,0.18181818181818182,0.09090909090909091,0.6363636363636364,0.36363636363636365,0.18181818181818182,0.0,0.0,0.0,0.0,0.0,1.2727272727272727,0.0,0.36363636363636365,0.0,0.5454545454545454,0.5454545454545454,0.0,0.0,0.0,0.0,0.5454545454545454,7.454545454545454,6.818181818181818
003102,Chayse Ierlan,Chayse,Ierlan,G,Goalie,12,2,RED,Redwoods,2024-07-20,2025-08-08,0.0,0.0,0.0,0.0,0.0,0.0,2.0,1,2.0,124.0,39.0,85.0,140.0,148.29733,12.0,3.0,2.0,0,0,0,129.0,11.0,0.0,0.0,1.0,143.0,138.0,0.0,0.5,,0.4901185770750988,0.0,0.0,0.0,0.0,0.0,0.0,0.16666666666666666,0.08333333333333333,0.16666666666666666,10.333333333333334,3.25,7.083333333333333,11.666666666666666,12.358110833333333,1.0,0.25,0.16666666666666666,0.0,0.0,0.0,10.75,0.9166666666666666,0.0,0.0,0.08333333333333333,11.916666666666666,11.5
003103,Scott Smith,Scott,Smith,D,Defense,12,2,CHA,Chaos,2025-06-22,2026-06-28,3.0,2.0,2.0,0.0,2.0,1.0,14.0,9,7.0,0.0,0.0,0.0,0.0,0.0,19.0,2.0,10.0,0,0,0,0.0,0.0,3.0,3.5,2.0,58.0,42.0,0.14285714285714285,0.6428571428571429,,,0.25,0.16666666666666666,0.16666666666666666,0.0,0.16666666666666666,0.08333333333333333,1.1666666666666667,0.75,0.5833333333333334,0.0,0.0,0.0,0.0,0.0,1.5833333333333333,0.16666666666666666,0.8333333333333334,0.0,0.0,0.0,0.0,0.0,0.25,0.2916666666666667,0.16666666666666666,4.833333333333333,3.5
003104,Michael Boehm,Michael,Boehm,A,Attack,7,3,RED|WAT,Redwoods|Waterdogs,2024-08-10,2026-06-28,15.0,5.0,5.0,0.0,5.0,10.0,26.0,14,2.0,0.0,0.0,0.0,0.0,0.0,11.0,12.0,0.0,0,0,0,0.0,0.0,0.0,0.0,21.0,214.0,176.0,0.19230769230769232,0.5384615384615384,,,2.142857142857143,0.7142857142857143,0.7142857142857143,0.0,0.7142857142857143,1.4285714285714286,3.7142857142857144,2.0,0.2857142857142857,0.0,0.0,0.0,0.0,0.0,1.5714285714285714,1.7142857142857142,0.0,0.0,0.0,0.0,0.0,0.0,0.0,0.0,3.0,30.571428571428573,25.142857142857142
003105,Cole Kastner,Cole,Kastner,D,Defense,7,2,RED,Redwoods,2025-06-28,2026-05-09,0.0,0.0,0.0,0.0,0.0,0.0,0.0,0,0.0,0.0,0.0,0.0,0.0,0.0,5.0,1.0,7.0,0,0,0,0.0,0.0,0.0,0.0,2.0,32.0,31.0,,,,,0.0,0.0,0.0,0.0,0.0,0.0,0.0,0.0,0.0,0.0,0.0,0.0,0.0,0.0,0.7142857142857143,0.14285714285714285,1.0,0.0,0.0,0.0,0.0,0.0,0.0,0.0,0.2857142857142857,4.571428571428571,4.428571428571429
003106,Dalton Young,Dalton,Young,M,Midfield,24,3,OUT,Outlaws,2024-06-08,2026-06-27,36.0,19.0,19.0,0.0,19.0,17.0,66.0,41,0.0,0.0,0.0,0.0,0.0,0.0,16.0,21.0,2.0,0,0,0,0.0,0.0,2.0,1.0,33.0,372.0,285.0,0.2878787878787879,0.6212121212121212,,,1.5,0.7916666666666666,0.7916666666666666,0.0,0.7916666666666666,0.7083333333333334,2.75,1.7083333333333333,0.0,0.0,0.0,0.0,0.0,0.0,0.6666666666666666,0.875,0.08333333333333333,0.0,0.0,0.0,0.0,0.0,0.08333333333333333,0.041666666666666664,1.375,15.5,11.875
003108,Will Mark,Will,Mark,G,Goalie,2,1,ATL,Atlas,2025-05-31,2025-07-26,0.0,0.0,0.0,0.0,0.0,0.0,0.0,0,0.0,0.0,0.0,0.0,0.0,0.0,1.0,0.0,0.0,0,0,0,0.0,0.0,0.0,0.0,0.0,1.0,1.0,,,,,0.0,0.0,0.0,0.0,0.0,0.0,0.0,0.0,0.0,0.0,0.0,0.0,0.0,0.0,0.5,0.0,0.0,0.0,0.0,0.0,0.0,0.0,0.0,0.0,0.0,0.5,0.5
003109,Chris Conlin,Chris,Conlin,D,Defense,25,3,RED,Redwoods,2024-06-16,2026-06-28,1.0,0.0,0.0,0.0,0.0,1.0,0.0,0,0.0,0.0,0.0,0.0,0.0,0.0,57.0,5.0,19.0,0,0,0,0.0,0.0,2.0,1.5,2.0,206.0,201.0,,,,,0.04,0.0,0.0,0.0,0.0,0.04,0.0,0.0,0.0,0.0,0.0,0.0,0.0,0.0,2.28,0.2,0.76,0.0,0.0,0.0,0.0,0.0,0.08,0.06,0.08,8.24,8.04
003110,Carter Parlette,Carter,Parlette,SSDM,Defensive Midfield,1,1,RED,Redwoods,2025-06-28,2025-06-28,0.0,0.0,0.0,0.0,0.0,0.0,0.0,0,0.0,0.0,0.0,0.0,0.0,0.0,1.0,0.0,0.0,0,0,0,0.0,0.0,0.0,0.0,0.0,5.0,5.0,,,,,0.0,0.0,0.0,0.0,0.0,0.0,0.0,0.0,0.0,0.0,0.0,0.0,0.0,0.0,1.0,0.0,0.0,0.0,0.0,0.0,0.0,0.0,0.0,0.0,0.0,5.0,5.0
003111,AJ Mercurio,AJ,Mercurio,D,Defense,1,1,WAT,Waterdogs,2024-08-03,2024-08-03,0.0,0.0,0.0,0.0,0.0,0.0,0.0,0,0.0,0.0,0.0,0.0,0.0,0.0,0.0,0.0,1.0,0,0,0,0.0,0.0,0.0,0.0,0.0,2.0,2.0,,,,,0.0,0.0,0.0,0.0,0.0,0.0,0.0,0.0,0.0,0.0,0.0,0.0,0.0,0.0,0.0,0.0,1.0,0.0,0.0,0.0,0.0,0.0,0.0,0.0,0.0,2.0,2.0
003112,Jack DiBenedetto,Jack,DiBenedetto,D,Defense,4,2,ARC|WAT,Archers|Waterdogs,2024-06-01,2025-08-02,0.0,0.0,0.0,0.0,0.0,0.0,0.0,0,0.0,0.0,0.0,0.0,0.0,0.0,5.0,2.0,2.0,0,0,0,0.0,0.0,0.0,0.0,0.0,17.0,15.0,,,,,0.0,0.0,0.0,0.0,0.0,0.0,0.0,0.0,0.0,0.0,0.0,0.0,0.0,0.0,1.25,0.5,0.5,0.0,0.0,0.0,0.0,0.0,0.0,0.0,0.0,4.25,3.75
003114,Saam Olexo,Saam,Olexo,LSM,Long Stick Midfield,1,1,OUT,Outlaws,2024-08-18,2024-08-18,0.0,0.0,0.0,0.0,0.0,0.0,0.0,0,0.0,0.0,0.0,0.0,0.0,0.0,1.0,0.0,1.0,0,0,0,0.0,0.0,2.0,1.5,0.0,1.0,1.0,,,,,0.0,0.0,0.0,0.0,0.0,0.0,0.0,0.0,0.0,0.0,0.0,0.0,0.0,0.0,1.0,0.0,1.0,0.0,0.0,0.0,0.0,0.0,2.0,1.5,0.0,1.0,1.0
003115,Payton Cormier,Payton,Cormier,A,Attack,2,1,ATL,Atlas,2024-06-28,2024-08-17,6.0,5.0,5.0,0.0,5.0,1.0,11.0,9,1.0,0.0,0.0,0.0,0.0,0.0,2.0,1.0,0.0,0,0,0,0.0,0.0,0.0,0.0,5.0,27.0,15.0,0.45454545454545453,0.8181818181818182,,,3.0,2.5,2.5,0.0,2.5,0.5,5.5,4.5,0.5,0.0,0.0,0.0,0.0,0.0,1.0,0.5,0.0,0.0,0.0,0.0,0.0,0.0,0.0,0.0,2.5,13.5,7.5
003119,Alec Stathakis,Alec,Stathakis,FO,Faceoff,17,2,WAT,Waterdogs,2024-06-30,2025-08-09,2.0,2.0,2.0,0.0,2.0,0.0,16.0,4,6.0,0.0,0.0,0.0,0.0,0.0,84.0,10.0,2.0,204,203,411,0.0,0.0,0.0,0.0,1.0,100.0,74.0,0.125,0.25,0.49635036496350365,,0.11764705882352941,0.11764705882352941,0.11764705882352941,0.0,0.11764705882352941,0.0,0.9411764705882353,0.23529411764705882,0.35294117647058826,0.0,0.0,0.0,0.0,0.0,4.9411764705882355,0.5882352941176471,0.11764705882352941,12.0,11.941176470588236,24.176470588235293,0.0,0.0,0.0,0.0,0.058823529411764705,5.882352941176471,4.352941176470588
003120,Jack VanOverbeke,Jack,VanOverbeke,M,Midfield,8,2,ARC|OUT,Archers|Outlaws,2024-08-17,2025-07-13,8.0,4.0,4.0,0.0,4.0,4.0,23.0,14,0.0,0.0,0.0,0.0,0.0,0.0,5.0,6.0,0.0,0,0,0,0.0,0.0,0.0,0.0,10.0,106.0,77.0,0.17391304347826086,0.6086956521739131,,,1.0,0.5,0.5,0.0,0.5,0.5,2.875,1.75,0.0,0.0,0.0,0.0,0.0,0.0,0.625,0.75,0.0,0.0,0.0,0.0,0.0,0.0,0.0,0.0,1.25,13.25,9.625
003121,Brayden Mayea,Brayden,Mayea,A,Attack,5,2,CHA|RED,Chaos|Redwoods,2024-06-30,2026-05-16,5.0,5.0,5.0,0.0,5.0,0.0,20.0,12,0.0,0.0,0.0,0.0,0.0,0.0,9.0,5.0,1.0,0,0,0,0.0,0.0,2.0,1.0,5.0,86.0,61.0,0.25,0.6,,,1.0,1.0,1.0,0.0,1.0,0.0,4.0,2.4,0.0,0.0,0.0,0.0,0.0,0.0,1.8,1.0,0.2,0.0,0.0,0.0,0.0,0.0,0.4,0.2,1.0,17.2,12.2
003125,Matt Knote,Matt,Knote,G,Goalie,1,1,RED,Redwoods,2025-08-03,2025-08-03,0.0,0.0,0.0,0.0,0.0,0.0,0.0,0,0.0,0.0,0.0,0.0,0.0,0.0,0.0,0.0,0.0,0,0,0,0.0,0.0,0.0,0.0,0.0,1.0,1.0,,,,,0.0,0.0,0.0,0.0,0.0,0.0,0.0,0.0,0.0,0.0,0.0,0.0,0.0,0.0,0.0,0.0,0.0,0.0,0.0,0.0,0.0,0.0,0.0,0.0,0.0,1.0,1.0
003126,Mike Robinson,Mike,Robinson,A,Attack,1,1,CAN,Cannons,2024-06-29,2024-06-29,0.0,0.0,0.0,0.0,0.0,0.0,1.0,1,0.0,0.0,0.0,0.0,0.0,0.0,3.0,2.0,0.0,0,0,0,0.0,0.0,0.0,0.0,0.0,24.0,21.0,0.0,1.0,,,0.0,0.0,0.0,0.0,0.0,0.0,1.0,1.0,0.0,0.0,0.0,0.0,0.0,0.0,3.0,2.0,0.0,0.0,0.0,0.0,0.0,0.0,0.0,0.0,0.0,24.0,21.0
003128,Jack Posey,Jack,Posey,D,Defense,11,3,CHA|WHP,Chaos|Whipsnakes,2024-06-30,2026-06-27,1.0,0.0,0.0,0.0,0.0,1.0,1.0,1,1.0,0.0,0.0,0.0,0.0,0.0,10.0,4.0,5.0,0,0,0,0.0,0.0,3.0,3.0,1.0,44.0,39.0,0.0,1.0,,,0.09090909090909091,0.0,0.0,0.0,0.0,0.09090909090909091,0.09090909090909091,0.09090909090909091,0.09090909090909091,0.0,0.0,0.0,0.0,0.0,0.9090909090909091,0.36363636363636365,0.45454545454545453,0.0,0.0,0.0,0.0,0.0,0.2727272727272727,0.2727272727272727,0.09090909090909091,4.0,3.5454545454545454
003136,Jake Naso,Jake,Naso,FO,Faceoff,4,1,ARC,Archers,2025-07-12,2025-07-27,0.0,0.0,0.0,0.0,0.0,0.0,4.0,1,1.0,0.0,0.0,0.0,0.0,0.0,14.0,2.0,0.0,30,59,90,0.0,0.0,1.0,0.5,0.0,15.0,9.0,0.0,0.25,0.3333333333333333,,0.0,0.0,0.0,0.0,0.0,0.0,1.0,0.25,0.25,0.0,0.0,0.0,0.0,0.0,3.5,0.5,0.0,7.5,14.75,22.5,0.0,0.0,0.25,0.125,0.0,3.75,2.25
003142,Jack Koras,Jack,Koras,M,Midfield,6,1,WHP,Whipsnakes,2024-06-16,2024-08-10,5.0,4.0,4.0,0.0,4.0,1.0,15.0,11,0.0,0.0,0.0,0.0,0.0,0.0,17.0,1.0,4.0,0,0,0,0.0,0.0,1.0,0.5,4.0,78.0,62.0,0.26666666666666666,0.7333333333333333,,,0.8333333333333334,0.6666666666666666,0.6666666666666666,0.0,0.6666666666666666,0.16666666666666666,2.5,1.8333333333333333,0.0,0.0,0.0,0.0,0.0,0.0,2.8333333333333335,0.16666666666666666,0.6666666666666666,0.0,0.0,0.0,0.0,0.0,0.16666666666666666,0.08333333333333333,0.6666666666666666,13.0,10.333333333333334
003143,Logan McGovern,Logan,McGovern,M,Midfield,3,1,ATL,Atlas,2024-07-20,2024-08-17,3.0,3.0,3.0,0.0,3.0,0.0,11.0,9,0.0,0.0,0.0,0.0,0.0,0.0,4.0,3.0,0.0,0,0,0,0.0,0.0,1.0,0.5,4.0,59.0,45.0,0.2727272727272727,0.8181818181818182,,,1.0,1.0,1.0,0.0,1.0,0.0,3.6666666666666665,3.0,0.0,0.0,0.0,0.0,0.0,0.0,1.3333333333333333,1.0,0.0,0.0,0.0,0.0,0.0,0.0,0.3333333333333333,0.16666666666666666,1.3333333333333333,19.666666666666668,15.0
003145,JC Higginbotham,JC,Higginbotham,G,Goalie,2,1,CAN,Cannons,2026-06-07,2026-06-28,0.0,0.0,0.0,0.0,0.0,0.0,0.0,0,0.0,4.0,4.0,0.0,3.0,7.5856,1.0,0.0,0.0,0,0,0,3.0,0.0,0.0,0.0,0.0,6.0,6.0,,,,0.5714285714285714,0.0,0.0,0.0,0.0,0.0,0.0,0.0,0.0,0.0,2.0,2.0,0.0,1.5,3.7928,0.5,0.0,0.0,0.0,0.0,0.0,1.5,0.0,0.0,0.0,0.0,3.0,3.0
003149,JJ Sillstrop,JJ,Sillstrop,M,Midfield,10,1,CHA,Chaos,2025-05-30,2025-08-09,8.0,5.0,5.0,0.0,5.0,3.0,22.0,18,0.0,0.0,0.0,0.0,0.0,0.0,3.0,9.0,2.0,0,0,0,0.0,0.0,0.0,0.0,12.0,141.0,110.0,0.22727272727272727,0.8181818181818182,,,0.8,0.5,0.5,0.0,0.5,0.3,2.2,1.8,0.0,0.0,0.0,0.0,0.0,0.0,0.3,0.9,0.2,0.0,0.0,0.0,0.0,0.0,0.0,0.0,1.2,14.1,11.0
003151,Nathan Laliberte,Nathan,Laliberte,FO,Faceoff,4,1,ATL,Atlas,2026-05-09,2026-06-21,2.0,1.0,1.0,0.0,1.0,1.0,7.0,2,2.0,0.0,0.0,0.0,0.0,0.0,21.0,5.0,2.0,48,57,105,0.0,0.0,2.0,1.5,2.0,21.0,9.0,0.14285714285714285,0.2857142857142857,0.45714285714285713,,0.5,0.25,0.25,0.0,0.25,0.25,1.75,0.5,0.5,0.0,0.0,0.0,0.0,0.0,5.25,1.25,0.5,12.0,14.25,26.25,0.0,0.0,0.5,0.375,0.5,5.25,2.25
003152,James Shipley,James,Shipley,SSDM,Defensive Midfield,1,1,WHP,Whipsnakes,2026-05-09,2026-05-09,0.0,0.0,0.0,0.0,0.0,0.0,0.0,0,0.0,0.0,0.0,0.0,0.0,0.0,3.0,1.0,0.0,0,2,2,0.0,0.0,0.0,0.0,1.0,13.0,12.0,,,0.0,,0.0,0.0,0.0,0.0,0.0,0.0,0.0,0.0,0.0,0.0,0.0,0.0,0.0,0.0,3.0,1.0,0.0,0.0,2.0,2.0,0.0,0.0,0.0,0.0,1.0,13.0,12.0
003156,Aidan Danenza,Aidan,Danenza,M,Midfield,12,2,RED,Redwoods,2025-05-31,2026-06-28,16.0,13.0,13.0,0.0,13.0,3.0,58.0,37,6.0,0.0,0.0,0.0,0.0,0.0,11.0,14.0,2.0,0,0,0,0.0,0.0,1.0,0.5,14.0,269.0,197.0,0.22413793103448276,0.6379310344827587,,,1.3333333333333333,1.0833333333333333,1.0833333333333333,0.0,1.0833333333333333,0.25,4.833333333333333,3.0833333333333335,0.5,0.0,0.0,0.0,0.0,0.0,0.9166666666666666,1.1666666666666667,0.16666666666666666,0.0,0.0,0.0,0.0,0.0,0.08333333333333333,0.041666666666666664,1.1666666666666667,22.416666666666668,16.416666666666668
003157,Graydon Hogg,Graydon,Hogg,A,Attack,8,2,CAN,Cannons,2025-05-31,2026-06-28,9.0,7.0,7.0,0.0,7.0,2.0,27.0,19,0.0,0.0,0.0,0.0,0.0,0.0,7.0,6.0,0.0,0,0,0,0.0,0.0,0.0,0.0,7.0,145.0,112.0,0.25925925925925924,0.7037037037037037,,,1.125,0.875,0.875,0.0,0.875,0.25,3.375,2.375,0.0,0.0,0.0,0.0,0.0,0.0,0.875,0.75,0.0,0.0,0.0,0.0,0.0,0.0,0.0,0.0,0.875,18.125,14.0
003159,CJ Kirst,CJ,Kirst,A,Attack,7,2,WAT,Waterdogs,2025-07-20,2026-06-28,29.0,23.0,23.0,0.0,23.0,6.0,53.0,39,0.0,0.0,0.0,0.0,0.0,0.0,11.0,5.0,2.0,0,0,0,0.0,0.0,0.0,0.0,23.0,214.0,156.0,0.4339622641509434,0.7358490566037735,,,4.142857142857143,3.2857142857142856,3.2857142857142856,0.0,3.2857142857142856,0.8571428571428571,7.571428571428571,5.571428571428571,0.0,0.0,0.0,0.0,0.0,0.0,1.5714285714285714,0.7142857142857143,0.2857142857142857,0.0,0.0,0.0,0.0,0.0,0.0,0.0,3.2857142857142856,30.571428571428573,22.285714285714285
003160,Andrew McAdorey,Andrew,McAdorey,M,Midfield,16,2,RED,Redwoods,2025-05-31,2026-06-28,34.0,24.0,22.0,1.0,23.0,10.0,70.0,42,7.0,0.0,0.0,0.0,0.0,0.0,28.0,20.0,3.0,7,14,21,0.0,0.0,2.0,2.0,38.0,426.0,336.0,0.32857142857142857,0.6,0.3333333333333333,,2.125,1.5,1.375,0.0625,1.4375,0.625,4.375,2.625,0.4375,0.0,0.0,0.0,0.0,0.0,1.75,1.25,0.1875,0.4375,0.875,1.3125,0.0,0.0,0.125,0.125,2.375,26.625,21.0
003161,Sam English,Sam,English,M,Midfield,8,2,RED,Redwoods,2025-06-14,2026-06-28,13.0,10.0,10.0,0.0,10.0,3.0,36.0,24,1.0,0.0,0.0,0.0,0.0,0.0,24.0,13.0,6.0,0,1,1,0.0,0.0,0.0,0.0,9.0,166.0,117.0,0.2777777777777778,0.6666666666666666,0.0,,1.625,1.25,1.25,0.0,1.25,0.375,4.5,3.0,0.125,0.0,0.0,0.0,0.0,0.0,3.0,1.625,0.75,0.0,0.125,0.125,0.0,0.0,0.0,0.0,1.125,20.75,14.625
003162,Coulter Mackesy,Coulter,Mackesy,A,Attack,14,2,CAN,Cannons,2025-06-07,2026-06-28,40.0,28.0,24.0,2.0,26.0,12.0,94.0,60,10.0,0.0,0.0,0.0,0.0,0.0,23.0,21.0,4.0,0,0,0,0.0,0.0,5.0,3.0,38.0,470.0,355.0,0.2765957446808511,0.6382978723404256,,,2.857142857142857,2.0,1.7142857142857142,0.14285714285714285,1.8571428571428572,0.8571428571428571,6.714285714285714,4.285714285714286,0.7142857142857143,0.0,0.0,0.0,0.0,0.0,1.6428571428571428,1.5,0.2857142857142857,0.0,0.0,0.0,0.0,0.0,0.35714285714285715,0.21428571428571427,2.7142857142857144,33.57142857142857,25.357142857142858
003163,Brendan Lavelle,Brendan,Lavelle,D,Defense,16,2,ARC,Archers,2025-05-31,2026-06-28,1.0,0.0,0.0,0.0,0.0,1.0,2.0,1,2.0,0.0,0.0,0.0,0.0,0.0,54.0,5.0,13.0,0,0,0,0.0,0.0,3.0,2.5,1.0,124.0,117.0,0.0,0.5,,,0.0625,0.0,0.0,0.0,0.0,0.0625,0.125,0.0625,0.125,0.0,0.0,0.0,0.0,0.0,3.375,0.3125,0.8125,0.0,0.0,0.0,0.0,0.0,0.1875,0.15625,0.0625,7.75,7.3125
003164,Matt Traynor,Matt,Traynor,M,Midfield,15,2,ATL,Atlas,2025-05-30,2026-06-21,27.0,19.0,19.0,0.0,19.0,8.0,81.0,50,3.0,0.0,0.0,0.0,0.0,0.0,18.0,20.0,3.0,0,0,0,0.0,0.0,0.0,0.0,25.0,294.0,193.0,0.2345679012345679,0.6172839506172839,,,1.8,1.2666666666666666,1.2666666666666666,0.0,1.2666666666666666,0.5333333333333333,5.4,3.3333333333333335,0.2,0.0,0.0,0.0,0.0,0.0,1.2,1.3333333333333333,0.2,0.0,0.0,0.0,0.0,0.0,0.0,0.0,1.6666666666666667,19.6,12.866666666666667
003165,Aidan Carroll,Aidan,Carroll,A,Attack,16,2,WHP,Whipsnakes,2025-05-31,2026-06-27,44.0,33.0,33.0,0.0,33.0,11.0,93.0,64,5.0,0.0,0.0,0.0,0.0,0.0,9.0,19.0,1.0,0,0,0,0.0,0.0,2.0,1.5,25.0,481.0,369.0,0.3548387096774194,0.6881720430107527,,,2.75,2.0625,2.0625,0.0,2.0625,0.6875,5.8125,4.0,0.3125,0.0,0.0,0.0,0.0,0.0,0.5625,1.1875,0.0625,0.0,0.0,0.0,0.0,0.0,0.125,0.09375,1.5625,30.0625,23.0625
003166,Owen Hiltz,Owen,Hiltz,A,Attack,11,2,CHA,Chaos,2025-06-22,2026-06-28,33.0,21.0,21.0,0.0,21.0,12.0,62.0,44,2.0,0.0,0.0,0.0,0.0,0.0,13.0,23.0,3.0,0,0,0,0.0,0.0,2.0,1.5,25.0,296.0,211.0,0.3387096774193548,0.7096774193548387,,,3.0,1.9090909090909092,1.9090909090909092,0.0,1.9090909090909092,1.0909090909090908,5.636363636363637,4.0,0.18181818181818182,0.0,0.0,0.0,0.0,0.0,1.1818181818181819,2.090909090909091,0.2727272727272727,0.0,0.0,0.0,0.0,0.0,0.18181818181818182,0.13636363636363635,2.272727272727273,26.90909090909091,19.181818181818183
003167,Jake Taylor,Jake,Taylor,A,Attack,11,2,WAT,Waterdogs,2025-06-07,2026-05-17,18.0,13.0,13.0,0.0,13.0,5.0,41.0,30,0.0,0.0,0.0,0.0,0.0,0.0,17.0,9.0,1.0,0,0,0,0.0,0.0,1.0,1.0,7.0,113.0,63.0,0.3170731707317073,0.7317073170731707,,,1.6363636363636365,1.1818181818181819,1.1818181818181819,0.0,1.1818181818181819,0.45454545454545453,3.727272727272727,2.727272727272727,0.0,0.0,0.0,0.0,0.0,0.0,1.5454545454545454,0.8181818181818182,0.09090909090909091,0.0,0.0,0.0,0.0,0.0,0.09090909090909091,0.09090909090909091,0.6363636363636364,10.272727272727273,5.7272727272727275
003168,Chris Kavanagh,Chris,Kavanagh,A,Attack,14,2,RED,Redwoods,2025-05-31,2026-06-28,51.0,37.0,31.0,3.0,34.0,14.0,103.0,69,9.0,0.0,0.0,0.0,0.0,0.0,28.0,18.0,5.0,0,0,0,0.0,0.0,1.0,2.0,54.0,559.0,438.0,0.3300970873786408,0.6699029126213593,,,3.642857142857143,2.642857142857143,2.2142857142857144,0.21428571428571427,2.4285714285714284,1.0,7.357142857142857,4.928571428571429,0.6428571428571429,0.0,0.0,0.0,0.0,0.0,2.0,1.2857142857142858,0.35714285714285715,0.0,0.0,0.0,0.0,0.0,0.07142857142857142,0.14285714285714285,3.857142857142857,39.92857142857143,31.285714285714285
003169,Logan McNaney,Logan,McNaney,G,Goalie,13,2,OUT,Outlaws,2025-06-14,2026-06-27,0.0,0.0,0.0,0.0,0.0,0.0,2.0,1,2.0,173.0,102.0,71.0,133.0,131.48342,30.0,9.0,9.0,0,0,0,124.0,9.0,0.0,0.0,0.0,250.0,239.0,0.0,0.5,,0.5824915824915825,0.0,0.0,0.0,0.0,0.0,0.0,0.15384615384615385,0.07692307692307693,0.15384615384615385,13.307692307692308,7.846153846153846,5.461538461538462,10.23076923076923,10.11410923076923,2.3076923076923075,0.6923076923076923,0.6923076923076923,0.0,0.0,0.0,9.538461538461538,0.6923076923076923,0.0,0.0,0.0,19.23076923076923,18.384615384615383
003170,Mic Kelly,Mic,Kelly,M,Midfield,11,2,CAN,Cannons,2025-05-31,2026-06-28,20.0,13.0,11.0,1.0,12.0,7.0,58.0,41,5.0,0.0,0.0,0.0,0.0,0.0,7.0,11.0,4.0,0,0,0,0.0,0.0,1.0,0.5,27.0,269.0,200.0,0.20689655172413793,0.7068965517241379,,,1.8181818181818181,1.1818181818181819,1.0,0.09090909090909091,1.0909090909090908,0.6363636363636364,5.2727272727272725,3.727272727272727,0.45454545454545453,0.0,0.0,0.0,0.0,0.0,0.6363636363636364,1.0,0.36363636363636365,0.0,0.0,0.0,0.0,0.0,0.09090909090909091,0.045454545454545456,2.4545454545454546,24.454545454545453,18.181818181818183
003171,Levi Verch,Levi,Verch,LSM,Long Stick Midfield,10,1,CHA,Chaos,2025-05-30,2025-08-09,0.0,0.0,0.0,0.0,0.0,0.0,3.0,1,2.0,0.0,0.0,0.0,0.0,0.0,20.0,5.0,4.0,0,0,0,0.0,0.0,1.0,1.0,1.0,51.0,43.0,0.0,0.3333333333333333,,,0.0,0.0,0.0,0.0,0.0,0.0,0.3,0.1,0.2,0.0,0.0,0.0,0.0,0.0,2.0,0.5,0.4,0.0,0.0,0.0,0.0,0.0,0.1,0.1,0.1,5.1,4.3
003172,Max Krevsky,Max,Krevsky,SSDM,Defensive Midfield,11,2,ATL,Atlas,2025-06-14,2026-06-06,3.0,0.0,0.0,0.0,0.0,3.0,7.0,3,1.0,0.0,0.0,0.0,0.0,0.0,11.0,8.0,6.0,0,2,2,0.0,0.0,2.0,2.0,5.0,89.0,74.0,0.0,0.42857142857142855,0.0,,0.2727272727272727,0.0,0.0,0.0,0.0,0.2727272727272727,0.6363636363636364,0.2727272727272727,0.09090909090909091,0.0,0.0,0.0,0.0,0.0,1.0,0.7272727272727273,0.5454545454545454,0.0,0.18181818181818182,0.18181818181818182,0.0,0.0,0.18181818181818182,0.18181818181818182,0.45454545454545453,8.090909090909092,6.7272727272727275
003173,Jack McDonald,Jack,McDonald,LSM,Long Stick Midfield,9,2,WHP,Whipsnakes,2025-06-22,2026-06-21,2.0,2.0,2.0,0.0,2.0,0.0,4.0,4,0.0,0.0,0.0,0.0,0.0,0.0,10.0,2.0,2.0,0,0,0,0.0,0.0,1.0,1.0,3.0,33.0,27.0,0.5,1.0,,,0.2222222222222222,0.2222222222222222,0.2222222222222222,0.0,0.2222222222222222,0.0,0.4444444444444444,0.4444444444444444,0.0,0.0,0.0,0.0,0.0,0.0,1.1111111111111112,0.2222222222222222,0.2222222222222222,0.0,0.0,0.0,0.0,0.0,0.1111111111111111,0.1111111111111111,0.3333333333333333,3.6666666666666665,3.0
003174,Sam King,Sam,King,A,Attack,16,2,ARC,Archers,2025-05-31,2026-06-28,38.0,25.0,23.0,1.0,24.0,13.0,69.0,41,2.0,0.0,0.0,0.0,0.0,0.0,25.0,35.0,3.0,0,0,0,0.0,0.0,4.0,2.0,46.0,412.0,308.0,0.34782608695652173,0.5942028985507246,,,2.375,1.5625,1.4375,0.0625,1.5,0.8125,4.3125,2.5625,0.125,0.0,0.0,0.0,0.0,0.0,1.5625,2.1875,0.1875,0.0,0.0,0.0,0.0,0.0,0.25,0.125,2.875,25.75,19.25
003176,Emmet Carroll,Emmet,Carroll,G,Goalie,13,2,WHP,Whipsnakes,2025-06-07,2026-06-27,0.0,0.0,0.0,0.0,0.0,0.0,5.0,0,5.0,170.0,75.0,95.0,141.0,141.00208,24.0,1.0,3.0,0,0,0,134.0,7.0,0.0,0.0,1.0,233.0,227.0,0.0,0.0,,0.5592105263157895,0.0,0.0,0.0,0.0,0.0,0.0,0.38461538461538464,0.0,0.38461538461538464,13.076923076923077,5.769230769230769,7.3076923076923075,10.846153846153847,10.846313846153846,1.8461538461538463,0.07692307692307693,0.23076923076923078,0.0,0.0,0.0,10.307692307692308,0.5384615384615384,0.0,0.0,0.07692307692307693,17.923076923076923,17.46153846153846
003177,Mitchell Dunham,Mitchell,Dunham,D,Defense,6,1,ARC,Archers,2026-05-09,2026-06-28,0.0,0.0,0.0,0.0,0.0,0.0,0.0,0,0.0,0.0,0.0,0.0,0.0,0.0,14.0,1.0,9.0,0,0,0,0.0,0.0,5.0,6.0,0.0,32.0,31.0,,,,,0.0,0.0,0.0,0.0,0.0,0.0,0.0,0.0,0.0,0.0,0.0,0.0,0.0,0.0,2.3333333333333335,0.16666666666666666,1.5,0.0,0.0,0.0,0.0,0.0,0.8333333333333334,1.0,0.0,5.333333333333333,5.166666666666667
003178,Michael Grace,Michael,Grace,LSM,Long Stick Midfield,8,1,ATL,Atlas,2025-06-14,2025-08-09,10.0,6.0,2.0,2.0,4.0,4.0,6.0,5,4.0,0.0,0.0,0.0,0.0,0.0,18.0,1.0,6.0,0,0,0,0.0,0.0,1.0,1.0,8.0,58.0,51.0,0.6666666666666666,0.8333333333333334,,,1.25,0.75,0.25,0.25,0.5,0.5,0.75,0.625,0.5,0.0,0.0,0.0,0.0,0.0,2.25,0.125,0.75,0.0,0.0,0.0,0.0,0.0,0.125,0.125,1.0,7.25,6.375
003179,Ben Wayer,Ben,Wayer,LSM,Long Stick Midfield,13,2,WAT,Waterdogs,2025-06-07,2026-06-07,6.0,4.0,2.0,1.0,3.0,2.0,19.0,9,12.0,0.0,0.0,0.0,0.0,0.0,32.0,7.0,9.0,0,0,0,0.0,0.0,4.0,3.5,5.0,99.0,73.0,0.15789473684210525,0.47368421052631576,,,0.46153846153846156,0.3076923076923077,0.15384615384615385,0.07692307692307693,0.23076923076923078,0.15384615384615385,1.4615384615384615,0.6923076923076923,0.9230769230769231,0.0,0.0,0.0,0.0,0.0,2.4615384615384617,0.5384615384615384,0.6923076923076923,0.0,0.0,0.0,0.0,0.0,0.3076923076923077,0.2692307692307692,0.38461538461538464,7.615384615384615,5.615384615384615
003180,Christian Mazur,Christian,Mazur,SSDM,Defensive Midfield,10,1,WHP,Whipsnakes,2025-05-31,2025-08-09,1.0,1.0,1.0,0.0,1.0,0.0,5.0,2,1.0,0.0,0.0,0.0,0.0,0.0,13.0,1.0,4.0,0,0,0,0.0,0.0,0.0,0.0,3.0,69.0,63.0,0.2,0.4,,,0.1,0.1,0.1,0.0,0.1,0.0,0.5,0.2,0.1,0.0,0.0,0.0,0.0,0.0,1.3,0.1,0.4,0.0,0.0,0.0,0.0,0.0,0.0,0.0,0.3,6.9,6.3
003181,Jimmy Freehill,Jimmy,Freehill,D,Defense,14,2,WAT,Waterdogs,2025-06-07,2026-06-28,4.0,4.0,0.0,2.0,2.0,0.0,8.0,6,8.0,0.0,0.0,0.0,0.0,0.0,18.0,3.0,9.0,0,0,0,0.0,0.0,4.0,4.0,1.0,89.0,78.0,0.25,0.75,,,0.2857142857142857,0.2857142857142857,0.0,0.14285714285714285,0.14285714285714285,0.0,0.5714285714285714,0.42857142857142855,0.5714285714285714,0.0,0.0,0.0,0.0,0.0,1.2857142857142858,0.21428571428571427,0.6428571428571429,0.0,0.0,0.0,0.0,0.0,0.2857142857142857,0.2857142857142857,0.07142857142857142,6.357142857142857,5.571428571428571
003182,Kevin Parnham,Kevin,Parnham,D,Defense,1,1,OUT,Outlaws,2026-05-09,2026-05-09,0.0,0.0,0.0,0.0,0.0,0.0,0.0,0,0.0,0.0,0.0,0.0,0.0,0.0,1.0,0.0,0.0,0,0,0,0.0,0.0,0.0,0.0,0.0,8.0,8.0,,,,,0.0,0.0,0.0,0.0,0.0,0.0,0.0,0.0,0.0,0.0,0.0,0.0,0.0,0.0,1.0,0.0,0.0,0.0,0.0,0.0,0.0,0.0,0.0,0.0,0.0,8.0,8.0
003183,Jack Gray,Jack,Gray,SSDM,Defensive Midfield,8,2,OUT,Outlaws,2025-07-19,2026-06-27,2.0,1.0,1.0,0.0,1.0,1.0,2.0,1,0.0,0.0,0.0,0.0,0.0,0.0,4.0,1.0,3.0,2,4,6,0.0,0.0,4.0,2.0,1.0,21.0,18.0,0.5,0.5,0.3333333333333333,,0.25,0.125,0.125,0.0,0.125,0.125,0.25,0.125,0.0,0.0,0.0,0.0,0.0,0.0,0.5,0.125,0.375,0.25,0.5,0.75,0.0,0.0,0.5,0.25,0.125,2.625,2.25
003184,Ben Ramsey,Ben,Ramsey,SSDM,Defensive Midfield,16,2,CAN,Cannons,2025-05-31,2026-06-28,6.0,3.0,1.0,1.0,2.0,3.0,10.0,9,3.0,0.0,0.0,0.0,0.0,0.0,38.0,5.0,4.0,0,0,0,0.0,0.0,4.0,2.0,10.0,150.0,135.0,0.2,0.9,,,0.375,0.1875,0.0625,0.0625,0.125,0.1875,0.625,0.5625,0.1875,0.0,0.0,0.0,0.0,0.0,2.375,0.3125,0.25,0.0,0.0,0.0,0.0,0.0,0.25,0.125,0.625,9.375,8.4375
003185,Carter Rice,Carter,Rice,SSDM,Defensive Midfield,16,2,RED,Redwoods,2025-05-31,2026-06-28,0.0,0.0,0.0,0.0,0.0,0.0,0.0,0,0.0,0.0,0.0,0.0,0.0,0.0,19.0,5.0,4.0,0,0,0,0.0,0.0,2.0,1.0,2.0,101.0,96.0,,,,,0.0,0.0,0.0,0.0,0.0,0.0,0.0,0.0,0.0,0.0,0.0,0.0,0.0,0.0,1.1875,0.3125,0.25,0.0,0.0,0.0,0.0,0.0,0.125,0.0625,0.125,6.3125,6.0
003186,Hugh Kelleher,Hugh,Kelleher,M,Midfield,10,2,ATL,Atlas,2025-06-14,2026-06-21,14.0,12.0,10.0,1.0,11.0,2.0,33.0,19,6.0,0.0,0.0,0.0,0.0,0.0,12.0,9.0,0.0,0,0,0,0.0,0.0,1.0,0.5,6.0,138.0,96.0,0.3333333333333333,0.5757575757575758,,,1.4,1.2,1.0,0.1,1.1,0.2,3.3,1.9,0.6,0.0,0.0,0.0,0.0,0.0,1.2,0.9,0.0,0.0,0.0,0.0,0.0,0.0,0.1,0.05,0.6,13.8,9.6
003188,Bryce Ford,Bryce,Ford,M,Midfield,4,2,ARC,Archers,2025-05-31,2026-05-09,2.0,2.0,2.0,0.0,2.0,0.0,7.0,3,0.0,0.0,0.0,0.0,0.0,0.0,2.0,3.0,0.0,0,0,0,0.0,0.0,0.0,0.0,3.0,40.0,30.0,0.2857142857142857,0.42857142857142855,,,0.5,0.5,0.5,0.0,0.5,0.0,1.75,0.75,0.0,0.0,0.0,0.0,0.0,0.0,0.5,0.75,0.0,0.0,0.0,0.0,0.0,0.0,0.0,0.0,0.75,10.0,7.5
003190,AJ Pilate,AJ,Pilate,D,Defense,3,1,OUT,Outlaws,2025-06-22,2025-07-13,0.0,0.0,0.0,0.0,0.0,0.0,1.0,0,0.0,0.0,0.0,0.0,0.0,0.0,4.0,1.0,1.0,0,0,0,0.0,0.0,0.0,0.0,0.0,6.0,4.0,0.0,0.0,,,0.0,0.0,0.0,0.0,0.0,0.0,0.3333333333333333,0.0,0.0,0.0,0.0,0.0,0.0,0.0,1.3333333333333333,0.3333333333333333,0.3333333333333333,0.0,0.0,0.0,0.0,0.0,0.0,0.0,0.0,2.0,1.3333333333333333
003192,Jackson Eicher,Jackson,Eicher,A,Attack,16,2,CHA,Chaos,2025-05-30,2026-06-28,39.0,28.0,26.0,1.0,27.0,11.0,110.0,62,21.0,0.0,0.0,0.0,0.0,0.0,11.0,24.0,2.0,0,0,0,0.0,0.0,1.0,0.5,28.0,376.0,242.0,0.24545454545454545,0.5636363636363636,,,2.4375,1.75,1.625,0.0625,1.6875,0.6875,6.875,3.875,1.3125,0.0,0.0,0.0,0.0,0.0,0.6875,1.5,0.125,0.0,0.0,0.0,0.0,0.0,0.0625,0.03125,1.75,23.5,15.125
003193,Kyle Aldridge,Kyle,Aldridge,SSDM,Defensive Midfield,2,1,WHP,Whipsnakes,2025-07-26,2025-08-03,0.0,0.0,0.0,0.0,0.0,0.0,0.0,0,0.0,0.0,0.0,0.0,0.0,0.0,4.0,0.0,1.0,0,0,0,0.0,0.0,0.0,0.0,0.0,15.0,15.0,,,,,0.0,0.0,0.0,0.0,0.0,0.0,0.0,0.0,0.0,0.0,0.0,0.0,0.0,0.0,2.0,0.0,0.5,0.0,0.0,0.0,0.0,0.0,0.0,0.0,0.0,7.5,7.5
003194,Colin Sharkey,Colin,Sharkey,SSDM,Defensive Midfield,2,1,ARC,Archers,2026-05-09,2026-05-09,0.0,0.0,0.0,0.0,0.0,0.0,1.0,1,0.0,0.0,0.0,0.0,0.0,0.0,1.0,0.0,0.0,0,0,0,0.0,0.0,0.0,0.0,0.0,8.0,7.0,0.0,1.0,,,0.0,0.0,0.0,0.0,0.0,0.0,0.5,0.5,0.0,0.0,0.0,0.0,0.0,0.0,0.5,0.0,0.0,0.0,0.0,0.0,0.0,0.0,0.0,0.0,0.0,4.0,3.5
003195,Brian Kelly,Brian,Kelly,A,Attack,5,1,CAN,Cannons,2026-05-17,2026-06-28,14.0,8.0,8.0,0.0,8.0,6.0,20.0,14,1.0,0.0,0.0,0.0,0.0,0.0,8.0,11.0,0.0,0,0,0,0.0,0.0,1.0,1.0,8.0,144.0,113.0,0.4,0.7,,,2.8,1.6,1.6,0.0,1.6,1.2,4.0,2.8,0.2,0.0,0.0,0.0,0.0,0.0,1.6,2.2,0.0,0.0,0.0,0.0,0.0,0.0,0.2,0.2,1.6,28.8,22.6
003203,CK Giancola,CK,Giancola,M,Midfield,3,1,ARC,Archers,2026-05-09,2026-05-30,4.0,4.0,4.0,0.0,4.0,0.0,16.0,10,6.0,0.0,0.0,0.0,0.0,0.0,5.0,3.0,0.0,0,0,0,0.0,0.0,1.0,0.5,5.0,87.0,68.0,0.25,0.625,,,1.3333333333333333,1.3333333333333333,1.3333333333333333,0.0,1.3333333333333333,0.0,5.333333333333333,3.3333333333333335,2.0,0.0,0.0,0.0,0.0,0.0,1.6666666666666667,1.0,0.0,0.0,0.0,0.0,0.0,0.0,0.3333333333333333,0.16666666666666666,1.6666666666666667,29.0,22.666666666666668
003206,Greg Langermeier,Greg,Langermeier,SSDM,Defensive Midfield,9,1,CHA,Chaos,2025-06-06,2025-08-09,2.0,0.0,0.0,0.0,0.0,2.0,5.0,0,0.0,0.0,0.0,0.0,0.0,0.0,8.0,4.0,4.0,1,2,3,0.0,0.0,1.0,0.5,5.0,56.0,47.0,0.0,0.0,0.3333333333333333,,0.2222222222222222,0.0,0.0,0.0,0.0,0.2222222222222222,0.5555555555555556,0.0,0.0,0.0,0.0,0.0,0.0,0.0,0.8888888888888888,0.4444444444444444,0.4444444444444444,0.1111111111111111,0.2222222222222222,0.3333333333333333,0.0,0.0,0.1111111111111111,0.05555555555555555,0.5555555555555556,6.222222222222222,5.222222222222222
003208,Max Merklinger,Max,Merklinger,A,Attack,2,1,ARC,Archers,2025-06-28,2025-07-27,0.0,0.0,0.0,0.0,0.0,0.0,4.0,2,1.0,0.0,0.0,0.0,0.0,0.0,1.0,2.0,0.0,0,0,0,0.0,0.0,0.0,0.0,1.0,22.0,16.0,0.0,0.5,,,0.0,0.0,0.0,0.0,0.0,0.0,2.0,1.0,0.5,0.0,0.0,0.0,0.0,0.0,0.5,1.0,0.0,0.0,0.0,0.0,0.0,0.0,0.0,0.0,0.5,11.0,8.0
003209,Michael Lampert,Michael,Lampert,A,Attack,4,2,WAT,Waterdogs,2025-06-13,2026-05-09,1.0,0.0,0.0,0.0,0.0,1.0,4.0,2,0.0,0.0,0.0,0.0,0.0,0.0,0.0,4.0,0.0,0,0,0,0.0,0.0,0.0,0.0,2.0,27.0,19.0,0.0,0.5,,,0.25,0.0,0.0,0.0,0.0,0.25,1.0,0.5,0.0,0.0,0.0,0.0,0.0,0.0,0.0,1.0,0.0,0.0,0.0,0.0,0.0,0.0,0.0,0.0,0.5,6.75,4.75
003211,Josh Balcarcel,Josh,Balcarcel,M,Midfield,13,2,RED,Redwoods,2025-05-31,2026-06-28,13.0,10.0,10.0,0.0,10.0,3.0,26.0,24,2.0,0.0,0.0,0.0,0.0,0.0,6.0,8.0,0.0,0,0,0,0.0,0.0,2.0,1.0,9.0,185.0,151.0,0.38461538461538464,0.9230769230769231,,,1.0,0.7692307692307693,0.7692307692307693,0.0,0.7692307692307693,0.23076923076923078,2.0,1.8461538461538463,0.15384615384615385,0.0,0.0,0.0,0.0,0.0,0.46153846153846156,0.6153846153846154,0.0,0.0,0.0,0.0,0.0,0.0,0.15384615384615385,0.07692307692307693,0.6923076923076923,14.23076923076923,11.615384615384615
003212,Ray Dearth,Ray,Dearth,SSDM,Defensive Midfield,14,2,CHA,Chaos,2025-05-30,2026-06-28,5.0,3.0,1.0,1.0,2.0,2.0,4.0,2,1.0,0.0,0.0,0.0,0.0,0.0,17.0,2.0,5.0,2,15,17,0.0,0.0,2.0,1.0,6.0,82.0,76.0,0.5,0.5,0.11764705882352941,,0.35714285714285715,0.21428571428571427,0.07142857142857142,0.07142857142857142,0.14285714285714285,0.14285714285714285,0.2857142857142857,0.14285714285714285,0.07142857142857142,0.0,0.0,0.0,0.0,0.0,1.2142857142857142,0.14285714285714285,0.35714285714285715,0.14285714285714285,1.0714285714285714,1.2142857142857142,0.0,0.0,0.14285714285714285,0.07142857142857142,0.42857142857142855,5.857142857142857,5.428571428571429
003215,Tommy Stull,Tommy,Stull,LSM,Long Stick Midfield,2,1,ARC,Archers,2026-05-09,2026-06-05,0.0,0.0,0.0,0.0,0.0,0.0,0.0,0,0.0,0.0,0.0,0.0,0.0,0.0,4.0,0.0,1.0,0,0,0,0.0,0.0,0.0,0.0,0.0,6.0,6.0,,,,,0.0,0.0,0.0,0.0,0.0,0.0,0.0,0.0,0.0,0.0,0.0,0.0,0.0,0.0,2.0,0.0,0.5,0.0,0.0,0.0,0.0,0.0,0.0,0.0,0.0,3.0,3.0
003228,Remington Reynolds,Remington,Reynolds,D,Defense,4,1,CAN,Cannons,2026-05-15,2026-06-28,0.0,0.0,0.0,0.0,0.0,0.0,1.0,0,0.0,0.0,0.0,0.0,0.0,0.0,8.0,1.0,2.0,0,0,0,0.0,0.0,3.0,3.5,0.0,18.0,16.0,0.0,0.0,,,0.0,0.0,0.0,0.0,0.0,0.0,0.25,0.0,0.0,0.0,0.0,0.0,0.0,0.0,2.0,0.25,0.5,0.0,0.0,0.0,0.0,0.0,0.75,0.875,0.0,4.5,4.0
003229,Matt Wright,Matt,Wright,LSM,Long Stick Midfield,2,1,RED,Redwoods,2026-06-20,2026-06-28,0.0,0.0,0.0,0.0,0.0,0.0,0.0,0,0.0,0.0,0.0,0.0,0.0,0.0,3.0,0.0,0.0,0,0,0,0.0,0.0,0.0,0.0,0.0,11.0,11.0,,,,,0.0,0.0,0.0,0.0,0.0,0.0,0.0,0.0,0.0,0.0,0.0,0.0,0.0,0.0,1.5,0.0,0.0,0.0,0.0,0.0,0.0,0.0,0.0,0.0,0.0,5.5,5.5
003232,Casey Wilson,Casey,Wilson,M,Midfield,1,1,WAT,Waterdogs,2026-05-31,2026-05-31,0.0,0.0,0.0,0.0,0.0,0.0,0.0,0,0.0,0.0,0.0,0.0,0.0,0.0,1.0,1.0,0.0,0,0,0,0.0,0.0,0.0,0.0,0.0,5.0,4.0,,,,,0.0,0.0,0.0,0.0,0.0,0.0,0.0,0.0,0.0,0.0,0.0,0.0,0.0,0.0,1.0,1.0,0.0,0.0,0.0,0.0,0.0,0.0,0.0,0.0,0.0,5.0,4.0
003238,Aidan McLane,Aidan,McLane,M,Midfield,1,1,ATL,Atlas,2026-05-16,2026-05-16,0.0,0.0,0.0,0.0,0.0,0.0,3.0,0,0.0,0.0,0.0,0.0,0.0,0.0,0.0,0.0,0.0,0,0,0,0.0,0.0,0.0,0.0,0.0,8.0,5.0,0.0,0.0,,,0.0,0.0,0.0,0.0,0.0,0.0,3.0,0.0,0.0,0.0,0.0,0.0,0.0,0.0,0.0,0.0,0.0,0.0,0.0,0.0,0.0,0.0,0.0,0.0,0.0,8.0,5.0
003242,Cooper Frankenheimer,Cooper,Frankenheimer,SSDM,Defensive Midfield,1,1,ATL,Atlas,2026-05-16,2026-05-16,0.0,0.0,0.0,0.0,0.0,0.0,1.0,0,0.0,0.0,0.0,0.0,0.0,0.0,1.0,0.0,0.0,0,0,0,0.0,0.0,0.0,0.0,1.0,4.0,3.0,0.0,0.0,,,0.0,0.0,0.0,0.0,0.0,0.0,1.0,0.0,0.0,0.0,0.0,0.0,0.0,0.0,1.0,0.0,0.0,0.0,0.0,0.0,0.0,0.0,0.0,0.0,1.0,4.0,3.0
003248,Ryan Stines,Ryan,Stines,M,Midfield,6,1,ARC,Archers,2026-05-09,2026-06-28,14.0,7.0,7.0,0.0,7.0,7.0,24.0,17,0.0,0.0,0.0,0.0,0.0,0.0,3.0,8.0,1.0,0,0,0,0.0,0.0,1.0,0.5,19.0,168.0,136.0,0.2916666666666667,0.7083333333333334,,,2.3333333333333335,1.1666666666666667,1.1666666666666667,0.0,1.1666666666666667,1.1666666666666667,4.0,2.8333333333333335,0.0,0.0,0.0,0.0,0.0,0.0,0.5,1.3333333333333333,0.16666666666666666,0.0,0.0,0.0,0.0,0.0,0.16666666666666666,0.08333333333333333,3.1666666666666665,28.0,22.666666666666668
003249,Logan Ip,Logan,Ip,M,Midfield,2,1,CAN,Cannons,2026-06-07,2026-06-28,0.0,0.0,0.0,0.0,0.0,0.0,5.0,4,0.0,0.0,0.0,0.0,0.0,0.0,0.0,0.0,0.0,0,0,0,0.0,0.0,0.0,0.0,2.0,22.0,17.0,0.0,0.8,,,0.0,0.0,0.0,0.0,0.0,0.0,2.5,2.0,0.0,0.0,0.0,0.0,0.0,0.0,0.0,0.0,0.0,0.0,0.0,0.0,0.0,0.0,0.0,0.0,1.0,11.0,8.5
003250,Eric Spanos,Eric,Spanos,A,Attack,6,1,CHA,Chaos,2026-05-09,2026-06-28,5.0,5.0,5.0,0.0,5.0,0.0,22.0,18,2.0,0.0,0.0,0.0,0.0,0.0,3.0,4.0,0.0,0,0,0,0.0,0.0,0.0,0.0,0.0,68.0,42.0,0.22727272727272727,0.8181818181818182,,,0.8333333333333334,0.8333333333333334,0.8333333333333334,0.0,0.8333333333333334,0.0,3.6666666666666665,3.0,0.3333333333333333,0.0,0.0,0.0,0.0,0.0,0.5,0.6666666666666666,0.0,0.0,0.0,0.0,0.0,0.0,0.0,0.0,0.0,11.333333333333334,7.0
003251,Nikko DiPonio,Nikko,DiPonio,D,Defense,2,1,ATL,Atlas,2026-05-09,2026-05-16,0.0,0.0,0.0,0.0,0.0,0.0,1.0,0,0.0,0.0,0.0,0.0,0.0,0.0,6.0,0.0,1.0,0,0,0,0.0,0.0,0.0,0.0,0.0,15.0,14.0,0.0,0.0,,,0.0,0.0,0.0,0.0,0.0,0.0,0.5,0.0,0.0,0.0,0.0,0.0,0.0,0.0,3.0,0.0,0.5,0.0,0.0,0.0,0.0,0.0,0.0,0.0,0.0,7.5,7.0
003252,Leo Johnson,Leo,Johnson,M,Midfield,3,1,ARC,Archers,2026-06-05,2026-06-28,6.0,5.0,5.0,0.0,5.0,1.0,21.0,12,0.0,0.0,0.0,0.0,0.0,0.0,2.0,2.0,0.0,0,0,0,0.0,0.0,0.0,0.0,5.0,51.0,28.0,0.23809523809523808,0.5714285714285714,,,2.0,1.6666666666666667,1.6666666666666667,0.0,1.6666666666666667,0.3333333333333333,7.0,4.0,0.0,0.0,0.0,0.0,0.0,0.0,0.6666666666666666,0.6666666666666666,0.0,0.0,0.0,0.0,0.0,0.0,0.0,0.0,1.6666666666666667,17.0,9.333333333333334
003253,Marcus Wertheim,Marcus,Wertheim,M,Midfield,2,1,RED,Redwoods,2026-05-09,2026-05-16,1.0,0.0,0.0,0.0,0.0,1.0,7.0,3,0.0,0.0,0.0,0.0,0.0,0.0,1.0,2.0,0.0,0,0,0,0.0,0.0,0.0,0.0,3.0,48.0,39.0,0.0,0.42857142857142855,,,0.5,0.0,0.0,0.0,0.0,0.5,3.5,1.5,0.0,0.0,0.0,0.0,0.0,0.0,0.5,1.0,0.0,0.0,0.0,0.0,0.0,0.0,0.0,0.0,1.5,24.0,19.5
003254,Peter Detwiler,Peter,Detwiler,SSDM,Defensive Midfield,6,1,CHA,Chaos,2026-05-09,2026-06-28,2.0,2.0,2.0,0.0,2.0,0.0,4.0,4,0.0,0.0,0.0,0.0,0.0,0.0,12.0,2.0,2.0,0,0,0,0.0,0.0,1.0,0.5,4.0,52.0,46.0,0.5,1.0,,,0.3333333333333333,0.3333333333333333,0.3333333333333333,0.0,0.3333333333333333,0.0,0.6666666666666666,0.6666666666666666,0.0,0.0,0.0,0.0,0.0,0.0,2.0,0.3333333333333333,0.3333333333333333,0.0,0.0,0.0,0.0,0.0,0.16666666666666666,0.08333333333333333,0.6666666666666666,8.666666666666666,7.666666666666667
003255,Joe Juengerkes,Joe,Juengerkes,SSDM,Defensive Midfield,5,1,WHP,Whipsnakes,2026-05-09,2026-06-21,2.0,0.0,0.0,0.0,0.0,2.0,0.0,0,0.0,0.0,0.0,0.0,0.0,0.0,3.0,1.0,0.0,0,5,5,0.0,0.0,1.0,1.0,2.0,33.0,32.0,,,0.0,,0.4,0.0,0.0,0.0,0.0,0.4,0.0,0.0,0.0,0.0,0.0,0.0,0.0,0.0,0.6,0.2,0.0,0.0,1.0,1.0,0.0,0.0,0.2,0.2,0.4,6.6,6.4
003257,Teddy Malone,Teddy,Malone,A,Attack,4,1,CHA,Chaos,2026-05-09,2026-06-06,4.0,2.0,2.0,0.0,2.0,2.0,6.0,3,0.0,0.0,0.0,0.0,0.0,0.0,1.0,2.0,0.0,0,0,0,0.0,0.0,0.0,0.0,3.0,53.0,45.0,0.3333333333333333,0.5,,,1.0,0.5,0.5,0.0,0.5,0.5,1.5,0.75,0.0,0.0,0.0,0.0,0.0,0.0,0.25,0.5,0.0,0.0,0.0,0.0,0.0,0.0,0.0,0.0,0.75,13.25,11.25
003259,Liam Kammar,Liam,Kammar,SSDM,Defensive Midfield,5,1,ATL,Atlas,2026-05-09,2026-06-21,0.0,0.0,0.0,0.0,0.0,0.0,1.0,1,0.0,0.0,0.0,0.0,0.0,0.0,4.0,0.0,1.0,0,0,0,0.0,0.0,0.0,0.0,0.0,21.0,20.0,0.0,1.0,,,0.0,0.0,0.0,0.0,0.0,0.0,0.2,0.2,0.0,0.0,0.0,0.0,0.0,0.0,0.8,0.0,0.2,0.0,0.0,0.0,0.0,0.0,0.0,0.0,0.0,4.2,4.0
003260,Jack Pilling,Jack,Pilling,SSDM,Defensive Midfield,3,1,WHP,Whipsnakes,2026-05-16,2026-06-27,1.0,0.0,0.0,0.0,0.0,1.0,1.0,0,0.0,0.0,0.0,0.0,0.0,0.0,7.0,1.0,1.0,0,1,1,0.0,0.0,0.0,0.0,3.0,28.0,26.0,0.0,0.0,0.0,,0.3333333333333333,0.0,0.0,0.0,0.0,0.3333333333333333,0.3333333333333333,0.0,0.0,0.0,0.0,0.0,0.0,0.0,2.3333333333333335,0.3333333333333333,0.3333333333333333,0.0,0.3333333333333333,0.3333333333333333,0.0,0.0,0.0,0.0,1.0,9.333333333333334,8.666666666666666
003261,Truitt Sunderland,Truitt,Sunderland,A,Attack,5,1,WHP,Whipsnakes,2026-05-16,2026-06-27,8.0,4.0,4.0,0.0,4.0,4.0,12.0,9,0.0,0.0,0.0,0.0,0.0,0.0,0.0,3.0,0.0,0,0,0,0.0,0.0,0.0,0.0,11.0,70.0,55.0,0.3333333333333333,0.75,,,1.6,0.8,0.8,0.0,0.8,0.8,2.4,1.8,0.0,0.0,0.0,0.0,0.0,0.0,0.0,0.6,0.0,0.0,0.0,0.0,0.0,0.0,0.0,0.0,2.2,14.0,11.0
003264,Sean Byrne,Sean,Byrne,G,Goalie,1,1,WAT,Waterdogs,2026-05-17,2026-05-17,0.0,0.0,0.0,0.0,0.0,0.0,0.0,0,0.0,3.0,1.0,2.0,3.0,13.37461,0.0,0.0,0.0,0,0,0,3.0,0.0,0.0,0.0,0.0,3.0,3.0,,,,0.5,0.0,0.0,0.0,0.0,0.0,0.0,0.0,0.0,0.0,3.0,1.0,2.0,3.0,13.37461,0.0,0.0,0.0,0.0,0.0,0.0,3.0,0.0,0.0,0.0,0.0,3.0,3.0
003266,Silas Richmond,Silas,Richmond,A,Attack,1,1,WAT,Waterdogs,2026-06-28,2026-06-28,0.0,0.0,0.0,0.0,0.0,0.0,0.0,0,0.0,0.0,0.0,0.0,0.0,0.0,0.0,0.0,1.0,0,0,0,0.0,0.0,0.0,0.0,1.0,5.0,5.0,,,,,0.0,0.0,0.0,0.0,0.0,0.0,0.0,0.0,0.0,0.0,0.0,0.0,0.0,0.0,0.0,0.0,1.0,0.0,0.0,0.0,0.0,0.0,0.0,0.0,1.0,5.0,5.0
003267,Mikey Weisshaar,Mikey,Weisshaar,M,Midfield,6,1,CAN,Cannons,2026-05-15,2026-06-28,8.0,7.0,7.0,0.0,7.0,1.0,27.0,15,1.0,0.0,0.0,0.0,0.0,0.0,6.0,11.0,2.0,0,0,0,0.0,0.0,0.0,0.0,8.0,140.0,102.0,0.25925925925925924,0.5555555555555556,,,1.3333333333333333,1.1666666666666667,1.1666666666666667,0.0,1.1666666666666667,0.16666666666666666,4.5,2.5,0.16666666666666666,0.0,0.0,0.0,0.0,0.0,1.0,1.8333333333333333,0.3333333333333333,0.0,0.0,0.0,0.0,0.0,0.0,0.0,1.3333333333333333,23.333333333333332,17.0
003269,Brendan Staub,Brendan,Staub,LSM,Long Stick Midfield,3,1,WAT,Waterdogs,2026-05-31,2026-06-28,1.0,1.0,1.0,0.0,1.0,0.0,3.0,2,2.0,0.0,0.0,0.0,0.0,0.0,7.0,1.0,1.0,0,0,0,0.0,0.0,0.0,0.0,2.0,23.0,19.0,0.3333333333333333,0.6666666666666666,,,0.3333333333333333,0.3333333333333333,0.3333333333333333,0.0,0.3333333333333333,0.0,1.0,0.6666666666666666,0.6666666666666666,0.0,0.0,0.0,0.0,0.0,2.3333333333333335,0.3333333333333333,0.3333333333333333,0.0,0.0,0.0,0.0,0.0,0.0,0.0,0.6666666666666666,7.666666666666667,6.333333333333333
003270,Evan Plunkett,Evan,Plunkett,M,Midfield,4,1,OUT,Outlaws,2026-05-16,2026-06-27,4.0,1.0,1.0,0.0,1.0,3.0,22.0,10,0.0,0.0,0.0,0.0,0.0,0.0,2.0,4.0,1.0,0,0,0,0.0,0.0,0.0,0.0,9.0,78.0,52.0,0.045454545454545456,0.45454545454545453,,,1.0,0.25,0.25,0.0,0.25,0.75,5.5,2.5,0.0,0.0,0.0,0.0,0.0,0.0,0.5,1.0,0.25,0.0,0.0,0.0,0.0,0.0,0.0,0.0,2.25,19.5,13.0
003271,Hunter Smith,Hunter,Smith,D,Defense,3,1,CAN,Cannons,2026-05-29,2026-06-19,0.0,0.0,0.0,0.0,0.0,0.0,0.0,0,0.0,0.0,0.0,0.0,0.0,0.0,4.0,0.0,4.0,0,0,0,0.0,0.0,0.0,0.0,1.0,15.0,15.0,,,,,0.0,0.0,0.0,0.0,0.0,0.0,0.0,0.0,0.0,0.0,0.0,0.0,0.0,0.0,1.3333333333333333,0.0,1.3333333333333333,0.0,0.0,0.0,0.0,0.0,0.0,0.0,0.3333333333333333,5.0,5.0
003273,Matt Collison,Matt,Collison,M,Midfield,1,1,WAT,Waterdogs,2026-06-28,2026-06-28,3.0,3.0,1.0,1.0,2.0,0.0,5.0,3,1.0,0.0,0.0,0.0,0.0,0.0,0.0,1.0,0.0,0,0,0,0.0,0.0,0.0,0.0,1.0,36.0,30.0,0.4,0.6,,,3.0,3.0,1.0,1.0,2.0,0.0,5.0,3.0,1.0,0.0,0.0,0.0,0.0,0.0,0.0,1.0,0.0,0.0,0.0,0.0,0.0,0.0,0.0,0.0,1.0,36.0,30.0
003274,Patty Eldredge,Patty,Eldredge,SSDM,Defensive Midfield,1,1,WAT,Waterdogs,2026-05-31,2026-05-31,0.0,0.0,0.0,0.0,0.0,0.0,0.0,0,0.0,0.0,0.0,0.0,0.0,0.0,2.0,0.0,1.0,0,0,0,0.0,0.0,0.0,0.0,0.0,5.0,5.0,,,,,0.0,0.0,0.0,0.0,0.0,0.0,0.0,0.0,0.0,0.0,0.0,0.0,0.0,0.0,2.0,0.0,1.0,0.0,0.0,0.0,0.0,0.0,0.0,0.0,0.0,5.0,5.0
003275,Andrew McMeekin,Andrew,McMeekin,FO,Faceoff,3,1,CAN,Cannons,2026-06-07,2026-06-28,3.0,0.0,0.0,0.0,0.0,3.0,8.0,2,2.0,0.0,0.0,0.0,0.0,0.0,26.0,1.0,1.0,47,34,81,0.0,0.0,0.0,0.0,5.0,29.0,20.0,0.0,0.25,0.5802469135802469,,1.0,0.0,0.0,0.0,0.0,1.0,2.6666666666666665,0.6666666666666666,0.6666666666666666,0.0,0.0,0.0,0.0,0.0,8.666666666666666,0.3333333333333333,0.3333333333333333,15.666666666666666,11.333333333333334,27.0,0.0,0.0,0.0,0.0,1.6666666666666667,9.666666666666666,6.666666666666667
003276,Richard Checo,Richard,Checo,LSM,Long Stick Midfield,1,1,CHA,Chaos,2026-05-31,2026-05-31,0.0,0.0,0.0,0.0,0.0,0.0,0.0,0,0.0,0.0,0.0,0.0,0.0,0.0,0.0,1.0,0.0,0,0,0,0.0,0.0,0.0,0.0,0.0,2.0,1.0,,,,,0.0,0.0,0.0,0.0,0.0,0.0,0.0,0.0,0.0,0.0,0.0,0.0,0.0,0.0,0.0,1.0,0.0,0.0,0.0,0.0,0.0,0.0,0.0,0.0,0.0,2.0,1.0
003277,Joey Spallina,Joey,Spallina,A,Attack,4,1,WHP,Whipsnakes,2026-05-29,2026-06-27,13.0,5.0,5.0,0.0,5.0,8.0,21.0,11,0.0,0.0,0.0,0.0,0.0,0.0,7.0,5.0,0.0,0,0,0,0.0,0.0,2.0,1.5,19.0,138.0,112.0,0.23809523809523808,0.5238095238095238,,,3.25,1.25,1.25,0.0,1.25,2.0,5.25,2.75,0.0,0.0,0.0,0.0,0.0,0.0,1.75,1.25,0.0,0.0,0.0,0.0,0.0,0.0,0.5,0.375,4.75,34.5,28.0
003278,Aidan Maguire,Aidan,Maguire,SSDM,Defensive Midfield,4,1,ARC,Archers,2026-05-30,2026-06-28,1.0,0.0,0.0,0.0,0.0,1.0,2.0,1,1.0,0.0,0.0,0.0,0.0,0.0,6.0,3.0,0.0,0,0,0,0.0,0.0,2.0,1.0,3.0,34.0,29.0,0.0,0.5,,,0.25,0.0,0.0,0.0,0.0,0.25,0.5,0.25,0.25,0.0,0.0,0.0,0.0,0.0,1.5,0.75,0.0,0.0,0.0,0.0,0.0,0.0,0.5,0.25,0.75,8.5,7.25
003279,Luke Rhoa,Luke,Rhoa,M,Midfield,1,1,ATL,Atlas,2026-06-06,2026-06-06,0.0,0.0,0.0,0.0,0.0,0.0,5.0,2,0.0,0.0,0.0,0.0,0.0,0.0,1.0,1.0,1.0,0,0,0,0.0,0.0,0.0,0.0,0.0,15.0,9.0,0.0,0.4,,,0.0,0.0,0.0,0.0,0.0,0.0,5.0,2.0,0.0,0.0,0.0,0.0,0.0,0.0,1.0,1.0,1.0,0.0,0.0,0.0,0.0,0.0,0.0,0.0,0.0,15.0,9.0
003280,Chad Palumbo,Chad,Palumbo,M,Midfield,4,1,CHA,Chaos,2026-05-31,2026-06-28,11.0,8.0,8.0,0.0,8.0,3.0,29.0,18,2.0,0.0,0.0,0.0,0.0,0.0,4.0,7.0,3.0,0,0,0,0.0,0.0,0.0,0.0,5.0,80.0,44.0,0.27586206896551724,0.6206896551724138,,,2.75,2.0,2.0,0.0,2.0,0.75,7.25,4.5,0.5,0.0,0.0,0.0,0.0,0.0,1.0,1.75,0.75,0.0,0.0,0.0,0.0,0.0,0.0,0.0,1.25,20.0,11.0
003281,Kyle Lewis,Kyle,Lewis,M,Midfield,2,1,WAT,Waterdogs,2026-06-07,2026-06-28,2.0,2.0,2.0,0.0,2.0,0.0,9.0,5,0.0,0.0,0.0,0.0,0.0,0.0,2.0,1.0,0.0,0,0,0,0.0,0.0,1.0,0.5,3.0,28.0,18.0,0.2222222222222222,0.5555555555555556,,,1.0,1.0,1.0,0.0,1.0,0.0,4.5,2.5,0.0,0.0,0.0,0.0,0.0,0.0,1.0,0.5,0.0,0.0,0.0,0.0,0.0,0.0,0.5,0.25,1.5,14.0,9.0
003282,Billy Dwan,Billy,Dwan,D,Defense,4,1,WHP,Whipsnakes,2026-05-29,2026-06-27,1.0,0.0,0.0,0.0,0.0,1.0,2.0,1,1.0,0.0,0.0,0.0,0.0,0.0,6.0,0.0,2.0,0,0,0,0.0,0.0,2.0,1.5,1.0,13.0,11.0,0.0,0.5,,,0.25,0.0,0.0,0.0,0.0,0.25,0.5,0.25,0.25,0.0,0.0,0.0,0.0,0.0,1.5,0.0,0.5,0.0,0.0,0.0,0.0,0.0,0.5,0.375,0.25,3.25,2.75
003283,Blake Eiland,Blake,Eiland,SSDM,Defensive Midfield,4,1,WHP,Whipsnakes,2026-05-29,2026-06-27,0.0,0.0,0.0,0.0,0.0,0.0,1.0,1,0.0,0.0,0.0,0.0,0.0,0.0,4.0,0.0,1.0,0,0,0,0.0,0.0,0.0,0.0,0.0,19.0,18.0,0.0,1.0,,,0.0,0.0,0.0,0.0,0.0,0.0,0.25,0.25,0.0,0.0,0.0,0.0,0.0,0.0,1.0,0.0,0.25,0.0,0.0,0.0,0.0,0.0,0.0,0.0,0.0,4.75,4.5
003284,Eric Kolar,Eric,Kolar,SSDM,Defensive Midfield,3,1,WHP,Whipsnakes,2026-05-30,2026-06-27,1.0,1.0,1.0,0.0,1.0,0.0,2.0,1,0.0,0.0,0.0,0.0,0.0,0.0,5.0,1.0,1.0,0,0,0,0.0,0.0,0.0,0.0,0.0,22.0,19.0,0.5,0.5,,,0.3333333333333333,0.3333333333333333,0.3333333333333333,0.0,0.3333333333333333,0.0,0.6666666666666666,0.3333333333333333,0.0,0.0,0.0,0.0,0.0,0.0,1.6666666666666667,0.3333333333333333,0.3333333333333333,0.0,0.0,0.0,0.0,0.0,0.0,0.0,0.0,7.333333333333333,6.333333333333333
003285,Jack Regnery,Jack,Regnery,A,Attack,2,1,CAN,Cannons,2026-06-19,2026-06-28,4.0,3.0,3.0,0.0,3.0,1.0,14.0,7,0.0,0.0,0.0,0.0,0.0,0.0,0.0,1.0,0.0,0,0,0,0.0,0.0,0.0,0.0,3.0,35.0,20.0,0.21428571428571427,0.5,,,2.0,1.5,1.5,0.0,1.5,0.5,7.0,3.5,0.0,0.0,0.0,0.0,0.0,0.0,0.0,0.5,0.0,0.0,0.0,0.0,0.0,0.0,0.0,0.0,1.5,17.5,10.0
003286,Will Donovan,Will,Donovan,LSM,Long Stick Midfield,3,1,CAN,Cannons,2026-06-07,2026-06-28,0.0,0.0,0.0,0.0,0.0,0.0,0.0,0,0.0,0.0,0.0,0.0,0.0,0.0,7.0,0.0,3.0,0,0,0,0.0,0.0,0.0,0.0,0.0,10.0,10.0,,,,,0.0,0.0,0.0,0.0,0.0,0.0,0.0,0.0,0.0,0.0,0.0,0.0,0.0,0.0,2.3333333333333335,0.0,1.0,0.0,0.0,0.0,0.0,0.0,0.0,0.0,0.0,3.3333333333333335,3.3333333333333335
003288,Josh Yago,Josh,Yago,M,Midfield,3,1,WAT,Waterdogs,2026-05-31,2026-06-28,6.0,4.0,2.0,1.0,3.0,2.0,9.0,6,1.0,0.0,0.0,0.0,0.0,0.0,1.0,1.0,0.0,0,0,0,0.0,0.0,1.0,1.0,6.0,68.0,58.0,0.3333333333333333,0.6666666666666666,,,2.0,1.3333333333333333,0.6666666666666666,0.3333333333333333,1.0,0.6666666666666666,3.0,2.0,0.3333333333333333,0.0,0.0,0.0,0.0,0.0,0.3333333333333333,0.3333333333333333,0.0,0.0,0.0,0.0,0.0,0.0,0.3333333333333333,0.3333333333333333,2.0,22.666666666666668,19.333333333333332
003289,Alex Ross,Alex,Ross,D,Defense,4,1,ATL,Atlas,2026-05-30,2026-06-21,0.0,0.0,0.0,0.0,0.0,0.0,5.0,1,4.0,0.0,0.0,0.0,0.0,0.0,10.0,3.0,0.0,0,0,0,0.0,0.0,0.0,0.0,2.0,37.0,29.0,0.0,0.2,,,0.0,0.0,0.0,0.0,0.0,0.0,1.25,0.25,1.0,0.0,0.0,0.0,0.0,0.0,2.5,0.75,0.0,0.0,0.0,0.0,0.0,0.0,0.0,0.0,0.5,9.25,7.25
003292,Henry Bard,Henry,Bard,D,Defense,1,1,CHA,Chaos,2026-06-28,2026-06-28,0.0,0.0,0.0,0.0,0.0,0.0,0.0,0,0.0,0.0,0.0,0.0,0.0,0.0,2.0,1.0,1.0,0,0,0,0.0,0.0,0.0,0.0,0.0,8.0,7.0,,,,,0.0,0.0,0.0,0.0,0.0,0.0,0.0,0.0,0.0,0.0,0.0,0.0,0.0,0.0,2.0,1.0,1.0,0.0,0.0,0.0,0.0,0.0,0.0,0.0,0.0,8.0,7.0
003293,Hunter Drouin,Hunter,Drouin,A,Attack,1,1,ATL,Atlas,2026-06-06,2026-06-06,0.0,0.0,0.0,0.0,0.0,0.0,3.0,0,0.0,0.0,0.0,0.0,0.0,0.0,1.0,1.0,0.0,0,0,0,0.0,0.0,1.0,0.5,0.0,8.0,4.0,0.0,0.0,,,0.0,0.0,0.0,0.0,0.0,0.0,3.0,0.0,0.0,0.0,0.0,0.0,0.0,0.0,1.0,1.0,0.0,0.0,0.0,0.0,0.0,0.0,1.0,0.5,0.0,8.0,4.0
003296,Cullen Brown,Cullen,Brown,D,Defense,4,1,RED,Redwoods,2026-06-06,2026-06-28,1.0,1.0,1.0,0.0,1.0,0.0,2.0,1,1.0,0.0,0.0,0.0,0.0,0.0,12.0,1.0,4.0,0,0,0,0.0,0.0,0.0,0.0,0.0,38.0,35.0,0.5,0.5,,,0.25,0.25,0.25,0.0,0.25,0.0,0.5,0.25,0.25,0.0,0.0,0.0,0.0,0.0,3.0,0.25,1.0,0.0,0.0,0.0,0.0,0.0,0.0,0.0,0.0,9.5,8.75
003297,Michael Leo,Michael,Leo,M,Midfield,4,1,RED,Redwoods,2026-06-06,2026-06-28,4.0,3.0,3.0,0.0,3.0,1.0,14.0,9,0.0,0.0,0.0,0.0,0.0,0.0,0.0,3.0,0.0,0,0,0,0.0,0.0,0.0,0.0,2.0,52.0,35.0,0.21428571428571427,0.6428571428571429,,,1.0,0.75,0.75,0.0,0.75,0.25,3.5,2.25,0.0,0.0,0.0,0.0,0.0,0.0,0.0,0.75,0.0,0.0,0.0,0.0,0.0,0.0,0.0,0.0,0.5,13.0,8.75
003300,Ty English,Ty,English,M,Midfield,1,1,CHA,Chaos,2026-06-28,2026-06-28,2.0,2.0,0.0,1.0,1.0,0.0,2.0,1,1.0,0.0,0.0,0.0,0.0,0.0,5.0,1.0,1.0,0,0,0,0.0,0.0,0.0,0.0,0.0,19.0,16.0,0.5,0.5,,,2.0,2.0,0.0,1.0,1.0,0.0,2.0,1.0,1.0,0.0,0.0,0.0,0.0,0.0,5.0,1.0,1.0,0.0,0.0,0.0,0.0,0.0,0.0,0.0,0.0,19.0,16.0
