season,player_id,full_name,first_name,last_name,position,position_name,games,teams,team_names,first_game_date,last_game_date,points,scoring_points,one_point_goals,two_point_goals,goals,assists,shots,shots_on_goal,two_point_shots,saves,clean_saves,messy_saves,scores_against,saa,ground_balls,turnovers,caused_turnovers,faceoffs_won,faceoffs_lost,faceoffs,goals_against,two_point_goals_against,num_penalties,pim,assist_opportunities,touches,total_passes,shot_pct_calc,shots_on_goal_rate_calc,faceoff_pct_calc,save_pct_calc,clean_save_pct,clean_save_rate,assist_conv_rate,two_pt_conversion,points_per_game,scoring_points_per_game,one_point_goals_per_game,two_point_goals_per_game,goals_per_game,assists_per_game,shots_per_game,shots_on_goal_per_game,two_point_shots_per_game,saves_per_game,clean_saves_per_game,messy_saves_per_game,scores_against_per_game,saa_per_game,ground_balls_per_game,turnovers_per_game,caused_turnovers_per_game,faceoffs_won_per_game,faceoffs_lost_per_game,faceoffs_per_game,goals_against_per_game,two_point_goals_against_per_game,num_penalties_per_game,pim_per_game,assist_opportunities_per_game,touches_per_game,total_passes_per_game,assist_opp_per_game
2022,000201,Adam Ghitelman,Adam,Ghitelman,G,Goalie,9,ARC,Archers,2022-06-05,2022-08-21,0.0,0.0,0.0,0.0,0.0,0.0,2.0,1,2.0,92.0,20.0,72.0,96.0,96.02296450939457,31.0,2.0,3.0,0,0,0,91.0,5.0,1.0,1.0,1.0,122.0,118.0,0.0,0.5,,0.5027322404371585,21.73913043478261,0.1092896174863388,0.0,0.0,0.0,0.0,0.0,0.0,0.0,0.0,0.2222222222222222,0.1111111111111111,0.2222222222222222,10.222222222222221,2.2222222222222223,8.0,10.666666666666666,10.669218278821619,3.4444444444444446,0.2222222222222222,0.3333333333333333,0.0,0.0,0.0,10.11111111111111,0.5555555555555556,0.1111111111111111,0.1111111111111111,0.1111111111111111,13.555555555555555,13.11111111111111,0.1111111111111111
2022,000204,Christian Cuccinello,Christian,Cuccinello,A,Attack,2,CAN,Cannons,2022-06-11,2022-07-24,2.0,2.0,2.0,0.0,2.0,0.0,6.0,4,0.0,0.0,0.0,0.0,0.0,0.0,1.0,0.0,0.0,0,0,0,0.0,0.0,0.0,0.0,0.0,16.0,10.0,0.3333333333333333,0.6666666666666666,,,,,,,1.0,1.0,1.0,0.0,1.0,0.0,3.0,2.0,0.0,0.0,0.0,0.0,0.0,0.0,0.5,0.0,0.0,0.0,0.0,0.0,0.0,0.0,0.0,0.0,0.0,8.0,5.0,0.0
2022,000207,Dominique Alexander,Dominique,Alexander,SSDM,Defensive Midfield,9,ARC,Archers,2022-06-05,2022-08-21,2.0,1.0,1.0,0.0,1.0,1.0,1.0,1,0.0,0.0,0.0,0.0,0.0,0.0,15.0,0.0,9.0,0,0,0,0.0,0.0,4.0,3.0,2.0,66.0,65.0,1.0,1.0,,,,,0.5,,0.2222222222222222,0.1111111111111111,0.1111111111111111,0.0,0.1111111111111111,0.1111111111111111,0.1111111111111111,0.1111111111111111,0.0,0.0,0.0,0.0,0.0,0.0,1.6666666666666667,0.0,1.0,0.0,0.0,0.0,0.0,0.0,0.4444444444444444,0.3333333333333333,0.2222222222222222,7.333333333333333,7.222222222222222,0.2222222222222222
2022,000211,Ian MacKay,Ian,MacKay,SSDM,Defensive Midfield,5,CHA,Chaos,2022-06-25,2022-08-21,0.0,0.0,0.0,0.0,0.0,0.0,4.0,3,4.0,0.0,0.0,0.0,0.0,0.0,1.0,2.0,1.0,0,1,1,0.0,0.0,2.0,1.5,2.0,27.0,21.0,0.0,0.75,0.0,,,,0.0,0.0,0.0,0.0,0.0,0.0,0.0,0.0,0.8,0.6,0.8,0.0,0.0,0.0,0.0,0.0,0.2,0.4,0.2,0.0,0.2,0.2,0.0,0.0,0.4,0.3,0.4,5.4,4.2,0.4
2022,000213,Jerry Ragonese,Jerry,Ragonese,FO,Faceoff,1,CHA,Chaos,2022-07-02,2022-07-02,1.0,1.0,1.0,0.0,1.0,0.0,1.0,1,0.0,0.0,0.0,0.0,0.0,0.0,2.0,0.0,0.0,2,6,8,0.0,0.0,0.0,0.0,0.0,2.0,1.0,1.0,1.0,0.25,,,,,,1.0,1.0,1.0,0.0,1.0,0.0,1.0,1.0,0.0,0.0,0.0,0.0,0.0,0.0,2.0,0.0,0.0,2.0,6.0,8.0,0.0,0.0,0.0,0.0,0.0,2.0,1.0,0.0
2022,000216,Marcus Holman,Marcus,Holman,A,Attack,10,ARC,Archers,2022-06-05,2022-08-21,29.0,21.0,17.0,2.0,19.0,8.0,55.0,38,6.0,0.0,0.0,0.0,0.0,0.0,22.0,14.0,0.0,0,0,0,0.0,0.0,1.0,0.5,29.0,354.0,285.0,0.34545454545454546,0.6909090909090909,,,,,0.27586206896551724,0.3333333333333333,2.9,2.1,1.7,0.2,1.9,0.8,5.5,3.8,0.6,0.0,0.0,0.0,0.0,0.0,2.2,1.4,0.0,0.0,0.0,0.0,0.0,0.0,0.1,0.05,2.9,35.4,28.5,2.9
2022,000217,Mark McNeill,Mark,McNeill,SSDM,Defensive Midfield,9,ARC,Archers,2022-06-05,2022-08-21,1.0,0.0,0.0,0.0,0.0,1.0,0.0,0,0.0,0.0,0.0,0.0,0.0,0.0,9.0,3.0,2.0,0,0,0,0.0,0.0,1.0,0.5,1.0,36.0,33.0,,,,,,,1.0,,0.1111111111111111,0.0,0.0,0.0,0.0,0.1111111111111111,0.0,0.0,0.0,0.0,0.0,0.0,0.0,0.0,1.0,0.3333333333333333,0.2222222222222222,0.0,0.0,0.0,0.0,0.0,0.1111111111111111,0.05555555555555555,0.1111111111111111,4.0,3.6666666666666665,0.1111111111111111
2022,000218,Matt McMahon,Matt,McMahon,D,Defense,10,ARC,Archers,2022-06-05,2022-08-21,0.0,0.0,0.0,0.0,0.0,0.0,0.0,0,0.0,0.0,0.0,0.0,0.0,0.0,7.0,2.0,10.0,0,0,0,0.0,0.0,2.0,1.5,0.0,22.0,20.0,,,,,,,,,0.0,0.0,0.0,0.0,0.0,0.0,0.0,0.0,0.0,0.0,0.0,0.0,0.0,0.0,0.7,0.2,1.0,0.0,0.0,0.0,0.0,0.0,0.2,0.15,0.0,2.2,2.0,0.0
2022,000221,Ryan Ambler,Ryan,Ambler,M,Midfield,10,ARC,Archers,2022-06-05,2022-08-21,15.0,13.0,13.0,0.0,13.0,2.0,45.0,26,1.0,0.0,0.0,0.0,0.0,0.0,5.0,9.0,1.0,0,0,0,0.0,0.0,0.0,0.0,13.0,215.0,161.0,0.28888888888888886,0.5777777777777777,,,,,0.15384615384615385,0.0,1.5,1.3,1.3,0.0,1.3,0.2,4.5,2.6,0.1,0.0,0.0,0.0,0.0,0.0,0.5,0.9,0.1,0.0,0.0,0.0,0.0,0.0,0.0,0.0,1.3,21.5,16.1,1.3
2022,000222,Stephen Kelly,Stephen,Kelly,FO,Faceoff,9,CAN,Cannons,2022-06-05,2022-08-21,5.0,4.0,4.0,0.0,4.0,1.0,7.0,6,0.0,0.0,0.0,0.0,0.0,0.0,65.0,8.0,0.0,106,111,217,0.0,0.0,0.0,0.0,4.0,68.0,53.0,0.5714285714285714,0.8571428571428571,0.48847926267281105,,,,0.25,,0.5555555555555556,0.4444444444444444,0.4444444444444444,0.0,0.4444444444444444,0.1111111111111111,0.7777777777777778,0.6666666666666666,0.0,0.0,0.0,0.0,0.0,0.0,7.222222222222222,0.8888888888888888,0.0,11.777777777777779,12.333333333333334,24.11111111111111,0.0,0.0,0.0,0.0,0.4444444444444444,7.555555555555555,5.888888888888889,0.4444444444444444
2022,000223,Scott Ratliff,Scott,Ratliff,D,Defense,10,ARC,Archers,2022-06-05,2022-08-21,2.0,1.0,1.0,0.0,1.0,1.0,10.0,8,8.0,0.0,0.0,0.0,0.0,0.0,27.0,4.0,13.0,0,0,0,0.0,0.0,3.0,2.5,6.0,111.0,97.0,0.1,0.8,,,,,0.16666666666666666,0.0,0.2,0.1,0.1,0.0,0.1,0.1,1.0,0.8,0.8,0.0,0.0,0.0,0.0,0.0,2.7,0.4,1.3,0.0,0.0,0.0,0.0,0.0,0.3,0.25,0.6,11.1,9.7,0.6
2022,000225,Tom Schreiber,Tom,Schreiber,M,Midfield,10,ARC,Archers,2022-06-05,2022-08-21,35.0,21.0,17.0,2.0,19.0,14.0,52.0,37,5.0,0.0,0.0,0.0,0.0,0.0,11.0,23.0,0.0,0,0,0,0.0,0.0,0.0,0.0,57.0,374.0,299.0,0.36538461538461536,0.7115384615384616,,,,,0.24561403508771928,0.4,3.5,2.1,1.7,0.2,1.9,1.4,5.2,3.7,0.5,0.0,0.0,0.0,0.0,0.0,1.1,2.3,0.0,0.0,0.0,0.0,0.0,0.0,0.0,0.0,5.7,37.4,29.9,5.7
2022,000227,Will Manny,Will,Manny,A,Attack,10,ARC,Archers,2022-06-05,2022-08-21,33.0,16.0,16.0,0.0,16.0,17.0,56.0,41,3.0,0.0,0.0,0.0,0.0,0.0,4.0,20.0,0.0,0,0,0,0.0,0.0,2.0,1.0,37.0,344.0,268.0,0.2857142857142857,0.7321428571428571,,,,,0.4594594594594595,0.0,3.3,1.6,1.6,0.0,1.6,1.7,5.6,4.1,0.3,0.0,0.0,0.0,0.0,0.0,0.4,2.0,0.0,0.0,0.0,0.0,0.0,0.0,0.2,0.1,3.7,34.4,26.8,3.7
2022,000231,Chris Cloutier,Chris,Cloutier,A,Attack,6,CHA,Chaos,2022-07-02,2022-08-21,14.0,9.0,9.0,0.0,9.0,5.0,26.0,22,0.0,0.0,0.0,0.0,0.0,0.0,11.0,12.0,0.0,0,0,0,0.0,0.0,0.0,0.0,18.0,159.0,121.0,0.34615384615384615,0.8461538461538461,,,,,0.2777777777777778,,2.3333333333333335,1.5,1.5,0.0,1.5,0.8333333333333334,4.333333333333333,3.6666666666666665,0.0,0.0,0.0,0.0,0.0,0.0,1.8333333333333333,2.0,0.0,0.0,0.0,0.0,0.0,0.0,0.0,0.0,3.0,26.5,20.166666666666668,3.0
2022,000234,Eric Law,Eric,Law,A,Attack,10,ATL,Atlas,2022-06-04,2022-08-21,29.0,18.0,18.0,0.0,18.0,11.0,33.0,27,0.0,0.0,0.0,0.0,0.0,0.0,11.0,23.0,0.0,0,0,0,0.0,0.0,3.0,2.5,31.0,339.0,283.0,0.5454545454545454,0.8181818181818182,,,,,0.3548387096774194,,2.9,1.8,1.8,0.0,1.8,1.1,3.3,2.7,0.0,0.0,0.0,0.0,0.0,0.0,1.1,2.3,0.0,0.0,0.0,0.0,0.0,0.0,0.3,0.25,3.1,33.9,28.3,3.1
2022,000235,Jake Richard,Jake,Richard,SSDM,Defensive Midfield,10,ATL,Atlas,2022-06-04,2022-08-21,2.0,1.0,1.0,0.0,1.0,1.0,4.0,4,2.0,0.0,0.0,0.0,0.0,0.0,9.0,3.0,7.0,0,0,0,0.0,0.0,5.0,4.0,2.0,77.0,70.0,0.25,1.0,,,,,0.5,0.0,0.2,0.1,0.1,0.0,0.1,0.1,0.4,0.4,0.2,0.0,0.0,0.0,0.0,0.0,0.9,0.3,0.7,0.0,0.0,0.0,0.0,0.0,0.5,0.4,0.2,7.7,7.0,0.2
2022,000238,John Crawley,John,Crawley,M,Midfield,9,ATL,Atlas,2022-06-04,2022-08-13,5.0,4.0,4.0,0.0,4.0,1.0,22.0,13,1.0,0.0,0.0,0.0,0.0,0.0,3.0,8.0,0.0,0,0,0,0.0,0.0,0.0,0.0,5.0,99.0,69.0,0.18181818181818182,0.5909090909090909,,,,,0.2,0.0,0.5555555555555556,0.4444444444444444,0.4444444444444444,0.0,0.4444444444444444,0.1111111111111111,2.4444444444444446,1.4444444444444444,0.1111111111111111,0.0,0.0,0.0,0.0,0.0,0.3333333333333333,0.8888888888888888,0.0,0.0,0.0,0.0,0.0,0.0,0.0,0.0,0.5555555555555556,11.0,7.666666666666667,0.5555555555555556
2022,000240,Kieran McArdle,Kieran,McArdle,A,Attack,10,WAT,Waterdogs,2022-06-05,2022-08-21,42.0,19.0,19.0,0.0,19.0,23.0,62.0,43,2.0,0.0,0.0,0.0,0.0,0.0,19.0,24.0,0.0,0,0,0,0.0,0.0,0.0,0.0,67.0,363.0,277.0,0.3064516129032258,0.6935483870967742,,,,,0.34328358208955223,0.0,4.2,1.9,1.9,0.0,1.9,2.3,6.2,4.3,0.2,0.0,0.0,0.0,0.0,0.0,1.9,2.4,0.0,0.0,0.0,0.0,0.0,0.0,0.0,0.0,6.7,36.3,27.7,6.7
2022,000241,Jack Concannon,Jack,Concannon,G,Goalie,10,ATL,Atlas,2022-06-04,2022-08-21,0.0,0.0,0.0,0.0,0.0,0.0,0.0,0,0.0,125.0,27.0,98.0,112.0,115.47008442201576,19.0,6.0,2.0,0,0,0,103.0,9.0,1.0,1.0,3.0,96.0,90.0,,,,0.5482456140350878,21.6,0.11842105263157894,0.0,,0.0,0.0,0.0,0.0,0.0,0.0,0.0,0.0,0.0,12.5,2.7,9.8,11.2,11.547008442201577,1.9,0.6,0.2,0.0,0.0,0.0,10.3,0.9,0.1,0.1,0.3,9.6,9.0,0.3
2022,000242,Kyle Hartzell,Kyle,Hartzell,LSM,Long Stick Midfield,8,RED,Redwoods,2022-06-04,2022-08-20,3.0,3.0,1.0,1.0,2.0,0.0,4.0,3,3.0,0.0,0.0,0.0,0.0,0.0,9.0,2.0,5.0,0,1,1,0.0,0.0,1.0,1.0,0.0,33.0,27.0,0.5,0.75,0.0,,,,,0.3333333333333333,0.375,0.375,0.125,0.125,0.25,0.0,0.5,0.375,0.375,0.0,0.0,0.0,0.0,0.0,1.125,0.25,0.625,0.0,0.125,0.125,0.0,0.0,0.125,0.125,0.0,4.125,3.375,0.0
2022,000246,Ryan Brown,Ryan,Brown,A,Attack,7,WAT,Waterdogs,2022-06-05,2022-08-21,11.0,11.0,9.0,1.0,10.0,0.0,43.0,27,2.0,0.0,0.0,0.0,0.0,0.0,3.0,2.0,1.0,0,0,0,0.0,0.0,2.0,1.0,0.0,79.0,34.0,0.23255813953488372,0.627906976744186,,,,,,0.5,1.5714285714285714,1.5714285714285714,1.2857142857142858,0.14285714285714285,1.4285714285714286,0.0,6.142857142857143,3.857142857142857,0.2857142857142857,0.0,0.0,0.0,0.0,0.0,0.42857142857142855,0.2857142857142857,0.14285714285714285,0.0,0.0,0.0,0.0,0.0,0.2857142857142857,0.14285714285714285,0.0,11.285714285714286,4.857142857142857,0.0
2022,000251,Steven DeNapoli,Steven,DeNapoli,SSDM,Defensive Midfield,4,WAT,Waterdogs,2022-07-31,2022-08-21,3.0,3.0,3.0,0.0,3.0,0.0,4.0,4,0.0,0.0,0.0,0.0,0.0,0.0,4.0,2.0,0.0,0,0,0,0.0,0.0,0.0,0.0,1.0,17.0,11.0,0.75,1.0,,,,,0.0,,0.75,0.75,0.75,0.0,0.75,0.0,1.0,1.0,0.0,0.0,0.0,0.0,0.0,0.0,1.0,0.5,0.0,0.0,0.0,0.0,0.0,0.0,0.0,0.0,0.25,4.25,2.75,0.25
2022,000254,Trevor Baptiste,Trevor,Baptiste,FO,Faceoff,9,ATL,Atlas,2022-06-04,2022-08-21,10.0,6.0,4.0,1.0,5.0,4.0,18.0,11,1.0,0.0,0.0,0.0,0.0,0.0,83.0,4.0,1.0,153,66,219,0.0,0.0,5.0,2.5,8.0,112.0,90.0,0.2777777777777778,0.6111111111111112,0.6986301369863014,,,,0.5,1.0,1.1111111111111112,0.6666666666666666,0.4444444444444444,0.1111111111111111,0.5555555555555556,0.4444444444444444,2.0,1.2222222222222223,0.1111111111111111,0.0,0.0,0.0,0.0,0.0,9.222222222222221,0.4444444444444444,0.1111111111111111,17.0,7.333333333333333,24.333333333333332,0.0,0.0,0.5555555555555556,0.2777777777777778,0.8888888888888888,12.444444444444445,10.0,0.8888888888888888
2022,000255,Tucker Durkin,Tucker,Durkin,D,Defense,10,ATL,Atlas,2022-06-04,2022-08-21,0.0,0.0,0.0,0.0,0.0,0.0,0.0,0,0.0,0.0,0.0,0.0,0.0,0.0,10.0,2.0,5.0,0,0,0,0.0,0.0,2.0,1.5,0.0,32.0,30.0,,,,,,,,,0.0,0.0,0.0,0.0,0.0,0.0,0.0,0.0,0.0,0.0,0.0,0.0,0.0,0.0,1.0,0.2,0.5,0.0,0.0,0.0,0.0,0.0,0.2,0.15,0.0,3.2,3.0,0.0
2022,000258,Blaze Riorden,Blaze,Riorden,G,Goalie,10,CHA,Chaos,2022-06-04,2022-08-21,1.0,0.0,0.0,0.0,0.0,1.0,3.0,1,3.0,137.0,61.0,76.0,126.0,126.0,15.0,3.0,5.0,0,0,0,118.0,8.0,0.0,0.0,4.0,150.0,144.0,0.0,0.3333333333333333,,0.5372549019607843,44.52554744525548,0.23921568627450981,0.25,0.0,0.1,0.0,0.0,0.0,0.0,0.1,0.3,0.1,0.3,13.7,6.1,7.6,12.6,12.6,1.5,0.3,0.5,0.0,0.0,0.0,11.8,0.8,0.0,0.0,0.4,15.0,14.4,0.4
2022,000260,Brodie Merrill,Brodie,Merrill,LSM,Long Stick Midfield,6,CAN,Cannons,2022-06-11,2022-08-21,1.0,0.0,0.0,0.0,0.0,1.0,0.0,0,0.0,0.0,0.0,0.0,0.0,0.0,15.0,3.0,6.0,0,0,0,0.0,0.0,2.0,1.5,3.0,34.0,31.0,,,,,,,0.3333333333333333,,0.16666666666666666,0.0,0.0,0.0,0.0,0.16666666666666666,0.0,0.0,0.0,0.0,0.0,0.0,0.0,0.0,2.5,0.5,1.0,0.0,0.0,0.0,0.0,0.0,0.3333333333333333,0.25,0.5,5.666666666666667,5.166666666666667,0.5
2022,000262,Connor Fields,Connor,Fields,M,Midfield,6,ARC,Archers,2022-07-01,2022-08-21,16.0,12.0,12.0,0.0,12.0,4.0,32.0,26,0.0,0.0,0.0,0.0,0.0,0.0,5.0,6.0,1.0,0,0,0,0.0,0.0,0.0,0.0,18.0,129.0,91.0,0.375,0.8125,,,,,0.2222222222222222,,2.6666666666666665,2.0,2.0,0.0,2.0,0.6666666666666666,5.333333333333333,4.333333333333333,0.0,0.0,0.0,0.0,0.0,0.0,0.8333333333333334,1.0,0.16666666666666666,0.0,0.0,0.0,0.0,0.0,0.0,0.0,3.0,21.5,15.166666666666666,3.0
2022,000266,Dhane Smith,Dhane,Smith,M,Midfield,7,CHA,Chaos,2022-06-25,2022-08-21,23.0,6.0,6.0,0.0,6.0,17.0,29.0,17,0.0,0.0,0.0,0.0,0.0,0.0,4.0,12.0,1.0,0,0,0,0.0,0.0,0.0,0.0,39.0,243.0,202.0,0.20689655172413793,0.5862068965517241,,,,,0.4358974358974359,,3.2857142857142856,0.8571428571428571,0.8571428571428571,0.0,0.8571428571428571,2.4285714285714284,4.142857142857143,2.4285714285714284,0.0,0.0,0.0,0.0,0.0,0.0,0.5714285714285714,1.7142857142857142,0.14285714285714285,0.0,0.0,0.0,0.0,0.0,0.0,0.0,5.571428571428571,34.714285714285715,28.857142857142858,5.571428571428571
2022,000267,Jake Froccaro,Jake,Froccaro,M,Midfield,5,CAN,Cannons,2022-06-05,2022-07-02,8.0,2.0,0.0,1.0,1.0,6.0,20.0,11,8.0,0.0,0.0,0.0,0.0,0.0,8.0,3.0,1.0,0,3,3,0.0,0.0,1.0,0.5,18.0,113.0,90.0,0.05,0.55,0.0,,,,0.3333333333333333,0.125,1.6,0.4,0.0,0.2,0.2,1.2,4.0,2.2,1.6,0.0,0.0,0.0,0.0,0.0,1.6,0.6,0.2,0.0,0.6,0.6,0.0,0.0,0.2,0.1,3.6,22.6,18.0,3.6
2022,000268,James Barclay,James,Barclay,D,Defense,1,WHP,Whipsnakes,2022-07-23,2022-07-23,0.0,0.0,0.0,0.0,0.0,0.0,1.0,1,0.0,0.0,0.0,0.0,0.0,0.0,2.0,0.0,0.0,0,0,0,0.0,0.0,0.0,0.0,0.0,4.0,3.0,0.0,1.0,,,,,,,0.0,0.0,0.0,0.0,0.0,0.0,1.0,1.0,0.0,0.0,0.0,0.0,0.0,0.0,2.0,0.0,0.0,0.0,0.0,0.0,0.0,0.0,0.0,0.0,0.0,4.0,3.0,0.0
2022,000269,Jarrod Neumann,Jarrod,Neumann,D,Defense,10,CHA,Chaos,2022-06-04,2022-08-21,1.0,0.0,0.0,0.0,0.0,1.0,6.0,2,6.0,0.0,0.0,0.0,0.0,0.0,14.0,5.0,6.0,0,0,0,0.0,0.0,1.0,2.0,1.0,47.0,36.0,0.0,0.3333333333333333,,,,,1.0,0.0,0.1,0.0,0.0,0.0,0.0,0.1,0.6,0.2,0.6,0.0,0.0,0.0,0.0,0.0,1.4,0.5,0.6,0.0,0.0,0.0,0.0,0.0,0.1,0.2,0.1,4.7,3.6,0.1
2022,000272,Josh Byrne,Josh,Byrne,A,Attack,7,CHA,Chaos,2022-06-25,2022-08-21,20.0,15.0,15.0,0.0,15.0,5.0,53.0,32,1.0,0.0,0.0,0.0,0.0,0.0,9.0,15.0,2.0,0,0,0,0.0,0.0,2.0,1.5,24.0,238.0,170.0,0.2830188679245283,0.6037735849056604,,,,,0.20833333333333334,0.0,2.857142857142857,2.142857142857143,2.142857142857143,0.0,2.142857142857143,0.7142857142857143,7.571428571428571,4.571428571428571,0.14285714285714285,0.0,0.0,0.0,0.0,0.0,1.2857142857142858,2.142857142857143,0.2857142857142857,0.0,0.0,0.0,0.0,0.0,0.2857142857142857,0.21428571428571427,3.4285714285714284,34.0,24.285714285714285,3.4285714285714284
2022,000275,Mark Glicini,Mark,Glicini,SSDM,Defensive Midfield,8,CHA,Chaos,2022-06-04,2022-08-21,1.0,1.0,1.0,0.0,1.0,0.0,1.0,1,0.0,0.0,0.0,0.0,0.0,0.0,5.0,2.0,3.0,0,0,0,0.0,0.0,0.0,0.0,4.0,35.0,32.0,1.0,1.0,,,,,0.0,,0.125,0.125,0.125,0.0,0.125,0.0,0.125,0.125,0.0,0.0,0.0,0.0,0.0,0.0,0.625,0.25,0.375,0.0,0.0,0.0,0.0,0.0,0.0,0.0,0.5,4.375,4.0,0.5
2022,000276,Matt Rees,Matt,Rees,D,Defense,5,CHA,Chaos,2022-07-02,2022-08-21,0.0,0.0,0.0,0.0,0.0,0.0,4.0,2,3.0,0.0,0.0,0.0,0.0,0.0,6.0,2.0,2.0,0,0,0,0.0,0.0,2.0,2.0,0.0,18.0,12.0,0.0,0.5,,,,,,0.0,0.0,0.0,0.0,0.0,0.0,0.0,0.8,0.4,0.6,0.0,0.0,0.0,0.0,0.0,1.2,0.4,0.4,0.0,0.0,0.0,0.0,0.0,0.4,0.4,0.0,3.6,2.4,0.0
2022,000278,Myles Jones,Myles,Jones,M,Midfield,10,RED,Redwoods,2022-06-04,2022-08-20,22.0,15.0,9.0,3.0,12.0,7.0,55.0,28,13.0,0.0,0.0,0.0,0.0,0.0,5.0,12.0,1.0,0,0,0,0.0,0.0,2.0,1.0,28.0,232.0,165.0,0.21818181818181817,0.509090909090909,,,,,0.25,0.23076923076923078,2.2,1.5,0.9,0.3,1.2,0.7,5.5,2.8,1.3,0.0,0.0,0.0,0.0,0.0,0.5,1.2,0.1,0.0,0.0,0.0,0.0,0.0,0.2,0.1,2.8,23.2,16.5,2.8
2022,000279,Patrick Resch,Patrick,Resch,SSDM,Defensive Midfield,10,CHA,Chaos,2022-06-04,2022-08-21,2.0,1.0,1.0,0.0,1.0,1.0,4.0,3,2.0,0.0,0.0,0.0,0.0,0.0,15.0,4.0,9.0,0,0,0,0.0,0.0,0.0,0.0,7.0,76.0,68.0,0.25,0.75,,,,,0.14285714285714285,0.0,0.2,0.1,0.1,0.0,0.1,0.1,0.4,0.3,0.2,0.0,0.0,0.0,0.0,0.0,1.5,0.4,0.9,0.0,0.0,0.0,0.0,0.0,0.0,0.0,0.7,7.6,6.8,0.7
2022,000280,Thomas Kelly,Thomas,Kelly,FO,Faceoff,5,CHA,Chaos,2022-06-04,2022-07-23,1.0,1.0,1.0,0.0,1.0,0.0,1.0,1,0.0,0.0,0.0,0.0,0.0,0.0,23.0,3.0,0.0,52,63,115,0.0,0.0,0.0,0.0,0.0,18.0,14.0,1.0,1.0,0.45217391304347826,,,,,,0.2,0.2,0.2,0.0,0.2,0.0,0.2,0.2,0.0,0.0,0.0,0.0,0.0,0.0,4.6,0.6,0.0,10.4,12.6,23.0,0.0,0.0,0.0,0.0,0.0,3.6,2.8,0.0
2022,000281,Troy Reh,Troy,Reh,LSM,Long Stick Midfield,10,CHA,Chaos,2022-06-04,2022-08-21,1.0,1.0,1.0,0.0,1.0,0.0,3.0,3,2.0,0.0,0.0,0.0,0.0,0.0,26.0,1.0,7.0,0,2,2,0.0,0.0,4.0,4.0,4.0,89.0,85.0,0.3333333333333333,1.0,0.0,,,,0.0,0.0,0.1,0.1,0.1,0.0,0.1,0.0,0.3,0.3,0.2,0.0,0.0,0.0,0.0,0.0,2.6,0.1,0.7,0.0,0.2,0.2,0.0,0.0,0.4,0.4,0.4,8.9,8.5,0.4
2022,000282,Tyson Bell,Tyson,Bell,LSM,Long Stick Midfield,5,CAN,Cannons,2022-06-05,2022-07-02,1.0,1.0,1.0,0.0,1.0,0.0,3.0,1,0.0,0.0,0.0,0.0,0.0,0.0,5.0,2.0,1.0,0,0,0,0.0,0.0,5.0,4.0,0.0,25.0,20.0,0.3333333333333333,0.3333333333333333,,,,,,,0.2,0.2,0.2,0.0,0.2,0.0,0.6,0.2,0.0,0.0,0.0,0.0,0.0,0.0,1.0,0.4,0.2,0.0,0.0,0.0,0.0,0.0,1.0,0.8,0.0,5.0,4.0,0.0
2022,000294,John Ranagan,John,Ranagan,M,Midfield,3,OUT,Outlaws,2022-06-10,2022-07-24,1.0,1.0,1.0,0.0,1.0,0.0,4.0,3,0.0,0.0,0.0,0.0,0.0,0.0,1.0,2.0,0.0,0,0,0,0.0,0.0,0.0,0.0,6.0,36.0,30.0,0.25,0.75,,,,,0.0,,0.3333333333333333,0.3333333333333333,0.3333333333333333,0.0,0.3333333333333333,0.0,1.3333333333333333,1.0,0.0,0.0,0.0,0.0,0.0,0.0,0.3333333333333333,0.6666666666666666,0.0,0.0,0.0,0.0,0.0,0.0,0.0,0.0,2.0,12.0,10.0,2.0
2022,000295,Jordan MacIntosh,Jordan,MacIntosh,M,Midfield,9,OUT,Outlaws,2022-06-05,2022-08-20,16.0,15.0,13.0,1.0,14.0,1.0,39.0,28,1.0,0.0,0.0,0.0,0.0,0.0,8.0,16.0,2.0,0,0,0,0.0,0.0,0.0,0.0,13.0,172.0,117.0,0.358974358974359,0.717948717948718,,,,,0.07692307692307693,1.0,1.7777777777777777,1.6666666666666667,1.4444444444444444,0.1111111111111111,1.5555555555555556,0.1111111111111111,4.333333333333333,3.111111111111111,0.1111111111111111,0.0,0.0,0.0,0.0,0.0,0.8888888888888888,1.7777777777777777,0.2222222222222222,0.0,0.0,0.0,0.0,0.0,0.0,0.0,1.4444444444444444,19.11111111111111,13.0,1.4444444444444444
2022,000298,Justin Guterding,Justin,Guterding,M,Midfield,7,WHP,Whipsnakes,2022-06-04,2022-07-30,16.0,6.0,6.0,0.0,6.0,10.0,25.0,17,0.0,0.0,0.0,0.0,0.0,0.0,5.0,9.0,2.0,0,0,0,0.0,0.0,1.0,0.5,28.0,166.0,132.0,0.24,0.68,,,,,0.35714285714285715,,2.2857142857142856,0.8571428571428571,0.8571428571428571,0.0,0.8571428571428571,1.4285714285714286,3.5714285714285716,2.4285714285714284,0.0,0.0,0.0,0.0,0.0,0.0,0.7142857142857143,1.2857142857142858,0.2857142857142857,0.0,0.0,0.0,0.0,0.0,0.14285714285714285,0.07142857142857142,4.0,23.714285714285715,18.857142857142858,4.0
2022,000302,Michael Manley,Michael,Manley,D,Defense,10,OUT,Outlaws,2022-06-05,2022-08-20,3.0,1.0,1.0,0.0,1.0,2.0,6.0,5,3.0,0.0,0.0,0.0,0.0,0.0,20.0,2.0,13.0,0,0,0,0.0,0.0,4.0,4.0,3.0,80.0,72.0,0.16666666666666666,0.8333333333333334,,,,,0.6666666666666666,0.0,0.3,0.1,0.1,0.0,0.1,0.2,0.6,0.5,0.3,0.0,0.0,0.0,0.0,0.0,2.0,0.2,1.3,0.0,0.0,0.0,0.0,0.0,0.4,0.4,0.3,8.0,7.2,0.3
2022,000305,Romar Dennis,Romar,Dennis,M,Midfield,8,ATL,Atlas,2022-06-11,2022-08-21,10.0,7.0,3.0,2.0,5.0,3.0,27.0,14,13.0,0.0,0.0,0.0,0.0,0.0,0.0,2.0,1.0,0,0,0,0.0,0.0,1.0,0.5,10.0,92.0,63.0,0.18518518518518517,0.5185185185185185,,,,,0.3,0.15384615384615385,1.25,0.875,0.375,0.25,0.625,0.375,3.375,1.75,1.625,0.0,0.0,0.0,0.0,0.0,0.0,0.25,0.125,0.0,0.0,0.0,0.0,0.0,0.125,0.0625,1.25,11.5,7.875,1.25
2022,000308,Will Haus,Will,Haus,SSDM,Defensive Midfield,10,OUT,Outlaws,2022-06-05,2022-08-20,4.0,2.0,2.0,0.0,2.0,2.0,8.0,6,1.0,0.0,0.0,0.0,0.0,0.0,15.0,3.0,5.0,0,0,0,0.0,0.0,1.0,0.5,4.0,90.0,79.0,0.25,0.75,,,,,0.5,0.0,0.4,0.2,0.2,0.0,0.2,0.2,0.8,0.6,0.1,0.0,0.0,0.0,0.0,0.0,1.5,0.3,0.5,0.0,0.0,0.0,0.0,0.0,0.1,0.05,0.4,9.0,7.9,0.4
2022,000310,Brent Adams,Brent,Adams,M,Midfield,1,ATL,Atlas,2022-06-11,2022-06-11,0.0,0.0,0.0,0.0,0.0,0.0,2.0,0,0.0,0.0,0.0,0.0,0.0,0.0,0.0,0.0,0.0,0,0,0,0.0,0.0,0.0,0.0,0.0,7.0,5.0,0.0,0.0,,,,,,,0.0,0.0,0.0,0.0,0.0,0.0,2.0,0.0,0.0,0.0,0.0,0.0,0.0,0.0,0.0,0.0,0.0,0.0,0.0,0.0,0.0,0.0,0.0,0.0,0.0,7.0,5.0,0.0
2022,000314,Eddy Glazener,Eddy,Glazener,D,Defense,9,RED,Redwoods,2022-06-04,2022-08-13,4.0,4.0,0.0,2.0,2.0,0.0,6.0,6,5.0,0.0,0.0,0.0,0.0,0.0,15.0,2.0,10.0,0,0,0,0.0,0.0,0.0,0.0,2.0,56.0,48.0,0.3333333333333333,1.0,,,,,0.0,0.4,0.4444444444444444,0.4444444444444444,0.0,0.2222222222222222,0.2222222222222222,0.0,0.6666666666666666,0.6666666666666666,0.5555555555555556,0.0,0.0,0.0,0.0,0.0,1.6666666666666667,0.2222222222222222,1.1111111111111112,0.0,0.0,0.0,0.0,0.0,0.0,0.0,0.2222222222222222,6.222222222222222,5.333333333333333,0.2222222222222222
2022,000315,Garrett Epple,Garrett,Epple,D,Defense,10,RED,Redwoods,2022-06-04,2022-08-20,0.0,0.0,0.0,0.0,0.0,0.0,1.0,0,1.0,0.0,0.0,0.0,0.0,0.0,19.0,3.0,19.0,0,0,0,0.0,0.0,5.0,5.5,2.0,68.0,64.0,0.0,0.0,,,,,0.0,0.0,0.0,0.0,0.0,0.0,0.0,0.0,0.1,0.0,0.1,0.0,0.0,0.0,0.0,0.0,1.9,0.3,1.9,0.0,0.0,0.0,0.0,0.0,0.5,0.55,0.2,6.8,6.4,0.2
2022,000318,Jack Kelly,Jack,Kelly,G,Goalie,7,RED,Redwoods,2022-06-04,2022-08-20,0.0,0.0,0.0,0.0,0.0,0.0,1.0,1,1.0,72.0,26.0,46.0,87.0,98.53200568990043,13.0,7.0,5.0,0,0,0,83.0,4.0,0.0,0.0,2.0,92.0,84.0,0.0,1.0,,0.4645161290322581,36.11111111111111,0.16774193548387098,0.0,0.0,0.0,0.0,0.0,0.0,0.0,0.0,0.14285714285714285,0.14285714285714285,0.14285714285714285,10.285714285714286,3.7142857142857144,6.571428571428571,12.428571428571429,14.076000812842919,1.8571428571428572,1.0,0.7142857142857143,0.0,0.0,0.0,11.857142857142858,0.5714285714285714,0.0,0.0,0.2857142857142857,13.142857142857142,12.0,0.2857142857142857
2022,000319,Jack Near,Jack,Near,SSDM,Defensive Midfield,7,RED,Redwoods,2022-06-04,2022-08-20,0.0,0.0,0.0,0.0,0.0,0.0,0.0,0,0.0,0.0,0.0,0.0,0.0,0.0,9.0,1.0,0.0,0,0,0,0.0,0.0,0.0,0.0,1.0,46.0,45.0,,,,,,,0.0,,0.0,0.0,0.0,0.0,0.0,0.0,0.0,0.0,0.0,0.0,0.0,0.0,0.0,0.0,1.2857142857142858,0.14285714285714285,0.0,0.0,0.0,0.0,0.0,0.0,0.0,0.0,0.14285714285714285,6.571428571428571,6.428571428571429,0.14285714285714285
2022,000322,John Sexton,John,Sexton,LSM,Long Stick Midfield,7,RED,Redwoods,2022-06-24,2022-08-20,1.0,0.0,0.0,0.0,0.0,1.0,3.0,2,3.0,0.0,0.0,0.0,0.0,0.0,9.0,3.0,3.0,0,1,1,0.0,0.0,0.0,0.0,2.0,26.0,20.0,0.0,0.6666666666666666,0.0,,,,0.5,0.0,0.14285714285714285,0.0,0.0,0.0,0.0,0.14285714285714285,0.42857142857142855,0.2857142857142857,0.42857142857142855,0.0,0.0,0.0,0.0,0.0,1.2857142857142858,0.42857142857142855,0.42857142857142855,0.0,0.14285714285714285,0.14285714285714285,0.0,0.0,0.0,0.0,0.2857142857142857,3.7142857142857144,2.857142857142857,0.2857142857142857
2022,000327,Matt Kavanagh,Matt,Kavanagh,A,Attack,10,RED,Redwoods,2022-06-04,2022-08-20,13.0,8.0,8.0,0.0,8.0,5.0,46.0,25,0.0,0.0,0.0,0.0,0.0,0.0,16.0,19.0,2.0,0,0,0,0.0,0.0,1.0,0.5,28.0,287.0,222.0,0.17391304347826086,0.5434782608695652,,,,,0.17857142857142858,,1.3,0.8,0.8,0.0,0.8,0.5,4.6,2.5,0.0,0.0,0.0,0.0,0.0,0.0,1.6,1.9,0.2,0.0,0.0,0.0,0.0,0.0,0.1,0.05,2.8,28.7,22.2,2.8
2022,000331,Patrick Harbeson,Patrick,Harbeson,SSDM,Defensive Midfield,3,RED,Redwoods,2022-07-01,2022-07-31,1.0,0.0,0.0,0.0,0.0,1.0,1.0,1,0.0,0.0,0.0,0.0,0.0,0.0,2.0,0.0,0.0,0,0,0,0.0,0.0,0.0,0.0,1.0,23.0,22.0,0.0,1.0,,,,,1.0,,0.3333333333333333,0.0,0.0,0.0,0.0,0.3333333333333333,0.3333333333333333,0.3333333333333333,0.0,0.0,0.0,0.0,0.0,0.0,0.6666666666666666,0.0,0.0,0.0,0.0,0.0,0.0,0.0,0.0,0.0,0.3333333333333333,7.666666666666667,7.333333333333333,0.3333333333333333
2022,000333,Sergio Perkovic,Sergio,Perkovic,M,Midfield,9,RED,Redwoods,2022-06-04,2022-08-20,11.0,10.0,6.0,2.0,8.0,1.0,43.0,24,12.0,0.0,0.0,0.0,0.0,0.0,7.0,7.0,4.0,0,0,0,0.0,0.0,1.0,0.5,13.0,197.0,147.0,0.18604651162790697,0.5581395348837209,,,,,0.07692307692307693,0.16666666666666666,1.2222222222222223,1.1111111111111112,0.6666666666666666,0.2222222222222222,0.8888888888888888,0.1111111111111111,4.777777777777778,2.6666666666666665,1.3333333333333333,0.0,0.0,0.0,0.0,0.0,0.7777777777777778,0.7777777777777778,0.4444444444444444,0.0,0.0,0.0,0.0,0.0,0.1111111111111111,0.05555555555555555,1.4444444444444444,21.88888888888889,16.333333333333332,1.4444444444444444
2022,000337,Bryce Young,Bryce,Young,D,Defense,10,WHP,Whipsnakes,2022-06-04,2022-08-21,0.0,0.0,0.0,0.0,0.0,0.0,0.0,0,0.0,0.0,0.0,0.0,0.0,0.0,16.0,3.0,4.0,0,0,0,0.0,0.0,5.0,5.0,2.0,48.0,45.0,,,,,,,0.0,,0.0,0.0,0.0,0.0,0.0,0.0,0.0,0.0,0.0,0.0,0.0,0.0,0.0,0.0,1.6,0.3,0.4,0.0,0.0,0.0,0.0,0.0,0.5,0.5,0.2,4.8,4.5,0.2
2022,000339,Connor Kelly,Connor,Kelly,M,Midfield,10,WAT,Waterdogs,2022-06-05,2022-08-21,26.0,20.0,12.0,4.0,16.0,6.0,59.0,30,13.0,0.0,0.0,0.0,0.0,0.0,14.0,18.0,1.0,0,0,0,0.0,0.0,1.0,1.0,21.0,260.0,183.0,0.2711864406779661,0.5084745762711864,,,,,0.2857142857142857,0.3076923076923077,2.6,2.0,1.2,0.4,1.6,0.6,5.9,3.0,1.3,0.0,0.0,0.0,0.0,0.0,1.4,1.8,0.1,0.0,0.0,0.0,0.0,0.0,0.1,0.1,2.1,26.0,18.3,2.1
2022,000345,Jake Bernhardt,Jake,Bernhardt,SSDM,Defensive Midfield,8,WHP,Whipsnakes,2022-06-04,2022-08-21,1.0,1.0,1.0,0.0,1.0,0.0,2.0,2,0.0,0.0,0.0,0.0,0.0,0.0,4.0,0.0,0.0,0,0,0,0.0,0.0,1.0,0.5,3.0,47.0,45.0,0.5,1.0,,,,,0.0,,0.125,0.125,0.125,0.0,0.125,0.0,0.25,0.25,0.0,0.0,0.0,0.0,0.0,0.0,0.5,0.0,0.0,0.0,0.0,0.0,0.0,0.0,0.125,0.0625,0.375,5.875,5.625,0.375
2022,000346,Jay Carlson,Jay,Carlson,A,Attack,7,WHP,Whipsnakes,2022-06-04,2022-08-21,14.0,10.0,10.0,0.0,10.0,4.0,28.0,20,0.0,0.0,0.0,0.0,0.0,0.0,9.0,11.0,6.0,0,0,0,0.0,0.0,0.0,0.0,7.0,89.0,50.0,0.35714285714285715,0.7142857142857143,,,,,0.5714285714285714,,2.0,1.4285714285714286,1.4285714285714286,0.0,1.4285714285714286,0.5714285714285714,4.0,2.857142857142857,0.0,0.0,0.0,0.0,0.0,0.0,1.2857142857142858,1.5714285714285714,0.8571428571428571,0.0,0.0,0.0,0.0,0.0,0.0,0.0,1.0,12.714285714285714,7.142857142857143,1.0
2022,000350,Joseph Nardella,Joseph,Nardella,FO,Faceoff,10,WHP,Whipsnakes,2022-06-04,2022-08-21,6.0,3.0,3.0,0.0,3.0,3.0,8.0,5,0.0,0.0,0.0,0.0,0.0,0.0,81.0,12.0,0.0,150,78,229,0.0,0.0,2.0,1.5,15.0,109.0,89.0,0.375,0.625,0.6550218340611353,,,,0.2,,0.6,0.3,0.3,0.0,0.3,0.3,0.8,0.5,0.0,0.0,0.0,0.0,0.0,0.0,8.1,1.2,0.0,15.0,7.8,22.9,0.0,0.0,0.2,0.15,1.5,10.9,8.9,1.5
2022,000351,Jules Heningburg,Jules,Heningburg,M,Midfield,8,RED,Redwoods,2022-06-04,2022-08-20,19.0,12.0,12.0,0.0,12.0,7.0,36.0,27,0.0,0.0,0.0,0.0,0.0,0.0,10.0,13.0,1.0,0,0,0,0.0,0.0,0.0,0.0,28.0,205.0,156.0,0.3333333333333333,0.75,,,,,0.25,,2.375,1.5,1.5,0.0,1.5,0.875,4.5,3.375,0.0,0.0,0.0,0.0,0.0,0.0,1.25,1.625,0.125,0.0,0.0,0.0,0.0,0.0,0.0,0.0,3.5,25.625,19.5,3.5
2022,000353,Kyle Bernlohr,Kyle,Bernlohr,G,Goalie,10,WHP,Whipsnakes,2022-06-04,2022-08-21,0.0,0.0,0.0,0.0,0.0,0.0,2.0,1,2.0,125.0,40.0,85.0,98.0,97.00947867298578,25.0,4.0,5.0,0,0,0,90.0,8.0,0.0,0.0,2.0,156.0,150.0,0.0,0.5,,0.5813953488372093,32.0,0.18604651162790697,0.0,0.0,0.0,0.0,0.0,0.0,0.0,0.0,0.2,0.1,0.2,12.5,4.0,8.5,9.8,9.700947867298577,2.5,0.4,0.5,0.0,0.0,0.0,9.0,0.8,0.0,0.0,0.2,15.6,15.0,0.2
2022,000354,Matt Rambo,Matt,Rambo,A,Attack,10,WHP,Whipsnakes,2022-06-04,2022-08-21,32.0,21.0,21.0,0.0,21.0,11.0,76.0,46,0.0,0.0,0.0,0.0,0.0,0.0,15.0,28.0,0.0,0,0,0,0.0,0.0,0.0,0.0,56.0,303.0,199.0,0.27631578947368424,0.6052631578947368,,,,,0.19642857142857142,,3.2,2.1,2.1,0.0,2.1,1.1,7.6,4.6,0.0,0.0,0.0,0.0,0.0,0.0,1.5,2.8,0.0,0.0,0.0,0.0,0.0,0.0,0.0,0.0,5.6,30.3,19.9,5.6
2022,000355,Matthew Dunn,Matthew,Dunn,D,Defense,10,WHP,Whipsnakes,2022-06-04,2022-08-21,0.0,0.0,0.0,0.0,0.0,0.0,1.0,1,0.0,0.0,0.0,0.0,0.0,0.0,9.0,3.0,5.0,0,0,0,0.0,0.0,1.0,0.5,1.0,51.0,47.0,0.0,1.0,,,,,0.0,,0.0,0.0,0.0,0.0,0.0,0.0,0.1,0.1,0.0,0.0,0.0,0.0,0.0,0.0,0.9,0.3,0.5,0.0,0.0,0.0,0.0,0.0,0.1,0.05,0.1,5.1,4.7,0.1
2022,000356,Michael Ehrhardt,Michael,Ehrhardt,LSM,Long Stick Midfield,9,WHP,Whipsnakes,2022-06-04,2022-08-21,8.0,6.0,0.0,3.0,3.0,2.0,17.0,9,15.0,0.0,0.0,0.0,0.0,0.0,33.0,8.0,10.0,0,0,0,0.0,0.0,1.0,1.0,2.0,80.0,55.0,0.17647058823529413,0.5294117647058824,,,,,1.0,0.2,0.8888888888888888,0.6666666666666666,0.0,0.3333333333333333,0.3333333333333333,0.2222222222222222,1.8888888888888888,1.0,1.6666666666666667,0.0,0.0,0.0,0.0,0.0,3.6666666666666665,0.8888888888888888,1.1111111111111112,0.0,0.0,0.0,0.0,0.0,0.1111111111111111,0.1111111111111111,0.2222222222222222,8.88888888888889,6.111111111111111,0.2222222222222222
2022,000357,Mike Chanenchuk,Mike,Chanenchuk,M,Midfield,10,WHP,Whipsnakes,2022-06-04,2022-08-21,22.0,18.0,14.0,2.0,16.0,4.0,61.0,37,13.0,0.0,0.0,0.0,0.0,0.0,5.0,10.0,0.0,0,0,0,0.0,0.0,0.0,0.0,19.0,280.0,209.0,0.26229508196721313,0.6065573770491803,,,,,0.21052631578947367,0.15384615384615385,2.2,1.8,1.4,0.2,1.6,0.4,6.1,3.7,1.3,0.0,0.0,0.0,0.0,0.0,0.5,1.0,0.0,0.0,0.0,0.0,0.0,0.0,0.0,0.0,1.9,28.0,20.9,1.9
2022,000358,Ryan Drenner,Ryan,Drenner,M,Midfield,10,CAN,Cannons,2022-06-05,2022-08-21,20.0,17.0,17.0,0.0,17.0,3.0,51.0,34,3.0,0.0,0.0,0.0,0.0,0.0,8.0,5.0,1.0,0,0,0,0.0,0.0,0.0,0.0,21.0,243.0,187.0,0.3333333333333333,0.6666666666666666,,,,,0.14285714285714285,0.0,2.0,1.7,1.7,0.0,1.7,0.3,5.1,3.4,0.3,0.0,0.0,0.0,0.0,0.0,0.8,0.5,0.1,0.0,0.0,0.0,0.0,0.0,0.0,0.0,2.1,24.3,18.7,2.1
2022,000359,Tim Muller,Tim,Muller,D,Defense,10,WHP,Whipsnakes,2022-06-04,2022-08-21,0.0,0.0,0.0,0.0,0.0,0.0,0.0,0,0.0,0.0,0.0,0.0,0.0,0.0,16.0,2.0,6.0,0,0,0,0.0,0.0,0.0,0.0,2.0,65.0,63.0,,,,,,,0.0,,0.0,0.0,0.0,0.0,0.0,0.0,0.0,0.0,0.0,0.0,0.0,0.0,0.0,0.0,1.6,0.2,0.6,0.0,0.0,0.0,0.0,0.0,0.0,0.0,0.2,6.5,6.3,0.2
2022,000361,Tyler Warner,Tyler,Warner,SSDM,Defensive Midfield,9,WHP,Whipsnakes,2022-06-04,2022-08-21,1.0,1.0,1.0,0.0,1.0,0.0,1.0,1,0.0,0.0,0.0,0.0,0.0,0.0,19.0,1.0,4.0,0,0,0,0.0,0.0,0.0,0.0,5.0,74.0,72.0,1.0,1.0,,,,,0.0,,0.1111111111111111,0.1111111111111111,0.1111111111111111,0.0,0.1111111111111111,0.0,0.1111111111111111,0.1111111111111111,0.0,0.0,0.0,0.0,0.0,0.0,2.111111111111111,0.1111111111111111,0.4444444444444444,0.0,0.0,0.0,0.0,0.0,0.0,0.0,0.5555555555555556,8.222222222222221,8.0,0.5555555555555556
2022,000363,Ryan Conrad,Ryan,Conrad,M,Midfield,8,WAT,Waterdogs,2022-06-17,2022-08-21,18.0,10.0,10.0,0.0,10.0,8.0,29.0,20,1.0,0.0,0.0,0.0,0.0,0.0,2.0,9.0,2.0,0,0,0,0.0,0.0,1.0,0.5,18.0,152.0,114.0,0.3448275862068966,0.6896551724137931,,,,,0.4444444444444444,0.0,2.25,1.25,1.25,0.0,1.25,1.0,3.625,2.5,0.125,0.0,0.0,0.0,0.0,0.0,0.25,1.125,0.25,0.0,0.0,0.0,0.0,0.0,0.125,0.0625,2.25,19.0,14.25,2.25
2022,000365,Jack Rowlett,Jack,Rowlett,D,Defense,10,CHA,Chaos,2022-06-04,2022-08-21,1.0,1.0,1.0,0.0,1.0,0.0,2.0,1,1.0,0.0,0.0,0.0,0.0,0.0,17.0,2.0,7.0,2,9,11,0.0,0.0,2.0,1.5,2.0,53.0,49.0,0.5,0.5,0.18181818181818182,,,,0.0,0.0,0.1,0.1,0.1,0.0,0.1,0.0,0.2,0.1,0.1,0.0,0.0,0.0,0.0,0.0,1.7,0.2,0.7,0.2,0.9,1.1,0.0,0.0,0.2,0.15,0.2,5.3,4.9,0.2
2022,000366,Connor Farrell,Connor,Farrell,FO,Faceoff,10,OUT,Outlaws,2022-06-05,2022-08-20,2.0,2.0,2.0,0.0,2.0,0.0,11.0,5,2.0,0.0,0.0,0.0,0.0,0.0,90.0,11.0,1.0,135,97,233,0.0,0.0,1.0,1.0,0.0,82.0,60.0,0.18181818181818182,0.45454545454545453,0.5793991416309013,,,,,0.0,0.2,0.2,0.2,0.0,0.2,0.0,1.1,0.5,0.2,0.0,0.0,0.0,0.0,0.0,9.0,1.1,0.1,13.5,9.7,23.3,0.0,0.0,0.1,0.1,0.0,8.2,6.0,0.0
2022,000368,Chris Sabia,Chris,Sabia,LSM,Long Stick Midfield,9,WAT,Waterdogs,2022-06-05,2022-08-21,3.0,0.0,0.0,0.0,0.0,3.0,2.0,2,0.0,0.0,0.0,0.0,0.0,0.0,11.0,1.0,7.0,0,0,0,0.0,0.0,2.0,1.5,3.0,28.0,25.0,0.0,1.0,,,,,1.0,,0.3333333333333333,0.0,0.0,0.0,0.0,0.3333333333333333,0.2222222222222222,0.2222222222222222,0.0,0.0,0.0,0.0,0.0,0.0,1.2222222222222223,0.1111111111111111,0.7777777777777778,0.0,0.0,0.0,0.0,0.0,0.2222222222222222,0.16666666666666666,0.3333333333333333,3.111111111111111,2.7777777777777777,0.3333333333333333
2022,000369,Clarke Petterson,Clarke,Petterson,A,Attack,1,ATL,Atlas,2022-08-21,2022-08-21,2.0,1.0,1.0,0.0,1.0,1.0,3.0,1,0.0,0.0,0.0,0.0,0.0,0.0,1.0,0.0,0.0,0,0,0,0.0,0.0,0.0,0.0,1.0,9.0,6.0,0.3333333333333333,0.3333333333333333,,,,,1.0,,2.0,1.0,1.0,0.0,1.0,1.0,3.0,1.0,0.0,0.0,0.0,0.0,0.0,0.0,1.0,0.0,0.0,0.0,0.0,0.0,0.0,0.0,0.0,0.0,1.0,9.0,6.0,1.0
2022,000370,Tim Troutner,Tim,Troutner,G,Goalie,4,RED,Redwoods,2022-06-04,2022-06-24,0.0,0.0,0.0,0.0,0.0,0.0,0.0,0,0.0,20.0,10.0,10.0,37.0,42.72320217096336,11.0,1.0,2.0,0,0,0,36.0,1.0,0.0,0.0,0.0,47.0,46.0,,,,0.35714285714285715,50.0,0.17857142857142858,,,0.0,0.0,0.0,0.0,0.0,0.0,0.0,0.0,0.0,5.0,2.5,2.5,9.25,10.68080054274084,2.75,0.25,0.5,0.0,0.0,0.0,9.0,0.25,0.0,0.0,0.0,11.75,11.5,0.0
2022,000373,Ryder Garnsey,Ryder,Garnsey,A,Attack,10,RED,Redwoods,2022-06-04,2022-08-20,25.0,19.0,19.0,0.0,19.0,6.0,47.0,33,1.0,0.0,0.0,0.0,0.0,0.0,14.0,17.0,0.0,0,0,0,0.0,0.0,3.0,2.5,17.0,252.0,188.0,0.40425531914893614,0.7021276595744681,,,,,0.35294117647058826,0.0,2.5,1.9,1.9,0.0,1.9,0.6,4.7,3.3,0.1,0.0,0.0,0.0,0.0,0.0,1.4,1.7,0.0,0.0,0.0,0.0,0.0,0.0,0.3,0.25,1.7,25.2,18.8,1.7
2022,000376,Cade van Raaphorst,Cade,van Raaphorst,D,Defense,10,ATL,Atlas,2022-06-04,2022-08-21,7.0,6.0,0.0,3.0,3.0,1.0,12.0,7,10.0,0.0,0.0,0.0,0.0,0.0,25.0,5.0,11.0,0,0,0,0.0,0.0,3.0,2.0,2.0,75.0,58.0,0.25,0.5833333333333334,,,,,0.5,0.3,0.7,0.6,0.0,0.3,0.3,0.1,1.2,0.7,1.0,0.0,0.0,0.0,0.0,0.0,2.5,0.5,1.1,0.0,0.0,0.0,0.0,0.0,0.3,0.2,0.2,7.5,5.8,0.2
2022,000385,Wes Berg,Wes,Berg,A,Attack,4,CHA,Chaos,2022-06-11,2022-08-06,6.0,3.0,3.0,0.0,3.0,3.0,10.0,7,0.0,0.0,0.0,0.0,0.0,0.0,2.0,5.0,1.0,0,0,0,0.0,0.0,0.0,0.0,5.0,58.0,43.0,0.3,0.7,,,,,0.6,,1.5,0.75,0.75,0.0,0.75,0.75,2.5,1.75,0.0,0.0,0.0,0.0,0.0,0.0,0.5,1.25,0.25,0.0,0.0,0.0,0.0,0.0,0.0,0.0,1.25,14.5,10.75,1.25
2022,000390,Brad Smith,Brad,Smith,M,Midfield,10,WHP,Whipsnakes,2022-06-04,2022-08-21,22.0,14.0,12.0,1.0,13.0,8.0,57.0,38,4.0,0.0,0.0,0.0,0.0,0.0,7.0,10.0,0.0,0,0,0,0.0,0.0,0.0,0.0,26.0,231.0,164.0,0.22807017543859648,0.6666666666666666,,,,,0.3076923076923077,0.25,2.2,1.4,1.2,0.1,1.3,0.8,5.7,3.8,0.4,0.0,0.0,0.0,0.0,0.0,0.7,1.0,0.0,0.0,0.0,0.0,0.0,0.0,0.0,0.0,2.6,23.1,16.4,2.6
2022,000391,Grant Ament,Grant,Ament,A,Attack,5,ARC,Archers,2022-07-24,2022-08-21,16.0,5.0,3.0,1.0,4.0,11.0,21.0,14,2.0,0.0,0.0,0.0,0.0,0.0,7.0,8.0,0.0,0,0,0,0.0,0.0,0.0,0.0,34.0,202.0,173.0,0.19047619047619047,0.6666666666666666,,,,,0.3235294117647059,0.5,3.2,1.0,0.6,0.2,0.8,2.2,4.2,2.8,0.4,0.0,0.0,0.0,0.0,0.0,1.4,1.6,0.0,0.0,0.0,0.0,0.0,0.0,0.0,0.0,6.8,40.4,34.6,6.8
2022,000395,Bryan Costabile,Bryan,Costabile,M,Midfield,10,ATL,Atlas,2022-06-04,2022-08-21,20.0,12.0,10.0,1.0,11.0,8.0,65.0,39,10.0,0.0,0.0,0.0,0.0,0.0,17.0,19.0,3.0,0,0,0,0.0,0.0,0.0,0.0,21.0,284.0,200.0,0.16923076923076924,0.6,,,,,0.38095238095238093,0.1,2.0,1.2,1.0,0.1,1.1,0.8,6.5,3.9,1.0,0.0,0.0,0.0,0.0,0.0,1.7,1.9,0.3,0.0,0.0,0.0,0.0,0.0,0.0,0.0,2.1,28.4,20.0,2.1
2022,000405,Jesse Bernhardt,Jesse,Bernhardt,D,Defense,10,OUT,Outlaws,2022-06-05,2022-08-20,0.0,0.0,0.0,0.0,0.0,0.0,1.0,1,1.0,0.0,0.0,0.0,0.0,0.0,22.0,4.0,8.0,0,0,0,0.0,0.0,1.0,1.0,3.0,80.0,75.0,0.0,1.0,,,,,0.0,0.0,0.0,0.0,0.0,0.0,0.0,0.0,0.1,0.1,0.1,0.0,0.0,0.0,0.0,0.0,2.2,0.4,0.8,0.0,0.0,0.0,0.0,0.0,0.1,0.1,0.3,8.0,7.5,0.3
2022,000406,Craig Chick,Craig,Chick,LSM,Long Stick Midfield,10,ATL,Atlas,2022-06-04,2022-08-21,2.0,1.0,1.0,0.0,1.0,1.0,4.0,3,0.0,0.0,0.0,0.0,0.0,0.0,38.0,4.0,10.0,0,3,3,0.0,0.0,1.0,1.0,4.0,55.0,47.0,0.25,0.75,0.0,,,,0.25,,0.2,0.1,0.1,0.0,0.1,0.1,0.4,0.3,0.0,0.0,0.0,0.0,0.0,0.0,3.8,0.4,1.0,0.0,0.3,0.3,0.0,0.0,0.1,0.1,0.4,5.5,4.7,0.4
2022,000408,Matt DeLuca,Matt,DeLuca,G,Goalie,6,WAT,Waterdogs,2022-06-05,2022-08-21,0.0,0.0,0.0,0.0,0.0,0.0,0.0,0,0.0,46.0,17.0,29.0,59.0,114.42447311086207,9.0,1.0,0.0,0,0,0,58.0,1.0,0.0,0.0,1.0,45.0,44.0,,,,0.4423076923076923,36.95652173913043,0.16346153846153846,0.0,,0.0,0.0,0.0,0.0,0.0,0.0,0.0,0.0,0.0,7.666666666666667,2.8333333333333335,4.833333333333333,9.833333333333334,19.07074551847701,1.5,0.16666666666666666,0.0,0.0,0.0,0.0,9.666666666666666,0.16666666666666666,0.0,0.0,0.16666666666666666,7.5,7.333333333333333,0.16666666666666666
2022,000409,Zach Currier,Zach,Currier,M,Midfield,10,WAT,Waterdogs,2022-06-05,2022-08-21,19.0,11.0,11.0,0.0,11.0,8.0,28.0,15,2.0,0.0,0.0,0.0,0.0,0.0,53.0,17.0,6.0,3,28,31,0.0,0.0,3.0,2.5,30.0,267.0,222.0,0.39285714285714285,0.5357142857142857,0.0967741935483871,,,,0.26666666666666666,0.0,1.9,1.1,1.1,0.0,1.1,0.8,2.8,1.5,0.2,0.0,0.0,0.0,0.0,0.0,5.3,1.7,0.6,0.3,2.8,3.1,0.0,0.0,0.3,0.25,3.0,26.7,22.2,3.0
2022,000410,Eli Gobrecht,Eli,Gobrecht,D,Defense,10,WAT,Waterdogs,2022-06-05,2022-08-21,2.0,1.0,1.0,0.0,1.0,1.0,2.0,1,1.0,0.0,0.0,0.0,0.0,0.0,20.0,1.0,7.0,0,0,0,0.0,0.0,2.0,1.5,1.0,61.0,58.0,0.5,0.5,,,,,1.0,0.0,0.2,0.1,0.1,0.0,0.1,0.1,0.2,0.1,0.1,0.0,0.0,0.0,0.0,0.0,2.0,0.1,0.7,0.0,0.0,0.0,0.0,0.0,0.2,0.15,0.1,6.1,5.8,0.1
2022,000411,Christian Mazzone,Christian,Mazzone,M,Midfield,1,WAT,Waterdogs,2022-06-05,2022-06-05,0.0,0.0,0.0,0.0,0.0,0.0,0.0,0,0.0,0.0,0.0,0.0,0.0,0.0,3.0,0.0,0.0,0,0,0,0.0,0.0,0.0,0.0,2.0,6.0,6.0,,,,,,,0.0,,0.0,0.0,0.0,0.0,0.0,0.0,0.0,0.0,0.0,0.0,0.0,0.0,0.0,0.0,3.0,0.0,0.0,0.0,0.0,0.0,0.0,0.0,0.0,0.0,2.0,6.0,6.0,2.0
2022,000414,Rob Pannell,Rob,Pannell,A,Attack,10,RED,Redwoods,2022-06-04,2022-08-20,38.0,16.0,16.0,0.0,16.0,22.0,49.0,28,2.0,0.0,0.0,0.0,0.0,0.0,12.0,19.0,2.0,0,0,0,0.0,0.0,0.0,0.0,54.0,330.0,262.0,0.32653061224489793,0.5714285714285714,,,,,0.4074074074074074,0.0,3.8,1.6,1.6,0.0,1.6,2.2,4.9,2.8,0.2,0.0,0.0,0.0,0.0,0.0,1.2,1.9,0.2,0.0,0.0,0.0,0.0,0.0,0.0,0.0,5.4,33.0,26.2,5.4
2022,000416,Ryland Rees,Ryland,Rees,LSM,Long Stick Midfield,9,WAT,Waterdogs,2022-06-05,2022-08-13,6.0,5.0,1.0,2.0,3.0,1.0,11.0,7,10.0,0.0,0.0,0.0,0.0,0.0,17.0,3.0,6.0,0,0,0,0.0,0.0,2.0,1.0,3.0,44.0,30.0,0.2727272727272727,0.6363636363636364,,,,,0.3333333333333333,0.2,0.6666666666666666,0.5555555555555556,0.1111111111111111,0.2222222222222222,0.3333333333333333,0.1111111111111111,1.2222222222222223,0.7777777777777778,1.1111111111111112,0.0,0.0,0.0,0.0,0.0,1.8888888888888888,0.3333333333333333,0.6666666666666666,0.0,0.0,0.0,0.0,0.0,0.2222222222222222,0.1111111111111111,0.3333333333333333,4.888888888888889,3.3333333333333335,0.3333333333333333
2022,000417,Finn Sullivan,Finn,Sullivan,D,Defense,6,RED,Redwoods,2022-06-04,2022-08-20,0.0,0.0,0.0,0.0,0.0,0.0,0.0,0,0.0,0.0,0.0,0.0,0.0,0.0,7.0,3.0,6.0,0,0,0,0.0,0.0,1.0,1.0,0.0,24.0,21.0,,,,,,,,,0.0,0.0,0.0,0.0,0.0,0.0,0.0,0.0,0.0,0.0,0.0,0.0,0.0,0.0,1.1666666666666667,0.5,1.0,0.0,0.0,0.0,0.0,0.0,0.16666666666666666,0.16666666666666666,0.0,4.0,3.5,0.0
2022,000418,Dillon Ward,Dillon,Ward,G,Goalie,6,WAT,Waterdogs,2022-07-03,2022-08-21,1.0,0.0,0.0,0.0,0.0,1.0,0.0,0,0.0,73.0,15.0,58.0,74.0,77.41368579701461,16.0,3.0,5.0,0,0,0,71.0,3.0,0.0,0.0,4.0,73.0,70.0,,,,0.5069444444444444,20.54794520547945,0.10416666666666667,0.25,,0.16666666666666666,0.0,0.0,0.0,0.0,0.16666666666666666,0.0,0.0,0.0,12.166666666666666,2.5,9.666666666666666,12.333333333333334,12.902280966169101,2.6666666666666665,0.5,0.8333333333333334,0.0,0.0,0.0,11.833333333333334,0.5,0.0,0.0,0.6666666666666666,12.166666666666666,11.666666666666666,0.6666666666666666
2022,000419,Zed Williams,Zed,Williams,A,Attack,7,WHP,Whipsnakes,2022-06-24,2022-08-21,19.0,13.0,13.0,0.0,13.0,6.0,48.0,29,1.0,0.0,0.0,0.0,0.0,0.0,17.0,16.0,0.0,0,0,0,0.0,0.0,1.0,0.5,26.0,207.0,143.0,0.2708333333333333,0.6041666666666666,,,,,0.23076923076923078,0.0,2.7142857142857144,1.8571428571428572,1.8571428571428572,0.0,1.8571428571428572,0.8571428571428571,6.857142857142857,4.142857142857143,0.14285714285714285,0.0,0.0,0.0,0.0,0.0,2.4285714285714284,2.2857142857142856,0.0,0.0,0.0,0.0,0.0,0.0,0.14285714285714285,0.07142857142857142,3.7142857142857144,29.571428571428573,20.428571428571427,3.7142857142857144
2022,000422,Eli Salama,Eli,Salama,LSM,Long Stick Midfield,10,OUT,Outlaws,2022-06-05,2022-08-20,7.0,5.0,3.0,1.0,4.0,2.0,11.0,8,5.0,0.0,0.0,0.0,0.0,0.0,20.0,2.0,3.0,0,0,0,0.0,0.0,3.0,3.0,3.0,56.0,43.0,0.36363636363636365,0.7272727272727273,,,,,0.6666666666666666,0.2,0.7,0.5,0.3,0.1,0.4,0.2,1.1,0.8,0.5,0.0,0.0,0.0,0.0,0.0,2.0,0.2,0.3,0.0,0.0,0.0,0.0,0.0,0.3,0.3,0.3,5.6,4.3,0.3
2022,000424,Jake Pulver,Jake,Pulver,D,Defense,10,CAN,Cannons,2022-06-05,2022-08-21,1.0,1.0,1.0,0.0,1.0,0.0,5.0,3,3.0,0.0,0.0,0.0,0.0,0.0,14.0,9.0,14.0,0,8,8,0.0,0.0,0.0,0.0,1.0,57.0,43.0,0.2,0.6,0.0,,,,0.0,0.0,0.1,0.1,0.1,0.0,0.1,0.0,0.5,0.3,0.3,0.0,0.0,0.0,0.0,0.0,1.4,0.9,1.4,0.0,0.8,0.8,0.0,0.0,0.0,0.0,0.1,5.7,4.3,0.1
2022,000427,Jake Withers,Jake,Withers,FO,Faceoff,6,WAT,Waterdogs,2022-06-05,2022-08-21,1.0,1.0,1.0,0.0,1.0,0.0,3.0,1,0.0,0.0,0.0,0.0,0.0,0.0,28.0,2.0,2.0,69,76,147,0.0,0.0,1.0,0.5,3.0,29.0,24.0,0.3333333333333333,0.3333333333333333,0.46938775510204084,,,,0.0,,0.16666666666666666,0.16666666666666666,0.16666666666666666,0.0,0.16666666666666666,0.0,0.5,0.16666666666666666,0.0,0.0,0.0,0.0,0.0,0.0,4.666666666666667,0.3333333333333333,0.3333333333333333,11.5,12.666666666666666,24.5,0.0,0.0,0.16666666666666666,0.08333333333333333,0.5,4.833333333333333,4.0,0.5
2022,000434,Matt Abbott,Matt,Abbott,SSDM,Defensive Midfield,5,CAN,Cannons,2022-06-25,2022-08-06,0.0,0.0,0.0,0.0,0.0,0.0,3.0,1,1.0,0.0,0.0,0.0,0.0,0.0,9.0,1.0,1.0,0,0,0,0.0,0.0,1.0,0.5,1.0,32.0,28.0,0.0,0.3333333333333333,,,,,0.0,0.0,0.0,0.0,0.0,0.0,0.0,0.0,0.6,0.2,0.2,0.0,0.0,0.0,0.0,0.0,1.8,0.2,0.2,0.0,0.0,0.0,0.0,0.0,0.2,0.1,0.2,6.4,5.6,0.2
2022,000700,Tommy Palasek,Tommy,Palasek,A,Attack,2,CHA,Chaos,2022-06-04,2022-06-18,2.0,0.0,0.0,0.0,0.0,2.0,3.0,2,0.0,0.0,0.0,0.0,0.0,0.0,1.0,4.0,0.0,0,0,0,0.0,0.0,0.0,0.0,4.0,52.0,45.0,0.0,0.6666666666666666,,,,,0.5,,1.0,0.0,0.0,0.0,0.0,1.0,1.5,1.0,0.0,0.0,0.0,0.0,0.0,0.0,0.5,2.0,0.0,0.0,0.0,0.0,0.0,0.0,0.0,0.0,2.0,26.0,22.5,2.0
2022,000727,CJ Costabile,CJ,Costabile,LSM,Long Stick Midfield,10,CHA,Chaos,2022-06-04,2022-08-21,9.0,8.0,4.0,2.0,6.0,1.0,19.0,11,9.0,0.0,0.0,0.0,0.0,0.0,29.0,5.0,2.0,13,12,25,0.0,0.0,5.0,3.0,5.0,72.0,48.0,0.3157894736842105,0.5789473684210527,0.52,,,,0.2,0.2222222222222222,0.9,0.8,0.4,0.2,0.6,0.1,1.9,1.1,0.9,0.0,0.0,0.0,0.0,0.0,2.9,0.5,0.2,1.3,1.2,2.5,0.0,0.0,0.5,0.3,0.5,7.2,4.8,0.5
2022,000823,Mark Cockerton,Mark,Cockerton,A,Attack,3,CAN,Cannons,2022-07-31,2022-08-21,6.0,6.0,6.0,0.0,6.0,0.0,26.0,12,0.0,0.0,0.0,0.0,0.0,0.0,0.0,3.0,0.0,0,0,0,0.0,0.0,0.0,0.0,1.0,59.0,30.0,0.23076923076923078,0.46153846153846156,,,,,0.0,,2.0,2.0,2.0,0.0,2.0,0.0,8.666666666666666,4.0,0.0,0.0,0.0,0.0,0.0,0.0,0.0,1.0,0.0,0.0,0.0,0.0,0.0,0.0,0.0,0.0,0.3333333333333333,19.666666666666668,10.0,0.3333333333333333
2022,000886,Lyle Thompson,Lyle,Thompson,A,Attack,9,CAN,Cannons,2022-06-05,2022-08-21,44.0,26.0,26.0,0.0,26.0,18.0,66.0,42,0.0,0.0,0.0,0.0,0.0,0.0,22.0,25.0,5.0,0,0,0,0.0,0.0,1.0,0.5,56.0,283.0,192.0,0.3939393939393939,0.6363636363636364,,,,,0.32142857142857145,,4.888888888888889,2.888888888888889,2.888888888888889,0.0,2.888888888888889,2.0,7.333333333333333,4.666666666666667,0.0,0.0,0.0,0.0,0.0,0.0,2.4444444444444446,2.7777777777777777,0.5555555555555556,0.0,0.0,0.0,0.0,0.0,0.1111111111111111,0.05555555555555555,6.222222222222222,31.444444444444443,21.333333333333332,6.222222222222222
2022,000921,Challen Rogers,Challen,Rogers,M,Midfield,7,CHA,Chaos,2022-06-18,2022-08-21,12.0,9.0,9.0,0.0,9.0,3.0,15.0,10,0.0,0.0,0.0,0.0,0.0,0.0,9.0,14.0,2.0,0,0,0,0.0,0.0,1.0,0.5,18.0,121.0,92.0,0.6,0.6666666666666666,,,,,0.16666666666666666,,1.7142857142857142,1.2857142857142858,1.2857142857142858,0.0,1.2857142857142858,0.42857142857142855,2.142857142857143,1.4285714285714286,0.0,0.0,0.0,0.0,0.0,0.0,1.2857142857142858,2.0,0.2857142857142857,0.0,0.0,0.0,0.0,0.0,0.14285714285714285,0.07142857142857142,2.5714285714285716,17.285714285714285,13.142857142857142,2.5714285714285716
2022,000922,Graeme Hossack,Graeme,Hossack,D,Defense,10,ARC,Archers,2022-06-05,2022-08-21,0.0,0.0,0.0,0.0,0.0,0.0,3.0,3,2.0,0.0,0.0,0.0,0.0,0.0,38.0,2.0,11.0,5,24,30,0.0,0.0,5.0,4.0,2.0,74.0,69.0,0.0,1.0,0.16666666666666666,,,,0.0,0.0,0.0,0.0,0.0,0.0,0.0,0.0,0.3,0.3,0.2,0.0,0.0,0.0,0.0,0.0,3.8,0.2,1.1,0.5,2.4,3.0,0.0,0.0,0.5,0.4,0.2,7.4,6.9,0.2
2022,000925,Liam Byrnes,Liam,Byrnes,D,Defense,10,WAT,Waterdogs,2022-06-05,2022-08-21,0.0,0.0,0.0,0.0,0.0,0.0,4.0,1,1.0,0.0,0.0,0.0,0.0,0.0,27.0,7.0,15.0,0,0,0,0.0,0.0,3.0,1.5,4.0,79.0,68.0,0.0,0.25,,,,,0.0,0.0,0.0,0.0,0.0,0.0,0.0,0.0,0.4,0.1,0.1,0.0,0.0,0.0,0.0,0.0,2.7,0.7,1.5,0.0,0.0,0.0,0.0,0.0,0.3,0.15,0.4,7.9,6.8,0.4
2022,000929,Matthew Hossack,Matthew,Hossack,LSM,Long Stick Midfield,2,WAT,Waterdogs,2022-06-17,2022-08-21,0.0,0.0,0.0,0.0,0.0,0.0,1.0,1,1.0,0.0,0.0,0.0,0.0,0.0,2.0,0.0,2.0,0,3,3,0.0,0.0,0.0,0.0,0.0,6.0,5.0,0.0,1.0,0.0,,,,,0.0,0.0,0.0,0.0,0.0,0.0,0.0,0.5,0.5,0.5,0.0,0.0,0.0,0.0,0.0,1.0,0.0,1.0,0.0,1.5,1.5,0.0,0.0,0.0,0.0,0.0,3.0,2.5,0.0
2022,000946,Bryan Cole,Bryan,Cole,M,Midfield,8,WHP,Whipsnakes,2022-06-04,2022-08-06,13.0,6.0,6.0,0.0,6.0,7.0,25.0,14,0.0,0.0,0.0,0.0,0.0,0.0,5.0,11.0,0.0,0,0,0,0.0,0.0,1.0,1.0,19.0,181.0,145.0,0.24,0.56,,,,,0.3684210526315789,,1.625,0.75,0.75,0.0,0.75,0.875,3.125,1.75,0.0,0.0,0.0,0.0,0.0,0.0,0.625,1.375,0.0,0.0,0.0,0.0,0.0,0.0,0.125,0.125,2.375,22.625,18.125,2.375
2022,000960,Shayne Jackson,Shayne,Jackson,A,Attack,3,CAN,Cannons,2022-06-05,2022-06-18,4.0,3.0,3.0,0.0,3.0,1.0,18.0,14,0.0,0.0,0.0,0.0,0.0,0.0,2.0,5.0,0.0,0,0,0,0.0,0.0,1.0,0.5,2.0,44.0,21.0,0.16666666666666666,0.7777777777777778,,,,,0.5,,1.3333333333333333,1.0,1.0,0.0,1.0,0.3333333333333333,6.0,4.666666666666667,0.0,0.0,0.0,0.0,0.0,0.0,0.6666666666666666,1.6666666666666667,0.0,0.0,0.0,0.0,0.0,0.0,0.3333333333333333,0.16666666666666666,0.6666666666666666,14.666666666666666,7.0,0.6666666666666666
2022,000978,Kyle Jackson,Kyle,Jackson,M,Midfield,9,CHA,Chaos,2022-06-04,2022-08-21,11.0,7.0,7.0,0.0,7.0,4.0,19.0,12,0.0,0.0,0.0,0.0,0.0,0.0,8.0,8.0,0.0,0,0,0,0.0,0.0,0.0,0.0,16.0,203.0,176.0,0.3684210526315789,0.631578947368421,,,,,0.25,,1.2222222222222223,0.7777777777777778,0.7777777777777778,0.0,0.7777777777777778,0.4444444444444444,2.111111111111111,1.3333333333333333,0.0,0.0,0.0,0.0,0.0,0.0,0.8888888888888888,0.8888888888888888,0.0,0.0,0.0,0.0,0.0,0.0,0.0,0.0,1.7777777777777777,22.555555555555557,19.555555555555557,1.7777777777777777
2022,001001,Dylan Molloy,Dylan,Molloy,A,Attack,10,OUT,Outlaws,2022-06-05,2022-08-20,25.0,14.0,14.0,0.0,14.0,11.0,52.0,37,1.0,0.0,0.0,0.0,0.0,0.0,15.0,18.0,2.0,0,0,0,0.0,0.0,0.0,0.0,29.0,337.0,267.0,0.2692307692307692,0.7115384615384616,,,,,0.3793103448275862,0.0,2.5,1.4,1.4,0.0,1.4,1.1,5.2,3.7,0.1,0.0,0.0,0.0,0.0,0.0,1.5,1.8,0.2,0.0,0.0,0.0,0.0,0.0,0.0,0.0,2.9,33.7,26.7,2.9
2022,001009,Colin Heacock,Colin,Heacock,M,Midfield,10,OUT,Outlaws,2022-06-05,2022-08-20,7.0,5.0,5.0,0.0,5.0,2.0,31.0,13,1.0,0.0,0.0,0.0,0.0,0.0,7.0,12.0,0.0,0,0,0,0.0,0.0,1.0,1.0,14.0,188.0,145.0,0.16129032258064516,0.41935483870967744,,,,,0.14285714285714285,0.0,0.7,0.5,0.5,0.0,0.5,0.2,3.1,1.3,0.1,0.0,0.0,0.0,0.0,0.0,0.7,1.2,0.0,0.0,0.0,0.0,0.0,0.0,0.1,0.1,1.4,18.8,14.5,1.4
2022,001010,Isaiah Davis-Allen,Isaiah,Davis-Allen,SSDM,Defensive Midfield,10,RED,Redwoods,2022-06-04,2022-08-20,0.0,0.0,0.0,0.0,0.0,0.0,1.0,1,0.0,0.0,0.0,0.0,0.0,0.0,7.0,4.0,0.0,1,8,9,0.0,0.0,1.0,0.5,3.0,73.0,68.0,0.0,1.0,0.1111111111111111,,,,0.0,,0.0,0.0,0.0,0.0,0.0,0.0,0.1,0.1,0.0,0.0,0.0,0.0,0.0,0.0,0.7,0.4,0.0,0.1,0.8,0.9,0.0,0.0,0.1,0.05,0.3,7.3,6.8,0.3
2022,001020,Mike Messenger,Mike,Messenger,SSDM,Defensive Midfield,10,OUT,Outlaws,2022-06-05,2022-08-20,6.0,6.0,6.0,0.0,6.0,0.0,10.0,7,1.0,0.0,0.0,0.0,0.0,0.0,13.0,6.0,7.0,4,15,19,0.0,0.0,5.0,6.0,3.0,54.0,38.0,0.6,0.7,0.21052631578947367,,,,0.0,0.0,0.6,0.6,0.6,0.0,0.6,0.0,1.0,0.7,0.1,0.0,0.0,0.0,0.0,0.0,1.3,0.6,0.7,0.4,1.5,1.9,0.0,0.0,0.5,0.6,0.3,5.4,3.8,0.3
2022,001391,Mikie Schlosser,Mikie,Schlosser,M,Midfield,6,WAT,Waterdogs,2022-06-05,2022-08-21,5.0,5.0,3.0,1.0,4.0,0.0,18.0,12,2.0,0.0,0.0,0.0,0.0,0.0,5.0,5.0,0.0,0,0,0,0.0,0.0,0.0,0.0,6.0,97.0,74.0,0.2222222222222222,0.6666666666666666,,,,,0.0,0.5,0.8333333333333334,0.8333333333333334,0.5,0.16666666666666666,0.6666666666666666,0.0,3.0,2.0,0.3333333333333333,0.0,0.0,0.0,0.0,0.0,0.8333333333333334,0.8333333333333334,0.0,0.0,0.0,0.0,0.0,0.0,0.0,0.0,1.0,16.166666666666668,12.333333333333334,1.0
2022,001397,Michael Rexrode,Michael,Rexrode,D,Defense,10,ATL,Atlas,2022-06-04,2022-08-21,0.0,0.0,0.0,0.0,0.0,0.0,0.0,0,0.0,0.0,0.0,0.0,0.0,0.0,22.0,3.0,6.0,0,0,0,0.0,0.0,1.0,0.5,0.0,52.0,49.0,,,,,,,,,0.0,0.0,0.0,0.0,0.0,0.0,0.0,0.0,0.0,0.0,0.0,0.0,0.0,0.0,2.2,0.3,0.6,0.0,0.0,0.0,0.0,0.0,0.1,0.05,0.0,5.2,4.9,0.0
2022,001402,Max Adler,Max,Adler,FO,Faceoff,4,CHA,Chaos,2022-07-31,2022-08-21,1.0,0.0,0.0,0.0,0.0,1.0,1.0,0,0.0,0.0,0.0,0.0,0.0,0.0,20.0,6.0,0.0,39,52,92,0.0,0.0,2.0,1.0,2.0,18.0,11.0,0.0,0.0,0.42391304347826086,,,,0.5,,0.25,0.0,0.0,0.0,0.0,0.25,0.25,0.0,0.0,0.0,0.0,0.0,0.0,0.0,5.0,1.5,0.0,9.75,13.0,23.0,0.0,0.0,0.5,0.25,0.5,4.5,2.75,0.5
2022,001406,Ben Randall,Ben,Randall,D,Defense,10,WAT,Waterdogs,2022-06-05,2022-08-21,3.0,2.0,2.0,0.0,2.0,1.0,5.0,5,1.0,0.0,0.0,0.0,0.0,0.0,17.0,4.0,8.0,0,0,0,0.0,0.0,0.0,0.0,3.0,59.0,50.0,0.4,1.0,,,,,0.3333333333333333,0.0,0.3,0.2,0.2,0.0,0.2,0.1,0.5,0.5,0.1,0.0,0.0,0.0,0.0,0.0,1.7,0.4,0.8,0.0,0.0,0.0,0.0,0.0,0.0,0.0,0.3,5.9,5.0,0.3
2022,001414,Scott Hooper,Scott,Hooper,D,Defense,1,CAN,Cannons,2022-06-05,2022-06-05,0.0,0.0,0.0,0.0,0.0,0.0,0.0,0,0.0,0.0,0.0,0.0,0.0,0.0,1.0,0.0,2.0,0,0,0,0.0,0.0,0.0,0.0,0.0,2.0,2.0,,,,,,,,,0.0,0.0,0.0,0.0,0.0,0.0,0.0,0.0,0.0,0.0,0.0,0.0,0.0,0.0,1.0,0.0,2.0,0.0,0.0,0.0,0.0,0.0,0.0,0.0,0.0,2.0,2.0,0.0
2022,001417,Bryce Wasserman,Bryce,Wasserman,A,Attack,2,CHA,Chaos,2022-06-04,2022-06-11,1.0,0.0,0.0,0.0,0.0,1.0,2.0,1,0.0,0.0,0.0,0.0,0.0,0.0,0.0,3.0,0.0,0,0,0,0.0,0.0,0.0,0.0,2.0,33.0,28.0,0.0,0.5,,,,,0.5,,0.5,0.0,0.0,0.0,0.0,0.5,1.0,0.5,0.0,0.0,0.0,0.0,0.0,0.0,0.0,1.5,0.0,0.0,0.0,0.0,0.0,0.0,0.0,0.0,1.0,16.5,14.0,1.0
2022,001427,Nick Marrocco,Nick,Marrocco,G,Goalie,9,CAN,Cannons,2022-06-05,2022-08-13,0.0,0.0,0.0,0.0,0.0,0.0,2.0,2,2.0,123.0,49.0,74.0,129.0,128.6796232519601,23.0,0.0,3.0,0,0,0,124.0,5.0,1.0,1.0,3.0,151.0,149.0,0.0,1.0,,0.4979757085020243,39.83739837398374,0.19838056680161945,0.0,0.0,0.0,0.0,0.0,0.0,0.0,0.0,0.2222222222222222,0.2222222222222222,0.2222222222222222,13.666666666666666,5.444444444444445,8.222222222222221,14.333333333333334,14.297735916884456,2.5555555555555554,0.0,0.3333333333333333,0.0,0.0,0.0,13.777777777777779,0.5555555555555556,0.1111111111111111,0.1111111111111111,0.3333333333333333,16.77777777777778,16.555555555555557,0.3333333333333333
2022,001657,Brendan Bomberry,Brendan,Bomberry,A,Attack,3,CAN,Cannons,2022-06-05,2022-06-18,1.0,1.0,1.0,0.0,1.0,0.0,8.0,3,0.0,0.0,0.0,0.0,0.0,0.0,1.0,2.0,0.0,0,0,0,0.0,0.0,0.0,0.0,0.0,26.0,16.0,0.125,0.375,,,,,,,0.3333333333333333,0.3333333333333333,0.3333333333333333,0.0,0.3333333333333333,0.0,2.6666666666666665,1.0,0.0,0.0,0.0,0.0,0.0,0.0,0.3333333333333333,0.6666666666666666,0.0,0.0,0.0,0.0,0.0,0.0,0.0,0.0,0.0,8.666666666666666,5.333333333333333,0.0
2022,001662,Andrew Kew,Andrew,Kew,A,Attack,1,CHA,Chaos,2022-06-11,2022-06-11,0.0,0.0,0.0,0.0,0.0,0.0,4.0,0,1.0,0.0,0.0,0.0,0.0,0.0,2.0,1.0,0.0,0,0,0,0.0,0.0,0.0,0.0,1.0,15.0,10.0,0.0,0.0,,,,,0.0,0.0,0.0,0.0,0.0,0.0,0.0,0.0,4.0,0.0,1.0,0.0,0.0,0.0,0.0,0.0,2.0,1.0,0.0,0.0,0.0,0.0,0.0,0.0,0.0,0.0,1.0,15.0,10.0,1.0
2022,001671,Zach Goodrich,Zach,Goodrich,SSDM,Defensive Midfield,10,CAN,Cannons,2022-06-05,2022-08-21,1.0,1.0,1.0,0.0,1.0,0.0,6.0,3,1.0,0.0,0.0,0.0,0.0,0.0,9.0,2.0,6.0,0,0,0,0.0,0.0,5.0,3.5,4.0,82.0,74.0,0.16666666666666666,0.5,,,,,0.0,0.0,0.1,0.1,0.1,0.0,0.1,0.0,0.6,0.3,0.1,0.0,0.0,0.0,0.0,0.0,0.9,0.2,0.6,0.0,0.0,0.0,0.0,0.0,0.5,0.35,0.4,8.2,7.4,0.4
2022,001707,Matt Whitcher,Matt,Whitcher,SSDM,Defensive Midfield,10,WAT,Waterdogs,2022-06-05,2022-08-21,0.0,0.0,0.0,0.0,0.0,0.0,6.0,4,1.0,0.0,0.0,0.0,0.0,0.0,13.0,0.0,6.0,0,0,0,0.0,0.0,2.0,1.0,3.0,66.0,60.0,0.0,0.6666666666666666,,,,,0.0,0.0,0.0,0.0,0.0,0.0,0.0,0.0,0.6,0.4,0.1,0.0,0.0,0.0,0.0,0.0,1.3,0.0,0.6,0.0,0.0,0.0,0.0,0.0,0.2,0.1,0.3,6.6,6.0,0.3
2022,001724,Sean Sconone,Sean,Sconone,G,Goalie,10,OUT,Outlaws,2022-06-05,2022-08-20,1.0,0.0,0.0,0.0,0.0,1.0,0.0,0,0.0,112.0,37.0,75.0,102.0,101.03688944708047,20.0,3.0,3.0,0,0,0,96.0,6.0,0.0,0.0,3.0,136.0,133.0,,,,0.5384615384615384,33.035714285714285,0.1778846153846154,0.3333333333333333,,0.1,0.0,0.0,0.0,0.0,0.1,0.0,0.0,0.0,11.2,3.7,7.5,10.2,10.103688944708047,2.0,0.3,0.3,0.0,0.0,0.0,9.6,0.6,0.0,0.0,0.3,13.6,13.3,0.3
2022,001727,Bradley Voigt,Bradley,Voigt,A,Attack,1,CHA,Chaos,2022-06-04,2022-06-04,1.0,1.0,1.0,0.0,1.0,0.0,3.0,2,0.0,0.0,0.0,0.0,0.0,0.0,0.0,1.0,0.0,0,0,0,0.0,0.0,0.0,0.0,0.0,9.0,5.0,0.3333333333333333,0.6666666666666666,,,,,,,1.0,1.0,1.0,0.0,1.0,0.0,3.0,2.0,0.0,0.0,0.0,0.0,0.0,0.0,0.0,1.0,0.0,0.0,0.0,0.0,0.0,0.0,0.0,0.0,0.0,9.0,5.0,0.0
2022,001729,Chris Aslanian,Chris,Aslanian,M,Midfield,5,CAN|WHP,Cannons|Whipsnakes,2022-06-12,2022-08-21,9.0,4.0,4.0,0.0,4.0,5.0,20.0,12,4.0,0.0,0.0,0.0,0.0,0.0,6.0,4.0,0.0,0,0,0,0.0,0.0,0.0,0.0,11.0,101.0,77.0,0.2,0.6,,,,,0.45454545454545453,0.0,1.8,0.8,0.8,0.0,0.8,1.0,4.0,2.4,0.8,0.0,0.0,0.0,0.0,0.0,1.2,0.8,0.0,0.0,0.0,0.0,0.0,0.0,0.0,0.0,2.2,20.2,15.4,2.2
2022,001740,Andrew Newbold,Andrew,Newbold,LSM,Long Stick Midfield,4,CAN,Cannons,2022-07-31,2022-08-21,1.0,1.0,1.0,0.0,1.0,0.0,3.0,2,1.0,0.0,0.0,0.0,0.0,0.0,0.0,0.0,1.0,0,3,3,0.0,0.0,0.0,0.0,2.0,9.0,6.0,0.3333333333333333,0.6666666666666666,0.0,,,,0.0,0.0,0.25,0.25,0.25,0.0,0.25,0.0,0.75,0.5,0.25,0.0,0.0,0.0,0.0,0.0,0.0,0.0,0.25,0.0,0.75,0.75,0.0,0.0,0.0,0.0,0.5,2.25,1.5,0.5
2022,001746,Daniel Bucaro,Daniel,Bucaro,M,Midfield,9,ATL,Atlas,2022-06-04,2022-08-21,12.0,9.0,9.0,0.0,9.0,3.0,31.0,17,0.0,0.0,0.0,0.0,0.0,0.0,5.0,9.0,1.0,0,0,0,0.0,0.0,0.0,0.0,9.0,106.0,66.0,0.2903225806451613,0.5483870967741935,,,,,0.3333333333333333,,1.3333333333333333,1.0,1.0,0.0,1.0,0.3333333333333333,3.4444444444444446,1.8888888888888888,0.0,0.0,0.0,0.0,0.0,0.0,0.5555555555555556,1.0,0.1111111111111111,0.0,0.0,0.0,0.0,0.0,0.0,0.0,1.0,11.777777777777779,7.333333333333333,1.0
2022,001760,Pat Aslanian,Pat,Aslanian,SSDM,Defensive Midfield,3,CAN,Cannons,2022-08-06,2022-08-21,0.0,0.0,0.0,0.0,0.0,0.0,1.0,0,0.0,0.0,0.0,0.0,0.0,0.0,0.0,1.0,2.0,0,0,0,0.0,0.0,0.0,0.0,1.0,12.0,10.0,0.0,0.0,,,,,0.0,,0.0,0.0,0.0,0.0,0.0,0.0,0.3333333333333333,0.0,0.0,0.0,0.0,0.0,0.0,0.0,0.0,0.3333333333333333,0.6666666666666666,0.0,0.0,0.0,0.0,0.0,0.0,0.0,0.3333333333333333,4.0,3.3333333333333335,0.3333333333333333
2022,001763,Alex Woodall,Alex,Woodall,FO,Faceoff,4,CAN,Cannons,2022-06-05,2022-07-24,1.0,0.0,0.0,0.0,0.0,1.0,0.0,0,0.0,0.0,0.0,0.0,0.0,0.0,12.0,2.0,0.0,23,27,50,0.0,0.0,0.0,0.0,1.0,12.0,10.0,,,0.46,,,,1.0,,0.25,0.0,0.0,0.0,0.0,0.25,0.0,0.0,0.0,0.0,0.0,0.0,0.0,0.0,3.0,0.5,0.0,5.75,6.75,12.5,0.0,0.0,0.0,0.0,0.25,3.0,2.5,0.25
2022,001766,Holden Garlent,Holden,Garlent,D,Defense,10,CAN,Cannons,2022-06-05,2022-08-21,2.0,2.0,0.0,1.0,1.0,0.0,3.0,2,3.0,0.0,0.0,0.0,0.0,0.0,23.0,6.0,9.0,0,0,0,0.0,0.0,4.0,2.5,0.0,52.0,43.0,0.3333333333333333,0.6666666666666666,,,,,,0.3333333333333333,0.2,0.2,0.0,0.1,0.1,0.0,0.3,0.2,0.3,0.0,0.0,0.0,0.0,0.0,2.3,0.6,0.9,0.0,0.0,0.0,0.0,0.0,0.4,0.25,0.0,5.2,4.3,0.0
2022,001773,Nick Washuta,Nick,Washuta,G,Goalie,2,ARC,Archers,2022-06-11,2022-06-18,0.0,0.0,0.0,0.0,0.0,0.0,0.0,0,0.0,0.0,0.0,0.0,1.0,480.0,0.0,1.0,0.0,0,0,0,1.0,0.0,0.0,0.0,0.0,2.0,1.0,,,,0.0,,0.0,,,0.0,0.0,0.0,0.0,0.0,0.0,0.0,0.0,0.0,0.0,0.0,0.0,0.5,240.0,0.0,0.5,0.0,0.0,0.0,0.0,0.5,0.0,0.0,0.0,0.0,1.0,0.5,0.0
2022,001793,Chase Fraser,Chase,Fraser,A,Attack,7,CHA,Chaos,2022-06-25,2022-08-21,13.0,12.0,12.0,0.0,12.0,1.0,39.0,24,0.0,0.0,0.0,0.0,0.0,0.0,15.0,20.0,3.0,0,0,0,0.0,0.0,2.0,1.5,5.0,219.0,160.0,0.3076923076923077,0.6153846153846154,,,,,0.2,,1.8571428571428572,1.7142857142857142,1.7142857142857142,0.0,1.7142857142857142,0.14285714285714285,5.571428571428571,3.4285714285714284,0.0,0.0,0.0,0.0,0.0,0.0,2.142857142857143,2.857142857142857,0.42857142857142855,0.0,0.0,0.0,0.0,0.0,0.2857142857142857,0.21428571428571427,0.7142857142857143,31.285714285714285,22.857142857142858,0.7142857142857143
2022,001795,Christian Scarpello,Christian,Scarpello,SSDM,Defensive Midfield,6,WAT,Waterdogs,2022-06-05,2022-07-24,1.0,0.0,0.0,0.0,0.0,1.0,0.0,0,0.0,0.0,0.0,0.0,0.0,0.0,3.0,0.0,4.0,0,0,0,0.0,0.0,0.0,0.0,2.0,33.0,33.0,,,,,,,0.5,,0.16666666666666666,0.0,0.0,0.0,0.0,0.16666666666666666,0.0,0.0,0.0,0.0,0.0,0.0,0.0,0.0,0.5,0.0,0.6666666666666666,0.0,0.0,0.0,0.0,0.0,0.0,0.0,0.3333333333333333,5.5,5.5,0.3333333333333333
2022,001796,Latrell Harris,Latrell,Harris,SSDM,Defensive Midfield,10,ARC,Archers,2022-06-05,2022-08-21,2.0,2.0,2.0,0.0,2.0,0.0,3.0,2,0.0,0.0,0.0,0.0,0.0,0.0,18.0,3.0,4.0,0,0,0,0.0,0.0,3.0,2.5,6.0,69.0,63.0,0.6666666666666666,0.6666666666666666,,,,,0.0,,0.2,0.2,0.2,0.0,0.2,0.0,0.3,0.2,0.0,0.0,0.0,0.0,0.0,0.0,1.8,0.3,0.4,0.0,0.0,0.0,0.0,0.0,0.3,0.25,0.6,6.9,6.3,0.6
2022,001797,JD Colarusso,JD,Colarusso,G,Goalie,2,ATL,Atlas,2022-06-04,2022-07-30,0.0,0.0,0.0,0.0,0.0,0.0,0.0,0,0.0,7.0,3.0,4.0,7.0,14.0,2.0,1.0,0.0,0,0,0,6.0,1.0,0.0,0.0,0.0,7.0,6.0,,,,0.5384615384615384,42.857142857142854,0.23076923076923078,,,0.0,0.0,0.0,0.0,0.0,0.0,0.0,0.0,0.0,3.5,1.5,2.0,3.5,7.0,1.0,0.5,0.0,0.0,0.0,0.0,3.0,0.5,0.0,0.0,0.0,3.5,3.0,0.0
2022,001809,Jeff Teat,Jeff,Teat,A,Attack,10,ATL,Atlas,2022-06-04,2022-08-21,38.0,22.0,22.0,0.0,22.0,16.0,52.0,36,0.0,0.0,0.0,0.0,0.0,0.0,15.0,21.0,1.0,0,0,0,0.0,0.0,0.0,0.0,61.0,362.0,289.0,0.4230769230769231,0.6923076923076923,,,,,0.26229508196721313,,3.8,2.2,2.2,0.0,2.2,1.6,5.2,3.6,0.0,0.0,0.0,0.0,0.0,0.0,1.5,2.1,0.1,0.0,0.0,0.0,0.0,0.0,0.0,0.0,6.1,36.2,28.9,6.1
2022,001810,Michael Sowers,Michael,Sowers,A,Attack,9,WAT,Waterdogs,2022-06-05,2022-08-21,32.0,21.0,21.0,0.0,21.0,11.0,59.0,41,2.0,0.0,0.0,0.0,0.0,0.0,5.0,12.0,0.0,0,0,0,0.0,0.0,1.0,1.0,49.0,255.0,184.0,0.3559322033898305,0.6949152542372882,,,,,0.22448979591836735,0.0,3.5555555555555554,2.3333333333333335,2.3333333333333335,0.0,2.3333333333333335,1.2222222222222223,6.555555555555555,4.555555555555555,0.2222222222222222,0.0,0.0,0.0,0.0,0.0,0.5555555555555556,1.3333333333333333,0.0,0.0,0.0,0.0,0.0,0.0,0.1111111111111111,0.1111111111111111,5.444444444444445,28.333333333333332,20.444444444444443,5.444444444444445
2022,001811,JT Giles-Harris,JT,Giles-Harris,D,Defense,10,OUT,Outlaws,2022-06-05,2022-08-20,0.0,0.0,0.0,0.0,0.0,0.0,0.0,0,0.0,0.0,0.0,0.0,0.0,0.0,24.0,4.0,11.0,0,0,0,0.0,0.0,2.0,1.5,0.0,76.0,72.0,,,,,,,,,0.0,0.0,0.0,0.0,0.0,0.0,0.0,0.0,0.0,0.0,0.0,0.0,0.0,0.0,2.4,0.4,1.1,0.0,0.0,0.0,0.0,0.0,0.2,0.15,0.0,7.6,7.2,0.0
2022,001812,TD Ierlan,TD,Ierlan,FO,Faceoff,10,RED,Redwoods,2022-06-04,2022-08-20,2.0,1.0,1.0,0.0,1.0,1.0,5.0,3,0.0,0.0,0.0,0.0,0.0,0.0,78.0,9.0,5.0,135,114,252,0.0,0.0,2.0,1.5,5.0,82.0,68.0,0.2,0.6,0.5357142857142857,,,,0.2,,0.2,0.1,0.1,0.0,0.1,0.1,0.5,0.3,0.0,0.0,0.0,0.0,0.0,0.0,7.8,0.9,0.5,13.5,11.4,25.2,0.0,0.0,0.2,0.15,0.5,8.2,6.8,0.5
2022,001813,Jared Conners,Jared,Conners,LSM,Long Stick Midfield,10,ARC,Archers,2022-06-05,2022-08-21,4.0,0.0,0.0,0.0,0.0,4.0,4.0,2,3.0,0.0,0.0,0.0,0.0,0.0,18.0,9.0,6.0,0,2,2,0.0,0.0,2.0,1.5,7.0,54.0,41.0,0.0,0.5,0.0,,,,0.5714285714285714,0.0,0.4,0.0,0.0,0.0,0.0,0.4,0.4,0.2,0.3,0.0,0.0,0.0,0.0,0.0,1.8,0.9,0.6,0.0,0.2,0.2,0.0,0.0,0.2,0.15,0.7,5.4,4.1,0.7
2022,001814,Mac O'Keefe,Mac,O'Keefe,M,Midfield,10,CHA,Chaos,2022-06-04,2022-08-21,16.0,13.0,9.0,2.0,11.0,3.0,30.0,20,5.0,0.0,0.0,0.0,0.0,0.0,5.0,7.0,0.0,0,0,0,0.0,0.0,0.0,0.0,12.0,199.0,162.0,0.36666666666666664,0.6666666666666666,,,,,0.25,0.4,1.6,1.3,0.9,0.2,1.1,0.3,3.0,2.0,0.5,0.0,0.0,0.0,0.0,0.0,0.5,0.7,0.0,0.0,0.0,0.0,0.0,0.0,0.0,0.0,1.2,19.9,16.2,1.2
2022,001815,Connor Kirst,Connor,Kirst,SSDM,Defensive Midfield,10,WHP,Whipsnakes,2022-06-04,2022-08-21,9.0,8.0,6.0,1.0,7.0,1.0,23.0,16,5.0,0.0,0.0,0.0,0.0,0.0,16.0,5.0,5.0,0,0,0,0.0,0.0,1.0,0.5,5.0,105.0,77.0,0.30434782608695654,0.6956521739130435,,,,,0.2,0.2,0.9,0.8,0.6,0.1,0.7,0.1,2.3,1.6,0.5,0.0,0.0,0.0,0.0,0.0,1.6,0.5,0.5,0.0,0.0,0.0,0.0,0.0,0.1,0.05,0.5,10.5,7.7,0.5
2022,001816,Dox Aitken,Dox,Aitken,M,Midfield,8,ATL,Atlas,2022-06-04,2022-08-21,10.0,8.0,8.0,0.0,8.0,2.0,23.0,17,0.0,0.0,0.0,0.0,0.0,0.0,9.0,10.0,1.0,0,0,0,0.0,0.0,0.0,0.0,13.0,142.0,109.0,0.34782608695652173,0.7391304347826086,,,,,0.15384615384615385,,1.25,1.0,1.0,0.0,1.0,0.25,2.875,2.125,0.0,0.0,0.0,0.0,0.0,0.0,1.125,1.25,0.125,0.0,0.0,0.0,0.0,0.0,0.0,0.0,1.625,17.75,13.625,1.625
2022,001817,Jack Kielty,Jack,Kielty,D,Defense,10,CAN,Cannons,2022-06-05,2022-08-21,0.0,0.0,0.0,0.0,0.0,0.0,0.0,0,0.0,0.0,0.0,0.0,0.0,0.0,12.0,4.0,7.0,0,0,0,0.0,0.0,1.0,1.0,0.0,67.0,63.0,,,,,,,,,0.0,0.0,0.0,0.0,0.0,0.0,0.0,0.0,0.0,0.0,0.0,0.0,0.0,0.0,1.2,0.4,0.7,0.0,0.0,0.0,0.0,0.0,0.1,0.1,0.0,6.7,6.3,0.0
2022,001818,Jake Carraway,Jake,Carraway,A,Attack,2,ATL,Atlas,2022-06-26,2022-07-02,1.0,1.0,1.0,0.0,1.0,0.0,8.0,5,2.0,0.0,0.0,0.0,0.0,0.0,1.0,0.0,0.0,0,0,0,0.0,0.0,0.0,0.0,3.0,33.0,25.0,0.125,0.625,,,,,0.0,0.0,0.5,0.5,0.5,0.0,0.5,0.0,4.0,2.5,1.0,0.0,0.0,0.0,0.0,0.0,0.5,0.0,0.0,0.0,0.0,0.0,0.0,0.0,0.0,0.0,1.5,16.5,12.5,1.5
2022,001819,Danny Logan,Danny,Logan,SSDM,Defensive Midfield,10,ATL,Atlas,2022-06-04,2022-08-21,9.0,7.0,1.0,3.0,4.0,2.0,8.0,6,6.0,0.0,0.0,0.0,0.0,0.0,20.0,3.0,6.0,2,10,12,0.0,0.0,3.0,2.0,9.0,90.0,79.0,0.5,0.75,0.16666666666666666,,,,0.2222222222222222,0.5,0.9,0.7,0.1,0.3,0.4,0.2,0.8,0.6,0.6,0.0,0.0,0.0,0.0,0.0,2.0,0.3,0.6,0.2,1.0,1.2,0.0,0.0,0.3,0.2,0.9,9.0,7.9,0.9
2022,001820,Ryan Terefenko,Ryan,Terefenko,SSDM,Defensive Midfield,10,OUT,Outlaws,2022-06-05,2022-08-20,5.0,2.0,2.0,0.0,2.0,3.0,4.0,3,0.0,0.0,0.0,0.0,0.0,0.0,21.0,7.0,6.0,0,0,0,0.0,0.0,2.0,1.5,7.0,116.0,105.0,0.5,0.75,,,,,0.42857142857142855,,0.5,0.2,0.2,0.0,0.2,0.3,0.4,0.3,0.0,0.0,0.0,0.0,0.0,0.0,2.1,0.7,0.6,0.0,0.0,0.0,0.0,0.0,0.2,0.15,0.7,11.6,10.5,0.7
2022,001821,Tre Leclaire,Tre,Leclaire,M,Midfield,9,ARC,Archers,2022-06-05,2022-08-21,8.0,6.0,6.0,0.0,6.0,2.0,24.0,13,0.0,0.0,0.0,0.0,0.0,0.0,6.0,2.0,1.0,0,0,0,0.0,0.0,0.0,0.0,5.0,129.0,103.0,0.25,0.5416666666666666,,,,,0.4,,0.8888888888888888,0.6666666666666666,0.6666666666666666,0.0,0.6666666666666666,0.2222222222222222,2.6666666666666665,1.4444444444444444,0.0,0.0,0.0,0.0,0.0,0.0,0.6666666666666666,0.2222222222222222,0.1111111111111111,0.0,0.0,0.0,0.0,0.0,0.0,0.0,0.5555555555555556,14.333333333333334,11.444444444444445,0.5555555555555556
2022,001823,Tanner Cook,Tanner,Cook,M,Midfield,5,CHA,Chaos,2022-06-04,2022-08-06,3.0,2.0,2.0,0.0,2.0,1.0,7.0,6,0.0,0.0,0.0,0.0,0.0,0.0,3.0,5.0,0.0,0,0,0,0.0,0.0,1.0,2.0,7.0,72.0,60.0,0.2857142857142857,0.8571428571428571,,,,,0.14285714285714285,,0.6,0.4,0.4,0.0,0.4,0.2,1.4,1.2,0.0,0.0,0.0,0.0,0.0,0.0,0.6,1.0,0.0,0.0,0.0,0.0,0.0,0.0,0.2,0.4,1.4,14.4,12.0,1.4
2022,001824,Ryan Tierney,Ryan,Tierney,M,Midfield,7,CAN,Cannons,2022-06-05,2022-08-21,5.0,5.0,5.0,0.0,5.0,0.0,14.0,10,1.0,0.0,0.0,0.0,0.0,0.0,6.0,8.0,0.0,0,0,0,0.0,0.0,1.0,1.0,6.0,87.0,65.0,0.35714285714285715,0.7142857142857143,,,,,0.0,0.0,0.7142857142857143,0.7142857142857143,0.7142857142857143,0.0,0.7142857142857143,0.0,2.0,1.4285714285714286,0.14285714285714285,0.0,0.0,0.0,0.0,0.0,0.8571428571428571,1.1428571428571428,0.0,0.0,0.0,0.0,0.0,0.0,0.14285714285714285,0.14285714285714285,0.8571428571428571,12.428571428571429,9.285714285714286,0.8571428571428571
2022,001825,Peter Dearth,Peter,Dearth,SSDM,Defensive Midfield,9,ATL,Atlas,2022-06-04,2022-08-21,3.0,1.0,1.0,0.0,1.0,2.0,5.0,4,0.0,0.0,0.0,0.0,0.0,0.0,9.0,5.0,3.0,0,0,0,0.0,0.0,1.0,0.5,4.0,45.0,35.0,0.2,0.8,,,,,0.5,,0.3333333333333333,0.1111111111111111,0.1111111111111111,0.0,0.1111111111111111,0.2222222222222222,0.5555555555555556,0.4444444444444444,0.0,0.0,0.0,0.0,0.0,0.0,1.0,0.5555555555555556,0.3333333333333333,0.0,0.0,0.0,0.0,0.0,0.1111111111111111,0.05555555555555555,0.4444444444444444,5.0,3.888888888888889,0.4444444444444444
2022,001826,Jeff Trainor,Jeff,Trainor,M,Midfield,5,ARC,Archers,2022-06-05,2022-08-06,4.0,4.0,2.0,1.0,3.0,0.0,8.0,5,2.0,0.0,0.0,0.0,0.0,0.0,5.0,0.0,3.0,0,0,0,0.0,0.0,1.0,0.5,4.0,48.0,40.0,0.375,0.625,,,,,0.0,0.5,0.8,0.8,0.4,0.2,0.6,0.0,1.6,1.0,0.4,0.0,0.0,0.0,0.0,0.0,1.0,0.0,0.6,0.0,0.0,0.0,0.0,0.0,0.2,0.1,0.8,9.6,8.0,0.8
2022,001828,Justin Anderson,Justin,Anderson,M,Midfield,10,OUT,Outlaws,2022-06-05,2022-08-20,21.0,16.0,14.0,1.0,15.0,5.0,39.0,27,1.0,0.0,0.0,0.0,0.0,0.0,12.0,9.0,1.0,0,0,0,0.0,0.0,2.0,1.0,23.0,228.0,180.0,0.38461538461538464,0.6923076923076923,,,,,0.21739130434782608,1.0,2.1,1.6,1.4,0.1,1.5,0.5,3.9,2.7,0.1,0.0,0.0,0.0,0.0,0.0,1.2,0.9,0.1,0.0,0.0,0.0,0.0,0.0,0.2,0.1,2.3,22.8,18.0,2.3
2022,001831,Colin Squires,Colin,Squires,LSM,Long Stick Midfield,10,WHP,Whipsnakes,2022-06-04,2022-08-21,0.0,0.0,0.0,0.0,0.0,0.0,0.0,0,0.0,0.0,0.0,0.0,0.0,0.0,19.0,2.0,5.0,1,10,11,0.0,0.0,0.0,0.0,1.0,28.0,26.0,,,0.09090909090909091,,,,0.0,,0.0,0.0,0.0,0.0,0.0,0.0,0.0,0.0,0.0,0.0,0.0,0.0,0.0,0.0,1.9,0.2,0.5,0.1,1.0,1.1,0.0,0.0,0.0,0.0,0.1,2.8,2.6,0.1
2022,001832,Charlie Bertrand,Charlie,Bertrand,M,Midfield,10,RED,Redwoods,2022-06-04,2022-08-20,18.0,18.0,18.0,0.0,18.0,0.0,43.0,30,1.0,0.0,0.0,0.0,0.0,0.0,3.0,15.0,2.0,0,0,0,0.0,0.0,1.0,0.5,10.0,164.0,106.0,0.4186046511627907,0.6976744186046512,,,,,0.0,0.0,1.8,1.8,1.8,0.0,1.8,0.0,4.3,3.0,0.1,0.0,0.0,0.0,0.0,0.0,0.3,1.5,0.2,0.0,0.0,0.0,0.0,0.0,0.1,0.05,1.0,16.4,10.6,1.0
2022,001833,Stephen Rehfuss,Stephen,Rehfuss,M,Midfield,10,CAN,Cannons,2022-06-05,2022-08-21,14.0,6.0,6.0,0.0,6.0,8.0,29.0,17,0.0,0.0,0.0,0.0,0.0,0.0,9.0,16.0,0.0,0,0,0,0.0,0.0,0.0,0.0,44.0,277.0,232.0,0.20689655172413793,0.5862068965517241,,,,,0.18181818181818182,,1.4,0.6,0.6,0.0,0.6,0.8,2.9,1.7,0.0,0.0,0.0,0.0,0.0,0.0,0.9,1.6,0.0,0.0,0.0,0.0,0.0,0.0,0.0,0.0,4.4,27.7,23.2,4.4
2022,001835,Ethan Walker,Ethan,Walker,A,Attack,9,WAT,Waterdogs,2022-06-05,2022-08-13,13.0,9.0,9.0,0.0,9.0,4.0,30.0,16,0.0,0.0,0.0,0.0,0.0,0.0,11.0,10.0,1.0,0,0,0,0.0,0.0,1.0,0.5,33.0,235.0,195.0,0.3,0.5333333333333333,,,,,0.12121212121212122,,1.4444444444444444,1.0,1.0,0.0,1.0,0.4444444444444444,3.3333333333333335,1.7777777777777777,0.0,0.0,0.0,0.0,0.0,0.0,1.2222222222222223,1.1111111111111112,0.1111111111111111,0.0,0.0,0.0,0.0,0.0,0.1111111111111111,0.05555555555555555,3.6666666666666665,26.11111111111111,21.666666666666668,3.6666666666666665
2022,001836,Jackson Morrill,Jackson,Morrill,M,Midfield,10,OUT,Outlaws,2022-06-05,2022-08-20,8.0,5.0,5.0,0.0,5.0,3.0,13.0,10,0.0,0.0,0.0,0.0,0.0,0.0,3.0,11.0,0.0,0,0,0,0.0,0.0,1.0,0.5,18.0,139.0,115.0,0.38461538461538464,0.7692307692307693,,,,,0.16666666666666666,,0.8,0.5,0.5,0.0,0.5,0.3,1.3,1.0,0.0,0.0,0.0,0.0,0.0,0.0,0.3,1.1,0.0,0.0,0.0,0.0,0.0,0.0,0.1,0.05,1.8,13.9,11.5,1.8
2022,001838,Ryan Smith,Ryan,Smith,M,Midfield,8,CHA,Chaos,2022-06-04,2022-08-13,13.0,8.0,8.0,0.0,8.0,5.0,15.0,12,0.0,0.0,0.0,0.0,0.0,0.0,2.0,5.0,0.0,0,0,0,0.0,0.0,0.0,0.0,11.0,128.0,108.0,0.5333333333333333,0.8,,,,,0.45454545454545453,,1.625,1.0,1.0,0.0,1.0,0.625,1.875,1.5,0.0,0.0,0.0,0.0,0.0,0.0,0.25,0.625,0.0,0.0,0.0,0.0,0.0,0.0,0.0,0.0,1.375,16.0,13.5,1.375
2022,001839,Nick Grill,Nick,Grill,LSM,Long Stick Midfield,10,OUT,Outlaws,2022-06-05,2022-08-20,0.0,0.0,0.0,0.0,0.0,0.0,0.0,0,0.0,0.0,0.0,0.0,0.0,0.0,10.0,2.0,5.0,0,0,0,0.0,0.0,1.0,0.5,1.0,31.0,29.0,,,,,,,0.0,,0.0,0.0,0.0,0.0,0.0,0.0,0.0,0.0,0.0,0.0,0.0,0.0,0.0,0.0,1.0,0.2,0.5,0.0,0.0,0.0,0.0,0.0,0.1,0.05,0.1,3.1,2.9,0.1
2022,001843,Cole Williams,Cole,Williams,M,Midfield,4,OUT,Outlaws,2022-07-30,2022-08-20,7.0,5.0,5.0,0.0,5.0,2.0,12.0,9,0.0,0.0,0.0,0.0,0.0,0.0,3.0,2.0,0.0,0,0,0,0.0,0.0,1.0,1.0,8.0,58.0,44.0,0.4166666666666667,0.75,,,,,0.25,,1.75,1.25,1.25,0.0,1.25,0.5,3.0,2.25,0.0,0.0,0.0,0.0,0.0,0.0,0.75,0.5,0.0,0.0,0.0,0.0,0.0,0.0,0.25,0.25,2.0,14.5,11.0,2.0
2022,001846,Adam Charalambides,Adam,Charalambides,A,Attack,3,CAN,Cannons,2022-06-25,2022-07-24,3.0,3.0,3.0,0.0,3.0,0.0,17.0,11,0.0,0.0,0.0,0.0,0.0,0.0,4.0,4.0,0.0,0,0,0,0.0,0.0,0.0,0.0,3.0,62.0,41.0,0.17647058823529413,0.6470588235294118,,,,,0.0,,1.0,1.0,1.0,0.0,1.0,0.0,5.666666666666667,3.6666666666666665,0.0,0.0,0.0,0.0,0.0,0.0,1.3333333333333333,1.3333333333333333,0.0,0.0,0.0,0.0,0.0,0.0,0.0,0.0,1.0,20.666666666666668,13.666666666666666,1.0
2022,002001,Kevin Rogers,Kevin,Rogers,M,Midfield,5,OUT,Outlaws,2022-06-05,2022-07-24,4.0,1.0,1.0,0.0,1.0,3.0,11.0,5,1.0,0.0,0.0,0.0,0.0,0.0,5.0,2.0,1.0,0,0,0,0.0,0.0,0.0,0.0,10.0,74.0,61.0,0.09090909090909091,0.45454545454545453,,,,,0.3,0.0,0.8,0.2,0.2,0.0,0.2,0.6,2.2,1.0,0.2,0.0,0.0,0.0,0.0,0.0,1.0,0.4,0.2,0.0,0.0,0.0,0.0,0.0,0.0,0.0,2.0,14.8,12.2,2.0
2022,002007,Charlie Kitchen,Charlie,Kitchen,A,Attack,1,WAT,Waterdogs,2022-07-31,2022-07-31,1.0,1.0,1.0,0.0,1.0,0.0,3.0,2,0.0,0.0,0.0,0.0,0.0,0.0,0.0,0.0,0.0,0,0,0,0.0,0.0,0.0,0.0,2.0,8.0,5.0,0.3333333333333333,0.6666666666666666,,,,,0.0,,1.0,1.0,1.0,0.0,1.0,0.0,3.0,2.0,0.0,0.0,0.0,0.0,0.0,0.0,0.0,0.0,0.0,0.0,0.0,0.0,0.0,0.0,0.0,0.0,2.0,8.0,5.0,2.0
2022,002015,Logan Wisnauskas,Logan,Wisnauskas,A,Attack,9,OUT,Outlaws,2022-06-05,2022-08-20,35.0,24.0,24.0,0.0,24.0,11.0,62.0,40,0.0,0.0,0.0,0.0,0.0,0.0,10.0,7.0,0.0,0,0,0,0.0,0.0,0.0,0.0,31.0,286.0,217.0,0.3870967741935484,0.6451612903225806,,,,,0.3548387096774194,,3.888888888888889,2.6666666666666665,2.6666666666666665,0.0,2.6666666666666665,1.2222222222222223,6.888888888888889,4.444444444444445,0.0,0.0,0.0,0.0,0.0,0.0,1.1111111111111112,0.7777777777777778,0.0,0.0,0.0,0.0,0.0,0.0,0.0,0.0,3.4444444444444446,31.77777777777778,24.11111111111111,3.4444444444444446
2022,002016,Chris Gray,Chris,Gray,A,Attack,10,ATL,Atlas,2022-06-04,2022-08-21,34.0,18.0,16.0,1.0,17.0,16.0,60.0,36,4.0,0.0,0.0,0.0,0.0,0.0,7.0,18.0,1.0,0,0,0,0.0,0.0,3.0,2.5,43.0,353.0,275.0,0.2833333333333333,0.6,,,,,0.37209302325581395,0.25,3.4,1.8,1.6,0.1,1.7,1.6,6.0,3.6,0.4,0.0,0.0,0.0,0.0,0.0,0.7,1.8,0.1,0.0,0.0,0.0,0.0,0.0,0.3,0.25,4.3,35.3,27.5,4.3
2022,002017,Arden Cohen,Arden,Cohen,D,Defense,10,RED,Redwoods,2022-06-04,2022-08-20,0.0,0.0,0.0,0.0,0.0,0.0,0.0,0,0.0,0.0,0.0,0.0,0.0,0.0,18.0,4.0,3.0,0,0,0,0.0,0.0,1.0,2.0,1.0,37.0,33.0,,,,,,,0.0,,0.0,0.0,0.0,0.0,0.0,0.0,0.0,0.0,0.0,0.0,0.0,0.0,0.0,0.0,1.8,0.4,0.3,0.0,0.0,0.0,0.0,0.0,0.1,0.2,0.1,3.7,3.3,0.1
2022,002018,Matt Moore,Matt,Moore,M,Midfield,10,ARC,Archers,2022-06-05,2022-08-21,20.0,15.0,15.0,0.0,15.0,5.0,43.0,32,3.0,0.0,0.0,0.0,0.0,0.0,3.0,13.0,0.0,0,0,0,0.0,0.0,0.0,0.0,19.0,174.0,118.0,0.3488372093023256,0.7441860465116279,,,,,0.2631578947368421,0.0,2.0,1.5,1.5,0.0,1.5,0.5,4.3,3.2,0.3,0.0,0.0,0.0,0.0,0.0,0.3,1.3,0.0,0.0,0.0,0.0,0.0,0.0,0.0,0.0,1.9,17.4,11.8,1.9
2022,002019,Koby Smith,Koby,Smith,LSM,Long Stick Midfield,10,ATL,Atlas,2022-06-04,2022-08-21,5.0,5.0,1.0,2.0,3.0,0.0,5.0,4,3.0,0.0,0.0,0.0,0.0,0.0,11.0,4.0,3.0,0,0,0,0.0,0.0,1.0,1.0,3.0,28.0,19.0,0.6,0.8,,,,,0.0,0.6666666666666666,0.5,0.5,0.1,0.2,0.3,0.0,0.5,0.4,0.3,0.0,0.0,0.0,0.0,0.0,1.1,0.4,0.3,0.0,0.0,0.0,0.0,0.0,0.1,0.1,0.3,2.8,1.9,0.3
2022,002020,Brett Kennedy,Brett,Kennedy,D,Defense,5,CHA,Chaos,2022-06-04,2022-07-23,0.0,0.0,0.0,0.0,0.0,0.0,0.0,0,0.0,0.0,0.0,0.0,0.0,0.0,8.0,1.0,1.0,0,0,0,0.0,0.0,1.0,0.5,1.0,21.0,20.0,,,,,,,0.0,,0.0,0.0,0.0,0.0,0.0,0.0,0.0,0.0,0.0,0.0,0.0,0.0,0.0,0.0,1.6,0.2,0.2,0.0,0.0,0.0,0.0,0.0,0.2,0.1,0.2,4.2,4.0,0.2
2022,002022,Zach Geddes,Zach,Geddes,SSDM,Defensive Midfield,6,CHA,Chaos,2022-06-04,2022-08-13,0.0,0.0,0.0,0.0,0.0,0.0,2.0,2,1.0,0.0,0.0,0.0,0.0,0.0,8.0,2.0,1.0,0,0,0,0.0,0.0,0.0,0.0,2.0,39.0,35.0,0.0,1.0,,,,,0.0,0.0,0.0,0.0,0.0,0.0,0.0,0.0,0.3333333333333333,0.3333333333333333,0.16666666666666666,0.0,0.0,0.0,0.0,0.0,1.3333333333333333,0.3333333333333333,0.16666666666666666,0.0,0.0,0.0,0.0,0.0,0.0,0.0,0.3333333333333333,6.5,5.833333333333333,0.3333333333333333
2022,002023,Brendan Nichtern,Brendan,Nichtern,A,Attack,10,OUT,Outlaws,2022-06-05,2022-08-20,38.0,16.0,16.0,0.0,16.0,22.0,57.0,38,1.0,0.0,0.0,0.0,0.0,0.0,11.0,33.0,3.0,0,0,0,0.0,0.0,0.0,0.0,51.0,472.0,382.0,0.2807017543859649,0.6666666666666666,,,,,0.43137254901960786,0.0,3.8,1.6,1.6,0.0,1.6,2.2,5.7,3.8,0.1,0.0,0.0,0.0,0.0,0.0,1.1,3.3,0.3,0.0,0.0,0.0,0.0,0.0,0.0,0.0,5.1,47.2,38.2,5.1
2022,002024,Asher Nolting,Asher,Nolting,A,Attack,10,CAN,Cannons,2022-06-05,2022-08-21,23.0,14.0,14.0,0.0,14.0,9.0,49.0,38,0.0,0.0,0.0,0.0,0.0,0.0,13.0,31.0,2.0,0,0,0,0.0,0.0,1.0,0.5,45.0,282.0,202.0,0.2857142857142857,0.7755102040816326,,,,,0.2,,2.3,1.4,1.4,0.0,1.4,0.9,4.9,3.8,0.0,0.0,0.0,0.0,0.0,0.0,1.3,3.1,0.2,0.0,0.0,0.0,0.0,0.0,0.1,0.05,4.5,28.2,20.2,4.5
2022,002025,Bubba Fairman,Bubba,Fairman,SSDM,Defensive Midfield,9,CAN,Cannons,2022-06-11,2022-08-21,5.0,4.0,4.0,0.0,4.0,1.0,12.0,9,1.0,0.0,0.0,0.0,0.0,0.0,17.0,3.0,1.0,0,0,0,0.0,0.0,1.0,1.0,7.0,90.0,75.0,0.3333333333333333,0.75,,,,,0.14285714285714285,0.0,0.5555555555555556,0.4444444444444444,0.4444444444444444,0.0,0.4444444444444444,0.1111111111111111,1.3333333333333333,1.0,0.1111111111111111,0.0,0.0,0.0,0.0,0.0,1.8888888888888888,0.3333333333333333,0.1111111111111111,0.0,0.0,0.0,0.0,0.0,0.1111111111111111,0.1111111111111111,0.7777777777777778,10.0,8.333333333333334,0.7777777777777778
2022,002026,Brett Dobson,Brett,Dobson,G,Goalie,1,ARC,Archers,2022-08-06,2022-08-06,0.0,0.0,0.0,0.0,0.0,0.0,0.0,0,0.0,14.0,6.0,8.0,13.0,12.999999999999998,4.0,0.0,0.0,0,0,0,13.0,0.0,0.0,0.0,0.0,12.0,12.0,,,,0.5185185185185185,42.857142857142854,0.2222222222222222,,,0.0,0.0,0.0,0.0,0.0,0.0,0.0,0.0,0.0,14.0,6.0,8.0,13.0,12.999999999999998,4.0,0.0,0.0,0.0,0.0,0.0,13.0,0.0,0.0,0.0,0.0,12.0,12.0,0.0
2022,002027,Brendan Curry,Brendan,Curry,M,Midfield,3,ATL,Atlas,2022-06-04,2022-06-18,1.0,1.0,1.0,0.0,1.0,0.0,12.0,7,0.0,0.0,0.0,0.0,0.0,0.0,1.0,2.0,0.0,0,0,0,0.0,0.0,0.0,0.0,1.0,35.0,21.0,0.08333333333333333,0.5833333333333334,,,,,0.0,,0.3333333333333333,0.3333333333333333,0.3333333333333333,0.0,0.3333333333333333,0.0,4.0,2.3333333333333335,0.0,0.0,0.0,0.0,0.0,0.0,0.3333333333333333,0.6666666666666666,0.0,0.0,0.0,0.0,0.0,0.0,0.0,0.0,0.3333333333333333,11.666666666666666,7.0,0.3333333333333333
2022,002028,Jack Hannah,Jack,Hannah,M,Midfield,10,WAT,Waterdogs,2022-06-05,2022-08-21,14.0,11.0,11.0,0.0,11.0,3.0,65.0,41,3.0,0.0,0.0,0.0,0.0,0.0,5.0,5.0,0.0,0,0,0,0.0,0.0,2.0,1.0,14.0,149.0,79.0,0.16923076923076924,0.6307692307692307,,,,,0.21428571428571427,0.0,1.4,1.1,1.1,0.0,1.1,0.3,6.5,4.1,0.3,0.0,0.0,0.0,0.0,0.0,0.5,0.5,0.0,0.0,0.0,0.0,0.0,0.0,0.2,0.1,1.4,14.9,7.9,1.4
2022,002029,Wheaton Jackoboice,Wheaton,Jackoboice,M,Midfield,6,WHP,Whipsnakes,2022-06-18,2022-08-21,1.0,1.0,1.0,0.0,1.0,0.0,11.0,2,1.0,0.0,0.0,0.0,0.0,0.0,2.0,3.0,0.0,0,0,0,0.0,0.0,0.0,0.0,10.0,60.0,46.0,0.09090909090909091,0.18181818181818182,,,,,0.0,0.0,0.16666666666666666,0.16666666666666666,0.16666666666666666,0.0,0.16666666666666666,0.0,1.8333333333333333,0.3333333333333333,0.16666666666666666,0.0,0.0,0.0,0.0,0.0,0.3333333333333333,0.5,0.0,0.0,0.0,0.0,0.0,0.0,0.0,0.0,1.6666666666666667,10.0,7.666666666666667,1.6666666666666667
2022,002030,Jonathan Donville,Jonathan,Donville,M,Midfield,7,CAN|CHA,Cannons|Chaos,2022-06-04,2022-08-21,10.0,8.0,8.0,0.0,8.0,2.0,24.0,18,0.0,0.0,0.0,0.0,0.0,0.0,5.0,6.0,1.0,0,0,0,0.0,0.0,0.0,0.0,20.0,133.0,103.0,0.3333333333333333,0.75,,,,,0.1,,1.4285714285714286,1.1428571428571428,1.1428571428571428,0.0,1.1428571428571428,0.2857142857142857,3.4285714285714284,2.5714285714285716,0.0,0.0,0.0,0.0,0.0,0.0,0.7142857142857143,0.8571428571428571,0.14285714285714285,0.0,0.0,0.0,0.0,0.0,0.0,0.0,2.857142857142857,19.0,14.714285714285714,2.857142857142857
2022,002032,Justin Inacio,Justin,Inacio,FO,Faceoff,8,ARC,Archers,2022-06-05,2022-08-21,2.0,2.0,2.0,0.0,2.0,0.0,6.0,3,0.0,0.0,0.0,0.0,0.0,0.0,33.0,0.0,0.0,77,105,183,0.0,0.0,1.0,0.5,1.0,34.0,28.0,0.3333333333333333,0.5,0.4207650273224044,,,,0.0,,0.25,0.25,0.25,0.0,0.25,0.0,0.75,0.375,0.0,0.0,0.0,0.0,0.0,0.0,4.125,0.0,0.0,9.625,13.125,22.875,0.0,0.0,0.125,0.0625,0.125,4.25,3.5,0.125
2022,002033,Nakeie Montgomery,Nakeie,Montgomery,M,Midfield,10,RED,Redwoods,2022-06-04,2022-08-20,9.0,7.0,5.0,1.0,6.0,2.0,23.0,15,5.0,0.0,0.0,0.0,0.0,0.0,6.0,3.0,3.0,0,0,0,0.0,0.0,1.0,1.0,9.0,104.0,78.0,0.2608695652173913,0.6521739130434783,,,,,0.2222222222222222,0.2,0.9,0.7,0.5,0.1,0.6,0.2,2.3,1.5,0.5,0.0,0.0,0.0,0.0,0.0,0.6,0.3,0.3,0.0,0.0,0.0,0.0,0.0,0.1,0.1,0.9,10.4,7.8,0.9
2022,002034,Keegan Khan,Keegan,Khan,M,Midfield,7,WHP,Whipsnakes,2022-06-24,2022-08-21,9.0,6.0,6.0,0.0,6.0,3.0,18.0,9,0.0,0.0,0.0,0.0,0.0,0.0,1.0,10.0,0.0,0,0,0,0.0,0.0,1.0,0.5,14.0,101.0,73.0,0.3333333333333333,0.5,,,,,0.21428571428571427,,1.2857142857142858,0.8571428571428571,0.8571428571428571,0.0,0.8571428571428571,0.42857142857142855,2.5714285714285716,1.2857142857142858,0.0,0.0,0.0,0.0,0.0,0.0,0.14285714285714285,1.4285714285714286,0.0,0.0,0.0,0.0,0.0,0.0,0.14285714285714285,0.07142857142857142,2.0,14.428571428571429,10.428571428571429,2.0
2022,002036,Jake Higgins,Jake,Higgins,SSDM,Defensive Midfield,9,WAT,Waterdogs,2022-06-12,2022-08-21,1.0,0.0,0.0,0.0,0.0,1.0,1.0,0,0.0,0.0,0.0,0.0,0.0,0.0,8.0,2.0,5.0,0,0,0,0.0,0.0,1.0,1.0,4.0,51.0,48.0,0.0,0.0,,,,,0.25,,0.1111111111111111,0.0,0.0,0.0,0.0,0.1111111111111111,0.1111111111111111,0.0,0.0,0.0,0.0,0.0,0.0,0.0,0.8888888888888888,0.2222222222222222,0.5555555555555556,0.0,0.0,0.0,0.0,0.0,0.1111111111111111,0.1111111111111111,0.4444444444444444,5.666666666666667,5.333333333333333,0.4444444444444444
2022,002037,Bryan McIntosh,Bryan,McIntosh,D,Defense,3,CAN,Cannons,2022-06-05,2022-07-24,0.0,0.0,0.0,0.0,0.0,0.0,0.0,0,0.0,0.0,0.0,0.0,0.0,0.0,5.0,0.0,0.0,0,0,0,0.0,0.0,0.0,0.0,0.0,13.0,13.0,,,,,,,,,0.0,0.0,0.0,0.0,0.0,0.0,0.0,0.0,0.0,0.0,0.0,0.0,0.0,0.0,1.6666666666666667,0.0,0.0,0.0,0.0,0.0,0.0,0.0,0.0,0.0,0.0,4.333333333333333,4.333333333333333,0.0
2022,002038,Colin Kirst,Colin,Kirst,G,Goalie,2,CAN,Cannons,2022-08-13,2022-08-21,0.0,0.0,0.0,0.0,0.0,0.0,0.0,0,0.0,9.0,0.0,9.0,11.0,11.0,1.0,0.0,0.0,0,0,0,9.0,2.0,0.0,0.0,0.0,13.0,13.0,,,,0.5,0.0,0.0,,,0.0,0.0,0.0,0.0,0.0,0.0,0.0,0.0,0.0,4.5,0.0,4.5,5.5,5.5,0.5,0.0,0.0,0.0,0.0,0.0,4.5,1.0,0.0,0.0,0.0,6.5,6.5,0.0
2022,002040,Jackson Reid,Jackson,Reid,A,Attack,4,WHP,Whipsnakes,2022-06-04,2022-08-21,4.0,4.0,4.0,0.0,4.0,0.0,12.0,5,0.0,0.0,0.0,0.0,0.0,0.0,1.0,3.0,0.0,0,1,1,0.0,0.0,0.0,0.0,4.0,47.0,32.0,0.3333333333333333,0.4166666666666667,0.0,,,,0.0,,1.0,1.0,1.0,0.0,1.0,0.0,3.0,1.25,0.0,0.0,0.0,0.0,0.0,0.0,0.25,0.75,0.0,0.0,0.25,0.25,0.0,0.0,0.0,0.0,1.0,11.75,8.0,1.0
2022,002041,Mitch Bartolo,Mitch,Bartolo,M,Midfield,1,RED,Redwoods,2022-07-31,2022-07-31,0.0,0.0,0.0,0.0,0.0,0.0,0.0,0,0.0,0.0,0.0,0.0,0.0,0.0,1.0,1.0,0.0,0,0,0,0.0,0.0,0.0,0.0,0.0,2.0,1.0,,,,,,,,,0.0,0.0,0.0,0.0,0.0,0.0,0.0,0.0,0.0,0.0,0.0,0.0,0.0,0.0,1.0,1.0,0.0,0.0,0.0,0.0,0.0,0.0,0.0,0.0,0.0,2.0,1.0,0.0
2022,002042,Jon Robbins,Jon,Robbins,LSM,Long Stick Midfield,9,ARC,Archers,2022-06-05,2022-08-21,1.0,1.0,1.0,0.0,1.0,0.0,2.0,1,0.0,0.0,0.0,0.0,0.0,0.0,8.0,1.0,8.0,0,0,0,0.0,0.0,1.0,2.0,3.0,19.0,16.0,0.5,0.5,,,,,0.0,,0.1111111111111111,0.1111111111111111,0.1111111111111111,0.0,0.1111111111111111,0.0,0.2222222222222222,0.1111111111111111,0.0,0.0,0.0,0.0,0.0,0.0,0.8888888888888888,0.1111111111111111,0.8888888888888888,0.0,0.0,0.0,0.0,0.0,0.1111111111111111,0.2222222222222222,0.3333333333333333,2.111111111111111,1.7777777777777777,0.3333333333333333
2022,002043,Ryan Aughavin,Ryan,Aughavin,M,Midfield,2,ARC,Archers,2022-06-18,2022-06-26,2.0,2.0,0.0,1.0,1.0,0.0,4.0,4,1.0,0.0,0.0,0.0,0.0,0.0,1.0,0.0,1.0,0,0,0,0.0,0.0,0.0,0.0,0.0,14.0,10.0,0.25,1.0,,,,,,1.0,1.0,1.0,0.0,0.5,0.5,0.0,2.0,2.0,0.5,0.0,0.0,0.0,0.0,0.0,0.5,0.0,0.5,0.0,0.0,0.0,0.0,0.0,0.0,0.0,0.0,7.0,5.0,0.0
2022,002047,Frankie Labetti,Frankie,Labetti,FO,Faceoff,2,ARC,Archers,2022-06-11,2022-06-18,1.0,1.0,1.0,0.0,1.0,0.0,3.0,1,0.0,0.0,0.0,0.0,0.0,0.0,9.0,1.0,1.0,19,32,51,0.0,0.0,1.0,0.5,2.0,8.0,4.0,0.3333333333333333,0.3333333333333333,0.37254901960784315,,,,0.0,,0.5,0.5,0.5,0.0,0.5,0.0,1.5,0.5,0.0,0.0,0.0,0.0,0.0,0.0,4.5,0.5,0.5,9.5,16.0,25.5,0.0,0.0,0.5,0.25,1.0,4.0,2.0,1.0
2022,002051,Connor DeSimone,Connor,DeSimone,A,Attack,5,ARC,Archers,2022-06-05,2022-07-01,12.0,7.0,7.0,0.0,7.0,5.0,12.0,10,1.0,0.0,0.0,0.0,0.0,0.0,3.0,9.0,2.0,0,0,0,0.0,0.0,0.0,0.0,8.0,130.0,109.0,0.5833333333333334,0.8333333333333334,,,,,0.625,0.0,2.4,1.4,1.4,0.0,1.4,1.0,2.4,2.0,0.2,0.0,0.0,0.0,0.0,0.0,0.6,1.8,0.4,0.0,0.0,0.0,0.0,0.0,0.0,0.0,1.6,26.0,21.8,1.6
2022,002055,Jakob Phaup,Jakob,Phaup,FO,Faceoff,1,ATL,Atlas,2022-07-23,2022-07-23,0.0,0.0,0.0,0.0,0.0,0.0,0.0,0,0.0,0.0,0.0,0.0,0.0,0.0,5.0,1.0,0.0,11,18,29,0.0,0.0,0.0,0.0,0.0,5.0,4.0,,,0.3793103448275862,,,,,,0.0,0.0,0.0,0.0,0.0,0.0,0.0,0.0,0.0,0.0,0.0,0.0,0.0,0.0,5.0,1.0,0.0,11.0,18.0,29.0,0.0,0.0,0.0,0.0,0.0,5.0,4.0,0.0
2022,002056,Matt Rahill,Matt,Rahill,D,Defense,5,CAN,Cannons,2022-06-18,2022-08-13,0.0,0.0,0.0,0.0,0.0,0.0,1.0,1,1.0,0.0,0.0,0.0,0.0,0.0,9.0,2.0,1.0,0,0,0,0.0,0.0,1.0,0.5,0.0,27.0,24.0,0.0,1.0,,,,,,0.0,0.0,0.0,0.0,0.0,0.0,0.0,0.2,0.2,0.2,0.0,0.0,0.0,0.0,0.0,1.8,0.4,0.2,0.0,0.0,0.0,0.0,0.0,0.2,0.1,0.0,5.4,4.8,0.0
2022,002062,Ryan Hallenbeck,Ryan,Hallenbeck,SSDM,Defensive Midfield,4,RED,Redwoods,2022-06-04,2022-06-24,0.0,0.0,0.0,0.0,0.0,0.0,2.0,2,1.0,0.0,0.0,0.0,0.0,0.0,2.0,0.0,1.0,0,0,0,0.0,0.0,2.0,1.5,0.0,20.0,18.0,0.0,1.0,,,,,,0.0,0.0,0.0,0.0,0.0,0.0,0.0,0.5,0.5,0.25,0.0,0.0,0.0,0.0,0.0,0.5,0.0,0.25,0.0,0.0,0.0,0.0,0.0,0.5,0.375,0.0,5.0,4.5,0.0
2022,002063,Ryan Kennedy,Ryan,Kennedy,D,Defense,2,RED,Redwoods,2022-06-10,2022-08-20,0.0,0.0,0.0,0.0,0.0,0.0,0.0,0,0.0,0.0,0.0,0.0,0.0,0.0,5.0,0.0,0.0,0,0,0,0.0,0.0,0.0,0.0,0.0,5.0,5.0,,,,,,,,,0.0,0.0,0.0,0.0,0.0,0.0,0.0,0.0,0.0,0.0,0.0,0.0,0.0,0.0,2.5,0.0,0.0,0.0,0.0,0.0,0.0,0.0,0.0,0.0,0.0,2.5,2.5,0.0
2022,002064,Joe Robertson,Joe,Robertson,A,Attack,4,RED,Redwoods,2022-06-10,2022-07-31,2.0,1.0,1.0,0.0,1.0,1.0,9.0,6,0.0,0.0,0.0,0.0,0.0,0.0,2.0,4.0,0.0,0,0,0,0.0,0.0,0.0,0.0,1.0,27.0,14.0,0.1111111111111111,0.6666666666666666,,,,,1.0,,0.5,0.25,0.25,0.0,0.25,0.25,2.25,1.5,0.0,0.0,0.0,0.0,0.0,0.0,0.5,1.0,0.0,0.0,0.0,0.0,0.0,0.0,0.0,0.0,0.25,6.75,3.5,0.25
2022,002065,Anthony DeMaio,Anthony,DeMaio,M,Midfield,1,RED,Redwoods,2022-08-06,2022-08-06,0.0,0.0,0.0,0.0,0.0,0.0,0.0,0,0.0,0.0,0.0,0.0,0.0,0.0,1.0,0.0,0.0,0,0,0,0.0,0.0,0.0,0.0,1.0,5.0,5.0,,,,,,,0.0,,0.0,0.0,0.0,0.0,0.0,0.0,0.0,0.0,0.0,0.0,0.0,0.0,0.0,0.0,1.0,0.0,0.0,0.0,0.0,0.0,0.0,0.0,0.0,0.0,1.0,5.0,5.0,1.0
2022,002067,Zac Tucci,Zac,Tucci,FO,Faceoff,4,WAT,Waterdogs,2022-06-17,2022-08-06,1.0,0.0,0.0,0.0,0.0,1.0,5.0,2,1.0,0.0,0.0,0.0,0.0,0.0,19.0,1.0,0.0,47,60,109,0.0,0.0,0.0,0.0,1.0,18.0,12.0,0.0,0.4,0.43119266055045874,,,,1.0,0.0,0.25,0.0,0.0,0.0,0.0,0.25,1.25,0.5,0.25,0.0,0.0,0.0,0.0,0.0,4.75,0.25,0.0,11.75,15.0,27.25,0.0,0.0,0.0,0.0,0.25,4.5,3.0,0.25
2022,002072,Brennan Kamish,Brennan,Kamish,SSDM,Defensive Midfield,5,WHP,Whipsnakes,2022-06-04,2022-07-03,0.0,0.0,0.0,0.0,0.0,0.0,1.0,0,0.0,0.0,0.0,0.0,0.0,0.0,8.0,0.0,4.0,0,0,0,0.0,0.0,0.0,0.0,2.0,32.0,31.0,0.0,0.0,,,,,0.0,,0.0,0.0,0.0,0.0,0.0,0.0,0.2,0.0,0.0,0.0,0.0,0.0,0.0,0.0,1.6,0.0,0.8,0.0,0.0,0.0,0.0,0.0,0.0,0.0,0.4,6.4,6.2,0.4
2023,000201,Adam Ghitelman,Adam,Ghitelman,G,Goalie,3,CAN,Cannons,2023-06-03,2023-07-15,0.0,0.0,0.0,0.0,0.0,0.0,1.0,0,1.0,22.0,5.0,17.0,27.0,30.533331068209463,6.0,0.0,0.0,0,0,0,26.0,1.0,1.0,1.0,1.0,30.0,29.0,0.0,0.0,,0.4583333333333333,22.727272727272727,0.10416666666666667,0.0,0.0,0.0,0.0,0.0,0.0,0.0,0.0,0.3333333333333333,0.0,0.3333333333333333,7.333333333333333,1.6666666666666667,5.666666666666667,9.0,10.177777022736487,2.0,0.0,0.0,0.0,0.0,0.0,8.666666666666666,0.3333333333333333,0.3333333333333333,0.3333333333333333,0.3333333333333333,10.0,9.666666666666666,0.3333333333333333
2023,000211,Ian MacKay,Ian,MacKay,SSDM,Defensive Midfield,9,CHA,Chaos,2023-06-10,2023-08-27,12.0,9.0,7.0,1.0,8.0,3.0,26.0,15,6.0,0.0,0.0,0.0,0.0,0.0,6.0,5.0,1.0,0,0,0,0.0,0.0,5.0,3.0,11.0,88.0,57.0,0.3076923076923077,0.5769230769230769,,,,,0.2727272727272727,0.16666666666666666,1.3333333333333333,1.0,0.7777777777777778,0.1111111111111111,0.8888888888888888,0.3333333333333333,2.888888888888889,1.6666666666666667,0.6666666666666666,0.0,0.0,0.0,0.0,0.0,0.6666666666666666,0.5555555555555556,0.1111111111111111,0.0,0.0,0.0,0.0,0.0,0.5555555555555556,0.3333333333333333,1.2222222222222223,9.777777777777779,6.333333333333333,1.2222222222222223
2023,000216,Marcus Holman,Marcus,Holman,A,Attack,10,CAN,Cannons,2023-06-03,2023-08-26,44.0,31.0,29.0,1.0,30.0,13.0,79.0,52,5.0,0.0,0.0,0.0,0.0,0.0,24.0,19.0,4.0,0,0,0,0.0,0.0,1.0,0.5,45.0,409.0,311.0,0.379746835443038,0.6582278481012658,,,,,0.28888888888888886,0.2,4.4,3.1,2.9,0.1,3.0,1.3,7.9,5.2,0.5,0.0,0.0,0.0,0.0,0.0,2.4,1.9,0.4,0.0,0.0,0.0,0.0,0.0,0.1,0.05,4.5,40.9,31.1,4.5
2023,000218,Matt McMahon,Matt,McMahon,D,Defense,10,ARC,Archers,2023-06-03,2023-08-26,0.0,0.0,0.0,0.0,0.0,0.0,0.0,0,0.0,0.0,0.0,0.0,0.0,0.0,17.0,2.0,5.0,0,0,0,0.0,0.0,2.0,1.5,1.0,36.0,34.0,,,,,,,0.0,,0.0,0.0,0.0,0.0,0.0,0.0,0.0,0.0,0.0,0.0,0.0,0.0,0.0,0.0,1.7,0.2,0.5,0.0,0.0,0.0,0.0,0.0,0.2,0.15,0.1,3.6,3.4,0.1
2023,000221,Ryan Ambler,Ryan,Ambler,M,Midfield,10,ARC,Archers,2023-06-03,2023-08-26,11.0,7.0,7.0,0.0,7.0,4.0,24.0,15,2.0,0.0,0.0,0.0,0.0,0.0,7.0,11.0,1.0,0,0,0,0.0,0.0,2.0,2.5,30.0,184.0,149.0,0.2916666666666667,0.625,,,,,0.13333333333333333,0.0,1.1,0.7,0.7,0.0,0.7,0.4,2.4,1.5,0.2,0.0,0.0,0.0,0.0,0.0,0.7,1.1,0.1,0.0,0.0,0.0,0.0,0.0,0.2,0.25,3.0,18.4,14.9,3.0
2023,000222,Stephen Kelly,Stephen,Kelly,FO,Faceoff,4,CAN,Cannons,2023-06-03,2023-07-09,1.0,0.0,0.0,0.0,0.0,1.0,3.0,2,1.0,0.0,0.0,0.0,0.0,0.0,23.0,4.0,1.0,35,52,87,0.0,0.0,0.0,0.0,3.0,24.0,17.0,0.0,0.6666666666666666,0.40229885057471265,,,,0.3333333333333333,0.0,0.25,0.0,0.0,0.0,0.0,0.25,0.75,0.5,0.25,0.0,0.0,0.0,0.0,0.0,5.75,1.0,0.25,8.75,13.0,21.75,0.0,0.0,0.0,0.0,0.75,6.0,4.25,0.75
2023,000225,Tom Schreiber,Tom,Schreiber,M,Midfield,10,ARC,Archers,2023-06-03,2023-08-26,37.0,20.0,16.0,2.0,18.0,17.0,64.0,36,15.0,0.0,0.0,0.0,0.0,0.0,20.0,14.0,2.0,0,0,0,0.0,0.0,2.0,1.0,72.0,388.0,310.0,0.28125,0.5625,,,,,0.2361111111111111,0.13333333333333333,3.7,2.0,1.6,0.2,1.8,1.7,6.4,3.6,1.5,0.0,0.0,0.0,0.0,0.0,2.0,1.4,0.2,0.0,0.0,0.0,0.0,0.0,0.2,0.1,7.2,38.8,31.0,7.2
2023,000227,Will Manny,Will,Manny,A,Attack,10,WHP,Whipsnakes,2023-06-04,2023-08-26,32.0,16.0,14.0,1.0,15.0,16.0,55.0,38,4.0,0.0,0.0,0.0,0.0,0.0,15.0,11.0,0.0,0,0,0,0.0,0.0,0.0,0.0,43.0,268.0,202.0,0.2727272727272727,0.6909090909090909,,,,,0.37209302325581395,0.25,3.2,1.6,1.4,0.1,1.5,1.6,5.5,3.8,0.4,0.0,0.0,0.0,0.0,0.0,1.5,1.1,0.0,0.0,0.0,0.0,0.0,0.0,0.0,0.0,4.3,26.8,20.2,4.3
2023,000231,Chris Cloutier,Chris,Cloutier,A,Attack,5,CHA,Chaos,2023-06-10,2023-08-27,11.0,10.0,10.0,0.0,10.0,1.0,34.0,19,0.0,0.0,0.0,0.0,0.0,0.0,5.0,10.0,0.0,0,0,0,0.0,0.0,0.0,0.0,6.0,126.0,82.0,0.29411764705882354,0.5588235294117647,,,,,0.16666666666666666,,2.2,2.0,2.0,0.0,2.0,0.2,6.8,3.8,0.0,0.0,0.0,0.0,0.0,0.0,1.0,2.0,0.0,0.0,0.0,0.0,0.0,0.0,0.0,0.0,1.2,25.2,16.4,1.2
2023,000234,Eric Law,Eric,Law,A,Attack,10,ATL,Atlas,2023-06-03,2023-08-26,27.0,22.0,22.0,0.0,22.0,5.0,43.0,35,0.0,0.0,0.0,0.0,0.0,0.0,14.0,15.0,1.0,0,0,0,0.0,0.0,2.0,1.0,31.0,266.0,208.0,0.5116279069767442,0.813953488372093,,,,,0.16129032258064516,,2.7,2.2,2.2,0.0,2.2,0.5,4.3,3.5,0.0,0.0,0.0,0.0,0.0,0.0,1.4,1.5,0.1,0.0,0.0,0.0,0.0,0.0,0.2,0.1,3.1,26.6,20.8,3.1
2023,000235,Jake Richard,Jake,Richard,SSDM,Defensive Midfield,10,ATL,Atlas,2023-06-03,2023-08-26,0.0,0.0,0.0,0.0,0.0,0.0,2.0,1,1.0,0.0,0.0,0.0,0.0,0.0,5.0,0.0,3.0,0,1,1,0.0,0.0,3.0,3.0,6.0,62.0,60.0,0.0,0.5,0.0,,,,0.0,0.0,0.0,0.0,0.0,0.0,0.0,0.0,0.2,0.1,0.1,0.0,0.0,0.0,0.0,0.0,0.5,0.0,0.3,0.0,0.1,0.1,0.0,0.0,0.3,0.3,0.6,6.2,6.0,0.6
2023,000240,Kieran McArdle,Kieran,McArdle,A,Attack,10,WAT,Waterdogs,2023-06-04,2023-08-26,34.0,20.0,20.0,0.0,20.0,14.0,70.0,46,2.0,0.0,0.0,0.0,0.0,0.0,17.0,24.0,1.0,0,0,0,0.0,0.0,2.0,2.0,67.0,330.0,236.0,0.2857142857142857,0.6571428571428571,,,,,0.208955223880597,0.0,3.4,2.0,2.0,0.0,2.0,1.4,7.0,4.6,0.2,0.0,0.0,0.0,0.0,0.0,1.7,2.4,0.1,0.0,0.0,0.0,0.0,0.0,0.2,0.2,6.7,33.0,23.6,6.7
2023,000241,Jack Concannon,Jack,Concannon,G,Goalie,9,ATL,Atlas,2023-06-03,2023-08-26,0.0,0.0,0.0,0.0,0.0,0.0,0.0,0,0.0,105.0,17.0,88.0,118.0,129.77049180327867,11.0,5.0,0.0,0,0,0,107.0,11.0,0.0,0.0,2.0,69.0,64.0,,,,0.49528301886792453,16.19047619047619,0.08018867924528301,0.0,,0.0,0.0,0.0,0.0,0.0,0.0,0.0,0.0,0.0,11.666666666666666,1.8888888888888888,9.777777777777779,13.11111111111111,14.41894353369763,1.2222222222222223,0.5555555555555556,0.0,0.0,0.0,0.0,11.88888888888889,1.2222222222222223,0.0,0.0,0.2222222222222222,7.666666666666667,7.111111111111111,0.2222222222222222
2023,000242,Kyle Hartzell,Kyle,Hartzell,LSM,Long Stick Midfield,5,CAN,Cannons,2023-06-03,2023-08-26,0.0,0.0,0.0,0.0,0.0,0.0,1.0,0,1.0,0.0,0.0,0.0,0.0,0.0,7.0,0.0,3.0,2,16,18,0.0,0.0,2.0,1.0,0.0,18.0,17.0,0.0,0.0,0.1111111111111111,,,,,0.0,0.0,0.0,0.0,0.0,0.0,0.0,0.2,0.0,0.2,0.0,0.0,0.0,0.0,0.0,1.4,0.0,0.6,0.4,3.2,3.6,0.0,0.0,0.4,0.2,0.0,3.6,3.4,0.0
2023,000254,Trevor Baptiste,Trevor,Baptiste,FO,Faceoff,10,ATL,Atlas,2023-06-03,2023-08-26,7.0,5.0,5.0,0.0,5.0,2.0,24.0,11,2.0,0.0,0.0,0.0,0.0,0.0,168.0,15.0,1.0,212,61,274,0.0,0.0,0.0,0.0,9.0,176.0,137.0,0.20833333333333334,0.4583333333333333,0.7737226277372263,,,,0.2222222222222222,0.0,0.7,0.5,0.5,0.0,0.5,0.2,2.4,1.1,0.2,0.0,0.0,0.0,0.0,0.0,16.8,1.5,0.1,21.2,6.1,27.4,0.0,0.0,0.0,0.0,0.9,17.6,13.7,0.9
2023,000255,Tucker Durkin,Tucker,Durkin,D,Defense,10,ATL,Atlas,2023-06-03,2023-08-26,0.0,0.0,0.0,0.0,0.0,0.0,0.0,0,0.0,0.0,0.0,0.0,0.0,0.0,10.0,1.0,3.0,0,0,0,0.0,0.0,2.0,1.5,0.0,27.0,26.0,,,,,,,,,0.0,0.0,0.0,0.0,0.0,0.0,0.0,0.0,0.0,0.0,0.0,0.0,0.0,0.0,1.0,0.1,0.3,0.0,0.0,0.0,0.0,0.0,0.2,0.15,0.0,2.7,2.6,0.0
2023,000258,Blaze Riorden,Blaze,Riorden,G,Goalie,9,CHA,Chaos,2023-06-04,2023-08-27,4.0,0.0,0.0,0.0,0.0,4.0,0.0,0,0.0,135.0,52.0,83.0,103.0,102.43916312611333,24.0,3.0,2.0,0,0,0,92.0,11.0,0.0,0.0,8.0,121.0,118.0,,,,0.5947136563876652,38.51851851851852,0.2290748898678414,0.5,,0.4444444444444444,0.0,0.0,0.0,0.0,0.4444444444444444,0.0,0.0,0.0,15.0,5.777777777777778,9.222222222222221,11.444444444444445,11.382129236234814,2.6666666666666665,0.3333333333333333,0.2222222222222222,0.0,0.0,0.0,10.222222222222221,1.2222222222222223,0.0,0.0,0.8888888888888888,13.444444444444445,13.11111111111111,0.8888888888888888
2023,000262,Connor Fields,Connor,Fields,A,Attack,10,ARC,Archers,2023-06-03,2023-08-26,39.0,28.0,28.0,0.0,28.0,11.0,94.0,59,2.0,0.0,0.0,0.0,0.0,0.0,15.0,17.0,4.0,0,0,0,0.0,0.0,0.0,0.0,48.0,370.0,259.0,0.2978723404255319,0.6276595744680851,,,,,0.22916666666666666,0.0,3.9,2.8,2.8,0.0,2.8,1.1,9.4,5.9,0.2,0.0,0.0,0.0,0.0,0.0,1.5,1.7,0.4,0.0,0.0,0.0,0.0,0.0,0.0,0.0,4.8,37.0,25.9,4.8
2023,000266,Dhane Smith,Dhane,Smith,M,Midfield,8,CHA,Chaos,2023-06-17,2023-08-27,30.0,5.0,5.0,0.0,5.0,25.0,24.0,17,2.0,0.0,0.0,0.0,0.0,0.0,4.0,25.0,0.0,0,0,0,0.0,0.0,2.0,1.5,77.0,318.0,269.0,0.20833333333333334,0.7083333333333334,,,,,0.3246753246753247,0.0,3.75,0.625,0.625,0.0,0.625,3.125,3.0,2.125,0.25,0.0,0.0,0.0,0.0,0.0,0.5,3.125,0.0,0.0,0.0,0.0,0.0,0.0,0.25,0.1875,9.625,39.75,33.625,9.625
2023,000269,Jarrod Neumann,Jarrod,Neumann,D,Defense,10,CHA,Chaos,2023-06-04,2023-08-27,2.0,2.0,0.0,1.0,1.0,0.0,7.0,1,7.0,0.0,0.0,0.0,0.0,0.0,18.0,1.0,4.0,0,0,0,0.0,0.0,3.0,1.5,3.0,50.0,42.0,0.14285714285714285,0.14285714285714285,,,,,0.0,0.14285714285714285,0.2,0.2,0.0,0.1,0.1,0.0,0.7,0.1,0.7,0.0,0.0,0.0,0.0,0.0,1.8,0.1,0.4,0.0,0.0,0.0,0.0,0.0,0.3,0.15,0.3,5.0,4.2,0.3
2023,000272,Josh Byrne,Josh,Byrne,A,Attack,6,CHA,Chaos,2023-06-10,2023-08-27,21.0,15.0,15.0,0.0,15.0,6.0,46.0,31,0.0,0.0,0.0,0.0,0.0,0.0,11.0,15.0,2.0,0,0,0,0.0,0.0,0.0,0.0,24.0,176.0,115.0,0.32608695652173914,0.6739130434782609,,,,,0.25,,3.5,2.5,2.5,0.0,2.5,1.0,7.666666666666667,5.166666666666667,0.0,0.0,0.0,0.0,0.0,0.0,1.8333333333333333,2.5,0.3333333333333333,0.0,0.0,0.0,0.0,0.0,0.0,0.0,4.0,29.333333333333332,19.166666666666668,4.0
2023,000275,Mark Glicini,Mark,Glicini,SSDM,Defensive Midfield,10,CHA,Chaos,2023-06-04,2023-08-27,1.0,0.0,0.0,0.0,0.0,1.0,1.0,1,1.0,0.0,0.0,0.0,0.0,0.0,5.0,1.0,2.0,0,0,0,0.0,0.0,1.0,0.0,5.0,43.0,41.0,0.0,1.0,,,,,0.2,0.0,0.1,0.0,0.0,0.0,0.0,0.1,0.1,0.1,0.1,0.0,0.0,0.0,0.0,0.0,0.5,0.1,0.2,0.0,0.0,0.0,0.0,0.0,0.1,0.0,0.5,4.3,4.1,0.5
2023,000276,Matt Rees,Matt,Rees,LSM,Long Stick Midfield,8,CAN,Cannons,2023-06-03,2023-08-26,5.0,4.0,0.0,2.0,2.0,1.0,9.0,5,8.0,0.0,0.0,0.0,0.0,0.0,12.0,2.0,10.0,1,37,38,0.0,0.0,6.0,5.0,2.0,36.0,25.0,0.2222222222222222,0.5555555555555556,0.02631578947368421,,,,0.5,0.25,0.625,0.5,0.0,0.25,0.25,0.125,1.125,0.625,1.0,0.0,0.0,0.0,0.0,0.0,1.5,0.25,1.25,0.125,4.625,4.75,0.0,0.0,0.75,0.625,0.25,4.5,3.125,0.25
2023,000278,Myles Jones,Myles,Jones,M,Midfield,8,ATL|RED,Atlas|Redwoods,2023-06-03,2023-08-26,10.0,6.0,6.0,0.0,6.0,4.0,32.0,19,6.0,0.0,0.0,0.0,0.0,0.0,6.0,7.0,1.0,0,0,0,0.0,0.0,1.0,1.0,19.0,130.0,91.0,0.1875,0.59375,,,,,0.21052631578947367,0.0,1.25,0.75,0.75,0.0,0.75,0.5,4.0,2.375,0.75,0.0,0.0,0.0,0.0,0.0,0.75,0.875,0.125,0.0,0.0,0.0,0.0,0.0,0.125,0.125,2.375,16.25,11.375,2.375
2023,000279,Patrick Resch,Patrick,Resch,SSDM,Defensive Midfield,10,CHA,Chaos,2023-06-04,2023-08-27,7.0,3.0,1.0,1.0,2.0,4.0,3.0,2,1.0,0.0,0.0,0.0,0.0,0.0,10.0,2.0,2.0,0,0,0,0.0,0.0,1.0,1.0,9.0,85.0,80.0,0.6666666666666666,0.6666666666666666,,,,,0.4444444444444444,1.0,0.7,0.3,0.1,0.1,0.2,0.4,0.3,0.2,0.1,0.0,0.0,0.0,0.0,0.0,1.0,0.2,0.2,0.0,0.0,0.0,0.0,0.0,0.1,0.1,0.9,8.5,8.0,0.9
2023,000281,Troy Reh,Troy,Reh,LSM,Long Stick Midfield,10,CHA,Chaos,2023-06-04,2023-08-27,3.0,3.0,1.0,1.0,2.0,0.0,10.0,5,8.0,0.0,0.0,0.0,0.0,0.0,17.0,4.0,9.0,0,0,0,0.0,0.0,3.0,3.0,4.0,74.0,60.0,0.2,0.5,,,,,0.0,0.125,0.3,0.3,0.1,0.1,0.2,0.0,1.0,0.5,0.8,0.0,0.0,0.0,0.0,0.0,1.7,0.4,0.9,0.0,0.0,0.0,0.0,0.0,0.3,0.3,0.4,7.4,6.0,0.4
2023,000295,Jordan MacIntosh,Jordan,MacIntosh,M,Midfield,9,OUT,Outlaws,2023-06-04,2023-08-27,6.0,5.0,5.0,0.0,5.0,1.0,22.0,12,1.0,0.0,0.0,0.0,0.0,0.0,9.0,11.0,0.0,0,0,0,0.0,0.0,1.0,1.0,9.0,126.0,93.0,0.22727272727272727,0.5454545454545454,,,,,0.1111111111111111,0.0,0.6666666666666666,0.5555555555555556,0.5555555555555556,0.0,0.5555555555555556,0.1111111111111111,2.4444444444444446,1.3333333333333333,0.1111111111111111,0.0,0.0,0.0,0.0,0.0,1.0,1.2222222222222223,0.0,0.0,0.0,0.0,0.0,0.0,0.1111111111111111,0.1111111111111111,1.0,14.0,10.333333333333334,1.0
2023,000298,Justin Guterding,Justin,Guterding,M,Midfield,5,ATL,Atlas,2023-07-09,2023-08-26,1.0,0.0,0.0,0.0,0.0,1.0,7.0,4,1.0,0.0,0.0,0.0,0.0,0.0,4.0,1.0,0.0,0,0,0,0.0,0.0,0.0,0.0,9.0,50.0,42.0,0.0,0.5714285714285714,,,,,0.1111111111111111,0.0,0.2,0.0,0.0,0.0,0.0,0.2,1.4,0.8,0.2,0.0,0.0,0.0,0.0,0.0,0.8,0.2,0.0,0.0,0.0,0.0,0.0,0.0,0.0,0.0,1.8,10.0,8.4,1.8
2023,000302,Michael Manley,Michael,Manley,D,Defense,10,OUT,Outlaws,2023-06-04,2023-08-27,2.0,2.0,2.0,0.0,2.0,0.0,12.0,8,7.0,0.0,0.0,0.0,0.0,0.0,25.0,6.0,8.0,0,0,0,0.0,0.0,3.0,3.0,6.0,107.0,89.0,0.16666666666666666,0.6666666666666666,,,,,0.0,0.0,0.2,0.2,0.2,0.0,0.2,0.0,1.2,0.8,0.7,0.0,0.0,0.0,0.0,0.0,2.5,0.6,0.8,0.0,0.0,0.0,0.0,0.0,0.3,0.3,0.6,10.7,8.9,0.6
2023,000305,Romar Dennis,Romar,Dennis,M,Midfield,10,ATL|RED,Atlas|Redwoods,2023-06-03,2023-08-26,12.0,10.0,4.0,3.0,7.0,2.0,57.0,32,33.0,0.0,0.0,0.0,0.0,0.0,9.0,9.0,1.0,0,0,0,0.0,0.0,2.0,2.5,17.0,209.0,143.0,0.12280701754385964,0.5614035087719298,,,,,0.11764705882352941,0.09090909090909091,1.2,1.0,0.4,0.3,0.7,0.2,5.7,3.2,3.3,0.0,0.0,0.0,0.0,0.0,0.9,0.9,0.1,0.0,0.0,0.0,0.0,0.0,0.2,0.25,1.7,20.9,14.3,1.7
2023,000308,Will Haus,Will,Haus,SSDM,Defensive Midfield,9,OUT,Outlaws,2023-06-04,2023-08-20,2.0,1.0,1.0,0.0,1.0,1.0,5.0,3,1.0,0.0,0.0,0.0,0.0,0.0,6.0,1.0,1.0,0,0,0,0.0,0.0,2.0,1.0,5.0,61.0,55.0,0.2,0.6,,,,,0.2,0.0,0.2222222222222222,0.1111111111111111,0.1111111111111111,0.0,0.1111111111111111,0.1111111111111111,0.5555555555555556,0.3333333333333333,0.1111111111111111,0.0,0.0,0.0,0.0,0.0,0.6666666666666666,0.1111111111111111,0.1111111111111111,0.0,0.0,0.0,0.0,0.0,0.2222222222222222,0.1111111111111111,0.5555555555555556,6.777777777777778,6.111111111111111,0.5555555555555556
2023,000314,Eddy Glazener,Eddy,Glazener,D,Defense,10,RED,Redwoods,2023-06-03,2023-08-26,1.0,1.0,1.0,0.0,1.0,0.0,6.0,3,4.0,0.0,0.0,0.0,0.0,0.0,15.0,4.0,9.0,0,0,0,0.0,0.0,2.0,1.5,0.0,86.0,76.0,0.16666666666666666,0.5,,,,,,0.0,0.1,0.1,0.1,0.0,0.1,0.0,0.6,0.3,0.4,0.0,0.0,0.0,0.0,0.0,1.5,0.4,0.9,0.0,0.0,0.0,0.0,0.0,0.2,0.15,0.0,8.6,7.6,0.0
2023,000315,Garrett Epple,Garrett,Epple,D,Defense,10,RED,Redwoods,2023-06-03,2023-08-26,1.0,0.0,0.0,0.0,0.0,1.0,0.0,0,0.0,0.0,0.0,0.0,0.0,0.0,26.0,6.0,18.0,0,0,0,0.0,0.0,1.0,1.0,3.0,81.0,75.0,,,,,,,0.3333333333333333,,0.1,0.0,0.0,0.0,0.0,0.1,0.0,0.0,0.0,0.0,0.0,0.0,0.0,0.0,2.6,0.6,1.8,0.0,0.0,0.0,0.0,0.0,0.1,0.1,0.3,8.1,7.5,0.3
2023,000318,Jack Kelly,Jack,Kelly,G,Goalie,10,RED,Redwoods,2023-06-03,2023-08-26,0.0,0.0,0.0,0.0,0.0,0.0,1.0,0,1.0,121.0,49.0,72.0,119.0,117.30539220711114,16.0,5.0,6.0,0,0,0,111.0,8.0,0.0,0.0,3.0,166.0,160.0,0.0,0.0,,0.521551724137931,40.49586776859504,0.21120689655172414,0.0,0.0,0.0,0.0,0.0,0.0,0.0,0.0,0.1,0.0,0.1,12.1,4.9,7.2,11.9,11.730539220711114,1.6,0.5,0.6,0.0,0.0,0.0,11.1,0.8,0.0,0.0,0.3,16.6,16.0,0.3
2023,000322,John Sexton,John,Sexton,LSM,Long Stick Midfield,8,RED,Redwoods,2023-06-03,2023-08-13,2.0,1.0,1.0,0.0,1.0,1.0,5.0,2,3.0,0.0,0.0,0.0,0.0,0.0,13.0,3.0,4.0,0,2,2,0.0,0.0,3.0,2.5,4.0,33.0,25.0,0.2,0.4,0.0,,,,0.25,0.0,0.25,0.125,0.125,0.0,0.125,0.125,0.625,0.25,0.375,0.0,0.0,0.0,0.0,0.0,1.625,0.375,0.5,0.0,0.25,0.25,0.0,0.0,0.375,0.3125,0.5,4.125,3.125,0.5
2023,000327,Matt Kavanagh,Matt,Kavanagh,A,Attack,8,CAN,Cannons,2023-06-03,2023-08-13,24.0,14.0,14.0,0.0,14.0,10.0,51.0,30,0.0,0.0,0.0,0.0,0.0,0.0,16.0,13.0,4.0,0,0,0,0.0,0.0,2.0,1.5,29.0,252.0,188.0,0.27450980392156865,0.5882352941176471,,,,,0.3448275862068966,,3.0,1.75,1.75,0.0,1.75,1.25,6.375,3.75,0.0,0.0,0.0,0.0,0.0,0.0,2.0,1.625,0.5,0.0,0.0,0.0,0.0,0.0,0.25,0.1875,3.625,31.5,23.5,3.625
2023,000333,Sergio Perkovic,Sergio,Perkovic,SSDM,Defensive Midfield,6,RED,Redwoods,2023-06-03,2023-07-30,0.0,0.0,0.0,0.0,0.0,0.0,16.0,4,2.0,0.0,0.0,0.0,0.0,0.0,6.0,5.0,1.0,0,0,0,0.0,0.0,3.0,3.5,10.0,82.0,61.0,0.0,0.25,,,,,0.0,0.0,0.0,0.0,0.0,0.0,0.0,0.0,2.6666666666666665,0.6666666666666666,0.3333333333333333,0.0,0.0,0.0,0.0,0.0,1.0,0.8333333333333334,0.16666666666666666,0.0,0.0,0.0,0.0,0.0,0.5,0.5833333333333334,1.6666666666666667,13.666666666666666,10.166666666666666,1.6666666666666667
2023,000337,Bryce Young,Bryce,Young,D,Defense,10,WHP,Whipsnakes,2023-06-04,2023-08-26,1.0,1.0,1.0,0.0,1.0,0.0,4.0,1,3.0,0.0,0.0,0.0,0.0,0.0,15.0,5.0,10.0,0,0,0,0.0,0.0,2.0,1.5,0.0,63.0,54.0,0.25,0.25,,,,,,0.0,0.1,0.1,0.1,0.0,0.1,0.0,0.4,0.1,0.3,0.0,0.0,0.0,0.0,0.0,1.5,0.5,1.0,0.0,0.0,0.0,0.0,0.0,0.2,0.15,0.0,6.3,5.4,0.0
2023,000339,Connor Kelly,Connor,Kelly,M,Midfield,7,WAT,Waterdogs,2023-06-04,2023-08-26,17.0,16.0,6.0,5.0,11.0,1.0,41.0,19,16.0,0.0,0.0,0.0,0.0,0.0,7.0,10.0,1.0,0,0,0,0.0,0.0,0.0,0.0,14.0,180.0,129.0,0.2682926829268293,0.4634146341463415,,,,,0.07142857142857142,0.3125,2.4285714285714284,2.2857142857142856,0.8571428571428571,0.7142857142857143,1.5714285714285714,0.14285714285714285,5.857142857142857,2.7142857142857144,2.2857142857142856,0.0,0.0,0.0,0.0,0.0,1.0,1.4285714285714286,0.14285714285714285,0.0,0.0,0.0,0.0,0.0,0.0,0.0,2.0,25.714285714285715,18.428571428571427,2.0
2023,000345,Jake Bernhardt,Jake,Bernhardt,SSDM,Defensive Midfield,8,WHP,Whipsnakes,2023-06-17,2023-08-26,1.0,0.0,0.0,0.0,0.0,1.0,4.0,0,1.0,0.0,0.0,0.0,0.0,0.0,3.0,2.0,1.0,0,1,1,0.0,0.0,0.0,0.0,4.0,41.0,35.0,0.0,0.0,0.0,,,,0.25,0.0,0.125,0.0,0.0,0.0,0.0,0.125,0.5,0.0,0.125,0.0,0.0,0.0,0.0,0.0,0.375,0.25,0.125,0.0,0.125,0.125,0.0,0.0,0.0,0.0,0.5,5.125,4.375,0.5
2023,000351,Jules Heningburg,Jules,Heningburg,M,Midfield,10,RED,Redwoods,2023-06-03,2023-08-26,13.0,7.0,7.0,0.0,7.0,6.0,31.0,20,4.0,0.0,0.0,0.0,0.0,0.0,7.0,13.0,0.0,0,0,0,0.0,0.0,0.0,0.0,29.0,184.0,140.0,0.22580645161290322,0.6451612903225806,,,,,0.20689655172413793,0.0,1.3,0.7,0.7,0.0,0.7,0.6,3.1,2.0,0.4,0.0,0.0,0.0,0.0,0.0,0.7,1.3,0.0,0.0,0.0,0.0,0.0,0.0,0.0,0.0,2.9,18.4,14.0,2.9
2023,000353,Kyle Bernlohr,Kyle,Bernlohr,G,Goalie,6,WHP,Whipsnakes,2023-06-04,2023-08-26,1.0,0.0,0.0,0.0,0.0,1.0,0.0,0,0.0,73.0,21.0,52.0,68.0,73.58846918489066,18.0,2.0,0.0,0,0,0,64.0,4.0,0.0,0.0,1.0,88.0,86.0,,,,0.5328467153284672,28.767123287671232,0.15328467153284672,1.0,,0.16666666666666666,0.0,0.0,0.0,0.0,0.16666666666666666,0.0,0.0,0.0,12.166666666666666,3.5,8.666666666666666,11.333333333333334,12.264744864148442,3.0,0.3333333333333333,0.0,0.0,0.0,0.0,10.666666666666666,0.6666666666666666,0.0,0.0,0.16666666666666666,14.666666666666666,14.333333333333334,0.16666666666666666
2023,000354,Matt Rambo,Matt,Rambo,A,Attack,9,WHP,Whipsnakes,2023-06-04,2023-08-26,25.0,14.0,14.0,0.0,14.0,11.0,47.0,33,0.0,0.0,0.0,0.0,0.0,0.0,9.0,26.0,2.0,0,0,0,0.0,0.0,1.0,0.5,51.0,238.0,165.0,0.2978723404255319,0.7021276595744681,,,,,0.21568627450980393,,2.7777777777777777,1.5555555555555556,1.5555555555555556,0.0,1.5555555555555556,1.2222222222222223,5.222222222222222,3.6666666666666665,0.0,0.0,0.0,0.0,0.0,0.0,1.0,2.888888888888889,0.2222222222222222,0.0,0.0,0.0,0.0,0.0,0.1111111111111111,0.05555555555555555,5.666666666666667,26.444444444444443,18.333333333333332,5.666666666666667
2023,000355,Matthew Dunn,Matthew,Dunn,D,Defense,8,WHP,Whipsnakes,2023-06-04,2023-08-26,1.0,0.0,0.0,0.0,0.0,1.0,1.0,0,0.0,0.0,0.0,0.0,0.0,0.0,14.0,2.0,8.0,0,0,0,0.0,0.0,0.0,0.0,4.0,70.0,67.0,0.0,0.0,,,,,0.25,,0.125,0.0,0.0,0.0,0.0,0.125,0.125,0.0,0.0,0.0,0.0,0.0,0.0,0.0,1.75,0.25,1.0,0.0,0.0,0.0,0.0,0.0,0.0,0.0,0.5,8.75,8.375,0.5
2023,000356,Michael Ehrhardt,Michael,Ehrhardt,LSM,Long Stick Midfield,8,WHP,Whipsnakes,2023-06-04,2023-08-26,8.0,6.0,4.0,1.0,5.0,2.0,22.0,8,14.0,0.0,0.0,0.0,0.0,0.0,16.0,4.0,6.0,0,0,0,0.0,0.0,4.0,3.5,7.0,67.0,41.0,0.22727272727272727,0.36363636363636365,,,,,0.2857142857142857,0.07142857142857142,1.0,0.75,0.5,0.125,0.625,0.25,2.75,1.0,1.75,0.0,0.0,0.0,0.0,0.0,2.0,0.5,0.75,0.0,0.0,0.0,0.0,0.0,0.5,0.4375,0.875,8.375,5.125,0.875
2023,000357,Mike Chanenchuk,Mike,Chanenchuk,M,Midfield,10,WHP,Whipsnakes,2023-06-04,2023-08-26,27.0,20.0,14.0,3.0,17.0,7.0,52.0,36,11.0,0.0,0.0,0.0,0.0,0.0,6.0,6.0,0.0,0,0,0,0.0,0.0,0.0,0.0,40.0,258.0,200.0,0.3269230769230769,0.6923076923076923,,,,,0.175,0.2727272727272727,2.7,2.0,1.4,0.3,1.7,0.7,5.2,3.6,1.1,0.0,0.0,0.0,0.0,0.0,0.6,0.6,0.0,0.0,0.0,0.0,0.0,0.0,0.0,0.0,4.0,25.8,20.0,4.0
2023,000358,Ryan Drenner,Ryan,Drenner,M,Midfield,10,CAN,Cannons,2023-06-03,2023-08-26,24.0,17.0,15.0,1.0,16.0,7.0,43.0,27,2.0,0.0,0.0,0.0,0.0,0.0,10.0,5.0,0.0,0,0,0,0.0,0.0,1.0,1.0,34.0,267.0,219.0,0.37209302325581395,0.627906976744186,,,,,0.20588235294117646,0.5,2.4,1.7,1.5,0.1,1.6,0.7,4.3,2.7,0.2,0.0,0.0,0.0,0.0,0.0,1.0,0.5,0.0,0.0,0.0,0.0,0.0,0.0,0.1,0.1,3.4,26.7,21.9,3.4
2023,000359,Tim Muller,Tim,Muller,D,Defense,10,WHP,Whipsnakes,2023-06-04,2023-08-26,0.0,0.0,0.0,0.0,0.0,0.0,1.0,0,1.0,0.0,0.0,0.0,0.0,0.0,11.0,2.0,10.0,0,0,0,0.0,0.0,0.0,0.0,1.0,67.0,64.0,0.0,0.0,,,,,0.0,0.0,0.0,0.0,0.0,0.0,0.0,0.0,0.1,0.0,0.1,0.0,0.0,0.0,0.0,0.0,1.1,0.2,1.0,0.0,0.0,0.0,0.0,0.0,0.0,0.0,0.1,6.7,6.4,0.1
2023,000361,Tyler Warner,Tyler,Warner,SSDM,Defensive Midfield,10,WHP,Whipsnakes,2023-06-04,2023-08-26,1.0,1.0,1.0,0.0,1.0,0.0,4.0,1,2.0,0.0,0.0,0.0,0.0,0.0,12.0,2.0,1.0,0,0,0,0.0,0.0,1.0,0.5,1.0,45.0,39.0,0.25,0.25,,,,,0.0,0.0,0.1,0.1,0.1,0.0,0.1,0.0,0.4,0.1,0.2,0.0,0.0,0.0,0.0,0.0,1.2,0.2,0.1,0.0,0.0,0.0,0.0,0.0,0.1,0.05,0.1,4.5,3.9,0.1
2023,000363,Ryan Conrad,Ryan,Conrad,M,Midfield,8,WAT,Waterdogs,2023-06-04,2023-08-26,12.0,8.0,6.0,1.0,7.0,4.0,24.0,18,2.0,0.0,0.0,0.0,0.0,0.0,4.0,9.0,1.0,0,0,0,0.0,0.0,2.0,1.0,19.0,157.0,124.0,0.2916666666666667,0.75,,,,,0.21052631578947367,0.5,1.5,1.0,0.75,0.125,0.875,0.5,3.0,2.25,0.25,0.0,0.0,0.0,0.0,0.0,0.5,1.125,0.125,0.0,0.0,0.0,0.0,0.0,0.25,0.125,2.375,19.625,15.5,2.375
2023,000365,Jack Rowlett,Jack,Rowlett,D,Defense,9,CHA,Chaos,2023-06-04,2023-08-27,0.0,0.0,0.0,0.0,0.0,0.0,3.0,1,3.0,0.0,0.0,0.0,0.0,0.0,12.0,1.0,12.0,2,3,5,0.0,0.0,6.0,5.5,0.0,65.0,61.0,0.0,0.3333333333333333,0.4,,,,,0.0,0.0,0.0,0.0,0.0,0.0,0.0,0.3333333333333333,0.1111111111111111,0.3333333333333333,0.0,0.0,0.0,0.0,0.0,1.3333333333333333,0.1111111111111111,1.3333333333333333,0.2222222222222222,0.3333333333333333,0.5555555555555556,0.0,0.0,0.6666666666666666,0.6111111111111112,0.0,7.222222222222222,6.777777777777778,0.0
2023,000366,Connor Farrell,Connor,Farrell,FO,Faceoff,8,OUT,Outlaws,2023-06-04,2023-08-27,0.0,0.0,0.0,0.0,0.0,0.0,2.0,2,0.0,0.0,0.0,0.0,0.0,0.0,79.0,16.0,2.0,103,64,168,0.0,0.0,1.0,2.0,2.0,67.0,49.0,0.0,1.0,0.6130952380952381,,,,0.0,,0.0,0.0,0.0,0.0,0.0,0.0,0.25,0.25,0.0,0.0,0.0,0.0,0.0,0.0,9.875,2.0,0.25,12.875,8.0,21.0,0.0,0.0,0.125,0.25,0.25,8.375,6.125,0.25
2023,000368,Chris Sabia,Chris,Sabia,LSM,Long Stick Midfield,5,WAT,Waterdogs,2023-07-30,2023-08-26,0.0,0.0,0.0,0.0,0.0,0.0,1.0,1,0.0,0.0,0.0,0.0,0.0,0.0,12.0,1.0,5.0,0,0,0,0.0,0.0,4.0,2.0,0.0,37.0,35.0,0.0,1.0,,,,,,,0.0,0.0,0.0,0.0,0.0,0.0,0.2,0.2,0.0,0.0,0.0,0.0,0.0,0.0,2.4,0.2,1.0,0.0,0.0,0.0,0.0,0.0,0.8,0.4,0.0,7.4,7.0,0.0
2023,000370,Tim Troutner,Tim,Troutner,G,Goalie,1,RED,Redwoods,2023-08-06,2023-08-06,0.0,0.0,0.0,0.0,0.0,0.0,0.0,0,0.0,0.0,0.0,0.0,0.0,0.0,0.0,0.0,0.0,0,0,0,0.0,0.0,0.0,0.0,0.0,0.0,0.0,,,,,,,,,0.0,0.0,0.0,0.0,0.0,0.0,0.0,0.0,0.0,0.0,0.0,0.0,0.0,0.0,0.0,0.0,0.0,0.0,0.0,0.0,0.0,0.0,0.0,0.0,0.0,0.0,0.0,0.0
2023,000373,Ryder Garnsey,Ryder,Garnsey,A,Attack,10,RED,Redwoods,2023-06-03,2023-08-26,36.0,25.0,25.0,0.0,25.0,11.0,66.0,41,2.0,0.0,0.0,0.0,0.0,0.0,17.0,15.0,1.0,0,0,0,0.0,0.0,3.0,2.5,42.0,365.0,284.0,0.3787878787878788,0.6212121212121212,,,,,0.2619047619047619,0.0,3.6,2.5,2.5,0.0,2.5,1.1,6.6,4.1,0.2,0.0,0.0,0.0,0.0,0.0,1.7,1.5,0.1,0.0,0.0,0.0,0.0,0.0,0.3,0.25,4.2,36.5,28.4,4.2
2023,000376,Cade van Raaphorst,Cade,van Raaphorst,D,Defense,7,CAN,Cannons,2023-06-17,2023-08-26,8.0,8.0,0.0,4.0,4.0,0.0,7.0,5,7.0,0.0,0.0,0.0,0.0,0.0,23.0,5.0,7.0,0,2,3,0.0,0.0,0.0,0.0,5.0,83.0,71.0,0.5714285714285714,0.7142857142857143,0.0,,,,0.0,0.5714285714285714,1.1428571428571428,1.1428571428571428,0.0,0.5714285714285714,0.5714285714285714,0.0,1.0,0.7142857142857143,1.0,0.0,0.0,0.0,0.0,0.0,3.2857142857142856,0.7142857142857143,1.0,0.0,0.2857142857142857,0.42857142857142855,0.0,0.0,0.0,0.0,0.7142857142857143,11.857142857142858,10.142857142857142,0.7142857142857143
2023,000377,Johnny Surdick,Johnny,Surdick,D,Defense,2,CHA,Chaos,2023-06-17,2023-07-09,1.0,0.0,0.0,0.0,0.0,1.0,0.0,0,0.0,0.0,0.0,0.0,0.0,0.0,5.0,0.0,1.0,0,0,0,0.0,0.0,0.0,0.0,1.0,6.0,6.0,,,,,,,1.0,,0.5,0.0,0.0,0.0,0.0,0.5,0.0,0.0,0.0,0.0,0.0,0.0,0.0,0.0,2.5,0.0,0.5,0.0,0.0,0.0,0.0,0.0,0.0,0.0,0.5,3.0,3.0,0.5
2023,000385,Wes Berg,Wes,Berg,A,Attack,10,RED,Redwoods,2023-06-03,2023-08-26,23.0,21.0,21.0,0.0,21.0,2.0,43.0,34,0.0,0.0,0.0,0.0,0.0,0.0,21.0,9.0,1.0,0,0,0,0.0,0.0,2.0,1.0,17.0,192.0,140.0,0.4883720930232558,0.7906976744186046,,,,,0.11764705882352941,,2.3,2.1,2.1,0.0,2.1,0.2,4.3,3.4,0.0,0.0,0.0,0.0,0.0,0.0,2.1,0.9,0.1,0.0,0.0,0.0,0.0,0.0,0.2,0.1,1.7,19.2,14.0,1.7
2023,000390,Brad Smith,Brad,Smith,M,Midfield,5,WHP,Whipsnakes,2023-07-30,2023-08-26,11.0,6.0,4.0,1.0,5.0,5.0,20.0,13,6.0,0.0,0.0,0.0,0.0,0.0,6.0,7.0,1.0,0,0,0,0.0,0.0,0.0,0.0,15.0,120.0,93.0,0.25,0.65,,,,,0.3333333333333333,0.16666666666666666,2.2,1.2,0.8,0.2,1.0,1.0,4.0,2.6,1.2,0.0,0.0,0.0,0.0,0.0,1.2,1.4,0.2,0.0,0.0,0.0,0.0,0.0,0.0,0.0,3.0,24.0,18.6,3.0
2023,000391,Grant Ament,Grant,Ament,M,Midfield,8,ARC,Archers,2023-06-03,2023-08-26,13.0,4.0,4.0,0.0,4.0,9.0,26.0,12,2.0,0.0,0.0,0.0,0.0,0.0,9.0,8.0,0.0,0,0,0,0.0,0.0,1.0,0.5,42.0,218.0,184.0,0.15384615384615385,0.46153846153846156,,,,,0.21428571428571427,0.0,1.625,0.5,0.5,0.0,0.5,1.125,3.25,1.5,0.25,0.0,0.0,0.0,0.0,0.0,1.125,1.0,0.0,0.0,0.0,0.0,0.0,0.0,0.125,0.0625,5.25,27.25,23.0,5.25
2023,000395,Bryan Costabile,Bryan,Costabile,M,Midfield,10,ATL,Atlas,2023-06-03,2023-08-26,21.0,16.0,14.0,1.0,15.0,5.0,57.0,34,15.0,0.0,0.0,0.0,0.0,0.0,20.0,19.0,1.0,0,0,0,0.0,0.0,0.0,0.0,26.0,247.0,171.0,0.2631578947368421,0.5964912280701754,,,,,0.19230769230769232,0.06666666666666667,2.1,1.6,1.4,0.1,1.5,0.5,5.7,3.4,1.5,0.0,0.0,0.0,0.0,0.0,2.0,1.9,0.1,0.0,0.0,0.0,0.0,0.0,0.0,0.0,2.6,24.7,17.1,2.6
2023,000397,Reece Eddy,Reece,Eddy,LSM,Long Stick Midfield,1,ARC,Archers,2023-06-03,2023-06-03,0.0,0.0,0.0,0.0,0.0,0.0,0.0,0,0.0,0.0,0.0,0.0,0.0,0.0,0.0,0.0,1.0,0,0,0,0.0,0.0,1.0,0.5,0.0,2.0,2.0,,,,,,,,,0.0,0.0,0.0,0.0,0.0,0.0,0.0,0.0,0.0,0.0,0.0,0.0,0.0,0.0,0.0,0.0,1.0,0.0,0.0,0.0,0.0,0.0,1.0,0.5,0.0,2.0,2.0,0.0
2023,000405,Jesse Bernhardt,Jesse,Bernhardt,D,Defense,8,OUT,Outlaws,2023-06-04,2023-08-27,4.0,0.0,0.0,0.0,0.0,4.0,4.0,0,2.0,0.0,0.0,0.0,0.0,0.0,20.0,1.0,11.0,0,0,0,0.0,0.0,2.0,2.0,5.0,80.0,75.0,0.0,0.0,,,,,0.8,0.0,0.5,0.0,0.0,0.0,0.0,0.5,0.5,0.0,0.25,0.0,0.0,0.0,0.0,0.0,2.5,0.125,1.375,0.0,0.0,0.0,0.0,0.0,0.25,0.25,0.625,10.0,9.375,0.625
2023,000406,Craig Chick,Craig,Chick,LSM,Long Stick Midfield,4,ATL,Atlas,2023-06-03,2023-07-09,0.0,0.0,0.0,0.0,0.0,0.0,0.0,0,0.0,0.0,0.0,0.0,0.0,0.0,6.0,1.0,1.0,0,3,3,0.0,0.0,0.0,0.0,0.0,12.0,11.0,,,0.0,,,,,,0.0,0.0,0.0,0.0,0.0,0.0,0.0,0.0,0.0,0.0,0.0,0.0,0.0,0.0,1.5,0.25,0.25,0.0,0.75,0.75,0.0,0.0,0.0,0.0,0.0,3.0,2.75,0.0
2023,000408,Matt DeLuca,Matt,DeLuca,G,Goalie,6,WAT,Waterdogs,2023-06-04,2023-08-26,0.0,0.0,0.0,0.0,0.0,0.0,0.0,0,0.0,58.0,17.0,41.0,61.0,85.3041700383382,5.0,0.0,3.0,0,0,0,58.0,3.0,0.0,0.0,0.0,60.0,60.0,,,,0.5,29.310344827586203,0.14655172413793102,,,0.0,0.0,0.0,0.0,0.0,0.0,0.0,0.0,0.0,9.666666666666666,2.8333333333333335,6.833333333333333,10.166666666666666,14.217361673056367,0.8333333333333334,0.0,0.5,0.0,0.0,0.0,9.666666666666666,0.5,0.0,0.0,0.0,10.0,10.0,0.0
2023,000409,Zach Currier,Zach,Currier,M,Midfield,10,WAT,Waterdogs,2023-06-04,2023-08-26,14.0,5.0,5.0,0.0,5.0,9.0,28.0,16,2.0,0.0,0.0,0.0,0.0,0.0,50.0,10.0,7.0,34,24,58,0.0,0.0,0.0,0.0,39.0,235.0,197.0,0.17857142857142858,0.5714285714285714,0.5862068965517241,,,,0.23076923076923078,0.0,1.4,0.5,0.5,0.0,0.5,0.9,2.8,1.6,0.2,0.0,0.0,0.0,0.0,0.0,5.0,1.0,0.7,3.4,2.4,5.8,0.0,0.0,0.0,0.0,3.9,23.5,19.7,3.9
2023,000410,Eli Gobrecht,Eli,Gobrecht,D,Defense,10,WAT,Waterdogs,2023-06-04,2023-08-26,2.0,2.0,2.0,0.0,2.0,0.0,2.0,2,0.0,0.0,0.0,0.0,0.0,0.0,19.0,3.0,9.0,20,137,158,0.0,0.0,2.0,1.5,1.0,31.0,26.0,1.0,1.0,0.12658227848101267,,,,0.0,,0.2,0.2,0.2,0.0,0.2,0.0,0.2,0.2,0.0,0.0,0.0,0.0,0.0,0.0,1.9,0.3,0.9,2.0,13.7,15.8,0.0,0.0,0.2,0.15,0.1,3.1,2.6,0.1
2023,000414,Rob Pannell,Rob,Pannell,A,Attack,10,RED,Redwoods,2023-06-03,2023-08-26,34.0,15.0,15.0,0.0,15.0,19.0,68.0,39,3.0,0.0,0.0,0.0,0.0,0.0,24.0,39.0,1.0,0,0,0,0.0,0.0,2.0,1.0,76.0,420.0,313.0,0.22058823529411764,0.5735294117647058,,,,,0.25,0.0,3.4,1.5,1.5,0.0,1.5,1.9,6.8,3.9,0.3,0.0,0.0,0.0,0.0,0.0,2.4,3.9,0.1,0.0,0.0,0.0,0.0,0.0,0.2,0.1,7.6,42.0,31.3,7.6
2023,000416,Ryland Rees,Ryland,Rees,LSM,Long Stick Midfield,8,WAT,Waterdogs,2023-06-04,2023-08-26,2.0,1.0,1.0,0.0,1.0,1.0,6.0,4,5.0,0.0,0.0,0.0,0.0,0.0,11.0,2.0,8.0,0,2,2,0.0,0.0,0.0,0.0,1.0,26.0,18.0,0.16666666666666666,0.6666666666666666,0.0,,,,1.0,0.0,0.25,0.125,0.125,0.0,0.125,0.125,0.75,0.5,0.625,0.0,0.0,0.0,0.0,0.0,1.375,0.25,1.0,0.0,0.25,0.25,0.0,0.0,0.0,0.0,0.125,3.25,2.25,0.125
2023,000417,Finn Sullivan,Finn,Sullivan,D,Defense,2,CAN,Cannons,2023-06-03,2023-06-10,0.0,0.0,0.0,0.0,0.0,0.0,0.0,0,0.0,0.0,0.0,0.0,0.0,0.0,3.0,1.0,0.0,0,0,0,0.0,0.0,0.0,0.0,0.0,9.0,8.0,,,,,,,,,0.0,0.0,0.0,0.0,0.0,0.0,0.0,0.0,0.0,0.0,0.0,0.0,0.0,0.0,1.5,0.5,0.0,0.0,0.0,0.0,0.0,0.0,0.0,0.0,0.0,4.5,4.0,0.0
2023,000418,Dillon Ward,Dillon,Ward,G,Goalie,6,WAT,Waterdogs,2023-06-16,2023-08-26,0.0,0.0,0.0,0.0,0.0,0.0,0.0,0,0.0,85.0,24.0,61.0,57.0,72.1517254656265,4.0,2.0,2.0,0,0,0,54.0,3.0,0.0,0.0,0.0,61.0,59.0,,,,0.6115107913669064,28.235294117647058,0.17266187050359713,,,0.0,0.0,0.0,0.0,0.0,0.0,0.0,0.0,0.0,14.166666666666666,4.0,10.166666666666666,9.5,12.025287577604416,0.6666666666666666,0.3333333333333333,0.3333333333333333,0.0,0.0,0.0,9.0,0.5,0.0,0.0,0.0,10.166666666666666,9.833333333333334,0.0
2023,000419,Zed Williams,Zed,Williams,A,Attack,9,WHP,Whipsnakes,2023-06-10,2023-08-26,22.0,15.0,15.0,0.0,15.0,7.0,73.0,45,3.0,0.0,0.0,0.0,0.0,0.0,10.0,13.0,2.0,0,0,0,0.0,0.0,0.0,0.0,29.0,237.0,151.0,0.2054794520547945,0.6164383561643836,,,,,0.2413793103448276,0.0,2.4444444444444446,1.6666666666666667,1.6666666666666667,0.0,1.6666666666666667,0.7777777777777778,8.11111111111111,5.0,0.3333333333333333,0.0,0.0,0.0,0.0,0.0,1.1111111111111112,1.4444444444444444,0.2222222222222222,0.0,0.0,0.0,0.0,0.0,0.0,0.0,3.2222222222222223,26.333333333333332,16.77777777777778,3.2222222222222223
2023,000422,Eli Salama,Eli,Salama,LSM,Long Stick Midfield,10,OUT,Outlaws,2023-06-04,2023-08-27,3.0,2.0,0.0,1.0,1.0,1.0,7.0,3,5.0,0.0,0.0,0.0,0.0,0.0,13.0,7.0,6.0,0,28,28,0.0,0.0,3.0,3.0,3.0,36.0,22.0,0.14285714285714285,0.42857142857142855,0.0,,,,0.3333333333333333,0.2,0.3,0.2,0.0,0.1,0.1,0.1,0.7,0.3,0.5,0.0,0.0,0.0,0.0,0.0,1.3,0.7,0.6,0.0,2.8,2.8,0.0,0.0,0.3,0.3,0.3,3.6,2.2,0.3
2023,000424,Jake Pulver,Jake,Pulver,D,Defense,8,CAN,Cannons,2023-06-03,2023-08-19,0.0,0.0,0.0,0.0,0.0,0.0,0.0,0,0.0,0.0,0.0,0.0,0.0,0.0,10.0,2.0,1.0,2,26,28,0.0,0.0,0.0,0.0,0.0,22.0,20.0,,,0.07142857142857142,,,,,,0.0,0.0,0.0,0.0,0.0,0.0,0.0,0.0,0.0,0.0,0.0,0.0,0.0,0.0,1.25,0.25,0.125,0.25,3.25,3.5,0.0,0.0,0.0,0.0,0.0,2.75,2.5,0.0
2023,000425,Jesse King,Jesse,King,M,Midfield,6,OUT,Outlaws,2023-07-15,2023-08-27,8.0,3.0,3.0,0.0,3.0,5.0,12.0,9,1.0,0.0,0.0,0.0,0.0,0.0,2.0,9.0,1.0,0,0,0,0.0,0.0,1.0,0.5,17.0,101.0,80.0,0.25,0.75,,,,,0.29411764705882354,0.0,1.3333333333333333,0.5,0.5,0.0,0.5,0.8333333333333334,2.0,1.5,0.16666666666666666,0.0,0.0,0.0,0.0,0.0,0.3333333333333333,1.5,0.16666666666666666,0.0,0.0,0.0,0.0,0.0,0.16666666666666666,0.08333333333333333,2.8333333333333335,16.833333333333332,13.333333333333334,2.8333333333333335
2023,000614,Brian Phipps,Brian,Phipps,G,Goalie,1,WHP,Whipsnakes,2023-07-14,2023-07-14,0.0,0.0,0.0,0.0,0.0,0.0,0.0,0,0.0,9.0,2.0,7.0,13.0,19.978655282817503,0.0,0.0,0.0,0,0,0,12.0,1.0,0.0,0.0,1.0,9.0,9.0,,,,0.42857142857142855,22.22222222222222,0.09523809523809523,0.0,,0.0,0.0,0.0,0.0,0.0,0.0,0.0,0.0,0.0,9.0,2.0,7.0,13.0,19.978655282817503,0.0,0.0,0.0,0.0,0.0,0.0,12.0,1.0,0.0,0.0,1.0,9.0,9.0,1.0
2023,000727,CJ Costabile,CJ,Costabile,LSM,Long Stick Midfield,9,CHA,Chaos,2023-06-04,2023-08-27,5.0,5.0,1.0,2.0,3.0,0.0,10.0,5,6.0,0.0,0.0,0.0,0.0,0.0,13.0,5.0,3.0,0,4,4,0.0,0.0,2.0,2.0,3.0,39.0,24.0,0.3,0.5,0.0,,,,0.0,0.3333333333333333,0.5555555555555556,0.5555555555555556,0.1111111111111111,0.2222222222222222,0.3333333333333333,0.0,1.1111111111111112,0.5555555555555556,0.6666666666666666,0.0,0.0,0.0,0.0,0.0,1.4444444444444444,0.5555555555555556,0.3333333333333333,0.0,0.4444444444444444,0.4444444444444444,0.0,0.0,0.2222222222222222,0.2222222222222222,0.3333333333333333,4.333333333333333,2.6666666666666665,0.3333333333333333
2023,000815,Austin Kaut,Austin,Kaut,G,Goalie,2,CHA,Chaos,2023-07-09,2023-08-27,0.0,0.0,0.0,0.0,0.0,0.0,0.0,0,0.0,15.0,4.0,11.0,13.0,12.999999999999998,1.0,0.0,0.0,0,0,0,13.0,0.0,1.0,0.0,0.0,13.0,13.0,,,,0.5357142857142857,26.666666666666668,0.14285714285714285,,,0.0,0.0,0.0,0.0,0.0,0.0,0.0,0.0,0.0,7.5,2.0,5.5,6.5,6.499999999999999,0.5,0.0,0.0,0.0,0.0,0.0,6.5,0.0,0.5,0.0,0.0,6.5,6.5,0.0
2023,000823,Mark Cockerton,Mark,Cockerton,A,Attack,1,ATL,Atlas,2023-08-19,2023-08-19,0.0,0.0,0.0,0.0,0.0,0.0,1.0,0,0.0,0.0,0.0,0.0,0.0,0.0,0.0,1.0,0.0,0,0,0,0.0,0.0,0.0,0.0,1.0,7.0,5.0,0.0,0.0,,,,,0.0,,0.0,0.0,0.0,0.0,0.0,0.0,1.0,0.0,0.0,0.0,0.0,0.0,0.0,0.0,0.0,1.0,0.0,0.0,0.0,0.0,0.0,0.0,0.0,0.0,1.0,7.0,5.0,1.0
2023,000921,Challen Rogers,Challen,Rogers,M,Midfield,8,ARC,Archers,2023-06-17,2023-08-26,4.0,3.0,3.0,0.0,3.0,1.0,14.0,9,1.0,0.0,0.0,0.0,0.0,0.0,5.0,9.0,0.0,0,0,0,0.0,0.0,1.0,0.5,10.0,77.0,54.0,0.21428571428571427,0.6428571428571429,,,,,0.1,0.0,0.5,0.375,0.375,0.0,0.375,0.125,1.75,1.125,0.125,0.0,0.0,0.0,0.0,0.0,0.625,1.125,0.0,0.0,0.0,0.0,0.0,0.0,0.125,0.0625,1.25,9.625,6.75,1.25
2023,000922,Graeme Hossack,Graeme,Hossack,D,Defense,10,ARC,Archers,2023-06-03,2023-08-26,1.0,0.0,0.0,0.0,0.0,1.0,3.0,1,2.0,0.0,0.0,0.0,0.0,0.0,35.0,2.0,8.0,3,13,16,0.0,0.0,4.0,3.5,9.0,80.0,75.0,0.0,0.3333333333333333,0.1875,,,,0.1111111111111111,0.0,0.1,0.0,0.0,0.0,0.0,0.1,0.3,0.1,0.2,0.0,0.0,0.0,0.0,0.0,3.5,0.2,0.8,0.3,1.3,1.6,0.0,0.0,0.4,0.35,0.9,8.0,7.5,0.9
2023,000925,Liam Byrnes,Liam,Byrnes,D,Defense,10,WAT,Waterdogs,2023-06-04,2023-08-26,2.0,0.0,0.0,0.0,0.0,2.0,4.0,0,0.0,0.0,0.0,0.0,0.0,0.0,25.0,4.0,7.0,0,0,0,0.0,0.0,1.0,1.0,5.0,87.0,79.0,0.0,0.0,,,,,0.4,,0.2,0.0,0.0,0.0,0.0,0.2,0.4,0.0,0.0,0.0,0.0,0.0,0.0,0.0,2.5,0.4,0.7,0.0,0.0,0.0,0.0,0.0,0.1,0.1,0.5,8.7,7.9,0.5
2023,000978,Kyle Jackson,Kyle,Jackson,M,Midfield,9,CHA,Chaos,2023-06-04,2023-08-27,13.0,10.0,10.0,0.0,10.0,3.0,39.0,25,5.0,0.0,0.0,0.0,0.0,0.0,7.0,13.0,2.0,0,0,0,0.0,0.0,0.0,0.0,23.0,232.0,180.0,0.2564102564102564,0.6410256410256411,,,,,0.13043478260869565,0.0,1.4444444444444444,1.1111111111111112,1.1111111111111112,0.0,1.1111111111111112,0.3333333333333333,4.333333333333333,2.7777777777777777,0.5555555555555556,0.0,0.0,0.0,0.0,0.0,0.7777777777777778,1.4444444444444444,0.2222222222222222,0.0,0.0,0.0,0.0,0.0,0.0,0.0,2.5555555555555554,25.77777777777778,20.0,2.5555555555555554
2023,001001,Dylan Molloy,Dylan,Molloy,A,Attack,4,ATL|OUT,Atlas|Outlaws,2023-06-17,2023-08-26,4.0,3.0,3.0,0.0,3.0,1.0,12.0,8,1.0,0.0,0.0,0.0,0.0,0.0,2.0,9.0,0.0,0,0,0,0.0,0.0,0.0,0.0,6.0,61.0,40.0,0.25,0.6666666666666666,,,,,0.16666666666666666,0.0,1.0,0.75,0.75,0.0,0.75,0.25,3.0,2.0,0.25,0.0,0.0,0.0,0.0,0.0,0.5,2.25,0.0,0.0,0.0,0.0,0.0,0.0,0.0,0.0,1.5,15.25,10.0,1.5
2023,001009,Colin Heacock,Colin,Heacock,M,Midfield,8,OUT,Outlaws,2023-06-04,2023-08-27,2.0,2.0,2.0,0.0,2.0,0.0,21.0,5,1.0,0.0,0.0,0.0,0.0,0.0,3.0,3.0,0.0,0,0,0,0.0,0.0,1.0,0.0,5.0,97.0,73.0,0.09523809523809523,0.23809523809523808,,,,,0.0,0.0,0.25,0.25,0.25,0.0,0.25,0.0,2.625,0.625,0.125,0.0,0.0,0.0,0.0,0.0,0.375,0.375,0.0,0.0,0.0,0.0,0.0,0.0,0.125,0.0,0.625,12.125,9.125,0.625
2023,001010,Isaiah Davis-Allen,Isaiah,Davis-Allen,SSDM,Defensive Midfield,10,RED,Redwoods,2023-06-03,2023-08-26,0.0,0.0,0.0,0.0,0.0,0.0,1.0,1,1.0,0.0,0.0,0.0,0.0,0.0,13.0,4.0,2.0,2,8,10,0.0,0.0,2.0,2.0,3.0,71.0,66.0,0.0,1.0,0.2,,,,0.0,0.0,0.0,0.0,0.0,0.0,0.0,0.0,0.1,0.1,0.1,0.0,0.0,0.0,0.0,0.0,1.3,0.4,0.2,0.2,0.8,1.0,0.0,0.0,0.2,0.2,0.3,7.1,6.6,0.3
2023,001020,Mike Messenger,Mike,Messenger,SSDM,Defensive Midfield,5,OUT,Outlaws,2023-06-04,2023-07-15,4.0,4.0,4.0,0.0,4.0,0.0,11.0,9,1.0,0.0,0.0,0.0,0.0,0.0,7.0,3.0,4.0,4,6,10,0.0,0.0,1.0,0.5,5.0,70.0,56.0,0.36363636363636365,0.8181818181818182,0.4,,,,0.0,0.0,0.8,0.8,0.8,0.0,0.8,0.0,2.2,1.8,0.2,0.0,0.0,0.0,0.0,0.0,1.4,0.6,0.8,0.8,1.2,2.0,0.0,0.0,0.2,0.1,1.0,14.0,11.2,1.0
2023,001397,Michael Rexrode,Michael,Rexrode,D,Defense,10,ATL,Atlas,2023-06-03,2023-08-26,2.0,2.0,2.0,0.0,2.0,0.0,4.0,3,2.0,0.0,0.0,0.0,0.0,0.0,22.0,3.0,9.0,0,0,0,0.0,0.0,4.0,3.5,1.0,51.0,44.0,0.5,0.75,,,,,0.0,0.0,0.2,0.2,0.2,0.0,0.2,0.0,0.4,0.3,0.2,0.0,0.0,0.0,0.0,0.0,2.2,0.3,0.9,0.0,0.0,0.0,0.0,0.0,0.4,0.35,0.1,5.1,4.4,0.1
2023,001402,Max Adler,Max,Adler,FO,Faceoff,1,CHA,Chaos,2023-07-09,2023-07-09,0.0,0.0,0.0,0.0,0.0,0.0,1.0,1,0.0,0.0,0.0,0.0,0.0,0.0,7.0,2.0,0.0,11,13,24,0.0,0.0,0.0,0.0,0.0,6.0,3.0,0.0,1.0,0.4583333333333333,,,,,,0.0,0.0,0.0,0.0,0.0,0.0,1.0,1.0,0.0,0.0,0.0,0.0,0.0,0.0,7.0,2.0,0.0,11.0,13.0,24.0,0.0,0.0,0.0,0.0,0.0,6.0,3.0,0.0
2023,001406,Ben Randall,Ben,Randall,D,Defense,10,WAT,Waterdogs,2023-06-04,2023-08-26,2.0,2.0,0.0,1.0,1.0,0.0,6.0,4,6.0,0.0,0.0,0.0,0.0,0.0,27.0,4.0,10.0,0,0,0,0.0,0.0,0.0,0.0,3.0,87.0,77.0,0.16666666666666666,0.6666666666666666,,,,,0.0,0.16666666666666666,0.2,0.2,0.0,0.1,0.1,0.0,0.6,0.4,0.6,0.0,0.0,0.0,0.0,0.0,2.7,0.4,1.0,0.0,0.0,0.0,0.0,0.0,0.0,0.0,0.3,8.7,7.7,0.3
2023,001415,Greg Weyl,Greg,Weyl,D,Defense,1,OUT,Outlaws,2023-07-08,2023-07-08,1.0,1.0,1.0,0.0,1.0,0.0,1.0,1,0.0,0.0,0.0,0.0,0.0,0.0,4.0,0.0,2.0,0,0,0,0.0,0.0,2.0,1.5,1.0,10.0,9.0,1.0,1.0,,,,,0.0,,1.0,1.0,1.0,0.0,1.0,0.0,1.0,1.0,0.0,0.0,0.0,0.0,0.0,0.0,4.0,0.0,2.0,0.0,0.0,0.0,0.0,0.0,2.0,1.5,1.0,10.0,9.0,1.0
2023,001661,Warren Jeffrey,Warren,Jeffrey,D,Defense,9,ARC,Archers,2023-06-09,2023-08-26,1.0,0.0,0.0,0.0,0.0,1.0,0.0,0,0.0,0.0,0.0,0.0,0.0,0.0,9.0,3.0,7.0,0,0,0,0.0,0.0,3.0,2.5,2.0,42.0,39.0,,,,,,,0.5,,0.1111111111111111,0.0,0.0,0.0,0.0,0.1111111111111111,0.0,0.0,0.0,0.0,0.0,0.0,0.0,0.0,1.0,0.3333333333333333,0.7777777777777778,0.0,0.0,0.0,0.0,0.0,0.3333333333333333,0.2777777777777778,0.2222222222222222,4.666666666666667,4.333333333333333,0.2222222222222222
2023,001671,Zach Goodrich,Zach,Goodrich,SSDM,Defensive Midfield,10,CAN,Cannons,2023-06-03,2023-08-26,1.0,0.0,0.0,0.0,0.0,1.0,0.0,0,0.0,0.0,0.0,0.0,0.0,0.0,8.0,1.0,4.0,0,0,0,0.0,0.0,2.0,1.0,3.0,71.0,70.0,,,,,,,0.3333333333333333,,0.1,0.0,0.0,0.0,0.0,0.1,0.0,0.0,0.0,0.0,0.0,0.0,0.0,0.0,0.8,0.1,0.4,0.0,0.0,0.0,0.0,0.0,0.2,0.1,0.3,7.1,7.0,0.3
2023,001707,Matt Whitcher,Matt,Whitcher,SSDM,Defensive Midfield,10,WAT,Waterdogs,2023-06-04,2023-08-26,5.0,5.0,5.0,0.0,5.0,0.0,12.0,9,0.0,0.0,0.0,0.0,0.0,0.0,23.0,2.0,8.0,0,0,0,0.0,0.0,1.0,0.5,7.0,71.0,57.0,0.4166666666666667,0.75,,,,,0.0,,0.5,0.5,0.5,0.0,0.5,0.0,1.2,0.9,0.0,0.0,0.0,0.0,0.0,0.0,2.3,0.2,0.8,0.0,0.0,0.0,0.0,0.0,0.1,0.05,0.7,7.1,5.7,0.7
2023,001724,Sean Sconone,Sean,Sconone,G,Goalie,9,OUT,Outlaws,2023-06-04,2023-08-20,0.0,0.0,0.0,0.0,0.0,0.0,0.0,0,0.0,107.0,32.0,75.0,106.0,108.18401623332173,15.0,7.0,1.0,0,0,0,97.0,9.0,0.0,0.0,3.0,140.0,133.0,,,,0.5245098039215687,29.906542056074763,0.1568627450980392,0.0,,0.0,0.0,0.0,0.0,0.0,0.0,0.0,0.0,0.0,11.88888888888889,3.5555555555555554,8.333333333333334,11.777777777777779,12.02044624814686,1.6666666666666667,0.7777777777777778,0.1111111111111111,0.0,0.0,0.0,10.777777777777779,1.0,0.0,0.0,0.3333333333333333,15.555555555555555,14.777777777777779,0.3333333333333333
2023,001727,Bradley Voigt,Bradley,Voigt,A,Attack,1,CHA,Chaos,2023-06-04,2023-06-04,1.0,1.0,1.0,0.0,1.0,0.0,2.0,2,0.0,0.0,0.0,0.0,0.0,0.0,2.0,4.0,0.0,0,0,0,0.0,0.0,0.0,0.0,3.0,18.0,12.0,0.5,1.0,,,,,0.0,,1.0,1.0,1.0,0.0,1.0,0.0,2.0,2.0,0.0,0.0,0.0,0.0,0.0,0.0,2.0,4.0,0.0,0.0,0.0,0.0,0.0,0.0,0.0,0.0,3.0,18.0,12.0,3.0
2023,001729,Chris Aslanian,Chris,Aslanian,M,Midfield,10,CAN,Cannons,2023-06-03,2023-08-26,22.0,17.0,9.0,4.0,13.0,5.0,52.0,31,19.0,0.0,0.0,0.0,0.0,0.0,3.0,7.0,1.0,0,0,0,0.0,0.0,0.0,0.0,22.0,229.0,170.0,0.25,0.5961538461538461,,,,,0.22727272727272727,0.21052631578947367,2.2,1.7,0.9,0.4,1.3,0.5,5.2,3.1,1.9,0.0,0.0,0.0,0.0,0.0,0.3,0.7,0.1,0.0,0.0,0.0,0.0,0.0,0.0,0.0,2.2,22.9,17.0,2.2
2023,001733,Charlie Hayes,Charlie,Hayes,SSDM,Defensive Midfield,9,WAT,Waterdogs,2023-06-10,2023-08-26,4.0,2.0,2.0,0.0,2.0,2.0,5.0,4,1.0,0.0,0.0,0.0,0.0,0.0,15.0,2.0,6.0,0,0,0,0.0,0.0,1.0,1.0,2.0,47.0,40.0,0.4,0.8,,,,,1.0,0.0,0.4444444444444444,0.2222222222222222,0.2222222222222222,0.0,0.2222222222222222,0.2222222222222222,0.5555555555555556,0.4444444444444444,0.1111111111111111,0.0,0.0,0.0,0.0,0.0,1.6666666666666667,0.2222222222222222,0.6666666666666666,0.0,0.0,0.0,0.0,0.0,0.1111111111111111,0.1111111111111111,0.2222222222222222,5.222222222222222,4.444444444444445,0.2222222222222222
2023,001760,Pat Aslanian,Pat,Aslanian,SSDM,Defensive Midfield,10,CAN,Cannons,2023-06-03,2023-08-26,1.0,0.0,0.0,0.0,0.0,1.0,3.0,1,0.0,0.0,0.0,0.0,0.0,0.0,2.0,5.0,1.0,0,0,0,0.0,0.0,3.0,2.0,2.0,46.0,38.0,0.0,0.3333333333333333,,,,,0.5,,0.1,0.0,0.0,0.0,0.0,0.1,0.3,0.1,0.0,0.0,0.0,0.0,0.0,0.0,0.2,0.5,0.1,0.0,0.0,0.0,0.0,0.0,0.3,0.2,0.2,4.6,3.8,0.2
2023,001773,Nick Washuta,Nick,Washuta,G,Goalie,4,ARC,Archers,2023-06-03,2023-08-26,0.0,0.0,0.0,0.0,0.0,0.0,0.0,0,0.0,14.0,5.0,9.0,15.0,149.0479937489489,1.0,0.0,1.0,0,0,0,13.0,2.0,0.0,0.0,0.0,10.0,10.0,,,,0.5185185185185185,35.714285714285715,0.18518518518518517,,,0.0,0.0,0.0,0.0,0.0,0.0,0.0,0.0,0.0,3.5,1.25,2.25,3.75,37.261998437237224,0.25,0.0,0.25,0.0,0.0,0.0,3.25,0.5,0.0,0.0,0.0,2.5,2.5,0.0
2023,001793,Chase Fraser,Chase,Fraser,A,Attack,3,CHA,Chaos,2023-06-10,2023-08-27,4.0,4.0,4.0,0.0,4.0,0.0,17.0,11,2.0,0.0,0.0,0.0,0.0,0.0,4.0,4.0,1.0,0,0,0,0.0,0.0,0.0,0.0,1.0,59.0,38.0,0.23529411764705882,0.6470588235294118,,,,,0.0,0.0,1.3333333333333333,1.3333333333333333,1.3333333333333333,0.0,1.3333333333333333,0.0,5.666666666666667,3.6666666666666665,0.6666666666666666,0.0,0.0,0.0,0.0,0.0,1.3333333333333333,1.3333333333333333,0.3333333333333333,0.0,0.0,0.0,0.0,0.0,0.0,0.0,0.3333333333333333,19.666666666666668,12.666666666666666,0.3333333333333333
2023,001795,Christian Scarpello,Christian,Scarpello,SSDM,Defensive Midfield,9,WAT,Waterdogs,2023-06-04,2023-08-26,2.0,1.0,1.0,0.0,1.0,1.0,2.0,2,0.0,0.0,0.0,0.0,0.0,0.0,17.0,1.0,1.0,0,0,0,0.0,0.0,1.0,1.0,3.0,60.0,57.0,0.5,1.0,,,,,0.3333333333333333,,0.2222222222222222,0.1111111111111111,0.1111111111111111,0.0,0.1111111111111111,0.1111111111111111,0.2222222222222222,0.2222222222222222,0.0,0.0,0.0,0.0,0.0,0.0,1.8888888888888888,0.1111111111111111,0.1111111111111111,0.0,0.0,0.0,0.0,0.0,0.1111111111111111,0.1111111111111111,0.3333333333333333,6.666666666666667,6.333333333333333,0.3333333333333333
2023,001796,Latrell Harris,Latrell,Harris,SSDM,Defensive Midfield,10,ARC,Archers,2023-06-03,2023-08-26,4.0,2.0,2.0,0.0,2.0,2.0,4.0,2,0.0,0.0,0.0,0.0,0.0,0.0,19.0,2.0,6.0,0,0,0,0.0,0.0,3.0,2.5,14.0,81.0,75.0,0.5,0.5,,,,,0.14285714285714285,,0.4,0.2,0.2,0.0,0.2,0.2,0.4,0.2,0.0,0.0,0.0,0.0,0.0,0.0,1.9,0.2,0.6,0.0,0.0,0.0,0.0,0.0,0.3,0.25,1.4,8.1,7.5,1.4
2023,001809,Jeff Teat,Jeff,Teat,A,Attack,10,ATL,Atlas,2023-06-03,2023-08-26,36.0,11.0,11.0,0.0,11.0,25.0,36.0,27,0.0,0.0,0.0,0.0,0.0,0.0,15.0,21.0,3.0,0,0,0,0.0,0.0,0.0,0.0,86.0,358.0,301.0,0.3055555555555556,0.75,,,,,0.29069767441860467,,3.6,1.1,1.1,0.0,1.1,2.5,3.6,2.7,0.0,0.0,0.0,0.0,0.0,0.0,1.5,2.1,0.3,0.0,0.0,0.0,0.0,0.0,0.0,0.0,8.6,35.8,30.1,8.6
2023,001810,Michael Sowers,Michael,Sowers,A,Attack,10,WAT,Waterdogs,2023-06-04,2023-08-26,30.0,15.0,15.0,0.0,15.0,15.0,77.0,49,2.0,0.0,0.0,0.0,0.0,0.0,11.0,18.0,0.0,0,0,0,0.0,0.0,1.0,1.0,54.0,322.0,227.0,0.19480519480519481,0.6363636363636364,,,,,0.2777777777777778,0.0,3.0,1.5,1.5,0.0,1.5,1.5,7.7,4.9,0.2,0.0,0.0,0.0,0.0,0.0,1.1,1.8,0.0,0.0,0.0,0.0,0.0,0.0,0.1,0.1,5.4,32.2,22.7,5.4
2023,001811,JT Giles-Harris,JT,Giles-Harris,D,Defense,9,OUT,Outlaws,2023-06-04,2023-08-27,0.0,0.0,0.0,0.0,0.0,0.0,0.0,0,0.0,0.0,0.0,0.0,0.0,0.0,11.0,1.0,7.0,0,0,0,0.0,0.0,1.0,1.0,1.0,90.0,89.0,,,,,,,0.0,,0.0,0.0,0.0,0.0,0.0,0.0,0.0,0.0,0.0,0.0,0.0,0.0,0.0,0.0,1.2222222222222223,0.1111111111111111,0.7777777777777778,0.0,0.0,0.0,0.0,0.0,0.1111111111111111,0.1111111111111111,0.1111111111111111,10.0,9.88888888888889,0.1111111111111111
2023,001812,TD Ierlan,TD,Ierlan,FO,Faceoff,10,RED,Redwoods,2023-06-03,2023-08-26,2.0,1.0,1.0,0.0,1.0,1.0,9.0,7,0.0,0.0,0.0,0.0,0.0,0.0,118.0,5.0,3.0,162,77,239,0.0,0.0,2.0,1.5,11.0,113.0,99.0,0.1111111111111111,0.7777777777777778,0.6778242677824268,,,,0.09090909090909091,,0.2,0.1,0.1,0.0,0.1,0.1,0.9,0.7,0.0,0.0,0.0,0.0,0.0,0.0,11.8,0.5,0.3,16.2,7.7,23.9,0.0,0.0,0.2,0.15,1.1,11.3,9.9,1.1
2023,001813,Jared Conners,Jared,Conners,LSM,Long Stick Midfield,9,ARC,Archers,2023-06-03,2023-08-26,5.0,4.0,0.0,2.0,2.0,1.0,9.0,4,7.0,0.0,0.0,0.0,0.0,0.0,18.0,7.0,9.0,0,0,0,0.0,0.0,0.0,0.0,3.0,52.0,36.0,0.2222222222222222,0.4444444444444444,,,,,0.3333333333333333,0.2857142857142857,0.5555555555555556,0.4444444444444444,0.0,0.2222222222222222,0.2222222222222222,0.1111111111111111,1.0,0.4444444444444444,0.7777777777777778,0.0,0.0,0.0,0.0,0.0,2.0,0.7777777777777778,1.0,0.0,0.0,0.0,0.0,0.0,0.0,0.0,0.3333333333333333,5.777777777777778,4.0,0.3333333333333333
2023,001814,Mac O'Keefe,Mac,O'Keefe,A,Attack,10,ARC,Archers,2023-06-03,2023-08-26,35.0,30.0,22.0,4.0,26.0,5.0,89.0,52,12.0,0.0,0.0,0.0,0.0,0.0,23.0,9.0,3.0,0,0,0,0.0,0.0,3.0,2.0,26.0,277.0,179.0,0.29213483146067415,0.5842696629213483,,,,,0.19230769230769232,0.3333333333333333,3.5,3.0,2.2,0.4,2.6,0.5,8.9,5.2,1.2,0.0,0.0,0.0,0.0,0.0,2.3,0.9,0.3,0.0,0.0,0.0,0.0,0.0,0.3,0.2,2.6,27.7,17.9,2.6
2023,001815,Connor Kirst,Connor,Kirst,SSDM,Defensive Midfield,10,WHP,Whipsnakes,2023-06-04,2023-08-26,9.0,8.0,6.0,1.0,7.0,1.0,17.0,10,3.0,0.0,0.0,0.0,0.0,0.0,25.0,5.0,3.0,0,0,0,0.0,0.0,2.0,1.0,9.0,101.0,79.0,0.4117647058823529,0.5882352941176471,,,,,0.1111111111111111,0.3333333333333333,0.9,0.8,0.6,0.1,0.7,0.1,1.7,1.0,0.3,0.0,0.0,0.0,0.0,0.0,2.5,0.5,0.3,0.0,0.0,0.0,0.0,0.0,0.2,0.1,0.9,10.1,7.9,0.9
2023,001817,Jack Kielty,Jack,Kielty,D,Defense,10,CAN,Cannons,2023-06-03,2023-08-26,0.0,0.0,0.0,0.0,0.0,0.0,2.0,1,1.0,0.0,0.0,0.0,0.0,0.0,17.0,0.0,11.0,0,0,0,0.0,0.0,3.0,3.0,4.0,81.0,79.0,0.0,0.5,,,,,0.0,0.0,0.0,0.0,0.0,0.0,0.0,0.0,0.2,0.1,0.1,0.0,0.0,0.0,0.0,0.0,1.7,0.0,1.1,0.0,0.0,0.0,0.0,0.0,0.3,0.3,0.4,8.1,7.9,0.4
2023,001818,Jake Carraway,Jake,Carraway,M,Midfield,8,WAT,Waterdogs,2023-06-04,2023-08-20,15.0,13.0,9.0,2.0,11.0,2.0,32.0,23,7.0,0.0,0.0,0.0,0.0,0.0,6.0,3.0,1.0,0,0,0,0.0,0.0,2.0,1.0,24.0,192.0,157.0,0.34375,0.71875,,,,,0.08333333333333333,0.2857142857142857,1.875,1.625,1.125,0.25,1.375,0.25,4.0,2.875,0.875,0.0,0.0,0.0,0.0,0.0,0.75,0.375,0.125,0.0,0.0,0.0,0.0,0.0,0.25,0.125,3.0,24.0,19.625,3.0
2023,001819,Danny Logan,Danny,Logan,SSDM,Defensive Midfield,9,ATL,Atlas,2023-06-03,2023-08-26,4.0,4.0,4.0,0.0,4.0,0.0,10.0,8,3.0,0.0,0.0,0.0,0.0,0.0,13.0,5.0,2.0,0,4,4,0.0,0.0,2.0,1.0,3.0,71.0,56.0,0.4,0.8,0.0,,,,0.0,0.0,0.4444444444444444,0.4444444444444444,0.4444444444444444,0.0,0.4444444444444444,0.0,1.1111111111111112,0.8888888888888888,0.3333333333333333,0.0,0.0,0.0,0.0,0.0,1.4444444444444444,0.5555555555555556,0.2222222222222222,0.0,0.4444444444444444,0.4444444444444444,0.0,0.0,0.2222222222222222,0.1111111111111111,0.3333333333333333,7.888888888888889,6.222222222222222,0.3333333333333333
2023,001820,Ryan Terefenko,Ryan,Terefenko,SSDM,Defensive Midfield,10,OUT,Outlaws,2023-06-04,2023-08-27,5.0,3.0,3.0,0.0,3.0,2.0,15.0,8,0.0,0.0,0.0,0.0,0.0,0.0,14.0,8.0,2.0,0,2,2,0.0,0.0,1.0,0.5,11.0,118.0,95.0,0.2,0.5333333333333333,0.0,,,,0.18181818181818182,,0.5,0.3,0.3,0.0,0.3,0.2,1.5,0.8,0.0,0.0,0.0,0.0,0.0,0.0,1.4,0.8,0.2,0.0,0.2,0.2,0.0,0.0,0.1,0.05,1.1,11.8,9.5,1.1
2023,001821,Tre Leclaire,Tre,Leclaire,M,Midfield,10,ARC,Archers,2023-06-03,2023-08-26,19.0,15.0,13.0,1.0,14.0,4.0,39.0,26,5.0,0.0,0.0,0.0,0.0,0.0,16.0,10.0,1.0,0,0,0,0.0,0.0,0.0,0.0,32.0,246.0,197.0,0.358974358974359,0.6666666666666666,,,,,0.125,0.2,1.9,1.5,1.3,0.1,1.4,0.4,3.9,2.6,0.5,0.0,0.0,0.0,0.0,0.0,1.6,1.0,0.1,0.0,0.0,0.0,0.0,0.0,0.0,0.0,3.2,24.6,19.7,3.2
2023,001825,Peter Dearth,Peter,Dearth,SSDM,Defensive Midfield,6,ATL,Atlas,2023-06-03,2023-08-26,0.0,0.0,0.0,0.0,0.0,0.0,3.0,3,0.0,0.0,0.0,0.0,0.0,0.0,11.0,3.0,1.0,0,0,0,0.0,0.0,3.0,1.5,2.0,31.0,25.0,0.0,1.0,,,,,0.0,,0.0,0.0,0.0,0.0,0.0,0.0,0.5,0.5,0.0,0.0,0.0,0.0,0.0,0.0,1.8333333333333333,0.5,0.16666666666666666,0.0,0.0,0.0,0.0,0.0,0.5,0.25,0.3333333333333333,5.166666666666667,4.166666666666667,0.3333333333333333
2023,001826,Jeff Trainor,Jeff,Trainor,SSDM,Defensive Midfield,10,CAN,Cannons,2023-06-03,2023-08-26,4.0,2.0,2.0,0.0,2.0,2.0,10.0,3,2.0,0.0,0.0,0.0,0.0,0.0,9.0,3.0,5.0,0,0,0,0.0,0.0,3.0,2.5,9.0,73.0,60.0,0.2,0.3,,,,,0.2222222222222222,0.0,0.4,0.2,0.2,0.0,0.2,0.2,1.0,0.3,0.2,0.0,0.0,0.0,0.0,0.0,0.9,0.3,0.5,0.0,0.0,0.0,0.0,0.0,0.3,0.25,0.9,7.3,6.0,0.9
2023,001828,Justin Anderson,Justin,Anderson,M,Midfield,10,OUT,Outlaws,2023-06-04,2023-08-27,10.0,9.0,9.0,0.0,9.0,1.0,37.0,27,6.0,0.0,0.0,0.0,0.0,0.0,2.0,10.0,3.0,0,0,0,0.0,0.0,1.0,0.0,17.0,187.0,140.0,0.24324324324324326,0.7297297297297297,,,,,0.058823529411764705,0.0,1.0,0.9,0.9,0.0,0.9,0.1,3.7,2.7,0.6,0.0,0.0,0.0,0.0,0.0,0.2,1.0,0.3,0.0,0.0,0.0,0.0,0.0,0.1,0.0,1.7,18.7,14.0,1.7
2023,001831,Colin Squires,Colin,Squires,LSM,Long Stick Midfield,10,WHP,Whipsnakes,2023-06-04,2023-08-26,3.0,2.0,0.0,1.0,1.0,1.0,5.0,1,4.0,0.0,0.0,0.0,0.0,0.0,11.0,0.0,7.0,2,21,23,0.0,0.0,0.0,0.0,1.0,35.0,30.0,0.2,0.2,0.08695652173913043,,,,1.0,0.25,0.3,0.2,0.0,0.1,0.1,0.1,0.5,0.1,0.4,0.0,0.0,0.0,0.0,0.0,1.1,0.0,0.7,0.2,2.1,2.3,0.0,0.0,0.0,0.0,0.1,3.5,3.0,0.1
2023,001832,Charlie Bertrand,Charlie,Bertrand,M,Midfield,9,RED,Redwoods,2023-06-03,2023-08-26,12.0,7.0,7.0,0.0,7.0,5.0,35.0,16,1.0,0.0,0.0,0.0,0.0,0.0,8.0,13.0,1.0,0,0,0,0.0,0.0,0.0,0.0,14.0,218.0,170.0,0.2,0.45714285714285713,,,,,0.35714285714285715,0.0,1.3333333333333333,0.7777777777777778,0.7777777777777778,0.0,0.7777777777777778,0.5555555555555556,3.888888888888889,1.7777777777777777,0.1111111111111111,0.0,0.0,0.0,0.0,0.0,0.8888888888888888,1.4444444444444444,0.1111111111111111,0.0,0.0,0.0,0.0,0.0,0.0,0.0,1.5555555555555556,24.22222222222222,18.88888888888889,1.5555555555555556
2023,001835,Ethan Walker,Ethan,Walker,A,Attack,10,WAT,Waterdogs,2023-06-04,2023-08-26,30.0,16.0,16.0,0.0,16.0,14.0,57.0,41,0.0,0.0,0.0,0.0,0.0,0.0,20.0,7.0,0.0,0,0,0,0.0,0.0,1.0,0.5,48.0,335.0,271.0,0.2807017543859649,0.7192982456140351,,,,,0.2916666666666667,,3.0,1.6,1.6,0.0,1.6,1.4,5.7,4.1,0.0,0.0,0.0,0.0,0.0,0.0,2.0,0.7,0.0,0.0,0.0,0.0,0.0,0.0,0.1,0.05,4.8,33.5,27.1,4.8
2023,001836,Jackson Morrill,Jackson,Morrill,A,Attack,10,OUT|WHP,Outlaws|Whipsnakes,2023-06-04,2023-08-26,26.0,11.0,11.0,0.0,11.0,15.0,31.0,27,0.0,0.0,0.0,0.0,0.0,0.0,11.0,11.0,2.0,0,0,0,0.0,0.0,0.0,0.0,56.0,361.0,319.0,0.3548387096774194,0.8709677419354839,,,,,0.26785714285714285,,2.6,1.1,1.1,0.0,1.1,1.5,3.1,2.7,0.0,0.0,0.0,0.0,0.0,0.0,1.1,1.1,0.2,0.0,0.0,0.0,0.0,0.0,0.0,0.0,5.6,36.1,31.9,5.6
2023,001838,Ryan Smith,Ryan,Smith,M,Midfield,10,CHA,Chaos,2023-06-04,2023-08-27,18.0,14.0,14.0,0.0,14.0,4.0,34.0,22,0.0,0.0,0.0,0.0,0.0,0.0,9.0,7.0,0.0,0,0,0,0.0,0.0,0.0,0.0,16.0,131.0,90.0,0.4117647058823529,0.6470588235294118,,,,,0.25,,1.8,1.4,1.4,0.0,1.4,0.4,3.4,2.2,0.0,0.0,0.0,0.0,0.0,0.0,0.9,0.7,0.0,0.0,0.0,0.0,0.0,0.0,0.0,0.0,1.6,13.1,9.0,1.6
2023,001839,Nick Grill,Nick,Grill,LSM,Long Stick Midfield,10,OUT,Outlaws,2023-06-04,2023-08-27,1.0,0.0,0.0,0.0,0.0,1.0,0.0,0,0.0,0.0,0.0,0.0,0.0,0.0,12.0,1.0,6.0,0,3,3,0.0,0.0,1.0,0.5,4.0,41.0,40.0,,,0.0,,,,0.25,,0.1,0.0,0.0,0.0,0.0,0.1,0.0,0.0,0.0,0.0,0.0,0.0,0.0,0.0,1.2,0.1,0.6,0.0,0.3,0.3,0.0,0.0,0.1,0.05,0.4,4.1,4.0,0.4
2023,001843,Cole Williams,Cole,Williams,M,Midfield,2,OUT,Outlaws,2023-08-12,2023-08-27,1.0,1.0,1.0,0.0,1.0,0.0,6.0,3,1.0,0.0,0.0,0.0,0.0,0.0,0.0,6.0,0.0,0,0,0,0.0,0.0,1.0,1.0,1.0,27.0,15.0,0.16666666666666666,0.5,,,,,0.0,0.0,0.5,0.5,0.5,0.0,0.5,0.0,3.0,1.5,0.5,0.0,0.0,0.0,0.0,0.0,0.0,3.0,0.0,0.0,0.0,0.0,0.0,0.0,0.5,0.5,0.5,13.5,7.5,0.5
2023,001846,Adam Charalambides,Adam,Charalambides,A,Attack,2,CAN,Cannons,2023-08-19,2023-08-26,3.0,3.0,3.0,0.0,3.0,0.0,10.0,5,0.0,0.0,0.0,0.0,0.0,0.0,6.0,3.0,0.0,0,0,0,0.0,0.0,1.0,0.5,0.0,44.0,31.0,0.3,0.5,,,,,,,1.5,1.5,1.5,0.0,1.5,0.0,5.0,2.5,0.0,0.0,0.0,0.0,0.0,0.0,3.0,1.5,0.0,0.0,0.0,0.0,0.0,0.0,0.5,0.25,0.0,22.0,15.5,0.0
2023,002001,Kevin Rogers,Kevin,Rogers,M,Midfield,2,RED,Redwoods,2023-07-30,2023-08-06,4.0,2.0,2.0,0.0,2.0,2.0,7.0,6,1.0,0.0,0.0,0.0,0.0,0.0,2.0,1.0,0.0,0,0,0,0.0,0.0,0.0,0.0,7.0,47.0,39.0,0.2857142857142857,0.8571428571428571,,,,,0.2857142857142857,0.0,2.0,1.0,1.0,0.0,1.0,1.0,3.5,3.0,0.5,0.0,0.0,0.0,0.0,0.0,1.0,0.5,0.0,0.0,0.0,0.0,0.0,0.0,0.0,0.0,3.5,23.5,19.5,3.5
2023,002003,Will Perry,Will,Perry,M,Midfield,8,CHA,Chaos,2023-06-04,2023-08-20,5.0,5.0,5.0,0.0,5.0,0.0,30.0,13,5.0,0.0,0.0,0.0,0.0,0.0,4.0,2.0,0.0,0,0,0,0.0,0.0,0.0,0.0,9.0,134.0,102.0,0.16666666666666666,0.43333333333333335,,,,,0.0,0.0,0.625,0.625,0.625,0.0,0.625,0.0,3.75,1.625,0.625,0.0,0.0,0.0,0.0,0.0,0.5,0.25,0.0,0.0,0.0,0.0,0.0,0.0,0.0,0.0,1.125,16.75,12.75,1.125
2023,002014,Drake Porter,Drake,Porter,G,Goalie,2,ATL,Atlas,2023-07-09,2023-07-16,0.0,0.0,0.0,0.0,0.0,0.0,0.0,0,0.0,17.0,2.0,15.0,22.0,29.0,2.0,1.0,0.0,0,0,0,22.0,0.0,0.0,0.0,0.0,19.0,18.0,,,,0.4358974358974359,11.76470588235294,0.05128205128205128,,,0.0,0.0,0.0,0.0,0.0,0.0,0.0,0.0,0.0,8.5,1.0,7.5,11.0,14.5,1.0,0.5,0.0,0.0,0.0,0.0,11.0,0.0,0.0,0.0,0.0,9.5,9.0,0.0
2023,002015,Logan Wisnauskas,Logan,Wisnauskas,A,Attack,10,OUT,Outlaws,2023-06-04,2023-08-27,18.0,11.0,11.0,0.0,11.0,7.0,54.0,33,1.0,0.0,0.0,0.0,0.0,0.0,18.0,17.0,3.0,0,0,0,0.0,0.0,1.0,1.0,39.0,312.0,241.0,0.2037037037037037,0.6111111111111112,,,,,0.1794871794871795,0.0,1.8,1.1,1.1,0.0,1.1,0.7,5.4,3.3,0.1,0.0,0.0,0.0,0.0,0.0,1.8,1.7,0.3,0.0,0.0,0.0,0.0,0.0,0.1,0.1,3.9,31.2,24.1,3.9
2023,002016,Chris Gray,Chris,Gray,A,Attack,10,ATL,Atlas,2023-06-03,2023-08-26,37.0,24.0,20.0,2.0,22.0,13.0,75.0,48,5.0,0.0,0.0,0.0,0.0,0.0,14.0,23.0,1.0,0,0,0,0.0,0.0,0.0,0.0,48.0,354.0,256.0,0.29333333333333333,0.64,,,,,0.2708333333333333,0.4,3.7,2.4,2.0,0.2,2.2,1.3,7.5,4.8,0.5,0.0,0.0,0.0,0.0,0.0,1.4,2.3,0.1,0.0,0.0,0.0,0.0,0.0,0.0,0.0,4.8,35.4,25.6,4.8
2023,002017,Arden Cohen,Arden,Cohen,D,Defense,10,RED,Redwoods,2023-06-03,2023-08-26,2.0,2.0,0.0,1.0,1.0,0.0,1.0,1,1.0,0.0,0.0,0.0,0.0,0.0,12.0,5.0,6.0,0,0,0,0.0,0.0,0.0,0.0,0.0,58.0,52.0,1.0,1.0,,,,,,1.0,0.2,0.2,0.0,0.1,0.1,0.0,0.1,0.1,0.1,0.0,0.0,0.0,0.0,0.0,1.2,0.5,0.6,0.0,0.0,0.0,0.0,0.0,0.0,0.0,0.0,5.8,5.2,0.0
2023,002018,Matt Moore,Matt,Moore,A,Attack,8,ARC,Archers,2023-06-03,2023-08-12,16.0,10.0,10.0,0.0,10.0,6.0,50.0,34,5.0,0.0,0.0,0.0,0.0,0.0,14.0,10.0,1.0,0,0,0,0.0,0.0,1.0,1.0,28.0,184.0,124.0,0.2,0.68,,,,,0.21428571428571427,0.0,2.0,1.25,1.25,0.0,1.25,0.75,6.25,4.25,0.625,0.0,0.0,0.0,0.0,0.0,1.75,1.25,0.125,0.0,0.0,0.0,0.0,0.0,0.125,0.125,3.5,23.0,15.5,3.5
2023,002019,Koby Smith,Koby,Smith,LSM,Long Stick Midfield,3,ATL,Atlas,2023-07-16,2023-08-05,2.0,2.0,0.0,1.0,1.0,0.0,5.0,2,4.0,0.0,0.0,0.0,0.0,0.0,3.0,2.0,2.0,0,0,0,0.0,0.0,1.0,0.5,0.0,12.0,5.0,0.2,0.4,,,,,,0.25,0.6666666666666666,0.6666666666666666,0.0,0.3333333333333333,0.3333333333333333,0.0,1.6666666666666667,0.6666666666666666,1.3333333333333333,0.0,0.0,0.0,0.0,0.0,1.0,0.6666666666666666,0.6666666666666666,0.0,0.0,0.0,0.0,0.0,0.3333333333333333,0.16666666666666666,0.0,4.0,1.6666666666666667,0.0
2023,002020,Brett Kennedy,Brett,Kennedy,LSM,Long Stick Midfield,3,WHP,Whipsnakes,2023-07-09,2023-07-30,1.0,0.0,0.0,0.0,0.0,1.0,0.0,0,0.0,0.0,0.0,0.0,0.0,0.0,7.0,3.0,4.0,0,0,0,0.0,0.0,1.0,1.0,1.0,23.0,20.0,,,,,,,1.0,,0.3333333333333333,0.0,0.0,0.0,0.0,0.3333333333333333,0.0,0.0,0.0,0.0,0.0,0.0,0.0,0.0,2.3333333333333335,1.0,1.3333333333333333,0.0,0.0,0.0,0.0,0.0,0.3333333333333333,0.3333333333333333,0.3333333333333333,7.666666666666667,6.666666666666667,0.3333333333333333
2023,002021,Roman Puglise,Roman,Puglise,SSDM,Defensive Midfield,9,WHP,Whipsnakes,2023-06-04,2023-08-26,5.0,5.0,1.0,2.0,3.0,0.0,8.0,3,4.0,0.0,0.0,0.0,0.0,0.0,10.0,4.0,2.0,0,0,0,0.0,0.0,1.0,2.0,4.0,65.0,53.0,0.375,0.375,,,,,0.0,0.5,0.5555555555555556,0.5555555555555556,0.1111111111111111,0.2222222222222222,0.3333333333333333,0.0,0.8888888888888888,0.3333333333333333,0.4444444444444444,0.0,0.0,0.0,0.0,0.0,1.1111111111111112,0.4444444444444444,0.2222222222222222,0.0,0.0,0.0,0.0,0.0,0.1111111111111111,0.2222222222222222,0.4444444444444444,7.222222222222222,5.888888888888889,0.4444444444444444
2023,002022,Zach Geddes,Zach,Geddes,SSDM,Defensive Midfield,10,CHA,Chaos,2023-06-04,2023-08-27,6.0,3.0,3.0,0.0,3.0,3.0,9.0,6,3.0,0.0,0.0,0.0,0.0,0.0,19.0,3.0,4.0,0,0,0,0.0,0.0,3.0,1.5,10.0,75.0,63.0,0.3333333333333333,0.6666666666666666,,,,,0.3,0.0,0.6,0.3,0.3,0.0,0.3,0.3,0.9,0.6,0.3,0.0,0.0,0.0,0.0,0.0,1.9,0.3,0.4,0.0,0.0,0.0,0.0,0.0,0.3,0.15,1.0,7.5,6.3,1.0
2023,002023,Brendan Nichtern,Brendan,Nichtern,A,Attack,2,OUT,Outlaws,2023-07-08,2023-07-15,2.0,1.0,1.0,0.0,1.0,1.0,7.0,4,0.0,0.0,0.0,0.0,0.0,0.0,1.0,11.0,1.0,0,0,0,0.0,0.0,2.0,1.0,6.0,72.0,54.0,0.14285714285714285,0.5714285714285714,,,,,0.16666666666666666,,1.0,0.5,0.5,0.0,0.5,0.5,3.5,2.0,0.0,0.0,0.0,0.0,0.0,0.0,0.5,5.5,0.5,0.0,0.0,0.0,0.0,0.0,1.0,0.5,3.0,36.0,27.0,3.0
2023,002024,Asher Nolting,Asher,Nolting,A,Attack,10,CAN,Cannons,2023-06-03,2023-08-26,41.0,21.0,21.0,0.0,21.0,20.0,59.0,45,0.0,0.0,0.0,0.0,0.0,0.0,16.0,16.0,1.0,0,0,0,0.0,0.0,5.0,2.5,72.0,341.0,266.0,0.3559322033898305,0.7627118644067796,,,,,0.2777777777777778,,4.1,2.1,2.1,0.0,2.1,2.0,5.9,4.5,0.0,0.0,0.0,0.0,0.0,0.0,1.6,1.6,0.1,0.0,0.0,0.0,0.0,0.0,0.5,0.25,7.2,34.1,26.6,7.2
2023,002025,Bubba Fairman,Bubba,Fairman,SSDM,Defensive Midfield,10,CAN,Cannons,2023-06-03,2023-08-26,5.0,0.0,0.0,0.0,0.0,5.0,4.0,3,0.0,0.0,0.0,0.0,0.0,0.0,9.0,1.0,15.0,0,1,1,0.0,0.0,2.0,1.0,7.0,78.0,73.0,0.0,0.75,0.0,,,,0.7142857142857143,,0.5,0.0,0.0,0.0,0.0,0.5,0.4,0.3,0.0,0.0,0.0,0.0,0.0,0.0,0.9,0.1,1.5,0.0,0.1,0.1,0.0,0.0,0.2,0.1,0.7,7.8,7.3,0.7
2023,002026,Brett Dobson,Brett,Dobson,G,Goalie,10,ARC,Archers,2023-06-03,2023-08-26,0.0,0.0,0.0,0.0,0.0,0.0,0.0,0,0.0,123.0,37.0,86.0,96.0,103.45222074715004,19.0,1.0,3.0,0,0,0,89.0,7.0,1.0,1.0,2.0,128.0,127.0,,,,0.5801886792452831,30.081300813008134,0.17452830188679244,0.0,,0.0,0.0,0.0,0.0,0.0,0.0,0.0,0.0,0.0,12.3,3.7,8.6,9.6,10.345222074715004,1.9,0.1,0.3,0.0,0.0,0.0,8.9,0.7,0.1,0.1,0.2,12.8,12.7,0.2
2023,002027,Brendan Curry,Brendan,Curry,M,Midfield,8,ATL,Atlas,2023-06-03,2023-08-19,9.0,5.0,5.0,0.0,5.0,4.0,16.0,9,0.0,0.0,0.0,0.0,0.0,0.0,5.0,4.0,0.0,0,0,0,0.0,0.0,0.0,0.0,13.0,85.0,65.0,0.3125,0.5625,,,,,0.3076923076923077,,1.125,0.625,0.625,0.0,0.625,0.5,2.0,1.125,0.0,0.0,0.0,0.0,0.0,0.0,0.625,0.5,0.0,0.0,0.0,0.0,0.0,0.0,0.0,0.0,1.625,10.625,8.125,1.625
2023,002028,Jack Hannah,Jack,Hannah,M,Midfield,7,WAT,Waterdogs,2023-06-04,2023-08-26,19.0,15.0,9.0,3.0,12.0,4.0,43.0,28,5.0,0.0,0.0,0.0,0.0,0.0,8.0,8.0,1.0,0,0,0,0.0,0.0,1.0,1.0,17.0,135.0,84.0,0.27906976744186046,0.6511627906976745,,,,,0.23529411764705882,0.6,2.7142857142857144,2.142857142857143,1.2857142857142858,0.42857142857142855,1.7142857142857142,0.5714285714285714,6.142857142857143,4.0,0.7142857142857143,0.0,0.0,0.0,0.0,0.0,1.1428571428571428,1.1428571428571428,0.14285714285714285,0.0,0.0,0.0,0.0,0.0,0.14285714285714285,0.14285714285714285,2.4285714285714284,19.285714285714285,12.0,2.4285714285714284
2023,002030,Jonathan Donville,Jonathan,Donville,M,Midfield,10,CAN,Cannons,2023-06-03,2023-08-26,23.0,12.0,12.0,0.0,12.0,11.0,36.0,29,0.0,0.0,0.0,0.0,0.0,0.0,10.0,6.0,1.0,0,0,0,0.0,0.0,1.0,1.0,31.0,203.0,161.0,0.3333333333333333,0.8055555555555556,,,,,0.3548387096774194,,2.3,1.2,1.2,0.0,1.2,1.1,3.6,2.9,0.0,0.0,0.0,0.0,0.0,0.0,1.0,0.6,0.1,0.0,0.0,0.0,0.0,0.0,0.1,0.1,3.1,20.3,16.1,3.1
2023,002033,Nakeie Montgomery,Nakeie,Montgomery,M,Midfield,10,RED,Redwoods,2023-06-03,2023-08-26,9.0,4.0,2.0,1.0,3.0,5.0,31.0,19,6.0,0.0,0.0,0.0,0.0,0.0,17.0,9.0,1.0,0,0,0,0.0,0.0,0.0,0.0,14.0,132.0,92.0,0.0967741935483871,0.6129032258064516,,,,,0.35714285714285715,0.16666666666666666,0.9,0.4,0.2,0.1,0.3,0.5,3.1,1.9,0.6,0.0,0.0,0.0,0.0,0.0,1.7,0.9,0.1,0.0,0.0,0.0,0.0,0.0,0.0,0.0,1.4,13.2,9.2,1.4
2023,002034,Keegan Khan,Keegan,Khan,M,Midfield,8,WHP,Whipsnakes,2023-06-04,2023-08-19,7.0,5.0,5.0,0.0,5.0,2.0,14.0,10,0.0,0.0,0.0,0.0,0.0,0.0,4.0,2.0,0.0,0,0,0,0.0,0.0,0.0,0.0,13.0,87.0,71.0,0.35714285714285715,0.7142857142857143,,,,,0.15384615384615385,,0.875,0.625,0.625,0.0,0.625,0.25,1.75,1.25,0.0,0.0,0.0,0.0,0.0,0.0,0.5,0.25,0.0,0.0,0.0,0.0,0.0,0.0,0.0,0.0,1.625,10.875,8.875,1.625
2023,002035,Max Wayne,Max,Wayne,D,Defense,7,CAN,Cannons,2023-06-17,2023-08-26,0.0,0.0,0.0,0.0,0.0,0.0,0.0,0,0.0,0.0,0.0,0.0,0.0,0.0,22.0,3.0,7.0,0,0,0,0.0,0.0,4.0,3.5,0.0,44.0,41.0,,,,,,,,,0.0,0.0,0.0,0.0,0.0,0.0,0.0,0.0,0.0,0.0,0.0,0.0,0.0,0.0,3.142857142857143,0.42857142857142855,1.0,0.0,0.0,0.0,0.0,0.0,0.5714285714285714,0.5,0.0,6.285714285714286,5.857142857142857,0.0
2023,002036,Jake Higgins,Jake,Higgins,SSDM,Defensive Midfield,8,WAT,Waterdogs,2023-06-04,2023-08-26,3.0,2.0,2.0,0.0,2.0,1.0,4.0,3,1.0,0.0,0.0,0.0,0.0,0.0,9.0,6.0,5.0,0,0,0,0.0,0.0,1.0,1.0,2.0,47.0,37.0,0.5,0.75,,,,,0.5,0.0,0.375,0.25,0.25,0.0,0.25,0.125,0.5,0.375,0.125,0.0,0.0,0.0,0.0,0.0,1.125,0.75,0.625,0.0,0.0,0.0,0.0,0.0,0.125,0.125,0.25,5.875,4.625,0.25
2023,002038,Colin Kirst,Colin,Kirst,G,Goalie,9,CAN,Cannons,2023-06-03,2023-08-26,1.0,0.0,0.0,0.0,0.0,1.0,0.0,0,0.0,113.0,32.0,81.0,92.0,100.86969539087337,20.0,7.0,1.0,0,0,0,87.0,5.0,0.0,0.0,3.0,161.0,154.0,,,,0.565,28.31858407079646,0.16,0.3333333333333333,,0.1111111111111111,0.0,0.0,0.0,0.0,0.1111111111111111,0.0,0.0,0.0,12.555555555555555,3.5555555555555554,9.0,10.222222222222221,11.207743932319264,2.2222222222222223,0.7777777777777778,0.1111111111111111,0.0,0.0,0.0,9.666666666666666,0.5555555555555556,0.0,0.0,0.3333333333333333,17.88888888888889,17.11111111111111,0.3333333333333333
2023,002039,Owen McElroy,Owen,McElroy,G,Goalie,4,OUT,Outlaws,2023-06-17,2023-08-27,0.0,0.0,0.0,0.0,0.0,0.0,0.0,0,0.0,13.0,4.0,9.0,13.0,12.999999999999998,6.0,1.0,0.0,0,0,0,13.0,0.0,0.0,0.0,1.0,22.0,21.0,,,,0.5,30.76923076923077,0.15384615384615385,0.0,,0.0,0.0,0.0,0.0,0.0,0.0,0.0,0.0,0.0,3.25,1.0,2.25,3.25,3.2499999999999996,1.5,0.25,0.0,0.0,0.0,0.0,3.25,0.0,0.0,0.0,0.25,5.5,5.25,0.25
2023,002040,Jackson Reid,Jackson,Reid,M,Midfield,2,WHP,Whipsnakes,2023-06-04,2023-06-17,0.0,0.0,0.0,0.0,0.0,0.0,4.0,4,0.0,0.0,0.0,0.0,0.0,0.0,0.0,2.0,0.0,0,0,0,0.0,0.0,0.0,0.0,3.0,16.0,10.0,0.0,1.0,,,,,0.0,,0.0,0.0,0.0,0.0,0.0,0.0,2.0,2.0,0.0,0.0,0.0,0.0,0.0,0.0,0.0,1.0,0.0,0.0,0.0,0.0,0.0,0.0,0.0,0.0,1.5,8.0,5.0,1.5
2023,002042,Jon Robbins,Jon,Robbins,LSM,Long Stick Midfield,6,ARC,Archers,2023-06-03,2023-07-30,1.0,1.0,1.0,0.0,1.0,0.0,3.0,2,0.0,0.0,0.0,0.0,0.0,0.0,7.0,1.0,5.0,0,0,0,0.0,0.0,0.0,0.0,1.0,27.0,23.0,0.3333333333333333,0.6666666666666666,,,,,0.0,,0.16666666666666666,0.16666666666666666,0.16666666666666666,0.0,0.16666666666666666,0.0,0.5,0.3333333333333333,0.0,0.0,0.0,0.0,0.0,0.0,1.1666666666666667,0.16666666666666666,0.8333333333333334,0.0,0.0,0.0,0.0,0.0,0.0,0.0,0.16666666666666666,4.5,3.8333333333333335,0.16666666666666666
2023,002043,Ryan Aughavin,Ryan,Aughavin,M,Midfield,4,ARC,Archers,2023-06-09,2023-08-26,4.0,4.0,2.0,1.0,3.0,0.0,15.0,8,3.0,0.0,0.0,0.0,0.0,0.0,3.0,0.0,0.0,0,0,0,0.0,0.0,0.0,0.0,2.0,45.0,30.0,0.2,0.5333333333333333,,,,,0.0,0.3333333333333333,1.0,1.0,0.5,0.25,0.75,0.0,3.75,2.0,0.75,0.0,0.0,0.0,0.0,0.0,0.75,0.0,0.0,0.0,0.0,0.0,0.0,0.0,0.0,0.0,0.5,11.25,7.5,0.5
2023,002046,Kevin Lindley,Kevin,Lindley,A,Attack,2,CHA,Chaos,2023-06-17,2023-08-20,1.0,1.0,1.0,0.0,1.0,0.0,4.0,2,0.0,0.0,0.0,0.0,0.0,0.0,2.0,1.0,0.0,0,0,0,0.0,0.0,0.0,0.0,4.0,22.0,17.0,0.25,0.5,,,,,0.0,,0.5,0.5,0.5,0.0,0.5,0.0,2.0,1.0,0.0,0.0,0.0,0.0,0.0,0.0,1.0,0.5,0.0,0.0,0.0,0.0,0.0,0.0,0.0,0.0,2.0,11.0,8.5,2.0
2023,002049,Marc O'Rourke,Marc,O'Rourke,M,Midfield,5,ATL,Atlas,2023-06-03,2023-08-12,4.0,2.0,2.0,0.0,2.0,2.0,14.0,8,2.0,0.0,0.0,0.0,0.0,0.0,1.0,4.0,0.0,0,0,0,0.0,0.0,0.0,0.0,4.0,66.0,48.0,0.14285714285714285,0.5714285714285714,,,,,0.5,0.0,0.8,0.4,0.4,0.0,0.4,0.4,2.8,1.6,0.4,0.0,0.0,0.0,0.0,0.0,0.2,0.8,0.0,0.0,0.0,0.0,0.0,0.0,0.0,0.0,0.8,13.2,9.6,0.8
2023,002051,Connor DeSimone,Connor,DeSimone,A,Attack,2,ARC,Archers,2023-06-03,2023-06-09,1.0,1.0,1.0,0.0,1.0,0.0,7.0,5,0.0,0.0,0.0,0.0,0.0,0.0,1.0,1.0,0.0,0,0,0,0.0,0.0,0.0,0.0,2.0,28.0,20.0,0.14285714285714285,0.7142857142857143,,,,,0.0,,0.5,0.5,0.5,0.0,0.5,0.0,3.5,2.5,0.0,0.0,0.0,0.0,0.0,0.0,0.5,0.5,0.0,0.0,0.0,0.0,0.0,0.0,0.0,0.0,1.0,14.0,10.0,1.0
2023,002054,Chris Merle,Chris,Merle,SSDM,Defensive Midfield,6,RED,Redwoods,2023-06-03,2023-08-26,0.0,0.0,0.0,0.0,0.0,0.0,1.0,1,0.0,0.0,0.0,0.0,0.0,0.0,9.0,4.0,1.0,0,0,0,0.0,0.0,1.0,1.0,0.0,40.0,35.0,0.0,1.0,,,,,,,0.0,0.0,0.0,0.0,0.0,0.0,0.16666666666666666,0.16666666666666666,0.0,0.0,0.0,0.0,0.0,0.0,1.5,0.6666666666666666,0.16666666666666666,0.0,0.0,0.0,0.0,0.0,0.16666666666666666,0.16666666666666666,0.0,6.666666666666667,5.833333333333333,0.0
2023,002056,Matt Rahill,Matt,Rahill,D,Defense,1,WHP,Whipsnakes,2023-07-14,2023-07-14,0.0,0.0,0.0,0.0,0.0,0.0,0.0,0,0.0,0.0,0.0,0.0,0.0,0.0,1.0,0.0,0.0,0,0,0,0.0,0.0,0.0,0.0,0.0,2.0,2.0,,,,,,,,,0.0,0.0,0.0,0.0,0.0,0.0,0.0,0.0,0.0,0.0,0.0,0.0,0.0,0.0,1.0,0.0,0.0,0.0,0.0,0.0,0.0,0.0,0.0,0.0,0.0,2.0,2.0,0.0
2023,002059,Brendan Krebs,Brendan,Krebs,G,Goalie,4,WHP,Whipsnakes,2023-07-30,2023-08-19,0.0,0.0,0.0,0.0,0.0,0.0,0.0,0,0.0,54.0,17.0,37.0,47.0,47.0,11.0,2.0,1.0,0,0,0,44.0,3.0,0.0,0.0,1.0,72.0,70.0,,,,0.5510204081632653,31.48148148148148,0.17346938775510204,0.0,,0.0,0.0,0.0,0.0,0.0,0.0,0.0,0.0,0.0,13.5,4.25,9.25,11.75,11.75,2.75,0.5,0.25,0.0,0.0,0.0,11.0,0.75,0.0,0.0,0.25,18.0,17.5,0.25
2023,002063,Ryan Kennedy,Ryan,Kennedy,LSM,Long Stick Midfield,9,RED,Redwoods,2023-06-03,2023-08-26,1.0,1.0,1.0,0.0,1.0,0.0,2.0,2,1.0,0.0,0.0,0.0,0.0,0.0,8.0,3.0,3.0,0,4,4,0.0,0.0,0.0,0.0,1.0,28.0,23.0,0.5,1.0,0.0,,,,0.0,0.0,0.1111111111111111,0.1111111111111111,0.1111111111111111,0.0,0.1111111111111111,0.0,0.2222222222222222,0.2222222222222222,0.1111111111111111,0.0,0.0,0.0,0.0,0.0,0.8888888888888888,0.3333333333333333,0.3333333333333333,0.0,0.4444444444444444,0.4444444444444444,0.0,0.0,0.0,0.0,0.1111111111111111,3.111111111111111,2.5555555555555554,0.1111111111111111
2023,002065,Anthony DeMaio,Anthony,DeMaio,M,Midfield,4,RED,Redwoods,2023-06-03,2023-07-15,1.0,1.0,1.0,0.0,1.0,0.0,13.0,8,1.0,0.0,0.0,0.0,0.0,0.0,1.0,0.0,0.0,0,0,0,0.0,0.0,0.0,0.0,3.0,49.0,36.0,0.07692307692307693,0.6153846153846154,,,,,0.0,0.0,0.25,0.25,0.25,0.0,0.25,0.0,3.25,2.0,0.25,0.0,0.0,0.0,0.0,0.0,0.25,0.0,0.0,0.0,0.0,0.0,0.0,0.0,0.0,0.0,0.75,12.25,9.0,0.75
2023,002067,Zac Tucci,Zac,Tucci,FO,Faceoff,1,WAT,Waterdogs,2023-06-04,2023-06-04,0.0,0.0,0.0,0.0,0.0,0.0,1.0,1,0.0,0.0,0.0,0.0,0.0,0.0,3.0,1.0,1.0,4,10,14,0.0,0.0,0.0,0.0,0.0,3.0,1.0,0.0,1.0,0.2857142857142857,,,,,,0.0,0.0,0.0,0.0,0.0,0.0,1.0,1.0,0.0,0.0,0.0,0.0,0.0,0.0,3.0,1.0,1.0,4.0,10.0,14.0,0.0,0.0,0.0,0.0,0.0,3.0,1.0,0.0
2023,002074,Alexander Smith,Alexander,Smith,SSDM,Defensive Midfield,10,OUT,Outlaws,2023-06-04,2023-08-27,1.0,0.0,0.0,0.0,0.0,1.0,1.0,1,0.0,0.0,0.0,0.0,0.0,0.0,11.0,2.0,2.0,0,0,0,0.0,0.0,3.0,1.5,2.0,58.0,55.0,0.0,1.0,,,,,0.5,,0.1,0.0,0.0,0.0,0.0,0.1,0.1,0.1,0.0,0.0,0.0,0.0,0.0,0.0,1.1,0.2,0.2,0.0,0.0,0.0,0.0,0.0,0.3,0.15,0.2,5.8,5.5,0.2
2023,003003,Sean Lulley,Sean,Lulley,M,Midfield,1,WHP,Whipsnakes,2023-06-04,2023-06-04,0.0,0.0,0.0,0.0,0.0,0.0,5.0,4,0.0,0.0,0.0,0.0,0.0,0.0,2.0,2.0,0.0,0,0,0,0.0,0.0,0.0,0.0,5.0,31.0,24.0,0.0,0.8,,,,,0.0,,0.0,0.0,0.0,0.0,0.0,0.0,5.0,4.0,0.0,0.0,0.0,0.0,0.0,0.0,2.0,2.0,0.0,0.0,0.0,0.0,0.0,0.0,0.0,0.0,5.0,31.0,24.0,5.0
2023,003004,Mike Sisselberger,Mike,Sisselberger,FO,Faceoff,10,ARC,Archers,2023-06-03,2023-08-26,4.0,3.0,3.0,0.0,3.0,1.0,12.0,9,1.0,0.0,0.0,0.0,0.0,0.0,115.0,15.0,1.0,173,78,254,0.0,0.0,0.0,0.0,2.0,104.0,77.0,0.25,0.75,0.6811023622047244,,,,0.5,0.0,0.4,0.3,0.3,0.0,0.3,0.1,1.2,0.9,0.1,0.0,0.0,0.0,0.0,0.0,11.5,1.5,0.1,17.3,7.8,25.4,0.0,0.0,0.0,0.0,0.2,10.4,7.7,0.2
2023,003005,Connor Maher,Connor,Maher,SSDM,Defensive Midfield,10,ARC,Archers,2023-06-03,2023-08-26,6.0,5.0,5.0,0.0,5.0,1.0,9.0,8,0.0,0.0,0.0,0.0,0.0,0.0,16.0,4.0,4.0,0,0,0,0.0,0.0,1.0,0.5,5.0,62.0,49.0,0.5555555555555556,0.8888888888888888,,,,,0.2,,0.6,0.5,0.5,0.0,0.5,0.1,0.9,0.8,0.0,0.0,0.0,0.0,0.0,0.0,1.6,0.4,0.4,0.0,0.0,0.0,0.0,0.0,0.1,0.05,0.5,6.2,4.9,0.5
2023,003006,Piper Bond,Piper,Bond,SSDM,Defensive Midfield,10,ARC,Archers,2023-06-03,2023-08-26,3.0,0.0,0.0,0.0,0.0,3.0,9.0,4,2.0,0.0,0.0,0.0,0.0,0.0,15.0,7.0,5.0,0,0,0,0.0,0.0,2.0,1.0,7.0,101.0,85.0,0.0,0.4444444444444444,,,,,0.42857142857142855,0.0,0.3,0.0,0.0,0.0,0.0,0.3,0.9,0.4,0.2,0.0,0.0,0.0,0.0,0.0,1.5,0.7,0.5,0.0,0.0,0.0,0.0,0.0,0.2,0.1,0.7,10.1,8.5,0.7
2023,003007,Cam Wyers,Cam,Wyers,LSM,Long Stick Midfield,5,ARC,Archers,2023-07-30,2023-08-26,1.0,1.0,1.0,0.0,1.0,0.0,3.0,2,0.0,0.0,0.0,0.0,0.0,0.0,5.0,1.0,4.0,0,0,0,0.0,0.0,0.0,0.0,0.0,12.0,8.0,0.3333333333333333,0.6666666666666666,,,,,,,0.2,0.2,0.2,0.0,0.2,0.0,0.6,0.4,0.0,0.0,0.0,0.0,0.0,0.0,1.0,0.2,0.8,0.0,0.0,0.0,0.0,0.0,0.0,0.0,0.0,2.4,1.6,0.0
2023,003008,Gavin Adler,Gavin,Adler,D,Defense,7,ATL,Atlas,2023-06-03,2023-08-05,1.0,1.0,1.0,0.0,1.0,0.0,1.0,1,0.0,0.0,0.0,0.0,0.0,0.0,10.0,1.0,11.0,0,0,0,0.0,0.0,0.0,0.0,0.0,51.0,49.0,1.0,1.0,,,,,,,0.14285714285714285,0.14285714285714285,0.14285714285714285,0.0,0.14285714285714285,0.0,0.14285714285714285,0.14285714285714285,0.0,0.0,0.0,0.0,0.0,0.0,1.4285714285714286,0.14285714285714285,1.5714285714285714,0.0,0.0,0.0,0.0,0.0,0.0,0.0,0.0,7.285714285714286,7.0,0.0
2023,003009,Brett Makar,Brett,Makar,LSM,Long Stick Midfield,10,ATL,Atlas,2023-06-03,2023-08-26,0.0,0.0,0.0,0.0,0.0,0.0,2.0,1,2.0,0.0,0.0,0.0,0.0,0.0,43.0,4.0,6.0,0,0,0,0.0,0.0,3.0,2.5,4.0,85.0,79.0,0.0,0.5,,,,,0.0,0.0,0.0,0.0,0.0,0.0,0.0,0.0,0.2,0.1,0.2,0.0,0.0,0.0,0.0,0.0,4.3,0.4,0.6,0.0,0.0,0.0,0.0,0.0,0.3,0.25,0.4,8.5,7.9,0.4
2023,003010,Xander Dickson,Xander,Dickson,M,Midfield,10,ATL,Atlas,2023-06-03,2023-08-26,20.0,14.0,14.0,0.0,14.0,6.0,38.0,25,0.0,0.0,0.0,0.0,0.0,0.0,11.0,16.0,3.0,0,0,0,0.0,0.0,1.0,1.0,28.0,192.0,138.0,0.3684210526315789,0.6578947368421053,,,,,0.21428571428571427,,2.0,1.4,1.4,0.0,1.4,0.6,3.8,2.5,0.0,0.0,0.0,0.0,0.0,0.0,1.1,1.6,0.3,0.0,0.0,0.0,0.0,0.0,0.1,0.1,2.8,19.2,13.8,2.8
2023,003013,Matt Campbell,Matt,Campbell,M,Midfield,10,CAN,Cannons,2023-06-03,2023-08-26,17.0,13.0,11.0,1.0,12.0,4.0,45.0,28,5.0,0.0,0.0,0.0,0.0,0.0,10.0,14.0,0.0,0,0,0,0.0,0.0,1.0,0.5,26.0,234.0,175.0,0.26666666666666666,0.6222222222222222,,,,,0.15384615384615385,0.2,1.7,1.3,1.1,0.1,1.2,0.4,4.5,2.8,0.5,0.0,0.0,0.0,0.0,0.0,1.0,1.4,0.0,0.0,0.0,0.0,0.0,0.0,0.1,0.05,2.6,23.4,17.5,2.6
2023,003015,Will Bowen,Will,Bowen,D,Defense,10,CHA,Chaos,2023-06-04,2023-08-27,3.0,1.0,1.0,0.0,1.0,2.0,2.0,1,0.0,0.0,0.0,0.0,0.0,0.0,27.0,3.0,15.0,0,0,0,0.0,0.0,0.0,0.0,2.0,92.0,87.0,0.5,0.5,,,,,1.0,,0.3,0.1,0.1,0.0,0.1,0.2,0.2,0.1,0.0,0.0,0.0,0.0,0.0,0.0,2.7,0.3,1.5,0.0,0.0,0.0,0.0,0.0,0.0,0.0,0.2,9.2,8.7,0.2
2023,003016,Brian Minicus,Brian,Minicus,A,Attack,10,CHA,Chaos,2023-06-04,2023-08-27,24.0,15.0,15.0,0.0,15.0,9.0,59.0,38,0.0,0.0,0.0,0.0,0.0,0.0,21.0,24.0,2.0,0,0,0,0.0,0.0,0.0,0.0,58.0,367.0,284.0,0.2542372881355932,0.6440677966101694,,,,,0.15517241379310345,,2.4,1.5,1.5,0.0,1.5,0.9,5.9,3.8,0.0,0.0,0.0,0.0,0.0,0.0,2.1,2.4,0.2,0.0,0.0,0.0,0.0,0.0,0.0,0.0,5.8,36.7,28.4,5.8
2023,003017,Tye Kurtz,Tye,Kurtz,A,Attack,6,CHA,Chaos,2023-07-09,2023-08-20,13.0,11.0,11.0,0.0,11.0,2.0,32.0,23,0.0,0.0,0.0,0.0,0.0,0.0,11.0,8.0,2.0,0,0,0,0.0,0.0,0.0,0.0,11.0,129.0,89.0,0.34375,0.71875,,,,,0.18181818181818182,,2.1666666666666665,1.8333333333333333,1.8333333333333333,0.0,1.8333333333333333,0.3333333333333333,5.333333333333333,3.8333333333333335,0.0,0.0,0.0,0.0,0.0,0.0,1.8333333333333333,1.3333333333333333,0.3333333333333333,0.0,0.0,0.0,0.0,0.0,0.0,0.0,1.8333333333333333,21.5,14.833333333333334,1.8333333333333333
2023,003018,Nick Rowlett,Nick,Rowlett,FO,Faceoff,9,CHA,Chaos,2023-06-04,2023-08-27,3.0,2.0,2.0,0.0,2.0,1.0,6.0,5,0.0,0.0,0.0,0.0,0.0,0.0,81.0,9.0,2.0,117,106,225,0.0,0.0,1.0,0.5,5.0,81.0,66.0,0.3333333333333333,0.8333333333333334,0.52,,,,0.2,,0.3333333333333333,0.2222222222222222,0.2222222222222222,0.0,0.2222222222222222,0.1111111111111111,0.6666666666666666,0.5555555555555556,0.0,0.0,0.0,0.0,0.0,0.0,9.0,1.0,0.2222222222222222,13.0,11.777777777777779,25.0,0.0,0.0,0.1111111111111111,0.05555555555555555,0.5555555555555556,9.0,7.333333333333333,0.5555555555555556
2023,003019,Sam Handley,Sam,Handley,M,Midfield,9,OUT,Outlaws,2023-06-04,2023-08-27,14.0,11.0,9.0,1.0,10.0,3.0,46.0,26,12.0,0.0,0.0,0.0,0.0,0.0,7.0,15.0,1.0,0,0,0,0.0,0.0,1.0,0.5,16.0,178.0,117.0,0.21739130434782608,0.5652173913043478,,,,,0.1875,0.08333333333333333,1.5555555555555556,1.2222222222222223,1.0,0.1111111111111111,1.1111111111111112,0.3333333333333333,5.111111111111111,2.888888888888889,1.3333333333333333,0.0,0.0,0.0,0.0,0.0,0.7777777777777778,1.6666666666666667,0.1111111111111111,0.0,0.0,0.0,0.0,0.0,0.1111111111111111,0.05555555555555555,1.7777777777777777,19.77777777777778,13.0,1.7777777777777777
2023,003020,Troy Hettinger,Troy,Hettinger,LSM,Long Stick Midfield,5,OUT,Outlaws,2023-06-17,2023-08-27,0.0,0.0,0.0,0.0,0.0,0.0,1.0,0,0.0,0.0,0.0,0.0,0.0,0.0,9.0,0.0,1.0,1,17,18,0.0,0.0,0.0,0.0,1.0,14.0,13.0,0.0,0.0,0.05555555555555555,,,,0.0,,0.0,0.0,0.0,0.0,0.0,0.0,0.2,0.0,0.0,0.0,0.0,0.0,0.0,0.0,1.8,0.0,0.2,0.2,3.4,3.6,0.0,0.0,0.0,0.0,0.2,2.8,2.6,0.2
2023,003021,Jack Myers,Jack,Myers,M,Midfield,2,WHP,Whipsnakes,2023-07-09,2023-07-14,2.0,1.0,1.0,0.0,1.0,1.0,3.0,3,0.0,0.0,0.0,0.0,0.0,0.0,0.0,2.0,0.0,0,0,0,0.0,0.0,0.0,0.0,6.0,30.0,25.0,0.3333333333333333,1.0,,,,,0.16666666666666666,,1.0,0.5,0.5,0.0,0.5,0.5,1.5,1.5,0.0,0.0,0.0,0.0,0.0,0.0,0.0,1.0,0.0,0.0,0.0,0.0,0.0,0.0,0.0,0.0,3.0,15.0,12.5,3.0
2023,003022,Cross Ferrara,Cross,Ferrara,A,Attack,8,OUT,Outlaws,2023-06-04,2023-08-27,14.0,12.0,12.0,0.0,12.0,2.0,54.0,35,3.0,0.0,0.0,0.0,0.0,0.0,8.0,11.0,1.0,0,0,0,0.0,0.0,0.0,0.0,27.0,281.0,216.0,0.2222222222222222,0.6481481481481481,,,,,0.07407407407407407,0.0,1.75,1.5,1.5,0.0,1.5,0.25,6.75,4.375,0.375,0.0,0.0,0.0,0.0,0.0,1.0,1.375,0.125,0.0,0.0,0.0,0.0,0.0,0.0,0.0,3.375,35.125,27.0,3.375
2023,003023,Owen Grant,Owen,Grant,LSM,Long Stick Midfield,3,RED,Redwoods,2023-06-17,2023-08-26,2.0,2.0,0.0,1.0,1.0,0.0,6.0,3,5.0,0.0,0.0,0.0,0.0,0.0,2.0,1.0,3.0,0,3,3,0.0,0.0,2.0,1.5,0.0,16.0,9.0,0.16666666666666666,0.5,0.0,,,,,0.2,0.6666666666666666,0.6666666666666666,0.0,0.3333333333333333,0.3333333333333333,0.0,2.0,1.0,1.6666666666666667,0.0,0.0,0.0,0.0,0.0,0.6666666666666666,0.3333333333333333,1.0,0.0,1.0,1.0,0.0,0.0,0.6666666666666666,0.5,0.0,5.333333333333333,3.0,0.0
2023,003024,Brian Tevlin,Brian,Tevlin,SSDM,Defensive Midfield,8,RED,Redwoods,2023-06-17,2023-08-26,2.0,2.0,2.0,0.0,2.0,0.0,11.0,3,0.0,0.0,0.0,0.0,0.0,0.0,11.0,4.0,7.0,0,0,0,0.0,0.0,1.0,0.5,6.0,74.0,59.0,0.18181818181818182,0.2727272727272727,,,,,0.0,,0.25,0.25,0.25,0.0,0.25,0.0,1.375,0.375,0.0,0.0,0.0,0.0,0.0,0.0,1.375,0.5,0.875,0.0,0.0,0.0,0.0,0.0,0.125,0.0625,0.75,9.25,7.375,0.75
2023,003025,Cole Kirst,Cole,Kirst,M,Midfield,7,RED,Redwoods,2023-06-10,2023-08-26,18.0,13.0,13.0,0.0,13.0,5.0,35.0,26,2.0,0.0,0.0,0.0,0.0,0.0,10.0,2.0,0.0,0,0,0,0.0,0.0,0.0,0.0,17.0,150.0,113.0,0.37142857142857144,0.7428571428571429,,,,,0.29411764705882354,0.0,2.5714285714285716,1.8571428571428572,1.8571428571428572,0.0,1.8571428571428572,0.7142857142857143,5.0,3.7142857142857144,0.2857142857142857,0.0,0.0,0.0,0.0,0.0,1.4285714285714286,0.2857142857142857,0.0,0.0,0.0,0.0,0.0,0.0,0.0,0.0,2.4285714285714284,21.428571428571427,16.142857142857142,2.4285714285714284
2023,003027,Thomas McConvey,Thomas,McConvey,M,Midfield,4,WAT,Waterdogs,2023-07-08,2023-08-06,6.0,4.0,4.0,0.0,4.0,2.0,8.0,5,0.0,0.0,0.0,0.0,0.0,0.0,1.0,3.0,0.0,0,0,0,0.0,0.0,0.0,0.0,6.0,47.0,36.0,0.5,0.625,,,,,0.3333333333333333,,1.5,1.0,1.0,0.0,1.0,0.5,2.0,1.25,0.0,0.0,0.0,0.0,0.0,0.0,0.25,0.75,0.0,0.0,0.0,0.0,0.0,0.0,0.0,0.0,1.5,11.75,9.0,1.5
2023,003028,Alex Mazzone,Alex,Mazzone,LSM,Long Stick Midfield,6,WAT,Waterdogs,2023-06-04,2023-08-06,0.0,0.0,0.0,0.0,0.0,0.0,2.0,0,1.0,0.0,0.0,0.0,0.0,0.0,14.0,2.0,2.0,0,0,0,0.0,0.0,0.0,0.0,4.0,38.0,34.0,0.0,0.0,,,,,0.0,0.0,0.0,0.0,0.0,0.0,0.0,0.0,0.3333333333333333,0.0,0.16666666666666666,0.0,0.0,0.0,0.0,0.0,2.3333333333333335,0.3333333333333333,0.3333333333333333,0.0,0.0,0.0,0.0,0.0,0.0,0.0,0.6666666666666666,6.333333333333333,5.666666666666667,0.6666666666666666
2023,003029,Chris Fake,Chris,Fake,D,Defense,1,WAT,Waterdogs,2023-06-16,2023-06-16,0.0,0.0,0.0,0.0,0.0,0.0,0.0,0,0.0,0.0,0.0,0.0,0.0,0.0,1.0,0.0,1.0,0,0,0,0.0,0.0,0.0,0.0,0.0,1.0,1.0,,,,,,,,,0.0,0.0,0.0,0.0,0.0,0.0,0.0,0.0,0.0,0.0,0.0,0.0,0.0,0.0,1.0,0.0,1.0,0.0,0.0,0.0,0.0,0.0,0.0,0.0,0.0,1.0,1.0,0.0
2023,003030,James Reilly,James,Reilly,FO,Faceoff,2,WAT,Waterdogs,2023-06-10,2023-06-16,0.0,0.0,0.0,0.0,0.0,0.0,0.0,0,0.0,0.0,0.0,0.0,0.0,0.0,4.0,0.0,0.0,14,23,37,0.0,0.0,0.0,0.0,0.0,5.0,5.0,,,0.3783783783783784,,,,,,0.0,0.0,0.0,0.0,0.0,0.0,0.0,0.0,0.0,0.0,0.0,0.0,0.0,0.0,2.0,0.0,0.0,7.0,11.5,18.5,0.0,0.0,0.0,0.0,0.0,2.5,2.5,0.0
2023,003031,Tucker Dordevic,Tucker,Dordevic,M,Midfield,10,WHP,Whipsnakes,2023-06-04,2023-08-26,26.0,24.0,14.0,5.0,19.0,2.0,62.0,40,12.0,0.0,0.0,0.0,0.0,0.0,11.0,7.0,0.0,0,0,0,0.0,0.0,0.0,0.0,12.0,234.0,165.0,0.3064516129032258,0.6451612903225806,,,,,0.16666666666666666,0.4166666666666667,2.6,2.4,1.4,0.5,1.9,0.2,6.2,4.0,1.2,0.0,0.0,0.0,0.0,0.0,1.1,0.7,0.0,0.0,0.0,0.0,0.0,0.0,0.0,0.0,1.2,23.4,16.5,1.2
2023,003032,Petey LaSalla,Petey,LaSalla,FO,Faceoff,10,WHP,Whipsnakes,2023-06-04,2023-08-26,2.0,2.0,2.0,0.0,2.0,0.0,8.0,5,1.0,0.0,0.0,0.0,0.0,0.0,108.0,11.0,0.0,145,101,249,0.0,0.0,0.0,0.0,13.0,111.0,92.0,0.25,0.625,0.5823293172690763,,,,0.0,0.0,0.2,0.2,0.2,0.0,0.2,0.0,0.8,0.5,0.1,0.0,0.0,0.0,0.0,0.0,10.8,1.1,0.0,14.5,10.1,24.9,0.0,0.0,0.0,0.0,1.3,11.1,9.2,1.3
2023,003033,Garrett Leadmon,Garrett,Leadmon,M,Midfield,5,WHP,Whipsnakes,2023-06-04,2023-07-14,3.0,2.0,2.0,0.0,2.0,1.0,12.0,7,1.0,0.0,0.0,0.0,0.0,0.0,3.0,4.0,0.0,0,0,0,0.0,0.0,0.0,0.0,11.0,54.0,38.0,0.16666666666666666,0.5833333333333334,,,,,0.09090909090909091,0.0,0.6,0.4,0.4,0.0,0.4,0.2,2.4,1.4,0.2,0.0,0.0,0.0,0.0,0.0,0.6,0.8,0.0,0.0,0.0,0.0,0.0,0.0,0.0,0.0,2.2,10.8,7.6,2.2
2023,003039,Chet Comizio,Chet,Comizio,SSDM,Defensive Midfield,7,ATL,Atlas,2023-06-10,2023-08-26,3.0,1.0,1.0,0.0,1.0,2.0,3.0,2,0.0,0.0,0.0,0.0,0.0,0.0,15.0,2.0,0.0,0,0,0,0.0,0.0,1.0,0.5,3.0,52.0,47.0,0.3333333333333333,0.6666666666666666,,,,,0.6666666666666666,,0.42857142857142855,0.14285714285714285,0.14285714285714285,0.0,0.14285714285714285,0.2857142857142857,0.42857142857142855,0.2857142857142857,0.0,0.0,0.0,0.0,0.0,0.0,2.142857142857143,0.2857142857142857,0.0,0.0,0.0,0.0,0.0,0.0,0.14285714285714285,0.07142857142857142,0.42857142857142855,7.428571428571429,6.714285714285714,0.42857142857142855
2023,003041,Ethan Rall,Ethan,Rall,LSM,Long Stick Midfield,9,CAN,Cannons,2023-06-10,2023-08-26,1.0,1.0,1.0,0.0,1.0,0.0,2.0,1,1.0,0.0,0.0,0.0,0.0,0.0,30.0,3.0,20.0,6,101,107,0.0,0.0,0.0,0.0,3.0,40.0,35.0,0.5,0.5,0.056074766355140186,,,,0.0,0.0,0.1111111111111111,0.1111111111111111,0.1111111111111111,0.0,0.1111111111111111,0.0,0.2222222222222222,0.1111111111111111,0.1111111111111111,0.0,0.0,0.0,0.0,0.0,3.3333333333333335,0.3333333333333333,2.2222222222222223,0.6666666666666666,11.222222222222221,11.88888888888889,0.0,0.0,0.0,0.0,0.3333333333333333,4.444444444444445,3.888888888888889,0.3333333333333333
2023,003049,John Geppert,John,Geppert,LSM,Long Stick Midfield,3,ATL,Atlas,2023-08-12,2023-08-26,0.0,0.0,0.0,0.0,0.0,0.0,1.0,1,1.0,0.0,0.0,0.0,0.0,0.0,7.0,2.0,4.0,0,1,1,0.0,0.0,0.0,0.0,0.0,13.0,10.0,0.0,1.0,0.0,,,,,0.0,0.0,0.0,0.0,0.0,0.0,0.0,0.3333333333333333,0.3333333333333333,0.3333333333333333,0.0,0.0,0.0,0.0,0.0,2.3333333333333335,0.6666666666666666,1.3333333333333333,0.0,0.3333333333333333,0.3333333333333333,0.0,0.0,0.0,0.0,0.0,4.333333333333333,3.3333333333333335,0.0
2023,003052,Kyle Borda,Kyle,Borda,M,Midfield,2,WAT,Waterdogs,2023-06-10,2023-06-16,0.0,0.0,0.0,0.0,0.0,0.0,3.0,3,0.0,0.0,0.0,0.0,0.0,0.0,0.0,0.0,0.0,0,0,0,0.0,0.0,0.0,0.0,1.0,13.0,10.0,0.0,1.0,,,,,0.0,,0.0,0.0,0.0,0.0,0.0,0.0,1.5,1.5,0.0,0.0,0.0,0.0,0.0,0.0,0.0,0.0,0.0,0.0,0.0,0.0,0.0,0.0,0.0,0.0,0.5,6.5,5.0,0.5
2023,003054,Jeff Conner,Jeff,Conner,M,Midfield,5,WAT,Waterdogs,2023-06-16,2023-08-26,4.0,2.0,2.0,0.0,2.0,2.0,4.0,3,0.0,0.0,0.0,0.0,0.0,0.0,1.0,0.0,0.0,0,0,0,0.0,0.0,0.0,0.0,7.0,34.0,30.0,0.5,0.75,,,,,0.2857142857142857,,0.8,0.4,0.4,0.0,0.4,0.4,0.8,0.6,0.0,0.0,0.0,0.0,0.0,0.0,0.2,0.0,0.0,0.0,0.0,0.0,0.0,0.0,0.0,0.0,1.4,6.8,6.0,1.4
2023,003056,Grayson Sallade,Grayson,Sallade,SSDM,Defensive Midfield,1,WHP,Whipsnakes,2023-06-10,2023-06-10,0.0,0.0,0.0,0.0,0.0,0.0,0.0,0,0.0,0.0,0.0,0.0,0.0,0.0,2.0,0.0,0.0,0,0,0,0.0,0.0,0.0,0.0,1.0,5.0,5.0,,,,,,,0.0,,0.0,0.0,0.0,0.0,0.0,0.0,0.0,0.0,0.0,0.0,0.0,0.0,0.0,0.0,2.0,0.0,0.0,0.0,0.0,0.0,0.0,0.0,0.0,0.0,1.0,5.0,5.0,1.0
2024,000211,Ian MacKay,Ian,MacKay,SSDM,Defensive Midfield,9,CHA,Chaos,2024-06-02,2024-08-17,7.0,6.0,6.0,0.0,6.0,1.0,19.0,12,3.0,0.0,0.0,0.0,0.0,0.0,9.0,4.0,0.0,0,6,6,0.0,0.0,5.0,5.0,7.0,85.0,62.0,0.3157894736842105,0.631578947368421,0.0,,,,0.14285714285714285,0.0,0.7777777777777778,0.6666666666666666,0.6666666666666666,0.0,0.6666666666666666,0.1111111111111111,2.111111111111111,1.3333333333333333,0.3333333333333333,0.0,0.0,0.0,0.0,0.0,1.0,0.4444444444444444,0.0,0.0,0.6666666666666666,0.6666666666666666,0.0,0.0,0.5555555555555556,0.5555555555555556,0.7777777777777778,9.444444444444445,6.888888888888889,0.7777777777777778
2024,000216,Marcus Holman,Marcus,Holman,A,Attack,10,CAN,Cannons,2024-06-01,2024-08-17,32.0,28.0,22.0,3.0,25.0,4.0,77.0,53,12.0,0.0,0.0,0.0,0.0,0.0,24.0,17.0,2.0,0,0,0,0.0,0.0,2.0,1.0,23.0,381.0,287.0,0.3246753246753247,0.6883116883116883,,,,,0.17391304347826086,0.25,3.2,2.8,2.2,0.3,2.5,0.4,7.7,5.3,1.2,0.0,0.0,0.0,0.0,0.0,2.4,1.7,0.2,0.0,0.0,0.0,0.0,0.0,0.2,0.1,2.3,38.1,28.7,2.3
2024,000221,Ryan Ambler,Ryan,Ambler,M,Midfield,10,ARC,Archers,2024-06-01,2024-08-18,13.0,8.0,8.0,0.0,8.0,5.0,29.0,18,0.0,0.0,0.0,0.0,0.0,0.0,5.0,16.0,0.0,0,0,0,0.0,0.0,0.0,0.0,9.0,156.0,111.0,0.27586206896551724,0.6206896551724138,,,,,0.5555555555555556,,1.3,0.8,0.8,0.0,0.8,0.5,2.9,1.8,0.0,0.0,0.0,0.0,0.0,0.0,0.5,1.6,0.0,0.0,0.0,0.0,0.0,0.0,0.0,0.0,0.9,15.6,11.1,0.9
2024,000225,Tom Schreiber,Tom,Schreiber,M,Midfield,9,ARC,Archers,2024-06-01,2024-08-17,27.0,12.0,10.0,1.0,11.0,15.0,50.0,28,13.0,0.0,0.0,0.0,0.0,0.0,9.0,15.0,2.0,0,0,0,0.0,0.0,0.0,0.0,36.0,257.0,192.0,0.22,0.56,,,,,0.4166666666666667,0.07692307692307693,3.0,1.3333333333333333,1.1111111111111112,0.1111111111111111,1.2222222222222223,1.6666666666666667,5.555555555555555,3.111111111111111,1.4444444444444444,0.0,0.0,0.0,0.0,0.0,1.0,1.6666666666666667,0.2222222222222222,0.0,0.0,0.0,0.0,0.0,0.0,0.0,4.0,28.555555555555557,21.333333333333332,4.0
2024,000234,Eric Law,Eric,Law,A,Attack,6,OUT,Outlaws,2024-07-19,2024-08-18,13.0,11.0,11.0,0.0,11.0,2.0,25.0,20,0.0,0.0,0.0,0.0,0.0,0.0,7.0,12.0,0.0,0,0,0,0.0,0.0,1.0,1.0,6.0,161.0,124.0,0.44,0.8,,,,,0.3333333333333333,,2.1666666666666665,1.8333333333333333,1.8333333333333333,0.0,1.8333333333333333,0.3333333333333333,4.166666666666667,3.3333333333333335,0.0,0.0,0.0,0.0,0.0,0.0,1.1666666666666667,2.0,0.0,0.0,0.0,0.0,0.0,0.0,0.16666666666666666,0.16666666666666666,1.0,26.833333333333332,20.666666666666668,1.0
2024,000235,Jake Richard,Jake,Richard,SSDM,Defensive Midfield,9,WAT,Waterdogs,2024-06-01,2024-08-17,2.0,0.0,0.0,0.0,0.0,2.0,3.0,3,0.0,0.0,0.0,0.0,0.0,0.0,8.0,1.0,3.0,0,13,14,0.0,0.0,4.0,2.0,3.0,55.0,51.0,0.0,1.0,0.0,,,,0.6666666666666666,,0.2222222222222222,0.0,0.0,0.0,0.0,0.2222222222222222,0.3333333333333333,0.3333333333333333,0.0,0.0,0.0,0.0,0.0,0.0,0.8888888888888888,0.1111111111111111,0.3333333333333333,0.0,1.4444444444444444,1.5555555555555556,0.0,0.0,0.4444444444444444,0.2222222222222222,0.3333333333333333,6.111111111111111,5.666666666666667,0.3333333333333333
2024,000240,Kieran McArdle,Kieran,McArdle,A,Attack,10,WAT,Waterdogs,2024-06-01,2024-08-17,34.0,22.0,22.0,0.0,22.0,12.0,78.0,48,2.0,0.0,0.0,0.0,0.0,0.0,12.0,22.0,3.0,0,0,0,0.0,0.0,2.0,2.0,39.0,333.0,233.0,0.28205128205128205,0.6153846153846154,,,,,0.3076923076923077,0.0,3.4,2.2,2.2,0.0,2.2,1.2,7.8,4.8,0.2,0.0,0.0,0.0,0.0,0.0,1.2,2.2,0.3,0.0,0.0,0.0,0.0,0.0,0.2,0.2,3.9,33.3,23.3,3.9
2024,000254,Trevor Baptiste,Trevor,Baptiste,FO,Faceoff,10,ATL,Atlas,2024-06-01,2024-08-17,6.0,5.0,5.0,0.0,5.0,1.0,13.0,9,1.0,0.0,0.0,0.0,0.0,0.0,109.0,9.0,0.0,174,88,263,0.0,0.0,5.0,2.5,5.0,133.0,111.0,0.38461538461538464,0.6923076923076923,0.6615969581749049,,,,0.2,0.0,0.6,0.5,0.5,0.0,0.5,0.1,1.3,0.9,0.1,0.0,0.0,0.0,0.0,0.0,10.9,0.9,0.0,17.4,8.8,26.3,0.0,0.0,0.5,0.25,0.5,13.3,11.1,0.5
2024,000258,Blaze Riorden,Blaze,Riorden,G,Goalie,8,CHA,Chaos,2024-06-02,2024-08-17,3.0,1.0,1.0,0.0,1.0,2.0,2.0,1,1.0,92.0,30.0,62.0,66.0,74.77609169539127,13.0,3.0,4.0,0,0,0,63.0,3.0,0.0,0.0,3.0,109.0,104.0,0.5,0.5,,0.5935483870967742,32.608695652173914,0.1935483870967742,0.6666666666666666,0.0,0.375,0.125,0.125,0.0,0.125,0.25,0.25,0.125,0.125,11.5,3.75,7.75,8.25,9.347011461923909,1.625,0.375,0.5,0.0,0.0,0.0,7.875,0.375,0.0,0.0,0.375,13.625,13.0,0.375
2024,000262,Connor Fields,Connor,Fields,A,Attack,10,ARC,Archers,2024-06-01,2024-08-18,32.0,25.0,25.0,0.0,25.0,7.0,71.0,49,2.0,0.0,0.0,0.0,0.0,0.0,12.0,20.0,1.0,0,0,0,0.0,0.0,0.0,0.0,26.0,279.0,188.0,0.352112676056338,0.6901408450704225,,,,,0.2692307692307692,0.0,3.2,2.5,2.5,0.0,2.5,0.7,7.1,4.9,0.2,0.0,0.0,0.0,0.0,0.0,1.2,2.0,0.1,0.0,0.0,0.0,0.0,0.0,0.0,0.0,2.6,27.9,18.8,2.6
2024,000269,Jarrod Neumann,Jarrod,Neumann,D,Defense,10,CHA,Chaos,2024-06-02,2024-08-17,0.0,0.0,0.0,0.0,0.0,0.0,4.0,2,4.0,0.0,0.0,0.0,0.0,0.0,16.0,1.0,5.0,0,0,0,0.0,0.0,3.0,2.0,2.0,43.0,38.0,0.0,0.5,,,,,0.0,0.0,0.0,0.0,0.0,0.0,0.0,0.0,0.4,0.2,0.4,0.0,0.0,0.0,0.0,0.0,1.6,0.1,0.5,0.0,0.0,0.0,0.0,0.0,0.3,0.2,0.2,4.3,3.8,0.2
2024,000272,Josh Byrne,Josh,Byrne,A,Attack,9,CHA,Chaos,2024-06-02,2024-08-17,29.0,11.0,11.0,0.0,11.0,18.0,50.0,28,1.0,0.0,0.0,0.0,0.0,0.0,13.0,17.0,2.0,0,0,0,0.0,0.0,2.0,1.0,37.0,288.0,221.0,0.22,0.56,,,,,0.4864864864864865,0.0,3.2222222222222223,1.2222222222222223,1.2222222222222223,0.0,1.2222222222222223,2.0,5.555555555555555,3.111111111111111,0.1111111111111111,0.0,0.0,0.0,0.0,0.0,1.4444444444444444,1.8888888888888888,0.2222222222222222,0.0,0.0,0.0,0.0,0.0,0.2222222222222222,0.1111111111111111,4.111111111111111,32.0,24.555555555555557,4.111111111111111
2024,000275,Mark Glicini,Mark,Glicini,SSDM,Defensive Midfield,1,CHA,Chaos,2024-07-27,2024-07-27,0.0,0.0,0.0,0.0,0.0,0.0,0.0,0,0.0,0.0,0.0,0.0,0.0,0.0,1.0,0.0,1.0,0,0,0,0.0,0.0,0.0,0.0,0.0,4.0,4.0,,,,,,,,,0.0,0.0,0.0,0.0,0.0,0.0,0.0,0.0,0.0,0.0,0.0,0.0,0.0,0.0,1.0,0.0,1.0,0.0,0.0,0.0,0.0,0.0,0.0,0.0,0.0,4.0,4.0,0.0
2024,000278,Myles Jones,Myles,Jones,M,Midfield,10,ATL,Atlas,2024-06-01,2024-08-17,18.0,12.0,8.0,2.0,10.0,6.0,36.0,24,4.0,0.0,0.0,0.0,0.0,0.0,13.0,17.0,0.0,0,0,0,0.0,0.0,1.0,1.0,21.0,174.0,121.0,0.2777777777777778,0.6666666666666666,,,,,0.2857142857142857,0.5,1.8,1.2,0.8,0.2,1.0,0.6,3.6,2.4,0.4,0.0,0.0,0.0,0.0,0.0,1.3,1.7,0.0,0.0,0.0,0.0,0.0,0.0,0.1,0.1,2.1,17.4,12.1,2.1
2024,000279,Patrick Resch,Patrick,Resch,SSDM,Defensive Midfield,10,CHA,Chaos,2024-06-02,2024-08-17,2.0,1.0,1.0,0.0,1.0,1.0,3.0,2,0.0,0.0,0.0,0.0,0.0,0.0,14.0,4.0,4.0,0,0,0,0.0,0.0,1.0,0.5,6.0,82.0,75.0,0.3333333333333333,0.6666666666666666,,,,,0.16666666666666666,,0.2,0.1,0.1,0.0,0.1,0.1,0.3,0.2,0.0,0.0,0.0,0.0,0.0,0.0,1.4,0.4,0.4,0.0,0.0,0.0,0.0,0.0,0.1,0.05,0.6,8.2,7.5,0.6
2024,000281,Troy Reh,Troy,Reh,LSM,Long Stick Midfield,10,CHA,Chaos,2024-06-02,2024-08-17,0.0,0.0,0.0,0.0,0.0,0.0,4.0,3,3.0,0.0,0.0,0.0,0.0,0.0,19.0,2.0,10.0,0,0,0,0.0,0.0,2.0,2.0,1.0,61.0,55.0,0.0,0.75,,,,,0.0,0.0,0.0,0.0,0.0,0.0,0.0,0.0,0.4,0.3,0.3,0.0,0.0,0.0,0.0,0.0,1.9,0.2,1.0,0.0,0.0,0.0,0.0,0.0,0.2,0.2,0.1,6.1,5.5,0.1
2024,000302,Michael Manley,Michael,Manley,D,Defense,10,OUT,Outlaws,2024-06-02,2024-08-18,1.0,0.0,0.0,0.0,0.0,1.0,6.0,2,4.0,0.0,0.0,0.0,0.0,0.0,21.0,4.0,11.0,0,0,0,0.0,0.0,2.0,1.5,4.0,73.0,63.0,0.0,0.3333333333333333,,,,,0.25,0.0,0.1,0.0,0.0,0.0,0.0,0.1,0.6,0.2,0.4,0.0,0.0,0.0,0.0,0.0,2.1,0.4,1.1,0.0,0.0,0.0,0.0,0.0,0.2,0.15,0.4,7.3,6.3,0.4
2024,000305,Romar Dennis,Romar,Dennis,M,Midfield,9,RED,Redwoods,2024-06-07,2024-08-17,15.0,15.0,1.0,7.0,8.0,0.0,41.0,20,25.0,0.0,0.0,0.0,0.0,0.0,5.0,8.0,4.0,0,0,0,0.0,0.0,0.0,0.0,4.0,163.0,114.0,0.1951219512195122,0.4878048780487805,,,,,0.0,0.28,1.6666666666666667,1.6666666666666667,0.1111111111111111,0.7777777777777778,0.8888888888888888,0.0,4.555555555555555,2.2222222222222223,2.7777777777777777,0.0,0.0,0.0,0.0,0.0,0.5555555555555556,0.8888888888888888,0.4444444444444444,0.0,0.0,0.0,0.0,0.0,0.0,0.0,0.4444444444444444,18.11111111111111,12.666666666666666,0.4444444444444444
2024,000308,Will Haus,Will,Haus,SSDM,Defensive Midfield,10,OUT,Outlaws,2024-06-02,2024-08-18,2.0,0.0,0.0,0.0,0.0,2.0,0.0,0,0.0,0.0,0.0,0.0,0.0,0.0,6.0,2.0,3.0,0,2,2,0.0,0.0,4.0,2.0,3.0,46.0,44.0,,,0.0,,,,0.6666666666666666,,0.2,0.0,0.0,0.0,0.0,0.2,0.0,0.0,0.0,0.0,0.0,0.0,0.0,0.0,0.6,0.2,0.3,0.0,0.2,0.2,0.0,0.0,0.4,0.2,0.3,4.6,4.4,0.3
2024,000315,Garrett Epple,Garrett,Epple,D,Defense,10,CAN,Cannons,2024-06-01,2024-08-17,0.0,0.0,0.0,0.0,0.0,0.0,0.0,0,0.0,0.0,0.0,0.0,0.0,0.0,20.0,4.0,20.0,0,0,0,0.0,0.0,6.0,4.0,2.0,93.0,89.0,,,,,,,0.0,,0.0,0.0,0.0,0.0,0.0,0.0,0.0,0.0,0.0,0.0,0.0,0.0,0.0,0.0,2.0,0.4,2.0,0.0,0.0,0.0,0.0,0.0,0.6,0.4,0.2,9.3,8.9,0.2
2024,000318,Jack Kelly,Jack,Kelly,G,Goalie,10,RED,Redwoods,2024-06-07,2024-08-17,0.0,0.0,0.0,0.0,0.0,0.0,1.0,0,1.0,119.0,41.0,78.0,126.0,149.35434890796515,16.0,3.0,4.0,0,0,0,117.0,9.0,0.0,0.0,1.0,148.0,144.0,0.0,0.0,,0.5042372881355932,34.45378151260504,0.17372881355932204,0.0,0.0,0.0,0.0,0.0,0.0,0.0,0.0,0.1,0.0,0.1,11.9,4.1,7.8,12.6,14.935434890796515,1.6,0.3,0.4,0.0,0.0,0.0,11.7,0.9,0.0,0.0,0.1,14.8,14.4,0.1
2024,000327,Matt Kavanagh,Matt,Kavanagh,A,Attack,6,CAN,Cannons,2024-06-01,2024-07-20,9.0,6.0,4.0,1.0,5.0,3.0,29.0,14,2.0,0.0,0.0,0.0,0.0,0.0,7.0,9.0,2.0,0,0,0,0.0,0.0,2.0,1.5,11.0,141.0,103.0,0.1724137931034483,0.4827586206896552,,,,,0.2727272727272727,0.5,1.5,1.0,0.6666666666666666,0.16666666666666666,0.8333333333333334,0.5,4.833333333333333,2.3333333333333335,0.3333333333333333,0.0,0.0,0.0,0.0,0.0,1.1666666666666667,1.5,0.3333333333333333,0.0,0.0,0.0,0.0,0.0,0.3333333333333333,0.25,1.8333333333333333,23.5,17.166666666666668,1.8333333333333333
2024,000333,Sergio Perkovic,Sergio,Perkovic,M,Midfield,6,CHA,Chaos,2024-06-02,2024-08-17,7.0,7.0,3.0,2.0,5.0,0.0,17.0,11,10.0,0.0,0.0,0.0,0.0,0.0,2.0,4.0,1.0,0,0,0,0.0,0.0,0.0,0.0,0.0,95.0,74.0,0.29411764705882354,0.6470588235294118,,,,,,0.2,1.1666666666666667,1.1666666666666667,0.5,0.3333333333333333,0.8333333333333334,0.0,2.8333333333333335,1.8333333333333333,1.6666666666666667,0.0,0.0,0.0,0.0,0.0,0.3333333333333333,0.6666666666666666,0.16666666666666666,0.0,0.0,0.0,0.0,0.0,0.0,0.0,0.0,15.833333333333334,12.333333333333334,0.0
2024,000337,Bryce Young,Bryce,Young,D,Defense,10,CAN,Cannons,2024-06-01,2024-08-17,0.0,0.0,0.0,0.0,0.0,0.0,0.0,0,0.0,0.0,0.0,0.0,0.0,0.0,14.0,3.0,11.0,0,0,0,0.0,0.0,5.0,5.0,0.0,59.0,56.0,,,,,,,,,0.0,0.0,0.0,0.0,0.0,0.0,0.0,0.0,0.0,0.0,0.0,0.0,0.0,0.0,1.4,0.3,1.1,0.0,0.0,0.0,0.0,0.0,0.5,0.5,0.0,5.9,5.6,0.0
2024,000339,Connor Kelly,Connor,Kelly,M,Midfield,9,WAT,Waterdogs,2024-06-01,2024-08-17,15.0,12.0,10.0,1.0,11.0,3.0,56.0,36,18.0,0.0,0.0,0.0,0.0,0.0,6.0,6.0,0.0,0,0,0,0.0,0.0,0.0,0.0,15.0,203.0,141.0,0.19642857142857142,0.6428571428571429,,,,,0.2,0.05555555555555555,1.6666666666666667,1.3333333333333333,1.1111111111111112,0.1111111111111111,1.2222222222222223,0.3333333333333333,6.222222222222222,4.0,2.0,0.0,0.0,0.0,0.0,0.0,0.6666666666666666,0.6666666666666666,0.0,0.0,0.0,0.0,0.0,0.0,0.0,0.0,1.6666666666666667,22.555555555555557,15.666666666666666,1.6666666666666667
2024,000345,Jake Bernhardt,Jake,Bernhardt,SSDM,Defensive Midfield,9,WHP,Whipsnakes,2024-06-02,2024-08-10,2.0,1.0,1.0,0.0,1.0,1.0,5.0,2,2.0,0.0,0.0,0.0,0.0,0.0,6.0,4.0,1.0,1,9,10,0.0,0.0,1.0,0.5,2.0,55.0,46.0,0.2,0.4,0.1,,,,0.5,0.0,0.2222222222222222,0.1111111111111111,0.1111111111111111,0.0,0.1111111111111111,0.1111111111111111,0.5555555555555556,0.2222222222222222,0.2222222222222222,0.0,0.0,0.0,0.0,0.0,0.6666666666666666,0.4444444444444444,0.1111111111111111,0.1111111111111111,1.0,1.1111111111111112,0.0,0.0,0.1111111111111111,0.05555555555555555,0.2222222222222222,6.111111111111111,5.111111111111111,0.2222222222222222
2024,000350,Joseph Nardella,Joseph,Nardella,FO,Faceoff,9,WHP,Whipsnakes,2024-06-08,2024-08-10,5.0,5.0,5.0,0.0,5.0,0.0,8.0,7,0.0,0.0,0.0,0.0,0.0,0.0,93.0,11.0,0.0,164,76,243,0.0,0.0,0.0,0.0,5.0,117.0,98.0,0.625,0.875,0.6748971193415638,,,,0.0,,0.5555555555555556,0.5555555555555556,0.5555555555555556,0.0,0.5555555555555556,0.0,0.8888888888888888,0.7777777777777778,0.0,0.0,0.0,0.0,0.0,0.0,10.333333333333334,1.2222222222222223,0.0,18.22222222222222,8.444444444444445,27.0,0.0,0.0,0.0,0.0,0.5555555555555556,13.0,10.88888888888889,0.5555555555555556
2024,000351,Jules Heningburg,Jules,Heningburg,A,Attack,9,CHA,Chaos,2024-06-02,2024-08-17,15.0,10.0,10.0,0.0,10.0,5.0,31.0,24,1.0,0.0,0.0,0.0,0.0,0.0,6.0,13.0,0.0,0,0,0,0.0,0.0,1.0,1.0,21.0,230.0,186.0,0.3225806451612903,0.7741935483870968,,,,,0.23809523809523808,0.0,1.6666666666666667,1.1111111111111112,1.1111111111111112,0.0,1.1111111111111112,0.5555555555555556,3.4444444444444446,2.6666666666666665,0.1111111111111111,0.0,0.0,0.0,0.0,0.0,0.6666666666666666,1.4444444444444444,0.0,0.0,0.0,0.0,0.0,0.0,0.1111111111111111,0.1111111111111111,2.3333333333333335,25.555555555555557,20.666666666666668,2.3333333333333335
2024,000353,Kyle Bernlohr,Kyle,Bernlohr,G,Goalie,3,WHP,Whipsnakes,2024-06-02,2024-08-03,0.0,0.0,0.0,0.0,0.0,0.0,0.0,0,0.0,1.0,1.0,0.0,8.0,64.84210526315789,1.0,0.0,0.0,0,0,0,8.0,0.0,0.0,0.0,0.0,6.0,6.0,,,,0.1111111111111111,100.0,0.1111111111111111,,,0.0,0.0,0.0,0.0,0.0,0.0,0.0,0.0,0.0,0.3333333333333333,0.3333333333333333,0.0,2.6666666666666665,21.614035087719298,0.3333333333333333,0.0,0.0,0.0,0.0,0.0,2.6666666666666665,0.0,0.0,0.0,0.0,2.0,2.0,0.0
2024,000354,Matt Rambo,Matt,Rambo,A,Attack,9,WHP,Whipsnakes,2024-06-02,2024-08-10,18.0,12.0,12.0,0.0,12.0,6.0,41.0,26,0.0,0.0,0.0,0.0,0.0,0.0,8.0,17.0,1.0,0,0,0,0.0,0.0,1.0,0.5,29.0,212.0,154.0,0.2926829268292683,0.6341463414634146,,,,,0.20689655172413793,,2.0,1.3333333333333333,1.3333333333333333,0.0,1.3333333333333333,0.6666666666666666,4.555555555555555,2.888888888888889,0.0,0.0,0.0,0.0,0.0,0.0,0.8888888888888888,1.8888888888888888,0.1111111111111111,0.0,0.0,0.0,0.0,0.0,0.1111111111111111,0.05555555555555555,3.2222222222222223,23.555555555555557,17.11111111111111,3.2222222222222223
2024,000355,Matthew Dunn,Matthew,Dunn,D,Defense,10,WHP,Whipsnakes,2024-06-02,2024-08-10,4.0,2.0,2.0,0.0,2.0,2.0,5.0,4,2.0,0.0,0.0,0.0,0.0,0.0,13.0,2.0,11.0,0,0,0,0.0,0.0,0.0,0.0,2.0,67.0,60.0,0.4,0.8,,,,,1.0,0.0,0.4,0.2,0.2,0.0,0.2,0.2,0.5,0.4,0.2,0.0,0.0,0.0,0.0,0.0,1.3,0.2,1.1,0.0,0.0,0.0,0.0,0.0,0.0,0.0,0.2,6.7,6.0,0.2
2024,000357,Mike Chanenchuk,Mike,Chanenchuk,M,Midfield,10,WHP,Whipsnakes,2024-06-02,2024-08-10,13.0,10.0,4.0,3.0,7.0,3.0,46.0,28,12.0,0.0,0.0,0.0,0.0,0.0,11.0,12.0,2.0,0,0,0,0.0,0.0,0.0,0.0,10.0,244.0,186.0,0.15217391304347827,0.6086956521739131,,,,,0.3,0.25,1.3,1.0,0.4,0.3,0.7,0.3,4.6,2.8,1.2,0.0,0.0,0.0,0.0,0.0,1.1,1.2,0.2,0.0,0.0,0.0,0.0,0.0,0.0,0.0,1.0,24.4,18.6,1.0
2024,000358,Ryan Drenner,Ryan,Drenner,M,Midfield,10,CAN,Cannons,2024-06-01,2024-08-17,15.0,12.0,8.0,2.0,10.0,3.0,32.0,19,4.0,0.0,0.0,0.0,0.0,0.0,7.0,4.0,1.0,0,0,0,0.0,0.0,1.0,0.5,11.0,224.0,188.0,0.3125,0.59375,,,,,0.2727272727272727,0.5,1.5,1.2,0.8,0.2,1.0,0.3,3.2,1.9,0.4,0.0,0.0,0.0,0.0,0.0,0.7,0.4,0.1,0.0,0.0,0.0,0.0,0.0,0.1,0.05,1.1,22.4,18.8,1.1
2024,000359,Tim Muller,Tim,Muller,D,Defense,10,WHP,Whipsnakes,2024-06-02,2024-08-10,0.0,0.0,0.0,0.0,0.0,0.0,0.0,0,0.0,0.0,0.0,0.0,0.0,0.0,23.0,0.0,6.0,0,0,0,0.0,0.0,0.0,0.0,2.0,76.0,76.0,,,,,,,0.0,,0.0,0.0,0.0,0.0,0.0,0.0,0.0,0.0,0.0,0.0,0.0,0.0,0.0,0.0,2.3,0.0,0.6,0.0,0.0,0.0,0.0,0.0,0.0,0.0,0.2,7.6,7.6,0.2
2024,000363,Ryan Conrad,Ryan,Conrad,M,Midfield,8,WAT|WHP,Waterdogs|Whipsnakes,2024-06-01,2024-08-10,10.0,8.0,8.0,0.0,8.0,2.0,43.0,24,3.0,0.0,0.0,0.0,0.0,0.0,11.0,11.0,0.0,0,1,1,0.0,0.0,1.0,0.5,5.0,155.0,101.0,0.18604651162790697,0.5581395348837209,0.0,,,,0.4,0.0,1.25,1.0,1.0,0.0,1.0,0.25,5.375,3.0,0.375,0.0,0.0,0.0,0.0,0.0,1.375,1.375,0.0,0.0,0.125,0.125,0.0,0.0,0.125,0.0625,0.625,19.375,12.625,0.625
2024,000365,Jack Rowlett,Jack,Rowlett,D,Defense,10,CHA,Chaos,2024-06-02,2024-08-17,2.0,2.0,0.0,1.0,1.0,0.0,2.0,2,2.0,0.0,0.0,0.0,0.0,0.0,18.0,4.0,11.0,0,0,0,0.0,0.0,5.0,6.0,0.0,60.0,54.0,0.5,1.0,,,,,,0.5,0.2,0.2,0.0,0.1,0.1,0.0,0.2,0.2,0.2,0.0,0.0,0.0,0.0,0.0,1.8,0.4,1.1,0.0,0.0,0.0,0.0,0.0,0.5,0.6,0.0,6.0,5.4,0.0
2024,000368,Chris Sabia,Chris,Sabia,LSM,Long Stick Midfield,6,WAT,Waterdogs,2024-06-01,2024-08-17,0.0,0.0,0.0,0.0,0.0,0.0,3.0,2,1.0,0.0,0.0,0.0,0.0,0.0,11.0,1.0,5.0,0,0,0,0.0,0.0,2.0,2.0,0.0,24.0,20.0,0.0,0.6666666666666666,,,,,,0.0,0.0,0.0,0.0,0.0,0.0,0.0,0.5,0.3333333333333333,0.16666666666666666,0.0,0.0,0.0,0.0,0.0,1.8333333333333333,0.16666666666666666,0.8333333333333334,0.0,0.0,0.0,0.0,0.0,0.3333333333333333,0.3333333333333333,0.0,4.0,3.3333333333333335,0.0
2024,000370,Tim Troutner,Tim,Troutner,G,Goalie,5,ATL,Atlas,2024-06-01,2024-06-28,0.0,0.0,0.0,0.0,0.0,0.0,2.0,1,2.0,61.0,24.0,37.0,66.0,69.92,13.0,2.0,3.0,0,0,0,59.0,7.0,0.0,0.0,2.0,86.0,82.0,0.0,0.5,,0.5083333333333333,39.34426229508197,0.2,0.0,0.0,0.0,0.0,0.0,0.0,0.0,0.0,0.4,0.2,0.4,12.2,4.8,7.4,13.2,13.984,2.6,0.4,0.6,0.0,0.0,0.0,11.8,1.4,0.0,0.0,0.4,17.2,16.4,0.4
2024,000373,Ryder Garnsey,Ryder,Garnsey,A,Attack,10,RED,Redwoods,2024-06-07,2024-08-17,26.0,14.0,12.0,1.0,13.0,12.0,59.0,30,4.0,0.0,0.0,0.0,0.0,0.0,12.0,23.0,2.0,0,0,0,0.0,0.0,1.0,1.0,25.0,339.0,257.0,0.22033898305084745,0.5084745762711864,,,,,0.48,0.25,2.6,1.4,1.2,0.1,1.3,1.2,5.9,3.0,0.4,0.0,0.0,0.0,0.0,0.0,1.2,2.3,0.2,0.0,0.0,0.0,0.0,0.0,0.1,0.1,2.5,33.9,25.7,2.5
2024,000376,Cade van Raaphorst,Cade,van Raaphorst,D,Defense,10,CAN,Cannons,2024-06-01,2024-08-17,1.0,0.0,0.0,0.0,0.0,1.0,18.0,3,18.0,0.0,0.0,0.0,0.0,0.0,24.0,6.0,5.0,0,0,0,0.0,0.0,1.0,1.0,2.0,92.0,68.0,0.0,0.16666666666666666,,,,,0.5,0.0,0.1,0.0,0.0,0.0,0.0,0.1,1.8,0.3,1.8,0.0,0.0,0.0,0.0,0.0,2.4,0.6,0.5,0.0,0.0,0.0,0.0,0.0,0.1,0.1,0.2,9.2,6.8,0.2
2024,000385,Wes Berg,Wes,Berg,A,Attack,10,RED,Redwoods,2024-06-07,2024-08-17,15.0,14.0,14.0,0.0,14.0,1.0,28.0,20,0.0,0.0,0.0,0.0,0.0,0.0,6.0,10.0,2.0,0,0,0,0.0,0.0,3.0,2.0,5.0,128.0,90.0,0.5,0.7142857142857143,,,,,0.2,,1.5,1.4,1.4,0.0,1.4,0.1,2.8,2.0,0.0,0.0,0.0,0.0,0.0,0.0,0.6,1.0,0.2,0.0,0.0,0.0,0.0,0.0,0.3,0.2,0.5,12.8,9.0,0.5
2024,000391,Grant Ament,Grant,Ament,M,Midfield,10,ARC,Archers,2024-06-01,2024-08-18,28.0,15.0,15.0,0.0,15.0,13.0,45.0,27,1.0,0.0,0.0,0.0,0.0,0.0,9.0,18.0,0.0,0,0,0,0.0,0.0,2.0,1.5,46.0,285.0,222.0,0.3333333333333333,0.6,,,,,0.2826086956521739,0.0,2.8,1.5,1.5,0.0,1.5,1.3,4.5,2.7,0.1,0.0,0.0,0.0,0.0,0.0,0.9,1.8,0.0,0.0,0.0,0.0,0.0,0.0,0.2,0.15,4.6,28.5,22.2,4.6
2024,000395,Bryan Costabile,Bryan,Costabile,M,Midfield,9,ATL,Atlas,2024-06-01,2024-08-17,19.0,11.0,11.0,0.0,11.0,8.0,47.0,28,11.0,0.0,0.0,0.0,0.0,0.0,12.0,11.0,2.0,0,0,0,0.0,0.0,1.0,0.5,18.0,228.0,170.0,0.23404255319148937,0.5957446808510638,,,,,0.4444444444444444,0.0,2.111111111111111,1.2222222222222223,1.2222222222222223,0.0,1.2222222222222223,0.8888888888888888,5.222222222222222,3.111111111111111,1.2222222222222223,0.0,0.0,0.0,0.0,0.0,1.3333333333333333,1.2222222222222223,0.2222222222222222,0.0,0.0,0.0,0.0,0.0,0.1111111111111111,0.05555555555555555,2.0,25.333333333333332,18.88888888888889,2.0
2024,000405,Jesse Bernhardt,Jesse,Bernhardt,D,Defense,6,OUT,Outlaws,2024-06-02,2024-07-27,1.0,0.0,0.0,0.0,0.0,1.0,1.0,0,1.0,0.0,0.0,0.0,0.0,0.0,8.0,0.0,5.0,0,0,0,0.0,0.0,3.0,2.5,2.0,50.0,49.0,0.0,0.0,,,,,0.5,0.0,0.16666666666666666,0.0,0.0,0.0,0.0,0.16666666666666666,0.16666666666666666,0.0,0.16666666666666666,0.0,0.0,0.0,0.0,0.0,1.3333333333333333,0.0,0.8333333333333334,0.0,0.0,0.0,0.0,0.0,0.5,0.4166666666666667,0.3333333333333333,8.333333333333334,8.166666666666666,0.3333333333333333
2024,000406,Craig Chick,Craig,Chick,LSM,Long Stick Midfield,5,CAN,Cannons,2024-06-01,2024-07-05,0.0,0.0,0.0,0.0,0.0,0.0,0.0,0,0.0,0.0,0.0,0.0,0.0,0.0,9.0,2.0,1.0,0,0,0,0.0,0.0,0.0,0.0,0.0,14.0,12.0,,,,,,,,,0.0,0.0,0.0,0.0,0.0,0.0,0.0,0.0,0.0,0.0,0.0,0.0,0.0,0.0,1.8,0.4,0.2,0.0,0.0,0.0,0.0,0.0,0.0,0.0,0.0,2.8,2.4,0.0
2024,000408,Matt DeLuca,Matt,DeLuca,G,Goalie,7,WAT,Waterdogs,2024-06-01,2024-08-17,0.0,0.0,0.0,0.0,0.0,0.0,0.0,0,0.0,47.0,14.0,33.0,37.0,116.58459569020695,7.0,2.0,0.0,0,0,0,36.0,1.0,0.0,0.0,1.0,51.0,49.0,,,,0.5662650602409639,29.78723404255319,0.1686746987951807,0.0,,0.0,0.0,0.0,0.0,0.0,0.0,0.0,0.0,0.0,6.714285714285714,2.0,4.714285714285714,5.285714285714286,16.654942241458137,1.0,0.2857142857142857,0.0,0.0,0.0,0.0,5.142857142857143,0.14285714285714285,0.0,0.0,0.14285714285714285,7.285714285714286,7.0,0.14285714285714285
2024,000409,Zach Currier,Zach,Currier,M,Midfield,10,WAT,Waterdogs,2024-06-01,2024-08-17,19.0,12.0,10.0,1.0,11.0,7.0,25.0,18,3.0,0.0,0.0,0.0,0.0,0.0,34.0,9.0,13.0,8,38,46,0.0,0.0,1.0,0.5,22.0,199.0,165.0,0.44,0.72,0.17391304347826086,,,,0.3181818181818182,0.3333333333333333,1.9,1.2,1.0,0.1,1.1,0.7,2.5,1.8,0.3,0.0,0.0,0.0,0.0,0.0,3.4,0.9,1.3,0.8,3.8,4.6,0.0,0.0,0.1,0.05,2.2,19.9,16.5,2.2
2024,000410,Eli Gobrecht,Eli,Gobrecht,D,Defense,10,WAT,Waterdogs,2024-06-01,2024-08-17,0.0,0.0,0.0,0.0,0.0,0.0,2.0,2,1.0,0.0,0.0,0.0,0.0,0.0,20.0,2.0,8.0,0,0,0,0.0,0.0,2.0,2.0,1.0,59.0,55.0,0.0,1.0,,,,,0.0,0.0,0.0,0.0,0.0,0.0,0.0,0.0,0.2,0.2,0.1,0.0,0.0,0.0,0.0,0.0,2.0,0.2,0.8,0.0,0.0,0.0,0.0,0.0,0.2,0.2,0.1,5.9,5.5,0.1
2024,000414,Rob Pannell,Rob,Pannell,A,Attack,10,RED,Redwoods,2024-06-07,2024-08-17,30.0,15.0,15.0,0.0,15.0,15.0,74.0,40,0.0,0.0,0.0,0.0,0.0,0.0,21.0,25.0,2.0,0,0,0,0.0,0.0,2.0,1.0,53.0,417.0,318.0,0.20270270270270271,0.5405405405405406,,,,,0.2830188679245283,,3.0,1.5,1.5,0.0,1.5,1.5,7.4,4.0,0.0,0.0,0.0,0.0,0.0,0.0,2.1,2.5,0.2,0.0,0.0,0.0,0.0,0.0,0.2,0.1,5.3,41.7,31.8,5.3
2024,000416,Ryland Rees,Ryland,Rees,LSM,Long Stick Midfield,10,WAT,Waterdogs,2024-06-01,2024-08-17,8.0,8.0,0.0,4.0,4.0,0.0,6.0,6,5.0,0.0,0.0,0.0,0.0,0.0,25.0,6.0,3.0,0,1,1,0.0,0.0,0.0,0.0,1.0,43.0,31.0,0.6666666666666666,1.0,0.0,,,,0.0,0.8,0.8,0.8,0.0,0.4,0.4,0.0,0.6,0.6,0.5,0.0,0.0,0.0,0.0,0.0,2.5,0.6,0.3,0.0,0.1,0.1,0.0,0.0,0.0,0.0,0.1,4.3,3.1,0.1
2024,000418,Dillon Ward,Dillon,Ward,G,Goalie,8,WAT,Waterdogs,2024-06-01,2024-08-10,0.0,0.0,0.0,0.0,0.0,0.0,1.0,0,1.0,81.0,23.0,58.0,86.0,114.23217481740045,21.0,2.0,3.0,0,0,0,76.0,10.0,0.0,0.0,0.0,102.0,99.0,0.0,0.0,,0.5159235668789809,28.39506172839506,0.1464968152866242,,0.0,0.0,0.0,0.0,0.0,0.0,0.0,0.125,0.0,0.125,10.125,2.875,7.25,10.75,14.279021852175056,2.625,0.25,0.375,0.0,0.0,0.0,9.5,1.25,0.0,0.0,0.0,12.75,12.375,0.0
2024,000419,Zed Williams,Zed,Williams,A,Attack,10,WHP,Whipsnakes,2024-06-02,2024-08-10,31.0,28.0,26.0,1.0,27.0,3.0,78.0,49,6.0,0.0,0.0,0.0,0.0,0.0,14.0,12.0,1.0,0,0,0,0.0,0.0,1.0,1.0,13.0,208.0,118.0,0.34615384615384615,0.6282051282051282,,,,,0.23076923076923078,0.16666666666666666,3.1,2.8,2.6,0.1,2.7,0.3,7.8,4.9,0.6,0.0,0.0,0.0,0.0,0.0,1.4,1.2,0.1,0.0,0.0,0.0,0.0,0.0,0.1,0.1,1.3,20.8,11.8,1.3
2024,000424,Jake Pulver,Jake,Pulver,D,Defense,4,CAN,Cannons,2024-07-06,2024-08-17,0.0,0.0,0.0,0.0,0.0,0.0,0.0,0,0.0,0.0,0.0,0.0,0.0,0.0,5.0,0.0,2.0,0,0,0,0.0,0.0,0.0,0.0,0.0,13.0,13.0,,,,,,,,,0.0,0.0,0.0,0.0,0.0,0.0,0.0,0.0,0.0,0.0,0.0,0.0,0.0,0.0,1.25,0.0,0.5,0.0,0.0,0.0,0.0,0.0,0.0,0.0,0.0,3.25,3.25,0.0
2024,000727,CJ Costabile,CJ,Costabile,LSM,Long Stick Midfield,5,CHA,Chaos,2024-06-02,2024-08-10,0.0,0.0,0.0,0.0,0.0,0.0,5.0,2,4.0,0.0,0.0,0.0,0.0,0.0,12.0,2.0,5.0,0,0,0,0.0,0.0,0.0,0.0,0.0,26.0,19.0,0.0,0.4,,,,,,0.0,0.0,0.0,0.0,0.0,0.0,0.0,1.0,0.4,0.8,0.0,0.0,0.0,0.0,0.0,2.4,0.4,1.0,0.0,0.0,0.0,0.0,0.0,0.0,0.0,0.0,5.2,3.8,0.0
2024,000815,Austin Kaut,Austin,Kaut,G,Goalie,5,CHA,Chaos,2024-06-02,2024-08-17,0.0,0.0,0.0,0.0,0.0,0.0,0.0,0,0.0,46.0,16.0,30.0,44.0,81.85357502453084,9.0,3.0,1.0,0,0,0,40.0,4.0,0.0,0.0,0.0,53.0,50.0,,,,0.5348837209302325,34.78260869565217,0.18604651162790697,,,0.0,0.0,0.0,0.0,0.0,0.0,0.0,0.0,0.0,9.2,3.2,6.0,8.8,16.370715004906167,1.8,0.6,0.2,0.0,0.0,0.0,8.0,0.8,0.0,0.0,0.0,10.6,10.0,0.0
2024,000921,Challen Rogers,Challen,Rogers,M,Midfield,1,ARC,Archers,2024-06-29,2024-06-29,0.0,0.0,0.0,0.0,0.0,0.0,0.0,0,0.0,0.0,0.0,0.0,0.0,0.0,0.0,3.0,0.0,0,0,0,0.0,0.0,1.0,1.0,1.0,9.0,6.0,,,,,,,0.0,,0.0,0.0,0.0,0.0,0.0,0.0,0.0,0.0,0.0,0.0,0.0,0.0,0.0,0.0,0.0,3.0,0.0,0.0,0.0,0.0,0.0,0.0,1.0,1.0,1.0,9.0,6.0,1.0
2024,000922,Graeme Hossack,Graeme,Hossack,D,Defense,7,ARC,Archers,2024-06-29,2024-08-18,0.0,0.0,0.0,0.0,0.0,0.0,2.0,0,2.0,0.0,0.0,0.0,0.0,0.0,20.0,4.0,6.0,0,0,0,0.0,0.0,2.0,2.0,1.0,43.0,37.0,0.0,0.0,,,,,0.0,0.0,0.0,0.0,0.0,0.0,0.0,0.0,0.2857142857142857,0.0,0.2857142857142857,0.0,0.0,0.0,0.0,0.0,2.857142857142857,0.5714285714285714,0.8571428571428571,0.0,0.0,0.0,0.0,0.0,0.2857142857142857,0.2857142857142857,0.14285714285714285,6.142857142857143,5.285714285714286,0.14285714285714285
2024,000925,Liam Byrnes,Liam,Byrnes,D,Defense,5,WAT,Waterdogs,2024-06-01,2024-07-06,0.0,0.0,0.0,0.0,0.0,0.0,2.0,0,1.0,0.0,0.0,0.0,0.0,0.0,5.0,2.0,6.0,0,0,0,0.0,0.0,0.0,0.0,0.0,39.0,35.0,0.0,0.0,,,,,,0.0,0.0,0.0,0.0,0.0,0.0,0.0,0.4,0.0,0.2,0.0,0.0,0.0,0.0,0.0,1.0,0.4,1.2,0.0,0.0,0.0,0.0,0.0,0.0,0.0,0.0,7.8,7.0,0.0
2024,000978,Kyle Jackson,Kyle,Jackson,M,Midfield,10,CHA,Chaos,2024-06-02,2024-08-17,11.0,9.0,9.0,0.0,9.0,2.0,32.0,19,3.0,0.0,0.0,0.0,0.0,0.0,8.0,9.0,0.0,0,0,0,0.0,0.0,1.0,1.0,5.0,147.0,106.0,0.28125,0.59375,,,,,0.4,0.0,1.1,0.9,0.9,0.0,0.9,0.2,3.2,1.9,0.3,0.0,0.0,0.0,0.0,0.0,0.8,0.9,0.0,0.0,0.0,0.0,0.0,0.0,0.1,0.1,0.5,14.7,10.6,0.5
2024,001001,Dylan Molloy,Dylan,Molloy,M,Midfield,3,ATL,Atlas,2024-06-02,2024-06-16,6.0,4.0,4.0,0.0,4.0,2.0,10.0,7,1.0,0.0,0.0,0.0,0.0,0.0,2.0,2.0,0.0,0,0,0,0.0,0.0,0.0,0.0,5.0,42.0,30.0,0.4,0.7,,,,,0.4,0.0,2.0,1.3333333333333333,1.3333333333333333,0.0,1.3333333333333333,0.6666666666666666,3.3333333333333335,2.3333333333333335,0.3333333333333333,0.0,0.0,0.0,0.0,0.0,0.6666666666666666,0.6666666666666666,0.0,0.0,0.0,0.0,0.0,0.0,0.0,0.0,1.6666666666666667,14.0,10.0,1.6666666666666667
2024,001009,Colin Heacock,Colin,Heacock,M,Midfield,9,WHP,Whipsnakes,2024-06-02,2024-08-10,9.0,8.0,8.0,0.0,8.0,1.0,23.0,18,1.0,0.0,0.0,0.0,0.0,0.0,7.0,7.0,0.0,0,0,0,0.0,0.0,2.0,1.5,6.0,116.0,86.0,0.34782608695652173,0.782608695652174,,,,,0.16666666666666666,0.0,1.0,0.8888888888888888,0.8888888888888888,0.0,0.8888888888888888,0.1111111111111111,2.5555555555555554,2.0,0.1111111111111111,0.0,0.0,0.0,0.0,0.0,0.7777777777777778,0.7777777777777778,0.0,0.0,0.0,0.0,0.0,0.0,0.2222222222222222,0.16666666666666666,0.6666666666666666,12.88888888888889,9.555555555555555,0.6666666666666666
2024,001010,Isaiah Davis-Allen,Isaiah,Davis-Allen,SSDM,Defensive Midfield,5,RED,Redwoods,2024-06-07,2024-08-17,1.0,0.0,0.0,0.0,0.0,1.0,1.0,1,0.0,0.0,0.0,0.0,0.0,0.0,4.0,0.0,3.0,3,7,10,0.0,0.0,0.0,0.0,1.0,16.0,15.0,0.0,1.0,0.3,,,,1.0,,0.2,0.0,0.0,0.0,0.0,0.2,0.2,0.2,0.0,0.0,0.0,0.0,0.0,0.0,0.8,0.0,0.6,0.6,1.4,2.0,0.0,0.0,0.0,0.0,0.2,3.2,3.0,0.2
2024,001020,Mike Messenger,Mike,Messenger,SSDM,Defensive Midfield,2,OUT,Outlaws,2024-06-02,2024-06-08,1.0,0.0,0.0,0.0,0.0,1.0,2.0,0,0.0,0.0,0.0,0.0,0.0,0.0,6.0,1.0,1.0,0,2,2,0.0,0.0,0.0,0.0,2.0,17.0,14.0,0.0,0.0,0.0,,,,0.5,,0.5,0.0,0.0,0.0,0.0,0.5,1.0,0.0,0.0,0.0,0.0,0.0,0.0,0.0,3.0,0.5,0.5,0.0,1.0,1.0,0.0,0.0,0.0,0.0,1.0,8.5,7.0,1.0
2024,001391,Mikie Schlosser,Mikie,Schlosser,M,Midfield,3,WAT,Waterdogs,2024-07-19,2024-08-17,2.0,2.0,2.0,0.0,2.0,0.0,4.0,3,0.0,0.0,0.0,0.0,0.0,0.0,0.0,2.0,0.0,0,0,0,0.0,0.0,0.0,0.0,2.0,40.0,34.0,0.5,0.75,,,,,0.0,,0.6666666666666666,0.6666666666666666,0.6666666666666666,0.0,0.6666666666666666,0.0,1.3333333333333333,1.0,0.0,0.0,0.0,0.0,0.0,0.0,0.0,0.6666666666666666,0.0,0.0,0.0,0.0,0.0,0.0,0.0,0.0,0.6666666666666666,13.333333333333334,11.333333333333334,0.6666666666666666
2024,001397,Michael Rexrode,Michael,Rexrode,D,Defense,10,ATL,Atlas,2024-06-01,2024-08-17,0.0,0.0,0.0,0.0,0.0,0.0,1.0,1,0.0,0.0,0.0,0.0,0.0,0.0,9.0,3.0,12.0,0,1,1,0.0,0.0,2.0,1.5,1.0,45.0,41.0,0.0,1.0,0.0,,,,0.0,,0.0,0.0,0.0,0.0,0.0,0.0,0.1,0.1,0.0,0.0,0.0,0.0,0.0,0.0,0.9,0.3,1.2,0.0,0.1,0.1,0.0,0.0,0.2,0.15,0.1,4.5,4.1,0.1
2024,001406,Ben Randall,Ben,Randall,D,Defense,10,WAT,Waterdogs,2024-06-01,2024-08-17,2.0,1.0,1.0,0.0,1.0,1.0,3.0,1,2.0,0.0,0.0,0.0,0.0,0.0,27.0,4.0,17.0,0,0,0,0.0,0.0,2.0,1.5,3.0,100.0,93.0,0.3333333333333333,0.3333333333333333,,,,,0.3333333333333333,0.0,0.2,0.1,0.1,0.0,0.1,0.1,0.3,0.1,0.2,0.0,0.0,0.0,0.0,0.0,2.7,0.4,1.7,0.0,0.0,0.0,0.0,0.0,0.2,0.15,0.3,10.0,9.3,0.3
2024,001415,Greg Weyl,Greg,Weyl,D,Defense,3,OUT,Outlaws,2024-08-03,2024-08-10,1.0,1.0,1.0,0.0,1.0,0.0,3.0,1,0.0,0.0,0.0,0.0,0.0,0.0,7.0,0.0,5.0,0,0,0,0.0,0.0,2.0,2.0,0.0,22.0,19.0,0.3333333333333333,0.3333333333333333,,,,,,,0.3333333333333333,0.3333333333333333,0.3333333333333333,0.0,0.3333333333333333,0.0,1.0,0.3333333333333333,0.0,0.0,0.0,0.0,0.0,0.0,2.3333333333333335,0.0,1.6666666666666667,0.0,0.0,0.0,0.0,0.0,0.6666666666666666,0.6666666666666666,0.0,7.333333333333333,6.333333333333333,0.0
2024,001661,Warren Jeffrey,Warren,Jeffrey,D,Defense,10,ARC,Archers,2024-06-01,2024-08-18,0.0,0.0,0.0,0.0,0.0,0.0,0.0,0,0.0,0.0,0.0,0.0,0.0,0.0,15.0,2.0,7.0,0,0,0,0.0,0.0,1.0,1.0,0.0,45.0,43.0,,,,,,,,,0.0,0.0,0.0,0.0,0.0,0.0,0.0,0.0,0.0,0.0,0.0,0.0,0.0,0.0,1.5,0.2,0.7,0.0,0.0,0.0,0.0,0.0,0.1,0.1,0.0,4.5,4.3,0.0
2024,001671,Zach Goodrich,Zach,Goodrich,SSDM,Defensive Midfield,10,CAN,Cannons,2024-06-01,2024-08-17,1.0,0.0,0.0,0.0,0.0,1.0,1.0,1,0.0,0.0,0.0,0.0,0.0,0.0,6.0,2.0,5.0,2,16,19,0.0,0.0,3.0,1.5,2.0,33.0,30.0,0.0,1.0,0.10526315789473684,,,,0.5,,0.1,0.0,0.0,0.0,0.0,0.1,0.1,0.1,0.0,0.0,0.0,0.0,0.0,0.0,0.6,0.2,0.5,0.2,1.6,1.9,0.0,0.0,0.3,0.15,0.2,3.3,3.0,0.2
2024,001707,Matt Whitcher,Matt,Whitcher,SSDM,Defensive Midfield,9,WAT,Waterdogs,2024-06-01,2024-08-17,2.0,2.0,2.0,0.0,2.0,0.0,11.0,5,1.0,0.0,0.0,0.0,0.0,0.0,11.0,7.0,5.0,0,18,18,0.0,0.0,2.0,1.0,0.0,60.0,42.0,0.18181818181818182,0.45454545454545453,0.0,,,,,0.0,0.2222222222222222,0.2222222222222222,0.2222222222222222,0.0,0.2222222222222222,0.0,1.2222222222222223,0.5555555555555556,0.1111111111111111,0.0,0.0,0.0,0.0,0.0,1.2222222222222223,0.7777777777777778,0.5555555555555556,0.0,2.0,2.0,0.0,0.0,0.2222222222222222,0.1111111111111111,0.0,6.666666666666667,4.666666666666667,0.0
2024,001724,Sean Sconone,Sean,Sconone,G,Goalie,2,OUT,Outlaws,2024-06-02,2024-07-27,0.0,0.0,0.0,0.0,0.0,0.0,0.0,0,0.0,8.0,1.0,7.0,17.0,20.0,2.0,0.0,0.0,0,0,0,15.0,2.0,0.0,0.0,0.0,12.0,12.0,,,,0.34782608695652173,12.5,0.043478260869565216,,,0.0,0.0,0.0,0.0,0.0,0.0,0.0,0.0,0.0,4.0,0.5,3.5,8.5,10.0,1.0,0.0,0.0,0.0,0.0,0.0,7.5,1.0,0.0,0.0,0.0,6.0,6.0,0.0
2024,001729,Chris Aslanian,Chris,Aslanian,M,Midfield,8,CAN,Cannons,2024-06-01,2024-08-17,11.0,10.0,6.0,2.0,8.0,1.0,33.0,20,9.0,0.0,0.0,0.0,0.0,0.0,0.0,5.0,1.0,0,0,0,0.0,0.0,0.0,0.0,7.0,169.0,131.0,0.24242424242424243,0.6060606060606061,,,,,0.14285714285714285,0.2222222222222222,1.375,1.25,0.75,0.25,1.0,0.125,4.125,2.5,1.125,0.0,0.0,0.0,0.0,0.0,0.0,0.625,0.125,0.0,0.0,0.0,0.0,0.0,0.0,0.0,0.875,21.125,16.375,0.875
2024,001733,Charlie Hayes,Charlie,Hayes,SSDM,Defensive Midfield,5,WAT,Waterdogs,2024-06-16,2024-08-17,1.0,1.0,1.0,0.0,1.0,0.0,4.0,3,0.0,0.0,0.0,0.0,0.0,0.0,11.0,2.0,2.0,0,4,4,0.0,0.0,0.0,0.0,1.0,33.0,27.0,0.25,0.75,0.0,,,,0.0,,0.2,0.2,0.2,0.0,0.2,0.0,0.8,0.6,0.0,0.0,0.0,0.0,0.0,0.0,2.2,0.4,0.4,0.0,0.8,0.8,0.0,0.0,0.0,0.0,0.2,6.6,5.4,0.2
2024,001760,Pat Aslanian,Pat,Aslanian,SSDM,Defensive Midfield,1,CAN,Cannons,2024-06-01,2024-06-01,0.0,0.0,0.0,0.0,0.0,0.0,1.0,0,1.0,0.0,0.0,0.0,0.0,0.0,0.0,0.0,0.0,1,4,5,0.0,0.0,1.0,1.0,0.0,4.0,3.0,0.0,0.0,0.2,,,,,0.0,0.0,0.0,0.0,0.0,0.0,0.0,1.0,0.0,1.0,0.0,0.0,0.0,0.0,0.0,0.0,0.0,0.0,1.0,4.0,5.0,0.0,0.0,1.0,1.0,0.0,4.0,3.0,0.0
2024,001766,Holden Garlent,Holden,Garlent,D,Defense,7,RED,Redwoods,2024-06-07,2024-07-28,0.0,0.0,0.0,0.0,0.0,0.0,1.0,1,0.0,0.0,0.0,0.0,0.0,0.0,8.0,2.0,2.0,0,0,0,0.0,0.0,1.0,0.5,1.0,25.0,22.0,0.0,1.0,,,,,0.0,,0.0,0.0,0.0,0.0,0.0,0.0,0.14285714285714285,0.14285714285714285,0.0,0.0,0.0,0.0,0.0,0.0,1.1428571428571428,0.2857142857142857,0.2857142857142857,0.0,0.0,0.0,0.0,0.0,0.14285714285714285,0.07142857142857142,0.14285714285714285,3.5714285714285716,3.142857142857143,0.14285714285714285
2024,001795,Christian Scarpello,Christian,Scarpello,SSDM,Defensive Midfield,9,WAT,Waterdogs,2024-06-01,2024-08-17,1.0,1.0,1.0,0.0,1.0,0.0,3.0,2,2.0,0.0,0.0,0.0,0.0,0.0,12.0,3.0,4.0,0,8,8,0.0,0.0,0.0,0.0,3.0,66.0,60.0,0.3333333333333333,0.6666666666666666,0.0,,,,0.0,0.0,0.1111111111111111,0.1111111111111111,0.1111111111111111,0.0,0.1111111111111111,0.0,0.3333333333333333,0.2222222222222222,0.2222222222222222,0.0,0.0,0.0,0.0,0.0,1.3333333333333333,0.3333333333333333,0.4444444444444444,0.0,0.8888888888888888,0.8888888888888888,0.0,0.0,0.0,0.0,0.3333333333333333,7.333333333333333,6.666666666666667,0.3333333333333333
2024,001809,Jeff Teat,Jeff,Teat,A,Attack,10,ATL,Atlas,2024-06-01,2024-08-17,64.0,28.0,28.0,0.0,28.0,36.0,79.0,53,0.0,0.0,0.0,0.0,0.0,0.0,26.0,24.0,1.0,0,0,0,0.0,0.0,1.0,0.5,84.0,413.0,310.0,0.35443037974683544,0.6708860759493671,,,,,0.42857142857142855,,6.4,2.8,2.8,0.0,2.8,3.6,7.9,5.3,0.0,0.0,0.0,0.0,0.0,0.0,2.6,2.4,0.1,0.0,0.0,0.0,0.0,0.0,0.1,0.05,8.4,41.3,31.0,8.4
2024,001810,Michael Sowers,Michael,Sowers,A,Attack,10,WAT,Waterdogs,2024-06-01,2024-08-17,37.0,18.0,18.0,0.0,18.0,19.0,62.0,46,5.0,0.0,0.0,0.0,0.0,0.0,8.0,17.0,0.0,0,0,0,0.0,0.0,2.0,1.0,66.0,344.0,265.0,0.2903225806451613,0.7419354838709677,,,,,0.2878787878787879,0.0,3.7,1.8,1.8,0.0,1.8,1.9,6.2,4.6,0.5,0.0,0.0,0.0,0.0,0.0,0.8,1.7,0.0,0.0,0.0,0.0,0.0,0.0,0.2,0.1,6.6,34.4,26.5,6.6
2024,001811,JT Giles-Harris,JT,Giles-Harris,D,Defense,10,OUT,Outlaws,2024-06-02,2024-08-18,0.0,0.0,0.0,0.0,0.0,0.0,0.0,0,0.0,0.0,0.0,0.0,0.0,0.0,15.0,4.0,9.0,0,0,0,0.0,0.0,3.0,2.0,0.0,78.0,74.0,,,,,,,,,0.0,0.0,0.0,0.0,0.0,0.0,0.0,0.0,0.0,0.0,0.0,0.0,0.0,0.0,1.5,0.4,0.9,0.0,0.0,0.0,0.0,0.0,0.3,0.2,0.0,7.8,7.4,0.0
2024,001812,TD Ierlan,TD,Ierlan,FO,Faceoff,10,RED,Redwoods,2024-06-07,2024-08-17,4.0,4.0,4.0,0.0,4.0,0.0,13.0,8,1.0,0.0,0.0,0.0,0.0,0.0,81.0,2.0,2.0,143,94,238,0.0,0.0,0.0,0.0,4.0,88.0,73.0,0.3076923076923077,0.6153846153846154,0.6008403361344538,,,,0.0,0.0,0.4,0.4,0.4,0.0,0.4,0.0,1.3,0.8,0.1,0.0,0.0,0.0,0.0,0.0,8.1,0.2,0.2,14.3,9.4,23.8,0.0,0.0,0.0,0.0,0.4,8.8,7.3,0.4
2024,001813,Jared Conners,Jared,Conners,LSM,Long Stick Midfield,10,RED,Redwoods,2024-06-07,2024-08-17,3.0,2.0,2.0,0.0,2.0,1.0,7.0,3,4.0,0.0,0.0,0.0,0.0,0.0,33.0,8.0,4.0,0,0,0,0.0,0.0,1.0,1.0,3.0,77.0,62.0,0.2857142857142857,0.42857142857142855,,,,,0.3333333333333333,0.0,0.3,0.2,0.2,0.0,0.2,0.1,0.7,0.3,0.4,0.0,0.0,0.0,0.0,0.0,3.3,0.8,0.4,0.0,0.0,0.0,0.0,0.0,0.1,0.1,0.3,7.7,6.2,0.3
2024,001814,Mac O'Keefe,Mac,O'Keefe,A,Attack,10,ARC,Archers,2024-06-01,2024-08-18,24.0,21.0,19.0,1.0,20.0,3.0,75.0,44,14.0,0.0,0.0,0.0,0.0,0.0,13.0,16.0,2.0,0,0,0,0.0,0.0,4.0,2.5,6.0,251.0,160.0,0.26666666666666666,0.5866666666666667,,,,,0.5,0.07142857142857142,2.4,2.1,1.9,0.1,2.0,0.3,7.5,4.4,1.4,0.0,0.0,0.0,0.0,0.0,1.3,1.6,0.2,0.0,0.0,0.0,0.0,0.0,0.4,0.25,0.6,25.1,16.0,0.6
2024,001815,Connor Kirst,Connor,Kirst,M,Midfield,10,CAN,Cannons,2024-06-01,2024-08-17,15.0,13.0,11.0,1.0,12.0,2.0,31.0,22,3.0,0.0,0.0,0.0,0.0,0.0,16.0,6.0,1.0,4,15,19,0.0,0.0,0.0,0.0,5.0,131.0,94.0,0.3870967741935484,0.7096774193548387,0.21052631578947367,,,,0.4,0.3333333333333333,1.5,1.3,1.1,0.1,1.2,0.2,3.1,2.2,0.3,0.0,0.0,0.0,0.0,0.0,1.6,0.6,0.1,0.4,1.5,1.9,0.0,0.0,0.0,0.0,0.5,13.1,9.4,0.5
2024,001816,Dox Aitken,Dox,Aitken,M,Midfield,10,ATL,Atlas,2024-06-01,2024-08-17,16.0,15.0,15.0,0.0,15.0,1.0,49.0,32,6.0,0.0,0.0,0.0,0.0,0.0,16.0,13.0,0.0,0,1,1,0.0,0.0,3.0,2.0,12.0,249.0,187.0,0.30612244897959184,0.6530612244897959,0.0,,,,0.08333333333333333,0.0,1.6,1.5,1.5,0.0,1.5,0.1,4.9,3.2,0.6,0.0,0.0,0.0,0.0,0.0,1.6,1.3,0.0,0.0,0.1,0.1,0.0,0.0,0.3,0.2,1.2,24.9,18.7,1.2
2024,001818,Jake Carraway,Jake,Carraway,M,Midfield,7,WAT,Waterdogs,2024-06-01,2024-08-17,11.0,9.0,7.0,1.0,8.0,2.0,28.0,18,9.0,0.0,0.0,0.0,0.0,0.0,5.0,4.0,0.0,0,0,0,0.0,0.0,0.0,0.0,6.0,121.0,89.0,0.2857142857142857,0.6428571428571429,,,,,0.3333333333333333,0.1111111111111111,1.5714285714285714,1.2857142857142858,1.0,0.14285714285714285,1.1428571428571428,0.2857142857142857,4.0,2.5714285714285716,1.2857142857142858,0.0,0.0,0.0,0.0,0.0,0.7142857142857143,0.5714285714285714,0.0,0.0,0.0,0.0,0.0,0.0,0.0,0.0,0.8571428571428571,17.285714285714285,12.714285714285714,0.8571428571428571
2024,001819,Danny Logan,Danny,Logan,SSDM,Defensive Midfield,10,ATL,Atlas,2024-06-01,2024-08-17,2.0,2.0,2.0,0.0,2.0,0.0,8.0,5,2.0,0.0,0.0,0.0,0.0,0.0,9.0,0.0,3.0,2,24,26,0.0,0.0,4.0,2.5,6.0,73.0,65.0,0.25,0.625,0.07692307692307693,,,,0.0,0.0,0.2,0.2,0.2,0.0,0.2,0.0,0.8,0.5,0.2,0.0,0.0,0.0,0.0,0.0,0.9,0.0,0.3,0.2,2.4,2.6,0.0,0.0,0.4,0.25,0.6,7.3,6.5,0.6
2024,001820,Ryan Terefenko,Ryan,Terefenko,SSDM,Defensive Midfield,10,OUT,Outlaws,2024-06-02,2024-08-18,8.0,6.0,4.0,1.0,5.0,2.0,8.0,7,1.0,0.0,0.0,0.0,0.0,0.0,16.0,7.0,1.0,0,5,5,0.0,0.0,6.0,3.0,10.0,120.0,105.0,0.625,0.875,0.0,,,,0.2,1.0,0.8,0.6,0.4,0.1,0.5,0.2,0.8,0.7,0.1,0.0,0.0,0.0,0.0,0.0,1.6,0.7,0.1,0.0,0.5,0.5,0.0,0.0,0.6,0.3,1.0,12.0,10.5,1.0
2024,001821,Tre Leclaire,Tre,Leclaire,M,Midfield,10,ARC,Archers,2024-06-01,2024-08-18,23.0,23.0,19.0,2.0,21.0,0.0,42.0,28,6.0,0.0,0.0,0.0,0.0,0.0,8.0,8.0,0.0,0,0,0,0.0,0.0,4.0,3.0,10.0,169.0,119.0,0.5,0.6666666666666666,,,,,0.0,0.3333333333333333,2.3,2.3,1.9,0.2,2.1,0.0,4.2,2.8,0.6,0.0,0.0,0.0,0.0,0.0,0.8,0.8,0.0,0.0,0.0,0.0,0.0,0.0,0.4,0.3,1.0,16.9,11.9,1.0
2024,001824,Ryan Tierney,Ryan,Tierney,M,Midfield,4,RED,Redwoods,2024-07-20,2024-08-03,1.0,0.0,0.0,0.0,0.0,1.0,5.0,1,0.0,0.0,0.0,0.0,0.0,0.0,1.0,5.0,1.0,0,0,0,0.0,0.0,0.0,0.0,2.0,59.0,49.0,0.0,0.2,,,,,0.5,,0.25,0.0,0.0,0.0,0.0,0.25,1.25,0.25,0.0,0.0,0.0,0.0,0.0,0.0,0.25,1.25,0.25,0.0,0.0,0.0,0.0,0.0,0.0,0.0,0.5,14.75,12.25,0.5
2024,001826,Jeff Trainor,Jeff,Trainor,SSDM,Defensive Midfield,10,CAN,Cannons,2024-06-01,2024-08-17,10.0,6.0,4.0,1.0,5.0,4.0,11.0,7,4.0,0.0,0.0,0.0,0.0,0.0,14.0,5.0,6.0,0,0,0,0.0,0.0,4.0,2.0,12.0,91.0,75.0,0.45454545454545453,0.6363636363636364,,,,,0.3333333333333333,0.25,1.0,0.6,0.4,0.1,0.5,0.4,1.1,0.7,0.4,0.0,0.0,0.0,0.0,0.0,1.4,0.5,0.6,0.0,0.0,0.0,0.0,0.0,0.4,0.2,1.2,9.1,7.5,1.2
2024,001828,Justin Anderson,Justin,Anderson,M,Midfield,10,OUT,Outlaws,2024-06-02,2024-08-18,19.0,13.0,11.0,1.0,12.0,6.0,37.0,22,1.0,0.0,0.0,0.0,0.0,0.0,21.0,11.0,5.0,0,0,0,0.0,0.0,0.0,0.0,14.0,187.0,139.0,0.32432432432432434,0.5945945945945946,,,,,0.42857142857142855,1.0,1.9,1.3,1.1,0.1,1.2,0.6,3.7,2.2,0.1,0.0,0.0,0.0,0.0,0.0,2.1,1.1,0.5,0.0,0.0,0.0,0.0,0.0,0.0,0.0,1.4,18.7,13.9,1.4
2024,001831,Colin Squires,Colin,Squires,LSM,Long Stick Midfield,10,WHP,Whipsnakes,2024-06-02,2024-08-10,2.0,1.0,1.0,0.0,1.0,1.0,4.0,1,2.0,0.0,0.0,0.0,0.0,0.0,39.0,1.0,5.0,0,0,0,0.0,0.0,1.0,0.5,1.0,55.0,50.0,0.25,0.25,,,,,1.0,0.0,0.2,0.1,0.1,0.0,0.1,0.1,0.4,0.1,0.2,0.0,0.0,0.0,0.0,0.0,3.9,0.1,0.5,0.0,0.0,0.0,0.0,0.0,0.1,0.05,0.1,5.5,5.0,0.1
2024,001832,Charlie Bertrand,Charlie,Bertrand,M,Midfield,10,RED,Redwoods,2024-06-07,2024-08-17,17.0,15.0,13.0,1.0,14.0,2.0,52.0,36,2.0,0.0,0.0,0.0,0.0,0.0,5.0,9.0,0.0,0,0,0,0.0,0.0,0.0,0.0,12.0,225.0,164.0,0.2692307692307692,0.6923076923076923,,,,,0.16666666666666666,0.5,1.7,1.5,1.3,0.1,1.4,0.2,5.2,3.6,0.2,0.0,0.0,0.0,0.0,0.0,0.5,0.9,0.0,0.0,0.0,0.0,0.0,0.0,0.0,0.0,1.2,22.5,16.4,1.2
2024,001835,Ethan Walker,Ethan,Walker,A,Attack,10,WAT,Waterdogs,2024-06-01,2024-08-17,10.0,5.0,5.0,0.0,5.0,5.0,29.0,19,0.0,0.0,0.0,0.0,0.0,0.0,11.0,9.0,2.0,0,0,0,0.0,0.0,0.0,0.0,20.0,262.0,224.0,0.1724137931034483,0.6551724137931034,,,,,0.25,,1.0,0.5,0.5,0.0,0.5,0.5,2.9,1.9,0.0,0.0,0.0,0.0,0.0,0.0,1.1,0.9,0.2,0.0,0.0,0.0,0.0,0.0,0.0,0.0,2.0,26.2,22.4,2.0
2024,001836,Jackson Morrill,Jackson,Morrill,A,Attack,3,WHP,Whipsnakes,2024-06-02,2024-06-16,7.0,2.0,2.0,0.0,2.0,5.0,6.0,6,0.0,0.0,0.0,0.0,0.0,0.0,3.0,4.0,0.0,0,0,0,0.0,0.0,0.0,0.0,8.0,39.0,29.0,0.3333333333333333,1.0,,,,,0.625,,2.3333333333333335,0.6666666666666666,0.6666666666666666,0.0,0.6666666666666666,1.6666666666666667,2.0,2.0,0.0,0.0,0.0,0.0,0.0,0.0,1.0,1.3333333333333333,0.0,0.0,0.0,0.0,0.0,0.0,0.0,0.0,2.6666666666666665,13.0,9.666666666666666,2.6666666666666665
2024,001839,Nick Grill,Nick,Grill,LSM,Long Stick Midfield,9,OUT,Outlaws,2024-06-02,2024-08-18,0.0,0.0,0.0,0.0,0.0,0.0,1.0,0,1.0,0.0,0.0,0.0,0.0,0.0,14.0,1.0,7.0,0,0,0,0.0,0.0,1.0,1.0,1.0,29.0,27.0,0.0,0.0,,,,,0.0,0.0,0.0,0.0,0.0,0.0,0.0,0.0,0.1111111111111111,0.0,0.1111111111111111,0.0,0.0,0.0,0.0,0.0,1.5555555555555556,0.1111111111111111,0.7777777777777778,0.0,0.0,0.0,0.0,0.0,0.1111111111111111,0.1111111111111111,0.1111111111111111,3.2222222222222223,3.0,0.1111111111111111
2024,002006,Reid Bowering,Reid,Bowering,M,Midfield,3,ATL,Atlas,2024-06-01,2024-06-08,3.0,2.0,2.0,0.0,2.0,1.0,8.0,4,0.0,0.0,0.0,0.0,0.0,0.0,7.0,3.0,0.0,0,0,0,0.0,0.0,1.0,0.5,1.0,24.0,13.0,0.25,0.5,,,,,1.0,,1.0,0.6666666666666666,0.6666666666666666,0.0,0.6666666666666666,0.3333333333333333,2.6666666666666665,1.3333333333333333,0.0,0.0,0.0,0.0,0.0,0.0,2.3333333333333335,1.0,0.0,0.0,0.0,0.0,0.0,0.0,0.3333333333333333,0.16666666666666666,0.3333333333333333,8.0,4.333333333333333,0.3333333333333333
2024,002015,Logan Wisnauskas,Logan,Wisnauskas,A,Attack,1,OUT,Outlaws,2024-06-02,2024-06-02,4.0,3.0,3.0,0.0,3.0,1.0,7.0,6,0.0,0.0,0.0,0.0,0.0,0.0,5.0,2.0,0.0,0,0,0,0.0,0.0,0.0,0.0,1.0,39.0,30.0,0.42857142857142855,0.8571428571428571,,,,,1.0,,4.0,3.0,3.0,0.0,3.0,1.0,7.0,6.0,0.0,0.0,0.0,0.0,0.0,0.0,5.0,2.0,0.0,0.0,0.0,0.0,0.0,0.0,0.0,0.0,1.0,39.0,30.0,1.0
2024,002016,Chris Gray,Chris,Gray,A,Attack,8,RED,Redwoods,2024-06-16,2024-08-17,12.0,8.0,8.0,0.0,8.0,4.0,37.0,22,3.0,0.0,0.0,0.0,0.0,0.0,8.0,13.0,1.0,0,0,0,0.0,0.0,0.0,0.0,25.0,238.0,188.0,0.21621621621621623,0.5945945945945946,,,,,0.16,0.0,1.5,1.0,1.0,0.0,1.0,0.5,4.625,2.75,0.375,0.0,0.0,0.0,0.0,0.0,1.0,1.625,0.125,0.0,0.0,0.0,0.0,0.0,0.0,0.0,3.125,29.75,23.5,3.125
2024,002017,Arden Cohen,Arden,Cohen,D,Defense,10,RED,Redwoods,2024-06-07,2024-08-17,1.0,0.0,0.0,0.0,0.0,1.0,1.0,1,0.0,0.0,0.0,0.0,0.0,0.0,28.0,2.0,9.0,0,0,0,0.0,0.0,6.0,6.5,1.0,49.0,46.0,0.0,1.0,,,,,1.0,,0.1,0.0,0.0,0.0,0.0,0.1,0.1,0.1,0.0,0.0,0.0,0.0,0.0,0.0,2.8,0.2,0.9,0.0,0.0,0.0,0.0,0.0,0.6,0.65,0.1,4.9,4.6,0.1
2024,002018,Matt Moore,Matt,Moore,A,Attack,7,ARC,Archers,2024-06-01,2024-08-04,10.0,6.0,4.0,1.0,5.0,4.0,29.0,13,4.0,0.0,0.0,0.0,0.0,0.0,9.0,9.0,0.0,0,0,0,0.0,0.0,1.0,1.0,15.0,165.0,127.0,0.1724137931034483,0.4482758620689655,,,,,0.26666666666666666,0.25,1.4285714285714286,0.8571428571428571,0.5714285714285714,0.14285714285714285,0.7142857142857143,0.5714285714285714,4.142857142857143,1.8571428571428572,0.5714285714285714,0.0,0.0,0.0,0.0,0.0,1.2857142857142858,1.2857142857142858,0.0,0.0,0.0,0.0,0.0,0.0,0.14285714285714285,0.14285714285714285,2.142857142857143,23.571428571428573,18.142857142857142,2.142857142857143
2024,002019,Koby Smith,Koby,Smith,LSM,Long Stick Midfield,10,ATL,Atlas,2024-06-01,2024-08-17,6.0,4.0,0.0,2.0,2.0,2.0,11.0,8,7.0,0.0,0.0,0.0,0.0,0.0,13.0,2.0,5.0,0,0,0,0.0,0.0,2.0,2.0,5.0,51.0,38.0,0.18181818181818182,0.7272727272727273,,,,,0.4,0.2857142857142857,0.6,0.4,0.0,0.2,0.2,0.2,1.1,0.8,0.7,0.0,0.0,0.0,0.0,0.0,1.3,0.2,0.5,0.0,0.0,0.0,0.0,0.0,0.2,0.2,0.5,5.1,3.8,0.5
2024,002020,Brett Kennedy,Brett,Kennedy,LSM,Long Stick Midfield,1,WHP,Whipsnakes,2024-06-16,2024-06-16,0.0,0.0,0.0,0.0,0.0,0.0,0.0,0,0.0,0.0,0.0,0.0,0.0,0.0,0.0,1.0,0.0,0,0,0,0.0,0.0,0.0,0.0,0.0,3.0,2.0,,,,,,,,,0.0,0.0,0.0,0.0,0.0,0.0,0.0,0.0,0.0,0.0,0.0,0.0,0.0,0.0,0.0,1.0,0.0,0.0,0.0,0.0,0.0,0.0,0.0,0.0,0.0,3.0,2.0,0.0
2024,002021,Roman Puglise,Roman,Puglise,SSDM,Defensive Midfield,10,WHP,Whipsnakes,2024-06-02,2024-08-10,6.0,5.0,3.0,1.0,4.0,1.0,7.0,5,1.0,0.0,0.0,0.0,0.0,0.0,12.0,6.0,2.0,0,1,1,0.0,0.0,2.0,2.5,5.0,91.0,78.0,0.5714285714285714,0.7142857142857143,0.0,,,,0.2,1.0,0.6,0.5,0.3,0.1,0.4,0.1,0.7,0.5,0.1,0.0,0.0,0.0,0.0,0.0,1.2,0.6,0.2,0.0,0.1,0.1,0.0,0.0,0.2,0.25,0.5,9.1,7.8,0.5
2024,002022,Zach Geddes,Zach,Geddes,SSDM,Defensive Midfield,10,CHA,Chaos,2024-06-02,2024-08-17,6.0,5.0,5.0,0.0,5.0,1.0,18.0,11,2.0,0.0,0.0,0.0,0.0,0.0,17.0,1.0,6.0,0,1,1,0.0,0.0,2.0,1.0,2.0,76.0,57.0,0.2777777777777778,0.6111111111111112,0.0,,,,0.5,0.0,0.6,0.5,0.5,0.0,0.5,0.1,1.8,1.1,0.2,0.0,0.0,0.0,0.0,0.0,1.7,0.1,0.6,0.0,0.1,0.1,0.0,0.0,0.2,0.1,0.2,7.6,5.7,0.2
2024,002024,Asher Nolting,Asher,Nolting,A,Attack,10,CAN,Cannons,2024-06-01,2024-08-17,39.0,11.0,11.0,0.0,11.0,28.0,41.0,26,1.0,0.0,0.0,0.0,0.0,0.0,14.0,30.0,2.0,0,1,1,0.0,0.0,3.0,2.5,67.0,316.0,245.0,0.2682926829268293,0.6341463414634146,0.0,,,,0.417910447761194,0.0,3.9,1.1,1.1,0.0,1.1,2.8,4.1,2.6,0.1,0.0,0.0,0.0,0.0,0.0,1.4,3.0,0.2,0.0,0.1,0.1,0.0,0.0,0.3,0.25,6.7,31.6,24.5,6.7
2024,002025,Bubba Fairman,Bubba,Fairman,SSDM,Defensive Midfield,10,CAN,Cannons,2024-06-01,2024-08-17,0.0,0.0,0.0,0.0,0.0,0.0,5.0,3,0.0,0.0,0.0,0.0,0.0,0.0,8.0,4.0,3.0,2,3,5,0.0,0.0,2.0,1.5,2.0,77.0,68.0,0.0,0.6,0.4,,,,0.0,,0.0,0.0,0.0,0.0,0.0,0.0,0.5,0.3,0.0,0.0,0.0,0.0,0.0,0.0,0.8,0.4,0.3,0.2,0.3,0.5,0.0,0.0,0.2,0.15,0.2,7.7,6.8,0.2
2024,002026,Brett Dobson,Brett,Dobson,G,Goalie,10,ARC,Archers,2024-06-01,2024-08-18,1.0,0.0,0.0,0.0,0.0,1.0,2.0,1,2.0,147.0,46.0,101.0,120.0,118.03368946238609,24.0,6.0,3.0,0,0,0,110.0,10.0,0.0,0.0,2.0,148.0,140.0,0.0,0.5,,0.5719844357976653,31.292517006802722,0.17898832684824903,0.5,0.0,0.1,0.0,0.0,0.0,0.0,0.1,0.2,0.1,0.2,14.7,4.6,10.1,12.0,11.80336894623861,2.4,0.6,0.3,0.0,0.0,0.0,11.0,1.0,0.0,0.0,0.2,14.8,14.0,0.2
2024,002028,Jack Hannah,Jack,Hannah,M,Midfield,7,WAT,Waterdogs,2024-06-30,2024-08-17,12.0,9.0,9.0,0.0,9.0,3.0,46.0,26,5.0,0.0,0.0,0.0,0.0,0.0,11.0,15.0,1.0,0,0,0,0.0,0.0,1.0,0.5,12.0,156.0,95.0,0.1956521739130435,0.5652173913043478,,,,,0.25,0.0,1.7142857142857142,1.2857142857142858,1.2857142857142858,0.0,1.2857142857142858,0.42857142857142855,6.571428571428571,3.7142857142857144,0.7142857142857143,0.0,0.0,0.0,0.0,0.0,1.5714285714285714,2.142857142857143,0.14285714285714285,0.0,0.0,0.0,0.0,0.0,0.14285714285714285,0.07142857142857142,1.7142857142857142,22.285714285714285,13.571428571428571,1.7142857142857142
2024,002029,Wheaton Jackoboice,Wheaton,Jackoboice,SSDM,Defensive Midfield,6,WHP,Whipsnakes,2024-06-02,2024-08-04,1.0,1.0,1.0,0.0,1.0,0.0,6.0,4,2.0,0.0,0.0,0.0,0.0,0.0,5.0,1.0,1.0,0,0,0,0.0,0.0,0.0,0.0,0.0,43.0,36.0,0.16666666666666666,0.6666666666666666,,,,,,0.0,0.16666666666666666,0.16666666666666666,0.16666666666666666,0.0,0.16666666666666666,0.0,1.0,0.6666666666666666,0.3333333333333333,0.0,0.0,0.0,0.0,0.0,0.8333333333333334,0.16666666666666666,0.16666666666666666,0.0,0.0,0.0,0.0,0.0,0.0,0.0,0.0,7.166666666666667,6.0,0.0
2024,002030,Jonathan Donville,Jonathan,Donville,M,Midfield,1,CAN,Cannons,2024-06-29,2024-06-29,0.0,0.0,0.0,0.0,0.0,0.0,2.0,1,0.0,0.0,0.0,0.0,0.0,0.0,0.0,4.0,0.0,0,0,0,0.0,0.0,0.0,0.0,1.0,20.0,14.0,0.0,0.5,,,,,0.0,,0.0,0.0,0.0,0.0,0.0,0.0,2.0,1.0,0.0,0.0,0.0,0.0,0.0,0.0,0.0,4.0,0.0,0.0,0.0,0.0,0.0,0.0,0.0,0.0,1.0,20.0,14.0,1.0
2024,002031,Ryan McNulty,Ryan,McNulty,LSM,Long Stick Midfield,3,CHA,Chaos,2024-06-08,2024-08-04,0.0,0.0,0.0,0.0,0.0,0.0,0.0,0,0.0,0.0,0.0,0.0,0.0,0.0,6.0,0.0,1.0,0,0,0,0.0,0.0,0.0,0.0,2.0,9.0,9.0,,,,,,,0.0,,0.0,0.0,0.0,0.0,0.0,0.0,0.0,0.0,0.0,0.0,0.0,0.0,0.0,0.0,2.0,0.0,0.3333333333333333,0.0,0.0,0.0,0.0,0.0,0.0,0.0,0.6666666666666666,3.0,3.0,0.6666666666666666
2024,002033,Nakeie Montgomery,Nakeie,Montgomery,M,Midfield,8,RED,Redwoods,2024-06-07,2024-08-17,4.0,2.0,2.0,0.0,2.0,2.0,17.0,11,2.0,0.0,0.0,0.0,0.0,0.0,8.0,7.0,1.0,0,1,1,0.0,0.0,0.0,0.0,6.0,92.0,68.0,0.11764705882352941,0.6470588235294118,0.0,,,,0.3333333333333333,0.0,0.5,0.25,0.25,0.0,0.25,0.25,2.125,1.375,0.25,0.0,0.0,0.0,0.0,0.0,1.0,0.875,0.125,0.0,0.125,0.125,0.0,0.0,0.0,0.0,0.75,11.5,8.5,0.75
2024,002034,Keegan Khan,Keegan,Khan,M,Midfield,3,WHP,Whipsnakes,2024-06-02,2024-07-20,1.0,1.0,1.0,0.0,1.0,0.0,8.0,7,0.0,0.0,0.0,0.0,0.0,0.0,3.0,0.0,1.0,0,0,0,0.0,0.0,0.0,0.0,0.0,44.0,36.0,0.125,0.875,,,,,,,0.3333333333333333,0.3333333333333333,0.3333333333333333,0.0,0.3333333333333333,0.0,2.6666666666666665,2.3333333333333335,0.0,0.0,0.0,0.0,0.0,0.0,1.0,0.0,0.3333333333333333,0.0,0.0,0.0,0.0,0.0,0.0,0.0,0.0,14.666666666666666,12.0,0.0
2024,002038,Colin Kirst,Colin,Kirst,G,Goalie,10,CAN,Cannons,2024-06-01,2024-08-17,0.0,0.0,0.0,0.0,0.0,0.0,0.0,0,0.0,129.0,44.0,85.0,115.0,114.44839149651841,24.0,2.0,1.0,0,0,0,111.0,4.0,0.0,0.0,1.0,165.0,163.0,,,,0.5375,34.10852713178294,0.18333333333333332,0.0,,0.0,0.0,0.0,0.0,0.0,0.0,0.0,0.0,0.0,12.9,4.4,8.5,11.5,11.444839149651841,2.4,0.2,0.1,0.0,0.0,0.0,11.1,0.4,0.0,0.0,0.1,16.5,16.3,0.1
2024,002039,Owen McElroy,Owen,McElroy,G,Goalie,9,OUT,Outlaws,2024-06-08,2024-08-18,0.0,0.0,0.0,0.0,0.0,0.0,1.0,1,1.0,104.0,26.0,78.0,104.0,107.48739360724971,21.0,3.0,1.0,0,0,0,97.0,7.0,0.0,0.0,0.0,125.0,121.0,0.0,1.0,,0.5174129353233831,25.0,0.12935323383084577,,0.0,0.0,0.0,0.0,0.0,0.0,0.0,0.1111111111111111,0.1111111111111111,0.1111111111111111,11.555555555555555,2.888888888888889,8.666666666666666,11.555555555555555,11.943043734138858,2.3333333333333335,0.3333333333333333,0.1111111111111111,0.0,0.0,0.0,10.777777777777779,0.7777777777777778,0.0,0.0,0.0,13.88888888888889,13.444444444444445,0.0
2024,002042,Jon Robbins,Jon,Robbins,LSM,Long Stick Midfield,9,ARC,Archers,2024-06-01,2024-08-17,0.0,0.0,0.0,0.0,0.0,0.0,2.0,1,0.0,0.0,0.0,0.0,0.0,0.0,18.0,2.0,6.0,0,0,0,0.0,0.0,0.0,0.0,0.0,33.0,29.0,0.0,0.5,,,,,,,0.0,0.0,0.0,0.0,0.0,0.0,0.2222222222222222,0.1111111111111111,0.0,0.0,0.0,0.0,0.0,0.0,2.0,0.2222222222222222,0.6666666666666666,0.0,0.0,0.0,0.0,0.0,0.0,0.0,0.0,3.6666666666666665,3.2222222222222223,0.0
2024,002043,Ryan Aughavin,Ryan,Aughavin,M,Midfield,6,ARC,Archers,2024-06-01,2024-08-18,4.0,2.0,0.0,1.0,1.0,2.0,12.0,8,6.0,0.0,0.0,0.0,0.0,0.0,2.0,4.0,0.0,0,0,0,0.0,0.0,0.0,0.0,4.0,58.0,42.0,0.08333333333333333,0.6666666666666666,,,,,0.5,0.16666666666666666,0.6666666666666666,0.3333333333333333,0.0,0.16666666666666666,0.16666666666666666,0.3333333333333333,2.0,1.3333333333333333,1.0,0.0,0.0,0.0,0.0,0.0,0.3333333333333333,0.6666666666666666,0.0,0.0,0.0,0.0,0.0,0.0,0.0,0.0,0.6666666666666666,9.666666666666666,7.0,0.6666666666666666
2024,002054,Chris Merle,Chris,Merle,SSDM,Defensive Midfield,10,RED,Redwoods,2024-06-07,2024-08-17,2.0,2.0,2.0,0.0,2.0,0.0,8.0,5,2.0,0.0,0.0,0.0,0.0,0.0,17.0,3.0,14.0,0,0,0,0.0,0.0,4.0,2.5,1.0,73.0,62.0,0.25,0.625,,,,,0.0,0.0,0.2,0.2,0.2,0.0,0.2,0.0,0.8,0.5,0.2,0.0,0.0,0.0,0.0,0.0,1.7,0.3,1.4,0.0,0.0,0.0,0.0,0.0,0.4,0.25,0.1,7.3,6.2,0.1
2024,002059,Brendan Krebs,Brendan,Krebs,G,Goalie,10,WHP,Whipsnakes,2024-06-02,2024-08-10,0.0,0.0,0.0,0.0,0.0,0.0,0.0,0,0.0,124.0,45.0,79.0,116.0,121.07806948289773,30.0,6.0,4.0,0,0,0,110.0,6.0,0.0,0.0,1.0,155.0,149.0,,,,0.5299145299145299,36.29032258064516,0.19230769230769232,0.0,,0.0,0.0,0.0,0.0,0.0,0.0,0.0,0.0,0.0,12.4,4.5,7.9,11.6,12.107806948289774,3.0,0.6,0.4,0.0,0.0,0.0,11.0,0.6,0.0,0.0,0.1,15.5,14.9,0.1
2024,002063,Ryan Kennedy,Ryan,Kennedy,LSM,Long Stick Midfield,2,RED,Redwoods,2024-06-07,2024-08-03,0.0,0.0,0.0,0.0,0.0,0.0,1.0,1,0.0,0.0,0.0,0.0,0.0,0.0,1.0,0.0,0.0,0,0,0,0.0,0.0,0.0,0.0,1.0,8.0,7.0,0.0,1.0,,,,,0.0,,0.0,0.0,0.0,0.0,0.0,0.0,0.5,0.5,0.0,0.0,0.0,0.0,0.0,0.0,0.5,0.0,0.0,0.0,0.0,0.0,0.0,0.0,0.0,0.0,0.5,4.0,3.5,0.5
2024,002067,Zac Tucci,Zac,Tucci,FO,Faceoff,9,CAN,Cannons,2024-06-08,2024-08-17,4.0,4.0,2.0,1.0,3.0,0.0,22.0,10,11.0,0.0,0.0,0.0,0.0,0.0,63.0,5.0,2.0,100,109,209,0.0,0.0,2.0,1.0,4.0,59.0,32.0,0.13636363636363635,0.45454545454545453,0.4784688995215311,,,,0.0,0.09090909090909091,0.4444444444444444,0.4444444444444444,0.2222222222222222,0.1111111111111111,0.3333333333333333,0.0,2.4444444444444446,1.1111111111111112,1.2222222222222223,0.0,0.0,0.0,0.0,0.0,7.0,0.5555555555555556,0.2222222222222222,11.11111111111111,12.11111111111111,23.22222222222222,0.0,0.0,0.2222222222222222,0.1111111111111111,0.4444444444444444,6.555555555555555,3.5555555555555554,0.4444444444444444
2024,002074,Alexander Smith,Alexander,Smith,SSDM,Defensive Midfield,7,OUT,Outlaws,2024-06-29,2024-08-18,0.0,0.0,0.0,0.0,0.0,0.0,0.0,0,0.0,0.0,0.0,0.0,0.0,0.0,5.0,2.0,3.0,0,1,1,0.0,0.0,1.0,0.5,0.0,23.0,21.0,,,0.0,,,,,,0.0,0.0,0.0,0.0,0.0,0.0,0.0,0.0,0.0,0.0,0.0,0.0,0.0,0.0,0.7142857142857143,0.2857142857142857,0.42857142857142855,0.0,0.14285714285714285,0.14285714285714285,0.0,0.0,0.14285714285714285,0.07142857142857142,0.0,3.2857142857142856,3.0,0.0
2024,003004,Mike Sisselberger,Mike,Sisselberger,FO,Faceoff,10,ARC,Archers,2024-06-01,2024-08-18,1.0,1.0,1.0,0.0,1.0,0.0,8.0,2,0.0,0.0,0.0,0.0,0.0,0.0,94.0,19.0,1.0,149,104,255,0.0,0.0,1.0,0.5,2.0,86.0,59.0,0.125,0.25,0.5843137254901961,,,,0.0,,0.1,0.1,0.1,0.0,0.1,0.0,0.8,0.2,0.0,0.0,0.0,0.0,0.0,0.0,9.4,1.9,0.1,14.9,10.4,25.5,0.0,0.0,0.1,0.05,0.2,8.6,5.9,0.2
2024,003005,Connor Maher,Connor,Maher,SSDM,Defensive Midfield,10,ARC,Archers,2024-06-01,2024-08-18,0.0,0.0,0.0,0.0,0.0,0.0,3.0,3,2.0,0.0,0.0,0.0,0.0,0.0,11.0,1.0,5.0,0,5,5,0.0,0.0,1.0,1.0,3.0,66.0,62.0,0.0,1.0,0.0,,,,0.0,0.0,0.0,0.0,0.0,0.0,0.0,0.0,0.3,0.3,0.2,0.0,0.0,0.0,0.0,0.0,1.1,0.1,0.5,0.0,0.5,0.5,0.0,0.0,0.1,0.1,0.3,6.6,6.2,0.3
2024,003006,Piper Bond,Piper,Bond,SSDM,Defensive Midfield,10,ARC,Archers,2024-06-01,2024-08-18,2.0,2.0,2.0,0.0,2.0,0.0,7.0,5,1.0,0.0,0.0,0.0,0.0,0.0,23.0,10.0,3.0,0,2,2,0.0,0.0,5.0,3.0,7.0,125.0,108.0,0.2857142857142857,0.7142857142857143,0.0,,,,0.0,0.0,0.2,0.2,0.2,0.0,0.2,0.0,0.7,0.5,0.1,0.0,0.0,0.0,0.0,0.0,2.3,1.0,0.3,0.0,0.2,0.2,0.0,0.0,0.5,0.3,0.7,12.5,10.8,0.7
2024,003007,Cam Wyers,Cam,Wyers,D,Defense,10,ARC,Archers,2024-06-01,2024-08-18,1.0,0.0,0.0,0.0,0.0,1.0,4.0,1,2.0,0.0,0.0,0.0,0.0,0.0,20.0,1.0,6.0,0,0,0,0.0,0.0,4.0,3.5,3.0,39.0,34.0,0.0,0.25,,,,,0.3333333333333333,0.0,0.1,0.0,0.0,0.0,0.0,0.1,0.4,0.1,0.2,0.0,0.0,0.0,0.0,0.0,2.0,0.1,0.6,0.0,0.0,0.0,0.0,0.0,0.4,0.35,0.3,3.9,3.4,0.3
2024,003008,Gavin Adler,Gavin,Adler,D,Defense,10,ATL,Atlas,2024-06-01,2024-08-17,0.0,0.0,0.0,0.0,0.0,0.0,0.0,0,0.0,0.0,0.0,0.0,0.0,0.0,16.0,2.0,19.0,0,0,0,0.0,0.0,1.0,0.5,0.0,60.0,58.0,,,,,,,,,0.0,0.0,0.0,0.0,0.0,0.0,0.0,0.0,0.0,0.0,0.0,0.0,0.0,0.0,1.6,0.2,1.9,0.0,0.0,0.0,0.0,0.0,0.1,0.05,0.0,6.0,5.8,0.0
2024,003009,Brett Makar,Brett,Makar,D,Defense,10,ATL,Atlas,2024-06-01,2024-08-17,2.0,0.0,0.0,0.0,0.0,2.0,2.0,1,2.0,0.0,0.0,0.0,0.0,0.0,20.0,5.0,6.0,0,0,0,0.0,0.0,3.0,2.0,2.0,84.0,77.0,0.0,0.5,,,,,1.0,0.0,0.2,0.0,0.0,0.0,0.0,0.2,0.2,0.1,0.2,0.0,0.0,0.0,0.0,0.0,2.0,0.5,0.6,0.0,0.0,0.0,0.0,0.0,0.3,0.2,0.2,8.4,7.7,0.2
2024,003010,Xander Dickson,Xander,Dickson,A,Attack,10,ATL,Atlas,2024-06-01,2024-08-17,30.0,24.0,24.0,0.0,24.0,6.0,58.0,41,0.0,0.0,0.0,0.0,0.0,0.0,14.0,11.0,4.0,0,0,0,0.0,0.0,4.0,2.5,20.0,194.0,125.0,0.41379310344827586,0.7068965517241379,,,,,0.3,,3.0,2.4,2.4,0.0,2.4,0.6,5.8,4.1,0.0,0.0,0.0,0.0,0.0,0.0,1.4,1.1,0.4,0.0,0.0,0.0,0.0,0.0,0.4,0.25,2.0,19.4,12.5,2.0
2024,003011,Payton Rezanka,Payton,Rezanka,SSDM,Defensive Midfield,10,ATL,Atlas,2024-06-01,2024-08-17,2.0,2.0,2.0,0.0,2.0,0.0,5.0,4,0.0,0.0,0.0,0.0,0.0,0.0,5.0,1.0,4.0,0,1,1,0.0,0.0,3.0,2.0,2.0,36.0,30.0,0.4,0.8,0.0,,,,0.0,,0.2,0.2,0.2,0.0,0.2,0.0,0.5,0.4,0.0,0.0,0.0,0.0,0.0,0.0,0.5,0.1,0.4,0.0,0.1,0.1,0.0,0.0,0.3,0.2,0.2,3.6,3.0,0.2
2024,003013,Matt Campbell,Matt,Campbell,M,Midfield,10,CAN,Cannons,2024-06-01,2024-08-17,25.0,19.0,9.0,5.0,14.0,6.0,51.0,32,17.0,0.0,0.0,0.0,0.0,0.0,13.0,6.0,0.0,0,0,0,0.0,0.0,0.0,0.0,21.0,261.0,204.0,0.27450980392156865,0.6274509803921569,,,,,0.2857142857142857,0.29411764705882354,2.5,1.9,0.9,0.5,1.4,0.6,5.1,3.2,1.7,0.0,0.0,0.0,0.0,0.0,1.3,0.6,0.0,0.0,0.0,0.0,0.0,0.0,0.0,0.0,2.1,26.1,20.4,2.1
2024,003015,Will Bowen,Will,Bowen,D,Defense,9,CHA,Chaos,2024-06-02,2024-08-17,0.0,0.0,0.0,0.0,0.0,0.0,1.0,0,1.0,0.0,0.0,0.0,0.0,0.0,16.0,3.0,4.0,0,0,0,0.0,0.0,3.0,3.0,1.0,45.0,41.0,0.0,0.0,,,,,0.0,0.0,0.0,0.0,0.0,0.0,0.0,0.0,0.1111111111111111,0.0,0.1111111111111111,0.0,0.0,0.0,0.0,0.0,1.7777777777777777,0.3333333333333333,0.4444444444444444,0.0,0.0,0.0,0.0,0.0,0.3333333333333333,0.3333333333333333,0.1111111111111111,5.0,4.555555555555555,0.1111111111111111
2024,003016,Brian Minicus,Brian,Minicus,M,Midfield,10,CHA,Chaos,2024-06-02,2024-08-17,10.0,6.0,6.0,0.0,6.0,4.0,30.0,15,1.0,0.0,0.0,0.0,0.0,0.0,10.0,12.0,0.0,0,0,0,0.0,0.0,1.0,1.0,9.0,147.0,105.0,0.2,0.5,,,,,0.4444444444444444,0.0,1.0,0.6,0.6,0.0,0.6,0.4,3.0,1.5,0.1,0.0,0.0,0.0,0.0,0.0,1.0,1.2,0.0,0.0,0.0,0.0,0.0,0.0,0.1,0.1,0.9,14.7,10.5,0.9
2024,003017,Tye Kurtz,Tye,Kurtz,A,Attack,7,CHA,Chaos,2024-06-02,2024-08-17,12.0,9.0,7.0,1.0,8.0,3.0,24.0,16,1.0,0.0,0.0,0.0,0.0,0.0,9.0,9.0,0.0,0,0,0,0.0,0.0,1.0,0.5,9.0,150.0,117.0,0.3333333333333333,0.6666666666666666,,,,,0.3333333333333333,1.0,1.7142857142857142,1.2857142857142858,1.0,0.14285714285714285,1.1428571428571428,0.42857142857142855,3.4285714285714284,2.2857142857142856,0.14285714285714285,0.0,0.0,0.0,0.0,0.0,1.2857142857142858,1.2857142857142858,0.0,0.0,0.0,0.0,0.0,0.0,0.14285714285714285,0.07142857142857142,1.2857142857142858,21.428571428571427,16.714285714285715,1.2857142857142858
2024,003018,Nick Rowlett,Nick,Rowlett,FO,Faceoff,9,CHA,Chaos,2024-06-02,2024-08-10,2.0,1.0,1.0,0.0,1.0,1.0,11.0,6,0.0,0.0,0.0,0.0,0.0,0.0,51.0,8.0,2.0,76,129,207,0.0,0.0,2.0,1.0,4.0,51.0,32.0,0.09090909090909091,0.5454545454545454,0.3671497584541063,,,,0.25,,0.2222222222222222,0.1111111111111111,0.1111111111111111,0.0,0.1111111111111111,0.1111111111111111,1.2222222222222223,0.6666666666666666,0.0,0.0,0.0,0.0,0.0,0.0,5.666666666666667,0.8888888888888888,0.2222222222222222,8.444444444444445,14.333333333333334,23.0,0.0,0.0,0.2222222222222222,0.1111111111111111,0.4444444444444444,5.666666666666667,3.5555555555555554,0.4444444444444444
2024,003019,Sam Handley,Sam,Handley,M,Midfield,10,OUT,Outlaws,2024-06-02,2024-08-18,16.0,10.0,8.0,1.0,9.0,6.0,45.0,29,5.0,0.0,0.0,0.0,0.0,0.0,3.0,12.0,0.0,0,0,0,0.0,0.0,0.0,0.0,20.0,201.0,144.0,0.2,0.6444444444444445,,,,,0.3,0.2,1.6,1.0,0.8,0.1,0.9,0.6,4.5,2.9,0.5,0.0,0.0,0.0,0.0,0.0,0.3,1.2,0.0,0.0,0.0,0.0,0.0,0.0,0.0,0.0,2.0,20.1,14.4,2.0
2024,003021,Jack Myers,Jack,Myers,A,Attack,2,OUT,Outlaws,2024-06-02,2024-06-08,4.0,3.0,3.0,0.0,3.0,1.0,11.0,7,0.0,0.0,0.0,0.0,0.0,0.0,2.0,2.0,0.0,0,0,0,0.0,0.0,0.0,0.0,7.0,71.0,58.0,0.2727272727272727,0.6363636363636364,,,,,0.14285714285714285,,2.0,1.5,1.5,0.0,1.5,0.5,5.5,3.5,0.0,0.0,0.0,0.0,0.0,0.0,1.0,1.0,0.0,0.0,0.0,0.0,0.0,0.0,0.0,0.0,3.5,35.5,29.0,3.5
2024,003022,Cross Ferrara,Cross,Ferrara,M,Midfield,10,OUT,Outlaws,2024-06-02,2024-08-18,11.0,8.0,6.0,1.0,7.0,3.0,36.0,21,4.0,0.0,0.0,0.0,0.0,0.0,4.0,4.0,0.0,0,0,0,0.0,0.0,0.0,0.0,5.0,138.0,98.0,0.19444444444444445,0.5833333333333334,,,,,0.6,0.25,1.1,0.8,0.6,0.1,0.7,0.3,3.6,2.1,0.4,0.0,0.0,0.0,0.0,0.0,0.4,0.4,0.0,0.0,0.0,0.0,0.0,0.0,0.0,0.0,0.5,13.8,9.8,0.5
2024,003024,Brian Tevlin,Brian,Tevlin,SSDM,Defensive Midfield,9,RED,Redwoods,2024-06-07,2024-08-17,2.0,1.0,1.0,0.0,1.0,1.0,11.0,5,2.0,0.0,0.0,0.0,0.0,0.0,29.0,7.0,11.0,2,7,9,0.0,0.0,3.0,2.0,3.0,113.0,95.0,0.09090909090909091,0.45454545454545453,0.2222222222222222,,,,0.3333333333333333,0.0,0.2222222222222222,0.1111111111111111,0.1111111111111111,0.0,0.1111111111111111,0.1111111111111111,1.2222222222222223,0.5555555555555556,0.2222222222222222,0.0,0.0,0.0,0.0,0.0,3.2222222222222223,0.7777777777777778,1.2222222222222223,0.2222222222222222,0.7777777777777778,1.0,0.0,0.0,0.3333333333333333,0.2222222222222222,0.3333333333333333,12.555555555555555,10.555555555555555,0.3333333333333333
2024,003025,Cole Kirst,Cole,Kirst,M,Midfield,7,RED,Redwoods,2024-06-07,2024-08-17,9.0,5.0,5.0,0.0,5.0,4.0,19.0,17,0.0,0.0,0.0,0.0,0.0,0.0,4.0,6.0,0.0,0,0,0,0.0,0.0,1.0,1.0,8.0,106.0,81.0,0.2631578947368421,0.8947368421052632,,,,,0.5,,1.2857142857142858,0.7142857142857143,0.7142857142857143,0.0,0.7142857142857143,0.5714285714285714,2.7142857142857144,2.4285714285714284,0.0,0.0,0.0,0.0,0.0,0.0,0.5714285714285714,0.8571428571428571,0.0,0.0,0.0,0.0,0.0,0.0,0.14285714285714285,0.14285714285714285,1.1428571428571428,15.142857142857142,11.571428571428571,1.1428571428571428
2024,003027,Thomas McConvey,Thomas,McConvey,M,Midfield,2,WAT,Waterdogs,2024-06-01,2024-06-15,0.0,0.0,0.0,0.0,0.0,0.0,3.0,1,0.0,0.0,0.0,0.0,0.0,0.0,0.0,0.0,1.0,0,0,0,0.0,0.0,0.0,0.0,0.0,16.0,13.0,0.0,0.3333333333333333,,,,,,,0.0,0.0,0.0,0.0,0.0,0.0,1.5,0.5,0.0,0.0,0.0,0.0,0.0,0.0,0.0,0.0,0.5,0.0,0.0,0.0,0.0,0.0,0.0,0.0,0.0,8.0,6.5,0.0
2024,003028,Alex Mazzone,Alex,Mazzone,LSM,Long Stick Midfield,6,WHP,Whipsnakes,2024-07-06,2024-08-10,0.0,0.0,0.0,0.0,0.0,0.0,1.0,0,1.0,0.0,0.0,0.0,0.0,0.0,13.0,2.0,3.0,0,0,0,0.0,0.0,0.0,0.0,0.0,22.0,19.0,0.0,0.0,,,,,,0.0,0.0,0.0,0.0,0.0,0.0,0.0,0.16666666666666666,0.0,0.16666666666666666,0.0,0.0,0.0,0.0,0.0,2.1666666666666665,0.3333333333333333,0.5,0.0,0.0,0.0,0.0,0.0,0.0,0.0,0.0,3.6666666666666665,3.1666666666666665,0.0
2024,003029,Chris Fake,Chris,Fake,D,Defense,10,RED,Redwoods,2024-06-07,2024-08-17,2.0,2.0,0.0,1.0,1.0,0.0,5.0,2,5.0,0.0,0.0,0.0,0.0,0.0,12.0,4.0,2.0,0,0,0,0.0,0.0,0.0,0.0,3.0,74.0,65.0,0.2,0.4,,,,,0.0,0.2,0.2,0.2,0.0,0.1,0.1,0.0,0.5,0.2,0.5,0.0,0.0,0.0,0.0,0.0,1.2,0.4,0.2,0.0,0.0,0.0,0.0,0.0,0.0,0.0,0.3,7.4,6.5,0.3
2024,003030,James Reilly,James,Reilly,FO,Faceoff,1,CHA,Chaos,2024-08-17,2024-08-17,0.0,0.0,0.0,0.0,0.0,0.0,0.0,0,0.0,0.0,0.0,0.0,0.0,0.0,5.0,1.0,0.0,12,12,24,0.0,0.0,0.0,0.0,0.0,5.0,4.0,,,0.5,,,,,,0.0,0.0,0.0,0.0,0.0,0.0,0.0,0.0,0.0,0.0,0.0,0.0,0.0,0.0,5.0,1.0,0.0,12.0,12.0,24.0,0.0,0.0,0.0,0.0,0.0,5.0,4.0,0.0
2024,003031,Tucker Dordevic,Tucker,Dordevic,M,Midfield,4,WHP,Whipsnakes,2024-07-20,2024-08-04,10.0,10.0,4.0,3.0,7.0,0.0,25.0,14,6.0,0.0,0.0,0.0,0.0,0.0,4.0,4.0,0.0,0,0,0,0.0,0.0,0.0,0.0,2.0,80.0,51.0,0.28,0.56,,,,,0.0,0.5,2.5,2.5,1.0,0.75,1.75,0.0,6.25,3.5,1.5,0.0,0.0,0.0,0.0,0.0,1.0,1.0,0.0,0.0,0.0,0.0,0.0,0.0,0.0,0.0,0.5,20.0,12.75,0.5
2024,003032,Petey LaSalla,Petey,LaSalla,FO,Faceoff,1,WHP,Whipsnakes,2024-06-02,2024-06-02,0.0,0.0,0.0,0.0,0.0,0.0,0.0,0,0.0,0.0,0.0,0.0,0.0,0.0,3.0,0.0,0.0,10,18,28,0.0,0.0,0.0,0.0,0.0,4.0,4.0,,,0.35714285714285715,,,,,,0.0,0.0,0.0,0.0,0.0,0.0,0.0,0.0,0.0,0.0,0.0,0.0,0.0,0.0,3.0,0.0,0.0,10.0,18.0,28.0,0.0,0.0,0.0,0.0,0.0,4.0,4.0,0.0
2024,003033,Garrett Leadmon,Garrett,Leadmon,M,Midfield,3,WHP,Whipsnakes,2024-06-02,2024-06-16,2.0,2.0,0.0,1.0,1.0,0.0,13.0,7,4.0,0.0,0.0,0.0,0.0,0.0,1.0,5.0,0.0,0,0,0,0.0,0.0,0.0,0.0,1.0,56.0,38.0,0.07692307692307693,0.5384615384615384,,,,,0.0,0.25,0.6666666666666666,0.6666666666666666,0.0,0.3333333333333333,0.3333333333333333,0.0,4.333333333333333,2.3333333333333335,1.3333333333333333,0.0,0.0,0.0,0.0,0.0,0.3333333333333333,1.6666666666666667,0.0,0.0,0.0,0.0,0.0,0.0,0.0,0.0,0.3333333333333333,18.666666666666668,12.666666666666666,0.3333333333333333
2024,003039,Chet Comizio,Chet,Comizio,SSDM,Defensive Midfield,10,ATL,Atlas,2024-06-01,2024-08-17,3.0,3.0,3.0,0.0,3.0,0.0,7.0,6,0.0,0.0,0.0,0.0,0.0,0.0,12.0,6.0,6.0,0,2,2,0.0,0.0,1.0,0.5,1.0,90.0,77.0,0.42857142857142855,0.8571428571428571,0.0,,,,0.0,,0.3,0.3,0.3,0.0,0.3,0.0,0.7,0.6,0.0,0.0,0.0,0.0,0.0,0.0,1.2,0.6,0.6,0.0,0.2,0.2,0.0,0.0,0.1,0.05,0.1,9.0,7.7,0.1
2024,003041,Ethan Rall,Ethan,Rall,LSM,Long Stick Midfield,10,CAN,Cannons,2024-06-01,2024-08-17,2.0,1.0,1.0,0.0,1.0,1.0,6.0,4,1.0,0.0,0.0,0.0,0.0,0.0,29.0,3.0,12.0,0,0,0,0.0,0.0,1.0,1.0,3.0,49.0,40.0,0.16666666666666666,0.6666666666666666,,,,,0.3333333333333333,0.0,0.2,0.1,0.1,0.0,0.1,0.1,0.6,0.4,0.1,0.0,0.0,0.0,0.0,0.0,2.9,0.3,1.2,0.0,0.0,0.0,0.0,0.0,0.1,0.1,0.3,4.9,4.0,0.3
2024,003045,Alex Simmons,Alex,Simmons,A,Attack,1,RED,Redwoods,2024-07-20,2024-07-20,0.0,0.0,0.0,0.0,0.0,0.0,1.0,0,0.0,0.0,0.0,0.0,0.0,0.0,1.0,1.0,0.0,0,0,0,0.0,0.0,0.0,0.0,0.0,14.0,12.0,0.0,0.0,,,,,,,0.0,0.0,0.0,0.0,0.0,0.0,1.0,0.0,0.0,0.0,0.0,0.0,0.0,0.0,1.0,1.0,0.0,0.0,0.0,0.0,0.0,0.0,0.0,0.0,0.0,14.0,12.0,0.0
2024,003048,TJ Malone,TJ,Malone,A,Attack,10,WHP,Whipsnakes,2024-06-02,2024-08-10,37.0,19.0,19.0,0.0,19.0,18.0,74.0,45,2.0,0.0,0.0,0.0,0.0,0.0,19.0,17.0,2.0,0,0,0,0.0,0.0,1.0,0.5,46.0,326.0,235.0,0.25675675675675674,0.6081081081081081,,,,,0.391304347826087,0.0,3.7,1.9,1.9,0.0,1.9,1.8,7.4,4.5,0.2,0.0,0.0,0.0,0.0,0.0,1.9,1.7,0.2,0.0,0.0,0.0,0.0,0.0,0.1,0.05,4.6,32.6,23.5,4.6
2024,003059,BJ Farrare,BJ,Farrare,LSM,Long Stick Midfield,2,RED,Redwoods,2024-08-10,2024-08-17,1.0,0.0,0.0,0.0,0.0,1.0,0.0,0,0.0,0.0,0.0,0.0,0.0,0.0,2.0,0.0,2.0,0,0,0,0.0,0.0,0.0,0.0,1.0,6.0,6.0,,,,,,,1.0,,0.5,0.0,0.0,0.0,0.0,0.5,0.0,0.0,0.0,0.0,0.0,0.0,0.0,0.0,1.0,0.0,1.0,0.0,0.0,0.0,0.0,0.0,0.0,0.0,0.5,3.0,3.0,0.5
2024,003068,Dylan Gergar,Dylan,Gergar,M,Midfield,2,OUT,Outlaws,2024-06-29,2024-07-06,2.0,2.0,2.0,0.0,2.0,0.0,12.0,6,2.0,0.0,0.0,0.0,0.0,0.0,3.0,1.0,1.0,0,0,0,0.0,0.0,0.0,0.0,0.0,26.0,13.0,0.16666666666666666,0.5,,,,,,0.0,1.0,1.0,1.0,0.0,1.0,0.0,6.0,3.0,1.0,0.0,0.0,0.0,0.0,0.0,1.5,0.5,0.5,0.0,0.0,0.0,0.0,0.0,0.0,0.0,0.0,13.0,6.5,0.0
2024,003069,Ricky Miezan,Ricky,Miezan,SSDM,Defensive Midfield,4,RED,Redwoods,2024-07-05,2024-07-28,0.0,0.0,0.0,0.0,0.0,0.0,2.0,1,1.0,0.0,0.0,0.0,0.0,0.0,2.0,0.0,2.0,0,0,0,0.0,0.0,0.0,0.0,0.0,9.0,7.0,0.0,0.5,,,,,,0.0,0.0,0.0,0.0,0.0,0.0,0.0,0.5,0.25,0.25,0.0,0.0,0.0,0.0,0.0,0.5,0.0,0.5,0.0,0.0,0.0,0.0,0.0,0.0,0.0,0.0,2.25,1.75,0.0
2024,003070,Ronan Jacoby,Ronan,Jacoby,M,Midfield,6,ATL,Atlas,2024-06-01,2024-08-10,5.0,2.0,2.0,0.0,2.0,3.0,16.0,12,3.0,0.0,0.0,0.0,0.0,0.0,4.0,1.0,1.0,0,0,0,0.0,0.0,0.0,0.0,6.0,100.0,83.0,0.125,0.75,,,,,0.5,0.0,0.8333333333333334,0.3333333333333333,0.3333333333333333,0.0,0.3333333333333333,0.5,2.6666666666666665,2.0,0.5,0.0,0.0,0.0,0.0,0.0,0.6666666666666666,0.16666666666666666,0.16666666666666666,0.0,0.0,0.0,0.0,0.0,0.0,0.0,1.0,16.666666666666668,13.833333333333334,1.0
2024,003072,Kevin Winkoff,Kevin,Winkoff,M,Midfield,3,WHP,Whipsnakes,2024-06-16,2024-07-06,4.0,1.0,1.0,0.0,1.0,3.0,11.0,5,2.0,0.0,0.0,0.0,0.0,0.0,2.0,5.0,1.0,0,0,0,0.0,0.0,0.0,0.0,8.0,44.0,28.0,0.09090909090909091,0.45454545454545453,,,,,0.375,0.0,1.3333333333333333,0.3333333333333333,0.3333333333333333,0.0,0.3333333333333333,1.0,3.6666666666666665,1.6666666666666667,0.6666666666666666,0.0,0.0,0.0,0.0,0.0,0.6666666666666666,1.6666666666666667,0.3333333333333333,0.0,0.0,0.0,0.0,0.0,0.0,0.0,2.6666666666666665,14.666666666666666,9.333333333333334,2.6666666666666665
2024,003073,Ron John,Ron,John,SSDM,Defensive Midfield,1,RED,Redwoods,2024-06-29,2024-06-29,0.0,0.0,0.0,0.0,0.0,0.0,0.0,0,0.0,0.0,0.0,0.0,0.0,0.0,1.0,0.0,0.0,0,0,0,0.0,0.0,0.0,0.0,0.0,2.0,2.0,,,,,,,,,0.0,0.0,0.0,0.0,0.0,0.0,0.0,0.0,0.0,0.0,0.0,0.0,0.0,0.0,1.0,0.0,0.0,0.0,0.0,0.0,0.0,0.0,0.0,0.0,0.0,2.0,2.0,0.0
2024,003075,Brennan O'Neill,Brennan,O'Neill,A,Attack,10,OUT,Outlaws,2024-06-02,2024-08-18,29.0,21.0,17.0,2.0,19.0,8.0,82.0,48,12.0,0.0,0.0,0.0,0.0,0.0,14.0,10.0,0.0,0,0,0,0.0,0.0,0.0,0.0,23.0,302.0,210.0,0.23170731707317074,0.5853658536585366,,,,,0.34782608695652173,0.16666666666666666,2.9,2.1,1.7,0.2,1.9,0.8,8.2,4.8,1.2,0.0,0.0,0.0,0.0,0.0,1.4,1.0,0.0,0.0,0.0,0.0,0.0,0.0,0.0,0.0,2.3,30.2,21.0,2.3
2024,003076,Connor Shellenberger,Connor,Shellenberger,A,Attack,8,ATL,Atlas,2024-06-01,2024-08-10,26.0,15.0,15.0,0.0,15.0,11.0,35.0,24,1.0,0.0,0.0,0.0,0.0,0.0,18.0,8.0,1.0,0,0,0,0.0,0.0,0.0,0.0,36.0,272.0,229.0,0.42857142857142855,0.6857142857142857,,,,,0.3055555555555556,0.0,3.25,1.875,1.875,0.0,1.875,1.375,4.375,3.0,0.125,0.0,0.0,0.0,0.0,0.0,2.25,1.0,0.125,0.0,0.0,0.0,0.0,0.0,0.0,0.0,4.5,34.0,28.625,4.5
2024,003077,Ajax Zappitello,Ajax,Zappitello,D,Defense,10,WHP,Whipsnakes,2024-06-02,2024-08-10,2.0,1.0,1.0,0.0,1.0,1.0,3.0,3,0.0,0.0,0.0,0.0,0.0,0.0,22.0,6.0,13.0,0,0,0,0.0,0.0,1.0,0.5,3.0,83.0,74.0,0.3333333333333333,1.0,,,,,0.3333333333333333,,0.2,0.1,0.1,0.0,0.1,0.1,0.3,0.3,0.0,0.0,0.0,0.0,0.0,0.0,2.2,0.6,1.3,0.0,0.0,0.0,0.0,0.0,0.1,0.05,0.3,8.3,7.4,0.3
2024,003078,Shane Knobloch,Shane,Knobloch,M,Midfield,10,CHA,Chaos,2024-06-02,2024-08-17,15.0,12.0,10.0,1.0,11.0,3.0,44.0,26,4.0,0.0,0.0,0.0,0.0,0.0,8.0,14.0,0.0,0,0,0,0.0,0.0,1.0,0.5,15.0,212.0,154.0,0.25,0.5909090909090909,,,,,0.2,0.25,1.5,1.2,1.0,0.1,1.1,0.3,4.4,2.6,0.4,0.0,0.0,0.0,0.0,0.0,0.8,1.4,0.0,0.0,0.0,0.0,0.0,0.0,0.1,0.05,1.5,21.2,15.4,1.5
2024,003079,Liam Entenmann,Liam,Entenmann,G,Goalie,6,ATL,Atlas,2024-06-28,2024-08-17,0.0,0.0,0.0,0.0,0.0,0.0,0.0,0,0.0,71.0,32.0,39.0,58.0,65.14285714285714,19.0,2.0,2.0,0,0,0,50.0,8.0,0.0,0.0,0.0,90.0,88.0,,,,0.5867768595041323,45.07042253521127,0.2644628099173554,,,0.0,0.0,0.0,0.0,0.0,0.0,0.0,0.0,0.0,11.833333333333334,5.333333333333333,6.5,9.666666666666666,10.857142857142856,3.1666666666666665,0.3333333333333333,0.3333333333333333,0.0,0.0,0.0,8.333333333333334,1.3333333333333333,0.0,0.0,0.0,15.0,14.666666666666666,0.0
2024,003080,Pat Kavanagh,Pat,Kavanagh,A,Attack,6,CAN,Cannons,2024-06-01,2024-08-17,12.0,8.0,8.0,0.0,8.0,4.0,30.0,19,1.0,0.0,0.0,0.0,0.0,0.0,3.0,8.0,0.0,0,0,0,0.0,0.0,1.0,1.0,16.0,138.0,100.0,0.26666666666666666,0.6333333333333333,,,,,0.25,0.0,2.0,1.3333333333333333,1.3333333333333333,0.0,1.3333333333333333,0.6666666666666666,5.0,3.1666666666666665,0.16666666666666666,0.0,0.0,0.0,0.0,0.0,0.5,1.3333333333333333,0.0,0.0,0.0,0.0,0.0,0.0,0.16666666666666666,0.16666666666666666,2.6666666666666665,23.0,16.666666666666668,2.6666666666666665
2024,003081,Matt Brandau,Matt,Brandau,A,Attack,6,WAT,Waterdogs,2024-06-01,2024-08-10,6.0,4.0,4.0,0.0,4.0,2.0,20.0,15,0.0,0.0,0.0,0.0,0.0,0.0,7.0,3.0,0.0,0,0,0,0.0,0.0,0.0,0.0,6.0,76.0,53.0,0.2,0.75,,,,,0.3333333333333333,,1.0,0.6666666666666666,0.6666666666666666,0.0,0.6666666666666666,0.3333333333333333,3.3333333333333335,2.5,0.0,0.0,0.0,0.0,0.0,0.0,1.1666666666666667,0.5,0.0,0.0,0.0,0.0,0.0,0.0,0.0,0.0,1.0,12.666666666666666,8.833333333333334,1.0
2024,003082,Mason Woodward,Mason,Woodward,D,Defense,10,ARC,Archers,2024-06-01,2024-08-18,5.0,5.0,3.0,1.0,4.0,0.0,9.0,5,6.0,0.0,0.0,0.0,0.0,0.0,19.0,0.0,8.0,0,0,0,0.0,0.0,1.0,2.0,3.0,94.0,85.0,0.4444444444444444,0.5555555555555556,,,,,0.0,0.16666666666666666,0.5,0.5,0.3,0.1,0.4,0.0,0.9,0.5,0.6,0.0,0.0,0.0,0.0,0.0,1.9,0.0,0.8,0.0,0.0,0.0,0.0,0.0,0.1,0.2,0.3,9.4,8.5,0.3
2024,003083,Jake Piseno,Jake,Piseno,LSM,Long Stick Midfield,10,OUT,Outlaws,2024-06-02,2024-08-18,2.0,1.0,1.0,0.0,1.0,1.0,12.0,10,8.0,0.0,0.0,0.0,0.0,0.0,30.0,5.0,7.0,0,0,0,0.0,0.0,1.0,1.0,4.0,83.0,66.0,0.08333333333333333,0.8333333333333334,,,,,0.25,0.0,0.2,0.1,0.1,0.0,0.1,0.1,1.2,1.0,0.8,0.0,0.0,0.0,0.0,0.0,3.0,0.5,0.7,0.0,0.0,0.0,0.0,0.0,0.1,0.1,0.4,8.3,6.6,0.4
2024,003084,Jake Stevens,Jake,Stevens,M,Midfield,6,ATL,Atlas,2024-06-28,2024-08-17,10.0,8.0,8.0,0.0,8.0,2.0,25.0,16,1.0,0.0,0.0,0.0,0.0,0.0,5.0,6.0,0.0,0,0,0,0.0,0.0,0.0,0.0,6.0,82.0,51.0,0.32,0.64,,,,,0.3333333333333333,0.0,1.6666666666666667,1.3333333333333333,1.3333333333333333,0.0,1.3333333333333333,0.3333333333333333,4.166666666666667,2.6666666666666665,0.16666666666666666,0.0,0.0,0.0,0.0,0.0,0.8333333333333334,1.0,0.0,0.0,0.0,0.0,0.0,0.0,0.0,0.0,1.0,13.666666666666666,8.5,1.0
2024,003085,Graham Bundy,Graham,Bundy,M,Midfield,10,OUT,Outlaws,2024-06-02,2024-08-18,23.0,21.0,9.0,6.0,15.0,2.0,69.0,33,27.0,0.0,0.0,0.0,0.0,0.0,5.0,11.0,0.0,0,0,0,0.0,0.0,0.0,0.0,10.0,225.0,145.0,0.21739130434782608,0.4782608695652174,,,,,0.2,0.2222222222222222,2.3,2.1,0.9,0.6,1.5,0.2,6.9,3.3,2.7,0.0,0.0,0.0,0.0,0.0,0.5,1.1,0.0,0.0,0.0,0.0,0.0,0.0,0.0,0.0,1.0,22.5,14.5,1.0
2024,003086,Eric Dobson,Eric,Dobson,M,Midfield,6,CHA,Chaos,2024-06-15,2024-08-10,5.0,5.0,5.0,0.0,5.0,0.0,20.0,13,4.0,0.0,0.0,0.0,0.0,0.0,3.0,11.0,1.0,0,0,0,0.0,0.0,0.0,0.0,5.0,100.0,69.0,0.25,0.65,,,,,0.0,0.0,0.8333333333333334,0.8333333333333334,0.8333333333333334,0.0,0.8333333333333334,0.0,3.3333333333333335,2.1666666666666665,0.6666666666666666,0.0,0.0,0.0,0.0,0.0,0.5,1.8333333333333333,0.16666666666666666,0.0,0.0,0.0,0.0,0.0,0.0,0.0,0.8333333333333334,16.666666666666668,11.5,0.8333333333333334
2024,003087,Beau Pederson,Beau,Pederson,SSDM,Defensive Midfield,10,ARC,Archers,2024-06-01,2024-08-18,2.0,1.0,1.0,0.0,1.0,1.0,3.0,1,0.0,0.0,0.0,0.0,0.0,0.0,8.0,1.0,4.0,1,8,10,0.0,0.0,2.0,1.5,2.0,62.0,58.0,0.3333333333333333,0.3333333333333333,0.1,,,,0.5,,0.2,0.1,0.1,0.0,0.1,0.1,0.3,0.1,0.0,0.0,0.0,0.0,0.0,0.0,0.8,0.1,0.4,0.1,0.8,1.0,0.0,0.0,0.2,0.15,0.2,6.2,5.8,0.2
2024,003088,Alexander Vardaro,Alexander,Vardaro,M,Midfield,8,CAN,Cannons,2024-06-08,2024-08-17,8.0,8.0,8.0,0.0,8.0,0.0,27.0,16,1.0,0.0,0.0,0.0,0.0,0.0,2.0,5.0,0.0,0,0,0,0.0,0.0,0.0,0.0,11.0,105.0,73.0,0.2962962962962963,0.5925925925925926,,,,,0.0,0.0,1.0,1.0,1.0,0.0,1.0,0.0,3.375,2.0,0.125,0.0,0.0,0.0,0.0,0.0,0.25,0.625,0.0,0.0,0.0,0.0,0.0,0.0,0.0,0.0,1.375,13.125,9.125,1.375
2024,003090,Dyson Williams,Dyson,Williams,M,Midfield,5,ARC,Archers,2024-07-06,2024-08-18,4.0,4.0,4.0,0.0,4.0,0.0,11.0,7,0.0,0.0,0.0,0.0,0.0,0.0,1.0,3.0,0.0,0,0,0,0.0,0.0,0.0,0.0,2.0,27.0,13.0,0.36363636363636365,0.6363636363636364,,,,,0.0,,0.8,0.8,0.8,0.0,0.8,0.0,2.2,1.4,0.0,0.0,0.0,0.0,0.0,0.0,0.2,0.6,0.0,0.0,0.0,0.0,0.0,0.0,0.0,0.0,0.4,5.4,2.6,0.4
2024,003091,Garrett Degnon,Garrett,Degnon,M,Midfield,4,RED,Redwoods,2024-06-07,2024-07-05,6.0,5.0,3.0,1.0,4.0,1.0,15.0,9,5.0,0.0,0.0,0.0,0.0,0.0,3.0,3.0,0.0,0,0,0,0.0,0.0,2.0,1.5,4.0,70.0,52.0,0.26666666666666666,0.6,,,,,0.25,0.2,1.5,1.25,0.75,0.25,1.0,0.25,3.75,2.25,1.25,0.0,0.0,0.0,0.0,0.0,0.75,0.75,0.0,0.0,0.0,0.0,0.0,0.0,0.5,0.375,1.0,17.5,13.0,1.0
2024,003092,Josh Zawada,Josh,Zawada,M,Midfield,10,OUT,Outlaws,2024-06-02,2024-08-18,16.0,6.0,6.0,0.0,6.0,10.0,37.0,22,1.0,0.0,0.0,0.0,0.0,0.0,12.0,11.0,0.0,0,0,0,0.0,0.0,1.0,1.0,36.0,326.0,278.0,0.16216216216216217,0.5945945945945946,,,,,0.2777777777777778,0.0,1.6,0.6,0.6,0.0,0.6,1.0,3.7,2.2,0.1,0.0,0.0,0.0,0.0,0.0,1.2,1.1,0.0,0.0,0.0,0.0,0.0,0.0,0.1,0.1,3.6,32.6,27.8,3.6
2024,003093,Ross Scott,Ross,Scott,A,Attack,10,CHA,Chaos,2024-06-02,2024-08-17,16.0,14.0,14.0,0.0,14.0,2.0,48.0,27,1.0,0.0,0.0,0.0,0.0,0.0,7.0,11.0,1.0,0,0,0,0.0,0.0,3.0,1.5,16.0,235.0,176.0,0.2916666666666667,0.5625,,,,,0.125,0.0,1.6,1.4,1.4,0.0,1.4,0.2,4.8,2.7,0.1,0.0,0.0,0.0,0.0,0.0,0.7,1.1,0.1,0.0,0.0,0.0,0.0,0.0,0.3,0.15,1.6,23.5,17.6,1.6
2024,003094,Levi Anderson,Levi,Anderson,M,Midfield,7,WHP,Whipsnakes,2024-06-28,2024-08-10,13.0,9.0,9.0,0.0,9.0,4.0,27.0,19,0.0,0.0,0.0,0.0,0.0,0.0,6.0,8.0,1.0,0,0,0,0.0,0.0,0.0,0.0,14.0,129.0,94.0,0.3333333333333333,0.7037037037037037,,,,,0.2857142857142857,,1.8571428571428572,1.2857142857142858,1.2857142857142858,0.0,1.2857142857142858,0.5714285714285714,3.857142857142857,2.7142857142857144,0.0,0.0,0.0,0.0,0.0,0.0,0.8571428571428571,1.1428571428571428,0.14285714285714285,0.0,0.0,0.0,0.0,0.0,0.0,0.0,2.0,18.428571428571427,13.428571428571429,2.0
2024,003095,Stephen Zupicich,Stephen,Zupicich,LSM,Long Stick Midfield,3,WHP,Whipsnakes,2024-06-02,2024-06-28,1.0,0.0,0.0,0.0,0.0,1.0,1.0,0,1.0,0.0,0.0,0.0,0.0,0.0,2.0,1.0,0.0,0,0,0,0.0,0.0,0.0,0.0,1.0,7.0,5.0,0.0,0.0,,,,,1.0,0.0,0.3333333333333333,0.0,0.0,0.0,0.0,0.3333333333333333,0.3333333333333333,0.0,0.3333333333333333,0.0,0.0,0.0,0.0,0.0,0.6666666666666666,0.3333333333333333,0.0,0.0,0.0,0.0,0.0,0.0,0.0,0.0,0.3333333333333333,2.3333333333333335,1.6666666666666667,0.3333333333333333
2024,003096,Marcus Hudgins,Marcus,Hudgins,D,Defense,7,WAT,Waterdogs,2024-06-15,2024-08-10,0.0,0.0,0.0,0.0,0.0,0.0,0.0,0,0.0,0.0,0.0,0.0,0.0,0.0,13.0,1.0,7.0,0,0,0,0.0,0.0,0.0,0.0,0.0,43.0,42.0,,,,,,,,,0.0,0.0,0.0,0.0,0.0,0.0,0.0,0.0,0.0,0.0,0.0,0.0,0.0,0.0,1.8571428571428572,0.14285714285714285,1.0,0.0,0.0,0.0,0.0,0.0,0.0,0.0,0.0,6.142857142857143,6.0,0.0
2024,003097,Colby Barsz,Colby,Barsz,D,Defense,2,ARC,Archers,2024-06-08,2024-08-18,0.0,0.0,0.0,0.0,0.0,0.0,0.0,0,0.0,0.0,0.0,0.0,0.0,0.0,5.0,2.0,1.0,0,0,0,0.0,0.0,0.0,0.0,0.0,6.0,4.0,,,,,,,,,0.0,0.0,0.0,0.0,0.0,0.0,0.0,0.0,0.0,0.0,0.0,0.0,0.0,0.0,2.5,1.0,0.5,0.0,0.0,0.0,0.0,0.0,0.0,0.0,0.0,3.0,2.0,0.0
2024,003098,Luke Wierman,Luke,Wierman,FO,Faceoff,10,OUT,Outlaws,2024-06-02,2024-08-18,6.0,5.0,5.0,0.0,5.0,1.0,14.0,8,1.0,0.0,0.0,0.0,0.0,0.0,61.0,5.0,3.0,123,123,247,0.0,0.0,1.0,1.0,4.0,78.0,59.0,0.35714285714285715,0.5714285714285714,0.4979757085020243,,,,0.25,0.0,0.6,0.5,0.5,0.0,0.5,0.1,1.4,0.8,0.1,0.0,0.0,0.0,0.0,0.0,6.1,0.5,0.3,12.3,12.3,24.7,0.0,0.0,0.1,0.1,0.4,7.8,5.9,0.4
2024,003099,Tyler Carpenter,Tyler,Carpenter,LSM,Long Stick Midfield,10,ATL,Atlas,2024-06-01,2024-08-17,7.0,6.0,2.0,2.0,4.0,1.0,8.0,6,3.0,0.0,0.0,0.0,0.0,0.0,41.0,5.0,6.0,0,0,0,0.0,0.0,0.0,0.0,5.0,83.0,70.0,0.5,0.75,,,,,0.2,0.6666666666666666,0.7,0.6,0.2,0.2,0.4,0.1,0.8,0.6,0.3,0.0,0.0,0.0,0.0,0.0,4.1,0.5,0.6,0.0,0.0,0.0,0.0,0.0,0.0,0.0,0.5,8.3,7.0,0.5
2024,003100,Adam Poitras,Adam,Poitras,M,Midfield,7,WHP,Whipsnakes,2024-06-28,2024-08-10,13.0,10.0,10.0,0.0,10.0,3.0,27.0,19,0.0,0.0,0.0,0.0,0.0,0.0,18.0,12.0,2.0,0,0,0,0.0,0.0,0.0,0.0,8.0,139.0,100.0,0.37037037037037035,0.7037037037037037,,,,,0.375,,1.8571428571428572,1.4285714285714286,1.4285714285714286,0.0,1.4285714285714286,0.42857142857142855,3.857142857142857,2.7142857142857144,0.0,0.0,0.0,0.0,0.0,0.0,2.5714285714285716,1.7142857142857142,0.2857142857142857,0.0,0.0,0.0,0.0,0.0,0.0,0.0,1.1428571428571428,19.857142857142858,14.285714285714286,1.1428571428571428
2024,003102,Chayse Ierlan,Chayse,Ierlan,G,Goalie,2,RED,Redwoods,2024-07-20,2024-08-03,0.0,0.0,0.0,0.0,0.0,0.0,1.0,1,1.0,5.0,1.0,4.0,10.0,18.297331639135958,1.0,0.0,0.0,0,0,0,8.0,2.0,0.0,0.0,0.0,8.0,7.0,0.0,1.0,,0.38461538461538464,20.0,0.07692307692307693,,0.0,0.0,0.0,0.0,0.0,0.0,0.0,0.5,0.5,0.5,2.5,0.5,2.0,5.0,9.148665819567979,0.5,0.0,0.0,0.0,0.0,0.0,4.0,1.0,0.0,0.0,0.0,4.0,3.5,0.0
2024,003104,Michael Boehm,Michael,Boehm,A,Attack,1,WAT,Waterdogs,2024-08-10,2024-08-10,2.0,0.0,0.0,0.0,0.0,2.0,4.0,2,0.0,0.0,0.0,0.0,0.0,0.0,3.0,2.0,0.0,0,0,0,0.0,0.0,0.0,0.0,3.0,28.0,22.0,0.0,0.5,,,,,0.6666666666666666,,2.0,0.0,0.0,0.0,0.0,2.0,4.0,2.0,0.0,0.0,0.0,0.0,0.0,0.0,3.0,2.0,0.0,0.0,0.0,0.0,0.0,0.0,0.0,0.0,3.0,28.0,22.0,3.0
2024,003106,Dalton Young,Dalton,Young,M,Midfield,9,OUT,Outlaws,2024-06-08,2024-08-18,12.0,6.0,6.0,0.0,6.0,6.0,26.0,11,0.0,0.0,0.0,0.0,0.0,0.0,6.0,6.0,0.0,0,0,0,0.0,0.0,1.0,0.5,14.0,106.0,74.0,0.23076923076923078,0.4230769230769231,,,,,0.42857142857142855,,1.3333333333333333,0.6666666666666666,0.6666666666666666,0.0,0.6666666666666666,0.6666666666666666,2.888888888888889,1.2222222222222223,0.0,0.0,0.0,0.0,0.0,0.0,0.6666666666666666,0.6666666666666666,0.0,0.0,0.0,0.0,0.0,0.0,0.1111111111111111,0.05555555555555555,1.5555555555555556,11.777777777777779,8.222222222222221,1.5555555555555556
2024,003109,Chris Conlin,Chris,Conlin,D,Defense,9,RED,Redwoods,2024-06-16,2024-08-17,0.0,0.0,0.0,0.0,0.0,0.0,0.0,0,0.0,0.0,0.0,0.0,0.0,0.0,17.0,1.0,9.0,0,0,0,0.0,0.0,0.0,0.0,0.0,75.0,74.0,,,,,,,,,0.0,0.0,0.0,0.0,0.0,0.0,0.0,0.0,0.0,0.0,0.0,0.0,0.0,0.0,1.8888888888888888,0.1111111111111111,1.0,0.0,0.0,0.0,0.0,0.0,0.0,0.0,0.0,8.333333333333334,8.222222222222221,0.0
2024,003111,AJ Mercurio,AJ,Mercurio,D,Defense,1,WAT,Waterdogs,2024-08-03,2024-08-03,0.0,0.0,0.0,0.0,0.0,0.0,0.0,0,0.0,0.0,0.0,0.0,0.0,0.0,0.0,0.0,1.0,0,0,0,0.0,0.0,0.0,0.0,0.0,2.0,2.0,,,,,,,,,0.0,0.0,0.0,0.0,0.0,0.0,0.0,0.0,0.0,0.0,0.0,0.0,0.0,0.0,0.0,0.0,1.0,0.0,0.0,0.0,0.0,0.0,0.0,0.0,0.0,2.0,2.0,0.0
2024,003112,Jack DiBenedetto,Jack,DiBenedetto,D,Defense,1,ARC,Archers,2024-06-01,2024-06-01,0.0,0.0,0.0,0.0,0.0,0.0,0.0,0,0.0,0.0,0.0,0.0,0.0,0.0,3.0,1.0,0.0,0,0,0,0.0,0.0,0.0,0.0,0.0,3.0,2.0,,,,,,,,,0.0,0.0,0.0,0.0,0.0,0.0,0.0,0.0,0.0,0.0,0.0,0.0,0.0,0.0,3.0,1.0,0.0,0.0,0.0,0.0,0.0,0.0,0.0,0.0,0.0,3.0,2.0,0.0
2024,003114,Saam Olexo,Saam,Olexo,LSM,Long Stick Midfield,1,OUT,Outlaws,2024-08-18,2024-08-18,0.0,0.0,0.0,0.0,0.0,0.0,0.0,0,0.0,0.0,0.0,0.0,0.0,0.0,1.0,0.0,1.0,0,0,0,0.0,0.0,2.0,1.5,0.0,1.0,1.0,,,,,,,,,0.0,0.0,0.0,0.0,0.0,0.0,0.0,0.0,0.0,0.0,0.0,0.0,0.0,0.0,1.0,0.0,1.0,0.0,0.0,0.0,0.0,0.0,2.0,1.5,0.0,1.0,1.0,0.0
2024,003115,Payton Cormier,Payton,Cormier,A,Attack,2,ATL,Atlas,2024-06-28,2024-08-17,6.0,5.0,5.0,0.0,5.0,1.0,11.0,9,1.0,0.0,0.0,0.0,0.0,0.0,2.0,1.0,0.0,0,0,0,0.0,0.0,0.0,0.0,5.0,27.0,15.0,0.45454545454545453,0.8181818181818182,,,,,0.2,0.0,3.0,2.5,2.5,0.0,2.5,0.5,5.5,4.5,0.5,0.0,0.0,0.0,0.0,0.0,1.0,0.5,0.0,0.0,0.0,0.0,0.0,0.0,0.0,0.0,2.5,13.5,7.5,2.5
2024,003119,Alec Stathakis,Alec,Stathakis,FO,Faceoff,7,WAT,Waterdogs,2024-06-30,2024-08-17,0.0,0.0,0.0,0.0,0.0,0.0,4.0,0,2.0,0.0,0.0,0.0,0.0,0.0,26.0,3.0,0.0,73,89,163,0.0,0.0,0.0,0.0,0.0,26.0,19.0,0.0,0.0,0.44785276073619634,,,,,0.0,0.0,0.0,0.0,0.0,0.0,0.0,0.5714285714285714,0.0,0.2857142857142857,0.0,0.0,0.0,0.0,0.0,3.7142857142857144,0.42857142857142855,0.0,10.428571428571429,12.714285714285714,23.285714285714285,0.0,0.0,0.0,0.0,0.0,3.7142857142857144,2.7142857142857144,0.0
2024,003120,Jack VanOverbeke,Jack,VanOverbeke,M,Midfield,2,ARC,Archers,2024-08-17,2024-08-18,6.0,4.0,4.0,0.0,4.0,2.0,9.0,6,0.0,0.0,0.0,0.0,0.0,0.0,3.0,1.0,0.0,0,0,0,0.0,0.0,0.0,0.0,7.0,46.0,36.0,0.4444444444444444,0.6666666666666666,,,,,0.2857142857142857,,3.0,2.0,2.0,0.0,2.0,1.0,4.5,3.0,0.0,0.0,0.0,0.0,0.0,0.0,1.5,0.5,0.0,0.0,0.0,0.0,0.0,0.0,0.0,0.0,3.5,23.0,18.0,3.5
2024,003121,Brayden Mayea,Brayden,Mayea,A,Attack,3,CHA,Chaos,2024-06-30,2024-07-27,1.0,1.0,1.0,0.0,1.0,0.0,12.0,6,0.0,0.0,0.0,0.0,0.0,0.0,2.0,5.0,0.0,0,0,0,0.0,0.0,0.0,0.0,1.0,36.0,19.0,0.08333333333333333,0.5,,,,,0.0,,0.3333333333333333,0.3333333333333333,0.3333333333333333,0.0,0.3333333333333333,0.0,4.0,2.0,0.0,0.0,0.0,0.0,0.0,0.0,0.6666666666666666,1.6666666666666667,0.0,0.0,0.0,0.0,0.0,0.0,0.0,0.0,0.3333333333333333,12.0,6.333333333333333,0.3333333333333333
2024,003126,Mike Robinson,Mike,Robinson,A,Attack,1,CAN,Cannons,2024-06-29,2024-06-29,0.0,0.0,0.0,0.0,0.0,0.0,1.0,1,0.0,0.0,0.0,0.0,0.0,0.0,3.0,2.0,0.0,0,0,0,0.0,0.0,0.0,0.0,0.0,24.0,21.0,0.0,1.0,,,,,,,0.0,0.0,0.0,0.0,0.0,0.0,1.0,1.0,0.0,0.0,0.0,0.0,0.0,0.0,3.0,2.0,0.0,0.0,0.0,0.0,0.0,0.0,0.0,0.0,0.0,24.0,21.0,0.0
2024,003128,Jack Posey,Jack,Posey,D,Defense,3,CHA,Chaos,2024-06-30,2024-08-17,0.0,0.0,0.0,0.0,0.0,0.0,0.0,0,0.0,0.0,0.0,0.0,0.0,0.0,2.0,1.0,0.0,0,0,0,0.0,0.0,1.0,1.0,0.0,14.0,13.0,,,,,,,,,0.0,0.0,0.0,0.0,0.0,0.0,0.0,0.0,0.0,0.0,0.0,0.0,0.0,0.0,0.6666666666666666,0.3333333333333333,0.0,0.0,0.0,0.0,0.0,0.0,0.3333333333333333,0.3333333333333333,0.0,4.666666666666667,4.333333333333333,0.0
2024,003142,Jack Koras,Jack,Koras,M,Midfield,6,WHP,Whipsnakes,2024-06-16,2024-08-10,5.0,4.0,4.0,0.0,4.0,1.0,15.0,11,0.0,0.0,0.0,0.0,0.0,0.0,17.0,1.0,4.0,0,0,0,0.0,0.0,1.0,0.5,4.0,78.0,62.0,0.26666666666666666,0.7333333333333333,,,,,0.25,,0.8333333333333334,0.6666666666666666,0.6666666666666666,0.0,0.6666666666666666,0.16666666666666666,2.5,1.8333333333333333,0.0,0.0,0.0,0.0,0.0,0.0,2.8333333333333335,0.16666666666666666,0.6666666666666666,0.0,0.0,0.0,0.0,0.0,0.16666666666666666,0.08333333333333333,0.6666666666666666,13.0,10.333333333333334,0.6666666666666666
2024,003143,Logan McGovern,Logan,McGovern,M,Midfield,3,ATL,Atlas,2024-07-20,2024-08-17,3.0,3.0,3.0,0.0,3.0,0.0,11.0,9,0.0,0.0,0.0,0.0,0.0,0.0,4.0,3.0,0.0,0,0,0,0.0,0.0,1.0,0.5,4.0,59.0,45.0,0.2727272727272727,0.8181818181818182,,,,,0.0,,1.0,1.0,1.0,0.0,1.0,0.0,3.6666666666666665,3.0,0.0,0.0,0.0,0.0,0.0,0.0,1.3333333333333333,1.0,0.0,0.0,0.0,0.0,0.0,0.0,0.3333333333333333,0.16666666666666666,1.3333333333333333,19.666666666666668,15.0,1.3333333333333333
2025,000201,Adam Ghitelman,Adam,Ghitelman,G,Goalie,1,CAN,Cannons,2025-08-02,2025-08-02,0.0,0.0,0.0,0.0,0.0,0.0,0.0,0,0.0,0.0,0.0,0.0,0.0,0.0,0.0,0.0,0.0,0,0,0,0.0,0.0,0.0,0.0,0.0,1.0,1.0,,,,,,,,,0.0,0.0,0.0,0.0,0.0,0.0,0.0,0.0,0.0,0.0,0.0,0.0,0.0,0.0,0.0,0.0,0.0,0.0,0.0,0.0,0.0,0.0,0.0,0.0,0.0,1.0,1.0,0.0
2025,000216,Marcus Holman,Marcus,Holman,A,Attack,10,CAN,Cannons,2025-05-31,2025-08-09,24.0,19.0,9.0,5.0,14.0,5.0,55.0,34,19.0,0.0,0.0,0.0,0.0,0.0,24.0,11.0,4.0,0,0,0,0.0,0.0,2.0,1.5,21.0,376.0,310.0,0.2545454545454545,0.6181818181818182,,,,,0.23809523809523808,0.2631578947368421,2.4,1.9,0.9,0.5,1.4,0.5,5.5,3.4,1.9,0.0,0.0,0.0,0.0,0.0,2.4,1.1,0.4,0.0,0.0,0.0,0.0,0.0,0.2,0.15,2.1,37.6,31.0,2.1
2025,000221,Ryan Ambler,Ryan,Ambler,M,Midfield,9,ARC,Archers,2025-06-07,2025-08-09,8.0,7.0,7.0,0.0,7.0,1.0,19.0,11,1.0,0.0,0.0,0.0,0.0,0.0,4.0,8.0,0.0,0,0,0,0.0,0.0,0.0,0.0,3.0,107.0,80.0,0.3684210526315789,0.5789473684210527,,,,,0.3333333333333333,0.0,0.8888888888888888,0.7777777777777778,0.7777777777777778,0.0,0.7777777777777778,0.1111111111111111,2.111111111111111,1.2222222222222223,0.1111111111111111,0.0,0.0,0.0,0.0,0.0,0.4444444444444444,0.8888888888888888,0.0,0.0,0.0,0.0,0.0,0.0,0.0,0.0,0.3333333333333333,11.88888888888889,8.88888888888889,0.3333333333333333
2025,000225,Tom Schreiber,Tom,Schreiber,M,Midfield,8,ARC,Archers,2025-05-31,2025-07-26,15.0,6.0,6.0,0.0,6.0,9.0,34.0,18,3.0,0.0,0.0,0.0,0.0,0.0,8.0,21.0,2.0,0,0,0,0.0,0.0,1.0,1.0,26.0,207.0,152.0,0.17647058823529413,0.5294117647058824,,,,,0.34615384615384615,0.0,1.875,0.75,0.75,0.0,0.75,1.125,4.25,2.25,0.375,0.0,0.0,0.0,0.0,0.0,1.0,2.625,0.25,0.0,0.0,0.0,0.0,0.0,0.125,0.125,3.25,25.875,19.0,3.25
2025,000227,Will Manny,Will,Manny,A,Attack,5,CAN,Cannons,2025-05-31,2025-08-09,10.0,7.0,7.0,0.0,7.0,3.0,23.0,16,0.0,0.0,0.0,0.0,0.0,0.0,4.0,5.0,2.0,0,0,0,0.0,0.0,1.0,0.5,9.0,94.0,66.0,0.30434782608695654,0.6956521739130435,,,,,0.3333333333333333,,2.0,1.4,1.4,0.0,1.4,0.6,4.6,3.2,0.0,0.0,0.0,0.0,0.0,0.0,0.8,1.0,0.4,0.0,0.0,0.0,0.0,0.0,0.2,0.1,1.8,18.8,13.2,1.8
2025,000234,Eric Law,Eric,Law,A,Attack,1,OUT,Outlaws,2025-08-02,2025-08-02,0.0,0.0,0.0,0.0,0.0,0.0,0.0,0,0.0,0.0,0.0,0.0,0.0,0.0,0.0,0.0,0.0,0,0,0,0.0,0.0,0.0,0.0,0.0,4.0,4.0,,,,,,,,,0.0,0.0,0.0,0.0,0.0,0.0,0.0,0.0,0.0,0.0,0.0,0.0,0.0,0.0,0.0,0.0,0.0,0.0,0.0,0.0,0.0,0.0,0.0,0.0,0.0,4.0,4.0,0.0
2025,000240,Kieran McArdle,Kieran,McArdle,A,Attack,10,WAT,Waterdogs,2025-06-07,2025-08-09,31.0,19.0,19.0,0.0,19.0,12.0,52.0,40,0.0,0.0,0.0,0.0,0.0,0.0,12.0,23.0,0.0,0,0,0,0.0,0.0,1.0,1.0,31.0,284.0,209.0,0.36538461538461536,0.7692307692307693,,,,,0.3870967741935484,,3.1,1.9,1.9,0.0,1.9,1.2,5.2,4.0,0.0,0.0,0.0,0.0,0.0,0.0,1.2,2.3,0.0,0.0,0.0,0.0,0.0,0.0,0.1,0.1,3.1,28.4,20.9,3.1
2025,000254,Trevor Baptiste,Trevor,Baptiste,FO,Faceoff,10,ATL,Atlas,2025-05-30,2025-08-09,5.0,4.0,4.0,0.0,4.0,1.0,14.0,10,0.0,0.0,0.0,0.0,0.0,0.0,87.0,7.0,5.0,156,106,265,0.0,0.0,1.0,0.5,3.0,112.0,91.0,0.2857142857142857,0.7142857142857143,0.5886792452830188,,,,0.3333333333333333,,0.5,0.4,0.4,0.0,0.4,0.1,1.4,1.0,0.0,0.0,0.0,0.0,0.0,0.0,8.7,0.7,0.5,15.6,10.6,26.5,0.0,0.0,0.1,0.05,0.3,11.2,9.1,0.3
2025,000258,Blaze Riorden,Blaze,Riorden,G,Goalie,10,CHA,Chaos,2025-05-30,2025-08-09,0.0,0.0,0.0,0.0,0.0,0.0,4.0,3,4.0,149.0,60.0,89.0,122.0,128.7017067605635,17.0,5.0,6.0,0,0,0,111.0,11.0,0.0,0.0,0.0,177.0,168.0,0.0,0.75,,0.573076923076923,40.26845637583892,0.23076923076923078,,0.0,0.0,0.0,0.0,0.0,0.0,0.0,0.4,0.3,0.4,14.9,6.0,8.9,12.2,12.87017067605635,1.7,0.5,0.6,0.0,0.0,0.0,11.1,1.1,0.0,0.0,0.0,17.7,16.8,0.0
2025,000262,Connor Fields,Connor,Fields,A,Attack,10,ARC,Archers,2025-05-31,2025-08-09,20.0,14.0,14.0,0.0,14.0,6.0,47.0,31,0.0,0.0,0.0,0.0,0.0,0.0,15.0,16.0,3.0,0,0,0,0.0,0.0,1.0,0.5,21.0,254.0,191.0,0.2978723404255319,0.6595744680851063,,,,,0.2857142857142857,,2.0,1.4,1.4,0.0,1.4,0.6,4.7,3.1,0.0,0.0,0.0,0.0,0.0,0.0,1.5,1.6,0.3,0.0,0.0,0.0,0.0,0.0,0.1,0.05,2.1,25.4,19.1,2.1
2025,000269,Jarrod Neumann,Jarrod,Neumann,D,Defense,10,CHA,Chaos,2025-05-30,2025-08-09,4.0,4.0,0.0,2.0,2.0,0.0,6.0,4,6.0,0.0,0.0,0.0,0.0,0.0,13.0,5.0,2.0,0,0,0,0.0,0.0,2.0,1.0,1.0,70.0,59.0,0.3333333333333333,0.6666666666666666,,,,,0.0,0.3333333333333333,0.4,0.4,0.0,0.2,0.2,0.0,0.6,0.4,0.6,0.0,0.0,0.0,0.0,0.0,1.3,0.5,0.2,0.0,0.0,0.0,0.0,0.0,0.2,0.1,0.1,7.0,5.9,0.1
2025,000275,Mark Glicini,Mark,Glicini,SSDM,Defensive Midfield,10,CHA,Chaos,2025-05-30,2025-08-09,3.0,3.0,1.0,1.0,2.0,0.0,7.0,5,2.0,0.0,0.0,0.0,0.0,0.0,13.0,2.0,5.0,1,12,13,0.0,0.0,3.0,2.0,2.0,69.0,60.0,0.2857142857142857,0.7142857142857143,0.07692307692307693,,,,0.0,0.5,0.3,0.3,0.1,0.1,0.2,0.0,0.7,0.5,0.2,0.0,0.0,0.0,0.0,0.0,1.3,0.2,0.5,0.1,1.2,1.3,0.0,0.0,0.3,0.2,0.2,6.9,6.0,0.2
2025,000278,Myles Jones,Myles,Jones,M,Midfield,3,ATL,Atlas,2025-05-30,2025-06-14,5.0,1.0,1.0,0.0,1.0,4.0,5.0,3,0.0,0.0,0.0,0.0,0.0,0.0,2.0,5.0,0.0,0,0,0,0.0,0.0,0.0,0.0,7.0,59.0,49.0,0.2,0.6,,,,,0.5714285714285714,,1.6666666666666667,0.3333333333333333,0.3333333333333333,0.0,0.3333333333333333,1.3333333333333333,1.6666666666666667,1.0,0.0,0.0,0.0,0.0,0.0,0.0,0.6666666666666666,1.6666666666666667,0.0,0.0,0.0,0.0,0.0,0.0,0.0,0.0,2.3333333333333335,19.666666666666668,16.333333333333332,2.3333333333333335
2025,000279,Patrick Resch,Patrick,Resch,SSDM,Defensive Midfield,3,ARC|CHA,Archers|Chaos,2025-05-30,2025-08-09,1.0,0.0,0.0,0.0,0.0,1.0,0.0,0,0.0,0.0,0.0,0.0,0.0,0.0,4.0,3.0,0.0,0,1,1,0.0,0.0,2.0,1.5,2.0,25.0,22.0,,,0.0,,,,0.5,,0.3333333333333333,0.0,0.0,0.0,0.0,0.3333333333333333,0.0,0.0,0.0,0.0,0.0,0.0,0.0,0.0,1.3333333333333333,1.0,0.0,0.0,0.3333333333333333,0.3333333333333333,0.0,0.0,0.6666666666666666,0.5,0.6666666666666666,8.333333333333334,7.333333333333333,0.6666666666666666
2025,000281,Troy Reh,Troy,Reh,LSM,Long Stick Midfield,10,CHA,Chaos,2025-05-30,2025-08-09,1.0,1.0,1.0,0.0,1.0,0.0,4.0,1,2.0,0.0,0.0,0.0,0.0,0.0,37.0,5.0,11.0,0,0,0,0.0,0.0,2.0,1.5,5.0,111.0,102.0,0.25,0.25,,,,,0.0,0.0,0.1,0.1,0.1,0.0,0.1,0.0,0.4,0.1,0.2,0.0,0.0,0.0,0.0,0.0,3.7,0.5,1.1,0.0,0.0,0.0,0.0,0.0,0.2,0.15,0.5,11.1,10.2,0.5
2025,000302,Michael Manley,Michael,Manley,D,Defense,10,OUT,Outlaws,2025-05-31,2025-08-02,5.0,4.0,2.0,1.0,3.0,1.0,6.0,3,3.0,0.0,0.0,0.0,0.0,0.0,19.0,5.0,7.0,0,0,0,0.0,0.0,4.0,4.0,2.0,68.0,57.0,0.5,0.5,,,,,0.5,0.3333333333333333,0.5,0.4,0.2,0.1,0.3,0.1,0.6,0.3,0.3,0.0,0.0,0.0,0.0,0.0,1.9,0.5,0.7,0.0,0.0,0.0,0.0,0.0,0.4,0.4,0.2,6.8,5.7,0.2
2025,000305,Romar Dennis,Romar,Dennis,M,Midfield,8,RED,Redwoods,2025-05-31,2025-08-08,10.0,9.0,1.0,4.0,5.0,1.0,42.0,21,25.0,0.0,0.0,0.0,0.0,0.0,4.0,1.0,1.0,0,0,0,0.0,0.0,0.0,0.0,5.0,162.0,119.0,0.11904761904761904,0.5,,,,,0.2,0.16,1.25,1.125,0.125,0.5,0.625,0.125,5.25,2.625,3.125,0.0,0.0,0.0,0.0,0.0,0.5,0.125,0.125,0.0,0.0,0.0,0.0,0.0,0.0,0.0,0.625,20.25,14.875,0.625
2025,000315,Garrett Epple,Garrett,Epple,D,Defense,10,CAN,Cannons,2025-05-31,2025-08-09,0.0,0.0,0.0,0.0,0.0,0.0,2.0,0,2.0,0.0,0.0,0.0,0.0,0.0,14.0,1.0,12.0,0,0,0,0.0,0.0,2.0,1.5,0.0,74.0,71.0,0.0,0.0,,,,,,0.0,0.0,0.0,0.0,0.0,0.0,0.0,0.2,0.0,0.2,0.0,0.0,0.0,0.0,0.0,1.4,0.1,1.2,0.0,0.0,0.0,0.0,0.0,0.2,0.15,0.0,7.4,7.1,0.0
2025,000333,Sergio Perkovic,Sergio,Perkovic,M,Midfield,7,CHA,Chaos,2025-06-22,2025-08-09,7.0,6.0,4.0,1.0,5.0,1.0,31.0,19,10.0,0.0,0.0,0.0,0.0,0.0,1.0,6.0,0.0,0,0,0,0.0,0.0,1.0,1.0,6.0,121.0,84.0,0.16129032258064516,0.6129032258064516,,,,,0.16666666666666666,0.1,1.0,0.8571428571428571,0.5714285714285714,0.14285714285714285,0.7142857142857143,0.14285714285714285,4.428571428571429,2.7142857142857144,1.4285714285714286,0.0,0.0,0.0,0.0,0.0,0.14285714285714285,0.8571428571428571,0.0,0.0,0.0,0.0,0.0,0.0,0.14285714285714285,0.14285714285714285,0.8571428571428571,17.285714285714285,12.0,0.8571428571428571
2025,000337,Bryce Young,Bryce,Young,D,Defense,10,CAN,Cannons,2025-05-31,2025-08-09,0.0,0.0,0.0,0.0,0.0,0.0,0.0,0,0.0,0.0,0.0,0.0,0.0,0.0,13.0,4.0,5.0,0,0,0,0.0,0.0,1.0,2.0,0.0,37.0,33.0,,,,,,,,,0.0,0.0,0.0,0.0,0.0,0.0,0.0,0.0,0.0,0.0,0.0,0.0,0.0,0.0,1.3,0.4,0.5,0.0,0.0,0.0,0.0,0.0,0.1,0.2,0.0,3.7,3.3,0.0
2025,000339,Connor Kelly,Connor,Kelly,M,Midfield,10,WAT,Waterdogs,2025-06-07,2025-08-09,17.0,13.0,7.0,3.0,10.0,4.0,61.0,25,17.0,0.0,0.0,0.0,0.0,0.0,8.0,11.0,2.0,0,0,0,0.0,0.0,1.0,0.5,8.0,224.0,152.0,0.16393442622950818,0.4098360655737705,,,,,0.5,0.17647058823529413,1.7,1.3,0.7,0.3,1.0,0.4,6.1,2.5,1.7,0.0,0.0,0.0,0.0,0.0,0.8,1.1,0.2,0.0,0.0,0.0,0.0,0.0,0.1,0.05,0.8,22.4,15.2,0.8
2025,000345,Jake Bernhardt,Jake,Bernhardt,SSDM,Defensive Midfield,10,WHP,Whipsnakes,2025-05-31,2025-08-09,2.0,2.0,0.0,1.0,1.0,0.0,5.0,2,3.0,0.0,0.0,0.0,0.0,0.0,8.0,3.0,1.0,2,12,14,0.0,0.0,1.0,0.5,0.0,53.0,45.0,0.2,0.4,0.14285714285714285,,,,,0.3333333333333333,0.2,0.2,0.0,0.1,0.1,0.0,0.5,0.2,0.3,0.0,0.0,0.0,0.0,0.0,0.8,0.3,0.1,0.2,1.2,1.4,0.0,0.0,0.1,0.05,0.0,5.3,4.5,0.0
2025,000350,Joseph Nardella,Joseph,Nardella,FO,Faceoff,10,WHP,Whipsnakes,2025-05-31,2025-08-09,2.0,2.0,2.0,0.0,2.0,0.0,5.0,3,0.0,0.0,0.0,0.0,0.0,0.0,58.0,5.0,4.0,144,95,241,0.0,0.0,1.0,0.5,0.0,83.0,73.0,0.4,0.6,0.5975103734439834,,,,,,0.2,0.2,0.2,0.0,0.2,0.0,0.5,0.3,0.0,0.0,0.0,0.0,0.0,0.0,5.8,0.5,0.4,14.4,9.5,24.1,0.0,0.0,0.1,0.05,0.0,8.3,7.3,0.0
2025,000351,Jules Heningburg,Jules,Heningburg,M,Midfield,4,CAN,Cannons,2025-07-19,2025-08-09,4.0,3.0,1.0,1.0,2.0,1.0,11.0,4,2.0,0.0,0.0,0.0,0.0,0.0,1.0,2.0,0.0,0,0,0,0.0,0.0,0.0,0.0,3.0,50.0,37.0,0.18181818181818182,0.36363636363636365,,,,,0.3333333333333333,0.5,1.0,0.75,0.25,0.25,0.5,0.25,2.75,1.0,0.5,0.0,0.0,0.0,0.0,0.0,0.25,0.5,0.0,0.0,0.0,0.0,0.0,0.0,0.0,0.0,0.75,12.5,9.25,0.75
2025,000354,Matt Rambo,Matt,Rambo,A,Attack,6,WHP,Whipsnakes,2025-05-31,2025-07-26,4.0,0.0,0.0,0.0,0.0,4.0,16.0,8,0.0,0.0,0.0,0.0,0.0,0.0,2.0,4.0,0.0,0,0,0,0.0,0.0,0.0,0.0,10.0,74.0,54.0,0.0,0.5,,,,,0.4,,0.6666666666666666,0.0,0.0,0.0,0.0,0.6666666666666666,2.6666666666666665,1.3333333333333333,0.0,0.0,0.0,0.0,0.0,0.0,0.3333333333333333,0.6666666666666666,0.0,0.0,0.0,0.0,0.0,0.0,0.0,0.0,1.6666666666666667,12.333333333333334,9.0,1.6666666666666667
2025,000355,Matthew Dunn,Matthew,Dunn,D,Defense,10,WHP,Whipsnakes,2025-05-31,2025-08-09,1.0,1.0,1.0,0.0,1.0,0.0,5.0,4,3.0,0.0,0.0,0.0,0.0,0.0,11.0,6.0,5.0,0,0,0,0.0,0.0,1.0,0.5,1.0,83.0,72.0,0.2,0.8,,,,,0.0,0.0,0.1,0.1,0.1,0.0,0.1,0.0,0.5,0.4,0.3,0.0,0.0,0.0,0.0,0.0,1.1,0.6,0.5,0.0,0.0,0.0,0.0,0.0,0.1,0.05,0.1,8.3,7.2,0.1
2025,000358,Ryan Drenner,Ryan,Drenner,M,Midfield,10,CAN,Cannons,2025-05-31,2025-08-09,20.0,18.0,18.0,0.0,18.0,2.0,39.0,24,2.0,0.0,0.0,0.0,0.0,0.0,4.0,5.0,2.0,0,0,0,0.0,0.0,0.0,0.0,11.0,212.0,168.0,0.46153846153846156,0.6153846153846154,,,,,0.18181818181818182,0.0,2.0,1.8,1.8,0.0,1.8,0.2,3.9,2.4,0.2,0.0,0.0,0.0,0.0,0.0,0.4,0.5,0.2,0.0,0.0,0.0,0.0,0.0,0.0,0.0,1.1,21.2,16.8,1.1
2025,000359,Tim Muller,Tim,Muller,D,Defense,10,WHP,Whipsnakes,2025-05-31,2025-08-09,0.0,0.0,0.0,0.0,0.0,0.0,2.0,1,0.0,0.0,0.0,0.0,0.0,0.0,18.0,0.0,3.0,0,0,0,0.0,0.0,1.0,0.5,1.0,70.0,68.0,0.0,0.5,,,,,0.0,,0.0,0.0,0.0,0.0,0.0,0.0,0.2,0.1,0.0,0.0,0.0,0.0,0.0,0.0,1.8,0.0,0.3,0.0,0.0,0.0,0.0,0.0,0.1,0.05,0.1,7.0,6.8,0.1
2025,000365,Jack Rowlett,Jack,Rowlett,D,Defense,10,CHA,Chaos,2025-05-30,2025-08-09,0.0,0.0,0.0,0.0,0.0,0.0,0.0,0,0.0,0.0,0.0,0.0,0.0,0.0,9.0,3.0,6.0,0,0,0,0.0,0.0,3.0,3.0,2.0,68.0,65.0,,,,,,,0.0,,0.0,0.0,0.0,0.0,0.0,0.0,0.0,0.0,0.0,0.0,0.0,0.0,0.0,0.0,0.9,0.3,0.6,0.0,0.0,0.0,0.0,0.0,0.3,0.3,0.2,6.8,6.5,0.2
2025,000373,Ryder Garnsey,Ryder,Garnsey,A,Attack,10,RED,Redwoods,2025-05-31,2025-08-08,22.0,14.0,14.0,0.0,14.0,8.0,48.0,35,5.0,0.0,0.0,0.0,0.0,0.0,22.0,18.0,2.0,0,0,0,0.0,0.0,0.0,0.0,21.0,325.0,259.0,0.2916666666666667,0.7291666666666666,,,,,0.38095238095238093,0.0,2.2,1.4,1.4,0.0,1.4,0.8,4.8,3.5,0.5,0.0,0.0,0.0,0.0,0.0,2.2,1.8,0.2,0.0,0.0,0.0,0.0,0.0,0.0,0.0,2.1,32.5,25.9,2.1
2025,000390,Brad Smith,Brad,Smith,M,Midfield,10,WHP,Whipsnakes,2025-05-31,2025-08-09,15.0,14.0,6.0,4.0,10.0,1.0,46.0,24,15.0,0.0,0.0,0.0,0.0,0.0,10.0,14.0,1.0,0,0,0,0.0,0.0,1.0,1.0,5.0,258.0,198.0,0.21739130434782608,0.5217391304347826,,,,,0.2,0.26666666666666666,1.5,1.4,0.6,0.4,1.0,0.1,4.6,2.4,1.5,0.0,0.0,0.0,0.0,0.0,1.0,1.4,0.1,0.0,0.0,0.0,0.0,0.0,0.1,0.1,0.5,25.8,19.8,0.5
2025,000391,Grant Ament,Grant,Ament,M,Midfield,8,ARC,Archers,2025-05-31,2025-08-09,11.0,3.0,3.0,0.0,3.0,8.0,32.0,14,1.0,0.0,0.0,0.0,0.0,0.0,4.0,17.0,1.0,0,0,0,0.0,0.0,0.0,0.0,28.0,215.0,166.0,0.09375,0.4375,,,,,0.2857142857142857,0.0,1.375,0.375,0.375,0.0,0.375,1.0,4.0,1.75,0.125,0.0,0.0,0.0,0.0,0.0,0.5,2.125,0.125,0.0,0.0,0.0,0.0,0.0,0.0,0.0,3.5,26.875,20.75,3.5
2025,000395,Bryan Costabile,Bryan,Costabile,M,Midfield,10,ATL,Atlas,2025-05-30,2025-08-09,23.0,19.0,13.0,3.0,16.0,4.0,62.0,38,17.0,0.0,0.0,0.0,0.0,0.0,12.0,21.0,4.0,0,0,0,0.0,0.0,1.0,1.0,7.0,277.0,194.0,0.25806451612903225,0.6129032258064516,,,,,0.5714285714285714,0.17647058823529413,2.3,1.9,1.3,0.3,1.6,0.4,6.2,3.8,1.7,0.0,0.0,0.0,0.0,0.0,1.2,2.1,0.4,0.0,0.0,0.0,0.0,0.0,0.1,0.1,0.7,27.7,19.4,0.7
2025,000405,Jesse Bernhardt,Jesse,Bernhardt,D,Defense,10,OUT,Outlaws,2025-05-31,2025-08-02,0.0,0.0,0.0,0.0,0.0,0.0,1.0,0,1.0,0.0,0.0,0.0,0.0,0.0,13.0,2.0,6.0,0,0,0,0.0,0.0,2.0,1.5,0.0,67.0,64.0,0.0,0.0,,,,,,0.0,0.0,0.0,0.0,0.0,0.0,0.0,0.1,0.0,0.1,0.0,0.0,0.0,0.0,0.0,1.3,0.2,0.6,0.0,0.0,0.0,0.0,0.0,0.2,0.15,0.0,6.7,6.4,0.0
2025,000408,Matt DeLuca,Matt,DeLuca,G,Goalie,6,WAT,Waterdogs,2025-06-07,2025-08-02,0.0,0.0,0.0,0.0,0.0,0.0,0.0,0,0.0,71.0,24.0,47.0,69.0,77.0,5.0,0.0,0.0,0,0,0,60.0,9.0,0.0,0.0,1.0,71.0,71.0,,,,0.5419847328244275,33.80281690140845,0.183206106870229,0.0,,0.0,0.0,0.0,0.0,0.0,0.0,0.0,0.0,0.0,11.833333333333334,4.0,7.833333333333333,11.5,12.833333333333334,0.8333333333333334,0.0,0.0,0.0,0.0,0.0,10.0,1.5,0.0,0.0,0.16666666666666666,11.833333333333334,11.833333333333334,0.16666666666666666
2025,000409,Zach Currier,Zach,Currier,M,Midfield,10,WAT,Waterdogs,2025-06-07,2025-08-09,11.0,8.0,8.0,0.0,8.0,3.0,30.0,20,1.0,0.0,0.0,0.0,0.0,0.0,38.0,11.0,3.0,1,9,10,0.0,0.0,2.0,2.0,13.0,197.0,156.0,0.26666666666666666,0.6666666666666666,0.1,,,,0.23076923076923078,0.0,1.1,0.8,0.8,0.0,0.8,0.3,3.0,2.0,0.1,0.0,0.0,0.0,0.0,0.0,3.8,1.1,0.3,0.1,0.9,1.0,0.0,0.0,0.2,0.2,1.3,19.7,15.6,1.3
2025,000410,Eli Gobrecht,Eli,Gobrecht,D,Defense,6,WAT,Waterdogs,2025-06-07,2025-08-09,0.0,0.0,0.0,0.0,0.0,0.0,0.0,0,0.0,0.0,0.0,0.0,0.0,0.0,2.0,0.0,3.0,0,1,1,0.0,0.0,1.0,1.0,2.0,15.0,15.0,,,0.0,,,,0.0,,0.0,0.0,0.0,0.0,0.0,0.0,0.0,0.0,0.0,0.0,0.0,0.0,0.0,0.0,0.3333333333333333,0.0,0.5,0.0,0.16666666666666666,0.16666666666666666,0.0,0.0,0.16666666666666666,0.16666666666666666,0.3333333333333333,2.5,2.5,0.3333333333333333
2025,000414,Rob Pannell,Rob,Pannell,A,Attack,8,WHP,Whipsnakes,2025-05-31,2025-08-09,20.0,7.0,7.0,0.0,7.0,13.0,42.0,27,0.0,0.0,0.0,0.0,0.0,0.0,10.0,19.0,2.0,0,0,0,0.0,0.0,1.0,0.5,33.0,271.0,210.0,0.16666666666666666,0.6428571428571429,,,,,0.3939393939393939,,2.5,0.875,0.875,0.0,0.875,1.625,5.25,3.375,0.0,0.0,0.0,0.0,0.0,0.0,1.25,2.375,0.25,0.0,0.0,0.0,0.0,0.0,0.125,0.0625,4.125,33.875,26.25,4.125
2025,000416,Ryland Rees,Ryland,Rees,LSM,Long Stick Midfield,3,RED|WAT,Redwoods|Waterdogs,2025-06-14,2025-08-08,0.0,0.0,0.0,0.0,0.0,0.0,2.0,0,1.0,0.0,0.0,0.0,0.0,0.0,2.0,2.0,0.0,0,0,0,0.0,0.0,0.0,0.0,1.0,11.0,7.0,0.0,0.0,,,,,0.0,0.0,0.0,0.0,0.0,0.0,0.0,0.0,0.6666666666666666,0.0,0.3333333333333333,0.0,0.0,0.0,0.0,0.0,0.6666666666666666,0.6666666666666666,0.0,0.0,0.0,0.0,0.0,0.0,0.0,0.0,0.3333333333333333,3.6666666666666665,2.3333333333333335,0.3333333333333333
2025,000418,Dillon Ward,Dillon,Ward,G,Goalie,5,WAT,Waterdogs,2025-06-13,2025-08-09,0.0,0.0,0.0,0.0,0.0,0.0,0.0,0,0.0,41.0,15.0,26.0,58.0,63.75142314990512,9.0,0.0,2.0,0,0,0,52.0,6.0,0.0,0.0,0.0,58.0,58.0,,,,0.44086021505376344,36.58536585365854,0.16129032258064516,,,0.0,0.0,0.0,0.0,0.0,0.0,0.0,0.0,0.0,8.2,3.0,5.2,11.6,12.750284629981024,1.8,0.0,0.4,0.0,0.0,0.0,10.4,1.2,0.0,0.0,0.0,11.6,11.6,0.0
2025,000815,Austin Kaut,Austin,Kaut,G,Goalie,2,CHA,Chaos,2025-06-07,2025-06-22,0.0,0.0,0.0,0.0,0.0,0.0,0.0,0,0.0,5.0,1.0,4.0,3.0,16.08988764044944,0.0,0.0,0.0,0,0,0,3.0,0.0,0.0,0.0,0.0,8.0,8.0,,,,0.625,20.0,0.125,,,0.0,0.0,0.0,0.0,0.0,0.0,0.0,0.0,0.0,2.5,0.5,2.0,1.5,8.04494382022472,0.0,0.0,0.0,0.0,0.0,0.0,1.5,0.0,0.0,0.0,0.0,4.0,4.0,0.0
2025,000922,Graeme Hossack,Graeme,Hossack,D,Defense,10,ARC,Archers,2025-05-31,2025-08-09,1.0,1.0,1.0,0.0,1.0,0.0,8.0,4,4.0,0.0,0.0,0.0,0.0,0.0,24.0,2.0,14.0,0,0,0,0.0,0.0,2.0,2.0,1.0,80.0,70.0,0.125,0.5,,,,,0.0,0.0,0.1,0.1,0.1,0.0,0.1,0.0,0.8,0.4,0.4,0.0,0.0,0.0,0.0,0.0,2.4,0.2,1.4,0.0,0.0,0.0,0.0,0.0,0.2,0.2,0.1,8.0,7.0,0.1
2025,000978,Kyle Jackson,Kyle,Jackson,M,Midfield,3,ATL,Atlas,2025-05-30,2025-06-14,2.0,1.0,1.0,0.0,1.0,1.0,10.0,7,0.0,0.0,0.0,0.0,0.0,0.0,0.0,2.0,0.0,0,0,0,0.0,0.0,0.0,0.0,2.0,53.0,41.0,0.1,0.7,,,,,0.5,,0.6666666666666666,0.3333333333333333,0.3333333333333333,0.0,0.3333333333333333,0.3333333333333333,3.3333333333333335,2.3333333333333335,0.0,0.0,0.0,0.0,0.0,0.0,0.0,0.6666666666666666,0.0,0.0,0.0,0.0,0.0,0.0,0.0,0.0,0.6666666666666666,17.666666666666668,13.666666666666666,0.6666666666666666
2025,001001,Dylan Molloy,Dylan,Molloy,A,Attack,10,RED,Redwoods,2025-05-31,2025-08-08,32.0,27.0,25.0,1.0,26.0,5.0,87.0,51,4.0,0.0,0.0,0.0,0.0,0.0,16.0,17.0,2.0,0,0,0,0.0,0.0,3.0,1.5,13.0,301.0,197.0,0.2988505747126437,0.5862068965517241,,,,,0.38461538461538464,0.25,3.2,2.7,2.5,0.1,2.6,0.5,8.7,5.1,0.4,0.0,0.0,0.0,0.0,0.0,1.6,1.7,0.2,0.0,0.0,0.0,0.0,0.0,0.3,0.15,1.3,30.1,19.7,1.3
2025,001009,Colin Heacock,Colin,Heacock,M,Midfield,8,WHP,Whipsnakes,2025-06-14,2025-08-09,9.0,8.0,8.0,0.0,8.0,1.0,27.0,17,3.0,0.0,0.0,0.0,0.0,0.0,1.0,4.0,1.0,0,0,0,0.0,0.0,1.0,1.0,1.0,98.0,67.0,0.2962962962962963,0.6296296296296297,,,,,1.0,0.0,1.125,1.0,1.0,0.0,1.0,0.125,3.375,2.125,0.375,0.0,0.0,0.0,0.0,0.0,0.125,0.5,0.125,0.0,0.0,0.0,0.0,0.0,0.125,0.125,0.125,12.25,8.375,0.125
2025,001391,Mikie Schlosser,Mikie,Schlosser,M,Midfield,3,WAT,Waterdogs,2025-06-07,2025-08-09,2.0,2.0,2.0,0.0,2.0,0.0,6.0,5,1.0,0.0,0.0,0.0,0.0,0.0,1.0,2.0,0.0,0,0,0,0.0,0.0,0.0,0.0,0.0,30.0,22.0,0.3333333333333333,0.8333333333333334,,,,,,0.0,0.6666666666666666,0.6666666666666666,0.6666666666666666,0.0,0.6666666666666666,0.0,2.0,1.6666666666666667,0.3333333333333333,0.0,0.0,0.0,0.0,0.0,0.3333333333333333,0.6666666666666666,0.0,0.0,0.0,0.0,0.0,0.0,0.0,0.0,0.0,10.0,7.333333333333333,0.0
2025,001397,Michael Rexrode,Michael,Rexrode,D,Defense,10,ATL,Atlas,2025-05-30,2025-08-09,2.0,2.0,0.0,1.0,1.0,0.0,1.0,1,1.0,0.0,0.0,0.0,0.0,0.0,14.0,2.0,12.0,0,0,0,0.0,0.0,3.0,2.0,0.0,55.0,52.0,1.0,1.0,,,,,,1.0,0.2,0.2,0.0,0.1,0.1,0.0,0.1,0.1,0.1,0.0,0.0,0.0,0.0,0.0,1.4,0.2,1.2,0.0,0.0,0.0,0.0,0.0,0.3,0.2,0.0,5.5,5.2,0.0
2025,001406,Ben Randall,Ben,Randall,D,Defense,10,WAT,Waterdogs,2025-06-07,2025-08-09,1.0,1.0,1.0,0.0,1.0,0.0,5.0,4,2.0,0.0,0.0,0.0,0.0,0.0,21.0,6.0,13.0,0,0,0,0.0,0.0,0.0,0.0,0.0,93.0,82.0,0.2,0.8,,,,,,0.0,0.1,0.1,0.1,0.0,0.1,0.0,0.5,0.4,0.2,0.0,0.0,0.0,0.0,0.0,2.1,0.6,1.3,0.0,0.0,0.0,0.0,0.0,0.0,0.0,0.0,9.3,8.2,0.0
2025,001415,Greg Weyl,Greg,Weyl,D,Defense,2,OUT,Outlaws,2025-07-27,2025-08-02,0.0,0.0,0.0,0.0,0.0,0.0,0.0,0,0.0,0.0,0.0,0.0,0.0,0.0,1.0,0.0,0.0,0,0,0,0.0,0.0,0.0,0.0,0.0,1.0,1.0,,,,,,,,,0.0,0.0,0.0,0.0,0.0,0.0,0.0,0.0,0.0,0.0,0.0,0.0,0.0,0.0,0.5,0.0,0.0,0.0,0.0,0.0,0.0,0.0,0.0,0.0,0.0,0.5,0.5,0.0
2025,001661,Warren Jeffrey,Warren,Jeffrey,D,Defense,10,ARC,Archers,2025-05-31,2025-08-09,0.0,0.0,0.0,0.0,0.0,0.0,0.0,0,0.0,0.0,0.0,0.0,0.0,0.0,11.0,4.0,10.0,0,0,0,0.0,0.0,4.0,3.0,1.0,42.0,38.0,,,,,,,0.0,,0.0,0.0,0.0,0.0,0.0,0.0,0.0,0.0,0.0,0.0,0.0,0.0,0.0,0.0,1.1,0.4,1.0,0.0,0.0,0.0,0.0,0.0,0.4,0.3,0.1,4.2,3.8,0.1
2025,001671,Zach Goodrich,Zach,Goodrich,SSDM,Defensive Midfield,10,CAN,Cannons,2025-05-31,2025-08-09,0.0,0.0,0.0,0.0,0.0,0.0,0.0,0,0.0,0.0,0.0,0.0,0.0,0.0,4.0,2.0,4.0,0,7,7,0.0,0.0,5.0,2.5,0.0,49.0,47.0,,,0.0,,,,,,0.0,0.0,0.0,0.0,0.0,0.0,0.0,0.0,0.0,0.0,0.0,0.0,0.0,0.0,0.4,0.2,0.4,0.0,0.7,0.7,0.0,0.0,0.5,0.25,0.0,4.9,4.7,0.0
2025,001707,Matt Whitcher,Matt,Whitcher,SSDM,Defensive Midfield,9,WAT,Waterdogs,2025-06-07,2025-08-09,1.0,1.0,1.0,0.0,1.0,0.0,6.0,4,2.0,0.0,0.0,0.0,0.0,0.0,11.0,2.0,5.0,0,1,1,0.0,0.0,3.0,2.0,2.0,62.0,54.0,0.16666666666666666,0.6666666666666666,0.0,,,,0.0,0.0,0.1111111111111111,0.1111111111111111,0.1111111111111111,0.0,0.1111111111111111,0.0,0.6666666666666666,0.4444444444444444,0.2222222222222222,0.0,0.0,0.0,0.0,0.0,1.2222222222222223,0.2222222222222222,0.5555555555555556,0.0,0.1111111111111111,0.1111111111111111,0.0,0.0,0.3333333333333333,0.2222222222222222,0.2222222222222222,6.888888888888889,6.0,0.2222222222222222
2025,001729,Chris Aslanian,Chris,Aslanian,M,Midfield,1,CHA,Chaos,2025-05-30,2025-05-30,0.0,0.0,0.0,0.0,0.0,0.0,2.0,2,0.0,0.0,0.0,0.0,0.0,0.0,0.0,0.0,0.0,0,0,0,0.0,0.0,0.0,0.0,2.0,9.0,7.0,0.0,1.0,,,,,0.0,,0.0,0.0,0.0,0.0,0.0,0.0,2.0,2.0,0.0,0.0,0.0,0.0,0.0,0.0,0.0,0.0,0.0,0.0,0.0,0.0,0.0,0.0,0.0,0.0,2.0,9.0,7.0,2.0
2025,001733,Charlie Hayes,Charlie,Hayes,SSDM,Defensive Midfield,2,WAT,Waterdogs,2025-07-26,2025-08-09,0.0,0.0,0.0,0.0,0.0,0.0,1.0,0,0.0,0.0,0.0,0.0,0.0,0.0,2.0,0.0,1.0,0,1,1,0.0,0.0,0.0,0.0,2.0,12.0,11.0,0.0,0.0,0.0,,,,0.0,,0.0,0.0,0.0,0.0,0.0,0.0,0.5,0.0,0.0,0.0,0.0,0.0,0.0,0.0,1.0,0.0,0.5,0.0,0.5,0.5,0.0,0.0,0.0,0.0,1.0,6.0,5.5,1.0
2025,001773,Nick Washuta,Nick,Washuta,G,Goalie,1,ARC,Archers,2025-07-27,2025-07-27,0.0,0.0,0.0,0.0,0.0,0.0,0.0,0,0.0,0.0,0.0,0.0,0.0,0.0,0.0,0.0,0.0,0,0,0,0.0,0.0,0.0,0.0,0.0,0.0,0.0,,,,,,,,,0.0,0.0,0.0,0.0,0.0,0.0,0.0,0.0,0.0,0.0,0.0,0.0,0.0,0.0,0.0,0.0,0.0,0.0,0.0,0.0,0.0,0.0,0.0,0.0,0.0,0.0,0.0,0.0
2025,001795,Christian Scarpello,Christian,Scarpello,SSDM,Defensive Midfield,5,WAT,Waterdogs,2025-06-28,2025-08-02,3.0,3.0,3.0,0.0,3.0,0.0,3.0,3,0.0,0.0,0.0,0.0,0.0,0.0,6.0,3.0,0.0,0,1,1,0.0,0.0,0.0,0.0,0.0,26.0,20.0,1.0,1.0,0.0,,,,,,0.6,0.6,0.6,0.0,0.6,0.0,0.6,0.6,0.0,0.0,0.0,0.0,0.0,0.0,1.2,0.6,0.0,0.0,0.2,0.2,0.0,0.0,0.0,0.0,0.0,5.2,4.0,0.0
2025,001809,Jeff Teat,Jeff,Teat,A,Attack,10,ATL,Atlas,2025-05-30,2025-08-09,40.0,17.0,17.0,0.0,17.0,23.0,69.0,42,2.0,0.0,0.0,0.0,0.0,0.0,18.0,23.0,1.0,0,0,0,0.0,0.0,0.0,0.0,55.0,376.0,284.0,0.2463768115942029,0.6086956521739131,,,,,0.41818181818181815,0.0,4.0,1.7,1.7,0.0,1.7,2.3,6.9,4.2,0.2,0.0,0.0,0.0,0.0,0.0,1.8,2.3,0.1,0.0,0.0,0.0,0.0,0.0,0.0,0.0,5.5,37.6,28.4,5.5
2025,001810,Michael Sowers,Michael,Sowers,A,Attack,10,WAT,Waterdogs,2025-06-07,2025-08-09,41.0,18.0,18.0,0.0,18.0,23.0,65.0,50,1.0,0.0,0.0,0.0,0.0,0.0,8.0,25.0,0.0,0,0,0,0.0,0.0,0.0,0.0,65.0,325.0,235.0,0.27692307692307694,0.7692307692307693,,,,,0.35384615384615387,0.0,4.1,1.8,1.8,0.0,1.8,2.3,6.5,5.0,0.1,0.0,0.0,0.0,0.0,0.0,0.8,2.5,0.0,0.0,0.0,0.0,0.0,0.0,0.0,0.0,6.5,32.5,23.5,6.5
2025,001811,JT Giles-Harris,JT,Giles-Harris,D,Defense,10,OUT,Outlaws,2025-05-31,2025-08-02,1.0,0.0,0.0,0.0,0.0,1.0,2.0,2,1.0,0.0,0.0,0.0,0.0,0.0,13.0,4.0,7.0,0,0,0,0.0,0.0,1.0,1.0,1.0,66.0,60.0,0.0,1.0,,,,,1.0,0.0,0.1,0.0,0.0,0.0,0.0,0.1,0.2,0.2,0.1,0.0,0.0,0.0,0.0,0.0,1.3,0.4,0.7,0.0,0.0,0.0,0.0,0.0,0.1,0.1,0.1,6.6,6.0,0.1
2025,001812,TD Ierlan,TD,Ierlan,FO,Faceoff,10,RED,Redwoods,2025-05-31,2025-08-08,6.0,3.0,3.0,0.0,3.0,3.0,12.0,8,0.0,0.0,0.0,0.0,0.0,0.0,74.0,5.0,2.0,150,97,248,0.0,0.0,0.0,0.0,9.0,76.0,59.0,0.25,0.6666666666666666,0.6048387096774194,,,,0.3333333333333333,,0.6,0.3,0.3,0.0,0.3,0.3,1.2,0.8,0.0,0.0,0.0,0.0,0.0,0.0,7.4,0.5,0.2,15.0,9.7,24.8,0.0,0.0,0.0,0.0,0.9,7.6,5.9,0.9
2025,001813,Jared Conners,Jared,Conners,LSM,Long Stick Midfield,10,RED,Redwoods,2025-05-31,2025-08-08,4.0,2.0,0.0,1.0,1.0,2.0,8.0,3,7.0,0.0,0.0,0.0,0.0,0.0,25.0,5.0,6.0,0,0,0,0.0,0.0,0.0,0.0,4.0,76.0,63.0,0.125,0.375,,,,,0.5,0.14285714285714285,0.4,0.2,0.0,0.1,0.1,0.2,0.8,0.3,0.7,0.0,0.0,0.0,0.0,0.0,2.5,0.5,0.6,0.0,0.0,0.0,0.0,0.0,0.0,0.0,0.4,7.6,6.3,0.4
2025,001814,Mac O'Keefe,Mac,O'Keefe,A,Attack,10,ARC,Archers,2025-05-31,2025-08-09,18.0,11.0,9.0,1.0,10.0,7.0,48.0,35,8.0,0.0,0.0,0.0,0.0,0.0,11.0,9.0,1.0,0,0,0,0.0,0.0,1.0,1.0,17.0,205.0,148.0,0.20833333333333334,0.7291666666666666,,,,,0.4117647058823529,0.125,1.8,1.1,0.9,0.1,1.0,0.7,4.8,3.5,0.8,0.0,0.0,0.0,0.0,0.0,1.1,0.9,0.1,0.0,0.0,0.0,0.0,0.0,0.1,0.1,1.7,20.5,14.8,1.7
2025,001815,Connor Kirst,Connor,Kirst,M,Midfield,10,CAN,Cannons,2025-05-31,2025-08-09,10.0,8.0,6.0,1.0,7.0,2.0,29.0,15,7.0,0.0,0.0,0.0,0.0,0.0,12.0,14.0,1.0,8,14,22,0.0,0.0,2.0,1.5,6.0,109.0,66.0,0.2413793103448276,0.5172413793103449,0.36363636363636365,,,,0.3333333333333333,0.14285714285714285,1.0,0.8,0.6,0.1,0.7,0.2,2.9,1.5,0.7,0.0,0.0,0.0,0.0,0.0,1.2,1.4,0.1,0.8,1.4,2.2,0.0,0.0,0.2,0.15,0.6,10.9,6.6,0.6
2025,001816,Dox Aitken,Dox,Aitken,M,Midfield,2,ATL,Atlas,2025-07-26,2025-08-02,0.0,0.0,0.0,0.0,0.0,0.0,4.0,1,0.0,0.0,0.0,0.0,0.0,0.0,1.0,2.0,0.0,0,0,0,0.0,0.0,1.0,0.5,0.0,19.0,13.0,0.0,0.25,,,,,,,0.0,0.0,0.0,0.0,0.0,0.0,2.0,0.5,0.0,0.0,0.0,0.0,0.0,0.0,0.5,1.0,0.0,0.0,0.0,0.0,0.0,0.0,0.5,0.25,0.0,9.5,6.5,0.0
2025,001817,Jack Kielty,Jack,Kielty,D,Defense,10,CAN,Cannons,2025-05-31,2025-08-09,0.0,0.0,0.0,0.0,0.0,0.0,1.0,0,0.0,0.0,0.0,0.0,0.0,0.0,7.0,0.0,12.0,0,0,0,0.0,0.0,1.0,1.0,0.0,56.0,55.0,0.0,0.0,,,,,,,0.0,0.0,0.0,0.0,0.0,0.0,0.1,0.0,0.0,0.0,0.0,0.0,0.0,0.0,0.7,0.0,1.2,0.0,0.0,0.0,0.0,0.0,0.1,0.1,0.0,5.6,5.5,0.0
2025,001819,Danny Logan,Danny,Logan,SSDM,Defensive Midfield,9,ATL,Atlas,2025-05-30,2025-08-09,2.0,1.0,1.0,0.0,1.0,1.0,3.0,1,1.0,0.0,0.0,0.0,0.0,0.0,12.0,3.0,2.0,2,10,12,0.0,0.0,5.0,3.0,2.0,61.0,55.0,0.3333333333333333,0.3333333333333333,0.16666666666666666,,,,0.5,0.0,0.2222222222222222,0.1111111111111111,0.1111111111111111,0.0,0.1111111111111111,0.1111111111111111,0.3333333333333333,0.1111111111111111,0.1111111111111111,0.0,0.0,0.0,0.0,0.0,1.3333333333333333,0.3333333333333333,0.2222222222222222,0.2222222222222222,1.1111111111111112,1.3333333333333333,0.0,0.0,0.5555555555555556,0.3333333333333333,0.2222222222222222,6.777777777777778,6.111111111111111,0.2222222222222222
2025,001820,Ryan Terefenko,Ryan,Terefenko,SSDM,Defensive Midfield,10,OUT,Outlaws,2025-05-31,2025-08-02,8.0,6.0,4.0,1.0,5.0,2.0,15.0,10,5.0,0.0,0.0,0.0,0.0,0.0,18.0,8.0,2.0,0,6,6,0.0,0.0,1.0,0.5,8.0,142.0,119.0,0.3333333333333333,0.6666666666666666,0.0,,,,0.25,0.2,0.8,0.6,0.4,0.1,0.5,0.2,1.5,1.0,0.5,0.0,0.0,0.0,0.0,0.0,1.8,0.8,0.2,0.0,0.6,0.6,0.0,0.0,0.1,0.05,0.8,14.2,11.9,0.8
2025,001821,Tre Leclaire,Tre,Leclaire,M,Midfield,5,ARC,Archers,2025-07-12,2025-08-09,6.0,5.0,5.0,0.0,5.0,1.0,23.0,16,6.0,0.0,0.0,0.0,0.0,0.0,5.0,8.0,0.0,0,0,0,0.0,0.0,0.0,0.0,3.0,101.0,70.0,0.21739130434782608,0.6956521739130435,,,,,0.3333333333333333,0.0,1.2,1.0,1.0,0.0,1.0,0.2,4.6,3.2,1.2,0.0,0.0,0.0,0.0,0.0,1.0,1.6,0.0,0.0,0.0,0.0,0.0,0.0,0.0,0.0,0.6,20.2,14.0,0.6
2025,001826,Jeff Trainor,Jeff,Trainor,SSDM,Defensive Midfield,10,CAN,Cannons,2025-05-31,2025-08-09,6.0,6.0,6.0,0.0,6.0,0.0,15.0,10,2.0,0.0,0.0,0.0,0.0,0.0,14.0,3.0,4.0,0,0,0,0.0,0.0,3.0,3.5,3.0,88.0,70.0,0.4,0.6666666666666666,,,,,0.0,0.0,0.6,0.6,0.6,0.0,0.6,0.0,1.5,1.0,0.2,0.0,0.0,0.0,0.0,0.0,1.4,0.3,0.4,0.0,0.0,0.0,0.0,0.0,0.3,0.35,0.3,8.8,7.0,0.3
2025,001827,Jared Bernhardt,Jared,Bernhardt,M,Midfield,9,OUT,Outlaws,2025-06-06,2025-08-02,22.0,18.0,18.0,0.0,18.0,4.0,53.0,33,0.0,0.0,0.0,0.0,0.0,0.0,8.0,17.0,0.0,0,0,0,0.0,0.0,3.0,1.5,13.0,236.0,166.0,0.33962264150943394,0.6226415094339622,,,,,0.3076923076923077,,2.4444444444444446,2.0,2.0,0.0,2.0,0.4444444444444444,5.888888888888889,3.6666666666666665,0.0,0.0,0.0,0.0,0.0,0.0,0.8888888888888888,1.8888888888888888,0.0,0.0,0.0,0.0,0.0,0.0,0.3333333333333333,0.16666666666666666,1.4444444444444444,26.22222222222222,18.444444444444443,1.4444444444444444
2025,001828,Justin Anderson,Justin,Anderson,M,Midfield,10,OUT,Outlaws,2025-05-31,2025-08-02,10.0,9.0,9.0,0.0,9.0,1.0,27.0,14,3.0,0.0,0.0,0.0,0.0,0.0,15.0,9.0,3.0,0,0,0,0.0,0.0,1.0,1.0,5.0,148.0,112.0,0.3333333333333333,0.5185185185185185,,,,,0.2,0.0,1.0,0.9,0.9,0.0,0.9,0.1,2.7,1.4,0.3,0.0,0.0,0.0,0.0,0.0,1.5,0.9,0.3,0.0,0.0,0.0,0.0,0.0,0.1,0.1,0.5,14.8,11.2,0.5
2025,001831,Colin Squires,Colin,Squires,LSM,Long Stick Midfield,10,WHP,Whipsnakes,2025-05-31,2025-08-09,1.0,0.0,0.0,0.0,0.0,1.0,1.0,0,1.0,0.0,0.0,0.0,0.0,0.0,35.0,5.0,3.0,0,0,0,0.0,0.0,1.0,1.0,1.0,55.0,49.0,0.0,0.0,,,,,1.0,0.0,0.1,0.0,0.0,0.0,0.0,0.1,0.1,0.0,0.1,0.0,0.0,0.0,0.0,0.0,3.5,0.5,0.3,0.0,0.0,0.0,0.0,0.0,0.1,0.1,0.1,5.5,4.9,0.1
2025,001832,Charlie Bertrand,Charlie,Bertrand,M,Midfield,7,RED,Redwoods,2025-05-31,2025-08-08,8.0,5.0,5.0,0.0,5.0,3.0,26.0,17,2.0,0.0,0.0,0.0,0.0,0.0,5.0,6.0,0.0,0,0,0,0.0,0.0,1.0,1.0,5.0,113.0,81.0,0.19230769230769232,0.6538461538461539,,,,,0.6,0.0,1.1428571428571428,0.7142857142857143,0.7142857142857143,0.0,0.7142857142857143,0.42857142857142855,3.7142857142857144,2.4285714285714284,0.2857142857142857,0.0,0.0,0.0,0.0,0.0,0.7142857142857143,0.8571428571428571,0.0,0.0,0.0,0.0,0.0,0.0,0.14285714285714285,0.14285714285714285,0.7142857142857143,16.142857142857142,11.571428571428571,0.7142857142857143
2025,001839,Nick Grill,Nick,Grill,LSM,Long Stick Midfield,5,OUT,Outlaws,2025-05-31,2025-08-02,0.0,0.0,0.0,0.0,0.0,0.0,0.0,0,0.0,0.0,0.0,0.0,0.0,0.0,9.0,1.0,3.0,0,0,0,0.0,0.0,0.0,0.0,0.0,15.0,14.0,,,,,,,,,0.0,0.0,0.0,0.0,0.0,0.0,0.0,0.0,0.0,0.0,0.0,0.0,0.0,0.0,1.8,0.2,0.6,0.0,0.0,0.0,0.0,0.0,0.0,0.0,0.0,3.0,2.8,0.0
2025,001846,Adam Charalambides,Adam,Charalambides,A,Attack,9,CHA,Chaos,2025-06-06,2025-08-09,16.0,14.0,14.0,0.0,14.0,2.0,50.0,31,2.0,0.0,0.0,0.0,0.0,0.0,7.0,18.0,1.0,0,0,0,0.0,0.0,5.0,3.5,11.0,271.0,203.0,0.28,0.62,,,,,0.18181818181818182,0.0,1.7777777777777777,1.5555555555555556,1.5555555555555556,0.0,1.5555555555555556,0.2222222222222222,5.555555555555555,3.4444444444444446,0.2222222222222222,0.0,0.0,0.0,0.0,0.0,0.7777777777777778,2.0,0.1111111111111111,0.0,0.0,0.0,0.0,0.0,0.5555555555555556,0.3888888888888889,1.2222222222222223,30.11111111111111,22.555555555555557,1.2222222222222223
2025,002006,Reid Bowering,Reid,Bowering,M,Midfield,7,ATL,Atlas,2025-06-21,2025-08-09,13.0,10.0,10.0,0.0,10.0,3.0,20.0,17,0.0,0.0,0.0,0.0,0.0,0.0,17.0,5.0,1.0,0,0,0,0.0,0.0,1.0,0.5,5.0,95.0,70.0,0.5,0.85,,,,,0.6,,1.8571428571428572,1.4285714285714286,1.4285714285714286,0.0,1.4285714285714286,0.42857142857142855,2.857142857142857,2.4285714285714284,0.0,0.0,0.0,0.0,0.0,0.0,2.4285714285714284,0.7142857142857143,0.14285714285714285,0.0,0.0,0.0,0.0,0.0,0.14285714285714285,0.07142857142857142,0.7142857142857143,13.571428571428571,10.0,0.7142857142857143
2025,002015,Logan Wisnauskas,Logan,Wisnauskas,A,Attack,10,OUT,Outlaws,2025-05-31,2025-08-02,21.0,13.0,13.0,0.0,13.0,8.0,43.0,31,3.0,0.0,0.0,0.0,0.0,0.0,8.0,20.0,0.0,0,0,0,0.0,0.0,1.0,2.0,24.0,250.0,187.0,0.3023255813953488,0.7209302325581395,,,,,0.3333333333333333,0.0,2.1,1.3,1.3,0.0,1.3,0.8,4.3,3.1,0.3,0.0,0.0,0.0,0.0,0.0,0.8,2.0,0.0,0.0,0.0,0.0,0.0,0.0,0.1,0.2,2.4,25.0,18.7,2.4
2025,002017,Arden Cohen,Arden,Cohen,LSM,Long Stick Midfield,8,RED,Redwoods,2025-05-31,2025-07-26,0.0,0.0,0.0,0.0,0.0,0.0,0.0,0,0.0,0.0,0.0,0.0,0.0,0.0,18.0,3.0,11.0,0,0,0,0.0,0.0,6.0,6.0,0.0,32.0,29.0,,,,,,,,,0.0,0.0,0.0,0.0,0.0,0.0,0.0,0.0,0.0,0.0,0.0,0.0,0.0,0.0,2.25,0.375,1.375,0.0,0.0,0.0,0.0,0.0,0.75,0.75,0.0,4.0,3.625,0.0
2025,002018,Matt Moore,Matt,Moore,A,Attack,4,ARC,Archers,2025-05-31,2025-06-22,7.0,6.0,6.0,0.0,6.0,1.0,25.0,15,4.0,0.0,0.0,0.0,0.0,0.0,6.0,7.0,0.0,0,0,0,0.0,0.0,1.0,0.5,4.0,115.0,83.0,0.24,0.6,,,,,0.25,0.0,1.75,1.5,1.5,0.0,1.5,0.25,6.25,3.75,1.0,0.0,0.0,0.0,0.0,0.0,1.5,1.75,0.0,0.0,0.0,0.0,0.0,0.0,0.25,0.125,1.0,28.75,20.75,1.0
2025,002019,Koby Smith,Koby,Smith,LSM,Long Stick Midfield,2,ATL,Atlas,2025-05-31,2025-08-02,0.0,0.0,0.0,0.0,0.0,0.0,0.0,0,0.0,0.0,0.0,0.0,0.0,0.0,3.0,2.0,1.0,0,0,0,0.0,0.0,0.0,0.0,1.0,8.0,6.0,,,,,,,0.0,,0.0,0.0,0.0,0.0,0.0,0.0,0.0,0.0,0.0,0.0,0.0,0.0,0.0,0.0,1.5,1.0,0.5,0.0,0.0,0.0,0.0,0.0,0.0,0.0,0.5,4.0,3.0,0.5
2025,002021,Roman Puglise,Roman,Puglise,SSDM,Defensive Midfield,8,WHP,Whipsnakes,2025-05-31,2025-08-09,2.0,1.0,1.0,0.0,1.0,1.0,6.0,4,1.0,0.0,0.0,0.0,0.0,0.0,11.0,3.0,1.0,0,0,0,0.0,0.0,6.0,3.5,1.0,82.0,73.0,0.16666666666666666,0.6666666666666666,,,,,1.0,0.0,0.25,0.125,0.125,0.0,0.125,0.125,0.75,0.5,0.125,0.0,0.0,0.0,0.0,0.0,1.375,0.375,0.125,0.0,0.0,0.0,0.0,0.0,0.75,0.4375,0.125,10.25,9.125,0.125
2025,002022,Zach Geddes,Zach,Geddes,SSDM,Defensive Midfield,10,OUT,Outlaws,2025-05-31,2025-08-02,5.0,4.0,2.0,1.0,3.0,1.0,9.0,7,1.0,0.0,0.0,0.0,0.0,0.0,17.0,4.0,7.0,0,2,2,0.0,0.0,3.0,1.5,5.0,86.0,73.0,0.3333333333333333,0.7777777777777778,0.0,,,,0.2,1.0,0.5,0.4,0.2,0.1,0.3,0.1,0.9,0.7,0.1,0.0,0.0,0.0,0.0,0.0,1.7,0.4,0.7,0.0,0.2,0.2,0.0,0.0,0.3,0.15,0.5,8.6,7.3,0.5
2025,002024,Asher Nolting,Asher,Nolting,A,Attack,10,CAN,Cannons,2025-05-31,2025-08-09,36.0,10.0,10.0,0.0,10.0,26.0,37.0,23,0.0,0.0,0.0,0.0,0.0,0.0,11.0,22.0,2.0,0,0,0,0.0,0.0,2.0,2.0,63.0,292.0,233.0,0.2702702702702703,0.6216216216216216,,,,,0.4126984126984127,,3.6,1.0,1.0,0.0,1.0,2.6,3.7,2.3,0.0,0.0,0.0,0.0,0.0,0.0,1.1,2.2,0.2,0.0,0.0,0.0,0.0,0.0,0.2,0.2,6.3,29.2,23.3,6.3
2025,002026,Brett Dobson,Brett,Dobson,G,Goalie,10,ARC,Archers,2025-05-31,2025-08-09,0.0,0.0,0.0,0.0,0.0,0.0,1.0,0,1.0,146.0,46.0,100.0,111.0,111.41205850874064,17.0,7.0,3.0,0,0,0,101.0,10.0,1.0,1.0,1.0,175.0,167.0,0.0,0.0,,0.5910931174089069,31.506849315068493,0.1862348178137652,0.0,0.0,0.0,0.0,0.0,0.0,0.0,0.0,0.1,0.0,0.1,14.6,4.6,10.0,11.1,11.141205850874064,1.7,0.7,0.3,0.0,0.0,0.0,10.1,1.0,0.1,0.1,0.1,17.5,16.7,0.1
2025,002028,Jack Hannah,Jack,Hannah,M,Midfield,10,WAT,Waterdogs,2025-06-07,2025-08-09,17.0,15.0,15.0,0.0,15.0,2.0,59.0,35,7.0,0.0,0.0,0.0,0.0,0.0,20.0,15.0,1.0,0,0,0,0.0,0.0,2.0,1.5,11.0,236.0,162.0,0.2542372881355932,0.5932203389830508,,,,,0.18181818181818182,0.0,1.7,1.5,1.5,0.0,1.5,0.2,5.9,3.5,0.7,0.0,0.0,0.0,0.0,0.0,2.0,1.5,0.1,0.0,0.0,0.0,0.0,0.0,0.2,0.15,1.1,23.6,16.2,1.1
2025,002030,Jonathan Donville,Jonathan,Donville,M,Midfield,5,CAN|OUT,Cannons|Outlaws,2025-06-07,2025-08-02,2.0,2.0,2.0,0.0,2.0,0.0,7.0,5,0.0,0.0,0.0,0.0,0.0,0.0,4.0,3.0,1.0,0,0,0,0.0,0.0,1.0,1.0,5.0,60.0,50.0,0.2857142857142857,0.7142857142857143,,,,,0.0,,0.4,0.4,0.4,0.0,0.4,0.0,1.4,1.0,0.0,0.0,0.0,0.0,0.0,0.0,0.8,0.6,0.2,0.0,0.0,0.0,0.0,0.0,0.2,0.2,1.0,12.0,10.0,1.0
2025,002032,Justin Inacio,Justin,Inacio,FO,Faceoff,7,CHA,Chaos,2025-06-22,2025-08-09,3.0,2.0,2.0,0.0,2.0,1.0,11.0,5,1.0,0.0,0.0,0.0,0.0,0.0,72.0,8.0,0.0,103,65,169,0.0,0.0,2.0,1.0,3.0,62.0,43.0,0.18181818181818182,0.45454545454545453,0.6094674556213018,,,,0.3333333333333333,0.0,0.42857142857142855,0.2857142857142857,0.2857142857142857,0.0,0.2857142857142857,0.14285714285714285,1.5714285714285714,0.7142857142857143,0.14285714285714285,0.0,0.0,0.0,0.0,0.0,10.285714285714286,1.1428571428571428,0.0,14.714285714285714,9.285714285714286,24.142857142857142,0.0,0.0,0.2857142857142857,0.14285714285714285,0.42857142857142855,8.857142857142858,6.142857142857143,0.42857142857142855
2025,002038,Colin Kirst,Colin,Kirst,G,Goalie,10,CAN,Cannons,2025-05-31,2025-08-09,0.0,0.0,0.0,0.0,0.0,0.0,2.0,1,2.0,133.0,56.0,77.0,138.0,138.33369214208827,21.0,8.0,2.0,0,0,0,133.0,5.0,1.0,1.0,1.0,165.0,155.0,0.0,0.5,,0.5,42.10526315789473,0.21052631578947367,0.0,0.0,0.0,0.0,0.0,0.0,0.0,0.0,0.2,0.1,0.2,13.3,5.6,7.7,13.8,13.833369214208826,2.1,0.8,0.2,0.0,0.0,0.0,13.3,0.5,0.1,0.1,0.1,16.5,15.5,0.1
2025,002039,Owen McElroy,Owen,McElroy,G,Goalie,2,OUT,Outlaws,2025-05-31,2025-06-06,0.0,0.0,0.0,0.0,0.0,0.0,0.0,0,0.0,18.0,4.0,14.0,27.0,27.0,2.0,0.0,0.0,0,0,0,27.0,0.0,0.0,0.0,0.0,21.0,21.0,,,,0.4,22.22222222222222,0.08888888888888889,,,0.0,0.0,0.0,0.0,0.0,0.0,0.0,0.0,0.0,9.0,2.0,7.0,13.5,13.5,1.0,0.0,0.0,0.0,0.0,0.0,13.5,0.0,0.0,0.0,0.0,10.5,10.5,0.0
2025,002042,Jon Robbins,Jon,Robbins,LSM,Long Stick Midfield,1,ARC,Archers,2025-07-27,2025-07-27,0.0,0.0,0.0,0.0,0.0,0.0,0.0,0,0.0,0.0,0.0,0.0,0.0,0.0,0.0,0.0,0.0,0,0,0,0.0,0.0,0.0,0.0,0.0,1.0,1.0,,,,,,,,,0.0,0.0,0.0,0.0,0.0,0.0,0.0,0.0,0.0,0.0,0.0,0.0,0.0,0.0,0.0,0.0,0.0,0.0,0.0,0.0,0.0,0.0,0.0,0.0,0.0,1.0,1.0,0.0
2025,002054,Chris Merle,Chris,Merle,SSDM,Defensive Midfield,3,RED,Redwoods,2025-05-31,2025-06-14,1.0,1.0,1.0,0.0,1.0,0.0,1.0,1,0.0,0.0,0.0,0.0,0.0,0.0,4.0,0.0,1.0,0,1,1,0.0,0.0,0.0,0.0,1.0,13.0,12.0,1.0,1.0,0.0,,,,0.0,,0.3333333333333333,0.3333333333333333,0.3333333333333333,0.0,0.3333333333333333,0.0,0.3333333333333333,0.3333333333333333,0.0,0.0,0.0,0.0,0.0,0.0,1.3333333333333333,0.0,0.3333333333333333,0.0,0.3333333333333333,0.3333333333333333,0.0,0.0,0.0,0.0,0.3333333333333333,4.333333333333333,4.0,0.3333333333333333
2025,002059,Brendan Krebs,Brendan,Krebs,G,Goalie,4,WHP,Whipsnakes,2025-05-31,2025-06-22,0.0,0.0,0.0,0.0,0.0,0.0,1.0,0,0.0,28.0,12.0,16.0,33.0,33.0,7.0,1.0,1.0,0,0,0,31.0,2.0,0.0,0.0,0.0,47.0,45.0,0.0,0.0,,0.4745762711864407,42.857142857142854,0.2033898305084746,,,0.0,0.0,0.0,0.0,0.0,0.0,0.25,0.0,0.0,7.0,3.0,4.0,8.25,8.25,1.75,0.25,0.25,0.0,0.0,0.0,7.75,0.5,0.0,0.0,0.0,11.75,11.25,0.0
2025,002067,Zac Tucci,Zac,Tucci,FO,Faceoff,10,CAN,Cannons,2025-05-31,2025-08-09,5.0,5.0,3.0,1.0,4.0,0.0,13.0,7,3.0,0.0,0.0,0.0,0.0,0.0,46.0,5.0,1.0,112,141,255,0.0,0.0,5.0,4.5,1.0,44.0,26.0,0.3076923076923077,0.5384615384615384,0.4392156862745098,,,,0.0,0.3333333333333333,0.5,0.5,0.3,0.1,0.4,0.0,1.3,0.7,0.3,0.0,0.0,0.0,0.0,0.0,4.6,0.5,0.1,11.2,14.1,25.5,0.0,0.0,0.5,0.45,0.1,4.4,2.6,0.1
2025,002074,Alexander Smith,Alexander,Smith,SSDM,Defensive Midfield,6,OUT,Outlaws,2025-05-31,2025-07-13,0.0,0.0,0.0,0.0,0.0,0.0,1.0,0,1.0,0.0,0.0,0.0,0.0,0.0,6.0,2.0,3.0,0,0,0,0.0,0.0,0.0,0.0,1.0,30.0,27.0,0.0,0.0,,,,,0.0,0.0,0.0,0.0,0.0,0.0,0.0,0.0,0.16666666666666666,0.0,0.16666666666666666,0.0,0.0,0.0,0.0,0.0,1.0,0.3333333333333333,0.5,0.0,0.0,0.0,0.0,0.0,0.0,0.0,0.16666666666666666,5.0,4.5,0.16666666666666666
2025,003004,Mike Sisselberger,Mike,Sisselberger,FO,Faceoff,5,ARC,Archers,2025-05-31,2025-06-28,2.0,1.0,1.0,0.0,1.0,1.0,5.0,3,1.0,0.0,0.0,0.0,0.0,0.0,22.0,3.0,0.0,36,64,101,0.0,0.0,0.0,0.0,2.0,19.0,11.0,0.2,0.6,0.3564356435643564,,,,0.5,0.0,0.4,0.2,0.2,0.0,0.2,0.2,1.0,0.6,0.2,0.0,0.0,0.0,0.0,0.0,4.4,0.6,0.0,7.2,12.8,20.2,0.0,0.0,0.0,0.0,0.4,3.8,2.2,0.4
2025,003005,Connor Maher,Connor,Maher,SSDM,Defensive Midfield,10,ARC,Archers,2025-05-31,2025-08-09,3.0,1.0,1.0,0.0,1.0,2.0,2.0,1,1.0,0.0,0.0,0.0,0.0,0.0,12.0,3.0,3.0,1,7,8,0.0,0.0,0.0,0.0,4.0,57.0,52.0,0.5,0.5,0.125,,,,0.5,0.0,0.3,0.1,0.1,0.0,0.1,0.2,0.2,0.1,0.1,0.0,0.0,0.0,0.0,0.0,1.2,0.3,0.3,0.1,0.7,0.8,0.0,0.0,0.0,0.0,0.4,5.7,5.2,0.4
2025,003006,Piper Bond,Piper,Bond,SSDM,Defensive Midfield,10,ARC,Archers,2025-05-31,2025-08-09,3.0,2.0,2.0,0.0,2.0,1.0,6.0,4,0.0,0.0,0.0,0.0,0.0,0.0,15.0,8.0,6.0,2,11,13,0.0,0.0,5.0,3.0,5.0,101.0,87.0,0.3333333333333333,0.6666666666666666,0.15384615384615385,,,,0.2,,0.3,0.2,0.2,0.0,0.2,0.1,0.6,0.4,0.0,0.0,0.0,0.0,0.0,0.0,1.5,0.8,0.6,0.2,1.1,1.3,0.0,0.0,0.5,0.3,0.5,10.1,8.7,0.5
2025,003007,Cam Wyers,Cam,Wyers,D,Defense,8,ARC,Archers,2025-06-14,2025-08-09,3.0,2.0,2.0,0.0,2.0,1.0,3.0,3,1.0,0.0,0.0,0.0,0.0,0.0,7.0,6.0,4.0,0,0,0,0.0,0.0,1.0,0.5,2.0,27.0,18.0,0.6666666666666666,1.0,,,,,0.5,0.0,0.375,0.25,0.25,0.0,0.25,0.125,0.375,0.375,0.125,0.0,0.0,0.0,0.0,0.0,0.875,0.75,0.5,0.0,0.0,0.0,0.0,0.0,0.125,0.0625,0.25,3.375,2.25,0.25
2025,003008,Gavin Adler,Gavin,Adler,D,Defense,10,ATL,Atlas,2025-05-30,2025-08-09,0.0,0.0,0.0,0.0,0.0,0.0,0.0,0,0.0,0.0,0.0,0.0,0.0,0.0,11.0,4.0,13.0,0,0,0,0.0,0.0,1.0,0.5,0.0,56.0,52.0,,,,,,,,,0.0,0.0,0.0,0.0,0.0,0.0,0.0,0.0,0.0,0.0,0.0,0.0,0.0,0.0,1.1,0.4,1.3,0.0,0.0,0.0,0.0,0.0,0.1,0.05,0.0,5.6,5.2,0.0
2025,003009,Brett Makar,Brett,Makar,D,Defense,9,ATL,Atlas,2025-05-30,2025-08-09,3.0,3.0,1.0,1.0,2.0,0.0,8.0,3,4.0,0.0,0.0,0.0,0.0,0.0,21.0,2.0,8.0,0,0,0,0.0,0.0,1.0,1.0,0.0,76.0,66.0,0.25,0.375,,,,,,0.25,0.3333333333333333,0.3333333333333333,0.1111111111111111,0.1111111111111111,0.2222222222222222,0.0,0.8888888888888888,0.3333333333333333,0.4444444444444444,0.0,0.0,0.0,0.0,0.0,2.3333333333333335,0.2222222222222222,0.8888888888888888,0.0,0.0,0.0,0.0,0.0,0.1111111111111111,0.1111111111111111,0.0,8.444444444444445,7.333333333333333,0.0
2025,003010,Xander Dickson,Xander,Dickson,A,Attack,10,ATL,Atlas,2025-05-30,2025-08-09,24.0,22.0,22.0,0.0,22.0,2.0,54.0,39,1.0,0.0,0.0,0.0,0.0,0.0,28.0,12.0,4.0,0,0,0,0.0,0.0,1.0,0.5,11.0,172.0,106.0,0.4074074074074074,0.7222222222222222,,,,,0.18181818181818182,0.0,2.4,2.2,2.2,0.0,2.2,0.2,5.4,3.9,0.1,0.0,0.0,0.0,0.0,0.0,2.8,1.2,0.4,0.0,0.0,0.0,0.0,0.0,0.1,0.05,1.1,17.2,10.6,1.1
2025,003011,Payton Rezanka,Payton,Rezanka,SSDM,Defensive Midfield,3,ATL,Atlas,2025-05-30,2025-06-14,0.0,0.0,0.0,0.0,0.0,0.0,1.0,0,0.0,0.0,0.0,0.0,0.0,0.0,0.0,0.0,2.0,0,1,1,0.0,0.0,0.0,0.0,0.0,12.0,11.0,0.0,0.0,0.0,,,,,,0.0,0.0,0.0,0.0,0.0,0.0,0.3333333333333333,0.0,0.0,0.0,0.0,0.0,0.0,0.0,0.0,0.0,0.6666666666666666,0.0,0.3333333333333333,0.3333333333333333,0.0,0.0,0.0,0.0,0.0,4.0,3.6666666666666665,0.0
2025,003013,Matt Campbell,Matt,Campbell,M,Midfield,10,CAN,Cannons,2025-05-31,2025-08-09,28.0,20.0,16.0,2.0,18.0,8.0,63.0,43,15.0,0.0,0.0,0.0,0.0,0.0,6.0,8.0,0.0,0,0,0,0.0,0.0,0.0,0.0,23.0,280.0,209.0,0.2857142857142857,0.6825396825396826,,,,,0.34782608695652173,0.13333333333333333,2.8,2.0,1.6,0.2,1.8,0.8,6.3,4.3,1.5,0.0,0.0,0.0,0.0,0.0,0.6,0.8,0.0,0.0,0.0,0.0,0.0,0.0,0.0,0.0,2.3,28.0,20.9,2.3
2025,003018,Nick Rowlett,Nick,Rowlett,FO,Faceoff,3,CHA,Chaos,2025-05-30,2025-06-07,0.0,0.0,0.0,0.0,0.0,0.0,2.0,0,0.0,0.0,0.0,0.0,0.0,0.0,10.0,2.0,1.0,24,43,68,0.0,0.0,0.0,0.0,1.0,12.0,8.0,0.0,0.0,0.35294117647058826,,,,0.0,,0.0,0.0,0.0,0.0,0.0,0.0,0.6666666666666666,0.0,0.0,0.0,0.0,0.0,0.0,0.0,3.3333333333333335,0.6666666666666666,0.3333333333333333,8.0,14.333333333333334,22.666666666666668,0.0,0.0,0.0,0.0,0.3333333333333333,4.0,2.6666666666666665,0.3333333333333333
2025,003019,Sam Handley,Sam,Handley,M,Midfield,4,RED,Redwoods,2025-06-14,2025-07-12,5.0,4.0,2.0,1.0,3.0,1.0,18.0,12,7.0,0.0,0.0,0.0,0.0,0.0,3.0,4.0,0.0,0,0,0,0.0,0.0,0.0,0.0,9.0,80.0,58.0,0.16666666666666666,0.6666666666666666,,,,,0.1111111111111111,0.14285714285714285,1.25,1.0,0.5,0.25,0.75,0.25,4.5,3.0,1.75,0.0,0.0,0.0,0.0,0.0,0.75,1.0,0.0,0.0,0.0,0.0,0.0,0.0,0.0,0.0,2.25,20.0,14.5,2.25
2025,003022,Cross Ferrara,Cross,Ferrara,M,Midfield,6,CHA,Chaos,2025-05-30,2025-07-26,5.0,5.0,5.0,0.0,5.0,0.0,22.0,12,1.0,0.0,0.0,0.0,0.0,0.0,0.0,5.0,0.0,0,0,0,0.0,0.0,0.0,0.0,2.0,69.0,42.0,0.22727272727272727,0.5454545454545454,,,,,0.0,0.0,0.8333333333333334,0.8333333333333334,0.8333333333333334,0.0,0.8333333333333334,0.0,3.6666666666666665,2.0,0.16666666666666666,0.0,0.0,0.0,0.0,0.0,0.0,0.8333333333333334,0.0,0.0,0.0,0.0,0.0,0.0,0.0,0.0,0.3333333333333333,11.5,7.0,0.3333333333333333
2025,003023,Owen Grant,Owen,Grant,LSM,Long Stick Midfield,10,CAN,Cannons,2025-05-31,2025-08-09,5.0,3.0,1.0,1.0,2.0,2.0,10.0,7,6.0,0.0,0.0,0.0,0.0,0.0,16.0,2.0,11.0,0,0,0,0.0,0.0,2.0,2.0,3.0,49.0,37.0,0.2,0.7,,,,,0.6666666666666666,0.16666666666666666,0.5,0.3,0.1,0.1,0.2,0.2,1.0,0.7,0.6,0.0,0.0,0.0,0.0,0.0,1.6,0.2,1.1,0.0,0.0,0.0,0.0,0.0,0.2,0.2,0.3,4.9,3.7,0.3
2025,003024,Brian Tevlin,Brian,Tevlin,SSDM,Defensive Midfield,10,RED,Redwoods,2025-05-31,2025-08-08,4.0,2.0,2.0,0.0,2.0,2.0,13.0,4,3.0,0.0,0.0,0.0,0.0,0.0,25.0,3.0,12.0,1,6,7,0.0,0.0,3.0,2.5,5.0,127.0,111.0,0.15384615384615385,0.3076923076923077,0.14285714285714285,,,,0.4,0.0,0.4,0.2,0.2,0.0,0.2,0.2,1.3,0.4,0.3,0.0,0.0,0.0,0.0,0.0,2.5,0.3,1.2,0.1,0.6,0.7,0.0,0.0,0.3,0.25,0.5,12.7,11.1,0.5
2025,003025,Cole Kirst,Cole,Kirst,M,Midfield,1,RED,Redwoods,2025-07-18,2025-07-18,0.0,0.0,0.0,0.0,0.0,0.0,2.0,1,0.0,0.0,0.0,0.0,0.0,0.0,0.0,1.0,0.0,0,0,0,0.0,0.0,0.0,0.0,0.0,8.0,5.0,0.0,0.5,,,,,,,0.0,0.0,0.0,0.0,0.0,0.0,2.0,1.0,0.0,0.0,0.0,0.0,0.0,0.0,0.0,1.0,0.0,0.0,0.0,0.0,0.0,0.0,0.0,0.0,0.0,8.0,5.0,0.0
2025,003027,Thomas McConvey,Thomas,McConvey,M,Midfield,10,WAT,Waterdogs,2025-06-07,2025-08-09,15.0,13.0,13.0,0.0,13.0,2.0,30.0,23,1.0,0.0,0.0,0.0,0.0,0.0,11.0,5.0,1.0,0,0,0,0.0,0.0,0.0,0.0,12.0,171.0,136.0,0.43333333333333335,0.7666666666666667,,,,,0.16666666666666666,0.0,1.5,1.3,1.3,0.0,1.3,0.2,3.0,2.3,0.1,0.0,0.0,0.0,0.0,0.0,1.1,0.5,0.1,0.0,0.0,0.0,0.0,0.0,0.0,0.0,1.2,17.1,13.6,1.2
2025,003028,Alex Mazzone,Alex,Mazzone,LSM,Long Stick Midfield,5,WHP,Whipsnakes,2025-05-31,2025-07-26,0.0,0.0,0.0,0.0,0.0,0.0,2.0,1,2.0,0.0,0.0,0.0,0.0,0.0,6.0,0.0,2.0,0,0,0,0.0,0.0,0.0,0.0,1.0,11.0,9.0,0.0,0.5,,,,,0.0,0.0,0.0,0.0,0.0,0.0,0.0,0.0,0.4,0.2,0.4,0.0,0.0,0.0,0.0,0.0,1.2,0.0,0.4,0.0,0.0,0.0,0.0,0.0,0.0,0.0,0.2,2.2,1.8,0.2
2025,003029,Chris Fake,Chris,Fake,D,Defense,10,RED,Redwoods,2025-05-31,2025-08-08,0.0,0.0,0.0,0.0,0.0,0.0,3.0,2,3.0,0.0,0.0,0.0,0.0,0.0,16.0,3.0,3.0,0,0,0,0.0,0.0,3.0,4.0,1.0,66.0,60.0,0.0,0.6666666666666666,,,,,0.0,0.0,0.0,0.0,0.0,0.0,0.0,0.0,0.3,0.2,0.3,0.0,0.0,0.0,0.0,0.0,1.6,0.3,0.3,0.0,0.0,0.0,0.0,0.0,0.3,0.4,0.1,6.6,6.0,0.1
2025,003039,Chet Comizio,Chet,Comizio,SSDM,Defensive Midfield,9,ATL,Atlas,2025-05-30,2025-08-09,0.0,0.0,0.0,0.0,0.0,0.0,3.0,1,0.0,0.0,0.0,0.0,0.0,0.0,8.0,2.0,3.0,0,1,1,0.0,0.0,5.0,3.0,2.0,64.0,59.0,0.0,0.3333333333333333,0.0,,,,0.0,,0.0,0.0,0.0,0.0,0.0,0.0,0.3333333333333333,0.1111111111111111,0.0,0.0,0.0,0.0,0.0,0.0,0.8888888888888888,0.2222222222222222,0.3333333333333333,0.0,0.1111111111111111,0.1111111111111111,0.0,0.0,0.5555555555555556,0.3333333333333333,0.2222222222222222,7.111111111111111,6.555555555555555,0.2222222222222222
2025,003041,Ethan Rall,Ethan,Rall,LSM,Long Stick Midfield,10,CAN,Cannons,2025-05-31,2025-08-09,1.0,1.0,1.0,0.0,1.0,0.0,7.0,5,3.0,0.0,0.0,0.0,0.0,0.0,23.0,3.0,13.0,0,0,0,0.0,0.0,1.0,0.5,1.0,41.0,31.0,0.14285714285714285,0.7142857142857143,,,,,0.0,0.0,0.1,0.1,0.1,0.0,0.1,0.0,0.7,0.5,0.3,0.0,0.0,0.0,0.0,0.0,2.3,0.3,1.3,0.0,0.0,0.0,0.0,0.0,0.1,0.05,0.1,4.1,3.1,0.1
2025,003048,TJ Malone,TJ,Malone,A,Attack,10,WHP,Whipsnakes,2025-05-31,2025-08-09,33.0,19.0,17.0,1.0,18.0,14.0,62.0,42,2.0,0.0,0.0,0.0,0.0,0.0,11.0,15.0,1.0,0,0,0,0.0,0.0,0.0,0.0,35.0,314.0,237.0,0.2903225806451613,0.6774193548387096,,,,,0.4,0.5,3.3,1.9,1.7,0.1,1.8,1.4,6.2,4.2,0.2,0.0,0.0,0.0,0.0,0.0,1.1,1.5,0.1,0.0,0.0,0.0,0.0,0.0,0.0,0.0,3.5,31.4,23.7,3.5
2025,003059,BJ Farrare,BJ,Farrare,SSDM,Defensive Midfield,10,RED,Redwoods,2025-05-31,2025-08-08,0.0,0.0,0.0,0.0,0.0,0.0,2.0,0,1.0,0.0,0.0,0.0,0.0,0.0,12.0,2.0,7.0,0,1,1,0.0,0.0,2.0,1.0,2.0,40.0,36.0,0.0,0.0,0.0,,,,0.0,0.0,0.0,0.0,0.0,0.0,0.0,0.0,0.2,0.0,0.1,0.0,0.0,0.0,0.0,0.0,1.2,0.2,0.7,0.0,0.1,0.1,0.0,0.0,0.2,0.1,0.2,4.0,3.6,0.2
2025,003075,Brennan O'Neill,Brennan,O'Neill,A,Attack,10,OUT,Outlaws,2025-05-31,2025-08-02,34.0,26.0,20.0,3.0,23.0,8.0,85.0,49,10.0,0.0,0.0,0.0,0.0,0.0,17.0,12.0,1.0,0,0,0,0.0,0.0,0.0,0.0,36.0,365.0,268.0,0.27058823529411763,0.5764705882352941,,,,,0.2222222222222222,0.3,3.4,2.6,2.0,0.3,2.3,0.8,8.5,4.9,1.0,0.0,0.0,0.0,0.0,0.0,1.7,1.2,0.1,0.0,0.0,0.0,0.0,0.0,0.0,0.0,3.6,36.5,26.8,3.6
2025,003076,Connor Shellenberger,Connor,Shellenberger,A,Attack,10,ATL,Atlas,2025-05-30,2025-08-09,46.0,23.0,23.0,0.0,23.0,23.0,48.0,37,0.0,0.0,0.0,0.0,0.0,0.0,12.0,15.0,1.0,0,0,0,0.0,0.0,2.0,2.0,63.0,361.0,298.0,0.4791666666666667,0.7708333333333334,,,,,0.36507936507936506,,4.6,2.3,2.3,0.0,2.3,2.3,4.8,3.7,0.0,0.0,0.0,0.0,0.0,0.0,1.2,1.5,0.1,0.0,0.0,0.0,0.0,0.0,0.2,0.2,6.3,36.1,29.8,6.3
2025,003077,Ajax Zappitello,Ajax,Zappitello,D,Defense,10,WHP,Whipsnakes,2025-05-31,2025-08-09,1.0,0.0,0.0,0.0,0.0,1.0,3.0,0,0.0,0.0,0.0,0.0,0.0,0.0,16.0,4.0,17.0,0,0,0,0.0,0.0,1.0,0.5,4.0,98.0,91.0,0.0,0.0,,,,,0.25,,0.1,0.0,0.0,0.0,0.0,0.1,0.3,0.0,0.0,0.0,0.0,0.0,0.0,0.0,1.6,0.4,1.7,0.0,0.0,0.0,0.0,0.0,0.1,0.05,0.4,9.8,9.1,0.4
2025,003078,Shane Knobloch,Shane,Knobloch,M,Midfield,4,CHA,Chaos,2025-06-22,2025-08-09,11.0,7.0,5.0,1.0,6.0,4.0,22.0,12,1.0,0.0,0.0,0.0,0.0,0.0,4.0,4.0,0.0,0,0,0,0.0,0.0,0.0,0.0,14.0,84.0,58.0,0.2727272727272727,0.5454545454545454,,,,,0.2857142857142857,1.0,2.75,1.75,1.25,0.25,1.5,1.0,5.5,3.0,0.25,0.0,0.0,0.0,0.0,0.0,1.0,1.0,0.0,0.0,0.0,0.0,0.0,0.0,0.0,0.0,3.5,21.0,14.5,3.5
2025,003079,Liam Entenmann,Liam,Entenmann,G,Goalie,10,ATL,Atlas,2025-05-30,2025-08-09,1.0,0.0,0.0,0.0,0.0,1.0,4.0,0,4.0,152.0,61.0,91.0,120.0,118.89668736649244,22.0,4.0,1.0,0,0,0,114.0,6.0,0.0,0.0,1.0,183.0,175.0,0.0,0.0,,0.5714285714285714,40.131578947368425,0.22932330827067668,1.0,0.0,0.1,0.0,0.0,0.0,0.0,0.1,0.4,0.0,0.4,15.2,6.1,9.1,12.0,11.889668736649245,2.2,0.4,0.1,0.0,0.0,0.0,11.4,0.6,0.0,0.0,0.1,18.3,17.5,0.1
2025,003080,Pat Kavanagh,Pat,Kavanagh,A,Attack,10,OUT,Outlaws,2025-05-31,2025-08-02,37.0,21.0,21.0,0.0,21.0,16.0,90.0,60,2.0,0.0,0.0,0.0,0.0,0.0,22.0,24.0,5.0,0,0,0,0.0,0.0,7.0,5.0,50.0,454.0,340.0,0.23333333333333334,0.6666666666666666,,,,,0.32,0.0,3.7,2.1,2.1,0.0,2.1,1.6,9.0,6.0,0.2,0.0,0.0,0.0,0.0,0.0,2.2,2.4,0.5,0.0,0.0,0.0,0.0,0.0,0.7,0.5,5.0,45.4,34.0,5.0
2025,003081,Matt Brandau,Matt,Brandau,M,Midfield,10,WHP,Whipsnakes,2025-05-31,2025-08-09,25.0,22.0,22.0,0.0,22.0,3.0,58.0,41,1.0,0.0,0.0,0.0,0.0,0.0,16.0,11.0,2.0,0,0,0,0.0,0.0,1.0,0.5,11.0,241.0,172.0,0.3793103448275862,0.7068965517241379,,,,,0.2727272727272727,0.0,2.5,2.2,2.2,0.0,2.2,0.3,5.8,4.1,0.1,0.0,0.0,0.0,0.0,0.0,1.6,1.1,0.2,0.0,0.0,0.0,0.0,0.0,0.1,0.05,1.1,24.1,17.2,1.1
2025,003082,Mason Woodward,Mason,Woodward,LSM,Long Stick Midfield,10,ARC,Archers,2025-05-31,2025-08-09,8.0,6.0,0.0,3.0,3.0,2.0,11.0,7,10.0,0.0,0.0,0.0,0.0,0.0,23.0,4.0,6.0,0,0,0,0.0,0.0,4.0,2.5,6.0,73.0,58.0,0.2727272727272727,0.6363636363636364,,,,,0.3333333333333333,0.3,0.8,0.6,0.0,0.3,0.3,0.2,1.1,0.7,1.0,0.0,0.0,0.0,0.0,0.0,2.3,0.4,0.6,0.0,0.0,0.0,0.0,0.0,0.4,0.25,0.6,7.3,5.8,0.6
2025,003083,Jake Piseno,Jake,Piseno,LSM,Long Stick Midfield,10,OUT,Outlaws,2025-05-31,2025-08-02,12.0,8.0,2.0,3.0,5.0,4.0,15.0,7,11.0,0.0,0.0,0.0,0.0,0.0,34.0,7.0,12.0,0,0,0,0.0,0.0,0.0,0.0,6.0,88.0,66.0,0.3333333333333333,0.4666666666666667,,,,,0.6666666666666666,0.2727272727272727,1.2,0.8,0.2,0.3,0.5,0.4,1.5,0.7,1.1,0.0,0.0,0.0,0.0,0.0,3.4,0.7,1.2,0.0,0.0,0.0,0.0,0.0,0.0,0.0,0.6,8.8,6.6,0.6
2025,003084,Jake Stevens,Jake,Stevens,M,Midfield,10,ATL,Atlas,2025-05-30,2025-08-09,9.0,9.0,9.0,0.0,9.0,0.0,33.0,20,1.0,0.0,0.0,0.0,0.0,0.0,10.0,16.0,1.0,0,0,0,0.0,0.0,2.0,1.0,5.0,116.0,67.0,0.2727272727272727,0.6060606060606061,,,,,0.0,0.0,0.9,0.9,0.9,0.0,0.9,0.0,3.3,2.0,0.1,0.0,0.0,0.0,0.0,0.0,1.0,1.6,0.1,0.0,0.0,0.0,0.0,0.0,0.2,0.1,0.5,11.6,6.7,0.5
2025,003085,Graham Bundy,Graham,Bundy,M,Midfield,10,OUT,Outlaws,2025-05-31,2025-08-02,9.0,7.0,1.0,3.0,4.0,2.0,38.0,22,22.0,0.0,0.0,0.0,0.0,0.0,5.0,3.0,1.0,0,0,0,0.0,0.0,2.0,1.0,11.0,226.0,185.0,0.10526315789473684,0.5789473684210527,,,,,0.18181818181818182,0.13636363636363635,0.9,0.7,0.1,0.3,0.4,0.2,3.8,2.2,2.2,0.0,0.0,0.0,0.0,0.0,0.5,0.3,0.1,0.0,0.0,0.0,0.0,0.0,0.2,0.1,1.1,22.6,18.5,1.1
2025,003086,Eric Dobson,Eric,Dobson,M,Midfield,3,CHA,Chaos,2025-05-30,2025-06-07,0.0,0.0,0.0,0.0,0.0,0.0,6.0,2,2.0,0.0,0.0,0.0,0.0,0.0,1.0,5.0,0.0,0,0,0,0.0,0.0,0.0,0.0,1.0,53.0,42.0,0.0,0.3333333333333333,,,,,0.0,0.0,0.0,0.0,0.0,0.0,0.0,0.0,2.0,0.6666666666666666,0.6666666666666666,0.0,0.0,0.0,0.0,0.0,0.3333333333333333,1.6666666666666667,0.0,0.0,0.0,0.0,0.0,0.0,0.0,0.0,0.3333333333333333,17.666666666666668,14.0,0.3333333333333333
2025,003087,Beau Pederson,Beau,Pederson,SSDM,Defensive Midfield,10,ARC,Archers,2025-05-31,2025-08-09,6.0,5.0,3.0,1.0,4.0,1.0,10.0,6,5.0,0.0,0.0,0.0,0.0,0.0,15.0,6.0,4.0,4,13,18,0.0,0.0,3.0,1.5,3.0,79.0,63.0,0.4,0.6,0.2222222222222222,,,,0.3333333333333333,0.2,0.6,0.5,0.3,0.1,0.4,0.1,1.0,0.6,0.5,0.0,0.0,0.0,0.0,0.0,1.5,0.6,0.4,0.4,1.3,1.8,0.0,0.0,0.3,0.15,0.3,7.9,6.3,0.3
2025,003088,Alexander Vardaro,Alexander,Vardaro,M,Midfield,3,CAN,Cannons,2025-06-07,2025-07-11,4.0,1.0,1.0,0.0,1.0,3.0,10.0,5,2.0,0.0,0.0,0.0,0.0,0.0,1.0,4.0,0.0,0,0,0,0.0,0.0,0.0,0.0,8.0,52.0,38.0,0.1,0.5,,,,,0.375,0.0,1.3333333333333333,0.3333333333333333,0.3333333333333333,0.0,0.3333333333333333,1.0,3.3333333333333335,1.6666666666666667,0.6666666666666666,0.0,0.0,0.0,0.0,0.0,0.3333333333333333,1.3333333333333333,0.0,0.0,0.0,0.0,0.0,0.0,0.0,0.0,2.6666666666666665,17.333333333333332,12.666666666666666,2.6666666666666665
2025,003089,Kenny Brower,Kenny,Brower,D,Defense,8,WAT,Waterdogs,2025-06-07,2025-08-09,1.0,0.0,0.0,0.0,0.0,1.0,1.0,1,1.0,0.0,0.0,0.0,0.0,0.0,13.0,0.0,9.0,0,0,0,0.0,0.0,3.0,2.0,1.0,47.0,46.0,0.0,1.0,,,,,1.0,0.0,0.125,0.0,0.0,0.0,0.0,0.125,0.125,0.125,0.125,0.0,0.0,0.0,0.0,0.0,1.625,0.0,1.125,0.0,0.0,0.0,0.0,0.0,0.375,0.25,0.125,5.875,5.75,0.125
2025,003090,Dyson Williams,Dyson,Williams,M,Midfield,10,ARC,Archers,2025-05-31,2025-08-09,13.0,12.0,12.0,0.0,12.0,1.0,28.0,23,1.0,0.0,0.0,0.0,0.0,0.0,5.0,6.0,0.0,0,0,0,0.0,0.0,0.0,0.0,2.0,76.0,42.0,0.42857142857142855,0.8214285714285714,,,,,0.5,0.0,1.3,1.2,1.2,0.0,1.2,0.1,2.8,2.3,0.1,0.0,0.0,0.0,0.0,0.0,0.5,0.6,0.0,0.0,0.0,0.0,0.0,0.0,0.0,0.0,0.2,7.6,4.2,0.2
2025,003091,Garrett Degnon,Garrett,Degnon,M,Midfield,4,CHA,Chaos,2025-05-30,2025-06-22,6.0,4.0,4.0,0.0,4.0,2.0,18.0,9,3.0,0.0,0.0,0.0,0.0,0.0,5.0,2.0,0.0,0,0,0,0.0,0.0,0.0,0.0,2.0,74.0,54.0,0.2222222222222222,0.5,,,,,1.0,0.0,1.5,1.0,1.0,0.0,1.0,0.5,4.5,2.25,0.75,0.0,0.0,0.0,0.0,0.0,1.25,0.5,0.0,0.0,0.0,0.0,0.0,0.0,0.0,0.0,0.5,18.5,13.5,0.5
2025,003092,Josh Zawada,Josh,Zawada,A,Attack,8,CHA,Chaos,2025-05-30,2025-08-09,14.0,9.0,9.0,0.0,9.0,5.0,31.0,23,0.0,0.0,0.0,0.0,0.0,0.0,10.0,14.0,1.0,0,0,0,0.0,0.0,1.0,0.5,23.0,264.0,219.0,0.2903225806451613,0.7419354838709677,,,,,0.21739130434782608,,1.75,1.125,1.125,0.0,1.125,0.625,3.875,2.875,0.0,0.0,0.0,0.0,0.0,0.0,1.25,1.75,0.125,0.0,0.0,0.0,0.0,0.0,0.125,0.0625,2.875,33.0,27.375,2.875
2025,003093,Ross Scott,Ross,Scott,M,Midfield,10,CHA,Chaos,2025-05-30,2025-08-09,20.0,12.0,12.0,0.0,12.0,8.0,38.0,25,0.0,0.0,0.0,0.0,0.0,0.0,8.0,15.0,0.0,0,0,0,0.0,0.0,0.0,0.0,29.0,247.0,194.0,0.3157894736842105,0.6578947368421053,,,,,0.27586206896551724,,2.0,1.2,1.2,0.0,1.2,0.8,3.8,2.5,0.0,0.0,0.0,0.0,0.0,0.0,0.8,1.5,0.0,0.0,0.0,0.0,0.0,0.0,0.0,0.0,2.9,24.7,19.4,2.9
2025,003094,Levi Anderson,Levi,Anderson,M,Midfield,8,WHP,Whipsnakes,2025-05-31,2025-08-09,10.0,9.0,9.0,0.0,9.0,1.0,32.0,23,0.0,0.0,0.0,0.0,0.0,0.0,3.0,6.0,1.0,0,0,0,0.0,0.0,0.0,0.0,14.0,115.0,77.0,0.28125,0.71875,,,,,0.07142857142857142,,1.25,1.125,1.125,0.0,1.125,0.125,4.0,2.875,0.0,0.0,0.0,0.0,0.0,0.0,0.375,0.75,0.125,0.0,0.0,0.0,0.0,0.0,0.0,0.0,1.75,14.375,9.625,1.75
2025,003096,Marcus Hudgins,Marcus,Hudgins,LSM,Long Stick Midfield,7,WAT,Waterdogs,2025-06-07,2025-07-26,1.0,0.0,0.0,0.0,0.0,1.0,1.0,1,1.0,0.0,0.0,0.0,0.0,0.0,16.0,4.0,9.0,0,0,0,0.0,0.0,0.0,0.0,2.0,38.0,33.0,0.0,1.0,,,,,0.5,0.0,0.14285714285714285,0.0,0.0,0.0,0.0,0.14285714285714285,0.14285714285714285,0.14285714285714285,0.14285714285714285,0.0,0.0,0.0,0.0,0.0,2.2857142857142856,0.5714285714285714,1.2857142857142858,0.0,0.0,0.0,0.0,0.0,0.0,0.0,0.2857142857142857,5.428571428571429,4.714285714285714,0.2857142857142857
2025,003098,Luke Wierman,Luke,Wierman,FO,Faceoff,10,OUT,Outlaws,2025-05-31,2025-08-02,4.0,3.0,3.0,0.0,3.0,1.0,20.0,10,6.0,0.0,0.0,0.0,0.0,0.0,78.0,10.0,5.0,132,119,253,0.0,0.0,2.0,1.0,2.0,82.0,52.0,0.15,0.5,0.5217391304347826,,,,0.5,0.0,0.4,0.3,0.3,0.0,0.3,0.1,2.0,1.0,0.6,0.0,0.0,0.0,0.0,0.0,7.8,1.0,0.5,13.2,11.9,25.3,0.0,0.0,0.2,0.1,0.2,8.2,5.2,0.2
2025,003099,Tyler Carpenter,Tyler,Carpenter,LSM,Long Stick Midfield,10,ATL,Atlas,2025-05-30,2025-08-09,2.0,1.0,1.0,0.0,1.0,1.0,5.0,3,4.0,0.0,0.0,0.0,0.0,0.0,28.0,4.0,7.0,0,0,0,0.0,0.0,0.0,0.0,2.0,85.0,76.0,0.2,0.6,,,,,0.5,0.0,0.2,0.1,0.1,0.0,0.1,0.1,0.5,0.3,0.4,0.0,0.0,0.0,0.0,0.0,2.8,0.4,0.7,0.0,0.0,0.0,0.0,0.0,0.0,0.0,0.2,8.5,7.6,0.2
2025,003100,Adam Poitras,Adam,Poitras,M,Midfield,10,WHP,Whipsnakes,2025-05-31,2025-08-09,13.0,8.0,8.0,0.0,8.0,5.0,32.0,23,0.0,0.0,0.0,0.0,0.0,0.0,35.0,10.0,1.0,0,0,0,0.0,0.0,1.0,0.5,12.0,209.0,167.0,0.25,0.71875,,,,,0.4166666666666667,,1.3,0.8,0.8,0.0,0.8,0.5,3.2,2.3,0.0,0.0,0.0,0.0,0.0,0.0,3.5,1.0,0.1,0.0,0.0,0.0,0.0,0.0,0.1,0.05,1.2,20.9,16.7,1.2
2025,003101,Dylan Hess,Dylan,Hess,SSDM,Defensive Midfield,10,WAT,Waterdogs,2025-06-07,2025-08-09,2.0,1.0,1.0,0.0,1.0,1.0,6.0,3,2.0,0.0,0.0,0.0,0.0,0.0,11.0,0.0,4.0,0,6,6,0.0,0.0,0.0,0.0,4.0,73.0,67.0,0.16666666666666666,0.5,0.0,,,,0.25,0.0,0.2,0.1,0.1,0.0,0.1,0.1,0.6,0.3,0.2,0.0,0.0,0.0,0.0,0.0,1.1,0.0,0.4,0.0,0.6,0.6,0.0,0.0,0.0,0.0,0.4,7.3,6.7,0.4
2025,003102,Chayse Ierlan,Chayse,Ierlan,G,Goalie,10,RED,Redwoods,2025-05-31,2025-08-08,0.0,0.0,0.0,0.0,0.0,0.0,1.0,0,1.0,119.0,38.0,81.0,130.0,130.0,11.0,3.0,2.0,0,0,0,121.0,9.0,0.0,0.0,1.0,135.0,131.0,0.0,0.0,,0.49583333333333335,31.932773109243694,0.15833333333333333,0.0,0.0,0.0,0.0,0.0,0.0,0.0,0.0,0.1,0.0,0.1,11.9,3.8,8.1,13.0,13.0,1.1,0.3,0.2,0.0,0.0,0.0,12.1,0.9,0.0,0.0,0.1,13.5,13.1,0.1
2025,003103,Scott Smith,Scott,Smith,D,Defense,6,CHA,Chaos,2025-06-22,2025-08-09,1.0,1.0,1.0,0.0,1.0,0.0,10.0,6,5.0,0.0,0.0,0.0,0.0,0.0,8.0,0.0,6.0,0,0,0,0.0,0.0,1.0,0.5,0.0,33.0,23.0,0.1,0.6,,,,,,0.0,0.16666666666666666,0.16666666666666666,0.16666666666666666,0.0,0.16666666666666666,0.0,1.6666666666666667,1.0,0.8333333333333334,0.0,0.0,0.0,0.0,0.0,1.3333333333333333,0.0,1.0,0.0,0.0,0.0,0.0,0.0,0.16666666666666666,0.08333333333333333,0.0,5.5,3.8333333333333335,0.0
2025,003104,Michael Boehm,Michael,Boehm,A,Attack,1,WAT,Waterdogs,2025-06-14,2025-06-14,0.0,0.0,0.0,0.0,0.0,0.0,0.0,0,0.0,0.0,0.0,0.0,0.0,0.0,1.0,0.0,0.0,0,0,0,0.0,0.0,0.0,0.0,0.0,7.0,7.0,,,,,,,,,0.0,0.0,0.0,0.0,0.0,0.0,0.0,0.0,0.0,0.0,0.0,0.0,0.0,0.0,1.0,0.0,0.0,0.0,0.0,0.0,0.0,0.0,0.0,0.0,0.0,7.0,7.0,0.0
2025,003105,Cole Kastner,Cole,Kastner,D,Defense,6,RED,Redwoods,2025-06-28,2025-08-08,0.0,0.0,0.0,0.0,0.0,0.0,0.0,0,0.0,0.0,0.0,0.0,0.0,0.0,4.0,1.0,7.0,0,0,0,0.0,0.0,0.0,0.0,1.0,25.0,24.0,,,,,,,0.0,,0.0,0.0,0.0,0.0,0.0,0.0,0.0,0.0,0.0,0.0,0.0,0.0,0.0,0.0,0.6666666666666666,0.16666666666666666,1.1666666666666667,0.0,0.0,0.0,0.0,0.0,0.0,0.0,0.16666666666666666,4.166666666666667,4.0,0.16666666666666666
2025,003106,Dalton Young,Dalton,Young,M,Midfield,10,OUT,Outlaws,2025-05-31,2025-08-02,17.0,11.0,11.0,0.0,11.0,6.0,25.0,20,0.0,0.0,0.0,0.0,0.0,0.0,8.0,7.0,2.0,0,0,0,0.0,0.0,1.0,0.5,11.0,172.0,140.0,0.44,0.8,,,,,0.5454545454545454,,1.7,1.1,1.1,0.0,1.1,0.6,2.5,2.0,0.0,0.0,0.0,0.0,0.0,0.0,0.8,0.7,0.2,0.0,0.0,0.0,0.0,0.0,0.1,0.05,1.1,17.2,14.0,1.1
2025,003108,Will Mark,Will,Mark,G,Goalie,2,ATL,Atlas,2025-05-31,2025-07-26,0.0,0.0,0.0,0.0,0.0,0.0,0.0,0,0.0,0.0,0.0,0.0,0.0,0.0,1.0,0.0,0.0,0,0,0,0.0,0.0,0.0,0.0,0.0,1.0,1.0,,,,,,,,,0.0,0.0,0.0,0.0,0.0,0.0,0.0,0.0,0.0,0.0,0.0,0.0,0.0,0.0,0.5,0.0,0.0,0.0,0.0,0.0,0.0,0.0,0.0,0.0,0.0,0.5,0.5,0.0
2025,003109,Chris Conlin,Chris,Conlin,D,Defense,10,RED,Redwoods,2025-05-31,2025-08-08,0.0,0.0,0.0,0.0,0.0,0.0,0.0,0,0.0,0.0,0.0,0.0,0.0,0.0,28.0,1.0,5.0,0,0,0,0.0,0.0,2.0,1.5,0.0,76.0,75.0,,,,,,,,,0.0,0.0,0.0,0.0,0.0,0.0,0.0,0.0,0.0,0.0,0.0,0.0,0.0,0.0,2.8,0.1,0.5,0.0,0.0,0.0,0.0,0.0,0.2,0.15,0.0,7.6,7.5,0.0
2025,003110,Carter Parlette,Carter,Parlette,SSDM,Defensive Midfield,1,RED,Redwoods,2025-06-28,2025-06-28,0.0,0.0,0.0,0.0,0.0,0.0,0.0,0,0.0,0.0,0.0,0.0,0.0,0.0,1.0,0.0,0.0,0,0,0,0.0,0.0,0.0,0.0,0.0,5.0,5.0,,,,,,,,,0.0,0.0,0.0,0.0,0.0,0.0,0.0,0.0,0.0,0.0,0.0,0.0,0.0,0.0,1.0,0.0,0.0,0.0,0.0,0.0,0.0,0.0,0.0,0.0,0.0,5.0,5.0,0.0
2025,003112,Jack DiBenedetto,Jack,DiBenedetto,D,Defense,3,WAT,Waterdogs,2025-06-21,2025-08-02,0.0,0.0,0.0,0.0,0.0,0.0,0.0,0,0.0,0.0,0.0,0.0,0.0,0.0,2.0,1.0,2.0,0,0,0,0.0,0.0,0.0,0.0,0.0,14.0,13.0,,,,,,,,,0.0,0.0,0.0,0.0,0.0,0.0,0.0,0.0,0.0,0.0,0.0,0.0,0.0,0.0,0.6666666666666666,0.3333333333333333,0.6666666666666666,0.0,0.0,0.0,0.0,0.0,0.0,0.0,0.0,4.666666666666667,4.333333333333333,0.0
2025,003119,Alec Stathakis,Alec,Stathakis,FO,Faceoff,10,WAT,Waterdogs,2025-06-07,2025-08-09,2.0,2.0,2.0,0.0,2.0,0.0,12.0,4,4.0,0.0,0.0,0.0,0.0,0.0,58.0,7.0,2.0,131,114,248,0.0,0.0,0.0,0.0,1.0,74.0,55.0,0.16666666666666666,0.3333333333333333,0.5282258064516129,,,,0.0,0.0,0.2,0.2,0.2,0.0,0.2,0.0,1.2,0.4,0.4,0.0,0.0,0.0,0.0,0.0,5.8,0.7,0.2,13.1,11.4,24.8,0.0,0.0,0.0,0.0,0.1,7.4,5.5,0.1
2025,003120,Jack VanOverbeke,Jack,VanOverbeke,M,Midfield,6,OUT,Outlaws,2025-05-31,2025-07-13,2.0,0.0,0.0,0.0,0.0,2.0,14.0,8,0.0,0.0,0.0,0.0,0.0,0.0,2.0,5.0,0.0,0,0,0,0.0,0.0,0.0,0.0,3.0,60.0,41.0,0.0,0.5714285714285714,,,,,0.6666666666666666,,0.3333333333333333,0.0,0.0,0.0,0.0,0.3333333333333333,2.3333333333333335,1.3333333333333333,0.0,0.0,0.0,0.0,0.0,0.0,0.3333333333333333,0.8333333333333334,0.0,0.0,0.0,0.0,0.0,0.0,0.0,0.0,0.5,10.0,6.833333333333333,0.5
2025,003125,Matt Knote,Matt,Knote,G,Goalie,1,RED,Redwoods,2025-08-03,2025-08-03,0.0,0.0,0.0,0.0,0.0,0.0,0.0,0,0.0,0.0,0.0,0.0,0.0,0.0,0.0,0.0,0.0,0,0,0,0.0,0.0,0.0,0.0,0.0,1.0,1.0,,,,,,,,,0.0,0.0,0.0,0.0,0.0,0.0,0.0,0.0,0.0,0.0,0.0,0.0,0.0,0.0,0.0,0.0,0.0,0.0,0.0,0.0,0.0,0.0,0.0,0.0,0.0,1.0,1.0,0.0
2025,003128,Jack Posey,Jack,Posey,D,Defense,5,CHA,Chaos,2025-05-30,2025-06-29,1.0,0.0,0.0,0.0,0.0,1.0,0.0,0,0.0,0.0,0.0,0.0,0.0,0.0,5.0,2.0,3.0,0,0,0,0.0,0.0,0.0,0.0,1.0,21.0,19.0,,,,,,,1.0,,0.2,0.0,0.0,0.0,0.0,0.2,0.0,0.0,0.0,0.0,0.0,0.0,0.0,0.0,1.0,0.4,0.6,0.0,0.0,0.0,0.0,0.0,0.0,0.0,0.2,4.2,3.8,0.2
2025,003136,Jake Naso,Jake,Naso,FO,Faceoff,4,ARC,Archers,2025-07-12,2025-07-27,0.0,0.0,0.0,0.0,0.0,0.0,4.0,1,1.0,0.0,0.0,0.0,0.0,0.0,14.0,2.0,0.0,30,59,90,0.0,0.0,1.0,0.5,0.0,15.0,9.0,0.0,0.25,0.3333333333333333,,,,,0.0,0.0,0.0,0.0,0.0,0.0,0.0,1.0,0.25,0.25,0.0,0.0,0.0,0.0,0.0,3.5,0.5,0.0,7.5,14.75,22.5,0.0,0.0,0.25,0.125,0.0,3.75,2.25,0.0
2025,003149,JJ Sillstrop,JJ,Sillstrop,M,Midfield,10,CHA,Chaos,2025-05-30,2025-08-09,8.0,5.0,5.0,0.0,5.0,3.0,22.0,18,0.0,0.0,0.0,0.0,0.0,0.0,3.0,9.0,2.0,0,0,0,0.0,0.0,0.0,0.0,12.0,141.0,110.0,0.22727272727272727,0.8181818181818182,,,,,0.25,,0.8,0.5,0.5,0.0,0.5,0.3,2.2,1.8,0.0,0.0,0.0,0.0,0.0,0.0,0.3,0.9,0.2,0.0,0.0,0.0,0.0,0.0,0.0,0.0,1.2,14.1,11.0,1.2
2025,003156,Aidan Danenza,Aidan,Danenza,M,Midfield,6,RED,Redwoods,2025-05-31,2025-08-08,9.0,9.0,9.0,0.0,9.0,0.0,28.0,18,2.0,0.0,0.0,0.0,0.0,0.0,4.0,7.0,0.0,0,0,0,0.0,0.0,1.0,0.5,6.0,116.0,81.0,0.32142857142857145,0.6428571428571429,,,,,0.0,0.0,1.5,1.5,1.5,0.0,1.5,0.0,4.666666666666667,3.0,0.3333333333333333,0.0,0.0,0.0,0.0,0.0,0.6666666666666666,1.1666666666666667,0.0,0.0,0.0,0.0,0.0,0.0,0.16666666666666666,0.08333333333333333,1.0,19.333333333333332,13.5,1.0
2025,003157,Graydon Hogg,Graydon,Hogg,A,Attack,3,CAN,Cannons,2025-05-31,2025-06-21,4.0,3.0,3.0,0.0,3.0,1.0,12.0,8,0.0,0.0,0.0,0.0,0.0,0.0,3.0,4.0,0.0,0,0,0,0.0,0.0,0.0,0.0,2.0,52.0,36.0,0.25,0.6666666666666666,,,,,0.5,,1.3333333333333333,1.0,1.0,0.0,1.0,0.3333333333333333,4.0,2.6666666666666665,0.0,0.0,0.0,0.0,0.0,0.0,1.0,1.3333333333333333,0.0,0.0,0.0,0.0,0.0,0.0,0.0,0.0,0.6666666666666666,17.333333333333332,12.0,0.6666666666666666
2025,003159,CJ Kirst,CJ,Kirst,A,Attack,4,WAT,Waterdogs,2025-07-20,2025-08-09,13.0,9.0,9.0,0.0,9.0,4.0,27.0,20,0.0,0.0,0.0,0.0,0.0,0.0,4.0,3.0,1.0,0,0,0,0.0,0.0,0.0,0.0,9.0,102.0,72.0,0.3333333333333333,0.7407407407407407,,,,,0.4444444444444444,,3.25,2.25,2.25,0.0,2.25,1.0,6.75,5.0,0.0,0.0,0.0,0.0,0.0,0.0,1.0,0.75,0.25,0.0,0.0,0.0,0.0,0.0,0.0,0.0,2.25,25.5,18.0,2.25
2025,003160,Andrew McAdorey,Andrew,McAdorey,M,Midfield,10,RED,Redwoods,2025-05-31,2025-08-08,24.0,15.0,13.0,1.0,14.0,9.0,41.0,27,4.0,0.0,0.0,0.0,0.0,0.0,16.0,12.0,3.0,6,13,19,0.0,0.0,2.0,2.0,27.0,263.0,210.0,0.34146341463414637,0.6585365853658537,0.3157894736842105,,,,0.3333333333333333,0.25,2.4,1.5,1.3,0.1,1.4,0.9,4.1,2.7,0.4,0.0,0.0,0.0,0.0,0.0,1.6,1.2,0.3,0.6,1.3,1.9,0.0,0.0,0.2,0.2,2.7,26.3,21.0,2.7
2025,003161,Sam English,Sam,English,M,Midfield,4,RED,Redwoods,2025-06-14,2025-07-12,4.0,3.0,3.0,0.0,3.0,1.0,12.0,8,1.0,0.0,0.0,0.0,0.0,0.0,9.0,8.0,5.0,0,0,0,0.0,0.0,0.0,0.0,4.0,79.0,59.0,0.25,0.6666666666666666,,,,,0.25,0.0,1.0,0.75,0.75,0.0,0.75,0.25,3.0,2.0,0.25,0.0,0.0,0.0,0.0,0.0,2.25,2.0,1.25,0.0,0.0,0.0,0.0,0.0,0.0,0.0,1.0,19.75,14.75,1.0
2025,003162,Coulter Mackesy,Coulter,Mackesy,A,Attack,8,CAN,Cannons,2025-06-07,2025-08-09,20.0,15.0,15.0,0.0,15.0,5.0,54.0,35,4.0,0.0,0.0,0.0,0.0,0.0,10.0,11.0,1.0,0,0,0,0.0,0.0,3.0,2.0,15.0,247.0,182.0,0.2777777777777778,0.6481481481481481,,,,,0.3333333333333333,0.0,2.5,1.875,1.875,0.0,1.875,0.625,6.75,4.375,0.5,0.0,0.0,0.0,0.0,0.0,1.25,1.375,0.125,0.0,0.0,0.0,0.0,0.0,0.375,0.25,1.875,30.875,22.75,1.875
2025,003163,Brendan Lavelle,Brendan,Lavelle,D,Defense,10,ARC,Archers,2025-05-31,2025-08-09,1.0,0.0,0.0,0.0,0.0,1.0,0.0,0,0.0,0.0,0.0,0.0,0.0,0.0,34.0,3.0,6.0,0,0,0,0.0,0.0,2.0,1.5,1.0,83.0,80.0,,,,,,,1.0,,0.1,0.0,0.0,0.0,0.0,0.1,0.0,0.0,0.0,0.0,0.0,0.0,0.0,0.0,3.4,0.3,0.6,0.0,0.0,0.0,0.0,0.0,0.2,0.15,0.1,8.3,8.0,0.1
2025,003164,Matt Traynor,Matt,Traynor,M,Midfield,10,ATL,Atlas,2025-05-30,2025-08-09,20.0,12.0,12.0,0.0,12.0,8.0,52.0,29,2.0,0.0,0.0,0.0,0.0,0.0,16.0,13.0,2.0,0,0,0,0.0,0.0,0.0,0.0,17.0,189.0,124.0,0.23076923076923078,0.5576923076923077,,,,,0.47058823529411764,0.0,2.0,1.2,1.2,0.0,1.2,0.8,5.2,2.9,0.2,0.0,0.0,0.0,0.0,0.0,1.6,1.3,0.2,0.0,0.0,0.0,0.0,0.0,0.0,0.0,1.7,18.9,12.4,1.7
2025,003165,Aidan Carroll,Aidan,Carroll,A,Attack,10,WHP,Whipsnakes,2025-05-31,2025-08-09,29.0,21.0,21.0,0.0,21.0,8.0,55.0,42,1.0,0.0,0.0,0.0,0.0,0.0,6.0,13.0,1.0,0,0,0,0.0,0.0,2.0,1.5,17.0,294.0,226.0,0.38181818181818183,0.7636363636363637,,,,,0.47058823529411764,0.0,2.9,2.1,2.1,0.0,2.1,0.8,5.5,4.2,0.1,0.0,0.0,0.0,0.0,0.0,0.6,1.3,0.1,0.0,0.0,0.0,0.0,0.0,0.2,0.15,1.7,29.4,22.6,1.7
2025,003166,Owen Hiltz,Owen,Hiltz,A,Attack,7,CHA,Chaos,2025-06-22,2025-08-09,27.0,16.0,16.0,0.0,16.0,11.0,46.0,34,2.0,0.0,0.0,0.0,0.0,0.0,9.0,15.0,3.0,0,0,0,0.0,0.0,1.0,1.0,20.0,209.0,148.0,0.34782608695652173,0.7391304347826086,,,,,0.55,0.0,3.857142857142857,2.2857142857142856,2.2857142857142856,0.0,2.2857142857142856,1.5714285714285714,6.571428571428571,4.857142857142857,0.2857142857142857,0.0,0.0,0.0,0.0,0.0,1.2857142857142858,2.142857142857143,0.42857142857142855,0.0,0.0,0.0,0.0,0.0,0.14285714285714285,0.14285714285714285,2.857142857142857,29.857142857142858,21.142857142857142,2.857142857142857
2025,003167,Jake Taylor,Jake,Taylor,A,Attack,9,WAT,Waterdogs,2025-06-07,2025-08-02,14.0,11.0,11.0,0.0,11.0,3.0,33.0,25,0.0,0.0,0.0,0.0,0.0,0.0,12.0,9.0,0.0,0,0,0,0.0,0.0,1.0,1.0,5.0,87.0,45.0,0.3333333333333333,0.7575757575757576,,,,,0.6,,1.5555555555555556,1.2222222222222223,1.2222222222222223,0.0,1.2222222222222223,0.3333333333333333,3.6666666666666665,2.7777777777777777,0.0,0.0,0.0,0.0,0.0,0.0,1.3333333333333333,1.0,0.0,0.0,0.0,0.0,0.0,0.0,0.1111111111111111,0.1111111111111111,0.5555555555555556,9.666666666666666,5.0,0.5555555555555556
2025,003168,Chris Kavanagh,Chris,Kavanagh,A,Attack,10,RED,Redwoods,2025-05-31,2025-08-08,37.0,25.0,21.0,2.0,23.0,12.0,78.0,51,7.0,0.0,0.0,0.0,0.0,0.0,23.0,12.0,4.0,0,0,0,0.0,0.0,1.0,2.0,35.0,405.0,315.0,0.2948717948717949,0.6538461538461539,,,,,0.34285714285714286,0.2857142857142857,3.7,2.5,2.1,0.2,2.3,1.2,7.8,5.1,0.7,0.0,0.0,0.0,0.0,0.0,2.3,1.2,0.4,0.0,0.0,0.0,0.0,0.0,0.1,0.2,3.5,40.5,31.5,3.5
2025,003169,Logan McNaney,Logan,McNaney,G,Goalie,8,OUT,Outlaws,2025-06-14,2025-08-02,0.0,0.0,0.0,0.0,0.0,0.0,1.0,0,1.0,109.0,66.0,43.0,86.0,84.52695705147731,17.0,6.0,4.0,0,0,0,78.0,8.0,0.0,0.0,0.0,157.0,150.0,0.0,0.0,,0.5828877005347594,60.550458715596335,0.35294117647058826,,0.0,0.0,0.0,0.0,0.0,0.0,0.0,0.125,0.0,0.125,13.625,8.25,5.375,10.75,10.565869631434664,2.125,0.75,0.5,0.0,0.0,0.0,9.75,1.0,0.0,0.0,0.0,19.625,18.75,0.0
2025,003170,Mic Kelly,Mic,Kelly,M,Midfield,5,CAN,Cannons,2025-05-31,2025-07-19,5.0,3.0,3.0,0.0,3.0,2.0,24.0,14,1.0,0.0,0.0,0.0,0.0,0.0,3.0,6.0,1.0,0,0,0,0.0,0.0,0.0,0.0,8.0,97.0,67.0,0.125,0.5833333333333334,,,,,0.25,0.0,1.0,0.6,0.6,0.0,0.6,0.4,4.8,2.8,0.2,0.0,0.0,0.0,0.0,0.0,0.6,1.2,0.2,0.0,0.0,0.0,0.0,0.0,0.0,0.0,1.6,19.4,13.4,1.6
2025,003171,Levi Verch,Levi,Verch,LSM,Long Stick Midfield,10,CHA,Chaos,2025-05-30,2025-08-09,0.0,0.0,0.0,0.0,0.0,0.0,3.0,1,2.0,0.0,0.0,0.0,0.0,0.0,20.0,5.0,4.0,0,0,0,0.0,0.0,1.0,1.0,1.0,51.0,43.0,0.0,0.3333333333333333,,,,,0.0,0.0,0.0,0.0,0.0,0.0,0.0,0.0,0.3,0.1,0.2,0.0,0.0,0.0,0.0,0.0,2.0,0.5,0.4,0.0,0.0,0.0,0.0,0.0,0.1,0.1,0.1,5.1,4.3,0.1
2025,003172,Max Krevsky,Max,Krevsky,SSDM,Defensive Midfield,8,ATL,Atlas,2025-06-14,2025-08-09,2.0,0.0,0.0,0.0,0.0,2.0,5.0,3,0.0,0.0,0.0,0.0,0.0,0.0,6.0,7.0,2.0,0,2,2,0.0,0.0,1.0,1.0,2.0,63.0,51.0,0.0,0.6,0.0,,,,1.0,,0.25,0.0,0.0,0.0,0.0,0.25,0.625,0.375,0.0,0.0,0.0,0.0,0.0,0.0,0.75,0.875,0.25,0.0,0.25,0.25,0.0,0.0,0.125,0.125,0.25,7.875,6.375,0.25
2025,003173,Jack McDonald,Jack,McDonald,LSM,Long Stick Midfield,4,WHP,Whipsnakes,2025-06-22,2025-08-09,2.0,2.0,2.0,0.0,2.0,0.0,2.0,2,0.0,0.0,0.0,0.0,0.0,0.0,5.0,1.0,0.0,0,0,0,0.0,0.0,0.0,0.0,1.0,15.0,12.0,1.0,1.0,,,,,0.0,,0.5,0.5,0.5,0.0,0.5,0.0,0.5,0.5,0.0,0.0,0.0,0.0,0.0,0.0,1.25,0.25,0.0,0.0,0.0,0.0,0.0,0.0,0.0,0.0,0.25,3.75,3.0,0.25
2025,003174,Sam King,Sam,King,A,Attack,10,ARC,Archers,2025-05-31,2025-08-09,24.0,14.0,12.0,1.0,13.0,10.0,39.0,22,2.0,0.0,0.0,0.0,0.0,0.0,9.0,20.0,3.0,0,0,0,0.0,0.0,2.0,1.0,26.0,223.0,164.0,0.3333333333333333,0.5641025641025641,,,,,0.38461538461538464,0.5,2.4,1.4,1.2,0.1,1.3,1.0,3.9,2.2,0.2,0.0,0.0,0.0,0.0,0.0,0.9,2.0,0.3,0.0,0.0,0.0,0.0,0.0,0.2,0.1,2.6,22.3,16.4,2.6
2025,003176,Emmet Carroll,Emmet,Carroll,G,Goalie,7,WHP,Whipsnakes,2025-06-07,2025-08-09,0.0,0.0,0.0,0.0,0.0,0.0,3.0,0,3.0,95.0,37.0,58.0,75.0,75.00208405696422,15.0,0.0,2.0,0,0,0,74.0,1.0,0.0,0.0,1.0,126.0,123.0,0.0,0.0,,0.5621301775147929,38.94736842105263,0.21893491124260356,0.0,0.0,0.0,0.0,0.0,0.0,0.0,0.0,0.42857142857142855,0.0,0.42857142857142855,13.571428571428571,5.285714285714286,8.285714285714286,10.714285714285714,10.714583436709175,2.142857142857143,0.0,0.2857142857142857,0.0,0.0,0.0,10.571428571428571,0.14285714285714285,0.0,0.0,0.14285714285714285,18.0,17.571428571428573,0.14285714285714285
2025,003178,Michael Grace,Michael,Grace,LSM,Long Stick Midfield,8,ATL,Atlas,2025-06-14,2025-08-09,10.0,6.0,2.0,2.0,4.0,4.0,6.0,5,4.0,0.0,0.0,0.0,0.0,0.0,18.0,1.0,6.0,0,0,0,0.0,0.0,1.0,1.0,8.0,58.0,51.0,0.6666666666666666,0.8333333333333334,,,,,0.5,0.5,1.25,0.75,0.25,0.25,0.5,0.5,0.75,0.625,0.5,0.0,0.0,0.0,0.0,0.0,2.25,0.125,0.75,0.0,0.0,0.0,0.0,0.0,0.125,0.125,1.0,7.25,6.375,1.0
2025,003179,Ben Wayer,Ben,Wayer,LSM,Long Stick Midfield,10,WAT,Waterdogs,2025-06-07,2025-08-09,6.0,4.0,2.0,1.0,3.0,2.0,14.0,7,7.0,0.0,0.0,0.0,0.0,0.0,27.0,6.0,7.0,0,0,0,0.0,0.0,3.0,3.0,4.0,76.0,56.0,0.21428571428571427,0.5,,,,,0.5,0.14285714285714285,0.6,0.4,0.2,0.1,0.3,0.2,1.4,0.7,0.7,0.0,0.0,0.0,0.0,0.0,2.7,0.6,0.7,0.0,0.0,0.0,0.0,0.0,0.3,0.3,0.4,7.6,5.6,0.4
2025,003180,Christian Mazur,Christian,Mazur,SSDM,Defensive Midfield,10,WHP,Whipsnakes,2025-05-31,2025-08-09,1.0,1.0,1.0,0.0,1.0,0.0,5.0,2,1.0,0.0,0.0,0.0,0.0,0.0,13.0,1.0,4.0,0,0,0,0.0,0.0,0.0,0.0,3.0,69.0,63.0,0.2,0.4,,,,,0.0,0.0,0.1,0.1,0.1,0.0,0.1,0.0,0.5,0.2,0.1,0.0,0.0,0.0,0.0,0.0,1.3,0.1,0.4,0.0,0.0,0.0,0.0,0.0,0.0,0.0,0.3,6.9,6.3,0.3
2025,003181,Jimmy Freehill,Jimmy,Freehill,D,Defense,9,WAT,Waterdogs,2025-06-07,2025-08-09,4.0,4.0,0.0,2.0,2.0,0.0,7.0,6,7.0,0.0,0.0,0.0,0.0,0.0,15.0,2.0,7.0,0,0,0,0.0,0.0,3.0,3.0,0.0,72.0,63.0,0.2857142857142857,0.8571428571428571,,,,,,0.2857142857142857,0.4444444444444444,0.4444444444444444,0.0,0.2222222222222222,0.2222222222222222,0.0,0.7777777777777778,0.6666666666666666,0.7777777777777778,0.0,0.0,0.0,0.0,0.0,1.6666666666666667,0.2222222222222222,0.7777777777777778,0.0,0.0,0.0,0.0,0.0,0.3333333333333333,0.3333333333333333,0.0,8.0,7.0,0.0
2025,003183,Jack Gray,Jack,Gray,SSDM,Defensive Midfield,4,OUT,Outlaws,2025-07-19,2025-08-02,2.0,1.0,1.0,0.0,1.0,1.0,1.0,1,0.0,0.0,0.0,0.0,0.0,0.0,1.0,0.0,1.0,1,0,1,0.0,0.0,1.0,0.5,1.0,10.0,9.0,1.0,1.0,1.0,,,,1.0,,0.5,0.25,0.25,0.0,0.25,0.25,0.25,0.25,0.0,0.0,0.0,0.0,0.0,0.0,0.25,0.0,0.25,0.25,0.0,0.25,0.0,0.0,0.25,0.125,0.25,2.5,2.25,0.25
2025,003184,Ben Ramsey,Ben,Ramsey,SSDM,Defensive Midfield,10,CAN,Cannons,2025-05-31,2025-08-09,6.0,3.0,1.0,1.0,2.0,3.0,5.0,5,1.0,0.0,0.0,0.0,0.0,0.0,26.0,2.0,3.0,0,0,0,0.0,0.0,3.0,1.5,7.0,94.0,87.0,0.4,1.0,,,,,0.42857142857142855,1.0,0.6,0.3,0.1,0.1,0.2,0.3,0.5,0.5,0.1,0.0,0.0,0.0,0.0,0.0,2.6,0.2,0.3,0.0,0.0,0.0,0.0,0.0,0.3,0.15,0.7,9.4,8.7,0.7
2025,003185,Carter Rice,Carter,Rice,SSDM,Defensive Midfield,10,RED,Redwoods,2025-05-31,2025-08-08,0.0,0.0,0.0,0.0,0.0,0.0,0.0,0,0.0,0.0,0.0,0.0,0.0,0.0,14.0,3.0,3.0,0,0,0,0.0,0.0,2.0,1.0,1.0,68.0,65.0,,,,,,,0.0,,0.0,0.0,0.0,0.0,0.0,0.0,0.0,0.0,0.0,0.0,0.0,0.0,0.0,0.0,1.4,0.3,0.3,0.0,0.0,0.0,0.0,0.0,0.2,0.1,0.1,6.8,6.5,0.1
2025,003186,Hugh Kelleher,Hugh,Kelleher,M,Midfield,6,ATL,Atlas,2025-06-14,2025-08-09,6.0,5.0,5.0,0.0,5.0,1.0,20.0,8,3.0,0.0,0.0,0.0,0.0,0.0,6.0,4.0,0.0,0,0,0,0.0,0.0,0.0,0.0,4.0,75.0,51.0,0.25,0.4,,,,,0.25,0.0,1.0,0.8333333333333334,0.8333333333333334,0.0,0.8333333333333334,0.16666666666666666,3.3333333333333335,1.3333333333333333,0.5,0.0,0.0,0.0,0.0,0.0,1.0,0.6666666666666666,0.0,0.0,0.0,0.0,0.0,0.0,0.0,0.0,0.6666666666666666,12.5,8.5,0.6666666666666666
2025,003188,Bryce Ford,Bryce,Ford,M,Midfield,3,ARC,Archers,2025-05-31,2025-08-09,2.0,2.0,2.0,0.0,2.0,0.0,4.0,3,0.0,0.0,0.0,0.0,0.0,0.0,2.0,1.0,0.0,0,0,0,0.0,0.0,0.0,0.0,2.0,22.0,17.0,0.5,0.75,,,,,0.0,,0.6666666666666666,0.6666666666666666,0.6666666666666666,0.0,0.6666666666666666,0.0,1.3333333333333333,1.0,0.0,0.0,0.0,0.0,0.0,0.0,0.6666666666666666,0.3333333333333333,0.0,0.0,0.0,0.0,0.0,0.0,0.0,0.0,0.6666666666666666,7.333333333333333,5.666666666666667,0.6666666666666666
2025,003190,AJ Pilate,AJ,Pilate,D,Defense,3,OUT,Outlaws,2025-06-22,2025-07-13,0.0,0.0,0.0,0.0,0.0,0.0,1.0,0,0.0,0.0,0.0,0.0,0.0,0.0,4.0,1.0,1.0,0,0,0,0.0,0.0,0.0,0.0,0.0,6.0,4.0,0.0,0.0,,,,,,,0.0,0.0,0.0,0.0,0.0,0.0,0.3333333333333333,0.0,0.0,0.0,0.0,0.0,0.0,0.0,1.3333333333333333,0.3333333333333333,0.3333333333333333,0.0,0.0,0.0,0.0,0.0,0.0,0.0,0.0,2.0,1.3333333333333333,0.0
2025,003192,Jackson Eicher,Jackson,Eicher,A,Attack,10,CHA,Chaos,2025-05-30,2025-08-09,28.0,19.0,17.0,1.0,18.0,9.0,70.0,41,9.0,0.0,0.0,0.0,0.0,0.0,6.0,16.0,0.0,0,0,0,0.0,0.0,1.0,0.5,21.0,228.0,142.0,0.2571428571428571,0.5857142857142857,,,,,0.42857142857142855,0.1111111111111111,2.8,1.9,1.7,0.1,1.8,0.9,7.0,4.1,0.9,0.0,0.0,0.0,0.0,0.0,0.6,1.6,0.0,0.0,0.0,0.0,0.0,0.0,0.1,0.05,2.1,22.8,14.2,2.1
2025,003193,Kyle Aldridge,Kyle,Aldridge,SSDM,Defensive Midfield,2,WHP,Whipsnakes,2025-07-26,2025-08-03,0.0,0.0,0.0,0.0,0.0,0.0,0.0,0,0.0,0.0,0.0,0.0,0.0,0.0,4.0,0.0,1.0,0,0,0,0.0,0.0,0.0,0.0,0.0,15.0,15.0,,,,,,,,,0.0,0.0,0.0,0.0,0.0,0.0,0.0,0.0,0.0,0.0,0.0,0.0,0.0,0.0,2.0,0.0,0.5,0.0,0.0,0.0,0.0,0.0,0.0,0.0,0.0,7.5,7.5,0.0
2025,003206,Greg Langermeier,Greg,Langermeier,SSDM,Defensive Midfield,9,CHA,Chaos,2025-06-06,2025-08-09,2.0,0.0,0.0,0.0,0.0,2.0,5.0,0,0.0,0.0,0.0,0.0,0.0,0.0,8.0,4.0,4.0,1,2,3,0.0,0.0,1.0,0.5,5.0,56.0,47.0,0.0,0.0,0.3333333333333333,,,,0.4,,0.2222222222222222,0.0,0.0,0.0,0.0,0.2222222222222222,0.5555555555555556,0.0,0.0,0.0,0.0,0.0,0.0,0.0,0.8888888888888888,0.4444444444444444,0.4444444444444444,0.1111111111111111,0.2222222222222222,0.3333333333333333,0.0,0.0,0.1111111111111111,0.05555555555555555,0.5555555555555556,6.222222222222222,5.222222222222222,0.5555555555555556
2025,003208,Max Merklinger,Max,Merklinger,A,Attack,2,ARC,Archers,2025-06-28,2025-07-27,0.0,0.0,0.0,0.0,0.0,0.0,4.0,2,1.0,0.0,0.0,0.0,0.0,0.0,1.0,2.0,0.0,0,0,0,0.0,0.0,0.0,0.0,1.0,22.0,16.0,0.0,0.5,,,,,0.0,0.0,0.0,0.0,0.0,0.0,0.0,0.0,2.0,1.0,0.5,0.0,0.0,0.0,0.0,0.0,0.5,1.0,0.0,0.0,0.0,0.0,0.0,0.0,0.0,0.0,0.5,11.0,8.0,0.5
2025,003209,Michael Lampert,Michael,Lampert,A,Attack,3,WAT,Waterdogs,2025-06-13,2025-07-12,1.0,0.0,0.0,0.0,0.0,1.0,3.0,2,0.0,0.0,0.0,0.0,0.0,0.0,0.0,4.0,0.0,0,0,0,0.0,0.0,0.0,0.0,2.0,20.0,13.0,0.0,0.6666666666666666,,,,,0.5,,0.3333333333333333,0.0,0.0,0.0,0.0,0.3333333333333333,1.0,0.6666666666666666,0.0,0.0,0.0,0.0,0.0,0.0,0.0,1.3333333333333333,0.0,0.0,0.0,0.0,0.0,0.0,0.0,0.0,0.6666666666666666,6.666666666666667,4.333333333333333,0.6666666666666666
2025,003211,Josh Balcarcel,Josh,Balcarcel,M,Midfield,10,RED,Redwoods,2025-05-31,2025-08-08,9.0,7.0,7.0,0.0,7.0,2.0,22.0,20,2.0,0.0,0.0,0.0,0.0,0.0,6.0,7.0,0.0,0,0,0,0.0,0.0,2.0,1.0,7.0,158.0,129.0,0.3181818181818182,0.9090909090909091,,,,,0.2857142857142857,0.0,0.9,0.7,0.7,0.0,0.7,0.2,2.2,2.0,0.2,0.0,0.0,0.0,0.0,0.0,0.6,0.7,0.0,0.0,0.0,0.0,0.0,0.0,0.2,0.1,0.7,15.8,12.9,0.7
2025,003212,Ray Dearth,Ray,Dearth,SSDM,Defensive Midfield,8,CHA,Chaos,2025-05-30,2025-08-09,4.0,2.0,0.0,1.0,1.0,2.0,2.0,1,1.0,0.0,0.0,0.0,0.0,0.0,10.0,1.0,2.0,0,4,4,0.0,0.0,1.0,0.5,5.0,43.0,40.0,0.5,0.5,0.0,,,,0.4,1.0,0.5,0.25,0.0,0.125,0.125,0.25,0.25,0.125,0.125,0.0,0.0,0.0,0.0,0.0,1.25,0.125,0.25,0.0,0.5,0.5,0.0,0.0,0.125,0.0625,0.625,5.375,5.0,0.625
2026,000216,Marcus Holman,Marcus,Holman,A,Attack,10,CAN,Cannons,2026-05-15,2026-08-01,32.0,25.0,17.0,4.0,21.0,7.0,63.0,47,18.0,0.0,0.0,0.0,0.0,0.0,14.0,10.0,4.0,0,0,0,0.0,0.0,2.0,1.5,26.0,374.0,301.0,0.3333333333333333,0.746031746031746,,,,,0.2692307692307692,0.2222222222222222,3.2,2.5,1.7,0.4,2.1,0.7,6.3,4.7,1.8,0.0,0.0,0.0,0.0,0.0,1.4,1.0,0.4,0.0,0.0,0.0,0.0,0.0,0.2,0.15,2.6,37.4,30.1,2.6
2026,000221,Ryan Ambler,Ryan,Ambler,M,Midfield,11,ARC,Archers,2026-05-09,2026-08-01,6.0,2.0,2.0,0.0,2.0,4.0,25.0,10,1.0,0.0,0.0,0.0,0.0,0.0,9.0,17.0,2.0,0,0,0,0.0,0.0,1.0,1.0,16.0,203.0,161.0,0.08,0.4,,,,,0.25,0.0,0.5454545454545454,0.18181818181818182,0.18181818181818182,0.0,0.18181818181818182,0.36363636363636365,2.272727272727273,0.9090909090909091,0.09090909090909091,0.0,0.0,0.0,0.0,0.0,0.8181818181818182,1.5454545454545454,0.18181818181818182,0.0,0.0,0.0,0.0,0.0,0.09090909090909091,0.09090909090909091,1.4545454545454546,18.454545454545453,14.636363636363637,1.4545454545454546
2026,000240,Kieran McArdle,Kieran,McArdle,A,Attack,10,WAT,Waterdogs,2026-05-09,2026-08-01,20.0,9.0,9.0,0.0,9.0,11.0,38.0,22,0.0,0.0,0.0,0.0,0.0,0.0,13.0,14.0,1.0,0,0,0,0.0,0.0,3.0,3.0,24.0,243.0,191.0,0.23684210526315788,0.5789473684210527,,,,,0.4583333333333333,,2.0,0.9,0.9,0.0,0.9,1.1,3.8,2.2,0.0,0.0,0.0,0.0,0.0,0.0,1.3,1.4,0.1,0.0,0.0,0.0,0.0,0.0,0.3,0.3,2.4,24.3,19.1,2.4
2026,000242,Kyle Hartzell,Kyle,Hartzell,LSM,Long Stick Midfield,3,RED,Redwoods,2026-06-28,2026-07-31,0.0,0.0,0.0,0.0,0.0,0.0,3.0,2,2.0,0.0,0.0,0.0,0.0,0.0,5.0,0.0,1.0,0,0,0,0.0,0.0,0.0,0.0,0.0,24.0,21.0,0.0,0.6666666666666666,,,,,,0.0,0.0,0.0,0.0,0.0,0.0,0.0,1.0,0.6666666666666666,0.6666666666666666,0.0,0.0,0.0,0.0,0.0,1.6666666666666667,0.0,0.3333333333333333,0.0,0.0,0.0,0.0,0.0,0.0,0.0,0.0,8.0,7.0,0.0
2026,000254,Trevor Baptiste,Trevor,Baptiste,FO,Faceoff,5,ATL,Atlas,2026-05-30,2026-08-02,0.0,0.0,0.0,0.0,0.0,0.0,6.0,4,1.0,0.0,0.0,0.0,0.0,0.0,43.0,7.0,0.0,68,63,131,0.0,0.0,2.0,1.0,1.0,46.0,33.0,0.0,0.6666666666666666,0.5190839694656488,,,,0.0,0.0,0.0,0.0,0.0,0.0,0.0,0.0,1.2,0.8,0.2,0.0,0.0,0.0,0.0,0.0,8.6,1.4,0.0,13.6,12.6,26.2,0.0,0.0,0.4,0.2,0.2,9.2,6.6,0.2
2026,000258,Blaze Riorden,Blaze,Riorden,G,Goalie,10,CHA,Chaos,2026-05-15,2026-08-01,0.0,0.0,0.0,0.0,0.0,0.0,2.0,1,2.0,131.0,41.0,90.0,113.0,124.74509885970974,22.0,2.0,4.0,0,0,0,109.0,4.0,0.0,0.0,1.0,168.0,164.0,0.0,0.5,,0.5458333333333333,31.297709923664126,0.17083333333333334,0.0,0.0,0.0,0.0,0.0,0.0,0.0,0.0,0.2,0.1,0.2,13.1,4.1,9.0,11.3,12.474509885970974,2.2,0.2,0.4,0.0,0.0,0.0,10.9,0.4,0.0,0.0,0.1,16.8,16.4,0.1
2026,000262,Connor Fields,Connor,Fields,A,Attack,11,ARC,Archers,2026-05-09,2026-08-01,33.0,24.0,24.0,0.0,24.0,9.0,72.0,47,0.0,0.0,0.0,0.0,0.0,0.0,19.0,25.0,1.0,0,0,0,0.0,0.0,2.0,2.0,34.0,323.0,226.0,0.3333333333333333,0.6527777777777778,,,,,0.2647058823529412,,3.0,2.1818181818181817,2.1818181818181817,0.0,2.1818181818181817,0.8181818181818182,6.545454545454546,4.2727272727272725,0.0,0.0,0.0,0.0,0.0,0.0,1.7272727272727273,2.272727272727273,0.09090909090909091,0.0,0.0,0.0,0.0,0.0,0.18181818181818182,0.18181818181818182,3.090909090909091,29.363636363636363,20.545454545454547,3.090909090909091
2026,000269,Jarrod Neumann,Jarrod,Neumann,D,Defense,11,CHA,Chaos,2026-05-09,2026-08-01,0.0,0.0,0.0,0.0,0.0,0.0,6.0,3,5.0,0.0,0.0,0.0,0.0,0.0,13.0,5.0,2.0,0,0,0,0.0,0.0,5.0,6.5,1.0,76.0,65.0,0.0,0.5,,,,,0.0,0.0,0.0,0.0,0.0,0.0,0.0,0.0,0.5454545454545454,0.2727272727272727,0.45454545454545453,0.0,0.0,0.0,0.0,0.0,1.1818181818181819,0.45454545454545453,0.18181818181818182,0.0,0.0,0.0,0.0,0.0,0.45454545454545453,0.5909090909090909,0.09090909090909091,6.909090909090909,5.909090909090909,0.09090909090909091
2026,000275,Mark Glicini,Mark,Glicini,SSDM,Defensive Midfield,1,CHA,Chaos,2026-05-09,2026-05-09,0.0,0.0,0.0,0.0,0.0,0.0,0.0,0,0.0,0.0,0.0,0.0,0.0,0.0,1.0,0.0,0.0,1,2,3,0.0,0.0,0.0,0.0,0.0,2.0,2.0,,,0.3333333333333333,,,,,,0.0,0.0,0.0,0.0,0.0,0.0,0.0,0.0,0.0,0.0,0.0,0.0,0.0,0.0,1.0,0.0,0.0,1.0,2.0,3.0,0.0,0.0,0.0,0.0,0.0,2.0,2.0,0.0
2026,000281,Troy Reh,Troy,Reh,LSM,Long Stick Midfield,11,CHA,Chaos,2026-05-09,2026-08-01,0.0,0.0,0.0,0.0,0.0,0.0,0.0,0,0.0,0.0,0.0,0.0,0.0,0.0,37.0,2.0,9.0,0,0,0,0.0,0.0,2.0,1.5,0.0,82.0,80.0,,,,,,,,,0.0,0.0,0.0,0.0,0.0,0.0,0.0,0.0,0.0,0.0,0.0,0.0,0.0,0.0,3.3636363636363638,0.18181818181818182,0.8181818181818182,0.0,0.0,0.0,0.0,0.0,0.18181818181818182,0.13636363636363635,0.0,7.454545454545454,7.2727272727272725,0.0
2026,000302,Michael Manley,Michael,Manley,D,Defense,9,OUT,Outlaws,2026-05-16,2026-08-01,0.0,0.0,0.0,0.0,0.0,0.0,4.0,2,2.0,0.0,0.0,0.0,0.0,0.0,19.0,5.0,8.0,0,0,0,0.0,0.0,1.0,0.5,1.0,62.0,53.0,0.0,0.5,,,,,0.0,0.0,0.0,0.0,0.0,0.0,0.0,0.0,0.4444444444444444,0.2222222222222222,0.2222222222222222,0.0,0.0,0.0,0.0,0.0,2.111111111111111,0.5555555555555556,0.8888888888888888,0.0,0.0,0.0,0.0,0.0,0.1111111111111111,0.05555555555555555,0.1111111111111111,6.888888888888889,5.888888888888889,0.1111111111111111
2026,000305,Romar Dennis,Romar,Dennis,M,Midfield,2,RED,Redwoods,2026-05-09,2026-05-16,0.0,0.0,0.0,0.0,0.0,0.0,7.0,3,5.0,0.0,0.0,0.0,0.0,0.0,1.0,0.0,0.0,0,0,0,0.0,0.0,0.0,0.0,1.0,21.0,14.0,0.0,0.42857142857142855,,,,,0.0,0.0,0.0,0.0,0.0,0.0,0.0,0.0,3.5,1.5,2.5,0.0,0.0,0.0,0.0,0.0,0.5,0.0,0.0,0.0,0.0,0.0,0.0,0.0,0.0,0.0,0.5,10.5,7.0,0.5
2026,000339,Connor Kelly,Connor,Kelly,M,Midfield,5,WAT,Waterdogs,2026-05-09,2026-07-18,7.0,7.0,1.0,3.0,4.0,0.0,27.0,13,15.0,0.0,0.0,0.0,0.0,0.0,2.0,8.0,1.0,0,0,0,0.0,0.0,0.0,0.0,4.0,129.0,94.0,0.14814814814814814,0.48148148148148145,,,,,0.0,0.2,1.4,1.4,0.2,0.6,0.8,0.0,5.4,2.6,3.0,0.0,0.0,0.0,0.0,0.0,0.4,1.6,0.2,0.0,0.0,0.0,0.0,0.0,0.0,0.0,0.8,25.8,18.8,0.8
2026,000345,Jake Bernhardt,Jake,Bernhardt,SSDM,Defensive Midfield,2,WHP,Whipsnakes,2026-05-09,2026-05-16,0.0,0.0,0.0,0.0,0.0,0.0,1.0,0,0.0,0.0,0.0,0.0,0.0,0.0,2.0,2.0,1.0,0,3,3,0.0,0.0,0.0,0.0,0.0,12.0,9.0,0.0,0.0,0.0,,,,,,0.0,0.0,0.0,0.0,0.0,0.0,0.5,0.0,0.0,0.0,0.0,0.0,0.0,0.0,1.0,1.0,0.5,0.0,1.5,1.5,0.0,0.0,0.0,0.0,0.0,6.0,4.5,0.0
2026,000354,Matt Rambo,Matt,Rambo,A,Attack,5,ATL,Atlas,2026-06-06,2026-07-19,5.0,3.0,3.0,0.0,3.0,2.0,15.0,8,0.0,0.0,0.0,0.0,0.0,0.0,7.0,4.0,1.0,0,0,0,0.0,0.0,0.0,0.0,8.0,97.0,78.0,0.2,0.5333333333333333,,,,,0.25,,1.0,0.6,0.6,0.0,0.6,0.4,3.0,1.6,0.0,0.0,0.0,0.0,0.0,0.0,1.4,0.8,0.2,0.0,0.0,0.0,0.0,0.0,0.0,0.0,1.6,19.4,15.6,1.6
2026,000355,Matthew Dunn,Matthew,Dunn,D,Defense,9,WHP,Whipsnakes,2026-05-16,2026-08-01,2.0,1.0,1.0,0.0,1.0,1.0,4.0,2,3.0,0.0,0.0,0.0,0.0,0.0,10.0,2.0,9.0,0,0,0,0.0,0.0,2.0,2.0,3.0,68.0,62.0,0.25,0.5,,,,,0.3333333333333333,0.0,0.2222222222222222,0.1111111111111111,0.1111111111111111,0.0,0.1111111111111111,0.1111111111111111,0.4444444444444444,0.2222222222222222,0.3333333333333333,0.0,0.0,0.0,0.0,0.0,1.1111111111111112,0.2222222222222222,1.0,0.0,0.0,0.0,0.0,0.0,0.2222222222222222,0.2222222222222222,0.3333333333333333,7.555555555555555,6.888888888888889,0.3333333333333333
2026,000359,Tim Muller,Tim,Muller,D,Defense,10,WHP,Whipsnakes,2026-05-09,2026-08-01,0.0,0.0,0.0,0.0,0.0,0.0,0.0,0,0.0,0.0,0.0,0.0,0.0,0.0,13.0,2.0,11.0,0,0,0,0.0,0.0,0.0,0.0,0.0,85.0,83.0,,,,,,,,,0.0,0.0,0.0,0.0,0.0,0.0,0.0,0.0,0.0,0.0,0.0,0.0,0.0,0.0,1.3,0.2,1.1,0.0,0.0,0.0,0.0,0.0,0.0,0.0,0.0,8.5,8.3,0.0
2026,000365,Jack Rowlett,Jack,Rowlett,D,Defense,6,CHA,Chaos,2026-05-09,2026-07-18,0.0,0.0,0.0,0.0,0.0,0.0,3.0,1,3.0,0.0,0.0,0.0,0.0,0.0,4.0,2.0,2.0,0,0,0,0.0,0.0,3.0,2.5,0.0,34.0,29.0,0.0,0.3333333333333333,,,,,,0.0,0.0,0.0,0.0,0.0,0.0,0.0,0.5,0.16666666666666666,0.5,0.0,0.0,0.0,0.0,0.0,0.6666666666666666,0.3333333333333333,0.3333333333333333,0.0,0.0,0.0,0.0,0.0,0.5,0.4166666666666667,0.0,5.666666666666667,4.833333333333333,0.0
2026,000366,Connor Farrell,Connor,Farrell,FO,Faceoff,5,WAT,Waterdogs,2026-05-09,2026-06-28,0.0,0.0,0.0,0.0,0.0,0.0,1.0,1,0.0,0.0,0.0,0.0,0.0,0.0,33.0,4.0,0.0,57,61,119,0.0,0.0,0.0,0.0,0.0,24.0,19.0,0.0,1.0,0.4789915966386555,,,,,,0.0,0.0,0.0,0.0,0.0,0.0,0.2,0.2,0.0,0.0,0.0,0.0,0.0,0.0,6.6,0.8,0.0,11.4,12.2,23.8,0.0,0.0,0.0,0.0,0.0,4.8,3.8,0.0
2026,000370,Tim Troutner,Tim,Troutner,G,Goalie,2,WAT,Waterdogs,2026-07-26,2026-08-01,0.0,0.0,0.0,0.0,0.0,0.0,0.0,0,0.0,0.0,0.0,0.0,2.0,31.8232044198895,0.0,0.0,0.0,0,0,0,1.0,1.0,0.0,0.0,0.0,2.0,2.0,,,,0.0,,0.0,,,0.0,0.0,0.0,0.0,0.0,0.0,0.0,0.0,0.0,0.0,0.0,0.0,1.0,15.91160220994475,0.0,0.0,0.0,0.0,0.0,0.0,0.5,0.5,0.0,0.0,0.0,1.0,1.0,0.0
2026,000373,Ryder Garnsey,Ryder,Garnsey,M,Midfield,8,RED,Redwoods,2026-06-06,2026-08-02,20.0,13.0,13.0,0.0,13.0,7.0,34.0,22,0.0,0.0,0.0,0.0,0.0,0.0,8.0,19.0,1.0,0,0,0,0.0,0.0,2.0,1.0,18.0,199.0,146.0,0.38235294117647056,0.6470588235294118,,,,,0.3888888888888889,,2.5,1.625,1.625,0.0,1.625,0.875,4.25,2.75,0.0,0.0,0.0,0.0,0.0,0.0,1.0,2.375,0.125,0.0,0.0,0.0,0.0,0.0,0.25,0.125,2.25,24.875,18.25,2.25
2026,000390,Brad Smith,Brad,Smith,M,Midfield,2,WHP,Whipsnakes,2026-05-09,2026-05-16,2.0,2.0,0.0,1.0,1.0,0.0,5.0,3,4.0,0.0,0.0,0.0,0.0,0.0,4.0,2.0,0.0,0,0,0,0.0,0.0,0.0,0.0,0.0,26.0,19.0,0.2,0.6,,,,,,0.25,1.0,1.0,0.0,0.5,0.5,0.0,2.5,1.5,2.0,0.0,0.0,0.0,0.0,0.0,2.0,1.0,0.0,0.0,0.0,0.0,0.0,0.0,0.0,0.0,0.0,13.0,9.5,0.0
2026,000395,Bryan Costabile,Bryan,Costabile,M,Midfield,9,ATL,Atlas,2026-05-09,2026-08-02,28.0,24.0,10.0,7.0,17.0,4.0,54.0,33,25.0,0.0,0.0,0.0,0.0,0.0,10.0,19.0,2.0,0,1,1,0.0,0.0,1.0,1.0,19.0,266.0,193.0,0.3148148148148148,0.6111111111111112,0.0,,,,0.21052631578947367,0.28,3.111111111111111,2.6666666666666665,1.1111111111111112,0.7777777777777778,1.8888888888888888,0.4444444444444444,6.0,3.6666666666666665,2.7777777777777777,0.0,0.0,0.0,0.0,0.0,1.1111111111111112,2.111111111111111,0.2222222222222222,0.0,0.1111111111111111,0.1111111111111111,0.0,0.0,0.1111111111111111,0.1111111111111111,2.111111111111111,29.555555555555557,21.444444444444443,2.111111111111111
2026,000408,Matt DeLuca,Matt,DeLuca,G,Goalie,7,WAT,Waterdogs,2026-05-09,2026-07-18,0.0,0.0,0.0,0.0,0.0,0.0,2.0,0,2.0,82.0,24.0,58.0,78.0,91.81387072162858,12.0,3.0,0.0,0,0,0,73.0,5.0,0.0,0.0,0.0,97.0,92.0,0.0,0.0,,0.5290322580645161,29.268292682926827,0.15483870967741936,,0.0,0.0,0.0,0.0,0.0,0.0,0.0,0.2857142857142857,0.0,0.2857142857142857,11.714285714285714,3.4285714285714284,8.285714285714286,11.142857142857142,13.11626724594694,1.7142857142857142,0.42857142857142855,0.0,0.0,0.0,0.0,10.428571428571429,0.7142857142857143,0.0,0.0,0.0,13.857142857142858,13.142857142857142,0.0
2026,000409,Zach Currier,Zach,Currier,M,Midfield,9,WAT,Waterdogs,2026-05-17,2026-08-01,12.0,2.0,2.0,0.0,2.0,10.0,10.0,8,2.0,0.0,0.0,0.0,0.0,0.0,55.0,3.0,9.0,6,4,10,0.0,0.0,2.0,1.5,23.0,150.0,137.0,0.2,0.8,0.6,,,,0.43478260869565216,0.0,1.3333333333333333,0.2222222222222222,0.2222222222222222,0.0,0.2222222222222222,1.1111111111111112,1.1111111111111112,0.8888888888888888,0.2222222222222222,0.0,0.0,0.0,0.0,0.0,6.111111111111111,0.3333333333333333,1.0,0.6666666666666666,0.4444444444444444,1.1111111111111112,0.0,0.0,0.2222222222222222,0.16666666666666666,2.5555555555555554,16.666666666666668,15.222222222222221,2.5555555555555554
2026,000410,Eli Gobrecht,Eli,Gobrecht,SSDM,Defensive Midfield,8,ATL,Atlas,2026-05-30,2026-08-02,2.0,2.0,2.0,0.0,2.0,0.0,3.0,2,0.0,0.0,0.0,0.0,0.0,0.0,11.0,3.0,8.0,0,2,2,0.0,0.0,0.0,0.0,1.0,31.0,25.0,0.6666666666666666,0.6666666666666666,0.0,,,,0.0,,0.25,0.25,0.25,0.0,0.25,0.0,0.375,0.25,0.0,0.0,0.0,0.0,0.0,0.0,1.375,0.375,1.0,0.0,0.25,0.25,0.0,0.0,0.0,0.0,0.125,3.875,3.125,0.125
2026,000414,Rob Pannell,Rob,Pannell,A,Attack,10,WHP,Whipsnakes,2026-05-09,2026-08-01,30.0,12.0,12.0,0.0,12.0,18.0,53.0,29,1.0,0.0,0.0,0.0,0.0,0.0,19.0,18.0,1.0,0,0,0,0.0,0.0,2.0,1.5,37.0,319.0,248.0,0.22641509433962265,0.5471698113207547,,,,,0.4864864864864865,0.0,3.0,1.2,1.2,0.0,1.2,1.8,5.3,2.9,0.1,0.0,0.0,0.0,0.0,0.0,1.9,1.8,0.1,0.0,0.0,0.0,0.0,0.0,0.2,0.15,3.7,31.9,24.8,3.7
2026,000418,Dillon Ward,Dillon,Ward,G,Goalie,10,RED,Redwoods,2026-05-09,2026-08-02,0.0,0.0,0.0,0.0,0.0,0.0,0.0,0,0.0,129.0,37.0,92.0,121.0,126.97190877627618,12.0,3.0,1.0,0,0,0,114.0,7.0,0.0,0.0,0.0,126.0,123.0,,,,0.5308641975308642,28.68217054263566,0.1522633744855967,,,0.0,0.0,0.0,0.0,0.0,0.0,0.0,0.0,0.0,12.9,3.7,9.2,12.1,12.697190877627618,1.2,0.3,0.1,0.0,0.0,0.0,11.4,0.7,0.0,0.0,0.0,12.6,12.3,0.0
2026,000419,Zed Williams,Zed,Williams,M,Midfield,2,WAT,Waterdogs,2026-05-09,2026-05-17,2.0,2.0,0.0,1.0,1.0,0.0,5.0,4,2.0,0.0,0.0,0.0,0.0,0.0,1.0,3.0,0.0,0,0,0,0.0,0.0,0.0,0.0,0.0,43.0,35.0,0.2,0.8,,,,,,0.5,1.0,1.0,0.0,0.5,0.5,0.0,2.5,2.0,1.0,0.0,0.0,0.0,0.0,0.0,0.5,1.5,0.0,0.0,0.0,0.0,0.0,0.0,0.0,0.0,0.0,21.5,17.5,0.0
2026,000815,Austin Kaut,Austin,Kaut,G,Goalie,4,CHA,Chaos,2026-05-09,2026-07-18,0.0,0.0,0.0,0.0,0.0,0.0,2.0,1,2.0,24.0,11.0,13.0,23.0,31.759999999999998,3.0,2.0,0.0,0,0,0,19.0,4.0,0.0,0.0,0.0,33.0,29.0,0.0,0.5,,0.5581395348837209,45.83333333333333,0.2558139534883721,,0.0,0.0,0.0,0.0,0.0,0.0,0.0,0.5,0.25,0.5,6.0,2.75,3.25,5.75,7.9399999999999995,0.75,0.5,0.0,0.0,0.0,0.0,4.75,1.0,0.0,0.0,0.0,8.25,7.25,0.0
2026,000925,Liam Byrnes,Liam,Byrnes,D,Defense,5,CHA,Chaos,2026-05-09,2026-06-06,0.0,0.0,0.0,0.0,0.0,0.0,0.0,0,0.0,0.0,0.0,0.0,0.0,0.0,9.0,2.0,6.0,0,0,0,0.0,0.0,0.0,0.0,2.0,38.0,36.0,,,,,,,0.0,,0.0,0.0,0.0,0.0,0.0,0.0,0.0,0.0,0.0,0.0,0.0,0.0,0.0,0.0,1.8,0.4,1.2,0.0,0.0,0.0,0.0,0.0,0.0,0.0,0.4,7.6,7.2,0.4
2026,000978,Kyle Jackson,Kyle,Jackson,M,Midfield,1,ATL,Atlas,2026-05-09,2026-05-09,0.0,0.0,0.0,0.0,0.0,0.0,1.0,1,0.0,0.0,0.0,0.0,0.0,0.0,0.0,2.0,0.0,0,0,0,0.0,0.0,0.0,0.0,0.0,10.0,7.0,0.0,1.0,,,,,,,0.0,0.0,0.0,0.0,0.0,0.0,1.0,1.0,0.0,0.0,0.0,0.0,0.0,0.0,0.0,2.0,0.0,0.0,0.0,0.0,0.0,0.0,0.0,0.0,0.0,10.0,7.0,0.0
2026,001001,Dylan Molloy,Dylan,Molloy,A,Attack,10,RED,Redwoods,2026-05-09,2026-08-02,29.0,20.0,20.0,0.0,20.0,9.0,76.0,46,4.0,0.0,0.0,0.0,0.0,0.0,17.0,24.0,4.0,0,0,0,0.0,0.0,1.0,1.0,22.0,265.0,165.0,0.2631578947368421,0.6052631578947368,,,,,0.4090909090909091,0.0,2.9,2.0,2.0,0.0,2.0,0.9,7.6,4.6,0.4,0.0,0.0,0.0,0.0,0.0,1.7,2.4,0.4,0.0,0.0,0.0,0.0,0.0,0.1,0.1,2.2,26.5,16.5,2.2
2026,001009,Colin Heacock,Colin,Heacock,M,Midfield,10,WHP,Whipsnakes,2026-05-09,2026-08-01,13.0,10.0,10.0,0.0,10.0,3.0,29.0,18,0.0,0.0,0.0,0.0,0.0,0.0,3.0,4.0,1.0,0,0,0,0.0,0.0,1.0,1.0,9.0,138.0,105.0,0.3448275862068966,0.6206896551724138,,,,,0.3333333333333333,,1.3,1.0,1.0,0.0,1.0,0.3,2.9,1.8,0.0,0.0,0.0,0.0,0.0,0.0,0.3,0.4,0.1,0.0,0.0,0.0,0.0,0.0,0.1,0.1,0.9,13.8,10.5,0.9
2026,001391,Mikie Schlosser,Mikie,Schlosser,M,Midfield,1,OUT,Outlaws,2026-05-09,2026-05-09,0.0,0.0,0.0,0.0,0.0,0.0,1.0,0,0.0,0.0,0.0,0.0,0.0,0.0,0.0,0.0,0.0,0,0,0,0.0,0.0,0.0,0.0,0.0,4.0,3.0,0.0,0.0,,,,,,,0.0,0.0,0.0,0.0,0.0,0.0,1.0,0.0,0.0,0.0,0.0,0.0,0.0,0.0,0.0,0.0,0.0,0.0,0.0,0.0,0.0,0.0,0.0,0.0,0.0,4.0,3.0,0.0
2026,001397,Michael Rexrode,Michael,Rexrode,D,Defense,10,ATL,Atlas,2026-05-09,2026-08-02,0.0,0.0,0.0,0.0,0.0,0.0,2.0,0,2.0,0.0,0.0,0.0,0.0,0.0,12.0,2.0,12.0,0,0,0,0.0,0.0,4.0,4.0,3.0,66.0,62.0,0.0,0.0,,,,,0.0,0.0,0.0,0.0,0.0,0.0,0.0,0.0,0.2,0.0,0.2,0.0,0.0,0.0,0.0,0.0,1.2,0.2,1.2,0.0,0.0,0.0,0.0,0.0,0.4,0.4,0.3,6.6,6.2,0.3
2026,001406,Ben Randall,Ben,Randall,D,Defense,10,OUT,Outlaws,2026-05-09,2026-08-01,0.0,0.0,0.0,0.0,0.0,0.0,1.0,1,0.0,0.0,0.0,0.0,0.0,0.0,25.0,6.0,12.0,0,0,0,0.0,0.0,3.0,2.5,1.0,62.0,55.0,0.0,1.0,,,,,0.0,,0.0,0.0,0.0,0.0,0.0,0.0,0.1,0.1,0.0,0.0,0.0,0.0,0.0,0.0,2.5,0.6,1.2,0.0,0.0,0.0,0.0,0.0,0.3,0.25,0.1,6.2,5.5,0.1
2026,001415,Greg Weyl,Greg,Weyl,LSM,Long Stick Midfield,8,OUT,Outlaws,2026-05-09,2026-08-01,0.0,0.0,0.0,0.0,0.0,0.0,1.0,0,0.0,0.0,0.0,0.0,0.0,0.0,10.0,1.0,4.0,0,0,0,0.0,0.0,1.0,1.0,0.0,15.0,13.0,0.0,0.0,,,,,,,0.0,0.0,0.0,0.0,0.0,0.0,0.125,0.0,0.0,0.0,0.0,0.0,0.0,0.0,1.25,0.125,0.5,0.0,0.0,0.0,0.0,0.0,0.125,0.125,0.0,1.875,1.625,0.0
2026,001661,Warren Jeffrey,Warren,Jeffrey,D,Defense,9,ARC,Archers,2026-05-30,2026-08-01,0.0,0.0,0.0,0.0,0.0,0.0,0.0,0,0.0,0.0,0.0,0.0,0.0,0.0,10.0,1.0,2.0,0,0,0,0.0,0.0,5.0,3.0,0.0,45.0,44.0,,,,,,,,,0.0,0.0,0.0,0.0,0.0,0.0,0.0,0.0,0.0,0.0,0.0,0.0,0.0,0.0,1.1111111111111112,0.1111111111111111,0.2222222222222222,0.0,0.0,0.0,0.0,0.0,0.5555555555555556,0.3333333333333333,0.0,5.0,4.888888888888889,0.0
2026,001671,Zach Goodrich,Zach,Goodrich,SSDM,Defensive Midfield,10,CAN,Cannons,2026-05-15,2026-08-01,1.0,0.0,0.0,0.0,0.0,1.0,0.0,0,0.0,0.0,0.0,0.0,0.0,0.0,3.0,3.0,7.0,0,0,0,0.0,0.0,5.0,2.5,3.0,34.0,31.0,,,,,,,0.3333333333333333,,0.1,0.0,0.0,0.0,0.0,0.1,0.0,0.0,0.0,0.0,0.0,0.0,0.0,0.0,0.3,0.3,0.7,0.0,0.0,0.0,0.0,0.0,0.5,0.25,0.3,3.4,3.1,0.3
2026,001707,Matt Whitcher,Matt,Whitcher,SSDM,Defensive Midfield,9,WAT,Waterdogs,2026-05-09,2026-08-01,3.0,2.0,2.0,0.0,2.0,1.0,8.0,6,2.0,0.0,0.0,0.0,0.0,0.0,11.0,3.0,5.0,0,1,1,0.0,0.0,3.0,1.5,2.0,69.0,58.0,0.25,0.75,0.0,,,,0.5,0.0,0.3333333333333333,0.2222222222222222,0.2222222222222222,0.0,0.2222222222222222,0.1111111111111111,0.8888888888888888,0.6666666666666666,0.2222222222222222,0.0,0.0,0.0,0.0,0.0,1.2222222222222223,0.3333333333333333,0.5555555555555556,0.0,0.1111111111111111,0.1111111111111111,0.0,0.0,0.3333333333333333,0.16666666666666666,0.2222222222222222,7.666666666666667,6.444444444444445,0.2222222222222222
2026,001729,Chris Aslanian,Chris,Aslanian,M,Midfield,5,CHA,Chaos,2026-05-09,2026-08-01,5.0,4.0,2.0,1.0,3.0,1.0,14.0,10,6.0,0.0,0.0,0.0,0.0,0.0,2.0,3.0,0.0,0,0,0,0.0,0.0,0.0,0.0,3.0,83.0,66.0,0.21428571428571427,0.7142857142857143,,,,,0.3333333333333333,0.16666666666666666,1.0,0.8,0.4,0.2,0.6,0.2,2.8,2.0,1.2,0.0,0.0,0.0,0.0,0.0,0.4,0.6,0.0,0.0,0.0,0.0,0.0,0.0,0.0,0.0,0.6,16.6,13.2,0.6
2026,001733,Charlie Hayes,Charlie,Hayes,SSDM,Defensive Midfield,8,WAT,Waterdogs,2026-05-09,2026-08-01,0.0,0.0,0.0,0.0,0.0,0.0,0.0,0,0.0,0.0,0.0,0.0,0.0,0.0,9.0,3.0,3.0,0,0,0,0.0,0.0,1.0,0.5,0.0,38.0,35.0,,,,,,,,,0.0,0.0,0.0,0.0,0.0,0.0,0.0,0.0,0.0,0.0,0.0,0.0,0.0,0.0,1.125,0.375,0.375,0.0,0.0,0.0,0.0,0.0,0.125,0.0625,0.0,4.75,4.375,0.0
2026,001773,Nick Washuta,Nick,Washuta,G,Goalie,3,ARC,Archers,2026-05-09,2026-08-01,0.0,0.0,0.0,0.0,0.0,0.0,0.0,0,0.0,26.0,8.0,18.0,17.0,28.0,5.0,0.0,1.0,0,0,0,16.0,1.0,0.0,0.0,0.0,39.0,39.0,,,,0.6190476190476191,30.76923076923077,0.19047619047619047,,,0.0,0.0,0.0,0.0,0.0,0.0,0.0,0.0,0.0,8.666666666666666,2.6666666666666665,6.0,5.666666666666667,9.333333333333334,1.6666666666666667,0.0,0.3333333333333333,0.0,0.0,0.0,5.333333333333333,0.3333333333333333,0.0,0.0,0.0,13.0,13.0,0.0
2026,001795,Christian Scarpello,Christian,Scarpello,SSDM,Defensive Midfield,10,CHA,Chaos,2026-05-15,2026-08-01,1.0,1.0,1.0,0.0,1.0,0.0,4.0,2,0.0,0.0,0.0,0.0,0.0,0.0,7.0,3.0,2.0,1,11,12,0.0,0.0,1.0,1.0,2.0,53.0,46.0,0.25,0.5,0.08333333333333333,,,,0.0,,0.1,0.1,0.1,0.0,0.1,0.0,0.4,0.2,0.0,0.0,0.0,0.0,0.0,0.0,0.7,0.3,0.2,0.1,1.1,1.2,0.0,0.0,0.1,0.1,0.2,5.3,4.6,0.2
2026,001810,Michael Sowers,Michael,Sowers,A,Attack,10,WAT,Waterdogs,2026-05-09,2026-08-01,40.0,21.0,21.0,0.0,21.0,19.0,67.0,52,0.0,0.0,0.0,0.0,0.0,0.0,12.0,19.0,1.0,0,0,0,0.0,0.0,0.0,0.0,56.0,390.0,304.0,0.31343283582089554,0.7761194029850746,,,,,0.3392857142857143,,4.0,2.1,2.1,0.0,2.1,1.9,6.7,5.2,0.0,0.0,0.0,0.0,0.0,0.0,1.2,1.9,0.1,0.0,0.0,0.0,0.0,0.0,0.0,0.0,5.6,39.0,30.4,5.6
2026,001811,JT Giles-Harris,JT,Giles-Harris,D,Defense,10,OUT,Outlaws,2026-05-09,2026-08-01,1.0,0.0,0.0,0.0,0.0,1.0,1.0,0,1.0,0.0,0.0,0.0,0.0,0.0,15.0,2.0,3.0,0,0,0,0.0,0.0,2.0,4.0,1.0,68.0,65.0,0.0,0.0,,,,,1.0,0.0,0.1,0.0,0.0,0.0,0.0,0.1,0.1,0.0,0.1,0.0,0.0,0.0,0.0,0.0,1.5,0.2,0.3,0.0,0.0,0.0,0.0,0.0,0.2,0.4,0.1,6.8,6.5,0.1
2026,001812,TD Ierlan,TD,Ierlan,FO,Faceoff,10,RED,Redwoods,2026-05-09,2026-08-02,3.0,2.0,2.0,0.0,2.0,1.0,11.0,6,2.0,0.0,0.0,0.0,0.0,0.0,93.0,3.0,2.0,161,109,271,0.0,0.0,2.0,1.0,3.0,103.0,89.0,0.18181818181818182,0.5454545454545454,0.5940959409594095,,,,0.3333333333333333,0.0,0.3,0.2,0.2,0.0,0.2,0.1,1.1,0.6,0.2,0.0,0.0,0.0,0.0,0.0,9.3,0.3,0.2,16.1,10.9,27.1,0.0,0.0,0.2,0.1,0.3,10.3,8.9,0.3
2026,001813,Jared Conners,Jared,Conners,LSM,Long Stick Midfield,10,RED,Redwoods,2026-05-09,2026-08-02,3.0,2.0,2.0,0.0,2.0,1.0,15.0,6,9.0,0.0,0.0,0.0,0.0,0.0,30.0,7.0,9.0,0,0,0,0.0,0.0,0.0,0.0,4.0,84.0,62.0,0.13333333333333333,0.4,,,,,0.25,0.0,0.3,0.2,0.2,0.0,0.2,0.1,1.5,0.6,0.9,0.0,0.0,0.0,0.0,0.0,3.0,0.7,0.9,0.0,0.0,0.0,0.0,0.0,0.0,0.0,0.4,8.4,6.2,0.4
2026,001814,Mac O'Keefe,Mac,O'Keefe,A,Attack,11,ARC,Archers,2026-05-09,2026-08-01,24.0,21.0,17.0,2.0,19.0,3.0,64.0,37,11.0,0.0,0.0,0.0,0.0,0.0,9.0,11.0,1.0,0,0,0,0.0,0.0,3.0,2.0,28.0,279.0,204.0,0.296875,0.578125,,,,,0.10714285714285714,0.18181818181818182,2.1818181818181817,1.9090909090909092,1.5454545454545454,0.18181818181818182,1.7272727272727273,0.2727272727272727,5.818181818181818,3.3636363636363638,1.0,0.0,0.0,0.0,0.0,0.0,0.8181818181818182,1.0,0.09090909090909091,0.0,0.0,0.0,0.0,0.0,0.2727272727272727,0.18181818181818182,2.5454545454545454,25.363636363636363,18.545454545454547,2.5454545454545454
2026,001815,Connor Kirst,Connor,Kirst,M,Midfield,9,CAN,Cannons,2026-05-17,2026-08-01,5.0,2.0,2.0,0.0,2.0,3.0,13.0,6,5.0,0.0,0.0,0.0,0.0,0.0,16.0,3.0,5.0,6,9,15,0.0,0.0,2.0,1.5,7.0,63.0,47.0,0.15384615384615385,0.46153846153846156,0.4,,,,0.42857142857142855,0.0,0.5555555555555556,0.2222222222222222,0.2222222222222222,0.0,0.2222222222222222,0.3333333333333333,1.4444444444444444,0.6666666666666666,0.5555555555555556,0.0,0.0,0.0,0.0,0.0,1.7777777777777777,0.3333333333333333,0.5555555555555556,0.6666666666666666,1.0,1.6666666666666667,0.0,0.0,0.2222222222222222,0.16666666666666666,0.7777777777777778,7.0,5.222222222222222,0.7777777777777778
2026,001817,Jack Kielty,Jack,Kielty,D,Defense,10,CAN,Cannons,2026-05-15,2026-08-01,0.0,0.0,0.0,0.0,0.0,0.0,0.0,0,0.0,0.0,0.0,0.0,0.0,0.0,20.0,4.0,9.0,0,0,0,0.0,0.0,1.0,1.0,1.0,50.0,46.0,,,,,,,0.0,,0.0,0.0,0.0,0.0,0.0,0.0,0.0,0.0,0.0,0.0,0.0,0.0,0.0,0.0,2.0,0.4,0.9,0.0,0.0,0.0,0.0,0.0,0.1,0.1,0.1,5.0,4.6,0.1
2026,001819,Danny Logan,Danny,Logan,SSDM,Defensive Midfield,7,ATL,Atlas,2026-05-30,2026-08-02,1.0,1.0,1.0,0.0,1.0,0.0,4.0,3,2.0,0.0,0.0,0.0,0.0,0.0,13.0,3.0,4.0,0,10,10,0.0,0.0,0.0,0.0,2.0,59.0,52.0,0.25,0.75,0.0,,,,0.0,0.0,0.14285714285714285,0.14285714285714285,0.14285714285714285,0.0,0.14285714285714285,0.0,0.5714285714285714,0.42857142857142855,0.2857142857142857,0.0,0.0,0.0,0.0,0.0,1.8571428571428572,0.42857142857142855,0.5714285714285714,0.0,1.4285714285714286,1.4285714285714286,0.0,0.0,0.0,0.0,0.2857142857142857,8.428571428571429,7.428571428571429,0.2857142857142857
2026,001820,Ryan Terefenko,Ryan,Terefenko,SSDM,Defensive Midfield,8,OUT,Outlaws,2026-05-30,2026-08-01,5.0,4.0,2.0,1.0,3.0,1.0,11.0,8,3.0,0.0,0.0,0.0,0.0,0.0,11.0,4.0,1.0,0,0,0,0.0,0.0,2.0,1.0,8.0,100.0,85.0,0.2727272727272727,0.7272727272727273,,,,,0.125,0.3333333333333333,0.625,0.5,0.25,0.125,0.375,0.125,1.375,1.0,0.375,0.0,0.0,0.0,0.0,0.0,1.375,0.5,0.125,0.0,0.0,0.0,0.0,0.0,0.25,0.125,1.0,12.5,10.625,1.0
2026,001821,Tre Leclaire,Tre,Leclaire,M,Midfield,9,ARC,Archers,2026-05-30,2026-08-01,28.0,19.0,13.0,3.0,16.0,9.0,44.0,27,15.0,0.0,0.0,0.0,0.0,0.0,5.0,6.0,0.0,0,0,0,0.0,0.0,2.0,1.5,14.0,208.0,158.0,0.36363636363636365,0.6136363636363636,,,,,0.6428571428571429,0.2,3.111111111111111,2.111111111111111,1.4444444444444444,0.3333333333333333,1.7777777777777777,1.0,4.888888888888889,3.0,1.6666666666666667,0.0,0.0,0.0,0.0,0.0,0.5555555555555556,0.6666666666666666,0.0,0.0,0.0,0.0,0.0,0.0,0.2222222222222222,0.16666666666666666,1.5555555555555556,23.11111111111111,17.555555555555557,1.5555555555555556
2026,001826,Jeff Trainor,Jeff,Trainor,SSDM,Defensive Midfield,8,CAN,Cannons,2026-05-15,2026-08-01,7.0,5.0,3.0,1.0,4.0,2.0,9.0,7,3.0,0.0,0.0,0.0,0.0,0.0,11.0,3.0,3.0,0,0,0,0.0,0.0,2.0,1.0,3.0,58.0,46.0,0.4444444444444444,0.7777777777777778,,,,,0.6666666666666666,0.3333333333333333,0.875,0.625,0.375,0.125,0.5,0.25,1.125,0.875,0.375,0.0,0.0,0.0,0.0,0.0,1.375,0.375,0.375,0.0,0.0,0.0,0.0,0.0,0.25,0.125,0.375,7.25,5.75,0.375
2026,001827,Jared Bernhardt,Jared,Bernhardt,A,Attack,8,OUT,Outlaws,2026-05-09,2026-07-26,19.0,14.0,14.0,0.0,14.0,5.0,49.0,31,2.0,0.0,0.0,0.0,0.0,0.0,6.0,16.0,3.0,0,0,0,0.0,0.0,0.0,0.0,16.0,220.0,155.0,0.2857142857142857,0.6326530612244898,,,,,0.3125,0.0,2.375,1.75,1.75,0.0,1.75,0.625,6.125,3.875,0.25,0.0,0.0,0.0,0.0,0.0,0.75,2.0,0.375,0.0,0.0,0.0,0.0,0.0,0.0,0.0,2.0,27.5,19.375,2.0
2026,001828,Justin Anderson,Justin,Anderson,M,Midfield,10,OUT,Outlaws,2026-05-09,2026-08-01,9.0,8.0,8.0,0.0,8.0,1.0,25.0,19,2.0,0.0,0.0,0.0,0.0,0.0,8.0,7.0,1.0,0,0,0,0.0,0.0,1.0,0.5,7.0,125.0,93.0,0.32,0.76,,,,,0.14285714285714285,0.0,0.9,0.8,0.8,0.0,0.8,0.1,2.5,1.9,0.2,0.0,0.0,0.0,0.0,0.0,0.8,0.7,0.1,0.0,0.0,0.0,0.0,0.0,0.1,0.05,0.7,12.5,9.3,0.7
2026,001843,Cole Williams,Cole,Williams,M,Midfield,1,CHA,Chaos,2026-05-15,2026-05-15,0.0,0.0,0.0,0.0,0.0,0.0,1.0,0,0.0,0.0,0.0,0.0,0.0,0.0,1.0,2.0,0.0,0,0,0,0.0,0.0,0.0,0.0,0.0,10.0,7.0,0.0,0.0,,,,,,,0.0,0.0,0.0,0.0,0.0,0.0,1.0,0.0,0.0,0.0,0.0,0.0,0.0,0.0,1.0,2.0,0.0,0.0,0.0,0.0,0.0,0.0,0.0,0.0,0.0,10.0,7.0,0.0
2026,001846,Adam Charalambides,Adam,Charalambides,A,Attack,1,CHA,Chaos,2026-05-09,2026-05-09,1.0,0.0,0.0,0.0,0.0,1.0,5.0,5,0.0,0.0,0.0,0.0,0.0,0.0,2.0,1.0,1.0,0,0,0,0.0,0.0,0.0,0.0,2.0,27.0,21.0,0.0,1.0,,,,,0.5,,1.0,0.0,0.0,0.0,0.0,1.0,5.0,5.0,0.0,0.0,0.0,0.0,0.0,0.0,2.0,1.0,1.0,0.0,0.0,0.0,0.0,0.0,0.0,0.0,2.0,27.0,21.0,2.0
2026,002006,Reid Bowering,Reid,Bowering,A,Attack,9,ATL,Atlas,2026-05-09,2026-08-02,12.0,11.0,11.0,0.0,11.0,1.0,33.0,25,0.0,0.0,0.0,0.0,0.0,0.0,11.0,9.0,3.0,0,1,1,0.0,0.0,0.0,0.0,4.0,111.0,69.0,0.3333333333333333,0.7575757575757576,0.0,,,,0.25,,1.3333333333333333,1.2222222222222223,1.2222222222222223,0.0,1.2222222222222223,0.1111111111111111,3.6666666666666665,2.7777777777777777,0.0,0.0,0.0,0.0,0.0,0.0,1.2222222222222223,1.0,0.3333333333333333,0.0,0.1111111111111111,0.1111111111111111,0.0,0.0,0.0,0.0,0.4444444444444444,12.333333333333334,7.666666666666667,0.4444444444444444
2026,002015,Logan Wisnauskas,Logan,Wisnauskas,A,Attack,10,OUT,Outlaws,2026-05-09,2026-08-01,27.0,20.0,20.0,0.0,20.0,7.0,36.0,28,1.0,0.0,0.0,0.0,0.0,0.0,6.0,9.0,0.0,0,0,0,0.0,0.0,0.0,0.0,26.0,254.0,209.0,0.5555555555555556,0.7777777777777778,,,,,0.2692307692307692,0.0,2.7,2.0,2.0,0.0,2.0,0.7,3.6,2.8,0.1,0.0,0.0,0.0,0.0,0.0,0.6,0.9,0.0,0.0,0.0,0.0,0.0,0.0,0.0,0.0,2.6,25.4,20.9,2.6
2026,002017,Arden Cohen,Arden,Cohen,LSM,Long Stick Midfield,1,RED,Redwoods,2026-05-16,2026-05-16,0.0,0.0,0.0,0.0,0.0,0.0,0.0,0,0.0,0.0,0.0,0.0,0.0,0.0,1.0,0.0,0.0,0,0,0,0.0,0.0,0.0,0.0,1.0,2.0,2.0,,,,,,,0.0,,0.0,0.0,0.0,0.0,0.0,0.0,0.0,0.0,0.0,0.0,0.0,0.0,0.0,0.0,1.0,0.0,0.0,0.0,0.0,0.0,0.0,0.0,0.0,0.0,1.0,2.0,2.0,1.0
2026,002022,Zach Geddes,Zach,Geddes,SSDM,Defensive Midfield,10,OUT,Outlaws,2026-05-09,2026-08-01,5.0,3.0,3.0,0.0,3.0,2.0,11.0,5,3.0,0.0,0.0,0.0,0.0,0.0,9.0,1.0,4.0,1,4,5,0.0,0.0,1.0,0.5,3.0,85.0,73.0,0.2727272727272727,0.45454545454545453,0.2,,,,0.6666666666666666,0.0,0.5,0.3,0.3,0.0,0.3,0.2,1.1,0.5,0.3,0.0,0.0,0.0,0.0,0.0,0.9,0.1,0.4,0.1,0.4,0.5,0.0,0.0,0.1,0.05,0.3,8.5,7.3,0.3
2026,002023,Brendan Nichtern,Brendan,Nichtern,A,Attack,6,CHA,Chaos,2026-05-09,2026-06-28,13.0,8.0,8.0,0.0,8.0,5.0,24.0,16,0.0,0.0,0.0,0.0,0.0,0.0,9.0,10.0,1.0,0,0,0,0.0,0.0,2.0,1.0,18.0,155.0,121.0,0.3333333333333333,0.6666666666666666,,,,,0.2777777777777778,,2.1666666666666665,1.3333333333333333,1.3333333333333333,0.0,1.3333333333333333,0.8333333333333334,4.0,2.6666666666666665,0.0,0.0,0.0,0.0,0.0,0.0,1.5,1.6666666666666667,0.16666666666666666,0.0,0.0,0.0,0.0,0.0,0.3333333333333333,0.16666666666666666,3.0,25.833333333333332,20.166666666666668,3.0
2026,002024,Asher Nolting,Asher,Nolting,A,Attack,1,CAN,Cannons,2026-05-15,2026-05-15,2.0,0.0,0.0,0.0,0.0,2.0,0.0,0,0.0,0.0,0.0,0.0,0.0,0.0,3.0,5.0,0.0,0,0,0,0.0,0.0,0.0,0.0,7.0,38.0,33.0,,,,,,,0.2857142857142857,,2.0,0.0,0.0,0.0,0.0,2.0,0.0,0.0,0.0,0.0,0.0,0.0,0.0,0.0,3.0,5.0,0.0,0.0,0.0,0.0,0.0,0.0,0.0,0.0,7.0,38.0,33.0,7.0
2026,002026,Brett Dobson,Brett,Dobson,G,Goalie,9,ARC,Archers,2026-05-30,2026-08-01,0.0,0.0,0.0,0.0,0.0,0.0,4.0,1,4.0,118.0,49.0,69.0,84.0,84.9090909090909,16.0,3.0,4.0,0,0,0,79.0,5.0,3.0,3.0,1.0,154.0,147.0,0.0,0.25,,0.5989847715736041,41.52542372881356,0.24873096446700507,0.0,0.0,0.0,0.0,0.0,0.0,0.0,0.0,0.4444444444444444,0.1111111111111111,0.4444444444444444,13.11111111111111,5.444444444444445,7.666666666666667,9.333333333333334,9.434343434343434,1.7777777777777777,0.3333333333333333,0.4444444444444444,0.0,0.0,0.0,8.777777777777779,0.5555555555555556,0.3333333333333333,0.3333333333333333,0.1111111111111111,17.11111111111111,16.333333333333332,0.1111111111111111
2026,002028,Jack Hannah,Jack,Hannah,M,Midfield,10,WAT,Waterdogs,2026-05-09,2026-08-01,15.0,11.0,11.0,0.0,11.0,4.0,57.0,26,4.0,0.0,0.0,0.0,0.0,0.0,12.0,9.0,0.0,0,0,0,0.0,0.0,3.0,2.5,15.0,227.0,161.0,0.19298245614035087,0.45614035087719296,,,,,0.26666666666666666,0.0,1.5,1.1,1.1,0.0,1.1,0.4,5.7,2.6,0.4,0.0,0.0,0.0,0.0,0.0,1.2,0.9,0.0,0.0,0.0,0.0,0.0,0.0,0.3,0.25,1.5,22.7,16.1,1.5
2026,002030,Jonathan Donville,Jonathan,Donville,M,Midfield,3,OUT,Outlaws,2026-05-09,2026-06-06,2.0,1.0,1.0,0.0,1.0,1.0,3.0,2,0.0,0.0,0.0,0.0,0.0,0.0,1.0,2.0,1.0,0,0,0,0.0,0.0,0.0,0.0,3.0,49.0,44.0,0.3333333333333333,0.6666666666666666,,,,,0.3333333333333333,,0.6666666666666666,0.3333333333333333,0.3333333333333333,0.0,0.3333333333333333,0.3333333333333333,1.0,0.6666666666666666,0.0,0.0,0.0,0.0,0.0,0.0,0.3333333333333333,0.6666666666666666,0.3333333333333333,0.0,0.0,0.0,0.0,0.0,0.0,0.0,1.0,16.333333333333332,14.666666666666666,1.0
2026,002032,Justin Inacio,Justin,Inacio,FO,Faceoff,9,CHA,Chaos,2026-05-09,2026-07-25,0.0,0.0,0.0,0.0,0.0,0.0,6.0,1,1.0,0.0,0.0,0.0,0.0,0.0,47.0,8.0,2.0,92,101,194,0.0,0.0,1.0,0.5,0.0,51.0,37.0,0.0,0.16666666666666666,0.4742268041237113,,,,,0.0,0.0,0.0,0.0,0.0,0.0,0.0,0.6666666666666666,0.1111111111111111,0.1111111111111111,0.0,0.0,0.0,0.0,0.0,5.222222222222222,0.8888888888888888,0.2222222222222222,10.222222222222221,11.222222222222221,21.555555555555557,0.0,0.0,0.1111111111111111,0.05555555555555555,0.0,5.666666666666667,4.111111111111111,0.0
2026,002033,Nakeie Montgomery,Nakeie,Montgomery,SSDM,Defensive Midfield,1,WAT,Waterdogs,2026-05-17,2026-05-17,0.0,0.0,0.0,0.0,0.0,0.0,1.0,1,0.0,0.0,0.0,0.0,0.0,0.0,2.0,0.0,0.0,0,0,0,0.0,0.0,0.0,0.0,1.0,11.0,10.0,0.0,1.0,,,,,0.0,,0.0,0.0,0.0,0.0,0.0,0.0,1.0,1.0,0.0,0.0,0.0,0.0,0.0,0.0,2.0,0.0,0.0,0.0,0.0,0.0,0.0,0.0,0.0,0.0,1.0,11.0,10.0,1.0
2026,002038,Colin Kirst,Colin,Kirst,G,Goalie,9,CAN,Cannons,2026-05-15,2026-07-25,0.0,0.0,0.0,0.0,0.0,0.0,1.0,1,1.0,99.0,30.0,69.0,113.0,122.42146126468555,14.0,5.0,3.0,0,0,0,107.0,6.0,1.0,1.0,0.0,103.0,97.0,0.0,1.0,,0.48058252427184467,30.303030303030305,0.14563106796116504,,0.0,0.0,0.0,0.0,0.0,0.0,0.0,0.1111111111111111,0.1111111111111111,0.1111111111111111,11.0,3.3333333333333335,7.666666666666667,12.555555555555555,13.60238458496506,1.5555555555555556,0.5555555555555556,0.3333333333333333,0.0,0.0,0.0,11.88888888888889,0.6666666666666666,0.1111111111111111,0.1111111111111111,0.0,11.444444444444445,10.777777777777779,0.0
2026,002039,Owen McElroy,Owen,McElroy,G,Goalie,2,OUT,Outlaws,2026-07-26,2026-08-01,0.0,0.0,0.0,0.0,0.0,0.0,0.0,0,0.0,10.0,2.0,8.0,7.0,14.0,3.0,1.0,0.0,0,0,0,7.0,0.0,0.0,0.0,0.0,15.0,14.0,,,,0.5882352941176471,20.0,0.11764705882352941,,,0.0,0.0,0.0,0.0,0.0,0.0,0.0,0.0,0.0,5.0,1.0,4.0,3.5,7.0,1.5,0.5,0.0,0.0,0.0,0.0,3.5,0.0,0.0,0.0,0.0,7.5,7.0,0.0
2026,002042,Jon Robbins,Jon,Robbins,LSM,Long Stick Midfield,8,ATL,Atlas,2026-05-09,2026-07-19,0.0,0.0,0.0,0.0,0.0,0.0,1.0,0,1.0,0.0,0.0,0.0,0.0,0.0,8.0,3.0,8.0,0,0,0,0.0,0.0,1.0,1.0,0.0,15.0,11.0,0.0,0.0,,,,,,0.0,0.0,0.0,0.0,0.0,0.0,0.0,0.125,0.0,0.125,0.0,0.0,0.0,0.0,0.0,1.0,0.375,1.0,0.0,0.0,0.0,0.0,0.0,0.125,0.125,0.0,1.875,1.375,0.0
2026,002054,Chris Merle,Chris,Merle,SSDM,Defensive Midfield,10,RED,Redwoods,2026-05-09,2026-08-02,1.0,1.0,1.0,0.0,1.0,0.0,5.0,3,0.0,0.0,0.0,0.0,0.0,0.0,14.0,1.0,5.0,1,0,1,0.0,0.0,3.0,1.5,0.0,35.0,29.0,0.2,0.6,1.0,,,,,,0.1,0.1,0.1,0.0,0.1,0.0,0.5,0.3,0.0,0.0,0.0,0.0,0.0,0.0,1.4,0.1,0.5,0.1,0.0,0.1,0.0,0.0,0.3,0.15,0.0,3.5,2.9,0.0
2026,002067,Zac Tucci,Zac,Tucci,FO,Faceoff,4,ATL|CAN,Atlas|Cannons,2026-05-15,2026-07-11,2.0,2.0,0.0,1.0,1.0,0.0,2.0,2,1.0,0.0,0.0,0.0,0.0,0.0,17.0,4.0,0.0,44,46,91,0.0,0.0,1.0,1.0,0.0,17.0,11.0,0.5,1.0,0.4835164835164835,,,,,1.0,0.5,0.5,0.0,0.25,0.25,0.0,0.5,0.5,0.25,0.0,0.0,0.0,0.0,0.0,4.25,1.0,0.0,11.0,11.5,22.75,0.0,0.0,0.25,0.25,0.0,4.25,2.75,0.0
2026,002074,Alexander Smith,Alexander,Smith,SSDM,Defensive Midfield,5,OUT,Outlaws,2026-05-09,2026-07-11,0.0,0.0,0.0,0.0,0.0,0.0,0.0,0,0.0,0.0,0.0,0.0,0.0,0.0,6.0,0.0,3.0,0,3,3,0.0,0.0,2.0,1.5,0.0,19.0,19.0,,,0.0,,,,,,0.0,0.0,0.0,0.0,0.0,0.0,0.0,0.0,0.0,0.0,0.0,0.0,0.0,0.0,1.2,0.0,0.6,0.0,0.6,0.6,0.0,0.0,0.4,0.3,0.0,3.8,3.8,0.0
2026,003004,Mike Sisselberger,Mike,Sisselberger,FO,Faceoff,11,ARC,Archers,2026-05-09,2026-08-01,2.0,1.0,1.0,0.0,1.0,1.0,7.0,3,0.0,0.0,0.0,0.0,0.0,0.0,96.0,12.0,0.0,141,102,245,0.0,0.0,1.0,2.0,3.0,84.0,65.0,0.14285714285714285,0.42857142857142855,0.5755102040816327,,,,0.3333333333333333,,0.18181818181818182,0.09090909090909091,0.09090909090909091,0.0,0.09090909090909091,0.09090909090909091,0.6363636363636364,0.2727272727272727,0.0,0.0,0.0,0.0,0.0,0.0,8.727272727272727,1.0909090909090908,0.0,12.818181818181818,9.272727272727273,22.272727272727273,0.0,0.0,0.09090909090909091,0.18181818181818182,0.2727272727272727,7.636363636363637,5.909090909090909,0.2727272727272727
2026,003005,Connor Maher,Connor,Maher,SSDM,Defensive Midfield,11,ARC,Archers,2026-05-09,2026-08-01,3.0,1.0,1.0,0.0,1.0,2.0,6.0,3,0.0,0.0,0.0,0.0,0.0,0.0,6.0,2.0,4.0,0,2,2,0.0,0.0,2.0,1.5,3.0,58.0,50.0,0.16666666666666666,0.5,0.0,,,,0.6666666666666666,,0.2727272727272727,0.09090909090909091,0.09090909090909091,0.0,0.09090909090909091,0.18181818181818182,0.5454545454545454,0.2727272727272727,0.0,0.0,0.0,0.0,0.0,0.0,0.5454545454545454,0.18181818181818182,0.36363636363636365,0.0,0.18181818181818182,0.18181818181818182,0.0,0.0,0.18181818181818182,0.13636363636363635,0.2727272727272727,5.2727272727272725,4.545454545454546,0.2727272727272727
2026,003006,Piper Bond,Piper,Bond,SSDM,Defensive Midfield,11,ARC,Archers,2026-05-09,2026-08-01,6.0,4.0,2.0,1.0,3.0,2.0,6.0,4,1.0,0.0,0.0,0.0,0.0,0.0,18.0,2.0,5.0,0,2,2,0.0,0.0,6.0,4.5,6.0,85.0,77.0,0.5,0.6666666666666666,0.0,,,,0.3333333333333333,1.0,0.5454545454545454,0.36363636363636365,0.18181818181818182,0.09090909090909091,0.2727272727272727,0.18181818181818182,0.5454545454545454,0.36363636363636365,0.09090909090909091,0.0,0.0,0.0,0.0,0.0,1.6363636363636365,0.18181818181818182,0.45454545454545453,0.0,0.18181818181818182,0.18181818181818182,0.0,0.0,0.5454545454545454,0.4090909090909091,0.5454545454545454,7.7272727272727275,7.0,0.5454545454545454
2026,003007,Cam Wyers,Cam,Wyers,D,Defense,10,ARC,Archers,2026-05-09,2026-08-01,1.0,0.0,0.0,0.0,0.0,1.0,0.0,0,0.0,0.0,0.0,0.0,0.0,0.0,10.0,4.0,1.0,0,0,0,0.0,0.0,6.0,7.0,2.0,34.0,30.0,,,,,,,0.5,,0.1,0.0,0.0,0.0,0.0,0.1,0.0,0.0,0.0,0.0,0.0,0.0,0.0,0.0,1.0,0.4,0.1,0.0,0.0,0.0,0.0,0.0,0.6,0.7,0.2,3.4,3.0,0.2
2026,003008,Gavin Adler,Gavin,Adler,D,Defense,9,WAT,Waterdogs,2026-05-09,2026-08-01,0.0,0.0,0.0,0.0,0.0,0.0,1.0,0,1.0,0.0,0.0,0.0,0.0,0.0,7.0,1.0,5.0,0,0,0,0.0,0.0,0.0,0.0,0.0,33.0,31.0,0.0,0.0,,,,,,0.0,0.0,0.0,0.0,0.0,0.0,0.0,0.1111111111111111,0.0,0.1111111111111111,0.0,0.0,0.0,0.0,0.0,0.7777777777777778,0.1111111111111111,0.5555555555555556,0.0,0.0,0.0,0.0,0.0,0.0,0.0,0.0,3.6666666666666665,3.4444444444444446,0.0
2026,003009,Brett Makar,Brett,Makar,D,Defense,10,ATL,Atlas,2026-05-09,2026-08-02,6.0,2.0,0.0,1.0,1.0,4.0,5.0,2,4.0,0.0,0.0,0.0,0.0,0.0,40.0,11.0,18.0,0,0,0,0.0,0.0,0.0,0.0,8.0,129.0,113.0,0.2,0.4,,,,,0.5,0.25,0.6,0.2,0.0,0.1,0.1,0.4,0.5,0.2,0.4,0.0,0.0,0.0,0.0,0.0,4.0,1.1,1.8,0.0,0.0,0.0,0.0,0.0,0.0,0.0,0.8,12.9,11.3,0.8
2026,003010,Xander Dickson,Xander,Dickson,A,Attack,10,ATL,Atlas,2026-05-09,2026-08-02,21.0,17.0,17.0,0.0,17.0,4.0,53.0,38,1.0,0.0,0.0,0.0,0.0,0.0,15.0,9.0,1.0,0,0,0,0.0,0.0,2.0,1.0,11.0,192.0,130.0,0.32075471698113206,0.7169811320754716,,,,,0.36363636363636365,0.0,2.1,1.7,1.7,0.0,1.7,0.4,5.3,3.8,0.1,0.0,0.0,0.0,0.0,0.0,1.5,0.9,0.1,0.0,0.0,0.0,0.0,0.0,0.2,0.1,1.1,19.2,13.0,1.1
2026,003013,Matt Campbell,Matt,Campbell,M,Midfield,4,CAN,Cannons,2026-05-15,2026-06-07,7.0,6.0,4.0,1.0,5.0,1.0,20.0,11,5.0,0.0,0.0,0.0,0.0,0.0,2.0,0.0,0.0,0,0,0,0.0,0.0,0.0,0.0,5.0,121.0,101.0,0.25,0.55,,,,,0.2,0.2,1.75,1.5,1.0,0.25,1.25,0.25,5.0,2.75,1.25,0.0,0.0,0.0,0.0,0.0,0.5,0.0,0.0,0.0,0.0,0.0,0.0,0.0,0.0,0.0,1.25,30.25,25.25,1.25
2026,003017,Tye Kurtz,Tye,Kurtz,M,Midfield,2,CAN,Cannons,2026-05-15,2026-06-19,1.0,1.0,1.0,0.0,1.0,0.0,5.0,2,0.0,0.0,0.0,0.0,0.0,0.0,1.0,3.0,1.0,0,0,0,0.0,0.0,0.0,0.0,2.0,23.0,15.0,0.2,0.4,,,,,0.0,,0.5,0.5,0.5,0.0,0.5,0.0,2.5,1.0,0.0,0.0,0.0,0.0,0.0,0.0,0.5,1.5,0.5,0.0,0.0,0.0,0.0,0.0,0.0,0.0,1.0,11.5,7.5,1.0
2026,003023,Owen Grant,Owen,Grant,D,Defense,10,CAN,Cannons,2026-05-15,2026-08-01,2.0,1.0,1.0,0.0,1.0,1.0,8.0,4,6.0,0.0,0.0,0.0,0.0,0.0,14.0,4.0,9.0,0,0,0,0.0,0.0,3.0,2.5,4.0,89.0,77.0,0.125,0.5,,,,,0.25,0.0,0.2,0.1,0.1,0.0,0.1,0.1,0.8,0.4,0.6,0.0,0.0,0.0,0.0,0.0,1.4,0.4,0.9,0.0,0.0,0.0,0.0,0.0,0.3,0.25,0.4,8.9,7.7,0.4
2026,003024,Brian Tevlin,Brian,Tevlin,SSDM,Defensive Midfield,10,RED,Redwoods,2026-05-09,2026-08-02,10.0,5.0,5.0,0.0,5.0,5.0,13.0,9,3.0,0.0,0.0,0.0,0.0,0.0,20.0,5.0,7.0,1,1,2,0.0,0.0,2.0,1.5,9.0,90.0,72.0,0.38461538461538464,0.6923076923076923,0.5,,,,0.5555555555555556,0.0,1.0,0.5,0.5,0.0,0.5,0.5,1.3,0.9,0.3,0.0,0.0,0.0,0.0,0.0,2.0,0.5,0.7,0.1,0.1,0.2,0.0,0.0,0.2,0.15,0.9,9.0,7.2,0.9
2026,003027,Thomas McConvey,Thomas,McConvey,M,Midfield,4,WAT,Waterdogs,2026-05-09,2026-06-07,5.0,3.0,3.0,0.0,3.0,2.0,12.0,7,0.0,0.0,0.0,0.0,0.0,0.0,1.0,1.0,2.0,0,0,0,0.0,0.0,0.0,0.0,8.0,86.0,73.0,0.25,0.5833333333333334,,,,,0.25,,1.25,0.75,0.75,0.0,0.75,0.5,3.0,1.75,0.0,0.0,0.0,0.0,0.0,0.0,0.25,0.25,0.5,0.0,0.0,0.0,0.0,0.0,0.0,0.0,2.0,21.5,18.25,2.0
2026,003029,Chris Fake,Chris,Fake,D,Defense,6,RED,Redwoods,2026-05-09,2026-08-02,0.0,0.0,0.0,0.0,0.0,0.0,1.0,0,0.0,0.0,0.0,0.0,0.0,0.0,6.0,4.0,6.0,0,0,0,0.0,0.0,0.0,0.0,2.0,50.0,45.0,0.0,0.0,,,,,0.0,,0.0,0.0,0.0,0.0,0.0,0.0,0.16666666666666666,0.0,0.0,0.0,0.0,0.0,0.0,0.0,1.0,0.6666666666666666,1.0,0.0,0.0,0.0,0.0,0.0,0.0,0.0,0.3333333333333333,8.333333333333334,7.5,0.3333333333333333
2026,003032,Petey LaSalla,Petey,LaSalla,FO,Faceoff,9,WHP,Whipsnakes,2026-05-09,2026-07-25,7.0,6.0,6.0,0.0,6.0,1.0,9.0,7,0.0,0.0,0.0,0.0,0.0,0.0,55.0,10.0,2.0,108,103,211,0.0,0.0,0.0,0.0,3.0,58.0,39.0,0.6666666666666666,0.7777777777777778,0.5118483412322274,,,,0.3333333333333333,,0.7777777777777778,0.6666666666666666,0.6666666666666666,0.0,0.6666666666666666,0.1111111111111111,1.0,0.7777777777777778,0.0,0.0,0.0,0.0,0.0,0.0,6.111111111111111,1.1111111111111112,0.2222222222222222,12.0,11.444444444444445,23.444444444444443,0.0,0.0,0.0,0.0,0.3333333333333333,6.444444444444445,4.333333333333333,0.3333333333333333
2026,003039,Chet Comizio,Chet,Comizio,SSDM,Defensive Midfield,1,ATL,Atlas,2026-05-09,2026-05-09,0.0,0.0,0.0,0.0,0.0,0.0,0.0,0,0.0,0.0,0.0,0.0,0.0,0.0,0.0,0.0,0.0,0,1,1,0.0,0.0,1.0,0.5,0.0,7.0,7.0,,,0.0,,,,,,0.0,0.0,0.0,0.0,0.0,0.0,0.0,0.0,0.0,0.0,0.0,0.0,0.0,0.0,0.0,0.0,0.0,0.0,1.0,1.0,0.0,0.0,1.0,0.5,0.0,7.0,7.0,0.0
2026,003041,Ethan Rall,Ethan,Rall,LSM,Long Stick Midfield,10,CAN,Cannons,2026-05-15,2026-08-01,1.0,1.0,1.0,0.0,1.0,0.0,5.0,4,4.0,0.0,0.0,0.0,0.0,0.0,36.0,4.0,11.0,0,0,0,0.0,0.0,1.0,1.0,3.0,52.0,43.0,0.2,0.8,,,,,0.0,0.0,0.1,0.1,0.1,0.0,0.1,0.0,0.5,0.4,0.4,0.0,0.0,0.0,0.0,0.0,3.6,0.4,1.1,0.0,0.0,0.0,0.0,0.0,0.1,0.1,0.3,5.2,4.3,0.3
2026,003048,TJ Malone,TJ,Malone,A,Attack,10,WHP,Whipsnakes,2026-05-09,2026-08-01,29.0,22.0,22.0,0.0,22.0,7.0,67.0,51,1.0,0.0,0.0,0.0,0.0,0.0,16.0,11.0,2.0,0,0,0,0.0,0.0,0.0,0.0,21.0,320.0,242.0,0.3283582089552239,0.7611940298507462,,,,,0.3333333333333333,0.0,2.9,2.2,2.2,0.0,2.2,0.7,6.7,5.1,0.1,0.0,0.0,0.0,0.0,0.0,1.6,1.1,0.2,0.0,0.0,0.0,0.0,0.0,0.0,0.0,2.1,32.0,24.2,2.1
2026,003059,BJ Farrare,BJ,Farrare,LSM,Long Stick Midfield,9,RED,Redwoods,2026-05-09,2026-08-02,0.0,0.0,0.0,0.0,0.0,0.0,0.0,0,0.0,0.0,0.0,0.0,0.0,0.0,13.0,1.0,8.0,0,0,0,0.0,0.0,1.0,2.0,2.0,33.0,32.0,,,,,,,0.0,,0.0,0.0,0.0,0.0,0.0,0.0,0.0,0.0,0.0,0.0,0.0,0.0,0.0,0.0,1.4444444444444444,0.1111111111111111,0.8888888888888888,0.0,0.0,0.0,0.0,0.0,0.1111111111111111,0.2222222222222222,0.2222222222222222,3.6666666666666665,3.5555555555555554,0.2222222222222222
2026,003075,Brennan O'Neill,Brennan,O'Neill,A,Attack,9,OUT,Outlaws,2026-05-09,2026-08-01,29.0,15.0,9.0,3.0,12.0,14.0,74.0,38,9.0,0.0,0.0,0.0,0.0,0.0,8.0,22.0,0.0,0,0,0,0.0,0.0,0.0,0.0,34.0,321.0,225.0,0.16216216216216217,0.5135135135135135,,,,,0.4117647058823529,0.3333333333333333,3.2222222222222223,1.6666666666666667,1.0,0.3333333333333333,1.3333333333333333,1.5555555555555556,8.222222222222221,4.222222222222222,1.0,0.0,0.0,0.0,0.0,0.0,0.8888888888888888,2.4444444444444446,0.0,0.0,0.0,0.0,0.0,0.0,0.0,0.0,3.7777777777777777,35.666666666666664,25.0,3.7777777777777777
2026,003076,Connor Shellenberger,Connor,Shellenberger,A,Attack,9,ATL,Atlas,2026-05-09,2026-07-25,25.0,9.0,9.0,0.0,9.0,16.0,32.0,25,1.0,0.0,0.0,0.0,0.0,0.0,12.0,13.0,1.0,0,0,0,0.0,0.0,0.0,0.0,51.0,301.0,256.0,0.28125,0.78125,,,,,0.3137254901960784,0.0,2.7777777777777777,1.0,1.0,0.0,1.0,1.7777777777777777,3.5555555555555554,2.7777777777777777,0.1111111111111111,0.0,0.0,0.0,0.0,0.0,1.3333333333333333,1.4444444444444444,0.1111111111111111,0.0,0.0,0.0,0.0,0.0,0.0,0.0,5.666666666666667,33.44444444444444,28.444444444444443,5.666666666666667
2026,003077,Ajax Zappitello,Ajax,Zappitello,D,Defense,10,WHP,Whipsnakes,2026-05-09,2026-08-01,2.0,2.0,0.0,1.0,1.0,0.0,5.0,3,3.0,0.0,0.0,0.0,0.0,0.0,24.0,5.0,16.0,0,0,0,0.0,0.0,1.0,0.5,0.0,107.0,97.0,0.2,0.6,,,,,,0.3333333333333333,0.2,0.2,0.0,0.1,0.1,0.0,0.5,0.3,0.3,0.0,0.0,0.0,0.0,0.0,2.4,0.5,1.6,0.0,0.0,0.0,0.0,0.0,0.1,0.05,0.0,10.7,9.7,0.0
2026,003078,Shane Knobloch,Shane,Knobloch,M,Midfield,11,CHA,Chaos,2026-05-09,2026-08-01,16.0,13.0,13.0,0.0,13.0,3.0,66.0,40,8.0,0.0,0.0,0.0,0.0,0.0,8.0,17.0,2.0,0,1,1,0.0,0.0,1.0,0.5,18.0,277.0,194.0,0.19696969696969696,0.6060606060606061,0.0,,,,0.16666666666666666,0.0,1.4545454545454546,1.1818181818181819,1.1818181818181819,0.0,1.1818181818181819,0.2727272727272727,6.0,3.6363636363636362,0.7272727272727273,0.0,0.0,0.0,0.0,0.0,0.7272727272727273,1.5454545454545454,0.18181818181818182,0.0,0.09090909090909091,0.09090909090909091,0.0,0.0,0.09090909090909091,0.045454545454545456,1.6363636363636365,25.181818181818183,17.636363636363637,1.6363636363636365
2026,003079,Liam Entenmann,Liam,Entenmann,G,Goalie,10,ATL,Atlas,2026-05-09,2026-08-02,0.0,0.0,0.0,0.0,0.0,0.0,1.0,0,1.0,127.0,46.0,81.0,140.0,139.9226,15.0,5.0,0.0,0,0,0,136.0,4.0,0.0,0.0,0.0,183.0,177.0,0.0,0.0,,0.4828897338403042,36.22047244094488,0.17490494296577946,,0.0,0.0,0.0,0.0,0.0,0.0,0.0,0.1,0.0,0.1,12.7,4.6,8.1,14.0,13.992259999999998,1.5,0.5,0.0,0.0,0.0,0.0,13.6,0.4,0.0,0.0,0.0,18.3,17.7,0.0
2026,003080,Pat Kavanagh,Pat,Kavanagh,A,Attack,6,OUT,Outlaws,2026-06-06,2026-07-26,20.0,13.0,11.0,1.0,12.0,7.0,34.0,24,5.0,0.0,0.0,0.0,0.0,0.0,8.0,9.0,1.0,0,0,0,0.0,0.0,1.0,1.0,25.0,237.0,194.0,0.35294117647058826,0.7058823529411765,,,,,0.28,0.2,3.3333333333333335,2.1666666666666665,1.8333333333333333,0.16666666666666666,2.0,1.1666666666666667,5.666666666666667,4.0,0.8333333333333334,0.0,0.0,0.0,0.0,0.0,1.3333333333333333,1.5,0.16666666666666666,0.0,0.0,0.0,0.0,0.0,0.16666666666666666,0.16666666666666666,4.166666666666667,39.5,32.333333333333336,4.166666666666667
2026,003081,Matt Brandau,Matt,Brandau,M,Midfield,9,WHP,Whipsnakes,2026-05-09,2026-07-25,13.0,8.0,8.0,0.0,8.0,5.0,43.0,30,3.0,0.0,0.0,0.0,0.0,0.0,8.0,11.0,0.0,0,0,0,0.0,0.0,1.0,0.5,17.0,251.0,197.0,0.18604651162790697,0.6976744186046512,,,,,0.29411764705882354,0.0,1.4444444444444444,0.8888888888888888,0.8888888888888888,0.0,0.8888888888888888,0.5555555555555556,4.777777777777778,3.3333333333333335,0.3333333333333333,0.0,0.0,0.0,0.0,0.0,0.8888888888888888,1.2222222222222223,0.0,0.0,0.0,0.0,0.0,0.0,0.1111111111111111,0.05555555555555555,1.8888888888888888,27.88888888888889,21.88888888888889,1.8888888888888888
2026,003082,Mason Woodward,Mason,Woodward,D,Defense,11,ARC,Archers,2026-05-09,2026-08-01,0.0,0.0,0.0,0.0,0.0,0.0,15.0,6,14.0,0.0,0.0,0.0,0.0,0.0,22.0,3.0,10.0,0,0,0,0.0,0.0,1.0,1.0,5.0,119.0,101.0,0.0,0.4,,,,,0.0,0.0,0.0,0.0,0.0,0.0,0.0,0.0,1.3636363636363635,0.5454545454545454,1.2727272727272727,0.0,0.0,0.0,0.0,0.0,2.0,0.2727272727272727,0.9090909090909091,0.0,0.0,0.0,0.0,0.0,0.09090909090909091,0.09090909090909091,0.45454545454545453,10.818181818181818,9.181818181818182,0.45454545454545453
2026,003083,Jake Piseno,Jake,Piseno,LSM,Long Stick Midfield,10,OUT,Outlaws,2026-05-09,2026-08-01,8.0,5.0,1.0,2.0,3.0,3.0,16.0,8,12.0,0.0,0.0,0.0,0.0,0.0,33.0,4.0,10.0,0,0,0,0.0,0.0,0.0,0.0,6.0,92.0,72.0,0.1875,0.5,,,,,0.5,0.16666666666666666,0.8,0.5,0.1,0.2,0.3,0.3,1.6,0.8,1.2,0.0,0.0,0.0,0.0,0.0,3.3,0.4,1.0,0.0,0.0,0.0,0.0,0.0,0.0,0.0,0.6,9.2,7.2,0.6
2026,003084,Jake Stevens,Jake,Stevens,M,Midfield,5,ATL,Atlas,2026-05-09,2026-08-02,2.0,1.0,1.0,0.0,1.0,1.0,9.0,6,1.0,0.0,0.0,0.0,0.0,0.0,3.0,2.0,1.0,0,0,0,0.0,0.0,1.0,1.0,2.0,54.0,43.0,0.1111111111111111,0.6666666666666666,,,,,0.5,0.0,0.4,0.2,0.2,0.0,0.2,0.2,1.8,1.2,0.2,0.0,0.0,0.0,0.0,0.0,0.6,0.4,0.2,0.0,0.0,0.0,0.0,0.0,0.2,0.2,0.4,10.8,8.6,0.4
2026,003085,Graham Bundy,Graham,Bundy,M,Midfield,10,OUT,Outlaws,2026-05-09,2026-08-01,11.0,8.0,4.0,2.0,6.0,3.0,35.0,23,15.0,0.0,0.0,0.0,0.0,0.0,7.0,6.0,0.0,0,0,0,0.0,0.0,1.0,0.5,9.0,209.0,168.0,0.17142857142857143,0.6571428571428571,,,,,0.3333333333333333,0.13333333333333333,1.1,0.8,0.4,0.2,0.6,0.3,3.5,2.3,1.5,0.0,0.0,0.0,0.0,0.0,0.7,0.6,0.0,0.0,0.0,0.0,0.0,0.0,0.1,0.05,0.9,20.9,16.8,0.9
2026,003087,Beau Pederson,Beau,Pederson,SSDM,Defensive Midfield,11,ARC,Archers,2026-05-09,2026-08-01,6.0,4.0,4.0,0.0,4.0,2.0,6.0,5,1.0,0.0,0.0,0.0,0.0,0.0,14.0,6.0,7.0,2,9,11,0.0,0.0,3.0,3.5,5.0,69.0,57.0,0.6666666666666666,0.8333333333333334,0.18181818181818182,,,,0.4,0.0,0.5454545454545454,0.36363636363636365,0.36363636363636365,0.0,0.36363636363636365,0.18181818181818182,0.5454545454545454,0.45454545454545453,0.09090909090909091,0.0,0.0,0.0,0.0,0.0,1.2727272727272727,0.5454545454545454,0.6363636363636364,0.18181818181818182,0.8181818181818182,1.0,0.0,0.0,0.2727272727272727,0.3181818181818182,0.45454545454545453,6.2727272727272725,5.181818181818182,0.45454545454545453
2026,003089,Kenny Brower,Kenny,Brower,D,Defense,10,WAT,Waterdogs,2026-05-09,2026-08-01,0.0,0.0,0.0,0.0,0.0,0.0,1.0,1,1.0,0.0,0.0,0.0,0.0,0.0,13.0,2.0,9.0,0,0,0,0.0,0.0,4.0,4.5,0.0,53.0,50.0,0.0,1.0,,,,,,0.0,0.0,0.0,0.0,0.0,0.0,0.0,0.1,0.1,0.1,0.0,0.0,0.0,0.0,0.0,1.3,0.2,0.9,0.0,0.0,0.0,0.0,0.0,0.4,0.45,0.0,5.3,5.0,0.0
2026,003090,Dyson Williams,Dyson,Williams,M,Midfield,1,ARC,Archers,2026-05-09,2026-05-09,0.0,0.0,0.0,0.0,0.0,0.0,4.0,3,0.0,0.0,0.0,0.0,0.0,0.0,1.0,0.0,0.0,0,0,0,0.0,0.0,0.0,0.0,0.0,9.0,5.0,0.0,0.75,,,,,,,0.0,0.0,0.0,0.0,0.0,0.0,4.0,3.0,0.0,0.0,0.0,0.0,0.0,0.0,1.0,0.0,0.0,0.0,0.0,0.0,0.0,0.0,0.0,0.0,0.0,9.0,5.0,0.0
2026,003093,Ross Scott,Ross,Scott,M,Midfield,11,CHA,Chaos,2026-05-09,2026-08-01,20.0,14.0,14.0,0.0,14.0,6.0,36.0,26,0.0,0.0,0.0,0.0,0.0,0.0,9.0,16.0,1.0,0,0,0,0.0,0.0,0.0,0.0,21.0,239.0,187.0,0.3888888888888889,0.7222222222222222,,,,,0.2857142857142857,,1.8181818181818181,1.2727272727272727,1.2727272727272727,0.0,1.2727272727272727,0.5454545454545454,3.272727272727273,2.3636363636363638,0.0,0.0,0.0,0.0,0.0,0.0,0.8181818181818182,1.4545454545454546,0.09090909090909091,0.0,0.0,0.0,0.0,0.0,0.0,0.0,1.9090909090909092,21.727272727272727,17.0,1.9090909090909092
2026,003094,Levi Anderson,Levi,Anderson,M,Midfield,9,ATL,Atlas,2026-05-09,2026-08-02,12.0,10.0,6.0,2.0,8.0,2.0,35.0,19,3.0,0.0,0.0,0.0,0.0,0.0,9.0,8.0,0.0,0,0,0,0.0,0.0,2.0,1.0,11.0,120.0,77.0,0.22857142857142856,0.5428571428571428,,,,,0.18181818181818182,0.6666666666666666,1.3333333333333333,1.1111111111111112,0.6666666666666666,0.2222222222222222,0.8888888888888888,0.2222222222222222,3.888888888888889,2.111111111111111,0.3333333333333333,0.0,0.0,0.0,0.0,0.0,1.0,0.8888888888888888,0.0,0.0,0.0,0.0,0.0,0.0,0.2222222222222222,0.1111111111111111,1.2222222222222223,13.333333333333334,8.555555555555555,1.2222222222222223
2026,003096,Marcus Hudgins,Marcus,Hudgins,D,Defense,10,WAT,Waterdogs,2026-05-09,2026-08-01,1.0,0.0,0.0,0.0,0.0,1.0,0.0,0,0.0,0.0,0.0,0.0,0.0,0.0,17.0,3.0,11.0,0,0,0,0.0,0.0,1.0,0.5,2.0,41.0,38.0,,,,,,,0.5,,0.1,0.0,0.0,0.0,0.0,0.1,0.0,0.0,0.0,0.0,0.0,0.0,0.0,0.0,1.7,0.3,1.1,0.0,0.0,0.0,0.0,0.0,0.1,0.05,0.2,4.1,3.8,0.2
2026,003098,Luke Wierman,Luke,Wierman,FO,Faceoff,10,OUT,Outlaws,2026-05-09,2026-08-01,5.0,2.0,2.0,0.0,2.0,3.0,10.0,6,1.0,0.0,0.0,0.0,0.0,0.0,65.0,8.0,2.0,127,109,237,0.0,0.0,1.0,0.5,3.0,81.0,63.0,0.2,0.6,0.5358649789029536,,,,1.0,0.0,0.5,0.2,0.2,0.0,0.2,0.3,1.0,0.6,0.1,0.0,0.0,0.0,0.0,0.0,6.5,0.8,0.2,12.7,10.9,23.7,0.0,0.0,0.1,0.05,0.3,8.1,6.3,0.3
2026,003099,Tyler Carpenter,Tyler,Carpenter,LSM,Long Stick Midfield,10,ATL,Atlas,2026-05-09,2026-08-02,1.0,1.0,1.0,0.0,1.0,0.0,3.0,2,1.0,0.0,0.0,0.0,0.0,0.0,20.0,2.0,6.0,0,0,0,0.0,0.0,1.0,1.0,2.0,50.0,45.0,0.3333333333333333,0.6666666666666666,,,,,0.0,0.0,0.1,0.1,0.1,0.0,0.1,0.0,0.3,0.2,0.1,0.0,0.0,0.0,0.0,0.0,2.0,0.2,0.6,0.0,0.0,0.0,0.0,0.0,0.1,0.1,0.2,5.0,4.5,0.2
2026,003100,Adam Poitras,Adam,Poitras,M,Midfield,10,WHP,Whipsnakes,2026-05-09,2026-08-01,19.0,17.0,17.0,0.0,17.0,2.0,36.0,29,1.0,0.0,0.0,0.0,0.0,0.0,28.0,4.0,2.0,0,0,0,0.0,0.0,2.0,1.0,3.0,224.0,184.0,0.4722222222222222,0.8055555555555556,,,,,0.6666666666666666,0.0,1.9,1.7,1.7,0.0,1.7,0.2,3.6,2.9,0.1,0.0,0.0,0.0,0.0,0.0,2.8,0.4,0.2,0.0,0.0,0.0,0.0,0.0,0.2,0.1,0.3,22.4,18.4,0.3
2026,003101,Dylan Hess,Dylan,Hess,SSDM,Defensive Midfield,1,WAT,Waterdogs,2026-05-09,2026-05-09,1.0,1.0,1.0,0.0,1.0,0.0,1.0,1,0.0,0.0,0.0,0.0,0.0,0.0,3.0,0.0,0.0,0,0,0,0.0,0.0,0.0,0.0,2.0,9.0,8.0,1.0,1.0,,,,,0.0,,1.0,1.0,1.0,0.0,1.0,0.0,1.0,1.0,0.0,0.0,0.0,0.0,0.0,0.0,3.0,0.0,0.0,0.0,0.0,0.0,0.0,0.0,0.0,0.0,2.0,9.0,8.0,2.0
2026,003103,Scott Smith,Scott,Smith,D,Defense,11,CHA,Chaos,2026-05-09,2026-08-01,3.0,1.0,1.0,0.0,1.0,2.0,6.0,3,3.0,0.0,0.0,0.0,0.0,0.0,25.0,5.0,10.0,0,0,0,0.0,0.0,4.0,4.5,4.0,62.0,51.0,0.16666666666666666,0.5,,,,,0.5,0.0,0.2727272727272727,0.09090909090909091,0.09090909090909091,0.0,0.09090909090909091,0.18181818181818182,0.5454545454545454,0.2727272727272727,0.2727272727272727,0.0,0.0,0.0,0.0,0.0,2.272727272727273,0.45454545454545453,0.9090909090909091,0.0,0.0,0.0,0.0,0.0,0.36363636363636365,0.4090909090909091,0.36363636363636365,5.636363636363637,4.636363636363637,0.36363636363636365
2026,003104,Michael Boehm,Michael,Boehm,A,Attack,5,RED,Redwoods,2026-05-09,2026-06-28,13.0,5.0,5.0,0.0,5.0,8.0,22.0,12,2.0,0.0,0.0,0.0,0.0,0.0,7.0,10.0,0.0,0,0,0,0.0,0.0,0.0,0.0,18.0,179.0,147.0,0.22727272727272727,0.5454545454545454,,,,,0.4444444444444444,0.0,2.6,1.0,1.0,0.0,1.0,1.6,4.4,2.4,0.4,0.0,0.0,0.0,0.0,0.0,1.4,2.0,0.0,0.0,0.0,0.0,0.0,0.0,0.0,0.0,3.6,35.8,29.4,3.6
2026,003105,Cole Kastner,Cole,Kastner,D,Defense,2,RED,Redwoods,2026-05-09,2026-08-02,0.0,0.0,0.0,0.0,0.0,0.0,0.0,0,0.0,0.0,0.0,0.0,0.0,0.0,2.0,0.0,3.0,0,0,0,0.0,0.0,0.0,0.0,1.0,11.0,11.0,,,,,,,0.0,,0.0,0.0,0.0,0.0,0.0,0.0,0.0,0.0,0.0,0.0,0.0,0.0,0.0,0.0,1.0,0.0,1.5,0.0,0.0,0.0,0.0,0.0,0.0,0.0,0.5,5.5,5.5,0.5
2026,003106,Dalton Young,Dalton,Young,M,Midfield,10,OUT,Outlaws,2026-05-09,2026-08-01,21.0,13.0,13.0,0.0,13.0,8.0,35.0,26,0.0,0.0,0.0,0.0,0.0,0.0,7.0,18.0,0.0,0,0,0,0.0,0.0,0.0,0.0,15.0,213.0,160.0,0.37142857142857144,0.7428571428571429,,,,,0.5333333333333333,,2.1,1.3,1.3,0.0,1.3,0.8,3.5,2.6,0.0,0.0,0.0,0.0,0.0,0.0,0.7,1.8,0.0,0.0,0.0,0.0,0.0,0.0,0.0,0.0,1.5,21.3,16.0,1.5
2026,003108,Will Mark,Will,Mark,G,Goalie,1,ATL,Atlas,2026-08-02,2026-08-02,0.0,0.0,0.0,0.0,0.0,0.0,0.0,0,0.0,0.0,0.0,0.0,0.0,0.0,0.0,0.0,0.0,0,0,0,0.0,0.0,0.0,0.0,0.0,0.0,0.0,,,,,,,,,0.0,0.0,0.0,0.0,0.0,0.0,0.0,0.0,0.0,0.0,0.0,0.0,0.0,0.0,0.0,0.0,0.0,0.0,0.0,0.0,0.0,0.0,0.0,0.0,0.0,0.0,0.0,0.0
2026,003109,Chris Conlin,Chris,Conlin,D,Defense,10,RED,Redwoods,2026-05-09,2026-08-02,1.0,0.0,0.0,0.0,0.0,1.0,0.0,0,0.0,0.0,0.0,0.0,0.0,0.0,23.0,5.0,8.0,0,0,0,0.0,0.0,0.0,0.0,2.0,81.0,76.0,,,,,,,0.5,,0.1,0.0,0.0,0.0,0.0,0.1,0.0,0.0,0.0,0.0,0.0,0.0,0.0,0.0,2.3,0.5,0.8,0.0,0.0,0.0,0.0,0.0,0.0,0.0,0.2,8.1,7.6,0.2
2026,003111,AJ Mercurio,AJ,Mercurio,D,Defense,1,WHP,Whipsnakes,2026-05-09,2026-05-09,0.0,0.0,0.0,0.0,0.0,0.0,0.0,0,0.0,0.0,0.0,0.0,0.0,0.0,0.0,1.0,1.0,0,0,0,0.0,0.0,0.0,0.0,1.0,4.0,3.0,,,,,,,0.0,,0.0,0.0,0.0,0.0,0.0,0.0,0.0,0.0,0.0,0.0,0.0,0.0,0.0,0.0,0.0,1.0,1.0,0.0,0.0,0.0,0.0,0.0,0.0,0.0,1.0,4.0,3.0,1.0
2026,003119,Alec Stathakis,Alec,Stathakis,FO,Faceoff,5,WAT,Waterdogs,2026-07-10,2026-08-01,0.0,0.0,0.0,0.0,0.0,0.0,5.0,1,2.0,0.0,0.0,0.0,0.0,0.0,33.0,3.0,0.0,75,49,126,0.0,0.0,0.0,0.0,1.0,37.0,29.0,0.0,0.2,0.5952380952380952,,,,0.0,0.0,0.0,0.0,0.0,0.0,0.0,0.0,1.0,0.2,0.4,0.0,0.0,0.0,0.0,0.0,6.6,0.6,0.0,15.0,9.8,25.2,0.0,0.0,0.0,0.0,0.2,7.4,5.8,0.2
2026,003121,Brayden Mayea,Brayden,Mayea,A,Attack,3,RED,Redwoods,2026-05-09,2026-07-10,5.0,5.0,5.0,0.0,5.0,0.0,10.0,7,0.0,0.0,0.0,0.0,0.0,0.0,8.0,1.0,1.0,0,0,0,0.0,0.0,2.0,1.0,4.0,59.0,48.0,0.5,0.7,,,,,0.0,,1.6666666666666667,1.6666666666666667,1.6666666666666667,0.0,1.6666666666666667,0.0,3.3333333333333335,2.3333333333333335,0.0,0.0,0.0,0.0,0.0,0.0,2.6666666666666665,0.3333333333333333,0.3333333333333333,0.0,0.0,0.0,0.0,0.0,0.6666666666666666,0.3333333333333333,1.3333333333333333,19.666666666666668,16.0,1.3333333333333333
2026,003128,Jack Posey,Jack,Posey,D,Defense,6,WHP,Whipsnakes,2026-05-09,2026-07-25,0.0,0.0,0.0,0.0,0.0,0.0,2.0,2,2.0,0.0,0.0,0.0,0.0,0.0,10.0,3.0,5.0,0,0,0,0.0,0.0,2.0,2.0,0.0,18.0,13.0,0.0,1.0,,,,,,0.0,0.0,0.0,0.0,0.0,0.0,0.0,0.3333333333333333,0.3333333333333333,0.3333333333333333,0.0,0.0,0.0,0.0,0.0,1.6666666666666667,0.5,0.8333333333333334,0.0,0.0,0.0,0.0,0.0,0.3333333333333333,0.3333333333333333,0.0,3.0,2.1666666666666665,0.0
2026,003145,JC Higginbotham,JC,Higginbotham,G,Goalie,4,CAN,Cannons,2026-06-07,2026-08-01,0.0,0.0,0.0,0.0,0.0,0.0,1.0,0,1.0,15.0,8.0,7.0,10.0,14.5856,5.0,1.0,0.0,0,0,0,10.0,0.0,0.0,0.0,0.0,18.0,16.0,0.0,0.0,,0.6,53.333333333333336,0.32,,0.0,0.0,0.0,0.0,0.0,0.0,0.0,0.25,0.0,0.25,3.75,2.0,1.75,2.5,3.6464,1.25,0.25,0.0,0.0,0.0,0.0,2.5,0.0,0.0,0.0,0.0,4.5,4.0,0.0
2026,003151,Nathan Laliberte,Nathan,Laliberte,FO,Faceoff,4,ATL,Atlas,2026-05-09,2026-06-21,2.0,1.0,1.0,0.0,1.0,1.0,7.0,2,2.0,0.0,0.0,0.0,0.0,0.0,21.0,5.0,2.0,48,57,105,0.0,0.0,2.0,1.5,2.0,21.0,9.0,0.14285714285714285,0.2857142857142857,0.45714285714285713,,,,0.5,0.0,0.5,0.25,0.25,0.0,0.25,0.25,1.75,0.5,0.5,0.0,0.0,0.0,0.0,0.0,5.25,1.25,0.5,12.0,14.25,26.25,0.0,0.0,0.5,0.375,0.5,5.25,2.25,0.5
2026,003152,James Shipley,James,Shipley,SSDM,Defensive Midfield,2,WHP,Whipsnakes,2026-05-09,2026-07-12,1.0,0.0,0.0,0.0,0.0,1.0,0.0,0,0.0,0.0,0.0,0.0,0.0,0.0,3.0,2.0,1.0,0,2,2,0.0,0.0,0.0,0.0,2.0,21.0,19.0,,,0.0,,,,0.5,,0.5,0.0,0.0,0.0,0.0,0.5,0.0,0.0,0.0,0.0,0.0,0.0,0.0,0.0,1.5,1.0,0.5,0.0,1.0,1.0,0.0,0.0,0.0,0.0,1.0,10.5,9.5,1.0
2026,003153,Richie Connell,Richie,Connell,A,Attack,4,WHP,Whipsnakes,2026-07-12,2026-08-01,5.0,5.0,5.0,0.0,5.0,0.0,19.0,8,0.0,0.0,0.0,0.0,0.0,0.0,1.0,6.0,0.0,0,0,0,0.0,0.0,0.0,0.0,6.0,80.0,55.0,0.2631578947368421,0.42105263157894735,,,,,0.0,,1.25,1.25,1.25,0.0,1.25,0.0,4.75,2.0,0.0,0.0,0.0,0.0,0.0,0.0,0.25,1.5,0.0,0.0,0.0,0.0,0.0,0.0,0.0,0.0,1.5,20.0,13.75,1.5
2026,003156,Aidan Danenza,Aidan,Danenza,M,Midfield,10,RED,Redwoods,2026-05-09,2026-08-02,12.0,7.0,7.0,0.0,7.0,5.0,46.0,29,7.0,0.0,0.0,0.0,0.0,0.0,10.0,10.0,4.0,0,0,0,0.0,0.0,0.0,0.0,12.0,233.0,177.0,0.15217391304347827,0.6304347826086957,,,,,0.4166666666666667,0.0,1.2,0.7,0.7,0.0,0.7,0.5,4.6,2.9,0.7,0.0,0.0,0.0,0.0,0.0,1.0,1.0,0.4,0.0,0.0,0.0,0.0,0.0,0.0,0.0,1.2,23.3,17.7,1.2
2026,003157,Graydon Hogg,Graydon,Hogg,M,Midfield,9,CAN,Cannons,2026-05-15,2026-08-01,12.0,8.0,8.0,0.0,8.0,4.0,32.0,22,0.0,0.0,0.0,0.0,0.0,0.0,9.0,5.0,0.0,0,0,0,0.0,0.0,1.0,1.0,9.0,179.0,142.0,0.25,0.6875,,,,,0.4444444444444444,,1.3333333333333333,0.8888888888888888,0.8888888888888888,0.0,0.8888888888888888,0.4444444444444444,3.5555555555555554,2.4444444444444446,0.0,0.0,0.0,0.0,0.0,0.0,1.0,0.5555555555555556,0.0,0.0,0.0,0.0,0.0,0.0,0.1111111111111111,0.1111111111111111,1.0,19.88888888888889,15.777777777777779,1.0
2026,003159,CJ Kirst,CJ,Kirst,A,Attack,8,WAT,Waterdogs,2026-05-31,2026-08-01,34.0,30.0,30.0,0.0,30.0,4.0,71.0,51,1.0,0.0,0.0,0.0,0.0,0.0,13.0,12.0,1.0,0,0,0,0.0,0.0,1.0,0.5,35.0,291.0,208.0,0.4225352112676056,0.7183098591549296,,,,,0.11428571428571428,0.0,4.25,3.75,3.75,0.0,3.75,0.5,8.875,6.375,0.125,0.0,0.0,0.0,0.0,0.0,1.625,1.5,0.125,0.0,0.0,0.0,0.0,0.0,0.125,0.0625,4.375,36.375,26.0,4.375
2026,003160,Andrew McAdorey,Andrew,McAdorey,M,Midfield,10,RED,Redwoods,2026-05-09,2026-08-02,17.0,14.0,14.0,0.0,14.0,3.0,50.0,25,4.0,0.0,0.0,0.0,0.0,0.0,15.0,11.0,0.0,1,4,5,0.0,0.0,0.0,0.0,20.0,285.0,224.0,0.28,0.5,0.2,,,,0.15,0.0,1.7,1.4,1.4,0.0,1.4,0.3,5.0,2.5,0.4,0.0,0.0,0.0,0.0,0.0,1.5,1.1,0.0,0.1,0.4,0.5,0.0,0.0,0.0,0.0,2.0,28.5,22.4,2.0
2026,003161,Sam English,Sam,English,M,Midfield,8,RED,Redwoods,2026-06-06,2026-08-02,15.0,11.0,11.0,0.0,11.0,4.0,40.0,26,1.0,0.0,0.0,0.0,0.0,0.0,24.0,10.0,2.0,0,2,2,0.0,0.0,0.0,0.0,14.0,155.0,105.0,0.275,0.65,0.0,,,,0.2857142857142857,0.0,1.875,1.375,1.375,0.0,1.375,0.5,5.0,3.25,0.125,0.0,0.0,0.0,0.0,0.0,3.0,1.25,0.25,0.0,0.25,0.25,0.0,0.0,0.0,0.0,1.75,19.375,13.125,1.75
2026,003162,Coulter Mackesy,Coulter,Mackesy,A,Attack,10,CAN,Cannons,2026-05-15,2026-08-01,33.0,20.0,14.0,3.0,17.0,13.0,70.0,42,10.0,0.0,0.0,0.0,0.0,0.0,20.0,15.0,3.0,0,0,0,0.0,0.0,4.0,2.5,36.0,406.0,321.0,0.24285714285714285,0.6,,,,,0.3611111111111111,0.3,3.3,2.0,1.4,0.3,1.7,1.3,7.0,4.2,1.0,0.0,0.0,0.0,0.0,0.0,2.0,1.5,0.3,0.0,0.0,0.0,0.0,0.0,0.4,0.25,3.6,40.6,32.1,3.6
2026,003163,Brendan Lavelle,Brendan,Lavelle,D,Defense,11,ARC,Archers,2026-05-09,2026-08-01,0.0,0.0,0.0,0.0,0.0,0.0,2.0,1,2.0,0.0,0.0,0.0,0.0,0.0,32.0,4.0,13.0,0,0,0,0.0,0.0,2.0,2.0,0.0,70.0,64.0,0.0,0.5,,,,,,0.0,0.0,0.0,0.0,0.0,0.0,0.0,0.18181818181818182,0.09090909090909091,0.18181818181818182,0.0,0.0,0.0,0.0,0.0,2.909090909090909,0.36363636363636365,1.1818181818181819,0.0,0.0,0.0,0.0,0.0,0.18181818181818182,0.18181818181818182,0.0,6.363636363636363,5.818181818181818,0.0
2026,003164,Matt Traynor,Matt,Traynor,M,Midfield,9,ATL,Atlas,2026-05-09,2026-08-02,19.0,15.0,15.0,0.0,15.0,4.0,54.0,39,3.0,0.0,0.0,0.0,0.0,0.0,7.0,19.0,1.0,0,0,0,0.0,0.0,1.0,0.5,23.0,205.0,132.0,0.2777777777777778,0.7222222222222222,,,,,0.17391304347826086,0.0,2.111111111111111,1.6666666666666667,1.6666666666666667,0.0,1.6666666666666667,0.4444444444444444,6.0,4.333333333333333,0.3333333333333333,0.0,0.0,0.0,0.0,0.0,0.7777777777777778,2.111111111111111,0.1111111111111111,0.0,0.0,0.0,0.0,0.0,0.1111111111111111,0.05555555555555555,2.5555555555555554,22.77777777777778,14.666666666666666,2.5555555555555554
2026,003165,Aidan Carroll,Aidan,Carroll,M,Midfield,10,WHP,Whipsnakes,2026-05-09,2026-08-01,26.0,21.0,21.0,0.0,21.0,5.0,63.0,39,6.0,0.0,0.0,0.0,0.0,0.0,6.0,8.0,1.0,0,0,0,0.0,0.0,0.0,0.0,13.0,317.0,246.0,0.3333333333333333,0.6190476190476191,,,,,0.38461538461538464,0.0,2.6,2.1,2.1,0.0,2.1,0.5,6.3,3.9,0.6,0.0,0.0,0.0,0.0,0.0,0.6,0.8,0.1,0.0,0.0,0.0,0.0,0.0,0.0,0.0,1.3,31.7,24.6,1.3
2026,003166,Owen Hiltz,Owen,Hiltz,A,Attack,9,CHA,Chaos,2026-05-31,2026-08-01,18.0,11.0,11.0,0.0,11.0,7.0,48.0,24,1.0,0.0,0.0,0.0,0.0,0.0,11.0,13.0,1.0,0,0,0,0.0,0.0,1.0,0.5,19.0,222.0,161.0,0.22916666666666666,0.5,,,,,0.3684210526315789,0.0,2.0,1.2222222222222223,1.2222222222222223,0.0,1.2222222222222223,0.7777777777777778,5.333333333333333,2.6666666666666665,0.1111111111111111,0.0,0.0,0.0,0.0,0.0,1.2222222222222223,1.4444444444444444,0.1111111111111111,0.0,0.0,0.0,0.0,0.0,0.1111111111111111,0.05555555555555555,2.111111111111111,24.666666666666668,17.88888888888889,2.111111111111111
2026,003167,Jake Taylor,Jake,Taylor,A,Attack,2,WAT,Waterdogs,2026-05-09,2026-05-17,4.0,2.0,2.0,0.0,2.0,2.0,8.0,5,0.0,0.0,0.0,0.0,0.0,0.0,5.0,0.0,1.0,0,0,0,0.0,0.0,0.0,0.0,2.0,26.0,18.0,0.25,0.625,,,,,1.0,,2.0,1.0,1.0,0.0,1.0,1.0,4.0,2.5,0.0,0.0,0.0,0.0,0.0,0.0,2.5,0.0,0.5,0.0,0.0,0.0,0.0,0.0,0.0,0.0,1.0,13.0,9.0,1.0
2026,003168,Chris Kavanagh,Chris,Kavanagh,A,Attack,8,RED,Redwoods,2026-06-06,2026-08-02,30.0,22.0,20.0,1.0,21.0,8.0,56.0,41,8.0,0.0,0.0,0.0,0.0,0.0,8.0,10.0,2.0,0,0,0,0.0,0.0,2.0,1.5,36.0,276.0,210.0,0.375,0.7321428571428571,,,,,0.2222222222222222,0.125,3.75,2.75,2.5,0.125,2.625,1.0,7.0,5.125,1.0,0.0,0.0,0.0,0.0,0.0,1.0,1.25,0.25,0.0,0.0,0.0,0.0,0.0,0.25,0.1875,4.5,34.5,26.25,4.5
2026,003169,Logan McNaney,Logan,McNaney,G,Goalie,10,OUT,Outlaws,2026-05-09,2026-08-01,0.0,0.0,0.0,0.0,0.0,0.0,2.0,2,2.0,101.0,59.0,42.0,110.0,133.95646,19.0,4.0,6.0,0,0,0,102.0,8.0,0.0,0.0,0.0,166.0,160.0,0.0,1.0,,0.4975369458128079,58.415841584158414,0.29064039408866993,,0.0,0.0,0.0,0.0,0.0,0.0,0.0,0.2,0.2,0.2,10.1,5.9,4.2,11.0,13.395646,1.9,0.4,0.6,0.0,0.0,0.0,10.2,0.8,0.0,0.0,0.0,16.6,16.0,0.0
2026,003170,Mic Kelly,Mic,Kelly,M,Midfield,9,CAN,Cannons,2026-05-15,2026-08-01,16.0,10.0,8.0,1.0,9.0,6.0,48.0,34,5.0,0.0,0.0,0.0,0.0,0.0,6.0,9.0,3.0,0,0,0,0.0,0.0,3.0,2.5,24.0,262.0,205.0,0.1875,0.7083333333333334,,,,,0.25,0.2,1.7777777777777777,1.1111111111111112,0.8888888888888888,0.1111111111111111,1.0,0.6666666666666666,5.333333333333333,3.7777777777777777,0.5555555555555556,0.0,0.0,0.0,0.0,0.0,0.6666666666666666,1.0,0.3333333333333333,0.0,0.0,0.0,0.0,0.0,0.3333333333333333,0.2777777777777778,2.6666666666666665,29.11111111111111,22.77777777777778,2.6666666666666665
2026,003172,Max Krevsky,Max,Krevsky,SSDM,Defensive Midfield,7,ATL,Atlas,2026-05-09,2026-08-02,2.0,1.0,1.0,0.0,1.0,1.0,9.0,3,1.0,0.0,0.0,0.0,0.0,0.0,10.0,3.0,6.0,0,6,6,0.0,0.0,3.0,3.0,3.0,47.0,35.0,0.1111111111111111,0.3333333333333333,0.0,,,,0.3333333333333333,0.0,0.2857142857142857,0.14285714285714285,0.14285714285714285,0.0,0.14285714285714285,0.14285714285714285,1.2857142857142858,0.42857142857142855,0.14285714285714285,0.0,0.0,0.0,0.0,0.0,1.4285714285714286,0.42857142857142855,0.8571428571428571,0.0,0.8571428571428571,0.8571428571428571,0.0,0.0,0.42857142857142855,0.42857142857142855,0.42857142857142855,6.714285714285714,5.0,0.42857142857142855
2026,003173,Jack McDonald,Jack,McDonald,LSM,Long Stick Midfield,8,WHP,Whipsnakes,2026-05-09,2026-08-01,0.0,0.0,0.0,0.0,0.0,0.0,2.0,2,0.0,0.0,0.0,0.0,0.0,0.0,9.0,1.0,5.0,0,0,0,0.0,0.0,1.0,1.0,2.0,28.0,25.0,0.0,1.0,,,,,0.0,,0.0,0.0,0.0,0.0,0.0,0.0,0.25,0.25,0.0,0.0,0.0,0.0,0.0,0.0,1.125,0.125,0.625,0.0,0.0,0.0,0.0,0.0,0.125,0.125,0.25,3.5,3.125,0.25
2026,003174,Sam King,Sam,King,M,Midfield,11,ARC,Archers,2026-05-09,2026-08-01,29.0,20.0,20.0,0.0,20.0,9.0,71.0,41,1.0,0.0,0.0,0.0,0.0,0.0,21.0,19.0,1.0,0,0,0,0.0,0.0,2.0,1.0,35.0,365.0,275.0,0.28169014084507044,0.5774647887323944,,,,,0.2571428571428571,0.0,2.6363636363636362,1.8181818181818181,1.8181818181818181,0.0,1.8181818181818181,0.8181818181818182,6.454545454545454,3.727272727272727,0.09090909090909091,0.0,0.0,0.0,0.0,0.0,1.9090909090909092,1.7272727272727273,0.09090909090909091,0.0,0.0,0.0,0.0,0.0,0.18181818181818182,0.09090909090909091,3.1818181818181817,33.18181818181818,25.0,3.1818181818181817
2026,003176,Emmet Carroll,Emmet,Carroll,G,Goalie,10,WHP,Whipsnakes,2026-05-09,2026-08-01,0.0,0.0,0.0,0.0,0.0,0.0,2.0,0,2.0,133.0,56.0,77.0,110.0,110.0,19.0,2.0,1.0,0,0,0,102.0,8.0,0.0,0.0,0.0,187.0,183.0,0.0,0.0,,0.5659574468085107,42.10526315789473,0.23829787234042554,,0.0,0.0,0.0,0.0,0.0,0.0,0.0,0.2,0.0,0.2,13.3,5.6,7.7,11.0,11.0,1.9,0.2,0.1,0.0,0.0,0.0,10.2,0.8,0.0,0.0,0.0,18.7,18.3,0.0
2026,003177,Mitchell Dunham,Mitchell,Dunham,D,Defense,11,ARC,Archers,2026-05-09,2026-08-01,1.0,0.0,0.0,0.0,0.0,1.0,1.0,0,1.0,0.0,0.0,0.0,0.0,0.0,25.0,1.0,12.0,0,0,0,0.0,0.0,5.0,6.0,2.0,51.0,49.0,0.0,0.0,,,,,0.5,0.0,0.09090909090909091,0.0,0.0,0.0,0.0,0.09090909090909091,0.09090909090909091,0.0,0.09090909090909091,0.0,0.0,0.0,0.0,0.0,2.272727272727273,0.09090909090909091,1.0909090909090908,0.0,0.0,0.0,0.0,0.0,0.45454545454545453,0.5454545454545454,0.18181818181818182,4.636363636363637,4.454545454545454,0.18181818181818182
2026,003179,Ben Wayer,Ben,Wayer,LSM,Long Stick Midfield,3,WAT,Waterdogs,2026-05-09,2026-06-07,0.0,0.0,0.0,0.0,0.0,0.0,5.0,2,5.0,0.0,0.0,0.0,0.0,0.0,5.0,1.0,2.0,0,0,0,0.0,0.0,1.0,0.5,1.0,23.0,17.0,0.0,0.4,,,,,0.0,0.0,0.0,0.0,0.0,0.0,0.0,0.0,1.6666666666666667,0.6666666666666666,1.6666666666666667,0.0,0.0,0.0,0.0,0.0,1.6666666666666667,0.3333333333333333,0.6666666666666666,0.0,0.0,0.0,0.0,0.0,0.3333333333333333,0.16666666666666666,0.3333333333333333,7.666666666666667,5.666666666666667,0.3333333333333333
2026,003181,Jimmy Freehill,Jimmy,Freehill,D,Defense,10,WAT,Waterdogs,2026-05-09,2026-08-01,3.0,2.0,0.0,1.0,1.0,1.0,8.0,4,8.0,0.0,0.0,0.0,0.0,0.0,9.0,3.0,4.0,0,0,0,0.0,0.0,3.0,2.5,2.0,45.0,34.0,0.125,0.5,,,,,0.5,0.125,0.3,0.2,0.0,0.1,0.1,0.1,0.8,0.4,0.8,0.0,0.0,0.0,0.0,0.0,0.9,0.3,0.4,0.0,0.0,0.0,0.0,0.0,0.3,0.25,0.2,4.5,3.4,0.2
2026,003182,Kevin Parnham,Kevin,Parnham,D,Defense,2,OUT,Outlaws,2026-05-09,2026-07-26,0.0,0.0,0.0,0.0,0.0,0.0,0.0,0,0.0,0.0,0.0,0.0,0.0,0.0,2.0,0.0,1.0,0,0,0,0.0,0.0,0.0,0.0,0.0,16.0,16.0,,,,,,,,,0.0,0.0,0.0,0.0,0.0,0.0,0.0,0.0,0.0,0.0,0.0,0.0,0.0,0.0,1.0,0.0,0.5,0.0,0.0,0.0,0.0,0.0,0.0,0.0,0.0,8.0,8.0,0.0
2026,003183,Jack Gray,Jack,Gray,SSDM,Defensive Midfield,8,OUT,Outlaws,2026-05-09,2026-08-01,0.0,0.0,0.0,0.0,0.0,0.0,1.0,0,0.0,0.0,0.0,0.0,0.0,0.0,4.0,2.0,2.0,1,5,6,0.0,0.0,5.0,3.0,0.0,17.0,14.0,0.0,0.0,0.16666666666666666,,,,,,0.0,0.0,0.0,0.0,0.0,0.0,0.125,0.0,0.0,0.0,0.0,0.0,0.0,0.0,0.5,0.25,0.25,0.125,0.625,0.75,0.0,0.0,0.625,0.375,0.0,2.125,1.75,0.0
2026,003184,Ben Ramsey,Ben,Ramsey,SSDM,Defensive Midfield,10,CAN,Cannons,2026-05-15,2026-08-01,1.0,1.0,1.0,0.0,1.0,0.0,6.0,5,2.0,0.0,0.0,0.0,0.0,0.0,17.0,4.0,3.0,0,0,0,0.0,0.0,2.0,1.0,6.0,87.0,77.0,0.16666666666666666,0.8333333333333334,,,,,0.0,0.0,0.1,0.1,0.1,0.0,0.1,0.0,0.6,0.5,0.2,0.0,0.0,0.0,0.0,0.0,1.7,0.4,0.3,0.0,0.0,0.0,0.0,0.0,0.2,0.1,0.6,8.7,7.7,0.6
2026,003185,Carter Rice,Carter,Rice,SSDM,Defensive Midfield,10,RED,Redwoods,2026-05-09,2026-08-02,0.0,0.0,0.0,0.0,0.0,0.0,0.0,0,0.0,0.0,0.0,0.0,0.0,0.0,5.0,2.0,1.0,0,0,0,0.0,0.0,0.0,0.0,1.0,48.0,46.0,,,,,,,0.0,,0.0,0.0,0.0,0.0,0.0,0.0,0.0,0.0,0.0,0.0,0.0,0.0,0.0,0.0,0.5,0.2,0.1,0.0,0.0,0.0,0.0,0.0,0.0,0.0,0.1,4.8,4.6,0.1
2026,003186,Hugh Kelleher,Hugh,Kelleher,M,Midfield,8,ATL,Atlas,2026-05-30,2026-08-02,12.0,10.0,8.0,1.0,9.0,2.0,30.0,21,6.0,0.0,0.0,0.0,0.0,0.0,7.0,7.0,0.0,0,0,0,0.0,0.0,1.0,0.5,8.0,126.0,89.0,0.3,0.7,,,,,0.25,0.16666666666666666,1.5,1.25,1.0,0.125,1.125,0.25,3.75,2.625,0.75,0.0,0.0,0.0,0.0,0.0,0.875,0.875,0.0,0.0,0.0,0.0,0.0,0.0,0.125,0.0625,1.0,15.75,11.125,1.0
2026,003188,Bryce Ford,Bryce,Ford,M,Midfield,1,ARC,Archers,2026-05-09,2026-05-09,0.0,0.0,0.0,0.0,0.0,0.0,3.0,0,0.0,0.0,0.0,0.0,0.0,0.0,0.0,2.0,0.0,0,0,0,0.0,0.0,0.0,0.0,1.0,18.0,13.0,0.0,0.0,,,,,0.0,,0.0,0.0,0.0,0.0,0.0,0.0,3.0,0.0,0.0,0.0,0.0,0.0,0.0,0.0,0.0,2.0,0.0,0.0,0.0,0.0,0.0,0.0,0.0,0.0,1.0,18.0,13.0,1.0
2026,003192,Jackson Eicher,Jackson,Eicher,A,Attack,11,CHA,Chaos,2026-05-09,2026-08-01,18.0,14.0,14.0,0.0,14.0,4.0,61.0,33,13.0,0.0,0.0,0.0,0.0,0.0,12.0,15.0,2.0,0,0,0,0.0,0.0,1.0,0.5,18.0,238.0,162.0,0.22950819672131148,0.5409836065573771,,,,,0.2222222222222222,0.0,1.6363636363636365,1.2727272727272727,1.2727272727272727,0.0,1.2727272727272727,0.36363636363636365,5.545454545454546,3.0,1.1818181818181819,0.0,0.0,0.0,0.0,0.0,1.0909090909090908,1.3636363636363635,0.18181818181818182,0.0,0.0,0.0,0.0,0.0,0.09090909090909091,0.045454545454545456,1.6363636363636365,21.636363636363637,14.727272727272727,1.6363636363636365
2026,003194,Colin Sharkey,Colin,Sharkey,SSDM,Defensive Midfield,2,ARC,Archers,2026-05-09,2026-05-09,0.0,0.0,0.0,0.0,0.0,0.0,1.0,1,0.0,0.0,0.0,0.0,0.0,0.0,1.0,0.0,0.0,0,0,0,0.0,0.0,0.0,0.0,0.0,8.0,7.0,0.0,1.0,,,,,,,0.0,0.0,0.0,0.0,0.0,0.0,0.5,0.5,0.0,0.0,0.0,0.0,0.0,0.0,0.5,0.0,0.0,0.0,0.0,0.0,0.0,0.0,0.0,0.0,0.0,4.0,3.5,0.0
2026,003195,Brian Kelly,Brian,Kelly,A,Attack,9,CAN,Cannons,2026-05-17,2026-08-01,24.0,17.0,17.0,0.0,17.0,7.0,44.0,32,1.0,0.0,0.0,0.0,0.0,0.0,13.0,21.0,0.0,0,0,0,0.0,0.0,2.0,1.5,16.0,292.0,227.0,0.38636363636363635,0.7272727272727273,,,,,0.4375,0.0,2.6666666666666665,1.8888888888888888,1.8888888888888888,0.0,1.8888888888888888,0.7777777777777778,4.888888888888889,3.5555555555555554,0.1111111111111111,0.0,0.0,0.0,0.0,0.0,1.4444444444444444,2.3333333333333335,0.0,0.0,0.0,0.0,0.0,0.0,0.2222222222222222,0.16666666666666666,1.7777777777777777,32.44444444444444,25.22222222222222,1.7777777777777777
2026,003203,CK Giancola,CK,Giancola,M,Midfield,3,ARC,Archers,2026-05-09,2026-05-30,4.0,4.0,4.0,0.0,4.0,0.0,16.0,10,6.0,0.0,0.0,0.0,0.0,0.0,5.0,3.0,0.0,0,0,0,0.0,0.0,1.0,0.5,5.0,87.0,68.0,0.25,0.625,,,,,0.0,0.0,1.3333333333333333,1.3333333333333333,1.3333333333333333,0.0,1.3333333333333333,0.0,5.333333333333333,3.3333333333333335,2.0,0.0,0.0,0.0,0.0,0.0,1.6666666666666667,1.0,0.0,0.0,0.0,0.0,0.0,0.0,0.3333333333333333,0.16666666666666666,1.6666666666666667,29.0,22.666666666666668,1.6666666666666667
2026,003206,Greg Langermeier,Greg,Langermeier,SSDM,Defensive Midfield,2,CHA,Chaos,2026-07-31,2026-08-01,0.0,0.0,0.0,0.0,0.0,0.0,0.0,0,0.0,0.0,0.0,0.0,0.0,0.0,5.0,2.0,0.0,0,0,0,0.0,0.0,1.0,0.5,1.0,9.0,7.0,,,,,,,0.0,,0.0,0.0,0.0,0.0,0.0,0.0,0.0,0.0,0.0,0.0,0.0,0.0,0.0,0.0,2.5,1.0,0.0,0.0,0.0,0.0,0.0,0.0,0.5,0.25,0.5,4.5,3.5,0.5
2026,003209,Michael Lampert,Michael,Lampert,A,Attack,1,WAT,Waterdogs,2026-05-09,2026-05-09,0.0,0.0,0.0,0.0,0.0,0.0,1.0,0,0.0,0.0,0.0,0.0,0.0,0.0,0.0,0.0,0.0,0,0,0,0.0,0.0,0.0,0.0,0.0,7.0,6.0,0.0,0.0,,,,,,,0.0,0.0,0.0,0.0,0.0,0.0,1.0,0.0,0.0,0.0,0.0,0.0,0.0,0.0,0.0,0.0,0.0,0.0,0.0,0.0,0.0,0.0,0.0,0.0,0.0,7.0,6.0,0.0
2026,003211,Josh Balcarcel,Josh,Balcarcel,M,Midfield,7,RED,Redwoods,2026-05-09,2026-08-02,14.0,10.0,10.0,0.0,10.0,4.0,23.0,14,1.0,0.0,0.0,0.0,0.0,0.0,1.0,6.0,0.0,0,0,0,0.0,0.0,0.0,0.0,8.0,89.0,60.0,0.43478260869565216,0.6086956521739131,,,,,0.5,0.0,2.0,1.4285714285714286,1.4285714285714286,0.0,1.4285714285714286,0.5714285714285714,3.2857142857142856,2.0,0.14285714285714285,0.0,0.0,0.0,0.0,0.0,0.14285714285714285,0.8571428571428571,0.0,0.0,0.0,0.0,0.0,0.0,0.0,0.0,1.1428571428571428,12.714285714285714,8.571428571428571,1.1428571428571428
2026,003212,Ray Dearth,Ray,Dearth,SSDM,Defensive Midfield,11,CHA,Chaos,2026-05-09,2026-08-01,1.0,1.0,1.0,0.0,1.0,0.0,3.0,2,1.0,0.0,0.0,0.0,0.0,0.0,11.0,1.0,6.0,4,33,37,0.0,0.0,1.0,0.5,1.0,64.0,60.0,0.3333333333333333,0.6666666666666666,0.10810810810810811,,,,0.0,0.0,0.09090909090909091,0.09090909090909091,0.09090909090909091,0.0,0.09090909090909091,0.0,0.2727272727272727,0.18181818181818182,0.09090909090909091,0.0,0.0,0.0,0.0,0.0,1.0,0.09090909090909091,0.5454545454545454,0.36363636363636365,3.0,3.3636363636363638,0.0,0.0,0.09090909090909091,0.045454545454545456,0.09090909090909091,5.818181818181818,5.454545454545454,0.09090909090909091
2026,003215,Tommy Stull,Tommy,Stull,LSM,Long Stick Midfield,2,ARC,Archers,2026-05-09,2026-06-05,0.0,0.0,0.0,0.0,0.0,0.0,0.0,0,0.0,0.0,0.0,0.0,0.0,0.0,4.0,0.0,1.0,0,0,0,0.0,0.0,0.0,0.0,0.0,6.0,6.0,,,,,,,,,0.0,0.0,0.0,0.0,0.0,0.0,0.0,0.0,0.0,0.0,0.0,0.0,0.0,0.0,2.0,0.0,0.5,0.0,0.0,0.0,0.0,0.0,0.0,0.0,0.0,3.0,3.0,0.0
2026,003228,Remington Reynolds,Remington,Reynolds,D,Defense,4,CAN,Cannons,2026-05-15,2026-06-28,0.0,0.0,0.0,0.0,0.0,0.0,1.0,0,0.0,0.0,0.0,0.0,0.0,0.0,8.0,1.0,2.0,0,0,0,0.0,0.0,3.0,3.5,0.0,18.0,16.0,0.0,0.0,,,,,,,0.0,0.0,0.0,0.0,0.0,0.0,0.25,0.0,0.0,0.0,0.0,0.0,0.0,0.0,2.0,0.25,0.5,0.0,0.0,0.0,0.0,0.0,0.75,0.875,0.0,4.5,4.0,0.0
2026,003229,Matt Wright,Matt,Wright,LSM,Long Stick Midfield,2,RED,Redwoods,2026-06-20,2026-06-28,0.0,0.0,0.0,0.0,0.0,0.0,0.0,0,0.0,0.0,0.0,0.0,0.0,0.0,3.0,0.0,0.0,0,0,0,0.0,0.0,0.0,0.0,0.0,11.0,11.0,,,,,,,,,0.0,0.0,0.0,0.0,0.0,0.0,0.0,0.0,0.0,0.0,0.0,0.0,0.0,0.0,1.5,0.0,0.0,0.0,0.0,0.0,0.0,0.0,0.0,0.0,0.0,5.5,5.5,0.0
2026,003232,Casey Wilson,Casey,Wilson,M,Midfield,2,WAT,Waterdogs,2026-05-31,2026-07-26,1.0,1.0,1.0,0.0,1.0,0.0,1.0,1,0.0,0.0,0.0,0.0,0.0,0.0,3.0,1.0,0.0,0,0,0,0.0,0.0,0.0,0.0,0.0,13.0,11.0,1.0,1.0,,,,,,,0.5,0.5,0.5,0.0,0.5,0.0,0.5,0.5,0.0,0.0,0.0,0.0,0.0,0.0,1.5,0.5,0.0,0.0,0.0,0.0,0.0,0.0,0.0,0.0,0.0,6.5,5.5,0.0
2026,003238,Aidan McLane,Aidan,McLane,M,Midfield,1,ATL,Atlas,2026-05-16,2026-05-16,0.0,0.0,0.0,0.0,0.0,0.0,3.0,0,0.0,0.0,0.0,0.0,0.0,0.0,0.0,0.0,0.0,0,0,0,0.0,0.0,0.0,0.0,0.0,8.0,5.0,0.0,0.0,,,,,,,0.0,0.0,0.0,0.0,0.0,0.0,3.0,0.0,0.0,0.0,0.0,0.0,0.0,0.0,0.0,0.0,0.0,0.0,0.0,0.0,0.0,0.0,0.0,0.0,0.0,8.0,5.0,0.0
2026,003242,Cooper Frankenheimer,Cooper,Frankenheimer,SSDM,Defensive Midfield,1,ATL,Atlas,2026-05-16,2026-05-16,0.0,0.0,0.0,0.0,0.0,0.0,1.0,0,0.0,0.0,0.0,0.0,0.0,0.0,1.0,0.0,0.0,0,0,0,0.0,0.0,0.0,0.0,1.0,4.0,3.0,0.0,0.0,,,,,0.0,,0.0,0.0,0.0,0.0,0.0,0.0,1.0,0.0,0.0,0.0,0.0,0.0,0.0,0.0,1.0,0.0,0.0,0.0,0.0,0.0,0.0,0.0,0.0,0.0,1.0,4.0,3.0,1.0
2026,003248,Ryan Stines,Ryan,Stines,M,Midfield,11,ARC,Archers,2026-05-09,2026-08-01,28.0,16.0,16.0,0.0,16.0,12.0,51.0,32,2.0,0.0,0.0,0.0,0.0,0.0,10.0,17.0,1.0,0,0,0,0.0,0.0,1.0,0.5,26.0,298.0,230.0,0.3137254901960784,0.6274509803921569,,,,,0.46153846153846156,0.0,2.5454545454545454,1.4545454545454546,1.4545454545454546,0.0,1.4545454545454546,1.0909090909090908,4.636363636363637,2.909090909090909,0.18181818181818182,0.0,0.0,0.0,0.0,0.0,0.9090909090909091,1.5454545454545454,0.09090909090909091,0.0,0.0,0.0,0.0,0.0,0.09090909090909091,0.045454545454545456,2.3636363636363638,27.09090909090909,20.90909090909091,2.3636363636363638
2026,003249,Logan Ip,Logan,Ip,M,Midfield,3,CAN,Cannons,2026-06-07,2026-07-25,1.0,1.0,1.0,0.0,1.0,0.0,10.0,7,0.0,0.0,0.0,0.0,0.0,0.0,0.0,1.0,0.0,0,0,0,0.0,0.0,0.0,0.0,4.0,41.0,30.0,0.1,0.7,,,,,0.0,,0.3333333333333333,0.3333333333333333,0.3333333333333333,0.0,0.3333333333333333,0.0,3.3333333333333335,2.3333333333333335,0.0,0.0,0.0,0.0,0.0,0.0,0.0,0.3333333333333333,0.0,0.0,0.0,0.0,0.0,0.0,0.0,0.0,1.3333333333333333,13.666666666666666,10.0,1.3333333333333333
2026,003250,Eric Spanos,Eric,Spanos,M,Midfield,9,CHA,Chaos,2026-05-09,2026-07-25,12.0,11.0,11.0,0.0,11.0,1.0,38.0,31,2.0,0.0,0.0,0.0,0.0,0.0,9.0,9.0,0.0,0,0,0,0.0,0.0,0.0,0.0,7.0,152.0,105.0,0.2894736842105263,0.8157894736842105,,,,,0.14285714285714285,0.0,1.3333333333333333,1.2222222222222223,1.2222222222222223,0.0,1.2222222222222223,0.1111111111111111,4.222222222222222,3.4444444444444446,0.2222222222222222,0.0,0.0,0.0,0.0,0.0,1.0,1.0,0.0,0.0,0.0,0.0,0.0,0.0,0.0,0.0,0.7777777777777778,16.88888888888889,11.666666666666666,0.7777777777777778
2026,003251,Nikko DiPonio,Nikko,DiPonio,D,Defense,2,ATL,Atlas,2026-05-09,2026-05-16,0.0,0.0,0.0,0.0,0.0,0.0,1.0,0,0.0,0.0,0.0,0.0,0.0,0.0,6.0,0.0,1.0,0,0,0,0.0,0.0,0.0,0.0,0.0,15.0,14.0,0.0,0.0,,,,,,,0.0,0.0,0.0,0.0,0.0,0.0,0.5,0.0,0.0,0.0,0.0,0.0,0.0,0.0,3.0,0.0,0.5,0.0,0.0,0.0,0.0,0.0,0.0,0.0,0.0,7.5,7.0,0.0
2026,003252,Leo Johnson,Leo,Johnson,M,Midfield,8,ARC,Archers,2026-06-05,2026-08-01,12.0,7.0,7.0,0.0,7.0,5.0,41.0,21,0.0,0.0,0.0,0.0,0.0,0.0,6.0,9.0,0.0,0,0,0,0.0,0.0,0.0,0.0,13.0,139.0,89.0,0.17073170731707318,0.5121951219512195,,,,,0.38461538461538464,,1.5,0.875,0.875,0.0,0.875,0.625,5.125,2.625,0.0,0.0,0.0,0.0,0.0,0.0,0.75,1.125,0.0,0.0,0.0,0.0,0.0,0.0,0.0,0.0,1.625,17.375,11.125,1.625
2026,003253,Marcus Wertheim,Marcus,Wertheim,M,Midfield,2,RED,Redwoods,2026-05-09,2026-05-16,1.0,0.0,0.0,0.0,0.0,1.0,7.0,3,0.0,0.0,0.0,0.0,0.0,0.0,1.0,2.0,0.0,0,0,0,0.0,0.0,0.0,0.0,3.0,48.0,39.0,0.0,0.42857142857142855,,,,,0.3333333333333333,,0.5,0.0,0.0,0.0,0.0,0.5,3.5,1.5,0.0,0.0,0.0,0.0,0.0,0.0,0.5,1.0,0.0,0.0,0.0,0.0,0.0,0.0,0.0,0.0,1.5,24.0,19.5,1.5
2026,003254,Peter Detwiler,Peter,Detwiler,SSDM,Defensive Midfield,11,CHA,Chaos,2026-05-09,2026-08-01,2.0,2.0,2.0,0.0,2.0,0.0,5.0,5,0.0,0.0,0.0,0.0,0.0,0.0,16.0,3.0,2.0,2,5,8,0.0,0.0,2.0,1.0,5.0,82.0,74.0,0.4,1.0,0.25,,,,0.0,,0.18181818181818182,0.18181818181818182,0.18181818181818182,0.0,0.18181818181818182,0.0,0.45454545454545453,0.45454545454545453,0.0,0.0,0.0,0.0,0.0,0.0,1.4545454545454546,0.2727272727272727,0.18181818181818182,0.18181818181818182,0.45454545454545453,0.7272727272727273,0.0,0.0,0.18181818181818182,0.09090909090909091,0.45454545454545453,7.454545454545454,6.7272727272727275,0.45454545454545453
2026,003255,Joe Juengerkes,Joe,Juengerkes,SSDM,Defensive Midfield,6,WHP,Whipsnakes,2026-05-09,2026-08-01,2.0,0.0,0.0,0.0,0.0,2.0,0.0,0,0.0,0.0,0.0,0.0,0.0,0.0,4.0,1.0,1.0,1,17,18,0.0,0.0,1.0,1.0,2.0,41.0,40.0,,,0.05555555555555555,,,,1.0,,0.3333333333333333,0.0,0.0,0.0,0.0,0.3333333333333333,0.0,0.0,0.0,0.0,0.0,0.0,0.0,0.0,0.6666666666666666,0.16666666666666666,0.16666666666666666,0.16666666666666666,2.8333333333333335,3.0,0.0,0.0,0.16666666666666666,0.16666666666666666,0.3333333333333333,6.833333333333333,6.666666666666667,0.3333333333333333
2026,003256,Nolan Byrne,Nolan,Byrne,M,Midfield,2,OUT,Outlaws,2026-07-26,2026-08-01,3.0,3.0,3.0,0.0,3.0,0.0,7.0,6,0.0,0.0,0.0,0.0,0.0,0.0,1.0,5.0,0.0,0,0,0,0.0,0.0,0.0,0.0,0.0,21.0,9.0,0.42857142857142855,0.8571428571428571,,,,,,,1.5,1.5,1.5,0.0,1.5,0.0,3.5,3.0,0.0,0.0,0.0,0.0,0.0,0.0,0.5,2.5,0.0,0.0,0.0,0.0,0.0,0.0,0.0,0.0,0.0,10.5,4.5,0.0
2026,003257,Teddy Malone,Teddy,Malone,M,Midfield,9,CHA,Chaos,2026-05-09,2026-08-01,20.0,13.0,13.0,0.0,13.0,7.0,35.0,21,0.0,0.0,0.0,0.0,0.0,0.0,3.0,8.0,1.0,0,0,0,0.0,0.0,0.0,0.0,11.0,184.0,141.0,0.37142857142857144,0.6,,,,,0.6363636363636364,,2.2222222222222223,1.4444444444444444,1.4444444444444444,0.0,1.4444444444444444,0.7777777777777778,3.888888888888889,2.3333333333333335,0.0,0.0,0.0,0.0,0.0,0.0,0.3333333333333333,0.8888888888888888,0.1111111111111111,0.0,0.0,0.0,0.0,0.0,0.0,0.0,1.2222222222222223,20.444444444444443,15.666666666666666,1.2222222222222223
2026,003259,Liam Kammar,Liam,Kammar,SSDM,Defensive Midfield,5,ATL,Atlas,2026-05-09,2026-06-21,0.0,0.0,0.0,0.0,0.0,0.0,1.0,1,0.0,0.0,0.0,0.0,0.0,0.0,4.0,0.0,1.0,0,0,0,0.0,0.0,0.0,0.0,0.0,21.0,20.0,0.0,1.0,,,,,,,0.0,0.0,0.0,0.0,0.0,0.0,0.2,0.2,0.0,0.0,0.0,0.0,0.0,0.0,0.8,0.0,0.2,0.0,0.0,0.0,0.0,0.0,0.0,0.0,0.0,4.2,4.0,0.0
2026,003260,Jack Pilling,Jack,Pilling,SSDM,Defensive Midfield,6,WHP,Whipsnakes,2026-05-16,2026-08-01,1.0,0.0,0.0,0.0,0.0,1.0,1.0,0,0.0,0.0,0.0,0.0,0.0,0.0,11.0,1.0,4.0,0,8,8,0.0,0.0,1.0,0.5,3.0,46.0,44.0,0.0,0.0,0.0,,,,0.3333333333333333,,0.16666666666666666,0.0,0.0,0.0,0.0,0.16666666666666666,0.16666666666666666,0.0,0.0,0.0,0.0,0.0,0.0,0.0,1.8333333333333333,0.16666666666666666,0.6666666666666666,0.0,1.3333333333333333,1.3333333333333333,0.0,0.0,0.16666666666666666,0.08333333333333333,0.5,7.666666666666667,7.333333333333333,0.5
2026,003261,Truitt Sunderland,Truitt,Sunderland,M,Midfield,6,WHP,Whipsnakes,2026-05-16,2026-08-01,9.0,4.0,4.0,0.0,4.0,5.0,13.0,10,0.0,0.0,0.0,0.0,0.0,0.0,0.0,3.0,0.0,0,0,0,0.0,0.0,0.0,0.0,12.0,78.0,62.0,0.3076923076923077,0.7692307692307693,,,,,0.4166666666666667,,1.5,0.6666666666666666,0.6666666666666666,0.0,0.6666666666666666,0.8333333333333334,2.1666666666666665,1.6666666666666667,0.0,0.0,0.0,0.0,0.0,0.0,0.0,0.5,0.0,0.0,0.0,0.0,0.0,0.0,0.0,0.0,2.0,13.0,10.333333333333334,2.0
2026,003264,Sean Byrne,Sean,Byrne,G,Goalie,5,WAT,Waterdogs,2026-05-17,2026-08-01,0.0,0.0,0.0,0.0,0.0,0.0,0.0,0,0.0,46.0,22.0,24.0,38.0,56.235487600235544,8.0,1.0,1.0,0,0,0,34.0,4.0,0.0,0.0,0.0,69.0,68.0,,,,0.575,47.82608695652174,0.275,,,0.0,0.0,0.0,0.0,0.0,0.0,0.0,0.0,0.0,9.2,4.4,4.8,7.6,11.24709752004711,1.6,0.2,0.2,0.0,0.0,0.0,6.8,0.8,0.0,0.0,0.0,13.8,13.6,0.0
2026,003266,Silas Richmond,Silas,Richmond,A,Attack,5,WAT,Waterdogs,2026-06-28,2026-08-01,4.0,4.0,4.0,0.0,4.0,0.0,18.0,9,0.0,0.0,0.0,0.0,0.0,0.0,7.0,3.0,3.0,0,0,0,0.0,0.0,1.0,1.0,4.0,81.0,60.0,0.2222222222222222,0.5,,,,,0.0,,0.8,0.8,0.8,0.0,0.8,0.0,3.6,1.8,0.0,0.0,0.0,0.0,0.0,0.0,1.4,0.6,0.6,0.0,0.0,0.0,0.0,0.0,0.2,0.2,0.8,16.2,12.0,0.8
2026,003267,Mikey Weisshaar,Mikey,Weisshaar,M,Midfield,10,CAN,Cannons,2026-05-15,2026-08-01,18.0,17.0,17.0,0.0,17.0,1.0,49.0,30,1.0,0.0,0.0,0.0,0.0,0.0,13.0,15.0,2.0,0,0,0,0.0,0.0,0.0,0.0,12.0,242.0,178.0,0.3469387755102041,0.6122448979591837,,,,,0.08333333333333333,0.0,1.8,1.7,1.7,0.0,1.7,0.1,4.9,3.0,0.1,0.0,0.0,0.0,0.0,0.0,1.3,1.5,0.2,0.0,0.0,0.0,0.0,0.0,0.0,0.0,1.2,24.2,17.8,1.2
2026,003269,Brendan Staub,Brendan,Staub,LSM,Long Stick Midfield,8,WAT,Waterdogs,2026-05-31,2026-08-01,1.0,1.0,1.0,0.0,1.0,0.0,9.0,5,6.0,0.0,0.0,0.0,0.0,0.0,13.0,1.0,4.0,0,0,0,0.0,0.0,0.0,0.0,2.0,62.0,52.0,0.1111111111111111,0.5555555555555556,,,,,0.0,0.0,0.125,0.125,0.125,0.0,0.125,0.0,1.125,0.625,0.75,0.0,0.0,0.0,0.0,0.0,1.625,0.125,0.5,0.0,0.0,0.0,0.0,0.0,0.0,0.0,0.25,7.75,6.5,0.25
2026,003270,Evan Plunkett,Evan,Plunkett,M,Midfield,7,OUT,Outlaws,2026-05-16,2026-08-01,8.0,3.0,3.0,0.0,3.0,5.0,33.0,14,0.0,0.0,0.0,0.0,0.0,0.0,5.0,5.0,1.0,0,0,0,0.0,0.0,0.0,0.0,14.0,133.0,95.0,0.09090909090909091,0.42424242424242425,,,,,0.35714285714285715,,1.1428571428571428,0.42857142857142855,0.42857142857142855,0.0,0.42857142857142855,0.7142857142857143,4.714285714285714,2.0,0.0,0.0,0.0,0.0,0.0,0.0,0.7142857142857143,0.7142857142857143,0.14285714285714285,0.0,0.0,0.0,0.0,0.0,0.0,0.0,2.0,19.0,13.571428571428571,2.0
2026,003271,Hunter Smith,Hunter,Smith,D,Defense,7,CAN,Cannons,2026-05-29,2026-08-01,0.0,0.0,0.0,0.0,0.0,0.0,0.0,0,0.0,0.0,0.0,0.0,0.0,0.0,12.0,0.0,6.0,0,0,0,0.0,0.0,1.0,1.0,2.0,30.0,30.0,,,,,,,0.0,,0.0,0.0,0.0,0.0,0.0,0.0,0.0,0.0,0.0,0.0,0.0,0.0,0.0,0.0,1.7142857142857142,0.0,0.8571428571428571,0.0,0.0,0.0,0.0,0.0,0.14285714285714285,0.14285714285714285,0.2857142857142857,4.285714285714286,4.285714285714286,0.2857142857142857
2026,003273,Matt Collison,Matt,Collison,M,Midfield,6,WAT,Waterdogs,2026-06-28,2026-08-01,13.0,11.0,3.0,4.0,7.0,2.0,23.0,14,5.0,0.0,0.0,0.0,0.0,0.0,2.0,6.0,0.0,0,0,0,0.0,0.0,0.0,0.0,6.0,122.0,93.0,0.30434782608695654,0.6086956521739131,,,,,0.3333333333333333,0.8,2.1666666666666665,1.8333333333333333,0.5,0.6666666666666666,1.1666666666666667,0.3333333333333333,3.8333333333333335,2.3333333333333335,0.8333333333333334,0.0,0.0,0.0,0.0,0.0,0.3333333333333333,1.0,0.0,0.0,0.0,0.0,0.0,0.0,0.0,0.0,1.0,20.333333333333332,15.5,1.0
2026,003274,Patty Eldredge,Patty,Eldredge,SSDM,Defensive Midfield,1,WAT,Waterdogs,2026-05-31,2026-05-31,0.0,0.0,0.0,0.0,0.0,0.0,0.0,0,0.0,0.0,0.0,0.0,0.0,0.0,2.0,0.0,1.0,0,0,0,0.0,0.0,0.0,0.0,0.0,5.0,5.0,,,,,,,,,0.0,0.0,0.0,0.0,0.0,0.0,0.0,0.0,0.0,0.0,0.0,0.0,0.0,0.0,2.0,0.0,1.0,0.0,0.0,0.0,0.0,0.0,0.0,0.0,0.0,5.0,5.0,0.0
2026,003275,Andrew McMeekin,Andrew,McMeekin,FO,Faceoff,7,CAN,Cannons,2026-06-07,2026-08-01,6.0,1.0,1.0,0.0,1.0,5.0,16.0,7,2.0,0.0,0.0,0.0,0.0,0.0,59.0,4.0,1.0,113,68,181,0.0,0.0,0.0,0.0,7.0,63.0,43.0,0.0625,0.4375,0.6243093922651933,,,,0.7142857142857143,0.0,0.8571428571428571,0.14285714285714285,0.14285714285714285,0.0,0.14285714285714285,0.7142857142857143,2.2857142857142856,1.0,0.2857142857142857,0.0,0.0,0.0,0.0,0.0,8.428571428571429,0.5714285714285714,0.14285714285714285,16.142857142857142,9.714285714285714,25.857142857142858,0.0,0.0,0.0,0.0,1.0,9.0,6.142857142857143,1.0
2026,003276,Richard Checo,Richard,Checo,LSM,Long Stick Midfield,5,CHA,Chaos,2026-05-31,2026-08-01,0.0,0.0,0.0,0.0,0.0,0.0,0.0,0,0.0,0.0,0.0,0.0,0.0,0.0,2.0,4.0,8.0,0,0,0,0.0,0.0,0.0,0.0,0.0,11.0,7.0,,,,,,,,,0.0,0.0,0.0,0.0,0.0,0.0,0.0,0.0,0.0,0.0,0.0,0.0,0.0,0.0,0.4,0.8,1.6,0.0,0.0,0.0,0.0,0.0,0.0,0.0,0.0,2.2,1.4,0.0
2026,003277,Joey Spallina,Joey,Spallina,A,Attack,8,WHP,Whipsnakes,2026-05-29,2026-08-01,32.0,17.0,13.0,2.0,15.0,15.0,50.0,27,2.0,0.0,0.0,0.0,0.0,0.0,13.0,11.0,0.0,0,0,0,0.0,0.0,3.0,2.0,37.0,316.0,255.0,0.3,0.54,,,,,0.40540540540540543,1.0,4.0,2.125,1.625,0.25,1.875,1.875,6.25,3.375,0.25,0.0,0.0,0.0,0.0,0.0,1.625,1.375,0.0,0.0,0.0,0.0,0.0,0.0,0.375,0.25,4.625,39.5,31.875,4.625
2026,003278,Aidan Maguire,Aidan,Maguire,SSDM,Defensive Midfield,9,ARC,Archers,2026-05-30,2026-08-01,7.0,6.0,4.0,1.0,5.0,1.0,11.0,9,3.0,0.0,0.0,0.0,0.0,0.0,10.0,4.0,2.0,0,0,0,0.0,0.0,3.0,2.0,3.0,70.0,55.0,0.45454545454545453,0.8181818181818182,,,,,0.3333333333333333,0.3333333333333333,0.7777777777777778,0.6666666666666666,0.4444444444444444,0.1111111111111111,0.5555555555555556,0.1111111111111111,1.2222222222222223,1.0,0.3333333333333333,0.0,0.0,0.0,0.0,0.0,1.1111111111111112,0.4444444444444444,0.2222222222222222,0.0,0.0,0.0,0.0,0.0,0.3333333333333333,0.2222222222222222,0.3333333333333333,7.777777777777778,6.111111111111111,0.3333333333333333
2026,003279,Luke Rhoa,Luke,Rhoa,M,Midfield,2,ATL,Atlas,2026-06-06,2026-07-19,0.0,0.0,0.0,0.0,0.0,0.0,8.0,3,1.0,0.0,0.0,0.0,0.0,0.0,1.0,1.0,1.0,0,0,0,0.0,0.0,0.0,0.0,1.0,28.0,19.0,0.0,0.375,,,,,0.0,0.0,0.0,0.0,0.0,0.0,0.0,0.0,4.0,1.5,0.5,0.0,0.0,0.0,0.0,0.0,0.5,0.5,0.5,0.0,0.0,0.0,0.0,0.0,0.0,0.0,0.5,14.0,9.5,0.5
2026,003280,Chad Palumbo,Chad,Palumbo,M,Midfield,9,CHA,Chaos,2026-05-31,2026-08-01,24.0,19.0,17.0,1.0,18.0,5.0,55.0,33,4.0,0.0,0.0,0.0,0.0,0.0,8.0,21.0,4.0,0,0,0,0.0,0.0,0.0,0.0,16.0,174.0,98.0,0.32727272727272727,0.6,,,,,0.3125,0.25,2.6666666666666665,2.111111111111111,1.8888888888888888,0.1111111111111111,2.0,0.5555555555555556,6.111111111111111,3.6666666666666665,0.4444444444444444,0.0,0.0,0.0,0.0,0.0,0.8888888888888888,2.3333333333333335,0.4444444444444444,0.0,0.0,0.0,0.0,0.0,0.0,0.0,1.7777777777777777,19.333333333333332,10.88888888888889,1.7777777777777777
2026,003281,Kyle Lewis,Kyle,Lewis,M,Midfield,7,WAT,Waterdogs,2026-06-07,2026-08-01,6.0,5.0,5.0,0.0,5.0,1.0,18.0,10,0.0,0.0,0.0,0.0,0.0,0.0,5.0,4.0,1.0,0,0,0,0.0,0.0,1.0,0.5,7.0,86.0,64.0,0.2777777777777778,0.5555555555555556,,,,,0.14285714285714285,,0.8571428571428571,0.7142857142857143,0.7142857142857143,0.0,0.7142857142857143,0.14285714285714285,2.5714285714285716,1.4285714285714286,0.0,0.0,0.0,0.0,0.0,0.0,0.7142857142857143,0.5714285714285714,0.14285714285714285,0.0,0.0,0.0,0.0,0.0,0.14285714285714285,0.07142857142857142,1.0,12.285714285714286,9.142857142857142,1.0
2026,003282,Billy Dwan,Billy,Dwan,D,Defense,6,WHP,Whipsnakes,2026-05-29,2026-08-01,2.0,1.0,1.0,0.0,1.0,1.0,3.0,2,1.0,0.0,0.0,0.0,0.0,0.0,8.0,1.0,2.0,0,0,0,0.0,0.0,2.0,1.5,1.0,18.0,14.0,0.3333333333333333,0.6666666666666666,,,,,1.0,0.0,0.3333333333333333,0.16666666666666666,0.16666666666666666,0.0,0.16666666666666666,0.16666666666666666,0.5,0.3333333333333333,0.16666666666666666,0.0,0.0,0.0,0.0,0.0,1.3333333333333333,0.16666666666666666,0.3333333333333333,0.0,0.0,0.0,0.0,0.0,0.3333333333333333,0.25,0.16666666666666666,3.0,2.3333333333333335,0.16666666666666666
2026,003283,Blake Eiland,Blake,Eiland,SSDM,Defensive Midfield,8,WHP,Whipsnakes,2026-05-29,2026-08-01,1.0,1.0,1.0,0.0,1.0,0.0,2.0,2,0.0,0.0,0.0,0.0,0.0,0.0,7.0,0.0,2.0,2,18,20,0.0,0.0,0.0,0.0,1.0,39.0,37.0,0.5,1.0,0.1,,,,0.0,,0.125,0.125,0.125,0.0,0.125,0.0,0.25,0.25,0.0,0.0,0.0,0.0,0.0,0.0,0.875,0.0,0.25,0.25,2.25,2.5,0.0,0.0,0.0,0.0,0.125,4.875,4.625,0.125
2026,003284,Eric Kolar,Eric,Kolar,SSDM,Defensive Midfield,7,WHP,Whipsnakes,2026-05-30,2026-08-01,1.0,1.0,1.0,0.0,1.0,0.0,2.0,1,0.0,0.0,0.0,0.0,0.0,0.0,8.0,1.0,2.0,0,4,4,0.0,0.0,0.0,0.0,1.0,44.0,41.0,0.5,0.5,0.0,,,,0.0,,0.14285714285714285,0.14285714285714285,0.14285714285714285,0.0,0.14285714285714285,0.0,0.2857142857142857,0.14285714285714285,0.0,0.0,0.0,0.0,0.0,0.0,1.1428571428571428,0.14285714285714285,0.2857142857142857,0.0,0.5714285714285714,0.5714285714285714,0.0,0.0,0.0,0.0,0.14285714285714285,6.285714285714286,5.857142857142857,0.14285714285714285
2026,003285,Jack Regnery,Jack,Regnery,A,Attack,6,CAN,Cannons,2026-06-19,2026-08-01,13.0,10.0,10.0,0.0,10.0,3.0,36.0,18,1.0,0.0,0.0,0.0,0.0,0.0,4.0,5.0,0.0,0,0,0,0.0,0.0,0.0,0.0,12.0,124.0,83.0,0.2777777777777778,0.5,,,,,0.25,0.0,2.1666666666666665,1.6666666666666667,1.6666666666666667,0.0,1.6666666666666667,0.5,6.0,3.0,0.16666666666666666,0.0,0.0,0.0,0.0,0.0,0.6666666666666666,0.8333333333333334,0.0,0.0,0.0,0.0,0.0,0.0,0.0,0.0,2.0,20.666666666666668,13.833333333333334,2.0
2026,003286,Will Donovan,Will,Donovan,LSM,Long Stick Midfield,7,CAN,Cannons,2026-06-07,2026-08-01,0.0,0.0,0.0,0.0,0.0,0.0,0.0,0,0.0,0.0,0.0,0.0,0.0,0.0,19.0,0.0,11.0,0,0,0,0.0,0.0,1.0,1.0,1.0,32.0,32.0,,,,,,,0.0,,0.0,0.0,0.0,0.0,0.0,0.0,0.0,0.0,0.0,0.0,0.0,0.0,0.0,0.0,2.7142857142857144,0.0,1.5714285714285714,0.0,0.0,0.0,0.0,0.0,0.14285714285714285,0.14285714285714285,0.14285714285714285,4.571428571428571,4.571428571428571,0.14285714285714285
2026,003288,Josh Yago,Josh,Yago,M,Midfield,8,WAT,Waterdogs,2026-05-31,2026-08-01,14.0,8.0,6.0,1.0,7.0,6.0,27.0,14,3.0,0.0,0.0,0.0,0.0,0.0,7.0,3.0,0.0,0,0,0,0.0,0.0,1.0,1.0,19.0,181.0,151.0,0.25925925925925924,0.5185185185185185,,,,,0.3157894736842105,0.3333333333333333,1.75,1.0,0.75,0.125,0.875,0.75,3.375,1.75,0.375,0.0,0.0,0.0,0.0,0.0,0.875,0.375,0.0,0.0,0.0,0.0,0.0,0.0,0.125,0.125,2.375,22.625,18.875,2.375
2026,003289,Alex Ross,Alex,Ross,D,Defense,8,ATL,Atlas,2026-05-30,2026-08-02,3.0,2.0,0.0,1.0,1.0,1.0,9.0,2,8.0,0.0,0.0,0.0,0.0,0.0,16.0,6.0,3.0,0,0,0,0.0,0.0,2.0,1.0,4.0,88.0,73.0,0.1111111111111111,0.2222222222222222,,,,,0.25,0.125,0.375,0.25,0.0,0.125,0.125,0.125,1.125,0.25,1.0,0.0,0.0,0.0,0.0,0.0,2.0,0.75,0.375,0.0,0.0,0.0,0.0,0.0,0.25,0.125,0.5,11.0,9.125,0.5
2026,003290,John Dunphey,John,Dunphey,M,Midfield,3,OUT,Outlaws,2026-07-25,2026-08-01,1.0,1.0,1.0,0.0,1.0,0.0,6.0,4,0.0,0.0,0.0,0.0,0.0,0.0,1.0,6.0,0.0,1,0,1,0.0,0.0,0.0,0.0,2.0,40.0,28.0,0.16666666666666666,0.6666666666666666,1.0,,,,0.0,,0.3333333333333333,0.3333333333333333,0.3333333333333333,0.0,0.3333333333333333,0.0,2.0,1.3333333333333333,0.0,0.0,0.0,0.0,0.0,0.0,0.3333333333333333,2.0,0.0,0.3333333333333333,0.0,0.3333333333333333,0.0,0.0,0.0,0.0,0.6666666666666666,13.333333333333334,9.333333333333334,0.6666666666666666
2026,003291,Ryan Croddick,Ryan,Croddick,G,Goalie,2,RED,Redwoods,2026-07-17,2026-08-02,0.0,0.0,0.0,0.0,0.0,0.0,0.0,0,0.0,6.0,3.0,3.0,7.0,22.129527991218442,0.0,1.0,1.0,0,0,0,6.0,1.0,0.0,0.0,0.0,6.0,5.0,,,,0.5,50.0,0.25,,,0.0,0.0,0.0,0.0,0.0,0.0,0.0,0.0,0.0,3.0,1.5,1.5,3.5,11.064763995609221,0.0,0.5,0.5,0.0,0.0,0.0,3.0,0.5,0.0,0.0,0.0,3.0,2.5,0.0
2026,003292,Henry Bard,Henry,Bard,D,Defense,5,CHA,Chaos,2026-06-28,2026-07-31,2.0,2.0,0.0,1.0,1.0,0.0,1.0,1,1.0,0.0,0.0,0.0,0.0,0.0,8.0,2.0,3.0,0,0,0,0.0,0.0,0.0,0.0,0.0,30.0,27.0,1.0,1.0,,,,,,1.0,0.4,0.4,0.0,0.2,0.2,0.0,0.2,0.2,0.2,0.0,0.0,0.0,0.0,0.0,1.6,0.4,0.6,0.0,0.0,0.0,0.0,0.0,0.0,0.0,0.0,6.0,5.4,0.0
2026,003293,Hunter Drouin,Hunter,Drouin,A,Attack,2,ATL,Atlas,2026-06-06,2026-07-25,1.0,0.0,0.0,0.0,0.0,1.0,4.0,1,0.0,0.0,0.0,0.0,0.0,0.0,1.0,5.0,0.0,0,0,0,0.0,0.0,1.0,0.5,3.0,34.0,25.0,0.0,0.25,,,,,0.3333333333333333,,0.5,0.0,0.0,0.0,0.0,0.5,2.0,0.5,0.0,0.0,0.0,0.0,0.0,0.0,0.5,2.5,0.0,0.0,0.0,0.0,0.0,0.0,0.5,0.25,1.5,17.0,12.5,1.5
2026,003296,Cullen Brown,Cullen,Brown,D,Defense,8,RED,Redwoods,2026-06-06,2026-08-02,1.0,1.0,1.0,0.0,1.0,0.0,3.0,1,2.0,0.0,0.0,0.0,0.0,0.0,17.0,2.0,6.0,0,0,0,0.0,0.0,0.0,0.0,0.0,51.0,46.0,0.3333333333333333,0.3333333333333333,,,,,,0.0,0.125,0.125,0.125,0.0,0.125,0.0,0.375,0.125,0.25,0.0,0.0,0.0,0.0,0.0,2.125,0.25,0.75,0.0,0.0,0.0,0.0,0.0,0.0,0.0,0.0,6.375,5.75,0.0
2026,003297,Michael Leo,Michael,Leo,M,Midfield,5,RED,Redwoods,2026-06-06,2026-07-17,5.0,3.0,3.0,0.0,3.0,2.0,18.0,13,0.0,0.0,0.0,0.0,0.0,0.0,1.0,4.0,0.0,0,0,0,0.0,0.0,0.0,0.0,7.0,66.0,44.0,0.16666666666666666,0.7222222222222222,,,,,0.2857142857142857,,1.0,0.6,0.6,0.0,0.6,0.4,3.6,2.6,0.0,0.0,0.0,0.0,0.0,0.0,0.2,0.8,0.0,0.0,0.0,0.0,0.0,0.0,0.0,0.0,1.4,13.2,8.8,1.4
2026,003298,Finn Thomson,Finn,Thomson,A,Attack,2,RED,Redwoods,2026-07-31,2026-08-02,2.0,2.0,2.0,0.0,2.0,0.0,3.0,2,0.0,0.0,0.0,0.0,0.0,0.0,2.0,1.0,0.0,0,0,0,0.0,0.0,1.0,2.0,0.0,13.0,9.0,0.6666666666666666,0.6666666666666666,,,,,,,1.0,1.0,1.0,0.0,1.0,0.0,1.5,1.0,0.0,0.0,0.0,0.0,0.0,0.0,1.0,0.5,0.0,0.0,0.0,0.0,0.0,0.0,0.5,1.0,0.0,6.5,4.5,0.0
2026,003300,Ty English,Ty,English,M,Midfield,6,CHA,Chaos,2026-06-28,2026-08-01,3.0,3.0,1.0,1.0,2.0,0.0,9.0,6,1.0,0.0,0.0,0.0,0.0,0.0,14.0,2.0,9.0,1,27,28,0.0,0.0,4.0,3.5,2.0,84.0,73.0,0.2222222222222222,0.6666666666666666,0.03571428571428571,,,,0.0,1.0,0.5,0.5,0.16666666666666666,0.16666666666666666,0.3333333333333333,0.0,1.5,1.0,0.16666666666666666,0.0,0.0,0.0,0.0,0.0,2.3333333333333335,0.3333333333333333,1.5,0.16666666666666666,4.5,4.666666666666667,0.0,0.0,0.6666666666666666,0.5833333333333334,0.3333333333333333,14.0,12.166666666666666,0.3333333333333333
2026,003301,Carson Billig,Carson,Billig,SSDM,Defensive Midfield,2,ATL,Atlas,2026-07-25,2026-08-02,0.0,0.0,0.0,0.0,0.0,0.0,0.0,0,0.0,0.0,0.0,0.0,0.0,0.0,0.0,0.0,0.0,0,0,0,0.0,0.0,0.0,0.0,0.0,3.0,3.0,,,,,,,,,0.0,0.0,0.0,0.0,0.0,0.0,0.0,0.0,0.0,0.0,0.0,0.0,0.0,0.0,0.0,0.0,0.0,0.0,0.0,0.0,0.0,0.0,0.0,0.0,0.0,1.5,1.5,0.0
2026,003302,Vinny Butrico,Vinny,Butrico,A,Attack,1,ATL,Atlas,2026-08-02,2026-08-02,1.0,1.0,1.0,0.0,1.0,0.0,1.0,1,0.0,0.0,0.0,0.0,0.0,0.0,0.0,0.0,0.0,0,0,0,0.0,0.0,0.0,0.0,0.0,4.0,3.0,1.0,1.0,,,,,,,1.0,1.0,1.0,0.0,1.0,0.0,1.0,1.0,0.0,0.0,0.0,0.0,0.0,0.0,0.0,0.0,0.0,0.0,0.0,0.0,0.0,0.0,0.0,0.0,0.0,4.0,3.0,0.0
2026,003303,Leif Hagerup,Leif,Hagerup,SSDM,Defensive Midfield,1,CHA,Chaos,2026-08-01,2026-08-01,0.0,0.0,0.0,0.0,0.0,0.0,0.0,0,0.0,0.0,0.0,0.0,0.0,0.0,0.0,0.0,0.0,0,0,0,0.0,0.0,0.0,0.0,0.0,2.0,2.0,,,,,,,,,0.0,0.0,0.0,0.0,0.0,0.0,0.0,0.0,0.0,0.0,0.0,0.0,0.0,0.0,0.0,0.0,0.0,0.0,0.0,0.0,0.0,0.0,0.0,0.0,0.0,2.0,2.0,0.0
