player_id,full_name,position,position_name,split_type,games,first_game_date,last_game_date,opponents,teams,points,scoring_points,one_point_goals,two_point_goals,goals,assists,shots,shots_on_goal,two_point_shots,saves,clean_saves,messy_saves,scores_against,saa,ground_balls,turnovers,caused_turnovers,faceoffs_won,faceoffs_lost,faceoffs,goals_against,two_point_goals_against,num_penalties,pim,assist_opportunities,touches,total_passes,shot_pct_calc,shots_on_goal_rate_calc,faceoff_pct_calc,save_pct_calc,clean_save_pct,clean_save_rate,assist_conv_rate,two_pt_conversion,points_per_game,scoring_points_per_game,one_point_goals_per_game,two_point_goals_per_game,goals_per_game,assists_per_game,shots_per_game,shots_on_goal_per_game,two_point_shots_per_game,saves_per_game,clean_saves_per_game,messy_saves_per_game,scores_against_per_game,saa_per_game,ground_balls_per_game,turnovers_per_game,caused_turnovers_per_game,faceoffs_won_per_game,faceoffs_lost_per_game,faceoffs_per_game,goals_against_per_game,two_point_goals_against_per_game,num_penalties_per_game,pim_per_game,assist_opportunities_per_game,touches_per_game,total_passes_per_game,assist_opp_per_game
000201,Adam Ghitelman,G,Goalie,last_10,2,2022-09-03,2022-09-11,CHA|RED,ARC,0.0,0.0,0.0,0.0,0.0,0.0,0.0,0,0.0,24.0,10.0,14.0,17.0,16.99722318639361,5.0,0.0,0.0,0,0,0,17.0,0.0,0.0,0.0,0.0,31.0,31.0,,,,0.5853658536585366,41.66666666666667,0.24390243902439024,,,0.0,0.0,0.0,0.0,0.0,0.0,0.0,0.0,0.0,12.0,5.0,7.0,8.5,8.498611593196806,2.5,0.0,0.0,0.0,0.0,0.0,8.5,0.0,0.0,0.0,0.0,15.5,15.5,0.0
000207,Dominique Alexander,SSDM,Defensive Midfield,last_10,2,2022-09-03,2022-09-11,CHA|RED,ARC,0.0,0.0,0.0,0.0,0.0,0.0,0.0,0,0.0,0.0,0.0,0.0,0.0,0.0,4.0,1.0,0.0,0,0,0,0.0,0.0,0.0,0.0,1.0,15.0,14.0,,,,,,,0.0,,0.0,0.0,0.0,0.0,0.0,0.0,0.0,0.0,0.0,0.0,0.0,0.0,0.0,0.0,2.0,0.5,0.0,0.0,0.0,0.0,0.0,0.0,0.0,0.0,0.5,7.5,7.0,0.5
000211,Ian MacKay,SSDM,Defensive Midfield,last_10,6,2022-09-03,2024-09-07,ARC|CAN|OUT|RED|WAT,CHA,1.0,0.0,0.0,0.0,0.0,1.0,9.0,5,1.0,0.0,0.0,0.0,0.0,0.0,2.0,4.0,0.0,0,2,2,0.0,0.0,1.0,1.0,2.0,38.0,25.0,0.0,0.5555555555555556,0.0,,,,0.5,0.0,0.16666666666666666,0.0,0.0,0.0,0.0,0.16666666666666666,1.5,0.8333333333333334,0.16666666666666666,0.0,0.0,0.0,0.0,0.0,0.3333333333333333,0.6666666666666666,0.0,0.0,0.3333333333333333,0.3333333333333333,0.0,0.0,0.16666666666666666,0.16666666666666666,0.3333333333333333,6.333333333333333,4.166666666666667,0.3333333333333333
000216,Marcus Holman,A,Attack,last_10,6,2022-09-03,2026-08-30,ATL|CHA|RED|WAT|WHP,ARC|CAN,10.0,7.0,7.0,0.0,7.0,3.0,27.0,15,7.0,0.0,0.0,0.0,0.0,0.0,16.0,8.0,2.0,0,0,0,0.0,0.0,0.0,0.0,8.0,189.0,154.0,0.25925925925925924,0.5555555555555556,,,,,0.375,0.0,1.6666666666666667,1.1666666666666667,1.1666666666666667,0.0,1.1666666666666667,0.5,4.5,2.5,1.1666666666666667,0.0,0.0,0.0,0.0,0.0,2.6666666666666665,1.3333333333333333,0.3333333333333333,0.0,0.0,0.0,0.0,0.0,0.0,0.0,1.3333333333333333,31.5,25.666666666666668,1.3333333333333333
000217,Mark McNeill,SSDM,Defensive Midfield,last_10,2,2022-09-03,2022-09-11,CHA|RED,ARC,0.0,0.0,0.0,0.0,0.0,0.0,0.0,0,0.0,0.0,0.0,0.0,0.0,0.0,0.0,0.0,0.0,0,0,0,0.0,0.0,0.0,0.0,0.0,5.0,5.0,,,,,,,,,0.0,0.0,0.0,0.0,0.0,0.0,0.0,0.0,0.0,0.0,0.0,0.0,0.0,0.0,0.0,0.0,0.0,0.0,0.0,0.0,0.0,0.0,0.0,0.0,0.0,2.5,2.5,0.0
000218,Matt McMahon,D,Defense,last_10,4,2022-09-03,2023-09-24,CHA|RED|WAT,ARC,0.0,0.0,0.0,0.0,0.0,0.0,0.0,0,0.0,0.0,0.0,0.0,0.0,0.0,5.0,0.0,3.0,0,0,0,0.0,0.0,0.0,0.0,0.0,12.0,12.0,,,,,,,,,0.0,0.0,0.0,0.0,0.0,0.0,0.0,0.0,0.0,0.0,0.0,0.0,0.0,0.0,1.25,0.0,0.75,0.0,0.0,0.0,0.0,0.0,0.0,0.0,0.0,3.0,3.0,0.0
000221,Ryan Ambler,M,Midfield,last_10,6,2022-09-03,2024-09-15,CHA|RED|WAT|WHP,ARC,6.0,4.0,4.0,0.0,4.0,2.0,12.0,7,0.0,0.0,0.0,0.0,0.0,0.0,6.0,7.0,2.0,0,0,0,0.0,0.0,1.0,1.0,7.0,89.0,70.0,0.3333333333333333,0.5833333333333334,,,,,0.2857142857142857,,1.0,0.6666666666666666,0.6666666666666666,0.0,0.6666666666666666,0.3333333333333333,2.0,1.1666666666666667,0.0,0.0,0.0,0.0,0.0,0.0,1.0,1.1666666666666667,0.3333333333333333,0.0,0.0,0.0,0.0,0.0,0.16666666666666666,0.16666666666666666,1.1666666666666667,14.833333333333334,11.666666666666666,1.1666666666666667
000223,Scott Ratliff,D,Defense,last_10,2,2022-09-03,2022-09-11,CHA|RED,ARC,0.0,0.0,0.0,0.0,0.0,0.0,0.0,0,0.0,0.0,0.0,0.0,0.0,0.0,7.0,0.0,0.0,0,0,0,0.0,0.0,0.0,0.0,3.0,25.0,25.0,,,,,,,0.0,,0.0,0.0,0.0,0.0,0.0,0.0,0.0,0.0,0.0,0.0,0.0,0.0,0.0,0.0,3.5,0.0,0.0,0.0,0.0,0.0,0.0,0.0,0.0,0.0,1.5,12.5,12.5,1.5
000225,Tom Schreiber,M,Midfield,last_10,4,2022-09-03,2023-09-24,CHA|RED|WAT,ARC,7.0,6.0,6.0,0.0,6.0,1.0,28.0,13,4.0,0.0,0.0,0.0,0.0,0.0,5.0,2.0,0.0,0,0,0,0.0,0.0,0.0,0.0,19.0,127.0,97.0,0.21428571428571427,0.4642857142857143,,,,,0.05263157894736842,0.0,1.75,1.5,1.5,0.0,1.5,0.25,7.0,3.25,1.0,0.0,0.0,0.0,0.0,0.0,1.25,0.5,0.0,0.0,0.0,0.0,0.0,0.0,0.0,0.0,4.75,31.75,24.25,4.75
000227,Will Manny,A,Attack,last_10,3,2022-09-03,2023-09-04,CHA|RED|WAT,ARC|WHP,3.0,1.0,1.0,0.0,1.0,2.0,11.0,5,0.0,0.0,0.0,0.0,0.0,0.0,0.0,3.0,0.0,0,0,0,0.0,0.0,0.0,0.0,10.0,67.0,53.0,0.09090909090909091,0.45454545454545453,,,,,0.2,,1.0,0.3333333333333333,0.3333333333333333,0.0,0.3333333333333333,0.6666666666666666,3.6666666666666665,1.6666666666666667,0.0,0.0,0.0,0.0,0.0,0.0,0.0,1.0,0.0,0.0,0.0,0.0,0.0,0.0,0.0,0.0,3.3333333333333335,22.333333333333332,17.666666666666668,3.3333333333333335
000231,Chris Cloutier,A,Attack,last_10,4,2022-09-03,2023-09-04,ARC|OUT|RED|WAT,CHA,8.0,6.0,6.0,0.0,6.0,2.0,19.0,14,2.0,0.0,0.0,0.0,0.0,0.0,5.0,7.0,0.0,0,0,0,0.0,0.0,0.0,0.0,13.0,78.0,52.0,0.3157894736842105,0.7368421052631579,,,,,0.15384615384615385,0.0,2.0,1.5,1.5,0.0,1.5,0.5,4.75,3.5,0.5,0.0,0.0,0.0,0.0,0.0,1.25,1.75,0.0,0.0,0.0,0.0,0.0,0.0,0.0,0.0,3.25,19.5,13.0,3.25
000234,Eric Law,A,Attack,last_10,3,2022-09-03,2024-09-02,CAN|WAT|WHP,ATL|OUT,3.0,2.0,2.0,0.0,2.0,1.0,8.0,6,0.0,0.0,0.0,0.0,0.0,0.0,1.0,7.0,1.0,0,0,0,0.0,0.0,0.0,0.0,9.0,76.0,61.0,0.25,0.75,,,,,0.1111111111111111,,1.0,0.6666666666666666,0.6666666666666666,0.0,0.6666666666666666,0.3333333333333333,2.6666666666666665,2.0,0.0,0.0,0.0,0.0,0.0,0.0,0.3333333333333333,2.3333333333333335,0.3333333333333333,0.0,0.0,0.0,0.0,0.0,0.0,0.0,3.0,25.333333333333332,20.333333333333332,3.0
000235,Jake Richard,SSDM,Defensive Midfield,last_10,2,2022-09-03,2023-09-04,CAN|WAT,ATL,0.0,0.0,0.0,0.0,0.0,0.0,3.0,1,1.0,0.0,0.0,0.0,0.0,0.0,0.0,0.0,1.0,0,0,0,0.0,0.0,1.0,0.5,0.0,19.0,16.0,0.0,0.3333333333333333,,,,,,0.0,0.0,0.0,0.0,0.0,0.0,0.0,1.5,0.5,0.5,0.0,0.0,0.0,0.0,0.0,0.0,0.0,0.5,0.0,0.0,0.0,0.0,0.0,0.5,0.25,0.0,9.5,8.0,0.0
000240,Kieran McArdle,A,Attack,last_10,8,2022-09-03,2025-09-01,ARC|ATL|CAN|CHA|WHP,WAT,33.0,21.0,21.0,0.0,21.0,12.0,58.0,40,0.0,0.0,0.0,0.0,0.0,0.0,14.0,19.0,0.0,0,0,0,0.0,0.0,1.0,0.5,34.0,257.0,180.0,0.3620689655172414,0.6896551724137931,,,,,0.35294117647058826,,4.125,2.625,2.625,0.0,2.625,1.5,7.25,5.0,0.0,0.0,0.0,0.0,0.0,0.0,1.75,2.375,0.0,0.0,0.0,0.0,0.0,0.0,0.125,0.0625,4.25,32.125,22.5,4.25
000241,Jack Concannon,G,Goalie,last_10,2,2022-09-03,2023-09-04,CAN|WAT,ATL,0.0,0.0,0.0,0.0,0.0,0.0,0.0,0,0.0,11.0,2.0,9.0,29.0,47.56898314076106,2.0,0.0,1.0,0,0,0,27.0,2.0,0.0,0.0,0.0,12.0,12.0,,,,0.2894736842105263,18.181818181818183,0.05263157894736842,,,0.0,0.0,0.0,0.0,0.0,0.0,0.0,0.0,0.0,5.5,1.0,4.5,14.5,23.78449157038053,1.0,0.0,0.5,0.0,0.0,0.0,13.5,1.0,0.0,0.0,0.0,6.0,6.0,0.0
000242,Kyle Hartzell,LSM,Long Stick Midfield,last_10,3,2022-09-03,2023-09-10,ARC|ATL|WAT,CAN|RED,2.0,1.0,1.0,0.0,1.0,1.0,2.0,1,0.0,0.0,0.0,0.0,0.0,0.0,5.0,1.0,3.0,1,14,15,0.0,0.0,1.0,2.0,2.0,11.0,8.0,0.5,0.5,0.06666666666666667,,,,0.5,,0.6666666666666666,0.3333333333333333,0.3333333333333333,0.0,0.3333333333333333,0.3333333333333333,0.6666666666666666,0.3333333333333333,0.0,0.0,0.0,0.0,0.0,0.0,1.6666666666666667,0.3333333333333333,1.0,0.3333333333333333,4.666666666666667,5.0,0.0,0.0,0.3333333333333333,0.6666666666666666,0.6666666666666666,3.6666666666666665,2.6666666666666665,0.6666666666666666
000246,Ryan Brown,A,Attack,last_10,1,2022-09-18,2022-09-18,CHA,WAT,0.0,0.0,0.0,0.0,0.0,0.0,0.0,0,0.0,0.0,0.0,0.0,0.0,0.0,0.0,0.0,0.0,0,0,0,0.0,0.0,0.0,0.0,0.0,1.0,1.0,,,,,,,,,0.0,0.0,0.0,0.0,0.0,0.0,0.0,0.0,0.0,0.0,0.0,0.0,0.0,0.0,0.0,0.0,0.0,0.0,0.0,0.0,0.0,0.0,0.0,0.0,0.0,1.0,1.0,0.0
000251,Steven DeNapoli,SSDM,Defensive Midfield,last_10,3,2022-09-03,2022-09-18,ATL|CHA|WHP,WAT,1.0,0.0,0.0,0.0,0.0,1.0,0.0,0,0.0,0.0,0.0,0.0,0.0,0.0,1.0,0.0,1.0,0,0,0,0.0,0.0,0.0,0.0,2.0,10.0,10.0,,,,,,,0.5,,0.3333333333333333,0.0,0.0,0.0,0.0,0.3333333333333333,0.0,0.0,0.0,0.0,0.0,0.0,0.0,0.0,0.3333333333333333,0.0,0.3333333333333333,0.0,0.0,0.0,0.0,0.0,0.0,0.0,0.6666666666666666,3.3333333333333335,3.3333333333333335,0.6666666666666666
000254,Trevor Baptiste,FO,Faceoff,last_10,5,2022-09-03,2025-09-14,CAN|OUT|WAT|WHP,ATL,4.0,4.0,2.0,1.0,3.0,0.0,7.0,6,2.0,0.0,0.0,0.0,0.0,0.0,61.0,7.0,1.0,97,46,144,0.0,0.0,0.0,0.0,3.0,68.0,54.0,0.42857142857142855,0.8571428571428571,0.6736111111111112,,,,0.0,0.5,0.8,0.8,0.4,0.2,0.6,0.0,1.4,1.2,0.4,0.0,0.0,0.0,0.0,0.0,12.2,1.4,0.2,19.4,9.2,28.8,0.0,0.0,0.0,0.0,0.6,13.6,10.8,0.6
000255,Tucker Durkin,D,Defense,last_10,2,2022-09-03,2023-09-04,CAN|WAT,ATL,0.0,0.0,0.0,0.0,0.0,0.0,0.0,0,0.0,0.0,0.0,0.0,0.0,0.0,2.0,0.0,1.0,0,0,0,0.0,0.0,0.0,0.0,0.0,8.0,8.0,,,,,,,,,0.0,0.0,0.0,0.0,0.0,0.0,0.0,0.0,0.0,0.0,0.0,0.0,0.0,0.0,1.0,0.0,0.5,0.0,0.0,0.0,0.0,0.0,0.0,0.0,0.0,4.0,4.0,0.0
000258,Blaze Riorden,G,Goalie,last_10,7,2022-09-03,2025-08-24,ARC|CAN|OUT|RED|WAT,CHA,2.0,0.0,0.0,0.0,0.0,2.0,1.0,0,1.0,95.0,38.0,57.0,64.0,64.00277970813065,20.0,1.0,1.0,0,0,0,61.0,3.0,0.0,0.0,3.0,120.0,118.0,0.0,0.0,,0.6089743589743589,40.0,0.24358974358974358,0.6666666666666666,0.0,0.2857142857142857,0.0,0.0,0.0,0.0,0.2857142857142857,0.14285714285714285,0.0,0.14285714285714285,13.571428571428571,5.428571428571429,8.142857142857142,9.142857142857142,9.143254244018664,2.857142857142857,0.14285714285714285,0.14285714285714285,0.0,0.0,0.0,8.714285714285714,0.42857142857142855,0.0,0.0,0.42857142857142855,17.142857142857142,16.857142857142858,0.42857142857142855
000262,Connor Fields,A,Attack,last_10,5,2022-09-03,2024-09-15,CHA|RED|WHP,ARC,10.0,6.0,6.0,0.0,6.0,4.0,22.0,13,1.0,0.0,0.0,0.0,0.0,0.0,14.0,10.0,2.0,0,0,0,0.0,0.0,0.0,0.0,12.0,132.0,100.0,0.2727272727272727,0.5909090909090909,,,,,0.3333333333333333,0.0,2.0,1.2,1.2,0.0,1.2,0.8,4.4,2.6,0.2,0.0,0.0,0.0,0.0,0.0,2.8,2.0,0.4,0.0,0.0,0.0,0.0,0.0,0.0,0.0,2.4,26.4,20.0,2.4
000266,Dhane Smith,M,Midfield,last_10,4,2022-09-03,2023-09-04,ARC|OUT|RED|WAT,CHA,9.0,3.0,3.0,0.0,3.0,6.0,16.0,12,2.0,0.0,0.0,0.0,0.0,0.0,4.0,11.0,1.0,0,0,0,0.0,0.0,1.0,0.5,27.0,147.0,120.0,0.1875,0.75,,,,,0.2222222222222222,0.0,2.25,0.75,0.75,0.0,0.75,1.5,4.0,3.0,0.5,0.0,0.0,0.0,0.0,0.0,1.0,2.75,0.25,0.0,0.0,0.0,0.0,0.0,0.25,0.125,6.75,36.75,30.0,6.75
000269,Jarrod Neumann,D,Defense,last_10,7,2022-09-03,2025-08-24,ARC|CAN|OUT|RED|WAT,CHA,0.0,0.0,0.0,0.0,0.0,0.0,3.0,0,3.0,0.0,0.0,0.0,0.0,0.0,10.0,1.0,3.0,0,0,0,0.0,0.0,3.0,2.5,1.0,47.0,43.0,0.0,0.0,,,,,0.0,0.0,0.0,0.0,0.0,0.0,0.0,0.0,0.42857142857142855,0.0,0.42857142857142855,0.0,0.0,0.0,0.0,0.0,1.4285714285714286,0.14285714285714285,0.42857142857142855,0.0,0.0,0.0,0.0,0.0,0.42857142857142855,0.35714285714285715,0.14285714285714285,6.714285714285714,6.142857142857143,0.14285714285714285
000272,Josh Byrne,A,Attack,last_10,6,2022-09-03,2024-09-07,ARC|CAN|OUT|RED|WAT,CHA,17.0,11.0,11.0,0.0,11.0,6.0,46.0,28,0.0,0.0,0.0,0.0,0.0,0.0,8.0,12.0,0.0,0,0,0,0.0,0.0,2.0,2.0,20.0,177.0,119.0,0.2391304347826087,0.6086956521739131,,,,,0.3,,2.8333333333333335,1.8333333333333333,1.8333333333333333,0.0,1.8333333333333333,1.0,7.666666666666667,4.666666666666667,0.0,0.0,0.0,0.0,0.0,0.0,1.3333333333333333,2.0,0.0,0.0,0.0,0.0,0.0,0.0,0.3333333333333333,0.3333333333333333,3.3333333333333335,29.5,19.833333333333332,3.3333333333333335
000275,Mark Glicini,SSDM,Defensive Midfield,last_10,5,2022-09-03,2025-08-24,ARC|OUT|RED|WAT,CHA,0.0,0.0,0.0,0.0,0.0,0.0,2.0,2,2.0,0.0,0.0,0.0,0.0,0.0,8.0,1.0,0.0,0,2,2,0.0,0.0,2.0,1.5,2.0,36.0,33.0,0.0,1.0,0.0,,,,0.0,0.0,0.0,0.0,0.0,0.0,0.0,0.0,0.4,0.4,0.4,0.0,0.0,0.0,0.0,0.0,1.6,0.2,0.0,0.0,0.4,0.4,0.0,0.0,0.4,0.3,0.4,7.2,6.6,0.4
000276,Matt Rees,D,Defense,last_10,3,2022-09-03,2022-09-18,ARC|OUT|WAT,CHA,3.0,3.0,1.0,1.0,2.0,0.0,2.0,2,1.0,0.0,0.0,0.0,0.0,0.0,5.0,1.0,3.0,0,0,0,0.0,0.0,0.0,0.0,1.0,21.0,18.0,1.0,1.0,,,,,0.0,1.0,1.0,1.0,0.3333333333333333,0.3333333333333333,0.6666666666666666,0.0,0.6666666666666666,0.6666666666666666,0.3333333333333333,0.0,0.0,0.0,0.0,0.0,1.6666666666666667,0.3333333333333333,1.0,0.0,0.0,0.0,0.0,0.0,0.0,0.0,0.3333333333333333,7.0,6.0,0.3333333333333333
000278,Myles Jones,M,Midfield,last_10,3,2022-09-03,2024-09-07,ARC|CAN|WHP,ATL|RED,4.0,3.0,3.0,0.0,3.0,1.0,14.0,6,4.0,0.0,0.0,0.0,0.0,0.0,3.0,4.0,0.0,0,0,0,0.0,0.0,0.0,0.0,7.0,47.0,29.0,0.21428571428571427,0.42857142857142855,,,,,0.14285714285714285,0.0,1.3333333333333333,1.0,1.0,0.0,1.0,0.3333333333333333,4.666666666666667,2.0,1.3333333333333333,0.0,0.0,0.0,0.0,0.0,1.0,1.3333333333333333,0.0,0.0,0.0,0.0,0.0,0.0,0.0,0.0,2.3333333333333335,15.666666666666666,9.666666666666666,2.3333333333333335
000279,Patrick Resch,SSDM,Defensive Midfield,last_10,6,2022-09-03,2024-09-07,ARC|CAN|OUT|RED|WAT,CHA,0.0,0.0,0.0,0.0,0.0,0.0,0.0,0,0.0,0.0,0.0,0.0,0.0,0.0,8.0,1.0,1.0,0,0,0,0.0,0.0,0.0,0.0,3.0,50.0,49.0,,,,,,,0.0,,0.0,0.0,0.0,0.0,0.0,0.0,0.0,0.0,0.0,0.0,0.0,0.0,0.0,0.0,1.3333333333333333,0.16666666666666666,0.16666666666666666,0.0,0.0,0.0,0.0,0.0,0.0,0.0,0.5,8.333333333333334,8.166666666666666,0.5
000281,Troy Reh,LSM,Long Stick Midfield,last_10,7,2022-09-03,2025-08-24,ARC|CAN|OUT|RED|WAT,CHA,0.0,0.0,0.0,0.0,0.0,0.0,1.0,1,0.0,0.0,0.0,0.0,0.0,0.0,24.0,1.0,5.0,0,0,0,0.0,0.0,0.0,0.0,2.0,54.0,52.0,0.0,1.0,,,,,0.0,,0.0,0.0,0.0,0.0,0.0,0.0,0.14285714285714285,0.14285714285714285,0.0,0.0,0.0,0.0,0.0,0.0,3.4285714285714284,0.14285714285714285,0.7142857142857143,0.0,0.0,0.0,0.0,0.0,0.0,0.0,0.2857142857142857,7.714285714285714,7.428571428571429,0.2857142857142857
000295,Jordan MacIntosh,M,Midfield,last_10,1,2022-09-03,2022-09-03,CHA,OUT,0.0,0.0,0.0,0.0,0.0,0.0,2.0,1,0.0,0.0,0.0,0.0,0.0,0.0,0.0,1.0,0.0,0,0,0,0.0,0.0,0.0,0.0,2.0,12.0,9.0,0.0,0.5,,,,,0.0,,0.0,0.0,0.0,0.0,0.0,0.0,2.0,1.0,0.0,0.0,0.0,0.0,0.0,0.0,0.0,1.0,0.0,0.0,0.0,0.0,0.0,0.0,0.0,0.0,2.0,12.0,9.0,2.0
000302,Michael Manley,D,Defense,last_10,5,2022-09-03,2026-08-29,ATL|CHA|RED|WHP,OUT,0.0,0.0,0.0,0.0,0.0,0.0,7.0,4,4.0,0.0,0.0,0.0,0.0,0.0,6.0,0.0,3.0,0,0,0,0.0,0.0,0.0,0.0,1.0,39.0,32.0,0.0,0.5714285714285714,,,,,0.0,0.0,0.0,0.0,0.0,0.0,0.0,0.0,1.4,0.8,0.8,0.0,0.0,0.0,0.0,0.0,1.2,0.0,0.6,0.0,0.0,0.0,0.0,0.0,0.0,0.0,0.2,7.8,6.4,0.2
000305,Romar Dennis,M,Midfield,last_10,5,2022-09-03,2025-09-01,ARC|CHA|OUT|WAT,ATL|RED,8.0,6.0,2.0,2.0,4.0,2.0,22.0,12,9.0,0.0,0.0,0.0,0.0,0.0,3.0,2.0,0.0,0,0,0,0.0,0.0,0.0,0.0,6.0,79.0,55.0,0.18181818181818182,0.5454545454545454,,,,,0.3333333333333333,0.2222222222222222,1.6,1.2,0.4,0.4,0.8,0.4,4.4,2.4,1.8,0.0,0.0,0.0,0.0,0.0,0.6,0.4,0.0,0.0,0.0,0.0,0.0,0.0,0.0,0.0,1.2,15.8,11.0,1.2
000308,Will Haus,SSDM,Defensive Midfield,last_10,2,2022-09-03,2024-09-02,CHA|WHP,OUT,0.0,0.0,0.0,0.0,0.0,0.0,1.0,1,0.0,0.0,0.0,0.0,0.0,0.0,2.0,1.0,1.0,0,0,0,0.0,0.0,0.0,0.0,2.0,18.0,16.0,0.0,1.0,,,,,0.0,,0.0,0.0,0.0,0.0,0.0,0.0,0.5,0.5,0.0,0.0,0.0,0.0,0.0,0.0,1.0,0.5,0.5,0.0,0.0,0.0,0.0,0.0,0.0,0.0,1.0,9.0,8.0,1.0
000314,Eddy Glazener,D,Defense,last_10,2,2023-09-04,2023-09-10,ARC|CHA,RED,0.0,0.0,0.0,0.0,0.0,0.0,3.0,1,3.0,0.0,0.0,0.0,0.0,0.0,5.0,0.0,1.0,0,0,0,0.0,0.0,1.0,0.5,0.0,22.0,19.0,0.0,0.3333333333333333,,,,,,0.0,0.0,0.0,0.0,0.0,0.0,0.0,1.5,0.5,1.5,0.0,0.0,0.0,0.0,0.0,2.5,0.0,0.5,0.0,0.0,0.0,0.0,0.0,0.5,0.25,0.0,11.0,9.5,0.0
000315,Garrett Epple,D,Defense,last_10,4,2022-09-03,2024-09-02,ARC|CHA,CAN|RED,0.0,0.0,0.0,0.0,0.0,0.0,1.0,0,1.0,0.0,0.0,0.0,0.0,0.0,5.0,2.0,3.0,0,0,0,0.0,0.0,1.0,0.5,0.0,32.0,29.0,0.0,0.0,,,,,,0.0,0.0,0.0,0.0,0.0,0.0,0.0,0.25,0.0,0.25,0.0,0.0,0.0,0.0,0.0,1.25,0.5,0.75,0.0,0.0,0.0,0.0,0.0,0.25,0.125,0.0,8.0,7.25,0.0
000318,Jack Kelly,G,Goalie,last_10,3,2022-09-03,2023-09-10,ARC|CHA,RED,0.0,0.0,0.0,0.0,0.0,0.0,0.0,0,0.0,36.0,14.0,22.0,30.0,37.12894104864639,3.0,1.0,0.0,0,0,0,29.0,1.0,0.0,0.0,0.0,49.0,48.0,,,,0.5538461538461539,38.88888888888889,0.2153846153846154,,,0.0,0.0,0.0,0.0,0.0,0.0,0.0,0.0,0.0,12.0,4.666666666666667,7.333333333333333,10.0,12.37631368288213,1.0,0.3333333333333333,0.0,0.0,0.0,0.0,9.666666666666666,0.3333333333333333,0.0,0.0,0.0,16.333333333333332,16.0,0.0
000319,Jack Near,SSDM,Defensive Midfield,last_10,1,2022-09-03,2022-09-03,ARC,RED,0.0,0.0,0.0,0.0,0.0,0.0,0.0,0,0.0,0.0,0.0,0.0,0.0,0.0,2.0,0.0,0.0,0,0,0,0.0,0.0,0.0,0.0,0.0,6.0,6.0,,,,,,,,,0.0,0.0,0.0,0.0,0.0,0.0,0.0,0.0,0.0,0.0,0.0,0.0,0.0,0.0,2.0,0.0,0.0,0.0,0.0,0.0,0.0,0.0,0.0,0.0,0.0,6.0,6.0,0.0
000322,John Sexton,LSM,Long Stick Midfield,last_10,3,2022-09-03,2023-09-10,ARC|CHA,RED,0.0,0.0,0.0,0.0,0.0,0.0,1.0,0,0.0,0.0,0.0,0.0,0.0,0.0,4.0,3.0,0.0,1,4,5,0.0,0.0,0.0,0.0,3.0,10.0,6.0,0.0,0.0,0.2,,,,0.0,,0.0,0.0,0.0,0.0,0.0,0.0,0.3333333333333333,0.0,0.0,0.0,0.0,0.0,0.0,0.0,1.3333333333333333,1.0,0.0,0.3333333333333333,1.3333333333333333,1.6666666666666667,0.0,0.0,0.0,0.0,1.0,3.3333333333333335,2.0,1.0
000327,Matt Kavanagh,A,Attack,last_10,3,2022-09-03,2023-09-10,ARC|ATL|WAT,CAN|RED,5.0,4.0,4.0,0.0,4.0,1.0,18.0,13,1.0,0.0,0.0,0.0,0.0,0.0,12.0,7.0,0.0,0,0,0,0.0,0.0,0.0,0.0,5.0,75.0,50.0,0.2222222222222222,0.7222222222222222,,,,,0.2,0.0,1.6666666666666667,1.3333333333333333,1.3333333333333333,0.0,1.3333333333333333,0.3333333333333333,6.0,4.333333333333333,0.3333333333333333,0.0,0.0,0.0,0.0,0.0,4.0,2.3333333333333335,0.0,0.0,0.0,0.0,0.0,0.0,0.0,0.0,1.6666666666666667,25.0,16.666666666666668,1.6666666666666667
000333,Sergio Perkovic,M,Midfield,last_10,4,2022-09-03,2025-08-24,ARC|CAN|RED,CHA|RED,2.0,2.0,2.0,0.0,2.0,0.0,7.0,4,3.0,0.0,0.0,0.0,0.0,0.0,1.0,0.0,0.0,0,0,0,0.0,0.0,2.0,2.0,3.0,48.0,41.0,0.2857142857142857,0.5714285714285714,,,,,0.0,0.0,0.5,0.5,0.5,0.0,0.5,0.0,1.75,1.0,0.75,0.0,0.0,0.0,0.0,0.0,0.25,0.0,0.0,0.0,0.0,0.0,0.0,0.0,0.5,0.5,0.75,12.0,10.25,0.75
000337,Bryce Young,D,Defense,last_10,3,2022-09-11,2024-09-02,CHA|WAT,CAN|WHP,0.0,0.0,0.0,0.0,0.0,0.0,0.0,0,0.0,0.0,0.0,0.0,0.0,0.0,5.0,0.0,9.0,0,0,0,0.0,0.0,1.0,0.5,0.0,22.0,22.0,,,,,,,,,0.0,0.0,0.0,0.0,0.0,0.0,0.0,0.0,0.0,0.0,0.0,0.0,0.0,0.0,1.6666666666666667,0.0,3.0,0.0,0.0,0.0,0.0,0.0,0.3333333333333333,0.16666666666666666,0.0,7.333333333333333,7.333333333333333,0.0
000339,Connor Kelly,M,Midfield,last_10,8,2022-09-03,2025-09-01,ARC|ATL|CAN|CHA|WHP,WAT,14.0,10.0,8.0,1.0,9.0,4.0,39.0,25,7.0,0.0,0.0,0.0,0.0,0.0,9.0,5.0,0.0,0,0,0,0.0,0.0,1.0,0.5,13.0,195.0,151.0,0.23076923076923078,0.6410256410256411,,,,,0.3076923076923077,0.14285714285714285,1.75,1.25,1.0,0.125,1.125,0.5,4.875,3.125,0.875,0.0,0.0,0.0,0.0,0.0,1.125,0.625,0.0,0.0,0.0,0.0,0.0,0.0,0.125,0.0625,1.625,24.375,18.875,1.625
000345,Jake Bernhardt,SSDM,Defensive Midfield,last_10,6,2022-09-11,2025-08-23,ARC|ATL|OUT|WAT,WHP,4.0,4.0,2.0,1.0,3.0,0.0,9.0,5,1.0,0.0,0.0,0.0,0.0,0.0,4.0,0.0,7.0,3,1,4,0.0,0.0,0.0,0.0,0.0,43.0,34.0,0.3333333333333333,0.5555555555555556,0.75,,,,,1.0,0.6666666666666666,0.6666666666666666,0.3333333333333333,0.16666666666666666,0.5,0.0,1.5,0.8333333333333334,0.16666666666666666,0.0,0.0,0.0,0.0,0.0,0.6666666666666666,0.0,1.1666666666666667,0.5,0.16666666666666666,0.6666666666666666,0.0,0.0,0.0,0.0,0.0,7.166666666666667,5.666666666666667,0.0
000346,Jay Carlson,A,Attack,last_10,1,2022-09-11,2022-09-11,WAT,WHP,1.0,1.0,1.0,0.0,1.0,0.0,4.0,4,0.0,0.0,0.0,0.0,0.0,0.0,1.0,0.0,0.0,0,0,0,0.0,0.0,1.0,0.5,2.0,13.0,9.0,0.25,1.0,,,,,0.0,,1.0,1.0,1.0,0.0,1.0,0.0,4.0,4.0,0.0,0.0,0.0,0.0,0.0,0.0,1.0,0.0,0.0,0.0,0.0,0.0,0.0,0.0,1.0,0.5,2.0,13.0,9.0,2.0
000350,Joseph Nardella,FO,Faceoff,last_10,5,2022-09-11,2025-08-23,ARC|ATL|OUT|WAT,WHP,2.0,1.0,1.0,0.0,1.0,1.0,4.0,2,0.0,0.0,0.0,0.0,0.0,0.0,24.0,6.0,2.0,65,51,119,0.0,0.0,1.0,0.5,2.0,36.0,26.0,0.25,0.5,0.5462184873949579,,,,0.5,,0.4,0.2,0.2,0.0,0.2,0.2,0.8,0.4,0.0,0.0,0.0,0.0,0.0,0.0,4.8,1.2,0.4,13.0,10.2,23.8,0.0,0.0,0.2,0.1,0.4,7.2,5.2,0.4
000351,Jules Heningburg,M,Midfield,last_10,5,2022-09-03,2024-09-07,ARC|CAN|CHA,CHA|RED,7.0,3.0,3.0,0.0,3.0,4.0,18.0,10,0.0,0.0,0.0,0.0,0.0,0.0,0.0,4.0,1.0,0,0,0,0.0,0.0,0.0,0.0,12.0,86.0,64.0,0.16666666666666666,0.5555555555555556,,,,,0.3333333333333333,,1.4,0.6,0.6,0.0,0.6,0.8,3.6,2.0,0.0,0.0,0.0,0.0,0.0,0.0,0.0,0.8,0.2,0.0,0.0,0.0,0.0,0.0,0.0,0.0,2.4,17.2,12.8,2.4
000353,Kyle Bernlohr,G,Goalie,last_10,2,2022-09-11,2023-09-04,WAT,WHP,0.0,0.0,0.0,0.0,0.0,0.0,0.0,0,0.0,10.0,5.0,5.0,21.0,38.16981132075472,3.0,0.0,1.0,0,0,0,21.0,0.0,0.0,0.0,1.0,18.0,18.0,,,,0.3225806451612903,50.0,0.16129032258064516,0.0,,0.0,0.0,0.0,0.0,0.0,0.0,0.0,0.0,0.0,5.0,2.5,2.5,10.5,19.08490566037736,1.5,0.0,0.5,0.0,0.0,0.0,10.5,0.0,0.0,0.0,0.5,9.0,9.0,0.5
000354,Matt Rambo,A,Attack,last_10,5,2022-09-11,2024-09-15,ARC|ATL|OUT|WAT,WHP,6.0,6.0,6.0,0.0,6.0,0.0,32.0,14,0.0,0.0,0.0,0.0,0.0,0.0,7.0,7.0,0.0,0,0,0,0.0,0.0,2.0,1.5,14.0,110.0,71.0,0.1875,0.4375,,,,,0.0,,1.2,1.2,1.2,0.0,1.2,0.0,6.4,2.8,0.0,0.0,0.0,0.0,0.0,0.0,1.4,1.4,0.0,0.0,0.0,0.0,0.0,0.0,0.4,0.3,2.8,22.0,14.2,2.8
000355,Matthew Dunn,D,Defense,last_10,7,2022-09-11,2026-08-30,ARC|ATL|CAN|OUT|WAT,WHP,0.0,0.0,0.0,0.0,0.0,0.0,3.0,3,3.0,0.0,0.0,0.0,0.0,0.0,6.0,2.0,5.0,0,0,0,0.0,0.0,0.0,0.0,3.0,65.0,60.0,0.0,1.0,,,,,0.0,0.0,0.0,0.0,0.0,0.0,0.0,0.0,0.42857142857142855,0.42857142857142855,0.42857142857142855,0.0,0.0,0.0,0.0,0.0,0.8571428571428571,0.2857142857142857,0.7142857142857143,0.0,0.0,0.0,0.0,0.0,0.0,0.0,0.42857142857142855,9.285714285714286,8.571428571428571,0.42857142857142855
000356,Michael Ehrhardt,LSM,Long Stick Midfield,last_10,2,2022-09-11,2023-09-04,WAT,WHP,0.0,0.0,0.0,0.0,0.0,0.0,2.0,2,1.0,0.0,0.0,0.0,0.0,0.0,10.0,1.0,2.0,0,0,0,0.0,0.0,2.0,1.5,2.0,20.0,17.0,0.0,1.0,,,,,0.0,0.0,0.0,0.0,0.0,0.0,0.0,0.0,1.0,1.0,0.5,0.0,0.0,0.0,0.0,0.0,5.0,0.5,1.0,0.0,0.0,0.0,0.0,0.0,1.0,0.75,1.0,10.0,8.5,1.0
000357,Mike Chanenchuk,M,Midfield,last_10,5,2022-09-11,2024-09-15,ARC|ATL|OUT|WAT,WHP,7.0,6.0,6.0,0.0,6.0,1.0,27.0,15,11.0,0.0,0.0,0.0,0.0,0.0,4.0,5.0,0.0,0,0,0,0.0,0.0,0.0,0.0,3.0,108.0,76.0,0.2222222222222222,0.5555555555555556,,,,,0.3333333333333333,0.0,1.4,1.2,1.2,0.0,1.2,0.2,5.4,3.0,2.2,0.0,0.0,0.0,0.0,0.0,0.8,1.0,0.0,0.0,0.0,0.0,0.0,0.0,0.0,0.0,0.6,21.6,15.2,0.6
000358,Ryan Drenner,M,Midfield,last_10,3,2023-09-04,2024-09-02,ATL|CHA|WAT,CAN,2.0,2.0,2.0,0.0,2.0,0.0,15.0,10,0.0,0.0,0.0,0.0,0.0,0.0,2.0,1.0,0.0,0,0,0,0.0,0.0,0.0,0.0,2.0,68.0,52.0,0.13333333333333333,0.6666666666666666,,,,,0.0,,0.6666666666666666,0.6666666666666666,0.6666666666666666,0.0,0.6666666666666666,0.0,5.0,3.3333333333333335,0.0,0.0,0.0,0.0,0.0,0.0,0.6666666666666666,0.3333333333333333,0.0,0.0,0.0,0.0,0.0,0.0,0.0,0.0,0.6666666666666666,22.666666666666668,17.333333333333332,0.6666666666666666
000359,Tim Muller,D,Defense,last_10,7,2022-09-11,2026-08-30,ARC|ATL|CAN|OUT|WAT,WHP,1.0,0.0,0.0,0.0,0.0,1.0,0.0,0,0.0,0.0,0.0,0.0,0.0,0.0,8.0,1.0,9.0,0,0,0,0.0,0.0,1.0,0.5,1.0,52.0,51.0,,,,,,,1.0,,0.14285714285714285,0.0,0.0,0.0,0.0,0.14285714285714285,0.0,0.0,0.0,0.0,0.0,0.0,0.0,0.0,1.1428571428571428,0.14285714285714285,1.2857142857142858,0.0,0.0,0.0,0.0,0.0,0.14285714285714285,0.07142857142857142,0.14285714285714285,7.428571428571429,7.285714285714286,0.14285714285714285
000361,Tyler Warner,SSDM,Defensive Midfield,last_10,2,2022-09-11,2023-09-04,WAT,WHP,0.0,0.0,0.0,0.0,0.0,0.0,2.0,1,1.0,0.0,0.0,0.0,0.0,0.0,3.0,0.0,2.0,0,0,0,0.0,0.0,0.0,0.0,1.0,11.0,9.0,0.0,0.5,,,,,0.0,0.0,0.0,0.0,0.0,0.0,0.0,0.0,1.0,0.5,0.5,0.0,0.0,0.0,0.0,0.0,1.5,0.0,1.0,0.0,0.0,0.0,0.0,0.0,0.0,0.0,0.5,5.5,4.5,0.5
000363,Ryan Conrad,M,Midfield,last_10,9,2022-09-03,2024-09-15,ARC|ATL|CAN|CHA|OUT|WHP,WAT|WHP,21.0,17.0,15.0,1.0,16.0,4.0,39.0,29,7.0,0.0,0.0,0.0,0.0,0.0,8.0,14.0,0.0,0,0,0,0.0,0.0,1.0,0.5,17.0,189.0,136.0,0.41025641025641024,0.7435897435897436,,,,,0.23529411764705882,0.14285714285714285,2.3333333333333335,1.8888888888888888,1.6666666666666667,0.1111111111111111,1.7777777777777777,0.4444444444444444,4.333333333333333,3.2222222222222223,0.7777777777777778,0.0,0.0,0.0,0.0,0.0,0.8888888888888888,1.5555555555555556,0.0,0.0,0.0,0.0,0.0,0.0,0.1111111111111111,0.05555555555555555,1.8888888888888888,21.0,15.11111111111111,1.8888888888888888
000365,Jack Rowlett,D,Defense,last_10,6,2022-09-03,2025-08-24,ARC|OUT|RED|WAT,CHA,0.0,0.0,0.0,0.0,0.0,0.0,2.0,2,1.0,0.0,0.0,0.0,0.0,0.0,7.0,0.0,7.0,0,0,0,0.0,0.0,2.0,1.0,0.0,50.0,48.0,0.0,1.0,,,,,,0.0,0.0,0.0,0.0,0.0,0.0,0.0,0.3333333333333333,0.3333333333333333,0.16666666666666666,0.0,0.0,0.0,0.0,0.0,1.1666666666666667,0.0,1.1666666666666667,0.0,0.0,0.0,0.0,0.0,0.3333333333333333,0.16666666666666666,0.0,8.333333333333334,8.0,0.0
000366,Connor Farrell,FO,Faceoff,last_10,1,2022-09-03,2022-09-03,CHA,OUT,0.0,0.0,0.0,0.0,0.0,0.0,0.0,0,0.0,0.0,0.0,0.0,0.0,0.0,6.0,0.0,0.0,7,10,17,0.0,0.0,0.0,0.0,0.0,2.0,2.0,,,0.4117647058823529,,,,,,0.0,0.0,0.0,0.0,0.0,0.0,0.0,0.0,0.0,0.0,0.0,0.0,0.0,0.0,6.0,0.0,0.0,7.0,10.0,17.0,0.0,0.0,0.0,0.0,0.0,2.0,2.0,0.0
000368,Chris Sabia,LSM,Long Stick Midfield,last_10,6,2022-09-03,2023-09-24,ARC|ATL|CAN|CHA|WHP,WAT,1.0,0.0,0.0,0.0,0.0,1.0,1.0,1,1.0,0.0,0.0,0.0,0.0,0.0,9.0,1.0,5.0,0,0,0,0.0,0.0,3.0,2.5,1.0,40.0,38.0,0.0,1.0,,,,,1.0,0.0,0.16666666666666666,0.0,0.0,0.0,0.0,0.16666666666666666,0.16666666666666666,0.16666666666666666,0.16666666666666666,0.0,0.0,0.0,0.0,0.0,1.5,0.16666666666666666,0.8333333333333334,0.0,0.0,0.0,0.0,0.0,0.5,0.4166666666666667,0.16666666666666666,6.666666666666667,6.333333333333333,0.16666666666666666
000369,Clarke Petterson,A,Attack,last_10,1,2022-09-03,2022-09-03,WAT,ATL,2.0,1.0,1.0,0.0,1.0,1.0,1.0,1,0.0,0.0,0.0,0.0,0.0,0.0,0.0,1.0,0.0,0,0,0,0.0,0.0,0.0,0.0,1.0,8.0,6.0,1.0,1.0,,,,,1.0,,2.0,1.0,1.0,0.0,1.0,1.0,1.0,1.0,0.0,0.0,0.0,0.0,0.0,0.0,0.0,1.0,0.0,0.0,0.0,0.0,0.0,0.0,0.0,0.0,1.0,8.0,6.0,1.0
000370,Tim Troutner,G,Goalie,last_10,3,2023-09-04,2024-09-07,ARC|CHA|WHP,ATL|RED,1.0,0.0,0.0,0.0,0.0,1.0,0.0,0,0.0,3.0,2.0,1.0,6.0,35.631663974151856,3.0,0.0,1.0,0,0,0,5.0,1.0,0.0,0.0,1.0,12.0,12.0,,,,0.375,66.66666666666666,0.25,1.0,,0.3333333333333333,0.0,0.0,0.0,0.0,0.3333333333333333,0.0,0.0,0.0,1.0,0.6666666666666666,0.3333333333333333,2.0,11.877221324717285,1.0,0.0,0.3333333333333333,0.0,0.0,0.0,1.6666666666666667,0.3333333333333333,0.0,0.0,0.3333333333333333,4.0,4.0,0.3333333333333333
000373,Ryder Garnsey,A,Attack,last_10,6,2022-09-03,2026-08-29,ARC|CHA|OUT,RED,8.0,2.0,2.0,0.0,2.0,6.0,26.0,11,2.0,0.0,0.0,0.0,0.0,0.0,10.0,7.0,1.0,0,0,0,0.0,0.0,0.0,0.0,17.0,177.0,144.0,0.07692307692307693,0.4230769230769231,,,,,0.35294117647058826,0.0,1.3333333333333333,0.3333333333333333,0.3333333333333333,0.0,0.3333333333333333,1.0,4.333333333333333,1.8333333333333333,0.3333333333333333,0.0,0.0,0.0,0.0,0.0,1.6666666666666667,1.1666666666666667,0.16666666666666666,0.0,0.0,0.0,0.0,0.0,0.0,0.0,2.8333333333333335,29.5,24.0,2.8333333333333335
000376,Cade van Raaphorst,D,Defense,last_10,4,2022-09-03,2024-09-02,ATL|CHA|WAT,ATL|CAN,0.0,0.0,0.0,0.0,0.0,0.0,2.0,1,1.0,0.0,0.0,0.0,0.0,0.0,15.0,4.0,5.0,0,0,0,0.0,0.0,0.0,0.0,1.0,40.0,34.0,0.0,0.5,,,,,0.0,0.0,0.0,0.0,0.0,0.0,0.0,0.0,0.5,0.25,0.25,0.0,0.0,0.0,0.0,0.0,3.75,1.0,1.25,0.0,0.0,0.0,0.0,0.0,0.0,0.0,0.25,10.0,8.5,0.25
000385,Wes Berg,A,Attack,last_10,2,2023-09-04,2023-09-10,ARC|CHA,RED,7.0,7.0,7.0,0.0,7.0,0.0,14.0,10,0.0,0.0,0.0,0.0,0.0,0.0,1.0,1.0,1.0,0,0,0,0.0,0.0,0.0,0.0,0.0,21.0,6.0,0.5,0.7142857142857143,,,,,,,3.5,3.5,3.5,0.0,3.5,0.0,7.0,5.0,0.0,0.0,0.0,0.0,0.0,0.0,0.5,0.5,0.5,0.0,0.0,0.0,0.0,0.0,0.0,0.0,0.0,10.5,3.0,0.0
000390,Brad Smith,M,Midfield,last_10,3,2022-09-11,2025-08-23,WAT,WHP,7.0,5.0,3.0,1.0,4.0,2.0,9.0,6,3.0,0.0,0.0,0.0,0.0,0.0,5.0,6.0,1.0,0,0,0,0.0,0.0,0.0,0.0,9.0,81.0,66.0,0.4444444444444444,0.6666666666666666,,,,,0.2222222222222222,0.3333333333333333,2.3333333333333335,1.6666666666666667,1.0,0.3333333333333333,1.3333333333333333,0.6666666666666666,3.0,2.0,1.0,0.0,0.0,0.0,0.0,0.0,1.6666666666666667,2.0,0.3333333333333333,0.0,0.0,0.0,0.0,0.0,0.0,0.0,3.0,27.0,22.0,3.0
000391,Grant Ament,M,Midfield,last_10,6,2022-09-03,2024-09-15,CHA|RED|WAT|WHP,ARC,19.0,9.0,7.0,1.0,8.0,10.0,20.0,15,3.0,0.0,0.0,0.0,0.0,0.0,1.0,17.0,0.0,0,0,0,0.0,0.0,0.0,0.0,38.0,213.0,176.0,0.4,0.75,,,,,0.2631578947368421,0.3333333333333333,3.1666666666666665,1.5,1.1666666666666667,0.16666666666666666,1.3333333333333333,1.6666666666666667,3.3333333333333335,2.5,0.5,0.0,0.0,0.0,0.0,0.0,0.16666666666666666,2.8333333333333335,0.0,0.0,0.0,0.0,0.0,0.0,0.0,0.0,6.333333333333333,35.5,29.333333333333332,6.333333333333333
000395,Bryan Costabile,M,Midfield,last_10,5,2022-09-03,2025-09-14,CAN|OUT|WAT|WHP,ATL,8.0,6.0,4.0,1.0,5.0,2.0,30.0,17,12.0,0.0,0.0,0.0,0.0,0.0,5.0,13.0,0.0,0,0,0,0.0,0.0,0.0,0.0,11.0,149.0,106.0,0.16666666666666666,0.5666666666666667,,,,,0.18181818181818182,0.08333333333333333,1.6,1.2,0.8,0.2,1.0,0.4,6.0,3.4,2.4,0.0,0.0,0.0,0.0,0.0,1.0,2.6,0.0,0.0,0.0,0.0,0.0,0.0,0.0,0.0,2.2,29.8,21.2,2.2
000405,Jesse Bernhardt,D,Defense,last_10,4,2022-09-03,2025-09-14,ATL|CHA|RED|WHP,OUT,1.0,1.0,1.0,0.0,1.0,0.0,3.0,1,2.0,0.0,0.0,0.0,0.0,0.0,3.0,0.0,4.0,0,0,0,0.0,0.0,0.0,0.0,1.0,36.0,33.0,0.3333333333333333,0.3333333333333333,,,,,0.0,0.0,0.25,0.25,0.25,0.0,0.25,0.0,0.75,0.25,0.5,0.0,0.0,0.0,0.0,0.0,0.75,0.0,1.0,0.0,0.0,0.0,0.0,0.0,0.0,0.0,0.25,9.0,8.25,0.25
000406,Craig Chick,LSM,Long Stick Midfield,last_10,1,2022-09-03,2022-09-03,WAT,ATL,0.0,0.0,0.0,0.0,0.0,0.0,1.0,0,0.0,0.0,0.0,0.0,0.0,0.0,6.0,0.0,2.0,0,0,0,0.0,0.0,0.0,0.0,0.0,7.0,6.0,0.0,0.0,,,,,,,0.0,0.0,0.0,0.0,0.0,0.0,1.0,0.0,0.0,0.0,0.0,0.0,0.0,0.0,6.0,0.0,2.0,0.0,0.0,0.0,0.0,0.0,0.0,0.0,0.0,7.0,6.0,0.0
000408,Matt DeLuca,G,Goalie,last_10,4,2023-09-10,2025-09-01,ARC|ATL|CAN|WHP,WAT,0.0,0.0,0.0,0.0,0.0,0.0,0.0,0,0.0,24.0,9.0,15.0,26.0,32.890410958904106,3.0,2.0,0.0,0,0,0,25.0,1.0,0.0,0.0,0.0,26.0,24.0,,,,0.4897959183673469,37.5,0.1836734693877551,,,0.0,0.0,0.0,0.0,0.0,0.0,0.0,0.0,0.0,6.0,2.25,3.75,6.5,8.222602739726026,0.75,0.5,0.0,0.0,0.0,0.0,6.25,0.25,0.0,0.0,0.0,6.5,6.0,0.0
000409,Zach Currier,M,Midfield,last_10,8,2022-09-03,2025-09-01,ARC|ATL|CAN|CHA|WHP,WAT,13.0,9.0,9.0,0.0,9.0,4.0,29.0,22,1.0,0.0,0.0,0.0,0.0,0.0,52.0,8.0,7.0,32,20,52,0.0,0.0,1.0,2.0,12.0,149.0,112.0,0.3103448275862069,0.7586206896551724,0.6153846153846154,,,,0.3333333333333333,0.0,1.625,1.125,1.125,0.0,1.125,0.5,3.625,2.75,0.125,0.0,0.0,0.0,0.0,0.0,6.5,1.0,0.875,4.0,2.5,6.5,0.0,0.0,0.125,0.25,1.5,18.625,14.0,1.5
000410,Eli Gobrecht,D,Defense,last_10,6,2022-09-03,2023-09-24,ARC|ATL|CAN|CHA|WHP,WAT,0.0,0.0,0.0,0.0,0.0,0.0,3.0,1,0.0,0.0,0.0,0.0,0.0,0.0,13.0,1.0,6.0,5,32,39,0.0,0.0,1.0,1.0,1.0,27.0,23.0,0.0,0.3333333333333333,0.1282051282051282,,,,0.0,,0.0,0.0,0.0,0.0,0.0,0.0,0.5,0.16666666666666666,0.0,0.0,0.0,0.0,0.0,0.0,2.1666666666666665,0.16666666666666666,1.0,0.8333333333333334,5.333333333333333,6.5,0.0,0.0,0.16666666666666666,0.16666666666666666,0.16666666666666666,4.5,3.8333333333333335,0.16666666666666666
000414,Rob Pannell,A,Attack,last_10,5,2022-09-03,2026-08-30,ARC|CAN|CHA|WAT,RED|WHP,15.0,9.0,7.0,1.0,8.0,6.0,30.0,17,5.0,0.0,0.0,0.0,0.0,0.0,7.0,13.0,2.0,0,0,0,0.0,0.0,0.0,0.0,25.0,171.0,128.0,0.26666666666666666,0.5666666666666667,,,,,0.24,0.2,3.0,1.8,1.4,0.2,1.6,1.2,6.0,3.4,1.0,0.0,0.0,0.0,0.0,0.0,1.4,2.6,0.4,0.0,0.0,0.0,0.0,0.0,0.0,0.0,5.0,34.2,25.6,5.0
000416,Ryland Rees,LSM,Long Stick Midfield,last_10,8,2022-09-03,2025-09-01,ARC|ATL|CAN|CHA|OUT|WHP,RED|WAT,2.0,2.0,2.0,0.0,2.0,0.0,9.0,6,5.0,0.0,0.0,0.0,0.0,0.0,17.0,0.0,4.0,0,0,0,0.0,0.0,1.0,0.5,3.0,34.0,25.0,0.2222222222222222,0.6666666666666666,,,,,0.0,0.0,0.25,0.25,0.25,0.0,0.25,0.0,1.125,0.75,0.625,0.0,0.0,0.0,0.0,0.0,2.125,0.0,0.5,0.0,0.0,0.0,0.0,0.0,0.125,0.0625,0.375,4.25,3.125,0.375
000417,Finn Sullivan,D,Defense,last_10,1,2022-09-03,2022-09-03,ARC,RED,0.0,0.0,0.0,0.0,0.0,0.0,0.0,0,0.0,0.0,0.0,0.0,0.0,0.0,0.0,1.0,1.0,0,0,0,0.0,0.0,1.0,1.0,0.0,8.0,7.0,,,,,,,,,0.0,0.0,0.0,0.0,0.0,0.0,0.0,0.0,0.0,0.0,0.0,0.0,0.0,0.0,0.0,1.0,1.0,0.0,0.0,0.0,0.0,0.0,1.0,1.0,0.0,8.0,7.0,0.0
000418,Dillon Ward,G,Goalie,last_10,7,2022-09-03,2026-08-29,ARC|ATL|CAN|CHA|OUT|WHP,RED|WAT,0.0,0.0,0.0,0.0,0.0,0.0,0.0,0,0.0,84.0,21.0,63.0,77.0,91.63983973786345,8.0,3.0,3.0,0,0,0,71.0,6.0,0.0,0.0,0.0,67.0,64.0,,,,0.5419354838709678,25.0,0.13548387096774195,,,0.0,0.0,0.0,0.0,0.0,0.0,0.0,0.0,0.0,12.0,3.0,9.0,11.0,13.091405676837637,1.1428571428571428,0.42857142857142855,0.42857142857142855,0.0,0.0,0.0,10.142857142857142,0.8571428571428571,0.0,0.0,0.0,9.571428571428571,9.142857142857142,0.0
000419,Zed Williams,A,Attack,last_10,5,2022-09-11,2024-09-15,ARC|ATL|OUT|WAT,WHP,8.0,6.0,6.0,0.0,6.0,2.0,32.0,23,4.0,0.0,0.0,0.0,0.0,0.0,5.0,9.0,1.0,0,0,0,0.0,0.0,1.0,0.5,10.0,103.0,62.0,0.1875,0.71875,,,,,0.2,0.0,1.6,1.2,1.2,0.0,1.2,0.4,6.4,4.6,0.8,0.0,0.0,0.0,0.0,0.0,1.0,1.8,0.2,0.0,0.0,0.0,0.0,0.0,0.2,0.1,2.0,20.6,12.4,2.0
000422,Eli Salama,LSM,Long Stick Midfield,last_10,1,2022-09-03,2022-09-03,CHA,OUT,0.0,0.0,0.0,0.0,0.0,0.0,0.0,0,0.0,0.0,0.0,0.0,0.0,0.0,0.0,1.0,0.0,0,0,0,0.0,0.0,0.0,0.0,0.0,3.0,2.0,,,,,,,,,0.0,0.0,0.0,0.0,0.0,0.0,0.0,0.0,0.0,0.0,0.0,0.0,0.0,0.0,0.0,1.0,0.0,0.0,0.0,0.0,0.0,0.0,0.0,0.0,0.0,3.0,2.0,0.0
000424,Jake Pulver,D,Defense,last_10,3,2023-09-04,2024-09-02,ATL|CHA|WAT,CAN,0.0,0.0,0.0,0.0,0.0,0.0,0.0,0,0.0,0.0,0.0,0.0,0.0,0.0,3.0,0.0,3.0,3,16,19,0.0,0.0,0.0,0.0,0.0,6.0,6.0,,,0.15789473684210525,,,,,,0.0,0.0,0.0,0.0,0.0,0.0,0.0,0.0,0.0,0.0,0.0,0.0,0.0,0.0,1.0,0.0,1.0,1.0,5.333333333333333,6.333333333333333,0.0,0.0,0.0,0.0,0.0,2.0,2.0,0.0
000427,Jake Withers,FO,Faceoff,last_10,3,2022-09-03,2022-09-18,ATL|CHA|WHP,WAT,0.0,0.0,0.0,0.0,0.0,0.0,3.0,2,0.0,0.0,0.0,0.0,0.0,0.0,19.0,1.0,3.0,41,38,79,0.0,0.0,1.0,0.5,1.0,17.0,13.0,0.0,0.6666666666666666,0.5189873417721519,,,,0.0,,0.0,0.0,0.0,0.0,0.0,0.0,1.0,0.6666666666666666,0.0,0.0,0.0,0.0,0.0,0.0,6.333333333333333,0.3333333333333333,1.0,13.666666666666666,12.666666666666666,26.333333333333332,0.0,0.0,0.3333333333333333,0.16666666666666666,0.3333333333333333,5.666666666666667,4.333333333333333,0.3333333333333333
000614,Brian Phipps,G,Goalie,last_10,1,2023-09-04,2023-09-04,WAT,WHP,0.0,0.0,0.0,0.0,0.0,0.0,0.0,0,0.0,5.0,1.0,4.0,5.0,7.912087912087912,2.0,0.0,0.0,0,0,0,5.0,0.0,0.0,0.0,0.0,8.0,8.0,,,,0.5,20.0,0.1,,,0.0,0.0,0.0,0.0,0.0,0.0,0.0,0.0,0.0,5.0,1.0,4.0,5.0,7.912087912087912,2.0,0.0,0.0,0.0,0.0,0.0,5.0,0.0,0.0,0.0,0.0,8.0,8.0,0.0
000727,CJ Costabile,LSM,Long Stick Midfield,last_10,4,2022-09-03,2023-09-04,ARC|OUT|RED|WAT,CHA,1.0,1.0,1.0,0.0,1.0,0.0,5.0,3,3.0,0.0,0.0,0.0,0.0,0.0,6.0,1.0,1.0,2,1,3,0.0,0.0,1.0,1.0,1.0,15.0,9.0,0.2,0.6,0.6666666666666666,,,,0.0,0.0,0.25,0.25,0.25,0.0,0.25,0.0,1.25,0.75,0.75,0.0,0.0,0.0,0.0,0.0,1.5,0.25,0.25,0.5,0.25,0.75,0.0,0.0,0.25,0.25,0.25,3.75,2.25,0.25
000921,Challen Rogers,M,Midfield,last_10,5,2022-09-03,2023-09-24,ARC|OUT|RED|WAT,ARC|CHA,8.0,4.0,4.0,0.0,4.0,4.0,13.0,7,0.0,0.0,0.0,0.0,0.0,0.0,11.0,8.0,1.0,0,0,0,0.0,0.0,0.0,0.0,18.0,85.0,64.0,0.3076923076923077,0.5384615384615384,,,,,0.2222222222222222,,1.6,0.8,0.8,0.0,0.8,0.8,2.6,1.4,0.0,0.0,0.0,0.0,0.0,0.0,2.2,1.6,0.2,0.0,0.0,0.0,0.0,0.0,0.0,0.0,3.6,17.0,12.8,3.6
000922,Graeme Hossack,D,Defense,last_10,6,2022-09-03,2024-09-15,CHA|RED|WAT|WHP,ARC,2.0,2.0,0.0,1.0,1.0,0.0,2.0,1,2.0,0.0,0.0,0.0,0.0,0.0,15.0,1.0,10.0,3,1,4,0.0,0.0,2.0,1.5,1.0,41.0,38.0,0.5,0.5,0.75,,,,0.0,0.5,0.3333333333333333,0.3333333333333333,0.0,0.16666666666666666,0.16666666666666666,0.0,0.3333333333333333,0.16666666666666666,0.3333333333333333,0.0,0.0,0.0,0.0,0.0,2.5,0.16666666666666666,1.6666666666666667,0.5,0.16666666666666666,0.6666666666666666,0.0,0.0,0.3333333333333333,0.25,0.16666666666666666,6.833333333333333,6.333333333333333,0.16666666666666666
000925,Liam Byrnes,D,Defense,last_10,6,2022-09-03,2023-09-24,ARC|ATL|CAN|CHA|WHP,WAT,0.0,0.0,0.0,0.0,0.0,0.0,2.0,1,2.0,0.0,0.0,0.0,0.0,0.0,27.0,4.0,4.0,0,0,0,0.0,0.0,1.0,1.0,2.0,60.0,54.0,0.0,0.5,,,,,0.0,0.0,0.0,0.0,0.0,0.0,0.0,0.0,0.3333333333333333,0.16666666666666666,0.3333333333333333,0.0,0.0,0.0,0.0,0.0,4.5,0.6666666666666666,0.6666666666666666,0.0,0.0,0.0,0.0,0.0,0.16666666666666666,0.16666666666666666,0.3333333333333333,10.0,9.0,0.3333333333333333
000946,Bryan Cole,M,Midfield,last_10,1,2022-09-11,2022-09-11,WAT,WHP,0.0,0.0,0.0,0.0,0.0,0.0,2.0,1,0.0,0.0,0.0,0.0,0.0,0.0,1.0,0.0,0.0,0,0,0,0.0,0.0,0.0,0.0,4.0,18.0,16.0,0.0,0.5,,,,,0.0,,0.0,0.0,0.0,0.0,0.0,0.0,2.0,1.0,0.0,0.0,0.0,0.0,0.0,0.0,1.0,0.0,0.0,0.0,0.0,0.0,0.0,0.0,0.0,0.0,4.0,18.0,16.0,4.0
000978,Kyle Jackson,M,Midfield,last_10,6,2022-09-03,2024-09-07,ARC|CAN|OUT|RED|WAT,CHA,6.0,6.0,6.0,0.0,6.0,0.0,21.0,13,1.0,0.0,0.0,0.0,0.0,0.0,6.0,7.0,0.0,0,0,0,0.0,0.0,2.0,1.5,5.0,97.0,69.0,0.2857142857142857,0.6190476190476191,,,,,0.0,0.0,1.0,1.0,1.0,0.0,1.0,0.0,3.5,2.1666666666666665,0.16666666666666666,0.0,0.0,0.0,0.0,0.0,1.0,1.1666666666666667,0.0,0.0,0.0,0.0,0.0,0.0,0.3333333333333333,0.25,0.8333333333333334,16.166666666666668,11.5,0.8333333333333334
001001,Dylan Molloy,A,Attack,last_10,5,2022-09-03,2026-08-29,CAN|CHA|OUT,ATL|OUT|RED,12.0,10.0,10.0,0.0,10.0,2.0,31.0,18,0.0,0.0,0.0,0.0,0.0,0.0,5.0,10.0,1.0,0,0,0,0.0,0.0,0.0,0.0,9.0,109.0,68.0,0.3225806451612903,0.5806451612903226,,,,,0.2222222222222222,,2.4,2.0,2.0,0.0,2.0,0.4,6.2,3.6,0.0,0.0,0.0,0.0,0.0,0.0,1.0,2.0,0.2,0.0,0.0,0.0,0.0,0.0,0.0,0.0,1.8,21.8,13.6,1.8
001009,Colin Heacock,M,Midfield,last_10,6,2022-09-03,2026-08-30,ARC|ATL|CAN|CHA|OUT|WAT,OUT|WHP,5.0,5.0,5.0,0.0,5.0,0.0,14.0,10,1.0,0.0,0.0,0.0,0.0,0.0,6.0,5.0,0.0,0,0,0,0.0,0.0,0.0,0.0,1.0,79.0,60.0,0.35714285714285715,0.7142857142857143,,,,,0.0,0.0,0.8333333333333334,0.8333333333333334,0.8333333333333334,0.0,0.8333333333333334,0.0,2.3333333333333335,1.6666666666666667,0.16666666666666666,0.0,0.0,0.0,0.0,0.0,1.0,0.8333333333333334,0.0,0.0,0.0,0.0,0.0,0.0,0.0,0.0,0.16666666666666666,13.166666666666666,10.0,0.16666666666666666
001010,Isaiah Davis-Allen,SSDM,Defensive Midfield,last_10,3,2022-09-03,2023-09-10,ARC|CHA,RED,0.0,0.0,0.0,0.0,0.0,0.0,1.0,0,0.0,0.0,0.0,0.0,0.0,0.0,0.0,0.0,1.0,2,4,6,0.0,0.0,0.0,0.0,1.0,15.0,14.0,0.0,0.0,0.3333333333333333,,,,0.0,,0.0,0.0,0.0,0.0,0.0,0.0,0.3333333333333333,0.0,0.0,0.0,0.0,0.0,0.0,0.0,0.0,0.0,0.3333333333333333,0.6666666666666666,1.3333333333333333,2.0,0.0,0.0,0.0,0.0,0.3333333333333333,5.0,4.666666666666667,0.3333333333333333
001020,Mike Messenger,SSDM,Defensive Midfield,last_10,1,2022-09-03,2022-09-03,CHA,OUT,0.0,0.0,0.0,0.0,0.0,0.0,0.0,0,0.0,0.0,0.0,0.0,0.0,0.0,0.0,0.0,1.0,0,1,1,0.0,0.0,0.0,0.0,1.0,4.0,4.0,,,0.0,,,,0.0,,0.0,0.0,0.0,0.0,0.0,0.0,0.0,0.0,0.0,0.0,0.0,0.0,0.0,0.0,0.0,0.0,1.0,0.0,1.0,1.0,0.0,0.0,0.0,0.0,1.0,4.0,4.0,1.0
001391,Mikie Schlosser,M,Midfield,last_10,4,2022-09-03,2025-09-01,ATL|WHP,WAT,2.0,2.0,0.0,1.0,1.0,0.0,7.0,3,2.0,0.0,0.0,0.0,0.0,0.0,0.0,4.0,0.0,0,0,0,0.0,0.0,0.0,0.0,1.0,29.0,18.0,0.14285714285714285,0.42857142857142855,,,,,0.0,0.5,0.5,0.5,0.0,0.25,0.25,0.0,1.75,0.75,0.5,0.0,0.0,0.0,0.0,0.0,0.0,1.0,0.0,0.0,0.0,0.0,0.0,0.0,0.0,0.0,0.25,7.25,4.5,0.25
001397,Michael Rexrode,D,Defense,last_10,5,2022-09-03,2025-09-14,CAN|OUT|WAT|WHP,ATL,1.0,0.0,0.0,0.0,0.0,1.0,1.0,0,1.0,0.0,0.0,0.0,0.0,0.0,8.0,0.0,4.0,0,0,0,0.0,0.0,0.0,0.0,1.0,29.0,28.0,0.0,0.0,,,,,1.0,0.0,0.2,0.0,0.0,0.0,0.0,0.2,0.2,0.0,0.2,0.0,0.0,0.0,0.0,0.0,1.6,0.0,0.8,0.0,0.0,0.0,0.0,0.0,0.0,0.0,0.2,5.8,5.6,0.2
001402,Max Adler,FO,Faceoff,last_10,3,2022-09-03,2022-09-18,ARC|OUT|WAT,CHA,0.0,0.0,0.0,0.0,0.0,0.0,2.0,2,0.0,0.0,0.0,0.0,0.0,0.0,17.0,3.0,0.0,33,26,59,0.0,0.0,0.0,0.0,1.0,15.0,10.0,0.0,1.0,0.559322033898305,,,,0.0,,0.0,0.0,0.0,0.0,0.0,0.0,0.6666666666666666,0.6666666666666666,0.0,0.0,0.0,0.0,0.0,0.0,5.666666666666667,1.0,0.0,11.0,8.666666666666666,19.666666666666668,0.0,0.0,0.0,0.0,0.3333333333333333,5.0,3.3333333333333335,0.3333333333333333
001406,Ben Randall,D,Defense,last_10,9,2022-09-03,2026-08-29,ARC|ATL|CAN|CHA|RED|WHP,OUT|WAT,1.0,0.0,0.0,0.0,0.0,1.0,0.0,0,0.0,0.0,0.0,0.0,0.0,0.0,18.0,4.0,10.0,0,0,0,0.0,0.0,0.0,0.0,2.0,65.0,61.0,,,,,,,0.5,,0.1111111111111111,0.0,0.0,0.0,0.0,0.1111111111111111,0.0,0.0,0.0,0.0,0.0,0.0,0.0,0.0,2.0,0.4444444444444444,1.1111111111111112,0.0,0.0,0.0,0.0,0.0,0.0,0.0,0.2222222222222222,7.222222222222222,6.777777777777778,0.2222222222222222
001661,Warren Jeffrey,D,Defense,last_10,4,2023-09-10,2024-09-15,CHA|RED|WAT|WHP,ARC,0.0,0.0,0.0,0.0,0.0,0.0,0.0,0,0.0,0.0,0.0,0.0,0.0,0.0,6.0,1.0,1.0,0,0,0,0.0,0.0,0.0,0.0,0.0,18.0,17.0,,,,,,,,,0.0,0.0,0.0,0.0,0.0,0.0,0.0,0.0,0.0,0.0,0.0,0.0,0.0,0.0,1.5,0.25,0.25,0.0,0.0,0.0,0.0,0.0,0.0,0.0,0.0,4.5,4.25,0.0
001671,Zach Goodrich,SSDM,Defensive Midfield,last_10,4,2023-09-04,2026-08-30,ATL|CHA|WAT|WHP,CAN,0.0,0.0,0.0,0.0,0.0,0.0,1.0,0,1.0,0.0,0.0,0.0,0.0,0.0,1.0,0.0,1.0,3,0,3,0.0,0.0,0.0,0.0,0.0,9.0,8.0,0.0,0.0,1.0,,,,,0.0,0.0,0.0,0.0,0.0,0.0,0.0,0.25,0.0,0.25,0.0,0.0,0.0,0.0,0.0,0.25,0.0,0.25,0.75,0.0,0.75,0.0,0.0,0.0,0.0,0.0,2.25,2.0,0.0
001707,Matt Whitcher,SSDM,Defensive Midfield,last_10,8,2022-09-03,2025-09-01,ARC|ATL|CAN|CHA|WHP,WAT,4.0,3.0,3.0,0.0,3.0,1.0,3.0,3,0.0,0.0,0.0,0.0,0.0,0.0,8.0,5.0,2.0,0,2,2,0.0,0.0,3.0,1.5,2.0,50.0,42.0,1.0,1.0,0.0,,,,0.5,,0.5,0.375,0.375,0.0,0.375,0.125,0.375,0.375,0.0,0.0,0.0,0.0,0.0,0.0,1.0,0.625,0.25,0.0,0.25,0.25,0.0,0.0,0.375,0.1875,0.25,6.25,5.25,0.25
001724,Sean Sconone,G,Goalie,last_10,1,2022-09-03,2022-09-03,CHA,OUT,0.0,0.0,0.0,0.0,0.0,0.0,0.0,0,0.0,15.0,4.0,11.0,11.0,11.0,0.0,0.0,0.0,0,0,0,11.0,0.0,0.0,0.0,4.0,13.0,13.0,,,,0.5769230769230769,26.666666666666668,0.15384615384615385,0.0,,0.0,0.0,0.0,0.0,0.0,0.0,0.0,0.0,0.0,15.0,4.0,11.0,11.0,11.0,0.0,0.0,0.0,0.0,0.0,0.0,11.0,0.0,0.0,0.0,4.0,13.0,13.0,4.0
001729,Chris Aslanian,M,Midfield,last_10,3,2023-09-04,2024-09-02,ATL|CHA|WAT,CAN,4.0,2.0,0.0,1.0,1.0,2.0,6.0,1,4.0,0.0,0.0,0.0,0.0,0.0,0.0,6.0,0.0,0,0,0,0.0,0.0,0.0,0.0,6.0,56.0,44.0,0.16666666666666666,0.16666666666666666,,,,,0.3333333333333333,0.25,1.3333333333333333,0.6666666666666666,0.0,0.3333333333333333,0.3333333333333333,0.6666666666666666,2.0,0.3333333333333333,1.3333333333333333,0.0,0.0,0.0,0.0,0.0,0.0,2.0,0.0,0.0,0.0,0.0,0.0,0.0,0.0,0.0,2.0,18.666666666666668,14.666666666666666,2.0
001733,Charlie Hayes,SSDM,Defensive Midfield,last_10,3,2023-09-04,2023-09-24,ARC|CAN|WHP,WAT,1.0,1.0,1.0,0.0,1.0,0.0,1.0,1,0.0,0.0,0.0,0.0,0.0,0.0,2.0,2.0,0.0,0,0,0,0.0,0.0,0.0,0.0,0.0,16.0,13.0,1.0,1.0,,,,,,,0.3333333333333333,0.3333333333333333,0.3333333333333333,0.0,0.3333333333333333,0.0,0.3333333333333333,0.3333333333333333,0.0,0.0,0.0,0.0,0.0,0.0,0.6666666666666666,0.6666666666666666,0.0,0.0,0.0,0.0,0.0,0.0,0.0,0.0,0.0,5.333333333333333,4.333333333333333,0.0
001746,Daniel Bucaro,M,Midfield,last_10,1,2022-09-03,2022-09-03,WAT,ATL,0.0,0.0,0.0,0.0,0.0,0.0,5.0,3,0.0,0.0,0.0,0.0,0.0,0.0,0.0,1.0,0.0,0,0,0,0.0,0.0,0.0,0.0,0.0,11.0,5.0,0.0,0.6,,,,,,,0.0,0.0,0.0,0.0,0.0,0.0,5.0,3.0,0.0,0.0,0.0,0.0,0.0,0.0,0.0,1.0,0.0,0.0,0.0,0.0,0.0,0.0,0.0,0.0,0.0,11.0,5.0,0.0
001760,Pat Aslanian,SSDM,Defensive Midfield,last_10,2,2023-09-04,2023-09-10,ATL|WAT,CAN,2.0,2.0,0.0,1.0,1.0,0.0,4.0,1,4.0,0.0,0.0,0.0,0.0,0.0,3.0,0.0,0.0,0,0,0,0.0,0.0,1.0,0.5,0.0,14.0,10.0,0.25,0.25,,,,,,0.25,1.0,1.0,0.0,0.5,0.5,0.0,2.0,0.5,2.0,0.0,0.0,0.0,0.0,0.0,1.5,0.0,0.0,0.0,0.0,0.0,0.0,0.0,0.5,0.25,0.0,7.0,5.0,0.0
001793,Chase Fraser,A,Attack,last_10,4,2022-09-03,2023-09-04,ARC|OUT|RED|WAT,CHA,2.0,2.0,2.0,0.0,2.0,0.0,12.0,6,1.0,0.0,0.0,0.0,0.0,0.0,1.0,5.0,1.0,0,0,0,0.0,0.0,1.0,2.0,6.0,60.0,43.0,0.16666666666666666,0.5,,,,,0.0,0.0,0.5,0.5,0.5,0.0,0.5,0.0,3.0,1.5,0.25,0.0,0.0,0.0,0.0,0.0,0.25,1.25,0.25,0.0,0.0,0.0,0.0,0.0,0.25,0.5,1.5,15.0,10.75,1.5
001795,Christian Scarpello,SSDM,Defensive Midfield,last_10,8,2022-09-03,2025-09-01,ARC|ATL|CAN|CHA|WHP,WAT,1.0,0.0,0.0,0.0,0.0,1.0,4.0,4,0.0,0.0,0.0,0.0,0.0,0.0,7.0,3.0,2.0,0,0,0,0.0,0.0,1.0,0.5,1.0,58.0,51.0,0.0,1.0,,,,,1.0,,0.125,0.0,0.0,0.0,0.0,0.125,0.5,0.5,0.0,0.0,0.0,0.0,0.0,0.0,0.875,0.375,0.25,0.0,0.0,0.0,0.0,0.0,0.125,0.0625,0.125,7.25,6.375,0.125
001796,Latrell Harris,SSDM,Defensive Midfield,last_10,2,2022-09-03,2022-09-11,CHA|RED,ARC,1.0,0.0,0.0,0.0,0.0,1.0,0.0,0,0.0,0.0,0.0,0.0,0.0,0.0,4.0,0.0,5.0,0,0,0,0.0,0.0,0.0,0.0,2.0,9.0,9.0,,,,,,,0.5,,0.5,0.0,0.0,0.0,0.0,0.5,0.0,0.0,0.0,0.0,0.0,0.0,0.0,0.0,2.0,0.0,2.5,0.0,0.0,0.0,0.0,0.0,0.0,0.0,1.0,4.5,4.5,1.0
001797,JD Colarusso,G,Goalie,last_10,1,2022-09-03,2022-09-03,WAT,ATL,0.0,0.0,0.0,0.0,0.0,0.0,0.0,0,0.0,0.0,0.0,0.0,5.0,13.457943925233645,2.0,0.0,0.0,0,0,0,4.0,1.0,0.0,0.0,0.0,3.0,3.0,,,,0.0,,0.0,,,0.0,0.0,0.0,0.0,0.0,0.0,0.0,0.0,0.0,0.0,0.0,0.0,5.0,13.457943925233645,2.0,0.0,0.0,0.0,0.0,0.0,4.0,1.0,0.0,0.0,0.0,3.0,3.0,0.0
001809,Jeff Teat,A,Attack,last_10,5,2022-09-03,2025-09-14,CAN|OUT|WAT|WHP,ATL,22.0,12.0,10.0,1.0,11.0,10.0,37.0,22,1.0,0.0,0.0,0.0,0.0,0.0,8.0,6.0,2.0,0,0,0,0.0,0.0,1.0,0.5,40.0,158.0,115.0,0.2972972972972973,0.5945945945945946,,,,,0.25,1.0,4.4,2.4,2.0,0.2,2.2,2.0,7.4,4.4,0.2,0.0,0.0,0.0,0.0,0.0,1.6,1.2,0.4,0.0,0.0,0.0,0.0,0.0,0.2,0.1,8.0,31.6,23.0,8.0
001810,Michael Sowers,A,Attack,last_10,8,2022-09-03,2025-09-01,ARC|ATL|CAN|CHA|WHP,WAT,39.0,24.0,24.0,0.0,24.0,15.0,50.0,38,1.0,0.0,0.0,0.0,0.0,0.0,6.0,17.0,1.0,0,0,0,0.0,0.0,0.0,0.0,42.0,234.0,167.0,0.48,0.76,,,,,0.35714285714285715,0.0,4.875,3.0,3.0,0.0,3.0,1.875,6.25,4.75,0.125,0.0,0.0,0.0,0.0,0.0,0.75,2.125,0.125,0.0,0.0,0.0,0.0,0.0,0.0,0.0,5.25,29.25,20.875,5.25
001811,JT Giles-Harris,D,Defense,last_10,5,2022-09-03,2026-08-29,ATL|CHA|RED|WHP,OUT,0.0,0.0,0.0,0.0,0.0,0.0,1.0,0,0.0,0.0,0.0,0.0,0.0,0.0,5.0,2.0,2.0,0,0,0,0.0,0.0,0.0,0.0,0.0,40.0,37.0,0.0,0.0,,,,,,,0.0,0.0,0.0,0.0,0.0,0.0,0.2,0.0,0.0,0.0,0.0,0.0,0.0,0.0,1.0,0.4,0.4,0.0,0.0,0.0,0.0,0.0,0.0,0.0,0.0,8.0,7.4,0.0
001812,TD Ierlan,FO,Faceoff,last_10,6,2022-09-03,2026-08-29,ARC|CHA|OUT,RED,2.0,2.0,2.0,0.0,2.0,0.0,7.0,5,0.0,0.0,0.0,0.0,0.0,0.0,35.0,1.0,0.0,76,60,137,0.0,0.0,1.0,0.5,5.0,35.0,27.0,0.2857142857142857,0.7142857142857143,0.5547445255474452,,,,0.0,,0.3333333333333333,0.3333333333333333,0.3333333333333333,0.0,0.3333333333333333,0.0,1.1666666666666667,0.8333333333333334,0.0,0.0,0.0,0.0,0.0,0.0,5.833333333333333,0.16666666666666666,0.0,12.666666666666666,10.0,22.833333333333332,0.0,0.0,0.16666666666666666,0.08333333333333333,0.8333333333333334,5.833333333333333,4.5,0.8333333333333334
001813,Jared Conners,LSM,Long Stick Midfield,last_10,7,2022-09-03,2026-08-29,CHA|OUT|RED|WAT,ARC|RED,0.0,0.0,0.0,0.0,0.0,0.0,8.0,4,4.0,0.0,0.0,0.0,0.0,0.0,15.0,2.0,5.0,0,2,2,0.0,0.0,5.0,4.0,2.0,54.0,44.0,0.0,0.5,0.0,,,,0.0,0.0,0.0,0.0,0.0,0.0,0.0,0.0,1.1428571428571428,0.5714285714285714,0.5714285714285714,0.0,0.0,0.0,0.0,0.0,2.142857142857143,0.2857142857142857,0.7142857142857143,0.0,0.2857142857142857,0.2857142857142857,0.0,0.0,0.7142857142857143,0.5714285714285714,0.2857142857142857,7.714285714285714,6.285714285714286,0.2857142857142857
001814,Mac O'Keefe,A,Attack,last_10,7,2022-09-03,2024-09-15,ARC|CHA|OUT|RED|WAT|WHP,ARC|CHA,16.0,14.0,14.0,0.0,14.0,2.0,52.0,31,8.0,0.0,0.0,0.0,0.0,0.0,6.0,9.0,1.0,0,0,0,0.0,0.0,1.0,0.5,6.0,146.0,85.0,0.2692307692307692,0.5961538461538461,,,,,0.3333333333333333,0.0,2.2857142857142856,2.0,2.0,0.0,2.0,0.2857142857142857,7.428571428571429,4.428571428571429,1.1428571428571428,0.0,0.0,0.0,0.0,0.0,0.8571428571428571,1.2857142857142858,0.14285714285714285,0.0,0.0,0.0,0.0,0.0,0.14285714285714285,0.07142857142857142,0.8571428571428571,20.857142857142858,12.142857142857142,0.8571428571428571
001815,Connor Kirst,M,Defensive Midfield,last_10,4,2022-09-11,2026-08-30,CHA|WAT|WHP,CAN|WHP,4.0,3.0,3.0,0.0,3.0,1.0,10.0,7,3.0,0.0,0.0,0.0,0.0,0.0,8.0,0.0,1.0,3,1,4,0.0,0.0,0.0,0.0,2.0,32.0,22.0,0.3,0.7,0.75,,,,0.5,0.0,1.0,0.75,0.75,0.0,0.75,0.25,2.5,1.75,0.75,0.0,0.0,0.0,0.0,0.0,2.0,0.0,0.25,0.75,0.25,1.0,0.0,0.0,0.0,0.0,0.5,8.0,5.5,0.5
001816,Dox Aitken,M,Midfield,last_10,2,2022-09-03,2024-09-07,WAT|WHP,ATL,3.0,2.0,2.0,0.0,2.0,1.0,11.0,6,3.0,0.0,0.0,0.0,0.0,0.0,1.0,2.0,0.0,0,0,0,0.0,0.0,0.0,0.0,6.0,59.0,46.0,0.18181818181818182,0.5454545454545454,,,,,0.16666666666666666,0.0,1.5,1.0,1.0,0.0,1.0,0.5,5.5,3.0,1.5,0.0,0.0,0.0,0.0,0.0,0.5,1.0,0.0,0.0,0.0,0.0,0.0,0.0,0.0,0.0,3.0,29.5,23.0,3.0
001817,Jack Kielty,D,Defense,last_10,3,2023-09-04,2026-08-30,ATL|WAT|WHP,CAN,0.0,0.0,0.0,0.0,0.0,0.0,0.0,0,0.0,0.0,0.0,0.0,0.0,0.0,6.0,1.0,3.0,0,0,0,0.0,0.0,0.0,0.0,0.0,31.0,30.0,,,,,,,,,0.0,0.0,0.0,0.0,0.0,0.0,0.0,0.0,0.0,0.0,0.0,0.0,0.0,0.0,2.0,0.3333333333333333,1.0,0.0,0.0,0.0,0.0,0.0,0.0,0.0,0.0,10.333333333333334,10.0,0.0
001818,Jake Carraway,M,Midfield,last_10,2,2023-09-10,2023-09-24,ARC|CAN,WAT,4.0,4.0,2.0,1.0,3.0,0.0,7.0,5,4.0,0.0,0.0,0.0,0.0,0.0,1.0,0.0,0.0,0,0,0,0.0,0.0,0.0,0.0,0.0,40.0,33.0,0.42857142857142855,0.7142857142857143,,,,,,0.25,2.0,2.0,1.0,0.5,1.5,0.0,3.5,2.5,2.0,0.0,0.0,0.0,0.0,0.0,0.5,0.0,0.0,0.0,0.0,0.0,0.0,0.0,0.0,0.0,0.0,20.0,16.5,0.0
001819,Danny Logan,SSDM,Defensive Midfield,last_10,5,2022-09-03,2025-09-14,CAN|OUT|WAT|WHP,ATL,6.0,2.0,2.0,0.0,2.0,4.0,5.0,3,2.0,0.0,0.0,0.0,0.0,0.0,8.0,1.0,0.0,1,3,4,0.0,0.0,0.0,0.0,6.0,43.0,37.0,0.4,0.6,0.25,,,,0.6666666666666666,0.0,1.2,0.4,0.4,0.0,0.4,0.8,1.0,0.6,0.4,0.0,0.0,0.0,0.0,0.0,1.6,0.2,0.0,0.2,0.6,0.8,0.0,0.0,0.0,0.0,1.2,8.6,7.4,1.2
001820,Ryan Terefenko,SSDM,Defensive Midfield,last_10,5,2022-09-03,2026-08-29,ATL|CHA|RED|WHP,OUT,3.0,0.0,0.0,0.0,0.0,3.0,2.0,0,0.0,0.0,0.0,0.0,0.0,0.0,8.0,4.0,2.0,0,3,3,0.0,0.0,0.0,0.0,5.0,52.0,46.0,0.0,0.0,0.0,,,,0.6,,0.6,0.0,0.0,0.0,0.0,0.6,0.4,0.0,0.0,0.0,0.0,0.0,0.0,0.0,1.6,0.8,0.4,0.0,0.6,0.6,0.0,0.0,0.0,0.0,1.0,10.4,9.2,1.0
001821,Tre Leclaire,M,Midfield,last_10,6,2022-09-03,2024-09-15,CHA|RED|WAT|WHP,ARC,14.0,11.0,9.0,1.0,10.0,3.0,19.0,17,4.0,0.0,0.0,0.0,0.0,0.0,8.0,4.0,0.0,0,0,0,0.0,0.0,0.0,0.0,7.0,93.0,70.0,0.5263157894736842,0.8947368421052632,,,,,0.42857142857142855,0.25,2.3333333333333335,1.8333333333333333,1.5,0.16666666666666666,1.6666666666666667,0.5,3.1666666666666665,2.8333333333333335,0.6666666666666666,0.0,0.0,0.0,0.0,0.0,1.3333333333333333,0.6666666666666666,0.0,0.0,0.0,0.0,0.0,0.0,0.0,0.0,1.1666666666666667,15.5,11.666666666666666,1.1666666666666667
001825,Peter Dearth,SSDM,Defensive Midfield,last_10,1,2022-09-03,2022-09-03,WAT,ATL,0.0,0.0,0.0,0.0,0.0,0.0,0.0,0,0.0,0.0,0.0,0.0,0.0,0.0,1.0,0.0,1.0,0,0,0,0.0,0.0,1.0,1.0,0.0,1.0,1.0,,,,,,,,,0.0,0.0,0.0,0.0,0.0,0.0,0.0,0.0,0.0,0.0,0.0,0.0,0.0,0.0,1.0,0.0,1.0,0.0,0.0,0.0,0.0,0.0,1.0,1.0,0.0,1.0,1.0,0.0
001826,Jeff Trainor,SSDM,Defensive Midfield,last_10,4,2023-09-04,2026-08-30,ATL|CHA|WAT|WHP,CAN,1.0,1.0,1.0,0.0,1.0,0.0,4.0,2,1.0,0.0,0.0,0.0,0.0,0.0,3.0,1.0,3.0,0,0,0,0.0,0.0,2.0,2.0,3.0,31.0,26.0,0.25,0.5,,,,,0.0,0.0,0.25,0.25,0.25,0.0,0.25,0.0,1.0,0.5,0.25,0.0,0.0,0.0,0.0,0.0,0.75,0.25,0.75,0.0,0.0,0.0,0.0,0.0,0.5,0.5,0.75,7.75,6.5,0.75
001827,Jared Bernhardt,M,Midfield,last_10,3,2025-09-01,2026-08-29,ATL|RED,OUT,6.0,5.0,5.0,0.0,5.0,1.0,15.0,9,1.0,0.0,0.0,0.0,0.0,0.0,4.0,3.0,1.0,0,0,0,0.0,0.0,0.0,0.0,6.0,67.0,49.0,0.3333333333333333,0.6,,,,,0.16666666666666666,0.0,2.0,1.6666666666666667,1.6666666666666667,0.0,1.6666666666666667,0.3333333333333333,5.0,3.0,0.3333333333333333,0.0,0.0,0.0,0.0,0.0,1.3333333333333333,1.0,0.3333333333333333,0.0,0.0,0.0,0.0,0.0,0.0,0.0,2.0,22.333333333333332,16.333333333333332,2.0
001828,Justin Anderson,M,Midfield,last_10,5,2022-09-03,2026-08-29,ATL|CHA|RED|WHP,OUT,3.0,3.0,3.0,0.0,3.0,0.0,17.0,9,3.0,0.0,0.0,0.0,0.0,0.0,5.0,5.0,0.0,0,0,0,0.0,0.0,2.0,1.0,4.0,77.0,55.0,0.17647058823529413,0.5294117647058824,,,,,0.0,0.0,0.6,0.6,0.6,0.0,0.6,0.0,3.4,1.8,0.6,0.0,0.0,0.0,0.0,0.0,1.0,1.0,0.0,0.0,0.0,0.0,0.0,0.0,0.4,0.2,0.8,15.4,11.0,0.8
001831,Colin Squires,LSM,Long Stick Midfield,last_10,6,2022-09-11,2025-08-23,ARC|ATL|OUT|WAT,WHP,0.0,0.0,0.0,0.0,0.0,0.0,1.0,1,1.0,0.0,0.0,0.0,0.0,0.0,24.0,3.0,4.0,1,2,3,0.0,0.0,0.0,0.0,2.0,29.0,25.0,0.0,1.0,0.3333333333333333,,,,0.0,0.0,0.0,0.0,0.0,0.0,0.0,0.0,0.16666666666666666,0.16666666666666666,0.16666666666666666,0.0,0.0,0.0,0.0,0.0,4.0,0.5,0.6666666666666666,0.16666666666666666,0.3333333333333333,0.5,0.0,0.0,0.0,0.0,0.3333333333333333,4.833333333333333,4.166666666666667,0.3333333333333333
001832,Charlie Bertrand,M,Midfield,last_10,5,2022-09-03,2025-09-01,ARC|CHA|OUT,RED,8.0,6.0,6.0,0.0,6.0,2.0,24.0,17,2.0,0.0,0.0,0.0,0.0,0.0,3.0,2.0,0.0,0,0,0,0.0,0.0,0.0,0.0,10.0,76.0,50.0,0.25,0.7083333333333334,,,,,0.2,0.0,1.6,1.2,1.2,0.0,1.2,0.4,4.8,3.4,0.4,0.0,0.0,0.0,0.0,0.0,0.6,0.4,0.0,0.0,0.0,0.0,0.0,0.0,0.0,0.0,2.0,15.2,10.0,2.0
001835,Ethan Walker,A,Attack,last_10,6,2022-09-03,2023-09-24,ARC|ATL|CAN|CHA|WHP,WAT,16.0,10.0,10.0,0.0,10.0,6.0,18.0,13,0.0,0.0,0.0,0.0,0.0,0.0,9.0,6.0,0.0,0,0,0,0.0,0.0,0.0,0.0,26.0,184.0,160.0,0.5555555555555556,0.7222222222222222,,,,,0.23076923076923078,,2.6666666666666665,1.6666666666666667,1.6666666666666667,0.0,1.6666666666666667,1.0,3.0,2.1666666666666665,0.0,0.0,0.0,0.0,0.0,0.0,1.5,1.0,0.0,0.0,0.0,0.0,0.0,0.0,0.0,0.0,4.333333333333333,30.666666666666668,26.666666666666668,4.333333333333333
001836,Jackson Morrill,A,Attack,last_10,2,2022-09-03,2023-09-04,CHA|WAT,OUT|WHP,1.0,1.0,1.0,0.0,1.0,0.0,3.0,2,0.0,0.0,0.0,0.0,0.0,0.0,1.0,3.0,0.0,0,0,0,0.0,0.0,1.0,0.5,4.0,44.0,38.0,0.3333333333333333,0.6666666666666666,,,,,0.0,,0.5,0.5,0.5,0.0,0.5,0.0,1.5,1.0,0.0,0.0,0.0,0.0,0.0,0.0,0.5,1.5,0.0,0.0,0.0,0.0,0.0,0.0,0.5,0.25,2.0,22.0,19.0,2.0
001838,Ryan Smith,M,Midfield,last_10,4,2022-09-03,2023-09-04,ARC|OUT|RED|WAT,CHA,5.0,2.0,2.0,0.0,2.0,3.0,10.0,6,0.0,0.0,0.0,0.0,0.0,0.0,1.0,3.0,0.0,0,0,0,0.0,0.0,0.0,0.0,16.0,68.0,55.0,0.2,0.6,,,,,0.1875,,1.25,0.5,0.5,0.0,0.5,0.75,2.5,1.5,0.0,0.0,0.0,0.0,0.0,0.0,0.25,0.75,0.0,0.0,0.0,0.0,0.0,0.0,0.0,0.0,4.0,17.0,13.75,4.0
001839,Nick Grill,LSM,Long Stick Midfield,last_10,4,2022-09-03,2025-09-14,ATL|CHA|RED|WHP,OUT,0.0,0.0,0.0,0.0,0.0,0.0,0.0,0,0.0,0.0,0.0,0.0,0.0,0.0,2.0,0.0,1.0,0,0,0,0.0,0.0,0.0,0.0,0.0,5.0,5.0,,,,,,,,,0.0,0.0,0.0,0.0,0.0,0.0,0.0,0.0,0.0,0.0,0.0,0.0,0.0,0.0,0.5,0.0,0.25,0.0,0.0,0.0,0.0,0.0,0.0,0.0,0.0,1.25,1.25,0.0
001843,Cole Williams,M,Midfield,last_10,2,2022-09-03,2025-08-24,CHA|RED,CHA|OUT,1.0,1.0,1.0,0.0,1.0,0.0,2.0,2,0.0,0.0,0.0,0.0,0.0,0.0,0.0,1.0,0.0,0,0,0,0.0,0.0,0.0,0.0,2.0,25.0,22.0,0.5,1.0,,,,,0.0,,0.5,0.5,0.5,0.0,0.5,0.0,1.0,1.0,0.0,0.0,0.0,0.0,0.0,0.0,0.0,0.5,0.0,0.0,0.0,0.0,0.0,0.0,0.0,0.0,1.0,12.5,11.0,1.0
001846,Adam Charalambides,A,Attack,last_10,1,2025-08-24,2025-08-24,RED,CHA,1.0,1.0,1.0,0.0,1.0,0.0,6.0,4,0.0,0.0,0.0,0.0,0.0,0.0,1.0,1.0,0.0,0,0,0,0.0,0.0,0.0,0.0,0.0,26.0,19.0,0.16666666666666666,0.6666666666666666,,,,,,,1.0,1.0,1.0,0.0,1.0,0.0,6.0,4.0,0.0,0.0,0.0,0.0,0.0,0.0,1.0,1.0,0.0,0.0,0.0,0.0,0.0,0.0,0.0,0.0,0.0,26.0,19.0,0.0
002006,Reid Bowering,M,Midfield,last_10,3,2023-09-24,2025-09-14,OUT|WAT,ARC|ATL,6.0,4.0,4.0,0.0,4.0,2.0,6.0,6,0.0,0.0,0.0,0.0,0.0,0.0,3.0,1.0,0.0,0,0,0,0.0,0.0,1.0,0.5,4.0,40.0,33.0,0.6666666666666666,1.0,,,,,0.5,,2.0,1.3333333333333333,1.3333333333333333,0.0,1.3333333333333333,0.6666666666666666,2.0,2.0,0.0,0.0,0.0,0.0,0.0,0.0,1.0,0.3333333333333333,0.0,0.0,0.0,0.0,0.0,0.0,0.3333333333333333,0.16666666666666666,1.3333333333333333,13.333333333333334,11.0,1.3333333333333333
002014,Drake Porter,G,Goalie,last_10,1,2023-09-04,2023-09-04,CAN,ATL,0.0,0.0,0.0,0.0,0.0,0.0,0.0,0,0.0,2.0,0.0,2.0,5.0,12.286689419795222,2.0,1.0,0.0,0,0,0,5.0,0.0,0.0,0.0,0.0,4.0,3.0,,,,0.2857142857142857,0.0,0.0,,,0.0,0.0,0.0,0.0,0.0,0.0,0.0,0.0,0.0,2.0,0.0,2.0,5.0,12.286689419795222,2.0,1.0,0.0,0.0,0.0,0.0,5.0,0.0,0.0,0.0,0.0,4.0,3.0,0.0
002015,Logan Wisnauskas,A,Attack,last_10,4,2022-09-03,2026-08-29,ATL|CHA|RED,OUT,4.0,3.0,3.0,0.0,3.0,1.0,18.0,13,2.0,0.0,0.0,0.0,0.0,0.0,3.0,3.0,0.0,0,0,0,0.0,0.0,0.0,0.0,8.0,99.0,78.0,0.16666666666666666,0.7222222222222222,,,,,0.125,0.0,1.0,0.75,0.75,0.0,0.75,0.25,4.5,3.25,0.5,0.0,0.0,0.0,0.0,0.0,0.75,0.75,0.0,0.0,0.0,0.0,0.0,0.0,0.0,0.0,2.0,24.75,19.5,2.0
002016,Chris Gray,A,Attack,last_10,2,2022-09-03,2023-09-04,CAN|WAT,ATL,7.0,4.0,4.0,0.0,4.0,3.0,17.0,8,2.0,0.0,0.0,0.0,0.0,0.0,3.0,3.0,0.0,0,0,0,0.0,0.0,0.0,0.0,11.0,67.0,47.0,0.23529411764705882,0.47058823529411764,,,,,0.2727272727272727,0.0,3.5,2.0,2.0,0.0,2.0,1.5,8.5,4.0,1.0,0.0,0.0,0.0,0.0,0.0,1.5,1.5,0.0,0.0,0.0,0.0,0.0,0.0,0.0,0.0,5.5,33.5,23.5,5.5
002017,Arden Cohen,D,Defense,last_10,3,2022-09-03,2023-09-10,ARC|CHA,RED,0.0,0.0,0.0,0.0,0.0,0.0,0.0,0,0.0,0.0,0.0,0.0,0.0,0.0,4.0,2.0,4.0,0,0,0,0.0,0.0,0.0,0.0,1.0,14.0,12.0,,,,,,,0.0,,0.0,0.0,0.0,0.0,0.0,0.0,0.0,0.0,0.0,0.0,0.0,0.0,0.0,0.0,1.3333333333333333,0.6666666666666666,1.3333333333333333,0.0,0.0,0.0,0.0,0.0,0.0,0.0,0.3333333333333333,4.666666666666667,4.0,0.3333333333333333
002018,Matt Moore,A,Attack,last_10,6,2022-09-03,2024-09-15,CHA|RED|WAT|WHP,ARC,14.0,7.0,7.0,0.0,7.0,7.0,31.0,17,5.0,0.0,0.0,0.0,0.0,0.0,4.0,6.0,0.0,0,0,0,0.0,0.0,2.0,3.0,20.0,133.0,96.0,0.22580645161290322,0.5483870967741935,,,,,0.35,0.0,2.3333333333333335,1.1666666666666667,1.1666666666666667,0.0,1.1666666666666667,1.1666666666666667,5.166666666666667,2.8333333333333335,0.8333333333333334,0.0,0.0,0.0,0.0,0.0,0.6666666666666666,1.0,0.0,0.0,0.0,0.0,0.0,0.0,0.3333333333333333,0.5,3.3333333333333335,22.166666666666668,16.0,3.3333333333333335
002019,Koby Smith,LSM,Long Stick Midfield,last_10,2,2022-09-03,2024-09-07,WAT|WHP,ATL,0.0,0.0,0.0,0.0,0.0,0.0,1.0,0,1.0,0.0,0.0,0.0,0.0,0.0,4.0,2.0,0.0,0,0,0,0.0,0.0,0.0,0.0,0.0,8.0,5.0,0.0,0.0,,,,,,0.0,0.0,0.0,0.0,0.0,0.0,0.0,0.5,0.0,0.5,0.0,0.0,0.0,0.0,0.0,2.0,1.0,0.0,0.0,0.0,0.0,0.0,0.0,0.0,0.0,0.0,4.0,2.5,0.0
002021,Roman Puglise,SSDM,Defensive Midfield,last_10,5,2023-09-04,2025-08-23,ARC|ATL|OUT|WAT,WHP,0.0,0.0,0.0,0.0,0.0,0.0,2.0,2,1.0,0.0,0.0,0.0,0.0,0.0,4.0,0.0,2.0,0,0,0,0.0,0.0,2.0,1.0,2.0,27.0,25.0,0.0,1.0,,,,,0.0,0.0,0.0,0.0,0.0,0.0,0.0,0.0,0.4,0.4,0.2,0.0,0.0,0.0,0.0,0.0,0.8,0.0,0.4,0.0,0.0,0.0,0.0,0.0,0.4,0.2,0.4,5.4,5.0,0.4
002022,Zach Geddes,SSDM,Defensive Midfield,last_10,6,2023-09-04,2026-08-29,ARC|ATL|CAN|RED,CHA|OUT,2.0,2.0,2.0,0.0,2.0,0.0,4.0,2,0.0,0.0,0.0,0.0,0.0,0.0,6.0,4.0,4.0,0,1,1,0.0,0.0,0.0,0.0,1.0,57.0,49.0,0.5,0.5,0.0,,,,0.0,,0.3333333333333333,0.3333333333333333,0.3333333333333333,0.0,0.3333333333333333,0.0,0.6666666666666666,0.3333333333333333,0.0,0.0,0.0,0.0,0.0,0.0,1.0,0.6666666666666666,0.6666666666666666,0.0,0.16666666666666666,0.16666666666666666,0.0,0.0,0.0,0.0,0.16666666666666666,9.5,8.166666666666666,0.16666666666666666
002023,Brendan Nichtern,A,Attack,last_10,1,2022-09-03,2022-09-03,CHA,OUT,2.0,0.0,0.0,0.0,0.0,2.0,3.0,1,1.0,0.0,0.0,0.0,0.0,0.0,1.0,2.0,0.0,0,0,0,0.0,0.0,0.0,0.0,11.0,50.0,45.0,0.0,0.3333333333333333,,,,,0.18181818181818182,0.0,2.0,0.0,0.0,0.0,0.0,2.0,3.0,1.0,1.0,0.0,0.0,0.0,0.0,0.0,1.0,2.0,0.0,0.0,0.0,0.0,0.0,0.0,0.0,0.0,11.0,50.0,45.0,11.0
002024,Asher Nolting,A,Attack,last_10,3,2023-09-04,2024-09-02,ATL|CHA|WAT,CAN,10.0,5.0,5.0,0.0,5.0,5.0,21.0,12,0.0,0.0,0.0,0.0,0.0,0.0,4.0,8.0,0.0,0,0,0,0.0,0.0,0.0,0.0,17.0,84.0,55.0,0.23809523809523808,0.5714285714285714,,,,,0.29411764705882354,,3.3333333333333335,1.6666666666666667,1.6666666666666667,0.0,1.6666666666666667,1.6666666666666667,7.0,4.0,0.0,0.0,0.0,0.0,0.0,0.0,1.3333333333333333,2.6666666666666665,0.0,0.0,0.0,0.0,0.0,0.0,0.0,0.0,5.666666666666667,28.0,18.333333333333332,5.666666666666667
002025,Bubba Fairman,SSDM,Defensive Midfield,last_10,3,2023-09-04,2024-09-02,ATL|CHA|WAT,CAN,0.0,0.0,0.0,0.0,0.0,0.0,3.0,0,0.0,0.0,0.0,0.0,0.0,0.0,6.0,1.0,1.0,0,0,0,0.0,0.0,1.0,0.5,1.0,33.0,29.0,0.0,0.0,,,,,0.0,,0.0,0.0,0.0,0.0,0.0,0.0,1.0,0.0,0.0,0.0,0.0,0.0,0.0,0.0,2.0,0.3333333333333333,0.3333333333333333,0.0,0.0,0.0,0.0,0.0,0.3333333333333333,0.16666666666666666,0.3333333333333333,11.0,9.666666666666666,0.3333333333333333
002026,Brett Dobson,G,Goalie,last_10,4,2023-09-10,2024-09-15,CHA|RED|WAT|WHP,ARC,0.0,0.0,0.0,0.0,0.0,0.0,0.0,0,0.0,74.0,29.0,45.0,29.0,29.0,16.0,0.0,1.0,0,0,0,27.0,2.0,0.0,0.0,1.0,70.0,70.0,,,,0.7326732673267327,39.189189189189186,0.2871287128712871,0.0,,0.0,0.0,0.0,0.0,0.0,0.0,0.0,0.0,0.0,18.5,7.25,11.25,7.25,7.25,4.0,0.0,0.25,0.0,0.0,0.0,6.75,0.5,0.0,0.0,0.25,17.5,17.5,0.25
002027,Brendan Curry,M,Midfield,last_10,1,2023-09-04,2023-09-04,CAN,ATL,0.0,0.0,0.0,0.0,0.0,0.0,2.0,1,1.0,0.0,0.0,0.0,0.0,0.0,0.0,0.0,0.0,0,0,0,0.0,0.0,0.0,0.0,1.0,8.0,6.0,0.0,0.5,,,,,0.0,0.0,0.0,0.0,0.0,0.0,0.0,0.0,2.0,1.0,1.0,0.0,0.0,0.0,0.0,0.0,0.0,0.0,0.0,0.0,0.0,0.0,0.0,0.0,0.0,0.0,1.0,8.0,6.0,1.0
002028,Jack Hannah,M,Midfield,last_10,8,2022-09-03,2025-09-01,ARC|ATL|CAN|CHA|WHP,WAT,9.0,2.0,2.0,0.0,2.0,7.0,32.0,10,1.0,0.0,0.0,0.0,0.0,0.0,2.0,6.0,1.0,0,0,0,0.0,0.0,0.0,0.0,13.0,131.0,93.0,0.0625,0.3125,,,,,0.5384615384615384,0.0,1.125,0.25,0.25,0.0,0.25,0.875,4.0,1.25,0.125,0.0,0.0,0.0,0.0,0.0,0.25,0.75,0.125,0.0,0.0,0.0,0.0,0.0,0.0,0.0,1.625,16.375,11.625,1.625
002029,Wheaton Jackoboice,SSDM,Defensive Midfield,last_10,3,2022-09-11,2024-09-15,ARC|ATL|WAT,WHP,0.0,0.0,0.0,0.0,0.0,0.0,0.0,0,0.0,0.0,0.0,0.0,0.0,0.0,2.0,0.0,0.0,0,0,0,0.0,0.0,1.0,0.5,3.0,15.0,15.0,,,,,,,0.0,,0.0,0.0,0.0,0.0,0.0,0.0,0.0,0.0,0.0,0.0,0.0,0.0,0.0,0.0,0.6666666666666666,0.0,0.0,0.0,0.0,0.0,0.0,0.0,0.3333333333333333,0.16666666666666666,1.0,5.0,5.0,1.0
002030,Jonathan Donville,M,Midfield,last_10,4,2023-09-04,2025-09-14,ATL|RED|WAT,CAN|OUT,8.0,6.0,6.0,0.0,6.0,2.0,11.0,7,0.0,0.0,0.0,0.0,0.0,0.0,2.0,3.0,0.0,0,0,0,0.0,0.0,0.0,0.0,7.0,48.0,34.0,0.5454545454545454,0.6363636363636364,,,,,0.2857142857142857,,2.0,1.5,1.5,0.0,1.5,0.5,2.75,1.75,0.0,0.0,0.0,0.0,0.0,0.0,0.5,0.75,0.0,0.0,0.0,0.0,0.0,0.0,0.0,0.0,1.75,12.0,8.5,1.75
002031,Ryan McNulty,LSM,Long Stick Midfield,last_10,1,2024-09-02,2024-09-02,CAN,CHA,0.0,0.0,0.0,0.0,0.0,0.0,1.0,0,1.0,0.0,0.0,0.0,0.0,0.0,1.0,1.0,0.0,0,0,0,0.0,0.0,0.0,0.0,0.0,6.0,4.0,0.0,0.0,,,,,,0.0,0.0,0.0,0.0,0.0,0.0,0.0,1.0,0.0,1.0,0.0,0.0,0.0,0.0,0.0,1.0,1.0,0.0,0.0,0.0,0.0,0.0,0.0,0.0,0.0,0.0,6.0,4.0,0.0
002032,Justin Inacio,FO,Faceoff,last_10,3,2022-09-03,2025-08-24,CHA|RED,ARC|CHA,0.0,0.0,0.0,0.0,0.0,0.0,3.0,3,0.0,0.0,0.0,0.0,0.0,0.0,24.0,1.0,0.0,30,38,68,0.0,0.0,0.0,0.0,1.0,18.0,14.0,0.0,1.0,0.4411764705882353,,,,0.0,,0.0,0.0,0.0,0.0,0.0,0.0,1.0,1.0,0.0,0.0,0.0,0.0,0.0,0.0,8.0,0.3333333333333333,0.0,10.0,12.666666666666666,22.666666666666668,0.0,0.0,0.0,0.0,0.3333333333333333,6.0,4.666666666666667,0.3333333333333333
002033,Nakeie Montgomery,M,Midfield,last_10,1,2022-09-03,2022-09-03,ARC,RED,0.0,0.0,0.0,0.0,0.0,0.0,1.0,0,0.0,0.0,0.0,0.0,0.0,0.0,0.0,0.0,0.0,0,0,0,0.0,0.0,0.0,0.0,1.0,9.0,8.0,0.0,0.0,,,,,0.0,,0.0,0.0,0.0,0.0,0.0,0.0,1.0,0.0,0.0,0.0,0.0,0.0,0.0,0.0,0.0,0.0,0.0,0.0,0.0,0.0,0.0,0.0,0.0,0.0,1.0,9.0,8.0,1.0
002035,Max Wayne,D,Defense,last_10,2,2023-09-04,2023-09-10,ATL|WAT,CAN,0.0,0.0,0.0,0.0,0.0,0.0,0.0,0,0.0,0.0,0.0,0.0,0.0,0.0,4.0,1.0,1.0,0,0,0,0.0,0.0,0.0,0.0,0.0,13.0,12.0,,,,,,,,,0.0,0.0,0.0,0.0,0.0,0.0,0.0,0.0,0.0,0.0,0.0,0.0,0.0,0.0,2.0,0.5,0.5,0.0,0.0,0.0,0.0,0.0,0.0,0.0,0.0,6.5,6.0,0.0
002036,Jake Higgins,SSDM,Defensive Midfield,last_10,3,2023-09-04,2023-09-24,ARC|CAN|WHP,WAT,0.0,0.0,0.0,0.0,0.0,0.0,0.0,0,0.0,0.0,0.0,0.0,0.0,0.0,4.0,0.0,4.0,0,0,0,0.0,0.0,0.0,0.0,0.0,16.0,16.0,,,,,,,,,0.0,0.0,0.0,0.0,0.0,0.0,0.0,0.0,0.0,0.0,0.0,0.0,0.0,0.0,1.3333333333333333,0.0,1.3333333333333333,0.0,0.0,0.0,0.0,0.0,0.0,0.0,0.0,5.333333333333333,5.333333333333333,0.0
002038,Colin Kirst,G,Goalie,last_10,3,2023-09-04,2024-09-02,ATL|CHA|WAT,CAN,0.0,0.0,0.0,0.0,0.0,0.0,0.0,0,0.0,38.0,7.0,31.0,36.0,36.00555941626129,5.0,2.0,1.0,0,0,0,35.0,1.0,0.0,0.0,0.0,54.0,52.0,,,,0.5205479452054794,18.421052631578945,0.0958904109589041,,,0.0,0.0,0.0,0.0,0.0,0.0,0.0,0.0,0.0,12.666666666666666,2.3333333333333335,10.333333333333334,12.0,12.001853138753765,1.6666666666666667,0.6666666666666666,0.3333333333333333,0.0,0.0,0.0,11.666666666666666,0.3333333333333333,0.0,0.0,0.0,18.0,17.333333333333332,0.0
002039,Owen McElroy,G,Goalie,last_10,1,2024-09-02,2024-09-02,WHP,OUT,0.0,0.0,0.0,0.0,0.0,0.0,0.0,0,0.0,15.0,5.0,10.0,11.0,11.0,6.0,0.0,0.0,0,0,0,10.0,1.0,0.0,0.0,1.0,14.0,14.0,,,,0.6,33.33333333333333,0.2,0.0,,0.0,0.0,0.0,0.0,0.0,0.0,0.0,0.0,0.0,15.0,5.0,10.0,11.0,11.0,6.0,0.0,0.0,0.0,0.0,0.0,10.0,1.0,0.0,0.0,1.0,14.0,14.0,1.0
002040,Jackson Reid,A,Attack,last_10,1,2022-09-11,2022-09-11,WAT,WHP,0.0,0.0,0.0,0.0,0.0,0.0,4.0,3,0.0,0.0,0.0,0.0,0.0,0.0,1.0,0.0,0.0,0,0,0,0.0,0.0,0.0,0.0,1.0,14.0,10.0,0.0,0.75,,,,,0.0,,0.0,0.0,0.0,0.0,0.0,0.0,4.0,3.0,0.0,0.0,0.0,0.0,0.0,0.0,1.0,0.0,0.0,0.0,0.0,0.0,0.0,0.0,0.0,0.0,1.0,14.0,10.0,1.0
002042,Jon Robbins,LSM,Long Stick Midfield,last_10,4,2022-09-03,2024-09-15,CHA|RED|WHP,ARC,1.0,0.0,0.0,0.0,0.0,1.0,0.0,0,0.0,0.0,0.0,0.0,0.0,0.0,3.0,1.0,3.0,0,0,0,0.0,0.0,3.0,2.5,1.0,6.0,5.0,,,,,,,1.0,,0.25,0.0,0.0,0.0,0.0,0.25,0.0,0.0,0.0,0.0,0.0,0.0,0.0,0.0,0.75,0.25,0.75,0.0,0.0,0.0,0.0,0.0,0.75,0.625,0.25,1.5,1.25,0.25
002043,Ryan Aughavin,M,Midfield,last_10,2,2023-09-10,2023-09-24,RED|WAT,ARC,4.0,3.0,1.0,1.0,2.0,1.0,3.0,2,2.0,0.0,0.0,0.0,0.0,0.0,1.0,1.0,0.0,0,0,0,0.0,0.0,0.0,0.0,2.0,26.0,22.0,0.6666666666666666,0.6666666666666666,,,,,0.5,0.5,2.0,1.5,0.5,0.5,1.0,0.5,1.5,1.0,1.0,0.0,0.0,0.0,0.0,0.0,0.5,0.5,0.0,0.0,0.0,0.0,0.0,0.0,0.0,0.0,1.0,13.0,11.0,1.0
002054,Chris Merle,SSDM,Defensive Midfield,last_10,2,2023-09-04,2023-09-10,ARC|CHA,RED,2.0,1.0,1.0,0.0,1.0,1.0,1.0,1,0.0,0.0,0.0,0.0,0.0,0.0,6.0,0.0,2.0,0,0,0,0.0,0.0,0.0,0.0,1.0,14.0,13.0,1.0,1.0,,,,,1.0,,1.0,0.5,0.5,0.0,0.5,0.5,0.5,0.5,0.0,0.0,0.0,0.0,0.0,0.0,3.0,0.0,1.0,0.0,0.0,0.0,0.0,0.0,0.0,0.0,0.5,7.0,6.5,0.5
002059,Brendan Krebs,G,Goalie,last_10,3,2024-09-02,2024-09-15,ARC|ATL|OUT,WHP,1.0,0.0,0.0,0.0,0.0,1.0,1.0,0,1.0,40.0,18.0,22.0,33.0,31.58257713248639,10.0,2.0,0.0,0,0,0,29.0,4.0,0.0,0.0,2.0,62.0,59.0,0.0,0.0,,0.5797101449275363,45.0,0.2608695652173913,0.5,0.0,0.3333333333333333,0.0,0.0,0.0,0.0,0.3333333333333333,0.3333333333333333,0.0,0.3333333333333333,13.333333333333334,6.0,7.333333333333333,11.0,10.527525710828796,3.3333333333333335,0.6666666666666666,0.0,0.0,0.0,0.0,9.666666666666666,1.3333333333333333,0.0,0.0,0.6666666666666666,20.666666666666668,19.666666666666668,0.6666666666666666
002063,Ryan Kennedy,LSM,Long Stick Midfield,last_10,3,2022-09-03,2023-09-10,ARC|CHA,RED,0.0,0.0,0.0,0.0,0.0,0.0,1.0,1,0.0,0.0,0.0,0.0,0.0,0.0,7.0,2.0,2.0,0,2,2,0.0,0.0,0.0,0.0,0.0,8.0,5.0,0.0,1.0,0.0,,,,,,0.0,0.0,0.0,0.0,0.0,0.0,0.3333333333333333,0.3333333333333333,0.0,0.0,0.0,0.0,0.0,0.0,2.3333333333333335,0.6666666666666666,0.6666666666666666,0.0,0.6666666666666666,0.6666666666666666,0.0,0.0,0.0,0.0,0.0,2.6666666666666665,1.6666666666666667,0.0
002067,Zac Tucci,FO,Faceoff,last_10,1,2024-09-02,2024-09-02,CHA,CAN,0.0,0.0,0.0,0.0,0.0,0.0,2.0,2,1.0,0.0,0.0,0.0,0.0,0.0,6.0,2.0,0.0,8,7,15,0.0,0.0,2.0,1.0,0.0,6.0,2.0,0.0,1.0,0.5333333333333333,,,,,0.0,0.0,0.0,0.0,0.0,0.0,0.0,2.0,2.0,1.0,0.0,0.0,0.0,0.0,0.0,6.0,2.0,0.0,8.0,7.0,15.0,0.0,0.0,2.0,1.0,0.0,6.0,2.0,0.0
002074,Alexander Smith,SSDM,Defensive Midfield,last_10,1,2024-09-02,2024-09-02,WHP,OUT,0.0,0.0,0.0,0.0,0.0,0.0,0.0,0,0.0,0.0,0.0,0.0,0.0,0.0,0.0,1.0,0.0,0,0,0,0.0,0.0,0.0,0.0,0.0,10.0,9.0,,,,,,,,,0.0,0.0,0.0,0.0,0.0,0.0,0.0,0.0,0.0,0.0,0.0,0.0,0.0,0.0,0.0,1.0,0.0,0.0,0.0,0.0,0.0,0.0,0.0,0.0,0.0,10.0,9.0,0.0
003004,Mike Sisselberger,FO,Faceoff,last_10,4,2023-09-10,2024-09-15,CHA|RED|WAT|WHP,ARC,1.0,1.0,1.0,0.0,1.0,0.0,3.0,1,0.0,0.0,0.0,0.0,0.0,0.0,24.0,11.0,1.0,41,39,82,0.0,0.0,0.0,0.0,0.0,23.0,9.0,0.3333333333333333,0.3333333333333333,0.5,,,,,,0.25,0.25,0.25,0.0,0.25,0.0,0.75,0.25,0.0,0.0,0.0,0.0,0.0,0.0,6.0,2.75,0.25,10.25,9.75,20.5,0.0,0.0,0.0,0.0,0.0,5.75,2.25,0.0
003005,Connor Maher,SSDM,Defensive Midfield,last_10,4,2023-09-10,2024-09-15,CHA|RED|WAT|WHP,ARC,0.0,0.0,0.0,0.0,0.0,0.0,1.0,0,0.0,0.0,0.0,0.0,0.0,0.0,5.0,0.0,0.0,0,1,1,0.0,0.0,0.0,0.0,0.0,25.0,24.0,0.0,0.0,0.0,,,,,,0.0,0.0,0.0,0.0,0.0,0.0,0.25,0.0,0.0,0.0,0.0,0.0,0.0,0.0,1.25,0.0,0.0,0.0,0.25,0.25,0.0,0.0,0.0,0.0,0.0,6.25,6.0,0.0
003006,Piper Bond,SSDM,Defensive Midfield,last_10,4,2023-09-10,2024-09-15,CHA|RED|WAT|WHP,ARC,0.0,0.0,0.0,0.0,0.0,0.0,0.0,0,0.0,0.0,0.0,0.0,0.0,0.0,6.0,1.0,1.0,0,1,1,0.0,0.0,1.0,0.5,0.0,54.0,53.0,,,0.0,,,,,,0.0,0.0,0.0,0.0,0.0,0.0,0.0,0.0,0.0,0.0,0.0,0.0,0.0,0.0,1.5,0.25,0.25,0.0,0.25,0.25,0.0,0.0,0.25,0.125,0.0,13.5,13.25,0.0
003007,Cam Wyers,LSM,Long Stick Midfield,last_10,3,2023-09-10,2024-09-15,RED|WAT|WHP,ARC,0.0,0.0,0.0,0.0,0.0,0.0,1.0,0,1.0,0.0,0.0,0.0,0.0,0.0,1.0,0.0,1.0,0,1,1,0.0,0.0,0.0,0.0,0.0,3.0,2.0,0.0,0.0,0.0,,,,,0.0,0.0,0.0,0.0,0.0,0.0,0.0,0.3333333333333333,0.0,0.3333333333333333,0.0,0.0,0.0,0.0,0.0,0.3333333333333333,0.0,0.3333333333333333,0.0,0.3333333333333333,0.3333333333333333,0.0,0.0,0.0,0.0,0.0,1.0,0.6666666666666666,0.0
003008,Gavin Adler,D,Defense,last_10,4,2023-09-04,2025-09-14,CAN|OUT|WAT|WHP,ATL,1.0,0.0,0.0,0.0,0.0,1.0,0.0,0,0.0,0.0,0.0,0.0,0.0,0.0,4.0,0.0,2.0,0,0,0,0.0,0.0,0.0,0.0,1.0,30.0,30.0,,,,,,,1.0,,0.25,0.0,0.0,0.0,0.0,0.25,0.0,0.0,0.0,0.0,0.0,0.0,0.0,0.0,1.0,0.0,0.5,0.0,0.0,0.0,0.0,0.0,0.0,0.0,0.25,7.5,7.5,0.25
003009,Brett Makar,D,Defense,last_10,4,2023-09-04,2025-09-14,CAN|OUT|WAT|WHP,ATL,1.0,0.0,0.0,0.0,0.0,1.0,4.0,1,3.0,0.0,0.0,0.0,0.0,0.0,13.0,2.0,6.0,0,0,0,0.0,0.0,0.0,0.0,1.0,28.0,22.0,0.0,0.25,,,,,1.0,0.0,0.25,0.0,0.0,0.0,0.0,0.25,1.0,0.25,0.75,0.0,0.0,0.0,0.0,0.0,3.25,0.5,1.5,0.0,0.0,0.0,0.0,0.0,0.0,0.0,0.25,7.0,5.5,0.25
003010,Xander Dickson,A,Attack,last_10,4,2023-09-04,2025-09-14,CAN|OUT|WAT|WHP,ATL,10.0,10.0,10.0,0.0,10.0,0.0,20.0,13,0.0,0.0,0.0,0.0,0.0,0.0,10.0,7.0,4.0,0,0,0,0.0,0.0,1.0,0.5,2.0,61.0,34.0,0.5,0.65,,,,,0.0,,2.5,2.5,2.5,0.0,2.5,0.0,5.0,3.25,0.0,0.0,0.0,0.0,0.0,0.0,2.5,1.75,1.0,0.0,0.0,0.0,0.0,0.0,0.25,0.125,0.5,15.25,8.5,0.5
003011,Payton Rezanka,SSDM,Defensive Midfield,last_10,1,2024-09-07,2024-09-07,WHP,ATL,0.0,0.0,0.0,0.0,0.0,0.0,0.0,0,0.0,0.0,0.0,0.0,0.0,0.0,1.0,0.0,0.0,0,0,0,0.0,0.0,0.0,0.0,0.0,4.0,4.0,,,,,,,,,0.0,0.0,0.0,0.0,0.0,0.0,0.0,0.0,0.0,0.0,0.0,0.0,0.0,0.0,1.0,0.0,0.0,0.0,0.0,0.0,0.0,0.0,0.0,0.0,0.0,4.0,4.0,0.0
003013,Matt Campbell,M,Midfield,last_10,4,2023-09-04,2026-08-30,ATL|CHA|WAT|WHP,CAN,2.0,2.0,2.0,0.0,2.0,0.0,19.0,15,3.0,0.0,0.0,0.0,0.0,0.0,0.0,5.0,1.0,0,0,0,0.0,0.0,0.0,0.0,3.0,85.0,61.0,0.10526315789473684,0.7894736842105263,,,,,0.0,0.0,0.5,0.5,0.5,0.0,0.5,0.0,4.75,3.75,0.75,0.0,0.0,0.0,0.0,0.0,0.0,1.25,0.25,0.0,0.0,0.0,0.0,0.0,0.0,0.0,0.75,21.25,15.25,0.75
003015,Will Bowen,D,Defense,last_10,3,2023-09-04,2024-09-07,ARC|CAN|RED,CHA,0.0,0.0,0.0,0.0,0.0,0.0,0.0,0,0.0,0.0,0.0,0.0,0.0,0.0,3.0,0.0,1.0,0,0,0,0.0,0.0,0.0,0.0,0.0,19.0,19.0,,,,,,,,,0.0,0.0,0.0,0.0,0.0,0.0,0.0,0.0,0.0,0.0,0.0,0.0,0.0,0.0,1.0,0.0,0.3333333333333333,0.0,0.0,0.0,0.0,0.0,0.0,0.0,0.0,6.333333333333333,6.333333333333333,0.0
003016,Brian Minicus,M,Midfield,last_10,3,2023-09-04,2024-09-07,ARC|CAN|RED,CHA,3.0,1.0,1.0,0.0,1.0,2.0,10.0,5,0.0,0.0,0.0,0.0,0.0,0.0,0.0,3.0,0.0,0,0,0,0.0,0.0,0.0,0.0,6.0,52.0,39.0,0.1,0.5,,,,,0.3333333333333333,,1.0,0.3333333333333333,0.3333333333333333,0.0,0.3333333333333333,0.6666666666666666,3.3333333333333335,1.6666666666666667,0.0,0.0,0.0,0.0,0.0,0.0,0.0,1.0,0.0,0.0,0.0,0.0,0.0,0.0,0.0,0.0,2.0,17.333333333333332,13.0,2.0
003017,Tye Kurtz,A,Attack,last_10,2,2024-09-02,2024-09-07,ARC|CAN,CHA,4.0,2.0,2.0,0.0,2.0,2.0,8.0,6,1.0,0.0,0.0,0.0,0.0,0.0,3.0,0.0,0.0,0,0,0,0.0,0.0,0.0,0.0,4.0,49.0,41.0,0.25,0.75,,,,,0.5,0.0,2.0,1.0,1.0,0.0,1.0,1.0,4.0,3.0,0.5,0.0,0.0,0.0,0.0,0.0,1.5,0.0,0.0,0.0,0.0,0.0,0.0,0.0,0.0,0.0,2.0,24.5,20.5,2.0
003018,Nick Rowlett,FO,Faceoff,last_10,2,2023-09-04,2024-09-07,ARC|RED,CHA,0.0,0.0,0.0,0.0,0.0,0.0,3.0,0,1.0,0.0,0.0,0.0,0.0,0.0,12.0,0.0,1.0,21,17,39,0.0,0.0,0.0,0.0,0.0,13.0,10.0,0.0,0.0,0.5384615384615384,,,,,0.0,0.0,0.0,0.0,0.0,0.0,0.0,1.5,0.0,0.5,0.0,0.0,0.0,0.0,0.0,6.0,0.0,0.5,10.5,8.5,19.5,0.0,0.0,0.0,0.0,0.0,6.5,5.0,0.0
003019,Sam Handley,M,Midfield,last_10,1,2024-09-02,2024-09-02,WHP,OUT,4.0,2.0,0.0,1.0,1.0,2.0,4.0,3,2.0,0.0,0.0,0.0,0.0,0.0,0.0,0.0,0.0,0,0,0,0.0,0.0,0.0,0.0,4.0,17.0,13.0,0.25,0.75,,,,,0.5,0.5,4.0,2.0,0.0,1.0,1.0,2.0,4.0,3.0,2.0,0.0,0.0,0.0,0.0,0.0,0.0,0.0,0.0,0.0,0.0,0.0,0.0,0.0,0.0,0.0,4.0,17.0,13.0,4.0
003022,Cross Ferrara,M,Midfield,last_10,1,2024-09-02,2024-09-02,WHP,OUT,2.0,1.0,1.0,0.0,1.0,1.0,2.0,1,0.0,0.0,0.0,0.0,0.0,0.0,0.0,0.0,0.0,0,0,0,0.0,0.0,0.0,0.0,1.0,10.0,8.0,0.5,0.5,,,,,1.0,,2.0,1.0,1.0,0.0,1.0,1.0,2.0,1.0,0.0,0.0,0.0,0.0,0.0,0.0,0.0,0.0,0.0,0.0,0.0,0.0,0.0,0.0,0.0,0.0,1.0,10.0,8.0,1.0
003023,Owen Grant,LSM,Long Stick Midfield,last_10,3,2023-09-04,2026-08-30,ARC|CHA|WHP,CAN|RED,1.0,1.0,1.0,0.0,1.0,0.0,6.0,4,2.0,0.0,0.0,0.0,0.0,0.0,6.0,1.0,3.0,0,1,1,0.0,0.0,0.0,0.0,0.0,17.0,10.0,0.16666666666666666,0.6666666666666666,0.0,,,,,0.0,0.3333333333333333,0.3333333333333333,0.3333333333333333,0.0,0.3333333333333333,0.0,2.0,1.3333333333333333,0.6666666666666666,0.0,0.0,0.0,0.0,0.0,2.0,0.3333333333333333,1.0,0.0,0.3333333333333333,0.3333333333333333,0.0,0.0,0.0,0.0,0.0,5.666666666666667,3.3333333333333335,0.0
003024,Brian Tevlin,SSDM,Defensive Midfield,last_10,5,2023-09-04,2026-08-29,ARC|CHA|OUT,RED,1.0,1.0,1.0,0.0,1.0,0.0,6.0,5,3.0,0.0,0.0,0.0,0.0,0.0,12.0,2.0,2.0,0,2,2,0.0,0.0,2.0,1.0,0.0,53.0,45.0,0.16666666666666666,0.8333333333333334,0.0,,,,,0.0,0.2,0.2,0.2,0.0,0.2,0.0,1.2,1.0,0.6,0.0,0.0,0.0,0.0,0.0,2.4,0.4,0.4,0.0,0.4,0.4,0.0,0.0,0.4,0.2,0.0,10.6,9.0,0.0
003025,Cole Kirst,M,Midfield,last_10,2,2023-09-04,2023-09-10,ARC|CHA,RED,2.0,2.0,0.0,1.0,1.0,0.0,11.0,6,2.0,0.0,0.0,0.0,0.0,0.0,1.0,3.0,0.0,0,0,0,0.0,0.0,0.0,0.0,1.0,44.0,30.0,0.09090909090909091,0.5454545454545454,,,,,0.0,0.5,1.0,1.0,0.0,0.5,0.5,0.0,5.5,3.0,1.0,0.0,0.0,0.0,0.0,0.0,0.5,1.5,0.0,0.0,0.0,0.0,0.0,0.0,0.0,0.0,0.5,22.0,15.0,0.5
003027,Thomas McConvey,M,Midfield,last_10,3,2023-09-04,2025-09-01,ATL|WHP,WAT,0.0,0.0,0.0,0.0,0.0,0.0,6.0,4,0.0,0.0,0.0,0.0,0.0,0.0,3.0,1.0,1.0,0,0,0,0.0,0.0,0.0,0.0,3.0,32.0,25.0,0.0,0.6666666666666666,,,,,0.0,,0.0,0.0,0.0,0.0,0.0,0.0,2.0,1.3333333333333333,0.0,0.0,0.0,0.0,0.0,0.0,1.0,0.3333333333333333,0.3333333333333333,0.0,0.0,0.0,0.0,0.0,0.0,0.0,1.0,10.666666666666666,8.333333333333334,1.0
003028,Alex Mazzone,LSM,Long Stick Midfield,last_10,3,2024-09-02,2024-09-15,ARC|ATL|OUT,WHP,0.0,0.0,0.0,0.0,0.0,0.0,0.0,0,0.0,0.0,0.0,0.0,0.0,0.0,2.0,1.0,1.0,0,0,0,0.0,0.0,0.0,0.0,0.0,7.0,6.0,,,,,,,,,0.0,0.0,0.0,0.0,0.0,0.0,0.0,0.0,0.0,0.0,0.0,0.0,0.0,0.0,0.6666666666666666,0.3333333333333333,0.3333333333333333,0.0,0.0,0.0,0.0,0.0,0.0,0.0,0.0,2.3333333333333335,2.0,0.0
003029,Chris Fake,D,Defense,last_10,3,2025-08-24,2026-08-29,CHA|OUT,RED,2.0,2.0,0.0,1.0,1.0,0.0,1.0,1,1.0,0.0,0.0,0.0,0.0,0.0,5.0,3.0,2.0,0,0,0,0.0,0.0,0.0,0.0,1.0,25.0,21.0,1.0,1.0,,,,,0.0,1.0,0.6666666666666666,0.6666666666666666,0.0,0.3333333333333333,0.3333333333333333,0.0,0.3333333333333333,0.3333333333333333,0.3333333333333333,0.0,0.0,0.0,0.0,0.0,1.6666666666666667,1.0,0.6666666666666666,0.0,0.0,0.0,0.0,0.0,0.0,0.0,0.3333333333333333,8.333333333333334,7.0,0.3333333333333333
003030,James Reilly,FO,Faceoff,last_10,1,2024-09-02,2024-09-02,CAN,CHA,0.0,0.0,0.0,0.0,0.0,0.0,0.0,0,0.0,0.0,0.0,0.0,0.0,0.0,2.0,0.0,1.0,7,8,15,0.0,0.0,0.0,0.0,0.0,0.0,0.0,,,0.4666666666666667,,,,,,0.0,0.0,0.0,0.0,0.0,0.0,0.0,0.0,0.0,0.0,0.0,0.0,0.0,0.0,2.0,0.0,1.0,7.0,8.0,15.0,0.0,0.0,0.0,0.0,0.0,0.0,0.0,0.0
003031,Tucker Dordevic,M,Midfield,last_10,1,2023-09-04,2023-09-04,WAT,WHP,3.0,3.0,3.0,0.0,3.0,0.0,9.0,9,1.0,0.0,0.0,0.0,0.0,0.0,2.0,0.0,0.0,0,0,0,0.0,0.0,0.0,0.0,0.0,24.0,15.0,0.3333333333333333,1.0,,,,,,0.0,3.0,3.0,3.0,0.0,3.0,0.0,9.0,9.0,1.0,0.0,0.0,0.0,0.0,0.0,2.0,0.0,0.0,0.0,0.0,0.0,0.0,0.0,0.0,0.0,0.0,24.0,15.0,0.0
003032,Petey LaSalla,FO,Faceoff,last_10,1,2023-09-04,2023-09-04,WAT,WHP,0.0,0.0,0.0,0.0,0.0,0.0,0.0,0,0.0,0.0,0.0,0.0,0.0,0.0,16.0,0.0,0.0,20,8,29,0.0,0.0,0.0,0.0,0.0,13.0,13.0,,,0.6896551724137931,,,,,,0.0,0.0,0.0,0.0,0.0,0.0,0.0,0.0,0.0,0.0,0.0,0.0,0.0,0.0,16.0,0.0,0.0,20.0,8.0,29.0,0.0,0.0,0.0,0.0,0.0,13.0,13.0,0.0
003039,Chet Comizio,SSDM,Defensive Midfield,last_10,4,2023-09-04,2025-09-14,CAN|OUT|WAT|WHP,ATL,0.0,0.0,0.0,0.0,0.0,0.0,3.0,1,1.0,0.0,0.0,0.0,0.0,0.0,6.0,0.0,2.0,0,0,0,0.0,0.0,1.0,0.5,0.0,18.0,15.0,0.0,0.3333333333333333,,,,,,0.0,0.0,0.0,0.0,0.0,0.0,0.0,0.75,0.25,0.25,0.0,0.0,0.0,0.0,0.0,1.5,0.0,0.5,0.0,0.0,0.0,0.0,0.0,0.25,0.125,0.0,4.5,3.75,0.0
003041,Ethan Rall,LSM,Long Stick Midfield,last_10,4,2023-09-04,2026-08-30,ATL|CHA|WAT|WHP,CAN,2.0,2.0,2.0,0.0,2.0,0.0,3.0,3,0.0,0.0,0.0,0.0,0.0,0.0,15.0,1.0,5.0,4,17,22,0.0,0.0,0.0,0.0,0.0,22.0,18.0,0.6666666666666666,1.0,0.18181818181818182,,,,,,0.5,0.5,0.5,0.0,0.5,0.0,0.75,0.75,0.0,0.0,0.0,0.0,0.0,0.0,3.75,0.25,1.25,1.0,4.25,5.5,0.0,0.0,0.0,0.0,0.0,5.5,4.5,0.0
003048,TJ Malone,A,Attack,last_10,5,2024-09-02,2026-08-30,ARC|ATL|CAN|OUT|WAT,WHP,15.0,6.0,6.0,0.0,6.0,9.0,30.0,17,3.0,0.0,0.0,0.0,0.0,0.0,14.0,14.0,1.0,0,0,0,0.0,0.0,1.0,0.5,20.0,139.0,95.0,0.2,0.5666666666666667,,,,,0.45,0.0,3.0,1.2,1.2,0.0,1.2,1.8,6.0,3.4,0.6,0.0,0.0,0.0,0.0,0.0,2.8,2.8,0.2,0.0,0.0,0.0,0.0,0.0,0.2,0.1,4.0,27.8,19.0,4.0
003049,John Geppert,LSM,Long Stick Midfield,last_10,1,2023-09-04,2023-09-04,CAN,ATL,0.0,0.0,0.0,0.0,0.0,0.0,0.0,0,0.0,0.0,0.0,0.0,0.0,0.0,0.0,0.0,0.0,0,0,0,0.0,0.0,0.0,0.0,0.0,3.0,3.0,,,,,,,,,0.0,0.0,0.0,0.0,0.0,0.0,0.0,0.0,0.0,0.0,0.0,0.0,0.0,0.0,0.0,0.0,0.0,0.0,0.0,0.0,0.0,0.0,0.0,0.0,0.0,3.0,3.0,0.0
003059,BJ Farrare,SSDM,Defensive Midfield,last_10,3,2025-08-24,2026-08-29,CHA|OUT,RED,1.0,0.0,0.0,0.0,0.0,1.0,1.0,0,0.0,0.0,0.0,0.0,0.0,0.0,4.0,1.0,0.0,0,0,0,0.0,0.0,1.0,0.5,2.0,16.0,14.0,0.0,0.0,,,,,0.5,,0.3333333333333333,0.0,0.0,0.0,0.0,0.3333333333333333,0.3333333333333333,0.0,0.0,0.0,0.0,0.0,0.0,0.0,1.3333333333333333,0.3333333333333333,0.0,0.0,0.0,0.0,0.0,0.0,0.3333333333333333,0.16666666666666666,0.6666666666666666,5.333333333333333,4.666666666666667,0.6666666666666666
003075,Brennan O'Neill,A,Attack,last_10,4,2024-09-02,2026-08-29,ATL|RED|WHP,OUT,14.0,13.0,11.0,1.0,12.0,1.0,43.0,24,6.0,0.0,0.0,0.0,0.0,0.0,6.0,12.0,0.0,0,0,0,0.0,0.0,0.0,0.0,5.0,132.0,77.0,0.27906976744186046,0.5581395348837209,,,,,0.2,0.16666666666666666,3.5,3.25,2.75,0.25,3.0,0.25,10.75,6.0,1.5,0.0,0.0,0.0,0.0,0.0,1.5,3.0,0.0,0.0,0.0,0.0,0.0,0.0,0.0,0.0,1.25,33.0,19.25,1.25
003076,Connor Shellenberger,A,Attack,last_10,3,2024-09-07,2025-09-14,OUT|WAT|WHP,ATL,11.0,4.0,4.0,0.0,4.0,7.0,14.0,11,0.0,0.0,0.0,0.0,0.0,0.0,6.0,4.0,0.0,0,0,0,0.0,0.0,0.0,0.0,17.0,93.0,75.0,0.2857142857142857,0.7857142857142857,,,,,0.4117647058823529,,3.6666666666666665,1.3333333333333333,1.3333333333333333,0.0,1.3333333333333333,2.3333333333333335,4.666666666666667,3.6666666666666665,0.0,0.0,0.0,0.0,0.0,0.0,2.0,1.3333333333333333,0.0,0.0,0.0,0.0,0.0,0.0,0.0,0.0,5.666666666666667,31.0,25.0,5.666666666666667
003077,Ajax Zappitello,D,Defense,last_10,5,2024-09-02,2026-08-30,ARC|ATL|CAN|OUT|WAT,WHP,1.0,1.0,1.0,0.0,1.0,0.0,3.0,1,0.0,0.0,0.0,0.0,0.0,0.0,19.0,1.0,6.0,0,0,0,0.0,0.0,0.0,0.0,0.0,48.0,44.0,0.3333333333333333,0.3333333333333333,,,,,,,0.2,0.2,0.2,0.0,0.2,0.0,0.6,0.2,0.0,0.0,0.0,0.0,0.0,0.0,3.8,0.2,1.2,0.0,0.0,0.0,0.0,0.0,0.0,0.0,0.0,9.6,8.8,0.0
003078,Shane Knobloch,M,Midfield,last_10,3,2024-09-02,2025-08-24,ARC|CAN|RED,CHA,3.0,3.0,3.0,0.0,3.0,0.0,19.0,13,1.0,0.0,0.0,0.0,0.0,0.0,3.0,4.0,0.0,0,0,0,0.0,0.0,0.0,0.0,2.0,62.0,39.0,0.15789473684210525,0.6842105263157895,,,,,0.0,0.0,1.0,1.0,1.0,0.0,1.0,0.0,6.333333333333333,4.333333333333333,0.3333333333333333,0.0,0.0,0.0,0.0,0.0,1.0,1.3333333333333333,0.0,0.0,0.0,0.0,0.0,0.0,0.0,0.0,0.6666666666666666,20.666666666666668,13.0,0.6666666666666666
003079,Liam Entenmann,G,Goalie,last_10,3,2024-09-07,2025-09-14,OUT|WAT|WHP,ATL,0.0,0.0,0.0,0.0,0.0,0.0,0.0,0,0.0,42.0,15.0,27.0,36.0,34.45372050816697,7.0,0.0,1.0,0,0,0,33.0,3.0,0.0,0.0,1.0,65.0,65.0,,,,0.56,35.714285714285715,0.2,0.0,,0.0,0.0,0.0,0.0,0.0,0.0,0.0,0.0,0.0,14.0,5.0,9.0,12.0,11.484573502722322,2.3333333333333335,0.0,0.3333333333333333,0.0,0.0,0.0,11.0,1.0,0.0,0.0,0.3333333333333333,21.666666666666668,21.666666666666668,0.3333333333333333
003080,Pat Kavanagh,A,Attack,last_10,4,2024-09-02,2026-08-29,ATL|CHA|RED,CAN|OUT,14.0,6.0,6.0,0.0,6.0,8.0,25.0,18,2.0,0.0,0.0,0.0,0.0,0.0,5.0,3.0,0.0,0,0,0,0.0,0.0,0.0,0.0,17.0,112.0,84.0,0.24,0.72,,,,,0.47058823529411764,0.0,3.5,1.5,1.5,0.0,1.5,2.0,6.25,4.5,0.5,0.0,0.0,0.0,0.0,0.0,1.25,0.75,0.0,0.0,0.0,0.0,0.0,0.0,0.0,0.0,4.25,28.0,21.0,4.25
003081,Matt Brandau,M,Midfield,last_10,2,2025-08-23,2026-08-30,CAN|WAT,WHP,2.0,2.0,2.0,0.0,2.0,0.0,12.0,9,0.0,0.0,0.0,0.0,0.0,0.0,4.0,3.0,0.0,0,0,0,0.0,0.0,0.0,0.0,0.0,49.0,34.0,0.16666666666666666,0.75,,,,,,,1.0,1.0,1.0,0.0,1.0,0.0,6.0,4.5,0.0,0.0,0.0,0.0,0.0,0.0,2.0,1.5,0.0,0.0,0.0,0.0,0.0,0.0,0.0,0.0,0.0,24.5,17.0,0.0
003082,Mason Woodward,D,Defense,last_10,2,2024-09-07,2024-09-15,CHA|WHP,ARC,2.0,2.0,0.0,1.0,1.0,0.0,4.0,2,4.0,0.0,0.0,0.0,0.0,0.0,7.0,0.0,4.0,0,0,0,0.0,0.0,0.0,0.0,1.0,23.0,19.0,0.25,0.5,,,,,0.0,0.25,1.0,1.0,0.0,0.5,0.5,0.0,2.0,1.0,2.0,0.0,0.0,0.0,0.0,0.0,3.5,0.0,2.0,0.0,0.0,0.0,0.0,0.0,0.0,0.0,0.5,11.5,9.5,0.5
003083,Jake Piseno,LSM,Long Stick Midfield,last_10,4,2024-09-02,2026-08-29,ATL|RED|WHP,OUT,0.0,0.0,0.0,0.0,0.0,0.0,1.0,0,1.0,0.0,0.0,0.0,0.0,0.0,7.0,0.0,3.0,0,0,0,0.0,0.0,0.0,0.0,3.0,21.0,20.0,0.0,0.0,,,,,0.0,0.0,0.0,0.0,0.0,0.0,0.0,0.0,0.25,0.0,0.25,0.0,0.0,0.0,0.0,0.0,1.75,0.0,0.75,0.0,0.0,0.0,0.0,0.0,0.0,0.0,0.75,5.25,5.0,0.75
003084,Jake Stevens,M,Midfield,last_10,3,2024-09-07,2025-09-14,OUT|WAT|WHP,ATL,1.0,1.0,1.0,0.0,1.0,0.0,6.0,4,0.0,0.0,0.0,0.0,0.0,0.0,2.0,5.0,0.0,0,0,0,0.0,0.0,0.0,0.0,1.0,38.0,27.0,0.16666666666666666,0.6666666666666666,,,,,0.0,,0.3333333333333333,0.3333333333333333,0.3333333333333333,0.0,0.3333333333333333,0.0,2.0,1.3333333333333333,0.0,0.0,0.0,0.0,0.0,0.0,0.6666666666666666,1.6666666666666667,0.0,0.0,0.0,0.0,0.0,0.0,0.0,0.0,0.3333333333333333,12.666666666666666,9.0,0.3333333333333333
003085,Graham Bundy,M,Midfield,last_10,4,2024-09-02,2026-08-29,ATL|RED|WHP,OUT,6.0,5.0,3.0,1.0,4.0,1.0,14.0,11,5.0,0.0,0.0,0.0,0.0,0.0,2.0,2.0,1.0,0,0,0,0.0,0.0,0.0,0.0,2.0,91.0,75.0,0.2857142857142857,0.7857142857142857,,,,,0.5,0.2,1.5,1.25,0.75,0.25,1.0,0.25,3.5,2.75,1.25,0.0,0.0,0.0,0.0,0.0,0.5,0.5,0.25,0.0,0.0,0.0,0.0,0.0,0.0,0.0,0.5,22.75,18.75,0.5
003087,Beau Pederson,SSDM,Defensive Midfield,last_10,2,2024-09-07,2024-09-15,CHA|WHP,ARC,0.0,0.0,0.0,0.0,0.0,0.0,0.0,0,0.0,0.0,0.0,0.0,0.0,0.0,5.0,1.0,1.0,0,1,1,0.0,0.0,1.0,0.5,1.0,17.0,16.0,,,0.0,,,,0.0,,0.0,0.0,0.0,0.0,0.0,0.0,0.0,0.0,0.0,0.0,0.0,0.0,0.0,0.0,2.5,0.5,0.5,0.0,0.5,0.5,0.0,0.0,0.5,0.25,0.5,8.5,8.0,0.5
003088,Alexander Vardaro,M,Midfield,last_10,1,2024-09-02,2024-09-02,CHA,CAN,1.0,1.0,1.0,0.0,1.0,0.0,2.0,1,0.0,0.0,0.0,0.0,0.0,0.0,1.0,0.0,0.0,0,0,0,0.0,0.0,0.0,0.0,1.0,16.0,14.0,0.5,0.5,,,,,0.0,,1.0,1.0,1.0,0.0,1.0,0.0,2.0,1.0,0.0,0.0,0.0,0.0,0.0,0.0,1.0,0.0,0.0,0.0,0.0,0.0,0.0,0.0,0.0,0.0,1.0,16.0,14.0,1.0
003089,Kenny Brower,D,Defense,last_10,2,2025-08-23,2025-09-01,ATL|WHP,WAT,0.0,0.0,0.0,0.0,0.0,0.0,0.0,0,0.0,0.0,0.0,0.0,0.0,0.0,4.0,0.0,3.0,0,0,0,0.0,0.0,1.0,1.0,0.0,10.0,10.0,,,,,,,,,0.0,0.0,0.0,0.0,0.0,0.0,0.0,0.0,0.0,0.0,0.0,0.0,0.0,0.0,2.0,0.0,1.5,0.0,0.0,0.0,0.0,0.0,0.5,0.5,0.0,5.0,5.0,0.0
003090,Dyson Williams,M,Midfield,last_10,2,2024-09-07,2024-09-15,CHA|WHP,ARC,3.0,3.0,3.0,0.0,3.0,0.0,4.0,3,0.0,0.0,0.0,0.0,0.0,0.0,1.0,0.0,0.0,0,0,0,0.0,0.0,0.0,0.0,0.0,8.0,4.0,0.75,0.75,,,,,,,1.5,1.5,1.5,0.0,1.5,0.0,2.0,1.5,0.0,0.0,0.0,0.0,0.0,0.0,0.5,0.0,0.0,0.0,0.0,0.0,0.0,0.0,0.0,0.0,0.0,4.0,2.0,0.0
003092,Josh Zawada,A,Attack,last_10,2,2024-09-02,2025-08-24,RED|WHP,CHA|OUT,0.0,0.0,0.0,0.0,0.0,0.0,5.0,3,0.0,0.0,0.0,0.0,0.0,0.0,1.0,4.0,0.0,0,0,0,0.0,0.0,0.0,0.0,4.0,60.0,51.0,0.0,0.6,,,,,0.0,,0.0,0.0,0.0,0.0,0.0,0.0,2.5,1.5,0.0,0.0,0.0,0.0,0.0,0.0,0.5,2.0,0.0,0.0,0.0,0.0,0.0,0.0,0.0,0.0,2.0,30.0,25.5,2.0
003093,Ross Scott,A,Attack,last_10,3,2024-09-02,2025-08-24,ARC|CAN|RED,CHA,1.0,1.0,1.0,0.0,1.0,0.0,12.0,5,0.0,0.0,0.0,0.0,0.0,0.0,2.0,3.0,0.0,0,0,0,0.0,0.0,0.0,0.0,6.0,70.0,55.0,0.08333333333333333,0.4166666666666667,,,,,0.0,,0.3333333333333333,0.3333333333333333,0.3333333333333333,0.0,0.3333333333333333,0.0,4.0,1.6666666666666667,0.0,0.0,0.0,0.0,0.0,0.0,0.6666666666666666,1.0,0.0,0.0,0.0,0.0,0.0,0.0,0.0,0.0,2.0,23.333333333333332,18.333333333333332,2.0
003094,Levi Anderson,M,Midfield,last_10,4,2024-09-02,2025-08-23,ARC|ATL|OUT|WAT,WHP,4.0,4.0,4.0,0.0,4.0,0.0,14.0,6,1.0,0.0,0.0,0.0,0.0,0.0,0.0,4.0,1.0,0,0,0,0.0,0.0,0.0,0.0,2.0,40.0,22.0,0.2857142857142857,0.42857142857142855,,,,,0.0,0.0,1.0,1.0,1.0,0.0,1.0,0.0,3.5,1.5,0.25,0.0,0.0,0.0,0.0,0.0,0.0,1.0,0.25,0.0,0.0,0.0,0.0,0.0,0.0,0.0,0.5,10.0,5.5,0.5
003096,Marcus Hudgins,LSM,Long Stick Midfield,last_10,2,2025-08-23,2025-09-01,ATL|WHP,WAT,0.0,0.0,0.0,0.0,0.0,0.0,1.0,0,0.0,0.0,0.0,0.0,0.0,0.0,6.0,1.0,2.0,0,0,0,0.0,0.0,0.0,0.0,0.0,10.0,8.0,0.0,0.0,,,,,,,0.0,0.0,0.0,0.0,0.0,0.0,0.5,0.0,0.0,0.0,0.0,0.0,0.0,0.0,3.0,0.5,1.0,0.0,0.0,0.0,0.0,0.0,0.0,0.0,0.0,5.0,4.0,0.0
003097,Colby Barsz,D,Defense,last_10,1,2024-09-07,2024-09-07,CHA,ARC,0.0,0.0,0.0,0.0,0.0,0.0,1.0,0,0.0,0.0,0.0,0.0,0.0,0.0,0.0,1.0,0.0,0,0,0,0.0,0.0,0.0,0.0,0.0,3.0,1.0,0.0,0.0,,,,,,,0.0,0.0,0.0,0.0,0.0,0.0,1.0,0.0,0.0,0.0,0.0,0.0,0.0,0.0,0.0,1.0,0.0,0.0,0.0,0.0,0.0,0.0,0.0,0.0,0.0,3.0,1.0,0.0
003098,Luke Wierman,FO,Faceoff,last_10,4,2024-09-02,2026-08-29,ATL|RED|WHP,OUT,1.0,1.0,1.0,0.0,1.0,0.0,10.0,3,4.0,0.0,0.0,0.0,0.0,0.0,27.0,6.0,2.0,44,56,102,0.0,0.0,0.0,0.0,2.0,32.0,16.0,0.1,0.3,0.43137254901960786,,,,0.0,0.0,0.25,0.25,0.25,0.0,0.25,0.0,2.5,0.75,1.0,0.0,0.0,0.0,0.0,0.0,6.75,1.5,0.5,11.0,14.0,25.5,0.0,0.0,0.0,0.0,0.5,8.0,4.0,0.5
003099,Tyler Carpenter,LSM,Long Stick Midfield,last_10,3,2024-09-07,2025-09-14,OUT|WAT|WHP,ATL,0.0,0.0,0.0,0.0,0.0,0.0,0.0,0,0.0,0.0,0.0,0.0,0.0,0.0,7.0,1.0,1.0,0,0,0,0.0,0.0,0.0,0.0,0.0,18.0,17.0,,,,,,,,,0.0,0.0,0.0,0.0,0.0,0.0,0.0,0.0,0.0,0.0,0.0,0.0,0.0,0.0,2.3333333333333335,0.3333333333333333,0.3333333333333333,0.0,0.0,0.0,0.0,0.0,0.0,0.0,0.0,6.0,5.666666666666667,0.0
003100,Adam Poitras,M,Midfield,last_10,5,2024-09-02,2026-08-30,ARC|ATL|CAN|OUT|WAT,WHP,7.0,5.0,5.0,0.0,5.0,2.0,23.0,10,1.0,0.0,0.0,0.0,0.0,0.0,14.0,3.0,0.0,0,0,0,0.0,0.0,0.0,0.0,9.0,112.0,86.0,0.21739130434782608,0.43478260869565216,,,,,0.2222222222222222,0.0,1.4,1.0,1.0,0.0,1.0,0.4,4.6,2.0,0.2,0.0,0.0,0.0,0.0,0.0,2.8,0.6,0.0,0.0,0.0,0.0,0.0,0.0,0.0,0.0,1.8,22.4,17.2,1.8
003101,Dylan Hess,SSDM,Defensive Midfield,last_10,2,2025-08-23,2025-09-01,ATL|WHP,WAT,1.0,0.0,0.0,0.0,0.0,1.0,1.0,1,1.0,0.0,0.0,0.0,0.0,0.0,4.0,1.0,1.0,0,0,0,0.0,0.0,2.0,2.5,1.0,17.0,15.0,0.0,1.0,,,,,1.0,0.0,0.5,0.0,0.0,0.0,0.0,0.5,0.5,0.5,0.5,0.0,0.0,0.0,0.0,0.0,2.0,0.5,0.5,0.0,0.0,0.0,0.0,0.0,1.0,1.25,0.5,8.5,7.5,0.5
003102,Chayse Ierlan,G,Goalie,last_10,2,2025-08-24,2025-09-01,CHA|OUT,RED,0.0,0.0,0.0,0.0,0.0,0.0,0.0,0,0.0,34.0,9.0,25.0,24.0,24.004168113928447,8.0,0.0,0.0,0,0,0,23.0,1.0,0.0,0.0,0.0,37.0,37.0,,,,0.5964912280701754,26.47058823529412,0.15789473684210525,,,0.0,0.0,0.0,0.0,0.0,0.0,0.0,0.0,0.0,17.0,4.5,12.5,12.0,12.002084056964224,4.0,0.0,0.0,0.0,0.0,0.0,11.5,0.5,0.0,0.0,0.0,18.5,18.5,0.0
003103,Scott Smith,D,Defense,last_10,1,2025-08-24,2025-08-24,RED,CHA,0.0,0.0,0.0,0.0,0.0,0.0,1.0,1,0.0,0.0,0.0,0.0,0.0,0.0,3.0,0.0,1.0,0,0,0,0.0,0.0,0.0,0.0,0.0,4.0,3.0,0.0,1.0,,,,,,,0.0,0.0,0.0,0.0,0.0,0.0,1.0,1.0,0.0,0.0,0.0,0.0,0.0,0.0,3.0,0.0,1.0,0.0,0.0,0.0,0.0,0.0,0.0,0.0,0.0,4.0,3.0,0.0
003104,Michael Boehm,A,Attack,last_10,1,2026-08-30,2026-08-30,CAN,WHP,0.0,0.0,0.0,0.0,0.0,0.0,2.0,1,0.0,0.0,0.0,0.0,0.0,0.0,1.0,0.0,1.0,0,0,0,0.0,0.0,2.0,1.5,0.0,21.0,19.0,0.0,0.5,,,,,,,0.0,0.0,0.0,0.0,0.0,0.0,2.0,1.0,0.0,0.0,0.0,0.0,0.0,0.0,1.0,0.0,1.0,0.0,0.0,0.0,0.0,0.0,2.0,1.5,0.0,21.0,19.0,0.0
003105,Cole Kastner,D,Defense,last_10,3,2025-08-24,2026-08-29,CHA|OUT,RED,0.0,0.0,0.0,0.0,0.0,0.0,0.0,0,0.0,0.0,0.0,0.0,0.0,0.0,3.0,1.0,1.0,0,0,0,0.0,0.0,0.0,0.0,1.0,19.0,18.0,,,,,,,0.0,,0.0,0.0,0.0,0.0,0.0,0.0,0.0,0.0,0.0,0.0,0.0,0.0,0.0,0.0,1.0,0.3333333333333333,0.3333333333333333,0.0,0.0,0.0,0.0,0.0,0.0,0.0,0.3333333333333333,6.333333333333333,6.0,0.3333333333333333
003106,Dalton Young,M,Midfield,last_10,4,2024-09-02,2026-08-29,ATL|RED|WHP,OUT,10.0,9.0,9.0,0.0,9.0,1.0,18.0,12,0.0,0.0,0.0,0.0,0.0,0.0,3.0,3.0,1.0,0,0,0,0.0,0.0,1.0,0.5,5.0,66.0,45.0,0.5,0.6666666666666666,,,,,0.2,,2.5,2.25,2.25,0.0,2.25,0.25,4.5,3.0,0.0,0.0,0.0,0.0,0.0,0.0,0.75,0.75,0.25,0.0,0.0,0.0,0.0,0.0,0.25,0.125,1.25,16.5,11.25,1.25
003109,Chris Conlin,D,Defense,last_10,3,2025-08-24,2026-08-29,CHA|OUT,RED,0.0,0.0,0.0,0.0,0.0,0.0,0.0,0,0.0,0.0,0.0,0.0,0.0,0.0,6.0,0.0,6.0,0,0,0,0.0,0.0,0.0,0.0,0.0,19.0,19.0,,,,,,,,,0.0,0.0,0.0,0.0,0.0,0.0,0.0,0.0,0.0,0.0,0.0,0.0,0.0,0.0,2.0,0.0,2.0,0.0,0.0,0.0,0.0,0.0,0.0,0.0,0.0,6.333333333333333,6.333333333333333,0.0
003115,Payton Cormier,A,Attack,last_10,1,2024-09-07,2024-09-07,WHP,ATL,0.0,0.0,0.0,0.0,0.0,0.0,3.0,1,0.0,0.0,0.0,0.0,0.0,0.0,0.0,1.0,0.0,0,0,0,0.0,0.0,0.0,0.0,1.0,16.0,12.0,0.0,0.3333333333333333,,,,,0.0,,0.0,0.0,0.0,0.0,0.0,0.0,3.0,1.0,0.0,0.0,0.0,0.0,0.0,0.0,0.0,1.0,0.0,0.0,0.0,0.0,0.0,0.0,0.0,0.0,1.0,16.0,12.0,1.0
003119,Alec Stathakis,FO,Faceoff,last_10,2,2025-08-23,2025-09-01,ATL|WHP,WAT,0.0,0.0,0.0,0.0,0.0,0.0,2.0,2,0.0,0.0,0.0,0.0,0.0,0.0,5.0,3.0,1.0,21,29,50,0.0,0.0,0.0,0.0,0.0,8.0,3.0,0.0,1.0,0.42,,,,,,0.0,0.0,0.0,0.0,0.0,0.0,1.0,1.0,0.0,0.0,0.0,0.0,0.0,0.0,2.5,1.5,0.5,10.5,14.5,25.0,0.0,0.0,0.0,0.0,0.0,4.0,1.5,0.0
003120,Jack VanOverbeke,M,Midfield,last_10,2,2024-09-07,2024-09-15,CHA|WHP,ARC,0.0,0.0,0.0,0.0,0.0,0.0,6.0,4,0.0,0.0,0.0,0.0,0.0,0.0,0.0,3.0,0.0,0,0,0,0.0,0.0,0.0,0.0,0.0,22.0,13.0,0.0,0.6666666666666666,,,,,,,0.0,0.0,0.0,0.0,0.0,0.0,3.0,2.0,0.0,0.0,0.0,0.0,0.0,0.0,0.0,1.5,0.0,0.0,0.0,0.0,0.0,0.0,0.0,0.0,0.0,11.0,6.5,0.0
003128,Jack Posey,D,Defense,last_10,3,2024-09-02,2026-08-30,ARC|CAN,CHA|WHP,0.0,0.0,0.0,0.0,0.0,0.0,0.0,0,0.0,0.0,0.0,0.0,0.0,0.0,3.0,1.0,2.0,0,0,0,0.0,0.0,0.0,0.0,0.0,4.0,3.0,,,,,,,,,0.0,0.0,0.0,0.0,0.0,0.0,0.0,0.0,0.0,0.0,0.0,0.0,0.0,0.0,1.0,0.3333333333333333,0.6666666666666666,0.0,0.0,0.0,0.0,0.0,0.0,0.0,0.0,1.3333333333333333,1.0,0.0
003142,Jack Koras,M,Midfield,last_10,1,2024-09-02,2024-09-02,OUT,WHP,0.0,0.0,0.0,0.0,0.0,0.0,0.0,0,0.0,0.0,0.0,0.0,0.0,0.0,4.0,0.0,1.0,0,0,0,0.0,0.0,1.0,0.5,0.0,9.0,9.0,,,,,,,,,0.0,0.0,0.0,0.0,0.0,0.0,0.0,0.0,0.0,0.0,0.0,0.0,0.0,0.0,4.0,0.0,1.0,0.0,0.0,0.0,0.0,0.0,1.0,0.5,0.0,9.0,9.0,0.0
003145,JC Higginbotham,G,Goalie,last_10,1,2026-08-30,2026-08-30,WHP,CAN,0.0,0.0,0.0,0.0,0.0,0.0,0.0,0,0.0,12.0,6.0,6.0,7.0,7.0,2.0,0.0,0.0,0,0,0,7.0,0.0,0.0,0.0,0.0,13.0,13.0,,,,0.631578947368421,50.0,0.3157894736842105,,,0.0,0.0,0.0,0.0,0.0,0.0,0.0,0.0,0.0,12.0,6.0,6.0,7.0,7.0,2.0,0.0,0.0,0.0,0.0,0.0,7.0,0.0,0.0,0.0,0.0,13.0,13.0,0.0
003156,Aidan Danenza,M,Midfield,last_10,3,2025-08-24,2026-08-29,CHA|OUT,RED,1.0,1.0,1.0,0.0,1.0,0.0,9.0,6,2.0,0.0,0.0,0.0,0.0,0.0,3.0,5.0,0.0,0,0,0,0.0,0.0,0.0,0.0,4.0,73.0,59.0,0.1111111111111111,0.6666666666666666,,,,,0.0,0.0,0.3333333333333333,0.3333333333333333,0.3333333333333333,0.0,0.3333333333333333,0.0,3.0,2.0,0.6666666666666666,0.0,0.0,0.0,0.0,0.0,1.0,1.6666666666666667,0.0,0.0,0.0,0.0,0.0,0.0,0.0,0.0,1.3333333333333333,24.333333333333332,19.666666666666668,1.3333333333333333
003157,Graydon Hogg,M,Midfield,last_10,1,2026-08-30,2026-08-30,WHP,CAN,0.0,0.0,0.0,0.0,0.0,0.0,0.0,0,0.0,0.0,0.0,0.0,0.0,0.0,0.0,0.0,0.0,0,0,0,0.0,0.0,0.0,0.0,1.0,15.0,15.0,,,,,,,0.0,,0.0,0.0,0.0,0.0,0.0,0.0,0.0,0.0,0.0,0.0,0.0,0.0,0.0,0.0,0.0,0.0,0.0,0.0,0.0,0.0,0.0,0.0,0.0,0.0,1.0,15.0,15.0,1.0
003159,CJ Kirst,A,Attack,last_10,2,2025-08-23,2025-09-01,ATL|WHP,WAT,8.0,6.0,6.0,0.0,6.0,2.0,20.0,12,2.0,0.0,0.0,0.0,0.0,0.0,8.0,3.0,0.0,0,0,0,0.0,0.0,1.0,0.5,10.0,73.0,50.0,0.3,0.6,,,,,0.2,0.0,4.0,3.0,3.0,0.0,3.0,1.0,10.0,6.0,1.0,0.0,0.0,0.0,0.0,0.0,4.0,1.5,0.0,0.0,0.0,0.0,0.0,0.0,0.5,0.25,5.0,36.5,25.0,5.0
003160,Andrew McAdorey,M,Midfield,last_10,3,2025-08-24,2026-08-29,CHA|OUT,RED,10.0,5.0,5.0,0.0,5.0,5.0,15.0,7,2.0,0.0,0.0,0.0,0.0,0.0,3.0,5.0,0.0,0,1,1,0.0,0.0,1.0,0.5,9.0,102.0,82.0,0.3333333333333333,0.4666666666666667,0.0,,,,0.5555555555555556,0.0,3.3333333333333335,1.6666666666666667,1.6666666666666667,0.0,1.6666666666666667,1.6666666666666667,5.0,2.3333333333333335,0.6666666666666666,0.0,0.0,0.0,0.0,0.0,1.0,1.6666666666666667,0.0,0.0,0.3333333333333333,0.3333333333333333,0.0,0.0,0.3333333333333333,0.16666666666666666,3.0,34.0,27.333333333333332,3.0
003161,Sam English,M,Midfield,last_10,1,2026-08-29,2026-08-29,OUT,RED,0.0,0.0,0.0,0.0,0.0,0.0,0.0,0,0.0,0.0,0.0,0.0,0.0,0.0,3.0,1.0,0.0,0,0,0,0.0,0.0,0.0,0.0,0.0,7.0,6.0,,,,,,,,,0.0,0.0,0.0,0.0,0.0,0.0,0.0,0.0,0.0,0.0,0.0,0.0,0.0,0.0,3.0,1.0,0.0,0.0,0.0,0.0,0.0,0.0,0.0,0.0,0.0,7.0,6.0,0.0
003162,Coulter Mackesy,A,Attack,last_10,1,2026-08-30,2026-08-30,WHP,CAN,3.0,3.0,3.0,0.0,3.0,0.0,11.0,8,0.0,0.0,0.0,0.0,0.0,0.0,0.0,3.0,0.0,0,0,0,0.0,0.0,0.0,0.0,3.0,46.0,32.0,0.2727272727272727,0.7272727272727273,,,,,0.0,,3.0,3.0,3.0,0.0,3.0,0.0,11.0,8.0,0.0,0.0,0.0,0.0,0.0,0.0,0.0,3.0,0.0,0.0,0.0,0.0,0.0,0.0,0.0,0.0,3.0,46.0,32.0,3.0
003164,Matt Traynor,M,Midfield,last_10,2,2025-09-01,2025-09-14,OUT|WAT,ATL,7.0,6.0,6.0,0.0,6.0,1.0,16.0,10,0.0,0.0,0.0,0.0,0.0,0.0,2.0,1.0,0.0,0,0,0,0.0,0.0,0.0,0.0,6.0,35.0,18.0,0.375,0.625,,,,,0.16666666666666666,,3.5,3.0,3.0,0.0,3.0,0.5,8.0,5.0,0.0,0.0,0.0,0.0,0.0,0.0,1.0,0.5,0.0,0.0,0.0,0.0,0.0,0.0,0.0,0.0,3.0,17.5,9.0,3.0
003165,Aidan Carroll,A,Attack,last_10,2,2025-08-23,2026-08-30,CAN|WAT,WHP,7.0,5.0,5.0,0.0,5.0,2.0,13.0,9,0.0,0.0,0.0,0.0,0.0,0.0,3.0,5.0,2.0,0,0,0,0.0,0.0,0.0,0.0,4.0,65.0,47.0,0.38461538461538464,0.6923076923076923,,,,,0.5,,3.5,2.5,2.5,0.0,2.5,1.0,6.5,4.5,0.0,0.0,0.0,0.0,0.0,0.0,1.5,2.5,1.0,0.0,0.0,0.0,0.0,0.0,0.0,0.0,2.0,32.5,23.5,2.0
003166,Owen Hiltz,A,Attack,last_10,1,2025-08-24,2025-08-24,RED,CHA,4.0,2.0,2.0,0.0,2.0,2.0,7.0,4,0.0,0.0,0.0,0.0,0.0,0.0,2.0,1.0,0.0,0,0,0,0.0,0.0,0.0,0.0,3.0,26.0,18.0,0.2857142857142857,0.5714285714285714,,,,,0.6666666666666666,,4.0,2.0,2.0,0.0,2.0,2.0,7.0,4.0,0.0,0.0,0.0,0.0,0.0,0.0,2.0,1.0,0.0,0.0,0.0,0.0,0.0,0.0,0.0,0.0,3.0,26.0,18.0,3.0
003167,Jake Taylor,A,Attack,last_10,1,2026-08-29,2026-08-29,RED,OUT,3.0,3.0,3.0,0.0,3.0,0.0,5.0,5,0.0,0.0,0.0,0.0,0.0,0.0,1.0,1.0,0.0,0,0,0,0.0,0.0,0.0,0.0,0.0,11.0,5.0,0.6,1.0,,,,,,,3.0,3.0,3.0,0.0,3.0,0.0,5.0,5.0,0.0,0.0,0.0,0.0,0.0,0.0,1.0,1.0,0.0,0.0,0.0,0.0,0.0,0.0,0.0,0.0,0.0,11.0,5.0,0.0
003168,Chris Kavanagh,A,Attack,last_10,3,2025-08-24,2026-08-29,CHA|OUT,RED,7.0,6.0,6.0,0.0,6.0,1.0,25.0,15,3.0,0.0,0.0,0.0,0.0,0.0,3.0,4.0,1.0,0,0,0,0.0,0.0,0.0,0.0,11.0,98.0,69.0,0.24,0.6,,,,,0.09090909090909091,0.0,2.3333333333333335,2.0,2.0,0.0,2.0,0.3333333333333333,8.333333333333334,5.0,1.0,0.0,0.0,0.0,0.0,0.0,1.0,1.3333333333333333,0.3333333333333333,0.0,0.0,0.0,0.0,0.0,0.0,0.0,3.6666666666666665,32.666666666666664,23.0,3.6666666666666665
003169,Logan McNaney,G,Goalie,last_10,3,2025-09-01,2026-08-29,ATL|RED,OUT,0.0,0.0,0.0,0.0,0.0,0.0,1.0,1,1.0,37.0,24.0,13.0,35.0,35.00243139979159,9.0,2.0,0.0,0,0,0,34.0,1.0,0.0,0.0,0.0,65.0,62.0,0.0,1.0,,0.5211267605633803,64.86486486486487,0.3380281690140845,,0.0,0.0,0.0,0.0,0.0,0.0,0.0,0.3333333333333333,0.3333333333333333,0.3333333333333333,12.333333333333334,8.0,4.333333333333333,11.666666666666666,11.667477133263864,3.0,0.6666666666666666,0.0,0.0,0.0,0.0,11.333333333333334,0.3333333333333333,0.0,0.0,0.0,21.666666666666668,20.666666666666668,0.0
003171,Levi Verch,LSM,Long Stick Midfield,last_10,1,2025-08-24,2025-08-24,RED,CHA,0.0,0.0,0.0,0.0,0.0,0.0,0.0,0,0.0,0.0,0.0,0.0,0.0,0.0,1.0,0.0,0.0,0,0,0,0.0,0.0,1.0,1.0,0.0,1.0,1.0,,,,,,,,,0.0,0.0,0.0,0.0,0.0,0.0,0.0,0.0,0.0,0.0,0.0,0.0,0.0,0.0,1.0,0.0,0.0,0.0,0.0,0.0,0.0,0.0,1.0,1.0,0.0,1.0,1.0,0.0
003172,Max Krevsky,SSDM,Defensive Midfield,last_10,2,2025-09-01,2025-09-14,OUT|WAT,ATL,1.0,1.0,1.0,0.0,1.0,0.0,3.0,1,0.0,0.0,0.0,0.0,0.0,0.0,3.0,0.0,0.0,0,0,0,0.0,0.0,0.0,0.0,0.0,13.0,10.0,0.3333333333333333,0.3333333333333333,,,,,,,0.5,0.5,0.5,0.0,0.5,0.0,1.5,0.5,0.0,0.0,0.0,0.0,0.0,0.0,1.5,0.0,0.0,0.0,0.0,0.0,0.0,0.0,0.0,0.0,0.0,6.5,5.0,0.0
003173,Jack McDonald,LSM,Long Stick Midfield,last_10,2,2025-08-23,2026-08-30,CAN|WAT,WHP,0.0,0.0,0.0,0.0,0.0,0.0,1.0,0,1.0,0.0,0.0,0.0,0.0,0.0,1.0,0.0,1.0,0,0,0,0.0,0.0,0.0,0.0,0.0,8.0,7.0,0.0,0.0,,,,,,0.0,0.0,0.0,0.0,0.0,0.0,0.0,0.5,0.0,0.5,0.0,0.0,0.0,0.0,0.0,0.5,0.0,0.5,0.0,0.0,0.0,0.0,0.0,0.0,0.0,0.0,4.0,3.5,0.0
003176,Emmet Carroll,G,Goalie,last_10,2,2025-08-23,2026-08-30,CAN|WAT,WHP,0.0,0.0,0.0,0.0,0.0,0.0,0.0,0,0.0,22.0,6.0,16.0,23.0,23.0,3.0,1.0,0.0,0,0,0,23.0,0.0,0.0,0.0,0.0,27.0,26.0,,,,0.4888888888888889,27.27272727272727,0.13333333333333333,,,0.0,0.0,0.0,0.0,0.0,0.0,0.0,0.0,0.0,11.0,3.0,8.0,11.5,11.5,1.5,0.5,0.0,0.0,0.0,0.0,11.5,0.0,0.0,0.0,0.0,13.5,13.0,0.0
003178,Michael Grace,LSM,Long Stick Midfield,last_10,2,2025-09-01,2025-09-14,OUT|WAT,ATL,0.0,0.0,0.0,0.0,0.0,0.0,1.0,0,0.0,0.0,0.0,0.0,0.0,0.0,4.0,0.0,1.0,0,0,0,0.0,0.0,1.0,0.5,0.0,11.0,10.0,0.0,0.0,,,,,,,0.0,0.0,0.0,0.0,0.0,0.0,0.5,0.0,0.0,0.0,0.0,0.0,0.0,0.0,2.0,0.0,0.5,0.0,0.0,0.0,0.0,0.0,0.5,0.25,0.0,5.5,5.0,0.0
003179,Ben Wayer,LSM,Long Stick Midfield,last_10,2,2025-08-23,2025-09-01,ATL|WHP,WAT,5.0,4.0,0.0,2.0,2.0,1.0,2.0,2,2.0,0.0,0.0,0.0,0.0,0.0,4.0,0.0,0.0,0,0,0,0.0,0.0,0.0,0.0,2.0,13.0,11.0,1.0,1.0,,,,,0.5,1.0,2.5,2.0,0.0,1.0,1.0,0.5,1.0,1.0,1.0,0.0,0.0,0.0,0.0,0.0,2.0,0.0,0.0,0.0,0.0,0.0,0.0,0.0,0.0,0.0,1.0,6.5,5.5,1.0
003180,Christian Mazur,SSDM,Defensive Midfield,last_10,2,2025-08-23,2026-08-30,CAN|WAT,WHP,2.0,1.0,1.0,0.0,1.0,1.0,2.0,1,0.0,0.0,0.0,0.0,0.0,0.0,2.0,1.0,0.0,0,1,1,0.0,0.0,0.0,0.0,1.0,17.0,14.0,0.5,0.5,0.0,,,,1.0,,1.0,0.5,0.5,0.0,0.5,0.5,1.0,0.5,0.0,0.0,0.0,0.0,0.0,0.0,1.0,0.5,0.0,0.0,0.5,0.5,0.0,0.0,0.0,0.0,0.5,8.5,7.0,0.5
003181,Jimmy Freehill,D,Defense,last_10,2,2025-08-23,2025-09-01,ATL|WHP,WAT,2.0,2.0,0.0,1.0,1.0,0.0,2.0,1,2.0,0.0,0.0,0.0,0.0,0.0,1.0,0.0,3.0,0,0,0,0.0,0.0,0.0,0.0,0.0,7.0,5.0,0.5,0.5,,,,,,0.5,1.0,1.0,0.0,0.5,0.5,0.0,1.0,0.5,1.0,0.0,0.0,0.0,0.0,0.0,0.5,0.0,1.5,0.0,0.0,0.0,0.0,0.0,0.0,0.0,0.0,3.5,2.5,0.0
003183,Jack Gray,SSDM,Defensive Midfield,last_10,3,2025-09-01,2026-08-29,ATL|RED,OUT,0.0,0.0,0.0,0.0,0.0,0.0,0.0,0,0.0,0.0,0.0,0.0,0.0,0.0,1.0,2.0,0.0,0,0,0,0.0,0.0,4.0,2.5,0.0,11.0,9.0,,,,,,,,,0.0,0.0,0.0,0.0,0.0,0.0,0.0,0.0,0.0,0.0,0.0,0.0,0.0,0.0,0.3333333333333333,0.6666666666666666,0.0,0.0,0.0,0.0,0.0,0.0,1.3333333333333333,0.8333333333333334,0.0,3.6666666666666665,3.0,0.0
003184,Ben Ramsey,SSDM,Defensive Midfield,last_10,1,2026-08-30,2026-08-30,WHP,CAN,0.0,0.0,0.0,0.0,0.0,0.0,0.0,0,0.0,0.0,0.0,0.0,0.0,0.0,1.0,1.0,0.0,0,0,0,0.0,0.0,1.0,0.5,0.0,6.0,5.0,,,,,,,,,0.0,0.0,0.0,0.0,0.0,0.0,0.0,0.0,0.0,0.0,0.0,0.0,0.0,0.0,1.0,1.0,0.0,0.0,0.0,0.0,0.0,0.0,1.0,0.5,0.0,6.0,5.0,0.0
003185,Carter Rice,SSDM,Defensive Midfield,last_10,2,2025-08-24,2025-09-01,CHA|OUT,RED,0.0,0.0,0.0,0.0,0.0,0.0,0.0,0,0.0,0.0,0.0,0.0,0.0,0.0,2.0,0.0,2.0,0,0,0,0.0,0.0,0.0,0.0,0.0,13.0,13.0,,,,,,,,,0.0,0.0,0.0,0.0,0.0,0.0,0.0,0.0,0.0,0.0,0.0,0.0,0.0,0.0,1.0,0.0,1.0,0.0,0.0,0.0,0.0,0.0,0.0,0.0,0.0,6.5,6.5,0.0
003186,Hugh Kelleher,M,Midfield,last_10,2,2025-09-01,2025-09-14,OUT|WAT,ATL,1.0,1.0,1.0,0.0,1.0,0.0,9.0,5,2.0,0.0,0.0,0.0,0.0,0.0,0.0,0.0,0.0,0,0,0,0.0,0.0,2.0,1.5,0.0,24.0,15.0,0.1111111111111111,0.5555555555555556,,,,,,0.0,0.5,0.5,0.5,0.0,0.5,0.0,4.5,2.5,1.0,0.0,0.0,0.0,0.0,0.0,0.0,0.0,0.0,0.0,0.0,0.0,0.0,0.0,1.0,0.75,0.0,12.0,7.5,0.0
003192,Jackson Eicher,A,Attack,last_10,1,2025-08-24,2025-08-24,RED,CHA,2.0,2.0,2.0,0.0,2.0,0.0,8.0,6,2.0,0.0,0.0,0.0,0.0,0.0,0.0,0.0,0.0,0,0,0,0.0,0.0,0.0,0.0,0.0,22.0,14.0,0.25,0.75,,,,,,0.0,2.0,2.0,2.0,0.0,2.0,0.0,8.0,6.0,2.0,0.0,0.0,0.0,0.0,0.0,0.0,0.0,0.0,0.0,0.0,0.0,0.0,0.0,0.0,0.0,0.0,22.0,14.0,0.0
003195,Brian Kelly,A,Attack,last_10,1,2026-08-30,2026-08-30,WHP,CAN,2.0,2.0,2.0,0.0,2.0,0.0,4.0,2,0.0,0.0,0.0,0.0,0.0,0.0,2.0,1.0,0.0,0,0,0,0.0,0.0,0.0,0.0,2.0,30.0,25.0,0.5,0.5,,,,,0.0,,2.0,2.0,2.0,0.0,2.0,0.0,4.0,2.0,0.0,0.0,0.0,0.0,0.0,0.0,2.0,1.0,0.0,0.0,0.0,0.0,0.0,0.0,0.0,0.0,2.0,30.0,25.0,2.0
003206,Greg Langermeier,SSDM,Defensive Midfield,last_10,1,2025-08-24,2025-08-24,RED,CHA,0.0,0.0,0.0,0.0,0.0,0.0,1.0,0,0.0,0.0,0.0,0.0,0.0,0.0,1.0,1.0,2.0,0,1,1,0.0,0.0,1.0,1.0,0.0,4.0,2.0,0.0,0.0,0.0,,,,,,0.0,0.0,0.0,0.0,0.0,0.0,1.0,0.0,0.0,0.0,0.0,0.0,0.0,0.0,1.0,1.0,2.0,0.0,1.0,1.0,0.0,0.0,1.0,1.0,0.0,4.0,2.0,0.0
003211,Josh Balcarcel,M,Midfield,last_10,3,2025-08-24,2026-08-29,CHA|OUT,RED,3.0,2.0,2.0,0.0,2.0,1.0,6.0,4,0.0,0.0,0.0,0.0,0.0,0.0,0.0,2.0,0.0,0,0,0,0.0,0.0,0.0,0.0,2.0,41.0,33.0,0.3333333333333333,0.6666666666666666,,,,,0.5,,1.0,0.6666666666666666,0.6666666666666666,0.0,0.6666666666666666,0.3333333333333333,2.0,1.3333333333333333,0.0,0.0,0.0,0.0,0.0,0.0,0.0,0.6666666666666666,0.0,0.0,0.0,0.0,0.0,0.0,0.0,0.0,0.6666666666666666,13.666666666666666,11.0,0.6666666666666666
003212,Ray Dearth,SSDM,Defensive Midfield,last_10,1,2025-08-24,2025-08-24,RED,CHA,1.0,1.0,1.0,0.0,1.0,0.0,2.0,2,0.0,0.0,0.0,0.0,0.0,0.0,0.0,0.0,0.0,0,0,0,0.0,0.0,0.0,0.0,0.0,6.0,4.0,0.5,1.0,,,,,,,1.0,1.0,1.0,0.0,1.0,0.0,2.0,2.0,0.0,0.0,0.0,0.0,0.0,0.0,0.0,0.0,0.0,0.0,0.0,0.0,0.0,0.0,0.0,0.0,0.0,6.0,4.0,0.0
003246,Nathan Kapp,FO,Faceoff,last_10,1,2026-08-30,2026-08-30,CAN,WHP,0.0,0.0,0.0,0.0,0.0,0.0,0.0,0,0.0,0.0,0.0,0.0,0.0,0.0,6.0,2.0,0.0,10,10,20,0.0,0.0,0.0,0.0,0.0,6.0,4.0,,,0.5,,,,,,0.0,0.0,0.0,0.0,0.0,0.0,0.0,0.0,0.0,0.0,0.0,0.0,0.0,0.0,6.0,2.0,0.0,10.0,10.0,20.0,0.0,0.0,0.0,0.0,0.0,6.0,4.0,0.0
003267,Mikey Weisshaar,M,Midfield,last_10,1,2026-08-30,2026-08-30,WHP,CAN,2.0,1.0,1.0,0.0,1.0,1.0,4.0,2,1.0,0.0,0.0,0.0,0.0,0.0,1.0,1.0,3.0,0,0,0,0.0,0.0,0.0,0.0,2.0,21.0,16.0,0.25,0.5,,,,,0.5,0.0,2.0,1.0,1.0,0.0,1.0,1.0,4.0,2.0,1.0,0.0,0.0,0.0,0.0,0.0,1.0,1.0,3.0,0.0,0.0,0.0,0.0,0.0,0.0,0.0,2.0,21.0,16.0,2.0
003271,Hunter Smith,LSM,Long Stick Midfield,last_10,1,2026-08-30,2026-08-30,WHP,CAN,0.0,0.0,0.0,0.0,0.0,0.0,0.0,0,0.0,0.0,0.0,0.0,0.0,0.0,3.0,1.0,1.0,0,0,0,0.0,0.0,0.0,0.0,0.0,3.0,2.0,,,,,,,,,0.0,0.0,0.0,0.0,0.0,0.0,0.0,0.0,0.0,0.0,0.0,0.0,0.0,0.0,3.0,1.0,1.0,0.0,0.0,0.0,0.0,0.0,0.0,0.0,0.0,3.0,2.0,0.0
003275,Andrew McMeekin,FO,Faceoff,last_10,1,2026-08-30,2026-08-30,WHP,CAN,0.0,0.0,0.0,0.0,0.0,0.0,0.0,0,0.0,0.0,0.0,0.0,0.0,0.0,3.0,0.0,1.0,8,9,17,0.0,0.0,0.0,0.0,0.0,5.0,5.0,,,0.47058823529411764,,,,,,0.0,0.0,0.0,0.0,0.0,0.0,0.0,0.0,0.0,0.0,0.0,0.0,0.0,0.0,3.0,0.0,1.0,8.0,9.0,17.0,0.0,0.0,0.0,0.0,0.0,5.0,5.0,0.0
003277,Joey Spallina,A,Attack,last_10,1,2026-08-30,2026-08-30,CAN,WHP,0.0,0.0,0.0,0.0,0.0,0.0,4.0,4,2.0,0.0,0.0,0.0,0.0,0.0,0.0,4.0,1.0,0,0,0,0.0,0.0,0.0,0.0,2.0,30.0,22.0,0.0,1.0,,,,,0.0,0.0,0.0,0.0,0.0,0.0,0.0,0.0,4.0,4.0,2.0,0.0,0.0,0.0,0.0,0.0,0.0,4.0,1.0,0.0,0.0,0.0,0.0,0.0,0.0,0.0,2.0,30.0,22.0,2.0
003282,Billy Dwan,D,Defense,last_10,1,2026-08-30,2026-08-30,CAN,WHP,1.0,0.0,0.0,0.0,0.0,1.0,0.0,0,0.0,0.0,0.0,0.0,0.0,0.0,1.0,0.0,0.0,0,0,0,0.0,0.0,0.0,0.0,1.0,2.0,2.0,,,,,,,1.0,,1.0,0.0,0.0,0.0,0.0,1.0,0.0,0.0,0.0,0.0,0.0,0.0,0.0,0.0,1.0,0.0,0.0,0.0,0.0,0.0,0.0,0.0,0.0,0.0,1.0,2.0,2.0,1.0
003283,Blake Eiland,SSDM,Defensive Midfield,last_10,1,2026-08-30,2026-08-30,CAN,WHP,0.0,0.0,0.0,0.0,0.0,0.0,0.0,0,0.0,0.0,0.0,0.0,0.0,0.0,1.0,1.0,0.0,0,0,0,0.0,0.0,1.0,0.5,0.0,4.0,3.0,,,,,,,,,0.0,0.0,0.0,0.0,0.0,0.0,0.0,0.0,0.0,0.0,0.0,0.0,0.0,0.0,1.0,1.0,0.0,0.0,0.0,0.0,0.0,0.0,1.0,0.5,0.0,4.0,3.0,0.0
003285,Jack Regnery,A,Attack,last_10,1,2026-08-30,2026-08-30,WHP,CAN,1.0,1.0,1.0,0.0,1.0,0.0,3.0,1,0.0,0.0,0.0,0.0,0.0,0.0,0.0,1.0,0.0,0,0,0,0.0,0.0,0.0,0.0,2.0,19.0,15.0,0.3333333333333333,0.3333333333333333,,,,,0.0,,1.0,1.0,1.0,0.0,1.0,0.0,3.0,1.0,0.0,0.0,0.0,0.0,0.0,0.0,0.0,1.0,0.0,0.0,0.0,0.0,0.0,0.0,0.0,0.0,2.0,19.0,15.0,2.0
003286,Will Donovan,D,Defense,last_10,1,2026-08-30,2026-08-30,WHP,CAN,0.0,0.0,0.0,0.0,0.0,0.0,0.0,0,0.0,0.0,0.0,0.0,0.0,0.0,1.0,0.0,1.0,0,0,0,0.0,0.0,1.0,1.0,0.0,3.0,3.0,,,,,,,,,0.0,0.0,0.0,0.0,0.0,0.0,0.0,0.0,0.0,0.0,0.0,0.0,0.0,0.0,1.0,0.0,1.0,0.0,0.0,0.0,0.0,0.0,1.0,1.0,0.0,3.0,3.0,0.0
003287,Dante Bowen,SSDM,Defensive Midfield,last_10,1,2026-08-29,2026-08-29,OUT,RED,0.0,0.0,0.0,0.0,0.0,0.0,0.0,0,0.0,0.0,0.0,0.0,0.0,0.0,0.0,0.0,0.0,0,0,0,0.0,0.0,0.0,0.0,0.0,2.0,2.0,,,,,,,,,0.0,0.0,0.0,0.0,0.0,0.0,0.0,0.0,0.0,0.0,0.0,0.0,0.0,0.0,0.0,0.0,0.0,0.0,0.0,0.0,0.0,0.0,0.0,0.0,0.0,2.0,2.0,0.0
003291,Ryan Croddick,G,Goalie,last_10,1,2026-08-29,2026-08-29,OUT,RED,0.0,0.0,0.0,0.0,0.0,0.0,0.0,0,0.0,7.0,4.0,3.0,3.0,6.0,1.0,0.0,0.0,0,0,0,3.0,0.0,0.0,0.0,0.0,11.0,11.0,,,,0.7,57.14285714285714,0.4,,,0.0,0.0,0.0,0.0,0.0,0.0,0.0,0.0,0.0,7.0,4.0,3.0,3.0,6.0,1.0,0.0,0.0,0.0,0.0,0.0,3.0,0.0,0.0,0.0,0.0,11.0,11.0,0.0
003296,Cullen Brown,D,Defense,last_10,1,2026-08-29,2026-08-29,OUT,RED,0.0,0.0,0.0,0.0,0.0,0.0,0.0,0,0.0,0.0,0.0,0.0,0.0,0.0,1.0,0.0,4.0,0,0,0,0.0,0.0,0.0,0.0,0.0,1.0,1.0,,,,,,,,,0.0,0.0,0.0,0.0,0.0,0.0,0.0,0.0,0.0,0.0,0.0,0.0,0.0,0.0,1.0,0.0,4.0,0.0,0.0,0.0,0.0,0.0,0.0,0.0,0.0,1.0,1.0,0.0
003298,Finn Thomson,A,Attack,last_10,1,2026-08-29,2026-08-29,OUT,RED,3.0,3.0,3.0,0.0,3.0,0.0,6.0,4,0.0,0.0,0.0,0.0,0.0,0.0,1.0,0.0,0.0,0,0,0,0.0,0.0,0.0,0.0,0.0,21.0,15.0,0.5,0.6666666666666666,,,,,,,3.0,3.0,3.0,0.0,3.0,0.0,6.0,4.0,0.0,0.0,0.0,0.0,0.0,0.0,1.0,0.0,0.0,0.0,0.0,0.0,0.0,0.0,0.0,0.0,0.0,21.0,15.0,0.0
