season,player_id,full_name,team_id,team_name,games,position,position_name,first_game_date,last_game_date,points,scoring_points,one_point_goals,two_point_goals,goals,assists,shots,shots_on_goal,two_point_shots,saves,clean_saves,messy_saves,scores_against,saa,ground_balls,turnovers,caused_turnovers,faceoffs_won,faceoffs_lost,faceoffs,goals_against,two_point_goals_against,num_penalties,pim,assist_opportunities,touches,total_passes,shot_pct_calc,shots_on_goal_rate_calc,faceoff_pct_calc,save_pct_calc,clean_save_pct,clean_save_rate,assist_conv_rate,two_pt_conversion,points_per_game,scoring_points_per_game,one_point_goals_per_game,two_point_goals_per_game,goals_per_game,assists_per_game,shots_per_game,shots_on_goal_per_game,two_point_shots_per_game,saves_per_game,clean_saves_per_game,messy_saves_per_game,scores_against_per_game,saa_per_game,ground_balls_per_game,turnovers_per_game,caused_turnovers_per_game,faceoffs_won_per_game,faceoffs_lost_per_game,faceoffs_per_game,goals_against_per_game,two_point_goals_against_per_game,num_penalties_per_game,pim_per_game,assist_opportunities_per_game,touches_per_game,total_passes_per_game,assist_opp_per_game
2022,000201,Adam Ghitelman,ARC,Archers,2,G,Goalie,2022-09-03,2022-09-11,0.0,0.0,0.0,0.0,0.0,0.0,0.0,0,0.0,24.0,10.0,14.0,17.0,16.99722318639361,5.0,0.0,0.0,0,0,0,17.0,0.0,0.0,0.0,0.0,31.0,31.0,,,,0.5853658536585366,41.66666666666667,0.24390243902439024,,,0.0,0.0,0.0,0.0,0.0,0.0,0.0,0.0,0.0,12.0,5.0,7.0,8.5,8.498611593196806,2.5,0.0,0.0,0.0,0.0,0.0,8.5,0.0,0.0,0.0,0.0,15.5,15.5,0.0
2022,000207,Dominique Alexander,ARC,Archers,2,SSDM,Defensive Midfield,2022-09-03,2022-09-11,0.0,0.0,0.0,0.0,0.0,0.0,0.0,0,0.0,0.0,0.0,0.0,0.0,0.0,4.0,1.0,0.0,0,0,0,0.0,0.0,0.0,0.0,1.0,15.0,14.0,,,,,,,0.0,,0.0,0.0,0.0,0.0,0.0,0.0,0.0,0.0,0.0,0.0,0.0,0.0,0.0,0.0,2.0,0.5,0.0,0.0,0.0,0.0,0.0,0.0,0.0,0.0,0.5,7.5,7.0,0.5
2022,000211,Ian MacKay,CHA,Chaos,3,SSDM,Defensive Midfield,2022-09-03,2022-09-18,0.0,0.0,0.0,0.0,0.0,0.0,1.0,0,0.0,0.0,0.0,0.0,0.0,0.0,1.0,1.0,0.0,0,0,0,0.0,0.0,0.0,0.0,0.0,13.0,11.0,0.0,0.0,,,,,,,0.0,0.0,0.0,0.0,0.0,0.0,0.3333333333333333,0.0,0.0,0.0,0.0,0.0,0.0,0.0,0.3333333333333333,0.3333333333333333,0.0,0.0,0.0,0.0,0.0,0.0,0.0,0.0,0.0,4.333333333333333,3.6666666666666665,0.0
2022,000216,Marcus Holman,ARC,Archers,2,A,Attack,2022-09-03,2022-09-11,5.0,5.0,5.0,0.0,5.0,0.0,11.0,8,1.0,0.0,0.0,0.0,0.0,0.0,3.0,2.0,1.0,0,0,0,0.0,0.0,0.0,0.0,1.0,52.0,39.0,0.45454545454545453,0.7272727272727273,,,,,0.0,0.0,2.5,2.5,2.5,0.0,2.5,0.0,5.5,4.0,0.5,0.0,0.0,0.0,0.0,0.0,1.5,1.0,0.5,0.0,0.0,0.0,0.0,0.0,0.0,0.0,0.5,26.0,19.5,0.5
2022,000217,Mark McNeill,ARC,Archers,2,SSDM,Defensive Midfield,2022-09-03,2022-09-11,0.0,0.0,0.0,0.0,0.0,0.0,0.0,0,0.0,0.0,0.0,0.0,0.0,0.0,0.0,0.0,0.0,0,0,0,0.0,0.0,0.0,0.0,0.0,5.0,5.0,,,,,,,,,0.0,0.0,0.0,0.0,0.0,0.0,0.0,0.0,0.0,0.0,0.0,0.0,0.0,0.0,0.0,0.0,0.0,0.0,0.0,0.0,0.0,0.0,0.0,0.0,0.0,2.5,2.5,0.0
2022,000218,Matt McMahon,ARC,Archers,2,D,Defense,2022-09-03,2022-09-11,0.0,0.0,0.0,0.0,0.0,0.0,0.0,0,0.0,0.0,0.0,0.0,0.0,0.0,2.0,0.0,0.0,0,0,0,0.0,0.0,0.0,0.0,0.0,5.0,5.0,,,,,,,,,0.0,0.0,0.0,0.0,0.0,0.0,0.0,0.0,0.0,0.0,0.0,0.0,0.0,0.0,1.0,0.0,0.0,0.0,0.0,0.0,0.0,0.0,0.0,0.0,0.0,2.5,2.5,0.0
2022,000221,Ryan Ambler,ARC,Archers,2,M,Midfield,2022-09-03,2022-09-11,3.0,3.0,3.0,0.0,3.0,0.0,4.0,4,0.0,0.0,0.0,0.0,0.0,0.0,1.0,2.0,1.0,0,0,0,0.0,0.0,0.0,0.0,4.0,38.0,32.0,0.75,1.0,,,,,0.0,,1.5,1.5,1.5,0.0,1.5,0.0,2.0,2.0,0.0,0.0,0.0,0.0,0.0,0.0,0.5,1.0,0.5,0.0,0.0,0.0,0.0,0.0,0.0,0.0,2.0,19.0,16.0,2.0
2022,000223,Scott Ratliff,ARC,Archers,2,D,Defense,2022-09-03,2022-09-11,0.0,0.0,0.0,0.0,0.0,0.0,0.0,0,0.0,0.0,0.0,0.0,0.0,0.0,7.0,0.0,0.0,0,0,0,0.0,0.0,0.0,0.0,3.0,25.0,25.0,,,,,,,0.0,,0.0,0.0,0.0,0.0,0.0,0.0,0.0,0.0,0.0,0.0,0.0,0.0,0.0,0.0,3.5,0.0,0.0,0.0,0.0,0.0,0.0,0.0,0.0,0.0,1.5,12.5,12.5,1.5
2022,000225,Tom Schreiber,ARC,Archers,2,M,Midfield,2022-09-03,2022-09-11,4.0,3.0,3.0,0.0,3.0,1.0,16.0,6,2.0,0.0,0.0,0.0,0.0,0.0,3.0,2.0,0.0,0,0,0,0.0,0.0,0.0,0.0,13.0,72.0,54.0,0.1875,0.375,,,,,0.07692307692307693,0.0,2.0,1.5,1.5,0.0,1.5,0.5,8.0,3.0,1.0,0.0,0.0,0.0,0.0,0.0,1.5,1.0,0.0,0.0,0.0,0.0,0.0,0.0,0.0,0.0,6.5,36.0,27.0,6.5
2022,000227,Will Manny,ARC,Archers,2,A,Attack,2022-09-03,2022-09-11,2.0,0.0,0.0,0.0,0.0,2.0,9.0,3,0.0,0.0,0.0,0.0,0.0,0.0,0.0,1.0,0.0,0,0,0,0.0,0.0,0.0,0.0,10.0,50.0,40.0,0.0,0.3333333333333333,,,,,0.2,,1.0,0.0,0.0,0.0,0.0,1.0,4.5,1.5,0.0,0.0,0.0,0.0,0.0,0.0,0.0,0.5,0.0,0.0,0.0,0.0,0.0,0.0,0.0,0.0,5.0,25.0,20.0,5.0
2022,000231,Chris Cloutier,CHA,Chaos,3,A,Attack,2022-09-03,2022-09-18,5.0,4.0,4.0,0.0,4.0,1.0,14.0,9,1.0,0.0,0.0,0.0,0.0,0.0,3.0,7.0,0.0,0,0,0,0.0,0.0,0.0,0.0,9.0,59.0,38.0,0.2857142857142857,0.6428571428571429,,,,,0.1111111111111111,0.0,1.6666666666666667,1.3333333333333333,1.3333333333333333,0.0,1.3333333333333333,0.3333333333333333,4.666666666666667,3.0,0.3333333333333333,0.0,0.0,0.0,0.0,0.0,1.0,2.3333333333333335,0.0,0.0,0.0,0.0,0.0,0.0,0.0,0.0,3.0,19.666666666666668,12.666666666666666,3.0
2022,000234,Eric Law,ATL,Atlas,1,A,Attack,2022-09-03,2022-09-03,1.0,0.0,0.0,0.0,0.0,1.0,3.0,2,0.0,0.0,0.0,0.0,0.0,0.0,1.0,2.0,1.0,0,0,0,0.0,0.0,0.0,0.0,6.0,37.0,32.0,0.0,0.6666666666666666,,,,,0.16666666666666666,,1.0,0.0,0.0,0.0,0.0,1.0,3.0,2.0,0.0,0.0,0.0,0.0,0.0,0.0,1.0,2.0,1.0,0.0,0.0,0.0,0.0,0.0,0.0,0.0,6.0,37.0,32.0,6.0
2022,000235,Jake Richard,ATL,Atlas,1,SSDM,Defensive Midfield,2022-09-03,2022-09-03,0.0,0.0,0.0,0.0,0.0,0.0,3.0,1,1.0,0.0,0.0,0.0,0.0,0.0,0.0,0.0,1.0,0,0,0,0.0,0.0,0.0,0.0,0.0,13.0,10.0,0.0,0.3333333333333333,,,,,,0.0,0.0,0.0,0.0,0.0,0.0,0.0,3.0,1.0,1.0,0.0,0.0,0.0,0.0,0.0,0.0,0.0,1.0,0.0,0.0,0.0,0.0,0.0,0.0,0.0,0.0,13.0,10.0,0.0
2022,000240,Kieran McArdle,WAT,Waterdogs,3,A,Attack,2022-09-03,2022-09-18,11.0,7.0,7.0,0.0,7.0,4.0,16.0,11,0.0,0.0,0.0,0.0,0.0,0.0,7.0,11.0,0.0,0,0,0,0.0,0.0,1.0,0.5,12.0,98.0,71.0,0.4375,0.6875,,,,,0.3333333333333333,,3.6666666666666665,2.3333333333333335,2.3333333333333335,0.0,2.3333333333333335,1.3333333333333333,5.333333333333333,3.6666666666666665,0.0,0.0,0.0,0.0,0.0,0.0,2.3333333333333335,3.6666666666666665,0.0,0.0,0.0,0.0,0.0,0.0,0.3333333333333333,0.16666666666666666,4.0,32.666666666666664,23.666666666666668,4.0
2022,000241,Jack Concannon,ATL,Atlas,1,G,Goalie,2022-09-03,2022-09-03,0.0,0.0,0.0,0.0,0.0,0.0,0.0,0,0.0,5.0,0.0,5.0,14.0,22.276243093922652,2.0,0.0,0.0,0,0,0,13.0,1.0,0.0,0.0,0.0,6.0,6.0,,,,0.2777777777777778,0.0,0.0,,,0.0,0.0,0.0,0.0,0.0,0.0,0.0,0.0,0.0,5.0,0.0,5.0,14.0,22.276243093922652,2.0,0.0,0.0,0.0,0.0,0.0,13.0,1.0,0.0,0.0,0.0,6.0,6.0,0.0
2022,000242,Kyle Hartzell,RED,Redwoods,1,LSM,Long Stick Midfield,2022-09-03,2022-09-03,0.0,0.0,0.0,0.0,0.0,0.0,0.0,0,0.0,0.0,0.0,0.0,0.0,0.0,1.0,0.0,0.0,0,0,0,0.0,0.0,0.0,0.0,1.0,2.0,2.0,,,,,,,0.0,,0.0,0.0,0.0,0.0,0.0,0.0,0.0,0.0,0.0,0.0,0.0,0.0,0.0,0.0,1.0,0.0,0.0,0.0,0.0,0.0,0.0,0.0,0.0,0.0,1.0,2.0,2.0,1.0
2022,000246,Ryan Brown,WAT,Waterdogs,1,A,Attack,2022-09-18,2022-09-18,0.0,0.0,0.0,0.0,0.0,0.0,0.0,0,0.0,0.0,0.0,0.0,0.0,0.0,0.0,0.0,0.0,0,0,0,0.0,0.0,0.0,0.0,0.0,1.0,1.0,,,,,,,,,0.0,0.0,0.0,0.0,0.0,0.0,0.0,0.0,0.0,0.0,0.0,0.0,0.0,0.0,0.0,0.0,0.0,0.0,0.0,0.0,0.0,0.0,0.0,0.0,0.0,1.0,1.0,0.0
2022,000251,Steven DeNapoli,WAT,Waterdogs,3,SSDM,Defensive Midfield,2022-09-03,2022-09-18,1.0,0.0,0.0,0.0,0.0,1.0,0.0,0,0.0,0.0,0.0,0.0,0.0,0.0,1.0,0.0,1.0,0,0,0,0.0,0.0,0.0,0.0,2.0,10.0,10.0,,,,,,,0.5,,0.3333333333333333,0.0,0.0,0.0,0.0,0.3333333333333333,0.0,0.0,0.0,0.0,0.0,0.0,0.0,0.0,0.3333333333333333,0.0,0.3333333333333333,0.0,0.0,0.0,0.0,0.0,0.0,0.0,0.6666666666666666,3.3333333333333335,3.3333333333333335,0.6666666666666666
2022,000254,Trevor Baptiste,ATL,Atlas,1,FO,Faceoff,2022-09-03,2022-09-03,0.0,0.0,0.0,0.0,0.0,0.0,1.0,1,1.0,0.0,0.0,0.0,0.0,0.0,7.0,1.0,0.0,16,16,32,0.0,0.0,0.0,0.0,0.0,9.0,7.0,0.0,1.0,0.5,,,,,0.0,0.0,0.0,0.0,0.0,0.0,0.0,1.0,1.0,1.0,0.0,0.0,0.0,0.0,0.0,7.0,1.0,0.0,16.0,16.0,32.0,0.0,0.0,0.0,0.0,0.0,9.0,7.0,0.0
2022,000255,Tucker Durkin,ATL,Atlas,1,D,Defense,2022-09-03,2022-09-03,0.0,0.0,0.0,0.0,0.0,0.0,0.0,0,0.0,0.0,0.0,0.0,0.0,0.0,1.0,0.0,1.0,0,0,0,0.0,0.0,0.0,0.0,0.0,5.0,5.0,,,,,,,,,0.0,0.0,0.0,0.0,0.0,0.0,0.0,0.0,0.0,0.0,0.0,0.0,0.0,0.0,1.0,0.0,1.0,0.0,0.0,0.0,0.0,0.0,0.0,0.0,0.0,5.0,5.0,0.0
2022,000258,Blaze Riorden,CHA,Chaos,3,G,Goalie,2022-09-03,2022-09-18,2.0,0.0,0.0,0.0,0.0,2.0,0.0,0,0.0,45.0,22.0,23.0,21.0,21.0,9.0,1.0,1.0,0,0,0,21.0,0.0,0.0,0.0,3.0,53.0,52.0,,,,0.6818181818181818,48.888888888888886,0.3333333333333333,0.6666666666666666,,0.6666666666666666,0.0,0.0,0.0,0.0,0.6666666666666666,0.0,0.0,0.0,15.0,7.333333333333333,7.666666666666667,7.0,7.0,3.0,0.3333333333333333,0.3333333333333333,0.0,0.0,0.0,7.0,0.0,0.0,0.0,1.0,17.666666666666668,17.333333333333332,1.0
2022,000262,Connor Fields,ARC,Archers,2,M,Midfield,2022-09-03,2022-09-11,6.0,3.0,3.0,0.0,3.0,3.0,10.0,6,1.0,0.0,0.0,0.0,0.0,0.0,8.0,4.0,1.0,0,0,0,0.0,0.0,0.0,0.0,8.0,67.0,53.0,0.3,0.6,,,,,0.375,0.0,3.0,1.5,1.5,0.0,1.5,1.5,5.0,3.0,0.5,0.0,0.0,0.0,0.0,0.0,4.0,2.0,0.5,0.0,0.0,0.0,0.0,0.0,0.0,0.0,4.0,33.5,26.5,4.0
2022,000266,Dhane Smith,CHA,Chaos,3,M,Midfield,2022-09-03,2022-09-18,5.0,2.0,2.0,0.0,2.0,3.0,12.0,9,1.0,0.0,0.0,0.0,0.0,0.0,3.0,11.0,1.0,0,0,0,0.0,0.0,1.0,0.5,21.0,114.0,91.0,0.16666666666666666,0.75,,,,,0.14285714285714285,0.0,1.6666666666666667,0.6666666666666666,0.6666666666666666,0.0,0.6666666666666666,1.0,4.0,3.0,0.3333333333333333,0.0,0.0,0.0,0.0,0.0,1.0,3.6666666666666665,0.3333333333333333,0.0,0.0,0.0,0.0,0.0,0.3333333333333333,0.16666666666666666,7.0,38.0,30.333333333333332,7.0
2022,000269,Jarrod Neumann,CHA,Chaos,3,D,Defense,2022-09-03,2022-09-18,0.0,0.0,0.0,0.0,0.0,0.0,1.0,0,1.0,0.0,0.0,0.0,0.0,0.0,3.0,1.0,1.0,0,0,0,0.0,0.0,1.0,0.5,1.0,12.0,10.0,0.0,0.0,,,,,0.0,0.0,0.0,0.0,0.0,0.0,0.0,0.0,0.3333333333333333,0.0,0.3333333333333333,0.0,0.0,0.0,0.0,0.0,1.0,0.3333333333333333,0.3333333333333333,0.0,0.0,0.0,0.0,0.0,0.3333333333333333,0.16666666666666666,0.3333333333333333,4.0,3.3333333333333335,0.3333333333333333
2022,000272,Josh Byrne,CHA,Chaos,3,A,Attack,2022-09-03,2022-09-18,10.0,6.0,6.0,0.0,6.0,4.0,24.0,12,0.0,0.0,0.0,0.0,0.0,0.0,5.0,3.0,0.0,0,0,0,0.0,0.0,1.0,1.0,10.0,77.0,50.0,0.25,0.5,,,,,0.4,,3.3333333333333335,2.0,2.0,0.0,2.0,1.3333333333333333,8.0,4.0,0.0,0.0,0.0,0.0,0.0,0.0,1.6666666666666667,1.0,0.0,0.0,0.0,0.0,0.0,0.0,0.3333333333333333,0.3333333333333333,3.3333333333333335,25.666666666666668,16.666666666666668,3.3333333333333335
2022,000275,Mark Glicini,CHA,Chaos,3,SSDM,Defensive Midfield,2022-09-03,2022-09-18,0.0,0.0,0.0,0.0,0.0,0.0,1.0,1,1.0,0.0,0.0,0.0,0.0,0.0,5.0,0.0,0.0,0,0,0,0.0,0.0,1.0,0.5,1.0,21.0,20.0,0.0,1.0,,,,,0.0,0.0,0.0,0.0,0.0,0.0,0.0,0.0,0.3333333333333333,0.3333333333333333,0.3333333333333333,0.0,0.0,0.0,0.0,0.0,1.6666666666666667,0.0,0.0,0.0,0.0,0.0,0.0,0.0,0.3333333333333333,0.16666666666666666,0.3333333333333333,7.0,6.666666666666667,0.3333333333333333
2022,000276,Matt Rees,CHA,Chaos,3,D,Defense,2022-09-03,2022-09-18,3.0,3.0,1.0,1.0,2.0,0.0,2.0,2,1.0,0.0,0.0,0.0,0.0,0.0,5.0,1.0,3.0,0,0,0,0.0,0.0,0.0,0.0,1.0,21.0,18.0,1.0,1.0,,,,,0.0,1.0,1.0,1.0,0.3333333333333333,0.3333333333333333,0.6666666666666666,0.0,0.6666666666666666,0.6666666666666666,0.3333333333333333,0.0,0.0,0.0,0.0,0.0,1.6666666666666667,0.3333333333333333,1.0,0.0,0.0,0.0,0.0,0.0,0.0,0.0,0.3333333333333333,7.0,6.0,0.3333333333333333
2022,000278,Myles Jones,RED,Redwoods,1,M,Midfield,2022-09-03,2022-09-03,1.0,1.0,1.0,0.0,1.0,0.0,4.0,2,2.0,0.0,0.0,0.0,0.0,0.0,3.0,2.0,0.0,0,0,0,0.0,0.0,0.0,0.0,2.0,17.0,11.0,0.25,0.5,,,,,0.0,0.0,1.0,1.0,1.0,0.0,1.0,0.0,4.0,2.0,2.0,0.0,0.0,0.0,0.0,0.0,3.0,2.0,0.0,0.0,0.0,0.0,0.0,0.0,0.0,0.0,2.0,17.0,11.0,2.0
2022,000279,Patrick Resch,CHA,Chaos,3,SSDM,Defensive Midfield,2022-09-03,2022-09-18,0.0,0.0,0.0,0.0,0.0,0.0,0.0,0,0.0,0.0,0.0,0.0,0.0,0.0,4.0,0.0,0.0,0,0,0,0.0,0.0,0.0,0.0,2.0,23.0,23.0,,,,,,,0.0,,0.0,0.0,0.0,0.0,0.0,0.0,0.0,0.0,0.0,0.0,0.0,0.0,0.0,0.0,1.3333333333333333,0.0,0.0,0.0,0.0,0.0,0.0,0.0,0.0,0.0,0.6666666666666666,7.666666666666667,7.666666666666667,0.6666666666666666
2022,000281,Troy Reh,CHA,Chaos,3,LSM,Long Stick Midfield,2022-09-03,2022-09-18,0.0,0.0,0.0,0.0,0.0,0.0,1.0,1,0.0,0.0,0.0,0.0,0.0,0.0,7.0,0.0,2.0,0,0,0,0.0,0.0,0.0,0.0,2.0,13.0,12.0,0.0,1.0,,,,,0.0,,0.0,0.0,0.0,0.0,0.0,0.0,0.3333333333333333,0.3333333333333333,0.0,0.0,0.0,0.0,0.0,0.0,2.3333333333333335,0.0,0.6666666666666666,0.0,0.0,0.0,0.0,0.0,0.0,0.0,0.6666666666666666,4.333333333333333,4.0,0.6666666666666666
2022,000295,Jordan MacIntosh,OUT,Outlaws,1,M,Midfield,2022-09-03,2022-09-03,0.0,0.0,0.0,0.0,0.0,0.0,2.0,1,0.0,0.0,0.0,0.0,0.0,0.0,0.0,1.0,0.0,0,0,0,0.0,0.0,0.0,0.0,2.0,12.0,9.0,0.0,0.5,,,,,0.0,,0.0,0.0,0.0,0.0,0.0,0.0,2.0,1.0,0.0,0.0,0.0,0.0,0.0,0.0,0.0,1.0,0.0,0.0,0.0,0.0,0.0,0.0,0.0,0.0,2.0,12.0,9.0,2.0
2022,000302,Michael Manley,OUT,Outlaws,1,D,Defense,2022-09-03,2022-09-03,0.0,0.0,0.0,0.0,0.0,0.0,2.0,1,1.0,0.0,0.0,0.0,0.0,0.0,1.0,0.0,0.0,0,0,0,0.0,0.0,0.0,0.0,1.0,11.0,9.0,0.0,0.5,,,,,0.0,0.0,0.0,0.0,0.0,0.0,0.0,0.0,2.0,1.0,1.0,0.0,0.0,0.0,0.0,0.0,1.0,0.0,0.0,0.0,0.0,0.0,0.0,0.0,0.0,0.0,1.0,11.0,9.0,1.0
2022,000305,Romar Dennis,ATL,Atlas,1,M,Midfield,2022-09-03,2022-09-03,2.0,2.0,0.0,1.0,1.0,0.0,4.0,2,4.0,0.0,0.0,0.0,0.0,0.0,1.0,1.0,0.0,0,0,0,0.0,0.0,0.0,0.0,2.0,14.0,9.0,0.25,0.5,,,,,0.0,0.25,2.0,2.0,0.0,1.0,1.0,0.0,4.0,2.0,4.0,0.0,0.0,0.0,0.0,0.0,1.0,1.0,0.0,0.0,0.0,0.0,0.0,0.0,0.0,0.0,2.0,14.0,9.0,2.0
2022,000308,Will Haus,OUT,Outlaws,1,SSDM,Defensive Midfield,2022-09-03,2022-09-03,0.0,0.0,0.0,0.0,0.0,0.0,0.0,0,0.0,0.0,0.0,0.0,0.0,0.0,2.0,0.0,1.0,0,0,0,0.0,0.0,0.0,0.0,2.0,11.0,11.0,,,,,,,0.0,,0.0,0.0,0.0,0.0,0.0,0.0,0.0,0.0,0.0,0.0,0.0,0.0,0.0,0.0,2.0,0.0,1.0,0.0,0.0,0.0,0.0,0.0,0.0,0.0,2.0,11.0,11.0,2.0
2022,000315,Garrett Epple,RED,Redwoods,1,D,Defense,2022-09-03,2022-09-03,0.0,0.0,0.0,0.0,0.0,0.0,0.0,0,0.0,0.0,0.0,0.0,0.0,0.0,0.0,1.0,0.0,0,0,0,0.0,0.0,0.0,0.0,0.0,9.0,8.0,,,,,,,,,0.0,0.0,0.0,0.0,0.0,0.0,0.0,0.0,0.0,0.0,0.0,0.0,0.0,0.0,0.0,1.0,0.0,0.0,0.0,0.0,0.0,0.0,0.0,0.0,0.0,9.0,8.0,0.0
2022,000318,Jack Kelly,RED,Redwoods,1,G,Goalie,2022-09-03,2022-09-03,0.0,0.0,0.0,0.0,0.0,0.0,0.0,0,0.0,10.0,5.0,5.0,13.0,12.995487677889622,2.0,1.0,0.0,0,0,0,13.0,0.0,0.0,0.0,0.0,17.0,16.0,,,,0.43478260869565216,50.0,0.21739130434782608,,,0.0,0.0,0.0,0.0,0.0,0.0,0.0,0.0,0.0,10.0,5.0,5.0,13.0,12.995487677889622,2.0,1.0,0.0,0.0,0.0,0.0,13.0,0.0,0.0,0.0,0.0,17.0,16.0,0.0
2022,000319,Jack Near,RED,Redwoods,1,SSDM,Defensive Midfield,2022-09-03,2022-09-03,0.0,0.0,0.0,0.0,0.0,0.0,0.0,0,0.0,0.0,0.0,0.0,0.0,0.0,2.0,0.0,0.0,0,0,0,0.0,0.0,0.0,0.0,0.0,6.0,6.0,,,,,,,,,0.0,0.0,0.0,0.0,0.0,0.0,0.0,0.0,0.0,0.0,0.0,0.0,0.0,0.0,2.0,0.0,0.0,0.0,0.0,0.0,0.0,0.0,0.0,0.0,0.0,6.0,6.0,0.0
2022,000322,John Sexton,RED,Redwoods,1,LSM,Long Stick Midfield,2022-09-03,2022-09-03,0.0,0.0,0.0,0.0,0.0,0.0,0.0,0,0.0,0.0,0.0,0.0,0.0,0.0,1.0,1.0,0.0,0,0,0,0.0,0.0,0.0,0.0,0.0,1.0,0.0,,,,,,,,,0.0,0.0,0.0,0.0,0.0,0.0,0.0,0.0,0.0,0.0,0.0,0.0,0.0,0.0,1.0,1.0,0.0,0.0,0.0,0.0,0.0,0.0,0.0,0.0,0.0,1.0,0.0,0.0
2022,000327,Matt Kavanagh,RED,Redwoods,1,A,Attack,2022-09-03,2022-09-03,0.0,0.0,0.0,0.0,0.0,0.0,5.0,3,0.0,0.0,0.0,0.0,0.0,0.0,3.0,2.0,0.0,0,0,0,0.0,0.0,0.0,0.0,2.0,21.0,14.0,0.0,0.6,,,,,0.0,,0.0,0.0,0.0,0.0,0.0,0.0,5.0,3.0,0.0,0.0,0.0,0.0,0.0,0.0,3.0,2.0,0.0,0.0,0.0,0.0,0.0,0.0,0.0,0.0,2.0,21.0,14.0,2.0
2022,000333,Sergio Perkovic,RED,Redwoods,1,M,Midfield,2022-09-03,2022-09-03,0.0,0.0,0.0,0.0,0.0,0.0,1.0,1,1.0,0.0,0.0,0.0,0.0,0.0,0.0,0.0,0.0,0,0,0,0.0,0.0,2.0,2.0,1.0,9.0,8.0,0.0,1.0,,,,,0.0,0.0,0.0,0.0,0.0,0.0,0.0,0.0,1.0,1.0,1.0,0.0,0.0,0.0,0.0,0.0,0.0,0.0,0.0,0.0,0.0,0.0,0.0,0.0,2.0,2.0,1.0,9.0,8.0,1.0
2022,000337,Bryce Young,WHP,Whipsnakes,1,D,Defense,2022-09-11,2022-09-11,0.0,0.0,0.0,0.0,0.0,0.0,0.0,0,0.0,0.0,0.0,0.0,0.0,0.0,2.0,0.0,4.0,0,0,0,0.0,0.0,0.0,0.0,0.0,6.0,6.0,,,,,,,,,0.0,0.0,0.0,0.0,0.0,0.0,0.0,0.0,0.0,0.0,0.0,0.0,0.0,0.0,2.0,0.0,4.0,0.0,0.0,0.0,0.0,0.0,0.0,0.0,0.0,6.0,6.0,0.0
2022,000339,Connor Kelly,WAT,Waterdogs,3,M,Midfield,2022-09-03,2022-09-18,4.0,2.0,2.0,0.0,2.0,2.0,12.0,5,3.0,0.0,0.0,0.0,0.0,0.0,2.0,2.0,0.0,0,0,0,0.0,0.0,1.0,0.5,6.0,61.0,47.0,0.16666666666666666,0.4166666666666667,,,,,0.3333333333333333,0.0,1.3333333333333333,0.6666666666666666,0.6666666666666666,0.0,0.6666666666666666,0.6666666666666666,4.0,1.6666666666666667,1.0,0.0,0.0,0.0,0.0,0.0,0.6666666666666666,0.6666666666666666,0.0,0.0,0.0,0.0,0.0,0.0,0.3333333333333333,0.16666666666666666,2.0,20.333333333333332,15.666666666666666,2.0
2022,000345,Jake Bernhardt,WHP,Whipsnakes,1,SSDM,Defensive Midfield,2022-09-11,2022-09-11,1.0,1.0,1.0,0.0,1.0,0.0,1.0,1,0.0,0.0,0.0,0.0,0.0,0.0,1.0,0.0,2.0,0,0,0,0.0,0.0,0.0,0.0,0.0,10.0,9.0,1.0,1.0,,,,,,,1.0,1.0,1.0,0.0,1.0,0.0,1.0,1.0,0.0,0.0,0.0,0.0,0.0,0.0,1.0,0.0,2.0,0.0,0.0,0.0,0.0,0.0,0.0,0.0,0.0,10.0,9.0,0.0
2022,000346,Jay Carlson,WHP,Whipsnakes,1,A,Attack,2022-09-11,2022-09-11,1.0,1.0,1.0,0.0,1.0,0.0,4.0,4,0.0,0.0,0.0,0.0,0.0,0.0,1.0,0.0,0.0,0,0,0,0.0,0.0,1.0,0.5,2.0,13.0,9.0,0.25,1.0,,,,,0.0,,1.0,1.0,1.0,0.0,1.0,0.0,4.0,4.0,0.0,0.0,0.0,0.0,0.0,0.0,1.0,0.0,0.0,0.0,0.0,0.0,0.0,0.0,1.0,0.5,2.0,13.0,9.0,2.0
2022,000350,Joseph Nardella,WHP,Whipsnakes,1,FO,Faceoff,2022-09-11,2022-09-11,0.0,0.0,0.0,0.0,0.0,0.0,0.0,0,0.0,0.0,0.0,0.0,0.0,0.0,2.0,1.0,0.0,13,11,24,0.0,0.0,0.0,0.0,0.0,5.0,4.0,,,0.5416666666666666,,,,,,0.0,0.0,0.0,0.0,0.0,0.0,0.0,0.0,0.0,0.0,0.0,0.0,0.0,0.0,2.0,1.0,0.0,13.0,11.0,24.0,0.0,0.0,0.0,0.0,0.0,5.0,4.0,0.0
2022,000351,Jules Heningburg,RED,Redwoods,1,M,Midfield,2022-09-03,2022-09-03,2.0,0.0,0.0,0.0,0.0,2.0,3.0,1,0.0,0.0,0.0,0.0,0.0,0.0,0.0,1.0,0.0,0,0,0,0.0,0.0,0.0,0.0,2.0,14.0,10.0,0.0,0.3333333333333333,,,,,1.0,,2.0,0.0,0.0,0.0,0.0,2.0,3.0,1.0,0.0,0.0,0.0,0.0,0.0,0.0,0.0,1.0,0.0,0.0,0.0,0.0,0.0,0.0,0.0,0.0,2.0,14.0,10.0,2.0
2022,000353,Kyle Bernlohr,WHP,Whipsnakes,1,G,Goalie,2022-09-11,2022-09-11,0.0,0.0,0.0,0.0,0.0,0.0,0.0,0,0.0,8.0,4.0,4.0,11.0,11.0,2.0,0.0,1.0,0,0,0,11.0,0.0,0.0,0.0,0.0,16.0,16.0,,,,0.42105263157894735,50.0,0.21052631578947367,,,0.0,0.0,0.0,0.0,0.0,0.0,0.0,0.0,0.0,8.0,4.0,4.0,11.0,11.0,2.0,0.0,1.0,0.0,0.0,0.0,11.0,0.0,0.0,0.0,0.0,16.0,16.0,0.0
2022,000354,Matt Rambo,WHP,Whipsnakes,1,A,Attack,2022-09-11,2022-09-11,2.0,2.0,2.0,0.0,2.0,0.0,8.0,4,0.0,0.0,0.0,0.0,0.0,0.0,0.0,4.0,0.0,0,0,0,0.0,0.0,0.0,0.0,7.0,33.0,21.0,0.25,0.5,,,,,0.0,,2.0,2.0,2.0,0.0,2.0,0.0,8.0,4.0,0.0,0.0,0.0,0.0,0.0,0.0,0.0,4.0,0.0,0.0,0.0,0.0,0.0,0.0,0.0,0.0,7.0,33.0,21.0,7.0
2022,000355,Matthew Dunn,WHP,Whipsnakes,1,D,Defense,2022-09-11,2022-09-11,0.0,0.0,0.0,0.0,0.0,0.0,0.0,0,0.0,0.0,0.0,0.0,0.0,0.0,2.0,0.0,0.0,0,0,0,0.0,0.0,0.0,0.0,1.0,11.0,11.0,,,,,,,0.0,,0.0,0.0,0.0,0.0,0.0,0.0,0.0,0.0,0.0,0.0,0.0,0.0,0.0,0.0,2.0,0.0,0.0,0.0,0.0,0.0,0.0,0.0,0.0,0.0,1.0,11.0,11.0,1.0
2022,000356,Michael Ehrhardt,WHP,Whipsnakes,1,LSM,Long Stick Midfield,2022-09-11,2022-09-11,0.0,0.0,0.0,0.0,0.0,0.0,2.0,2,1.0,0.0,0.0,0.0,0.0,0.0,9.0,1.0,2.0,0,0,0,0.0,0.0,0.0,0.0,1.0,14.0,11.0,0.0,1.0,,,,,0.0,0.0,0.0,0.0,0.0,0.0,0.0,0.0,2.0,2.0,1.0,0.0,0.0,0.0,0.0,0.0,9.0,1.0,2.0,0.0,0.0,0.0,0.0,0.0,0.0,0.0,1.0,14.0,11.0,1.0
2022,000357,Mike Chanenchuk,WHP,Whipsnakes,1,M,Midfield,2022-09-11,2022-09-11,2.0,1.0,1.0,0.0,1.0,1.0,10.0,5,3.0,0.0,0.0,0.0,0.0,0.0,1.0,1.0,0.0,0,0,0,0.0,0.0,0.0,0.0,2.0,27.0,16.0,0.1,0.5,,,,,0.5,0.0,2.0,1.0,1.0,0.0,1.0,1.0,10.0,5.0,3.0,0.0,0.0,0.0,0.0,0.0,1.0,1.0,0.0,0.0,0.0,0.0,0.0,0.0,0.0,0.0,2.0,27.0,16.0,2.0
2022,000359,Tim Muller,WHP,Whipsnakes,1,D,Defense,2022-09-11,2022-09-11,0.0,0.0,0.0,0.0,0.0,0.0,0.0,0,0.0,0.0,0.0,0.0,0.0,0.0,1.0,0.0,1.0,0,0,0,0.0,0.0,0.0,0.0,0.0,8.0,8.0,,,,,,,,,0.0,0.0,0.0,0.0,0.0,0.0,0.0,0.0,0.0,0.0,0.0,0.0,0.0,0.0,1.0,0.0,1.0,0.0,0.0,0.0,0.0,0.0,0.0,0.0,0.0,8.0,8.0,0.0
2022,000361,Tyler Warner,WHP,Whipsnakes,1,SSDM,Defensive Midfield,2022-09-11,2022-09-11,0.0,0.0,0.0,0.0,0.0,0.0,0.0,0,0.0,0.0,0.0,0.0,0.0,0.0,2.0,0.0,2.0,0,0,0,0.0,0.0,0.0,0.0,1.0,4.0,4.0,,,,,,,0.0,,0.0,0.0,0.0,0.0,0.0,0.0,0.0,0.0,0.0,0.0,0.0,0.0,0.0,0.0,2.0,0.0,2.0,0.0,0.0,0.0,0.0,0.0,0.0,0.0,1.0,4.0,4.0,1.0
2022,000363,Ryan Conrad,WAT,Waterdogs,3,M,Midfield,2022-09-03,2022-09-18,9.0,8.0,6.0,1.0,7.0,1.0,11.0,10,1.0,0.0,0.0,0.0,0.0,0.0,3.0,4.0,0.0,0,0,0,0.0,0.0,1.0,0.5,6.0,53.0,38.0,0.6363636363636364,0.9090909090909091,,,,,0.16666666666666666,1.0,3.0,2.6666666666666665,2.0,0.3333333333333333,2.3333333333333335,0.3333333333333333,3.6666666666666665,3.3333333333333335,0.3333333333333333,0.0,0.0,0.0,0.0,0.0,1.0,1.3333333333333333,0.0,0.0,0.0,0.0,0.0,0.0,0.3333333333333333,0.16666666666666666,2.0,17.666666666666668,12.666666666666666,2.0
2022,000365,Jack Rowlett,CHA,Chaos,3,D,Defense,2022-09-03,2022-09-18,0.0,0.0,0.0,0.0,0.0,0.0,1.0,1,1.0,0.0,0.0,0.0,0.0,0.0,4.0,0.0,3.0,0,0,0,0.0,0.0,2.0,1.0,0.0,26.0,25.0,0.0,1.0,,,,,,0.0,0.0,0.0,0.0,0.0,0.0,0.0,0.3333333333333333,0.3333333333333333,0.3333333333333333,0.0,0.0,0.0,0.0,0.0,1.3333333333333333,0.0,1.0,0.0,0.0,0.0,0.0,0.0,0.6666666666666666,0.3333333333333333,0.0,8.666666666666666,8.333333333333334,0.0
2022,000366,Connor Farrell,OUT,Outlaws,1,FO,Faceoff,2022-09-03,2022-09-03,0.0,0.0,0.0,0.0,0.0,0.0,0.0,0,0.0,0.0,0.0,0.0,0.0,0.0,6.0,0.0,0.0,7,10,17,0.0,0.0,0.0,0.0,0.0,2.0,2.0,,,0.4117647058823529,,,,,,0.0,0.0,0.0,0.0,0.0,0.0,0.0,0.0,0.0,0.0,0.0,0.0,0.0,0.0,6.0,0.0,0.0,7.0,10.0,17.0,0.0,0.0,0.0,0.0,0.0,2.0,2.0,0.0
2022,000368,Chris Sabia,WAT,Waterdogs,3,LSM,Long Stick Midfield,2022-09-03,2022-09-18,1.0,0.0,0.0,0.0,0.0,1.0,1.0,1,1.0,0.0,0.0,0.0,0.0,0.0,7.0,1.0,2.0,0,0,0,0.0,0.0,1.0,1.0,1.0,13.0,11.0,0.0,1.0,,,,,1.0,0.0,0.3333333333333333,0.0,0.0,0.0,0.0,0.3333333333333333,0.3333333333333333,0.3333333333333333,0.3333333333333333,0.0,0.0,0.0,0.0,0.0,2.3333333333333335,0.3333333333333333,0.6666666666666666,0.0,0.0,0.0,0.0,0.0,0.3333333333333333,0.3333333333333333,0.3333333333333333,4.333333333333333,3.6666666666666665,0.3333333333333333
2022,000369,Clarke Petterson,ATL,Atlas,1,A,Attack,2022-09-03,2022-09-03,2.0,1.0,1.0,0.0,1.0,1.0,1.0,1,0.0,0.0,0.0,0.0,0.0,0.0,0.0,1.0,0.0,0,0,0,0.0,0.0,0.0,0.0,1.0,8.0,6.0,1.0,1.0,,,,,1.0,,2.0,1.0,1.0,0.0,1.0,1.0,1.0,1.0,0.0,0.0,0.0,0.0,0.0,0.0,0.0,1.0,0.0,0.0,0.0,0.0,0.0,0.0,0.0,0.0,1.0,8.0,6.0,1.0
2022,000373,Ryder Garnsey,RED,Redwoods,1,A,Attack,2022-09-03,2022-09-03,2.0,2.0,2.0,0.0,2.0,0.0,8.0,4,0.0,0.0,0.0,0.0,0.0,0.0,4.0,0.0,0.0,0,0,0,0.0,0.0,0.0,0.0,2.0,16.0,8.0,0.25,0.5,,,,,0.0,,2.0,2.0,2.0,0.0,2.0,0.0,8.0,4.0,0.0,0.0,0.0,0.0,0.0,0.0,4.0,0.0,0.0,0.0,0.0,0.0,0.0,0.0,0.0,0.0,2.0,16.0,8.0,2.0
2022,000376,Cade van Raaphorst,ATL,Atlas,1,D,Defense,2022-09-03,2022-09-03,0.0,0.0,0.0,0.0,0.0,0.0,1.0,1,1.0,0.0,0.0,0.0,0.0,0.0,3.0,1.0,1.0,0,0,0,0.0,0.0,0.0,0.0,1.0,6.0,4.0,0.0,1.0,,,,,0.0,0.0,0.0,0.0,0.0,0.0,0.0,0.0,1.0,1.0,1.0,0.0,0.0,0.0,0.0,0.0,3.0,1.0,1.0,0.0,0.0,0.0,0.0,0.0,0.0,0.0,1.0,6.0,4.0,1.0
2022,000390,Brad Smith,WHP,Whipsnakes,1,M,Midfield,2022-09-11,2022-09-11,3.0,2.0,2.0,0.0,2.0,1.0,4.0,3,1.0,0.0,0.0,0.0,0.0,0.0,5.0,4.0,1.0,0,0,0,0.0,0.0,0.0,0.0,6.0,31.0,23.0,0.5,0.75,,,,,0.16666666666666666,0.0,3.0,2.0,2.0,0.0,2.0,1.0,4.0,3.0,1.0,0.0,0.0,0.0,0.0,0.0,5.0,4.0,1.0,0.0,0.0,0.0,0.0,0.0,0.0,0.0,6.0,31.0,23.0,6.0
2022,000391,Grant Ament,ARC,Archers,2,A,Attack,2022-09-03,2022-09-11,3.0,1.0,1.0,0.0,1.0,2.0,7.0,5,1.0,0.0,0.0,0.0,0.0,0.0,0.0,3.0,0.0,0,0,0,0.0,0.0,0.0,0.0,11.0,66.0,56.0,0.14285714285714285,0.7142857142857143,,,,,0.18181818181818182,0.0,1.5,0.5,0.5,0.0,0.5,1.0,3.5,2.5,0.5,0.0,0.0,0.0,0.0,0.0,0.0,1.5,0.0,0.0,0.0,0.0,0.0,0.0,0.0,0.0,5.5,33.0,28.0,5.5
2022,000395,Bryan Costabile,ATL,Atlas,1,M,Midfield,2022-09-03,2022-09-03,1.0,1.0,1.0,0.0,1.0,0.0,7.0,3,4.0,0.0,0.0,0.0,0.0,0.0,2.0,3.0,0.0,0,0,0,0.0,0.0,0.0,0.0,4.0,38.0,28.0,0.14285714285714285,0.42857142857142855,,,,,0.0,0.0,1.0,1.0,1.0,0.0,1.0,0.0,7.0,3.0,4.0,0.0,0.0,0.0,0.0,0.0,2.0,3.0,0.0,0.0,0.0,0.0,0.0,0.0,0.0,0.0,4.0,38.0,28.0,4.0
2022,000405,Jesse Bernhardt,OUT,Outlaws,1,D,Defense,2022-09-03,2022-09-03,0.0,0.0,0.0,0.0,0.0,0.0,0.0,0,0.0,0.0,0.0,0.0,0.0,0.0,1.0,0.0,0.0,0,0,0,0.0,0.0,0.0,0.0,1.0,9.0,9.0,,,,,,,0.0,,0.0,0.0,0.0,0.0,0.0,0.0,0.0,0.0,0.0,0.0,0.0,0.0,0.0,0.0,1.0,0.0,0.0,0.0,0.0,0.0,0.0,0.0,0.0,0.0,1.0,9.0,9.0,1.0
2022,000406,Craig Chick,ATL,Atlas,1,LSM,Long Stick Midfield,2022-09-03,2022-09-03,0.0,0.0,0.0,0.0,0.0,0.0,1.0,0,0.0,0.0,0.0,0.0,0.0,0.0,6.0,0.0,2.0,0,0,0,0.0,0.0,0.0,0.0,0.0,7.0,6.0,0.0,0.0,,,,,,,0.0,0.0,0.0,0.0,0.0,0.0,1.0,0.0,0.0,0.0,0.0,0.0,0.0,0.0,6.0,0.0,2.0,0.0,0.0,0.0,0.0,0.0,0.0,0.0,0.0,7.0,6.0,0.0
2022,000409,Zach Currier,WAT,Waterdogs,3,M,Midfield,2022-09-03,2022-09-18,5.0,3.0,3.0,0.0,3.0,2.0,10.0,8,0.0,0.0,0.0,0.0,0.0,0.0,16.0,3.0,3.0,0,2,2,0.0,0.0,1.0,2.0,4.0,58.0,45.0,0.3,0.8,0.0,,,,0.5,,1.6666666666666667,1.0,1.0,0.0,1.0,0.6666666666666666,3.3333333333333335,2.6666666666666665,0.0,0.0,0.0,0.0,0.0,0.0,5.333333333333333,1.0,1.0,0.0,0.6666666666666666,0.6666666666666666,0.0,0.0,0.3333333333333333,0.6666666666666666,1.3333333333333333,19.333333333333332,15.0,1.3333333333333333
2022,000410,Eli Gobrecht,WAT,Waterdogs,3,D,Defense,2022-09-03,2022-09-18,0.0,0.0,0.0,0.0,0.0,0.0,1.0,1,0.0,0.0,0.0,0.0,0.0,0.0,8.0,1.0,2.0,0,0,0,0.0,0.0,1.0,1.0,0.0,17.0,15.0,0.0,1.0,,,,,,,0.0,0.0,0.0,0.0,0.0,0.0,0.3333333333333333,0.3333333333333333,0.0,0.0,0.0,0.0,0.0,0.0,2.6666666666666665,0.3333333333333333,0.6666666666666666,0.0,0.0,0.0,0.0,0.0,0.3333333333333333,0.3333333333333333,0.0,5.666666666666667,5.0,0.0
2022,000414,Rob Pannell,RED,Redwoods,1,A,Attack,2022-09-03,2022-09-03,3.0,3.0,3.0,0.0,3.0,0.0,6.0,5,1.0,0.0,0.0,0.0,0.0,0.0,1.0,2.0,0.0,0,0,0,0.0,0.0,0.0,0.0,8.0,31.0,23.0,0.5,0.8333333333333334,,,,,0.0,0.0,3.0,3.0,3.0,0.0,3.0,0.0,6.0,5.0,1.0,0.0,0.0,0.0,0.0,0.0,1.0,2.0,0.0,0.0,0.0,0.0,0.0,0.0,0.0,0.0,8.0,31.0,23.0,8.0
2022,000416,Ryland Rees,WAT,Waterdogs,3,LSM,Long Stick Midfield,2022-09-03,2022-09-18,2.0,2.0,2.0,0.0,2.0,0.0,5.0,3,1.0,0.0,0.0,0.0,0.0,0.0,11.0,0.0,3.0,0,0,0,0.0,0.0,0.0,0.0,3.0,21.0,16.0,0.4,0.6,,,,,0.0,0.0,0.6666666666666666,0.6666666666666666,0.6666666666666666,0.0,0.6666666666666666,0.0,1.6666666666666667,1.0,0.3333333333333333,0.0,0.0,0.0,0.0,0.0,3.6666666666666665,0.0,1.0,0.0,0.0,0.0,0.0,0.0,0.0,0.0,1.0,7.0,5.333333333333333,1.0
2022,000417,Finn Sullivan,RED,Redwoods,1,D,Defense,2022-09-03,2022-09-03,0.0,0.0,0.0,0.0,0.0,0.0,0.0,0,0.0,0.0,0.0,0.0,0.0,0.0,0.0,1.0,1.0,0,0,0,0.0,0.0,1.0,1.0,0.0,8.0,7.0,,,,,,,,,0.0,0.0,0.0,0.0,0.0,0.0,0.0,0.0,0.0,0.0,0.0,0.0,0.0,0.0,0.0,1.0,1.0,0.0,0.0,0.0,0.0,0.0,1.0,1.0,0.0,8.0,7.0,0.0
2022,000418,Dillon Ward,WAT,Waterdogs,3,G,Goalie,2022-09-03,2022-09-18,0.0,0.0,0.0,0.0,0.0,0.0,0.0,0,0.0,43.0,7.0,36.0,33.0,33.0,3.0,2.0,1.0,0,0,0,30.0,3.0,0.0,0.0,0.0,31.0,29.0,,,,0.589041095890411,16.27906976744186,0.0958904109589041,,,0.0,0.0,0.0,0.0,0.0,0.0,0.0,0.0,0.0,14.333333333333334,2.3333333333333335,12.0,11.0,11.0,1.0,0.6666666666666666,0.3333333333333333,0.0,0.0,0.0,10.0,1.0,0.0,0.0,0.0,10.333333333333334,9.666666666666666,0.0
2022,000419,Zed Williams,WHP,Whipsnakes,1,A,Attack,2022-09-11,2022-09-11,4.0,2.0,2.0,0.0,2.0,2.0,6.0,4,0.0,0.0,0.0,0.0,0.0,0.0,1.0,2.0,0.0,0,0,0,0.0,0.0,0.0,0.0,6.0,31.0,23.0,0.3333333333333333,0.6666666666666666,,,,,0.3333333333333333,,4.0,2.0,2.0,0.0,2.0,2.0,6.0,4.0,0.0,0.0,0.0,0.0,0.0,0.0,1.0,2.0,0.0,0.0,0.0,0.0,0.0,0.0,0.0,0.0,6.0,31.0,23.0,6.0
2022,000422,Eli Salama,OUT,Outlaws,1,LSM,Long Stick Midfield,2022-09-03,2022-09-03,0.0,0.0,0.0,0.0,0.0,0.0,0.0,0,0.0,0.0,0.0,0.0,0.0,0.0,0.0,1.0,0.0,0,0,0,0.0,0.0,0.0,0.0,0.0,3.0,2.0,,,,,,,,,0.0,0.0,0.0,0.0,0.0,0.0,0.0,0.0,0.0,0.0,0.0,0.0,0.0,0.0,0.0,1.0,0.0,0.0,0.0,0.0,0.0,0.0,0.0,0.0,0.0,3.0,2.0,0.0
2022,000427,Jake Withers,WAT,Waterdogs,3,FO,Faceoff,2022-09-03,2022-09-18,0.0,0.0,0.0,0.0,0.0,0.0,3.0,2,0.0,0.0,0.0,0.0,0.0,0.0,19.0,1.0,3.0,41,38,79,0.0,0.0,1.0,0.5,1.0,17.0,13.0,0.0,0.6666666666666666,0.5189873417721519,,,,0.0,,0.0,0.0,0.0,0.0,0.0,0.0,1.0,0.6666666666666666,0.0,0.0,0.0,0.0,0.0,0.0,6.333333333333333,0.3333333333333333,1.0,13.666666666666666,12.666666666666666,26.333333333333332,0.0,0.0,0.3333333333333333,0.16666666666666666,0.3333333333333333,5.666666666666667,4.333333333333333,0.3333333333333333
2022,000727,CJ Costabile,CHA,Chaos,3,LSM,Long Stick Midfield,2022-09-03,2022-09-18,1.0,1.0,1.0,0.0,1.0,0.0,3.0,2,2.0,0.0,0.0,0.0,0.0,0.0,3.0,1.0,1.0,1,1,2,0.0,0.0,1.0,1.0,0.0,11.0,7.0,0.3333333333333333,0.6666666666666666,0.5,,,,,0.0,0.3333333333333333,0.3333333333333333,0.3333333333333333,0.0,0.3333333333333333,0.0,1.0,0.6666666666666666,0.6666666666666666,0.0,0.0,0.0,0.0,0.0,1.0,0.3333333333333333,0.3333333333333333,0.3333333333333333,0.3333333333333333,0.6666666666666666,0.0,0.0,0.3333333333333333,0.3333333333333333,0.0,3.6666666666666665,2.3333333333333335,0.0
2022,000921,Challen Rogers,CHA,Chaos,3,M,Midfield,2022-09-03,2022-09-18,6.0,4.0,4.0,0.0,4.0,2.0,12.0,7,0.0,0.0,0.0,0.0,0.0,0.0,5.0,6.0,0.0,0,0,0,0.0,0.0,0.0,0.0,15.0,73.0,55.0,0.3333333333333333,0.5833333333333334,,,,,0.13333333333333333,,2.0,1.3333333333333333,1.3333333333333333,0.0,1.3333333333333333,0.6666666666666666,4.0,2.3333333333333335,0.0,0.0,0.0,0.0,0.0,0.0,1.6666666666666667,2.0,0.0,0.0,0.0,0.0,0.0,0.0,0.0,0.0,5.0,24.333333333333332,18.333333333333332,5.0
2022,000922,Graeme Hossack,ARC,Archers,2,D,Defense,2022-09-03,2022-09-11,0.0,0.0,0.0,0.0,0.0,0.0,0.0,0,0.0,0.0,0.0,0.0,0.0,0.0,5.0,1.0,6.0,2,1,3,0.0,0.0,0.0,0.0,1.0,15.0,14.0,,,0.6666666666666666,,,,0.0,,0.0,0.0,0.0,0.0,0.0,0.0,0.0,0.0,0.0,0.0,0.0,0.0,0.0,0.0,2.5,0.5,3.0,1.0,0.5,1.5,0.0,0.0,0.0,0.0,0.5,7.5,7.0,0.5
2022,000925,Liam Byrnes,WAT,Waterdogs,3,D,Defense,2022-09-03,2022-09-18,0.0,0.0,0.0,0.0,0.0,0.0,1.0,1,1.0,0.0,0.0,0.0,0.0,0.0,10.0,1.0,4.0,0,0,0,0.0,0.0,0.0,0.0,2.0,27.0,25.0,0.0,1.0,,,,,0.0,0.0,0.0,0.0,0.0,0.0,0.0,0.0,0.3333333333333333,0.3333333333333333,0.3333333333333333,0.0,0.0,0.0,0.0,0.0,3.3333333333333335,0.3333333333333333,1.3333333333333333,0.0,0.0,0.0,0.0,0.0,0.0,0.0,0.6666666666666666,9.0,8.333333333333334,0.6666666666666666
2022,000946,Bryan Cole,WHP,Whipsnakes,1,M,Midfield,2022-09-11,2022-09-11,0.0,0.0,0.0,0.0,0.0,0.0,2.0,1,0.0,0.0,0.0,0.0,0.0,0.0,1.0,0.0,0.0,0,0,0,0.0,0.0,0.0,0.0,4.0,18.0,16.0,0.0,0.5,,,,,0.0,,0.0,0.0,0.0,0.0,0.0,0.0,2.0,1.0,0.0,0.0,0.0,0.0,0.0,0.0,1.0,0.0,0.0,0.0,0.0,0.0,0.0,0.0,0.0,0.0,4.0,18.0,16.0,4.0
2022,000978,Kyle Jackson,CHA,Chaos,3,M,Midfield,2022-09-03,2022-09-18,4.0,4.0,4.0,0.0,4.0,0.0,13.0,7,0.0,0.0,0.0,0.0,0.0,0.0,4.0,2.0,0.0,0,0,0,0.0,0.0,0.0,0.0,2.0,45.0,30.0,0.3076923076923077,0.5384615384615384,,,,,0.0,,1.3333333333333333,1.3333333333333333,1.3333333333333333,0.0,1.3333333333333333,0.0,4.333333333333333,2.3333333333333335,0.0,0.0,0.0,0.0,0.0,0.0,1.3333333333333333,0.6666666666666666,0.0,0.0,0.0,0.0,0.0,0.0,0.0,0.0,0.6666666666666666,15.0,10.0,0.6666666666666666
2022,001001,Dylan Molloy,OUT,Outlaws,1,A,Attack,2022-09-03,2022-09-03,0.0,0.0,0.0,0.0,0.0,0.0,6.0,3,0.0,0.0,0.0,0.0,0.0,0.0,1.0,2.0,0.0,0,0,0,0.0,0.0,0.0,0.0,3.0,35.0,27.0,0.0,0.5,,,,,0.0,,0.0,0.0,0.0,0.0,0.0,0.0,6.0,3.0,0.0,0.0,0.0,0.0,0.0,0.0,1.0,2.0,0.0,0.0,0.0,0.0,0.0,0.0,0.0,0.0,3.0,35.0,27.0,3.0
2022,001009,Colin Heacock,OUT,Outlaws,1,M,Midfield,2022-09-03,2022-09-03,0.0,0.0,0.0,0.0,0.0,0.0,1.0,1,0.0,0.0,0.0,0.0,0.0,0.0,4.0,1.0,0.0,0,0,0,0.0,0.0,0.0,0.0,1.0,22.0,20.0,0.0,1.0,,,,,0.0,,0.0,0.0,0.0,0.0,0.0,0.0,1.0,1.0,0.0,0.0,0.0,0.0,0.0,0.0,4.0,1.0,0.0,0.0,0.0,0.0,0.0,0.0,0.0,0.0,1.0,22.0,20.0,1.0
2022,001010,Isaiah Davis-Allen,RED,Redwoods,1,SSDM,Defensive Midfield,2022-09-03,2022-09-03,0.0,0.0,0.0,0.0,0.0,0.0,0.0,0,0.0,0.0,0.0,0.0,0.0,0.0,0.0,0.0,0.0,0,1,1,0.0,0.0,0.0,0.0,1.0,8.0,8.0,,,0.0,,,,0.0,,0.0,0.0,0.0,0.0,0.0,0.0,0.0,0.0,0.0,0.0,0.0,0.0,0.0,0.0,0.0,0.0,0.0,0.0,1.0,1.0,0.0,0.0,0.0,0.0,1.0,8.0,8.0,1.0
2022,001020,Mike Messenger,OUT,Outlaws,1,SSDM,Defensive Midfield,2022-09-03,2022-09-03,0.0,0.0,0.0,0.0,0.0,0.0,0.0,0,0.0,0.0,0.0,0.0,0.0,0.0,0.0,0.0,1.0,0,1,1,0.0,0.0,0.0,0.0,1.0,4.0,4.0,,,0.0,,,,0.0,,0.0,0.0,0.0,0.0,0.0,0.0,0.0,0.0,0.0,0.0,0.0,0.0,0.0,0.0,0.0,0.0,1.0,0.0,1.0,1.0,0.0,0.0,0.0,0.0,1.0,4.0,4.0,1.0
2022,001391,Mikie Schlosser,WAT,Waterdogs,2,M,Midfield,2022-09-03,2022-09-11,2.0,2.0,0.0,1.0,1.0,0.0,5.0,2,2.0,0.0,0.0,0.0,0.0,0.0,0.0,3.0,0.0,0,0,0,0.0,0.0,0.0,0.0,1.0,20.0,12.0,0.2,0.4,,,,,0.0,0.5,1.0,1.0,0.0,0.5,0.5,0.0,2.5,1.0,1.0,0.0,0.0,0.0,0.0,0.0,0.0,1.5,0.0,0.0,0.0,0.0,0.0,0.0,0.0,0.0,0.5,10.0,6.0,0.5
2022,001397,Michael Rexrode,ATL,Atlas,1,D,Defense,2022-09-03,2022-09-03,0.0,0.0,0.0,0.0,0.0,0.0,0.0,0,0.0,0.0,0.0,0.0,0.0,0.0,1.0,0.0,2.0,0,0,0,0.0,0.0,0.0,0.0,0.0,4.0,4.0,,,,,,,,,0.0,0.0,0.0,0.0,0.0,0.0,0.0,0.0,0.0,0.0,0.0,0.0,0.0,0.0,1.0,0.0,2.0,0.0,0.0,0.0,0.0,0.0,0.0,0.0,0.0,4.0,4.0,0.0
2022,001402,Max Adler,CHA,Chaos,3,FO,Faceoff,2022-09-03,2022-09-18,0.0,0.0,0.0,0.0,0.0,0.0,2.0,2,0.0,0.0,0.0,0.0,0.0,0.0,17.0,3.0,0.0,33,26,59,0.0,0.0,0.0,0.0,1.0,15.0,10.0,0.0,1.0,0.559322033898305,,,,0.0,,0.0,0.0,0.0,0.0,0.0,0.0,0.6666666666666666,0.6666666666666666,0.0,0.0,0.0,0.0,0.0,0.0,5.666666666666667,1.0,0.0,11.0,8.666666666666666,19.666666666666668,0.0,0.0,0.0,0.0,0.3333333333333333,5.0,3.3333333333333335,0.3333333333333333
2022,001406,Ben Randall,WAT,Waterdogs,3,D,Defense,2022-09-03,2022-09-18,0.0,0.0,0.0,0.0,0.0,0.0,0.0,0,0.0,0.0,0.0,0.0,0.0,0.0,7.0,3.0,4.0,0,0,0,0.0,0.0,0.0,0.0,1.0,19.0,16.0,,,,,,,0.0,,0.0,0.0,0.0,0.0,0.0,0.0,0.0,0.0,0.0,0.0,0.0,0.0,0.0,0.0,2.3333333333333335,1.0,1.3333333333333333,0.0,0.0,0.0,0.0,0.0,0.0,0.0,0.3333333333333333,6.333333333333333,5.333333333333333,0.3333333333333333
2022,001707,Matt Whitcher,WAT,Waterdogs,3,SSDM,Defensive Midfield,2022-09-03,2022-09-18,2.0,2.0,2.0,0.0,2.0,0.0,2.0,2,0.0,0.0,0.0,0.0,0.0,0.0,2.0,2.0,1.0,0,0,0,0.0,0.0,0.0,0.0,1.0,21.0,17.0,1.0,1.0,,,,,0.0,,0.6666666666666666,0.6666666666666666,0.6666666666666666,0.0,0.6666666666666666,0.0,0.6666666666666666,0.6666666666666666,0.0,0.0,0.0,0.0,0.0,0.0,0.6666666666666666,0.6666666666666666,0.3333333333333333,0.0,0.0,0.0,0.0,0.0,0.0,0.0,0.3333333333333333,7.0,5.666666666666667,0.3333333333333333
2022,001724,Sean Sconone,OUT,Outlaws,1,G,Goalie,2022-09-03,2022-09-03,0.0,0.0,0.0,0.0,0.0,0.0,0.0,0,0.0,15.0,4.0,11.0,11.0,11.0,0.0,0.0,0.0,0,0,0,11.0,0.0,0.0,0.0,4.0,13.0,13.0,,,,0.5769230769230769,26.666666666666668,0.15384615384615385,0.0,,0.0,0.0,0.0,0.0,0.0,0.0,0.0,0.0,0.0,15.0,4.0,11.0,11.0,11.0,0.0,0.0,0.0,0.0,0.0,0.0,11.0,0.0,0.0,0.0,4.0,13.0,13.0,4.0
2022,001746,Daniel Bucaro,ATL,Atlas,1,M,Midfield,2022-09-03,2022-09-03,0.0,0.0,0.0,0.0,0.0,0.0,5.0,3,0.0,0.0,0.0,0.0,0.0,0.0,0.0,1.0,0.0,0,0,0,0.0,0.0,0.0,0.0,0.0,11.0,5.0,0.0,0.6,,,,,,,0.0,0.0,0.0,0.0,0.0,0.0,5.0,3.0,0.0,0.0,0.0,0.0,0.0,0.0,0.0,1.0,0.0,0.0,0.0,0.0,0.0,0.0,0.0,0.0,0.0,11.0,5.0,0.0
2022,001793,Chase Fraser,CHA,Chaos,3,A,Attack,2022-09-03,2022-09-18,2.0,2.0,2.0,0.0,2.0,0.0,10.0,5,0.0,0.0,0.0,0.0,0.0,0.0,1.0,4.0,1.0,0,0,0,0.0,0.0,1.0,2.0,6.0,51.0,37.0,0.2,0.5,,,,,0.0,,0.6666666666666666,0.6666666666666666,0.6666666666666666,0.0,0.6666666666666666,0.0,3.3333333333333335,1.6666666666666667,0.0,0.0,0.0,0.0,0.0,0.0,0.3333333333333333,1.3333333333333333,0.3333333333333333,0.0,0.0,0.0,0.0,0.0,0.3333333333333333,0.6666666666666666,2.0,17.0,12.333333333333334,2.0
2022,001795,Christian Scarpello,WAT,Waterdogs,3,SSDM,Defensive Midfield,2022-09-03,2022-09-18,1.0,0.0,0.0,0.0,0.0,1.0,0.0,0,0.0,0.0,0.0,0.0,0.0,0.0,1.0,2.0,0.0,0,0,0,0.0,0.0,1.0,0.5,1.0,22.0,20.0,,,,,,,1.0,,0.3333333333333333,0.0,0.0,0.0,0.0,0.3333333333333333,0.0,0.0,0.0,0.0,0.0,0.0,0.0,0.0,0.3333333333333333,0.6666666666666666,0.0,0.0,0.0,0.0,0.0,0.0,0.3333333333333333,0.16666666666666666,0.3333333333333333,7.333333333333333,6.666666666666667,0.3333333333333333
2022,001796,Latrell Harris,ARC,Archers,2,SSDM,Defensive Midfield,2022-09-03,2022-09-11,1.0,0.0,0.0,0.0,0.0,1.0,0.0,0,0.0,0.0,0.0,0.0,0.0,0.0,4.0,0.0,5.0,0,0,0,0.0,0.0,0.0,0.0,2.0,9.0,9.0,,,,,,,0.5,,0.5,0.0,0.0,0.0,0.0,0.5,0.0,0.0,0.0,0.0,0.0,0.0,0.0,0.0,2.0,0.0,2.5,0.0,0.0,0.0,0.0,0.0,0.0,0.0,1.0,4.5,4.5,1.0
2022,001797,JD Colarusso,ATL,Atlas,1,G,Goalie,2022-09-03,2022-09-03,0.0,0.0,0.0,0.0,0.0,0.0,0.0,0,0.0,0.0,0.0,0.0,5.0,13.457943925233645,2.0,0.0,0.0,0,0,0,4.0,1.0,0.0,0.0,0.0,3.0,3.0,,,,0.0,,0.0,,,0.0,0.0,0.0,0.0,0.0,0.0,0.0,0.0,0.0,0.0,0.0,0.0,5.0,13.457943925233645,2.0,0.0,0.0,0.0,0.0,0.0,4.0,1.0,0.0,0.0,0.0,3.0,3.0,0.0
2022,001809,Jeff Teat,ATL,Atlas,1,A,Attack,2022-09-03,2022-09-03,7.0,4.0,2.0,1.0,3.0,3.0,7.0,3,1.0,0.0,0.0,0.0,0.0,0.0,3.0,1.0,1.0,0,0,0,0.0,0.0,0.0,0.0,16.0,39.0,31.0,0.42857142857142855,0.42857142857142855,,,,,0.1875,1.0,7.0,4.0,2.0,1.0,3.0,3.0,7.0,3.0,1.0,0.0,0.0,0.0,0.0,0.0,3.0,1.0,1.0,0.0,0.0,0.0,0.0,0.0,0.0,0.0,16.0,39.0,31.0,16.0
2022,001810,Michael Sowers,WAT,Waterdogs,3,A,Attack,2022-09-03,2022-09-18,12.0,8.0,8.0,0.0,8.0,4.0,18.0,14,0.0,0.0,0.0,0.0,0.0,0.0,5.0,6.0,0.0,0,0,0,0.0,0.0,0.0,0.0,18.0,78.0,54.0,0.4444444444444444,0.7777777777777778,,,,,0.2222222222222222,,4.0,2.6666666666666665,2.6666666666666665,0.0,2.6666666666666665,1.3333333333333333,6.0,4.666666666666667,0.0,0.0,0.0,0.0,0.0,0.0,1.6666666666666667,2.0,0.0,0.0,0.0,0.0,0.0,0.0,0.0,0.0,6.0,26.0,18.0,6.0
2022,001811,JT Giles-Harris,OUT,Outlaws,1,D,Defense,2022-09-03,2022-09-03,0.0,0.0,0.0,0.0,0.0,0.0,1.0,0,0.0,0.0,0.0,0.0,0.0,0.0,0.0,1.0,0.0,0,0,0,0.0,0.0,0.0,0.0,0.0,7.0,5.0,0.0,0.0,,,,,,,0.0,0.0,0.0,0.0,0.0,0.0,1.0,0.0,0.0,0.0,0.0,0.0,0.0,0.0,0.0,1.0,0.0,0.0,0.0,0.0,0.0,0.0,0.0,0.0,0.0,7.0,5.0,0.0
2022,001812,TD Ierlan,RED,Redwoods,1,FO,Faceoff,2022-09-03,2022-09-03,0.0,0.0,0.0,0.0,0.0,0.0,2.0,0,0.0,0.0,0.0,0.0,0.0,0.0,7.0,0.0,0.0,15,9,24,0.0,0.0,0.0,0.0,0.0,7.0,5.0,0.0,0.0,0.625,,,,,,0.0,0.0,0.0,0.0,0.0,0.0,2.0,0.0,0.0,0.0,0.0,0.0,0.0,0.0,7.0,0.0,0.0,15.0,9.0,24.0,0.0,0.0,0.0,0.0,0.0,7.0,5.0,0.0
2022,001813,Jared Conners,ARC,Archers,2,LSM,Long Stick Midfield,2022-09-03,2022-09-11,0.0,0.0,0.0,0.0,0.0,0.0,2.0,2,0.0,0.0,0.0,0.0,0.0,0.0,7.0,0.0,1.0,0,0,0,0.0,0.0,1.0,1.0,1.0,13.0,11.0,0.0,1.0,,,,,0.0,,0.0,0.0,0.0,0.0,0.0,0.0,1.0,1.0,0.0,0.0,0.0,0.0,0.0,0.0,3.5,0.0,0.5,0.0,0.0,0.0,0.0,0.0,0.5,0.5,0.5,6.5,5.5,0.5
2022,001814,Mac O'Keefe,CHA,Chaos,3,M,Midfield,2022-09-03,2022-09-18,3.0,3.0,3.0,0.0,3.0,0.0,16.0,9,4.0,0.0,0.0,0.0,0.0,0.0,1.0,1.0,0.0,0,0,0,0.0,0.0,0.0,0.0,2.0,43.0,26.0,0.1875,0.5625,,,,,0.0,0.0,1.0,1.0,1.0,0.0,1.0,0.0,5.333333333333333,3.0,1.3333333333333333,0.0,0.0,0.0,0.0,0.0,0.3333333333333333,0.3333333333333333,0.0,0.0,0.0,0.0,0.0,0.0,0.0,0.0,0.6666666666666666,14.333333333333334,8.666666666666666,0.6666666666666666
2022,001815,Connor Kirst,WHP,Whipsnakes,1,SSDM,Defensive Midfield,2022-09-11,2022-09-11,1.0,1.0,1.0,0.0,1.0,0.0,2.0,1,1.0,0.0,0.0,0.0,0.0,0.0,2.0,0.0,1.0,0,0,0,0.0,0.0,0.0,0.0,0.0,8.0,6.0,0.5,0.5,,,,,,0.0,1.0,1.0,1.0,0.0,1.0,0.0,2.0,1.0,1.0,0.0,0.0,0.0,0.0,0.0,2.0,0.0,1.0,0.0,0.0,0.0,0.0,0.0,0.0,0.0,0.0,8.0,6.0,0.0
2022,001816,Dox Aitken,ATL,Atlas,1,M,Midfield,2022-09-03,2022-09-03,1.0,1.0,1.0,0.0,1.0,0.0,3.0,3,1.0,0.0,0.0,0.0,0.0,0.0,0.0,1.0,0.0,0,0,0,0.0,0.0,0.0,0.0,3.0,18.0,14.0,0.3333333333333333,1.0,,,,,0.0,0.0,1.0,1.0,1.0,0.0,1.0,0.0,3.0,3.0,1.0,0.0,0.0,0.0,0.0,0.0,0.0,1.0,0.0,0.0,0.0,0.0,0.0,0.0,0.0,0.0,3.0,18.0,14.0,3.0
2022,001819,Danny Logan,ATL,Atlas,1,SSDM,Defensive Midfield,2022-09-03,2022-09-03,2.0,1.0,1.0,0.0,1.0,1.0,3.0,1,2.0,0.0,0.0,0.0,0.0,0.0,2.0,1.0,0.0,0,1,1,0.0,0.0,0.0,0.0,2.0,16.0,12.0,0.3333333333333333,0.3333333333333333,0.0,,,,0.5,0.0,2.0,1.0,1.0,0.0,1.0,1.0,3.0,1.0,2.0,0.0,0.0,0.0,0.0,0.0,2.0,1.0,0.0,0.0,1.0,1.0,0.0,0.0,0.0,0.0,2.0,16.0,12.0,2.0
2022,001820,Ryan Terefenko,OUT,Outlaws,1,SSDM,Defensive Midfield,2022-09-03,2022-09-03,0.0,0.0,0.0,0.0,0.0,0.0,1.0,0,0.0,0.0,0.0,0.0,0.0,0.0,2.0,0.0,0.0,0,0,0,0.0,0.0,0.0,0.0,0.0,7.0,6.0,0.0,0.0,,,,,,,0.0,0.0,0.0,0.0,0.0,0.0,1.0,0.0,0.0,0.0,0.0,0.0,0.0,0.0,2.0,0.0,0.0,0.0,0.0,0.0,0.0,0.0,0.0,0.0,0.0,7.0,6.0,0.0
2022,001821,Tre Leclaire,ARC,Archers,2,M,Midfield,2022-09-03,2022-09-11,2.0,2.0,2.0,0.0,2.0,0.0,4.0,4,1.0,0.0,0.0,0.0,0.0,0.0,1.0,0.0,0.0,0,0,0,0.0,0.0,0.0,0.0,0.0,13.0,9.0,0.5,1.0,,,,,,0.0,1.0,1.0,1.0,0.0,1.0,0.0,2.0,2.0,0.5,0.0,0.0,0.0,0.0,0.0,0.5,0.0,0.0,0.0,0.0,0.0,0.0,0.0,0.0,0.0,0.0,6.5,4.5,0.0
2022,001825,Peter Dearth,ATL,Atlas,1,SSDM,Defensive Midfield,2022-09-03,2022-09-03,0.0,0.0,0.0,0.0,0.0,0.0,0.0,0,0.0,0.0,0.0,0.0,0.0,0.0,1.0,0.0,1.0,0,0,0,0.0,0.0,1.0,1.0,0.0,1.0,1.0,,,,,,,,,0.0,0.0,0.0,0.0,0.0,0.0,0.0,0.0,0.0,0.0,0.0,0.0,0.0,0.0,1.0,0.0,1.0,0.0,0.0,0.0,0.0,0.0,1.0,1.0,0.0,1.0,1.0,0.0
2022,001828,Justin Anderson,OUT,Outlaws,1,M,Midfield,2022-09-03,2022-09-03,1.0,1.0,1.0,0.0,1.0,0.0,8.0,4,3.0,0.0,0.0,0.0,0.0,0.0,1.0,1.0,0.0,0,0,0,0.0,0.0,0.0,0.0,1.0,30.0,21.0,0.125,0.5,,,,,0.0,0.0,1.0,1.0,1.0,0.0,1.0,0.0,8.0,4.0,3.0,0.0,0.0,0.0,0.0,0.0,1.0,1.0,0.0,0.0,0.0,0.0,0.0,0.0,0.0,0.0,1.0,30.0,21.0,1.0
2022,001831,Colin Squires,WHP,Whipsnakes,1,LSM,Long Stick Midfield,2022-09-11,2022-09-11,0.0,0.0,0.0,0.0,0.0,0.0,0.0,0,0.0,0.0,0.0,0.0,0.0,0.0,4.0,1.0,1.0,1,0,1,0.0,0.0,0.0,0.0,0.0,4.0,3.0,,,1.0,,,,,,0.0,0.0,0.0,0.0,0.0,0.0,0.0,0.0,0.0,0.0,0.0,0.0,0.0,0.0,4.0,1.0,1.0,1.0,0.0,1.0,0.0,0.0,0.0,0.0,0.0,4.0,3.0,0.0
2022,001832,Charlie Bertrand,RED,Redwoods,1,M,Midfield,2022-09-03,2022-09-03,3.0,2.0,2.0,0.0,2.0,1.0,7.0,6,1.0,0.0,0.0,0.0,0.0,0.0,1.0,1.0,0.0,0,0,0,0.0,0.0,0.0,0.0,4.0,16.0,8.0,0.2857142857142857,0.8571428571428571,,,,,0.25,0.0,3.0,2.0,2.0,0.0,2.0,1.0,7.0,6.0,1.0,0.0,0.0,0.0,0.0,0.0,1.0,1.0,0.0,0.0,0.0,0.0,0.0,0.0,0.0,0.0,4.0,16.0,8.0,4.0
2022,001835,Ethan Walker,WAT,Waterdogs,3,A,Attack,2022-09-03,2022-09-18,8.0,6.0,6.0,0.0,6.0,2.0,8.0,6,0.0,0.0,0.0,0.0,0.0,0.0,6.0,4.0,0.0,0,0,0,0.0,0.0,0.0,0.0,11.0,79.0,67.0,0.75,0.75,,,,,0.18181818181818182,,2.6666666666666665,2.0,2.0,0.0,2.0,0.6666666666666666,2.6666666666666665,2.0,0.0,0.0,0.0,0.0,0.0,0.0,2.0,1.3333333333333333,0.0,0.0,0.0,0.0,0.0,0.0,0.0,0.0,3.6666666666666665,26.333333333333332,22.333333333333332,3.6666666666666665
2022,001836,Jackson Morrill,OUT,Outlaws,1,M,Midfield,2022-09-03,2022-09-03,0.0,0.0,0.0,0.0,0.0,0.0,1.0,0,0.0,0.0,0.0,0.0,0.0,0.0,0.0,0.0,0.0,0,0,0,0.0,0.0,1.0,0.5,1.0,6.0,5.0,0.0,0.0,,,,,0.0,,0.0,0.0,0.0,0.0,0.0,0.0,1.0,0.0,0.0,0.0,0.0,0.0,0.0,0.0,0.0,0.0,0.0,0.0,0.0,0.0,0.0,0.0,1.0,0.5,1.0,6.0,5.0,1.0
2022,001838,Ryan Smith,CHA,Chaos,3,M,Midfield,2022-09-03,2022-09-18,2.0,0.0,0.0,0.0,0.0,2.0,3.0,1,0.0,0.0,0.0,0.0,0.0,0.0,0.0,2.0,0.0,0,0,0,0.0,0.0,0.0,0.0,13.0,45.0,40.0,0.0,0.3333333333333333,,,,,0.15384615384615385,,0.6666666666666666,0.0,0.0,0.0,0.0,0.6666666666666666,1.0,0.3333333333333333,0.0,0.0,0.0,0.0,0.0,0.0,0.0,0.6666666666666666,0.0,0.0,0.0,0.0,0.0,0.0,0.0,0.0,4.333333333333333,15.0,13.333333333333334,4.333333333333333
2022,001839,Nick Grill,OUT,Outlaws,1,LSM,Long Stick Midfield,2022-09-03,2022-09-03,0.0,0.0,0.0,0.0,0.0,0.0,0.0,0,0.0,0.0,0.0,0.0,0.0,0.0,2.0,0.0,1.0,0,0,0,0.0,0.0,0.0,0.0,0.0,3.0,3.0,,,,,,,,,0.0,0.0,0.0,0.0,0.0,0.0,0.0,0.0,0.0,0.0,0.0,0.0,0.0,0.0,2.0,0.0,1.0,0.0,0.0,0.0,0.0,0.0,0.0,0.0,0.0,3.0,3.0,0.0
2022,001843,Cole Williams,OUT,Outlaws,1,M,Midfield,2022-09-03,2022-09-03,0.0,0.0,0.0,0.0,0.0,0.0,0.0,0,0.0,0.0,0.0,0.0,0.0,0.0,0.0,1.0,0.0,0,0,0,0.0,0.0,0.0,0.0,2.0,15.0,14.0,,,,,,,0.0,,0.0,0.0,0.0,0.0,0.0,0.0,0.0,0.0,0.0,0.0,0.0,0.0,0.0,0.0,0.0,1.0,0.0,0.0,0.0,0.0,0.0,0.0,0.0,0.0,2.0,15.0,14.0,2.0
2022,002015,Logan Wisnauskas,OUT,Outlaws,1,A,Attack,2022-09-03,2022-09-03,2.0,2.0,2.0,0.0,2.0,0.0,10.0,8,1.0,0.0,0.0,0.0,0.0,0.0,0.0,1.0,0.0,0,0,0,0.0,0.0,0.0,0.0,3.0,45.0,34.0,0.2,0.8,,,,,0.0,0.0,2.0,2.0,2.0,0.0,2.0,0.0,10.0,8.0,1.0,0.0,0.0,0.0,0.0,0.0,0.0,1.0,0.0,0.0,0.0,0.0,0.0,0.0,0.0,0.0,3.0,45.0,34.0,3.0
2022,002016,Chris Gray,ATL,Atlas,1,A,Attack,2022-09-03,2022-09-03,5.0,4.0,4.0,0.0,4.0,1.0,11.0,4,2.0,0.0,0.0,0.0,0.0,0.0,1.0,1.0,0.0,0,0,0,0.0,0.0,0.0,0.0,6.0,46.0,34.0,0.36363636363636365,0.36363636363636365,,,,,0.16666666666666666,0.0,5.0,4.0,4.0,0.0,4.0,1.0,11.0,4.0,2.0,0.0,0.0,0.0,0.0,0.0,1.0,1.0,0.0,0.0,0.0,0.0,0.0,0.0,0.0,0.0,6.0,46.0,34.0,6.0
2022,002017,Arden Cohen,RED,Redwoods,1,D,Defense,2022-09-03,2022-09-03,0.0,0.0,0.0,0.0,0.0,0.0,0.0,0,0.0,0.0,0.0,0.0,0.0,0.0,0.0,0.0,1.0,0,0,0,0.0,0.0,0.0,0.0,0.0,1.0,1.0,,,,,,,,,0.0,0.0,0.0,0.0,0.0,0.0,0.0,0.0,0.0,0.0,0.0,0.0,0.0,0.0,0.0,0.0,1.0,0.0,0.0,0.0,0.0,0.0,0.0,0.0,0.0,1.0,1.0,0.0
2022,002018,Matt Moore,ARC,Archers,2,M,Midfield,2022-09-03,2022-09-11,4.0,3.0,3.0,0.0,3.0,1.0,13.0,6,2.0,0.0,0.0,0.0,0.0,0.0,1.0,2.0,0.0,0,0,0,0.0,0.0,1.0,1.0,5.0,39.0,24.0,0.23076923076923078,0.46153846153846156,,,,,0.2,0.0,2.0,1.5,1.5,0.0,1.5,0.5,6.5,3.0,1.0,0.0,0.0,0.0,0.0,0.0,0.5,1.0,0.0,0.0,0.0,0.0,0.0,0.0,0.5,0.5,2.5,19.5,12.0,2.5
2022,002019,Koby Smith,ATL,Atlas,1,LSM,Long Stick Midfield,2022-09-03,2022-09-03,0.0,0.0,0.0,0.0,0.0,0.0,0.0,0,0.0,0.0,0.0,0.0,0.0,0.0,1.0,1.0,0.0,0,0,0,0.0,0.0,0.0,0.0,0.0,2.0,1.0,,,,,,,,,0.0,0.0,0.0,0.0,0.0,0.0,0.0,0.0,0.0,0.0,0.0,0.0,0.0,0.0,1.0,1.0,0.0,0.0,0.0,0.0,0.0,0.0,0.0,0.0,0.0,2.0,1.0,0.0
2022,002023,Brendan Nichtern,OUT,Outlaws,1,A,Attack,2022-09-03,2022-09-03,2.0,0.0,0.0,0.0,0.0,2.0,3.0,1,1.0,0.0,0.0,0.0,0.0,0.0,1.0,2.0,0.0,0,0,0,0.0,0.0,0.0,0.0,11.0,50.0,45.0,0.0,0.3333333333333333,,,,,0.18181818181818182,0.0,2.0,0.0,0.0,0.0,0.0,2.0,3.0,1.0,1.0,0.0,0.0,0.0,0.0,0.0,1.0,2.0,0.0,0.0,0.0,0.0,0.0,0.0,0.0,0.0,11.0,50.0,45.0,11.0
2022,002028,Jack Hannah,WAT,Waterdogs,3,M,Midfield,2022-09-03,2022-09-18,3.0,1.0,1.0,0.0,1.0,2.0,12.0,6,0.0,0.0,0.0,0.0,0.0,0.0,1.0,4.0,1.0,0,0,0,0.0,0.0,0.0,0.0,5.0,40.0,24.0,0.08333333333333333,0.5,,,,,0.4,,1.0,0.3333333333333333,0.3333333333333333,0.0,0.3333333333333333,0.6666666666666666,4.0,2.0,0.0,0.0,0.0,0.0,0.0,0.0,0.3333333333333333,1.3333333333333333,0.3333333333333333,0.0,0.0,0.0,0.0,0.0,0.0,0.0,1.6666666666666667,13.333333333333334,8.0,1.6666666666666667
2022,002029,Wheaton Jackoboice,WHP,Whipsnakes,1,M,Midfield,2022-09-11,2022-09-11,0.0,0.0,0.0,0.0,0.0,0.0,0.0,0,0.0,0.0,0.0,0.0,0.0,0.0,0.0,0.0,0.0,0,0,0,0.0,0.0,0.0,0.0,3.0,4.0,4.0,,,,,,,0.0,,0.0,0.0,0.0,0.0,0.0,0.0,0.0,0.0,0.0,0.0,0.0,0.0,0.0,0.0,0.0,0.0,0.0,0.0,0.0,0.0,0.0,0.0,0.0,0.0,3.0,4.0,4.0,3.0
2022,002032,Justin Inacio,ARC,Archers,2,FO,Faceoff,2022-09-03,2022-09-11,0.0,0.0,0.0,0.0,0.0,0.0,1.0,1,0.0,0.0,0.0,0.0,0.0,0.0,11.0,1.0,0.0,15,27,42,0.0,0.0,0.0,0.0,1.0,8.0,6.0,0.0,1.0,0.35714285714285715,,,,0.0,,0.0,0.0,0.0,0.0,0.0,0.0,0.5,0.5,0.0,0.0,0.0,0.0,0.0,0.0,5.5,0.5,0.0,7.5,13.5,21.0,0.0,0.0,0.0,0.0,0.5,4.0,3.0,0.5
2022,002033,Nakeie Montgomery,RED,Redwoods,1,M,Midfield,2022-09-03,2022-09-03,0.0,0.0,0.0,0.0,0.0,0.0,1.0,0,0.0,0.0,0.0,0.0,0.0,0.0,0.0,0.0,0.0,0,0,0,0.0,0.0,0.0,0.0,1.0,9.0,8.0,0.0,0.0,,,,,0.0,,0.0,0.0,0.0,0.0,0.0,0.0,1.0,0.0,0.0,0.0,0.0,0.0,0.0,0.0,0.0,0.0,0.0,0.0,0.0,0.0,0.0,0.0,0.0,0.0,1.0,9.0,8.0,1.0
2022,002040,Jackson Reid,WHP,Whipsnakes,1,A,Attack,2022-09-11,2022-09-11,0.0,0.0,0.0,0.0,0.0,0.0,4.0,3,0.0,0.0,0.0,0.0,0.0,0.0,1.0,0.0,0.0,0,0,0,0.0,0.0,0.0,0.0,1.0,14.0,10.0,0.0,0.75,,,,,0.0,,0.0,0.0,0.0,0.0,0.0,0.0,4.0,3.0,0.0,0.0,0.0,0.0,0.0,0.0,1.0,0.0,0.0,0.0,0.0,0.0,0.0,0.0,0.0,0.0,1.0,14.0,10.0,1.0
2022,002042,Jon Robbins,ARC,Archers,2,LSM,Long Stick Midfield,2022-09-03,2022-09-11,0.0,0.0,0.0,0.0,0.0,0.0,0.0,0,0.0,0.0,0.0,0.0,0.0,0.0,1.0,0.0,2.0,0,0,0,0.0,0.0,2.0,2.0,0.0,2.0,2.0,,,,,,,,,0.0,0.0,0.0,0.0,0.0,0.0,0.0,0.0,0.0,0.0,0.0,0.0,0.0,0.0,0.5,0.0,1.0,0.0,0.0,0.0,0.0,0.0,1.0,1.0,0.0,1.0,1.0,0.0
2022,002063,Ryan Kennedy,RED,Redwoods,1,D,Defense,2022-09-03,2022-09-03,0.0,0.0,0.0,0.0,0.0,0.0,0.0,0,0.0,0.0,0.0,0.0,0.0,0.0,3.0,2.0,1.0,0,0,0,0.0,0.0,0.0,0.0,0.0,3.0,1.0,,,,,,,,,0.0,0.0,0.0,0.0,0.0,0.0,0.0,0.0,0.0,0.0,0.0,0.0,0.0,0.0,3.0,2.0,1.0,0.0,0.0,0.0,0.0,0.0,0.0,0.0,0.0,3.0,1.0,0.0
2023,000211,Ian MacKay,CHA,Chaos,1,SSDM,Defensive Midfield,2023-09-04,2023-09-04,0.0,0.0,0.0,0.0,0.0,0.0,2.0,1,0.0,0.0,0.0,0.0,0.0,0.0,1.0,1.0,0.0,0,0,0,0.0,0.0,0.0,0.0,0.0,6.0,3.0,0.0,0.5,,,,,,,0.0,0.0,0.0,0.0,0.0,0.0,2.0,1.0,0.0,0.0,0.0,0.0,0.0,0.0,1.0,1.0,0.0,0.0,0.0,0.0,0.0,0.0,0.0,0.0,0.0,6.0,3.0,0.0
2023,000216,Marcus Holman,CAN,Cannons,2,A,Attack,2023-09-04,2023-09-10,4.0,2.0,2.0,0.0,2.0,2.0,11.0,7,4.0,0.0,0.0,0.0,0.0,0.0,7.0,3.0,1.0,0,0,0,0.0,0.0,0.0,0.0,3.0,68.0,54.0,0.18181818181818182,0.6363636363636364,,,,,0.6666666666666666,0.0,2.0,1.0,1.0,0.0,1.0,1.0,5.5,3.5,2.0,0.0,0.0,0.0,0.0,0.0,3.5,1.5,0.5,0.0,0.0,0.0,0.0,0.0,0.0,0.0,1.5,34.0,27.0,1.5
2023,000218,Matt McMahon,ARC,Archers,2,D,Defense,2023-09-10,2023-09-24,0.0,0.0,0.0,0.0,0.0,0.0,0.0,0,0.0,0.0,0.0,0.0,0.0,0.0,3.0,0.0,3.0,0,0,0,0.0,0.0,0.0,0.0,0.0,7.0,7.0,,,,,,,,,0.0,0.0,0.0,0.0,0.0,0.0,0.0,0.0,0.0,0.0,0.0,0.0,0.0,0.0,1.5,0.0,1.5,0.0,0.0,0.0,0.0,0.0,0.0,0.0,0.0,3.5,3.5,0.0
2023,000221,Ryan Ambler,ARC,Archers,2,M,Midfield,2023-09-10,2023-09-24,1.0,0.0,0.0,0.0,0.0,1.0,5.0,1,0.0,0.0,0.0,0.0,0.0,0.0,2.0,3.0,0.0,0,0,0,0.0,0.0,0.0,0.0,2.0,25.0,17.0,0.0,0.2,,,,,0.5,,0.5,0.0,0.0,0.0,0.0,0.5,2.5,0.5,0.0,0.0,0.0,0.0,0.0,0.0,1.0,1.5,0.0,0.0,0.0,0.0,0.0,0.0,0.0,0.0,1.0,12.5,8.5,1.0
2023,000225,Tom Schreiber,ARC,Archers,2,M,Midfield,2023-09-10,2023-09-24,3.0,3.0,3.0,0.0,3.0,0.0,12.0,7,2.0,0.0,0.0,0.0,0.0,0.0,2.0,0.0,0.0,0,0,0,0.0,0.0,0.0,0.0,6.0,55.0,43.0,0.25,0.5833333333333334,,,,,0.0,0.0,1.5,1.5,1.5,0.0,1.5,0.0,6.0,3.5,1.0,0.0,0.0,0.0,0.0,0.0,1.0,0.0,0.0,0.0,0.0,0.0,0.0,0.0,0.0,0.0,3.0,27.5,21.5,3.0
2023,000227,Will Manny,WHP,Whipsnakes,1,A,Attack,2023-09-04,2023-09-04,1.0,1.0,1.0,0.0,1.0,0.0,2.0,2,0.0,0.0,0.0,0.0,0.0,0.0,0.0,2.0,0.0,0,0,0,0.0,0.0,0.0,0.0,0.0,17.0,13.0,0.5,1.0,,,,,,,1.0,1.0,1.0,0.0,1.0,0.0,2.0,2.0,0.0,0.0,0.0,0.0,0.0,0.0,0.0,2.0,0.0,0.0,0.0,0.0,0.0,0.0,0.0,0.0,0.0,17.0,13.0,0.0
2023,000231,Chris Cloutier,CHA,Chaos,1,A,Attack,2023-09-04,2023-09-04,3.0,2.0,2.0,0.0,2.0,1.0,5.0,5,1.0,0.0,0.0,0.0,0.0,0.0,2.0,0.0,0.0,0,0,0,0.0,0.0,0.0,0.0,4.0,19.0,14.0,0.4,1.0,,,,,0.25,0.0,3.0,2.0,2.0,0.0,2.0,1.0,5.0,5.0,1.0,0.0,0.0,0.0,0.0,0.0,2.0,0.0,0.0,0.0,0.0,0.0,0.0,0.0,0.0,0.0,4.0,19.0,14.0,4.0
2023,000234,Eric Law,ATL,Atlas,1,A,Attack,2023-09-04,2023-09-04,2.0,2.0,2.0,0.0,2.0,0.0,4.0,3,0.0,0.0,0.0,0.0,0.0,0.0,0.0,4.0,0.0,0,0,0,0.0,0.0,0.0,0.0,3.0,19.0,11.0,0.5,0.75,,,,,0.0,,2.0,2.0,2.0,0.0,2.0,0.0,4.0,3.0,0.0,0.0,0.0,0.0,0.0,0.0,0.0,4.0,0.0,0.0,0.0,0.0,0.0,0.0,0.0,0.0,3.0,19.0,11.0,3.0
2023,000235,Jake Richard,ATL,Atlas,1,SSDM,Defensive Midfield,2023-09-04,2023-09-04,0.0,0.0,0.0,0.0,0.0,0.0,0.0,0,0.0,0.0,0.0,0.0,0.0,0.0,0.0,0.0,0.0,0,0,0,0.0,0.0,1.0,0.5,0.0,6.0,6.0,,,,,,,,,0.0,0.0,0.0,0.0,0.0,0.0,0.0,0.0,0.0,0.0,0.0,0.0,0.0,0.0,0.0,0.0,0.0,0.0,0.0,0.0,0.0,0.0,1.0,0.5,0.0,6.0,6.0,0.0
2023,000240,Kieran McArdle,WAT,Waterdogs,3,A,Attack,2023-09-04,2023-09-24,14.0,8.0,8.0,0.0,8.0,6.0,24.0,15,0.0,0.0,0.0,0.0,0.0,0.0,4.0,6.0,0.0,0,0,0,0.0,0.0,0.0,0.0,16.0,101.0,71.0,0.3333333333333333,0.625,,,,,0.375,,4.666666666666667,2.6666666666666665,2.6666666666666665,0.0,2.6666666666666665,2.0,8.0,5.0,0.0,0.0,0.0,0.0,0.0,0.0,1.3333333333333333,2.0,0.0,0.0,0.0,0.0,0.0,0.0,0.0,0.0,5.333333333333333,33.666666666666664,23.666666666666668,5.333333333333333
2023,000241,Jack Concannon,ATL,Atlas,1,G,Goalie,2023-09-04,2023-09-04,0.0,0.0,0.0,0.0,0.0,0.0,0.0,0,0.0,6.0,2.0,4.0,15.0,25.292740046838407,0.0,0.0,1.0,0,0,0,14.0,1.0,0.0,0.0,0.0,6.0,6.0,,,,0.3,33.33333333333333,0.1,,,0.0,0.0,0.0,0.0,0.0,0.0,0.0,0.0,0.0,6.0,2.0,4.0,15.0,25.292740046838407,0.0,0.0,1.0,0.0,0.0,0.0,14.0,1.0,0.0,0.0,0.0,6.0,6.0,0.0
2023,000242,Kyle Hartzell,CAN,Cannons,2,LSM,Long Stick Midfield,2023-09-04,2023-09-10,2.0,1.0,1.0,0.0,1.0,1.0,2.0,1,0.0,0.0,0.0,0.0,0.0,0.0,4.0,1.0,3.0,1,14,15,0.0,0.0,1.0,2.0,1.0,9.0,6.0,0.5,0.5,0.06666666666666667,,,,1.0,,1.0,0.5,0.5,0.0,0.5,0.5,1.0,0.5,0.0,0.0,0.0,0.0,0.0,0.0,2.0,0.5,1.5,0.5,7.0,7.5,0.0,0.0,0.5,1.0,0.5,4.5,3.0,0.5
2023,000254,Trevor Baptiste,ATL,Atlas,1,FO,Faceoff,2023-09-04,2023-09-04,1.0,1.0,1.0,0.0,1.0,0.0,3.0,2,0.0,0.0,0.0,0.0,0.0,0.0,31.0,4.0,0.0,33,1,34,0.0,0.0,0.0,0.0,2.0,30.0,23.0,0.3333333333333333,0.6666666666666666,0.9705882352941176,,,,0.0,,1.0,1.0,1.0,0.0,1.0,0.0,3.0,2.0,0.0,0.0,0.0,0.0,0.0,0.0,31.0,4.0,0.0,33.0,1.0,34.0,0.0,0.0,0.0,0.0,2.0,30.0,23.0,2.0
2023,000255,Tucker Durkin,ATL,Atlas,1,D,Defense,2023-09-04,2023-09-04,0.0,0.0,0.0,0.0,0.0,0.0,0.0,0,0.0,0.0,0.0,0.0,0.0,0.0,1.0,0.0,0.0,0,0,0,0.0,0.0,0.0,0.0,0.0,3.0,3.0,,,,,,,,,0.0,0.0,0.0,0.0,0.0,0.0,0.0,0.0,0.0,0.0,0.0,0.0,0.0,0.0,1.0,0.0,0.0,0.0,0.0,0.0,0.0,0.0,0.0,0.0,0.0,3.0,3.0,0.0
2023,000258,Blaze Riorden,CHA,Chaos,1,G,Goalie,2023-09-04,2023-09-04,0.0,0.0,0.0,0.0,0.0,0.0,0.0,0,0.0,16.0,4.0,12.0,15.0,15.0,2.0,0.0,0.0,0,0,0,14.0,1.0,0.0,0.0,0.0,12.0,12.0,,,,0.5333333333333333,25.0,0.13333333333333333,,,0.0,0.0,0.0,0.0,0.0,0.0,0.0,0.0,0.0,16.0,4.0,12.0,15.0,15.0,2.0,0.0,0.0,0.0,0.0,0.0,14.0,1.0,0.0,0.0,0.0,12.0,12.0,0.0
2023,000262,Connor Fields,ARC,Archers,1,A,Attack,2023-09-10,2023-09-10,2.0,2.0,2.0,0.0,2.0,0.0,4.0,3,0.0,0.0,0.0,0.0,0.0,0.0,2.0,3.0,0.0,0,0,0,0.0,0.0,0.0,0.0,0.0,10.0,3.0,0.5,0.75,,,,,,,2.0,2.0,2.0,0.0,2.0,0.0,4.0,3.0,0.0,0.0,0.0,0.0,0.0,0.0,2.0,3.0,0.0,0.0,0.0,0.0,0.0,0.0,0.0,0.0,0.0,10.0,3.0,0.0
2023,000266,Dhane Smith,CHA,Chaos,1,M,Midfield,2023-09-04,2023-09-04,4.0,1.0,1.0,0.0,1.0,3.0,4.0,3,1.0,0.0,0.0,0.0,0.0,0.0,1.0,0.0,0.0,0,0,0,0.0,0.0,0.0,0.0,6.0,33.0,29.0,0.25,0.75,,,,,0.5,0.0,4.0,1.0,1.0,0.0,1.0,3.0,4.0,3.0,1.0,0.0,0.0,0.0,0.0,0.0,1.0,0.0,0.0,0.0,0.0,0.0,0.0,0.0,0.0,0.0,6.0,33.0,29.0,6.0
2023,000269,Jarrod Neumann,CHA,Chaos,1,D,Defense,2023-09-04,2023-09-04,0.0,0.0,0.0,0.0,0.0,0.0,1.0,0,1.0,0.0,0.0,0.0,0.0,0.0,2.0,0.0,0.0,0,0,0,0.0,0.0,1.0,1.0,0.0,6.0,5.0,0.0,0.0,,,,,,0.0,0.0,0.0,0.0,0.0,0.0,0.0,1.0,0.0,1.0,0.0,0.0,0.0,0.0,0.0,2.0,0.0,0.0,0.0,0.0,0.0,0.0,0.0,1.0,1.0,0.0,6.0,5.0,0.0
2023,000272,Josh Byrne,CHA,Chaos,1,A,Attack,2023-09-04,2023-09-04,4.0,3.0,3.0,0.0,3.0,1.0,11.0,9,0.0,0.0,0.0,0.0,0.0,0.0,1.0,3.0,0.0,0,0,0,0.0,0.0,0.0,0.0,3.0,36.0,22.0,0.2727272727272727,0.8181818181818182,,,,,0.3333333333333333,,4.0,3.0,3.0,0.0,3.0,1.0,11.0,9.0,0.0,0.0,0.0,0.0,0.0,0.0,1.0,3.0,0.0,0.0,0.0,0.0,0.0,0.0,0.0,0.0,3.0,36.0,22.0,3.0
2023,000275,Mark Glicini,CHA,Chaos,1,SSDM,Defensive Midfield,2023-09-04,2023-09-04,0.0,0.0,0.0,0.0,0.0,0.0,1.0,1,1.0,0.0,0.0,0.0,0.0,0.0,2.0,0.0,0.0,0,0,0,0.0,0.0,0.0,0.0,1.0,5.0,4.0,0.0,1.0,,,,,0.0,0.0,0.0,0.0,0.0,0.0,0.0,0.0,1.0,1.0,1.0,0.0,0.0,0.0,0.0,0.0,2.0,0.0,0.0,0.0,0.0,0.0,0.0,0.0,0.0,0.0,1.0,5.0,4.0,1.0
2023,000278,Myles Jones,ATL,Atlas,1,M,Midfield,2023-09-04,2023-09-04,2.0,1.0,1.0,0.0,1.0,1.0,7.0,2,2.0,0.0,0.0,0.0,0.0,0.0,0.0,2.0,0.0,0,0,0,0.0,0.0,0.0,0.0,2.0,18.0,9.0,0.14285714285714285,0.2857142857142857,,,,,0.5,0.0,2.0,1.0,1.0,0.0,1.0,1.0,7.0,2.0,2.0,0.0,0.0,0.0,0.0,0.0,0.0,2.0,0.0,0.0,0.0,0.0,0.0,0.0,0.0,0.0,2.0,18.0,9.0,2.0
2023,000279,Patrick Resch,CHA,Chaos,1,SSDM,Defensive Midfield,2023-09-04,2023-09-04,0.0,0.0,0.0,0.0,0.0,0.0,0.0,0,0.0,0.0,0.0,0.0,0.0,0.0,2.0,1.0,0.0,0,0,0,0.0,0.0,0.0,0.0,0.0,7.0,6.0,,,,,,,,,0.0,0.0,0.0,0.0,0.0,0.0,0.0,0.0,0.0,0.0,0.0,0.0,0.0,0.0,2.0,1.0,0.0,0.0,0.0,0.0,0.0,0.0,0.0,0.0,0.0,7.0,6.0,0.0
2023,000281,Troy Reh,CHA,Chaos,1,LSM,Long Stick Midfield,2023-09-04,2023-09-04,0.0,0.0,0.0,0.0,0.0,0.0,0.0,0,0.0,0.0,0.0,0.0,0.0,0.0,1.0,0.0,1.0,0,0,0,0.0,0.0,0.0,0.0,0.0,5.0,5.0,,,,,,,,,0.0,0.0,0.0,0.0,0.0,0.0,0.0,0.0,0.0,0.0,0.0,0.0,0.0,0.0,1.0,0.0,1.0,0.0,0.0,0.0,0.0,0.0,0.0,0.0,0.0,5.0,5.0,0.0
2023,000305,Romar Dennis,RED,Redwoods,2,M,Midfield,2023-09-04,2023-09-10,4.0,2.0,2.0,0.0,2.0,2.0,9.0,6,2.0,0.0,0.0,0.0,0.0,0.0,2.0,1.0,0.0,0,0,0,0.0,0.0,0.0,0.0,3.0,45.0,35.0,0.2222222222222222,0.6666666666666666,,,,,0.6666666666666666,0.0,2.0,1.0,1.0,0.0,1.0,1.0,4.5,3.0,1.0,0.0,0.0,0.0,0.0,0.0,1.0,0.5,0.0,0.0,0.0,0.0,0.0,0.0,0.0,0.0,1.5,22.5,17.5,1.5
2023,000314,Eddy Glazener,RED,Redwoods,2,D,Defense,2023-09-04,2023-09-10,0.0,0.0,0.0,0.0,0.0,0.0,3.0,1,3.0,0.0,0.0,0.0,0.0,0.0,5.0,0.0,1.0,0,0,0,0.0,0.0,1.0,0.5,0.0,22.0,19.0,0.0,0.3333333333333333,,,,,,0.0,0.0,0.0,0.0,0.0,0.0,0.0,1.5,0.5,1.5,0.0,0.0,0.0,0.0,0.0,2.5,0.0,0.5,0.0,0.0,0.0,0.0,0.0,0.5,0.25,0.0,11.0,9.5,0.0
2023,000315,Garrett Epple,RED,Redwoods,2,D,Defense,2023-09-04,2023-09-10,0.0,0.0,0.0,0.0,0.0,0.0,0.0,0,0.0,0.0,0.0,0.0,0.0,0.0,3.0,1.0,3.0,0,0,0,0.0,0.0,1.0,0.5,0.0,13.0,12.0,,,,,,,,,0.0,0.0,0.0,0.0,0.0,0.0,0.0,0.0,0.0,0.0,0.0,0.0,0.0,0.0,1.5,0.5,1.5,0.0,0.0,0.0,0.0,0.0,0.5,0.25,0.0,6.5,6.0,0.0
2023,000318,Jack Kelly,RED,Redwoods,2,G,Goalie,2023-09-04,2023-09-10,0.0,0.0,0.0,0.0,0.0,0.0,0.0,0,0.0,26.0,9.0,17.0,17.0,24.133453370756765,1.0,0.0,0.0,0,0,0,16.0,1.0,0.0,0.0,0.0,32.0,32.0,,,,0.6190476190476191,34.61538461538461,0.21428571428571427,,,0.0,0.0,0.0,0.0,0.0,0.0,0.0,0.0,0.0,13.0,4.5,8.5,8.5,12.066726685378383,0.5,0.0,0.0,0.0,0.0,0.0,8.0,0.5,0.0,0.0,0.0,16.0,16.0,0.0
2023,000322,John Sexton,RED,Redwoods,2,LSM,Long Stick Midfield,2023-09-04,2023-09-10,0.0,0.0,0.0,0.0,0.0,0.0,1.0,0,0.0,0.0,0.0,0.0,0.0,0.0,3.0,2.0,0.0,1,4,5,0.0,0.0,0.0,0.0,3.0,9.0,6.0,0.0,0.0,0.2,,,,0.0,,0.0,0.0,0.0,0.0,0.0,0.0,0.5,0.0,0.0,0.0,0.0,0.0,0.0,0.0,1.5,1.0,0.0,0.5,2.0,2.5,0.0,0.0,0.0,0.0,1.5,4.5,3.0,1.5
2023,000327,Matt Kavanagh,CAN,Cannons,2,A,Attack,2023-09-04,2023-09-10,5.0,4.0,4.0,0.0,4.0,1.0,13.0,10,1.0,0.0,0.0,0.0,0.0,0.0,9.0,5.0,0.0,0,0,0,0.0,0.0,0.0,0.0,3.0,54.0,36.0,0.3076923076923077,0.7692307692307693,,,,,0.3333333333333333,0.0,2.5,2.0,2.0,0.0,2.0,0.5,6.5,5.0,0.5,0.0,0.0,0.0,0.0,0.0,4.5,2.5,0.0,0.0,0.0,0.0,0.0,0.0,0.0,0.0,1.5,27.0,18.0,1.5
2023,000337,Bryce Young,WHP,Whipsnakes,1,D,Defense,2023-09-04,2023-09-04,0.0,0.0,0.0,0.0,0.0,0.0,0.0,0,0.0,0.0,0.0,0.0,0.0,0.0,2.0,0.0,2.0,0,0,0,0.0,0.0,1.0,0.5,0.0,5.0,5.0,,,,,,,,,0.0,0.0,0.0,0.0,0.0,0.0,0.0,0.0,0.0,0.0,0.0,0.0,0.0,0.0,2.0,0.0,2.0,0.0,0.0,0.0,0.0,0.0,1.0,0.5,0.0,5.0,5.0,0.0
2023,000339,Connor Kelly,WAT,Waterdogs,3,M,Midfield,2023-09-04,2023-09-24,9.0,8.0,6.0,1.0,7.0,1.0,19.0,13,2.0,0.0,0.0,0.0,0.0,0.0,4.0,3.0,0.0,0,0,0,0.0,0.0,0.0,0.0,2.0,87.0,65.0,0.3684210526315789,0.6842105263157895,,,,,0.5,0.5,3.0,2.6666666666666665,2.0,0.3333333333333333,2.3333333333333335,0.3333333333333333,6.333333333333333,4.333333333333333,0.6666666666666666,0.0,0.0,0.0,0.0,0.0,1.3333333333333333,1.0,0.0,0.0,0.0,0.0,0.0,0.0,0.0,0.0,0.6666666666666666,29.0,21.666666666666668,0.6666666666666666
2023,000345,Jake Bernhardt,WHP,Whipsnakes,1,SSDM,Defensive Midfield,2023-09-04,2023-09-04,1.0,1.0,1.0,0.0,1.0,0.0,4.0,2,0.0,0.0,0.0,0.0,0.0,0.0,1.0,0.0,2.0,0,0,0,0.0,0.0,0.0,0.0,0.0,8.0,4.0,0.25,0.5,,,,,,,1.0,1.0,1.0,0.0,1.0,0.0,4.0,2.0,0.0,0.0,0.0,0.0,0.0,0.0,1.0,0.0,2.0,0.0,0.0,0.0,0.0,0.0,0.0,0.0,0.0,8.0,4.0,0.0
2023,000351,Jules Heningburg,RED,Redwoods,2,M,Midfield,2023-09-04,2023-09-10,3.0,2.0,2.0,0.0,2.0,1.0,8.0,4,0.0,0.0,0.0,0.0,0.0,0.0,0.0,2.0,0.0,0,0,0,0.0,0.0,0.0,0.0,7.0,40.0,30.0,0.25,0.5,,,,,0.14285714285714285,,1.5,1.0,1.0,0.0,1.0,0.5,4.0,2.0,0.0,0.0,0.0,0.0,0.0,0.0,0.0,1.0,0.0,0.0,0.0,0.0,0.0,0.0,0.0,0.0,3.5,20.0,15.0,3.5
2023,000353,Kyle Bernlohr,WHP,Whipsnakes,1,G,Goalie,2023-09-04,2023-09-04,0.0,0.0,0.0,0.0,0.0,0.0,0.0,0,0.0,2.0,1.0,1.0,10.0,27.169811320754715,1.0,0.0,0.0,0,0,0,10.0,0.0,0.0,0.0,1.0,2.0,2.0,,,,0.16666666666666666,50.0,0.08333333333333333,0.0,,0.0,0.0,0.0,0.0,0.0,0.0,0.0,0.0,0.0,2.0,1.0,1.0,10.0,27.169811320754715,1.0,0.0,0.0,0.0,0.0,0.0,10.0,0.0,0.0,0.0,1.0,2.0,2.0,1.0
2023,000354,Matt Rambo,WHP,Whipsnakes,1,A,Attack,2023-09-04,2023-09-04,1.0,1.0,1.0,0.0,1.0,0.0,5.0,1,0.0,0.0,0.0,0.0,0.0,0.0,1.0,1.0,0.0,0,0,0,0.0,0.0,0.0,0.0,3.0,23.0,17.0,0.2,0.2,,,,,0.0,,1.0,1.0,1.0,0.0,1.0,0.0,5.0,1.0,0.0,0.0,0.0,0.0,0.0,0.0,1.0,1.0,0.0,0.0,0.0,0.0,0.0,0.0,0.0,0.0,3.0,23.0,17.0,3.0
2023,000355,Matthew Dunn,WHP,Whipsnakes,1,D,Defense,2023-09-04,2023-09-04,0.0,0.0,0.0,0.0,0.0,0.0,0.0,0,0.0,0.0,0.0,0.0,0.0,0.0,0.0,0.0,0.0,0,0,0,0.0,0.0,0.0,0.0,0.0,4.0,4.0,,,,,,,,,0.0,0.0,0.0,0.0,0.0,0.0,0.0,0.0,0.0,0.0,0.0,0.0,0.0,0.0,0.0,0.0,0.0,0.0,0.0,0.0,0.0,0.0,0.0,0.0,0.0,4.0,4.0,0.0
2023,000356,Michael Ehrhardt,WHP,Whipsnakes,1,LSM,Long Stick Midfield,2023-09-04,2023-09-04,0.0,0.0,0.0,0.0,0.0,0.0,0.0,0,0.0,0.0,0.0,0.0,0.0,0.0,1.0,0.0,0.0,0,0,0,0.0,0.0,2.0,1.5,1.0,6.0,6.0,,,,,,,0.0,,0.0,0.0,0.0,0.0,0.0,0.0,0.0,0.0,0.0,0.0,0.0,0.0,0.0,0.0,1.0,0.0,0.0,0.0,0.0,0.0,0.0,0.0,2.0,1.5,1.0,6.0,6.0,1.0
2023,000357,Mike Chanenchuk,WHP,Whipsnakes,1,M,Midfield,2023-09-04,2023-09-04,2.0,2.0,2.0,0.0,2.0,0.0,5.0,4,3.0,0.0,0.0,0.0,0.0,0.0,1.0,1.0,0.0,0,0,0,0.0,0.0,0.0,0.0,0.0,22.0,16.0,0.4,0.8,,,,,,0.0,2.0,2.0,2.0,0.0,2.0,0.0,5.0,4.0,3.0,0.0,0.0,0.0,0.0,0.0,1.0,1.0,0.0,0.0,0.0,0.0,0.0,0.0,0.0,0.0,0.0,22.0,16.0,0.0
2023,000358,Ryan Drenner,CAN,Cannons,2,M,Midfield,2023-09-04,2023-09-10,2.0,2.0,2.0,0.0,2.0,0.0,9.0,6,0.0,0.0,0.0,0.0,0.0,0.0,1.0,1.0,0.0,0,0,0,0.0,0.0,0.0,0.0,2.0,43.0,33.0,0.2222222222222222,0.6666666666666666,,,,,0.0,,1.0,1.0,1.0,0.0,1.0,0.0,4.5,3.0,0.0,0.0,0.0,0.0,0.0,0.0,0.5,0.5,0.0,0.0,0.0,0.0,0.0,0.0,0.0,0.0,1.0,21.5,16.5,1.0
2023,000359,Tim Muller,WHP,Whipsnakes,1,D,Defense,2023-09-04,2023-09-04,1.0,0.0,0.0,0.0,0.0,1.0,0.0,0,0.0,0.0,0.0,0.0,0.0,0.0,1.0,0.0,1.0,0,0,0,0.0,0.0,0.0,0.0,1.0,7.0,7.0,,,,,,,1.0,,1.0,0.0,0.0,0.0,0.0,1.0,0.0,0.0,0.0,0.0,0.0,0.0,0.0,0.0,1.0,0.0,1.0,0.0,0.0,0.0,0.0,0.0,0.0,0.0,1.0,7.0,7.0,1.0
2023,000361,Tyler Warner,WHP,Whipsnakes,1,SSDM,Defensive Midfield,2023-09-04,2023-09-04,0.0,0.0,0.0,0.0,0.0,0.0,2.0,1,1.0,0.0,0.0,0.0,0.0,0.0,1.0,0.0,0.0,0,0,0,0.0,0.0,0.0,0.0,0.0,7.0,5.0,0.0,0.5,,,,,,0.0,0.0,0.0,0.0,0.0,0.0,0.0,2.0,1.0,1.0,0.0,0.0,0.0,0.0,0.0,1.0,0.0,0.0,0.0,0.0,0.0,0.0,0.0,0.0,0.0,0.0,7.0,5.0,0.0
2023,000363,Ryan Conrad,WAT,Waterdogs,3,M,Midfield,2023-09-04,2023-09-24,5.0,4.0,4.0,0.0,4.0,1.0,11.0,7,2.0,0.0,0.0,0.0,0.0,0.0,2.0,3.0,0.0,0,0,0,0.0,0.0,0.0,0.0,2.0,60.0,46.0,0.36363636363636365,0.6363636363636364,,,,,0.5,0.0,1.6666666666666667,1.3333333333333333,1.3333333333333333,0.0,1.3333333333333333,0.3333333333333333,3.6666666666666665,2.3333333333333335,0.6666666666666666,0.0,0.0,0.0,0.0,0.0,0.6666666666666666,1.0,0.0,0.0,0.0,0.0,0.0,0.0,0.0,0.0,0.6666666666666666,20.0,15.333333333333334,0.6666666666666666
2023,000365,Jack Rowlett,CHA,Chaos,1,D,Defense,2023-09-04,2023-09-04,0.0,0.0,0.0,0.0,0.0,0.0,0.0,0,0.0,0.0,0.0,0.0,0.0,0.0,2.0,0.0,1.0,0,0,0,0.0,0.0,0.0,0.0,0.0,10.0,10.0,,,,,,,,,0.0,0.0,0.0,0.0,0.0,0.0,0.0,0.0,0.0,0.0,0.0,0.0,0.0,0.0,2.0,0.0,1.0,0.0,0.0,0.0,0.0,0.0,0.0,0.0,0.0,10.0,10.0,0.0
2023,000368,Chris Sabia,WAT,Waterdogs,3,LSM,Long Stick Midfield,2023-09-04,2023-09-24,0.0,0.0,0.0,0.0,0.0,0.0,0.0,0,0.0,0.0,0.0,0.0,0.0,0.0,2.0,0.0,3.0,0,0,0,0.0,0.0,2.0,1.5,0.0,27.0,27.0,,,,,,,,,0.0,0.0,0.0,0.0,0.0,0.0,0.0,0.0,0.0,0.0,0.0,0.0,0.0,0.0,0.6666666666666666,0.0,1.0,0.0,0.0,0.0,0.0,0.0,0.6666666666666666,0.5,0.0,9.0,9.0,0.0
2023,000370,Tim Troutner,RED,Redwoods,2,G,Goalie,2023-09-04,2023-09-10,1.0,0.0,0.0,0.0,0.0,1.0,0.0,0,0.0,3.0,2.0,1.0,6.0,35.631663974151856,3.0,0.0,1.0,0,0,0,5.0,1.0,0.0,0.0,1.0,11.0,11.0,,,,0.375,66.66666666666666,0.25,1.0,,0.5,0.0,0.0,0.0,0.0,0.5,0.0,0.0,0.0,1.5,1.0,0.5,3.0,17.815831987075928,1.5,0.0,0.5,0.0,0.0,0.0,2.5,0.5,0.0,0.0,0.5,5.5,5.5,0.5
2023,000373,Ryder Garnsey,RED,Redwoods,2,A,Attack,2023-09-04,2023-09-10,2.0,0.0,0.0,0.0,0.0,2.0,6.0,2,1.0,0.0,0.0,0.0,0.0,0.0,4.0,4.0,0.0,0,0,0,0.0,0.0,0.0,0.0,4.0,73.0,63.0,0.0,0.3333333333333333,,,,,0.5,0.0,1.0,0.0,0.0,0.0,0.0,1.0,3.0,1.0,0.5,0.0,0.0,0.0,0.0,0.0,2.0,2.0,0.0,0.0,0.0,0.0,0.0,0.0,0.0,0.0,2.0,36.5,31.5,2.0
2023,000376,Cade van Raaphorst,CAN,Cannons,2,D,Defense,2023-09-04,2023-09-10,0.0,0.0,0.0,0.0,0.0,0.0,1.0,0,0.0,0.0,0.0,0.0,0.0,0.0,11.0,2.0,4.0,0,0,0,0.0,0.0,0.0,0.0,0.0,29.0,26.0,0.0,0.0,,,,,,,0.0,0.0,0.0,0.0,0.0,0.0,0.5,0.0,0.0,0.0,0.0,0.0,0.0,0.0,5.5,1.0,2.0,0.0,0.0,0.0,0.0,0.0,0.0,0.0,0.0,14.5,13.0,0.0
2023,000385,Wes Berg,RED,Redwoods,2,A,Attack,2023-09-04,2023-09-10,7.0,7.0,7.0,0.0,7.0,0.0,14.0,10,0.0,0.0,0.0,0.0,0.0,0.0,1.0,1.0,1.0,0,0,0,0.0,0.0,0.0,0.0,0.0,21.0,6.0,0.5,0.7142857142857143,,,,,,,3.5,3.5,3.5,0.0,3.5,0.0,7.0,5.0,0.0,0.0,0.0,0.0,0.0,0.0,0.5,0.5,0.5,0.0,0.0,0.0,0.0,0.0,0.0,0.0,0.0,10.5,3.0,0.0
2023,000390,Brad Smith,WHP,Whipsnakes,1,M,Midfield,2023-09-04,2023-09-04,1.0,1.0,1.0,0.0,1.0,0.0,1.0,1,0.0,0.0,0.0,0.0,0.0,0.0,0.0,2.0,0.0,0,0,0,0.0,0.0,0.0,0.0,0.0,18.0,15.0,1.0,1.0,,,,,,,1.0,1.0,1.0,0.0,1.0,0.0,1.0,1.0,0.0,0.0,0.0,0.0,0.0,0.0,0.0,2.0,0.0,0.0,0.0,0.0,0.0,0.0,0.0,0.0,0.0,18.0,15.0,0.0
2023,000391,Grant Ament,ARC,Archers,2,M,Midfield,2023-09-10,2023-09-24,11.0,6.0,4.0,1.0,5.0,5.0,9.0,7,2.0,0.0,0.0,0.0,0.0,0.0,1.0,8.0,0.0,0,0,0,0.0,0.0,0.0,0.0,13.0,75.0,58.0,0.5555555555555556,0.7777777777777778,,,,,0.38461538461538464,0.5,5.5,3.0,2.0,0.5,2.5,2.5,4.5,3.5,1.0,0.0,0.0,0.0,0.0,0.0,0.5,4.0,0.0,0.0,0.0,0.0,0.0,0.0,0.0,0.0,6.5,37.5,29.0,6.5
2023,000395,Bryan Costabile,ATL,Atlas,1,M,Midfield,2023-09-04,2023-09-04,2.0,0.0,0.0,0.0,0.0,2.0,4.0,2,1.0,0.0,0.0,0.0,0.0,0.0,1.0,4.0,0.0,0,0,0,0.0,0.0,0.0,0.0,3.0,22.0,14.0,0.0,0.5,,,,,0.6666666666666666,0.0,2.0,0.0,0.0,0.0,0.0,2.0,4.0,2.0,1.0,0.0,0.0,0.0,0.0,0.0,1.0,4.0,0.0,0.0,0.0,0.0,0.0,0.0,0.0,0.0,3.0,22.0,14.0,3.0
2023,000408,Matt DeLuca,WAT,Waterdogs,2,G,Goalie,2023-09-10,2023-09-24,0.0,0.0,0.0,0.0,0.0,0.0,0.0,0,0.0,5.0,2.0,3.0,1.0,7.89041095890411,1.0,0.0,0.0,0,0,0,1.0,0.0,0.0,0.0,0.0,6.0,6.0,,,,0.8333333333333334,40.0,0.3333333333333333,,,0.0,0.0,0.0,0.0,0.0,0.0,0.0,0.0,0.0,2.5,1.0,1.5,0.5,3.945205479452055,0.5,0.0,0.0,0.0,0.0,0.0,0.5,0.0,0.0,0.0,0.0,3.0,3.0,0.0
2023,000409,Zach Currier,WAT,Waterdogs,3,M,Midfield,2023-09-04,2023-09-24,7.0,5.0,5.0,0.0,5.0,2.0,13.0,10,1.0,0.0,0.0,0.0,0.0,0.0,24.0,3.0,3.0,30,18,48,0.0,0.0,0.0,0.0,7.0,59.0,43.0,0.38461538461538464,0.7692307692307693,0.625,,,,0.2857142857142857,0.0,2.3333333333333335,1.6666666666666667,1.6666666666666667,0.0,1.6666666666666667,0.6666666666666666,4.333333333333333,3.3333333333333335,0.3333333333333333,0.0,0.0,0.0,0.0,0.0,8.0,1.0,1.0,10.0,6.0,16.0,0.0,0.0,0.0,0.0,2.3333333333333335,19.666666666666668,14.333333333333334,2.3333333333333335
2023,000410,Eli Gobrecht,WAT,Waterdogs,3,D,Defense,2023-09-04,2023-09-24,0.0,0.0,0.0,0.0,0.0,0.0,2.0,0,0.0,0.0,0.0,0.0,0.0,0.0,5.0,0.0,4.0,5,32,39,0.0,0.0,0.0,0.0,1.0,10.0,8.0,0.0,0.0,0.1282051282051282,,,,0.0,,0.0,0.0,0.0,0.0,0.0,0.0,0.6666666666666666,0.0,0.0,0.0,0.0,0.0,0.0,0.0,1.6666666666666667,0.0,1.3333333333333333,1.6666666666666667,10.666666666666666,13.0,0.0,0.0,0.0,0.0,0.3333333333333333,3.3333333333333335,2.6666666666666665,0.3333333333333333
2023,000414,Rob Pannell,RED,Redwoods,2,A,Attack,2023-09-04,2023-09-10,6.0,3.0,1.0,1.0,2.0,3.0,15.0,7,4.0,0.0,0.0,0.0,0.0,0.0,3.0,6.0,1.0,0,0,0,0.0,0.0,0.0,0.0,13.0,90.0,69.0,0.13333333333333333,0.4666666666666667,,,,,0.23076923076923078,0.25,3.0,1.5,0.5,0.5,1.0,1.5,7.5,3.5,2.0,0.0,0.0,0.0,0.0,0.0,1.5,3.0,0.5,0.0,0.0,0.0,0.0,0.0,0.0,0.0,6.5,45.0,34.5,6.5
2023,000416,Ryland Rees,WAT,Waterdogs,3,LSM,Long Stick Midfield,2023-09-04,2023-09-24,0.0,0.0,0.0,0.0,0.0,0.0,3.0,2,3.0,0.0,0.0,0.0,0.0,0.0,5.0,0.0,0.0,0,0,0,0.0,0.0,1.0,0.5,0.0,10.0,7.0,0.0,0.6666666666666666,,,,,,0.0,0.0,0.0,0.0,0.0,0.0,0.0,1.0,0.6666666666666666,1.0,0.0,0.0,0.0,0.0,0.0,1.6666666666666667,0.0,0.0,0.0,0.0,0.0,0.0,0.0,0.3333333333333333,0.16666666666666666,0.0,3.3333333333333335,2.3333333333333335,0.0
2023,000418,Dillon Ward,WAT,Waterdogs,3,G,Goalie,2023-09-04,2023-09-24,0.0,0.0,0.0,0.0,0.0,0.0,0.0,0,0.0,38.0,14.0,24.0,32.0,34.639839737863454,5.0,1.0,1.0,0,0,0,30.0,2.0,0.0,0.0,0.0,32.0,31.0,,,,0.5588235294117647,36.84210526315789,0.20588235294117646,,,0.0,0.0,0.0,0.0,0.0,0.0,0.0,0.0,0.0,12.666666666666666,4.666666666666667,8.0,10.666666666666666,11.546613245954484,1.6666666666666667,0.3333333333333333,0.3333333333333333,0.0,0.0,0.0,10.0,0.6666666666666666,0.0,0.0,0.0,10.666666666666666,10.333333333333334,0.0
2023,000419,Zed Williams,WHP,Whipsnakes,1,A,Attack,2023-09-04,2023-09-04,2.0,2.0,2.0,0.0,2.0,0.0,6.0,4,1.0,0.0,0.0,0.0,0.0,0.0,0.0,1.0,0.0,0,0,0,0.0,0.0,1.0,0.5,1.0,16.0,9.0,0.3333333333333333,0.6666666666666666,,,,,0.0,0.0,2.0,2.0,2.0,0.0,2.0,0.0,6.0,4.0,1.0,0.0,0.0,0.0,0.0,0.0,0.0,1.0,0.0,0.0,0.0,0.0,0.0,0.0,1.0,0.5,1.0,16.0,9.0,1.0
2023,000424,Jake Pulver,CAN,Cannons,2,D,Defense,2023-09-04,2023-09-10,0.0,0.0,0.0,0.0,0.0,0.0,0.0,0,0.0,0.0,0.0,0.0,0.0,0.0,0.0,0.0,2.0,3,16,19,0.0,0.0,0.0,0.0,0.0,2.0,2.0,,,0.15789473684210525,,,,,,0.0,0.0,0.0,0.0,0.0,0.0,0.0,0.0,0.0,0.0,0.0,0.0,0.0,0.0,0.0,0.0,1.0,1.5,8.0,9.5,0.0,0.0,0.0,0.0,0.0,1.0,1.0,0.0
2023,000614,Brian Phipps,WHP,Whipsnakes,1,G,Goalie,2023-09-04,2023-09-04,0.0,0.0,0.0,0.0,0.0,0.0,0.0,0,0.0,5.0,1.0,4.0,5.0,7.912087912087912,2.0,0.0,0.0,0,0,0,5.0,0.0,0.0,0.0,0.0,8.0,8.0,,,,0.5,20.0,0.1,,,0.0,0.0,0.0,0.0,0.0,0.0,0.0,0.0,0.0,5.0,1.0,4.0,5.0,7.912087912087912,2.0,0.0,0.0,0.0,0.0,0.0,5.0,0.0,0.0,0.0,0.0,8.0,8.0,0.0
2023,000727,CJ Costabile,CHA,Chaos,1,LSM,Long Stick Midfield,2023-09-04,2023-09-04,0.0,0.0,0.0,0.0,0.0,0.0,2.0,1,1.0,0.0,0.0,0.0,0.0,0.0,3.0,0.0,0.0,1,0,1,0.0,0.0,0.0,0.0,1.0,4.0,2.0,0.0,0.5,1.0,,,,0.0,0.0,0.0,0.0,0.0,0.0,0.0,0.0,2.0,1.0,1.0,0.0,0.0,0.0,0.0,0.0,3.0,0.0,0.0,1.0,0.0,1.0,0.0,0.0,0.0,0.0,1.0,4.0,2.0,1.0
2023,000921,Challen Rogers,ARC,Archers,2,M,Midfield,2023-09-10,2023-09-24,2.0,0.0,0.0,0.0,0.0,2.0,1.0,0,0.0,0.0,0.0,0.0,0.0,0.0,6.0,2.0,1.0,0,0,0,0.0,0.0,0.0,0.0,3.0,12.0,9.0,0.0,0.0,,,,,0.6666666666666666,,1.0,0.0,0.0,0.0,0.0,1.0,0.5,0.0,0.0,0.0,0.0,0.0,0.0,0.0,3.0,1.0,0.5,0.0,0.0,0.0,0.0,0.0,0.0,0.0,1.5,6.0,4.5,1.5
2023,000922,Graeme Hossack,ARC,Archers,2,D,Defense,2023-09-10,2023-09-24,0.0,0.0,0.0,0.0,0.0,0.0,1.0,0,1.0,0.0,0.0,0.0,0.0,0.0,6.0,0.0,2.0,1,0,1,0.0,0.0,2.0,1.5,0.0,12.0,11.0,0.0,0.0,1.0,,,,,0.0,0.0,0.0,0.0,0.0,0.0,0.0,0.5,0.0,0.5,0.0,0.0,0.0,0.0,0.0,3.0,0.0,1.0,0.5,0.0,0.5,0.0,0.0,1.0,0.75,0.0,6.0,5.5,0.0
2023,000925,Liam Byrnes,WAT,Waterdogs,3,D,Defense,2023-09-04,2023-09-24,0.0,0.0,0.0,0.0,0.0,0.0,1.0,0,1.0,0.0,0.0,0.0,0.0,0.0,17.0,3.0,0.0,0,0,0,0.0,0.0,1.0,1.0,0.0,33.0,29.0,0.0,0.0,,,,,,0.0,0.0,0.0,0.0,0.0,0.0,0.0,0.3333333333333333,0.0,0.3333333333333333,0.0,0.0,0.0,0.0,0.0,5.666666666666667,1.0,0.0,0.0,0.0,0.0,0.0,0.0,0.3333333333333333,0.3333333333333333,0.0,11.0,9.666666666666666,0.0
2023,000978,Kyle Jackson,CHA,Chaos,1,M,Midfield,2023-09-04,2023-09-04,0.0,0.0,0.0,0.0,0.0,0.0,1.0,1,1.0,0.0,0.0,0.0,0.0,0.0,1.0,0.0,0.0,0,0,0,0.0,0.0,0.0,0.0,2.0,12.0,11.0,0.0,1.0,,,,,0.0,0.0,0.0,0.0,0.0,0.0,0.0,0.0,1.0,1.0,1.0,0.0,0.0,0.0,0.0,0.0,1.0,0.0,0.0,0.0,0.0,0.0,0.0,0.0,0.0,0.0,2.0,12.0,11.0,2.0
2023,001001,Dylan Molloy,ATL,Atlas,1,M,Midfield,2023-09-04,2023-09-04,0.0,0.0,0.0,0.0,0.0,0.0,1.0,1,0.0,0.0,0.0,0.0,0.0,0.0,0.0,2.0,0.0,0,0,0,0.0,0.0,0.0,0.0,1.0,7.0,4.0,0.0,1.0,,,,,0.0,,0.0,0.0,0.0,0.0,0.0,0.0,1.0,1.0,0.0,0.0,0.0,0.0,0.0,0.0,0.0,2.0,0.0,0.0,0.0,0.0,0.0,0.0,0.0,0.0,1.0,7.0,4.0,1.0
2023,001010,Isaiah Davis-Allen,RED,Redwoods,2,SSDM,Defensive Midfield,2023-09-04,2023-09-10,0.0,0.0,0.0,0.0,0.0,0.0,1.0,0,0.0,0.0,0.0,0.0,0.0,0.0,0.0,0.0,1.0,2,3,5,0.0,0.0,0.0,0.0,0.0,7.0,6.0,0.0,0.0,0.4,,,,,,0.0,0.0,0.0,0.0,0.0,0.0,0.5,0.0,0.0,0.0,0.0,0.0,0.0,0.0,0.0,0.0,0.5,1.0,1.5,2.5,0.0,0.0,0.0,0.0,0.0,3.5,3.0,0.0
2023,001397,Michael Rexrode,ATL,Atlas,1,D,Defense,2023-09-04,2023-09-04,0.0,0.0,0.0,0.0,0.0,0.0,0.0,0,0.0,0.0,0.0,0.0,0.0,0.0,1.0,0.0,0.0,0,0,0,0.0,0.0,0.0,0.0,0.0,4.0,4.0,,,,,,,,,0.0,0.0,0.0,0.0,0.0,0.0,0.0,0.0,0.0,0.0,0.0,0.0,0.0,0.0,1.0,0.0,0.0,0.0,0.0,0.0,0.0,0.0,0.0,0.0,0.0,4.0,4.0,0.0
2023,001406,Ben Randall,WAT,Waterdogs,3,D,Defense,2023-09-04,2023-09-24,0.0,0.0,0.0,0.0,0.0,0.0,0.0,0,0.0,0.0,0.0,0.0,0.0,0.0,4.0,0.0,3.0,0,0,0,0.0,0.0,0.0,0.0,0.0,23.0,23.0,,,,,,,,,0.0,0.0,0.0,0.0,0.0,0.0,0.0,0.0,0.0,0.0,0.0,0.0,0.0,0.0,1.3333333333333333,0.0,1.0,0.0,0.0,0.0,0.0,0.0,0.0,0.0,0.0,7.666666666666667,7.666666666666667,0.0
2023,001661,Warren Jeffrey,ARC,Archers,2,D,Defense,2023-09-10,2023-09-24,0.0,0.0,0.0,0.0,0.0,0.0,0.0,0,0.0,0.0,0.0,0.0,0.0,0.0,4.0,1.0,1.0,0,0,0,0.0,0.0,0.0,0.0,0.0,12.0,11.0,,,,,,,,,0.0,0.0,0.0,0.0,0.0,0.0,0.0,0.0,0.0,0.0,0.0,0.0,0.0,0.0,2.0,0.5,0.5,0.0,0.0,0.0,0.0,0.0,0.0,0.0,0.0,6.0,5.5,0.0
2023,001671,Zach Goodrich,CAN,Cannons,2,SSDM,Defensive Midfield,2023-09-04,2023-09-10,0.0,0.0,0.0,0.0,0.0,0.0,0.0,0,0.0,0.0,0.0,0.0,0.0,0.0,1.0,0.0,1.0,3,0,3,0.0,0.0,0.0,0.0,0.0,5.0,5.0,,,1.0,,,,,,0.0,0.0,0.0,0.0,0.0,0.0,0.0,0.0,0.0,0.0,0.0,0.0,0.0,0.0,0.5,0.0,0.5,1.5,0.0,1.5,0.0,0.0,0.0,0.0,0.0,2.5,2.5,0.0
2023,001707,Matt Whitcher,WAT,Waterdogs,3,SSDM,Defensive Midfield,2023-09-04,2023-09-24,1.0,1.0,1.0,0.0,1.0,0.0,1.0,1,0.0,0.0,0.0,0.0,0.0,0.0,2.0,2.0,1.0,0,0,0,0.0,0.0,1.0,0.5,0.0,18.0,15.0,1.0,1.0,,,,,,,0.3333333333333333,0.3333333333333333,0.3333333333333333,0.0,0.3333333333333333,0.0,0.3333333333333333,0.3333333333333333,0.0,0.0,0.0,0.0,0.0,0.0,0.6666666666666666,0.6666666666666666,0.3333333333333333,0.0,0.0,0.0,0.0,0.0,0.3333333333333333,0.16666666666666666,0.0,6.0,5.0,0.0
2023,001729,Chris Aslanian,CAN,Cannons,2,M,Midfield,2023-09-04,2023-09-10,3.0,2.0,0.0,1.0,1.0,1.0,5.0,1,3.0,0.0,0.0,0.0,0.0,0.0,0.0,4.0,0.0,0,0,0,0.0,0.0,0.0,0.0,3.0,30.0,21.0,0.2,0.2,,,,,0.3333333333333333,0.3333333333333333,1.5,1.0,0.0,0.5,0.5,0.5,2.5,0.5,1.5,0.0,0.0,0.0,0.0,0.0,0.0,2.0,0.0,0.0,0.0,0.0,0.0,0.0,0.0,0.0,1.5,15.0,10.5,1.5
2023,001733,Charlie Hayes,WAT,Waterdogs,3,SSDM,Defensive Midfield,2023-09-04,2023-09-24,1.0,1.0,1.0,0.0,1.0,0.0,1.0,1,0.0,0.0,0.0,0.0,0.0,0.0,2.0,2.0,0.0,0,0,0,0.0,0.0,0.0,0.0,0.0,16.0,13.0,1.0,1.0,,,,,,,0.3333333333333333,0.3333333333333333,0.3333333333333333,0.0,0.3333333333333333,0.0,0.3333333333333333,0.3333333333333333,0.0,0.0,0.0,0.0,0.0,0.0,0.6666666666666666,0.6666666666666666,0.0,0.0,0.0,0.0,0.0,0.0,0.0,0.0,0.0,5.333333333333333,4.333333333333333,0.0
2023,001760,Pat Aslanian,CAN,Cannons,2,SSDM,Defensive Midfield,2023-09-04,2023-09-10,2.0,2.0,0.0,1.0,1.0,0.0,4.0,1,4.0,0.0,0.0,0.0,0.0,0.0,3.0,0.0,0.0,0,0,0,0.0,0.0,1.0,0.5,0.0,14.0,10.0,0.25,0.25,,,,,,0.25,1.0,1.0,0.0,0.5,0.5,0.0,2.0,0.5,2.0,0.0,0.0,0.0,0.0,0.0,1.5,0.0,0.0,0.0,0.0,0.0,0.0,0.0,0.5,0.25,0.0,7.0,5.0,0.0
2023,001793,Chase Fraser,CHA,Chaos,1,A,Attack,2023-09-04,2023-09-04,0.0,0.0,0.0,0.0,0.0,0.0,2.0,1,1.0,0.0,0.0,0.0,0.0,0.0,0.0,1.0,0.0,0,0,0,0.0,0.0,0.0,0.0,0.0,9.0,6.0,0.0,0.5,,,,,,0.0,0.0,0.0,0.0,0.0,0.0,0.0,2.0,1.0,1.0,0.0,0.0,0.0,0.0,0.0,0.0,1.0,0.0,0.0,0.0,0.0,0.0,0.0,0.0,0.0,0.0,9.0,6.0,0.0
2023,001795,Christian Scarpello,WAT,Waterdogs,3,SSDM,Defensive Midfield,2023-09-04,2023-09-24,0.0,0.0,0.0,0.0,0.0,0.0,2.0,2,0.0,0.0,0.0,0.0,0.0,0.0,5.0,0.0,0.0,0,0,0,0.0,0.0,0.0,0.0,0.0,24.0,22.0,0.0,1.0,,,,,,,0.0,0.0,0.0,0.0,0.0,0.0,0.6666666666666666,0.6666666666666666,0.0,0.0,0.0,0.0,0.0,0.0,1.6666666666666667,0.0,0.0,0.0,0.0,0.0,0.0,0.0,0.0,0.0,0.0,8.0,7.333333333333333,0.0
2023,001809,Jeff Teat,ATL,Atlas,1,A,Attack,2023-09-04,2023-09-04,3.0,2.0,2.0,0.0,2.0,1.0,7.0,4,0.0,0.0,0.0,0.0,0.0,0.0,1.0,2.0,0.0,0,0,0,0.0,0.0,0.0,0.0,4.0,25.0,16.0,0.2857142857142857,0.5714285714285714,,,,,0.25,,3.0,2.0,2.0,0.0,2.0,1.0,7.0,4.0,0.0,0.0,0.0,0.0,0.0,0.0,1.0,2.0,0.0,0.0,0.0,0.0,0.0,0.0,0.0,0.0,4.0,25.0,16.0,4.0
2023,001810,Michael Sowers,WAT,Waterdogs,3,A,Attack,2023-09-04,2023-09-24,17.0,10.0,10.0,0.0,10.0,7.0,24.0,17,1.0,0.0,0.0,0.0,0.0,0.0,1.0,9.0,1.0,0,0,0,0.0,0.0,0.0,0.0,15.0,114.0,81.0,0.4166666666666667,0.7083333333333334,,,,,0.4666666666666667,0.0,5.666666666666667,3.3333333333333335,3.3333333333333335,0.0,3.3333333333333335,2.3333333333333335,8.0,5.666666666666667,0.3333333333333333,0.0,0.0,0.0,0.0,0.0,0.3333333333333333,3.0,0.3333333333333333,0.0,0.0,0.0,0.0,0.0,0.0,0.0,5.0,38.0,27.0,5.0
2023,001812,TD Ierlan,RED,Redwoods,2,FO,Faceoff,2023-09-04,2023-09-10,1.0,1.0,1.0,0.0,1.0,0.0,3.0,3,0.0,0.0,0.0,0.0,0.0,0.0,11.0,0.0,0.0,21,14,35,0.0,0.0,0.0,0.0,3.0,12.0,9.0,0.3333333333333333,1.0,0.6,,,,0.0,,0.5,0.5,0.5,0.0,0.5,0.0,1.5,1.5,0.0,0.0,0.0,0.0,0.0,0.0,5.5,0.0,0.0,10.5,7.0,17.5,0.0,0.0,0.0,0.0,1.5,6.0,4.5,1.5
2023,001813,Jared Conners,ARC,Archers,2,LSM,Long Stick Midfield,2023-09-10,2023-09-24,0.0,0.0,0.0,0.0,0.0,0.0,5.0,2,3.0,0.0,0.0,0.0,0.0,0.0,3.0,1.0,2.0,0,2,2,0.0,0.0,1.0,0.5,0.0,19.0,13.0,0.0,0.4,0.0,,,,,0.0,0.0,0.0,0.0,0.0,0.0,0.0,2.5,1.0,1.5,0.0,0.0,0.0,0.0,0.0,1.5,0.5,1.0,0.0,1.0,1.0,0.0,0.0,0.5,0.25,0.0,9.5,6.5,0.0
2023,001814,Mac O'Keefe,ARC,Archers,2,A,Attack,2023-09-10,2023-09-24,7.0,6.0,6.0,0.0,6.0,1.0,19.0,12,3.0,0.0,0.0,0.0,0.0,0.0,4.0,5.0,0.0,0,0,0,0.0,0.0,1.0,0.5,1.0,49.0,25.0,0.3157894736842105,0.631578947368421,,,,,1.0,0.0,3.5,3.0,3.0,0.0,3.0,0.5,9.5,6.0,1.5,0.0,0.0,0.0,0.0,0.0,2.0,2.5,0.0,0.0,0.0,0.0,0.0,0.0,0.5,0.25,0.5,24.5,12.5,0.5
2023,001815,Connor Kirst,WHP,Whipsnakes,1,SSDM,Defensive Midfield,2023-09-04,2023-09-04,1.0,0.0,0.0,0.0,0.0,1.0,4.0,3,2.0,0.0,0.0,0.0,0.0,0.0,1.0,0.0,0.0,0,0,0,0.0,0.0,0.0,0.0,1.0,8.0,4.0,0.0,0.75,,,,,1.0,0.0,1.0,0.0,0.0,0.0,0.0,1.0,4.0,3.0,2.0,0.0,0.0,0.0,0.0,0.0,1.0,0.0,0.0,0.0,0.0,0.0,0.0,0.0,0.0,0.0,1.0,8.0,4.0,1.0
2023,001817,Jack Kielty,CAN,Cannons,2,D,Defense,2023-09-04,2023-09-10,0.0,0.0,0.0,0.0,0.0,0.0,0.0,0,0.0,0.0,0.0,0.0,0.0,0.0,5.0,0.0,1.0,0,0,0,0.0,0.0,0.0,0.0,0.0,24.0,24.0,,,,,,,,,0.0,0.0,0.0,0.0,0.0,0.0,0.0,0.0,0.0,0.0,0.0,0.0,0.0,0.0,2.5,0.0,0.5,0.0,0.0,0.0,0.0,0.0,0.0,0.0,0.0,12.0,12.0,0.0
2023,001818,Jake Carraway,WAT,Waterdogs,2,M,Midfield,2023-09-10,2023-09-24,4.0,4.0,2.0,1.0,3.0,0.0,7.0,5,4.0,0.0,0.0,0.0,0.0,0.0,1.0,0.0,0.0,0,0,0,0.0,0.0,0.0,0.0,0.0,40.0,33.0,0.42857142857142855,0.7142857142857143,,,,,,0.25,2.0,2.0,1.0,0.5,1.5,0.0,3.5,2.5,2.0,0.0,0.0,0.0,0.0,0.0,0.5,0.0,0.0,0.0,0.0,0.0,0.0,0.0,0.0,0.0,0.0,20.0,16.5,0.0
2023,001819,Danny Logan,ATL,Atlas,1,SSDM,Defensive Midfield,2023-09-04,2023-09-04,1.0,0.0,0.0,0.0,0.0,1.0,1.0,1,0.0,0.0,0.0,0.0,0.0,0.0,1.0,0.0,0.0,0,0,0,0.0,0.0,0.0,0.0,1.0,2.0,1.0,0.0,1.0,,,,,1.0,,1.0,0.0,0.0,0.0,0.0,1.0,1.0,1.0,0.0,0.0,0.0,0.0,0.0,0.0,1.0,0.0,0.0,0.0,0.0,0.0,0.0,0.0,0.0,0.0,1.0,2.0,1.0,1.0
2023,001821,Tre Leclaire,ARC,Archers,2,M,Midfield,2023-09-10,2023-09-24,8.0,6.0,4.0,1.0,5.0,2.0,8.0,7,2.0,0.0,0.0,0.0,0.0,0.0,5.0,2.0,0.0,0,0,0,0.0,0.0,0.0,0.0,4.0,34.0,24.0,0.625,0.875,,,,,0.5,0.5,4.0,3.0,2.0,0.5,2.5,1.0,4.0,3.5,1.0,0.0,0.0,0.0,0.0,0.0,2.5,1.0,0.0,0.0,0.0,0.0,0.0,0.0,0.0,0.0,2.0,17.0,12.0,2.0
2023,001826,Jeff Trainor,CAN,Cannons,2,SSDM,Defensive Midfield,2023-09-04,2023-09-10,1.0,1.0,1.0,0.0,1.0,0.0,2.0,2,0.0,0.0,0.0,0.0,0.0,0.0,1.0,1.0,3.0,0,0,0,0.0,0.0,0.0,0.0,1.0,17.0,14.0,0.5,1.0,,,,,0.0,,0.5,0.5,0.5,0.0,0.5,0.0,1.0,1.0,0.0,0.0,0.0,0.0,0.0,0.0,0.5,0.5,1.5,0.0,0.0,0.0,0.0,0.0,0.0,0.0,0.5,8.5,7.0,0.5
2023,001831,Colin Squires,WHP,Whipsnakes,1,LSM,Long Stick Midfield,2023-09-04,2023-09-04,0.0,0.0,0.0,0.0,0.0,0.0,0.0,0,0.0,0.0,0.0,0.0,0.0,0.0,2.0,0.0,0.0,0,2,2,0.0,0.0,0.0,0.0,1.0,2.0,2.0,,,0.0,,,,0.0,,0.0,0.0,0.0,0.0,0.0,0.0,0.0,0.0,0.0,0.0,0.0,0.0,0.0,0.0,2.0,0.0,0.0,0.0,2.0,2.0,0.0,0.0,0.0,0.0,1.0,2.0,2.0,1.0
2023,001832,Charlie Bertrand,RED,Redwoods,2,M,Midfield,2023-09-04,2023-09-10,3.0,2.0,2.0,0.0,2.0,1.0,12.0,6,1.0,0.0,0.0,0.0,0.0,0.0,0.0,1.0,0.0,0,0,0,0.0,0.0,0.0,0.0,5.0,41.0,28.0,0.16666666666666666,0.5,,,,,0.2,0.0,1.5,1.0,1.0,0.0,1.0,0.5,6.0,3.0,0.5,0.0,0.0,0.0,0.0,0.0,0.0,0.5,0.0,0.0,0.0,0.0,0.0,0.0,0.0,0.0,2.5,20.5,14.0,2.5
2023,001835,Ethan Walker,WAT,Waterdogs,3,A,Attack,2023-09-04,2023-09-24,8.0,4.0,4.0,0.0,4.0,4.0,10.0,7,0.0,0.0,0.0,0.0,0.0,0.0,3.0,2.0,0.0,0,0,0,0.0,0.0,0.0,0.0,15.0,105.0,93.0,0.4,0.7,,,,,0.26666666666666666,,2.6666666666666665,1.3333333333333333,1.3333333333333333,0.0,1.3333333333333333,1.3333333333333333,3.3333333333333335,2.3333333333333335,0.0,0.0,0.0,0.0,0.0,0.0,1.0,0.6666666666666666,0.0,0.0,0.0,0.0,0.0,0.0,0.0,0.0,5.0,35.0,31.0,5.0
2023,001836,Jackson Morrill,WHP,Whipsnakes,1,A,Attack,2023-09-04,2023-09-04,1.0,1.0,1.0,0.0,1.0,0.0,2.0,2,0.0,0.0,0.0,0.0,0.0,0.0,1.0,3.0,0.0,0,0,0,0.0,0.0,0.0,0.0,3.0,38.0,33.0,0.5,1.0,,,,,0.0,,1.0,1.0,1.0,0.0,1.0,0.0,2.0,2.0,0.0,0.0,0.0,0.0,0.0,0.0,1.0,3.0,0.0,0.0,0.0,0.0,0.0,0.0,0.0,0.0,3.0,38.0,33.0,3.0
2023,001838,Ryan Smith,CHA,Chaos,1,M,Midfield,2023-09-04,2023-09-04,3.0,2.0,2.0,0.0,2.0,1.0,7.0,5,0.0,0.0,0.0,0.0,0.0,0.0,1.0,1.0,0.0,0,0,0,0.0,0.0,0.0,0.0,3.0,23.0,15.0,0.2857142857142857,0.7142857142857143,,,,,0.3333333333333333,,3.0,2.0,2.0,0.0,2.0,1.0,7.0,5.0,0.0,0.0,0.0,0.0,0.0,0.0,1.0,1.0,0.0,0.0,0.0,0.0,0.0,0.0,0.0,0.0,3.0,23.0,15.0,3.0
2023,002006,Reid Bowering,ARC,Archers,1,M,Midfield,2023-09-24,2023-09-24,1.0,1.0,1.0,0.0,1.0,0.0,1.0,1,0.0,0.0,0.0,0.0,0.0,0.0,0.0,1.0,0.0,0,0,0,0.0,0.0,0.0,0.0,0.0,7.0,5.0,1.0,1.0,,,,,,,1.0,1.0,1.0,0.0,1.0,0.0,1.0,1.0,0.0,0.0,0.0,0.0,0.0,0.0,0.0,1.0,0.0,0.0,0.0,0.0,0.0,0.0,0.0,0.0,0.0,7.0,5.0,0.0
2023,002014,Drake Porter,ATL,Atlas,1,G,Goalie,2023-09-04,2023-09-04,0.0,0.0,0.0,0.0,0.0,0.0,0.0,0,0.0,2.0,0.0,2.0,5.0,12.286689419795222,2.0,1.0,0.0,0,0,0,5.0,0.0,0.0,0.0,0.0,4.0,3.0,,,,0.2857142857142857,0.0,0.0,,,0.0,0.0,0.0,0.0,0.0,0.0,0.0,0.0,0.0,2.0,0.0,2.0,5.0,12.286689419795222,2.0,1.0,0.0,0.0,0.0,0.0,5.0,0.0,0.0,0.0,0.0,4.0,3.0,0.0
2023,002016,Chris Gray,ATL,Atlas,1,A,Attack,2023-09-04,2023-09-04,2.0,0.0,0.0,0.0,0.0,2.0,6.0,4,0.0,0.0,0.0,0.0,0.0,0.0,2.0,2.0,0.0,0,0,0,0.0,0.0,0.0,0.0,5.0,21.0,13.0,0.0,0.6666666666666666,,,,,0.4,,2.0,0.0,0.0,0.0,0.0,2.0,6.0,4.0,0.0,0.0,0.0,0.0,0.0,0.0,2.0,2.0,0.0,0.0,0.0,0.0,0.0,0.0,0.0,0.0,5.0,21.0,13.0,5.0
2023,002017,Arden Cohen,RED,Redwoods,2,D,Defense,2023-09-04,2023-09-10,0.0,0.0,0.0,0.0,0.0,0.0,0.0,0,0.0,0.0,0.0,0.0,0.0,0.0,4.0,2.0,3.0,0,0,0,0.0,0.0,0.0,0.0,1.0,13.0,11.0,,,,,,,0.0,,0.0,0.0,0.0,0.0,0.0,0.0,0.0,0.0,0.0,0.0,0.0,0.0,0.0,0.0,2.0,1.0,1.5,0.0,0.0,0.0,0.0,0.0,0.0,0.0,0.5,6.5,5.5,0.5
2023,002018,Matt Moore,ARC,Archers,2,A,Attack,2023-09-10,2023-09-24,5.0,1.0,1.0,0.0,1.0,4.0,7.0,2,2.0,0.0,0.0,0.0,0.0,0.0,3.0,2.0,0.0,0,0,0,0.0,0.0,0.0,0.0,9.0,41.0,32.0,0.14285714285714285,0.2857142857142857,,,,,0.4444444444444444,0.0,2.5,0.5,0.5,0.0,0.5,2.0,3.5,1.0,1.0,0.0,0.0,0.0,0.0,0.0,1.5,1.0,0.0,0.0,0.0,0.0,0.0,0.0,0.0,0.0,4.5,20.5,16.0,4.5
2023,002021,Roman Puglise,WHP,Whipsnakes,1,SSDM,Defensive Midfield,2023-09-04,2023-09-04,0.0,0.0,0.0,0.0,0.0,0.0,1.0,1,1.0,0.0,0.0,0.0,0.0,0.0,1.0,0.0,1.0,0,0,0,0.0,0.0,0.0,0.0,0.0,4.0,3.0,0.0,1.0,,,,,,0.0,0.0,0.0,0.0,0.0,0.0,0.0,1.0,1.0,1.0,0.0,0.0,0.0,0.0,0.0,1.0,0.0,1.0,0.0,0.0,0.0,0.0,0.0,0.0,0.0,0.0,4.0,3.0,0.0
2023,002022,Zach Geddes,CHA,Chaos,1,SSDM,Defensive Midfield,2023-09-04,2023-09-04,0.0,0.0,0.0,0.0,0.0,0.0,1.0,0,0.0,0.0,0.0,0.0,0.0,0.0,0.0,0.0,1.0,0,0,0,0.0,0.0,0.0,0.0,1.0,7.0,6.0,0.0,0.0,,,,,0.0,,0.0,0.0,0.0,0.0,0.0,0.0,1.0,0.0,0.0,0.0,0.0,0.0,0.0,0.0,0.0,0.0,1.0,0.0,0.0,0.0,0.0,0.0,0.0,0.0,1.0,7.0,6.0,1.0
2023,002024,Asher Nolting,CAN,Cannons,2,A,Attack,2023-09-04,2023-09-10,9.0,4.0,4.0,0.0,4.0,5.0,13.0,9,0.0,0.0,0.0,0.0,0.0,0.0,2.0,5.0,0.0,0,0,0,0.0,0.0,0.0,0.0,15.0,48.0,30.0,0.3076923076923077,0.6923076923076923,,,,,0.3333333333333333,,4.5,2.0,2.0,0.0,2.0,2.5,6.5,4.5,0.0,0.0,0.0,0.0,0.0,0.0,1.0,2.5,0.0,0.0,0.0,0.0,0.0,0.0,0.0,0.0,7.5,24.0,15.0,7.5
2023,002025,Bubba Fairman,CAN,Cannons,2,SSDM,Defensive Midfield,2023-09-04,2023-09-10,0.0,0.0,0.0,0.0,0.0,0.0,1.0,0,0.0,0.0,0.0,0.0,0.0,0.0,5.0,1.0,1.0,0,0,0,0.0,0.0,1.0,0.5,1.0,21.0,19.0,0.0,0.0,,,,,0.0,,0.0,0.0,0.0,0.0,0.0,0.0,0.5,0.0,0.0,0.0,0.0,0.0,0.0,0.0,2.5,0.5,0.5,0.0,0.0,0.0,0.0,0.0,0.5,0.25,0.5,10.5,9.5,0.5
2023,002026,Brett Dobson,ARC,Archers,2,G,Goalie,2023-09-10,2023-09-24,0.0,0.0,0.0,0.0,0.0,0.0,0.0,0,0.0,36.0,15.0,21.0,20.0,20.0,10.0,0.0,0.0,0,0,0,18.0,2.0,0.0,0.0,1.0,35.0,35.0,,,,0.6666666666666666,41.66666666666667,0.2777777777777778,0.0,,0.0,0.0,0.0,0.0,0.0,0.0,0.0,0.0,0.0,18.0,7.5,10.5,10.0,10.0,5.0,0.0,0.0,0.0,0.0,0.0,9.0,1.0,0.0,0.0,0.5,17.5,17.5,0.5
2023,002027,Brendan Curry,ATL,Atlas,1,M,Midfield,2023-09-04,2023-09-04,0.0,0.0,0.0,0.0,0.0,0.0,2.0,1,1.0,0.0,0.0,0.0,0.0,0.0,0.0,0.0,0.0,0,0,0,0.0,0.0,0.0,0.0,1.0,8.0,6.0,0.0,0.5,,,,,0.0,0.0,0.0,0.0,0.0,0.0,0.0,0.0,2.0,1.0,1.0,0.0,0.0,0.0,0.0,0.0,0.0,0.0,0.0,0.0,0.0,0.0,0.0,0.0,0.0,0.0,1.0,8.0,6.0,1.0
2023,002028,Jack Hannah,WAT,Waterdogs,3,M,Midfield,2023-09-04,2023-09-24,5.0,1.0,1.0,0.0,1.0,4.0,14.0,2,0.0,0.0,0.0,0.0,0.0,0.0,1.0,1.0,0.0,0,0,0,0.0,0.0,0.0,0.0,5.0,54.0,39.0,0.07142857142857142,0.14285714285714285,,,,,0.8,,1.6666666666666667,0.3333333333333333,0.3333333333333333,0.0,0.3333333333333333,1.3333333333333333,4.666666666666667,0.6666666666666666,0.0,0.0,0.0,0.0,0.0,0.0,0.3333333333333333,0.3333333333333333,0.0,0.0,0.0,0.0,0.0,0.0,0.0,0.0,1.6666666666666667,18.0,13.0,1.6666666666666667
2023,002030,Jonathan Donville,CAN,Cannons,2,M,Midfield,2023-09-04,2023-09-10,6.0,5.0,5.0,0.0,5.0,1.0,8.0,5,0.0,0.0,0.0,0.0,0.0,0.0,0.0,1.0,0.0,0,0,0,0.0,0.0,0.0,0.0,5.0,31.0,22.0,0.625,0.625,,,,,0.2,,3.0,2.5,2.5,0.0,2.5,0.5,4.0,2.5,0.0,0.0,0.0,0.0,0.0,0.0,0.0,0.5,0.0,0.0,0.0,0.0,0.0,0.0,0.0,0.0,2.5,15.5,11.0,2.5
2023,002035,Max Wayne,CAN,Cannons,2,D,Defense,2023-09-04,2023-09-10,0.0,0.0,0.0,0.0,0.0,0.0,0.0,0,0.0,0.0,0.0,0.0,0.0,0.0,4.0,1.0,1.0,0,0,0,0.0,0.0,0.0,0.0,0.0,13.0,12.0,,,,,,,,,0.0,0.0,0.0,0.0,0.0,0.0,0.0,0.0,0.0,0.0,0.0,0.0,0.0,0.0,2.0,0.5,0.5,0.0,0.0,0.0,0.0,0.0,0.0,0.0,0.0,6.5,6.0,0.0
2023,002036,Jake Higgins,WAT,Waterdogs,3,SSDM,Defensive Midfield,2023-09-04,2023-09-24,0.0,0.0,0.0,0.0,0.0,0.0,0.0,0,0.0,0.0,0.0,0.0,0.0,0.0,4.0,0.0,4.0,0,0,0,0.0,0.0,0.0,0.0,0.0,16.0,16.0,,,,,,,,,0.0,0.0,0.0,0.0,0.0,0.0,0.0,0.0,0.0,0.0,0.0,0.0,0.0,0.0,1.3333333333333333,0.0,1.3333333333333333,0.0,0.0,0.0,0.0,0.0,0.0,0.0,0.0,5.333333333333333,5.333333333333333,0.0
2023,002038,Colin Kirst,CAN,Cannons,2,G,Goalie,2023-09-04,2023-09-10,0.0,0.0,0.0,0.0,0.0,0.0,0.0,0,0.0,26.0,3.0,23.0,28.0,28.0,4.0,2.0,0.0,0,0,0,27.0,1.0,0.0,0.0,0.0,41.0,39.0,,,,0.49056603773584906,11.538461538461538,0.05660377358490566,,,0.0,0.0,0.0,0.0,0.0,0.0,0.0,0.0,0.0,13.0,1.5,11.5,14.0,14.0,2.0,1.0,0.0,0.0,0.0,0.0,13.5,0.5,0.0,0.0,0.0,20.5,19.5,0.0
2023,002043,Ryan Aughavin,ARC,Archers,2,M,Midfield,2023-09-10,2023-09-24,4.0,3.0,1.0,1.0,2.0,1.0,3.0,2,2.0,0.0,0.0,0.0,0.0,0.0,1.0,1.0,0.0,0,0,0,0.0,0.0,0.0,0.0,2.0,26.0,22.0,0.6666666666666666,0.6666666666666666,,,,,0.5,0.5,2.0,1.5,0.5,0.5,1.0,0.5,1.5,1.0,1.0,0.0,0.0,0.0,0.0,0.0,0.5,0.5,0.0,0.0,0.0,0.0,0.0,0.0,0.0,0.0,1.0,13.0,11.0,1.0
2023,002054,Chris Merle,RED,Redwoods,2,SSDM,Defensive Midfield,2023-09-04,2023-09-10,2.0,1.0,1.0,0.0,1.0,1.0,1.0,1,0.0,0.0,0.0,0.0,0.0,0.0,6.0,0.0,2.0,0,0,0,0.0,0.0,0.0,0.0,1.0,14.0,13.0,1.0,1.0,,,,,1.0,,1.0,0.5,0.5,0.0,0.5,0.5,0.5,0.5,0.0,0.0,0.0,0.0,0.0,0.0,3.0,0.0,1.0,0.0,0.0,0.0,0.0,0.0,0.0,0.0,0.5,7.0,6.5,0.5
2023,002063,Ryan Kennedy,RED,Redwoods,2,LSM,Long Stick Midfield,2023-09-04,2023-09-10,0.0,0.0,0.0,0.0,0.0,0.0,1.0,1,0.0,0.0,0.0,0.0,0.0,0.0,4.0,0.0,1.0,0,2,2,0.0,0.0,0.0,0.0,0.0,5.0,4.0,0.0,1.0,0.0,,,,,,0.0,0.0,0.0,0.0,0.0,0.0,0.5,0.5,0.0,0.0,0.0,0.0,0.0,0.0,2.0,0.0,0.5,0.0,1.0,1.0,0.0,0.0,0.0,0.0,0.0,2.5,2.0,0.0
2023,003004,Mike Sisselberger,ARC,Archers,2,FO,Faceoff,2023-09-10,2023-09-24,1.0,1.0,1.0,0.0,1.0,0.0,3.0,1,0.0,0.0,0.0,0.0,0.0,0.0,19.0,8.0,0.0,28,20,48,0.0,0.0,0.0,0.0,0.0,18.0,7.0,0.3333333333333333,0.3333333333333333,0.5833333333333334,,,,,,0.5,0.5,0.5,0.0,0.5,0.0,1.5,0.5,0.0,0.0,0.0,0.0,0.0,0.0,9.5,4.0,0.0,14.0,10.0,24.0,0.0,0.0,0.0,0.0,0.0,9.0,3.5,0.0
2023,003005,Connor Maher,ARC,Archers,2,SSDM,Defensive Midfield,2023-09-10,2023-09-24,0.0,0.0,0.0,0.0,0.0,0.0,1.0,0,0.0,0.0,0.0,0.0,0.0,0.0,2.0,0.0,0.0,0,0,0,0.0,0.0,0.0,0.0,0.0,13.0,12.0,0.0,0.0,,,,,,,0.0,0.0,0.0,0.0,0.0,0.0,0.5,0.0,0.0,0.0,0.0,0.0,0.0,0.0,1.0,0.0,0.0,0.0,0.0,0.0,0.0,0.0,0.0,0.0,0.0,6.5,6.0,0.0
2023,003006,Piper Bond,ARC,Archers,2,SSDM,Defensive Midfield,2023-09-10,2023-09-24,0.0,0.0,0.0,0.0,0.0,0.0,0.0,0,0.0,0.0,0.0,0.0,0.0,0.0,4.0,0.0,0.0,0,0,0,0.0,0.0,0.0,0.0,0.0,27.0,27.0,,,,,,,,,0.0,0.0,0.0,0.0,0.0,0.0,0.0,0.0,0.0,0.0,0.0,0.0,0.0,0.0,2.0,0.0,0.0,0.0,0.0,0.0,0.0,0.0,0.0,0.0,0.0,13.5,13.5,0.0
2023,003007,Cam Wyers,ARC,Archers,2,LSM,Long Stick Midfield,2023-09-10,2023-09-24,0.0,0.0,0.0,0.0,0.0,0.0,0.0,0,0.0,0.0,0.0,0.0,0.0,0.0,1.0,0.0,0.0,0,1,1,0.0,0.0,0.0,0.0,0.0,2.0,2.0,,,0.0,,,,,,0.0,0.0,0.0,0.0,0.0,0.0,0.0,0.0,0.0,0.0,0.0,0.0,0.0,0.0,0.5,0.0,0.0,0.0,0.5,0.5,0.0,0.0,0.0,0.0,0.0,1.0,1.0,0.0
2023,003008,Gavin Adler,ATL,Atlas,1,D,Defense,2023-09-04,2023-09-04,0.0,0.0,0.0,0.0,0.0,0.0,0.0,0,0.0,0.0,0.0,0.0,0.0,0.0,1.0,0.0,0.0,0,0,0,0.0,0.0,0.0,0.0,0.0,6.0,6.0,,,,,,,,,0.0,0.0,0.0,0.0,0.0,0.0,0.0,0.0,0.0,0.0,0.0,0.0,0.0,0.0,1.0,0.0,0.0,0.0,0.0,0.0,0.0,0.0,0.0,0.0,0.0,6.0,6.0,0.0
2023,003009,Brett Makar,ATL,Atlas,1,LSM,Long Stick Midfield,2023-09-04,2023-09-04,0.0,0.0,0.0,0.0,0.0,0.0,1.0,0,1.0,0.0,0.0,0.0,0.0,0.0,2.0,0.0,1.0,0,0,0,0.0,0.0,0.0,0.0,0.0,5.0,4.0,0.0,0.0,,,,,,0.0,0.0,0.0,0.0,0.0,0.0,0.0,1.0,0.0,1.0,0.0,0.0,0.0,0.0,0.0,2.0,0.0,1.0,0.0,0.0,0.0,0.0,0.0,0.0,0.0,0.0,5.0,4.0,0.0
2023,003010,Xander Dickson,ATL,Atlas,1,M,Midfield,2023-09-04,2023-09-04,5.0,5.0,5.0,0.0,5.0,0.0,8.0,6,0.0,0.0,0.0,0.0,0.0,0.0,5.0,3.0,1.0,0,0,0,0.0,0.0,0.0,0.0,1.0,21.0,10.0,0.625,0.75,,,,,0.0,,5.0,5.0,5.0,0.0,5.0,0.0,8.0,6.0,0.0,0.0,0.0,0.0,0.0,0.0,5.0,3.0,1.0,0.0,0.0,0.0,0.0,0.0,0.0,0.0,1.0,21.0,10.0,1.0
2023,003013,Matt Campbell,CAN,Cannons,2,M,Midfield,2023-09-04,2023-09-10,2.0,2.0,2.0,0.0,2.0,0.0,10.0,8,1.0,0.0,0.0,0.0,0.0,0.0,0.0,1.0,0.0,0,0,0,0.0,0.0,0.0,0.0,2.0,32.0,21.0,0.2,0.8,,,,,0.0,0.0,1.0,1.0,1.0,0.0,1.0,0.0,5.0,4.0,0.5,0.0,0.0,0.0,0.0,0.0,0.0,0.5,0.0,0.0,0.0,0.0,0.0,0.0,0.0,0.0,1.0,16.0,10.5,1.0
2023,003015,Will Bowen,CHA,Chaos,1,D,Defense,2023-09-04,2023-09-04,0.0,0.0,0.0,0.0,0.0,0.0,0.0,0,0.0,0.0,0.0,0.0,0.0,0.0,1.0,0.0,0.0,0,0,0,0.0,0.0,0.0,0.0,0.0,4.0,4.0,,,,,,,,,0.0,0.0,0.0,0.0,0.0,0.0,0.0,0.0,0.0,0.0,0.0,0.0,0.0,0.0,1.0,0.0,0.0,0.0,0.0,0.0,0.0,0.0,0.0,0.0,0.0,4.0,4.0,0.0
2023,003016,Brian Minicus,CHA,Chaos,1,A,Attack,2023-09-04,2023-09-04,1.0,1.0,1.0,0.0,1.0,0.0,6.0,3,0.0,0.0,0.0,0.0,0.0,0.0,0.0,3.0,0.0,0,0,0,0.0,0.0,0.0,0.0,4.0,30.0,21.0,0.16666666666666666,0.5,,,,,0.0,,1.0,1.0,1.0,0.0,1.0,0.0,6.0,3.0,0.0,0.0,0.0,0.0,0.0,0.0,0.0,3.0,0.0,0.0,0.0,0.0,0.0,0.0,0.0,0.0,4.0,30.0,21.0,4.0
2023,003018,Nick Rowlett,CHA,Chaos,1,FO,Faceoff,2023-09-04,2023-09-04,0.0,0.0,0.0,0.0,0.0,0.0,3.0,0,1.0,0.0,0.0,0.0,0.0,0.0,9.0,0.0,1.0,14,12,26,0.0,0.0,0.0,0.0,0.0,10.0,7.0,0.0,0.0,0.5384615384615384,,,,,0.0,0.0,0.0,0.0,0.0,0.0,0.0,3.0,0.0,1.0,0.0,0.0,0.0,0.0,0.0,9.0,0.0,1.0,14.0,12.0,26.0,0.0,0.0,0.0,0.0,0.0,10.0,7.0,0.0
2023,003023,Owen Grant,RED,Redwoods,2,LSM,Long Stick Midfield,2023-09-04,2023-09-10,1.0,1.0,1.0,0.0,1.0,0.0,4.0,4,1.0,0.0,0.0,0.0,0.0,0.0,3.0,0.0,1.0,0,1,1,0.0,0.0,0.0,0.0,0.0,8.0,4.0,0.25,1.0,0.0,,,,,0.0,0.5,0.5,0.5,0.0,0.5,0.0,2.0,2.0,0.5,0.0,0.0,0.0,0.0,0.0,1.5,0.0,0.5,0.0,0.5,0.5,0.0,0.0,0.0,0.0,0.0,4.0,2.0,0.0
2023,003024,Brian Tevlin,RED,Redwoods,2,SSDM,Defensive Midfield,2023-09-04,2023-09-10,0.0,0.0,0.0,0.0,0.0,0.0,2.0,2,1.0,0.0,0.0,0.0,0.0,0.0,3.0,1.0,0.0,0,0,0,0.0,0.0,0.0,0.0,0.0,17.0,14.0,0.0,1.0,,,,,,0.0,0.0,0.0,0.0,0.0,0.0,0.0,1.0,1.0,0.5,0.0,0.0,0.0,0.0,0.0,1.5,0.5,0.0,0.0,0.0,0.0,0.0,0.0,0.0,0.0,0.0,8.5,7.0,0.0
2023,003025,Cole Kirst,RED,Redwoods,2,M,Midfield,2023-09-04,2023-09-10,2.0,2.0,0.0,1.0,1.0,0.0,11.0,6,2.0,0.0,0.0,0.0,0.0,0.0,1.0,3.0,0.0,0,0,0,0.0,0.0,0.0,0.0,1.0,44.0,30.0,0.09090909090909091,0.5454545454545454,,,,,0.0,0.5,1.0,1.0,0.0,0.5,0.5,0.0,5.5,3.0,1.0,0.0,0.0,0.0,0.0,0.0,0.5,1.5,0.0,0.0,0.0,0.0,0.0,0.0,0.0,0.0,0.5,22.0,15.0,0.5
2023,003027,Thomas McConvey,WAT,Waterdogs,1,M,Midfield,2023-09-04,2023-09-04,0.0,0.0,0.0,0.0,0.0,0.0,2.0,1,0.0,0.0,0.0,0.0,0.0,0.0,1.0,0.0,0.0,0,0,0,0.0,0.0,0.0,0.0,0.0,6.0,4.0,0.0,0.5,,,,,,,0.0,0.0,0.0,0.0,0.0,0.0,2.0,1.0,0.0,0.0,0.0,0.0,0.0,0.0,1.0,0.0,0.0,0.0,0.0,0.0,0.0,0.0,0.0,0.0,0.0,6.0,4.0,0.0
2023,003031,Tucker Dordevic,WHP,Whipsnakes,1,M,Midfield,2023-09-04,2023-09-04,3.0,3.0,3.0,0.0,3.0,0.0,9.0,9,1.0,0.0,0.0,0.0,0.0,0.0,2.0,0.0,0.0,0,0,0,0.0,0.0,0.0,0.0,0.0,24.0,15.0,0.3333333333333333,1.0,,,,,,0.0,3.0,3.0,3.0,0.0,3.0,0.0,9.0,9.0,1.0,0.0,0.0,0.0,0.0,0.0,2.0,0.0,0.0,0.0,0.0,0.0,0.0,0.0,0.0,0.0,0.0,24.0,15.0,0.0
2023,003032,Petey LaSalla,WHP,Whipsnakes,1,FO,Faceoff,2023-09-04,2023-09-04,0.0,0.0,0.0,0.0,0.0,0.0,0.0,0,0.0,0.0,0.0,0.0,0.0,0.0,16.0,0.0,0.0,20,8,29,0.0,0.0,0.0,0.0,0.0,13.0,13.0,,,0.6896551724137931,,,,,,0.0,0.0,0.0,0.0,0.0,0.0,0.0,0.0,0.0,0.0,0.0,0.0,0.0,0.0,16.0,0.0,0.0,20.0,8.0,29.0,0.0,0.0,0.0,0.0,0.0,13.0,13.0,0.0
2023,003039,Chet Comizio,ATL,Atlas,1,SSDM,Defensive Midfield,2023-09-04,2023-09-04,0.0,0.0,0.0,0.0,0.0,0.0,0.0,0,0.0,0.0,0.0,0.0,0.0,0.0,1.0,0.0,2.0,0,0,0,0.0,0.0,0.0,0.0,0.0,4.0,4.0,,,,,,,,,0.0,0.0,0.0,0.0,0.0,0.0,0.0,0.0,0.0,0.0,0.0,0.0,0.0,0.0,1.0,0.0,2.0,0.0,0.0,0.0,0.0,0.0,0.0,0.0,0.0,4.0,4.0,0.0
2023,003041,Ethan Rall,CAN,Cannons,2,LSM,Long Stick Midfield,2023-09-04,2023-09-10,1.0,1.0,1.0,0.0,1.0,0.0,1.0,1,0.0,0.0,0.0,0.0,0.0,0.0,7.0,0.0,2.0,4,17,22,0.0,0.0,0.0,0.0,0.0,6.0,5.0,1.0,1.0,0.18181818181818182,,,,,,0.5,0.5,0.5,0.0,0.5,0.0,0.5,0.5,0.0,0.0,0.0,0.0,0.0,0.0,3.5,0.0,1.0,2.0,8.5,11.0,0.0,0.0,0.0,0.0,0.0,3.0,2.5,0.0
2023,003049,John Geppert,ATL,Atlas,1,LSM,Long Stick Midfield,2023-09-04,2023-09-04,0.0,0.0,0.0,0.0,0.0,0.0,0.0,0,0.0,0.0,0.0,0.0,0.0,0.0,0.0,0.0,0.0,0,0,0,0.0,0.0,0.0,0.0,0.0,3.0,3.0,,,,,,,,,0.0,0.0,0.0,0.0,0.0,0.0,0.0,0.0,0.0,0.0,0.0,0.0,0.0,0.0,0.0,0.0,0.0,0.0,0.0,0.0,0.0,0.0,0.0,0.0,0.0,3.0,3.0,0.0
2024,000211,Ian MacKay,CHA,Chaos,2,SSDM,Defensive Midfield,2024-09-02,2024-09-07,1.0,0.0,0.0,0.0,0.0,1.0,6.0,4,1.0,0.0,0.0,0.0,0.0,0.0,0.0,2.0,0.0,0,2,2,0.0,0.0,1.0,1.0,2.0,19.0,11.0,0.0,0.6666666666666666,0.0,,,,0.5,0.0,0.5,0.0,0.0,0.0,0.0,0.5,3.0,2.0,0.5,0.0,0.0,0.0,0.0,0.0,0.0,1.0,0.0,0.0,1.0,1.0,0.0,0.0,0.5,0.5,1.0,9.5,5.5,1.0
2024,000216,Marcus Holman,CAN,Cannons,1,A,Attack,2024-09-02,2024-09-02,0.0,0.0,0.0,0.0,0.0,0.0,3.0,0,1.0,0.0,0.0,0.0,0.0,0.0,1.0,2.0,0.0,0,0,0,0.0,0.0,0.0,0.0,0.0,31.0,26.0,0.0,0.0,,,,,,0.0,0.0,0.0,0.0,0.0,0.0,0.0,3.0,0.0,1.0,0.0,0.0,0.0,0.0,0.0,1.0,2.0,0.0,0.0,0.0,0.0,0.0,0.0,0.0,0.0,0.0,31.0,26.0,0.0
2024,000221,Ryan Ambler,ARC,Archers,2,M,Midfield,2024-09-07,2024-09-15,2.0,1.0,1.0,0.0,1.0,1.0,3.0,2,0.0,0.0,0.0,0.0,0.0,0.0,3.0,2.0,1.0,0,0,0,0.0,0.0,1.0,1.0,1.0,26.0,21.0,0.3333333333333333,0.6666666666666666,,,,,1.0,,1.0,0.5,0.5,0.0,0.5,0.5,1.5,1.0,0.0,0.0,0.0,0.0,0.0,0.0,1.5,1.0,0.5,0.0,0.0,0.0,0.0,0.0,0.5,0.5,0.5,13.0,10.5,0.5
2024,000234,Eric Law,OUT,Outlaws,1,A,Attack,2024-09-02,2024-09-02,0.0,0.0,0.0,0.0,0.0,0.0,1.0,1,0.0,0.0,0.0,0.0,0.0,0.0,0.0,1.0,0.0,0,0,0,0.0,0.0,0.0,0.0,0.0,20.0,18.0,0.0,1.0,,,,,,,0.0,0.0,0.0,0.0,0.0,0.0,1.0,1.0,0.0,0.0,0.0,0.0,0.0,0.0,0.0,1.0,0.0,0.0,0.0,0.0,0.0,0.0,0.0,0.0,0.0,20.0,18.0,0.0
2024,000254,Trevor Baptiste,ATL,Atlas,1,FO,Faceoff,2024-09-07,2024-09-07,3.0,3.0,1.0,1.0,2.0,0.0,2.0,2,1.0,0.0,0.0,0.0,0.0,0.0,9.0,1.0,1.0,11,11,23,0.0,0.0,0.0,0.0,1.0,9.0,6.0,1.0,1.0,0.4782608695652174,,,,0.0,1.0,3.0,3.0,1.0,1.0,2.0,0.0,2.0,2.0,1.0,0.0,0.0,0.0,0.0,0.0,9.0,1.0,1.0,11.0,11.0,23.0,0.0,0.0,0.0,0.0,1.0,9.0,6.0,1.0
2024,000258,Blaze Riorden,CHA,Chaos,2,G,Goalie,2024-09-02,2024-09-07,0.0,0.0,0.0,0.0,0.0,0.0,1.0,0,1.0,24.0,8.0,16.0,14.0,14.002779708130646,9.0,0.0,0.0,0,0,0,13.0,1.0,0.0,0.0,0.0,36.0,35.0,0.0,0.0,,0.6486486486486487,33.33333333333333,0.21621621621621623,,0.0,0.0,0.0,0.0,0.0,0.0,0.0,0.5,0.0,0.5,12.0,4.0,8.0,7.0,7.001389854065323,4.5,0.0,0.0,0.0,0.0,0.0,6.5,0.5,0.0,0.0,0.0,18.0,17.5,0.0
2024,000262,Connor Fields,ARC,Archers,2,A,Attack,2024-09-07,2024-09-15,2.0,1.0,1.0,0.0,1.0,1.0,8.0,4,0.0,0.0,0.0,0.0,0.0,0.0,4.0,3.0,1.0,0,0,0,0.0,0.0,0.0,0.0,4.0,55.0,44.0,0.125,0.5,,,,,0.25,,1.0,0.5,0.5,0.0,0.5,0.5,4.0,2.0,0.0,0.0,0.0,0.0,0.0,0.0,2.0,1.5,0.5,0.0,0.0,0.0,0.0,0.0,0.0,0.0,2.0,27.5,22.0,2.0
2024,000269,Jarrod Neumann,CHA,Chaos,2,D,Defense,2024-09-02,2024-09-07,0.0,0.0,0.0,0.0,0.0,0.0,1.0,0,1.0,0.0,0.0,0.0,0.0,0.0,4.0,0.0,2.0,0,0,0,0.0,0.0,1.0,1.0,0.0,17.0,16.0,0.0,0.0,,,,,,0.0,0.0,0.0,0.0,0.0,0.0,0.0,0.5,0.0,0.5,0.0,0.0,0.0,0.0,0.0,2.0,0.0,1.0,0.0,0.0,0.0,0.0,0.0,0.5,0.5,0.0,8.5,8.0,0.0
2024,000272,Josh Byrne,CHA,Chaos,2,A,Attack,2024-09-02,2024-09-07,3.0,2.0,2.0,0.0,2.0,1.0,11.0,7,0.0,0.0,0.0,0.0,0.0,0.0,2.0,6.0,0.0,0,0,0,0.0,0.0,1.0,1.0,7.0,64.0,47.0,0.18181818181818182,0.6363636363636364,,,,,0.14285714285714285,,1.5,1.0,1.0,0.0,1.0,0.5,5.5,3.5,0.0,0.0,0.0,0.0,0.0,0.0,1.0,3.0,0.0,0.0,0.0,0.0,0.0,0.0,0.5,0.5,3.5,32.0,23.5,3.5
2024,000278,Myles Jones,ATL,Atlas,1,M,Midfield,2024-09-07,2024-09-07,1.0,1.0,1.0,0.0,1.0,0.0,3.0,2,0.0,0.0,0.0,0.0,0.0,0.0,0.0,0.0,0.0,0,0,0,0.0,0.0,0.0,0.0,3.0,12.0,9.0,0.3333333333333333,0.6666666666666666,,,,,0.0,,1.0,1.0,1.0,0.0,1.0,0.0,3.0,2.0,0.0,0.0,0.0,0.0,0.0,0.0,0.0,0.0,0.0,0.0,0.0,0.0,0.0,0.0,0.0,0.0,3.0,12.0,9.0,3.0
2024,000279,Patrick Resch,CHA,Chaos,2,SSDM,Defensive Midfield,2024-09-02,2024-09-07,0.0,0.0,0.0,0.0,0.0,0.0,0.0,0,0.0,0.0,0.0,0.0,0.0,0.0,2.0,0.0,1.0,0,0,0,0.0,0.0,0.0,0.0,1.0,20.0,20.0,,,,,,,0.0,,0.0,0.0,0.0,0.0,0.0,0.0,0.0,0.0,0.0,0.0,0.0,0.0,0.0,0.0,1.0,0.0,0.5,0.0,0.0,0.0,0.0,0.0,0.0,0.0,0.5,10.0,10.0,0.5
2024,000281,Troy Reh,CHA,Chaos,2,LSM,Long Stick Midfield,2024-09-02,2024-09-07,0.0,0.0,0.0,0.0,0.0,0.0,0.0,0,0.0,0.0,0.0,0.0,0.0,0.0,11.0,0.0,2.0,0,0,0,0.0,0.0,0.0,0.0,0.0,20.0,20.0,,,,,,,,,0.0,0.0,0.0,0.0,0.0,0.0,0.0,0.0,0.0,0.0,0.0,0.0,0.0,0.0,5.5,0.0,1.0,0.0,0.0,0.0,0.0,0.0,0.0,0.0,0.0,10.0,10.0,0.0
2024,000302,Michael Manley,OUT,Outlaws,1,D,Defense,2024-09-02,2024-09-02,0.0,0.0,0.0,0.0,0.0,0.0,1.0,0,0.0,0.0,0.0,0.0,0.0,0.0,4.0,0.0,0.0,0,0,0,0.0,0.0,0.0,0.0,0.0,7.0,6.0,0.0,0.0,,,,,,,0.0,0.0,0.0,0.0,0.0,0.0,1.0,0.0,0.0,0.0,0.0,0.0,0.0,0.0,4.0,0.0,0.0,0.0,0.0,0.0,0.0,0.0,0.0,0.0,0.0,7.0,6.0,0.0
2024,000308,Will Haus,OUT,Outlaws,1,SSDM,Defensive Midfield,2024-09-02,2024-09-02,0.0,0.0,0.0,0.0,0.0,0.0,1.0,1,0.0,0.0,0.0,0.0,0.0,0.0,0.0,1.0,0.0,0,0,0,0.0,0.0,0.0,0.0,0.0,7.0,5.0,0.0,1.0,,,,,,,0.0,0.0,0.0,0.0,0.0,0.0,1.0,1.0,0.0,0.0,0.0,0.0,0.0,0.0,0.0,1.0,0.0,0.0,0.0,0.0,0.0,0.0,0.0,0.0,0.0,7.0,5.0,0.0
2024,000315,Garrett Epple,CAN,Cannons,1,D,Defense,2024-09-02,2024-09-02,0.0,0.0,0.0,0.0,0.0,0.0,1.0,0,1.0,0.0,0.0,0.0,0.0,0.0,2.0,0.0,0.0,0,0,0,0.0,0.0,0.0,0.0,0.0,10.0,9.0,0.0,0.0,,,,,,0.0,0.0,0.0,0.0,0.0,0.0,0.0,1.0,0.0,1.0,0.0,0.0,0.0,0.0,0.0,2.0,0.0,0.0,0.0,0.0,0.0,0.0,0.0,0.0,0.0,0.0,10.0,9.0,0.0
2024,000333,Sergio Perkovic,CHA,Chaos,2,M,Midfield,2024-09-02,2024-09-07,0.0,0.0,0.0,0.0,0.0,0.0,4.0,1,2.0,0.0,0.0,0.0,0.0,0.0,0.0,0.0,0.0,0,0,0,0.0,0.0,0.0,0.0,1.0,31.0,27.0,0.0,0.25,,,,,0.0,0.0,0.0,0.0,0.0,0.0,0.0,0.0,2.0,0.5,1.0,0.0,0.0,0.0,0.0,0.0,0.0,0.0,0.0,0.0,0.0,0.0,0.0,0.0,0.0,0.0,0.5,15.5,13.5,0.5
2024,000337,Bryce Young,CAN,Cannons,1,D,Defense,2024-09-02,2024-09-02,0.0,0.0,0.0,0.0,0.0,0.0,0.0,0,0.0,0.0,0.0,0.0,0.0,0.0,1.0,0.0,3.0,0,0,0,0.0,0.0,0.0,0.0,0.0,11.0,11.0,,,,,,,,,0.0,0.0,0.0,0.0,0.0,0.0,0.0,0.0,0.0,0.0,0.0,0.0,0.0,0.0,1.0,0.0,3.0,0.0,0.0,0.0,0.0,0.0,0.0,0.0,0.0,11.0,11.0,0.0
2024,000345,Jake Bernhardt,WHP,Whipsnakes,3,SSDM,Defensive Midfield,2024-09-02,2024-09-15,2.0,2.0,0.0,1.0,1.0,0.0,4.0,2,1.0,0.0,0.0,0.0,0.0,0.0,2.0,0.0,3.0,2,1,3,0.0,0.0,0.0,0.0,0.0,23.0,19.0,0.25,0.5,0.6666666666666666,,,,,1.0,0.6666666666666666,0.6666666666666666,0.0,0.3333333333333333,0.3333333333333333,0.0,1.3333333333333333,0.6666666666666666,0.3333333333333333,0.0,0.0,0.0,0.0,0.0,0.6666666666666666,0.0,1.0,0.6666666666666666,0.3333333333333333,1.0,0.0,0.0,0.0,0.0,0.0,7.666666666666667,6.333333333333333,0.0
2024,000350,Joseph Nardella,WHP,Whipsnakes,3,FO,Faceoff,2024-09-02,2024-09-15,1.0,0.0,0.0,0.0,0.0,1.0,3.0,1,0.0,0.0,0.0,0.0,0.0,0.0,19.0,2.0,1.0,37,28,68,0.0,0.0,1.0,0.5,2.0,23.0,18.0,0.0,0.3333333333333333,0.5441176470588235,,,,0.5,,0.3333333333333333,0.0,0.0,0.0,0.0,0.3333333333333333,1.0,0.3333333333333333,0.0,0.0,0.0,0.0,0.0,0.0,6.333333333333333,0.6666666666666666,0.3333333333333333,12.333333333333334,9.333333333333334,22.666666666666668,0.0,0.0,0.3333333333333333,0.16666666666666666,0.6666666666666666,7.666666666666667,6.0,0.6666666666666666
2024,000351,Jules Heningburg,CHA,Chaos,2,A,Attack,2024-09-02,2024-09-07,2.0,1.0,1.0,0.0,1.0,1.0,7.0,5,0.0,0.0,0.0,0.0,0.0,0.0,0.0,1.0,1.0,0,0,0,0.0,0.0,0.0,0.0,3.0,32.0,24.0,0.14285714285714285,0.7142857142857143,,,,,0.3333333333333333,,1.0,0.5,0.5,0.0,0.5,0.5,3.5,2.5,0.0,0.0,0.0,0.0,0.0,0.0,0.0,0.5,0.5,0.0,0.0,0.0,0.0,0.0,0.0,0.0,1.5,16.0,12.0,1.5
2024,000354,Matt Rambo,WHP,Whipsnakes,3,A,Attack,2024-09-02,2024-09-15,3.0,3.0,3.0,0.0,3.0,0.0,19.0,9,0.0,0.0,0.0,0.0,0.0,0.0,6.0,2.0,0.0,0,0,0,0.0,0.0,2.0,1.5,4.0,54.0,33.0,0.15789473684210525,0.47368421052631576,,,,,0.0,,1.0,1.0,1.0,0.0,1.0,0.0,6.333333333333333,3.0,0.0,0.0,0.0,0.0,0.0,0.0,2.0,0.6666666666666666,0.0,0.0,0.0,0.0,0.0,0.0,0.6666666666666666,0.5,1.3333333333333333,18.0,11.0,1.3333333333333333
2024,000355,Matthew Dunn,WHP,Whipsnakes,3,D,Defense,2024-09-02,2024-09-15,0.0,0.0,0.0,0.0,0.0,0.0,3.0,3,3.0,0.0,0.0,0.0,0.0,0.0,3.0,1.0,4.0,0,0,0,0.0,0.0,0.0,0.0,2.0,38.0,34.0,0.0,1.0,,,,,0.0,0.0,0.0,0.0,0.0,0.0,0.0,0.0,1.0,1.0,1.0,0.0,0.0,0.0,0.0,0.0,1.0,0.3333333333333333,1.3333333333333333,0.0,0.0,0.0,0.0,0.0,0.0,0.0,0.6666666666666666,12.666666666666666,11.333333333333334,0.6666666666666666
2024,000357,Mike Chanenchuk,WHP,Whipsnakes,3,M,Midfield,2024-09-02,2024-09-15,3.0,3.0,3.0,0.0,3.0,0.0,12.0,6,5.0,0.0,0.0,0.0,0.0,0.0,2.0,3.0,0.0,0,0,0,0.0,0.0,0.0,0.0,1.0,59.0,44.0,0.25,0.5,,,,,0.0,0.0,1.0,1.0,1.0,0.0,1.0,0.0,4.0,2.0,1.6666666666666667,0.0,0.0,0.0,0.0,0.0,0.6666666666666666,1.0,0.0,0.0,0.0,0.0,0.0,0.0,0.0,0.0,0.3333333333333333,19.666666666666668,14.666666666666666,0.3333333333333333
2024,000358,Ryan Drenner,CAN,Cannons,1,M,Midfield,2024-09-02,2024-09-02,0.0,0.0,0.0,0.0,0.0,0.0,6.0,4,0.0,0.0,0.0,0.0,0.0,0.0,1.0,0.0,0.0,0,0,0,0.0,0.0,0.0,0.0,0.0,25.0,19.0,0.0,0.6666666666666666,,,,,,,0.0,0.0,0.0,0.0,0.0,0.0,6.0,4.0,0.0,0.0,0.0,0.0,0.0,0.0,1.0,0.0,0.0,0.0,0.0,0.0,0.0,0.0,0.0,0.0,0.0,25.0,19.0,0.0
2024,000359,Tim Muller,WHP,Whipsnakes,3,D,Defense,2024-09-02,2024-09-15,0.0,0.0,0.0,0.0,0.0,0.0,0.0,0,0.0,0.0,0.0,0.0,0.0,0.0,3.0,0.0,3.0,0,0,0,0.0,0.0,1.0,0.5,0.0,23.0,23.0,,,,,,,,,0.0,0.0,0.0,0.0,0.0,0.0,0.0,0.0,0.0,0.0,0.0,0.0,0.0,0.0,1.0,0.0,1.0,0.0,0.0,0.0,0.0,0.0,0.3333333333333333,0.16666666666666666,0.0,7.666666666666667,7.666666666666667,0.0
2024,000363,Ryan Conrad,WHP,Whipsnakes,3,M,Midfield,2024-09-02,2024-09-15,7.0,5.0,5.0,0.0,5.0,2.0,17.0,12,4.0,0.0,0.0,0.0,0.0,0.0,3.0,7.0,0.0,0,0,0,0.0,0.0,0.0,0.0,9.0,76.0,52.0,0.29411764705882354,0.7058823529411765,,,,,0.2222222222222222,0.0,2.3333333333333335,1.6666666666666667,1.6666666666666667,0.0,1.6666666666666667,0.6666666666666666,5.666666666666667,4.0,1.3333333333333333,0.0,0.0,0.0,0.0,0.0,1.0,2.3333333333333335,0.0,0.0,0.0,0.0,0.0,0.0,0.0,0.0,3.0,25.333333333333332,17.333333333333332,3.0
2024,000365,Jack Rowlett,CHA,Chaos,1,D,Defense,2024-09-07,2024-09-07,0.0,0.0,0.0,0.0,0.0,0.0,1.0,1,0.0,0.0,0.0,0.0,0.0,0.0,0.0,0.0,2.0,0,0,0,0.0,0.0,0.0,0.0,0.0,6.0,5.0,0.0,1.0,,,,,,,0.0,0.0,0.0,0.0,0.0,0.0,1.0,1.0,0.0,0.0,0.0,0.0,0.0,0.0,0.0,0.0,2.0,0.0,0.0,0.0,0.0,0.0,0.0,0.0,0.0,6.0,5.0,0.0
2024,000370,Tim Troutner,ATL,Atlas,1,G,Goalie,2024-09-07,2024-09-07,0.0,0.0,0.0,0.0,0.0,0.0,0.0,0,0.0,0.0,0.0,0.0,0.0,0.0,0.0,0.0,0.0,0,0,0,0.0,0.0,0.0,0.0,0.0,1.0,1.0,,,,,,,,,0.0,0.0,0.0,0.0,0.0,0.0,0.0,0.0,0.0,0.0,0.0,0.0,0.0,0.0,0.0,0.0,0.0,0.0,0.0,0.0,0.0,0.0,0.0,0.0,0.0,1.0,1.0,0.0
2024,000376,Cade van Raaphorst,CAN,Cannons,1,D,Defense,2024-09-02,2024-09-02,0.0,0.0,0.0,0.0,0.0,0.0,0.0,0,0.0,0.0,0.0,0.0,0.0,0.0,1.0,1.0,0.0,0,0,0,0.0,0.0,0.0,0.0,0.0,5.0,4.0,,,,,,,,,0.0,0.0,0.0,0.0,0.0,0.0,0.0,0.0,0.0,0.0,0.0,0.0,0.0,0.0,1.0,1.0,0.0,0.0,0.0,0.0,0.0,0.0,0.0,0.0,0.0,5.0,4.0,0.0
2024,000391,Grant Ament,ARC,Archers,2,M,Midfield,2024-09-07,2024-09-15,5.0,2.0,2.0,0.0,2.0,3.0,4.0,3,0.0,0.0,0.0,0.0,0.0,0.0,0.0,6.0,0.0,0,0,0,0.0,0.0,0.0,0.0,14.0,72.0,62.0,0.5,0.75,,,,,0.21428571428571427,,2.5,1.0,1.0,0.0,1.0,1.5,2.0,1.5,0.0,0.0,0.0,0.0,0.0,0.0,0.0,3.0,0.0,0.0,0.0,0.0,0.0,0.0,0.0,0.0,7.0,36.0,31.0,7.0
2024,000395,Bryan Costabile,ATL,Atlas,1,M,Midfield,2024-09-07,2024-09-07,3.0,3.0,1.0,1.0,2.0,0.0,6.0,4,3.0,0.0,0.0,0.0,0.0,0.0,1.0,2.0,0.0,0,0,0,0.0,0.0,0.0,0.0,3.0,29.0,21.0,0.3333333333333333,0.6666666666666666,,,,,0.0,0.3333333333333333,3.0,3.0,1.0,1.0,2.0,0.0,6.0,4.0,3.0,0.0,0.0,0.0,0.0,0.0,1.0,2.0,0.0,0.0,0.0,0.0,0.0,0.0,0.0,0.0,3.0,29.0,21.0,3.0
2024,000405,Jesse Bernhardt,OUT,Outlaws,1,D,Defense,2024-09-02,2024-09-02,1.0,1.0,1.0,0.0,1.0,0.0,3.0,1,2.0,0.0,0.0,0.0,0.0,0.0,0.0,0.0,3.0,0,0,0,0.0,0.0,0.0,0.0,0.0,14.0,11.0,0.3333333333333333,0.3333333333333333,,,,,,0.0,1.0,1.0,1.0,0.0,1.0,0.0,3.0,1.0,2.0,0.0,0.0,0.0,0.0,0.0,0.0,0.0,3.0,0.0,0.0,0.0,0.0,0.0,0.0,0.0,0.0,14.0,11.0,0.0
2024,000419,Zed Williams,WHP,Whipsnakes,3,A,Attack,2024-09-02,2024-09-15,2.0,2.0,2.0,0.0,2.0,0.0,20.0,15,3.0,0.0,0.0,0.0,0.0,0.0,4.0,6.0,1.0,0,0,0,0.0,0.0,0.0,0.0,3.0,56.0,30.0,0.1,0.75,,,,,0.0,0.0,0.6666666666666666,0.6666666666666666,0.6666666666666666,0.0,0.6666666666666666,0.0,6.666666666666667,5.0,1.0,0.0,0.0,0.0,0.0,0.0,1.3333333333333333,2.0,0.3333333333333333,0.0,0.0,0.0,0.0,0.0,0.0,0.0,1.0,18.666666666666668,10.0,1.0
2024,000424,Jake Pulver,CAN,Cannons,1,D,Defense,2024-09-02,2024-09-02,0.0,0.0,0.0,0.0,0.0,0.0,0.0,0,0.0,0.0,0.0,0.0,0.0,0.0,3.0,0.0,1.0,0,0,0,0.0,0.0,0.0,0.0,0.0,4.0,4.0,,,,,,,,,0.0,0.0,0.0,0.0,0.0,0.0,0.0,0.0,0.0,0.0,0.0,0.0,0.0,0.0,3.0,0.0,1.0,0.0,0.0,0.0,0.0,0.0,0.0,0.0,0.0,4.0,4.0,0.0
2024,000922,Graeme Hossack,ARC,Archers,2,D,Defense,2024-09-07,2024-09-15,2.0,2.0,0.0,1.0,1.0,0.0,1.0,1,1.0,0.0,0.0,0.0,0.0,0.0,4.0,0.0,2.0,0,0,0,0.0,0.0,0.0,0.0,0.0,14.0,13.0,1.0,1.0,,,,,,1.0,1.0,1.0,0.0,0.5,0.5,0.0,0.5,0.5,0.5,0.0,0.0,0.0,0.0,0.0,2.0,0.0,1.0,0.0,0.0,0.0,0.0,0.0,0.0,0.0,0.0,7.0,6.5,0.0
2024,000978,Kyle Jackson,CHA,Chaos,2,M,Midfield,2024-09-02,2024-09-07,2.0,2.0,2.0,0.0,2.0,0.0,7.0,5,0.0,0.0,0.0,0.0,0.0,0.0,1.0,5.0,0.0,0,0,0,0.0,0.0,2.0,1.5,1.0,40.0,28.0,0.2857142857142857,0.7142857142857143,,,,,0.0,,1.0,1.0,1.0,0.0,1.0,0.0,3.5,2.5,0.0,0.0,0.0,0.0,0.0,0.0,0.5,2.5,0.0,0.0,0.0,0.0,0.0,0.0,1.0,0.75,0.5,20.0,14.0,0.5
2024,001009,Colin Heacock,WHP,Whipsnakes,3,M,Midfield,2024-09-02,2024-09-15,4.0,4.0,4.0,0.0,4.0,0.0,8.0,5,1.0,0.0,0.0,0.0,0.0,0.0,1.0,2.0,0.0,0,0,0,0.0,0.0,0.0,0.0,0.0,34.0,24.0,0.5,0.625,,,,,,0.0,1.3333333333333333,1.3333333333333333,1.3333333333333333,0.0,1.3333333333333333,0.0,2.6666666666666665,1.6666666666666667,0.3333333333333333,0.0,0.0,0.0,0.0,0.0,0.3333333333333333,0.6666666666666666,0.0,0.0,0.0,0.0,0.0,0.0,0.0,0.0,0.0,11.333333333333334,8.0,0.0
2024,001397,Michael Rexrode,ATL,Atlas,1,D,Defense,2024-09-07,2024-09-07,0.0,0.0,0.0,0.0,0.0,0.0,0.0,0,0.0,0.0,0.0,0.0,0.0,0.0,3.0,0.0,2.0,0,0,0,0.0,0.0,0.0,0.0,0.0,7.0,7.0,,,,,,,,,0.0,0.0,0.0,0.0,0.0,0.0,0.0,0.0,0.0,0.0,0.0,0.0,0.0,0.0,3.0,0.0,2.0,0.0,0.0,0.0,0.0,0.0,0.0,0.0,0.0,7.0,7.0,0.0
2024,001661,Warren Jeffrey,ARC,Archers,2,D,Defense,2024-09-07,2024-09-15,0.0,0.0,0.0,0.0,0.0,0.0,0.0,0,0.0,0.0,0.0,0.0,0.0,0.0,2.0,0.0,0.0,0,0,0,0.0,0.0,0.0,0.0,0.0,6.0,6.0,,,,,,,,,0.0,0.0,0.0,0.0,0.0,0.0,0.0,0.0,0.0,0.0,0.0,0.0,0.0,0.0,1.0,0.0,0.0,0.0,0.0,0.0,0.0,0.0,0.0,0.0,0.0,3.0,3.0,0.0
2024,001671,Zach Goodrich,CAN,Cannons,1,SSDM,Defensive Midfield,2024-09-02,2024-09-02,0.0,0.0,0.0,0.0,0.0,0.0,1.0,0,1.0,0.0,0.0,0.0,0.0,0.0,0.0,0.0,0.0,0,0,0,0.0,0.0,0.0,0.0,0.0,2.0,1.0,0.0,0.0,,,,,,0.0,0.0,0.0,0.0,0.0,0.0,0.0,1.0,0.0,1.0,0.0,0.0,0.0,0.0,0.0,0.0,0.0,0.0,0.0,0.0,0.0,0.0,0.0,0.0,0.0,0.0,2.0,1.0,0.0
2024,001729,Chris Aslanian,CAN,Cannons,1,M,Midfield,2024-09-02,2024-09-02,1.0,0.0,0.0,0.0,0.0,1.0,1.0,0,1.0,0.0,0.0,0.0,0.0,0.0,0.0,2.0,0.0,0,0,0,0.0,0.0,0.0,0.0,3.0,26.0,23.0,0.0,0.0,,,,,0.3333333333333333,0.0,1.0,0.0,0.0,0.0,0.0,1.0,1.0,0.0,1.0,0.0,0.0,0.0,0.0,0.0,0.0,2.0,0.0,0.0,0.0,0.0,0.0,0.0,0.0,0.0,3.0,26.0,23.0,3.0
2024,001809,Jeff Teat,ATL,Atlas,1,A,Attack,2024-09-07,2024-09-07,2.0,2.0,2.0,0.0,2.0,0.0,8.0,5,0.0,0.0,0.0,0.0,0.0,0.0,1.0,3.0,1.0,0,0,0,0.0,0.0,0.0,0.0,10.0,38.0,27.0,0.25,0.625,,,,,0.0,,2.0,2.0,2.0,0.0,2.0,0.0,8.0,5.0,0.0,0.0,0.0,0.0,0.0,0.0,1.0,3.0,1.0,0.0,0.0,0.0,0.0,0.0,0.0,0.0,10.0,38.0,27.0,10.0
2024,001811,JT Giles-Harris,OUT,Outlaws,1,D,Defense,2024-09-02,2024-09-02,0.0,0.0,0.0,0.0,0.0,0.0,0.0,0,0.0,0.0,0.0,0.0,0.0,0.0,0.0,0.0,0.0,0,0,0,0.0,0.0,0.0,0.0,0.0,6.0,6.0,,,,,,,,,0.0,0.0,0.0,0.0,0.0,0.0,0.0,0.0,0.0,0.0,0.0,0.0,0.0,0.0,0.0,0.0,0.0,0.0,0.0,0.0,0.0,0.0,0.0,0.0,0.0,6.0,6.0,0.0
2024,001814,Mac O'Keefe,ARC,Archers,2,A,Attack,2024-09-07,2024-09-15,6.0,5.0,5.0,0.0,5.0,1.0,17.0,10,1.0,0.0,0.0,0.0,0.0,0.0,1.0,3.0,1.0,0,0,0,0.0,0.0,0.0,0.0,3.0,54.0,34.0,0.29411764705882354,0.5882352941176471,,,,,0.3333333333333333,0.0,3.0,2.5,2.5,0.0,2.5,0.5,8.5,5.0,0.5,0.0,0.0,0.0,0.0,0.0,0.5,1.5,0.5,0.0,0.0,0.0,0.0,0.0,0.0,0.0,1.5,27.0,17.0,1.5
2024,001815,Connor Kirst,CAN,Cannons,1,M,Midfield,2024-09-02,2024-09-02,1.0,1.0,1.0,0.0,1.0,0.0,3.0,2,0.0,0.0,0.0,0.0,0.0,0.0,1.0,0.0,0.0,1,0,1,0.0,0.0,0.0,0.0,1.0,10.0,7.0,0.3333333333333333,0.6666666666666666,1.0,,,,0.0,,1.0,1.0,1.0,0.0,1.0,0.0,3.0,2.0,0.0,0.0,0.0,0.0,0.0,0.0,1.0,0.0,0.0,1.0,0.0,1.0,0.0,0.0,0.0,0.0,1.0,10.0,7.0,1.0
2024,001816,Dox Aitken,ATL,Atlas,1,M,Midfield,2024-09-07,2024-09-07,2.0,1.0,1.0,0.0,1.0,1.0,8.0,3,2.0,0.0,0.0,0.0,0.0,0.0,1.0,1.0,0.0,0,0,0,0.0,0.0,0.0,0.0,3.0,41.0,32.0,0.125,0.375,,,,,0.3333333333333333,0.0,2.0,1.0,1.0,0.0,1.0,1.0,8.0,3.0,2.0,0.0,0.0,0.0,0.0,0.0,1.0,1.0,0.0,0.0,0.0,0.0,0.0,0.0,0.0,0.0,3.0,41.0,32.0,3.0
2024,001819,Danny Logan,ATL,Atlas,1,SSDM,Defensive Midfield,2024-09-07,2024-09-07,1.0,0.0,0.0,0.0,0.0,1.0,0.0,0,0.0,0.0,0.0,0.0,0.0,0.0,0.0,0.0,0.0,1,1,2,0.0,0.0,0.0,0.0,1.0,10.0,10.0,,,0.5,,,,1.0,,1.0,0.0,0.0,0.0,0.0,1.0,0.0,0.0,0.0,0.0,0.0,0.0,0.0,0.0,0.0,0.0,0.0,1.0,1.0,2.0,0.0,0.0,0.0,0.0,1.0,10.0,10.0,1.0
2024,001820,Ryan Terefenko,OUT,Outlaws,1,SSDM,Defensive Midfield,2024-09-02,2024-09-02,0.0,0.0,0.0,0.0,0.0,0.0,0.0,0,0.0,0.0,0.0,0.0,0.0,0.0,2.0,3.0,1.0,0,2,2,0.0,0.0,0.0,0.0,1.0,11.0,8.0,,,0.0,,,,0.0,,0.0,0.0,0.0,0.0,0.0,0.0,0.0,0.0,0.0,0.0,0.0,0.0,0.0,0.0,2.0,3.0,1.0,0.0,2.0,2.0,0.0,0.0,0.0,0.0,1.0,11.0,8.0,1.0
2024,001821,Tre Leclaire,ARC,Archers,2,M,Midfield,2024-09-07,2024-09-15,4.0,3.0,3.0,0.0,3.0,1.0,7.0,6,1.0,0.0,0.0,0.0,0.0,0.0,2.0,2.0,0.0,0,0,0,0.0,0.0,0.0,0.0,3.0,46.0,37.0,0.42857142857142855,0.8571428571428571,,,,,0.3333333333333333,0.0,2.0,1.5,1.5,0.0,1.5,0.5,3.5,3.0,0.5,0.0,0.0,0.0,0.0,0.0,1.0,1.0,0.0,0.0,0.0,0.0,0.0,0.0,0.0,0.0,1.5,23.0,18.5,1.5
2024,001826,Jeff Trainor,CAN,Cannons,1,SSDM,Defensive Midfield,2024-09-02,2024-09-02,0.0,0.0,0.0,0.0,0.0,0.0,1.0,0,1.0,0.0,0.0,0.0,0.0,0.0,1.0,0.0,0.0,0,0,0,0.0,0.0,1.0,1.0,2.0,8.0,7.0,0.0,0.0,,,,,0.0,0.0,0.0,0.0,0.0,0.0,0.0,0.0,1.0,0.0,1.0,0.0,0.0,0.0,0.0,0.0,1.0,0.0,0.0,0.0,0.0,0.0,0.0,0.0,1.0,1.0,2.0,8.0,7.0,2.0
2024,001828,Justin Anderson,OUT,Outlaws,1,M,Midfield,2024-09-02,2024-09-02,0.0,0.0,0.0,0.0,0.0,0.0,1.0,0,0.0,0.0,0.0,0.0,0.0,0.0,3.0,0.0,0.0,0,0,0,0.0,0.0,1.0,0.5,2.0,11.0,10.0,0.0,0.0,,,,,0.0,,0.0,0.0,0.0,0.0,0.0,0.0,1.0,0.0,0.0,0.0,0.0,0.0,0.0,0.0,3.0,0.0,0.0,0.0,0.0,0.0,0.0,0.0,1.0,0.5,2.0,11.0,10.0,2.0
2024,001831,Colin Squires,WHP,Whipsnakes,3,LSM,Long Stick Midfield,2024-09-02,2024-09-15,0.0,0.0,0.0,0.0,0.0,0.0,1.0,1,1.0,0.0,0.0,0.0,0.0,0.0,11.0,2.0,0.0,0,0,0,0.0,0.0,0.0,0.0,1.0,14.0,11.0,0.0,1.0,,,,,0.0,0.0,0.0,0.0,0.0,0.0,0.0,0.0,0.3333333333333333,0.3333333333333333,0.3333333333333333,0.0,0.0,0.0,0.0,0.0,3.6666666666666665,0.6666666666666666,0.0,0.0,0.0,0.0,0.0,0.0,0.0,0.0,0.3333333333333333,4.666666666666667,3.6666666666666665,0.3333333333333333
2024,001839,Nick Grill,OUT,Outlaws,1,LSM,Long Stick Midfield,2024-09-02,2024-09-02,0.0,0.0,0.0,0.0,0.0,0.0,0.0,0,0.0,0.0,0.0,0.0,0.0,0.0,0.0,0.0,0.0,0,0,0,0.0,0.0,0.0,0.0,0.0,1.0,1.0,,,,,,,,,0.0,0.0,0.0,0.0,0.0,0.0,0.0,0.0,0.0,0.0,0.0,0.0,0.0,0.0,0.0,0.0,0.0,0.0,0.0,0.0,0.0,0.0,0.0,0.0,0.0,1.0,1.0,0.0
2024,002018,Matt Moore,ARC,Archers,2,A,Attack,2024-09-07,2024-09-15,5.0,3.0,3.0,0.0,3.0,2.0,11.0,9,1.0,0.0,0.0,0.0,0.0,0.0,0.0,2.0,0.0,0,0,0,0.0,0.0,1.0,2.0,6.0,53.0,40.0,0.2727272727272727,0.8181818181818182,,,,,0.3333333333333333,0.0,2.5,1.5,1.5,0.0,1.5,1.0,5.5,4.5,0.5,0.0,0.0,0.0,0.0,0.0,0.0,1.0,0.0,0.0,0.0,0.0,0.0,0.0,0.5,1.0,3.0,26.5,20.0,3.0
2024,002019,Koby Smith,ATL,Atlas,1,LSM,Long Stick Midfield,2024-09-07,2024-09-07,0.0,0.0,0.0,0.0,0.0,0.0,1.0,0,1.0,0.0,0.0,0.0,0.0,0.0,3.0,1.0,0.0,0,0,0,0.0,0.0,0.0,0.0,0.0,6.0,4.0,0.0,0.0,,,,,,0.0,0.0,0.0,0.0,0.0,0.0,0.0,1.0,0.0,1.0,0.0,0.0,0.0,0.0,0.0,3.0,1.0,0.0,0.0,0.0,0.0,0.0,0.0,0.0,0.0,0.0,6.0,4.0,0.0
2024,002021,Roman Puglise,WHP,Whipsnakes,3,SSDM,Defensive Midfield,2024-09-02,2024-09-15,0.0,0.0,0.0,0.0,0.0,0.0,1.0,1,0.0,0.0,0.0,0.0,0.0,0.0,3.0,0.0,1.0,0,0,0,0.0,0.0,1.0,0.5,2.0,22.0,21.0,0.0,1.0,,,,,0.0,,0.0,0.0,0.0,0.0,0.0,0.0,0.3333333333333333,0.3333333333333333,0.0,0.0,0.0,0.0,0.0,0.0,1.0,0.0,0.3333333333333333,0.0,0.0,0.0,0.0,0.0,0.3333333333333333,0.16666666666666666,0.6666666666666666,7.333333333333333,7.0,0.6666666666666666
2024,002022,Zach Geddes,CHA,Chaos,2,SSDM,Defensive Midfield,2024-09-02,2024-09-07,1.0,1.0,1.0,0.0,1.0,0.0,1.0,1,0.0,0.0,0.0,0.0,0.0,0.0,2.0,2.0,0.0,0,0,0,0.0,0.0,0.0,0.0,0.0,19.0,16.0,1.0,1.0,,,,,,,0.5,0.5,0.5,0.0,0.5,0.0,0.5,0.5,0.0,0.0,0.0,0.0,0.0,0.0,1.0,1.0,0.0,0.0,0.0,0.0,0.0,0.0,0.0,0.0,0.0,9.5,8.0,0.0
2024,002024,Asher Nolting,CAN,Cannons,1,A,Attack,2024-09-02,2024-09-02,1.0,1.0,1.0,0.0,1.0,0.0,8.0,3,0.0,0.0,0.0,0.0,0.0,0.0,2.0,3.0,0.0,0,0,0,0.0,0.0,0.0,0.0,2.0,36.0,25.0,0.125,0.375,,,,,0.0,,1.0,1.0,1.0,0.0,1.0,0.0,8.0,3.0,0.0,0.0,0.0,0.0,0.0,0.0,2.0,3.0,0.0,0.0,0.0,0.0,0.0,0.0,0.0,0.0,2.0,36.0,25.0,2.0
2024,002025,Bubba Fairman,CAN,Cannons,1,SSDM,Defensive Midfield,2024-09-02,2024-09-02,0.0,0.0,0.0,0.0,0.0,0.0,2.0,0,0.0,0.0,0.0,0.0,0.0,0.0,1.0,0.0,0.0,0,0,0,0.0,0.0,0.0,0.0,0.0,12.0,10.0,0.0,0.0,,,,,,,0.0,0.0,0.0,0.0,0.0,0.0,2.0,0.0,0.0,0.0,0.0,0.0,0.0,0.0,1.0,0.0,0.0,0.0,0.0,0.0,0.0,0.0,0.0,0.0,0.0,12.0,10.0,0.0
2024,002026,Brett Dobson,ARC,Archers,2,G,Goalie,2024-09-07,2024-09-15,0.0,0.0,0.0,0.0,0.0,0.0,0.0,0,0.0,38.0,14.0,24.0,9.0,9.0,6.0,0.0,1.0,0,0,0,9.0,0.0,0.0,0.0,0.0,35.0,35.0,,,,0.8085106382978723,36.84210526315789,0.2978723404255319,,,0.0,0.0,0.0,0.0,0.0,0.0,0.0,0.0,0.0,19.0,7.0,12.0,4.5,4.5,3.0,0.0,0.5,0.0,0.0,0.0,4.5,0.0,0.0,0.0,0.0,17.5,17.5,0.0
2024,002029,Wheaton Jackoboice,WHP,Whipsnakes,2,SSDM,Defensive Midfield,2024-09-07,2024-09-15,0.0,0.0,0.0,0.0,0.0,0.0,0.0,0,0.0,0.0,0.0,0.0,0.0,0.0,2.0,0.0,0.0,0,0,0,0.0,0.0,1.0,0.5,0.0,11.0,11.0,,,,,,,,,0.0,0.0,0.0,0.0,0.0,0.0,0.0,0.0,0.0,0.0,0.0,0.0,0.0,0.0,1.0,0.0,0.0,0.0,0.0,0.0,0.0,0.0,0.5,0.25,0.0,5.5,5.5,0.0
2024,002031,Ryan McNulty,CHA,Chaos,1,LSM,Long Stick Midfield,2024-09-02,2024-09-02,0.0,0.0,0.0,0.0,0.0,0.0,1.0,0,1.0,0.0,0.0,0.0,0.0,0.0,1.0,1.0,0.0,0,0,0,0.0,0.0,0.0,0.0,0.0,6.0,4.0,0.0,0.0,,,,,,0.0,0.0,0.0,0.0,0.0,0.0,0.0,1.0,0.0,1.0,0.0,0.0,0.0,0.0,0.0,1.0,1.0,0.0,0.0,0.0,0.0,0.0,0.0,0.0,0.0,0.0,6.0,4.0,0.0
2024,002038,Colin Kirst,CAN,Cannons,1,G,Goalie,2024-09-02,2024-09-02,0.0,0.0,0.0,0.0,0.0,0.0,0.0,0,0.0,12.0,4.0,8.0,8.0,8.005559416261292,1.0,0.0,1.0,0,0,0,8.0,0.0,0.0,0.0,0.0,13.0,13.0,,,,0.6,33.33333333333333,0.2,,,0.0,0.0,0.0,0.0,0.0,0.0,0.0,0.0,0.0,12.0,4.0,8.0,8.0,8.005559416261292,1.0,0.0,1.0,0.0,0.0,0.0,8.0,0.0,0.0,0.0,0.0,13.0,13.0,0.0
2024,002039,Owen McElroy,OUT,Outlaws,1,G,Goalie,2024-09-02,2024-09-02,0.0,0.0,0.0,0.0,0.0,0.0,0.0,0,0.0,15.0,5.0,10.0,11.0,11.0,6.0,0.0,0.0,0,0,0,10.0,1.0,0.0,0.0,1.0,14.0,14.0,,,,0.6,33.33333333333333,0.2,0.0,,0.0,0.0,0.0,0.0,0.0,0.0,0.0,0.0,0.0,15.0,5.0,10.0,11.0,11.0,6.0,0.0,0.0,0.0,0.0,0.0,10.0,1.0,0.0,0.0,1.0,14.0,14.0,1.0
2024,002042,Jon Robbins,ARC,Archers,2,LSM,Long Stick Midfield,2024-09-07,2024-09-15,1.0,0.0,0.0,0.0,0.0,1.0,0.0,0,0.0,0.0,0.0,0.0,0.0,0.0,2.0,1.0,1.0,0,0,0,0.0,0.0,1.0,0.5,1.0,4.0,3.0,,,,,,,1.0,,0.5,0.0,0.0,0.0,0.0,0.5,0.0,0.0,0.0,0.0,0.0,0.0,0.0,0.0,1.0,0.5,0.5,0.0,0.0,0.0,0.0,0.0,0.5,0.25,0.5,2.0,1.5,0.5
2024,002059,Brendan Krebs,WHP,Whipsnakes,3,G,Goalie,2024-09-02,2024-09-15,1.0,0.0,0.0,0.0,0.0,1.0,1.0,0,1.0,40.0,18.0,22.0,33.0,31.58257713248639,10.0,2.0,0.0,0,0,0,29.0,4.0,0.0,0.0,2.0,62.0,59.0,0.0,0.0,,0.5797101449275363,45.0,0.2608695652173913,0.5,0.0,0.3333333333333333,0.0,0.0,0.0,0.0,0.3333333333333333,0.3333333333333333,0.0,0.3333333333333333,13.333333333333334,6.0,7.333333333333333,11.0,10.527525710828796,3.3333333333333335,0.6666666666666666,0.0,0.0,0.0,0.0,9.666666666666666,1.3333333333333333,0.0,0.0,0.6666666666666666,20.666666666666668,19.666666666666668,0.6666666666666666
2024,002067,Zac Tucci,CAN,Cannons,1,FO,Faceoff,2024-09-02,2024-09-02,0.0,0.0,0.0,0.0,0.0,0.0,2.0,2,1.0,0.0,0.0,0.0,0.0,0.0,6.0,2.0,0.0,8,7,15,0.0,0.0,2.0,1.0,0.0,6.0,2.0,0.0,1.0,0.5333333333333333,,,,,0.0,0.0,0.0,0.0,0.0,0.0,0.0,2.0,2.0,1.0,0.0,0.0,0.0,0.0,0.0,6.0,2.0,0.0,8.0,7.0,15.0,0.0,0.0,2.0,1.0,0.0,6.0,2.0,0.0
2024,002074,Alexander Smith,OUT,Outlaws,1,SSDM,Defensive Midfield,2024-09-02,2024-09-02,0.0,0.0,0.0,0.0,0.0,0.0,0.0,0,0.0,0.0,0.0,0.0,0.0,0.0,0.0,1.0,0.0,0,0,0,0.0,0.0,0.0,0.0,0.0,10.0,9.0,,,,,,,,,0.0,0.0,0.0,0.0,0.0,0.0,0.0,0.0,0.0,0.0,0.0,0.0,0.0,0.0,0.0,1.0,0.0,0.0,0.0,0.0,0.0,0.0,0.0,0.0,0.0,10.0,9.0,0.0
2024,003004,Mike Sisselberger,ARC,Archers,2,FO,Faceoff,2024-09-07,2024-09-15,0.0,0.0,0.0,0.0,0.0,0.0,0.0,0,0.0,0.0,0.0,0.0,0.0,0.0,5.0,3.0,1.0,13,19,34,0.0,0.0,0.0,0.0,0.0,5.0,2.0,,,0.38235294117647056,,,,,,0.0,0.0,0.0,0.0,0.0,0.0,0.0,0.0,0.0,0.0,0.0,0.0,0.0,0.0,2.5,1.5,0.5,6.5,9.5,17.0,0.0,0.0,0.0,0.0,0.0,2.5,1.0,0.0
2024,003005,Connor Maher,ARC,Archers,2,SSDM,Defensive Midfield,2024-09-07,2024-09-15,0.0,0.0,0.0,0.0,0.0,0.0,0.0,0,0.0,0.0,0.0,0.0,0.0,0.0,3.0,0.0,0.0,0,1,1,0.0,0.0,0.0,0.0,0.0,12.0,12.0,,,0.0,,,,,,0.0,0.0,0.0,0.0,0.0,0.0,0.0,0.0,0.0,0.0,0.0,0.0,0.0,0.0,1.5,0.0,0.0,0.0,0.5,0.5,0.0,0.0,0.0,0.0,0.0,6.0,6.0,0.0
2024,003006,Piper Bond,ARC,Archers,2,SSDM,Defensive Midfield,2024-09-07,2024-09-15,0.0,0.0,0.0,0.0,0.0,0.0,0.0,0,0.0,0.0,0.0,0.0,0.0,0.0,2.0,1.0,1.0,0,1,1,0.0,0.0,1.0,0.5,0.0,27.0,26.0,,,0.0,,,,,,0.0,0.0,0.0,0.0,0.0,0.0,0.0,0.0,0.0,0.0,0.0,0.0,0.0,0.0,1.0,0.5,0.5,0.0,0.5,0.5,0.0,0.0,0.5,0.25,0.0,13.5,13.0,0.0
2024,003007,Cam Wyers,ARC,Archers,1,D,Defense,2024-09-15,2024-09-15,0.0,0.0,0.0,0.0,0.0,0.0,1.0,0,1.0,0.0,0.0,0.0,0.0,0.0,0.0,0.0,1.0,0,0,0,0.0,0.0,0.0,0.0,0.0,1.0,0.0,0.0,0.0,,,,,,0.0,0.0,0.0,0.0,0.0,0.0,0.0,1.0,0.0,1.0,0.0,0.0,0.0,0.0,0.0,0.0,0.0,1.0,0.0,0.0,0.0,0.0,0.0,0.0,0.0,0.0,1.0,0.0,0.0
2024,003008,Gavin Adler,ATL,Atlas,1,D,Defense,2024-09-07,2024-09-07,1.0,0.0,0.0,0.0,0.0,1.0,0.0,0,0.0,0.0,0.0,0.0,0.0,0.0,1.0,0.0,0.0,0,0,0,0.0,0.0,0.0,0.0,1.0,10.0,10.0,,,,,,,1.0,,1.0,0.0,0.0,0.0,0.0,1.0,0.0,0.0,0.0,0.0,0.0,0.0,0.0,0.0,1.0,0.0,0.0,0.0,0.0,0.0,0.0,0.0,0.0,0.0,1.0,10.0,10.0,1.0
2024,003009,Brett Makar,ATL,Atlas,1,D,Defense,2024-09-07,2024-09-07,0.0,0.0,0.0,0.0,0.0,0.0,0.0,0,0.0,0.0,0.0,0.0,0.0,0.0,3.0,1.0,4.0,0,0,0,0.0,0.0,0.0,0.0,0.0,9.0,8.0,,,,,,,,,0.0,0.0,0.0,0.0,0.0,0.0,0.0,0.0,0.0,0.0,0.0,0.0,0.0,0.0,3.0,1.0,4.0,0.0,0.0,0.0,0.0,0.0,0.0,0.0,0.0,9.0,8.0,0.0
2024,003010,Xander Dickson,ATL,Atlas,1,A,Attack,2024-09-07,2024-09-07,0.0,0.0,0.0,0.0,0.0,0.0,4.0,1,0.0,0.0,0.0,0.0,0.0,0.0,2.0,1.0,1.0,0,0,0,0.0,0.0,0.0,0.0,0.0,14.0,9.0,0.0,0.25,,,,,,,0.0,0.0,0.0,0.0,0.0,0.0,4.0,1.0,0.0,0.0,0.0,0.0,0.0,0.0,2.0,1.0,1.0,0.0,0.0,0.0,0.0,0.0,0.0,0.0,0.0,14.0,9.0,0.0
2024,003011,Payton Rezanka,ATL,Atlas,1,SSDM,Defensive Midfield,2024-09-07,2024-09-07,0.0,0.0,0.0,0.0,0.0,0.0,0.0,0,0.0,0.0,0.0,0.0,0.0,0.0,1.0,0.0,0.0,0,0,0,0.0,0.0,0.0,0.0,0.0,4.0,4.0,,,,,,,,,0.0,0.0,0.0,0.0,0.0,0.0,0.0,0.0,0.0,0.0,0.0,0.0,0.0,0.0,1.0,0.0,0.0,0.0,0.0,0.0,0.0,0.0,0.0,0.0,0.0,4.0,4.0,0.0
2024,003013,Matt Campbell,CAN,Cannons,1,M,Midfield,2024-09-02,2024-09-02,0.0,0.0,0.0,0.0,0.0,0.0,4.0,4,1.0,0.0,0.0,0.0,0.0,0.0,0.0,2.0,1.0,0,0,0,0.0,0.0,0.0,0.0,1.0,20.0,14.0,0.0,1.0,,,,,0.0,0.0,0.0,0.0,0.0,0.0,0.0,0.0,4.0,4.0,1.0,0.0,0.0,0.0,0.0,0.0,0.0,2.0,1.0,0.0,0.0,0.0,0.0,0.0,0.0,0.0,1.0,20.0,14.0,1.0
2024,003015,Will Bowen,CHA,Chaos,2,D,Defense,2024-09-02,2024-09-07,0.0,0.0,0.0,0.0,0.0,0.0,0.0,0,0.0,0.0,0.0,0.0,0.0,0.0,2.0,0.0,1.0,0,0,0,0.0,0.0,0.0,0.0,0.0,15.0,15.0,,,,,,,,,0.0,0.0,0.0,0.0,0.0,0.0,0.0,0.0,0.0,0.0,0.0,0.0,0.0,0.0,1.0,0.0,0.5,0.0,0.0,0.0,0.0,0.0,0.0,0.0,0.0,7.5,7.5,0.0
2024,003016,Brian Minicus,CHA,Chaos,2,M,Midfield,2024-09-02,2024-09-07,2.0,0.0,0.0,0.0,0.0,2.0,4.0,2,0.0,0.0,0.0,0.0,0.0,0.0,0.0,0.0,0.0,0,0,0,0.0,0.0,0.0,0.0,2.0,22.0,18.0,0.0,0.5,,,,,1.0,,1.0,0.0,0.0,0.0,0.0,1.0,2.0,1.0,0.0,0.0,0.0,0.0,0.0,0.0,0.0,0.0,0.0,0.0,0.0,0.0,0.0,0.0,0.0,0.0,1.0,11.0,9.0,1.0
2024,003017,Tye Kurtz,CHA,Chaos,2,A,Attack,2024-09-02,2024-09-07,4.0,2.0,2.0,0.0,2.0,2.0,8.0,6,1.0,0.0,0.0,0.0,0.0,0.0,3.0,0.0,0.0,0,0,0,0.0,0.0,0.0,0.0,4.0,49.0,41.0,0.25,0.75,,,,,0.5,0.0,2.0,1.0,1.0,0.0,1.0,1.0,4.0,3.0,0.5,0.0,0.0,0.0,0.0,0.0,1.5,0.0,0.0,0.0,0.0,0.0,0.0,0.0,0.0,0.0,2.0,24.5,20.5,2.0
2024,003018,Nick Rowlett,CHA,Chaos,1,FO,Faceoff,2024-09-07,2024-09-07,0.0,0.0,0.0,0.0,0.0,0.0,0.0,0,0.0,0.0,0.0,0.0,0.0,0.0,3.0,0.0,0.0,7,5,13,0.0,0.0,0.0,0.0,0.0,3.0,3.0,,,0.5384615384615384,,,,,,0.0,0.0,0.0,0.0,0.0,0.0,0.0,0.0,0.0,0.0,0.0,0.0,0.0,0.0,3.0,0.0,0.0,7.0,5.0,13.0,0.0,0.0,0.0,0.0,0.0,3.0,3.0,0.0
2024,003019,Sam Handley,OUT,Outlaws,1,M,Midfield,2024-09-02,2024-09-02,4.0,2.0,0.0,1.0,1.0,2.0,4.0,3,2.0,0.0,0.0,0.0,0.0,0.0,0.0,0.0,0.0,0,0,0,0.0,0.0,0.0,0.0,4.0,17.0,13.0,0.25,0.75,,,,,0.5,0.5,4.0,2.0,0.0,1.0,1.0,2.0,4.0,3.0,2.0,0.0,0.0,0.0,0.0,0.0,0.0,0.0,0.0,0.0,0.0,0.0,0.0,0.0,0.0,0.0,4.0,17.0,13.0,4.0
2024,003022,Cross Ferrara,OUT,Outlaws,1,M,Midfield,2024-09-02,2024-09-02,2.0,1.0,1.0,0.0,1.0,1.0,2.0,1,0.0,0.0,0.0,0.0,0.0,0.0,0.0,0.0,0.0,0,0,0,0.0,0.0,0.0,0.0,1.0,10.0,8.0,0.5,0.5,,,,,1.0,,2.0,1.0,1.0,0.0,1.0,1.0,2.0,1.0,0.0,0.0,0.0,0.0,0.0,0.0,0.0,0.0,0.0,0.0,0.0,0.0,0.0,0.0,0.0,0.0,1.0,10.0,8.0,1.0
2024,003028,Alex Mazzone,WHP,Whipsnakes,3,LSM,Long Stick Midfield,2024-09-02,2024-09-15,0.0,0.0,0.0,0.0,0.0,0.0,0.0,0,0.0,0.0,0.0,0.0,0.0,0.0,2.0,1.0,1.0,0,0,0,0.0,0.0,0.0,0.0,0.0,7.0,6.0,,,,,,,,,0.0,0.0,0.0,0.0,0.0,0.0,0.0,0.0,0.0,0.0,0.0,0.0,0.0,0.0,0.6666666666666666,0.3333333333333333,0.3333333333333333,0.0,0.0,0.0,0.0,0.0,0.0,0.0,0.0,2.3333333333333335,2.0,0.0
2024,003030,James Reilly,CHA,Chaos,1,FO,Faceoff,2024-09-02,2024-09-02,0.0,0.0,0.0,0.0,0.0,0.0,0.0,0,0.0,0.0,0.0,0.0,0.0,0.0,2.0,0.0,1.0,7,8,15,0.0,0.0,0.0,0.0,0.0,0.0,0.0,,,0.4666666666666667,,,,,,0.0,0.0,0.0,0.0,0.0,0.0,0.0,0.0,0.0,0.0,0.0,0.0,0.0,0.0,2.0,0.0,1.0,7.0,8.0,15.0,0.0,0.0,0.0,0.0,0.0,0.0,0.0,0.0
2024,003039,Chet Comizio,ATL,Atlas,1,SSDM,Defensive Midfield,2024-09-07,2024-09-07,0.0,0.0,0.0,0.0,0.0,0.0,2.0,1,0.0,0.0,0.0,0.0,0.0,0.0,2.0,0.0,0.0,0,0,0,0.0,0.0,1.0,0.5,0.0,5.0,3.0,0.0,0.5,,,,,,,0.0,0.0,0.0,0.0,0.0,0.0,2.0,1.0,0.0,0.0,0.0,0.0,0.0,0.0,2.0,0.0,0.0,0.0,0.0,0.0,0.0,0.0,1.0,0.5,0.0,5.0,3.0,0.0
2024,003041,Ethan Rall,CAN,Cannons,1,LSM,Long Stick Midfield,2024-09-02,2024-09-02,0.0,0.0,0.0,0.0,0.0,0.0,0.0,0,0.0,0.0,0.0,0.0,0.0,0.0,1.0,0.0,0.0,0,0,0,0.0,0.0,0.0,0.0,0.0,4.0,4.0,,,,,,,,,0.0,0.0,0.0,0.0,0.0,0.0,0.0,0.0,0.0,0.0,0.0,0.0,0.0,0.0,1.0,0.0,0.0,0.0,0.0,0.0,0.0,0.0,0.0,0.0,0.0,4.0,4.0,0.0
2024,003048,TJ Malone,WHP,Whipsnakes,3,A,Attack,2024-09-02,2024-09-15,13.0,5.0,5.0,0.0,5.0,8.0,21.0,13,2.0,0.0,0.0,0.0,0.0,0.0,8.0,10.0,1.0,0,0,0,0.0,0.0,1.0,0.5,16.0,83.0,52.0,0.23809523809523808,0.6190476190476191,,,,,0.5,0.0,4.333333333333333,1.6666666666666667,1.6666666666666667,0.0,1.6666666666666667,2.6666666666666665,7.0,4.333333333333333,0.6666666666666666,0.0,0.0,0.0,0.0,0.0,2.6666666666666665,3.3333333333333335,0.3333333333333333,0.0,0.0,0.0,0.0,0.0,0.3333333333333333,0.16666666666666666,5.333333333333333,27.666666666666668,17.333333333333332,5.333333333333333
2024,003075,Brennan O'Neill,OUT,Outlaws,1,A,Attack,2024-09-02,2024-09-02,2.0,2.0,2.0,0.0,2.0,0.0,11.0,6,0.0,0.0,0.0,0.0,0.0,0.0,2.0,3.0,0.0,0,0,0,0.0,0.0,0.0,0.0,1.0,35.0,21.0,0.18181818181818182,0.5454545454545454,,,,,0.0,,2.0,2.0,2.0,0.0,2.0,0.0,11.0,6.0,0.0,0.0,0.0,0.0,0.0,0.0,2.0,3.0,0.0,0.0,0.0,0.0,0.0,0.0,0.0,0.0,1.0,35.0,21.0,1.0
2024,003076,Connor Shellenberger,ATL,Atlas,1,A,Attack,2024-09-07,2024-09-07,2.0,1.0,1.0,0.0,1.0,1.0,9.0,7,0.0,0.0,0.0,0.0,0.0,0.0,2.0,1.0,0.0,0,0,0,0.0,0.0,0.0,0.0,6.0,39.0,29.0,0.1111111111111111,0.7777777777777778,,,,,0.16666666666666666,,2.0,1.0,1.0,0.0,1.0,1.0,9.0,7.0,0.0,0.0,0.0,0.0,0.0,0.0,2.0,1.0,0.0,0.0,0.0,0.0,0.0,0.0,0.0,0.0,6.0,39.0,29.0,6.0
2024,003077,Ajax Zappitello,WHP,Whipsnakes,3,D,Defense,2024-09-02,2024-09-15,1.0,1.0,1.0,0.0,1.0,0.0,2.0,1,0.0,0.0,0.0,0.0,0.0,0.0,12.0,1.0,4.0,0,0,0,0.0,0.0,0.0,0.0,0.0,28.0,25.0,0.5,0.5,,,,,,,0.3333333333333333,0.3333333333333333,0.3333333333333333,0.0,0.3333333333333333,0.0,0.6666666666666666,0.3333333333333333,0.0,0.0,0.0,0.0,0.0,0.0,4.0,0.3333333333333333,1.3333333333333333,0.0,0.0,0.0,0.0,0.0,0.0,0.0,0.0,9.333333333333334,8.333333333333334,0.0
2024,003078,Shane Knobloch,CHA,Chaos,2,M,Midfield,2024-09-02,2024-09-07,0.0,0.0,0.0,0.0,0.0,0.0,11.0,6,0.0,0.0,0.0,0.0,0.0,0.0,3.0,3.0,0.0,0,0,0,0.0,0.0,0.0,0.0,0.0,31.0,17.0,0.0,0.5454545454545454,,,,,,,0.0,0.0,0.0,0.0,0.0,0.0,5.5,3.0,0.0,0.0,0.0,0.0,0.0,0.0,1.5,1.5,0.0,0.0,0.0,0.0,0.0,0.0,0.0,0.0,0.0,15.5,8.5,0.0
2024,003079,Liam Entenmann,ATL,Atlas,1,G,Goalie,2024-09-07,2024-09-07,0.0,0.0,0.0,0.0,0.0,0.0,0.0,0,0.0,9.0,3.0,6.0,12.0,10.453720508166969,4.0,0.0,0.0,0,0,0,12.0,0.0,0.0,0.0,0.0,23.0,23.0,,,,0.42857142857142855,33.33333333333333,0.14285714285714285,,,0.0,0.0,0.0,0.0,0.0,0.0,0.0,0.0,0.0,9.0,3.0,6.0,12.0,10.453720508166969,4.0,0.0,0.0,0.0,0.0,0.0,12.0,0.0,0.0,0.0,0.0,23.0,23.0,0.0
2024,003080,Pat Kavanagh,CAN,Cannons,1,A,Attack,2024-09-02,2024-09-02,1.0,1.0,1.0,0.0,1.0,0.0,7.0,5,0.0,0.0,0.0,0.0,0.0,0.0,0.0,0.0,0.0,0,0,0,0.0,0.0,0.0,0.0,2.0,19.0,12.0,0.14285714285714285,0.7142857142857143,,,,,0.0,,1.0,1.0,1.0,0.0,1.0,0.0,7.0,5.0,0.0,0.0,0.0,0.0,0.0,0.0,0.0,0.0,0.0,0.0,0.0,0.0,0.0,0.0,0.0,0.0,2.0,19.0,12.0,2.0
2024,003082,Mason Woodward,ARC,Archers,2,D,Defense,2024-09-07,2024-09-15,2.0,2.0,0.0,1.0,1.0,0.0,4.0,2,4.0,0.0,0.0,0.0,0.0,0.0,7.0,0.0,4.0,0,0,0,0.0,0.0,0.0,0.0,1.0,23.0,19.0,0.25,0.5,,,,,0.0,0.25,1.0,1.0,0.0,0.5,0.5,0.0,2.0,1.0,2.0,0.0,0.0,0.0,0.0,0.0,3.5,0.0,2.0,0.0,0.0,0.0,0.0,0.0,0.0,0.0,0.5,11.5,9.5,0.5
2024,003083,Jake Piseno,OUT,Outlaws,1,LSM,Long Stick Midfield,2024-09-02,2024-09-02,0.0,0.0,0.0,0.0,0.0,0.0,0.0,0,0.0,0.0,0.0,0.0,0.0,0.0,2.0,0.0,0.0,0,0,0,0.0,0.0,0.0,0.0,1.0,5.0,5.0,,,,,,,0.0,,0.0,0.0,0.0,0.0,0.0,0.0,0.0,0.0,0.0,0.0,0.0,0.0,0.0,0.0,2.0,0.0,0.0,0.0,0.0,0.0,0.0,0.0,0.0,0.0,1.0,5.0,5.0,1.0
2024,003084,Jake Stevens,ATL,Atlas,1,M,Midfield,2024-09-07,2024-09-07,0.0,0.0,0.0,0.0,0.0,0.0,2.0,1,0.0,0.0,0.0,0.0,0.0,0.0,1.0,1.0,0.0,0,0,0,0.0,0.0,0.0,0.0,0.0,11.0,8.0,0.0,0.5,,,,,,,0.0,0.0,0.0,0.0,0.0,0.0,2.0,1.0,0.0,0.0,0.0,0.0,0.0,0.0,1.0,1.0,0.0,0.0,0.0,0.0,0.0,0.0,0.0,0.0,0.0,11.0,8.0,0.0
2024,003085,Graham Bundy,OUT,Outlaws,1,M,Midfield,2024-09-02,2024-09-02,1.0,1.0,1.0,0.0,1.0,0.0,3.0,3,2.0,0.0,0.0,0.0,0.0,0.0,1.0,1.0,0.0,0,0,0,0.0,0.0,0.0,0.0,1.0,21.0,17.0,0.3333333333333333,1.0,,,,,0.0,0.0,1.0,1.0,1.0,0.0,1.0,0.0,3.0,3.0,2.0,0.0,0.0,0.0,0.0,0.0,1.0,1.0,0.0,0.0,0.0,0.0,0.0,0.0,0.0,0.0,1.0,21.0,17.0,1.0
2024,003087,Beau Pederson,ARC,Archers,2,SSDM,Defensive Midfield,2024-09-07,2024-09-15,0.0,0.0,0.0,0.0,0.0,0.0,0.0,0,0.0,0.0,0.0,0.0,0.0,0.0,5.0,1.0,1.0,0,1,1,0.0,0.0,1.0,0.5,1.0,17.0,16.0,,,0.0,,,,0.0,,0.0,0.0,0.0,0.0,0.0,0.0,0.0,0.0,0.0,0.0,0.0,0.0,0.0,0.0,2.5,0.5,0.5,0.0,0.5,0.5,0.0,0.0,0.5,0.25,0.5,8.5,8.0,0.5
2024,003088,Alexander Vardaro,CAN,Cannons,1,M,Midfield,2024-09-02,2024-09-02,1.0,1.0,1.0,0.0,1.0,0.0,2.0,1,0.0,0.0,0.0,0.0,0.0,0.0,1.0,0.0,0.0,0,0,0,0.0,0.0,0.0,0.0,1.0,16.0,14.0,0.5,0.5,,,,,0.0,,1.0,1.0,1.0,0.0,1.0,0.0,2.0,1.0,0.0,0.0,0.0,0.0,0.0,0.0,1.0,0.0,0.0,0.0,0.0,0.0,0.0,0.0,0.0,0.0,1.0,16.0,14.0,1.0
2024,003090,Dyson Williams,ARC,Archers,2,M,Midfield,2024-09-07,2024-09-15,3.0,3.0,3.0,0.0,3.0,0.0,4.0,3,0.0,0.0,0.0,0.0,0.0,0.0,1.0,0.0,0.0,0,0,0,0.0,0.0,0.0,0.0,0.0,8.0,4.0,0.75,0.75,,,,,,,1.5,1.5,1.5,0.0,1.5,0.0,2.0,1.5,0.0,0.0,0.0,0.0,0.0,0.0,0.5,0.0,0.0,0.0,0.0,0.0,0.0,0.0,0.0,0.0,0.0,4.0,2.0,0.0
2024,003092,Josh Zawada,OUT,Outlaws,1,M,Midfield,2024-09-02,2024-09-02,0.0,0.0,0.0,0.0,0.0,0.0,3.0,2,0.0,0.0,0.0,0.0,0.0,0.0,0.0,1.0,0.0,0,0,0,0.0,0.0,0.0,0.0,1.0,39.0,35.0,0.0,0.6666666666666666,,,,,0.0,,0.0,0.0,0.0,0.0,0.0,0.0,3.0,2.0,0.0,0.0,0.0,0.0,0.0,0.0,0.0,1.0,0.0,0.0,0.0,0.0,0.0,0.0,0.0,0.0,1.0,39.0,35.0,1.0
2024,003093,Ross Scott,CHA,Chaos,2,A,Attack,2024-09-02,2024-09-07,1.0,1.0,1.0,0.0,1.0,0.0,10.0,5,0.0,0.0,0.0,0.0,0.0,0.0,2.0,3.0,0.0,0,0,0,0.0,0.0,0.0,0.0,5.0,53.0,40.0,0.1,0.5,,,,,0.0,,0.5,0.5,0.5,0.0,0.5,0.0,5.0,2.5,0.0,0.0,0.0,0.0,0.0,0.0,1.0,1.5,0.0,0.0,0.0,0.0,0.0,0.0,0.0,0.0,2.5,26.5,20.0,2.5
2024,003094,Levi Anderson,WHP,Whipsnakes,3,M,Midfield,2024-09-02,2024-09-15,3.0,3.0,3.0,0.0,3.0,0.0,12.0,5,1.0,0.0,0.0,0.0,0.0,0.0,0.0,2.0,1.0,0,0,0,0.0,0.0,0.0,0.0,1.0,30.0,16.0,0.25,0.4166666666666667,,,,,0.0,0.0,1.0,1.0,1.0,0.0,1.0,0.0,4.0,1.6666666666666667,0.3333333333333333,0.0,0.0,0.0,0.0,0.0,0.0,0.6666666666666666,0.3333333333333333,0.0,0.0,0.0,0.0,0.0,0.0,0.0,0.3333333333333333,10.0,5.333333333333333,0.3333333333333333
2024,003097,Colby Barsz,ARC,Archers,1,D,Defense,2024-09-07,2024-09-07,0.0,0.0,0.0,0.0,0.0,0.0,1.0,0,0.0,0.0,0.0,0.0,0.0,0.0,0.0,1.0,0.0,0,0,0,0.0,0.0,0.0,0.0,0.0,3.0,1.0,0.0,0.0,,,,,,,0.0,0.0,0.0,0.0,0.0,0.0,1.0,0.0,0.0,0.0,0.0,0.0,0.0,0.0,0.0,1.0,0.0,0.0,0.0,0.0,0.0,0.0,0.0,0.0,0.0,3.0,1.0,0.0
2024,003098,Luke Wierman,OUT,Outlaws,1,FO,Faceoff,2024-09-02,2024-09-02,0.0,0.0,0.0,0.0,0.0,0.0,1.0,0,0.0,0.0,0.0,0.0,0.0,0.0,4.0,1.0,0.0,10,10,21,0.0,0.0,0.0,0.0,0.0,4.0,2.0,0.0,0.0,0.47619047619047616,,,,,,0.0,0.0,0.0,0.0,0.0,0.0,1.0,0.0,0.0,0.0,0.0,0.0,0.0,0.0,4.0,1.0,0.0,10.0,10.0,21.0,0.0,0.0,0.0,0.0,0.0,4.0,2.0,0.0
2024,003099,Tyler Carpenter,ATL,Atlas,1,LSM,Long Stick Midfield,2024-09-07,2024-09-07,0.0,0.0,0.0,0.0,0.0,0.0,0.0,0,0.0,0.0,0.0,0.0,0.0,0.0,1.0,0.0,1.0,0,0,0,0.0,0.0,0.0,0.0,0.0,6.0,6.0,,,,,,,,,0.0,0.0,0.0,0.0,0.0,0.0,0.0,0.0,0.0,0.0,0.0,0.0,0.0,0.0,1.0,0.0,1.0,0.0,0.0,0.0,0.0,0.0,0.0,0.0,0.0,6.0,6.0,0.0
2024,003100,Adam Poitras,WHP,Whipsnakes,3,M,Midfield,2024-09-02,2024-09-15,4.0,3.0,3.0,0.0,3.0,1.0,16.0,6,1.0,0.0,0.0,0.0,0.0,0.0,8.0,2.0,0.0,0,0,0,0.0,0.0,0.0,0.0,5.0,66.0,48.0,0.1875,0.375,,,,,0.2,0.0,1.3333333333333333,1.0,1.0,0.0,1.0,0.3333333333333333,5.333333333333333,2.0,0.3333333333333333,0.0,0.0,0.0,0.0,0.0,2.6666666666666665,0.6666666666666666,0.0,0.0,0.0,0.0,0.0,0.0,0.0,0.0,1.6666666666666667,22.0,16.0,1.6666666666666667
2024,003106,Dalton Young,OUT,Outlaws,1,M,Midfield,2024-09-02,2024-09-02,3.0,3.0,3.0,0.0,3.0,0.0,5.0,3,0.0,0.0,0.0,0.0,0.0,0.0,2.0,1.0,0.0,0,0,0,0.0,0.0,0.0,0.0,2.0,15.0,9.0,0.6,0.6,,,,,0.0,,3.0,3.0,3.0,0.0,3.0,0.0,5.0,3.0,0.0,0.0,0.0,0.0,0.0,0.0,2.0,1.0,0.0,0.0,0.0,0.0,0.0,0.0,0.0,0.0,2.0,15.0,9.0,2.0
2024,003115,Payton Cormier,ATL,Atlas,1,A,Attack,2024-09-07,2024-09-07,0.0,0.0,0.0,0.0,0.0,0.0,3.0,1,0.0,0.0,0.0,0.0,0.0,0.0,0.0,1.0,0.0,0,0,0,0.0,0.0,0.0,0.0,1.0,16.0,12.0,0.0,0.3333333333333333,,,,,0.0,,0.0,0.0,0.0,0.0,0.0,0.0,3.0,1.0,0.0,0.0,0.0,0.0,0.0,0.0,0.0,1.0,0.0,0.0,0.0,0.0,0.0,0.0,0.0,0.0,1.0,16.0,12.0,1.0
2024,003120,Jack VanOverbeke,ARC,Archers,2,M,Midfield,2024-09-07,2024-09-15,0.0,0.0,0.0,0.0,0.0,0.0,6.0,4,0.0,0.0,0.0,0.0,0.0,0.0,0.0,3.0,0.0,0,0,0,0.0,0.0,0.0,0.0,0.0,22.0,13.0,0.0,0.6666666666666666,,,,,,,0.0,0.0,0.0,0.0,0.0,0.0,3.0,2.0,0.0,0.0,0.0,0.0,0.0,0.0,0.0,1.5,0.0,0.0,0.0,0.0,0.0,0.0,0.0,0.0,0.0,11.0,6.5,0.0
2024,003128,Jack Posey,CHA,Chaos,2,D,Defense,2024-09-02,2024-09-07,0.0,0.0,0.0,0.0,0.0,0.0,0.0,0,0.0,0.0,0.0,0.0,0.0,0.0,2.0,0.0,1.0,0,0,0,0.0,0.0,0.0,0.0,0.0,3.0,3.0,,,,,,,,,0.0,0.0,0.0,0.0,0.0,0.0,0.0,0.0,0.0,0.0,0.0,0.0,0.0,0.0,1.0,0.0,0.5,0.0,0.0,0.0,0.0,0.0,0.0,0.0,0.0,1.5,1.5,0.0
2024,003142,Jack Koras,WHP,Whipsnakes,1,M,Midfield,2024-09-02,2024-09-02,0.0,0.0,0.0,0.0,0.0,0.0,0.0,0,0.0,0.0,0.0,0.0,0.0,0.0,4.0,0.0,1.0,0,0,0,0.0,0.0,1.0,0.5,0.0,9.0,9.0,,,,,,,,,0.0,0.0,0.0,0.0,0.0,0.0,0.0,0.0,0.0,0.0,0.0,0.0,0.0,0.0,4.0,0.0,1.0,0.0,0.0,0.0,0.0,0.0,1.0,0.5,0.0,9.0,9.0,0.0
2025,000240,Kieran McArdle,WAT,Waterdogs,2,A,Attack,2025-08-23,2025-09-01,8.0,6.0,6.0,0.0,6.0,2.0,18.0,14,0.0,0.0,0.0,0.0,0.0,0.0,3.0,2.0,0.0,0,0,0,0.0,0.0,0.0,0.0,6.0,58.0,38.0,0.3333333333333333,0.7777777777777778,,,,,0.3333333333333333,,4.0,3.0,3.0,0.0,3.0,1.0,9.0,7.0,0.0,0.0,0.0,0.0,0.0,0.0,1.5,1.0,0.0,0.0,0.0,0.0,0.0,0.0,0.0,0.0,3.0,29.0,19.0,3.0
2025,000254,Trevor Baptiste,ATL,Atlas,2,FO,Faceoff,2025-09-01,2025-09-14,0.0,0.0,0.0,0.0,0.0,0.0,1.0,1,0.0,0.0,0.0,0.0,0.0,0.0,14.0,1.0,0.0,37,18,55,0.0,0.0,0.0,0.0,0.0,20.0,18.0,0.0,1.0,0.6727272727272727,,,,,,0.0,0.0,0.0,0.0,0.0,0.0,0.5,0.5,0.0,0.0,0.0,0.0,0.0,0.0,7.0,0.5,0.0,18.5,9.0,27.5,0.0,0.0,0.0,0.0,0.0,10.0,9.0,0.0
2025,000258,Blaze Riorden,CHA,Chaos,1,G,Goalie,2025-08-24,2025-08-24,0.0,0.0,0.0,0.0,0.0,0.0,0.0,0,0.0,10.0,4.0,6.0,14.0,14.0,0.0,0.0,0.0,0,0,0,13.0,1.0,0.0,0.0,0.0,19.0,19.0,,,,0.43478260869565216,40.0,0.17391304347826086,,,0.0,0.0,0.0,0.0,0.0,0.0,0.0,0.0,0.0,10.0,4.0,6.0,14.0,14.0,0.0,0.0,0.0,0.0,0.0,0.0,13.0,1.0,0.0,0.0,0.0,19.0,19.0,0.0
2025,000269,Jarrod Neumann,CHA,Chaos,1,D,Defense,2025-08-24,2025-08-24,0.0,0.0,0.0,0.0,0.0,0.0,0.0,0,0.0,0.0,0.0,0.0,0.0,0.0,1.0,0.0,0.0,0,0,0,0.0,0.0,0.0,0.0,0.0,12.0,12.0,,,,,,,,,0.0,0.0,0.0,0.0,0.0,0.0,0.0,0.0,0.0,0.0,0.0,0.0,0.0,0.0,1.0,0.0,0.0,0.0,0.0,0.0,0.0,0.0,0.0,0.0,0.0,12.0,12.0,0.0
2025,000275,Mark Glicini,CHA,Chaos,1,SSDM,Defensive Midfield,2025-08-24,2025-08-24,0.0,0.0,0.0,0.0,0.0,0.0,0.0,0,0.0,0.0,0.0,0.0,0.0,0.0,1.0,1.0,0.0,0,2,2,0.0,0.0,1.0,1.0,0.0,10.0,9.0,,,0.0,,,,,,0.0,0.0,0.0,0.0,0.0,0.0,0.0,0.0,0.0,0.0,0.0,0.0,0.0,0.0,1.0,1.0,0.0,0.0,2.0,2.0,0.0,0.0,1.0,1.0,0.0,10.0,9.0,0.0
2025,000281,Troy Reh,CHA,Chaos,1,LSM,Long Stick Midfield,2025-08-24,2025-08-24,0.0,0.0,0.0,0.0,0.0,0.0,0.0,0,0.0,0.0,0.0,0.0,0.0,0.0,5.0,1.0,0.0,0,0,0,0.0,0.0,0.0,0.0,0.0,16.0,15.0,,,,,,,,,0.0,0.0,0.0,0.0,0.0,0.0,0.0,0.0,0.0,0.0,0.0,0.0,0.0,0.0,5.0,1.0,0.0,0.0,0.0,0.0,0.0,0.0,0.0,0.0,0.0,16.0,15.0,0.0
2025,000302,Michael Manley,OUT,Outlaws,2,D,Defense,2025-09-01,2025-09-14,0.0,0.0,0.0,0.0,0.0,0.0,3.0,3,2.0,0.0,0.0,0.0,0.0,0.0,1.0,0.0,2.0,0,0,0,0.0,0.0,0.0,0.0,0.0,12.0,9.0,0.0,1.0,,,,,,0.0,0.0,0.0,0.0,0.0,0.0,0.0,1.5,1.5,1.0,0.0,0.0,0.0,0.0,0.0,0.5,0.0,1.0,0.0,0.0,0.0,0.0,0.0,0.0,0.0,0.0,6.0,4.5,0.0
2025,000305,Romar Dennis,RED,Redwoods,2,M,Midfield,2025-08-24,2025-09-01,2.0,2.0,0.0,1.0,1.0,0.0,9.0,4,3.0,0.0,0.0,0.0,0.0,0.0,0.0,0.0,0.0,0,0,0,0.0,0.0,0.0,0.0,1.0,20.0,11.0,0.1111111111111111,0.4444444444444444,,,,,0.0,0.3333333333333333,1.0,1.0,0.0,0.5,0.5,0.0,4.5,2.0,1.5,0.0,0.0,0.0,0.0,0.0,0.0,0.0,0.0,0.0,0.0,0.0,0.0,0.0,0.0,0.0,0.5,10.0,5.5,0.5
2025,000333,Sergio Perkovic,CHA,Chaos,1,M,Midfield,2025-08-24,2025-08-24,2.0,2.0,2.0,0.0,2.0,0.0,2.0,2,0.0,0.0,0.0,0.0,0.0,0.0,1.0,0.0,0.0,0,0,0,0.0,0.0,0.0,0.0,1.0,8.0,6.0,1.0,1.0,,,,,0.0,,2.0,2.0,2.0,0.0,2.0,0.0,2.0,2.0,0.0,0.0,0.0,0.0,0.0,0.0,1.0,0.0,0.0,0.0,0.0,0.0,0.0,0.0,0.0,0.0,1.0,8.0,6.0,1.0
2025,000339,Connor Kelly,WAT,Waterdogs,2,M,Midfield,2025-08-23,2025-09-01,1.0,0.0,0.0,0.0,0.0,1.0,8.0,7,2.0,0.0,0.0,0.0,0.0,0.0,3.0,0.0,0.0,0,0,0,0.0,0.0,0.0,0.0,5.0,47.0,39.0,0.0,0.875,,,,,0.2,0.0,0.5,0.0,0.0,0.0,0.0,0.5,4.0,3.5,1.0,0.0,0.0,0.0,0.0,0.0,1.5,0.0,0.0,0.0,0.0,0.0,0.0,0.0,0.0,0.0,2.5,23.5,19.5,2.5
2025,000345,Jake Bernhardt,WHP,Whipsnakes,1,SSDM,Defensive Midfield,2025-08-23,2025-08-23,0.0,0.0,0.0,0.0,0.0,0.0,0.0,0,0.0,0.0,0.0,0.0,0.0,0.0,0.0,0.0,0.0,1,0,1,0.0,0.0,0.0,0.0,0.0,2.0,2.0,,,1.0,,,,,,0.0,0.0,0.0,0.0,0.0,0.0,0.0,0.0,0.0,0.0,0.0,0.0,0.0,0.0,0.0,0.0,0.0,1.0,0.0,1.0,0.0,0.0,0.0,0.0,0.0,2.0,2.0,0.0
2025,000350,Joseph Nardella,WHP,Whipsnakes,1,FO,Faceoff,2025-08-23,2025-08-23,1.0,1.0,1.0,0.0,1.0,0.0,1.0,1,0.0,0.0,0.0,0.0,0.0,0.0,3.0,3.0,1.0,15,12,27,0.0,0.0,0.0,0.0,0.0,8.0,4.0,1.0,1.0,0.5555555555555556,,,,,,1.0,1.0,1.0,0.0,1.0,0.0,1.0,1.0,0.0,0.0,0.0,0.0,0.0,0.0,3.0,3.0,1.0,15.0,12.0,27.0,0.0,0.0,0.0,0.0,0.0,8.0,4.0,0.0
2025,000355,Matthew Dunn,WHP,Whipsnakes,1,D,Defense,2025-08-23,2025-08-23,0.0,0.0,0.0,0.0,0.0,0.0,0.0,0,0.0,0.0,0.0,0.0,0.0,0.0,0.0,1.0,1.0,0,0,0,0.0,0.0,0.0,0.0,0.0,3.0,2.0,,,,,,,,,0.0,0.0,0.0,0.0,0.0,0.0,0.0,0.0,0.0,0.0,0.0,0.0,0.0,0.0,0.0,1.0,1.0,0.0,0.0,0.0,0.0,0.0,0.0,0.0,0.0,3.0,2.0,0.0
2025,000359,Tim Muller,WHP,Whipsnakes,1,D,Defense,2025-08-23,2025-08-23,0.0,0.0,0.0,0.0,0.0,0.0,0.0,0,0.0,0.0,0.0,0.0,0.0,0.0,2.0,1.0,2.0,0,0,0,0.0,0.0,0.0,0.0,0.0,5.0,4.0,,,,,,,,,0.0,0.0,0.0,0.0,0.0,0.0,0.0,0.0,0.0,0.0,0.0,0.0,0.0,0.0,2.0,1.0,2.0,0.0,0.0,0.0,0.0,0.0,0.0,0.0,0.0,5.0,4.0,0.0
2025,000365,Jack Rowlett,CHA,Chaos,1,D,Defense,2025-08-24,2025-08-24,0.0,0.0,0.0,0.0,0.0,0.0,0.0,0,0.0,0.0,0.0,0.0,0.0,0.0,1.0,0.0,1.0,0,0,0,0.0,0.0,0.0,0.0,0.0,8.0,8.0,,,,,,,,,0.0,0.0,0.0,0.0,0.0,0.0,0.0,0.0,0.0,0.0,0.0,0.0,0.0,0.0,1.0,0.0,1.0,0.0,0.0,0.0,0.0,0.0,0.0,0.0,0.0,8.0,8.0,0.0
2025,000373,Ryder Garnsey,RED,Redwoods,2,A,Attack,2025-08-24,2025-09-01,2.0,0.0,0.0,0.0,0.0,2.0,6.0,1,0.0,0.0,0.0,0.0,0.0,0.0,1.0,2.0,0.0,0,0,0,0.0,0.0,0.0,0.0,8.0,53.0,45.0,0.0,0.16666666666666666,,,,,0.25,,1.0,0.0,0.0,0.0,0.0,1.0,3.0,0.5,0.0,0.0,0.0,0.0,0.0,0.0,0.5,1.0,0.0,0.0,0.0,0.0,0.0,0.0,0.0,0.0,4.0,26.5,22.5,4.0
2025,000390,Brad Smith,WHP,Whipsnakes,1,M,Midfield,2025-08-23,2025-08-23,3.0,2.0,0.0,1.0,1.0,1.0,4.0,2,2.0,0.0,0.0,0.0,0.0,0.0,0.0,0.0,0.0,0,0,0,0.0,0.0,0.0,0.0,3.0,32.0,28.0,0.25,0.5,,,,,0.3333333333333333,0.5,3.0,2.0,0.0,1.0,1.0,1.0,4.0,2.0,2.0,0.0,0.0,0.0,0.0,0.0,0.0,0.0,0.0,0.0,0.0,0.0,0.0,0.0,0.0,0.0,3.0,32.0,28.0,3.0
2025,000395,Bryan Costabile,ATL,Atlas,2,M,Midfield,2025-09-01,2025-09-14,2.0,2.0,2.0,0.0,2.0,0.0,13.0,8,4.0,0.0,0.0,0.0,0.0,0.0,1.0,4.0,0.0,0,0,0,0.0,0.0,0.0,0.0,1.0,60.0,43.0,0.15384615384615385,0.6153846153846154,,,,,0.0,0.0,1.0,1.0,1.0,0.0,1.0,0.0,6.5,4.0,2.0,0.0,0.0,0.0,0.0,0.0,0.5,2.0,0.0,0.0,0.0,0.0,0.0,0.0,0.0,0.0,0.5,30.0,21.5,0.5
2025,000405,Jesse Bernhardt,OUT,Outlaws,2,D,Defense,2025-09-01,2025-09-14,0.0,0.0,0.0,0.0,0.0,0.0,0.0,0,0.0,0.0,0.0,0.0,0.0,0.0,2.0,0.0,1.0,0,0,0,0.0,0.0,0.0,0.0,0.0,13.0,13.0,,,,,,,,,0.0,0.0,0.0,0.0,0.0,0.0,0.0,0.0,0.0,0.0,0.0,0.0,0.0,0.0,1.0,0.0,0.5,0.0,0.0,0.0,0.0,0.0,0.0,0.0,0.0,6.5,6.5,0.0
2025,000408,Matt DeLuca,WAT,Waterdogs,2,G,Goalie,2025-08-23,2025-09-01,0.0,0.0,0.0,0.0,0.0,0.0,0.0,0,0.0,19.0,7.0,12.0,25.0,25.0,2.0,2.0,0.0,0,0,0,24.0,1.0,0.0,0.0,0.0,20.0,18.0,,,,0.4418604651162791,36.84210526315789,0.16279069767441862,,,0.0,0.0,0.0,0.0,0.0,0.0,0.0,0.0,0.0,9.5,3.5,6.0,12.5,12.5,1.0,1.0,0.0,0.0,0.0,0.0,12.0,0.5,0.0,0.0,0.0,10.0,9.0,0.0
2025,000409,Zach Currier,WAT,Waterdogs,2,M,Midfield,2025-08-23,2025-09-01,1.0,1.0,1.0,0.0,1.0,0.0,6.0,4,0.0,0.0,0.0,0.0,0.0,0.0,12.0,2.0,1.0,2,0,2,0.0,0.0,0.0,0.0,1.0,32.0,24.0,0.16666666666666666,0.6666666666666666,1.0,,,,0.0,,0.5,0.5,0.5,0.0,0.5,0.0,3.0,2.0,0.0,0.0,0.0,0.0,0.0,0.0,6.0,1.0,0.5,1.0,0.0,1.0,0.0,0.0,0.0,0.0,0.5,16.0,12.0,0.5
2025,000414,Rob Pannell,WHP,Whipsnakes,1,A,Attack,2025-08-23,2025-08-23,4.0,2.0,2.0,0.0,2.0,2.0,4.0,3,0.0,0.0,0.0,0.0,0.0,0.0,1.0,1.0,0.0,0,0,0,0.0,0.0,0.0,0.0,2.0,29.0,24.0,0.5,0.75,,,,,1.0,,4.0,2.0,2.0,0.0,2.0,2.0,4.0,3.0,0.0,0.0,0.0,0.0,0.0,0.0,1.0,1.0,0.0,0.0,0.0,0.0,0.0,0.0,0.0,0.0,2.0,29.0,24.0,2.0
2025,000416,Ryland Rees,RED,Redwoods,2,LSM,Long Stick Midfield,2025-08-24,2025-09-01,0.0,0.0,0.0,0.0,0.0,0.0,1.0,1,1.0,0.0,0.0,0.0,0.0,0.0,1.0,0.0,1.0,0,0,0,0.0,0.0,0.0,0.0,0.0,3.0,2.0,0.0,1.0,,,,,,0.0,0.0,0.0,0.0,0.0,0.0,0.0,0.5,0.5,0.5,0.0,0.0,0.0,0.0,0.0,0.5,0.0,0.5,0.0,0.0,0.0,0.0,0.0,0.0,0.0,0.0,1.5,1.0,0.0
2025,001001,Dylan Molloy,RED,Redwoods,2,A,Attack,2025-08-24,2025-09-01,5.0,4.0,4.0,0.0,4.0,1.0,13.0,8,0.0,0.0,0.0,0.0,0.0,0.0,2.0,4.0,0.0,0,0,0,0.0,0.0,0.0,0.0,2.0,35.0,18.0,0.3076923076923077,0.6153846153846154,,,,,0.5,,2.5,2.0,2.0,0.0,2.0,0.5,6.5,4.0,0.0,0.0,0.0,0.0,0.0,0.0,1.0,2.0,0.0,0.0,0.0,0.0,0.0,0.0,0.0,0.0,1.0,17.5,9.0,1.0
2025,001009,Colin Heacock,WHP,Whipsnakes,1,M,Midfield,2025-08-23,2025-08-23,1.0,1.0,1.0,0.0,1.0,0.0,5.0,4,0.0,0.0,0.0,0.0,0.0,0.0,1.0,1.0,0.0,0,0,0,0.0,0.0,0.0,0.0,0.0,16.0,10.0,0.2,0.8,,,,,,,1.0,1.0,1.0,0.0,1.0,0.0,5.0,4.0,0.0,0.0,0.0,0.0,0.0,0.0,1.0,1.0,0.0,0.0,0.0,0.0,0.0,0.0,0.0,0.0,0.0,16.0,10.0,0.0
2025,001391,Mikie Schlosser,WAT,Waterdogs,2,M,Midfield,2025-08-23,2025-09-01,0.0,0.0,0.0,0.0,0.0,0.0,2.0,1,0.0,0.0,0.0,0.0,0.0,0.0,0.0,1.0,0.0,0,0,0,0.0,0.0,0.0,0.0,0.0,9.0,6.0,0.0,0.5,,,,,,,0.0,0.0,0.0,0.0,0.0,0.0,1.0,0.5,0.0,0.0,0.0,0.0,0.0,0.0,0.0,0.5,0.0,0.0,0.0,0.0,0.0,0.0,0.0,0.0,0.0,4.5,3.0,0.0
2025,001397,Michael Rexrode,ATL,Atlas,2,D,Defense,2025-09-01,2025-09-14,1.0,0.0,0.0,0.0,0.0,1.0,1.0,0,1.0,0.0,0.0,0.0,0.0,0.0,3.0,0.0,0.0,0,0,0,0.0,0.0,0.0,0.0,1.0,14.0,13.0,0.0,0.0,,,,,1.0,0.0,0.5,0.0,0.0,0.0,0.0,0.5,0.5,0.0,0.5,0.0,0.0,0.0,0.0,0.0,1.5,0.0,0.0,0.0,0.0,0.0,0.0,0.0,0.0,0.0,0.5,7.0,6.5,0.5
2025,001406,Ben Randall,WAT,Waterdogs,2,D,Defense,2025-08-23,2025-09-01,1.0,0.0,0.0,0.0,0.0,1.0,0.0,0,0.0,0.0,0.0,0.0,0.0,0.0,6.0,1.0,2.0,0,0,0,0.0,0.0,0.0,0.0,1.0,20.0,19.0,,,,,,,1.0,,0.5,0.0,0.0,0.0,0.0,0.5,0.0,0.0,0.0,0.0,0.0,0.0,0.0,0.0,3.0,0.5,1.0,0.0,0.0,0.0,0.0,0.0,0.0,0.0,0.5,10.0,9.5,0.5
2025,001707,Matt Whitcher,WAT,Waterdogs,2,SSDM,Defensive Midfield,2025-08-23,2025-09-01,1.0,0.0,0.0,0.0,0.0,1.0,0.0,0,0.0,0.0,0.0,0.0,0.0,0.0,4.0,1.0,0.0,0,2,2,0.0,0.0,2.0,1.0,1.0,11.0,10.0,,,0.0,,,,1.0,,0.5,0.0,0.0,0.0,0.0,0.5,0.0,0.0,0.0,0.0,0.0,0.0,0.0,0.0,2.0,0.5,0.0,0.0,1.0,1.0,0.0,0.0,1.0,0.5,0.5,5.5,5.0,0.5
2025,001795,Christian Scarpello,WAT,Waterdogs,2,SSDM,Defensive Midfield,2025-08-23,2025-09-01,0.0,0.0,0.0,0.0,0.0,0.0,2.0,2,0.0,0.0,0.0,0.0,0.0,0.0,1.0,1.0,2.0,0,0,0,0.0,0.0,0.0,0.0,0.0,12.0,9.0,0.0,1.0,,,,,,,0.0,0.0,0.0,0.0,0.0,0.0,1.0,1.0,0.0,0.0,0.0,0.0,0.0,0.0,0.5,0.5,1.0,0.0,0.0,0.0,0.0,0.0,0.0,0.0,0.0,6.0,4.5,0.0
2025,001809,Jeff Teat,ATL,Atlas,2,A,Attack,2025-09-01,2025-09-14,10.0,4.0,4.0,0.0,4.0,6.0,15.0,10,0.0,0.0,0.0,0.0,0.0,0.0,3.0,0.0,0.0,0,0,0,0.0,0.0,1.0,0.5,10.0,56.0,41.0,0.26666666666666666,0.6666666666666666,,,,,0.6,,5.0,2.0,2.0,0.0,2.0,3.0,7.5,5.0,0.0,0.0,0.0,0.0,0.0,0.0,1.5,0.0,0.0,0.0,0.0,0.0,0.0,0.0,0.5,0.25,5.0,28.0,20.5,5.0
2025,001810,Michael Sowers,WAT,Waterdogs,2,A,Attack,2025-08-23,2025-09-01,10.0,6.0,6.0,0.0,6.0,4.0,8.0,7,0.0,0.0,0.0,0.0,0.0,0.0,0.0,2.0,0.0,0,0,0,0.0,0.0,0.0,0.0,9.0,42.0,32.0,0.75,0.875,,,,,0.4444444444444444,,5.0,3.0,3.0,0.0,3.0,2.0,4.0,3.5,0.0,0.0,0.0,0.0,0.0,0.0,0.0,1.0,0.0,0.0,0.0,0.0,0.0,0.0,0.0,0.0,4.5,21.0,16.0,4.5
2025,001811,JT Giles-Harris,OUT,Outlaws,2,D,Defense,2025-09-01,2025-09-14,0.0,0.0,0.0,0.0,0.0,0.0,0.0,0,0.0,0.0,0.0,0.0,0.0,0.0,3.0,1.0,0.0,0,0,0,0.0,0.0,0.0,0.0,0.0,22.0,21.0,,,,,,,,,0.0,0.0,0.0,0.0,0.0,0.0,0.0,0.0,0.0,0.0,0.0,0.0,0.0,0.0,1.5,0.5,0.0,0.0,0.0,0.0,0.0,0.0,0.0,0.0,0.0,11.0,10.5,0.0
2025,001812,TD Ierlan,RED,Redwoods,2,FO,Faceoff,2025-08-24,2025-09-01,1.0,1.0,1.0,0.0,1.0,0.0,1.0,1,0.0,0.0,0.0,0.0,0.0,0.0,9.0,1.0,0.0,23,23,46,0.0,0.0,1.0,0.5,1.0,9.0,7.0,1.0,1.0,0.5,,,,0.0,,0.5,0.5,0.5,0.0,0.5,0.0,0.5,0.5,0.0,0.0,0.0,0.0,0.0,0.0,4.5,0.5,0.0,11.5,11.5,23.0,0.0,0.0,0.5,0.25,0.5,4.5,3.5,0.5
2025,001813,Jared Conners,RED,Redwoods,2,LSM,Long Stick Midfield,2025-08-24,2025-09-01,0.0,0.0,0.0,0.0,0.0,0.0,0.0,0,0.0,0.0,0.0,0.0,0.0,0.0,3.0,1.0,1.0,0,0,0,0.0,0.0,3.0,2.5,0.0,14.0,13.0,,,,,,,,,0.0,0.0,0.0,0.0,0.0,0.0,0.0,0.0,0.0,0.0,0.0,0.0,0.0,0.0,1.5,0.5,0.5,0.0,0.0,0.0,0.0,0.0,1.5,1.25,0.0,7.0,6.5,0.0
2025,001819,Danny Logan,ATL,Atlas,2,SSDM,Defensive Midfield,2025-09-01,2025-09-14,2.0,1.0,1.0,0.0,1.0,1.0,1.0,1,0.0,0.0,0.0,0.0,0.0,0.0,5.0,0.0,0.0,0,1,1,0.0,0.0,0.0,0.0,2.0,15.0,14.0,1.0,1.0,0.0,,,,0.5,,1.0,0.5,0.5,0.0,0.5,0.5,0.5,0.5,0.0,0.0,0.0,0.0,0.0,0.0,2.5,0.0,0.0,0.0,0.5,0.5,0.0,0.0,0.0,0.0,1.0,7.5,7.0,1.0
2025,001820,Ryan Terefenko,OUT,Outlaws,2,SSDM,Defensive Midfield,2025-09-01,2025-09-14,2.0,0.0,0.0,0.0,0.0,2.0,1.0,0,0.0,0.0,0.0,0.0,0.0,0.0,0.0,0.0,0.0,0,1,1,0.0,0.0,0.0,0.0,3.0,22.0,21.0,0.0,0.0,0.0,,,,0.6666666666666666,,1.0,0.0,0.0,0.0,0.0,1.0,0.5,0.0,0.0,0.0,0.0,0.0,0.0,0.0,0.0,0.0,0.0,0.0,0.5,0.5,0.0,0.0,0.0,0.0,1.5,11.0,10.5,1.5
2025,001827,Jared Bernhardt,OUT,Outlaws,2,M,Midfield,2025-09-01,2025-09-14,4.0,3.0,3.0,0.0,3.0,1.0,10.0,5,1.0,0.0,0.0,0.0,0.0,0.0,3.0,2.0,0.0,0,0,0,0.0,0.0,0.0,0.0,3.0,46.0,34.0,0.3,0.5,,,,,0.3333333333333333,0.0,2.0,1.5,1.5,0.0,1.5,0.5,5.0,2.5,0.5,0.0,0.0,0.0,0.0,0.0,1.5,1.0,0.0,0.0,0.0,0.0,0.0,0.0,0.0,0.0,1.5,23.0,17.0,1.5
2025,001828,Justin Anderson,OUT,Outlaws,2,M,Midfield,2025-09-01,2025-09-14,2.0,2.0,2.0,0.0,2.0,0.0,5.0,4,0.0,0.0,0.0,0.0,0.0,0.0,1.0,3.0,0.0,0,0,0,0.0,0.0,0.0,0.0,1.0,24.0,16.0,0.4,0.8,,,,,0.0,,1.0,1.0,1.0,0.0,1.0,0.0,2.5,2.0,0.0,0.0,0.0,0.0,0.0,0.0,0.5,1.5,0.0,0.0,0.0,0.0,0.0,0.0,0.0,0.0,0.5,12.0,8.0,0.5
2025,001831,Colin Squires,WHP,Whipsnakes,1,LSM,Long Stick Midfield,2025-08-23,2025-08-23,0.0,0.0,0.0,0.0,0.0,0.0,0.0,0,0.0,0.0,0.0,0.0,0.0,0.0,7.0,0.0,3.0,0,0,0,0.0,0.0,0.0,0.0,0.0,9.0,9.0,,,,,,,,,0.0,0.0,0.0,0.0,0.0,0.0,0.0,0.0,0.0,0.0,0.0,0.0,0.0,0.0,7.0,0.0,3.0,0.0,0.0,0.0,0.0,0.0,0.0,0.0,0.0,9.0,9.0,0.0
2025,001832,Charlie Bertrand,RED,Redwoods,2,M,Midfield,2025-08-24,2025-09-01,2.0,2.0,2.0,0.0,2.0,0.0,5.0,5,0.0,0.0,0.0,0.0,0.0,0.0,2.0,0.0,0.0,0,0,0,0.0,0.0,0.0,0.0,1.0,19.0,14.0,0.4,1.0,,,,,0.0,,1.0,1.0,1.0,0.0,1.0,0.0,2.5,2.5,0.0,0.0,0.0,0.0,0.0,0.0,1.0,0.0,0.0,0.0,0.0,0.0,0.0,0.0,0.0,0.0,0.5,9.5,7.0,0.5
2025,001839,Nick Grill,OUT,Outlaws,2,LSM,Long Stick Midfield,2025-09-01,2025-09-14,0.0,0.0,0.0,0.0,0.0,0.0,0.0,0,0.0,0.0,0.0,0.0,0.0,0.0,0.0,0.0,0.0,0,0,0,0.0,0.0,0.0,0.0,0.0,1.0,1.0,,,,,,,,,0.0,0.0,0.0,0.0,0.0,0.0,0.0,0.0,0.0,0.0,0.0,0.0,0.0,0.0,0.0,0.0,0.0,0.0,0.0,0.0,0.0,0.0,0.0,0.0,0.0,0.5,0.5,0.0
2025,001843,Cole Williams,CHA,Chaos,1,M,Midfield,2025-08-24,2025-08-24,1.0,1.0,1.0,0.0,1.0,0.0,2.0,2,0.0,0.0,0.0,0.0,0.0,0.0,0.0,0.0,0.0,0,0,0,0.0,0.0,0.0,0.0,0.0,10.0,8.0,0.5,1.0,,,,,,,1.0,1.0,1.0,0.0,1.0,0.0,2.0,2.0,0.0,0.0,0.0,0.0,0.0,0.0,0.0,0.0,0.0,0.0,0.0,0.0,0.0,0.0,0.0,0.0,0.0,10.0,8.0,0.0
2025,001846,Adam Charalambides,CHA,Chaos,1,A,Attack,2025-08-24,2025-08-24,1.0,1.0,1.0,0.0,1.0,0.0,6.0,4,0.0,0.0,0.0,0.0,0.0,0.0,1.0,1.0,0.0,0,0,0,0.0,0.0,0.0,0.0,0.0,26.0,19.0,0.16666666666666666,0.6666666666666666,,,,,,,1.0,1.0,1.0,0.0,1.0,0.0,6.0,4.0,0.0,0.0,0.0,0.0,0.0,0.0,1.0,1.0,0.0,0.0,0.0,0.0,0.0,0.0,0.0,0.0,0.0,26.0,19.0,0.0
2025,002006,Reid Bowering,ATL,Atlas,2,M,Midfield,2025-09-01,2025-09-14,5.0,3.0,3.0,0.0,3.0,2.0,5.0,5,0.0,0.0,0.0,0.0,0.0,0.0,3.0,0.0,0.0,0,0,0,0.0,0.0,1.0,0.5,4.0,33.0,28.0,0.6,1.0,,,,,0.5,,2.5,1.5,1.5,0.0,1.5,1.0,2.5,2.5,0.0,0.0,0.0,0.0,0.0,0.0,1.5,0.0,0.0,0.0,0.0,0.0,0.0,0.0,0.5,0.25,2.0,16.5,14.0,2.0
2025,002015,Logan Wisnauskas,OUT,Outlaws,2,A,Attack,2025-09-01,2025-09-14,2.0,1.0,1.0,0.0,1.0,1.0,7.0,5,1.0,0.0,0.0,0.0,0.0,0.0,2.0,1.0,0.0,0,0,0,0.0,0.0,0.0,0.0,4.0,36.0,28.0,0.14285714285714285,0.7142857142857143,,,,,0.25,0.0,1.0,0.5,0.5,0.0,0.5,0.5,3.5,2.5,0.5,0.0,0.0,0.0,0.0,0.0,1.0,0.5,0.0,0.0,0.0,0.0,0.0,0.0,0.0,0.0,2.0,18.0,14.0,2.0
2025,002021,Roman Puglise,WHP,Whipsnakes,1,SSDM,Defensive Midfield,2025-08-23,2025-08-23,0.0,0.0,0.0,0.0,0.0,0.0,0.0,0,0.0,0.0,0.0,0.0,0.0,0.0,0.0,0.0,0.0,0,0,0,0.0,0.0,1.0,0.5,0.0,1.0,1.0,,,,,,,,,0.0,0.0,0.0,0.0,0.0,0.0,0.0,0.0,0.0,0.0,0.0,0.0,0.0,0.0,0.0,0.0,0.0,0.0,0.0,0.0,0.0,0.0,1.0,0.5,0.0,1.0,1.0,0.0
2025,002022,Zach Geddes,OUT,Outlaws,2,SSDM,Defensive Midfield,2025-09-01,2025-09-14,1.0,1.0,1.0,0.0,1.0,0.0,1.0,1,0.0,0.0,0.0,0.0,0.0,0.0,4.0,0.0,2.0,0,1,1,0.0,0.0,0.0,0.0,0.0,19.0,18.0,1.0,1.0,0.0,,,,,,0.5,0.5,0.5,0.0,0.5,0.0,0.5,0.5,0.0,0.0,0.0,0.0,0.0,0.0,2.0,0.0,1.0,0.0,0.5,0.5,0.0,0.0,0.0,0.0,0.0,9.5,9.0,0.0
2025,002028,Jack Hannah,WAT,Waterdogs,2,M,Midfield,2025-08-23,2025-09-01,1.0,0.0,0.0,0.0,0.0,1.0,6.0,2,1.0,0.0,0.0,0.0,0.0,0.0,0.0,1.0,0.0,0,0,0,0.0,0.0,0.0,0.0,3.0,37.0,30.0,0.0,0.3333333333333333,,,,,0.3333333333333333,0.0,0.5,0.0,0.0,0.0,0.0,0.5,3.0,1.0,0.5,0.0,0.0,0.0,0.0,0.0,0.0,0.5,0.0,0.0,0.0,0.0,0.0,0.0,0.0,0.0,1.5,18.5,15.0,1.5
2025,002030,Jonathan Donville,OUT,Outlaws,2,M,Midfield,2025-09-01,2025-09-14,2.0,1.0,1.0,0.0,1.0,1.0,3.0,2,0.0,0.0,0.0,0.0,0.0,0.0,2.0,2.0,0.0,0,0,0,0.0,0.0,0.0,0.0,2.0,17.0,12.0,0.3333333333333333,0.6666666666666666,,,,,0.5,,1.0,0.5,0.5,0.0,0.5,0.5,1.5,1.0,0.0,0.0,0.0,0.0,0.0,0.0,1.0,1.0,0.0,0.0,0.0,0.0,0.0,0.0,0.0,0.0,1.0,8.5,6.0,1.0
2025,002032,Justin Inacio,CHA,Chaos,1,FO,Faceoff,2025-08-24,2025-08-24,0.0,0.0,0.0,0.0,0.0,0.0,2.0,2,0.0,0.0,0.0,0.0,0.0,0.0,13.0,0.0,0.0,15,11,26,0.0,0.0,0.0,0.0,0.0,10.0,8.0,0.0,1.0,0.5769230769230769,,,,,,0.0,0.0,0.0,0.0,0.0,0.0,2.0,2.0,0.0,0.0,0.0,0.0,0.0,0.0,13.0,0.0,0.0,15.0,11.0,26.0,0.0,0.0,0.0,0.0,0.0,10.0,8.0,0.0
2025,003008,Gavin Adler,ATL,Atlas,2,D,Defense,2025-09-01,2025-09-14,0.0,0.0,0.0,0.0,0.0,0.0,0.0,0,0.0,0.0,0.0,0.0,0.0,0.0,2.0,0.0,2.0,0,0,0,0.0,0.0,0.0,0.0,0.0,14.0,14.0,,,,,,,,,0.0,0.0,0.0,0.0,0.0,0.0,0.0,0.0,0.0,0.0,0.0,0.0,0.0,0.0,1.0,0.0,1.0,0.0,0.0,0.0,0.0,0.0,0.0,0.0,0.0,7.0,7.0,0.0
2025,003009,Brett Makar,ATL,Atlas,2,D,Defense,2025-09-01,2025-09-14,1.0,0.0,0.0,0.0,0.0,1.0,3.0,1,2.0,0.0,0.0,0.0,0.0,0.0,8.0,1.0,1.0,0,0,0,0.0,0.0,0.0,0.0,1.0,14.0,10.0,0.0,0.3333333333333333,,,,,1.0,0.0,0.5,0.0,0.0,0.0,0.0,0.5,1.5,0.5,1.0,0.0,0.0,0.0,0.0,0.0,4.0,0.5,0.5,0.0,0.0,0.0,0.0,0.0,0.0,0.0,0.5,7.0,5.0,0.5
2025,003010,Xander Dickson,ATL,Atlas,2,A,Attack,2025-09-01,2025-09-14,5.0,5.0,5.0,0.0,5.0,0.0,8.0,6,0.0,0.0,0.0,0.0,0.0,0.0,3.0,3.0,2.0,0,0,0,0.0,0.0,1.0,0.5,1.0,26.0,15.0,0.625,0.75,,,,,0.0,,2.5,2.5,2.5,0.0,2.5,0.0,4.0,3.0,0.0,0.0,0.0,0.0,0.0,0.0,1.5,1.5,1.0,0.0,0.0,0.0,0.0,0.0,0.5,0.25,0.5,13.0,7.5,0.5
2025,003024,Brian Tevlin,RED,Redwoods,2,SSDM,Defensive Midfield,2025-08-24,2025-09-01,0.0,0.0,0.0,0.0,0.0,0.0,2.0,1,1.0,0.0,0.0,0.0,0.0,0.0,5.0,0.0,1.0,0,2,2,0.0,0.0,2.0,1.0,0.0,24.0,22.0,0.0,0.5,0.0,,,,,0.0,0.0,0.0,0.0,0.0,0.0,0.0,1.0,0.5,0.5,0.0,0.0,0.0,0.0,0.0,2.5,0.0,0.5,0.0,1.0,1.0,0.0,0.0,1.0,0.5,0.0,12.0,11.0,0.0
2025,003027,Thomas McConvey,WAT,Waterdogs,2,M,Midfield,2025-08-23,2025-09-01,0.0,0.0,0.0,0.0,0.0,0.0,4.0,3,0.0,0.0,0.0,0.0,0.0,0.0,2.0,1.0,1.0,0,0,0,0.0,0.0,0.0,0.0,3.0,26.0,21.0,0.0,0.75,,,,,0.0,,0.0,0.0,0.0,0.0,0.0,0.0,2.0,1.5,0.0,0.0,0.0,0.0,0.0,0.0,1.0,0.5,0.5,0.0,0.0,0.0,0.0,0.0,0.0,0.0,1.5,13.0,10.5,1.5
2025,003029,Chris Fake,RED,Redwoods,2,D,Defense,2025-08-24,2025-09-01,2.0,2.0,0.0,1.0,1.0,0.0,1.0,1,1.0,0.0,0.0,0.0,0.0,0.0,4.0,2.0,1.0,0,0,0,0.0,0.0,0.0,0.0,1.0,18.0,15.0,1.0,1.0,,,,,0.0,1.0,1.0,1.0,0.0,0.5,0.5,0.0,0.5,0.5,0.5,0.0,0.0,0.0,0.0,0.0,2.0,1.0,0.5,0.0,0.0,0.0,0.0,0.0,0.0,0.0,0.5,9.0,7.5,0.5
2025,003039,Chet Comizio,ATL,Atlas,2,SSDM,Defensive Midfield,2025-09-01,2025-09-14,0.0,0.0,0.0,0.0,0.0,0.0,1.0,0,1.0,0.0,0.0,0.0,0.0,0.0,3.0,0.0,0.0,0,0,0,0.0,0.0,0.0,0.0,0.0,9.0,8.0,0.0,0.0,,,,,,0.0,0.0,0.0,0.0,0.0,0.0,0.0,0.5,0.0,0.5,0.0,0.0,0.0,0.0,0.0,1.5,0.0,0.0,0.0,0.0,0.0,0.0,0.0,0.0,0.0,0.0,4.5,4.0,0.0
2025,003048,TJ Malone,WHP,Whipsnakes,1,A,Attack,2025-08-23,2025-08-23,2.0,1.0,1.0,0.0,1.0,1.0,6.0,3,1.0,0.0,0.0,0.0,0.0,0.0,5.0,3.0,0.0,0,0,0,0.0,0.0,0.0,0.0,2.0,32.0,23.0,0.16666666666666666,0.5,,,,,0.5,0.0,2.0,1.0,1.0,0.0,1.0,1.0,6.0,3.0,1.0,0.0,0.0,0.0,0.0,0.0,5.0,3.0,0.0,0.0,0.0,0.0,0.0,0.0,0.0,0.0,2.0,32.0,23.0,2.0
2025,003059,BJ Farrare,RED,Redwoods,2,SSDM,Defensive Midfield,2025-08-24,2025-09-01,1.0,0.0,0.0,0.0,0.0,1.0,1.0,0,0.0,0.0,0.0,0.0,0.0,0.0,3.0,1.0,0.0,0,0,0,0.0,0.0,1.0,0.5,1.0,10.0,8.0,0.0,0.0,,,,,1.0,,0.5,0.0,0.0,0.0,0.0,0.5,0.5,0.0,0.0,0.0,0.0,0.0,0.0,0.0,1.5,0.5,0.0,0.0,0.0,0.0,0.0,0.0,0.5,0.25,0.5,5.0,4.0,0.5
2025,003075,Brennan O'Neill,OUT,Outlaws,2,A,Attack,2025-09-01,2025-09-14,9.0,8.0,6.0,1.0,7.0,1.0,24.0,14,6.0,0.0,0.0,0.0,0.0,0.0,2.0,6.0,0.0,0,0,0,0.0,0.0,0.0,0.0,3.0,68.0,38.0,0.2916666666666667,0.5833333333333334,,,,,0.3333333333333333,0.16666666666666666,4.5,4.0,3.0,0.5,3.5,0.5,12.0,7.0,3.0,0.0,0.0,0.0,0.0,0.0,1.0,3.0,0.0,0.0,0.0,0.0,0.0,0.0,0.0,0.0,1.5,34.0,19.0,1.5
2025,003076,Connor Shellenberger,ATL,Atlas,2,A,Attack,2025-09-01,2025-09-14,9.0,3.0,3.0,0.0,3.0,6.0,5.0,4,0.0,0.0,0.0,0.0,0.0,0.0,4.0,3.0,0.0,0,0,0,0.0,0.0,0.0,0.0,11.0,54.0,46.0,0.6,0.8,,,,,0.5454545454545454,,4.5,1.5,1.5,0.0,1.5,3.0,2.5,2.0,0.0,0.0,0.0,0.0,0.0,0.0,2.0,1.5,0.0,0.0,0.0,0.0,0.0,0.0,0.0,0.0,5.5,27.0,23.0,5.5
2025,003077,Ajax Zappitello,WHP,Whipsnakes,1,D,Defense,2025-08-23,2025-08-23,0.0,0.0,0.0,0.0,0.0,0.0,0.0,0,0.0,0.0,0.0,0.0,0.0,0.0,5.0,0.0,1.0,0,0,0,0.0,0.0,0.0,0.0,0.0,10.0,10.0,,,,,,,,,0.0,0.0,0.0,0.0,0.0,0.0,0.0,0.0,0.0,0.0,0.0,0.0,0.0,0.0,5.0,0.0,1.0,0.0,0.0,0.0,0.0,0.0,0.0,0.0,0.0,10.0,10.0,0.0
2025,003078,Shane Knobloch,CHA,Chaos,1,M,Midfield,2025-08-24,2025-08-24,3.0,3.0,3.0,0.0,3.0,0.0,8.0,7,1.0,0.0,0.0,0.0,0.0,0.0,0.0,1.0,0.0,0,0,0,0.0,0.0,0.0,0.0,2.0,31.0,22.0,0.375,0.875,,,,,0.0,0.0,3.0,3.0,3.0,0.0,3.0,0.0,8.0,7.0,1.0,0.0,0.0,0.0,0.0,0.0,0.0,1.0,0.0,0.0,0.0,0.0,0.0,0.0,0.0,0.0,2.0,31.0,22.0,2.0
2025,003079,Liam Entenmann,ATL,Atlas,2,G,Goalie,2025-09-01,2025-09-14,0.0,0.0,0.0,0.0,0.0,0.0,0.0,0,0.0,33.0,12.0,21.0,24.0,24.0,3.0,0.0,1.0,0,0,0,21.0,3.0,0.0,0.0,1.0,42.0,42.0,,,,0.6111111111111112,36.36363636363637,0.2222222222222222,0.0,,0.0,0.0,0.0,0.0,0.0,0.0,0.0,0.0,0.0,16.5,6.0,10.5,12.0,12.0,1.5,0.0,0.5,0.0,0.0,0.0,10.5,1.5,0.0,0.0,0.5,21.0,21.0,0.5
2025,003080,Pat Kavanagh,OUT,Outlaws,2,A,Attack,2025-09-01,2025-09-14,7.0,3.0,3.0,0.0,3.0,4.0,12.0,10,1.0,0.0,0.0,0.0,0.0,0.0,5.0,2.0,0.0,0,0,0,0.0,0.0,0.0,0.0,9.0,62.0,48.0,0.25,0.8333333333333334,,,,,0.4444444444444444,0.0,3.5,1.5,1.5,0.0,1.5,2.0,6.0,5.0,0.5,0.0,0.0,0.0,0.0,0.0,2.5,1.0,0.0,0.0,0.0,0.0,0.0,0.0,0.0,0.0,4.5,31.0,24.0,4.5
2025,003081,Matt Brandau,WHP,Whipsnakes,1,M,Midfield,2025-08-23,2025-08-23,0.0,0.0,0.0,0.0,0.0,0.0,6.0,3,0.0,0.0,0.0,0.0,0.0,0.0,2.0,2.0,0.0,0,0,0,0.0,0.0,0.0,0.0,0.0,27.0,19.0,0.0,0.5,,,,,,,0.0,0.0,0.0,0.0,0.0,0.0,6.0,3.0,0.0,0.0,0.0,0.0,0.0,0.0,2.0,2.0,0.0,0.0,0.0,0.0,0.0,0.0,0.0,0.0,0.0,27.0,19.0,0.0
2025,003083,Jake Piseno,OUT,Outlaws,2,LSM,Long Stick Midfield,2025-09-01,2025-09-14,0.0,0.0,0.0,0.0,0.0,0.0,1.0,0,1.0,0.0,0.0,0.0,0.0,0.0,4.0,0.0,2.0,0,0,0,0.0,0.0,0.0,0.0,1.0,11.0,10.0,0.0,0.0,,,,,0.0,0.0,0.0,0.0,0.0,0.0,0.0,0.0,0.5,0.0,0.5,0.0,0.0,0.0,0.0,0.0,2.0,0.0,1.0,0.0,0.0,0.0,0.0,0.0,0.0,0.0,0.5,5.5,5.0,0.5
2025,003084,Jake Stevens,ATL,Atlas,2,M,Midfield,2025-09-01,2025-09-14,1.0,1.0,1.0,0.0,1.0,0.0,4.0,3,0.0,0.0,0.0,0.0,0.0,0.0,1.0,4.0,0.0,0,0,0,0.0,0.0,0.0,0.0,1.0,27.0,19.0,0.25,0.75,,,,,0.0,,0.5,0.5,0.5,0.0,0.5,0.0,2.0,1.5,0.0,0.0,0.0,0.0,0.0,0.0,0.5,2.0,0.0,0.0,0.0,0.0,0.0,0.0,0.0,0.0,0.5,13.5,9.5,0.5
2025,003085,Graham Bundy,OUT,Outlaws,2,M,Midfield,2025-09-01,2025-09-14,2.0,2.0,2.0,0.0,2.0,0.0,10.0,7,2.0,0.0,0.0,0.0,0.0,0.0,1.0,1.0,1.0,0,0,0,0.0,0.0,0.0,0.0,0.0,52.0,41.0,0.2,0.7,,,,,,0.0,1.0,1.0,1.0,0.0,1.0,0.0,5.0,3.5,1.0,0.0,0.0,0.0,0.0,0.0,0.5,0.5,0.5,0.0,0.0,0.0,0.0,0.0,0.0,0.0,0.0,26.0,20.5,0.0
2025,003089,Kenny Brower,WAT,Waterdogs,2,D,Defense,2025-08-23,2025-09-01,0.0,0.0,0.0,0.0,0.0,0.0,0.0,0,0.0,0.0,0.0,0.0,0.0,0.0,4.0,0.0,3.0,0,0,0,0.0,0.0,1.0,1.0,0.0,10.0,10.0,,,,,,,,,0.0,0.0,0.0,0.0,0.0,0.0,0.0,0.0,0.0,0.0,0.0,0.0,0.0,0.0,2.0,0.0,1.5,0.0,0.0,0.0,0.0,0.0,0.5,0.5,0.0,5.0,5.0,0.0
2025,003092,Josh Zawada,CHA,Chaos,1,A,Attack,2025-08-24,2025-08-24,0.0,0.0,0.0,0.0,0.0,0.0,2.0,1,0.0,0.0,0.0,0.0,0.0,0.0,1.0,3.0,0.0,0,0,0,0.0,0.0,0.0,0.0,3.0,21.0,16.0,0.0,0.5,,,,,0.0,,0.0,0.0,0.0,0.0,0.0,0.0,2.0,1.0,0.0,0.0,0.0,0.0,0.0,0.0,1.0,3.0,0.0,0.0,0.0,0.0,0.0,0.0,0.0,0.0,3.0,21.0,16.0,3.0
2025,003093,Ross Scott,CHA,Chaos,1,M,Midfield,2025-08-24,2025-08-24,0.0,0.0,0.0,0.0,0.0,0.0,2.0,0,0.0,0.0,0.0,0.0,0.0,0.0,0.0,0.0,0.0,0,0,0,0.0,0.0,0.0,0.0,1.0,17.0,15.0,0.0,0.0,,,,,0.0,,0.0,0.0,0.0,0.0,0.0,0.0,2.0,0.0,0.0,0.0,0.0,0.0,0.0,0.0,0.0,0.0,0.0,0.0,0.0,0.0,0.0,0.0,0.0,0.0,1.0,17.0,15.0,1.0
2025,003094,Levi Anderson,WHP,Whipsnakes,1,M,Midfield,2025-08-23,2025-08-23,1.0,1.0,1.0,0.0,1.0,0.0,2.0,1,0.0,0.0,0.0,0.0,0.0,0.0,0.0,2.0,0.0,0,0,0,0.0,0.0,0.0,0.0,1.0,10.0,6.0,0.5,0.5,,,,,0.0,,1.0,1.0,1.0,0.0,1.0,0.0,2.0,1.0,0.0,0.0,0.0,0.0,0.0,0.0,0.0,2.0,0.0,0.0,0.0,0.0,0.0,0.0,0.0,0.0,1.0,10.0,6.0,1.0
2025,003096,Marcus Hudgins,WAT,Waterdogs,2,LSM,Long Stick Midfield,2025-08-23,2025-09-01,0.0,0.0,0.0,0.0,0.0,0.0,1.0,0,0.0,0.0,0.0,0.0,0.0,0.0,6.0,1.0,2.0,0,0,0,0.0,0.0,0.0,0.0,0.0,10.0,8.0,0.0,0.0,,,,,,,0.0,0.0,0.0,0.0,0.0,0.0,0.5,0.0,0.0,0.0,0.0,0.0,0.0,0.0,3.0,0.5,1.0,0.0,0.0,0.0,0.0,0.0,0.0,0.0,0.0,5.0,4.0,0.0
2025,003098,Luke Wierman,OUT,Outlaws,2,FO,Faceoff,2025-09-01,2025-09-14,0.0,0.0,0.0,0.0,0.0,0.0,4.0,1,2.0,0.0,0.0,0.0,0.0,0.0,10.0,2.0,1.0,20,29,49,0.0,0.0,0.0,0.0,1.0,14.0,8.0,0.0,0.25,0.40816326530612246,,,,0.0,0.0,0.0,0.0,0.0,0.0,0.0,0.0,2.0,0.5,1.0,0.0,0.0,0.0,0.0,0.0,5.0,1.0,0.5,10.0,14.5,24.5,0.0,0.0,0.0,0.0,0.5,7.0,4.0,0.5
2025,003099,Tyler Carpenter,ATL,Atlas,2,LSM,Long Stick Midfield,2025-09-01,2025-09-14,0.0,0.0,0.0,0.0,0.0,0.0,0.0,0,0.0,0.0,0.0,0.0,0.0,0.0,6.0,1.0,0.0,0,0,0,0.0,0.0,0.0,0.0,0.0,12.0,11.0,,,,,,,,,0.0,0.0,0.0,0.0,0.0,0.0,0.0,0.0,0.0,0.0,0.0,0.0,0.0,0.0,3.0,0.5,0.0,0.0,0.0,0.0,0.0,0.0,0.0,0.0,0.0,6.0,5.5,0.0
2025,003100,Adam Poitras,WHP,Whipsnakes,1,M,Midfield,2025-08-23,2025-08-23,1.0,0.0,0.0,0.0,0.0,1.0,1.0,1,0.0,0.0,0.0,0.0,0.0,0.0,4.0,1.0,0.0,0,0,0,0.0,0.0,0.0,0.0,1.0,22.0,20.0,0.0,1.0,,,,,1.0,,1.0,0.0,0.0,0.0,0.0,1.0,1.0,1.0,0.0,0.0,0.0,0.0,0.0,0.0,4.0,1.0,0.0,0.0,0.0,0.0,0.0,0.0,0.0,0.0,1.0,22.0,20.0,1.0
2025,003101,Dylan Hess,WAT,Waterdogs,2,SSDM,Defensive Midfield,2025-08-23,2025-09-01,1.0,0.0,0.0,0.0,0.0,1.0,1.0,1,1.0,0.0,0.0,0.0,0.0,0.0,4.0,1.0,1.0,0,0,0,0.0,0.0,2.0,2.5,1.0,17.0,15.0,0.0,1.0,,,,,1.0,0.0,0.5,0.0,0.0,0.0,0.0,0.5,0.5,0.5,0.5,0.0,0.0,0.0,0.0,0.0,2.0,0.5,0.5,0.0,0.0,0.0,0.0,0.0,1.0,1.25,0.5,8.5,7.5,0.5
2025,003102,Chayse Ierlan,RED,Redwoods,2,G,Goalie,2025-08-24,2025-09-01,0.0,0.0,0.0,0.0,0.0,0.0,0.0,0,0.0,34.0,9.0,25.0,24.0,24.004168113928447,8.0,0.0,0.0,0,0,0,23.0,1.0,0.0,0.0,0.0,37.0,37.0,,,,0.5964912280701754,26.47058823529412,0.15789473684210525,,,0.0,0.0,0.0,0.0,0.0,0.0,0.0,0.0,0.0,17.0,4.5,12.5,12.0,12.002084056964224,4.0,0.0,0.0,0.0,0.0,0.0,11.5,0.5,0.0,0.0,0.0,18.5,18.5,0.0
2025,003103,Scott Smith,CHA,Chaos,1,D,Defense,2025-08-24,2025-08-24,0.0,0.0,0.0,0.0,0.0,0.0,1.0,1,0.0,0.0,0.0,0.0,0.0,0.0,3.0,0.0,1.0,0,0,0,0.0,0.0,0.0,0.0,0.0,4.0,3.0,0.0,1.0,,,,,,,0.0,0.0,0.0,0.0,0.0,0.0,1.0,1.0,0.0,0.0,0.0,0.0,0.0,0.0,3.0,0.0,1.0,0.0,0.0,0.0,0.0,0.0,0.0,0.0,0.0,4.0,3.0,0.0
2025,003105,Cole Kastner,RED,Redwoods,2,D,Defense,2025-08-24,2025-09-01,0.0,0.0,0.0,0.0,0.0,0.0,0.0,0,0.0,0.0,0.0,0.0,0.0,0.0,3.0,0.0,0.0,0,0,0,0.0,0.0,0.0,0.0,0.0,10.0,10.0,,,,,,,,,0.0,0.0,0.0,0.0,0.0,0.0,0.0,0.0,0.0,0.0,0.0,0.0,0.0,0.0,1.5,0.0,0.0,0.0,0.0,0.0,0.0,0.0,0.0,0.0,0.0,5.0,5.0,0.0
2025,003106,Dalton Young,OUT,Outlaws,2,M,Midfield,2025-09-01,2025-09-14,4.0,4.0,4.0,0.0,4.0,0.0,8.0,5,0.0,0.0,0.0,0.0,0.0,0.0,0.0,0.0,0.0,0,0,0,0.0,0.0,0.0,0.0,1.0,35.0,27.0,0.5,0.625,,,,,0.0,,2.0,2.0,2.0,0.0,2.0,0.0,4.0,2.5,0.0,0.0,0.0,0.0,0.0,0.0,0.0,0.0,0.0,0.0,0.0,0.0,0.0,0.0,0.0,0.0,0.5,17.5,13.5,0.5
2025,003109,Chris Conlin,RED,Redwoods,2,D,Defense,2025-08-24,2025-09-01,0.0,0.0,0.0,0.0,0.0,0.0,0.0,0,0.0,0.0,0.0,0.0,0.0,0.0,3.0,0.0,2.0,0,0,0,0.0,0.0,0.0,0.0,0.0,13.0,13.0,,,,,,,,,0.0,0.0,0.0,0.0,0.0,0.0,0.0,0.0,0.0,0.0,0.0,0.0,0.0,0.0,1.5,0.0,1.0,0.0,0.0,0.0,0.0,0.0,0.0,0.0,0.0,6.5,6.5,0.0
2025,003119,Alec Stathakis,WAT,Waterdogs,2,FO,Faceoff,2025-08-23,2025-09-01,0.0,0.0,0.0,0.0,0.0,0.0,2.0,2,0.0,0.0,0.0,0.0,0.0,0.0,5.0,3.0,1.0,21,29,50,0.0,0.0,0.0,0.0,0.0,8.0,3.0,0.0,1.0,0.42,,,,,,0.0,0.0,0.0,0.0,0.0,0.0,1.0,1.0,0.0,0.0,0.0,0.0,0.0,0.0,2.5,1.5,0.5,10.5,14.5,25.0,0.0,0.0,0.0,0.0,0.0,4.0,1.5,0.0
2025,003156,Aidan Danenza,RED,Redwoods,2,M,Midfield,2025-08-24,2025-09-01,1.0,1.0,1.0,0.0,1.0,0.0,8.0,5,1.0,0.0,0.0,0.0,0.0,0.0,2.0,3.0,0.0,0,0,0,0.0,0.0,0.0,0.0,2.0,44.0,33.0,0.125,0.625,,,,,0.0,0.0,0.5,0.5,0.5,0.0,0.5,0.0,4.0,2.5,0.5,0.0,0.0,0.0,0.0,0.0,1.0,1.5,0.0,0.0,0.0,0.0,0.0,0.0,0.0,0.0,1.0,22.0,16.5,1.0
2025,003159,CJ Kirst,WAT,Waterdogs,2,A,Attack,2025-08-23,2025-09-01,8.0,6.0,6.0,0.0,6.0,2.0,20.0,12,2.0,0.0,0.0,0.0,0.0,0.0,8.0,3.0,0.0,0,0,0,0.0,0.0,1.0,0.5,10.0,73.0,50.0,0.3,0.6,,,,,0.2,0.0,4.0,3.0,3.0,0.0,3.0,1.0,10.0,6.0,1.0,0.0,0.0,0.0,0.0,0.0,4.0,1.5,0.0,0.0,0.0,0.0,0.0,0.0,0.5,0.25,5.0,36.5,25.0,5.0
2025,003160,Andrew McAdorey,RED,Redwoods,2,M,Midfield,2025-08-24,2025-09-01,5.0,5.0,5.0,0.0,5.0,0.0,12.0,5,0.0,0.0,0.0,0.0,0.0,0.0,2.0,5.0,0.0,0,1,1,0.0,0.0,1.0,0.5,3.0,53.0,36.0,0.4166666666666667,0.4166666666666667,0.0,,,,0.0,,2.5,2.5,2.5,0.0,2.5,0.0,6.0,2.5,0.0,0.0,0.0,0.0,0.0,0.0,1.0,2.5,0.0,0.0,0.5,0.5,0.0,0.0,0.5,0.25,1.5,26.5,18.0,1.5
2025,003164,Matt Traynor,ATL,Atlas,2,M,Midfield,2025-09-01,2025-09-14,7.0,6.0,6.0,0.0,6.0,1.0,16.0,10,0.0,0.0,0.0,0.0,0.0,0.0,2.0,1.0,0.0,0,0,0,0.0,0.0,0.0,0.0,6.0,35.0,18.0,0.375,0.625,,,,,0.16666666666666666,,3.5,3.0,3.0,0.0,3.0,0.5,8.0,5.0,0.0,0.0,0.0,0.0,0.0,0.0,1.0,0.5,0.0,0.0,0.0,0.0,0.0,0.0,0.0,0.0,3.0,17.5,9.0,3.0
2025,003165,Aidan Carroll,WHP,Whipsnakes,1,A,Attack,2025-08-23,2025-08-23,5.0,4.0,4.0,0.0,4.0,1.0,9.0,7,0.0,0.0,0.0,0.0,0.0,0.0,3.0,2.0,2.0,0,0,0,0.0,0.0,0.0,0.0,3.0,43.0,32.0,0.4444444444444444,0.7777777777777778,,,,,0.3333333333333333,,5.0,4.0,4.0,0.0,4.0,1.0,9.0,7.0,0.0,0.0,0.0,0.0,0.0,0.0,3.0,2.0,2.0,0.0,0.0,0.0,0.0,0.0,0.0,0.0,3.0,43.0,32.0,3.0
2025,003166,Owen Hiltz,CHA,Chaos,1,A,Attack,2025-08-24,2025-08-24,4.0,2.0,2.0,0.0,2.0,2.0,7.0,4,0.0,0.0,0.0,0.0,0.0,0.0,2.0,1.0,0.0,0,0,0,0.0,0.0,0.0,0.0,3.0,26.0,18.0,0.2857142857142857,0.5714285714285714,,,,,0.6666666666666666,,4.0,2.0,2.0,0.0,2.0,2.0,7.0,4.0,0.0,0.0,0.0,0.0,0.0,0.0,2.0,1.0,0.0,0.0,0.0,0.0,0.0,0.0,0.0,0.0,3.0,26.0,18.0,3.0
2025,003168,Chris Kavanagh,RED,Redwoods,2,A,Attack,2025-08-24,2025-09-01,5.0,4.0,4.0,0.0,4.0,1.0,16.0,8,3.0,0.0,0.0,0.0,0.0,0.0,1.0,1.0,1.0,0,0,0,0.0,0.0,0.0,0.0,9.0,49.0,32.0,0.25,0.5,,,,,0.1111111111111111,0.0,2.5,2.0,2.0,0.0,2.0,0.5,8.0,4.0,1.5,0.0,0.0,0.0,0.0,0.0,0.5,0.5,0.5,0.0,0.0,0.0,0.0,0.0,0.0,0.0,4.5,24.5,16.0,4.5
2025,003169,Logan McNaney,OUT,Outlaws,2,G,Goalie,2025-09-01,2025-09-14,0.0,0.0,0.0,0.0,0.0,0.0,1.0,1,1.0,22.0,13.0,9.0,21.0,21.002431399791593,5.0,0.0,0.0,0,0,0,20.0,1.0,0.0,0.0,0.0,44.0,43.0,0.0,1.0,,0.5238095238095238,59.09090909090909,0.30952380952380953,,0.0,0.0,0.0,0.0,0.0,0.0,0.0,0.5,0.5,0.5,11.0,6.5,4.5,10.5,10.501215699895797,2.5,0.0,0.0,0.0,0.0,0.0,10.0,0.5,0.0,0.0,0.0,22.0,21.5,0.0
2025,003171,Levi Verch,CHA,Chaos,1,LSM,Long Stick Midfield,2025-08-24,2025-08-24,0.0,0.0,0.0,0.0,0.0,0.0,0.0,0,0.0,0.0,0.0,0.0,0.0,0.0,1.0,0.0,0.0,0,0,0,0.0,0.0,1.0,1.0,0.0,1.0,1.0,,,,,,,,,0.0,0.0,0.0,0.0,0.0,0.0,0.0,0.0,0.0,0.0,0.0,0.0,0.0,0.0,1.0,0.0,0.0,0.0,0.0,0.0,0.0,0.0,1.0,1.0,0.0,1.0,1.0,0.0
2025,003172,Max Krevsky,ATL,Atlas,2,SSDM,Defensive Midfield,2025-09-01,2025-09-14,1.0,1.0,1.0,0.0,1.0,0.0,3.0,1,0.0,0.0,0.0,0.0,0.0,0.0,3.0,0.0,0.0,0,0,0,0.0,0.0,0.0,0.0,0.0,13.0,10.0,0.3333333333333333,0.3333333333333333,,,,,,,0.5,0.5,0.5,0.0,0.5,0.0,1.5,0.5,0.0,0.0,0.0,0.0,0.0,0.0,1.5,0.0,0.0,0.0,0.0,0.0,0.0,0.0,0.0,0.0,0.0,6.5,5.0,0.0
2025,003173,Jack McDonald,WHP,Whipsnakes,1,LSM,Long Stick Midfield,2025-08-23,2025-08-23,0.0,0.0,0.0,0.0,0.0,0.0,1.0,0,1.0,0.0,0.0,0.0,0.0,0.0,0.0,0.0,1.0,0,0,0,0.0,0.0,0.0,0.0,0.0,4.0,3.0,0.0,0.0,,,,,,0.0,0.0,0.0,0.0,0.0,0.0,0.0,1.0,0.0,1.0,0.0,0.0,0.0,0.0,0.0,0.0,0.0,1.0,0.0,0.0,0.0,0.0,0.0,0.0,0.0,0.0,4.0,3.0,0.0
2025,003176,Emmet Carroll,WHP,Whipsnakes,1,G,Goalie,2025-08-23,2025-08-23,0.0,0.0,0.0,0.0,0.0,0.0,0.0,0,0.0,13.0,3.0,10.0,14.0,14.0,0.0,0.0,0.0,0,0,0,14.0,0.0,0.0,0.0,0.0,10.0,10.0,,,,0.48148148148148145,23.076923076923077,0.1111111111111111,,,0.0,0.0,0.0,0.0,0.0,0.0,0.0,0.0,0.0,13.0,3.0,10.0,14.0,14.0,0.0,0.0,0.0,0.0,0.0,0.0,14.0,0.0,0.0,0.0,0.0,10.0,10.0,0.0
2025,003178,Michael Grace,ATL,Atlas,2,LSM,Long Stick Midfield,2025-09-01,2025-09-14,0.0,0.0,0.0,0.0,0.0,0.0,1.0,0,0.0,0.0,0.0,0.0,0.0,0.0,4.0,0.0,1.0,0,0,0,0.0,0.0,1.0,0.5,0.0,11.0,10.0,0.0,0.0,,,,,,,0.0,0.0,0.0,0.0,0.0,0.0,0.5,0.0,0.0,0.0,0.0,0.0,0.0,0.0,2.0,0.0,0.5,0.0,0.0,0.0,0.0,0.0,0.5,0.25,0.0,5.5,5.0,0.0
2025,003179,Ben Wayer,WAT,Waterdogs,2,LSM,Long Stick Midfield,2025-08-23,2025-09-01,5.0,4.0,0.0,2.0,2.0,1.0,2.0,2,2.0,0.0,0.0,0.0,0.0,0.0,4.0,0.0,0.0,0,0,0,0.0,0.0,0.0,0.0,2.0,13.0,11.0,1.0,1.0,,,,,0.5,1.0,2.5,2.0,0.0,1.0,1.0,0.5,1.0,1.0,1.0,0.0,0.0,0.0,0.0,0.0,2.0,0.0,0.0,0.0,0.0,0.0,0.0,0.0,0.0,0.0,1.0,6.5,5.5,1.0
2025,003180,Christian Mazur,WHP,Whipsnakes,1,SSDM,Defensive Midfield,2025-08-23,2025-08-23,1.0,0.0,0.0,0.0,0.0,1.0,0.0,0,0.0,0.0,0.0,0.0,0.0,0.0,1.0,1.0,0.0,0,1,1,0.0,0.0,0.0,0.0,1.0,5.0,4.0,,,0.0,,,,1.0,,1.0,0.0,0.0,0.0,0.0,1.0,0.0,0.0,0.0,0.0,0.0,0.0,0.0,0.0,1.0,1.0,0.0,0.0,1.0,1.0,0.0,0.0,0.0,0.0,1.0,5.0,4.0,1.0
2025,003181,Jimmy Freehill,WAT,Waterdogs,2,D,Defense,2025-08-23,2025-09-01,2.0,2.0,0.0,1.0,1.0,0.0,2.0,1,2.0,0.0,0.0,0.0,0.0,0.0,1.0,0.0,3.0,0,0,0,0.0,0.0,0.0,0.0,0.0,7.0,5.0,0.5,0.5,,,,,,0.5,1.0,1.0,0.0,0.5,0.5,0.0,1.0,0.5,1.0,0.0,0.0,0.0,0.0,0.0,0.5,0.0,1.5,0.0,0.0,0.0,0.0,0.0,0.0,0.0,0.0,3.5,2.5,0.0
2025,003183,Jack Gray,OUT,Outlaws,2,SSDM,Defensive Midfield,2025-09-01,2025-09-14,0.0,0.0,0.0,0.0,0.0,0.0,0.0,0,0.0,0.0,0.0,0.0,0.0,0.0,1.0,1.0,0.0,0,0,0,0.0,0.0,1.0,0.5,0.0,7.0,6.0,,,,,,,,,0.0,0.0,0.0,0.0,0.0,0.0,0.0,0.0,0.0,0.0,0.0,0.0,0.0,0.0,0.5,0.5,0.0,0.0,0.0,0.0,0.0,0.0,0.5,0.25,0.0,3.5,3.0,0.0
2025,003185,Carter Rice,RED,Redwoods,2,SSDM,Defensive Midfield,2025-08-24,2025-09-01,0.0,0.0,0.0,0.0,0.0,0.0,0.0,0,0.0,0.0,0.0,0.0,0.0,0.0,2.0,0.0,2.0,0,0,0,0.0,0.0,0.0,0.0,0.0,13.0,13.0,,,,,,,,,0.0,0.0,0.0,0.0,0.0,0.0,0.0,0.0,0.0,0.0,0.0,0.0,0.0,0.0,1.0,0.0,1.0,0.0,0.0,0.0,0.0,0.0,0.0,0.0,0.0,6.5,6.5,0.0
2025,003186,Hugh Kelleher,ATL,Atlas,2,M,Midfield,2025-09-01,2025-09-14,1.0,1.0,1.0,0.0,1.0,0.0,9.0,5,2.0,0.0,0.0,0.0,0.0,0.0,0.0,0.0,0.0,0,0,0,0.0,0.0,2.0,1.5,0.0,24.0,15.0,0.1111111111111111,0.5555555555555556,,,,,,0.0,0.5,0.5,0.5,0.0,0.5,0.0,4.5,2.5,1.0,0.0,0.0,0.0,0.0,0.0,0.0,0.0,0.0,0.0,0.0,0.0,0.0,0.0,1.0,0.75,0.0,12.0,7.5,0.0
2025,003192,Jackson Eicher,CHA,Chaos,1,A,Attack,2025-08-24,2025-08-24,2.0,2.0,2.0,0.0,2.0,0.0,8.0,6,2.0,0.0,0.0,0.0,0.0,0.0,0.0,0.0,0.0,0,0,0,0.0,0.0,0.0,0.0,0.0,22.0,14.0,0.25,0.75,,,,,,0.0,2.0,2.0,2.0,0.0,2.0,0.0,8.0,6.0,2.0,0.0,0.0,0.0,0.0,0.0,0.0,0.0,0.0,0.0,0.0,0.0,0.0,0.0,0.0,0.0,0.0,22.0,14.0,0.0
2025,003206,Greg Langermeier,CHA,Chaos,1,SSDM,Defensive Midfield,2025-08-24,2025-08-24,0.0,0.0,0.0,0.0,0.0,0.0,1.0,0,0.0,0.0,0.0,0.0,0.0,0.0,1.0,1.0,2.0,0,1,1,0.0,0.0,1.0,1.0,0.0,4.0,2.0,0.0,0.0,0.0,,,,,,0.0,0.0,0.0,0.0,0.0,0.0,1.0,0.0,0.0,0.0,0.0,0.0,0.0,0.0,1.0,1.0,2.0,0.0,1.0,1.0,0.0,0.0,1.0,1.0,0.0,4.0,2.0,0.0
2025,003211,Josh Balcarcel,RED,Redwoods,2,M,Midfield,2025-08-24,2025-09-01,0.0,0.0,0.0,0.0,0.0,0.0,2.0,1,0.0,0.0,0.0,0.0,0.0,0.0,0.0,1.0,0.0,0,0,0,0.0,0.0,0.0,0.0,1.0,26.0,23.0,0.0,0.5,,,,,0.0,,0.0,0.0,0.0,0.0,0.0,0.0,1.0,0.5,0.0,0.0,0.0,0.0,0.0,0.0,0.0,0.5,0.0,0.0,0.0,0.0,0.0,0.0,0.0,0.0,0.5,13.0,11.5,0.5
2025,003212,Ray Dearth,CHA,Chaos,1,SSDM,Defensive Midfield,2025-08-24,2025-08-24,1.0,1.0,1.0,0.0,1.0,0.0,2.0,2,0.0,0.0,0.0,0.0,0.0,0.0,0.0,0.0,0.0,0,0,0,0.0,0.0,0.0,0.0,0.0,6.0,4.0,0.5,1.0,,,,,,,1.0,1.0,1.0,0.0,1.0,0.0,2.0,2.0,0.0,0.0,0.0,0.0,0.0,0.0,0.0,0.0,0.0,0.0,0.0,0.0,0.0,0.0,0.0,0.0,0.0,6.0,4.0,0.0
