player_id,full_name,opponent_team_id,opponent_team_name,games,position,position_name,first_game_date,last_game_date,points,scoring_points,one_point_goals,two_point_goals,goals,assists,shots,shots_on_goal,two_point_shots,saves,clean_saves,messy_saves,scores_against,saa,ground_balls,turnovers,caused_turnovers,faceoffs_won,faceoffs_lost,faceoffs,goals_against,two_point_goals_against,num_penalties,pim,assist_opportunities,touches,total_passes,shot_pct_calc,shots_on_goal_rate_calc,faceoff_pct_calc,save_pct_calc,clean_save_pct,clean_save_rate,assist_conv_rate,two_pt_conversion,points_per_game,scoring_points_per_game,one_point_goals_per_game,two_point_goals_per_game,goals_per_game,assists_per_game,shots_per_game,shots_on_goal_per_game,two_point_shots_per_game,saves_per_game,clean_saves_per_game,messy_saves_per_game,scores_against_per_game,saa_per_game,ground_balls_per_game,turnovers_per_game,caused_turnovers_per_game,faceoffs_won_per_game,faceoffs_lost_per_game,faceoffs_per_game,goals_against_per_game,two_point_goals_against_per_game,num_penalties_per_game,pim_per_game,assist_opportunities_per_game,touches_per_game,total_passes_per_game,assist_opp_per_game
000201,Adam Ghitelman,ARC,Archers,1,G,Goalie,2023-06-03,2023-06-03,0.0,0.0,0.0,0.0,0.0,0.0,0.0,0,0.0,13.0,2.0,11.0,13.0,16.691930450289792,4.0,0.0,0.0,0,0,0,13.0,0.0,1.0,1.0,0.0,14.0,14.0,,,,0.5,15.384615384615385,0.07692307692307693,,,0.0,0.0,0.0,0.0,0.0,0.0,0.0,0.0,0.0,13.0,2.0,11.0,13.0,16.691930450289792,4.0,0.0,0.0,0.0,0.0,0.0,13.0,0.0,1.0,1.0,0.0,14.0,14.0,0.0
000201,Adam Ghitelman,ATL,Atlas,2,G,Goalie,2022-06-26,2022-07-30,0.0,0.0,0.0,0.0,0.0,0.0,0.0,0,0.0,17.0,5.0,12.0,24.0,24.0,8.0,1.0,0.0,0,0,0,23.0,1.0,0.0,0.0,0.0,34.0,33.0,,,,0.425,29.411764705882355,0.125,,,0.0,0.0,0.0,0.0,0.0,0.0,0.0,0.0,0.0,8.5,2.5,6.0,12.0,12.0,4.0,0.5,0.0,0.0,0.0,0.0,11.5,0.5,0.0,0.0,0.0,17.0,16.5,0.0
000201,Adam Ghitelman,CAN,Cannons,2,G,Goalie,2022-06-18,2022-07-24,0.0,0.0,0.0,0.0,0.0,0.0,0.0,0,0.0,27.0,2.0,25.0,21.0,21.0,8.0,0.0,0.0,0,0,0,20.0,1.0,0.0,0.0,0.0,23.0,23.0,,,,0.574468085106383,7.4074074074074066,0.0425531914893617,,,0.0,0.0,0.0,0.0,0.0,0.0,0.0,0.0,0.0,13.5,1.0,12.5,10.5,10.5,4.0,0.0,0.0,0.0,0.0,0.0,10.0,0.5,0.0,0.0,0.0,11.5,11.5,0.0
000201,Adam Ghitelman,CHA,Chaos,3,G,Goalie,2022-06-11,2023-06-10,0.0,0.0,0.0,0.0,0.0,0.0,1.0,0,1.0,26.0,9.0,17.0,33.0,32.864365127314244,4.0,1.0,1.0,0,0,0,30.0,3.0,1.0,1.0,2.0,40.0,38.0,0.0,0.0,,0.4642857142857143,34.61538461538461,0.16071428571428573,0.0,0.0,0.0,0.0,0.0,0.0,0.0,0.0,0.3333333333333333,0.0,0.3333333333333333,8.666666666666666,3.0,5.666666666666667,11.0,10.954788375771415,1.3333333333333333,0.3333333333333333,0.3333333333333333,0.0,0.0,0.0,10.0,1.0,0.3333333333333333,0.3333333333333333,0.6666666666666666,13.333333333333334,12.666666666666666,0.6666666666666666
000201,Adam Ghitelman,OUT,Outlaws,2,G,Goalie,2022-06-05,2023-07-15,0.0,0.0,0.0,0.0,0.0,0.0,0.0,0,0.0,8.0,1.0,7.0,11.0,11.0,6.0,0.0,0.0,0,0,0,10.0,1.0,0.0,0.0,0.0,12.0,12.0,,,,0.4444444444444444,12.5,0.05555555555555555,,,0.0,0.0,0.0,0.0,0.0,0.0,0.0,0.0,0.0,4.0,0.5,3.5,5.5,5.5,3.0,0.0,0.0,0.0,0.0,0.0,5.0,0.5,0.0,0.0,0.0,6.0,6.0,0.0
000201,Adam Ghitelman,RED,Redwoods,1,G,Goalie,2022-07-01,2022-07-01,0.0,0.0,0.0,0.0,0.0,0.0,1.0,0,1.0,9.0,2.0,7.0,9.0,9.0,2.0,0.0,1.0,0,0,0,9.0,0.0,0.0,0.0,0.0,12.0,11.0,0.0,0.0,,0.5,22.22222222222222,0.1111111111111111,,0.0,0.0,0.0,0.0,0.0,0.0,0.0,1.0,0.0,1.0,9.0,2.0,7.0,9.0,9.0,2.0,0.0,1.0,0.0,0.0,0.0,9.0,0.0,0.0,0.0,0.0,12.0,11.0,0.0
000201,Adam Ghitelman,WAT,Waterdogs,2,G,Goalie,2022-08-21,2025-08-02,0.0,0.0,0.0,0.0,0.0,0.0,1.0,1,1.0,14.0,4.0,10.0,12.0,12.0,5.0,0.0,1.0,0,0,0,12.0,0.0,0.0,0.0,0.0,18.0,17.0,0.0,1.0,,0.5384615384615384,28.57142857142857,0.15384615384615385,,0.0,0.0,0.0,0.0,0.0,0.0,0.0,0.5,0.5,0.5,7.0,2.0,5.0,6.0,6.0,2.5,0.0,0.5,0.0,0.0,0.0,6.0,0.0,0.0,0.0,0.0,9.0,8.5,0.0
000204,Christian Cuccinello,ARC,Archers,1,A,Attack,2022-07-24,2022-07-24,0.0,0.0,0.0,0.0,0.0,0.0,1.0,0,0.0,0.0,0.0,0.0,0.0,0.0,0.0,0.0,0.0,0,0,0,0.0,0.0,0.0,0.0,0.0,3.0,2.0,0.0,0.0,,,,,,,0.0,0.0,0.0,0.0,0.0,0.0,1.0,0.0,0.0,0.0,0.0,0.0,0.0,0.0,0.0,0.0,0.0,0.0,0.0,0.0,0.0,0.0,0.0,0.0,0.0,3.0,2.0,0.0
000204,Christian Cuccinello,ATL,Atlas,1,A,Attack,2022-06-11,2022-06-11,2.0,2.0,2.0,0.0,2.0,0.0,5.0,4,0.0,0.0,0.0,0.0,0.0,0.0,1.0,0.0,0.0,0,0,0,0.0,0.0,0.0,0.0,0.0,13.0,8.0,0.4,0.8,,,,,,,2.0,2.0,2.0,0.0,2.0,0.0,5.0,4.0,0.0,0.0,0.0,0.0,0.0,0.0,1.0,0.0,0.0,0.0,0.0,0.0,0.0,0.0,0.0,0.0,0.0,13.0,8.0,0.0
000207,Dominique Alexander,ATL,Atlas,2,SSDM,Defensive Midfield,2022-06-26,2022-07-30,0.0,0.0,0.0,0.0,0.0,0.0,0.0,0,0.0,0.0,0.0,0.0,0.0,0.0,2.0,0.0,6.0,0,0,0,0.0,0.0,0.0,0.0,0.0,12.0,12.0,,,,,,,,,0.0,0.0,0.0,0.0,0.0,0.0,0.0,0.0,0.0,0.0,0.0,0.0,0.0,0.0,1.0,0.0,3.0,0.0,0.0,0.0,0.0,0.0,0.0,0.0,0.0,6.0,6.0,0.0
000207,Dominique Alexander,CAN,Cannons,2,SSDM,Defensive Midfield,2022-06-18,2022-07-24,1.0,1.0,1.0,0.0,1.0,0.0,1.0,1,0.0,0.0,0.0,0.0,0.0,0.0,4.0,0.0,0.0,0,0,0,0.0,0.0,1.0,1.0,0.0,11.0,10.0,1.0,1.0,,,,,,,0.5,0.5,0.5,0.0,0.5,0.0,0.5,0.5,0.0,0.0,0.0,0.0,0.0,0.0,2.0,0.0,0.0,0.0,0.0,0.0,0.0,0.0,0.5,0.5,0.0,5.5,5.0,0.0
000207,Dominique Alexander,CHA,Chaos,2,SSDM,Defensive Midfield,2022-06-11,2022-08-13,0.0,0.0,0.0,0.0,0.0,0.0,0.0,0,0.0,0.0,0.0,0.0,0.0,0.0,4.0,0.0,1.0,0,0,0,0.0,0.0,1.0,0.5,0.0,14.0,14.0,,,,,,,,,0.0,0.0,0.0,0.0,0.0,0.0,0.0,0.0,0.0,0.0,0.0,0.0,0.0,0.0,2.0,0.0,0.5,0.0,0.0,0.0,0.0,0.0,0.5,0.25,0.0,7.0,7.0,0.0
000207,Dominique Alexander,OUT,Outlaws,1,SSDM,Defensive Midfield,2022-06-05,2022-06-05,0.0,0.0,0.0,0.0,0.0,0.0,0.0,0,0.0,0.0,0.0,0.0,0.0,0.0,2.0,0.0,0.0,0,0,0,0.0,0.0,1.0,1.0,0.0,6.0,6.0,,,,,,,,,0.0,0.0,0.0,0.0,0.0,0.0,0.0,0.0,0.0,0.0,0.0,0.0,0.0,0.0,2.0,0.0,0.0,0.0,0.0,0.0,0.0,0.0,1.0,1.0,0.0,6.0,6.0,0.0
000207,Dominique Alexander,RED,Redwoods,1,SSDM,Defensive Midfield,2022-07-01,2022-07-01,0.0,0.0,0.0,0.0,0.0,0.0,0.0,0,0.0,0.0,0.0,0.0,0.0,0.0,1.0,0.0,0.0,0,0,0,0.0,0.0,0.0,0.0,0.0,7.0,7.0,,,,,,,,,0.0,0.0,0.0,0.0,0.0,0.0,0.0,0.0,0.0,0.0,0.0,0.0,0.0,0.0,1.0,0.0,0.0,0.0,0.0,0.0,0.0,0.0,0.0,0.0,0.0,7.0,7.0,0.0
000207,Dominique Alexander,WAT,Waterdogs,1,SSDM,Defensive Midfield,2022-08-21,2022-08-21,1.0,0.0,0.0,0.0,0.0,1.0,0.0,0,0.0,0.0,0.0,0.0,0.0,0.0,2.0,0.0,2.0,0,0,0,0.0,0.0,1.0,0.5,2.0,16.0,16.0,,,,,,,0.5,,1.0,0.0,0.0,0.0,0.0,1.0,0.0,0.0,0.0,0.0,0.0,0.0,0.0,0.0,2.0,0.0,2.0,0.0,0.0,0.0,0.0,0.0,1.0,0.5,2.0,16.0,16.0,2.0
000211,Ian MacKay,ARC,Archers,4,SSDM,Defensive Midfield,2022-08-13,2024-08-04,3.0,2.0,2.0,0.0,2.0,1.0,6.0,4,1.0,0.0,0.0,0.0,0.0,0.0,2.0,4.0,1.0,0,0,0,0.0,0.0,2.0,1.5,4.0,36.0,26.0,0.3333333333333333,0.6666666666666666,,,,,0.25,0.0,0.75,0.5,0.5,0.0,0.5,0.25,1.5,1.0,0.25,0.0,0.0,0.0,0.0,0.0,0.5,1.0,0.25,0.0,0.0,0.0,0.0,0.0,0.5,0.375,1.0,9.0,6.5,1.0
000211,Ian MacKay,ATL,Atlas,3,SSDM,Defensive Midfield,2022-08-21,2024-06-08,1.0,1.0,1.0,0.0,1.0,0.0,4.0,2,1.0,0.0,0.0,0.0,0.0,0.0,1.0,2.0,0.0,0,1,1,0.0,0.0,1.0,1.0,0.0,14.0,8.0,0.25,0.5,0.0,,,,,0.0,0.3333333333333333,0.3333333333333333,0.3333333333333333,0.0,0.3333333333333333,0.0,1.3333333333333333,0.6666666666666666,0.3333333333333333,0.0,0.0,0.0,0.0,0.0,0.3333333333333333,0.6666666666666666,0.0,0.0,0.3333333333333333,0.3333333333333333,0.0,0.0,0.3333333333333333,0.3333333333333333,0.0,4.666666666666667,2.6666666666666665,0.0
000211,Ian MacKay,CAN,Cannons,3,SSDM,Defensive Midfield,2022-07-02,2024-08-17,3.0,1.0,1.0,0.0,1.0,2.0,6.0,3,1.0,0.0,0.0,0.0,0.0,0.0,1.0,2.0,0.0,0,2,2,0.0,0.0,0.0,0.0,3.0,26.0,18.0,0.16666666666666666,0.5,0.0,,,,0.6666666666666666,0.0,1.0,0.3333333333333333,0.3333333333333333,0.0,0.3333333333333333,0.6666666666666666,2.0,1.0,0.3333333333333333,0.0,0.0,0.0,0.0,0.0,0.3333333333333333,0.6666666666666666,0.0,0.0,0.6666666666666666,0.6666666666666666,0.0,0.0,0.0,0.0,1.0,8.666666666666666,6.0,1.0
000211,Ian MacKay,OUT,Outlaws,3,SSDM,Defensive Midfield,2023-08-27,2024-08-10,5.0,5.0,5.0,0.0,5.0,0.0,8.0,5,0.0,0.0,0.0,0.0,0.0,0.0,3.0,1.0,0.0,0,3,3,0.0,0.0,3.0,1.5,4.0,31.0,22.0,0.625,0.625,0.0,,,,0.0,,1.6666666666666667,1.6666666666666667,1.6666666666666667,0.0,1.6666666666666667,0.0,2.6666666666666665,1.6666666666666667,0.0,0.0,0.0,0.0,0.0,0.0,1.0,0.3333333333333333,0.0,0.0,1.0,1.0,0.0,0.0,1.0,0.5,1.3333333333333333,10.333333333333334,7.333333333333333,1.3333333333333333
000211,Ian MacKay,RED,Redwoods,3,SSDM,Defensive Midfield,2023-07-09,2024-06-07,5.0,5.0,3.0,1.0,4.0,0.0,8.0,7,2.0,0.0,0.0,0.0,0.0,0.0,2.0,0.0,1.0,0,1,1,0.0,0.0,3.0,2.0,4.0,29.0,21.0,0.5,0.875,0.0,,,,0.0,0.5,1.6666666666666667,1.6666666666666667,1.0,0.3333333333333333,1.3333333333333333,0.0,2.6666666666666665,2.3333333333333335,0.6666666666666666,0.0,0.0,0.0,0.0,0.0,0.6666666666666666,0.0,0.3333333333333333,0.0,0.3333333333333333,0.3333333333333333,0.0,0.0,1.0,0.6666666666666666,1.3333333333333333,9.666666666666666,7.0,1.3333333333333333
000211,Ian MacKay,WAT,Waterdogs,3,SSDM,Defensive Midfield,2022-06-25,2024-06-30,0.0,0.0,0.0,0.0,0.0,0.0,6.0,3,4.0,0.0,0.0,0.0,0.0,0.0,2.0,0.0,0.0,0,0,0,0.0,0.0,2.0,1.5,0.0,22.0,16.0,0.0,0.5,,,,,,0.0,0.0,0.0,0.0,0.0,0.0,0.0,2.0,1.0,1.3333333333333333,0.0,0.0,0.0,0.0,0.0,0.6666666666666666,0.0,0.0,0.0,0.0,0.0,0.0,0.0,0.6666666666666666,0.5,0.0,7.333333333333333,5.333333333333333,0.0
000211,Ian MacKay,WHP,Whipsnakes,4,SSDM,Defensive Midfield,2022-07-23,2024-07-20,2.0,1.0,1.0,0.0,1.0,1.0,11.0,6,4.0,0.0,0.0,0.0,0.0,0.0,5.0,2.0,0.0,0,0,0,0.0,0.0,1.0,2.0,5.0,42.0,29.0,0.09090909090909091,0.5454545454545454,,,,,0.2,0.0,0.5,0.25,0.25,0.0,0.25,0.25,2.75,1.5,1.0,0.0,0.0,0.0,0.0,0.0,1.25,0.5,0.0,0.0,0.0,0.0,0.0,0.0,0.25,0.5,1.25,10.5,7.25,1.25
000213,Jerry Ragonese,CAN,Cannons,1,FO,Faceoff,2022-07-02,2022-07-02,1.0,1.0,1.0,0.0,1.0,0.0,1.0,1,0.0,0.0,0.0,0.0,0.0,0.0,2.0,0.0,0.0,2,6,8,0.0,0.0,0.0,0.0,0.0,2.0,1.0,1.0,1.0,0.25,,,,,,1.0,1.0,1.0,0.0,1.0,0.0,1.0,1.0,0.0,0.0,0.0,0.0,0.0,0.0,2.0,0.0,0.0,2.0,6.0,8.0,0.0,0.0,0.0,0.0,0.0,2.0,1.0,0.0
000216,Marcus Holman,ARC,Archers,4,A,Attack,2023-06-03,2026-08-01,13.0,8.0,4.0,2.0,6.0,5.0,30.0,15,8.0,0.0,0.0,0.0,0.0,0.0,7.0,7.0,0.0,0,0,0,0.0,0.0,0.0,0.0,20.0,184.0,147.0,0.2,0.5,,,,,0.25,0.25,3.25,2.0,1.0,0.5,1.5,1.25,7.5,3.75,2.0,0.0,0.0,0.0,0.0,0.0,1.75,1.75,0.0,0.0,0.0,0.0,0.0,0.0,0.0,0.0,5.0,46.0,36.75,5.0
000216,Marcus Holman,ATL,Atlas,10,A,Attack,2022-06-26,2026-07-19,30.0,25.0,19.0,3.0,22.0,5.0,77.0,52,12.0,0.0,0.0,0.0,0.0,0.0,22.0,16.0,1.0,0,0,0,0.0,0.0,1.0,1.0,25.0,328.0,235.0,0.2857142857142857,0.6753246753246753,,,,,0.2,0.25,3.0,2.5,1.9,0.3,2.2,0.5,7.7,5.2,1.2,0.0,0.0,0.0,0.0,0.0,2.2,1.6,0.1,0.0,0.0,0.0,0.0,0.0,0.1,0.1,2.5,32.8,23.5,2.5
000216,Marcus Holman,CAN,Cannons,2,A,Attack,2022-06-18,2022-07-24,4.0,3.0,3.0,0.0,3.0,1.0,9.0,6,0.0,0.0,0.0,0.0,0.0,0.0,7.0,2.0,0.0,0,0,0,0.0,0.0,0.0,0.0,7.0,74.0,63.0,0.3333333333333333,0.6666666666666666,,,,,0.14285714285714285,,2.0,1.5,1.5,0.0,1.5,0.5,4.5,3.0,0.0,0.0,0.0,0.0,0.0,0.0,3.5,1.0,0.0,0.0,0.0,0.0,0.0,0.0,0.0,0.0,3.5,37.0,31.5,3.5
000216,Marcus Holman,CHA,Chaos,7,A,Attack,2022-06-11,2026-07-25,21.0,16.0,14.0,1.0,15.0,5.0,43.0,28,7.0,0.0,0.0,0.0,0.0,0.0,15.0,8.0,2.0,0,0,0,0.0,0.0,0.0,0.0,21.0,286.0,235.0,0.3488372093023256,0.6511627906976745,,,,,0.23809523809523808,0.14285714285714285,3.0,2.2857142857142856,2.0,0.14285714285714285,2.142857142857143,0.7142857142857143,6.142857142857143,4.0,1.0,0.0,0.0,0.0,0.0,0.0,2.142857142857143,1.1428571428571428,0.2857142857142857,0.0,0.0,0.0,0.0,0.0,0.0,0.0,3.0,40.857142857142854,33.57142857142857,3.0
000216,Marcus Holman,OUT,Outlaws,6,A,Attack,2022-06-05,2026-07-11,23.0,18.0,14.0,2.0,16.0,5.0,43.0,28,6.0,0.0,0.0,0.0,0.0,0.0,13.0,7.0,3.0,0,0,0,0.0,0.0,2.0,1.0,20.0,256.0,206.0,0.37209302325581395,0.6511627906976745,,,,,0.25,0.3333333333333333,3.8333333333333335,3.0,2.3333333333333335,0.3333333333333333,2.6666666666666665,0.8333333333333334,7.166666666666667,4.666666666666667,1.0,0.0,0.0,0.0,0.0,0.0,2.1666666666666665,1.1666666666666667,0.5,0.0,0.0,0.0,0.0,0.0,0.3333333333333333,0.16666666666666666,3.3333333333333335,42.666666666666664,34.333333333333336,3.3333333333333335
000216,Marcus Holman,RED,Redwoods,7,A,Attack,2022-07-01,2026-08-09,31.0,27.0,21.0,3.0,24.0,4.0,50.0,40,9.0,0.0,0.0,0.0,0.0,0.0,9.0,8.0,1.0,0,0,0,0.0,0.0,2.0,1.0,21.0,271.0,213.0,0.48,0.8,,,,,0.19047619047619047,0.3333333333333333,4.428571428571429,3.857142857142857,3.0,0.42857142857142855,3.4285714285714284,0.5714285714285714,7.142857142857143,5.714285714285714,1.2857142857142858,0.0,0.0,0.0,0.0,0.0,1.2857142857142858,1.1428571428571428,0.14285714285714285,0.0,0.0,0.0,0.0,0.0,0.2857142857142857,0.14285714285714285,3.0,38.714285714285715,30.428571428571427,3.0
000216,Marcus Holman,WAT,Waterdogs,8,A,Attack,2022-08-21,2026-06-07,24.0,17.0,11.0,3.0,14.0,7.0,46.0,33,12.0,0.0,0.0,0.0,0.0,0.0,22.0,14.0,3.0,0,0,0,0.0,0.0,2.0,1.5,21.0,291.0,231.0,0.30434782608695654,0.717391304347826,,,,,0.3333333333333333,0.25,3.0,2.125,1.375,0.375,1.75,0.875,5.75,4.125,1.5,0.0,0.0,0.0,0.0,0.0,2.75,1.75,0.375,0.0,0.0,0.0,0.0,0.0,0.25,0.1875,2.625,36.375,28.875,2.625
000216,Marcus Holman,WHP,Whipsnakes,8,A,Attack,2022-08-06,2026-08-07,24.0,19.0,13.0,3.0,16.0,5.0,49.0,35,10.0,0.0,0.0,0.0,0.0,0.0,17.0,13.0,4.0,0,0,0,0.0,0.0,3.0,2.5,15.0,298.0,236.0,0.32653061224489793,0.7142857142857143,,,,,0.3333333333333333,0.3,3.0,2.375,1.625,0.375,2.0,0.625,6.125,4.375,1.25,0.0,0.0,0.0,0.0,0.0,2.125,1.625,0.5,0.0,0.0,0.0,0.0,0.0,0.375,0.3125,1.875,37.25,29.5,1.875
000217,Mark McNeill,ATL,Atlas,1,SSDM,Defensive Midfield,2022-07-30,2022-07-30,0.0,0.0,0.0,0.0,0.0,0.0,0.0,0,0.0,0.0,0.0,0.0,0.0,0.0,0.0,0.0,2.0,0,0,0,0.0,0.0,0.0,0.0,0.0,1.0,1.0,,,,,,,,,0.0,0.0,0.0,0.0,0.0,0.0,0.0,0.0,0.0,0.0,0.0,0.0,0.0,0.0,0.0,0.0,2.0,0.0,0.0,0.0,0.0,0.0,0.0,0.0,0.0,1.0,1.0,0.0
000217,Mark McNeill,CAN,Cannons,2,SSDM,Defensive Midfield,2022-06-18,2022-07-24,1.0,0.0,0.0,0.0,0.0,1.0,0.0,0,0.0,0.0,0.0,0.0,0.0,0.0,3.0,0.0,0.0,0,0,0,0.0,0.0,0.0,0.0,1.0,9.0,9.0,,,,,,,1.0,,0.5,0.0,0.0,0.0,0.0,0.5,0.0,0.0,0.0,0.0,0.0,0.0,0.0,0.0,1.5,0.0,0.0,0.0,0.0,0.0,0.0,0.0,0.0,0.0,0.5,4.5,4.5,0.5
000217,Mark McNeill,CHA,Chaos,2,SSDM,Defensive Midfield,2022-06-11,2022-08-13,0.0,0.0,0.0,0.0,0.0,0.0,0.0,0,0.0,0.0,0.0,0.0,0.0,0.0,3.0,2.0,0.0,0,0,0,0.0,0.0,0.0,0.0,0.0,12.0,10.0,,,,,,,,,0.0,0.0,0.0,0.0,0.0,0.0,0.0,0.0,0.0,0.0,0.0,0.0,0.0,0.0,1.5,1.0,0.0,0.0,0.0,0.0,0.0,0.0,0.0,0.0,0.0,6.0,5.0,0.0
000217,Mark McNeill,OUT,Outlaws,1,SSDM,Defensive Midfield,2022-06-05,2022-06-05,0.0,0.0,0.0,0.0,0.0,0.0,0.0,0,0.0,0.0,0.0,0.0,0.0,0.0,1.0,0.0,0.0,0,0,0,0.0,0.0,1.0,0.5,0.0,5.0,5.0,,,,,,,,,0.0,0.0,0.0,0.0,0.0,0.0,0.0,0.0,0.0,0.0,0.0,0.0,0.0,0.0,1.0,0.0,0.0,0.0,0.0,0.0,0.0,0.0,1.0,0.5,0.0,5.0,5.0,0.0
000217,Mark McNeill,RED,Redwoods,1,SSDM,Defensive Midfield,2022-07-01,2022-07-01,0.0,0.0,0.0,0.0,0.0,0.0,0.0,0,0.0,0.0,0.0,0.0,0.0,0.0,0.0,0.0,0.0,0,0,0,0.0,0.0,0.0,0.0,0.0,2.0,2.0,,,,,,,,,0.0,0.0,0.0,0.0,0.0,0.0,0.0,0.0,0.0,0.0,0.0,0.0,0.0,0.0,0.0,0.0,0.0,0.0,0.0,0.0,0.0,0.0,0.0,0.0,0.0,2.0,2.0,0.0
000217,Mark McNeill,WAT,Waterdogs,1,SSDM,Defensive Midfield,2022-08-21,2022-08-21,0.0,0.0,0.0,0.0,0.0,0.0,0.0,0,0.0,0.0,0.0,0.0,0.0,0.0,1.0,0.0,0.0,0,0,0,0.0,0.0,0.0,0.0,0.0,2.0,2.0,,,,,,,,,0.0,0.0,0.0,0.0,0.0,0.0,0.0,0.0,0.0,0.0,0.0,0.0,0.0,0.0,1.0,0.0,0.0,0.0,0.0,0.0,0.0,0.0,0.0,0.0,0.0,2.0,2.0,0.0
000217,Mark McNeill,WHP,Whipsnakes,1,SSDM,Defensive Midfield,2022-08-06,2022-08-06,0.0,0.0,0.0,0.0,0.0,0.0,0.0,0,0.0,0.0,0.0,0.0,0.0,0.0,1.0,1.0,0.0,0,0,0,0.0,0.0,0.0,0.0,0.0,5.0,4.0,,,,,,,,,0.0,0.0,0.0,0.0,0.0,0.0,0.0,0.0,0.0,0.0,0.0,0.0,0.0,0.0,1.0,1.0,0.0,0.0,0.0,0.0,0.0,0.0,0.0,0.0,0.0,5.0,4.0,0.0
000218,Matt McMahon,ATL,Atlas,3,D,Defense,2022-06-26,2023-08-05,0.0,0.0,0.0,0.0,0.0,0.0,0.0,0,0.0,0.0,0.0,0.0,0.0,0.0,3.0,1.0,2.0,0,0,0,0.0,0.0,0.0,0.0,0.0,9.0,8.0,,,,,,,,,0.0,0.0,0.0,0.0,0.0,0.0,0.0,0.0,0.0,0.0,0.0,0.0,0.0,0.0,1.0,0.3333333333333333,0.6666666666666666,0.0,0.0,0.0,0.0,0.0,0.0,0.0,0.0,3.0,2.6666666666666665,0.0
000218,Matt McMahon,CAN,Cannons,3,D,Defense,2022-06-18,2023-06-03,0.0,0.0,0.0,0.0,0.0,0.0,0.0,0,0.0,0.0,0.0,0.0,0.0,0.0,2.0,0.0,3.0,0,0,0,0.0,0.0,0.0,0.0,0.0,7.0,7.0,,,,,,,,,0.0,0.0,0.0,0.0,0.0,0.0,0.0,0.0,0.0,0.0,0.0,0.0,0.0,0.0,0.6666666666666666,0.0,1.0,0.0,0.0,0.0,0.0,0.0,0.0,0.0,0.0,2.3333333333333335,2.3333333333333335,0.0
000218,Matt McMahon,CHA,Chaos,3,D,Defense,2022-06-11,2023-06-17,0.0,0.0,0.0,0.0,0.0,0.0,0.0,0,0.0,0.0,0.0,0.0,0.0,0.0,1.0,1.0,2.0,0,0,0,0.0,0.0,0.0,0.0,0.0,3.0,2.0,,,,,,,,,0.0,0.0,0.0,0.0,0.0,0.0,0.0,0.0,0.0,0.0,0.0,0.0,0.0,0.0,0.3333333333333333,0.3333333333333333,0.6666666666666666,0.0,0.0,0.0,0.0,0.0,0.0,0.0,0.0,1.0,0.6666666666666666,0.0
000218,Matt McMahon,OUT,Outlaws,3,D,Defense,2022-06-05,2023-08-12,0.0,0.0,0.0,0.0,0.0,0.0,0.0,0,0.0,0.0,0.0,0.0,0.0,0.0,3.0,0.0,0.0,0,0,0,0.0,0.0,2.0,1.5,0.0,12.0,12.0,,,,,,,,,0.0,0.0,0.0,0.0,0.0,0.0,0.0,0.0,0.0,0.0,0.0,0.0,0.0,0.0,1.0,0.0,0.0,0.0,0.0,0.0,0.0,0.0,0.6666666666666666,0.5,0.0,4.0,4.0,0.0
000218,Matt McMahon,RED,Redwoods,2,D,Defense,2022-07-01,2023-07-15,0.0,0.0,0.0,0.0,0.0,0.0,0.0,0,0.0,0.0,0.0,0.0,0.0,0.0,6.0,0.0,2.0,0,0,0,0.0,0.0,0.0,0.0,1.0,8.0,8.0,,,,,,,0.0,,0.0,0.0,0.0,0.0,0.0,0.0,0.0,0.0,0.0,0.0,0.0,0.0,0.0,0.0,3.0,0.0,1.0,0.0,0.0,0.0,0.0,0.0,0.0,0.0,0.5,4.0,4.0,0.5
000218,Matt McMahon,WAT,Waterdogs,3,D,Defense,2022-08-21,2023-08-26,0.0,0.0,0.0,0.0,0.0,0.0,0.0,0,0.0,0.0,0.0,0.0,0.0,0.0,4.0,1.0,2.0,0,0,0,0.0,0.0,1.0,0.5,0.0,7.0,6.0,,,,,,,,,0.0,0.0,0.0,0.0,0.0,0.0,0.0,0.0,0.0,0.0,0.0,0.0,0.0,0.0,1.3333333333333333,0.3333333333333333,0.6666666666666666,0.0,0.0,0.0,0.0,0.0,0.3333333333333333,0.16666666666666666,0.0,2.3333333333333335,2.0,0.0
000218,Matt McMahon,WHP,Whipsnakes,3,D,Defense,2022-08-06,2023-08-19,0.0,0.0,0.0,0.0,0.0,0.0,0.0,0,0.0,0.0,0.0,0.0,0.0,0.0,5.0,1.0,4.0,0,0,0,0.0,0.0,1.0,1.0,0.0,12.0,11.0,,,,,,,,,0.0,0.0,0.0,0.0,0.0,0.0,0.0,0.0,0.0,0.0,0.0,0.0,0.0,0.0,1.6666666666666667,0.3333333333333333,1.3333333333333333,0.0,0.0,0.0,0.0,0.0,0.3333333333333333,0.3333333333333333,0.0,4.0,3.6666666666666665,0.0
000221,Ryan Ambler,ATL,Atlas,6,M,Midfield,2022-06-26,2026-07-11,4.0,2.0,2.0,0.0,2.0,2.0,18.0,11,0.0,0.0,0.0,0.0,0.0,0.0,2.0,9.0,0.0,0,0,0,0.0,0.0,0.0,0.0,6.0,86.0,59.0,0.1111111111111111,0.6111111111111112,,,,,0.3333333333333333,,0.6666666666666666,0.3333333333333333,0.3333333333333333,0.0,0.3333333333333333,0.3333333333333333,3.0,1.8333333333333333,0.0,0.0,0.0,0.0,0.0,0.0,0.3333333333333333,1.5,0.0,0.0,0.0,0.0,0.0,0.0,0.0,0.0,1.0,14.333333333333334,9.833333333333334,1.0
000221,Ryan Ambler,CAN,Cannons,6,M,Midfield,2022-06-18,2026-08-01,4.0,4.0,4.0,0.0,4.0,0.0,13.0,8,0.0,0.0,0.0,0.0,0.0,0.0,3.0,6.0,1.0,0,0,0,0.0,0.0,0.0,0.0,5.0,90.0,71.0,0.3076923076923077,0.6153846153846154,,,,,0.0,,0.6666666666666666,0.6666666666666666,0.6666666666666666,0.0,0.6666666666666666,0.0,2.1666666666666665,1.3333333333333333,0.0,0.0,0.0,0.0,0.0,0.0,0.5,1.0,0.16666666666666666,0.0,0.0,0.0,0.0,0.0,0.0,0.0,0.8333333333333334,15.0,11.833333333333334,0.8333333333333334
000221,Ryan Ambler,CHA,Chaos,9,M,Midfield,2022-06-11,2026-08-08,15.0,11.0,11.0,0.0,11.0,4.0,33.0,16,1.0,0.0,0.0,0.0,0.0,0.0,7.0,6.0,0.0,0,0,0,0.0,0.0,0.0,0.0,12.0,148.0,109.0,0.3333333333333333,0.48484848484848486,,,,,0.3333333333333333,0.0,1.6666666666666667,1.2222222222222223,1.2222222222222223,0.0,1.2222222222222223,0.4444444444444444,3.6666666666666665,1.7777777777777777,0.1111111111111111,0.0,0.0,0.0,0.0,0.0,0.7777777777777778,0.6666666666666666,0.0,0.0,0.0,0.0,0.0,0.0,0.0,0.0,1.3333333333333333,16.444444444444443,12.11111111111111,1.3333333333333333
000221,Ryan Ambler,OUT,Outlaws,9,M,Midfield,2022-06-05,2026-07-25,11.0,7.0,7.0,0.0,7.0,4.0,25.0,16,0.0,0.0,0.0,0.0,0.0,0.0,9.0,13.0,2.0,0,0,0,0.0,0.0,2.0,3.0,21.0,181.0,143.0,0.28,0.64,,,,,0.19047619047619047,,1.2222222222222223,0.7777777777777778,0.7777777777777778,0.0,0.7777777777777778,0.4444444444444444,2.7777777777777777,1.7777777777777777,0.0,0.0,0.0,0.0,0.0,0.0,1.0,1.4444444444444444,0.2222222222222222,0.0,0.0,0.0,0.0,0.0,0.2222222222222222,0.3333333333333333,2.3333333333333335,20.11111111111111,15.88888888888889,2.3333333333333335
000221,Ryan Ambler,RED,Redwoods,8,M,Midfield,2022-07-01,2026-06-20,8.0,6.0,6.0,0.0,6.0,2.0,20.0,13,1.0,0.0,0.0,0.0,0.0,0.0,2.0,7.0,0.0,0,0,0,0.0,0.0,1.0,0.5,4.0,120.0,93.0,0.3,0.65,,,,,0.5,0.0,1.0,0.75,0.75,0.0,0.75,0.25,2.5,1.625,0.125,0.0,0.0,0.0,0.0,0.0,0.25,0.875,0.0,0.0,0.0,0.0,0.0,0.0,0.125,0.0625,0.5,15.0,11.625,0.5
000221,Ryan Ambler,WAT,Waterdogs,7,M,Midfield,2022-08-21,2026-07-18,9.0,6.0,6.0,0.0,6.0,3.0,18.0,10,1.0,0.0,0.0,0.0,0.0,0.0,5.0,14.0,0.0,0,0,0,0.0,0.0,0.0,0.0,13.0,136.0,104.0,0.3333333333333333,0.5555555555555556,,,,,0.23076923076923078,0.0,1.2857142857142858,0.8571428571428571,0.8571428571428571,0.0,0.8571428571428571,0.42857142857142855,2.5714285714285716,1.4285714285714286,0.14285714285714285,0.0,0.0,0.0,0.0,0.0,0.7142857142857143,2.0,0.0,0.0,0.0,0.0,0.0,0.0,0.0,0.0,1.8571428571428572,19.428571428571427,14.857142857142858,1.8571428571428572
000221,Ryan Ambler,WHP,Whipsnakes,6,M,Midfield,2022-08-06,2026-07-25,4.0,3.0,3.0,0.0,3.0,1.0,18.0,9,2.0,0.0,0.0,0.0,0.0,0.0,3.0,7.0,1.0,0,0,0,0.0,0.0,0.0,0.0,10.0,117.0,92.0,0.16666666666666666,0.5,,,,,0.1,0.0,0.6666666666666666,0.5,0.5,0.0,0.5,0.16666666666666666,3.0,1.5,0.3333333333333333,0.0,0.0,0.0,0.0,0.0,0.5,1.1666666666666667,0.16666666666666666,0.0,0.0,0.0,0.0,0.0,0.0,0.0,1.6666666666666667,19.5,15.333333333333334,1.6666666666666667
000222,Stephen Kelly,ARC,Archers,2,FO,Faceoff,2022-06-18,2023-06-03,2.0,2.0,2.0,0.0,2.0,0.0,3.0,3,0.0,0.0,0.0,0.0,0.0,0.0,18.0,3.0,1.0,29,29,58,0.0,0.0,0.0,0.0,0.0,17.0,11.0,0.6666666666666666,1.0,0.5,,,,,,1.0,1.0,1.0,0.0,1.0,0.0,1.5,1.5,0.0,0.0,0.0,0.0,0.0,0.0,9.0,1.5,0.5,14.5,14.5,29.0,0.0,0.0,0.0,0.0,0.0,8.5,5.5,0.0
000222,Stephen Kelly,ATL,Atlas,2,FO,Faceoff,2022-06-11,2023-07-09,0.0,0.0,0.0,0.0,0.0,0.0,0.0,0,0.0,0.0,0.0,0.0,0.0,0.0,8.0,1.0,0.0,9,21,30,0.0,0.0,0.0,0.0,0.0,8.0,7.0,,,0.3,,,,,,0.0,0.0,0.0,0.0,0.0,0.0,0.0,0.0,0.0,0.0,0.0,0.0,0.0,0.0,4.0,0.5,0.0,4.5,10.5,15.0,0.0,0.0,0.0,0.0,0.0,4.0,3.5,0.0
000222,Stephen Kelly,CHA,Chaos,2,FO,Faceoff,2022-07-02,2023-06-10,1.0,0.0,0.0,0.0,0.0,1.0,2.0,1,1.0,0.0,0.0,0.0,0.0,0.0,16.0,2.0,0.0,27,18,45,0.0,0.0,0.0,0.0,3.0,17.0,13.0,0.0,0.5,0.6,,,,0.3333333333333333,0.0,0.5,0.0,0.0,0.0,0.0,0.5,1.0,0.5,0.5,0.0,0.0,0.0,0.0,0.0,8.0,1.0,0.0,13.5,9.0,22.5,0.0,0.0,0.0,0.0,1.5,8.5,6.5,1.5
000222,Stephen Kelly,OUT,Outlaws,3,FO,Faceoff,2022-06-25,2023-06-17,1.0,0.0,0.0,0.0,0.0,1.0,0.0,0,0.0,0.0,0.0,0.0,0.0,0.0,11.0,2.0,0.0,26,41,67,0.0,0.0,0.0,0.0,4.0,19.0,17.0,,,0.3880597014925373,,,,0.25,,0.3333333333333333,0.0,0.0,0.0,0.0,0.3333333333333333,0.0,0.0,0.0,0.0,0.0,0.0,0.0,0.0,3.6666666666666665,0.6666666666666666,0.0,8.666666666666666,13.666666666666666,22.333333333333332,0.0,0.0,0.0,0.0,1.3333333333333333,6.333333333333333,5.666666666666667,1.3333333333333333
000222,Stephen Kelly,RED,Redwoods,1,FO,Faceoff,2022-08-06,2022-08-06,0.0,0.0,0.0,0.0,0.0,0.0,1.0,1,0.0,0.0,0.0,0.0,0.0,0.0,9.0,0.0,0.0,11,16,27,0.0,0.0,0.0,0.0,0.0,7.0,6.0,0.0,1.0,0.4074074074074074,,,,,,0.0,0.0,0.0,0.0,0.0,0.0,1.0,1.0,0.0,0.0,0.0,0.0,0.0,0.0,9.0,0.0,0.0,11.0,16.0,27.0,0.0,0.0,0.0,0.0,0.0,7.0,6.0,0.0
000222,Stephen Kelly,WAT,Waterdogs,2,FO,Faceoff,2022-06-05,2022-07-31,2.0,2.0,2.0,0.0,2.0,0.0,3.0,2,0.0,0.0,0.0,0.0,0.0,0.0,19.0,4.0,0.0,32,26,58,0.0,0.0,0.0,0.0,0.0,18.0,11.0,0.6666666666666666,0.6666666666666666,0.5517241379310345,,,,,,1.0,1.0,1.0,0.0,1.0,0.0,1.5,1.0,0.0,0.0,0.0,0.0,0.0,0.0,9.5,2.0,0.0,16.0,13.0,29.0,0.0,0.0,0.0,0.0,0.0,9.0,5.5,0.0
000222,Stephen Kelly,WHP,Whipsnakes,1,FO,Faceoff,2022-08-21,2022-08-21,0.0,0.0,0.0,0.0,0.0,0.0,1.0,1,0.0,0.0,0.0,0.0,0.0,0.0,7.0,0.0,0.0,7,12,19,0.0,0.0,0.0,0.0,0.0,6.0,5.0,0.0,1.0,0.3684210526315789,,,,,,0.0,0.0,0.0,0.0,0.0,0.0,1.0,1.0,0.0,0.0,0.0,0.0,0.0,0.0,7.0,0.0,0.0,7.0,12.0,19.0,0.0,0.0,0.0,0.0,0.0,6.0,5.0,0.0
000223,Scott Ratliff,ATL,Atlas,2,D,Defense,2022-06-26,2022-07-30,0.0,0.0,0.0,0.0,0.0,0.0,2.0,1,2.0,0.0,0.0,0.0,0.0,0.0,3.0,0.0,2.0,0,0,0,0.0,0.0,0.0,0.0,1.0,29.0,27.0,0.0,0.5,,,,,0.0,0.0,0.0,0.0,0.0,0.0,0.0,0.0,1.0,0.5,1.0,0.0,0.0,0.0,0.0,0.0,1.5,0.0,1.0,0.0,0.0,0.0,0.0,0.0,0.0,0.0,0.5,14.5,13.5,0.5
000223,Scott Ratliff,CAN,Cannons,2,D,Defense,2022-06-18,2022-07-24,1.0,1.0,1.0,0.0,1.0,0.0,2.0,2,0.0,0.0,0.0,0.0,0.0,0.0,8.0,3.0,2.0,0,0,0,0.0,0.0,0.0,0.0,1.0,20.0,15.0,0.5,1.0,,,,,0.0,,0.5,0.5,0.5,0.0,0.5,0.0,1.0,1.0,0.0,0.0,0.0,0.0,0.0,0.0,4.0,1.5,1.0,0.0,0.0,0.0,0.0,0.0,0.0,0.0,0.5,10.0,7.5,0.5
000223,Scott Ratliff,CHA,Chaos,2,D,Defense,2022-06-11,2022-08-13,0.0,0.0,0.0,0.0,0.0,0.0,1.0,1,1.0,0.0,0.0,0.0,0.0,0.0,2.0,0.0,3.0,0,0,0,0.0,0.0,1.0,0.5,1.0,18.0,17.0,0.0,1.0,,,,,0.0,0.0,0.0,0.0,0.0,0.0,0.0,0.0,0.5,0.5,0.5,0.0,0.0,0.0,0.0,0.0,1.0,0.0,1.5,0.0,0.0,0.0,0.0,0.0,0.5,0.25,0.5,9.0,8.5,0.5
000223,Scott Ratliff,OUT,Outlaws,1,D,Defense,2022-06-05,2022-06-05,1.0,0.0,0.0,0.0,0.0,1.0,1.0,0,1.0,0.0,0.0,0.0,0.0,0.0,5.0,0.0,1.0,0,0,0,0.0,0.0,0.0,0.0,2.0,11.0,10.0,0.0,0.0,,,,,0.5,0.0,1.0,0.0,0.0,0.0,0.0,1.0,1.0,0.0,1.0,0.0,0.0,0.0,0.0,0.0,5.0,0.0,1.0,0.0,0.0,0.0,0.0,0.0,0.0,0.0,2.0,11.0,10.0,2.0
000223,Scott Ratliff,RED,Redwoods,1,D,Defense,2022-07-01,2022-07-01,0.0,0.0,0.0,0.0,0.0,0.0,1.0,1,1.0,0.0,0.0,0.0,0.0,0.0,4.0,0.0,1.0,0,0,0,0.0,0.0,1.0,1.0,0.0,7.0,6.0,0.0,1.0,,,,,,0.0,0.0,0.0,0.0,0.0,0.0,0.0,1.0,1.0,1.0,0.0,0.0,0.0,0.0,0.0,4.0,0.0,1.0,0.0,0.0,0.0,0.0,0.0,1.0,1.0,0.0,7.0,6.0,0.0
000223,Scott Ratliff,WAT,Waterdogs,1,D,Defense,2022-08-21,2022-08-21,0.0,0.0,0.0,0.0,0.0,0.0,2.0,2,2.0,0.0,0.0,0.0,0.0,0.0,2.0,1.0,3.0,0,0,0,0.0,0.0,0.0,0.0,1.0,13.0,10.0,0.0,1.0,,,,,0.0,0.0,0.0,0.0,0.0,0.0,0.0,0.0,2.0,2.0,2.0,0.0,0.0,0.0,0.0,0.0,2.0,1.0,3.0,0.0,0.0,0.0,0.0,0.0,0.0,0.0,1.0,13.0,10.0,1.0
000223,Scott Ratliff,WHP,Whipsnakes,1,D,Defense,2022-08-06,2022-08-06,0.0,0.0,0.0,0.0,0.0,0.0,1.0,1,1.0,0.0,0.0,0.0,0.0,0.0,3.0,0.0,1.0,0,0,0,0.0,0.0,1.0,1.0,0.0,13.0,12.0,0.0,1.0,,,,,,0.0,0.0,0.0,0.0,0.0,0.0,0.0,1.0,1.0,1.0,0.0,0.0,0.0,0.0,0.0,3.0,0.0,1.0,0.0,0.0,0.0,0.0,0.0,1.0,1.0,0.0,13.0,12.0,0.0
000225,Tom Schreiber,ATL,Atlas,5,M,Midfield,2022-06-26,2025-06-28,10.0,7.0,7.0,0.0,7.0,3.0,25.0,15,5.0,0.0,0.0,0.0,0.0,0.0,8.0,15.0,0.0,0,0,0,0.0,0.0,1.0,1.0,19.0,143.0,103.0,0.28,0.6,,,,,0.15789473684210525,0.0,2.0,1.4,1.4,0.0,1.4,0.6,5.0,3.0,1.0,0.0,0.0,0.0,0.0,0.0,1.6,3.0,0.0,0.0,0.0,0.0,0.0,0.0,0.2,0.2,3.8,28.6,20.6,3.8
000225,Tom Schreiber,CAN,Cannons,5,M,Midfield,2022-06-18,2025-06-07,20.0,8.0,8.0,0.0,8.0,12.0,28.0,19,3.0,0.0,0.0,0.0,0.0,0.0,2.0,11.0,1.0,0,0,0,0.0,0.0,0.0,0.0,32.0,198.0,159.0,0.2857142857142857,0.6785714285714286,,,,,0.375,0.0,4.0,1.6,1.6,0.0,1.6,2.4,5.6,3.8,0.6,0.0,0.0,0.0,0.0,0.0,0.4,2.2,0.2,0.0,0.0,0.0,0.0,0.0,0.0,0.0,6.4,39.6,31.8,6.4
000225,Tom Schreiber,CHA,Chaos,6,M,Midfield,2022-06-11,2025-07-19,21.0,14.0,10.0,2.0,12.0,7.0,39.0,24,8.0,0.0,0.0,0.0,0.0,0.0,8.0,10.0,2.0,0,0,0,0.0,0.0,1.0,0.5,33.0,202.0,153.0,0.3076923076923077,0.6153846153846154,,,,,0.21212121212121213,0.25,3.5,2.3333333333333335,1.6666666666666667,0.3333333333333333,2.0,1.1666666666666667,6.5,4.0,1.3333333333333333,0.0,0.0,0.0,0.0,0.0,1.3333333333333333,1.6666666666666667,0.3333333333333333,0.0,0.0,0.0,0.0,0.0,0.16666666666666666,0.08333333333333333,5.5,33.666666666666664,25.5,5.5
000225,Tom Schreiber,OUT,Outlaws,5,M,Midfield,2022-06-05,2025-06-22,19.0,8.0,6.0,1.0,7.0,11.0,27.0,17,4.0,0.0,0.0,0.0,0.0,0.0,11.0,5.0,0.0,0,0,0,0.0,0.0,0.0,0.0,34.0,198.0,166.0,0.25925925925925924,0.6296296296296297,,,,,0.3235294117647059,0.25,3.8,1.6,1.2,0.2,1.4,2.2,5.4,3.4,0.8,0.0,0.0,0.0,0.0,0.0,2.2,1.0,0.0,0.0,0.0,0.0,0.0,0.0,0.0,0.0,6.8,39.6,33.2,6.8
000225,Tom Schreiber,RED,Redwoods,6,M,Midfield,2022-07-01,2025-07-26,17.0,8.0,8.0,0.0,8.0,9.0,31.0,20,5.0,0.0,0.0,0.0,0.0,0.0,9.0,17.0,1.0,0,0,0,0.0,0.0,1.0,0.5,24.0,161.0,113.0,0.25806451612903225,0.6451612903225806,,,,,0.375,0.0,2.8333333333333335,1.3333333333333333,1.3333333333333333,0.0,1.3333333333333333,1.5,5.166666666666667,3.3333333333333335,0.8333333333333334,0.0,0.0,0.0,0.0,0.0,1.5,2.8333333333333335,0.16666666666666666,0.0,0.0,0.0,0.0,0.0,0.16666666666666666,0.08333333333333333,4.0,26.833333333333332,18.833333333333332,4.0
000225,Tom Schreiber,WAT,Waterdogs,5,M,Midfield,2022-08-21,2025-07-12,17.0,9.0,5.0,2.0,7.0,8.0,25.0,12,7.0,0.0,0.0,0.0,0.0,0.0,6.0,7.0,1.0,0,0,0,0.0,0.0,0.0,0.0,28.0,170.0,138.0,0.28,0.48,,,,,0.2857142857142857,0.2857142857142857,3.4,1.8,1.0,0.4,1.4,1.6,5.0,2.4,1.4,0.0,0.0,0.0,0.0,0.0,1.2,1.4,0.2,0.0,0.0,0.0,0.0,0.0,0.0,0.0,5.6,34.0,27.6,5.6
000225,Tom Schreiber,WHP,Whipsnakes,5,M,Midfield,2022-08-06,2025-05-31,10.0,5.0,5.0,0.0,5.0,5.0,25.0,12,4.0,0.0,0.0,0.0,0.0,0.0,4.0,8.0,1.0,0,0,0,0.0,0.0,0.0,0.0,21.0,154.0,121.0,0.2,0.48,,,,,0.23809523809523808,0.0,2.0,1.0,1.0,0.0,1.0,1.0,5.0,2.4,0.8,0.0,0.0,0.0,0.0,0.0,0.8,1.6,0.2,0.0,0.0,0.0,0.0,0.0,0.0,0.0,4.2,30.8,24.2,4.2
000227,Will Manny,ARC,Archers,2,A,Attack,2023-07-09,2023-08-19,4.0,0.0,0.0,0.0,0.0,4.0,12.0,9,0.0,0.0,0.0,0.0,0.0,0.0,2.0,2.0,0.0,0,0,0,0.0,0.0,0.0,0.0,12.0,55.0,41.0,0.0,0.75,,,,,0.3333333333333333,,2.0,0.0,0.0,0.0,0.0,2.0,6.0,4.5,0.0,0.0,0.0,0.0,0.0,0.0,1.0,1.0,0.0,0.0,0.0,0.0,0.0,0.0,0.0,0.0,6.0,27.5,20.5,6.0
000227,Will Manny,ATL,Atlas,4,A,Attack,2022-06-26,2025-05-31,8.0,4.0,4.0,0.0,4.0,4.0,17.0,12,0.0,0.0,0.0,0.0,0.0,0.0,4.0,8.0,1.0,0,0,0,0.0,0.0,1.0,0.5,10.0,113.0,88.0,0.23529411764705882,0.7058823529411765,,,,,0.4,,2.0,1.0,1.0,0.0,1.0,1.0,4.25,3.0,0.0,0.0,0.0,0.0,0.0,0.0,1.0,2.0,0.25,0.0,0.0,0.0,0.0,0.0,0.25,0.125,2.5,28.25,22.0,2.5
000227,Will Manny,CAN,Cannons,3,A,Attack,2022-06-18,2023-08-26,16.0,8.0,8.0,0.0,8.0,8.0,15.0,12,0.0,0.0,0.0,0.0,0.0,0.0,2.0,5.0,0.0,0,0,0,0.0,0.0,0.0,0.0,15.0,102.0,82.0,0.5333333333333333,0.8,,,,,0.5333333333333333,,5.333333333333333,2.6666666666666665,2.6666666666666665,0.0,2.6666666666666665,2.6666666666666665,5.0,4.0,0.0,0.0,0.0,0.0,0.0,0.0,0.6666666666666666,1.6666666666666667,0.0,0.0,0.0,0.0,0.0,0.0,0.0,0.0,5.0,34.0,27.333333333333332,5.0
000227,Will Manny,CHA,Chaos,4,A,Attack,2022-06-11,2023-08-12,14.0,9.0,9.0,0.0,9.0,5.0,30.0,23,3.0,0.0,0.0,0.0,0.0,0.0,6.0,8.0,0.0,0,0,0,0.0,0.0,1.0,0.5,15.0,124.0,86.0,0.3,0.7666666666666667,,,,,0.3333333333333333,0.0,3.5,2.25,2.25,0.0,2.25,1.25,7.5,5.75,0.75,0.0,0.0,0.0,0.0,0.0,1.5,2.0,0.0,0.0,0.0,0.0,0.0,0.0,0.25,0.125,3.75,31.0,21.5,3.75
000227,Will Manny,OUT,Outlaws,4,A,Attack,2022-06-05,2025-07-19,12.0,8.0,8.0,0.0,8.0,4.0,23.0,16,2.0,0.0,0.0,0.0,0.0,0.0,5.0,2.0,0.0,0,0,0,0.0,0.0,1.0,0.5,9.0,96.0,71.0,0.34782608695652173,0.6956521739130435,,,,,0.4444444444444444,0.0,3.0,2.0,2.0,0.0,2.0,1.0,5.75,4.0,0.5,0.0,0.0,0.0,0.0,0.0,1.25,0.5,0.0,0.0,0.0,0.0,0.0,0.0,0.25,0.125,2.25,24.0,17.75,2.25
000227,Will Manny,RED,Redwoods,3,A,Attack,2022-07-01,2025-08-08,11.0,6.0,4.0,1.0,5.0,5.0,21.0,11,2.0,0.0,0.0,0.0,0.0,0.0,2.0,6.0,0.0,0,0,0,0.0,0.0,0.0,0.0,12.0,96.0,69.0,0.23809523809523808,0.5238095238095238,,,,,0.4166666666666667,0.5,3.6666666666666665,2.0,1.3333333333333333,0.3333333333333333,1.6666666666666667,1.6666666666666667,7.0,3.6666666666666665,0.6666666666666666,0.0,0.0,0.0,0.0,0.0,0.6666666666666666,2.0,0.0,0.0,0.0,0.0,0.0,0.0,0.0,0.0,4.0,32.0,23.0,4.0
000227,Will Manny,WAT,Waterdogs,3,A,Attack,2022-08-21,2025-08-02,6.0,2.0,2.0,0.0,2.0,4.0,10.0,7,0.0,0.0,0.0,0.0,0.0,0.0,0.0,3.0,1.0,0,0,0,0.0,0.0,0.0,0.0,11.0,72.0,59.0,0.2,0.7,,,,,0.36363636363636365,,2.0,0.6666666666666666,0.6666666666666666,0.0,0.6666666666666666,1.3333333333333333,3.3333333333333335,2.3333333333333335,0.0,0.0,0.0,0.0,0.0,0.0,0.0,1.0,0.3333333333333333,0.0,0.0,0.0,0.0,0.0,0.0,0.0,3.6666666666666665,24.0,19.666666666666668,3.6666666666666665
000227,Will Manny,WHP,Whipsnakes,2,A,Attack,2022-08-06,2025-08-09,4.0,2.0,2.0,0.0,2.0,2.0,6.0,5,0.0,0.0,0.0,0.0,0.0,0.0,2.0,2.0,0.0,0,0,0,0.0,0.0,0.0,0.0,5.0,48.0,40.0,0.3333333333333333,0.8333333333333334,,,,,0.4,,2.0,1.0,1.0,0.0,1.0,1.0,3.0,2.5,0.0,0.0,0.0,0.0,0.0,0.0,1.0,1.0,0.0,0.0,0.0,0.0,0.0,0.0,0.0,0.0,2.5,24.0,20.0,2.5
000231,Chris Cloutier,ARC,Archers,1,A,Attack,2022-08-13,2022-08-13,1.0,1.0,1.0,0.0,1.0,0.0,3.0,3,0.0,0.0,0.0,0.0,0.0,0.0,1.0,3.0,0.0,0,0,0,0.0,0.0,0.0,0.0,1.0,28.0,22.0,0.3333333333333333,1.0,,,,,0.0,,1.0,1.0,1.0,0.0,1.0,0.0,3.0,3.0,0.0,0.0,0.0,0.0,0.0,0.0,1.0,3.0,0.0,0.0,0.0,0.0,0.0,0.0,0.0,0.0,1.0,28.0,22.0,1.0
000231,Chris Cloutier,ATL,Atlas,1,A,Attack,2022-08-21,2022-08-21,3.0,1.0,1.0,0.0,1.0,2.0,4.0,3,0.0,0.0,0.0,0.0,0.0,0.0,3.0,1.0,0.0,0,0,0,0.0,0.0,0.0,0.0,4.0,23.0,18.0,0.25,0.75,,,,,0.5,,3.0,1.0,1.0,0.0,1.0,2.0,4.0,3.0,0.0,0.0,0.0,0.0,0.0,0.0,3.0,1.0,0.0,0.0,0.0,0.0,0.0,0.0,0.0,0.0,4.0,23.0,18.0,4.0
000231,Chris Cloutier,CAN,Cannons,2,A,Attack,2022-07-02,2023-06-10,3.0,3.0,3.0,0.0,3.0,0.0,8.0,7,0.0,0.0,0.0,0.0,0.0,0.0,3.0,3.0,0.0,0,0,0,0.0,0.0,0.0,0.0,3.0,42.0,31.0,0.375,0.875,,,,,0.0,,1.5,1.5,1.5,0.0,1.5,0.0,4.0,3.5,0.0,0.0,0.0,0.0,0.0,0.0,1.5,1.5,0.0,0.0,0.0,0.0,0.0,0.0,0.0,0.0,1.5,21.0,15.5,1.5
000231,Chris Cloutier,OUT,Outlaws,2,A,Attack,2022-08-06,2023-08-27,4.0,4.0,4.0,0.0,4.0,0.0,10.0,7,0.0,0.0,0.0,0.0,0.0,0.0,1.0,3.0,0.0,0,0,0,0.0,0.0,0.0,0.0,2.0,43.0,30.0,0.4,0.7,,,,,0.0,,2.0,2.0,2.0,0.0,2.0,0.0,5.0,3.5,0.0,0.0,0.0,0.0,0.0,0.0,0.5,1.5,0.0,0.0,0.0,0.0,0.0,0.0,0.0,0.0,1.0,21.5,15.0,1.0
000231,Chris Cloutier,RED,Redwoods,3,A,Attack,2022-07-31,2023-08-06,9.0,6.0,6.0,0.0,6.0,3.0,21.0,13,0.0,0.0,0.0,0.0,0.0,0.0,3.0,8.0,0.0,0,0,0,0.0,0.0,0.0,0.0,8.0,90.0,61.0,0.2857142857142857,0.6190476190476191,,,,,0.375,,3.0,2.0,2.0,0.0,2.0,1.0,7.0,4.333333333333333,0.0,0.0,0.0,0.0,0.0,0.0,1.0,2.6666666666666665,0.0,0.0,0.0,0.0,0.0,0.0,0.0,0.0,2.6666666666666665,30.0,20.333333333333332,2.6666666666666665
000231,Chris Cloutier,WHP,Whipsnakes,2,A,Attack,2022-07-23,2023-08-12,5.0,4.0,4.0,0.0,4.0,1.0,14.0,8,0.0,0.0,0.0,0.0,0.0,0.0,5.0,4.0,0.0,0,0,0,0.0,0.0,0.0,0.0,6.0,59.0,41.0,0.2857142857142857,0.5714285714285714,,,,,0.16666666666666666,,2.5,2.0,2.0,0.0,2.0,0.5,7.0,4.0,0.0,0.0,0.0,0.0,0.0,0.0,2.5,2.0,0.0,0.0,0.0,0.0,0.0,0.0,0.0,0.0,3.0,29.5,20.5,3.0
000234,Eric Law,ARC,Archers,4,A,Attack,2022-06-26,2024-08-18,9.0,6.0,6.0,0.0,6.0,3.0,13.0,9,0.0,0.0,0.0,0.0,0.0,0.0,6.0,5.0,0.0,0,0,0,0.0,0.0,0.0,0.0,8.0,125.0,107.0,0.46153846153846156,0.6923076923076923,,,,,0.375,,2.25,1.5,1.5,0.0,1.5,0.75,3.25,2.25,0.0,0.0,0.0,0.0,0.0,0.0,1.5,1.25,0.0,0.0,0.0,0.0,0.0,0.0,0.0,0.0,2.0,31.25,26.75,2.0
000234,Eric Law,ATL,Atlas,1,A,Attack,2025-08-02,2025-08-02,0.0,0.0,0.0,0.0,0.0,0.0,0.0,0,0.0,0.0,0.0,0.0,0.0,0.0,0.0,0.0,0.0,0,0,0,0.0,0.0,0.0,0.0,0.0,4.0,4.0,,,,,,,,,0.0,0.0,0.0,0.0,0.0,0.0,0.0,0.0,0.0,0.0,0.0,0.0,0.0,0.0,0.0,0.0,0.0,0.0,0.0,0.0,0.0,0.0,0.0,0.0,0.0,4.0,4.0,0.0
000234,Eric Law,CAN,Cannons,4,A,Attack,2022-06-11,2024-07-27,6.0,5.0,5.0,0.0,5.0,1.0,10.0,8,0.0,0.0,0.0,0.0,0.0,0.0,1.0,6.0,1.0,0,0,0,0.0,0.0,2.0,1.0,9.0,106.0,90.0,0.5,0.8,,,,,0.1111111111111111,,1.5,1.25,1.25,0.0,1.25,0.25,2.5,2.0,0.0,0.0,0.0,0.0,0.0,0.0,0.25,1.5,0.25,0.0,0.0,0.0,0.0,0.0,0.5,0.25,2.25,26.5,22.5,2.25
000234,Eric Law,CHA,Chaos,3,A,Attack,2022-08-21,2024-08-10,9.0,9.0,9.0,0.0,9.0,0.0,15.0,13,0.0,0.0,0.0,0.0,0.0,0.0,4.0,8.0,0.0,0,0,0,0.0,0.0,0.0,0.0,8.0,97.0,74.0,0.6,0.8666666666666667,,,,,0.0,,3.0,3.0,3.0,0.0,3.0,0.0,5.0,4.333333333333333,0.0,0.0,0.0,0.0,0.0,0.0,1.3333333333333333,2.6666666666666665,0.0,0.0,0.0,0.0,0.0,0.0,0.0,0.0,2.6666666666666665,32.333333333333336,24.666666666666668,2.6666666666666665
000234,Eric Law,OUT,Outlaws,2,A,Attack,2022-07-02,2023-07-29,5.0,4.0,4.0,0.0,4.0,1.0,10.0,7,0.0,0.0,0.0,0.0,0.0,0.0,2.0,3.0,0.0,0,0,0,0.0,0.0,3.0,2.5,6.0,56.0,43.0,0.4,0.7,,,,,0.16666666666666666,,2.5,2.0,2.0,0.0,2.0,0.5,5.0,3.5,0.0,0.0,0.0,0.0,0.0,0.0,1.0,1.5,0.0,0.0,0.0,0.0,0.0,0.0,1.5,1.25,3.0,28.0,21.5,3.0
000234,Eric Law,RED,Redwoods,5,A,Attack,2022-06-04,2024-08-03,20.0,11.0,11.0,0.0,11.0,9.0,19.0,16,0.0,0.0,0.0,0.0,0.0,0.0,10.0,14.0,0.0,0,0,0,0.0,0.0,1.0,1.0,15.0,147.0,114.0,0.5789473684210527,0.8421052631578947,,,,,0.6,,4.0,2.2,2.2,0.0,2.2,1.8,3.8,3.2,0.0,0.0,0.0,0.0,0.0,0.0,2.0,2.8,0.0,0.0,0.0,0.0,0.0,0.0,0.2,0.2,3.0,29.4,22.8,3.0
000234,Eric Law,WAT,Waterdogs,4,A,Attack,2022-08-06,2024-07-19,13.0,11.0,11.0,0.0,11.0,2.0,22.0,18,0.0,0.0,0.0,0.0,0.0,0.0,4.0,5.0,0.0,0,0,0,0.0,0.0,0.0,0.0,10.0,103.0,76.0,0.5,0.8181818181818182,,,,,0.2,,3.25,2.75,2.75,0.0,2.75,0.5,5.5,4.5,0.0,0.0,0.0,0.0,0.0,0.0,1.0,1.25,0.0,0.0,0.0,0.0,0.0,0.0,0.0,0.0,2.5,25.75,19.0,2.5
000234,Eric Law,WHP,Whipsnakes,4,A,Attack,2022-06-18,2024-08-10,7.0,5.0,5.0,0.0,5.0,2.0,12.0,11,0.0,0.0,0.0,0.0,0.0,0.0,5.0,9.0,0.0,0,0,0,0.0,0.0,0.0,0.0,12.0,132.0,111.0,0.4166666666666667,0.9166666666666666,,,,,0.16666666666666666,,1.75,1.25,1.25,0.0,1.25,0.5,3.0,2.75,0.0,0.0,0.0,0.0,0.0,0.0,1.25,2.25,0.0,0.0,0.0,0.0,0.0,0.0,0.0,0.0,3.0,33.0,27.75,3.0
000235,Jake Richard,ARC,Archers,4,SSDM,Defensive Midfield,2022-06-26,2024-06-01,0.0,0.0,0.0,0.0,0.0,0.0,2.0,2,0.0,0.0,0.0,0.0,0.0,0.0,6.0,0.0,0.0,0,0,1,0.0,0.0,2.0,1.0,1.0,30.0,28.0,0.0,1.0,0.0,,,,0.0,,0.0,0.0,0.0,0.0,0.0,0.0,0.5,0.5,0.0,0.0,0.0,0.0,0.0,0.0,1.5,0.0,0.0,0.0,0.0,0.25,0.0,0.0,0.5,0.25,0.25,7.5,7.0,0.25
000235,Jake Richard,ATL,Atlas,2,SSDM,Defensive Midfield,2024-07-28,2024-08-17,0.0,0.0,0.0,0.0,0.0,0.0,2.0,2,0.0,0.0,0.0,0.0,0.0,0.0,1.0,1.0,1.0,0,0,0,0.0,0.0,1.0,0.5,1.0,10.0,7.0,0.0,1.0,,,,,0.0,,0.0,0.0,0.0,0.0,0.0,0.0,1.0,1.0,0.0,0.0,0.0,0.0,0.0,0.0,0.5,0.5,0.5,0.0,0.0,0.0,0.0,0.0,0.5,0.25,0.5,5.0,3.5,0.5
000235,Jake Richard,CAN,Cannons,5,SSDM,Defensive Midfield,2022-06-11,2024-07-06,1.0,1.0,1.0,0.0,1.0,0.0,1.0,1,0.0,0.0,0.0,0.0,0.0,0.0,2.0,0.0,3.0,0,5,5,0.0,0.0,1.0,0.5,0.0,29.0,28.0,1.0,1.0,0.0,,,,,,0.2,0.2,0.2,0.0,0.2,0.0,0.2,0.2,0.0,0.0,0.0,0.0,0.0,0.0,0.4,0.0,0.6,0.0,1.0,1.0,0.0,0.0,0.2,0.1,0.0,5.8,5.6,0.0
000235,Jake Richard,CHA,Chaos,3,SSDM,Defensive Midfield,2022-08-21,2024-06-30,1.0,0.0,0.0,0.0,0.0,1.0,0.0,0,0.0,0.0,0.0,0.0,0.0,0.0,2.0,0.0,1.0,0,0,0,0.0,0.0,2.0,1.5,2.0,20.0,20.0,,,,,,,0.5,,0.3333333333333333,0.0,0.0,0.0,0.0,0.3333333333333333,0.0,0.0,0.0,0.0,0.0,0.0,0.0,0.0,0.6666666666666666,0.0,0.3333333333333333,0.0,0.0,0.0,0.0,0.0,0.6666666666666666,0.5,0.6666666666666666,6.666666666666667,6.666666666666667,0.6666666666666666
000235,Jake Richard,OUT,Outlaws,2,SSDM,Defensive Midfield,2022-07-02,2023-07-29,0.0,0.0,0.0,0.0,0.0,0.0,0.0,0,0.0,0.0,0.0,0.0,0.0,0.0,0.0,0.0,1.0,0,0,0,0.0,0.0,0.0,0.0,0.0,13.0,13.0,,,,,,,,,0.0,0.0,0.0,0.0,0.0,0.0,0.0,0.0,0.0,0.0,0.0,0.0,0.0,0.0,0.0,0.0,0.5,0.0,0.0,0.0,0.0,0.0,0.0,0.0,0.0,6.5,6.5,0.0
000235,Jake Richard,RED,Redwoods,5,SSDM,Defensive Midfield,2022-06-04,2024-08-10,0.0,0.0,0.0,0.0,0.0,0.0,1.0,0,1.0,0.0,0.0,0.0,0.0,0.0,4.0,1.0,3.0,0,1,1,0.0,0.0,4.0,2.5,1.0,34.0,32.0,0.0,0.0,0.0,,,,0.0,0.0,0.0,0.0,0.0,0.0,0.0,0.0,0.2,0.0,0.2,0.0,0.0,0.0,0.0,0.0,0.8,0.2,0.6,0.0,0.2,0.2,0.0,0.0,0.8,0.5,0.2,6.8,6.4,0.2
000235,Jake Richard,WAT,Waterdogs,3,SSDM,Defensive Midfield,2022-08-06,2023-08-12,0.0,0.0,0.0,0.0,0.0,0.0,3.0,3,2.0,0.0,0.0,0.0,0.0,0.0,2.0,0.0,2.0,0,0,0,0.0,0.0,1.0,1.0,2.0,21.0,18.0,0.0,1.0,,,,,0.0,0.0,0.0,0.0,0.0,0.0,0.0,0.0,1.0,1.0,0.6666666666666666,0.0,0.0,0.0,0.0,0.0,0.6666666666666666,0.0,0.6666666666666666,0.0,0.0,0.0,0.0,0.0,0.3333333333333333,0.3333333333333333,0.6666666666666666,7.0,6.0,0.6666666666666666
000235,Jake Richard,WHP,Whipsnakes,5,SSDM,Defensive Midfield,2022-06-18,2024-08-03,2.0,0.0,0.0,0.0,0.0,2.0,0.0,0,0.0,0.0,0.0,0.0,0.0,0.0,5.0,2.0,2.0,0,8,8,0.0,0.0,1.0,2.0,4.0,37.0,35.0,,,0.0,,,,0.5,,0.4,0.0,0.0,0.0,0.0,0.4,0.0,0.0,0.0,0.0,0.0,0.0,0.0,0.0,1.0,0.4,0.4,0.0,1.6,1.6,0.0,0.0,0.2,0.4,0.8,7.4,7.0,0.8
000238,John Crawley,ARC,Archers,2,M,Midfield,2022-06-26,2022-07-30,1.0,1.0,1.0,0.0,1.0,0.0,5.0,3,1.0,0.0,0.0,0.0,0.0,0.0,0.0,2.0,0.0,0,0,0,0.0,0.0,0.0,0.0,1.0,22.0,15.0,0.2,0.6,,,,,0.0,0.0,0.5,0.5,0.5,0.0,0.5,0.0,2.5,1.5,0.5,0.0,0.0,0.0,0.0,0.0,0.0,1.0,0.0,0.0,0.0,0.0,0.0,0.0,0.0,0.0,0.5,11.0,7.5,0.5
000238,John Crawley,CAN,Cannons,1,M,Midfield,2022-06-11,2022-06-11,1.0,0.0,0.0,0.0,0.0,1.0,3.0,1,0.0,0.0,0.0,0.0,0.0,0.0,0.0,1.0,0.0,0,0,0,0.0,0.0,0.0,0.0,1.0,13.0,9.0,0.0,0.3333333333333333,,,,,1.0,,1.0,0.0,0.0,0.0,0.0,1.0,3.0,1.0,0.0,0.0,0.0,0.0,0.0,0.0,0.0,1.0,0.0,0.0,0.0,0.0,0.0,0.0,0.0,0.0,1.0,13.0,9.0,1.0
000238,John Crawley,OUT,Outlaws,1,M,Midfield,2022-07-02,2022-07-02,0.0,0.0,0.0,0.0,0.0,0.0,1.0,1,0.0,0.0,0.0,0.0,0.0,0.0,1.0,1.0,0.0,0,0,0,0.0,0.0,0.0,0.0,1.0,15.0,13.0,0.0,1.0,,,,,0.0,,0.0,0.0,0.0,0.0,0.0,0.0,1.0,1.0,0.0,0.0,0.0,0.0,0.0,0.0,1.0,1.0,0.0,0.0,0.0,0.0,0.0,0.0,0.0,0.0,1.0,15.0,13.0,1.0
000238,John Crawley,RED,Redwoods,2,M,Midfield,2022-06-04,2022-07-23,3.0,3.0,3.0,0.0,3.0,0.0,6.0,5,0.0,0.0,0.0,0.0,0.0,0.0,1.0,1.0,0.0,0,0,0,0.0,0.0,0.0,0.0,1.0,19.0,12.0,0.5,0.8333333333333334,,,,,0.0,,1.5,1.5,1.5,0.0,1.5,0.0,3.0,2.5,0.0,0.0,0.0,0.0,0.0,0.0,0.5,0.5,0.0,0.0,0.0,0.0,0.0,0.0,0.0,0.0,0.5,9.5,6.0,0.5
000238,John Crawley,WAT,Waterdogs,1,M,Midfield,2022-08-06,2022-08-06,0.0,0.0,0.0,0.0,0.0,0.0,4.0,1,0.0,0.0,0.0,0.0,0.0,0.0,0.0,1.0,0.0,0,0,0,0.0,0.0,0.0,0.0,0.0,12.0,7.0,0.0,0.25,,,,,,,0.0,0.0,0.0,0.0,0.0,0.0,4.0,1.0,0.0,0.0,0.0,0.0,0.0,0.0,0.0,1.0,0.0,0.0,0.0,0.0,0.0,0.0,0.0,0.0,0.0,12.0,7.0,0.0
000238,John Crawley,WHP,Whipsnakes,2,M,Midfield,2022-06-18,2022-08-13,0.0,0.0,0.0,0.0,0.0,0.0,3.0,2,0.0,0.0,0.0,0.0,0.0,0.0,1.0,2.0,0.0,0,0,0,0.0,0.0,0.0,0.0,1.0,18.0,13.0,0.0,0.6666666666666666,,,,,0.0,,0.0,0.0,0.0,0.0,0.0,0.0,1.5,1.0,0.0,0.0,0.0,0.0,0.0,0.0,0.5,1.0,0.0,0.0,0.0,0.0,0.0,0.0,0.0,0.0,0.5,9.0,6.5,0.5
000240,Kieran McArdle,ARC,Archers,7,A,Attack,2022-08-21,2026-07-18,24.0,13.0,13.0,0.0,13.0,11.0,38.0,26,1.0,0.0,0.0,0.0,0.0,0.0,18.0,18.0,1.0,0,0,0,0.0,0.0,1.0,1.0,38.0,248.0,192.0,0.34210526315789475,0.6842105263157895,,,,,0.2894736842105263,0.0,3.4285714285714284,1.8571428571428572,1.8571428571428572,0.0,1.8571428571428572,1.5714285714285714,5.428571428571429,3.7142857142857144,0.14285714285714285,0.0,0.0,0.0,0.0,0.0,2.5714285714285716,2.5714285714285716,0.14285714285714285,0.0,0.0,0.0,0.0,0.0,0.14285714285714285,0.14285714285714285,5.428571428571429,35.42857142857143,27.428571428571427,5.428571428571429
000240,Kieran McArdle,ATL,Atlas,8,A,Attack,2022-08-06,2026-07-25,22.0,16.0,16.0,0.0,16.0,6.0,46.0,36,0.0,0.0,0.0,0.0,0.0,0.0,5.0,24.0,0.0,0,0,0,0.0,0.0,0.0,0.0,29.0,226.0,156.0,0.34782608695652173,0.782608695652174,,,,,0.20689655172413793,,2.75,2.0,2.0,0.0,2.0,0.75,5.75,4.5,0.0,0.0,0.0,0.0,0.0,0.0,0.625,3.0,0.0,0.0,0.0,0.0,0.0,0.0,0.0,0.0,3.625,28.25,19.5,3.625
000240,Kieran McArdle,CAN,Cannons,9,A,Attack,2022-06-05,2026-06-07,33.0,21.0,21.0,0.0,21.0,12.0,63.0,38,2.0,0.0,0.0,0.0,0.0,0.0,18.0,18.0,0.0,0,0,0,0.0,0.0,2.0,2.0,41.0,276.0,195.0,0.3333333333333333,0.6031746031746031,,,,,0.2926829268292683,0.0,3.6666666666666665,2.3333333333333335,2.3333333333333335,0.0,2.3333333333333335,1.3333333333333333,7.0,4.222222222222222,0.2222222222222222,0.0,0.0,0.0,0.0,0.0,2.0,2.0,0.0,0.0,0.0,0.0,0.0,0.0,0.2222222222222222,0.2222222222222222,4.555555555555555,30.666666666666668,21.666666666666668,4.555555555555555
000240,Kieran McArdle,CHA,Chaos,7,A,Attack,2022-06-25,2026-08-01,22.0,8.0,8.0,0.0,8.0,14.0,43.0,27,1.0,0.0,0.0,0.0,0.0,0.0,8.0,10.0,2.0,0,0,0,0.0,0.0,1.0,1.0,34.0,225.0,172.0,0.18604651162790697,0.627906976744186,,,,,0.4117647058823529,0.0,3.142857142857143,1.1428571428571428,1.1428571428571428,0.0,1.1428571428571428,2.0,6.142857142857143,3.857142857142857,0.14285714285714285,0.0,0.0,0.0,0.0,0.0,1.1428571428571428,1.4285714285714286,0.2857142857142857,0.0,0.0,0.0,0.0,0.0,0.14285714285714285,0.14285714285714285,4.857142857142857,32.142857142857146,24.571428571428573,4.857142857142857
000240,Kieran McArdle,OUT,Outlaws,6,A,Attack,2022-06-17,2026-07-26,20.0,10.0,10.0,0.0,10.0,10.0,36.0,24,1.0,0.0,0.0,0.0,0.0,0.0,9.0,9.0,1.0,0,0,0,0.0,0.0,1.0,1.0,23.0,163.0,118.0,0.2777777777777778,0.6666666666666666,,,,,0.43478260869565216,0.0,3.3333333333333335,1.6666666666666667,1.6666666666666667,0.0,1.6666666666666667,1.6666666666666667,6.0,4.0,0.16666666666666666,0.0,0.0,0.0,0.0,0.0,1.5,1.5,0.16666666666666666,0.0,0.0,0.0,0.0,0.0,0.16666666666666666,0.16666666666666666,3.8333333333333335,27.166666666666668,19.666666666666668,3.8333333333333335
000240,Kieran McArdle,RED,Redwoods,5,A,Attack,2022-08-13,2026-07-10,15.0,9.0,9.0,0.0,9.0,6.0,26.0,17,1.0,0.0,0.0,0.0,0.0,0.0,6.0,15.0,1.0,0,0,0,0.0,0.0,1.0,1.0,28.0,168.0,127.0,0.34615384615384615,0.6538461538461539,,,,,0.21428571428571427,0.0,3.0,1.8,1.8,0.0,1.8,1.2,5.2,3.4,0.2,0.0,0.0,0.0,0.0,0.0,1.2,3.0,0.2,0.0,0.0,0.0,0.0,0.0,0.2,0.2,5.6,33.6,25.4,5.6
000240,Kieran McArdle,WHP,Whipsnakes,8,A,Attack,2022-06-12,2026-05-09,25.0,12.0,12.0,0.0,12.0,13.0,48.0,31,0.0,0.0,0.0,0.0,0.0,0.0,9.0,13.0,0.0,0,0,0,0.0,0.0,2.0,2.0,35.0,247.0,186.0,0.25,0.6458333333333334,,,,,0.37142857142857144,,3.125,1.5,1.5,0.0,1.5,1.625,6.0,3.875,0.0,0.0,0.0,0.0,0.0,0.0,1.125,1.625,0.0,0.0,0.0,0.0,0.0,0.0,0.25,0.25,4.375,30.875,23.25,4.375
000241,Jack Concannon,ARC,Archers,3,G,Goalie,2022-06-26,2023-08-05,0.0,0.0,0.0,0.0,0.0,0.0,0.0,0,0.0,40.0,8.0,32.0,32.0,32.02763466042155,6.0,2.0,0.0,0,0,0,31.0,1.0,1.0,1.0,1.0,30.0,28.0,,,,0.5633802816901409,20.0,0.11267605633802817,0.0,,0.0,0.0,0.0,0.0,0.0,0.0,0.0,0.0,0.0,13.333333333333334,2.6666666666666665,10.666666666666666,10.666666666666666,10.675878220140516,2.0,0.6666666666666666,0.0,0.0,0.0,0.0,10.333333333333334,0.3333333333333333,0.3333333333333333,0.3333333333333333,0.3333333333333333,10.0,9.333333333333334,0.3333333333333333
000241,Jack Concannon,CAN,Cannons,3,G,Goalie,2022-06-11,2023-08-19,0.0,0.0,0.0,0.0,0.0,0.0,0.0,0,0.0,32.0,5.0,27.0,34.0,46.0,2.0,2.0,1.0,0,0,0,29.0,5.0,0.0,0.0,1.0,20.0,18.0,,,,0.5245901639344263,15.625,0.08196721311475409,0.0,,0.0,0.0,0.0,0.0,0.0,0.0,0.0,0.0,0.0,10.666666666666666,1.6666666666666667,9.0,11.333333333333334,15.333333333333334,0.6666666666666666,0.6666666666666666,0.3333333333333333,0.0,0.0,0.0,9.666666666666666,1.6666666666666667,0.0,0.0,0.3333333333333333,6.666666666666667,6.0,0.3333333333333333
000241,Jack Concannon,CHA,Chaos,1,G,Goalie,2022-08-21,2022-08-21,0.0,0.0,0.0,0.0,0.0,0.0,0.0,0,0.0,11.0,1.0,10.0,9.0,9.0,2.0,0.0,0.0,0,0,0,9.0,0.0,0.0,0.0,0.0,7.0,7.0,,,,0.55,9.090909090909092,0.05,,,0.0,0.0,0.0,0.0,0.0,0.0,0.0,0.0,0.0,11.0,1.0,10.0,9.0,9.0,2.0,0.0,0.0,0.0,0.0,0.0,9.0,0.0,0.0,0.0,0.0,7.0,7.0,0.0
000241,Jack Concannon,OUT,Outlaws,2,G,Goalie,2022-07-02,2023-07-29,0.0,0.0,0.0,0.0,0.0,0.0,0.0,0,0.0,23.0,8.0,15.0,22.0,22.0,3.0,1.0,0.0,0,0,0,20.0,2.0,0.0,0.0,0.0,20.0,19.0,,,,0.5348837209302325,34.78260869565217,0.18604651162790697,,,0.0,0.0,0.0,0.0,0.0,0.0,0.0,0.0,0.0,11.5,4.0,7.5,11.0,11.0,1.5,0.5,0.0,0.0,0.0,0.0,10.0,1.0,0.0,0.0,0.0,10.0,9.5,0.0
000241,Jack Concannon,RED,Redwoods,4,G,Goalie,2022-06-04,2023-08-26,0.0,0.0,0.0,0.0,0.0,0.0,0.0,0,0.0,44.0,7.0,37.0,45.0,49.0,5.0,2.0,1.0,0,0,0,41.0,4.0,0.0,0.0,0.0,30.0,28.0,,,,0.5176470588235295,15.909090909090908,0.08235294117647059,,,0.0,0.0,0.0,0.0,0.0,0.0,0.0,0.0,0.0,11.0,1.75,9.25,11.25,12.25,1.25,0.5,0.25,0.0,0.0,0.0,10.25,1.0,0.0,0.0,0.0,7.5,7.0,0.0
000241,Jack Concannon,WAT,Waterdogs,3,G,Goalie,2022-08-06,2023-08-12,0.0,0.0,0.0,0.0,0.0,0.0,0.0,0,0.0,33.0,5.0,28.0,49.0,48.21294156487289,5.0,3.0,0.0,0,0,0,45.0,4.0,0.0,0.0,2.0,23.0,20.0,,,,0.4230769230769231,15.151515151515152,0.0641025641025641,0.0,,0.0,0.0,0.0,0.0,0.0,0.0,0.0,0.0,0.0,11.0,1.6666666666666667,9.333333333333334,16.333333333333332,16.070980521624296,1.6666666666666667,1.0,0.0,0.0,0.0,0.0,15.0,1.3333333333333333,0.0,0.0,0.6666666666666666,7.666666666666667,6.666666666666667,0.6666666666666666
000241,Jack Concannon,WHP,Whipsnakes,3,G,Goalie,2022-06-18,2023-06-10,0.0,0.0,0.0,0.0,0.0,0.0,0.0,0,0.0,47.0,10.0,37.0,39.0,39.0,7.0,1.0,0.0,0,0,0,35.0,4.0,0.0,0.0,1.0,35.0,34.0,,,,0.573170731707317,21.27659574468085,0.12195121951219512,0.0,,0.0,0.0,0.0,0.0,0.0,0.0,0.0,0.0,0.0,15.666666666666666,3.3333333333333335,12.333333333333334,13.0,13.0,2.3333333333333335,0.3333333333333333,0.0,0.0,0.0,0.0,11.666666666666666,1.3333333333333333,0.0,0.0,0.3333333333333333,11.666666666666666,11.333333333333334,0.3333333333333333
000242,Kyle Hartzell,ARC,Archers,1,LSM,Long Stick Midfield,2023-06-03,2023-06-03,0.0,0.0,0.0,0.0,0.0,0.0,0.0,0,0.0,0.0,0.0,0.0,0.0,0.0,1.0,0.0,2.0,0,1,1,0.0,0.0,0.0,0.0,0.0,5.0,5.0,,,0.0,,,,,,0.0,0.0,0.0,0.0,0.0,0.0,0.0,0.0,0.0,0.0,0.0,0.0,0.0,0.0,1.0,0.0,2.0,0.0,1.0,1.0,0.0,0.0,0.0,0.0,0.0,5.0,5.0,0.0
000242,Kyle Hartzell,ATL,Atlas,2,LSM,Long Stick Midfield,2022-06-04,2022-07-23,0.0,0.0,0.0,0.0,0.0,0.0,1.0,0,1.0,0.0,0.0,0.0,0.0,0.0,1.0,0.0,1.0,0,0,0,0.0,0.0,0.0,0.0,0.0,4.0,3.0,0.0,0.0,,,,,,0.0,0.0,0.0,0.0,0.0,0.0,0.0,0.5,0.0,0.5,0.0,0.0,0.0,0.0,0.0,0.5,0.0,0.5,0.0,0.0,0.0,0.0,0.0,0.0,0.0,0.0,2.0,1.5,0.0
000242,Kyle Hartzell,CAN,Cannons,1,LSM,Long Stick Midfield,2022-08-06,2022-08-06,2.0,2.0,0.0,1.0,1.0,0.0,1.0,1,1.0,0.0,0.0,0.0,0.0,0.0,0.0,0.0,1.0,0,1,1,0.0,0.0,0.0,0.0,0.0,3.0,2.0,1.0,1.0,0.0,,,,,1.0,2.0,2.0,0.0,1.0,1.0,0.0,1.0,1.0,1.0,0.0,0.0,0.0,0.0,0.0,0.0,0.0,1.0,0.0,1.0,1.0,0.0,0.0,0.0,0.0,0.0,3.0,2.0,0.0
000242,Kyle Hartzell,CHA,Chaos,4,LSM,Long Stick Midfield,2022-06-18,2026-07-31,0.0,0.0,0.0,0.0,0.0,0.0,3.0,2,2.0,0.0,0.0,0.0,0.0,0.0,11.0,2.0,2.0,0,0,0,0.0,0.0,1.0,1.0,0.0,34.0,29.0,0.0,0.6666666666666666,,,,,,0.0,0.0,0.0,0.0,0.0,0.0,0.0,0.75,0.5,0.5,0.0,0.0,0.0,0.0,0.0,2.75,0.5,0.5,0.0,0.0,0.0,0.0,0.0,0.25,0.25,0.0,8.5,7.25,0.0
000242,Kyle Hartzell,OUT,Outlaws,2,LSM,Long Stick Midfield,2022-08-20,2023-07-15,0.0,0.0,0.0,0.0,0.0,0.0,1.0,0,1.0,0.0,0.0,0.0,0.0,0.0,3.0,0.0,2.0,0,0,0,0.0,0.0,0.0,0.0,0.0,11.0,10.0,0.0,0.0,,,,,,0.0,0.0,0.0,0.0,0.0,0.0,0.0,0.5,0.0,0.5,0.0,0.0,0.0,0.0,0.0,1.5,0.0,1.0,0.0,0.0,0.0,0.0,0.0,0.0,0.0,0.0,5.5,5.0,0.0
000242,Kyle Hartzell,RED,Redwoods,1,LSM,Long Stick Midfield,2023-08-13,2023-08-13,0.0,0.0,0.0,0.0,0.0,0.0,0.0,0,0.0,0.0,0.0,0.0,0.0,0.0,1.0,0.0,0.0,2,3,5,0.0,0.0,2.0,1.0,0.0,3.0,3.0,,,0.4,,,,,,0.0,0.0,0.0,0.0,0.0,0.0,0.0,0.0,0.0,0.0,0.0,0.0,0.0,0.0,1.0,0.0,0.0,2.0,3.0,5.0,0.0,0.0,2.0,1.0,0.0,3.0,3.0,0.0
000242,Kyle Hartzell,WAT,Waterdogs,3,LSM,Long Stick Midfield,2022-08-13,2026-07-10,1.0,1.0,1.0,0.0,1.0,0.0,2.0,2,1.0,0.0,0.0,0.0,0.0,0.0,0.0,0.0,0.0,0,2,2,0.0,0.0,0.0,0.0,0.0,9.0,7.0,0.5,1.0,0.0,,,,,0.0,0.3333333333333333,0.3333333333333333,0.3333333333333333,0.0,0.3333333333333333,0.0,0.6666666666666666,0.6666666666666666,0.3333333333333333,0.0,0.0,0.0,0.0,0.0,0.0,0.0,0.0,0.0,0.6666666666666666,0.6666666666666666,0.0,0.0,0.0,0.0,0.0,3.0,2.3333333333333335,0.0
000242,Kyle Hartzell,WHP,Whipsnakes,2,LSM,Long Stick Midfield,2022-06-24,2023-08-26,0.0,0.0,0.0,0.0,0.0,0.0,0.0,0,0.0,0.0,0.0,0.0,0.0,0.0,4.0,0.0,1.0,0,10,10,0.0,0.0,0.0,0.0,0.0,6.0,6.0,,,0.0,,,,,,0.0,0.0,0.0,0.0,0.0,0.0,0.0,0.0,0.0,0.0,0.0,0.0,0.0,0.0,2.0,0.0,0.5,0.0,5.0,5.0,0.0,0.0,0.0,0.0,0.0,3.0,3.0,0.0
000246,Ryan Brown,ARC,Archers,1,A,Attack,2022-08-21,2022-08-21,0.0,0.0,0.0,0.0,0.0,0.0,5.0,2,0.0,0.0,0.0,0.0,0.0,0.0,1.0,0.0,1.0,0,0,0,0.0,0.0,0.0,0.0,0.0,15.0,10.0,0.0,0.4,,,,,,,0.0,0.0,0.0,0.0,0.0,0.0,5.0,2.0,0.0,0.0,0.0,0.0,0.0,0.0,1.0,0.0,1.0,0.0,0.0,0.0,0.0,0.0,0.0,0.0,0.0,15.0,10.0,0.0
000246,Ryan Brown,CAN,Cannons,1,A,Attack,2022-06-05,2022-06-05,0.0,0.0,0.0,0.0,0.0,0.0,5.0,3,0.0,0.0,0.0,0.0,0.0,0.0,0.0,0.0,0.0,0,0,0,0.0,0.0,0.0,0.0,0.0,7.0,2.0,0.0,0.6,,,,,,,0.0,0.0,0.0,0.0,0.0,0.0,5.0,3.0,0.0,0.0,0.0,0.0,0.0,0.0,0.0,0.0,0.0,0.0,0.0,0.0,0.0,0.0,0.0,0.0,0.0,7.0,2.0,0.0
000246,Ryan Brown,CHA,Chaos,1,A,Attack,2022-06-25,2022-06-25,4.0,4.0,4.0,0.0,4.0,0.0,10.0,7,0.0,0.0,0.0,0.0,0.0,0.0,0.0,0.0,0.0,0,0,0,0.0,0.0,0.0,0.0,0.0,18.0,8.0,0.4,0.7,,,,,,,4.0,4.0,4.0,0.0,4.0,0.0,10.0,7.0,0.0,0.0,0.0,0.0,0.0,0.0,0.0,0.0,0.0,0.0,0.0,0.0,0.0,0.0,0.0,0.0,0.0,18.0,8.0,0.0
000246,Ryan Brown,OUT,Outlaws,2,A,Attack,2022-06-17,2022-07-24,6.0,6.0,4.0,1.0,5.0,0.0,10.0,8,1.0,0.0,0.0,0.0,0.0,0.0,2.0,0.0,0.0,0,0,0,0.0,0.0,2.0,1.0,0.0,17.0,7.0,0.5,0.8,,,,,,1.0,3.0,3.0,2.0,0.5,2.5,0.0,5.0,4.0,0.5,0.0,0.0,0.0,0.0,0.0,1.0,0.0,0.0,0.0,0.0,0.0,0.0,0.0,1.0,0.5,0.0,8.5,3.5,0.0
000246,Ryan Brown,WHP,Whipsnakes,2,A,Attack,2022-06-12,2022-07-03,1.0,1.0,1.0,0.0,1.0,0.0,13.0,7,1.0,0.0,0.0,0.0,0.0,0.0,0.0,2.0,0.0,0,0,0,0.0,0.0,0.0,0.0,0.0,22.0,7.0,0.07692307692307693,0.5384615384615384,,,,,,0.0,0.5,0.5,0.5,0.0,0.5,0.0,6.5,3.5,0.5,0.0,0.0,0.0,0.0,0.0,0.0,1.0,0.0,0.0,0.0,0.0,0.0,0.0,0.0,0.0,0.0,11.0,3.5,0.0
000251,Steven DeNapoli,ARC,Archers,1,SSDM,Defensive Midfield,2022-08-21,2022-08-21,0.0,0.0,0.0,0.0,0.0,0.0,0.0,0,0.0,0.0,0.0,0.0,0.0,0.0,1.0,0.0,0.0,0,0,0,0.0,0.0,0.0,0.0,1.0,4.0,4.0,,,,,,,0.0,,0.0,0.0,0.0,0.0,0.0,0.0,0.0,0.0,0.0,0.0,0.0,0.0,0.0,0.0,1.0,0.0,0.0,0.0,0.0,0.0,0.0,0.0,0.0,0.0,1.0,4.0,4.0,1.0
000251,Steven DeNapoli,ATL,Atlas,1,SSDM,Defensive Midfield,2022-08-06,2022-08-06,1.0,1.0,1.0,0.0,1.0,0.0,1.0,1,0.0,0.0,0.0,0.0,0.0,0.0,1.0,1.0,0.0,0,0,0,0.0,0.0,0.0,0.0,0.0,5.0,3.0,1.0,1.0,,,,,,,1.0,1.0,1.0,0.0,1.0,0.0,1.0,1.0,0.0,0.0,0.0,0.0,0.0,0.0,1.0,1.0,0.0,0.0,0.0,0.0,0.0,0.0,0.0,0.0,0.0,5.0,3.0,0.0
000251,Steven DeNapoli,CAN,Cannons,1,SSDM,Defensive Midfield,2022-07-31,2022-07-31,1.0,1.0,1.0,0.0,1.0,0.0,1.0,1,0.0,0.0,0.0,0.0,0.0,0.0,1.0,0.0,0.0,0,0,0,0.0,0.0,0.0,0.0,0.0,5.0,4.0,1.0,1.0,,,,,,,1.0,1.0,1.0,0.0,1.0,0.0,1.0,1.0,0.0,0.0,0.0,0.0,0.0,0.0,1.0,0.0,0.0,0.0,0.0,0.0,0.0,0.0,0.0,0.0,0.0,5.0,4.0,0.0
000251,Steven DeNapoli,RED,Redwoods,1,SSDM,Defensive Midfield,2022-08-13,2022-08-13,1.0,1.0,1.0,0.0,1.0,0.0,2.0,2,0.0,0.0,0.0,0.0,0.0,0.0,1.0,1.0,0.0,0,0,0,0.0,0.0,0.0,0.0,0.0,3.0,0.0,0.5,1.0,,,,,,,1.0,1.0,1.0,0.0,1.0,0.0,2.0,2.0,0.0,0.0,0.0,0.0,0.0,0.0,1.0,1.0,0.0,0.0,0.0,0.0,0.0,0.0,0.0,0.0,0.0,3.0,0.0,0.0
000254,Trevor Baptiste,ARC,Archers,5,FO,Faceoff,2022-06-26,2025-06-28,2.0,2.0,2.0,0.0,2.0,0.0,5.0,4,0.0,0.0,0.0,0.0,0.0,0.0,49.0,5.0,2.0,83,38,122,0.0,0.0,4.0,2.0,1.0,57.0,47.0,0.4,0.8,0.680327868852459,,,,0.0,,0.4,0.4,0.4,0.0,0.4,0.0,1.0,0.8,0.0,0.0,0.0,0.0,0.0,0.0,9.8,1.0,0.4,16.6,7.6,24.4,0.0,0.0,0.8,0.4,0.2,11.4,9.4,0.2
000254,Trevor Baptiste,CAN,Cannons,8,FO,Faceoff,2022-06-11,2026-07-19,3.0,1.0,1.0,0.0,1.0,2.0,16.0,6,0.0,0.0,0.0,0.0,0.0,0.0,127.0,7.0,0.0,172,47,220,0.0,0.0,0.0,0.0,8.0,142.0,119.0,0.0625,0.375,0.7818181818181819,,,,0.25,,0.375,0.125,0.125,0.0,0.125,0.25,2.0,0.75,0.0,0.0,0.0,0.0,0.0,0.0,15.875,0.875,0.0,21.5,5.875,27.5,0.0,0.0,0.0,0.0,1.0,17.75,14.875,1.0
000254,Trevor Baptiste,CHA,Chaos,4,FO,Faceoff,2022-08-21,2025-05-30,2.0,1.0,1.0,0.0,1.0,1.0,10.0,6,1.0,0.0,0.0,0.0,0.0,0.0,48.0,1.0,1.0,75,20,96,0.0,0.0,0.0,0.0,2.0,56.0,45.0,0.1,0.6,0.78125,,,,0.5,0.0,0.5,0.25,0.25,0.0,0.25,0.25,2.5,1.5,0.25,0.0,0.0,0.0,0.0,0.0,12.0,0.25,0.25,18.75,5.0,24.0,0.0,0.0,0.0,0.0,0.5,14.0,11.25,0.5
000254,Trevor Baptiste,OUT,Outlaws,6,FO,Faceoff,2022-07-02,2026-08-08,4.0,2.0,2.0,0.0,2.0,2.0,3.0,2,0.0,0.0,0.0,0.0,0.0,0.0,59.0,7.0,0.0,89,54,145,0.0,0.0,2.0,1.0,4.0,68.0,58.0,0.6666666666666666,0.6666666666666666,0.6137931034482759,,,,0.5,,0.6666666666666666,0.3333333333333333,0.3333333333333333,0.0,0.3333333333333333,0.3333333333333333,0.5,0.3333333333333333,0.0,0.0,0.0,0.0,0.0,0.0,9.833333333333334,1.1666666666666667,0.0,14.833333333333334,9.0,24.166666666666668,0.0,0.0,0.3333333333333333,0.16666666666666666,0.6666666666666666,11.333333333333334,9.666666666666666,0.6666666666666666
000254,Trevor Baptiste,RED,Redwoods,7,FO,Faceoff,2022-06-04,2026-08-02,4.0,3.0,1.0,1.0,2.0,1.0,13.0,8,2.0,0.0,0.0,0.0,0.0,0.0,55.0,8.0,0.0,100,90,190,0.0,0.0,1.0,0.5,5.0,67.0,46.0,0.15384615384615385,0.6153846153846154,0.5263157894736842,,,,0.2,0.5,0.5714285714285714,0.42857142857142855,0.14285714285714285,0.14285714285714285,0.2857142857142857,0.14285714285714285,1.8571428571428572,1.1428571428571428,0.2857142857142857,0.0,0.0,0.0,0.0,0.0,7.857142857142857,1.1428571428571428,0.0,14.285714285714286,12.857142857142858,27.142857142857142,0.0,0.0,0.14285714285714285,0.07142857142857142,0.7142857142857143,9.571428571428571,6.571428571428571,0.7142857142857143
000254,Trevor Baptiste,WAT,Waterdogs,8,FO,Faceoff,2022-08-06,2026-07-25,11.0,9.0,9.0,0.0,9.0,2.0,16.0,13,2.0,0.0,0.0,0.0,0.0,0.0,109.0,11.0,1.0,157,69,227,0.0,0.0,3.0,1.5,6.0,129.0,102.0,0.5625,0.8125,0.6916299559471366,,,,0.3333333333333333,0.0,1.375,1.125,1.125,0.0,1.125,0.25,2.0,1.625,0.25,0.0,0.0,0.0,0.0,0.0,13.625,1.375,0.125,19.625,8.625,28.375,0.0,0.0,0.375,0.1875,0.75,16.125,12.75,0.75
000254,Trevor Baptiste,WHP,Whipsnakes,7,FO,Faceoff,2022-06-18,2025-07-26,2.0,2.0,2.0,0.0,2.0,0.0,13.0,6,0.0,0.0,0.0,0.0,0.0,0.0,48.0,3.0,3.0,100,75,176,0.0,0.0,4.0,2.0,0.0,67.0,51.0,0.15384615384615385,0.46153846153846156,0.5681818181818182,,,,,,0.2857142857142857,0.2857142857142857,0.2857142857142857,0.0,0.2857142857142857,0.0,1.8571428571428572,0.8571428571428571,0.0,0.0,0.0,0.0,0.0,0.0,6.857142857142857,0.42857142857142855,0.42857142857142855,14.285714285714286,10.714285714285714,25.142857142857142,0.0,0.0,0.5714285714285714,0.2857142857142857,0.0,9.571428571428571,7.285714285714286,0.0
000255,Tucker Durkin,ARC,Archers,3,D,Defense,2022-06-26,2023-08-05,0.0,0.0,0.0,0.0,0.0,0.0,0.0,0,0.0,0.0,0.0,0.0,0.0,0.0,0.0,0.0,1.0,0,0,0,0.0,0.0,1.0,0.5,0.0,5.0,5.0,,,,,,,,,0.0,0.0,0.0,0.0,0.0,0.0,0.0,0.0,0.0,0.0,0.0,0.0,0.0,0.0,0.0,0.0,0.3333333333333333,0.0,0.0,0.0,0.0,0.0,0.3333333333333333,0.16666666666666666,0.0,1.6666666666666667,1.6666666666666667,0.0
000255,Tucker Durkin,CAN,Cannons,3,D,Defense,2022-06-11,2023-08-19,0.0,0.0,0.0,0.0,0.0,0.0,0.0,0,0.0,0.0,0.0,0.0,0.0,0.0,3.0,0.0,1.0,0,0,0,0.0,0.0,1.0,1.0,0.0,6.0,6.0,,,,,,,,,0.0,0.0,0.0,0.0,0.0,0.0,0.0,0.0,0.0,0.0,0.0,0.0,0.0,0.0,1.0,0.0,0.3333333333333333,0.0,0.0,0.0,0.0,0.0,0.3333333333333333,0.3333333333333333,0.0,2.0,2.0,0.0
000255,Tucker Durkin,CHA,Chaos,2,D,Defense,2022-08-21,2023-07-16,0.0,0.0,0.0,0.0,0.0,0.0,0.0,0,0.0,0.0,0.0,0.0,0.0,0.0,2.0,1.0,0.0,0,0,0,0.0,0.0,1.0,1.0,0.0,9.0,8.0,,,,,,,,,0.0,0.0,0.0,0.0,0.0,0.0,0.0,0.0,0.0,0.0,0.0,0.0,0.0,0.0,1.0,0.5,0.0,0.0,0.0,0.0,0.0,0.0,0.5,0.5,0.0,4.5,4.0,0.0
000255,Tucker Durkin,OUT,Outlaws,2,D,Defense,2022-07-02,2023-07-29,0.0,0.0,0.0,0.0,0.0,0.0,0.0,0,0.0,0.0,0.0,0.0,0.0,0.0,3.0,0.0,1.0,0,0,0,0.0,0.0,0.0,0.0,0.0,7.0,7.0,,,,,,,,,0.0,0.0,0.0,0.0,0.0,0.0,0.0,0.0,0.0,0.0,0.0,0.0,0.0,0.0,1.5,0.0,0.5,0.0,0.0,0.0,0.0,0.0,0.0,0.0,0.0,3.5,3.5,0.0
000255,Tucker Durkin,RED,Redwoods,4,D,Defense,2022-06-04,2023-08-26,0.0,0.0,0.0,0.0,0.0,0.0,0.0,0,0.0,0.0,0.0,0.0,0.0,0.0,5.0,1.0,2.0,0,0,0,0.0,0.0,0.0,0.0,0.0,12.0,11.0,,,,,,,,,0.0,0.0,0.0,0.0,0.0,0.0,0.0,0.0,0.0,0.0,0.0,0.0,0.0,0.0,1.25,0.25,0.5,0.0,0.0,0.0,0.0,0.0,0.0,0.0,0.0,3.0,2.75,0.0
000255,Tucker Durkin,WAT,Waterdogs,3,D,Defense,2022-08-06,2023-08-12,0.0,0.0,0.0,0.0,0.0,0.0,0.0,0,0.0,0.0,0.0,0.0,0.0,0.0,4.0,0.0,2.0,0,0,0,0.0,0.0,0.0,0.0,0.0,8.0,8.0,,,,,,,,,0.0,0.0,0.0,0.0,0.0,0.0,0.0,0.0,0.0,0.0,0.0,0.0,0.0,0.0,1.3333333333333333,0.0,0.6666666666666666,0.0,0.0,0.0,0.0,0.0,0.0,0.0,0.0,2.6666666666666665,2.6666666666666665,0.0
000255,Tucker Durkin,WHP,Whipsnakes,3,D,Defense,2022-06-18,2023-06-10,0.0,0.0,0.0,0.0,0.0,0.0,0.0,0,0.0,0.0,0.0,0.0,0.0,0.0,3.0,1.0,1.0,0,0,0,0.0,0.0,1.0,0.5,0.0,12.0,11.0,,,,,,,,,0.0,0.0,0.0,0.0,0.0,0.0,0.0,0.0,0.0,0.0,0.0,0.0,0.0,0.0,1.0,0.3333333333333333,0.3333333333333333,0.0,0.0,0.0,0.0,0.0,0.3333333333333333,0.16666666666666666,0.0,4.0,3.6666666666666665,0.0
000258,Blaze Riorden,ARC,Archers,9,G,Goalie,2022-06-11,2026-08-08,3.0,1.0,1.0,0.0,1.0,2.0,1.0,1,0.0,126.0,42.0,84.0,111.0,111.44344703770197,11.0,0.0,7.0,0,0,0,104.0,7.0,0.0,0.0,3.0,131.0,130.0,1.0,1.0,,0.5478260869565217,33.33333333333333,0.1826086956521739,0.6666666666666666,,0.3333333333333333,0.1111111111111111,0.1111111111111111,0.0,0.1111111111111111,0.2222222222222222,0.1111111111111111,0.1111111111111111,0.0,14.0,4.666666666666667,9.333333333333334,12.333333333333334,12.38260522641133,1.2222222222222223,0.0,0.7777777777777778,0.0,0.0,0.0,11.555555555555555,0.7777777777777778,0.0,0.0,0.3333333333333333,14.555555555555555,14.444444444444445,0.3333333333333333
000258,Blaze Riorden,ATL,Atlas,3,G,Goalie,2022-08-21,2025-05-30,1.0,0.0,0.0,0.0,0.0,1.0,1.0,1,1.0,33.0,19.0,14.0,31.0,31.0,5.0,1.0,1.0,0,0,0,30.0,1.0,0.0,0.0,2.0,60.0,58.0,0.0,1.0,,0.5238095238095238,57.57575757575758,0.30158730158730157,0.5,0.0,0.3333333333333333,0.0,0.0,0.0,0.0,0.3333333333333333,0.3333333333333333,0.3333333333333333,0.3333333333333333,11.0,6.333333333333333,4.666666666666667,10.333333333333334,10.333333333333334,1.6666666666666667,0.3333333333333333,0.3333333333333333,0.0,0.0,0.0,10.0,0.3333333333333333,0.0,0.0,0.6666666666666666,20.0,19.333333333333332,0.6666666666666666
000258,Blaze Riorden,CAN,Cannons,6,G,Goalie,2022-07-02,2026-07-25,0.0,0.0,0.0,0.0,0.0,0.0,2.0,1,2.0,89.0,33.0,56.0,55.0,63.46955485221151,12.0,1.0,0.0,0,0,0,50.0,5.0,0.0,0.0,0.0,94.0,91.0,0.0,0.5,,0.6402877697841727,37.07865168539326,0.23741007194244604,,0.0,0.0,0.0,0.0,0.0,0.0,0.0,0.3333333333333333,0.16666666666666666,0.3333333333333333,14.833333333333334,5.5,9.333333333333334,9.166666666666666,10.578259142035252,2.0,0.16666666666666666,0.0,0.0,0.0,0.0,8.333333333333334,0.8333333333333334,0.0,0.0,0.0,15.666666666666666,15.166666666666666,0.0
000258,Blaze Riorden,OUT,Outlaws,8,G,Goalie,2022-08-06,2026-07-18,2.0,0.0,0.0,0.0,0.0,2.0,2.0,0,2.0,100.0,41.0,59.0,74.0,79.05219012115563,15.0,3.0,5.0,0,0,0,71.0,3.0,0.0,0.0,4.0,130.0,125.0,0.0,0.0,,0.5847953216374269,41.0,0.23976608187134502,0.5,0.0,0.25,0.0,0.0,0.0,0.0,0.25,0.25,0.0,0.25,12.5,5.125,7.375,9.25,9.881523765144454,1.875,0.375,0.625,0.0,0.0,0.0,8.875,0.375,0.0,0.0,0.5,16.25,15.625,0.5
000258,Blaze Riorden,RED,Redwoods,8,G,Goalie,2022-06-18,2026-07-31,0.0,0.0,0.0,0.0,0.0,0.0,2.0,0,2.0,126.0,50.0,76.0,93.0,96.49109666666666,23.0,5.0,6.0,0,0,0,87.0,6.0,0.0,0.0,1.0,135.0,128.0,0.0,0.0,,0.5915492957746479,39.682539682539684,0.2347417840375587,0.0,0.0,0.0,0.0,0.0,0.0,0.0,0.0,0.25,0.0,0.25,15.75,6.25,9.5,11.625,12.061387083333333,2.875,0.625,0.75,0.0,0.0,0.0,10.875,0.75,0.0,0.0,0.125,16.875,16.0,0.125
000258,Blaze Riorden,WAT,Waterdogs,7,G,Goalie,2022-06-25,2026-08-01,0.0,0.0,0.0,0.0,0.0,0.0,1.0,1,1.0,97.0,31.0,66.0,84.0,82.93300796302732,14.0,3.0,3.0,0,0,0,72.0,12.0,0.0,0.0,2.0,100.0,96.0,0.0,1.0,,0.5739644970414202,31.958762886597935,0.1834319526627219,0.0,0.0,0.0,0.0,0.0,0.0,0.0,0.0,0.14285714285714285,0.14285714285714285,0.14285714285714285,13.857142857142858,4.428571428571429,9.428571428571429,12.0,11.847572566146761,2.0,0.42857142857142855,0.42857142857142855,0.0,0.0,0.0,10.285714285714286,1.7142857142857142,0.0,0.0,0.2857142857142857,14.285714285714286,13.714285714285714,0.2857142857142857
000258,Blaze Riorden,WHP,Whipsnakes,7,G,Goalie,2022-06-04,2026-07-12,2.0,0.0,0.0,0.0,0.0,2.0,2.0,2,2.0,84.0,32.0,52.0,95.0,105.27276380101472,11.0,3.0,1.0,0,0,0,91.0,4.0,0.0,0.0,5.0,92.0,87.0,0.0,1.0,,0.48,38.095238095238095,0.18285714285714286,0.4,0.0,0.2857142857142857,0.0,0.0,0.0,0.0,0.2857142857142857,0.2857142857142857,0.2857142857142857,0.2857142857142857,12.0,4.571428571428571,7.428571428571429,13.571428571428571,15.038966257287816,1.5714285714285714,0.42857142857142855,0.14285714285714285,0.0,0.0,0.0,13.0,0.5714285714285714,0.0,0.0,0.7142857142857143,13.142857142857142,12.428571428571429,0.7142857142857143
000260,Brodie Merrill,ARC,Archers,2,LSM,Long Stick Midfield,2022-06-18,2022-07-24,1.0,0.0,0.0,0.0,0.0,1.0,0.0,0,0.0,0.0,0.0,0.0,0.0,0.0,2.0,1.0,1.0,0,0,0,0.0,0.0,1.0,0.5,1.0,12.0,11.0,,,,,,,1.0,,0.5,0.0,0.0,0.0,0.0,0.5,0.0,0.0,0.0,0.0,0.0,0.0,0.0,0.0,1.0,0.5,0.5,0.0,0.0,0.0,0.0,0.0,0.5,0.25,0.5,6.0,5.5,0.5
000260,Brodie Merrill,ATL,Atlas,1,LSM,Long Stick Midfield,2022-06-11,2022-06-11,0.0,0.0,0.0,0.0,0.0,0.0,0.0,0,0.0,0.0,0.0,0.0,0.0,0.0,3.0,1.0,0.0,0,0,0,0.0,0.0,1.0,1.0,0.0,6.0,5.0,,,,,,,,,0.0,0.0,0.0,0.0,0.0,0.0,0.0,0.0,0.0,0.0,0.0,0.0,0.0,0.0,3.0,1.0,0.0,0.0,0.0,0.0,0.0,0.0,1.0,1.0,0.0,6.0,5.0,0.0
000260,Brodie Merrill,OUT,Outlaws,1,LSM,Long Stick Midfield,2022-08-13,2022-08-13,0.0,0.0,0.0,0.0,0.0,0.0,0.0,0,0.0,0.0,0.0,0.0,0.0,0.0,6.0,0.0,2.0,0,0,0,0.0,0.0,0.0,0.0,1.0,6.0,6.0,,,,,,,0.0,,0.0,0.0,0.0,0.0,0.0,0.0,0.0,0.0,0.0,0.0,0.0,0.0,0.0,0.0,6.0,0.0,2.0,0.0,0.0,0.0,0.0,0.0,0.0,0.0,1.0,6.0,6.0,1.0
000260,Brodie Merrill,RED,Redwoods,1,LSM,Long Stick Midfield,2022-08-06,2022-08-06,0.0,0.0,0.0,0.0,0.0,0.0,0.0,0,0.0,0.0,0.0,0.0,0.0,0.0,0.0,1.0,0.0,0,0,0,0.0,0.0,0.0,0.0,0.0,5.0,4.0,,,,,,,,,0.0,0.0,0.0,0.0,0.0,0.0,0.0,0.0,0.0,0.0,0.0,0.0,0.0,0.0,0.0,1.0,0.0,0.0,0.0,0.0,0.0,0.0,0.0,0.0,0.0,5.0,4.0,0.0
000260,Brodie Merrill,WHP,Whipsnakes,1,LSM,Long Stick Midfield,2022-08-21,2022-08-21,0.0,0.0,0.0,0.0,0.0,0.0,0.0,0,0.0,0.0,0.0,0.0,0.0,0.0,4.0,0.0,3.0,0,0,0,0.0,0.0,0.0,0.0,1.0,5.0,5.0,,,,,,,0.0,,0.0,0.0,0.0,0.0,0.0,0.0,0.0,0.0,0.0,0.0,0.0,0.0,0.0,0.0,4.0,0.0,3.0,0.0,0.0,0.0,0.0,0.0,0.0,0.0,1.0,5.0,5.0,1.0
000262,Connor Fields,ATL,Atlas,5,A,Attack,2022-07-30,2026-07-11,13.0,11.0,11.0,0.0,11.0,2.0,29.0,20,0.0,0.0,0.0,0.0,0.0,0.0,7.0,9.0,0.0,0,0,0,0.0,0.0,0.0,0.0,16.0,121.0,83.0,0.3793103448275862,0.6896551724137931,,,,,0.125,,2.6,2.2,2.2,0.0,2.2,0.4,5.8,4.0,0.0,0.0,0.0,0.0,0.0,0.0,1.4,1.8,0.0,0.0,0.0,0.0,0.0,0.0,0.0,0.0,3.2,24.2,16.6,3.2
000262,Connor Fields,CAN,Cannons,5,A,Attack,2022-07-24,2026-08-01,16.0,14.0,14.0,0.0,14.0,2.0,35.0,24,0.0,0.0,0.0,0.0,0.0,0.0,7.0,8.0,1.0,0,0,0,0.0,0.0,0.0,0.0,12.0,143.0,100.0,0.4,0.6857142857142857,,,,,0.16666666666666666,,3.2,2.8,2.8,0.0,2.8,0.4,7.0,4.8,0.0,0.0,0.0,0.0,0.0,0.0,1.4,1.6,0.2,0.0,0.0,0.0,0.0,0.0,0.0,0.0,2.4,28.6,20.0,2.4
000262,Connor Fields,CHA,Chaos,8,A,Attack,2022-08-13,2026-08-08,20.0,13.0,13.0,0.0,13.0,7.0,55.0,43,1.0,0.0,0.0,0.0,0.0,0.0,8.0,13.0,2.0,0,0,0,0.0,0.0,0.0,0.0,25.0,247.0,179.0,0.23636363636363636,0.7818181818181819,,,,,0.28,0.0,2.5,1.625,1.625,0.0,1.625,0.875,6.875,5.375,0.125,0.0,0.0,0.0,0.0,0.0,1.0,1.625,0.25,0.0,0.0,0.0,0.0,0.0,0.0,0.0,3.125,30.875,22.375,3.125
000262,Connor Fields,OUT,Outlaws,8,A,Attack,2023-06-09,2026-07-25,27.0,17.0,17.0,0.0,17.0,10.0,57.0,37,0.0,0.0,0.0,0.0,0.0,0.0,18.0,14.0,1.0,0,0,0,0.0,0.0,1.0,1.0,28.0,235.0,164.0,0.2982456140350877,0.6491228070175439,,,,,0.35714285714285715,,3.375,2.125,2.125,0.0,2.125,1.25,7.125,4.625,0.0,0.0,0.0,0.0,0.0,0.0,2.25,1.75,0.125,0.0,0.0,0.0,0.0,0.0,0.125,0.125,3.5,29.375,20.5,3.5
000262,Connor Fields,RED,Redwoods,8,A,Attack,2022-07-01,2026-06-20,13.0,8.0,8.0,0.0,8.0,5.0,43.0,23,1.0,0.0,0.0,0.0,0.0,0.0,11.0,14.0,1.0,0,0,0,0.0,0.0,0.0,0.0,20.0,186.0,129.0,0.18604651162790697,0.5348837209302325,,,,,0.25,0.0,1.625,1.0,1.0,0.0,1.0,0.625,5.375,2.875,0.125,0.0,0.0,0.0,0.0,0.0,1.375,1.75,0.125,0.0,0.0,0.0,0.0,0.0,0.0,0.0,2.5,23.25,16.125,2.5
000262,Connor Fields,WAT,Waterdogs,7,A,Attack,2022-08-21,2026-07-18,25.0,21.0,21.0,0.0,21.0,4.0,54.0,37,2.0,0.0,0.0,0.0,0.0,0.0,12.0,12.0,3.0,0,0,0,0.0,0.0,1.0,0.5,23.0,238.0,172.0,0.3888888888888889,0.6851851851851852,,,,,0.17391304347826086,0.0,3.5714285714285716,3.0,3.0,0.0,3.0,0.5714285714285714,7.714285714285714,5.285714285714286,0.2857142857142857,0.0,0.0,0.0,0.0,0.0,1.7142857142857142,1.7142857142857142,0.42857142857142855,0.0,0.0,0.0,0.0,0.0,0.14285714285714285,0.07142857142857142,3.2857142857142856,34.0,24.571428571428573,3.2857142857142856
000262,Connor Fields,WHP,Whipsnakes,7,A,Attack,2022-08-06,2026-07-25,27.0,19.0,19.0,0.0,19.0,8.0,48.0,32,0.0,0.0,0.0,0.0,0.0,0.0,6.0,17.0,2.0,0,0,0,0.0,0.0,1.0,1.0,25.0,219.0,154.0,0.3958333333333333,0.6666666666666666,,,,,0.32,,3.857142857142857,2.7142857142857144,2.7142857142857144,0.0,2.7142857142857144,1.1428571428571428,6.857142857142857,4.571428571428571,0.0,0.0,0.0,0.0,0.0,0.0,0.8571428571428571,2.4285714285714284,0.2857142857142857,0.0,0.0,0.0,0.0,0.0,0.14285714285714285,0.14285714285714285,3.5714285714285716,31.285714285714285,22.0,3.5714285714285716
000266,Dhane Smith,ARC,Archers,2,M,Midfield,2022-08-13,2023-06-17,4.0,2.0,2.0,0.0,2.0,2.0,8.0,5,0.0,0.0,0.0,0.0,0.0,0.0,1.0,3.0,0.0,0,0,0,0.0,0.0,0.0,0.0,12.0,76.0,65.0,0.25,0.625,,,,,0.16666666666666666,,2.0,1.0,1.0,0.0,1.0,1.0,4.0,2.5,0.0,0.0,0.0,0.0,0.0,0.0,0.5,1.5,0.0,0.0,0.0,0.0,0.0,0.0,0.0,0.0,6.0,38.0,32.5,6.0
000266,Dhane Smith,ATL,Atlas,2,M,Midfield,2022-08-21,2023-07-16,7.0,2.0,2.0,0.0,2.0,5.0,5.0,3,1.0,0.0,0.0,0.0,0.0,0.0,2.0,4.0,0.0,0,0,0,0.0,0.0,0.0,0.0,15.0,65.0,56.0,0.4,0.6,,,,,0.3333333333333333,0.0,3.5,1.0,1.0,0.0,1.0,2.5,2.5,1.5,0.5,0.0,0.0,0.0,0.0,0.0,1.0,2.0,0.0,0.0,0.0,0.0,0.0,0.0,0.0,0.0,7.5,32.5,28.0,7.5
000266,Dhane Smith,CAN,Cannons,1,M,Midfield,2022-07-02,2022-07-02,3.0,1.0,1.0,0.0,1.0,2.0,5.0,4,0.0,0.0,0.0,0.0,0.0,0.0,0.0,2.0,1.0,0,0,0,0.0,0.0,0.0,0.0,3.0,30.0,23.0,0.2,0.8,,,,,0.6666666666666666,,3.0,1.0,1.0,0.0,1.0,2.0,5.0,4.0,0.0,0.0,0.0,0.0,0.0,0.0,0.0,2.0,1.0,0.0,0.0,0.0,0.0,0.0,0.0,0.0,3.0,30.0,23.0,3.0
000266,Dhane Smith,OUT,Outlaws,2,M,Midfield,2022-08-06,2023-08-27,9.0,0.0,0.0,0.0,0.0,9.0,4.0,3,0.0,0.0,0.0,0.0,0.0,0.0,0.0,3.0,0.0,0,0,0,0.0,0.0,0.0,0.0,15.0,76.0,69.0,0.0,0.75,,,,,0.6,,4.5,0.0,0.0,0.0,0.0,4.5,2.0,1.5,0.0,0.0,0.0,0.0,0.0,0.0,0.0,1.5,0.0,0.0,0.0,0.0,0.0,0.0,0.0,0.0,7.5,38.0,34.5,7.5
000266,Dhane Smith,RED,Redwoods,3,M,Midfield,2022-07-31,2023-08-06,13.0,2.0,2.0,0.0,2.0,11.0,8.0,5,0.0,0.0,0.0,0.0,0.0,0.0,2.0,10.0,0.0,0,0,0,0.0,0.0,0.0,0.0,33.0,134.0,116.0,0.25,0.625,,,,,0.3333333333333333,,4.333333333333333,0.6666666666666666,0.6666666666666666,0.0,0.6666666666666666,3.6666666666666665,2.6666666666666665,1.6666666666666667,0.0,0.0,0.0,0.0,0.0,0.0,0.6666666666666666,3.3333333333333335,0.0,0.0,0.0,0.0,0.0,0.0,0.0,0.0,11.0,44.666666666666664,38.666666666666664,11.0
000266,Dhane Smith,WAT,Waterdogs,2,M,Midfield,2022-06-25,2023-08-20,6.0,2.0,2.0,0.0,2.0,4.0,12.0,8,1.0,0.0,0.0,0.0,0.0,0.0,2.0,6.0,0.0,0,0,0,0.0,0.0,1.0,1.0,17.0,72.0,54.0,0.16666666666666666,0.6666666666666666,,,,,0.23529411764705882,0.0,3.0,1.0,1.0,0.0,1.0,2.0,6.0,4.0,0.5,0.0,0.0,0.0,0.0,0.0,1.0,3.0,0.0,0.0,0.0,0.0,0.0,0.0,0.5,0.5,8.5,36.0,27.0,8.5
000266,Dhane Smith,WHP,Whipsnakes,3,M,Midfield,2022-07-23,2023-08-12,11.0,2.0,2.0,0.0,2.0,9.0,11.0,6,0.0,0.0,0.0,0.0,0.0,0.0,1.0,9.0,0.0,0,0,0,0.0,0.0,1.0,0.5,21.0,108.0,88.0,0.18181818181818182,0.5454545454545454,,,,,0.42857142857142855,,3.6666666666666665,0.6666666666666666,0.6666666666666666,0.0,0.6666666666666666,3.0,3.6666666666666665,2.0,0.0,0.0,0.0,0.0,0.0,0.0,0.3333333333333333,3.0,0.0,0.0,0.0,0.0,0.0,0.0,0.3333333333333333,0.16666666666666666,7.0,36.0,29.333333333333332,7.0
000267,Jake Froccaro,ARC,Archers,1,M,Midfield,2022-06-18,2022-06-18,0.0,0.0,0.0,0.0,0.0,0.0,3.0,2,2.0,0.0,0.0,0.0,0.0,0.0,2.0,0.0,1.0,0,2,2,0.0,0.0,0.0,0.0,3.0,26.0,23.0,0.0,0.6666666666666666,0.0,,,,0.0,0.0,0.0,0.0,0.0,0.0,0.0,0.0,3.0,2.0,2.0,0.0,0.0,0.0,0.0,0.0,2.0,0.0,1.0,0.0,2.0,2.0,0.0,0.0,0.0,0.0,3.0,26.0,23.0,3.0
000267,Jake Froccaro,ATL,Atlas,1,M,Midfield,2022-06-11,2022-06-11,3.0,2.0,0.0,1.0,1.0,1.0,5.0,3,3.0,0.0,0.0,0.0,0.0,0.0,2.0,0.0,0.0,0,1,1,0.0,0.0,0.0,0.0,4.0,19.0,14.0,0.2,0.6,0.0,,,,0.25,0.3333333333333333,3.0,2.0,0.0,1.0,1.0,1.0,5.0,3.0,3.0,0.0,0.0,0.0,0.0,0.0,2.0,0.0,0.0,0.0,1.0,1.0,0.0,0.0,0.0,0.0,4.0,19.0,14.0,4.0
000267,Jake Froccaro,CHA,Chaos,1,M,Midfield,2022-07-02,2022-07-02,2.0,0.0,0.0,0.0,0.0,2.0,5.0,3,0.0,0.0,0.0,0.0,0.0,0.0,0.0,0.0,0.0,0,0,0,0.0,0.0,1.0,0.5,6.0,26.0,21.0,0.0,0.6,,,,,0.3333333333333333,,2.0,0.0,0.0,0.0,0.0,2.0,5.0,3.0,0.0,0.0,0.0,0.0,0.0,0.0,0.0,0.0,0.0,0.0,0.0,0.0,0.0,0.0,1.0,0.5,6.0,26.0,21.0,6.0
000267,Jake Froccaro,OUT,Outlaws,1,M,Midfield,2022-06-25,2022-06-25,0.0,0.0,0.0,0.0,0.0,0.0,5.0,3,2.0,0.0,0.0,0.0,0.0,0.0,2.0,2.0,0.0,0,0,0,0.0,0.0,0.0,0.0,1.0,20.0,13.0,0.0,0.6,,,,,0.0,0.0,0.0,0.0,0.0,0.0,0.0,0.0,5.0,3.0,2.0,0.0,0.0,0.0,0.0,0.0,2.0,2.0,0.0,0.0,0.0,0.0,0.0,0.0,0.0,0.0,1.0,20.0,13.0,1.0
000267,Jake Froccaro,WAT,Waterdogs,1,M,Midfield,2022-06-05,2022-06-05,3.0,0.0,0.0,0.0,0.0,3.0,2.0,0,1.0,0.0,0.0,0.0,0.0,0.0,2.0,1.0,0.0,0,0,0,0.0,0.0,0.0,0.0,4.0,22.0,19.0,0.0,0.0,,,,,0.75,0.0,3.0,0.0,0.0,0.0,0.0,3.0,2.0,0.0,1.0,0.0,0.0,0.0,0.0,0.0,2.0,1.0,0.0,0.0,0.0,0.0,0.0,0.0,0.0,0.0,4.0,22.0,19.0,4.0
000268,James Barclay,CHA,Chaos,1,D,Defense,2022-07-23,2022-07-23,0.0,0.0,0.0,0.0,0.0,0.0,1.0,1,0.0,0.0,0.0,0.0,0.0,0.0,2.0,0.0,0.0,0,0,0,0.0,0.0,0.0,0.0,0.0,4.0,3.0,0.0,1.0,,,,,,,0.0,0.0,0.0,0.0,0.0,0.0,1.0,1.0,0.0,0.0,0.0,0.0,0.0,0.0,2.0,0.0,0.0,0.0,0.0,0.0,0.0,0.0,0.0,0.0,0.0,4.0,3.0,0.0
000269,Jarrod Neumann,ARC,Archers,9,D,Defense,2022-06-11,2026-08-08,0.0,0.0,0.0,0.0,0.0,0.0,5.0,0,5.0,0.0,0.0,0.0,0.0,0.0,14.0,5.0,5.0,0,0,0,0.0,0.0,3.0,1.5,0.0,56.0,46.0,0.0,0.0,,,,,,0.0,0.0,0.0,0.0,0.0,0.0,0.0,0.5555555555555556,0.0,0.5555555555555556,0.0,0.0,0.0,0.0,0.0,1.5555555555555556,0.5555555555555556,0.5555555555555556,0.0,0.0,0.0,0.0,0.0,0.3333333333333333,0.16666666666666666,0.0,6.222222222222222,5.111111111111111,0.0
000269,Jarrod Neumann,ATL,Atlas,5,D,Defense,2022-08-21,2026-05-09,0.0,0.0,0.0,0.0,0.0,0.0,0.0,0,0.0,0.0,0.0,0.0,0.0,0.0,7.0,0.0,1.0,0,0,0,0.0,0.0,2.0,1.5,1.0,25.0,25.0,,,,,,,0.0,,0.0,0.0,0.0,0.0,0.0,0.0,0.0,0.0,0.0,0.0,0.0,0.0,0.0,0.0,1.4,0.0,0.2,0.0,0.0,0.0,0.0,0.0,0.4,0.3,0.2,5.0,5.0,0.2
000269,Jarrod Neumann,CAN,Cannons,6,D,Defense,2022-07-02,2026-07-25,2.0,2.0,0.0,1.0,1.0,0.0,4.0,3,4.0,0.0,0.0,0.0,0.0,0.0,10.0,0.0,2.0,0,0,0,0.0,0.0,1.0,1.0,1.0,34.0,30.0,0.25,0.75,,,,,0.0,0.25,0.3333333333333333,0.3333333333333333,0.0,0.16666666666666666,0.16666666666666666,0.0,0.6666666666666666,0.5,0.6666666666666666,0.0,0.0,0.0,0.0,0.0,1.6666666666666667,0.0,0.3333333333333333,0.0,0.0,0.0,0.0,0.0,0.16666666666666666,0.16666666666666666,0.16666666666666666,5.666666666666667,5.0,0.16666666666666666
000269,Jarrod Neumann,OUT,Outlaws,8,D,Defense,2022-08-06,2026-07-18,0.0,0.0,0.0,0.0,0.0,0.0,6.0,1,6.0,0.0,0.0,0.0,0.0,0.0,8.0,3.0,7.0,0,0,0,0.0,0.0,0.0,0.0,1.0,44.0,35.0,0.0,0.16666666666666666,,,,,0.0,0.0,0.0,0.0,0.0,0.0,0.0,0.0,0.75,0.125,0.75,0.0,0.0,0.0,0.0,0.0,1.0,0.375,0.875,0.0,0.0,0.0,0.0,0.0,0.0,0.0,0.125,5.5,4.375,0.125
000269,Jarrod Neumann,RED,Redwoods,10,D,Defense,2022-06-18,2026-07-31,4.0,4.0,0.0,2.0,2.0,0.0,7.0,5,6.0,0.0,0.0,0.0,0.0,0.0,14.0,6.0,3.0,0,0,0,0.0,0.0,6.0,5.0,1.0,49.0,36.0,0.2857142857142857,0.7142857142857143,,,,,0.0,0.3333333333333333,0.4,0.4,0.0,0.2,0.2,0.0,0.7,0.5,0.6,0.0,0.0,0.0,0.0,0.0,1.4,0.6,0.3,0.0,0.0,0.0,0.0,0.0,0.6,0.5,0.1,4.9,3.6,0.1
000269,Jarrod Neumann,WAT,Waterdogs,7,D,Defense,2022-06-25,2026-08-01,0.0,0.0,0.0,0.0,0.0,0.0,0.0,0,0.0,0.0,0.0,0.0,0.0,0.0,9.0,3.0,1.0,0,0,0,0.0,0.0,3.0,4.5,2.0,43.0,40.0,,,,,,,0.0,,0.0,0.0,0.0,0.0,0.0,0.0,0.0,0.0,0.0,0.0,0.0,0.0,0.0,0.0,1.2857142857142858,0.42857142857142855,0.14285714285714285,0.0,0.0,0.0,0.0,0.0,0.42857142857142855,0.6428571428571429,0.2857142857142857,6.142857142857143,5.714285714285714,0.2857142857142857
000269,Jarrod Neumann,WHP,Whipsnakes,7,D,Defense,2022-06-04,2026-07-12,1.0,0.0,0.0,0.0,0.0,1.0,7.0,3,7.0,0.0,0.0,0.0,0.0,0.0,13.0,0.0,3.0,0,0,0,0.0,0.0,0.0,0.0,2.0,39.0,32.0,0.0,0.42857142857142855,,,,,0.5,0.0,0.14285714285714285,0.0,0.0,0.0,0.0,0.14285714285714285,1.0,0.42857142857142855,1.0,0.0,0.0,0.0,0.0,0.0,1.8571428571428572,0.0,0.42857142857142855,0.0,0.0,0.0,0.0,0.0,0.0,0.0,0.2857142857142857,5.571428571428571,4.571428571428571,0.2857142857142857
000272,Josh Byrne,ARC,Archers,4,A,Attack,2022-08-13,2024-08-04,19.0,11.0,11.0,0.0,11.0,8.0,33.0,22,1.0,0.0,0.0,0.0,0.0,0.0,6.0,7.0,3.0,0,0,0,0.0,0.0,0.0,0.0,20.0,163.0,123.0,0.3333333333333333,0.6666666666666666,,,,,0.4,0.0,4.75,2.75,2.75,0.0,2.75,2.0,8.25,5.5,0.25,0.0,0.0,0.0,0.0,0.0,1.5,1.75,0.75,0.0,0.0,0.0,0.0,0.0,0.0,0.0,5.0,40.75,30.75,5.0
000272,Josh Byrne,ATL,Atlas,3,A,Attack,2022-08-21,2024-06-08,8.0,3.0,3.0,0.0,3.0,5.0,16.0,8,0.0,0.0,0.0,0.0,0.0,0.0,5.0,4.0,3.0,0,0,0,0.0,0.0,1.0,0.5,12.0,70.0,50.0,0.1875,0.5,,,,,0.4166666666666667,,2.6666666666666665,1.0,1.0,0.0,1.0,1.6666666666666667,5.333333333333333,2.6666666666666665,0.0,0.0,0.0,0.0,0.0,0.0,1.6666666666666667,1.3333333333333333,1.0,0.0,0.0,0.0,0.0,0.0,0.3333333333333333,0.16666666666666666,4.0,23.333333333333332,16.666666666666668,4.0
000272,Josh Byrne,CAN,Cannons,3,A,Attack,2022-07-02,2024-08-17,12.0,8.0,8.0,0.0,8.0,4.0,18.0,12,0.0,0.0,0.0,0.0,0.0,0.0,5.0,6.0,0.0,0,0,0,0.0,0.0,2.0,1.5,9.0,78.0,54.0,0.4444444444444444,0.6666666666666666,,,,,0.4444444444444444,,4.0,2.6666666666666665,2.6666666666666665,0.0,2.6666666666666665,1.3333333333333333,6.0,4.0,0.0,0.0,0.0,0.0,0.0,0.0,1.6666666666666667,2.0,0.0,0.0,0.0,0.0,0.0,0.0,0.6666666666666666,0.5,3.0,26.0,18.0,3.0
000272,Josh Byrne,OUT,Outlaws,3,A,Attack,2022-08-06,2024-06-02,6.0,5.0,5.0,0.0,5.0,1.0,20.0,16,0.0,0.0,0.0,0.0,0.0,0.0,8.0,13.0,0.0,0,0,0,0.0,0.0,1.0,0.5,6.0,94.0,61.0,0.25,0.8,,,,,0.16666666666666666,,2.0,1.6666666666666667,1.6666666666666667,0.0,1.6666666666666667,0.3333333333333333,6.666666666666667,5.333333333333333,0.0,0.0,0.0,0.0,0.0,0.0,2.6666666666666665,4.333333333333333,0.0,0.0,0.0,0.0,0.0,0.0,0.3333333333333333,0.16666666666666666,2.0,31.333333333333332,20.333333333333332,2.0
000272,Josh Byrne,RED,Redwoods,4,A,Attack,2022-07-31,2024-07-27,14.0,7.0,7.0,0.0,7.0,7.0,23.0,12,0.0,0.0,0.0,0.0,0.0,0.0,2.0,8.0,0.0,0,0,0,0.0,0.0,0.0,0.0,23.0,141.0,110.0,0.30434782608695654,0.5217391304347826,,,,,0.30434782608695654,,3.5,1.75,1.75,0.0,1.75,1.75,5.75,3.0,0.0,0.0,0.0,0.0,0.0,0.0,0.5,2.0,0.0,0.0,0.0,0.0,0.0,0.0,0.0,0.0,5.75,35.25,27.5,5.75
000272,Josh Byrne,WAT,Waterdogs,2,A,Attack,2022-06-25,2024-06-30,3.0,1.0,1.0,0.0,1.0,2.0,13.0,6,0.0,0.0,0.0,0.0,0.0,0.0,2.0,6.0,0.0,0,0,0,0.0,0.0,0.0,0.0,6.0,63.0,44.0,0.07692307692307693,0.46153846153846156,,,,,0.3333333333333333,,1.5,0.5,0.5,0.0,0.5,1.0,6.5,3.0,0.0,0.0,0.0,0.0,0.0,0.0,1.0,3.0,0.0,0.0,0.0,0.0,0.0,0.0,0.0,0.0,3.0,31.5,22.0,3.0
000272,Josh Byrne,WHP,Whipsnakes,3,A,Attack,2022-07-23,2024-07-20,8.0,6.0,6.0,0.0,6.0,2.0,26.0,15,1.0,0.0,0.0,0.0,0.0,0.0,5.0,3.0,0.0,0,0,0,0.0,0.0,0.0,0.0,9.0,93.0,64.0,0.23076923076923078,0.5769230769230769,,,,,0.2222222222222222,0.0,2.6666666666666665,2.0,2.0,0.0,2.0,0.6666666666666666,8.666666666666666,5.0,0.3333333333333333,0.0,0.0,0.0,0.0,0.0,1.6666666666666667,1.0,0.0,0.0,0.0,0.0,0.0,0.0,0.0,0.0,3.0,31.0,21.333333333333332,3.0
000275,Mark Glicini,ARC,Archers,4,SSDM,Defensive Midfield,2022-06-11,2025-08-09,0.0,0.0,0.0,0.0,0.0,0.0,1.0,1,0.0,0.0,0.0,0.0,0.0,0.0,7.0,2.0,2.0,1,0,1,0.0,0.0,1.0,0.5,0.0,22.0,19.0,0.0,1.0,1.0,,,,,,0.0,0.0,0.0,0.0,0.0,0.0,0.25,0.25,0.0,0.0,0.0,0.0,0.0,0.0,1.75,0.5,0.5,0.25,0.0,0.25,0.0,0.0,0.25,0.125,0.0,5.5,4.75,0.0
000275,Mark Glicini,ATL,Atlas,4,SSDM,Defensive Midfield,2022-08-21,2026-05-09,1.0,0.0,0.0,0.0,0.0,1.0,1.0,1,0.0,0.0,0.0,0.0,0.0,0.0,1.0,1.0,1.0,1,3,4,0.0,0.0,0.0,0.0,3.0,24.0,22.0,0.0,1.0,0.25,,,,0.3333333333333333,,0.25,0.0,0.0,0.0,0.0,0.25,0.25,0.25,0.0,0.0,0.0,0.0,0.0,0.0,0.25,0.25,0.25,0.25,0.75,1.0,0.0,0.0,0.0,0.0,0.75,6.0,5.5,0.75
000275,Mark Glicini,CAN,Cannons,2,SSDM,Defensive Midfield,2023-06-10,2025-06-29,0.0,0.0,0.0,0.0,0.0,0.0,2.0,1,1.0,0.0,0.0,0.0,0.0,0.0,0.0,0.0,0.0,0,2,2,0.0,0.0,0.0,0.0,0.0,13.0,11.0,0.0,0.5,0.0,,,,,0.0,0.0,0.0,0.0,0.0,0.0,0.0,1.0,0.5,0.5,0.0,0.0,0.0,0.0,0.0,0.0,0.0,0.0,0.0,1.0,1.0,0.0,0.0,0.0,0.0,0.0,6.5,5.5,0.0
000275,Mark Glicini,OUT,Outlaws,4,SSDM,Defensive Midfield,2022-08-06,2025-08-02,1.0,1.0,1.0,0.0,1.0,0.0,1.0,1,0.0,0.0,0.0,0.0,0.0,0.0,3.0,0.0,2.0,0,1,1,0.0,0.0,2.0,1.0,3.0,25.0,24.0,1.0,1.0,0.0,,,,0.0,,0.25,0.25,0.25,0.0,0.25,0.0,0.25,0.25,0.0,0.0,0.0,0.0,0.0,0.0,0.75,0.0,0.5,0.0,0.25,0.25,0.0,0.0,0.5,0.25,0.75,6.25,6.0,0.75
000275,Mark Glicini,RED,Redwoods,7,SSDM,Defensive Midfield,2022-06-18,2025-07-12,0.0,0.0,0.0,0.0,0.0,0.0,2.0,1,1.0,0.0,0.0,0.0,0.0,0.0,6.0,0.0,4.0,0,3,3,0.0,0.0,1.0,0.5,2.0,28.0,26.0,0.0,0.5,0.0,,,,0.0,0.0,0.0,0.0,0.0,0.0,0.0,0.0,0.2857142857142857,0.14285714285714285,0.14285714285714285,0.0,0.0,0.0,0.0,0.0,0.8571428571428571,0.0,0.5714285714285714,0.0,0.42857142857142855,0.42857142857142855,0.0,0.0,0.14285714285714285,0.07142857142857142,0.2857142857142857,4.0,3.7142857142857144,0.2857142857142857
000275,Mark Glicini,WAT,Waterdogs,4,SSDM,Defensive Midfield,2022-06-25,2025-07-26,2.0,2.0,0.0,1.0,1.0,0.0,1.0,1,1.0,0.0,0.0,0.0,0.0,0.0,5.0,0.0,2.0,0,3,3,0.0,0.0,0.0,0.0,3.0,17.0,16.0,1.0,1.0,0.0,,,,0.0,1.0,0.5,0.5,0.0,0.25,0.25,0.0,0.25,0.25,0.25,0.0,0.0,0.0,0.0,0.0,1.25,0.0,0.5,0.0,0.75,0.75,0.0,0.0,0.0,0.0,0.75,4.25,4.0,0.75
000275,Mark Glicini,WHP,Whipsnakes,5,SSDM,Defensive Midfield,2022-06-04,2025-06-22,1.0,1.0,1.0,0.0,1.0,0.0,1.0,1,0.0,0.0,0.0,0.0,0.0,0.0,3.0,2.0,0.0,0,2,2,0.0,0.0,0.0,0.0,0.0,24.0,21.0,1.0,1.0,0.0,,,,,,0.2,0.2,0.2,0.0,0.2,0.0,0.2,0.2,0.0,0.0,0.0,0.0,0.0,0.0,0.6,0.4,0.0,0.0,0.4,0.4,0.0,0.0,0.0,0.0,0.0,4.8,4.2,0.0
000276,Matt Rees,ARC,Archers,2,D,Defense,2022-08-13,2023-06-03,0.0,0.0,0.0,0.0,0.0,0.0,4.0,1,4.0,0.0,0.0,0.0,0.0,0.0,1.0,0.0,0.0,0,3,3,0.0,0.0,2.0,2.0,0.0,7.0,3.0,0.0,0.25,0.0,,,,,0.0,0.0,0.0,0.0,0.0,0.0,0.0,2.0,0.5,2.0,0.0,0.0,0.0,0.0,0.0,0.5,0.0,0.0,0.0,1.5,1.5,0.0,0.0,1.0,1.0,0.0,3.5,1.5,0.0
000276,Matt Rees,ATL,Atlas,3,LSM,Long Stick Midfield,2022-08-21,2023-08-19,0.0,0.0,0.0,0.0,0.0,0.0,1.0,1,0.0,0.0,0.0,0.0,0.0,0.0,6.0,2.0,4.0,0,14,14,0.0,0.0,2.0,1.5,0.0,13.0,10.0,0.0,1.0,0.0,,,,,,0.0,0.0,0.0,0.0,0.0,0.0,0.3333333333333333,0.3333333333333333,0.0,0.0,0.0,0.0,0.0,0.0,2.0,0.6666666666666666,1.3333333333333333,0.0,4.666666666666667,4.666666666666667,0.0,0.0,0.6666666666666666,0.5,0.0,4.333333333333333,3.3333333333333335,0.0
000276,Matt Rees,CAN,Cannons,1,D,Defense,2022-07-02,2022-07-02,0.0,0.0,0.0,0.0,0.0,0.0,0.0,0,0.0,0.0,0.0,0.0,0.0,0.0,1.0,0.0,0.0,0,0,0,0.0,0.0,0.0,0.0,0.0,3.0,3.0,,,,,,,,,0.0,0.0,0.0,0.0,0.0,0.0,0.0,0.0,0.0,0.0,0.0,0.0,0.0,0.0,1.0,0.0,0.0,0.0,0.0,0.0,0.0,0.0,0.0,0.0,0.0,3.0,3.0,0.0
000276,Matt Rees,CHA,Chaos,1,LSM,Long Stick Midfield,2023-06-10,2023-06-10,3.0,2.0,0.0,1.0,1.0,1.0,3.0,1,3.0,0.0,0.0,0.0,0.0,0.0,2.0,1.0,3.0,0,1,1,0.0,0.0,0.0,0.0,2.0,9.0,5.0,0.3333333333333333,0.3333333333333333,0.0,,,,0.5,0.3333333333333333,3.0,2.0,0.0,1.0,1.0,1.0,3.0,1.0,3.0,0.0,0.0,0.0,0.0,0.0,2.0,1.0,3.0,0.0,1.0,1.0,0.0,0.0,0.0,0.0,2.0,9.0,5.0,2.0
000276,Matt Rees,OUT,Outlaws,2,D,Defense,2022-08-06,2023-07-15,0.0,0.0,0.0,0.0,0.0,0.0,3.0,2,3.0,0.0,0.0,0.0,0.0,0.0,1.0,0.0,4.0,1,7,8,0.0,0.0,1.0,1.0,0.0,7.0,4.0,0.0,0.6666666666666666,0.125,,,,,0.0,0.0,0.0,0.0,0.0,0.0,0.0,1.5,1.0,1.5,0.0,0.0,0.0,0.0,0.0,0.5,0.0,2.0,0.5,3.5,4.0,0.0,0.0,0.5,0.5,0.0,3.5,2.0,0.0
000276,Matt Rees,RED,Redwoods,3,LSM,Long Stick Midfield,2022-07-31,2023-08-13,2.0,2.0,0.0,1.0,1.0,0.0,2.0,2,1.0,0.0,0.0,0.0,0.0,0.0,6.0,0.0,1.0,0,11,11,0.0,0.0,3.0,2.5,0.0,14.0,12.0,0.5,1.0,0.0,,,,,1.0,0.6666666666666666,0.6666666666666666,0.0,0.3333333333333333,0.3333333333333333,0.0,0.6666666666666666,0.6666666666666666,0.3333333333333333,0.0,0.0,0.0,0.0,0.0,2.0,0.0,0.3333333333333333,0.0,3.6666666666666665,3.6666666666666665,0.0,0.0,1.0,0.8333333333333334,0.0,4.666666666666667,4.0,0.0
000276,Matt Rees,WHP,Whipsnakes,1,LSM,Long Stick Midfield,2023-08-26,2023-08-26,0.0,0.0,0.0,0.0,0.0,0.0,0.0,0,0.0,0.0,0.0,0.0,0.0,0.0,1.0,1.0,0.0,0,1,1,0.0,0.0,0.0,0.0,0.0,1.0,0.0,,,0.0,,,,,,0.0,0.0,0.0,0.0,0.0,0.0,0.0,0.0,0.0,0.0,0.0,0.0,0.0,0.0,1.0,1.0,0.0,0.0,1.0,1.0,0.0,0.0,0.0,0.0,0.0,1.0,0.0,0.0
000278,Myles Jones,ARC,Archers,3,M,Midfield,2022-07-01,2024-08-10,3.0,3.0,3.0,0.0,3.0,0.0,12.0,5,2.0,0.0,0.0,0.0,0.0,0.0,1.0,0.0,0.0,0,0,0,0.0,0.0,0.0,0.0,4.0,37.0,25.0,0.25,0.4166666666666667,,,,,0.0,0.0,1.0,1.0,1.0,0.0,1.0,0.0,4.0,1.6666666666666667,0.6666666666666666,0.0,0.0,0.0,0.0,0.0,0.3333333333333333,0.0,0.0,0.0,0.0,0.0,0.0,0.0,0.0,0.0,1.3333333333333333,12.333333333333334,8.333333333333334,1.3333333333333333
000278,Myles Jones,ATL,Atlas,3,M,Midfield,2022-06-04,2023-06-03,8.0,5.0,3.0,1.0,4.0,3.0,14.0,9,4.0,0.0,0.0,0.0,0.0,0.0,1.0,2.0,0.0,0,0,0,0.0,0.0,1.0,1.0,11.0,61.0,45.0,0.2857142857142857,0.6428571428571429,,,,,0.2727272727272727,0.25,2.6666666666666665,1.6666666666666667,1.0,0.3333333333333333,1.3333333333333333,1.0,4.666666666666667,3.0,1.3333333333333333,0.0,0.0,0.0,0.0,0.0,0.3333333333333333,0.6666666666666666,0.0,0.0,0.0,0.0,0.0,0.0,0.3333333333333333,0.3333333333333333,3.6666666666666665,20.333333333333332,15.0,3.6666666666666665
000278,Myles Jones,CAN,Cannons,5,M,Midfield,2022-08-06,2025-05-31,9.0,3.0,3.0,0.0,3.0,6.0,23.0,11,3.0,0.0,0.0,0.0,0.0,0.0,6.0,7.0,0.0,0,0,0,0.0,0.0,1.0,0.5,12.0,119.0,89.0,0.13043478260869565,0.4782608695652174,,,,,0.5,0.0,1.8,0.6,0.6,0.0,0.6,1.2,4.6,2.2,0.6,0.0,0.0,0.0,0.0,0.0,1.2,1.4,0.0,0.0,0.0,0.0,0.0,0.0,0.2,0.1,2.4,23.8,17.8,2.4
000278,Myles Jones,CHA,Chaos,5,M,Midfield,2022-06-18,2025-05-30,13.0,10.0,6.0,2.0,8.0,3.0,27.0,17,5.0,0.0,0.0,0.0,0.0,0.0,7.0,7.0,0.0,0,0,0,0.0,0.0,0.0,0.0,18.0,126.0,92.0,0.2962962962962963,0.6296296296296297,,,,,0.16666666666666666,0.4,2.6,2.0,1.2,0.4,1.6,0.6,5.4,3.4,1.0,0.0,0.0,0.0,0.0,0.0,1.4,1.4,0.0,0.0,0.0,0.0,0.0,0.0,0.0,0.0,3.6,25.2,18.4,3.6
000278,Myles Jones,OUT,Outlaws,3,M,Midfield,2022-06-10,2024-07-06,4.0,3.0,1.0,1.0,2.0,1.0,15.0,7,5.0,0.0,0.0,0.0,0.0,0.0,2.0,7.0,0.0,0,0,0,0.0,0.0,0.0,0.0,9.0,74.0,52.0,0.13333333333333333,0.4666666666666667,,,,,0.1111111111111111,0.2,1.3333333333333333,1.0,0.3333333333333333,0.3333333333333333,0.6666666666666666,0.3333333333333333,5.0,2.3333333333333335,1.6666666666666667,0.0,0.0,0.0,0.0,0.0,0.6666666666666666,2.3333333333333335,0.0,0.0,0.0,0.0,0.0,0.0,0.0,0.0,3.0,24.666666666666668,17.333333333333332,3.0
000278,Myles Jones,RED,Redwoods,2,M,Midfield,2023-08-26,2024-06-16,8.0,4.0,2.0,1.0,3.0,4.0,7.0,5,2.0,0.0,0.0,0.0,0.0,0.0,2.0,4.0,0.0,0,0,0,0.0,0.0,0.0,0.0,4.0,25.0,14.0,0.42857142857142855,0.7142857142857143,,,,,1.0,0.5,4.0,2.0,1.0,0.5,1.5,2.0,3.5,2.5,1.0,0.0,0.0,0.0,0.0,0.0,1.0,2.0,0.0,0.0,0.0,0.0,0.0,0.0,0.0,0.0,2.0,12.5,7.0,2.0
000278,Myles Jones,WAT,Waterdogs,5,M,Midfield,2022-08-13,2024-08-17,5.0,3.0,3.0,0.0,3.0,2.0,15.0,11,0.0,0.0,0.0,0.0,0.0,0.0,4.0,11.0,1.0,0,0,0,0.0,0.0,1.0,1.0,8.0,80.0,54.0,0.2,0.7333333333333333,,,,,0.25,,1.0,0.6,0.6,0.0,0.6,0.4,3.0,2.2,0.0,0.0,0.0,0.0,0.0,0.0,0.8,2.2,0.2,0.0,0.0,0.0,0.0,0.0,0.2,0.2,1.6,16.0,10.8,1.6
000278,Myles Jones,WHP,Whipsnakes,5,M,Midfield,2022-06-24,2025-06-14,5.0,3.0,3.0,0.0,3.0,2.0,15.0,9,2.0,0.0,0.0,0.0,0.0,0.0,3.0,3.0,1.0,0,0,0,0.0,0.0,1.0,0.5,9.0,73.0,55.0,0.2,0.6,,,,,0.2222222222222222,0.0,1.0,0.6,0.6,0.0,0.6,0.4,3.0,1.8,0.4,0.0,0.0,0.0,0.0,0.0,0.6,0.6,0.2,0.0,0.0,0.0,0.0,0.0,0.2,0.1,1.8,14.6,11.0,1.8
000279,Patrick Resch,ARC,Archers,5,SSDM,Defensive Midfield,2022-06-11,2024-08-04,2.0,2.0,0.0,1.0,1.0,0.0,4.0,1,2.0,0.0,0.0,0.0,0.0,0.0,10.0,1.0,4.0,0,0,0,0.0,0.0,1.0,1.0,2.0,45.0,40.0,0.25,0.25,,,,,0.0,0.5,0.4,0.4,0.0,0.2,0.2,0.0,0.8,0.2,0.4,0.0,0.0,0.0,0.0,0.0,2.0,0.2,0.8,0.0,0.0,0.0,0.0,0.0,0.2,0.2,0.4,9.0,8.0,0.4
000279,Patrick Resch,ATL,Atlas,4,SSDM,Defensive Midfield,2022-08-21,2025-05-30,0.0,0.0,0.0,0.0,0.0,0.0,2.0,2,0.0,0.0,0.0,0.0,0.0,0.0,5.0,1.0,2.0,0,0,0,0.0,0.0,3.0,2.0,2.0,30.0,27.0,0.0,1.0,,,,,0.0,,0.0,0.0,0.0,0.0,0.0,0.0,0.5,0.5,0.0,0.0,0.0,0.0,0.0,0.0,1.25,0.25,0.5,0.0,0.0,0.0,0.0,0.0,0.75,0.5,0.5,7.5,6.75,0.5
000279,Patrick Resch,CAN,Cannons,3,SSDM,Defensive Midfield,2022-07-02,2024-08-17,2.0,0.0,0.0,0.0,0.0,2.0,0.0,0,0.0,0.0,0.0,0.0,0.0,0.0,5.0,3.0,3.0,0,0,0,0.0,0.0,0.0,0.0,3.0,33.0,30.0,,,,,,,0.6666666666666666,,0.6666666666666666,0.0,0.0,0.0,0.0,0.6666666666666666,0.0,0.0,0.0,0.0,0.0,0.0,0.0,0.0,1.6666666666666667,1.0,1.0,0.0,0.0,0.0,0.0,0.0,0.0,0.0,1.0,11.0,10.0,1.0
000279,Patrick Resch,CHA,Chaos,1,SSDM,Defensive Midfield,2025-08-09,2025-08-09,0.0,0.0,0.0,0.0,0.0,0.0,0.0,0,0.0,0.0,0.0,0.0,0.0,0.0,2.0,0.0,0.0,0,1,1,0.0,0.0,0.0,0.0,0.0,7.0,7.0,,,0.0,,,,,,0.0,0.0,0.0,0.0,0.0,0.0,0.0,0.0,0.0,0.0,0.0,0.0,0.0,0.0,2.0,0.0,0.0,0.0,1.0,1.0,0.0,0.0,0.0,0.0,0.0,7.0,7.0,0.0
000279,Patrick Resch,OUT,Outlaws,4,SSDM,Defensive Midfield,2022-08-06,2024-08-10,4.0,2.0,2.0,0.0,2.0,2.0,3.0,3,1.0,0.0,0.0,0.0,0.0,0.0,8.0,3.0,1.0,0,0,0,0.0,0.0,0.0,0.0,6.0,33.0,27.0,0.6666666666666666,1.0,,,,,0.3333333333333333,0.0,1.0,0.5,0.5,0.0,0.5,0.5,0.75,0.75,0.25,0.0,0.0,0.0,0.0,0.0,2.0,0.75,0.25,0.0,0.0,0.0,0.0,0.0,0.0,0.0,1.5,8.25,6.75,1.5
000279,Patrick Resch,RED,Redwoods,7,SSDM,Defensive Midfield,2022-06-18,2025-06-07,2.0,1.0,1.0,0.0,1.0,1.0,1.0,1,0.0,0.0,0.0,0.0,0.0,0.0,4.0,3.0,4.0,0,0,0,0.0,0.0,0.0,0.0,6.0,60.0,56.0,1.0,1.0,,,,,0.16666666666666666,,0.2857142857142857,0.14285714285714285,0.14285714285714285,0.0,0.14285714285714285,0.14285714285714285,0.14285714285714285,0.14285714285714285,0.0,0.0,0.0,0.0,0.0,0.0,0.5714285714285714,0.42857142857142855,0.5714285714285714,0.0,0.0,0.0,0.0,0.0,0.0,0.0,0.8571428571428571,8.571428571428571,8.0,0.8571428571428571
000279,Patrick Resch,WAT,Waterdogs,4,SSDM,Defensive Midfield,2022-06-25,2024-06-30,1.0,0.0,0.0,0.0,0.0,1.0,0.0,0,0.0,0.0,0.0,0.0,0.0,0.0,1.0,0.0,1.0,0,0,0,0.0,0.0,0.0,0.0,3.0,24.0,24.0,,,,,,,0.3333333333333333,,0.25,0.0,0.0,0.0,0.0,0.25,0.0,0.0,0.0,0.0,0.0,0.0,0.0,0.0,0.25,0.0,0.25,0.0,0.0,0.0,0.0,0.0,0.0,0.0,0.75,6.0,6.0,0.75
000279,Patrick Resch,WHP,Whipsnakes,5,SSDM,Defensive Midfield,2022-06-04,2024-07-20,1.0,0.0,0.0,0.0,0.0,1.0,0.0,0,0.0,0.0,0.0,0.0,0.0,0.0,8.0,2.0,0.0,0,0,0,0.0,0.0,0.0,0.0,2.0,36.0,34.0,,,,,,,0.5,,0.2,0.0,0.0,0.0,0.0,0.2,0.0,0.0,0.0,0.0,0.0,0.0,0.0,0.0,1.6,0.4,0.0,0.0,0.0,0.0,0.0,0.0,0.0,0.0,0.4,7.2,6.8,0.4
000280,Thomas Kelly,ARC,Archers,1,FO,Faceoff,2022-06-11,2022-06-11,0.0,0.0,0.0,0.0,0.0,0.0,0.0,0,0.0,0.0,0.0,0.0,0.0,0.0,3.0,0.0,0.0,14,11,25,0.0,0.0,0.0,0.0,0.0,2.0,2.0,,,0.56,,,,,,0.0,0.0,0.0,0.0,0.0,0.0,0.0,0.0,0.0,0.0,0.0,0.0,0.0,0.0,3.0,0.0,0.0,14.0,11.0,25.0,0.0,0.0,0.0,0.0,0.0,2.0,2.0,0.0
000280,Thomas Kelly,RED,Redwoods,1,FO,Faceoff,2022-06-18,2022-06-18,0.0,0.0,0.0,0.0,0.0,0.0,0.0,0,0.0,0.0,0.0,0.0,0.0,0.0,6.0,0.0,0.0,9,11,20,0.0,0.0,0.0,0.0,0.0,4.0,4.0,,,0.45,,,,,,0.0,0.0,0.0,0.0,0.0,0.0,0.0,0.0,0.0,0.0,0.0,0.0,0.0,0.0,6.0,0.0,0.0,9.0,11.0,20.0,0.0,0.0,0.0,0.0,0.0,4.0,4.0,0.0
000280,Thomas Kelly,WAT,Waterdogs,1,FO,Faceoff,2022-06-25,2022-06-25,1.0,1.0,1.0,0.0,1.0,0.0,1.0,1,0.0,0.0,0.0,0.0,0.0,0.0,10.0,1.0,0.0,13,11,24,0.0,0.0,0.0,0.0,0.0,9.0,7.0,1.0,1.0,0.5416666666666666,,,,,,1.0,1.0,1.0,0.0,1.0,0.0,1.0,1.0,0.0,0.0,0.0,0.0,0.0,0.0,10.0,1.0,0.0,13.0,11.0,24.0,0.0,0.0,0.0,0.0,0.0,9.0,7.0,0.0
000280,Thomas Kelly,WHP,Whipsnakes,2,FO,Faceoff,2022-06-04,2022-07-23,0.0,0.0,0.0,0.0,0.0,0.0,0.0,0,0.0,0.0,0.0,0.0,0.0,0.0,4.0,2.0,0.0,16,30,46,0.0,0.0,0.0,0.0,0.0,3.0,1.0,,,0.34782608695652173,,,,,,0.0,0.0,0.0,0.0,0.0,0.0,0.0,0.0,0.0,0.0,0.0,0.0,0.0,0.0,2.0,1.0,0.0,8.0,15.0,23.0,0.0,0.0,0.0,0.0,0.0,1.5,0.5,0.0
000281,Troy Reh,ARC,Archers,9,LSM,Long Stick Midfield,2022-06-11,2026-08-08,0.0,0.0,0.0,0.0,0.0,0.0,4.0,4,4.0,0.0,0.0,0.0,0.0,0.0,24.0,1.0,7.0,0,0,0,0.0,0.0,1.0,1.0,4.0,88.0,83.0,0.0,1.0,,,,,0.0,0.0,0.0,0.0,0.0,0.0,0.0,0.0,0.4444444444444444,0.4444444444444444,0.4444444444444444,0.0,0.0,0.0,0.0,0.0,2.6666666666666665,0.1111111111111111,0.7777777777777778,0.0,0.0,0.0,0.0,0.0,0.1111111111111111,0.1111111111111111,0.4444444444444444,9.777777777777779,9.222222222222221,0.4444444444444444
000281,Troy Reh,ATL,Atlas,5,LSM,Long Stick Midfield,2022-08-21,2026-05-09,0.0,0.0,0.0,0.0,0.0,0.0,2.0,1,2.0,0.0,0.0,0.0,0.0,0.0,13.0,3.0,8.0,0,0,0,0.0,0.0,0.0,0.0,3.0,51.0,46.0,0.0,0.5,,,,,0.0,0.0,0.0,0.0,0.0,0.0,0.0,0.0,0.4,0.2,0.4,0.0,0.0,0.0,0.0,0.0,2.6,0.6,1.6,0.0,0.0,0.0,0.0,0.0,0.0,0.0,0.6,10.2,9.2,0.6
000281,Troy Reh,CAN,Cannons,6,LSM,Long Stick Midfield,2022-07-02,2026-07-25,1.0,1.0,1.0,0.0,1.0,0.0,1.0,1,0.0,0.0,0.0,0.0,0.0,0.0,21.0,1.0,8.0,0,1,1,0.0,0.0,1.0,1.0,1.0,44.0,42.0,1.0,1.0,0.0,,,,0.0,,0.16666666666666666,0.16666666666666666,0.16666666666666666,0.0,0.16666666666666666,0.0,0.16666666666666666,0.16666666666666666,0.0,0.0,0.0,0.0,0.0,0.0,3.5,0.16666666666666666,1.3333333333333333,0.0,0.16666666666666666,0.16666666666666666,0.0,0.0,0.16666666666666666,0.16666666666666666,0.16666666666666666,7.333333333333333,7.0,0.16666666666666666
000281,Troy Reh,OUT,Outlaws,8,LSM,Long Stick Midfield,2022-08-06,2026-07-18,0.0,0.0,0.0,0.0,0.0,0.0,4.0,1,4.0,0.0,0.0,0.0,0.0,0.0,31.0,1.0,6.0,0,0,0,0.0,0.0,2.0,2.0,1.0,72.0,67.0,0.0,0.25,,,,,0.0,0.0,0.0,0.0,0.0,0.0,0.0,0.0,0.5,0.125,0.5,0.0,0.0,0.0,0.0,0.0,3.875,0.125,0.75,0.0,0.0,0.0,0.0,0.0,0.25,0.25,0.125,9.0,8.375,0.125
000281,Troy Reh,RED,Redwoods,10,LSM,Long Stick Midfield,2022-06-18,2026-07-31,0.0,0.0,0.0,0.0,0.0,0.0,2.0,0,2.0,0.0,0.0,0.0,0.0,0.0,27.0,3.0,7.0,0,0,0,0.0,0.0,7.0,6.0,1.0,78.0,73.0,0.0,0.0,,,,,0.0,0.0,0.0,0.0,0.0,0.0,0.0,0.0,0.2,0.0,0.2,0.0,0.0,0.0,0.0,0.0,2.7,0.3,0.7,0.0,0.0,0.0,0.0,0.0,0.7,0.6,0.1,7.8,7.3,0.1
000281,Troy Reh,WAT,Waterdogs,7,LSM,Long Stick Midfield,2022-06-25,2026-08-01,1.0,1.0,1.0,0.0,1.0,0.0,5.0,2,2.0,0.0,0.0,0.0,0.0,0.0,14.0,5.0,5.0,0,1,1,0.0,0.0,2.0,2.0,0.0,48.0,38.0,0.2,0.4,0.0,,,,,0.0,0.14285714285714285,0.14285714285714285,0.14285714285714285,0.0,0.14285714285714285,0.0,0.7142857142857143,0.2857142857142857,0.2857142857142857,0.0,0.0,0.0,0.0,0.0,2.0,0.7142857142857143,0.7142857142857143,0.0,0.14285714285714285,0.14285714285714285,0.0,0.0,0.2857142857142857,0.2857142857142857,0.0,6.857142857142857,5.428571428571429,0.0
000281,Troy Reh,WHP,Whipsnakes,7,LSM,Long Stick Midfield,2022-06-04,2026-07-12,3.0,3.0,1.0,1.0,2.0,0.0,4.0,4,2.0,0.0,0.0,0.0,0.0,0.0,11.0,0.0,7.0,0,0,0,0.0,0.0,0.0,0.0,4.0,49.0,45.0,0.5,1.0,,,,,0.0,0.5,0.42857142857142855,0.42857142857142855,0.14285714285714285,0.14285714285714285,0.2857142857142857,0.0,0.5714285714285714,0.5714285714285714,0.2857142857142857,0.0,0.0,0.0,0.0,0.0,1.5714285714285714,0.0,1.0,0.0,0.0,0.0,0.0,0.0,0.0,0.0,0.5714285714285714,7.0,6.428571428571429,0.5714285714285714
000282,Tyson Bell,ARC,Archers,1,LSM,Long Stick Midfield,2022-06-18,2022-06-18,0.0,0.0,0.0,0.0,0.0,0.0,0.0,0,0.0,0.0,0.0,0.0,0.0,0.0,0.0,1.0,0.0,0,0,0,0.0,0.0,1.0,1.0,0.0,3.0,2.0,,,,,,,,,0.0,0.0,0.0,0.0,0.0,0.0,0.0,0.0,0.0,0.0,0.0,0.0,0.0,0.0,0.0,1.0,0.0,0.0,0.0,0.0,0.0,0.0,1.0,1.0,0.0,3.0,2.0,0.0
000282,Tyson Bell,ATL,Atlas,1,LSM,Long Stick Midfield,2022-06-11,2022-06-11,0.0,0.0,0.0,0.0,0.0,0.0,1.0,0,0.0,0.0,0.0,0.0,0.0,0.0,0.0,0.0,0.0,0,0,0,0.0,0.0,1.0,1.0,0.0,2.0,1.0,0.0,0.0,,,,,,,0.0,0.0,0.0,0.0,0.0,0.0,1.0,0.0,0.0,0.0,0.0,0.0,0.0,0.0,0.0,0.0,0.0,0.0,0.0,0.0,0.0,0.0,1.0,1.0,0.0,2.0,1.0,0.0
000282,Tyson Bell,CHA,Chaos,1,LSM,Long Stick Midfield,2022-07-02,2022-07-02,0.0,0.0,0.0,0.0,0.0,0.0,1.0,0,0.0,0.0,0.0,0.0,0.0,0.0,2.0,0.0,0.0,0,0,0,0.0,0.0,1.0,1.0,0.0,6.0,5.0,0.0,0.0,,,,,,,0.0,0.0,0.0,0.0,0.0,0.0,1.0,0.0,0.0,0.0,0.0,0.0,0.0,0.0,2.0,0.0,0.0,0.0,0.0,0.0,0.0,0.0,1.0,1.0,0.0,6.0,5.0,0.0
000282,Tyson Bell,OUT,Outlaws,1,LSM,Long Stick Midfield,2022-06-25,2022-06-25,0.0,0.0,0.0,0.0,0.0,0.0,0.0,0,0.0,0.0,0.0,0.0,0.0,0.0,2.0,0.0,1.0,0,0,0,0.0,0.0,0.0,0.0,0.0,3.0,3.0,,,,,,,,,0.0,0.0,0.0,0.0,0.0,0.0,0.0,0.0,0.0,0.0,0.0,0.0,0.0,0.0,2.0,0.0,1.0,0.0,0.0,0.0,0.0,0.0,0.0,0.0,0.0,3.0,3.0,0.0
000282,Tyson Bell,WAT,Waterdogs,1,LSM,Long Stick Midfield,2022-06-05,2022-06-05,1.0,1.0,1.0,0.0,1.0,0.0,1.0,1,0.0,0.0,0.0,0.0,0.0,0.0,1.0,1.0,0.0,0,0,0,0.0,0.0,2.0,1.0,0.0,11.0,9.0,1.0,1.0,,,,,,,1.0,1.0,1.0,0.0,1.0,0.0,1.0,1.0,0.0,0.0,0.0,0.0,0.0,0.0,1.0,1.0,0.0,0.0,0.0,0.0,0.0,0.0,2.0,1.0,0.0,11.0,9.0,0.0
000294,John Ranagan,ATL,Atlas,1,M,Midfield,2022-07-02,2022-07-02,1.0,1.0,1.0,0.0,1.0,0.0,2.0,2,0.0,0.0,0.0,0.0,0.0,0.0,0.0,0.0,0.0,0,0,0,0.0,0.0,0.0,0.0,4.0,14.0,12.0,0.5,1.0,,,,,0.0,,1.0,1.0,1.0,0.0,1.0,0.0,2.0,2.0,0.0,0.0,0.0,0.0,0.0,0.0,0.0,0.0,0.0,0.0,0.0,0.0,0.0,0.0,0.0,0.0,4.0,14.0,12.0,4.0
000294,John Ranagan,RED,Redwoods,1,M,Midfield,2022-06-10,2022-06-10,0.0,0.0,0.0,0.0,0.0,0.0,0.0,0,0.0,0.0,0.0,0.0,0.0,0.0,0.0,2.0,0.0,0,0,0,0.0,0.0,0.0,0.0,0.0,9.0,7.0,,,,,,,,,0.0,0.0,0.0,0.0,0.0,0.0,0.0,0.0,0.0,0.0,0.0,0.0,0.0,0.0,0.0,2.0,0.0,0.0,0.0,0.0,0.0,0.0,0.0,0.0,0.0,9.0,7.0,0.0
000294,John Ranagan,WAT,Waterdogs,1,M,Midfield,2022-07-24,2022-07-24,0.0,0.0,0.0,0.0,0.0,0.0,2.0,1,0.0,0.0,0.0,0.0,0.0,0.0,1.0,0.0,0.0,0,0,0,0.0,0.0,0.0,0.0,2.0,13.0,11.0,0.0,0.5,,,,,0.0,,0.0,0.0,0.0,0.0,0.0,0.0,2.0,1.0,0.0,0.0,0.0,0.0,0.0,0.0,1.0,0.0,0.0,0.0,0.0,0.0,0.0,0.0,0.0,0.0,2.0,13.0,11.0,2.0
000295,Jordan MacIntosh,ARC,Archers,3,M,Midfield,2022-06-05,2023-08-12,2.0,2.0,2.0,0.0,2.0,0.0,9.0,4,1.0,0.0,0.0,0.0,0.0,0.0,3.0,5.0,1.0,0,0,0,0.0,0.0,1.0,1.0,2.0,43.0,29.0,0.2222222222222222,0.4444444444444444,,,,,0.0,0.0,0.6666666666666666,0.6666666666666666,0.6666666666666666,0.0,0.6666666666666666,0.0,3.0,1.3333333333333333,0.3333333333333333,0.0,0.0,0.0,0.0,0.0,1.0,1.6666666666666667,0.3333333333333333,0.0,0.0,0.0,0.0,0.0,0.3333333333333333,0.3333333333333333,0.6666666666666666,14.333333333333334,9.666666666666666,0.6666666666666666
000295,Jordan MacIntosh,ATL,Atlas,2,M,Midfield,2022-07-02,2023-07-29,3.0,3.0,1.0,1.0,2.0,0.0,8.0,4,1.0,0.0,0.0,0.0,0.0,0.0,3.0,3.0,0.0,0,0,0,0.0,0.0,0.0,0.0,1.0,30.0,19.0,0.25,0.5,,,,,0.0,1.0,1.5,1.5,0.5,0.5,1.0,0.0,4.0,2.0,0.5,0.0,0.0,0.0,0.0,0.0,1.5,1.5,0.0,0.0,0.0,0.0,0.0,0.0,0.0,0.0,0.5,15.0,9.5,0.5
000295,Jordan MacIntosh,CAN,Cannons,3,M,Midfield,2022-06-25,2023-06-17,5.0,5.0,5.0,0.0,5.0,0.0,12.0,9,0.0,0.0,0.0,0.0,0.0,0.0,3.0,5.0,0.0,0,0,0,0.0,0.0,0.0,0.0,1.0,47.0,30.0,0.4166666666666667,0.75,,,,,0.0,,1.6666666666666667,1.6666666666666667,1.6666666666666667,0.0,1.6666666666666667,0.0,4.0,3.0,0.0,0.0,0.0,0.0,0.0,0.0,1.0,1.6666666666666667,0.0,0.0,0.0,0.0,0.0,0.0,0.0,0.0,0.3333333333333333,15.666666666666666,10.0,0.3333333333333333
000295,Jordan MacIntosh,CHA,Chaos,2,M,Midfield,2022-08-06,2023-08-27,4.0,4.0,4.0,0.0,4.0,0.0,8.0,6,0.0,0.0,0.0,0.0,0.0,0.0,1.0,4.0,0.0,0,0,0,0.0,0.0,0.0,0.0,3.0,51.0,39.0,0.5,0.75,,,,,0.0,,2.0,2.0,2.0,0.0,2.0,0.0,4.0,3.0,0.0,0.0,0.0,0.0,0.0,0.0,0.5,2.0,0.0,0.0,0.0,0.0,0.0,0.0,0.0,0.0,1.5,25.5,19.5,1.5
000295,Jordan MacIntosh,RED,Redwoods,2,M,Midfield,2022-08-20,2023-08-20,2.0,2.0,2.0,0.0,2.0,0.0,7.0,5,0.0,0.0,0.0,0.0,0.0,0.0,1.0,3.0,0.0,0,0,0,0.0,0.0,0.0,0.0,3.0,33.0,23.0,0.2857142857142857,0.7142857142857143,,,,,0.0,,1.0,1.0,1.0,0.0,1.0,0.0,3.5,2.5,0.0,0.0,0.0,0.0,0.0,0.0,0.5,1.5,0.0,0.0,0.0,0.0,0.0,0.0,0.0,0.0,1.5,16.5,11.5,1.5
000295,Jordan MacIntosh,WAT,Waterdogs,3,M,Midfield,2022-06-17,2023-07-08,4.0,2.0,2.0,0.0,2.0,2.0,9.0,7,0.0,0.0,0.0,0.0,0.0,0.0,5.0,5.0,1.0,0,0,0,0.0,0.0,0.0,0.0,5.0,53.0,39.0,0.2222222222222222,0.7777777777777778,,,,,0.4,,1.3333333333333333,0.6666666666666666,0.6666666666666666,0.0,0.6666666666666666,0.6666666666666666,3.0,2.3333333333333335,0.0,0.0,0.0,0.0,0.0,0.0,1.6666666666666667,1.6666666666666667,0.3333333333333333,0.0,0.0,0.0,0.0,0.0,0.0,0.0,1.6666666666666667,17.666666666666668,13.0,1.6666666666666667
000295,Jordan MacIntosh,WHP,Whipsnakes,3,M,Midfield,2022-07-30,2023-08-05,2.0,2.0,2.0,0.0,2.0,0.0,8.0,5,0.0,0.0,0.0,0.0,0.0,0.0,1.0,2.0,0.0,0,0,0,0.0,0.0,0.0,0.0,7.0,41.0,31.0,0.25,0.625,,,,,0.0,,0.6666666666666666,0.6666666666666666,0.6666666666666666,0.0,0.6666666666666666,0.0,2.6666666666666665,1.6666666666666667,0.0,0.0,0.0,0.0,0.0,0.0,0.3333333333333333,0.6666666666666666,0.0,0.0,0.0,0.0,0.0,0.0,0.0,0.0,2.3333333333333335,13.666666666666666,10.333333333333334,2.3333333333333335
000298,Justin Guterding,ARC,Archers,1,M,Midfield,2023-08-05,2023-08-05,0.0,0.0,0.0,0.0,0.0,0.0,1.0,0,0.0,0.0,0.0,0.0,0.0,0.0,0.0,0.0,0.0,0,0,0,0.0,0.0,0.0,0.0,2.0,9.0,8.0,0.0,0.0,,,,,0.0,,0.0,0.0,0.0,0.0,0.0,0.0,1.0,0.0,0.0,0.0,0.0,0.0,0.0,0.0,0.0,0.0,0.0,0.0,0.0,0.0,0.0,0.0,0.0,0.0,2.0,9.0,8.0,2.0
000298,Justin Guterding,ATL,Atlas,1,M,Midfield,2022-06-18,2022-06-18,4.0,1.0,1.0,0.0,1.0,3.0,3.0,3,0.0,0.0,0.0,0.0,0.0,0.0,3.0,4.0,1.0,0,0,0,0.0,0.0,0.0,0.0,9.0,35.0,28.0,0.3333333333333333,1.0,,,,,0.3333333333333333,,4.0,1.0,1.0,0.0,1.0,3.0,3.0,3.0,0.0,0.0,0.0,0.0,0.0,0.0,3.0,4.0,1.0,0.0,0.0,0.0,0.0,0.0,0.0,0.0,9.0,35.0,28.0,9.0
000298,Justin Guterding,CAN,Cannons,1,M,Midfield,2023-07-09,2023-07-09,1.0,0.0,0.0,0.0,0.0,1.0,0.0,0,0.0,0.0,0.0,0.0,0.0,0.0,0.0,0.0,0.0,0,0,0,0.0,0.0,0.0,0.0,3.0,6.0,6.0,,,,,,,0.3333333333333333,,1.0,0.0,0.0,0.0,0.0,1.0,0.0,0.0,0.0,0.0,0.0,0.0,0.0,0.0,0.0,0.0,0.0,0.0,0.0,0.0,0.0,0.0,0.0,0.0,3.0,6.0,6.0,3.0
000298,Justin Guterding,CHA,Chaos,2,M,Midfield,2022-06-04,2022-07-23,5.0,3.0,3.0,0.0,3.0,2.0,10.0,7,0.0,0.0,0.0,0.0,0.0,0.0,1.0,2.0,1.0,0,0,0,0.0,0.0,0.0,0.0,7.0,46.0,34.0,0.3,0.7,,,,,0.2857142857142857,,2.5,1.5,1.5,0.0,1.5,1.0,5.0,3.5,0.0,0.0,0.0,0.0,0.0,0.0,0.5,1.0,0.5,0.0,0.0,0.0,0.0,0.0,0.0,0.0,3.5,23.0,17.0,3.5
000298,Justin Guterding,OUT,Outlaws,2,M,Midfield,2022-07-30,2023-07-29,2.0,0.0,0.0,0.0,0.0,2.0,1.0,0,0.0,0.0,0.0,0.0,0.0,0.0,2.0,1.0,0.0,0,0,0,0.0,0.0,1.0,0.5,4.0,25.0,23.0,0.0,0.0,,,,,0.5,,1.0,0.0,0.0,0.0,0.0,1.0,0.5,0.0,0.0,0.0,0.0,0.0,0.0,0.0,1.0,0.5,0.0,0.0,0.0,0.0,0.0,0.0,0.5,0.25,2.0,12.5,11.5,2.0
000298,Justin Guterding,RED,Redwoods,2,M,Midfield,2022-06-24,2023-08-26,2.0,1.0,1.0,0.0,1.0,1.0,1.0,1,0.0,0.0,0.0,0.0,0.0,0.0,2.0,1.0,0.0,0,0,0,0.0,0.0,0.0,0.0,7.0,39.0,37.0,1.0,1.0,,,,,0.14285714285714285,,1.0,0.5,0.5,0.0,0.5,0.5,0.5,0.5,0.0,0.0,0.0,0.0,0.0,0.0,1.0,0.5,0.0,0.0,0.0,0.0,0.0,0.0,0.0,0.0,3.5,19.5,18.5,3.5
000298,Justin Guterding,WAT,Waterdogs,3,M,Midfield,2022-06-12,2023-08-12,3.0,1.0,1.0,0.0,1.0,2.0,16.0,10,1.0,0.0,0.0,0.0,0.0,0.0,1.0,2.0,0.0,0,0,0,0.0,0.0,0.0,0.0,5.0,56.0,38.0,0.0625,0.625,,,,,0.4,0.0,1.0,0.3333333333333333,0.3333333333333333,0.0,0.3333333333333333,0.6666666666666666,5.333333333333333,3.3333333333333335,0.3333333333333333,0.0,0.0,0.0,0.0,0.0,0.3333333333333333,0.6666666666666666,0.0,0.0,0.0,0.0,0.0,0.0,0.0,0.0,1.6666666666666667,18.666666666666668,12.666666666666666,1.6666666666666667
000302,Michael Manley,ARC,Archers,8,D,Defense,2022-06-05,2026-07-25,1.0,1.0,1.0,0.0,1.0,0.0,5.0,4,2.0,0.0,0.0,0.0,0.0,0.0,21.0,2.0,6.0,0,0,0,0.0,0.0,2.0,2.0,6.0,67.0,60.0,0.2,0.8,,,,,0.0,0.0,0.125,0.125,0.125,0.0,0.125,0.0,0.625,0.5,0.25,0.0,0.0,0.0,0.0,0.0,2.625,0.25,0.75,0.0,0.0,0.0,0.0,0.0,0.25,0.25,0.75,8.375,7.5,0.75
000302,Michael Manley,ATL,Atlas,6,D,Defense,2022-07-02,2026-08-08,1.0,0.0,0.0,0.0,0.0,1.0,6.0,1,2.0,0.0,0.0,0.0,0.0,0.0,6.0,1.0,4.0,0,0,0,0.0,0.0,1.0,1.0,3.0,43.0,36.0,0.0,0.16666666666666666,,,,,0.3333333333333333,0.0,0.16666666666666666,0.0,0.0,0.0,0.0,0.16666666666666666,1.0,0.16666666666666666,0.3333333333333333,0.0,0.0,0.0,0.0,0.0,1.0,0.16666666666666666,0.6666666666666666,0.0,0.0,0.0,0.0,0.0,0.16666666666666666,0.16666666666666666,0.5,7.166666666666667,6.0,0.5
000302,Michael Manley,CAN,Cannons,7,D,Defense,2022-06-25,2026-07-11,0.0,0.0,0.0,0.0,0.0,0.0,3.0,1,2.0,0.0,0.0,0.0,0.0,0.0,14.0,5.0,5.0,0,0,0,0.0,0.0,3.0,3.0,1.0,57.0,49.0,0.0,0.3333333333333333,,,,,0.0,0.0,0.0,0.0,0.0,0.0,0.0,0.0,0.42857142857142855,0.14285714285714285,0.2857142857142857,0.0,0.0,0.0,0.0,0.0,2.0,0.7142857142857143,0.7142857142857143,0.0,0.0,0.0,0.0,0.0,0.42857142857142855,0.42857142857142855,0.14285714285714285,8.142857142857142,7.0,0.14285714285714285
000302,Michael Manley,CHA,Chaos,8,D,Defense,2022-08-06,2026-07-18,4.0,4.0,2.0,1.0,3.0,0.0,4.0,4,1.0,0.0,0.0,0.0,0.0,0.0,8.0,4.0,6.0,0,0,0,0.0,0.0,5.0,4.0,0.0,53.0,45.0,0.75,1.0,,,,,,1.0,0.5,0.5,0.25,0.125,0.375,0.0,0.5,0.5,0.125,0.0,0.0,0.0,0.0,0.0,1.0,0.5,0.75,0.0,0.0,0.0,0.0,0.0,0.625,0.5,0.0,6.625,5.625,0.0
000302,Michael Manley,RED,Redwoods,8,D,Defense,2022-06-10,2026-05-16,1.0,0.0,0.0,0.0,0.0,1.0,5.0,3,5.0,0.0,0.0,0.0,0.0,0.0,18.0,1.0,8.0,0,0,0,0.0,0.0,2.0,2.0,2.0,59.0,53.0,0.0,0.6,,,,,0.5,0.0,0.125,0.0,0.0,0.0,0.0,0.125,0.625,0.375,0.625,0.0,0.0,0.0,0.0,0.0,2.25,0.125,1.0,0.0,0.0,0.0,0.0,0.0,0.25,0.25,0.25,7.375,6.625,0.25
000302,Michael Manley,WAT,Waterdogs,6,D,Defense,2022-06-17,2026-07-26,3.0,1.0,1.0,0.0,1.0,2.0,6.0,2,4.0,0.0,0.0,0.0,0.0,0.0,13.0,3.0,8.0,0,0,0,0.0,0.0,1.0,1.0,3.0,47.0,38.0,0.16666666666666666,0.3333333333333333,,,,,0.6666666666666666,0.0,0.5,0.16666666666666666,0.16666666666666666,0.0,0.16666666666666666,0.3333333333333333,1.0,0.3333333333333333,0.6666666666666666,0.0,0.0,0.0,0.0,0.0,2.1666666666666665,0.5,1.3333333333333333,0.0,0.0,0.0,0.0,0.0,0.16666666666666666,0.16666666666666666,0.5,7.833333333333333,6.333333333333333,0.5
000302,Michael Manley,WHP,Whipsnakes,7,D,Defense,2022-07-30,2026-08-01,1.0,1.0,1.0,0.0,1.0,0.0,5.0,5,3.0,0.0,0.0,0.0,0.0,0.0,25.0,6.0,10.0,0,0,0,0.0,0.0,0.0,0.0,1.0,69.0,58.0,0.2,1.0,,,,,0.0,0.0,0.14285714285714285,0.14285714285714285,0.14285714285714285,0.0,0.14285714285714285,0.0,0.7142857142857143,0.7142857142857143,0.42857142857142855,0.0,0.0,0.0,0.0,0.0,3.5714285714285716,0.8571428571428571,1.4285714285714286,0.0,0.0,0.0,0.0,0.0,0.0,0.0,0.14285714285714285,9.857142857142858,8.285714285714286,0.14285714285714285
000305,Romar Dennis,ARC,Archers,7,M,Midfield,2022-06-26,2026-05-09,6.0,5.0,1.0,2.0,3.0,1.0,29.0,15,15.0,0.0,0.0,0.0,0.0,0.0,4.0,2.0,0.0,0,0,0,0.0,0.0,1.0,0.5,8.0,100.0,69.0,0.10344827586206896,0.5172413793103449,,,,,0.125,0.13333333333333333,0.8571428571428571,0.7142857142857143,0.14285714285714285,0.2857142857142857,0.42857142857142855,0.14285714285714285,4.142857142857143,2.142857142857143,2.142857142857143,0.0,0.0,0.0,0.0,0.0,0.5714285714285714,0.2857142857142857,0.0,0.0,0.0,0.0,0.0,0.0,0.14285714285714285,0.07142857142857142,1.1428571428571428,14.285714285714286,9.857142857142858,1.1428571428571428
000305,Romar Dennis,ATL,Atlas,2,M,Midfield,2023-08-26,2025-07-18,1.0,1.0,1.0,0.0,1.0,0.0,8.0,4,4.0,0.0,0.0,0.0,0.0,0.0,0.0,1.0,0.0,0,0,0,0.0,0.0,0.0,0.0,0.0,45.0,36.0,0.125,0.5,,,,,,0.0,0.5,0.5,0.5,0.0,0.5,0.0,4.0,2.0,2.0,0.0,0.0,0.0,0.0,0.0,0.0,0.5,0.0,0.0,0.0,0.0,0.0,0.0,0.0,0.0,0.0,22.5,18.0,0.0
000305,Romar Dennis,CAN,Cannons,5,M,Midfield,2022-06-11,2025-08-08,6.0,5.0,1.0,2.0,3.0,1.0,27.0,13,12.0,0.0,0.0,0.0,0.0,0.0,5.0,6.0,1.0,0,0,0,0.0,0.0,0.0,0.0,6.0,111.0,78.0,0.1111111111111111,0.48148148148148145,,,,,0.16666666666666666,0.16666666666666666,1.2,1.0,0.2,0.4,0.6,0.2,5.4,2.6,2.4,0.0,0.0,0.0,0.0,0.0,1.0,1.2,0.2,0.0,0.0,0.0,0.0,0.0,0.0,0.0,1.2,22.2,15.6,1.2
000305,Romar Dennis,CHA,Chaos,6,M,Midfield,2022-08-21,2025-07-12,9.0,7.0,1.0,3.0,4.0,2.0,28.0,11,15.0,0.0,0.0,0.0,0.0,0.0,2.0,2.0,2.0,0,0,0,0.0,0.0,0.0,0.0,6.0,117.0,87.0,0.14285714285714285,0.39285714285714285,,,,,0.3333333333333333,0.2,1.5,1.1666666666666667,0.16666666666666666,0.5,0.6666666666666666,0.3333333333333333,4.666666666666667,1.8333333333333333,2.5,0.0,0.0,0.0,0.0,0.0,0.3333333333333333,0.3333333333333333,0.3333333333333333,0.0,0.0,0.0,0.0,0.0,0.0,0.0,1.0,19.5,14.5,1.0
000305,Romar Dennis,OUT,Outlaws,6,M,Midfield,2023-07-29,2026-05-16,7.0,7.0,1.0,3.0,4.0,0.0,30.0,14,22.0,0.0,0.0,0.0,0.0,0.0,3.0,3.0,0.0,0,0,0,0.0,0.0,1.0,0.5,5.0,108.0,75.0,0.13333333333333333,0.4666666666666667,,,,,0.0,0.13636363636363635,1.1666666666666667,1.1666666666666667,0.16666666666666666,0.5,0.6666666666666666,0.0,5.0,2.3333333333333335,3.6666666666666665,0.0,0.0,0.0,0.0,0.0,0.5,0.5,0.0,0.0,0.0,0.0,0.0,0.0,0.16666666666666666,0.08333333333333333,0.8333333333333334,18.0,12.5,0.8333333333333334
000305,Romar Dennis,RED,Redwoods,2,M,Midfield,2022-07-23,2023-06-03,0.0,0.0,0.0,0.0,0.0,0.0,10.0,6,6.0,0.0,0.0,0.0,0.0,0.0,2.0,0.0,0.0,0,0,0,0.0,0.0,0.0,0.0,6.0,31.0,21.0,0.0,0.6,,,,,0.0,0.0,0.0,0.0,0.0,0.0,0.0,0.0,5.0,3.0,3.0,0.0,0.0,0.0,0.0,0.0,1.0,0.0,0.0,0.0,0.0,0.0,0.0,0.0,0.0,0.0,3.0,15.5,10.5,3.0
000305,Romar Dennis,WAT,Waterdogs,4,M,Midfield,2022-08-06,2025-06-28,11.0,11.0,3.0,4.0,7.0,0.0,19.0,14,11.0,0.0,0.0,0.0,0.0,0.0,1.0,3.0,1.0,0,0,0,0.0,0.0,0.0,0.0,0.0,68.0,46.0,0.3684210526315789,0.7368421052631579,,,,,,0.36363636363636365,2.75,2.75,0.75,1.0,1.75,0.0,4.75,3.5,2.75,0.0,0.0,0.0,0.0,0.0,0.25,0.75,0.25,0.0,0.0,0.0,0.0,0.0,0.0,0.0,0.0,17.0,11.5,0.0
000305,Romar Dennis,WHP,Whipsnakes,5,M,Midfield,2022-06-18,2025-08-03,7.0,5.0,1.0,2.0,3.0,2.0,23.0,13,16.0,0.0,0.0,0.0,0.0,0.0,2.0,3.0,3.0,0,0,0,0.0,0.0,1.0,2.0,6.0,67.0,41.0,0.13043478260869565,0.5652173913043478,,,,,0.3333333333333333,0.125,1.4,1.0,0.2,0.4,0.6,0.4,4.6,2.6,3.2,0.0,0.0,0.0,0.0,0.0,0.4,0.6,0.6,0.0,0.0,0.0,0.0,0.0,0.2,0.4,1.2,13.4,8.2,1.2
000308,Will Haus,ARC,Archers,5,SSDM,Defensive Midfield,2022-06-05,2024-08-18,0.0,0.0,0.0,0.0,0.0,0.0,2.0,2,0.0,0.0,0.0,0.0,0.0,0.0,5.0,1.0,0.0,0,0,0,0.0,0.0,2.0,1.0,2.0,31.0,28.0,0.0,1.0,,,,,0.0,,0.0,0.0,0.0,0.0,0.0,0.0,0.4,0.4,0.0,0.0,0.0,0.0,0.0,0.0,1.0,0.2,0.0,0.0,0.0,0.0,0.0,0.0,0.4,0.2,0.4,6.2,5.6,0.4
000308,Will Haus,ATL,Atlas,3,SSDM,Defensive Midfield,2022-07-02,2024-07-06,1.0,1.0,1.0,0.0,1.0,0.0,1.0,1,0.0,0.0,0.0,0.0,0.0,0.0,2.0,1.0,1.0,0,0,0,0.0,0.0,0.0,0.0,0.0,22.0,20.0,1.0,1.0,,,,,,,0.3333333333333333,0.3333333333333333,0.3333333333333333,0.0,0.3333333333333333,0.0,0.3333333333333333,0.3333333333333333,0.0,0.0,0.0,0.0,0.0,0.0,0.6666666666666666,0.3333333333333333,0.3333333333333333,0.0,0.0,0.0,0.0,0.0,0.0,0.0,0.0,7.333333333333333,6.666666666666667,0.0
000308,Will Haus,CAN,Cannons,5,SSDM,Defensive Midfield,2022-06-25,2024-07-27,1.0,1.0,1.0,0.0,1.0,0.0,4.0,3,1.0,0.0,0.0,0.0,0.0,0.0,8.0,2.0,2.0,0,0,0,0.0,0.0,0.0,0.0,3.0,47.0,41.0,0.25,0.75,,,,,0.0,0.0,0.2,0.2,0.2,0.0,0.2,0.0,0.8,0.6,0.2,0.0,0.0,0.0,0.0,0.0,1.6,0.4,0.4,0.0,0.0,0.0,0.0,0.0,0.0,0.0,0.6,9.4,8.2,0.6
000308,Will Haus,CHA,Chaos,3,SSDM,Defensive Midfield,2022-08-06,2024-08-10,1.0,1.0,1.0,0.0,1.0,0.0,1.0,1,0.0,0.0,0.0,0.0,0.0,0.0,1.0,1.0,0.0,0,0,0,0.0,0.0,2.0,1.0,0.0,20.0,18.0,1.0,1.0,,,,,,,0.3333333333333333,0.3333333333333333,0.3333333333333333,0.0,0.3333333333333333,0.0,0.3333333333333333,0.3333333333333333,0.0,0.0,0.0,0.0,0.0,0.0,0.3333333333333333,0.3333333333333333,0.0,0.0,0.0,0.0,0.0,0.0,0.6666666666666666,0.3333333333333333,0.0,6.666666666666667,6.0,0.0
000308,Will Haus,RED,Redwoods,5,SSDM,Defensive Midfield,2022-06-10,2024-08-03,2.0,0.0,0.0,0.0,0.0,2.0,1.0,0,1.0,0.0,0.0,0.0,0.0,0.0,3.0,1.0,3.0,0,0,0,0.0,0.0,2.0,1.0,2.0,29.0,27.0,0.0,0.0,,,,,1.0,0.0,0.4,0.0,0.0,0.0,0.0,0.4,0.2,0.0,0.2,0.0,0.0,0.0,0.0,0.0,0.6,0.2,0.6,0.0,0.0,0.0,0.0,0.0,0.4,0.2,0.4,5.8,5.4,0.4
000308,Will Haus,WAT,Waterdogs,4,SSDM,Defensive Midfield,2022-06-17,2024-07-19,0.0,0.0,0.0,0.0,0.0,0.0,3.0,1,0.0,0.0,0.0,0.0,0.0,0.0,4.0,0.0,1.0,0,0,0,0.0,0.0,1.0,0.5,1.0,29.0,26.0,0.0,0.3333333333333333,,,,,0.0,,0.0,0.0,0.0,0.0,0.0,0.0,0.75,0.25,0.0,0.0,0.0,0.0,0.0,0.0,1.0,0.0,0.25,0.0,0.0,0.0,0.0,0.0,0.25,0.125,0.25,7.25,6.5,0.25
000308,Will Haus,WHP,Whipsnakes,4,SSDM,Defensive Midfield,2022-07-30,2024-08-10,3.0,0.0,0.0,0.0,0.0,3.0,1.0,1,0.0,0.0,0.0,0.0,0.0,0.0,4.0,0.0,2.0,0,2,2,0.0,0.0,0.0,0.0,4.0,19.0,18.0,0.0,1.0,0.0,,,,0.75,,0.75,0.0,0.0,0.0,0.0,0.75,0.25,0.25,0.0,0.0,0.0,0.0,0.0,0.0,1.0,0.0,0.5,0.0,0.5,0.5,0.0,0.0,0.0,0.0,1.0,4.75,4.5,1.0
000310,Brent Adams,CAN,Cannons,1,M,Midfield,2022-06-11,2022-06-11,0.0,0.0,0.0,0.0,0.0,0.0,2.0,0,0.0,0.0,0.0,0.0,0.0,0.0,0.0,0.0,0.0,0,0,0,0.0,0.0,0.0,0.0,0.0,7.0,5.0,0.0,0.0,,,,,,,0.0,0.0,0.0,0.0,0.0,0.0,2.0,0.0,0.0,0.0,0.0,0.0,0.0,0.0,0.0,0.0,0.0,0.0,0.0,0.0,0.0,0.0,0.0,0.0,0.0,7.0,5.0,0.0
000314,Eddy Glazener,ARC,Archers,2,D,Defense,2022-07-01,2023-07-15,0.0,0.0,0.0,0.0,0.0,0.0,0.0,0,0.0,0.0,0.0,0.0,0.0,0.0,5.0,1.0,3.0,0,0,0,0.0,0.0,1.0,0.5,0.0,14.0,13.0,,,,,,,,,0.0,0.0,0.0,0.0,0.0,0.0,0.0,0.0,0.0,0.0,0.0,0.0,0.0,0.0,2.5,0.5,1.5,0.0,0.0,0.0,0.0,0.0,0.5,0.25,0.0,7.0,6.5,0.0
000314,Eddy Glazener,ATL,Atlas,4,D,Defense,2022-06-04,2023-08-26,2.0,2.0,0.0,1.0,1.0,0.0,4.0,3,3.0,0.0,0.0,0.0,0.0,0.0,12.0,3.0,5.0,0,0,0,0.0,0.0,0.0,0.0,1.0,32.0,25.0,0.25,0.75,,,,,0.0,0.3333333333333333,0.5,0.5,0.0,0.25,0.25,0.0,1.0,0.75,0.75,0.0,0.0,0.0,0.0,0.0,3.0,0.75,1.25,0.0,0.0,0.0,0.0,0.0,0.0,0.0,0.25,8.0,6.25,0.25
000314,Eddy Glazener,CAN,Cannons,3,D,Defense,2022-08-06,2023-08-13,3.0,3.0,1.0,1.0,2.0,0.0,4.0,3,2.0,0.0,0.0,0.0,0.0,0.0,3.0,0.0,1.0,0,0,0,0.0,0.0,0.0,0.0,0.0,21.0,17.0,0.5,0.75,,,,,,0.5,1.0,1.0,0.3333333333333333,0.3333333333333333,0.6666666666666666,0.0,1.3333333333333333,1.0,0.6666666666666666,0.0,0.0,0.0,0.0,0.0,1.0,0.0,0.3333333333333333,0.0,0.0,0.0,0.0,0.0,0.0,0.0,0.0,7.0,5.666666666666667,0.0
000314,Eddy Glazener,CHA,Chaos,4,D,Defense,2022-06-18,2023-08-06,0.0,0.0,0.0,0.0,0.0,0.0,1.0,1,1.0,0.0,0.0,0.0,0.0,0.0,6.0,0.0,4.0,0,0,0,0.0,0.0,0.0,0.0,1.0,35.0,34.0,0.0,1.0,,,,,0.0,0.0,0.0,0.0,0.0,0.0,0.0,0.0,0.25,0.25,0.25,0.0,0.0,0.0,0.0,0.0,1.5,0.0,1.0,0.0,0.0,0.0,0.0,0.0,0.0,0.0,0.25,8.75,8.5,0.25
000314,Eddy Glazener,OUT,Outlaws,2,D,Defense,2022-06-10,2023-08-20,0.0,0.0,0.0,0.0,0.0,0.0,1.0,1,1.0,0.0,0.0,0.0,0.0,0.0,2.0,1.0,2.0,0,0,0,0.0,0.0,0.0,0.0,0.0,18.0,16.0,0.0,1.0,,,,,,0.0,0.0,0.0,0.0,0.0,0.0,0.0,0.5,0.5,0.5,0.0,0.0,0.0,0.0,0.0,1.0,0.5,1.0,0.0,0.0,0.0,0.0,0.0,0.0,0.0,0.0,9.0,8.0,0.0
000314,Eddy Glazener,WAT,Waterdogs,2,D,Defense,2022-08-13,2023-06-10,0.0,0.0,0.0,0.0,0.0,0.0,0.0,0,0.0,0.0,0.0,0.0,0.0,0.0,0.0,0.0,0.0,0,0,0,0.0,0.0,1.0,1.0,0.0,5.0,5.0,,,,,,,,,0.0,0.0,0.0,0.0,0.0,0.0,0.0,0.0,0.0,0.0,0.0,0.0,0.0,0.0,0.0,0.0,0.0,0.0,0.0,0.0,0.0,0.0,0.5,0.5,0.0,2.5,2.5,0.0
000314,Eddy Glazener,WHP,Whipsnakes,2,D,Defense,2022-06-24,2023-06-17,0.0,0.0,0.0,0.0,0.0,0.0,2.0,1,2.0,0.0,0.0,0.0,0.0,0.0,2.0,1.0,4.0,0,0,0,0.0,0.0,0.0,0.0,0.0,17.0,14.0,0.0,0.5,,,,,,0.0,0.0,0.0,0.0,0.0,0.0,0.0,1.0,0.5,1.0,0.0,0.0,0.0,0.0,0.0,1.0,0.5,2.0,0.0,0.0,0.0,0.0,0.0,0.0,0.0,0.0,8.5,7.0,0.0
000315,Garrett Epple,ARC,Archers,4,D,Defense,2022-07-01,2025-06-07,0.0,0.0,0.0,0.0,0.0,0.0,0.0,0,0.0,0.0,0.0,0.0,0.0,0.0,11.0,2.0,8.0,0,0,0,0.0,0.0,2.0,1.5,0.0,39.0,37.0,,,,,,,,,0.0,0.0,0.0,0.0,0.0,0.0,0.0,0.0,0.0,0.0,0.0,0.0,0.0,0.0,2.75,0.5,2.0,0.0,0.0,0.0,0.0,0.0,0.5,0.375,0.0,9.75,9.25,0.0
000315,Garrett Epple,ATL,Atlas,8,D,Defense,2022-06-04,2025-07-11,0.0,0.0,0.0,0.0,0.0,0.0,1.0,0,1.0,0.0,0.0,0.0,0.0,0.0,19.0,5.0,18.0,0,0,0,0.0,0.0,5.0,4.0,1.0,68.0,62.0,0.0,0.0,,,,,0.0,0.0,0.0,0.0,0.0,0.0,0.0,0.0,0.125,0.0,0.125,0.0,0.0,0.0,0.0,0.0,2.375,0.625,2.25,0.0,0.0,0.0,0.0,0.0,0.625,0.5,0.125,8.5,7.75,0.125
000315,Garrett Epple,CAN,Cannons,3,D,Defense,2022-08-06,2023-08-13,0.0,0.0,0.0,0.0,0.0,0.0,0.0,0,0.0,0.0,0.0,0.0,0.0,0.0,5.0,1.0,4.0,0,0,0,0.0,0.0,1.0,1.0,1.0,19.0,18.0,,,,,,,0.0,,0.0,0.0,0.0,0.0,0.0,0.0,0.0,0.0,0.0,0.0,0.0,0.0,0.0,0.0,1.6666666666666667,0.3333333333333333,1.3333333333333333,0.0,0.0,0.0,0.0,0.0,0.3333333333333333,0.3333333333333333,0.3333333333333333,6.333333333333333,6.0,0.3333333333333333
000315,Garrett Epple,CHA,Chaos,6,D,Defense,2022-06-18,2025-06-29,1.0,0.0,0.0,0.0,0.0,1.0,1.0,0,1.0,0.0,0.0,0.0,0.0,0.0,14.0,3.0,13.0,0,0,0,0.0,0.0,0.0,0.0,3.0,48.0,44.0,0.0,0.0,,,,,0.3333333333333333,0.0,0.16666666666666666,0.0,0.0,0.0,0.0,0.16666666666666666,0.16666666666666666,0.0,0.16666666666666666,0.0,0.0,0.0,0.0,0.0,2.3333333333333335,0.5,2.1666666666666665,0.0,0.0,0.0,0.0,0.0,0.0,0.0,0.5,8.0,7.333333333333333,0.5
000315,Garrett Epple,OUT,Outlaws,5,D,Defense,2022-06-10,2025-07-19,0.0,0.0,0.0,0.0,0.0,0.0,0.0,0,0.0,0.0,0.0,0.0,0.0,0.0,7.0,0.0,3.0,0,0,0,0.0,0.0,2.0,1.5,0.0,29.0,29.0,,,,,,,,,0.0,0.0,0.0,0.0,0.0,0.0,0.0,0.0,0.0,0.0,0.0,0.0,0.0,0.0,1.4,0.0,0.6,0.0,0.0,0.0,0.0,0.0,0.4,0.3,0.0,5.8,5.8,0.0
000315,Garrett Epple,RED,Redwoods,2,D,Defense,2024-07-05,2025-08-08,0.0,0.0,0.0,0.0,0.0,0.0,0.0,0,0.0,0.0,0.0,0.0,0.0,0.0,3.0,0.0,4.0,0,0,0,0.0,0.0,0.0,0.0,0.0,13.0,13.0,,,,,,,,,0.0,0.0,0.0,0.0,0.0,0.0,0.0,0.0,0.0,0.0,0.0,0.0,0.0,0.0,1.5,0.0,2.0,0.0,0.0,0.0,0.0,0.0,0.0,0.0,0.0,6.5,6.5,0.0
000315,Garrett Epple,WAT,Waterdogs,6,D,Defense,2022-08-13,2025-08-02,0.0,0.0,0.0,0.0,0.0,0.0,1.0,0,1.0,0.0,0.0,0.0,0.0,0.0,13.0,3.0,6.0,0,0,0,0.0,0.0,4.0,4.0,0.0,50.0,46.0,0.0,0.0,,,,,,0.0,0.0,0.0,0.0,0.0,0.0,0.0,0.16666666666666666,0.0,0.16666666666666666,0.0,0.0,0.0,0.0,0.0,2.1666666666666665,0.5,1.0,0.0,0.0,0.0,0.0,0.0,0.6666666666666666,0.6666666666666666,0.0,8.333333333333334,7.666666666666667,0.0
000315,Garrett Epple,WHP,Whipsnakes,6,D,Defense,2022-06-24,2025-08-09,0.0,0.0,0.0,0.0,0.0,0.0,0.0,0,0.0,0.0,0.0,0.0,0.0,0.0,7.0,0.0,13.0,0,0,0,0.0,0.0,0.0,0.0,2.0,50.0,50.0,,,,,,,0.0,,0.0,0.0,0.0,0.0,0.0,0.0,0.0,0.0,0.0,0.0,0.0,0.0,0.0,0.0,1.1666666666666667,0.0,2.1666666666666665,0.0,0.0,0.0,0.0,0.0,0.0,0.0,0.3333333333333333,8.333333333333334,8.333333333333334,0.3333333333333333
000318,Jack Kelly,ARC,Archers,4,G,Goalie,2022-07-01,2024-08-17,0.0,0.0,0.0,0.0,0.0,0.0,0.0,0,0.0,51.0,17.0,34.0,48.0,48.22749765233088,6.0,4.0,0.0,0,0,0,46.0,2.0,0.0,0.0,0.0,67.0,63.0,,,,0.5257731958762887,33.33333333333333,0.17525773195876287,,,0.0,0.0,0.0,0.0,0.0,0.0,0.0,0.0,0.0,12.75,4.25,8.5,12.0,12.05687441308272,1.5,1.0,0.0,0.0,0.0,0.0,11.5,0.5,0.0,0.0,0.0,16.75,15.75,0.0
000318,Jack Kelly,ATL,Atlas,5,G,Goalie,2022-06-04,2024-06-16,0.0,0.0,0.0,0.0,0.0,0.0,0.0,0,0.0,50.0,20.0,30.0,65.0,76.53200568990043,5.0,5.0,3.0,0,0,0,62.0,3.0,0.0,0.0,1.0,53.0,48.0,,,,0.44642857142857145,40.0,0.17857142857142858,0.0,,0.0,0.0,0.0,0.0,0.0,0.0,0.0,0.0,0.0,10.0,4.0,6.0,13.0,15.306401137980085,1.0,1.0,0.6,0.0,0.0,0.0,12.4,0.6,0.0,0.0,0.2,10.6,9.6,0.2
000318,Jack Kelly,CAN,Cannons,4,G,Goalie,2022-08-06,2024-07-05,0.0,0.0,0.0,0.0,0.0,0.0,0.0,0,0.0,50.0,17.0,33.0,50.0,48.41198385594536,8.0,2.0,3.0,0,0,0,48.0,2.0,0.0,0.0,2.0,69.0,67.0,,,,0.5102040816326531,34.0,0.17346938775510204,0.0,,0.0,0.0,0.0,0.0,0.0,0.0,0.0,0.0,0.0,12.5,4.25,8.25,12.5,12.10299596398634,2.0,0.5,0.75,0.0,0.0,0.0,12.0,0.5,0.0,0.0,0.5,17.25,16.75,0.5
000318,Jack Kelly,CHA,Chaos,5,G,Goalie,2022-07-31,2024-07-27,0.0,0.0,0.0,0.0,0.0,0.0,1.0,0,1.0,59.0,26.0,33.0,56.0,56.043887147335425,11.0,1.0,3.0,0,0,0,53.0,3.0,0.0,0.0,1.0,90.0,88.0,0.0,0.0,,0.5267857142857143,44.06779661016949,0.23214285714285715,0.0,0.0,0.0,0.0,0.0,0.0,0.0,0.0,0.2,0.0,0.2,11.8,5.2,6.6,11.2,11.208777429467085,2.2,0.2,0.6,0.0,0.0,0.0,10.6,0.6,0.0,0.0,0.2,18.0,17.6,0.2
000318,Jack Kelly,OUT,Outlaws,4,G,Goalie,2022-08-20,2024-08-03,0.0,0.0,0.0,0.0,0.0,0.0,1.0,1,1.0,32.0,12.0,20.0,44.0,67.84952120383036,7.0,1.0,2.0,0,0,0,41.0,3.0,0.0,0.0,0.0,58.0,56.0,0.0,1.0,,0.4383561643835616,37.5,0.1643835616438356,,0.0,0.0,0.0,0.0,0.0,0.0,0.0,0.25,0.25,0.25,8.0,3.0,5.0,11.0,16.96238030095759,1.75,0.25,0.5,0.0,0.0,0.0,10.25,0.75,0.0,0.0,0.0,14.5,14.0,0.0
000318,Jack Kelly,WAT,Waterdogs,3,G,Goalie,2022-08-13,2024-08-10,0.0,0.0,0.0,0.0,0.0,0.0,0.0,0,0.0,41.0,15.0,26.0,33.0,32.12685125563426,6.0,1.0,2.0,0,0,0,31.0,2.0,0.0,0.0,1.0,39.0,38.0,,,,0.5694444444444444,36.58536585365854,0.20833333333333334,0.0,,0.0,0.0,0.0,0.0,0.0,0.0,0.0,0.0,0.0,13.666666666666666,5.0,8.666666666666666,11.0,10.708950418544752,2.0,0.3333333333333333,0.6666666666666666,0.0,0.0,0.0,10.333333333333334,0.6666666666666666,0.0,0.0,0.3333333333333333,13.0,12.666666666666666,0.3333333333333333
000318,Jack Kelly,WHP,Whipsnakes,2,G,Goalie,2023-06-17,2024-07-28,0.0,0.0,0.0,0.0,0.0,0.0,1.0,0,1.0,29.0,9.0,20.0,36.0,36.0,2.0,1.0,2.0,0,0,0,30.0,6.0,0.0,0.0,1.0,30.0,28.0,0.0,0.0,,0.4915254237288136,31.03448275862069,0.15254237288135594,0.0,0.0,0.0,0.0,0.0,0.0,0.0,0.0,0.5,0.0,0.5,14.5,4.5,10.0,18.0,18.0,1.0,0.5,1.0,0.0,0.0,0.0,15.0,3.0,0.0,0.0,0.5,15.0,14.0,0.5
000319,Jack Near,ATL,Atlas,1,SSDM,Defensive Midfield,2022-06-04,2022-06-04,0.0,0.0,0.0,0.0,0.0,0.0,0.0,0,0.0,0.0,0.0,0.0,0.0,0.0,3.0,0.0,0.0,0,0,0,0.0,0.0,0.0,0.0,0.0,9.0,9.0,,,,,,,,,0.0,0.0,0.0,0.0,0.0,0.0,0.0,0.0,0.0,0.0,0.0,0.0,0.0,0.0,3.0,0.0,0.0,0.0,0.0,0.0,0.0,0.0,0.0,0.0,0.0,9.0,9.0,0.0
000319,Jack Near,CAN,Cannons,1,SSDM,Defensive Midfield,2022-08-06,2022-08-06,0.0,0.0,0.0,0.0,0.0,0.0,0.0,0,0.0,0.0,0.0,0.0,0.0,0.0,1.0,0.0,0.0,0,0,0,0.0,0.0,0.0,0.0,0.0,11.0,11.0,,,,,,,,,0.0,0.0,0.0,0.0,0.0,0.0,0.0,0.0,0.0,0.0,0.0,0.0,0.0,0.0,1.0,0.0,0.0,0.0,0.0,0.0,0.0,0.0,0.0,0.0,0.0,11.0,11.0,0.0
000319,Jack Near,CHA,Chaos,1,SSDM,Defensive Midfield,2022-06-18,2022-06-18,0.0,0.0,0.0,0.0,0.0,0.0,0.0,0,0.0,0.0,0.0,0.0,0.0,0.0,2.0,0.0,0.0,0,0,0,0.0,0.0,0.0,0.0,0.0,9.0,9.0,,,,,,,,,0.0,0.0,0.0,0.0,0.0,0.0,0.0,0.0,0.0,0.0,0.0,0.0,0.0,0.0,2.0,0.0,0.0,0.0,0.0,0.0,0.0,0.0,0.0,0.0,0.0,9.0,9.0,0.0
000319,Jack Near,OUT,Outlaws,2,SSDM,Defensive Midfield,2022-06-10,2022-08-20,0.0,0.0,0.0,0.0,0.0,0.0,0.0,0,0.0,0.0,0.0,0.0,0.0,0.0,1.0,1.0,0.0,0,0,0,0.0,0.0,0.0,0.0,0.0,10.0,9.0,,,,,,,,,0.0,0.0,0.0,0.0,0.0,0.0,0.0,0.0,0.0,0.0,0.0,0.0,0.0,0.0,0.5,0.5,0.0,0.0,0.0,0.0,0.0,0.0,0.0,0.0,0.0,5.0,4.5,0.0
000319,Jack Near,WAT,Waterdogs,1,SSDM,Defensive Midfield,2022-08-13,2022-08-13,0.0,0.0,0.0,0.0,0.0,0.0,0.0,0,0.0,0.0,0.0,0.0,0.0,0.0,1.0,0.0,0.0,0,0,0,0.0,0.0,0.0,0.0,1.0,5.0,5.0,,,,,,,0.0,,0.0,0.0,0.0,0.0,0.0,0.0,0.0,0.0,0.0,0.0,0.0,0.0,0.0,0.0,1.0,0.0,0.0,0.0,0.0,0.0,0.0,0.0,0.0,0.0,1.0,5.0,5.0,1.0
000319,Jack Near,WHP,Whipsnakes,1,SSDM,Defensive Midfield,2022-06-24,2022-06-24,0.0,0.0,0.0,0.0,0.0,0.0,0.0,0,0.0,0.0,0.0,0.0,0.0,0.0,1.0,0.0,0.0,0,0,0,0.0,0.0,0.0,0.0,0.0,2.0,2.0,,,,,,,,,0.0,0.0,0.0,0.0,0.0,0.0,0.0,0.0,0.0,0.0,0.0,0.0,0.0,0.0,1.0,0.0,0.0,0.0,0.0,0.0,0.0,0.0,0.0,0.0,0.0,2.0,2.0,0.0
000322,John Sexton,ARC,Archers,2,LSM,Long Stick Midfield,2022-07-01,2023-07-15,0.0,0.0,0.0,0.0,0.0,0.0,1.0,0,1.0,0.0,0.0,0.0,0.0,0.0,3.0,2.0,0.0,0,0,0,0.0,0.0,0.0,0.0,0.0,9.0,6.0,0.0,0.0,,,,,,0.0,0.0,0.0,0.0,0.0,0.0,0.0,0.5,0.0,0.5,0.0,0.0,0.0,0.0,0.0,1.5,1.0,0.0,0.0,0.0,0.0,0.0,0.0,0.0,0.0,0.0,4.5,3.0,0.0
000322,John Sexton,ATL,Atlas,2,LSM,Long Stick Midfield,2022-07-23,2023-06-03,0.0,0.0,0.0,0.0,0.0,0.0,1.0,0,0.0,0.0,0.0,0.0,0.0,0.0,1.0,1.0,0.0,0,0,0,0.0,0.0,0.0,0.0,1.0,8.0,6.0,0.0,0.0,,,,,0.0,,0.0,0.0,0.0,0.0,0.0,0.0,0.5,0.0,0.0,0.0,0.0,0.0,0.0,0.0,0.5,0.5,0.0,0.0,0.0,0.0,0.0,0.0,0.0,0.0,0.5,4.0,3.0,0.5
000322,John Sexton,CAN,Cannons,3,LSM,Long Stick Midfield,2022-08-06,2023-08-13,0.0,0.0,0.0,0.0,0.0,0.0,0.0,0,0.0,0.0,0.0,0.0,0.0,0.0,2.0,1.0,1.0,0,1,1,0.0,0.0,2.0,1.5,0.0,7.0,6.0,,,0.0,,,,,,0.0,0.0,0.0,0.0,0.0,0.0,0.0,0.0,0.0,0.0,0.0,0.0,0.0,0.0,0.6666666666666666,0.3333333333333333,0.3333333333333333,0.0,0.3333333333333333,0.3333333333333333,0.0,0.0,0.6666666666666666,0.5,0.0,2.3333333333333335,2.0,0.0
000322,John Sexton,CHA,Chaos,3,LSM,Long Stick Midfield,2022-07-31,2023-08-06,0.0,0.0,0.0,0.0,0.0,0.0,1.0,1,1.0,0.0,0.0,0.0,0.0,0.0,7.0,1.0,4.0,0,0,0,0.0,0.0,1.0,1.0,2.0,15.0,13.0,0.0,1.0,,,,,0.0,0.0,0.0,0.0,0.0,0.0,0.0,0.0,0.3333333333333333,0.3333333333333333,0.3333333333333333,0.0,0.0,0.0,0.0,0.0,2.3333333333333335,0.3333333333333333,1.3333333333333333,0.0,0.0,0.0,0.0,0.0,0.3333333333333333,0.3333333333333333,0.6666666666666666,5.0,4.333333333333333,0.6666666666666666
000322,John Sexton,OUT,Outlaws,1,LSM,Long Stick Midfield,2022-08-20,2022-08-20,0.0,0.0,0.0,0.0,0.0,0.0,1.0,0,1.0,0.0,0.0,0.0,0.0,0.0,1.0,0.0,1.0,0,1,1,0.0,0.0,0.0,0.0,0.0,2.0,1.0,0.0,0.0,0.0,,,,,0.0,0.0,0.0,0.0,0.0,0.0,0.0,1.0,0.0,1.0,0.0,0.0,0.0,0.0,0.0,1.0,0.0,1.0,0.0,1.0,1.0,0.0,0.0,0.0,0.0,0.0,2.0,1.0,0.0
000322,John Sexton,WAT,Waterdogs,2,LSM,Long Stick Midfield,2022-08-13,2023-06-10,2.0,1.0,1.0,0.0,1.0,1.0,1.0,1,0.0,0.0,0.0,0.0,0.0,0.0,4.0,1.0,1.0,0,1,1,0.0,0.0,0.0,0.0,2.0,11.0,9.0,1.0,1.0,0.0,,,,0.5,,1.0,0.5,0.5,0.0,0.5,0.5,0.5,0.5,0.0,0.0,0.0,0.0,0.0,0.0,2.0,0.5,0.5,0.0,0.5,0.5,0.0,0.0,0.0,0.0,1.0,5.5,4.5,1.0
000322,John Sexton,WHP,Whipsnakes,2,LSM,Long Stick Midfield,2022-06-24,2023-06-17,1.0,0.0,0.0,0.0,0.0,1.0,3.0,2,3.0,0.0,0.0,0.0,0.0,0.0,4.0,0.0,0.0,0,0,0,0.0,0.0,0.0,0.0,1.0,7.0,4.0,0.0,0.6666666666666666,,,,,1.0,0.0,0.5,0.0,0.0,0.0,0.0,0.5,1.5,1.0,1.5,0.0,0.0,0.0,0.0,0.0,2.0,0.0,0.0,0.0,0.0,0.0,0.0,0.0,0.0,0.0,0.5,3.5,2.0,0.5
000327,Matt Kavanagh,ARC,Archers,2,A,Attack,2022-07-01,2023-06-03,2.0,2.0,2.0,0.0,2.0,0.0,9.0,7,0.0,0.0,0.0,0.0,0.0,0.0,4.0,3.0,1.0,0,0,0,0.0,0.0,0.0,0.0,4.0,60.0,48.0,0.2222222222222222,0.7777777777777778,,,,,0.0,,1.0,1.0,1.0,0.0,1.0,0.0,4.5,3.5,0.0,0.0,0.0,0.0,0.0,0.0,2.0,1.5,0.5,0.0,0.0,0.0,0.0,0.0,0.0,0.0,2.0,30.0,24.0,2.0
000327,Matt Kavanagh,ATL,Atlas,5,A,Attack,2022-06-04,2024-07-20,12.0,5.0,5.0,0.0,5.0,7.0,25.0,14,0.0,0.0,0.0,0.0,0.0,0.0,5.0,11.0,5.0,0,0,0,0.0,0.0,2.0,1.5,19.0,126.0,90.0,0.2,0.56,,,,,0.3684210526315789,,2.4,1.0,1.0,0.0,1.0,1.4,5.0,2.8,0.0,0.0,0.0,0.0,0.0,0.0,1.0,2.2,1.0,0.0,0.0,0.0,0.0,0.0,0.4,0.3,3.8,25.2,18.0,3.8
000327,Matt Kavanagh,CAN,Cannons,1,A,Attack,2022-08-06,2022-08-06,1.0,1.0,1.0,0.0,1.0,0.0,6.0,3,0.0,0.0,0.0,0.0,0.0,0.0,3.0,4.0,1.0,0,0,0,0.0,0.0,0.0,0.0,1.0,33.0,23.0,0.16666666666666666,0.5,,,,,0.0,,1.0,1.0,1.0,0.0,1.0,0.0,6.0,3.0,0.0,0.0,0.0,0.0,0.0,0.0,3.0,4.0,1.0,0.0,0.0,0.0,0.0,0.0,0.0,0.0,1.0,33.0,23.0,1.0
000327,Matt Kavanagh,CHA,Chaos,3,A,Attack,2022-06-18,2023-06-10,4.0,2.0,2.0,0.0,2.0,2.0,15.0,7,0.0,0.0,0.0,0.0,0.0,0.0,5.0,4.0,1.0,0,0,0,0.0,0.0,1.0,0.5,9.0,102.0,83.0,0.13333333333333333,0.4666666666666667,,,,,0.2222222222222222,,1.3333333333333333,0.6666666666666666,0.6666666666666666,0.0,0.6666666666666666,0.6666666666666666,5.0,2.3333333333333335,0.0,0.0,0.0,0.0,0.0,0.0,1.6666666666666667,1.3333333333333333,0.3333333333333333,0.0,0.0,0.0,0.0,0.0,0.3333333333333333,0.16666666666666666,3.0,34.0,27.666666666666668,3.0
000327,Matt Kavanagh,OUT,Outlaws,4,A,Attack,2022-06-10,2023-07-15,8.0,6.0,6.0,0.0,6.0,2.0,25.0,12,0.0,0.0,0.0,0.0,0.0,0.0,10.0,4.0,0.0,0,0,0,0.0,0.0,2.0,1.5,16.0,109.0,80.0,0.24,0.48,,,,,0.125,,2.0,1.5,1.5,0.0,1.5,0.5,6.25,3.0,0.0,0.0,0.0,0.0,0.0,0.0,2.5,1.0,0.0,0.0,0.0,0.0,0.0,0.0,0.5,0.375,4.0,27.25,20.0,4.0
000327,Matt Kavanagh,RED,Redwoods,3,A,Attack,2023-07-30,2024-07-05,7.0,3.0,3.0,0.0,3.0,4.0,17.0,7,0.0,0.0,0.0,0.0,0.0,0.0,4.0,6.0,0.0,0,0,0,0.0,0.0,0.0,0.0,9.0,90.0,67.0,0.17647058823529413,0.4117647058823529,,,,,0.4444444444444444,,2.3333333333333335,1.0,1.0,0.0,1.0,1.3333333333333333,5.666666666666667,2.3333333333333335,0.0,0.0,0.0,0.0,0.0,0.0,1.3333333333333333,2.0,0.0,0.0,0.0,0.0,0.0,0.0,0.0,0.0,3.0,30.0,22.333333333333332,3.0
000327,Matt Kavanagh,WAT,Waterdogs,4,A,Attack,2022-08-13,2024-07-06,10.0,8.0,6.0,1.0,7.0,2.0,21.0,15,2.0,0.0,0.0,0.0,0.0,0.0,3.0,8.0,0.0,0,0,0,0.0,0.0,0.0,0.0,6.0,100.0,71.0,0.3333333333333333,0.7142857142857143,,,,,0.3333333333333333,0.5,2.5,2.0,1.5,0.25,1.75,0.5,5.25,3.75,0.5,0.0,0.0,0.0,0.0,0.0,0.75,2.0,0.0,0.0,0.0,0.0,0.0,0.0,0.0,0.0,1.5,25.0,17.75,1.5
000327,Matt Kavanagh,WHP,Whipsnakes,2,A,Attack,2022-06-24,2024-06-08,2.0,1.0,1.0,0.0,1.0,1.0,8.0,4,0.0,0.0,0.0,0.0,0.0,0.0,5.0,1.0,0.0,0,0,0,0.0,0.0,0.0,0.0,4.0,60.0,51.0,0.125,0.5,,,,,0.25,,1.0,0.5,0.5,0.0,0.5,0.5,4.0,2.0,0.0,0.0,0.0,0.0,0.0,0.0,2.5,0.5,0.0,0.0,0.0,0.0,0.0,0.0,0.0,0.0,2.0,30.0,25.5,2.0
000331,Patrick Harbeson,ARC,Archers,1,SSDM,Defensive Midfield,2022-07-01,2022-07-01,0.0,0.0,0.0,0.0,0.0,0.0,0.0,0,0.0,0.0,0.0,0.0,0.0,0.0,0.0,0.0,0.0,0,0,0,0.0,0.0,0.0,0.0,0.0,7.0,7.0,,,,,,,,,0.0,0.0,0.0,0.0,0.0,0.0,0.0,0.0,0.0,0.0,0.0,0.0,0.0,0.0,0.0,0.0,0.0,0.0,0.0,0.0,0.0,0.0,0.0,0.0,0.0,7.0,7.0,0.0
000331,Patrick Harbeson,ATL,Atlas,1,SSDM,Defensive Midfield,2022-07-23,2022-07-23,1.0,0.0,0.0,0.0,0.0,1.0,0.0,0,0.0,0.0,0.0,0.0,0.0,0.0,0.0,0.0,0.0,0,0,0,0.0,0.0,0.0,0.0,1.0,8.0,8.0,,,,,,,1.0,,1.0,0.0,0.0,0.0,0.0,1.0,0.0,0.0,0.0,0.0,0.0,0.0,0.0,0.0,0.0,0.0,0.0,0.0,0.0,0.0,0.0,0.0,0.0,0.0,1.0,8.0,8.0,1.0
000331,Patrick Harbeson,CHA,Chaos,1,SSDM,Defensive Midfield,2022-07-31,2022-07-31,0.0,0.0,0.0,0.0,0.0,0.0,1.0,1,0.0,0.0,0.0,0.0,0.0,0.0,2.0,0.0,0.0,0,0,0,0.0,0.0,0.0,0.0,0.0,8.0,7.0,0.0,1.0,,,,,,,0.0,0.0,0.0,0.0,0.0,0.0,1.0,1.0,0.0,0.0,0.0,0.0,0.0,0.0,2.0,0.0,0.0,0.0,0.0,0.0,0.0,0.0,0.0,0.0,0.0,8.0,7.0,0.0
000333,Sergio Perkovic,ARC,Archers,5,M,Midfield,2022-07-01,2025-08-09,1.0,1.0,1.0,0.0,1.0,0.0,15.0,8,4.0,0.0,0.0,0.0,0.0,0.0,3.0,8.0,0.0,0,0,0,0.0,0.0,2.0,1.0,3.0,68.0,45.0,0.06666666666666667,0.5333333333333333,,,,,0.0,0.0,0.2,0.2,0.2,0.0,0.2,0.0,3.0,1.6,0.8,0.0,0.0,0.0,0.0,0.0,0.6,1.6,0.0,0.0,0.0,0.0,0.0,0.0,0.4,0.2,0.6,13.6,9.0,0.6
000333,Sergio Perkovic,ATL,Atlas,4,M,Midfield,2022-06-04,2024-06-08,6.0,6.0,2.0,2.0,4.0,0.0,12.0,8,5.0,0.0,0.0,0.0,0.0,0.0,2.0,3.0,3.0,0,0,0,0.0,0.0,0.0,0.0,3.0,73.0,58.0,0.3333333333333333,0.6666666666666666,,,,,0.0,0.4,1.5,1.5,0.5,0.5,1.0,0.0,3.0,2.0,1.25,0.0,0.0,0.0,0.0,0.0,0.5,0.75,0.75,0.0,0.0,0.0,0.0,0.0,0.0,0.0,0.75,18.25,14.5,0.75
000333,Sergio Perkovic,CAN,Cannons,4,M,Midfield,2022-08-06,2025-06-29,4.0,4.0,2.0,1.0,3.0,0.0,16.0,8,9.0,0.0,0.0,0.0,0.0,0.0,1.0,1.0,0.0,0,0,0,0.0,0.0,0.0,0.0,8.0,69.0,52.0,0.1875,0.5,,,,,0.0,0.1111111111111111,1.0,1.0,0.5,0.25,0.75,0.0,4.0,2.0,2.25,0.0,0.0,0.0,0.0,0.0,0.25,0.25,0.0,0.0,0.0,0.0,0.0,0.0,0.0,0.0,2.0,17.25,13.0,2.0
000333,Sergio Perkovic,CHA,Chaos,3,M,Midfield,2022-06-18,2023-07-09,1.0,1.0,1.0,0.0,1.0,0.0,10.0,5,2.0,0.0,0.0,0.0,0.0,0.0,1.0,0.0,0.0,0,0,0,0.0,0.0,0.0,0.0,5.0,57.0,47.0,0.1,0.5,,,,,0.0,0.0,0.3333333333333333,0.3333333333333333,0.3333333333333333,0.0,0.3333333333333333,0.0,3.3333333333333335,1.6666666666666667,0.6666666666666666,0.0,0.0,0.0,0.0,0.0,0.3333333333333333,0.0,0.0,0.0,0.0,0.0,0.0,0.0,0.0,0.0,1.6666666666666667,19.0,15.666666666666666,1.6666666666666667
000333,Sergio Perkovic,OUT,Outlaws,4,M,Midfield,2022-08-20,2025-08-02,9.0,8.0,6.0,1.0,7.0,1.0,19.0,13,6.0,0.0,0.0,0.0,0.0,0.0,2.0,2.0,1.0,0,0,0,0.0,0.0,0.0,0.0,3.0,80.0,59.0,0.3684210526315789,0.6842105263157895,,,,,0.3333333333333333,0.16666666666666666,2.25,2.0,1.5,0.25,1.75,0.25,4.75,3.25,1.5,0.0,0.0,0.0,0.0,0.0,0.5,0.5,0.25,0.0,0.0,0.0,0.0,0.0,0.0,0.0,0.75,20.0,14.75,0.75
000333,Sergio Perkovic,RED,Redwoods,2,M,Midfield,2024-06-07,2025-07-12,0.0,0.0,0.0,0.0,0.0,0.0,8.0,4,4.0,0.0,0.0,0.0,0.0,0.0,1.0,2.0,0.0,0,0,0,0.0,0.0,0.0,0.0,0.0,39.0,29.0,0.0,0.5,,,,,,0.0,0.0,0.0,0.0,0.0,0.0,0.0,4.0,2.0,2.0,0.0,0.0,0.0,0.0,0.0,0.5,1.0,0.0,0.0,0.0,0.0,0.0,0.0,0.0,0.0,0.0,19.5,14.5,0.0
000333,Sergio Perkovic,WAT,Waterdogs,3,M,Midfield,2022-08-13,2025-07-26,1.0,0.0,0.0,0.0,0.0,1.0,14.0,4,3.0,0.0,0.0,0.0,0.0,0.0,5.0,3.0,1.0,0,0,0,0.0,0.0,3.0,4.0,5.0,68.0,51.0,0.0,0.2857142857142857,,,,,0.2,0.0,0.3333333333333333,0.0,0.0,0.0,0.0,0.3333333333333333,4.666666666666667,1.3333333333333333,1.0,0.0,0.0,0.0,0.0,0.0,1.6666666666666667,1.0,0.3333333333333333,0.0,0.0,0.0,0.0,0.0,1.0,1.3333333333333333,1.6666666666666667,22.666666666666668,17.0,1.6666666666666667
000333,Sergio Perkovic,WHP,Whipsnakes,3,M,Midfield,2022-06-24,2025-06-22,3.0,3.0,1.0,1.0,2.0,0.0,13.0,8,1.0,0.0,0.0,0.0,0.0,0.0,1.0,3.0,1.0,0,0,0,0.0,0.0,0.0,0.0,2.0,41.0,25.0,0.15384615384615385,0.6153846153846154,,,,,0.0,1.0,1.0,1.0,0.3333333333333333,0.3333333333333333,0.6666666666666666,0.0,4.333333333333333,2.6666666666666665,0.3333333333333333,0.0,0.0,0.0,0.0,0.0,0.3333333333333333,1.0,0.3333333333333333,0.0,0.0,0.0,0.0,0.0,0.0,0.0,0.6666666666666666,13.666666666666666,8.333333333333334,0.6666666666666666
000337,Bryce Young,ARC,Archers,5,D,Defense,2022-08-06,2025-06-07,0.0,0.0,0.0,0.0,0.0,0.0,2.0,0,2.0,0.0,0.0,0.0,0.0,0.0,8.0,1.0,2.0,0,0,0,0.0,0.0,3.0,2.5,0.0,28.0,25.0,0.0,0.0,,,,,,0.0,0.0,0.0,0.0,0.0,0.0,0.0,0.4,0.0,0.4,0.0,0.0,0.0,0.0,0.0,1.6,0.2,0.4,0.0,0.0,0.0,0.0,0.0,0.6,0.5,0.0,5.6,5.0,0.0
000337,Bryce Young,ATL,Atlas,7,D,Defense,2022-06-18,2025-07-11,0.0,0.0,0.0,0.0,0.0,0.0,1.0,0,1.0,0.0,0.0,0.0,0.0,0.0,10.0,2.0,4.0,0,0,0,0.0,0.0,0.0,0.0,1.0,46.0,43.0,0.0,0.0,,,,,0.0,0.0,0.0,0.0,0.0,0.0,0.0,0.0,0.14285714285714285,0.0,0.14285714285714285,0.0,0.0,0.0,0.0,0.0,1.4285714285714286,0.2857142857142857,0.5714285714285714,0.0,0.0,0.0,0.0,0.0,0.0,0.0,0.14285714285714285,6.571428571428571,6.142857142857143,0.14285714285714285
000337,Bryce Young,CAN,Cannons,2,D,Defense,2022-08-21,2023-08-26,0.0,0.0,0.0,0.0,0.0,0.0,0.0,0,0.0,0.0,0.0,0.0,0.0,0.0,3.0,0.0,3.0,0,0,0,0.0,0.0,0.0,0.0,1.0,9.0,9.0,,,,,,,0.0,,0.0,0.0,0.0,0.0,0.0,0.0,0.0,0.0,0.0,0.0,0.0,0.0,0.0,0.0,1.5,0.0,1.5,0.0,0.0,0.0,0.0,0.0,0.0,0.0,0.5,4.5,4.5,0.5
000337,Bryce Young,CHA,Chaos,6,D,Defense,2022-06-04,2025-06-29,0.0,0.0,0.0,0.0,0.0,0.0,0.0,0,0.0,0.0,0.0,0.0,0.0,0.0,10.0,2.0,8.0,0,0,0,0.0,0.0,1.0,1.0,0.0,29.0,27.0,,,,,,,,,0.0,0.0,0.0,0.0,0.0,0.0,0.0,0.0,0.0,0.0,0.0,0.0,0.0,0.0,1.6666666666666667,0.3333333333333333,1.3333333333333333,0.0,0.0,0.0,0.0,0.0,0.16666666666666666,0.16666666666666666,0.0,4.833333333333333,4.5,0.0
000337,Bryce Young,OUT,Outlaws,5,D,Defense,2022-07-30,2025-07-19,0.0,0.0,0.0,0.0,0.0,0.0,0.0,0,0.0,0.0,0.0,0.0,0.0,0.0,5.0,1.0,5.0,0,0,0,0.0,0.0,3.0,3.5,0.0,24.0,23.0,,,,,,,,,0.0,0.0,0.0,0.0,0.0,0.0,0.0,0.0,0.0,0.0,0.0,0.0,0.0,0.0,1.0,0.2,1.0,0.0,0.0,0.0,0.0,0.0,0.6,0.7,0.0,4.8,4.6,0.0
000337,Bryce Young,RED,Redwoods,4,D,Defense,2022-06-24,2025-08-08,1.0,1.0,1.0,0.0,1.0,0.0,1.0,1,0.0,0.0,0.0,0.0,0.0,0.0,9.0,4.0,1.0,0,0,0,0.0,0.0,1.0,2.0,0.0,21.0,16.0,1.0,1.0,,,,,,,0.25,0.25,0.25,0.0,0.25,0.0,0.25,0.25,0.0,0.0,0.0,0.0,0.0,0.0,2.25,1.0,0.25,0.0,0.0,0.0,0.0,0.0,0.25,0.5,0.0,5.25,4.0,0.0
000337,Bryce Young,WAT,Waterdogs,7,D,Defense,2022-06-12,2025-08-02,0.0,0.0,0.0,0.0,0.0,0.0,0.0,0,0.0,0.0,0.0,0.0,0.0,0.0,5.0,3.0,5.0,0,0,0,0.0,0.0,5.0,4.5,0.0,29.0,26.0,,,,,,,,,0.0,0.0,0.0,0.0,0.0,0.0,0.0,0.0,0.0,0.0,0.0,0.0,0.0,0.0,0.7142857142857143,0.42857142857142855,0.7142857142857143,0.0,0.0,0.0,0.0,0.0,0.7142857142857143,0.6428571428571429,0.0,4.142857142857143,3.7142857142857144,0.0
000337,Bryce Young,WHP,Whipsnakes,4,D,Defense,2024-06-08,2025-08-09,0.0,0.0,0.0,0.0,0.0,0.0,0.0,0,0.0,0.0,0.0,0.0,0.0,0.0,8.0,2.0,2.0,0,0,0,0.0,0.0,0.0,0.0,0.0,21.0,19.0,,,,,,,,,0.0,0.0,0.0,0.0,0.0,0.0,0.0,0.0,0.0,0.0,0.0,0.0,0.0,0.0,2.0,0.5,0.5,0.0,0.0,0.0,0.0,0.0,0.0,0.0,0.0,5.25,4.75,0.0
000339,Connor Kelly,ARC,Archers,5,M,Midfield,2022-08-21,2026-07-18,8.0,7.0,5.0,1.0,6.0,1.0,26.0,14,5.0,0.0,0.0,0.0,0.0,0.0,1.0,8.0,0.0,0,0,0,0.0,0.0,0.0,0.0,6.0,97.0,63.0,0.23076923076923078,0.5384615384615384,,,,,0.16666666666666666,0.2,1.6,1.4,1.0,0.2,1.2,0.2,5.2,2.8,1.0,0.0,0.0,0.0,0.0,0.0,0.2,1.6,0.0,0.0,0.0,0.0,0.0,0.0,0.0,0.0,1.2,19.4,12.6,1.2
000339,Connor Kelly,ATL,Atlas,7,M,Midfield,2022-08-06,2025-08-09,19.0,18.0,8.0,5.0,13.0,1.0,38.0,22,21.0,0.0,0.0,0.0,0.0,0.0,7.0,13.0,0.0,0,0,0,0.0,0.0,2.0,1.5,6.0,160.0,109.0,0.34210526315789475,0.5789473684210527,,,,,0.16666666666666666,0.23809523809523808,2.7142857142857144,2.5714285714285716,1.1428571428571428,0.7142857142857143,1.8571428571428572,0.14285714285714285,5.428571428571429,3.142857142857143,3.0,0.0,0.0,0.0,0.0,0.0,1.0,1.8571428571428572,0.0,0.0,0.0,0.0,0.0,0.0,0.2857142857142857,0.21428571428571427,0.8571428571428571,22.857142857142858,15.571428571428571,0.8571428571428571
000339,Connor Kelly,CAN,Cannons,9,M,Midfield,2022-06-05,2026-06-07,11.0,9.0,7.0,1.0,8.0,2.0,54.0,27,19.0,0.0,0.0,0.0,0.0,0.0,5.0,12.0,1.0,0,0,0,0.0,0.0,0.0,0.0,17.0,242.0,176.0,0.14814814814814814,0.5,,,,,0.11764705882352941,0.05263157894736842,1.2222222222222223,1.0,0.7777777777777778,0.1111111111111111,0.8888888888888888,0.2222222222222222,6.0,3.0,2.111111111111111,0.0,0.0,0.0,0.0,0.0,0.5555555555555556,1.3333333333333333,0.1111111111111111,0.0,0.0,0.0,0.0,0.0,0.0,0.0,1.8888888888888888,26.88888888888889,19.555555555555557,1.8888888888888888
000339,Connor Kelly,CHA,Chaos,6,M,Midfield,2022-06-25,2026-05-31,17.0,15.0,5.0,5.0,10.0,2.0,41.0,17,13.0,0.0,0.0,0.0,0.0,0.0,5.0,7.0,0.0,0,0,0,0.0,0.0,0.0,0.0,8.0,179.0,131.0,0.24390243902439024,0.4146341463414634,,,,,0.25,0.38461538461538464,2.8333333333333335,2.5,0.8333333333333334,0.8333333333333334,1.6666666666666667,0.3333333333333333,6.833333333333333,2.8333333333333335,2.1666666666666665,0.0,0.0,0.0,0.0,0.0,0.8333333333333334,1.1666666666666667,0.0,0.0,0.0,0.0,0.0,0.0,0.0,0.0,1.3333333333333333,29.833333333333332,21.833333333333332,1.3333333333333333
000339,Connor Kelly,OUT,Outlaws,4,M,Midfield,2022-06-17,2025-06-14,12.0,7.0,5.0,1.0,6.0,5.0,29.0,18,6.0,0.0,0.0,0.0,0.0,0.0,8.0,6.0,1.0,0,0,0,0.0,0.0,0.0,0.0,9.0,105.0,70.0,0.20689655172413793,0.6206896551724138,,,,,0.5555555555555556,0.16666666666666666,3.0,1.75,1.25,0.25,1.5,1.25,7.25,4.5,1.5,0.0,0.0,0.0,0.0,0.0,2.0,1.5,0.25,0.0,0.0,0.0,0.0,0.0,0.0,0.0,2.25,26.25,17.5,2.25
000339,Connor Kelly,RED,Redwoods,3,M,Midfield,2022-08-13,2025-06-28,7.0,4.0,2.0,1.0,3.0,3.0,20.0,10,5.0,0.0,0.0,0.0,0.0,0.0,7.0,3.0,1.0,0,0,0,0.0,0.0,0.0,0.0,9.0,78.0,55.0,0.15,0.5,,,,,0.3333333333333333,0.2,2.3333333333333335,1.3333333333333333,0.6666666666666666,0.3333333333333333,1.0,1.0,6.666666666666667,3.3333333333333335,1.6666666666666667,0.0,0.0,0.0,0.0,0.0,2.3333333333333335,1.0,0.3333333333333333,0.0,0.0,0.0,0.0,0.0,0.0,0.0,3.0,26.0,18.333333333333332,3.0
000339,Connor Kelly,WHP,Whipsnakes,7,M,Midfield,2022-06-12,2026-05-09,8.0,8.0,4.0,2.0,6.0,0.0,36.0,15,10.0,0.0,0.0,0.0,0.0,0.0,4.0,4.0,2.0,0,0,0,0.0,0.0,0.0,0.0,7.0,135.0,95.0,0.16666666666666666,0.4166666666666667,,,,,0.0,0.2,1.1428571428571428,1.1428571428571428,0.5714285714285714,0.2857142857142857,0.8571428571428571,0.0,5.142857142857143,2.142857142857143,1.4285714285714286,0.0,0.0,0.0,0.0,0.0,0.5714285714285714,0.5714285714285714,0.2857142857142857,0.0,0.0,0.0,0.0,0.0,0.0,0.0,1.0,19.285714285714285,13.571428571428571,1.0
000345,Jake Bernhardt,ARC,Archers,5,SSDM,Defensive Midfield,2022-08-06,2025-05-31,1.0,1.0,1.0,0.0,1.0,0.0,3.0,1,0.0,0.0,0.0,0.0,0.0,0.0,4.0,0.0,1.0,2,1,3,0.0,0.0,0.0,0.0,1.0,25.0,22.0,0.3333333333333333,0.3333333333333333,0.6666666666666666,,,,0.0,,0.2,0.2,0.2,0.0,0.2,0.0,0.6,0.2,0.0,0.0,0.0,0.0,0.0,0.0,0.8,0.0,0.2,0.4,0.2,0.6,0.0,0.0,0.0,0.0,0.2,5.0,4.4,0.2
000345,Jake Bernhardt,ATL,Atlas,7,SSDM,Defensive Midfield,2022-06-18,2026-05-16,1.0,1.0,1.0,0.0,1.0,0.0,4.0,2,1.0,0.0,0.0,0.0,0.0,0.0,3.0,1.0,2.0,0,6,6,0.0,0.0,1.0,0.5,0.0,37.0,32.0,0.25,0.5,0.0,,,,,0.0,0.14285714285714285,0.14285714285714285,0.14285714285714285,0.0,0.14285714285714285,0.0,0.5714285714285714,0.2857142857142857,0.14285714285714285,0.0,0.0,0.0,0.0,0.0,0.42857142857142855,0.14285714285714285,0.2857142857142857,0.0,0.8571428571428571,0.8571428571428571,0.0,0.0,0.14285714285714285,0.07142857142857142,0.0,5.285714285714286,4.571428571428571,0.0
000345,Jake Bernhardt,CAN,Cannons,5,SSDM,Defensive Midfield,2022-08-21,2025-08-09,0.0,0.0,0.0,0.0,0.0,0.0,0.0,0,0.0,0.0,0.0,0.0,0.0,0.0,2.0,1.0,0.0,0,5,5,0.0,0.0,0.0,0.0,2.0,19.0,18.0,,,0.0,,,,0.0,,0.0,0.0,0.0,0.0,0.0,0.0,0.0,0.0,0.0,0.0,0.0,0.0,0.0,0.0,0.4,0.2,0.0,0.0,1.0,1.0,0.0,0.0,0.0,0.0,0.4,3.8,3.6,0.4
000345,Jake Bernhardt,CHA,Chaos,6,SSDM,Defensive Midfield,2022-06-04,2025-06-22,1.0,0.0,0.0,0.0,0.0,1.0,5.0,2,2.0,0.0,0.0,0.0,0.0,0.0,3.0,0.0,1.0,0,2,2,0.0,0.0,1.0,0.5,4.0,39.0,34.0,0.0,0.4,0.0,,,,0.25,0.0,0.16666666666666666,0.0,0.0,0.0,0.0,0.16666666666666666,0.8333333333333334,0.3333333333333333,0.3333333333333333,0.0,0.0,0.0,0.0,0.0,0.5,0.0,0.16666666666666666,0.0,0.3333333333333333,0.3333333333333333,0.0,0.0,0.16666666666666666,0.08333333333333333,0.6666666666666666,6.5,5.666666666666667,0.6666666666666666
000345,Jake Bernhardt,OUT,Outlaws,4,SSDM,Defensive Midfield,2022-07-30,2025-07-13,0.0,0.0,0.0,0.0,0.0,0.0,1.0,0,1.0,0.0,0.0,0.0,0.0,0.0,4.0,3.0,0.0,1,2,3,0.0,0.0,0.0,0.0,1.0,28.0,24.0,0.0,0.0,0.3333333333333333,,,,0.0,0.0,0.0,0.0,0.0,0.0,0.0,0.0,0.25,0.0,0.25,0.0,0.0,0.0,0.0,0.0,1.0,0.75,0.0,0.25,0.5,0.75,0.0,0.0,0.0,0.0,0.25,7.0,6.0,0.25
000345,Jake Bernhardt,RED,Redwoods,3,SSDM,Defensive Midfield,2023-06-17,2025-08-03,2.0,2.0,0.0,1.0,1.0,0.0,2.0,1,2.0,0.0,0.0,0.0,0.0,0.0,1.0,2.0,0.0,0,4,4,0.0,0.0,1.0,0.5,0.0,20.0,16.0,0.5,0.5,0.0,,,,,0.5,0.6666666666666666,0.6666666666666666,0.0,0.3333333333333333,0.3333333333333333,0.0,0.6666666666666666,0.3333333333333333,0.6666666666666666,0.0,0.0,0.0,0.0,0.0,0.3333333333333333,0.6666666666666666,0.0,0.0,1.3333333333333333,1.3333333333333333,0.0,0.0,0.3333333333333333,0.16666666666666666,0.0,6.666666666666667,5.333333333333333,0.0
000345,Jake Bernhardt,WAT,Waterdogs,7,SSDM,Defensive Midfield,2022-06-12,2026-05-09,1.0,0.0,0.0,0.0,0.0,1.0,2.0,0,0.0,0.0,0.0,0.0,0.0,0.0,6.0,4.0,0.0,0,5,5,0.0,0.0,0.0,0.0,1.0,40.0,34.0,0.0,0.0,0.0,,,,1.0,,0.14285714285714285,0.0,0.0,0.0,0.0,0.14285714285714285,0.2857142857142857,0.0,0.0,0.0,0.0,0.0,0.0,0.0,0.8571428571428571,0.5714285714285714,0.0,0.0,0.7142857142857143,0.7142857142857143,0.0,0.0,0.0,0.0,0.14285714285714285,5.714285714285714,4.857142857142857,0.14285714285714285
000346,Jay Carlson,ARC,Archers,1,A,Attack,2022-08-06,2022-08-06,0.0,0.0,0.0,0.0,0.0,0.0,3.0,2,0.0,0.0,0.0,0.0,0.0,0.0,2.0,0.0,1.0,0,0,0,0.0,0.0,0.0,0.0,2.0,11.0,8.0,0.0,0.6666666666666666,,,,,0.0,,0.0,0.0,0.0,0.0,0.0,0.0,3.0,2.0,0.0,0.0,0.0,0.0,0.0,0.0,2.0,0.0,1.0,0.0,0.0,0.0,0.0,0.0,0.0,0.0,2.0,11.0,8.0,2.0
000346,Jay Carlson,ATL,Atlas,2,A,Attack,2022-06-18,2022-08-13,4.0,2.0,2.0,0.0,2.0,2.0,8.0,5,0.0,0.0,0.0,0.0,0.0,0.0,2.0,1.0,3.0,0,0,0,0.0,0.0,0.0,0.0,2.0,21.0,12.0,0.25,0.625,,,,,1.0,,2.0,1.0,1.0,0.0,1.0,1.0,4.0,2.5,0.0,0.0,0.0,0.0,0.0,0.0,1.0,0.5,1.5,0.0,0.0,0.0,0.0,0.0,0.0,0.0,1.0,10.5,6.0,1.0
000346,Jay Carlson,CAN,Cannons,1,A,Attack,2022-08-21,2022-08-21,1.0,1.0,1.0,0.0,1.0,0.0,3.0,2,0.0,0.0,0.0,0.0,0.0,0.0,1.0,3.0,1.0,0,0,0,0.0,0.0,0.0,0.0,0.0,13.0,7.0,0.3333333333333333,0.6666666666666666,,,,,,,1.0,1.0,1.0,0.0,1.0,0.0,3.0,2.0,0.0,0.0,0.0,0.0,0.0,0.0,1.0,3.0,1.0,0.0,0.0,0.0,0.0,0.0,0.0,0.0,0.0,13.0,7.0,0.0
000346,Jay Carlson,CHA,Chaos,1,A,Attack,2022-06-04,2022-06-04,1.0,1.0,1.0,0.0,1.0,0.0,5.0,3,0.0,0.0,0.0,0.0,0.0,0.0,1.0,1.0,0.0,0,0,0,0.0,0.0,0.0,0.0,0.0,12.0,6.0,0.2,0.6,,,,,,,1.0,1.0,1.0,0.0,1.0,0.0,5.0,3.0,0.0,0.0,0.0,0.0,0.0,0.0,1.0,1.0,0.0,0.0,0.0,0.0,0.0,0.0,0.0,0.0,0.0,12.0,6.0,0.0
000346,Jay Carlson,RED,Redwoods,1,A,Attack,2022-06-24,2022-06-24,2.0,1.0,1.0,0.0,1.0,1.0,3.0,2,0.0,0.0,0.0,0.0,0.0,0.0,1.0,4.0,1.0,0,0,0,0.0,0.0,0.0,0.0,1.0,16.0,9.0,0.3333333333333333,0.6666666666666666,,,,,1.0,,2.0,1.0,1.0,0.0,1.0,1.0,3.0,2.0,0.0,0.0,0.0,0.0,0.0,0.0,1.0,4.0,1.0,0.0,0.0,0.0,0.0,0.0,0.0,0.0,1.0,16.0,9.0,1.0
000346,Jay Carlson,WAT,Waterdogs,1,A,Attack,2022-06-12,2022-06-12,6.0,5.0,5.0,0.0,5.0,1.0,6.0,6,0.0,0.0,0.0,0.0,0.0,0.0,2.0,2.0,0.0,0,0,0,0.0,0.0,0.0,0.0,2.0,16.0,8.0,0.8333333333333334,1.0,,,,,0.5,,6.0,5.0,5.0,0.0,5.0,1.0,6.0,6.0,0.0,0.0,0.0,0.0,0.0,0.0,2.0,2.0,0.0,0.0,0.0,0.0,0.0,0.0,0.0,0.0,2.0,16.0,8.0,2.0
000350,Joseph Nardella,ARC,Archers,3,FO,Faceoff,2022-08-06,2025-05-31,1.0,1.0,1.0,0.0,1.0,0.0,3.0,2,0.0,0.0,0.0,0.0,0.0,0.0,25.0,2.0,1.0,52,19,72,0.0,0.0,1.0,0.5,2.0,32.0,27.0,0.3333333333333333,0.6666666666666666,0.7222222222222222,,,,0.0,,0.3333333333333333,0.3333333333333333,0.3333333333333333,0.0,0.3333333333333333,0.0,1.0,0.6666666666666666,0.0,0.0,0.0,0.0,0.0,0.0,8.333333333333334,0.6666666666666666,0.3333333333333333,17.333333333333332,6.333333333333333,24.0,0.0,0.0,0.3333333333333333,0.16666666666666666,0.6666666666666666,10.666666666666666,9.0,0.6666666666666666
000350,Joseph Nardella,ATL,Atlas,5,FO,Faceoff,2022-06-18,2025-07-26,2.0,2.0,2.0,0.0,2.0,0.0,4.0,3,0.0,0.0,0.0,0.0,0.0,0.0,19.0,3.0,0.0,66,57,124,0.0,0.0,0.0,0.0,3.0,37.0,30.0,0.5,0.75,0.532258064516129,,,,0.0,,0.4,0.4,0.4,0.0,0.4,0.0,0.8,0.6,0.0,0.0,0.0,0.0,0.0,0.0,3.8,0.6,0.0,13.2,11.4,24.8,0.0,0.0,0.0,0.0,0.6,7.4,6.0,0.6
000350,Joseph Nardella,CAN,Cannons,5,FO,Faceoff,2022-08-21,2025-08-09,1.0,1.0,1.0,0.0,1.0,0.0,3.0,2,0.0,0.0,0.0,0.0,0.0,0.0,53.0,5.0,1.0,80,43,123,0.0,0.0,0.0,0.0,2.0,63.0,55.0,0.3333333333333333,0.6666666666666666,0.6504065040650406,,,,0.0,,0.2,0.2,0.2,0.0,0.2,0.0,0.6,0.4,0.0,0.0,0.0,0.0,0.0,0.0,10.6,1.0,0.2,16.0,8.6,24.6,0.0,0.0,0.0,0.0,0.4,12.6,11.0,0.4
000350,Joseph Nardella,CHA,Chaos,4,FO,Faceoff,2022-06-04,2025-06-22,2.0,1.0,1.0,0.0,1.0,1.0,5.0,3,0.0,0.0,0.0,0.0,0.0,0.0,30.0,5.0,1.0,62,36,98,0.0,0.0,1.0,1.0,6.0,44.0,34.0,0.2,0.6,0.6326530612244898,,,,0.16666666666666666,,0.5,0.25,0.25,0.0,0.25,0.25,1.25,0.75,0.0,0.0,0.0,0.0,0.0,0.0,7.5,1.25,0.25,15.5,9.0,24.5,0.0,0.0,0.25,0.25,1.5,11.0,8.5,1.5
000350,Joseph Nardella,OUT,Outlaws,3,FO,Faceoff,2022-07-30,2025-07-13,3.0,2.0,2.0,0.0,2.0,1.0,2.0,2,0.0,0.0,0.0,0.0,0.0,0.0,20.0,2.0,1.0,47,19,67,0.0,0.0,0.0,0.0,3.0,32.0,28.0,1.0,1.0,0.7014925373134329,,,,0.3333333333333333,,1.0,0.6666666666666666,0.6666666666666666,0.0,0.6666666666666666,0.3333333333333333,0.6666666666666666,0.6666666666666666,0.0,0.0,0.0,0.0,0.0,0.0,6.666666666666667,0.6666666666666666,0.3333333333333333,15.666666666666666,6.333333333333333,22.333333333333332,0.0,0.0,0.0,0.0,1.0,10.666666666666666,9.333333333333334,1.0
000350,Joseph Nardella,RED,Redwoods,3,FO,Faceoff,2022-06-24,2025-08-03,3.0,3.0,3.0,0.0,3.0,0.0,4.0,3,0.0,0.0,0.0,0.0,0.0,0.0,16.0,3.0,0.0,39,39,79,0.0,0.0,1.0,0.5,2.0,21.0,14.0,0.75,0.75,0.4936708860759494,,,,0.0,,1.0,1.0,1.0,0.0,1.0,0.0,1.3333333333333333,1.0,0.0,0.0,0.0,0.0,0.0,0.0,5.333333333333333,1.0,0.0,13.0,13.0,26.333333333333332,0.0,0.0,0.3333333333333333,0.16666666666666666,0.6666666666666666,7.0,4.666666666666667,0.6666666666666666
000350,Joseph Nardella,WAT,Waterdogs,6,FO,Faceoff,2022-06-12,2025-07-20,1.0,0.0,0.0,0.0,0.0,1.0,0.0,0,0.0,0.0,0.0,0.0,0.0,0.0,69.0,8.0,0.0,112,36,150,0.0,0.0,0.0,0.0,2.0,80.0,72.0,,,0.7466666666666667,,,,0.5,,0.16666666666666666,0.0,0.0,0.0,0.0,0.16666666666666666,0.0,0.0,0.0,0.0,0.0,0.0,0.0,0.0,11.5,1.3333333333333333,0.0,18.666666666666668,6.0,25.0,0.0,0.0,0.0,0.0,0.3333333333333333,13.333333333333334,12.0,0.3333333333333333
000351,Jules Heningburg,ARC,Archers,3,M,Midfield,2022-07-01,2024-06-15,5.0,2.0,2.0,0.0,2.0,3.0,10.0,9,0.0,0.0,0.0,0.0,0.0,0.0,5.0,4.0,0.0,0,0,0,0.0,0.0,0.0,0.0,11.0,76.0,62.0,0.2,0.9,,,,,0.2727272727272727,,1.6666666666666667,0.6666666666666666,0.6666666666666666,0.0,0.6666666666666666,1.0,3.3333333333333335,3.0,0.0,0.0,0.0,0.0,0.0,0.0,1.6666666666666667,1.3333333333333333,0.0,0.0,0.0,0.0,0.0,0.0,0.0,0.0,3.6666666666666665,25.333333333333332,20.666666666666668,3.6666666666666665
000351,Jules Heningburg,ATL,Atlas,5,M,Midfield,2022-06-04,2024-06-08,11.0,9.0,9.0,0.0,9.0,2.0,18.0,15,1.0,0.0,0.0,0.0,0.0,0.0,8.0,8.0,1.0,0,0,0,0.0,0.0,0.0,0.0,10.0,106.0,80.0,0.5,0.8333333333333334,,,,,0.2,0.0,2.2,1.8,1.8,0.0,1.8,0.4,3.6,3.0,0.2,0.0,0.0,0.0,0.0,0.0,1.6,1.6,0.2,0.0,0.0,0.0,0.0,0.0,0.0,0.0,2.0,21.2,16.0,2.0
000351,Jules Heningburg,CAN,Cannons,3,M,Midfield,2023-07-30,2024-08-17,2.0,1.0,1.0,0.0,1.0,1.0,10.0,7,1.0,0.0,0.0,0.0,0.0,0.0,3.0,8.0,0.0,0,0,0,0.0,0.0,0.0,0.0,6.0,46.0,28.0,0.1,0.7,,,,,0.16666666666666666,0.0,0.6666666666666666,0.3333333333333333,0.3333333333333333,0.0,0.3333333333333333,0.3333333333333333,3.3333333333333335,2.3333333333333335,0.3333333333333333,0.0,0.0,0.0,0.0,0.0,1.0,2.6666666666666665,0.0,0.0,0.0,0.0,0.0,0.0,0.0,0.0,2.0,15.333333333333334,9.333333333333334,2.0
000351,Jules Heningburg,CHA,Chaos,3,M,Midfield,2022-06-18,2023-08-06,9.0,4.0,4.0,0.0,4.0,5.0,17.0,14,1.0,0.0,0.0,0.0,0.0,0.0,4.0,1.0,0.0,0,0,0,0.0,0.0,0.0,0.0,14.0,85.0,67.0,0.23529411764705882,0.8235294117647058,,,,,0.35714285714285715,0.0,3.0,1.3333333333333333,1.3333333333333333,0.0,1.3333333333333333,1.6666666666666667,5.666666666666667,4.666666666666667,0.3333333333333333,0.0,0.0,0.0,0.0,0.0,1.3333333333333333,0.3333333333333333,0.0,0.0,0.0,0.0,0.0,0.0,0.0,0.0,4.666666666666667,28.333333333333332,22.333333333333332,4.666666666666667
000351,Jules Heningburg,OUT,Outlaws,6,M,Midfield,2022-06-10,2025-07-19,6.0,3.0,1.0,1.0,2.0,3.0,12.0,6,2.0,0.0,0.0,0.0,0.0,0.0,2.0,8.0,0.0,0,0,0,0.0,0.0,1.0,1.0,16.0,115.0,95.0,0.16666666666666666,0.5,,,,,0.1875,0.5,1.0,0.5,0.16666666666666666,0.16666666666666666,0.3333333333333333,0.5,2.0,1.0,0.3333333333333333,0.0,0.0,0.0,0.0,0.0,0.3333333333333333,1.3333333333333333,0.0,0.0,0.0,0.0,0.0,0.0,0.16666666666666666,0.16666666666666666,2.6666666666666665,19.166666666666668,15.833333333333334,2.6666666666666665
000351,Jules Heningburg,RED,Redwoods,3,A,Attack,2024-06-07,2025-08-08,6.0,6.0,6.0,0.0,6.0,0.0,15.0,12,0.0,0.0,0.0,0.0,0.0,0.0,2.0,1.0,0.0,0,0,0,0.0,0.0,0.0,0.0,3.0,62.0,46.0,0.4,0.8,,,,,0.0,,2.0,2.0,2.0,0.0,2.0,0.0,5.0,4.0,0.0,0.0,0.0,0.0,0.0,0.0,0.6666666666666666,0.3333333333333333,0.0,0.0,0.0,0.0,0.0,0.0,0.0,0.0,1.0,20.666666666666668,15.333333333333334,1.0
000351,Jules Heningburg,WAT,Waterdogs,4,M,Midfield,2022-08-13,2025-08-02,6.0,3.0,3.0,0.0,3.0,3.0,11.0,5,1.0,0.0,0.0,0.0,0.0,0.0,0.0,5.0,0.0,0,0,0,0.0,0.0,0.0,0.0,10.0,76.0,60.0,0.2727272727272727,0.45454545454545453,,,,,0.3,0.0,1.5,0.75,0.75,0.0,0.75,0.75,2.75,1.25,0.25,0.0,0.0,0.0,0.0,0.0,0.0,1.25,0.0,0.0,0.0,0.0,0.0,0.0,0.0,0.0,2.5,19.0,15.0,2.5
000351,Jules Heningburg,WHP,Whipsnakes,4,M,Midfield,2022-06-24,2025-08-09,6.0,4.0,4.0,0.0,4.0,2.0,16.0,7,1.0,0.0,0.0,0.0,0.0,0.0,0.0,6.0,0.0,0,0,0,0.0,0.0,0.0,0.0,11.0,103.0,81.0,0.25,0.4375,,,,,0.18181818181818182,0.0,1.5,1.0,1.0,0.0,1.0,0.5,4.0,1.75,0.25,0.0,0.0,0.0,0.0,0.0,0.0,1.5,0.0,0.0,0.0,0.0,0.0,0.0,0.0,0.0,2.75,25.75,20.25,2.75
000353,Kyle Bernlohr,ARC,Archers,3,G,Goalie,2022-08-06,2024-07-06,0.0,0.0,0.0,0.0,0.0,0.0,0.0,0,0.0,25.0,10.0,15.0,28.0,34.0,6.0,0.0,0.0,0,0,0,26.0,2.0,0.0,0.0,0.0,36.0,36.0,,,,0.49019607843137253,40.0,0.19607843137254902,,,0.0,0.0,0.0,0.0,0.0,0.0,0.0,0.0,0.0,8.333333333333334,3.3333333333333335,5.0,9.333333333333334,11.333333333333334,2.0,0.0,0.0,0.0,0.0,0.0,8.666666666666666,0.6666666666666666,0.0,0.0,0.0,12.0,12.0,0.0
000353,Kyle Bernlohr,ATL,Atlas,4,G,Goalie,2022-06-18,2024-06-02,0.0,0.0,0.0,0.0,0.0,0.0,1.0,1,1.0,53.0,12.0,41.0,35.0,85.84210526315789,9.0,0.0,2.0,0,0,0,31.0,4.0,0.0,0.0,0.0,66.0,65.0,0.0,1.0,,0.6309523809523809,22.641509433962266,0.14285714285714285,,0.0,0.0,0.0,0.0,0.0,0.0,0.0,0.25,0.25,0.25,13.25,3.0,10.25,8.75,21.460526315789473,2.25,0.0,0.5,0.0,0.0,0.0,7.75,1.0,0.0,0.0,0.0,16.5,16.25,0.0
000353,Kyle Bernlohr,CAN,Cannons,2,G,Goalie,2022-08-21,2023-08-26,0.0,0.0,0.0,0.0,0.0,0.0,0.0,0,0.0,19.0,5.0,14.0,24.0,24.0,10.0,2.0,0.0,0,0,0,22.0,2.0,0.0,0.0,0.0,27.0,25.0,,,,0.4634146341463415,26.31578947368421,0.12195121951219512,,,0.0,0.0,0.0,0.0,0.0,0.0,0.0,0.0,0.0,9.5,2.5,7.0,12.0,12.0,5.0,1.0,0.0,0.0,0.0,0.0,11.0,1.0,0.0,0.0,0.0,13.5,12.5,0.0
000353,Kyle Bernlohr,CHA,Chaos,2,G,Goalie,2022-06-04,2022-07-23,0.0,0.0,0.0,0.0,0.0,0.0,1.0,0,1.0,16.0,6.0,10.0,20.0,20.0,4.0,0.0,1.0,0,0,0,19.0,1.0,0.0,0.0,2.0,24.0,23.0,0.0,0.0,,0.45714285714285713,37.5,0.17142857142857143,0.0,0.0,0.0,0.0,0.0,0.0,0.0,0.0,0.5,0.0,0.5,8.0,3.0,5.0,10.0,10.0,2.0,0.0,0.5,0.0,0.0,0.0,9.5,0.5,0.0,0.0,1.0,12.0,11.5,1.0
000353,Kyle Bernlohr,OUT,Outlaws,2,G,Goalie,2022-07-30,2023-06-04,0.0,0.0,0.0,0.0,0.0,0.0,0.0,0,0.0,31.0,11.0,20.0,20.0,20.0,5.0,1.0,0.0,0,0,0,19.0,1.0,0.0,0.0,0.0,30.0,29.0,,,,0.62,35.483870967741936,0.22,,,0.0,0.0,0.0,0.0,0.0,0.0,0.0,0.0,0.0,15.5,5.5,10.0,10.0,10.0,2.5,0.5,0.0,0.0,0.0,0.0,9.5,0.5,0.0,0.0,0.0,15.0,14.5,0.0
000353,Kyle Bernlohr,RED,Redwoods,2,G,Goalie,2022-06-24,2023-06-17,1.0,0.0,0.0,0.0,0.0,1.0,0.0,0,0.0,24.0,8.0,16.0,22.0,22.0,3.0,1.0,0.0,0,0,0,21.0,1.0,0.0,0.0,1.0,30.0,29.0,,,,0.5333333333333333,33.33333333333333,0.17777777777777778,1.0,,0.5,0.0,0.0,0.0,0.0,0.5,0.0,0.0,0.0,12.0,4.0,8.0,11.0,11.0,1.5,0.5,0.0,0.0,0.0,0.0,10.5,0.5,0.0,0.0,0.5,15.0,14.5,0.5
000353,Kyle Bernlohr,WAT,Waterdogs,4,G,Goalie,2022-06-12,2024-08-03,0.0,0.0,0.0,0.0,0.0,0.0,0.0,0,0.0,31.0,10.0,21.0,25.0,29.597947857876438,7.0,2.0,2.0,0,0,0,24.0,1.0,0.0,0.0,0.0,37.0,35.0,,,,0.5636363636363636,32.25806451612903,0.18181818181818182,,,0.0,0.0,0.0,0.0,0.0,0.0,0.0,0.0,0.0,7.75,2.5,5.25,6.25,7.3994869644691095,1.75,0.5,0.5,0.0,0.0,0.0,6.0,0.25,0.0,0.0,0.0,9.25,8.75,0.0
000354,Matt Rambo,ARC,Archers,5,A,Attack,2022-08-06,2026-07-11,8.0,8.0,8.0,0.0,8.0,0.0,27.0,19,0.0,0.0,0.0,0.0,0.0,0.0,3.0,11.0,0.0,0,0,0,0.0,0.0,0.0,0.0,7.0,125.0,87.0,0.2962962962962963,0.7037037037037037,,,,,0.0,,1.6,1.6,1.6,0.0,1.6,0.0,5.4,3.8,0.0,0.0,0.0,0.0,0.0,0.0,0.6,2.2,0.0,0.0,0.0,0.0,0.0,0.0,0.0,0.0,1.4,25.0,17.4,1.4
000354,Matt Rambo,ATL,Atlas,7,A,Attack,2022-06-18,2025-07-26,21.0,11.0,11.0,0.0,11.0,10.0,36.0,28,0.0,0.0,0.0,0.0,0.0,0.0,10.0,18.0,1.0,0,0,0,0.0,0.0,0.0,0.0,32.0,163.0,109.0,0.3055555555555556,0.7777777777777778,,,,,0.3125,,3.0,1.5714285714285714,1.5714285714285714,0.0,1.5714285714285714,1.4285714285714286,5.142857142857143,4.0,0.0,0.0,0.0,0.0,0.0,0.0,1.4285714285714286,2.5714285714285716,0.14285714285714285,0.0,0.0,0.0,0.0,0.0,0.0,0.0,4.571428571428571,23.285714285714285,15.571428571428571,4.571428571428571
000354,Matt Rambo,CAN,Cannons,7,A,Attack,2022-08-21,2026-07-19,7.0,5.0,5.0,0.0,5.0,2.0,25.0,13,0.0,0.0,0.0,0.0,0.0,0.0,4.0,10.0,1.0,0,0,0,0.0,0.0,0.0,0.0,20.0,128.0,93.0,0.2,0.52,,,,,0.1,,1.0,0.7142857142857143,0.7142857142857143,0.0,0.7142857142857143,0.2857142857142857,3.5714285714285716,1.8571428571428572,0.0,0.0,0.0,0.0,0.0,0.0,0.5714285714285714,1.4285714285714286,0.14285714285714285,0.0,0.0,0.0,0.0,0.0,0.0,0.0,2.857142857142857,18.285714285714285,13.285714285714286,2.857142857142857
000354,Matt Rambo,CHA,Chaos,4,A,Attack,2022-06-04,2023-08-12,12.0,8.0,8.0,0.0,8.0,4.0,35.0,22,0.0,0.0,0.0,0.0,0.0,0.0,3.0,7.0,0.0,0,0,0,0.0,0.0,0.0,0.0,18.0,115.0,73.0,0.22857142857142856,0.6285714285714286,,,,,0.2222222222222222,,3.0,2.0,2.0,0.0,2.0,1.0,8.75,5.5,0.0,0.0,0.0,0.0,0.0,0.0,0.75,1.75,0.0,0.0,0.0,0.0,0.0,0.0,0.0,0.0,4.5,28.75,18.25,4.5
000354,Matt Rambo,OUT,Outlaws,4,A,Attack,2022-07-30,2024-08-10,6.0,1.0,1.0,0.0,1.0,5.0,10.0,6,0.0,0.0,0.0,0.0,0.0,0.0,6.0,10.0,0.0,0,0,0,0.0,0.0,1.0,0.5,27.0,105.0,85.0,0.1,0.6,,,,,0.18518518518518517,,1.5,0.25,0.25,0.0,0.25,1.25,2.5,1.5,0.0,0.0,0.0,0.0,0.0,0.0,1.5,2.5,0.0,0.0,0.0,0.0,0.0,0.0,0.25,0.125,6.75,26.25,21.25,6.75
000354,Matt Rambo,RED,Redwoods,4,A,Attack,2022-06-24,2026-06-06,16.0,10.0,10.0,0.0,10.0,6.0,19.0,15,0.0,0.0,0.0,0.0,0.0,0.0,6.0,9.0,1.0,0,0,0,0.0,0.0,0.0,0.0,16.0,89.0,61.0,0.5263157894736842,0.7894736842105263,,,,,0.375,,4.0,2.5,2.5,0.0,2.5,1.5,4.75,3.75,0.0,0.0,0.0,0.0,0.0,0.0,1.5,2.25,0.25,0.0,0.0,0.0,0.0,0.0,0.0,0.0,4.0,22.25,15.25,4.0
000354,Matt Rambo,WAT,Waterdogs,7,A,Attack,2022-06-12,2025-07-20,12.0,5.0,5.0,0.0,5.0,7.0,38.0,15,0.0,0.0,0.0,0.0,0.0,0.0,7.0,13.0,0.0,0,0,0,0.0,0.0,1.0,0.5,32.0,175.0,124.0,0.13157894736842105,0.39473684210526316,,,,,0.21875,,1.7142857142857142,0.7142857142857143,0.7142857142857143,0.0,0.7142857142857143,1.0,5.428571428571429,2.142857142857143,0.0,0.0,0.0,0.0,0.0,0.0,1.0,1.8571428571428572,0.0,0.0,0.0,0.0,0.0,0.0,0.14285714285714285,0.07142857142857142,4.571428571428571,25.0,17.714285714285715,4.571428571428571
000354,Matt Rambo,WHP,Whipsnakes,1,A,Attack,2026-06-21,2026-06-21,2.0,2.0,2.0,0.0,2.0,0.0,5.0,3,0.0,0.0,0.0,0.0,0.0,0.0,2.0,1.0,1.0,0,0,0,0.0,0.0,0.0,0.0,2.0,24.0,18.0,0.4,0.6,,,,,0.0,,2.0,2.0,2.0,0.0,2.0,0.0,5.0,3.0,0.0,0.0,0.0,0.0,0.0,0.0,2.0,1.0,1.0,0.0,0.0,0.0,0.0,0.0,0.0,0.0,2.0,24.0,18.0,2.0
000355,Matthew Dunn,ARC,Archers,7,D,Defense,2022-08-06,2026-07-25,1.0,0.0,0.0,0.0,0.0,1.0,0.0,0,0.0,0.0,0.0,0.0,0.0,0.0,9.0,4.0,2.0,0,0,0,0.0,0.0,2.0,2.0,3.0,51.0,47.0,,,,,,,0.3333333333333333,,0.14285714285714285,0.0,0.0,0.0,0.0,0.14285714285714285,0.0,0.0,0.0,0.0,0.0,0.0,0.0,0.0,1.2857142857142858,0.5714285714285714,0.2857142857142857,0.0,0.0,0.0,0.0,0.0,0.2857142857142857,0.2857142857142857,0.42857142857142855,7.285714285714286,6.714285714285714,0.42857142857142855
000355,Matthew Dunn,ATL,Atlas,9,D,Defense,2022-06-18,2026-06-21,1.0,1.0,1.0,0.0,1.0,0.0,5.0,3,2.0,0.0,0.0,0.0,0.0,0.0,11.0,1.0,8.0,0,0,0,0.0,0.0,0.0,0.0,1.0,70.0,64.0,0.2,0.6,,,,,0.0,0.0,0.1111111111111111,0.1111111111111111,0.1111111111111111,0.0,0.1111111111111111,0.0,0.5555555555555556,0.3333333333333333,0.2222222222222222,0.0,0.0,0.0,0.0,0.0,1.2222222222222223,0.1111111111111111,0.8888888888888888,0.0,0.0,0.0,0.0,0.0,0.0,0.0,0.1111111111111111,7.777777777777778,7.111111111111111,0.1111111111111111
000355,Matthew Dunn,CAN,Cannons,8,D,Defense,2022-08-21,2026-08-07,1.0,0.0,0.0,0.0,0.0,1.0,1.0,0,1.0,0.0,0.0,0.0,0.0,0.0,4.0,2.0,8.0,0,0,0,0.0,0.0,1.0,0.5,3.0,57.0,54.0,0.0,0.0,,,,,0.3333333333333333,0.0,0.125,0.0,0.0,0.0,0.0,0.125,0.125,0.0,0.125,0.0,0.0,0.0,0.0,0.0,0.5,0.25,1.0,0.0,0.0,0.0,0.0,0.0,0.125,0.0625,0.375,7.125,6.75,0.375
000355,Matthew Dunn,CHA,Chaos,6,D,Defense,2022-06-04,2026-07-12,1.0,1.0,1.0,0.0,1.0,0.0,3.0,3,1.0,0.0,0.0,0.0,0.0,0.0,9.0,3.0,6.0,0,0,0,0.0,0.0,0.0,0.0,0.0,39.0,33.0,0.3333333333333333,1.0,,,,,,0.0,0.16666666666666666,0.16666666666666666,0.16666666666666666,0.0,0.16666666666666666,0.0,0.5,0.5,0.16666666666666666,0.0,0.0,0.0,0.0,0.0,1.5,0.5,1.0,0.0,0.0,0.0,0.0,0.0,0.0,0.0,0.0,6.5,5.5,0.0
000355,Matthew Dunn,OUT,Outlaws,7,D,Defense,2022-07-30,2026-08-01,1.0,0.0,0.0,0.0,0.0,1.0,3.0,1,3.0,0.0,0.0,0.0,0.0,0.0,10.0,1.0,7.0,0,0,0,0.0,0.0,0.0,0.0,3.0,55.0,51.0,0.0,0.3333333333333333,,,,,0.3333333333333333,0.0,0.14285714285714285,0.0,0.0,0.0,0.0,0.14285714285714285,0.42857142857142855,0.14285714285714285,0.42857142857142855,0.0,0.0,0.0,0.0,0.0,1.4285714285714286,0.14285714285714285,1.0,0.0,0.0,0.0,0.0,0.0,0.0,0.0,0.42857142857142855,7.857142857142857,7.285714285714286,0.42857142857142855
000355,Matthew Dunn,RED,Redwoods,5,D,Defense,2022-06-24,2026-07-17,1.0,0.0,0.0,0.0,0.0,1.0,0.0,0,0.0,0.0,0.0,0.0,0.0,0.0,6.0,2.0,3.0,0,0,0,0.0,0.0,0.0,0.0,1.0,40.0,38.0,,,,,,,1.0,,0.2,0.0,0.0,0.0,0.0,0.2,0.0,0.0,0.0,0.0,0.0,0.0,0.0,0.0,1.2,0.4,0.6,0.0,0.0,0.0,0.0,0.0,0.0,0.0,0.2,8.0,7.6,0.2
000355,Matthew Dunn,WAT,Waterdogs,6,D,Defense,2022-06-12,2025-07-20,2.0,2.0,2.0,0.0,2.0,0.0,4.0,4,1.0,0.0,0.0,0.0,0.0,0.0,9.0,2.0,4.0,0,0,0,0.0,0.0,1.0,0.5,0.0,38.0,32.0,0.5,1.0,,,,,,0.0,0.3333333333333333,0.3333333333333333,0.3333333333333333,0.0,0.3333333333333333,0.0,0.6666666666666666,0.6666666666666666,0.16666666666666666,0.0,0.0,0.0,0.0,0.0,1.5,0.3333333333333333,0.6666666666666666,0.0,0.0,0.0,0.0,0.0,0.16666666666666666,0.08333333333333333,0.0,6.333333333333333,5.333333333333333,0.0
000356,Michael Ehrhardt,ARC,Archers,2,LSM,Long Stick Midfield,2022-08-06,2023-08-19,4.0,3.0,1.0,1.0,2.0,1.0,4.0,3,3.0,0.0,0.0,0.0,0.0,0.0,4.0,2.0,5.0,0,0,0,0.0,0.0,2.0,1.5,2.0,15.0,9.0,0.5,0.75,,,,,0.5,0.3333333333333333,2.0,1.5,0.5,0.5,1.0,0.5,2.0,1.5,1.5,0.0,0.0,0.0,0.0,0.0,2.0,1.0,2.5,0.0,0.0,0.0,0.0,0.0,1.0,0.75,1.0,7.5,4.5,1.0
000356,Michael Ehrhardt,ATL,Atlas,3,LSM,Long Stick Midfield,2022-06-18,2023-06-10,2.0,2.0,0.0,1.0,1.0,0.0,5.0,3,5.0,0.0,0.0,0.0,0.0,0.0,7.0,4.0,2.0,0,0,0,0.0,0.0,1.0,1.0,1.0,18.0,9.0,0.2,0.6,,,,,0.0,0.2,0.6666666666666666,0.6666666666666666,0.0,0.3333333333333333,0.3333333333333333,0.0,1.6666666666666667,1.0,1.6666666666666667,0.0,0.0,0.0,0.0,0.0,2.3333333333333335,1.3333333333333333,0.6666666666666666,0.0,0.0,0.0,0.0,0.0,0.3333333333333333,0.3333333333333333,0.3333333333333333,6.0,3.0,0.3333333333333333
000356,Michael Ehrhardt,CAN,Cannons,2,LSM,Long Stick Midfield,2022-08-21,2023-08-26,3.0,3.0,1.0,1.0,2.0,0.0,7.0,2,5.0,0.0,0.0,0.0,0.0,0.0,8.0,1.0,0.0,0,0,0,0.0,0.0,0.0,0.0,0.0,19.0,11.0,0.2857142857142857,0.2857142857142857,,,,,,0.2,1.5,1.5,0.5,0.5,1.0,0.0,3.5,1.0,2.5,0.0,0.0,0.0,0.0,0.0,4.0,0.5,0.0,0.0,0.0,0.0,0.0,0.0,0.0,0.0,0.0,9.5,5.5,0.0
000356,Michael Ehrhardt,CHA,Chaos,3,LSM,Long Stick Midfield,2022-06-04,2023-08-12,2.0,1.0,1.0,0.0,1.0,1.0,6.0,1,2.0,0.0,0.0,0.0,0.0,0.0,3.0,1.0,2.0,0,0,0,0.0,0.0,0.0,0.0,3.0,21.0,14.0,0.16666666666666666,0.16666666666666666,,,,,0.3333333333333333,0.0,0.6666666666666666,0.3333333333333333,0.3333333333333333,0.0,0.3333333333333333,0.3333333333333333,2.0,0.3333333333333333,0.6666666666666666,0.0,0.0,0.0,0.0,0.0,1.0,0.3333333333333333,0.6666666666666666,0.0,0.0,0.0,0.0,0.0,0.0,0.0,1.0,7.0,4.666666666666667,1.0
000356,Michael Ehrhardt,OUT,Outlaws,3,LSM,Long Stick Midfield,2022-07-30,2023-08-05,2.0,1.0,1.0,0.0,1.0,1.0,9.0,4,6.0,0.0,0.0,0.0,0.0,0.0,14.0,1.0,3.0,0,0,0,0.0,0.0,2.0,2.0,2.0,42.0,32.0,0.1111111111111111,0.4444444444444444,,,,,0.5,0.0,0.6666666666666666,0.3333333333333333,0.3333333333333333,0.0,0.3333333333333333,0.3333333333333333,3.0,1.3333333333333333,2.0,0.0,0.0,0.0,0.0,0.0,4.666666666666667,0.3333333333333333,1.0,0.0,0.0,0.0,0.0,0.0,0.6666666666666666,0.6666666666666666,0.6666666666666666,14.0,10.666666666666666,0.6666666666666666
000356,Michael Ehrhardt,RED,Redwoods,2,LSM,Long Stick Midfield,2022-06-24,2023-06-17,3.0,2.0,0.0,1.0,1.0,1.0,4.0,1,4.0,0.0,0.0,0.0,0.0,0.0,4.0,1.0,1.0,0,0,0,0.0,0.0,0.0,0.0,1.0,10.0,5.0,0.25,0.25,,,,,1.0,0.25,1.5,1.0,0.0,0.5,0.5,0.5,2.0,0.5,2.0,0.0,0.0,0.0,0.0,0.0,2.0,0.5,0.5,0.0,0.0,0.0,0.0,0.0,0.0,0.0,0.5,5.0,2.5,0.5
000356,Michael Ehrhardt,WAT,Waterdogs,2,LSM,Long Stick Midfield,2022-06-12,2022-07-03,0.0,0.0,0.0,0.0,0.0,0.0,4.0,3,4.0,0.0,0.0,0.0,0.0,0.0,9.0,2.0,3.0,0,0,0,0.0,0.0,0.0,0.0,0.0,22.0,16.0,0.0,0.75,,,,,,0.0,0.0,0.0,0.0,0.0,0.0,0.0,2.0,1.5,2.0,0.0,0.0,0.0,0.0,0.0,4.5,1.0,1.5,0.0,0.0,0.0,0.0,0.0,0.0,0.0,0.0,11.0,8.0,0.0
000357,Mike Chanenchuk,ARC,Archers,4,M,Midfield,2022-08-06,2024-07-06,11.0,9.0,7.0,1.0,8.0,2.0,20.0,14,4.0,0.0,0.0,0.0,0.0,0.0,5.0,3.0,0.0,0,0,0,0.0,0.0,0.0,0.0,14.0,105.0,82.0,0.4,0.7,,,,,0.14285714285714285,0.25,2.75,2.25,1.75,0.25,2.0,0.5,5.0,3.5,1.0,0.0,0.0,0.0,0.0,0.0,1.25,0.75,0.0,0.0,0.0,0.0,0.0,0.0,0.0,0.0,3.5,26.25,20.5,3.5
000357,Mike Chanenchuk,ATL,Atlas,5,M,Midfield,2022-06-18,2024-06-28,13.0,11.0,5.0,3.0,8.0,2.0,37.0,23,11.0,0.0,0.0,0.0,0.0,0.0,5.0,5.0,0.0,0,0,0,0.0,0.0,0.0,0.0,10.0,163.0,121.0,0.21621621621621623,0.6216216216216216,,,,,0.2,0.2727272727272727,2.6,2.2,1.0,0.6,1.6,0.4,7.4,4.6,2.2,0.0,0.0,0.0,0.0,0.0,1.0,1.0,0.0,0.0,0.0,0.0,0.0,0.0,0.0,0.0,2.0,32.6,24.2,2.0
000357,Mike Chanenchuk,CAN,Cannons,4,M,Midfield,2022-08-21,2024-08-04,8.0,6.0,2.0,2.0,4.0,2.0,20.0,10,7.0,0.0,0.0,0.0,0.0,0.0,6.0,4.0,1.0,0,0,0,0.0,0.0,0.0,0.0,5.0,104.0,80.0,0.2,0.5,,,,,0.4,0.2857142857142857,2.0,1.5,0.5,0.5,1.0,0.5,5.0,2.5,1.75,0.0,0.0,0.0,0.0,0.0,1.5,1.0,0.25,0.0,0.0,0.0,0.0,0.0,0.0,0.0,1.25,26.0,20.0,1.25
000357,Mike Chanenchuk,CHA,Chaos,5,M,Midfield,2022-06-04,2024-07-20,6.0,6.0,6.0,0.0,6.0,0.0,26.0,14,1.0,0.0,0.0,0.0,0.0,0.0,1.0,2.0,0.0,0,0,0,0.0,0.0,0.0,0.0,7.0,98.0,70.0,0.23076923076923078,0.5384615384615384,,,,,0.0,0.0,1.2,1.2,1.2,0.0,1.2,0.0,5.2,2.8,0.2,0.0,0.0,0.0,0.0,0.0,0.2,0.4,0.0,0.0,0.0,0.0,0.0,0.0,0.0,0.0,1.4,19.6,14.0,1.4
000357,Mike Chanenchuk,OUT,Outlaws,4,M,Midfield,2022-07-30,2024-08-10,13.0,9.0,7.0,1.0,8.0,4.0,20.0,18,4.0,0.0,0.0,0.0,0.0,0.0,1.0,6.0,0.0,0,0,0,0.0,0.0,0.0,0.0,17.0,104.0,78.0,0.4,0.9,,,,,0.23529411764705882,0.25,3.25,2.25,1.75,0.25,2.0,1.0,5.0,4.5,1.0,0.0,0.0,0.0,0.0,0.0,0.25,1.5,0.0,0.0,0.0,0.0,0.0,0.0,0.0,0.0,4.25,26.0,19.5,4.25
000357,Mike Chanenchuk,RED,Redwoods,3,M,Midfield,2022-06-24,2024-07-28,1.0,0.0,0.0,0.0,0.0,1.0,12.0,5,4.0,0.0,0.0,0.0,0.0,0.0,0.0,1.0,1.0,0,0,0,0.0,0.0,0.0,0.0,5.0,78.0,65.0,0.0,0.4166666666666667,,,,,0.2,0.0,0.3333333333333333,0.0,0.0,0.0,0.0,0.3333333333333333,4.0,1.6666666666666667,1.3333333333333333,0.0,0.0,0.0,0.0,0.0,0.0,0.3333333333333333,0.3333333333333333,0.0,0.0,0.0,0.0,0.0,0.0,0.0,1.6666666666666667,26.0,21.666666666666668,1.6666666666666667
000357,Mike Chanenchuk,WAT,Waterdogs,5,M,Midfield,2022-06-12,2024-08-03,10.0,7.0,5.0,1.0,6.0,3.0,24.0,17,5.0,0.0,0.0,0.0,0.0,0.0,4.0,7.0,0.0,0,0,0,0.0,0.0,0.0,0.0,11.0,130.0,99.0,0.25,0.7083333333333334,,,,,0.2727272727272727,0.2,2.0,1.4,1.0,0.2,1.2,0.6,4.8,3.4,1.0,0.0,0.0,0.0,0.0,0.0,0.8,1.4,0.0,0.0,0.0,0.0,0.0,0.0,0.0,0.0,2.2,26.0,19.8,2.2
000358,Ryan Drenner,ARC,Archers,5,M,Midfield,2022-06-18,2025-06-07,14.0,12.0,8.0,2.0,10.0,2.0,23.0,13,2.0,0.0,0.0,0.0,0.0,0.0,3.0,1.0,1.0,0,0,0,0.0,0.0,0.0,0.0,10.0,123.0,99.0,0.43478260869565216,0.5652173913043478,,,,,0.2,1.0,2.8,2.4,1.6,0.4,2.0,0.4,4.6,2.6,0.4,0.0,0.0,0.0,0.0,0.0,0.6,0.2,0.2,0.0,0.0,0.0,0.0,0.0,0.0,0.0,2.0,24.6,19.8,2.0
000358,Ryan Drenner,ATL,Atlas,7,M,Midfield,2022-06-11,2025-07-11,16.0,13.0,11.0,1.0,12.0,3.0,28.0,21,2.0,0.0,0.0,0.0,0.0,0.0,6.0,3.0,0.0,0,0,0,0.0,0.0,0.0,0.0,13.0,154.0,123.0,0.42857142857142855,0.75,,,,,0.23076923076923078,0.5,2.2857142857142856,1.8571428571428572,1.5714285714285714,0.14285714285714285,1.7142857142857142,0.42857142857142855,4.0,3.0,0.2857142857142857,0.0,0.0,0.0,0.0,0.0,0.8571428571428571,0.42857142857142855,0.0,0.0,0.0,0.0,0.0,0.0,0.0,0.0,1.8571428571428572,22.0,17.571428571428573,1.8571428571428572
000358,Ryan Drenner,CHA,Chaos,4,M,Midfield,2022-07-02,2025-06-29,10.0,7.0,7.0,0.0,7.0,3.0,15.0,10,0.0,0.0,0.0,0.0,0.0,0.0,7.0,1.0,1.0,0,0,0,0.0,0.0,0.0,0.0,5.0,113.0,97.0,0.4666666666666667,0.6666666666666666,,,,,0.6,,2.5,1.75,1.75,0.0,1.75,0.75,3.75,2.5,0.0,0.0,0.0,0.0,0.0,0.0,1.75,0.25,0.25,0.0,0.0,0.0,0.0,0.0,0.0,0.0,1.25,28.25,24.25,1.25
000358,Ryan Drenner,OUT,Outlaws,6,M,Midfield,2022-06-25,2025-07-19,10.0,8.0,8.0,0.0,8.0,2.0,24.0,17,0.0,0.0,0.0,0.0,0.0,0.0,1.0,2.0,1.0,0,0,0,0.0,0.0,0.0,0.0,21.0,146.0,120.0,0.3333333333333333,0.7083333333333334,,,,,0.09523809523809523,,1.6666666666666667,1.3333333333333333,1.3333333333333333,0.0,1.3333333333333333,0.3333333333333333,4.0,2.8333333333333335,0.0,0.0,0.0,0.0,0.0,0.0,0.16666666666666666,0.3333333333333333,0.16666666666666666,0.0,0.0,0.0,0.0,0.0,0.0,0.0,3.5,24.333333333333332,20.0,3.5
000358,Ryan Drenner,RED,Redwoods,5,M,Midfield,2022-08-06,2025-08-08,7.0,5.0,5.0,0.0,5.0,2.0,19.0,12,2.0,0.0,0.0,0.0,0.0,0.0,3.0,4.0,1.0,0,0,0,0.0,0.0,1.0,1.0,8.0,121.0,98.0,0.2631578947368421,0.631578947368421,,,,,0.25,0.0,1.4,1.0,1.0,0.0,1.0,0.4,3.8,2.4,0.4,0.0,0.0,0.0,0.0,0.0,0.6,0.8,0.2,0.0,0.0,0.0,0.0,0.0,0.2,0.2,1.6,24.2,19.6,1.6
000358,Ryan Drenner,WAT,Waterdogs,7,M,Midfield,2022-06-05,2025-08-02,11.0,9.0,9.0,0.0,9.0,2.0,27.0,15,2.0,0.0,0.0,0.0,0.0,0.0,7.0,5.0,0.0,0,0,0,0.0,0.0,0.0,0.0,9.0,152.0,120.0,0.3333333333333333,0.5555555555555556,,,,,0.2222222222222222,0.0,1.5714285714285714,1.2857142857142858,1.2857142857142858,0.0,1.2857142857142858,0.2857142857142857,3.857142857142857,2.142857142857143,0.2857142857142857,0.0,0.0,0.0,0.0,0.0,1.0,0.7142857142857143,0.0,0.0,0.0,0.0,0.0,0.0,0.0,0.0,1.2857142857142858,21.714285714285715,17.142857142857142,1.2857142857142858
000358,Ryan Drenner,WHP,Whipsnakes,6,M,Midfield,2022-08-21,2025-08-09,11.0,10.0,10.0,0.0,10.0,1.0,29.0,16,3.0,0.0,0.0,0.0,0.0,0.0,2.0,3.0,0.0,0,0,0,0.0,0.0,1.0,0.5,11.0,137.0,105.0,0.3448275862068966,0.5517241379310345,,,,,0.09090909090909091,0.0,1.8333333333333333,1.6666666666666667,1.6666666666666667,0.0,1.6666666666666667,0.16666666666666666,4.833333333333333,2.6666666666666665,0.5,0.0,0.0,0.0,0.0,0.0,0.3333333333333333,0.5,0.0,0.0,0.0,0.0,0.0,0.0,0.16666666666666666,0.08333333333333333,1.8333333333333333,22.833333333333332,17.5,1.8333333333333333
000359,Tim Muller,ARC,Archers,7,D,Defense,2022-08-06,2026-07-25,0.0,0.0,0.0,0.0,0.0,0.0,0.0,0,0.0,0.0,0.0,0.0,0.0,0.0,8.0,2.0,4.0,0,0,0,0.0,0.0,0.0,0.0,0.0,56.0,54.0,,,,,,,,,0.0,0.0,0.0,0.0,0.0,0.0,0.0,0.0,0.0,0.0,0.0,0.0,0.0,0.0,1.1428571428571428,0.2857142857142857,0.5714285714285714,0.0,0.0,0.0,0.0,0.0,0.0,0.0,0.0,8.0,7.714285714285714,0.0
000359,Tim Muller,ATL,Atlas,9,D,Defense,2022-06-18,2026-06-21,0.0,0.0,0.0,0.0,0.0,0.0,1.0,0,0.0,0.0,0.0,0.0,0.0,0.0,14.0,1.0,9.0,0,0,0,0.0,0.0,0.0,0.0,2.0,70.0,68.0,0.0,0.0,,,,,0.0,,0.0,0.0,0.0,0.0,0.0,0.0,0.1111111111111111,0.0,0.0,0.0,0.0,0.0,0.0,0.0,1.5555555555555556,0.1111111111111111,1.0,0.0,0.0,0.0,0.0,0.0,0.0,0.0,0.2222222222222222,7.777777777777778,7.555555555555555,0.2222222222222222
000359,Tim Muller,CAN,Cannons,8,D,Defense,2022-08-21,2026-08-07,0.0,0.0,0.0,0.0,0.0,0.0,1.0,0,1.0,0.0,0.0,0.0,0.0,0.0,13.0,0.0,2.0,0,0,0,0.0,0.0,1.0,0.5,2.0,58.0,57.0,0.0,0.0,,,,,0.0,0.0,0.0,0.0,0.0,0.0,0.0,0.0,0.125,0.0,0.125,0.0,0.0,0.0,0.0,0.0,1.625,0.0,0.25,0.0,0.0,0.0,0.0,0.0,0.125,0.0625,0.25,7.25,7.125,0.25
000359,Tim Muller,CHA,Chaos,7,D,Defense,2022-06-04,2026-07-12,0.0,0.0,0.0,0.0,0.0,0.0,0.0,0,0.0,0.0,0.0,0.0,0.0,0.0,10.0,0.0,7.0,0,0,0,0.0,0.0,0.0,0.0,0.0,40.0,40.0,,,,,,,,,0.0,0.0,0.0,0.0,0.0,0.0,0.0,0.0,0.0,0.0,0.0,0.0,0.0,0.0,1.4285714285714286,0.0,1.0,0.0,0.0,0.0,0.0,0.0,0.0,0.0,0.0,5.714285714285714,5.714285714285714,0.0
000359,Tim Muller,OUT,Outlaws,7,D,Defense,2022-07-30,2026-08-01,0.0,0.0,0.0,0.0,0.0,0.0,1.0,1,0.0,0.0,0.0,0.0,0.0,0.0,13.0,2.0,5.0,0,0,0,0.0,0.0,0.0,0.0,0.0,57.0,54.0,0.0,1.0,,,,,,,0.0,0.0,0.0,0.0,0.0,0.0,0.14285714285714285,0.14285714285714285,0.0,0.0,0.0,0.0,0.0,0.0,1.8571428571428572,0.2857142857142857,0.7142857142857143,0.0,0.0,0.0,0.0,0.0,0.0,0.0,0.0,8.142857142857142,7.714285714285714,0.0
000359,Tim Muller,RED,Redwoods,5,D,Defense,2022-06-24,2026-07-17,0.0,0.0,0.0,0.0,0.0,0.0,0.0,0,0.0,0.0,0.0,0.0,0.0,0.0,12.0,0.0,5.0,0,0,0,0.0,0.0,0.0,0.0,0.0,42.0,42.0,,,,,,,,,0.0,0.0,0.0,0.0,0.0,0.0,0.0,0.0,0.0,0.0,0.0,0.0,0.0,0.0,2.4,0.0,1.0,0.0,0.0,0.0,0.0,0.0,0.0,0.0,0.0,8.4,8.4,0.0
000359,Tim Muller,WAT,Waterdogs,8,D,Defense,2022-06-12,2026-05-09,0.0,0.0,0.0,0.0,0.0,0.0,0.0,0,0.0,0.0,0.0,0.0,0.0,0.0,12.0,1.0,4.0,0,0,0,0.0,0.0,0.0,0.0,2.0,49.0,48.0,,,,,,,0.0,,0.0,0.0,0.0,0.0,0.0,0.0,0.0,0.0,0.0,0.0,0.0,0.0,0.0,0.0,1.5,0.125,0.5,0.0,0.0,0.0,0.0,0.0,0.0,0.0,0.25,6.125,6.0,0.25
000361,Tyler Warner,ARC,Archers,3,SSDM,Defensive Midfield,2022-08-06,2023-08-19,0.0,0.0,0.0,0.0,0.0,0.0,1.0,0,1.0,0.0,0.0,0.0,0.0,0.0,5.0,0.0,1.0,0,0,0,0.0,0.0,0.0,0.0,1.0,18.0,17.0,0.0,0.0,,,,,0.0,0.0,0.0,0.0,0.0,0.0,0.0,0.0,0.3333333333333333,0.0,0.3333333333333333,0.0,0.0,0.0,0.0,0.0,1.6666666666666667,0.0,0.3333333333333333,0.0,0.0,0.0,0.0,0.0,0.0,0.0,0.3333333333333333,6.0,5.666666666666667,0.3333333333333333
000361,Tyler Warner,ATL,Atlas,3,SSDM,Defensive Midfield,2022-06-18,2023-06-10,0.0,0.0,0.0,0.0,0.0,0.0,0.0,0,0.0,0.0,0.0,0.0,0.0,0.0,3.0,0.0,2.0,0,0,0,0.0,0.0,0.0,0.0,1.0,22.0,22.0,,,,,,,0.0,,0.0,0.0,0.0,0.0,0.0,0.0,0.0,0.0,0.0,0.0,0.0,0.0,0.0,0.0,1.0,0.0,0.6666666666666666,0.0,0.0,0.0,0.0,0.0,0.0,0.0,0.3333333333333333,7.333333333333333,7.333333333333333,0.3333333333333333
000361,Tyler Warner,CAN,Cannons,2,SSDM,Defensive Midfield,2022-08-21,2023-08-26,0.0,0.0,0.0,0.0,0.0,0.0,1.0,0,0.0,0.0,0.0,0.0,0.0,0.0,2.0,0.0,0.0,0,0,0,0.0,0.0,0.0,0.0,1.0,8.0,7.0,0.0,0.0,,,,,0.0,,0.0,0.0,0.0,0.0,0.0,0.0,0.5,0.0,0.0,0.0,0.0,0.0,0.0,0.0,1.0,0.0,0.0,0.0,0.0,0.0,0.0,0.0,0.0,0.0,0.5,4.0,3.5,0.5
000361,Tyler Warner,CHA,Chaos,4,SSDM,Defensive Midfield,2022-06-04,2023-08-12,1.0,1.0,1.0,0.0,1.0,0.0,2.0,1,1.0,0.0,0.0,0.0,0.0,0.0,4.0,1.0,0.0,0,0,0,0.0,0.0,0.0,0.0,2.0,23.0,20.0,0.5,0.5,,,,,0.0,0.0,0.25,0.25,0.25,0.0,0.25,0.0,0.5,0.25,0.25,0.0,0.0,0.0,0.0,0.0,1.0,0.25,0.0,0.0,0.0,0.0,0.0,0.0,0.0,0.0,0.5,5.75,5.0,0.5
000361,Tyler Warner,OUT,Outlaws,3,SSDM,Defensive Midfield,2022-07-30,2023-08-05,1.0,1.0,1.0,0.0,1.0,0.0,1.0,1,0.0,0.0,0.0,0.0,0.0,0.0,2.0,1.0,0.0,0,0,0,0.0,0.0,1.0,0.5,0.0,21.0,19.0,1.0,1.0,,,,,,,0.3333333333333333,0.3333333333333333,0.3333333333333333,0.0,0.3333333333333333,0.0,0.3333333333333333,0.3333333333333333,0.0,0.0,0.0,0.0,0.0,0.0,0.6666666666666666,0.3333333333333333,0.0,0.0,0.0,0.0,0.0,0.0,0.3333333333333333,0.16666666666666666,0.0,7.0,6.333333333333333,0.0
000361,Tyler Warner,RED,Redwoods,2,SSDM,Defensive Midfield,2022-06-24,2023-06-17,0.0,0.0,0.0,0.0,0.0,0.0,0.0,0,0.0,0.0,0.0,0.0,0.0,0.0,11.0,1.0,2.0,0,0,0,0.0,0.0,0.0,0.0,1.0,15.0,14.0,,,,,,,0.0,,0.0,0.0,0.0,0.0,0.0,0.0,0.0,0.0,0.0,0.0,0.0,0.0,0.0,0.0,5.5,0.5,1.0,0.0,0.0,0.0,0.0,0.0,0.0,0.0,0.5,7.5,7.0,0.5
000361,Tyler Warner,WAT,Waterdogs,2,SSDM,Defensive Midfield,2022-06-12,2023-07-14,0.0,0.0,0.0,0.0,0.0,0.0,0.0,0,0.0,0.0,0.0,0.0,0.0,0.0,4.0,0.0,0.0,0,0,0,0.0,0.0,0.0,0.0,0.0,12.0,12.0,,,,,,,,,0.0,0.0,0.0,0.0,0.0,0.0,0.0,0.0,0.0,0.0,0.0,0.0,0.0,0.0,2.0,0.0,0.0,0.0,0.0,0.0,0.0,0.0,0.0,0.0,0.0,6.0,6.0,0.0
000363,Ryan Conrad,ARC,Archers,4,M,Midfield,2022-08-21,2024-06-01,9.0,7.0,7.0,0.0,7.0,2.0,16.0,14,0.0,0.0,0.0,0.0,0.0,0.0,2.0,3.0,0.0,0,0,0,0.0,0.0,1.0,0.5,11.0,62.0,43.0,0.4375,0.875,,,,,0.18181818181818182,,2.25,1.75,1.75,0.0,1.75,0.5,4.0,3.5,0.0,0.0,0.0,0.0,0.0,0.0,0.5,0.75,0.0,0.0,0.0,0.0,0.0,0.0,0.25,0.125,2.75,15.5,10.75,2.75
000363,Ryan Conrad,ATL,Atlas,3,M,Midfield,2022-08-06,2024-07-28,6.0,3.0,3.0,0.0,3.0,3.0,11.0,7,0.0,0.0,0.0,0.0,0.0,0.0,2.0,3.0,0.0,0,0,0,0.0,0.0,0.0,0.0,5.0,59.0,45.0,0.2727272727272727,0.6363636363636364,,,,,0.6,,2.0,1.0,1.0,0.0,1.0,1.0,3.6666666666666665,2.3333333333333335,0.0,0.0,0.0,0.0,0.0,0.0,0.6666666666666666,1.0,0.0,0.0,0.0,0.0,0.0,0.0,0.0,0.0,1.6666666666666667,19.666666666666668,15.0,1.6666666666666667
000363,Ryan Conrad,CAN,Cannons,4,M,Midfield,2022-07-31,2024-07-06,3.0,3.0,3.0,0.0,3.0,0.0,18.0,12,2.0,0.0,0.0,0.0,0.0,0.0,3.0,5.0,1.0,0,0,0,0.0,0.0,1.0,0.5,5.0,74.0,51.0,0.16666666666666666,0.6666666666666666,,,,,0.0,0.0,0.75,0.75,0.75,0.0,0.75,0.0,4.5,3.0,0.5,0.0,0.0,0.0,0.0,0.0,0.75,1.25,0.25,0.0,0.0,0.0,0.0,0.0,0.25,0.125,1.25,18.5,12.75,1.25
000363,Ryan Conrad,CHA,Chaos,4,M,Midfield,2022-06-25,2024-06-30,8.0,4.0,2.0,1.0,3.0,4.0,16.0,10,2.0,0.0,0.0,0.0,0.0,0.0,4.0,6.0,0.0,0,0,0,0.0,0.0,2.0,1.0,5.0,85.0,63.0,0.1875,0.625,,,,,0.8,0.5,2.0,1.0,0.5,0.25,0.75,1.0,4.0,2.5,0.5,0.0,0.0,0.0,0.0,0.0,1.0,1.5,0.0,0.0,0.0,0.0,0.0,0.0,0.5,0.25,1.25,21.25,15.75,1.25
000363,Ryan Conrad,OUT,Outlaws,4,M,Midfield,2022-06-17,2024-08-10,8.0,5.0,5.0,0.0,5.0,3.0,16.0,8,1.0,0.0,0.0,0.0,0.0,0.0,4.0,9.0,1.0,0,0,0,0.0,0.0,0.0,0.0,9.0,95.0,70.0,0.3125,0.5,,,,,0.3333333333333333,0.0,2.0,1.25,1.25,0.0,1.25,0.75,4.0,2.0,0.25,0.0,0.0,0.0,0.0,0.0,1.0,2.25,0.25,0.0,0.0,0.0,0.0,0.0,0.0,0.0,2.25,23.75,17.5,2.25
000363,Ryan Conrad,RED,Redwoods,2,M,Midfield,2022-08-13,2023-06-10,2.0,1.0,1.0,0.0,1.0,1.0,6.0,4,0.0,0.0,0.0,0.0,0.0,0.0,0.0,2.0,1.0,0,0,0,0.0,0.0,0.0,0.0,3.0,36.0,28.0,0.16666666666666666,0.6666666666666666,,,,,0.3333333333333333,,1.0,0.5,0.5,0.0,0.5,0.5,3.0,2.0,0.0,0.0,0.0,0.0,0.0,0.0,0.0,1.0,0.5,0.0,0.0,0.0,0.0,0.0,0.0,0.0,1.5,18.0,14.0,1.5
000363,Ryan Conrad,WHP,Whipsnakes,3,M,Midfield,2022-07-03,2024-08-03,4.0,3.0,3.0,0.0,3.0,1.0,13.0,7,1.0,0.0,0.0,0.0,0.0,0.0,2.0,1.0,0.0,0,1,1,0.0,0.0,0.0,0.0,4.0,53.0,39.0,0.23076923076923078,0.5384615384615384,0.0,,,,0.25,0.0,1.3333333333333333,1.0,1.0,0.0,1.0,0.3333333333333333,4.333333333333333,2.3333333333333335,0.3333333333333333,0.0,0.0,0.0,0.0,0.0,0.6666666666666666,0.3333333333333333,0.0,0.0,0.3333333333333333,0.3333333333333333,0.0,0.0,0.0,0.0,1.3333333333333333,17.666666666666668,13.0,1.3333333333333333
000365,Jack Rowlett,ARC,Archers,8,D,Defense,2022-06-11,2026-06-05,0.0,0.0,0.0,0.0,0.0,0.0,3.0,1,3.0,0.0,0.0,0.0,0.0,0.0,14.0,1.0,9.0,2,1,3,0.0,0.0,3.0,3.0,1.0,60.0,56.0,0.0,0.3333333333333333,0.6666666666666666,,,,0.0,0.0,0.0,0.0,0.0,0.0,0.0,0.0,0.375,0.125,0.375,0.0,0.0,0.0,0.0,0.0,1.75,0.125,1.125,0.25,0.125,0.375,0.0,0.0,0.375,0.375,0.125,7.5,7.0,0.125
000365,Jack Rowlett,ATL,Atlas,5,D,Defense,2022-08-21,2026-05-09,0.0,0.0,0.0,0.0,0.0,0.0,1.0,1,1.0,0.0,0.0,0.0,0.0,0.0,3.0,1.0,4.0,0,1,1,0.0,0.0,3.0,3.0,0.0,32.0,30.0,0.0,1.0,0.0,,,,,0.0,0.0,0.0,0.0,0.0,0.0,0.0,0.2,0.2,0.2,0.0,0.0,0.0,0.0,0.0,0.6,0.2,0.8,0.0,0.2,0.2,0.0,0.0,0.6,0.6,0.0,6.4,6.0,0.0
000365,Jack Rowlett,CAN,Cannons,5,D,Defense,2022-07-02,2026-05-15,1.0,1.0,1.0,0.0,1.0,0.0,2.0,2,1.0,0.0,0.0,0.0,0.0,0.0,7.0,2.0,0.0,2,7,9,0.0,0.0,2.0,3.0,1.0,26.0,22.0,0.5,1.0,0.2222222222222222,,,,0.0,0.0,0.2,0.2,0.2,0.0,0.2,0.0,0.4,0.4,0.2,0.0,0.0,0.0,0.0,0.0,1.4,0.4,0.0,0.4,1.4,1.8,0.0,0.0,0.4,0.6,0.2,5.2,4.4,0.2
000365,Jack Rowlett,OUT,Outlaws,8,D,Defense,2022-08-06,2026-07-18,2.0,2.0,0.0,1.0,1.0,0.0,1.0,1,1.0,0.0,0.0,0.0,0.0,0.0,14.0,4.0,8.0,0,1,1,0.0,0.0,2.0,2.0,0.0,47.0,42.0,1.0,1.0,0.0,,,,,1.0,0.25,0.25,0.0,0.125,0.125,0.0,0.125,0.125,0.125,0.0,0.0,0.0,0.0,0.0,1.75,0.5,1.0,0.0,0.125,0.125,0.0,0.0,0.25,0.25,0.0,5.875,5.25,0.0
000365,Jack Rowlett,RED,Redwoods,8,D,Defense,2022-06-18,2026-06-28,0.0,0.0,0.0,0.0,0.0,0.0,1.0,0,1.0,0.0,0.0,0.0,0.0,0.0,9.0,3.0,7.0,0,2,2,0.0,0.0,4.0,3.5,2.0,55.0,51.0,0.0,0.0,0.0,,,,0.0,0.0,0.0,0.0,0.0,0.0,0.0,0.0,0.125,0.0,0.125,0.0,0.0,0.0,0.0,0.0,1.125,0.375,0.875,0.0,0.25,0.25,0.0,0.0,0.5,0.4375,0.25,6.875,6.375,0.25
000365,Jack Rowlett,WAT,Waterdogs,5,D,Defense,2022-06-25,2025-07-26,0.0,0.0,0.0,0.0,0.0,0.0,2.0,0,2.0,0.0,0.0,0.0,0.0,0.0,5.0,1.0,4.0,0,0,0,0.0,0.0,3.0,2.5,0.0,30.0,27.0,0.0,0.0,,,,,,0.0,0.0,0.0,0.0,0.0,0.0,0.0,0.4,0.0,0.4,0.0,0.0,0.0,0.0,0.0,1.0,0.2,0.8,0.0,0.0,0.0,0.0,0.0,0.6,0.5,0.0,6.0,5.4,0.0
000365,Jack Rowlett,WHP,Whipsnakes,6,D,Defense,2022-06-04,2025-06-22,0.0,0.0,0.0,0.0,0.0,0.0,0.0,0,0.0,0.0,0.0,0.0,0.0,0.0,8.0,0.0,6.0,0,0,0,0.0,0.0,2.0,1.5,0.0,30.0,30.0,,,,,,,,,0.0,0.0,0.0,0.0,0.0,0.0,0.0,0.0,0.0,0.0,0.0,0.0,0.0,0.0,1.3333333333333333,0.0,1.0,0.0,0.0,0.0,0.0,0.0,0.3333333333333333,0.25,0.0,5.0,5.0,0.0
000366,Connor Farrell,ARC,Archers,4,FO,Faceoff,2022-06-05,2026-06-28,0.0,0.0,0.0,0.0,0.0,0.0,2.0,1,0.0,0.0,0.0,0.0,0.0,0.0,27.0,5.0,0.0,45,39,84,0.0,0.0,0.0,0.0,0.0,23.0,16.0,0.0,0.5,0.5357142857142857,,,,,,0.0,0.0,0.0,0.0,0.0,0.0,0.5,0.25,0.0,0.0,0.0,0.0,0.0,0.0,6.75,1.25,0.0,11.25,9.75,21.0,0.0,0.0,0.0,0.0,0.0,5.75,4.0,0.0
000366,Connor Farrell,ATL,Atlas,1,FO,Faceoff,2022-07-02,2022-07-02,0.0,0.0,0.0,0.0,0.0,0.0,0.0,0,0.0,0.0,0.0,0.0,0.0,0.0,4.0,2.0,0.0,12,11,23,0.0,0.0,0.0,0.0,0.0,4.0,2.0,,,0.5217391304347826,,,,,,0.0,0.0,0.0,0.0,0.0,0.0,0.0,0.0,0.0,0.0,0.0,0.0,0.0,0.0,4.0,2.0,0.0,12.0,11.0,23.0,0.0,0.0,0.0,0.0,0.0,4.0,2.0,0.0
000366,Connor Farrell,CAN,Cannons,6,FO,Faceoff,2022-06-25,2026-06-07,0.0,0.0,0.0,0.0,0.0,0.0,4.0,3,1.0,0.0,0.0,0.0,0.0,0.0,63.0,9.0,1.0,87,53,142,0.0,0.0,0.0,0.0,0.0,56.0,43.0,0.0,0.75,0.6126760563380281,,,,,0.0,0.0,0.0,0.0,0.0,0.0,0.0,0.6666666666666666,0.5,0.16666666666666666,0.0,0.0,0.0,0.0,0.0,10.5,1.5,0.16666666666666666,14.5,8.833333333333334,23.666666666666668,0.0,0.0,0.0,0.0,0.0,9.333333333333334,7.166666666666667,0.0
000366,Connor Farrell,CHA,Chaos,3,FO,Faceoff,2022-08-06,2026-05-31,0.0,0.0,0.0,0.0,0.0,0.0,1.0,0,0.0,0.0,0.0,0.0,0.0,0.0,18.0,1.0,0.0,31,34,65,0.0,0.0,1.0,2.0,0.0,13.0,11.0,0.0,0.0,0.47692307692307695,,,,,,0.0,0.0,0.0,0.0,0.0,0.0,0.3333333333333333,0.0,0.0,0.0,0.0,0.0,0.0,0.0,6.0,0.3333333333333333,0.0,10.333333333333334,11.333333333333334,21.666666666666668,0.0,0.0,0.3333333333333333,0.6666666666666666,0.0,4.333333333333333,3.6666666666666665,0.0
000366,Connor Farrell,RED,Redwoods,3,FO,Faceoff,2022-06-10,2023-08-20,1.0,1.0,1.0,0.0,1.0,0.0,4.0,3,1.0,0.0,0.0,0.0,0.0,0.0,19.0,3.0,2.0,34,29,63,0.0,0.0,1.0,1.0,0.0,17.0,10.0,0.25,0.75,0.5396825396825397,,,,,0.0,0.3333333333333333,0.3333333333333333,0.3333333333333333,0.0,0.3333333333333333,0.0,1.3333333333333333,1.0,0.3333333333333333,0.0,0.0,0.0,0.0,0.0,6.333333333333333,1.0,0.6666666666666666,11.333333333333334,9.666666666666666,21.0,0.0,0.0,0.3333333333333333,0.3333333333333333,0.0,5.666666666666667,3.3333333333333335,0.0
000366,Connor Farrell,WAT,Waterdogs,3,FO,Faceoff,2022-06-17,2023-07-08,1.0,1.0,1.0,0.0,1.0,0.0,2.0,1,0.0,0.0,0.0,0.0,0.0,0.0,44.0,7.0,0.0,50,21,72,0.0,0.0,0.0,0.0,1.0,39.0,30.0,0.5,0.5,0.6944444444444444,,,,0.0,,0.3333333333333333,0.3333333333333333,0.3333333333333333,0.0,0.3333333333333333,0.0,0.6666666666666666,0.3333333333333333,0.0,0.0,0.0,0.0,0.0,0.0,14.666666666666666,2.3333333333333335,0.0,16.666666666666668,7.0,24.0,0.0,0.0,0.0,0.0,0.3333333333333333,13.0,10.0,0.3333333333333333
000366,Connor Farrell,WHP,Whipsnakes,3,FO,Faceoff,2022-07-30,2026-05-09,0.0,0.0,0.0,0.0,0.0,0.0,1.0,0,0.0,0.0,0.0,0.0,0.0,0.0,27.0,4.0,0.0,36,35,71,0.0,0.0,0.0,0.0,1.0,21.0,16.0,0.0,0.0,0.5070422535211268,,,,0.0,,0.0,0.0,0.0,0.0,0.0,0.0,0.3333333333333333,0.0,0.0,0.0,0.0,0.0,0.0,0.0,9.0,1.3333333333333333,0.0,12.0,11.666666666666666,23.666666666666668,0.0,0.0,0.0,0.0,0.3333333333333333,7.0,5.333333333333333,0.3333333333333333
000368,Chris Sabia,ARC,Archers,4,LSM,Long Stick Midfield,2022-08-21,2024-06-01,0.0,0.0,0.0,0.0,0.0,0.0,0.0,0,0.0,0.0,0.0,0.0,0.0,0.0,6.0,0.0,5.0,0,0,0,0.0,0.0,3.0,1.5,0.0,22.0,22.0,,,,,,,,,0.0,0.0,0.0,0.0,0.0,0.0,0.0,0.0,0.0,0.0,0.0,0.0,0.0,0.0,1.5,0.0,1.25,0.0,0.0,0.0,0.0,0.0,0.75,0.375,0.0,5.5,5.5,0.0
000368,Chris Sabia,ATL,Atlas,4,LSM,Long Stick Midfield,2022-08-06,2024-08-17,0.0,0.0,0.0,0.0,0.0,0.0,3.0,3,1.0,0.0,0.0,0.0,0.0,0.0,11.0,1.0,5.0,0,0,0,0.0,0.0,1.0,1.0,0.0,22.0,18.0,0.0,1.0,,,,,,0.0,0.0,0.0,0.0,0.0,0.0,0.0,0.75,0.75,0.25,0.0,0.0,0.0,0.0,0.0,2.75,0.25,1.25,0.0,0.0,0.0,0.0,0.0,0.25,0.25,0.0,5.5,4.5,0.0
000368,Chris Sabia,CAN,Cannons,3,LSM,Long Stick Midfield,2022-06-05,2023-08-06,1.0,0.0,0.0,0.0,0.0,1.0,1.0,1,0.0,0.0,0.0,0.0,0.0,0.0,6.0,0.0,4.0,0,0,0,0.0,0.0,0.0,0.0,1.0,12.0,11.0,0.0,1.0,,,,,1.0,,0.3333333333333333,0.0,0.0,0.0,0.0,0.3333333333333333,0.3333333333333333,0.3333333333333333,0.0,0.0,0.0,0.0,0.0,0.0,2.0,0.0,1.3333333333333333,0.0,0.0,0.0,0.0,0.0,0.0,0.0,0.3333333333333333,4.0,3.6666666666666665,0.3333333333333333
000368,Chris Sabia,CHA,Chaos,2,LSM,Long Stick Midfield,2022-06-25,2023-08-20,0.0,0.0,0.0,0.0,0.0,0.0,0.0,0,0.0,0.0,0.0,0.0,0.0,0.0,4.0,1.0,1.0,0,0,0,0.0,0.0,3.0,2.0,0.0,12.0,11.0,,,,,,,,,0.0,0.0,0.0,0.0,0.0,0.0,0.0,0.0,0.0,0.0,0.0,0.0,0.0,0.0,2.0,0.5,0.5,0.0,0.0,0.0,0.0,0.0,1.5,1.0,0.0,6.0,5.5,0.0
000368,Chris Sabia,OUT,Outlaws,2,LSM,Long Stick Midfield,2022-07-24,2024-07-19,0.0,0.0,0.0,0.0,0.0,0.0,0.0,0,0.0,0.0,0.0,0.0,0.0,0.0,1.0,1.0,0.0,0,0,0,0.0,0.0,0.0,0.0,0.0,3.0,2.0,,,,,,,,,0.0,0.0,0.0,0.0,0.0,0.0,0.0,0.0,0.0,0.0,0.0,0.0,0.0,0.0,0.5,0.5,0.0,0.0,0.0,0.0,0.0,0.0,0.0,0.0,0.0,1.5,1.0,0.0
000368,Chris Sabia,RED,Redwoods,2,LSM,Long Stick Midfield,2022-08-13,2024-08-10,1.0,0.0,0.0,0.0,0.0,1.0,0.0,0,0.0,0.0,0.0,0.0,0.0,0.0,2.0,0.0,1.0,0,0,0,0.0,0.0,1.0,1.0,1.0,6.0,6.0,,,,,,,1.0,,0.5,0.0,0.0,0.0,0.0,0.5,0.0,0.0,0.0,0.0,0.0,0.0,0.0,0.0,1.0,0.0,0.5,0.0,0.0,0.0,0.0,0.0,0.5,0.5,0.5,3.0,3.0,0.5
000368,Chris Sabia,WHP,Whipsnakes,3,LSM,Long Stick Midfield,2022-06-12,2024-08-03,1.0,0.0,0.0,0.0,0.0,1.0,2.0,1,0.0,0.0,0.0,0.0,0.0,0.0,4.0,0.0,1.0,0,0,0,0.0,0.0,0.0,0.0,1.0,12.0,10.0,0.0,0.5,,,,,1.0,,0.3333333333333333,0.0,0.0,0.0,0.0,0.3333333333333333,0.6666666666666666,0.3333333333333333,0.0,0.0,0.0,0.0,0.0,0.0,1.3333333333333333,0.0,0.3333333333333333,0.0,0.0,0.0,0.0,0.0,0.0,0.0,0.3333333333333333,4.0,3.3333333333333335,0.3333333333333333
000369,Clarke Petterson,CHA,Chaos,1,A,Attack,2022-08-21,2022-08-21,2.0,1.0,1.0,0.0,1.0,1.0,3.0,1,0.0,0.0,0.0,0.0,0.0,0.0,1.0,0.0,0.0,0,0,0,0.0,0.0,0.0,0.0,1.0,9.0,6.0,0.3333333333333333,0.3333333333333333,,,,,1.0,,2.0,1.0,1.0,0.0,1.0,1.0,3.0,1.0,0.0,0.0,0.0,0.0,0.0,0.0,1.0,0.0,0.0,0.0,0.0,0.0,0.0,0.0,0.0,0.0,1.0,9.0,6.0,1.0
000370,Tim Troutner,ATL,Atlas,1,G,Goalie,2022-06-04,2022-06-04,0.0,0.0,0.0,0.0,0.0,0.0,0.0,0,0.0,2.0,1.0,1.0,6.0,11.723202170963365,2.0,0.0,0.0,0,0,0,6.0,0.0,0.0,0.0,0.0,5.0,5.0,,,,0.25,50.0,0.125,,,0.0,0.0,0.0,0.0,0.0,0.0,0.0,0.0,0.0,2.0,1.0,1.0,6.0,11.723202170963365,2.0,0.0,0.0,0.0,0.0,0.0,6.0,0.0,0.0,0.0,0.0,5.0,5.0,0.0
000370,Tim Troutner,CAN,Cannons,1,G,Goalie,2024-06-01,2024-06-01,0.0,0.0,0.0,0.0,0.0,0.0,0.0,0,0.0,13.0,8.0,5.0,12.0,12.0,3.0,1.0,0.0,0,0,0,11.0,1.0,0.0,0.0,0.0,14.0,13.0,,,,0.5416666666666666,61.53846153846154,0.3333333333333333,,,0.0,0.0,0.0,0.0,0.0,0.0,0.0,0.0,0.0,13.0,8.0,5.0,12.0,12.0,3.0,1.0,0.0,0.0,0.0,0.0,11.0,1.0,0.0,0.0,0.0,14.0,13.0,0.0
000370,Tim Troutner,CHA,Chaos,4,G,Goalie,2022-06-18,2026-08-01,0.0,0.0,0.0,0.0,0.0,0.0,1.0,1,1.0,16.0,5.0,11.0,21.0,50.8232044198895,5.0,0.0,3.0,0,0,0,18.0,3.0,0.0,0.0,0.0,30.0,29.0,0.0,1.0,,0.47058823529411764,31.25,0.14705882352941177,,0.0,0.0,0.0,0.0,0.0,0.0,0.0,0.25,0.25,0.25,4.0,1.25,2.75,5.25,12.705801104972375,1.25,0.0,0.75,0.0,0.0,0.0,4.5,0.75,0.0,0.0,0.0,7.5,7.25,0.0
000370,Tim Troutner,OUT,Outlaws,2,G,Goalie,2022-06-10,2026-07-26,0.0,0.0,0.0,0.0,0.0,0.0,0.0,0,0.0,6.0,3.0,3.0,12.0,12.0,4.0,1.0,1.0,0,0,0,12.0,0.0,0.0,0.0,0.0,11.0,10.0,,,,0.3333333333333333,50.0,0.16666666666666666,,,0.0,0.0,0.0,0.0,0.0,0.0,0.0,0.0,0.0,3.0,1.5,1.5,6.0,6.0,2.0,0.5,0.5,0.0,0.0,0.0,6.0,0.0,0.0,0.0,0.0,5.5,5.0,0.0
000370,Tim Troutner,RED,Redwoods,1,G,Goalie,2024-06-16,2024-06-16,0.0,0.0,0.0,0.0,0.0,0.0,0.0,0,0.0,16.0,6.0,10.0,15.0,15.0,4.0,0.0,1.0,0,0,0,14.0,1.0,0.0,0.0,1.0,27.0,27.0,,,,0.5333333333333333,37.5,0.2,0.0,,0.0,0.0,0.0,0.0,0.0,0.0,0.0,0.0,0.0,16.0,6.0,10.0,15.0,15.0,4.0,0.0,1.0,0.0,0.0,0.0,14.0,1.0,0.0,0.0,1.0,27.0,27.0,1.0
000370,Tim Troutner,WHP,Whipsnakes,3,G,Goalie,2022-06-24,2024-06-28,0.0,0.0,0.0,0.0,0.0,0.0,1.0,0,1.0,28.0,11.0,17.0,39.0,42.919999999999995,6.0,1.0,0.0,0,0,0,35.0,4.0,0.0,0.0,1.0,48.0,46.0,0.0,0.0,,0.4444444444444444,39.285714285714285,0.1746031746031746,0.0,0.0,0.0,0.0,0.0,0.0,0.0,0.0,0.3333333333333333,0.0,0.3333333333333333,9.333333333333334,3.6666666666666665,5.666666666666667,13.0,14.306666666666665,2.0,0.3333333333333333,0.0,0.0,0.0,0.0,11.666666666666666,1.3333333333333333,0.0,0.0,0.3333333333333333,16.0,15.333333333333334,0.3333333333333333
000373,Ryder Garnsey,ARC,Archers,7,A,Attack,2022-07-01,2026-06-20,9.0,6.0,6.0,0.0,6.0,3.0,23.0,13,2.0,0.0,0.0,0.0,0.0,0.0,10.0,12.0,1.0,0,0,0,0.0,0.0,1.0,1.0,10.0,172.0,137.0,0.2608695652173913,0.5652173913043478,,,,,0.3,0.0,1.2857142857142858,0.8571428571428571,0.8571428571428571,0.0,0.8571428571428571,0.42857142857142855,3.2857142857142856,1.8571428571428572,0.2857142857142857,0.0,0.0,0.0,0.0,0.0,1.4285714285714286,1.7142857142857142,0.14285714285714285,0.0,0.0,0.0,0.0,0.0,0.14285714285714285,0.14285714285714285,1.4285714285714286,24.571428571428573,19.571428571428573,1.4285714285714286
000373,Ryder Garnsey,ATL,Atlas,8,A,Attack,2022-06-04,2026-08-02,29.0,18.0,16.0,1.0,17.0,11.0,45.0,34,3.0,0.0,0.0,0.0,0.0,0.0,11.0,13.0,1.0,0,0,0,0.0,0.0,1.0,0.5,20.0,192.0,134.0,0.37777777777777777,0.7555555555555555,,,,,0.55,0.3333333333333333,3.625,2.25,2.0,0.125,2.125,1.375,5.625,4.25,0.375,0.0,0.0,0.0,0.0,0.0,1.375,1.625,0.125,0.0,0.0,0.0,0.0,0.0,0.125,0.0625,2.5,24.0,16.75,2.5
000373,Ryder Garnsey,CAN,Cannons,7,A,Attack,2022-08-06,2026-08-09,19.0,12.0,12.0,0.0,12.0,7.0,42.0,27,1.0,0.0,0.0,0.0,0.0,0.0,13.0,19.0,2.0,0,0,0,0.0,0.0,1.0,0.5,24.0,237.0,176.0,0.2857142857142857,0.6428571428571429,,,,,0.2916666666666667,0.0,2.7142857142857144,1.7142857142857142,1.7142857142857142,0.0,1.7142857142857142,1.0,6.0,3.857142857142857,0.14285714285714285,0.0,0.0,0.0,0.0,0.0,1.8571428571428572,2.7142857142857144,0.2857142857142857,0.0,0.0,0.0,0.0,0.0,0.14285714285714285,0.07142857142857142,3.4285714285714284,33.857142857142854,25.142857142857142,3.4285714285714284
000373,Ryder Garnsey,CHA,Chaos,10,A,Attack,2022-06-18,2026-07-31,33.0,23.0,23.0,0.0,23.0,10.0,72.0,41,2.0,0.0,0.0,0.0,0.0,0.0,17.0,20.0,0.0,0,0,0,0.0,0.0,3.0,2.0,29.0,406.0,314.0,0.3194444444444444,0.5694444444444444,,,,,0.3448275862068966,0.0,3.3,2.3,2.3,0.0,2.3,1.0,7.2,4.1,0.2,0.0,0.0,0.0,0.0,0.0,1.7,2.0,0.0,0.0,0.0,0.0,0.0,0.0,0.3,0.2,2.9,40.6,31.4,2.9
000373,Ryder Garnsey,OUT,Outlaws,7,A,Attack,2022-06-10,2025-06-28,10.0,5.0,5.0,0.0,5.0,5.0,25.0,16,2.0,0.0,0.0,0.0,0.0,0.0,11.0,16.0,2.0,0,0,0,0.0,0.0,2.0,2.0,17.0,208.0,167.0,0.2,0.64,,,,,0.29411764705882354,0.0,1.4285714285714286,0.7142857142857143,0.7142857142857143,0.0,0.7142857142857143,0.7142857142857143,3.5714285714285716,2.2857142857142856,0.2857142857142857,0.0,0.0,0.0,0.0,0.0,1.5714285714285714,2.2857142857142856,0.2857142857142857,0.0,0.0,0.0,0.0,0.0,0.2857142857142857,0.2857142857142857,2.4285714285714284,29.714285714285715,23.857142857142858,2.4285714285714284
000373,Ryder Garnsey,WAT,Waterdogs,5,A,Attack,2022-08-13,2026-07-10,15.0,11.0,11.0,0.0,11.0,4.0,24.0,16,0.0,0.0,0.0,0.0,0.0,0.0,9.0,7.0,0.0,0,0,0,0.0,0.0,0.0,0.0,16.0,151.0,120.0,0.4583333333333333,0.6666666666666666,,,,,0.25,,3.0,2.2,2.2,0.0,2.2,0.8,4.8,3.2,0.0,0.0,0.0,0.0,0.0,0.0,1.8,1.4,0.0,0.0,0.0,0.0,0.0,0.0,0.0,0.0,3.2,30.2,24.0,3.2
000373,Ryder Garnsey,WHP,Whipsnakes,5,A,Attack,2022-06-24,2026-07-17,17.0,11.0,11.0,0.0,11.0,6.0,29.0,19,2.0,0.0,0.0,0.0,0.0,0.0,8.0,10.0,0.0,0,0,0,0.0,0.0,1.0,1.0,16.0,153.0,114.0,0.3793103448275862,0.6551724137931034,,,,,0.375,0.0,3.4,2.2,2.2,0.0,2.2,1.2,5.8,3.8,0.4,0.0,0.0,0.0,0.0,0.0,1.6,2.0,0.0,0.0,0.0,0.0,0.0,0.0,0.2,0.2,3.2,30.6,22.8,3.2
000376,Cade van Raaphorst,ARC,Archers,3,D,Defense,2022-06-26,2024-06-29,2.0,2.0,0.0,1.0,1.0,0.0,7.0,2,6.0,0.0,0.0,0.0,0.0,0.0,7.0,2.0,5.0,0,0,0,0.0,0.0,0.0,0.0,0.0,36.0,27.0,0.14285714285714285,0.2857142857142857,,,,,,0.16666666666666666,0.6666666666666666,0.6666666666666666,0.0,0.3333333333333333,0.3333333333333333,0.0,2.3333333333333335,0.6666666666666666,2.0,0.0,0.0,0.0,0.0,0.0,2.3333333333333335,0.6666666666666666,1.6666666666666667,0.0,0.0,0.0,0.0,0.0,0.0,0.0,0.0,12.0,9.0,0.0
000376,Cade van Raaphorst,ATL,Atlas,4,D,Defense,2023-07-09,2024-07-20,3.0,2.0,0.0,1.0,1.0,1.0,7.0,3,7.0,0.0,0.0,0.0,0.0,0.0,16.0,3.0,5.0,0,0,0,0.0,0.0,0.0,0.0,1.0,47.0,37.0,0.14285714285714285,0.42857142857142855,,,,,1.0,0.14285714285714285,0.75,0.5,0.0,0.25,0.25,0.25,1.75,0.75,1.75,0.0,0.0,0.0,0.0,0.0,4.0,0.75,1.25,0.0,0.0,0.0,0.0,0.0,0.0,0.0,0.25,11.75,9.25,0.25
000376,Cade van Raaphorst,CAN,Cannons,1,D,Defense,2022-06-11,2022-06-11,0.0,0.0,0.0,0.0,0.0,0.0,2.0,2,1.0,0.0,0.0,0.0,0.0,0.0,5.0,1.0,1.0,0,0,0,0.0,0.0,1.0,0.5,0.0,12.0,9.0,0.0,1.0,,,,,,0.0,0.0,0.0,0.0,0.0,0.0,0.0,2.0,2.0,1.0,0.0,0.0,0.0,0.0,0.0,5.0,1.0,1.0,0.0,0.0,0.0,0.0,0.0,1.0,0.5,0.0,12.0,9.0,0.0
000376,Cade van Raaphorst,CHA,Chaos,2,D,Defense,2022-08-21,2024-08-17,0.0,0.0,0.0,0.0,0.0,0.0,2.0,1,2.0,0.0,0.0,0.0,0.0,0.0,5.0,1.0,0.0,0,0,0,0.0,0.0,1.0,0.5,0.0,15.0,12.0,0.0,0.5,,,,,,0.0,0.0,0.0,0.0,0.0,0.0,0.0,1.0,0.5,1.0,0.0,0.0,0.0,0.0,0.0,2.5,0.5,0.0,0.0,0.0,0.0,0.0,0.0,0.5,0.25,0.0,7.5,6.0,0.0
000376,Cade van Raaphorst,OUT,Outlaws,3,D,Defense,2022-07-02,2024-07-27,3.0,2.0,0.0,1.0,1.0,1.0,3.0,1,3.0,0.0,0.0,0.0,0.0,0.0,7.0,1.0,1.0,0,1,2,0.0,0.0,0.0,0.0,1.0,23.0,19.0,0.3333333333333333,0.3333333333333333,0.0,,,,1.0,0.3333333333333333,1.0,0.6666666666666666,0.0,0.3333333333333333,0.3333333333333333,0.3333333333333333,1.0,0.3333333333333333,1.0,0.0,0.0,0.0,0.0,0.0,2.3333333333333335,0.3333333333333333,0.3333333333333333,0.0,0.3333333333333333,0.6666666666666666,0.0,0.0,0.0,0.0,0.3333333333333333,7.666666666666667,6.333333333333333,0.3333333333333333
000376,Cade van Raaphorst,RED,Redwoods,5,D,Defense,2022-06-04,2024-07-05,4.0,4.0,0.0,2.0,2.0,0.0,6.0,4,6.0,0.0,0.0,0.0,0.0,0.0,13.0,4.0,5.0,0,1,1,0.0,0.0,0.0,0.0,1.0,52.0,42.0,0.3333333333333333,0.6666666666666666,0.0,,,,0.0,0.3333333333333333,0.8,0.8,0.0,0.4,0.4,0.0,1.2,0.8,1.2,0.0,0.0,0.0,0.0,0.0,2.6,0.8,1.0,0.0,0.2,0.2,0.0,0.0,0.0,0.0,0.2,10.4,8.4,0.2
000376,Cade van Raaphorst,WAT,Waterdogs,4,D,Defense,2022-08-06,2024-07-06,2.0,2.0,0.0,1.0,1.0,0.0,5.0,1,5.0,0.0,0.0,0.0,0.0,0.0,11.0,3.0,2.0,0,0,0,0.0,0.0,1.0,1.0,5.0,34.0,26.0,0.2,0.2,,,,,0.0,0.2,0.5,0.5,0.0,0.25,0.25,0.0,1.25,0.25,1.25,0.0,0.0,0.0,0.0,0.0,2.75,0.75,0.5,0.0,0.0,0.0,0.0,0.0,0.25,0.25,1.25,8.5,6.5,1.25
000376,Cade van Raaphorst,WHP,Whipsnakes,5,D,Defense,2022-06-18,2024-08-04,2.0,2.0,0.0,1.0,1.0,0.0,5.0,1,5.0,0.0,0.0,0.0,0.0,0.0,8.0,1.0,4.0,0,0,0,0.0,0.0,1.0,1.0,1.0,31.0,25.0,0.2,0.2,,,,,0.0,0.2,0.4,0.4,0.0,0.2,0.2,0.0,1.0,0.2,1.0,0.0,0.0,0.0,0.0,0.0,1.6,0.2,0.8,0.0,0.0,0.0,0.0,0.0,0.2,0.2,0.2,6.2,5.0,0.2
000377,Johnny Surdick,ARC,Archers,1,D,Defense,2023-06-17,2023-06-17,0.0,0.0,0.0,0.0,0.0,0.0,0.0,0,0.0,0.0,0.0,0.0,0.0,0.0,3.0,0.0,0.0,0,0,0,0.0,0.0,0.0,0.0,0.0,3.0,3.0,,,,,,,,,0.0,0.0,0.0,0.0,0.0,0.0,0.0,0.0,0.0,0.0,0.0,0.0,0.0,0.0,3.0,0.0,0.0,0.0,0.0,0.0,0.0,0.0,0.0,0.0,0.0,3.0,3.0,0.0
000377,Johnny Surdick,RED,Redwoods,1,D,Defense,2023-07-09,2023-07-09,1.0,0.0,0.0,0.0,0.0,1.0,0.0,0,0.0,0.0,0.0,0.0,0.0,0.0,2.0,0.0,1.0,0,0,0,0.0,0.0,0.0,0.0,1.0,3.0,3.0,,,,,,,1.0,,1.0,0.0,0.0,0.0,0.0,1.0,0.0,0.0,0.0,0.0,0.0,0.0,0.0,0.0,2.0,0.0,1.0,0.0,0.0,0.0,0.0,0.0,0.0,0.0,1.0,3.0,3.0,1.0
000385,Wes Berg,ARC,Archers,4,A,Attack,2022-06-11,2024-08-17,5.0,4.0,4.0,0.0,4.0,1.0,14.0,8,0.0,0.0,0.0,0.0,0.0,0.0,3.0,7.0,1.0,0,0,0,0.0,0.0,1.0,0.5,8.0,66.0,45.0,0.2857142857142857,0.5714285714285714,,,,,0.125,,1.25,1.0,1.0,0.0,1.0,0.25,3.5,2.0,0.0,0.0,0.0,0.0,0.0,0.0,0.75,1.75,0.25,0.0,0.0,0.0,0.0,0.0,0.25,0.125,2.0,16.5,11.25,2.0
000385,Wes Berg,ATL,Atlas,3,A,Attack,2023-06-03,2024-06-16,9.0,7.0,7.0,0.0,7.0,2.0,9.0,8,0.0,0.0,0.0,0.0,0.0,0.0,2.0,1.0,0.0,0,0,0,0.0,0.0,2.0,1.0,2.0,41.0,31.0,0.7777777777777778,0.8888888888888888,,,,,1.0,,3.0,2.3333333333333335,2.3333333333333335,0.0,2.3333333333333335,0.6666666666666666,3.0,2.6666666666666665,0.0,0.0,0.0,0.0,0.0,0.0,0.6666666666666666,0.3333333333333333,0.0,0.0,0.0,0.0,0.0,0.0,0.6666666666666666,0.3333333333333333,0.6666666666666666,13.666666666666666,10.333333333333334,0.6666666666666666
000385,Wes Berg,CAN,Cannons,3,A,Attack,2023-07-30,2024-07-05,9.0,8.0,8.0,0.0,8.0,1.0,15.0,12,0.0,0.0,0.0,0.0,0.0,0.0,8.0,2.0,1.0,0,0,0,0.0,0.0,0.0,0.0,4.0,78.0,61.0,0.5333333333333333,0.8,,,,,0.25,,3.0,2.6666666666666665,2.6666666666666665,0.0,2.6666666666666665,0.3333333333333333,5.0,4.0,0.0,0.0,0.0,0.0,0.0,0.0,2.6666666666666665,0.6666666666666666,0.3333333333333333,0.0,0.0,0.0,0.0,0.0,0.0,0.0,1.3333333333333333,26.0,20.333333333333332,1.3333333333333333
000385,Wes Berg,CHA,Chaos,4,A,Attack,2023-07-09,2024-07-27,6.0,6.0,6.0,0.0,6.0,0.0,10.0,7,0.0,0.0,0.0,0.0,0.0,0.0,4.0,2.0,1.0,0,0,0,0.0,0.0,1.0,1.0,4.0,67.0,55.0,0.6,0.7,,,,,0.0,,1.5,1.5,1.5,0.0,1.5,0.0,2.5,1.75,0.0,0.0,0.0,0.0,0.0,0.0,1.0,0.5,0.25,0.0,0.0,0.0,0.0,0.0,0.25,0.25,1.0,16.75,13.75,1.0
000385,Wes Berg,OUT,Outlaws,4,A,Attack,2022-08-06,2024-08-03,5.0,5.0,5.0,0.0,5.0,0.0,15.0,10,0.0,0.0,0.0,0.0,0.0,0.0,8.0,4.0,1.0,0,0,0,0.0,0.0,1.0,0.5,1.0,42.0,23.0,0.3333333333333333,0.6666666666666666,,,,,0.0,,1.25,1.25,1.25,0.0,1.25,0.0,3.75,2.5,0.0,0.0,0.0,0.0,0.0,0.0,2.0,1.0,0.25,0.0,0.0,0.0,0.0,0.0,0.25,0.125,0.25,10.5,5.75,0.25
000385,Wes Berg,RED,Redwoods,1,A,Attack,2022-06-18,2022-06-18,4.0,3.0,3.0,0.0,3.0,1.0,4.0,4,0.0,0.0,0.0,0.0,0.0,0.0,0.0,2.0,0.0,0,0,0,0.0,0.0,0.0,0.0,2.0,18.0,12.0,0.75,1.0,,,,,0.5,,4.0,3.0,3.0,0.0,3.0,1.0,4.0,4.0,0.0,0.0,0.0,0.0,0.0,0.0,0.0,2.0,0.0,0.0,0.0,0.0,0.0,0.0,0.0,0.0,2.0,18.0,12.0,2.0
000385,Wes Berg,WAT,Waterdogs,3,A,Attack,2022-06-25,2024-08-10,5.0,4.0,4.0,0.0,4.0,1.0,12.0,10,0.0,0.0,0.0,0.0,0.0,0.0,3.0,3.0,0.0,0,0,0,0.0,0.0,0.0,0.0,4.0,41.0,26.0,0.3333333333333333,0.8333333333333334,,,,,0.25,,1.6666666666666667,1.3333333333333333,1.3333333333333333,0.0,1.3333333333333333,0.3333333333333333,4.0,3.3333333333333335,0.0,0.0,0.0,0.0,0.0,0.0,1.0,1.0,0.0,0.0,0.0,0.0,0.0,0.0,0.0,0.0,1.3333333333333333,13.666666666666666,8.666666666666666,1.3333333333333333
000385,Wes Berg,WHP,Whipsnakes,2,A,Attack,2023-06-17,2024-07-28,1.0,1.0,1.0,0.0,1.0,0.0,2.0,2,0.0,0.0,0.0,0.0,0.0,0.0,1.0,3.0,0.0,0,0,0,0.0,0.0,0.0,0.0,2.0,25.0,20.0,0.5,1.0,,,,,0.0,,0.5,0.5,0.5,0.0,0.5,0.0,1.0,1.0,0.0,0.0,0.0,0.0,0.0,0.0,0.5,1.5,0.0,0.0,0.0,0.0,0.0,0.0,0.0,0.0,1.0,12.5,10.0,1.0
000390,Brad Smith,ARC,Archers,3,M,Midfield,2022-08-06,2025-05-31,5.0,3.0,3.0,0.0,3.0,2.0,13.0,10,1.0,0.0,0.0,0.0,0.0,0.0,2.0,2.0,1.0,0,0,0,0.0,0.0,0.0,0.0,4.0,56.0,41.0,0.23076923076923078,0.7692307692307693,,,,,0.5,0.0,1.6666666666666667,1.0,1.0,0.0,1.0,0.6666666666666666,4.333333333333333,3.3333333333333335,0.3333333333333333,0.0,0.0,0.0,0.0,0.0,0.6666666666666666,0.6666666666666666,0.3333333333333333,0.0,0.0,0.0,0.0,0.0,0.0,0.0,1.3333333333333333,18.666666666666668,13.666666666666666,1.3333333333333333
000390,Brad Smith,ATL,Atlas,5,M,Midfield,2022-06-18,2026-05-16,6.0,6.0,4.0,1.0,5.0,0.0,29.0,19,7.0,0.0,0.0,0.0,0.0,0.0,3.0,4.0,0.0,0,0,0,0.0,0.0,1.0,1.0,5.0,97.0,64.0,0.1724137931034483,0.6551724137931034,,,,,0.0,0.14285714285714285,1.2,1.2,0.8,0.2,1.0,0.0,5.8,3.8,1.4,0.0,0.0,0.0,0.0,0.0,0.6,0.8,0.0,0.0,0.0,0.0,0.0,0.0,0.2,0.2,1.0,19.4,12.8,1.0
000390,Brad Smith,CAN,Cannons,4,M,Midfield,2022-08-21,2025-08-09,10.0,5.0,5.0,0.0,5.0,5.0,22.0,14,3.0,0.0,0.0,0.0,0.0,0.0,5.0,11.0,0.0,0,0,0,0.0,0.0,0.0,0.0,12.0,108.0,75.0,0.22727272727272727,0.6363636363636364,,,,,0.4166666666666667,0.0,2.5,1.25,1.25,0.0,1.25,1.25,5.5,3.5,0.75,0.0,0.0,0.0,0.0,0.0,1.25,2.75,0.0,0.0,0.0,0.0,0.0,0.0,0.0,0.0,3.0,27.0,18.75,3.0
000390,Brad Smith,CHA,Chaos,5,M,Midfield,2022-06-04,2025-06-22,7.0,5.0,3.0,1.0,4.0,2.0,18.0,11,2.0,0.0,0.0,0.0,0.0,0.0,5.0,3.0,0.0,0,0,0,0.0,0.0,0.0,0.0,9.0,125.0,104.0,0.2222222222222222,0.6111111111111112,,,,,0.2222222222222222,0.5,1.4,1.0,0.6,0.2,0.8,0.4,3.6,2.2,0.4,0.0,0.0,0.0,0.0,0.0,1.0,0.6,0.0,0.0,0.0,0.0,0.0,0.0,0.0,0.0,1.8,25.0,20.8,1.8
000390,Brad Smith,OUT,Outlaws,3,M,Midfield,2022-07-30,2025-07-13,4.0,2.0,2.0,0.0,2.0,2.0,10.0,6,2.0,0.0,0.0,0.0,0.0,0.0,2.0,2.0,0.0,0,0,0,0.0,0.0,0.0,0.0,7.0,70.0,58.0,0.2,0.6,,,,,0.2857142857142857,0.0,1.3333333333333333,0.6666666666666666,0.6666666666666666,0.0,0.6666666666666666,0.6666666666666666,3.3333333333333335,2.0,0.6666666666666666,0.0,0.0,0.0,0.0,0.0,0.6666666666666666,0.6666666666666666,0.0,0.0,0.0,0.0,0.0,0.0,0.0,0.0,2.3333333333333335,23.333333333333332,19.333333333333332,2.3333333333333335
000390,Brad Smith,RED,Redwoods,2,M,Midfield,2022-06-24,2025-08-03,3.0,1.0,1.0,0.0,1.0,2.0,9.0,2,2.0,0.0,0.0,0.0,0.0,0.0,2.0,5.0,1.0,0,0,0,0.0,0.0,0.0,0.0,3.0,45.0,31.0,0.1111111111111111,0.2222222222222222,,,,,0.6666666666666666,0.0,1.5,0.5,0.5,0.0,0.5,1.0,4.5,1.0,1.0,0.0,0.0,0.0,0.0,0.0,1.0,2.5,0.5,0.0,0.0,0.0,0.0,0.0,0.0,0.0,1.5,22.5,15.5,1.5
000390,Brad Smith,WAT,Waterdogs,5,M,Midfield,2022-06-12,2026-05-09,15.0,14.0,4.0,5.0,9.0,1.0,27.0,16,12.0,0.0,0.0,0.0,0.0,0.0,8.0,6.0,0.0,0,0,0,0.0,0.0,0.0,0.0,6.0,134.0,101.0,0.3333333333333333,0.5925925925925926,,,,,0.16666666666666666,0.4166666666666667,3.0,2.8,0.8,1.0,1.8,0.2,5.4,3.2,2.4,0.0,0.0,0.0,0.0,0.0,1.6,1.2,0.0,0.0,0.0,0.0,0.0,0.0,0.0,0.0,1.2,26.8,20.2,1.2
000391,Grant Ament,ATL,Atlas,4,M,Midfield,2022-07-30,2025-06-28,8.0,4.0,4.0,0.0,4.0,4.0,13.0,8,0.0,0.0,0.0,0.0,0.0,0.0,3.0,7.0,0.0,0,0,0,0.0,0.0,0.0,0.0,14.0,100.0,80.0,0.3076923076923077,0.6153846153846154,,,,,0.2857142857142857,,2.0,1.0,1.0,0.0,1.0,1.0,3.25,2.0,0.0,0.0,0.0,0.0,0.0,0.0,0.75,1.75,0.0,0.0,0.0,0.0,0.0,0.0,0.0,0.0,3.5,25.0,20.0,3.5
000391,Grant Ament,CAN,Cannons,3,M,Midfield,2022-07-24,2024-06-29,9.0,2.0,2.0,0.0,2.0,7.0,14.0,6,0.0,0.0,0.0,0.0,0.0,0.0,7.0,2.0,0.0,0,0,0,0.0,0.0,1.0,0.5,22.0,128.0,112.0,0.14285714285714285,0.42857142857142855,,,,,0.3181818181818182,,3.0,0.6666666666666666,0.6666666666666666,0.0,0.6666666666666666,2.3333333333333335,4.666666666666667,2.0,0.0,0.0,0.0,0.0,0.0,0.0,2.3333333333333335,0.6666666666666666,0.0,0.0,0.0,0.0,0.0,0.0,0.3333333333333333,0.16666666666666666,7.333333333333333,42.666666666666664,37.333333333333336,7.333333333333333
000391,Grant Ament,CHA,Chaos,6,M,Midfield,2022-08-13,2025-08-09,8.0,4.0,4.0,0.0,4.0,4.0,24.0,12,2.0,0.0,0.0,0.0,0.0,0.0,3.0,9.0,0.0,0,0,0,0.0,0.0,0.0,0.0,20.0,156.0,123.0,0.16666666666666666,0.5,,,,,0.2,0.0,1.3333333333333333,0.6666666666666666,0.6666666666666666,0.0,0.6666666666666666,0.6666666666666666,4.0,2.0,0.3333333333333333,0.0,0.0,0.0,0.0,0.0,0.5,1.5,0.0,0.0,0.0,0.0,0.0,0.0,0.0,0.0,3.3333333333333335,26.0,20.5,3.3333333333333335
000391,Grant Ament,OUT,Outlaws,4,M,Midfield,2023-08-12,2025-06-22,9.0,2.0,2.0,0.0,2.0,7.0,15.0,9,1.0,0.0,0.0,0.0,0.0,0.0,3.0,11.0,0.0,0,0,0,0.0,0.0,0.0,0.0,20.0,116.0,90.0,0.13333333333333333,0.6,,,,,0.35,0.0,2.25,0.5,0.5,0.0,0.5,1.75,3.75,2.25,0.25,0.0,0.0,0.0,0.0,0.0,0.75,2.75,0.0,0.0,0.0,0.0,0.0,0.0,0.0,0.0,5.0,29.0,22.5,5.0
000391,Grant Ament,RED,Redwoods,5,M,Midfield,2023-07-15,2025-07-26,11.0,5.0,5.0,0.0,5.0,6.0,21.0,12,0.0,0.0,0.0,0.0,0.0,0.0,5.0,10.0,0.0,0,0,0,0.0,0.0,1.0,0.5,29.0,151.0,120.0,0.23809523809523808,0.5714285714285714,,,,,0.20689655172413793,,2.2,1.0,1.0,0.0,1.0,1.2,4.2,2.4,0.0,0.0,0.0,0.0,0.0,0.0,1.0,2.0,0.0,0.0,0.0,0.0,0.0,0.0,0.2,0.1,5.8,30.2,24.0,5.8
000391,Grant Ament,WAT,Waterdogs,5,M,Midfield,2022-08-21,2025-07-12,16.0,6.0,4.0,1.0,5.0,10.0,21.0,11,2.0,0.0,0.0,0.0,0.0,0.0,5.0,8.0,1.0,0,0,0,0.0,0.0,1.0,1.0,31.0,158.0,129.0,0.23809523809523808,0.5238095238095238,,,,,0.3225806451612903,0.5,3.2,1.2,0.8,0.2,1.0,2.0,4.2,2.2,0.4,0.0,0.0,0.0,0.0,0.0,1.0,1.6,0.2,0.0,0.0,0.0,0.0,0.0,0.2,0.2,6.2,31.6,25.8,6.2
000391,Grant Ament,WHP,Whipsnakes,4,M,Midfield,2022-08-06,2025-05-31,7.0,4.0,4.0,0.0,4.0,3.0,16.0,9,1.0,0.0,0.0,0.0,0.0,0.0,3.0,4.0,0.0,0,0,0,0.0,0.0,0.0,0.0,14.0,111.0,91.0,0.25,0.5625,,,,,0.21428571428571427,0.0,1.75,1.0,1.0,0.0,1.0,0.75,4.0,2.25,0.25,0.0,0.0,0.0,0.0,0.0,0.75,1.0,0.0,0.0,0.0,0.0,0.0,0.0,0.0,0.0,3.5,27.75,22.75,3.5
000395,Bryan Costabile,ARC,Archers,6,M,Midfield,2022-06-26,2026-07-11,8.0,6.0,6.0,0.0,6.0,2.0,33.0,17,6.0,0.0,0.0,0.0,0.0,0.0,7.0,12.0,2.0,0,0,0,0.0,0.0,0.0,0.0,8.0,161.0,116.0,0.18181818181818182,0.5151515151515151,,,,,0.25,0.0,1.3333333333333333,1.0,1.0,0.0,1.0,0.3333333333333333,5.5,2.8333333333333335,1.0,0.0,0.0,0.0,0.0,0.0,1.1666666666666667,2.0,0.3333333333333333,0.0,0.0,0.0,0.0,0.0,0.0,0.0,1.3333333333333333,26.833333333333332,19.333333333333332,1.3333333333333333
000395,Bryan Costabile,CAN,Cannons,9,M,Midfield,2022-06-11,2026-07-19,22.0,15.0,9.0,3.0,12.0,7.0,50.0,29,16.0,0.0,0.0,0.0,0.0,0.0,9.0,19.0,0.0,0,1,1,0.0,0.0,2.0,1.5,19.0,266.0,197.0,0.24,0.58,0.0,,,,0.3684210526315789,0.1875,2.4444444444444446,1.6666666666666667,1.0,0.3333333333333333,1.3333333333333333,0.7777777777777778,5.555555555555555,3.2222222222222223,1.7777777777777777,0.0,0.0,0.0,0.0,0.0,1.0,2.111111111111111,0.0,0.0,0.1111111111111111,0.1111111111111111,0.0,0.0,0.2222222222222222,0.16666666666666666,2.111111111111111,29.555555555555557,21.88888888888889,2.111111111111111
000395,Bryan Costabile,CHA,Chaos,4,M,Midfield,2022-08-21,2026-05-09,13.0,13.0,9.0,2.0,11.0,0.0,38.0,26,12.0,0.0,0.0,0.0,0.0,0.0,8.0,8.0,1.0,0,0,0,0.0,0.0,1.0,1.0,8.0,134.0,88.0,0.2894736842105263,0.6842105263157895,,,,,0.0,0.16666666666666666,3.25,3.25,2.25,0.5,2.75,0.0,9.5,6.5,3.0,0.0,0.0,0.0,0.0,0.0,2.0,2.0,0.25,0.0,0.0,0.0,0.0,0.0,0.25,0.25,2.0,33.5,22.0,2.0
000395,Bryan Costabile,OUT,Outlaws,6,M,Midfield,2022-07-02,2026-08-08,14.0,9.0,7.0,1.0,8.0,5.0,30.0,18,7.0,0.0,0.0,0.0,0.0,0.0,9.0,10.0,2.0,0,0,0,0.0,0.0,0.0,0.0,13.0,159.0,119.0,0.26666666666666666,0.6,,,,,0.38461538461538464,0.14285714285714285,2.3333333333333335,1.5,1.1666666666666667,0.16666666666666666,1.3333333333333333,0.8333333333333334,5.0,3.0,1.1666666666666667,0.0,0.0,0.0,0.0,0.0,1.5,1.6666666666666667,0.3333333333333333,0.0,0.0,0.0,0.0,0.0,0.0,0.0,2.1666666666666665,26.5,19.833333333333332,2.1666666666666665
000395,Bryan Costabile,RED,Redwoods,7,M,Midfield,2022-06-04,2026-08-02,15.0,10.0,8.0,1.0,9.0,5.0,41.0,24,12.0,0.0,0.0,0.0,0.0,0.0,10.0,14.0,4.0,0,0,0,0.0,0.0,0.0,0.0,15.0,168.0,113.0,0.21951219512195122,0.5853658536585366,,,,,0.3333333333333333,0.08333333333333333,2.142857142857143,1.4285714285714286,1.1428571428571428,0.14285714285714285,1.2857142857142858,0.7142857142857143,5.857142857142857,3.4285714285714284,1.7142857142857142,0.0,0.0,0.0,0.0,0.0,1.4285714285714286,2.0,0.5714285714285714,0.0,0.0,0.0,0.0,0.0,0.0,0.0,2.142857142857143,24.0,16.142857142857142,2.142857142857143
000395,Bryan Costabile,WAT,Waterdogs,8,M,Midfield,2022-08-06,2026-07-25,24.0,17.0,9.0,4.0,13.0,7.0,46.0,27,14.0,0.0,0.0,0.0,0.0,0.0,15.0,11.0,1.0,0,0,0,0.0,0.0,0.0,0.0,17.0,215.0,158.0,0.2826086956521739,0.5869565217391305,,,,,0.4117647058823529,0.2857142857142857,3.0,2.125,1.125,0.5,1.625,0.875,5.75,3.375,1.75,0.0,0.0,0.0,0.0,0.0,1.875,1.375,0.125,0.0,0.0,0.0,0.0,0.0,0.0,0.0,2.125,26.875,19.75,2.125
000395,Bryan Costabile,WHP,Whipsnakes,9,M,Midfield,2022-06-18,2026-06-21,15.0,12.0,10.0,1.0,11.0,3.0,51.0,33,13.0,0.0,0.0,0.0,0.0,0.0,13.0,15.0,2.0,0,0,0,0.0,0.0,0.0,0.0,12.0,219.0,153.0,0.21568627450980393,0.6470588235294118,,,,,0.25,0.07692307692307693,1.6666666666666667,1.3333333333333333,1.1111111111111112,0.1111111111111111,1.2222222222222223,0.3333333333333333,5.666666666666667,3.6666666666666665,1.4444444444444444,0.0,0.0,0.0,0.0,0.0,1.4444444444444444,1.6666666666666667,0.2222222222222222,0.0,0.0,0.0,0.0,0.0,0.0,0.0,1.3333333333333333,24.333333333333332,17.0,1.3333333333333333
000397,Reece Eddy,CAN,Cannons,1,LSM,Long Stick Midfield,2023-06-03,2023-06-03,0.0,0.0,0.0,0.0,0.0,0.0,0.0,0,0.0,0.0,0.0,0.0,0.0,0.0,0.0,0.0,1.0,0,0,0,0.0,0.0,1.0,0.5,0.0,2.0,2.0,,,,,,,,,0.0,0.0,0.0,0.0,0.0,0.0,0.0,0.0,0.0,0.0,0.0,0.0,0.0,0.0,0.0,0.0,1.0,0.0,0.0,0.0,0.0,0.0,1.0,0.5,0.0,2.0,2.0,0.0
000405,Jesse Bernhardt,ARC,Archers,6,D,Defense,2022-06-05,2025-07-27,1.0,0.0,0.0,0.0,0.0,1.0,2.0,0,2.0,0.0,0.0,0.0,0.0,0.0,6.0,1.0,3.0,0,0,0,0.0,0.0,2.0,2.0,2.0,42.0,39.0,0.0,0.0,,,,,0.5,0.0,0.16666666666666666,0.0,0.0,0.0,0.0,0.16666666666666666,0.3333333333333333,0.0,0.3333333333333333,0.0,0.0,0.0,0.0,0.0,1.0,0.16666666666666666,0.5,0.0,0.0,0.0,0.0,0.0,0.3333333333333333,0.3333333333333333,0.3333333333333333,7.0,6.5,0.3333333333333333
000405,Jesse Bernhardt,ATL,Atlas,4,D,Defense,2022-07-02,2025-08-02,2.0,0.0,0.0,0.0,0.0,2.0,2.0,0,1.0,0.0,0.0,0.0,0.0,0.0,8.0,1.0,4.0,0,0,0,0.0,0.0,3.0,2.5,3.0,35.0,32.0,0.0,0.0,,,,,0.6666666666666666,0.0,0.5,0.0,0.0,0.0,0.0,0.5,0.5,0.0,0.25,0.0,0.0,0.0,0.0,0.0,2.0,0.25,1.0,0.0,0.0,0.0,0.0,0.0,0.75,0.625,0.75,8.75,8.0,0.75
000405,Jesse Bernhardt,CAN,Cannons,5,D,Defense,2022-06-25,2025-07-19,1.0,0.0,0.0,0.0,0.0,1.0,0.0,0,0.0,0.0,0.0,0.0,0.0,0.0,9.0,1.0,5.0,0,0,0,0.0,0.0,1.0,1.0,3.0,39.0,38.0,,,,,,,0.3333333333333333,,0.2,0.0,0.0,0.0,0.0,0.2,0.0,0.0,0.0,0.0,0.0,0.0,0.0,0.0,1.8,0.2,1.0,0.0,0.0,0.0,0.0,0.0,0.2,0.2,0.6,7.8,7.6,0.6
000405,Jesse Bernhardt,CHA,Chaos,5,D,Defense,2022-08-06,2025-08-02,0.0,0.0,0.0,0.0,0.0,0.0,1.0,1,1.0,0.0,0.0,0.0,0.0,0.0,15.0,1.0,6.0,0,0,0,0.0,0.0,0.0,0.0,0.0,46.0,44.0,0.0,1.0,,,,,,0.0,0.0,0.0,0.0,0.0,0.0,0.0,0.2,0.2,0.2,0.0,0.0,0.0,0.0,0.0,3.0,0.2,1.2,0.0,0.0,0.0,0.0,0.0,0.0,0.0,0.0,9.2,8.8,0.0
000405,Jesse Bernhardt,RED,Redwoods,6,D,Defense,2022-06-10,2025-06-28,1.0,0.0,0.0,0.0,0.0,1.0,1.0,0,1.0,0.0,0.0,0.0,0.0,0.0,13.0,1.0,6.0,0,0,0,0.0,0.0,2.0,1.5,1.0,54.0,52.0,0.0,0.0,,,,,1.0,0.0,0.16666666666666666,0.0,0.0,0.0,0.0,0.16666666666666666,0.16666666666666666,0.0,0.16666666666666666,0.0,0.0,0.0,0.0,0.0,2.1666666666666665,0.16666666666666666,1.0,0.0,0.0,0.0,0.0,0.0,0.3333333333333333,0.25,0.16666666666666666,9.0,8.666666666666666,0.16666666666666666
000405,Jesse Bernhardt,WAT,Waterdogs,4,D,Defense,2022-06-17,2025-06-14,0.0,0.0,0.0,0.0,0.0,0.0,0.0,0,0.0,0.0,0.0,0.0,0.0,0.0,3.0,1.0,2.0,0,0,0,0.0,0.0,0.0,0.0,1.0,26.0,25.0,,,,,,,0.0,,0.0,0.0,0.0,0.0,0.0,0.0,0.0,0.0,0.0,0.0,0.0,0.0,0.0,0.0,0.75,0.25,0.5,0.0,0.0,0.0,0.0,0.0,0.0,0.0,0.25,6.5,6.25,0.25
000405,Jesse Bernhardt,WHP,Whipsnakes,4,D,Defense,2022-07-30,2025-07-13,0.0,0.0,0.0,0.0,0.0,0.0,1.0,0,0.0,0.0,0.0,0.0,0.0,0.0,9.0,1.0,4.0,0,0,0,0.0,0.0,0.0,0.0,0.0,35.0,33.0,0.0,0.0,,,,,,,0.0,0.0,0.0,0.0,0.0,0.0,0.25,0.0,0.0,0.0,0.0,0.0,0.0,0.0,2.25,0.25,1.0,0.0,0.0,0.0,0.0,0.0,0.0,0.0,0.0,8.75,8.25,0.0
000406,Craig Chick,ARC,Archers,3,LSM,Long Stick Midfield,2022-06-26,2024-06-29,1.0,0.0,0.0,0.0,0.0,1.0,1.0,0,0.0,0.0,0.0,0.0,0.0,0.0,10.0,1.0,4.0,0,0,0,0.0,0.0,0.0,0.0,3.0,17.0,15.0,0.0,0.0,,,,,0.3333333333333333,,0.3333333333333333,0.0,0.0,0.0,0.0,0.3333333333333333,0.3333333333333333,0.0,0.0,0.0,0.0,0.0,0.0,0.0,3.3333333333333335,0.3333333333333333,1.3333333333333333,0.0,0.0,0.0,0.0,0.0,0.0,0.0,1.0,5.666666666666667,5.0,1.0
000406,Craig Chick,ATL,Atlas,1,LSM,Long Stick Midfield,2024-06-01,2024-06-01,0.0,0.0,0.0,0.0,0.0,0.0,0.0,0,0.0,0.0,0.0,0.0,0.0,0.0,3.0,1.0,0.0,0,0,0,0.0,0.0,0.0,0.0,0.0,3.0,2.0,,,,,,,,,0.0,0.0,0.0,0.0,0.0,0.0,0.0,0.0,0.0,0.0,0.0,0.0,0.0,0.0,3.0,1.0,0.0,0.0,0.0,0.0,0.0,0.0,0.0,0.0,0.0,3.0,2.0,0.0
000406,Craig Chick,CAN,Cannons,2,LSM,Long Stick Midfield,2022-06-11,2023-07-09,0.0,0.0,0.0,0.0,0.0,0.0,0.0,0,0.0,0.0,0.0,0.0,0.0,0.0,4.0,0.0,1.0,0,0,0,0.0,0.0,0.0,0.0,0.0,7.0,7.0,,,,,,,,,0.0,0.0,0.0,0.0,0.0,0.0,0.0,0.0,0.0,0.0,0.0,0.0,0.0,0.0,2.0,0.0,0.5,0.0,0.0,0.0,0.0,0.0,0.0,0.0,0.0,3.5,3.5,0.0
000406,Craig Chick,CHA,Chaos,1,LSM,Long Stick Midfield,2022-08-21,2022-08-21,0.0,0.0,0.0,0.0,0.0,0.0,0.0,0,0.0,0.0,0.0,0.0,0.0,0.0,3.0,0.0,1.0,0,0,0,0.0,0.0,1.0,1.0,0.0,4.0,4.0,,,,,,,,,0.0,0.0,0.0,0.0,0.0,0.0,0.0,0.0,0.0,0.0,0.0,0.0,0.0,0.0,3.0,0.0,1.0,0.0,0.0,0.0,0.0,0.0,1.0,1.0,0.0,4.0,4.0,0.0
000406,Craig Chick,OUT,Outlaws,1,LSM,Long Stick Midfield,2022-07-02,2022-07-02,0.0,0.0,0.0,0.0,0.0,0.0,0.0,0,0.0,0.0,0.0,0.0,0.0,0.0,2.0,0.0,1.0,0,3,3,0.0,0.0,0.0,0.0,0.0,3.0,3.0,,,0.0,,,,,,0.0,0.0,0.0,0.0,0.0,0.0,0.0,0.0,0.0,0.0,0.0,0.0,0.0,0.0,2.0,0.0,1.0,0.0,3.0,3.0,0.0,0.0,0.0,0.0,0.0,3.0,3.0,0.0
000406,Craig Chick,RED,Redwoods,4,LSM,Long Stick Midfield,2022-06-04,2024-07-05,1.0,1.0,1.0,0.0,1.0,0.0,1.0,1,0.0,0.0,0.0,0.0,0.0,0.0,12.0,2.0,2.0,0,1,1,0.0,0.0,0.0,0.0,1.0,18.0,15.0,1.0,1.0,0.0,,,,0.0,,0.25,0.25,0.25,0.0,0.25,0.0,0.25,0.25,0.0,0.0,0.0,0.0,0.0,0.0,3.0,0.5,0.5,0.0,0.25,0.25,0.0,0.0,0.0,0.0,0.25,4.5,3.75,0.25
000406,Craig Chick,WAT,Waterdogs,3,LSM,Long Stick Midfield,2022-08-06,2024-06-15,0.0,0.0,0.0,0.0,0.0,0.0,0.0,0,0.0,0.0,0.0,0.0,0.0,0.0,8.0,1.0,2.0,0,0,0,0.0,0.0,0.0,0.0,0.0,11.0,10.0,,,,,,,,,0.0,0.0,0.0,0.0,0.0,0.0,0.0,0.0,0.0,0.0,0.0,0.0,0.0,0.0,2.6666666666666665,0.3333333333333333,0.6666666666666666,0.0,0.0,0.0,0.0,0.0,0.0,0.0,0.0,3.6666666666666665,3.3333333333333335,0.0
000406,Craig Chick,WHP,Whipsnakes,4,LSM,Long Stick Midfield,2022-06-18,2024-06-08,0.0,0.0,0.0,0.0,0.0,0.0,2.0,2,0.0,0.0,0.0,0.0,0.0,0.0,11.0,2.0,1.0,0,2,2,0.0,0.0,0.0,0.0,0.0,18.0,14.0,0.0,1.0,0.0,,,,,,0.0,0.0,0.0,0.0,0.0,0.0,0.5,0.5,0.0,0.0,0.0,0.0,0.0,0.0,2.75,0.5,0.25,0.0,0.5,0.5,0.0,0.0,0.0,0.0,0.0,4.5,3.5,0.0
000408,Matt DeLuca,ARC,Archers,6,G,Goalie,2022-08-21,2026-07-18,0.0,0.0,0.0,0.0,0.0,0.0,0.0,0,0.0,27.0,9.0,18.0,39.0,118.28374963292013,3.0,1.0,0.0,0,0,0,36.0,3.0,0.0,0.0,1.0,35.0,34.0,,,,0.42857142857142855,33.33333333333333,0.14285714285714285,0.0,,0.0,0.0,0.0,0.0,0.0,0.0,0.0,0.0,0.0,4.5,1.5,3.0,6.5,19.713958272153356,0.5,0.16666666666666666,0.0,0.0,0.0,0.0,6.0,0.5,0.0,0.0,0.16666666666666666,5.833333333333333,5.666666666666667,0.16666666666666666
000408,Matt DeLuca,ATL,Atlas,4,G,Goalie,2023-06-16,2025-06-21,0.0,0.0,0.0,0.0,0.0,0.0,0.0,0,0.0,49.0,13.0,36.0,46.0,53.30982196188707,6.0,1.0,2.0,0,0,0,44.0,2.0,0.0,0.0,0.0,48.0,47.0,,,,0.5268817204301075,26.53061224489796,0.13978494623655913,,,0.0,0.0,0.0,0.0,0.0,0.0,0.0,0.0,0.0,12.25,3.25,9.0,11.5,13.327455490471767,1.5,0.25,0.5,0.0,0.0,0.0,11.0,0.5,0.0,0.0,0.0,12.0,11.75,0.0
000408,Matt DeLuca,CAN,Cannons,7,G,Goalie,2022-06-05,2026-06-07,0.0,0.0,0.0,0.0,0.0,0.0,0.0,0,0.0,58.0,21.0,37.0,69.0,143.62667860340196,6.0,0.0,0.0,0,0,0,61.0,8.0,0.0,0.0,0.0,45.0,45.0,,,,0.48739495798319327,36.206896551724135,0.17647058823529413,,,0.0,0.0,0.0,0.0,0.0,0.0,0.0,0.0,0.0,8.285714285714286,3.0,5.285714285714286,9.857142857142858,20.518096943343135,0.8571428571428571,0.0,0.0,0.0,0.0,0.0,8.714285714285714,1.1428571428571428,0.0,0.0,0.0,6.428571428571429,6.428571428571429,0.0
000408,Matt DeLuca,CHA,Chaos,4,G,Goalie,2022-06-25,2026-05-31,0.0,0.0,0.0,0.0,0.0,0.0,1.0,0,1.0,44.0,13.0,31.0,34.0,41.63812973328943,9.0,0.0,0.0,0,0,0,33.0,1.0,0.0,0.0,0.0,61.0,60.0,0.0,0.0,,0.5714285714285714,29.545454545454547,0.16883116883116883,,0.0,0.0,0.0,0.0,0.0,0.0,0.0,0.25,0.0,0.25,11.0,3.25,7.75,8.5,10.409532433322358,2.25,0.0,0.0,0.0,0.0,0.0,8.25,0.25,0.0,0.0,0.0,15.25,15.0,0.0
000408,Matt DeLuca,OUT,Outlaws,2,G,Goalie,2022-06-17,2025-06-14,0.0,0.0,0.0,0.0,0.0,0.0,0.0,0,0.0,23.0,6.0,17.0,26.0,25.958780741253896,6.0,0.0,0.0,0,0,0,26.0,0.0,0.0,0.0,0.0,27.0,27.0,,,,0.46938775510204084,26.08695652173913,0.12244897959183673,,,0.0,0.0,0.0,0.0,0.0,0.0,0.0,0.0,0.0,11.5,3.0,8.5,13.0,12.979390370626948,3.0,0.0,0.0,0.0,0.0,0.0,13.0,0.0,0.0,0.0,0.0,13.5,13.5,0.0
000408,Matt DeLuca,RED,Redwoods,3,G,Goalie,2023-06-10,2026-07-10,0.0,0.0,0.0,0.0,0.0,0.0,0.0,0,0.0,29.0,6.0,23.0,27.0,35.17758985200846,2.0,1.0,1.0,0,0,0,27.0,0.0,0.0,0.0,0.0,35.0,34.0,,,,0.5178571428571429,20.689655172413794,0.10714285714285714,,,0.0,0.0,0.0,0.0,0.0,0.0,0.0,0.0,0.0,9.666666666666666,2.0,7.666666666666667,9.0,11.72586328400282,0.6666666666666666,0.3333333333333333,0.3333333333333333,0.0,0.0,0.0,9.0,0.0,0.0,0.0,0.0,11.666666666666666,11.333333333333334,0.0
000408,Matt DeLuca,WHP,Whipsnakes,6,G,Goalie,2022-06-12,2026-05-09,0.0,0.0,0.0,0.0,0.0,0.0,1.0,0,1.0,74.0,28.0,46.0,63.0,67.13235903627485,6.0,3.0,0.0,0,0,0,58.0,5.0,0.0,0.0,2.0,73.0,69.0,0.0,0.0,,0.5606060606060606,37.83783783783784,0.21212121212121213,0.0,0.0,0.0,0.0,0.0,0.0,0.0,0.0,0.16666666666666666,0.0,0.16666666666666666,12.333333333333334,4.666666666666667,7.666666666666667,10.5,11.188726506045809,1.0,0.5,0.0,0.0,0.0,0.0,9.666666666666666,0.8333333333333334,0.0,0.0,0.3333333333333333,12.166666666666666,11.5,0.3333333333333333
000409,Zach Currier,ARC,Archers,7,M,Midfield,2022-08-21,2026-07-18,10.0,3.0,3.0,0.0,3.0,7.0,18.0,12,1.0,0.0,0.0,0.0,0.0,0.0,29.0,7.0,4.0,8,36,44,0.0,0.0,1.0,1.0,18.0,139.0,114.0,0.16666666666666666,0.6666666666666666,0.18181818181818182,,,,0.3888888888888889,0.0,1.4285714285714286,0.42857142857142855,0.42857142857142855,0.0,0.42857142857142855,1.0,2.5714285714285716,1.7142857142857142,0.14285714285714285,0.0,0.0,0.0,0.0,0.0,4.142857142857143,1.0,0.5714285714285714,1.1428571428571428,5.142857142857143,6.285714285714286,0.0,0.0,0.14285714285714285,0.14285714285714285,2.5714285714285716,19.857142857142858,16.285714285714285,2.5714285714285716
000409,Zach Currier,ATL,Atlas,8,M,Midfield,2022-08-06,2026-07-25,14.0,6.0,6.0,0.0,6.0,8.0,22.0,14,3.0,0.0,0.0,0.0,0.0,0.0,33.0,7.0,8.0,1,10,11,0.0,0.0,2.0,1.0,22.0,148.0,119.0,0.2727272727272727,0.6363636363636364,0.09090909090909091,,,,0.36363636363636365,0.0,1.75,0.75,0.75,0.0,0.75,1.0,2.75,1.75,0.375,0.0,0.0,0.0,0.0,0.0,4.125,0.875,1.0,0.125,1.25,1.375,0.0,0.0,0.25,0.125,2.75,18.5,14.875,2.75
000409,Zach Currier,CAN,Cannons,9,M,Midfield,2022-06-05,2026-06-07,9.0,5.0,5.0,0.0,5.0,4.0,22.0,15,2.0,0.0,0.0,0.0,0.0,0.0,64.0,14.0,7.0,31,20,51,0.0,0.0,1.0,1.0,17.0,207.0,171.0,0.22727272727272727,0.6818181818181818,0.6078431372549019,,,,0.23529411764705882,0.0,1.0,0.5555555555555556,0.5555555555555556,0.0,0.5555555555555556,0.4444444444444444,2.4444444444444446,1.6666666666666667,0.2222222222222222,0.0,0.0,0.0,0.0,0.0,7.111111111111111,1.5555555555555556,0.7777777777777778,3.4444444444444446,2.2222222222222223,5.666666666666667,0.0,0.0,0.1111111111111111,0.1111111111111111,1.8888888888888888,23.0,19.0,1.8888888888888888
000409,Zach Currier,CHA,Chaos,7,M,Midfield,2022-06-25,2026-08-01,10.0,4.0,4.0,0.0,4.0,6.0,12.0,8,0.0,0.0,0.0,0.0,0.0,0.0,26.0,4.0,7.0,4,7,11,0.0,0.0,0.0,0.0,18.0,145.0,129.0,0.3333333333333333,0.6666666666666666,0.36363636363636365,,,,0.3333333333333333,,1.4285714285714286,0.5714285714285714,0.5714285714285714,0.0,0.5714285714285714,0.8571428571428571,1.7142857142857142,1.1428571428571428,0.0,0.0,0.0,0.0,0.0,0.0,3.7142857142857144,0.5714285714285714,1.0,0.5714285714285714,1.0,1.5714285714285714,0.0,0.0,0.0,0.0,2.5714285714285716,20.714285714285715,18.428571428571427,2.5714285714285716
000409,Zach Currier,OUT,Outlaws,6,M,Midfield,2022-06-17,2026-07-26,9.0,5.0,3.0,1.0,4.0,4.0,15.0,8,2.0,0.0,0.0,0.0,0.0,0.0,26.0,5.0,3.0,3,0,3,0.0,0.0,2.0,2.0,20.0,142.0,122.0,0.26666666666666666,0.5333333333333333,1.0,,,,0.2,0.5,1.5,0.8333333333333334,0.5,0.16666666666666666,0.6666666666666666,0.6666666666666666,2.5,1.3333333333333333,0.3333333333333333,0.0,0.0,0.0,0.0,0.0,4.333333333333333,0.8333333333333334,0.5,0.5,0.0,0.5,0.0,0.0,0.3333333333333333,0.3333333333333333,3.3333333333333335,23.666666666666668,20.333333333333332,3.3333333333333335
000409,Zach Currier,RED,Redwoods,5,M,Midfield,2022-08-13,2026-07-10,10.0,5.0,5.0,0.0,5.0,5.0,14.0,8,2.0,0.0,0.0,0.0,0.0,0.0,30.0,4.0,5.0,1,5,6,0.0,0.0,2.0,1.5,15.0,118.0,100.0,0.35714285714285715,0.5714285714285714,0.16666666666666666,,,,0.3333333333333333,0.0,2.0,1.0,1.0,0.0,1.0,1.0,2.8,1.6,0.4,0.0,0.0,0.0,0.0,0.0,6.0,0.8,1.0,0.2,1.0,1.2,0.0,0.0,0.4,0.3,3.0,23.6,20.0,3.0
000409,Zach Currier,WHP,Whipsnakes,7,M,Midfield,2022-06-12,2025-07-20,13.0,10.0,10.0,0.0,10.0,3.0,18.0,12,0.0,0.0,0.0,0.0,0.0,0.0,22.0,9.0,4.0,4,25,29,0.0,0.0,0.0,0.0,17.0,149.0,122.0,0.5555555555555556,0.6666666666666666,0.13793103448275862,,,,0.17647058823529413,,1.8571428571428572,1.4285714285714286,1.4285714285714286,0.0,1.4285714285714286,0.42857142857142855,2.5714285714285716,1.7142857142857142,0.0,0.0,0.0,0.0,0.0,0.0,3.142857142857143,1.2857142857142858,0.5714285714285714,0.5714285714285714,3.5714285714285716,4.142857142857143,0.0,0.0,0.0,0.0,2.4285714285714284,21.285714285714285,17.428571428571427,2.4285714285714284
000410,Eli Gobrecht,ARC,Archers,5,D,Defense,2022-08-21,2026-07-11,2.0,2.0,2.0,0.0,2.0,0.0,2.0,2,0.0,0.0,0.0,0.0,0.0,0.0,11.0,0.0,6.0,6,44,51,0.0,0.0,2.0,2.0,0.0,21.0,19.0,1.0,1.0,0.11764705882352941,,,,,,0.4,0.4,0.4,0.0,0.4,0.0,0.4,0.4,0.0,0.0,0.0,0.0,0.0,0.0,2.2,0.0,1.2,1.2,8.8,10.2,0.0,0.0,0.4,0.4,0.0,4.2,3.8,0.0
000410,Eli Gobrecht,ATL,Atlas,7,D,Defense,2022-08-06,2025-08-09,1.0,0.0,0.0,0.0,0.0,1.0,2.0,2,1.0,0.0,0.0,0.0,0.0,0.0,11.0,3.0,2.0,8,36,44,0.0,0.0,1.0,1.0,2.0,37.0,32.0,0.0,1.0,0.18181818181818182,,,,0.5,0.0,0.14285714285714285,0.0,0.0,0.0,0.0,0.14285714285714285,0.2857142857142857,0.2857142857142857,0.14285714285714285,0.0,0.0,0.0,0.0,0.0,1.5714285714285714,0.42857142857142855,0.2857142857142857,1.1428571428571428,5.142857142857143,6.285714285714286,0.0,0.0,0.14285714285714285,0.14285714285714285,0.2857142857142857,5.285714285714286,4.571428571428571,0.2857142857142857
000410,Eli Gobrecht,CAN,Cannons,9,D,Defense,2022-06-05,2026-07-19,1.0,1.0,1.0,0.0,1.0,0.0,1.0,1,0.0,0.0,0.0,0.0,0.0,0.0,5.0,2.0,6.0,0,1,1,0.0,0.0,1.0,1.0,2.0,33.0,30.0,1.0,1.0,0.0,,,,0.0,,0.1111111111111111,0.1111111111111111,0.1111111111111111,0.0,0.1111111111111111,0.0,0.1111111111111111,0.1111111111111111,0.0,0.0,0.0,0.0,0.0,0.0,0.5555555555555556,0.2222222222222222,0.6666666666666666,0.0,0.1111111111111111,0.1111111111111111,0.0,0.0,0.1111111111111111,0.1111111111111111,0.2222222222222222,3.6666666666666665,3.3333333333333335,0.2222222222222222
000410,Eli Gobrecht,CHA,Chaos,4,D,Defense,2022-06-25,2024-06-30,0.0,0.0,0.0,0.0,0.0,0.0,0.0,0,0.0,0.0,0.0,0.0,0.0,0.0,12.0,1.0,7.0,1,16,17,0.0,0.0,2.0,1.5,0.0,16.0,15.0,,,0.058823529411764705,,,,,,0.0,0.0,0.0,0.0,0.0,0.0,0.0,0.0,0.0,0.0,0.0,0.0,0.0,0.0,3.0,0.25,1.75,0.25,4.0,4.25,0.0,0.0,0.5,0.375,0.0,4.0,3.75,0.0
000410,Eli Gobrecht,OUT,Outlaws,7,D,Defense,2022-06-17,2026-08-08,0.0,0.0,0.0,0.0,0.0,0.0,1.0,0,1.0,0.0,0.0,0.0,0.0,0.0,14.0,2.0,4.0,1,18,19,0.0,0.0,1.0,2.0,2.0,29.0,26.0,0.0,0.0,0.05263157894736842,,,,0.0,0.0,0.0,0.0,0.0,0.0,0.0,0.0,0.14285714285714285,0.0,0.14285714285714285,0.0,0.0,0.0,0.0,0.0,2.0,0.2857142857142857,0.5714285714285714,0.14285714285714285,2.5714285714285716,2.7142857142857144,0.0,0.0,0.14285714285714285,0.2857142857142857,0.2857142857142857,4.142857142857143,3.7142857142857144,0.2857142857142857
000410,Eli Gobrecht,RED,Redwoods,5,D,Defense,2022-08-13,2026-08-02,1.0,1.0,1.0,0.0,1.0,0.0,2.0,1,0.0,0.0,0.0,0.0,0.0,0.0,14.0,0.0,3.0,0,0,0,0.0,0.0,0.0,0.0,1.0,35.0,33.0,0.5,0.5,,,,,0.0,,0.2,0.2,0.2,0.0,0.2,0.0,0.4,0.2,0.0,0.0,0.0,0.0,0.0,0.0,2.8,0.0,0.6,0.0,0.0,0.0,0.0,0.0,0.0,0.0,0.2,7.0,6.6,0.2
000410,Eli Gobrecht,WAT,Waterdogs,1,SSDM,Defensive Midfield,2026-07-25,2026-07-25,0.0,0.0,0.0,0.0,0.0,0.0,0.0,0,0.0,0.0,0.0,0.0,0.0,0.0,1.0,0.0,1.0,0,0,0,0.0,0.0,0.0,0.0,0.0,1.0,1.0,,,,,,,,,0.0,0.0,0.0,0.0,0.0,0.0,0.0,0.0,0.0,0.0,0.0,0.0,0.0,0.0,1.0,0.0,1.0,0.0,0.0,0.0,0.0,0.0,0.0,0.0,0.0,1.0,1.0,0.0
000410,Eli Gobrecht,WHP,Whipsnakes,7,D,Defense,2022-06-12,2026-06-21,1.0,1.0,1.0,0.0,1.0,0.0,1.0,1,0.0,0.0,0.0,0.0,0.0,0.0,7.0,2.0,6.0,4,25,29,0.0,0.0,1.0,0.5,0.0,31.0,28.0,1.0,1.0,0.13793103448275862,,,,,,0.14285714285714285,0.14285714285714285,0.14285714285714285,0.0,0.14285714285714285,0.0,0.14285714285714285,0.14285714285714285,0.0,0.0,0.0,0.0,0.0,0.0,1.0,0.2857142857142857,0.8571428571428571,0.5714285714285714,3.5714285714285716,4.142857142857143,0.0,0.0,0.14285714285714285,0.07142857142857142,0.0,4.428571428571429,4.0,0.0
000411,Christian Mazzone,CAN,Cannons,1,M,Midfield,2022-06-05,2022-06-05,0.0,0.0,0.0,0.0,0.0,0.0,0.0,0,0.0,0.0,0.0,0.0,0.0,0.0,3.0,0.0,0.0,0,0,0,0.0,0.0,0.0,0.0,2.0,6.0,6.0,,,,,,,0.0,,0.0,0.0,0.0,0.0,0.0,0.0,0.0,0.0,0.0,0.0,0.0,0.0,0.0,0.0,3.0,0.0,0.0,0.0,0.0,0.0,0.0,0.0,0.0,0.0,2.0,6.0,6.0,2.0
000414,Rob Pannell,ARC,Archers,7,A,Attack,2022-07-01,2026-07-25,18.0,9.0,9.0,0.0,9.0,9.0,48.0,22,1.0,0.0,0.0,0.0,0.0,0.0,9.0,20.0,0.0,0,0,0,0.0,0.0,0.0,0.0,34.0,270.0,202.0,0.1875,0.4583333333333333,,,,,0.2647058823529412,0.0,2.5714285714285716,1.2857142857142858,1.2857142857142858,0.0,1.2857142857142858,1.2857142857142858,6.857142857142857,3.142857142857143,0.14285714285714285,0.0,0.0,0.0,0.0,0.0,1.2857142857142858,2.857142857142857,0.0,0.0,0.0,0.0,0.0,0.0,0.0,0.0,4.857142857142857,38.57142857142857,28.857142857142858,4.857142857142857
000414,Rob Pannell,ATL,Atlas,8,A,Attack,2022-06-04,2026-06-21,26.0,8.0,8.0,0.0,8.0,18.0,50.0,25,1.0,0.0,0.0,0.0,0.0,0.0,14.0,13.0,0.0,0,0,0,0.0,0.0,3.0,2.0,47.0,256.0,193.0,0.16,0.5,,,,,0.3829787234042553,0.0,3.25,1.0,1.0,0.0,1.0,2.25,6.25,3.125,0.125,0.0,0.0,0.0,0.0,0.0,1.75,1.625,0.0,0.0,0.0,0.0,0.0,0.0,0.375,0.25,5.875,32.0,24.125,5.875
000414,Rob Pannell,CAN,Cannons,8,A,Attack,2022-08-06,2026-08-07,28.0,12.0,12.0,0.0,12.0,16.0,52.0,32,2.0,0.0,0.0,0.0,0.0,0.0,15.0,18.0,3.0,0,0,0,0.0,0.0,0.0,0.0,41.0,260.0,190.0,0.23076923076923078,0.6153846153846154,,,,,0.3902439024390244,0.0,3.5,1.5,1.5,0.0,1.5,2.0,6.5,4.0,0.25,0.0,0.0,0.0,0.0,0.0,1.875,2.25,0.375,0.0,0.0,0.0,0.0,0.0,0.0,0.0,5.125,32.5,23.75,5.125
000414,Rob Pannell,CHA,Chaos,8,A,Attack,2022-06-18,2026-07-12,31.0,12.0,12.0,0.0,12.0,19.0,40.0,30,0.0,0.0,0.0,0.0,0.0,0.0,13.0,28.0,2.0,0,0,0,0.0,0.0,0.0,0.0,50.0,377.0,309.0,0.3,0.75,,,,,0.38,,3.875,1.5,1.5,0.0,1.5,2.375,5.0,3.75,0.0,0.0,0.0,0.0,0.0,0.0,1.625,3.5,0.25,0.0,0.0,0.0,0.0,0.0,0.0,0.0,6.25,47.125,38.625,6.25
000414,Rob Pannell,OUT,Outlaws,8,A,Attack,2022-06-10,2026-08-01,14.0,7.0,7.0,0.0,7.0,7.0,44.0,23,1.0,0.0,0.0,0.0,0.0,0.0,19.0,22.0,1.0,0,0,0,0.0,0.0,1.0,0.5,34.0,261.0,195.0,0.1590909090909091,0.5227272727272727,,,,,0.20588235294117646,0.0,1.75,0.875,0.875,0.0,0.875,0.875,5.5,2.875,0.125,0.0,0.0,0.0,0.0,0.0,2.375,2.75,0.125,0.0,0.0,0.0,0.0,0.0,0.125,0.0625,4.25,32.625,24.375,4.25
000414,Rob Pannell,RED,Redwoods,2,A,Attack,2025-08-03,2026-07-17,8.0,7.0,7.0,0.0,7.0,1.0,12.0,9,0.0,0.0,0.0,0.0,0.0,0.0,5.0,5.0,0.0,0,0,0,0.0,0.0,1.0,0.5,5.0,65.0,48.0,0.5833333333333334,0.75,,,,,0.2,,4.0,3.5,3.5,0.0,3.5,0.5,6.0,4.5,0.0,0.0,0.0,0.0,0.0,0.0,2.5,2.5,0.0,0.0,0.0,0.0,0.0,0.0,0.5,0.25,2.5,32.5,24.0,2.5
000414,Rob Pannell,WAT,Waterdogs,5,A,Attack,2022-08-13,2026-05-09,20.0,7.0,7.0,0.0,7.0,13.0,29.0,16,1.0,0.0,0.0,0.0,0.0,0.0,9.0,6.0,1.0,0,0,0,0.0,0.0,2.0,1.0,31.0,169.0,134.0,0.2413793103448276,0.5517241379310345,,,,,0.41935483870967744,0.0,4.0,1.4,1.4,0.0,1.4,2.6,5.8,3.2,0.2,0.0,0.0,0.0,0.0,0.0,1.8,1.2,0.2,0.0,0.0,0.0,0.0,0.0,0.4,0.2,6.2,33.8,26.8,6.2
000414,Rob Pannell,WHP,Whipsnakes,3,A,Attack,2022-06-24,2024-07-28,9.0,4.0,4.0,0.0,4.0,5.0,18.0,10,0.0,0.0,0.0,0.0,0.0,0.0,3.0,11.0,1.0,0,0,0,0.0,0.0,0.0,0.0,14.0,119.0,90.0,0.2222222222222222,0.5555555555555556,,,,,0.35714285714285715,,3.0,1.3333333333333333,1.3333333333333333,0.0,1.3333333333333333,1.6666666666666667,6.0,3.3333333333333335,0.0,0.0,0.0,0.0,0.0,0.0,1.0,3.6666666666666665,0.3333333333333333,0.0,0.0,0.0,0.0,0.0,0.0,0.0,4.666666666666667,39.666666666666664,30.0,4.666666666666667
000416,Ryland Rees,ARC,Archers,2,LSM,Long Stick Midfield,2023-08-26,2024-06-01,0.0,0.0,0.0,0.0,0.0,0.0,1.0,1,1.0,0.0,0.0,0.0,0.0,0.0,4.0,2.0,1.0,0,0,0,0.0,0.0,0.0,0.0,0.0,10.0,7.0,0.0,1.0,,,,,,0.0,0.0,0.0,0.0,0.0,0.0,0.0,0.5,0.5,0.5,0.0,0.0,0.0,0.0,0.0,2.0,1.0,0.5,0.0,0.0,0.0,0.0,0.0,0.0,0.0,0.0,5.0,3.5,0.0
000416,Ryland Rees,ATL,Atlas,5,LSM,Long Stick Midfield,2022-08-06,2024-08-17,5.0,4.0,0.0,2.0,2.0,1.0,4.0,2,4.0,0.0,0.0,0.0,0.0,0.0,9.0,1.0,5.0,0,2,2,0.0,0.0,0.0,0.0,2.0,17.0,12.0,0.5,0.5,0.0,,,,0.5,0.5,1.0,0.8,0.0,0.4,0.4,0.2,0.8,0.4,0.8,0.0,0.0,0.0,0.0,0.0,1.8,0.2,1.0,0.0,0.4,0.4,0.0,0.0,0.0,0.0,0.4,3.4,2.4,0.4
000416,Ryland Rees,CAN,Cannons,5,LSM,Long Stick Midfield,2022-06-05,2025-08-08,1.0,0.0,0.0,0.0,0.0,1.0,2.0,2,2.0,0.0,0.0,0.0,0.0,0.0,7.0,3.0,3.0,0,0,0,0.0,0.0,1.0,0.5,2.0,18.0,13.0,0.0,1.0,,,,,0.5,0.0,0.2,0.0,0.0,0.0,0.0,0.2,0.4,0.4,0.4,0.0,0.0,0.0,0.0,0.0,1.4,0.6,0.6,0.0,0.0,0.0,0.0,0.0,0.2,0.1,0.4,3.6,2.6,0.4
000416,Ryland Rees,CHA,Chaos,4,LSM,Long Stick Midfield,2022-06-25,2024-06-30,5.0,5.0,1.0,2.0,3.0,0.0,5.0,5,4.0,0.0,0.0,0.0,0.0,0.0,9.0,2.0,3.0,0,1,1,0.0,0.0,0.0,0.0,1.0,17.0,10.0,0.6,1.0,0.0,,,,0.0,0.5,1.25,1.25,0.25,0.5,0.75,0.0,1.25,1.25,1.0,0.0,0.0,0.0,0.0,0.0,2.25,0.5,0.75,0.0,0.25,0.25,0.0,0.0,0.0,0.0,0.25,4.25,2.5,0.25
000416,Ryland Rees,OUT,Outlaws,5,LSM,Long Stick Midfield,2022-06-17,2025-06-14,2.0,2.0,0.0,1.0,1.0,0.0,3.0,1,3.0,0.0,0.0,0.0,0.0,0.0,11.0,3.0,2.0,0,0,0,0.0,0.0,1.0,0.5,1.0,24.0,18.0,0.3333333333333333,0.3333333333333333,,,,,0.0,0.3333333333333333,0.4,0.4,0.0,0.2,0.2,0.0,0.6,0.2,0.6,0.0,0.0,0.0,0.0,0.0,2.2,0.6,0.4,0.0,0.0,0.0,0.0,0.0,0.2,0.1,0.2,4.8,3.6,0.2
000416,Ryland Rees,RED,Redwoods,3,LSM,Long Stick Midfield,2022-08-13,2024-08-10,3.0,3.0,1.0,1.0,2.0,0.0,4.0,4,3.0,0.0,0.0,0.0,0.0,0.0,5.0,1.0,0.0,0,0,0,0.0,0.0,0.0,0.0,0.0,14.0,9.0,0.5,1.0,,,,,,0.3333333333333333,1.0,1.0,0.3333333333333333,0.3333333333333333,0.6666666666666666,0.0,1.3333333333333333,1.3333333333333333,1.0,0.0,0.0,0.0,0.0,0.0,1.6666666666666667,0.3333333333333333,0.0,0.0,0.0,0.0,0.0,0.0,0.0,0.0,0.0,4.666666666666667,3.0,0.0
000416,Ryland Rees,WHP,Whipsnakes,6,LSM,Long Stick Midfield,2022-06-12,2025-08-03,0.0,0.0,0.0,0.0,0.0,0.0,6.0,2,4.0,0.0,0.0,0.0,0.0,0.0,10.0,1.0,3.0,0,0,0,0.0,0.0,0.0,0.0,0.0,24.0,17.0,0.0,0.3333333333333333,,,,,,0.0,0.0,0.0,0.0,0.0,0.0,0.0,1.0,0.3333333333333333,0.6666666666666666,0.0,0.0,0.0,0.0,0.0,1.6666666666666667,0.16666666666666666,0.5,0.0,0.0,0.0,0.0,0.0,0.0,0.0,0.0,4.0,2.8333333333333335,0.0
000417,Finn Sullivan,ARC,Archers,2,D,Defense,2022-07-01,2023-06-03,0.0,0.0,0.0,0.0,0.0,0.0,0.0,0,0.0,0.0,0.0,0.0,0.0,0.0,3.0,2.0,1.0,0,0,0,0.0,0.0,0.0,0.0,0.0,7.0,5.0,,,,,,,,,0.0,0.0,0.0,0.0,0.0,0.0,0.0,0.0,0.0,0.0,0.0,0.0,0.0,0.0,1.5,1.0,0.5,0.0,0.0,0.0,0.0,0.0,0.0,0.0,0.0,3.5,2.5,0.0
000417,Finn Sullivan,ATL,Atlas,1,D,Defense,2022-06-04,2022-06-04,0.0,0.0,0.0,0.0,0.0,0.0,0.0,0,0.0,0.0,0.0,0.0,0.0,0.0,1.0,0.0,1.0,0,0,0,0.0,0.0,0.0,0.0,0.0,5.0,5.0,,,,,,,,,0.0,0.0,0.0,0.0,0.0,0.0,0.0,0.0,0.0,0.0,0.0,0.0,0.0,0.0,1.0,0.0,1.0,0.0,0.0,0.0,0.0,0.0,0.0,0.0,0.0,5.0,5.0,0.0
000417,Finn Sullivan,CHA,Chaos,2,D,Defense,2022-06-18,2023-06-10,0.0,0.0,0.0,0.0,0.0,0.0,0.0,0,0.0,0.0,0.0,0.0,0.0,0.0,2.0,0.0,1.0,0,0,0,0.0,0.0,0.0,0.0,0.0,7.0,7.0,,,,,,,,,0.0,0.0,0.0,0.0,0.0,0.0,0.0,0.0,0.0,0.0,0.0,0.0,0.0,0.0,1.0,0.0,0.5,0.0,0.0,0.0,0.0,0.0,0.0,0.0,0.0,3.5,3.5,0.0
000417,Finn Sullivan,OUT,Outlaws,2,D,Defense,2022-06-10,2022-08-20,0.0,0.0,0.0,0.0,0.0,0.0,0.0,0,0.0,0.0,0.0,0.0,0.0,0.0,4.0,2.0,3.0,0,0,0,0.0,0.0,1.0,1.0,0.0,8.0,6.0,,,,,,,,,0.0,0.0,0.0,0.0,0.0,0.0,0.0,0.0,0.0,0.0,0.0,0.0,0.0,0.0,2.0,1.0,1.5,0.0,0.0,0.0,0.0,0.0,0.5,0.5,0.0,4.0,3.0,0.0
000417,Finn Sullivan,WAT,Waterdogs,1,D,Defense,2022-08-13,2022-08-13,0.0,0.0,0.0,0.0,0.0,0.0,0.0,0,0.0,0.0,0.0,0.0,0.0,0.0,0.0,0.0,0.0,0,0,0,0.0,0.0,0.0,0.0,0.0,6.0,6.0,,,,,,,,,0.0,0.0,0.0,0.0,0.0,0.0,0.0,0.0,0.0,0.0,0.0,0.0,0.0,0.0,0.0,0.0,0.0,0.0,0.0,0.0,0.0,0.0,0.0,0.0,0.0,6.0,6.0,0.0
000418,Dillon Ward,ARC,Archers,6,G,Goalie,2022-08-21,2026-06-20,0.0,0.0,0.0,0.0,0.0,0.0,0.0,0,0.0,71.0,16.0,55.0,66.0,68.41269748433993,13.0,4.0,2.0,0,0,0,63.0,3.0,0.0,0.0,0.0,71.0,67.0,,,,0.5298507462686567,22.535211267605636,0.11940298507462686,,,0.0,0.0,0.0,0.0,0.0,0.0,0.0,0.0,0.0,11.833333333333334,2.6666666666666665,9.166666666666666,11.0,11.402116247389989,2.1666666666666665,0.6666666666666666,0.3333333333333333,0.0,0.0,0.0,10.5,0.5,0.0,0.0,0.0,11.833333333333334,11.166666666666666,0.0
000418,Dillon Ward,ATL,Atlas,7,G,Goalie,2022-08-06,2026-08-02,0.0,0.0,0.0,0.0,0.0,0.0,0.0,0,0.0,77.0,16.0,61.0,83.0,121.73928501084227,9.0,0.0,2.0,0,0,0,74.0,9.0,0.0,0.0,0.0,66.0,66.0,,,,0.5099337748344371,20.77922077922078,0.10596026490066225,,,0.0,0.0,0.0,0.0,0.0,0.0,0.0,0.0,0.0,11.0,2.2857142857142856,8.714285714285714,11.857142857142858,17.391326430120323,1.2857142857142858,0.0,0.2857142857142857,0.0,0.0,0.0,10.571428571428571,1.2857142857142858,0.0,0.0,0.0,9.428571428571429,9.428571428571429,0.0
000418,Dillon Ward,CAN,Cannons,6,G,Goalie,2022-07-31,2026-08-09,0.0,0.0,0.0,0.0,0.0,0.0,1.0,1,1.0,68.0,17.0,51.0,70.0,79.41751733065674,11.0,1.0,1.0,0,0,0,65.0,5.0,1.0,1.0,1.0,77.0,75.0,0.0,1.0,,0.5112781954887218,25.0,0.12781954887218044,0.0,0.0,0.0,0.0,0.0,0.0,0.0,0.0,0.16666666666666666,0.16666666666666666,0.16666666666666666,11.333333333333334,2.8333333333333335,8.5,11.666666666666666,13.23625288844279,1.8333333333333333,0.16666666666666666,0.16666666666666666,0.0,0.0,0.0,10.833333333333334,0.8333333333333334,0.16666666666666666,0.16666666666666666,0.16666666666666666,12.833333333333334,12.5,0.16666666666666666
000418,Dillon Ward,CHA,Chaos,5,G,Goalie,2023-08-20,2026-07-31,0.0,0.0,0.0,0.0,0.0,0.0,0.0,0,0.0,58.0,18.0,40.0,46.0,50.65982314990512,10.0,1.0,2.0,0,0,0,43.0,3.0,0.0,0.0,0.0,66.0,65.0,,,,0.5742574257425742,31.03448275862069,0.1782178217821782,,,0.0,0.0,0.0,0.0,0.0,0.0,0.0,0.0,0.0,11.6,3.6,8.0,9.2,10.131964629981024,2.0,0.2,0.4,0.0,0.0,0.0,8.6,0.6,0.0,0.0,0.0,13.2,13.0,0.0
000418,Dillon Ward,OUT,Outlaws,4,G,Goalie,2022-07-24,2026-05-16,1.0,0.0,0.0,0.0,0.0,1.0,0.0,0,0.0,50.0,19.0,31.0,42.0,41.577652144995014,8.0,1.0,3.0,0,0,0,39.0,3.0,0.0,0.0,2.0,55.0,54.0,,,,0.5617977528089888,38.0,0.21348314606741572,0.5,,0.25,0.0,0.0,0.0,0.0,0.25,0.0,0.0,0.0,12.5,4.75,7.75,10.5,10.394413036248753,2.0,0.25,0.75,0.0,0.0,0.0,9.75,0.75,0.0,0.0,0.5,13.75,13.5,0.5
000418,Dillon Ward,RED,Redwoods,3,G,Goalie,2022-08-13,2025-06-28,0.0,0.0,0.0,0.0,0.0,0.0,1.0,0,1.0,28.0,8.0,20.0,32.0,35.0,5.0,1.0,2.0,0,0,0,28.0,4.0,0.0,0.0,1.0,32.0,30.0,0.0,0.0,,0.5,28.57142857142857,0.14285714285714285,0.0,0.0,0.0,0.0,0.0,0.0,0.0,0.0,0.3333333333333333,0.0,0.3333333333333333,9.333333333333334,2.6666666666666665,6.666666666666667,10.666666666666666,11.666666666666666,1.6666666666666667,0.3333333333333333,0.6666666666666666,0.0,0.0,0.0,9.333333333333334,1.3333333333333333,0.0,0.0,0.3333333333333333,10.666666666666666,10.0,0.3333333333333333
000418,Dillon Ward,WAT,Waterdogs,1,G,Goalie,2026-07-10,2026-07-10,0.0,0.0,0.0,0.0,0.0,0.0,0.0,0,0.0,10.0,3.0,7.0,15.0,15.0,2.0,1.0,0.0,0,0,0,15.0,0.0,0.0,0.0,0.0,11.0,10.0,,,,0.4,30.0,0.12,,,0.0,0.0,0.0,0.0,0.0,0.0,0.0,0.0,0.0,10.0,3.0,7.0,15.0,15.0,2.0,1.0,0.0,0.0,0.0,0.0,15.0,0.0,0.0,0.0,0.0,11.0,10.0,0.0
000418,Dillon Ward,WHP,Whipsnakes,4,G,Goalie,2022-07-03,2026-07-17,0.0,0.0,0.0,0.0,0.0,0.0,0.0,0,0.0,53.0,18.0,35.0,48.0,57.55930371022608,5.0,1.0,1.0,0,0,0,45.0,3.0,0.0,0.0,0.0,48.0,47.0,,,,0.5408163265306123,33.9622641509434,0.1836734693877551,,,0.0,0.0,0.0,0.0,0.0,0.0,0.0,0.0,0.0,13.25,4.5,8.75,12.0,14.38982592755652,1.25,0.25,0.25,0.0,0.0,0.0,11.25,0.75,0.0,0.0,0.0,12.0,11.75,0.0
000419,Zed Williams,ARC,Archers,4,A,Attack,2022-08-06,2024-07-06,14.0,7.0,7.0,0.0,7.0,7.0,35.0,21,1.0,0.0,0.0,0.0,0.0,0.0,8.0,10.0,2.0,0,0,0,0.0,0.0,0.0,0.0,17.0,120.0,75.0,0.2,0.6,,,,,0.4117647058823529,0.0,3.5,1.75,1.75,0.0,1.75,1.75,8.75,5.25,0.25,0.0,0.0,0.0,0.0,0.0,2.0,2.5,0.5,0.0,0.0,0.0,0.0,0.0,0.0,0.0,4.25,30.0,18.75,4.25
000419,Zed Williams,ATL,Atlas,4,A,Attack,2022-08-13,2024-06-28,11.0,9.0,9.0,0.0,9.0,2.0,27.0,18,0.0,0.0,0.0,0.0,0.0,0.0,3.0,5.0,0.0,0,0,0,0.0,0.0,0.0,0.0,6.0,115.0,83.0,0.3333333333333333,0.6666666666666666,,,,,0.3333333333333333,,2.75,2.25,2.25,0.0,2.25,0.5,6.75,4.5,0.0,0.0,0.0,0.0,0.0,0.0,0.75,1.25,0.0,0.0,0.0,0.0,0.0,0.0,0.0,0.0,1.5,28.75,20.75,1.5
000419,Zed Williams,CAN,Cannons,5,A,Attack,2022-08-21,2026-05-17,9.0,9.0,9.0,0.0,9.0,0.0,28.0,20,0.0,0.0,0.0,0.0,0.0,0.0,4.0,7.0,0.0,0,0,0,0.0,0.0,1.0,0.5,7.0,100.0,65.0,0.32142857142857145,0.7142857142857143,,,,,0.0,,1.8,1.8,1.8,0.0,1.8,0.0,5.6,4.0,0.0,0.0,0.0,0.0,0.0,0.0,0.8,1.4,0.0,0.0,0.0,0.0,0.0,0.0,0.2,0.1,1.4,20.0,13.0,1.4
000419,Zed Williams,CHA,Chaos,4,A,Attack,2022-07-23,2024-07-20,9.0,9.0,9.0,0.0,9.0,0.0,29.0,17,1.0,0.0,0.0,0.0,0.0,0.0,3.0,8.0,0.0,0,0,0,0.0,0.0,0.0,0.0,9.0,100.0,63.0,0.3103448275862069,0.5862068965517241,,,,,0.0,0.0,2.25,2.25,2.25,0.0,2.25,0.0,7.25,4.25,0.25,0.0,0.0,0.0,0.0,0.0,0.75,2.0,0.0,0.0,0.0,0.0,0.0,0.0,0.0,0.0,2.25,25.0,15.75,2.25
000419,Zed Williams,OUT,Outlaws,3,A,Attack,2022-07-30,2024-08-10,5.0,5.0,5.0,0.0,5.0,0.0,25.0,15,2.0,0.0,0.0,0.0,0.0,0.0,11.0,2.0,0.0,0,0,0,0.0,0.0,0.0,0.0,9.0,76.0,49.0,0.2,0.6,,,,,0.0,0.0,1.6666666666666667,1.6666666666666667,1.6666666666666667,0.0,1.6666666666666667,0.0,8.333333333333334,5.0,0.6666666666666666,0.0,0.0,0.0,0.0,0.0,3.6666666666666665,0.6666666666666666,0.0,0.0,0.0,0.0,0.0,0.0,0.0,0.0,3.0,25.333333333333332,16.333333333333332,3.0
000419,Zed Williams,RED,Redwoods,3,A,Attack,2022-06-24,2024-07-28,9.0,6.0,6.0,0.0,6.0,3.0,18.0,8,1.0,0.0,0.0,0.0,0.0,0.0,5.0,6.0,0.0,0,0,0,0.0,0.0,0.0,0.0,7.0,57.0,33.0,0.3333333333333333,0.4444444444444444,,,,,0.42857142857142855,0.0,3.0,2.0,2.0,0.0,2.0,1.0,6.0,2.6666666666666665,0.3333333333333333,0.0,0.0,0.0,0.0,0.0,1.6666666666666667,2.0,0.0,0.0,0.0,0.0,0.0,0.0,0.0,0.0,2.3333333333333335,19.0,11.0,2.3333333333333335
000419,Zed Williams,WAT,Waterdogs,4,A,Attack,2022-07-03,2024-08-03,15.0,11.0,9.0,1.0,10.0,4.0,37.0,24,5.0,0.0,0.0,0.0,0.0,0.0,7.0,4.0,1.0,0,0,0,0.0,0.0,1.0,1.0,13.0,106.0,65.0,0.2702702702702703,0.6486486486486487,,,,,0.3076923076923077,0.2,3.75,2.75,2.25,0.25,2.5,1.0,9.25,6.0,1.25,0.0,0.0,0.0,0.0,0.0,1.75,1.0,0.25,0.0,0.0,0.0,0.0,0.0,0.25,0.25,3.25,26.5,16.25,3.25
000419,Zed Williams,WHP,Whipsnakes,1,M,Midfield,2026-05-09,2026-05-09,2.0,2.0,0.0,1.0,1.0,0.0,5.0,4,2.0,0.0,0.0,0.0,0.0,0.0,1.0,2.0,0.0,0,0,0,0.0,0.0,0.0,0.0,0.0,21.0,14.0,0.2,0.8,,,,,,0.5,2.0,2.0,0.0,1.0,1.0,0.0,5.0,4.0,2.0,0.0,0.0,0.0,0.0,0.0,1.0,2.0,0.0,0.0,0.0,0.0,0.0,0.0,0.0,0.0,0.0,21.0,14.0,0.0
000422,Eli Salama,ARC,Archers,3,LSM,Long Stick Midfield,2022-06-05,2023-08-12,3.0,2.0,0.0,1.0,1.0,1.0,2.0,1,2.0,0.0,0.0,0.0,0.0,0.0,3.0,1.0,3.0,0,1,1,0.0,0.0,0.0,0.0,2.0,11.0,8.0,0.5,0.5,0.0,,,,0.5,0.5,1.0,0.6666666666666666,0.0,0.3333333333333333,0.3333333333333333,0.3333333333333333,0.6666666666666666,0.3333333333333333,0.6666666666666666,0.0,0.0,0.0,0.0,0.0,1.0,0.3333333333333333,1.0,0.0,0.3333333333333333,0.3333333333333333,0.0,0.0,0.0,0.0,0.6666666666666666,3.6666666666666665,2.6666666666666665,0.6666666666666666
000422,Eli Salama,ATL,Atlas,2,LSM,Long Stick Midfield,2022-07-02,2023-07-29,0.0,0.0,0.0,0.0,0.0,0.0,1.0,1,1.0,0.0,0.0,0.0,0.0,0.0,2.0,0.0,0.0,0,12,12,0.0,0.0,0.0,0.0,0.0,6.0,5.0,0.0,1.0,0.0,,,,,0.0,0.0,0.0,0.0,0.0,0.0,0.0,0.5,0.5,0.5,0.0,0.0,0.0,0.0,0.0,1.0,0.0,0.0,0.0,6.0,6.0,0.0,0.0,0.0,0.0,0.0,3.0,2.5,0.0
000422,Eli Salama,CAN,Cannons,4,LSM,Long Stick Midfield,2022-06-25,2023-07-15,3.0,1.0,1.0,0.0,1.0,2.0,4.0,4,3.0,0.0,0.0,0.0,0.0,0.0,10.0,0.0,1.0,0,0,0,0.0,0.0,1.0,1.0,2.0,17.0,13.0,0.25,1.0,,,,,1.0,0.0,0.75,0.25,0.25,0.0,0.25,0.5,1.0,1.0,0.75,0.0,0.0,0.0,0.0,0.0,2.5,0.0,0.25,0.0,0.0,0.0,0.0,0.0,0.25,0.25,0.5,4.25,3.25,0.5
000422,Eli Salama,CHA,Chaos,2,LSM,Long Stick Midfield,2022-08-06,2023-08-27,0.0,0.0,0.0,0.0,0.0,0.0,2.0,0,0.0,0.0,0.0,0.0,0.0,0.0,5.0,2.0,2.0,0,0,0,0.0,0.0,0.0,0.0,0.0,15.0,11.0,0.0,0.0,,,,,,,0.0,0.0,0.0,0.0,0.0,0.0,1.0,0.0,0.0,0.0,0.0,0.0,0.0,0.0,2.5,1.0,1.0,0.0,0.0,0.0,0.0,0.0,0.0,0.0,0.0,7.5,5.5,0.0
000422,Eli Salama,RED,Redwoods,3,LSM,Long Stick Midfield,2022-06-10,2023-08-20,3.0,3.0,1.0,1.0,2.0,0.0,5.0,3,2.0,0.0,0.0,0.0,0.0,0.0,8.0,4.0,1.0,0,3,3,0.0,0.0,3.0,3.0,0.0,18.0,9.0,0.4,0.6,0.0,,,,,0.5,1.0,1.0,0.3333333333333333,0.3333333333333333,0.6666666666666666,0.0,1.6666666666666667,1.0,0.6666666666666666,0.0,0.0,0.0,0.0,0.0,2.6666666666666665,1.3333333333333333,0.3333333333333333,0.0,1.0,1.0,0.0,0.0,1.0,1.0,0.0,6.0,3.0,0.0
000422,Eli Salama,WAT,Waterdogs,3,LSM,Long Stick Midfield,2022-06-17,2023-07-08,0.0,0.0,0.0,0.0,0.0,0.0,2.0,1,1.0,0.0,0.0,0.0,0.0,0.0,2.0,2.0,1.0,0,0,0,0.0,0.0,1.0,1.0,1.0,14.0,10.0,0.0,0.5,,,,,0.0,0.0,0.0,0.0,0.0,0.0,0.0,0.0,0.6666666666666666,0.3333333333333333,0.3333333333333333,0.0,0.0,0.0,0.0,0.0,0.6666666666666666,0.6666666666666666,0.3333333333333333,0.0,0.0,0.0,0.0,0.0,0.3333333333333333,0.3333333333333333,0.3333333333333333,4.666666666666667,3.3333333333333335,0.3333333333333333
000422,Eli Salama,WHP,Whipsnakes,3,LSM,Long Stick Midfield,2022-07-30,2023-08-05,1.0,1.0,1.0,0.0,1.0,0.0,2.0,1,1.0,0.0,0.0,0.0,0.0,0.0,3.0,0.0,1.0,0,12,12,0.0,0.0,1.0,1.0,1.0,11.0,9.0,0.5,0.5,0.0,,,,0.0,0.0,0.3333333333333333,0.3333333333333333,0.3333333333333333,0.0,0.3333333333333333,0.0,0.6666666666666666,0.3333333333333333,0.3333333333333333,0.0,0.0,0.0,0.0,0.0,1.0,0.0,0.3333333333333333,0.0,4.0,4.0,0.0,0.0,0.3333333333333333,0.3333333333333333,0.3333333333333333,3.6666666666666665,3.0,0.3333333333333333
000424,Jake Pulver,ARC,Archers,3,D,Defense,2022-06-18,2023-06-03,0.0,0.0,0.0,0.0,0.0,0.0,1.0,1,1.0,0.0,0.0,0.0,0.0,0.0,3.0,2.0,1.0,0,3,3,0.0,0.0,0.0,0.0,0.0,15.0,12.0,0.0,1.0,0.0,,,,,0.0,0.0,0.0,0.0,0.0,0.0,0.0,0.3333333333333333,0.3333333333333333,0.3333333333333333,0.0,0.0,0.0,0.0,0.0,1.0,0.6666666666666666,0.3333333333333333,0.0,1.0,1.0,0.0,0.0,0.0,0.0,0.0,5.0,4.0,0.0
000424,Jake Pulver,ATL,Atlas,4,D,Defense,2022-06-11,2024-07-20,0.0,0.0,0.0,0.0,0.0,0.0,0.0,0,0.0,0.0,0.0,0.0,0.0,0.0,2.0,3.0,3.0,1,11,12,0.0,0.0,0.0,0.0,1.0,14.0,11.0,,,0.08333333333333333,,,,0.0,,0.0,0.0,0.0,0.0,0.0,0.0,0.0,0.0,0.0,0.0,0.0,0.0,0.0,0.0,0.5,0.75,0.75,0.25,2.75,3.0,0.0,0.0,0.0,0.0,0.25,3.5,2.75,0.25
000424,Jake Pulver,CHA,Chaos,3,D,Defense,2022-07-02,2024-08-17,0.0,0.0,0.0,0.0,0.0,0.0,0.0,0,0.0,0.0,0.0,0.0,0.0,0.0,5.0,0.0,2.0,0,0,0,0.0,0.0,0.0,0.0,0.0,10.0,10.0,,,,,,,,,0.0,0.0,0.0,0.0,0.0,0.0,0.0,0.0,0.0,0.0,0.0,0.0,0.0,0.0,1.6666666666666667,0.0,0.6666666666666666,0.0,0.0,0.0,0.0,0.0,0.0,0.0,0.0,3.3333333333333335,3.3333333333333335,0.0
000424,Jake Pulver,OUT,Outlaws,4,D,Defense,2022-06-25,2023-07-15,0.0,0.0,0.0,0.0,0.0,0.0,1.0,0,1.0,0.0,0.0,0.0,0.0,0.0,7.0,2.0,3.0,0,1,1,0.0,0.0,0.0,0.0,0.0,21.0,18.0,0.0,0.0,0.0,,,,,0.0,0.0,0.0,0.0,0.0,0.0,0.0,0.25,0.0,0.25,0.0,0.0,0.0,0.0,0.0,1.75,0.5,0.75,0.0,0.25,0.25,0.0,0.0,0.0,0.0,0.0,5.25,4.5,0.0
000424,Jake Pulver,RED,Redwoods,2,D,Defense,2022-08-06,2023-07-30,0.0,0.0,0.0,0.0,0.0,0.0,1.0,0,0.0,0.0,0.0,0.0,0.0,0.0,1.0,0.0,1.0,0,11,11,0.0,0.0,0.0,0.0,0.0,2.0,1.0,0.0,0.0,0.0,,,,,,0.0,0.0,0.0,0.0,0.0,0.0,0.5,0.0,0.0,0.0,0.0,0.0,0.0,0.0,0.5,0.0,0.5,0.0,5.5,5.5,0.0,0.0,0.0,0.0,0.0,1.0,0.5,0.0
000424,Jake Pulver,WAT,Waterdogs,4,D,Defense,2022-06-05,2024-07-06,1.0,1.0,1.0,0.0,1.0,0.0,2.0,2,1.0,0.0,0.0,0.0,0.0,0.0,10.0,4.0,3.0,1,7,8,0.0,0.0,0.0,0.0,0.0,24.0,18.0,0.5,1.0,0.125,,,,,0.0,0.25,0.25,0.25,0.0,0.25,0.0,0.5,0.5,0.25,0.0,0.0,0.0,0.0,0.0,2.5,1.0,0.75,0.25,1.75,2.0,0.0,0.0,0.0,0.0,0.0,6.0,4.5,0.0
000424,Jake Pulver,WHP,Whipsnakes,2,D,Defense,2022-08-21,2024-08-04,0.0,0.0,0.0,0.0,0.0,0.0,0.0,0,0.0,0.0,0.0,0.0,0.0,0.0,1.0,0.0,4.0,0,1,1,0.0,0.0,0.0,0.0,0.0,6.0,6.0,,,0.0,,,,,,0.0,0.0,0.0,0.0,0.0,0.0,0.0,0.0,0.0,0.0,0.0,0.0,0.0,0.0,0.5,0.0,2.0,0.0,0.5,0.5,0.0,0.0,0.0,0.0,0.0,3.0,3.0,0.0
000425,Jesse King,ARC,Archers,1,M,Midfield,2023-08-12,2023-08-12,2.0,1.0,1.0,0.0,1.0,1.0,6.0,4,0.0,0.0,0.0,0.0,0.0,0.0,1.0,2.0,1.0,0,0,0,0.0,0.0,0.0,0.0,2.0,22.0,14.0,0.16666666666666666,0.6666666666666666,,,,,0.5,,2.0,1.0,1.0,0.0,1.0,1.0,6.0,4.0,0.0,0.0,0.0,0.0,0.0,0.0,1.0,2.0,1.0,0.0,0.0,0.0,0.0,0.0,0.0,0.0,2.0,22.0,14.0,2.0
000425,Jesse King,ATL,Atlas,1,M,Midfield,2023-07-29,2023-07-29,2.0,1.0,1.0,0.0,1.0,1.0,2.0,2,0.0,0.0,0.0,0.0,0.0,0.0,0.0,0.0,0.0,0,0,0,0.0,0.0,1.0,0.5,5.0,16.0,14.0,0.5,1.0,,,,,0.2,,2.0,1.0,1.0,0.0,1.0,1.0,2.0,2.0,0.0,0.0,0.0,0.0,0.0,0.0,0.0,0.0,0.0,0.0,0.0,0.0,0.0,0.0,1.0,0.5,5.0,16.0,14.0,5.0
000425,Jesse King,CAN,Cannons,1,M,Midfield,2023-07-15,2023-07-15,1.0,1.0,1.0,0.0,1.0,0.0,1.0,1,0.0,0.0,0.0,0.0,0.0,0.0,0.0,2.0,0.0,0,0,0,0.0,0.0,0.0,0.0,0.0,18.0,15.0,1.0,1.0,,,,,,,1.0,1.0,1.0,0.0,1.0,0.0,1.0,1.0,0.0,0.0,0.0,0.0,0.0,0.0,0.0,2.0,0.0,0.0,0.0,0.0,0.0,0.0,0.0,0.0,0.0,18.0,15.0,0.0
000425,Jesse King,CHA,Chaos,1,M,Midfield,2023-08-27,2023-08-27,1.0,0.0,0.0,0.0,0.0,1.0,2.0,2,1.0,0.0,0.0,0.0,0.0,0.0,1.0,3.0,0.0,0,0,0,0.0,0.0,0.0,0.0,2.0,14.0,9.0,0.0,1.0,,,,,0.5,0.0,1.0,0.0,0.0,0.0,0.0,1.0,2.0,2.0,1.0,0.0,0.0,0.0,0.0,0.0,1.0,3.0,0.0,0.0,0.0,0.0,0.0,0.0,0.0,0.0,2.0,14.0,9.0,2.0
000425,Jesse King,RED,Redwoods,1,M,Midfield,2023-08-20,2023-08-20,1.0,0.0,0.0,0.0,0.0,1.0,1.0,0,0.0,0.0,0.0,0.0,0.0,0.0,0.0,1.0,0.0,0,0,0,0.0,0.0,0.0,0.0,4.0,12.0,10.0,0.0,0.0,,,,,0.25,,1.0,0.0,0.0,0.0,0.0,1.0,1.0,0.0,0.0,0.0,0.0,0.0,0.0,0.0,0.0,1.0,0.0,0.0,0.0,0.0,0.0,0.0,0.0,0.0,4.0,12.0,10.0,4.0
000425,Jesse King,WHP,Whipsnakes,1,M,Midfield,2023-08-05,2023-08-05,1.0,0.0,0.0,0.0,0.0,1.0,0.0,0,0.0,0.0,0.0,0.0,0.0,0.0,0.0,1.0,0.0,0,0,0,0.0,0.0,0.0,0.0,4.0,19.0,18.0,,,,,,,0.25,,1.0,0.0,0.0,0.0,0.0,1.0,0.0,0.0,0.0,0.0,0.0,0.0,0.0,0.0,0.0,1.0,0.0,0.0,0.0,0.0,0.0,0.0,0.0,0.0,4.0,19.0,18.0,4.0
000427,Jake Withers,ARC,Archers,1,FO,Faceoff,2022-08-21,2022-08-21,0.0,0.0,0.0,0.0,0.0,0.0,0.0,0,0.0,0.0,0.0,0.0,0.0,0.0,9.0,2.0,0.0,21,9,30,0.0,0.0,0.0,0.0,1.0,8.0,6.0,,,0.7,,,,0.0,,0.0,0.0,0.0,0.0,0.0,0.0,0.0,0.0,0.0,0.0,0.0,0.0,0.0,0.0,9.0,2.0,0.0,21.0,9.0,30.0,0.0,0.0,0.0,0.0,1.0,8.0,6.0,1.0
000427,Jake Withers,CAN,Cannons,2,FO,Faceoff,2022-06-05,2022-07-31,1.0,1.0,1.0,0.0,1.0,0.0,1.0,1,0.0,0.0,0.0,0.0,0.0,0.0,11.0,0.0,2.0,28,33,61,0.0,0.0,0.0,0.0,2.0,13.0,12.0,1.0,1.0,0.45901639344262296,,,,0.0,,0.5,0.5,0.5,0.0,0.5,0.0,0.5,0.5,0.0,0.0,0.0,0.0,0.0,0.0,5.5,0.0,1.0,14.0,16.5,30.5,0.0,0.0,0.0,0.0,1.0,6.5,6.0,1.0
000427,Jake Withers,OUT,Outlaws,1,FO,Faceoff,2022-07-24,2022-07-24,0.0,0.0,0.0,0.0,0.0,0.0,0.0,0,0.0,0.0,0.0,0.0,0.0,0.0,2.0,0.0,0.0,9,15,24,0.0,0.0,0.0,0.0,0.0,2.0,2.0,,,0.375,,,,,,0.0,0.0,0.0,0.0,0.0,0.0,0.0,0.0,0.0,0.0,0.0,0.0,0.0,0.0,2.0,0.0,0.0,9.0,15.0,24.0,0.0,0.0,0.0,0.0,0.0,2.0,2.0,0.0
000427,Jake Withers,RED,Redwoods,1,FO,Faceoff,2022-08-13,2022-08-13,0.0,0.0,0.0,0.0,0.0,0.0,1.0,0,0.0,0.0,0.0,0.0,0.0,0.0,5.0,0.0,0.0,9,16,27,0.0,0.0,1.0,0.5,0.0,5.0,4.0,0.0,0.0,0.3333333333333333,,,,,,0.0,0.0,0.0,0.0,0.0,0.0,1.0,0.0,0.0,0.0,0.0,0.0,0.0,0.0,5.0,0.0,0.0,9.0,16.0,27.0,0.0,0.0,1.0,0.5,0.0,5.0,4.0,0.0
000427,Jake Withers,WHP,Whipsnakes,1,FO,Faceoff,2022-06-12,2022-06-12,0.0,0.0,0.0,0.0,0.0,0.0,1.0,0,0.0,0.0,0.0,0.0,0.0,0.0,1.0,0.0,0.0,2,3,5,0.0,0.0,0.0,0.0,0.0,1.0,0.0,0.0,0.0,0.4,,,,,,0.0,0.0,0.0,0.0,0.0,0.0,1.0,0.0,0.0,0.0,0.0,0.0,0.0,0.0,1.0,0.0,0.0,2.0,3.0,5.0,0.0,0.0,0.0,0.0,0.0,1.0,0.0,0.0
000434,Matt Abbott,ARC,Archers,1,SSDM,Defensive Midfield,2022-07-24,2022-07-24,0.0,0.0,0.0,0.0,0.0,0.0,1.0,1,1.0,0.0,0.0,0.0,0.0,0.0,2.0,1.0,0.0,0,0,0,0.0,0.0,0.0,0.0,0.0,10.0,8.0,0.0,1.0,,,,,,0.0,0.0,0.0,0.0,0.0,0.0,0.0,1.0,1.0,1.0,0.0,0.0,0.0,0.0,0.0,2.0,1.0,0.0,0.0,0.0,0.0,0.0,0.0,0.0,0.0,0.0,10.0,8.0,0.0
000434,Matt Abbott,CHA,Chaos,1,SSDM,Defensive Midfield,2022-07-02,2022-07-02,0.0,0.0,0.0,0.0,0.0,0.0,0.0,0,0.0,0.0,0.0,0.0,0.0,0.0,6.0,0.0,0.0,0,0,0,0.0,0.0,0.0,0.0,0.0,9.0,9.0,,,,,,,,,0.0,0.0,0.0,0.0,0.0,0.0,0.0,0.0,0.0,0.0,0.0,0.0,0.0,0.0,6.0,0.0,0.0,0.0,0.0,0.0,0.0,0.0,0.0,0.0,0.0,9.0,9.0,0.0
000434,Matt Abbott,OUT,Outlaws,1,SSDM,Defensive Midfield,2022-06-25,2022-06-25,0.0,0.0,0.0,0.0,0.0,0.0,1.0,0,0.0,0.0,0.0,0.0,0.0,0.0,1.0,0.0,1.0,0,0,0,0.0,0.0,1.0,0.5,1.0,7.0,6.0,0.0,0.0,,,,,0.0,,0.0,0.0,0.0,0.0,0.0,0.0,1.0,0.0,0.0,0.0,0.0,0.0,0.0,0.0,1.0,0.0,1.0,0.0,0.0,0.0,0.0,0.0,1.0,0.5,1.0,7.0,6.0,1.0
000434,Matt Abbott,RED,Redwoods,1,SSDM,Defensive Midfield,2022-08-06,2022-08-06,0.0,0.0,0.0,0.0,0.0,0.0,1.0,0,0.0,0.0,0.0,0.0,0.0,0.0,0.0,0.0,0.0,0,0,0,0.0,0.0,0.0,0.0,0.0,5.0,4.0,0.0,0.0,,,,,,,0.0,0.0,0.0,0.0,0.0,0.0,1.0,0.0,0.0,0.0,0.0,0.0,0.0,0.0,0.0,0.0,0.0,0.0,0.0,0.0,0.0,0.0,0.0,0.0,0.0,5.0,4.0,0.0
000434,Matt Abbott,WAT,Waterdogs,1,SSDM,Defensive Midfield,2022-07-31,2022-07-31,0.0,0.0,0.0,0.0,0.0,0.0,0.0,0,0.0,0.0,0.0,0.0,0.0,0.0,0.0,0.0,0.0,0,0,0,0.0,0.0,0.0,0.0,0.0,1.0,1.0,,,,,,,,,0.0,0.0,0.0,0.0,0.0,0.0,0.0,0.0,0.0,0.0,0.0,0.0,0.0,0.0,0.0,0.0,0.0,0.0,0.0,0.0,0.0,0.0,0.0,0.0,0.0,1.0,1.0,0.0
000614,Brian Phipps,WAT,Waterdogs,1,G,Goalie,2023-07-14,2023-07-14,0.0,0.0,0.0,0.0,0.0,0.0,0.0,0,0.0,9.0,2.0,7.0,13.0,19.978655282817503,0.0,0.0,0.0,0,0,0,12.0,1.0,0.0,0.0,1.0,9.0,9.0,,,,0.42857142857142855,22.22222222222222,0.09523809523809523,0.0,,0.0,0.0,0.0,0.0,0.0,0.0,0.0,0.0,0.0,9.0,2.0,7.0,13.0,19.978655282817503,0.0,0.0,0.0,0.0,0.0,0.0,12.0,1.0,0.0,0.0,1.0,9.0,9.0,1.0
000700,Tommy Palasek,RED,Redwoods,1,A,Attack,2022-06-18,2022-06-18,2.0,0.0,0.0,0.0,0.0,2.0,0.0,0,0.0,0.0,0.0,0.0,0.0,0.0,0.0,1.0,0.0,0,0,0,0.0,0.0,0.0,0.0,3.0,8.0,7.0,,,,,,,0.6666666666666666,,2.0,0.0,0.0,0.0,0.0,2.0,0.0,0.0,0.0,0.0,0.0,0.0,0.0,0.0,0.0,1.0,0.0,0.0,0.0,0.0,0.0,0.0,0.0,0.0,3.0,8.0,7.0,3.0
000700,Tommy Palasek,WHP,Whipsnakes,1,A,Attack,2022-06-04,2022-06-04,0.0,0.0,0.0,0.0,0.0,0.0,3.0,2,0.0,0.0,0.0,0.0,0.0,0.0,1.0,3.0,0.0,0,0,0,0.0,0.0,0.0,0.0,1.0,44.0,38.0,0.0,0.6666666666666666,,,,,0.0,,0.0,0.0,0.0,0.0,0.0,0.0,3.0,2.0,0.0,0.0,0.0,0.0,0.0,0.0,1.0,3.0,0.0,0.0,0.0,0.0,0.0,0.0,0.0,0.0,1.0,44.0,38.0,1.0
000727,CJ Costabile,ARC,Archers,3,LSM,Long Stick Midfield,2022-06-11,2024-06-15,5.0,5.0,1.0,2.0,3.0,0.0,4.0,4,2.0,0.0,0.0,0.0,0.0,0.0,7.0,0.0,1.0,2,2,4,0.0,0.0,1.0,0.5,2.0,15.0,11.0,0.75,1.0,0.5,,,,0.0,1.0,1.6666666666666667,1.6666666666666667,0.3333333333333333,0.6666666666666666,1.0,0.0,1.3333333333333333,1.3333333333333333,0.6666666666666666,0.0,0.0,0.0,0.0,0.0,2.3333333333333335,0.0,0.3333333333333333,0.6666666666666666,0.6666666666666666,1.3333333333333333,0.0,0.0,0.3333333333333333,0.16666666666666666,0.6666666666666666,5.0,3.6666666666666665,0.6666666666666666
000727,CJ Costabile,ATL,Atlas,2,LSM,Long Stick Midfield,2022-08-21,2023-07-16,2.0,2.0,2.0,0.0,2.0,0.0,3.0,3,1.0,0.0,0.0,0.0,0.0,0.0,4.0,1.0,0.0,2,2,4,0.0,0.0,2.0,1.5,0.0,7.0,3.0,0.6666666666666666,1.0,0.5,,,,,0.0,1.0,1.0,1.0,0.0,1.0,0.0,1.5,1.5,0.5,0.0,0.0,0.0,0.0,0.0,2.0,0.5,0.0,1.0,1.0,2.0,0.0,0.0,1.0,0.75,0.0,3.5,1.5,0.0
000727,CJ Costabile,CAN,Cannons,2,LSM,Long Stick Midfield,2022-07-02,2023-06-10,1.0,1.0,1.0,0.0,1.0,0.0,2.0,2,0.0,0.0,0.0,0.0,0.0,0.0,6.0,0.0,1.0,5,5,10,0.0,0.0,0.0,0.0,2.0,10.0,8.0,0.5,1.0,0.5,,,,0.0,,0.5,0.5,0.5,0.0,0.5,0.0,1.0,1.0,0.0,0.0,0.0,0.0,0.0,0.0,3.0,0.0,0.5,2.5,2.5,5.0,0.0,0.0,0.0,0.0,1.0,5.0,4.0,1.0
000727,CJ Costabile,OUT,Outlaws,4,LSM,Long Stick Midfield,2022-08-06,2024-08-10,0.0,0.0,0.0,0.0,0.0,0.0,7.0,2,5.0,0.0,0.0,0.0,0.0,0.0,7.0,1.0,2.0,0,0,0,0.0,0.0,0.0,0.0,2.0,29.0,21.0,0.0,0.2857142857142857,,,,,0.0,0.0,0.0,0.0,0.0,0.0,0.0,0.0,1.75,0.5,1.25,0.0,0.0,0.0,0.0,0.0,1.75,0.25,0.5,0.0,0.0,0.0,0.0,0.0,0.0,0.0,0.5,7.25,5.25,0.5
000727,CJ Costabile,RED,Redwoods,5,LSM,Long Stick Midfield,2022-06-18,2024-06-07,2.0,2.0,0.0,1.0,1.0,0.0,7.0,3,4.0,0.0,0.0,0.0,0.0,0.0,10.0,7.0,3.0,1,1,2,0.0,0.0,0.0,0.0,1.0,33.0,19.0,0.14285714285714285,0.42857142857142855,0.5,,,,0.0,0.25,0.4,0.4,0.0,0.2,0.2,0.0,1.4,0.6,0.8,0.0,0.0,0.0,0.0,0.0,2.0,1.4,0.6,0.2,0.2,0.4,0.0,0.0,0.0,0.0,0.2,6.6,3.8,0.2
000727,CJ Costabile,WAT,Waterdogs,3,LSM,Long Stick Midfield,2022-06-25,2023-08-20,3.0,2.0,0.0,1.0,1.0,1.0,5.0,2,4.0,0.0,0.0,0.0,0.0,0.0,4.0,2.0,1.0,1,2,3,0.0,0.0,2.0,1.5,1.0,16.0,9.0,0.2,0.4,0.3333333333333333,,,,1.0,0.25,1.0,0.6666666666666666,0.0,0.3333333333333333,0.3333333333333333,0.3333333333333333,1.6666666666666667,0.6666666666666666,1.3333333333333333,0.0,0.0,0.0,0.0,0.0,1.3333333333333333,0.6666666666666666,0.3333333333333333,0.3333333333333333,0.6666666666666666,1.0,0.0,0.0,0.6666666666666666,0.5,0.3333333333333333,5.333333333333333,3.0,0.3333333333333333
000727,CJ Costabile,WHP,Whipsnakes,5,LSM,Long Stick Midfield,2022-06-04,2024-07-20,1.0,1.0,1.0,0.0,1.0,0.0,6.0,2,3.0,0.0,0.0,0.0,0.0,0.0,16.0,1.0,2.0,2,4,6,0.0,0.0,2.0,1.5,0.0,27.0,20.0,0.16666666666666666,0.3333333333333333,0.3333333333333333,,,,,0.0,0.2,0.2,0.2,0.0,0.2,0.0,1.2,0.4,0.6,0.0,0.0,0.0,0.0,0.0,3.2,0.2,0.4,0.4,0.8,1.2,0.0,0.0,0.4,0.3,0.0,5.4,4.0,0.0
000815,Austin Kaut,ARC,Archers,1,G,Goalie,2024-08-04,2024-08-04,0.0,0.0,0.0,0.0,0.0,0.0,0.0,0,0.0,1.0,0.0,1.0,1.0,30.31578947368421,1.0,0.0,0.0,0,0,0,1.0,0.0,0.0,0.0,0.0,1.0,1.0,,,,0.5,0.0,0.0,,,0.0,0.0,0.0,0.0,0.0,0.0,0.0,0.0,0.0,1.0,0.0,1.0,1.0,30.31578947368421,1.0,0.0,0.0,0.0,0.0,0.0,1.0,0.0,0.0,0.0,0.0,1.0,1.0,0.0
000815,Austin Kaut,ATL,Atlas,2,G,Goalie,2024-06-08,2026-05-09,0.0,0.0,0.0,0.0,0.0,0.0,0.0,0,0.0,28.0,10.0,18.0,31.0,31.0,2.0,0.0,1.0,0,0,0,26.0,5.0,0.0,0.0,0.0,24.0,24.0,,,,0.5185185185185185,35.714285714285715,0.18518518518518517,,,0.0,0.0,0.0,0.0,0.0,0.0,0.0,0.0,0.0,14.0,5.0,9.0,15.5,15.5,1.0,0.0,0.5,0.0,0.0,0.0,13.0,2.5,0.0,0.0,0.0,12.0,12.0,0.0
000815,Austin Kaut,CAN,Cannons,2,G,Goalie,2024-08-17,2026-05-15,0.0,0.0,0.0,0.0,0.0,0.0,1.0,0,1.0,15.0,6.0,9.0,14.0,22.78737049827331,3.0,3.0,0.0,0,0,0,13.0,1.0,0.0,0.0,0.0,23.0,19.0,0.0,0.0,,0.5357142857142857,40.0,0.21428571428571427,,0.0,0.0,0.0,0.0,0.0,0.0,0.0,0.5,0.0,0.5,7.5,3.0,4.5,7.0,11.393685249136656,1.5,1.5,0.0,0.0,0.0,0.0,6.5,0.5,0.0,0.0,0.0,11.5,9.5,0.0
000815,Austin Kaut,OUT,Outlaws,3,G,Goalie,2023-08-27,2026-07-18,0.0,0.0,0.0,0.0,0.0,0.0,0.0,0,0.0,8.0,2.0,6.0,8.0,12.750415052573326,2.0,0.0,0.0,0,0,0,7.0,1.0,1.0,0.0,0.0,12.0,12.0,,,,0.5333333333333333,25.0,0.13333333333333333,,,0.0,0.0,0.0,0.0,0.0,0.0,0.0,0.0,0.0,2.6666666666666665,0.6666666666666666,2.0,2.6666666666666665,4.2501383508577755,0.6666666666666666,0.0,0.0,0.0,0.0,0.0,2.3333333333333335,0.3333333333333333,0.3333333333333333,0.0,0.0,4.0,4.0,0.0
000815,Austin Kaut,RED,Redwoods,3,G,Goalie,2023-07-09,2025-06-07,0.0,0.0,0.0,0.0,0.0,0.0,0.0,0,0.0,36.0,12.0,24.0,26.0,32.0,3.0,2.0,0.0,0,0,0,25.0,1.0,0.0,0.0,0.0,38.0,36.0,,,,0.5901639344262295,33.33333333333333,0.19672131147540983,,,0.0,0.0,0.0,0.0,0.0,0.0,0.0,0.0,0.0,12.0,4.0,8.0,8.666666666666666,10.666666666666666,1.0,0.6666666666666666,0.0,0.0,0.0,0.0,8.333333333333334,0.3333333333333333,0.0,0.0,0.0,12.666666666666666,12.0,0.0
000815,Austin Kaut,WHP,Whipsnakes,2,G,Goalie,2025-06-22,2026-07-12,0.0,0.0,0.0,0.0,0.0,0.0,1.0,1,1.0,2.0,2.0,0.0,3.0,13.849887640449438,2.0,0.0,0.0,0,0,0,3.0,0.0,0.0,0.0,0.0,9.0,8.0,0.0,1.0,,0.4,100.0,0.4,,0.0,0.0,0.0,0.0,0.0,0.0,0.0,0.5,0.5,0.5,1.0,1.0,0.0,1.5,6.924943820224719,1.0,0.0,0.0,0.0,0.0,0.0,1.5,0.0,0.0,0.0,0.0,4.5,4.0,0.0
000823,Mark Cockerton,CAN,Cannons,1,A,Attack,2023-08-19,2023-08-19,0.0,0.0,0.0,0.0,0.0,0.0,1.0,0,0.0,0.0,0.0,0.0,0.0,0.0,0.0,1.0,0.0,0,0,0,0.0,0.0,0.0,0.0,1.0,7.0,5.0,0.0,0.0,,,,,0.0,,0.0,0.0,0.0,0.0,0.0,0.0,1.0,0.0,0.0,0.0,0.0,0.0,0.0,0.0,0.0,1.0,0.0,0.0,0.0,0.0,0.0,0.0,0.0,0.0,1.0,7.0,5.0,1.0
000823,Mark Cockerton,RED,Redwoods,1,A,Attack,2022-08-06,2022-08-06,2.0,2.0,2.0,0.0,2.0,0.0,12.0,5,0.0,0.0,0.0,0.0,0.0,0.0,0.0,0.0,0.0,0,0,0,0.0,0.0,0.0,0.0,1.0,26.0,14.0,0.16666666666666666,0.4166666666666667,,,,,0.0,,2.0,2.0,2.0,0.0,2.0,0.0,12.0,5.0,0.0,0.0,0.0,0.0,0.0,0.0,0.0,0.0,0.0,0.0,0.0,0.0,0.0,0.0,0.0,0.0,1.0,26.0,14.0,1.0
000823,Mark Cockerton,WAT,Waterdogs,1,A,Attack,2022-07-31,2022-07-31,3.0,3.0,3.0,0.0,3.0,0.0,8.0,5,0.0,0.0,0.0,0.0,0.0,0.0,0.0,2.0,0.0,0,0,0,0.0,0.0,0.0,0.0,0.0,20.0,10.0,0.375,0.625,,,,,,,3.0,3.0,3.0,0.0,3.0,0.0,8.0,5.0,0.0,0.0,0.0,0.0,0.0,0.0,0.0,2.0,0.0,0.0,0.0,0.0,0.0,0.0,0.0,0.0,0.0,20.0,10.0,0.0
000823,Mark Cockerton,WHP,Whipsnakes,1,A,Attack,2022-08-21,2022-08-21,1.0,1.0,1.0,0.0,1.0,0.0,6.0,2,0.0,0.0,0.0,0.0,0.0,0.0,0.0,1.0,0.0,0,0,0,0.0,0.0,0.0,0.0,0.0,13.0,6.0,0.16666666666666666,0.3333333333333333,,,,,,,1.0,1.0,1.0,0.0,1.0,0.0,6.0,2.0,0.0,0.0,0.0,0.0,0.0,0.0,0.0,1.0,0.0,0.0,0.0,0.0,0.0,0.0,0.0,0.0,0.0,13.0,6.0,0.0
000886,Lyle Thompson,ARC,Archers,2,A,Attack,2022-06-18,2022-07-24,11.0,7.0,7.0,0.0,7.0,4.0,17.0,11,0.0,0.0,0.0,0.0,0.0,0.0,6.0,6.0,2.0,0,0,0,0.0,0.0,0.0,0.0,10.0,63.0,40.0,0.4117647058823529,0.6470588235294118,,,,,0.4,,5.5,3.5,3.5,0.0,3.5,2.0,8.5,5.5,0.0,0.0,0.0,0.0,0.0,0.0,3.0,3.0,1.0,0.0,0.0,0.0,0.0,0.0,0.0,0.0,5.0,31.5,20.0,5.0
000886,Lyle Thompson,CHA,Chaos,1,A,Attack,2022-07-02,2022-07-02,3.0,3.0,3.0,0.0,3.0,0.0,6.0,5,0.0,0.0,0.0,0.0,0.0,0.0,1.0,2.0,0.0,0,0,0,0.0,0.0,0.0,0.0,2.0,27.0,19.0,0.5,0.8333333333333334,,,,,0.0,,3.0,3.0,3.0,0.0,3.0,0.0,6.0,5.0,0.0,0.0,0.0,0.0,0.0,0.0,1.0,2.0,0.0,0.0,0.0,0.0,0.0,0.0,0.0,0.0,2.0,27.0,19.0,2.0
000886,Lyle Thompson,OUT,Outlaws,2,A,Attack,2022-06-25,2022-08-13,8.0,4.0,4.0,0.0,4.0,4.0,14.0,8,0.0,0.0,0.0,0.0,0.0,0.0,5.0,6.0,0.0,0,0,0,0.0,0.0,1.0,0.5,13.0,62.0,42.0,0.2857142857142857,0.5714285714285714,,,,,0.3076923076923077,,4.0,2.0,2.0,0.0,2.0,2.0,7.0,4.0,0.0,0.0,0.0,0.0,0.0,0.0,2.5,3.0,0.0,0.0,0.0,0.0,0.0,0.0,0.5,0.25,6.5,31.0,21.0,6.5
000886,Lyle Thompson,RED,Redwoods,1,A,Attack,2022-08-06,2022-08-06,6.0,4.0,4.0,0.0,4.0,2.0,5.0,5,0.0,0.0,0.0,0.0,0.0,0.0,4.0,2.0,0.0,0,0,0,0.0,0.0,0.0,0.0,8.0,34.0,27.0,0.8,1.0,,,,,0.25,,6.0,4.0,4.0,0.0,4.0,2.0,5.0,5.0,0.0,0.0,0.0,0.0,0.0,0.0,4.0,2.0,0.0,0.0,0.0,0.0,0.0,0.0,0.0,0.0,8.0,34.0,27.0,8.0
000886,Lyle Thompson,WAT,Waterdogs,2,A,Attack,2022-06-05,2022-07-31,11.0,6.0,6.0,0.0,6.0,5.0,13.0,9,0.0,0.0,0.0,0.0,0.0,0.0,2.0,3.0,1.0,0,0,0,0.0,0.0,0.0,0.0,16.0,59.0,43.0,0.46153846153846156,0.6923076923076923,,,,,0.3125,,5.5,3.0,3.0,0.0,3.0,2.5,6.5,4.5,0.0,0.0,0.0,0.0,0.0,0.0,1.0,1.5,0.5,0.0,0.0,0.0,0.0,0.0,0.0,0.0,8.0,29.5,21.5,8.0
000886,Lyle Thompson,WHP,Whipsnakes,1,A,Attack,2022-08-21,2022-08-21,5.0,2.0,2.0,0.0,2.0,3.0,11.0,4,0.0,0.0,0.0,0.0,0.0,0.0,4.0,6.0,2.0,0,0,0,0.0,0.0,0.0,0.0,7.0,38.0,21.0,0.18181818181818182,0.36363636363636365,,,,,0.42857142857142855,,5.0,2.0,2.0,0.0,2.0,3.0,11.0,4.0,0.0,0.0,0.0,0.0,0.0,0.0,4.0,6.0,2.0,0.0,0.0,0.0,0.0,0.0,0.0,0.0,7.0,38.0,21.0,7.0
000921,Challen Rogers,ARC,Archers,1,M,Midfield,2022-08-13,2022-08-13,4.0,2.0,2.0,0.0,2.0,2.0,2.0,2,0.0,0.0,0.0,0.0,0.0,0.0,1.0,2.0,0.0,0,0,0,0.0,0.0,0.0,0.0,4.0,14.0,10.0,1.0,1.0,,,,,0.5,,4.0,2.0,2.0,0.0,2.0,2.0,2.0,2.0,0.0,0.0,0.0,0.0,0.0,0.0,1.0,2.0,0.0,0.0,0.0,0.0,0.0,0.0,0.0,0.0,4.0,14.0,10.0,4.0
000921,Challen Rogers,ATL,Atlas,2,M,Midfield,2022-08-21,2023-08-05,3.0,3.0,3.0,0.0,3.0,0.0,9.0,5,1.0,0.0,0.0,0.0,0.0,0.0,3.0,3.0,0.0,0,0,0,0.0,0.0,0.0,0.0,4.0,34.0,22.0,0.3333333333333333,0.5555555555555556,,,,,0.0,0.0,1.5,1.5,1.5,0.0,1.5,0.0,4.5,2.5,0.5,0.0,0.0,0.0,0.0,0.0,1.5,1.5,0.0,0.0,0.0,0.0,0.0,0.0,0.0,0.0,2.0,17.0,11.0,2.0
000921,Challen Rogers,CAN,Cannons,2,M,Midfield,2022-07-02,2024-06-29,1.0,0.0,0.0,0.0,0.0,1.0,0.0,0,0.0,0.0,0.0,0.0,0.0,0.0,1.0,4.0,0.0,0,0,0,0.0,0.0,2.0,1.5,4.0,26.0,22.0,,,,,,,0.25,,0.5,0.0,0.0,0.0,0.0,0.5,0.0,0.0,0.0,0.0,0.0,0.0,0.0,0.0,0.5,2.0,0.0,0.0,0.0,0.0,0.0,0.0,1.0,0.75,2.0,13.0,11.0,2.0
000921,Challen Rogers,CHA,Chaos,1,M,Midfield,2023-06-17,2023-06-17,1.0,1.0,1.0,0.0,1.0,0.0,2.0,1,0.0,0.0,0.0,0.0,0.0,0.0,0.0,2.0,0.0,0,0,0,0.0,0.0,0.0,0.0,1.0,10.0,6.0,0.5,0.5,,,,,0.0,,1.0,1.0,1.0,0.0,1.0,0.0,2.0,1.0,0.0,0.0,0.0,0.0,0.0,0.0,0.0,2.0,0.0,0.0,0.0,0.0,0.0,0.0,0.0,0.0,1.0,10.0,6.0,1.0
000921,Challen Rogers,OUT,Outlaws,1,M,Midfield,2023-08-12,2023-08-12,1.0,0.0,0.0,0.0,0.0,1.0,0.0,0,0.0,0.0,0.0,0.0,0.0,0.0,1.0,0.0,0.0,0,0,0,0.0,0.0,0.0,0.0,2.0,10.0,10.0,,,,,,,0.5,,1.0,0.0,0.0,0.0,0.0,1.0,0.0,0.0,0.0,0.0,0.0,0.0,0.0,0.0,1.0,0.0,0.0,0.0,0.0,0.0,0.0,0.0,0.0,0.0,2.0,10.0,10.0,2.0
000921,Challen Rogers,RED,Redwoods,3,M,Midfield,2022-06-18,2023-07-15,3.0,3.0,3.0,0.0,3.0,0.0,6.0,4,0.0,0.0,0.0,0.0,0.0,0.0,2.0,7.0,0.0,0,0,0,0.0,0.0,0.0,0.0,4.0,31.0,18.0,0.5,0.6666666666666666,,,,,0.0,,1.0,1.0,1.0,0.0,1.0,0.0,2.0,1.3333333333333333,0.0,0.0,0.0,0.0,0.0,0.0,0.6666666666666666,2.3333333333333335,0.0,0.0,0.0,0.0,0.0,0.0,0.0,0.0,1.3333333333333333,10.333333333333334,6.0,1.3333333333333333
000921,Challen Rogers,WAT,Waterdogs,3,M,Midfield,2022-06-25,2023-08-26,0.0,0.0,0.0,0.0,0.0,0.0,4.0,2,0.0,0.0,0.0,0.0,0.0,0.0,5.0,5.0,1.0,0,0,0,0.0,0.0,1.0,0.5,4.0,42.0,33.0,0.0,0.5,,,,,0.0,,0.0,0.0,0.0,0.0,0.0,0.0,1.3333333333333333,0.6666666666666666,0.0,0.0,0.0,0.0,0.0,0.0,1.6666666666666667,1.6666666666666667,0.3333333333333333,0.0,0.0,0.0,0.0,0.0,0.3333333333333333,0.16666666666666666,1.3333333333333333,14.0,11.0,1.3333333333333333
000921,Challen Rogers,WHP,Whipsnakes,3,M,Midfield,2022-07-23,2023-08-19,3.0,3.0,3.0,0.0,3.0,0.0,6.0,5,0.0,0.0,0.0,0.0,0.0,0.0,1.0,3.0,1.0,0,0,0,0.0,0.0,0.0,0.0,6.0,40.0,31.0,0.5,0.8333333333333334,,,,,0.0,,1.0,1.0,1.0,0.0,1.0,0.0,2.0,1.6666666666666667,0.0,0.0,0.0,0.0,0.0,0.0,0.3333333333333333,1.0,0.3333333333333333,0.0,0.0,0.0,0.0,0.0,0.0,0.0,2.0,13.333333333333334,10.333333333333334,2.0
000922,Graeme Hossack,ATL,Atlas,5,D,Defense,2022-06-26,2025-06-28,0.0,0.0,0.0,0.0,0.0,0.0,4.0,2,2.0,0.0,0.0,0.0,0.0,0.0,19.0,1.0,3.0,1,7,8,0.0,0.0,0.0,0.0,4.0,44.0,39.0,0.0,0.5,0.125,,,,0.0,0.0,0.0,0.0,0.0,0.0,0.0,0.0,0.8,0.4,0.4,0.0,0.0,0.0,0.0,0.0,3.8,0.2,0.6,0.2,1.4,1.6,0.0,0.0,0.0,0.0,0.8,8.8,7.8,0.8
000922,Graeme Hossack,CAN,Cannons,5,D,Defense,2022-06-18,2025-06-07,0.0,0.0,0.0,0.0,0.0,0.0,0.0,0,0.0,0.0,0.0,0.0,0.0,0.0,13.0,3.0,9.0,0,9,9,0.0,0.0,2.0,2.0,1.0,32.0,29.0,,,0.0,,,,0.0,,0.0,0.0,0.0,0.0,0.0,0.0,0.0,0.0,0.0,0.0,0.0,0.0,0.0,0.0,2.6,0.6,1.8,0.0,1.8,1.8,0.0,0.0,0.4,0.4,0.2,6.4,5.8,0.2
000922,Graeme Hossack,CHA,Chaos,6,D,Defense,2022-06-11,2025-08-09,0.0,0.0,0.0,0.0,0.0,0.0,1.0,1,1.0,0.0,0.0,0.0,0.0,0.0,21.0,3.0,1.0,4,3,7,0.0,0.0,1.0,1.0,2.0,41.0,37.0,0.0,1.0,0.5714285714285714,,,,0.0,0.0,0.0,0.0,0.0,0.0,0.0,0.0,0.16666666666666666,0.16666666666666666,0.16666666666666666,0.0,0.0,0.0,0.0,0.0,3.5,0.5,0.16666666666666666,0.6666666666666666,0.5,1.1666666666666667,0.0,0.0,0.16666666666666666,0.16666666666666666,0.3333333333333333,6.833333333333333,6.166666666666667,0.3333333333333333
000922,Graeme Hossack,OUT,Outlaws,6,D,Defense,2022-06-05,2025-07-27,1.0,1.0,1.0,0.0,1.0,0.0,4.0,2,2.0,0.0,0.0,0.0,0.0,0.0,25.0,0.0,9.0,0,6,6,0.0,0.0,2.0,2.0,2.0,47.0,43.0,0.25,0.5,0.0,,,,0.0,0.0,0.16666666666666666,0.16666666666666666,0.16666666666666666,0.0,0.16666666666666666,0.0,0.6666666666666666,0.3333333333333333,0.3333333333333333,0.0,0.0,0.0,0.0,0.0,4.166666666666667,0.0,1.5,0.0,1.0,1.0,0.0,0.0,0.3333333333333333,0.3333333333333333,0.3333333333333333,7.833333333333333,7.166666666666667,0.3333333333333333
000922,Graeme Hossack,RED,Redwoods,6,D,Defense,2022-07-01,2025-07-26,0.0,0.0,0.0,0.0,0.0,0.0,5.0,2,4.0,0.0,0.0,0.0,0.0,0.0,13.0,2.0,7.0,1,1,3,0.0,0.0,2.0,1.5,0.0,48.0,41.0,0.0,0.4,0.3333333333333333,,,,,0.0,0.0,0.0,0.0,0.0,0.0,0.0,0.8333333333333334,0.3333333333333333,0.6666666666666666,0.0,0.0,0.0,0.0,0.0,2.1666666666666665,0.3333333333333333,1.1666666666666667,0.16666666666666666,0.16666666666666666,0.5,0.0,0.0,0.3333333333333333,0.25,0.0,8.0,6.833333333333333,0.0
000922,Graeme Hossack,WAT,Waterdogs,4,D,Defense,2022-08-21,2025-07-12,0.0,0.0,0.0,0.0,0.0,0.0,2.0,1,1.0,0.0,0.0,0.0,0.0,0.0,9.0,0.0,2.0,0,6,6,0.0,0.0,6.0,5.0,1.0,26.0,24.0,0.0,0.5,0.0,,,,0.0,0.0,0.0,0.0,0.0,0.0,0.0,0.0,0.5,0.25,0.25,0.0,0.0,0.0,0.0,0.0,2.25,0.0,0.5,0.0,1.5,1.5,0.0,0.0,1.5,1.25,0.25,6.5,6.0,0.25
000922,Graeme Hossack,WHP,Whipsnakes,5,D,Defense,2022-08-06,2025-05-31,1.0,0.0,0.0,0.0,0.0,1.0,0.0,0,0.0,0.0,0.0,0.0,0.0,0.0,17.0,1.0,8.0,2,5,7,0.0,0.0,0.0,0.0,3.0,39.0,38.0,,,0.2857142857142857,,,,0.3333333333333333,,0.2,0.0,0.0,0.0,0.0,0.2,0.0,0.0,0.0,0.0,0.0,0.0,0.0,0.0,3.4,0.2,1.6,0.4,1.0,1.4,0.0,0.0,0.0,0.0,0.6,7.8,7.6,0.6
000925,Liam Byrnes,ARC,Archers,5,D,Defense,2022-08-21,2026-06-05,2.0,0.0,0.0,0.0,0.0,2.0,1.0,0,1.0,0.0,0.0,0.0,0.0,0.0,5.0,2.0,5.0,0,0,0,0.0,0.0,1.0,1.0,3.0,31.0,28.0,0.0,0.0,,,,,0.6666666666666666,0.0,0.4,0.0,0.0,0.0,0.0,0.4,0.2,0.0,0.2,0.0,0.0,0.0,0.0,0.0,1.0,0.4,1.0,0.0,0.0,0.0,0.0,0.0,0.2,0.2,0.6,6.2,5.6,0.6
000925,Liam Byrnes,ATL,Atlas,4,D,Defense,2022-08-06,2026-05-09,0.0,0.0,0.0,0.0,0.0,0.0,2.0,0,0.0,0.0,0.0,0.0,0.0,0.0,13.0,2.0,2.0,0,0,0,0.0,0.0,0.0,0.0,3.0,38.0,34.0,0.0,0.0,,,,,0.0,,0.0,0.0,0.0,0.0,0.0,0.0,0.5,0.0,0.0,0.0,0.0,0.0,0.0,0.0,3.25,0.5,0.5,0.0,0.0,0.0,0.0,0.0,0.0,0.0,0.75,9.5,8.5,0.75
000925,Liam Byrnes,CAN,Cannons,6,D,Defense,2022-06-05,2026-05-15,0.0,0.0,0.0,0.0,0.0,0.0,1.0,0,0.0,0.0,0.0,0.0,0.0,0.0,12.0,4.0,5.0,0,0,0,0.0,0.0,0.0,0.0,1.0,47.0,42.0,0.0,0.0,,,,,0.0,,0.0,0.0,0.0,0.0,0.0,0.0,0.16666666666666666,0.0,0.0,0.0,0.0,0.0,0.0,0.0,2.0,0.6666666666666666,0.8333333333333334,0.0,0.0,0.0,0.0,0.0,0.0,0.0,0.16666666666666666,7.833333333333333,7.0,0.16666666666666666
000925,Liam Byrnes,CHA,Chaos,4,D,Defense,2022-06-25,2024-06-30,0.0,0.0,0.0,0.0,0.0,0.0,1.0,0,0.0,0.0,0.0,0.0,0.0,0.0,9.0,1.0,6.0,0,0,0,0.0,0.0,2.0,1.0,1.0,30.0,28.0,0.0,0.0,,,,,0.0,,0.0,0.0,0.0,0.0,0.0,0.0,0.25,0.0,0.0,0.0,0.0,0.0,0.0,0.0,2.25,0.25,1.5,0.0,0.0,0.0,0.0,0.0,0.5,0.25,0.25,7.5,7.0,0.25
000925,Liam Byrnes,OUT,Outlaws,4,D,Defense,2022-06-17,2026-06-06,0.0,0.0,0.0,0.0,0.0,0.0,0.0,0,0.0,0.0,0.0,0.0,0.0,0.0,9.0,2.0,7.0,0,0,0,0.0,0.0,1.0,0.5,1.0,29.0,27.0,,,,,,,0.0,,0.0,0.0,0.0,0.0,0.0,0.0,0.0,0.0,0.0,0.0,0.0,0.0,0.0,0.0,2.25,0.5,1.75,0.0,0.0,0.0,0.0,0.0,0.25,0.125,0.25,7.25,6.75,0.25
000925,Liam Byrnes,RED,Redwoods,2,D,Defense,2022-08-13,2023-06-10,0.0,0.0,0.0,0.0,0.0,0.0,0.0,0,0.0,0.0,0.0,0.0,0.0,0.0,5.0,2.0,4.0,0,0,0,0.0,0.0,0.0,0.0,0.0,14.0,12.0,,,,,,,,,0.0,0.0,0.0,0.0,0.0,0.0,0.0,0.0,0.0,0.0,0.0,0.0,0.0,0.0,2.5,1.0,2.0,0.0,0.0,0.0,0.0,0.0,0.0,0.0,0.0,7.0,6.0,0.0
000925,Liam Byrnes,WAT,Waterdogs,1,D,Defense,2026-05-31,2026-05-31,0.0,0.0,0.0,0.0,0.0,0.0,0.0,0,0.0,0.0,0.0,0.0,0.0,0.0,2.0,0.0,0.0,0,0,0,0.0,0.0,0.0,0.0,0.0,7.0,7.0,,,,,,,,,0.0,0.0,0.0,0.0,0.0,0.0,0.0,0.0,0.0,0.0,0.0,0.0,0.0,0.0,2.0,0.0,0.0,0.0,0.0,0.0,0.0,0.0,0.0,0.0,0.0,7.0,7.0,0.0
000925,Liam Byrnes,WHP,Whipsnakes,4,D,Defense,2022-06-12,2024-06-16,0.0,0.0,0.0,0.0,0.0,0.0,5.0,1,1.0,0.0,0.0,0.0,0.0,0.0,11.0,2.0,5.0,0,0,0,0.0,0.0,0.0,0.0,2.0,47.0,40.0,0.0,0.2,,,,,0.0,0.0,0.0,0.0,0.0,0.0,0.0,0.0,1.25,0.25,0.25,0.0,0.0,0.0,0.0,0.0,2.75,0.5,1.25,0.0,0.0,0.0,0.0,0.0,0.0,0.0,0.5,11.75,10.0,0.5
000929,Matthew Hossack,ARC,Archers,1,LSM,Long Stick Midfield,2022-08-21,2022-08-21,0.0,0.0,0.0,0.0,0.0,0.0,1.0,1,1.0,0.0,0.0,0.0,0.0,0.0,2.0,0.0,2.0,0,1,1,0.0,0.0,0.0,0.0,0.0,6.0,5.0,0.0,1.0,0.0,,,,,0.0,0.0,0.0,0.0,0.0,0.0,0.0,1.0,1.0,1.0,0.0,0.0,0.0,0.0,0.0,2.0,0.0,2.0,0.0,1.0,1.0,0.0,0.0,0.0,0.0,0.0,6.0,5.0,0.0
000929,Matthew Hossack,OUT,Outlaws,1,LSM,Long Stick Midfield,2022-06-17,2022-06-17,0.0,0.0,0.0,0.0,0.0,0.0,0.0,0,0.0,0.0,0.0,0.0,0.0,0.0,0.0,0.0,0.0,0,2,2,0.0,0.0,0.0,0.0,0.0,0.0,0.0,,,0.0,,,,,,0.0,0.0,0.0,0.0,0.0,0.0,0.0,0.0,0.0,0.0,0.0,0.0,0.0,0.0,0.0,0.0,0.0,0.0,2.0,2.0,0.0,0.0,0.0,0.0,0.0,0.0,0.0,0.0
000946,Bryan Cole,ARC,Archers,1,M,Midfield,2022-08-06,2022-08-06,1.0,0.0,0.0,0.0,0.0,1.0,4.0,2,0.0,0.0,0.0,0.0,0.0,0.0,0.0,2.0,0.0,0,0,0,0.0,0.0,0.0,0.0,4.0,27.0,21.0,0.0,0.5,,,,,0.25,,1.0,0.0,0.0,0.0,0.0,1.0,4.0,2.0,0.0,0.0,0.0,0.0,0.0,0.0,0.0,2.0,0.0,0.0,0.0,0.0,0.0,0.0,0.0,0.0,4.0,27.0,21.0,4.0
000946,Bryan Cole,ATL,Atlas,1,M,Midfield,2022-06-18,2022-06-18,1.0,1.0,1.0,0.0,1.0,0.0,6.0,3,0.0,0.0,0.0,0.0,0.0,0.0,2.0,3.0,0.0,0,0,0,0.0,0.0,0.0,0.0,0.0,23.0,14.0,0.16666666666666666,0.5,,,,,,,1.0,1.0,1.0,0.0,1.0,0.0,6.0,3.0,0.0,0.0,0.0,0.0,0.0,0.0,2.0,3.0,0.0,0.0,0.0,0.0,0.0,0.0,0.0,0.0,0.0,23.0,14.0,0.0
000946,Bryan Cole,CHA,Chaos,2,M,Midfield,2022-06-04,2022-07-23,2.0,1.0,1.0,0.0,1.0,1.0,5.0,3,0.0,0.0,0.0,0.0,0.0,0.0,1.0,2.0,0.0,0,0,0,0.0,0.0,0.0,0.0,6.0,39.0,32.0,0.2,0.6,,,,,0.16666666666666666,,1.0,0.5,0.5,0.0,0.5,0.5,2.5,1.5,0.0,0.0,0.0,0.0,0.0,0.0,0.5,1.0,0.0,0.0,0.0,0.0,0.0,0.0,0.0,0.0,3.0,19.5,16.0,3.0
000946,Bryan Cole,OUT,Outlaws,1,M,Midfield,2022-07-30,2022-07-30,2.0,1.0,1.0,0.0,1.0,1.0,2.0,2,0.0,0.0,0.0,0.0,0.0,0.0,0.0,2.0,0.0,0,0,0,0.0,0.0,1.0,1.0,2.0,22.0,18.0,0.5,1.0,,,,,0.5,,2.0,1.0,1.0,0.0,1.0,1.0,2.0,2.0,0.0,0.0,0.0,0.0,0.0,0.0,0.0,2.0,0.0,0.0,0.0,0.0,0.0,0.0,1.0,1.0,2.0,22.0,18.0,2.0
000946,Bryan Cole,RED,Redwoods,1,M,Midfield,2022-06-24,2022-06-24,2.0,1.0,1.0,0.0,1.0,1.0,1.0,1,0.0,0.0,0.0,0.0,0.0,0.0,1.0,0.0,0.0,0,0,0,0.0,0.0,0.0,0.0,1.0,22.0,21.0,1.0,1.0,,,,,1.0,,2.0,1.0,1.0,0.0,1.0,1.0,1.0,1.0,0.0,0.0,0.0,0.0,0.0,0.0,1.0,0.0,0.0,0.0,0.0,0.0,0.0,0.0,0.0,0.0,1.0,22.0,21.0,1.0
000946,Bryan Cole,WAT,Waterdogs,2,M,Midfield,2022-06-12,2022-07-03,5.0,2.0,2.0,0.0,2.0,3.0,7.0,3,0.0,0.0,0.0,0.0,0.0,0.0,1.0,2.0,0.0,0,0,0,0.0,0.0,0.0,0.0,6.0,48.0,39.0,0.2857142857142857,0.42857142857142855,,,,,0.5,,2.5,1.0,1.0,0.0,1.0,1.5,3.5,1.5,0.0,0.0,0.0,0.0,0.0,0.0,0.5,1.0,0.0,0.0,0.0,0.0,0.0,0.0,0.0,0.0,3.0,24.0,19.5,3.0
000960,Shayne Jackson,ARC,Archers,1,A,Attack,2022-06-18,2022-06-18,0.0,0.0,0.0,0.0,0.0,0.0,7.0,4,0.0,0.0,0.0,0.0,0.0,0.0,0.0,2.0,0.0,0,0,0,0.0,0.0,1.0,0.5,0.0,16.0,7.0,0.0,0.5714285714285714,,,,,,,0.0,0.0,0.0,0.0,0.0,0.0,7.0,4.0,0.0,0.0,0.0,0.0,0.0,0.0,0.0,2.0,0.0,0.0,0.0,0.0,0.0,0.0,1.0,0.5,0.0,16.0,7.0,0.0
000960,Shayne Jackson,ATL,Atlas,1,A,Attack,2022-06-11,2022-06-11,1.0,1.0,1.0,0.0,1.0,0.0,3.0,2,0.0,0.0,0.0,0.0,0.0,0.0,1.0,1.0,0.0,0,0,0,0.0,0.0,0.0,0.0,1.0,12.0,8.0,0.3333333333333333,0.6666666666666666,,,,,0.0,,1.0,1.0,1.0,0.0,1.0,0.0,3.0,2.0,0.0,0.0,0.0,0.0,0.0,0.0,1.0,1.0,0.0,0.0,0.0,0.0,0.0,0.0,0.0,0.0,1.0,12.0,8.0,1.0
000960,Shayne Jackson,WAT,Waterdogs,1,A,Attack,2022-06-05,2022-06-05,3.0,2.0,2.0,0.0,2.0,1.0,8.0,8,0.0,0.0,0.0,0.0,0.0,0.0,1.0,2.0,0.0,0,0,0,0.0,0.0,0.0,0.0,1.0,16.0,6.0,0.25,1.0,,,,,1.0,,3.0,2.0,2.0,0.0,2.0,1.0,8.0,8.0,0.0,0.0,0.0,0.0,0.0,0.0,1.0,2.0,0.0,0.0,0.0,0.0,0.0,0.0,0.0,0.0,1.0,16.0,6.0,1.0
000978,Kyle Jackson,ARC,Archers,5,M,Midfield,2022-06-11,2024-08-04,5.0,4.0,4.0,0.0,4.0,1.0,15.0,13,2.0,0.0,0.0,0.0,0.0,0.0,7.0,5.0,0.0,0,0,0,0.0,0.0,0.0,0.0,5.0,124.0,104.0,0.26666666666666666,0.8666666666666667,,,,,0.2,0.0,1.0,0.8,0.8,0.0,0.8,0.2,3.0,2.6,0.4,0.0,0.0,0.0,0.0,0.0,1.4,1.0,0.0,0.0,0.0,0.0,0.0,0.0,0.0,0.0,1.0,24.8,20.8,1.0
000978,Kyle Jackson,ATL,Atlas,3,M,Midfield,2022-08-21,2024-06-08,4.0,3.0,3.0,0.0,3.0,1.0,11.0,7,0.0,0.0,0.0,0.0,0.0,0.0,5.0,3.0,1.0,0,0,0,0.0,0.0,1.0,1.0,8.0,53.0,39.0,0.2727272727272727,0.6363636363636364,,,,,0.125,,1.3333333333333333,1.0,1.0,0.0,1.0,0.3333333333333333,3.6666666666666665,2.3333333333333335,0.0,0.0,0.0,0.0,0.0,0.0,1.6666666666666667,1.0,0.3333333333333333,0.0,0.0,0.0,0.0,0.0,0.3333333333333333,0.3333333333333333,2.6666666666666665,17.666666666666668,13.0,2.6666666666666665
000978,Kyle Jackson,CAN,Cannons,4,M,Midfield,2022-07-02,2025-05-31,8.0,6.0,6.0,0.0,6.0,2.0,17.0,9,1.0,0.0,0.0,0.0,0.0,0.0,1.0,3.0,0.0,0,0,0,0.0,0.0,0.0,0.0,5.0,75.0,55.0,0.35294117647058826,0.5294117647058824,,,,,0.4,0.0,2.0,1.5,1.5,0.0,1.5,0.5,4.25,2.25,0.25,0.0,0.0,0.0,0.0,0.0,0.25,0.75,0.0,0.0,0.0,0.0,0.0,0.0,0.0,0.0,1.25,18.75,13.75,1.25
000978,Kyle Jackson,CHA,Chaos,2,M,Midfield,2025-05-30,2026-05-09,0.0,0.0,0.0,0.0,0.0,0.0,5.0,4,0.0,0.0,0.0,0.0,0.0,0.0,0.0,3.0,0.0,0,0,0,0.0,0.0,0.0,0.0,0.0,35.0,27.0,0.0,0.8,,,,,,,0.0,0.0,0.0,0.0,0.0,0.0,2.5,2.0,0.0,0.0,0.0,0.0,0.0,0.0,0.0,1.5,0.0,0.0,0.0,0.0,0.0,0.0,0.0,0.0,0.0,17.5,13.5,0.0
000978,Kyle Jackson,OUT,Outlaws,3,M,Midfield,2023-08-27,2024-08-10,3.0,2.0,2.0,0.0,2.0,1.0,4.0,3,1.0,0.0,0.0,0.0,0.0,0.0,2.0,4.0,0.0,0,0,0,0.0,0.0,0.0,0.0,4.0,47.0,39.0,0.5,0.75,,,,,0.25,0.0,1.0,0.6666666666666666,0.6666666666666666,0.0,0.6666666666666666,0.3333333333333333,1.3333333333333333,1.0,0.3333333333333333,0.0,0.0,0.0,0.0,0.0,0.6666666666666666,1.3333333333333333,0.0,0.0,0.0,0.0,0.0,0.0,0.0,0.0,1.3333333333333333,15.666666666666666,13.0,1.3333333333333333
000978,Kyle Jackson,RED,Redwoods,5,M,Midfield,2022-06-18,2024-07-27,8.0,6.0,6.0,0.0,6.0,2.0,13.0,11,0.0,0.0,0.0,0.0,0.0,0.0,1.0,5.0,0.0,0,0,0,0.0,0.0,0.0,0.0,4.0,70.0,52.0,0.46153846153846156,0.8461538461538461,,,,,0.5,,1.6,1.2,1.2,0.0,1.2,0.4,2.6,2.2,0.0,0.0,0.0,0.0,0.0,0.0,0.2,1.0,0.0,0.0,0.0,0.0,0.0,0.0,0.0,0.0,0.8,14.0,10.4,0.8
000978,Kyle Jackson,WAT,Waterdogs,4,M,Midfield,2022-06-25,2024-06-30,3.0,2.0,2.0,0.0,2.0,1.0,19.0,10,3.0,0.0,0.0,0.0,0.0,0.0,5.0,8.0,0.0,0,0,0,0.0,0.0,0.0,0.0,11.0,136.0,109.0,0.10526315789473684,0.5263157894736842,,,,,0.09090909090909091,0.0,0.75,0.5,0.5,0.0,0.5,0.25,4.75,2.5,0.75,0.0,0.0,0.0,0.0,0.0,1.25,2.0,0.0,0.0,0.0,0.0,0.0,0.0,0.0,0.0,2.75,34.0,27.25,2.75
000978,Kyle Jackson,WHP,Whipsnakes,6,M,Midfield,2022-06-04,2025-06-14,6.0,4.0,4.0,0.0,4.0,2.0,17.0,7,1.0,0.0,0.0,0.0,0.0,0.0,2.0,3.0,1.0,0,0,0,0.0,0.0,0.0,0.0,9.0,105.0,85.0,0.23529411764705882,0.4117647058823529,,,,,0.2222222222222222,0.0,1.0,0.6666666666666666,0.6666666666666666,0.0,0.6666666666666666,0.3333333333333333,2.8333333333333335,1.1666666666666667,0.16666666666666666,0.0,0.0,0.0,0.0,0.0,0.3333333333333333,0.5,0.16666666666666666,0.0,0.0,0.0,0.0,0.0,0.0,0.0,1.5,17.5,14.166666666666666,1.5
001001,Dylan Molloy,ARC,Archers,5,A,Attack,2022-06-05,2026-06-20,23.0,15.0,15.0,0.0,15.0,8.0,54.0,30,3.0,0.0,0.0,0.0,0.0,0.0,11.0,11.0,2.0,0,0,0,0.0,0.0,0.0,0.0,13.0,187.0,122.0,0.2777777777777778,0.5555555555555556,,,,,0.6153846153846154,0.0,4.6,3.0,3.0,0.0,3.0,1.6,10.8,6.0,0.6,0.0,0.0,0.0,0.0,0.0,2.2,2.2,0.4,0.0,0.0,0.0,0.0,0.0,0.0,0.0,2.6,37.4,24.4,2.6
001001,Dylan Molloy,ATL,Atlas,4,A,Attack,2022-07-02,2026-08-02,13.0,7.0,7.0,0.0,7.0,6.0,30.0,16,0.0,0.0,0.0,0.0,0.0,0.0,6.0,5.0,1.0,0,0,0,0.0,0.0,2.0,1.5,9.0,98.0,63.0,0.23333333333333334,0.5333333333333333,,,,,0.6666666666666666,,3.25,1.75,1.75,0.0,1.75,1.5,7.5,4.0,0.0,0.0,0.0,0.0,0.0,0.0,1.5,1.25,0.25,0.0,0.0,0.0,0.0,0.0,0.5,0.375,2.25,24.5,15.75,2.25
001001,Dylan Molloy,CAN,Cannons,8,A,Attack,2022-06-25,2026-08-09,14.0,13.0,13.0,0.0,13.0,1.0,35.0,26,1.0,0.0,0.0,0.0,0.0,0.0,9.0,19.0,2.0,0,0,0,0.0,0.0,0.0,0.0,15.0,180.0,126.0,0.37142857142857144,0.7428571428571429,,,,,0.06666666666666667,0.0,1.75,1.625,1.625,0.0,1.625,0.125,4.375,3.25,0.125,0.0,0.0,0.0,0.0,0.0,1.125,2.375,0.25,0.0,0.0,0.0,0.0,0.0,0.0,0.0,1.875,22.5,15.75,1.875
001001,Dylan Molloy,CHA,Chaos,6,A,Attack,2022-08-06,2026-07-31,17.0,14.0,12.0,1.0,13.0,3.0,46.0,33,3.0,0.0,0.0,0.0,0.0,0.0,12.0,14.0,2.0,0,0,0,0.0,0.0,2.0,1.0,8.0,174.0,114.0,0.2826086956521739,0.717391304347826,,,,,0.375,0.3333333333333333,2.8333333333333335,2.3333333333333335,2.0,0.16666666666666666,2.1666666666666665,0.5,7.666666666666667,5.5,0.5,0.0,0.0,0.0,0.0,0.0,2.0,2.3333333333333335,0.3333333333333333,0.0,0.0,0.0,0.0,0.0,0.3333333333333333,0.16666666666666666,1.3333333333333333,29.0,19.0,1.3333333333333333
001001,Dylan Molloy,OUT,Outlaws,3,A,Attack,2025-05-31,2026-05-16,8.0,5.0,5.0,0.0,5.0,3.0,21.0,9,0.0,0.0,0.0,0.0,0.0,0.0,6.0,6.0,0.0,0,0,0,0.0,0.0,0.0,0.0,8.0,84.0,57.0,0.23809523809523808,0.42857142857142855,,,,,0.375,,2.6666666666666665,1.6666666666666667,1.6666666666666667,0.0,1.6666666666666667,1.0,7.0,3.0,0.0,0.0,0.0,0.0,0.0,0.0,2.0,2.0,0.0,0.0,0.0,0.0,0.0,0.0,0.0,0.0,2.6666666666666665,28.0,19.0,2.6666666666666665
001001,Dylan Molloy,RED,Redwoods,4,A,Attack,2022-06-10,2024-06-16,5.0,4.0,4.0,0.0,4.0,1.0,15.0,10,1.0,0.0,0.0,0.0,0.0,0.0,2.0,7.0,0.0,0,0,0,0.0,0.0,0.0,0.0,3.0,71.0,49.0,0.26666666666666666,0.6666666666666666,,,,,0.3333333333333333,0.0,1.25,1.0,1.0,0.0,1.0,0.25,3.75,2.5,0.25,0.0,0.0,0.0,0.0,0.0,0.5,1.75,0.0,0.0,0.0,0.0,0.0,0.0,0.0,0.0,0.75,17.75,12.25,0.75
001001,Dylan Molloy,WAT,Waterdogs,4,A,Attack,2022-06-17,2026-07-10,8.0,5.0,5.0,0.0,5.0,3.0,20.0,13,2.0,0.0,0.0,0.0,0.0,0.0,1.0,5.0,1.0,0,0,0,0.0,0.0,0.0,0.0,10.0,114.0,89.0,0.25,0.65,,,,,0.3,0.0,2.0,1.25,1.25,0.0,1.25,0.75,5.0,3.25,0.5,0.0,0.0,0.0,0.0,0.0,0.25,1.25,0.25,0.0,0.0,0.0,0.0,0.0,0.0,0.0,2.5,28.5,22.25,2.5
001001,Dylan Molloy,WHP,Whipsnakes,4,A,Attack,2022-07-30,2026-07-17,10.0,7.0,7.0,0.0,7.0,3.0,20.0,15,1.0,0.0,0.0,0.0,0.0,0.0,5.0,4.0,0.0,0,0,0,0.0,0.0,0.0,0.0,9.0,111.0,87.0,0.35,0.75,,,,,0.3333333333333333,0.0,2.5,1.75,1.75,0.0,1.75,0.75,5.0,3.75,0.25,0.0,0.0,0.0,0.0,0.0,1.25,1.0,0.0,0.0,0.0,0.0,0.0,0.0,0.0,0.0,2.25,27.75,21.75,2.25
001009,Colin Heacock,ARC,Archers,6,M,Midfield,2022-06-05,2026-07-25,4.0,3.0,3.0,0.0,3.0,1.0,11.0,7,0.0,0.0,0.0,0.0,0.0,0.0,3.0,6.0,0.0,0,0,0,0.0,0.0,0.0,0.0,5.0,80.0,63.0,0.2727272727272727,0.6363636363636364,,,,,0.2,,0.6666666666666666,0.5,0.5,0.0,0.5,0.16666666666666666,1.8333333333333333,1.1666666666666667,0.0,0.0,0.0,0.0,0.0,0.0,0.5,1.0,0.0,0.0,0.0,0.0,0.0,0.0,0.0,0.0,0.8333333333333334,13.333333333333334,10.5,0.8333333333333334
001009,Colin Heacock,ATL,Atlas,8,M,Midfield,2022-07-02,2026-06-21,6.0,5.0,5.0,0.0,5.0,1.0,18.0,9,1.0,0.0,0.0,0.0,0.0,0.0,5.0,3.0,2.0,0,0,0,0.0,0.0,2.0,1.5,5.0,112.0,91.0,0.2777777777777778,0.5,,,,,0.2,0.0,0.75,0.625,0.625,0.0,0.625,0.125,2.25,1.125,0.125,0.0,0.0,0.0,0.0,0.0,0.625,0.375,0.25,0.0,0.0,0.0,0.0,0.0,0.25,0.1875,0.625,14.0,11.375,0.625
001009,Colin Heacock,CAN,Cannons,8,M,Midfield,2022-06-25,2026-08-07,8.0,6.0,6.0,0.0,6.0,2.0,20.0,15,1.0,0.0,0.0,0.0,0.0,0.0,3.0,6.0,0.0,0,0,0,0.0,0.0,1.0,1.0,8.0,114.0,88.0,0.3,0.75,,,,,0.25,0.0,1.0,0.75,0.75,0.0,0.75,0.25,2.5,1.875,0.125,0.0,0.0,0.0,0.0,0.0,0.375,0.75,0.0,0.0,0.0,0.0,0.0,0.0,0.125,0.125,1.0,14.25,11.0,1.0
001009,Colin Heacock,CHA,Chaos,5,M,Midfield,2022-08-06,2026-07-12,4.0,3.0,3.0,0.0,3.0,1.0,10.0,4,1.0,0.0,0.0,0.0,0.0,0.0,0.0,1.0,0.0,0,0,0,0.0,0.0,2.0,1.0,4.0,53.0,42.0,0.3,0.4,,,,,0.25,0.0,0.8,0.6,0.6,0.0,0.6,0.2,2.0,0.8,0.2,0.0,0.0,0.0,0.0,0.0,0.0,0.2,0.0,0.0,0.0,0.0,0.0,0.0,0.4,0.2,0.8,10.6,8.4,0.8
001009,Colin Heacock,OUT,Outlaws,4,M,Midfield,2024-08-10,2026-08-01,4.0,3.0,3.0,0.0,3.0,1.0,13.0,8,1.0,0.0,0.0,0.0,0.0,0.0,2.0,3.0,0.0,0,0,0,0.0,0.0,0.0,0.0,2.0,47.0,31.0,0.23076923076923078,0.6153846153846154,,,,,0.5,0.0,1.0,0.75,0.75,0.0,0.75,0.25,3.25,2.0,0.25,0.0,0.0,0.0,0.0,0.0,0.5,0.75,0.0,0.0,0.0,0.0,0.0,0.0,0.0,0.0,0.5,11.75,7.75,0.5
001009,Colin Heacock,RED,Redwoods,5,M,Midfield,2022-06-10,2026-07-17,3.0,3.0,3.0,0.0,3.0,0.0,18.0,7,1.0,0.0,0.0,0.0,0.0,0.0,5.0,4.0,0.0,0,0,0,0.0,0.0,0.0,0.0,0.0,78.0,56.0,0.16666666666666666,0.3888888888888889,,,,,,0.0,0.6,0.6,0.6,0.0,0.6,0.0,3.6,1.4,0.2,0.0,0.0,0.0,0.0,0.0,1.0,0.8,0.0,0.0,0.0,0.0,0.0,0.0,0.0,0.0,0.0,15.6,11.2,0.0
001009,Colin Heacock,WAT,Waterdogs,7,M,Midfield,2022-06-17,2026-05-09,9.0,8.0,8.0,0.0,8.0,1.0,32.0,18,2.0,0.0,0.0,0.0,0.0,0.0,4.0,7.0,0.0,0,0,0,0.0,0.0,1.0,1.0,9.0,119.0,80.0,0.25,0.5625,,,,,0.1111111111111111,0.0,1.2857142857142858,1.1428571428571428,1.1428571428571428,0.0,1.1428571428571428,0.14285714285714285,4.571428571428571,2.5714285714285716,0.2857142857142857,0.0,0.0,0.0,0.0,0.0,0.5714285714285714,1.0,0.0,0.0,0.0,0.0,0.0,0.0,0.14285714285714285,0.14285714285714285,1.2857142857142858,17.0,11.428571428571429,1.2857142857142858
001009,Colin Heacock,WHP,Whipsnakes,3,M,Midfield,2022-07-30,2023-08-05,2.0,2.0,2.0,0.0,2.0,0.0,11.0,5,0.0,0.0,0.0,0.0,0.0,0.0,1.0,1.0,0.0,0,0,0,0.0,0.0,0.0,0.0,3.0,45.0,33.0,0.18181818181818182,0.45454545454545453,,,,,0.0,,0.6666666666666666,0.6666666666666666,0.6666666666666666,0.0,0.6666666666666666,0.0,3.6666666666666665,1.6666666666666667,0.0,0.0,0.0,0.0,0.0,0.0,0.3333333333333333,0.3333333333333333,0.0,0.0,0.0,0.0,0.0,0.0,0.0,0.0,1.0,15.0,11.0,1.0
001010,Isaiah Davis-Allen,ARC,Archers,3,SSDM,Defensive Midfield,2022-07-01,2024-08-17,0.0,0.0,0.0,0.0,0.0,0.0,0.0,0,0.0,0.0,0.0,0.0,0.0,0.0,2.0,1.0,0.0,0,0,0,0.0,0.0,1.0,0.5,0.0,19.0,18.0,,,,,,,,,0.0,0.0,0.0,0.0,0.0,0.0,0.0,0.0,0.0,0.0,0.0,0.0,0.0,0.0,0.6666666666666666,0.3333333333333333,0.0,0.0,0.0,0.0,0.0,0.0,0.3333333333333333,0.16666666666666666,0.0,6.333333333333333,6.0,0.0
001010,Isaiah Davis-Allen,ATL,Atlas,5,SSDM,Defensive Midfield,2022-06-04,2024-06-16,1.0,0.0,0.0,0.0,0.0,1.0,1.0,1,0.0,0.0,0.0,0.0,0.0,0.0,4.0,2.0,2.0,1,8,9,0.0,0.0,1.0,1.0,1.0,21.0,18.0,0.0,1.0,0.1111111111111111,,,,1.0,,0.2,0.0,0.0,0.0,0.0,0.2,0.2,0.2,0.0,0.0,0.0,0.0,0.0,0.0,0.8,0.4,0.4,0.2,1.6,1.8,0.0,0.0,0.2,0.2,0.2,4.2,3.6,0.2
001010,Isaiah Davis-Allen,CAN,Cannons,3,SSDM,Defensive Midfield,2022-08-06,2023-08-13,0.0,0.0,0.0,0.0,0.0,0.0,0.0,0,0.0,0.0,0.0,0.0,0.0,0.0,2.0,3.0,0.0,0,0,0,0.0,0.0,1.0,1.0,0.0,25.0,22.0,,,,,,,,,0.0,0.0,0.0,0.0,0.0,0.0,0.0,0.0,0.0,0.0,0.0,0.0,0.0,0.0,0.6666666666666666,1.0,0.0,0.0,0.0,0.0,0.0,0.0,0.3333333333333333,0.3333333333333333,0.0,8.333333333333334,7.333333333333333,0.0
001010,Isaiah Davis-Allen,CHA,Chaos,5,SSDM,Defensive Midfield,2022-06-18,2024-06-07,0.0,0.0,0.0,0.0,0.0,0.0,2.0,2,1.0,0.0,0.0,0.0,0.0,0.0,8.0,0.0,1.0,3,6,9,0.0,0.0,0.0,0.0,1.0,33.0,31.0,0.0,1.0,0.3333333333333333,,,,0.0,0.0,0.0,0.0,0.0,0.0,0.0,0.0,0.4,0.4,0.2,0.0,0.0,0.0,0.0,0.0,1.6,0.0,0.2,0.6,1.2,1.8,0.0,0.0,0.0,0.0,0.2,6.6,6.2,0.2
001010,Isaiah Davis-Allen,OUT,Outlaws,4,SSDM,Defensive Midfield,2022-06-10,2024-08-03,0.0,0.0,0.0,0.0,0.0,0.0,0.0,0,0.0,0.0,0.0,0.0,0.0,0.0,1.0,1.0,0.0,1,7,8,0.0,0.0,0.0,0.0,1.0,25.0,24.0,,,0.125,,,,0.0,,0.0,0.0,0.0,0.0,0.0,0.0,0.0,0.0,0.0,0.0,0.0,0.0,0.0,0.0,0.25,0.25,0.0,0.25,1.75,2.0,0.0,0.0,0.0,0.0,0.25,6.25,6.0,0.25
001010,Isaiah Davis-Allen,WAT,Waterdogs,3,SSDM,Defensive Midfield,2022-08-13,2024-08-10,0.0,0.0,0.0,0.0,0.0,0.0,0.0,0,0.0,0.0,0.0,0.0,0.0,0.0,3.0,1.0,1.0,0,2,2,0.0,0.0,0.0,0.0,0.0,25.0,24.0,,,0.0,,,,,,0.0,0.0,0.0,0.0,0.0,0.0,0.0,0.0,0.0,0.0,0.0,0.0,0.0,0.0,1.0,0.3333333333333333,0.3333333333333333,0.0,0.6666666666666666,0.6666666666666666,0.0,0.0,0.0,0.0,0.0,8.333333333333334,8.0,0.0
001010,Isaiah Davis-Allen,WHP,Whipsnakes,2,SSDM,Defensive Midfield,2022-06-24,2023-06-17,0.0,0.0,0.0,0.0,0.0,0.0,0.0,0,0.0,0.0,0.0,0.0,0.0,0.0,4.0,0.0,1.0,1,0,1,0.0,0.0,0.0,0.0,4.0,12.0,12.0,,,1.0,,,,0.0,,0.0,0.0,0.0,0.0,0.0,0.0,0.0,0.0,0.0,0.0,0.0,0.0,0.0,0.0,2.0,0.0,0.5,0.5,0.0,0.5,0.0,0.0,0.0,0.0,2.0,6.0,6.0,2.0
001020,Mike Messenger,ARC,Archers,3,SSDM,Defensive Midfield,2022-06-05,2024-06-08,2.0,2.0,2.0,0.0,2.0,0.0,4.0,3,0.0,0.0,0.0,0.0,0.0,0.0,8.0,1.0,2.0,1,3,4,0.0,0.0,3.0,4.0,1.0,24.0,19.0,0.5,0.75,0.25,,,,0.0,,0.6666666666666666,0.6666666666666666,0.6666666666666666,0.0,0.6666666666666666,0.0,1.3333333333333333,1.0,0.0,0.0,0.0,0.0,0.0,0.0,2.6666666666666665,0.3333333333333333,0.6666666666666666,0.3333333333333333,1.0,1.3333333333333333,0.0,0.0,1.0,1.3333333333333333,0.3333333333333333,8.0,6.333333333333333,0.3333333333333333
001020,Mike Messenger,ATL,Atlas,1,SSDM,Defensive Midfield,2022-07-02,2022-07-02,1.0,1.0,1.0,0.0,1.0,0.0,1.0,1,0.0,0.0,0.0,0.0,0.0,0.0,1.0,0.0,3.0,0,5,5,0.0,0.0,0.0,0.0,0.0,5.0,4.0,1.0,1.0,0.0,,,,,,1.0,1.0,1.0,0.0,1.0,0.0,1.0,1.0,0.0,0.0,0.0,0.0,0.0,0.0,1.0,0.0,3.0,0.0,5.0,5.0,0.0,0.0,0.0,0.0,0.0,5.0,4.0,0.0
001020,Mike Messenger,CAN,Cannons,4,SSDM,Defensive Midfield,2022-06-25,2023-07-15,5.0,5.0,5.0,0.0,5.0,0.0,9.0,7,1.0,0.0,0.0,0.0,0.0,0.0,6.0,2.0,4.0,2,5,7,0.0,0.0,1.0,0.5,1.0,48.0,37.0,0.5555555555555556,0.7777777777777778,0.2857142857142857,,,,0.0,0.0,1.25,1.25,1.25,0.0,1.25,0.0,2.25,1.75,0.25,0.0,0.0,0.0,0.0,0.0,1.5,0.5,1.0,0.5,1.25,1.75,0.0,0.0,0.25,0.125,0.25,12.0,9.25,0.25
001020,Mike Messenger,CHA,Chaos,2,SSDM,Defensive Midfield,2022-08-06,2024-06-02,1.0,0.0,0.0,0.0,0.0,1.0,1.0,0,0.0,0.0,0.0,0.0,0.0,0.0,1.0,0.0,1.0,2,1,3,0.0,0.0,0.0,0.0,2.0,13.0,12.0,0.0,0.0,0.6666666666666666,,,,0.5,,0.5,0.0,0.0,0.0,0.0,0.5,0.5,0.0,0.0,0.0,0.0,0.0,0.0,0.0,0.5,0.0,0.5,1.0,0.5,1.5,0.0,0.0,0.0,0.0,1.0,6.5,6.0,1.0
001020,Mike Messenger,RED,Redwoods,2,SSDM,Defensive Midfield,2022-06-10,2022-08-20,1.0,1.0,1.0,0.0,1.0,0.0,2.0,1,1.0,0.0,0.0,0.0,0.0,0.0,7.0,3.0,0.0,1,1,2,0.0,0.0,1.0,1.0,0.0,10.0,5.0,0.5,0.5,0.5,,,,,0.0,0.5,0.5,0.5,0.0,0.5,0.0,1.0,0.5,0.5,0.0,0.0,0.0,0.0,0.0,3.5,1.5,0.0,0.5,0.5,1.0,0.0,0.0,0.5,0.5,0.0,5.0,2.5,0.0
001020,Mike Messenger,WAT,Waterdogs,3,SSDM,Defensive Midfield,2022-06-17,2023-07-08,1.0,1.0,1.0,0.0,1.0,0.0,4.0,2,0.0,0.0,0.0,0.0,0.0,0.0,1.0,3.0,1.0,1,5,6,0.0,0.0,1.0,1.0,5.0,25.0,18.0,0.25,0.5,0.16666666666666666,,,,0.0,,0.3333333333333333,0.3333333333333333,0.3333333333333333,0.0,0.3333333333333333,0.0,1.3333333333333333,0.6666666666666666,0.0,0.0,0.0,0.0,0.0,0.0,0.3333333333333333,1.0,0.3333333333333333,0.3333333333333333,1.6666666666666667,2.0,0.0,0.0,0.3333333333333333,0.3333333333333333,1.6666666666666667,8.333333333333334,6.0,1.6666666666666667
001020,Mike Messenger,WHP,Whipsnakes,2,SSDM,Defensive Midfield,2022-07-30,2023-06-04,0.0,0.0,0.0,0.0,0.0,0.0,2.0,2,0.0,0.0,0.0,0.0,0.0,0.0,2.0,1.0,1.0,1,3,4,0.0,0.0,0.0,0.0,1.0,16.0,13.0,0.0,1.0,0.25,,,,0.0,,0.0,0.0,0.0,0.0,0.0,0.0,1.0,1.0,0.0,0.0,0.0,0.0,0.0,0.0,1.0,0.5,0.5,0.5,1.5,2.0,0.0,0.0,0.0,0.0,0.5,8.0,6.5,0.5
001391,Mikie Schlosser,ARC,Archers,2,M,Midfield,2022-08-21,2026-05-09,0.0,0.0,0.0,0.0,0.0,0.0,3.0,2,0.0,0.0,0.0,0.0,0.0,0.0,0.0,1.0,0.0,0,0,0,0.0,0.0,0.0,0.0,1.0,16.0,12.0,0.0,0.6666666666666666,,,,,0.0,,0.0,0.0,0.0,0.0,0.0,0.0,1.5,1.0,0.0,0.0,0.0,0.0,0.0,0.0,0.0,0.5,0.0,0.0,0.0,0.0,0.0,0.0,0.0,0.0,0.5,8.0,6.0,0.5
001391,Mikie Schlosser,ATL,Atlas,3,M,Midfield,2022-08-06,2025-08-09,3.0,3.0,3.0,0.0,3.0,0.0,8.0,5,1.0,0.0,0.0,0.0,0.0,0.0,0.0,2.0,0.0,0,0,0,0.0,0.0,0.0,0.0,1.0,36.0,26.0,0.375,0.625,,,,,0.0,0.0,1.0,1.0,1.0,0.0,1.0,0.0,2.6666666666666665,1.6666666666666667,0.3333333333333333,0.0,0.0,0.0,0.0,0.0,0.0,0.6666666666666666,0.0,0.0,0.0,0.0,0.0,0.0,0.0,0.0,0.3333333333333333,12.0,8.666666666666666,0.3333333333333333
001391,Mikie Schlosser,CAN,Cannons,1,M,Midfield,2022-06-05,2022-06-05,0.0,0.0,0.0,0.0,0.0,0.0,3.0,1,0.0,0.0,0.0,0.0,0.0,0.0,1.0,1.0,0.0,0,0,0,0.0,0.0,0.0,0.0,0.0,17.0,13.0,0.0,0.3333333333333333,,,,,,,0.0,0.0,0.0,0.0,0.0,0.0,3.0,1.0,0.0,0.0,0.0,0.0,0.0,0.0,1.0,1.0,0.0,0.0,0.0,0.0,0.0,0.0,0.0,0.0,0.0,17.0,13.0,0.0
001391,Mikie Schlosser,OUT,Outlaws,2,M,Midfield,2022-06-17,2024-07-19,1.0,1.0,1.0,0.0,1.0,0.0,2.0,2,0.0,0.0,0.0,0.0,0.0,0.0,1.0,1.0,0.0,0,0,0,0.0,0.0,0.0,0.0,2.0,28.0,25.0,0.5,1.0,,,,,0.0,,0.5,0.5,0.5,0.0,0.5,0.0,1.0,1.0,0.0,0.0,0.0,0.0,0.0,0.0,0.5,0.5,0.0,0.0,0.0,0.0,0.0,0.0,0.0,0.0,1.0,14.0,12.5,1.0
001391,Mikie Schlosser,RED,Redwoods,3,M,Midfield,2022-08-13,2025-06-28,2.0,2.0,2.0,0.0,2.0,0.0,9.0,7,0.0,0.0,0.0,0.0,0.0,0.0,4.0,3.0,0.0,0,0,0,0.0,0.0,0.0,0.0,1.0,39.0,27.0,0.2222222222222222,0.7777777777777778,,,,,0.0,,0.6666666666666666,0.6666666666666666,0.6666666666666666,0.0,0.6666666666666666,0.0,3.0,2.3333333333333335,0.0,0.0,0.0,0.0,0.0,0.0,1.3333333333333333,1.0,0.0,0.0,0.0,0.0,0.0,0.0,0.0,0.0,0.3333333333333333,13.0,9.0,0.3333333333333333
001391,Mikie Schlosser,WHP,Whipsnakes,2,M,Midfield,2022-06-12,2025-06-07,3.0,3.0,1.0,1.0,2.0,0.0,4.0,3,2.0,0.0,0.0,0.0,0.0,0.0,0.0,1.0,0.0,0,0,0,0.0,0.0,0.0,0.0,3.0,35.0,30.0,0.5,0.75,,,,,0.0,0.5,1.5,1.5,0.5,0.5,1.0,0.0,2.0,1.5,1.0,0.0,0.0,0.0,0.0,0.0,0.0,0.5,0.0,0.0,0.0,0.0,0.0,0.0,0.0,0.0,1.5,17.5,15.0,1.5
001397,Michael Rexrode,ARC,Archers,6,D,Defense,2022-06-26,2026-07-11,0.0,0.0,0.0,0.0,0.0,0.0,2.0,0,2.0,0.0,0.0,0.0,0.0,0.0,10.0,1.0,4.0,0,0,0,0.0,0.0,1.0,1.0,0.0,36.0,33.0,0.0,0.0,,,,,,0.0,0.0,0.0,0.0,0.0,0.0,0.0,0.3333333333333333,0.0,0.3333333333333333,0.0,0.0,0.0,0.0,0.0,1.6666666666666667,0.16666666666666666,0.6666666666666666,0.0,0.0,0.0,0.0,0.0,0.16666666666666666,0.16666666666666666,0.0,6.0,5.5,0.0
001397,Michael Rexrode,CAN,Cannons,9,D,Defense,2022-06-11,2026-07-19,1.0,1.0,1.0,0.0,1.0,0.0,2.0,1,1.0,0.0,0.0,0.0,0.0,0.0,18.0,2.0,13.0,0,0,0,0.0,0.0,4.0,3.5,1.0,56.0,52.0,0.5,0.5,,,,,0.0,0.0,0.1111111111111111,0.1111111111111111,0.1111111111111111,0.0,0.1111111111111111,0.0,0.2222222222222222,0.1111111111111111,0.1111111111111111,0.0,0.0,0.0,0.0,0.0,2.0,0.2222222222222222,1.4444444444444444,0.0,0.0,0.0,0.0,0.0,0.4444444444444444,0.3888888888888889,0.1111111111111111,6.222222222222222,5.777777777777778,0.1111111111111111
001397,Michael Rexrode,CHA,Chaos,5,D,Defense,2022-08-21,2026-05-09,1.0,1.0,1.0,0.0,1.0,0.0,1.0,1,0.0,0.0,0.0,0.0,0.0,0.0,4.0,3.0,3.0,0,0,0,0.0,0.0,0.0,0.0,0.0,17.0,13.0,1.0,1.0,,,,,,,0.2,0.2,0.2,0.0,0.2,0.0,0.2,0.2,0.0,0.0,0.0,0.0,0.0,0.0,0.8,0.6,0.6,0.0,0.0,0.0,0.0,0.0,0.0,0.0,0.0,3.4,2.6,0.0
001397,Michael Rexrode,OUT,Outlaws,6,D,Defense,2022-07-02,2026-08-08,0.0,0.0,0.0,0.0,0.0,0.0,0.0,0,0.0,0.0,0.0,0.0,0.0,0.0,6.0,0.0,8.0,0,0,0,0.0,0.0,3.0,2.0,0.0,27.0,27.0,,,,,,,,,0.0,0.0,0.0,0.0,0.0,0.0,0.0,0.0,0.0,0.0,0.0,0.0,0.0,0.0,1.0,0.0,1.3333333333333333,0.0,0.0,0.0,0.0,0.0,0.5,0.3333333333333333,0.0,4.5,4.5,0.0
001397,Michael Rexrode,RED,Redwoods,8,D,Defense,2022-06-04,2026-08-02,2.0,2.0,0.0,1.0,1.0,0.0,2.0,2,2.0,0.0,0.0,0.0,0.0,0.0,16.0,2.0,12.0,0,0,0,0.0,0.0,2.0,2.0,2.0,41.0,37.0,0.5,1.0,,,,,0.0,0.5,0.25,0.25,0.0,0.125,0.125,0.0,0.25,0.25,0.25,0.0,0.0,0.0,0.0,0.0,2.0,0.25,1.5,0.0,0.0,0.0,0.0,0.0,0.25,0.25,0.25,5.125,4.625,0.25
001397,Michael Rexrode,WAT,Waterdogs,8,D,Defense,2022-08-06,2026-07-25,0.0,0.0,0.0,0.0,0.0,0.0,0.0,0,0.0,0.0,0.0,0.0,0.0,0.0,12.0,3.0,6.0,0,0,0,0.0,0.0,3.0,2.0,1.0,43.0,40.0,,,,,,,0.0,,0.0,0.0,0.0,0.0,0.0,0.0,0.0,0.0,0.0,0.0,0.0,0.0,0.0,0.0,1.5,0.375,0.75,0.0,0.0,0.0,0.0,0.0,0.375,0.25,0.125,5.375,5.0,0.125
001397,Michael Rexrode,WHP,Whipsnakes,9,D,Defense,2022-06-18,2026-06-21,0.0,0.0,0.0,0.0,0.0,0.0,1.0,1,0.0,0.0,0.0,0.0,0.0,0.0,13.0,2.0,8.0,0,1,1,0.0,0.0,2.0,1.5,1.0,52.0,49.0,0.0,1.0,0.0,,,,0.0,,0.0,0.0,0.0,0.0,0.0,0.0,0.1111111111111111,0.1111111111111111,0.0,0.0,0.0,0.0,0.0,0.0,1.4444444444444444,0.2222222222222222,0.8888888888888888,0.0,0.1111111111111111,0.1111111111111111,0.0,0.0,0.2222222222222222,0.16666666666666666,0.1111111111111111,5.777777777777778,5.444444444444445,0.1111111111111111
001402,Max Adler,ARC,Archers,1,FO,Faceoff,2022-08-13,2022-08-13,0.0,0.0,0.0,0.0,0.0,0.0,1.0,0,0.0,0.0,0.0,0.0,0.0,0.0,6.0,2.0,0.0,11,9,21,0.0,0.0,0.0,0.0,0.0,6.0,3.0,0.0,0.0,0.5238095238095238,,,,,,0.0,0.0,0.0,0.0,0.0,0.0,1.0,0.0,0.0,0.0,0.0,0.0,0.0,0.0,6.0,2.0,0.0,11.0,9.0,21.0,0.0,0.0,0.0,0.0,0.0,6.0,3.0,0.0
001402,Max Adler,ATL,Atlas,1,FO,Faceoff,2022-08-21,2022-08-21,1.0,0.0,0.0,0.0,0.0,1.0,0.0,0,0.0,0.0,0.0,0.0,0.0,0.0,1.0,0.0,0.0,5,14,19,0.0,0.0,1.0,0.5,1.0,1.0,1.0,,,0.2631578947368421,,,,1.0,,1.0,0.0,0.0,0.0,0.0,1.0,0.0,0.0,0.0,0.0,0.0,0.0,0.0,0.0,1.0,0.0,0.0,5.0,14.0,19.0,0.0,0.0,1.0,0.5,1.0,1.0,1.0,1.0
001402,Max Adler,OUT,Outlaws,1,FO,Faceoff,2022-08-06,2022-08-06,0.0,0.0,0.0,0.0,0.0,0.0,0.0,0,0.0,0.0,0.0,0.0,0.0,0.0,3.0,2.0,0.0,9,15,24,0.0,0.0,1.0,0.5,0.0,3.0,1.0,,,0.375,,,,,,0.0,0.0,0.0,0.0,0.0,0.0,0.0,0.0,0.0,0.0,0.0,0.0,0.0,0.0,3.0,2.0,0.0,9.0,15.0,24.0,0.0,0.0,1.0,0.5,0.0,3.0,1.0,0.0
001402,Max Adler,RED,Redwoods,2,FO,Faceoff,2022-07-31,2023-07-09,0.0,0.0,0.0,0.0,0.0,0.0,1.0,1,0.0,0.0,0.0,0.0,0.0,0.0,17.0,4.0,0.0,25,27,52,0.0,0.0,0.0,0.0,1.0,14.0,9.0,0.0,1.0,0.4807692307692308,,,,0.0,,0.0,0.0,0.0,0.0,0.0,0.0,0.5,0.5,0.0,0.0,0.0,0.0,0.0,0.0,8.5,2.0,0.0,12.5,13.5,26.0,0.0,0.0,0.0,0.0,0.5,7.0,4.5,0.5
001406,Ben Randall,ARC,Archers,7,D,Defense,2022-08-21,2026-07-25,2.0,2.0,0.0,1.0,1.0,0.0,4.0,4,3.0,0.0,0.0,0.0,0.0,0.0,14.0,7.0,7.0,0,0,0,0.0,0.0,2.0,1.5,0.0,52.0,41.0,0.25,1.0,,,,,,0.3333333333333333,0.2857142857142857,0.2857142857142857,0.0,0.14285714285714285,0.14285714285714285,0.0,0.5714285714285714,0.5714285714285714,0.42857142857142855,0.0,0.0,0.0,0.0,0.0,2.0,1.0,1.0,0.0,0.0,0.0,0.0,0.0,0.2857142857142857,0.21428571428571427,0.0,7.428571428571429,5.857142857142857,0.0
001406,Ben Randall,ATL,Atlas,8,D,Defense,2022-08-06,2026-05-30,1.0,1.0,1.0,0.0,1.0,0.0,5.0,3,2.0,0.0,0.0,0.0,0.0,0.0,23.0,3.0,13.0,0,0,0,0.0,0.0,0.0,0.0,0.0,71.0,63.0,0.2,0.6,,,,,,0.0,0.125,0.125,0.125,0.0,0.125,0.0,0.625,0.375,0.25,0.0,0.0,0.0,0.0,0.0,2.875,0.375,1.625,0.0,0.0,0.0,0.0,0.0,0.0,0.0,0.0,8.875,7.875,0.0
001406,Ben Randall,CAN,Cannons,8,D,Defense,2022-06-05,2026-07-11,2.0,1.0,1.0,0.0,1.0,1.0,2.0,2,1.0,0.0,0.0,0.0,0.0,0.0,21.0,2.0,14.0,0,0,0,0.0,0.0,1.0,0.5,1.0,54.0,50.0,0.5,1.0,,,,,1.0,0.0,0.25,0.125,0.125,0.0,0.125,0.125,0.25,0.25,0.125,0.0,0.0,0.0,0.0,0.0,2.625,0.25,1.75,0.0,0.0,0.0,0.0,0.0,0.125,0.0625,0.125,6.75,6.25,0.125
001406,Ben Randall,CHA,Chaos,7,D,Defense,2022-06-25,2026-07-18,1.0,1.0,1.0,0.0,1.0,0.0,3.0,2,2.0,0.0,0.0,0.0,0.0,0.0,18.0,5.0,10.0,0,0,0,0.0,0.0,1.0,1.0,4.0,64.0,56.0,0.3333333333333333,0.6666666666666666,,,,,0.0,0.0,0.14285714285714285,0.14285714285714285,0.14285714285714285,0.0,0.14285714285714285,0.0,0.42857142857142855,0.2857142857142857,0.2857142857142857,0.0,0.0,0.0,0.0,0.0,2.5714285714285716,0.7142857142857143,1.4285714285714286,0.0,0.0,0.0,0.0,0.0,0.14285714285714285,0.14285714285714285,0.5714285714285714,9.142857142857142,8.0,0.5714285714285714
001406,Ben Randall,OUT,Outlaws,5,D,Defense,2022-06-17,2025-06-14,0.0,0.0,0.0,0.0,0.0,0.0,1.0,0,1.0,0.0,0.0,0.0,0.0,0.0,10.0,5.0,3.0,0,0,0,0.0,0.0,0.0,0.0,0.0,31.0,25.0,0.0,0.0,,,,,,0.0,0.0,0.0,0.0,0.0,0.0,0.0,0.2,0.0,0.2,0.0,0.0,0.0,0.0,0.0,2.0,1.0,0.6,0.0,0.0,0.0,0.0,0.0,0.0,0.0,0.0,6.2,5.0,0.0
001406,Ben Randall,RED,Redwoods,5,D,Defense,2022-08-13,2026-05-16,1.0,1.0,1.0,0.0,1.0,0.0,2.0,2,0.0,0.0,0.0,0.0,0.0,0.0,14.0,0.0,3.0,0,0,0,0.0,0.0,0.0,0.0,1.0,42.0,40.0,0.5,1.0,,,,,0.0,,0.2,0.2,0.2,0.0,0.2,0.0,0.4,0.4,0.0,0.0,0.0,0.0,0.0,0.0,2.8,0.0,0.6,0.0,0.0,0.0,0.0,0.0,0.0,0.0,0.2,8.4,8.0,0.2
001406,Ben Randall,WAT,Waterdogs,1,D,Defense,2026-07-26,2026-07-26,0.0,0.0,0.0,0.0,0.0,0.0,0.0,0,0.0,0.0,0.0,0.0,0.0,0.0,2.0,1.0,2.0,0,0,0,0.0,0.0,1.0,1.0,0.0,9.0,8.0,,,,,,,,,0.0,0.0,0.0,0.0,0.0,0.0,0.0,0.0,0.0,0.0,0.0,0.0,0.0,0.0,2.0,1.0,2.0,0.0,0.0,0.0,0.0,0.0,1.0,1.0,0.0,9.0,8.0,0.0
001406,Ben Randall,WHP,Whipsnakes,9,D,Defense,2022-06-12,2026-08-01,1.0,0.0,0.0,0.0,0.0,1.0,3.0,2,2.0,0.0,0.0,0.0,0.0,0.0,15.0,1.0,8.0,0,0,0,0.0,0.0,0.0,0.0,4.0,78.0,74.0,0.0,0.6666666666666666,,,,,0.25,0.0,0.1111111111111111,0.0,0.0,0.0,0.0,0.1111111111111111,0.3333333333333333,0.2222222222222222,0.2222222222222222,0.0,0.0,0.0,0.0,0.0,1.6666666666666667,0.1111111111111111,0.8888888888888888,0.0,0.0,0.0,0.0,0.0,0.0,0.0,0.4444444444444444,8.666666666666666,8.222222222222221,0.4444444444444444
001414,Scott Hooper,WAT,Waterdogs,1,D,Defense,2022-06-05,2022-06-05,0.0,0.0,0.0,0.0,0.0,0.0,0.0,0,0.0,0.0,0.0,0.0,0.0,0.0,1.0,0.0,2.0,0,0,0,0.0,0.0,0.0,0.0,0.0,2.0,2.0,,,,,,,,,0.0,0.0,0.0,0.0,0.0,0.0,0.0,0.0,0.0,0.0,0.0,0.0,0.0,0.0,1.0,0.0,2.0,0.0,0.0,0.0,0.0,0.0,0.0,0.0,0.0,2.0,2.0,0.0
001415,Greg Weyl,ARC,Archers,3,LSM,Long Stick Midfield,2025-07-27,2026-07-25,0.0,0.0,0.0,0.0,0.0,0.0,0.0,0,0.0,0.0,0.0,0.0,0.0,0.0,2.0,0.0,2.0,0,0,0,0.0,0.0,0.0,0.0,0.0,2.0,2.0,,,,,,,,,0.0,0.0,0.0,0.0,0.0,0.0,0.0,0.0,0.0,0.0,0.0,0.0,0.0,0.0,0.6666666666666666,0.0,0.6666666666666666,0.0,0.0,0.0,0.0,0.0,0.0,0.0,0.0,0.6666666666666666,0.6666666666666666,0.0
001415,Greg Weyl,ATL,Atlas,2,LSM,Long Stick Midfield,2026-05-30,2026-08-08,0.0,0.0,0.0,0.0,0.0,0.0,3.0,0,2.0,0.0,0.0,0.0,0.0,0.0,1.0,0.0,1.0,0,0,0,0.0,0.0,1.0,0.5,0.0,6.0,3.0,0.0,0.0,,,,,,0.0,0.0,0.0,0.0,0.0,0.0,0.0,1.5,0.0,1.0,0.0,0.0,0.0,0.0,0.0,0.5,0.0,0.5,0.0,0.0,0.0,0.0,0.0,0.5,0.25,0.0,3.0,1.5,0.0
001415,Greg Weyl,CHA,Chaos,4,D,Defense,2024-08-10,2026-07-18,0.0,0.0,0.0,0.0,0.0,0.0,0.0,0,0.0,0.0,0.0,0.0,0.0,0.0,5.0,0.0,4.0,0,0,0,0.0,0.0,1.0,1.0,0.0,13.0,13.0,,,,,,,,,0.0,0.0,0.0,0.0,0.0,0.0,0.0,0.0,0.0,0.0,0.0,0.0,0.0,0.0,1.25,0.0,1.0,0.0,0.0,0.0,0.0,0.0,0.25,0.25,0.0,3.25,3.25,0.0
001415,Greg Weyl,RED,Redwoods,2,D,Defense,2024-08-03,2026-05-16,1.0,1.0,1.0,0.0,1.0,0.0,2.0,1,0.0,0.0,0.0,0.0,0.0,0.0,3.0,0.0,1.0,0,0,0,0.0,0.0,1.0,1.0,0.0,7.0,5.0,0.5,0.5,,,,,,,0.5,0.5,0.5,0.0,0.5,0.0,1.0,0.5,0.0,0.0,0.0,0.0,0.0,0.0,1.5,0.0,0.5,0.0,0.0,0.0,0.0,0.0,0.5,0.5,0.0,3.5,2.5,0.0
001415,Greg Weyl,WAT,Waterdogs,1,D,Defense,2023-07-08,2023-07-08,1.0,1.0,1.0,0.0,1.0,0.0,1.0,1,0.0,0.0,0.0,0.0,0.0,0.0,4.0,0.0,2.0,0,0,0,0.0,0.0,2.0,1.5,1.0,10.0,9.0,1.0,1.0,,,,,0.0,,1.0,1.0,1.0,0.0,1.0,0.0,1.0,1.0,0.0,0.0,0.0,0.0,0.0,0.0,4.0,0.0,2.0,0.0,0.0,0.0,0.0,0.0,2.0,1.5,1.0,10.0,9.0,1.0
001415,Greg Weyl,WHP,Whipsnakes,3,LSM,Long Stick Midfield,2024-08-10,2026-08-01,0.0,0.0,0.0,0.0,0.0,0.0,1.0,0,0.0,0.0,0.0,0.0,0.0,0.0,8.0,1.0,1.0,0,0,0,0.0,0.0,1.0,1.0,0.0,14.0,12.0,0.0,0.0,,,,,,,0.0,0.0,0.0,0.0,0.0,0.0,0.3333333333333333,0.0,0.0,0.0,0.0,0.0,0.0,0.0,2.6666666666666665,0.3333333333333333,0.3333333333333333,0.0,0.0,0.0,0.0,0.0,0.3333333333333333,0.3333333333333333,0.0,4.666666666666667,4.0,0.0
001417,Bryce Wasserman,ARC,Archers,1,A,Attack,2022-06-11,2022-06-11,0.0,0.0,0.0,0.0,0.0,0.0,1.0,1,0.0,0.0,0.0,0.0,0.0,0.0,0.0,1.0,0.0,0,0,0,0.0,0.0,0.0,0.0,1.0,12.0,10.0,0.0,1.0,,,,,0.0,,0.0,0.0,0.0,0.0,0.0,0.0,1.0,1.0,0.0,0.0,0.0,0.0,0.0,0.0,0.0,1.0,0.0,0.0,0.0,0.0,0.0,0.0,0.0,0.0,1.0,12.0,10.0,1.0
001417,Bryce Wasserman,WHP,Whipsnakes,1,A,Attack,2022-06-04,2022-06-04,1.0,0.0,0.0,0.0,0.0,1.0,1.0,0,0.0,0.0,0.0,0.0,0.0,0.0,0.0,2.0,0.0,0,0,0,0.0,0.0,0.0,0.0,1.0,21.0,18.0,0.0,0.0,,,,,1.0,,1.0,0.0,0.0,0.0,0.0,1.0,1.0,0.0,0.0,0.0,0.0,0.0,0.0,0.0,0.0,2.0,0.0,0.0,0.0,0.0,0.0,0.0,0.0,0.0,1.0,21.0,18.0,1.0
001427,Nick Marrocco,ARC,Archers,2,G,Goalie,2022-06-18,2022-07-24,0.0,0.0,0.0,0.0,0.0,0.0,1.0,1,1.0,25.0,10.0,15.0,37.0,37.0,8.0,0.0,1.0,0,0,0,36.0,1.0,0.0,0.0,2.0,36.0,35.0,0.0,1.0,,0.4098360655737705,40.0,0.16393442622950818,0.0,0.0,0.0,0.0,0.0,0.0,0.0,0.0,0.5,0.5,0.5,12.5,5.0,7.5,18.5,18.5,4.0,0.0,0.5,0.0,0.0,0.0,18.0,0.5,0.0,0.0,1.0,18.0,17.5,1.0
001427,Nick Marrocco,ATL,Atlas,1,G,Goalie,2022-06-11,2022-06-11,0.0,0.0,0.0,0.0,0.0,0.0,0.0,0,0.0,13.0,5.0,8.0,16.0,16.0,2.0,0.0,1.0,0,0,0,14.0,2.0,0.0,0.0,0.0,19.0,19.0,,,,0.48148148148148145,38.46153846153847,0.18518518518518517,,,0.0,0.0,0.0,0.0,0.0,0.0,0.0,0.0,0.0,13.0,5.0,8.0,16.0,16.0,2.0,0.0,1.0,0.0,0.0,0.0,14.0,2.0,0.0,0.0,0.0,19.0,19.0,0.0
001427,Nick Marrocco,CHA,Chaos,1,G,Goalie,2022-07-02,2022-07-02,0.0,0.0,0.0,0.0,0.0,0.0,0.0,0,0.0,10.0,2.0,8.0,13.0,12.999999999999998,1.0,0.0,0.0,0,0,0,13.0,0.0,0.0,0.0,0.0,8.0,8.0,,,,0.43478260869565216,20.0,0.08695652173913043,,,0.0,0.0,0.0,0.0,0.0,0.0,0.0,0.0,0.0,10.0,2.0,8.0,13.0,12.999999999999998,1.0,0.0,0.0,0.0,0.0,0.0,13.0,0.0,0.0,0.0,0.0,8.0,8.0,0.0
001427,Nick Marrocco,OUT,Outlaws,2,G,Goalie,2022-06-25,2022-08-13,0.0,0.0,0.0,0.0,0.0,0.0,1.0,1,1.0,26.0,12.0,14.0,23.0,22.679623251960116,6.0,0.0,1.0,0,0,0,23.0,0.0,1.0,1.0,0.0,36.0,35.0,0.0,1.0,,0.5306122448979592,46.15384615384615,0.24489795918367346,,0.0,0.0,0.0,0.0,0.0,0.0,0.0,0.5,0.5,0.5,13.0,6.0,7.0,11.5,11.339811625980058,3.0,0.0,0.5,0.0,0.0,0.0,11.5,0.0,0.5,0.5,0.0,18.0,17.5,0.0
001427,Nick Marrocco,RED,Redwoods,1,G,Goalie,2022-08-06,2022-08-06,0.0,0.0,0.0,0.0,0.0,0.0,0.0,0,0.0,14.0,6.0,8.0,15.0,15.0,3.0,0.0,0.0,0,0,0,13.0,2.0,0.0,0.0,1.0,21.0,21.0,,,,0.5185185185185185,42.857142857142854,0.2222222222222222,0.0,,0.0,0.0,0.0,0.0,0.0,0.0,0.0,0.0,0.0,14.0,6.0,8.0,15.0,15.0,3.0,0.0,0.0,0.0,0.0,0.0,13.0,2.0,0.0,0.0,1.0,21.0,21.0,1.0
001427,Nick Marrocco,WAT,Waterdogs,2,G,Goalie,2022-06-05,2022-07-31,0.0,0.0,0.0,0.0,0.0,0.0,0.0,0,0.0,35.0,14.0,21.0,25.0,25.0,3.0,0.0,0.0,0,0,0,25.0,0.0,0.0,0.0,0.0,31.0,31.0,,,,0.5833333333333334,40.0,0.23333333333333334,,,0.0,0.0,0.0,0.0,0.0,0.0,0.0,0.0,0.0,17.5,7.0,10.5,12.5,12.5,1.5,0.0,0.0,0.0,0.0,0.0,12.5,0.0,0.0,0.0,0.0,15.5,15.5,0.0
001657,Brendan Bomberry,ARC,Archers,1,A,Attack,2022-06-18,2022-06-18,0.0,0.0,0.0,0.0,0.0,0.0,3.0,1,0.0,0.0,0.0,0.0,0.0,0.0,0.0,2.0,0.0,0,0,0,0.0,0.0,0.0,0.0,0.0,8.0,3.0,0.0,0.3333333333333333,,,,,,,0.0,0.0,0.0,0.0,0.0,0.0,3.0,1.0,0.0,0.0,0.0,0.0,0.0,0.0,0.0,2.0,0.0,0.0,0.0,0.0,0.0,0.0,0.0,0.0,0.0,8.0,3.0,0.0
001657,Brendan Bomberry,ATL,Atlas,1,A,Attack,2022-06-11,2022-06-11,0.0,0.0,0.0,0.0,0.0,0.0,3.0,1,0.0,0.0,0.0,0.0,0.0,0.0,0.0,0.0,0.0,0,0,0,0.0,0.0,0.0,0.0,0.0,10.0,7.0,0.0,0.3333333333333333,,,,,,,0.0,0.0,0.0,0.0,0.0,0.0,3.0,1.0,0.0,0.0,0.0,0.0,0.0,0.0,0.0,0.0,0.0,0.0,0.0,0.0,0.0,0.0,0.0,0.0,0.0,10.0,7.0,0.0
001657,Brendan Bomberry,WAT,Waterdogs,1,A,Attack,2022-06-05,2022-06-05,1.0,1.0,1.0,0.0,1.0,0.0,2.0,1,0.0,0.0,0.0,0.0,0.0,0.0,1.0,0.0,0.0,0,0,0,0.0,0.0,0.0,0.0,0.0,8.0,6.0,0.5,0.5,,,,,,,1.0,1.0,1.0,0.0,1.0,0.0,2.0,1.0,0.0,0.0,0.0,0.0,0.0,0.0,1.0,0.0,0.0,0.0,0.0,0.0,0.0,0.0,0.0,0.0,0.0,8.0,6.0,0.0
001661,Warren Jeffrey,ATL,Atlas,4,D,Defense,2023-08-05,2026-07-11,0.0,0.0,0.0,0.0,0.0,0.0,0.0,0,0.0,0.0,0.0,0.0,0.0,0.0,3.0,1.0,6.0,0,0,0,0.0,0.0,1.0,1.0,1.0,25.0,24.0,,,,,,,0.0,,0.0,0.0,0.0,0.0,0.0,0.0,0.0,0.0,0.0,0.0,0.0,0.0,0.0,0.0,0.75,0.25,1.5,0.0,0.0,0.0,0.0,0.0,0.25,0.25,0.25,6.25,6.0,0.25
001661,Warren Jeffrey,CAN,Cannons,3,D,Defense,2024-06-29,2026-08-01,0.0,0.0,0.0,0.0,0.0,0.0,0.0,0,0.0,0.0,0.0,0.0,0.0,0.0,5.0,1.0,2.0,0,0,0,0.0,0.0,4.0,2.5,0.0,14.0,13.0,,,,,,,,,0.0,0.0,0.0,0.0,0.0,0.0,0.0,0.0,0.0,0.0,0.0,0.0,0.0,0.0,1.6666666666666667,0.3333333333333333,0.6666666666666666,0.0,0.0,0.0,0.0,0.0,1.3333333333333333,0.8333333333333334,0.0,4.666666666666667,4.333333333333333,0.0
001661,Warren Jeffrey,CHA,Chaos,7,D,Defense,2023-06-17,2026-08-08,1.0,0.0,0.0,0.0,0.0,1.0,0.0,0,0.0,0.0,0.0,0.0,0.0,0.0,7.0,1.0,3.0,0,0,0,0.0,0.0,2.0,2.0,1.0,25.0,24.0,,,,,,,1.0,,0.14285714285714285,0.0,0.0,0.0,0.0,0.14285714285714285,0.0,0.0,0.0,0.0,0.0,0.0,0.0,0.0,1.0,0.14285714285714285,0.42857142857142855,0.0,0.0,0.0,0.0,0.0,0.2857142857142857,0.2857142857142857,0.14285714285714285,3.5714285714285716,3.4285714285714284,0.14285714285714285
001661,Warren Jeffrey,OUT,Outlaws,7,D,Defense,2023-06-09,2026-07-25,0.0,0.0,0.0,0.0,0.0,0.0,0.0,0,0.0,0.0,0.0,0.0,0.0,0.0,10.0,3.0,5.0,0,0,0,0.0,0.0,3.0,2.5,0.0,30.0,27.0,,,,,,,,,0.0,0.0,0.0,0.0,0.0,0.0,0.0,0.0,0.0,0.0,0.0,0.0,0.0,0.0,1.4285714285714286,0.42857142857142855,0.7142857142857143,0.0,0.0,0.0,0.0,0.0,0.42857142857142855,0.35714285714285715,0.0,4.285714285714286,3.857142857142857,0.0
001661,Warren Jeffrey,RED,Redwoods,6,D,Defense,2023-07-15,2026-06-20,0.0,0.0,0.0,0.0,0.0,0.0,0.0,0,0.0,0.0,0.0,0.0,0.0,0.0,11.0,1.0,5.0,0,0,0,0.0,0.0,0.0,0.0,1.0,31.0,30.0,,,,,,,0.0,,0.0,0.0,0.0,0.0,0.0,0.0,0.0,0.0,0.0,0.0,0.0,0.0,0.0,0.0,1.8333333333333333,0.16666666666666666,0.8333333333333334,0.0,0.0,0.0,0.0,0.0,0.0,0.0,0.16666666666666666,5.166666666666667,5.0,0.16666666666666666
001661,Warren Jeffrey,WAT,Waterdogs,6,D,Defense,2023-07-30,2026-07-18,0.0,0.0,0.0,0.0,0.0,0.0,0.0,0,0.0,0.0,0.0,0.0,0.0,0.0,5.0,1.0,2.0,0,0,0,0.0,0.0,4.0,2.5,0.0,20.0,19.0,,,,,,,,,0.0,0.0,0.0,0.0,0.0,0.0,0.0,0.0,0.0,0.0,0.0,0.0,0.0,0.0,0.8333333333333334,0.16666666666666666,0.3333333333333333,0.0,0.0,0.0,0.0,0.0,0.6666666666666666,0.4166666666666667,0.0,3.3333333333333335,3.1666666666666665,0.0
001661,Warren Jeffrey,WHP,Whipsnakes,6,D,Defense,2023-07-09,2026-07-25,0.0,0.0,0.0,0.0,0.0,0.0,0.0,0,0.0,0.0,0.0,0.0,0.0,0.0,6.0,2.0,3.0,0,0,0,0.0,0.0,0.0,0.0,0.0,33.0,31.0,,,,,,,,,0.0,0.0,0.0,0.0,0.0,0.0,0.0,0.0,0.0,0.0,0.0,0.0,0.0,0.0,1.0,0.3333333333333333,0.5,0.0,0.0,0.0,0.0,0.0,0.0,0.0,0.0,5.5,5.166666666666667,0.0
001662,Andrew Kew,ARC,Archers,1,A,Attack,2022-06-11,2022-06-11,0.0,0.0,0.0,0.0,0.0,0.0,4.0,0,1.0,0.0,0.0,0.0,0.0,0.0,2.0,1.0,0.0,0,0,0,0.0,0.0,0.0,0.0,1.0,15.0,10.0,0.0,0.0,,,,,0.0,0.0,0.0,0.0,0.0,0.0,0.0,0.0,4.0,0.0,1.0,0.0,0.0,0.0,0.0,0.0,2.0,1.0,0.0,0.0,0.0,0.0,0.0,0.0,0.0,0.0,1.0,15.0,10.0,1.0
001671,Zach Goodrich,ARC,Archers,6,SSDM,Defensive Midfield,2022-06-18,2026-08-01,1.0,1.0,1.0,0.0,1.0,0.0,2.0,1,0.0,0.0,0.0,0.0,0.0,0.0,5.0,2.0,4.0,1,1,2,0.0,0.0,7.0,4.5,0.0,40.0,36.0,0.5,0.5,0.5,,,,,,0.16666666666666666,0.16666666666666666,0.16666666666666666,0.0,0.16666666666666666,0.0,0.3333333333333333,0.16666666666666666,0.0,0.0,0.0,0.0,0.0,0.0,0.8333333333333334,0.3333333333333333,0.6666666666666666,0.16666666666666666,0.16666666666666666,0.3333333333333333,0.0,0.0,1.1666666666666667,0.75,0.0,6.666666666666667,6.0,0.0
001671,Zach Goodrich,ATL,Atlas,9,SSDM,Defensive Midfield,2022-06-11,2026-07-19,1.0,0.0,0.0,0.0,0.0,1.0,0.0,0,0.0,0.0,0.0,0.0,0.0,0.0,4.0,4.0,5.0,1,13,15,0.0,0.0,2.0,1.0,6.0,45.0,41.0,,,0.06666666666666667,,,,0.16666666666666666,,0.1111111111111111,0.0,0.0,0.0,0.0,0.1111111111111111,0.0,0.0,0.0,0.0,0.0,0.0,0.0,0.0,0.4444444444444444,0.4444444444444444,0.5555555555555556,0.1111111111111111,1.4444444444444444,1.6666666666666667,0.0,0.0,0.2222222222222222,0.1111111111111111,0.6666666666666666,5.0,4.555555555555555,0.6666666666666666
001671,Zach Goodrich,CHA,Chaos,6,SSDM,Defensive Midfield,2022-07-02,2026-07-25,0.0,0.0,0.0,0.0,0.0,0.0,0.0,0,0.0,0.0,0.0,0.0,0.0,0.0,2.0,1.0,6.0,0,2,2,0.0,0.0,2.0,1.0,0.0,33.0,32.0,,,0.0,,,,,,0.0,0.0,0.0,0.0,0.0,0.0,0.0,0.0,0.0,0.0,0.0,0.0,0.0,0.0,0.3333333333333333,0.16666666666666666,1.0,0.0,0.3333333333333333,0.3333333333333333,0.0,0.0,0.3333333333333333,0.16666666666666666,0.0,5.5,5.333333333333333,0.0
001671,Zach Goodrich,OUT,Outlaws,7,SSDM,Defensive Midfield,2022-06-25,2026-07-11,0.0,0.0,0.0,0.0,0.0,0.0,1.0,1,0.0,0.0,0.0,0.0,0.0,0.0,3.0,0.0,2.0,0,1,1,0.0,0.0,1.0,0.5,2.0,45.0,44.0,0.0,1.0,0.0,,,,0.0,,0.0,0.0,0.0,0.0,0.0,0.0,0.14285714285714285,0.14285714285714285,0.0,0.0,0.0,0.0,0.0,0.0,0.42857142857142855,0.0,0.2857142857142857,0.0,0.14285714285714285,0.14285714285714285,0.0,0.0,0.14285714285714285,0.07142857142857142,0.2857142857142857,6.428571428571429,6.285714285714286,0.2857142857142857
001671,Zach Goodrich,RED,Redwoods,7,SSDM,Defensive Midfield,2022-08-06,2026-08-09,0.0,0.0,0.0,0.0,0.0,0.0,1.0,1,1.0,0.0,0.0,0.0,0.0,0.0,3.0,1.0,7.0,0,2,2,0.0,0.0,4.0,3.5,2.0,31.0,29.0,0.0,1.0,0.0,,,,0.0,0.0,0.0,0.0,0.0,0.0,0.0,0.0,0.14285714285714285,0.14285714285714285,0.14285714285714285,0.0,0.0,0.0,0.0,0.0,0.42857142857142855,0.14285714285714285,1.0,0.0,0.2857142857142857,0.2857142857142857,0.0,0.0,0.5714285714285714,0.5,0.2857142857142857,4.428571428571429,4.142857142857143,0.2857142857142857
001671,Zach Goodrich,WAT,Waterdogs,9,SSDM,Defensive Midfield,2022-06-05,2026-06-07,1.0,0.0,0.0,0.0,0.0,1.0,3.0,1,0.0,0.0,0.0,0.0,0.0,0.0,8.0,2.0,1.0,0,4,4,0.0,0.0,2.0,1.0,1.0,47.0,42.0,0.0,0.3333333333333333,0.0,,,,1.0,,0.1111111111111111,0.0,0.0,0.0,0.0,0.1111111111111111,0.3333333333333333,0.1111111111111111,0.0,0.0,0.0,0.0,0.0,0.0,0.8888888888888888,0.2222222222222222,0.1111111111111111,0.0,0.4444444444444444,0.4444444444444444,0.0,0.0,0.2222222222222222,0.1111111111111111,0.1111111111111111,5.222222222222222,4.666666666666667,0.1111111111111111
001671,Zach Goodrich,WHP,Whipsnakes,8,SSDM,Defensive Midfield,2022-08-21,2026-08-07,1.0,0.0,0.0,0.0,0.0,1.0,0.0,0,0.0,0.0,0.0,0.0,0.0,0.0,5.0,0.0,2.0,0,0,0,0.0,0.0,6.0,3.0,2.0,34.0,34.0,,,,,,,0.5,,0.125,0.0,0.0,0.0,0.0,0.125,0.0,0.0,0.0,0.0,0.0,0.0,0.0,0.0,0.625,0.0,0.25,0.0,0.0,0.0,0.0,0.0,0.75,0.375,0.25,4.25,4.25,0.25
001707,Matt Whitcher,ARC,Archers,7,SSDM,Defensive Midfield,2022-08-21,2026-07-18,5.0,5.0,5.0,0.0,5.0,0.0,10.0,8,1.0,0.0,0.0,0.0,0.0,0.0,13.0,2.0,6.0,0,1,1,0.0,0.0,2.0,1.0,2.0,55.0,43.0,0.5,0.8,0.0,,,,0.0,0.0,0.7142857142857143,0.7142857142857143,0.7142857142857143,0.0,0.7142857142857143,0.0,1.4285714285714286,1.1428571428571428,0.14285714285714285,0.0,0.0,0.0,0.0,0.0,1.8571428571428572,0.2857142857142857,0.8571428571428571,0.0,0.14285714285714285,0.14285714285714285,0.0,0.0,0.2857142857142857,0.14285714285714285,0.2857142857142857,7.857142857142857,6.142857142857143,0.2857142857142857
001707,Matt Whitcher,ATL,Atlas,8,SSDM,Defensive Midfield,2022-08-06,2026-07-25,2.0,2.0,2.0,0.0,2.0,0.0,11.0,6,2.0,0.0,0.0,0.0,0.0,0.0,9.0,2.0,8.0,0,4,4,0.0,0.0,2.0,1.0,2.0,53.0,40.0,0.18181818181818182,0.5454545454545454,0.0,,,,0.0,0.0,0.25,0.25,0.25,0.0,0.25,0.0,1.375,0.75,0.25,0.0,0.0,0.0,0.0,0.0,1.125,0.25,1.0,0.0,0.5,0.5,0.0,0.0,0.25,0.125,0.25,6.625,5.0,0.25
001707,Matt Whitcher,CAN,Cannons,8,SSDM,Defensive Midfield,2022-06-05,2026-06-07,1.0,1.0,1.0,0.0,1.0,0.0,3.0,2,1.0,0.0,0.0,0.0,0.0,0.0,8.0,3.0,5.0,0,0,0,0.0,0.0,1.0,0.5,2.0,50.0,44.0,0.3333333333333333,0.6666666666666666,,,,,0.0,0.0,0.125,0.125,0.125,0.0,0.125,0.0,0.375,0.25,0.125,0.0,0.0,0.0,0.0,0.0,1.0,0.375,0.625,0.0,0.0,0.0,0.0,0.0,0.125,0.0625,0.25,6.25,5.5,0.25
001707,Matt Whitcher,CHA,Chaos,6,SSDM,Defensive Midfield,2022-06-25,2026-08-01,1.0,1.0,1.0,0.0,1.0,0.0,6.0,4,1.0,0.0,0.0,0.0,0.0,0.0,14.0,3.0,3.0,0,0,0,0.0,0.0,1.0,0.5,2.0,51.0,42.0,0.16666666666666666,0.6666666666666666,,,,,0.0,0.0,0.16666666666666666,0.16666666666666666,0.16666666666666666,0.0,0.16666666666666666,0.0,1.0,0.6666666666666666,0.16666666666666666,0.0,0.0,0.0,0.0,0.0,2.3333333333333335,0.5,0.5,0.0,0.0,0.0,0.0,0.0,0.16666666666666666,0.08333333333333333,0.3333333333333333,8.5,7.0,0.3333333333333333
001707,Matt Whitcher,OUT,Outlaws,6,SSDM,Defensive Midfield,2022-06-17,2026-07-26,0.0,0.0,0.0,0.0,0.0,0.0,5.0,3,1.0,0.0,0.0,0.0,0.0,0.0,10.0,4.0,2.0,0,0,0,0.0,0.0,1.0,0.5,1.0,49.0,40.0,0.0,0.6,,,,,0.0,0.0,0.0,0.0,0.0,0.0,0.0,0.0,0.8333333333333334,0.5,0.16666666666666666,0.0,0.0,0.0,0.0,0.0,1.6666666666666667,0.6666666666666666,0.3333333333333333,0.0,0.0,0.0,0.0,0.0,0.16666666666666666,0.08333333333333333,0.16666666666666666,8.166666666666666,6.666666666666667,0.16666666666666666
001707,Matt Whitcher,RED,Redwoods,4,SSDM,Defensive Midfield,2022-08-13,2026-07-10,1.0,0.0,0.0,0.0,0.0,1.0,0.0,0,0.0,0.0,0.0,0.0,0.0,0.0,4.0,0.0,0.0,0,0,0,0.0,0.0,2.0,1.5,3.0,26.0,26.0,,,,,,,0.3333333333333333,,0.25,0.0,0.0,0.0,0.0,0.25,0.0,0.0,0.0,0.0,0.0,0.0,0.0,0.0,1.0,0.0,0.0,0.0,0.0,0.0,0.0,0.0,0.5,0.375,0.75,6.5,6.5,0.75
001707,Matt Whitcher,WHP,Whipsnakes,8,SSDM,Defensive Midfield,2022-06-12,2026-05-09,1.0,1.0,1.0,0.0,1.0,0.0,8.0,5,0.0,0.0,0.0,0.0,0.0,0.0,11.0,0.0,5.0,0,15,15,0.0,0.0,2.0,1.0,2.0,44.0,36.0,0.125,0.625,0.0,,,,0.0,,0.125,0.125,0.125,0.0,0.125,0.0,1.0,0.625,0.0,0.0,0.0,0.0,0.0,0.0,1.375,0.0,0.625,0.0,1.875,1.875,0.0,0.0,0.25,0.125,0.25,5.5,4.5,0.25
001724,Sean Sconone,ARC,Archers,3,G,Goalie,2022-06-05,2023-08-12,0.0,0.0,0.0,0.0,0.0,0.0,0.0,0,0.0,31.0,9.0,22.0,35.0,37.231895850284786,6.0,3.0,0.0,0,0,0,32.0,3.0,0.0,0.0,1.0,40.0,37.0,,,,0.49206349206349204,29.03225806451613,0.14285714285714285,0.0,,0.0,0.0,0.0,0.0,0.0,0.0,0.0,0.0,0.0,10.333333333333334,3.0,7.333333333333333,11.666666666666666,12.41063195009493,2.0,1.0,0.0,0.0,0.0,0.0,10.666666666666666,1.0,0.0,0.0,0.3333333333333333,13.333333333333334,12.333333333333334,0.3333333333333333
001724,Sean Sconone,ATL,Atlas,2,G,Goalie,2022-07-02,2023-07-29,1.0,0.0,0.0,0.0,0.0,1.0,0.0,0,0.0,21.0,6.0,15.0,25.0,25.0,7.0,0.0,0.0,0,0,0,22.0,3.0,0.0,0.0,1.0,38.0,38.0,,,,0.4883720930232558,28.57142857142857,0.13953488372093023,1.0,,0.5,0.0,0.0,0.0,0.0,0.5,0.0,0.0,0.0,10.5,3.0,7.5,12.5,12.5,3.5,0.0,0.0,0.0,0.0,0.0,11.0,1.5,0.0,0.0,0.5,19.0,19.0,0.5
001724,Sean Sconone,CAN,Cannons,5,G,Goalie,2022-06-25,2024-07-27,0.0,0.0,0.0,0.0,0.0,0.0,0.0,0,0.0,52.0,24.0,28.0,47.0,49.65306441831804,4.0,3.0,1.0,0,0,0,46.0,1.0,0.0,0.0,0.0,71.0,68.0,,,,0.5306122448979592,46.15384615384615,0.24489795918367346,,,0.0,0.0,0.0,0.0,0.0,0.0,0.0,0.0,0.0,10.4,4.8,5.6,9.4,9.930612883663608,0.8,0.6,0.2,0.0,0.0,0.0,9.2,0.2,0.0,0.0,0.0,14.2,13.6,0.0
001724,Sean Sconone,CHA,Chaos,2,G,Goalie,2022-08-06,2024-06-02,0.0,0.0,0.0,0.0,0.0,0.0,0.0,0,0.0,16.0,4.0,12.0,25.0,25.0,6.0,1.0,0.0,0,0,0,22.0,3.0,0.0,0.0,0.0,25.0,24.0,,,,0.42105263157894735,25.0,0.10526315789473684,,,0.0,0.0,0.0,0.0,0.0,0.0,0.0,0.0,0.0,8.0,2.0,6.0,12.5,12.5,3.0,0.5,0.0,0.0,0.0,0.0,11.0,1.5,0.0,0.0,0.0,12.5,12.0,0.0
001724,Sean Sconone,RED,Redwoods,3,G,Goalie,2022-06-10,2023-08-20,0.0,0.0,0.0,0.0,0.0,0.0,0.0,0,0.0,31.0,6.0,25.0,26.0,25.834473324213405,6.0,2.0,3.0,0,0,0,23.0,3.0,0.0,0.0,0.0,36.0,34.0,,,,0.5740740740740741,19.35483870967742,0.1111111111111111,,,0.0,0.0,0.0,0.0,0.0,0.0,0.0,0.0,0.0,10.333333333333334,2.0,8.333333333333334,8.666666666666666,8.611491108071135,2.0,0.6666666666666666,1.0,0.0,0.0,0.0,7.666666666666667,1.0,0.0,0.0,0.0,12.0,11.333333333333334,0.0
001724,Sean Sconone,WAT,Waterdogs,3,G,Goalie,2022-06-17,2023-07-08,0.0,0.0,0.0,0.0,0.0,0.0,0.0,0,0.0,37.0,11.0,26.0,35.0,34.50147208758595,6.0,1.0,0.0,0,0,0,32.0,3.0,0.0,0.0,2.0,43.0,42.0,,,,0.5362318840579711,29.72972972972973,0.15942028985507245,0.0,,0.0,0.0,0.0,0.0,0.0,0.0,0.0,0.0,0.0,12.333333333333334,3.6666666666666665,8.666666666666666,11.666666666666666,11.500490695861984,2.0,0.3333333333333333,0.0,0.0,0.0,0.0,10.666666666666666,1.0,0.0,0.0,0.6666666666666666,14.333333333333334,14.0,0.6666666666666666
001724,Sean Sconone,WHP,Whipsnakes,3,G,Goalie,2022-07-30,2023-08-05,0.0,0.0,0.0,0.0,0.0,0.0,0.0,0,0.0,39.0,10.0,29.0,32.0,32.0,2.0,0.0,0.0,0,0,0,31.0,1.0,0.0,0.0,2.0,35.0,35.0,,,,0.5571428571428572,25.64102564102564,0.14285714285714285,0.0,,0.0,0.0,0.0,0.0,0.0,0.0,0.0,0.0,0.0,13.0,3.3333333333333335,9.666666666666666,10.666666666666666,10.666666666666666,0.6666666666666666,0.0,0.0,0.0,0.0,0.0,10.333333333333334,0.3333333333333333,0.0,0.0,0.6666666666666666,11.666666666666666,11.666666666666666,0.6666666666666666
001727,Bradley Voigt,WAT,Waterdogs,1,A,Attack,2023-06-04,2023-06-04,1.0,1.0,1.0,0.0,1.0,0.0,2.0,2,0.0,0.0,0.0,0.0,0.0,0.0,2.0,4.0,0.0,0,0,0,0.0,0.0,0.0,0.0,3.0,18.0,12.0,0.5,1.0,,,,,0.0,,1.0,1.0,1.0,0.0,1.0,0.0,2.0,2.0,0.0,0.0,0.0,0.0,0.0,0.0,2.0,4.0,0.0,0.0,0.0,0.0,0.0,0.0,0.0,0.0,3.0,18.0,12.0,3.0
001727,Bradley Voigt,WHP,Whipsnakes,1,A,Attack,2022-06-04,2022-06-04,1.0,1.0,1.0,0.0,1.0,0.0,3.0,2,0.0,0.0,0.0,0.0,0.0,0.0,0.0,1.0,0.0,0,0,0,0.0,0.0,0.0,0.0,0.0,9.0,5.0,0.3333333333333333,0.6666666666666666,,,,,,,1.0,1.0,1.0,0.0,1.0,0.0,3.0,2.0,0.0,0.0,0.0,0.0,0.0,0.0,0.0,1.0,0.0,0.0,0.0,0.0,0.0,0.0,0.0,0.0,0.0,9.0,5.0,0.0
001729,Chris Aslanian,ARC,Archers,3,M,Midfield,2023-06-03,2026-06-05,5.0,4.0,2.0,1.0,3.0,1.0,9.0,6,5.0,0.0,0.0,0.0,0.0,0.0,0.0,1.0,0.0,0,0,0,0.0,0.0,0.0,0.0,7.0,61.0,51.0,0.3333333333333333,0.6666666666666666,,,,,0.14285714285714285,0.2,1.6666666666666667,1.3333333333333333,0.6666666666666666,0.3333333333333333,1.0,0.3333333333333333,3.0,2.0,1.6666666666666667,0.0,0.0,0.0,0.0,0.0,0.0,0.3333333333333333,0.0,0.0,0.0,0.0,0.0,0.0,0.0,0.0,2.3333333333333335,20.333333333333332,17.0,2.3333333333333335
001729,Chris Aslanian,ATL,Atlas,6,M,Midfield,2023-07-09,2026-05-09,10.0,8.0,4.0,2.0,6.0,2.0,29.0,17,9.0,0.0,0.0,0.0,0.0,0.0,0.0,2.0,1.0,0,0,0,0.0,0.0,0.0,0.0,12.0,114.0,83.0,0.20689655172413793,0.5862068965517241,,,,,0.16666666666666666,0.2222222222222222,1.6666666666666667,1.3333333333333333,0.6666666666666666,0.3333333333333333,1.0,0.3333333333333333,4.833333333333333,2.8333333333333335,1.5,0.0,0.0,0.0,0.0,0.0,0.0,0.3333333333333333,0.16666666666666666,0.0,0.0,0.0,0.0,0.0,0.0,0.0,2.0,19.0,13.833333333333334,2.0
001729,Chris Aslanian,CAN,Cannons,1,M,Midfield,2026-05-15,2026-05-15,2.0,2.0,0.0,1.0,1.0,0.0,2.0,1,1.0,0.0,0.0,0.0,0.0,0.0,1.0,2.0,0.0,0,0,0,0.0,0.0,0.0,0.0,0.0,18.0,14.0,0.5,0.5,,,,,,1.0,2.0,2.0,0.0,1.0,1.0,0.0,2.0,1.0,1.0,0.0,0.0,0.0,0.0,0.0,1.0,2.0,0.0,0.0,0.0,0.0,0.0,0.0,0.0,0.0,0.0,18.0,14.0,0.0
001729,Chris Aslanian,CHA,Chaos,2,M,Midfield,2023-06-10,2024-08-17,4.0,4.0,4.0,0.0,4.0,0.0,13.0,9,1.0,0.0,0.0,0.0,0.0,0.0,0.0,2.0,0.0,0,0,0,0.0,0.0,0.0,0.0,5.0,58.0,43.0,0.3076923076923077,0.6923076923076923,,,,,0.0,0.0,2.0,2.0,2.0,0.0,2.0,0.0,6.5,4.5,0.5,0.0,0.0,0.0,0.0,0.0,0.0,1.0,0.0,0.0,0.0,0.0,0.0,0.0,0.0,0.0,2.5,29.0,21.5,2.5
001729,Chris Aslanian,OUT,Outlaws,4,M,Midfield,2022-08-13,2024-07-27,6.0,4.0,2.0,1.0,3.0,2.0,18.0,10,6.0,0.0,0.0,0.0,0.0,0.0,1.0,2.0,0.0,0,0,0,0.0,0.0,0.0,0.0,6.0,97.0,77.0,0.16666666666666666,0.5555555555555556,,,,,0.3333333333333333,0.16666666666666666,1.5,1.0,0.5,0.25,0.75,0.5,4.5,2.5,1.5,0.0,0.0,0.0,0.0,0.0,0.25,0.5,0.0,0.0,0.0,0.0,0.0,0.0,0.0,0.0,1.5,24.25,19.25,1.5
001729,Chris Aslanian,RED,Redwoods,5,M,Midfield,2022-08-06,2026-07-31,8.0,4.0,4.0,0.0,4.0,4.0,26.0,16,8.0,0.0,0.0,0.0,0.0,0.0,5.0,3.0,0.0,0,0,0,0.0,0.0,0.0,0.0,4.0,127.0,98.0,0.15384615384615385,0.6153846153846154,,,,,1.0,0.0,1.6,0.8,0.8,0.0,0.8,0.8,5.2,3.2,1.6,0.0,0.0,0.0,0.0,0.0,1.0,0.6,0.0,0.0,0.0,0.0,0.0,0.0,0.0,0.0,0.8,25.4,19.6,0.8
001729,Chris Aslanian,WAT,Waterdogs,5,M,Midfield,2022-06-12,2026-08-01,5.0,3.0,3.0,0.0,3.0,2.0,12.0,7,3.0,0.0,0.0,0.0,0.0,0.0,3.0,5.0,1.0,0,0,0,0.0,0.0,0.0,0.0,7.0,76.0,59.0,0.25,0.5833333333333334,,,,,0.2857142857142857,0.0,1.0,0.6,0.6,0.0,0.6,0.4,2.4,1.4,0.6,0.0,0.0,0.0,0.0,0.0,0.6,1.0,0.2,0.0,0.0,0.0,0.0,0.0,0.0,0.0,1.4,15.2,11.8,1.4
001729,Chris Aslanian,WHP,Whipsnakes,3,M,Midfield,2022-08-21,2024-08-04,7.0,6.0,2.0,2.0,4.0,1.0,12.0,9,5.0,0.0,0.0,0.0,0.0,0.0,1.0,2.0,0.0,0,0,0,0.0,0.0,0.0,0.0,4.0,40.0,26.0,0.3333333333333333,0.75,,,,,0.25,0.4,2.3333333333333335,2.0,0.6666666666666666,0.6666666666666666,1.3333333333333333,0.3333333333333333,4.0,3.0,1.6666666666666667,0.0,0.0,0.0,0.0,0.0,0.3333333333333333,0.6666666666666666,0.0,0.0,0.0,0.0,0.0,0.0,0.0,0.0,1.3333333333333333,13.333333333333334,8.666666666666666,1.3333333333333333
001733,Charlie Hayes,ARC,Archers,4,SSDM,Defensive Midfield,2023-07-30,2026-07-18,0.0,0.0,0.0,0.0,0.0,0.0,0.0,0,0.0,0.0,0.0,0.0,0.0,0.0,8.0,0.0,1.0,0,0,0,0.0,0.0,1.0,0.5,0.0,16.0,16.0,,,,,,,,,0.0,0.0,0.0,0.0,0.0,0.0,0.0,0.0,0.0,0.0,0.0,0.0,0.0,0.0,2.0,0.0,0.25,0.0,0.0,0.0,0.0,0.0,0.25,0.125,0.0,4.0,4.0,0.0
001733,Charlie Hayes,ATL,Atlas,6,SSDM,Defensive Midfield,2023-06-16,2026-07-25,3.0,2.0,2.0,0.0,2.0,1.0,7.0,4,0.0,0.0,0.0,0.0,0.0,0.0,11.0,1.0,2.0,0,2,2,0.0,0.0,0.0,0.0,2.0,34.0,26.0,0.2857142857142857,0.5714285714285714,0.0,,,,0.5,,0.5,0.3333333333333333,0.3333333333333333,0.0,0.3333333333333333,0.16666666666666666,1.1666666666666667,0.6666666666666666,0.0,0.0,0.0,0.0,0.0,0.0,1.8333333333333333,0.16666666666666666,0.3333333333333333,0.0,0.3333333333333333,0.3333333333333333,0.0,0.0,0.0,0.0,0.3333333333333333,5.666666666666667,4.333333333333333,0.3333333333333333
001733,Charlie Hayes,CAN,Cannons,3,SSDM,Defensive Midfield,2023-08-06,2026-06-07,0.0,0.0,0.0,0.0,0.0,0.0,0.0,0,0.0,0.0,0.0,0.0,0.0,0.0,1.0,0.0,2.0,0,0,0,0.0,0.0,0.0,0.0,0.0,9.0,9.0,,,,,,,,,0.0,0.0,0.0,0.0,0.0,0.0,0.0,0.0,0.0,0.0,0.0,0.0,0.0,0.0,0.3333333333333333,0.0,0.6666666666666666,0.0,0.0,0.0,0.0,0.0,0.0,0.0,0.0,3.0,3.0,0.0
001733,Charlie Hayes,CHA,Chaos,3,SSDM,Defensive Midfield,2023-08-20,2026-08-01,1.0,1.0,1.0,0.0,1.0,0.0,2.0,2,1.0,0.0,0.0,0.0,0.0,0.0,3.0,1.0,1.0,0,1,1,0.0,0.0,1.0,1.0,1.0,18.0,15.0,0.5,1.0,0.0,,,,0.0,0.0,0.3333333333333333,0.3333333333333333,0.3333333333333333,0.0,0.3333333333333333,0.0,0.6666666666666666,0.6666666666666666,0.3333333333333333,0.0,0.0,0.0,0.0,0.0,1.0,0.3333333333333333,0.3333333333333333,0.0,0.3333333333333333,0.3333333333333333,0.0,0.0,0.3333333333333333,0.3333333333333333,0.3333333333333333,6.0,5.0,0.3333333333333333
001733,Charlie Hayes,OUT,Outlaws,2,SSDM,Defensive Midfield,2023-07-08,2024-07-19,0.0,0.0,0.0,0.0,0.0,0.0,0.0,0,0.0,0.0,0.0,0.0,0.0,0.0,0.0,1.0,2.0,0,0,0,0.0,0.0,0.0,0.0,1.0,8.0,7.0,,,,,,,0.0,,0.0,0.0,0.0,0.0,0.0,0.0,0.0,0.0,0.0,0.0,0.0,0.0,0.0,0.0,0.0,0.5,1.0,0.0,0.0,0.0,0.0,0.0,0.0,0.0,0.5,4.0,3.5,0.5
001733,Charlie Hayes,RED,Redwoods,3,SSDM,Defensive Midfield,2023-06-10,2026-07-10,1.0,0.0,0.0,0.0,0.0,1.0,0.0,0,0.0,0.0,0.0,0.0,0.0,0.0,4.0,2.0,1.0,0,0,0,0.0,0.0,0.0,0.0,1.0,20.0,18.0,,,,,,,1.0,,0.3333333333333333,0.0,0.0,0.0,0.0,0.3333333333333333,0.0,0.0,0.0,0.0,0.0,0.0,0.0,0.0,1.3333333333333333,0.6666666666666666,0.3333333333333333,0.0,0.0,0.0,0.0,0.0,0.0,0.0,0.3333333333333333,6.666666666666667,6.0,0.3333333333333333
001733,Charlie Hayes,WHP,Whipsnakes,3,SSDM,Defensive Midfield,2023-07-14,2026-05-09,0.0,0.0,0.0,0.0,0.0,0.0,1.0,1,0.0,0.0,0.0,0.0,0.0,0.0,10.0,2.0,3.0,0,2,2,0.0,0.0,0.0,0.0,0.0,25.0,22.0,0.0,1.0,0.0,,,,,,0.0,0.0,0.0,0.0,0.0,0.0,0.3333333333333333,0.3333333333333333,0.0,0.0,0.0,0.0,0.0,0.0,3.3333333333333335,0.6666666666666666,1.0,0.0,0.6666666666666666,0.6666666666666666,0.0,0.0,0.0,0.0,0.0,8.333333333333334,7.333333333333333,0.0
001740,Andrew Newbold,OUT,Outlaws,1,LSM,Long Stick Midfield,2022-08-13,2022-08-13,0.0,0.0,0.0,0.0,0.0,0.0,1.0,1,0.0,0.0,0.0,0.0,0.0,0.0,0.0,0.0,0.0,0,1,1,0.0,0.0,0.0,0.0,1.0,4.0,3.0,0.0,1.0,0.0,,,,0.0,,0.0,0.0,0.0,0.0,0.0,0.0,1.0,1.0,0.0,0.0,0.0,0.0,0.0,0.0,0.0,0.0,0.0,0.0,1.0,1.0,0.0,0.0,0.0,0.0,1.0,4.0,3.0,1.0
001740,Andrew Newbold,RED,Redwoods,1,LSM,Long Stick Midfield,2022-08-06,2022-08-06,0.0,0.0,0.0,0.0,0.0,0.0,1.0,0,1.0,0.0,0.0,0.0,0.0,0.0,0.0,0.0,1.0,0,0,0,0.0,0.0,0.0,0.0,0.0,1.0,0.0,0.0,0.0,,,,,,0.0,0.0,0.0,0.0,0.0,0.0,0.0,1.0,0.0,1.0,0.0,0.0,0.0,0.0,0.0,0.0,0.0,1.0,0.0,0.0,0.0,0.0,0.0,0.0,0.0,0.0,1.0,0.0,0.0
001740,Andrew Newbold,WAT,Waterdogs,1,LSM,Long Stick Midfield,2022-07-31,2022-07-31,1.0,1.0,1.0,0.0,1.0,0.0,1.0,1,0.0,0.0,0.0,0.0,0.0,0.0,0.0,0.0,0.0,0,0,0,0.0,0.0,0.0,0.0,1.0,3.0,2.0,1.0,1.0,,,,,0.0,,1.0,1.0,1.0,0.0,1.0,0.0,1.0,1.0,0.0,0.0,0.0,0.0,0.0,0.0,0.0,0.0,0.0,0.0,0.0,0.0,0.0,0.0,0.0,0.0,1.0,3.0,2.0,1.0
001740,Andrew Newbold,WHP,Whipsnakes,1,LSM,Long Stick Midfield,2022-08-21,2022-08-21,0.0,0.0,0.0,0.0,0.0,0.0,0.0,0,0.0,0.0,0.0,0.0,0.0,0.0,0.0,0.0,0.0,0,2,2,0.0,0.0,0.0,0.0,0.0,1.0,1.0,,,0.0,,,,,,0.0,0.0,0.0,0.0,0.0,0.0,0.0,0.0,0.0,0.0,0.0,0.0,0.0,0.0,0.0,0.0,0.0,0.0,2.0,2.0,0.0,0.0,0.0,0.0,0.0,1.0,1.0,0.0
001746,Daniel Bucaro,ARC,Archers,1,M,Midfield,2022-07-30,2022-07-30,1.0,1.0,1.0,0.0,1.0,0.0,4.0,3,0.0,0.0,0.0,0.0,0.0,0.0,0.0,2.0,1.0,0,0,0,0.0,0.0,0.0,0.0,1.0,12.0,6.0,0.25,0.75,,,,,0.0,,1.0,1.0,1.0,0.0,1.0,0.0,4.0,3.0,0.0,0.0,0.0,0.0,0.0,0.0,0.0,2.0,1.0,0.0,0.0,0.0,0.0,0.0,0.0,0.0,1.0,12.0,6.0,1.0
001746,Daniel Bucaro,CAN,Cannons,1,M,Midfield,2022-06-11,2022-06-11,1.0,1.0,1.0,0.0,1.0,0.0,1.0,1,0.0,0.0,0.0,0.0,0.0,0.0,0.0,0.0,0.0,0,0,0,0.0,0.0,0.0,0.0,1.0,10.0,9.0,1.0,1.0,,,,,0.0,,1.0,1.0,1.0,0.0,1.0,0.0,1.0,1.0,0.0,0.0,0.0,0.0,0.0,0.0,0.0,0.0,0.0,0.0,0.0,0.0,0.0,0.0,0.0,0.0,1.0,10.0,9.0,1.0
001746,Daniel Bucaro,CHA,Chaos,1,M,Midfield,2022-08-21,2022-08-21,0.0,0.0,0.0,0.0,0.0,0.0,1.0,0,0.0,0.0,0.0,0.0,0.0,0.0,0.0,3.0,0.0,0,0,0,0.0,0.0,0.0,0.0,1.0,7.0,3.0,0.0,0.0,,,,,0.0,,0.0,0.0,0.0,0.0,0.0,0.0,1.0,0.0,0.0,0.0,0.0,0.0,0.0,0.0,0.0,3.0,0.0,0.0,0.0,0.0,0.0,0.0,0.0,0.0,1.0,7.0,3.0,1.0
001746,Daniel Bucaro,OUT,Outlaws,1,M,Midfield,2022-07-02,2022-07-02,0.0,0.0,0.0,0.0,0.0,0.0,0.0,0,0.0,0.0,0.0,0.0,0.0,0.0,0.0,1.0,0.0,0,0,0,0.0,0.0,0.0,0.0,0.0,8.0,7.0,,,,,,,,,0.0,0.0,0.0,0.0,0.0,0.0,0.0,0.0,0.0,0.0,0.0,0.0,0.0,0.0,0.0,1.0,0.0,0.0,0.0,0.0,0.0,0.0,0.0,0.0,0.0,8.0,7.0,0.0
001746,Daniel Bucaro,RED,Redwoods,2,M,Midfield,2022-06-04,2022-07-23,5.0,3.0,3.0,0.0,3.0,2.0,7.0,3,0.0,0.0,0.0,0.0,0.0,0.0,0.0,0.0,0.0,0,0,0,0.0,0.0,0.0,0.0,3.0,22.0,15.0,0.42857142857142855,0.42857142857142855,,,,,0.6666666666666666,,2.5,1.5,1.5,0.0,1.5,1.0,3.5,1.5,0.0,0.0,0.0,0.0,0.0,0.0,0.0,0.0,0.0,0.0,0.0,0.0,0.0,0.0,0.0,0.0,1.5,11.0,7.5,1.5
001746,Daniel Bucaro,WAT,Waterdogs,1,M,Midfield,2022-08-06,2022-08-06,3.0,2.0,2.0,0.0,2.0,1.0,2.0,2,0.0,0.0,0.0,0.0,0.0,0.0,1.0,2.0,0.0,0,0,0,0.0,0.0,0.0,0.0,1.0,11.0,7.0,1.0,1.0,,,,,1.0,,3.0,2.0,2.0,0.0,2.0,1.0,2.0,2.0,0.0,0.0,0.0,0.0,0.0,0.0,1.0,2.0,0.0,0.0,0.0,0.0,0.0,0.0,0.0,0.0,1.0,11.0,7.0,1.0
001746,Daniel Bucaro,WHP,Whipsnakes,2,M,Midfield,2022-06-18,2022-08-13,2.0,2.0,2.0,0.0,2.0,0.0,16.0,8,0.0,0.0,0.0,0.0,0.0,0.0,4.0,1.0,0.0,0,0,0,0.0,0.0,0.0,0.0,2.0,36.0,19.0,0.125,0.5,,,,,0.0,,1.0,1.0,1.0,0.0,1.0,0.0,8.0,4.0,0.0,0.0,0.0,0.0,0.0,0.0,2.0,0.5,0.0,0.0,0.0,0.0,0.0,0.0,0.0,0.0,1.0,18.0,9.5,1.0
001760,Pat Aslanian,ARC,Archers,1,SSDM,Defensive Midfield,2023-06-03,2023-06-03,0.0,0.0,0.0,0.0,0.0,0.0,0.0,0,0.0,0.0,0.0,0.0,0.0,0.0,0.0,1.0,0.0,0,0,0,0.0,0.0,0.0,0.0,0.0,4.0,3.0,,,,,,,,,0.0,0.0,0.0,0.0,0.0,0.0,0.0,0.0,0.0,0.0,0.0,0.0,0.0,0.0,0.0,1.0,0.0,0.0,0.0,0.0,0.0,0.0,0.0,0.0,0.0,4.0,3.0,0.0
001760,Pat Aslanian,ATL,Atlas,3,SSDM,Defensive Midfield,2023-07-09,2024-06-01,0.0,0.0,0.0,0.0,0.0,0.0,2.0,0,1.0,0.0,0.0,0.0,0.0,0.0,0.0,2.0,1.0,1,4,5,0.0,0.0,1.0,1.0,0.0,15.0,11.0,0.0,0.0,0.2,,,,,0.0,0.0,0.0,0.0,0.0,0.0,0.0,0.6666666666666666,0.0,0.3333333333333333,0.0,0.0,0.0,0.0,0.0,0.0,0.6666666666666666,0.3333333333333333,0.3333333333333333,1.3333333333333333,1.6666666666666667,0.0,0.0,0.3333333333333333,0.3333333333333333,0.0,5.0,3.6666666666666665,0.0
001760,Pat Aslanian,CHA,Chaos,1,SSDM,Defensive Midfield,2023-06-10,2023-06-10,0.0,0.0,0.0,0.0,0.0,0.0,1.0,0,0.0,0.0,0.0,0.0,0.0,0.0,1.0,1.0,0.0,0,0,0,0.0,0.0,0.0,0.0,0.0,5.0,3.0,0.0,0.0,,,,,,,0.0,0.0,0.0,0.0,0.0,0.0,1.0,0.0,0.0,0.0,0.0,0.0,0.0,0.0,1.0,1.0,0.0,0.0,0.0,0.0,0.0,0.0,0.0,0.0,0.0,5.0,3.0,0.0
001760,Pat Aslanian,OUT,Outlaws,3,SSDM,Defensive Midfield,2022-08-13,2023-07-15,0.0,0.0,0.0,0.0,0.0,0.0,1.0,1,0.0,0.0,0.0,0.0,0.0,0.0,1.0,1.0,1.0,0,0,0,0.0,0.0,0.0,0.0,1.0,11.0,9.0,0.0,1.0,,,,,0.0,,0.0,0.0,0.0,0.0,0.0,0.0,0.3333333333333333,0.3333333333333333,0.0,0.0,0.0,0.0,0.0,0.0,0.3333333333333333,0.3333333333333333,0.3333333333333333,0.0,0.0,0.0,0.0,0.0,0.0,0.0,0.3333333333333333,3.6666666666666665,3.0,0.3333333333333333
001760,Pat Aslanian,RED,Redwoods,3,SSDM,Defensive Midfield,2022-08-06,2023-08-13,1.0,0.0,0.0,0.0,0.0,1.0,0.0,0,0.0,0.0,0.0,0.0,0.0,0.0,0.0,1.0,0.0,0,0,0,0.0,0.0,1.0,0.5,2.0,16.0,15.0,,,,,,,0.5,,0.3333333333333333,0.0,0.0,0.0,0.0,0.3333333333333333,0.0,0.0,0.0,0.0,0.0,0.0,0.0,0.0,0.0,0.3333333333333333,0.0,0.0,0.0,0.0,0.0,0.0,0.3333333333333333,0.16666666666666666,0.6666666666666666,5.333333333333333,5.0,0.6666666666666666
001760,Pat Aslanian,WAT,Waterdogs,1,SSDM,Defensive Midfield,2023-08-06,2023-08-06,0.0,0.0,0.0,0.0,0.0,0.0,0.0,0,0.0,0.0,0.0,0.0,0.0,0.0,0.0,0.0,0.0,0,0,0,0.0,0.0,2.0,1.5,0.0,2.0,2.0,,,,,,,,,0.0,0.0,0.0,0.0,0.0,0.0,0.0,0.0,0.0,0.0,0.0,0.0,0.0,0.0,0.0,0.0,0.0,0.0,0.0,0.0,0.0,0.0,2.0,1.5,0.0,2.0,2.0,0.0
001760,Pat Aslanian,WHP,Whipsnakes,2,SSDM,Defensive Midfield,2022-08-21,2023-08-26,0.0,0.0,0.0,0.0,0.0,0.0,1.0,0,0.0,0.0,0.0,0.0,0.0,0.0,0.0,0.0,1.0,0,0,0,0.0,0.0,0.0,0.0,0.0,9.0,8.0,0.0,0.0,,,,,,,0.0,0.0,0.0,0.0,0.0,0.0,0.5,0.0,0.0,0.0,0.0,0.0,0.0,0.0,0.0,0.0,0.5,0.0,0.0,0.0,0.0,0.0,0.0,0.0,0.0,4.5,4.0,0.0
001763,Alex Woodall,ARC,Archers,1,FO,Faceoff,2022-07-24,2022-07-24,1.0,0.0,0.0,0.0,0.0,1.0,0.0,0,0.0,0.0,0.0,0.0,0.0,0.0,6.0,2.0,0.0,10,19,29,0.0,0.0,0.0,0.0,1.0,6.0,4.0,,,0.3448275862068966,,,,1.0,,1.0,0.0,0.0,0.0,0.0,1.0,0.0,0.0,0.0,0.0,0.0,0.0,0.0,0.0,6.0,2.0,0.0,10.0,19.0,29.0,0.0,0.0,0.0,0.0,1.0,6.0,4.0,1.0
001763,Alex Woodall,CHA,Chaos,1,FO,Faceoff,2022-07-02,2022-07-02,0.0,0.0,0.0,0.0,0.0,0.0,0.0,0,0.0,0.0,0.0,0.0,0.0,0.0,4.0,0.0,0.0,7,1,8,0.0,0.0,0.0,0.0,0.0,5.0,5.0,,,0.875,,,,,,0.0,0.0,0.0,0.0,0.0,0.0,0.0,0.0,0.0,0.0,0.0,0.0,0.0,0.0,4.0,0.0,0.0,7.0,1.0,8.0,0.0,0.0,0.0,0.0,0.0,5.0,5.0,0.0
001763,Alex Woodall,OUT,Outlaws,1,FO,Faceoff,2022-06-25,2022-06-25,0.0,0.0,0.0,0.0,0.0,0.0,0.0,0,0.0,0.0,0.0,0.0,0.0,0.0,2.0,0.0,0.0,4,4,8,0.0,0.0,0.0,0.0,0.0,1.0,1.0,,,0.5,,,,,,0.0,0.0,0.0,0.0,0.0,0.0,0.0,0.0,0.0,0.0,0.0,0.0,0.0,0.0,2.0,0.0,0.0,4.0,4.0,8.0,0.0,0.0,0.0,0.0,0.0,1.0,1.0,0.0
001763,Alex Woodall,WAT,Waterdogs,1,FO,Faceoff,2022-06-05,2022-06-05,0.0,0.0,0.0,0.0,0.0,0.0,0.0,0,0.0,0.0,0.0,0.0,0.0,0.0,0.0,0.0,0.0,2,3,5,0.0,0.0,0.0,0.0,0.0,0.0,0.0,,,0.4,,,,,,0.0,0.0,0.0,0.0,0.0,0.0,0.0,0.0,0.0,0.0,0.0,0.0,0.0,0.0,0.0,0.0,0.0,2.0,3.0,5.0,0.0,0.0,0.0,0.0,0.0,0.0,0.0,0.0
001766,Holden Garlent,ARC,Archers,3,D,Defense,2022-06-18,2024-07-20,2.0,2.0,0.0,1.0,1.0,0.0,3.0,3,2.0,0.0,0.0,0.0,0.0,0.0,1.0,1.0,0.0,0,0,0,0.0,0.0,1.0,0.5,0.0,8.0,4.0,0.3333333333333333,1.0,,,,,,0.5,0.6666666666666666,0.6666666666666666,0.0,0.3333333333333333,0.3333333333333333,0.0,1.0,1.0,0.6666666666666666,0.0,0.0,0.0,0.0,0.0,0.3333333333333333,0.3333333333333333,0.0,0.0,0.0,0.0,0.0,0.0,0.3333333333333333,0.16666666666666666,0.0,2.6666666666666665,1.3333333333333333,0.0
001766,Holden Garlent,ATL,Atlas,2,D,Defense,2022-06-11,2024-06-16,0.0,0.0,0.0,0.0,0.0,0.0,0.0,0,0.0,0.0,0.0,0.0,0.0,0.0,3.0,1.0,0.0,0,0,0,0.0,0.0,0.0,0.0,0.0,12.0,11.0,,,,,,,,,0.0,0.0,0.0,0.0,0.0,0.0,0.0,0.0,0.0,0.0,0.0,0.0,0.0,0.0,1.5,0.5,0.0,0.0,0.0,0.0,0.0,0.0,0.0,0.0,0.0,6.0,5.5,0.0
001766,Holden Garlent,CAN,Cannons,1,D,Defense,2024-07-05,2024-07-05,0.0,0.0,0.0,0.0,0.0,0.0,0.0,0,0.0,0.0,0.0,0.0,0.0,0.0,0.0,0.0,0.0,0,0,0,0.0,0.0,0.0,0.0,0.0,1.0,1.0,,,,,,,,,0.0,0.0,0.0,0.0,0.0,0.0,0.0,0.0,0.0,0.0,0.0,0.0,0.0,0.0,0.0,0.0,0.0,0.0,0.0,0.0,0.0,0.0,0.0,0.0,0.0,1.0,1.0,0.0
001766,Holden Garlent,CHA,Chaos,3,D,Defense,2022-07-02,2024-07-27,0.0,0.0,0.0,0.0,0.0,0.0,0.0,0,0.0,0.0,0.0,0.0,0.0,0.0,8.0,1.0,3.0,0,0,0,0.0,0.0,0.0,0.0,1.0,19.0,18.0,,,,,,,0.0,,0.0,0.0,0.0,0.0,0.0,0.0,0.0,0.0,0.0,0.0,0.0,0.0,0.0,0.0,2.6666666666666665,0.3333333333333333,1.0,0.0,0.0,0.0,0.0,0.0,0.0,0.0,0.3333333333333333,6.333333333333333,6.0,0.3333333333333333
001766,Holden Garlent,OUT,Outlaws,3,D,Defense,2022-06-25,2024-06-29,0.0,0.0,0.0,0.0,0.0,0.0,1.0,0,1.0,0.0,0.0,0.0,0.0,0.0,4.0,1.0,3.0,0,0,0,0.0,0.0,1.0,1.0,0.0,12.0,10.0,0.0,0.0,,,,,,0.0,0.0,0.0,0.0,0.0,0.0,0.0,0.3333333333333333,0.0,0.3333333333333333,0.0,0.0,0.0,0.0,0.0,1.3333333333333333,0.3333333333333333,1.0,0.0,0.0,0.0,0.0,0.0,0.3333333333333333,0.3333333333333333,0.0,4.0,3.3333333333333335,0.0
001766,Holden Garlent,RED,Redwoods,1,D,Defense,2022-08-06,2022-08-06,0.0,0.0,0.0,0.0,0.0,0.0,0.0,0,0.0,0.0,0.0,0.0,0.0,0.0,2.0,0.0,0.0,0,0,0,0.0,0.0,1.0,0.5,0.0,3.0,3.0,,,,,,,,,0.0,0.0,0.0,0.0,0.0,0.0,0.0,0.0,0.0,0.0,0.0,0.0,0.0,0.0,2.0,0.0,0.0,0.0,0.0,0.0,0.0,0.0,1.0,0.5,0.0,3.0,3.0,0.0
001766,Holden Garlent,WAT,Waterdogs,2,D,Defense,2022-06-05,2022-07-31,0.0,0.0,0.0,0.0,0.0,0.0,0.0,0,0.0,0.0,0.0,0.0,0.0,0.0,10.0,3.0,3.0,0,0,0,0.0,0.0,1.0,0.5,0.0,15.0,12.0,,,,,,,,,0.0,0.0,0.0,0.0,0.0,0.0,0.0,0.0,0.0,0.0,0.0,0.0,0.0,0.0,5.0,1.5,1.5,0.0,0.0,0.0,0.0,0.0,0.5,0.25,0.0,7.5,6.0,0.0
001766,Holden Garlent,WHP,Whipsnakes,2,D,Defense,2022-08-21,2024-07-28,0.0,0.0,0.0,0.0,0.0,0.0,0.0,0,0.0,0.0,0.0,0.0,0.0,0.0,3.0,1.0,2.0,0,0,0,0.0,0.0,1.0,0.5,0.0,7.0,6.0,,,,,,,,,0.0,0.0,0.0,0.0,0.0,0.0,0.0,0.0,0.0,0.0,0.0,0.0,0.0,0.0,1.5,0.5,1.0,0.0,0.0,0.0,0.0,0.0,0.5,0.25,0.0,3.5,3.0,0.0
001773,Nick Washuta,CAN,Cannons,3,G,Goalie,2022-06-18,2026-08-01,0.0,0.0,0.0,0.0,0.0,0.0,0.0,0,0.0,0.0,0.0,0.0,2.0,99.27272727272728,1.0,1.0,0.0,0,0,0,2.0,0.0,0.0,0.0,0.0,5.0,4.0,,,,0.0,,0.0,,,0.0,0.0,0.0,0.0,0.0,0.0,0.0,0.0,0.0,0.0,0.0,0.0,0.6666666666666666,33.09090909090909,0.3333333333333333,0.3333333333333333,0.0,0.0,0.0,0.0,0.6666666666666666,0.0,0.0,0.0,0.0,1.6666666666666667,1.3333333333333333,0.0
001773,Nick Washuta,CHA,Chaos,1,G,Goalie,2022-06-11,2022-06-11,0.0,0.0,0.0,0.0,0.0,0.0,0.0,0,0.0,0.0,0.0,0.0,1.0,480.0,0.0,0.0,0.0,0,0,0,1.0,0.0,0.0,0.0,0.0,0.0,0.0,,,,0.0,,0.0,,,0.0,0.0,0.0,0.0,0.0,0.0,0.0,0.0,0.0,0.0,0.0,0.0,1.0,480.0,0.0,0.0,0.0,0.0,0.0,0.0,1.0,0.0,0.0,0.0,0.0,0.0,0.0,0.0
001773,Nick Washuta,OUT,Outlaws,3,G,Goalie,2023-08-12,2026-05-09,0.0,0.0,0.0,0.0,0.0,0.0,0.0,0,0.0,13.0,7.0,6.0,9.0,19.5764192139738,5.0,0.0,1.0,0,0,0,8.0,1.0,0.0,0.0,0.0,22.0,22.0,,,,0.6190476190476191,53.84615384615385,0.3333333333333333,,,0.0,0.0,0.0,0.0,0.0,0.0,0.0,0.0,0.0,4.333333333333333,2.3333333333333335,2.0,3.0,6.5254730713246,1.6666666666666667,0.0,0.3333333333333333,0.0,0.0,0.0,2.6666666666666665,0.3333333333333333,0.0,0.0,0.0,7.333333333333333,7.333333333333333,0.0
001773,Nick Washuta,RED,Redwoods,1,G,Goalie,2026-05-09,2026-05-09,0.0,0.0,0.0,0.0,0.0,0.0,0.0,0,0.0,14.0,2.0,12.0,9.0,9.0,0.0,0.0,0.0,0,0,0,9.0,0.0,0.0,0.0,0.0,16.0,16.0,,,,0.6086956521739131,14.285714285714285,0.08695652173913043,,,0.0,0.0,0.0,0.0,0.0,0.0,0.0,0.0,0.0,14.0,2.0,12.0,9.0,9.0,0.0,0.0,0.0,0.0,0.0,0.0,9.0,0.0,0.0,0.0,0.0,16.0,16.0,0.0
001773,Nick Washuta,WAT,Waterdogs,1,G,Goalie,2023-08-26,2023-08-26,0.0,0.0,0.0,0.0,0.0,0.0,0.0,0,0.0,12.0,3.0,9.0,8.0,16.0,0.0,0.0,1.0,0,0,0,7.0,1.0,0.0,0.0,0.0,6.0,6.0,,,,0.631578947368421,25.0,0.15789473684210525,,,0.0,0.0,0.0,0.0,0.0,0.0,0.0,0.0,0.0,12.0,3.0,9.0,8.0,16.0,0.0,0.0,1.0,0.0,0.0,0.0,7.0,1.0,0.0,0.0,0.0,6.0,6.0,0.0
001773,Nick Washuta,WHP,Whipsnakes,1,G,Goalie,2023-08-19,2023-08-19,0.0,0.0,0.0,0.0,0.0,0.0,0.0,0,0.0,1.0,1.0,0.0,4.0,33.19884726224784,0.0,0.0,0.0,0,0,0,3.0,1.0,0.0,0.0,0.0,2.0,2.0,,,,0.25,100.0,0.25,,,0.0,0.0,0.0,0.0,0.0,0.0,0.0,0.0,0.0,1.0,1.0,0.0,4.0,33.19884726224784,0.0,0.0,0.0,0.0,0.0,0.0,3.0,1.0,0.0,0.0,0.0,2.0,2.0,0.0
001793,Chase Fraser,ARC,Archers,1,A,Attack,2022-08-13,2022-08-13,2.0,2.0,2.0,0.0,2.0,0.0,4.0,2,0.0,0.0,0.0,0.0,0.0,0.0,3.0,1.0,0.0,0,0,0,0.0,0.0,0.0,0.0,1.0,26.0,21.0,0.5,0.5,,,,,0.0,,2.0,2.0,2.0,0.0,2.0,0.0,4.0,2.0,0.0,0.0,0.0,0.0,0.0,0.0,3.0,1.0,0.0,0.0,0.0,0.0,0.0,0.0,0.0,0.0,1.0,26.0,21.0,1.0
001793,Chase Fraser,ATL,Atlas,1,A,Attack,2022-08-21,2022-08-21,2.0,2.0,2.0,0.0,2.0,0.0,7.0,5,0.0,0.0,0.0,0.0,0.0,0.0,5.0,1.0,1.0,0,0,0,0.0,0.0,1.0,0.5,0.0,27.0,19.0,0.2857142857142857,0.7142857142857143,,,,,,,2.0,2.0,2.0,0.0,2.0,0.0,7.0,5.0,0.0,0.0,0.0,0.0,0.0,0.0,5.0,1.0,1.0,0.0,0.0,0.0,0.0,0.0,1.0,0.5,0.0,27.0,19.0,0.0
001793,Chase Fraser,CAN,Cannons,2,A,Attack,2022-07-02,2023-06-10,4.0,4.0,4.0,0.0,4.0,0.0,13.0,8,0.0,0.0,0.0,0.0,0.0,0.0,7.0,4.0,2.0,0,0,0,0.0,0.0,0.0,0.0,1.0,53.0,36.0,0.3076923076923077,0.6153846153846154,,,,,0.0,,2.0,2.0,2.0,0.0,2.0,0.0,6.5,4.0,0.0,0.0,0.0,0.0,0.0,0.0,3.5,2.0,1.0,0.0,0.0,0.0,0.0,0.0,0.0,0.0,0.5,26.5,18.0,0.5
001793,Chase Fraser,OUT,Outlaws,2,A,Attack,2022-08-06,2023-08-27,2.0,2.0,2.0,0.0,2.0,0.0,14.0,7,1.0,0.0,0.0,0.0,0.0,0.0,1.0,4.0,0.0,0,0,0,0.0,0.0,1.0,1.0,1.0,53.0,35.0,0.14285714285714285,0.5,,,,,0.0,0.0,1.0,1.0,1.0,0.0,1.0,0.0,7.0,3.5,0.5,0.0,0.0,0.0,0.0,0.0,0.5,2.0,0.0,0.0,0.0,0.0,0.0,0.0,0.5,0.5,0.5,26.5,17.5,0.5
001793,Chase Fraser,RED,Redwoods,2,A,Attack,2022-07-31,2023-07-09,1.0,1.0,1.0,0.0,1.0,0.0,10.0,6,1.0,0.0,0.0,0.0,0.0,0.0,0.0,4.0,0.0,0,0,0,0.0,0.0,0.0,0.0,1.0,47.0,33.0,0.1,0.6,,,,,0.0,0.0,0.5,0.5,0.5,0.0,0.5,0.0,5.0,3.0,0.5,0.0,0.0,0.0,0.0,0.0,0.0,2.0,0.0,0.0,0.0,0.0,0.0,0.0,0.0,0.0,0.5,23.5,16.5,0.5
001793,Chase Fraser,WAT,Waterdogs,1,A,Attack,2022-06-25,2022-06-25,3.0,3.0,3.0,0.0,3.0,0.0,5.0,4,0.0,0.0,0.0,0.0,0.0,0.0,1.0,4.0,1.0,0,0,0,0.0,0.0,0.0,0.0,0.0,36.0,27.0,0.6,0.8,,,,,,,3.0,3.0,3.0,0.0,3.0,0.0,5.0,4.0,0.0,0.0,0.0,0.0,0.0,0.0,1.0,4.0,1.0,0.0,0.0,0.0,0.0,0.0,0.0,0.0,0.0,36.0,27.0,0.0
001793,Chase Fraser,WHP,Whipsnakes,1,A,Attack,2022-07-23,2022-07-23,3.0,2.0,2.0,0.0,2.0,1.0,3.0,3,0.0,0.0,0.0,0.0,0.0,0.0,2.0,6.0,0.0,0,0,0,0.0,0.0,0.0,0.0,2.0,36.0,27.0,0.6666666666666666,1.0,,,,,0.5,,3.0,2.0,2.0,0.0,2.0,1.0,3.0,3.0,0.0,0.0,0.0,0.0,0.0,0.0,2.0,6.0,0.0,0.0,0.0,0.0,0.0,0.0,0.0,0.0,2.0,36.0,27.0,2.0
001795,Christian Scarpello,ARC,Archers,6,SSDM,Defensive Midfield,2023-07-30,2026-08-08,0.0,0.0,0.0,0.0,0.0,0.0,0.0,0,0.0,0.0,0.0,0.0,0.0,0.0,9.0,2.0,2.0,0,1,1,0.0,0.0,0.0,0.0,0.0,39.0,37.0,,,0.0,,,,,,0.0,0.0,0.0,0.0,0.0,0.0,0.0,0.0,0.0,0.0,0.0,0.0,0.0,0.0,1.5,0.3333333333333333,0.3333333333333333,0.0,0.16666666666666666,0.16666666666666666,0.0,0.0,0.0,0.0,0.0,6.5,6.166666666666667,0.0
001795,Christian Scarpello,ATL,Atlas,3,SSDM,Defensive Midfield,2023-06-16,2024-08-17,0.0,0.0,0.0,0.0,0.0,0.0,1.0,1,1.0,0.0,0.0,0.0,0.0,0.0,5.0,1.0,1.0,0,1,1,0.0,0.0,0.0,0.0,0.0,19.0,17.0,0.0,1.0,0.0,,,,,0.0,0.0,0.0,0.0,0.0,0.0,0.0,0.3333333333333333,0.3333333333333333,0.3333333333333333,0.0,0.0,0.0,0.0,0.0,1.6666666666666667,0.3333333333333333,0.3333333333333333,0.0,0.3333333333333333,0.3333333333333333,0.0,0.0,0.0,0.0,0.0,6.333333333333333,5.666666666666667,0.0
001795,Christian Scarpello,CAN,Cannons,7,SSDM,Defensive Midfield,2022-06-05,2026-07-25,1.0,0.0,0.0,0.0,0.0,1.0,1.0,0,0.0,0.0,0.0,0.0,0.0,0.0,8.0,2.0,2.0,1,9,10,0.0,0.0,1.0,1.0,1.0,42.0,39.0,0.0,0.0,0.1,,,,1.0,,0.14285714285714285,0.0,0.0,0.0,0.0,0.14285714285714285,0.14285714285714285,0.0,0.0,0.0,0.0,0.0,0.0,0.0,1.1428571428571428,0.2857142857142857,0.2857142857142857,0.14285714285714285,1.2857142857142858,1.4285714285714286,0.0,0.0,0.14285714285714285,0.14285714285714285,0.14285714285714285,6.0,5.571428571428571,0.14285714285714285
001795,Christian Scarpello,CHA,Chaos,5,SSDM,Defensive Midfield,2022-06-25,2025-07-26,3.0,2.0,2.0,0.0,2.0,1.0,4.0,3,1.0,0.0,0.0,0.0,0.0,0.0,6.0,1.0,2.0,0,1,1,0.0,0.0,1.0,1.0,3.0,32.0,27.0,0.5,0.75,0.0,,,,0.3333333333333333,0.0,0.6,0.4,0.4,0.0,0.4,0.2,0.8,0.6,0.2,0.0,0.0,0.0,0.0,0.0,1.2,0.2,0.4,0.0,0.2,0.2,0.0,0.0,0.2,0.2,0.6,6.4,5.4,0.6
001795,Christian Scarpello,OUT,Outlaws,6,SSDM,Defensive Midfield,2022-06-17,2026-07-18,1.0,1.0,1.0,0.0,1.0,0.0,1.0,1,0.0,0.0,0.0,0.0,0.0,0.0,5.0,1.0,3.0,0,0,0,0.0,0.0,0.0,0.0,0.0,30.0,28.0,1.0,1.0,,,,,,,0.16666666666666666,0.16666666666666666,0.16666666666666666,0.0,0.16666666666666666,0.0,0.16666666666666666,0.16666666666666666,0.0,0.0,0.0,0.0,0.0,0.0,0.8333333333333334,0.16666666666666666,0.5,0.0,0.0,0.0,0.0,0.0,0.0,0.0,0.0,5.0,4.666666666666667,0.0
001795,Christian Scarpello,RED,Redwoods,4,SSDM,Defensive Midfield,2024-08-10,2026-07-31,1.0,1.0,1.0,0.0,1.0,0.0,1.0,1,0.0,0.0,0.0,0.0,0.0,0.0,5.0,2.0,0.0,0,3,3,0.0,0.0,0.0,0.0,5.0,28.0,25.0,1.0,1.0,0.0,,,,0.0,,0.25,0.25,0.25,0.0,0.25,0.0,0.25,0.25,0.0,0.0,0.0,0.0,0.0,0.0,1.25,0.5,0.0,0.0,0.75,0.75,0.0,0.0,0.0,0.0,1.25,7.0,6.25,1.25
001795,Christian Scarpello,WAT,Waterdogs,2,SSDM,Defensive Midfield,2026-05-31,2026-08-01,0.0,0.0,0.0,0.0,0.0,0.0,1.0,1,0.0,0.0,0.0,0.0,0.0,0.0,1.0,0.0,0.0,0,0,0,0.0,0.0,0.0,0.0,0.0,6.0,5.0,0.0,1.0,,,,,,,0.0,0.0,0.0,0.0,0.0,0.0,0.5,0.5,0.0,0.0,0.0,0.0,0.0,0.0,0.5,0.0,0.0,0.0,0.0,0.0,0.0,0.0,0.0,0.0,0.0,3.0,2.5,0.0
001795,Christian Scarpello,WHP,Whipsnakes,7,SSDM,Defensive Midfield,2022-06-12,2026-07-12,2.0,2.0,2.0,0.0,2.0,0.0,3.0,2,0.0,0.0,0.0,0.0,0.0,0.0,7.0,2.0,1.0,0,5,5,0.0,0.0,0.0,0.0,1.0,47.0,42.0,0.6666666666666666,0.6666666666666666,0.0,,,,0.0,,0.2857142857142857,0.2857142857142857,0.2857142857142857,0.0,0.2857142857142857,0.0,0.42857142857142855,0.2857142857142857,0.0,0.0,0.0,0.0,0.0,0.0,1.0,0.2857142857142857,0.14285714285714285,0.0,0.7142857142857143,0.7142857142857143,0.0,0.0,0.0,0.0,0.14285714285714285,6.714285714285714,6.0,0.14285714285714285
001796,Latrell Harris,ATL,Atlas,3,SSDM,Defensive Midfield,2022-06-26,2023-08-05,2.0,1.0,1.0,0.0,1.0,1.0,2.0,1,0.0,0.0,0.0,0.0,0.0,0.0,4.0,0.0,2.0,0,0,0,0.0,0.0,1.0,0.5,5.0,30.0,28.0,0.5,0.5,,,,,0.2,,0.6666666666666666,0.3333333333333333,0.3333333333333333,0.0,0.3333333333333333,0.3333333333333333,0.6666666666666666,0.3333333333333333,0.0,0.0,0.0,0.0,0.0,0.0,1.3333333333333333,0.0,0.6666666666666666,0.0,0.0,0.0,0.0,0.0,0.3333333333333333,0.16666666666666666,1.6666666666666667,10.0,9.333333333333334,1.6666666666666667
001796,Latrell Harris,CAN,Cannons,3,SSDM,Defensive Midfield,2022-06-18,2023-06-03,2.0,2.0,2.0,0.0,2.0,0.0,2.0,2,0.0,0.0,0.0,0.0,0.0,0.0,12.0,2.0,2.0,0,0,0,0.0,0.0,1.0,1.0,5.0,29.0,25.0,1.0,1.0,,,,,0.0,,0.6666666666666666,0.6666666666666666,0.6666666666666666,0.0,0.6666666666666666,0.0,0.6666666666666666,0.6666666666666666,0.0,0.0,0.0,0.0,0.0,0.0,4.0,0.6666666666666666,0.6666666666666666,0.0,0.0,0.0,0.0,0.0,0.3333333333333333,0.3333333333333333,1.6666666666666667,9.666666666666666,8.333333333333334,1.6666666666666667
001796,Latrell Harris,CHA,Chaos,3,SSDM,Defensive Midfield,2022-06-11,2023-06-17,1.0,1.0,1.0,0.0,1.0,0.0,2.0,1,0.0,0.0,0.0,0.0,0.0,0.0,3.0,1.0,0.0,0,0,0,0.0,0.0,1.0,0.5,3.0,20.0,17.0,0.5,0.5,,,,,0.0,,0.3333333333333333,0.3333333333333333,0.3333333333333333,0.0,0.3333333333333333,0.0,0.6666666666666666,0.3333333333333333,0.0,0.0,0.0,0.0,0.0,0.0,1.0,0.3333333333333333,0.0,0.0,0.0,0.0,0.0,0.0,0.3333333333333333,0.16666666666666666,1.0,6.666666666666667,5.666666666666667,1.0
001796,Latrell Harris,OUT,Outlaws,3,SSDM,Defensive Midfield,2022-06-05,2023-08-12,1.0,0.0,0.0,0.0,0.0,1.0,0.0,0,0.0,0.0,0.0,0.0,0.0,0.0,5.0,0.0,3.0,0,0,0,0.0,0.0,0.0,0.0,3.0,19.0,19.0,,,,,,,0.3333333333333333,,0.3333333333333333,0.0,0.0,0.0,0.0,0.3333333333333333,0.0,0.0,0.0,0.0,0.0,0.0,0.0,0.0,1.6666666666666667,0.0,1.0,0.0,0.0,0.0,0.0,0.0,0.0,0.0,1.0,6.333333333333333,6.333333333333333,1.0
001796,Latrell Harris,RED,Redwoods,2,SSDM,Defensive Midfield,2022-07-01,2023-07-15,0.0,0.0,0.0,0.0,0.0,0.0,0.0,0,0.0,0.0,0.0,0.0,0.0,0.0,2.0,0.0,2.0,0,0,0,0.0,0.0,1.0,1.0,1.0,11.0,11.0,,,,,,,0.0,,0.0,0.0,0.0,0.0,0.0,0.0,0.0,0.0,0.0,0.0,0.0,0.0,0.0,0.0,1.0,0.0,1.0,0.0,0.0,0.0,0.0,0.0,0.5,0.5,0.5,5.5,5.5,0.5
001796,Latrell Harris,WAT,Waterdogs,3,SSDM,Defensive Midfield,2022-08-21,2023-08-26,0.0,0.0,0.0,0.0,0.0,0.0,0.0,0,0.0,0.0,0.0,0.0,0.0,0.0,3.0,0.0,0.0,0,0,0,0.0,0.0,0.0,0.0,1.0,13.0,13.0,,,,,,,0.0,,0.0,0.0,0.0,0.0,0.0,0.0,0.0,0.0,0.0,0.0,0.0,0.0,0.0,0.0,1.0,0.0,0.0,0.0,0.0,0.0,0.0,0.0,0.0,0.0,0.3333333333333333,4.333333333333333,4.333333333333333,0.3333333333333333
001796,Latrell Harris,WHP,Whipsnakes,3,SSDM,Defensive Midfield,2022-08-06,2023-08-19,0.0,0.0,0.0,0.0,0.0,0.0,1.0,0,0.0,0.0,0.0,0.0,0.0,0.0,8.0,2.0,1.0,0,0,0,0.0,0.0,2.0,2.0,2.0,28.0,25.0,0.0,0.0,,,,,0.0,,0.0,0.0,0.0,0.0,0.0,0.0,0.3333333333333333,0.0,0.0,0.0,0.0,0.0,0.0,0.0,2.6666666666666665,0.6666666666666666,0.3333333333333333,0.0,0.0,0.0,0.0,0.0,0.6666666666666666,0.6666666666666666,0.6666666666666666,9.333333333333334,8.333333333333334,0.6666666666666666
001797,JD Colarusso,ARC,Archers,1,G,Goalie,2022-07-30,2022-07-30,0.0,0.0,0.0,0.0,0.0,0.0,0.0,0,0.0,1.0,0.0,1.0,0.0,0.0,1.0,0.0,0.0,0,0,0,0.0,0.0,0.0,0.0,0.0,1.0,1.0,,,,1.0,0.0,0.0,,,0.0,0.0,0.0,0.0,0.0,0.0,0.0,0.0,0.0,1.0,0.0,1.0,0.0,0.0,1.0,0.0,0.0,0.0,0.0,0.0,0.0,0.0,0.0,0.0,0.0,1.0,1.0,0.0
001797,JD Colarusso,RED,Redwoods,1,G,Goalie,2022-06-04,2022-06-04,0.0,0.0,0.0,0.0,0.0,0.0,0.0,0,0.0,6.0,3.0,3.0,7.0,14.0,1.0,1.0,0.0,0,0,0,6.0,1.0,0.0,0.0,0.0,6.0,5.0,,,,0.5,50.0,0.25,,,0.0,0.0,0.0,0.0,0.0,0.0,0.0,0.0,0.0,6.0,3.0,3.0,7.0,14.0,1.0,1.0,0.0,0.0,0.0,0.0,6.0,1.0,0.0,0.0,0.0,6.0,5.0,0.0
001809,Jeff Teat,ARC,Archers,5,A,Attack,2022-06-26,2025-06-28,23.0,8.0,8.0,0.0,8.0,15.0,34.0,22,0.0,0.0,0.0,0.0,0.0,0.0,6.0,18.0,1.0,0,0,0,0.0,0.0,0.0,0.0,37.0,209.0,157.0,0.23529411764705882,0.6470588235294118,,,,,0.40540540540540543,,4.6,1.6,1.6,0.0,1.6,3.0,6.8,4.4,0.0,0.0,0.0,0.0,0.0,0.0,1.2,3.6,0.2,0.0,0.0,0.0,0.0,0.0,0.0,0.0,7.4,41.8,31.4,7.4
001809,Jeff Teat,CAN,Cannons,7,A,Attack,2022-06-11,2025-07-11,35.0,14.0,14.0,0.0,14.0,21.0,50.0,27,0.0,0.0,0.0,0.0,0.0,0.0,13.0,24.0,0.0,0,0,0,0.0,0.0,0.0,0.0,48.0,262.0,188.0,0.28,0.54,,,,,0.4375,,5.0,2.0,2.0,0.0,2.0,3.0,7.142857142857143,3.857142857142857,0.0,0.0,0.0,0.0,0.0,0.0,1.8571428571428572,3.4285714285714284,0.0,0.0,0.0,0.0,0.0,0.0,0.0,0.0,6.857142857142857,37.42857142857143,26.857142857142858,6.857142857142857
001809,Jeff Teat,CHA,Chaos,4,A,Attack,2022-08-21,2025-05-30,11.0,5.0,5.0,0.0,5.0,6.0,23.0,14,0.0,0.0,0.0,0.0,0.0,0.0,9.0,7.0,0.0,0,0,0,0.0,0.0,0.0,0.0,27.0,171.0,141.0,0.21739130434782608,0.6086956521739131,,,,,0.2222222222222222,,2.75,1.25,1.25,0.0,1.25,1.5,5.75,3.5,0.0,0.0,0.0,0.0,0.0,0.0,2.25,1.75,0.0,0.0,0.0,0.0,0.0,0.0,0.0,0.0,6.75,42.75,35.25,6.75
001809,Jeff Teat,OUT,Outlaws,4,A,Attack,2022-07-02,2025-08-02,17.0,10.0,10.0,0.0,10.0,7.0,23.0,18,0.0,0.0,0.0,0.0,0.0,0.0,9.0,5.0,0.0,0,0,0,0.0,0.0,0.0,0.0,18.0,124.0,96.0,0.43478260869565216,0.782608695652174,,,,,0.3888888888888889,,4.25,2.5,2.5,0.0,2.5,1.75,5.75,4.5,0.0,0.0,0.0,0.0,0.0,0.0,2.25,1.25,0.0,0.0,0.0,0.0,0.0,0.0,0.0,0.0,4.5,31.0,24.0,4.5
001809,Jeff Teat,RED,Redwoods,6,A,Attack,2022-06-04,2025-07-18,31.0,14.0,14.0,0.0,14.0,17.0,31.0,23,0.0,0.0,0.0,0.0,0.0,0.0,8.0,9.0,2.0,0,0,0,0.0,0.0,1.0,0.5,42.0,211.0,171.0,0.45161290322580644,0.7419354838709677,,,,,0.40476190476190477,,5.166666666666667,2.3333333333333335,2.3333333333333335,0.0,2.3333333333333335,2.8333333333333335,5.166666666666667,3.8333333333333335,0.0,0.0,0.0,0.0,0.0,0.0,1.3333333333333333,1.5,0.3333333333333333,0.0,0.0,0.0,0.0,0.0,0.16666666666666666,0.08333333333333333,7.0,35.166666666666664,28.5,7.0
001809,Jeff Teat,WAT,Waterdogs,7,A,Attack,2022-08-06,2025-08-09,33.0,15.0,15.0,0.0,15.0,18.0,48.0,30,1.0,0.0,0.0,0.0,0.0,0.0,20.0,15.0,2.0,0,0,0,0.0,0.0,0.0,0.0,61.0,281.0,218.0,0.3125,0.625,,,,,0.29508196721311475,0.0,4.714285714285714,2.142857142857143,2.142857142857143,0.0,2.142857142857143,2.5714285714285716,6.857142857142857,4.285714285714286,0.14285714285714285,0.0,0.0,0.0,0.0,0.0,2.857142857142857,2.142857142857143,0.2857142857142857,0.0,0.0,0.0,0.0,0.0,0.0,0.0,8.714285714285714,40.142857142857146,31.142857142857142,8.714285714285714
001809,Jeff Teat,WHP,Whipsnakes,7,A,Attack,2022-06-18,2025-07-26,28.0,12.0,12.0,0.0,12.0,16.0,27.0,24,1.0,0.0,0.0,0.0,0.0,0.0,9.0,11.0,1.0,0,0,0,0.0,0.0,0.0,0.0,53.0,251.0,213.0,0.4444444444444444,0.8888888888888888,,,,,0.3018867924528302,0.0,4.0,1.7142857142857142,1.7142857142857142,0.0,1.7142857142857142,2.2857142857142856,3.857142857142857,3.4285714285714284,0.14285714285714285,0.0,0.0,0.0,0.0,0.0,1.2857142857142858,1.5714285714285714,0.14285714285714285,0.0,0.0,0.0,0.0,0.0,0.0,0.0,7.571428571428571,35.857142857142854,30.428571428571427,7.571428571428571
001810,Michael Sowers,ARC,Archers,7,A,Attack,2022-08-21,2026-07-18,23.0,11.0,11.0,0.0,11.0,12.0,57.0,41,2.0,0.0,0.0,0.0,0.0,0.0,8.0,11.0,0.0,0,0,0,0.0,0.0,0.0,0.0,34.0,274.0,206.0,0.19298245614035087,0.7192982456140351,,,,,0.35294117647058826,0.0,3.2857142857142856,1.5714285714285714,1.5714285714285714,0.0,1.5714285714285714,1.7142857142857142,8.142857142857142,5.857142857142857,0.2857142857142857,0.0,0.0,0.0,0.0,0.0,1.1428571428571428,1.5714285714285714,0.0,0.0,0.0,0.0,0.0,0.0,0.0,0.0,4.857142857142857,39.142857142857146,29.428571428571427,4.857142857142857
001810,Michael Sowers,ATL,Atlas,8,A,Attack,2022-08-06,2026-07-25,23.0,16.0,16.0,0.0,16.0,7.0,53.0,42,0.0,0.0,0.0,0.0,0.0,0.0,6.0,19.0,0.0,0,0,0,0.0,0.0,1.0,1.0,28.0,208.0,136.0,0.3018867924528302,0.7924528301886793,,,,,0.25,,2.875,2.0,2.0,0.0,2.0,0.875,6.625,5.25,0.0,0.0,0.0,0.0,0.0,0.0,0.75,2.375,0.0,0.0,0.0,0.0,0.0,0.0,0.125,0.125,3.5,26.0,17.0,3.5
001810,Michael Sowers,CAN,Cannons,9,A,Attack,2022-06-05,2026-06-07,42.0,20.0,20.0,0.0,20.0,22.0,62.0,45,0.0,0.0,0.0,0.0,0.0,0.0,7.0,11.0,0.0,0,0,0,0.0,0.0,1.0,1.0,69.0,300.0,227.0,0.3225806451612903,0.7258064516129032,,,,,0.3188405797101449,,4.666666666666667,2.2222222222222223,2.2222222222222223,0.0,2.2222222222222223,2.4444444444444446,6.888888888888889,5.0,0.0,0.0,0.0,0.0,0.0,0.0,0.7777777777777778,1.2222222222222223,0.0,0.0,0.0,0.0,0.0,0.0,0.1111111111111111,0.1111111111111111,7.666666666666667,33.333333333333336,25.22222222222222,7.666666666666667
001810,Michael Sowers,CHA,Chaos,7,A,Attack,2022-06-25,2026-08-01,17.0,8.0,8.0,0.0,8.0,9.0,31.0,22,0.0,0.0,0.0,0.0,0.0,0.0,7.0,17.0,1.0,0,0,0,0.0,0.0,0.0,0.0,42.0,258.0,210.0,0.25806451612903225,0.7096774193548387,,,,,0.21428571428571427,,2.4285714285714284,1.1428571428571428,1.1428571428571428,0.0,1.1428571428571428,1.2857142857142858,4.428571428571429,3.142857142857143,0.0,0.0,0.0,0.0,0.0,0.0,1.0,2.4285714285714284,0.14285714285714285,0.0,0.0,0.0,0.0,0.0,0.0,0.0,6.0,36.857142857142854,30.0,6.0
001810,Michael Sowers,OUT,Outlaws,5,A,Attack,2022-07-24,2026-07-26,20.0,8.0,8.0,0.0,8.0,12.0,26.0,17,2.0,0.0,0.0,0.0,0.0,0.0,5.0,8.0,0.0,0,0,0,0.0,0.0,0.0,0.0,35.0,150.0,116.0,0.3076923076923077,0.6538461538461539,,,,,0.34285714285714286,0.0,4.0,1.6,1.6,0.0,1.6,2.4,5.2,3.4,0.4,0.0,0.0,0.0,0.0,0.0,1.0,1.6,0.0,0.0,0.0,0.0,0.0,0.0,0.0,0.0,7.0,30.0,23.2,7.0
001810,Michael Sowers,RED,Redwoods,5,A,Attack,2022-08-13,2026-07-10,22.0,11.0,11.0,0.0,11.0,11.0,39.0,27,5.0,0.0,0.0,0.0,0.0,0.0,2.0,9.0,0.0,0,0,0,0.0,0.0,1.0,0.5,34.0,154.0,106.0,0.28205128205128205,0.6923076923076923,,,,,0.3235294117647059,0.0,4.4,2.2,2.2,0.0,2.2,2.2,7.8,5.4,1.0,0.0,0.0,0.0,0.0,0.0,0.4,1.8,0.0,0.0,0.0,0.0,0.0,0.0,0.2,0.1,6.8,30.8,21.2,6.8
001810,Michael Sowers,WHP,Whipsnakes,8,A,Attack,2022-06-12,2026-05-09,33.0,19.0,19.0,0.0,19.0,14.0,62.0,44,1.0,0.0,0.0,0.0,0.0,0.0,9.0,16.0,0.0,0,0,0,0.0,0.0,1.0,0.5,48.0,292.0,214.0,0.3064516129032258,0.7096774193548387,,,,,0.2916666666666667,0.0,4.125,2.375,2.375,0.0,2.375,1.75,7.75,5.5,0.125,0.0,0.0,0.0,0.0,0.0,1.125,2.0,0.0,0.0,0.0,0.0,0.0,0.0,0.125,0.0625,6.0,36.5,26.75,6.0
001811,JT Giles-Harris,ARC,Archers,9,D,Defense,2022-06-05,2026-07-25,0.0,0.0,0.0,0.0,0.0,0.0,0.0,0,0.0,0.0,0.0,0.0,0.0,0.0,14.0,2.0,6.0,0,0,0,0.0,0.0,4.0,3.0,0.0,80.0,78.0,,,,,,,,,0.0,0.0,0.0,0.0,0.0,0.0,0.0,0.0,0.0,0.0,0.0,0.0,0.0,0.0,1.5555555555555556,0.2222222222222222,0.6666666666666666,0.0,0.0,0.0,0.0,0.0,0.4444444444444444,0.3333333333333333,0.0,8.88888888888889,8.666666666666666,0.0
001811,JT Giles-Harris,ATL,Atlas,6,D,Defense,2022-07-02,2026-08-08,0.0,0.0,0.0,0.0,0.0,0.0,1.0,0,1.0,0.0,0.0,0.0,0.0,0.0,10.0,1.0,4.0,0,0,0,0.0,0.0,1.0,2.0,0.0,42.0,40.0,0.0,0.0,,,,,,0.0,0.0,0.0,0.0,0.0,0.0,0.0,0.16666666666666666,0.0,0.16666666666666666,0.0,0.0,0.0,0.0,0.0,1.6666666666666667,0.16666666666666666,0.6666666666666666,0.0,0.0,0.0,0.0,0.0,0.16666666666666666,0.3333333333333333,0.0,7.0,6.666666666666667,0.0
001811,JT Giles-Harris,CAN,Cannons,7,D,Defense,2022-06-25,2026-07-11,0.0,0.0,0.0,0.0,0.0,0.0,0.0,0,0.0,0.0,0.0,0.0,0.0,0.0,11.0,2.0,6.0,0,0,0,0.0,0.0,0.0,0.0,1.0,59.0,57.0,,,,,,,0.0,,0.0,0.0,0.0,0.0,0.0,0.0,0.0,0.0,0.0,0.0,0.0,0.0,0.0,0.0,1.5714285714285714,0.2857142857142857,0.8571428571428571,0.0,0.0,0.0,0.0,0.0,0.0,0.0,0.14285714285714285,8.428571428571429,8.142857142857142,0.14285714285714285
001811,JT Giles-Harris,CHA,Chaos,8,D,Defense,2022-08-06,2026-07-18,0.0,0.0,0.0,0.0,0.0,0.0,1.0,1,1.0,0.0,0.0,0.0,0.0,0.0,11.0,2.0,8.0,0,0,0,0.0,0.0,0.0,0.0,0.0,54.0,51.0,0.0,1.0,,,,,,0.0,0.0,0.0,0.0,0.0,0.0,0.0,0.125,0.125,0.125,0.0,0.0,0.0,0.0,0.0,1.375,0.25,1.0,0.0,0.0,0.0,0.0,0.0,0.0,0.0,0.0,6.75,6.375,0.0
001811,JT Giles-Harris,RED,Redwoods,8,D,Defense,2022-06-10,2026-05-16,0.0,0.0,0.0,0.0,0.0,0.0,1.0,1,0.0,0.0,0.0,0.0,0.0,0.0,16.0,5.0,5.0,0,0,0,0.0,0.0,1.0,1.0,0.0,58.0,52.0,0.0,1.0,,,,,,,0.0,0.0,0.0,0.0,0.0,0.0,0.125,0.125,0.0,0.0,0.0,0.0,0.0,0.0,2.0,0.625,0.625,0.0,0.0,0.0,0.0,0.0,0.125,0.125,0.0,7.25,6.5,0.0
001811,JT Giles-Harris,WAT,Waterdogs,5,D,Defense,2022-06-17,2026-07-26,0.0,0.0,0.0,0.0,0.0,0.0,0.0,0,0.0,0.0,0.0,0.0,0.0,0.0,8.0,3.0,4.0,0,0,0,0.0,0.0,0.0,0.0,0.0,29.0,26.0,,,,,,,,,0.0,0.0,0.0,0.0,0.0,0.0,0.0,0.0,0.0,0.0,0.0,0.0,0.0,0.0,1.6,0.6,0.8,0.0,0.0,0.0,0.0,0.0,0.0,0.0,0.0,5.8,5.2,0.0
001811,JT Giles-Harris,WHP,Whipsnakes,7,D,Defense,2022-07-30,2026-08-01,2.0,0.0,0.0,0.0,0.0,2.0,0.0,0,0.0,0.0,0.0,0.0,0.0,0.0,10.0,0.0,5.0,0,0,0,0.0,0.0,3.0,3.5,2.0,63.0,63.0,,,,,,,1.0,,0.2857142857142857,0.0,0.0,0.0,0.0,0.2857142857142857,0.0,0.0,0.0,0.0,0.0,0.0,0.0,0.0,1.4285714285714286,0.0,0.7142857142857143,0.0,0.0,0.0,0.0,0.0,0.42857142857142855,0.5,0.2857142857142857,9.0,9.0,0.2857142857142857
001812,TD Ierlan,ARC,Archers,8,FO,Faceoff,2022-07-01,2026-06-20,3.0,2.0,2.0,0.0,2.0,1.0,9.0,6,3.0,0.0,0.0,0.0,0.0,0.0,50.0,2.0,2.0,91,83,176,0.0,0.0,1.0,0.5,8.0,61.0,50.0,0.2222222222222222,0.6666666666666666,0.5170454545454546,,,,0.125,0.0,0.375,0.25,0.25,0.0,0.25,0.125,1.125,0.75,0.375,0.0,0.0,0.0,0.0,0.0,6.25,0.25,0.25,11.375,10.375,22.0,0.0,0.0,0.125,0.0625,1.0,7.625,6.25,1.0
001812,TD Ierlan,ATL,Atlas,8,FO,Faceoff,2022-06-04,2026-08-02,2.0,2.0,2.0,0.0,2.0,0.0,7.0,3,0.0,0.0,0.0,0.0,0.0,0.0,68.0,4.0,2.0,124,91,215,0.0,0.0,1.0,0.5,5.0,63.0,52.0,0.2857142857142857,0.42857142857142855,0.5767441860465117,,,,0.0,,0.25,0.25,0.25,0.0,0.25,0.0,0.875,0.375,0.0,0.0,0.0,0.0,0.0,0.0,8.5,0.5,0.25,15.5,11.375,26.875,0.0,0.0,0.125,0.0625,0.625,7.875,6.5,0.625
001812,TD Ierlan,CAN,Cannons,7,FO,Faceoff,2022-08-06,2026-08-09,3.0,0.0,0.0,0.0,0.0,3.0,10.0,4,0.0,0.0,0.0,0.0,0.0,0.0,108.0,3.0,1.0,138,53,191,0.0,0.0,1.0,0.5,7.0,106.0,93.0,0.0,0.4,0.7225130890052356,,,,0.42857142857142855,,0.42857142857142855,0.0,0.0,0.0,0.0,0.42857142857142855,1.4285714285714286,0.5714285714285714,0.0,0.0,0.0,0.0,0.0,0.0,15.428571428571429,0.42857142857142855,0.14285714285714285,19.714285714285715,7.571428571428571,27.285714285714285,0.0,0.0,0.14285714285714285,0.07142857142857142,1.0,15.142857142857142,13.285714285714286,1.0
001812,TD Ierlan,CHA,Chaos,10,FO,Faceoff,2022-06-18,2026-07-31,3.0,3.0,3.0,0.0,3.0,0.0,8.0,7,0.0,0.0,0.0,0.0,0.0,0.0,92.0,3.0,3.0,155,80,235,0.0,0.0,2.0,1.5,5.0,98.0,87.0,0.375,0.875,0.6595744680851063,,,,0.0,,0.3,0.3,0.3,0.0,0.3,0.0,0.8,0.7,0.0,0.0,0.0,0.0,0.0,0.0,9.2,0.3,0.3,15.5,8.0,23.5,0.0,0.0,0.2,0.15,0.5,9.8,8.7,0.5
001812,TD Ierlan,OUT,Outlaws,8,FO,Faceoff,2022-06-10,2026-05-16,3.0,2.0,2.0,0.0,2.0,1.0,12.0,9,0.0,0.0,0.0,0.0,0.0,0.0,66.0,4.0,2.0,108,78,187,0.0,0.0,1.0,1.0,4.0,68.0,52.0,0.16666666666666666,0.75,0.5775401069518716,,,,0.25,,0.375,0.25,0.25,0.0,0.25,0.125,1.5,1.125,0.0,0.0,0.0,0.0,0.0,0.0,8.25,0.5,0.25,13.5,9.75,23.375,0.0,0.0,0.125,0.125,0.5,8.5,6.5,0.5
001812,TD Ierlan,WAT,Waterdogs,5,FO,Faceoff,2022-08-13,2026-07-10,2.0,1.0,1.0,0.0,1.0,1.0,2.0,2,0.0,0.0,0.0,0.0,0.0,0.0,31.0,3.0,1.0,64,60,126,0.0,0.0,0.0,0.0,2.0,28.0,23.0,0.5,1.0,0.5079365079365079,,,,0.5,,0.4,0.2,0.2,0.0,0.2,0.2,0.4,0.4,0.0,0.0,0.0,0.0,0.0,0.0,6.2,0.6,0.2,12.8,12.0,25.2,0.0,0.0,0.0,0.0,0.4,5.6,4.6,0.4
001812,TD Ierlan,WHP,Whipsnakes,5,FO,Faceoff,2022-06-24,2026-07-17,1.0,1.0,1.0,0.0,1.0,0.0,3.0,1,0.0,0.0,0.0,0.0,0.0,0.0,39.0,5.0,3.0,82,57,140,0.0,0.0,0.0,0.0,2.0,47.0,39.0,0.3333333333333333,0.3333333333333333,0.5857142857142857,,,,0.0,,0.2,0.2,0.2,0.0,0.2,0.0,0.6,0.2,0.0,0.0,0.0,0.0,0.0,0.0,7.8,1.0,0.6,16.4,11.4,28.0,0.0,0.0,0.0,0.0,0.4,9.4,7.8,0.4
001813,Jared Conners,ARC,Archers,6,LSM,Long Stick Midfield,2024-07-20,2026-06-20,0.0,0.0,0.0,0.0,0.0,0.0,6.0,0,4.0,0.0,0.0,0.0,0.0,0.0,16.0,5.0,1.0,0,0,0,0.0,0.0,0.0,0.0,4.0,48.0,37.0,0.0,0.0,,,,,0.0,0.0,0.0,0.0,0.0,0.0,0.0,0.0,1.0,0.0,0.6666666666666666,0.0,0.0,0.0,0.0,0.0,2.6666666666666665,0.8333333333333334,0.16666666666666666,0.0,0.0,0.0,0.0,0.0,0.0,0.0,0.6666666666666666,8.0,6.166666666666667,0.6666666666666666
001813,Jared Conners,ATL,Atlas,7,LSM,Long Stick Midfield,2022-06-26,2026-08-02,4.0,4.0,2.0,1.0,3.0,0.0,8.0,6,4.0,0.0,0.0,0.0,0.0,0.0,16.0,7.0,5.0,0,0,0,0.0,0.0,0.0,0.0,2.0,49.0,34.0,0.375,0.75,,,,,0.0,0.25,0.5714285714285714,0.5714285714285714,0.2857142857142857,0.14285714285714285,0.42857142857142855,0.0,1.1428571428571428,0.8571428571428571,0.5714285714285714,0.0,0.0,0.0,0.0,0.0,2.2857142857142856,1.0,0.7142857142857143,0.0,0.0,0.0,0.0,0.0,0.0,0.0,0.2857142857142857,7.0,4.857142857142857,0.2857142857142857
001813,Jared Conners,CAN,Cannons,7,LSM,Long Stick Midfield,2022-06-18,2026-08-09,2.0,1.0,1.0,0.0,1.0,1.0,5.0,2,3.0,0.0,0.0,0.0,0.0,0.0,17.0,6.0,4.0,0,0,0,0.0,0.0,1.0,1.0,1.0,38.0,27.0,0.2,0.4,,,,,1.0,0.0,0.2857142857142857,0.14285714285714285,0.14285714285714285,0.0,0.14285714285714285,0.14285714285714285,0.7142857142857143,0.2857142857142857,0.42857142857142855,0.0,0.0,0.0,0.0,0.0,2.4285714285714284,0.8571428571428571,0.5714285714285714,0.0,0.0,0.0,0.0,0.0,0.14285714285714285,0.14285714285714285,0.14285714285714285,5.428571428571429,3.857142857142857,0.14285714285714285
001813,Jared Conners,CHA,Chaos,9,LSM,Long Stick Midfield,2022-06-11,2026-07-31,7.0,3.0,1.0,1.0,2.0,4.0,8.0,4,5.0,0.0,0.0,0.0,0.0,0.0,18.0,6.0,6.0,0,0,0,0.0,0.0,1.0,1.0,5.0,75.0,61.0,0.25,0.5,,,,,0.8,0.2,0.7777777777777778,0.3333333333333333,0.1111111111111111,0.1111111111111111,0.2222222222222222,0.4444444444444444,0.8888888888888888,0.4444444444444444,0.5555555555555556,0.0,0.0,0.0,0.0,0.0,2.0,0.6666666666666666,0.6666666666666666,0.0,0.0,0.0,0.0,0.0,0.1111111111111111,0.1111111111111111,0.5555555555555556,8.333333333333334,6.777777777777778,0.5555555555555556
001813,Jared Conners,OUT,Outlaws,8,LSM,Long Stick Midfield,2022-06-05,2026-05-16,1.0,0.0,0.0,0.0,0.0,1.0,8.0,3,7.0,0.0,0.0,0.0,0.0,0.0,22.0,6.0,9.0,0,0,0,0.0,0.0,0.0,0.0,2.0,62.0,48.0,0.0,0.375,,,,,0.5,0.0,0.125,0.0,0.0,0.0,0.0,0.125,1.0,0.375,0.875,0.0,0.0,0.0,0.0,0.0,2.75,0.75,1.125,0.0,0.0,0.0,0.0,0.0,0.0,0.0,0.25,7.75,6.0,0.25
001813,Jared Conners,RED,Redwoods,2,LSM,Long Stick Midfield,2022-07-01,2023-07-15,1.0,0.0,0.0,0.0,0.0,1.0,0.0,0,0.0,0.0,0.0,0.0,0.0,0.0,5.0,0.0,1.0,0,2,2,0.0,0.0,0.0,0.0,2.0,11.0,11.0,,,0.0,,,,0.5,,0.5,0.0,0.0,0.0,0.0,0.5,0.0,0.0,0.0,0.0,0.0,0.0,0.0,0.0,2.5,0.0,0.5,0.0,1.0,1.0,0.0,0.0,0.0,0.0,1.0,5.5,5.5,1.0
001813,Jared Conners,WAT,Waterdogs,5,LSM,Long Stick Midfield,2022-08-21,2026-07-10,1.0,0.0,0.0,0.0,0.0,1.0,7.0,3,6.0,0.0,0.0,0.0,0.0,0.0,16.0,3.0,5.0,0,0,0,0.0,0.0,0.0,0.0,3.0,35.0,25.0,0.0,0.42857142857142855,,,,,0.3333333333333333,0.0,0.2,0.0,0.0,0.0,0.0,0.2,1.4,0.6,1.2,0.0,0.0,0.0,0.0,0.0,3.2,0.6,1.0,0.0,0.0,0.0,0.0,0.0,0.0,0.0,0.6,7.0,5.0,0.6
001813,Jared Conners,WHP,Whipsnakes,6,LSM,Long Stick Midfield,2022-08-06,2026-07-17,3.0,2.0,0.0,1.0,1.0,1.0,3.0,1,3.0,0.0,0.0,0.0,0.0,0.0,16.0,3.0,4.0,0,0,0,0.0,0.0,1.0,0.5,2.0,31.0,25.0,0.3333333333333333,0.3333333333333333,,,,,0.5,0.3333333333333333,0.5,0.3333333333333333,0.0,0.16666666666666666,0.16666666666666666,0.16666666666666666,0.5,0.16666666666666666,0.5,0.0,0.0,0.0,0.0,0.0,2.6666666666666665,0.5,0.6666666666666666,0.0,0.0,0.0,0.0,0.0,0.16666666666666666,0.08333333333333333,0.3333333333333333,5.166666666666667,4.166666666666667,0.3333333333333333
001814,Mac O'Keefe,ARC,Archers,2,M,Midfield,2022-06-11,2022-08-13,4.0,1.0,1.0,0.0,1.0,3.0,6.0,3,1.0,0.0,0.0,0.0,0.0,0.0,2.0,2.0,0.0,0,0,0,0.0,0.0,0.0,0.0,5.0,58.0,50.0,0.16666666666666666,0.5,,,,,0.6,0.0,2.0,0.5,0.5,0.0,0.5,1.5,3.0,1.5,0.5,0.0,0.0,0.0,0.0,0.0,1.0,1.0,0.0,0.0,0.0,0.0,0.0,0.0,0.0,0.0,2.5,29.0,25.0,2.5
001814,Mac O'Keefe,ATL,Atlas,5,A,Attack,2022-08-21,2026-07-11,11.0,9.0,9.0,0.0,9.0,2.0,28.0,18,4.0,0.0,0.0,0.0,0.0,0.0,11.0,8.0,2.0,0,0,0,0.0,0.0,1.0,0.5,6.0,117.0,81.0,0.32142857142857145,0.6428571428571429,,,,,0.3333333333333333,0.0,2.2,1.8,1.8,0.0,1.8,0.4,5.6,3.6,0.8,0.0,0.0,0.0,0.0,0.0,2.2,1.6,0.4,0.0,0.0,0.0,0.0,0.0,0.2,0.1,1.2,23.4,16.2,1.2
001814,Mac O'Keefe,CAN,Cannons,5,A,Attack,2022-07-02,2026-08-01,5.0,5.0,5.0,0.0,5.0,0.0,31.0,21,6.0,0.0,0.0,0.0,0.0,0.0,6.0,4.0,1.0,0,0,0,0.0,0.0,3.0,3.0,10.0,135.0,100.0,0.16129032258064516,0.6774193548387096,,,,,0.0,0.0,1.0,1.0,1.0,0.0,1.0,0.0,6.2,4.2,1.2,0.0,0.0,0.0,0.0,0.0,1.2,0.8,0.2,0.0,0.0,0.0,0.0,0.0,0.6,0.6,2.0,27.0,20.0,2.0
001814,Mac O'Keefe,CHA,Chaos,7,A,Attack,2023-06-17,2026-08-08,26.0,20.0,16.0,2.0,18.0,6.0,58.0,35,5.0,0.0,0.0,0.0,0.0,0.0,10.0,8.0,2.0,0,0,0,0.0,0.0,1.0,0.5,12.0,200.0,134.0,0.3103448275862069,0.603448275862069,,,,,0.5,0.4,3.7142857142857144,2.857142857142857,2.2857142857142856,0.2857142857142857,2.5714285714285716,0.8571428571428571,8.285714285714286,5.0,0.7142857142857143,0.0,0.0,0.0,0.0,0.0,1.4285714285714286,1.1428571428571428,0.2857142857142857,0.0,0.0,0.0,0.0,0.0,0.14285714285714285,0.07142857142857142,1.7142857142857142,28.571428571428573,19.142857142857142,1.7142857142857142
001814,Mac O'Keefe,OUT,Outlaws,9,A,Attack,2022-08-06,2026-07-25,26.0,23.0,11.0,6.0,17.0,3.0,49.0,32,12.0,0.0,0.0,0.0,0.0,0.0,9.0,7.0,0.0,0,0,0,0.0,0.0,4.0,2.5,14.0,202.0,146.0,0.3469387755102041,0.6530612244897959,,,,,0.21428571428571427,0.5,2.888888888888889,2.5555555555555554,1.2222222222222223,0.6666666666666666,1.8888888888888888,0.3333333333333333,5.444444444444445,3.5555555555555554,1.3333333333333333,0.0,0.0,0.0,0.0,0.0,1.0,0.7777777777777778,0.0,0.0,0.0,0.0,0.0,0.0,0.4444444444444444,0.2777777777777778,1.5555555555555556,22.444444444444443,16.22222222222222,1.5555555555555556
001814,Mac O'Keefe,RED,Redwoods,9,A,Attack,2022-06-18,2026-06-20,15.0,12.0,12.0,0.0,12.0,3.0,55.0,34,10.0,0.0,0.0,0.0,0.0,0.0,8.0,10.0,2.0,0,0,0,0.0,0.0,2.0,1.0,16.0,199.0,134.0,0.21818181818181817,0.6181818181818182,,,,,0.1875,0.0,1.6666666666666667,1.3333333333333333,1.3333333333333333,0.0,1.3333333333333333,0.3333333333333333,6.111111111111111,3.7777777777777777,1.1111111111111112,0.0,0.0,0.0,0.0,0.0,0.8888888888888888,1.1111111111111112,0.2222222222222222,0.0,0.0,0.0,0.0,0.0,0.2222222222222222,0.1111111111111111,1.7777777777777777,22.11111111111111,14.88888888888889,1.7777777777777777
001814,Mac O'Keefe,WAT,Waterdogs,7,A,Attack,2022-06-25,2026-07-18,16.0,14.0,14.0,0.0,14.0,2.0,43.0,25,4.0,0.0,0.0,0.0,0.0,0.0,6.0,9.0,0.0,0,0,0,0.0,0.0,0.0,0.0,13.0,171.0,119.0,0.32558139534883723,0.5813953488372093,,,,,0.15384615384615385,0.0,2.2857142857142856,2.0,2.0,0.0,2.0,0.2857142857142857,6.142857142857143,3.5714285714285716,0.5714285714285714,0.0,0.0,0.0,0.0,0.0,0.8571428571428571,1.2857142857142858,0.0,0.0,0.0,0.0,0.0,0.0,0.0,0.0,1.8571428571428572,24.428571428571427,17.0,1.8571428571428572
001814,Mac O'Keefe,WHP,Whipsnakes,8,A,Attack,2022-06-04,2026-07-25,19.0,16.0,10.0,3.0,13.0,3.0,41.0,24,9.0,0.0,0.0,0.0,0.0,0.0,12.0,5.0,1.0,0,0,0,0.0,0.0,0.0,0.0,15.0,164.0,118.0,0.3170731707317073,0.5853658536585366,,,,,0.2,0.3333333333333333,2.375,2.0,1.25,0.375,1.625,0.375,5.125,3.0,1.125,0.0,0.0,0.0,0.0,0.0,1.5,0.625,0.125,0.0,0.0,0.0,0.0,0.0,0.0,0.0,1.875,20.5,14.75,1.875
001815,Connor Kirst,ARC,Archers,6,M,Defensive Midfield,2022-08-06,2026-08-01,1.0,0.0,0.0,0.0,0.0,1.0,7.0,2,0.0,0.0,0.0,0.0,0.0,0.0,10.0,2.0,2.0,0,0,0,0.0,0.0,0.0,0.0,7.0,56.0,47.0,0.0,0.2857142857142857,,,,,0.14285714285714285,,0.16666666666666666,0.0,0.0,0.0,0.0,0.16666666666666666,1.1666666666666667,0.3333333333333333,0.0,0.0,0.0,0.0,0.0,0.0,1.6666666666666667,0.3333333333333333,0.3333333333333333,0.0,0.0,0.0,0.0,0.0,0.0,0.0,1.1666666666666667,9.333333333333334,7.833333333333333,1.1666666666666667
001815,Connor Kirst,ATL,Atlas,9,M,Midfield,2022-06-18,2026-07-19,14.0,10.0,6.0,2.0,8.0,4.0,24.0,15,5.0,0.0,0.0,0.0,0.0,0.0,14.0,7.0,4.0,8,17,25,0.0,0.0,0.0,0.0,6.0,86.0,55.0,0.3333333333333333,0.625,0.32,,,,0.6666666666666666,0.4,1.5555555555555556,1.1111111111111112,0.6666666666666666,0.2222222222222222,0.8888888888888888,0.4444444444444444,2.6666666666666665,1.6666666666666667,0.5555555555555556,0.0,0.0,0.0,0.0,0.0,1.5555555555555556,0.7777777777777778,0.4444444444444444,0.8888888888888888,1.8888888888888888,2.7777777777777777,0.0,0.0,0.0,0.0,0.6666666666666666,9.555555555555555,6.111111111111111,0.6666666666666666
001815,Connor Kirst,CAN,Cannons,2,SSDM,Defensive Midfield,2022-08-21,2023-08-26,3.0,3.0,1.0,1.0,2.0,0.0,4.0,3,1.0,0.0,0.0,0.0,0.0,0.0,0.0,0.0,0.0,0,0,0,0.0,0.0,1.0,0.5,3.0,27.0,23.0,0.5,0.75,,,,,0.0,1.0,1.5,1.5,0.5,0.5,1.0,0.0,2.0,1.5,0.5,0.0,0.0,0.0,0.0,0.0,0.0,0.0,0.0,0.0,0.0,0.0,0.0,0.0,0.5,0.25,1.5,13.5,11.5,1.5
001815,Connor Kirst,CHA,Chaos,7,SSDM,Defensive Midfield,2022-06-04,2026-07-25,2.0,2.0,2.0,0.0,2.0,0.0,12.0,6,3.0,0.0,0.0,0.0,0.0,0.0,13.0,6.0,4.0,1,0,1,0.0,0.0,0.0,0.0,5.0,72.0,54.0,0.16666666666666666,0.5,1.0,,,,0.0,0.0,0.2857142857142857,0.2857142857142857,0.2857142857142857,0.0,0.2857142857142857,0.0,1.7142857142857142,0.8571428571428571,0.42857142857142855,0.0,0.0,0.0,0.0,0.0,1.8571428571428572,0.8571428571428571,0.5714285714285714,0.14285714285714285,0.0,0.14285714285714285,0.0,0.0,0.0,0.0,0.7142857142857143,10.285714285714286,7.714285714285714,0.7142857142857143
001815,Connor Kirst,OUT,Outlaws,6,M,Defensive Midfield,2022-07-30,2026-07-11,10.0,9.0,7.0,1.0,8.0,1.0,13.0,10,1.0,0.0,0.0,0.0,0.0,0.0,16.0,4.0,3.0,4,3,7,0.0,0.0,3.0,2.0,2.0,59.0,42.0,0.6153846153846154,0.7692307692307693,0.5714285714285714,,,,0.5,1.0,1.6666666666666667,1.5,1.1666666666666667,0.16666666666666666,1.3333333333333333,0.16666666666666666,2.1666666666666665,1.6666666666666667,0.16666666666666666,0.0,0.0,0.0,0.0,0.0,2.6666666666666665,0.6666666666666666,0.5,0.6666666666666666,0.5,1.1666666666666667,0.0,0.0,0.5,0.3333333333333333,0.3333333333333333,9.833333333333334,7.0,0.3333333333333333
001815,Connor Kirst,RED,Redwoods,6,M,Midfield,2022-06-24,2026-08-09,4.0,4.0,4.0,0.0,4.0,0.0,11.0,8,2.0,0.0,0.0,0.0,0.0,0.0,16.0,6.0,2.0,1,5,6,0.0,0.0,0.0,0.0,4.0,59.0,42.0,0.36363636363636365,0.7272727272727273,0.16666666666666666,,,,0.0,0.0,0.6666666666666666,0.6666666666666666,0.6666666666666666,0.0,0.6666666666666666,0.0,1.8333333333333333,1.3333333333333333,0.3333333333333333,0.0,0.0,0.0,0.0,0.0,2.6666666666666665,1.0,0.3333333333333333,0.16666666666666666,0.8333333333333334,1.0,0.0,0.0,0.0,0.0,0.6666666666666666,9.833333333333334,7.0,0.6666666666666666
001815,Connor Kirst,WAT,Waterdogs,9,M,Midfield,2022-06-12,2026-06-07,10.0,8.0,8.0,0.0,8.0,2.0,29.0,19,9.0,0.0,0.0,0.0,0.0,0.0,14.0,4.0,0.0,1,7,8,0.0,0.0,2.0,1.5,3.0,102.0,69.0,0.27586206896551724,0.6551724137931034,0.125,,,,0.6666666666666666,0.0,1.1111111111111112,0.8888888888888888,0.8888888888888888,0.0,0.8888888888888888,0.2222222222222222,3.2222222222222223,2.111111111111111,1.0,0.0,0.0,0.0,0.0,0.0,1.5555555555555556,0.4444444444444444,0.0,0.1111111111111111,0.7777777777777778,0.8888888888888888,0.0,0.0,0.2222222222222222,0.16666666666666666,0.3333333333333333,11.333333333333334,7.666666666666667,0.3333333333333333
001815,Connor Kirst,WHP,Whipsnakes,6,M,Midfield,2024-06-08,2026-08-07,6.0,5.0,5.0,0.0,5.0,1.0,17.0,8,3.0,0.0,0.0,0.0,0.0,0.0,5.0,5.0,0.0,3,7,10,0.0,0.0,1.0,0.5,3.0,63.0,41.0,0.29411764705882354,0.47058823529411764,0.3,,,,0.3333333333333333,0.0,1.0,0.8333333333333334,0.8333333333333334,0.0,0.8333333333333334,0.16666666666666666,2.8333333333333335,1.3333333333333333,0.5,0.0,0.0,0.0,0.0,0.0,0.8333333333333334,0.8333333333333334,0.0,0.5,1.1666666666666667,1.6666666666666667,0.0,0.0,0.16666666666666666,0.08333333333333333,0.5,10.5,6.833333333333333,0.5
001816,Dox Aitken,ARC,Archers,3,M,Midfield,2022-06-26,2024-08-10,9.0,8.0,8.0,0.0,8.0,1.0,12.0,10,0.0,0.0,0.0,0.0,0.0,0.0,5.0,6.0,0.0,0,0,0,0.0,0.0,0.0,0.0,4.0,65.0,47.0,0.6666666666666666,0.8333333333333334,,,,,0.25,,3.0,2.6666666666666665,2.6666666666666665,0.0,2.6666666666666665,0.3333333333333333,4.0,3.3333333333333335,0.0,0.0,0.0,0.0,0.0,0.0,1.6666666666666667,2.0,0.0,0.0,0.0,0.0,0.0,0.0,0.0,0.0,1.3333333333333333,21.666666666666668,15.666666666666666,1.3333333333333333
001816,Dox Aitken,CAN,Cannons,2,M,Midfield,2024-06-01,2024-07-20,3.0,3.0,3.0,0.0,3.0,0.0,10.0,9,1.0,0.0,0.0,0.0,0.0,0.0,5.0,1.0,0.0,0,0,0,0.0,0.0,0.0,0.0,1.0,58.0,47.0,0.3,0.9,,,,,0.0,0.0,1.5,1.5,1.5,0.0,1.5,0.0,5.0,4.5,0.5,0.0,0.0,0.0,0.0,0.0,2.5,0.5,0.0,0.0,0.0,0.0,0.0,0.0,0.0,0.0,0.5,29.0,23.5,0.5
001816,Dox Aitken,CHA,Chaos,2,M,Midfield,2022-08-21,2024-06-08,2.0,2.0,2.0,0.0,2.0,0.0,13.0,7,2.0,0.0,0.0,0.0,0.0,0.0,4.0,1.0,0.0,0,0,0,0.0,0.0,1.0,0.5,3.0,50.0,36.0,0.15384615384615385,0.5384615384615384,,,,,0.0,0.0,1.0,1.0,1.0,0.0,1.0,0.0,6.5,3.5,1.0,0.0,0.0,0.0,0.0,0.0,2.0,0.5,0.0,0.0,0.0,0.0,0.0,0.0,0.5,0.25,1.5,25.0,18.0,1.5
001816,Dox Aitken,OUT,Outlaws,3,M,Midfield,2022-07-02,2025-08-02,2.0,1.0,1.0,0.0,1.0,1.0,6.0,2,0.0,0.0,0.0,0.0,0.0,0.0,4.0,5.0,0.0,0,1,1,0.0,0.0,2.0,1.5,2.0,55.0,44.0,0.16666666666666666,0.3333333333333333,0.0,,,,0.5,,0.6666666666666666,0.3333333333333333,0.3333333333333333,0.0,0.3333333333333333,0.3333333333333333,2.0,0.6666666666666666,0.0,0.0,0.0,0.0,0.0,0.0,1.3333333333333333,1.6666666666666667,0.0,0.0,0.3333333333333333,0.3333333333333333,0.0,0.0,0.6666666666666666,0.5,0.6666666666666666,18.333333333333332,14.666666666666666,0.6666666666666666
001816,Dox Aitken,RED,Redwoods,3,M,Midfield,2022-06-04,2024-06-16,4.0,4.0,4.0,0.0,4.0,0.0,10.0,8,1.0,0.0,0.0,0.0,0.0,0.0,0.0,2.0,1.0,0,0,0,0.0,0.0,1.0,0.5,2.0,46.0,34.0,0.4,0.8,,,,,0.0,0.0,1.3333333333333333,1.3333333333333333,1.3333333333333333,0.0,1.3333333333333333,0.0,3.3333333333333335,2.6666666666666665,0.3333333333333333,0.0,0.0,0.0,0.0,0.0,0.0,0.6666666666666666,0.3333333333333333,0.0,0.0,0.0,0.0,0.0,0.3333333333333333,0.16666666666666666,0.6666666666666666,15.333333333333334,11.333333333333334,0.6666666666666666
001816,Dox Aitken,WAT,Waterdogs,3,M,Midfield,2022-08-06,2024-08-17,3.0,2.0,2.0,0.0,2.0,1.0,10.0,5,2.0,0.0,0.0,0.0,0.0,0.0,1.0,2.0,0.0,0,0,0,0.0,0.0,0.0,0.0,8.0,63.0,51.0,0.2,0.5,,,,,0.125,0.0,1.0,0.6666666666666666,0.6666666666666666,0.0,0.6666666666666666,0.3333333333333333,3.3333333333333335,1.6666666666666667,0.6666666666666666,0.0,0.0,0.0,0.0,0.0,0.3333333333333333,0.6666666666666666,0.0,0.0,0.0,0.0,0.0,0.0,0.0,0.0,2.6666666666666665,21.0,17.0,2.6666666666666665
001816,Dox Aitken,WHP,Whipsnakes,4,M,Midfield,2022-08-13,2025-07-26,3.0,3.0,3.0,0.0,3.0,0.0,15.0,9,0.0,0.0,0.0,0.0,0.0,0.0,7.0,8.0,0.0,0,0,0,0.0,0.0,0.0,0.0,5.0,73.0,50.0,0.2,0.6,,,,,0.0,,0.75,0.75,0.75,0.0,0.75,0.0,3.75,2.25,0.0,0.0,0.0,0.0,0.0,0.0,1.75,2.0,0.0,0.0,0.0,0.0,0.0,0.0,0.0,0.0,1.25,18.25,12.5,1.25
001817,Jack Kielty,ARC,Archers,5,D,Defense,2022-06-18,2026-08-01,0.0,0.0,0.0,0.0,0.0,0.0,0.0,0,0.0,0.0,0.0,0.0,0.0,0.0,8.0,1.0,6.0,0,0,0,0.0,0.0,1.0,1.0,1.0,35.0,34.0,,,,,,,0.0,,0.0,0.0,0.0,0.0,0.0,0.0,0.0,0.0,0.0,0.0,0.0,0.0,0.0,0.0,1.6,0.2,1.2,0.0,0.0,0.0,0.0,0.0,0.2,0.2,0.2,7.0,6.8,0.2
001817,Jack Kielty,ATL,Atlas,7,D,Defense,2022-06-11,2026-07-19,0.0,0.0,0.0,0.0,0.0,0.0,3.0,1,1.0,0.0,0.0,0.0,0.0,0.0,17.0,0.0,9.0,0,0,0,0.0,0.0,0.0,0.0,0.0,48.0,45.0,0.0,0.3333333333333333,,,,,,0.0,0.0,0.0,0.0,0.0,0.0,0.0,0.42857142857142855,0.14285714285714285,0.14285714285714285,0.0,0.0,0.0,0.0,0.0,2.4285714285714284,0.0,1.2857142857142858,0.0,0.0,0.0,0.0,0.0,0.0,0.0,0.0,6.857142857142857,6.428571428571429,0.0
001817,Jack Kielty,CHA,Chaos,5,D,Defense,2022-07-02,2026-07-25,0.0,0.0,0.0,0.0,0.0,0.0,0.0,0,0.0,0.0,0.0,0.0,0.0,0.0,8.0,1.0,6.0,0,0,0,0.0,0.0,0.0,0.0,1.0,21.0,20.0,,,,,,,0.0,,0.0,0.0,0.0,0.0,0.0,0.0,0.0,0.0,0.0,0.0,0.0,0.0,0.0,0.0,1.6,0.2,1.2,0.0,0.0,0.0,0.0,0.0,0.0,0.0,0.2,4.2,4.0,0.2
001817,Jack Kielty,OUT,Outlaws,6,D,Defense,2022-06-25,2026-07-11,0.0,0.0,0.0,0.0,0.0,0.0,0.0,0,0.0,0.0,0.0,0.0,0.0,0.0,2.0,0.0,7.0,0,0,0,0.0,0.0,1.0,1.0,1.0,42.0,42.0,,,,,,,0.0,,0.0,0.0,0.0,0.0,0.0,0.0,0.0,0.0,0.0,0.0,0.0,0.0,0.0,0.0,0.3333333333333333,0.0,1.1666666666666667,0.0,0.0,0.0,0.0,0.0,0.16666666666666666,0.16666666666666666,0.16666666666666666,7.0,7.0,0.16666666666666666
001817,Jack Kielty,RED,Redwoods,6,D,Defense,2022-08-06,2026-08-09,0.0,0.0,0.0,0.0,0.0,0.0,0.0,0,0.0,0.0,0.0,0.0,0.0,0.0,3.0,0.0,6.0,0,0,0,0.0,0.0,3.0,3.0,0.0,31.0,31.0,,,,,,,,,0.0,0.0,0.0,0.0,0.0,0.0,0.0,0.0,0.0,0.0,0.0,0.0,0.0,0.0,0.5,0.0,1.0,0.0,0.0,0.0,0.0,0.0,0.5,0.5,0.0,5.166666666666667,5.166666666666667,0.0
001817,Jack Kielty,WAT,Waterdogs,7,D,Defense,2022-06-05,2026-06-07,0.0,0.0,0.0,0.0,0.0,0.0,0.0,0,0.0,0.0,0.0,0.0,0.0,0.0,11.0,4.0,5.0,0,0,0,0.0,0.0,1.0,1.0,2.0,48.0,44.0,,,,,,,0.0,,0.0,0.0,0.0,0.0,0.0,0.0,0.0,0.0,0.0,0.0,0.0,0.0,0.0,0.0,1.5714285714285714,0.5714285714285714,0.7142857142857143,0.0,0.0,0.0,0.0,0.0,0.14285714285714285,0.14285714285714285,0.2857142857142857,6.857142857142857,6.285714285714286,0.2857142857142857
001817,Jack Kielty,WHP,Whipsnakes,6,D,Defense,2022-08-21,2026-08-07,0.0,0.0,0.0,0.0,0.0,0.0,0.0,0,0.0,0.0,0.0,0.0,0.0,0.0,11.0,2.0,4.0,0,0,0,0.0,0.0,0.0,0.0,0.0,42.0,40.0,,,,,,,,,0.0,0.0,0.0,0.0,0.0,0.0,0.0,0.0,0.0,0.0,0.0,0.0,0.0,0.0,1.8333333333333333,0.3333333333333333,0.6666666666666666,0.0,0.0,0.0,0.0,0.0,0.0,0.0,0.0,7.0,6.666666666666667,0.0
001818,Jake Carraway,ARC,Archers,3,M,Midfield,2022-06-26,2024-06-01,2.0,2.0,2.0,0.0,2.0,0.0,11.0,8,2.0,0.0,0.0,0.0,0.0,0.0,3.0,0.0,0.0,0,0,0,0.0,0.0,0.0,0.0,4.0,65.0,54.0,0.18181818181818182,0.7272727272727273,,,,,0.0,0.0,0.6666666666666666,0.6666666666666666,0.6666666666666666,0.0,0.6666666666666666,0.0,3.6666666666666665,2.6666666666666665,0.6666666666666666,0.0,0.0,0.0,0.0,0.0,1.0,0.0,0.0,0.0,0.0,0.0,0.0,0.0,0.0,0.0,1.3333333333333333,21.666666666666668,18.0,1.3333333333333333
001818,Jake Carraway,ATL,Atlas,3,M,Midfield,2023-06-16,2024-08-17,9.0,5.0,3.0,1.0,4.0,4.0,14.0,8,4.0,0.0,0.0,0.0,0.0,0.0,1.0,3.0,0.0,0,0,0,0.0,0.0,0.0,0.0,6.0,60.0,43.0,0.2857142857142857,0.5714285714285714,,,,,0.6666666666666666,0.25,3.0,1.6666666666666667,1.0,0.3333333333333333,1.3333333333333333,1.3333333333333333,4.666666666666667,2.6666666666666665,1.3333333333333333,0.0,0.0,0.0,0.0,0.0,0.3333333333333333,1.0,0.0,0.0,0.0,0.0,0.0,0.0,0.0,0.0,2.0,20.0,14.333333333333334,2.0
001818,Jake Carraway,CAN,Cannons,2,M,Midfield,2023-08-06,2024-06-15,0.0,0.0,0.0,0.0,0.0,0.0,5.0,3,2.0,0.0,0.0,0.0,0.0,0.0,3.0,1.0,0.0,0,0,0,0.0,0.0,0.0,0.0,5.0,32.0,26.0,0.0,0.6,,,,,0.0,0.0,0.0,0.0,0.0,0.0,0.0,0.0,2.5,1.5,1.0,0.0,0.0,0.0,0.0,0.0,1.5,0.5,0.0,0.0,0.0,0.0,0.0,0.0,0.0,0.0,2.5,16.0,13.0,2.5
001818,Jake Carraway,CHA,Chaos,3,M,Midfield,2023-06-04,2024-06-30,5.0,5.0,3.0,1.0,4.0,0.0,12.0,9,4.0,0.0,0.0,0.0,0.0,0.0,0.0,0.0,0.0,0,0,0,0.0,0.0,1.0,0.5,6.0,71.0,59.0,0.3333333333333333,0.75,,,,,0.0,0.25,1.6666666666666667,1.6666666666666667,1.0,0.3333333333333333,1.3333333333333333,0.0,4.0,3.0,1.3333333333333333,0.0,0.0,0.0,0.0,0.0,0.0,0.0,0.0,0.0,0.0,0.0,0.0,0.0,0.3333333333333333,0.16666666666666666,2.0,23.666666666666668,19.666666666666668,2.0
001818,Jake Carraway,OUT,Outlaws,2,A,Attack,2022-07-02,2023-07-08,5.0,5.0,3.0,1.0,4.0,0.0,7.0,6,1.0,0.0,0.0,0.0,0.0,0.0,2.0,3.0,0.0,0,0,0,0.0,0.0,1.0,0.5,3.0,47.0,37.0,0.5714285714285714,0.8571428571428571,,,,,0.0,1.0,2.5,2.5,1.5,0.5,2.0,0.0,3.5,3.0,0.5,0.0,0.0,0.0,0.0,0.0,1.0,1.5,0.0,0.0,0.0,0.0,0.0,0.0,0.5,0.25,1.5,23.5,18.5,1.5
001818,Jake Carraway,RED,Redwoods,1,M,Midfield,2023-06-10,2023-06-10,1.0,1.0,1.0,0.0,1.0,0.0,6.0,4,1.0,0.0,0.0,0.0,0.0,0.0,1.0,0.0,1.0,0,0,0,0.0,0.0,0.0,0.0,3.0,16.0,10.0,0.16666666666666666,0.6666666666666666,,,,,0.0,0.0,1.0,1.0,1.0,0.0,1.0,0.0,6.0,4.0,1.0,0.0,0.0,0.0,0.0,0.0,1.0,0.0,1.0,0.0,0.0,0.0,0.0,0.0,0.0,0.0,3.0,16.0,10.0,3.0
001818,Jake Carraway,WHP,Whipsnakes,3,M,Midfield,2023-07-14,2024-08-03,5.0,5.0,5.0,0.0,5.0,0.0,13.0,8,4.0,0.0,0.0,0.0,0.0,0.0,2.0,0.0,0.0,0,0,0,0.0,0.0,0.0,0.0,6.0,55.0,42.0,0.38461538461538464,0.6153846153846154,,,,,0.0,0.0,1.6666666666666667,1.6666666666666667,1.6666666666666667,0.0,1.6666666666666667,0.0,4.333333333333333,2.6666666666666665,1.3333333333333333,0.0,0.0,0.0,0.0,0.0,0.6666666666666666,0.0,0.0,0.0,0.0,0.0,0.0,0.0,0.0,0.0,2.0,18.333333333333332,14.0,2.0
001819,Danny Logan,ARC,Archers,6,SSDM,Defensive Midfield,2022-06-26,2026-07-11,1.0,1.0,1.0,0.0,1.0,0.0,5.0,2,0.0,0.0,0.0,0.0,0.0,0.0,16.0,4.0,4.0,2,9,11,0.0,0.0,1.0,0.5,6.0,58.0,49.0,0.2,0.4,0.18181818181818182,,,,0.0,,0.16666666666666666,0.16666666666666666,0.16666666666666666,0.0,0.16666666666666666,0.0,0.8333333333333334,0.3333333333333333,0.0,0.0,0.0,0.0,0.0,0.0,2.6666666666666665,0.6666666666666666,0.6666666666666666,0.3333333333333333,1.5,1.8333333333333333,0.0,0.0,0.16666666666666666,0.08333333333333333,1.0,9.666666666666666,8.166666666666666,1.0
001819,Danny Logan,CAN,Cannons,9,SSDM,Defensive Midfield,2022-06-11,2026-07-19,5.0,5.0,3.0,1.0,4.0,0.0,5.0,5,1.0,0.0,0.0,0.0,0.0,0.0,13.0,1.0,3.0,0,11,11,0.0,0.0,1.0,0.5,4.0,72.0,66.0,0.8,1.0,0.0,,,,0.0,1.0,0.5555555555555556,0.5555555555555556,0.3333333333333333,0.1111111111111111,0.4444444444444444,0.0,0.5555555555555556,0.5555555555555556,0.1111111111111111,0.0,0.0,0.0,0.0,0.0,1.4444444444444444,0.1111111111111111,0.3333333333333333,0.0,1.2222222222222223,1.2222222222222223,0.0,0.0,0.1111111111111111,0.05555555555555555,0.4444444444444444,8.0,7.333333333333333,0.4444444444444444
001819,Danny Logan,CHA,Chaos,4,SSDM,Defensive Midfield,2022-08-21,2025-05-30,1.0,1.0,1.0,0.0,1.0,0.0,1.0,1,0.0,0.0,0.0,0.0,0.0,0.0,3.0,2.0,3.0,0,5,5,0.0,0.0,4.0,2.5,2.0,31.0,28.0,1.0,1.0,0.0,,,,0.0,,0.25,0.25,0.25,0.0,0.25,0.0,0.25,0.25,0.0,0.0,0.0,0.0,0.0,0.0,0.75,0.5,0.75,0.0,1.25,1.25,0.0,0.0,1.0,0.625,0.5,7.75,7.0,0.5
001819,Danny Logan,OUT,Outlaws,6,SSDM,Defensive Midfield,2022-07-02,2026-08-08,6.0,4.0,2.0,1.0,3.0,2.0,7.0,5,3.0,0.0,0.0,0.0,0.0,0.0,6.0,3.0,0.0,1,3,4,0.0,0.0,2.0,1.5,5.0,53.0,43.0,0.42857142857142855,0.7142857142857143,0.25,,,,0.4,0.3333333333333333,1.0,0.6666666666666666,0.3333333333333333,0.16666666666666666,0.5,0.3333333333333333,1.1666666666666667,0.8333333333333334,0.5,0.0,0.0,0.0,0.0,0.0,1.0,0.5,0.0,0.16666666666666666,0.5,0.6666666666666666,0.0,0.0,0.3333333333333333,0.25,0.8333333333333334,8.833333333333334,7.166666666666667,0.8333333333333334
001819,Danny Logan,RED,Redwoods,8,SSDM,Defensive Midfield,2022-06-04,2026-08-02,2.0,1.0,1.0,0.0,1.0,1.0,7.0,7,4.0,0.0,0.0,0.0,0.0,0.0,14.0,3.0,3.0,0,15,15,0.0,0.0,3.0,1.5,3.0,56.0,46.0,0.14285714285714285,1.0,0.0,,,,0.3333333333333333,0.0,0.25,0.125,0.125,0.0,0.125,0.125,0.875,0.875,0.5,0.0,0.0,0.0,0.0,0.0,1.75,0.375,0.375,0.0,1.875,1.875,0.0,0.0,0.375,0.1875,0.375,7.0,5.75,0.375
001819,Danny Logan,WAT,Waterdogs,8,SSDM,Defensive Midfield,2022-08-06,2026-07-25,1.0,1.0,1.0,0.0,1.0,0.0,5.0,2,4.0,0.0,0.0,0.0,0.0,0.0,11.0,1.0,1.0,3,7,10,0.0,0.0,3.0,2.5,2.0,62.0,56.0,0.2,0.4,0.3,,,,0.0,0.0,0.125,0.125,0.125,0.0,0.125,0.0,0.625,0.25,0.5,0.0,0.0,0.0,0.0,0.0,1.375,0.125,0.125,0.375,0.875,1.25,0.0,0.0,0.375,0.3125,0.25,7.75,7.0,0.25
001819,Danny Logan,WHP,Whipsnakes,5,SSDM,Defensive Midfield,2022-06-18,2025-07-26,2.0,2.0,0.0,1.0,1.0,0.0,4.0,2,2.0,0.0,0.0,0.0,0.0,0.0,7.0,1.0,3.0,0,8,8,0.0,0.0,1.0,0.5,1.0,33.0,28.0,0.25,0.5,0.0,,,,0.0,0.5,0.4,0.4,0.0,0.2,0.2,0.0,0.8,0.4,0.4,0.0,0.0,0.0,0.0,0.0,1.4,0.2,0.6,0.0,1.6,1.6,0.0,0.0,0.2,0.1,0.2,6.6,5.6,0.2
001820,Ryan Terefenko,ARC,Archers,8,SSDM,Defensive Midfield,2022-06-05,2026-07-25,3.0,2.0,0.0,1.0,1.0,1.0,4.0,2,1.0,0.0,0.0,0.0,0.0,0.0,13.0,6.0,1.0,0,2,2,0.0,0.0,2.0,1.0,8.0,94.0,84.0,0.25,0.5,0.0,,,,0.125,1.0,0.375,0.25,0.0,0.125,0.125,0.125,0.5,0.25,0.125,0.0,0.0,0.0,0.0,0.0,1.625,0.75,0.125,0.0,0.25,0.25,0.0,0.0,0.25,0.125,1.0,11.75,10.5,1.0
001820,Ryan Terefenko,ATL,Atlas,6,SSDM,Defensive Midfield,2022-07-02,2026-08-08,3.0,2.0,2.0,0.0,2.0,1.0,7.0,6,0.0,0.0,0.0,0.0,0.0,0.0,9.0,4.0,1.0,0,2,2,0.0,0.0,1.0,0.5,7.0,73.0,62.0,0.2857142857142857,0.8571428571428571,0.0,,,,0.14285714285714285,,0.5,0.3333333333333333,0.3333333333333333,0.0,0.3333333333333333,0.16666666666666666,1.1666666666666667,1.0,0.0,0.0,0.0,0.0,0.0,0.0,1.5,0.6666666666666666,0.16666666666666666,0.0,0.3333333333333333,0.3333333333333333,0.0,0.0,0.16666666666666666,0.08333333333333333,1.1666666666666667,12.166666666666666,10.333333333333334,1.1666666666666667
001820,Ryan Terefenko,CAN,Cannons,7,SSDM,Defensive Midfield,2022-06-25,2026-07-11,6.0,4.0,4.0,0.0,4.0,2.0,12.0,6,1.0,0.0,0.0,0.0,0.0,0.0,19.0,8.0,1.0,0,2,2,0.0,0.0,2.0,1.5,7.0,96.0,76.0,0.3333333333333333,0.5,0.0,,,,0.2857142857142857,0.0,0.8571428571428571,0.5714285714285714,0.5714285714285714,0.0,0.5714285714285714,0.2857142857142857,1.7142857142857142,0.8571428571428571,0.14285714285714285,0.0,0.0,0.0,0.0,0.0,2.7142857142857144,1.1428571428571428,0.14285714285714285,0.0,0.2857142857142857,0.2857142857142857,0.0,0.0,0.2857142857142857,0.21428571428571427,1.0,13.714285714285714,10.857142857142858,1.0
001820,Ryan Terefenko,CHA,Chaos,8,SSDM,Defensive Midfield,2022-08-06,2026-07-18,3.0,2.0,2.0,0.0,2.0,1.0,7.0,4,2.0,0.0,0.0,0.0,0.0,0.0,10.0,1.0,1.0,0,1,1,0.0,0.0,2.0,1.0,6.0,92.0,84.0,0.2857142857142857,0.5714285714285714,0.0,,,,0.16666666666666666,0.0,0.375,0.25,0.25,0.0,0.25,0.125,0.875,0.5,0.25,0.0,0.0,0.0,0.0,0.0,1.25,0.125,0.125,0.0,0.125,0.125,0.0,0.0,0.25,0.125,0.75,11.5,10.5,0.75
001820,Ryan Terefenko,RED,Redwoods,7,SSDM,Defensive Midfield,2022-06-10,2025-06-28,6.0,4.0,4.0,0.0,4.0,2.0,9.0,8,1.0,0.0,0.0,0.0,0.0,0.0,12.0,5.0,4.0,0,3,3,0.0,0.0,3.0,1.5,8.0,94.0,80.0,0.4444444444444444,0.8888888888888888,0.0,,,,0.25,0.0,0.8571428571428571,0.5714285714285714,0.5714285714285714,0.0,0.5714285714285714,0.2857142857142857,1.2857142857142858,1.1428571428571428,0.14285714285714285,0.0,0.0,0.0,0.0,0.0,1.7142857142857142,0.7142857142857143,0.5714285714285714,0.0,0.42857142857142855,0.42857142857142855,0.0,0.0,0.42857142857142855,0.21428571428571427,1.1428571428571428,13.428571428571429,11.428571428571429,1.1428571428571428
001820,Ryan Terefenko,WAT,Waterdogs,6,SSDM,Defensive Midfield,2022-06-17,2026-07-26,5.0,3.0,1.0,1.0,2.0,2.0,8.0,4,1.0,0.0,0.0,0.0,0.0,0.0,15.0,6.0,2.0,0,3,3,0.0,0.0,1.0,0.5,5.0,79.0,65.0,0.25,0.5,0.0,,,,0.4,1.0,0.8333333333333334,0.5,0.16666666666666666,0.16666666666666666,0.3333333333333333,0.3333333333333333,1.3333333333333333,0.6666666666666666,0.16666666666666666,0.0,0.0,0.0,0.0,0.0,2.5,1.0,0.3333333333333333,0.0,0.5,0.5,0.0,0.0,0.16666666666666666,0.08333333333333333,0.8333333333333334,13.166666666666666,10.833333333333334,0.8333333333333334
001820,Ryan Terefenko,WHP,Whipsnakes,7,SSDM,Defensive Midfield,2022-07-30,2026-08-01,5.0,4.0,2.0,1.0,3.0,1.0,7.0,7,3.0,0.0,0.0,0.0,0.0,0.0,6.0,5.0,2.0,0,1,1,0.0,0.0,1.0,0.5,5.0,83.0,71.0,0.42857142857142855,1.0,0.0,,,,0.2,0.3333333333333333,0.7142857142857143,0.5714285714285714,0.2857142857142857,0.14285714285714285,0.42857142857142855,0.14285714285714285,1.0,1.0,0.42857142857142855,0.0,0.0,0.0,0.0,0.0,0.8571428571428571,0.7142857142857143,0.2857142857142857,0.0,0.14285714285714285,0.14285714285714285,0.0,0.0,0.14285714285714285,0.07142857142857142,0.7142857142857143,11.857142857142858,10.142857142857142,0.7142857142857143
001821,Tre Leclaire,ATL,Atlas,5,M,Midfield,2022-06-26,2026-07-11,4.0,2.0,2.0,0.0,2.0,2.0,13.0,6,1.0,0.0,0.0,0.0,0.0,0.0,6.0,3.0,0.0,0,0,0,0.0,0.0,1.0,1.0,11.0,80.0,64.0,0.15384615384615385,0.46153846153846156,,,,,0.18181818181818182,0.0,0.8,0.4,0.4,0.0,0.4,0.4,2.6,1.2,0.2,0.0,0.0,0.0,0.0,0.0,1.2,0.6,0.0,0.0,0.0,0.0,0.0,0.0,0.2,0.2,2.2,16.0,12.8,2.2
001821,Tre Leclaire,CAN,Cannons,5,M,Midfield,2022-06-18,2026-08-01,9.0,8.0,8.0,0.0,8.0,1.0,18.0,12,4.0,0.0,0.0,0.0,0.0,0.0,5.0,3.0,0.0,0,0,0,0.0,0.0,1.0,1.0,4.0,107.0,86.0,0.4444444444444444,0.6666666666666666,,,,,0.25,0.0,1.8,1.6,1.6,0.0,1.6,0.2,3.6,2.4,0.8,0.0,0.0,0.0,0.0,0.0,1.0,0.6,0.0,0.0,0.0,0.0,0.0,0.0,0.2,0.2,0.8,21.4,17.2,0.8
001821,Tre Leclaire,CHA,Chaos,9,M,Midfield,2022-06-11,2026-08-08,16.0,9.0,9.0,0.0,9.0,7.0,33.0,21,3.0,0.0,0.0,0.0,0.0,0.0,2.0,5.0,0.0,0,0,0,0.0,0.0,2.0,1.0,16.0,184.0,146.0,0.2727272727272727,0.6363636363636364,,,,,0.4375,0.0,1.7777777777777777,1.0,1.0,0.0,1.0,0.7777777777777778,3.6666666666666665,2.3333333333333335,0.3333333333333333,0.0,0.0,0.0,0.0,0.0,0.2222222222222222,0.5555555555555556,0.0,0.0,0.0,0.0,0.0,0.0,0.2222222222222222,0.1111111111111111,1.7777777777777777,20.444444444444443,16.22222222222222,1.7777777777777777
001821,Tre Leclaire,OUT,Outlaws,7,M,Midfield,2022-06-05,2026-07-25,19.0,17.0,13.0,2.0,15.0,2.0,33.0,22,7.0,0.0,0.0,0.0,0.0,0.0,8.0,9.0,0.0,0,0,0,0.0,0.0,1.0,0.5,11.0,168.0,126.0,0.45454545454545453,0.6666666666666666,,,,,0.18181818181818182,0.2857142857142857,2.7142857142857144,2.4285714285714284,1.8571428571428572,0.2857142857142857,2.142857142857143,0.2857142857142857,4.714285714285714,3.142857142857143,1.0,0.0,0.0,0.0,0.0,0.0,1.1428571428571428,1.2857142857142858,0.0,0.0,0.0,0.0,0.0,0.0,0.14285714285714285,0.07142857142857142,1.5714285714285714,24.0,18.0,1.5714285714285714
001821,Tre Leclaire,RED,Redwoods,5,M,Midfield,2023-07-15,2026-06-20,8.0,7.0,7.0,0.0,7.0,1.0,24.0,13,8.0,0.0,0.0,0.0,0.0,0.0,1.0,5.0,0.0,0,0,0,0.0,0.0,1.0,1.0,3.0,81.0,52.0,0.2916666666666667,0.5416666666666666,,,,,0.3333333333333333,0.0,1.6,1.4,1.4,0.0,1.4,0.2,4.8,2.6,1.6,0.0,0.0,0.0,0.0,0.0,0.2,1.0,0.0,0.0,0.0,0.0,0.0,0.0,0.2,0.2,0.6,16.2,10.4,0.6
001821,Tre Leclaire,WAT,Waterdogs,7,M,Midfield,2022-08-21,2026-07-18,19.0,17.0,11.0,3.0,14.0,2.0,35.0,23,8.0,0.0,0.0,0.0,0.0,0.0,14.0,3.0,1.0,0,0,0,0.0,0.0,0.0,0.0,9.0,147.0,109.0,0.4,0.6571428571428571,,,,,0.2222222222222222,0.375,2.7142857142857144,2.4285714285714284,1.5714285714285714,0.42857142857142855,2.0,0.2857142857142857,5.0,3.2857142857142856,1.1428571428571428,0.0,0.0,0.0,0.0,0.0,2.0,0.42857142857142855,0.14285714285714285,0.0,0.0,0.0,0.0,0.0,0.0,0.0,1.2857142857142858,21.0,15.571428571428571,1.2857142857142858
001821,Tre Leclaire,WHP,Whipsnakes,6,M,Midfield,2022-08-06,2026-07-25,10.0,8.0,6.0,1.0,7.0,2.0,20.0,15,3.0,0.0,0.0,0.0,0.0,0.0,5.0,7.0,1.0,0,0,0,0.0,0.0,0.0,0.0,11.0,114.0,87.0,0.35,0.75,,,,,0.18181818181818182,0.3333333333333333,1.6666666666666667,1.3333333333333333,1.0,0.16666666666666666,1.1666666666666667,0.3333333333333333,3.3333333333333335,2.5,0.5,0.0,0.0,0.0,0.0,0.0,0.8333333333333334,1.1666666666666667,0.16666666666666666,0.0,0.0,0.0,0.0,0.0,0.0,0.0,1.8333333333333333,19.0,14.5,1.8333333333333333
001823,Tanner Cook,ARC,Archers,1,M,Midfield,2022-06-11,2022-06-11,1.0,0.0,0.0,0.0,0.0,1.0,3.0,3,0.0,0.0,0.0,0.0,0.0,0.0,1.0,1.0,0.0,0,0,0,0.0,0.0,0.0,0.0,5.0,27.0,23.0,0.0,1.0,,,,,0.2,,1.0,0.0,0.0,0.0,0.0,1.0,3.0,3.0,0.0,0.0,0.0,0.0,0.0,0.0,1.0,1.0,0.0,0.0,0.0,0.0,0.0,0.0,0.0,0.0,5.0,27.0,23.0,5.0
001823,Tanner Cook,OUT,Outlaws,1,M,Midfield,2022-08-06,2022-08-06,0.0,0.0,0.0,0.0,0.0,0.0,1.0,1,0.0,0.0,0.0,0.0,0.0,0.0,0.0,1.0,0.0,0,0,0,0.0,0.0,0.0,0.0,2.0,12.0,10.0,0.0,1.0,,,,,0.0,,0.0,0.0,0.0,0.0,0.0,0.0,1.0,1.0,0.0,0.0,0.0,0.0,0.0,0.0,0.0,1.0,0.0,0.0,0.0,0.0,0.0,0.0,0.0,0.0,2.0,12.0,10.0,2.0
001823,Tanner Cook,RED,Redwoods,1,M,Midfield,2022-06-18,2022-06-18,1.0,1.0,1.0,0.0,1.0,0.0,1.0,1,0.0,0.0,0.0,0.0,0.0,0.0,0.0,1.0,0.0,0,0,0,0.0,0.0,1.0,2.0,0.0,13.0,11.0,1.0,1.0,,,,,,,1.0,1.0,1.0,0.0,1.0,0.0,1.0,1.0,0.0,0.0,0.0,0.0,0.0,0.0,0.0,1.0,0.0,0.0,0.0,0.0,0.0,0.0,1.0,2.0,0.0,13.0,11.0,0.0
001823,Tanner Cook,WAT,Waterdogs,1,M,Midfield,2022-06-25,2022-06-25,0.0,0.0,0.0,0.0,0.0,0.0,1.0,0,0.0,0.0,0.0,0.0,0.0,0.0,2.0,1.0,0.0,0,0,0,0.0,0.0,0.0,0.0,0.0,8.0,6.0,0.0,0.0,,,,,,,0.0,0.0,0.0,0.0,0.0,0.0,1.0,0.0,0.0,0.0,0.0,0.0,0.0,0.0,2.0,1.0,0.0,0.0,0.0,0.0,0.0,0.0,0.0,0.0,0.0,8.0,6.0,0.0
001823,Tanner Cook,WHP,Whipsnakes,1,M,Midfield,2022-06-04,2022-06-04,1.0,1.0,1.0,0.0,1.0,0.0,1.0,1,0.0,0.0,0.0,0.0,0.0,0.0,0.0,1.0,0.0,0,0,0,0.0,0.0,0.0,0.0,0.0,12.0,10.0,1.0,1.0,,,,,,,1.0,1.0,1.0,0.0,1.0,0.0,1.0,1.0,0.0,0.0,0.0,0.0,0.0,0.0,0.0,1.0,0.0,0.0,0.0,0.0,0.0,0.0,0.0,0.0,0.0,12.0,10.0,0.0
001824,Ryan Tierney,ARC,Archers,3,M,Midfield,2022-06-18,2024-07-20,2.0,2.0,2.0,0.0,2.0,0.0,7.0,4,1.0,0.0,0.0,0.0,0.0,0.0,3.0,4.0,0.0,0,0,0,0.0,0.0,1.0,1.0,2.0,55.0,44.0,0.2857142857142857,0.5714285714285714,,,,,0.0,0.0,0.6666666666666666,0.6666666666666666,0.6666666666666666,0.0,0.6666666666666666,0.0,2.3333333333333335,1.3333333333333333,0.3333333333333333,0.0,0.0,0.0,0.0,0.0,1.0,1.3333333333333333,0.0,0.0,0.0,0.0,0.0,0.0,0.3333333333333333,0.3333333333333333,0.6666666666666666,18.333333333333332,14.666666666666666,0.6666666666666666
001824,Ryan Tierney,ATL,Atlas,1,M,Midfield,2022-06-11,2022-06-11,0.0,0.0,0.0,0.0,0.0,0.0,1.0,0,0.0,0.0,0.0,0.0,0.0,0.0,0.0,1.0,0.0,0,0,0,0.0,0.0,0.0,0.0,1.0,9.0,7.0,0.0,0.0,,,,,0.0,,0.0,0.0,0.0,0.0,0.0,0.0,1.0,0.0,0.0,0.0,0.0,0.0,0.0,0.0,0.0,1.0,0.0,0.0,0.0,0.0,0.0,0.0,0.0,0.0,1.0,9.0,7.0,1.0
001824,Ryan Tierney,CHA,Chaos,1,M,Midfield,2024-07-27,2024-07-27,1.0,0.0,0.0,0.0,0.0,1.0,0.0,0,0.0,0.0,0.0,0.0,0.0,0.0,1.0,0.0,0.0,0,0,0,0.0,0.0,0.0,0.0,2.0,12.0,12.0,,,,,,,0.5,,1.0,0.0,0.0,0.0,0.0,1.0,0.0,0.0,0.0,0.0,0.0,0.0,0.0,0.0,1.0,0.0,0.0,0.0,0.0,0.0,0.0,0.0,0.0,0.0,2.0,12.0,12.0,2.0
001824,Ryan Tierney,OUT,Outlaws,3,M,Midfield,2022-06-25,2024-08-03,3.0,3.0,3.0,0.0,3.0,0.0,7.0,4,0.0,0.0,0.0,0.0,0.0,0.0,3.0,5.0,0.0,0,0,0,0.0,0.0,0.0,0.0,2.0,40.0,28.0,0.42857142857142855,0.5714285714285714,,,,,0.0,,1.0,1.0,1.0,0.0,1.0,0.0,2.3333333333333335,1.3333333333333333,0.0,0.0,0.0,0.0,0.0,0.0,1.0,1.6666666666666667,0.0,0.0,0.0,0.0,0.0,0.0,0.0,0.0,0.6666666666666666,13.333333333333334,9.333333333333334,0.6666666666666666
001824,Ryan Tierney,WAT,Waterdogs,1,M,Midfield,2022-06-05,2022-06-05,0.0,0.0,0.0,0.0,0.0,0.0,1.0,1,0.0,0.0,0.0,0.0,0.0,0.0,0.0,1.0,0.0,0,0,0,0.0,0.0,0.0,0.0,1.0,11.0,9.0,0.0,1.0,,,,,0.0,,0.0,0.0,0.0,0.0,0.0,0.0,1.0,1.0,0.0,0.0,0.0,0.0,0.0,0.0,0.0,1.0,0.0,0.0,0.0,0.0,0.0,0.0,0.0,0.0,1.0,11.0,9.0,1.0
001824,Ryan Tierney,WHP,Whipsnakes,2,M,Midfield,2022-08-21,2024-07-28,0.0,0.0,0.0,0.0,0.0,0.0,3.0,2,0.0,0.0,0.0,0.0,0.0,0.0,0.0,2.0,1.0,0,0,0,0.0,0.0,0.0,0.0,0.0,19.0,14.0,0.0,0.6666666666666666,,,,,,,0.0,0.0,0.0,0.0,0.0,0.0,1.5,1.0,0.0,0.0,0.0,0.0,0.0,0.0,0.0,1.0,0.5,0.0,0.0,0.0,0.0,0.0,0.0,0.0,0.0,9.5,7.0,0.0
001825,Peter Dearth,ARC,Archers,2,SSDM,Defensive Midfield,2022-06-26,2022-07-30,2.0,1.0,1.0,0.0,1.0,1.0,1.0,1,0.0,0.0,0.0,0.0,0.0,0.0,2.0,3.0,0.0,0,0,0,0.0,0.0,0.0,0.0,1.0,11.0,7.0,1.0,1.0,,,,,1.0,,1.0,0.5,0.5,0.0,0.5,0.5,0.5,0.5,0.0,0.0,0.0,0.0,0.0,0.0,1.0,1.5,0.0,0.0,0.0,0.0,0.0,0.0,0.0,0.0,0.5,5.5,3.5,0.5
001825,Peter Dearth,CAN,Cannons,1,SSDM,Defensive Midfield,2023-07-09,2023-07-09,0.0,0.0,0.0,0.0,0.0,0.0,0.0,0,0.0,0.0,0.0,0.0,0.0,0.0,2.0,1.0,0.0,0,0,0,0.0,0.0,1.0,0.5,1.0,4.0,3.0,,,,,,,0.0,,0.0,0.0,0.0,0.0,0.0,0.0,0.0,0.0,0.0,0.0,0.0,0.0,0.0,0.0,2.0,1.0,0.0,0.0,0.0,0.0,0.0,0.0,1.0,0.5,1.0,4.0,3.0,1.0
001825,Peter Dearth,CHA,Chaos,2,SSDM,Defensive Midfield,2022-08-21,2023-07-16,0.0,0.0,0.0,0.0,0.0,0.0,1.0,0,0.0,0.0,0.0,0.0,0.0,0.0,1.0,0.0,0.0,0,0,0,0.0,0.0,0.0,0.0,0.0,6.0,5.0,0.0,0.0,,,,,,,0.0,0.0,0.0,0.0,0.0,0.0,0.5,0.0,0.0,0.0,0.0,0.0,0.0,0.0,0.5,0.0,0.0,0.0,0.0,0.0,0.0,0.0,0.0,0.0,0.0,3.0,2.5,0.0
001825,Peter Dearth,OUT,Outlaws,1,SSDM,Defensive Midfield,2022-07-02,2022-07-02,0.0,0.0,0.0,0.0,0.0,0.0,1.0,1,0.0,0.0,0.0,0.0,0.0,0.0,0.0,1.0,1.0,0,0,0,0.0,0.0,0.0,0.0,0.0,3.0,1.0,0.0,1.0,,,,,,,0.0,0.0,0.0,0.0,0.0,0.0,1.0,1.0,0.0,0.0,0.0,0.0,0.0,0.0,0.0,1.0,1.0,0.0,0.0,0.0,0.0,0.0,0.0,0.0,0.0,3.0,1.0,0.0
001825,Peter Dearth,RED,Redwoods,4,SSDM,Defensive Midfield,2022-06-04,2023-08-26,1.0,0.0,0.0,0.0,0.0,1.0,0.0,0,0.0,0.0,0.0,0.0,0.0,0.0,9.0,3.0,1.0,0,0,0,0.0,0.0,2.0,1.0,1.0,27.0,24.0,,,,,,,1.0,,0.25,0.0,0.0,0.0,0.0,0.25,0.0,0.0,0.0,0.0,0.0,0.0,0.0,0.0,2.25,0.75,0.25,0.0,0.0,0.0,0.0,0.0,0.5,0.25,0.25,6.75,6.0,0.25
001825,Peter Dearth,WAT,Waterdogs,2,SSDM,Defensive Midfield,2022-08-06,2023-06-16,0.0,0.0,0.0,0.0,0.0,0.0,3.0,3,0.0,0.0,0.0,0.0,0.0,0.0,5.0,0.0,1.0,0,0,0,0.0,0.0,1.0,0.5,0.0,11.0,8.0,0.0,1.0,,,,,,,0.0,0.0,0.0,0.0,0.0,0.0,1.5,1.5,0.0,0.0,0.0,0.0,0.0,0.0,2.5,0.0,0.5,0.0,0.0,0.0,0.0,0.0,0.5,0.25,0.0,5.5,4.0,0.0
001825,Peter Dearth,WHP,Whipsnakes,3,SSDM,Defensive Midfield,2022-06-18,2023-06-10,0.0,0.0,0.0,0.0,0.0,0.0,2.0,2,0.0,0.0,0.0,0.0,0.0,0.0,1.0,0.0,1.0,0,0,0,0.0,0.0,0.0,0.0,3.0,14.0,12.0,0.0,1.0,,,,,0.0,,0.0,0.0,0.0,0.0,0.0,0.0,0.6666666666666666,0.6666666666666666,0.0,0.0,0.0,0.0,0.0,0.0,0.3333333333333333,0.0,0.3333333333333333,0.0,0.0,0.0,0.0,0.0,0.0,0.0,1.0,4.666666666666667,4.0,1.0
001826,Jeff Trainor,ARC,Archers,4,SSDM,Defensive Midfield,2023-06-03,2026-08-01,0.0,0.0,0.0,0.0,0.0,0.0,4.0,3,0.0,0.0,0.0,0.0,0.0,0.0,10.0,2.0,3.0,0,0,0,0.0,0.0,2.0,1.0,1.0,31.0,25.0,0.0,0.75,,,,,0.0,,0.0,0.0,0.0,0.0,0.0,0.0,1.0,0.75,0.0,0.0,0.0,0.0,0.0,0.0,2.5,0.5,0.75,0.0,0.0,0.0,0.0,0.0,0.5,0.25,0.25,7.75,6.25,0.25
001826,Jeff Trainor,ATL,Atlas,8,SSDM,Defensive Midfield,2022-06-26,2026-07-19,9.0,8.0,6.0,1.0,7.0,1.0,11.0,7,3.0,0.0,0.0,0.0,0.0,0.0,7.0,0.0,3.0,0,0,0,0.0,0.0,2.0,3.0,5.0,61.0,50.0,0.6363636363636364,0.6363636363636364,,,,,0.2,0.3333333333333333,1.125,1.0,0.75,0.125,0.875,0.125,1.375,0.875,0.375,0.0,0.0,0.0,0.0,0.0,0.875,0.0,0.375,0.0,0.0,0.0,0.0,0.0,0.25,0.375,0.625,7.625,6.25,0.625
001826,Jeff Trainor,CHA,Chaos,6,SSDM,Defensive Midfield,2022-06-11,2026-07-25,8.0,6.0,2.0,2.0,4.0,2.0,11.0,8,4.0,0.0,0.0,0.0,0.0,0.0,10.0,1.0,4.0,0,0,0,0.0,0.0,3.0,1.5,6.0,60.0,48.0,0.36363636363636365,0.7272727272727273,,,,,0.3333333333333333,0.5,1.3333333333333333,1.0,0.3333333333333333,0.3333333333333333,0.6666666666666666,0.3333333333333333,1.8333333333333333,1.3333333333333333,0.6666666666666666,0.0,0.0,0.0,0.0,0.0,1.6666666666666667,0.16666666666666666,0.6666666666666666,0.0,0.0,0.0,0.0,0.0,0.5,0.25,1.0,10.0,8.0,1.0
001826,Jeff Trainor,OUT,Outlaws,6,SSDM,Defensive Midfield,2022-06-05,2026-07-11,4.0,3.0,3.0,0.0,3.0,1.0,9.0,5,2.0,0.0,0.0,0.0,0.0,0.0,7.0,2.0,1.0,0,0,0,0.0,0.0,0.0,0.0,4.0,50.0,39.0,0.3333333333333333,0.5555555555555556,,,,,0.25,0.0,0.6666666666666666,0.5,0.5,0.0,0.5,0.16666666666666666,1.5,0.8333333333333334,0.3333333333333333,0.0,0.0,0.0,0.0,0.0,1.1666666666666667,0.3333333333333333,0.16666666666666666,0.0,0.0,0.0,0.0,0.0,0.0,0.0,0.6666666666666666,8.333333333333334,6.5,0.6666666666666666
001826,Jeff Trainor,RED,Redwoods,6,SSDM,Defensive Midfield,2022-07-01,2026-08-09,5.0,3.0,3.0,0.0,3.0,2.0,7.0,3,0.0,0.0,0.0,0.0,0.0,0.0,6.0,3.0,2.0,0,0,0,0.0,0.0,3.0,3.0,4.0,48.0,38.0,0.42857142857142855,0.42857142857142855,,,,,0.5,,0.8333333333333334,0.5,0.5,0.0,0.5,0.3333333333333333,1.1666666666666667,0.5,0.0,0.0,0.0,0.0,0.0,0.0,1.0,0.5,0.3333333333333333,0.0,0.0,0.0,0.0,0.0,0.5,0.5,0.6666666666666666,8.0,6.333333333333333,0.6666666666666666
001826,Jeff Trainor,WAT,Waterdogs,7,SSDM,Defensive Midfield,2023-08-06,2026-06-07,2.0,1.0,1.0,0.0,1.0,1.0,4.0,1,1.0,0.0,0.0,0.0,0.0,0.0,7.0,3.0,3.0,0,0,0,0.0,0.0,2.0,1.0,4.0,52.0,45.0,0.25,0.25,,,,,0.25,0.0,0.2857142857142857,0.14285714285714285,0.14285714285714285,0.0,0.14285714285714285,0.14285714285714285,0.5714285714285714,0.14285714285714285,0.14285714285714285,0.0,0.0,0.0,0.0,0.0,1.0,0.42857142857142855,0.42857142857142855,0.0,0.0,0.0,0.0,0.0,0.2857142857142857,0.14285714285714285,0.5714285714285714,7.428571428571429,6.428571428571429,0.5714285714285714
001826,Jeff Trainor,WHP,Whipsnakes,8,SSDM,Defensive Midfield,2022-08-06,2026-08-07,3.0,2.0,2.0,0.0,2.0,1.0,8.0,5,3.0,0.0,0.0,0.0,0.0,0.0,8.0,3.0,6.0,0,0,0,0.0,0.0,3.0,1.5,8.0,65.0,54.0,0.25,0.625,,,,,0.125,0.0,0.375,0.25,0.25,0.0,0.25,0.125,1.0,0.625,0.375,0.0,0.0,0.0,0.0,0.0,1.0,0.375,0.75,0.0,0.0,0.0,0.0,0.0,0.375,0.1875,1.0,8.125,6.75,1.0
001827,Jared Bernhardt,ARC,Archers,4,A,Attack,2025-06-22,2026-07-25,9.0,7.0,7.0,0.0,7.0,2.0,22.0,14,1.0,0.0,0.0,0.0,0.0,0.0,3.0,12.0,0.0,0,0,0,0.0,0.0,1.0,0.5,8.0,116.0,82.0,0.3181818181818182,0.6363636363636364,,,,,0.25,0.0,2.25,1.75,1.75,0.0,1.75,0.5,5.5,3.5,0.25,0.0,0.0,0.0,0.0,0.0,0.75,3.0,0.0,0.0,0.0,0.0,0.0,0.0,0.25,0.125,2.0,29.0,20.5,2.0
001827,Jared Bernhardt,ATL,Atlas,2,A,Attack,2025-08-02,2026-05-30,9.0,6.0,6.0,0.0,6.0,3.0,22.0,13,1.0,0.0,0.0,0.0,0.0,0.0,2.0,2.0,0.0,0,0,0,0.0,0.0,0.0,0.0,4.0,68.0,44.0,0.2727272727272727,0.5909090909090909,,,,,0.75,0.0,4.5,3.0,3.0,0.0,3.0,1.5,11.0,6.5,0.5,0.0,0.0,0.0,0.0,0.0,1.0,1.0,0.0,0.0,0.0,0.0,0.0,0.0,0.0,0.0,2.0,34.0,22.0,2.0
001827,Jared Bernhardt,CAN,Cannons,2,A,Attack,2025-07-19,2026-07-11,5.0,4.0,4.0,0.0,4.0,1.0,12.0,9,0.0,0.0,0.0,0.0,0.0,0.0,1.0,6.0,0.0,0,0,0,0.0,0.0,0.0,0.0,4.0,55.0,37.0,0.3333333333333333,0.75,,,,,0.25,,2.5,2.0,2.0,0.0,2.0,0.5,6.0,4.5,0.0,0.0,0.0,0.0,0.0,0.0,0.5,3.0,0.0,0.0,0.0,0.0,0.0,0.0,0.0,0.0,2.0,27.5,18.5,2.0
001827,Jared Bernhardt,CHA,Chaos,3,M,Midfield,2025-06-06,2026-07-18,4.0,4.0,4.0,0.0,4.0,0.0,15.0,8,0.0,0.0,0.0,0.0,0.0,0.0,4.0,2.0,0.0,0,0,0,0.0,0.0,1.0,0.5,4.0,76.0,59.0,0.26666666666666666,0.5333333333333333,,,,,0.0,,1.3333333333333333,1.3333333333333333,1.3333333333333333,0.0,1.3333333333333333,0.0,5.0,2.6666666666666665,0.0,0.0,0.0,0.0,0.0,0.0,1.3333333333333333,0.6666666666666666,0.0,0.0,0.0,0.0,0.0,0.0,0.3333333333333333,0.16666666666666666,1.3333333333333333,25.333333333333332,19.666666666666668,1.3333333333333333
001827,Jared Bernhardt,RED,Redwoods,2,A,Attack,2025-06-28,2026-05-16,6.0,4.0,4.0,0.0,4.0,2.0,16.0,9,0.0,0.0,0.0,0.0,0.0,0.0,3.0,5.0,1.0,0,0,0,0.0,0.0,1.0,0.5,5.0,54.0,33.0,0.25,0.5625,,,,,0.4,,3.0,2.0,2.0,0.0,2.0,1.0,8.0,4.5,0.0,0.0,0.0,0.0,0.0,0.0,1.5,2.5,0.5,0.0,0.0,0.0,0.0,0.0,0.5,0.25,2.5,27.0,16.5,2.5
001827,Jared Bernhardt,WAT,Waterdogs,2,A,Attack,2025-06-14,2026-07-26,2.0,2.0,2.0,0.0,2.0,0.0,8.0,5,0.0,0.0,0.0,0.0,0.0,0.0,0.0,3.0,1.0,0,0,0,0.0,0.0,0.0,0.0,1.0,41.0,30.0,0.25,0.625,,,,,0.0,,1.0,1.0,1.0,0.0,1.0,0.0,4.0,2.5,0.0,0.0,0.0,0.0,0.0,0.0,0.0,1.5,0.5,0.0,0.0,0.0,0.0,0.0,0.0,0.0,0.5,20.5,15.0,0.5
001827,Jared Bernhardt,WHP,Whipsnakes,2,A,Attack,2025-07-13,2026-06-27,6.0,5.0,5.0,0.0,5.0,1.0,7.0,6,0.0,0.0,0.0,0.0,0.0,0.0,1.0,3.0,1.0,0,0,0,0.0,0.0,0.0,0.0,3.0,46.0,36.0,0.7142857142857143,0.8571428571428571,,,,,0.3333333333333333,,3.0,2.5,2.5,0.0,2.5,0.5,3.5,3.0,0.0,0.0,0.0,0.0,0.0,0.0,0.5,1.5,0.5,0.0,0.0,0.0,0.0,0.0,0.0,0.0,1.5,23.0,18.0,1.5
001828,Justin Anderson,ARC,Archers,9,M,Midfield,2022-06-05,2026-07-25,9.0,8.0,8.0,0.0,8.0,1.0,28.0,17,2.0,0.0,0.0,0.0,0.0,0.0,16.0,9.0,4.0,0,0,0,0.0,0.0,0.0,0.0,7.0,135.0,98.0,0.2857142857142857,0.6071428571428571,,,,,0.14285714285714285,0.0,1.0,0.8888888888888888,0.8888888888888888,0.0,0.8888888888888888,0.1111111111111111,3.111111111111111,1.8888888888888888,0.2222222222222222,0.0,0.0,0.0,0.0,0.0,1.7777777777777777,1.0,0.4444444444444444,0.0,0.0,0.0,0.0,0.0,0.0,0.0,0.7777777777777778,15.0,10.88888888888889,0.7777777777777778
001828,Justin Anderson,ATL,Atlas,6,M,Midfield,2022-07-02,2026-08-08,7.0,6.0,6.0,0.0,6.0,1.0,23.0,14,1.0,0.0,0.0,0.0,0.0,0.0,7.0,11.0,2.0,0,0,0,0.0,0.0,1.0,0.5,8.0,119.0,85.0,0.2608695652173913,0.6086956521739131,,,,,0.125,0.0,1.1666666666666667,1.0,1.0,0.0,1.0,0.16666666666666666,3.8333333333333335,2.3333333333333335,0.16666666666666666,0.0,0.0,0.0,0.0,0.0,1.1666666666666667,1.8333333333333333,0.3333333333333333,0.0,0.0,0.0,0.0,0.0,0.16666666666666666,0.08333333333333333,1.3333333333333333,19.833333333333332,14.166666666666666,1.3333333333333333
001828,Justin Anderson,CAN,Cannons,7,M,Midfield,2022-06-25,2026-07-11,11.0,8.0,8.0,0.0,8.0,3.0,20.0,13,1.0,0.0,0.0,0.0,0.0,0.0,4.0,4.0,3.0,0,0,0,0.0,0.0,0.0,0.0,10.0,118.0,94.0,0.4,0.65,,,,,0.3,0.0,1.5714285714285714,1.1428571428571428,1.1428571428571428,0.0,1.1428571428571428,0.42857142857142855,2.857142857142857,1.8571428571428572,0.14285714285714285,0.0,0.0,0.0,0.0,0.0,0.5714285714285714,0.5714285714285714,0.42857142857142855,0.0,0.0,0.0,0.0,0.0,0.0,0.0,1.4285714285714286,16.857142857142858,13.428571428571429,1.4285714285714286
001828,Justin Anderson,CHA,Chaos,8,M,Midfield,2022-08-06,2026-07-18,10.0,7.0,7.0,0.0,7.0,3.0,23.0,16,1.0,0.0,0.0,0.0,0.0,0.0,12.0,8.0,1.0,0,0,0,0.0,0.0,2.0,1.0,7.0,150.0,119.0,0.30434782608695654,0.6956521739130435,,,,,0.42857142857142855,0.0,1.25,0.875,0.875,0.0,0.875,0.375,2.875,2.0,0.125,0.0,0.0,0.0,0.0,0.0,1.5,1.0,0.125,0.0,0.0,0.0,0.0,0.0,0.25,0.125,0.875,18.75,14.875,0.875
001828,Justin Anderson,RED,Redwoods,8,M,Midfield,2022-06-10,2026-05-16,17.0,13.0,11.0,1.0,12.0,4.0,24.0,14,4.0,0.0,0.0,0.0,0.0,0.0,4.0,6.0,3.0,0,0,0,0.0,0.0,1.0,0.5,16.0,128.0,98.0,0.5,0.5833333333333334,,,,,0.25,0.25,2.125,1.625,1.375,0.125,1.5,0.5,3.0,1.75,0.5,0.0,0.0,0.0,0.0,0.0,0.5,0.75,0.375,0.0,0.0,0.0,0.0,0.0,0.125,0.0625,2.0,16.0,12.25,2.0
001828,Justin Anderson,WAT,Waterdogs,6,M,Midfield,2022-06-17,2026-07-26,7.0,6.0,6.0,0.0,6.0,1.0,25.0,18,1.0,0.0,0.0,0.0,0.0,0.0,10.0,2.0,0.0,0,0,0,0.0,0.0,0.0,0.0,9.0,117.0,90.0,0.24,0.72,,,,,0.1111111111111111,0.0,1.1666666666666667,1.0,1.0,0.0,1.0,0.16666666666666666,4.166666666666667,3.0,0.16666666666666666,0.0,0.0,0.0,0.0,0.0,1.6666666666666667,0.3333333333333333,0.0,0.0,0.0,0.0,0.0,0.0,0.0,0.0,1.5,19.5,15.0,1.5
001828,Justin Anderson,WHP,Whipsnakes,7,M,Midfield,2022-07-30,2026-08-01,9.0,8.0,6.0,1.0,7.0,1.0,24.0,19,3.0,0.0,0.0,0.0,0.0,0.0,5.0,6.0,1.0,0,0,0,0.0,0.0,1.0,0.5,10.0,123.0,93.0,0.2916666666666667,0.7916666666666666,,,,,0.1,0.3333333333333333,1.2857142857142858,1.1428571428571428,0.8571428571428571,0.14285714285714285,1.0,0.14285714285714285,3.4285714285714284,2.7142857142857144,0.42857142857142855,0.0,0.0,0.0,0.0,0.0,0.7142857142857143,0.8571428571428571,0.14285714285714285,0.0,0.0,0.0,0.0,0.0,0.14285714285714285,0.07142857142857142,1.4285714285714286,17.571428571428573,13.285714285714286,1.4285714285714286
001831,Colin Squires,ARC,Archers,5,LSM,Long Stick Midfield,2022-08-06,2025-05-31,0.0,0.0,0.0,0.0,0.0,0.0,1.0,0,1.0,0.0,0.0,0.0,0.0,0.0,13.0,0.0,2.0,0,13,13,0.0,0.0,0.0,0.0,0.0,12.0,11.0,0.0,0.0,0.0,,,,,0.0,0.0,0.0,0.0,0.0,0.0,0.0,0.2,0.0,0.2,0.0,0.0,0.0,0.0,0.0,2.6,0.0,0.4,0.0,2.6,2.6,0.0,0.0,0.0,0.0,0.0,2.4,2.2,0.0
001831,Colin Squires,ATL,Atlas,7,LSM,Long Stick Midfield,2022-06-18,2025-07-26,0.0,0.0,0.0,0.0,0.0,0.0,3.0,0,2.0,0.0,0.0,0.0,0.0,0.0,13.0,0.0,1.0,1,6,7,0.0,0.0,0.0,0.0,0.0,23.0,20.0,0.0,0.0,0.14285714285714285,,,,,0.0,0.0,0.0,0.0,0.0,0.0,0.0,0.42857142857142855,0.0,0.2857142857142857,0.0,0.0,0.0,0.0,0.0,1.8571428571428572,0.0,0.14285714285714285,0.14285714285714285,0.8571428571428571,1.0,0.0,0.0,0.0,0.0,0.0,3.2857142857142856,2.857142857142857,0.0
001831,Colin Squires,CAN,Cannons,6,LSM,Long Stick Midfield,2022-08-21,2025-08-09,0.0,0.0,0.0,0.0,0.0,0.0,0.0,0,0.0,0.0,0.0,0.0,0.0,0.0,10.0,2.0,3.0,0,0,0,0.0,0.0,0.0,0.0,0.0,24.0,22.0,,,,,,,,,0.0,0.0,0.0,0.0,0.0,0.0,0.0,0.0,0.0,0.0,0.0,0.0,0.0,0.0,1.6666666666666667,0.3333333333333333,0.5,0.0,0.0,0.0,0.0,0.0,0.0,0.0,0.0,4.0,3.6666666666666665,0.0
001831,Colin Squires,CHA,Chaos,6,LSM,Long Stick Midfield,2022-06-04,2025-06-22,1.0,0.0,0.0,0.0,0.0,1.0,1.0,0,1.0,0.0,0.0,0.0,0.0,0.0,19.0,2.0,4.0,1,4,5,0.0,0.0,1.0,0.5,1.0,33.0,30.0,0.0,0.0,0.2,,,,1.0,0.0,0.16666666666666666,0.0,0.0,0.0,0.0,0.16666666666666666,0.16666666666666666,0.0,0.16666666666666666,0.0,0.0,0.0,0.0,0.0,3.1666666666666665,0.3333333333333333,0.6666666666666666,0.16666666666666666,0.6666666666666666,0.8333333333333334,0.0,0.0,0.16666666666666666,0.08333333333333333,0.16666666666666666,5.5,5.0,0.16666666666666666
001831,Colin Squires,OUT,Outlaws,5,LSM,Long Stick Midfield,2022-07-30,2025-07-13,2.0,0.0,0.0,0.0,0.0,2.0,1.0,0,0.0,0.0,0.0,0.0,0.0,0.0,15.0,3.0,3.0,1,3,4,0.0,0.0,1.0,1.0,2.0,32.0,28.0,0.0,0.0,0.25,,,,1.0,,0.4,0.0,0.0,0.0,0.0,0.4,0.2,0.0,0.0,0.0,0.0,0.0,0.0,0.0,3.0,0.6,0.6,0.2,0.6,0.8,0.0,0.0,0.2,0.2,0.4,6.4,5.6,0.4
001831,Colin Squires,RED,Redwoods,4,LSM,Long Stick Midfield,2022-06-24,2025-08-03,2.0,2.0,0.0,1.0,1.0,0.0,2.0,1,2.0,0.0,0.0,0.0,0.0,0.0,9.0,0.0,3.0,0,5,5,0.0,0.0,0.0,0.0,0.0,12.0,10.0,0.5,0.5,0.0,,,,,0.5,0.5,0.5,0.0,0.25,0.25,0.0,0.5,0.25,0.5,0.0,0.0,0.0,0.0,0.0,2.25,0.0,0.75,0.0,1.25,1.25,0.0,0.0,0.0,0.0,0.0,3.0,2.5,0.0
001831,Colin Squires,WAT,Waterdogs,7,LSM,Long Stick Midfield,2022-06-12,2025-07-20,1.0,1.0,1.0,0.0,1.0,0.0,2.0,1,1.0,0.0,0.0,0.0,0.0,0.0,25.0,1.0,4.0,0,0,0,0.0,0.0,0.0,0.0,1.0,37.0,34.0,0.5,0.5,,,,,0.0,0.0,0.14285714285714285,0.14285714285714285,0.14285714285714285,0.0,0.14285714285714285,0.0,0.2857142857142857,0.14285714285714285,0.14285714285714285,0.0,0.0,0.0,0.0,0.0,3.5714285714285716,0.14285714285714285,0.5714285714285714,0.0,0.0,0.0,0.0,0.0,0.0,0.0,0.14285714285714285,5.285714285714286,4.857142857142857,0.14285714285714285
001832,Charlie Bertrand,ARC,Archers,6,M,Midfield,2022-07-01,2025-07-26,13.0,11.0,9.0,1.0,10.0,2.0,27.0,18,1.0,0.0,0.0,0.0,0.0,0.0,2.0,7.0,0.0,0,0,0,0.0,0.0,0.0,0.0,5.0,116.0,82.0,0.37037037037037035,0.6666666666666666,,,,,0.4,1.0,2.1666666666666665,1.8333333333333333,1.5,0.16666666666666666,1.6666666666666667,0.3333333333333333,4.5,3.0,0.16666666666666666,0.0,0.0,0.0,0.0,0.0,0.3333333333333333,1.1666666666666667,0.0,0.0,0.0,0.0,0.0,0.0,0.0,0.0,0.8333333333333334,19.333333333333332,13.666666666666666,0.8333333333333334
001832,Charlie Bertrand,ATL,Atlas,5,M,Midfield,2022-06-04,2024-06-16,7.0,7.0,7.0,0.0,7.0,0.0,24.0,16,0.0,0.0,0.0,0.0,0.0,0.0,1.0,9.0,1.0,0,0,0,0.0,0.0,0.0,0.0,5.0,90.0,57.0,0.2916666666666667,0.6666666666666666,,,,,0.0,,1.4,1.4,1.4,0.0,1.4,0.0,4.8,3.2,0.0,0.0,0.0,0.0,0.0,0.0,0.2,1.8,0.2,0.0,0.0,0.0,0.0,0.0,0.0,0.0,1.0,18.0,11.4,1.0
001832,Charlie Bertrand,CAN,Cannons,5,M,Midfield,2022-08-06,2025-08-08,11.0,8.0,8.0,0.0,8.0,3.0,27.0,16,0.0,0.0,0.0,0.0,0.0,0.0,5.0,7.0,0.0,0,0,0,0.0,0.0,0.0,0.0,8.0,140.0,106.0,0.2962962962962963,0.5925925925925926,,,,,0.375,,2.2,1.6,1.6,0.0,1.6,0.6,5.4,3.2,0.0,0.0,0.0,0.0,0.0,0.0,1.0,1.4,0.0,0.0,0.0,0.0,0.0,0.0,0.0,0.0,1.6,28.0,21.2,1.6
001832,Charlie Bertrand,CHA,Chaos,7,M,Midfield,2022-06-18,2025-06-07,9.0,6.0,6.0,0.0,6.0,3.0,27.0,18,2.0,0.0,0.0,0.0,0.0,0.0,6.0,9.0,2.0,0,0,0,0.0,0.0,1.0,0.5,9.0,144.0,108.0,0.2222222222222222,0.6666666666666666,,,,,0.3333333333333333,0.0,1.2857142857142858,0.8571428571428571,0.8571428571428571,0.0,0.8571428571428571,0.42857142857142855,3.857142857142857,2.5714285714285716,0.2857142857142857,0.0,0.0,0.0,0.0,0.0,0.8571428571428571,1.2857142857142858,0.2857142857142857,0.0,0.0,0.0,0.0,0.0,0.14285714285714285,0.07142857142857142,1.2857142857142858,20.571428571428573,15.428571428571429,1.2857142857142858
001832,Charlie Bertrand,OUT,Outlaws,7,M,Midfield,2022-06-10,2025-06-28,6.0,4.0,4.0,0.0,4.0,2.0,28.0,16,3.0,0.0,0.0,0.0,0.0,0.0,6.0,5.0,0.0,0,0,0,0.0,0.0,1.0,1.0,9.0,122.0,89.0,0.14285714285714285,0.5714285714285714,,,,,0.2222222222222222,0.0,0.8571428571428571,0.5714285714285714,0.5714285714285714,0.0,0.5714285714285714,0.2857142857142857,4.0,2.2857142857142856,0.42857142857142855,0.0,0.0,0.0,0.0,0.0,0.8571428571428571,0.7142857142857143,0.0,0.0,0.0,0.0,0.0,0.0,0.14285714285714285,0.14285714285714285,1.2857142857142858,17.428571428571427,12.714285714285714,1.2857142857142858
001832,Charlie Bertrand,WAT,Waterdogs,2,M,Midfield,2022-08-13,2024-08-10,6.0,6.0,6.0,0.0,6.0,0.0,11.0,9,0.0,0.0,0.0,0.0,0.0,0.0,0.0,1.0,0.0,0,0,0,0.0,0.0,0.0,0.0,3.0,48.0,36.0,0.5454545454545454,0.8181818181818182,,,,,0.0,,3.0,3.0,3.0,0.0,3.0,0.0,5.5,4.5,0.0,0.0,0.0,0.0,0.0,0.0,0.0,0.5,0.0,0.0,0.0,0.0,0.0,0.0,0.0,0.0,1.5,24.0,18.0,1.5
001832,Charlie Bertrand,WHP,Whipsnakes,4,M,Midfield,2022-06-24,2025-08-03,3.0,3.0,3.0,0.0,3.0,0.0,12.0,6,0.0,0.0,0.0,0.0,0.0,0.0,1.0,5.0,0.0,0,0,0,0.0,0.0,0.0,0.0,2.0,60.0,43.0,0.25,0.5,,,,,0.0,,0.75,0.75,0.75,0.0,0.75,0.0,3.0,1.5,0.0,0.0,0.0,0.0,0.0,0.0,0.25,1.25,0.0,0.0,0.0,0.0,0.0,0.0,0.0,0.0,0.5,15.0,10.75,0.5
001833,Stephen Rehfuss,ARC,Archers,2,M,Midfield,2022-06-18,2022-07-24,2.0,0.0,0.0,0.0,0.0,2.0,6.0,4,0.0,0.0,0.0,0.0,0.0,0.0,3.0,3.0,0.0,0,0,0,0.0,0.0,0.0,0.0,11.0,52.0,43.0,0.0,0.6666666666666666,,,,,0.18181818181818182,,1.0,0.0,0.0,0.0,0.0,1.0,3.0,2.0,0.0,0.0,0.0,0.0,0.0,0.0,1.5,1.5,0.0,0.0,0.0,0.0,0.0,0.0,0.0,0.0,5.5,26.0,21.5,5.5
001833,Stephen Rehfuss,ATL,Atlas,1,M,Midfield,2022-06-11,2022-06-11,1.0,1.0,1.0,0.0,1.0,0.0,2.0,1,0.0,0.0,0.0,0.0,0.0,0.0,2.0,2.0,0.0,0,0,0,0.0,0.0,0.0,0.0,4.0,26.0,22.0,0.5,0.5,,,,,0.0,,1.0,1.0,1.0,0.0,1.0,0.0,2.0,1.0,0.0,0.0,0.0,0.0,0.0,0.0,2.0,2.0,0.0,0.0,0.0,0.0,0.0,0.0,0.0,0.0,4.0,26.0,22.0,4.0
001833,Stephen Rehfuss,CHA,Chaos,1,M,Midfield,2022-07-02,2022-07-02,0.0,0.0,0.0,0.0,0.0,0.0,2.0,1,0.0,0.0,0.0,0.0,0.0,0.0,1.0,2.0,0.0,0,0,0,0.0,0.0,0.0,0.0,4.0,27.0,23.0,0.0,0.5,,,,,0.0,,0.0,0.0,0.0,0.0,0.0,0.0,2.0,1.0,0.0,0.0,0.0,0.0,0.0,0.0,1.0,2.0,0.0,0.0,0.0,0.0,0.0,0.0,0.0,0.0,4.0,27.0,23.0,4.0
001833,Stephen Rehfuss,OUT,Outlaws,2,M,Midfield,2022-06-25,2022-08-13,3.0,1.0,1.0,0.0,1.0,2.0,6.0,4,0.0,0.0,0.0,0.0,0.0,0.0,1.0,6.0,0.0,0,0,0,0.0,0.0,0.0,0.0,8.0,64.0,52.0,0.16666666666666666,0.6666666666666666,,,,,0.25,,1.5,0.5,0.5,0.0,0.5,1.0,3.0,2.0,0.0,0.0,0.0,0.0,0.0,0.0,0.5,3.0,0.0,0.0,0.0,0.0,0.0,0.0,0.0,0.0,4.0,32.0,26.0,4.0
001833,Stephen Rehfuss,RED,Redwoods,1,M,Midfield,2022-08-06,2022-08-06,3.0,1.0,1.0,0.0,1.0,2.0,3.0,2,0.0,0.0,0.0,0.0,0.0,0.0,1.0,1.0,0.0,0,0,0,0.0,0.0,0.0,0.0,6.0,32.0,28.0,0.3333333333333333,0.6666666666666666,,,,,0.3333333333333333,,3.0,1.0,1.0,0.0,1.0,2.0,3.0,2.0,0.0,0.0,0.0,0.0,0.0,0.0,1.0,1.0,0.0,0.0,0.0,0.0,0.0,0.0,0.0,0.0,6.0,32.0,28.0,6.0
001833,Stephen Rehfuss,WAT,Waterdogs,2,M,Midfield,2022-06-05,2022-07-31,4.0,2.0,2.0,0.0,2.0,2.0,7.0,4,0.0,0.0,0.0,0.0,0.0,0.0,1.0,2.0,0.0,0,0,0,0.0,0.0,0.0,0.0,7.0,51.0,42.0,0.2857142857142857,0.5714285714285714,,,,,0.2857142857142857,,2.0,1.0,1.0,0.0,1.0,1.0,3.5,2.0,0.0,0.0,0.0,0.0,0.0,0.0,0.5,1.0,0.0,0.0,0.0,0.0,0.0,0.0,0.0,0.0,3.5,25.5,21.0,3.5
001833,Stephen Rehfuss,WHP,Whipsnakes,1,M,Midfield,2022-08-21,2022-08-21,1.0,1.0,1.0,0.0,1.0,0.0,3.0,1,0.0,0.0,0.0,0.0,0.0,0.0,0.0,0.0,0.0,0,0,0,0.0,0.0,0.0,0.0,4.0,25.0,22.0,0.3333333333333333,0.3333333333333333,,,,,0.0,,1.0,1.0,1.0,0.0,1.0,0.0,3.0,1.0,0.0,0.0,0.0,0.0,0.0,0.0,0.0,0.0,0.0,0.0,0.0,0.0,0.0,0.0,0.0,0.0,4.0,25.0,22.0,4.0
001835,Ethan Walker,ARC,Archers,3,A,Attack,2023-07-30,2024-06-01,11.0,5.0,5.0,0.0,5.0,6.0,22.0,17,0.0,0.0,0.0,0.0,0.0,0.0,6.0,3.0,0.0,0,0,0,0.0,0.0,0.0,0.0,16.0,101.0,76.0,0.22727272727272727,0.7727272727272727,,,,,0.375,,3.6666666666666665,1.6666666666666667,1.6666666666666667,0.0,1.6666666666666667,2.0,7.333333333333333,5.666666666666667,0.0,0.0,0.0,0.0,0.0,0.0,2.0,1.0,0.0,0.0,0.0,0.0,0.0,0.0,0.0,0.0,5.333333333333333,33.666666666666664,25.333333333333332,5.333333333333333
001835,Ethan Walker,ATL,Atlas,5,A,Attack,2022-08-06,2024-08-17,13.0,8.0,8.0,0.0,8.0,5.0,23.0,14,0.0,0.0,0.0,0.0,0.0,0.0,9.0,5.0,2.0,0,0,0,0.0,0.0,0.0,0.0,15.0,152.0,124.0,0.34782608695652173,0.6086956521739131,,,,,0.3333333333333333,,2.6,1.6,1.6,0.0,1.6,1.0,4.6,2.8,0.0,0.0,0.0,0.0,0.0,0.0,1.8,1.0,0.4,0.0,0.0,0.0,0.0,0.0,0.0,0.0,3.0,30.4,24.8,3.0
001835,Ethan Walker,CAN,Cannons,5,A,Attack,2022-06-05,2024-07-06,4.0,3.0,3.0,0.0,3.0,1.0,21.0,14,0.0,0.0,0.0,0.0,0.0,0.0,5.0,5.0,1.0,0,0,0,0.0,0.0,1.0,0.5,12.0,161.0,135.0,0.14285714285714285,0.6666666666666666,,,,,0.08333333333333333,,0.8,0.6,0.6,0.0,0.6,0.2,4.2,2.8,0.0,0.0,0.0,0.0,0.0,0.0,1.0,1.0,0.2,0.0,0.0,0.0,0.0,0.0,0.2,0.1,2.4,32.2,27.0,2.4
001835,Ethan Walker,CHA,Chaos,4,A,Attack,2022-06-25,2024-06-30,5.0,1.0,1.0,0.0,1.0,4.0,9.0,5,0.0,0.0,0.0,0.0,0.0,0.0,6.0,0.0,0.0,0,0,0,0.0,0.0,1.0,0.5,22.0,102.0,93.0,0.1111111111111111,0.5555555555555556,,,,,0.18181818181818182,,1.25,0.25,0.25,0.0,0.25,1.0,2.25,1.25,0.0,0.0,0.0,0.0,0.0,0.0,1.5,0.0,0.0,0.0,0.0,0.0,0.0,0.0,0.25,0.125,5.5,25.5,23.25,5.5
001835,Ethan Walker,OUT,Outlaws,4,A,Attack,2022-06-17,2024-07-19,7.0,6.0,6.0,0.0,6.0,1.0,13.0,12,0.0,0.0,0.0,0.0,0.0,0.0,9.0,6.0,0.0,0,0,0,0.0,0.0,0.0,0.0,11.0,112.0,93.0,0.46153846153846156,0.9230769230769231,,,,,0.09090909090909091,,1.75,1.5,1.5,0.0,1.5,0.25,3.25,3.0,0.0,0.0,0.0,0.0,0.0,0.0,2.25,1.5,0.0,0.0,0.0,0.0,0.0,0.0,0.0,0.0,2.75,28.0,23.25,2.75
001835,Ethan Walker,RED,Redwoods,3,A,Attack,2022-08-13,2024-08-10,4.0,3.0,3.0,0.0,3.0,1.0,14.0,6,0.0,0.0,0.0,0.0,0.0,0.0,4.0,3.0,0.0,0,0,0,0.0,0.0,0.0,0.0,10.0,84.0,67.0,0.21428571428571427,0.42857142857142855,,,,,0.1,,1.3333333333333333,1.0,1.0,0.0,1.0,0.3333333333333333,4.666666666666667,2.0,0.0,0.0,0.0,0.0,0.0,0.0,1.3333333333333333,1.0,0.0,0.0,0.0,0.0,0.0,0.0,0.0,0.0,3.3333333333333335,28.0,22.333333333333332,3.3333333333333335
001835,Ethan Walker,WHP,Whipsnakes,5,A,Attack,2022-06-12,2024-08-03,9.0,4.0,4.0,0.0,4.0,5.0,14.0,8,0.0,0.0,0.0,0.0,0.0,0.0,3.0,4.0,0.0,0,0,0,0.0,0.0,0.0,0.0,15.0,120.0,102.0,0.2857142857142857,0.5714285714285714,,,,,0.3333333333333333,,1.8,0.8,0.8,0.0,0.8,1.0,2.8,1.6,0.0,0.0,0.0,0.0,0.0,0.0,0.6,0.8,0.0,0.0,0.0,0.0,0.0,0.0,0.0,0.0,3.0,24.0,20.4,3.0
001836,Jackson Morrill,ARC,Archers,3,A,Attack,2022-06-05,2023-08-12,7.0,7.0,7.0,0.0,7.0,0.0,10.0,8,0.0,0.0,0.0,0.0,0.0,0.0,5.0,1.0,0.0,0,0,0,0.0,0.0,0.0,0.0,11.0,80.0,69.0,0.7,0.8,,,,,0.0,,2.3333333333333335,2.3333333333333335,2.3333333333333335,0.0,2.3333333333333335,0.0,3.3333333333333335,2.6666666666666665,0.0,0.0,0.0,0.0,0.0,0.0,1.6666666666666667,0.3333333333333333,0.0,0.0,0.0,0.0,0.0,0.0,0.0,0.0,3.6666666666666665,26.666666666666668,23.0,3.6666666666666665
001836,Jackson Morrill,ATL,Atlas,3,A,Attack,2022-07-02,2024-06-02,5.0,2.0,2.0,0.0,2.0,3.0,6.0,5,0.0,0.0,0.0,0.0,0.0,0.0,3.0,1.0,0.0,0,0,0,0.0,0.0,0.0,0.0,14.0,61.0,54.0,0.3333333333333333,0.8333333333333334,,,,,0.21428571428571427,,1.6666666666666667,0.6666666666666666,0.6666666666666666,0.0,0.6666666666666666,1.0,2.0,1.6666666666666667,0.0,0.0,0.0,0.0,0.0,0.0,1.0,0.3333333333333333,0.0,0.0,0.0,0.0,0.0,0.0,0.0,0.0,4.666666666666667,20.333333333333332,18.0,4.666666666666667
001836,Jackson Morrill,CAN,Cannons,6,A,Attack,2022-06-25,2024-06-08,9.0,3.0,3.0,0.0,3.0,6.0,16.0,12,0.0,0.0,0.0,0.0,0.0,0.0,4.0,7.0,0.0,0,0,0,0.0,0.0,0.0,0.0,15.0,127.0,104.0,0.1875,0.75,,,,,0.4,,1.5,0.5,0.5,0.0,0.5,1.0,2.6666666666666665,2.0,0.0,0.0,0.0,0.0,0.0,0.0,0.6666666666666666,1.1666666666666667,0.0,0.0,0.0,0.0,0.0,0.0,0.0,0.0,2.5,21.166666666666668,17.333333333333332,2.5
001836,Jackson Morrill,CHA,Chaos,1,M,Midfield,2022-08-06,2022-08-06,0.0,0.0,0.0,0.0,0.0,0.0,1.0,1,0.0,0.0,0.0,0.0,0.0,0.0,0.0,2.0,0.0,0,0,0,0.0,0.0,0.0,0.0,0.0,21.0,18.0,0.0,1.0,,,,,,,0.0,0.0,0.0,0.0,0.0,0.0,1.0,1.0,0.0,0.0,0.0,0.0,0.0,0.0,0.0,2.0,0.0,0.0,0.0,0.0,0.0,0.0,0.0,0.0,0.0,21.0,18.0,0.0
001836,Jackson Morrill,RED,Redwoods,3,M,Midfield,2022-06-10,2023-08-20,5.0,0.0,0.0,0.0,0.0,5.0,0.0,0,0.0,0.0,0.0,0.0,0.0,0.0,1.0,5.0,0.0,0,0,0,0.0,0.0,0.0,0.0,12.0,62.0,57.0,,,,,,,0.4166666666666667,,1.6666666666666667,0.0,0.0,0.0,0.0,1.6666666666666667,0.0,0.0,0.0,0.0,0.0,0.0,0.0,0.0,0.3333333333333333,1.6666666666666667,0.0,0.0,0.0,0.0,0.0,0.0,0.0,0.0,4.0,20.666666666666668,19.0,4.0
001836,Jackson Morrill,WAT,Waterdogs,4,A,Attack,2022-06-17,2024-06-16,9.0,5.0,5.0,0.0,5.0,4.0,12.0,12,0.0,0.0,0.0,0.0,0.0,0.0,1.0,6.0,1.0,0,0,0,0.0,0.0,0.0,0.0,16.0,86.0,68.0,0.4166666666666667,1.0,,,,,0.25,,2.25,1.25,1.25,0.0,1.25,1.0,3.0,3.0,0.0,0.0,0.0,0.0,0.0,0.0,0.25,1.5,0.25,0.0,0.0,0.0,0.0,0.0,0.0,0.0,4.0,21.5,17.0,4.0
001836,Jackson Morrill,WHP,Whipsnakes,3,A,Attack,2022-07-30,2023-08-05,6.0,1.0,1.0,0.0,1.0,5.0,5.0,5,0.0,0.0,0.0,0.0,0.0,0.0,3.0,4.0,1.0,0,0,0,0.0,0.0,1.0,0.5,14.0,102.0,93.0,0.2,1.0,,,,,0.35714285714285715,,2.0,0.3333333333333333,0.3333333333333333,0.0,0.3333333333333333,1.6666666666666667,1.6666666666666667,1.6666666666666667,0.0,0.0,0.0,0.0,0.0,0.0,1.0,1.3333333333333333,0.3333333333333333,0.0,0.0,0.0,0.0,0.0,0.3333333333333333,0.16666666666666666,4.666666666666667,34.0,31.0,4.666666666666667
001838,Ryan Smith,ARC,Archers,3,M,Midfield,2022-06-11,2023-06-17,5.0,5.0,5.0,0.0,5.0,0.0,8.0,7,0.0,0.0,0.0,0.0,0.0,0.0,1.0,0.0,0.0,0,0,0,0.0,0.0,0.0,0.0,3.0,48.0,40.0,0.625,0.875,,,,,0.0,,1.6666666666666667,1.6666666666666667,1.6666666666666667,0.0,1.6666666666666667,0.0,2.6666666666666665,2.3333333333333335,0.0,0.0,0.0,0.0,0.0,0.0,0.3333333333333333,0.0,0.0,0.0,0.0,0.0,0.0,0.0,0.0,0.0,1.0,16.0,13.333333333333334,1.0
001838,Ryan Smith,ATL,Atlas,1,M,Midfield,2023-07-16,2023-07-16,2.0,2.0,2.0,0.0,2.0,0.0,3.0,3,0.0,0.0,0.0,0.0,0.0,0.0,0.0,0.0,0.0,0,0,0,0.0,0.0,0.0,0.0,1.0,4.0,1.0,0.6666666666666666,1.0,,,,,0.0,,2.0,2.0,2.0,0.0,2.0,0.0,3.0,3.0,0.0,0.0,0.0,0.0,0.0,0.0,0.0,0.0,0.0,0.0,0.0,0.0,0.0,0.0,0.0,0.0,1.0,4.0,1.0,1.0
001838,Ryan Smith,CAN,Cannons,2,M,Midfield,2022-07-02,2023-06-10,4.0,2.0,2.0,0.0,2.0,2.0,4.0,3,0.0,0.0,0.0,0.0,0.0,0.0,2.0,2.0,0.0,0,0,0,0.0,0.0,0.0,0.0,8.0,26.0,20.0,0.5,0.75,,,,,0.25,,2.0,1.0,1.0,0.0,1.0,1.0,2.0,1.5,0.0,0.0,0.0,0.0,0.0,0.0,1.0,1.0,0.0,0.0,0.0,0.0,0.0,0.0,0.0,0.0,4.0,13.0,10.0,4.0
001838,Ryan Smith,OUT,Outlaws,2,M,Midfield,2022-08-06,2023-08-27,4.0,3.0,3.0,0.0,3.0,1.0,5.0,4,0.0,0.0,0.0,0.0,0.0,0.0,1.0,1.0,0.0,0,0,0,0.0,0.0,0.0,0.0,4.0,30.0,24.0,0.6,0.8,,,,,0.25,,2.0,1.5,1.5,0.0,1.5,0.5,2.5,2.0,0.0,0.0,0.0,0.0,0.0,0.0,0.5,0.5,0.0,0.0,0.0,0.0,0.0,0.0,0.0,0.0,2.0,15.0,12.0,2.0
001838,Ryan Smith,RED,Redwoods,4,M,Midfield,2022-06-18,2023-08-06,9.0,7.0,7.0,0.0,7.0,2.0,11.0,8,0.0,0.0,0.0,0.0,0.0,0.0,2.0,2.0,0.0,0,0,0,0.0,0.0,0.0,0.0,6.0,61.0,48.0,0.6363636363636364,0.7272727272727273,,,,,0.3333333333333333,,2.25,1.75,1.75,0.0,1.75,0.5,2.75,2.0,0.0,0.0,0.0,0.0,0.0,0.0,0.5,0.5,0.0,0.0,0.0,0.0,0.0,0.0,0.0,0.0,1.5,15.25,12.0,1.5
001838,Ryan Smith,WAT,Waterdogs,2,M,Midfield,2023-06-04,2023-08-20,2.0,1.0,1.0,0.0,1.0,1.0,9.0,6,0.0,0.0,0.0,0.0,0.0,0.0,3.0,0.0,0.0,0,0,0,0.0,0.0,0.0,0.0,1.0,35.0,26.0,0.1111111111111111,0.6666666666666666,,,,,1.0,,1.0,0.5,0.5,0.0,0.5,0.5,4.5,3.0,0.0,0.0,0.0,0.0,0.0,0.0,1.5,0.0,0.0,0.0,0.0,0.0,0.0,0.0,0.0,0.0,0.5,17.5,13.0,0.5
001838,Ryan Smith,WHP,Whipsnakes,4,M,Midfield,2022-06-04,2023-08-12,5.0,2.0,2.0,0.0,2.0,3.0,9.0,3,0.0,0.0,0.0,0.0,0.0,0.0,2.0,7.0,0.0,0,0,0,0.0,0.0,0.0,0.0,4.0,55.0,39.0,0.2222222222222222,0.3333333333333333,,,,,0.75,,1.25,0.5,0.5,0.0,0.5,0.75,2.25,0.75,0.0,0.0,0.0,0.0,0.0,0.0,0.5,1.75,0.0,0.0,0.0,0.0,0.0,0.0,0.0,0.0,1.0,13.75,9.75,1.0
001839,Nick Grill,ARC,Archers,4,LSM,Long Stick Midfield,2022-06-05,2024-08-18,0.0,0.0,0.0,0.0,0.0,0.0,0.0,0,0.0,0.0,0.0,0.0,0.0,0.0,10.0,0.0,3.0,0,0,0,0.0,0.0,0.0,0.0,0.0,18.0,18.0,,,,,,,,,0.0,0.0,0.0,0.0,0.0,0.0,0.0,0.0,0.0,0.0,0.0,0.0,0.0,0.0,2.5,0.0,0.75,0.0,0.0,0.0,0.0,0.0,0.0,0.0,0.0,4.5,4.5,0.0
001839,Nick Grill,ATL,Atlas,4,LSM,Long Stick Midfield,2022-07-02,2025-08-02,0.0,0.0,0.0,0.0,0.0,0.0,1.0,0,1.0,0.0,0.0,0.0,0.0,0.0,2.0,1.0,3.0,0,1,1,0.0,0.0,0.0,0.0,0.0,9.0,7.0,0.0,0.0,0.0,,,,,0.0,0.0,0.0,0.0,0.0,0.0,0.0,0.25,0.0,0.25,0.0,0.0,0.0,0.0,0.0,0.5,0.25,0.75,0.0,0.25,0.25,0.0,0.0,0.0,0.0,0.0,2.25,1.75,0.0
001839,Nick Grill,CAN,Cannons,6,LSM,Long Stick Midfield,2022-06-25,2025-07-19,0.0,0.0,0.0,0.0,0.0,0.0,0.0,0,0.0,0.0,0.0,0.0,0.0,0.0,5.0,1.0,4.0,0,0,0,0.0,0.0,3.0,2.0,1.0,13.0,12.0,,,,,,,0.0,,0.0,0.0,0.0,0.0,0.0,0.0,0.0,0.0,0.0,0.0,0.0,0.0,0.0,0.0,0.8333333333333334,0.16666666666666666,0.6666666666666666,0.0,0.0,0.0,0.0,0.0,0.5,0.3333333333333333,0.16666666666666666,2.1666666666666665,2.0,0.16666666666666666
001839,Nick Grill,CHA,Chaos,5,LSM,Long Stick Midfield,2022-08-06,2025-06-06,0.0,0.0,0.0,0.0,0.0,0.0,0.0,0,0.0,0.0,0.0,0.0,0.0,0.0,14.0,0.0,4.0,0,2,2,0.0,0.0,0.0,0.0,2.0,23.0,23.0,,,0.0,,,,0.0,,0.0,0.0,0.0,0.0,0.0,0.0,0.0,0.0,0.0,0.0,0.0,0.0,0.0,0.0,2.8,0.0,0.8,0.0,0.4,0.4,0.0,0.0,0.0,0.0,0.4,4.6,4.6,0.4
001839,Nick Grill,RED,Redwoods,6,LSM,Long Stick Midfield,2022-06-10,2025-05-31,0.0,0.0,0.0,0.0,0.0,0.0,0.0,0,0.0,0.0,0.0,0.0,0.0,0.0,4.0,2.0,3.0,0,0,0,0.0,0.0,0.0,0.0,0.0,21.0,19.0,,,,,,,,,0.0,0.0,0.0,0.0,0.0,0.0,0.0,0.0,0.0,0.0,0.0,0.0,0.0,0.0,0.6666666666666666,0.3333333333333333,0.5,0.0,0.0,0.0,0.0,0.0,0.0,0.0,0.0,3.5,3.1666666666666665,0.0
001839,Nick Grill,WAT,Waterdogs,5,LSM,Long Stick Midfield,2022-06-17,2025-06-14,0.0,0.0,0.0,0.0,0.0,0.0,0.0,0,0.0,0.0,0.0,0.0,0.0,0.0,10.0,1.0,3.0,0,0,0,0.0,0.0,0.0,0.0,2.0,24.0,23.0,,,,,,,0.0,,0.0,0.0,0.0,0.0,0.0,0.0,0.0,0.0,0.0,0.0,0.0,0.0,0.0,0.0,2.0,0.2,0.6,0.0,0.0,0.0,0.0,0.0,0.0,0.0,0.4,4.8,4.6,0.4
001839,Nick Grill,WHP,Whipsnakes,4,LSM,Long Stick Midfield,2022-07-30,2024-08-10,1.0,0.0,0.0,0.0,0.0,1.0,0.0,0,0.0,0.0,0.0,0.0,0.0,0.0,0.0,0.0,1.0,0,0,0,0.0,0.0,0.0,0.0,1.0,8.0,8.0,,,,,,,1.0,,0.25,0.0,0.0,0.0,0.0,0.25,0.0,0.0,0.0,0.0,0.0,0.0,0.0,0.0,0.0,0.0,0.25,0.0,0.0,0.0,0.0,0.0,0.0,0.0,0.25,2.0,2.0,0.25
001843,Cole Williams,ARC,Archers,1,M,Midfield,2023-08-12,2023-08-12,0.0,0.0,0.0,0.0,0.0,0.0,3.0,2,0.0,0.0,0.0,0.0,0.0,0.0,0.0,2.0,0.0,0,0,0,0.0,0.0,1.0,1.0,0.0,12.0,7.0,0.0,0.6666666666666666,,,,,,,0.0,0.0,0.0,0.0,0.0,0.0,3.0,2.0,0.0,0.0,0.0,0.0,0.0,0.0,0.0,2.0,0.0,0.0,0.0,0.0,0.0,0.0,1.0,1.0,0.0,12.0,7.0,0.0
001843,Cole Williams,CAN,Cannons,2,M,Midfield,2022-08-13,2026-05-15,2.0,2.0,2.0,0.0,2.0,0.0,5.0,4,0.0,0.0,0.0,0.0,0.0,0.0,3.0,3.0,0.0,0,0,0,0.0,0.0,0.0,0.0,2.0,28.0,20.0,0.4,0.8,,,,,0.0,,1.0,1.0,1.0,0.0,1.0,0.0,2.5,2.0,0.0,0.0,0.0,0.0,0.0,0.0,1.5,1.5,0.0,0.0,0.0,0.0,0.0,0.0,0.0,0.0,1.0,14.0,10.0,1.0
001843,Cole Williams,CHA,Chaos,2,M,Midfield,2022-08-06,2023-08-27,3.0,2.0,2.0,0.0,2.0,1.0,5.0,2,1.0,0.0,0.0,0.0,0.0,0.0,0.0,4.0,0.0,0,0,0,0.0,0.0,1.0,1.0,3.0,33.0,24.0,0.4,0.4,,,,,0.3333333333333333,0.0,1.5,1.0,1.0,0.0,1.0,0.5,2.5,1.0,0.5,0.0,0.0,0.0,0.0,0.0,0.0,2.0,0.0,0.0,0.0,0.0,0.0,0.0,0.5,0.5,1.5,16.5,12.0,1.5
001843,Cole Williams,RED,Redwoods,1,M,Midfield,2022-08-20,2022-08-20,2.0,1.0,1.0,0.0,1.0,1.0,4.0,2,0.0,0.0,0.0,0.0,0.0,0.0,0.0,1.0,0.0,0,0,0,0.0,0.0,0.0,0.0,4.0,17.0,12.0,0.25,0.5,,,,,0.25,,2.0,1.0,1.0,0.0,1.0,1.0,4.0,2.0,0.0,0.0,0.0,0.0,0.0,0.0,0.0,1.0,0.0,0.0,0.0,0.0,0.0,0.0,0.0,0.0,4.0,17.0,12.0,4.0
001843,Cole Williams,WHP,Whipsnakes,1,M,Midfield,2022-07-30,2022-07-30,1.0,1.0,1.0,0.0,1.0,0.0,2.0,2,0.0,0.0,0.0,0.0,0.0,0.0,1.0,0.0,0.0,0,0,0,0.0,0.0,0.0,0.0,0.0,5.0,3.0,0.5,1.0,,,,,,,1.0,1.0,1.0,0.0,1.0,0.0,2.0,2.0,0.0,0.0,0.0,0.0,0.0,0.0,1.0,0.0,0.0,0.0,0.0,0.0,0.0,0.0,0.0,0.0,0.0,5.0,3.0,0.0
001846,Adam Charalambides,ARC,Archers,3,A,Attack,2022-07-24,2025-08-09,1.0,1.0,1.0,0.0,1.0,0.0,13.0,7,1.0,0.0,0.0,0.0,0.0,0.0,6.0,3.0,1.0,0,0,0,0.0,0.0,1.0,1.0,4.0,81.0,65.0,0.07692307692307693,0.5384615384615384,,,,,0.0,0.0,0.3333333333333333,0.3333333333333333,0.3333333333333333,0.0,0.3333333333333333,0.0,4.333333333333333,2.3333333333333335,0.3333333333333333,0.0,0.0,0.0,0.0,0.0,2.0,1.0,0.3333333333333333,0.0,0.0,0.0,0.0,0.0,0.3333333333333333,0.3333333333333333,1.3333333333333333,27.0,21.666666666666668,1.3333333333333333
001846,Adam Charalambides,ATL,Atlas,2,A,Attack,2023-08-19,2026-05-09,4.0,3.0,3.0,0.0,3.0,1.0,13.0,9,0.0,0.0,0.0,0.0,0.0,0.0,7.0,2.0,1.0,0,0,0,0.0,0.0,1.0,0.5,2.0,49.0,34.0,0.23076923076923078,0.6923076923076923,,,,,0.5,,2.0,1.5,1.5,0.0,1.5,0.5,6.5,4.5,0.0,0.0,0.0,0.0,0.0,0.0,3.5,1.0,0.5,0.0,0.0,0.0,0.0,0.0,0.5,0.25,1.0,24.5,17.0,1.0
001846,Adam Charalambides,CAN,Cannons,1,A,Attack,2025-06-29,2025-06-29,1.0,1.0,1.0,0.0,1.0,0.0,5.0,2,0.0,0.0,0.0,0.0,0.0,0.0,2.0,3.0,0.0,0,0,0,0.0,0.0,0.0,0.0,1.0,25.0,17.0,0.2,0.4,,,,,0.0,,1.0,1.0,1.0,0.0,1.0,0.0,5.0,2.0,0.0,0.0,0.0,0.0,0.0,0.0,2.0,3.0,0.0,0.0,0.0,0.0,0.0,0.0,0.0,0.0,1.0,25.0,17.0,1.0
001846,Adam Charalambides,CHA,Chaos,1,A,Attack,2022-07-02,2022-07-02,2.0,2.0,2.0,0.0,2.0,0.0,11.0,8,0.0,0.0,0.0,0.0,0.0,0.0,2.0,0.0,0.0,0,0,0,0.0,0.0,0.0,0.0,0.0,30.0,19.0,0.18181818181818182,0.7272727272727273,,,,,,,2.0,2.0,2.0,0.0,2.0,0.0,11.0,8.0,0.0,0.0,0.0,0.0,0.0,0.0,2.0,0.0,0.0,0.0,0.0,0.0,0.0,0.0,0.0,0.0,0.0,30.0,19.0,0.0
001846,Adam Charalambides,OUT,Outlaws,3,A,Attack,2022-06-25,2025-08-02,5.0,5.0,5.0,0.0,5.0,0.0,19.0,11,1.0,0.0,0.0,0.0,0.0,0.0,1.0,8.0,0.0,0,0,0,0.0,0.0,2.0,1.5,2.0,85.0,58.0,0.2631578947368421,0.5789473684210527,,,,,0.0,0.0,1.6666666666666667,1.6666666666666667,1.6666666666666667,0.0,1.6666666666666667,0.0,6.333333333333333,3.6666666666666665,0.3333333333333333,0.0,0.0,0.0,0.0,0.0,0.3333333333333333,2.6666666666666665,0.0,0.0,0.0,0.0,0.0,0.0,0.6666666666666666,0.5,0.6666666666666666,28.333333333333332,19.333333333333332,0.6666666666666666
001846,Adam Charalambides,RED,Redwoods,2,A,Attack,2025-06-07,2025-07-12,6.0,5.0,5.0,0.0,5.0,1.0,10.0,8,0.0,0.0,0.0,0.0,0.0,0.0,0.0,5.0,0.0,0,0,0,0.0,0.0,1.0,0.5,4.0,55.0,40.0,0.5,0.8,,,,,0.25,,3.0,2.5,2.5,0.0,2.5,0.5,5.0,4.0,0.0,0.0,0.0,0.0,0.0,0.0,0.0,2.5,0.0,0.0,0.0,0.0,0.0,0.0,0.5,0.25,2.0,27.5,20.0,2.0
001846,Adam Charalambides,WAT,Waterdogs,1,A,Attack,2025-07-26,2025-07-26,3.0,2.0,2.0,0.0,2.0,1.0,4.0,2,0.0,0.0,0.0,0.0,0.0,0.0,0.0,1.0,0.0,0,0,0,0.0,0.0,0.0,0.0,2.0,27.0,22.0,0.5,0.5,,,,,0.5,,3.0,2.0,2.0,0.0,2.0,1.0,4.0,2.0,0.0,0.0,0.0,0.0,0.0,0.0,0.0,1.0,0.0,0.0,0.0,0.0,0.0,0.0,0.0,0.0,2.0,27.0,22.0,2.0
001846,Adam Charalambides,WHP,Whipsnakes,2,A,Attack,2023-08-26,2025-06-22,1.0,1.0,1.0,0.0,1.0,0.0,7.0,5,0.0,0.0,0.0,0.0,0.0,0.0,1.0,4.0,0.0,0,0,0,0.0,0.0,1.0,0.5,1.0,52.0,41.0,0.14285714285714285,0.7142857142857143,,,,,0.0,,0.5,0.5,0.5,0.0,0.5,0.0,3.5,2.5,0.0,0.0,0.0,0.0,0.0,0.0,0.5,2.0,0.0,0.0,0.0,0.0,0.0,0.0,0.5,0.25,0.5,26.0,20.5,0.5
002001,Kevin Rogers,ARC,Archers,1,M,Midfield,2022-06-05,2022-06-05,1.0,0.0,0.0,0.0,0.0,1.0,4.0,1,1.0,0.0,0.0,0.0,0.0,0.0,1.0,1.0,0.0,0,0,0,0.0,0.0,0.0,0.0,2.0,21.0,16.0,0.0,0.25,,,,,0.5,0.0,1.0,0.0,0.0,0.0,0.0,1.0,4.0,1.0,1.0,0.0,0.0,0.0,0.0,0.0,1.0,1.0,0.0,0.0,0.0,0.0,0.0,0.0,0.0,0.0,2.0,21.0,16.0,2.0
002001,Kevin Rogers,CAN,Cannons,2,M,Midfield,2022-06-25,2023-07-30,2.0,1.0,1.0,0.0,1.0,1.0,5.0,5,0.0,0.0,0.0,0.0,0.0,0.0,0.0,1.0,0.0,0,0,0,0.0,0.0,0.0,0.0,4.0,42.0,36.0,0.2,1.0,,,,,0.25,,1.0,0.5,0.5,0.0,0.5,0.5,2.5,2.5,0.0,0.0,0.0,0.0,0.0,0.0,0.0,0.5,0.0,0.0,0.0,0.0,0.0,0.0,0.0,0.0,2.0,21.0,18.0,2.0
002001,Kevin Rogers,CHA,Chaos,1,M,Midfield,2023-08-06,2023-08-06,2.0,1.0,1.0,0.0,1.0,1.0,4.0,3,1.0,0.0,0.0,0.0,0.0,0.0,2.0,0.0,0.0,0,0,0,0.0,0.0,0.0,0.0,3.0,18.0,14.0,0.25,0.75,,,,,0.3333333333333333,0.0,2.0,1.0,1.0,0.0,1.0,1.0,4.0,3.0,1.0,0.0,0.0,0.0,0.0,0.0,2.0,0.0,0.0,0.0,0.0,0.0,0.0,0.0,0.0,0.0,3.0,18.0,14.0,3.0
002001,Kevin Rogers,RED,Redwoods,1,M,Midfield,2022-06-10,2022-06-10,2.0,1.0,1.0,0.0,1.0,1.0,2.0,1,0.0,0.0,0.0,0.0,0.0,0.0,3.0,0.0,0.0,0,0,0,0.0,0.0,0.0,0.0,3.0,13.0,11.0,0.5,0.5,,,,,0.3333333333333333,,2.0,1.0,1.0,0.0,1.0,1.0,2.0,1.0,0.0,0.0,0.0,0.0,0.0,0.0,3.0,0.0,0.0,0.0,0.0,0.0,0.0,0.0,0.0,0.0,3.0,13.0,11.0,3.0
002001,Kevin Rogers,WAT,Waterdogs,2,M,Midfield,2022-06-17,2022-07-24,1.0,0.0,0.0,0.0,0.0,1.0,3.0,1,0.0,0.0,0.0,0.0,0.0,0.0,1.0,1.0,1.0,0,0,0,0.0,0.0,0.0,0.0,5.0,27.0,23.0,0.0,0.3333333333333333,,,,,0.2,,0.5,0.0,0.0,0.0,0.0,0.5,1.5,0.5,0.0,0.0,0.0,0.0,0.0,0.0,0.5,0.5,0.5,0.0,0.0,0.0,0.0,0.0,0.0,0.0,2.5,13.5,11.5,2.5
002003,Will Perry,ARC,Archers,1,M,Midfield,2023-06-17,2023-06-17,1.0,1.0,1.0,0.0,1.0,0.0,3.0,2,0.0,0.0,0.0,0.0,0.0,0.0,1.0,1.0,0.0,0,0,0,0.0,0.0,0.0,0.0,1.0,25.0,21.0,0.3333333333333333,0.6666666666666666,,,,,0.0,,1.0,1.0,1.0,0.0,1.0,0.0,3.0,2.0,0.0,0.0,0.0,0.0,0.0,0.0,1.0,1.0,0.0,0.0,0.0,0.0,0.0,0.0,0.0,0.0,1.0,25.0,21.0,1.0
002003,Will Perry,ATL,Atlas,1,M,Midfield,2023-07-16,2023-07-16,0.0,0.0,0.0,0.0,0.0,0.0,1.0,0,0.0,0.0,0.0,0.0,0.0,0.0,0.0,0.0,0.0,0,0,0,0.0,0.0,0.0,0.0,0.0,8.0,7.0,0.0,0.0,,,,,,,0.0,0.0,0.0,0.0,0.0,0.0,1.0,0.0,0.0,0.0,0.0,0.0,0.0,0.0,0.0,0.0,0.0,0.0,0.0,0.0,0.0,0.0,0.0,0.0,0.0,8.0,7.0,0.0
002003,Will Perry,CAN,Cannons,1,M,Midfield,2023-06-10,2023-06-10,1.0,1.0,1.0,0.0,1.0,0.0,2.0,2,0.0,0.0,0.0,0.0,0.0,0.0,2.0,0.0,0.0,0,0,0,0.0,0.0,0.0,0.0,1.0,12.0,10.0,0.5,1.0,,,,,0.0,,1.0,1.0,1.0,0.0,1.0,0.0,2.0,2.0,0.0,0.0,0.0,0.0,0.0,0.0,2.0,0.0,0.0,0.0,0.0,0.0,0.0,0.0,0.0,0.0,1.0,12.0,10.0,1.0
002003,Will Perry,RED,Redwoods,1,M,Midfield,2023-08-06,2023-08-06,1.0,1.0,1.0,0.0,1.0,0.0,2.0,2,0.0,0.0,0.0,0.0,0.0,0.0,1.0,0.0,0.0,0,0,0,0.0,0.0,0.0,0.0,0.0,8.0,6.0,0.5,1.0,,,,,,,1.0,1.0,1.0,0.0,1.0,0.0,2.0,2.0,0.0,0.0,0.0,0.0,0.0,0.0,1.0,0.0,0.0,0.0,0.0,0.0,0.0,0.0,0.0,0.0,0.0,8.0,6.0,0.0
002003,Will Perry,WAT,Waterdogs,2,M,Midfield,2023-06-04,2023-08-20,1.0,1.0,1.0,0.0,1.0,0.0,12.0,4,1.0,0.0,0.0,0.0,0.0,0.0,0.0,1.0,0.0,0,0,0,0.0,0.0,0.0,0.0,5.0,54.0,41.0,0.08333333333333333,0.3333333333333333,,,,,0.0,0.0,0.5,0.5,0.5,0.0,0.5,0.0,6.0,2.0,0.5,0.0,0.0,0.0,0.0,0.0,0.0,0.5,0.0,0.0,0.0,0.0,0.0,0.0,0.0,0.0,2.5,27.0,20.5,2.5
002003,Will Perry,WHP,Whipsnakes,2,M,Midfield,2023-07-30,2023-08-12,1.0,1.0,1.0,0.0,1.0,0.0,10.0,3,4.0,0.0,0.0,0.0,0.0,0.0,0.0,0.0,0.0,0,0,0,0.0,0.0,0.0,0.0,2.0,27.0,17.0,0.1,0.3,,,,,0.0,0.0,0.5,0.5,0.5,0.0,0.5,0.0,5.0,1.5,2.0,0.0,0.0,0.0,0.0,0.0,0.0,0.0,0.0,0.0,0.0,0.0,0.0,0.0,0.0,0.0,1.0,13.5,8.5,1.0
002006,Reid Bowering,ARC,Archers,1,M,Midfield,2025-06-28,2025-06-28,0.0,0.0,0.0,0.0,0.0,0.0,0.0,0,0.0,0.0,0.0,0.0,0.0,0.0,1.0,1.0,0.0,0,0,0,0.0,0.0,0.0,0.0,0.0,9.0,8.0,,,,,,,,,0.0,0.0,0.0,0.0,0.0,0.0,0.0,0.0,0.0,0.0,0.0,0.0,0.0,0.0,1.0,1.0,0.0,0.0,0.0,0.0,0.0,0.0,0.0,0.0,0.0,9.0,8.0,0.0
002006,Reid Bowering,CAN,Cannons,4,A,Attack,2024-06-01,2026-07-19,6.0,4.0,4.0,0.0,4.0,2.0,11.0,8,0.0,0.0,0.0,0.0,0.0,0.0,10.0,2.0,1.0,0,0,0,0.0,0.0,1.0,0.5,4.0,48.0,35.0,0.36363636363636365,0.7272727272727273,,,,,0.5,,1.5,1.0,1.0,0.0,1.0,0.5,2.75,2.0,0.0,0.0,0.0,0.0,0.0,0.0,2.5,0.5,0.25,0.0,0.0,0.0,0.0,0.0,0.25,0.125,1.0,12.0,8.75,1.0
002006,Reid Bowering,CHA,Chaos,2,A,Attack,2024-06-08,2026-05-09,1.0,0.0,0.0,0.0,0.0,1.0,6.0,4,0.0,0.0,0.0,0.0,0.0,0.0,4.0,3.0,1.0,0,0,0,0.0,0.0,1.0,0.5,1.0,26.0,17.0,0.0,0.6666666666666666,,,,,1.0,,0.5,0.0,0.0,0.0,0.0,0.5,3.0,2.0,0.0,0.0,0.0,0.0,0.0,0.0,2.0,1.5,0.5,0.0,0.0,0.0,0.0,0.0,0.5,0.25,0.5,13.0,8.5,0.5
002006,Reid Bowering,OUT,Outlaws,3,M,Midfield,2025-08-02,2026-08-08,8.0,7.0,7.0,0.0,7.0,1.0,15.0,11,0.0,0.0,0.0,0.0,0.0,0.0,6.0,6.0,0.0,0,1,1,0.0,0.0,0.0,0.0,2.0,48.0,27.0,0.4666666666666667,0.7333333333333333,0.0,,,,0.5,,2.6666666666666665,2.3333333333333335,2.3333333333333335,0.0,2.3333333333333335,0.3333333333333333,5.0,3.6666666666666665,0.0,0.0,0.0,0.0,0.0,0.0,2.0,2.0,0.0,0.0,0.3333333333333333,0.3333333333333333,0.0,0.0,0.0,0.0,0.6666666666666666,16.0,9.0,0.6666666666666666
002006,Reid Bowering,RED,Redwoods,3,A,Attack,2025-07-18,2026-08-02,2.0,2.0,2.0,0.0,2.0,0.0,8.0,7,0.0,0.0,0.0,0.0,0.0,0.0,5.0,3.0,2.0,0,0,0,0.0,0.0,0.0,0.0,1.0,40.0,29.0,0.25,0.875,,,,,0.0,,0.6666666666666666,0.6666666666666666,0.6666666666666666,0.0,0.6666666666666666,0.0,2.6666666666666665,2.3333333333333335,0.0,0.0,0.0,0.0,0.0,0.0,1.6666666666666667,1.0,0.6666666666666666,0.0,0.0,0.0,0.0,0.0,0.0,0.0,0.3333333333333333,13.333333333333334,9.666666666666666,0.3333333333333333
002006,Reid Bowering,WAT,Waterdogs,3,M,Midfield,2025-06-21,2026-07-25,8.0,7.0,7.0,0.0,7.0,1.0,11.0,9,0.0,0.0,0.0,0.0,0.0,0.0,6.0,3.0,0.0,0,0,0,0.0,0.0,0.0,0.0,2.0,45.0,31.0,0.6363636363636364,0.8181818181818182,,,,,0.5,,2.6666666666666665,2.3333333333333335,2.3333333333333335,0.0,2.3333333333333335,0.3333333333333333,3.6666666666666665,3.0,0.0,0.0,0.0,0.0,0.0,0.0,2.0,1.0,0.0,0.0,0.0,0.0,0.0,0.0,0.0,0.0,0.6666666666666666,15.0,10.333333333333334,0.6666666666666666
002006,Reid Bowering,WHP,Whipsnakes,4,A,Attack,2024-06-02,2026-06-21,5.0,5.0,5.0,0.0,5.0,0.0,13.0,10,0.0,0.0,0.0,0.0,0.0,0.0,6.0,2.0,0.0,0,0,0,0.0,0.0,0.0,0.0,1.0,31.0,16.0,0.38461538461538464,0.7692307692307693,,,,,0.0,,1.25,1.25,1.25,0.0,1.25,0.0,3.25,2.5,0.0,0.0,0.0,0.0,0.0,0.0,1.5,0.5,0.0,0.0,0.0,0.0,0.0,0.0,0.0,0.0,0.25,7.75,4.0,0.25
002007,Charlie Kitchen,CAN,Cannons,1,A,Attack,2022-07-31,2022-07-31,1.0,1.0,1.0,0.0,1.0,0.0,3.0,2,0.0,0.0,0.0,0.0,0.0,0.0,0.0,0.0,0.0,0,0,0,0.0,0.0,0.0,0.0,2.0,8.0,5.0,0.3333333333333333,0.6666666666666666,,,,,0.0,,1.0,1.0,1.0,0.0,1.0,0.0,3.0,2.0,0.0,0.0,0.0,0.0,0.0,0.0,0.0,0.0,0.0,0.0,0.0,0.0,0.0,0.0,0.0,0.0,2.0,8.0,5.0,2.0
002014,Drake Porter,CAN,Cannons,1,G,Goalie,2023-07-09,2023-07-09,0.0,0.0,0.0,0.0,0.0,0.0,0.0,0,0.0,5.0,1.0,4.0,7.0,14.0,2.0,0.0,0.0,0,0,0,7.0,0.0,0.0,0.0,0.0,4.0,4.0,,,,0.4166666666666667,20.0,0.08333333333333333,,,0.0,0.0,0.0,0.0,0.0,0.0,0.0,0.0,0.0,5.0,1.0,4.0,7.0,14.0,2.0,0.0,0.0,0.0,0.0,0.0,7.0,0.0,0.0,0.0,0.0,4.0,4.0,0.0
002014,Drake Porter,CHA,Chaos,1,G,Goalie,2023-07-16,2023-07-16,0.0,0.0,0.0,0.0,0.0,0.0,0.0,0,0.0,12.0,1.0,11.0,15.0,15.0,0.0,1.0,0.0,0,0,0,15.0,0.0,0.0,0.0,0.0,15.0,14.0,,,,0.4444444444444444,8.333333333333332,0.037037037037037035,,,0.0,0.0,0.0,0.0,0.0,0.0,0.0,0.0,0.0,12.0,1.0,11.0,15.0,15.0,0.0,1.0,0.0,0.0,0.0,0.0,15.0,0.0,0.0,0.0,0.0,15.0,14.0,0.0
002015,Logan Wisnauskas,ARC,Archers,7,A,Attack,2022-06-05,2026-07-25,10.0,7.0,7.0,0.0,7.0,3.0,28.0,18,2.0,0.0,0.0,0.0,0.0,0.0,6.0,11.0,0.0,0,0,0,0.0,0.0,0.0,0.0,23.0,215.0,176.0,0.25,0.6428571428571429,,,,,0.13043478260869565,0.0,1.4285714285714286,1.0,1.0,0.0,1.0,0.42857142857142855,4.0,2.5714285714285716,0.2857142857142857,0.0,0.0,0.0,0.0,0.0,0.8571428571428571,1.5714285714285714,0.0,0.0,0.0,0.0,0.0,0.0,0.0,0.0,3.2857142857142856,30.714285714285715,25.142857142857142,3.2857142857142856
002015,Logan Wisnauskas,ATL,Atlas,5,A,Attack,2022-07-02,2026-08-08,19.0,14.0,14.0,0.0,14.0,5.0,35.0,26,0.0,0.0,0.0,0.0,0.0,0.0,3.0,8.0,0.0,0,0,0,0.0,0.0,0.0,0.0,19.0,146.0,103.0,0.4,0.7428571428571429,,,,,0.2631578947368421,,3.8,2.8,2.8,0.0,2.8,1.0,7.0,5.2,0.0,0.0,0.0,0.0,0.0,0.0,0.6,1.6,0.0,0.0,0.0,0.0,0.0,0.0,0.0,0.0,3.8,29.2,20.6,3.8
002015,Logan Wisnauskas,CAN,Cannons,6,A,Attack,2022-06-25,2026-07-11,13.0,9.0,9.0,0.0,9.0,4.0,27.0,17,0.0,0.0,0.0,0.0,0.0,0.0,10.0,8.0,1.0,0,0,0,0.0,0.0,1.0,2.0,13.0,175.0,140.0,0.3333333333333333,0.6296296296296297,,,,,0.3076923076923077,,2.1666666666666665,1.5,1.5,0.0,1.5,0.6666666666666666,4.5,2.8333333333333335,0.0,0.0,0.0,0.0,0.0,0.0,1.6666666666666667,1.3333333333333333,0.16666666666666666,0.0,0.0,0.0,0.0,0.0,0.16666666666666666,0.3333333333333333,2.1666666666666665,29.166666666666668,23.333333333333332,2.1666666666666665
002015,Logan Wisnauskas,CHA,Chaos,7,A,Attack,2022-08-06,2026-07-18,19.0,9.0,9.0,0.0,9.0,10.0,33.0,22,1.0,0.0,0.0,0.0,0.0,0.0,12.0,12.0,0.0,0,0,0,0.0,0.0,0.0,0.0,16.0,207.0,162.0,0.2727272727272727,0.6666666666666666,,,,,0.625,0.0,2.7142857142857144,1.2857142857142858,1.2857142857142858,0.0,1.2857142857142858,1.4285714285714286,4.714285714285714,3.142857142857143,0.14285714285714285,0.0,0.0,0.0,0.0,0.0,1.7142857142857142,1.7142857142857142,0.0,0.0,0.0,0.0,0.0,0.0,0.0,0.0,2.2857142857142856,29.571428571428573,23.142857142857142,2.2857142857142856
002015,Logan Wisnauskas,RED,Redwoods,6,A,Attack,2022-06-10,2026-05-16,26.0,20.0,20.0,0.0,20.0,6.0,34.0,25,0.0,0.0,0.0,0.0,0.0,0.0,7.0,6.0,1.0,0,0,0,0.0,0.0,0.0,0.0,20.0,139.0,99.0,0.5882352941176471,0.7352941176470589,,,,,0.3,,4.333333333333333,3.3333333333333335,3.3333333333333335,0.0,3.3333333333333335,1.0,5.666666666666667,4.166666666666667,0.0,0.0,0.0,0.0,0.0,0.0,1.1666666666666667,1.0,0.16666666666666666,0.0,0.0,0.0,0.0,0.0,0.0,0.0,3.3333333333333335,23.166666666666668,16.5,3.3333333333333335
002015,Logan Wisnauskas,WAT,Waterdogs,4,A,Attack,2022-06-17,2026-07-26,10.0,7.0,7.0,0.0,7.0,3.0,20.0,14,1.0,0.0,0.0,0.0,0.0,0.0,2.0,5.0,0.0,0,0,0,0.0,0.0,0.0,0.0,12.0,105.0,80.0,0.35,0.7,,,,,0.25,0.0,2.5,1.75,1.75,0.0,1.75,0.75,5.0,3.5,0.25,0.0,0.0,0.0,0.0,0.0,0.5,1.25,0.0,0.0,0.0,0.0,0.0,0.0,0.0,0.0,3.0,26.25,20.0,3.0
002015,Logan Wisnauskas,WHP,Whipsnakes,6,A,Attack,2022-07-30,2026-08-01,11.0,7.0,7.0,0.0,7.0,4.0,28.0,19,1.0,0.0,0.0,0.0,0.0,0.0,7.0,7.0,1.0,0,0,0,0.0,0.0,1.0,1.0,19.0,176.0,141.0,0.25,0.6785714285714286,,,,,0.21052631578947367,0.0,1.8333333333333333,1.1666666666666667,1.1666666666666667,0.0,1.1666666666666667,0.6666666666666666,4.666666666666667,3.1666666666666665,0.16666666666666666,0.0,0.0,0.0,0.0,0.0,1.1666666666666667,1.1666666666666667,0.16666666666666666,0.0,0.0,0.0,0.0,0.0,0.16666666666666666,0.16666666666666666,3.1666666666666665,29.333333333333332,23.5,3.1666666666666665
002016,Chris Gray,ARC,Archers,4,A,Attack,2022-06-26,2024-08-17,12.0,9.0,7.0,1.0,8.0,3.0,25.0,19,3.0,0.0,0.0,0.0,0.0,0.0,4.0,10.0,1.0,0,0,0,0.0,0.0,0.0,0.0,15.0,154.0,119.0,0.32,0.76,,,,,0.2,0.3333333333333333,3.0,2.25,1.75,0.25,2.0,0.75,6.25,4.75,0.75,0.0,0.0,0.0,0.0,0.0,1.0,2.5,0.25,0.0,0.0,0.0,0.0,0.0,0.0,0.0,3.75,38.5,29.75,3.75
002016,Chris Gray,ATL,Atlas,1,A,Attack,2024-06-16,2024-06-16,2.0,2.0,2.0,0.0,2.0,0.0,4.0,3,0.0,0.0,0.0,0.0,0.0,0.0,1.0,3.0,1.0,0,0,0,0.0,0.0,0.0,0.0,1.0,22.0,15.0,0.5,0.75,,,,,0.0,,2.0,2.0,2.0,0.0,2.0,0.0,4.0,3.0,0.0,0.0,0.0,0.0,0.0,0.0,1.0,3.0,1.0,0.0,0.0,0.0,0.0,0.0,0.0,0.0,1.0,22.0,15.0,1.0
002016,Chris Gray,CAN,Cannons,4,A,Attack,2022-06-11,2024-07-05,16.0,11.0,11.0,0.0,11.0,5.0,31.0,22,1.0,0.0,0.0,0.0,0.0,0.0,6.0,7.0,1.0,0,0,0,0.0,0.0,1.0,0.5,13.0,130.0,92.0,0.3548387096774194,0.7096774193548387,,,,,0.38461538461538464,0.0,4.0,2.75,2.75,0.0,2.75,1.25,7.75,5.5,0.25,0.0,0.0,0.0,0.0,0.0,1.5,1.75,0.25,0.0,0.0,0.0,0.0,0.0,0.25,0.125,3.25,32.5,23.0,3.25
002016,Chris Gray,CHA,Chaos,3,A,Attack,2022-08-21,2024-07-27,8.0,3.0,3.0,0.0,3.0,5.0,18.0,6,0.0,0.0,0.0,0.0,0.0,0.0,7.0,5.0,0.0,0,0,0,0.0,0.0,1.0,1.0,21.0,117.0,94.0,0.16666666666666666,0.3333333333333333,,,,,0.23809523809523808,,2.6666666666666665,1.0,1.0,0.0,1.0,1.6666666666666667,6.0,2.0,0.0,0.0,0.0,0.0,0.0,0.0,2.3333333333333335,1.6666666666666667,0.0,0.0,0.0,0.0,0.0,0.0,0.3333333333333333,0.3333333333333333,7.0,39.0,31.333333333333332,7.0
002016,Chris Gray,OUT,Outlaws,4,A,Attack,2022-07-02,2024-08-03,11.0,4.0,4.0,0.0,4.0,7.0,17.0,11,1.0,0.0,0.0,0.0,0.0,0.0,4.0,8.0,0.0,0,0,0,0.0,0.0,0.0,0.0,16.0,96.0,71.0,0.23529411764705882,0.6470588235294118,,,,,0.4375,0.0,2.75,1.0,1.0,0.0,1.0,1.75,4.25,2.75,0.25,0.0,0.0,0.0,0.0,0.0,1.0,2.0,0.0,0.0,0.0,0.0,0.0,0.0,0.0,0.0,4.0,24.0,17.75,4.0
002016,Chris Gray,RED,Redwoods,4,A,Attack,2022-06-04,2023-08-26,11.0,6.0,6.0,0.0,6.0,5.0,28.0,16,3.0,0.0,0.0,0.0,0.0,0.0,0.0,2.0,0.0,0,0,0,0.0,0.0,1.0,1.0,15.0,149.0,119.0,0.21428571428571427,0.5714285714285714,,,,,0.3333333333333333,0.0,2.75,1.5,1.5,0.0,1.5,1.25,7.0,4.0,0.75,0.0,0.0,0.0,0.0,0.0,0.0,0.5,0.0,0.0,0.0,0.0,0.0,0.0,0.25,0.25,3.75,37.25,29.75,3.75
002016,Chris Gray,WAT,Waterdogs,4,A,Attack,2022-08-06,2024-08-10,14.0,8.0,6.0,1.0,7.0,6.0,21.0,13,2.0,0.0,0.0,0.0,0.0,0.0,4.0,13.0,0.0,0,0,0,0.0,0.0,0.0,0.0,22.0,145.0,111.0,0.3333333333333333,0.6190476190476191,,,,,0.2727272727272727,0.5,3.5,2.0,1.5,0.25,1.75,1.5,5.25,3.25,0.5,0.0,0.0,0.0,0.0,0.0,1.0,3.25,0.0,0.0,0.0,0.0,0.0,0.0,0.0,0.0,5.5,36.25,27.75,5.5
002016,Chris Gray,WHP,Whipsnakes,4,A,Attack,2022-06-18,2024-07-28,9.0,7.0,5.0,1.0,6.0,2.0,28.0,16,2.0,0.0,0.0,0.0,0.0,0.0,3.0,6.0,0.0,0,0,0,0.0,0.0,0.0,0.0,13.0,132.0,98.0,0.21428571428571427,0.5714285714285714,,,,,0.15384615384615385,0.5,2.25,1.75,1.25,0.25,1.5,0.5,7.0,4.0,0.5,0.0,0.0,0.0,0.0,0.0,0.75,1.5,0.0,0.0,0.0,0.0,0.0,0.0,0.0,0.0,3.25,33.0,24.5,3.25
002017,Arden Cohen,ARC,Archers,6,D,Defense,2022-07-01,2025-07-26,0.0,0.0,0.0,0.0,0.0,0.0,0.0,0,0.0,0.0,0.0,0.0,0.0,0.0,8.0,4.0,5.0,0,0,0,0.0,0.0,3.0,3.0,0.0,26.0,22.0,,,,,,,,,0.0,0.0,0.0,0.0,0.0,0.0,0.0,0.0,0.0,0.0,0.0,0.0,0.0,0.0,1.3333333333333333,0.6666666666666666,0.8333333333333334,0.0,0.0,0.0,0.0,0.0,0.5,0.5,0.0,4.333333333333333,3.6666666666666665,0.0
002017,Arden Cohen,ATL,Atlas,6,D,Defense,2022-06-04,2025-07-18,1.0,0.0,0.0,0.0,0.0,1.0,0.0,0,0.0,0.0,0.0,0.0,0.0,0.0,9.0,3.0,3.0,0,0,0,0.0,0.0,0.0,0.0,1.0,24.0,21.0,,,,,,,1.0,,0.16666666666666666,0.0,0.0,0.0,0.0,0.16666666666666666,0.0,0.0,0.0,0.0,0.0,0.0,0.0,0.0,1.5,0.5,0.5,0.0,0.0,0.0,0.0,0.0,0.0,0.0,0.16666666666666666,4.0,3.5,0.16666666666666666
002017,Arden Cohen,CAN,Cannons,4,D,Defense,2022-08-06,2024-07-05,2.0,2.0,0.0,1.0,1.0,0.0,1.0,1,1.0,0.0,0.0,0.0,0.0,0.0,11.0,1.0,3.0,0,0,0,0.0,0.0,1.0,1.0,0.0,28.0,26.0,1.0,1.0,,,,,,1.0,0.5,0.5,0.0,0.25,0.25,0.0,0.25,0.25,0.25,0.0,0.0,0.0,0.0,0.0,2.75,0.25,0.75,0.0,0.0,0.0,0.0,0.0,0.25,0.25,0.0,7.0,6.5,0.0
002017,Arden Cohen,CHA,Chaos,8,D,Defense,2022-06-18,2025-07-12,0.0,0.0,0.0,0.0,0.0,0.0,0.0,0,0.0,0.0,0.0,0.0,0.0,0.0,12.0,2.0,8.0,0,0,0,0.0,0.0,3.0,4.0,0.0,24.0,22.0,,,,,,,,,0.0,0.0,0.0,0.0,0.0,0.0,0.0,0.0,0.0,0.0,0.0,0.0,0.0,0.0,1.5,0.25,1.0,0.0,0.0,0.0,0.0,0.0,0.375,0.5,0.0,3.0,2.75,0.0
002017,Arden Cohen,OUT,Outlaws,8,D,Defense,2022-06-10,2026-05-16,0.0,0.0,0.0,0.0,0.0,0.0,1.0,1,0.0,0.0,0.0,0.0,0.0,0.0,22.0,3.0,8.0,0,0,0,0.0,0.0,4.0,4.5,1.0,49.0,45.0,0.0,1.0,,,,,0.0,,0.0,0.0,0.0,0.0,0.0,0.0,0.125,0.125,0.0,0.0,0.0,0.0,0.0,0.0,2.75,0.375,1.0,0.0,0.0,0.0,0.0,0.0,0.5,0.5625,0.125,6.125,5.625,0.125
002017,Arden Cohen,WAT,Waterdogs,4,D,Defense,2022-08-13,2025-06-28,0.0,0.0,0.0,0.0,0.0,0.0,0.0,0,0.0,0.0,0.0,0.0,0.0,0.0,10.0,1.0,1.0,0,0,0,0.0,0.0,2.0,2.0,0.0,15.0,14.0,,,,,,,,,0.0,0.0,0.0,0.0,0.0,0.0,0.0,0.0,0.0,0.0,0.0,0.0,0.0,0.0,2.5,0.25,0.25,0.0,0.0,0.0,0.0,0.0,0.5,0.5,0.0,3.75,3.5,0.0
002017,Arden Cohen,WHP,Whipsnakes,3,D,Defense,2022-06-24,2024-07-28,0.0,0.0,0.0,0.0,0.0,0.0,0.0,0,0.0,0.0,0.0,0.0,0.0,0.0,5.0,0.0,1.0,0,0,0,0.0,0.0,0.0,0.0,1.0,12.0,12.0,,,,,,,0.0,,0.0,0.0,0.0,0.0,0.0,0.0,0.0,0.0,0.0,0.0,0.0,0.0,0.0,0.0,1.6666666666666667,0.0,0.3333333333333333,0.0,0.0,0.0,0.0,0.0,0.0,0.0,0.3333333333333333,4.0,4.0,0.3333333333333333
002018,Matt Moore,ATL,Atlas,3,M,Midfield,2022-06-26,2023-08-05,7.0,5.0,5.0,0.0,5.0,2.0,16.0,11,0.0,0.0,0.0,0.0,0.0,0.0,2.0,5.0,0.0,0,0,0,0.0,0.0,0.0,0.0,7.0,59.0,38.0,0.3125,0.6875,,,,,0.2857142857142857,,2.3333333333333335,1.6666666666666667,1.6666666666666667,0.0,1.6666666666666667,0.6666666666666666,5.333333333333333,3.6666666666666665,0.0,0.0,0.0,0.0,0.0,0.0,0.6666666666666666,1.6666666666666667,0.0,0.0,0.0,0.0,0.0,0.0,0.0,0.0,2.3333333333333335,19.666666666666668,12.666666666666666,2.3333333333333335
002018,Matt Moore,CAN,Cannons,5,A,Attack,2022-06-18,2025-06-07,11.0,8.0,8.0,0.0,8.0,3.0,28.0,21,4.0,0.0,0.0,0.0,0.0,0.0,6.0,8.0,0.0,0,0,0,0.0,0.0,0.0,0.0,9.0,101.0,65.0,0.2857142857142857,0.75,,,,,0.3333333333333333,0.0,2.2,1.6,1.6,0.0,1.6,0.6,5.6,4.2,0.8,0.0,0.0,0.0,0.0,0.0,1.2,1.6,0.0,0.0,0.0,0.0,0.0,0.0,0.0,0.0,1.8,20.2,13.0,1.8
002018,Matt Moore,CHA,Chaos,5,A,Attack,2022-06-11,2024-08-04,8.0,4.0,4.0,0.0,4.0,4.0,21.0,15,3.0,0.0,0.0,0.0,0.0,0.0,4.0,7.0,0.0,0,0,0,0.0,0.0,0.0,0.0,18.0,111.0,83.0,0.19047619047619047,0.7142857142857143,,,,,0.2222222222222222,0.0,1.6,0.8,0.8,0.0,0.8,0.8,4.2,3.0,0.6,0.0,0.0,0.0,0.0,0.0,0.8,1.4,0.0,0.0,0.0,0.0,0.0,0.0,0.0,0.0,3.6,22.2,16.6,3.6
002018,Matt Moore,OUT,Outlaws,5,A,Attack,2022-06-05,2025-06-22,2.0,1.0,1.0,0.0,1.0,1.0,20.0,9,2.0,0.0,0.0,0.0,0.0,0.0,3.0,6.0,1.0,0,0,0,0.0,0.0,0.0,0.0,8.0,97.0,71.0,0.05,0.45,,,,,0.125,0.0,0.4,0.2,0.2,0.0,0.2,0.2,4.0,1.8,0.4,0.0,0.0,0.0,0.0,0.0,0.6,1.2,0.2,0.0,0.0,0.0,0.0,0.0,0.0,0.0,1.6,19.4,14.2,1.6
002018,Matt Moore,RED,Redwoods,4,A,Attack,2022-07-01,2025-06-14,10.0,7.0,5.0,1.0,6.0,3.0,26.0,17,3.0,0.0,0.0,0.0,0.0,0.0,6.0,6.0,0.0,0,0,0,0.0,0.0,1.0,0.5,6.0,88.0,56.0,0.23076923076923078,0.6538461538461539,,,,,0.5,0.3333333333333333,2.5,1.75,1.25,0.25,1.5,0.75,6.5,4.25,0.75,0.0,0.0,0.0,0.0,0.0,1.5,1.5,0.0,0.0,0.0,0.0,0.0,0.0,0.25,0.125,1.5,22.0,14.0,1.5
002018,Matt Moore,WAT,Waterdogs,3,A,Attack,2022-08-21,2024-06-01,6.0,4.0,4.0,0.0,4.0,2.0,13.0,9,2.0,0.0,0.0,0.0,0.0,0.0,5.0,4.0,0.0,0,0,0,0.0,0.0,0.0,0.0,9.0,81.0,64.0,0.3076923076923077,0.6923076923076923,,,,,0.2222222222222222,0.0,2.0,1.3333333333333333,1.3333333333333333,0.0,1.3333333333333333,0.6666666666666666,4.333333333333333,3.0,0.6666666666666666,0.0,0.0,0.0,0.0,0.0,1.6666666666666667,1.3333333333333333,0.0,0.0,0.0,0.0,0.0,0.0,0.0,0.0,3.0,27.0,21.333333333333332,3.0
002018,Matt Moore,WHP,Whipsnakes,4,A,Attack,2022-08-06,2025-05-31,9.0,8.0,8.0,0.0,8.0,1.0,23.0,12,2.0,0.0,0.0,0.0,0.0,0.0,6.0,3.0,0.0,0,0,0,0.0,0.0,2.0,2.0,9.0,101.0,75.0,0.34782608695652173,0.5217391304347826,,,,,0.1111111111111111,0.0,2.25,2.0,2.0,0.0,2.0,0.25,5.75,3.0,0.5,0.0,0.0,0.0,0.0,0.0,1.5,0.75,0.0,0.0,0.0,0.0,0.0,0.0,0.5,0.5,2.25,25.25,18.75,2.25
002019,Koby Smith,ARC,Archers,4,LSM,Long Stick Midfield,2022-06-26,2024-08-10,0.0,0.0,0.0,0.0,0.0,0.0,3.0,0,1.0,0.0,0.0,0.0,0.0,0.0,1.0,1.0,0.0,0,0,0,0.0,0.0,0.0,0.0,2.0,14.0,10.0,0.0,0.0,,,,,0.0,0.0,0.0,0.0,0.0,0.0,0.0,0.0,0.75,0.0,0.25,0.0,0.0,0.0,0.0,0.0,0.25,0.25,0.0,0.0,0.0,0.0,0.0,0.0,0.0,0.0,0.5,3.5,2.5,0.5
002019,Koby Smith,CAN,Cannons,4,LSM,Long Stick Midfield,2022-06-11,2025-05-31,3.0,3.0,1.0,1.0,2.0,0.0,5.0,4,2.0,0.0,0.0,0.0,0.0,0.0,4.0,1.0,2.0,0,0,0,0.0,0.0,0.0,0.0,1.0,14.0,8.0,0.4,0.8,,,,,0.0,0.5,0.75,0.75,0.25,0.25,0.5,0.0,1.25,1.0,0.5,0.0,0.0,0.0,0.0,0.0,1.0,0.25,0.5,0.0,0.0,0.0,0.0,0.0,0.0,0.0,0.25,3.5,2.0,0.25
002019,Koby Smith,CHA,Chaos,3,LSM,Long Stick Midfield,2022-08-21,2024-06-08,0.0,0.0,0.0,0.0,0.0,0.0,2.0,0,1.0,0.0,0.0,0.0,0.0,0.0,6.0,3.0,2.0,0,0,0,0.0,0.0,1.0,1.0,1.0,16.0,11.0,0.0,0.0,,,,,0.0,0.0,0.0,0.0,0.0,0.0,0.0,0.0,0.6666666666666666,0.0,0.3333333333333333,0.0,0.0,0.0,0.0,0.0,2.0,1.0,0.6666666666666666,0.0,0.0,0.0,0.0,0.0,0.3333333333333333,0.3333333333333333,0.3333333333333333,5.333333333333333,3.6666666666666665,0.3333333333333333
002019,Koby Smith,OUT,Outlaws,4,LSM,Long Stick Midfield,2022-07-02,2025-08-02,3.0,2.0,0.0,1.0,1.0,1.0,2.0,2,2.0,0.0,0.0,0.0,0.0,0.0,3.0,2.0,2.0,0,0,0,0.0,0.0,1.0,0.5,2.0,11.0,7.0,0.5,1.0,,,,,0.5,0.5,0.75,0.5,0.0,0.25,0.25,0.25,0.5,0.5,0.5,0.0,0.0,0.0,0.0,0.0,0.75,0.5,0.5,0.0,0.0,0.0,0.0,0.0,0.25,0.125,0.5,2.75,1.75,0.5
002019,Koby Smith,RED,Redwoods,3,LSM,Long Stick Midfield,2022-06-04,2024-06-16,0.0,0.0,0.0,0.0,0.0,0.0,1.0,1,1.0,0.0,0.0,0.0,0.0,0.0,6.0,0.0,1.0,0,0,0,0.0,0.0,1.0,1.0,2.0,13.0,12.0,0.0,1.0,,,,,0.0,0.0,0.0,0.0,0.0,0.0,0.0,0.0,0.3333333333333333,0.3333333333333333,0.3333333333333333,0.0,0.0,0.0,0.0,0.0,2.0,0.0,0.3333333333333333,0.0,0.0,0.0,0.0,0.0,0.3333333333333333,0.3333333333333333,0.6666666666666666,4.333333333333333,4.0,0.6666666666666666
002019,Koby Smith,WAT,Waterdogs,3,LSM,Long Stick Midfield,2022-08-06,2024-08-17,3.0,2.0,0.0,1.0,1.0,1.0,5.0,4,4.0,0.0,0.0,0.0,0.0,0.0,5.0,1.0,2.0,0,0,0,0.0,0.0,0.0,0.0,1.0,17.0,11.0,0.2,0.8,,,,,1.0,0.25,1.0,0.6666666666666666,0.0,0.3333333333333333,0.3333333333333333,0.3333333333333333,1.6666666666666667,1.3333333333333333,1.3333333333333333,0.0,0.0,0.0,0.0,0.0,1.6666666666666667,0.3333333333333333,0.6666666666666666,0.0,0.0,0.0,0.0,0.0,0.0,0.0,0.3333333333333333,5.666666666666667,3.6666666666666665,0.3333333333333333
002019,Koby Smith,WHP,Whipsnakes,4,LSM,Long Stick Midfield,2022-06-18,2024-06-28,4.0,4.0,0.0,2.0,2.0,0.0,3.0,3,3.0,0.0,0.0,0.0,0.0,0.0,5.0,2.0,2.0,0,0,0,0.0,0.0,1.0,1.0,0.0,14.0,9.0,0.6666666666666666,1.0,,,,,,0.6666666666666666,1.0,1.0,0.0,0.5,0.5,0.0,0.75,0.75,0.75,0.0,0.0,0.0,0.0,0.0,1.25,0.5,0.5,0.0,0.0,0.0,0.0,0.0,0.25,0.25,0.0,3.5,2.25,0.0
002020,Brett Kennedy,ARC,Archers,2,D,Defense,2022-06-11,2023-07-09,0.0,0.0,0.0,0.0,0.0,0.0,0.0,0,0.0,0.0,0.0,0.0,0.0,0.0,5.0,1.0,1.0,0,0,0,0.0,0.0,1.0,1.0,0.0,7.0,6.0,,,,,,,,,0.0,0.0,0.0,0.0,0.0,0.0,0.0,0.0,0.0,0.0,0.0,0.0,0.0,0.0,2.5,0.5,0.5,0.0,0.0,0.0,0.0,0.0,0.5,0.5,0.0,3.5,3.0,0.0
002020,Brett Kennedy,CHA,Chaos,1,LSM,Long Stick Midfield,2023-07-30,2023-07-30,0.0,0.0,0.0,0.0,0.0,0.0,0.0,0,0.0,0.0,0.0,0.0,0.0,0.0,3.0,2.0,1.0,0,0,0,0.0,0.0,0.0,0.0,0.0,10.0,8.0,,,,,,,,,0.0,0.0,0.0,0.0,0.0,0.0,0.0,0.0,0.0,0.0,0.0,0.0,0.0,0.0,3.0,2.0,1.0,0.0,0.0,0.0,0.0,0.0,0.0,0.0,0.0,10.0,8.0,0.0
002020,Brett Kennedy,RED,Redwoods,1,D,Defense,2022-06-18,2022-06-18,0.0,0.0,0.0,0.0,0.0,0.0,0.0,0,0.0,0.0,0.0,0.0,0.0,0.0,0.0,0.0,0.0,0,0,0,0.0,0.0,0.0,0.0,0.0,3.0,3.0,,,,,,,,,0.0,0.0,0.0,0.0,0.0,0.0,0.0,0.0,0.0,0.0,0.0,0.0,0.0,0.0,0.0,0.0,0.0,0.0,0.0,0.0,0.0,0.0,0.0,0.0,0.0,3.0,3.0,0.0
002020,Brett Kennedy,WAT,Waterdogs,3,LSM,Long Stick Midfield,2022-06-25,2024-06-16,1.0,0.0,0.0,0.0,0.0,1.0,0.0,0,0.0,0.0,0.0,0.0,0.0,0.0,4.0,1.0,2.0,0,0,0,0.0,0.0,0.0,0.0,1.0,15.0,14.0,,,,,,,1.0,,0.3333333333333333,0.0,0.0,0.0,0.0,0.3333333333333333,0.0,0.0,0.0,0.0,0.0,0.0,0.0,0.0,1.3333333333333333,0.3333333333333333,0.6666666666666666,0.0,0.0,0.0,0.0,0.0,0.0,0.0,0.3333333333333333,5.0,4.666666666666667,0.3333333333333333
002020,Brett Kennedy,WHP,Whipsnakes,2,D,Defense,2022-06-04,2022-07-23,0.0,0.0,0.0,0.0,0.0,0.0,0.0,0,0.0,0.0,0.0,0.0,0.0,0.0,3.0,1.0,1.0,0,0,0,0.0,0.0,1.0,0.5,1.0,12.0,11.0,,,,,,,0.0,,0.0,0.0,0.0,0.0,0.0,0.0,0.0,0.0,0.0,0.0,0.0,0.0,0.0,0.0,1.5,0.5,0.5,0.0,0.0,0.0,0.0,0.0,0.5,0.25,0.5,6.0,5.5,0.5
002021,Roman Puglise,ARC,Archers,4,SSDM,Defensive Midfield,2023-07-09,2025-05-31,0.0,0.0,0.0,0.0,0.0,0.0,3.0,1,1.0,0.0,0.0,0.0,0.0,0.0,9.0,2.0,0.0,0,0,0,0.0,0.0,2.0,2.5,2.0,35.0,30.0,0.0,0.3333333333333333,,,,,0.0,0.0,0.0,0.0,0.0,0.0,0.0,0.0,0.75,0.25,0.25,0.0,0.0,0.0,0.0,0.0,2.25,0.5,0.0,0.0,0.0,0.0,0.0,0.0,0.5,0.625,0.5,8.75,7.5,0.5
002021,Roman Puglise,ATL,Atlas,4,SSDM,Defensive Midfield,2023-06-10,2025-06-14,2.0,2.0,2.0,0.0,2.0,0.0,7.0,3,0.0,0.0,0.0,0.0,0.0,0.0,7.0,2.0,0.0,0,0,0,0.0,0.0,0.0,0.0,1.0,34.0,25.0,0.2857142857142857,0.42857142857142855,,,,,0.0,,0.5,0.5,0.5,0.0,0.5,0.0,1.75,0.75,0.0,0.0,0.0,0.0,0.0,0.0,1.75,0.5,0.0,0.0,0.0,0.0,0.0,0.0,0.0,0.0,0.25,8.5,6.25,0.25
002021,Roman Puglise,CAN,Cannons,5,SSDM,Defensive Midfield,2023-08-26,2025-08-09,2.0,2.0,0.0,1.0,1.0,0.0,3.0,1,2.0,0.0,0.0,0.0,0.0,0.0,5.0,1.0,1.0,0,1,1,0.0,0.0,3.0,2.0,0.0,42.0,38.0,0.3333333333333333,0.3333333333333333,0.0,,,,,0.5,0.4,0.4,0.0,0.2,0.2,0.0,0.6,0.2,0.4,0.0,0.0,0.0,0.0,0.0,1.0,0.2,0.2,0.0,0.2,0.2,0.0,0.0,0.6,0.4,0.0,8.4,7.6,0.0
002021,Roman Puglise,CHA,Chaos,4,SSDM,Defensive Midfield,2023-07-30,2025-06-22,7.0,7.0,3.0,2.0,5.0,0.0,5.0,5,2.0,0.0,0.0,0.0,0.0,0.0,1.0,4.0,1.0,0,0,0,0.0,0.0,1.0,0.5,0.0,35.0,26.0,1.0,1.0,,,,,,1.0,1.75,1.75,0.75,0.5,1.25,0.0,1.25,1.25,0.5,0.0,0.0,0.0,0.0,0.0,0.25,1.0,0.25,0.0,0.0,0.0,0.0,0.0,0.25,0.125,0.0,8.75,6.5,0.0
002021,Roman Puglise,OUT,Outlaws,4,SSDM,Defensive Midfield,2023-06-04,2025-07-13,0.0,0.0,0.0,0.0,0.0,0.0,0.0,0,0.0,0.0,0.0,0.0,0.0,0.0,6.0,1.0,0.0,0,0,0,0.0,0.0,1.0,0.5,3.0,31.0,30.0,,,,,,,0.0,,0.0,0.0,0.0,0.0,0.0,0.0,0.0,0.0,0.0,0.0,0.0,0.0,0.0,0.0,1.5,0.25,0.0,0.0,0.0,0.0,0.0,0.0,0.25,0.125,0.75,7.75,7.5,0.75
002021,Roman Puglise,RED,Redwoods,2,SSDM,Defensive Midfield,2023-06-17,2024-07-28,0.0,0.0,0.0,0.0,0.0,0.0,2.0,1,0.0,0.0,0.0,0.0,0.0,0.0,4.0,1.0,2.0,0,0,0,0.0,0.0,2.0,2.5,1.0,19.0,16.0,0.0,0.5,,,,,0.0,,0.0,0.0,0.0,0.0,0.0,0.0,1.0,0.5,0.0,0.0,0.0,0.0,0.0,0.0,2.0,0.5,1.0,0.0,0.0,0.0,0.0,0.0,1.0,1.25,0.5,9.5,8.0,0.5
002021,Roman Puglise,WAT,Waterdogs,4,SSDM,Defensive Midfield,2024-06-16,2025-07-20,2.0,0.0,0.0,0.0,0.0,2.0,1.0,1,1.0,0.0,0.0,0.0,0.0,0.0,1.0,2.0,1.0,0,0,0,0.0,0.0,0.0,0.0,3.0,42.0,39.0,0.0,1.0,,,,,0.6666666666666666,0.0,0.5,0.0,0.0,0.0,0.0,0.5,0.25,0.25,0.25,0.0,0.0,0.0,0.0,0.0,0.25,0.5,0.25,0.0,0.0,0.0,0.0,0.0,0.0,0.0,0.75,10.5,9.75,0.75
002022,Zach Geddes,ARC,Archers,8,SSDM,Defensive Midfield,2022-08-13,2026-07-25,2.0,1.0,1.0,0.0,1.0,1.0,5.0,3,1.0,0.0,0.0,0.0,0.0,0.0,11.0,3.0,2.0,0,4,4,0.0,0.0,2.0,1.0,1.0,54.0,46.0,0.2,0.6,0.0,,,,1.0,0.0,0.25,0.125,0.125,0.0,0.125,0.125,0.625,0.375,0.125,0.0,0.0,0.0,0.0,0.0,1.375,0.375,0.25,0.0,0.5,0.5,0.0,0.0,0.25,0.125,0.125,6.75,5.75,0.125
002022,Zach Geddes,ATL,Atlas,5,SSDM,Defensive Midfield,2023-07-16,2026-08-08,9.0,6.0,4.0,1.0,5.0,3.0,10.0,9,3.0,0.0,0.0,0.0,0.0,0.0,8.0,0.0,1.0,0,1,1,0.0,0.0,1.0,0.5,8.0,44.0,34.0,0.5,0.9,0.0,,,,0.375,0.3333333333333333,1.8,1.2,0.8,0.2,1.0,0.6,2.0,1.8,0.6,0.0,0.0,0.0,0.0,0.0,1.6,0.0,0.2,0.0,0.2,0.2,0.0,0.0,0.2,0.1,1.6,8.8,6.8,1.6
002022,Zach Geddes,CAN,Cannons,5,SSDM,Defensive Midfield,2022-07-02,2026-07-11,1.0,0.0,0.0,0.0,0.0,1.0,5.0,3,1.0,0.0,0.0,0.0,0.0,0.0,6.0,2.0,4.0,0,1,1,0.0,0.0,0.0,0.0,2.0,37.0,30.0,0.0,0.6,0.0,,,,0.5,0.0,0.2,0.0,0.0,0.0,0.0,0.2,1.0,0.6,0.2,0.0,0.0,0.0,0.0,0.0,1.2,0.4,0.8,0.0,0.2,0.2,0.0,0.0,0.0,0.0,0.4,7.4,6.0,0.4
002022,Zach Geddes,CHA,Chaos,4,SSDM,Defensive Midfield,2025-06-06,2026-07-18,1.0,1.0,1.0,0.0,1.0,0.0,5.0,3,0.0,0.0,0.0,0.0,0.0,0.0,6.0,2.0,1.0,0,1,1,0.0,0.0,0.0,0.0,1.0,32.0,25.0,0.2,0.6,0.0,,,,0.0,,0.25,0.25,0.25,0.0,0.25,0.0,1.25,0.75,0.0,0.0,0.0,0.0,0.0,0.0,1.5,0.5,0.25,0.0,0.25,0.25,0.0,0.0,0.0,0.0,0.25,8.0,6.25,0.25
002022,Zach Geddes,OUT,Outlaws,4,SSDM,Defensive Midfield,2022-08-06,2024-08-10,0.0,0.0,0.0,0.0,0.0,0.0,5.0,2,2.0,0.0,0.0,0.0,0.0,0.0,9.0,1.0,2.0,0,0,0,0.0,0.0,2.0,1.0,4.0,28.0,22.0,0.0,0.4,,,,,0.0,0.0,0.0,0.0,0.0,0.0,0.0,0.0,1.25,0.5,0.5,0.0,0.0,0.0,0.0,0.0,2.25,0.25,0.5,0.0,0.0,0.0,0.0,0.0,0.5,0.25,1.0,7.0,5.5,1.0
002022,Zach Geddes,RED,Redwoods,9,SSDM,Defensive Midfield,2022-06-18,2026-05-16,7.0,6.0,4.0,1.0,5.0,1.0,15.0,9,4.0,0.0,0.0,0.0,0.0,0.0,15.0,2.0,4.0,0,0,0,0.0,0.0,2.0,1.0,4.0,84.0,67.0,0.3333333333333333,0.6,,,,,0.25,0.25,0.7777777777777778,0.6666666666666666,0.4444444444444444,0.1111111111111111,0.5555555555555556,0.1111111111111111,1.6666666666666667,1.0,0.4444444444444444,0.0,0.0,0.0,0.0,0.0,1.6666666666666667,0.2222222222222222,0.4444444444444444,0.0,0.0,0.0,0.0,0.0,0.2222222222222222,0.1111111111111111,0.4444444444444444,9.333333333333334,7.444444444444445,0.4444444444444444
002022,Zach Geddes,WAT,Waterdogs,5,SSDM,Defensive Midfield,2023-06-04,2026-07-26,1.0,0.0,0.0,0.0,0.0,1.0,2.0,0,0.0,0.0,0.0,0.0,0.0,0.0,7.0,1.0,3.0,1,0,1,0.0,0.0,2.0,1.0,1.0,33.0,30.0,0.0,0.0,1.0,,,,1.0,,0.2,0.0,0.0,0.0,0.0,0.2,0.4,0.0,0.0,0.0,0.0,0.0,0.0,0.0,1.4,0.2,0.6,0.2,0.0,0.2,0.0,0.0,0.4,0.2,0.2,6.6,6.0,0.2
002022,Zach Geddes,WHP,Whipsnakes,7,SSDM,Defensive Midfield,2022-06-04,2026-08-01,4.0,4.0,4.0,0.0,4.0,0.0,4.0,4,0.0,0.0,0.0,0.0,0.0,0.0,10.0,0.0,5.0,0,0,0,0.0,0.0,0.0,0.0,2.0,58.0,54.0,1.0,1.0,,,,,0.0,,0.5714285714285714,0.5714285714285714,0.5714285714285714,0.0,0.5714285714285714,0.0,0.5714285714285714,0.5714285714285714,0.0,0.0,0.0,0.0,0.0,0.0,1.4285714285714286,0.0,0.7142857142857143,0.0,0.0,0.0,0.0,0.0,0.0,0.0,0.2857142857142857,8.285714285714286,7.714285714285714,0.2857142857142857
002023,Brendan Nichtern,ARC,Archers,2,A,Attack,2022-06-05,2026-06-05,3.0,2.0,2.0,0.0,2.0,1.0,7.0,3,0.0,0.0,0.0,0.0,0.0,0.0,1.0,6.0,0.0,0,0,0,0.0,0.0,0.0,0.0,7.0,75.0,62.0,0.2857142857142857,0.42857142857142855,,,,,0.14285714285714285,,1.5,1.0,1.0,0.0,1.0,0.5,3.5,1.5,0.0,0.0,0.0,0.0,0.0,0.0,0.5,3.0,0.0,0.0,0.0,0.0,0.0,0.0,0.0,0.0,3.5,37.5,31.0,3.5
002023,Brendan Nichtern,ATL,Atlas,2,A,Attack,2022-07-02,2026-05-09,4.0,3.0,3.0,0.0,3.0,1.0,10.0,8,0.0,0.0,0.0,0.0,0.0,0.0,1.0,6.0,1.0,0,0,0,0.0,0.0,0.0,0.0,5.0,74.0,58.0,0.3,0.8,,,,,0.2,,2.0,1.5,1.5,0.0,1.5,0.5,5.0,4.0,0.0,0.0,0.0,0.0,0.0,0.0,0.5,3.0,0.5,0.0,0.0,0.0,0.0,0.0,0.0,0.0,2.5,37.0,29.0,2.5
002023,Brendan Nichtern,CAN,Cannons,4,A,Attack,2022-06-25,2026-05-15,14.0,4.0,4.0,0.0,4.0,10.0,23.0,11,0.0,0.0,0.0,0.0,0.0,0.0,4.0,14.0,2.0,0,0,0,0.0,0.0,0.0,0.0,18.0,164.0,127.0,0.17391304347826086,0.4782608695652174,,,,,0.5555555555555556,,3.5,1.0,1.0,0.0,1.0,2.5,5.75,2.75,0.0,0.0,0.0,0.0,0.0,0.0,1.0,3.5,0.5,0.0,0.0,0.0,0.0,0.0,0.0,0.0,4.5,41.0,31.75,4.5
002023,Brendan Nichtern,CHA,Chaos,1,A,Attack,2022-08-06,2022-08-06,3.0,2.0,2.0,0.0,2.0,1.0,5.0,5,0.0,0.0,0.0,0.0,0.0,0.0,1.0,4.0,0.0,0,0,0,0.0,0.0,0.0,0.0,3.0,51.0,42.0,0.4,1.0,,,,,0.3333333333333333,,3.0,2.0,2.0,0.0,2.0,1.0,5.0,5.0,0.0,0.0,0.0,0.0,0.0,0.0,1.0,4.0,0.0,0.0,0.0,0.0,0.0,0.0,0.0,0.0,3.0,51.0,42.0,3.0
002023,Brendan Nichtern,OUT,Outlaws,1,A,Attack,2026-06-06,2026-06-06,3.0,1.0,1.0,0.0,1.0,2.0,1.0,1,0.0,0.0,0.0,0.0,0.0,0.0,2.0,0.0,0.0,0,0,0,0.0,0.0,0.0,0.0,6.0,27.0,26.0,1.0,1.0,,,,,0.3333333333333333,,3.0,1.0,1.0,0.0,1.0,2.0,1.0,1.0,0.0,0.0,0.0,0.0,0.0,0.0,2.0,0.0,0.0,0.0,0.0,0.0,0.0,0.0,0.0,0.0,6.0,27.0,26.0,6.0
002023,Brendan Nichtern,RED,Redwoods,3,A,Attack,2022-06-10,2026-06-28,8.0,4.0,4.0,0.0,4.0,4.0,16.0,12,1.0,0.0,0.0,0.0,0.0,0.0,7.0,8.0,0.0,0,0,0,0.0,0.0,1.0,0.5,8.0,103.0,79.0,0.25,0.75,,,,,0.5,0.0,2.6666666666666665,1.3333333333333333,1.3333333333333333,0.0,1.3333333333333333,1.3333333333333333,5.333333333333333,4.0,0.3333333333333333,0.0,0.0,0.0,0.0,0.0,2.3333333333333335,2.6666666666666665,0.0,0.0,0.0,0.0,0.0,0.0,0.3333333333333333,0.16666666666666666,2.6666666666666665,34.333333333333336,26.333333333333332,2.6666666666666665
002023,Brendan Nichtern,WAT,Waterdogs,4,A,Attack,2022-06-17,2026-05-31,14.0,8.0,8.0,0.0,8.0,6.0,21.0,14,0.0,0.0,0.0,0.0,0.0,0.0,5.0,13.0,2.0,0,0,0,0.0,0.0,3.0,1.5,18.0,161.0,127.0,0.38095238095238093,0.6666666666666666,,,,,0.3333333333333333,,3.5,2.0,2.0,0.0,2.0,1.5,5.25,3.5,0.0,0.0,0.0,0.0,0.0,0.0,1.25,3.25,0.5,0.0,0.0,0.0,0.0,0.0,0.75,0.375,4.5,40.25,31.75,4.5
002023,Brendan Nichtern,WHP,Whipsnakes,1,A,Attack,2022-07-30,2022-07-30,4.0,1.0,1.0,0.0,1.0,3.0,5.0,4,0.0,0.0,0.0,0.0,0.0,0.0,0.0,3.0,0.0,0,0,0,0.0,0.0,0.0,0.0,10.0,44.0,36.0,0.2,0.8,,,,,0.3,,4.0,1.0,1.0,0.0,1.0,3.0,5.0,4.0,0.0,0.0,0.0,0.0,0.0,0.0,0.0,3.0,0.0,0.0,0.0,0.0,0.0,0.0,0.0,0.0,10.0,44.0,36.0,10.0
002024,Asher Nolting,ARC,Archers,5,A,Attack,2022-06-18,2025-06-07,12.0,3.0,3.0,0.0,3.0,9.0,27.0,16,0.0,0.0,0.0,0.0,0.0,0.0,6.0,18.0,1.0,0,0,0,0.0,0.0,0.0,0.0,27.0,177.0,132.0,0.1111111111111111,0.5925925925925926,,,,,0.3333333333333333,,2.4,0.6,0.6,0.0,0.6,1.8,5.4,3.2,0.0,0.0,0.0,0.0,0.0,0.0,1.2,3.6,0.2,0.0,0.0,0.0,0.0,0.0,0.0,0.0,5.4,35.4,26.4,5.4
002024,Asher Nolting,ATL,Atlas,7,A,Attack,2022-06-11,2025-07-11,24.0,7.0,7.0,0.0,7.0,17.0,21.0,13,0.0,0.0,0.0,0.0,0.0,0.0,13.0,10.0,0.0,0,1,1,0.0,0.0,2.0,2.0,47.0,171.0,140.0,0.3333333333333333,0.6190476190476191,0.0,,,,0.3617021276595745,,3.4285714285714284,1.0,1.0,0.0,1.0,2.4285714285714284,3.0,1.8571428571428572,0.0,0.0,0.0,0.0,0.0,0.0,1.8571428571428572,1.4285714285714286,0.0,0.0,0.14285714285714285,0.14285714285714285,0.0,0.0,0.2857142857142857,0.2857142857142857,6.714285714285714,24.428571428571427,20.0,6.714285714285714
002024,Asher Nolting,CHA,Chaos,5,A,Attack,2022-07-02,2026-05-15,14.0,5.0,5.0,0.0,5.0,9.0,28.0,22,1.0,0.0,0.0,0.0,0.0,0.0,9.0,21.0,3.0,0,0,0,0.0,0.0,2.0,1.5,30.0,212.0,163.0,0.17857142857142858,0.7857142857142857,,,,,0.3,0.0,2.8,1.0,1.0,0.0,1.0,1.8,5.6,4.4,0.2,0.0,0.0,0.0,0.0,0.0,1.8,4.2,0.6,0.0,0.0,0.0,0.0,0.0,0.4,0.3,6.0,42.4,32.6,6.0
002024,Asher Nolting,OUT,Outlaws,6,A,Attack,2022-06-25,2025-07-19,27.0,14.0,14.0,0.0,14.0,13.0,30.0,25,0.0,0.0,0.0,0.0,0.0,0.0,9.0,17.0,3.0,0,0,0,0.0,0.0,3.0,1.5,36.0,193.0,146.0,0.4666666666666667,0.8333333333333334,,,,,0.3611111111111111,,4.5,2.3333333333333335,2.3333333333333335,0.0,2.3333333333333335,2.1666666666666665,5.0,4.166666666666667,0.0,0.0,0.0,0.0,0.0,0.0,1.5,2.8333333333333335,0.5,0.0,0.0,0.0,0.0,0.0,0.5,0.25,6.0,32.166666666666664,24.333333333333332,6.0
002024,Asher Nolting,RED,Redwoods,5,A,Attack,2022-08-06,2025-08-08,20.0,9.0,9.0,0.0,9.0,11.0,23.0,16,0.0,0.0,0.0,0.0,0.0,0.0,6.0,9.0,0.0,0,0,0,0.0,0.0,2.0,1.0,37.0,159.0,127.0,0.391304347826087,0.6956521739130435,,,,,0.2972972972972973,,4.0,1.8,1.8,0.0,1.8,2.2,4.6,3.2,0.0,0.0,0.0,0.0,0.0,0.0,1.2,1.8,0.0,0.0,0.0,0.0,0.0,0.0,0.4,0.2,7.4,31.8,25.4,7.4
002024,Asher Nolting,WAT,Waterdogs,7,A,Attack,2022-06-05,2025-08-02,19.0,9.0,9.0,0.0,9.0,10.0,29.0,21,0.0,0.0,0.0,0.0,0.0,0.0,7.0,17.0,0.0,0,0,0,0.0,0.0,2.0,1.5,31.0,173.0,127.0,0.3103448275862069,0.7241379310344828,,,,,0.3225806451612903,,2.7142857142857144,1.2857142857142858,1.2857142857142858,0.0,1.2857142857142858,1.4285714285714286,4.142857142857143,3.0,0.0,0.0,0.0,0.0,0.0,0.0,1.0,2.4285714285714284,0.0,0.0,0.0,0.0,0.0,0.0,0.2857142857142857,0.21428571428571427,4.428571428571429,24.714285714285715,18.142857142857142,4.428571428571429
002024,Asher Nolting,WHP,Whipsnakes,6,A,Attack,2022-08-21,2025-08-09,25.0,9.0,9.0,0.0,9.0,16.0,28.0,19,0.0,0.0,0.0,0.0,0.0,0.0,7.0,12.0,0.0,0,0,0,0.0,0.0,0.0,0.0,46.0,184.0,144.0,0.32142857142857145,0.6785714285714286,,,,,0.34782608695652173,,4.166666666666667,1.5,1.5,0.0,1.5,2.6666666666666665,4.666666666666667,3.1666666666666665,0.0,0.0,0.0,0.0,0.0,0.0,1.1666666666666667,2.0,0.0,0.0,0.0,0.0,0.0,0.0,0.0,0.0,7.666666666666667,30.666666666666668,24.0,7.666666666666667
002025,Bubba Fairman,ARC,Archers,4,SSDM,Defensive Midfield,2022-06-18,2024-06-29,3.0,1.0,1.0,0.0,1.0,2.0,3.0,2,0.0,0.0,0.0,0.0,0.0,0.0,3.0,1.0,1.0,0,0,0,0.0,0.0,0.0,0.0,3.0,30.0,26.0,0.3333333333333333,0.6666666666666666,,,,,0.6666666666666666,,0.75,0.25,0.25,0.0,0.25,0.5,0.75,0.5,0.0,0.0,0.0,0.0,0.0,0.0,0.75,0.25,0.25,0.0,0.0,0.0,0.0,0.0,0.0,0.0,0.75,7.5,6.5,0.75
002025,Bubba Fairman,ATL,Atlas,5,SSDM,Defensive Midfield,2022-06-11,2024-07-20,2.0,0.0,0.0,0.0,0.0,2.0,2.0,1,1.0,0.0,0.0,0.0,0.0,0.0,5.0,0.0,6.0,2,2,4,0.0,0.0,1.0,0.5,4.0,39.0,37.0,0.0,0.5,0.5,,,,0.5,0.0,0.4,0.0,0.0,0.0,0.0,0.4,0.4,0.2,0.2,0.0,0.0,0.0,0.0,0.0,1.0,0.0,1.2,0.4,0.4,0.8,0.0,0.0,0.2,0.1,0.8,7.8,7.4,0.8
002025,Bubba Fairman,CHA,Chaos,3,SSDM,Defensive Midfield,2022-07-02,2024-08-17,1.0,1.0,1.0,0.0,1.0,0.0,4.0,4,0.0,0.0,0.0,0.0,0.0,0.0,8.0,0.0,2.0,0,0,0,0.0,0.0,0.0,0.0,1.0,35.0,31.0,0.25,1.0,,,,,0.0,,0.3333333333333333,0.3333333333333333,0.3333333333333333,0.0,0.3333333333333333,0.0,1.3333333333333333,1.3333333333333333,0.0,0.0,0.0,0.0,0.0,0.0,2.6666666666666665,0.0,0.6666666666666666,0.0,0.0,0.0,0.0,0.0,0.0,0.0,0.3333333333333333,11.666666666666666,10.333333333333334,0.3333333333333333
002025,Bubba Fairman,OUT,Outlaws,5,SSDM,Defensive Midfield,2022-06-25,2024-07-27,2.0,2.0,2.0,0.0,2.0,0.0,4.0,3,0.0,0.0,0.0,0.0,0.0,0.0,8.0,1.0,3.0,0,0,0,0.0,0.0,3.0,2.5,3.0,46.0,41.0,0.5,0.75,,,,,0.0,,0.4,0.4,0.4,0.0,0.4,0.0,0.8,0.6,0.0,0.0,0.0,0.0,0.0,0.0,1.6,0.2,0.6,0.0,0.0,0.0,0.0,0.0,0.6,0.5,0.6,9.2,8.2,0.6
002025,Bubba Fairman,RED,Redwoods,4,SSDM,Defensive Midfield,2022-08-06,2024-07-05,2.0,0.0,0.0,0.0,0.0,2.0,4.0,2,0.0,0.0,0.0,0.0,0.0,0.0,4.0,1.0,4.0,0,0,0,0.0,0.0,0.0,0.0,4.0,30.0,25.0,0.0,0.5,,,,,0.5,,0.5,0.0,0.0,0.0,0.0,0.5,1.0,0.5,0.0,0.0,0.0,0.0,0.0,0.0,1.0,0.25,1.0,0.0,0.0,0.0,0.0,0.0,0.0,0.0,1.0,7.5,6.25,1.0
002025,Bubba Fairman,WAT,Waterdogs,4,SSDM,Defensive Midfield,2022-07-31,2024-07-06,0.0,0.0,0.0,0.0,0.0,0.0,4.0,3,0.0,0.0,0.0,0.0,0.0,0.0,6.0,5.0,1.0,0,1,1,0.0,0.0,1.0,0.5,0.0,38.0,29.0,0.0,0.75,0.0,,,,,,0.0,0.0,0.0,0.0,0.0,0.0,1.0,0.75,0.0,0.0,0.0,0.0,0.0,0.0,1.5,1.25,0.25,0.0,0.25,0.25,0.0,0.0,0.25,0.125,0.0,9.5,7.25,0.0
002025,Bubba Fairman,WHP,Whipsnakes,4,SSDM,Defensive Midfield,2022-08-21,2024-08-04,0.0,0.0,0.0,0.0,0.0,0.0,0.0,0,0.0,0.0,0.0,0.0,0.0,0.0,0.0,0.0,2.0,0,1,1,0.0,0.0,0.0,0.0,1.0,27.0,27.0,,,0.0,,,,0.0,,0.0,0.0,0.0,0.0,0.0,0.0,0.0,0.0,0.0,0.0,0.0,0.0,0.0,0.0,0.0,0.0,0.5,0.0,0.25,0.25,0.0,0.0,0.0,0.0,0.25,6.75,6.75,0.25
002026,Brett Dobson,ATL,Atlas,4,G,Goalie,2023-08-05,2026-07-11,0.0,0.0,0.0,0.0,0.0,0.0,0.0,0,0.0,46.0,21.0,25.0,43.0,42.78688524590164,12.0,1.0,1.0,0,0,0,41.0,2.0,0.0,0.0,2.0,72.0,71.0,,,,0.5287356321839081,45.65217391304348,0.2413793103448276,0.0,,0.0,0.0,0.0,0.0,0.0,0.0,0.0,0.0,0.0,11.5,5.25,6.25,10.75,10.69672131147541,3.0,0.25,0.25,0.0,0.0,0.0,10.25,0.5,0.0,0.0,0.5,18.0,17.75,0.5
002026,Brett Dobson,CAN,Cannons,4,G,Goalie,2023-06-03,2026-08-01,0.0,0.0,0.0,0.0,0.0,0.0,0.0,0,0.0,51.0,18.0,33.0,45.0,46.04818469202031,10.0,2.0,2.0,0,0,0,37.0,8.0,4.0,4.0,0.0,56.0,54.0,,,,0.5795454545454546,35.294117647058826,0.20454545454545456,,,0.0,0.0,0.0,0.0,0.0,0.0,0.0,0.0,0.0,12.75,4.5,8.25,11.25,11.512046173005077,2.5,0.5,0.5,0.0,0.0,0.0,9.25,2.0,1.0,1.0,0.0,14.0,13.5,0.0
002026,Brett Dobson,CHA,Chaos,7,G,Goalie,2023-06-17,2026-08-08,0.0,0.0,0.0,0.0,0.0,0.0,2.0,0,2.0,102.0,37.0,65.0,77.0,77.0,10.0,3.0,0.0,0,0,0,76.0,1.0,0.0,0.0,1.0,115.0,110.0,0.0,0.0,,0.5730337078651685,36.27450980392157,0.20786516853932585,0.0,0.0,0.0,0.0,0.0,0.0,0.0,0.0,0.2857142857142857,0.0,0.2857142857142857,14.571428571428571,5.285714285714286,9.285714285714286,11.0,11.0,1.4285714285714286,0.42857142857142855,0.0,0.0,0.0,0.0,10.857142857142858,0.14285714285714285,0.0,0.0,0.14285714285714285,16.428571428571427,15.714285714285714,0.14285714285714285
002026,Brett Dobson,OUT,Outlaws,7,G,Goalie,2023-06-09,2026-07-25,1.0,0.0,0.0,0.0,0.0,1.0,1.0,0,1.0,100.0,29.0,71.0,76.0,75.43127828640024,11.0,4.0,3.0,0,0,0,67.0,9.0,1.0,1.0,2.0,109.0,104.0,0.0,0.0,,0.5988023952095808,28.999999999999996,0.17365269461077845,0.5,0.0,0.14285714285714285,0.0,0.0,0.0,0.0,0.14285714285714285,0.14285714285714285,0.0,0.14285714285714285,14.285714285714286,4.142857142857143,10.142857142857142,10.857142857142858,10.775896898057178,1.5714285714285714,0.5714285714285714,0.42857142857142855,0.0,0.0,0.0,9.571428571428571,1.2857142857142858,0.14285714285714285,0.14285714285714285,0.2857142857142857,15.571428571428571,14.857142857142858,0.2857142857142857
002026,Brett Dobson,RED,Redwoods,6,G,Goalie,2023-07-15,2026-06-20,0.0,0.0,0.0,0.0,0.0,0.0,2.0,0,2.0,78.0,26.0,52.0,59.0,58.58176943699732,10.0,2.0,2.0,0,0,0,54.0,5.0,0.0,0.0,0.0,91.0,87.0,0.0,0.0,,0.5909090909090909,33.33333333333333,0.19696969696969696,,0.0,0.0,0.0,0.0,0.0,0.0,0.0,0.3333333333333333,0.0,0.3333333333333333,13.0,4.333333333333333,8.666666666666666,9.833333333333334,9.763628239499553,1.6666666666666667,0.3333333333333333,0.3333333333333333,0.0,0.0,0.0,9.0,0.8333333333333334,0.0,0.0,0.0,15.166666666666666,14.5,0.0
002026,Brett Dobson,WAT,Waterdogs,6,G,Goalie,2023-07-30,2026-07-18,0.0,0.0,0.0,0.0,0.0,0.0,1.0,1,1.0,85.0,20.0,65.0,70.0,76.0,9.0,2.0,2.0,0,0,0,66.0,4.0,0.0,0.0,0.0,71.0,68.0,0.0,1.0,,0.5629139072847682,23.52941176470588,0.13245033112582782,,0.0,0.0,0.0,0.0,0.0,0.0,0.0,0.16666666666666666,0.16666666666666666,0.16666666666666666,14.166666666666666,3.3333333333333335,10.833333333333334,11.666666666666666,12.666666666666666,1.5,0.3333333333333333,0.3333333333333333,0.0,0.0,0.0,11.0,0.6666666666666666,0.0,0.0,0.0,11.833333333333334,11.333333333333334,0.0
002026,Brett Dobson,WHP,Whipsnakes,7,G,Goalie,2022-08-06,2026-07-25,0.0,0.0,0.0,0.0,0.0,0.0,2.0,1,2.0,98.0,38.0,60.0,66.0,66.95894196604816,19.0,3.0,3.0,0,0,0,63.0,3.0,0.0,0.0,1.0,120.0,115.0,0.0,0.5,,0.6086956521739131,38.775510204081634,0.2360248447204969,0.0,0.0,0.0,0.0,0.0,0.0,0.0,0.0,0.2857142857142857,0.14285714285714285,0.2857142857142857,14.0,5.428571428571429,8.571428571428571,9.428571428571429,9.56556313800688,2.7142857142857144,0.42857142857142855,0.42857142857142855,0.0,0.0,0.0,9.0,0.42857142857142855,0.0,0.0,0.14285714285714285,17.142857142857142,16.428571428571427,0.14285714285714285
002027,Brendan Curry,ARC,Archers,1,M,Midfield,2023-08-05,2023-08-05,2.0,0.0,0.0,0.0,0.0,2.0,1.0,0,0.0,0.0,0.0,0.0,0.0,0.0,1.0,0.0,0.0,0,0,0,0.0,0.0,0.0,0.0,3.0,14.0,13.0,0.0,0.0,,,,,0.6666666666666666,,2.0,0.0,0.0,0.0,0.0,2.0,1.0,0.0,0.0,0.0,0.0,0.0,0.0,0.0,1.0,0.0,0.0,0.0,0.0,0.0,0.0,0.0,0.0,0.0,3.0,14.0,13.0,3.0
002027,Brendan Curry,CAN,Cannons,3,M,Midfield,2022-06-11,2023-08-19,1.0,1.0,1.0,0.0,1.0,0.0,7.0,5,0.0,0.0,0.0,0.0,0.0,0.0,2.0,2.0,0.0,0,0,0,0.0,0.0,0.0,0.0,1.0,29.0,20.0,0.14285714285714285,0.7142857142857143,,,,,0.0,,0.3333333333333333,0.3333333333333333,0.3333333333333333,0.0,0.3333333333333333,0.0,2.3333333333333335,1.6666666666666667,0.0,0.0,0.0,0.0,0.0,0.0,0.6666666666666666,0.6666666666666666,0.0,0.0,0.0,0.0,0.0,0.0,0.0,0.0,0.3333333333333333,9.666666666666666,6.666666666666667,0.3333333333333333
002027,Brendan Curry,OUT,Outlaws,1,M,Midfield,2023-07-29,2023-07-29,3.0,1.0,1.0,0.0,1.0,2.0,2.0,2,0.0,0.0,0.0,0.0,0.0,0.0,0.0,0.0,0.0,0,0,0,0.0,0.0,0.0,0.0,6.0,15.0,13.0,0.5,1.0,,,,,0.3333333333333333,,3.0,1.0,1.0,0.0,1.0,2.0,2.0,2.0,0.0,0.0,0.0,0.0,0.0,0.0,0.0,0.0,0.0,0.0,0.0,0.0,0.0,0.0,0.0,0.0,6.0,15.0,13.0,6.0
002027,Brendan Curry,RED,Redwoods,2,M,Midfield,2022-06-04,2023-06-03,1.0,1.0,1.0,0.0,1.0,0.0,5.0,3,0.0,0.0,0.0,0.0,0.0,0.0,1.0,2.0,0.0,0,0,0,0.0,0.0,0.0,0.0,2.0,17.0,10.0,0.2,0.6,,,,,0.0,,0.5,0.5,0.5,0.0,0.5,0.0,2.5,1.5,0.0,0.0,0.0,0.0,0.0,0.0,0.5,1.0,0.0,0.0,0.0,0.0,0.0,0.0,0.0,0.0,1.0,8.5,5.0,1.0
002027,Brendan Curry,WAT,Waterdogs,2,M,Midfield,2023-06-16,2023-08-12,0.0,0.0,0.0,0.0,0.0,0.0,5.0,1,0.0,0.0,0.0,0.0,0.0,0.0,0.0,1.0,0.0,0,0,0,0.0,0.0,0.0,0.0,1.0,24.0,18.0,0.0,0.2,,,,,0.0,,0.0,0.0,0.0,0.0,0.0,0.0,2.5,0.5,0.0,0.0,0.0,0.0,0.0,0.0,0.0,0.5,0.0,0.0,0.0,0.0,0.0,0.0,0.0,0.0,0.5,12.0,9.0,0.5
002027,Brendan Curry,WHP,Whipsnakes,2,M,Midfield,2022-06-18,2023-06-10,3.0,3.0,3.0,0.0,3.0,0.0,8.0,5,0.0,0.0,0.0,0.0,0.0,0.0,2.0,1.0,0.0,0,0,0,0.0,0.0,0.0,0.0,1.0,21.0,12.0,0.375,0.625,,,,,0.0,,1.5,1.5,1.5,0.0,1.5,0.0,4.0,2.5,0.0,0.0,0.0,0.0,0.0,0.0,1.0,0.5,0.0,0.0,0.0,0.0,0.0,0.0,0.0,0.0,0.5,10.5,6.0,0.5
002028,Jack Hannah,ARC,Archers,6,M,Midfield,2022-08-21,2026-07-18,16.0,13.0,11.0,1.0,12.0,3.0,39.0,27,6.0,0.0,0.0,0.0,0.0,0.0,8.0,5.0,0.0,0,0,0,0.0,0.0,2.0,2.0,17.0,143.0,99.0,0.3076923076923077,0.6923076923076923,,,,,0.17647058823529413,0.16666666666666666,2.6666666666666665,2.1666666666666665,1.8333333333333333,0.16666666666666666,2.0,0.5,6.5,4.5,1.0,0.0,0.0,0.0,0.0,0.0,1.3333333333333333,0.8333333333333334,0.0,0.0,0.0,0.0,0.0,0.0,0.3333333333333333,0.3333333333333333,2.8333333333333335,23.833333333333332,16.5,2.8333333333333335
002028,Jack Hannah,ATL,Atlas,7,M,Midfield,2022-08-06,2026-07-25,13.0,10.0,10.0,0.0,10.0,3.0,39.0,21,3.0,0.0,0.0,0.0,0.0,0.0,4.0,9.0,1.0,0,0,0,0.0,0.0,1.0,0.5,9.0,141.0,93.0,0.2564102564102564,0.5384615384615384,,,,,0.3333333333333333,0.0,1.8571428571428572,1.4285714285714286,1.4285714285714286,0.0,1.4285714285714286,0.42857142857142855,5.571428571428571,3.0,0.42857142857142855,0.0,0.0,0.0,0.0,0.0,0.5714285714285714,1.2857142857142858,0.14285714285714285,0.0,0.0,0.0,0.0,0.0,0.14285714285714285,0.07142857142857142,1.2857142857142858,20.142857142857142,13.285714285714286,1.2857142857142858
002028,Jack Hannah,CAN,Cannons,8,M,Midfield,2022-06-05,2026-06-07,8.0,8.0,8.0,0.0,8.0,0.0,59.0,30,5.0,0.0,0.0,0.0,0.0,0.0,13.0,10.0,1.0,0,0,0,0.0,0.0,1.0,0.5,10.0,157.0,88.0,0.13559322033898305,0.5084745762711864,,,,,0.0,0.0,1.0,1.0,1.0,0.0,1.0,0.0,7.375,3.75,0.625,0.0,0.0,0.0,0.0,0.0,1.625,1.25,0.125,0.0,0.0,0.0,0.0,0.0,0.125,0.0625,1.25,19.625,11.0,1.25
002028,Jack Hannah,CHA,Chaos,7,M,Midfield,2022-06-25,2026-08-01,13.0,9.0,7.0,1.0,8.0,4.0,40.0,28,1.0,0.0,0.0,0.0,0.0,0.0,11.0,7.0,1.0,0,0,0,0.0,0.0,2.0,2.0,12.0,140.0,93.0,0.2,0.7,,,,,0.3333333333333333,1.0,1.8571428571428572,1.2857142857142858,1.0,0.14285714285714285,1.1428571428571428,0.5714285714285714,5.714285714285714,4.0,0.14285714285714285,0.0,0.0,0.0,0.0,0.0,1.5714285714285714,1.0,0.14285714285714285,0.0,0.0,0.0,0.0,0.0,0.2857142857142857,0.2857142857142857,1.7142857142857142,20.0,13.285714285714286,1.7142857142857142
002028,Jack Hannah,OUT,Outlaws,5,M,Midfield,2022-06-17,2026-07-26,4.0,4.0,4.0,0.0,4.0,0.0,29.0,15,1.0,0.0,0.0,0.0,0.0,0.0,8.0,5.0,0.0,0,0,0,0.0,0.0,1.0,0.5,6.0,105.0,71.0,0.13793103448275862,0.5172413793103449,,,,,0.0,0.0,0.8,0.8,0.8,0.0,0.8,0.0,5.8,3.0,0.2,0.0,0.0,0.0,0.0,0.0,1.6,1.0,0.0,0.0,0.0,0.0,0.0,0.0,0.2,0.1,1.2,21.0,14.2,1.2
002028,Jack Hannah,RED,Redwoods,4,M,Midfield,2022-08-13,2026-07-10,4.0,4.0,4.0,0.0,4.0,0.0,21.0,10,3.0,0.0,0.0,0.0,0.0,0.0,5.0,9.0,0.0,0,0,0,0.0,0.0,1.0,0.5,4.0,85.0,55.0,0.19047619047619047,0.47619047619047616,,,,,0.0,0.0,1.0,1.0,1.0,0.0,1.0,0.0,5.25,2.5,0.75,0.0,0.0,0.0,0.0,0.0,1.25,2.25,0.0,0.0,0.0,0.0,0.0,0.0,0.25,0.125,1.0,21.25,13.75,1.0
002028,Jack Hannah,WHP,Whipsnakes,7,M,Midfield,2022-06-12,2026-05-09,19.0,13.0,11.0,1.0,12.0,6.0,43.0,25,5.0,0.0,0.0,0.0,0.0,0.0,7.0,7.0,0.0,0,0,0,0.0,0.0,1.0,0.5,11.0,132.0,82.0,0.27906976744186046,0.5813953488372093,,,,,0.5454545454545454,0.2,2.7142857142857144,1.8571428571428572,1.5714285714285714,0.14285714285714285,1.7142857142857142,0.8571428571428571,6.142857142857143,3.5714285714285716,0.7142857142857143,0.0,0.0,0.0,0.0,0.0,1.0,1.0,0.0,0.0,0.0,0.0,0.0,0.0,0.14285714285714285,0.07142857142857142,1.5714285714285714,18.857142857142858,11.714285714285714,1.5714285714285714
002029,Wheaton Jackoboice,ARC,Archers,1,M,Midfield,2022-08-06,2022-08-06,0.0,0.0,0.0,0.0,0.0,0.0,1.0,0,0.0,0.0,0.0,0.0,0.0,0.0,0.0,1.0,0.0,0,0,0,0.0,0.0,0.0,0.0,2.0,18.0,16.0,0.0,0.0,,,,,0.0,,0.0,0.0,0.0,0.0,0.0,0.0,1.0,0.0,0.0,0.0,0.0,0.0,0.0,0.0,0.0,1.0,0.0,0.0,0.0,0.0,0.0,0.0,0.0,0.0,2.0,18.0,16.0,2.0
002029,Wheaton Jackoboice,ATL,Atlas,3,M,Midfield,2022-06-18,2024-06-02,0.0,0.0,0.0,0.0,0.0,0.0,1.0,0,0.0,0.0,0.0,0.0,0.0,0.0,1.0,2.0,0.0,0,0,0,0.0,0.0,0.0,0.0,2.0,24.0,21.0,0.0,0.0,,,,,0.0,,0.0,0.0,0.0,0.0,0.0,0.0,0.3333333333333333,0.0,0.0,0.0,0.0,0.0,0.0,0.0,0.3333333333333333,0.6666666666666666,0.0,0.0,0.0,0.0,0.0,0.0,0.0,0.0,0.6666666666666666,8.0,7.0,0.6666666666666666
002029,Wheaton Jackoboice,CAN,Cannons,3,SSDM,Defensive Midfield,2022-08-21,2024-08-04,0.0,0.0,0.0,0.0,0.0,0.0,4.0,0,0.0,0.0,0.0,0.0,0.0,0.0,3.0,1.0,0.0,0,0,0,0.0,0.0,0.0,0.0,3.0,25.0,20.0,0.0,0.0,,,,,0.0,,0.0,0.0,0.0,0.0,0.0,0.0,1.3333333333333333,0.0,0.0,0.0,0.0,0.0,0.0,0.0,1.0,0.3333333333333333,0.0,0.0,0.0,0.0,0.0,0.0,0.0,0.0,1.0,8.333333333333334,6.666666666666667,1.0
002029,Wheaton Jackoboice,CHA,Chaos,2,M,Defensive Midfield,2022-07-23,2024-07-20,1.0,1.0,1.0,0.0,1.0,0.0,6.0,3,2.0,0.0,0.0,0.0,0.0,0.0,1.0,0.0,0.0,0,0,0,0.0,0.0,0.0,0.0,2.0,14.0,8.0,0.16666666666666666,0.5,,,,,0.0,0.0,0.5,0.5,0.5,0.0,0.5,0.0,3.0,1.5,1.0,0.0,0.0,0.0,0.0,0.0,0.5,0.0,0.0,0.0,0.0,0.0,0.0,0.0,0.0,0.0,1.0,7.0,4.0,1.0
002029,Wheaton Jackoboice,OUT,Outlaws,1,M,Midfield,2022-07-30,2022-07-30,1.0,1.0,1.0,0.0,1.0,0.0,3.0,1,0.0,0.0,0.0,0.0,0.0,0.0,0.0,0.0,0.0,0,0,0,0.0,0.0,0.0,0.0,1.0,8.0,5.0,0.3333333333333333,0.3333333333333333,,,,,0.0,,1.0,1.0,1.0,0.0,1.0,0.0,3.0,1.0,0.0,0.0,0.0,0.0,0.0,0.0,0.0,0.0,0.0,0.0,0.0,0.0,0.0,0.0,0.0,0.0,1.0,8.0,5.0,1.0
002029,Wheaton Jackoboice,RED,Redwoods,1,SSDM,Defensive Midfield,2024-07-28,2024-07-28,0.0,0.0,0.0,0.0,0.0,0.0,1.0,1,1.0,0.0,0.0,0.0,0.0,0.0,1.0,0.0,1.0,0,0,0,0.0,0.0,0.0,0.0,0.0,8.0,7.0,0.0,1.0,,,,,,0.0,0.0,0.0,0.0,0.0,0.0,0.0,1.0,1.0,1.0,0.0,0.0,0.0,0.0,0.0,1.0,0.0,1.0,0.0,0.0,0.0,0.0,0.0,0.0,0.0,0.0,8.0,7.0,0.0
002029,Wheaton Jackoboice,WAT,Waterdogs,1,SSDM,Defensive Midfield,2024-08-03,2024-08-03,0.0,0.0,0.0,0.0,0.0,0.0,1.0,1,0.0,0.0,0.0,0.0,0.0,0.0,1.0,0.0,0.0,0,0,0,0.0,0.0,0.0,0.0,0.0,6.0,5.0,0.0,1.0,,,,,,,0.0,0.0,0.0,0.0,0.0,0.0,1.0,1.0,0.0,0.0,0.0,0.0,0.0,0.0,1.0,0.0,0.0,0.0,0.0,0.0,0.0,0.0,0.0,0.0,0.0,6.0,5.0,0.0
002030,Jonathan Donville,ARC,Archers,6,M,Midfield,2022-07-24,2026-05-09,6.0,4.0,4.0,0.0,4.0,2.0,14.0,8,0.0,0.0,0.0,0.0,0.0,0.0,4.0,6.0,1.0,0,0,0,0.0,0.0,0.0,0.0,13.0,107.0,87.0,0.2857142857142857,0.5714285714285714,,,,,0.15384615384615385,,1.0,0.6666666666666666,0.6666666666666666,0.0,0.6666666666666666,0.3333333333333333,2.3333333333333335,1.3333333333333333,0.0,0.0,0.0,0.0,0.0,0.0,0.6666666666666666,1.0,0.16666666666666666,0.0,0.0,0.0,0.0,0.0,0.0,0.0,2.1666666666666665,17.833333333333332,14.5,2.1666666666666665
002030,Jonathan Donville,ATL,Atlas,2,M,Midfield,2023-07-09,2023-08-19,6.0,5.0,5.0,0.0,5.0,1.0,12.0,10,0.0,0.0,0.0,0.0,0.0,0.0,2.0,1.0,1.0,0,0,0,0.0,0.0,0.0,0.0,5.0,54.0,41.0,0.4166666666666667,0.8333333333333334,,,,,0.2,,3.0,2.5,2.5,0.0,2.5,0.5,6.0,5.0,0.0,0.0,0.0,0.0,0.0,0.0,1.0,0.5,0.5,0.0,0.0,0.0,0.0,0.0,0.0,0.0,2.5,27.0,20.5,2.5
002030,Jonathan Donville,CAN,Cannons,1,M,Midfield,2025-07-19,2025-07-19,0.0,0.0,0.0,0.0,0.0,0.0,2.0,2,0.0,0.0,0.0,0.0,0.0,0.0,2.0,0.0,0.0,0,0,0,0.0,0.0,0.0,0.0,0.0,7.0,5.0,0.0,1.0,,,,,,,0.0,0.0,0.0,0.0,0.0,0.0,2.0,2.0,0.0,0.0,0.0,0.0,0.0,0.0,2.0,0.0,0.0,0.0,0.0,0.0,0.0,0.0,0.0,0.0,0.0,7.0,5.0,0.0
002030,Jonathan Donville,CHA,Chaos,4,M,Midfield,2022-07-02,2026-06-06,3.0,1.0,1.0,0.0,1.0,2.0,7.0,4,0.0,0.0,0.0,0.0,0.0,0.0,1.0,6.0,1.0,0,0,0,0.0,0.0,1.0,1.0,3.0,58.0,45.0,0.14285714285714285,0.5714285714285714,,,,,0.6666666666666666,,0.75,0.25,0.25,0.0,0.25,0.5,1.75,1.0,0.0,0.0,0.0,0.0,0.0,0.0,0.25,1.5,0.25,0.0,0.0,0.0,0.0,0.0,0.25,0.25,0.75,14.5,11.25,0.75
002030,Jonathan Donville,OUT,Outlaws,3,M,Midfield,2022-08-13,2023-07-15,5.0,2.0,2.0,0.0,2.0,3.0,12.0,10,0.0,0.0,0.0,0.0,0.0,0.0,1.0,0.0,0.0,0,0,0,0.0,0.0,0.0,0.0,8.0,61.0,49.0,0.16666666666666666,0.8333333333333334,,,,,0.375,,1.6666666666666667,0.6666666666666666,0.6666666666666666,0.0,0.6666666666666666,1.0,4.0,3.3333333333333335,0.0,0.0,0.0,0.0,0.0,0.0,0.3333333333333333,0.0,0.0,0.0,0.0,0.0,0.0,0.0,0.0,0.0,2.6666666666666665,20.333333333333332,16.333333333333332,2.6666666666666665
002030,Jonathan Donville,RED,Redwoods,4,M,Midfield,2022-08-06,2026-05-16,7.0,5.0,5.0,0.0,5.0,2.0,10.0,8,0.0,0.0,0.0,0.0,0.0,0.0,2.0,4.0,0.0,0,0,0,0.0,0.0,1.0,1.0,11.0,66.0,52.0,0.5,0.8,,,,,0.18181818181818182,,1.75,1.25,1.25,0.0,1.25,0.5,2.5,2.0,0.0,0.0,0.0,0.0,0.0,0.0,0.5,1.0,0.0,0.0,0.0,0.0,0.0,0.0,0.25,0.25,2.75,16.5,13.0,2.75
002030,Jonathan Donville,WAT,Waterdogs,3,M,Midfield,2022-07-31,2025-06-13,5.0,3.0,3.0,0.0,3.0,2.0,6.0,6,0.0,0.0,0.0,0.0,0.0,0.0,3.0,3.0,1.0,0,0,0,0.0,0.0,0.0,0.0,9.0,47.0,38.0,0.5,1.0,,,,,0.2222222222222222,,1.6666666666666667,1.0,1.0,0.0,1.0,0.6666666666666666,2.0,2.0,0.0,0.0,0.0,0.0,0.0,0.0,1.0,1.0,0.3333333333333333,0.0,0.0,0.0,0.0,0.0,0.0,0.0,3.0,15.666666666666666,12.666666666666666,3.0
002030,Jonathan Donville,WHP,Whipsnakes,3,M,Midfield,2022-06-04,2023-08-26,5.0,3.0,3.0,0.0,3.0,2.0,9.0,7,0.0,0.0,0.0,0.0,0.0,0.0,5.0,1.0,0.0,0,0,0,0.0,0.0,0.0,0.0,11.0,65.0,55.0,0.3333333333333333,0.7777777777777778,,,,,0.18181818181818182,,1.6666666666666667,1.0,1.0,0.0,1.0,0.6666666666666666,3.0,2.3333333333333335,0.0,0.0,0.0,0.0,0.0,0.0,1.6666666666666667,0.3333333333333333,0.0,0.0,0.0,0.0,0.0,0.0,0.0,0.0,3.6666666666666665,21.666666666666668,18.333333333333332,3.6666666666666665
002031,Ryan McNulty,ARC,Archers,1,LSM,Long Stick Midfield,2024-08-04,2024-08-04,0.0,0.0,0.0,0.0,0.0,0.0,0.0,0,0.0,0.0,0.0,0.0,0.0,0.0,2.0,0.0,0.0,0,0,0,0.0,0.0,0.0,0.0,0.0,3.0,3.0,,,,,,,,,0.0,0.0,0.0,0.0,0.0,0.0,0.0,0.0,0.0,0.0,0.0,0.0,0.0,0.0,2.0,0.0,0.0,0.0,0.0,0.0,0.0,0.0,0.0,0.0,0.0,3.0,3.0,0.0
002031,Ryan McNulty,ATL,Atlas,1,LSM,Long Stick Midfield,2024-06-08,2024-06-08,0.0,0.0,0.0,0.0,0.0,0.0,0.0,0,0.0,0.0,0.0,0.0,0.0,0.0,2.0,0.0,1.0,0,0,0,0.0,0.0,0.0,0.0,2.0,4.0,4.0,,,,,,,0.0,,0.0,0.0,0.0,0.0,0.0,0.0,0.0,0.0,0.0,0.0,0.0,0.0,0.0,0.0,2.0,0.0,1.0,0.0,0.0,0.0,0.0,0.0,0.0,0.0,2.0,4.0,4.0,2.0
002031,Ryan McNulty,RED,Redwoods,1,LSM,Long Stick Midfield,2024-07-27,2024-07-27,0.0,0.0,0.0,0.0,0.0,0.0,0.0,0,0.0,0.0,0.0,0.0,0.0,0.0,2.0,0.0,0.0,0,0,0,0.0,0.0,0.0,0.0,0.0,2.0,2.0,,,,,,,,,0.0,0.0,0.0,0.0,0.0,0.0,0.0,0.0,0.0,0.0,0.0,0.0,0.0,0.0,2.0,0.0,0.0,0.0,0.0,0.0,0.0,0.0,0.0,0.0,0.0,2.0,2.0,0.0
002032,Justin Inacio,ARC,Archers,3,FO,Faceoff,2025-07-19,2026-06-05,0.0,0.0,0.0,0.0,0.0,0.0,4.0,1,0.0,0.0,0.0,0.0,0.0,0.0,31.0,2.0,1.0,41,28,71,0.0,0.0,1.0,0.5,1.0,30.0,24.0,0.0,0.25,0.5774647887323944,,,,0.0,,0.0,0.0,0.0,0.0,0.0,0.0,1.3333333333333333,0.3333333333333333,0.0,0.0,0.0,0.0,0.0,0.0,10.333333333333334,0.6666666666666666,0.3333333333333333,13.666666666666666,9.333333333333334,23.666666666666668,0.0,0.0,0.3333333333333333,0.16666666666666666,0.3333333333333333,10.0,8.0,0.3333333333333333
002032,Justin Inacio,ATL,Atlas,3,FO,Faceoff,2022-06-26,2026-05-09,0.0,0.0,0.0,0.0,0.0,0.0,1.0,0,0.0,0.0,0.0,0.0,0.0,0.0,15.0,0.0,0.0,28,41,69,0.0,0.0,1.0,0.5,0.0,13.0,12.0,0.0,0.0,0.4057971014492754,,,,,,0.0,0.0,0.0,0.0,0.0,0.0,0.3333333333333333,0.0,0.0,0.0,0.0,0.0,0.0,0.0,5.0,0.0,0.0,9.333333333333334,13.666666666666666,23.0,0.0,0.0,0.3333333333333333,0.16666666666666666,0.0,4.333333333333333,4.0,0.0
002032,Justin Inacio,CAN,Cannons,4,FO,Faceoff,2022-07-24,2026-07-25,1.0,0.0,0.0,0.0,0.0,1.0,5.0,1,0.0,0.0,0.0,0.0,0.0,0.0,30.0,2.0,1.0,48,33,81,0.0,0.0,0.0,0.0,2.0,28.0,21.0,0.0,0.2,0.5925925925925926,,,,0.5,,0.25,0.0,0.0,0.0,0.0,0.25,1.25,0.25,0.0,0.0,0.0,0.0,0.0,0.0,7.5,0.5,0.25,12.0,8.25,20.25,0.0,0.0,0.0,0.0,0.5,7.0,5.25,0.5
002032,Justin Inacio,CHA,Chaos,1,FO,Faceoff,2022-08-13,2022-08-13,0.0,0.0,0.0,0.0,0.0,0.0,1.0,1,0.0,0.0,0.0,0.0,0.0,0.0,5.0,0.0,0.0,10,9,20,0.0,0.0,0.0,0.0,0.0,5.0,4.0,0.0,1.0,0.5,,,,,,0.0,0.0,0.0,0.0,0.0,0.0,1.0,1.0,0.0,0.0,0.0,0.0,0.0,0.0,5.0,0.0,0.0,10.0,9.0,20.0,0.0,0.0,0.0,0.0,0.0,5.0,4.0,0.0
002032,Justin Inacio,OUT,Outlaws,4,FO,Faceoff,2022-06-05,2026-07-18,0.0,0.0,0.0,0.0,0.0,0.0,3.0,1,1.0,0.0,0.0,0.0,0.0,0.0,17.0,4.0,0.0,42,43,85,0.0,0.0,0.0,0.0,0.0,20.0,13.0,0.0,0.3333333333333333,0.49411764705882355,,,,,0.0,0.0,0.0,0.0,0.0,0.0,0.0,0.75,0.25,0.25,0.0,0.0,0.0,0.0,0.0,4.25,1.0,0.0,10.5,10.75,21.25,0.0,0.0,0.0,0.0,0.0,5.0,3.25,0.0
002032,Justin Inacio,RED,Redwoods,3,FO,Faceoff,2022-07-01,2026-06-28,1.0,1.0,1.0,0.0,1.0,0.0,1.0,1,0.0,0.0,0.0,0.0,0.0,0.0,12.0,1.0,0.0,31,34,65,0.0,0.0,2.0,1.0,0.0,9.0,7.0,1.0,1.0,0.47692307692307695,,,,,,0.3333333333333333,0.3333333333333333,0.3333333333333333,0.0,0.3333333333333333,0.0,0.3333333333333333,0.3333333333333333,0.0,0.0,0.0,0.0,0.0,0.0,4.0,0.3333333333333333,0.0,10.333333333333334,11.333333333333334,21.666666666666668,0.0,0.0,0.6666666666666666,0.3333333333333333,0.0,3.0,2.3333333333333335,0.0
002032,Justin Inacio,WAT,Waterdogs,3,FO,Faceoff,2022-08-21,2026-05-31,3.0,3.0,3.0,0.0,3.0,0.0,5.0,4,1.0,0.0,0.0,0.0,0.0,0.0,21.0,4.0,0.0,36,38,74,0.0,0.0,0.0,0.0,1.0,21.0,12.0,0.6,0.8,0.4864864864864865,,,,0.0,0.0,1.0,1.0,1.0,0.0,1.0,0.0,1.6666666666666667,1.3333333333333333,0.3333333333333333,0.0,0.0,0.0,0.0,0.0,7.0,1.3333333333333333,0.0,12.0,12.666666666666666,24.666666666666668,0.0,0.0,0.0,0.0,0.3333333333333333,7.0,4.0,0.3333333333333333
002032,Justin Inacio,WHP,Whipsnakes,3,FO,Faceoff,2022-08-06,2026-07-12,0.0,0.0,0.0,0.0,0.0,0.0,3.0,0,0.0,0.0,0.0,0.0,0.0,0.0,21.0,3.0,0.0,36,45,81,0.0,0.0,0.0,0.0,0.0,21.0,15.0,0.0,0.0,0.4444444444444444,,,,,,0.0,0.0,0.0,0.0,0.0,0.0,1.0,0.0,0.0,0.0,0.0,0.0,0.0,0.0,7.0,1.0,0.0,12.0,15.0,27.0,0.0,0.0,0.0,0.0,0.0,7.0,5.0,0.0
002033,Nakeie Montgomery,ARC,Archers,4,M,Midfield,2022-07-01,2024-08-17,1.0,0.0,0.0,0.0,0.0,1.0,7.0,2,0.0,0.0,0.0,0.0,0.0,0.0,2.0,2.0,1.0,0,0,0,0.0,0.0,0.0,0.0,2.0,42.0,33.0,0.0,0.2857142857142857,,,,,0.5,,0.25,0.0,0.0,0.0,0.0,0.25,1.75,0.5,0.0,0.0,0.0,0.0,0.0,0.0,0.5,0.5,0.25,0.0,0.0,0.0,0.0,0.0,0.0,0.0,0.5,10.5,8.25,0.5
002033,Nakeie Montgomery,ATL,Atlas,5,M,Midfield,2022-06-04,2024-06-16,8.0,3.0,1.0,1.0,2.0,5.0,16.0,8,3.0,0.0,0.0,0.0,0.0,0.0,8.0,4.0,0.0,0,0,0,0.0,0.0,0.0,0.0,7.0,50.0,30.0,0.125,0.5,,,,,0.7142857142857143,0.3333333333333333,1.6,0.6,0.2,0.2,0.4,1.0,3.2,1.6,0.6,0.0,0.0,0.0,0.0,0.0,1.6,0.8,0.0,0.0,0.0,0.0,0.0,0.0,0.0,0.0,1.4,10.0,6.0,1.4
002033,Nakeie Montgomery,CAN,Cannons,5,M,Midfield,2022-08-06,2026-05-17,4.0,2.0,2.0,0.0,2.0,2.0,17.0,13,2.0,0.0,0.0,0.0,0.0,0.0,7.0,5.0,0.0,0,1,1,0.0,0.0,0.0,0.0,7.0,72.0,50.0,0.11764705882352941,0.7647058823529411,0.0,,,,0.2857142857142857,0.0,0.8,0.4,0.4,0.0,0.4,0.4,3.4,2.6,0.4,0.0,0.0,0.0,0.0,0.0,1.4,1.0,0.0,0.0,0.2,0.2,0.0,0.0,0.0,0.0,1.4,14.4,10.0,1.4
002033,Nakeie Montgomery,CHA,Chaos,5,M,Midfield,2022-06-18,2024-06-07,2.0,2.0,2.0,0.0,2.0,0.0,14.0,10,3.0,0.0,0.0,0.0,0.0,0.0,2.0,5.0,1.0,0,0,0,0.0,0.0,0.0,0.0,6.0,70.0,51.0,0.14285714285714285,0.7142857142857143,,,,,0.0,0.0,0.4,0.4,0.4,0.0,0.4,0.0,2.8,2.0,0.6,0.0,0.0,0.0,0.0,0.0,0.4,1.0,0.2,0.0,0.0,0.0,0.0,0.0,0.0,0.0,1.2,14.0,10.2,1.2
002033,Nakeie Montgomery,OUT,Outlaws,5,M,Midfield,2022-06-10,2024-08-03,4.0,4.0,2.0,1.0,3.0,0.0,8.0,5,3.0,0.0,0.0,0.0,0.0,0.0,6.0,2.0,3.0,0,0,0,0.0,0.0,0.0,0.0,3.0,48.0,38.0,0.375,0.625,,,,,0.0,0.3333333333333333,0.8,0.8,0.4,0.2,0.6,0.0,1.6,1.0,0.6,0.0,0.0,0.0,0.0,0.0,1.2,0.4,0.6,0.0,0.0,0.0,0.0,0.0,0.0,0.0,0.6,9.6,7.6,0.6
002033,Nakeie Montgomery,WAT,Waterdogs,3,M,Midfield,2022-08-13,2024-08-10,3.0,2.0,2.0,0.0,2.0,1.0,7.0,6,0.0,0.0,0.0,0.0,0.0,0.0,3.0,1.0,0.0,0,0,0,0.0,0.0,1.0,1.0,4.0,37.0,29.0,0.2857142857142857,0.8571428571428571,,,,,0.25,,1.0,0.6666666666666666,0.6666666666666666,0.0,0.6666666666666666,0.3333333333333333,2.3333333333333335,2.0,0.0,0.0,0.0,0.0,0.0,0.0,1.0,0.3333333333333333,0.0,0.0,0.0,0.0,0.0,0.0,0.3333333333333333,0.3333333333333333,1.3333333333333333,12.333333333333334,9.666666666666666,1.3333333333333333
002033,Nakeie Montgomery,WHP,Whipsnakes,2,M,Midfield,2022-06-24,2023-06-17,0.0,0.0,0.0,0.0,0.0,0.0,3.0,2,2.0,0.0,0.0,0.0,0.0,0.0,5.0,0.0,0.0,0,0,0,0.0,0.0,0.0,0.0,1.0,20.0,17.0,0.0,0.6666666666666666,,,,,0.0,0.0,0.0,0.0,0.0,0.0,0.0,0.0,1.5,1.0,1.0,0.0,0.0,0.0,0.0,0.0,2.5,0.0,0.0,0.0,0.0,0.0,0.0,0.0,0.0,0.0,0.5,10.0,8.5,0.5
002034,Keegan Khan,ARC,Archers,3,M,Midfield,2022-08-06,2023-08-19,3.0,3.0,3.0,0.0,3.0,0.0,6.0,3,0.0,0.0,0.0,0.0,0.0,0.0,1.0,2.0,0.0,0,0,0,0.0,0.0,0.0,0.0,6.0,28.0,20.0,0.5,0.5,,,,,0.0,,1.0,1.0,1.0,0.0,1.0,0.0,2.0,1.0,0.0,0.0,0.0,0.0,0.0,0.0,0.3333333333333333,0.6666666666666666,0.0,0.0,0.0,0.0,0.0,0.0,0.0,0.0,2.0,9.333333333333334,6.666666666666667,2.0
002034,Keegan Khan,ATL,Atlas,3,M,Midfield,2022-08-13,2024-06-02,1.0,0.0,0.0,0.0,0.0,1.0,5.0,3,0.0,0.0,0.0,0.0,0.0,0.0,1.0,2.0,0.0,0,0,0,0.0,0.0,1.0,0.5,4.0,49.0,42.0,0.0,0.6,,,,,0.25,,0.3333333333333333,0.0,0.0,0.0,0.0,0.3333333333333333,1.6666666666666667,1.0,0.0,0.0,0.0,0.0,0.0,0.0,0.3333333333333333,0.6666666666666666,0.0,0.0,0.0,0.0,0.0,0.0,0.3333333333333333,0.16666666666666666,1.3333333333333333,16.333333333333332,14.0,1.3333333333333333
002034,Keegan Khan,CAN,Cannons,2,M,Midfield,2022-08-21,2024-06-08,1.0,1.0,1.0,0.0,1.0,0.0,5.0,3,0.0,0.0,0.0,0.0,0.0,0.0,1.0,2.0,1.0,0,0,0,0.0,0.0,0.0,0.0,2.0,24.0,17.0,0.2,0.6,,,,,0.0,,0.5,0.5,0.5,0.0,0.5,0.0,2.5,1.5,0.0,0.0,0.0,0.0,0.0,0.0,0.5,1.0,0.5,0.0,0.0,0.0,0.0,0.0,0.0,0.0,1.0,12.0,8.5,1.0
002034,Keegan Khan,CHA,Chaos,4,M,Midfield,2022-07-23,2024-07-20,4.0,3.0,3.0,0.0,3.0,1.0,8.0,6,0.0,0.0,0.0,0.0,0.0,0.0,2.0,1.0,0.0,0,0,0,0.0,0.0,0.0,0.0,4.0,45.0,36.0,0.375,0.75,,,,,0.25,,1.0,0.75,0.75,0.0,0.75,0.25,2.0,1.5,0.0,0.0,0.0,0.0,0.0,0.0,0.5,0.25,0.0,0.0,0.0,0.0,0.0,0.0,0.0,0.0,1.0,11.25,9.0,1.0
002034,Keegan Khan,OUT,Outlaws,3,M,Midfield,2022-07-30,2023-08-05,5.0,3.0,3.0,0.0,3.0,2.0,7.0,6,0.0,0.0,0.0,0.0,0.0,0.0,1.0,1.0,0.0,0,0,0,0.0,0.0,0.0,0.0,6.0,45.0,37.0,0.42857142857142855,0.8571428571428571,,,,,0.3333333333333333,,1.6666666666666667,1.0,1.0,0.0,1.0,0.6666666666666666,2.3333333333333335,2.0,0.0,0.0,0.0,0.0,0.0,0.0,0.3333333333333333,0.3333333333333333,0.0,0.0,0.0,0.0,0.0,0.0,0.0,0.0,2.0,15.0,12.333333333333334,2.0
002034,Keegan Khan,RED,Redwoods,1,M,Midfield,2022-06-24,2022-06-24,0.0,0.0,0.0,0.0,0.0,0.0,0.0,0,0.0,0.0,0.0,0.0,0.0,0.0,0.0,2.0,0.0,0,0,0,0.0,0.0,0.0,0.0,1.0,7.0,5.0,,,,,,,0.0,,0.0,0.0,0.0,0.0,0.0,0.0,0.0,0.0,0.0,0.0,0.0,0.0,0.0,0.0,0.0,2.0,0.0,0.0,0.0,0.0,0.0,0.0,0.0,0.0,1.0,7.0,5.0,1.0
002034,Keegan Khan,WAT,Waterdogs,2,M,Midfield,2022-07-03,2023-07-14,3.0,2.0,2.0,0.0,2.0,1.0,9.0,5,0.0,0.0,0.0,0.0,0.0,0.0,2.0,2.0,0.0,0,0,0,0.0,0.0,0.0,0.0,4.0,34.0,23.0,0.2222222222222222,0.5555555555555556,,,,,0.25,,1.5,1.0,1.0,0.0,1.0,0.5,4.5,2.5,0.0,0.0,0.0,0.0,0.0,0.0,1.0,1.0,0.0,0.0,0.0,0.0,0.0,0.0,0.0,0.0,2.0,17.0,11.5,2.0
002035,Max Wayne,ATL,Atlas,1,D,Defense,2023-08-19,2023-08-19,0.0,0.0,0.0,0.0,0.0,0.0,0.0,0,0.0,0.0,0.0,0.0,0.0,0.0,4.0,0.0,2.0,0,0,0,0.0,0.0,0.0,0.0,0.0,6.0,6.0,,,,,,,,,0.0,0.0,0.0,0.0,0.0,0.0,0.0,0.0,0.0,0.0,0.0,0.0,0.0,0.0,4.0,0.0,2.0,0.0,0.0,0.0,0.0,0.0,0.0,0.0,0.0,6.0,6.0,0.0
002035,Max Wayne,OUT,Outlaws,2,D,Defense,2023-06-17,2023-07-15,0.0,0.0,0.0,0.0,0.0,0.0,0.0,0,0.0,0.0,0.0,0.0,0.0,0.0,9.0,1.0,1.0,0,0,0,0.0,0.0,1.0,1.0,0.0,15.0,14.0,,,,,,,,,0.0,0.0,0.0,0.0,0.0,0.0,0.0,0.0,0.0,0.0,0.0,0.0,0.0,0.0,4.5,0.5,0.5,0.0,0.0,0.0,0.0,0.0,0.5,0.5,0.0,7.5,7.0,0.0
002035,Max Wayne,RED,Redwoods,2,D,Defense,2023-07-30,2023-08-13,0.0,0.0,0.0,0.0,0.0,0.0,0.0,0,0.0,0.0,0.0,0.0,0.0,0.0,7.0,2.0,4.0,0,0,0,0.0,0.0,3.0,2.5,0.0,16.0,14.0,,,,,,,,,0.0,0.0,0.0,0.0,0.0,0.0,0.0,0.0,0.0,0.0,0.0,0.0,0.0,0.0,3.5,1.0,2.0,0.0,0.0,0.0,0.0,0.0,1.5,1.25,0.0,8.0,7.0,0.0
002035,Max Wayne,WAT,Waterdogs,1,D,Defense,2023-08-06,2023-08-06,0.0,0.0,0.0,0.0,0.0,0.0,0.0,0,0.0,0.0,0.0,0.0,0.0,0.0,2.0,0.0,0.0,0,0,0,0.0,0.0,0.0,0.0,0.0,5.0,5.0,,,,,,,,,0.0,0.0,0.0,0.0,0.0,0.0,0.0,0.0,0.0,0.0,0.0,0.0,0.0,0.0,2.0,0.0,0.0,0.0,0.0,0.0,0.0,0.0,0.0,0.0,0.0,5.0,5.0,0.0
002035,Max Wayne,WHP,Whipsnakes,1,D,Defense,2023-08-26,2023-08-26,0.0,0.0,0.0,0.0,0.0,0.0,0.0,0,0.0,0.0,0.0,0.0,0.0,0.0,0.0,0.0,0.0,0,0,0,0.0,0.0,0.0,0.0,0.0,2.0,2.0,,,,,,,,,0.0,0.0,0.0,0.0,0.0,0.0,0.0,0.0,0.0,0.0,0.0,0.0,0.0,0.0,0.0,0.0,0.0,0.0,0.0,0.0,0.0,0.0,0.0,0.0,0.0,2.0,2.0,0.0
002036,Jake Higgins,ARC,Archers,3,SSDM,Defensive Midfield,2022-08-21,2023-08-26,1.0,1.0,1.0,0.0,1.0,0.0,1.0,1,0.0,0.0,0.0,0.0,0.0,0.0,3.0,2.0,2.0,0,0,0,0.0,0.0,0.0,0.0,1.0,18.0,15.0,1.0,1.0,,,,,0.0,,0.3333333333333333,0.3333333333333333,0.3333333333333333,0.0,0.3333333333333333,0.0,0.3333333333333333,0.3333333333333333,0.0,0.0,0.0,0.0,0.0,0.0,1.0,0.6666666666666666,0.6666666666666666,0.0,0.0,0.0,0.0,0.0,0.0,0.0,0.3333333333333333,6.0,5.0,0.3333333333333333
002036,Jake Higgins,ATL,Atlas,2,SSDM,Defensive Midfield,2022-08-06,2023-08-12,2.0,1.0,1.0,0.0,1.0,1.0,1.0,1,0.0,0.0,0.0,0.0,0.0,0.0,1.0,0.0,1.0,0,0,0,0.0,0.0,1.0,1.0,2.0,12.0,11.0,1.0,1.0,,,,,0.5,,1.0,0.5,0.5,0.0,0.5,0.5,0.5,0.5,0.0,0.0,0.0,0.0,0.0,0.0,0.5,0.0,0.5,0.0,0.0,0.0,0.0,0.0,0.5,0.5,1.0,6.0,5.5,1.0
002036,Jake Higgins,CAN,Cannons,1,SSDM,Defensive Midfield,2022-07-31,2022-07-31,0.0,0.0,0.0,0.0,0.0,0.0,0.0,0,0.0,0.0,0.0,0.0,0.0,0.0,0.0,0.0,0.0,0,0,0,0.0,0.0,0.0,0.0,1.0,5.0,5.0,,,,,,,0.0,,0.0,0.0,0.0,0.0,0.0,0.0,0.0,0.0,0.0,0.0,0.0,0.0,0.0,0.0,0.0,0.0,0.0,0.0,0.0,0.0,0.0,0.0,0.0,0.0,1.0,5.0,5.0,1.0
002036,Jake Higgins,CHA,Chaos,3,SSDM,Defensive Midfield,2022-06-25,2023-08-20,1.0,0.0,0.0,0.0,0.0,1.0,0.0,0,0.0,0.0,0.0,0.0,0.0,0.0,3.0,3.0,2.0,0,0,0,0.0,0.0,0.0,0.0,1.0,18.0,15.0,,,,,,,1.0,,0.3333333333333333,0.0,0.0,0.0,0.0,0.3333333333333333,0.0,0.0,0.0,0.0,0.0,0.0,0.0,0.0,1.0,1.0,0.6666666666666666,0.0,0.0,0.0,0.0,0.0,0.0,0.0,0.3333333333333333,6.0,5.0,0.3333333333333333
002036,Jake Higgins,OUT,Outlaws,3,SSDM,Defensive Midfield,2022-06-17,2023-07-08,0.0,0.0,0.0,0.0,0.0,0.0,2.0,0,0.0,0.0,0.0,0.0,0.0,0.0,7.0,2.0,1.0,0,0,0,0.0,0.0,0.0,0.0,0.0,21.0,17.0,0.0,0.0,,,,,,,0.0,0.0,0.0,0.0,0.0,0.0,0.6666666666666666,0.0,0.0,0.0,0.0,0.0,0.0,0.0,2.3333333333333335,0.6666666666666666,0.3333333333333333,0.0,0.0,0.0,0.0,0.0,0.0,0.0,0.0,7.0,5.666666666666667,0.0
002036,Jake Higgins,RED,Redwoods,2,SSDM,Defensive Midfield,2022-08-13,2023-06-10,0.0,0.0,0.0,0.0,0.0,0.0,0.0,0,0.0,0.0,0.0,0.0,0.0,0.0,1.0,0.0,2.0,0,0,0,0.0,0.0,0.0,0.0,1.0,8.0,8.0,,,,,,,0.0,,0.0,0.0,0.0,0.0,0.0,0.0,0.0,0.0,0.0,0.0,0.0,0.0,0.0,0.0,0.5,0.0,1.0,0.0,0.0,0.0,0.0,0.0,0.0,0.0,0.5,4.0,4.0,0.5
002036,Jake Higgins,WHP,Whipsnakes,3,SSDM,Defensive Midfield,2022-06-12,2023-07-14,0.0,0.0,0.0,0.0,0.0,0.0,1.0,1,1.0,0.0,0.0,0.0,0.0,0.0,2.0,1.0,2.0,0,0,0,0.0,0.0,1.0,1.0,0.0,16.0,14.0,0.0,1.0,,,,,,0.0,0.0,0.0,0.0,0.0,0.0,0.0,0.3333333333333333,0.3333333333333333,0.3333333333333333,0.0,0.0,0.0,0.0,0.0,0.6666666666666666,0.3333333333333333,0.6666666666666666,0.0,0.0,0.0,0.0,0.0,0.3333333333333333,0.3333333333333333,0.0,5.333333333333333,4.666666666666667,0.0
002037,Bryan McIntosh,ARC,Archers,1,D,Defense,2022-07-24,2022-07-24,0.0,0.0,0.0,0.0,0.0,0.0,0.0,0,0.0,0.0,0.0,0.0,0.0,0.0,2.0,0.0,0.0,0,0,0,0.0,0.0,0.0,0.0,0.0,3.0,3.0,,,,,,,,,0.0,0.0,0.0,0.0,0.0,0.0,0.0,0.0,0.0,0.0,0.0,0.0,0.0,0.0,2.0,0.0,0.0,0.0,0.0,0.0,0.0,0.0,0.0,0.0,0.0,3.0,3.0,0.0
002037,Bryan McIntosh,ATL,Atlas,1,D,Defense,2022-06-11,2022-06-11,0.0,0.0,0.0,0.0,0.0,0.0,0.0,0,0.0,0.0,0.0,0.0,0.0,0.0,1.0,0.0,0.0,0,0,0,0.0,0.0,0.0,0.0,0.0,4.0,4.0,,,,,,,,,0.0,0.0,0.0,0.0,0.0,0.0,0.0,0.0,0.0,0.0,0.0,0.0,0.0,0.0,1.0,0.0,0.0,0.0,0.0,0.0,0.0,0.0,0.0,0.0,0.0,4.0,4.0,0.0
002037,Bryan McIntosh,WAT,Waterdogs,1,D,Defense,2022-06-05,2022-06-05,0.0,0.0,0.0,0.0,0.0,0.0,0.0,0,0.0,0.0,0.0,0.0,0.0,0.0,2.0,0.0,0.0,0,0,0,0.0,0.0,0.0,0.0,0.0,6.0,6.0,,,,,,,,,0.0,0.0,0.0,0.0,0.0,0.0,0.0,0.0,0.0,0.0,0.0,0.0,0.0,0.0,2.0,0.0,0.0,0.0,0.0,0.0,0.0,0.0,0.0,0.0,0.0,6.0,6.0,0.0
002038,Colin Kirst,ARC,Archers,3,G,Goalie,2023-06-03,2025-06-07,0.0,0.0,0.0,0.0,0.0,0.0,1.0,1,1.0,32.0,9.0,23.0,20.0,30.56357927786499,4.0,2.0,0.0,0,0,0,20.0,0.0,0.0,0.0,1.0,40.0,37.0,0.0,1.0,,0.6153846153846154,28.125,0.17307692307692307,0.0,0.0,0.0,0.0,0.0,0.0,0.0,0.0,0.3333333333333333,0.3333333333333333,0.3333333333333333,10.666666666666666,3.0,7.666666666666667,6.666666666666667,10.18785975928833,1.3333333333333333,0.6666666666666666,0.0,0.0,0.0,0.0,6.666666666666667,0.0,0.0,0.0,0.3333333333333333,13.333333333333334,12.333333333333334,0.3333333333333333
002038,Colin Kirst,ATL,Atlas,8,G,Goalie,2023-07-09,2026-07-19,0.0,0.0,0.0,0.0,0.0,0.0,0.0,0,0.0,92.0,32.0,60.0,110.0,110.0,22.0,7.0,1.0,0,0,0,104.0,6.0,0.0,0.0,1.0,127.0,120.0,,,,0.46938775510204084,34.78260869565217,0.16326530612244897,0.0,,0.0,0.0,0.0,0.0,0.0,0.0,0.0,0.0,0.0,11.5,4.0,7.5,13.75,13.75,2.75,0.875,0.125,0.0,0.0,0.0,13.0,0.75,0.0,0.0,0.125,15.875,15.0,0.125
002038,Colin Kirst,CHA,Chaos,4,G,Goalie,2024-08-17,2026-07-25,0.0,0.0,0.0,0.0,0.0,0.0,0.0,0,0.0,43.0,15.0,28.0,51.0,50.40456688598733,7.0,2.0,1.0,0,0,0,48.0,3.0,0.0,0.0,0.0,53.0,51.0,,,,0.4725274725274725,34.883720930232556,0.16483516483516483,,,0.0,0.0,0.0,0.0,0.0,0.0,0.0,0.0,0.0,10.75,3.75,7.0,12.75,12.601141721496832,1.75,0.5,0.25,0.0,0.0,0.0,12.0,0.75,0.0,0.0,0.0,13.25,12.75,0.0
002038,Colin Kirst,OUT,Outlaws,6,G,Goalie,2022-08-13,2026-07-11,0.0,0.0,0.0,0.0,0.0,0.0,0.0,0,0.0,53.0,17.0,36.0,60.0,60.0,11.0,3.0,0.0,0,0,0,56.0,4.0,0.0,0.0,0.0,82.0,79.0,,,,0.48623853211009177,32.075471698113205,0.1559633027522936,,,0.0,0.0,0.0,0.0,0.0,0.0,0.0,0.0,0.0,8.833333333333334,2.8333333333333335,6.0,10.0,10.0,1.8333333333333333,0.5,0.0,0.0,0.0,0.0,9.333333333333334,0.6666666666666666,0.0,0.0,0.0,13.666666666666666,13.166666666666666,0.0
002038,Colin Kirst,RED,Redwoods,6,G,Goalie,2023-07-30,2026-08-09,1.0,0.0,0.0,0.0,0.0,1.0,0.0,0,0.0,71.0,23.0,48.0,65.0,63.63136611300838,9.0,3.0,3.0,0,0,0,64.0,1.0,1.0,1.0,2.0,100.0,97.0,,,,0.5259259259259259,32.3943661971831,0.17037037037037037,0.5,,0.16666666666666666,0.0,0.0,0.0,0.0,0.16666666666666666,0.0,0.0,0.0,11.833333333333334,3.8333333333333335,8.0,10.833333333333334,10.605227685501397,1.5,0.5,0.5,0.0,0.0,0.0,10.666666666666666,0.16666666666666666,0.16666666666666666,0.16666666666666666,0.3333333333333333,16.666666666666668,16.166666666666668,0.3333333333333333
002038,Colin Kirst,WAT,Waterdogs,7,G,Goalie,2023-08-06,2026-06-07,0.0,0.0,0.0,0.0,0.0,0.0,0.0,0,0.0,103.0,33.0,70.0,72.0,81.47372801730491,13.0,4.0,0.0,0,0,0,70.0,2.0,1.0,1.0,0.0,108.0,104.0,,,,0.5953757225433526,32.038834951456316,0.1907514450867052,,,0.0,0.0,0.0,0.0,0.0,0.0,0.0,0.0,0.0,14.714285714285714,4.714285714285714,10.0,10.285714285714286,11.639104002472129,1.8571428571428572,0.5714285714285714,0.0,0.0,0.0,0.0,10.0,0.2857142857142857,0.14285714285714285,0.14285714285714285,0.0,15.428571428571429,14.857142857142858,0.0
002038,Colin Kirst,WHP,Whipsnakes,8,G,Goalie,2022-08-21,2026-08-07,0.0,0.0,0.0,0.0,0.0,0.0,2.0,1,2.0,89.0,33.0,56.0,91.0,91.0,14.0,1.0,2.0,0,0,0,85.0,6.0,0.0,0.0,1.0,99.0,96.0,0.0,0.5,,0.5114942528735632,37.07865168539326,0.1896551724137931,0.0,0.0,0.0,0.0,0.0,0.0,0.0,0.0,0.25,0.125,0.25,11.125,4.125,7.0,11.375,11.375,1.75,0.125,0.25,0.0,0.0,0.0,10.625,0.75,0.0,0.0,0.125,12.375,12.0,0.125
002039,Owen McElroy,ARC,Archers,3,G,Goalie,2023-08-12,2024-08-18,0.0,0.0,0.0,0.0,0.0,0.0,0.0,0,0.0,25.0,8.0,17.0,30.0,28.537924468422723,4.0,0.0,0.0,0,0,0,28.0,2.0,0.0,0.0,0.0,26.0,26.0,,,,0.4716981132075472,32.0,0.1509433962264151,,,0.0,0.0,0.0,0.0,0.0,0.0,0.0,0.0,0.0,8.333333333333334,2.6666666666666665,5.666666666666667,10.0,9.512641489474241,1.3333333333333333,0.0,0.0,0.0,0.0,0.0,9.333333333333334,0.6666666666666666,0.0,0.0,0.0,8.666666666666666,8.666666666666666,0.0
002039,Owen McElroy,ATL,Atlas,3,G,Goalie,2023-07-29,2026-08-08,0.0,0.0,0.0,0.0,0.0,0.0,1.0,1,1.0,28.0,8.0,20.0,26.0,26.0,3.0,0.0,0.0,0,0,0,25.0,1.0,0.0,0.0,1.0,31.0,30.0,0.0,1.0,,0.5283018867924528,28.57142857142857,0.1509433962264151,0.0,0.0,0.0,0.0,0.0,0.0,0.0,0.0,0.3333333333333333,0.3333333333333333,0.3333333333333333,9.333333333333334,2.6666666666666665,6.666666666666667,8.666666666666666,8.666666666666666,1.0,0.0,0.0,0.0,0.0,0.0,8.333333333333334,0.3333333333333333,0.0,0.0,0.3333333333333333,10.333333333333334,10.0,0.3333333333333333
002039,Owen McElroy,CAN,Cannons,2,G,Goalie,2023-06-17,2024-07-27,0.0,0.0,0.0,0.0,0.0,0.0,0.0,0,0.0,6.0,1.0,5.0,11.0,14.666666666666668,3.0,1.0,0.0,0,0,0,10.0,1.0,0.0,0.0,0.0,12.0,11.0,,,,0.375,16.666666666666664,0.0625,,,0.0,0.0,0.0,0.0,0.0,0.0,0.0,0.0,0.0,3.0,0.5,2.5,5.5,7.333333333333334,1.5,0.5,0.0,0.0,0.0,0.0,5.0,0.5,0.0,0.0,0.0,6.0,5.5,0.0
002039,Owen McElroy,CHA,Chaos,3,G,Goalie,2023-08-27,2025-06-06,0.0,0.0,0.0,0.0,0.0,0.0,0.0,0,0.0,32.0,7.0,25.0,29.0,29.0,8.0,2.0,0.0,0,0,0,29.0,0.0,0.0,0.0,0.0,47.0,45.0,,,,0.5245901639344263,21.875,0.11475409836065574,,,0.0,0.0,0.0,0.0,0.0,0.0,0.0,0.0,0.0,10.666666666666666,2.3333333333333335,8.333333333333334,9.666666666666666,9.666666666666666,2.6666666666666665,0.6666666666666666,0.0,0.0,0.0,0.0,9.666666666666666,0.0,0.0,0.0,0.0,15.666666666666666,15.0,0.0
002039,Owen McElroy,RED,Redwoods,3,G,Goalie,2024-06-29,2025-05-31,0.0,0.0,0.0,0.0,0.0,0.0,0.0,0,0.0,38.0,9.0,29.0,28.0,29.277244986922405,8.0,0.0,0.0,0,0,0,26.0,2.0,0.0,0.0,0.0,36.0,36.0,,,,0.59375,23.684210526315788,0.140625,,,0.0,0.0,0.0,0.0,0.0,0.0,0.0,0.0,0.0,12.666666666666666,3.0,9.666666666666666,9.333333333333334,9.759081662307468,2.6666666666666665,0.0,0.0,0.0,0.0,0.0,8.666666666666666,0.6666666666666666,0.0,0.0,0.0,12.0,12.0,0.0
002039,Owen McElroy,WAT,Waterdogs,2,G,Goalie,2024-07-19,2026-07-26,0.0,0.0,0.0,0.0,0.0,0.0,0.0,0,0.0,22.0,6.0,16.0,17.0,21.0,5.0,2.0,1.0,0,0,0,15.0,2.0,0.0,0.0,0.0,27.0,25.0,,,,0.5945945945945946,27.27272727272727,0.16216216216216217,,,0.0,0.0,0.0,0.0,0.0,0.0,0.0,0.0,0.0,11.0,3.0,8.0,8.5,10.5,2.5,1.0,0.5,0.0,0.0,0.0,7.5,1.0,0.0,0.0,0.0,13.5,12.5,0.0
002039,Owen McElroy,WHP,Whipsnakes,2,G,Goalie,2024-08-10,2026-08-01,0.0,0.0,0.0,0.0,0.0,0.0,0.0,0,0.0,13.0,4.0,9.0,19.0,22.00555748523793,2.0,0.0,0.0,0,0,0,19.0,0.0,0.0,0.0,0.0,22.0,22.0,,,,0.40625,30.76923076923077,0.125,,,0.0,0.0,0.0,0.0,0.0,0.0,0.0,0.0,0.0,6.5,2.0,4.5,9.5,11.002778742618965,1.0,0.0,0.0,0.0,0.0,0.0,9.5,0.0,0.0,0.0,0.0,11.0,11.0,0.0
002040,Jackson Reid,ATL,Atlas,1,A,Attack,2022-08-13,2022-08-13,1.0,1.0,1.0,0.0,1.0,0.0,1.0,1,0.0,0.0,0.0,0.0,0.0,0.0,0.0,2.0,0.0,0,0,0,0.0,0.0,0.0,0.0,0.0,13.0,10.0,1.0,1.0,,,,,,,1.0,1.0,1.0,0.0,1.0,0.0,1.0,1.0,0.0,0.0,0.0,0.0,0.0,0.0,0.0,2.0,0.0,0.0,0.0,0.0,0.0,0.0,0.0,0.0,0.0,13.0,10.0,0.0
002040,Jackson Reid,CAN,Cannons,1,A,Attack,2022-08-21,2022-08-21,1.0,1.0,1.0,0.0,1.0,0.0,3.0,1,0.0,0.0,0.0,0.0,0.0,0.0,1.0,0.0,0.0,0,0,0,0.0,0.0,0.0,0.0,1.0,8.0,5.0,0.3333333333333333,0.3333333333333333,,,,,0.0,,1.0,1.0,1.0,0.0,1.0,0.0,3.0,1.0,0.0,0.0,0.0,0.0,0.0,0.0,1.0,0.0,0.0,0.0,0.0,0.0,0.0,0.0,0.0,0.0,1.0,8.0,5.0,1.0
002040,Jackson Reid,CHA,Chaos,1,A,Attack,2022-06-04,2022-06-04,1.0,1.0,1.0,0.0,1.0,0.0,6.0,2,0.0,0.0,0.0,0.0,0.0,0.0,0.0,1.0,0.0,0,1,1,0.0,0.0,0.0,0.0,2.0,17.0,10.0,0.16666666666666666,0.3333333333333333,0.0,,,,0.0,,1.0,1.0,1.0,0.0,1.0,0.0,6.0,2.0,0.0,0.0,0.0,0.0,0.0,0.0,0.0,1.0,0.0,0.0,1.0,1.0,0.0,0.0,0.0,0.0,2.0,17.0,10.0,2.0
002040,Jackson Reid,OUT,Outlaws,1,M,Midfield,2023-06-04,2023-06-04,0.0,0.0,0.0,0.0,0.0,0.0,3.0,3,0.0,0.0,0.0,0.0,0.0,0.0,0.0,1.0,0.0,0,0,0,0.0,0.0,0.0,0.0,1.0,8.0,4.0,0.0,1.0,,,,,0.0,,0.0,0.0,0.0,0.0,0.0,0.0,3.0,3.0,0.0,0.0,0.0,0.0,0.0,0.0,0.0,1.0,0.0,0.0,0.0,0.0,0.0,0.0,0.0,0.0,1.0,8.0,4.0,1.0
002040,Jackson Reid,RED,Redwoods,1,M,Midfield,2023-06-17,2023-06-17,0.0,0.0,0.0,0.0,0.0,0.0,1.0,1,0.0,0.0,0.0,0.0,0.0,0.0,0.0,1.0,0.0,0,0,0,0.0,0.0,0.0,0.0,2.0,8.0,6.0,0.0,1.0,,,,,0.0,,0.0,0.0,0.0,0.0,0.0,0.0,1.0,1.0,0.0,0.0,0.0,0.0,0.0,0.0,0.0,1.0,0.0,0.0,0.0,0.0,0.0,0.0,0.0,0.0,2.0,8.0,6.0,2.0
002040,Jackson Reid,WAT,Waterdogs,1,A,Attack,2022-07-03,2022-07-03,1.0,1.0,1.0,0.0,1.0,0.0,2.0,1,0.0,0.0,0.0,0.0,0.0,0.0,0.0,0.0,0.0,0,0,0,0.0,0.0,0.0,0.0,1.0,9.0,7.0,0.5,0.5,,,,,0.0,,1.0,1.0,1.0,0.0,1.0,0.0,2.0,1.0,0.0,0.0,0.0,0.0,0.0,0.0,0.0,0.0,0.0,0.0,0.0,0.0,0.0,0.0,0.0,0.0,1.0,9.0,7.0,1.0
002041,Mitch Bartolo,CHA,Chaos,1,M,Midfield,2022-07-31,2022-07-31,0.0,0.0,0.0,0.0,0.0,0.0,0.0,0,0.0,0.0,0.0,0.0,0.0,0.0,1.0,1.0,0.0,0,0,0,0.0,0.0,0.0,0.0,0.0,2.0,1.0,,,,,,,,,0.0,0.0,0.0,0.0,0.0,0.0,0.0,0.0,0.0,0.0,0.0,0.0,0.0,0.0,1.0,1.0,0.0,0.0,0.0,0.0,0.0,0.0,0.0,0.0,0.0,2.0,1.0,0.0
002042,Jon Robbins,ARC,Archers,1,LSM,Long Stick Midfield,2026-07-11,2026-07-11,0.0,0.0,0.0,0.0,0.0,0.0,0.0,0,0.0,0.0,0.0,0.0,0.0,0.0,1.0,0.0,2.0,0,0,0,0.0,0.0,1.0,1.0,0.0,2.0,2.0,,,,,,,,,0.0,0.0,0.0,0.0,0.0,0.0,0.0,0.0,0.0,0.0,0.0,0.0,0.0,0.0,1.0,0.0,2.0,0.0,0.0,0.0,0.0,0.0,1.0,1.0,0.0,2.0,2.0,0.0
002042,Jon Robbins,ATL,Atlas,3,LSM,Long Stick Midfield,2022-06-26,2024-08-10,0.0,0.0,0.0,0.0,0.0,0.0,1.0,0,0.0,0.0,0.0,0.0,0.0,0.0,2.0,1.0,5.0,0,0,0,0.0,0.0,0.0,0.0,0.0,7.0,5.0,0.0,0.0,,,,,,,0.0,0.0,0.0,0.0,0.0,0.0,0.3333333333333333,0.0,0.0,0.0,0.0,0.0,0.0,0.0,0.6666666666666666,0.3333333333333333,1.6666666666666667,0.0,0.0,0.0,0.0,0.0,0.0,0.0,0.0,2.3333333333333335,1.6666666666666667,0.0
002042,Jon Robbins,CAN,Cannons,6,LSM,Long Stick Midfield,2022-06-18,2026-07-19,1.0,1.0,1.0,0.0,1.0,0.0,1.0,1,0.0,0.0,0.0,0.0,0.0,0.0,7.0,1.0,5.0,0,0,0,0.0,0.0,0.0,0.0,0.0,16.0,14.0,1.0,1.0,,,,,,,0.16666666666666666,0.16666666666666666,0.16666666666666666,0.0,0.16666666666666666,0.0,0.16666666666666666,0.16666666666666666,0.0,0.0,0.0,0.0,0.0,0.0,1.1666666666666667,0.16666666666666666,0.8333333333333334,0.0,0.0,0.0,0.0,0.0,0.0,0.0,0.0,2.6666666666666665,2.3333333333333335,0.0
002042,Jon Robbins,CHA,Chaos,5,LSM,Long Stick Midfield,2022-08-13,2026-05-09,1.0,1.0,1.0,0.0,1.0,0.0,4.0,2,1.0,0.0,0.0,0.0,0.0,0.0,10.0,0.0,4.0,0,0,0,0.0,0.0,0.0,0.0,0.0,20.0,16.0,0.25,0.5,,,,,,0.0,0.2,0.2,0.2,0.0,0.2,0.0,0.8,0.4,0.2,0.0,0.0,0.0,0.0,0.0,2.0,0.0,0.8,0.0,0.0,0.0,0.0,0.0,0.0,0.0,0.0,4.0,3.2,0.0
002042,Jon Robbins,OUT,Outlaws,6,LSM,Long Stick Midfield,2022-06-05,2026-08-08,0.0,0.0,0.0,0.0,0.0,0.0,2.0,1,0.0,0.0,0.0,0.0,0.0,0.0,4.0,0.0,5.0,0,0,0,0.0,0.0,1.0,2.0,1.0,14.0,12.0,0.0,0.5,,,,,0.0,,0.0,0.0,0.0,0.0,0.0,0.0,0.3333333333333333,0.16666666666666666,0.0,0.0,0.0,0.0,0.0,0.0,0.6666666666666666,0.0,0.8333333333333334,0.0,0.0,0.0,0.0,0.0,0.16666666666666666,0.3333333333333333,0.16666666666666666,2.3333333333333335,2.0,0.16666666666666666
002042,Jon Robbins,RED,Redwoods,5,LSM,Long Stick Midfield,2022-07-01,2026-06-06,0.0,0.0,0.0,0.0,0.0,0.0,0.0,0,0.0,0.0,0.0,0.0,0.0,0.0,5.0,1.0,2.0,0,0,0,0.0,0.0,0.0,0.0,2.0,11.0,10.0,,,,,,,0.0,,0.0,0.0,0.0,0.0,0.0,0.0,0.0,0.0,0.0,0.0,0.0,0.0,0.0,0.0,1.0,0.2,0.4,0.0,0.0,0.0,0.0,0.0,0.0,0.0,0.4,2.2,2.0,0.4
002042,Jon Robbins,WAT,Waterdogs,3,LSM,Long Stick Midfield,2022-08-21,2024-06-01,0.0,0.0,0.0,0.0,0.0,0.0,0.0,0,0.0,0.0,0.0,0.0,0.0,0.0,5.0,1.0,2.0,0,0,0,0.0,0.0,0.0,0.0,0.0,12.0,11.0,,,,,,,,,0.0,0.0,0.0,0.0,0.0,0.0,0.0,0.0,0.0,0.0,0.0,0.0,0.0,0.0,1.6666666666666667,0.3333333333333333,0.6666666666666666,0.0,0.0,0.0,0.0,0.0,0.0,0.0,0.0,4.0,3.6666666666666665,0.0
002042,Jon Robbins,WHP,Whipsnakes,5,LSM,Long Stick Midfield,2022-08-06,2026-06-21,0.0,0.0,0.0,0.0,0.0,0.0,1.0,1,0.0,0.0,0.0,0.0,0.0,0.0,8.0,3.0,3.0,0,0,0,0.0,0.0,0.0,0.0,2.0,17.0,13.0,0.0,1.0,,,,,0.0,,0.0,0.0,0.0,0.0,0.0,0.0,0.2,0.2,0.0,0.0,0.0,0.0,0.0,0.0,1.6,0.6,0.6,0.0,0.0,0.0,0.0,0.0,0.0,0.0,0.4,3.4,2.6,0.4
002043,Ryan Aughavin,ATL,Atlas,2,M,Midfield,2022-06-26,2024-08-10,2.0,2.0,0.0,1.0,1.0,0.0,3.0,3,1.0,0.0,0.0,0.0,0.0,0.0,1.0,3.0,0.0,0,0,0,0.0,0.0,0.0,0.0,0.0,20.0,14.0,0.3333333333333333,1.0,,,,,,1.0,1.0,1.0,0.0,0.5,0.5,0.0,1.5,1.5,0.5,0.0,0.0,0.0,0.0,0.0,0.5,1.5,0.0,0.0,0.0,0.0,0.0,0.0,0.0,0.0,0.0,10.0,7.0,0.0
002043,Ryan Aughavin,CAN,Cannons,1,M,Midfield,2022-06-18,2022-06-18,2.0,2.0,0.0,1.0,1.0,0.0,3.0,3,1.0,0.0,0.0,0.0,0.0,0.0,0.0,0.0,1.0,0,0,0,0.0,0.0,0.0,0.0,0.0,6.0,3.0,0.3333333333333333,1.0,,,,,,1.0,2.0,2.0,0.0,1.0,1.0,0.0,3.0,3.0,1.0,0.0,0.0,0.0,0.0,0.0,0.0,0.0,1.0,0.0,0.0,0.0,0.0,0.0,0.0,0.0,0.0,6.0,3.0,0.0
002043,Ryan Aughavin,CHA,Chaos,1,M,Midfield,2024-06-15,2024-06-15,0.0,0.0,0.0,0.0,0.0,0.0,0.0,0,0.0,0.0,0.0,0.0,0.0,0.0,0.0,0.0,0.0,0,0,0,0.0,0.0,0.0,0.0,0.0,4.0,4.0,,,,,,,,,0.0,0.0,0.0,0.0,0.0,0.0,0.0,0.0,0.0,0.0,0.0,0.0,0.0,0.0,0.0,0.0,0.0,0.0,0.0,0.0,0.0,0.0,0.0,0.0,0.0,4.0,4.0,0.0
002043,Ryan Aughavin,OUT,Outlaws,3,M,Midfield,2023-06-09,2024-08-18,2.0,0.0,0.0,0.0,0.0,2.0,7.0,3,2.0,0.0,0.0,0.0,0.0,0.0,2.0,0.0,0.0,0,0,0,0.0,0.0,0.0,0.0,3.0,32.0,25.0,0.0,0.42857142857142855,,,,,0.6666666666666666,0.0,0.6666666666666666,0.0,0.0,0.0,0.0,0.6666666666666666,2.3333333333333335,1.0,0.6666666666666666,0.0,0.0,0.0,0.0,0.0,0.6666666666666666,0.0,0.0,0.0,0.0,0.0,0.0,0.0,0.0,0.0,1.0,10.666666666666666,8.333333333333334,1.0
002043,Ryan Aughavin,RED,Redwoods,1,M,Midfield,2024-07-20,2024-07-20,0.0,0.0,0.0,0.0,0.0,0.0,4.0,2,1.0,0.0,0.0,0.0,0.0,0.0,1.0,1.0,0.0,0,0,0,0.0,0.0,0.0,0.0,2.0,11.0,6.0,0.0,0.5,,,,,0.0,0.0,0.0,0.0,0.0,0.0,0.0,0.0,4.0,2.0,1.0,0.0,0.0,0.0,0.0,0.0,1.0,1.0,0.0,0.0,0.0,0.0,0.0,0.0,0.0,0.0,2.0,11.0,6.0,2.0
002043,Ryan Aughavin,WAT,Waterdogs,2,M,Midfield,2023-08-26,2024-06-01,3.0,3.0,1.0,1.0,2.0,0.0,8.0,7,3.0,0.0,0.0,0.0,0.0,0.0,1.0,0.0,0.0,0,0,0,0.0,0.0,0.0,0.0,0.0,24.0,16.0,0.25,0.875,,,,,,0.3333333333333333,1.5,1.5,0.5,0.5,1.0,0.0,4.0,3.5,1.5,0.0,0.0,0.0,0.0,0.0,0.5,0.0,0.0,0.0,0.0,0.0,0.0,0.0,0.0,0.0,0.0,12.0,8.0,0.0
002043,Ryan Aughavin,WHP,Whipsnakes,2,M,Midfield,2023-07-09,2023-08-19,1.0,1.0,1.0,0.0,1.0,0.0,6.0,2,2.0,0.0,0.0,0.0,0.0,0.0,1.0,0.0,0.0,0,0,0,0.0,0.0,0.0,0.0,1.0,20.0,14.0,0.16666666666666666,0.3333333333333333,,,,,0.0,0.0,0.5,0.5,0.5,0.0,0.5,0.0,3.0,1.0,1.0,0.0,0.0,0.0,0.0,0.0,0.5,0.0,0.0,0.0,0.0,0.0,0.0,0.0,0.0,0.0,0.5,10.0,7.0,0.5
002046,Kevin Lindley,ARC,Archers,1,A,Attack,2023-06-17,2023-06-17,0.0,0.0,0.0,0.0,0.0,0.0,2.0,0,0.0,0.0,0.0,0.0,0.0,0.0,0.0,0.0,0.0,0,0,0,0.0,0.0,0.0,0.0,1.0,4.0,2.0,0.0,0.0,,,,,0.0,,0.0,0.0,0.0,0.0,0.0,0.0,2.0,0.0,0.0,0.0,0.0,0.0,0.0,0.0,0.0,0.0,0.0,0.0,0.0,0.0,0.0,0.0,0.0,0.0,1.0,4.0,2.0,1.0
002046,Kevin Lindley,WAT,Waterdogs,1,A,Attack,2023-08-20,2023-08-20,1.0,1.0,1.0,0.0,1.0,0.0,2.0,2,0.0,0.0,0.0,0.0,0.0,0.0,2.0,1.0,0.0,0,0,0,0.0,0.0,0.0,0.0,3.0,18.0,15.0,0.5,1.0,,,,,0.0,,1.0,1.0,1.0,0.0,1.0,0.0,2.0,2.0,0.0,0.0,0.0,0.0,0.0,0.0,2.0,1.0,0.0,0.0,0.0,0.0,0.0,0.0,0.0,0.0,3.0,18.0,15.0,3.0
002047,Frankie Labetti,CAN,Cannons,1,FO,Faceoff,2022-06-18,2022-06-18,1.0,1.0,1.0,0.0,1.0,0.0,1.0,1,0.0,0.0,0.0,0.0,0.0,0.0,5.0,1.0,1.0,11,16,27,0.0,0.0,1.0,0.5,2.0,4.0,2.0,1.0,1.0,0.4074074074074074,,,,0.0,,1.0,1.0,1.0,0.0,1.0,0.0,1.0,1.0,0.0,0.0,0.0,0.0,0.0,0.0,5.0,1.0,1.0,11.0,16.0,27.0,0.0,0.0,1.0,0.5,2.0,4.0,2.0,2.0
002047,Frankie Labetti,CHA,Chaos,1,FO,Faceoff,2022-06-11,2022-06-11,0.0,0.0,0.0,0.0,0.0,0.0,2.0,0,0.0,0.0,0.0,0.0,0.0,0.0,4.0,0.0,0.0,8,16,24,0.0,0.0,0.0,0.0,0.0,4.0,2.0,0.0,0.0,0.3333333333333333,,,,,,0.0,0.0,0.0,0.0,0.0,0.0,2.0,0.0,0.0,0.0,0.0,0.0,0.0,0.0,4.0,0.0,0.0,8.0,16.0,24.0,0.0,0.0,0.0,0.0,0.0,4.0,2.0,0.0
002049,Marc O'Rourke,CHA,Chaos,1,M,Midfield,2023-07-16,2023-07-16,1.0,1.0,1.0,0.0,1.0,0.0,4.0,1,0.0,0.0,0.0,0.0,0.0,0.0,0.0,1.0,0.0,0,0,0,0.0,0.0,0.0,0.0,0.0,14.0,9.0,0.25,0.25,,,,,,,1.0,1.0,1.0,0.0,1.0,0.0,4.0,1.0,0.0,0.0,0.0,0.0,0.0,0.0,0.0,1.0,0.0,0.0,0.0,0.0,0.0,0.0,0.0,0.0,0.0,14.0,9.0,0.0
002049,Marc O'Rourke,RED,Redwoods,1,M,Midfield,2023-06-03,2023-06-03,1.0,0.0,0.0,0.0,0.0,1.0,1.0,1,1.0,0.0,0.0,0.0,0.0,0.0,0.0,1.0,0.0,0,0,0,0.0,0.0,0.0,0.0,2.0,13.0,11.0,0.0,1.0,,,,,0.5,0.0,1.0,0.0,0.0,0.0,0.0,1.0,1.0,1.0,1.0,0.0,0.0,0.0,0.0,0.0,0.0,1.0,0.0,0.0,0.0,0.0,0.0,0.0,0.0,0.0,2.0,13.0,11.0,2.0
002049,Marc O'Rourke,WAT,Waterdogs,2,M,Midfield,2023-06-16,2023-08-12,2.0,1.0,1.0,0.0,1.0,1.0,6.0,4,0.0,0.0,0.0,0.0,0.0,0.0,1.0,2.0,0.0,0,0,0,0.0,0.0,0.0,0.0,1.0,29.0,21.0,0.16666666666666666,0.6666666666666666,,,,,1.0,,1.0,0.5,0.5,0.0,0.5,0.5,3.0,2.0,0.0,0.0,0.0,0.0,0.0,0.0,0.5,1.0,0.0,0.0,0.0,0.0,0.0,0.0,0.0,0.0,0.5,14.5,10.5,0.5
002049,Marc O'Rourke,WHP,Whipsnakes,1,M,Midfield,2023-06-10,2023-06-10,0.0,0.0,0.0,0.0,0.0,0.0,3.0,2,1.0,0.0,0.0,0.0,0.0,0.0,0.0,0.0,0.0,0,0,0,0.0,0.0,0.0,0.0,1.0,10.0,7.0,0.0,0.6666666666666666,,,,,0.0,0.0,0.0,0.0,0.0,0.0,0.0,0.0,3.0,2.0,1.0,0.0,0.0,0.0,0.0,0.0,0.0,0.0,0.0,0.0,0.0,0.0,0.0,0.0,0.0,0.0,1.0,10.0,7.0,1.0
002051,Connor DeSimone,ATL,Atlas,1,A,Attack,2022-06-26,2022-06-26,1.0,1.0,1.0,0.0,1.0,0.0,4.0,3,0.0,0.0,0.0,0.0,0.0,0.0,0.0,1.0,0.0,0,0,0,0.0,0.0,0.0,0.0,1.0,28.0,23.0,0.25,0.75,,,,,0.0,,1.0,1.0,1.0,0.0,1.0,0.0,4.0,3.0,0.0,0.0,0.0,0.0,0.0,0.0,0.0,1.0,0.0,0.0,0.0,0.0,0.0,0.0,0.0,0.0,1.0,28.0,23.0,1.0
002051,Connor DeSimone,CAN,Cannons,2,A,Attack,2022-06-18,2023-06-03,3.0,3.0,3.0,0.0,3.0,0.0,7.0,6,1.0,0.0,0.0,0.0,0.0,0.0,1.0,2.0,0.0,0,0,0,0.0,0.0,0.0,0.0,0.0,31.0,22.0,0.42857142857142855,0.8571428571428571,,,,,,0.0,1.5,1.5,1.5,0.0,1.5,0.0,3.5,3.0,0.5,0.0,0.0,0.0,0.0,0.0,0.5,1.0,0.0,0.0,0.0,0.0,0.0,0.0,0.0,0.0,0.0,15.5,11.0,0.0
002051,Connor DeSimone,CHA,Chaos,1,A,Attack,2022-06-11,2022-06-11,2.0,0.0,0.0,0.0,0.0,2.0,0.0,0,0.0,0.0,0.0,0.0,0.0,0.0,2.0,1.0,0.0,0,0,0,0.0,0.0,0.0,0.0,3.0,34.0,33.0,,,,,,,0.6666666666666666,,2.0,0.0,0.0,0.0,0.0,2.0,0.0,0.0,0.0,0.0,0.0,0.0,0.0,0.0,2.0,1.0,0.0,0.0,0.0,0.0,0.0,0.0,0.0,0.0,3.0,34.0,33.0,3.0
002051,Connor DeSimone,OUT,Outlaws,2,A,Attack,2022-06-05,2023-06-09,4.0,2.0,2.0,0.0,2.0,2.0,6.0,4,0.0,0.0,0.0,0.0,0.0,0.0,0.0,2.0,0.0,0,0,0,0.0,0.0,0.0,0.0,5.0,34.0,26.0,0.3333333333333333,0.6666666666666666,,,,,0.4,,2.0,1.0,1.0,0.0,1.0,1.0,3.0,2.0,0.0,0.0,0.0,0.0,0.0,0.0,0.0,1.0,0.0,0.0,0.0,0.0,0.0,0.0,0.0,0.0,2.5,17.0,13.0,2.5
002051,Connor DeSimone,RED,Redwoods,1,A,Attack,2022-07-01,2022-07-01,3.0,2.0,2.0,0.0,2.0,1.0,2.0,2,0.0,0.0,0.0,0.0,0.0,0.0,1.0,4.0,2.0,0,0,0,0.0,0.0,0.0,0.0,1.0,31.0,25.0,1.0,1.0,,,,,1.0,,3.0,2.0,2.0,0.0,2.0,1.0,2.0,2.0,0.0,0.0,0.0,0.0,0.0,0.0,1.0,4.0,2.0,0.0,0.0,0.0,0.0,0.0,0.0,0.0,1.0,31.0,25.0,1.0
002054,Chris Merle,ARC,Archers,5,SSDM,Defensive Midfield,2024-07-20,2026-06-20,0.0,0.0,0.0,0.0,0.0,0.0,4.0,3,1.0,0.0,0.0,0.0,0.0,0.0,4.0,0.0,3.0,1,0,1,0.0,0.0,1.0,0.5,0.0,22.0,18.0,0.0,0.75,1.0,,,,,0.0,0.0,0.0,0.0,0.0,0.0,0.0,0.8,0.6,0.2,0.0,0.0,0.0,0.0,0.0,0.8,0.0,0.6,0.2,0.0,0.2,0.0,0.0,0.2,0.1,0.0,4.4,3.6,0.0
002054,Chris Merle,ATL,Atlas,5,SSDM,Defensive Midfield,2023-06-03,2026-08-02,0.0,0.0,0.0,0.0,0.0,0.0,1.0,1,0.0,0.0,0.0,0.0,0.0,0.0,7.0,0.0,3.0,0,0,0,0.0,0.0,1.0,1.0,1.0,34.0,33.0,0.0,1.0,,,,,0.0,,0.0,0.0,0.0,0.0,0.0,0.0,0.2,0.2,0.0,0.0,0.0,0.0,0.0,0.0,1.4,0.0,0.6,0.0,0.0,0.0,0.0,0.0,0.2,0.2,0.2,6.8,6.6,0.2
002054,Chris Merle,CAN,Cannons,3,SSDM,Defensive Midfield,2023-08-13,2026-06-28,0.0,0.0,0.0,0.0,0.0,0.0,0.0,0,0.0,0.0,0.0,0.0,0.0,0.0,2.0,1.0,2.0,0,0,0,0.0,0.0,2.0,1.5,0.0,16.0,15.0,,,,,,,,,0.0,0.0,0.0,0.0,0.0,0.0,0.0,0.0,0.0,0.0,0.0,0.0,0.0,0.0,0.6666666666666666,0.3333333333333333,0.6666666666666666,0.0,0.0,0.0,0.0,0.0,0.6666666666666666,0.5,0.0,5.333333333333333,5.0,0.0
002054,Chris Merle,CHA,Chaos,6,SSDM,Defensive Midfield,2023-08-06,2026-07-31,2.0,2.0,2.0,0.0,2.0,0.0,2.0,2,0.0,0.0,0.0,0.0,0.0,0.0,13.0,1.0,4.0,0,1,1,0.0,0.0,0.0,0.0,1.0,33.0,30.0,1.0,1.0,0.0,,,,0.0,,0.3333333333333333,0.3333333333333333,0.3333333333333333,0.0,0.3333333333333333,0.0,0.3333333333333333,0.3333333333333333,0.0,0.0,0.0,0.0,0.0,0.0,2.1666666666666665,0.16666666666666666,0.6666666666666666,0.0,0.16666666666666666,0.16666666666666666,0.0,0.0,0.0,0.0,0.16666666666666666,5.5,5.0,0.16666666666666666
002054,Chris Merle,OUT,Outlaws,5,SSDM,Defensive Midfield,2023-08-20,2026-05-16,1.0,1.0,1.0,0.0,1.0,0.0,4.0,2,1.0,0.0,0.0,0.0,0.0,0.0,6.0,0.0,2.0,0,0,0,0.0,0.0,1.0,0.5,0.0,24.0,20.0,0.25,0.5,,,,,,0.0,0.2,0.2,0.2,0.0,0.2,0.0,0.8,0.4,0.2,0.0,0.0,0.0,0.0,0.0,1.2,0.0,0.4,0.0,0.0,0.0,0.0,0.0,0.2,0.1,0.0,4.8,4.0,0.0
002054,Chris Merle,WAT,Waterdogs,3,SSDM,Defensive Midfield,2023-06-10,2026-07-10,0.0,0.0,0.0,0.0,0.0,0.0,3.0,1,0.0,0.0,0.0,0.0,0.0,0.0,8.0,5.0,4.0,0,0,0,0.0,0.0,1.0,0.5,0.0,21.0,13.0,0.0,0.3333333333333333,,,,,,,0.0,0.0,0.0,0.0,0.0,0.0,1.0,0.3333333333333333,0.0,0.0,0.0,0.0,0.0,0.0,2.6666666666666665,1.6666666666666667,1.3333333333333333,0.0,0.0,0.0,0.0,0.0,0.3333333333333333,0.16666666666666666,0.0,7.0,4.333333333333333,0.0
002054,Chris Merle,WHP,Whipsnakes,2,SSDM,Defensive Midfield,2024-07-28,2026-07-17,1.0,1.0,1.0,0.0,1.0,0.0,1.0,1,0.0,0.0,0.0,0.0,0.0,0.0,4.0,1.0,3.0,0,0,0,0.0,0.0,2.0,1.0,0.0,11.0,9.0,1.0,1.0,,,,,,,0.5,0.5,0.5,0.0,0.5,0.0,0.5,0.5,0.0,0.0,0.0,0.0,0.0,0.0,2.0,0.5,1.5,0.0,0.0,0.0,0.0,0.0,1.0,0.5,0.0,5.5,4.5,0.0
002055,Jakob Phaup,RED,Redwoods,1,FO,Faceoff,2022-07-23,2022-07-23,0.0,0.0,0.0,0.0,0.0,0.0,0.0,0,0.0,0.0,0.0,0.0,0.0,0.0,5.0,1.0,0.0,11,18,29,0.0,0.0,0.0,0.0,0.0,5.0,4.0,,,0.3793103448275862,,,,,,0.0,0.0,0.0,0.0,0.0,0.0,0.0,0.0,0.0,0.0,0.0,0.0,0.0,0.0,5.0,1.0,0.0,11.0,18.0,29.0,0.0,0.0,0.0,0.0,0.0,5.0,4.0,0.0
002056,Matt Rahill,ARC,Archers,1,D,Defense,2022-06-18,2022-06-18,0.0,0.0,0.0,0.0,0.0,0.0,0.0,0,0.0,0.0,0.0,0.0,0.0,0.0,2.0,0.0,1.0,0,0,0,0.0,0.0,0.0,0.0,0.0,4.0,4.0,,,,,,,,,0.0,0.0,0.0,0.0,0.0,0.0,0.0,0.0,0.0,0.0,0.0,0.0,0.0,0.0,2.0,0.0,1.0,0.0,0.0,0.0,0.0,0.0,0.0,0.0,0.0,4.0,4.0,0.0
002056,Matt Rahill,CHA,Chaos,1,D,Defense,2022-07-02,2022-07-02,0.0,0.0,0.0,0.0,0.0,0.0,0.0,0,0.0,0.0,0.0,0.0,0.0,0.0,0.0,0.0,0.0,0,0,0,0.0,0.0,0.0,0.0,0.0,6.0,6.0,,,,,,,,,0.0,0.0,0.0,0.0,0.0,0.0,0.0,0.0,0.0,0.0,0.0,0.0,0.0,0.0,0.0,0.0,0.0,0.0,0.0,0.0,0.0,0.0,0.0,0.0,0.0,6.0,6.0,0.0
002056,Matt Rahill,OUT,Outlaws,2,D,Defense,2022-06-25,2022-08-13,0.0,0.0,0.0,0.0,0.0,0.0,1.0,1,1.0,0.0,0.0,0.0,0.0,0.0,5.0,1.0,0.0,0,0,0,0.0,0.0,1.0,0.5,0.0,13.0,11.0,0.0,1.0,,,,,,0.0,0.0,0.0,0.0,0.0,0.0,0.0,0.5,0.5,0.5,0.0,0.0,0.0,0.0,0.0,2.5,0.5,0.0,0.0,0.0,0.0,0.0,0.0,0.5,0.25,0.0,6.5,5.5,0.0
002056,Matt Rahill,WAT,Waterdogs,2,D,Defense,2022-07-31,2023-07-14,0.0,0.0,0.0,0.0,0.0,0.0,0.0,0,0.0,0.0,0.0,0.0,0.0,0.0,3.0,1.0,0.0,0,0,0,0.0,0.0,0.0,0.0,0.0,6.0,5.0,,,,,,,,,0.0,0.0,0.0,0.0,0.0,0.0,0.0,0.0,0.0,0.0,0.0,0.0,0.0,0.0,1.5,0.5,0.0,0.0,0.0,0.0,0.0,0.0,0.0,0.0,0.0,3.0,2.5,0.0
002059,Brendan Krebs,ARC,Archers,3,G,Goalie,2023-08-19,2025-05-31,0.0,0.0,0.0,0.0,0.0,0.0,0.0,0,0.0,28.0,12.0,16.0,38.0,42.66666666666667,4.0,1.0,0.0,0,0,0,35.0,3.0,0.0,0.0,0.0,40.0,39.0,,,,0.4444444444444444,42.857142857142854,0.19047619047619047,,,0.0,0.0,0.0,0.0,0.0,0.0,0.0,0.0,0.0,9.333333333333334,4.0,5.333333333333333,12.666666666666666,14.222222222222223,1.3333333333333333,0.3333333333333333,0.0,0.0,0.0,0.0,11.666666666666666,1.0,0.0,0.0,0.0,13.333333333333334,13.0,0.0
002059,Brendan Krebs,ATL,Atlas,3,G,Goalie,2024-06-02,2025-06-14,0.0,0.0,0.0,0.0,0.0,0.0,0.0,0,0.0,35.0,13.0,22.0,35.0,36.298136645962735,8.0,1.0,2.0,0,0,0,33.0,2.0,0.0,0.0,1.0,50.0,49.0,,,,0.5147058823529411,37.142857142857146,0.19117647058823528,0.0,,0.0,0.0,0.0,0.0,0.0,0.0,0.0,0.0,0.0,11.666666666666666,4.333333333333333,7.333333333333333,11.666666666666666,12.099378881987578,2.6666666666666665,0.3333333333333333,0.6666666666666666,0.0,0.0,0.0,11.0,0.6666666666666666,0.0,0.0,0.3333333333333333,16.666666666666668,16.333333333333332,0.3333333333333333
002059,Brendan Krebs,CAN,Cannons,3,G,Goalie,2024-06-08,2025-06-21,0.0,0.0,0.0,0.0,0.0,0.0,0.0,0,0.0,33.0,9.0,24.0,40.0,40.0,14.0,2.0,2.0,0,0,0,37.0,3.0,0.0,0.0,0.0,51.0,49.0,,,,0.4714285714285714,27.27272727272727,0.12857142857142856,,,0.0,0.0,0.0,0.0,0.0,0.0,0.0,0.0,0.0,11.0,3.0,8.0,13.333333333333334,13.333333333333334,4.666666666666667,0.6666666666666666,0.6666666666666666,0.0,0.0,0.0,12.333333333333334,1.0,0.0,0.0,0.0,17.0,16.333333333333332,0.0
002059,Brendan Krebs,CHA,Chaos,4,G,Goalie,2023-07-30,2025-06-22,0.0,0.0,0.0,0.0,0.0,0.0,1.0,0,0.0,41.0,16.0,25.0,36.0,35.56175298804781,12.0,3.0,1.0,0,0,0,35.0,1.0,0.0,0.0,0.0,50.0,46.0,0.0,0.0,,0.5394736842105263,39.02439024390244,0.21052631578947367,,,0.0,0.0,0.0,0.0,0.0,0.0,0.25,0.0,0.0,10.25,4.0,6.25,9.0,8.890438247011952,3.0,0.75,0.25,0.0,0.0,0.0,8.75,0.25,0.0,0.0,0.0,12.5,11.5,0.0
002059,Brendan Krebs,OUT,Outlaws,2,G,Goalie,2023-08-05,2024-08-10,0.0,0.0,0.0,0.0,0.0,0.0,0.0,0,0.0,24.0,8.0,16.0,14.0,14.003126085446334,3.0,0.0,1.0,0,0,0,14.0,0.0,0.0,0.0,1.0,36.0,36.0,,,,0.631578947368421,33.33333333333333,0.21052631578947367,0.0,,0.0,0.0,0.0,0.0,0.0,0.0,0.0,0.0,0.0,12.0,4.0,8.0,7.0,7.001563042723167,1.5,0.0,0.5,0.0,0.0,0.0,7.0,0.0,0.0,0.0,0.5,18.0,18.0,0.5
002059,Brendan Krebs,RED,Redwoods,1,G,Goalie,2024-07-28,2024-07-28,0.0,0.0,0.0,0.0,0.0,0.0,0.0,0,0.0,12.0,4.0,8.0,13.0,12.999999999999998,0.0,1.0,0.0,0,0,0,11.0,2.0,0.0,0.0,0.0,16.0,15.0,,,,0.5217391304347826,33.33333333333333,0.17391304347826086,,,0.0,0.0,0.0,0.0,0.0,0.0,0.0,0.0,0.0,12.0,4.0,8.0,13.0,12.999999999999998,0.0,1.0,0.0,0.0,0.0,0.0,11.0,2.0,0.0,0.0,0.0,16.0,15.0,0.0
002059,Brendan Krebs,WAT,Waterdogs,2,G,Goalie,2024-06-16,2024-08-03,0.0,0.0,0.0,0.0,0.0,0.0,0.0,0,0.0,33.0,12.0,21.0,20.0,19.548387096774192,7.0,1.0,0.0,0,0,0,20.0,0.0,0.0,0.0,0.0,31.0,30.0,,,,0.6226415094339622,36.36363636363637,0.22641509433962265,,,0.0,0.0,0.0,0.0,0.0,0.0,0.0,0.0,0.0,16.5,6.0,10.5,10.0,9.774193548387096,3.5,0.5,0.0,0.0,0.0,0.0,10.0,0.0,0.0,0.0,0.0,15.5,15.0,0.0
002062,Ryan Hallenbeck,ATL,Atlas,1,SSDM,Defensive Midfield,2022-06-04,2022-06-04,0.0,0.0,0.0,0.0,0.0,0.0,0.0,0,0.0,0.0,0.0,0.0,0.0,0.0,1.0,0.0,0.0,0,0,0,0.0,0.0,0.0,0.0,0.0,5.0,5.0,,,,,,,,,0.0,0.0,0.0,0.0,0.0,0.0,0.0,0.0,0.0,0.0,0.0,0.0,0.0,0.0,1.0,0.0,0.0,0.0,0.0,0.0,0.0,0.0,0.0,0.0,0.0,5.0,5.0,0.0
002062,Ryan Hallenbeck,CHA,Chaos,1,SSDM,Defensive Midfield,2022-06-18,2022-06-18,0.0,0.0,0.0,0.0,0.0,0.0,1.0,1,1.0,0.0,0.0,0.0,0.0,0.0,1.0,0.0,1.0,0,0,0,0.0,0.0,0.0,0.0,0.0,5.0,4.0,0.0,1.0,,,,,,0.0,0.0,0.0,0.0,0.0,0.0,0.0,1.0,1.0,1.0,0.0,0.0,0.0,0.0,0.0,1.0,0.0,1.0,0.0,0.0,0.0,0.0,0.0,0.0,0.0,0.0,5.0,4.0,0.0
002062,Ryan Hallenbeck,OUT,Outlaws,1,SSDM,Defensive Midfield,2022-06-10,2022-06-10,0.0,0.0,0.0,0.0,0.0,0.0,1.0,1,0.0,0.0,0.0,0.0,0.0,0.0,0.0,0.0,0.0,0,0,0,0.0,0.0,0.0,0.0,0.0,7.0,6.0,0.0,1.0,,,,,,,0.0,0.0,0.0,0.0,0.0,0.0,1.0,1.0,0.0,0.0,0.0,0.0,0.0,0.0,0.0,0.0,0.0,0.0,0.0,0.0,0.0,0.0,0.0,0.0,0.0,7.0,6.0,0.0
002062,Ryan Hallenbeck,WHP,Whipsnakes,1,SSDM,Defensive Midfield,2022-06-24,2022-06-24,0.0,0.0,0.0,0.0,0.0,0.0,0.0,0,0.0,0.0,0.0,0.0,0.0,0.0,0.0,0.0,0.0,0,0,0,0.0,0.0,2.0,1.5,0.0,3.0,3.0,,,,,,,,,0.0,0.0,0.0,0.0,0.0,0.0,0.0,0.0,0.0,0.0,0.0,0.0,0.0,0.0,0.0,0.0,0.0,0.0,0.0,0.0,0.0,0.0,2.0,1.5,0.0,3.0,3.0,0.0
002063,Ryan Kennedy,ARC,Archers,1,LSM,Long Stick Midfield,2023-07-15,2023-07-15,0.0,0.0,0.0,0.0,0.0,0.0,0.0,0,0.0,0.0,0.0,0.0,0.0,0.0,1.0,0.0,0.0,0,0,0,0.0,0.0,0.0,0.0,0.0,5.0,5.0,,,,,,,,,0.0,0.0,0.0,0.0,0.0,0.0,0.0,0.0,0.0,0.0,0.0,0.0,0.0,0.0,1.0,0.0,0.0,0.0,0.0,0.0,0.0,0.0,0.0,0.0,0.0,5.0,5.0,0.0
002063,Ryan Kennedy,ATL,Atlas,2,LSM,Long Stick Midfield,2023-06-03,2023-08-26,0.0,0.0,0.0,0.0,0.0,0.0,0.0,0,0.0,0.0,0.0,0.0,0.0,0.0,2.0,1.0,1.0,0,2,2,0.0,0.0,0.0,0.0,0.0,6.0,5.0,,,0.0,,,,,,0.0,0.0,0.0,0.0,0.0,0.0,0.0,0.0,0.0,0.0,0.0,0.0,0.0,0.0,1.0,0.5,0.5,0.0,1.0,1.0,0.0,0.0,0.0,0.0,0.0,3.0,2.5,0.0
002063,Ryan Kennedy,CAN,Cannons,2,LSM,Long Stick Midfield,2023-07-30,2023-08-13,0.0,0.0,0.0,0.0,0.0,0.0,0.0,0,0.0,0.0,0.0,0.0,0.0,0.0,0.0,0.0,0.0,0,2,2,0.0,0.0,0.0,0.0,0.0,1.0,1.0,,,0.0,,,,,,0.0,0.0,0.0,0.0,0.0,0.0,0.0,0.0,0.0,0.0,0.0,0.0,0.0,0.0,0.0,0.0,0.0,0.0,1.0,1.0,0.0,0.0,0.0,0.0,0.0,0.5,0.5,0.0
002063,Ryan Kennedy,CHA,Chaos,3,LSM,Long Stick Midfield,2023-07-09,2024-06-07,1.0,1.0,1.0,0.0,1.0,0.0,2.0,2,0.0,0.0,0.0,0.0,0.0,0.0,1.0,1.0,1.0,0,0,0,0.0,0.0,0.0,0.0,1.0,15.0,12.0,0.5,1.0,,,,,0.0,,0.3333333333333333,0.3333333333333333,0.3333333333333333,0.0,0.3333333333333333,0.0,0.6666666666666666,0.6666666666666666,0.0,0.0,0.0,0.0,0.0,0.0,0.3333333333333333,0.3333333333333333,0.3333333333333333,0.0,0.0,0.0,0.0,0.0,0.0,0.0,0.3333333333333333,5.0,4.0,0.3333333333333333
002063,Ryan Kennedy,OUT,Outlaws,4,D,Defense,2022-06-10,2024-08-03,0.0,0.0,0.0,0.0,0.0,0.0,0.0,0,0.0,0.0,0.0,0.0,0.0,0.0,8.0,0.0,0.0,0,0,0,0.0,0.0,0.0,0.0,0.0,8.0,8.0,,,,,,,,,0.0,0.0,0.0,0.0,0.0,0.0,0.0,0.0,0.0,0.0,0.0,0.0,0.0,0.0,2.0,0.0,0.0,0.0,0.0,0.0,0.0,0.0,0.0,0.0,0.0,2.0,2.0,0.0
002063,Ryan Kennedy,WAT,Waterdogs,1,LSM,Long Stick Midfield,2023-06-10,2023-06-10,0.0,0.0,0.0,0.0,0.0,0.0,1.0,1,1.0,0.0,0.0,0.0,0.0,0.0,2.0,1.0,1.0,0,0,0,0.0,0.0,0.0,0.0,1.0,6.0,4.0,0.0,1.0,,,,,0.0,0.0,0.0,0.0,0.0,0.0,0.0,0.0,1.0,1.0,1.0,0.0,0.0,0.0,0.0,0.0,2.0,1.0,1.0,0.0,0.0,0.0,0.0,0.0,0.0,0.0,1.0,6.0,4.0,1.0
002064,Joe Robertson,ARC,Archers,1,A,Attack,2022-07-01,2022-07-01,1.0,1.0,1.0,0.0,1.0,0.0,7.0,5,0.0,0.0,0.0,0.0,0.0,0.0,0.0,2.0,0.0,0,0,0,0.0,0.0,0.0,0.0,0.0,14.0,5.0,0.14285714285714285,0.7142857142857143,,,,,,,1.0,1.0,1.0,0.0,1.0,0.0,7.0,5.0,0.0,0.0,0.0,0.0,0.0,0.0,0.0,2.0,0.0,0.0,0.0,0.0,0.0,0.0,0.0,0.0,0.0,14.0,5.0,0.0
002064,Joe Robertson,ATL,Atlas,1,A,Attack,2022-07-23,2022-07-23,0.0,0.0,0.0,0.0,0.0,0.0,1.0,0,0.0,0.0,0.0,0.0,0.0,0.0,2.0,1.0,0.0,0,0,0,0.0,0.0,0.0,0.0,0.0,7.0,5.0,0.0,0.0,,,,,,,0.0,0.0,0.0,0.0,0.0,0.0,1.0,0.0,0.0,0.0,0.0,0.0,0.0,0.0,2.0,1.0,0.0,0.0,0.0,0.0,0.0,0.0,0.0,0.0,0.0,7.0,5.0,0.0
002064,Joe Robertson,CHA,Chaos,1,A,Attack,2022-07-31,2022-07-31,1.0,0.0,0.0,0.0,0.0,1.0,0.0,0,0.0,0.0,0.0,0.0,0.0,0.0,0.0,0.0,0.0,0,0,0,0.0,0.0,0.0,0.0,1.0,1.0,1.0,,,,,,,1.0,,1.0,0.0,0.0,0.0,0.0,1.0,0.0,0.0,0.0,0.0,0.0,0.0,0.0,0.0,0.0,0.0,0.0,0.0,0.0,0.0,0.0,0.0,0.0,0.0,1.0,1.0,1.0,1.0
002064,Joe Robertson,OUT,Outlaws,1,A,Attack,2022-06-10,2022-06-10,0.0,0.0,0.0,0.0,0.0,0.0,1.0,1,0.0,0.0,0.0,0.0,0.0,0.0,0.0,1.0,0.0,0,0,0,0.0,0.0,0.0,0.0,0.0,5.0,3.0,0.0,1.0,,,,,,,0.0,0.0,0.0,0.0,0.0,0.0,1.0,1.0,0.0,0.0,0.0,0.0,0.0,0.0,0.0,1.0,0.0,0.0,0.0,0.0,0.0,0.0,0.0,0.0,0.0,5.0,3.0,0.0
002065,Anthony DeMaio,ARC,Archers,1,M,Midfield,2023-07-15,2023-07-15,0.0,0.0,0.0,0.0,0.0,0.0,4.0,2,0.0,0.0,0.0,0.0,0.0,0.0,0.0,0.0,0.0,0,0,0,0.0,0.0,0.0,0.0,0.0,18.0,14.0,0.0,0.5,,,,,,,0.0,0.0,0.0,0.0,0.0,0.0,4.0,2.0,0.0,0.0,0.0,0.0,0.0,0.0,0.0,0.0,0.0,0.0,0.0,0.0,0.0,0.0,0.0,0.0,0.0,18.0,14.0,0.0
002065,Anthony DeMaio,ATL,Atlas,1,M,Midfield,2023-06-03,2023-06-03,0.0,0.0,0.0,0.0,0.0,0.0,1.0,1,1.0,0.0,0.0,0.0,0.0,0.0,0.0,0.0,0.0,0,0,0,0.0,0.0,0.0,0.0,1.0,6.0,5.0,0.0,1.0,,,,,0.0,0.0,0.0,0.0,0.0,0.0,0.0,0.0,1.0,1.0,1.0,0.0,0.0,0.0,0.0,0.0,0.0,0.0,0.0,0.0,0.0,0.0,0.0,0.0,0.0,0.0,1.0,6.0,5.0,1.0
002065,Anthony DeMaio,CAN,Cannons,1,M,Midfield,2022-08-06,2022-08-06,0.0,0.0,0.0,0.0,0.0,0.0,0.0,0,0.0,0.0,0.0,0.0,0.0,0.0,1.0,0.0,0.0,0,0,0,0.0,0.0,0.0,0.0,1.0,5.0,5.0,,,,,,,0.0,,0.0,0.0,0.0,0.0,0.0,0.0,0.0,0.0,0.0,0.0,0.0,0.0,0.0,0.0,1.0,0.0,0.0,0.0,0.0,0.0,0.0,0.0,0.0,0.0,1.0,5.0,5.0,1.0
002065,Anthony DeMaio,CHA,Chaos,1,M,Midfield,2023-07-09,2023-07-09,1.0,1.0,1.0,0.0,1.0,0.0,2.0,2,0.0,0.0,0.0,0.0,0.0,0.0,0.0,0.0,0.0,0,0,0,0.0,0.0,0.0,0.0,1.0,14.0,12.0,0.5,1.0,,,,,0.0,,1.0,1.0,1.0,0.0,1.0,0.0,2.0,2.0,0.0,0.0,0.0,0.0,0.0,0.0,0.0,0.0,0.0,0.0,0.0,0.0,0.0,0.0,0.0,0.0,1.0,14.0,12.0,1.0
002065,Anthony DeMaio,WAT,Waterdogs,1,M,Midfield,2023-06-10,2023-06-10,0.0,0.0,0.0,0.0,0.0,0.0,6.0,3,0.0,0.0,0.0,0.0,0.0,0.0,1.0,0.0,0.0,0,0,0,0.0,0.0,0.0,0.0,1.0,11.0,5.0,0.0,0.5,,,,,0.0,,0.0,0.0,0.0,0.0,0.0,0.0,6.0,3.0,0.0,0.0,0.0,0.0,0.0,0.0,1.0,0.0,0.0,0.0,0.0,0.0,0.0,0.0,0.0,0.0,1.0,11.0,5.0,1.0
002067,Zac Tucci,ARC,Archers,3,FO,Faceoff,2024-06-29,2026-07-11,1.0,1.0,1.0,0.0,1.0,0.0,3.0,1,2.0,0.0,0.0,0.0,0.0,0.0,8.0,1.0,0.0,24,31,56,0.0,0.0,0.0,0.0,1.0,8.0,4.0,0.3333333333333333,0.3333333333333333,0.42857142857142855,,,,0.0,0.0,0.3333333333333333,0.3333333333333333,0.3333333333333333,0.0,0.3333333333333333,0.0,1.0,0.3333333333333333,0.6666666666666666,0.0,0.0,0.0,0.0,0.0,2.6666666666666665,0.3333333333333333,0.0,8.0,10.333333333333334,18.666666666666668,0.0,0.0,0.0,0.0,0.3333333333333333,2.6666666666666665,1.3333333333333333,0.3333333333333333
002067,Zac Tucci,ATL,Atlas,4,FO,Faceoff,2022-08-06,2025-07-11,2.0,2.0,0.0,1.0,1.0,0.0,5.0,3,2.0,0.0,0.0,0.0,0.0,0.0,11.0,0.0,1.0,39,67,106,0.0,0.0,2.0,1.0,0.0,10.0,5.0,0.2,0.6,0.36792452830188677,,,,,0.5,0.5,0.5,0.0,0.25,0.25,0.0,1.25,0.75,0.5,0.0,0.0,0.0,0.0,0.0,2.75,0.0,0.25,9.75,16.75,26.5,0.0,0.0,0.5,0.25,0.0,2.5,1.25,0.0
002067,Zac Tucci,CHA,Chaos,5,FO,Faceoff,2022-06-25,2026-05-15,0.0,0.0,0.0,0.0,0.0,0.0,10.0,7,2.0,0.0,0.0,0.0,0.0,0.0,32.0,3.0,1.0,59,55,114,0.0,0.0,1.0,1.0,3.0,33.0,20.0,0.0,0.7,0.5175438596491229,,,,0.0,0.0,0.0,0.0,0.0,0.0,0.0,0.0,2.0,1.4,0.4,0.0,0.0,0.0,0.0,0.0,6.4,0.6,0.2,11.8,11.0,22.8,0.0,0.0,0.2,0.2,0.6,6.6,4.0,0.6
002067,Zac Tucci,OUT,Outlaws,3,FO,Faceoff,2022-06-17,2025-07-19,1.0,0.0,0.0,0.0,0.0,1.0,5.0,1,3.0,0.0,0.0,0.0,0.0,0.0,24.0,3.0,1.0,38,45,84,0.0,0.0,1.0,0.5,1.0,24.0,16.0,0.0,0.2,0.4523809523809524,,,,1.0,0.0,0.3333333333333333,0.0,0.0,0.0,0.0,0.3333333333333333,1.6666666666666667,0.3333333333333333,1.0,0.0,0.0,0.0,0.0,0.0,8.0,1.0,0.3333333333333333,12.666666666666666,15.0,28.0,0.0,0.0,0.3333333333333333,0.16666666666666666,0.3333333333333333,8.0,5.333333333333333,0.3333333333333333
002067,Zac Tucci,RED,Redwoods,2,FO,Faceoff,2024-07-05,2025-08-08,1.0,1.0,1.0,0.0,1.0,0.0,4.0,2,1.0,0.0,0.0,0.0,0.0,0.0,11.0,3.0,1.0,22,30,52,0.0,0.0,1.0,0.5,1.0,10.0,3.0,0.25,0.5,0.4230769230769231,,,,0.0,0.0,0.5,0.5,0.5,0.0,0.5,0.0,2.0,1.0,0.5,0.0,0.0,0.0,0.0,0.0,5.5,1.5,0.5,11.0,15.0,26.0,0.0,0.0,0.5,0.25,0.5,5.0,1.5,0.5
002067,Zac Tucci,WAT,Waterdogs,5,FO,Faceoff,2024-06-15,2026-05-17,6.0,6.0,2.0,2.0,4.0,0.0,9.0,5,5.0,0.0,0.0,0.0,0.0,0.0,33.0,1.0,0.0,64,50,116,0.0,0.0,2.0,3.0,0.0,29.0,19.0,0.4444444444444444,0.5555555555555556,0.5517241379310345,,,,,0.4,1.2,1.2,0.4,0.4,0.8,0.0,1.8,1.0,1.0,0.0,0.0,0.0,0.0,0.0,6.6,0.2,0.0,12.8,10.0,23.2,0.0,0.0,0.4,0.6,0.0,5.8,3.8,0.0
002067,Zac Tucci,WHP,Whipsnakes,6,FO,Faceoff,2022-07-03,2026-05-29,1.0,1.0,1.0,0.0,1.0,0.0,7.0,3,1.0,0.0,0.0,0.0,0.0,0.0,29.0,5.0,0.0,61,88,150,0.0,0.0,1.0,0.5,0.0,27.0,15.0,0.14285714285714285,0.42857142857142855,0.4066666666666667,,,,,0.0,0.16666666666666666,0.16666666666666666,0.16666666666666666,0.0,0.16666666666666666,0.0,1.1666666666666667,0.5,0.16666666666666666,0.0,0.0,0.0,0.0,0.0,4.833333333333333,0.8333333333333334,0.0,10.166666666666666,14.666666666666666,25.0,0.0,0.0,0.16666666666666666,0.08333333333333333,0.0,4.5,2.5,0.0
002072,Brennan Kamish,ATL,Atlas,1,SSDM,Defensive Midfield,2022-06-18,2022-06-18,0.0,0.0,0.0,0.0,0.0,0.0,0.0,0,0.0,0.0,0.0,0.0,0.0,0.0,2.0,0.0,1.0,0,0,0,0.0,0.0,0.0,0.0,0.0,7.0,7.0,,,,,,,,,0.0,0.0,0.0,0.0,0.0,0.0,0.0,0.0,0.0,0.0,0.0,0.0,0.0,0.0,2.0,0.0,1.0,0.0,0.0,0.0,0.0,0.0,0.0,0.0,0.0,7.0,7.0,0.0
002072,Brennan Kamish,CHA,Chaos,1,SSDM,Defensive Midfield,2022-06-04,2022-06-04,0.0,0.0,0.0,0.0,0.0,0.0,0.0,0,0.0,0.0,0.0,0.0,0.0,0.0,1.0,0.0,0.0,0,0,0,0.0,0.0,0.0,0.0,0.0,5.0,5.0,,,,,,,,,0.0,0.0,0.0,0.0,0.0,0.0,0.0,0.0,0.0,0.0,0.0,0.0,0.0,0.0,1.0,0.0,0.0,0.0,0.0,0.0,0.0,0.0,0.0,0.0,0.0,5.0,5.0,0.0
002072,Brennan Kamish,RED,Redwoods,1,SSDM,Defensive Midfield,2022-06-24,2022-06-24,0.0,0.0,0.0,0.0,0.0,0.0,0.0,0,0.0,0.0,0.0,0.0,0.0,0.0,1.0,0.0,1.0,0,0,0,0.0,0.0,0.0,0.0,1.0,4.0,4.0,,,,,,,0.0,,0.0,0.0,0.0,0.0,0.0,0.0,0.0,0.0,0.0,0.0,0.0,0.0,0.0,0.0,1.0,0.0,1.0,0.0,0.0,0.0,0.0,0.0,0.0,0.0,1.0,4.0,4.0,1.0
002072,Brennan Kamish,WAT,Waterdogs,2,SSDM,Defensive Midfield,2022-06-12,2022-07-03,0.0,0.0,0.0,0.0,0.0,0.0,1.0,0,0.0,0.0,0.0,0.0,0.0,0.0,4.0,0.0,2.0,0,0,0,0.0,0.0,0.0,0.0,1.0,16.0,15.0,0.0,0.0,,,,,0.0,,0.0,0.0,0.0,0.0,0.0,0.0,0.5,0.0,0.0,0.0,0.0,0.0,0.0,0.0,2.0,0.0,1.0,0.0,0.0,0.0,0.0,0.0,0.0,0.0,0.5,8.0,7.5,0.5
002074,Alexander Smith,ARC,Archers,5,SSDM,Defensive Midfield,2023-06-09,2026-05-09,0.0,0.0,0.0,0.0,0.0,0.0,1.0,1,0.0,0.0,0.0,0.0,0.0,0.0,4.0,2.0,5.0,0,0,0,0.0,0.0,1.0,0.5,0.0,18.0,15.0,0.0,1.0,,,,,,,0.0,0.0,0.0,0.0,0.0,0.0,0.2,0.2,0.0,0.0,0.0,0.0,0.0,0.0,0.8,0.4,1.0,0.0,0.0,0.0,0.0,0.0,0.2,0.1,0.0,3.6,3.0,0.0
002074,Alexander Smith,ATL,Atlas,3,SSDM,Defensive Midfield,2023-07-29,2026-05-30,0.0,0.0,0.0,0.0,0.0,0.0,0.0,0,0.0,0.0,0.0,0.0,0.0,0.0,1.0,1.0,0.0,0,0,0,0.0,0.0,1.0,0.5,0.0,8.0,7.0,,,,,,,,,0.0,0.0,0.0,0.0,0.0,0.0,0.0,0.0,0.0,0.0,0.0,0.0,0.0,0.0,0.3333333333333333,0.3333333333333333,0.0,0.0,0.0,0.0,0.0,0.0,0.3333333333333333,0.16666666666666666,0.0,2.6666666666666665,2.3333333333333335,0.0
002074,Alexander Smith,CAN,Cannons,4,SSDM,Defensive Midfield,2023-06-17,2026-07-11,1.0,0.0,0.0,0.0,0.0,1.0,0.0,0,0.0,0.0,0.0,0.0,0.0,0.0,4.0,0.0,2.0,0,1,1,0.0,0.0,1.0,1.0,1.0,21.0,21.0,,,0.0,,,,1.0,,0.25,0.0,0.0,0.0,0.0,0.25,0.0,0.0,0.0,0.0,0.0,0.0,0.0,0.0,1.0,0.0,0.5,0.0,0.25,0.25,0.0,0.0,0.25,0.25,0.25,5.25,5.25,0.25
002074,Alexander Smith,CHA,Chaos,4,SSDM,Defensive Midfield,2023-08-27,2026-06-06,0.0,0.0,0.0,0.0,0.0,0.0,0.0,0,0.0,0.0,0.0,0.0,0.0,0.0,3.0,0.0,2.0,0,2,2,0.0,0.0,3.0,1.5,1.0,22.0,22.0,,,0.0,,,,0.0,,0.0,0.0,0.0,0.0,0.0,0.0,0.0,0.0,0.0,0.0,0.0,0.0,0.0,0.0,0.75,0.0,0.5,0.0,0.5,0.5,0.0,0.0,0.75,0.375,0.25,5.5,5.5,0.25
002074,Alexander Smith,RED,Redwoods,6,SSDM,Defensive Midfield,2023-08-20,2026-05-16,0.0,0.0,0.0,0.0,0.0,0.0,0.0,0,0.0,0.0,0.0,0.0,0.0,0.0,7.0,2.0,0.0,0,1,1,0.0,0.0,0.0,0.0,0.0,27.0,25.0,,,0.0,,,,,,0.0,0.0,0.0,0.0,0.0,0.0,0.0,0.0,0.0,0.0,0.0,0.0,0.0,0.0,1.1666666666666667,0.3333333333333333,0.0,0.0,0.16666666666666666,0.16666666666666666,0.0,0.0,0.0,0.0,0.0,4.5,4.166666666666667,0.0
002074,Alexander Smith,WAT,Waterdogs,3,SSDM,Defensive Midfield,2023-07-08,2025-06-14,0.0,0.0,0.0,0.0,0.0,0.0,0.0,0,0.0,0.0,0.0,0.0,0.0,0.0,5.0,1.0,1.0,0,0,0,0.0,0.0,0.0,0.0,1.0,13.0,12.0,,,,,,,0.0,,0.0,0.0,0.0,0.0,0.0,0.0,0.0,0.0,0.0,0.0,0.0,0.0,0.0,0.0,1.6666666666666667,0.3333333333333333,0.3333333333333333,0.0,0.0,0.0,0.0,0.0,0.0,0.0,0.3333333333333333,4.333333333333333,4.0,0.3333333333333333
002074,Alexander Smith,WHP,Whipsnakes,3,SSDM,Defensive Midfield,2023-06-04,2025-07-13,0.0,0.0,0.0,0.0,0.0,0.0,1.0,0,1.0,0.0,0.0,0.0,0.0,0.0,4.0,0.0,1.0,0,0,0,0.0,0.0,0.0,0.0,0.0,21.0,20.0,0.0,0.0,,,,,,0.0,0.0,0.0,0.0,0.0,0.0,0.0,0.3333333333333333,0.0,0.3333333333333333,0.0,0.0,0.0,0.0,0.0,1.3333333333333333,0.0,0.3333333333333333,0.0,0.0,0.0,0.0,0.0,0.0,0.0,0.0,7.0,6.666666666666667,0.0
003003,Sean Lulley,OUT,Outlaws,1,M,Midfield,2023-06-04,2023-06-04,0.0,0.0,0.0,0.0,0.0,0.0,5.0,4,0.0,0.0,0.0,0.0,0.0,0.0,2.0,2.0,0.0,0,0,0,0.0,0.0,0.0,0.0,5.0,31.0,24.0,0.0,0.8,,,,,0.0,,0.0,0.0,0.0,0.0,0.0,0.0,5.0,4.0,0.0,0.0,0.0,0.0,0.0,0.0,2.0,2.0,0.0,0.0,0.0,0.0,0.0,0.0,0.0,0.0,5.0,31.0,24.0,5.0
003004,Mike Sisselberger,ATL,Atlas,4,FO,Faceoff,2023-08-05,2026-07-11,0.0,0.0,0.0,0.0,0.0,0.0,4.0,1,0.0,0.0,0.0,0.0,0.0,0.0,33.0,5.0,0.0,47,50,98,0.0,0.0,0.0,0.0,0.0,28.0,19.0,0.0,0.25,0.47959183673469385,,,,,,0.0,0.0,0.0,0.0,0.0,0.0,1.0,0.25,0.0,0.0,0.0,0.0,0.0,0.0,8.25,1.25,0.0,11.75,12.5,24.5,0.0,0.0,0.0,0.0,0.0,7.0,4.75,0.0
003004,Mike Sisselberger,CAN,Cannons,4,FO,Faceoff,2023-06-03,2026-08-01,2.0,1.0,1.0,0.0,1.0,1.0,5.0,4,1.0,0.0,0.0,0.0,0.0,0.0,33.0,4.0,0.0,51,36,88,0.0,0.0,0.0,0.0,1.0,28.0,19.0,0.2,0.8,0.5795454545454546,,,,1.0,0.0,0.5,0.25,0.25,0.0,0.25,0.25,1.25,1.0,0.25,0.0,0.0,0.0,0.0,0.0,8.25,1.0,0.0,12.75,9.0,22.0,0.0,0.0,0.0,0.0,0.25,7.0,4.75,0.25
003004,Mike Sisselberger,CHA,Chaos,5,FO,Faceoff,2023-06-17,2026-08-08,1.0,0.0,0.0,0.0,0.0,1.0,7.0,3,0.0,0.0,0.0,0.0,0.0,0.0,51.0,11.0,0.0,82,43,128,0.0,0.0,0.0,0.0,3.0,52.0,34.0,0.0,0.42857142857142855,0.640625,,,,0.3333333333333333,,0.2,0.0,0.0,0.0,0.0,0.2,1.4,0.6,0.0,0.0,0.0,0.0,0.0,0.0,10.2,2.2,0.0,16.4,8.6,25.6,0.0,0.0,0.0,0.0,0.6,10.4,6.8,0.6
003004,Mike Sisselberger,OUT,Outlaws,7,FO,Faceoff,2023-06-09,2026-07-25,1.0,1.0,1.0,0.0,1.0,0.0,3.0,1,0.0,0.0,0.0,0.0,0.0,0.0,36.0,5.0,0.0,76,83,159,0.0,0.0,0.0,0.0,1.0,34.0,26.0,0.3333333333333333,0.3333333333333333,0.4779874213836478,,,,0.0,,0.14285714285714285,0.14285714285714285,0.14285714285714285,0.0,0.14285714285714285,0.0,0.42857142857142855,0.14285714285714285,0.0,0.0,0.0,0.0,0.0,0.0,5.142857142857143,0.7142857142857143,0.0,10.857142857142858,11.857142857142858,22.714285714285715,0.0,0.0,0.0,0.0,0.14285714285714285,4.857142857142857,3.7142857142857144,0.14285714285714285
003004,Mike Sisselberger,RED,Redwoods,6,FO,Faceoff,2023-07-15,2026-06-20,2.0,1.0,1.0,0.0,1.0,1.0,5.0,2,0.0,0.0,0.0,0.0,0.0,0.0,48.0,7.0,0.0,73,60,134,0.0,0.0,1.0,0.5,2.0,40.0,28.0,0.2,0.4,0.5447761194029851,,,,0.5,,0.3333333333333333,0.16666666666666666,0.16666666666666666,0.0,0.16666666666666666,0.16666666666666666,0.8333333333333334,0.3333333333333333,0.0,0.0,0.0,0.0,0.0,0.0,8.0,1.1666666666666667,0.0,12.166666666666666,10.0,22.333333333333332,0.0,0.0,0.16666666666666666,0.08333333333333333,0.3333333333333333,6.666666666666667,4.666666666666667,0.3333333333333333
003004,Mike Sisselberger,WAT,Waterdogs,5,FO,Faceoff,2023-07-30,2026-07-18,3.0,2.0,2.0,0.0,2.0,1.0,5.0,4,1.0,0.0,0.0,0.0,0.0,0.0,87.0,11.0,0.0,109,27,137,0.0,0.0,1.0,2.0,3.0,77.0,61.0,0.4,0.8,0.7956204379562044,,,,0.3333333333333333,0.0,0.6,0.4,0.4,0.0,0.4,0.2,1.0,0.8,0.2,0.0,0.0,0.0,0.0,0.0,17.4,2.2,0.0,21.8,5.4,27.4,0.0,0.0,0.2,0.4,0.6,15.4,12.2,0.6
003004,Mike Sisselberger,WHP,Whipsnakes,6,FO,Faceoff,2023-07-09,2026-07-25,1.0,1.0,1.0,0.0,1.0,0.0,5.0,2,0.0,0.0,0.0,0.0,0.0,0.0,53.0,8.0,2.0,79,56,137,0.0,0.0,0.0,0.0,0.0,48.0,35.0,0.2,0.4,0.5766423357664233,,,,,,0.16666666666666666,0.16666666666666666,0.16666666666666666,0.0,0.16666666666666666,0.0,0.8333333333333334,0.3333333333333333,0.0,0.0,0.0,0.0,0.0,0.0,8.833333333333334,1.3333333333333333,0.3333333333333333,13.166666666666666,9.333333333333334,22.833333333333332,0.0,0.0,0.0,0.0,0.0,8.0,5.833333333333333,0.0
003005,Connor Maher,ATL,Atlas,4,SSDM,Defensive Midfield,2023-08-05,2026-07-11,3.0,3.0,3.0,0.0,3.0,0.0,4.0,4,1.0,0.0,0.0,0.0,0.0,0.0,3.0,0.0,5.0,0,2,2,0.0,0.0,0.0,0.0,2.0,27.0,23.0,0.75,1.0,0.0,,,,0.0,0.0,0.75,0.75,0.75,0.0,0.75,0.0,1.0,1.0,0.25,0.0,0.0,0.0,0.0,0.0,0.75,0.0,1.25,0.0,0.5,0.5,0.0,0.0,0.0,0.0,0.5,6.75,5.75,0.5
003005,Connor Maher,CAN,Cannons,4,SSDM,Defensive Midfield,2023-06-03,2026-08-01,1.0,1.0,1.0,0.0,1.0,0.0,1.0,1,0.0,0.0,0.0,0.0,0.0,0.0,5.0,1.0,2.0,1,1,2,0.0,0.0,0.0,0.0,1.0,25.0,23.0,1.0,1.0,0.5,,,,0.0,,0.25,0.25,0.25,0.0,0.25,0.0,0.25,0.25,0.0,0.0,0.0,0.0,0.0,0.0,1.25,0.25,0.5,0.25,0.25,0.5,0.0,0.0,0.0,0.0,0.25,6.25,5.75,0.25
003005,Connor Maher,CHA,Chaos,7,SSDM,Defensive Midfield,2023-06-17,2026-08-08,3.0,1.0,1.0,0.0,1.0,2.0,1.0,1,0.0,0.0,0.0,0.0,0.0,0.0,12.0,3.0,5.0,1,7,8,0.0,0.0,2.0,1.5,4.0,42.0,38.0,1.0,1.0,0.125,,,,0.5,,0.42857142857142855,0.14285714285714285,0.14285714285714285,0.0,0.14285714285714285,0.2857142857142857,0.14285714285714285,0.14285714285714285,0.0,0.0,0.0,0.0,0.0,0.0,1.7142857142857142,0.42857142857142855,0.7142857142857143,0.14285714285714285,1.0,1.1428571428571428,0.0,0.0,0.2857142857142857,0.21428571428571427,0.5714285714285714,6.0,5.428571428571429,0.5714285714285714
003005,Connor Maher,OUT,Outlaws,8,SSDM,Defensive Midfield,2023-06-09,2026-07-25,2.0,1.0,1.0,0.0,1.0,1.0,2.0,2,0.0,0.0,0.0,0.0,0.0,0.0,5.0,0.0,2.0,0,1,1,0.0,0.0,0.0,0.0,2.0,41.0,39.0,0.5,1.0,0.0,,,,0.5,,0.25,0.125,0.125,0.0,0.125,0.125,0.25,0.25,0.0,0.0,0.0,0.0,0.0,0.0,0.625,0.0,0.25,0.0,0.125,0.125,0.0,0.0,0.0,0.0,0.25,5.125,4.875,0.25
003005,Connor Maher,RED,Redwoods,7,SSDM,Defensive Midfield,2023-07-15,2026-06-20,0.0,0.0,0.0,0.0,0.0,0.0,3.0,1,1.0,0.0,0.0,0.0,0.0,0.0,6.0,2.0,0.0,0,1,1,0.0,0.0,1.0,0.5,3.0,42.0,37.0,0.0,0.3333333333333333,0.0,,,,0.0,0.0,0.0,0.0,0.0,0.0,0.0,0.0,0.42857142857142855,0.14285714285714285,0.14285714285714285,0.0,0.0,0.0,0.0,0.0,0.8571428571428571,0.2857142857142857,0.0,0.0,0.14285714285714285,0.14285714285714285,0.0,0.0,0.14285714285714285,0.07142857142857142,0.42857142857142855,6.0,5.285714285714286,0.42857142857142855
003005,Connor Maher,WAT,Waterdogs,6,SSDM,Defensive Midfield,2023-07-30,2026-07-18,0.0,0.0,0.0,0.0,0.0,0.0,3.0,1,1.0,0.0,0.0,0.0,0.0,0.0,8.0,2.0,2.0,0,0,0,0.0,0.0,1.0,1.0,1.0,34.0,29.0,0.0,0.3333333333333333,,,,,0.0,0.0,0.0,0.0,0.0,0.0,0.0,0.0,0.5,0.16666666666666666,0.16666666666666666,0.0,0.0,0.0,0.0,0.0,1.3333333333333333,0.3333333333333333,0.3333333333333333,0.0,0.0,0.0,0.0,0.0,0.16666666666666666,0.16666666666666666,0.16666666666666666,5.666666666666667,4.833333333333333,0.16666666666666666
003005,Connor Maher,WHP,Whipsnakes,6,SSDM,Defensive Midfield,2023-07-09,2026-07-25,3.0,1.0,1.0,0.0,1.0,2.0,6.0,5,0.0,0.0,0.0,0.0,0.0,0.0,7.0,2.0,1.0,0,2,2,0.0,0.0,0.0,0.0,3.0,38.0,30.0,0.16666666666666666,0.8333333333333334,0.0,,,,0.6666666666666666,,0.5,0.16666666666666666,0.16666666666666666,0.0,0.16666666666666666,0.3333333333333333,1.0,0.8333333333333334,0.0,0.0,0.0,0.0,0.0,0.0,1.1666666666666667,0.3333333333333333,0.16666666666666666,0.0,0.3333333333333333,0.3333333333333333,0.0,0.0,0.0,0.0,0.5,6.333333333333333,5.0,0.5
003006,Piper Bond,ATL,Atlas,4,SSDM,Defensive Midfield,2023-08-05,2026-07-11,1.0,0.0,0.0,0.0,0.0,1.0,2.0,2,0.0,0.0,0.0,0.0,0.0,0.0,6.0,2.0,1.0,0,1,1,0.0,0.0,1.0,1.0,4.0,33.0,29.0,0.0,1.0,0.0,,,,0.25,,0.25,0.0,0.0,0.0,0.0,0.25,0.5,0.5,0.0,0.0,0.0,0.0,0.0,0.0,1.5,0.5,0.25,0.0,0.25,0.25,0.0,0.0,0.25,0.25,1.0,8.25,7.25,1.0
003006,Piper Bond,CAN,Cannons,4,SSDM,Defensive Midfield,2023-06-03,2026-08-01,0.0,0.0,0.0,0.0,0.0,0.0,2.0,1,1.0,0.0,0.0,0.0,0.0,0.0,5.0,4.0,1.0,0,1,1,0.0,0.0,0.0,0.0,2.0,37.0,31.0,0.0,0.5,0.0,,,,0.0,0.0,0.0,0.0,0.0,0.0,0.0,0.0,0.5,0.25,0.25,0.0,0.0,0.0,0.0,0.0,1.25,1.0,0.25,0.0,0.25,0.25,0.0,0.0,0.0,0.0,0.5,9.25,7.75,0.5
003006,Piper Bond,CHA,Chaos,7,SSDM,Defensive Midfield,2023-06-17,2026-08-08,1.0,1.0,1.0,0.0,1.0,0.0,6.0,3,2.0,0.0,0.0,0.0,0.0,0.0,16.0,6.0,5.0,1,8,9,0.0,0.0,3.0,1.5,7.0,78.0,66.0,0.16666666666666666,0.5,0.1111111111111111,,,,0.0,0.0,0.14285714285714285,0.14285714285714285,0.14285714285714285,0.0,0.14285714285714285,0.0,0.8571428571428571,0.42857142857142855,0.2857142857142857,0.0,0.0,0.0,0.0,0.0,2.2857142857142856,0.8571428571428571,0.7142857142857143,0.14285714285714285,1.1428571428571428,1.2857142857142858,0.0,0.0,0.42857142857142855,0.21428571428571427,1.0,11.142857142857142,9.428571428571429,1.0
003006,Piper Bond,OUT,Outlaws,8,SSDM,Defensive Midfield,2023-06-09,2026-07-25,2.0,1.0,1.0,0.0,1.0,1.0,4.0,2,0.0,0.0,0.0,0.0,0.0,0.0,19.0,6.0,5.0,0,0,0,0.0,0.0,5.0,3.0,3.0,93.0,83.0,0.25,0.5,,,,,0.3333333333333333,,0.25,0.125,0.125,0.0,0.125,0.125,0.5,0.25,0.0,0.0,0.0,0.0,0.0,0.0,2.375,0.75,0.625,0.0,0.0,0.0,0.0,0.0,0.625,0.375,0.375,11.625,10.375,0.375
003006,Piper Bond,RED,Redwoods,7,SSDM,Defensive Midfield,2023-07-15,2026-06-20,4.0,3.0,1.0,1.0,2.0,1.0,4.0,2,1.0,0.0,0.0,0.0,0.0,0.0,9.0,6.0,1.0,1,3,4,0.0,0.0,4.0,2.5,5.0,70.0,60.0,0.5,0.5,0.25,,,,0.2,1.0,0.5714285714285714,0.42857142857142855,0.14285714285714285,0.14285714285714285,0.2857142857142857,0.14285714285714285,0.5714285714285714,0.2857142857142857,0.14285714285714285,0.0,0.0,0.0,0.0,0.0,1.2857142857142858,0.8571428571428571,0.14285714285714285,0.14285714285714285,0.42857142857142855,0.5714285714285714,0.0,0.0,0.5714285714285714,0.35714285714285715,0.7142857142857143,10.0,8.571428571428571,0.7142857142857143
003006,Piper Bond,WAT,Waterdogs,6,SSDM,Defensive Midfield,2023-07-30,2026-07-18,3.0,2.0,2.0,0.0,2.0,1.0,8.0,5,0.0,0.0,0.0,0.0,0.0,0.0,9.0,2.0,2.0,0,1,1,0.0,0.0,2.0,1.5,1.0,52.0,42.0,0.25,0.625,0.0,,,,1.0,,0.5,0.3333333333333333,0.3333333333333333,0.0,0.3333333333333333,0.16666666666666666,1.3333333333333333,0.8333333333333334,0.0,0.0,0.0,0.0,0.0,0.0,1.5,0.3333333333333333,0.3333333333333333,0.0,0.16666666666666666,0.16666666666666666,0.0,0.0,0.3333333333333333,0.25,0.16666666666666666,8.666666666666666,7.0,0.16666666666666666
003006,Piper Bond,WHP,Whipsnakes,6,SSDM,Defensive Midfield,2023-07-09,2026-07-25,4.0,2.0,2.0,0.0,2.0,2.0,4.0,4,0.0,0.0,0.0,0.0,0.0,0.0,8.0,2.0,5.0,0,1,1,0.0,0.0,3.0,2.0,3.0,58.0,52.0,0.5,1.0,0.0,,,,0.6666666666666666,,0.6666666666666666,0.3333333333333333,0.3333333333333333,0.0,0.3333333333333333,0.3333333333333333,0.6666666666666666,0.6666666666666666,0.0,0.0,0.0,0.0,0.0,0.0,1.3333333333333333,0.3333333333333333,0.8333333333333334,0.0,0.16666666666666666,0.16666666666666666,0.0,0.0,0.5,0.3333333333333333,0.5,9.666666666666666,8.666666666666666,0.5
003007,Cam Wyers,ATL,Atlas,4,D,Defense,2023-08-05,2026-07-11,2.0,1.0,1.0,0.0,1.0,1.0,3.0,1,1.0,0.0,0.0,0.0,0.0,0.0,6.0,3.0,3.0,0,0,0,0.0,0.0,1.0,1.0,2.0,15.0,9.0,0.3333333333333333,0.3333333333333333,,,,,0.5,0.0,0.5,0.25,0.25,0.0,0.25,0.25,0.75,0.25,0.25,0.0,0.0,0.0,0.0,0.0,1.5,0.75,0.75,0.0,0.0,0.0,0.0,0.0,0.25,0.25,0.5,3.75,2.25,0.5
003007,Cam Wyers,CAN,Cannons,2,D,Defense,2024-06-29,2026-08-01,0.0,0.0,0.0,0.0,0.0,0.0,0.0,0,0.0,0.0,0.0,0.0,0.0,0.0,3.0,0.0,1.0,0,0,0,0.0,0.0,0.0,0.0,0.0,7.0,7.0,,,,,,,,,0.0,0.0,0.0,0.0,0.0,0.0,0.0,0.0,0.0,0.0,0.0,0.0,0.0,0.0,1.5,0.0,0.5,0.0,0.0,0.0,0.0,0.0,0.0,0.0,0.0,3.5,3.5,0.0
003007,Cam Wyers,CHA,Chaos,5,D,Defense,2024-06-15,2026-08-08,2.0,0.0,0.0,0.0,0.0,2.0,3.0,1,3.0,0.0,0.0,0.0,0.0,0.0,5.0,0.0,7.0,0,0,0,0.0,0.0,1.0,0.5,3.0,15.0,12.0,0.0,0.3333333333333333,,,,,0.6666666666666666,0.0,0.4,0.0,0.0,0.0,0.0,0.4,0.6,0.2,0.6,0.0,0.0,0.0,0.0,0.0,1.0,0.0,1.4,0.0,0.0,0.0,0.0,0.0,0.2,0.1,0.6,3.0,2.4,0.6
003007,Cam Wyers,OUT,Outlaws,7,D,Defense,2023-08-12,2026-07-25,1.0,1.0,1.0,0.0,1.0,0.0,2.0,1,0.0,0.0,0.0,0.0,0.0,0.0,13.0,6.0,1.0,0,0,0,0.0,0.0,2.0,1.5,1.0,26.0,18.0,0.5,0.5,,,,,0.0,,0.14285714285714285,0.14285714285714285,0.14285714285714285,0.0,0.14285714285714285,0.0,0.2857142857142857,0.14285714285714285,0.0,0.0,0.0,0.0,0.0,0.0,1.8571428571428572,0.8571428571428571,0.14285714285714285,0.0,0.0,0.0,0.0,0.0,0.2857142857142857,0.21428571428571427,0.14285714285714285,3.7142857142857144,2.5714285714285716,0.14285714285714285
003007,Cam Wyers,RED,Redwoods,6,D,Defense,2024-07-20,2026-06-20,1.0,1.0,1.0,0.0,1.0,0.0,2.0,2,0.0,0.0,0.0,0.0,0.0,0.0,3.0,0.0,1.0,0,0,0,0.0,0.0,1.0,1.0,0.0,20.0,18.0,0.5,1.0,,,,,,,0.16666666666666666,0.16666666666666666,0.16666666666666666,0.0,0.16666666666666666,0.0,0.3333333333333333,0.3333333333333333,0.0,0.0,0.0,0.0,0.0,0.0,0.5,0.0,0.16666666666666666,0.0,0.0,0.0,0.0,0.0,0.16666666666666666,0.16666666666666666,0.0,3.3333333333333335,3.0,0.0
003007,Cam Wyers,WAT,Waterdogs,6,D,Defense,2023-07-30,2026-07-18,0.0,0.0,0.0,0.0,0.0,0.0,0.0,0,0.0,0.0,0.0,0.0,0.0,0.0,8.0,2.0,3.0,0,0,0,0.0,0.0,4.0,3.5,1.0,20.0,18.0,,,,,,,0.0,,0.0,0.0,0.0,0.0,0.0,0.0,0.0,0.0,0.0,0.0,0.0,0.0,0.0,0.0,1.3333333333333333,0.3333333333333333,0.5,0.0,0.0,0.0,0.0,0.0,0.6666666666666666,0.5833333333333334,0.16666666666666666,3.3333333333333335,3.0,0.16666666666666666
003007,Cam Wyers,WHP,Whipsnakes,4,D,Defense,2023-08-19,2026-07-25,0.0,0.0,0.0,0.0,0.0,0.0,1.0,1,0.0,0.0,0.0,0.0,0.0,0.0,5.0,1.0,2.0,0,0,0,0.0,0.0,3.0,4.0,0.0,10.0,8.0,0.0,1.0,,,,,,,0.0,0.0,0.0,0.0,0.0,0.0,0.25,0.25,0.0,0.0,0.0,0.0,0.0,0.0,1.25,0.25,0.5,0.0,0.0,0.0,0.0,0.0,0.75,1.0,0.0,2.5,2.0,0.0
003008,Gavin Adler,ARC,Archers,5,D,Defense,2023-08-05,2026-07-18,1.0,1.0,1.0,0.0,1.0,0.0,1.0,1,0.0,0.0,0.0,0.0,0.0,0.0,7.0,1.0,9.0,0,0,0,0.0,0.0,0.0,0.0,0.0,32.0,30.0,1.0,1.0,,,,,,,0.2,0.2,0.2,0.0,0.2,0.0,0.2,0.2,0.0,0.0,0.0,0.0,0.0,0.0,1.4,0.2,1.8,0.0,0.0,0.0,0.0,0.0,0.0,0.0,0.0,6.4,6.0,0.0
003008,Gavin Adler,ATL,Atlas,1,D,Defense,2026-07-25,2026-07-25,0.0,0.0,0.0,0.0,0.0,0.0,1.0,0,1.0,0.0,0.0,0.0,0.0,0.0,0.0,0.0,0.0,0,0,0,0.0,0.0,0.0,0.0,0.0,6.0,5.0,0.0,0.0,,,,,,0.0,0.0,0.0,0.0,0.0,0.0,0.0,1.0,0.0,1.0,0.0,0.0,0.0,0.0,0.0,0.0,0.0,0.0,0.0,0.0,0.0,0.0,0.0,0.0,0.0,0.0,6.0,5.0,0.0
003008,Gavin Adler,CAN,Cannons,6,D,Defense,2023-07-09,2026-05-17,0.0,0.0,0.0,0.0,0.0,0.0,0.0,0,0.0,0.0,0.0,0.0,0.0,0.0,5.0,3.0,8.0,0,0,0,0.0,0.0,0.0,0.0,0.0,35.0,32.0,,,,,,,,,0.0,0.0,0.0,0.0,0.0,0.0,0.0,0.0,0.0,0.0,0.0,0.0,0.0,0.0,0.8333333333333334,0.5,1.3333333333333333,0.0,0.0,0.0,0.0,0.0,0.0,0.0,0.0,5.833333333333333,5.333333333333333,0.0
003008,Gavin Adler,CHA,Chaos,5,D,Defense,2023-07-16,2026-08-01,0.0,0.0,0.0,0.0,0.0,0.0,0.0,0,0.0,0.0,0.0,0.0,0.0,0.0,9.0,1.0,6.0,0,0,0,0.0,0.0,0.0,0.0,0.0,26.0,25.0,,,,,,,,,0.0,0.0,0.0,0.0,0.0,0.0,0.0,0.0,0.0,0.0,0.0,0.0,0.0,0.0,1.8,0.2,1.2,0.0,0.0,0.0,0.0,0.0,0.0,0.0,0.0,5.2,5.0,0.0
003008,Gavin Adler,OUT,Outlaws,4,D,Defense,2023-07-29,2026-07-26,0.0,0.0,0.0,0.0,0.0,0.0,0.0,0,0.0,0.0,0.0,0.0,0.0,0.0,6.0,0.0,3.0,0,0,0,0.0,0.0,0.0,0.0,0.0,22.0,22.0,,,,,,,,,0.0,0.0,0.0,0.0,0.0,0.0,0.0,0.0,0.0,0.0,0.0,0.0,0.0,0.0,1.5,0.0,0.75,0.0,0.0,0.0,0.0,0.0,0.0,0.0,0.0,5.5,5.5,0.0
003008,Gavin Adler,RED,Redwoods,4,D,Defense,2023-06-03,2026-07-10,0.0,0.0,0.0,0.0,0.0,0.0,0.0,0,0.0,0.0,0.0,0.0,0.0,0.0,3.0,0.0,4.0,0,0,0,0.0,0.0,1.0,0.5,0.0,14.0,14.0,,,,,,,,,0.0,0.0,0.0,0.0,0.0,0.0,0.0,0.0,0.0,0.0,0.0,0.0,0.0,0.0,0.75,0.0,1.0,0.0,0.0,0.0,0.0,0.0,0.25,0.125,0.0,3.5,3.5,0.0
003008,Gavin Adler,WAT,Waterdogs,5,D,Defense,2023-06-16,2025-08-09,0.0,0.0,0.0,0.0,0.0,0.0,0.0,0,0.0,0.0,0.0,0.0,0.0,0.0,6.0,2.0,9.0,0,0,0,0.0,0.0,1.0,0.5,0.0,26.0,24.0,,,,,,,,,0.0,0.0,0.0,0.0,0.0,0.0,0.0,0.0,0.0,0.0,0.0,0.0,0.0,0.0,1.2,0.4,1.8,0.0,0.0,0.0,0.0,0.0,0.2,0.1,0.0,5.2,4.8,0.0
003008,Gavin Adler,WHP,Whipsnakes,6,D,Defense,2023-06-10,2026-05-09,0.0,0.0,0.0,0.0,0.0,0.0,0.0,0,0.0,0.0,0.0,0.0,0.0,0.0,8.0,1.0,9.0,0,0,0,0.0,0.0,0.0,0.0,0.0,39.0,38.0,,,,,,,,,0.0,0.0,0.0,0.0,0.0,0.0,0.0,0.0,0.0,0.0,0.0,0.0,0.0,0.0,1.3333333333333333,0.16666666666666666,1.5,0.0,0.0,0.0,0.0,0.0,0.0,0.0,0.0,6.5,6.333333333333333,0.0
003009,Brett Makar,ARC,Archers,4,D,Defense,2023-08-05,2026-07-11,0.0,0.0,0.0,0.0,0.0,0.0,1.0,0,0.0,0.0,0.0,0.0,0.0,0.0,17.0,0.0,4.0,0,0,0,0.0,0.0,0.0,0.0,1.0,39.0,38.0,0.0,0.0,,,,,0.0,,0.0,0.0,0.0,0.0,0.0,0.0,0.25,0.0,0.0,0.0,0.0,0.0,0.0,0.0,4.25,0.0,1.0,0.0,0.0,0.0,0.0,0.0,0.0,0.0,0.25,9.75,9.5,0.25
003009,Brett Makar,CAN,Cannons,8,D,Defense,2023-07-09,2026-07-19,1.0,0.0,0.0,0.0,0.0,1.0,4.0,1,2.0,0.0,0.0,0.0,0.0,0.0,17.0,7.0,6.0,0,0,0,0.0,0.0,2.0,1.5,1.0,65.0,54.0,0.0,0.25,,,,,1.0,0.0,0.125,0.0,0.0,0.0,0.0,0.125,0.5,0.125,0.25,0.0,0.0,0.0,0.0,0.0,2.125,0.875,0.75,0.0,0.0,0.0,0.0,0.0,0.25,0.1875,0.125,8.125,6.75,0.125
003009,Brett Makar,CHA,Chaos,4,D,Defense,2023-07-16,2026-05-09,1.0,1.0,1.0,0.0,1.0,0.0,2.0,1,1.0,0.0,0.0,0.0,0.0,0.0,13.0,2.0,5.0,0,0,0,0.0,0.0,2.0,2.0,0.0,43.0,39.0,0.5,0.5,,,,,,0.0,0.25,0.25,0.25,0.0,0.25,0.0,0.5,0.25,0.25,0.0,0.0,0.0,0.0,0.0,3.25,0.5,1.25,0.0,0.0,0.0,0.0,0.0,0.5,0.5,0.0,10.75,9.75,0.0
003009,Brett Makar,OUT,Outlaws,4,D,Defense,2023-07-29,2026-08-08,3.0,0.0,0.0,0.0,0.0,3.0,2.0,1,2.0,0.0,0.0,0.0,0.0,0.0,20.0,5.0,8.0,0,0,0,0.0,0.0,1.0,1.0,3.0,53.0,46.0,0.0,0.5,,,,,1.0,0.0,0.75,0.0,0.0,0.0,0.0,0.75,0.5,0.25,0.5,0.0,0.0,0.0,0.0,0.0,5.0,1.25,2.0,0.0,0.0,0.0,0.0,0.0,0.25,0.25,0.75,13.25,11.5,0.75
003009,Brett Makar,RED,Redwoods,6,D,Defense,2023-06-03,2026-08-02,5.0,2.0,0.0,1.0,1.0,3.0,3.0,2,3.0,0.0,0.0,0.0,0.0,0.0,22.0,2.0,9.0,0,0,0,0.0,0.0,0.0,0.0,7.0,71.0,66.0,0.3333333333333333,0.6666666666666666,,,,,0.42857142857142855,0.3333333333333333,0.8333333333333334,0.3333333333333333,0.0,0.16666666666666666,0.16666666666666666,0.5,0.5,0.3333333333333333,0.5,0.0,0.0,0.0,0.0,0.0,3.6666666666666665,0.3333333333333333,1.5,0.0,0.0,0.0,0.0,0.0,0.0,0.0,1.1666666666666667,11.833333333333334,11.0,1.1666666666666667
003009,Brett Makar,WAT,Waterdogs,7,D,Defense,2023-06-16,2026-07-25,0.0,0.0,0.0,0.0,0.0,0.0,4.0,1,3.0,0.0,0.0,0.0,0.0,0.0,27.0,2.0,7.0,0,0,0,0.0,0.0,2.0,1.0,1.0,64.0,58.0,0.0,0.25,,,,,0.0,0.0,0.0,0.0,0.0,0.0,0.0,0.0,0.5714285714285714,0.14285714285714285,0.42857142857142855,0.0,0.0,0.0,0.0,0.0,3.857142857142857,0.2857142857142857,1.0,0.0,0.0,0.0,0.0,0.0,0.2857142857142857,0.14285714285714285,0.14285714285714285,9.142857142857142,8.285714285714286,0.14285714285714285
003009,Brett Makar,WHP,Whipsnakes,7,D,Defense,2023-06-10,2026-06-21,2.0,2.0,0.0,1.0,1.0,0.0,2.0,1,2.0,0.0,0.0,0.0,0.0,0.0,15.0,5.0,2.0,0,0,0,0.0,0.0,0.0,0.0,2.0,56.0,49.0,0.5,0.5,,,,,0.0,0.5,0.2857142857142857,0.2857142857142857,0.0,0.14285714285714285,0.14285714285714285,0.0,0.2857142857142857,0.14285714285714285,0.2857142857142857,0.0,0.0,0.0,0.0,0.0,2.142857142857143,0.7142857142857143,0.2857142857142857,0.0,0.0,0.0,0.0,0.0,0.0,0.0,0.2857142857142857,8.0,7.0,0.2857142857142857
003010,Xander Dickson,ARC,Archers,4,A,Attack,2023-08-05,2026-07-11,8.0,8.0,8.0,0.0,8.0,0.0,17.0,13,0.0,0.0,0.0,0.0,0.0,0.0,5.0,6.0,1.0,0,0,0,0.0,0.0,0.0,0.0,6.0,71.0,48.0,0.47058823529411764,0.7647058823529411,,,,,0.0,,2.0,2.0,2.0,0.0,2.0,0.0,4.25,3.25,0.0,0.0,0.0,0.0,0.0,0.0,1.25,1.5,0.25,0.0,0.0,0.0,0.0,0.0,0.0,0.0,1.5,17.75,12.0,1.5
003010,Xander Dickson,CAN,Cannons,8,A,Attack,2023-07-09,2026-07-19,19.0,16.0,16.0,0.0,16.0,3.0,38.0,27,2.0,0.0,0.0,0.0,0.0,0.0,16.0,8.0,4.0,0,0,0,0.0,0.0,1.0,0.5,12.0,135.0,89.0,0.42105263157894735,0.7105263157894737,,,,,0.25,0.0,2.375,2.0,2.0,0.0,2.0,0.375,4.75,3.375,0.25,0.0,0.0,0.0,0.0,0.0,2.0,1.0,0.5,0.0,0.0,0.0,0.0,0.0,0.125,0.0625,1.5,16.875,11.125,1.5
003010,Xander Dickson,CHA,Chaos,4,A,Attack,2023-07-16,2026-05-09,9.0,7.0,7.0,0.0,7.0,2.0,21.0,13,0.0,0.0,0.0,0.0,0.0,0.0,3.0,4.0,1.0,0,0,0,0.0,0.0,1.0,1.0,11.0,86.0,61.0,0.3333333333333333,0.6190476190476191,,,,,0.18181818181818182,,2.25,1.75,1.75,0.0,1.75,0.5,5.25,3.25,0.0,0.0,0.0,0.0,0.0,0.0,0.75,1.0,0.25,0.0,0.0,0.0,0.0,0.0,0.25,0.25,2.75,21.5,15.25,2.75
003010,Xander Dickson,OUT,Outlaws,5,A,Attack,2023-07-29,2026-08-08,9.0,8.0,8.0,0.0,8.0,1.0,25.0,20,0.0,0.0,0.0,0.0,0.0,0.0,8.0,7.0,2.0,0,0,0,0.0,0.0,1.0,0.5,5.0,90.0,58.0,0.32,0.8,,,,,0.2,,1.8,1.6,1.6,0.0,1.6,0.2,5.0,4.0,0.0,0.0,0.0,0.0,0.0,0.0,1.6,1.4,0.4,0.0,0.0,0.0,0.0,0.0,0.2,0.1,1.0,18.0,11.6,1.0
003010,Xander Dickson,RED,Redwoods,6,A,Attack,2023-06-03,2026-08-02,17.0,15.0,15.0,0.0,15.0,2.0,33.0,22,0.0,0.0,0.0,0.0,0.0,0.0,11.0,9.0,2.0,0,0,0,0.0,0.0,2.0,1.5,12.0,117.0,75.0,0.45454545454545453,0.6666666666666666,,,,,0.16666666666666666,,2.8333333333333335,2.5,2.5,0.0,2.5,0.3333333333333333,5.5,3.6666666666666665,0.0,0.0,0.0,0.0,0.0,0.0,1.8333333333333333,1.5,0.3333333333333333,0.0,0.0,0.0,0.0,0.0,0.3333333333333333,0.25,2.0,19.5,12.5,2.0
003010,Xander Dickson,WAT,Waterdogs,7,A,Attack,2023-06-16,2026-07-25,15.0,10.0,10.0,0.0,10.0,5.0,33.0,22,0.0,0.0,0.0,0.0,0.0,0.0,9.0,9.0,1.0,0,0,0,0.0,0.0,1.0,0.5,14.0,130.0,88.0,0.30303030303030304,0.6666666666666666,,,,,0.35714285714285715,,2.142857142857143,1.4285714285714286,1.4285714285714286,0.0,1.4285714285714286,0.7142857142857143,4.714285714285714,3.142857142857143,0.0,0.0,0.0,0.0,0.0,0.0,1.2857142857142858,1.2857142857142858,0.14285714285714285,0.0,0.0,0.0,0.0,0.0,0.14285714285714285,0.07142857142857142,2.0,18.571428571428573,12.571428571428571,2.0
003010,Xander Dickson,WHP,Whipsnakes,7,A,Attack,2023-06-10,2026-06-21,20.0,15.0,15.0,0.0,15.0,5.0,44.0,32,0.0,0.0,0.0,0.0,0.0,0.0,20.0,7.0,1.0,0,0,0,0.0,0.0,2.0,1.0,13.0,156.0,105.0,0.3409090909090909,0.7272727272727273,,,,,0.38461538461538464,,2.857142857142857,2.142857142857143,2.142857142857143,0.0,2.142857142857143,0.7142857142857143,6.285714285714286,4.571428571428571,0.0,0.0,0.0,0.0,0.0,0.0,2.857142857142857,1.0,0.14285714285714285,0.0,0.0,0.0,0.0,0.0,0.2857142857142857,0.14285714285714285,1.8571428571428572,22.285714285714285,15.0,1.8571428571428572
003011,Payton Rezanka,ARC,Archers,1,SSDM,Defensive Midfield,2024-08-10,2024-08-10,0.0,0.0,0.0,0.0,0.0,0.0,1.0,0,0.0,0.0,0.0,0.0,0.0,0.0,1.0,0.0,0.0,0,0,0,0.0,0.0,0.0,0.0,0.0,7.0,6.0,0.0,0.0,,,,,,,0.0,0.0,0.0,0.0,0.0,0.0,1.0,0.0,0.0,0.0,0.0,0.0,0.0,0.0,1.0,0.0,0.0,0.0,0.0,0.0,0.0,0.0,0.0,0.0,0.0,7.0,6.0,0.0
003011,Payton Rezanka,CAN,Cannons,3,SSDM,Defensive Midfield,2024-06-01,2025-05-31,0.0,0.0,0.0,0.0,0.0,0.0,0.0,0,0.0,0.0,0.0,0.0,0.0,0.0,1.0,0.0,0.0,0,1,1,0.0,0.0,0.0,0.0,0.0,8.0,8.0,,,0.0,,,,,,0.0,0.0,0.0,0.0,0.0,0.0,0.0,0.0,0.0,0.0,0.0,0.0,0.0,0.0,0.3333333333333333,0.0,0.0,0.0,0.3333333333333333,0.3333333333333333,0.0,0.0,0.0,0.0,0.0,2.6666666666666665,2.6666666666666665,0.0
003011,Payton Rezanka,CHA,Chaos,2,SSDM,Defensive Midfield,2024-06-08,2025-05-30,0.0,0.0,0.0,0.0,0.0,0.0,1.0,0,0.0,0.0,0.0,0.0,0.0,0.0,0.0,0.0,1.0,0,0,0,0.0,0.0,1.0,0.5,0.0,7.0,6.0,0.0,0.0,,,,,,,0.0,0.0,0.0,0.0,0.0,0.0,0.5,0.0,0.0,0.0,0.0,0.0,0.0,0.0,0.0,0.0,0.5,0.0,0.0,0.0,0.0,0.0,0.5,0.25,0.0,3.5,3.0,0.0
003011,Payton Rezanka,OUT,Outlaws,1,SSDM,Defensive Midfield,2024-07-06,2024-07-06,1.0,1.0,1.0,0.0,1.0,0.0,2.0,2,0.0,0.0,0.0,0.0,0.0,0.0,0.0,0.0,0.0,0,0,0,0.0,0.0,0.0,0.0,1.0,4.0,2.0,0.5,1.0,,,,,0.0,,1.0,1.0,1.0,0.0,1.0,0.0,2.0,2.0,0.0,0.0,0.0,0.0,0.0,0.0,0.0,0.0,0.0,0.0,0.0,0.0,0.0,0.0,0.0,0.0,1.0,4.0,2.0,1.0
003011,Payton Rezanka,RED,Redwoods,1,SSDM,Defensive Midfield,2024-06-16,2024-06-16,1.0,1.0,1.0,0.0,1.0,0.0,2.0,2,0.0,0.0,0.0,0.0,0.0,0.0,2.0,0.0,1.0,0,1,1,0.0,0.0,0.0,0.0,0.0,5.0,3.0,0.5,1.0,0.0,,,,,,1.0,1.0,1.0,0.0,1.0,0.0,2.0,2.0,0.0,0.0,0.0,0.0,0.0,0.0,2.0,0.0,1.0,0.0,1.0,1.0,0.0,0.0,0.0,0.0,0.0,5.0,3.0,0.0
003011,Payton Rezanka,WAT,Waterdogs,2,SSDM,Defensive Midfield,2024-07-28,2024-08-17,0.0,0.0,0.0,0.0,0.0,0.0,0.0,0,0.0,0.0,0.0,0.0,0.0,0.0,0.0,0.0,2.0,0,0,0,0.0,0.0,0.0,0.0,0.0,3.0,3.0,,,,,,,,,0.0,0.0,0.0,0.0,0.0,0.0,0.0,0.0,0.0,0.0,0.0,0.0,0.0,0.0,0.0,0.0,1.0,0.0,0.0,0.0,0.0,0.0,0.0,0.0,0.0,1.5,1.5,0.0
003011,Payton Rezanka,WHP,Whipsnakes,3,SSDM,Defensive Midfield,2024-06-02,2025-06-14,0.0,0.0,0.0,0.0,0.0,0.0,0.0,0,0.0,0.0,0.0,0.0,0.0,0.0,1.0,1.0,2.0,0,0,0,0.0,0.0,2.0,1.5,1.0,14.0,13.0,,,,,,,0.0,,0.0,0.0,0.0,0.0,0.0,0.0,0.0,0.0,0.0,0.0,0.0,0.0,0.0,0.0,0.3333333333333333,0.3333333333333333,0.6666666666666666,0.0,0.0,0.0,0.0,0.0,0.6666666666666666,0.5,0.3333333333333333,4.666666666666667,4.333333333333333,0.3333333333333333
003013,Matt Campbell,ARC,Archers,3,M,Midfield,2023-06-03,2025-06-07,9.0,7.0,3.0,2.0,5.0,2.0,16.0,10,5.0,0.0,0.0,0.0,0.0,0.0,1.0,1.0,0.0,0,0,0,0.0,0.0,0.0,0.0,9.0,71.0,54.0,0.3125,0.625,,,,,0.2222222222222222,0.4,3.0,2.3333333333333335,1.0,0.6666666666666666,1.6666666666666667,0.6666666666666666,5.333333333333333,3.3333333333333335,1.6666666666666667,0.0,0.0,0.0,0.0,0.0,0.3333333333333333,0.3333333333333333,0.0,0.0,0.0,0.0,0.0,0.0,0.0,0.0,3.0,23.666666666666668,18.0,3.0
003013,Matt Campbell,ATL,Atlas,6,M,Midfield,2023-07-09,2025-07-11,14.0,10.0,8.0,1.0,9.0,4.0,36.0,26,6.0,0.0,0.0,0.0,0.0,0.0,2.0,6.0,0.0,0,0,0,0.0,0.0,1.0,0.5,14.0,124.0,82.0,0.25,0.7222222222222222,,,,,0.2857142857142857,0.16666666666666666,2.3333333333333335,1.6666666666666667,1.3333333333333333,0.16666666666666666,1.5,0.6666666666666666,6.0,4.333333333333333,1.0,0.0,0.0,0.0,0.0,0.0,0.3333333333333333,1.0,0.0,0.0,0.0,0.0,0.0,0.0,0.16666666666666666,0.08333333333333333,2.3333333333333335,20.666666666666668,13.666666666666666,2.3333333333333335
003013,Matt Campbell,CHA,Chaos,4,M,Midfield,2023-06-10,2026-05-15,7.0,7.0,3.0,2.0,5.0,0.0,21.0,13,4.0,0.0,0.0,0.0,0.0,0.0,4.0,2.0,0.0,0,0,0,0.0,0.0,0.0,0.0,6.0,124.0,101.0,0.23809523809523808,0.6190476190476191,,,,,0.0,0.5,1.75,1.75,0.75,0.5,1.25,0.0,5.25,3.25,1.0,0.0,0.0,0.0,0.0,0.0,1.0,0.5,0.0,0.0,0.0,0.0,0.0,0.0,0.0,0.0,1.5,31.0,25.25,1.5
003013,Matt Campbell,OUT,Outlaws,4,M,Midfield,2023-06-17,2025-07-19,12.0,8.0,6.0,1.0,7.0,4.0,24.0,12,4.0,0.0,0.0,0.0,0.0,0.0,4.0,5.0,0.0,0,0,0,0.0,0.0,0.0,0.0,14.0,114.0,85.0,0.2916666666666667,0.5,,,,,0.2857142857142857,0.25,3.0,2.0,1.5,0.25,1.75,1.0,6.0,3.0,1.0,0.0,0.0,0.0,0.0,0.0,1.0,1.25,0.0,0.0,0.0,0.0,0.0,0.0,0.0,0.0,3.5,28.5,21.25,3.5
003013,Matt Campbell,RED,Redwoods,4,M,Midfield,2023-07-30,2025-08-08,6.0,4.0,4.0,0.0,4.0,2.0,19.0,10,6.0,0.0,0.0,0.0,0.0,0.0,3.0,5.0,0.0,0,0,0,0.0,0.0,0.0,0.0,8.0,107.0,83.0,0.21052631578947367,0.5263157894736842,,,,,0.25,0.0,1.5,1.0,1.0,0.0,1.0,0.5,4.75,2.5,1.5,0.0,0.0,0.0,0.0,0.0,0.75,1.25,0.0,0.0,0.0,0.0,0.0,0.0,0.0,0.0,2.0,26.75,20.75,2.0
003013,Matt Campbell,WAT,Waterdogs,7,M,Midfield,2023-08-06,2026-06-07,18.0,13.0,9.0,2.0,11.0,5.0,37.0,23,9.0,0.0,0.0,0.0,0.0,0.0,7.0,5.0,0.0,0,0,0,0.0,0.0,0.0,0.0,15.0,199.0,157.0,0.2972972972972973,0.6216216216216216,,,,,0.3333333333333333,0.2222222222222222,2.5714285714285716,1.8571428571428572,1.2857142857142858,0.2857142857142857,1.5714285714285714,0.7142857142857143,5.285714285714286,3.2857142857142856,1.2857142857142858,0.0,0.0,0.0,0.0,0.0,1.0,0.7142857142857143,0.0,0.0,0.0,0.0,0.0,0.0,0.0,0.0,2.142857142857143,28.428571428571427,22.428571428571427,2.142857142857143
003013,Matt Campbell,WHP,Whipsnakes,6,M,Midfield,2023-08-26,2026-05-29,11.0,9.0,7.0,1.0,8.0,2.0,26.0,20,8.0,0.0,0.0,0.0,0.0,0.0,10.0,4.0,0.0,0,0,0,0.0,0.0,0.0,0.0,9.0,157.0,127.0,0.3076923076923077,0.7692307692307693,,,,,0.2222222222222222,0.125,1.8333333333333333,1.5,1.1666666666666667,0.16666666666666666,1.3333333333333333,0.3333333333333333,4.333333333333333,3.3333333333333335,1.3333333333333333,0.0,0.0,0.0,0.0,0.0,1.6666666666666667,0.6666666666666666,0.0,0.0,0.0,0.0,0.0,0.0,0.0,0.0,1.5,26.166666666666668,21.166666666666668,1.5
003015,Will Bowen,ARC,Archers,3,D,Defense,2023-06-17,2024-08-04,0.0,0.0,0.0,0.0,0.0,0.0,0.0,0,0.0,0.0,0.0,0.0,0.0,0.0,7.0,1.0,2.0,0,0,0,0.0,0.0,2.0,2.0,0.0,27.0,26.0,,,,,,,,,0.0,0.0,0.0,0.0,0.0,0.0,0.0,0.0,0.0,0.0,0.0,0.0,0.0,0.0,2.3333333333333335,0.3333333333333333,0.6666666666666666,0.0,0.0,0.0,0.0,0.0,0.6666666666666666,0.6666666666666666,0.0,9.0,8.666666666666666,0.0
003015,Will Bowen,ATL,Atlas,2,D,Defense,2023-07-16,2024-06-08,0.0,0.0,0.0,0.0,0.0,0.0,1.0,0,1.0,0.0,0.0,0.0,0.0,0.0,1.0,0.0,0.0,0,0,0,0.0,0.0,0.0,0.0,0.0,15.0,14.0,0.0,0.0,,,,,,0.0,0.0,0.0,0.0,0.0,0.0,0.0,0.5,0.0,0.5,0.0,0.0,0.0,0.0,0.0,0.5,0.0,0.0,0.0,0.0,0.0,0.0,0.0,0.0,0.0,0.0,7.5,7.0,0.0
003015,Will Bowen,CAN,Cannons,2,D,Defense,2023-06-10,2024-08-17,0.0,0.0,0.0,0.0,0.0,0.0,0.0,0,0.0,0.0,0.0,0.0,0.0,0.0,6.0,3.0,1.0,0,0,0,0.0,0.0,0.0,0.0,0.0,13.0,10.0,,,,,,,,,0.0,0.0,0.0,0.0,0.0,0.0,0.0,0.0,0.0,0.0,0.0,0.0,0.0,0.0,3.0,1.5,0.5,0.0,0.0,0.0,0.0,0.0,0.0,0.0,0.0,6.5,5.0,0.0
003015,Will Bowen,OUT,Outlaws,3,D,Defense,2023-08-27,2024-08-10,0.0,0.0,0.0,0.0,0.0,0.0,1.0,0,0.0,0.0,0.0,0.0,0.0,0.0,8.0,1.0,3.0,0,0,0,0.0,0.0,1.0,1.0,0.0,20.0,18.0,0.0,0.0,,,,,,,0.0,0.0,0.0,0.0,0.0,0.0,0.3333333333333333,0.0,0.0,0.0,0.0,0.0,0.0,0.0,2.6666666666666665,0.3333333333333333,1.0,0.0,0.0,0.0,0.0,0.0,0.3333333333333333,0.3333333333333333,0.0,6.666666666666667,6.0,0.0
003015,Will Bowen,RED,Redwoods,4,D,Defense,2023-07-09,2024-07-27,0.0,0.0,0.0,0.0,0.0,0.0,0.0,0,0.0,0.0,0.0,0.0,0.0,0.0,6.0,1.0,3.0,0,0,0,0.0,0.0,0.0,0.0,1.0,28.0,27.0,,,,,,,0.0,,0.0,0.0,0.0,0.0,0.0,0.0,0.0,0.0,0.0,0.0,0.0,0.0,0.0,0.0,1.5,0.25,0.75,0.0,0.0,0.0,0.0,0.0,0.0,0.0,0.25,7.0,6.75,0.25
003015,Will Bowen,WAT,Waterdogs,3,D,Defense,2023-06-04,2024-06-30,0.0,0.0,0.0,0.0,0.0,0.0,0.0,0,0.0,0.0,0.0,0.0,0.0,0.0,8.0,0.0,3.0,0,0,0,0.0,0.0,0.0,0.0,0.0,17.0,17.0,,,,,,,,,0.0,0.0,0.0,0.0,0.0,0.0,0.0,0.0,0.0,0.0,0.0,0.0,0.0,0.0,2.6666666666666665,0.0,1.0,0.0,0.0,0.0,0.0,0.0,0.0,0.0,0.0,5.666666666666667,5.666666666666667,0.0
003015,Will Bowen,WHP,Whipsnakes,2,D,Defense,2023-07-30,2023-08-12,3.0,1.0,1.0,0.0,1.0,2.0,1.0,1,0.0,0.0,0.0,0.0,0.0,0.0,7.0,0.0,7.0,0,0,0,0.0,0.0,0.0,0.0,2.0,17.0,16.0,1.0,1.0,,,,,1.0,,1.5,0.5,0.5,0.0,0.5,1.0,0.5,0.5,0.0,0.0,0.0,0.0,0.0,0.0,3.5,0.0,3.5,0.0,0.0,0.0,0.0,0.0,0.0,0.0,1.0,8.5,8.0,1.0
003016,Brian Minicus,ARC,Archers,3,M,Midfield,2023-06-17,2024-08-04,9.0,5.0,5.0,0.0,5.0,4.0,18.0,10,0.0,0.0,0.0,0.0,0.0,0.0,3.0,1.0,0.0,0,0,0,0.0,0.0,0.0,0.0,7.0,74.0,55.0,0.2777777777777778,0.5555555555555556,,,,,0.5714285714285714,,3.0,1.6666666666666667,1.6666666666666667,0.0,1.6666666666666667,1.3333333333333333,6.0,3.3333333333333335,0.0,0.0,0.0,0.0,0.0,0.0,1.0,0.3333333333333333,0.0,0.0,0.0,0.0,0.0,0.0,0.0,0.0,2.3333333333333335,24.666666666666668,18.333333333333332,2.3333333333333335
003016,Brian Minicus,ATL,Atlas,2,A,Attack,2023-07-16,2024-06-08,5.0,3.0,3.0,0.0,3.0,2.0,6.0,6,0.0,0.0,0.0,0.0,0.0,0.0,3.0,5.0,0.0,0,0,0,0.0,0.0,0.0,0.0,6.0,39.0,28.0,0.5,1.0,,,,,0.3333333333333333,,2.5,1.5,1.5,0.0,1.5,1.0,3.0,3.0,0.0,0.0,0.0,0.0,0.0,0.0,1.5,2.5,0.0,0.0,0.0,0.0,0.0,0.0,0.0,0.0,3.0,19.5,14.0,3.0
003016,Brian Minicus,CAN,Cannons,2,A,Attack,2023-06-10,2024-08-17,1.0,1.0,1.0,0.0,1.0,0.0,6.0,3,0.0,0.0,0.0,0.0,0.0,0.0,2.0,2.0,0.0,0,0,0,0.0,0.0,0.0,0.0,5.0,26.0,18.0,0.16666666666666666,0.5,,,,,0.0,,0.5,0.5,0.5,0.0,0.5,0.0,3.0,1.5,0.0,0.0,0.0,0.0,0.0,0.0,1.0,1.0,0.0,0.0,0.0,0.0,0.0,0.0,0.0,0.0,2.5,13.0,9.0,2.5
003016,Brian Minicus,OUT,Outlaws,3,M,Midfield,2023-08-27,2024-08-10,6.0,3.0,3.0,0.0,3.0,3.0,12.0,6,0.0,0.0,0.0,0.0,0.0,0.0,5.0,8.0,0.0,0,0,0,0.0,0.0,1.0,1.0,3.0,68.0,48.0,0.25,0.5,,,,,1.0,,2.0,1.0,1.0,0.0,1.0,1.0,4.0,2.0,0.0,0.0,0.0,0.0,0.0,0.0,1.6666666666666667,2.6666666666666665,0.0,0.0,0.0,0.0,0.0,0.0,0.3333333333333333,0.3333333333333333,1.0,22.666666666666668,16.0,1.0
003016,Brian Minicus,RED,Redwoods,4,A,Attack,2023-07-09,2024-07-27,2.0,0.0,0.0,0.0,0.0,2.0,10.0,4,1.0,0.0,0.0,0.0,0.0,0.0,5.0,7.0,0.0,0,0,0,0.0,0.0,0.0,0.0,12.0,83.0,66.0,0.0,0.4,,,,,0.16666666666666666,0.0,0.5,0.0,0.0,0.0,0.0,0.5,2.5,1.0,0.25,0.0,0.0,0.0,0.0,0.0,1.25,1.75,0.0,0.0,0.0,0.0,0.0,0.0,0.0,0.0,3.0,20.75,16.5,3.0
003016,Brian Minicus,WAT,Waterdogs,3,A,Attack,2023-06-04,2024-06-30,6.0,4.0,4.0,0.0,4.0,2.0,15.0,9,0.0,0.0,0.0,0.0,0.0,0.0,6.0,6.0,1.0,0,0,0,0.0,0.0,0.0,0.0,20.0,117.0,96.0,0.26666666666666666,0.6,,,,,0.1,,2.0,1.3333333333333333,1.3333333333333333,0.0,1.3333333333333333,0.6666666666666666,5.0,3.0,0.0,0.0,0.0,0.0,0.0,0.0,2.0,2.0,0.3333333333333333,0.0,0.0,0.0,0.0,0.0,0.0,0.0,6.666666666666667,39.0,32.0,6.666666666666667
003016,Brian Minicus,WHP,Whipsnakes,3,A,Attack,2023-07-30,2024-07-20,5.0,5.0,5.0,0.0,5.0,0.0,22.0,15,0.0,0.0,0.0,0.0,0.0,0.0,7.0,7.0,1.0,0,0,0,0.0,0.0,0.0,0.0,14.0,107.0,78.0,0.22727272727272727,0.6818181818181818,,,,,0.0,,1.6666666666666667,1.6666666666666667,1.6666666666666667,0.0,1.6666666666666667,0.0,7.333333333333333,5.0,0.0,0.0,0.0,0.0,0.0,0.0,2.3333333333333335,2.3333333333333335,0.3333333333333333,0.0,0.0,0.0,0.0,0.0,0.0,0.0,4.666666666666667,35.666666666666664,26.0,4.666666666666667
003017,Tye Kurtz,ARC,Archers,2,A,Attack,2024-06-15,2024-08-04,1.0,1.0,1.0,0.0,1.0,0.0,6.0,5,0.0,0.0,0.0,0.0,0.0,0.0,5.0,1.0,0.0,0,0,0,0.0,0.0,1.0,0.5,1.0,44.0,37.0,0.16666666666666666,0.8333333333333334,,,,,0.0,,0.5,0.5,0.5,0.0,0.5,0.0,3.0,2.5,0.0,0.0,0.0,0.0,0.0,0.0,2.5,0.5,0.0,0.0,0.0,0.0,0.0,0.0,0.5,0.25,0.5,22.0,18.5,0.5
003017,Tye Kurtz,ATL,Atlas,3,A,Attack,2023-07-16,2026-06-19,5.0,5.0,3.0,1.0,4.0,0.0,13.0,7,1.0,0.0,0.0,0.0,0.0,0.0,4.0,2.0,1.0,0,0,0,0.0,0.0,0.0,0.0,3.0,43.0,28.0,0.3076923076923077,0.5384615384615384,,,,,0.0,1.0,1.6666666666666667,1.6666666666666667,1.0,0.3333333333333333,1.3333333333333333,0.0,4.333333333333333,2.3333333333333335,0.3333333333333333,0.0,0.0,0.0,0.0,0.0,1.3333333333333333,0.6666666666666666,0.3333333333333333,0.0,0.0,0.0,0.0,0.0,0.0,0.0,1.0,14.333333333333334,9.333333333333334,1.0
003017,Tye Kurtz,CAN,Cannons,1,A,Attack,2024-08-17,2024-08-17,2.0,2.0,2.0,0.0,2.0,0.0,4.0,3,0.0,0.0,0.0,0.0,0.0,0.0,1.0,3.0,0.0,0,0,0,0.0,0.0,0.0,0.0,1.0,19.0,12.0,0.5,0.75,,,,,0.0,,2.0,2.0,2.0,0.0,2.0,0.0,4.0,3.0,0.0,0.0,0.0,0.0,0.0,0.0,1.0,3.0,0.0,0.0,0.0,0.0,0.0,0.0,0.0,0.0,1.0,19.0,12.0,1.0
003017,Tye Kurtz,CHA,Chaos,1,M,Midfield,2026-05-15,2026-05-15,1.0,1.0,1.0,0.0,1.0,0.0,2.0,1,0.0,0.0,0.0,0.0,0.0,0.0,0.0,2.0,0.0,0,0,0,0.0,0.0,0.0,0.0,0.0,9.0,5.0,0.5,0.5,,,,,,,1.0,1.0,1.0,0.0,1.0,0.0,2.0,1.0,0.0,0.0,0.0,0.0,0.0,0.0,0.0,2.0,0.0,0.0,0.0,0.0,0.0,0.0,0.0,0.0,0.0,9.0,5.0,0.0
003017,Tye Kurtz,OUT,Outlaws,2,A,Attack,2024-06-02,2024-08-10,3.0,1.0,1.0,0.0,1.0,2.0,4.0,2,0.0,0.0,0.0,0.0,0.0,0.0,3.0,3.0,0.0,0,0,0,0.0,0.0,0.0,0.0,5.0,49.0,42.0,0.25,0.5,,,,,0.4,,1.5,0.5,0.5,0.0,0.5,1.0,2.0,1.0,0.0,0.0,0.0,0.0,0.0,0.0,1.5,1.5,0.0,0.0,0.0,0.0,0.0,0.0,0.0,0.0,2.5,24.5,21.0,2.5
003017,Tye Kurtz,RED,Redwoods,3,A,Attack,2023-07-09,2024-06-07,6.0,4.0,4.0,0.0,4.0,2.0,14.0,10,0.0,0.0,0.0,0.0,0.0,0.0,1.0,4.0,2.0,0,0,0,0.0,0.0,0.0,0.0,5.0,68.0,50.0,0.2857142857142857,0.7142857142857143,,,,,0.4,,2.0,1.3333333333333333,1.3333333333333333,0.0,1.3333333333333333,0.6666666666666666,4.666666666666667,3.3333333333333335,0.0,0.0,0.0,0.0,0.0,0.0,0.3333333333333333,1.3333333333333333,0.6666666666666666,0.0,0.0,0.0,0.0,0.0,0.0,0.0,1.6666666666666667,22.666666666666668,16.666666666666668,1.6666666666666667
003017,Tye Kurtz,WAT,Waterdogs,1,A,Attack,2023-08-20,2023-08-20,2.0,2.0,2.0,0.0,2.0,0.0,3.0,3,0.0,0.0,0.0,0.0,0.0,0.0,2.0,1.0,0.0,0,0,0,0.0,0.0,0.0,0.0,1.0,23.0,19.0,0.6666666666666666,1.0,,,,,0.0,,2.0,2.0,2.0,0.0,2.0,0.0,3.0,3.0,0.0,0.0,0.0,0.0,0.0,0.0,2.0,1.0,0.0,0.0,0.0,0.0,0.0,0.0,0.0,0.0,1.0,23.0,19.0,1.0
003017,Tye Kurtz,WHP,Whipsnakes,2,A,Attack,2023-07-30,2023-08-12,6.0,5.0,5.0,0.0,5.0,1.0,15.0,10,0.0,0.0,0.0,0.0,0.0,0.0,5.0,4.0,0.0,0,0,0,0.0,0.0,0.0,0.0,6.0,47.0,28.0,0.3333333333333333,0.6666666666666666,,,,,0.16666666666666666,,3.0,2.5,2.5,0.0,2.5,0.5,7.5,5.0,0.0,0.0,0.0,0.0,0.0,0.0,2.5,2.0,0.0,0.0,0.0,0.0,0.0,0.0,0.0,0.0,3.0,23.5,14.0,3.0
003018,Nick Rowlett,ARC,Archers,4,FO,Faceoff,2023-06-17,2026-08-08,1.0,0.0,0.0,0.0,0.0,1.0,3.0,1,0.0,0.0,0.0,0.0,0.0,0.0,25.0,3.0,1.0,38,65,105,0.0,0.0,0.0,0.0,4.0,26.0,20.0,0.0,0.3333333333333333,0.3619047619047619,,,,0.25,,0.25,0.0,0.0,0.0,0.0,0.25,0.75,0.25,0.0,0.0,0.0,0.0,0.0,0.0,6.25,0.75,0.25,9.5,16.25,26.25,0.0,0.0,0.0,0.0,1.0,6.5,5.0,1.0
003018,Nick Rowlett,ATL,Atlas,3,FO,Faceoff,2023-07-16,2025-05-30,0.0,0.0,0.0,0.0,0.0,0.0,1.0,1,0.0,0.0,0.0,0.0,0.0,0.0,7.0,3.0,0.0,18,53,72,0.0,0.0,1.0,0.5,0.0,7.0,3.0,0.0,1.0,0.25,,,,,,0.0,0.0,0.0,0.0,0.0,0.0,0.3333333333333333,0.3333333333333333,0.0,0.0,0.0,0.0,0.0,0.0,2.3333333333333335,1.0,0.0,6.0,17.666666666666668,24.0,0.0,0.0,0.3333333333333333,0.16666666666666666,0.0,2.3333333333333335,1.0,0.0
003018,Nick Rowlett,CAN,Cannons,1,FO,Faceoff,2023-06-10,2023-06-10,1.0,1.0,1.0,0.0,1.0,0.0,1.0,1,0.0,0.0,0.0,0.0,0.0,0.0,8.0,1.0,1.0,12,14,26,0.0,0.0,0.0,0.0,1.0,9.0,7.0,1.0,1.0,0.46153846153846156,,,,0.0,,1.0,1.0,1.0,0.0,1.0,0.0,1.0,1.0,0.0,0.0,0.0,0.0,0.0,0.0,8.0,1.0,1.0,12.0,14.0,26.0,0.0,0.0,0.0,0.0,1.0,9.0,7.0,1.0
003018,Nick Rowlett,OUT,Outlaws,4,FO,Faceoff,2023-08-27,2025-06-06,1.0,1.0,1.0,0.0,1.0,0.0,4.0,3,0.0,0.0,0.0,0.0,0.0,0.0,27.0,5.0,1.0,43,47,90,0.0,0.0,2.0,1.0,2.0,30.0,21.0,0.25,0.75,0.4777777777777778,,,,0.0,,0.25,0.25,0.25,0.0,0.25,0.0,1.0,0.75,0.0,0.0,0.0,0.0,0.0,0.0,6.75,1.25,0.25,10.75,11.75,22.5,0.0,0.0,0.5,0.25,0.5,7.5,5.25,0.5
003018,Nick Rowlett,RED,Redwoods,4,FO,Faceoff,2023-08-06,2025-06-07,1.0,0.0,0.0,0.0,0.0,1.0,5.0,2,0.0,0.0,0.0,0.0,0.0,0.0,26.0,3.0,1.0,36,62,98,0.0,0.0,0.0,0.0,2.0,26.0,18.0,0.0,0.4,0.3673469387755102,,,,0.5,,0.25,0.0,0.0,0.0,0.0,0.25,1.25,0.5,0.0,0.0,0.0,0.0,0.0,0.0,6.5,0.75,0.25,9.0,15.5,24.5,0.0,0.0,0.0,0.0,0.5,6.5,4.5,0.5
003018,Nick Rowlett,WAT,Waterdogs,3,FO,Faceoff,2023-06-04,2024-06-30,1.0,1.0,1.0,0.0,1.0,0.0,2.0,2,0.0,0.0,0.0,0.0,0.0,0.0,28.0,3.0,2.0,40,16,57,0.0,0.0,0.0,0.0,1.0,27.0,22.0,0.5,1.0,0.7017543859649122,,,,0.0,,0.3333333333333333,0.3333333333333333,0.3333333333333333,0.0,0.3333333333333333,0.0,0.6666666666666666,0.6666666666666666,0.0,0.0,0.0,0.0,0.0,0.0,9.333333333333334,1.0,0.6666666666666666,13.333333333333334,5.333333333333333,19.0,0.0,0.0,0.0,0.0,0.3333333333333333,9.0,7.333333333333333,0.3333333333333333
003018,Nick Rowlett,WHP,Whipsnakes,3,FO,Faceoff,2023-07-30,2024-07-20,0.0,0.0,0.0,0.0,0.0,0.0,3.0,1,0.0,0.0,0.0,0.0,0.0,0.0,24.0,1.0,0.0,38,39,79,0.0,0.0,0.0,0.0,0.0,23.0,19.0,0.0,0.3333333333333333,0.4810126582278481,,,,,,0.0,0.0,0.0,0.0,0.0,0.0,1.0,0.3333333333333333,0.0,0.0,0.0,0.0,0.0,0.0,8.0,0.3333333333333333,0.0,12.666666666666666,13.0,26.333333333333332,0.0,0.0,0.0,0.0,0.0,7.666666666666667,6.333333333333333,0.0
003019,Sam Handley,ARC,Archers,4,M,Midfield,2023-06-09,2025-06-14,6.0,5.0,3.0,1.0,4.0,1.0,24.0,14,4.0,0.0,0.0,0.0,0.0,0.0,1.0,5.0,0.0,0,0,0,0.0,0.0,0.0,0.0,6.0,74.0,45.0,0.16666666666666666,0.5833333333333334,,,,,0.16666666666666666,0.25,1.5,1.25,0.75,0.25,1.0,0.25,6.0,3.5,1.0,0.0,0.0,0.0,0.0,0.0,0.25,1.25,0.0,0.0,0.0,0.0,0.0,0.0,0.0,0.0,1.5,18.5,11.25,1.5
003019,Sam Handley,ATL,Atlas,2,M,Midfield,2023-07-29,2024-07-06,3.0,2.0,0.0,1.0,1.0,1.0,10.0,7,2.0,0.0,0.0,0.0,0.0,0.0,0.0,2.0,0.0,0,0,0,0.0,0.0,0.0,0.0,3.0,36.0,24.0,0.1,0.7,,,,,0.3333333333333333,0.5,1.5,1.0,0.0,0.5,0.5,0.5,5.0,3.5,1.0,0.0,0.0,0.0,0.0,0.0,0.0,1.0,0.0,0.0,0.0,0.0,0.0,0.0,0.0,0.0,1.5,18.0,12.0,1.5
003019,Sam Handley,CAN,Cannons,3,M,Midfield,2023-06-17,2024-07-27,4.0,3.0,3.0,0.0,3.0,1.0,12.0,8,4.0,0.0,0.0,0.0,0.0,0.0,2.0,5.0,0.0,0,0,0,0.0,0.0,0.0,0.0,9.0,61.0,44.0,0.25,0.6666666666666666,,,,,0.1111111111111111,0.0,1.3333333333333333,1.0,1.0,0.0,1.0,0.3333333333333333,4.0,2.6666666666666665,1.3333333333333333,0.0,0.0,0.0,0.0,0.0,0.6666666666666666,1.6666666666666667,0.0,0.0,0.0,0.0,0.0,0.0,0.0,0.0,3.0,20.333333333333332,14.666666666666666,3.0
003019,Sam Handley,CHA,Chaos,4,M,Midfield,2023-08-27,2025-07-12,7.0,6.0,4.0,1.0,5.0,1.0,21.0,13,4.0,0.0,0.0,0.0,0.0,0.0,3.0,4.0,0.0,0,0,0,0.0,0.0,0.0,0.0,6.0,88.0,63.0,0.23809523809523808,0.6190476190476191,,,,,0.16666666666666666,0.25,1.75,1.5,1.0,0.25,1.25,0.25,5.25,3.25,1.0,0.0,0.0,0.0,0.0,0.0,0.75,1.0,0.0,0.0,0.0,0.0,0.0,0.0,0.0,0.0,1.5,22.0,15.75,1.5
003019,Sam Handley,OUT,Outlaws,1,M,Midfield,2025-06-28,2025-06-28,1.0,1.0,1.0,0.0,1.0,0.0,5.0,3,2.0,0.0,0.0,0.0,0.0,0.0,0.0,1.0,0.0,0,0,0,0.0,0.0,0.0,0.0,1.0,18.0,12.0,0.2,0.6,,,,,0.0,0.0,1.0,1.0,1.0,0.0,1.0,0.0,5.0,3.0,2.0,0.0,0.0,0.0,0.0,0.0,0.0,1.0,0.0,0.0,0.0,0.0,0.0,0.0,0.0,0.0,1.0,18.0,12.0,1.0
003019,Sam Handley,RED,Redwoods,3,M,Midfield,2023-08-20,2024-08-03,8.0,4.0,4.0,0.0,4.0,4.0,14.0,8,2.0,0.0,0.0,0.0,0.0,0.0,1.0,3.0,0.0,0,0,0,0.0,0.0,0.0,0.0,6.0,63.0,46.0,0.2857142857142857,0.5714285714285714,,,,,0.6666666666666666,0.0,2.6666666666666665,1.3333333333333333,1.3333333333333333,0.0,1.3333333333333333,1.3333333333333333,4.666666666666667,2.6666666666666665,0.6666666666666666,0.0,0.0,0.0,0.0,0.0,0.3333333333333333,1.0,0.0,0.0,0.0,0.0,0.0,0.0,0.0,0.0,2.0,21.0,15.333333333333334,2.0
003019,Sam Handley,WAT,Waterdogs,3,M,Midfield,2023-07-08,2025-06-28,2.0,2.0,2.0,0.0,2.0,0.0,12.0,10,4.0,0.0,0.0,0.0,0.0,0.0,3.0,6.0,0.0,0,0,0,0.0,0.0,0.0,0.0,8.0,58.0,40.0,0.16666666666666666,0.8333333333333334,,,,,0.0,0.0,0.6666666666666666,0.6666666666666666,0.6666666666666666,0.0,0.6666666666666666,0.0,4.0,3.3333333333333335,1.3333333333333333,0.0,0.0,0.0,0.0,0.0,1.0,2.0,0.0,0.0,0.0,0.0,0.0,0.0,0.0,0.0,2.6666666666666665,19.333333333333332,13.333333333333334,2.6666666666666665
003019,Sam Handley,WHP,Whipsnakes,3,M,Midfield,2023-06-04,2024-08-10,4.0,2.0,2.0,0.0,2.0,2.0,11.0,4,2.0,0.0,0.0,0.0,0.0,0.0,3.0,5.0,1.0,0,0,0,0.0,0.0,1.0,0.5,6.0,61.0,45.0,0.18181818181818182,0.36363636363636365,,,,,0.3333333333333333,0.0,1.3333333333333333,0.6666666666666666,0.6666666666666666,0.0,0.6666666666666666,0.6666666666666666,3.6666666666666665,1.3333333333333333,0.6666666666666666,0.0,0.0,0.0,0.0,0.0,1.0,1.6666666666666667,0.3333333333333333,0.0,0.0,0.0,0.0,0.0,0.3333333333333333,0.16666666666666666,2.0,20.333333333333332,15.0,2.0
003020,Troy Hettinger,ATL,Atlas,1,LSM,Long Stick Midfield,2023-07-29,2023-07-29,0.0,0.0,0.0,0.0,0.0,0.0,0.0,0,0.0,0.0,0.0,0.0,0.0,0.0,0.0,0.0,0.0,1,8,9,0.0,0.0,0.0,0.0,0.0,0.0,0.0,,,0.1111111111111111,,,,,,0.0,0.0,0.0,0.0,0.0,0.0,0.0,0.0,0.0,0.0,0.0,0.0,0.0,0.0,0.0,0.0,0.0,1.0,8.0,9.0,0.0,0.0,0.0,0.0,0.0,0.0,0.0,0.0
003020,Troy Hettinger,CAN,Cannons,1,LSM,Long Stick Midfield,2023-06-17,2023-06-17,0.0,0.0,0.0,0.0,0.0,0.0,0.0,0,0.0,0.0,0.0,0.0,0.0,0.0,5.0,0.0,1.0,0,0,0,0.0,0.0,0.0,0.0,1.0,8.0,8.0,,,,,,,0.0,,0.0,0.0,0.0,0.0,0.0,0.0,0.0,0.0,0.0,0.0,0.0,0.0,0.0,0.0,5.0,0.0,1.0,0.0,0.0,0.0,0.0,0.0,0.0,0.0,1.0,8.0,8.0,1.0
003020,Troy Hettinger,CHA,Chaos,1,LSM,Long Stick Midfield,2023-08-27,2023-08-27,0.0,0.0,0.0,0.0,0.0,0.0,1.0,0,0.0,0.0,0.0,0.0,0.0,0.0,1.0,0.0,0.0,0,1,1,0.0,0.0,0.0,0.0,0.0,5.0,4.0,0.0,0.0,0.0,,,,,,0.0,0.0,0.0,0.0,0.0,0.0,1.0,0.0,0.0,0.0,0.0,0.0,0.0,0.0,1.0,0.0,0.0,0.0,1.0,1.0,0.0,0.0,0.0,0.0,0.0,5.0,4.0,0.0
003020,Troy Hettinger,WAT,Waterdogs,1,LSM,Long Stick Midfield,2023-07-08,2023-07-08,0.0,0.0,0.0,0.0,0.0,0.0,0.0,0,0.0,0.0,0.0,0.0,0.0,0.0,2.0,0.0,0.0,0,0,0,0.0,0.0,0.0,0.0,0.0,1.0,1.0,,,,,,,,,0.0,0.0,0.0,0.0,0.0,0.0,0.0,0.0,0.0,0.0,0.0,0.0,0.0,0.0,2.0,0.0,0.0,0.0,0.0,0.0,0.0,0.0,0.0,0.0,0.0,1.0,1.0,0.0
003020,Troy Hettinger,WHP,Whipsnakes,1,LSM,Long Stick Midfield,2023-08-05,2023-08-05,0.0,0.0,0.0,0.0,0.0,0.0,0.0,0,0.0,0.0,0.0,0.0,0.0,0.0,1.0,0.0,0.0,0,8,8,0.0,0.0,0.0,0.0,0.0,0.0,0.0,,,0.0,,,,,,0.0,0.0,0.0,0.0,0.0,0.0,0.0,0.0,0.0,0.0,0.0,0.0,0.0,0.0,1.0,0.0,0.0,0.0,8.0,8.0,0.0,0.0,0.0,0.0,0.0,0.0,0.0,0.0
003021,Jack Myers,ARC,Archers,2,A,Attack,2023-07-09,2024-06-08,6.0,4.0,4.0,0.0,4.0,2.0,11.0,9,0.0,0.0,0.0,0.0,0.0,0.0,1.0,1.0,0.0,0,0,0,0.0,0.0,0.0,0.0,8.0,55.0,43.0,0.36363636363636365,0.8181818181818182,,,,,0.25,,3.0,2.0,2.0,0.0,2.0,1.0,5.5,4.5,0.0,0.0,0.0,0.0,0.0,0.0,0.5,0.5,0.0,0.0,0.0,0.0,0.0,0.0,0.0,0.0,4.0,27.5,21.5,4.0
003021,Jack Myers,CHA,Chaos,1,A,Attack,2024-06-02,2024-06-02,0.0,0.0,0.0,0.0,0.0,0.0,3.0,1,0.0,0.0,0.0,0.0,0.0,0.0,1.0,1.0,0.0,0,0,0,0.0,0.0,0.0,0.0,3.0,34.0,30.0,0.0,0.3333333333333333,,,,,0.0,,0.0,0.0,0.0,0.0,0.0,0.0,3.0,1.0,0.0,0.0,0.0,0.0,0.0,0.0,1.0,1.0,0.0,0.0,0.0,0.0,0.0,0.0,0.0,0.0,3.0,34.0,30.0,3.0
003021,Jack Myers,WAT,Waterdogs,1,M,Midfield,2023-07-14,2023-07-14,0.0,0.0,0.0,0.0,0.0,0.0,0.0,0,0.0,0.0,0.0,0.0,0.0,0.0,0.0,2.0,0.0,0,0,0,0.0,0.0,0.0,0.0,2.0,12.0,10.0,,,,,,,0.0,,0.0,0.0,0.0,0.0,0.0,0.0,0.0,0.0,0.0,0.0,0.0,0.0,0.0,0.0,0.0,2.0,0.0,0.0,0.0,0.0,0.0,0.0,0.0,0.0,2.0,12.0,10.0,2.0
003022,Cross Ferrara,ARC,Archers,5,M,Midfield,2023-06-09,2025-07-19,3.0,2.0,2.0,0.0,2.0,1.0,25.0,12,0.0,0.0,0.0,0.0,0.0,0.0,1.0,6.0,0.0,0,0,0,0.0,0.0,0.0,0.0,8.0,103.0,72.0,0.08,0.48,,,,,0.125,,0.6,0.4,0.4,0.0,0.4,0.2,5.0,2.4,0.0,0.0,0.0,0.0,0.0,0.0,0.2,1.2,0.0,0.0,0.0,0.0,0.0,0.0,0.0,0.0,1.6,20.6,14.4,1.6
003022,Cross Ferrara,ATL,Atlas,3,M,Midfield,2023-07-29,2025-05-30,5.0,5.0,5.0,0.0,5.0,0.0,15.0,11,0.0,0.0,0.0,0.0,0.0,0.0,0.0,1.0,1.0,0,0,0,0.0,0.0,0.0,0.0,6.0,60.0,44.0,0.3333333333333333,0.7333333333333333,,,,,0.0,,1.6666666666666667,1.6666666666666667,1.6666666666666667,0.0,1.6666666666666667,0.0,5.0,3.6666666666666665,0.0,0.0,0.0,0.0,0.0,0.0,0.0,0.3333333333333333,0.3333333333333333,0.0,0.0,0.0,0.0,0.0,0.0,0.0,2.0,20.0,14.666666666666666,2.0
003022,Cross Ferrara,CAN,Cannons,2,A,Attack,2023-06-17,2024-07-27,3.0,3.0,1.0,1.0,2.0,0.0,6.0,3,2.0,0.0,0.0,0.0,0.0,0.0,2.0,1.0,0.0,0,0,0,0.0,0.0,0.0,0.0,2.0,25.0,18.0,0.3333333333333333,0.5,,,,,0.0,0.5,1.5,1.5,0.5,0.5,1.0,0.0,3.0,1.5,1.0,0.0,0.0,0.0,0.0,0.0,1.0,0.5,0.0,0.0,0.0,0.0,0.0,0.0,0.0,0.0,1.0,12.5,9.0,1.0
003022,Cross Ferrara,CHA,Chaos,3,M,Midfield,2023-08-27,2024-08-10,4.0,2.0,2.0,0.0,2.0,2.0,19.0,11,3.0,0.0,0.0,0.0,0.0,0.0,3.0,1.0,0.0,0,0,0,0.0,0.0,0.0,0.0,4.0,76.0,56.0,0.10526315789473684,0.5789473684210527,,,,,0.5,0.0,1.3333333333333333,0.6666666666666666,0.6666666666666666,0.0,0.6666666666666666,0.6666666666666666,6.333333333333333,3.6666666666666665,1.0,0.0,0.0,0.0,0.0,0.0,1.0,0.3333333333333333,0.0,0.0,0.0,0.0,0.0,0.0,0.0,0.0,1.3333333333333333,25.333333333333332,18.666666666666668,1.3333333333333333
003022,Cross Ferrara,OUT,Outlaws,1,M,Midfield,2025-06-06,2025-06-06,1.0,1.0,1.0,0.0,1.0,0.0,6.0,3,0.0,0.0,0.0,0.0,0.0,0.0,0.0,1.0,0.0,0,0,0,0.0,0.0,0.0,0.0,0.0,15.0,8.0,0.16666666666666666,0.5,,,,,,,1.0,1.0,1.0,0.0,1.0,0.0,6.0,3.0,0.0,0.0,0.0,0.0,0.0,0.0,0.0,1.0,0.0,0.0,0.0,0.0,0.0,0.0,0.0,0.0,0.0,15.0,8.0,0.0
003022,Cross Ferrara,RED,Redwoods,5,M,Midfield,2023-08-20,2025-07-12,7.0,7.0,7.0,0.0,7.0,0.0,14.0,10,0.0,0.0,0.0,0.0,0.0,0.0,3.0,5.0,0.0,0,0,0,0.0,0.0,0.0,0.0,2.0,78.0,59.0,0.5,0.7142857142857143,,,,,0.0,,1.4,1.4,1.4,0.0,1.4,0.0,2.8,2.0,0.0,0.0,0.0,0.0,0.0,0.0,0.6,1.0,0.0,0.0,0.0,0.0,0.0,0.0,0.0,0.0,0.4,15.6,11.8,0.4
003022,Cross Ferrara,WAT,Waterdogs,2,M,Midfield,2024-07-19,2025-07-26,0.0,0.0,0.0,0.0,0.0,0.0,6.0,2,1.0,0.0,0.0,0.0,0.0,0.0,0.0,0.0,0.0,0,0,0,0.0,0.0,0.0,0.0,3.0,31.0,25.0,0.0,0.3333333333333333,,,,,0.0,0.0,0.0,0.0,0.0,0.0,0.0,0.0,3.0,1.0,0.5,0.0,0.0,0.0,0.0,0.0,0.0,0.0,0.0,0.0,0.0,0.0,0.0,0.0,0.0,0.0,1.5,15.5,12.5,1.5
003022,Cross Ferrara,WHP,Whipsnakes,3,A,Attack,2023-06-04,2024-08-10,7.0,5.0,5.0,0.0,5.0,2.0,21.0,16,2.0,0.0,0.0,0.0,0.0,0.0,3.0,5.0,0.0,0,0,0,0.0,0.0,0.0,0.0,9.0,100.0,74.0,0.23809523809523808,0.7619047619047619,,,,,0.2222222222222222,0.0,2.3333333333333335,1.6666666666666667,1.6666666666666667,0.0,1.6666666666666667,0.6666666666666666,7.0,5.333333333333333,0.6666666666666666,0.0,0.0,0.0,0.0,0.0,1.0,1.6666666666666667,0.0,0.0,0.0,0.0,0.0,0.0,0.0,0.0,3.0,33.333333333333336,24.666666666666668,3.0
003023,Owen Grant,ARC,Archers,2,D,Defense,2025-06-07,2026-08-01,0.0,0.0,0.0,0.0,0.0,0.0,0.0,0,0.0,0.0,0.0,0.0,0.0,0.0,4.0,0.0,3.0,0,0,0,0.0,0.0,0.0,0.0,0.0,9.0,9.0,,,,,,,,,0.0,0.0,0.0,0.0,0.0,0.0,0.0,0.0,0.0,0.0,0.0,0.0,0.0,0.0,2.0,0.0,1.5,0.0,0.0,0.0,0.0,0.0,0.0,0.0,0.0,4.5,4.5,0.0
003023,Owen Grant,ATL,Atlas,5,LSM,Long Stick Midfield,2023-08-26,2026-07-19,3.0,3.0,1.0,1.0,2.0,0.0,7.0,6,3.0,0.0,0.0,0.0,0.0,0.0,9.0,3.0,4.0,0,3,3,0.0,0.0,1.0,0.5,2.0,38.0,28.0,0.2857142857142857,0.8571428571428571,0.0,,,,0.0,0.3333333333333333,0.6,0.6,0.2,0.2,0.4,0.0,1.4,1.2,0.6,0.0,0.0,0.0,0.0,0.0,1.8,0.6,0.8,0.0,0.6,0.6,0.0,0.0,0.2,0.1,0.4,7.6,5.6,0.4
003023,Owen Grant,CHA,Chaos,3,D,Defense,2025-06-29,2026-07-25,0.0,0.0,0.0,0.0,0.0,0.0,3.0,1,3.0,0.0,0.0,0.0,0.0,0.0,5.0,1.0,3.0,0,0,0,0.0,0.0,1.0,0.5,1.0,22.0,18.0,0.0,0.3333333333333333,,,,,0.0,0.0,0.0,0.0,0.0,0.0,0.0,0.0,1.0,0.3333333333333333,1.0,0.0,0.0,0.0,0.0,0.0,1.6666666666666667,0.3333333333333333,1.0,0.0,0.0,0.0,0.0,0.0,0.3333333333333333,0.16666666666666666,0.3333333333333333,7.333333333333333,6.0,0.3333333333333333
003023,Owen Grant,OUT,Outlaws,3,LSM,Long Stick Midfield,2023-08-20,2026-07-11,0.0,0.0,0.0,0.0,0.0,0.0,2.0,1,2.0,0.0,0.0,0.0,0.0,0.0,1.0,1.0,0.0,0,0,0,0.0,0.0,1.0,1.0,0.0,7.0,4.0,0.0,0.5,,,,,,0.0,0.0,0.0,0.0,0.0,0.0,0.0,0.6666666666666666,0.3333333333333333,0.6666666666666666,0.0,0.0,0.0,0.0,0.0,0.3333333333333333,0.3333333333333333,0.0,0.0,0.0,0.0,0.0,0.0,0.3333333333333333,0.3333333333333333,0.0,2.3333333333333335,1.3333333333333333,0.0
003023,Owen Grant,RED,Redwoods,3,D,Defense,2025-08-08,2026-08-09,2.0,1.0,1.0,0.0,1.0,1.0,3.0,2,2.0,0.0,0.0,0.0,0.0,0.0,4.0,1.0,5.0,0,0,0,0.0,0.0,1.0,1.0,1.0,23.0,19.0,0.3333333333333333,0.6666666666666666,,,,,1.0,0.0,0.6666666666666666,0.3333333333333333,0.3333333333333333,0.0,0.3333333333333333,0.3333333333333333,1.0,0.6666666666666666,0.6666666666666666,0.0,0.0,0.0,0.0,0.0,1.3333333333333333,0.3333333333333333,1.6666666666666667,0.0,0.0,0.0,0.0,0.0,0.3333333333333333,0.3333333333333333,0.3333333333333333,7.666666666666667,6.333333333333333,0.3333333333333333
003023,Owen Grant,WAT,Waterdogs,4,D,Defense,2025-06-13,2026-06-07,4.0,2.0,0.0,1.0,1.0,2.0,6.0,3,5.0,0.0,0.0,0.0,0.0,0.0,5.0,1.0,5.0,0,0,0,0.0,0.0,0.0,0.0,3.0,38.0,31.0,0.16666666666666666,0.5,,,,,0.6666666666666666,0.2,1.0,0.5,0.0,0.25,0.25,0.5,1.5,0.75,1.25,0.0,0.0,0.0,0.0,0.0,1.25,0.25,1.25,0.0,0.0,0.0,0.0,0.0,0.0,0.0,0.75,9.5,7.75,0.75
003023,Owen Grant,WHP,Whipsnakes,5,LSM,Long Stick Midfield,2023-06-17,2026-08-07,0.0,0.0,0.0,0.0,0.0,0.0,4.0,1,3.0,0.0,0.0,0.0,0.0,0.0,6.0,0.0,5.0,0,0,0,0.0,0.0,3.0,3.0,0.0,32.0,28.0,0.0,0.25,,,,,,0.0,0.0,0.0,0.0,0.0,0.0,0.0,0.8,0.2,0.6,0.0,0.0,0.0,0.0,0.0,1.2,0.0,1.0,0.0,0.0,0.0,0.0,0.0,0.6,0.6,0.0,6.4,5.6,0.0
003024,Brian Tevlin,ARC,Archers,7,SSDM,Defensive Midfield,2023-07-15,2026-06-20,2.0,0.0,0.0,0.0,0.0,2.0,7.0,2,1.0,0.0,0.0,0.0,0.0,0.0,19.0,1.0,7.0,1,4,5,0.0,0.0,4.0,3.0,3.0,66.0,58.0,0.0,0.2857142857142857,0.2,,,,0.6666666666666666,0.0,0.2857142857142857,0.0,0.0,0.0,0.0,0.2857142857142857,1.0,0.2857142857142857,0.14285714285714285,0.0,0.0,0.0,0.0,0.0,2.7142857142857144,0.14285714285714285,1.0,0.14285714285714285,0.5714285714285714,0.7142857142857143,0.0,0.0,0.5714285714285714,0.42857142857142855,0.42857142857142855,9.428571428571429,8.285714285714286,0.42857142857142855
003024,Brian Tevlin,ATL,Atlas,5,SSDM,Defensive Midfield,2023-08-26,2026-08-02,6.0,4.0,4.0,0.0,4.0,2.0,8.0,5,1.0,0.0,0.0,0.0,0.0,0.0,10.0,6.0,5.0,2,2,4,0.0,0.0,2.0,1.5,2.0,52.0,38.0,0.5,0.625,0.5,,,,1.0,0.0,1.2,0.8,0.8,0.0,0.8,0.4,1.6,1.0,0.2,0.0,0.0,0.0,0.0,0.0,2.0,1.2,1.0,0.4,0.4,0.8,0.0,0.0,0.4,0.3,0.4,10.4,7.6,0.4
003024,Brian Tevlin,CAN,Cannons,6,SSDM,Defensive Midfield,2023-07-30,2026-08-09,5.0,5.0,5.0,0.0,5.0,0.0,13.0,7,1.0,0.0,0.0,0.0,0.0,0.0,14.0,1.0,11.0,1,2,3,0.0,0.0,1.0,0.5,4.0,69.0,55.0,0.38461538461538464,0.5384615384615384,0.3333333333333333,,,,0.0,0.0,0.8333333333333334,0.8333333333333334,0.8333333333333334,0.0,0.8333333333333334,0.0,2.1666666666666665,1.1666666666666667,0.16666666666666666,0.0,0.0,0.0,0.0,0.0,2.3333333333333335,0.16666666666666666,1.8333333333333333,0.16666666666666666,0.3333333333333333,0.5,0.0,0.0,0.16666666666666666,0.08333333333333333,0.6666666666666666,11.5,9.166666666666666,0.6666666666666666
003024,Brian Tevlin,CHA,Chaos,8,SSDM,Defensive Midfield,2023-07-09,2026-07-31,2.0,0.0,0.0,0.0,0.0,2.0,8.0,3,2.0,0.0,0.0,0.0,0.0,0.0,17.0,2.0,6.0,0,3,3,0.0,0.0,0.0,0.0,7.0,86.0,76.0,0.0,0.375,0.0,,,,0.2857142857142857,0.0,0.25,0.0,0.0,0.0,0.0,0.25,1.0,0.375,0.25,0.0,0.0,0.0,0.0,0.0,2.125,0.25,0.75,0.0,0.375,0.375,0.0,0.0,0.0,0.0,0.875,10.75,9.5,0.875
003024,Brian Tevlin,OUT,Outlaws,5,SSDM,Defensive Midfield,2023-08-20,2026-05-16,2.0,2.0,2.0,0.0,2.0,0.0,6.0,4,2.0,0.0,0.0,0.0,0.0,0.0,12.0,6.0,3.0,0,0,0,0.0,0.0,0.0,0.0,2.0,67.0,55.0,0.3333333333333333,0.6666666666666666,,,,,0.0,0.0,0.4,0.4,0.4,0.0,0.4,0.0,1.2,0.8,0.4,0.0,0.0,0.0,0.0,0.0,2.4,1.2,0.6,0.0,0.0,0.0,0.0,0.0,0.0,0.0,0.4,13.4,11.0,0.4
003024,Brian Tevlin,WAT,Waterdogs,3,SSDM,Defensive Midfield,2024-08-10,2026-07-10,2.0,1.0,1.0,0.0,1.0,1.0,5.0,1,1.0,0.0,0.0,0.0,0.0,0.0,9.0,2.0,3.0,0,1,1,0.0,0.0,2.0,1.5,2.0,39.0,32.0,0.2,0.2,0.0,,,,0.5,0.0,0.6666666666666666,0.3333333333333333,0.3333333333333333,0.0,0.3333333333333333,0.3333333333333333,1.6666666666666667,0.3333333333333333,0.3333333333333333,0.0,0.0,0.0,0.0,0.0,3.0,0.6666666666666666,1.0,0.0,0.3333333333333333,0.3333333333333333,0.0,0.0,0.6666666666666666,0.5,0.6666666666666666,13.0,10.666666666666666,0.6666666666666666
003024,Brian Tevlin,WHP,Whipsnakes,4,SSDM,Defensive Midfield,2023-06-17,2026-07-17,1.0,0.0,0.0,0.0,0.0,1.0,4.0,2,1.0,0.0,0.0,0.0,0.0,0.0,8.0,1.0,3.0,0,2,2,0.0,0.0,0.0,0.0,3.0,38.0,33.0,0.0,0.5,0.0,,,,0.3333333333333333,0.0,0.25,0.0,0.0,0.0,0.0,0.25,1.0,0.5,0.25,0.0,0.0,0.0,0.0,0.0,2.0,0.25,0.75,0.0,0.5,0.5,0.0,0.0,0.0,0.0,0.75,9.5,8.25,0.75
003025,Cole Kirst,ARC,Archers,1,M,Midfield,2024-08-17,2024-08-17,0.0,0.0,0.0,0.0,0.0,0.0,2.0,2,0.0,0.0,0.0,0.0,0.0,0.0,1.0,1.0,0.0,0,0,0,0.0,0.0,0.0,0.0,0.0,18.0,15.0,0.0,1.0,,,,,,,0.0,0.0,0.0,0.0,0.0,0.0,2.0,2.0,0.0,0.0,0.0,0.0,0.0,0.0,1.0,1.0,0.0,0.0,0.0,0.0,0.0,0.0,0.0,0.0,0.0,18.0,15.0,0.0
003025,Cole Kirst,ATL,Atlas,3,M,Midfield,2023-08-26,2025-07-18,7.0,3.0,3.0,0.0,3.0,4.0,7.0,5,0.0,0.0,0.0,0.0,0.0,0.0,1.0,1.0,0.0,0,0,0,0.0,0.0,1.0,1.0,6.0,52.0,44.0,0.42857142857142855,0.7142857142857143,,,,,0.6666666666666666,,2.3333333333333335,1.0,1.0,0.0,1.0,1.3333333333333333,2.3333333333333335,1.6666666666666667,0.0,0.0,0.0,0.0,0.0,0.0,0.3333333333333333,0.3333333333333333,0.0,0.0,0.0,0.0,0.0,0.0,0.3333333333333333,0.3333333333333333,2.0,17.333333333333332,14.666666666666666,2.0
003025,Cole Kirst,CAN,Cannons,2,M,Midfield,2023-07-30,2023-08-13,6.0,5.0,5.0,0.0,5.0,1.0,10.0,9,0.0,0.0,0.0,0.0,0.0,0.0,4.0,1.0,0.0,0,0,0,0.0,0.0,0.0,0.0,5.0,46.0,35.0,0.5,0.9,,,,,0.2,,3.0,2.5,2.5,0.0,2.5,0.5,5.0,4.5,0.0,0.0,0.0,0.0,0.0,0.0,2.0,0.5,0.0,0.0,0.0,0.0,0.0,0.0,0.0,0.0,2.5,23.0,17.5,2.5
003025,Cole Kirst,CHA,Chaos,3,M,Midfield,2023-08-06,2024-07-27,6.0,5.0,5.0,0.0,5.0,1.0,19.0,15,0.0,0.0,0.0,0.0,0.0,0.0,3.0,4.0,0.0,0,0,0,0.0,0.0,0.0,0.0,3.0,56.0,33.0,0.2631578947368421,0.7894736842105263,,,,,0.3333333333333333,,2.0,1.6666666666666667,1.6666666666666667,0.0,1.6666666666666667,0.3333333333333333,6.333333333333333,5.0,0.0,0.0,0.0,0.0,0.0,0.0,1.0,1.3333333333333333,0.0,0.0,0.0,0.0,0.0,0.0,0.0,0.0,1.0,18.666666666666668,11.0,1.0
003025,Cole Kirst,OUT,Outlaws,2,M,Midfield,2023-08-20,2024-08-03,2.0,0.0,0.0,0.0,0.0,2.0,4.0,2,0.0,0.0,0.0,0.0,0.0,0.0,3.0,0.0,0.0,0,0,0,0.0,0.0,0.0,0.0,5.0,32.0,28.0,0.0,0.5,,,,,0.4,,1.0,0.0,0.0,0.0,0.0,1.0,2.0,1.0,0.0,0.0,0.0,0.0,0.0,0.0,1.5,0.0,0.0,0.0,0.0,0.0,0.0,0.0,0.0,0.0,2.5,16.0,14.0,2.5
003025,Cole Kirst,WAT,Waterdogs,2,M,Midfield,2023-06-10,2024-08-10,3.0,2.0,2.0,0.0,2.0,1.0,6.0,5,1.0,0.0,0.0,0.0,0.0,0.0,1.0,0.0,0.0,0,0,0,0.0,0.0,0.0,0.0,4.0,33.0,27.0,0.3333333333333333,0.8333333333333334,,,,,0.25,0.0,1.5,1.0,1.0,0.0,1.0,0.5,3.0,2.5,0.5,0.0,0.0,0.0,0.0,0.0,0.5,0.0,0.0,0.0,0.0,0.0,0.0,0.0,0.0,0.0,2.0,16.5,13.5,2.0
003025,Cole Kirst,WHP,Whipsnakes,2,M,Midfield,2023-06-17,2024-07-28,3.0,3.0,3.0,0.0,3.0,0.0,8.0,6,1.0,0.0,0.0,0.0,0.0,0.0,1.0,2.0,0.0,0,0,0,0.0,0.0,0.0,0.0,2.0,27.0,17.0,0.375,0.75,,,,,0.0,0.0,1.5,1.5,1.5,0.0,1.5,0.0,4.0,3.0,0.5,0.0,0.0,0.0,0.0,0.0,0.5,1.0,0.0,0.0,0.0,0.0,0.0,0.0,0.0,0.0,1.0,13.5,8.5,1.0
003027,Thomas McConvey,ARC,Archers,3,M,Midfield,2023-07-30,2025-07-12,4.0,2.0,2.0,0.0,2.0,2.0,5.0,4,0.0,0.0,0.0,0.0,0.0,0.0,1.0,0.0,1.0,0,0,0,0.0,0.0,0.0,0.0,3.0,33.0,28.0,0.4,0.8,,,,,0.6666666666666666,,1.3333333333333333,0.6666666666666666,0.6666666666666666,0.0,0.6666666666666666,0.6666666666666666,1.6666666666666667,1.3333333333333333,0.0,0.0,0.0,0.0,0.0,0.0,0.3333333333333333,0.0,0.3333333333333333,0.0,0.0,0.0,0.0,0.0,0.0,0.0,1.0,11.0,9.333333333333334,1.0
003027,Thomas McConvey,ATL,Atlas,2,M,Midfield,2025-06-21,2025-08-09,1.0,1.0,1.0,0.0,1.0,0.0,7.0,6,1.0,0.0,0.0,0.0,0.0,0.0,4.0,1.0,0.0,0,0,0,0.0,0.0,0.0,0.0,2.0,40.0,32.0,0.14285714285714285,0.8571428571428571,,,,,0.0,0.0,0.5,0.5,0.5,0.0,0.5,0.0,3.5,3.0,0.5,0.0,0.0,0.0,0.0,0.0,2.0,0.5,0.0,0.0,0.0,0.0,0.0,0.0,0.0,0.0,1.0,20.0,16.0,1.0
003027,Thomas McConvey,CAN,Cannons,6,M,Midfield,2023-08-06,2026-06-07,7.0,5.0,5.0,0.0,5.0,2.0,17.0,8,0.0,0.0,0.0,0.0,0.0,0.0,2.0,1.0,1.0,0,0,0,0.0,0.0,0.0,0.0,11.0,92.0,74.0,0.29411764705882354,0.47058823529411764,,,,,0.18181818181818182,,1.1666666666666667,0.8333333333333334,0.8333333333333334,0.0,0.8333333333333334,0.3333333333333333,2.8333333333333335,1.3333333333333333,0.0,0.0,0.0,0.0,0.0,0.0,0.3333333333333333,0.16666666666666666,0.16666666666666666,0.0,0.0,0.0,0.0,0.0,0.0,0.0,1.8333333333333333,15.333333333333334,12.333333333333334,1.8333333333333333
003027,Thomas McConvey,CHA,Chaos,2,M,Midfield,2025-07-26,2026-05-31,1.0,1.0,1.0,0.0,1.0,0.0,4.0,3,0.0,0.0,0.0,0.0,0.0,0.0,0.0,0.0,0.0,0,0,0,0.0,0.0,0.0,0.0,1.0,26.0,22.0,0.25,0.75,,,,,0.0,,0.5,0.5,0.5,0.0,0.5,0.0,2.0,1.5,0.0,0.0,0.0,0.0,0.0,0.0,0.0,0.0,0.0,0.0,0.0,0.0,0.0,0.0,0.0,0.0,0.5,13.0,11.0,0.5
003027,Thomas McConvey,OUT,Outlaws,2,M,Midfield,2023-07-08,2025-06-14,3.0,2.0,2.0,0.0,2.0,1.0,6.0,4,0.0,0.0,0.0,0.0,0.0,0.0,2.0,3.0,1.0,0,0,0,0.0,0.0,0.0,0.0,3.0,35.0,26.0,0.3333333333333333,0.6666666666666666,,,,,0.3333333333333333,,1.5,1.0,1.0,0.0,1.0,0.5,3.0,2.0,0.0,0.0,0.0,0.0,0.0,0.0,1.0,1.5,0.5,0.0,0.0,0.0,0.0,0.0,0.0,0.0,1.5,17.5,13.0,1.5
003027,Thomas McConvey,RED,Redwoods,1,M,Midfield,2025-06-28,2025-06-28,2.0,2.0,2.0,0.0,2.0,0.0,4.0,2,0.0,0.0,0.0,0.0,0.0,0.0,1.0,1.0,0.0,0,0,0,0.0,0.0,0.0,0.0,1.0,23.0,18.0,0.5,0.5,,,,,0.0,,2.0,2.0,2.0,0.0,2.0,0.0,4.0,2.0,0.0,0.0,0.0,0.0,0.0,0.0,1.0,1.0,0.0,0.0,0.0,0.0,0.0,0.0,0.0,0.0,1.0,23.0,18.0,1.0
003027,Thomas McConvey,WHP,Whipsnakes,4,M,Midfield,2023-07-14,2026-05-09,8.0,7.0,7.0,0.0,7.0,1.0,10.0,9,0.0,0.0,0.0,0.0,0.0,0.0,3.0,3.0,1.0,0,0,0,0.0,0.0,0.0,0.0,5.0,71.0,58.0,0.7,0.9,,,,,0.2,,2.0,1.75,1.75,0.0,1.75,0.25,2.5,2.25,0.0,0.0,0.0,0.0,0.0,0.0,0.75,0.75,0.25,0.0,0.0,0.0,0.0,0.0,0.0,0.0,1.25,17.75,14.5,1.25
003028,Alex Mazzone,ARC,Archers,3,LSM,Long Stick Midfield,2023-07-30,2025-05-31,0.0,0.0,0.0,0.0,0.0,0.0,2.0,0,2.0,0.0,0.0,0.0,0.0,0.0,5.0,3.0,0.0,0,0,0,0.0,0.0,0.0,0.0,1.0,18.0,13.0,0.0,0.0,,,,,0.0,0.0,0.0,0.0,0.0,0.0,0.0,0.0,0.6666666666666666,0.0,0.6666666666666666,0.0,0.0,0.0,0.0,0.0,1.6666666666666667,1.0,0.0,0.0,0.0,0.0,0.0,0.0,0.0,0.0,0.3333333333333333,6.0,4.333333333333333,0.3333333333333333
003028,Alex Mazzone,ATL,Atlas,2,LSM,Long Stick Midfield,2025-06-14,2025-07-26,0.0,0.0,0.0,0.0,0.0,0.0,1.0,1,1.0,0.0,0.0,0.0,0.0,0.0,2.0,0.0,1.0,0,0,0,0.0,0.0,0.0,0.0,0.0,3.0,2.0,0.0,1.0,,,,,,0.0,0.0,0.0,0.0,0.0,0.0,0.0,0.5,0.5,0.5,0.0,0.0,0.0,0.0,0.0,1.0,0.0,0.5,0.0,0.0,0.0,0.0,0.0,0.0,0.0,0.0,1.5,1.0,0.0
003028,Alex Mazzone,CAN,Cannons,3,LSM,Long Stick Midfield,2023-08-06,2025-06-21,0.0,0.0,0.0,0.0,0.0,0.0,1.0,0,0.0,0.0,0.0,0.0,0.0,0.0,3.0,0.0,1.0,0,0,0,0.0,0.0,0.0,0.0,0.0,8.0,7.0,0.0,0.0,,,,,,,0.0,0.0,0.0,0.0,0.0,0.0,0.3333333333333333,0.0,0.0,0.0,0.0,0.0,0.0,0.0,1.0,0.0,0.3333333333333333,0.0,0.0,0.0,0.0,0.0,0.0,0.0,0.0,2.6666666666666665,2.3333333333333335,0.0
003028,Alex Mazzone,CHA,Chaos,2,LSM,Long Stick Midfield,2023-06-04,2024-07-20,0.0,0.0,0.0,0.0,0.0,0.0,0.0,0,0.0,0.0,0.0,0.0,0.0,0.0,4.0,0.0,2.0,0,0,0,0.0,0.0,0.0,0.0,1.0,9.0,9.0,,,,,,,0.0,,0.0,0.0,0.0,0.0,0.0,0.0,0.0,0.0,0.0,0.0,0.0,0.0,0.0,0.0,2.0,0.0,1.0,0.0,0.0,0.0,0.0,0.0,0.0,0.0,0.5,4.5,4.5,0.5
003028,Alex Mazzone,OUT,Outlaws,3,LSM,Long Stick Midfield,2023-07-08,2025-07-13,0.0,0.0,0.0,0.0,0.0,0.0,0.0,0,0.0,0.0,0.0,0.0,0.0,0.0,8.0,1.0,2.0,0,0,0,0.0,0.0,0.0,0.0,1.0,11.0,10.0,,,,,,,0.0,,0.0,0.0,0.0,0.0,0.0,0.0,0.0,0.0,0.0,0.0,0.0,0.0,0.0,0.0,2.6666666666666665,0.3333333333333333,0.6666666666666666,0.0,0.0,0.0,0.0,0.0,0.0,0.0,0.3333333333333333,3.6666666666666665,3.3333333333333335,0.3333333333333333
003028,Alex Mazzone,RED,Redwoods,2,LSM,Long Stick Midfield,2023-06-10,2024-07-28,0.0,0.0,0.0,0.0,0.0,0.0,0.0,0,0.0,0.0,0.0,0.0,0.0,0.0,4.0,0.0,0.0,0,0,0,0.0,0.0,0.0,0.0,0.0,8.0,8.0,,,,,,,,,0.0,0.0,0.0,0.0,0.0,0.0,0.0,0.0,0.0,0.0,0.0,0.0,0.0,0.0,2.0,0.0,0.0,0.0,0.0,0.0,0.0,0.0,0.0,0.0,0.0,4.0,4.0,0.0
003028,Alex Mazzone,WAT,Waterdogs,1,LSM,Long Stick Midfield,2024-08-03,2024-08-03,0.0,0.0,0.0,0.0,0.0,0.0,1.0,0,1.0,0.0,0.0,0.0,0.0,0.0,3.0,0.0,0.0,0,0,0,0.0,0.0,0.0,0.0,0.0,6.0,5.0,0.0,0.0,,,,,,0.0,0.0,0.0,0.0,0.0,0.0,0.0,1.0,0.0,1.0,0.0,0.0,0.0,0.0,0.0,3.0,0.0,0.0,0.0,0.0,0.0,0.0,0.0,0.0,0.0,0.0,6.0,5.0,0.0
003028,Alex Mazzone,WHP,Whipsnakes,1,LSM,Long Stick Midfield,2023-07-14,2023-07-14,0.0,0.0,0.0,0.0,0.0,0.0,0.0,0,0.0,0.0,0.0,0.0,0.0,0.0,4.0,0.0,1.0,0,0,0,0.0,0.0,0.0,0.0,2.0,8.0,8.0,,,,,,,0.0,,0.0,0.0,0.0,0.0,0.0,0.0,0.0,0.0,0.0,0.0,0.0,0.0,0.0,0.0,4.0,0.0,1.0,0.0,0.0,0.0,0.0,0.0,0.0,0.0,2.0,8.0,8.0,2.0
003029,Chris Fake,ARC,Archers,5,D,Defense,2024-07-20,2026-05-09,0.0,0.0,0.0,0.0,0.0,0.0,4.0,3,4.0,0.0,0.0,0.0,0.0,0.0,3.0,3.0,2.0,0,0,0,0.0,0.0,0.0,0.0,1.0,38.0,31.0,0.0,0.75,,,,,0.0,0.0,0.0,0.0,0.0,0.0,0.0,0.0,0.8,0.6,0.8,0.0,0.0,0.0,0.0,0.0,0.6,0.6,0.4,0.0,0.0,0.0,0.0,0.0,0.0,0.0,0.2,7.6,6.2,0.2
003029,Chris Fake,ATL,Atlas,5,D,Defense,2023-06-16,2026-08-02,0.0,0.0,0.0,0.0,0.0,0.0,1.0,0,0.0,0.0,0.0,0.0,0.0,0.0,7.0,3.0,4.0,0,0,0,0.0,0.0,1.0,1.0,0.0,24.0,20.0,0.0,0.0,,,,,,,0.0,0.0,0.0,0.0,0.0,0.0,0.2,0.0,0.0,0.0,0.0,0.0,0.0,0.0,1.4,0.6,0.8,0.0,0.0,0.0,0.0,0.0,0.2,0.2,0.0,4.8,4.0,0.0
003029,Chris Fake,CAN,Cannons,3,D,Defense,2024-07-05,2026-08-09,0.0,0.0,0.0,0.0,0.0,0.0,0.0,0,0.0,0.0,0.0,0.0,0.0,0.0,4.0,1.0,0.0,0,0,0,0.0,0.0,0.0,0.0,0.0,16.0,15.0,,,,,,,,,0.0,0.0,0.0,0.0,0.0,0.0,0.0,0.0,0.0,0.0,0.0,0.0,0.0,0.0,1.3333333333333333,0.3333333333333333,0.0,0.0,0.0,0.0,0.0,0.0,0.0,0.0,0.0,5.333333333333333,5.0,0.0
003029,Chris Fake,CHA,Chaos,5,D,Defense,2024-06-07,2026-07-31,0.0,0.0,0.0,0.0,0.0,0.0,3.0,0,3.0,0.0,0.0,0.0,0.0,0.0,10.0,1.0,3.0,0,0,0,0.0,0.0,0.0,0.0,1.0,54.0,50.0,0.0,0.0,,,,,0.0,0.0,0.0,0.0,0.0,0.0,0.0,0.0,0.6,0.0,0.6,0.0,0.0,0.0,0.0,0.0,2.0,0.2,0.6,0.0,0.0,0.0,0.0,0.0,0.0,0.0,0.2,10.8,10.0,0.2
003029,Chris Fake,OUT,Outlaws,5,D,Defense,2024-06-29,2026-05-16,0.0,0.0,0.0,0.0,0.0,0.0,0.0,0,0.0,0.0,0.0,0.0,0.0,0.0,7.0,1.0,3.0,0,0,0,0.0,0.0,1.0,1.0,3.0,33.0,32.0,,,,,,,0.0,,0.0,0.0,0.0,0.0,0.0,0.0,0.0,0.0,0.0,0.0,0.0,0.0,0.0,0.0,1.4,0.2,0.6,0.0,0.0,0.0,0.0,0.0,0.2,0.2,0.6,6.6,6.4,0.6
003029,Chris Fake,WAT,Waterdogs,2,D,Defense,2024-08-10,2025-06-28,0.0,0.0,0.0,0.0,0.0,0.0,0.0,0,0.0,0.0,0.0,0.0,0.0,0.0,2.0,0.0,0.0,0,0,0,0.0,0.0,1.0,2.0,1.0,12.0,12.0,,,,,,,0.0,,0.0,0.0,0.0,0.0,0.0,0.0,0.0,0.0,0.0,0.0,0.0,0.0,0.0,0.0,1.0,0.0,0.0,0.0,0.0,0.0,0.0,0.0,0.5,1.0,0.5,6.0,6.0,0.5
003029,Chris Fake,WHP,Whipsnakes,3,D,Defense,2024-07-28,2026-07-17,2.0,2.0,0.0,1.0,1.0,0.0,1.0,1,1.0,0.0,0.0,0.0,0.0,0.0,3.0,2.0,0.0,0,0,0,0.0,0.0,0.0,0.0,0.0,20.0,17.0,1.0,1.0,,,,,,1.0,0.6666666666666666,0.6666666666666666,0.0,0.3333333333333333,0.3333333333333333,0.0,0.3333333333333333,0.3333333333333333,0.3333333333333333,0.0,0.0,0.0,0.0,0.0,1.0,0.6666666666666666,0.0,0.0,0.0,0.0,0.0,0.0,0.0,0.0,0.0,6.666666666666667,5.666666666666667,0.0
003030,James Reilly,ATL,Atlas,1,FO,Faceoff,2023-06-16,2023-06-16,0.0,0.0,0.0,0.0,0.0,0.0,0.0,0,0.0,0.0,0.0,0.0,0.0,0.0,1.0,0.0,0.0,4,12,16,0.0,0.0,0.0,0.0,0.0,2.0,2.0,,,0.25,,,,,,0.0,0.0,0.0,0.0,0.0,0.0,0.0,0.0,0.0,0.0,0.0,0.0,0.0,0.0,1.0,0.0,0.0,4.0,12.0,16.0,0.0,0.0,0.0,0.0,0.0,2.0,2.0,0.0
003030,James Reilly,CAN,Cannons,1,FO,Faceoff,2024-08-17,2024-08-17,0.0,0.0,0.0,0.0,0.0,0.0,0.0,0,0.0,0.0,0.0,0.0,0.0,0.0,5.0,1.0,0.0,12,12,24,0.0,0.0,0.0,0.0,0.0,5.0,4.0,,,0.5,,,,,,0.0,0.0,0.0,0.0,0.0,0.0,0.0,0.0,0.0,0.0,0.0,0.0,0.0,0.0,5.0,1.0,0.0,12.0,12.0,24.0,0.0,0.0,0.0,0.0,0.0,5.0,4.0,0.0
003030,James Reilly,RED,Redwoods,1,FO,Faceoff,2023-06-10,2023-06-10,0.0,0.0,0.0,0.0,0.0,0.0,0.0,0,0.0,0.0,0.0,0.0,0.0,0.0,3.0,0.0,0.0,10,11,21,0.0,0.0,0.0,0.0,0.0,3.0,3.0,,,0.47619047619047616,,,,,,0.0,0.0,0.0,0.0,0.0,0.0,0.0,0.0,0.0,0.0,0.0,0.0,0.0,0.0,3.0,0.0,0.0,10.0,11.0,21.0,0.0,0.0,0.0,0.0,0.0,3.0,3.0,0.0
003031,Tucker Dordevic,ARC,Archers,2,M,Midfield,2023-07-09,2023-08-19,7.0,7.0,3.0,2.0,5.0,0.0,14.0,9,4.0,0.0,0.0,0.0,0.0,0.0,2.0,1.0,0.0,0,0,0,0.0,0.0,0.0,0.0,4.0,49.0,34.0,0.35714285714285715,0.6428571428571429,,,,,0.0,0.5,3.5,3.5,1.5,1.0,2.5,0.0,7.0,4.5,2.0,0.0,0.0,0.0,0.0,0.0,1.0,0.5,0.0,0.0,0.0,0.0,0.0,0.0,0.0,0.0,2.0,24.5,17.0,2.0
003031,Tucker Dordevic,ATL,Atlas,1,M,Midfield,2023-06-10,2023-06-10,4.0,4.0,2.0,1.0,3.0,0.0,9.0,7,2.0,0.0,0.0,0.0,0.0,0.0,0.0,0.0,0.0,0,0,0,0.0,0.0,0.0,0.0,1.0,29.0,20.0,0.3333333333333333,0.7777777777777778,,,,,0.0,0.5,4.0,4.0,2.0,1.0,3.0,0.0,9.0,7.0,2.0,0.0,0.0,0.0,0.0,0.0,0.0,0.0,0.0,0.0,0.0,0.0,0.0,0.0,0.0,0.0,1.0,29.0,20.0,1.0
003031,Tucker Dordevic,CAN,Cannons,2,M,Midfield,2023-08-26,2024-08-04,3.0,3.0,3.0,0.0,3.0,0.0,7.0,5,1.0,0.0,0.0,0.0,0.0,0.0,2.0,2.0,0.0,0,0,0,0.0,0.0,0.0,0.0,1.0,32.0,23.0,0.42857142857142855,0.7142857142857143,,,,,0.0,0.0,1.5,1.5,1.5,0.0,1.5,0.0,3.5,2.5,0.5,0.0,0.0,0.0,0.0,0.0,1.0,1.0,0.0,0.0,0.0,0.0,0.0,0.0,0.0,0.0,0.5,16.0,11.5,0.5
003031,Tucker Dordevic,CHA,Chaos,3,M,Midfield,2023-07-30,2024-07-20,4.0,4.0,2.0,1.0,3.0,0.0,15.0,6,2.0,0.0,0.0,0.0,0.0,0.0,3.0,3.0,0.0,0,0,0,0.0,0.0,0.0,0.0,0.0,55.0,37.0,0.2,0.4,,,,,,0.5,1.3333333333333333,1.3333333333333333,0.6666666666666666,0.3333333333333333,1.0,0.0,5.0,2.0,0.6666666666666666,0.0,0.0,0.0,0.0,0.0,1.0,1.0,0.0,0.0,0.0,0.0,0.0,0.0,0.0,0.0,0.0,18.333333333333332,12.333333333333334,0.0
003031,Tucker Dordevic,OUT,Outlaws,2,M,Midfield,2023-06-04,2023-08-05,3.0,2.0,2.0,0.0,2.0,1.0,13.0,6,1.0,0.0,0.0,0.0,0.0,0.0,3.0,0.0,0.0,0,0,0,0.0,0.0,0.0,0.0,3.0,50.0,37.0,0.15384615384615385,0.46153846153846156,,,,,0.3333333333333333,0.0,1.5,1.0,1.0,0.0,1.0,0.5,6.5,3.0,0.5,0.0,0.0,0.0,0.0,0.0,1.5,0.0,0.0,0.0,0.0,0.0,0.0,0.0,0.0,0.0,1.5,25.0,18.5,1.5
003031,Tucker Dordevic,RED,Redwoods,2,M,Midfield,2023-06-17,2024-07-28,11.0,10.0,2.0,4.0,6.0,1.0,18.0,14,5.0,0.0,0.0,0.0,0.0,0.0,3.0,4.0,0.0,0,0,0,0.0,0.0,0.0,0.0,3.0,58.0,36.0,0.3333333333333333,0.7777777777777778,,,,,0.3333333333333333,0.8,5.5,5.0,1.0,2.0,3.0,0.5,9.0,7.0,2.5,0.0,0.0,0.0,0.0,0.0,1.5,2.0,0.0,0.0,0.0,0.0,0.0,0.0,0.0,0.0,1.5,29.0,18.0,1.5
003031,Tucker Dordevic,WAT,Waterdogs,2,M,Midfield,2023-07-14,2024-08-03,4.0,4.0,4.0,0.0,4.0,0.0,11.0,7,3.0,0.0,0.0,0.0,0.0,0.0,2.0,1.0,0.0,0,0,0,0.0,0.0,0.0,0.0,2.0,41.0,29.0,0.36363636363636365,0.6363636363636364,,,,,0.0,0.0,2.0,2.0,2.0,0.0,2.0,0.0,5.5,3.5,1.5,0.0,0.0,0.0,0.0,0.0,1.0,0.5,0.0,0.0,0.0,0.0,0.0,0.0,0.0,0.0,1.0,20.5,14.5,1.0
003032,Petey LaSalla,ARC,Archers,4,FO,Faceoff,2023-07-09,2026-07-25,0.0,0.0,0.0,0.0,0.0,0.0,3.0,2,0.0,0.0,0.0,0.0,0.0,0.0,15.0,1.0,0.0,29,42,72,0.0,0.0,0.0,0.0,3.0,16.0,12.0,0.0,0.6666666666666666,0.4027777777777778,,,,0.0,,0.0,0.0,0.0,0.0,0.0,0.0,0.75,0.5,0.0,0.0,0.0,0.0,0.0,0.0,3.75,0.25,0.0,7.25,10.5,18.0,0.0,0.0,0.0,0.0,0.75,4.0,3.0,0.75
003032,Petey LaSalla,ATL,Atlas,4,FO,Faceoff,2023-06-10,2026-06-21,5.0,5.0,5.0,0.0,5.0,0.0,7.0,6,0.0,0.0,0.0,0.0,0.0,0.0,28.0,6.0,1.0,47,55,102,0.0,0.0,0.0,0.0,2.0,35.0,22.0,0.7142857142857143,0.8571428571428571,0.46078431372549017,,,,0.0,,1.25,1.25,1.25,0.0,1.25,0.0,1.75,1.5,0.0,0.0,0.0,0.0,0.0,0.0,7.0,1.5,0.25,11.75,13.75,25.5,0.0,0.0,0.0,0.0,0.5,8.75,5.5,0.5
003032,Petey LaSalla,CAN,Cannons,3,FO,Faceoff,2023-08-26,2026-08-07,0.0,0.0,0.0,0.0,0.0,0.0,0.0,0,0.0,0.0,0.0,0.0,0.0,0.0,36.0,3.0,0.0,51,31,82,0.0,0.0,0.0,0.0,1.0,33.0,30.0,,,0.6219512195121951,,,,0.0,,0.0,0.0,0.0,0.0,0.0,0.0,0.0,0.0,0.0,0.0,0.0,0.0,0.0,0.0,12.0,1.0,0.0,17.0,10.333333333333334,27.333333333333332,0.0,0.0,0.0,0.0,0.3333333333333333,11.0,10.0,0.3333333333333333
003032,Petey LaSalla,CHA,Chaos,3,FO,Faceoff,2023-07-30,2026-07-12,3.0,3.0,3.0,0.0,3.0,0.0,5.0,4,0.0,0.0,0.0,0.0,0.0,0.0,23.0,2.0,1.0,41,42,85,0.0,0.0,0.0,0.0,3.0,23.0,16.0,0.6,0.8,0.4823529411764706,,,,0.0,,1.0,1.0,1.0,0.0,1.0,0.0,1.6666666666666667,1.3333333333333333,0.0,0.0,0.0,0.0,0.0,0.0,7.666666666666667,0.6666666666666666,0.3333333333333333,13.666666666666666,14.0,28.333333333333332,0.0,0.0,0.0,0.0,1.0,7.666666666666667,5.333333333333333,1.0
003032,Petey LaSalla,OUT,Outlaws,3,FO,Faceoff,2023-06-04,2026-06-27,0.0,0.0,0.0,0.0,0.0,0.0,1.0,0,1.0,0.0,0.0,0.0,0.0,0.0,31.0,5.0,0.0,46,20,66,0.0,0.0,0.0,0.0,2.0,30.0,24.0,0.0,0.0,0.696969696969697,,,,0.0,0.0,0.0,0.0,0.0,0.0,0.0,0.0,0.3333333333333333,0.0,0.3333333333333333,0.0,0.0,0.0,0.0,0.0,10.333333333333334,1.6666666666666667,0.0,15.333333333333334,6.666666666666667,22.0,0.0,0.0,0.0,0.0,0.6666666666666666,10.0,8.0,0.6666666666666666
003032,Petey LaSalla,RED,Redwoods,2,FO,Faceoff,2023-06-17,2026-07-17,1.0,0.0,0.0,0.0,0.0,1.0,1.0,0,0.0,0.0,0.0,0.0,0.0,0.0,12.0,0.0,0.0,22,33,55,0.0,0.0,0.0,0.0,2.0,14.0,13.0,0.0,0.0,0.4,,,,0.5,,0.5,0.0,0.0,0.0,0.0,0.5,0.5,0.0,0.0,0.0,0.0,0.0,0.0,0.0,6.0,0.0,0.0,11.0,16.5,27.5,0.0,0.0,0.0,0.0,1.0,7.0,6.5,1.0
003032,Petey LaSalla,WAT,Waterdogs,2,FO,Faceoff,2023-07-14,2026-05-09,0.0,0.0,0.0,0.0,0.0,0.0,0.0,0,0.0,0.0,0.0,0.0,0.0,0.0,25.0,5.0,0.0,36,18,54,0.0,0.0,0.0,0.0,4.0,26.0,21.0,,,0.6666666666666666,,,,0.0,,0.0,0.0,0.0,0.0,0.0,0.0,0.0,0.0,0.0,0.0,0.0,0.0,0.0,0.0,12.5,2.5,0.0,18.0,9.0,27.0,0.0,0.0,0.0,0.0,2.0,13.0,10.5,2.0
003033,Garrett Leadmon,ARC,Archers,1,M,Midfield,2023-07-09,2023-07-09,0.0,0.0,0.0,0.0,0.0,0.0,2.0,0,1.0,0.0,0.0,0.0,0.0,0.0,0.0,3.0,0.0,0,0,0,0.0,0.0,0.0,0.0,0.0,10.0,5.0,0.0,0.0,,,,,,0.0,0.0,0.0,0.0,0.0,0.0,0.0,2.0,0.0,1.0,0.0,0.0,0.0,0.0,0.0,0.0,3.0,0.0,0.0,0.0,0.0,0.0,0.0,0.0,0.0,0.0,10.0,5.0,0.0
003033,Garrett Leadmon,ATL,Atlas,2,M,Midfield,2023-06-10,2024-06-02,2.0,2.0,0.0,1.0,1.0,0.0,7.0,4,2.0,0.0,0.0,0.0,0.0,0.0,0.0,1.0,0.0,0,0,0,0.0,0.0,0.0,0.0,4.0,30.0,22.0,0.14285714285714285,0.5714285714285714,,,,,0.0,0.5,1.0,1.0,0.0,0.5,0.5,0.0,3.5,2.0,1.0,0.0,0.0,0.0,0.0,0.0,0.0,0.5,0.0,0.0,0.0,0.0,0.0,0.0,0.0,0.0,2.0,15.0,11.0,2.0
003033,Garrett Leadmon,CAN,Cannons,1,M,Midfield,2024-06-08,2024-06-08,0.0,0.0,0.0,0.0,0.0,0.0,4.0,3,2.0,0.0,0.0,0.0,0.0,0.0,0.0,3.0,0.0,0,0,0,0.0,0.0,0.0,0.0,1.0,24.0,17.0,0.0,0.75,,,,,0.0,0.0,0.0,0.0,0.0,0.0,0.0,0.0,4.0,3.0,2.0,0.0,0.0,0.0,0.0,0.0,0.0,3.0,0.0,0.0,0.0,0.0,0.0,0.0,0.0,0.0,1.0,24.0,17.0,1.0
003033,Garrett Leadmon,OUT,Outlaws,1,M,Midfield,2023-06-04,2023-06-04,2.0,1.0,1.0,0.0,1.0,1.0,3.0,1,0.0,0.0,0.0,0.0,0.0,0.0,0.0,1.0,0.0,0,0,0,0.0,0.0,0.0,0.0,3.0,10.0,6.0,0.3333333333333333,0.3333333333333333,,,,,0.3333333333333333,,2.0,1.0,1.0,0.0,1.0,1.0,3.0,1.0,0.0,0.0,0.0,0.0,0.0,0.0,0.0,1.0,0.0,0.0,0.0,0.0,0.0,0.0,0.0,0.0,3.0,10.0,6.0,3.0
003033,Garrett Leadmon,RED,Redwoods,1,M,Midfield,2023-06-17,2023-06-17,1.0,1.0,1.0,0.0,1.0,0.0,4.0,3,0.0,0.0,0.0,0.0,0.0,0.0,1.0,0.0,0.0,0,0,0,0.0,0.0,0.0,0.0,2.0,15.0,11.0,0.25,0.75,,,,,0.0,,1.0,1.0,1.0,0.0,1.0,0.0,4.0,3.0,0.0,0.0,0.0,0.0,0.0,0.0,1.0,0.0,0.0,0.0,0.0,0.0,0.0,0.0,0.0,0.0,2.0,15.0,11.0,2.0
003033,Garrett Leadmon,WAT,Waterdogs,2,M,Midfield,2023-07-14,2024-06-16,0.0,0.0,0.0,0.0,0.0,0.0,5.0,3,0.0,0.0,0.0,0.0,0.0,0.0,3.0,1.0,0.0,0,0,0,0.0,0.0,0.0,0.0,2.0,21.0,15.0,0.0,0.6,,,,,0.0,,0.0,0.0,0.0,0.0,0.0,0.0,2.5,1.5,0.0,0.0,0.0,0.0,0.0,0.0,1.5,0.5,0.0,0.0,0.0,0.0,0.0,0.0,0.0,0.0,1.0,10.5,7.5,1.0
003039,Chet Comizio,ARC,Archers,3,SSDM,Defensive Midfield,2023-08-05,2025-06-28,1.0,0.0,0.0,0.0,0.0,1.0,1.0,0,0.0,0.0,0.0,0.0,0.0,0.0,6.0,3.0,2.0,0,0,0,0.0,0.0,0.0,0.0,1.0,28.0,24.0,0.0,0.0,,,,,1.0,,0.3333333333333333,0.0,0.0,0.0,0.0,0.3333333333333333,0.3333333333333333,0.0,0.0,0.0,0.0,0.0,0.0,0.0,2.0,1.0,0.6666666666666666,0.0,0.0,0.0,0.0,0.0,0.0,0.0,0.3333333333333333,9.333333333333334,8.0,0.3333333333333333
003039,Chet Comizio,CAN,Cannons,5,SSDM,Defensive Midfield,2023-08-19,2025-07-11,3.0,3.0,3.0,0.0,3.0,0.0,3.0,3,0.0,0.0,0.0,0.0,0.0,0.0,2.0,0.0,2.0,0,2,2,0.0,0.0,1.0,0.5,3.0,37.0,34.0,1.0,1.0,0.0,,,,0.0,,0.6,0.6,0.6,0.0,0.6,0.0,0.6,0.6,0.0,0.0,0.0,0.0,0.0,0.0,0.4,0.0,0.4,0.0,0.4,0.4,0.0,0.0,0.2,0.1,0.6,7.4,6.8,0.6
003039,Chet Comizio,CHA,Chaos,4,SSDM,Defensive Midfield,2023-07-16,2026-05-09,1.0,0.0,0.0,0.0,0.0,1.0,1.0,1,0.0,0.0,0.0,0.0,0.0,0.0,8.0,1.0,0.0,0,1,1,0.0,0.0,2.0,1.0,1.0,34.0,32.0,0.0,1.0,0.0,,,,1.0,,0.25,0.0,0.0,0.0,0.0,0.25,0.25,0.25,0.0,0.0,0.0,0.0,0.0,0.0,2.0,0.25,0.0,0.0,0.25,0.25,0.0,0.0,0.5,0.25,0.25,8.5,8.0,0.25
003039,Chet Comizio,OUT,Outlaws,3,SSDM,Defensive Midfield,2023-07-29,2025-08-02,0.0,0.0,0.0,0.0,0.0,0.0,2.0,1,0.0,0.0,0.0,0.0,0.0,0.0,1.0,1.0,1.0,0,0,0,0.0,0.0,1.0,0.5,0.0,20.0,17.0,0.0,0.5,,,,,,,0.0,0.0,0.0,0.0,0.0,0.0,0.6666666666666666,0.3333333333333333,0.0,0.0,0.0,0.0,0.0,0.0,0.3333333333333333,0.3333333333333333,0.3333333333333333,0.0,0.0,0.0,0.0,0.0,0.3333333333333333,0.16666666666666666,0.0,6.666666666666667,5.666666666666667,0.0
003039,Chet Comizio,RED,Redwoods,3,SSDM,Defensive Midfield,2023-08-26,2025-07-18,1.0,1.0,1.0,0.0,1.0,0.0,1.0,1,0.0,0.0,0.0,0.0,0.0,0.0,5.0,2.0,0.0,0,1,1,0.0,0.0,0.0,0.0,1.0,28.0,25.0,1.0,1.0,0.0,,,,0.0,,0.3333333333333333,0.3333333333333333,0.3333333333333333,0.0,0.3333333333333333,0.0,0.3333333333333333,0.3333333333333333,0.0,0.0,0.0,0.0,0.0,0.0,1.6666666666666667,0.6666666666666666,0.0,0.0,0.3333333333333333,0.3333333333333333,0.0,0.0,0.0,0.0,0.3333333333333333,9.333333333333334,8.333333333333334,0.3333333333333333
003039,Chet Comizio,WAT,Waterdogs,5,SSDM,Defensive Midfield,2023-08-12,2025-08-09,0.0,0.0,0.0,0.0,0.0,0.0,3.0,2,0.0,0.0,0.0,0.0,0.0,0.0,7.0,3.0,2.0,0,0,0,0.0,0.0,3.0,2.0,0.0,36.0,30.0,0.0,0.6666666666666666,,,,,,,0.0,0.0,0.0,0.0,0.0,0.0,0.6,0.4,0.0,0.0,0.0,0.0,0.0,0.0,1.4,0.6,0.4,0.0,0.0,0.0,0.0,0.0,0.6,0.4,0.0,7.2,6.0,0.0
003039,Chet Comizio,WHP,Whipsnakes,4,SSDM,Defensive Midfield,2023-06-10,2025-07-26,0.0,0.0,0.0,0.0,0.0,0.0,2.0,1,0.0,0.0,0.0,0.0,0.0,0.0,6.0,0.0,2.0,0,0,0,0.0,0.0,1.0,0.5,0.0,30.0,28.0,0.0,0.5,,,,,,,0.0,0.0,0.0,0.0,0.0,0.0,0.5,0.25,0.0,0.0,0.0,0.0,0.0,0.0,1.5,0.0,0.5,0.0,0.0,0.0,0.0,0.0,0.25,0.125,0.0,7.5,7.0,0.0
003041,Ethan Rall,ARC,Archers,3,LSM,Long Stick Midfield,2024-06-29,2026-08-01,0.0,0.0,0.0,0.0,0.0,0.0,0.0,0,0.0,0.0,0.0,0.0,0.0,0.0,9.0,1.0,5.0,0,0,0,0.0,0.0,1.0,0.5,0.0,14.0,13.0,,,,,,,,,0.0,0.0,0.0,0.0,0.0,0.0,0.0,0.0,0.0,0.0,0.0,0.0,0.0,0.0,3.0,0.3333333333333333,1.6666666666666667,0.0,0.0,0.0,0.0,0.0,0.3333333333333333,0.16666666666666666,0.0,4.666666666666667,4.333333333333333,0.0
003041,Ethan Rall,ATL,Atlas,8,LSM,Long Stick Midfield,2023-07-09,2026-07-19,1.0,1.0,1.0,0.0,1.0,0.0,7.0,5,3.0,0.0,0.0,0.0,0.0,0.0,22.0,3.0,9.0,1,27,28,0.0,0.0,2.0,2.0,5.0,40.0,30.0,0.14285714285714285,0.7142857142857143,0.03571428571428571,,,,0.0,0.0,0.125,0.125,0.125,0.0,0.125,0.0,0.875,0.625,0.375,0.0,0.0,0.0,0.0,0.0,2.75,0.375,1.125,0.125,3.375,3.5,0.0,0.0,0.25,0.25,0.625,5.0,3.75,0.625
003041,Ethan Rall,CHA,Chaos,5,LSM,Long Stick Midfield,2023-06-10,2026-07-25,1.0,1.0,1.0,0.0,1.0,0.0,4.0,3,2.0,0.0,0.0,0.0,0.0,0.0,23.0,4.0,9.0,0,1,1,0.0,0.0,0.0,0.0,1.0,26.0,18.0,0.25,0.75,0.0,,,,0.0,0.0,0.2,0.2,0.2,0.0,0.2,0.0,0.8,0.6,0.4,0.0,0.0,0.0,0.0,0.0,4.6,0.8,1.8,0.0,0.2,0.2,0.0,0.0,0.0,0.0,0.2,5.2,3.6,0.2
003041,Ethan Rall,OUT,Outlaws,5,LSM,Long Stick Midfield,2023-06-17,2026-07-11,0.0,0.0,0.0,0.0,0.0,0.0,1.0,1,0.0,0.0,0.0,0.0,0.0,0.0,20.0,2.0,8.0,3,12,15,0.0,0.0,0.0,0.0,1.0,33.0,30.0,0.0,1.0,0.2,,,,0.0,,0.0,0.0,0.0,0.0,0.0,0.0,0.2,0.2,0.0,0.0,0.0,0.0,0.0,0.0,4.0,0.4,1.6,0.6,2.4,3.0,0.0,0.0,0.0,0.0,0.2,6.6,6.0,0.2
003041,Ethan Rall,RED,Redwoods,6,LSM,Long Stick Midfield,2023-07-30,2026-08-09,0.0,0.0,0.0,0.0,0.0,0.0,1.0,1,0.0,0.0,0.0,0.0,0.0,0.0,22.0,2.0,11.0,2,34,36,0.0,0.0,0.0,0.0,1.0,36.0,33.0,0.0,1.0,0.05555555555555555,,,,0.0,,0.0,0.0,0.0,0.0,0.0,0.0,0.16666666666666666,0.16666666666666666,0.0,0.0,0.0,0.0,0.0,0.0,3.6666666666666665,0.3333333333333333,1.8333333333333333,0.3333333333333333,5.666666666666667,6.0,0.0,0.0,0.0,0.0,0.16666666666666666,6.0,5.5,0.16666666666666666
003041,Ethan Rall,WAT,Waterdogs,7,LSM,Long Stick Midfield,2023-08-06,2026-06-07,2.0,1.0,1.0,0.0,1.0,1.0,2.0,1,1.0,0.0,0.0,0.0,0.0,0.0,17.0,1.0,8.0,0,12,12,0.0,0.0,0.0,0.0,2.0,27.0,24.0,0.5,0.5,0.0,,,,0.5,0.0,0.2857142857142857,0.14285714285714285,0.14285714285714285,0.0,0.14285714285714285,0.14285714285714285,0.2857142857142857,0.14285714285714285,0.14285714285714285,0.0,0.0,0.0,0.0,0.0,2.4285714285714284,0.14285714285714285,1.1428571428571428,0.0,1.7142857142857142,1.7142857142857142,0.0,0.0,0.0,0.0,0.2857142857142857,3.857142857142857,3.4285714285714284,0.2857142857142857
003041,Ethan Rall,WHP,Whipsnakes,7,LSM,Long Stick Midfield,2023-08-26,2026-08-07,1.0,1.0,1.0,0.0,1.0,0.0,5.0,3,3.0,0.0,0.0,0.0,0.0,0.0,12.0,0.0,7.0,0,15,15,0.0,0.0,0.0,0.0,0.0,16.0,11.0,0.2,0.6,0.0,,,,,0.0,0.14285714285714285,0.14285714285714285,0.14285714285714285,0.0,0.14285714285714285,0.0,0.7142857142857143,0.42857142857142855,0.42857142857142855,0.0,0.0,0.0,0.0,0.0,1.7142857142857142,0.0,1.0,0.0,2.142857142857143,2.142857142857143,0.0,0.0,0.0,0.0,0.0,2.2857142857142856,1.5714285714285714,0.0
003045,Alex Simmons,ARC,Archers,1,A,Attack,2024-07-20,2024-07-20,0.0,0.0,0.0,0.0,0.0,0.0,1.0,0,0.0,0.0,0.0,0.0,0.0,0.0,1.0,1.0,0.0,0,0,0,0.0,0.0,0.0,0.0,0.0,14.0,12.0,0.0,0.0,,,,,,,0.0,0.0,0.0,0.0,0.0,0.0,1.0,0.0,0.0,0.0,0.0,0.0,0.0,0.0,1.0,1.0,0.0,0.0,0.0,0.0,0.0,0.0,0.0,0.0,0.0,14.0,12.0,0.0
003048,TJ Malone,ARC,Archers,4,A,Attack,2024-07-06,2026-07-25,11.0,9.0,9.0,0.0,9.0,2.0,33.0,23,0.0,0.0,0.0,0.0,0.0,0.0,3.0,7.0,1.0,0,0,0,0.0,0.0,0.0,0.0,16.0,154.0,114.0,0.2727272727272727,0.696969696969697,,,,,0.125,,2.75,2.25,2.25,0.0,2.25,0.5,8.25,5.75,0.0,0.0,0.0,0.0,0.0,0.0,0.75,1.75,0.25,0.0,0.0,0.0,0.0,0.0,0.0,0.0,4.0,38.5,28.5,4.0
003048,TJ Malone,ATL,Atlas,6,A,Attack,2024-06-02,2026-06-21,19.0,12.0,12.0,0.0,12.0,7.0,40.0,26,0.0,0.0,0.0,0.0,0.0,0.0,13.0,9.0,0.0,0,0,0,0.0,0.0,0.0,0.0,19.0,151.0,102.0,0.3,0.65,,,,,0.3684210526315789,,3.1666666666666665,2.0,2.0,0.0,2.0,1.1666666666666667,6.666666666666667,4.333333333333333,0.0,0.0,0.0,0.0,0.0,0.0,2.1666666666666665,1.5,0.0,0.0,0.0,0.0,0.0,0.0,0.0,0.0,3.1666666666666665,25.166666666666668,17.0,3.1666666666666665
003048,TJ Malone,CAN,Cannons,6,A,Attack,2024-06-08,2026-08-07,21.0,14.0,12.0,1.0,13.0,7.0,46.0,31,2.0,0.0,0.0,0.0,0.0,0.0,12.0,8.0,0.0,0,0,0,0.0,0.0,1.0,0.5,19.0,184.0,130.0,0.2826086956521739,0.6739130434782609,,,,,0.3684210526315789,0.5,3.5,2.3333333333333335,2.0,0.16666666666666666,2.1666666666666665,1.1666666666666667,7.666666666666667,5.166666666666667,0.3333333333333333,0.0,0.0,0.0,0.0,0.0,2.0,1.3333333333333333,0.0,0.0,0.0,0.0,0.0,0.0,0.16666666666666666,0.08333333333333333,3.1666666666666665,30.666666666666668,21.666666666666668,3.1666666666666665
003048,TJ Malone,CHA,Chaos,3,A,Attack,2024-07-20,2026-07-12,8.0,5.0,5.0,0.0,5.0,3.0,17.0,10,0.0,0.0,0.0,0.0,0.0,0.0,4.0,1.0,0.0,0,0,0,0.0,0.0,0.0,0.0,7.0,113.0,95.0,0.29411764705882354,0.5882352941176471,,,,,0.42857142857142855,,2.6666666666666665,1.6666666666666667,1.6666666666666667,0.0,1.6666666666666667,1.0,5.666666666666667,3.3333333333333335,0.0,0.0,0.0,0.0,0.0,0.0,1.3333333333333333,0.3333333333333333,0.0,0.0,0.0,0.0,0.0,0.0,0.0,0.0,2.3333333333333335,37.666666666666664,31.666666666666668,2.3333333333333335
003048,TJ Malone,OUT,Outlaws,4,A,Attack,2024-08-10,2026-08-01,9.0,6.0,6.0,0.0,6.0,3.0,23.0,15,1.0,0.0,0.0,0.0,0.0,0.0,5.0,7.0,3.0,0,0,0,0.0,0.0,0.0,0.0,10.0,128.0,98.0,0.2608695652173913,0.6521739130434783,,,,,0.3,0.0,2.25,1.5,1.5,0.0,1.5,0.75,5.75,3.75,0.25,0.0,0.0,0.0,0.0,0.0,1.25,1.75,0.75,0.0,0.0,0.0,0.0,0.0,0.0,0.0,2.5,32.0,24.5,2.5
003048,TJ Malone,RED,Redwoods,3,A,Attack,2024-07-28,2026-07-17,13.0,8.0,8.0,0.0,8.0,5.0,23.0,17,1.0,0.0,0.0,0.0,0.0,0.0,7.0,3.0,0.0,0,0,0,0.0,0.0,0.0,0.0,9.0,88.0,62.0,0.34782608695652173,0.7391304347826086,,,,,0.5555555555555556,0.0,4.333333333333333,2.6666666666666665,2.6666666666666665,0.0,2.6666666666666665,1.6666666666666667,7.666666666666667,5.666666666666667,0.3333333333333333,0.0,0.0,0.0,0.0,0.0,2.3333333333333335,1.0,0.0,0.0,0.0,0.0,0.0,0.0,0.0,0.0,3.0,29.333333333333332,20.666666666666668,3.0
003048,TJ Malone,WAT,Waterdogs,5,A,Attack,2024-06-16,2026-05-09,19.0,7.0,7.0,0.0,7.0,12.0,28.0,21,1.0,0.0,0.0,0.0,0.0,0.0,4.0,10.0,1.0,0,0,0,0.0,0.0,0.0,0.0,24.0,173.0,135.0,0.25,0.75,,,,,0.5,0.0,3.8,1.4,1.4,0.0,1.4,2.4,5.6,4.2,0.2,0.0,0.0,0.0,0.0,0.0,0.8,2.0,0.2,0.0,0.0,0.0,0.0,0.0,0.0,0.0,4.8,34.6,27.0,4.8
003049,John Geppert,CAN,Cannons,1,LSM,Long Stick Midfield,2023-08-19,2023-08-19,0.0,0.0,0.0,0.0,0.0,0.0,1.0,1,1.0,0.0,0.0,0.0,0.0,0.0,4.0,2.0,0.0,0,0,0,0.0,0.0,0.0,0.0,0.0,9.0,6.0,0.0,1.0,,,,,,0.0,0.0,0.0,0.0,0.0,0.0,0.0,1.0,1.0,1.0,0.0,0.0,0.0,0.0,0.0,4.0,2.0,0.0,0.0,0.0,0.0,0.0,0.0,0.0,0.0,0.0,9.0,6.0,0.0
003049,John Geppert,RED,Redwoods,1,LSM,Long Stick Midfield,2023-08-26,2023-08-26,0.0,0.0,0.0,0.0,0.0,0.0,0.0,0,0.0,0.0,0.0,0.0,0.0,0.0,1.0,0.0,1.0,0,0,0,0.0,0.0,0.0,0.0,0.0,2.0,2.0,,,,,,,,,0.0,0.0,0.0,0.0,0.0,0.0,0.0,0.0,0.0,0.0,0.0,0.0,0.0,0.0,1.0,0.0,1.0,0.0,0.0,0.0,0.0,0.0,0.0,0.0,0.0,2.0,2.0,0.0
003049,John Geppert,WAT,Waterdogs,1,LSM,Long Stick Midfield,2023-08-12,2023-08-12,0.0,0.0,0.0,0.0,0.0,0.0,0.0,0,0.0,0.0,0.0,0.0,0.0,0.0,2.0,0.0,3.0,0,1,1,0.0,0.0,0.0,0.0,0.0,2.0,2.0,,,0.0,,,,,,0.0,0.0,0.0,0.0,0.0,0.0,0.0,0.0,0.0,0.0,0.0,0.0,0.0,0.0,2.0,0.0,3.0,0.0,1.0,1.0,0.0,0.0,0.0,0.0,0.0,2.0,2.0,0.0
003052,Kyle Borda,ATL,Atlas,1,M,Midfield,2023-06-16,2023-06-16,0.0,0.0,0.0,0.0,0.0,0.0,2.0,2,0.0,0.0,0.0,0.0,0.0,0.0,0.0,0.0,0.0,0,0,0,0.0,0.0,0.0,0.0,0.0,8.0,6.0,0.0,1.0,,,,,,,0.0,0.0,0.0,0.0,0.0,0.0,2.0,2.0,0.0,0.0,0.0,0.0,0.0,0.0,0.0,0.0,0.0,0.0,0.0,0.0,0.0,0.0,0.0,0.0,0.0,8.0,6.0,0.0
003052,Kyle Borda,RED,Redwoods,1,M,Midfield,2023-06-10,2023-06-10,0.0,0.0,0.0,0.0,0.0,0.0,1.0,1,0.0,0.0,0.0,0.0,0.0,0.0,0.0,0.0,0.0,0,0,0,0.0,0.0,0.0,0.0,1.0,5.0,4.0,0.0,1.0,,,,,0.0,,0.0,0.0,0.0,0.0,0.0,0.0,1.0,1.0,0.0,0.0,0.0,0.0,0.0,0.0,0.0,0.0,0.0,0.0,0.0,0.0,0.0,0.0,0.0,0.0,1.0,5.0,4.0,1.0
003054,Jeff Conner,ARC,Archers,1,M,Midfield,2023-08-26,2023-08-26,0.0,0.0,0.0,0.0,0.0,0.0,0.0,0,0.0,0.0,0.0,0.0,0.0,0.0,0.0,0.0,0.0,0,0,0,0.0,0.0,0.0,0.0,0.0,4.0,4.0,,,,,,,,,0.0,0.0,0.0,0.0,0.0,0.0,0.0,0.0,0.0,0.0,0.0,0.0,0.0,0.0,0.0,0.0,0.0,0.0,0.0,0.0,0.0,0.0,0.0,0.0,0.0,4.0,4.0,0.0
003054,Jeff Conner,ATL,Atlas,2,M,Midfield,2023-06-16,2023-08-12,3.0,2.0,2.0,0.0,2.0,1.0,2.0,2,0.0,0.0,0.0,0.0,0.0,0.0,0.0,0.0,0.0,0,0,0,0.0,0.0,0.0,0.0,4.0,13.0,11.0,1.0,1.0,,,,,0.25,,1.5,1.0,1.0,0.0,1.0,0.5,1.0,1.0,0.0,0.0,0.0,0.0,0.0,0.0,0.0,0.0,0.0,0.0,0.0,0.0,0.0,0.0,0.0,0.0,2.0,6.5,5.5,2.0
003054,Jeff Conner,OUT,Outlaws,1,M,Midfield,2023-07-08,2023-07-08,1.0,0.0,0.0,0.0,0.0,1.0,1.0,0,0.0,0.0,0.0,0.0,0.0,0.0,0.0,0.0,0.0,0,0,0,0.0,0.0,0.0,0.0,1.0,8.0,7.0,0.0,0.0,,,,,1.0,,1.0,0.0,0.0,0.0,0.0,1.0,1.0,0.0,0.0,0.0,0.0,0.0,0.0,0.0,0.0,0.0,0.0,0.0,0.0,0.0,0.0,0.0,0.0,0.0,1.0,8.0,7.0,1.0
003054,Jeff Conner,WHP,Whipsnakes,1,M,Midfield,2023-07-14,2023-07-14,0.0,0.0,0.0,0.0,0.0,0.0,1.0,1,0.0,0.0,0.0,0.0,0.0,0.0,1.0,0.0,0.0,0,0,0,0.0,0.0,0.0,0.0,2.0,9.0,8.0,0.0,1.0,,,,,0.0,,0.0,0.0,0.0,0.0,0.0,0.0,1.0,1.0,0.0,0.0,0.0,0.0,0.0,0.0,1.0,0.0,0.0,0.0,0.0,0.0,0.0,0.0,0.0,0.0,2.0,9.0,8.0,2.0
003056,Grayson Sallade,ATL,Atlas,1,SSDM,Defensive Midfield,2023-06-10,2023-06-10,0.0,0.0,0.0,0.0,0.0,0.0,0.0,0,0.0,0.0,0.0,0.0,0.0,0.0,2.0,0.0,0.0,0,0,0,0.0,0.0,0.0,0.0,1.0,5.0,5.0,,,,,,,0.0,,0.0,0.0,0.0,0.0,0.0,0.0,0.0,0.0,0.0,0.0,0.0,0.0,0.0,0.0,2.0,0.0,0.0,0.0,0.0,0.0,0.0,0.0,0.0,0.0,1.0,5.0,5.0,1.0
003059,BJ Farrare,ARC,Archers,5,LSM,Long Stick Midfield,2024-08-17,2026-06-20,0.0,0.0,0.0,0.0,0.0,0.0,0.0,0,0.0,0.0,0.0,0.0,0.0,0.0,3.0,0.0,3.0,0,0,0,0.0,0.0,1.0,0.5,0.0,16.0,16.0,,,,,,,,,0.0,0.0,0.0,0.0,0.0,0.0,0.0,0.0,0.0,0.0,0.0,0.0,0.0,0.0,0.6,0.0,0.6,0.0,0.0,0.0,0.0,0.0,0.2,0.1,0.0,3.2,3.2,0.0
003059,BJ Farrare,ATL,Atlas,3,LSM,Long Stick Midfield,2025-07-18,2026-08-02,0.0,0.0,0.0,0.0,0.0,0.0,0.0,0,0.0,0.0,0.0,0.0,0.0,0.0,6.0,1.0,1.0,0,0,0,0.0,0.0,1.0,2.0,2.0,11.0,10.0,,,,,,,0.0,,0.0,0.0,0.0,0.0,0.0,0.0,0.0,0.0,0.0,0.0,0.0,0.0,0.0,0.0,2.0,0.3333333333333333,0.3333333333333333,0.0,0.0,0.0,0.0,0.0,0.3333333333333333,0.6666666666666666,0.6666666666666666,3.6666666666666665,3.3333333333333335,0.6666666666666666
003059,BJ Farrare,CAN,Cannons,3,LSM,Long Stick Midfield,2025-08-08,2026-08-09,0.0,0.0,0.0,0.0,0.0,0.0,0.0,0,0.0,0.0,0.0,0.0,0.0,0.0,4.0,0.0,1.0,0,0,0,0.0,0.0,0.0,0.0,0.0,14.0,14.0,,,,,,,,,0.0,0.0,0.0,0.0,0.0,0.0,0.0,0.0,0.0,0.0,0.0,0.0,0.0,0.0,1.3333333333333333,0.0,0.3333333333333333,0.0,0.0,0.0,0.0,0.0,0.0,0.0,0.0,4.666666666666667,4.666666666666667,0.0
003059,BJ Farrare,CHA,Chaos,3,SSDM,Defensive Midfield,2025-06-07,2026-06-28,0.0,0.0,0.0,0.0,0.0,0.0,0.0,0,0.0,0.0,0.0,0.0,0.0,0.0,2.0,0.0,2.0,0,1,1,0.0,0.0,1.0,0.5,1.0,6.0,6.0,,,0.0,,,,0.0,,0.0,0.0,0.0,0.0,0.0,0.0,0.0,0.0,0.0,0.0,0.0,0.0,0.0,0.0,0.6666666666666666,0.0,0.6666666666666666,0.0,0.3333333333333333,0.3333333333333333,0.0,0.0,0.3333333333333333,0.16666666666666666,0.3333333333333333,2.0,2.0,0.3333333333333333
003059,BJ Farrare,OUT,Outlaws,3,SSDM,Defensive Midfield,2025-05-31,2026-05-16,0.0,0.0,0.0,0.0,0.0,0.0,1.0,0,1.0,0.0,0.0,0.0,0.0,0.0,3.0,2.0,5.0,0,0,0,0.0,0.0,0.0,0.0,0.0,11.0,8.0,0.0,0.0,,,,,,0.0,0.0,0.0,0.0,0.0,0.0,0.0,0.3333333333333333,0.0,0.3333333333333333,0.0,0.0,0.0,0.0,0.0,1.0,0.6666666666666666,1.6666666666666667,0.0,0.0,0.0,0.0,0.0,0.0,0.0,0.0,3.6666666666666665,2.6666666666666665,0.0
003059,BJ Farrare,WAT,Waterdogs,3,LSM,Long Stick Midfield,2024-08-10,2026-07-10,1.0,0.0,0.0,0.0,0.0,1.0,0.0,0,0.0,0.0,0.0,0.0,0.0,0.0,7.0,0.0,3.0,0,0,0,0.0,0.0,0.0,0.0,2.0,15.0,15.0,,,,,,,0.5,,0.3333333333333333,0.0,0.0,0.0,0.0,0.3333333333333333,0.0,0.0,0.0,0.0,0.0,0.0,0.0,0.0,2.3333333333333335,0.0,1.0,0.0,0.0,0.0,0.0,0.0,0.0,0.0,0.6666666666666666,5.0,5.0,0.6666666666666666
003059,BJ Farrare,WHP,Whipsnakes,2,LSM,Defensive Midfield,2025-08-03,2026-07-17,0.0,0.0,0.0,0.0,0.0,0.0,1.0,0,0.0,0.0,0.0,0.0,0.0,0.0,2.0,0.0,2.0,0,0,0,0.0,0.0,0.0,0.0,0.0,12.0,11.0,0.0,0.0,,,,,,,0.0,0.0,0.0,0.0,0.0,0.0,0.5,0.0,0.0,0.0,0.0,0.0,0.0,0.0,1.0,0.0,1.0,0.0,0.0,0.0,0.0,0.0,0.0,0.0,0.0,6.0,5.5,0.0
003068,Dylan Gergar,ATL,Atlas,1,M,Midfield,2024-07-06,2024-07-06,2.0,2.0,2.0,0.0,2.0,0.0,7.0,3,1.0,0.0,0.0,0.0,0.0,0.0,2.0,1.0,1.0,0,0,0,0.0,0.0,0.0,0.0,0.0,14.0,6.0,0.2857142857142857,0.42857142857142855,,,,,,0.0,2.0,2.0,2.0,0.0,2.0,0.0,7.0,3.0,1.0,0.0,0.0,0.0,0.0,0.0,2.0,1.0,1.0,0.0,0.0,0.0,0.0,0.0,0.0,0.0,0.0,14.0,6.0,0.0
003068,Dylan Gergar,RED,Redwoods,1,M,Midfield,2024-06-29,2024-06-29,0.0,0.0,0.0,0.0,0.0,0.0,5.0,3,1.0,0.0,0.0,0.0,0.0,0.0,1.0,0.0,0.0,0,0,0,0.0,0.0,0.0,0.0,0.0,12.0,7.0,0.0,0.6,,,,,,0.0,0.0,0.0,0.0,0.0,0.0,0.0,5.0,3.0,1.0,0.0,0.0,0.0,0.0,0.0,1.0,0.0,0.0,0.0,0.0,0.0,0.0,0.0,0.0,0.0,0.0,12.0,7.0,0.0
003069,Ricky Miezan,ARC,Archers,1,SSDM,Defensive Midfield,2024-07-20,2024-07-20,0.0,0.0,0.0,0.0,0.0,0.0,0.0,0,0.0,0.0,0.0,0.0,0.0,0.0,0.0,0.0,0.0,0,0,0,0.0,0.0,0.0,0.0,0.0,0.0,0.0,,,,,,,,,0.0,0.0,0.0,0.0,0.0,0.0,0.0,0.0,0.0,0.0,0.0,0.0,0.0,0.0,0.0,0.0,0.0,0.0,0.0,0.0,0.0,0.0,0.0,0.0,0.0,0.0,0.0,0.0
003069,Ricky Miezan,CAN,Cannons,1,SSDM,Defensive Midfield,2024-07-05,2024-07-05,0.0,0.0,0.0,0.0,0.0,0.0,1.0,0,0.0,0.0,0.0,0.0,0.0,0.0,1.0,0.0,0.0,0,0,0,0.0,0.0,0.0,0.0,0.0,4.0,3.0,0.0,0.0,,,,,,,0.0,0.0,0.0,0.0,0.0,0.0,1.0,0.0,0.0,0.0,0.0,0.0,0.0,0.0,1.0,0.0,0.0,0.0,0.0,0.0,0.0,0.0,0.0,0.0,0.0,4.0,3.0,0.0
003069,Ricky Miezan,CHA,Chaos,1,SSDM,Defensive Midfield,2024-07-27,2024-07-27,0.0,0.0,0.0,0.0,0.0,0.0,0.0,0,0.0,0.0,0.0,0.0,0.0,0.0,0.0,0.0,1.0,0,0,0,0.0,0.0,0.0,0.0,0.0,2.0,2.0,,,,,,,,,0.0,0.0,0.0,0.0,0.0,0.0,0.0,0.0,0.0,0.0,0.0,0.0,0.0,0.0,0.0,0.0,1.0,0.0,0.0,0.0,0.0,0.0,0.0,0.0,0.0,2.0,2.0,0.0
003069,Ricky Miezan,WHP,Whipsnakes,1,SSDM,Defensive Midfield,2024-07-28,2024-07-28,0.0,0.0,0.0,0.0,0.0,0.0,1.0,1,1.0,0.0,0.0,0.0,0.0,0.0,1.0,0.0,1.0,0,0,0,0.0,0.0,0.0,0.0,0.0,3.0,2.0,0.0,1.0,,,,,,0.0,0.0,0.0,0.0,0.0,0.0,0.0,1.0,1.0,1.0,0.0,0.0,0.0,0.0,0.0,1.0,0.0,1.0,0.0,0.0,0.0,0.0,0.0,0.0,0.0,0.0,3.0,2.0,0.0
003070,Ronan Jacoby,ARC,Archers,1,M,Midfield,2024-08-10,2024-08-10,0.0,0.0,0.0,0.0,0.0,0.0,3.0,3,1.0,0.0,0.0,0.0,0.0,0.0,0.0,0.0,0.0,0,0,0,0.0,0.0,0.0,0.0,0.0,18.0,15.0,0.0,1.0,,,,,,0.0,0.0,0.0,0.0,0.0,0.0,0.0,3.0,3.0,1.0,0.0,0.0,0.0,0.0,0.0,0.0,0.0,0.0,0.0,0.0,0.0,0.0,0.0,0.0,0.0,0.0,18.0,15.0,0.0
003070,Ronan Jacoby,CAN,Cannons,1,M,Midfield,2024-06-01,2024-06-01,1.0,1.0,1.0,0.0,1.0,0.0,4.0,4,0.0,0.0,0.0,0.0,0.0,0.0,2.0,0.0,0.0,0,0,0,0.0,0.0,0.0,0.0,1.0,24.0,20.0,0.25,1.0,,,,,0.0,,1.0,1.0,1.0,0.0,1.0,0.0,4.0,4.0,0.0,0.0,0.0,0.0,0.0,0.0,2.0,0.0,0.0,0.0,0.0,0.0,0.0,0.0,0.0,0.0,1.0,24.0,20.0,1.0
003070,Ronan Jacoby,CHA,Chaos,1,M,Midfield,2024-06-08,2024-06-08,1.0,0.0,0.0,0.0,0.0,1.0,3.0,1,0.0,0.0,0.0,0.0,0.0,0.0,0.0,0.0,0.0,0,0,0,0.0,0.0,0.0,0.0,2.0,15.0,12.0,0.0,0.3333333333333333,,,,,0.5,,1.0,0.0,0.0,0.0,0.0,1.0,3.0,1.0,0.0,0.0,0.0,0.0,0.0,0.0,0.0,0.0,0.0,0.0,0.0,0.0,0.0,0.0,0.0,0.0,2.0,15.0,12.0,2.0
003070,Ronan Jacoby,OUT,Outlaws,1,M,Midfield,2024-07-06,2024-07-06,1.0,0.0,0.0,0.0,0.0,1.0,1.0,0,0.0,0.0,0.0,0.0,0.0,0.0,0.0,1.0,0.0,0,0,0,0.0,0.0,0.0,0.0,1.0,20.0,18.0,0.0,0.0,,,,,1.0,,1.0,0.0,0.0,0.0,0.0,1.0,1.0,0.0,0.0,0.0,0.0,0.0,0.0,0.0,0.0,1.0,0.0,0.0,0.0,0.0,0.0,0.0,0.0,0.0,1.0,20.0,18.0,1.0
003070,Ronan Jacoby,RED,Redwoods,1,M,Midfield,2024-06-16,2024-06-16,1.0,0.0,0.0,0.0,0.0,1.0,2.0,2,1.0,0.0,0.0,0.0,0.0,0.0,1.0,0.0,1.0,0,0,0,0.0,0.0,0.0,0.0,2.0,9.0,7.0,0.0,1.0,,,,,0.5,0.0,1.0,0.0,0.0,0.0,0.0,1.0,2.0,2.0,1.0,0.0,0.0,0.0,0.0,0.0,1.0,0.0,1.0,0.0,0.0,0.0,0.0,0.0,0.0,0.0,2.0,9.0,7.0,2.0
003070,Ronan Jacoby,WHP,Whipsnakes,1,M,Midfield,2024-06-02,2024-06-02,1.0,1.0,1.0,0.0,1.0,0.0,3.0,2,1.0,0.0,0.0,0.0,0.0,0.0,1.0,0.0,0.0,0,0,0,0.0,0.0,0.0,0.0,0.0,14.0,11.0,0.3333333333333333,0.6666666666666666,,,,,,0.0,1.0,1.0,1.0,0.0,1.0,0.0,3.0,2.0,1.0,0.0,0.0,0.0,0.0,0.0,1.0,0.0,0.0,0.0,0.0,0.0,0.0,0.0,0.0,0.0,0.0,14.0,11.0,0.0
003072,Kevin Winkoff,ARC,Archers,1,M,Midfield,2024-07-06,2024-07-06,0.0,0.0,0.0,0.0,0.0,0.0,3.0,2,0.0,0.0,0.0,0.0,0.0,0.0,0.0,3.0,0.0,0,0,0,0.0,0.0,0.0,0.0,1.0,9.0,3.0,0.0,0.6666666666666666,,,,,0.0,,0.0,0.0,0.0,0.0,0.0,0.0,3.0,2.0,0.0,0.0,0.0,0.0,0.0,0.0,0.0,3.0,0.0,0.0,0.0,0.0,0.0,0.0,0.0,0.0,1.0,9.0,3.0,1.0
003072,Kevin Winkoff,ATL,Atlas,1,M,Midfield,2024-06-28,2024-06-28,2.0,0.0,0.0,0.0,0.0,2.0,4.0,2,1.0,0.0,0.0,0.0,0.0,0.0,1.0,1.0,1.0,0,0,0,0.0,0.0,0.0,0.0,3.0,18.0,13.0,0.0,0.5,,,,,0.6666666666666666,0.0,2.0,0.0,0.0,0.0,0.0,2.0,4.0,2.0,1.0,0.0,0.0,0.0,0.0,0.0,1.0,1.0,1.0,0.0,0.0,0.0,0.0,0.0,0.0,0.0,3.0,18.0,13.0,3.0
003072,Kevin Winkoff,WAT,Waterdogs,1,M,Midfield,2024-06-16,2024-06-16,2.0,1.0,1.0,0.0,1.0,1.0,4.0,1,1.0,0.0,0.0,0.0,0.0,0.0,1.0,1.0,0.0,0,0,0,0.0,0.0,0.0,0.0,4.0,17.0,12.0,0.25,0.25,,,,,0.25,0.0,2.0,1.0,1.0,0.0,1.0,1.0,4.0,1.0,1.0,0.0,0.0,0.0,0.0,0.0,1.0,1.0,0.0,0.0,0.0,0.0,0.0,0.0,0.0,0.0,4.0,17.0,12.0,4.0
003073,Ron John,OUT,Outlaws,1,SSDM,Defensive Midfield,2024-06-29,2024-06-29,0.0,0.0,0.0,0.0,0.0,0.0,0.0,0,0.0,0.0,0.0,0.0,0.0,0.0,1.0,0.0,0.0,0,0,0,0.0,0.0,0.0,0.0,0.0,2.0,2.0,,,,,,,,,0.0,0.0,0.0,0.0,0.0,0.0,0.0,0.0,0.0,0.0,0.0,0.0,0.0,0.0,1.0,0.0,0.0,0.0,0.0,0.0,0.0,0.0,0.0,0.0,0.0,2.0,2.0,0.0
003075,Brennan O'Neill,ARC,Archers,6,A,Attack,2024-06-08,2026-07-25,22.0,16.0,8.0,4.0,12.0,6.0,63.0,36,12.0,0.0,0.0,0.0,0.0,0.0,10.0,12.0,0.0,0,0,0,0.0,0.0,0.0,0.0,20.0,250.0,175.0,0.19047619047619047,0.5714285714285714,,,,,0.3,0.3333333333333333,3.6666666666666665,2.6666666666666665,1.3333333333333333,0.6666666666666666,2.0,1.0,10.5,6.0,2.0,0.0,0.0,0.0,0.0,0.0,1.6666666666666667,2.0,0.0,0.0,0.0,0.0,0.0,0.0,0.0,0.0,3.3333333333333335,41.666666666666664,29.166666666666668,3.3333333333333335
003075,Brennan O'Neill,ATL,Atlas,4,A,Attack,2024-07-06,2026-08-08,10.0,4.0,4.0,0.0,4.0,6.0,21.0,11,0.0,0.0,0.0,0.0,0.0,0.0,5.0,5.0,0.0,0,0,0,0.0,0.0,0.0,0.0,20.0,114.0,88.0,0.19047619047619047,0.5238095238095238,,,,,0.3,,2.5,1.0,1.0,0.0,1.0,1.5,5.25,2.75,0.0,0.0,0.0,0.0,0.0,0.0,1.25,1.25,0.0,0.0,0.0,0.0,0.0,0.0,0.0,0.0,5.0,28.5,22.0,5.0
003075,Brennan O'Neill,CAN,Cannons,3,A,Attack,2024-07-27,2026-07-11,14.0,10.0,8.0,1.0,9.0,4.0,23.0,15,1.0,0.0,0.0,0.0,0.0,0.0,3.0,2.0,0.0,0,0,0,0.0,0.0,0.0,0.0,10.0,110.0,85.0,0.391304347826087,0.6521739130434783,,,,,0.4,1.0,4.666666666666667,3.3333333333333335,2.6666666666666665,0.3333333333333333,3.0,1.3333333333333333,7.666666666666667,5.0,0.3333333333333333,0.0,0.0,0.0,0.0,0.0,1.0,0.6666666666666666,0.0,0.0,0.0,0.0,0.0,0.0,0.0,0.0,3.3333333333333335,36.666666666666664,28.333333333333332,3.3333333333333335
003075,Brennan O'Neill,CHA,Chaos,6,A,Attack,2024-06-02,2026-07-18,14.0,10.0,8.0,1.0,9.0,4.0,45.0,25,6.0,0.0,0.0,0.0,0.0,0.0,7.0,9.0,0.0,0,0,0,0.0,0.0,0.0,0.0,20.0,198.0,144.0,0.2,0.5555555555555556,,,,,0.2,0.16666666666666666,2.3333333333333335,1.6666666666666667,1.3333333333333333,0.16666666666666666,1.5,0.6666666666666666,7.5,4.166666666666667,1.0,0.0,0.0,0.0,0.0,0.0,1.1666666666666667,1.5,0.0,0.0,0.0,0.0,0.0,0.0,0.0,0.0,3.3333333333333335,33.0,24.0,3.3333333333333335
003075,Brennan O'Neill,RED,Redwoods,5,A,Attack,2024-06-29,2026-05-16,16.0,7.0,7.0,0.0,7.0,9.0,40.0,18,6.0,0.0,0.0,0.0,0.0,0.0,8.0,9.0,0.0,0,0,0,0.0,0.0,0.0,0.0,16.0,154.0,105.0,0.175,0.45,,,,,0.5625,0.0,3.2,1.4,1.4,0.0,1.4,1.8,8.0,3.6,1.2,0.0,0.0,0.0,0.0,0.0,1.6,1.8,0.0,0.0,0.0,0.0,0.0,0.0,0.0,0.0,3.2,30.8,21.0,3.2
003075,Brennan O'Neill,WAT,Waterdogs,2,A,Attack,2024-07-19,2025-06-14,5.0,4.0,4.0,0.0,4.0,1.0,17.0,9,2.0,0.0,0.0,0.0,0.0,0.0,1.0,2.0,1.0,0,0,0,0.0,0.0,0.0,0.0,4.0,68.0,49.0,0.23529411764705882,0.5294117647058824,,,,,0.25,0.0,2.5,2.0,2.0,0.0,2.0,0.5,8.5,4.5,1.0,0.0,0.0,0.0,0.0,0.0,0.5,1.0,0.5,0.0,0.0,0.0,0.0,0.0,0.0,0.0,2.0,34.0,24.5,2.0
003075,Brennan O'Neill,WHP,Whipsnakes,4,A,Attack,2024-08-10,2026-08-01,16.0,12.0,8.0,2.0,10.0,4.0,36.0,24,4.0,0.0,0.0,0.0,0.0,0.0,6.0,9.0,0.0,0,0,0,0.0,0.0,0.0,0.0,10.0,129.0,84.0,0.2777777777777778,0.6666666666666666,,,,,0.4,0.5,4.0,3.0,2.0,0.5,2.5,1.0,9.0,6.0,1.0,0.0,0.0,0.0,0.0,0.0,1.5,2.25,0.0,0.0,0.0,0.0,0.0,0.0,0.0,0.0,2.5,32.25,21.0,2.5
003076,Connor Shellenberger,ARC,Archers,3,A,Attack,2024-08-10,2026-07-11,6.0,3.0,3.0,0.0,3.0,3.0,12.0,5,1.0,0.0,0.0,0.0,0.0,0.0,10.0,2.0,0.0,0,0,0,0.0,0.0,0.0,0.0,14.0,110.0,96.0,0.25,0.4166666666666667,,,,,0.21428571428571427,0.0,2.0,1.0,1.0,0.0,1.0,1.0,4.0,1.6666666666666667,0.3333333333333333,0.0,0.0,0.0,0.0,0.0,3.3333333333333335,0.6666666666666666,0.0,0.0,0.0,0.0,0.0,0.0,0.0,0.0,4.666666666666667,36.666666666666664,32.0,4.666666666666667
003076,Connor Shellenberger,CAN,Cannons,6,A,Attack,2024-06-01,2026-07-19,25.0,11.0,11.0,0.0,11.0,14.0,22.0,18,0.0,0.0,0.0,0.0,0.0,0.0,10.0,7.0,1.0,0,0,0,0.0,0.0,0.0,0.0,32.0,224.0,195.0,0.5,0.8181818181818182,,,,,0.4375,,4.166666666666667,1.8333333333333333,1.8333333333333333,0.0,1.8333333333333333,2.3333333333333335,3.6666666666666665,3.0,0.0,0.0,0.0,0.0,0.0,0.0,1.6666666666666667,1.1666666666666667,0.16666666666666666,0.0,0.0,0.0,0.0,0.0,0.0,0.0,5.333333333333333,37.333333333333336,32.5,5.333333333333333
003076,Connor Shellenberger,CHA,Chaos,3,A,Attack,2024-06-08,2026-05-09,8.0,3.0,3.0,0.0,3.0,5.0,9.0,5,0.0,0.0,0.0,0.0,0.0,0.0,9.0,4.0,0.0,0,0,0,0.0,0.0,0.0,0.0,19.0,120.0,107.0,0.3333333333333333,0.5555555555555556,,,,,0.2631578947368421,,2.6666666666666665,1.0,1.0,0.0,1.0,1.6666666666666667,3.0,1.6666666666666667,0.0,0.0,0.0,0.0,0.0,0.0,3.0,1.3333333333333333,0.0,0.0,0.0,0.0,0.0,0.0,0.0,0.0,6.333333333333333,40.0,35.666666666666664,6.333333333333333
003076,Connor Shellenberger,OUT,Outlaws,3,A,Attack,2024-07-06,2026-05-30,9.0,6.0,6.0,0.0,6.0,3.0,13.0,10,0.0,0.0,0.0,0.0,0.0,0.0,0.0,3.0,0.0,0,0,0,0.0,0.0,1.0,1.0,14.0,91.0,75.0,0.46153846153846156,0.7692307692307693,,,,,0.21428571428571427,,3.0,2.0,2.0,0.0,2.0,1.0,4.333333333333333,3.3333333333333335,0.0,0.0,0.0,0.0,0.0,0.0,0.0,1.0,0.0,0.0,0.0,0.0,0.0,0.0,0.3333333333333333,0.3333333333333333,4.666666666666667,30.333333333333332,25.0,4.666666666666667
003076,Connor Shellenberger,RED,Redwoods,3,A,Attack,2024-06-16,2026-06-06,17.0,6.0,6.0,0.0,6.0,11.0,15.0,12,0.0,0.0,0.0,0.0,0.0,0.0,2.0,6.0,0.0,0,0,0,0.0,0.0,0.0,0.0,21.0,104.0,83.0,0.4,0.8,,,,,0.5238095238095238,,5.666666666666667,2.0,2.0,0.0,2.0,3.6666666666666665,5.0,4.0,0.0,0.0,0.0,0.0,0.0,0.0,0.6666666666666666,2.0,0.0,0.0,0.0,0.0,0.0,0.0,0.0,0.0,7.0,34.666666666666664,27.666666666666668,7.0
003076,Connor Shellenberger,WAT,Waterdogs,4,A,Attack,2024-07-28,2026-07-25,13.0,8.0,8.0,0.0,8.0,5.0,19.0,14,1.0,0.0,0.0,0.0,0.0,0.0,4.0,9.0,0.0,0,0,0,0.0,0.0,1.0,1.0,19.0,118.0,90.0,0.42105263157894735,0.7368421052631579,,,,,0.2631578947368421,0.0,3.25,2.0,2.0,0.0,2.0,1.25,4.75,3.5,0.25,0.0,0.0,0.0,0.0,0.0,1.0,2.25,0.0,0.0,0.0,0.0,0.0,0.0,0.25,0.25,4.75,29.5,22.5,4.75
003076,Connor Shellenberger,WHP,Whipsnakes,5,A,Attack,2024-06-28,2026-06-21,19.0,10.0,10.0,0.0,10.0,9.0,25.0,22,0.0,0.0,0.0,0.0,0.0,0.0,7.0,5.0,2.0,0,0,0,0.0,0.0,0.0,0.0,31.0,167.0,137.0,0.4,0.88,,,,,0.2903225806451613,,3.8,2.0,2.0,0.0,2.0,1.8,5.0,4.4,0.0,0.0,0.0,0.0,0.0,0.0,1.4,1.0,0.4,0.0,0.0,0.0,0.0,0.0,0.0,0.0,6.2,33.4,27.4,6.2
003077,Ajax Zappitello,ARC,Archers,4,D,Defense,2024-07-06,2026-07-25,0.0,0.0,0.0,0.0,0.0,0.0,3.0,1,1.0,0.0,0.0,0.0,0.0,0.0,9.0,3.0,9.0,0,0,0,0.0,0.0,1.0,0.5,0.0,48.0,42.0,0.0,0.3333333333333333,,,,,,0.0,0.0,0.0,0.0,0.0,0.0,0.0,0.75,0.25,0.25,0.0,0.0,0.0,0.0,0.0,2.25,0.75,2.25,0.0,0.0,0.0,0.0,0.0,0.25,0.125,0.0,12.0,10.5,0.0
003077,Ajax Zappitello,ATL,Atlas,6,D,Defense,2024-06-02,2026-06-21,2.0,2.0,0.0,1.0,1.0,0.0,2.0,1,1.0,0.0,0.0,0.0,0.0,0.0,14.0,2.0,6.0,0,0,0,0.0,0.0,0.0,0.0,3.0,59.0,55.0,0.5,0.5,,,,,0.0,1.0,0.3333333333333333,0.3333333333333333,0.0,0.16666666666666666,0.16666666666666666,0.0,0.3333333333333333,0.16666666666666666,0.16666666666666666,0.0,0.0,0.0,0.0,0.0,2.3333333333333335,0.3333333333333333,1.0,0.0,0.0,0.0,0.0,0.0,0.0,0.0,0.5,9.833333333333334,9.166666666666666,0.5
003077,Ajax Zappitello,CAN,Cannons,6,D,Defense,2024-06-08,2026-08-07,1.0,0.0,0.0,0.0,0.0,1.0,2.0,1,1.0,0.0,0.0,0.0,0.0,0.0,8.0,1.0,8.0,0,0,0,0.0,0.0,0.0,0.0,1.0,54.0,51.0,0.0,0.5,,,,,1.0,0.0,0.16666666666666666,0.0,0.0,0.0,0.0,0.16666666666666666,0.3333333333333333,0.16666666666666666,0.16666666666666666,0.0,0.0,0.0,0.0,0.0,1.3333333333333333,0.16666666666666666,1.3333333333333333,0.0,0.0,0.0,0.0,0.0,0.0,0.0,0.16666666666666666,9.0,8.5,0.16666666666666666
003077,Ajax Zappitello,CHA,Chaos,3,D,Defense,2024-07-20,2026-07-12,0.0,0.0,0.0,0.0,0.0,0.0,3.0,3,0.0,0.0,0.0,0.0,0.0,0.0,12.0,2.0,2.0,0,0,0,0.0,0.0,0.0,0.0,0.0,42.0,37.0,0.0,1.0,,,,,,,0.0,0.0,0.0,0.0,0.0,0.0,1.0,1.0,0.0,0.0,0.0,0.0,0.0,0.0,4.0,0.6666666666666666,0.6666666666666666,0.0,0.0,0.0,0.0,0.0,0.0,0.0,0.0,14.0,12.333333333333334,0.0
003077,Ajax Zappitello,OUT,Outlaws,4,D,Defense,2024-08-10,2026-08-01,1.0,0.0,0.0,0.0,0.0,1.0,1.0,0,1.0,0.0,0.0,0.0,0.0,0.0,12.0,2.0,7.0,0,0,0,0.0,0.0,1.0,0.5,1.0,31.0,28.0,0.0,0.0,,,,,1.0,0.0,0.25,0.0,0.0,0.0,0.0,0.25,0.25,0.0,0.25,0.0,0.0,0.0,0.0,0.0,3.0,0.5,1.75,0.0,0.0,0.0,0.0,0.0,0.25,0.125,0.25,7.75,7.0,0.25
003077,Ajax Zappitello,RED,Redwoods,3,D,Defense,2024-07-28,2026-07-17,1.0,1.0,1.0,0.0,1.0,0.0,1.0,1,0.0,0.0,0.0,0.0,0.0,0.0,2.0,4.0,5.0,0,0,0,0.0,0.0,1.0,0.5,1.0,27.0,22.0,1.0,1.0,,,,,0.0,,0.3333333333333333,0.3333333333333333,0.3333333333333333,0.0,0.3333333333333333,0.0,0.3333333333333333,0.3333333333333333,0.0,0.0,0.0,0.0,0.0,0.0,0.6666666666666666,1.3333333333333333,1.6666666666666667,0.0,0.0,0.0,0.0,0.0,0.3333333333333333,0.16666666666666666,0.3333333333333333,9.0,7.333333333333333,0.3333333333333333
003077,Ajax Zappitello,WAT,Waterdogs,5,D,Defense,2024-06-16,2026-05-09,0.0,0.0,0.0,0.0,0.0,0.0,0.0,0,0.0,0.0,0.0,0.0,0.0,0.0,5.0,1.0,11.0,0,0,0,0.0,0.0,0.0,0.0,1.0,32.0,31.0,,,,,,,0.0,,0.0,0.0,0.0,0.0,0.0,0.0,0.0,0.0,0.0,0.0,0.0,0.0,0.0,0.0,1.0,0.2,2.2,0.0,0.0,0.0,0.0,0.0,0.0,0.0,0.2,6.4,6.2,0.2
003078,Shane Knobloch,ARC,Archers,5,M,Midfield,2024-06-15,2026-08-08,10.0,8.0,8.0,0.0,8.0,2.0,31.0,20,1.0,0.0,0.0,0.0,0.0,0.0,5.0,6.0,0.0,0,0,0,0.0,0.0,0.0,0.0,7.0,111.0,74.0,0.25806451612903225,0.6451612903225806,,,,,0.2857142857142857,0.0,2.0,1.6,1.6,0.0,1.6,0.4,6.2,4.0,0.2,0.0,0.0,0.0,0.0,0.0,1.0,1.2,0.0,0.0,0.0,0.0,0.0,0.0,0.0,0.0,1.4,22.2,14.8,1.4
003078,Shane Knobloch,ATL,Atlas,2,M,Midfield,2024-06-08,2026-05-09,1.0,1.0,1.0,0.0,1.0,0.0,11.0,5,0.0,0.0,0.0,0.0,0.0,0.0,0.0,4.0,0.0,0,0,0,0.0,0.0,0.0,0.0,5.0,64.0,49.0,0.09090909090909091,0.45454545454545453,,,,,0.0,,0.5,0.5,0.5,0.0,0.5,0.0,5.5,2.5,0.0,0.0,0.0,0.0,0.0,0.0,0.0,2.0,0.0,0.0,0.0,0.0,0.0,0.0,0.0,0.0,2.5,32.0,24.5,2.5
003078,Shane Knobloch,CAN,Cannons,4,M,Midfield,2024-08-17,2026-07-25,7.0,5.0,5.0,0.0,5.0,2.0,13.0,9,1.0,0.0,0.0,0.0,0.0,0.0,3.0,3.0,1.0,0,0,0,0.0,0.0,0.0,0.0,6.0,70.0,54.0,0.38461538461538464,0.6923076923076923,,,,,0.3333333333333333,0.0,1.75,1.25,1.25,0.0,1.25,0.5,3.25,2.25,0.25,0.0,0.0,0.0,0.0,0.0,0.75,0.75,0.25,0.0,0.0,0.0,0.0,0.0,0.0,0.0,1.5,17.5,13.5,1.5
003078,Shane Knobloch,OUT,Outlaws,5,M,Midfield,2024-06-02,2026-07-18,8.0,7.0,5.0,1.0,6.0,1.0,25.0,15,4.0,0.0,0.0,0.0,0.0,0.0,6.0,5.0,0.0,0,1,1,0.0,0.0,1.0,0.5,10.0,129.0,99.0,0.24,0.6,0.0,,,,0.1,0.25,1.6,1.4,1.0,0.2,1.2,0.2,5.0,3.0,0.8,0.0,0.0,0.0,0.0,0.0,1.2,1.0,0.0,0.0,0.2,0.2,0.0,0.0,0.2,0.1,2.0,25.8,19.8,2.0
003078,Shane Knobloch,RED,Redwoods,4,M,Midfield,2024-06-07,2026-07-31,9.0,8.0,6.0,1.0,7.0,1.0,22.0,13,3.0,0.0,0.0,0.0,0.0,0.0,2.0,7.0,0.0,0,0,0,0.0,0.0,1.0,0.5,4.0,90.0,61.0,0.3181818181818182,0.5909090909090909,,,,,0.25,0.3333333333333333,2.25,2.0,1.5,0.25,1.75,0.25,5.5,3.25,0.75,0.0,0.0,0.0,0.0,0.0,0.5,1.75,0.0,0.0,0.0,0.0,0.0,0.0,0.25,0.125,1.0,22.5,15.25,1.0
003078,Shane Knobloch,WAT,Waterdogs,3,M,Midfield,2024-06-30,2026-08-01,3.0,1.0,1.0,0.0,1.0,2.0,17.0,11,4.0,0.0,0.0,0.0,0.0,0.0,1.0,4.0,0.0,0,0,0,0.0,0.0,0.0,0.0,7.0,66.0,45.0,0.058823529411764705,0.6470588235294118,,,,,0.2857142857142857,0.0,1.0,0.3333333333333333,0.3333333333333333,0.0,0.3333333333333333,0.6666666666666666,5.666666666666667,3.6666666666666665,1.3333333333333333,0.0,0.0,0.0,0.0,0.0,0.3333333333333333,1.3333333333333333,0.0,0.0,0.0,0.0,0.0,0.0,0.0,0.0,2.3333333333333335,22.0,15.0,2.3333333333333335
003078,Shane Knobloch,WHP,Whipsnakes,3,M,Midfield,2024-07-20,2026-07-12,5.0,3.0,3.0,0.0,3.0,2.0,19.0,9,1.0,0.0,0.0,0.0,0.0,0.0,3.0,8.0,1.0,0,0,0,0.0,0.0,0.0,0.0,8.0,67.0,40.0,0.15789473684210525,0.47368421052631576,,,,,0.25,0.0,1.6666666666666667,1.0,1.0,0.0,1.0,0.6666666666666666,6.333333333333333,3.0,0.3333333333333333,0.0,0.0,0.0,0.0,0.0,1.0,2.6666666666666665,0.3333333333333333,0.0,0.0,0.0,0.0,0.0,0.0,0.0,2.6666666666666665,22.333333333333332,13.333333333333334,2.6666666666666665
003079,Liam Entenmann,ARC,Archers,3,G,Goalie,2024-08-10,2026-07-11,0.0,0.0,0.0,0.0,0.0,0.0,1.0,0,1.0,30.0,12.0,18.0,35.0,35.0,6.0,0.0,1.0,0,0,0,33.0,2.0,0.0,0.0,0.0,48.0,47.0,0.0,0.0,,0.47619047619047616,40.0,0.19047619047619047,,0.0,0.0,0.0,0.0,0.0,0.0,0.0,0.3333333333333333,0.0,0.3333333333333333,10.0,4.0,6.0,11.666666666666666,11.666666666666666,2.0,0.0,0.3333333333333333,0.0,0.0,0.0,11.0,0.6666666666666666,0.0,0.0,0.0,16.0,15.666666666666666,0.0
003079,Liam Entenmann,CAN,Cannons,5,G,Goalie,2024-07-20,2026-07-19,0.0,0.0,0.0,0.0,0.0,0.0,0.0,0,0.0,61.0,30.0,31.0,70.0,70.4924838940587,14.0,3.0,0.0,0,0,0,64.0,6.0,0.0,0.0,0.0,97.0,94.0,,,,0.488,49.18032786885246,0.24,,,0.0,0.0,0.0,0.0,0.0,0.0,0.0,0.0,0.0,12.2,6.0,6.2,14.0,14.09849677881174,2.8,0.6,0.0,0.0,0.0,0.0,12.8,1.2,0.0,0.0,0.0,19.4,18.8,0.0
003079,Liam Entenmann,CHA,Chaos,2,G,Goalie,2025-05-30,2026-05-09,0.0,0.0,0.0,0.0,0.0,0.0,1.0,0,1.0,34.0,15.0,19.0,20.0,20.0,4.0,3.0,0.0,0,0,0,20.0,0.0,0.0,0.0,0.0,47.0,43.0,0.0,0.0,,0.6296296296296297,44.11764705882353,0.2777777777777778,,0.0,0.0,0.0,0.0,0.0,0.0,0.0,0.5,0.0,0.5,17.0,7.5,9.5,10.0,10.0,2.0,1.5,0.0,0.0,0.0,0.0,10.0,0.0,0.0,0.0,0.0,23.5,21.5,0.0
003079,Liam Entenmann,OUT,Outlaws,4,G,Goalie,2024-07-06,2026-08-08,0.0,0.0,0.0,0.0,0.0,0.0,1.0,0,1.0,55.0,21.0,34.0,44.0,53.32680347243375,7.0,1.0,1.0,0,0,0,40.0,4.0,0.0,0.0,0.0,68.0,66.0,0.0,0.0,,0.5789473684210527,38.18181818181819,0.22105263157894736,,0.0,0.0,0.0,0.0,0.0,0.0,0.0,0.25,0.0,0.25,13.75,5.25,8.5,11.0,13.331700868108438,1.75,0.25,0.25,0.0,0.0,0.0,10.0,1.0,0.0,0.0,0.0,17.0,16.5,0.0
003079,Liam Entenmann,RED,Redwoods,3,G,Goalie,2025-07-18,2026-08-02,0.0,0.0,0.0,0.0,0.0,0.0,0.0,0,0.0,29.0,8.0,21.0,45.0,45.0,7.0,1.0,0.0,0,0,0,45.0,0.0,0.0,0.0,0.0,49.0,48.0,,,,0.3918918918918919,27.586206896551722,0.10810810810810811,,,0.0,0.0,0.0,0.0,0.0,0.0,0.0,0.0,0.0,9.666666666666666,2.6666666666666665,7.0,15.0,15.0,2.3333333333333335,0.3333333333333333,0.0,0.0,0.0,0.0,15.0,0.0,0.0,0.0,0.0,16.333333333333332,16.0,0.0
003079,Liam Entenmann,WAT,Waterdogs,5,G,Goalie,2024-07-28,2026-07-25,0.0,0.0,0.0,0.0,0.0,0.0,1.0,0,1.0,81.0,33.0,48.0,63.0,63.0,13.0,3.0,1.0,0,0,0,57.0,6.0,0.0,0.0,0.0,80.0,76.0,0.0,0.0,,0.5869565217391305,40.74074074074074,0.2391304347826087,,0.0,0.0,0.0,0.0,0.0,0.0,0.0,0.2,0.0,0.2,16.2,6.6,9.6,12.6,12.6,2.6,0.6,0.2,0.0,0.0,0.0,11.4,1.2,0.0,0.0,0.0,16.0,15.2,0.0
003079,Liam Entenmann,WHP,Whipsnakes,5,G,Goalie,2024-06-28,2026-06-21,1.0,0.0,0.0,0.0,0.0,1.0,1.0,0,1.0,63.0,21.0,42.0,52.0,59.14285714285714,6.0,0.0,0.0,0,0,0,50.0,2.0,0.0,0.0,1.0,74.0,73.0,0.0,0.0,,0.5575221238938053,33.33333333333333,0.18584070796460178,1.0,0.0,0.2,0.0,0.0,0.0,0.0,0.2,0.2,0.0,0.2,12.6,4.2,8.4,10.4,11.828571428571427,1.2,0.0,0.0,0.0,0.0,0.0,10.0,0.4,0.0,0.0,0.2,14.8,14.6,0.2
003080,Pat Kavanagh,ARC,Archers,3,A,Attack,2025-06-22,2026-07-25,15.0,6.0,4.0,1.0,5.0,9.0,27.0,17,3.0,0.0,0.0,0.0,0.0,0.0,2.0,9.0,1.0,0,0,0,0.0,0.0,1.0,1.0,22.0,156.0,120.0,0.18518518518518517,0.6296296296296297,,,,,0.4090909090909091,0.3333333333333333,5.0,2.0,1.3333333333333333,0.3333333333333333,1.6666666666666667,3.0,9.0,5.666666666666667,1.0,0.0,0.0,0.0,0.0,0.0,0.6666666666666666,3.0,0.3333333333333333,0.0,0.0,0.0,0.0,0.0,0.3333333333333333,0.3333333333333333,7.333333333333333,52.0,40.0,7.333333333333333
003080,Pat Kavanagh,ATL,Atlas,2,A,Attack,2024-06-01,2025-08-02,1.0,0.0,0.0,0.0,0.0,1.0,14.0,7,2.0,0.0,0.0,0.0,0.0,0.0,3.0,3.0,0.0,0,0,0,0.0,0.0,3.0,2.5,10.0,57.0,40.0,0.0,0.5,,,,,0.1,0.0,0.5,0.0,0.0,0.0,0.0,0.5,7.0,3.5,1.0,0.0,0.0,0.0,0.0,0.0,1.5,1.5,0.0,0.0,0.0,0.0,0.0,0.0,1.5,1.25,5.0,28.5,20.0,5.0
003080,Pat Kavanagh,CAN,Cannons,2,A,Attack,2025-07-19,2026-07-11,8.0,4.0,4.0,0.0,4.0,4.0,14.0,8,0.0,0.0,0.0,0.0,0.0,0.0,4.0,5.0,0.0,0,0,0,0.0,0.0,2.0,1.5,11.0,93.0,74.0,0.2857142857142857,0.5714285714285714,,,,,0.36363636363636365,,4.0,2.0,2.0,0.0,2.0,2.0,7.0,4.0,0.0,0.0,0.0,0.0,0.0,0.0,2.0,2.5,0.0,0.0,0.0,0.0,0.0,0.0,1.0,0.75,5.5,46.5,37.0,5.5
003080,Pat Kavanagh,CHA,Chaos,5,A,Attack,2024-08-17,2026-07-18,13.0,9.0,9.0,0.0,9.0,4.0,35.0,26,2.0,0.0,0.0,0.0,0.0,0.0,5.0,10.0,2.0,0,0,0,0.0,0.0,1.0,0.5,14.0,198.0,153.0,0.2571428571428571,0.7428571428571429,,,,,0.2857142857142857,0.0,2.6,1.8,1.8,0.0,1.8,0.8,7.0,5.2,0.4,0.0,0.0,0.0,0.0,0.0,1.0,2.0,0.4,0.0,0.0,0.0,0.0,0.0,0.2,0.1,2.8,39.6,30.6,2.8
003080,Pat Kavanagh,OUT,Outlaws,1,A,Attack,2024-07-27,2024-07-27,1.0,1.0,1.0,0.0,1.0,0.0,5.0,2,0.0,0.0,0.0,0.0,0.0,0.0,1.0,2.0,0.0,0,0,0,0.0,0.0,0.0,0.0,2.0,27.0,20.0,0.2,0.4,,,,,0.0,,1.0,1.0,1.0,0.0,1.0,0.0,5.0,2.0,0.0,0.0,0.0,0.0,0.0,0.0,1.0,2.0,0.0,0.0,0.0,0.0,0.0,0.0,0.0,0.0,2.0,27.0,20.0,2.0
003080,Pat Kavanagh,RED,Redwoods,2,A,Attack,2025-05-31,2025-06-28,10.0,7.0,7.0,0.0,7.0,3.0,15.0,14,0.0,0.0,0.0,0.0,0.0,0.0,8.0,5.0,1.0,0,0,0,0.0,0.0,1.0,0.5,8.0,74.0,54.0,0.4666666666666667,0.9333333333333333,,,,,0.375,,5.0,3.5,3.5,0.0,3.5,1.5,7.5,7.0,0.0,0.0,0.0,0.0,0.0,0.0,4.0,2.5,0.5,0.0,0.0,0.0,0.0,0.0,0.5,0.25,4.0,37.0,27.0,4.0
003080,Pat Kavanagh,WAT,Waterdogs,3,A,Attack,2024-06-15,2026-07-26,6.0,4.0,4.0,0.0,4.0,2.0,16.0,10,1.0,0.0,0.0,0.0,0.0,0.0,5.0,4.0,1.0,0,0,0,0.0,0.0,1.0,1.0,12.0,91.0,71.0,0.25,0.625,,,,,0.16666666666666666,0.0,2.0,1.3333333333333333,1.3333333333333333,0.0,1.3333333333333333,0.6666666666666666,5.333333333333333,3.3333333333333335,0.3333333333333333,0.0,0.0,0.0,0.0,0.0,1.6666666666666667,1.3333333333333333,0.3333333333333333,0.0,0.0,0.0,0.0,0.0,0.3333333333333333,0.3333333333333333,4.0,30.333333333333332,23.666666666666668,4.0
003080,Pat Kavanagh,WHP,Whipsnakes,4,A,Attack,2024-06-08,2026-06-27,15.0,11.0,11.0,0.0,11.0,4.0,28.0,19,0.0,0.0,0.0,0.0,0.0,0.0,5.0,3.0,1.0,0,0,0,0.0,0.0,0.0,0.0,12.0,133.0,102.0,0.39285714285714285,0.6785714285714286,,,,,0.3333333333333333,,3.75,2.75,2.75,0.0,2.75,1.0,7.0,4.75,0.0,0.0,0.0,0.0,0.0,0.0,1.25,0.75,0.25,0.0,0.0,0.0,0.0,0.0,0.0,0.0,3.0,33.25,25.5,3.0
003081,Matt Brandau,ARC,Archers,4,M,Midfield,2024-06-01,2026-07-25,5.0,3.0,3.0,0.0,3.0,2.0,19.0,11,1.0,0.0,0.0,0.0,0.0,0.0,4.0,5.0,0.0,0,0,0,0.0,0.0,0.0,0.0,5.0,82.0,58.0,0.15789473684210525,0.5789473684210527,,,,,0.4,0.0,1.25,0.75,0.75,0.0,0.75,0.5,4.75,2.75,0.25,0.0,0.0,0.0,0.0,0.0,1.0,1.25,0.0,0.0,0.0,0.0,0.0,0.0,0.0,0.0,1.25,20.5,14.5,1.25
003081,Matt Brandau,ATL,Atlas,4,M,Midfield,2025-06-14,2026-06-21,7.0,6.0,6.0,0.0,6.0,1.0,19.0,12,0.0,0.0,0.0,0.0,0.0,0.0,9.0,5.0,0.0,0,0,0,0.0,0.0,0.0,0.0,5.0,94.0,70.0,0.3157894736842105,0.631578947368421,,,,,0.2,,1.75,1.5,1.5,0.0,1.5,0.25,4.75,3.0,0.0,0.0,0.0,0.0,0.0,0.0,2.25,1.25,0.0,0.0,0.0,0.0,0.0,0.0,0.0,0.0,1.25,23.5,17.5,1.25
003081,Matt Brandau,CAN,Cannons,6,M,Midfield,2024-06-15,2026-08-07,11.0,8.0,8.0,0.0,8.0,3.0,29.0,23,0.0,0.0,0.0,0.0,0.0,0.0,6.0,1.0,0.0,0,0,0,0.0,0.0,0.0,0.0,8.0,131.0,101.0,0.27586206896551724,0.7931034482758621,,,,,0.375,,1.8333333333333333,1.3333333333333333,1.3333333333333333,0.0,1.3333333333333333,0.5,4.833333333333333,3.8333333333333335,0.0,0.0,0.0,0.0,0.0,0.0,1.0,0.16666666666666666,0.0,0.0,0.0,0.0,0.0,0.0,0.0,0.0,1.3333333333333333,21.833333333333332,16.833333333333332,1.3333333333333333
003081,Matt Brandau,CHA,Chaos,2,M,Midfield,2025-06-22,2026-07-12,5.0,4.0,4.0,0.0,4.0,1.0,12.0,8,1.0,0.0,0.0,0.0,0.0,0.0,0.0,2.0,2.0,0,0,0,0.0,0.0,0.0,0.0,2.0,56.0,42.0,0.3333333333333333,0.6666666666666666,,,,,0.5,0.0,2.5,2.0,2.0,0.0,2.0,0.5,6.0,4.0,0.5,0.0,0.0,0.0,0.0,0.0,0.0,1.0,1.0,0.0,0.0,0.0,0.0,0.0,0.0,0.0,1.0,28.0,21.0,1.0
003081,Matt Brandau,OUT,Outlaws,3,M,Midfield,2024-07-19,2026-06-27,3.0,3.0,3.0,0.0,3.0,0.0,16.0,11,1.0,0.0,0.0,0.0,0.0,0.0,5.0,4.0,0.0,0,0,0,0.0,0.0,0.0,0.0,5.0,77.0,57.0,0.1875,0.6875,,,,,0.0,0.0,1.0,1.0,1.0,0.0,1.0,0.0,5.333333333333333,3.6666666666666665,0.3333333333333333,0.0,0.0,0.0,0.0,0.0,1.6666666666666667,1.3333333333333333,0.0,0.0,0.0,0.0,0.0,0.0,0.0,0.0,1.6666666666666667,25.666666666666668,19.0,1.6666666666666667
003081,Matt Brandau,RED,Redwoods,3,M,Midfield,2024-08-10,2026-07-17,4.0,2.0,2.0,0.0,2.0,2.0,6.0,5,0.0,0.0,0.0,0.0,0.0,0.0,2.0,3.0,0.0,0,0,0,0.0,0.0,0.0,0.0,6.0,55.0,46.0,0.3333333333333333,0.8333333333333334,,,,,0.3333333333333333,,1.3333333333333333,0.6666666666666666,0.6666666666666666,0.0,0.6666666666666666,0.6666666666666666,2.0,1.6666666666666667,0.0,0.0,0.0,0.0,0.0,0.0,0.6666666666666666,1.0,0.0,0.0,0.0,0.0,0.0,0.0,0.0,0.0,2.0,18.333333333333332,15.333333333333334,2.0
003081,Matt Brandau,WAT,Waterdogs,3,M,Midfield,2025-06-07,2026-05-09,10.0,8.0,8.0,0.0,8.0,2.0,21.0,16,1.0,0.0,0.0,0.0,0.0,0.0,3.0,3.0,0.0,0,0,0,0.0,0.0,2.0,1.0,4.0,80.0,56.0,0.38095238095238093,0.7619047619047619,,,,,0.5,0.0,3.3333333333333335,2.6666666666666665,2.6666666666666665,0.0,2.6666666666666665,0.6666666666666666,7.0,5.333333333333333,0.3333333333333333,0.0,0.0,0.0,0.0,0.0,1.0,1.0,0.0,0.0,0.0,0.0,0.0,0.0,0.6666666666666666,0.3333333333333333,1.3333333333333333,26.666666666666668,18.666666666666668,1.3333333333333333
003081,Matt Brandau,WHP,Whipsnakes,1,A,Attack,2024-06-16,2024-06-16,1.0,1.0,1.0,0.0,1.0,0.0,3.0,3,0.0,0.0,0.0,0.0,0.0,0.0,2.0,2.0,0.0,0,0,0,0.0,0.0,0.0,0.0,0.0,14.0,9.0,0.3333333333333333,1.0,,,,,,,1.0,1.0,1.0,0.0,1.0,0.0,3.0,3.0,0.0,0.0,0.0,0.0,0.0,0.0,2.0,2.0,0.0,0.0,0.0,0.0,0.0,0.0,0.0,0.0,0.0,14.0,9.0,0.0
003082,Mason Woodward,ATL,Atlas,3,D,Defense,2024-08-10,2026-07-11,2.0,2.0,0.0,1.0,1.0,0.0,4.0,2,4.0,0.0,0.0,0.0,0.0,0.0,5.0,2.0,5.0,0,0,0,0.0,0.0,0.0,0.0,0.0,21.0,15.0,0.25,0.5,,,,,,0.25,0.6666666666666666,0.6666666666666666,0.0,0.3333333333333333,0.3333333333333333,0.0,1.3333333333333333,0.6666666666666666,1.3333333333333333,0.0,0.0,0.0,0.0,0.0,1.6666666666666667,0.6666666666666666,1.6666666666666667,0.0,0.0,0.0,0.0,0.0,0.0,0.0,0.0,7.0,5.0,0.0
003082,Mason Woodward,CAN,Cannons,3,D,Defense,2024-06-29,2026-08-01,0.0,0.0,0.0,0.0,0.0,0.0,2.0,1,2.0,0.0,0.0,0.0,0.0,0.0,7.0,1.0,3.0,0,0,0,0.0,0.0,1.0,1.0,0.0,25.0,22.0,0.0,0.5,,,,,,0.0,0.0,0.0,0.0,0.0,0.0,0.0,0.6666666666666666,0.3333333333333333,0.6666666666666666,0.0,0.0,0.0,0.0,0.0,2.3333333333333335,0.3333333333333333,1.0,0.0,0.0,0.0,0.0,0.0,0.3333333333333333,0.3333333333333333,0.0,8.333333333333334,7.333333333333333,0.0
003082,Mason Woodward,CHA,Chaos,6,D,Defense,2024-06-15,2026-08-08,6.0,5.0,1.0,2.0,3.0,1.0,8.0,5,7.0,0.0,0.0,0.0,0.0,0.0,15.0,1.0,0.0,0,0,0,0.0,0.0,0.0,0.0,3.0,57.0,48.0,0.375,0.625,,,,,0.3333333333333333,0.2857142857142857,1.0,0.8333333333333334,0.16666666666666666,0.3333333333333333,0.5,0.16666666666666666,1.3333333333333333,0.8333333333333334,1.1666666666666667,0.0,0.0,0.0,0.0,0.0,2.5,0.16666666666666666,0.0,0.0,0.0,0.0,0.0,0.0,0.0,0.0,0.5,9.5,8.0,0.5
003082,Mason Woodward,OUT,Outlaws,6,D,Defense,2024-06-08,2026-07-25,3.0,3.0,1.0,1.0,2.0,0.0,6.0,2,4.0,0.0,0.0,0.0,0.0,0.0,16.0,0.0,4.0,0,0,0,0.0,0.0,2.0,1.0,3.0,54.0,48.0,0.3333333333333333,0.3333333333333333,,,,,0.0,0.25,0.5,0.5,0.16666666666666666,0.16666666666666666,0.3333333333333333,0.0,1.0,0.3333333333333333,0.6666666666666666,0.0,0.0,0.0,0.0,0.0,2.6666666666666665,0.0,0.6666666666666666,0.0,0.0,0.0,0.0,0.0,0.3333333333333333,0.16666666666666666,0.5,9.0,8.0,0.5
003082,Mason Woodward,RED,Redwoods,6,D,Defense,2024-07-20,2026-06-20,2.0,1.0,1.0,0.0,1.0,1.0,6.0,4,4.0,0.0,0.0,0.0,0.0,0.0,14.0,3.0,7.0,0,0,0,0.0,0.0,1.0,0.5,5.0,62.0,53.0,0.16666666666666666,0.6666666666666666,,,,,0.2,0.0,0.3333333333333333,0.16666666666666666,0.16666666666666666,0.0,0.16666666666666666,0.16666666666666666,1.0,0.6666666666666666,0.6666666666666666,0.0,0.0,0.0,0.0,0.0,2.3333333333333335,0.5,1.1666666666666667,0.0,0.0,0.0,0.0,0.0,0.16666666666666666,0.08333333333333333,0.8333333333333334,10.333333333333334,8.833333333333334,0.8333333333333334
003082,Mason Woodward,WAT,Waterdogs,4,D,Defense,2024-06-01,2026-07-18,0.0,0.0,0.0,0.0,0.0,0.0,5.0,2,5.0,0.0,0.0,0.0,0.0,0.0,4.0,0.0,3.0,0,0,0,0.0,0.0,1.0,1.0,1.0,34.0,29.0,0.0,0.4,,,,,0.0,0.0,0.0,0.0,0.0,0.0,0.0,0.0,1.25,0.5,1.25,0.0,0.0,0.0,0.0,0.0,1.0,0.0,0.75,0.0,0.0,0.0,0.0,0.0,0.25,0.25,0.25,8.5,7.25,0.25
003082,Mason Woodward,WHP,Whipsnakes,4,D,Defense,2024-07-06,2026-07-25,0.0,0.0,0.0,0.0,0.0,0.0,4.0,2,4.0,0.0,0.0,0.0,0.0,0.0,7.0,1.0,2.0,0,0,0,0.0,0.0,1.0,2.0,2.0,43.0,38.0,0.0,0.5,,,,,0.0,0.0,0.0,0.0,0.0,0.0,0.0,0.0,1.0,0.5,1.0,0.0,0.0,0.0,0.0,0.0,1.75,0.25,0.5,0.0,0.0,0.0,0.0,0.0,0.25,0.5,0.5,10.75,9.5,0.5
003083,Jake Piseno,ARC,Archers,6,LSM,Long Stick Midfield,2024-06-08,2026-07-25,4.0,4.0,0.0,2.0,2.0,0.0,7.0,5,6.0,0.0,0.0,0.0,0.0,0.0,22.0,4.0,9.0,0,0,0,0.0,0.0,0.0,0.0,2.0,61.0,50.0,0.2857142857142857,0.7142857142857143,,,,,0.0,0.3333333333333333,0.6666666666666666,0.6666666666666666,0.0,0.3333333333333333,0.3333333333333333,0.0,1.1666666666666667,0.8333333333333334,1.0,0.0,0.0,0.0,0.0,0.0,3.6666666666666665,0.6666666666666666,1.5,0.0,0.0,0.0,0.0,0.0,0.0,0.0,0.3333333333333333,10.166666666666666,8.333333333333334,0.3333333333333333
003083,Jake Piseno,ATL,Atlas,4,LSM,Long Stick Midfield,2024-07-06,2026-08-08,5.0,3.0,1.0,1.0,2.0,2.0,6.0,3,3.0,0.0,0.0,0.0,0.0,0.0,13.0,3.0,6.0,0,0,0,0.0,0.0,2.0,2.0,3.0,39.0,30.0,0.3333333333333333,0.5,,,,,0.6666666666666666,0.3333333333333333,1.25,0.75,0.25,0.25,0.5,0.5,1.5,0.75,0.75,0.0,0.0,0.0,0.0,0.0,3.25,0.75,1.5,0.0,0.0,0.0,0.0,0.0,0.5,0.5,0.75,9.75,7.5,0.75
003083,Jake Piseno,CAN,Cannons,3,LSM,Long Stick Midfield,2024-07-27,2026-07-11,4.0,4.0,0.0,2.0,2.0,0.0,5.0,2,5.0,0.0,0.0,0.0,0.0,0.0,7.0,0.0,1.0,0,0,0,0.0,0.0,0.0,0.0,2.0,21.0,16.0,0.4,0.4,,,,,0.0,0.4,1.3333333333333333,1.3333333333333333,0.0,0.6666666666666666,0.6666666666666666,0.0,1.6666666666666667,0.6666666666666666,1.6666666666666667,0.0,0.0,0.0,0.0,0.0,2.3333333333333335,0.0,0.3333333333333333,0.0,0.0,0.0,0.0,0.0,0.0,0.0,0.6666666666666666,7.0,5.333333333333333,0.6666666666666666
003083,Jake Piseno,CHA,Chaos,6,LSM,Long Stick Midfield,2024-06-02,2026-07-18,5.0,1.0,1.0,0.0,1.0,4.0,9.0,4,8.0,0.0,0.0,0.0,0.0,0.0,21.0,3.0,7.0,0,0,0,0.0,0.0,0.0,0.0,6.0,57.0,45.0,0.1111111111111111,0.4444444444444444,,,,,0.6666666666666666,0.0,0.8333333333333334,0.16666666666666666,0.16666666666666666,0.0,0.16666666666666666,0.6666666666666666,1.5,0.6666666666666666,1.3333333333333333,0.0,0.0,0.0,0.0,0.0,3.5,0.5,1.1666666666666667,0.0,0.0,0.0,0.0,0.0,0.0,0.0,1.0,9.5,7.5,1.0
003083,Jake Piseno,RED,Redwoods,5,LSM,Long Stick Midfield,2024-06-29,2026-05-16,1.0,1.0,1.0,0.0,1.0,0.0,8.0,5,3.0,0.0,0.0,0.0,0.0,0.0,12.0,2.0,4.0,0,0,0,0.0,0.0,0.0,0.0,2.0,36.0,26.0,0.125,0.625,,,,,0.0,0.0,0.2,0.2,0.2,0.0,0.2,0.0,1.6,1.0,0.6,0.0,0.0,0.0,0.0,0.0,2.4,0.4,0.8,0.0,0.0,0.0,0.0,0.0,0.0,0.0,0.4,7.2,5.2,0.4
003083,Jake Piseno,WAT,Waterdogs,3,LSM,Long Stick Midfield,2024-07-19,2026-07-26,3.0,1.0,1.0,0.0,1.0,2.0,5.0,4,3.0,0.0,0.0,0.0,0.0,0.0,10.0,2.0,1.0,0,0,0,0.0,0.0,0.0,0.0,2.0,29.0,22.0,0.2,0.8,,,,,1.0,0.0,1.0,0.3333333333333333,0.3333333333333333,0.0,0.3333333333333333,0.6666666666666666,1.6666666666666667,1.3333333333333333,1.0,0.0,0.0,0.0,0.0,0.0,3.3333333333333335,0.6666666666666666,0.3333333333333333,0.0,0.0,0.0,0.0,0.0,0.0,0.0,0.6666666666666666,9.666666666666666,7.333333333333333,0.6666666666666666
003083,Jake Piseno,WHP,Whipsnakes,4,LSM,Long Stick Midfield,2024-08-10,2026-08-01,2.0,1.0,1.0,0.0,1.0,1.0,4.0,3,3.0,0.0,0.0,0.0,0.0,0.0,14.0,3.0,5.0,0,0,0,0.0,0.0,0.0,0.0,1.0,29.0,22.0,0.25,0.75,,,,,1.0,0.0,0.5,0.25,0.25,0.0,0.25,0.25,1.0,0.75,0.75,0.0,0.0,0.0,0.0,0.0,3.5,0.75,1.25,0.0,0.0,0.0,0.0,0.0,0.0,0.0,0.25,7.25,5.5,0.25
003084,Jake Stevens,ARC,Archers,2,M,Midfield,2024-08-10,2025-06-28,3.0,3.0,3.0,0.0,3.0,0.0,6.0,4,0.0,0.0,0.0,0.0,0.0,0.0,2.0,2.0,0.0,0,0,0,0.0,0.0,0.0,0.0,0.0,22.0,14.0,0.5,0.6666666666666666,,,,,,,1.5,1.5,1.5,0.0,1.5,0.0,3.0,2.0,0.0,0.0,0.0,0.0,0.0,0.0,1.0,1.0,0.0,0.0,0.0,0.0,0.0,0.0,0.0,0.0,0.0,11.0,7.0,0.0
003084,Jake Stevens,CAN,Cannons,3,M,Midfield,2024-07-20,2025-07-11,4.0,4.0,4.0,0.0,4.0,0.0,11.0,9,0.0,0.0,0.0,0.0,0.0,0.0,1.0,5.0,1.0,0,0,0,0.0,0.0,1.0,0.5,1.0,37.0,21.0,0.36363636363636365,0.8181818181818182,,,,,0.0,,1.3333333333333333,1.3333333333333333,1.3333333333333333,0.0,1.3333333333333333,0.0,3.6666666666666665,3.0,0.0,0.0,0.0,0.0,0.0,0.0,0.3333333333333333,1.6666666666666667,0.3333333333333333,0.0,0.0,0.0,0.0,0.0,0.3333333333333333,0.16666666666666666,0.3333333333333333,12.333333333333334,7.0,0.3333333333333333
003084,Jake Stevens,CHA,Chaos,2,M,Midfield,2025-05-30,2026-05-09,0.0,0.0,0.0,0.0,0.0,0.0,5.0,3,0.0,0.0,0.0,0.0,0.0,0.0,2.0,1.0,0.0,0,0,0,0.0,0.0,1.0,1.0,0.0,27.0,21.0,0.0,0.6,,,,,,,0.0,0.0,0.0,0.0,0.0,0.0,2.5,1.5,0.0,0.0,0.0,0.0,0.0,0.0,1.0,0.5,0.0,0.0,0.0,0.0,0.0,0.0,0.5,0.5,0.0,13.5,10.5,0.0
003084,Jake Stevens,OUT,Outlaws,4,M,Midfield,2024-07-06,2026-08-08,2.0,2.0,2.0,0.0,2.0,0.0,13.0,7,2.0,0.0,0.0,0.0,0.0,0.0,5.0,5.0,0.0,0,0,0,0.0,0.0,0.0,0.0,2.0,50.0,32.0,0.15384615384615385,0.5384615384615384,,,,,0.0,0.0,0.5,0.5,0.5,0.0,0.5,0.0,3.25,1.75,0.5,0.0,0.0,0.0,0.0,0.0,1.25,1.25,0.0,0.0,0.0,0.0,0.0,0.0,0.0,0.0,0.5,12.5,8.0,0.5
003084,Jake Stevens,RED,Redwoods,2,M,Midfield,2025-07-18,2026-08-02,3.0,3.0,3.0,0.0,3.0,0.0,6.0,3,1.0,0.0,0.0,0.0,0.0,0.0,4.0,1.0,1.0,0,0,0,0.0,0.0,0.0,0.0,2.0,20.0,13.0,0.5,0.5,,,,,0.0,0.0,1.5,1.5,1.5,0.0,1.5,0.0,3.0,1.5,0.5,0.0,0.0,0.0,0.0,0.0,2.0,0.5,0.5,0.0,0.0,0.0,0.0,0.0,0.0,0.0,1.0,10.0,6.5,1.0
003084,Jake Stevens,WAT,Waterdogs,4,M,Midfield,2024-07-28,2025-08-09,4.0,2.0,2.0,0.0,2.0,2.0,18.0,10,0.0,0.0,0.0,0.0,0.0,0.0,4.0,9.0,0.0,0,0,0,0.0,0.0,1.0,0.5,7.0,68.0,41.0,0.1111111111111111,0.5555555555555556,,,,,0.2857142857142857,,1.0,0.5,0.5,0.0,0.5,0.5,4.5,2.5,0.0,0.0,0.0,0.0,0.0,0.0,1.0,2.25,0.0,0.0,0.0,0.0,0.0,0.0,0.25,0.125,1.75,17.0,10.25,1.75
003084,Jake Stevens,WHP,Whipsnakes,5,M,Midfield,2024-06-28,2026-06-21,5.0,4.0,4.0,0.0,4.0,1.0,12.0,7,0.0,0.0,0.0,0.0,0.0,0.0,3.0,2.0,0.0,0,0,0,0.0,0.0,0.0,0.0,1.0,42.0,28.0,0.3333333333333333,0.5833333333333334,,,,,1.0,,1.0,0.8,0.8,0.0,0.8,0.2,2.4,1.4,0.0,0.0,0.0,0.0,0.0,0.0,0.6,0.4,0.0,0.0,0.0,0.0,0.0,0.0,0.0,0.0,0.2,8.4,5.6,0.2
003085,Graham Bundy,ARC,Archers,6,M,Midfield,2024-06-08,2026-07-25,9.0,7.0,3.0,2.0,5.0,2.0,32.0,16,17.0,0.0,0.0,0.0,0.0,0.0,7.0,3.0,0.0,0,0,0,0.0,0.0,1.0,0.5,9.0,136.0,101.0,0.15625,0.5,,,,,0.2222222222222222,0.11764705882352941,1.5,1.1666666666666667,0.5,0.3333333333333333,0.8333333333333334,0.3333333333333333,5.333333333333333,2.6666666666666665,2.8333333333333335,0.0,0.0,0.0,0.0,0.0,1.1666666666666667,0.5,0.0,0.0,0.0,0.0,0.0,0.0,0.16666666666666666,0.08333333333333333,1.5,22.666666666666668,16.833333333333332,1.5
003085,Graham Bundy,ATL,Atlas,4,M,Midfield,2024-07-06,2026-08-08,7.0,6.0,2.0,2.0,4.0,1.0,25.0,16,13.0,0.0,0.0,0.0,0.0,0.0,1.0,5.0,0.0,0,0,0,0.0,0.0,1.0,1.0,2.0,96.0,66.0,0.16,0.64,,,,,0.5,0.15384615384615385,1.75,1.5,0.5,0.5,1.0,0.25,6.25,4.0,3.25,0.0,0.0,0.0,0.0,0.0,0.25,1.25,0.0,0.0,0.0,0.0,0.0,0.0,0.25,0.25,0.5,24.0,16.5,0.5
003085,Graham Bundy,CAN,Cannons,3,M,Midfield,2024-07-27,2026-07-11,2.0,1.0,1.0,0.0,1.0,1.0,12.0,5,3.0,0.0,0.0,0.0,0.0,0.0,0.0,2.0,0.0,0,0,0,0.0,0.0,0.0,0.0,4.0,66.0,52.0,0.08333333333333333,0.4166666666666667,,,,,0.25,0.0,0.6666666666666666,0.3333333333333333,0.3333333333333333,0.0,0.3333333333333333,0.3333333333333333,4.0,1.6666666666666667,1.0,0.0,0.0,0.0,0.0,0.0,0.0,0.6666666666666666,0.0,0.0,0.0,0.0,0.0,0.0,0.0,0.0,1.3333333333333333,22.0,17.333333333333332,1.3333333333333333
003085,Graham Bundy,CHA,Chaos,6,M,Midfield,2024-06-02,2026-07-18,6.0,5.0,3.0,1.0,4.0,1.0,23.0,10,10.0,0.0,0.0,0.0,0.0,0.0,3.0,5.0,0.0,0,0,0,0.0,0.0,0.0,0.0,5.0,132.0,104.0,0.17391304347826086,0.43478260869565216,,,,,0.2,0.1,1.0,0.8333333333333334,0.5,0.16666666666666666,0.6666666666666666,0.16666666666666666,3.8333333333333335,1.6666666666666667,1.6666666666666667,0.0,0.0,0.0,0.0,0.0,0.5,0.8333333333333334,0.0,0.0,0.0,0.0,0.0,0.0,0.0,0.0,0.8333333333333334,22.0,17.333333333333332,0.8333333333333334
003085,Graham Bundy,RED,Redwoods,5,M,Midfield,2024-06-29,2026-05-16,12.0,11.0,3.0,4.0,7.0,1.0,22.0,14,9.0,0.0,0.0,0.0,0.0,0.0,3.0,2.0,0.0,0,0,0,0.0,0.0,2.0,1.0,2.0,96.0,72.0,0.3181818181818182,0.6363636363636364,,,,,0.5,0.4444444444444444,2.4,2.2,0.6,0.8,1.4,0.2,4.4,2.8,1.8,0.0,0.0,0.0,0.0,0.0,0.6,0.4,0.0,0.0,0.0,0.0,0.0,0.0,0.4,0.2,0.4,19.2,14.4,0.4
003085,Graham Bundy,WAT,Waterdogs,3,M,Midfield,2024-07-19,2026-07-26,8.0,8.0,2.0,3.0,5.0,0.0,16.0,10,6.0,0.0,0.0,0.0,0.0,0.0,0.0,1.0,1.0,0,0,0,0.0,0.0,0.0,0.0,5.0,70.0,53.0,0.3125,0.625,,,,,0.0,0.5,2.6666666666666665,2.6666666666666665,0.6666666666666666,1.0,1.6666666666666667,0.0,5.333333333333333,3.3333333333333335,2.0,0.0,0.0,0.0,0.0,0.0,0.0,0.3333333333333333,0.3333333333333333,0.0,0.0,0.0,0.0,0.0,0.0,0.0,1.6666666666666667,23.333333333333332,17.666666666666668,1.6666666666666667
003085,Graham Bundy,WHP,Whipsnakes,4,M,Midfield,2024-08-10,2026-08-01,2.0,1.0,1.0,0.0,1.0,1.0,16.0,10,7.0,0.0,0.0,0.0,0.0,0.0,3.0,3.0,0.0,0,0,0,0.0,0.0,0.0,0.0,3.0,87.0,68.0,0.0625,0.625,,,,,0.3333333333333333,0.0,0.5,0.25,0.25,0.0,0.25,0.25,4.0,2.5,1.75,0.0,0.0,0.0,0.0,0.0,0.75,0.75,0.0,0.0,0.0,0.0,0.0,0.0,0.0,0.0,0.75,21.75,17.0,0.75
003086,Eric Dobson,ARC,Archers,2,M,Midfield,2024-06-15,2024-08-04,3.0,3.0,3.0,0.0,3.0,0.0,8.0,6,2.0,0.0,0.0,0.0,0.0,0.0,1.0,3.0,1.0,0,0,0,0.0,0.0,0.0,0.0,2.0,31.0,20.0,0.375,0.75,,,,,0.0,0.0,1.5,1.5,1.5,0.0,1.5,0.0,4.0,3.0,1.0,0.0,0.0,0.0,0.0,0.0,0.5,1.5,0.5,0.0,0.0,0.0,0.0,0.0,0.0,0.0,1.0,15.5,10.0,1.0
003086,Eric Dobson,ATL,Atlas,1,M,Midfield,2025-05-30,2025-05-30,0.0,0.0,0.0,0.0,0.0,0.0,3.0,1,1.0,0.0,0.0,0.0,0.0,0.0,1.0,1.0,0.0,0,0,0,0.0,0.0,0.0,0.0,0.0,24.0,20.0,0.0,0.3333333333333333,,,,,,0.0,0.0,0.0,0.0,0.0,0.0,0.0,3.0,1.0,1.0,0.0,0.0,0.0,0.0,0.0,1.0,1.0,0.0,0.0,0.0,0.0,0.0,0.0,0.0,0.0,0.0,24.0,20.0,0.0
003086,Eric Dobson,OUT,Outlaws,2,M,Midfield,2024-08-10,2025-06-06,0.0,0.0,0.0,0.0,0.0,0.0,3.0,1,1.0,0.0,0.0,0.0,0.0,0.0,0.0,5.0,0.0,0,0,0,0.0,0.0,0.0,0.0,1.0,38.0,30.0,0.0,0.3333333333333333,,,,,0.0,0.0,0.0,0.0,0.0,0.0,0.0,0.0,1.5,0.5,0.5,0.0,0.0,0.0,0.0,0.0,0.0,2.5,0.0,0.0,0.0,0.0,0.0,0.0,0.0,0.0,0.5,19.0,15.0,0.5
003086,Eric Dobson,RED,Redwoods,2,M,Midfield,2024-07-27,2025-06-07,0.0,0.0,0.0,0.0,0.0,0.0,8.0,4,1.0,0.0,0.0,0.0,0.0,0.0,0.0,3.0,0.0,0,0,0,0.0,0.0,0.0,0.0,1.0,25.0,14.0,0.0,0.5,,,,,0.0,0.0,0.0,0.0,0.0,0.0,0.0,0.0,4.0,2.0,0.5,0.0,0.0,0.0,0.0,0.0,0.0,1.5,0.0,0.0,0.0,0.0,0.0,0.0,0.0,0.0,0.5,12.5,7.0,0.5
003086,Eric Dobson,WAT,Waterdogs,1,M,Midfield,2024-06-30,2024-06-30,1.0,1.0,1.0,0.0,1.0,0.0,2.0,1,0.0,0.0,0.0,0.0,0.0,0.0,1.0,2.0,0.0,0,0,0,0.0,0.0,0.0,0.0,1.0,19.0,15.0,0.5,0.5,,,,,0.0,,1.0,1.0,1.0,0.0,1.0,0.0,2.0,1.0,0.0,0.0,0.0,0.0,0.0,0.0,1.0,2.0,0.0,0.0,0.0,0.0,0.0,0.0,0.0,0.0,1.0,19.0,15.0,1.0
003086,Eric Dobson,WHP,Whipsnakes,1,M,Midfield,2024-07-20,2024-07-20,1.0,1.0,1.0,0.0,1.0,0.0,2.0,2,1.0,0.0,0.0,0.0,0.0,0.0,1.0,2.0,0.0,0,0,0,0.0,0.0,0.0,0.0,1.0,16.0,12.0,0.5,1.0,,,,,0.0,0.0,1.0,1.0,1.0,0.0,1.0,0.0,2.0,2.0,1.0,0.0,0.0,0.0,0.0,0.0,1.0,2.0,0.0,0.0,0.0,0.0,0.0,0.0,0.0,0.0,1.0,16.0,12.0,1.0
003087,Beau Pederson,ATL,Atlas,3,SSDM,Defensive Midfield,2024-08-10,2026-07-11,0.0,0.0,0.0,0.0,0.0,0.0,2.0,1,1.0,0.0,0.0,0.0,0.0,0.0,2.0,1.0,1.0,0,0,0,0.0,0.0,1.0,0.5,1.0,22.0,19.0,0.0,0.5,,,,,0.0,0.0,0.0,0.0,0.0,0.0,0.0,0.0,0.6666666666666666,0.3333333333333333,0.3333333333333333,0.0,0.0,0.0,0.0,0.0,0.6666666666666666,0.3333333333333333,0.3333333333333333,0.0,0.0,0.0,0.0,0.0,0.3333333333333333,0.16666666666666666,0.3333333333333333,7.333333333333333,6.333333333333333,0.3333333333333333
003087,Beau Pederson,CAN,Cannons,3,SSDM,Defensive Midfield,2024-06-29,2026-08-01,0.0,0.0,0.0,0.0,0.0,0.0,0.0,0,0.0,0.0,0.0,0.0,0.0,0.0,1.0,0.0,2.0,0,2,2,0.0,0.0,3.0,2.5,0.0,17.0,17.0,,,0.0,,,,,,0.0,0.0,0.0,0.0,0.0,0.0,0.0,0.0,0.0,0.0,0.0,0.0,0.0,0.0,0.3333333333333333,0.0,0.6666666666666666,0.0,0.6666666666666666,0.6666666666666666,0.0,0.0,1.0,0.8333333333333334,0.0,5.666666666666667,5.666666666666667,0.0
003087,Beau Pederson,CHA,Chaos,6,SSDM,Defensive Midfield,2024-06-15,2026-08-08,2.0,2.0,2.0,0.0,2.0,0.0,7.0,3,3.0,0.0,0.0,0.0,0.0,0.0,9.0,3.0,1.0,4,9,14,0.0,0.0,1.0,0.5,2.0,32.0,22.0,0.2857142857142857,0.42857142857142855,0.2857142857142857,,,,0.0,0.0,0.3333333333333333,0.3333333333333333,0.3333333333333333,0.0,0.3333333333333333,0.0,1.1666666666666667,0.5,0.5,0.0,0.0,0.0,0.0,0.0,1.5,0.5,0.16666666666666666,0.6666666666666666,1.5,2.3333333333333335,0.0,0.0,0.16666666666666666,0.08333333333333333,0.3333333333333333,5.333333333333333,3.6666666666666665,0.3333333333333333
003087,Beau Pederson,OUT,Outlaws,6,SSDM,Defensive Midfield,2024-06-08,2026-07-25,6.0,3.0,3.0,0.0,3.0,3.0,4.0,3,0.0,0.0,0.0,0.0,0.0,0.0,11.0,2.0,4.0,3,9,12,0.0,0.0,2.0,2.5,3.0,43.0,37.0,0.75,0.75,0.25,,,,1.0,,1.0,0.5,0.5,0.0,0.5,0.5,0.6666666666666666,0.5,0.0,0.0,0.0,0.0,0.0,0.0,1.8333333333333333,0.3333333333333333,0.6666666666666666,0.5,1.5,2.0,0.0,0.0,0.3333333333333333,0.4166666666666667,0.5,7.166666666666667,6.166666666666667,0.5
003087,Beau Pederson,RED,Redwoods,6,SSDM,Defensive Midfield,2024-07-20,2026-06-20,3.0,2.0,0.0,1.0,1.0,1.0,1.0,1,1.0,0.0,0.0,0.0,0.0,0.0,9.0,4.0,3.0,0,5,5,0.0,0.0,2.0,1.0,4.0,47.0,42.0,1.0,1.0,0.0,,,,0.25,1.0,0.5,0.3333333333333333,0.0,0.16666666666666666,0.16666666666666666,0.16666666666666666,0.16666666666666666,0.16666666666666666,0.16666666666666666,0.0,0.0,0.0,0.0,0.0,1.5,0.6666666666666666,0.5,0.0,0.8333333333333334,0.8333333333333334,0.0,0.0,0.3333333333333333,0.16666666666666666,0.6666666666666666,7.833333333333333,7.0,0.6666666666666666
003087,Beau Pederson,WAT,Waterdogs,4,SSDM,Defensive Midfield,2024-06-01,2026-07-18,2.0,2.0,2.0,0.0,2.0,0.0,3.0,2,1.0,0.0,0.0,0.0,0.0,0.0,3.0,1.0,3.0,0,5,6,0.0,0.0,0.0,0.0,1.0,24.0,20.0,0.6666666666666666,0.6666666666666666,0.0,,,,0.0,0.0,0.5,0.5,0.5,0.0,0.5,0.0,0.75,0.5,0.25,0.0,0.0,0.0,0.0,0.0,0.75,0.25,0.75,0.0,1.25,1.5,0.0,0.0,0.0,0.0,0.25,6.0,5.0,0.25
003087,Beau Pederson,WHP,Whipsnakes,4,SSDM,Defensive Midfield,2024-07-06,2026-07-25,1.0,1.0,1.0,0.0,1.0,0.0,2.0,2,0.0,0.0,0.0,0.0,0.0,0.0,3.0,3.0,1.0,0,1,1,0.0,0.0,0.0,0.0,0.0,32.0,27.0,0.5,1.0,0.0,,,,,,0.25,0.25,0.25,0.0,0.25,0.0,0.5,0.5,0.0,0.0,0.0,0.0,0.0,0.0,0.75,0.75,0.25,0.0,0.25,0.25,0.0,0.0,0.0,0.0,0.0,8.0,6.75,0.0
003088,Alexander Vardaro,ARC,Archers,1,M,Midfield,2025-06-07,2025-06-07,1.0,0.0,0.0,0.0,0.0,1.0,4.0,3,2.0,0.0,0.0,0.0,0.0,0.0,0.0,1.0,0.0,0,0,0,0.0,0.0,0.0,0.0,3.0,20.0,15.0,0.0,0.75,,,,,0.3333333333333333,0.0,1.0,0.0,0.0,0.0,0.0,1.0,4.0,3.0,2.0,0.0,0.0,0.0,0.0,0.0,0.0,1.0,0.0,0.0,0.0,0.0,0.0,0.0,0.0,0.0,3.0,20.0,15.0,3.0
003088,Alexander Vardaro,ATL,Atlas,2,M,Midfield,2024-07-20,2025-07-11,3.0,2.0,2.0,0.0,2.0,1.0,4.0,2,0.0,0.0,0.0,0.0,0.0,0.0,1.0,3.0,0.0,0,0,0,0.0,0.0,0.0,0.0,4.0,33.0,26.0,0.5,0.5,,,,,0.25,,1.5,1.0,1.0,0.0,1.0,0.5,2.0,1.0,0.0,0.0,0.0,0.0,0.0,0.0,0.5,1.5,0.0,0.0,0.0,0.0,0.0,0.0,0.0,0.0,2.0,16.5,13.0,2.0
003088,Alexander Vardaro,CHA,Chaos,2,M,Midfield,2024-08-17,2025-06-29,2.0,1.0,1.0,0.0,1.0,1.0,7.0,4,0.0,0.0,0.0,0.0,0.0,0.0,0.0,0.0,0.0,0,0,0,0.0,0.0,0.0,0.0,8.0,33.0,26.0,0.14285714285714285,0.5714285714285714,,,,,0.125,,1.0,0.5,0.5,0.0,0.5,0.5,3.5,2.0,0.0,0.0,0.0,0.0,0.0,0.0,0.0,0.0,0.0,0.0,0.0,0.0,0.0,0.0,0.0,0.0,4.0,16.5,13.0,4.0
003088,Alexander Vardaro,OUT,Outlaws,1,M,Midfield,2024-07-27,2024-07-27,0.0,0.0,0.0,0.0,0.0,0.0,3.0,1,0.0,0.0,0.0,0.0,0.0,0.0,1.0,0.0,0.0,0,0,0,0.0,0.0,0.0,0.0,0.0,12.0,9.0,0.0,0.3333333333333333,,,,,,,0.0,0.0,0.0,0.0,0.0,0.0,3.0,1.0,0.0,0.0,0.0,0.0,0.0,0.0,1.0,0.0,0.0,0.0,0.0,0.0,0.0,0.0,0.0,0.0,0.0,12.0,9.0,0.0
003088,Alexander Vardaro,RED,Redwoods,1,M,Midfield,2024-07-05,2024-07-05,1.0,1.0,1.0,0.0,1.0,0.0,4.0,1,0.0,0.0,0.0,0.0,0.0,0.0,0.0,1.0,0.0,0,0,0,0.0,0.0,0.0,0.0,0.0,10.0,5.0,0.25,0.25,,,,,,,1.0,1.0,1.0,0.0,1.0,0.0,4.0,1.0,0.0,0.0,0.0,0.0,0.0,0.0,0.0,1.0,0.0,0.0,0.0,0.0,0.0,0.0,0.0,0.0,0.0,10.0,5.0,0.0
003088,Alexander Vardaro,WAT,Waterdogs,2,M,Midfield,2024-06-15,2024-07-06,2.0,2.0,2.0,0.0,2.0,0.0,6.0,6,0.0,0.0,0.0,0.0,0.0,0.0,1.0,3.0,0.0,0,0,0,0.0,0.0,0.0,0.0,1.0,21.0,12.0,0.3333333333333333,1.0,,,,,0.0,,1.0,1.0,1.0,0.0,1.0,0.0,3.0,3.0,0.0,0.0,0.0,0.0,0.0,0.0,0.5,1.5,0.0,0.0,0.0,0.0,0.0,0.0,0.0,0.0,0.5,10.5,6.0,0.5
003088,Alexander Vardaro,WHP,Whipsnakes,2,M,Midfield,2024-06-08,2024-08-04,3.0,3.0,3.0,0.0,3.0,0.0,9.0,4,1.0,0.0,0.0,0.0,0.0,0.0,0.0,1.0,0.0,0,0,0,0.0,0.0,0.0,0.0,3.0,28.0,18.0,0.3333333333333333,0.4444444444444444,,,,,0.0,0.0,1.5,1.5,1.5,0.0,1.5,0.0,4.5,2.0,0.5,0.0,0.0,0.0,0.0,0.0,0.0,0.5,0.0,0.0,0.0,0.0,0.0,0.0,0.0,0.0,1.5,14.0,9.0,1.5
003089,Kenny Brower,ARC,Archers,3,D,Defense,2025-07-12,2026-07-18,1.0,0.0,0.0,0.0,0.0,1.0,0.0,0,0.0,0.0,0.0,0.0,0.0,0.0,4.0,0.0,3.0,0,0,0,0.0,0.0,2.0,1.5,1.0,21.0,21.0,,,,,,,1.0,,0.3333333333333333,0.0,0.0,0.0,0.0,0.3333333333333333,0.0,0.0,0.0,0.0,0.0,0.0,0.0,0.0,1.3333333333333333,0.0,1.0,0.0,0.0,0.0,0.0,0.0,0.6666666666666666,0.5,0.3333333333333333,7.0,7.0,0.3333333333333333
003089,Kenny Brower,ATL,Atlas,3,D,Defense,2025-06-21,2026-07-25,0.0,0.0,0.0,0.0,0.0,0.0,1.0,1,1.0,0.0,0.0,0.0,0.0,0.0,4.0,0.0,1.0,0,0,0,0.0,0.0,1.0,0.5,0.0,12.0,11.0,0.0,1.0,,,,,,0.0,0.0,0.0,0.0,0.0,0.0,0.0,0.3333333333333333,0.3333333333333333,0.3333333333333333,0.0,0.0,0.0,0.0,0.0,1.3333333333333333,0.0,0.3333333333333333,0.0,0.0,0.0,0.0,0.0,0.3333333333333333,0.16666666666666666,0.0,4.0,3.6666666666666665,0.0
003089,Kenny Brower,CAN,Cannons,3,D,Defense,2025-06-13,2026-06-07,0.0,0.0,0.0,0.0,0.0,0.0,0.0,0,0.0,0.0,0.0,0.0,0.0,0.0,4.0,1.0,5.0,0,0,0,0.0,0.0,2.0,3.0,0.0,18.0,17.0,,,,,,,,,0.0,0.0,0.0,0.0,0.0,0.0,0.0,0.0,0.0,0.0,0.0,0.0,0.0,0.0,1.3333333333333333,0.3333333333333333,1.6666666666666667,0.0,0.0,0.0,0.0,0.0,0.6666666666666666,1.0,0.0,6.0,5.666666666666667,0.0
003089,Kenny Brower,CHA,Chaos,2,D,Defense,2026-05-31,2026-08-01,0.0,0.0,0.0,0.0,0.0,0.0,0.0,0,0.0,0.0,0.0,0.0,0.0,0.0,2.0,0.0,3.0,0,0,0,0.0,0.0,0.0,0.0,0.0,10.0,10.0,,,,,,,,,0.0,0.0,0.0,0.0,0.0,0.0,0.0,0.0,0.0,0.0,0.0,0.0,0.0,0.0,1.0,0.0,1.5,0.0,0.0,0.0,0.0,0.0,0.0,0.0,0.0,5.0,5.0,0.0
003089,Kenny Brower,OUT,Outlaws,2,D,Defense,2025-06-14,2026-07-26,0.0,0.0,0.0,0.0,0.0,0.0,0.0,0,0.0,0.0,0.0,0.0,0.0,0.0,2.0,0.0,1.0,0,0,0,0.0,0.0,0.0,0.0,0.0,11.0,11.0,,,,,,,,,0.0,0.0,0.0,0.0,0.0,0.0,0.0,0.0,0.0,0.0,0.0,0.0,0.0,0.0,1.0,0.0,0.5,0.0,0.0,0.0,0.0,0.0,0.0,0.0,0.0,5.5,5.5,0.0
003089,Kenny Brower,RED,Redwoods,2,D,Defense,2025-06-28,2026-07-10,0.0,0.0,0.0,0.0,0.0,0.0,0.0,0,0.0,0.0,0.0,0.0,0.0,0.0,4.0,1.0,1.0,0,0,0,0.0,0.0,1.0,0.5,0.0,14.0,13.0,,,,,,,,,0.0,0.0,0.0,0.0,0.0,0.0,0.0,0.0,0.0,0.0,0.0,0.0,0.0,0.0,2.0,0.5,0.5,0.0,0.0,0.0,0.0,0.0,0.5,0.25,0.0,7.0,6.5,0.0
003089,Kenny Brower,WHP,Whipsnakes,3,D,Defense,2025-06-07,2026-05-09,0.0,0.0,0.0,0.0,0.0,0.0,1.0,1,1.0,0.0,0.0,0.0,0.0,0.0,6.0,0.0,4.0,0,0,0,0.0,0.0,1.0,1.0,0.0,14.0,13.0,0.0,1.0,,,,,,0.0,0.0,0.0,0.0,0.0,0.0,0.0,0.3333333333333333,0.3333333333333333,0.3333333333333333,0.0,0.0,0.0,0.0,0.0,2.0,0.0,1.3333333333333333,0.0,0.0,0.0,0.0,0.0,0.3333333333333333,0.3333333333333333,0.0,4.666666666666667,4.333333333333333,0.0
003090,Dyson Williams,ATL,Atlas,2,M,Midfield,2024-08-10,2025-06-28,2.0,2.0,2.0,0.0,2.0,0.0,6.0,3,1.0,0.0,0.0,0.0,0.0,0.0,0.0,0.0,0.0,0,0,0,0.0,0.0,0.0,0.0,0.0,11.0,5.0,0.3333333333333333,0.5,,,,,,0.0,1.0,1.0,1.0,0.0,1.0,0.0,3.0,1.5,0.5,0.0,0.0,0.0,0.0,0.0,0.0,0.0,0.0,0.0,0.0,0.0,0.0,0.0,0.0,0.0,0.0,5.5,2.5,0.0
003090,Dyson Williams,CAN,Cannons,1,M,Midfield,2025-06-07,2025-06-07,3.0,3.0,3.0,0.0,3.0,0.0,4.0,4,0.0,0.0,0.0,0.0,0.0,0.0,3.0,3.0,0.0,0,0,0,0.0,0.0,0.0,0.0,0.0,12.0,5.0,0.75,1.0,,,,,,,3.0,3.0,3.0,0.0,3.0,0.0,4.0,4.0,0.0,0.0,0.0,0.0,0.0,0.0,3.0,3.0,0.0,0.0,0.0,0.0,0.0,0.0,0.0,0.0,0.0,12.0,5.0,0.0
003090,Dyson Williams,CHA,Chaos,3,M,Midfield,2024-08-04,2025-08-09,2.0,2.0,2.0,0.0,2.0,0.0,7.0,5,0.0,0.0,0.0,0.0,0.0,0.0,0.0,1.0,0.0,0,0,0,0.0,0.0,0.0,0.0,2.0,19.0,11.0,0.2857142857142857,0.7142857142857143,,,,,0.0,,0.6666666666666666,0.6666666666666666,0.6666666666666666,0.0,0.6666666666666666,0.0,2.3333333333333335,1.6666666666666667,0.0,0.0,0.0,0.0,0.0,0.0,0.0,0.3333333333333333,0.0,0.0,0.0,0.0,0.0,0.0,0.0,0.0,0.6666666666666666,6.333333333333333,3.6666666666666665,0.6666666666666666
003090,Dyson Williams,OUT,Outlaws,3,M,Midfield,2024-08-18,2025-07-27,4.0,4.0,4.0,0.0,4.0,0.0,9.0,7,0.0,0.0,0.0,0.0,0.0,0.0,1.0,3.0,0.0,0,0,0,0.0,0.0,0.0,0.0,1.0,22.0,10.0,0.4444444444444444,0.7777777777777778,,,,,0.0,,1.3333333333333333,1.3333333333333333,1.3333333333333333,0.0,1.3333333333333333,0.0,3.0,2.3333333333333335,0.0,0.0,0.0,0.0,0.0,0.0,0.3333333333333333,1.0,0.0,0.0,0.0,0.0,0.0,0.0,0.0,0.0,0.3333333333333333,7.333333333333333,3.3333333333333335,0.3333333333333333
003090,Dyson Williams,RED,Redwoods,4,M,Midfield,2024-08-17,2026-05-09,3.0,2.0,2.0,0.0,2.0,1.0,11.0,8,0.0,0.0,0.0,0.0,0.0,0.0,1.0,1.0,0.0,0,0,0,0.0,0.0,0.0,0.0,1.0,24.0,12.0,0.18181818181818182,0.7272727272727273,,,,,1.0,,0.75,0.5,0.5,0.0,0.5,0.25,2.75,2.0,0.0,0.0,0.0,0.0,0.0,0.0,0.25,0.25,0.0,0.0,0.0,0.0,0.0,0.0,0.0,0.0,0.25,6.0,3.0,0.25
003090,Dyson Williams,WAT,Waterdogs,1,M,Midfield,2025-07-12,2025-07-12,1.0,1.0,1.0,0.0,1.0,0.0,2.0,2,0.0,0.0,0.0,0.0,0.0,0.0,2.0,0.0,0.0,0,0,0,0.0,0.0,0.0,0.0,0.0,9.0,7.0,0.5,1.0,,,,,,,1.0,1.0,1.0,0.0,1.0,0.0,2.0,2.0,0.0,0.0,0.0,0.0,0.0,0.0,2.0,0.0,0.0,0.0,0.0,0.0,0.0,0.0,0.0,0.0,0.0,9.0,7.0,0.0
003090,Dyson Williams,WHP,Whipsnakes,2,M,Midfield,2024-07-06,2025-05-31,2.0,2.0,2.0,0.0,2.0,0.0,4.0,4,0.0,0.0,0.0,0.0,0.0,0.0,0.0,1.0,0.0,0,0,0,0.0,0.0,0.0,0.0,0.0,15.0,10.0,0.5,1.0,,,,,,,1.0,1.0,1.0,0.0,1.0,0.0,2.0,2.0,0.0,0.0,0.0,0.0,0.0,0.0,0.0,0.5,0.0,0.0,0.0,0.0,0.0,0.0,0.0,0.0,0.0,7.5,5.0,0.0
003091,Garrett Degnon,ATL,Atlas,2,M,Midfield,2024-06-16,2025-05-30,3.0,2.0,2.0,0.0,2.0,1.0,11.0,7,4.0,0.0,0.0,0.0,0.0,0.0,3.0,1.0,0.0,0,0,0,0.0,0.0,0.0,0.0,2.0,45.0,33.0,0.18181818181818182,0.6363636363636364,,,,,0.5,0.0,1.5,1.0,1.0,0.0,1.0,0.5,5.5,3.5,2.0,0.0,0.0,0.0,0.0,0.0,1.5,0.5,0.0,0.0,0.0,0.0,0.0,0.0,0.0,0.0,1.0,22.5,16.5,1.0
003091,Garrett Degnon,CAN,Cannons,2,M,Midfield,2024-07-05,2026-08-07,0.0,0.0,0.0,0.0,0.0,0.0,7.0,2,2.0,0.0,0.0,0.0,0.0,0.0,2.0,1.0,0.0,0,0,0,0.0,0.0,1.0,1.0,1.0,33.0,25.0,0.0,0.2857142857142857,,,,,0.0,0.0,0.0,0.0,0.0,0.0,0.0,0.0,3.5,1.0,1.0,0.0,0.0,0.0,0.0,0.0,1.0,0.5,0.0,0.0,0.0,0.0,0.0,0.0,0.5,0.5,0.5,16.5,12.5,0.5
003091,Garrett Degnon,CHA,Chaos,1,M,Midfield,2024-06-07,2024-06-07,4.0,4.0,2.0,1.0,3.0,0.0,6.0,5,2.0,0.0,0.0,0.0,0.0,0.0,0.0,0.0,0.0,0,0,0,0.0,0.0,0.0,0.0,0.0,20.0,14.0,0.5,0.8333333333333334,,,,,,0.5,4.0,4.0,2.0,1.0,3.0,0.0,6.0,5.0,2.0,0.0,0.0,0.0,0.0,0.0,0.0,0.0,0.0,0.0,0.0,0.0,0.0,0.0,0.0,0.0,0.0,20.0,14.0,0.0
003091,Garrett Degnon,OUT,Outlaws,2,M,Midfield,2024-06-29,2025-06-06,3.0,3.0,3.0,0.0,3.0,0.0,6.0,4,1.0,0.0,0.0,0.0,0.0,0.0,2.0,2.0,0.0,0,0,0,0.0,0.0,1.0,0.5,2.0,29.0,21.0,0.5,0.6666666666666666,,,,,0.0,0.0,1.5,1.5,1.5,0.0,1.5,0.0,3.0,2.0,0.5,0.0,0.0,0.0,0.0,0.0,1.0,1.0,0.0,0.0,0.0,0.0,0.0,0.0,0.5,0.25,1.0,14.5,10.5,1.0
003091,Garrett Degnon,RED,Redwoods,1,M,Midfield,2025-06-07,2025-06-07,1.0,0.0,0.0,0.0,0.0,1.0,3.0,2,0.0,0.0,0.0,0.0,0.0,0.0,1.0,1.0,0.0,0,0,0,0.0,0.0,0.0,0.0,1.0,21.0,17.0,0.0,0.6666666666666666,,,,,1.0,,1.0,0.0,0.0,0.0,0.0,1.0,3.0,2.0,0.0,0.0,0.0,0.0,0.0,0.0,1.0,1.0,0.0,0.0,0.0,0.0,0.0,0.0,0.0,0.0,1.0,21.0,17.0,1.0
003091,Garrett Degnon,WHP,Whipsnakes,1,M,Midfield,2025-06-22,2025-06-22,1.0,0.0,0.0,0.0,0.0,1.0,4.0,0,1.0,0.0,0.0,0.0,0.0,0.0,1.0,1.0,0.0,0,0,0,0.0,0.0,0.0,0.0,1.0,13.0,8.0,0.0,0.0,,,,,1.0,0.0,1.0,0.0,0.0,0.0,0.0,1.0,4.0,0.0,1.0,0.0,0.0,0.0,0.0,0.0,1.0,1.0,0.0,0.0,0.0,0.0,0.0,0.0,0.0,0.0,1.0,13.0,8.0,1.0
003092,Josh Zawada,ARC,Archers,4,A,Attack,2024-06-08,2025-08-09,11.0,6.0,6.0,0.0,6.0,5.0,22.0,13,0.0,0.0,0.0,0.0,0.0,0.0,9.0,8.0,1.0,0,0,0,0.0,0.0,0.0,0.0,15.0,169.0,139.0,0.2727272727272727,0.5909090909090909,,,,,0.3333333333333333,,2.75,1.5,1.5,0.0,1.5,1.25,5.5,3.25,0.0,0.0,0.0,0.0,0.0,0.0,2.25,2.0,0.25,0.0,0.0,0.0,0.0,0.0,0.0,0.0,3.75,42.25,34.75,3.75
003092,Josh Zawada,ATL,Atlas,2,A,Attack,2024-07-06,2025-05-30,2.0,1.0,1.0,0.0,1.0,1.0,5.0,4,1.0,0.0,0.0,0.0,0.0,0.0,4.0,2.0,0.0,0,0,0,0.0,0.0,0.0,0.0,6.0,39.0,32.0,0.2,0.8,,,,,0.16666666666666666,0.0,1.0,0.5,0.5,0.0,0.5,0.5,2.5,2.0,0.5,0.0,0.0,0.0,0.0,0.0,2.0,1.0,0.0,0.0,0.0,0.0,0.0,0.0,0.0,0.0,3.0,19.5,16.0,3.0
003092,Josh Zawada,CAN,Cannons,2,A,Attack,2024-07-27,2025-06-29,2.0,1.0,1.0,0.0,1.0,1.0,5.0,4,0.0,0.0,0.0,0.0,0.0,0.0,2.0,3.0,0.0,0,0,0,0.0,0.0,0.0,0.0,8.0,63.0,55.0,0.2,0.8,,,,,0.125,,1.0,0.5,0.5,0.0,0.5,0.5,2.5,2.0,0.0,0.0,0.0,0.0,0.0,0.0,1.0,1.5,0.0,0.0,0.0,0.0,0.0,0.0,0.0,0.0,4.0,31.5,27.5,4.0
003092,Josh Zawada,CHA,Chaos,2,M,Midfield,2024-06-02,2024-08-10,3.0,1.0,1.0,0.0,1.0,2.0,8.0,4,0.0,0.0,0.0,0.0,0.0,0.0,1.0,2.0,0.0,0,0,0,0.0,0.0,1.0,1.0,9.0,81.0,71.0,0.125,0.5,,,,,0.2222222222222222,,1.5,0.5,0.5,0.0,0.5,1.0,4.0,2.0,0.0,0.0,0.0,0.0,0.0,0.0,0.5,1.0,0.0,0.0,0.0,0.0,0.0,0.0,0.5,0.5,4.5,40.5,35.5,4.5
003092,Josh Zawada,OUT,Outlaws,2,A,Attack,2025-06-06,2025-08-02,2.0,1.0,1.0,0.0,1.0,1.0,4.0,4,0.0,0.0,0.0,0.0,0.0,0.0,1.0,4.0,0.0,0,0,0,0.0,0.0,1.0,0.5,5.0,59.0,51.0,0.25,1.0,,,,,0.2,,1.0,0.5,0.5,0.0,0.5,0.5,2.0,2.0,0.0,0.0,0.0,0.0,0.0,0.0,0.5,2.0,0.0,0.0,0.0,0.0,0.0,0.0,0.5,0.25,2.5,29.5,25.5,2.5
003092,Josh Zawada,RED,Redwoods,3,M,Midfield,2024-06-29,2025-07-12,6.0,3.0,3.0,0.0,3.0,3.0,14.0,9,0.0,0.0,0.0,0.0,0.0,0.0,3.0,4.0,0.0,0,0,0,0.0,0.0,0.0,0.0,8.0,83.0,65.0,0.21428571428571427,0.6428571428571429,,,,,0.375,,2.0,1.0,1.0,0.0,1.0,1.0,4.666666666666667,3.0,0.0,0.0,0.0,0.0,0.0,0.0,1.0,1.3333333333333333,0.0,0.0,0.0,0.0,0.0,0.0,0.0,0.0,2.6666666666666665,27.666666666666668,21.666666666666668,2.6666666666666665
003092,Josh Zawada,WAT,Waterdogs,2,A,Attack,2024-07-19,2025-07-26,3.0,1.0,1.0,0.0,1.0,2.0,7.0,5,0.0,0.0,0.0,0.0,0.0,0.0,1.0,2.0,0.0,0,0,0,0.0,0.0,0.0,0.0,6.0,62.0,53.0,0.14285714285714285,0.7142857142857143,,,,,0.3333333333333333,,1.5,0.5,0.5,0.0,0.5,1.0,3.5,2.5,0.0,0.0,0.0,0.0,0.0,0.0,0.5,1.0,0.0,0.0,0.0,0.0,0.0,0.0,0.0,0.0,3.0,31.0,26.5,3.0
003092,Josh Zawada,WHP,Whipsnakes,1,M,Midfield,2024-08-10,2024-08-10,1.0,1.0,1.0,0.0,1.0,0.0,3.0,2,0.0,0.0,0.0,0.0,0.0,0.0,1.0,0.0,0.0,0,0,0,0.0,0.0,0.0,0.0,2.0,34.0,31.0,0.3333333333333333,0.6666666666666666,,,,,0.0,,1.0,1.0,1.0,0.0,1.0,0.0,3.0,2.0,0.0,0.0,0.0,0.0,0.0,0.0,1.0,0.0,0.0,0.0,0.0,0.0,0.0,0.0,0.0,0.0,2.0,34.0,31.0,2.0
003093,Ross Scott,ARC,Archers,6,M,Midfield,2024-06-15,2026-08-08,13.0,11.0,11.0,0.0,11.0,2.0,28.0,18,0.0,0.0,0.0,0.0,0.0,0.0,3.0,6.0,0.0,0,0,0,0.0,0.0,0.0,0.0,15.0,134.0,100.0,0.39285714285714285,0.6428571428571429,,,,,0.13333333333333333,,2.1666666666666665,1.8333333333333333,1.8333333333333333,0.0,1.8333333333333333,0.3333333333333333,4.666666666666667,3.0,0.0,0.0,0.0,0.0,0.0,0.0,0.5,1.0,0.0,0.0,0.0,0.0,0.0,0.0,0.0,0.0,2.5,22.333333333333332,16.666666666666668,2.5
003093,Ross Scott,ATL,Atlas,3,M,Midfield,2024-06-08,2026-05-09,5.0,4.0,4.0,0.0,4.0,1.0,13.0,9,0.0,0.0,0.0,0.0,0.0,0.0,4.0,6.0,0.0,0,0,0,0.0,0.0,0.0,0.0,6.0,54.0,35.0,0.3076923076923077,0.6923076923076923,,,,,0.16666666666666666,,1.6666666666666667,1.3333333333333333,1.3333333333333333,0.0,1.3333333333333333,0.3333333333333333,4.333333333333333,3.0,0.0,0.0,0.0,0.0,0.0,0.0,1.3333333333333333,2.0,0.0,0.0,0.0,0.0,0.0,0.0,0.0,0.0,2.0,18.0,11.666666666666666,2.0
003093,Ross Scott,CAN,Cannons,4,M,Midfield,2024-08-17,2026-07-25,9.0,4.0,4.0,0.0,4.0,5.0,9.0,6,0.0,0.0,0.0,0.0,0.0,0.0,3.0,3.0,0.0,0,0,0,0.0,0.0,0.0,0.0,10.0,90.0,78.0,0.4444444444444444,0.6666666666666666,,,,,0.5,,2.25,1.0,1.0,0.0,1.0,1.25,2.25,1.5,0.0,0.0,0.0,0.0,0.0,0.0,0.75,0.75,0.0,0.0,0.0,0.0,0.0,0.0,0.0,0.0,2.5,22.5,19.5,2.5
003093,Ross Scott,OUT,Outlaws,6,M,Midfield,2024-06-02,2026-07-18,12.0,8.0,8.0,0.0,8.0,4.0,28.0,17,0.0,0.0,0.0,0.0,0.0,0.0,4.0,13.0,1.0,0,0,0,0.0,0.0,1.0,0.5,14.0,160.0,119.0,0.2857142857142857,0.6071428571428571,,,,,0.2857142857142857,,2.0,1.3333333333333333,1.3333333333333333,0.0,1.3333333333333333,0.6666666666666666,4.666666666666667,2.8333333333333335,0.0,0.0,0.0,0.0,0.0,0.0,0.6666666666666666,2.1666666666666665,0.16666666666666666,0.0,0.0,0.0,0.0,0.0,0.16666666666666666,0.08333333333333333,2.3333333333333335,26.666666666666668,19.833333333333332,2.3333333333333335
003093,Ross Scott,RED,Redwoods,6,M,Midfield,2024-06-07,2026-07-31,14.0,9.0,9.0,0.0,9.0,5.0,23.0,16,0.0,0.0,0.0,0.0,0.0,0.0,4.0,7.0,0.0,0,0,0,0.0,0.0,1.0,0.5,13.0,133.0,103.0,0.391304347826087,0.6956521739130435,,,,,0.38461538461538464,,2.3333333333333335,1.5,1.5,0.0,1.5,0.8333333333333334,3.8333333333333335,2.6666666666666665,0.0,0.0,0.0,0.0,0.0,0.0,0.6666666666666666,1.1666666666666667,0.0,0.0,0.0,0.0,0.0,0.0,0.16666666666666666,0.08333333333333333,2.1666666666666665,22.166666666666668,17.166666666666668,2.1666666666666665
003093,Ross Scott,WAT,Waterdogs,4,M,Midfield,2024-06-30,2026-08-01,7.0,6.0,6.0,0.0,6.0,1.0,13.0,8,1.0,0.0,0.0,0.0,0.0,0.0,4.0,6.0,1.0,0,0,0,0.0,0.0,1.0,0.5,12.0,111.0,92.0,0.46153846153846156,0.6153846153846154,,,,,0.08333333333333333,0.0,1.75,1.5,1.5,0.0,1.5,0.25,3.25,2.0,0.25,0.0,0.0,0.0,0.0,0.0,1.0,1.5,0.25,0.0,0.0,0.0,0.0,0.0,0.25,0.125,3.0,27.75,23.0,3.0
003093,Ross Scott,WHP,Whipsnakes,3,M,Midfield,2024-07-20,2026-07-12,1.0,1.0,1.0,0.0,1.0,0.0,12.0,7,0.0,0.0,0.0,0.0,0.0,0.0,3.0,3.0,0.0,0,0,0,0.0,0.0,0.0,0.0,3.0,68.0,53.0,0.08333333333333333,0.5833333333333334,,,,,0.0,,0.3333333333333333,0.3333333333333333,0.3333333333333333,0.0,0.3333333333333333,0.0,4.0,2.3333333333333335,0.0,0.0,0.0,0.0,0.0,0.0,1.0,1.0,0.0,0.0,0.0,0.0,0.0,0.0,0.0,0.0,1.0,22.666666666666668,17.666666666666668,1.0
003094,Levi Anderson,ARC,Archers,3,M,Midfield,2024-07-06,2026-07-11,3.0,1.0,1.0,0.0,1.0,2.0,11.0,6,0.0,0.0,0.0,0.0,0.0,0.0,1.0,3.0,0.0,0,0,0,0.0,0.0,0.0,0.0,5.0,47.0,33.0,0.09090909090909091,0.5454545454545454,,,,,0.4,,1.0,0.3333333333333333,0.3333333333333333,0.0,0.3333333333333333,0.6666666666666666,3.6666666666666665,2.0,0.0,0.0,0.0,0.0,0.0,0.0,0.3333333333333333,1.0,0.0,0.0,0.0,0.0,0.0,0.0,0.0,0.0,1.6666666666666667,15.666666666666666,11.0,1.6666666666666667
003094,Levi Anderson,ATL,Atlas,2,M,Midfield,2024-06-28,2025-07-26,3.0,2.0,2.0,0.0,2.0,1.0,8.0,7,0.0,0.0,0.0,0.0,0.0,0.0,2.0,4.0,0.0,0,0,0,0.0,0.0,0.0,0.0,4.0,37.0,25.0,0.25,0.875,,,,,0.25,,1.5,1.0,1.0,0.0,1.0,0.5,4.0,3.5,0.0,0.0,0.0,0.0,0.0,0.0,1.0,2.0,0.0,0.0,0.0,0.0,0.0,0.0,0.0,0.0,2.0,18.5,12.5,2.0
003094,Levi Anderson,CAN,Cannons,3,M,Midfield,2024-08-04,2026-06-19,0.0,0.0,0.0,0.0,0.0,0.0,5.0,1,0.0,0.0,0.0,0.0,0.0,0.0,1.0,2.0,0.0,0,0,0,0.0,0.0,0.0,0.0,3.0,35.0,28.0,0.0,0.2,,,,,0.0,,0.0,0.0,0.0,0.0,0.0,0.0,1.6666666666666667,0.3333333333333333,0.0,0.0,0.0,0.0,0.0,0.0,0.3333333333333333,0.6666666666666666,0.0,0.0,0.0,0.0,0.0,0.0,0.0,0.0,1.0,11.666666666666666,9.333333333333334,1.0
003094,Levi Anderson,CHA,Chaos,3,M,Midfield,2024-07-20,2026-05-09,15.0,13.0,9.0,2.0,11.0,2.0,18.0,16,2.0,0.0,0.0,0.0,0.0,0.0,2.0,2.0,0.0,0,0,0,0.0,0.0,0.0,0.0,5.0,57.0,37.0,0.6111111111111112,0.8888888888888888,,,,,0.4,1.0,5.0,4.333333333333333,3.0,0.6666666666666666,3.6666666666666665,0.6666666666666666,6.0,5.333333333333333,0.6666666666666666,0.0,0.0,0.0,0.0,0.0,0.6666666666666666,0.6666666666666666,0.0,0.0,0.0,0.0,0.0,0.0,0.0,0.0,1.6666666666666667,19.0,12.333333333333334,1.6666666666666667
003094,Levi Anderson,OUT,Outlaws,3,M,Midfield,2024-08-10,2026-05-30,5.0,5.0,5.0,0.0,5.0,0.0,15.0,10,0.0,0.0,0.0,0.0,0.0,0.0,2.0,1.0,1.0,0,0,0,0.0,0.0,0.0,0.0,2.0,43.0,27.0,0.3333333333333333,0.6666666666666666,,,,,0.0,,1.6666666666666667,1.6666666666666667,1.6666666666666667,0.0,1.6666666666666667,0.0,5.0,3.3333333333333335,0.0,0.0,0.0,0.0,0.0,0.0,0.6666666666666666,0.3333333333333333,0.3333333333333333,0.0,0.0,0.0,0.0,0.0,0.0,0.0,0.6666666666666666,14.333333333333334,9.0,0.6666666666666666
003094,Levi Anderson,RED,Redwoods,4,M,Midfield,2024-07-28,2026-08-02,5.0,4.0,4.0,0.0,4.0,1.0,21.0,12,1.0,0.0,0.0,0.0,0.0,0.0,3.0,6.0,0.0,0,0,0,0.0,0.0,0.0,0.0,5.0,60.0,33.0,0.19047619047619047,0.5714285714285714,,,,,0.2,0.0,1.25,1.0,1.0,0.0,1.0,0.25,5.25,3.0,0.25,0.0,0.0,0.0,0.0,0.0,0.75,1.5,0.0,0.0,0.0,0.0,0.0,0.0,0.0,0.0,1.25,15.0,8.25,1.25
003094,Levi Anderson,WAT,Waterdogs,4,M,Midfield,2024-08-03,2026-07-25,3.0,3.0,3.0,0.0,3.0,0.0,10.0,7,0.0,0.0,0.0,0.0,0.0,0.0,4.0,2.0,1.0,0,0,0,0.0,0.0,1.0,0.5,9.0,54.0,42.0,0.3,0.7,,,,,0.0,,0.75,0.75,0.75,0.0,0.75,0.0,2.5,1.75,0.0,0.0,0.0,0.0,0.0,0.0,1.0,0.5,0.25,0.0,0.0,0.0,0.0,0.0,0.25,0.125,2.25,13.5,10.5,2.25
003094,Levi Anderson,WHP,Whipsnakes,2,M,Midfield,2026-05-16,2026-06-21,1.0,0.0,0.0,0.0,0.0,1.0,6.0,2,0.0,0.0,0.0,0.0,0.0,0.0,3.0,2.0,0.0,0,0,0,0.0,0.0,1.0,0.5,6.0,31.0,23.0,0.0,0.3333333333333333,,,,,0.16666666666666666,,0.5,0.0,0.0,0.0,0.0,0.5,3.0,1.0,0.0,0.0,0.0,0.0,0.0,0.0,1.5,1.0,0.0,0.0,0.0,0.0,0.0,0.0,0.5,0.25,3.0,15.5,11.5,3.0
003095,Stephen Zupicich,ATL,Atlas,2,LSM,Long Stick Midfield,2024-06-02,2024-06-28,0.0,0.0,0.0,0.0,0.0,0.0,1.0,0,1.0,0.0,0.0,0.0,0.0,0.0,2.0,1.0,0.0,0,0,0,0.0,0.0,0.0,0.0,0.0,5.0,3.0,0.0,0.0,,,,,,0.0,0.0,0.0,0.0,0.0,0.0,0.0,0.5,0.0,0.5,0.0,0.0,0.0,0.0,0.0,1.0,0.5,0.0,0.0,0.0,0.0,0.0,0.0,0.0,0.0,0.0,2.5,1.5,0.0
003095,Stephen Zupicich,CAN,Cannons,1,LSM,Long Stick Midfield,2024-06-08,2024-06-08,1.0,0.0,0.0,0.0,0.0,1.0,0.0,0,0.0,0.0,0.0,0.0,0.0,0.0,0.0,0.0,0.0,0,0,0,0.0,0.0,0.0,0.0,1.0,2.0,2.0,,,,,,,1.0,,1.0,0.0,0.0,0.0,0.0,1.0,0.0,0.0,0.0,0.0,0.0,0.0,0.0,0.0,0.0,0.0,0.0,0.0,0.0,0.0,0.0,0.0,0.0,0.0,1.0,2.0,2.0,1.0
003096,Marcus Hudgins,ARC,Archers,3,D,Defense,2025-07-12,2026-07-18,0.0,0.0,0.0,0.0,0.0,0.0,0.0,0,0.0,0.0,0.0,0.0,0.0,0.0,4.0,2.0,4.0,0,0,0,0.0,0.0,0.0,0.0,0.0,12.0,10.0,,,,,,,,,0.0,0.0,0.0,0.0,0.0,0.0,0.0,0.0,0.0,0.0,0.0,0.0,0.0,0.0,1.3333333333333333,0.6666666666666666,1.3333333333333333,0.0,0.0,0.0,0.0,0.0,0.0,0.0,0.0,4.0,3.3333333333333335,0.0
003096,Marcus Hudgins,ATL,Atlas,3,D,Defense,2024-07-28,2026-07-25,1.0,0.0,0.0,0.0,0.0,1.0,0.0,0,0.0,0.0,0.0,0.0,0.0,0.0,10.0,1.0,4.0,0,0,0,0.0,0.0,0.0,0.0,1.0,15.0,14.0,,,,,,,1.0,,0.3333333333333333,0.0,0.0,0.0,0.0,0.3333333333333333,0.0,0.0,0.0,0.0,0.0,0.0,0.0,0.0,3.3333333333333335,0.3333333333333333,1.3333333333333333,0.0,0.0,0.0,0.0,0.0,0.0,0.0,0.3333333333333333,5.0,4.666666666666667,0.3333333333333333
003096,Marcus Hudgins,CAN,Cannons,5,D,Defense,2024-06-15,2026-06-07,1.0,0.0,0.0,0.0,0.0,1.0,1.0,1,1.0,0.0,0.0,0.0,0.0,0.0,9.0,1.0,8.0,0,0,0,0.0,0.0,0.0,0.0,2.0,29.0,27.0,0.0,1.0,,,,,0.5,0.0,0.2,0.0,0.0,0.0,0.0,0.2,0.2,0.2,0.2,0.0,0.0,0.0,0.0,0.0,1.8,0.2,1.6,0.0,0.0,0.0,0.0,0.0,0.0,0.0,0.4,5.8,5.4,0.4
003096,Marcus Hudgins,CHA,Chaos,4,D,Defense,2024-06-30,2026-08-01,0.0,0.0,0.0,0.0,0.0,0.0,0.0,0,0.0,0.0,0.0,0.0,0.0,0.0,7.0,2.0,3.0,0,0,0,0.0,0.0,0.0,0.0,1.0,19.0,17.0,,,,,,,0.0,,0.0,0.0,0.0,0.0,0.0,0.0,0.0,0.0,0.0,0.0,0.0,0.0,0.0,0.0,1.75,0.5,0.75,0.0,0.0,0.0,0.0,0.0,0.0,0.0,0.25,4.75,4.25,0.25
003096,Marcus Hudgins,OUT,Outlaws,2,D,Defense,2024-07-19,2026-07-26,0.0,0.0,0.0,0.0,0.0,0.0,0.0,0,0.0,0.0,0.0,0.0,0.0,0.0,3.0,1.0,1.0,0,0,0,0.0,0.0,0.0,0.0,0.0,7.0,6.0,,,,,,,,,0.0,0.0,0.0,0.0,0.0,0.0,0.0,0.0,0.0,0.0,0.0,0.0,0.0,0.0,1.5,0.5,0.5,0.0,0.0,0.0,0.0,0.0,0.0,0.0,0.0,3.5,3.0,0.0
003096,Marcus Hudgins,RED,Redwoods,3,D,Defense,2024-08-10,2026-07-10,0.0,0.0,0.0,0.0,0.0,0.0,0.0,0,0.0,0.0,0.0,0.0,0.0,0.0,5.0,1.0,1.0,0,0,0,0.0,0.0,0.0,0.0,0.0,19.0,18.0,,,,,,,,,0.0,0.0,0.0,0.0,0.0,0.0,0.0,0.0,0.0,0.0,0.0,0.0,0.0,0.0,1.6666666666666667,0.3333333333333333,0.3333333333333333,0.0,0.0,0.0,0.0,0.0,0.0,0.0,0.0,6.333333333333333,6.0,0.0
003096,Marcus Hudgins,WHP,Whipsnakes,4,D,Defense,2024-06-16,2026-05-09,0.0,0.0,0.0,0.0,0.0,0.0,0.0,0,0.0,0.0,0.0,0.0,0.0,0.0,8.0,0.0,6.0,0,0,0,0.0,0.0,1.0,0.5,0.0,21.0,21.0,,,,,,,,,0.0,0.0,0.0,0.0,0.0,0.0,0.0,0.0,0.0,0.0,0.0,0.0,0.0,0.0,2.0,0.0,1.5,0.0,0.0,0.0,0.0,0.0,0.25,0.125,0.0,5.25,5.25,0.0
003097,Colby Barsz,OUT,Outlaws,2,D,Defense,2024-06-08,2024-08-18,0.0,0.0,0.0,0.0,0.0,0.0,0.0,0,0.0,0.0,0.0,0.0,0.0,0.0,5.0,2.0,1.0,0,0,0,0.0,0.0,0.0,0.0,0.0,6.0,4.0,,,,,,,,,0.0,0.0,0.0,0.0,0.0,0.0,0.0,0.0,0.0,0.0,0.0,0.0,0.0,0.0,2.5,1.0,0.5,0.0,0.0,0.0,0.0,0.0,0.0,0.0,0.0,3.0,2.0,0.0
003098,Luke Wierman,ARC,Archers,6,FO,Faceoff,2024-06-08,2026-07-25,4.0,2.0,2.0,0.0,2.0,2.0,9.0,5,4.0,0.0,0.0,0.0,0.0,0.0,41.0,4.0,0.0,84,62,147,0.0,0.0,1.0,0.5,2.0,52.0,39.0,0.2222222222222222,0.5555555555555556,0.5714285714285714,,,,1.0,0.0,0.6666666666666666,0.3333333333333333,0.3333333333333333,0.0,0.3333333333333333,0.3333333333333333,1.5,0.8333333333333334,0.6666666666666666,0.0,0.0,0.0,0.0,0.0,6.833333333333333,0.6666666666666666,0.0,14.0,10.333333333333334,24.5,0.0,0.0,0.16666666666666666,0.08333333333333333,0.3333333333333333,8.666666666666666,6.5,0.3333333333333333
003098,Luke Wierman,ATL,Atlas,4,FO,Faceoff,2024-07-06,2026-08-08,2.0,1.0,1.0,0.0,1.0,1.0,8.0,2,0.0,0.0,0.0,0.0,0.0,0.0,16.0,0.0,3.0,48,49,99,0.0,0.0,0.0,0.0,2.0,28.0,20.0,0.125,0.25,0.48484848484848486,,,,0.5,,0.5,0.25,0.25,0.0,0.25,0.25,2.0,0.5,0.0,0.0,0.0,0.0,0.0,0.0,4.0,0.0,0.75,12.0,12.25,24.75,0.0,0.0,0.0,0.0,0.5,7.0,5.0,0.5
003098,Luke Wierman,CAN,Cannons,3,FO,Faceoff,2024-07-27,2026-07-11,1.0,1.0,1.0,0.0,1.0,0.0,4.0,2,0.0,0.0,0.0,0.0,0.0,0.0,22.0,3.0,0.0,43,42,85,0.0,0.0,1.0,0.5,0.0,23.0,16.0,0.25,0.5,0.5058823529411764,,,,,,0.3333333333333333,0.3333333333333333,0.3333333333333333,0.0,0.3333333333333333,0.0,1.3333333333333333,0.6666666666666666,0.0,0.0,0.0,0.0,0.0,0.0,7.333333333333333,1.0,0.0,14.333333333333334,14.0,28.333333333333332,0.0,0.0,0.3333333333333333,0.16666666666666666,0.0,7.666666666666667,5.333333333333333,0.0
003098,Luke Wierman,CHA,Chaos,6,FO,Faceoff,2024-06-02,2026-07-18,1.0,1.0,1.0,0.0,1.0,0.0,8.0,4,3.0,0.0,0.0,0.0,0.0,0.0,43.0,7.0,4.0,82,54,136,0.0,0.0,0.0,0.0,2.0,47.0,32.0,0.125,0.5,0.6029411764705882,,,,0.0,0.0,0.16666666666666666,0.16666666666666666,0.16666666666666666,0.0,0.16666666666666666,0.0,1.3333333333333333,0.6666666666666666,0.5,0.0,0.0,0.0,0.0,0.0,7.166666666666667,1.1666666666666667,0.6666666666666666,13.666666666666666,9.0,22.666666666666668,0.0,0.0,0.0,0.0,0.3333333333333333,7.833333333333333,5.333333333333333,0.3333333333333333
003098,Luke Wierman,RED,Redwoods,5,FO,Faceoff,2024-06-29,2026-05-16,5.0,4.0,4.0,0.0,4.0,1.0,14.0,9,1.0,0.0,0.0,0.0,0.0,0.0,33.0,4.0,1.0,52,72,125,0.0,0.0,1.0,1.0,2.0,39.0,21.0,0.2857142857142857,0.6428571428571429,0.416,,,,0.5,0.0,1.0,0.8,0.8,0.0,0.8,0.2,2.8,1.8,0.2,0.0,0.0,0.0,0.0,0.0,6.6,0.8,0.2,10.4,14.4,25.0,0.0,0.0,0.2,0.2,0.4,7.8,4.2,0.4
003098,Luke Wierman,WAT,Waterdogs,3,FO,Faceoff,2024-07-19,2026-07-26,1.0,1.0,1.0,0.0,1.0,0.0,2.0,2,0.0,0.0,0.0,0.0,0.0,0.0,17.0,1.0,0.0,31,37,69,0.0,0.0,1.0,0.5,0.0,19.0,16.0,0.5,1.0,0.4492753623188406,,,,,,0.3333333333333333,0.3333333333333333,0.3333333333333333,0.0,0.3333333333333333,0.0,0.6666666666666666,0.6666666666666666,0.0,0.0,0.0,0.0,0.0,0.0,5.666666666666667,0.3333333333333333,0.0,10.333333333333334,12.333333333333334,23.0,0.0,0.0,0.3333333333333333,0.16666666666666666,0.0,6.333333333333333,5.333333333333333,0.0
003098,Luke Wierman,WHP,Whipsnakes,4,FO,Faceoff,2024-08-10,2026-08-01,2.0,0.0,0.0,0.0,0.0,2.0,1.0,0,0.0,0.0,0.0,0.0,0.0,0.0,35.0,4.0,2.0,51,47,99,0.0,0.0,0.0,0.0,2.0,38.0,33.0,0.0,0.0,0.5151515151515151,,,,1.0,,0.5,0.0,0.0,0.0,0.0,0.5,0.25,0.0,0.0,0.0,0.0,0.0,0.0,0.0,8.75,1.0,0.5,12.75,11.75,24.75,0.0,0.0,0.0,0.0,0.5,9.5,8.25,0.5
003099,Tyler Carpenter,ARC,Archers,3,LSM,Long Stick Midfield,2024-08-10,2026-07-11,3.0,2.0,0.0,1.0,1.0,1.0,1.0,1,1.0,0.0,0.0,0.0,0.0,0.0,6.0,1.0,1.0,0,0,0,0.0,0.0,1.0,1.0,2.0,25.0,23.0,1.0,1.0,,,,,0.5,1.0,1.0,0.6666666666666666,0.0,0.3333333333333333,0.3333333333333333,0.3333333333333333,0.3333333333333333,0.3333333333333333,0.3333333333333333,0.0,0.0,0.0,0.0,0.0,2.0,0.3333333333333333,0.3333333333333333,0.0,0.0,0.0,0.0,0.0,0.3333333333333333,0.3333333333333333,0.6666666666666666,8.333333333333334,7.666666666666667,0.6666666666666666
003099,Tyler Carpenter,CAN,Cannons,6,LSM,Long Stick Midfield,2024-06-01,2026-07-19,0.0,0.0,0.0,0.0,0.0,0.0,2.0,1,2.0,0.0,0.0,0.0,0.0,0.0,15.0,2.0,4.0,0,0,0,0.0,0.0,0.0,0.0,2.0,36.0,32.0,0.0,0.5,,,,,0.0,0.0,0.0,0.0,0.0,0.0,0.0,0.0,0.3333333333333333,0.16666666666666666,0.3333333333333333,0.0,0.0,0.0,0.0,0.0,2.5,0.3333333333333333,0.6666666666666666,0.0,0.0,0.0,0.0,0.0,0.0,0.0,0.3333333333333333,6.0,5.333333333333333,0.3333333333333333
003099,Tyler Carpenter,CHA,Chaos,3,LSM,Long Stick Midfield,2024-06-08,2026-05-09,2.0,2.0,0.0,1.0,1.0,0.0,2.0,2,1.0,0.0,0.0,0.0,0.0,0.0,14.0,0.0,2.0,0,0,0,0.0,0.0,0.0,0.0,0.0,26.0,24.0,0.5,1.0,,,,,,1.0,0.6666666666666666,0.6666666666666666,0.0,0.3333333333333333,0.3333333333333333,0.0,0.6666666666666666,0.6666666666666666,0.3333333333333333,0.0,0.0,0.0,0.0,0.0,4.666666666666667,0.0,0.6666666666666666,0.0,0.0,0.0,0.0,0.0,0.0,0.0,0.0,8.666666666666666,8.0,0.0
003099,Tyler Carpenter,OUT,Outlaws,4,LSM,Long Stick Midfield,2024-07-06,2026-08-08,1.0,0.0,0.0,0.0,0.0,1.0,1.0,0,0.0,0.0,0.0,0.0,0.0,0.0,20.0,3.0,3.0,0,0,0,0.0,0.0,0.0,0.0,1.0,31.0,27.0,0.0,0.0,,,,,1.0,,0.25,0.0,0.0,0.0,0.0,0.25,0.25,0.0,0.0,0.0,0.0,0.0,0.0,0.0,5.0,0.75,0.75,0.0,0.0,0.0,0.0,0.0,0.0,0.0,0.25,7.75,6.75,0.25
003099,Tyler Carpenter,RED,Redwoods,4,LSM,Long Stick Midfield,2024-06-16,2026-08-02,1.0,1.0,1.0,0.0,1.0,0.0,2.0,1,0.0,0.0,0.0,0.0,0.0,0.0,10.0,3.0,3.0,0,0,0,0.0,0.0,0.0,0.0,2.0,28.0,23.0,0.5,0.5,,,,,0.0,,0.25,0.25,0.25,0.0,0.25,0.0,0.5,0.25,0.0,0.0,0.0,0.0,0.0,0.0,2.5,0.75,0.75,0.0,0.0,0.0,0.0,0.0,0.0,0.0,0.5,7.0,5.75,0.5
003099,Tyler Carpenter,WAT,Waterdogs,5,LSM,Long Stick Midfield,2024-07-28,2026-07-25,0.0,0.0,0.0,0.0,0.0,0.0,2.0,1,1.0,0.0,0.0,0.0,0.0,0.0,7.0,1.0,1.0,0,0,0,0.0,0.0,0.0,0.0,2.0,27.0,24.0,0.0,0.5,,,,,0.0,0.0,0.0,0.0,0.0,0.0,0.0,0.0,0.4,0.2,0.2,0.0,0.0,0.0,0.0,0.0,1.4,0.2,0.2,0.0,0.0,0.0,0.0,0.0,0.0,0.0,0.4,5.4,4.8,0.4
003099,Tyler Carpenter,WHP,Whipsnakes,6,LSM,Long Stick Midfield,2024-06-02,2026-06-21,3.0,3.0,3.0,0.0,3.0,0.0,6.0,5,3.0,0.0,0.0,0.0,0.0,0.0,22.0,2.0,6.0,0,0,0,0.0,0.0,0.0,0.0,0.0,52.0,44.0,0.5,0.8333333333333334,,,,,,0.0,0.5,0.5,0.5,0.0,0.5,0.0,1.0,0.8333333333333334,0.5,0.0,0.0,0.0,0.0,0.0,3.6666666666666665,0.3333333333333333,1.0,0.0,0.0,0.0,0.0,0.0,0.0,0.0,0.0,8.666666666666666,7.333333333333333,0.0
003100,Adam Poitras,ARC,Archers,4,M,Midfield,2024-07-06,2026-07-25,4.0,2.0,2.0,0.0,2.0,2.0,10.0,7,0.0,0.0,0.0,0.0,0.0,0.0,8.0,5.0,1.0,0,0,0,0.0,0.0,0.0,0.0,2.0,82.0,67.0,0.2,0.7,,,,,1.0,,1.0,0.5,0.5,0.0,0.5,0.5,2.5,1.75,0.0,0.0,0.0,0.0,0.0,0.0,2.0,1.25,0.25,0.0,0.0,0.0,0.0,0.0,0.0,0.0,0.5,20.5,16.75,0.5
003100,Adam Poitras,ATL,Atlas,5,M,Midfield,2024-06-28,2026-06-21,11.0,9.0,9.0,0.0,9.0,2.0,24.0,18,0.0,0.0,0.0,0.0,0.0,0.0,16.0,5.0,0.0,0,0,0,0.0,0.0,1.0,0.5,5.0,99.0,70.0,0.375,0.75,,,,,0.4,,2.2,1.8,1.8,0.0,1.8,0.4,4.8,3.6,0.0,0.0,0.0,0.0,0.0,0.0,3.2,1.0,0.0,0.0,0.0,0.0,0.0,0.0,0.2,0.1,1.0,19.8,14.0,1.0
003100,Adam Poitras,CAN,Cannons,5,M,Midfield,2024-08-04,2026-08-07,15.0,14.0,14.0,0.0,14.0,1.0,23.0,17,0.0,0.0,0.0,0.0,0.0,0.0,13.0,4.0,1.0,0,0,0,0.0,0.0,1.0,0.5,4.0,111.0,84.0,0.6086956521739131,0.7391304347826086,,,,,0.25,,3.0,2.8,2.8,0.0,2.8,0.2,4.6,3.4,0.0,0.0,0.0,0.0,0.0,0.0,2.6,0.8,0.2,0.0,0.0,0.0,0.0,0.0,0.2,0.1,0.8,22.2,16.8,0.8
003100,Adam Poitras,CHA,Chaos,3,M,Midfield,2024-07-20,2026-07-12,4.0,3.0,3.0,0.0,3.0,1.0,7.0,6,1.0,0.0,0.0,0.0,0.0,0.0,6.0,1.0,0.0,0,0,0,0.0,0.0,0.0,0.0,1.0,52.0,44.0,0.42857142857142855,0.8571428571428571,,,,,1.0,0.0,1.3333333333333333,1.0,1.0,0.0,1.0,0.3333333333333333,2.3333333333333335,2.0,0.3333333333333333,0.0,0.0,0.0,0.0,0.0,2.0,0.3333333333333333,0.0,0.0,0.0,0.0,0.0,0.0,0.0,0.0,0.3333333333333333,17.333333333333332,14.666666666666666,0.3333333333333333
003100,Adam Poitras,OUT,Outlaws,4,M,Midfield,2024-08-10,2026-08-01,9.0,7.0,7.0,0.0,7.0,2.0,13.0,12,0.0,0.0,0.0,0.0,0.0,0.0,18.0,4.0,2.0,0,0,0,0.0,0.0,0.0,0.0,5.0,90.0,73.0,0.5384615384615384,0.9230769230769231,,,,,0.4,,2.25,1.75,1.75,0.0,1.75,0.5,3.25,3.0,0.0,0.0,0.0,0.0,0.0,0.0,4.5,1.0,0.5,0.0,0.0,0.0,0.0,0.0,0.0,0.0,1.25,22.5,18.25,1.25
003100,Adam Poitras,RED,Redwoods,3,M,Midfield,2024-07-28,2026-07-17,4.0,2.0,2.0,0.0,2.0,2.0,9.0,6,0.0,0.0,0.0,0.0,0.0,0.0,7.0,3.0,1.0,0,0,0,0.0,0.0,1.0,0.5,3.0,63.0,51.0,0.2222222222222222,0.6666666666666666,,,,,0.6666666666666666,,1.3333333333333333,0.6666666666666666,0.6666666666666666,0.0,0.6666666666666666,0.6666666666666666,3.0,2.0,0.0,0.0,0.0,0.0,0.0,0.0,2.3333333333333335,1.0,0.3333333333333333,0.0,0.0,0.0,0.0,0.0,0.3333333333333333,0.16666666666666666,1.0,21.0,17.0,1.0
003100,Adam Poitras,WAT,Waterdogs,4,M,Midfield,2024-08-03,2026-05-09,3.0,3.0,3.0,0.0,3.0,0.0,15.0,10,0.0,0.0,0.0,0.0,0.0,0.0,14.0,4.0,0.0,0,0,0,0.0,0.0,0.0,0.0,3.0,99.0,80.0,0.2,0.6666666666666666,,,,,0.0,,0.75,0.75,0.75,0.0,0.75,0.0,3.75,2.5,0.0,0.0,0.0,0.0,0.0,0.0,3.5,1.0,0.0,0.0,0.0,0.0,0.0,0.0,0.0,0.0,0.75,24.75,20.0,0.75
003101,Dylan Hess,ARC,Archers,1,SSDM,Defensive Midfield,2025-07-12,2025-07-12,0.0,0.0,0.0,0.0,0.0,0.0,1.0,1,0.0,0.0,0.0,0.0,0.0,0.0,0.0,0.0,0.0,0,0,0,0.0,0.0,0.0,0.0,0.0,4.0,3.0,0.0,1.0,,,,,,,0.0,0.0,0.0,0.0,0.0,0.0,1.0,1.0,0.0,0.0,0.0,0.0,0.0,0.0,0.0,0.0,0.0,0.0,0.0,0.0,0.0,0.0,0.0,0.0,0.0,4.0,3.0,0.0
003101,Dylan Hess,ATL,Atlas,2,SSDM,Defensive Midfield,2025-06-21,2025-08-09,1.0,0.0,0.0,0.0,0.0,1.0,1.0,0,1.0,0.0,0.0,0.0,0.0,0.0,3.0,0.0,4.0,0,2,2,0.0,0.0,0.0,0.0,2.0,15.0,14.0,0.0,0.0,0.0,,,,0.5,0.0,0.5,0.0,0.0,0.0,0.0,0.5,0.5,0.0,0.5,0.0,0.0,0.0,0.0,0.0,1.5,0.0,2.0,0.0,1.0,1.0,0.0,0.0,0.0,0.0,1.0,7.5,7.0,1.0
003101,Dylan Hess,CAN,Cannons,2,SSDM,Defensive Midfield,2025-06-13,2025-08-02,0.0,0.0,0.0,0.0,0.0,0.0,3.0,1,1.0,0.0,0.0,0.0,0.0,0.0,3.0,0.0,0.0,0,1,1,0.0,0.0,0.0,0.0,1.0,18.0,15.0,0.0,0.3333333333333333,0.0,,,,0.0,0.0,0.0,0.0,0.0,0.0,0.0,0.0,1.5,0.5,0.5,0.0,0.0,0.0,0.0,0.0,1.5,0.0,0.0,0.0,0.5,0.5,0.0,0.0,0.0,0.0,0.5,9.0,7.5,0.5
003101,Dylan Hess,CHA,Chaos,1,SSDM,Defensive Midfield,2025-07-26,2025-07-26,1.0,1.0,1.0,0.0,1.0,0.0,1.0,1,0.0,0.0,0.0,0.0,0.0,0.0,3.0,0.0,0.0,0,0,0,0.0,0.0,0.0,0.0,0.0,10.0,9.0,1.0,1.0,,,,,,,1.0,1.0,1.0,0.0,1.0,0.0,1.0,1.0,0.0,0.0,0.0,0.0,0.0,0.0,3.0,0.0,0.0,0.0,0.0,0.0,0.0,0.0,0.0,0.0,0.0,10.0,9.0,0.0
003101,Dylan Hess,OUT,Outlaws,1,SSDM,Defensive Midfield,2025-06-14,2025-06-14,0.0,0.0,0.0,0.0,0.0,0.0,0.0,0,0.0,0.0,0.0,0.0,0.0,0.0,2.0,0.0,0.0,0,0,0,0.0,0.0,0.0,0.0,1.0,8.0,8.0,,,,,,,0.0,,0.0,0.0,0.0,0.0,0.0,0.0,0.0,0.0,0.0,0.0,0.0,0.0,0.0,0.0,2.0,0.0,0.0,0.0,0.0,0.0,0.0,0.0,0.0,0.0,1.0,8.0,8.0,1.0
003101,Dylan Hess,RED,Redwoods,1,SSDM,Defensive Midfield,2025-06-28,2025-06-28,0.0,0.0,0.0,0.0,0.0,0.0,0.0,0,0.0,0.0,0.0,0.0,0.0,0.0,0.0,0.0,0.0,0,0,0,0.0,0.0,0.0,0.0,0.0,3.0,3.0,,,,,,,,,0.0,0.0,0.0,0.0,0.0,0.0,0.0,0.0,0.0,0.0,0.0,0.0,0.0,0.0,0.0,0.0,0.0,0.0,0.0,0.0,0.0,0.0,0.0,0.0,0.0,3.0,3.0,0.0
003101,Dylan Hess,WHP,Whipsnakes,3,SSDM,Defensive Midfield,2025-06-07,2026-05-09,1.0,1.0,1.0,0.0,1.0,0.0,1.0,1,0.0,0.0,0.0,0.0,0.0,0.0,3.0,0.0,0.0,0,3,3,0.0,0.0,0.0,0.0,2.0,24.0,23.0,1.0,1.0,0.0,,,,0.0,,0.3333333333333333,0.3333333333333333,0.3333333333333333,0.0,0.3333333333333333,0.0,0.3333333333333333,0.3333333333333333,0.0,0.0,0.0,0.0,0.0,0.0,1.0,0.0,0.0,0.0,1.0,1.0,0.0,0.0,0.0,0.0,0.6666666666666666,8.0,7.666666666666667,0.6666666666666666
003102,Chayse Ierlan,ARC,Archers,3,G,Goalie,2024-07-20,2025-07-26,0.0,0.0,0.0,0.0,0.0,0.0,1.0,1,1.0,27.0,7.0,20.0,20.0,20.0,3.0,0.0,0.0,0,0,0,18.0,2.0,0.0,0.0,0.0,36.0,35.0,0.0,1.0,,0.6,25.925925925925924,0.15555555555555556,,0.0,0.0,0.0,0.0,0.0,0.0,0.0,0.3333333333333333,0.3333333333333333,0.3333333333333333,9.0,2.3333333333333335,6.666666666666667,6.666666666666667,6.666666666666667,1.0,0.0,0.0,0.0,0.0,0.0,6.0,0.6666666666666666,0.0,0.0,0.0,12.0,11.666666666666666,0.0
003102,Chayse Ierlan,ATL,Atlas,1,G,Goalie,2025-07-18,2025-07-18,0.0,0.0,0.0,0.0,0.0,0.0,0.0,0,0.0,15.0,7.0,8.0,16.0,16.0,2.0,1.0,0.0,0,0,0,15.0,1.0,0.0,0.0,0.0,16.0,15.0,,,,0.5,46.666666666666664,0.23333333333333334,,,0.0,0.0,0.0,0.0,0.0,0.0,0.0,0.0,0.0,15.0,7.0,8.0,16.0,16.0,2.0,1.0,0.0,0.0,0.0,0.0,15.0,1.0,0.0,0.0,0.0,16.0,15.0,0.0
003102,Chayse Ierlan,CAN,Cannons,1,G,Goalie,2025-08-08,2025-08-08,0.0,0.0,0.0,0.0,0.0,0.0,0.0,0,0.0,10.0,3.0,7.0,17.0,17.0,0.0,1.0,0.0,0,0,0,16.0,1.0,0.0,0.0,0.0,11.0,10.0,,,,0.38461538461538464,30.0,0.11538461538461539,,,0.0,0.0,0.0,0.0,0.0,0.0,0.0,0.0,0.0,10.0,3.0,7.0,17.0,17.0,0.0,1.0,0.0,0.0,0.0,0.0,16.0,1.0,0.0,0.0,0.0,11.0,10.0,0.0
003102,Chayse Ierlan,CHA,Chaos,2,G,Goalie,2025-06-07,2025-07-12,0.0,0.0,0.0,0.0,0.0,0.0,0.0,0,0.0,21.0,7.0,14.0,22.0,22.0,3.0,0.0,0.0,0,0,0,20.0,2.0,0.0,0.0,0.0,19.0,19.0,,,,0.5121951219512195,33.33333333333333,0.17073170731707318,,,0.0,0.0,0.0,0.0,0.0,0.0,0.0,0.0,0.0,10.5,3.5,7.0,11.0,11.0,1.5,0.0,0.0,0.0,0.0,0.0,10.0,1.0,0.0,0.0,0.0,9.5,9.5,0.0
003102,Chayse Ierlan,OUT,Outlaws,3,G,Goalie,2024-08-03,2025-06-28,0.0,0.0,0.0,0.0,0.0,0.0,0.0,0,0.0,27.0,8.0,19.0,40.0,48.29733163913596,1.0,0.0,0.0,0,0,0,36.0,4.0,0.0,0.0,1.0,33.0,33.0,,,,0.42857142857142855,29.629629629629626,0.12698412698412698,0.0,,0.0,0.0,0.0,0.0,0.0,0.0,0.0,0.0,0.0,9.0,2.6666666666666665,6.333333333333333,13.333333333333334,16.099110546378654,0.3333333333333333,0.0,0.0,0.0,0.0,0.0,12.0,1.3333333333333333,0.0,0.0,0.3333333333333333,11.0,11.0,0.3333333333333333
003102,Chayse Ierlan,WAT,Waterdogs,1,G,Goalie,2025-06-28,2025-06-28,0.0,0.0,0.0,0.0,0.0,0.0,1.0,0,1.0,11.0,5.0,6.0,12.0,12.0,1.0,1.0,1.0,0,0,0,12.0,0.0,0.0,0.0,0.0,15.0,13.0,0.0,0.0,,0.4782608695652174,45.45454545454545,0.21739130434782608,,0.0,0.0,0.0,0.0,0.0,0.0,0.0,1.0,0.0,1.0,11.0,5.0,6.0,12.0,12.0,1.0,1.0,1.0,0.0,0.0,0.0,12.0,0.0,0.0,0.0,0.0,15.0,13.0,0.0
003102,Chayse Ierlan,WHP,Whipsnakes,1,G,Goalie,2025-08-03,2025-08-03,0.0,0.0,0.0,0.0,0.0,0.0,0.0,0,0.0,13.0,2.0,11.0,13.0,12.999999999999998,2.0,0.0,1.0,0,0,0,12.0,1.0,0.0,0.0,0.0,13.0,13.0,,,,0.52,15.384615384615385,0.08,,,0.0,0.0,0.0,0.0,0.0,0.0,0.0,0.0,0.0,13.0,2.0,11.0,13.0,12.999999999999998,2.0,0.0,1.0,0.0,0.0,0.0,12.0,1.0,0.0,0.0,0.0,13.0,13.0,0.0
003103,Scott Smith,ARC,Archers,4,D,Defense,2025-07-19,2026-08-08,1.0,1.0,1.0,0.0,1.0,0.0,7.0,4,5.0,0.0,0.0,0.0,0.0,0.0,12.0,0.0,4.0,0,0,0,0.0,0.0,3.0,2.5,0.0,20.0,13.0,0.14285714285714285,0.5714285714285714,,,,,,0.0,0.25,0.25,0.25,0.0,0.25,0.0,1.75,1.0,1.25,0.0,0.0,0.0,0.0,0.0,3.0,0.0,1.0,0.0,0.0,0.0,0.0,0.0,0.75,0.625,0.0,5.0,3.25,0.0
003103,Scott Smith,ATL,Atlas,1,D,Defense,2026-05-09,2026-05-09,0.0,0.0,0.0,0.0,0.0,0.0,1.0,0,0.0,0.0,0.0,0.0,0.0,0.0,0.0,1.0,2.0,0,0,0,0.0,0.0,0.0,0.0,0.0,2.0,0.0,0.0,0.0,,,,,,,0.0,0.0,0.0,0.0,0.0,0.0,1.0,0.0,0.0,0.0,0.0,0.0,0.0,0.0,0.0,1.0,2.0,0.0,0.0,0.0,0.0,0.0,0.0,0.0,0.0,2.0,0.0,0.0
003103,Scott Smith,CAN,Cannons,2,D,Defense,2026-05-15,2026-07-25,0.0,0.0,0.0,0.0,0.0,0.0,1.0,0,0.0,0.0,0.0,0.0,0.0,0.0,2.0,3.0,1.0,0,0,0,0.0,0.0,1.0,1.0,1.0,8.0,4.0,0.0,0.0,,,,,0.0,,0.0,0.0,0.0,0.0,0.0,0.0,0.5,0.0,0.0,0.0,0.0,0.0,0.0,0.0,1.0,1.5,0.5,0.0,0.0,0.0,0.0,0.0,0.5,0.5,0.5,4.0,2.0,0.5
003103,Scott Smith,OUT,Outlaws,3,D,Defense,2025-08-02,2026-07-18,2.0,1.0,1.0,0.0,1.0,1.0,1.0,1,0.0,0.0,0.0,0.0,0.0,0.0,3.0,1.0,5.0,0,0,0,0.0,0.0,0.0,0.0,1.0,15.0,13.0,1.0,1.0,,,,,1.0,,0.6666666666666666,0.3333333333333333,0.3333333333333333,0.0,0.3333333333333333,0.3333333333333333,0.3333333333333333,0.3333333333333333,0.0,0.0,0.0,0.0,0.0,0.0,1.0,0.3333333333333333,1.6666666666666667,0.0,0.0,0.0,0.0,0.0,0.0,0.0,0.3333333333333333,5.0,4.333333333333333,0.3333333333333333
003103,Scott Smith,RED,Redwoods,3,D,Defense,2025-07-12,2026-07-31,0.0,0.0,0.0,0.0,0.0,0.0,4.0,3,1.0,0.0,0.0,0.0,0.0,0.0,6.0,0.0,1.0,0,0,0,0.0,0.0,0.0,0.0,0.0,20.0,16.0,0.0,0.75,,,,,,0.0,0.0,0.0,0.0,0.0,0.0,0.0,1.3333333333333333,1.0,0.3333333333333333,0.0,0.0,0.0,0.0,0.0,2.0,0.0,0.3333333333333333,0.0,0.0,0.0,0.0,0.0,0.0,0.0,0.0,6.666666666666667,5.333333333333333,0.0
003103,Scott Smith,WAT,Waterdogs,3,D,Defense,2025-07-26,2026-08-01,0.0,0.0,0.0,0.0,0.0,0.0,2.0,1,2.0,0.0,0.0,0.0,0.0,0.0,7.0,0.0,2.0,0,0,0,0.0,0.0,1.0,2.0,1.0,21.0,19.0,0.0,0.5,,,,,0.0,0.0,0.0,0.0,0.0,0.0,0.0,0.0,0.6666666666666666,0.3333333333333333,0.6666666666666666,0.0,0.0,0.0,0.0,0.0,2.3333333333333335,0.0,0.6666666666666666,0.0,0.0,0.0,0.0,0.0,0.3333333333333333,0.6666666666666666,0.3333333333333333,7.0,6.333333333333333,0.3333333333333333
003103,Scott Smith,WHP,Whipsnakes,2,D,Defense,2025-06-22,2026-07-12,1.0,0.0,0.0,0.0,0.0,1.0,0.0,0,0.0,0.0,0.0,0.0,0.0,0.0,5.0,0.0,2.0,0,0,0,0.0,0.0,1.0,0.5,1.0,13.0,13.0,,,,,,,1.0,,0.5,0.0,0.0,0.0,0.0,0.5,0.0,0.0,0.0,0.0,0.0,0.0,0.0,0.0,2.5,0.0,1.0,0.0,0.0,0.0,0.0,0.0,0.5,0.25,0.5,6.5,6.5,0.5
003104,Michael Boehm,ARC,Archers,2,A,Attack,2026-05-09,2026-06-20,6.0,3.0,3.0,0.0,3.0,3.0,8.0,5,1.0,0.0,0.0,0.0,0.0,0.0,2.0,2.0,0.0,0,0,0,0.0,0.0,0.0,0.0,8.0,87.0,77.0,0.375,0.625,,,,,0.375,0.0,3.0,1.5,1.5,0.0,1.5,1.5,4.0,2.5,0.5,0.0,0.0,0.0,0.0,0.0,1.0,1.0,0.0,0.0,0.0,0.0,0.0,0.0,0.0,0.0,4.0,43.5,38.5,4.0
003104,Michael Boehm,ATL,Atlas,1,A,Attack,2026-06-06,2026-06-06,4.0,1.0,1.0,0.0,1.0,3.0,4.0,2,1.0,0.0,0.0,0.0,0.0,0.0,1.0,4.0,0.0,0,0,0,0.0,0.0,0.0,0.0,3.0,21.0,13.0,0.25,0.5,,,,,1.0,0.0,4.0,1.0,1.0,0.0,1.0,3.0,4.0,2.0,1.0,0.0,0.0,0.0,0.0,0.0,1.0,4.0,0.0,0.0,0.0,0.0,0.0,0.0,0.0,0.0,3.0,21.0,13.0,3.0
003104,Michael Boehm,CAN,Cannons,1,A,Attack,2026-06-28,2026-06-28,0.0,0.0,0.0,0.0,0.0,0.0,3.0,1,0.0,0.0,0.0,0.0,0.0,0.0,1.0,3.0,0.0,0,0,0,0.0,0.0,0.0,0.0,3.0,29.0,23.0,0.0,0.3333333333333333,,,,,0.0,,0.0,0.0,0.0,0.0,0.0,0.0,3.0,1.0,0.0,0.0,0.0,0.0,0.0,0.0,1.0,3.0,0.0,0.0,0.0,0.0,0.0,0.0,0.0,0.0,3.0,29.0,23.0,3.0
003104,Michael Boehm,OUT,Outlaws,2,A,Attack,2025-06-14,2026-05-16,3.0,1.0,1.0,0.0,1.0,2.0,7.0,4,0.0,0.0,0.0,0.0,0.0,0.0,4.0,1.0,0.0,0,0,0,0.0,0.0,0.0,0.0,4.0,49.0,41.0,0.14285714285714285,0.5714285714285714,,,,,0.5,,1.5,0.5,0.5,0.0,0.5,1.0,3.5,2.0,0.0,0.0,0.0,0.0,0.0,0.0,2.0,0.5,0.0,0.0,0.0,0.0,0.0,0.0,0.0,0.0,2.0,24.5,20.5,2.0
003104,Michael Boehm,RED,Redwoods,1,A,Attack,2024-08-10,2024-08-10,2.0,0.0,0.0,0.0,0.0,2.0,4.0,2,0.0,0.0,0.0,0.0,0.0,0.0,3.0,2.0,0.0,0,0,0,0.0,0.0,0.0,0.0,3.0,28.0,22.0,0.0,0.5,,,,,0.6666666666666666,,2.0,0.0,0.0,0.0,0.0,2.0,4.0,2.0,0.0,0.0,0.0,0.0,0.0,0.0,3.0,2.0,0.0,0.0,0.0,0.0,0.0,0.0,0.0,0.0,3.0,28.0,22.0,3.0
003105,Cole Kastner,ARC,Archers,2,D,Defense,2025-07-26,2026-05-09,0.0,0.0,0.0,0.0,0.0,0.0,0.0,0,0.0,0.0,0.0,0.0,0.0,0.0,1.0,0.0,1.0,0,0,0,0.0,0.0,0.0,0.0,1.0,11.0,11.0,,,,,,,0.0,,0.0,0.0,0.0,0.0,0.0,0.0,0.0,0.0,0.0,0.0,0.0,0.0,0.0,0.0,0.5,0.0,0.5,0.0,0.0,0.0,0.0,0.0,0.0,0.0,0.5,5.5,5.5,0.5
003105,Cole Kastner,ATL,Atlas,2,D,Defense,2025-07-18,2026-08-02,0.0,0.0,0.0,0.0,0.0,0.0,0.0,0,0.0,0.0,0.0,0.0,0.0,0.0,2.0,0.0,4.0,0,0,0,0.0,0.0,0.0,0.0,0.0,10.0,10.0,,,,,,,,,0.0,0.0,0.0,0.0,0.0,0.0,0.0,0.0,0.0,0.0,0.0,0.0,0.0,0.0,1.0,0.0,2.0,0.0,0.0,0.0,0.0,0.0,0.0,0.0,0.0,5.0,5.0,0.0
003105,Cole Kastner,CAN,Cannons,2,D,Defense,2025-08-08,2026-08-09,0.0,0.0,0.0,0.0,0.0,0.0,0.0,0,0.0,0.0,0.0,0.0,0.0,0.0,1.0,0.0,1.0,0,0,0,0.0,0.0,0.0,0.0,0.0,10.0,10.0,,,,,,,,,0.0,0.0,0.0,0.0,0.0,0.0,0.0,0.0,0.0,0.0,0.0,0.0,0.0,0.0,0.5,0.0,0.5,0.0,0.0,0.0,0.0,0.0,0.0,0.0,0.0,5.0,5.0,0.0
003105,Cole Kastner,CHA,Chaos,1,D,Defense,2025-07-12,2025-07-12,0.0,0.0,0.0,0.0,0.0,0.0,0.0,0,0.0,0.0,0.0,0.0,0.0,0.0,0.0,0.0,0.0,0,0,0,0.0,0.0,0.0,0.0,0.0,1.0,1.0,,,,,,,,,0.0,0.0,0.0,0.0,0.0,0.0,0.0,0.0,0.0,0.0,0.0,0.0,0.0,0.0,0.0,0.0,0.0,0.0,0.0,0.0,0.0,0.0,0.0,0.0,0.0,1.0,1.0,0.0
003105,Cole Kastner,OUT,Outlaws,1,D,Defense,2025-06-28,2025-06-28,0.0,0.0,0.0,0.0,0.0,0.0,0.0,0,0.0,0.0,0.0,0.0,0.0,0.0,1.0,1.0,2.0,0,0,0,0.0,0.0,0.0,0.0,1.0,5.0,4.0,,,,,,,0.0,,0.0,0.0,0.0,0.0,0.0,0.0,0.0,0.0,0.0,0.0,0.0,0.0,0.0,0.0,1.0,1.0,2.0,0.0,0.0,0.0,0.0,0.0,0.0,0.0,1.0,5.0,4.0,1.0
003105,Cole Kastner,WHP,Whipsnakes,1,D,Defense,2025-08-03,2025-08-03,0.0,0.0,0.0,0.0,0.0,0.0,0.0,0,0.0,0.0,0.0,0.0,0.0,0.0,2.0,0.0,2.0,0,0,0,0.0,0.0,0.0,0.0,0.0,5.0,5.0,,,,,,,,,0.0,0.0,0.0,0.0,0.0,0.0,0.0,0.0,0.0,0.0,0.0,0.0,0.0,0.0,2.0,0.0,2.0,0.0,0.0,0.0,0.0,0.0,0.0,0.0,0.0,5.0,5.0,0.0
003106,Dalton Young,ARC,Archers,6,M,Midfield,2024-06-08,2026-07-25,7.0,5.0,5.0,0.0,5.0,2.0,19.0,8,0.0,0.0,0.0,0.0,0.0,0.0,2.0,4.0,1.0,0,0,0,0.0,0.0,0.0,0.0,5.0,93.0,70.0,0.2631578947368421,0.42105263157894735,,,,,0.4,,1.1666666666666667,0.8333333333333334,0.8333333333333334,0.0,0.8333333333333334,0.3333333333333333,3.1666666666666665,1.3333333333333333,0.0,0.0,0.0,0.0,0.0,0.0,0.3333333333333333,0.6666666666666666,0.16666666666666666,0.0,0.0,0.0,0.0,0.0,0.0,0.0,0.8333333333333334,15.5,11.666666666666666,0.8333333333333334
003106,Dalton Young,ATL,Atlas,4,M,Midfield,2024-07-06,2026-08-08,6.0,2.0,2.0,0.0,2.0,4.0,15.0,12,0.0,0.0,0.0,0.0,0.0,0.0,2.0,10.0,0.0,0,0,0,0.0,0.0,0.0,0.0,9.0,98.0,73.0,0.13333333333333333,0.8,,,,,0.4444444444444444,,1.5,0.5,0.5,0.0,0.5,1.0,3.75,3.0,0.0,0.0,0.0,0.0,0.0,0.0,0.5,2.5,0.0,0.0,0.0,0.0,0.0,0.0,0.0,0.0,2.25,24.5,18.25,2.25
003106,Dalton Young,CAN,Cannons,3,M,Midfield,2024-07-27,2026-07-11,11.0,7.0,7.0,0.0,7.0,4.0,12.0,10,0.0,0.0,0.0,0.0,0.0,0.0,3.0,3.0,0.0,0,0,0,0.0,0.0,0.0,0.0,7.0,53.0,38.0,0.5833333333333334,0.8333333333333334,,,,,0.5714285714285714,,3.6666666666666665,2.3333333333333335,2.3333333333333335,0.0,2.3333333333333335,1.3333333333333333,4.0,3.3333333333333335,0.0,0.0,0.0,0.0,0.0,0.0,1.0,1.0,0.0,0.0,0.0,0.0,0.0,0.0,0.0,0.0,2.3333333333333335,17.666666666666668,12.666666666666666,2.3333333333333335
003106,Dalton Young,CHA,Chaos,5,M,Midfield,2024-08-10,2026-07-18,6.0,4.0,4.0,0.0,4.0,2.0,13.0,10,0.0,0.0,0.0,0.0,0.0,0.0,3.0,8.0,0.0,0,0,0,0.0,0.0,1.0,0.5,3.0,92.0,71.0,0.3076923076923077,0.7692307692307693,,,,,0.6666666666666666,,1.2,0.8,0.8,0.0,0.8,0.4,2.6,2.0,0.0,0.0,0.0,0.0,0.0,0.0,0.6,1.6,0.0,0.0,0.0,0.0,0.0,0.0,0.2,0.1,0.6,18.4,14.2,0.6
003106,Dalton Young,RED,Redwoods,5,M,Midfield,2024-06-29,2026-05-16,5.0,1.0,1.0,0.0,1.0,4.0,9.0,4,0.0,0.0,0.0,0.0,0.0,0.0,4.0,4.0,1.0,0,0,0,0.0,0.0,0.0,0.0,6.0,62.0,49.0,0.1111111111111111,0.4444444444444444,,,,,0.6666666666666666,,1.0,0.2,0.2,0.0,0.2,0.8,1.8,0.8,0.0,0.0,0.0,0.0,0.0,0.0,0.8,0.8,0.2,0.0,0.0,0.0,0.0,0.0,0.0,0.0,1.2,12.4,9.8,1.2
003106,Dalton Young,WAT,Waterdogs,3,M,Midfield,2024-07-19,2026-07-26,8.0,5.0,5.0,0.0,5.0,3.0,9.0,8,0.0,0.0,0.0,0.0,0.0,0.0,3.0,2.0,0.0,0,0,0,0.0,0.0,1.0,0.5,5.0,51.0,40.0,0.5555555555555556,0.8888888888888888,,,,,0.6,,2.6666666666666665,1.6666666666666667,1.6666666666666667,0.0,1.6666666666666667,1.0,3.0,2.6666666666666665,0.0,0.0,0.0,0.0,0.0,0.0,1.0,0.6666666666666666,0.0,0.0,0.0,0.0,0.0,0.0,0.3333333333333333,0.16666666666666666,1.6666666666666667,17.0,13.333333333333334,1.6666666666666667
003106,Dalton Young,WHP,Whipsnakes,4,M,Midfield,2024-08-10,2026-08-01,9.0,7.0,7.0,0.0,7.0,2.0,14.0,9,0.0,0.0,0.0,0.0,0.0,0.0,5.0,4.0,0.0,0,0,0,0.0,0.0,0.0,0.0,8.0,85.0,67.0,0.5,0.6428571428571429,,,,,0.25,,2.25,1.75,1.75,0.0,1.75,0.5,3.5,2.25,0.0,0.0,0.0,0.0,0.0,0.0,1.25,1.0,0.0,0.0,0.0,0.0,0.0,0.0,0.0,0.0,2.0,21.25,16.75,2.0
003108,Will Mark,CAN,Cannons,1,G,Goalie,2025-05-31,2025-05-31,0.0,0.0,0.0,0.0,0.0,0.0,0.0,0,0.0,0.0,0.0,0.0,0.0,0.0,0.0,0.0,0.0,0,0,0,0.0,0.0,0.0,0.0,0.0,1.0,1.0,,,,,,,,,0.0,0.0,0.0,0.0,0.0,0.0,0.0,0.0,0.0,0.0,0.0,0.0,0.0,0.0,0.0,0.0,0.0,0.0,0.0,0.0,0.0,0.0,0.0,0.0,0.0,1.0,1.0,0.0
003108,Will Mark,OUT,Outlaws,1,G,Goalie,2026-08-08,2026-08-08,0.0,0.0,0.0,0.0,0.0,0.0,0.0,0,0.0,7.0,2.0,5.0,3.0,6.0,3.0,0.0,1.0,0,0,0,3.0,0.0,0.0,0.0,0.0,5.0,5.0,,,,0.7,28.57142857142857,0.2,,,0.0,0.0,0.0,0.0,0.0,0.0,0.0,0.0,0.0,7.0,2.0,5.0,3.0,6.0,3.0,0.0,1.0,0.0,0.0,0.0,3.0,0.0,0.0,0.0,0.0,5.0,5.0,0.0
003108,Will Mark,RED,Redwoods,1,G,Goalie,2026-08-02,2026-08-02,0.0,0.0,0.0,0.0,0.0,0.0,0.0,0,0.0,0.0,0.0,0.0,0.0,0.0,0.0,0.0,0.0,0,0,0,0.0,0.0,0.0,0.0,0.0,0.0,0.0,,,,,,,,,0.0,0.0,0.0,0.0,0.0,0.0,0.0,0.0,0.0,0.0,0.0,0.0,0.0,0.0,0.0,0.0,0.0,0.0,0.0,0.0,0.0,0.0,0.0,0.0,0.0,0.0,0.0,0.0
003108,Will Mark,WHP,Whipsnakes,1,G,Goalie,2025-07-26,2025-07-26,0.0,0.0,0.0,0.0,0.0,0.0,0.0,0,0.0,0.0,0.0,0.0,0.0,0.0,1.0,0.0,0.0,0,0,0,0.0,0.0,0.0,0.0,0.0,0.0,0.0,,,,,,,,,0.0,0.0,0.0,0.0,0.0,0.0,0.0,0.0,0.0,0.0,0.0,0.0,0.0,0.0,1.0,0.0,0.0,0.0,0.0,0.0,0.0,0.0,0.0,0.0,0.0,0.0,0.0,0.0
003109,Chris Conlin,ARC,Archers,6,D,Defense,2024-07-20,2026-06-20,0.0,0.0,0.0,0.0,0.0,0.0,0.0,0,0.0,0.0,0.0,0.0,0.0,0.0,10.0,1.0,5.0,0,0,0,0.0,0.0,0.0,0.0,1.0,55.0,54.0,,,,,,,0.0,,0.0,0.0,0.0,0.0,0.0,0.0,0.0,0.0,0.0,0.0,0.0,0.0,0.0,0.0,1.6666666666666667,0.16666666666666666,0.8333333333333334,0.0,0.0,0.0,0.0,0.0,0.0,0.0,0.16666666666666666,9.166666666666666,9.0,0.16666666666666666
003109,Chris Conlin,ATL,Atlas,4,D,Defense,2024-06-16,2026-08-02,1.0,0.0,0.0,0.0,0.0,1.0,0.0,0,0.0,0.0,0.0,0.0,0.0,0.0,8.0,1.0,0.0,0,0,0,0.0,0.0,1.0,1.0,1.0,21.0,20.0,,,,,,,1.0,,0.25,0.0,0.0,0.0,0.0,0.25,0.0,0.0,0.0,0.0,0.0,0.0,0.0,0.0,2.0,0.25,0.0,0.0,0.0,0.0,0.0,0.0,0.25,0.25,0.25,5.25,5.0,0.25
003109,Chris Conlin,CAN,Cannons,4,D,Defense,2024-07-05,2026-08-09,0.0,0.0,0.0,0.0,0.0,0.0,0.0,0,0.0,0.0,0.0,0.0,0.0,0.0,2.0,0.0,2.0,0,0,0,0.0,0.0,1.0,0.5,0.0,29.0,29.0,,,,,,,,,0.0,0.0,0.0,0.0,0.0,0.0,0.0,0.0,0.0,0.0,0.0,0.0,0.0,0.0,0.5,0.0,0.5,0.0,0.0,0.0,0.0,0.0,0.25,0.125,0.0,7.25,7.25,0.0
003109,Chris Conlin,CHA,Chaos,5,D,Defense,2024-07-27,2026-07-31,0.0,0.0,0.0,0.0,0.0,0.0,0.0,0,0.0,0.0,0.0,0.0,0.0,0.0,16.0,0.0,9.0,0,0,0,0.0,0.0,0.0,0.0,0.0,39.0,39.0,,,,,,,,,0.0,0.0,0.0,0.0,0.0,0.0,0.0,0.0,0.0,0.0,0.0,0.0,0.0,0.0,3.2,0.0,1.8,0.0,0.0,0.0,0.0,0.0,0.0,0.0,0.0,7.8,7.8,0.0
003109,Chris Conlin,OUT,Outlaws,5,D,Defense,2024-06-29,2026-05-16,0.0,0.0,0.0,0.0,0.0,0.0,0.0,0,0.0,0.0,0.0,0.0,0.0,0.0,10.0,2.0,4.0,0,0,0,0.0,0.0,0.0,0.0,0.0,45.0,43.0,,,,,,,,,0.0,0.0,0.0,0.0,0.0,0.0,0.0,0.0,0.0,0.0,0.0,0.0,0.0,0.0,2.0,0.4,0.8,0.0,0.0,0.0,0.0,0.0,0.0,0.0,0.0,9.0,8.6,0.0
003109,Chris Conlin,WAT,Waterdogs,3,D,Defense,2024-08-10,2026-07-10,0.0,0.0,0.0,0.0,0.0,0.0,0.0,0,0.0,0.0,0.0,0.0,0.0,0.0,8.0,0.0,0.0,0,0,0,0.0,0.0,0.0,0.0,0.0,17.0,17.0,,,,,,,,,0.0,0.0,0.0,0.0,0.0,0.0,0.0,0.0,0.0,0.0,0.0,0.0,0.0,0.0,2.6666666666666665,0.0,0.0,0.0,0.0,0.0,0.0,0.0,0.0,0.0,0.0,5.666666666666667,5.666666666666667,0.0
003109,Chris Conlin,WHP,Whipsnakes,3,D,Defense,2024-07-28,2026-07-17,0.0,0.0,0.0,0.0,0.0,0.0,0.0,0,0.0,0.0,0.0,0.0,0.0,0.0,14.0,3.0,2.0,0,0,0,0.0,0.0,0.0,0.0,0.0,31.0,28.0,,,,,,,,,0.0,0.0,0.0,0.0,0.0,0.0,0.0,0.0,0.0,0.0,0.0,0.0,0.0,0.0,4.666666666666667,1.0,0.6666666666666666,0.0,0.0,0.0,0.0,0.0,0.0,0.0,0.0,10.333333333333334,9.333333333333334,0.0
003110,Carter Parlette,WAT,Waterdogs,1,SSDM,Defensive Midfield,2025-06-28,2025-06-28,0.0,0.0,0.0,0.0,0.0,0.0,0.0,0,0.0,0.0,0.0,0.0,0.0,0.0,1.0,0.0,0.0,0,0,0,0.0,0.0,0.0,0.0,0.0,5.0,5.0,,,,,,,,,0.0,0.0,0.0,0.0,0.0,0.0,0.0,0.0,0.0,0.0,0.0,0.0,0.0,0.0,1.0,0.0,0.0,0.0,0.0,0.0,0.0,0.0,0.0,0.0,0.0,5.0,5.0,0.0
003111,AJ Mercurio,WAT,Waterdogs,1,D,Defense,2026-05-09,2026-05-09,0.0,0.0,0.0,0.0,0.0,0.0,0.0,0,0.0,0.0,0.0,0.0,0.0,0.0,0.0,1.0,1.0,0,0,0,0.0,0.0,0.0,0.0,1.0,4.0,3.0,,,,,,,0.0,,0.0,0.0,0.0,0.0,0.0,0.0,0.0,0.0,0.0,0.0,0.0,0.0,0.0,0.0,0.0,1.0,1.0,0.0,0.0,0.0,0.0,0.0,0.0,0.0,1.0,4.0,3.0,1.0
003111,AJ Mercurio,WHP,Whipsnakes,1,D,Defense,2024-08-03,2024-08-03,0.0,0.0,0.0,0.0,0.0,0.0,0.0,0,0.0,0.0,0.0,0.0,0.0,0.0,0.0,0.0,1.0,0,0,0,0.0,0.0,0.0,0.0,0.0,2.0,2.0,,,,,,,,,0.0,0.0,0.0,0.0,0.0,0.0,0.0,0.0,0.0,0.0,0.0,0.0,0.0,0.0,0.0,0.0,1.0,0.0,0.0,0.0,0.0,0.0,0.0,0.0,0.0,2.0,2.0,0.0
003112,Jack DiBenedetto,ATL,Atlas,1,D,Defense,2025-06-21,2025-06-21,0.0,0.0,0.0,0.0,0.0,0.0,0.0,0,0.0,0.0,0.0,0.0,0.0,0.0,1.0,0.0,1.0,0,0,0,0.0,0.0,0.0,0.0,0.0,6.0,6.0,,,,,,,,,0.0,0.0,0.0,0.0,0.0,0.0,0.0,0.0,0.0,0.0,0.0,0.0,0.0,0.0,1.0,0.0,1.0,0.0,0.0,0.0,0.0,0.0,0.0,0.0,0.0,6.0,6.0,0.0
003112,Jack DiBenedetto,CAN,Cannons,1,D,Defense,2025-08-02,2025-08-02,0.0,0.0,0.0,0.0,0.0,0.0,0.0,0,0.0,0.0,0.0,0.0,0.0,0.0,1.0,1.0,1.0,0,0,0,0.0,0.0,0.0,0.0,0.0,5.0,4.0,,,,,,,,,0.0,0.0,0.0,0.0,0.0,0.0,0.0,0.0,0.0,0.0,0.0,0.0,0.0,0.0,1.0,1.0,1.0,0.0,0.0,0.0,0.0,0.0,0.0,0.0,0.0,5.0,4.0,0.0
003112,Jack DiBenedetto,CHA,Chaos,1,D,Defense,2025-07-26,2025-07-26,0.0,0.0,0.0,0.0,0.0,0.0,0.0,0,0.0,0.0,0.0,0.0,0.0,0.0,0.0,0.0,0.0,0,0,0,0.0,0.0,0.0,0.0,0.0,3.0,3.0,,,,,,,,,0.0,0.0,0.0,0.0,0.0,0.0,0.0,0.0,0.0,0.0,0.0,0.0,0.0,0.0,0.0,0.0,0.0,0.0,0.0,0.0,0.0,0.0,0.0,0.0,0.0,3.0,3.0,0.0
003112,Jack DiBenedetto,WAT,Waterdogs,1,D,Defense,2024-06-01,2024-06-01,0.0,0.0,0.0,0.0,0.0,0.0,0.0,0,0.0,0.0,0.0,0.0,0.0,0.0,3.0,1.0,0.0,0,0,0,0.0,0.0,0.0,0.0,0.0,3.0,2.0,,,,,,,,,0.0,0.0,0.0,0.0,0.0,0.0,0.0,0.0,0.0,0.0,0.0,0.0,0.0,0.0,3.0,1.0,0.0,0.0,0.0,0.0,0.0,0.0,0.0,0.0,0.0,3.0,2.0,0.0
003114,Saam Olexo,ARC,Archers,1,LSM,Long Stick Midfield,2024-08-18,2024-08-18,0.0,0.0,0.0,0.0,0.0,0.0,0.0,0,0.0,0.0,0.0,0.0,0.0,0.0,1.0,0.0,1.0,0,0,0,0.0,0.0,2.0,1.5,0.0,1.0,1.0,,,,,,,,,0.0,0.0,0.0,0.0,0.0,0.0,0.0,0.0,0.0,0.0,0.0,0.0,0.0,0.0,1.0,0.0,1.0,0.0,0.0,0.0,0.0,0.0,2.0,1.5,0.0,1.0,1.0,0.0
003115,Payton Cormier,WAT,Waterdogs,1,A,Attack,2024-08-17,2024-08-17,6.0,5.0,5.0,0.0,5.0,1.0,9.0,8,0.0,0.0,0.0,0.0,0.0,0.0,1.0,0.0,0.0,0,0,0,0.0,0.0,0.0,0.0,4.0,19.0,10.0,0.5555555555555556,0.8888888888888888,,,,,0.25,,6.0,5.0,5.0,0.0,5.0,1.0,9.0,8.0,0.0,0.0,0.0,0.0,0.0,0.0,1.0,0.0,0.0,0.0,0.0,0.0,0.0,0.0,0.0,0.0,4.0,19.0,10.0,4.0
003115,Payton Cormier,WHP,Whipsnakes,1,A,Attack,2024-06-28,2024-06-28,0.0,0.0,0.0,0.0,0.0,0.0,2.0,1,1.0,0.0,0.0,0.0,0.0,0.0,1.0,1.0,0.0,0,0,0,0.0,0.0,0.0,0.0,1.0,8.0,5.0,0.0,0.5,,,,,0.0,0.0,0.0,0.0,0.0,0.0,0.0,0.0,2.0,1.0,1.0,0.0,0.0,0.0,0.0,0.0,1.0,1.0,0.0,0.0,0.0,0.0,0.0,0.0,0.0,0.0,1.0,8.0,5.0,1.0
003119,Alec Stathakis,ARC,Archers,2,FO,Faceoff,2025-07-12,2026-07-18,1.0,1.0,1.0,0.0,1.0,0.0,4.0,2,1.0,0.0,0.0,0.0,0.0,0.0,21.0,2.0,1.0,35,19,54,0.0,0.0,0.0,0.0,2.0,25.0,19.0,0.25,0.5,0.6481481481481481,,,,0.0,0.0,0.5,0.5,0.5,0.0,0.5,0.0,2.0,1.0,0.5,0.0,0.0,0.0,0.0,0.0,10.5,1.0,0.5,17.5,9.5,27.0,0.0,0.0,0.0,0.0,1.0,12.5,9.5,1.0
003119,Alec Stathakis,ATL,Atlas,5,FO,Faceoff,2024-07-28,2026-07-25,0.0,0.0,0.0,0.0,0.0,0.0,4.0,1,2.0,0.0,0.0,0.0,0.0,0.0,19.0,4.0,0.0,55,73,129,0.0,0.0,0.0,0.0,0.0,26.0,18.0,0.0,0.25,0.4263565891472868,,,,,0.0,0.0,0.0,0.0,0.0,0.0,0.0,0.8,0.2,0.4,0.0,0.0,0.0,0.0,0.0,3.8,0.8,0.0,11.0,14.6,25.8,0.0,0.0,0.0,0.0,0.0,5.2,3.6,0.0
003119,Alec Stathakis,CAN,Cannons,3,FO,Faceoff,2024-07-06,2025-08-02,0.0,0.0,0.0,0.0,0.0,0.0,3.0,0,1.0,0.0,0.0,0.0,0.0,0.0,19.0,3.0,0.0,40,33,74,0.0,0.0,0.0,0.0,0.0,21.0,15.0,0.0,0.0,0.5405405405405406,,,,,0.0,0.0,0.0,0.0,0.0,0.0,0.0,1.0,0.0,0.3333333333333333,0.0,0.0,0.0,0.0,0.0,6.333333333333333,1.0,0.0,13.333333333333334,11.0,24.666666666666668,0.0,0.0,0.0,0.0,0.0,7.0,5.0,0.0
003119,Alec Stathakis,CHA,Chaos,3,FO,Faceoff,2024-06-30,2026-08-01,0.0,0.0,0.0,0.0,0.0,0.0,2.0,0,1.0,0.0,0.0,0.0,0.0,0.0,17.0,3.0,1.0,38,25,65,0.0,0.0,0.0,0.0,0.0,22.0,17.0,0.0,0.0,0.5846153846153846,,,,,0.0,0.0,0.0,0.0,0.0,0.0,0.0,0.6666666666666666,0.0,0.3333333333333333,0.0,0.0,0.0,0.0,0.0,5.666666666666667,1.0,0.3333333333333333,12.666666666666666,8.333333333333334,21.666666666666668,0.0,0.0,0.0,0.0,0.0,7.333333333333333,5.666666666666667,0.0
003119,Alec Stathakis,OUT,Outlaws,3,FO,Faceoff,2024-07-19,2026-07-26,0.0,0.0,0.0,0.0,0.0,0.0,2.0,1,1.0,0.0,0.0,0.0,0.0,0.0,16.0,1.0,0.0,38,32,71,0.0,0.0,0.0,0.0,0.0,14.0,11.0,0.0,0.5,0.5352112676056338,,,,,0.0,0.0,0.0,0.0,0.0,0.0,0.0,0.6666666666666666,0.3333333333333333,0.3333333333333333,0.0,0.0,0.0,0.0,0.0,5.333333333333333,0.3333333333333333,0.0,12.666666666666666,10.666666666666666,23.666666666666668,0.0,0.0,0.0,0.0,0.0,4.666666666666667,3.6666666666666665,0.0
003119,Alec Stathakis,RED,Redwoods,3,FO,Faceoff,2024-08-10,2026-07-10,0.0,0.0,0.0,0.0,0.0,0.0,3.0,0,2.0,0.0,0.0,0.0,0.0,0.0,15.0,0.0,0.0,47,32,79,0.0,0.0,0.0,0.0,0.0,17.0,14.0,0.0,0.0,0.5949367088607594,,,,,0.0,0.0,0.0,0.0,0.0,0.0,0.0,1.0,0.0,0.6666666666666666,0.0,0.0,0.0,0.0,0.0,5.0,0.0,0.0,15.666666666666666,10.666666666666666,26.333333333333332,0.0,0.0,0.0,0.0,0.0,5.666666666666667,4.666666666666667,0.0
003119,Alec Stathakis,WHP,Whipsnakes,3,FO,Faceoff,2024-08-03,2025-07-20,1.0,1.0,1.0,0.0,1.0,0.0,3.0,1,0.0,0.0,0.0,0.0,0.0,0.0,10.0,0.0,0.0,26,38,65,0.0,0.0,0.0,0.0,0.0,12.0,9.0,0.3333333333333333,0.3333333333333333,0.4,,,,,,0.3333333333333333,0.3333333333333333,0.3333333333333333,0.0,0.3333333333333333,0.0,1.0,0.3333333333333333,0.0,0.0,0.0,0.0,0.0,0.0,3.3333333333333335,0.0,0.0,8.666666666666666,12.666666666666666,21.666666666666668,0.0,0.0,0.0,0.0,0.0,4.0,3.0,0.0
003120,Jack VanOverbeke,ARC,Archers,1,M,Midfield,2025-06-22,2025-06-22,0.0,0.0,0.0,0.0,0.0,0.0,3.0,3,0.0,0.0,0.0,0.0,0.0,0.0,0.0,1.0,0.0,0,0,0,0.0,0.0,0.0,0.0,0.0,11.0,7.0,0.0,1.0,,,,,,,0.0,0.0,0.0,0.0,0.0,0.0,3.0,3.0,0.0,0.0,0.0,0.0,0.0,0.0,0.0,1.0,0.0,0.0,0.0,0.0,0.0,0.0,0.0,0.0,0.0,11.0,7.0,0.0
003120,Jack VanOverbeke,CHA,Chaos,1,M,Midfield,2025-06-06,2025-06-06,0.0,0.0,0.0,0.0,0.0,0.0,4.0,4,0.0,0.0,0.0,0.0,0.0,0.0,2.0,0.0,0.0,0,0,0,0.0,0.0,0.0,0.0,1.0,17.0,13.0,0.0,1.0,,,,,0.0,,0.0,0.0,0.0,0.0,0.0,0.0,4.0,4.0,0.0,0.0,0.0,0.0,0.0,0.0,2.0,0.0,0.0,0.0,0.0,0.0,0.0,0.0,0.0,0.0,1.0,17.0,13.0,1.0
003120,Jack VanOverbeke,OUT,Outlaws,1,M,Midfield,2024-08-18,2024-08-18,3.0,2.0,2.0,0.0,2.0,1.0,3.0,2,0.0,0.0,0.0,0.0,0.0,0.0,2.0,1.0,0.0,0,0,0,0.0,0.0,0.0,0.0,2.0,21.0,17.0,0.6666666666666666,0.6666666666666666,,,,,0.5,,3.0,2.0,2.0,0.0,2.0,1.0,3.0,2.0,0.0,0.0,0.0,0.0,0.0,0.0,2.0,1.0,0.0,0.0,0.0,0.0,0.0,0.0,0.0,0.0,2.0,21.0,17.0,2.0
003120,Jack VanOverbeke,RED,Redwoods,3,M,Midfield,2024-08-17,2025-06-28,5.0,2.0,2.0,0.0,2.0,3.0,11.0,5,0.0,0.0,0.0,0.0,0.0,0.0,1.0,1.0,0.0,0,0,0,0.0,0.0,0.0,0.0,7.0,42.0,30.0,0.18181818181818182,0.45454545454545453,,,,,0.42857142857142855,,1.6666666666666667,0.6666666666666666,0.6666666666666666,0.0,0.6666666666666666,1.0,3.6666666666666665,1.6666666666666667,0.0,0.0,0.0,0.0,0.0,0.0,0.3333333333333333,0.3333333333333333,0.0,0.0,0.0,0.0,0.0,0.0,0.0,0.0,2.3333333333333335,14.0,10.0,2.3333333333333335
003120,Jack VanOverbeke,WAT,Waterdogs,1,M,Midfield,2025-06-14,2025-06-14,0.0,0.0,0.0,0.0,0.0,0.0,2.0,0,0.0,0.0,0.0,0.0,0.0,0.0,0.0,0.0,0.0,0,0,0,0.0,0.0,0.0,0.0,0.0,6.0,4.0,0.0,0.0,,,,,,,0.0,0.0,0.0,0.0,0.0,0.0,2.0,0.0,0.0,0.0,0.0,0.0,0.0,0.0,0.0,0.0,0.0,0.0,0.0,0.0,0.0,0.0,0.0,0.0,0.0,6.0,4.0,0.0
003120,Jack VanOverbeke,WHP,Whipsnakes,1,M,Midfield,2025-07-13,2025-07-13,0.0,0.0,0.0,0.0,0.0,0.0,0.0,0,0.0,0.0,0.0,0.0,0.0,0.0,0.0,3.0,0.0,0,0,0,0.0,0.0,0.0,0.0,0.0,9.0,6.0,,,,,,,,,0.0,0.0,0.0,0.0,0.0,0.0,0.0,0.0,0.0,0.0,0.0,0.0,0.0,0.0,0.0,3.0,0.0,0.0,0.0,0.0,0.0,0.0,0.0,0.0,0.0,9.0,6.0,0.0
003121,Brayden Mayea,ARC,Archers,1,A,Attack,2026-05-09,2026-05-09,1.0,1.0,1.0,0.0,1.0,0.0,3.0,2,0.0,0.0,0.0,0.0,0.0,0.0,2.0,0.0,0.0,0,0,0,0.0,0.0,2.0,1.0,0.0,28.0,25.0,0.3333333333333333,0.6666666666666666,,,,,,,1.0,1.0,1.0,0.0,1.0,0.0,3.0,2.0,0.0,0.0,0.0,0.0,0.0,0.0,2.0,0.0,0.0,0.0,0.0,0.0,0.0,0.0,2.0,1.0,0.0,28.0,25.0,0.0
003121,Brayden Mayea,OUT,Outlaws,1,A,Attack,2026-05-16,2026-05-16,3.0,3.0,3.0,0.0,3.0,0.0,5.0,4,0.0,0.0,0.0,0.0,0.0,0.0,5.0,0.0,1.0,0,0,0,0.0,0.0,0.0,0.0,4.0,22.0,17.0,0.6,0.8,,,,,0.0,,3.0,3.0,3.0,0.0,3.0,0.0,5.0,4.0,0.0,0.0,0.0,0.0,0.0,0.0,5.0,0.0,1.0,0.0,0.0,0.0,0.0,0.0,0.0,0.0,4.0,22.0,17.0,4.0
003121,Brayden Mayea,RED,Redwoods,1,A,Attack,2024-07-27,2024-07-27,0.0,0.0,0.0,0.0,0.0,0.0,3.0,1,0.0,0.0,0.0,0.0,0.0,0.0,1.0,2.0,0.0,0,0,0,0.0,0.0,0.0,0.0,0.0,13.0,8.0,0.0,0.3333333333333333,,,,,,,0.0,0.0,0.0,0.0,0.0,0.0,3.0,1.0,0.0,0.0,0.0,0.0,0.0,0.0,1.0,2.0,0.0,0.0,0.0,0.0,0.0,0.0,0.0,0.0,0.0,13.0,8.0,0.0
003121,Brayden Mayea,WAT,Waterdogs,2,A,Attack,2024-06-30,2026-07-10,1.0,1.0,1.0,0.0,1.0,0.0,7.0,4,0.0,0.0,0.0,0.0,0.0,0.0,1.0,3.0,0.0,0,0,0,0.0,0.0,0.0,0.0,0.0,21.0,11.0,0.14285714285714285,0.5714285714285714,,,,,,,0.5,0.5,0.5,0.0,0.5,0.0,3.5,2.0,0.0,0.0,0.0,0.0,0.0,0.0,0.5,1.5,0.0,0.0,0.0,0.0,0.0,0.0,0.0,0.0,0.0,10.5,5.5,0.0
003121,Brayden Mayea,WHP,Whipsnakes,1,A,Attack,2024-07-20,2024-07-20,1.0,1.0,1.0,0.0,1.0,0.0,4.0,2,0.0,0.0,0.0,0.0,0.0,0.0,1.0,1.0,0.0,0,0,0,0.0,0.0,0.0,0.0,1.0,11.0,6.0,0.25,0.5,,,,,0.0,,1.0,1.0,1.0,0.0,1.0,0.0,4.0,2.0,0.0,0.0,0.0,0.0,0.0,0.0,1.0,1.0,0.0,0.0,0.0,0.0,0.0,0.0,0.0,0.0,1.0,11.0,6.0,1.0
003125,Matt Knote,WHP,Whipsnakes,1,G,Goalie,2025-08-03,2025-08-03,0.0,0.0,0.0,0.0,0.0,0.0,0.0,0,0.0,0.0,0.0,0.0,0.0,0.0,0.0,0.0,0.0,0,0,0,0.0,0.0,0.0,0.0,0.0,1.0,1.0,,,,,,,,,0.0,0.0,0.0,0.0,0.0,0.0,0.0,0.0,0.0,0.0,0.0,0.0,0.0,0.0,0.0,0.0,0.0,0.0,0.0,0.0,0.0,0.0,0.0,0.0,0.0,1.0,1.0,0.0
003126,Mike Robinson,ARC,Archers,1,A,Attack,2024-06-29,2024-06-29,0.0,0.0,0.0,0.0,0.0,0.0,1.0,1,0.0,0.0,0.0,0.0,0.0,0.0,3.0,2.0,0.0,0,0,0,0.0,0.0,0.0,0.0,0.0,24.0,21.0,0.0,1.0,,,,,,,0.0,0.0,0.0,0.0,0.0,0.0,1.0,1.0,0.0,0.0,0.0,0.0,0.0,0.0,3.0,2.0,0.0,0.0,0.0,0.0,0.0,0.0,0.0,0.0,0.0,24.0,21.0,0.0
003128,Jack Posey,ARC,Archers,1,D,Defense,2026-07-25,2026-07-25,0.0,0.0,0.0,0.0,0.0,0.0,1.0,1,1.0,0.0,0.0,0.0,0.0,0.0,1.0,2.0,1.0,0,0,0,0.0,0.0,0.0,0.0,0.0,3.0,0.0,0.0,1.0,,,,,,0.0,0.0,0.0,0.0,0.0,0.0,0.0,1.0,1.0,1.0,0.0,0.0,0.0,0.0,0.0,1.0,2.0,1.0,0.0,0.0,0.0,0.0,0.0,0.0,0.0,0.0,3.0,0.0,0.0
003128,Jack Posey,ATL,Atlas,2,D,Defense,2025-05-30,2026-05-16,0.0,0.0,0.0,0.0,0.0,0.0,0.0,0,0.0,0.0,0.0,0.0,0.0,0.0,2.0,0.0,0.0,0,0,0,0.0,0.0,1.0,1.0,0.0,5.0,5.0,,,,,,,,,0.0,0.0,0.0,0.0,0.0,0.0,0.0,0.0,0.0,0.0,0.0,0.0,0.0,0.0,1.0,0.0,0.0,0.0,0.0,0.0,0.0,0.0,0.5,0.5,0.0,2.5,2.5,0.0
003128,Jack Posey,CAN,Cannons,2,D,Defense,2024-08-17,2025-06-29,0.0,0.0,0.0,0.0,0.0,0.0,0.0,0,0.0,0.0,0.0,0.0,0.0,0.0,1.0,0.0,1.0,0,0,0,0.0,0.0,1.0,1.0,0.0,2.0,2.0,,,,,,,,,0.0,0.0,0.0,0.0,0.0,0.0,0.0,0.0,0.0,0.0,0.0,0.0,0.0,0.0,0.5,0.0,0.5,0.0,0.0,0.0,0.0,0.0,0.5,0.5,0.0,1.0,1.0,0.0
003128,Jack Posey,CHA,Chaos,1,D,Defense,2026-07-12,2026-07-12,0.0,0.0,0.0,0.0,0.0,0.0,0.0,0,0.0,0.0,0.0,0.0,0.0,0.0,3.0,0.0,1.0,0,0,0,0.0,0.0,0.0,0.0,0.0,3.0,3.0,,,,,,,,,0.0,0.0,0.0,0.0,0.0,0.0,0.0,0.0,0.0,0.0,0.0,0.0,0.0,0.0,3.0,0.0,1.0,0.0,0.0,0.0,0.0,0.0,0.0,0.0,0.0,3.0,3.0,0.0
003128,Jack Posey,OUT,Outlaws,2,D,Defense,2025-06-06,2026-06-27,0.0,0.0,0.0,0.0,0.0,0.0,1.0,1,1.0,0.0,0.0,0.0,0.0,0.0,4.0,1.0,2.0,0,0,0,0.0,0.0,0.0,0.0,0.0,10.0,8.0,0.0,1.0,,,,,,0.0,0.0,0.0,0.0,0.0,0.0,0.0,0.5,0.5,0.5,0.0,0.0,0.0,0.0,0.0,2.0,0.5,1.0,0.0,0.0,0.0,0.0,0.0,0.0,0.0,0.0,5.0,4.0,0.0
003128,Jack Posey,RED,Redwoods,2,D,Defense,2025-06-07,2026-07-17,1.0,0.0,0.0,0.0,0.0,1.0,0.0,0,0.0,0.0,0.0,0.0,0.0,0.0,4.0,1.0,1.0,0,0,0,0.0,0.0,0.0,0.0,1.0,7.0,6.0,,,,,,,1.0,,0.5,0.0,0.0,0.0,0.0,0.5,0.0,0.0,0.0,0.0,0.0,0.0,0.0,0.0,2.0,0.5,0.5,0.0,0.0,0.0,0.0,0.0,0.0,0.0,0.5,3.5,3.0,0.5
003128,Jack Posey,WAT,Waterdogs,2,D,Defense,2024-06-30,2026-05-09,0.0,0.0,0.0,0.0,0.0,0.0,0.0,0,0.0,0.0,0.0,0.0,0.0,0.0,1.0,2.0,1.0,0,0,0,0.0,0.0,1.0,1.0,0.0,8.0,6.0,,,,,,,,,0.0,0.0,0.0,0.0,0.0,0.0,0.0,0.0,0.0,0.0,0.0,0.0,0.0,0.0,0.5,1.0,0.5,0.0,0.0,0.0,0.0,0.0,0.5,0.5,0.0,4.0,3.0,0.0
003128,Jack Posey,WHP,Whipsnakes,2,D,Defense,2024-07-20,2025-06-22,0.0,0.0,0.0,0.0,0.0,0.0,0.0,0,0.0,0.0,0.0,0.0,0.0,0.0,1.0,0.0,1.0,0,0,0,0.0,0.0,0.0,0.0,0.0,15.0,15.0,,,,,,,,,0.0,0.0,0.0,0.0,0.0,0.0,0.0,0.0,0.0,0.0,0.0,0.0,0.0,0.0,0.5,0.0,0.5,0.0,0.0,0.0,0.0,0.0,0.0,0.0,0.0,7.5,7.5,0.0
003136,Jake Naso,CHA,Chaos,1,FO,Faceoff,2025-07-19,2025-07-19,0.0,0.0,0.0,0.0,0.0,0.0,2.0,0,0.0,0.0,0.0,0.0,0.0,0.0,5.0,0.0,0.0,9,14,23,0.0,0.0,0.0,0.0,0.0,5.0,3.0,0.0,0.0,0.391304347826087,,,,,,0.0,0.0,0.0,0.0,0.0,0.0,2.0,0.0,0.0,0.0,0.0,0.0,0.0,0.0,5.0,0.0,0.0,9.0,14.0,23.0,0.0,0.0,0.0,0.0,0.0,5.0,3.0,0.0
003136,Jake Naso,OUT,Outlaws,1,FO,Faceoff,2025-07-27,2025-07-27,0.0,0.0,0.0,0.0,0.0,0.0,1.0,0,0.0,0.0,0.0,0.0,0.0,0.0,4.0,1.0,0.0,9,12,22,0.0,0.0,1.0,0.5,0.0,5.0,3.0,0.0,0.0,0.4090909090909091,,,,,,0.0,0.0,0.0,0.0,0.0,0.0,1.0,0.0,0.0,0.0,0.0,0.0,0.0,0.0,4.0,1.0,0.0,9.0,12.0,22.0,0.0,0.0,1.0,0.5,0.0,5.0,3.0,0.0
003136,Jake Naso,RED,Redwoods,1,FO,Faceoff,2025-07-26,2025-07-26,0.0,0.0,0.0,0.0,0.0,0.0,1.0,1,1.0,0.0,0.0,0.0,0.0,0.0,2.0,0.0,0.0,6,11,17,0.0,0.0,0.0,0.0,0.0,2.0,1.0,0.0,1.0,0.35294117647058826,,,,,0.0,0.0,0.0,0.0,0.0,0.0,0.0,1.0,1.0,1.0,0.0,0.0,0.0,0.0,0.0,2.0,0.0,0.0,6.0,11.0,17.0,0.0,0.0,0.0,0.0,0.0,2.0,1.0,0.0
003136,Jake Naso,WAT,Waterdogs,1,FO,Faceoff,2025-07-12,2025-07-12,0.0,0.0,0.0,0.0,0.0,0.0,0.0,0,0.0,0.0,0.0,0.0,0.0,0.0,3.0,1.0,0.0,6,22,28,0.0,0.0,0.0,0.0,0.0,3.0,2.0,,,0.21428571428571427,,,,,,0.0,0.0,0.0,0.0,0.0,0.0,0.0,0.0,0.0,0.0,0.0,0.0,0.0,0.0,3.0,1.0,0.0,6.0,22.0,28.0,0.0,0.0,0.0,0.0,0.0,3.0,2.0,0.0
003142,Jack Koras,ARC,Archers,1,M,Midfield,2024-07-06,2024-07-06,0.0,0.0,0.0,0.0,0.0,0.0,1.0,1,0.0,0.0,0.0,0.0,0.0,0.0,6.0,0.0,1.0,0,0,0,0.0,0.0,0.0,0.0,1.0,13.0,12.0,0.0,1.0,,,,,0.0,,0.0,0.0,0.0,0.0,0.0,0.0,1.0,1.0,0.0,0.0,0.0,0.0,0.0,0.0,6.0,0.0,1.0,0.0,0.0,0.0,0.0,0.0,0.0,0.0,1.0,13.0,12.0,1.0
003142,Jack Koras,ATL,Atlas,1,M,Midfield,2024-06-28,2024-06-28,2.0,2.0,2.0,0.0,2.0,0.0,4.0,4,0.0,0.0,0.0,0.0,0.0,0.0,2.0,1.0,1.0,0,0,0,0.0,0.0,0.0,0.0,0.0,12.0,7.0,0.5,1.0,,,,,,,2.0,2.0,2.0,0.0,2.0,0.0,4.0,4.0,0.0,0.0,0.0,0.0,0.0,0.0,2.0,1.0,1.0,0.0,0.0,0.0,0.0,0.0,0.0,0.0,0.0,12.0,7.0,0.0
003142,Jack Koras,CAN,Cannons,1,M,Midfield,2024-08-04,2024-08-04,1.0,0.0,0.0,0.0,0.0,1.0,3.0,1,0.0,0.0,0.0,0.0,0.0,0.0,3.0,0.0,1.0,0,0,0,0.0,0.0,0.0,0.0,3.0,15.0,12.0,0.0,0.3333333333333333,,,,,0.3333333333333333,,1.0,0.0,0.0,0.0,0.0,1.0,3.0,1.0,0.0,0.0,0.0,0.0,0.0,0.0,3.0,0.0,1.0,0.0,0.0,0.0,0.0,0.0,0.0,0.0,3.0,15.0,12.0,3.0
003142,Jack Koras,OUT,Outlaws,1,M,Midfield,2024-08-10,2024-08-10,0.0,0.0,0.0,0.0,0.0,0.0,0.0,0,0.0,0.0,0.0,0.0,0.0,0.0,2.0,0.0,1.0,0,0,0,0.0,0.0,0.0,0.0,0.0,12.0,12.0,,,,,,,,,0.0,0.0,0.0,0.0,0.0,0.0,0.0,0.0,0.0,0.0,0.0,0.0,0.0,0.0,2.0,0.0,1.0,0.0,0.0,0.0,0.0,0.0,0.0,0.0,0.0,12.0,12.0,0.0
003142,Jack Koras,RED,Redwoods,1,M,Midfield,2024-07-28,2024-07-28,1.0,1.0,1.0,0.0,1.0,0.0,2.0,2,0.0,0.0,0.0,0.0,0.0,0.0,3.0,0.0,0.0,0,0,0,0.0,0.0,0.0,0.0,0.0,9.0,7.0,0.5,1.0,,,,,,,1.0,1.0,1.0,0.0,1.0,0.0,2.0,2.0,0.0,0.0,0.0,0.0,0.0,0.0,3.0,0.0,0.0,0.0,0.0,0.0,0.0,0.0,0.0,0.0,0.0,9.0,7.0,0.0
003142,Jack Koras,WAT,Waterdogs,1,M,Midfield,2024-06-16,2024-06-16,1.0,1.0,1.0,0.0,1.0,0.0,5.0,3,0.0,0.0,0.0,0.0,0.0,0.0,1.0,0.0,0.0,0,0,0,0.0,0.0,1.0,0.5,0.0,17.0,12.0,0.2,0.6,,,,,,,1.0,1.0,1.0,0.0,1.0,0.0,5.0,3.0,0.0,0.0,0.0,0.0,0.0,0.0,1.0,0.0,0.0,0.0,0.0,0.0,0.0,0.0,1.0,0.5,0.0,17.0,12.0,0.0
003143,Logan McGovern,CAN,Cannons,1,M,Midfield,2024-07-20,2024-07-20,2.0,2.0,2.0,0.0,2.0,0.0,5.0,5,0.0,0.0,0.0,0.0,0.0,0.0,1.0,0.0,0.0,0,0,0,0.0,0.0,1.0,0.5,2.0,23.0,18.0,0.4,1.0,,,,,0.0,,2.0,2.0,2.0,0.0,2.0,0.0,5.0,5.0,0.0,0.0,0.0,0.0,0.0,0.0,1.0,0.0,0.0,0.0,0.0,0.0,0.0,0.0,1.0,0.5,2.0,23.0,18.0,2.0
003143,Logan McGovern,WAT,Waterdogs,2,M,Midfield,2024-07-28,2024-08-17,1.0,1.0,1.0,0.0,1.0,0.0,6.0,4,0.0,0.0,0.0,0.0,0.0,0.0,3.0,3.0,0.0,0,0,0,0.0,0.0,0.0,0.0,2.0,36.0,27.0,0.16666666666666666,0.6666666666666666,,,,,0.0,,0.5,0.5,0.5,0.0,0.5,0.0,3.0,2.0,0.0,0.0,0.0,0.0,0.0,0.0,1.5,1.5,0.0,0.0,0.0,0.0,0.0,0.0,0.0,0.0,1.0,18.0,13.5,1.0
003145,JC Higginbotham,ARC,Archers,1,G,Goalie,2026-08-01,2026-08-01,0.0,0.0,0.0,0.0,0.0,0.0,1.0,0,1.0,11.0,4.0,7.0,7.0,7.0,3.0,1.0,0.0,0,0,0,7.0,0.0,0.0,0.0,0.0,12.0,10.0,0.0,0.0,,0.6111111111111112,36.36363636363637,0.2222222222222222,,0.0,0.0,0.0,0.0,0.0,0.0,0.0,1.0,0.0,1.0,11.0,4.0,7.0,7.0,7.0,3.0,1.0,0.0,0.0,0.0,0.0,7.0,0.0,0.0,0.0,0.0,12.0,10.0,0.0
003145,JC Higginbotham,CHA,Chaos,1,G,Goalie,2026-07-25,2026-07-25,0.0,0.0,0.0,0.0,0.0,0.0,0.0,0,0.0,0.0,0.0,0.0,0.0,0.0,1.0,0.0,0.0,0,0,0,0.0,0.0,0.0,0.0,0.0,0.0,0.0,,,,,,,,,0.0,0.0,0.0,0.0,0.0,0.0,0.0,0.0,0.0,0.0,0.0,0.0,0.0,0.0,1.0,0.0,0.0,0.0,0.0,0.0,0.0,0.0,0.0,0.0,0.0,0.0,0.0,0.0
003145,JC Higginbotham,RED,Redwoods,2,G,Goalie,2026-06-28,2026-08-09,0.0,0.0,0.0,0.0,0.0,0.0,0.0,0,0.0,15.0,3.0,12.0,9.0,9.0,2.0,0.0,0.0,0,0,0,9.0,0.0,0.0,0.0,0.0,11.0,11.0,,,,0.625,20.0,0.125,,,0.0,0.0,0.0,0.0,0.0,0.0,0.0,0.0,0.0,7.5,1.5,6.0,4.5,4.5,1.0,0.0,0.0,0.0,0.0,0.0,4.5,0.0,0.0,0.0,0.0,5.5,5.5,0.0
003145,JC Higginbotham,WAT,Waterdogs,1,G,Goalie,2026-06-07,2026-06-07,0.0,0.0,0.0,0.0,0.0,0.0,0.0,0,0.0,4.0,4.0,0.0,3.0,7.5856,0.0,0.0,0.0,0,0,0,3.0,0.0,0.0,0.0,0.0,5.0,5.0,,,,0.5714285714285714,100.0,0.5714285714285714,,,0.0,0.0,0.0,0.0,0.0,0.0,0.0,0.0,0.0,4.0,4.0,0.0,3.0,7.5856,0.0,0.0,0.0,0.0,0.0,0.0,3.0,0.0,0.0,0.0,0.0,5.0,5.0,0.0
003145,JC Higginbotham,WHP,Whipsnakes,1,G,Goalie,2026-08-07,2026-08-07,0.0,0.0,0.0,0.0,0.0,0.0,0.0,0,0.0,12.0,3.0,9.0,12.0,11.843728581220013,1.0,1.0,0.0,0,0,0,12.0,0.0,0.0,0.0,0.0,11.0,10.0,,,,0.5,25.0,0.125,,,0.0,0.0,0.0,0.0,0.0,0.0,0.0,0.0,0.0,12.0,3.0,9.0,12.0,11.843728581220013,1.0,1.0,0.0,0.0,0.0,0.0,12.0,0.0,0.0,0.0,0.0,11.0,10.0,0.0
003149,JJ Sillstrop,ARC,Archers,2,M,Midfield,2025-07-19,2025-08-09,0.0,0.0,0.0,0.0,0.0,0.0,3.0,2,0.0,0.0,0.0,0.0,0.0,0.0,0.0,0.0,0.0,0,0,0,0.0,0.0,0.0,0.0,0.0,9.0,6.0,0.0,0.6666666666666666,,,,,,,0.0,0.0,0.0,0.0,0.0,0.0,1.5,1.0,0.0,0.0,0.0,0.0,0.0,0.0,0.0,0.0,0.0,0.0,0.0,0.0,0.0,0.0,0.0,0.0,0.0,4.5,3.0,0.0
003149,JJ Sillstrop,ATL,Atlas,1,M,Midfield,2025-05-30,2025-05-30,3.0,2.0,2.0,0.0,2.0,1.0,6.0,5,0.0,0.0,0.0,0.0,0.0,0.0,0.0,1.0,2.0,0,0,0,0.0,0.0,0.0,0.0,1.0,25.0,18.0,0.3333333333333333,0.8333333333333334,,,,,1.0,,3.0,2.0,2.0,0.0,2.0,1.0,6.0,5.0,0.0,0.0,0.0,0.0,0.0,0.0,0.0,1.0,2.0,0.0,0.0,0.0,0.0,0.0,0.0,0.0,1.0,25.0,18.0,1.0
003149,JJ Sillstrop,CAN,Cannons,1,M,Midfield,2025-06-29,2025-06-29,1.0,1.0,1.0,0.0,1.0,0.0,5.0,4,0.0,0.0,0.0,0.0,0.0,0.0,0.0,3.0,0.0,0,0,0,0.0,0.0,0.0,0.0,0.0,15.0,7.0,0.2,0.8,,,,,,,1.0,1.0,1.0,0.0,1.0,0.0,5.0,4.0,0.0,0.0,0.0,0.0,0.0,0.0,0.0,3.0,0.0,0.0,0.0,0.0,0.0,0.0,0.0,0.0,0.0,15.0,7.0,0.0
003149,JJ Sillstrop,OUT,Outlaws,2,M,Midfield,2025-06-06,2025-08-02,2.0,0.0,0.0,0.0,0.0,2.0,0.0,0,0.0,0.0,0.0,0.0,0.0,0.0,1.0,0.0,0.0,0,0,0,0.0,0.0,0.0,0.0,6.0,30.0,30.0,,,,,,,0.3333333333333333,,1.0,0.0,0.0,0.0,0.0,1.0,0.0,0.0,0.0,0.0,0.0,0.0,0.0,0.0,0.5,0.0,0.0,0.0,0.0,0.0,0.0,0.0,0.0,0.0,3.0,15.0,15.0,3.0
003149,JJ Sillstrop,RED,Redwoods,2,M,Midfield,2025-06-07,2025-07-12,1.0,1.0,1.0,0.0,1.0,0.0,2.0,2,0.0,0.0,0.0,0.0,0.0,0.0,0.0,3.0,0.0,0,0,0,0.0,0.0,0.0,0.0,3.0,34.0,29.0,0.5,1.0,,,,,0.0,,0.5,0.5,0.5,0.0,0.5,0.0,1.0,1.0,0.0,0.0,0.0,0.0,0.0,0.0,0.0,1.5,0.0,0.0,0.0,0.0,0.0,0.0,0.0,0.0,1.5,17.0,14.5,1.5
003149,JJ Sillstrop,WAT,Waterdogs,1,M,Midfield,2025-07-26,2025-07-26,0.0,0.0,0.0,0.0,0.0,0.0,3.0,3,0.0,0.0,0.0,0.0,0.0,0.0,1.0,1.0,0.0,0,0,0,0.0,0.0,0.0,0.0,2.0,19.0,15.0,0.0,1.0,,,,,0.0,,0.0,0.0,0.0,0.0,0.0,0.0,3.0,3.0,0.0,0.0,0.0,0.0,0.0,0.0,1.0,1.0,0.0,0.0,0.0,0.0,0.0,0.0,0.0,0.0,2.0,19.0,15.0,2.0
003149,JJ Sillstrop,WHP,Whipsnakes,1,M,Midfield,2025-06-22,2025-06-22,1.0,1.0,1.0,0.0,1.0,0.0,3.0,2,0.0,0.0,0.0,0.0,0.0,0.0,1.0,1.0,0.0,0,0,0,0.0,0.0,0.0,0.0,0.0,9.0,5.0,0.3333333333333333,0.6666666666666666,,,,,,,1.0,1.0,1.0,0.0,1.0,0.0,3.0,2.0,0.0,0.0,0.0,0.0,0.0,0.0,1.0,1.0,0.0,0.0,0.0,0.0,0.0,0.0,0.0,0.0,0.0,9.0,5.0,0.0
003151,Nathan Laliberte,CAN,Cannons,1,FO,Faceoff,2026-06-19,2026-06-19,1.0,1.0,1.0,0.0,1.0,0.0,3.0,1,0.0,0.0,0.0,0.0,0.0,0.0,7.0,3.0,1.0,10,14,24,0.0,0.0,0.0,0.0,0.0,6.0,0.0,0.3333333333333333,0.3333333333333333,0.4166666666666667,,,,,,1.0,1.0,1.0,0.0,1.0,0.0,3.0,1.0,0.0,0.0,0.0,0.0,0.0,0.0,7.0,3.0,1.0,10.0,14.0,24.0,0.0,0.0,0.0,0.0,0.0,6.0,0.0,0.0
003151,Nathan Laliberte,CHA,Chaos,1,FO,Faceoff,2026-05-09,2026-05-09,0.0,0.0,0.0,0.0,0.0,0.0,1.0,1,0.0,0.0,0.0,0.0,0.0,0.0,3.0,1.0,0.0,12,16,28,0.0,0.0,1.0,0.5,0.0,3.0,1.0,0.0,1.0,0.42857142857142855,,,,,,0.0,0.0,0.0,0.0,0.0,0.0,1.0,1.0,0.0,0.0,0.0,0.0,0.0,0.0,3.0,1.0,0.0,12.0,16.0,28.0,0.0,0.0,1.0,0.5,0.0,3.0,1.0,0.0
003151,Nathan Laliberte,WHP,Whipsnakes,2,FO,Faceoff,2026-05-16,2026-06-21,1.0,0.0,0.0,0.0,0.0,1.0,3.0,0,2.0,0.0,0.0,0.0,0.0,0.0,11.0,1.0,1.0,26,27,53,0.0,0.0,1.0,1.0,2.0,12.0,8.0,0.0,0.0,0.49056603773584906,,,,0.5,0.0,0.5,0.0,0.0,0.0,0.0,0.5,1.5,0.0,1.0,0.0,0.0,0.0,0.0,0.0,5.5,0.5,0.5,13.0,13.5,26.5,0.0,0.0,0.5,0.5,1.0,6.0,4.0,1.0
003152,James Shipley,CHA,Chaos,1,SSDM,Defensive Midfield,2026-07-12,2026-07-12,1.0,0.0,0.0,0.0,0.0,1.0,0.0,0,0.0,0.0,0.0,0.0,0.0,0.0,0.0,1.0,1.0,0,0,0,0.0,0.0,0.0,0.0,1.0,8.0,7.0,,,,,,,1.0,,1.0,0.0,0.0,0.0,0.0,1.0,0.0,0.0,0.0,0.0,0.0,0.0,0.0,0.0,0.0,1.0,1.0,0.0,0.0,0.0,0.0,0.0,0.0,0.0,1.0,8.0,7.0,1.0
003152,James Shipley,WAT,Waterdogs,1,SSDM,Defensive Midfield,2026-05-09,2026-05-09,0.0,0.0,0.0,0.0,0.0,0.0,0.0,0,0.0,0.0,0.0,0.0,0.0,0.0,3.0,1.0,0.0,0,2,2,0.0,0.0,0.0,0.0,1.0,13.0,12.0,,,0.0,,,,0.0,,0.0,0.0,0.0,0.0,0.0,0.0,0.0,0.0,0.0,0.0,0.0,0.0,0.0,0.0,3.0,1.0,0.0,0.0,2.0,2.0,0.0,0.0,0.0,0.0,1.0,13.0,12.0,1.0
003153,Richie Connell,ARC,Archers,1,A,Attack,2026-07-25,2026-07-25,2.0,2.0,2.0,0.0,2.0,0.0,4.0,3,0.0,0.0,0.0,0.0,0.0,0.0,0.0,2.0,0.0,0,0,0,0.0,0.0,0.0,0.0,2.0,18.0,12.0,0.5,0.75,,,,,0.0,,2.0,2.0,2.0,0.0,2.0,0.0,4.0,3.0,0.0,0.0,0.0,0.0,0.0,0.0,0.0,2.0,0.0,0.0,0.0,0.0,0.0,0.0,0.0,0.0,2.0,18.0,12.0,2.0
003153,Richie Connell,CAN,Cannons,1,A,Attack,2026-08-07,2026-08-07,0.0,0.0,0.0,0.0,0.0,0.0,0.0,0,0.0,0.0,0.0,0.0,0.0,0.0,1.0,0.0,0.0,0,0,0,0.0,0.0,0.0,0.0,0.0,4.0,4.0,,,,,,,,,0.0,0.0,0.0,0.0,0.0,0.0,0.0,0.0,0.0,0.0,0.0,0.0,0.0,0.0,1.0,0.0,0.0,0.0,0.0,0.0,0.0,0.0,0.0,0.0,0.0,4.0,4.0,0.0
003153,Richie Connell,CHA,Chaos,1,A,Attack,2026-07-12,2026-07-12,2.0,2.0,2.0,0.0,2.0,0.0,4.0,2,0.0,0.0,0.0,0.0,0.0,0.0,0.0,0.0,0.0,0,0,0,0.0,0.0,0.0,0.0,2.0,18.0,14.0,0.5,0.5,,,,,0.0,,2.0,2.0,2.0,0.0,2.0,0.0,4.0,2.0,0.0,0.0,0.0,0.0,0.0,0.0,0.0,0.0,0.0,0.0,0.0,0.0,0.0,0.0,0.0,0.0,2.0,18.0,14.0,2.0
003153,Richie Connell,OUT,Outlaws,1,A,Attack,2026-08-01,2026-08-01,0.0,0.0,0.0,0.0,0.0,0.0,4.0,0,0.0,0.0,0.0,0.0,0.0,0.0,0.0,3.0,0.0,0,0,0,0.0,0.0,0.0,0.0,1.0,24.0,17.0,0.0,0.0,,,,,0.0,,0.0,0.0,0.0,0.0,0.0,0.0,4.0,0.0,0.0,0.0,0.0,0.0,0.0,0.0,0.0,3.0,0.0,0.0,0.0,0.0,0.0,0.0,0.0,0.0,1.0,24.0,17.0,1.0
003153,Richie Connell,RED,Redwoods,1,A,Attack,2026-07-17,2026-07-17,1.0,1.0,1.0,0.0,1.0,0.0,7.0,3,0.0,0.0,0.0,0.0,0.0,0.0,1.0,1.0,0.0,0,0,0,0.0,0.0,0.0,0.0,1.0,20.0,12.0,0.14285714285714285,0.42857142857142855,,,,,0.0,,1.0,1.0,1.0,0.0,1.0,0.0,7.0,3.0,0.0,0.0,0.0,0.0,0.0,0.0,1.0,1.0,0.0,0.0,0.0,0.0,0.0,0.0,0.0,0.0,1.0,20.0,12.0,1.0
003156,Aidan Danenza,ARC,Archers,3,M,Midfield,2025-07-26,2026-06-20,3.0,2.0,2.0,0.0,2.0,1.0,14.0,8,2.0,0.0,0.0,0.0,0.0,0.0,1.0,3.0,1.0,0,0,0,0.0,0.0,0.0,0.0,3.0,73.0,56.0,0.14285714285714285,0.5714285714285714,,,,,0.3333333333333333,0.0,1.0,0.6666666666666666,0.6666666666666666,0.0,0.6666666666666666,0.3333333333333333,4.666666666666667,2.6666666666666665,0.6666666666666666,0.0,0.0,0.0,0.0,0.0,0.3333333333333333,1.0,0.3333333333333333,0.0,0.0,0.0,0.0,0.0,0.0,0.0,1.0,24.333333333333332,18.666666666666668,1.0
003156,Aidan Danenza,ATL,Atlas,3,M,Midfield,2025-07-18,2026-08-02,4.0,3.0,3.0,0.0,3.0,1.0,13.0,8,0.0,0.0,0.0,0.0,0.0,0.0,0.0,2.0,1.0,0,0,0,0.0,0.0,0.0,0.0,2.0,51.0,36.0,0.23076923076923078,0.6153846153846154,,,,,0.5,,1.3333333333333333,1.0,1.0,0.0,1.0,0.3333333333333333,4.333333333333333,2.6666666666666665,0.0,0.0,0.0,0.0,0.0,0.0,0.0,0.6666666666666666,0.3333333333333333,0.0,0.0,0.0,0.0,0.0,0.0,0.0,0.6666666666666666,17.0,12.0,0.6666666666666666
003156,Aidan Danenza,CAN,Cannons,3,M,Midfield,2025-08-08,2026-08-09,9.0,5.0,5.0,0.0,5.0,4.0,20.0,11,5.0,0.0,0.0,0.0,0.0,0.0,4.0,1.0,0.0,0,0,0,0.0,0.0,1.0,0.5,7.0,87.0,66.0,0.25,0.55,,,,,0.5714285714285714,0.0,3.0,1.6666666666666667,1.6666666666666667,0.0,1.6666666666666667,1.3333333333333333,6.666666666666667,3.6666666666666665,1.6666666666666667,0.0,0.0,0.0,0.0,0.0,1.3333333333333333,0.3333333333333333,0.0,0.0,0.0,0.0,0.0,0.0,0.3333333333333333,0.16666666666666666,2.3333333333333335,29.0,22.0,2.3333333333333335
003156,Aidan Danenza,CHA,Chaos,3,M,Midfield,2025-06-07,2026-07-31,2.0,1.0,1.0,0.0,1.0,1.0,11.0,7,0.0,0.0,0.0,0.0,0.0,0.0,5.0,5.0,1.0,0,0,0,0.0,0.0,1.0,0.5,6.0,76.0,60.0,0.09090909090909091,0.6363636363636364,,,,,0.16666666666666666,,0.6666666666666666,0.3333333333333333,0.3333333333333333,0.0,0.3333333333333333,0.3333333333333333,3.6666666666666665,2.3333333333333335,0.0,0.0,0.0,0.0,0.0,0.0,1.6666666666666667,1.6666666666666667,0.3333333333333333,0.0,0.0,0.0,0.0,0.0,0.3333333333333333,0.16666666666666666,2.0,25.333333333333332,20.0,2.0
003156,Aidan Danenza,OUT,Outlaws,2,M,Midfield,2025-05-31,2026-05-16,3.0,3.0,3.0,0.0,3.0,0.0,11.0,8,0.0,0.0,0.0,0.0,0.0,0.0,2.0,3.0,0.0,0,0,0,0.0,0.0,0.0,0.0,3.0,42.0,28.0,0.2727272727272727,0.7272727272727273,,,,,0.0,,1.5,1.5,1.5,0.0,1.5,0.0,5.5,4.0,0.0,0.0,0.0,0.0,0.0,0.0,1.0,1.5,0.0,0.0,0.0,0.0,0.0,0.0,0.0,0.0,1.5,21.0,14.0,1.5
003156,Aidan Danenza,WAT,Waterdogs,1,M,Midfield,2026-07-10,2026-07-10,0.0,0.0,0.0,0.0,0.0,0.0,1.0,1,1.0,0.0,0.0,0.0,0.0,0.0,0.0,0.0,1.0,0,0,0,0.0,0.0,0.0,0.0,0.0,17.0,16.0,0.0,1.0,,,,,,0.0,0.0,0.0,0.0,0.0,0.0,0.0,1.0,1.0,1.0,0.0,0.0,0.0,0.0,0.0,0.0,0.0,1.0,0.0,0.0,0.0,0.0,0.0,0.0,0.0,0.0,17.0,16.0,0.0
003156,Aidan Danenza,WHP,Whipsnakes,2,M,Midfield,2025-08-03,2026-07-17,3.0,3.0,3.0,0.0,3.0,0.0,9.0,8,2.0,0.0,0.0,0.0,0.0,0.0,3.0,3.0,0.0,0,0,0,0.0,0.0,0.0,0.0,1.0,35.0,23.0,0.3333333333333333,0.8888888888888888,,,,,0.0,0.0,1.5,1.5,1.5,0.0,1.5,0.0,4.5,4.0,1.0,0.0,0.0,0.0,0.0,0.0,1.5,1.5,0.0,0.0,0.0,0.0,0.0,0.0,0.0,0.0,0.5,17.5,11.5,0.5
003157,Graydon Hogg,ARC,Archers,1,M,Midfield,2026-08-01,2026-08-01,2.0,1.0,1.0,0.0,1.0,1.0,1.0,1,0.0,0.0,0.0,0.0,0.0,0.0,2.0,2.0,0.0,0,0,0,0.0,0.0,1.0,1.0,1.0,18.0,15.0,1.0,1.0,,,,,1.0,,2.0,1.0,1.0,0.0,1.0,1.0,1.0,1.0,0.0,0.0,0.0,0.0,0.0,0.0,2.0,2.0,0.0,0.0,0.0,0.0,0.0,0.0,1.0,1.0,1.0,18.0,15.0,1.0
003157,Graydon Hogg,ATL,Atlas,3,M,Midfield,2025-05-31,2026-07-19,7.0,5.0,5.0,0.0,5.0,2.0,14.0,9,0.0,0.0,0.0,0.0,0.0,0.0,3.0,1.0,0.0,0,0,0,0.0,0.0,0.0,0.0,2.0,52.0,37.0,0.35714285714285715,0.6428571428571429,,,,,1.0,,2.3333333333333335,1.6666666666666667,1.6666666666666667,0.0,1.6666666666666667,0.6666666666666666,4.666666666666667,3.0,0.0,0.0,0.0,0.0,0.0,0.0,1.0,0.3333333333333333,0.0,0.0,0.0,0.0,0.0,0.0,0.0,0.0,0.6666666666666666,17.333333333333332,12.333333333333334,0.6666666666666666
003157,Graydon Hogg,CHA,Chaos,2,M,Midfield,2026-05-15,2026-07-25,2.0,0.0,0.0,0.0,0.0,2.0,8.0,5,0.0,0.0,0.0,0.0,0.0,0.0,4.0,2.0,0.0,0,0,0,0.0,0.0,0.0,0.0,5.0,42.0,32.0,0.0,0.625,,,,,0.4,,1.0,0.0,0.0,0.0,0.0,1.0,4.0,2.5,0.0,0.0,0.0,0.0,0.0,0.0,2.0,1.0,0.0,0.0,0.0,0.0,0.0,0.0,0.0,0.0,2.5,21.0,16.0,2.5
003157,Graydon Hogg,OUT,Outlaws,1,M,Midfield,2026-07-11,2026-07-11,2.0,2.0,2.0,0.0,2.0,0.0,6.0,4,0.0,0.0,0.0,0.0,0.0,0.0,0.0,0.0,0.0,0,0,0,0.0,0.0,0.0,0.0,0.0,23.0,17.0,0.3333333333333333,0.6666666666666666,,,,,,,2.0,2.0,2.0,0.0,2.0,0.0,6.0,4.0,0.0,0.0,0.0,0.0,0.0,0.0,0.0,0.0,0.0,0.0,0.0,0.0,0.0,0.0,0.0,0.0,0.0,23.0,17.0,0.0
003157,Graydon Hogg,RED,Redwoods,2,M,Midfield,2026-06-28,2026-08-09,2.0,2.0,2.0,0.0,2.0,0.0,7.0,6,0.0,0.0,0.0,0.0,0.0,0.0,0.0,1.0,0.0,0,0,0,0.0,0.0,0.0,0.0,0.0,40.0,32.0,0.2857142857142857,0.8571428571428571,,,,,,,1.0,1.0,1.0,0.0,1.0,0.0,3.5,3.0,0.0,0.0,0.0,0.0,0.0,0.0,0.0,0.5,0.0,0.0,0.0,0.0,0.0,0.0,0.0,0.0,0.0,20.0,16.0,0.0
003157,Graydon Hogg,WAT,Waterdogs,2,A,Attack,2025-06-13,2026-05-17,1.0,1.0,1.0,0.0,1.0,0.0,5.0,3,0.0,0.0,0.0,0.0,0.0,0.0,2.0,2.0,0.0,0,0,0,0.0,0.0,0.0,0.0,3.0,44.0,37.0,0.2,0.6,,,,,0.0,,0.5,0.5,0.5,0.0,0.5,0.0,2.5,1.5,0.0,0.0,0.0,0.0,0.0,0.0,1.0,1.0,0.0,0.0,0.0,0.0,0.0,0.0,0.0,0.0,1.5,22.0,18.5,1.5
003157,Graydon Hogg,WHP,Whipsnakes,3,A,Attack,2025-06-21,2026-08-07,3.0,3.0,3.0,0.0,3.0,0.0,13.0,8,0.0,0.0,0.0,0.0,0.0,0.0,2.0,1.0,0.0,0,0,0,0.0,0.0,0.0,0.0,0.0,49.0,35.0,0.23076923076923078,0.6153846153846154,,,,,,,1.0,1.0,1.0,0.0,1.0,0.0,4.333333333333333,2.6666666666666665,0.0,0.0,0.0,0.0,0.0,0.0,0.6666666666666666,0.3333333333333333,0.0,0.0,0.0,0.0,0.0,0.0,0.0,0.0,0.0,16.333333333333332,11.666666666666666,0.0
003159,CJ Kirst,ARC,Archers,2,A,Attack,2026-06-28,2026-07-18,6.0,6.0,6.0,0.0,6.0,0.0,15.0,10,0.0,0.0,0.0,0.0,0.0,0.0,5.0,3.0,0.0,0,0,0,0.0,0.0,0.0,0.0,8.0,75.0,57.0,0.4,0.6666666666666666,,,,,0.0,,3.0,3.0,3.0,0.0,3.0,0.0,7.5,5.0,0.0,0.0,0.0,0.0,0.0,0.0,2.5,1.5,0.0,0.0,0.0,0.0,0.0,0.0,0.0,0.0,4.0,37.5,28.5,4.0
003159,CJ Kirst,ATL,Atlas,2,A,Attack,2025-08-09,2026-07-25,11.0,7.0,7.0,0.0,7.0,4.0,18.0,11,0.0,0.0,0.0,0.0,0.0,0.0,3.0,2.0,1.0,0,0,0,0.0,0.0,0.0,0.0,13.0,69.0,49.0,0.3888888888888889,0.6111111111111112,,,,,0.3076923076923077,,5.5,3.5,3.5,0.0,3.5,2.0,9.0,5.5,0.0,0.0,0.0,0.0,0.0,0.0,1.5,1.0,0.5,0.0,0.0,0.0,0.0,0.0,0.0,0.0,6.5,34.5,24.5,6.5
003159,CJ Kirst,CAN,Cannons,2,A,Attack,2025-08-02,2026-06-07,12.0,11.0,11.0,0.0,11.0,1.0,20.0,18,0.0,0.0,0.0,0.0,0.0,0.0,2.0,0.0,0.0,0,0,0,0.0,0.0,0.0,0.0,6.0,63.0,43.0,0.55,0.9,,,,,0.16666666666666666,,6.0,5.5,5.5,0.0,5.5,0.5,10.0,9.0,0.0,0.0,0.0,0.0,0.0,0.0,1.0,0.0,0.0,0.0,0.0,0.0,0.0,0.0,0.0,0.0,3.0,31.5,21.5,3.0
003159,CJ Kirst,CHA,Chaos,3,A,Attack,2025-07-26,2026-08-01,7.0,5.0,5.0,0.0,5.0,2.0,23.0,16,1.0,0.0,0.0,0.0,0.0,0.0,1.0,3.0,1.0,0,0,0,0.0,0.0,0.0,0.0,11.0,105.0,79.0,0.21739130434782608,0.6956521739130435,,,,,0.18181818181818182,0.0,2.3333333333333335,1.6666666666666667,1.6666666666666667,0.0,1.6666666666666667,0.6666666666666666,7.666666666666667,5.333333333333333,0.3333333333333333,0.0,0.0,0.0,0.0,0.0,0.3333333333333333,1.0,0.3333333333333333,0.0,0.0,0.0,0.0,0.0,0.0,0.0,3.6666666666666665,35.0,26.333333333333332,3.6666666666666665
003159,CJ Kirst,OUT,Outlaws,1,A,Attack,2026-07-26,2026-07-26,5.0,4.0,4.0,0.0,4.0,1.0,8.0,6,0.0,0.0,0.0,0.0,0.0,0.0,3.0,2.0,0.0,0,0,0,0.0,0.0,0.0,0.0,4.0,36.0,26.0,0.5,0.75,,,,,0.25,,5.0,4.0,4.0,0.0,4.0,1.0,8.0,6.0,0.0,0.0,0.0,0.0,0.0,0.0,3.0,2.0,0.0,0.0,0.0,0.0,0.0,0.0,0.0,0.0,4.0,36.0,26.0,4.0
003159,CJ Kirst,RED,Redwoods,1,A,Attack,2026-07-10,2026-07-10,6.0,6.0,6.0,0.0,6.0,0.0,9.0,8,0.0,0.0,0.0,0.0,0.0,0.0,2.0,3.0,0.0,0,0,0,0.0,0.0,1.0,0.5,2.0,31.0,19.0,0.6666666666666666,0.8888888888888888,,,,,0.0,,6.0,6.0,6.0,0.0,6.0,0.0,9.0,8.0,0.0,0.0,0.0,0.0,0.0,0.0,2.0,3.0,0.0,0.0,0.0,0.0,0.0,0.0,1.0,0.5,2.0,31.0,19.0,2.0
003159,CJ Kirst,WHP,Whipsnakes,1,A,Attack,2025-07-20,2025-07-20,0.0,0.0,0.0,0.0,0.0,0.0,5.0,2,0.0,0.0,0.0,0.0,0.0,0.0,1.0,2.0,0.0,0,0,0,0.0,0.0,0.0,0.0,0.0,14.0,7.0,0.0,0.4,,,,,,,0.0,0.0,0.0,0.0,0.0,0.0,5.0,2.0,0.0,0.0,0.0,0.0,0.0,0.0,1.0,2.0,0.0,0.0,0.0,0.0,0.0,0.0,0.0,0.0,0.0,14.0,7.0,0.0
003160,Andrew McAdorey,ARC,Archers,4,M,Midfield,2025-06-14,2026-06-20,4.0,4.0,4.0,0.0,4.0,0.0,18.0,11,3.0,0.0,0.0,0.0,0.0,0.0,7.0,9.0,0.0,1,1,2,0.0,0.0,1.0,1.0,8.0,109.0,82.0,0.2222222222222222,0.6111111111111112,0.5,,,,0.0,0.0,1.0,1.0,1.0,0.0,1.0,0.0,4.5,2.75,0.75,0.0,0.0,0.0,0.0,0.0,1.75,2.25,0.0,0.25,0.25,0.5,0.0,0.0,0.25,0.25,2.0,27.25,20.5,2.0
003160,Andrew McAdorey,ATL,Atlas,3,M,Midfield,2025-07-18,2026-08-02,9.0,7.0,7.0,0.0,7.0,2.0,16.0,8,0.0,0.0,0.0,0.0,0.0,0.0,4.0,4.0,0.0,3,5,8,0.0,0.0,1.0,1.0,6.0,78.0,58.0,0.4375,0.5,0.375,,,,0.3333333333333333,,3.0,2.3333333333333335,2.3333333333333335,0.0,2.3333333333333335,0.6666666666666666,5.333333333333333,2.6666666666666665,0.0,0.0,0.0,0.0,0.0,0.0,1.3333333333333333,1.3333333333333333,0.0,1.0,1.6666666666666667,2.6666666666666665,0.0,0.0,0.3333333333333333,0.3333333333333333,2.0,26.0,19.333333333333332,2.0
003160,Andrew McAdorey,CAN,Cannons,3,M,Midfield,2025-08-08,2026-08-09,8.0,4.0,4.0,0.0,4.0,4.0,13.0,7,2.0,0.0,0.0,0.0,0.0,0.0,3.0,5.0,0.0,1,3,4,0.0,0.0,1.0,0.5,7.0,75.0,57.0,0.3076923076923077,0.5384615384615384,0.25,,,,0.5714285714285714,0.0,2.6666666666666665,1.3333333333333333,1.3333333333333333,0.0,1.3333333333333333,1.3333333333333333,4.333333333333333,2.3333333333333335,0.6666666666666666,0.0,0.0,0.0,0.0,0.0,1.0,1.6666666666666667,0.0,0.3333333333333333,1.0,1.3333333333333333,0.0,0.0,0.3333333333333333,0.16666666666666666,2.3333333333333335,25.0,19.0,2.3333333333333335
003160,Andrew McAdorey,CHA,Chaos,4,M,Midfield,2025-06-07,2026-07-31,6.0,4.0,4.0,0.0,4.0,2.0,20.0,10,1.0,0.0,0.0,0.0,0.0,0.0,8.0,3.0,2.0,1,3,4,0.0,0.0,0.0,0.0,9.0,129.0,106.0,0.2,0.5,0.25,,,,0.2222222222222222,0.0,1.5,1.0,1.0,0.0,1.0,0.5,5.0,2.5,0.25,0.0,0.0,0.0,0.0,0.0,2.0,0.75,0.5,0.25,0.75,1.0,0.0,0.0,0.0,0.0,2.25,32.25,26.5,2.25
003160,Andrew McAdorey,OUT,Outlaws,3,M,Midfield,2025-05-31,2026-05-16,10.0,7.0,5.0,1.0,6.0,3.0,11.0,7,1.0,0.0,0.0,0.0,0.0,0.0,6.0,2.0,1.0,1,2,3,0.0,0.0,0.0,0.0,10.0,83.0,70.0,0.5454545454545454,0.6363636363636364,0.3333333333333333,,,,0.3,1.0,3.3333333333333335,2.3333333333333335,1.6666666666666667,0.3333333333333333,2.0,1.0,3.6666666666666665,2.3333333333333335,0.3333333333333333,0.0,0.0,0.0,0.0,0.0,2.0,0.6666666666666666,0.3333333333333333,0.3333333333333333,0.6666666666666666,1.0,0.0,0.0,0.0,0.0,3.3333333333333335,27.666666666666668,23.333333333333332,3.3333333333333335
003160,Andrew McAdorey,WAT,Waterdogs,2,M,Midfield,2025-06-28,2026-07-10,3.0,2.0,2.0,0.0,2.0,1.0,11.0,7,1.0,0.0,0.0,0.0,0.0,0.0,1.0,0.0,0.0,0,2,2,0.0,0.0,0.0,0.0,2.0,49.0,38.0,0.18181818181818182,0.6363636363636364,0.0,,,,0.5,0.0,1.5,1.0,1.0,0.0,1.0,0.5,5.5,3.5,0.5,0.0,0.0,0.0,0.0,0.0,0.5,0.0,0.0,0.0,1.0,1.0,0.0,0.0,0.0,0.0,1.0,24.5,19.0,1.0
003160,Andrew McAdorey,WHP,Whipsnakes,2,M,Midfield,2025-08-03,2026-07-17,2.0,1.0,1.0,0.0,1.0,1.0,7.0,3,1.0,0.0,0.0,0.0,0.0,0.0,2.0,2.0,0.0,0,2,2,0.0,0.0,0.0,0.0,6.0,53.0,44.0,0.14285714285714285,0.42857142857142855,0.0,,,,0.16666666666666666,0.0,1.0,0.5,0.5,0.0,0.5,0.5,3.5,1.5,0.5,0.0,0.0,0.0,0.0,0.0,1.0,1.0,0.0,0.0,1.0,1.0,0.0,0.0,0.0,0.0,3.0,26.5,22.0,3.0
003161,Sam English,ARC,Archers,2,M,Midfield,2025-06-14,2026-06-20,3.0,1.0,1.0,0.0,1.0,2.0,7.0,5,0.0,0.0,0.0,0.0,0.0,0.0,4.0,2.0,2.0,0,0,0,0.0,0.0,0.0,0.0,4.0,34.0,25.0,0.14285714285714285,0.7142857142857143,,,,,0.5,,1.5,0.5,0.5,0.0,0.5,1.0,3.5,2.5,0.0,0.0,0.0,0.0,0.0,0.0,2.0,1.0,1.0,0.0,0.0,0.0,0.0,0.0,0.0,0.0,2.0,17.0,12.5,2.0
003161,Sam English,ATL,Atlas,2,M,Midfield,2026-06-06,2026-08-02,1.0,1.0,1.0,0.0,1.0,0.0,7.0,4,0.0,0.0,0.0,0.0,0.0,0.0,5.0,3.0,0.0,0,0,0,0.0,0.0,0.0,0.0,5.0,34.0,24.0,0.14285714285714285,0.5714285714285714,,,,,0.0,,0.5,0.5,0.5,0.0,0.5,0.0,3.5,2.0,0.0,0.0,0.0,0.0,0.0,0.0,2.5,1.5,0.0,0.0,0.0,0.0,0.0,0.0,0.0,0.0,2.5,17.0,12.0,2.5
003161,Sam English,CAN,Cannons,2,M,Midfield,2026-06-28,2026-08-09,2.0,2.0,2.0,0.0,2.0,0.0,7.0,6,0.0,0.0,0.0,0.0,0.0,0.0,6.0,2.0,1.0,0,0,0,0.0,0.0,0.0,0.0,1.0,30.0,21.0,0.2857142857142857,0.8571428571428571,,,,,0.0,,1.0,1.0,1.0,0.0,1.0,0.0,3.5,3.0,0.0,0.0,0.0,0.0,0.0,0.0,3.0,1.0,0.5,0.0,0.0,0.0,0.0,0.0,0.0,0.0,0.5,15.0,10.5,0.5
003161,Sam English,CHA,Chaos,3,M,Midfield,2025-07-12,2026-07-31,5.0,5.0,5.0,0.0,5.0,0.0,15.0,8,0.0,0.0,0.0,0.0,0.0,0.0,6.0,5.0,0.0,0,1,1,0.0,0.0,0.0,0.0,1.0,59.0,39.0,0.3333333333333333,0.5333333333333333,0.0,,,,0.0,,1.6666666666666667,1.6666666666666667,1.6666666666666667,0.0,1.6666666666666667,0.0,5.0,2.6666666666666665,0.0,0.0,0.0,0.0,0.0,0.0,2.0,1.6666666666666667,0.0,0.0,0.3333333333333333,0.3333333333333333,0.0,0.0,0.0,0.0,0.3333333333333333,19.666666666666668,13.0,0.3333333333333333
003161,Sam English,OUT,Outlaws,1,M,Midfield,2025-06-28,2025-06-28,3.0,2.0,2.0,0.0,2.0,1.0,3.0,2,0.0,0.0,0.0,0.0,0.0,0.0,4.0,2.0,2.0,0,0,0,0.0,0.0,0.0,0.0,1.0,25.0,20.0,0.6666666666666666,0.6666666666666666,,,,,1.0,,3.0,2.0,2.0,0.0,2.0,1.0,3.0,2.0,0.0,0.0,0.0,0.0,0.0,0.0,4.0,2.0,2.0,0.0,0.0,0.0,0.0,0.0,0.0,0.0,1.0,25.0,20.0,1.0
003161,Sam English,WAT,Waterdogs,2,M,Midfield,2025-06-28,2026-07-10,2.0,1.0,1.0,0.0,1.0,1.0,7.0,4,1.0,0.0,0.0,0.0,0.0,0.0,5.0,3.0,2.0,0,1,1,0.0,0.0,0.0,0.0,6.0,41.0,31.0,0.14285714285714285,0.5714285714285714,0.0,,,,0.16666666666666666,0.0,1.0,0.5,0.5,0.0,0.5,0.5,3.5,2.0,0.5,0.0,0.0,0.0,0.0,0.0,2.5,1.5,1.0,0.0,0.5,0.5,0.0,0.0,0.0,0.0,3.0,20.5,15.5,3.0
003161,Sam English,WHP,Whipsnakes,1,M,Midfield,2026-07-17,2026-07-17,3.0,2.0,2.0,0.0,2.0,1.0,6.0,5,1.0,0.0,0.0,0.0,0.0,0.0,4.0,2.0,0.0,0,0,0,0.0,0.0,0.0,0.0,1.0,17.0,9.0,0.3333333333333333,0.8333333333333334,,,,,1.0,0.0,3.0,2.0,2.0,0.0,2.0,1.0,6.0,5.0,1.0,0.0,0.0,0.0,0.0,0.0,4.0,2.0,0.0,0.0,0.0,0.0,0.0,0.0,0.0,0.0,1.0,17.0,9.0,1.0
003162,Coulter Mackesy,ARC,Archers,2,A,Attack,2025-06-07,2026-08-01,6.0,4.0,2.0,1.0,3.0,2.0,14.0,9,3.0,0.0,0.0,0.0,0.0,0.0,4.0,5.0,1.0,0,0,0,0.0,0.0,3.0,2.5,6.0,93.0,74.0,0.21428571428571427,0.6428571428571429,,,,,0.3333333333333333,0.3333333333333333,3.0,2.0,1.0,0.5,1.5,1.0,7.0,4.5,1.5,0.0,0.0,0.0,0.0,0.0,2.0,2.5,0.5,0.0,0.0,0.0,0.0,0.0,1.5,1.25,3.0,46.5,37.0,3.0
003162,Coulter Mackesy,ATL,Atlas,3,A,Attack,2025-07-11,2026-07-19,7.0,2.0,2.0,0.0,2.0,5.0,17.0,10,1.0,0.0,0.0,0.0,0.0,0.0,3.0,6.0,0.0,0,0,0,0.0,0.0,2.0,1.0,11.0,107.0,84.0,0.11764705882352941,0.5882352941176471,,,,,0.45454545454545453,0.0,2.3333333333333335,0.6666666666666666,0.6666666666666666,0.0,0.6666666666666666,1.6666666666666667,5.666666666666667,3.3333333333333335,0.3333333333333333,0.0,0.0,0.0,0.0,0.0,1.0,2.0,0.0,0.0,0.0,0.0,0.0,0.0,0.6666666666666666,0.3333333333333333,3.6666666666666665,35.666666666666664,28.0,3.6666666666666665
003162,Coulter Mackesy,CHA,Chaos,3,A,Attack,2025-06-29,2026-07-25,9.0,5.0,3.0,1.0,4.0,4.0,23.0,13,5.0,0.0,0.0,0.0,0.0,0.0,5.0,5.0,2.0,0,0,0,0.0,0.0,0.0,0.0,10.0,133.0,105.0,0.17391304347826086,0.5652173913043478,,,,,0.4,0.2,3.0,1.6666666666666667,1.0,0.3333333333333333,1.3333333333333333,1.3333333333333333,7.666666666666667,4.333333333333333,1.6666666666666667,0.0,0.0,0.0,0.0,0.0,1.6666666666666667,1.6666666666666667,0.6666666666666666,0.0,0.0,0.0,0.0,0.0,0.0,0.0,3.3333333333333335,44.333333333333336,35.0,3.3333333333333335
003162,Coulter Mackesy,OUT,Outlaws,1,A,Attack,2026-07-11,2026-07-11,5.0,2.0,2.0,0.0,2.0,3.0,9.0,6,1.0,0.0,0.0,0.0,0.0,0.0,1.0,0.0,0.0,0,0,0,0.0,0.0,0.0,0.0,4.0,45.0,36.0,0.2222222222222222,0.6666666666666666,,,,,0.75,0.0,5.0,2.0,2.0,0.0,2.0,3.0,9.0,6.0,1.0,0.0,0.0,0.0,0.0,0.0,1.0,0.0,0.0,0.0,0.0,0.0,0.0,0.0,0.0,0.0,4.0,45.0,36.0,4.0
003162,Coulter Mackesy,RED,Redwoods,3,A,Attack,2025-08-08,2026-08-09,13.0,10.0,10.0,0.0,10.0,3.0,25.0,19,4.0,0.0,0.0,0.0,0.0,0.0,3.0,1.0,0.0,0,0,0,0.0,0.0,0.0,0.0,11.0,100.0,74.0,0.4,0.76,,,,,0.2727272727272727,0.0,4.333333333333333,3.3333333333333335,3.3333333333333335,0.0,3.3333333333333335,1.0,8.333333333333334,6.333333333333333,1.3333333333333333,0.0,0.0,0.0,0.0,0.0,1.0,0.3333333333333333,0.0,0.0,0.0,0.0,0.0,0.0,0.0,0.0,3.6666666666666665,33.333333333333336,24.666666666666668,3.6666666666666665
003162,Coulter Mackesy,WAT,Waterdogs,4,A,Attack,2025-06-13,2026-06-07,11.0,9.0,7.0,1.0,8.0,2.0,24.0,15,1.0,0.0,0.0,0.0,0.0,0.0,8.0,4.0,0.0,0,0,0,0.0,0.0,2.0,1.0,11.0,123.0,95.0,0.3333333333333333,0.625,,,,,0.18181818181818182,1.0,2.75,2.25,1.75,0.25,2.0,0.5,6.0,3.75,0.25,0.0,0.0,0.0,0.0,0.0,2.0,1.0,0.0,0.0,0.0,0.0,0.0,0.0,0.5,0.25,2.75,30.75,23.75,2.75
003162,Coulter Mackesy,WHP,Whipsnakes,4,A,Attack,2025-06-21,2026-08-07,6.0,5.0,5.0,0.0,5.0,1.0,27.0,17,1.0,0.0,0.0,0.0,0.0,0.0,11.0,5.0,1.0,0,0,0,0.0,0.0,0.0,0.0,6.0,124.0,92.0,0.18518518518518517,0.6296296296296297,,,,,0.16666666666666666,0.0,1.5,1.25,1.25,0.0,1.25,0.25,6.75,4.25,0.25,0.0,0.0,0.0,0.0,0.0,2.75,1.25,0.25,0.0,0.0,0.0,0.0,0.0,0.0,0.0,1.5,31.0,23.0,1.5
003163,Brendan Lavelle,ATL,Atlas,2,D,Defense,2025-06-28,2026-07-11,0.0,0.0,0.0,0.0,0.0,0.0,0.0,0,0.0,0.0,0.0,0.0,0.0,0.0,6.0,2.0,2.0,0,0,0,0.0,0.0,0.0,0.0,0.0,24.0,22.0,,,,,,,,,0.0,0.0,0.0,0.0,0.0,0.0,0.0,0.0,0.0,0.0,0.0,0.0,0.0,0.0,3.0,1.0,1.0,0.0,0.0,0.0,0.0,0.0,0.0,0.0,0.0,12.0,11.0,0.0
003163,Brendan Lavelle,CAN,Cannons,2,D,Defense,2025-06-07,2026-08-01,0.0,0.0,0.0,0.0,0.0,0.0,0.0,0,0.0,0.0,0.0,0.0,0.0,0.0,6.0,1.0,1.0,0,0,0,0.0,0.0,0.0,0.0,0.0,12.0,11.0,,,,,,,,,0.0,0.0,0.0,0.0,0.0,0.0,0.0,0.0,0.0,0.0,0.0,0.0,0.0,0.0,3.0,0.5,0.5,0.0,0.0,0.0,0.0,0.0,0.0,0.0,0.0,6.0,5.5,0.0
003163,Brendan Lavelle,CHA,Chaos,4,D,Defense,2025-07-19,2026-08-08,0.0,0.0,0.0,0.0,0.0,0.0,0.0,0,0.0,0.0,0.0,0.0,0.0,0.0,8.0,1.0,4.0,0,0,0,0.0,0.0,1.0,1.0,0.0,26.0,25.0,,,,,,,,,0.0,0.0,0.0,0.0,0.0,0.0,0.0,0.0,0.0,0.0,0.0,0.0,0.0,0.0,2.0,0.25,1.0,0.0,0.0,0.0,0.0,0.0,0.25,0.25,0.0,6.5,6.25,0.0
003163,Brendan Lavelle,OUT,Outlaws,4,D,Defense,2025-06-22,2026-07-25,1.0,0.0,0.0,0.0,0.0,1.0,1.0,1,1.0,0.0,0.0,0.0,0.0,0.0,20.0,0.0,6.0,0,0,0,0.0,0.0,1.0,1.0,1.0,34.0,33.0,0.0,1.0,,,,,1.0,0.0,0.25,0.0,0.0,0.0,0.0,0.25,0.25,0.25,0.25,0.0,0.0,0.0,0.0,0.0,5.0,0.0,1.5,0.0,0.0,0.0,0.0,0.0,0.25,0.25,0.25,8.5,8.25,0.25
003163,Brendan Lavelle,RED,Redwoods,4,D,Defense,2025-06-14,2026-06-20,0.0,0.0,0.0,0.0,0.0,0.0,1.0,0,1.0,0.0,0.0,0.0,0.0,0.0,10.0,0.0,3.0,0,0,0,0.0,0.0,2.0,1.5,0.0,22.0,21.0,0.0,0.0,,,,,,0.0,0.0,0.0,0.0,0.0,0.0,0.0,0.25,0.0,0.25,0.0,0.0,0.0,0.0,0.0,2.5,0.0,0.75,0.0,0.0,0.0,0.0,0.0,0.5,0.375,0.0,5.5,5.25,0.0
003163,Brendan Lavelle,WAT,Waterdogs,3,D,Defense,2025-07-12,2026-07-18,0.0,0.0,0.0,0.0,0.0,0.0,0.0,0,0.0,0.0,0.0,0.0,0.0,0.0,8.0,2.0,2.0,0,0,0,0.0,0.0,1.0,1.0,0.0,16.0,14.0,,,,,,,,,0.0,0.0,0.0,0.0,0.0,0.0,0.0,0.0,0.0,0.0,0.0,0.0,0.0,0.0,2.6666666666666665,0.6666666666666666,0.6666666666666666,0.0,0.0,0.0,0.0,0.0,0.3333333333333333,0.3333333333333333,0.0,5.333333333333333,4.666666666666667,0.0
003163,Brendan Lavelle,WHP,Whipsnakes,3,D,Defense,2025-05-31,2026-07-25,0.0,0.0,0.0,0.0,0.0,0.0,0.0,0,0.0,0.0,0.0,0.0,0.0,0.0,9.0,1.0,3.0,0,0,0,0.0,0.0,0.0,0.0,0.0,22.0,21.0,,,,,,,,,0.0,0.0,0.0,0.0,0.0,0.0,0.0,0.0,0.0,0.0,0.0,0.0,0.0,0.0,3.0,0.3333333333333333,1.0,0.0,0.0,0.0,0.0,0.0,0.0,0.0,0.0,7.333333333333333,7.0,0.0
003164,Matt Traynor,ARC,Archers,2,M,Midfield,2025-06-28,2026-07-11,6.0,4.0,4.0,0.0,4.0,2.0,12.0,7,1.0,0.0,0.0,0.0,0.0,0.0,1.0,5.0,1.0,0,0,0,0.0,0.0,0.0,0.0,5.0,40.0,23.0,0.3333333333333333,0.5833333333333334,,,,,0.4,0.0,3.0,2.0,2.0,0.0,2.0,1.0,6.0,3.5,0.5,0.0,0.0,0.0,0.0,0.0,0.5,2.5,0.5,0.0,0.0,0.0,0.0,0.0,0.0,0.0,2.5,20.0,11.5,2.5
003164,Matt Traynor,CAN,Cannons,4,M,Midfield,2025-05-31,2026-07-19,11.0,9.0,9.0,0.0,9.0,2.0,24.0,15,1.0,0.0,0.0,0.0,0.0,0.0,7.0,8.0,0.0,0,0,0,0.0,0.0,1.0,0.5,11.0,92.0,60.0,0.375,0.625,,,,,0.18181818181818182,0.0,2.75,2.25,2.25,0.0,2.25,0.5,6.0,3.75,0.25,0.0,0.0,0.0,0.0,0.0,1.75,2.0,0.0,0.0,0.0,0.0,0.0,0.0,0.25,0.125,2.75,23.0,15.0,2.75
003164,Matt Traynor,CHA,Chaos,2,M,Midfield,2025-05-30,2026-05-09,3.0,3.0,3.0,0.0,3.0,0.0,11.0,5,0.0,0.0,0.0,0.0,0.0,0.0,1.0,4.0,0.0,0,0,0,0.0,0.0,0.0,0.0,1.0,33.0,18.0,0.2727272727272727,0.45454545454545453,,,,,0.0,,1.5,1.5,1.5,0.0,1.5,0.0,5.5,2.5,0.0,0.0,0.0,0.0,0.0,0.0,0.5,2.0,0.0,0.0,0.0,0.0,0.0,0.0,0.0,0.0,0.5,16.5,9.0,0.5
003164,Matt Traynor,OUT,Outlaws,3,M,Midfield,2025-08-02,2026-08-08,5.0,3.0,3.0,0.0,3.0,2.0,20.0,14,0.0,0.0,0.0,0.0,0.0,0.0,4.0,4.0,0.0,0,0,0,0.0,0.0,0.0,0.0,9.0,82.0,58.0,0.15,0.7,,,,,0.2222222222222222,,1.6666666666666667,1.0,1.0,0.0,1.0,0.6666666666666666,6.666666666666667,4.666666666666667,0.0,0.0,0.0,0.0,0.0,0.0,1.3333333333333333,1.3333333333333333,0.0,0.0,0.0,0.0,0.0,0.0,0.0,0.0,3.0,27.333333333333332,19.333333333333332,3.0
003164,Matt Traynor,RED,Redwoods,2,M,Midfield,2025-07-18,2026-08-02,8.0,5.0,5.0,0.0,5.0,3.0,15.0,11,1.0,0.0,0.0,0.0,0.0,0.0,5.0,4.0,0.0,0,0,0,0.0,0.0,0.0,0.0,8.0,54.0,35.0,0.3333333333333333,0.7333333333333333,,,,,0.375,0.0,4.0,2.5,2.5,0.0,2.5,1.5,7.5,5.5,0.5,0.0,0.0,0.0,0.0,0.0,2.5,2.0,0.0,0.0,0.0,0.0,0.0,0.0,0.0,0.0,4.0,27.0,17.5,4.0
003164,Matt Traynor,WAT,Waterdogs,3,M,Midfield,2025-06-21,2026-07-25,6.0,2.0,2.0,0.0,2.0,4.0,11.0,8,1.0,0.0,0.0,0.0,0.0,0.0,4.0,4.0,1.0,0,0,0,0.0,0.0,0.0,0.0,7.0,53.0,38.0,0.18181818181818182,0.7272727272727273,,,,,0.5714285714285714,0.0,2.0,0.6666666666666666,0.6666666666666666,0.0,0.6666666666666666,1.3333333333333333,3.6666666666666665,2.6666666666666665,0.3333333333333333,0.0,0.0,0.0,0.0,0.0,1.3333333333333333,1.3333333333333333,0.3333333333333333,0.0,0.0,0.0,0.0,0.0,0.0,0.0,2.3333333333333335,17.666666666666668,12.666666666666666,2.3333333333333335
003164,Matt Traynor,WHP,Whipsnakes,4,M,Midfield,2025-06-14,2026-06-21,4.0,3.0,3.0,0.0,3.0,1.0,22.0,13,1.0,0.0,0.0,0.0,0.0,0.0,3.0,5.0,1.0,0,0,0,0.0,0.0,0.0,0.0,5.0,78.0,51.0,0.13636363636363635,0.5909090909090909,,,,,0.2,0.0,1.0,0.75,0.75,0.0,0.75,0.25,5.5,3.25,0.25,0.0,0.0,0.0,0.0,0.0,0.75,1.25,0.25,0.0,0.0,0.0,0.0,0.0,0.0,0.0,1.25,19.5,12.75,1.25
003165,Aidan Carroll,ARC,Archers,3,A,Attack,2025-05-31,2026-07-25,6.0,4.0,4.0,0.0,4.0,2.0,19.0,11,3.0,0.0,0.0,0.0,0.0,0.0,2.0,3.0,0.0,0,0,0,0.0,0.0,0.0,0.0,8.0,84.0,62.0,0.21052631578947367,0.5789473684210527,,,,,0.25,0.0,2.0,1.3333333333333333,1.3333333333333333,0.0,1.3333333333333333,0.6666666666666666,6.333333333333333,3.6666666666666665,1.0,0.0,0.0,0.0,0.0,0.0,0.6666666666666666,1.0,0.0,0.0,0.0,0.0,0.0,0.0,0.0,0.0,2.6666666666666665,28.0,20.666666666666668,2.6666666666666665
003165,Aidan Carroll,ATL,Atlas,4,A,Attack,2025-06-14,2026-06-21,13.0,11.0,11.0,0.0,11.0,2.0,27.0,21,0.0,0.0,0.0,0.0,0.0,0.0,0.0,4.0,0.0,0,0,0,0.0,0.0,1.0,1.0,6.0,103.0,72.0,0.4074074074074074,0.7777777777777778,,,,,0.3333333333333333,,3.25,2.75,2.75,0.0,2.75,0.5,6.75,5.25,0.0,0.0,0.0,0.0,0.0,0.0,0.0,1.0,0.0,0.0,0.0,0.0,0.0,0.0,0.25,0.25,1.5,25.75,18.0,1.5
003165,Aidan Carroll,CAN,Cannons,4,A,Attack,2025-06-21,2026-08-07,13.0,10.0,10.0,0.0,10.0,3.0,26.0,16,1.0,0.0,0.0,0.0,0.0,0.0,4.0,7.0,0.0,0,0,0,0.0,0.0,1.0,0.5,5.0,120.0,87.0,0.38461538461538464,0.6153846153846154,,,,,0.6,0.0,3.25,2.5,2.5,0.0,2.5,0.75,6.5,4.0,0.25,0.0,0.0,0.0,0.0,0.0,1.0,1.75,0.0,0.0,0.0,0.0,0.0,0.0,0.25,0.125,1.25,30.0,21.75,1.25
003165,Aidan Carroll,CHA,Chaos,2,A,Attack,2025-06-22,2026-07-12,11.0,8.0,8.0,0.0,8.0,3.0,12.0,8,0.0,0.0,0.0,0.0,0.0,0.0,1.0,2.0,1.0,0,0,0,0.0,0.0,0.0,0.0,3.0,81.0,67.0,0.6666666666666666,0.6666666666666666,,,,,1.0,,5.5,4.0,4.0,0.0,4.0,1.5,6.0,4.0,0.0,0.0,0.0,0.0,0.0,0.0,0.5,1.0,0.5,0.0,0.0,0.0,0.0,0.0,0.0,0.0,1.5,40.5,33.5,1.5
003165,Aidan Carroll,OUT,Outlaws,3,M,Midfield,2025-07-13,2026-08-01,6.0,4.0,4.0,0.0,4.0,2.0,16.0,11,2.0,0.0,0.0,0.0,0.0,0.0,2.0,5.0,1.0,0,0,0,0.0,0.0,0.0,0.0,2.0,102.0,81.0,0.25,0.6875,,,,,1.0,0.0,2.0,1.3333333333333333,1.3333333333333333,0.0,1.3333333333333333,0.6666666666666666,5.333333333333333,3.6666666666666665,0.6666666666666666,0.0,0.0,0.0,0.0,0.0,0.6666666666666666,1.6666666666666667,0.3333333333333333,0.0,0.0,0.0,0.0,0.0,0.0,0.0,0.6666666666666666,34.0,27.0,0.6666666666666666
003165,Aidan Carroll,RED,Redwoods,2,A,Attack,2025-08-03,2026-07-17,4.0,4.0,4.0,0.0,4.0,0.0,12.0,9,0.0,0.0,0.0,0.0,0.0,0.0,3.0,0.0,0.0,0,0,0,0.0,0.0,0.0,0.0,2.0,50.0,38.0,0.3333333333333333,0.75,,,,,0.0,,2.0,2.0,2.0,0.0,2.0,0.0,6.0,4.5,0.0,0.0,0.0,0.0,0.0,0.0,1.5,0.0,0.0,0.0,0.0,0.0,0.0,0.0,0.0,0.0,1.0,25.0,19.0,1.0
003165,Aidan Carroll,WAT,Waterdogs,3,A,Attack,2025-06-07,2026-05-09,7.0,5.0,5.0,0.0,5.0,2.0,14.0,10,1.0,0.0,0.0,0.0,0.0,0.0,2.0,2.0,0.0,0,0,0,0.0,0.0,0.0,0.0,5.0,102.0,86.0,0.35714285714285715,0.7142857142857143,,,,,0.4,0.0,2.3333333333333335,1.6666666666666667,1.6666666666666667,0.0,1.6666666666666667,0.6666666666666666,4.666666666666667,3.3333333333333335,0.3333333333333333,0.0,0.0,0.0,0.0,0.0,0.6666666666666666,0.6666666666666666,0.0,0.0,0.0,0.0,0.0,0.0,0.0,0.0,1.6666666666666667,34.0,28.666666666666668,1.6666666666666667
003166,Owen Hiltz,ARC,Archers,4,A,Attack,2025-07-19,2026-08-08,10.0,7.0,7.0,0.0,7.0,3.0,17.0,15,1.0,0.0,0.0,0.0,0.0,0.0,6.0,6.0,1.0,0,0,0,0.0,0.0,0.0,0.0,10.0,122.0,99.0,0.4117647058823529,0.8823529411764706,,,,,0.3,0.0,2.5,1.75,1.75,0.0,1.75,0.75,4.25,3.75,0.25,0.0,0.0,0.0,0.0,0.0,1.5,1.5,0.25,0.0,0.0,0.0,0.0,0.0,0.0,0.0,2.5,30.5,24.75,2.5
003166,Owen Hiltz,CAN,Cannons,2,A,Attack,2025-06-29,2026-07-25,5.0,5.0,5.0,0.0,5.0,0.0,12.0,8,0.0,0.0,0.0,0.0,0.0,0.0,3.0,5.0,1.0,0,0,0,0.0,0.0,0.0,0.0,3.0,46.0,29.0,0.4166666666666667,0.6666666666666666,,,,,0.0,,2.5,2.5,2.5,0.0,2.5,0.0,6.0,4.0,0.0,0.0,0.0,0.0,0.0,0.0,1.5,2.5,0.5,0.0,0.0,0.0,0.0,0.0,0.0,0.0,1.5,23.0,14.5,1.5
003166,Owen Hiltz,OUT,Outlaws,3,A,Attack,2025-08-02,2026-07-18,9.0,6.0,6.0,0.0,6.0,3.0,20.0,12,0.0,0.0,0.0,0.0,0.0,0.0,5.0,3.0,1.0,0,0,0,0.0,0.0,1.0,0.5,7.0,80.0,57.0,0.3,0.6,,,,,0.42857142857142855,,3.0,2.0,2.0,0.0,2.0,1.0,6.666666666666667,4.0,0.0,0.0,0.0,0.0,0.0,0.0,1.6666666666666667,1.0,0.3333333333333333,0.0,0.0,0.0,0.0,0.0,0.3333333333333333,0.16666666666666666,2.3333333333333335,26.666666666666668,19.0,2.3333333333333335
003166,Owen Hiltz,RED,Redwoods,3,A,Attack,2025-07-12,2026-07-31,8.0,4.0,4.0,0.0,4.0,4.0,18.0,10,2.0,0.0,0.0,0.0,0.0,0.0,3.0,5.0,1.0,0,0,0,0.0,0.0,0.0,0.0,7.0,90.0,67.0,0.2222222222222222,0.5555555555555556,,,,,0.5714285714285714,0.0,2.6666666666666665,1.3333333333333333,1.3333333333333333,0.0,1.3333333333333333,1.3333333333333333,6.0,3.3333333333333335,0.6666666666666666,0.0,0.0,0.0,0.0,0.0,1.0,1.6666666666666667,0.3333333333333333,0.0,0.0,0.0,0.0,0.0,0.0,0.0,2.3333333333333335,30.0,22.333333333333332,2.3333333333333335
003166,Owen Hiltz,WAT,Waterdogs,3,A,Attack,2025-07-26,2026-08-01,8.0,3.0,3.0,0.0,3.0,5.0,14.0,6,0.0,0.0,0.0,0.0,0.0,0.0,1.0,5.0,1.0,0,0,0,0.0,0.0,1.0,1.0,8.0,73.0,54.0,0.21428571428571427,0.42857142857142855,,,,,0.625,,2.6666666666666665,1.0,1.0,0.0,1.0,1.6666666666666667,4.666666666666667,2.0,0.0,0.0,0.0,0.0,0.0,0.0,0.3333333333333333,1.6666666666666667,0.3333333333333333,0.0,0.0,0.0,0.0,0.0,0.3333333333333333,0.3333333333333333,2.6666666666666665,24.333333333333332,18.0,2.6666666666666665
003166,Owen Hiltz,WHP,Whipsnakes,2,A,Attack,2025-06-22,2026-07-12,6.0,3.0,3.0,0.0,3.0,3.0,14.0,8,0.0,0.0,0.0,0.0,0.0,0.0,2.0,4.0,0.0,0,0,0,0.0,0.0,0.0,0.0,4.0,49.0,31.0,0.21428571428571427,0.5714285714285714,,,,,0.75,,3.0,1.5,1.5,0.0,1.5,1.5,7.0,4.0,0.0,0.0,0.0,0.0,0.0,0.0,1.0,2.0,0.0,0.0,0.0,0.0,0.0,0.0,0.0,0.0,2.0,24.5,15.5,2.0
003167,Jake Taylor,ARC,Archers,1,A,Attack,2025-07-12,2025-07-12,3.0,1.0,1.0,0.0,1.0,2.0,4.0,3,0.0,0.0,0.0,0.0,0.0,0.0,1.0,1.0,0.0,0,0,0,0.0,0.0,0.0,0.0,2.0,11.0,6.0,0.25,0.75,,,,,1.0,,3.0,1.0,1.0,0.0,1.0,2.0,4.0,3.0,0.0,0.0,0.0,0.0,0.0,0.0,1.0,1.0,0.0,0.0,0.0,0.0,0.0,0.0,0.0,0.0,2.0,11.0,6.0,2.0
003167,Jake Taylor,ATL,Atlas,2,A,Attack,2025-06-21,2026-08-08,4.0,3.0,3.0,0.0,3.0,1.0,5.0,5,0.0,0.0,0.0,0.0,0.0,0.0,2.0,3.0,0.0,0,0,0,0.0,0.0,0.0,0.0,1.0,27.0,19.0,0.6,1.0,,,,,1.0,,2.0,1.5,1.5,0.0,1.5,0.5,2.5,2.5,0.0,0.0,0.0,0.0,0.0,0.0,1.0,1.5,0.0,0.0,0.0,0.0,0.0,0.0,0.0,0.0,0.5,13.5,9.5,0.5
003167,Jake Taylor,CAN,Cannons,3,A,Attack,2025-06-13,2026-05-17,4.0,3.0,3.0,0.0,3.0,1.0,12.0,8,0.0,0.0,0.0,0.0,0.0,0.0,4.0,1.0,1.0,0,0,0,0.0,0.0,0.0,0.0,1.0,30.0,17.0,0.25,0.6666666666666666,,,,,1.0,,1.3333333333333333,1.0,1.0,0.0,1.0,0.3333333333333333,4.0,2.6666666666666665,0.0,0.0,0.0,0.0,0.0,0.0,1.3333333333333333,0.3333333333333333,0.3333333333333333,0.0,0.0,0.0,0.0,0.0,0.0,0.0,0.3333333333333333,10.0,5.666666666666667,0.3333333333333333
003167,Jake Taylor,CHA,Chaos,1,A,Attack,2025-07-26,2025-07-26,1.0,1.0,1.0,0.0,1.0,0.0,4.0,2,0.0,0.0,0.0,0.0,0.0,0.0,0.0,1.0,0.0,0,0,0,0.0,0.0,0.0,0.0,0.0,9.0,4.0,0.25,0.5,,,,,,,1.0,1.0,1.0,0.0,1.0,0.0,4.0,2.0,0.0,0.0,0.0,0.0,0.0,0.0,0.0,1.0,0.0,0.0,0.0,0.0,0.0,0.0,0.0,0.0,0.0,9.0,4.0,0.0
003167,Jake Taylor,OUT,Outlaws,1,A,Attack,2025-06-14,2025-06-14,3.0,3.0,3.0,0.0,3.0,0.0,4.0,4,0.0,0.0,0.0,0.0,0.0,0.0,1.0,2.0,0.0,0,0,0,0.0,0.0,1.0,1.0,0.0,12.0,6.0,0.75,1.0,,,,,,,3.0,3.0,3.0,0.0,3.0,0.0,4.0,4.0,0.0,0.0,0.0,0.0,0.0,0.0,1.0,2.0,0.0,0.0,0.0,0.0,0.0,0.0,1.0,1.0,0.0,12.0,6.0,0.0
003167,Jake Taylor,RED,Redwoods,1,A,Attack,2025-06-28,2025-06-28,1.0,1.0,1.0,0.0,1.0,0.0,4.0,2,0.0,0.0,0.0,0.0,0.0,0.0,2.0,2.0,0.0,0,0,0,0.0,0.0,0.0,0.0,1.0,10.0,4.0,0.25,0.5,,,,,0.0,,1.0,1.0,1.0,0.0,1.0,0.0,4.0,2.0,0.0,0.0,0.0,0.0,0.0,0.0,2.0,2.0,0.0,0.0,0.0,0.0,0.0,0.0,0.0,0.0,1.0,10.0,4.0,1.0
003167,Jake Taylor,WHP,Whipsnakes,3,A,Attack,2025-06-07,2026-05-09,4.0,3.0,3.0,0.0,3.0,1.0,10.0,8,0.0,0.0,0.0,0.0,0.0,0.0,7.0,1.0,0.0,0,0,0,0.0,0.0,0.0,0.0,2.0,30.0,19.0,0.3,0.8,,,,,0.5,,1.3333333333333333,1.0,1.0,0.0,1.0,0.3333333333333333,3.3333333333333335,2.6666666666666665,0.0,0.0,0.0,0.0,0.0,0.0,2.3333333333333335,0.3333333333333333,0.0,0.0,0.0,0.0,0.0,0.0,0.0,0.0,0.6666666666666666,10.0,6.333333333333333,0.6666666666666666
003168,Chris Kavanagh,ARC,Archers,3,A,Attack,2025-06-14,2026-06-20,9.0,8.0,6.0,1.0,7.0,1.0,21.0,11,1.0,0.0,0.0,0.0,0.0,0.0,7.0,0.0,2.0,0,0,0,0.0,0.0,0.0,0.0,14.0,112.0,91.0,0.3333333333333333,0.5238095238095238,,,,,0.07142857142857142,1.0,3.0,2.6666666666666665,2.0,0.3333333333333333,2.3333333333333335,0.3333333333333333,7.0,3.6666666666666665,0.3333333333333333,0.0,0.0,0.0,0.0,0.0,2.3333333333333335,0.0,0.6666666666666666,0.0,0.0,0.0,0.0,0.0,0.0,0.0,4.666666666666667,37.333333333333336,30.333333333333332,4.666666666666667
003168,Chris Kavanagh,ATL,Atlas,3,A,Attack,2025-07-18,2026-08-02,14.0,12.0,12.0,0.0,12.0,2.0,25.0,16,1.0,0.0,0.0,0.0,0.0,0.0,4.0,5.0,0.0,0,0,0,0.0,0.0,0.0,0.0,9.0,89.0,59.0,0.48,0.64,,,,,0.2222222222222222,0.0,4.666666666666667,4.0,4.0,0.0,4.0,0.6666666666666666,8.333333333333334,5.333333333333333,0.3333333333333333,0.0,0.0,0.0,0.0,0.0,1.3333333333333333,1.6666666666666667,0.0,0.0,0.0,0.0,0.0,0.0,0.0,0.0,3.0,29.666666666666668,19.666666666666668,3.0
003168,Chris Kavanagh,CAN,Cannons,3,A,Attack,2025-08-08,2026-08-09,10.0,7.0,7.0,0.0,7.0,3.0,19.0,15,1.0,0.0,0.0,0.0,0.0,0.0,3.0,4.0,0.0,0,0,0,0.0,0.0,0.0,0.0,9.0,117.0,94.0,0.3684210526315789,0.7894736842105263,,,,,0.3333333333333333,0.0,3.3333333333333335,2.3333333333333335,2.3333333333333335,0.0,2.3333333333333335,1.0,6.333333333333333,5.0,0.3333333333333333,0.0,0.0,0.0,0.0,0.0,1.0,1.3333333333333333,0.0,0.0,0.0,0.0,0.0,0.0,0.0,0.0,3.0,39.0,31.333333333333332,3.0
003168,Chris Kavanagh,CHA,Chaos,4,A,Attack,2025-06-07,2026-07-31,13.0,6.0,6.0,0.0,6.0,7.0,28.0,20,0.0,0.0,0.0,0.0,0.0,0.0,6.0,6.0,2.0,0,0,0,0.0,0.0,3.0,3.5,18.0,175.0,141.0,0.21428571428571427,0.7142857142857143,,,,,0.3888888888888889,,3.25,1.5,1.5,0.0,1.5,1.75,7.0,5.0,0.0,0.0,0.0,0.0,0.0,0.0,1.5,1.5,0.5,0.0,0.0,0.0,0.0,0.0,0.75,0.875,4.5,43.75,35.25,4.5
003168,Chris Kavanagh,OUT,Outlaws,2,A,Attack,2025-05-31,2025-06-28,8.0,6.0,4.0,1.0,5.0,2.0,13.0,11,3.0,0.0,0.0,0.0,0.0,0.0,4.0,4.0,1.0,0,0,0,0.0,0.0,0.0,0.0,5.0,83.0,66.0,0.38461538461538464,0.8461538461538461,,,,,0.4,0.3333333333333333,4.0,3.0,2.0,0.5,2.5,1.0,6.5,5.5,1.5,0.0,0.0,0.0,0.0,0.0,2.0,2.0,0.5,0.0,0.0,0.0,0.0,0.0,0.0,0.0,2.5,41.5,33.0,2.5
003168,Chris Kavanagh,WAT,Waterdogs,2,A,Attack,2025-06-28,2026-07-10,6.0,4.0,2.0,1.0,3.0,2.0,12.0,7,3.0,0.0,0.0,0.0,0.0,0.0,1.0,3.0,0.0,0,0,0,0.0,0.0,0.0,0.0,6.0,66.0,51.0,0.25,0.5833333333333334,,,,,0.3333333333333333,0.3333333333333333,3.0,2.0,1.0,0.5,1.5,1.0,6.0,3.5,1.5,0.0,0.0,0.0,0.0,0.0,0.5,1.5,0.0,0.0,0.0,0.0,0.0,0.0,0.0,0.0,3.0,33.0,25.5,3.0
003168,Chris Kavanagh,WHP,Whipsnakes,2,A,Attack,2025-08-03,2026-07-17,9.0,5.0,5.0,0.0,5.0,4.0,22.0,16,7.0,0.0,0.0,0.0,0.0,0.0,7.0,3.0,1.0,0,0,0,0.0,0.0,0.0,0.0,12.0,75.0,50.0,0.22727272727272727,0.7272727272727273,,,,,0.3333333333333333,0.0,4.5,2.5,2.5,0.0,2.5,2.0,11.0,8.0,3.5,0.0,0.0,0.0,0.0,0.0,3.5,1.5,0.5,0.0,0.0,0.0,0.0,0.0,0.0,0.0,6.0,37.5,25.0,6.0
003169,Logan McNaney,ARC,Archers,4,G,Goalie,2025-06-22,2026-07-25,0.0,0.0,0.0,0.0,0.0,0.0,0.0,0,0.0,41.0,18.0,23.0,46.0,46.0,10.0,2.0,0.0,0,0,0,42.0,4.0,0.0,0.0,0.0,62.0,60.0,,,,0.4939759036144578,43.90243902439025,0.21686746987951808,,,0.0,0.0,0.0,0.0,0.0,0.0,0.0,0.0,0.0,10.25,4.5,5.75,11.5,11.5,2.5,0.5,0.0,0.0,0.0,0.0,10.5,1.0,0.0,0.0,0.0,15.5,15.0,0.0
003169,Logan McNaney,ATL,Atlas,2,G,Goalie,2025-08-02,2026-05-30,0.0,0.0,0.0,0.0,0.0,0.0,1.0,0,1.0,26.0,19.0,7.0,21.0,19.483417051477307,8.0,1.0,2.0,0,0,0,20.0,1.0,0.0,0.0,0.0,40.0,38.0,0.0,0.0,,0.5652173913043478,73.07692307692307,0.41304347826086957,,0.0,0.0,0.0,0.0,0.0,0.0,0.0,0.5,0.0,0.5,13.0,9.5,3.5,10.5,9.741708525738654,4.0,0.5,1.0,0.0,0.0,0.0,10.0,0.5,0.0,0.0,0.0,20.0,19.0,0.0
003169,Logan McNaney,CAN,Cannons,2,G,Goalie,2025-07-19,2026-07-11,0.0,0.0,0.0,0.0,0.0,0.0,0.0,0,0.0,24.0,15.0,9.0,32.0,32.0,4.0,2.0,2.0,0,0,0,28.0,4.0,0.0,0.0,0.0,34.0,32.0,,,,0.46153846153846156,62.5,0.28846153846153844,,,0.0,0.0,0.0,0.0,0.0,0.0,0.0,0.0,0.0,12.0,7.5,4.5,16.0,16.0,2.0,1.0,1.0,0.0,0.0,0.0,14.0,2.0,0.0,0.0,0.0,17.0,16.0,0.0
003169,Logan McNaney,CHA,Chaos,3,G,Goalie,2025-08-02,2026-07-18,0.0,0.0,0.0,0.0,0.0,0.0,1.0,1,1.0,40.0,29.0,11.0,32.0,32.0,4.0,2.0,3.0,0,0,0,30.0,2.0,0.0,0.0,0.0,64.0,61.0,0.0,1.0,,0.5714285714285714,72.5,0.4142857142857143,,0.0,0.0,0.0,0.0,0.0,0.0,0.0,0.3333333333333333,0.3333333333333333,0.3333333333333333,13.333333333333334,9.666666666666666,3.6666666666666665,10.666666666666666,10.666666666666666,1.3333333333333333,0.6666666666666666,1.0,0.0,0.0,0.0,10.0,0.6666666666666666,0.0,0.0,0.0,21.333333333333332,20.333333333333332,0.0
003169,Logan McNaney,RED,Redwoods,2,G,Goalie,2025-06-28,2026-05-16,0.0,0.0,0.0,0.0,0.0,0.0,1.0,1,1.0,30.0,16.0,14.0,21.0,21.0,1.0,1.0,2.0,0,0,0,19.0,2.0,0.0,0.0,0.0,48.0,46.0,0.0,1.0,,0.6122448979591837,53.333333333333336,0.32653061224489793,,0.0,0.0,0.0,0.0,0.0,0.0,0.0,0.5,0.5,0.5,15.0,8.0,7.0,10.5,10.5,0.5,0.5,1.0,0.0,0.0,0.0,9.5,1.0,0.0,0.0,0.0,24.0,23.0,0.0
003169,Logan McNaney,WAT,Waterdogs,2,G,Goalie,2025-06-14,2026-07-26,0.0,0.0,0.0,0.0,0.0,0.0,0.0,0,0.0,17.0,9.0,8.0,21.0,35.0,2.0,0.0,0.0,0,0,0,19.0,2.0,0.0,0.0,0.0,24.0,24.0,,,,0.4722222222222222,52.94117647058824,0.25,,,0.0,0.0,0.0,0.0,0.0,0.0,0.0,0.0,0.0,8.5,4.5,4.0,10.5,17.5,1.0,0.0,0.0,0.0,0.0,0.0,9.5,1.0,0.0,0.0,0.0,12.0,12.0,0.0
003169,Logan McNaney,WHP,Whipsnakes,3,G,Goalie,2025-07-13,2026-08-01,0.0,0.0,0.0,0.0,0.0,0.0,0.0,0,0.0,32.0,19.0,13.0,23.0,33.0,7.0,2.0,1.0,0,0,0,22.0,1.0,0.0,0.0,0.0,51.0,49.0,,,,0.5925925925925926,59.375,0.35185185185185186,,,0.0,0.0,0.0,0.0,0.0,0.0,0.0,0.0,0.0,10.666666666666666,6.333333333333333,4.333333333333333,7.666666666666667,11.0,2.3333333333333335,0.6666666666666666,0.3333333333333333,0.0,0.0,0.0,7.333333333333333,0.3333333333333333,0.0,0.0,0.0,17.0,16.333333333333332,0.0
003170,Mic Kelly,ARC,Archers,1,M,Midfield,2026-08-01,2026-08-01,0.0,0.0,0.0,0.0,0.0,0.0,6.0,4,0.0,0.0,0.0,0.0,0.0,0.0,0.0,0.0,0.0,0,0,0,0.0,0.0,2.0,2.0,2.0,26.0,20.0,0.0,0.6666666666666666,,,,,0.0,,0.0,0.0,0.0,0.0,0.0,0.0,6.0,4.0,0.0,0.0,0.0,0.0,0.0,0.0,0.0,0.0,0.0,0.0,0.0,0.0,0.0,0.0,2.0,2.0,2.0,26.0,20.0,2.0
003170,Mic Kelly,ATL,Atlas,4,M,Midfield,2025-05-31,2026-07-19,6.0,5.0,5.0,0.0,5.0,1.0,18.0,10,1.0,0.0,0.0,0.0,0.0,0.0,3.0,4.0,0.0,0,0,0,0.0,0.0,0.0,0.0,8.0,97.0,75.0,0.2777777777777778,0.5555555555555556,,,,,0.125,0.0,1.5,1.25,1.25,0.0,1.25,0.25,4.5,2.5,0.25,0.0,0.0,0.0,0.0,0.0,0.75,1.0,0.0,0.0,0.0,0.0,0.0,0.0,0.0,0.0,2.0,24.25,18.75,2.0
003170,Mic Kelly,CHA,Chaos,2,M,Midfield,2025-06-29,2026-05-15,2.0,2.0,2.0,0.0,2.0,0.0,16.0,10,1.0,0.0,0.0,0.0,0.0,0.0,3.0,0.0,1.0,0,0,0,0.0,0.0,1.0,0.5,5.0,58.0,42.0,0.125,0.625,,,,,0.0,0.0,1.0,1.0,1.0,0.0,1.0,0.0,8.0,5.0,0.5,0.0,0.0,0.0,0.0,0.0,1.5,0.0,0.5,0.0,0.0,0.0,0.0,0.0,0.5,0.25,2.5,29.0,21.0,2.5
003170,Mic Kelly,OUT,Outlaws,2,M,Midfield,2025-07-19,2026-07-11,1.0,0.0,0.0,0.0,0.0,1.0,9.0,7,1.0,0.0,0.0,0.0,0.0,0.0,2.0,5.0,0.0,0,0,0,0.0,0.0,0.0,0.0,1.0,53.0,39.0,0.0,0.7777777777777778,,,,,1.0,0.0,0.5,0.0,0.0,0.0,0.0,0.5,4.5,3.5,0.5,0.0,0.0,0.0,0.0,0.0,1.0,2.5,0.0,0.0,0.0,0.0,0.0,0.0,0.0,0.0,0.5,26.5,19.5,0.5
003170,Mic Kelly,RED,Redwoods,2,M,Midfield,2026-06-28,2026-08-09,2.0,0.0,0.0,0.0,0.0,2.0,8.0,4,2.0,0.0,0.0,0.0,0.0,0.0,0.0,2.0,0.0,0,0,0,0.0,0.0,0.0,0.0,7.0,50.0,40.0,0.0,0.5,,,,,0.2857142857142857,0.0,1.0,0.0,0.0,0.0,0.0,1.0,4.0,2.0,1.0,0.0,0.0,0.0,0.0,0.0,0.0,1.0,0.0,0.0,0.0,0.0,0.0,0.0,0.0,0.0,3.5,25.0,20.0,3.5
003170,Mic Kelly,WAT,Waterdogs,2,M,Midfield,2026-05-17,2026-06-07,5.0,2.0,2.0,0.0,2.0,3.0,9.0,8,0.0,0.0,0.0,0.0,0.0,0.0,0.0,3.0,1.0,0,0,0,0.0,0.0,0.0,0.0,8.0,50.0,38.0,0.2222222222222222,0.8888888888888888,,,,,0.375,,2.5,1.0,1.0,0.0,1.0,1.5,4.5,4.0,0.0,0.0,0.0,0.0,0.0,0.0,0.0,1.5,0.5,0.0,0.0,0.0,0.0,0.0,0.0,0.0,4.0,25.0,19.0,4.0
003170,Mic Kelly,WHP,Whipsnakes,3,M,Midfield,2025-06-21,2026-08-07,8.0,6.0,4.0,1.0,5.0,2.0,17.0,11,3.0,0.0,0.0,0.0,0.0,0.0,2.0,1.0,2.0,0,0,0,0.0,0.0,0.0,0.0,5.0,69.0,51.0,0.29411764705882354,0.6470588235294118,,,,,0.4,0.3333333333333333,2.6666666666666665,2.0,1.3333333333333333,0.3333333333333333,1.6666666666666667,0.6666666666666666,5.666666666666667,3.6666666666666665,1.0,0.0,0.0,0.0,0.0,0.0,0.6666666666666666,0.3333333333333333,0.6666666666666666,0.0,0.0,0.0,0.0,0.0,0.0,0.0,1.6666666666666667,23.0,17.0,1.6666666666666667
003171,Levi Verch,ARC,Archers,2,LSM,Long Stick Midfield,2025-07-19,2025-08-09,0.0,0.0,0.0,0.0,0.0,0.0,1.0,1,0.0,0.0,0.0,0.0,0.0,0.0,2.0,0.0,1.0,0,0,0,0.0,0.0,0.0,0.0,0.0,3.0,2.0,0.0,1.0,,,,,,,0.0,0.0,0.0,0.0,0.0,0.0,0.5,0.5,0.0,0.0,0.0,0.0,0.0,0.0,1.0,0.0,0.5,0.0,0.0,0.0,0.0,0.0,0.0,0.0,0.0,1.5,1.0,0.0
003171,Levi Verch,ATL,Atlas,1,LSM,Long Stick Midfield,2025-05-30,2025-05-30,0.0,0.0,0.0,0.0,0.0,0.0,0.0,0,0.0,0.0,0.0,0.0,0.0,0.0,1.0,1.0,0.0,0,0,0,0.0,0.0,0.0,0.0,0.0,8.0,7.0,,,,,,,,,0.0,0.0,0.0,0.0,0.0,0.0,0.0,0.0,0.0,0.0,0.0,0.0,0.0,0.0,1.0,1.0,0.0,0.0,0.0,0.0,0.0,0.0,0.0,0.0,0.0,8.0,7.0,0.0
003171,Levi Verch,CAN,Cannons,1,LSM,Long Stick Midfield,2025-06-29,2025-06-29,0.0,0.0,0.0,0.0,0.0,0.0,1.0,0,1.0,0.0,0.0,0.0,0.0,0.0,2.0,1.0,0.0,0,0,0,0.0,0.0,0.0,0.0,0.0,9.0,7.0,0.0,0.0,,,,,,0.0,0.0,0.0,0.0,0.0,0.0,0.0,1.0,0.0,1.0,0.0,0.0,0.0,0.0,0.0,2.0,1.0,0.0,0.0,0.0,0.0,0.0,0.0,0.0,0.0,0.0,9.0,7.0,0.0
003171,Levi Verch,OUT,Outlaws,2,LSM,Long Stick Midfield,2025-06-06,2025-08-02,0.0,0.0,0.0,0.0,0.0,0.0,0.0,0,0.0,0.0,0.0,0.0,0.0,0.0,6.0,1.0,0.0,0,0,0,0.0,0.0,0.0,0.0,1.0,11.0,10.0,,,,,,,0.0,,0.0,0.0,0.0,0.0,0.0,0.0,0.0,0.0,0.0,0.0,0.0,0.0,0.0,0.0,3.0,0.5,0.0,0.0,0.0,0.0,0.0,0.0,0.0,0.0,0.5,5.5,5.0,0.5
003171,Levi Verch,RED,Redwoods,2,LSM,Long Stick Midfield,2025-06-07,2025-07-12,0.0,0.0,0.0,0.0,0.0,0.0,1.0,0,1.0,0.0,0.0,0.0,0.0,0.0,4.0,1.0,0.0,0,0,0,0.0,0.0,1.0,1.0,0.0,9.0,7.0,0.0,0.0,,,,,,0.0,0.0,0.0,0.0,0.0,0.0,0.0,0.5,0.0,0.5,0.0,0.0,0.0,0.0,0.0,2.0,0.5,0.0,0.0,0.0,0.0,0.0,0.0,0.5,0.5,0.0,4.5,3.5,0.0
003171,Levi Verch,WAT,Waterdogs,1,LSM,Long Stick Midfield,2025-07-26,2025-07-26,0.0,0.0,0.0,0.0,0.0,0.0,0.0,0,0.0,0.0,0.0,0.0,0.0,0.0,3.0,1.0,2.0,0,0,0,0.0,0.0,0.0,0.0,0.0,5.0,4.0,,,,,,,,,0.0,0.0,0.0,0.0,0.0,0.0,0.0,0.0,0.0,0.0,0.0,0.0,0.0,0.0,3.0,1.0,2.0,0.0,0.0,0.0,0.0,0.0,0.0,0.0,0.0,5.0,4.0,0.0
003171,Levi Verch,WHP,Whipsnakes,1,LSM,Long Stick Midfield,2025-06-22,2025-06-22,0.0,0.0,0.0,0.0,0.0,0.0,0.0,0,0.0,0.0,0.0,0.0,0.0,0.0,2.0,0.0,1.0,0,0,0,0.0,0.0,0.0,0.0,0.0,6.0,6.0,,,,,,,,,0.0,0.0,0.0,0.0,0.0,0.0,0.0,0.0,0.0,0.0,0.0,0.0,0.0,0.0,2.0,0.0,1.0,0.0,0.0,0.0,0.0,0.0,0.0,0.0,0.0,6.0,6.0,0.0
003172,Max Krevsky,ARC,Archers,2,SSDM,Defensive Midfield,2025-06-28,2026-07-11,0.0,0.0,0.0,0.0,0.0,0.0,2.0,1,0.0,0.0,0.0,0.0,0.0,0.0,4.0,1.0,2.0,0,3,3,0.0,0.0,2.0,2.0,0.0,11.0,8.0,0.0,0.5,0.0,,,,,,0.0,0.0,0.0,0.0,0.0,0.0,1.0,0.5,0.0,0.0,0.0,0.0,0.0,0.0,2.0,0.5,1.0,0.0,1.5,1.5,0.0,0.0,1.0,1.0,0.0,5.5,4.0,0.0
003172,Max Krevsky,CAN,Cannons,2,SSDM,Defensive Midfield,2025-07-11,2026-07-19,0.0,0.0,0.0,0.0,0.0,0.0,4.0,1,0.0,0.0,0.0,0.0,0.0,0.0,1.0,1.0,0.0,0,1,1,0.0,0.0,0.0,0.0,0.0,13.0,8.0,0.0,0.25,0.0,,,,,,0.0,0.0,0.0,0.0,0.0,0.0,2.0,0.5,0.0,0.0,0.0,0.0,0.0,0.0,0.5,0.5,0.0,0.0,0.5,0.5,0.0,0.0,0.0,0.0,0.0,6.5,4.0,0.0
003172,Max Krevsky,CHA,Chaos,1,SSDM,Defensive Midfield,2026-05-09,2026-05-09,0.0,0.0,0.0,0.0,0.0,0.0,0.0,0,0.0,0.0,0.0,0.0,0.0,0.0,2.0,1.0,0.0,0,0,0,0.0,0.0,0.0,0.0,1.0,12.0,11.0,,,,,,,0.0,,0.0,0.0,0.0,0.0,0.0,0.0,0.0,0.0,0.0,0.0,0.0,0.0,0.0,0.0,2.0,1.0,0.0,0.0,0.0,0.0,0.0,0.0,0.0,0.0,1.0,12.0,11.0,1.0
003172,Max Krevsky,OUT,Outlaws,2,SSDM,Defensive Midfield,2025-08-02,2026-08-08,2.0,0.0,0.0,0.0,0.0,2.0,1.0,0,0.0,0.0,0.0,0.0,0.0,0.0,2.0,0.0,1.0,0,0,0,0.0,0.0,0.0,0.0,4.0,24.0,23.0,0.0,0.0,,,,,0.5,,1.0,0.0,0.0,0.0,0.0,1.0,0.5,0.0,0.0,0.0,0.0,0.0,0.0,0.0,1.0,0.0,0.5,0.0,0.0,0.0,0.0,0.0,0.0,0.0,2.0,12.0,11.5,2.0
003172,Max Krevsky,RED,Redwoods,3,SSDM,Defensive Midfield,2025-07-18,2026-08-02,1.0,0.0,0.0,0.0,0.0,1.0,4.0,2,0.0,0.0,0.0,0.0,0.0,0.0,6.0,2.0,1.0,0,3,3,0.0,0.0,0.0,0.0,2.0,20.0,14.0,0.0,0.5,0.0,,,,0.5,,0.3333333333333333,0.0,0.0,0.0,0.0,0.3333333333333333,1.3333333333333333,0.6666666666666666,0.0,0.0,0.0,0.0,0.0,0.0,2.0,0.6666666666666666,0.3333333333333333,0.0,1.0,1.0,0.0,0.0,0.0,0.0,0.6666666666666666,6.666666666666667,4.666666666666667,0.6666666666666666
003172,Max Krevsky,WAT,Waterdogs,3,SSDM,Defensive Midfield,2025-06-21,2026-07-25,1.0,1.0,1.0,0.0,1.0,0.0,2.0,2,0.0,0.0,0.0,0.0,0.0,0.0,0.0,2.0,1.0,0,1,1,0.0,0.0,1.0,1.0,0.0,18.0,14.0,0.5,1.0,0.0,,,,,,0.3333333333333333,0.3333333333333333,0.3333333333333333,0.0,0.3333333333333333,0.0,0.6666666666666666,0.6666666666666666,0.0,0.0,0.0,0.0,0.0,0.0,0.0,0.6666666666666666,0.3333333333333333,0.0,0.3333333333333333,0.3333333333333333,0.0,0.0,0.3333333333333333,0.3333333333333333,0.0,6.0,4.666666666666667,0.0
003172,Max Krevsky,WHP,Whipsnakes,3,SSDM,Defensive Midfield,2025-06-14,2026-05-16,1.0,0.0,0.0,0.0,0.0,1.0,2.0,0,1.0,0.0,0.0,0.0,0.0,0.0,3.0,3.0,4.0,0,0,0,0.0,0.0,1.0,1.0,1.0,25.0,20.0,0.0,0.0,,,,,1.0,0.0,0.3333333333333333,0.0,0.0,0.0,0.0,0.3333333333333333,0.6666666666666666,0.0,0.3333333333333333,0.0,0.0,0.0,0.0,0.0,1.0,1.0,1.3333333333333333,0.0,0.0,0.0,0.0,0.0,0.3333333333333333,0.3333333333333333,0.3333333333333333,8.333333333333334,6.666666666666667,0.3333333333333333
003173,Jack McDonald,ARC,Archers,2,LSM,Long Stick Midfield,2026-05-30,2026-07-25,0.0,0.0,0.0,0.0,0.0,0.0,0.0,0,0.0,0.0,0.0,0.0,0.0,0.0,2.0,0.0,1.0,0,0,0,0.0,0.0,0.0,0.0,0.0,3.0,3.0,,,,,,,,,0.0,0.0,0.0,0.0,0.0,0.0,0.0,0.0,0.0,0.0,0.0,0.0,0.0,0.0,1.0,0.0,0.5,0.0,0.0,0.0,0.0,0.0,0.0,0.0,0.0,1.5,1.5,0.0
003173,Jack McDonald,ATL,Atlas,2,LSM,Long Stick Midfield,2026-05-16,2026-06-21,0.0,0.0,0.0,0.0,0.0,0.0,0.0,0,0.0,0.0,0.0,0.0,0.0,0.0,1.0,1.0,1.0,0,0,0,0.0,0.0,0.0,0.0,1.0,7.0,6.0,,,,,,,0.0,,0.0,0.0,0.0,0.0,0.0,0.0,0.0,0.0,0.0,0.0,0.0,0.0,0.0,0.0,0.5,0.5,0.5,0.0,0.0,0.0,0.0,0.0,0.0,0.0,0.5,3.5,3.0,0.5
003173,Jack McDonald,CAN,Cannons,3,LSM,Long Stick Midfield,2025-08-09,2026-08-07,0.0,0.0,0.0,0.0,0.0,0.0,1.0,1,0.0,0.0,0.0,0.0,0.0,0.0,4.0,0.0,0.0,0,0,0,0.0,0.0,1.0,1.0,0.0,11.0,10.0,0.0,1.0,,,,,,,0.0,0.0,0.0,0.0,0.0,0.0,0.3333333333333333,0.3333333333333333,0.0,0.0,0.0,0.0,0.0,0.0,1.3333333333333333,0.0,0.0,0.0,0.0,0.0,0.0,0.0,0.3333333333333333,0.3333333333333333,0.0,3.6666666666666665,3.3333333333333335,0.0
003173,Jack McDonald,CHA,Chaos,1,LSM,Long Stick Midfield,2025-06-22,2025-06-22,0.0,0.0,0.0,0.0,0.0,0.0,0.0,0,0.0,0.0,0.0,0.0,0.0,0.0,1.0,1.0,0.0,0,0,0,0.0,0.0,0.0,0.0,0.0,1.0,0.0,,,,,,,,,0.0,0.0,0.0,0.0,0.0,0.0,0.0,0.0,0.0,0.0,0.0,0.0,0.0,0.0,1.0,1.0,0.0,0.0,0.0,0.0,0.0,0.0,0.0,0.0,0.0,1.0,0.0,0.0
003173,Jack McDonald,OUT,Outlaws,1,LSM,Long Stick Midfield,2026-08-01,2026-08-01,0.0,0.0,0.0,0.0,0.0,0.0,0.0,0,0.0,0.0,0.0,0.0,0.0,0.0,0.0,0.0,0.0,0,0,0,0.0,0.0,0.0,0.0,0.0,2.0,2.0,,,,,,,,,0.0,0.0,0.0,0.0,0.0,0.0,0.0,0.0,0.0,0.0,0.0,0.0,0.0,0.0,0.0,0.0,0.0,0.0,0.0,0.0,0.0,0.0,0.0,0.0,0.0,2.0,2.0,0.0
003173,Jack McDonald,RED,Redwoods,2,LSM,Long Stick Midfield,2025-08-03,2026-07-17,2.0,2.0,2.0,0.0,2.0,0.0,2.0,2,0.0,0.0,0.0,0.0,0.0,0.0,5.0,0.0,2.0,0,0,0,0.0,0.0,0.0,0.0,0.0,13.0,11.0,1.0,1.0,,,,,,,1.0,1.0,1.0,0.0,1.0,0.0,1.0,1.0,0.0,0.0,0.0,0.0,0.0,0.0,2.5,0.0,1.0,0.0,0.0,0.0,0.0,0.0,0.0,0.0,0.0,6.5,5.5,0.0
003173,Jack McDonald,WAT,Waterdogs,2,LSM,Long Stick Midfield,2025-07-20,2026-05-09,0.0,0.0,0.0,0.0,0.0,0.0,1.0,1,0.0,0.0,0.0,0.0,0.0,0.0,1.0,0.0,1.0,0,0,0,0.0,0.0,1.0,1.0,2.0,8.0,7.0,0.0,1.0,,,,,0.0,,0.0,0.0,0.0,0.0,0.0,0.0,0.5,0.5,0.0,0.0,0.0,0.0,0.0,0.0,0.5,0.0,0.5,0.0,0.0,0.0,0.0,0.0,0.5,0.5,1.0,4.0,3.5,1.0
003174,Sam King,ATL,Atlas,2,A,Attack,2025-06-28,2026-07-11,4.0,2.0,2.0,0.0,2.0,2.0,8.0,4,0.0,0.0,0.0,0.0,0.0,0.0,3.0,3.0,1.0,0,0,0,0.0,0.0,0.0,0.0,3.0,46.0,35.0,0.25,0.5,,,,,0.6666666666666666,,2.0,1.0,1.0,0.0,1.0,1.0,4.0,2.0,0.0,0.0,0.0,0.0,0.0,0.0,1.5,1.5,0.5,0.0,0.0,0.0,0.0,0.0,0.0,0.0,1.5,23.0,17.5,1.5
003174,Sam King,CAN,Cannons,2,A,Attack,2025-06-07,2026-08-01,3.0,1.0,1.0,0.0,1.0,2.0,8.0,4,0.0,0.0,0.0,0.0,0.0,0.0,0.0,3.0,0.0,0,0,0,0.0,0.0,1.0,0.5,5.0,51.0,40.0,0.125,0.5,,,,,0.4,,1.5,0.5,0.5,0.0,0.5,1.0,4.0,2.0,0.0,0.0,0.0,0.0,0.0,0.0,0.0,1.5,0.0,0.0,0.0,0.0,0.0,0.0,0.5,0.25,2.5,25.5,20.0,2.5
003174,Sam King,CHA,Chaos,4,A,Attack,2025-07-19,2026-08-08,9.0,7.0,7.0,0.0,7.0,2.0,19.0,10,0.0,0.0,0.0,0.0,0.0,0.0,3.0,12.0,0.0,0,0,0,0.0,0.0,0.0,0.0,12.0,129.0,98.0,0.3684210526315789,0.5263157894736842,,,,,0.16666666666666666,,2.25,1.75,1.75,0.0,1.75,0.5,4.75,2.5,0.0,0.0,0.0,0.0,0.0,0.0,0.75,3.0,0.0,0.0,0.0,0.0,0.0,0.0,0.0,0.0,3.0,32.25,24.5,3.0
003174,Sam King,OUT,Outlaws,4,A,Attack,2025-06-22,2026-07-25,14.0,8.0,8.0,0.0,8.0,6.0,29.0,18,2.0,0.0,0.0,0.0,0.0,0.0,5.0,9.0,1.0,0,0,0,0.0,0.0,1.0,0.5,12.0,129.0,91.0,0.27586206896551724,0.6206896551724138,,,,,0.5,0.0,3.5,2.0,2.0,0.0,2.0,1.5,7.25,4.5,0.5,0.0,0.0,0.0,0.0,0.0,1.25,2.25,0.25,0.0,0.0,0.0,0.0,0.0,0.25,0.125,3.0,32.25,22.75,3.0
003174,Sam King,RED,Redwoods,4,A,Attack,2025-06-14,2026-06-20,9.0,7.0,5.0,1.0,6.0,2.0,21.0,10,1.0,0.0,0.0,0.0,0.0,0.0,12.0,6.0,0.0,0,0,0,0.0,0.0,0.0,0.0,12.0,92.0,65.0,0.2857142857142857,0.47619047619047616,,,,,0.16666666666666666,1.0,2.25,1.75,1.25,0.25,1.5,0.5,5.25,2.5,0.25,0.0,0.0,0.0,0.0,0.0,3.0,1.5,0.0,0.0,0.0,0.0,0.0,0.0,0.0,0.0,3.0,23.0,16.25,3.0
003174,Sam King,WAT,Waterdogs,3,M,Midfield,2025-07-12,2026-07-18,11.0,9.0,9.0,0.0,9.0,2.0,17.0,13,0.0,0.0,0.0,0.0,0.0,0.0,2.0,5.0,1.0,0,0,0,0.0,0.0,1.0,0.5,7.0,94.0,72.0,0.5294117647058824,0.7647058823529411,,,,,0.2857142857142857,,3.6666666666666665,3.0,3.0,0.0,3.0,0.6666666666666666,5.666666666666667,4.333333333333333,0.0,0.0,0.0,0.0,0.0,0.0,0.6666666666666666,1.6666666666666667,0.3333333333333333,0.0,0.0,0.0,0.0,0.0,0.3333333333333333,0.16666666666666666,2.3333333333333335,31.333333333333332,24.0,2.3333333333333335
003174,Sam King,WHP,Whipsnakes,3,A,Attack,2025-05-31,2026-07-25,7.0,3.0,3.0,0.0,3.0,4.0,15.0,7,0.0,0.0,0.0,0.0,0.0,0.0,6.0,6.0,1.0,0,0,0,0.0,0.0,1.0,0.5,13.0,81.0,60.0,0.2,0.4666666666666667,,,,,0.3076923076923077,,2.3333333333333335,1.0,1.0,0.0,1.0,1.3333333333333333,5.0,2.3333333333333335,0.0,0.0,0.0,0.0,0.0,0.0,2.0,2.0,0.3333333333333333,0.0,0.0,0.0,0.0,0.0,0.3333333333333333,0.16666666666666666,4.333333333333333,27.0,20.0,4.333333333333333
003176,Emmet Carroll,ARC,Archers,2,G,Goalie,2026-05-30,2026-07-25,0.0,0.0,0.0,0.0,0.0,0.0,1.0,0,1.0,26.0,8.0,18.0,18.0,18.0,5.0,1.0,0.0,0,0,0,17.0,1.0,0.0,0.0,0.0,50.0,48.0,0.0,0.0,,0.6046511627906976,30.76923076923077,0.18604651162790697,,0.0,0.0,0.0,0.0,0.0,0.0,0.0,0.5,0.0,0.5,13.0,4.0,9.0,9.0,9.0,2.5,0.5,0.0,0.0,0.0,0.0,8.5,0.5,0.0,0.0,0.0,25.0,24.0,0.0
003176,Emmet Carroll,ATL,Atlas,3,G,Goalie,2025-07-26,2026-06-21,0.0,0.0,0.0,0.0,0.0,0.0,1.0,0,1.0,42.0,18.0,24.0,33.0,33.0,6.0,0.0,1.0,0,0,0,32.0,1.0,0.0,0.0,0.0,52.0,51.0,0.0,0.0,,0.5675675675675675,42.857142857142854,0.24324324324324326,,0.0,0.0,0.0,0.0,0.0,0.0,0.0,0.3333333333333333,0.0,0.3333333333333333,14.0,6.0,8.0,11.0,11.0,2.0,0.0,0.3333333333333333,0.0,0.0,0.0,10.666666666666666,0.3333333333333333,0.0,0.0,0.0,17.333333333333332,17.0,0.0
003176,Emmet Carroll,CAN,Cannons,3,G,Goalie,2025-08-09,2026-08-07,0.0,0.0,0.0,0.0,0.0,0.0,0.0,0,0.0,37.0,17.0,20.0,32.0,31.81768334475668,4.0,0.0,0.0,0,0,0,30.0,2.0,0.0,0.0,0.0,59.0,59.0,,,,0.5522388059701493,45.94594594594595,0.2537313432835821,,,0.0,0.0,0.0,0.0,0.0,0.0,0.0,0.0,0.0,12.333333333333334,5.666666666666667,6.666666666666667,10.666666666666666,10.605894448252227,1.3333333333333333,0.0,0.0,0.0,0.0,0.0,10.0,0.6666666666666666,0.0,0.0,0.0,19.666666666666668,19.666666666666668,0.0
003176,Emmet Carroll,CHA,Chaos,2,G,Goalie,2025-06-22,2026-07-12,0.0,0.0,0.0,0.0,0.0,0.0,1.0,0,1.0,29.0,10.0,19.0,16.0,16.00208405696422,6.0,0.0,0.0,0,0,0,16.0,0.0,0.0,0.0,1.0,40.0,39.0,0.0,0.0,,0.6444444444444445,34.48275862068966,0.2222222222222222,0.0,0.0,0.0,0.0,0.0,0.0,0.0,0.0,0.5,0.0,0.5,14.5,5.0,9.5,8.0,8.00104202848211,3.0,0.0,0.0,0.0,0.0,0.0,8.0,0.0,0.0,0.0,0.5,20.0,19.5,0.5
003176,Emmet Carroll,OUT,Outlaws,3,G,Goalie,2025-07-13,2026-08-01,0.0,0.0,0.0,0.0,0.0,0.0,0.0,0,0.0,42.0,14.0,28.0,40.0,40.0,4.0,0.0,0.0,0,0,0,37.0,3.0,0.0,0.0,0.0,46.0,46.0,,,,0.5316455696202531,33.33333333333333,0.17721518987341772,,,0.0,0.0,0.0,0.0,0.0,0.0,0.0,0.0,0.0,14.0,4.666666666666667,9.333333333333334,13.333333333333334,13.333333333333334,1.3333333333333333,0.0,0.0,0.0,0.0,0.0,12.333333333333334,1.0,0.0,0.0,0.0,15.333333333333334,15.333333333333334,0.0
003176,Emmet Carroll,RED,Redwoods,2,G,Goalie,2025-08-03,2026-07-17,0.0,0.0,0.0,0.0,0.0,0.0,2.0,0,2.0,34.0,11.0,23.0,21.0,21.0,4.0,0.0,0.0,0,0,0,21.0,0.0,0.0,0.0,0.0,42.0,40.0,0.0,0.0,,0.6181818181818182,32.35294117647059,0.2,,0.0,0.0,0.0,0.0,0.0,0.0,0.0,1.0,0.0,1.0,17.0,5.5,11.5,10.5,10.5,2.0,0.0,0.0,0.0,0.0,0.0,10.5,0.0,0.0,0.0,0.0,21.0,20.0,0.0
003176,Emmet Carroll,WAT,Waterdogs,3,G,Goalie,2025-06-07,2026-05-09,0.0,0.0,0.0,0.0,0.0,0.0,0.0,0,0.0,33.0,19.0,14.0,39.0,39.0,6.0,1.0,2.0,0,0,0,36.0,3.0,0.0,0.0,0.0,51.0,50.0,,,,0.4782608695652174,57.57575757575758,0.2753623188405797,,,0.0,0.0,0.0,0.0,0.0,0.0,0.0,0.0,0.0,11.0,6.333333333333333,4.666666666666667,13.0,13.0,2.0,0.3333333333333333,0.6666666666666666,0.0,0.0,0.0,12.0,1.0,0.0,0.0,0.0,17.0,16.666666666666668,0.0
003177,Mitchell Dunham,ATL,Atlas,1,D,Defense,2026-07-11,2026-07-11,0.0,0.0,0.0,0.0,0.0,0.0,0.0,0,0.0,0.0,0.0,0.0,0.0,0.0,3.0,0.0,1.0,0,0,0,0.0,0.0,0.0,0.0,0.0,3.0,3.0,,,,,,,,,0.0,0.0,0.0,0.0,0.0,0.0,0.0,0.0,0.0,0.0,0.0,0.0,0.0,0.0,3.0,0.0,1.0,0.0,0.0,0.0,0.0,0.0,0.0,0.0,0.0,3.0,3.0,0.0
003177,Mitchell Dunham,CAN,Cannons,1,D,Defense,2026-08-01,2026-08-01,0.0,0.0,0.0,0.0,0.0,0.0,1.0,0,1.0,0.0,0.0,0.0,0.0,0.0,0.0,0.0,0.0,0,0,0,0.0,0.0,0.0,0.0,0.0,2.0,1.0,0.0,0.0,,,,,,0.0,0.0,0.0,0.0,0.0,0.0,0.0,1.0,0.0,1.0,0.0,0.0,0.0,0.0,0.0,0.0,0.0,0.0,0.0,0.0,0.0,0.0,0.0,0.0,0.0,0.0,2.0,1.0,0.0
003177,Mitchell Dunham,CHA,Chaos,2,D,Defense,2026-06-05,2026-08-08,0.0,0.0,0.0,0.0,0.0,0.0,0.0,0,0.0,0.0,0.0,0.0,0.0,0.0,4.0,0.0,0.0,0,0,0,0.0,0.0,1.0,1.0,0.0,5.0,5.0,,,,,,,,,0.0,0.0,0.0,0.0,0.0,0.0,0.0,0.0,0.0,0.0,0.0,0.0,0.0,0.0,2.0,0.0,0.0,0.0,0.0,0.0,0.0,0.0,0.5,0.5,0.0,2.5,2.5,0.0
003177,Mitchell Dunham,OUT,Outlaws,2,D,Defense,2026-05-09,2026-07-25,0.0,0.0,0.0,0.0,0.0,0.0,0.0,0,0.0,0.0,0.0,0.0,0.0,0.0,8.0,0.0,6.0,0,0,0,0.0,0.0,1.0,1.0,1.0,18.0,18.0,,,,,,,0.0,,0.0,0.0,0.0,0.0,0.0,0.0,0.0,0.0,0.0,0.0,0.0,0.0,0.0,0.0,4.0,0.0,3.0,0.0,0.0,0.0,0.0,0.0,0.5,0.5,0.5,9.0,9.0,0.5
003177,Mitchell Dunham,RED,Redwoods,2,D,Defense,2026-05-09,2026-06-20,0.0,0.0,0.0,0.0,0.0,0.0,0.0,0,0.0,0.0,0.0,0.0,0.0,0.0,6.0,1.0,4.0,0,0,0,0.0,0.0,0.0,0.0,0.0,14.0,13.0,,,,,,,,,0.0,0.0,0.0,0.0,0.0,0.0,0.0,0.0,0.0,0.0,0.0,0.0,0.0,0.0,3.0,0.5,2.0,0.0,0.0,0.0,0.0,0.0,0.0,0.0,0.0,7.0,6.5,0.0
003177,Mitchell Dunham,WAT,Waterdogs,2,D,Defense,2026-06-28,2026-07-18,1.0,0.0,0.0,0.0,0.0,1.0,0.0,0,0.0,0.0,0.0,0.0,0.0,0.0,4.0,0.0,0.0,0,0,0,0.0,0.0,2.0,3.0,1.0,8.0,8.0,,,,,,,1.0,,0.5,0.0,0.0,0.0,0.0,0.5,0.0,0.0,0.0,0.0,0.0,0.0,0.0,0.0,2.0,0.0,0.0,0.0,0.0,0.0,0.0,0.0,1.0,1.5,0.5,4.0,4.0,0.5
003177,Mitchell Dunham,WHP,Whipsnakes,2,D,Defense,2026-05-30,2026-07-25,0.0,0.0,0.0,0.0,0.0,0.0,0.0,0,0.0,0.0,0.0,0.0,0.0,0.0,2.0,0.0,1.0,0,0,0,0.0,0.0,1.0,1.0,0.0,3.0,3.0,,,,,,,,,0.0,0.0,0.0,0.0,0.0,0.0,0.0,0.0,0.0,0.0,0.0,0.0,0.0,0.0,1.0,0.0,0.5,0.0,0.0,0.0,0.0,0.0,0.5,0.5,0.0,1.5,1.5,0.0
003178,Michael Grace,ARC,Archers,1,LSM,Long Stick Midfield,2025-06-28,2025-06-28,1.0,0.0,0.0,0.0,0.0,1.0,0.0,0,0.0,0.0,0.0,0.0,0.0,0.0,0.0,0.0,1.0,0,0,0,0.0,0.0,0.0,0.0,1.0,3.0,3.0,,,,,,,1.0,,1.0,0.0,0.0,0.0,0.0,1.0,0.0,0.0,0.0,0.0,0.0,0.0,0.0,0.0,0.0,0.0,1.0,0.0,0.0,0.0,0.0,0.0,0.0,0.0,1.0,3.0,3.0,1.0
003178,Michael Grace,CAN,Cannons,1,LSM,Long Stick Midfield,2025-07-11,2025-07-11,3.0,2.0,0.0,1.0,1.0,1.0,1.0,1,1.0,0.0,0.0,0.0,0.0,0.0,2.0,0.0,0.0,0,0,0,0.0,0.0,0.0,0.0,1.0,5.0,4.0,1.0,1.0,,,,,1.0,1.0,3.0,2.0,0.0,1.0,1.0,1.0,1.0,1.0,1.0,0.0,0.0,0.0,0.0,0.0,2.0,0.0,0.0,0.0,0.0,0.0,0.0,0.0,0.0,0.0,1.0,5.0,4.0,1.0
003178,Michael Grace,OUT,Outlaws,1,LSM,Long Stick Midfield,2025-08-02,2025-08-02,1.0,1.0,1.0,0.0,1.0,0.0,2.0,2,1.0,0.0,0.0,0.0,0.0,0.0,4.0,0.0,0.0,0,0,0,0.0,0.0,1.0,1.0,1.0,11.0,9.0,0.5,1.0,,,,,0.0,0.0,1.0,1.0,1.0,0.0,1.0,0.0,2.0,2.0,1.0,0.0,0.0,0.0,0.0,0.0,4.0,0.0,0.0,0.0,0.0,0.0,0.0,0.0,1.0,1.0,1.0,11.0,9.0,1.0
003178,Michael Grace,RED,Redwoods,1,LSM,Long Stick Midfield,2025-07-18,2025-07-18,1.0,0.0,0.0,0.0,0.0,1.0,0.0,0,0.0,0.0,0.0,0.0,0.0,0.0,2.0,0.0,1.0,0,0,0,0.0,0.0,0.0,0.0,1.0,6.0,6.0,,,,,,,1.0,,1.0,0.0,0.0,0.0,0.0,1.0,0.0,0.0,0.0,0.0,0.0,0.0,0.0,0.0,2.0,0.0,1.0,0.0,0.0,0.0,0.0,0.0,0.0,0.0,1.0,6.0,6.0,1.0
003178,Michael Grace,WAT,Waterdogs,2,LSM,Long Stick Midfield,2025-06-21,2025-08-09,4.0,3.0,1.0,1.0,2.0,1.0,2.0,2,1.0,0.0,0.0,0.0,0.0,0.0,6.0,1.0,2.0,0,0,0,0.0,0.0,0.0,0.0,4.0,20.0,17.0,1.0,1.0,,,,,0.25,1.0,2.0,1.5,0.5,0.5,1.0,0.5,1.0,1.0,0.5,0.0,0.0,0.0,0.0,0.0,3.0,0.5,1.0,0.0,0.0,0.0,0.0,0.0,0.0,0.0,2.0,10.0,8.5,2.0
003178,Michael Grace,WHP,Whipsnakes,2,LSM,Long Stick Midfield,2025-06-14,2025-07-26,0.0,0.0,0.0,0.0,0.0,0.0,1.0,0,1.0,0.0,0.0,0.0,0.0,0.0,4.0,0.0,2.0,0,0,0,0.0,0.0,0.0,0.0,0.0,13.0,12.0,0.0,0.0,,,,,,0.0,0.0,0.0,0.0,0.0,0.0,0.0,0.5,0.0,0.5,0.0,0.0,0.0,0.0,0.0,2.0,0.0,1.0,0.0,0.0,0.0,0.0,0.0,0.0,0.0,0.0,6.5,6.0,0.0
003179,Ben Wayer,ARC,Archers,1,LSM,Long Stick Midfield,2025-07-12,2025-07-12,3.0,2.0,0.0,1.0,1.0,1.0,1.0,1,1.0,0.0,0.0,0.0,0.0,0.0,2.0,1.0,1.0,0,0,0,0.0,0.0,0.0,0.0,1.0,5.0,3.0,1.0,1.0,,,,,1.0,1.0,3.0,2.0,0.0,1.0,1.0,1.0,1.0,1.0,1.0,0.0,0.0,0.0,0.0,0.0,2.0,1.0,1.0,0.0,0.0,0.0,0.0,0.0,0.0,0.0,1.0,5.0,3.0,1.0
003179,Ben Wayer,ATL,Atlas,2,LSM,Long Stick Midfield,2025-06-21,2025-08-09,0.0,0.0,0.0,0.0,0.0,0.0,2.0,0,0.0,0.0,0.0,0.0,0.0,0.0,4.0,1.0,2.0,0,0,0,0.0,0.0,1.0,1.0,1.0,12.0,9.0,0.0,0.0,,,,,0.0,,0.0,0.0,0.0,0.0,0.0,0.0,1.0,0.0,0.0,0.0,0.0,0.0,0.0,0.0,2.0,0.5,1.0,0.0,0.0,0.0,0.0,0.0,0.5,0.5,0.5,6.0,4.5,0.5
003179,Ben Wayer,CAN,Cannons,4,LSM,Long Stick Midfield,2025-06-13,2026-06-07,0.0,0.0,0.0,0.0,0.0,0.0,6.0,3,5.0,0.0,0.0,0.0,0.0,0.0,11.0,0.0,1.0,0,0,0,0.0,0.0,0.0,0.0,1.0,31.0,25.0,0.0,0.5,,,,,0.0,0.0,0.0,0.0,0.0,0.0,0.0,0.0,1.5,0.75,1.25,0.0,0.0,0.0,0.0,0.0,2.75,0.0,0.25,0.0,0.0,0.0,0.0,0.0,0.0,0.0,0.25,7.75,6.25,0.25
003179,Ben Wayer,CHA,Chaos,1,LSM,Long Stick Midfield,2025-07-26,2025-07-26,0.0,0.0,0.0,0.0,0.0,0.0,0.0,0,0.0,0.0,0.0,0.0,0.0,0.0,4.0,0.0,2.0,0,0,0,0.0,0.0,0.0,0.0,0.0,8.0,8.0,,,,,,,,,0.0,0.0,0.0,0.0,0.0,0.0,0.0,0.0,0.0,0.0,0.0,0.0,0.0,0.0,4.0,0.0,2.0,0.0,0.0,0.0,0.0,0.0,0.0,0.0,0.0,8.0,8.0,0.0
003179,Ben Wayer,OUT,Outlaws,1,LSM,Long Stick Midfield,2025-06-14,2025-06-14,0.0,0.0,0.0,0.0,0.0,0.0,1.0,1,1.0,0.0,0.0,0.0,0.0,0.0,1.0,1.0,0.0,0,0,0,0.0,0.0,0.0,0.0,0.0,6.0,4.0,0.0,1.0,,,,,,0.0,0.0,0.0,0.0,0.0,0.0,0.0,1.0,1.0,1.0,0.0,0.0,0.0,0.0,0.0,1.0,1.0,0.0,0.0,0.0,0.0,0.0,0.0,0.0,0.0,0.0,6.0,4.0,0.0
003179,Ben Wayer,RED,Redwoods,1,LSM,Long Stick Midfield,2025-06-28,2025-06-28,2.0,1.0,1.0,0.0,1.0,1.0,4.0,1,2.0,0.0,0.0,0.0,0.0,0.0,3.0,1.0,0.0,0,0,0,0.0,0.0,0.0,0.0,2.0,12.0,7.0,0.25,0.25,,,,,0.5,0.0,2.0,1.0,1.0,0.0,1.0,1.0,4.0,1.0,2.0,0.0,0.0,0.0,0.0,0.0,3.0,1.0,0.0,0.0,0.0,0.0,0.0,0.0,0.0,0.0,2.0,12.0,7.0,2.0
003179,Ben Wayer,WHP,Whipsnakes,3,LSM,Long Stick Midfield,2025-06-07,2026-05-09,1.0,1.0,1.0,0.0,1.0,0.0,5.0,3,3.0,0.0,0.0,0.0,0.0,0.0,7.0,3.0,3.0,0,0,0,0.0,0.0,3.0,2.5,0.0,25.0,17.0,0.2,0.6,,,,,,0.0,0.3333333333333333,0.3333333333333333,0.3333333333333333,0.0,0.3333333333333333,0.0,1.6666666666666667,1.0,1.0,0.0,0.0,0.0,0.0,0.0,2.3333333333333335,1.0,1.0,0.0,0.0,0.0,0.0,0.0,1.0,0.8333333333333334,0.0,8.333333333333334,5.666666666666667,0.0
003180,Christian Mazur,ARC,Archers,1,SSDM,Defensive Midfield,2025-05-31,2025-05-31,0.0,0.0,0.0,0.0,0.0,0.0,1.0,0,0.0,0.0,0.0,0.0,0.0,0.0,2.0,0.0,0.0,0,0,0,0.0,0.0,0.0,0.0,0.0,6.0,5.0,0.0,0.0,,,,,,,0.0,0.0,0.0,0.0,0.0,0.0,1.0,0.0,0.0,0.0,0.0,0.0,0.0,0.0,2.0,0.0,0.0,0.0,0.0,0.0,0.0,0.0,0.0,0.0,0.0,6.0,5.0,0.0
003180,Christian Mazur,ATL,Atlas,2,SSDM,Defensive Midfield,2025-06-14,2025-07-26,0.0,0.0,0.0,0.0,0.0,0.0,1.0,1,0.0,0.0,0.0,0.0,0.0,0.0,1.0,1.0,2.0,0,0,0,0.0,0.0,0.0,0.0,1.0,13.0,11.0,0.0,1.0,,,,,0.0,,0.0,0.0,0.0,0.0,0.0,0.0,0.5,0.5,0.0,0.0,0.0,0.0,0.0,0.0,0.5,0.5,1.0,0.0,0.0,0.0,0.0,0.0,0.0,0.0,0.5,6.5,5.5,0.5
003180,Christian Mazur,CAN,Cannons,2,SSDM,Defensive Midfield,2025-06-21,2025-08-09,1.0,1.0,1.0,0.0,1.0,0.0,2.0,1,0.0,0.0,0.0,0.0,0.0,0.0,3.0,0.0,0.0,0,0,0,0.0,0.0,0.0,0.0,1.0,10.0,8.0,0.5,0.5,,,,,0.0,,0.5,0.5,0.5,0.0,0.5,0.0,1.0,0.5,0.0,0.0,0.0,0.0,0.0,0.0,1.5,0.0,0.0,0.0,0.0,0.0,0.0,0.0,0.0,0.0,0.5,5.0,4.0,0.5
003180,Christian Mazur,CHA,Chaos,1,SSDM,Defensive Midfield,2025-06-22,2025-06-22,0.0,0.0,0.0,0.0,0.0,0.0,1.0,0,1.0,0.0,0.0,0.0,0.0,0.0,1.0,0.0,0.0,0,0,0,0.0,0.0,0.0,0.0,0.0,11.0,10.0,0.0,0.0,,,,,,0.0,0.0,0.0,0.0,0.0,0.0,0.0,1.0,0.0,1.0,0.0,0.0,0.0,0.0,0.0,1.0,0.0,0.0,0.0,0.0,0.0,0.0,0.0,0.0,0.0,0.0,11.0,10.0,0.0
003180,Christian Mazur,OUT,Outlaws,1,SSDM,Defensive Midfield,2025-07-13,2025-07-13,0.0,0.0,0.0,0.0,0.0,0.0,0.0,0,0.0,0.0,0.0,0.0,0.0,0.0,3.0,0.0,0.0,0,0,0,0.0,0.0,0.0,0.0,1.0,7.0,7.0,,,,,,,0.0,,0.0,0.0,0.0,0.0,0.0,0.0,0.0,0.0,0.0,0.0,0.0,0.0,0.0,0.0,3.0,0.0,0.0,0.0,0.0,0.0,0.0,0.0,0.0,0.0,1.0,7.0,7.0,1.0
003180,Christian Mazur,RED,Redwoods,1,SSDM,Defensive Midfield,2025-08-03,2025-08-03,0.0,0.0,0.0,0.0,0.0,0.0,0.0,0,0.0,0.0,0.0,0.0,0.0,0.0,2.0,0.0,1.0,0,0,0,0.0,0.0,0.0,0.0,0.0,9.0,9.0,,,,,,,,,0.0,0.0,0.0,0.0,0.0,0.0,0.0,0.0,0.0,0.0,0.0,0.0,0.0,0.0,2.0,0.0,1.0,0.0,0.0,0.0,0.0,0.0,0.0,0.0,0.0,9.0,9.0,0.0
003180,Christian Mazur,WAT,Waterdogs,2,SSDM,Defensive Midfield,2025-06-07,2025-07-20,0.0,0.0,0.0,0.0,0.0,0.0,0.0,0,0.0,0.0,0.0,0.0,0.0,0.0,1.0,0.0,1.0,0,0,0,0.0,0.0,0.0,0.0,0.0,13.0,13.0,,,,,,,,,0.0,0.0,0.0,0.0,0.0,0.0,0.0,0.0,0.0,0.0,0.0,0.0,0.0,0.0,0.5,0.0,0.5,0.0,0.0,0.0,0.0,0.0,0.0,0.0,0.0,6.5,6.5,0.0
003181,Jimmy Freehill,ARC,Archers,3,D,Defense,2025-07-12,2026-07-18,0.0,0.0,0.0,0.0,0.0,0.0,1.0,0,1.0,0.0,0.0,0.0,0.0,0.0,0.0,0.0,2.0,0,0,0,0.0,0.0,1.0,1.0,0.0,11.0,10.0,0.0,0.0,,,,,,0.0,0.0,0.0,0.0,0.0,0.0,0.0,0.3333333333333333,0.0,0.3333333333333333,0.0,0.0,0.0,0.0,0.0,0.0,0.0,0.6666666666666666,0.0,0.0,0.0,0.0,0.0,0.3333333333333333,0.3333333333333333,0.0,3.6666666666666665,3.3333333333333335,0.0
003181,Jimmy Freehill,ATL,Atlas,2,D,Defense,2025-08-09,2026-07-25,3.0,2.0,0.0,1.0,1.0,1.0,4.0,2,4.0,0.0,0.0,0.0,0.0,0.0,4.0,3.0,2.0,0,0,0,0.0,0.0,1.0,1.0,1.0,18.0,11.0,0.25,0.5,,,,,1.0,0.25,1.5,1.0,0.0,0.5,0.5,0.5,2.0,1.0,2.0,0.0,0.0,0.0,0.0,0.0,2.0,1.5,1.0,0.0,0.0,0.0,0.0,0.0,0.5,0.5,0.5,9.0,5.5,0.5
003181,Jimmy Freehill,CAN,Cannons,4,D,Defense,2025-06-13,2026-06-07,0.0,0.0,0.0,0.0,0.0,0.0,1.0,0,1.0,0.0,0.0,0.0,0.0,0.0,7.0,2.0,2.0,0,0,0,0.0,0.0,0.0,0.0,1.0,26.0,23.0,0.0,0.0,,,,,0.0,0.0,0.0,0.0,0.0,0.0,0.0,0.0,0.25,0.0,0.25,0.0,0.0,0.0,0.0,0.0,1.75,0.5,0.5,0.0,0.0,0.0,0.0,0.0,0.0,0.0,0.25,6.5,5.75,0.25
003181,Jimmy Freehill,CHA,Chaos,3,D,Defense,2025-07-26,2026-08-01,2.0,2.0,0.0,1.0,1.0,0.0,3.0,3,3.0,0.0,0.0,0.0,0.0,0.0,3.0,0.0,1.0,0,0,0,0.0,0.0,1.0,1.0,0.0,18.0,15.0,0.3333333333333333,1.0,,,,,,0.3333333333333333,0.6666666666666666,0.6666666666666666,0.0,0.3333333333333333,0.3333333333333333,0.0,1.0,1.0,1.0,0.0,0.0,0.0,0.0,0.0,1.0,0.0,0.3333333333333333,0.0,0.0,0.0,0.0,0.0,0.3333333333333333,0.3333333333333333,0.0,6.0,5.0,0.0
003181,Jimmy Freehill,OUT,Outlaws,2,D,Defense,2025-06-14,2026-07-26,2.0,2.0,0.0,1.0,1.0,0.0,2.0,2,2.0,0.0,0.0,0.0,0.0,0.0,4.0,0.0,0.0,0,0,0,0.0,0.0,1.0,1.0,0.0,13.0,11.0,0.5,1.0,,,,,,0.5,1.0,1.0,0.0,0.5,0.5,0.0,1.0,1.0,1.0,0.0,0.0,0.0,0.0,0.0,2.0,0.0,0.0,0.0,0.0,0.0,0.0,0.0,0.5,0.5,0.0,6.5,5.5,0.0
003181,Jimmy Freehill,RED,Redwoods,2,D,Defense,2025-06-28,2026-07-10,0.0,0.0,0.0,0.0,0.0,0.0,2.0,1,2.0,0.0,0.0,0.0,0.0,0.0,6.0,0.0,1.0,0,0,0,0.0,0.0,1.0,0.5,0.0,18.0,16.0,0.0,0.5,,,,,,0.0,0.0,0.0,0.0,0.0,0.0,0.0,1.0,0.5,1.0,0.0,0.0,0.0,0.0,0.0,3.0,0.0,0.5,0.0,0.0,0.0,0.0,0.0,0.5,0.25,0.0,9.0,8.0,0.0
003181,Jimmy Freehill,WHP,Whipsnakes,3,D,Defense,2025-06-07,2026-05-09,0.0,0.0,0.0,0.0,0.0,0.0,2.0,2,2.0,0.0,0.0,0.0,0.0,0.0,0.0,0.0,3.0,0,0,0,0.0,0.0,1.0,1.0,0.0,13.0,11.0,0.0,1.0,,,,,,0.0,0.0,0.0,0.0,0.0,0.0,0.0,0.6666666666666666,0.6666666666666666,0.6666666666666666,0.0,0.0,0.0,0.0,0.0,0.0,0.0,1.0,0.0,0.0,0.0,0.0,0.0,0.3333333333333333,0.3333333333333333,0.0,4.333333333333333,3.6666666666666665,0.0
003182,Kevin Parnham,ARC,Archers,1,D,Defense,2026-05-09,2026-05-09,0.0,0.0,0.0,0.0,0.0,0.0,0.0,0,0.0,0.0,0.0,0.0,0.0,0.0,1.0,0.0,0.0,0,0,0,0.0,0.0,0.0,0.0,0.0,8.0,8.0,,,,,,,,,0.0,0.0,0.0,0.0,0.0,0.0,0.0,0.0,0.0,0.0,0.0,0.0,0.0,0.0,1.0,0.0,0.0,0.0,0.0,0.0,0.0,0.0,0.0,0.0,0.0,8.0,8.0,0.0
003182,Kevin Parnham,ATL,Atlas,1,D,Defense,2026-08-08,2026-08-08,0.0,0.0,0.0,0.0,0.0,0.0,1.0,0,1.0,0.0,0.0,0.0,0.0,0.0,2.0,0.0,2.0,0,0,0,0.0,0.0,1.0,1.0,0.0,11.0,10.0,0.0,0.0,,,,,,0.0,0.0,0.0,0.0,0.0,0.0,0.0,1.0,0.0,1.0,0.0,0.0,0.0,0.0,0.0,2.0,0.0,2.0,0.0,0.0,0.0,0.0,0.0,1.0,1.0,0.0,11.0,10.0,0.0
003182,Kevin Parnham,WAT,Waterdogs,1,D,Defense,2026-07-26,2026-07-26,0.0,0.0,0.0,0.0,0.0,0.0,0.0,0,0.0,0.0,0.0,0.0,0.0,0.0,1.0,0.0,1.0,0,0,0,0.0,0.0,0.0,0.0,0.0,8.0,8.0,,,,,,,,,0.0,0.0,0.0,0.0,0.0,0.0,0.0,0.0,0.0,0.0,0.0,0.0,0.0,0.0,1.0,0.0,1.0,0.0,0.0,0.0,0.0,0.0,0.0,0.0,0.0,8.0,8.0,0.0
003183,Jack Gray,ARC,Archers,3,SSDM,Defensive Midfield,2025-07-27,2026-07-25,0.0,0.0,0.0,0.0,0.0,0.0,0.0,0,0.0,0.0,0.0,0.0,0.0,0.0,2.0,1.0,1.0,0,1,1,0.0,0.0,3.0,2.0,0.0,6.0,5.0,,,0.0,,,,,,0.0,0.0,0.0,0.0,0.0,0.0,0.0,0.0,0.0,0.0,0.0,0.0,0.0,0.0,0.6666666666666666,0.3333333333333333,0.3333333333333333,0.0,0.3333333333333333,0.3333333333333333,0.0,0.0,1.0,0.6666666666666666,0.0,2.0,1.6666666666666667,0.0
003183,Jack Gray,ATL,Atlas,3,SSDM,Defensive Midfield,2025-08-02,2026-08-08,0.0,0.0,0.0,0.0,0.0,0.0,0.0,0,0.0,0.0,0.0,0.0,0.0,0.0,1.0,1.0,2.0,1,2,3,0.0,0.0,0.0,0.0,0.0,10.0,9.0,,,0.3333333333333333,,,,,,0.0,0.0,0.0,0.0,0.0,0.0,0.0,0.0,0.0,0.0,0.0,0.0,0.0,0.0,0.3333333333333333,0.3333333333333333,0.6666666666666666,0.3333333333333333,0.6666666666666666,1.0,0.0,0.0,0.0,0.0,0.0,3.3333333333333335,3.0,0.0
003183,Jack Gray,CAN,Cannons,1,SSDM,Defensive Midfield,2025-07-19,2025-07-19,2.0,1.0,1.0,0.0,1.0,1.0,1.0,1,0.0,0.0,0.0,0.0,0.0,0.0,1.0,0.0,0.0,0,0,0,0.0,0.0,0.0,0.0,1.0,4.0,3.0,1.0,1.0,,,,,1.0,,2.0,1.0,1.0,0.0,1.0,1.0,1.0,1.0,0.0,0.0,0.0,0.0,0.0,0.0,1.0,0.0,0.0,0.0,0.0,0.0,0.0,0.0,0.0,0.0,1.0,4.0,3.0,1.0
003183,Jack Gray,CHA,Chaos,2,SSDM,Defensive Midfield,2025-08-02,2026-07-18,0.0,0.0,0.0,0.0,0.0,0.0,0.0,0,0.0,0.0,0.0,0.0,0.0,0.0,0.0,1.0,0.0,0,1,1,0.0,0.0,1.0,0.5,0.0,5.0,4.0,,,0.0,,,,,,0.0,0.0,0.0,0.0,0.0,0.0,0.0,0.0,0.0,0.0,0.0,0.0,0.0,0.0,0.0,0.5,0.0,0.0,0.5,0.5,0.0,0.0,0.5,0.25,0.0,2.5,2.0,0.0
003183,Jack Gray,RED,Redwoods,1,SSDM,Defensive Midfield,2026-05-16,2026-05-16,0.0,0.0,0.0,0.0,0.0,0.0,0.0,0,0.0,0.0,0.0,0.0,0.0,0.0,1.0,0.0,0.0,1,1,2,0.0,0.0,1.0,0.5,0.0,1.0,1.0,,,0.5,,,,,,0.0,0.0,0.0,0.0,0.0,0.0,0.0,0.0,0.0,0.0,0.0,0.0,0.0,0.0,1.0,0.0,0.0,1.0,1.0,2.0,0.0,0.0,1.0,0.5,0.0,1.0,1.0,0.0
003183,Jack Gray,WAT,Waterdogs,1,SSDM,Defensive Midfield,2026-07-26,2026-07-26,0.0,0.0,0.0,0.0,0.0,0.0,0.0,0,0.0,0.0,0.0,0.0,0.0,0.0,0.0,0.0,0.0,0,0,0,0.0,0.0,0.0,0.0,0.0,1.0,1.0,,,,,,,,,0.0,0.0,0.0,0.0,0.0,0.0,0.0,0.0,0.0,0.0,0.0,0.0,0.0,0.0,0.0,0.0,0.0,0.0,0.0,0.0,0.0,0.0,0.0,0.0,0.0,1.0,1.0,0.0
003183,Jack Gray,WHP,Whipsnakes,2,SSDM,Defensive Midfield,2026-06-27,2026-08-01,0.0,0.0,0.0,0.0,0.0,0.0,1.0,0,0.0,0.0,0.0,0.0,0.0,0.0,1.0,0.0,0.0,0,0,0,0.0,0.0,1.0,0.5,0.0,4.0,3.0,0.0,0.0,,,,,,,0.0,0.0,0.0,0.0,0.0,0.0,0.5,0.0,0.0,0.0,0.0,0.0,0.0,0.0,0.5,0.0,0.0,0.0,0.0,0.0,0.0,0.0,0.5,0.25,0.0,2.0,1.5,0.0
003184,Ben Ramsey,ARC,Archers,2,SSDM,Defensive Midfield,2025-06-07,2026-08-01,1.0,1.0,1.0,0.0,1.0,0.0,1.0,1,0.0,0.0,0.0,0.0,0.0,0.0,3.0,0.0,0.0,0,0,0,0.0,0.0,1.0,0.5,1.0,18.0,17.0,1.0,1.0,,,,,0.0,,0.5,0.5,0.5,0.0,0.5,0.0,0.5,0.5,0.0,0.0,0.0,0.0,0.0,0.0,1.5,0.0,0.0,0.0,0.0,0.0,0.0,0.0,0.5,0.25,0.5,9.0,8.5,0.5
003184,Ben Ramsey,ATL,Atlas,4,SSDM,Defensive Midfield,2025-05-31,2026-07-19,2.0,1.0,1.0,0.0,1.0,1.0,3.0,3,1.0,0.0,0.0,0.0,0.0,0.0,13.0,0.0,4.0,0,0,0,0.0,0.0,1.0,0.5,3.0,38.0,35.0,0.3333333333333333,1.0,,,,,0.3333333333333333,0.0,0.5,0.25,0.25,0.0,0.25,0.25,0.75,0.75,0.25,0.0,0.0,0.0,0.0,0.0,3.25,0.0,1.0,0.0,0.0,0.0,0.0,0.0,0.25,0.125,0.75,9.5,8.75,0.75
003184,Ben Ramsey,CHA,Chaos,3,SSDM,Defensive Midfield,2025-06-29,2026-07-25,1.0,0.0,0.0,0.0,0.0,1.0,2.0,2,0.0,0.0,0.0,0.0,0.0,0.0,6.0,1.0,0.0,0,0,0,0.0,0.0,0.0,0.0,3.0,30.0,27.0,0.0,1.0,,,,,0.3333333333333333,,0.3333333333333333,0.0,0.0,0.0,0.0,0.3333333333333333,0.6666666666666666,0.6666666666666666,0.0,0.0,0.0,0.0,0.0,0.0,2.0,0.3333333333333333,0.0,0.0,0.0,0.0,0.0,0.0,0.0,0.0,1.0,10.0,9.0,1.0
003184,Ben Ramsey,OUT,Outlaws,2,SSDM,Defensive Midfield,2025-07-19,2026-07-11,0.0,0.0,0.0,0.0,0.0,0.0,0.0,0,0.0,0.0,0.0,0.0,0.0,0.0,4.0,2.0,1.0,0,0,0,0.0,0.0,0.0,0.0,1.0,17.0,15.0,,,,,,,0.0,,0.0,0.0,0.0,0.0,0.0,0.0,0.0,0.0,0.0,0.0,0.0,0.0,0.0,0.0,2.0,1.0,0.5,0.0,0.0,0.0,0.0,0.0,0.0,0.0,0.5,8.5,7.5,0.5
003184,Ben Ramsey,RED,Redwoods,3,SSDM,Defensive Midfield,2025-08-08,2026-08-09,0.0,0.0,0.0,0.0,0.0,0.0,1.0,1,0.0,0.0,0.0,0.0,0.0,0.0,3.0,1.0,1.0,0,0,0,0.0,0.0,0.0,0.0,0.0,25.0,23.0,0.0,1.0,,,,,,,0.0,0.0,0.0,0.0,0.0,0.0,0.3333333333333333,0.3333333333333333,0.0,0.0,0.0,0.0,0.0,0.0,1.0,0.3333333333333333,0.3333333333333333,0.0,0.0,0.0,0.0,0.0,0.0,0.0,0.0,8.333333333333334,7.666666666666667,0.0
003184,Ben Ramsey,WAT,Waterdogs,4,SSDM,Defensive Midfield,2025-06-13,2026-06-07,2.0,2.0,0.0,1.0,1.0,0.0,3.0,3,2.0,0.0,0.0,0.0,0.0,0.0,6.0,3.0,1.0,0,0,0,0.0,0.0,1.0,0.5,2.0,37.0,31.0,0.3333333333333333,1.0,,,,,0.0,0.5,0.5,0.5,0.0,0.25,0.25,0.0,0.75,0.75,0.5,0.0,0.0,0.0,0.0,0.0,1.5,0.75,0.25,0.0,0.0,0.0,0.0,0.0,0.25,0.125,0.5,9.25,7.75,0.5
003184,Ben Ramsey,WHP,Whipsnakes,4,SSDM,Defensive Midfield,2025-06-21,2026-08-07,1.0,0.0,0.0,0.0,0.0,1.0,1.0,0,0.0,0.0,0.0,0.0,0.0,0.0,10.0,0.0,0.0,0,0,0,0.0,0.0,2.0,1.0,3.0,30.0,29.0,0.0,0.0,,,,,0.3333333333333333,,0.25,0.0,0.0,0.0,0.0,0.25,0.25,0.0,0.0,0.0,0.0,0.0,0.0,0.0,2.5,0.0,0.0,0.0,0.0,0.0,0.0,0.0,0.5,0.25,0.75,7.5,7.25,0.75
003185,Carter Rice,ARC,Archers,4,SSDM,Defensive Midfield,2025-06-14,2026-06-20,0.0,0.0,0.0,0.0,0.0,0.0,0.0,0,0.0,0.0,0.0,0.0,0.0,0.0,5.0,0.0,2.0,0,0,0,0.0,0.0,0.0,0.0,0.0,24.0,24.0,,,,,,,,,0.0,0.0,0.0,0.0,0.0,0.0,0.0,0.0,0.0,0.0,0.0,0.0,0.0,0.0,1.25,0.0,0.5,0.0,0.0,0.0,0.0,0.0,0.0,0.0,0.0,6.0,6.0,0.0
003185,Carter Rice,ATL,Atlas,3,SSDM,Defensive Midfield,2025-07-18,2026-08-02,0.0,0.0,0.0,0.0,0.0,0.0,0.0,0,0.0,0.0,0.0,0.0,0.0,0.0,3.0,2.0,0.0,0,0,0,0.0,0.0,0.0,0.0,0.0,10.0,8.0,,,,,,,,,0.0,0.0,0.0,0.0,0.0,0.0,0.0,0.0,0.0,0.0,0.0,0.0,0.0,0.0,1.0,0.6666666666666666,0.0,0.0,0.0,0.0,0.0,0.0,0.0,0.0,0.0,3.3333333333333335,2.6666666666666665,0.0
003185,Carter Rice,CAN,Cannons,3,SSDM,Defensive Midfield,2025-08-08,2026-08-09,0.0,0.0,0.0,0.0,0.0,0.0,0.0,0,0.0,0.0,0.0,0.0,0.0,0.0,3.0,2.0,2.0,0,0,0,0.0,0.0,1.0,0.5,0.0,18.0,16.0,,,,,,,,,0.0,0.0,0.0,0.0,0.0,0.0,0.0,0.0,0.0,0.0,0.0,0.0,0.0,0.0,1.0,0.6666666666666666,0.6666666666666666,0.0,0.0,0.0,0.0,0.0,0.3333333333333333,0.16666666666666666,0.0,6.0,5.333333333333333,0.0
003185,Carter Rice,CHA,Chaos,4,SSDM,Defensive Midfield,2025-06-07,2026-07-31,0.0,0.0,0.0,0.0,0.0,0.0,0.0,0,0.0,0.0,0.0,0.0,0.0,0.0,2.0,0.0,0.0,0,0,0,0.0,0.0,0.0,0.0,0.0,24.0,24.0,,,,,,,,,0.0,0.0,0.0,0.0,0.0,0.0,0.0,0.0,0.0,0.0,0.0,0.0,0.0,0.0,0.5,0.0,0.0,0.0,0.0,0.0,0.0,0.0,0.0,0.0,0.0,6.0,6.0,0.0
003185,Carter Rice,OUT,Outlaws,3,SSDM,Defensive Midfield,2025-05-31,2026-05-16,0.0,0.0,0.0,0.0,0.0,0.0,0.0,0,0.0,0.0,0.0,0.0,0.0,0.0,3.0,1.0,1.0,0,0,0,0.0,0.0,0.0,0.0,1.0,22.0,21.0,,,,,,,0.0,,0.0,0.0,0.0,0.0,0.0,0.0,0.0,0.0,0.0,0.0,0.0,0.0,0.0,0.0,1.0,0.3333333333333333,0.3333333333333333,0.0,0.0,0.0,0.0,0.0,0.0,0.0,0.3333333333333333,7.333333333333333,7.0,0.3333333333333333
003185,Carter Rice,WAT,Waterdogs,2,SSDM,Defensive Midfield,2025-06-28,2026-07-10,0.0,0.0,0.0,0.0,0.0,0.0,0.0,0,0.0,0.0,0.0,0.0,0.0,0.0,2.0,0.0,0.0,0,0,0,0.0,0.0,0.0,0.0,1.0,12.0,12.0,,,,,,,0.0,,0.0,0.0,0.0,0.0,0.0,0.0,0.0,0.0,0.0,0.0,0.0,0.0,0.0,0.0,1.0,0.0,0.0,0.0,0.0,0.0,0.0,0.0,0.0,0.0,0.5,6.0,6.0,0.5
003185,Carter Rice,WHP,Whipsnakes,2,SSDM,Defensive Midfield,2025-08-03,2026-07-17,0.0,0.0,0.0,0.0,0.0,0.0,0.0,0,0.0,0.0,0.0,0.0,0.0,0.0,2.0,1.0,0.0,0,0,0,0.0,0.0,1.0,0.5,0.0,14.0,13.0,,,,,,,,,0.0,0.0,0.0,0.0,0.0,0.0,0.0,0.0,0.0,0.0,0.0,0.0,0.0,0.0,1.0,0.5,0.0,0.0,0.0,0.0,0.0,0.0,0.5,0.25,0.0,7.0,6.5,0.0
003186,Hugh Kelleher,ARC,Archers,2,M,Midfield,2025-06-28,2026-07-11,1.0,1.0,1.0,0.0,1.0,0.0,8.0,4,2.0,0.0,0.0,0.0,0.0,0.0,1.0,3.0,0.0,0,0,0,0.0,0.0,0.0,0.0,3.0,30.0,19.0,0.125,0.5,,,,,0.0,0.0,0.5,0.5,0.5,0.0,0.5,0.0,4.0,2.0,1.0,0.0,0.0,0.0,0.0,0.0,0.5,1.5,0.0,0.0,0.0,0.0,0.0,0.0,0.0,0.0,1.5,15.0,9.5,1.5
003186,Hugh Kelleher,CAN,Cannons,3,M,Midfield,2025-07-11,2026-07-19,7.0,6.0,6.0,0.0,6.0,1.0,13.0,8,1.0,0.0,0.0,0.0,0.0,0.0,2.0,3.0,0.0,0,0,0,0.0,0.0,1.0,0.5,2.0,39.0,23.0,0.46153846153846156,0.6153846153846154,,,,,0.5,0.0,2.3333333333333335,2.0,2.0,0.0,2.0,0.3333333333333333,4.333333333333333,2.6666666666666665,0.3333333333333333,0.0,0.0,0.0,0.0,0.0,0.6666666666666666,1.0,0.0,0.0,0.0,0.0,0.0,0.0,0.3333333333333333,0.16666666666666666,0.6666666666666666,13.0,7.666666666666667,0.6666666666666666
003186,Hugh Kelleher,OUT,Outlaws,2,M,Midfield,2026-05-30,2026-08-08,1.0,1.0,1.0,0.0,1.0,0.0,7.0,5,2.0,0.0,0.0,0.0,0.0,0.0,2.0,3.0,1.0,0,0,0,0.0,0.0,0.0,0.0,2.0,39.0,29.0,0.14285714285714285,0.7142857142857143,,,,,0.0,0.0,0.5,0.5,0.5,0.0,0.5,0.0,3.5,2.5,1.0,0.0,0.0,0.0,0.0,0.0,1.0,1.5,0.5,0.0,0.0,0.0,0.0,0.0,0.0,0.0,1.0,19.5,14.5,1.0
003186,Hugh Kelleher,RED,Redwoods,3,M,Midfield,2025-07-18,2026-08-02,3.0,3.0,1.0,1.0,2.0,0.0,16.0,10,5.0,0.0,0.0,0.0,0.0,0.0,5.0,2.0,0.0,0,0,0,0.0,0.0,0.0,0.0,4.0,54.0,36.0,0.125,0.625,,,,,0.0,0.2,1.0,1.0,0.3333333333333333,0.3333333333333333,0.6666666666666666,0.0,5.333333333333333,3.3333333333333335,1.6666666666666667,0.0,0.0,0.0,0.0,0.0,1.6666666666666667,0.6666666666666666,0.0,0.0,0.0,0.0,0.0,0.0,0.0,0.0,1.3333333333333333,18.0,12.0,1.3333333333333333
003186,Hugh Kelleher,WAT,Waterdogs,3,M,Midfield,2025-06-21,2026-07-25,4.0,3.0,3.0,0.0,3.0,1.0,7.0,4,0.0,0.0,0.0,0.0,0.0,0.0,1.0,1.0,0.0,0,0,0,0.0,0.0,0.0,0.0,2.0,41.0,33.0,0.42857142857142855,0.5714285714285714,,,,,0.5,,1.3333333333333333,1.0,1.0,0.0,1.0,0.3333333333333333,2.3333333333333335,1.3333333333333333,0.0,0.0,0.0,0.0,0.0,0.0,0.3333333333333333,0.3333333333333333,0.0,0.0,0.0,0.0,0.0,0.0,0.0,0.0,0.6666666666666666,13.666666666666666,11.0,0.6666666666666666
003186,Hugh Kelleher,WHP,Whipsnakes,2,M,Midfield,2025-06-14,2026-06-21,3.0,2.0,2.0,0.0,2.0,1.0,5.0,2,0.0,0.0,0.0,0.0,0.0,0.0,3.0,0.0,0.0,0,0,0,0.0,0.0,0.0,0.0,1.0,25.0,20.0,0.4,0.4,,,,,1.0,,1.5,1.0,1.0,0.0,1.0,0.5,2.5,1.0,0.0,0.0,0.0,0.0,0.0,0.0,1.5,0.0,0.0,0.0,0.0,0.0,0.0,0.0,0.0,0.0,0.5,12.5,10.0,0.5
003188,Bryce Ford,CAN,Cannons,1,M,Midfield,2025-06-07,2025-06-07,1.0,1.0,1.0,0.0,1.0,0.0,1.0,1,0.0,0.0,0.0,0.0,0.0,0.0,1.0,0.0,0.0,0,0,0,0.0,0.0,0.0,0.0,1.0,8.0,7.0,1.0,1.0,,,,,0.0,,1.0,1.0,1.0,0.0,1.0,0.0,1.0,1.0,0.0,0.0,0.0,0.0,0.0,0.0,1.0,0.0,0.0,0.0,0.0,0.0,0.0,0.0,0.0,0.0,1.0,8.0,7.0,1.0
003188,Bryce Ford,CHA,Chaos,1,M,Midfield,2025-08-09,2025-08-09,1.0,1.0,1.0,0.0,1.0,0.0,2.0,1,0.0,0.0,0.0,0.0,0.0,0.0,1.0,1.0,0.0,0,0,0,0.0,0.0,0.0,0.0,0.0,5.0,2.0,0.5,0.5,,,,,,,1.0,1.0,1.0,0.0,1.0,0.0,2.0,1.0,0.0,0.0,0.0,0.0,0.0,0.0,1.0,1.0,0.0,0.0,0.0,0.0,0.0,0.0,0.0,0.0,0.0,5.0,2.0,0.0
003188,Bryce Ford,OUT,Outlaws,1,M,Midfield,2026-05-09,2026-05-09,0.0,0.0,0.0,0.0,0.0,0.0,3.0,0,0.0,0.0,0.0,0.0,0.0,0.0,0.0,2.0,0.0,0,0,0,0.0,0.0,0.0,0.0,1.0,18.0,13.0,0.0,0.0,,,,,0.0,,0.0,0.0,0.0,0.0,0.0,0.0,3.0,0.0,0.0,0.0,0.0,0.0,0.0,0.0,0.0,2.0,0.0,0.0,0.0,0.0,0.0,0.0,0.0,0.0,1.0,18.0,13.0,1.0
003188,Bryce Ford,WHP,Whipsnakes,1,M,Midfield,2025-05-31,2025-05-31,0.0,0.0,0.0,0.0,0.0,0.0,1.0,1,0.0,0.0,0.0,0.0,0.0,0.0,0.0,0.0,0.0,0,0,0,0.0,0.0,0.0,0.0,1.0,9.0,8.0,0.0,1.0,,,,,0.0,,0.0,0.0,0.0,0.0,0.0,0.0,1.0,1.0,0.0,0.0,0.0,0.0,0.0,0.0,0.0,0.0,0.0,0.0,0.0,0.0,0.0,0.0,0.0,0.0,1.0,9.0,8.0,1.0
003190,AJ Pilate,ARC,Archers,1,D,Defense,2025-06-22,2025-06-22,0.0,0.0,0.0,0.0,0.0,0.0,1.0,0,0.0,0.0,0.0,0.0,0.0,0.0,1.0,0.0,0.0,0,0,0,0.0,0.0,0.0,0.0,0.0,3.0,2.0,0.0,0.0,,,,,,,0.0,0.0,0.0,0.0,0.0,0.0,1.0,0.0,0.0,0.0,0.0,0.0,0.0,0.0,1.0,0.0,0.0,0.0,0.0,0.0,0.0,0.0,0.0,0.0,0.0,3.0,2.0,0.0
003190,AJ Pilate,RED,Redwoods,1,D,Defense,2025-06-28,2025-06-28,0.0,0.0,0.0,0.0,0.0,0.0,0.0,0,0.0,0.0,0.0,0.0,0.0,0.0,2.0,1.0,0.0,0,0,0,0.0,0.0,0.0,0.0,0.0,1.0,0.0,,,,,,,,,0.0,0.0,0.0,0.0,0.0,0.0,0.0,0.0,0.0,0.0,0.0,0.0,0.0,0.0,2.0,1.0,0.0,0.0,0.0,0.0,0.0,0.0,0.0,0.0,0.0,1.0,0.0,0.0
003190,AJ Pilate,WHP,Whipsnakes,1,D,Defense,2025-07-13,2025-07-13,0.0,0.0,0.0,0.0,0.0,0.0,0.0,0,0.0,0.0,0.0,0.0,0.0,0.0,1.0,0.0,1.0,0,0,0,0.0,0.0,0.0,0.0,0.0,2.0,2.0,,,,,,,,,0.0,0.0,0.0,0.0,0.0,0.0,0.0,0.0,0.0,0.0,0.0,0.0,0.0,0.0,1.0,0.0,1.0,0.0,0.0,0.0,0.0,0.0,0.0,0.0,0.0,2.0,2.0,0.0
003192,Jackson Eicher,ARC,Archers,4,A,Attack,2025-07-19,2026-08-08,8.0,5.0,5.0,0.0,5.0,3.0,26.0,15,6.0,0.0,0.0,0.0,0.0,0.0,3.0,5.0,0.0,0,0,0,0.0,0.0,0.0,0.0,7.0,92.0,61.0,0.19230769230769232,0.5769230769230769,,,,,0.42857142857142855,0.0,2.0,1.25,1.25,0.0,1.25,0.75,6.5,3.75,1.5,0.0,0.0,0.0,0.0,0.0,0.75,1.25,0.0,0.0,0.0,0.0,0.0,0.0,0.0,0.0,1.75,23.0,15.25,1.75
003192,Jackson Eicher,ATL,Atlas,2,A,Attack,2025-05-30,2026-05-09,7.0,5.0,5.0,0.0,5.0,2.0,17.0,8,1.0,0.0,0.0,0.0,0.0,0.0,1.0,2.0,1.0,0,0,0,0.0,0.0,0.0,0.0,4.0,54.0,35.0,0.29411764705882354,0.47058823529411764,,,,,0.5,0.0,3.5,2.5,2.5,0.0,2.5,1.0,8.5,4.0,0.5,0.0,0.0,0.0,0.0,0.0,0.5,1.0,0.5,0.0,0.0,0.0,0.0,0.0,0.0,0.0,2.0,27.0,17.5,2.0
003192,Jackson Eicher,CAN,Cannons,3,A,Attack,2025-06-29,2026-07-25,8.0,5.0,5.0,0.0,5.0,3.0,14.0,10,4.0,0.0,0.0,0.0,0.0,0.0,4.0,8.0,0.0,0,0,0,0.0,0.0,1.0,0.5,3.0,61.0,39.0,0.35714285714285715,0.7142857142857143,,,,,1.0,0.0,2.6666666666666665,1.6666666666666667,1.6666666666666667,0.0,1.6666666666666667,1.0,4.666666666666667,3.3333333333333335,1.3333333333333333,0.0,0.0,0.0,0.0,0.0,1.3333333333333333,2.6666666666666665,0.0,0.0,0.0,0.0,0.0,0.0,0.3333333333333333,0.16666666666666666,1.0,20.333333333333332,13.0,1.0
003192,Jackson Eicher,OUT,Outlaws,4,A,Attack,2025-06-06,2026-07-18,7.0,4.0,2.0,1.0,3.0,3.0,22.0,12,3.0,0.0,0.0,0.0,0.0,0.0,2.0,4.0,0.0,0,0,0,0.0,0.0,1.0,0.5,9.0,92.0,66.0,0.13636363636363635,0.5454545454545454,,,,,0.3333333333333333,0.3333333333333333,1.75,1.0,0.5,0.25,0.75,0.75,5.5,3.0,0.75,0.0,0.0,0.0,0.0,0.0,0.5,1.0,0.0,0.0,0.0,0.0,0.0,0.0,0.25,0.125,2.25,23.0,16.5,2.25
003192,Jackson Eicher,RED,Redwoods,4,A,Attack,2025-06-07,2026-07-31,4.0,4.0,4.0,0.0,4.0,0.0,20.0,11,3.0,0.0,0.0,0.0,0.0,0.0,4.0,7.0,1.0,0,0,0,0.0,0.0,0.0,0.0,6.0,83.0,56.0,0.2,0.55,,,,,0.0,0.0,1.0,1.0,1.0,0.0,1.0,0.0,5.0,2.75,0.75,0.0,0.0,0.0,0.0,0.0,1.0,1.75,0.25,0.0,0.0,0.0,0.0,0.0,0.0,0.0,1.5,20.75,14.0,1.5
003192,Jackson Eicher,WAT,Waterdogs,3,A,Attack,2025-07-26,2026-08-01,9.0,7.0,7.0,0.0,7.0,2.0,24.0,13,5.0,0.0,0.0,0.0,0.0,0.0,2.0,4.0,0.0,0,0,0,0.0,0.0,0.0,0.0,7.0,69.0,41.0,0.2916666666666667,0.5416666666666666,,,,,0.2857142857142857,0.0,3.0,2.3333333333333335,2.3333333333333335,0.0,2.3333333333333335,0.6666666666666666,8.0,4.333333333333333,1.6666666666666667,0.0,0.0,0.0,0.0,0.0,0.6666666666666666,1.3333333333333333,0.0,0.0,0.0,0.0,0.0,0.0,0.0,0.0,2.3333333333333335,23.0,13.666666666666666,2.3333333333333335
003192,Jackson Eicher,WHP,Whipsnakes,2,A,Attack,2025-06-22,2026-07-12,4.0,4.0,4.0,0.0,4.0,0.0,11.0,7,0.0,0.0,0.0,0.0,0.0,0.0,2.0,3.0,0.0,0,0,0,0.0,0.0,0.0,0.0,3.0,27.0,13.0,0.36363636363636365,0.6363636363636364,,,,,0.0,,2.0,2.0,2.0,0.0,2.0,0.0,5.5,3.5,0.0,0.0,0.0,0.0,0.0,0.0,1.0,1.5,0.0,0.0,0.0,0.0,0.0,0.0,0.0,0.0,1.5,13.5,6.5,1.5
003193,Kyle Aldridge,ATL,Atlas,1,SSDM,Defensive Midfield,2025-07-26,2025-07-26,0.0,0.0,0.0,0.0,0.0,0.0,0.0,0,0.0,0.0,0.0,0.0,0.0,0.0,0.0,0.0,1.0,0,0,0,0.0,0.0,0.0,0.0,0.0,3.0,3.0,,,,,,,,,0.0,0.0,0.0,0.0,0.0,0.0,0.0,0.0,0.0,0.0,0.0,0.0,0.0,0.0,0.0,0.0,1.0,0.0,0.0,0.0,0.0,0.0,0.0,0.0,0.0,3.0,3.0,0.0
003193,Kyle Aldridge,RED,Redwoods,1,SSDM,Defensive Midfield,2025-08-03,2025-08-03,0.0,0.0,0.0,0.0,0.0,0.0,0.0,0,0.0,0.0,0.0,0.0,0.0,0.0,4.0,0.0,0.0,0,0,0,0.0,0.0,0.0,0.0,0.0,12.0,12.0,,,,,,,,,0.0,0.0,0.0,0.0,0.0,0.0,0.0,0.0,0.0,0.0,0.0,0.0,0.0,0.0,4.0,0.0,0.0,0.0,0.0,0.0,0.0,0.0,0.0,0.0,0.0,12.0,12.0,0.0
003194,Colin Sharkey,OUT,Outlaws,1,SSDM,Defensive Midfield,2026-05-09,2026-05-09,0.0,0.0,0.0,0.0,0.0,0.0,1.0,1,0.0,0.0,0.0,0.0,0.0,0.0,1.0,0.0,0.0,0,0,0,0.0,0.0,0.0,0.0,0.0,5.0,4.0,0.0,1.0,,,,,,,0.0,0.0,0.0,0.0,0.0,0.0,1.0,1.0,0.0,0.0,0.0,0.0,0.0,0.0,1.0,0.0,0.0,0.0,0.0,0.0,0.0,0.0,0.0,0.0,0.0,5.0,4.0,0.0
003194,Colin Sharkey,RED,Redwoods,1,SSDM,Defensive Midfield,2026-05-09,2026-05-09,0.0,0.0,0.0,0.0,0.0,0.0,0.0,0,0.0,0.0,0.0,0.0,0.0,0.0,0.0,0.0,0.0,0,0,0,0.0,0.0,0.0,0.0,0.0,3.0,3.0,,,,,,,,,0.0,0.0,0.0,0.0,0.0,0.0,0.0,0.0,0.0,0.0,0.0,0.0,0.0,0.0,0.0,0.0,0.0,0.0,0.0,0.0,0.0,0.0,0.0,0.0,0.0,3.0,3.0,0.0
003195,Brian Kelly,ARC,Archers,1,A,Attack,2026-08-01,2026-08-01,4.0,4.0,4.0,0.0,4.0,0.0,7.0,6,0.0,0.0,0.0,0.0,0.0,0.0,1.0,3.0,0.0,0,0,0,0.0,0.0,1.0,0.5,2.0,43.0,33.0,0.5714285714285714,0.8571428571428571,,,,,0.0,,4.0,4.0,4.0,0.0,4.0,0.0,7.0,6.0,0.0,0.0,0.0,0.0,0.0,0.0,1.0,3.0,0.0,0.0,0.0,0.0,0.0,0.0,1.0,0.5,2.0,43.0,33.0,2.0
003195,Brian Kelly,ATL,Atlas,2,A,Attack,2026-06-19,2026-07-19,2.0,1.0,1.0,0.0,1.0,1.0,7.0,3,0.0,0.0,0.0,0.0,0.0,0.0,1.0,4.0,0.0,0,0,0,0.0,0.0,0.0,0.0,4.0,63.0,52.0,0.14285714285714285,0.42857142857142855,,,,,0.25,,1.0,0.5,0.5,0.0,0.5,0.5,3.5,1.5,0.0,0.0,0.0,0.0,0.0,0.0,0.5,2.0,0.0,0.0,0.0,0.0,0.0,0.0,0.0,0.0,2.0,31.5,26.0,2.0
003195,Brian Kelly,CHA,Chaos,1,A,Attack,2026-07-25,2026-07-25,1.0,1.0,1.0,0.0,1.0,0.0,8.0,6,0.0,0.0,0.0,0.0,0.0,0.0,2.0,5.0,0.0,0,0,0,0.0,0.0,0.0,0.0,2.0,41.0,28.0,0.125,0.75,,,,,0.0,,1.0,1.0,1.0,0.0,1.0,0.0,8.0,6.0,0.0,0.0,0.0,0.0,0.0,0.0,2.0,5.0,0.0,0.0,0.0,0.0,0.0,0.0,0.0,0.0,2.0,41.0,28.0,2.0
003195,Brian Kelly,OUT,Outlaws,1,A,Attack,2026-07-11,2026-07-11,4.0,3.0,3.0,0.0,3.0,1.0,3.0,3,0.0,0.0,0.0,0.0,0.0,0.0,1.0,2.0,0.0,0,0,0,0.0,0.0,0.0,0.0,2.0,34.0,29.0,1.0,1.0,,,,,0.5,,4.0,3.0,3.0,0.0,3.0,1.0,3.0,3.0,0.0,0.0,0.0,0.0,0.0,0.0,1.0,2.0,0.0,0.0,0.0,0.0,0.0,0.0,0.0,0.0,2.0,34.0,29.0,2.0
003195,Brian Kelly,RED,Redwoods,2,A,Attack,2026-06-28,2026-08-09,7.0,5.0,5.0,0.0,5.0,2.0,10.0,6,0.0,0.0,0.0,0.0,0.0,0.0,2.0,2.0,1.0,0,0,0,0.0,0.0,1.0,1.0,4.0,56.0,44.0,0.5,0.6,,,,,0.5,,3.5,2.5,2.5,0.0,2.5,1.0,5.0,3.0,0.0,0.0,0.0,0.0,0.0,0.0,1.0,1.0,0.5,0.0,0.0,0.0,0.0,0.0,0.5,0.5,2.0,28.0,22.0,2.0
003195,Brian Kelly,WAT,Waterdogs,2,A,Attack,2026-05-17,2026-06-07,5.0,3.0,3.0,0.0,3.0,2.0,9.0,7,1.0,0.0,0.0,0.0,0.0,0.0,5.0,4.0,0.0,0,0,0,0.0,0.0,0.0,0.0,2.0,49.0,36.0,0.3333333333333333,0.7777777777777778,,,,,1.0,0.0,2.5,1.5,1.5,0.0,1.5,1.0,4.5,3.5,0.5,0.0,0.0,0.0,0.0,0.0,2.5,2.0,0.0,0.0,0.0,0.0,0.0,0.0,0.0,0.0,1.0,24.5,18.0,1.0
003195,Brian Kelly,WHP,Whipsnakes,2,A,Attack,2026-05-29,2026-08-07,7.0,5.0,5.0,0.0,5.0,2.0,7.0,6,0.0,0.0,0.0,0.0,0.0,0.0,3.0,4.0,0.0,0,0,0,0.0,0.0,0.0,0.0,6.0,55.0,44.0,0.7142857142857143,0.8571428571428571,,,,,0.3333333333333333,,3.5,2.5,2.5,0.0,2.5,1.0,3.5,3.0,0.0,0.0,0.0,0.0,0.0,0.0,1.5,2.0,0.0,0.0,0.0,0.0,0.0,0.0,0.0,0.0,3.0,27.5,22.0,3.0
003203,CK Giancola,OUT,Outlaws,1,M,Midfield,2026-05-09,2026-05-09,2.0,2.0,2.0,0.0,2.0,0.0,7.0,5,2.0,0.0,0.0,0.0,0.0,0.0,3.0,1.0,0.0,0,0,0,0.0,0.0,0.0,0.0,1.0,40.0,32.0,0.2857142857142857,0.7142857142857143,,,,,0.0,0.0,2.0,2.0,2.0,0.0,2.0,0.0,7.0,5.0,2.0,0.0,0.0,0.0,0.0,0.0,3.0,1.0,0.0,0.0,0.0,0.0,0.0,0.0,0.0,0.0,1.0,40.0,32.0,1.0
003203,CK Giancola,RED,Redwoods,1,M,Midfield,2026-05-09,2026-05-09,1.0,1.0,1.0,0.0,1.0,0.0,5.0,1,3.0,0.0,0.0,0.0,0.0,0.0,1.0,1.0,0.0,0,0,0,0.0,0.0,0.0,0.0,3.0,22.0,16.0,0.2,0.2,,,,,0.0,0.0,1.0,1.0,1.0,0.0,1.0,0.0,5.0,1.0,3.0,0.0,0.0,0.0,0.0,0.0,1.0,1.0,0.0,0.0,0.0,0.0,0.0,0.0,0.0,0.0,3.0,22.0,16.0,3.0
003203,CK Giancola,WHP,Whipsnakes,1,M,Midfield,2026-05-30,2026-05-30,1.0,1.0,1.0,0.0,1.0,0.0,4.0,4,1.0,0.0,0.0,0.0,0.0,0.0,1.0,1.0,0.0,0,0,0,0.0,0.0,1.0,0.5,1.0,25.0,20.0,0.25,1.0,,,,,0.0,0.0,1.0,1.0,1.0,0.0,1.0,0.0,4.0,4.0,1.0,0.0,0.0,0.0,0.0,0.0,1.0,1.0,0.0,0.0,0.0,0.0,0.0,0.0,1.0,0.5,1.0,25.0,20.0,1.0
003206,Greg Langermeier,ARC,Archers,2,SSDM,Defensive Midfield,2025-07-19,2025-08-09,0.0,0.0,0.0,0.0,0.0,0.0,0.0,0,0.0,0.0,0.0,0.0,0.0,0.0,2.0,1.0,1.0,0,0,0,0.0,0.0,0.0,0.0,0.0,9.0,8.0,,,,,,,,,0.0,0.0,0.0,0.0,0.0,0.0,0.0,0.0,0.0,0.0,0.0,0.0,0.0,0.0,1.0,0.5,0.5,0.0,0.0,0.0,0.0,0.0,0.0,0.0,0.0,4.5,4.0,0.0
003206,Greg Langermeier,CAN,Cannons,1,SSDM,Defensive Midfield,2025-06-29,2025-06-29,0.0,0.0,0.0,0.0,0.0,0.0,0.0,0,0.0,0.0,0.0,0.0,0.0,0.0,0.0,0.0,0.0,0,0,0,0.0,0.0,0.0,0.0,0.0,6.0,6.0,,,,,,,,,0.0,0.0,0.0,0.0,0.0,0.0,0.0,0.0,0.0,0.0,0.0,0.0,0.0,0.0,0.0,0.0,0.0,0.0,0.0,0.0,0.0,0.0,0.0,0.0,0.0,6.0,6.0,0.0
003206,Greg Langermeier,OUT,Outlaws,2,SSDM,Defensive Midfield,2025-06-06,2025-08-02,1.0,0.0,0.0,0.0,0.0,1.0,2.0,0,0.0,0.0,0.0,0.0,0.0,0.0,2.0,1.0,2.0,1,2,3,0.0,0.0,0.0,0.0,2.0,14.0,11.0,0.0,0.0,0.3333333333333333,,,,0.5,,0.5,0.0,0.0,0.0,0.0,0.5,1.0,0.0,0.0,0.0,0.0,0.0,0.0,0.0,1.0,0.5,1.0,0.5,1.0,1.5,0.0,0.0,0.0,0.0,1.0,7.0,5.5,1.0
003206,Greg Langermeier,RED,Redwoods,3,SSDM,Defensive Midfield,2025-06-07,2026-07-31,0.0,0.0,0.0,0.0,0.0,0.0,1.0,0,0.0,0.0,0.0,0.0,0.0,0.0,2.0,4.0,0.0,0,0,0,0.0,0.0,0.0,0.0,1.0,15.0,10.0,0.0,0.0,,,,,0.0,,0.0,0.0,0.0,0.0,0.0,0.0,0.3333333333333333,0.0,0.0,0.0,0.0,0.0,0.0,0.0,0.6666666666666666,1.3333333333333333,0.0,0.0,0.0,0.0,0.0,0.0,0.0,0.0,0.3333333333333333,5.0,3.3333333333333335,0.3333333333333333
003206,Greg Langermeier,WAT,Waterdogs,2,SSDM,Defensive Midfield,2025-07-26,2026-08-01,1.0,0.0,0.0,0.0,0.0,1.0,1.0,0,0.0,0.0,0.0,0.0,0.0,0.0,5.0,0.0,0.0,0,0,0,0.0,0.0,1.0,0.5,3.0,14.0,13.0,0.0,0.0,,,,,0.3333333333333333,,0.5,0.0,0.0,0.0,0.0,0.5,0.5,0.0,0.0,0.0,0.0,0.0,0.0,0.0,2.5,0.0,0.0,0.0,0.0,0.0,0.0,0.0,0.5,0.25,1.5,7.0,6.5,1.5
003206,Greg Langermeier,WHP,Whipsnakes,1,SSDM,Defensive Midfield,2025-06-22,2025-06-22,0.0,0.0,0.0,0.0,0.0,0.0,1.0,0,0.0,0.0,0.0,0.0,0.0,0.0,2.0,0.0,1.0,0,0,0,0.0,0.0,1.0,0.5,0.0,7.0,6.0,0.0,0.0,,,,,,,0.0,0.0,0.0,0.0,0.0,0.0,1.0,0.0,0.0,0.0,0.0,0.0,0.0,0.0,2.0,0.0,1.0,0.0,0.0,0.0,0.0,0.0,1.0,0.5,0.0,7.0,6.0,0.0
003208,Max Merklinger,ATL,Atlas,1,A,Attack,2025-06-28,2025-06-28,0.0,0.0,0.0,0.0,0.0,0.0,2.0,1,0.0,0.0,0.0,0.0,0.0,0.0,1.0,2.0,0.0,0,0,0,0.0,0.0,0.0,0.0,0.0,12.0,8.0,0.0,0.5,,,,,,,0.0,0.0,0.0,0.0,0.0,0.0,2.0,1.0,0.0,0.0,0.0,0.0,0.0,0.0,1.0,2.0,0.0,0.0,0.0,0.0,0.0,0.0,0.0,0.0,0.0,12.0,8.0,0.0
003208,Max Merklinger,OUT,Outlaws,1,A,Attack,2025-07-27,2025-07-27,0.0,0.0,0.0,0.0,0.0,0.0,2.0,1,1.0,0.0,0.0,0.0,0.0,0.0,0.0,0.0,0.0,0,0,0,0.0,0.0,0.0,0.0,1.0,10.0,8.0,0.0,0.5,,,,,0.0,0.0,0.0,0.0,0.0,0.0,0.0,0.0,2.0,1.0,1.0,0.0,0.0,0.0,0.0,0.0,0.0,0.0,0.0,0.0,0.0,0.0,0.0,0.0,0.0,0.0,1.0,10.0,8.0,1.0
003209,Michael Lampert,ARC,Archers,1,A,Attack,2025-07-12,2025-07-12,0.0,0.0,0.0,0.0,0.0,0.0,0.0,0,0.0,0.0,0.0,0.0,0.0,0.0,0.0,2.0,0.0,0,0,0,0.0,0.0,0.0,0.0,0.0,9.0,7.0,,,,,,,,,0.0,0.0,0.0,0.0,0.0,0.0,0.0,0.0,0.0,0.0,0.0,0.0,0.0,0.0,0.0,2.0,0.0,0.0,0.0,0.0,0.0,0.0,0.0,0.0,0.0,9.0,7.0,0.0
003209,Michael Lampert,ATL,Atlas,1,A,Attack,2025-06-21,2025-06-21,0.0,0.0,0.0,0.0,0.0,0.0,2.0,1,0.0,0.0,0.0,0.0,0.0,0.0,0.0,0.0,0.0,0,0,0,0.0,0.0,0.0,0.0,0.0,3.0,1.0,0.0,0.5,,,,,,,0.0,0.0,0.0,0.0,0.0,0.0,2.0,1.0,0.0,0.0,0.0,0.0,0.0,0.0,0.0,0.0,0.0,0.0,0.0,0.0,0.0,0.0,0.0,0.0,0.0,3.0,1.0,0.0
003209,Michael Lampert,CAN,Cannons,1,A,Attack,2025-06-13,2025-06-13,1.0,0.0,0.0,0.0,0.0,1.0,1.0,1,0.0,0.0,0.0,0.0,0.0,0.0,0.0,2.0,0.0,0,0,0,0.0,0.0,0.0,0.0,2.0,8.0,5.0,0.0,1.0,,,,,0.5,,1.0,0.0,0.0,0.0,0.0,1.0,1.0,1.0,0.0,0.0,0.0,0.0,0.0,0.0,0.0,2.0,0.0,0.0,0.0,0.0,0.0,0.0,0.0,0.0,2.0,8.0,5.0,2.0
003209,Michael Lampert,WHP,Whipsnakes,1,A,Attack,2026-05-09,2026-05-09,0.0,0.0,0.0,0.0,0.0,0.0,1.0,0,0.0,0.0,0.0,0.0,0.0,0.0,0.0,0.0,0.0,0,0,0,0.0,0.0,0.0,0.0,0.0,7.0,6.0,0.0,0.0,,,,,,,0.0,0.0,0.0,0.0,0.0,0.0,1.0,0.0,0.0,0.0,0.0,0.0,0.0,0.0,0.0,0.0,0.0,0.0,0.0,0.0,0.0,0.0,0.0,0.0,0.0,7.0,6.0,0.0
003211,Josh Balcarcel,ARC,Archers,3,M,Midfield,2025-06-14,2026-05-09,3.0,2.0,2.0,0.0,2.0,1.0,5.0,5,0.0,0.0,0.0,0.0,0.0,0.0,2.0,2.0,0.0,0,0,0,0.0,0.0,0.0,0.0,3.0,35.0,28.0,0.4,1.0,,,,,0.3333333333333333,,1.0,0.6666666666666666,0.6666666666666666,0.0,0.6666666666666666,0.3333333333333333,1.6666666666666667,1.6666666666666667,0.0,0.0,0.0,0.0,0.0,0.0,0.6666666666666666,0.6666666666666666,0.0,0.0,0.0,0.0,0.0,0.0,0.0,0.0,1.0,11.666666666666666,9.333333333333334,1.0
003211,Josh Balcarcel,ATL,Atlas,2,M,Midfield,2025-07-18,2026-08-02,7.0,4.0,4.0,0.0,4.0,3.0,8.0,7,0.0,0.0,0.0,0.0,0.0,0.0,1.0,1.0,0.0,0,0,0,0.0,0.0,0.0,0.0,5.0,47.0,38.0,0.5,0.875,,,,,0.6,,3.5,2.0,2.0,0.0,2.0,1.5,4.0,3.5,0.0,0.0,0.0,0.0,0.0,0.0,0.5,0.5,0.0,0.0,0.0,0.0,0.0,0.0,0.0,0.0,2.5,23.5,19.0,2.5
003211,Josh Balcarcel,CAN,Cannons,2,M,Midfield,2025-08-08,2026-08-09,1.0,0.0,0.0,0.0,0.0,1.0,4.0,1,1.0,0.0,0.0,0.0,0.0,0.0,3.0,1.0,0.0,0,0,0,0.0,0.0,0.0,0.0,4.0,30.0,25.0,0.0,0.25,,,,,0.25,0.0,0.5,0.0,0.0,0.0,0.0,0.5,2.0,0.5,0.5,0.0,0.0,0.0,0.0,0.0,1.5,0.5,0.0,0.0,0.0,0.0,0.0,0.0,0.0,0.0,2.0,15.0,12.5,2.0
003211,Josh Balcarcel,CHA,Chaos,4,M,Midfield,2025-06-07,2026-07-31,4.0,4.0,4.0,0.0,4.0,0.0,14.0,9,1.0,0.0,0.0,0.0,0.0,0.0,1.0,5.0,0.0,0,0,0,0.0,0.0,2.0,1.0,1.0,67.0,48.0,0.2857142857142857,0.6428571428571429,,,,,0.0,0.0,1.0,1.0,1.0,0.0,1.0,0.0,3.5,2.25,0.25,0.0,0.0,0.0,0.0,0.0,0.25,1.25,0.0,0.0,0.0,0.0,0.0,0.0,0.5,0.25,0.25,16.75,12.0,0.25
003211,Josh Balcarcel,OUT,Outlaws,3,M,Midfield,2025-05-31,2026-05-16,3.0,2.0,2.0,0.0,2.0,1.0,6.0,5,1.0,0.0,0.0,0.0,0.0,0.0,1.0,2.0,0.0,0,0,0,0.0,0.0,0.0,0.0,1.0,37.0,29.0,0.3333333333333333,0.8333333333333334,,,,,1.0,0.0,1.0,0.6666666666666666,0.6666666666666666,0.0,0.6666666666666666,0.3333333333333333,2.0,1.6666666666666667,0.3333333333333333,0.0,0.0,0.0,0.0,0.0,0.3333333333333333,0.6666666666666666,0.0,0.0,0.0,0.0,0.0,0.0,0.0,0.0,0.3333333333333333,12.333333333333334,9.666666666666666,0.3333333333333333
003211,Josh Balcarcel,WAT,Waterdogs,2,M,Midfield,2025-06-28,2026-07-10,2.0,2.0,2.0,0.0,2.0,0.0,6.0,3,1.0,0.0,0.0,0.0,0.0,0.0,0.0,0.0,0.0,0,0,0,0.0,0.0,0.0,0.0,2.0,20.0,14.0,0.3333333333333333,0.5,,,,,0.0,0.0,1.0,1.0,1.0,0.0,1.0,0.0,3.0,1.5,0.5,0.0,0.0,0.0,0.0,0.0,0.0,0.0,0.0,0.0,0.0,0.0,0.0,0.0,0.0,0.0,1.0,10.0,7.0,1.0
003211,Josh Balcarcel,WHP,Whipsnakes,2,M,Midfield,2025-08-03,2026-07-17,3.0,3.0,3.0,0.0,3.0,0.0,4.0,4,0.0,0.0,0.0,0.0,0.0,0.0,0.0,3.0,0.0,0,0,0,0.0,0.0,0.0,0.0,0.0,21.0,14.0,0.75,1.0,,,,,,,1.5,1.5,1.5,0.0,1.5,0.0,2.0,2.0,0.0,0.0,0.0,0.0,0.0,0.0,0.0,1.5,0.0,0.0,0.0,0.0,0.0,0.0,0.0,0.0,0.0,10.5,7.0,0.0
003212,Ray Dearth,ARC,Archers,4,SSDM,Defensive Midfield,2025-07-19,2026-08-08,1.0,0.0,0.0,0.0,0.0,1.0,0.0,0,0.0,0.0,0.0,0.0,0.0,0.0,5.0,0.0,1.0,1,2,3,0.0,0.0,0.0,0.0,2.0,19.0,19.0,,,0.3333333333333333,,,,0.5,,0.25,0.0,0.0,0.0,0.0,0.25,0.0,0.0,0.0,0.0,0.0,0.0,0.0,0.0,1.25,0.0,0.25,0.25,0.5,0.75,0.0,0.0,0.0,0.0,0.5,4.75,4.75,0.5
003212,Ray Dearth,ATL,Atlas,2,SSDM,Defensive Midfield,2025-05-30,2026-05-09,1.0,1.0,1.0,0.0,1.0,0.0,2.0,1,0.0,0.0,0.0,0.0,0.0,0.0,5.0,0.0,0.0,0,2,2,0.0,0.0,0.0,0.0,1.0,17.0,15.0,0.5,0.5,0.0,,,,0.0,,0.5,0.5,0.5,0.0,0.5,0.0,1.0,0.5,0.0,0.0,0.0,0.0,0.0,0.0,2.5,0.0,0.0,0.0,1.0,1.0,0.0,0.0,0.0,0.0,0.5,8.5,7.5,0.5
003212,Ray Dearth,CAN,Cannons,3,SSDM,Defensive Midfield,2025-06-29,2026-07-25,2.0,2.0,0.0,1.0,1.0,0.0,1.0,1,1.0,0.0,0.0,0.0,0.0,0.0,3.0,0.0,2.0,0,8,8,0.0,0.0,1.0,0.5,0.0,16.0,15.0,1.0,1.0,0.0,,,,,1.0,0.6666666666666666,0.6666666666666666,0.0,0.3333333333333333,0.3333333333333333,0.0,0.3333333333333333,0.3333333333333333,0.3333333333333333,0.0,0.0,0.0,0.0,0.0,1.0,0.0,0.6666666666666666,0.0,2.6666666666666665,2.6666666666666665,0.0,0.0,0.3333333333333333,0.16666666666666666,0.0,5.333333333333333,5.0,0.0
003212,Ray Dearth,OUT,Outlaws,4,SSDM,Defensive Midfield,2025-06-06,2026-07-18,1.0,0.0,0.0,0.0,0.0,1.0,1.0,0,0.0,0.0,0.0,0.0,0.0,0.0,5.0,1.0,2.0,0,4,4,0.0,0.0,0.0,0.0,2.0,29.0,27.0,0.0,0.0,0.0,,,,0.5,,0.25,0.0,0.0,0.0,0.0,0.25,0.25,0.0,0.0,0.0,0.0,0.0,0.0,0.0,1.25,0.25,0.5,0.0,1.0,1.0,0.0,0.0,0.0,0.0,0.5,7.25,6.75,0.5
003212,Ray Dearth,RED,Redwoods,3,SSDM,Defensive Midfield,2025-07-12,2026-07-31,0.0,0.0,0.0,0.0,0.0,0.0,1.0,1,1.0,0.0,0.0,0.0,0.0,0.0,2.0,1.0,3.0,0,14,14,0.0,0.0,0.0,0.0,0.0,11.0,9.0,0.0,1.0,0.0,,,,,0.0,0.0,0.0,0.0,0.0,0.0,0.0,0.3333333333333333,0.3333333333333333,0.3333333333333333,0.0,0.0,0.0,0.0,0.0,0.6666666666666666,0.3333333333333333,1.0,0.0,4.666666666666667,4.666666666666667,0.0,0.0,0.0,0.0,0.0,3.6666666666666665,3.0,0.0
003212,Ray Dearth,WAT,Waterdogs,3,SSDM,Defensive Midfield,2025-07-26,2026-08-01,0.0,0.0,0.0,0.0,0.0,0.0,0.0,0,0.0,0.0,0.0,0.0,0.0,0.0,1.0,0.0,0.0,3,5,8,0.0,0.0,1.0,0.5,1.0,16.0,16.0,,,0.375,,,,0.0,,0.0,0.0,0.0,0.0,0.0,0.0,0.0,0.0,0.0,0.0,0.0,0.0,0.0,0.0,0.3333333333333333,0.0,0.0,1.0,1.6666666666666667,2.6666666666666665,0.0,0.0,0.3333333333333333,0.16666666666666666,0.3333333333333333,5.333333333333333,5.333333333333333,0.3333333333333333
003212,Ray Dearth,WHP,Whipsnakes,1,SSDM,Defensive Midfield,2026-07-12,2026-07-12,0.0,0.0,0.0,0.0,0.0,0.0,0.0,0,0.0,0.0,0.0,0.0,0.0,0.0,0.0,0.0,1.0,0,2,2,0.0,0.0,0.0,0.0,0.0,2.0,2.0,,,0.0,,,,,,0.0,0.0,0.0,0.0,0.0,0.0,0.0,0.0,0.0,0.0,0.0,0.0,0.0,0.0,0.0,0.0,1.0,0.0,2.0,2.0,0.0,0.0,0.0,0.0,0.0,2.0,2.0,0.0
003215,Tommy Stull,CHA,Chaos,1,LSM,Long Stick Midfield,2026-06-05,2026-06-05,0.0,0.0,0.0,0.0,0.0,0.0,0.0,0,0.0,0.0,0.0,0.0,0.0,0.0,1.0,0.0,0.0,0,0,0,0.0,0.0,0.0,0.0,0.0,3.0,3.0,,,,,,,,,0.0,0.0,0.0,0.0,0.0,0.0,0.0,0.0,0.0,0.0,0.0,0.0,0.0,0.0,1.0,0.0,0.0,0.0,0.0,0.0,0.0,0.0,0.0,0.0,0.0,3.0,3.0,0.0
003215,Tommy Stull,RED,Redwoods,1,LSM,Long Stick Midfield,2026-05-09,2026-05-09,0.0,0.0,0.0,0.0,0.0,0.0,0.0,0,0.0,0.0,0.0,0.0,0.0,0.0,3.0,0.0,1.0,0,0,0,0.0,0.0,0.0,0.0,0.0,3.0,3.0,,,,,,,,,0.0,0.0,0.0,0.0,0.0,0.0,0.0,0.0,0.0,0.0,0.0,0.0,0.0,0.0,3.0,0.0,1.0,0.0,0.0,0.0,0.0,0.0,0.0,0.0,0.0,3.0,3.0,0.0
003228,Remington Reynolds,CHA,Chaos,1,D,Defense,2026-05-15,2026-05-15,0.0,0.0,0.0,0.0,0.0,0.0,0.0,0,0.0,0.0,0.0,0.0,0.0,0.0,2.0,0.0,0.0,0,0,0,0.0,0.0,0.0,0.0,0.0,4.0,4.0,,,,,,,,,0.0,0.0,0.0,0.0,0.0,0.0,0.0,0.0,0.0,0.0,0.0,0.0,0.0,0.0,2.0,0.0,0.0,0.0,0.0,0.0,0.0,0.0,0.0,0.0,0.0,4.0,4.0,0.0
003228,Remington Reynolds,RED,Redwoods,1,D,Defense,2026-06-28,2026-06-28,0.0,0.0,0.0,0.0,0.0,0.0,0.0,0,0.0,0.0,0.0,0.0,0.0,0.0,1.0,1.0,1.0,0,0,0,0.0,0.0,0.0,0.0,0.0,3.0,2.0,,,,,,,,,0.0,0.0,0.0,0.0,0.0,0.0,0.0,0.0,0.0,0.0,0.0,0.0,0.0,0.0,1.0,1.0,1.0,0.0,0.0,0.0,0.0,0.0,0.0,0.0,0.0,3.0,2.0,0.0
003228,Remington Reynolds,WAT,Waterdogs,1,D,Defense,2026-05-17,2026-05-17,0.0,0.0,0.0,0.0,0.0,0.0,1.0,0,0.0,0.0,0.0,0.0,0.0,0.0,2.0,0.0,1.0,0,0,0,0.0,0.0,3.0,3.5,0.0,6.0,5.0,0.0,0.0,,,,,,,0.0,0.0,0.0,0.0,0.0,0.0,1.0,0.0,0.0,0.0,0.0,0.0,0.0,0.0,2.0,0.0,1.0,0.0,0.0,0.0,0.0,0.0,3.0,3.5,0.0,6.0,5.0,0.0
003228,Remington Reynolds,WHP,Whipsnakes,1,D,Defense,2026-05-29,2026-05-29,0.0,0.0,0.0,0.0,0.0,0.0,0.0,0,0.0,0.0,0.0,0.0,0.0,0.0,3.0,0.0,0.0,0,0,0,0.0,0.0,0.0,0.0,0.0,5.0,5.0,,,,,,,,,0.0,0.0,0.0,0.0,0.0,0.0,0.0,0.0,0.0,0.0,0.0,0.0,0.0,0.0,3.0,0.0,0.0,0.0,0.0,0.0,0.0,0.0,0.0,0.0,0.0,5.0,5.0,0.0
003229,Matt Wright,ARC,Archers,1,LSM,Long Stick Midfield,2026-06-20,2026-06-20,0.0,0.0,0.0,0.0,0.0,0.0,0.0,0,0.0,0.0,0.0,0.0,0.0,0.0,2.0,0.0,0.0,0,0,0,0.0,0.0,0.0,0.0,0.0,5.0,5.0,,,,,,,,,0.0,0.0,0.0,0.0,0.0,0.0,0.0,0.0,0.0,0.0,0.0,0.0,0.0,0.0,2.0,0.0,0.0,0.0,0.0,0.0,0.0,0.0,0.0,0.0,0.0,5.0,5.0,0.0
003229,Matt Wright,CAN,Cannons,1,LSM,Long Stick Midfield,2026-06-28,2026-06-28,0.0,0.0,0.0,0.0,0.0,0.0,0.0,0,0.0,0.0,0.0,0.0,0.0,0.0,1.0,0.0,0.0,0,0,0,0.0,0.0,0.0,0.0,0.0,6.0,6.0,,,,,,,,,0.0,0.0,0.0,0.0,0.0,0.0,0.0,0.0,0.0,0.0,0.0,0.0,0.0,0.0,1.0,0.0,0.0,0.0,0.0,0.0,0.0,0.0,0.0,0.0,0.0,6.0,6.0,0.0
003232,Casey Wilson,CHA,Chaos,1,M,Midfield,2026-05-31,2026-05-31,0.0,0.0,0.0,0.0,0.0,0.0,0.0,0,0.0,0.0,0.0,0.0,0.0,0.0,1.0,1.0,0.0,0,0,0,0.0,0.0,0.0,0.0,0.0,5.0,4.0,,,,,,,,,0.0,0.0,0.0,0.0,0.0,0.0,0.0,0.0,0.0,0.0,0.0,0.0,0.0,0.0,1.0,1.0,0.0,0.0,0.0,0.0,0.0,0.0,0.0,0.0,0.0,5.0,4.0,0.0
003232,Casey Wilson,OUT,Outlaws,1,M,Midfield,2026-07-26,2026-07-26,1.0,1.0,1.0,0.0,1.0,0.0,1.0,1,0.0,0.0,0.0,0.0,0.0,0.0,2.0,0.0,0.0,0,0,0,0.0,0.0,0.0,0.0,0.0,8.0,7.0,1.0,1.0,,,,,,,1.0,1.0,1.0,0.0,1.0,0.0,1.0,1.0,0.0,0.0,0.0,0.0,0.0,0.0,2.0,0.0,0.0,0.0,0.0,0.0,0.0,0.0,0.0,0.0,0.0,8.0,7.0,0.0
003238,Aidan McLane,WHP,Whipsnakes,1,M,Midfield,2026-05-16,2026-05-16,0.0,0.0,0.0,0.0,0.0,0.0,3.0,0,0.0,0.0,0.0,0.0,0.0,0.0,0.0,0.0,0.0,0,0,0,0.0,0.0,0.0,0.0,0.0,8.0,5.0,0.0,0.0,,,,,,,0.0,0.0,0.0,0.0,0.0,0.0,3.0,0.0,0.0,0.0,0.0,0.0,0.0,0.0,0.0,0.0,0.0,0.0,0.0,0.0,0.0,0.0,0.0,0.0,0.0,8.0,5.0,0.0
003242,Cooper Frankenheimer,WHP,Whipsnakes,1,SSDM,Defensive Midfield,2026-05-16,2026-05-16,0.0,0.0,0.0,0.0,0.0,0.0,1.0,0,0.0,0.0,0.0,0.0,0.0,0.0,1.0,0.0,0.0,0,0,0,0.0,0.0,0.0,0.0,1.0,4.0,3.0,0.0,0.0,,,,,0.0,,0.0,0.0,0.0,0.0,0.0,0.0,1.0,0.0,0.0,0.0,0.0,0.0,0.0,0.0,1.0,0.0,0.0,0.0,0.0,0.0,0.0,0.0,0.0,0.0,1.0,4.0,3.0,1.0
003248,Ryan Stines,ATL,Atlas,1,M,Midfield,2026-07-11,2026-07-11,3.0,3.0,3.0,0.0,3.0,0.0,9.0,5,1.0,0.0,0.0,0.0,0.0,0.0,3.0,4.0,0.0,0,0,0,0.0,0.0,0.0,0.0,0.0,32.0,19.0,0.3333333333333333,0.5555555555555556,,,,,,0.0,3.0,3.0,3.0,0.0,3.0,0.0,9.0,5.0,1.0,0.0,0.0,0.0,0.0,0.0,3.0,4.0,0.0,0.0,0.0,0.0,0.0,0.0,0.0,0.0,0.0,32.0,19.0,0.0
003248,Ryan Stines,CAN,Cannons,1,A,Attack,2026-08-01,2026-08-01,0.0,0.0,0.0,0.0,0.0,0.0,7.0,2,0.0,0.0,0.0,0.0,0.0,0.0,0.0,1.0,0.0,0,0,0,0.0,0.0,0.0,0.0,0.0,26.0,18.0,0.0,0.2857142857142857,,,,,,,0.0,0.0,0.0,0.0,0.0,0.0,7.0,2.0,0.0,0.0,0.0,0.0,0.0,0.0,0.0,1.0,0.0,0.0,0.0,0.0,0.0,0.0,0.0,0.0,0.0,26.0,18.0,0.0
003248,Ryan Stines,CHA,Chaos,2,A,Attack,2026-06-05,2026-08-08,4.0,3.0,3.0,0.0,3.0,1.0,13.0,11,0.0,0.0,0.0,0.0,0.0,0.0,3.0,3.0,0.0,0,0,0,0.0,0.0,0.0,0.0,5.0,70.0,54.0,0.23076923076923078,0.8461538461538461,,,,,0.2,,2.0,1.5,1.5,0.0,1.5,0.5,6.5,5.5,0.0,0.0,0.0,0.0,0.0,0.0,1.5,1.5,0.0,0.0,0.0,0.0,0.0,0.0,0.0,0.0,2.5,35.0,27.0,2.5
003248,Ryan Stines,OUT,Outlaws,2,A,Attack,2026-05-09,2026-07-25,7.0,3.0,3.0,0.0,3.0,4.0,7.0,3,1.0,0.0,0.0,0.0,0.0,0.0,2.0,2.0,0.0,0,0,0,0.0,0.0,0.0,0.0,5.0,68.0,59.0,0.42857142857142855,0.42857142857142855,,,,,0.8,0.0,3.5,1.5,1.5,0.0,1.5,2.0,3.5,1.5,0.5,0.0,0.0,0.0,0.0,0.0,1.0,1.0,0.0,0.0,0.0,0.0,0.0,0.0,0.0,0.0,2.5,34.0,29.5,2.5
003248,Ryan Stines,RED,Redwoods,2,A,Attack,2026-05-09,2026-06-20,5.0,3.0,3.0,0.0,3.0,2.0,11.0,7,0.0,0.0,0.0,0.0,0.0,0.0,1.0,3.0,1.0,0,0,0,0.0,0.0,0.0,0.0,6.0,51.0,37.0,0.2727272727272727,0.6363636363636364,,,,,0.3333333333333333,,2.5,1.5,1.5,0.0,1.5,1.0,5.5,3.5,0.0,0.0,0.0,0.0,0.0,0.0,0.5,1.5,0.5,0.0,0.0,0.0,0.0,0.0,0.0,0.0,3.0,25.5,18.5,3.0
003248,Ryan Stines,WAT,Waterdogs,2,M,Midfield,2026-06-28,2026-07-18,8.0,3.0,3.0,0.0,3.0,5.0,6.0,6,0.0,0.0,0.0,0.0,0.0,0.0,1.0,2.0,0.0,0,0,0,0.0,0.0,1.0,0.5,10.0,47.0,39.0,0.5,1.0,,,,,0.5,,4.0,1.5,1.5,0.0,1.5,2.5,3.0,3.0,0.0,0.0,0.0,0.0,0.0,0.0,0.5,1.0,0.0,0.0,0.0,0.0,0.0,0.0,0.5,0.25,5.0,23.5,19.5,5.0
003248,Ryan Stines,WHP,Whipsnakes,2,M,Midfield,2026-05-30,2026-07-25,3.0,3.0,3.0,0.0,3.0,0.0,7.0,5,0.0,0.0,0.0,0.0,0.0,0.0,2.0,3.0,0.0,0,0,0,0.0,0.0,0.0,0.0,1.0,40.0,30.0,0.42857142857142855,0.7142857142857143,,,,,0.0,,1.5,1.5,1.5,0.0,1.5,0.0,3.5,2.5,0.0,0.0,0.0,0.0,0.0,0.0,1.0,1.5,0.0,0.0,0.0,0.0,0.0,0.0,0.0,0.0,0.5,20.0,15.0,0.5
003249,Logan Ip,CHA,Chaos,1,M,Midfield,2026-07-25,2026-07-25,1.0,1.0,1.0,0.0,1.0,0.0,5.0,3,0.0,0.0,0.0,0.0,0.0,0.0,0.0,1.0,0.0,0,0,0,0.0,0.0,0.0,0.0,2.0,19.0,13.0,0.2,0.6,,,,,0.0,,1.0,1.0,1.0,0.0,1.0,0.0,5.0,3.0,0.0,0.0,0.0,0.0,0.0,0.0,0.0,1.0,0.0,0.0,0.0,0.0,0.0,0.0,0.0,0.0,2.0,19.0,13.0,2.0
003249,Logan Ip,RED,Redwoods,1,M,Midfield,2026-06-28,2026-06-28,0.0,0.0,0.0,0.0,0.0,0.0,2.0,2,0.0,0.0,0.0,0.0,0.0,0.0,0.0,0.0,0.0,0,0,0,0.0,0.0,0.0,0.0,1.0,10.0,8.0,0.0,1.0,,,,,0.0,,0.0,0.0,0.0,0.0,0.0,0.0,2.0,2.0,0.0,0.0,0.0,0.0,0.0,0.0,0.0,0.0,0.0,0.0,0.0,0.0,0.0,0.0,0.0,0.0,1.0,10.0,8.0,1.0
003249,Logan Ip,WAT,Waterdogs,1,M,Midfield,2026-06-07,2026-06-07,0.0,0.0,0.0,0.0,0.0,0.0,3.0,2,0.0,0.0,0.0,0.0,0.0,0.0,0.0,0.0,0.0,0,0,0,0.0,0.0,0.0,0.0,1.0,12.0,9.0,0.0,0.6666666666666666,,,,,0.0,,0.0,0.0,0.0,0.0,0.0,0.0,3.0,2.0,0.0,0.0,0.0,0.0,0.0,0.0,0.0,0.0,0.0,0.0,0.0,0.0,0.0,0.0,0.0,0.0,1.0,12.0,9.0,1.0
003250,Eric Spanos,ARC,Archers,1,M,Midfield,2026-06-05,2026-06-05,1.0,1.0,1.0,0.0,1.0,0.0,4.0,4,1.0,0.0,0.0,0.0,0.0,0.0,0.0,0.0,0.0,0,0,0,0.0,0.0,0.0,0.0,0.0,12.0,8.0,0.25,1.0,,,,,,0.0,1.0,1.0,1.0,0.0,1.0,0.0,4.0,4.0,1.0,0.0,0.0,0.0,0.0,0.0,0.0,0.0,0.0,0.0,0.0,0.0,0.0,0.0,0.0,0.0,0.0,12.0,8.0,0.0
003250,Eric Spanos,ATL,Atlas,1,M,Midfield,2026-05-09,2026-05-09,0.0,0.0,0.0,0.0,0.0,0.0,4.0,4,0.0,0.0,0.0,0.0,0.0,0.0,2.0,1.0,0.0,0,0,0,0.0,0.0,0.0,0.0,0.0,11.0,6.0,0.0,1.0,,,,,,,0.0,0.0,0.0,0.0,0.0,0.0,4.0,4.0,0.0,0.0,0.0,0.0,0.0,0.0,2.0,1.0,0.0,0.0,0.0,0.0,0.0,0.0,0.0,0.0,0.0,11.0,6.0,0.0
003250,Eric Spanos,CAN,Cannons,2,M,Midfield,2026-05-15,2026-07-25,3.0,2.0,2.0,0.0,2.0,1.0,9.0,8,1.0,0.0,0.0,0.0,0.0,0.0,2.0,2.0,0.0,0,0,0,0.0,0.0,0.0,0.0,4.0,36.0,25.0,0.2222222222222222,0.8888888888888888,,,,,0.25,0.0,1.5,1.0,1.0,0.0,1.0,0.5,4.5,4.0,0.5,0.0,0.0,0.0,0.0,0.0,1.0,1.0,0.0,0.0,0.0,0.0,0.0,0.0,0.0,0.0,2.0,18.0,12.5,2.0
003250,Eric Spanos,OUT,Outlaws,2,M,Midfield,2026-06-06,2026-07-18,3.0,3.0,3.0,0.0,3.0,0.0,13.0,8,0.0,0.0,0.0,0.0,0.0,0.0,3.0,3.0,0.0,0,0,0,0.0,0.0,0.0,0.0,1.0,44.0,28.0,0.23076923076923078,0.6153846153846154,,,,,0.0,,1.5,1.5,1.5,0.0,1.5,0.0,6.5,4.0,0.0,0.0,0.0,0.0,0.0,0.0,1.5,1.5,0.0,0.0,0.0,0.0,0.0,0.0,0.0,0.0,0.5,22.0,14.0,0.5
003250,Eric Spanos,RED,Redwoods,1,M,Midfield,2026-06-28,2026-06-28,2.0,2.0,2.0,0.0,2.0,0.0,2.0,2,0.0,0.0,0.0,0.0,0.0,0.0,0.0,1.0,0.0,0,0,0,0.0,0.0,0.0,0.0,0.0,8.0,5.0,1.0,1.0,,,,,,,2.0,2.0,2.0,0.0,2.0,0.0,2.0,2.0,0.0,0.0,0.0,0.0,0.0,0.0,0.0,1.0,0.0,0.0,0.0,0.0,0.0,0.0,0.0,0.0,0.0,8.0,5.0,0.0
003250,Eric Spanos,WAT,Waterdogs,1,A,Attack,2026-05-31,2026-05-31,0.0,0.0,0.0,0.0,0.0,0.0,0.0,0,0.0,0.0,0.0,0.0,0.0,0.0,0.0,0.0,0.0,0,0,0,0.0,0.0,0.0,0.0,0.0,13.0,13.0,,,,,,,,,0.0,0.0,0.0,0.0,0.0,0.0,0.0,0.0,0.0,0.0,0.0,0.0,0.0,0.0,0.0,0.0,0.0,0.0,0.0,0.0,0.0,0.0,0.0,0.0,0.0,13.0,13.0,0.0
003250,Eric Spanos,WHP,Whipsnakes,1,M,Midfield,2026-07-12,2026-07-12,3.0,3.0,3.0,0.0,3.0,0.0,6.0,5,0.0,0.0,0.0,0.0,0.0,0.0,2.0,2.0,0.0,0,0,0,0.0,0.0,0.0,0.0,2.0,28.0,20.0,0.5,0.8333333333333334,,,,,0.0,,3.0,3.0,3.0,0.0,3.0,0.0,6.0,5.0,0.0,0.0,0.0,0.0,0.0,0.0,2.0,2.0,0.0,0.0,0.0,0.0,0.0,0.0,0.0,0.0,2.0,28.0,20.0,2.0
003251,Nikko DiPonio,CHA,Chaos,1,D,Defense,2026-05-09,2026-05-09,0.0,0.0,0.0,0.0,0.0,0.0,0.0,0,0.0,0.0,0.0,0.0,0.0,0.0,2.0,0.0,1.0,0,0,0,0.0,0.0,0.0,0.0,0.0,9.0,9.0,,,,,,,,,0.0,0.0,0.0,0.0,0.0,0.0,0.0,0.0,0.0,0.0,0.0,0.0,0.0,0.0,2.0,0.0,1.0,0.0,0.0,0.0,0.0,0.0,0.0,0.0,0.0,9.0,9.0,0.0
003251,Nikko DiPonio,WHP,Whipsnakes,1,D,Defense,2026-05-16,2026-05-16,0.0,0.0,0.0,0.0,0.0,0.0,1.0,0,0.0,0.0,0.0,0.0,0.0,0.0,4.0,0.0,0.0,0,0,0,0.0,0.0,0.0,0.0,0.0,6.0,5.0,0.0,0.0,,,,,,,0.0,0.0,0.0,0.0,0.0,0.0,1.0,0.0,0.0,0.0,0.0,0.0,0.0,0.0,4.0,0.0,0.0,0.0,0.0,0.0,0.0,0.0,0.0,0.0,0.0,6.0,5.0,0.0
003252,Leo Johnson,ATL,Atlas,1,M,Midfield,2026-07-11,2026-07-11,2.0,2.0,2.0,0.0,2.0,0.0,2.0,2,0.0,0.0,0.0,0.0,0.0,0.0,1.0,3.0,0.0,0,0,0,0.0,0.0,0.0,0.0,0.0,15.0,10.0,1.0,1.0,,,,,,,2.0,2.0,2.0,0.0,2.0,0.0,2.0,2.0,0.0,0.0,0.0,0.0,0.0,0.0,1.0,3.0,0.0,0.0,0.0,0.0,0.0,0.0,0.0,0.0,0.0,15.0,10.0,0.0
003252,Leo Johnson,CAN,Cannons,1,M,Midfield,2026-08-01,2026-08-01,1.0,0.0,0.0,0.0,0.0,1.0,5.0,2,0.0,0.0,0.0,0.0,0.0,0.0,1.0,2.0,0.0,0,0,0,0.0,0.0,0.0,0.0,2.0,17.0,10.0,0.0,0.4,,,,,0.5,,1.0,0.0,0.0,0.0,0.0,1.0,5.0,2.0,0.0,0.0,0.0,0.0,0.0,0.0,1.0,2.0,0.0,0.0,0.0,0.0,0.0,0.0,0.0,0.0,2.0,17.0,10.0,2.0
003252,Leo Johnson,CHA,Chaos,2,M,Midfield,2026-06-05,2026-08-08,3.0,2.0,2.0,0.0,2.0,1.0,12.0,5,0.0,0.0,0.0,0.0,0.0,0.0,2.0,4.0,0.0,0,0,0,0.0,0.0,0.0,0.0,5.0,40.0,24.0,0.16666666666666666,0.4166666666666667,,,,,0.2,,1.5,1.0,1.0,0.0,1.0,0.5,6.0,2.5,0.0,0.0,0.0,0.0,0.0,0.0,1.0,2.0,0.0,0.0,0.0,0.0,0.0,0.0,0.0,0.0,2.5,20.0,12.0,2.5
003252,Leo Johnson,OUT,Outlaws,1,M,Midfield,2026-07-25,2026-07-25,2.0,0.0,0.0,0.0,0.0,2.0,4.0,0,0.0,0.0,0.0,0.0,0.0,0.0,1.0,0.0,0.0,0,0,0,0.0,0.0,0.0,0.0,2.0,16.0,12.0,0.0,0.0,,,,,1.0,,2.0,0.0,0.0,0.0,0.0,2.0,4.0,0.0,0.0,0.0,0.0,0.0,0.0,0.0,1.0,0.0,0.0,0.0,0.0,0.0,0.0,0.0,0.0,0.0,2.0,16.0,12.0,2.0
003252,Leo Johnson,RED,Redwoods,1,M,Midfield,2026-06-20,2026-06-20,4.0,4.0,4.0,0.0,4.0,0.0,10.0,7,0.0,0.0,0.0,0.0,0.0,0.0,1.0,0.0,0.0,0,0,0,0.0,0.0,0.0,0.0,1.0,15.0,5.0,0.4,0.7,,,,,0.0,,4.0,4.0,4.0,0.0,4.0,0.0,10.0,7.0,0.0,0.0,0.0,0.0,0.0,0.0,1.0,0.0,0.0,0.0,0.0,0.0,0.0,0.0,0.0,0.0,1.0,15.0,5.0,1.0
003252,Leo Johnson,WAT,Waterdogs,2,M,Midfield,2026-06-28,2026-07-18,2.0,0.0,0.0,0.0,0.0,2.0,6.0,3,0.0,0.0,0.0,0.0,0.0,0.0,1.0,3.0,0.0,0,0,0,0.0,0.0,0.0,0.0,3.0,31.0,22.0,0.0,0.5,,,,,0.6666666666666666,,1.0,0.0,0.0,0.0,0.0,1.0,3.0,1.5,0.0,0.0,0.0,0.0,0.0,0.0,0.5,1.5,0.0,0.0,0.0,0.0,0.0,0.0,0.0,0.0,1.5,15.5,11.0,1.5
003252,Leo Johnson,WHP,Whipsnakes,1,M,Midfield,2026-07-25,2026-07-25,0.0,0.0,0.0,0.0,0.0,0.0,5.0,3,0.0,0.0,0.0,0.0,0.0,0.0,0.0,0.0,0.0,0,0,0,0.0,0.0,0.0,0.0,2.0,20.0,15.0,0.0,0.6,,,,,0.0,,0.0,0.0,0.0,0.0,0.0,0.0,5.0,3.0,0.0,0.0,0.0,0.0,0.0,0.0,0.0,0.0,0.0,0.0,0.0,0.0,0.0,0.0,0.0,0.0,2.0,20.0,15.0,2.0
003253,Marcus Wertheim,ARC,Archers,1,M,Midfield,2026-05-09,2026-05-09,0.0,0.0,0.0,0.0,0.0,0.0,5.0,3,0.0,0.0,0.0,0.0,0.0,0.0,1.0,0.0,0.0,0,0,0,0.0,0.0,0.0,0.0,1.0,31.0,26.0,0.0,0.6,,,,,0.0,,0.0,0.0,0.0,0.0,0.0,0.0,5.0,3.0,0.0,0.0,0.0,0.0,0.0,0.0,1.0,0.0,0.0,0.0,0.0,0.0,0.0,0.0,0.0,0.0,1.0,31.0,26.0,1.0
003253,Marcus Wertheim,OUT,Outlaws,1,M,Midfield,2026-05-16,2026-05-16,1.0,0.0,0.0,0.0,0.0,1.0,2.0,0,0.0,0.0,0.0,0.0,0.0,0.0,0.0,2.0,0.0,0,0,0,0.0,0.0,0.0,0.0,2.0,17.0,13.0,0.0,0.0,,,,,0.5,,1.0,0.0,0.0,0.0,0.0,1.0,2.0,0.0,0.0,0.0,0.0,0.0,0.0,0.0,0.0,2.0,0.0,0.0,0.0,0.0,0.0,0.0,0.0,0.0,2.0,17.0,13.0,2.0
003254,Peter Detwiler,ARC,Archers,2,SSDM,Defensive Midfield,2026-06-05,2026-08-08,0.0,0.0,0.0,0.0,0.0,0.0,1.0,1,0.0,0.0,0.0,0.0,0.0,0.0,1.0,0.0,1.0,0,0,0,0.0,0.0,2.0,1.0,2.0,16.0,15.0,0.0,1.0,,,,,0.0,,0.0,0.0,0.0,0.0,0.0,0.0,0.5,0.5,0.0,0.0,0.0,0.0,0.0,0.0,0.5,0.0,0.5,0.0,0.0,0.0,0.0,0.0,1.0,0.5,1.0,8.0,7.5,1.0
003254,Peter Detwiler,ATL,Atlas,1,SSDM,Defensive Midfield,2026-05-09,2026-05-09,1.0,1.0,1.0,0.0,1.0,0.0,1.0,1,0.0,0.0,0.0,0.0,0.0,0.0,2.0,1.0,0.0,0,0,0,0.0,0.0,0.0,0.0,0.0,10.0,8.0,1.0,1.0,,,,,,,1.0,1.0,1.0,0.0,1.0,0.0,1.0,1.0,0.0,0.0,0.0,0.0,0.0,0.0,2.0,1.0,0.0,0.0,0.0,0.0,0.0,0.0,0.0,0.0,0.0,10.0,8.0,0.0
003254,Peter Detwiler,CAN,Cannons,2,SSDM,Defensive Midfield,2026-05-15,2026-07-25,0.0,0.0,0.0,0.0,0.0,0.0,1.0,1,0.0,0.0,0.0,0.0,0.0,0.0,4.0,2.0,0.0,0,0,0,0.0,0.0,0.0,0.0,0.0,16.0,13.0,0.0,1.0,,,,,,,0.0,0.0,0.0,0.0,0.0,0.0,0.5,0.5,0.0,0.0,0.0,0.0,0.0,0.0,2.0,1.0,0.0,0.0,0.0,0.0,0.0,0.0,0.0,0.0,0.0,8.0,6.5,0.0
003254,Peter Detwiler,OUT,Outlaws,2,SSDM,Defensive Midfield,2026-06-06,2026-07-18,0.0,0.0,0.0,0.0,0.0,0.0,0.0,0,0.0,0.0,0.0,0.0,0.0,0.0,1.0,0.0,0.0,0,0,0,0.0,0.0,1.0,0.5,0.0,12.0,12.0,,,,,,,,,0.0,0.0,0.0,0.0,0.0,0.0,0.0,0.0,0.0,0.0,0.0,0.0,0.0,0.0,0.5,0.0,0.0,0.0,0.0,0.0,0.0,0.0,0.5,0.25,0.0,6.0,6.0,0.0
003254,Peter Detwiler,RED,Redwoods,2,SSDM,Defensive Midfield,2026-06-28,2026-07-31,0.0,0.0,0.0,0.0,0.0,0.0,0.0,0,0.0,0.0,0.0,0.0,0.0,0.0,1.0,0.0,1.0,0,2,2,0.0,0.0,0.0,0.0,3.0,13.0,13.0,,,0.0,,,,0.0,,0.0,0.0,0.0,0.0,0.0,0.0,0.0,0.0,0.0,0.0,0.0,0.0,0.0,0.0,0.5,0.0,0.5,0.0,1.0,1.0,0.0,0.0,0.0,0.0,1.5,6.5,6.5,1.5
003254,Peter Detwiler,WAT,Waterdogs,2,SSDM,Defensive Midfield,2026-05-31,2026-08-01,1.0,1.0,1.0,0.0,1.0,0.0,1.0,1,0.0,0.0,0.0,0.0,0.0,0.0,6.0,0.0,0.0,2,3,6,0.0,0.0,0.0,0.0,0.0,14.0,13.0,1.0,1.0,0.3333333333333333,,,,,,0.5,0.5,0.5,0.0,0.5,0.0,0.5,0.5,0.0,0.0,0.0,0.0,0.0,0.0,3.0,0.0,0.0,1.0,1.5,3.0,0.0,0.0,0.0,0.0,0.0,7.0,6.5,0.0
003254,Peter Detwiler,WHP,Whipsnakes,1,SSDM,Defensive Midfield,2026-07-12,2026-07-12,0.0,0.0,0.0,0.0,0.0,0.0,1.0,1,0.0,0.0,0.0,0.0,0.0,0.0,1.0,0.0,0.0,0,0,0,0.0,0.0,0.0,0.0,1.0,7.0,6.0,0.0,1.0,,,,,0.0,,0.0,0.0,0.0,0.0,0.0,0.0,1.0,1.0,0.0,0.0,0.0,0.0,0.0,0.0,1.0,0.0,0.0,0.0,0.0,0.0,0.0,0.0,0.0,0.0,1.0,7.0,6.0,1.0
003255,Joe Juengerkes,ARC,Archers,1,SSDM,Defensive Midfield,2026-05-30,2026-05-30,0.0,0.0,0.0,0.0,0.0,0.0,0.0,0,0.0,0.0,0.0,0.0,0.0,0.0,1.0,0.0,0.0,0,0,0,0.0,0.0,1.0,1.0,0.0,11.0,11.0,,,,,,,,,0.0,0.0,0.0,0.0,0.0,0.0,0.0,0.0,0.0,0.0,0.0,0.0,0.0,0.0,1.0,0.0,0.0,0.0,0.0,0.0,0.0,0.0,1.0,1.0,0.0,11.0,11.0,0.0
003255,Joe Juengerkes,ATL,Atlas,2,SSDM,Defensive Midfield,2026-05-16,2026-06-21,1.0,0.0,0.0,0.0,0.0,1.0,0.0,0,0.0,0.0,0.0,0.0,0.0,0.0,1.0,1.0,0.0,0,2,2,0.0,0.0,0.0,0.0,1.0,14.0,13.0,,,0.0,,,,1.0,,0.5,0.0,0.0,0.0,0.0,0.5,0.0,0.0,0.0,0.0,0.0,0.0,0.0,0.0,0.5,0.5,0.0,0.0,1.0,1.0,0.0,0.0,0.0,0.0,0.5,7.0,6.5,0.5
003255,Joe Juengerkes,CAN,Cannons,2,SSDM,Defensive Midfield,2026-05-29,2026-08-07,0.0,0.0,0.0,0.0,0.0,0.0,0.0,0,0.0,0.0,0.0,0.0,0.0,0.0,0.0,1.0,0.0,0,3,3,0.0,0.0,0.0,0.0,0.0,12.0,11.0,,,0.0,,,,,,0.0,0.0,0.0,0.0,0.0,0.0,0.0,0.0,0.0,0.0,0.0,0.0,0.0,0.0,0.0,0.5,0.0,0.0,1.5,1.5,0.0,0.0,0.0,0.0,0.0,6.0,5.5,0.0
003255,Joe Juengerkes,OUT,Outlaws,1,SSDM,Defensive Midfield,2026-08-01,2026-08-01,0.0,0.0,0.0,0.0,0.0,0.0,0.0,0,0.0,0.0,0.0,0.0,0.0,0.0,1.0,0.0,1.0,1,12,13,0.0,0.0,0.0,0.0,0.0,8.0,8.0,,,0.07692307692307693,,,,,,0.0,0.0,0.0,0.0,0.0,0.0,0.0,0.0,0.0,0.0,0.0,0.0,0.0,0.0,1.0,0.0,1.0,1.0,12.0,13.0,0.0,0.0,0.0,0.0,0.0,8.0,8.0,0.0
003255,Joe Juengerkes,WAT,Waterdogs,1,SSDM,Defensive Midfield,2026-05-09,2026-05-09,1.0,0.0,0.0,0.0,0.0,1.0,0.0,0,0.0,0.0,0.0,0.0,0.0,0.0,1.0,0.0,0.0,0,1,1,0.0,0.0,0.0,0.0,1.0,3.0,3.0,,,0.0,,,,1.0,,1.0,0.0,0.0,0.0,0.0,1.0,0.0,0.0,0.0,0.0,0.0,0.0,0.0,0.0,1.0,0.0,0.0,0.0,1.0,1.0,0.0,0.0,0.0,0.0,1.0,3.0,3.0,1.0
003256,Nolan Byrne,ATL,Atlas,1,M,Midfield,2026-08-08,2026-08-08,1.0,0.0,0.0,0.0,0.0,1.0,4.0,2,0.0,0.0,0.0,0.0,0.0,0.0,1.0,1.0,0.0,0,0,0,0.0,0.0,0.0,0.0,1.0,20.0,15.0,0.0,0.5,,,,,1.0,,1.0,0.0,0.0,0.0,0.0,1.0,4.0,2.0,0.0,0.0,0.0,0.0,0.0,0.0,1.0,1.0,0.0,0.0,0.0,0.0,0.0,0.0,0.0,0.0,1.0,20.0,15.0,1.0
003256,Nolan Byrne,WAT,Waterdogs,1,M,Midfield,2026-07-26,2026-07-26,2.0,2.0,2.0,0.0,2.0,0.0,5.0,4,0.0,0.0,0.0,0.0,0.0,0.0,0.0,1.0,0.0,0,0,0,0.0,0.0,0.0,0.0,0.0,11.0,5.0,0.4,0.8,,,,,,,2.0,2.0,2.0,0.0,2.0,0.0,5.0,4.0,0.0,0.0,0.0,0.0,0.0,0.0,0.0,1.0,0.0,0.0,0.0,0.0,0.0,0.0,0.0,0.0,0.0,11.0,5.0,0.0
003256,Nolan Byrne,WHP,Whipsnakes,1,M,Midfield,2026-08-01,2026-08-01,1.0,1.0,1.0,0.0,1.0,0.0,2.0,2,0.0,0.0,0.0,0.0,0.0,0.0,1.0,4.0,0.0,0,0,0,0.0,0.0,0.0,0.0,0.0,10.0,4.0,0.5,1.0,,,,,,,1.0,1.0,1.0,0.0,1.0,0.0,2.0,2.0,0.0,0.0,0.0,0.0,0.0,0.0,1.0,4.0,0.0,0.0,0.0,0.0,0.0,0.0,0.0,0.0,0.0,10.0,4.0,0.0
003257,Teddy Malone,ARC,Archers,1,M,Midfield,2026-08-08,2026-08-08,4.0,3.0,3.0,0.0,3.0,1.0,5.0,5,0.0,0.0,0.0,0.0,0.0,0.0,2.0,3.0,0.0,0,0,0,0.0,0.0,0.0,0.0,1.0,32.0,24.0,0.6,1.0,,,,,1.0,,4.0,3.0,3.0,0.0,3.0,1.0,5.0,5.0,0.0,0.0,0.0,0.0,0.0,0.0,2.0,3.0,0.0,0.0,0.0,0.0,0.0,0.0,0.0,0.0,1.0,32.0,24.0,1.0
003257,Teddy Malone,ATL,Atlas,1,M,Midfield,2026-05-09,2026-05-09,1.0,1.0,1.0,0.0,1.0,0.0,2.0,1,0.0,0.0,0.0,0.0,0.0,0.0,1.0,0.0,0.0,0,0,0,0.0,0.0,0.0,0.0,0.0,5.0,3.0,0.5,0.5,,,,,,,1.0,1.0,1.0,0.0,1.0,0.0,2.0,1.0,0.0,0.0,0.0,0.0,0.0,0.0,1.0,0.0,0.0,0.0,0.0,0.0,0.0,0.0,0.0,0.0,0.0,5.0,3.0,0.0
003257,Teddy Malone,CAN,Cannons,2,M,Midfield,2026-05-15,2026-07-25,7.0,5.0,5.0,0.0,5.0,2.0,10.0,6,0.0,0.0,0.0,0.0,0.0,0.0,0.0,4.0,0.0,0,0,0,0.0,0.0,0.0,0.0,2.0,53.0,39.0,0.5,0.6,,,,,1.0,,3.5,2.5,2.5,0.0,2.5,1.0,5.0,3.0,0.0,0.0,0.0,0.0,0.0,0.0,0.0,2.0,0.0,0.0,0.0,0.0,0.0,0.0,0.0,0.0,1.0,26.5,19.5,1.0
003257,Teddy Malone,OUT,Outlaws,2,M,Midfield,2026-06-06,2026-07-18,5.0,2.0,2.0,0.0,2.0,3.0,5.0,4,0.0,0.0,0.0,0.0,0.0,0.0,1.0,3.0,1.0,0,0,0,0.0,0.0,0.0,0.0,4.0,42.0,34.0,0.4,0.8,,,,,0.75,,2.5,1.0,1.0,0.0,1.0,1.5,2.5,2.0,0.0,0.0,0.0,0.0,0.0,0.0,0.5,1.5,0.5,0.0,0.0,0.0,0.0,0.0,0.0,0.0,2.0,21.0,17.0,2.0
003257,Teddy Malone,RED,Redwoods,1,M,Midfield,2026-07-31,2026-07-31,2.0,2.0,2.0,0.0,2.0,0.0,4.0,3,0.0,0.0,0.0,0.0,0.0,0.0,0.0,0.0,0.0,0,0,0,0.0,0.0,0.0,0.0,2.0,19.0,15.0,0.5,0.75,,,,,0.0,,2.0,2.0,2.0,0.0,2.0,0.0,4.0,3.0,0.0,0.0,0.0,0.0,0.0,0.0,0.0,0.0,0.0,0.0,0.0,0.0,0.0,0.0,0.0,0.0,2.0,19.0,15.0,2.0
003257,Teddy Malone,WAT,Waterdogs,2,A,Attack,2026-05-31,2026-08-01,3.0,2.0,2.0,0.0,2.0,1.0,9.0,5,0.0,0.0,0.0,0.0,0.0,0.0,0.0,1.0,0.0,0,0,0,0.0,0.0,0.0,0.0,2.0,32.0,22.0,0.2222222222222222,0.5555555555555556,,,,,0.5,,1.5,1.0,1.0,0.0,1.0,0.5,4.5,2.5,0.0,0.0,0.0,0.0,0.0,0.0,0.0,0.5,0.0,0.0,0.0,0.0,0.0,0.0,0.0,0.0,1.0,16.0,11.0,1.0
003257,Teddy Malone,WHP,Whipsnakes,1,M,Midfield,2026-07-12,2026-07-12,2.0,1.0,1.0,0.0,1.0,1.0,5.0,2,0.0,0.0,0.0,0.0,0.0,0.0,1.0,0.0,0.0,0,0,0,0.0,0.0,0.0,0.0,1.0,33.0,28.0,0.2,0.4,,,,,1.0,,2.0,1.0,1.0,0.0,1.0,1.0,5.0,2.0,0.0,0.0,0.0,0.0,0.0,0.0,1.0,0.0,0.0,0.0,0.0,0.0,0.0,0.0,0.0,0.0,1.0,33.0,28.0,1.0
003259,Liam Kammar,CAN,Cannons,1,SSDM,Defensive Midfield,2026-06-19,2026-06-19,0.0,0.0,0.0,0.0,0.0,0.0,0.0,0,0.0,0.0,0.0,0.0,0.0,0.0,1.0,0.0,0.0,0,0,0,0.0,0.0,0.0,0.0,0.0,6.0,6.0,,,,,,,,,0.0,0.0,0.0,0.0,0.0,0.0,0.0,0.0,0.0,0.0,0.0,0.0,0.0,0.0,1.0,0.0,0.0,0.0,0.0,0.0,0.0,0.0,0.0,0.0,0.0,6.0,6.0,0.0
003259,Liam Kammar,CHA,Chaos,1,SSDM,Defensive Midfield,2026-05-09,2026-05-09,0.0,0.0,0.0,0.0,0.0,0.0,0.0,0,0.0,0.0,0.0,0.0,0.0,0.0,1.0,0.0,1.0,0,0,0,0.0,0.0,0.0,0.0,0.0,2.0,2.0,,,,,,,,,0.0,0.0,0.0,0.0,0.0,0.0,0.0,0.0,0.0,0.0,0.0,0.0,0.0,0.0,1.0,0.0,1.0,0.0,0.0,0.0,0.0,0.0,0.0,0.0,0.0,2.0,2.0,0.0
003259,Liam Kammar,OUT,Outlaws,2,SSDM,Defensive Midfield,2026-05-30,2026-08-08,0.0,0.0,0.0,0.0,0.0,0.0,0.0,0,0.0,0.0,0.0,0.0,0.0,0.0,0.0,0.0,0.0,0,0,0,0.0,0.0,0.0,0.0,0.0,6.0,6.0,,,,,,,,,0.0,0.0,0.0,0.0,0.0,0.0,0.0,0.0,0.0,0.0,0.0,0.0,0.0,0.0,0.0,0.0,0.0,0.0,0.0,0.0,0.0,0.0,0.0,0.0,0.0,3.0,3.0,0.0
003259,Liam Kammar,WHP,Whipsnakes,2,SSDM,Defensive Midfield,2026-05-16,2026-06-21,0.0,0.0,0.0,0.0,0.0,0.0,1.0,1,0.0,0.0,0.0,0.0,0.0,0.0,2.0,0.0,0.0,0,0,0,0.0,0.0,0.0,0.0,0.0,11.0,10.0,0.0,1.0,,,,,,,0.0,0.0,0.0,0.0,0.0,0.0,0.5,0.5,0.0,0.0,0.0,0.0,0.0,0.0,1.0,0.0,0.0,0.0,0.0,0.0,0.0,0.0,0.0,0.0,0.0,5.5,5.0,0.0
003260,Jack Pilling,ARC,Archers,1,SSDM,Defensive Midfield,2026-07-25,2026-07-25,0.0,0.0,0.0,0.0,0.0,0.0,0.0,0,0.0,0.0,0.0,0.0,0.0,0.0,1.0,0.0,0.0,0,6,6,0.0,0.0,1.0,0.5,0.0,4.0,4.0,,,0.0,,,,,,0.0,0.0,0.0,0.0,0.0,0.0,0.0,0.0,0.0,0.0,0.0,0.0,0.0,0.0,1.0,0.0,0.0,0.0,6.0,6.0,0.0,0.0,1.0,0.5,0.0,4.0,4.0,0.0
003260,Jack Pilling,ATL,Atlas,1,SSDM,Defensive Midfield,2026-05-16,2026-05-16,0.0,0.0,0.0,0.0,0.0,0.0,0.0,0,0.0,0.0,0.0,0.0,0.0,0.0,2.0,0.0,0.0,0,0,0,0.0,0.0,0.0,0.0,0.0,9.0,9.0,,,,,,,,,0.0,0.0,0.0,0.0,0.0,0.0,0.0,0.0,0.0,0.0,0.0,0.0,0.0,0.0,2.0,0.0,0.0,0.0,0.0,0.0,0.0,0.0,0.0,0.0,0.0,9.0,9.0,0.0
003260,Jack Pilling,CAN,Cannons,2,SSDM,Defensive Midfield,2026-05-29,2026-08-07,0.0,0.0,0.0,0.0,0.0,0.0,1.0,0,0.0,0.0,0.0,0.0,0.0,0.0,5.0,1.0,1.0,0,0,0,0.0,0.0,0.0,0.0,0.0,13.0,11.0,0.0,0.0,,,,,,,0.0,0.0,0.0,0.0,0.0,0.0,0.5,0.0,0.0,0.0,0.0,0.0,0.0,0.0,2.5,0.5,0.5,0.0,0.0,0.0,0.0,0.0,0.0,0.0,0.0,6.5,5.5,0.0
003260,Jack Pilling,OUT,Outlaws,2,SSDM,Defensive Midfield,2026-06-27,2026-08-01,1.0,0.0,0.0,0.0,0.0,1.0,0.0,0,0.0,0.0,0.0,0.0,0.0,0.0,4.0,0.0,3.0,0,2,2,0.0,0.0,0.0,0.0,3.0,20.0,20.0,,,0.0,,,,0.3333333333333333,,0.5,0.0,0.0,0.0,0.0,0.5,0.0,0.0,0.0,0.0,0.0,0.0,0.0,0.0,2.0,0.0,1.5,0.0,1.0,1.0,0.0,0.0,0.0,0.0,1.5,10.0,10.0,1.5
003260,Jack Pilling,RED,Redwoods,1,SSDM,Defensive Midfield,2026-07-17,2026-07-17,0.0,0.0,0.0,0.0,0.0,0.0,0.0,0,0.0,0.0,0.0,0.0,0.0,0.0,1.0,0.0,0.0,0,0,0,0.0,0.0,0.0,0.0,0.0,4.0,4.0,,,,,,,,,0.0,0.0,0.0,0.0,0.0,0.0,0.0,0.0,0.0,0.0,0.0,0.0,0.0,0.0,1.0,0.0,0.0,0.0,0.0,0.0,0.0,0.0,0.0,0.0,0.0,4.0,4.0,0.0
003261,Truitt Sunderland,ARC,Archers,1,A,Attack,2026-05-30,2026-05-30,1.0,1.0,1.0,0.0,1.0,0.0,2.0,2,0.0,0.0,0.0,0.0,0.0,0.0,0.0,0.0,0.0,0,0,0,0.0,0.0,0.0,0.0,0.0,10.0,8.0,0.5,1.0,,,,,,,1.0,1.0,1.0,0.0,1.0,0.0,2.0,2.0,0.0,0.0,0.0,0.0,0.0,0.0,0.0,0.0,0.0,0.0,0.0,0.0,0.0,0.0,0.0,0.0,0.0,10.0,8.0,0.0
003261,Truitt Sunderland,ATL,Atlas,2,M,Midfield,2026-05-16,2026-06-21,4.0,3.0,3.0,0.0,3.0,1.0,7.0,6,0.0,0.0,0.0,0.0,0.0,0.0,0.0,2.0,0.0,0,0,0,0.0,0.0,0.0,0.0,5.0,31.0,22.0,0.42857142857142855,0.8571428571428571,,,,,0.2,,2.0,1.5,1.5,0.0,1.5,0.5,3.5,3.0,0.0,0.0,0.0,0.0,0.0,0.0,0.0,1.0,0.0,0.0,0.0,0.0,0.0,0.0,0.0,0.0,2.5,15.5,11.0,2.5
003261,Truitt Sunderland,CAN,Cannons,1,A,Attack,2026-05-29,2026-05-29,2.0,0.0,0.0,0.0,0.0,2.0,3.0,1,0.0,0.0,0.0,0.0,0.0,0.0,0.0,1.0,0.0,0,0,0,0.0,0.0,0.0,0.0,5.0,18.0,14.0,0.0,0.3333333333333333,,,,,0.4,,2.0,0.0,0.0,0.0,0.0,2.0,3.0,1.0,0.0,0.0,0.0,0.0,0.0,0.0,0.0,1.0,0.0,0.0,0.0,0.0,0.0,0.0,0.0,0.0,5.0,18.0,14.0,5.0
003261,Truitt Sunderland,OUT,Outlaws,2,M,Midfield,2026-06-27,2026-08-01,2.0,0.0,0.0,0.0,0.0,2.0,1.0,1,0.0,0.0,0.0,0.0,0.0,0.0,0.0,0.0,0.0,0,0,0,0.0,0.0,0.0,0.0,2.0,19.0,18.0,0.0,1.0,,,,,1.0,,1.0,0.0,0.0,0.0,0.0,1.0,0.5,0.5,0.0,0.0,0.0,0.0,0.0,0.0,0.0,0.0,0.0,0.0,0.0,0.0,0.0,0.0,0.0,0.0,1.0,9.5,9.0,1.0
003264,Sean Byrne,ARC,Archers,1,G,Goalie,2026-07-18,2026-07-18,0.0,0.0,0.0,0.0,0.0,0.0,0.0,0,0.0,8.0,5.0,3.0,13.0,20.075067024128685,0.0,0.0,0.0,0,0,0,11.0,2.0,0.0,0.0,0.0,9.0,9.0,,,,0.42105263157894735,62.5,0.2631578947368421,,,0.0,0.0,0.0,0.0,0.0,0.0,0.0,0.0,0.0,8.0,5.0,3.0,13.0,20.075067024128685,0.0,0.0,0.0,0.0,0.0,0.0,11.0,2.0,0.0,0.0,0.0,9.0,9.0,0.0
003264,Sean Byrne,ATL,Atlas,1,G,Goalie,2026-07-25,2026-07-25,0.0,0.0,0.0,0.0,0.0,0.0,0.0,0,0.0,9.0,4.0,5.0,10.0,10.0,4.0,0.0,0.0,0,0,0,9.0,1.0,0.0,0.0,0.0,14.0,14.0,,,,0.5,44.44444444444444,0.2222222222222222,,,0.0,0.0,0.0,0.0,0.0,0.0,0.0,0.0,0.0,9.0,4.0,5.0,10.0,10.0,4.0,0.0,0.0,0.0,0.0,0.0,9.0,1.0,0.0,0.0,0.0,14.0,14.0,0.0
003264,Sean Byrne,CAN,Cannons,1,G,Goalie,2026-05-17,2026-05-17,0.0,0.0,0.0,0.0,0.0,0.0,0.0,0,0.0,3.0,1.0,2.0,3.0,13.374613003095975,0.0,0.0,0.0,0,0,0,3.0,0.0,0.0,0.0,0.0,3.0,3.0,,,,0.5,33.33333333333333,0.16666666666666666,,,0.0,0.0,0.0,0.0,0.0,0.0,0.0,0.0,0.0,3.0,1.0,2.0,3.0,13.374613003095975,0.0,0.0,0.0,0.0,0.0,0.0,3.0,0.0,0.0,0.0,0.0,3.0,3.0,0.0
003264,Sean Byrne,CHA,Chaos,1,G,Goalie,2026-08-01,2026-08-01,0.0,0.0,0.0,0.0,0.0,0.0,0.0,0,0.0,11.0,6.0,5.0,4.0,4.268247499073731,3.0,1.0,0.0,0,0,0,4.0,0.0,0.0,0.0,0.0,23.0,22.0,,,,0.7333333333333333,54.54545454545454,0.4,,,0.0,0.0,0.0,0.0,0.0,0.0,0.0,0.0,0.0,11.0,6.0,5.0,4.0,4.268247499073731,3.0,1.0,0.0,0.0,0.0,0.0,4.0,0.0,0.0,0.0,0.0,23.0,22.0,0.0
003264,Sean Byrne,OUT,Outlaws,1,G,Goalie,2026-07-26,2026-07-26,0.0,0.0,0.0,0.0,0.0,0.0,0.0,0,0.0,15.0,6.0,9.0,8.0,8.517560073937153,1.0,0.0,1.0,0,0,0,7.0,1.0,0.0,0.0,0.0,20.0,20.0,,,,0.6818181818181818,40.0,0.2727272727272727,,,0.0,0.0,0.0,0.0,0.0,0.0,0.0,0.0,0.0,15.0,6.0,9.0,8.0,8.517560073937153,1.0,0.0,1.0,0.0,0.0,0.0,7.0,1.0,0.0,0.0,0.0,20.0,20.0,0.0
003266,Silas Richmond,ARC,Archers,1,A,Attack,2026-06-28,2026-06-28,0.0,0.0,0.0,0.0,0.0,0.0,0.0,0,0.0,0.0,0.0,0.0,0.0,0.0,0.0,0.0,1.0,0,0,0,0.0,0.0,0.0,0.0,1.0,5.0,5.0,,,,,,,0.0,,0.0,0.0,0.0,0.0,0.0,0.0,0.0,0.0,0.0,0.0,0.0,0.0,0.0,0.0,0.0,0.0,1.0,0.0,0.0,0.0,0.0,0.0,0.0,0.0,1.0,5.0,5.0,1.0
003266,Silas Richmond,ATL,Atlas,1,A,Attack,2026-07-25,2026-07-25,1.0,1.0,1.0,0.0,1.0,0.0,7.0,4,0.0,0.0,0.0,0.0,0.0,0.0,4.0,1.0,1.0,0,0,0,0.0,0.0,1.0,1.0,1.0,23.0,15.0,0.14285714285714285,0.5714285714285714,,,,,0.0,,1.0,1.0,1.0,0.0,1.0,0.0,7.0,4.0,0.0,0.0,0.0,0.0,0.0,0.0,4.0,1.0,1.0,0.0,0.0,0.0,0.0,0.0,1.0,1.0,1.0,23.0,15.0,1.0
003266,Silas Richmond,CHA,Chaos,1,A,Attack,2026-08-01,2026-08-01,1.0,1.0,1.0,0.0,1.0,0.0,3.0,1,0.0,0.0,0.0,0.0,0.0,0.0,0.0,0.0,0.0,0,0,0,0.0,0.0,0.0,0.0,0.0,15.0,12.0,0.3333333333333333,0.3333333333333333,,,,,,,1.0,1.0,1.0,0.0,1.0,0.0,3.0,1.0,0.0,0.0,0.0,0.0,0.0,0.0,0.0,0.0,0.0,0.0,0.0,0.0,0.0,0.0,0.0,0.0,0.0,15.0,12.0,0.0
003266,Silas Richmond,OUT,Outlaws,1,A,Attack,2026-07-26,2026-07-26,1.0,1.0,1.0,0.0,1.0,0.0,5.0,3,0.0,0.0,0.0,0.0,0.0,0.0,2.0,1.0,1.0,0,0,0,0.0,0.0,0.0,0.0,2.0,28.0,22.0,0.2,0.6,,,,,0.0,,1.0,1.0,1.0,0.0,1.0,0.0,5.0,3.0,0.0,0.0,0.0,0.0,0.0,0.0,2.0,1.0,1.0,0.0,0.0,0.0,0.0,0.0,0.0,0.0,2.0,28.0,22.0,2.0
003266,Silas Richmond,RED,Redwoods,1,A,Attack,2026-07-10,2026-07-10,1.0,1.0,1.0,0.0,1.0,0.0,3.0,1,0.0,0.0,0.0,0.0,0.0,0.0,1.0,1.0,0.0,0,0,0,0.0,0.0,0.0,0.0,0.0,10.0,6.0,0.3333333333333333,0.3333333333333333,,,,,,,1.0,1.0,1.0,0.0,1.0,0.0,3.0,1.0,0.0,0.0,0.0,0.0,0.0,0.0,1.0,1.0,0.0,0.0,0.0,0.0,0.0,0.0,0.0,0.0,0.0,10.0,6.0,0.0
003267,Mikey Weisshaar,ARC,Archers,1,M,Midfield,2026-08-01,2026-08-01,2.0,2.0,2.0,0.0,2.0,0.0,5.0,4,0.0,0.0,0.0,0.0,0.0,0.0,0.0,0.0,0.0,0,0,0,0.0,0.0,0.0,0.0,0.0,27.0,22.0,0.4,0.8,,,,,,,2.0,2.0,2.0,0.0,2.0,0.0,5.0,4.0,0.0,0.0,0.0,0.0,0.0,0.0,0.0,0.0,0.0,0.0,0.0,0.0,0.0,0.0,0.0,0.0,0.0,27.0,22.0,0.0
003267,Mikey Weisshaar,ATL,Atlas,2,M,Midfield,2026-06-19,2026-07-19,4.0,4.0,4.0,0.0,4.0,0.0,11.0,5,0.0,0.0,0.0,0.0,0.0,0.0,1.0,2.0,1.0,0,0,0,0.0,0.0,0.0,0.0,1.0,49.0,36.0,0.36363636363636365,0.45454545454545453,,,,,0.0,,2.0,2.0,2.0,0.0,2.0,0.0,5.5,2.5,0.0,0.0,0.0,0.0,0.0,0.0,0.5,1.0,0.5,0.0,0.0,0.0,0.0,0.0,0.0,0.0,0.5,24.5,18.0,0.5
003267,Mikey Weisshaar,CHA,Chaos,2,M,Midfield,2026-05-15,2026-07-25,4.0,4.0,4.0,0.0,4.0,0.0,12.0,8,1.0,0.0,0.0,0.0,0.0,0.0,5.0,4.0,0.0,0,0,0,0.0,0.0,0.0,0.0,2.0,44.0,28.0,0.3333333333333333,0.6666666666666666,,,,,0.0,0.0,2.0,2.0,2.0,0.0,2.0,0.0,6.0,4.0,0.5,0.0,0.0,0.0,0.0,0.0,2.5,2.0,0.0,0.0,0.0,0.0,0.0,0.0,0.0,0.0,1.0,22.0,14.0,1.0
003267,Mikey Weisshaar,OUT,Outlaws,1,M,Midfield,2026-07-11,2026-07-11,2.0,2.0,2.0,0.0,2.0,0.0,3.0,3,0.0,0.0,0.0,0.0,0.0,0.0,3.0,0.0,0.0,0,0,0,0.0,0.0,0.0,0.0,3.0,27.0,24.0,0.6666666666666666,1.0,,,,,0.0,,2.0,2.0,2.0,0.0,2.0,0.0,3.0,3.0,0.0,0.0,0.0,0.0,0.0,0.0,3.0,0.0,0.0,0.0,0.0,0.0,0.0,0.0,0.0,0.0,3.0,27.0,24.0,3.0
003267,Mikey Weisshaar,RED,Redwoods,2,M,Midfield,2026-06-28,2026-08-09,2.0,2.0,2.0,0.0,2.0,0.0,9.0,6,0.0,0.0,0.0,0.0,0.0,0.0,1.0,2.0,0.0,0,0,0,0.0,0.0,0.0,0.0,5.0,50.0,39.0,0.2222222222222222,0.6666666666666666,,,,,0.0,,1.0,1.0,1.0,0.0,1.0,0.0,4.5,3.0,0.0,0.0,0.0,0.0,0.0,0.0,0.5,1.0,0.0,0.0,0.0,0.0,0.0,0.0,0.0,0.0,2.5,25.0,19.5,2.5
003267,Mikey Weisshaar,WAT,Waterdogs,2,M,Midfield,2026-05-17,2026-06-07,4.0,3.0,3.0,0.0,3.0,1.0,8.0,6,0.0,0.0,0.0,0.0,0.0,0.0,1.0,6.0,0.0,0,0,0,0.0,0.0,0.0,0.0,2.0,50.0,36.0,0.375,0.75,,,,,0.5,,2.0,1.5,1.5,0.0,1.5,0.5,4.0,3.0,0.0,0.0,0.0,0.0,0.0,0.0,0.5,3.0,0.0,0.0,0.0,0.0,0.0,0.0,0.0,0.0,1.0,25.0,18.0,1.0
003267,Mikey Weisshaar,WHP,Whipsnakes,2,M,Midfield,2026-05-29,2026-08-07,2.0,1.0,1.0,0.0,1.0,1.0,5.0,2,0.0,0.0,0.0,0.0,0.0,0.0,3.0,3.0,1.0,0,0,0,0.0,0.0,0.0,0.0,3.0,40.0,32.0,0.2,0.4,,,,,0.3333333333333333,,1.0,0.5,0.5,0.0,0.5,0.5,2.5,1.0,0.0,0.0,0.0,0.0,0.0,0.0,1.5,1.5,0.5,0.0,0.0,0.0,0.0,0.0,0.0,0.0,1.5,20.0,16.0,1.5
003268,Jack Taylor,ARC,Archers,1,M,Midfield,2026-08-08,2026-08-08,1.0,1.0,1.0,0.0,1.0,0.0,6.0,2,1.0,0.0,0.0,0.0,0.0,0.0,1.0,2.0,0.0,0,0,0,0.0,0.0,0.0,0.0,0.0,27.0,19.0,0.16666666666666666,0.3333333333333333,,,,,,0.0,1.0,1.0,1.0,0.0,1.0,0.0,6.0,2.0,1.0,0.0,0.0,0.0,0.0,0.0,1.0,2.0,0.0,0.0,0.0,0.0,0.0,0.0,0.0,0.0,0.0,27.0,19.0,0.0
003269,Brendan Staub,ARC,Archers,2,LSM,Long Stick Midfield,2026-06-28,2026-07-18,0.0,0.0,0.0,0.0,0.0,0.0,1.0,0,1.0,0.0,0.0,0.0,0.0,0.0,4.0,0.0,0.0,0,0,0,0.0,0.0,0.0,0.0,1.0,11.0,10.0,0.0,0.0,,,,,0.0,0.0,0.0,0.0,0.0,0.0,0.0,0.0,0.5,0.0,0.5,0.0,0.0,0.0,0.0,0.0,2.0,0.0,0.0,0.0,0.0,0.0,0.0,0.0,0.0,0.0,0.5,5.5,5.0,0.5
003269,Brendan Staub,ATL,Atlas,1,LSM,Long Stick Midfield,2026-07-25,2026-07-25,0.0,0.0,0.0,0.0,0.0,0.0,2.0,1,1.0,0.0,0.0,0.0,0.0,0.0,1.0,0.0,2.0,0,0,0,0.0,0.0,0.0,0.0,0.0,12.0,10.0,0.0,0.5,,,,,,0.0,0.0,0.0,0.0,0.0,0.0,0.0,2.0,1.0,1.0,0.0,0.0,0.0,0.0,0.0,1.0,0.0,2.0,0.0,0.0,0.0,0.0,0.0,0.0,0.0,0.0,12.0,10.0,0.0
003269,Brendan Staub,CAN,Cannons,1,LSM,Long Stick Midfield,2026-06-07,2026-06-07,1.0,1.0,1.0,0.0,1.0,0.0,3.0,2,2.0,0.0,0.0,0.0,0.0,0.0,3.0,1.0,1.0,0,0,0,0.0,0.0,0.0,0.0,0.0,12.0,8.0,0.3333333333333333,0.6666666666666666,,,,,,0.0,1.0,1.0,1.0,0.0,1.0,0.0,3.0,2.0,2.0,0.0,0.0,0.0,0.0,0.0,3.0,1.0,1.0,0.0,0.0,0.0,0.0,0.0,0.0,0.0,0.0,12.0,8.0,0.0
003269,Brendan Staub,CHA,Chaos,2,LSM,Long Stick Midfield,2026-05-31,2026-08-01,0.0,0.0,0.0,0.0,0.0,0.0,0.0,0,0.0,0.0,0.0,0.0,0.0,0.0,2.0,0.0,1.0,0,0,0,0.0,0.0,0.0,0.0,1.0,12.0,12.0,,,,,,,0.0,,0.0,0.0,0.0,0.0,0.0,0.0,0.0,0.0,0.0,0.0,0.0,0.0,0.0,0.0,1.0,0.0,0.5,0.0,0.0,0.0,0.0,0.0,0.0,0.0,0.5,6.0,6.0,0.5
003269,Brendan Staub,OUT,Outlaws,1,LSM,Long Stick Midfield,2026-07-26,2026-07-26,0.0,0.0,0.0,0.0,0.0,0.0,1.0,1,1.0,0.0,0.0,0.0,0.0,0.0,1.0,0.0,0.0,0,0,0,0.0,0.0,0.0,0.0,0.0,8.0,7.0,0.0,1.0,,,,,,0.0,0.0,0.0,0.0,0.0,0.0,0.0,1.0,1.0,1.0,0.0,0.0,0.0,0.0,0.0,1.0,0.0,0.0,0.0,0.0,0.0,0.0,0.0,0.0,0.0,0.0,8.0,7.0,0.0
003269,Brendan Staub,RED,Redwoods,1,LSM,Long Stick Midfield,2026-07-10,2026-07-10,0.0,0.0,0.0,0.0,0.0,0.0,2.0,1,1.0,0.0,0.0,0.0,0.0,0.0,2.0,0.0,0.0,0,0,0,0.0,0.0,0.0,0.0,0.0,7.0,5.0,0.0,0.5,,,,,,0.0,0.0,0.0,0.0,0.0,0.0,0.0,2.0,1.0,1.0,0.0,0.0,0.0,0.0,0.0,2.0,0.0,0.0,0.0,0.0,0.0,0.0,0.0,0.0,0.0,0.0,7.0,5.0,0.0
003270,Evan Plunkett,ATL,Atlas,2,M,Midfield,2026-05-30,2026-08-08,3.0,0.0,0.0,0.0,0.0,3.0,11.0,6,0.0,0.0,0.0,0.0,0.0,0.0,1.0,1.0,0.0,0,0,0,0.0,0.0,0.0,0.0,6.0,39.0,27.0,0.0,0.5454545454545454,,,,,0.5,,1.5,0.0,0.0,0.0,0.0,1.5,5.5,3.0,0.0,0.0,0.0,0.0,0.0,0.0,0.5,0.5,0.0,0.0,0.0,0.0,0.0,0.0,0.0,0.0,3.0,19.5,13.5,3.0
003270,Evan Plunkett,CAN,Cannons,1,M,Midfield,2026-07-11,2026-07-11,0.0,0.0,0.0,0.0,0.0,0.0,4.0,0,0.0,0.0,0.0,0.0,0.0,0.0,1.0,0.0,0.0,0,0,0,0.0,0.0,0.0,0.0,1.0,16.0,12.0,0.0,0.0,,,,,0.0,,0.0,0.0,0.0,0.0,0.0,0.0,4.0,0.0,0.0,0.0,0.0,0.0,0.0,0.0,1.0,0.0,0.0,0.0,0.0,0.0,0.0,0.0,0.0,0.0,1.0,16.0,12.0,1.0
003270,Evan Plunkett,CHA,Chaos,2,M,Midfield,2026-06-06,2026-07-18,3.0,2.0,2.0,0.0,2.0,1.0,9.0,5,0.0,0.0,0.0,0.0,0.0,0.0,2.0,3.0,1.0,0,0,0,0.0,0.0,0.0,0.0,3.0,37.0,25.0,0.2222222222222222,0.5555555555555556,,,,,0.3333333333333333,,1.5,1.0,1.0,0.0,1.0,0.5,4.5,2.5,0.0,0.0,0.0,0.0,0.0,0.0,1.0,1.5,0.5,0.0,0.0,0.0,0.0,0.0,0.0,0.0,1.5,18.5,12.5,1.5
003270,Evan Plunkett,RED,Redwoods,1,M,Midfield,2026-05-16,2026-05-16,1.0,0.0,0.0,0.0,0.0,1.0,7.0,2,0.0,0.0,0.0,0.0,0.0,0.0,0.0,1.0,0.0,0,0,0,0.0,0.0,0.0,0.0,3.0,22.0,14.0,0.0,0.2857142857142857,,,,,0.3333333333333333,,1.0,0.0,0.0,0.0,0.0,1.0,7.0,2.0,0.0,0.0,0.0,0.0,0.0,0.0,0.0,1.0,0.0,0.0,0.0,0.0,0.0,0.0,0.0,0.0,3.0,22.0,14.0,3.0
003270,Evan Plunkett,WHP,Whipsnakes,2,M,Midfield,2026-06-27,2026-08-01,2.0,1.0,1.0,0.0,1.0,1.0,5.0,2,0.0,0.0,0.0,0.0,0.0,0.0,1.0,1.0,0.0,0,0,0,0.0,0.0,0.0,0.0,3.0,35.0,29.0,0.2,0.4,,,,,0.3333333333333333,,1.0,0.5,0.5,0.0,0.5,0.5,2.5,1.0,0.0,0.0,0.0,0.0,0.0,0.0,0.5,0.5,0.0,0.0,0.0,0.0,0.0,0.0,0.0,0.0,1.5,17.5,14.5,1.5
003271,Hunter Smith,ARC,Archers,1,D,Defense,2026-08-01,2026-08-01,0.0,0.0,0.0,0.0,0.0,0.0,0.0,0,0.0,0.0,0.0,0.0,0.0,0.0,1.0,0.0,0.0,0,0,0,0.0,0.0,0.0,0.0,0.0,4.0,4.0,,,,,,,,,0.0,0.0,0.0,0.0,0.0,0.0,0.0,0.0,0.0,0.0,0.0,0.0,0.0,0.0,1.0,0.0,0.0,0.0,0.0,0.0,0.0,0.0,0.0,0.0,0.0,4.0,4.0,0.0
003271,Hunter Smith,ATL,Atlas,2,D,Defense,2026-06-19,2026-07-19,0.0,0.0,0.0,0.0,0.0,0.0,0.0,0,0.0,0.0,0.0,0.0,0.0,0.0,4.0,0.0,3.0,0,0,0,0.0,0.0,1.0,1.0,0.0,11.0,11.0,,,,,,,,,0.0,0.0,0.0,0.0,0.0,0.0,0.0,0.0,0.0,0.0,0.0,0.0,0.0,0.0,2.0,0.0,1.5,0.0,0.0,0.0,0.0,0.0,0.5,0.5,0.0,5.5,5.5,0.0
003271,Hunter Smith,CHA,Chaos,1,D,Defense,2026-07-25,2026-07-25,0.0,0.0,0.0,0.0,0.0,0.0,0.0,0,0.0,0.0,0.0,0.0,0.0,0.0,2.0,0.0,1.0,0,0,0,0.0,0.0,0.0,0.0,0.0,4.0,4.0,,,,,,,,,0.0,0.0,0.0,0.0,0.0,0.0,0.0,0.0,0.0,0.0,0.0,0.0,0.0,0.0,2.0,0.0,1.0,0.0,0.0,0.0,0.0,0.0,0.0,0.0,0.0,4.0,4.0,0.0
003271,Hunter Smith,OUT,Outlaws,1,D,Defense,2026-07-11,2026-07-11,0.0,0.0,0.0,0.0,0.0,0.0,0.0,0,0.0,0.0,0.0,0.0,0.0,0.0,2.0,0.0,0.0,0,0,0,0.0,0.0,0.0,0.0,1.0,2.0,2.0,,,,,,,0.0,,0.0,0.0,0.0,0.0,0.0,0.0,0.0,0.0,0.0,0.0,0.0,0.0,0.0,0.0,2.0,0.0,0.0,0.0,0.0,0.0,0.0,0.0,0.0,0.0,1.0,2.0,2.0,1.0
003271,Hunter Smith,RED,Redwoods,1,D,Defense,2026-08-09,2026-08-09,0.0,0.0,0.0,0.0,0.0,0.0,0.0,0,0.0,0.0,0.0,0.0,0.0,0.0,2.0,0.0,1.0,0,0,0,0.0,0.0,1.0,1.0,0.0,2.0,2.0,,,,,,,,,0.0,0.0,0.0,0.0,0.0,0.0,0.0,0.0,0.0,0.0,0.0,0.0,0.0,0.0,2.0,0.0,1.0,0.0,0.0,0.0,0.0,0.0,1.0,1.0,0.0,2.0,2.0,0.0
003271,Hunter Smith,WAT,Waterdogs,1,D,Defense,2026-06-07,2026-06-07,0.0,0.0,0.0,0.0,0.0,0.0,0.0,0,0.0,0.0,0.0,0.0,0.0,0.0,3.0,0.0,2.0,0,0,0,0.0,0.0,0.0,0.0,0.0,6.0,6.0,,,,,,,,,0.0,0.0,0.0,0.0,0.0,0.0,0.0,0.0,0.0,0.0,0.0,0.0,0.0,0.0,3.0,0.0,2.0,0.0,0.0,0.0,0.0,0.0,0.0,0.0,0.0,6.0,6.0,0.0
003271,Hunter Smith,WHP,Whipsnakes,2,D,Defense,2026-05-29,2026-08-07,0.0,0.0,0.0,0.0,0.0,0.0,1.0,1,0.0,0.0,0.0,0.0,0.0,0.0,1.0,0.0,1.0,0,0,0,0.0,0.0,0.0,0.0,1.0,5.0,4.0,0.0,1.0,,,,,0.0,,0.0,0.0,0.0,0.0,0.0,0.0,0.5,0.5,0.0,0.0,0.0,0.0,0.0,0.0,0.5,0.0,0.5,0.0,0.0,0.0,0.0,0.0,0.0,0.0,0.5,2.5,2.0,0.5
003273,Matt Collison,ARC,Archers,2,M,Midfield,2026-06-28,2026-07-18,4.0,4.0,2.0,1.0,3.0,0.0,8.0,5,1.0,0.0,0.0,0.0,0.0,0.0,0.0,2.0,0.0,0,0,0,0.0,0.0,0.0,0.0,2.0,56.0,46.0,0.375,0.625,,,,,0.0,1.0,2.0,2.0,1.0,0.5,1.5,0.0,4.0,2.5,0.5,0.0,0.0,0.0,0.0,0.0,0.0,1.0,0.0,0.0,0.0,0.0,0.0,0.0,0.0,0.0,1.0,28.0,23.0,1.0
003273,Matt Collison,ATL,Atlas,1,M,Midfield,2026-07-25,2026-07-25,3.0,2.0,0.0,1.0,1.0,1.0,3.0,3,1.0,0.0,0.0,0.0,0.0,0.0,1.0,0.0,0.0,0,0,0,0.0,0.0,0.0,0.0,1.0,16.0,13.0,0.3333333333333333,1.0,,,,,1.0,1.0,3.0,2.0,0.0,1.0,1.0,1.0,3.0,3.0,1.0,0.0,0.0,0.0,0.0,0.0,1.0,0.0,0.0,0.0,0.0,0.0,0.0,0.0,0.0,0.0,1.0,16.0,13.0,1.0
003273,Matt Collison,CHA,Chaos,1,M,Midfield,2026-08-01,2026-08-01,3.0,3.0,1.0,1.0,2.0,0.0,5.0,3,2.0,0.0,0.0,0.0,0.0,0.0,1.0,1.0,0.0,0,0,0,0.0,0.0,0.0,0.0,1.0,14.0,8.0,0.4,0.6,,,,,0.0,0.5,3.0,3.0,1.0,1.0,2.0,0.0,5.0,3.0,2.0,0.0,0.0,0.0,0.0,0.0,1.0,1.0,0.0,0.0,0.0,0.0,0.0,0.0,0.0,0.0,1.0,14.0,8.0,1.0
003273,Matt Collison,OUT,Outlaws,1,M,Midfield,2026-07-26,2026-07-26,2.0,2.0,0.0,1.0,1.0,0.0,3.0,2,1.0,0.0,0.0,0.0,0.0,0.0,0.0,2.0,0.0,0,0,0,0.0,0.0,0.0,0.0,0.0,18.0,13.0,0.3333333333333333,0.6666666666666666,,,,,,1.0,2.0,2.0,0.0,1.0,1.0,0.0,3.0,2.0,1.0,0.0,0.0,0.0,0.0,0.0,0.0,2.0,0.0,0.0,0.0,0.0,0.0,0.0,0.0,0.0,0.0,18.0,13.0,0.0
003273,Matt Collison,RED,Redwoods,1,M,Midfield,2026-07-10,2026-07-10,1.0,0.0,0.0,0.0,0.0,1.0,4.0,1,0.0,0.0,0.0,0.0,0.0,0.0,0.0,1.0,0.0,0,0,0,0.0,0.0,0.0,0.0,2.0,18.0,13.0,0.0,0.25,,,,,0.5,,1.0,0.0,0.0,0.0,0.0,1.0,4.0,1.0,0.0,0.0,0.0,0.0,0.0,0.0,0.0,1.0,0.0,0.0,0.0,0.0,0.0,0.0,0.0,0.0,2.0,18.0,13.0,2.0
003274,Patty Eldredge,CHA,Chaos,1,SSDM,Defensive Midfield,2026-05-31,2026-05-31,0.0,0.0,0.0,0.0,0.0,0.0,0.0,0,0.0,0.0,0.0,0.0,0.0,0.0,2.0,0.0,1.0,0,0,0,0.0,0.0,0.0,0.0,0.0,5.0,5.0,,,,,,,,,0.0,0.0,0.0,0.0,0.0,0.0,0.0,0.0,0.0,0.0,0.0,0.0,0.0,0.0,2.0,0.0,1.0,0.0,0.0,0.0,0.0,0.0,0.0,0.0,0.0,5.0,5.0,0.0
003275,Andrew McMeekin,ARC,Archers,1,FO,Faceoff,2026-08-01,2026-08-01,0.0,0.0,0.0,0.0,0.0,0.0,3.0,1,0.0,0.0,0.0,0.0,0.0,0.0,7.0,1.0,0.0,15,6,21,0.0,0.0,0.0,0.0,0.0,9.0,5.0,0.0,0.3333333333333333,0.7142857142857143,,,,,,0.0,0.0,0.0,0.0,0.0,0.0,3.0,1.0,0.0,0.0,0.0,0.0,0.0,0.0,7.0,1.0,0.0,15.0,6.0,21.0,0.0,0.0,0.0,0.0,0.0,9.0,5.0,0.0
003275,Andrew McMeekin,ATL,Atlas,2,FO,Faceoff,2026-06-19,2026-07-19,1.0,0.0,0.0,0.0,0.0,1.0,2.0,1,0.0,0.0,0.0,0.0,0.0,0.0,12.0,1.0,1.0,26,22,48,0.0,0.0,0.0,0.0,1.0,11.0,8.0,0.0,0.5,0.5416666666666666,,,,1.0,,0.5,0.0,0.0,0.0,0.0,0.5,1.0,0.5,0.0,0.0,0.0,0.0,0.0,0.0,6.0,0.5,0.5,13.0,11.0,24.0,0.0,0.0,0.0,0.0,0.5,5.5,4.0,0.5
003275,Andrew McMeekin,CHA,Chaos,1,FO,Faceoff,2026-07-25,2026-07-25,1.0,0.0,0.0,0.0,0.0,1.0,3.0,2,0.0,0.0,0.0,0.0,0.0,0.0,13.0,2.0,0.0,23,5,28,0.0,0.0,0.0,0.0,1.0,14.0,9.0,0.0,0.6666666666666666,0.8214285714285714,,,,1.0,,1.0,0.0,0.0,0.0,0.0,1.0,3.0,2.0,0.0,0.0,0.0,0.0,0.0,0.0,13.0,2.0,0.0,23.0,5.0,28.0,0.0,0.0,0.0,0.0,1.0,14.0,9.0,1.0
003275,Andrew McMeekin,OUT,Outlaws,1,FO,Faceoff,2026-07-11,2026-07-11,2.0,1.0,1.0,0.0,1.0,1.0,1.0,1,0.0,0.0,0.0,0.0,0.0,0.0,8.0,0.0,0.0,18,10,28,0.0,0.0,0.0,0.0,1.0,8.0,7.0,1.0,1.0,0.6428571428571429,,,,1.0,,2.0,1.0,1.0,0.0,1.0,1.0,1.0,1.0,0.0,0.0,0.0,0.0,0.0,0.0,8.0,0.0,0.0,18.0,10.0,28.0,0.0,0.0,0.0,0.0,1.0,8.0,7.0,1.0
003275,Andrew McMeekin,RED,Redwoods,2,FO,Faceoff,2026-06-28,2026-08-09,2.0,0.0,0.0,0.0,0.0,2.0,6.0,1,2.0,0.0,0.0,0.0,0.0,0.0,20.0,1.0,0.0,25,27,52,0.0,0.0,1.0,1.0,2.0,19.0,12.0,0.0,0.16666666666666666,0.4807692307692308,,,,1.0,0.0,1.0,0.0,0.0,0.0,0.0,1.0,3.0,0.5,1.0,0.0,0.0,0.0,0.0,0.0,10.0,0.5,0.0,12.5,13.5,26.0,0.0,0.0,0.5,0.5,1.0,9.5,6.0,1.0
003275,Andrew McMeekin,WAT,Waterdogs,1,FO,Faceoff,2026-06-07,2026-06-07,1.0,0.0,0.0,0.0,0.0,1.0,2.0,1,1.0,0.0,0.0,0.0,0.0,0.0,8.0,0.0,0.0,18,9,27,0.0,0.0,0.0,0.0,3.0,10.0,8.0,0.0,0.5,0.6666666666666666,,,,0.3333333333333333,0.0,1.0,0.0,0.0,0.0,0.0,1.0,2.0,1.0,1.0,0.0,0.0,0.0,0.0,0.0,8.0,0.0,0.0,18.0,9.0,27.0,0.0,0.0,0.0,0.0,3.0,10.0,8.0,3.0
003275,Andrew McMeekin,WHP,Whipsnakes,1,FO,Faceoff,2026-08-07,2026-08-07,2.0,1.0,1.0,0.0,1.0,1.0,2.0,1,0.0,0.0,0.0,0.0,0.0,0.0,11.0,0.0,2.0,20,8,28,0.0,0.0,0.0,0.0,3.0,13.0,11.0,0.5,0.5,0.7142857142857143,,,,0.3333333333333333,,2.0,1.0,1.0,0.0,1.0,1.0,2.0,1.0,0.0,0.0,0.0,0.0,0.0,0.0,11.0,0.0,2.0,20.0,8.0,28.0,0.0,0.0,0.0,0.0,3.0,13.0,11.0,3.0
003276,Richard Checo,ARC,Archers,1,LSM,Long Stick Midfield,2026-08-08,2026-08-08,0.0,0.0,0.0,0.0,0.0,0.0,0.0,0,0.0,0.0,0.0,0.0,0.0,0.0,0.0,0.0,0.0,0,0,0,0.0,0.0,0.0,0.0,0.0,5.0,5.0,,,,,,,,,0.0,0.0,0.0,0.0,0.0,0.0,0.0,0.0,0.0,0.0,0.0,0.0,0.0,0.0,0.0,0.0,0.0,0.0,0.0,0.0,0.0,0.0,0.0,0.0,0.0,5.0,5.0,0.0
003276,Richard Checo,CAN,Cannons,1,LSM,Long Stick Midfield,2026-07-25,2026-07-25,0.0,0.0,0.0,0.0,0.0,0.0,0.0,0,0.0,0.0,0.0,0.0,0.0,0.0,0.0,0.0,2.0,0,0,0,0.0,0.0,0.0,0.0,0.0,1.0,1.0,,,,,,,,,0.0,0.0,0.0,0.0,0.0,0.0,0.0,0.0,0.0,0.0,0.0,0.0,0.0,0.0,0.0,0.0,2.0,0.0,0.0,0.0,0.0,0.0,0.0,0.0,0.0,1.0,1.0,0.0
003276,Richard Checo,RED,Redwoods,1,LSM,Long Stick Midfield,2026-07-31,2026-07-31,0.0,0.0,0.0,0.0,0.0,0.0,0.0,0,0.0,0.0,0.0,0.0,0.0,0.0,1.0,1.0,3.0,0,0,0,0.0,0.0,0.0,0.0,0.0,2.0,1.0,,,,,,,,,0.0,0.0,0.0,0.0,0.0,0.0,0.0,0.0,0.0,0.0,0.0,0.0,0.0,0.0,1.0,1.0,3.0,0.0,0.0,0.0,0.0,0.0,0.0,0.0,0.0,2.0,1.0,0.0
003276,Richard Checo,WAT,Waterdogs,2,LSM,Long Stick Midfield,2026-05-31,2026-08-01,0.0,0.0,0.0,0.0,0.0,0.0,0.0,0,0.0,0.0,0.0,0.0,0.0,0.0,1.0,2.0,3.0,0,0,0,0.0,0.0,0.0,0.0,0.0,5.0,3.0,,,,,,,,,0.0,0.0,0.0,0.0,0.0,0.0,0.0,0.0,0.0,0.0,0.0,0.0,0.0,0.0,0.5,1.0,1.5,0.0,0.0,0.0,0.0,0.0,0.0,0.0,0.0,2.5,1.5,0.0
003276,Richard Checo,WHP,Whipsnakes,1,LSM,Long Stick Midfield,2026-07-12,2026-07-12,0.0,0.0,0.0,0.0,0.0,0.0,0.0,0,0.0,0.0,0.0,0.0,0.0,0.0,0.0,1.0,0.0,0,0,0,0.0,0.0,0.0,0.0,0.0,3.0,2.0,,,,,,,,,0.0,0.0,0.0,0.0,0.0,0.0,0.0,0.0,0.0,0.0,0.0,0.0,0.0,0.0,0.0,1.0,0.0,0.0,0.0,0.0,0.0,0.0,0.0,0.0,0.0,3.0,2.0,0.0
003277,Joey Spallina,ARC,Archers,2,A,Attack,2026-05-30,2026-07-25,5.0,2.0,2.0,0.0,2.0,3.0,11.0,3,0.0,0.0,0.0,0.0,0.0,0.0,3.0,2.0,0.0,0,0,0,0.0,0.0,1.0,1.0,12.0,86.0,73.0,0.18181818181818182,0.2727272727272727,,,,,0.25,,2.5,1.0,1.0,0.0,1.0,1.5,5.5,1.5,0.0,0.0,0.0,0.0,0.0,0.0,1.5,1.0,0.0,0.0,0.0,0.0,0.0,0.0,0.5,0.5,6.0,43.0,36.5,6.0
003277,Joey Spallina,ATL,Atlas,1,A,Attack,2026-06-21,2026-06-21,2.0,0.0,0.0,0.0,0.0,2.0,3.0,1,0.0,0.0,0.0,0.0,0.0,0.0,0.0,3.0,0.0,0,0,0,0.0,0.0,0.0,0.0,2.0,23.0,17.0,0.0,0.3333333333333333,,,,,1.0,,2.0,0.0,0.0,0.0,0.0,2.0,3.0,1.0,0.0,0.0,0.0,0.0,0.0,0.0,0.0,3.0,0.0,0.0,0.0,0.0,0.0,0.0,0.0,0.0,2.0,23.0,17.0,2.0
003277,Joey Spallina,CAN,Cannons,2,A,Attack,2026-05-29,2026-08-07,7.0,2.0,2.0,0.0,2.0,5.0,10.0,6,0.0,0.0,0.0,0.0,0.0,0.0,5.0,0.0,0.0,0,0,0,0.0,0.0,1.0,0.5,11.0,67.0,57.0,0.2,0.6,,,,,0.45454545454545453,,3.5,1.0,1.0,0.0,1.0,2.5,5.0,3.0,0.0,0.0,0.0,0.0,0.0,0.0,2.5,0.0,0.0,0.0,0.0,0.0,0.0,0.0,0.5,0.25,5.5,33.5,28.5,5.5
003277,Joey Spallina,CHA,Chaos,1,A,Attack,2026-07-12,2026-07-12,4.0,2.0,2.0,0.0,2.0,2.0,7.0,4,0.0,0.0,0.0,0.0,0.0,0.0,2.0,0.0,0.0,0,0,0,0.0,0.0,0.0,0.0,4.0,41.0,34.0,0.2857142857142857,0.5714285714285714,,,,,0.5,,4.0,2.0,2.0,0.0,2.0,2.0,7.0,4.0,0.0,0.0,0.0,0.0,0.0,0.0,2.0,0.0,0.0,0.0,0.0,0.0,0.0,0.0,0.0,0.0,4.0,41.0,34.0,4.0
003277,Joey Spallina,OUT,Outlaws,2,A,Attack,2026-06-27,2026-08-01,10.0,7.0,5.0,1.0,6.0,3.0,13.0,6,1.0,0.0,0.0,0.0,0.0,0.0,4.0,3.0,0.0,0,0,0,0.0,0.0,1.0,0.5,9.0,90.0,74.0,0.46153846153846156,0.46153846153846156,,,,,0.3333333333333333,1.0,5.0,3.5,2.5,0.5,3.0,1.5,6.5,3.0,0.5,0.0,0.0,0.0,0.0,0.0,2.0,1.5,0.0,0.0,0.0,0.0,0.0,0.0,0.5,0.25,4.5,45.0,37.0,4.5
003277,Joey Spallina,RED,Redwoods,1,A,Attack,2026-07-17,2026-07-17,6.0,4.0,2.0,1.0,3.0,2.0,9.0,7,1.0,0.0,0.0,0.0,0.0,0.0,1.0,3.0,0.0,0,0,0,0.0,0.0,0.0,0.0,4.0,42.0,30.0,0.3333333333333333,0.7777777777777778,,,,,0.5,1.0,6.0,4.0,2.0,1.0,3.0,2.0,9.0,7.0,1.0,0.0,0.0,0.0,0.0,0.0,1.0,3.0,0.0,0.0,0.0,0.0,0.0,0.0,0.0,0.0,4.0,42.0,30.0,4.0
003278,Aidan Maguire,ATL,Atlas,1,SSDM,Defensive Midfield,2026-07-11,2026-07-11,1.0,1.0,1.0,0.0,1.0,0.0,2.0,2,0.0,0.0,0.0,0.0,0.0,0.0,1.0,1.0,0.0,0,0,0,0.0,0.0,0.0,0.0,0.0,7.0,4.0,0.5,1.0,,,,,,,1.0,1.0,1.0,0.0,1.0,0.0,2.0,2.0,0.0,0.0,0.0,0.0,0.0,0.0,1.0,1.0,0.0,0.0,0.0,0.0,0.0,0.0,0.0,0.0,0.0,7.0,4.0,0.0
003278,Aidan Maguire,CAN,Cannons,1,SSDM,Defensive Midfield,2026-08-01,2026-08-01,1.0,1.0,1.0,0.0,1.0,0.0,2.0,2,1.0,0.0,0.0,0.0,0.0,0.0,1.0,0.0,0.0,0,0,0,0.0,0.0,0.0,0.0,0.0,6.0,4.0,0.5,1.0,,,,,,0.0,1.0,1.0,1.0,0.0,1.0,0.0,2.0,2.0,1.0,0.0,0.0,0.0,0.0,0.0,1.0,0.0,0.0,0.0,0.0,0.0,0.0,0.0,0.0,0.0,0.0,6.0,4.0,0.0
003278,Aidan Maguire,CHA,Chaos,2,SSDM,Defensive Midfield,2026-06-05,2026-08-08,0.0,0.0,0.0,0.0,0.0,0.0,1.0,1,0.0,0.0,0.0,0.0,0.0,0.0,3.0,0.0,0.0,0,0,0,0.0,0.0,0.0,0.0,1.0,17.0,16.0,0.0,1.0,,,,,0.0,,0.0,0.0,0.0,0.0,0.0,0.0,0.5,0.5,0.0,0.0,0.0,0.0,0.0,0.0,1.5,0.0,0.0,0.0,0.0,0.0,0.0,0.0,0.0,0.0,0.5,8.5,8.0,0.5
003278,Aidan Maguire,OUT,Outlaws,1,SSDM,Defensive Midfield,2026-07-25,2026-07-25,1.0,1.0,1.0,0.0,1.0,0.0,2.0,1,0.0,0.0,0.0,0.0,0.0,0.0,1.0,0.0,1.0,0,0,0,0.0,0.0,0.0,0.0,0.0,8.0,6.0,0.5,0.5,,,,,,,1.0,1.0,1.0,0.0,1.0,0.0,2.0,1.0,0.0,0.0,0.0,0.0,0.0,0.0,1.0,0.0,1.0,0.0,0.0,0.0,0.0,0.0,0.0,0.0,0.0,8.0,6.0,0.0
003278,Aidan Maguire,RED,Redwoods,1,SSDM,Defensive Midfield,2026-06-20,2026-06-20,1.0,0.0,0.0,0.0,0.0,1.0,1.0,1,0.0,0.0,0.0,0.0,0.0,0.0,2.0,3.0,0.0,0,0,0,0.0,0.0,0.0,0.0,3.0,15.0,11.0,0.0,1.0,,,,,0.3333333333333333,,1.0,0.0,0.0,0.0,0.0,1.0,1.0,1.0,0.0,0.0,0.0,0.0,0.0,0.0,2.0,3.0,0.0,0.0,0.0,0.0,0.0,0.0,0.0,0.0,3.0,15.0,11.0,3.0
003278,Aidan Maguire,WAT,Waterdogs,2,SSDM,Defensive Midfield,2026-06-28,2026-07-18,1.0,1.0,1.0,0.0,1.0,0.0,3.0,2,1.0,0.0,0.0,0.0,0.0,0.0,1.0,0.0,1.0,0,0,0,0.0,0.0,0.0,0.0,0.0,16.0,13.0,0.3333333333333333,0.6666666666666666,,,,,,0.0,0.5,0.5,0.5,0.0,0.5,0.0,1.5,1.0,0.5,0.0,0.0,0.0,0.0,0.0,0.5,0.0,0.5,0.0,0.0,0.0,0.0,0.0,0.0,0.0,0.0,8.0,6.5,0.0
003278,Aidan Maguire,WHP,Whipsnakes,2,SSDM,Defensive Midfield,2026-05-30,2026-07-25,2.0,2.0,0.0,1.0,1.0,0.0,1.0,1,1.0,0.0,0.0,0.0,0.0,0.0,3.0,0.0,0.0,0,0,0,0.0,0.0,3.0,2.0,0.0,10.0,9.0,1.0,1.0,,,,,,1.0,1.0,1.0,0.0,0.5,0.5,0.0,0.5,0.5,0.5,0.0,0.0,0.0,0.0,0.0,1.5,0.0,0.0,0.0,0.0,0.0,0.0,0.0,1.5,1.0,0.0,5.0,4.5,0.0
003279,Luke Rhoa,CAN,Cannons,1,M,Midfield,2026-07-19,2026-07-19,0.0,0.0,0.0,0.0,0.0,0.0,3.0,1,1.0,0.0,0.0,0.0,0.0,0.0,0.0,0.0,0.0,0,0,0,0.0,0.0,0.0,0.0,1.0,13.0,10.0,0.0,0.3333333333333333,,,,,0.0,0.0,0.0,0.0,0.0,0.0,0.0,0.0,3.0,1.0,1.0,0.0,0.0,0.0,0.0,0.0,0.0,0.0,0.0,0.0,0.0,0.0,0.0,0.0,0.0,0.0,1.0,13.0,10.0,1.0
003279,Luke Rhoa,RED,Redwoods,1,M,Midfield,2026-06-06,2026-06-06,0.0,0.0,0.0,0.0,0.0,0.0,5.0,2,0.0,0.0,0.0,0.0,0.0,0.0,1.0,1.0,1.0,0,0,0,0.0,0.0,0.0,0.0,0.0,15.0,9.0,0.0,0.4,,,,,,,0.0,0.0,0.0,0.0,0.0,0.0,5.0,2.0,0.0,0.0,0.0,0.0,0.0,0.0,1.0,1.0,1.0,0.0,0.0,0.0,0.0,0.0,0.0,0.0,0.0,15.0,9.0,0.0
003280,Chad Palumbo,ARC,Archers,2,M,Midfield,2026-06-05,2026-08-08,5.0,3.0,3.0,0.0,3.0,2.0,14.0,8,0.0,0.0,0.0,0.0,0.0,0.0,1.0,3.0,1.0,0,0,0,0.0,0.0,1.0,1.0,3.0,46.0,29.0,0.21428571428571427,0.5714285714285714,,,,,0.6666666666666666,,2.5,1.5,1.5,0.0,1.5,1.0,7.0,4.0,0.0,0.0,0.0,0.0,0.0,0.0,0.5,1.5,0.5,0.0,0.0,0.0,0.0,0.0,0.5,0.5,1.5,23.0,14.5,1.5
003280,Chad Palumbo,CAN,Cannons,1,M,Midfield,2026-07-25,2026-07-25,3.0,3.0,3.0,0.0,3.0,0.0,6.0,3,0.0,0.0,0.0,0.0,0.0,0.0,1.0,3.0,0.0,0,0,0,0.0,0.0,0.0,0.0,1.0,18.0,9.0,0.5,0.5,,,,,0.0,,3.0,3.0,3.0,0.0,3.0,0.0,6.0,3.0,0.0,0.0,0.0,0.0,0.0,0.0,1.0,3.0,0.0,0.0,0.0,0.0,0.0,0.0,0.0,0.0,1.0,18.0,9.0,1.0
003280,Chad Palumbo,OUT,Outlaws,2,M,Midfield,2026-06-06,2026-07-18,5.0,4.0,4.0,0.0,4.0,1.0,15.0,10,0.0,0.0,0.0,0.0,0.0,0.0,4.0,5.0,1.0,0,0,0,0.0,0.0,0.0,0.0,5.0,45.0,25.0,0.26666666666666666,0.6666666666666666,,,,,0.2,,2.5,2.0,2.0,0.0,2.0,0.5,7.5,5.0,0.0,0.0,0.0,0.0,0.0,0.0,2.0,2.5,0.5,0.0,0.0,0.0,0.0,0.0,0.0,0.0,2.5,22.5,12.5,2.5
003280,Chad Palumbo,RED,Redwoods,2,M,Midfield,2026-06-28,2026-07-31,5.0,4.0,4.0,0.0,4.0,1.0,12.0,6,2.0,0.0,0.0,0.0,0.0,0.0,1.0,4.0,1.0,0,0,0,0.0,0.0,0.0,0.0,3.0,36.0,20.0,0.3333333333333333,0.5,,,,,0.3333333333333333,0.0,2.5,2.0,2.0,0.0,2.0,0.5,6.0,3.0,1.0,0.0,0.0,0.0,0.0,0.0,0.5,2.0,0.5,0.0,0.0,0.0,0.0,0.0,0.0,0.0,1.5,18.0,10.0,1.5
003280,Chad Palumbo,WAT,Waterdogs,2,M,Midfield,2026-05-31,2026-08-01,7.0,6.0,4.0,1.0,5.0,1.0,16.0,11,2.0,0.0,0.0,0.0,0.0,0.0,0.0,5.0,1.0,0,0,0,0.0,0.0,0.0,0.0,3.0,45.0,24.0,0.3125,0.6875,,,,,0.3333333333333333,0.5,3.5,3.0,2.0,0.5,2.5,0.5,8.0,5.5,1.0,0.0,0.0,0.0,0.0,0.0,0.0,2.5,0.5,0.0,0.0,0.0,0.0,0.0,0.0,0.0,1.5,22.5,12.0,1.5
003280,Chad Palumbo,WHP,Whipsnakes,1,M,Midfield,2026-07-12,2026-07-12,2.0,1.0,1.0,0.0,1.0,1.0,1.0,1,0.0,0.0,0.0,0.0,0.0,0.0,1.0,2.0,0.0,0,0,0,0.0,0.0,0.0,0.0,2.0,11.0,8.0,1.0,1.0,,,,,0.5,,2.0,1.0,1.0,0.0,1.0,1.0,1.0,1.0,0.0,0.0,0.0,0.0,0.0,0.0,1.0,2.0,0.0,0.0,0.0,0.0,0.0,0.0,0.0,0.0,2.0,11.0,8.0,2.0
003281,Kyle Lewis,ARC,Archers,2,M,Midfield,2026-06-28,2026-07-18,1.0,1.0,1.0,0.0,1.0,0.0,7.0,3,0.0,0.0,0.0,0.0,0.0,0.0,2.0,0.0,0.0,0,0,0,0.0,0.0,1.0,0.5,2.0,23.0,16.0,0.14285714285714285,0.42857142857142855,,,,,0.0,,0.5,0.5,0.5,0.0,0.5,0.0,3.5,1.5,0.0,0.0,0.0,0.0,0.0,0.0,1.0,0.0,0.0,0.0,0.0,0.0,0.0,0.0,0.5,0.25,1.0,11.5,8.0,1.0
003281,Kyle Lewis,ATL,Atlas,1,M,Midfield,2026-07-25,2026-07-25,0.0,0.0,0.0,0.0,0.0,0.0,1.0,0,0.0,0.0,0.0,0.0,0.0,0.0,0.0,0.0,0.0,0,0,0,0.0,0.0,0.0,0.0,1.0,8.0,7.0,0.0,0.0,,,,,0.0,,0.0,0.0,0.0,0.0,0.0,0.0,1.0,0.0,0.0,0.0,0.0,0.0,0.0,0.0,0.0,0.0,0.0,0.0,0.0,0.0,0.0,0.0,0.0,0.0,1.0,8.0,7.0,1.0
003281,Kyle Lewis,CAN,Cannons,1,M,Midfield,2026-06-07,2026-06-07,2.0,2.0,2.0,0.0,2.0,0.0,5.0,3,0.0,0.0,0.0,0.0,0.0,0.0,0.0,1.0,0.0,0,0,0,0.0,0.0,0.0,0.0,2.0,13.0,7.0,0.4,0.6,,,,,0.0,,2.0,2.0,2.0,0.0,2.0,0.0,5.0,3.0,0.0,0.0,0.0,0.0,0.0,0.0,0.0,1.0,0.0,0.0,0.0,0.0,0.0,0.0,0.0,0.0,2.0,13.0,7.0,2.0
003281,Kyle Lewis,CHA,Chaos,1,M,Midfield,2026-08-01,2026-08-01,1.0,1.0,1.0,0.0,1.0,0.0,2.0,1,0.0,0.0,0.0,0.0,0.0,0.0,0.0,2.0,0.0,0,0,0,0.0,0.0,0.0,0.0,0.0,18.0,14.0,0.5,0.5,,,,,,,1.0,1.0,1.0,0.0,1.0,0.0,2.0,1.0,0.0,0.0,0.0,0.0,0.0,0.0,0.0,2.0,0.0,0.0,0.0,0.0,0.0,0.0,0.0,0.0,0.0,18.0,14.0,0.0
003281,Kyle Lewis,OUT,Outlaws,1,M,Midfield,2026-07-26,2026-07-26,2.0,1.0,1.0,0.0,1.0,1.0,1.0,1,0.0,0.0,0.0,0.0,0.0,0.0,3.0,0.0,1.0,0,0,0,0.0,0.0,0.0,0.0,2.0,15.0,14.0,1.0,1.0,,,,,0.5,,2.0,1.0,1.0,0.0,1.0,1.0,1.0,1.0,0.0,0.0,0.0,0.0,0.0,0.0,3.0,0.0,1.0,0.0,0.0,0.0,0.0,0.0,0.0,0.0,2.0,15.0,14.0,2.0
003281,Kyle Lewis,RED,Redwoods,1,M,Midfield,2026-07-10,2026-07-10,0.0,0.0,0.0,0.0,0.0,0.0,2.0,2,0.0,0.0,0.0,0.0,0.0,0.0,0.0,1.0,0.0,0,0,0,0.0,0.0,0.0,0.0,0.0,9.0,6.0,0.0,1.0,,,,,,,0.0,0.0,0.0,0.0,0.0,0.0,2.0,2.0,0.0,0.0,0.0,0.0,0.0,0.0,0.0,1.0,0.0,0.0,0.0,0.0,0.0,0.0,0.0,0.0,0.0,9.0,6.0,0.0
003282,Billy Dwan,ARC,Archers,1,D,Defense,2026-05-30,2026-05-30,0.0,0.0,0.0,0.0,0.0,0.0,0.0,0,0.0,0.0,0.0,0.0,0.0,0.0,0.0,0.0,0.0,0,0,0,0.0,0.0,1.0,1.0,0.0,0.0,0.0,,,,,,,,,0.0,0.0,0.0,0.0,0.0,0.0,0.0,0.0,0.0,0.0,0.0,0.0,0.0,0.0,0.0,0.0,0.0,0.0,0.0,0.0,0.0,0.0,1.0,1.0,0.0,0.0,0.0,0.0
003282,Billy Dwan,ATL,Atlas,1,D,Defense,2026-06-21,2026-06-21,0.0,0.0,0.0,0.0,0.0,0.0,0.0,0,0.0,0.0,0.0,0.0,0.0,0.0,4.0,0.0,0.0,0,0,0,0.0,0.0,1.0,0.5,0.0,5.0,5.0,,,,,,,,,0.0,0.0,0.0,0.0,0.0,0.0,0.0,0.0,0.0,0.0,0.0,0.0,0.0,0.0,4.0,0.0,0.0,0.0,0.0,0.0,0.0,0.0,1.0,0.5,0.0,5.0,5.0,0.0
003282,Billy Dwan,CAN,Cannons,2,D,Defense,2026-05-29,2026-08-07,1.0,0.0,0.0,0.0,0.0,1.0,0.0,0,0.0,0.0,0.0,0.0,0.0,0.0,1.0,0.0,3.0,0,0,0,0.0,0.0,0.0,0.0,1.0,12.0,12.0,,,,,,,1.0,,0.5,0.0,0.0,0.0,0.0,0.5,0.0,0.0,0.0,0.0,0.0,0.0,0.0,0.0,0.5,0.0,1.5,0.0,0.0,0.0,0.0,0.0,0.0,0.0,0.5,6.0,6.0,0.5
003282,Billy Dwan,CHA,Chaos,1,D,Defense,2026-07-12,2026-07-12,0.0,0.0,0.0,0.0,0.0,0.0,0.0,0,0.0,0.0,0.0,0.0,0.0,0.0,2.0,1.0,0.0,0,0,0,0.0,0.0,0.0,0.0,0.0,4.0,3.0,,,,,,,,,0.0,0.0,0.0,0.0,0.0,0.0,0.0,0.0,0.0,0.0,0.0,0.0,0.0,0.0,2.0,1.0,0.0,0.0,0.0,0.0,0.0,0.0,0.0,0.0,0.0,4.0,3.0,0.0
003282,Billy Dwan,OUT,Outlaws,2,D,Defense,2026-06-27,2026-08-01,1.0,1.0,1.0,0.0,1.0,0.0,3.0,2,1.0,0.0,0.0,0.0,0.0,0.0,1.0,0.0,0.0,0,0,0,0.0,0.0,0.0,0.0,0.0,4.0,1.0,0.3333333333333333,0.6666666666666666,,,,,,0.0,0.5,0.5,0.5,0.0,0.5,0.0,1.5,1.0,0.5,0.0,0.0,0.0,0.0,0.0,0.5,0.0,0.0,0.0,0.0,0.0,0.0,0.0,0.0,0.0,0.0,2.0,0.5,0.0
003283,Blake Eiland,ARC,Archers,2,SSDM,Defensive Midfield,2026-05-30,2026-07-25,0.0,0.0,0.0,0.0,0.0,0.0,0.0,0,0.0,0.0,0.0,0.0,0.0,0.0,2.0,0.0,0.0,0,4,4,0.0,0.0,0.0,0.0,1.0,11.0,11.0,,,0.0,,,,0.0,,0.0,0.0,0.0,0.0,0.0,0.0,0.0,0.0,0.0,0.0,0.0,0.0,0.0,0.0,1.0,0.0,0.0,0.0,2.0,2.0,0.0,0.0,0.0,0.0,0.5,5.5,5.5,0.5
003283,Blake Eiland,ATL,Atlas,1,SSDM,Defensive Midfield,2026-06-21,2026-06-21,0.0,0.0,0.0,0.0,0.0,0.0,0.0,0,0.0,0.0,0.0,0.0,0.0,0.0,1.0,0.0,0.0,0,0,0,0.0,0.0,0.0,0.0,0.0,1.0,1.0,,,,,,,,,0.0,0.0,0.0,0.0,0.0,0.0,0.0,0.0,0.0,0.0,0.0,0.0,0.0,0.0,1.0,0.0,0.0,0.0,0.0,0.0,0.0,0.0,0.0,0.0,0.0,1.0,1.0,0.0
003283,Blake Eiland,CAN,Cannons,1,SSDM,Defensive Midfield,2026-05-29,2026-05-29,0.0,0.0,0.0,0.0,0.0,0.0,0.0,0,0.0,0.0,0.0,0.0,0.0,0.0,0.0,0.0,1.0,0,0,0,0.0,0.0,0.0,0.0,0.0,3.0,3.0,,,,,,,,,0.0,0.0,0.0,0.0,0.0,0.0,0.0,0.0,0.0,0.0,0.0,0.0,0.0,0.0,0.0,0.0,1.0,0.0,0.0,0.0,0.0,0.0,0.0,0.0,0.0,3.0,3.0,0.0
003283,Blake Eiland,CHA,Chaos,1,SSDM,Defensive Midfield,2026-07-12,2026-07-12,0.0,0.0,0.0,0.0,0.0,0.0,0.0,0,0.0,0.0,0.0,0.0,0.0,0.0,1.0,0.0,1.0,0,1,1,0.0,0.0,0.0,0.0,0.0,5.0,5.0,,,0.0,,,,,,0.0,0.0,0.0,0.0,0.0,0.0,0.0,0.0,0.0,0.0,0.0,0.0,0.0,0.0,1.0,0.0,1.0,0.0,1.0,1.0,0.0,0.0,0.0,0.0,0.0,5.0,5.0,0.0
003283,Blake Eiland,OUT,Outlaws,2,SSDM,Defensive Midfield,2026-06-27,2026-08-01,0.0,0.0,0.0,0.0,0.0,0.0,1.0,1,0.0,0.0,0.0,0.0,0.0,0.0,3.0,0.0,0.0,2,13,15,0.0,0.0,0.0,0.0,0.0,16.0,15.0,0.0,1.0,0.13333333333333333,,,,,,0.0,0.0,0.0,0.0,0.0,0.0,0.5,0.5,0.0,0.0,0.0,0.0,0.0,0.0,1.5,0.0,0.0,1.0,6.5,7.5,0.0,0.0,0.0,0.0,0.0,8.0,7.5,0.0
003283,Blake Eiland,RED,Redwoods,1,SSDM,Defensive Midfield,2026-07-17,2026-07-17,1.0,1.0,1.0,0.0,1.0,0.0,1.0,1,0.0,0.0,0.0,0.0,0.0,0.0,0.0,0.0,0.0,0,0,0,0.0,0.0,0.0,0.0,0.0,3.0,2.0,1.0,1.0,,,,,,,1.0,1.0,1.0,0.0,1.0,0.0,1.0,1.0,0.0,0.0,0.0,0.0,0.0,0.0,0.0,0.0,0.0,0.0,0.0,0.0,0.0,0.0,0.0,0.0,0.0,3.0,2.0,0.0
003284,Eric Kolar,ARC,Archers,2,SSDM,Defensive Midfield,2026-05-30,2026-07-25,1.0,1.0,1.0,0.0,1.0,0.0,1.0,1,0.0,0.0,0.0,0.0,0.0,0.0,3.0,0.0,2.0,0,2,2,0.0,0.0,0.0,0.0,0.0,14.0,13.0,1.0,1.0,0.0,,,,,,0.5,0.5,0.5,0.0,0.5,0.0,0.5,0.5,0.0,0.0,0.0,0.0,0.0,0.0,1.5,0.0,1.0,0.0,1.0,1.0,0.0,0.0,0.0,0.0,0.0,7.0,6.5,0.0
003284,Eric Kolar,ATL,Atlas,1,SSDM,Defensive Midfield,2026-06-21,2026-06-21,0.0,0.0,0.0,0.0,0.0,0.0,0.0,0,0.0,0.0,0.0,0.0,0.0,0.0,1.0,0.0,0.0,0,0,0,0.0,0.0,0.0,0.0,0.0,4.0,4.0,,,,,,,,,0.0,0.0,0.0,0.0,0.0,0.0,0.0,0.0,0.0,0.0,0.0,0.0,0.0,0.0,1.0,0.0,0.0,0.0,0.0,0.0,0.0,0.0,0.0,0.0,0.0,4.0,4.0,0.0
003284,Eric Kolar,CHA,Chaos,1,SSDM,Defensive Midfield,2026-07-12,2026-07-12,0.0,0.0,0.0,0.0,0.0,0.0,0.0,0,0.0,0.0,0.0,0.0,0.0,0.0,2.0,0.0,0.0,0,0,0,0.0,0.0,0.0,0.0,1.0,3.0,3.0,,,,,,,0.0,,0.0,0.0,0.0,0.0,0.0,0.0,0.0,0.0,0.0,0.0,0.0,0.0,0.0,0.0,2.0,0.0,0.0,0.0,0.0,0.0,0.0,0.0,0.0,0.0,1.0,3.0,3.0,1.0
003284,Eric Kolar,OUT,Outlaws,2,SSDM,Defensive Midfield,2026-06-27,2026-08-01,0.0,0.0,0.0,0.0,0.0,0.0,1.0,0,0.0,0.0,0.0,0.0,0.0,0.0,2.0,1.0,0.0,0,0,0,0.0,0.0,0.0,0.0,0.0,15.0,13.0,0.0,0.0,,,,,,,0.0,0.0,0.0,0.0,0.0,0.0,0.5,0.0,0.0,0.0,0.0,0.0,0.0,0.0,1.0,0.5,0.0,0.0,0.0,0.0,0.0,0.0,0.0,0.0,0.0,7.5,6.5,0.0
003284,Eric Kolar,RED,Redwoods,1,SSDM,Defensive Midfield,2026-07-17,2026-07-17,0.0,0.0,0.0,0.0,0.0,0.0,0.0,0,0.0,0.0,0.0,0.0,0.0,0.0,0.0,0.0,0.0,0,2,2,0.0,0.0,0.0,0.0,0.0,8.0,8.0,,,0.0,,,,,,0.0,0.0,0.0,0.0,0.0,0.0,0.0,0.0,0.0,0.0,0.0,0.0,0.0,0.0,0.0,0.0,0.0,0.0,2.0,2.0,0.0,0.0,0.0,0.0,0.0,8.0,8.0,0.0
003285,Jack Regnery,ARC,Archers,1,A,Attack,2026-08-01,2026-08-01,1.0,0.0,0.0,0.0,0.0,1.0,5.0,1,1.0,0.0,0.0,0.0,0.0,0.0,0.0,1.0,0.0,0,0,0,0.0,0.0,0.0,0.0,1.0,20.0,14.0,0.0,0.2,,,,,1.0,0.0,1.0,0.0,0.0,0.0,0.0,1.0,5.0,1.0,1.0,0.0,0.0,0.0,0.0,0.0,0.0,1.0,0.0,0.0,0.0,0.0,0.0,0.0,0.0,0.0,1.0,20.0,14.0,1.0
003285,Jack Regnery,ATL,Atlas,2,A,Attack,2026-06-19,2026-07-19,4.0,4.0,4.0,0.0,4.0,0.0,14.0,7,0.0,0.0,0.0,0.0,0.0,0.0,0.0,3.0,0.0,0,0,0,0.0,0.0,0.0,0.0,1.0,40.0,23.0,0.2857142857142857,0.5,,,,,0.0,,2.0,2.0,2.0,0.0,2.0,0.0,7.0,3.5,0.0,0.0,0.0,0.0,0.0,0.0,0.0,1.5,0.0,0.0,0.0,0.0,0.0,0.0,0.0,0.0,0.5,20.0,11.5,0.5
003285,Jack Regnery,CHA,Chaos,1,A,Attack,2026-07-25,2026-07-25,2.0,2.0,2.0,0.0,2.0,0.0,6.0,3,0.0,0.0,0.0,0.0,0.0,0.0,4.0,1.0,0.0,0,0,0,0.0,0.0,0.0,0.0,3.0,31.0,24.0,0.3333333333333333,0.5,,,,,0.0,,2.0,2.0,2.0,0.0,2.0,0.0,6.0,3.0,0.0,0.0,0.0,0.0,0.0,0.0,4.0,1.0,0.0,0.0,0.0,0.0,0.0,0.0,0.0,0.0,3.0,31.0,24.0,3.0
003285,Jack Regnery,OUT,Outlaws,1,A,Attack,2026-07-11,2026-07-11,3.0,2.0,2.0,0.0,2.0,1.0,6.0,4,0.0,0.0,0.0,0.0,0.0,0.0,0.0,0.0,0.0,0,0,0,0.0,0.0,0.0,0.0,5.0,20.0,14.0,0.3333333333333333,0.6666666666666666,,,,,0.2,,3.0,2.0,2.0,0.0,2.0,1.0,6.0,4.0,0.0,0.0,0.0,0.0,0.0,0.0,0.0,0.0,0.0,0.0,0.0,0.0,0.0,0.0,0.0,0.0,5.0,20.0,14.0,5.0
003285,Jack Regnery,RED,Redwoods,2,A,Attack,2026-06-28,2026-08-09,6.0,3.0,3.0,0.0,3.0,3.0,11.0,6,1.0,0.0,0.0,0.0,0.0,0.0,0.0,3.0,1.0,0,0,0,0.0,0.0,0.0,0.0,4.0,43.0,29.0,0.2727272727272727,0.5454545454545454,,,,,0.75,0.0,3.0,1.5,1.5,0.0,1.5,1.5,5.5,3.0,0.5,0.0,0.0,0.0,0.0,0.0,0.0,1.5,0.5,0.0,0.0,0.0,0.0,0.0,0.0,0.0,2.0,21.5,14.5,2.0
003285,Jack Regnery,WHP,Whipsnakes,1,A,Attack,2026-08-07,2026-08-07,2.0,0.0,0.0,0.0,0.0,2.0,5.0,2,0.0,0.0,0.0,0.0,0.0,0.0,0.0,1.0,0.0,0,0,0,0.0,0.0,0.0,0.0,5.0,21.0,15.0,0.0,0.4,,,,,0.4,,2.0,0.0,0.0,0.0,0.0,2.0,5.0,2.0,0.0,0.0,0.0,0.0,0.0,0.0,0.0,1.0,0.0,0.0,0.0,0.0,0.0,0.0,0.0,0.0,5.0,21.0,15.0,5.0
003286,Will Donovan,ARC,Archers,1,D,Defense,2026-08-01,2026-08-01,0.0,0.0,0.0,0.0,0.0,0.0,0.0,0,0.0,0.0,0.0,0.0,0.0,0.0,0.0,0.0,1.0,0,0,0,0.0,0.0,1.0,1.0,0.0,3.0,3.0,,,,,,,,,0.0,0.0,0.0,0.0,0.0,0.0,0.0,0.0,0.0,0.0,0.0,0.0,0.0,0.0,0.0,0.0,1.0,0.0,0.0,0.0,0.0,0.0,1.0,1.0,0.0,3.0,3.0,0.0
003286,Will Donovan,ATL,Atlas,2,LSM,Long Stick Midfield,2026-06-19,2026-07-19,0.0,0.0,0.0,0.0,0.0,0.0,0.0,0,0.0,0.0,0.0,0.0,0.0,0.0,3.0,0.0,2.0,0,0,0,0.0,0.0,0.0,0.0,0.0,3.0,3.0,,,,,,,,,0.0,0.0,0.0,0.0,0.0,0.0,0.0,0.0,0.0,0.0,0.0,0.0,0.0,0.0,1.5,0.0,1.0,0.0,0.0,0.0,0.0,0.0,0.0,0.0,0.0,1.5,1.5,0.0
003286,Will Donovan,CHA,Chaos,1,LSM,Long Stick Midfield,2026-07-25,2026-07-25,0.0,0.0,0.0,0.0,0.0,0.0,0.0,0,0.0,0.0,0.0,0.0,0.0,0.0,8.0,0.0,3.0,0,0,0,0.0,0.0,0.0,0.0,1.0,8.0,8.0,,,,,,,0.0,,0.0,0.0,0.0,0.0,0.0,0.0,0.0,0.0,0.0,0.0,0.0,0.0,0.0,0.0,8.0,0.0,3.0,0.0,0.0,0.0,0.0,0.0,0.0,0.0,1.0,8.0,8.0,1.0
003286,Will Donovan,OUT,Outlaws,1,LSM,Long Stick Midfield,2026-07-11,2026-07-11,0.0,0.0,0.0,0.0,0.0,0.0,0.0,0,0.0,0.0,0.0,0.0,0.0,0.0,2.0,0.0,3.0,0,0,0,0.0,0.0,0.0,0.0,0.0,9.0,9.0,,,,,,,,,0.0,0.0,0.0,0.0,0.0,0.0,0.0,0.0,0.0,0.0,0.0,0.0,0.0,0.0,2.0,0.0,3.0,0.0,0.0,0.0,0.0,0.0,0.0,0.0,0.0,9.0,9.0,0.0
003286,Will Donovan,RED,Redwoods,2,D,Defense,2026-06-28,2026-08-09,0.0,0.0,0.0,0.0,0.0,0.0,1.0,1,1.0,0.0,0.0,0.0,0.0,0.0,7.0,2.0,1.0,0,0,0,0.0,0.0,0.0,0.0,0.0,13.0,10.0,0.0,1.0,,,,,,0.0,0.0,0.0,0.0,0.0,0.0,0.0,0.5,0.5,0.5,0.0,0.0,0.0,0.0,0.0,3.5,1.0,0.5,0.0,0.0,0.0,0.0,0.0,0.0,0.0,0.0,6.5,5.0,0.0
003286,Will Donovan,WAT,Waterdogs,1,LSM,Long Stick Midfield,2026-06-07,2026-06-07,0.0,0.0,0.0,0.0,0.0,0.0,0.0,0,0.0,0.0,0.0,0.0,0.0,0.0,3.0,0.0,1.0,0,0,0,0.0,0.0,0.0,0.0,0.0,3.0,3.0,,,,,,,,,0.0,0.0,0.0,0.0,0.0,0.0,0.0,0.0,0.0,0.0,0.0,0.0,0.0,0.0,3.0,0.0,1.0,0.0,0.0,0.0,0.0,0.0,0.0,0.0,0.0,3.0,3.0,0.0
003286,Will Donovan,WHP,Whipsnakes,1,D,Defense,2026-08-07,2026-08-07,0.0,0.0,0.0,0.0,0.0,0.0,0.0,0,0.0,0.0,0.0,0.0,0.0,0.0,2.0,0.0,0.0,0,0,0,0.0,0.0,0.0,0.0,0.0,5.0,5.0,,,,,,,,,0.0,0.0,0.0,0.0,0.0,0.0,0.0,0.0,0.0,0.0,0.0,0.0,0.0,0.0,2.0,0.0,0.0,0.0,0.0,0.0,0.0,0.0,0.0,0.0,0.0,5.0,5.0,0.0
003288,Josh Yago,ARC,Archers,2,M,Midfield,2026-06-28,2026-07-18,2.0,1.0,1.0,0.0,1.0,1.0,6.0,3,0.0,0.0,0.0,0.0,0.0,0.0,1.0,1.0,0.0,0,0,0,0.0,0.0,0.0,0.0,3.0,52.0,45.0,0.16666666666666666,0.5,,,,,0.3333333333333333,,1.0,0.5,0.5,0.0,0.5,0.5,3.0,1.5,0.0,0.0,0.0,0.0,0.0,0.0,0.5,0.5,0.0,0.0,0.0,0.0,0.0,0.0,0.0,0.0,1.5,26.0,22.5,1.5
003288,Josh Yago,ATL,Atlas,1,M,Midfield,2026-07-25,2026-07-25,1.0,0.0,0.0,0.0,0.0,1.0,4.0,2,0.0,0.0,0.0,0.0,0.0,0.0,1.0,0.0,0.0,0,0,0,0.0,0.0,0.0,0.0,3.0,21.0,17.0,0.0,0.5,,,,,0.3333333333333333,,1.0,0.0,0.0,0.0,0.0,1.0,4.0,2.0,0.0,0.0,0.0,0.0,0.0,0.0,1.0,0.0,0.0,0.0,0.0,0.0,0.0,0.0,0.0,0.0,3.0,21.0,17.0,3.0
003288,Josh Yago,CAN,Cannons,1,M,Midfield,2026-06-07,2026-06-07,3.0,3.0,1.0,1.0,2.0,0.0,3.0,3,1.0,0.0,0.0,0.0,0.0,0.0,0.0,0.0,0.0,0,0,0,0.0,0.0,1.0,1.0,1.0,20.0,17.0,0.6666666666666666,1.0,,,,,0.0,1.0,3.0,3.0,1.0,1.0,2.0,0.0,3.0,3.0,1.0,0.0,0.0,0.0,0.0,0.0,0.0,0.0,0.0,0.0,0.0,0.0,0.0,0.0,1.0,1.0,1.0,20.0,17.0,1.0
003288,Josh Yago,CHA,Chaos,2,M,Midfield,2026-05-31,2026-08-01,3.0,1.0,1.0,0.0,1.0,2.0,5.0,2,0.0,0.0,0.0,0.0,0.0,0.0,2.0,1.0,0.0,0,0,0,0.0,0.0,0.0,0.0,7.0,40.0,34.0,0.2,0.4,,,,,0.2857142857142857,,1.5,0.5,0.5,0.0,0.5,1.0,2.5,1.0,0.0,0.0,0.0,0.0,0.0,0.0,1.0,0.5,0.0,0.0,0.0,0.0,0.0,0.0,0.0,0.0,3.5,20.0,17.0,3.5
003288,Josh Yago,OUT,Outlaws,1,M,Midfield,2026-07-26,2026-07-26,2.0,1.0,1.0,0.0,1.0,1.0,5.0,2,2.0,0.0,0.0,0.0,0.0,0.0,1.0,0.0,0.0,0,0,0,0.0,0.0,0.0,0.0,2.0,29.0,24.0,0.2,0.4,,,,,0.5,0.0,2.0,1.0,1.0,0.0,1.0,1.0,5.0,2.0,2.0,0.0,0.0,0.0,0.0,0.0,1.0,0.0,0.0,0.0,0.0,0.0,0.0,0.0,0.0,0.0,2.0,29.0,24.0,2.0
003288,Josh Yago,RED,Redwoods,1,M,Midfield,2026-07-10,2026-07-10,3.0,2.0,2.0,0.0,2.0,1.0,4.0,2,0.0,0.0,0.0,0.0,0.0,0.0,2.0,1.0,0.0,0,0,0,0.0,0.0,0.0,0.0,3.0,19.0,14.0,0.5,0.5,,,,,0.3333333333333333,,3.0,2.0,2.0,0.0,2.0,1.0,4.0,2.0,0.0,0.0,0.0,0.0,0.0,0.0,2.0,1.0,0.0,0.0,0.0,0.0,0.0,0.0,0.0,0.0,3.0,19.0,14.0,3.0
003289,Alex Ross,ARC,Archers,1,D,Defense,2026-07-11,2026-07-11,0.0,0.0,0.0,0.0,0.0,0.0,1.0,0,1.0,0.0,0.0,0.0,0.0,0.0,1.0,1.0,0.0,0,0,0,0.0,0.0,1.0,0.5,0.0,7.0,5.0,0.0,0.0,,,,,,0.0,0.0,0.0,0.0,0.0,0.0,0.0,1.0,0.0,1.0,0.0,0.0,0.0,0.0,0.0,1.0,1.0,0.0,0.0,0.0,0.0,0.0,0.0,1.0,0.5,0.0,7.0,5.0,0.0
003289,Alex Ross,CAN,Cannons,2,D,Defense,2026-06-19,2026-07-19,1.0,0.0,0.0,0.0,0.0,1.0,1.0,0,1.0,0.0,0.0,0.0,0.0,0.0,1.0,1.0,0.0,0,0,0,0.0,0.0,1.0,0.5,1.0,23.0,21.0,0.0,0.0,,,,,1.0,0.0,0.5,0.0,0.0,0.0,0.0,0.5,0.5,0.0,0.5,0.0,0.0,0.0,0.0,0.0,0.5,0.5,0.0,0.0,0.0,0.0,0.0,0.0,0.5,0.25,0.5,11.5,10.5,0.5
003289,Alex Ross,OUT,Outlaws,2,D,Defense,2026-05-30,2026-08-08,2.0,2.0,0.0,1.0,1.0,0.0,2.0,1,2.0,0.0,0.0,0.0,0.0,0.0,5.0,0.0,1.0,0,0,0,0.0,0.0,0.0,0.0,1.0,22.0,20.0,0.5,0.5,,,,,0.0,0.5,1.0,1.0,0.0,0.5,0.5,0.0,1.0,0.5,1.0,0.0,0.0,0.0,0.0,0.0,2.5,0.0,0.5,0.0,0.0,0.0,0.0,0.0,0.0,0.0,0.5,11.0,10.0,0.5
003289,Alex Ross,RED,Redwoods,2,D,Defense,2026-06-06,2026-08-02,2.0,2.0,0.0,1.0,1.0,0.0,5.0,2,4.0,0.0,0.0,0.0,0.0,0.0,7.0,2.0,2.0,0,0,0,0.0,0.0,0.0,0.0,1.0,26.0,19.0,0.2,0.4,,,,,0.0,0.25,1.0,1.0,0.0,0.5,0.5,0.0,2.5,1.0,2.0,0.0,0.0,0.0,0.0,0.0,3.5,1.0,1.0,0.0,0.0,0.0,0.0,0.0,0.0,0.0,0.5,13.0,9.5,0.5
003289,Alex Ross,WAT,Waterdogs,1,D,Defense,2026-07-25,2026-07-25,0.0,0.0,0.0,0.0,0.0,0.0,0.0,0,0.0,0.0,0.0,0.0,0.0,0.0,1.0,1.0,1.0,0,0,0,0.0,0.0,0.0,0.0,0.0,10.0,9.0,,,,,,,,,0.0,0.0,0.0,0.0,0.0,0.0,0.0,0.0,0.0,0.0,0.0,0.0,0.0,0.0,1.0,1.0,1.0,0.0,0.0,0.0,0.0,0.0,0.0,0.0,0.0,10.0,9.0,0.0
003289,Alex Ross,WHP,Whipsnakes,1,D,Defense,2026-06-21,2026-06-21,0.0,0.0,0.0,0.0,0.0,0.0,2.0,0,2.0,0.0,0.0,0.0,0.0,0.0,3.0,1.0,0.0,0,0,0,0.0,0.0,0.0,0.0,1.0,13.0,10.0,0.0,0.0,,,,,0.0,0.0,0.0,0.0,0.0,0.0,0.0,0.0,2.0,0.0,2.0,0.0,0.0,0.0,0.0,0.0,3.0,1.0,0.0,0.0,0.0,0.0,0.0,0.0,0.0,0.0,1.0,13.0,10.0,1.0
003290,John Dunphey,ARC,Archers,1,M,Midfield,2026-07-25,2026-07-25,1.0,1.0,1.0,0.0,1.0,0.0,3.0,2,0.0,0.0,0.0,0.0,0.0,0.0,0.0,0.0,0.0,0,0,0,0.0,0.0,0.0,0.0,0.0,7.0,4.0,0.3333333333333333,0.6666666666666666,,,,,,,1.0,1.0,1.0,0.0,1.0,0.0,3.0,2.0,0.0,0.0,0.0,0.0,0.0,0.0,0.0,0.0,0.0,0.0,0.0,0.0,0.0,0.0,0.0,0.0,0.0,7.0,4.0,0.0
003290,John Dunphey,WAT,Waterdogs,1,M,Midfield,2026-07-26,2026-07-26,0.0,0.0,0.0,0.0,0.0,0.0,0.0,0,0.0,0.0,0.0,0.0,0.0,0.0,1.0,3.0,0.0,0,0,0,0.0,0.0,0.0,0.0,2.0,15.0,12.0,,,,,,,0.0,,0.0,0.0,0.0,0.0,0.0,0.0,0.0,0.0,0.0,0.0,0.0,0.0,0.0,0.0,1.0,3.0,0.0,0.0,0.0,0.0,0.0,0.0,0.0,0.0,2.0,15.0,12.0,2.0
003290,John Dunphey,WHP,Whipsnakes,1,M,Midfield,2026-08-01,2026-08-01,0.0,0.0,0.0,0.0,0.0,0.0,3.0,2,0.0,0.0,0.0,0.0,0.0,0.0,0.0,3.0,0.0,1,0,1,0.0,0.0,0.0,0.0,0.0,18.0,12.0,0.0,0.6666666666666666,1.0,,,,,,0.0,0.0,0.0,0.0,0.0,0.0,3.0,2.0,0.0,0.0,0.0,0.0,0.0,0.0,0.0,3.0,0.0,1.0,0.0,1.0,0.0,0.0,0.0,0.0,0.0,18.0,12.0,0.0
003291,Ryan Croddick,ATL,Atlas,1,G,Goalie,2026-08-02,2026-08-02,0.0,0.0,0.0,0.0,0.0,0.0,0.0,0,0.0,2.0,1.0,1.0,0.0,0.0,0.0,0.0,0.0,0,0,0,0.0,0.0,0.0,0.0,0.0,1.0,1.0,,,,1.0,50.0,0.5,,,0.0,0.0,0.0,0.0,0.0,0.0,0.0,0.0,0.0,2.0,1.0,1.0,0.0,0.0,0.0,0.0,0.0,0.0,0.0,0.0,0.0,0.0,0.0,0.0,0.0,1.0,1.0,0.0
003291,Ryan Croddick,CAN,Cannons,1,G,Goalie,2026-08-09,2026-08-09,0.0,0.0,0.0,0.0,0.0,0.0,0.0,0,0.0,8.0,4.0,4.0,6.0,10.06993006993007,2.0,3.0,0.0,0,0,0,6.0,0.0,0.0,0.0,0.0,12.0,9.0,,,,0.5714285714285714,50.0,0.2857142857142857,,,0.0,0.0,0.0,0.0,0.0,0.0,0.0,0.0,0.0,8.0,4.0,4.0,6.0,10.06993006993007,2.0,3.0,0.0,0.0,0.0,0.0,6.0,0.0,0.0,0.0,0.0,12.0,9.0,0.0
003291,Ryan Croddick,WHP,Whipsnakes,1,G,Goalie,2026-07-17,2026-07-17,0.0,0.0,0.0,0.0,0.0,0.0,0.0,0,0.0,4.0,2.0,2.0,7.0,22.129527991218442,0.0,1.0,1.0,0,0,0,6.0,1.0,0.0,0.0,0.0,5.0,4.0,,,,0.4,50.0,0.2,,,0.0,0.0,0.0,0.0,0.0,0.0,0.0,0.0,0.0,4.0,2.0,2.0,7.0,22.129527991218442,0.0,1.0,1.0,0.0,0.0,0.0,6.0,1.0,0.0,0.0,0.0,5.0,4.0,0.0
003292,Henry Bard,CAN,Cannons,1,D,Defense,2026-07-25,2026-07-25,0.0,0.0,0.0,0.0,0.0,0.0,0.0,0,0.0,0.0,0.0,0.0,0.0,0.0,2.0,1.0,1.0,0,0,0,0.0,0.0,0.0,0.0,0.0,5.0,4.0,,,,,,,,,0.0,0.0,0.0,0.0,0.0,0.0,0.0,0.0,0.0,0.0,0.0,0.0,0.0,0.0,2.0,1.0,1.0,0.0,0.0,0.0,0.0,0.0,0.0,0.0,0.0,5.0,4.0,0.0
003292,Henry Bard,OUT,Outlaws,1,D,Defense,2026-07-18,2026-07-18,0.0,0.0,0.0,0.0,0.0,0.0,0.0,0,0.0,0.0,0.0,0.0,0.0,0.0,1.0,0.0,1.0,0,0,0,0.0,0.0,0.0,0.0,0.0,5.0,5.0,,,,,,,,,0.0,0.0,0.0,0.0,0.0,0.0,0.0,0.0,0.0,0.0,0.0,0.0,0.0,0.0,1.0,0.0,1.0,0.0,0.0,0.0,0.0,0.0,0.0,0.0,0.0,5.0,5.0,0.0
003292,Henry Bard,RED,Redwoods,2,D,Defense,2026-06-28,2026-07-31,2.0,2.0,0.0,1.0,1.0,0.0,1.0,1,1.0,0.0,0.0,0.0,0.0,0.0,2.0,1.0,1.0,0,0,0,0.0,0.0,0.0,0.0,0.0,13.0,11.0,1.0,1.0,,,,,,1.0,1.0,1.0,0.0,0.5,0.5,0.0,0.5,0.5,0.5,0.0,0.0,0.0,0.0,0.0,1.0,0.5,0.5,0.0,0.0,0.0,0.0,0.0,0.0,0.0,0.0,6.5,5.5,0.0
003292,Henry Bard,WHP,Whipsnakes,1,D,Defense,2026-07-12,2026-07-12,0.0,0.0,0.0,0.0,0.0,0.0,0.0,0,0.0,0.0,0.0,0.0,0.0,0.0,3.0,0.0,0.0,0,0,0,0.0,0.0,0.0,0.0,0.0,7.0,7.0,,,,,,,,,0.0,0.0,0.0,0.0,0.0,0.0,0.0,0.0,0.0,0.0,0.0,0.0,0.0,0.0,3.0,0.0,0.0,0.0,0.0,0.0,0.0,0.0,0.0,0.0,0.0,7.0,7.0,0.0
003293,Hunter Drouin,RED,Redwoods,1,A,Attack,2026-06-06,2026-06-06,0.0,0.0,0.0,0.0,0.0,0.0,3.0,0,0.0,0.0,0.0,0.0,0.0,0.0,1.0,1.0,0.0,0,0,0,0.0,0.0,1.0,0.5,0.0,8.0,4.0,0.0,0.0,,,,,,,0.0,0.0,0.0,0.0,0.0,0.0,3.0,0.0,0.0,0.0,0.0,0.0,0.0,0.0,1.0,1.0,0.0,0.0,0.0,0.0,0.0,0.0,1.0,0.5,0.0,8.0,4.0,0.0
003293,Hunter Drouin,WAT,Waterdogs,1,A,Attack,2026-07-25,2026-07-25,1.0,0.0,0.0,0.0,0.0,1.0,1.0,1,0.0,0.0,0.0,0.0,0.0,0.0,0.0,4.0,0.0,0,0,0,0.0,0.0,0.0,0.0,3.0,26.0,21.0,0.0,1.0,,,,,0.3333333333333333,,1.0,0.0,0.0,0.0,0.0,1.0,1.0,1.0,0.0,0.0,0.0,0.0,0.0,0.0,0.0,4.0,0.0,0.0,0.0,0.0,0.0,0.0,0.0,0.0,3.0,26.0,21.0,3.0
003296,Cullen Brown,ARC,Archers,1,D,Defense,2026-06-20,2026-06-20,0.0,0.0,0.0,0.0,0.0,0.0,1.0,0,1.0,0.0,0.0,0.0,0.0,0.0,2.0,0.0,2.0,0,0,0,0.0,0.0,0.0,0.0,0.0,11.0,10.0,0.0,0.0,,,,,,0.0,0.0,0.0,0.0,0.0,0.0,0.0,1.0,0.0,1.0,0.0,0.0,0.0,0.0,0.0,2.0,0.0,2.0,0.0,0.0,0.0,0.0,0.0,0.0,0.0,0.0,11.0,10.0,0.0
003296,Cullen Brown,ATL,Atlas,2,D,Defense,2026-06-06,2026-08-02,1.0,1.0,1.0,0.0,1.0,0.0,2.0,1,1.0,0.0,0.0,0.0,0.0,0.0,4.0,2.0,2.0,0,0,0,0.0,0.0,0.0,0.0,0.0,21.0,17.0,0.5,0.5,,,,,,0.0,0.5,0.5,0.5,0.0,0.5,0.0,1.0,0.5,0.5,0.0,0.0,0.0,0.0,0.0,2.0,1.0,1.0,0.0,0.0,0.0,0.0,0.0,0.0,0.0,0.0,10.5,8.5,0.0
003296,Cullen Brown,CAN,Cannons,2,D,Defense,2026-06-28,2026-08-09,0.0,0.0,0.0,0.0,0.0,0.0,1.0,0,0.0,0.0,0.0,0.0,0.0,0.0,6.0,1.0,3.0,0,0,0,0.0,0.0,0.0,0.0,1.0,13.0,11.0,0.0,0.0,,,,,0.0,,0.0,0.0,0.0,0.0,0.0,0.0,0.5,0.0,0.0,0.0,0.0,0.0,0.0,0.0,3.0,0.5,1.5,0.0,0.0,0.0,0.0,0.0,0.0,0.0,0.5,6.5,5.5,0.5
003296,Cullen Brown,CHA,Chaos,2,D,Defense,2026-06-28,2026-07-31,0.0,0.0,0.0,0.0,0.0,0.0,0.0,0,0.0,0.0,0.0,0.0,0.0,0.0,3.0,0.0,1.0,0,0,0,0.0,0.0,0.0,0.0,0.0,6.0,6.0,,,,,,,,,0.0,0.0,0.0,0.0,0.0,0.0,0.0,0.0,0.0,0.0,0.0,0.0,0.0,0.0,1.5,0.0,0.5,0.0,0.0,0.0,0.0,0.0,0.0,0.0,0.0,3.0,3.0,0.0
003296,Cullen Brown,WAT,Waterdogs,1,D,Defense,2026-07-10,2026-07-10,0.0,0.0,0.0,0.0,0.0,0.0,0.0,0,0.0,0.0,0.0,0.0,0.0,0.0,2.0,0.0,0.0,0,0,0,0.0,0.0,0.0,0.0,0.0,3.0,3.0,,,,,,,,,0.0,0.0,0.0,0.0,0.0,0.0,0.0,0.0,0.0,0.0,0.0,0.0,0.0,0.0,2.0,0.0,0.0,0.0,0.0,0.0,0.0,0.0,0.0,0.0,0.0,3.0,3.0,0.0
003296,Cullen Brown,WHP,Whipsnakes,1,D,Defense,2026-07-17,2026-07-17,0.0,0.0,0.0,0.0,0.0,0.0,0.0,0,0.0,0.0,0.0,0.0,0.0,0.0,1.0,0.0,0.0,0,0,0,0.0,0.0,0.0,0.0,0.0,1.0,1.0,,,,,,,,,0.0,0.0,0.0,0.0,0.0,0.0,0.0,0.0,0.0,0.0,0.0,0.0,0.0,0.0,1.0,0.0,0.0,0.0,0.0,0.0,0.0,0.0,0.0,0.0,0.0,1.0,1.0,0.0
003297,Michael Leo,ARC,Archers,1,M,Midfield,2026-06-20,2026-06-20,1.0,0.0,0.0,0.0,0.0,1.0,1.0,1,0.0,0.0,0.0,0.0,0.0,0.0,0.0,1.0,0.0,0,0,0,0.0,0.0,0.0,0.0,1.0,8.0,6.0,0.0,1.0,,,,,1.0,,1.0,0.0,0.0,0.0,0.0,1.0,1.0,1.0,0.0,0.0,0.0,0.0,0.0,0.0,0.0,1.0,0.0,0.0,0.0,0.0,0.0,0.0,0.0,0.0,1.0,8.0,6.0,1.0
003297,Michael Leo,ATL,Atlas,1,M,Midfield,2026-06-06,2026-06-06,1.0,1.0,1.0,0.0,1.0,0.0,4.0,2,0.0,0.0,0.0,0.0,0.0,0.0,0.0,1.0,0.0,0,0,0,0.0,0.0,0.0,0.0,0.0,11.0,6.0,0.25,0.5,,,,,,,1.0,1.0,1.0,0.0,1.0,0.0,4.0,2.0,0.0,0.0,0.0,0.0,0.0,0.0,0.0,1.0,0.0,0.0,0.0,0.0,0.0,0.0,0.0,0.0,0.0,11.0,6.0,0.0
003297,Michael Leo,CAN,Cannons,1,M,Midfield,2026-06-28,2026-06-28,1.0,1.0,1.0,0.0,1.0,0.0,3.0,2,0.0,0.0,0.0,0.0,0.0,0.0,0.0,0.0,0.0,0,0,0,0.0,0.0,0.0,0.0,0.0,8.0,5.0,0.3333333333333333,0.6666666666666666,,,,,,,1.0,1.0,1.0,0.0,1.0,0.0,3.0,2.0,0.0,0.0,0.0,0.0,0.0,0.0,0.0,0.0,0.0,0.0,0.0,0.0,0.0,0.0,0.0,0.0,0.0,8.0,5.0,0.0
003297,Michael Leo,CHA,Chaos,1,M,Midfield,2026-06-28,2026-06-28,1.0,1.0,1.0,0.0,1.0,0.0,6.0,4,0.0,0.0,0.0,0.0,0.0,0.0,0.0,1.0,0.0,0,0,0,0.0,0.0,0.0,0.0,1.0,25.0,18.0,0.16666666666666666,0.6666666666666666,,,,,0.0,,1.0,1.0,1.0,0.0,1.0,0.0,6.0,4.0,0.0,0.0,0.0,0.0,0.0,0.0,0.0,1.0,0.0,0.0,0.0,0.0,0.0,0.0,0.0,0.0,1.0,25.0,18.0,1.0
003297,Michael Leo,WHP,Whipsnakes,1,M,Midfield,2026-07-17,2026-07-17,1.0,0.0,0.0,0.0,0.0,1.0,4.0,4,0.0,0.0,0.0,0.0,0.0,0.0,1.0,1.0,0.0,0,0,0,0.0,0.0,0.0,0.0,5.0,14.0,9.0,0.0,1.0,,,,,0.2,,1.0,0.0,0.0,0.0,0.0,1.0,4.0,4.0,0.0,0.0,0.0,0.0,0.0,0.0,1.0,1.0,0.0,0.0,0.0,0.0,0.0,0.0,0.0,0.0,5.0,14.0,9.0,5.0
003298,Finn Thomson,ATL,Atlas,1,A,Attack,2026-08-02,2026-08-02,0.0,0.0,0.0,0.0,0.0,0.0,1.0,0,0.0,0.0,0.0,0.0,0.0,0.0,1.0,1.0,0.0,0,0,0,0.0,0.0,0.0,0.0,0.0,7.0,5.0,0.0,0.0,,,,,,,0.0,0.0,0.0,0.0,0.0,0.0,1.0,0.0,0.0,0.0,0.0,0.0,0.0,0.0,1.0,1.0,0.0,0.0,0.0,0.0,0.0,0.0,0.0,0.0,0.0,7.0,5.0,0.0
003298,Finn Thomson,CAN,Cannons,1,A,Attack,2026-08-09,2026-08-09,3.0,2.0,2.0,0.0,2.0,1.0,4.0,4,0.0,0.0,0.0,0.0,0.0,0.0,1.0,0.0,1.0,0,0,0,0.0,0.0,0.0,0.0,1.0,24.0,20.0,0.5,1.0,,,,,1.0,,3.0,2.0,2.0,0.0,2.0,1.0,4.0,4.0,0.0,0.0,0.0,0.0,0.0,0.0,1.0,0.0,1.0,0.0,0.0,0.0,0.0,0.0,0.0,0.0,1.0,24.0,20.0,1.0
003298,Finn Thomson,CHA,Chaos,1,A,Attack,2026-07-31,2026-07-31,2.0,2.0,2.0,0.0,2.0,0.0,2.0,2,0.0,0.0,0.0,0.0,0.0,0.0,1.0,0.0,0.0,0,0,0,0.0,0.0,1.0,2.0,0.0,6.0,4.0,1.0,1.0,,,,,,,2.0,2.0,2.0,0.0,2.0,0.0,2.0,2.0,0.0,0.0,0.0,0.0,0.0,0.0,1.0,0.0,0.0,0.0,0.0,0.0,0.0,0.0,1.0,2.0,0.0,6.0,4.0,0.0
003300,Ty English,ARC,Archers,1,M,Midfield,2026-08-08,2026-08-08,0.0,0.0,0.0,0.0,0.0,0.0,1.0,0,1.0,0.0,0.0,0.0,0.0,0.0,1.0,0.0,1.0,0,1,1,0.0,0.0,0.0,0.0,1.0,16.0,15.0,0.0,0.0,0.0,,,,0.0,0.0,0.0,0.0,0.0,0.0,0.0,0.0,1.0,0.0,1.0,0.0,0.0,0.0,0.0,0.0,1.0,0.0,1.0,0.0,1.0,1.0,0.0,0.0,0.0,0.0,1.0,16.0,15.0,1.0
003300,Ty English,CAN,Cannons,1,M,Midfield,2026-07-25,2026-07-25,0.0,0.0,0.0,0.0,0.0,0.0,1.0,1,0.0,0.0,0.0,0.0,0.0,0.0,4.0,1.0,2.0,1,9,10,0.0,0.0,0.0,0.0,0.0,18.0,16.0,0.0,1.0,0.1,,,,,,0.0,0.0,0.0,0.0,0.0,0.0,1.0,1.0,0.0,0.0,0.0,0.0,0.0,0.0,4.0,1.0,2.0,1.0,9.0,10.0,0.0,0.0,0.0,0.0,0.0,18.0,16.0,0.0
003300,Ty English,OUT,Outlaws,1,M,Midfield,2026-07-18,2026-07-18,0.0,0.0,0.0,0.0,0.0,0.0,3.0,1,0.0,0.0,0.0,0.0,0.0,0.0,1.0,0.0,1.0,0,0,0,0.0,0.0,2.0,1.5,0.0,11.0,8.0,0.0,0.3333333333333333,,,,,,,0.0,0.0,0.0,0.0,0.0,0.0,3.0,1.0,0.0,0.0,0.0,0.0,0.0,0.0,1.0,0.0,1.0,0.0,0.0,0.0,0.0,0.0,2.0,1.5,0.0,11.0,8.0,0.0
003300,Ty English,RED,Redwoods,2,M,Midfield,2026-06-28,2026-07-31,2.0,2.0,0.0,1.0,1.0,0.0,2.0,1,1.0,0.0,0.0,0.0,0.0,0.0,5.0,1.0,3.0,0,10,10,0.0,0.0,0.0,0.0,0.0,28.0,25.0,0.5,0.5,0.0,,,,,1.0,1.0,1.0,0.0,0.5,0.5,0.0,1.0,0.5,0.5,0.0,0.0,0.0,0.0,0.0,2.5,0.5,1.5,0.0,5.0,5.0,0.0,0.0,0.0,0.0,0.0,14.0,12.5,0.0
003300,Ty English,WAT,Waterdogs,1,M,Midfield,2026-08-01,2026-08-01,0.0,0.0,0.0,0.0,0.0,0.0,1.0,1,0.0,0.0,0.0,0.0,0.0,0.0,1.0,0.0,1.0,0,8,8,0.0,0.0,1.0,1.0,2.0,15.0,14.0,0.0,1.0,0.0,,,,0.0,,0.0,0.0,0.0,0.0,0.0,0.0,1.0,1.0,0.0,0.0,0.0,0.0,0.0,0.0,1.0,0.0,1.0,0.0,8.0,8.0,0.0,0.0,1.0,1.0,2.0,15.0,14.0,2.0
003300,Ty English,WHP,Whipsnakes,1,M,Midfield,2026-07-12,2026-07-12,1.0,1.0,1.0,0.0,1.0,0.0,2.0,2,0.0,0.0,0.0,0.0,0.0,0.0,3.0,0.0,2.0,0,0,0,0.0,0.0,1.0,1.0,0.0,12.0,10.0,0.5,1.0,,,,,,,1.0,1.0,1.0,0.0,1.0,0.0,2.0,2.0,0.0,0.0,0.0,0.0,0.0,0.0,3.0,0.0,2.0,0.0,0.0,0.0,0.0,0.0,1.0,1.0,0.0,12.0,10.0,0.0
003301,Carson Billig,RED,Redwoods,1,SSDM,Defensive Midfield,2026-08-02,2026-08-02,0.0,0.0,0.0,0.0,0.0,0.0,0.0,0,0.0,0.0,0.0,0.0,0.0,0.0,0.0,0.0,0.0,0,0,0,0.0,0.0,0.0,0.0,0.0,2.0,2.0,,,,,,,,,0.0,0.0,0.0,0.0,0.0,0.0,0.0,0.0,0.0,0.0,0.0,0.0,0.0,0.0,0.0,0.0,0.0,0.0,0.0,0.0,0.0,0.0,0.0,0.0,0.0,2.0,2.0,0.0
003301,Carson Billig,WAT,Waterdogs,1,SSDM,Defensive Midfield,2026-07-25,2026-07-25,0.0,0.0,0.0,0.0,0.0,0.0,0.0,0,0.0,0.0,0.0,0.0,0.0,0.0,0.0,0.0,0.0,0,0,0,0.0,0.0,0.0,0.0,0.0,1.0,1.0,,,,,,,,,0.0,0.0,0.0,0.0,0.0,0.0,0.0,0.0,0.0,0.0,0.0,0.0,0.0,0.0,0.0,0.0,0.0,0.0,0.0,0.0,0.0,0.0,0.0,0.0,0.0,1.0,1.0,0.0
003302,Vinny Butrico,OUT,Outlaws,1,A,Attack,2026-08-08,2026-08-08,1.0,0.0,0.0,0.0,0.0,1.0,5.0,4,0.0,0.0,0.0,0.0,0.0,0.0,2.0,2.0,0.0,0,0,0,0.0,0.0,0.0,0.0,1.0,36.0,29.0,0.0,0.8,,,,,1.0,,1.0,0.0,0.0,0.0,0.0,1.0,5.0,4.0,0.0,0.0,0.0,0.0,0.0,0.0,2.0,2.0,0.0,0.0,0.0,0.0,0.0,0.0,0.0,0.0,1.0,36.0,29.0,1.0
003302,Vinny Butrico,RED,Redwoods,1,A,Attack,2026-08-02,2026-08-02,1.0,1.0,1.0,0.0,1.0,0.0,1.0,1,0.0,0.0,0.0,0.0,0.0,0.0,0.0,0.0,0.0,0,0,0,0.0,0.0,0.0,0.0,0.0,4.0,3.0,1.0,1.0,,,,,,,1.0,1.0,1.0,0.0,1.0,0.0,1.0,1.0,0.0,0.0,0.0,0.0,0.0,0.0,0.0,0.0,0.0,0.0,0.0,0.0,0.0,0.0,0.0,0.0,0.0,4.0,3.0,0.0
003303,Leif Hagerup,ARC,Archers,1,SSDM,Defensive Midfield,2026-08-08,2026-08-08,0.0,0.0,0.0,0.0,0.0,0.0,0.0,0,0.0,0.0,0.0,0.0,0.0,0.0,1.0,1.0,1.0,0,0,0,0.0,0.0,0.0,0.0,0.0,3.0,2.0,,,,,,,,,0.0,0.0,0.0,0.0,0.0,0.0,0.0,0.0,0.0,0.0,0.0,0.0,0.0,0.0,1.0,1.0,1.0,0.0,0.0,0.0,0.0,0.0,0.0,0.0,0.0,3.0,2.0,0.0
003303,Leif Hagerup,WAT,Waterdogs,1,SSDM,Defensive Midfield,2026-08-01,2026-08-01,0.0,0.0,0.0,0.0,0.0,0.0,0.0,0,0.0,0.0,0.0,0.0,0.0,0.0,0.0,0.0,0.0,0,0,0,0.0,0.0,0.0,0.0,0.0,2.0,2.0,,,,,,,,,0.0,0.0,0.0,0.0,0.0,0.0,0.0,0.0,0.0,0.0,0.0,0.0,0.0,0.0,0.0,0.0,0.0,0.0,0.0,0.0,0.0,0.0,0.0,0.0,0.0,2.0,2.0,0.0
