player_id,full_name,position,position_name,split_type,games,first_game_date,last_game_date,opponents,teams,points,scoring_points,one_point_goals,two_point_goals,goals,assists,shots,shots_on_goal,two_point_shots,saves,clean_saves,messy_saves,scores_against,saa,ground_balls,turnovers,caused_turnovers,faceoffs_won,faceoffs_lost,faceoffs,goals_against,two_point_goals_against,num_penalties,pim,assist_opportunities,touches,total_passes,shot_pct_calc,shots_on_goal_rate_calc,faceoff_pct_calc,save_pct_calc,clean_save_pct,clean_save_rate,assist_conv_rate,two_pt_conversion,points_per_game,scoring_points_per_game,one_point_goals_per_game,two_point_goals_per_game,goals_per_game,assists_per_game,shots_per_game,shots_on_goal_per_game,two_point_shots_per_game,saves_per_game,clean_saves_per_game,messy_saves_per_game,scores_against_per_game,saa_per_game,ground_balls_per_game,turnovers_per_game,caused_turnovers_per_game,faceoffs_won_per_game,faceoffs_lost_per_game,faceoffs_per_game,goals_against_per_game,two_point_goals_against_per_game,num_penalties_per_game,pim_per_game,assist_opportunities_per_game,touches_per_game,total_passes_per_game,assist_opp_per_game
000201,Adam Ghitelman,G,Goalie,last_10,10,2022-06-26,2025-08-02,ARC|ATL|CAN|CHA|OUT|RED|WAT,ARC|CAN,0.0,0.0,0.0,0.0,0.0,0.0,3.0,1,3.0,80.0,19.0,61.0,92.0,95.53333,28.0,1.0,3.0,0,0,0,89.0,3.0,1.0,1.0,1.0,119.0,115.0,0.0,0.3333333333333333,,0.47337278106508873,23.75,0.11242603550295859,0.0,0.0,0.0,0.0,0.0,0.0,0.0,0.0,0.3,0.1,0.3,8.0,1.9,6.1,9.2,9.553333,2.8,0.1,0.3,0.0,0.0,0.0,8.9,0.3,0.1,0.1,0.1,11.9,11.5,0.1
000204,Christian Cuccinello,A,Attack,last_10,2,2022-06-11,2022-07-24,ARC|ATL,CAN,2.0,2.0,2.0,0.0,2.0,0.0,6.0,4,0.0,0.0,0.0,0.0,0.0,0.0,1.0,0.0,0.0,0,0,0,0.0,0.0,0.0,0.0,0.0,16.0,10.0,0.3333333333333333,0.6666666666666666,,,,,,,1.0,1.0,1.0,0.0,1.0,0.0,3.0,2.0,0.0,0.0,0.0,0.0,0.0,0.0,0.5,0.0,0.0,0.0,0.0,0.0,0.0,0.0,0.0,0.0,0.0,8.0,5.0,0.0
000207,Dominique Alexander,SSDM,Defensive Midfield,last_10,9,2022-06-05,2022-08-21,ATL|CAN|CHA|OUT|RED|WAT,ARC,2.0,1.0,1.0,0.0,1.0,1.0,1.0,1,0.0,0.0,0.0,0.0,0.0,0.0,15.0,0.0,9.0,0,0,0,0.0,0.0,4.0,3.0,2.0,66.0,65.0,1.0,1.0,,,,,0.5,,0.2222222222222222,0.1111111111111111,0.1111111111111111,0.0,0.1111111111111111,0.1111111111111111,0.1111111111111111,0.1111111111111111,0.0,0.0,0.0,0.0,0.0,0.0,1.6666666666666667,0.0,1.0,0.0,0.0,0.0,0.0,0.0,0.4444444444444444,0.3333333333333333,0.2222222222222222,7.333333333333333,7.222222222222222,0.2222222222222222
000211,Ian MacKay,SSDM,Defensive Midfield,last_10,10,2023-08-27,2024-08-17,ARC|ATL|CAN|OUT|RED|WAT|WHP,CHA,9.0,8.0,8.0,0.0,8.0,1.0,22.0,14,3.0,0.0,0.0,0.0,0.0,0.0,10.0,4.0,0.0,0,6,6,0.0,0.0,6.0,5.5,7.0,94.0,68.0,0.36363636363636365,0.6363636363636364,0.0,,,,0.14285714285714285,0.0,0.9,0.8,0.8,0.0,0.8,0.1,2.2,1.4,0.3,0.0,0.0,0.0,0.0,0.0,1.0,0.4,0.0,0.0,0.6,0.6,0.0,0.0,0.6,0.55,0.7,9.4,6.8,0.7
000213,Jerry Ragonese,FO,Faceoff,last_10,1,2022-07-02,2022-07-02,CAN,CHA,1.0,1.0,1.0,0.0,1.0,0.0,1.0,1,0.0,0.0,0.0,0.0,0.0,0.0,2.0,0.0,0.0,2,6,8,0.0,0.0,0.0,0.0,0.0,2.0,1.0,1.0,1.0,0.25,,,,,,1.0,1.0,1.0,0.0,1.0,0.0,1.0,1.0,0.0,0.0,0.0,0.0,0.0,0.0,2.0,0.0,0.0,2.0,6.0,8.0,0.0,0.0,0.0,0.0,0.0,2.0,1.0,0.0
000216,Marcus Holman,A,Attack,last_10,10,2025-07-19,2026-06-28,ATL|CHA|OUT|RED|WAT|WHP,CAN,30.0,25.0,17.0,4.0,21.0,5.0,65.0,46,18.0,0.0,0.0,0.0,0.0,0.0,23.0,12.0,4.0,0,0,0,0.0,0.0,2.0,1.5,21.0,381.0,304.0,0.3230769230769231,0.7076923076923077,,,,,0.23809523809523808,0.2222222222222222,3.0,2.5,1.7,0.4,2.1,0.5,6.5,4.6,1.8,0.0,0.0,0.0,0.0,0.0,2.3,1.2,0.4,0.0,0.0,0.0,0.0,0.0,0.2,0.15,2.1,38.1,30.4,2.1
000217,Mark McNeill,SSDM,Defensive Midfield,last_10,9,2022-06-05,2022-08-21,ATL|CAN|CHA|OUT|RED|WAT|WHP,ARC,1.0,0.0,0.0,0.0,0.0,1.0,0.0,0,0.0,0.0,0.0,0.0,0.0,0.0,9.0,3.0,2.0,0,0,0,0.0,0.0,1.0,0.5,1.0,36.0,33.0,,,,,,,1.0,,0.1111111111111111,0.0,0.0,0.0,0.0,0.1111111111111111,0.0,0.0,0.0,0.0,0.0,0.0,0.0,0.0,1.0,0.3333333333333333,0.2222222222222222,0.0,0.0,0.0,0.0,0.0,0.1111111111111111,0.05555555555555555,0.1111111111111111,4.0,3.6666666666666665,0.1111111111111111
000218,Matt McMahon,D,Defense,last_10,10,2023-06-03,2023-08-26,ATL|CAN|CHA|OUT|RED|WAT|WHP,ARC,0.0,0.0,0.0,0.0,0.0,0.0,0.0,0,0.0,0.0,0.0,0.0,0.0,0.0,17.0,2.0,5.0,0,0,0,0.0,0.0,2.0,1.5,1.0,36.0,34.0,,,,,,,0.0,,0.0,0.0,0.0,0.0,0.0,0.0,0.0,0.0,0.0,0.0,0.0,0.0,0.0,0.0,1.7,0.2,0.5,0.0,0.0,0.0,0.0,0.0,0.2,0.15,0.1,3.6,3.4,0.1
000221,Ryan Ambler,M,Midfield,last_10,10,2025-07-19,2026-06-28,CHA|OUT|RED|WAT|WHP,ARC,9.0,4.0,4.0,0.0,4.0,5.0,28.0,12,2.0,0.0,0.0,0.0,0.0,0.0,9.0,13.0,2.0,0,0,0,0.0,0.0,0.0,0.0,13.0,177.0,136.0,0.14285714285714285,0.42857142857142855,,,,,0.38461538461538464,0.0,0.9,0.4,0.4,0.0,0.4,0.5,2.8,1.2,0.2,0.0,0.0,0.0,0.0,0.0,0.9,1.3,0.2,0.0,0.0,0.0,0.0,0.0,0.0,0.0,1.3,17.7,13.6,1.3
000222,Stephen Kelly,FO,Faceoff,last_10,10,2022-06-25,2023-07-09,ARC|ATL|CHA|OUT|RED|WAT|WHP,CAN,3.0,1.0,1.0,0.0,1.0,2.0,6.0,5,1.0,0.0,0.0,0.0,0.0,0.0,64.0,8.0,1.0,101,125,226,0.0,0.0,0.0,0.0,7.0,68.0,54.0,0.16666666666666666,0.8333333333333334,0.4469026548672566,,,,0.2857142857142857,0.0,0.3,0.1,0.1,0.0,0.1,0.2,0.6,0.5,0.1,0.0,0.0,0.0,0.0,0.0,6.4,0.8,0.1,10.1,12.5,22.6,0.0,0.0,0.0,0.0,0.7,6.8,5.4,0.7
000223,Scott Ratliff,D,Defense,last_10,10,2022-06-05,2022-08-21,ATL|CAN|CHA|OUT|RED|WAT|WHP,ARC,2.0,1.0,1.0,0.0,1.0,1.0,10.0,8,8.0,0.0,0.0,0.0,0.0,0.0,27.0,4.0,13.0,0,0,0,0.0,0.0,3.0,2.5,6.0,111.0,97.0,0.1,0.8,,,,,0.16666666666666666,0.0,0.2,0.1,0.1,0.0,0.1,0.1,1.0,0.8,0.8,0.0,0.0,0.0,0.0,0.0,2.7,0.4,1.3,0.0,0.0,0.0,0.0,0.0,0.3,0.25,0.6,11.1,9.7,0.6
000225,Tom Schreiber,M,Midfield,last_10,10,2024-08-10,2025-07-26,ATL|CAN|CHA|OUT|RED|WAT|WHP,ARC,19.0,8.0,8.0,0.0,8.0,11.0,42.0,23,5.0,0.0,0.0,0.0,0.0,0.0,13.0,27.0,2.0,0,0,0,0.0,0.0,1.0,1.0,31.0,252.0,183.0,0.19047619047619047,0.5476190476190477,,,,,0.3548387096774194,0.0,1.9,0.8,0.8,0.0,0.8,1.1,4.2,2.3,0.5,0.0,0.0,0.0,0.0,0.0,1.3,2.7,0.2,0.0,0.0,0.0,0.0,0.0,0.1,0.1,3.1,25.2,18.3,3.1
000227,Will Manny,A,Attack,last_10,10,2023-07-30,2025-08-09,ARC|ATL|CAN|CHA|OUT|RED|WAT|WHP,CAN|WHP,26.0,15.0,15.0,0.0,15.0,11.0,54.0,37,1.0,0.0,0.0,0.0,0.0,0.0,12.0,10.0,2.0,0,0,0,0.0,0.0,1.0,0.5,31.0,236.0,172.0,0.2777777777777778,0.6851851851851852,,,,,0.3548387096774194,0.0,2.6,1.5,1.5,0.0,1.5,1.1,5.4,3.7,0.1,0.0,0.0,0.0,0.0,0.0,1.2,1.0,0.2,0.0,0.0,0.0,0.0,0.0,0.1,0.05,3.1,23.6,17.2,3.1
000231,Chris Cloutier,A,Attack,last_10,10,2022-07-23,2023-08-27,ARC|ATL|CAN|OUT|RED|WHP,CHA,23.0,17.0,17.0,0.0,17.0,6.0,55.0,36,0.0,0.0,0.0,0.0,0.0,0.0,13.0,21.0,0.0,0,0,0,0.0,0.0,0.0,0.0,22.0,265.0,189.0,0.3090909090909091,0.6545454545454545,,,,,0.2727272727272727,,2.3,1.7,1.7,0.0,1.7,0.6,5.5,3.6,0.0,0.0,0.0,0.0,0.0,0.0,1.3,2.1,0.0,0.0,0.0,0.0,0.0,0.0,0.0,0.0,2.2,26.5,18.9,2.2
000234,Eric Law,A,Attack,last_10,10,2023-08-12,2025-08-02,ARC|ATL|CAN|CHA|RED|WAT|WHP,ATL|OUT,20.0,17.0,17.0,0.0,17.0,3.0,34.0,28,0.0,0.0,0.0,0.0,0.0,0.0,8.0,15.0,1.0,0,0,0,0.0,0.0,2.0,1.5,12.0,233.0,184.0,0.5,0.8235294117647058,,,,,0.25,,2.0,1.7,1.7,0.0,1.7,0.3,3.4,2.8,0.0,0.0,0.0,0.0,0.0,0.0,0.8,1.5,0.1,0.0,0.0,0.0,0.0,0.0,0.2,0.15,1.2,23.3,18.4,1.2
000235,Jake Richard,SSDM,Defensive Midfield,last_10,10,2023-08-26,2024-08-17,ARC|ATL|CAN|CHA|RED|WHP,ATL|WAT,2.0,0.0,0.0,0.0,0.0,2.0,4.0,3,1.0,0.0,0.0,0.0,0.0,0.0,8.0,1.0,3.0,0,14,15,0.0,0.0,5.0,2.5,3.0,60.0,55.0,0.0,0.75,0.0,,,,0.6666666666666666,0.0,0.2,0.0,0.0,0.0,0.0,0.2,0.4,0.3,0.1,0.0,0.0,0.0,0.0,0.0,0.8,0.1,0.3,0.0,1.4,1.5,0.0,0.0,0.5,0.25,0.3,6.0,5.5,0.3
000238,John Crawley,M,Midfield,last_10,9,2022-06-04,2022-08-13,ARC|CAN|OUT|RED|WAT|WHP,ATL,5.0,4.0,4.0,0.0,4.0,1.0,22.0,13,1.0,0.0,0.0,0.0,0.0,0.0,3.0,8.0,0.0,0,0,0,0.0,0.0,0.0,0.0,5.0,99.0,69.0,0.18181818181818182,0.5909090909090909,,,,,0.2,0.0,0.5555555555555556,0.4444444444444444,0.4444444444444444,0.0,0.4444444444444444,0.1111111111111111,2.4444444444444446,1.4444444444444444,0.1111111111111111,0.0,0.0,0.0,0.0,0.0,0.3333333333333333,0.8888888888888888,0.0,0.0,0.0,0.0,0.0,0.0,0.0,0.0,0.5555555555555556,11.0,7.666666666666667,0.5555555555555556
000240,Kieran McArdle,A,Attack,last_10,10,2025-07-12,2026-06-28,ARC|ATL|CAN|CHA|WHP,WAT,26.0,13.0,13.0,0.0,13.0,13.0,51.0,31,0.0,0.0,0.0,0.0,0.0,0.0,13.0,18.0,0.0,0,0,0,0.0,0.0,2.0,2.0,32.0,312.0,243.0,0.2549019607843137,0.6078431372549019,,,,,0.40625,,2.6,1.3,1.3,0.0,1.3,1.3,5.1,3.1,0.0,0.0,0.0,0.0,0.0,0.0,1.3,1.8,0.0,0.0,0.0,0.0,0.0,0.0,0.2,0.2,3.2,31.2,24.3,3.2
000241,Jack Concannon,G,Goalie,last_10,10,2022-08-21,2023-08-26,ARC|CAN|CHA|OUT|RED|WAT|WHP,ATL,0.0,0.0,0.0,0.0,0.0,0.0,0.0,0,0.0,116.0,18.0,98.0,127.0,138.77049,13.0,5.0,0.0,0,0,0,116.0,11.0,0.0,0.0,2.0,76.0,71.0,,,,0.5,15.517241379310345,0.07758620689655173,0.0,,0.0,0.0,0.0,0.0,0.0,0.0,0.0,0.0,0.0,11.6,1.8,9.8,12.7,13.877049,1.3,0.5,0.0,0.0,0.0,0.0,11.6,1.1,0.0,0.0,0.2,7.6,7.1,0.2
000242,Kyle Hartzell,LSM,Long Stick Midfield,last_10,10,2022-07-31,2026-06-28,ARC|CAN|CHA|OUT|RED|WAT|WHP,CAN|RED,3.0,3.0,1.0,1.0,2.0,0.0,6.0,4,4.0,0.0,0.0,0.0,0.0,0.0,14.0,1.0,5.0,2,17,19,0.0,0.0,2.0,1.0,0.0,50.0,43.0,0.3333333333333333,0.6666666666666666,0.10526315789473684,,,,,0.25,0.3,0.3,0.1,0.1,0.2,0.0,0.6,0.4,0.4,0.0,0.0,0.0,0.0,0.0,1.4,0.1,0.5,0.2,1.7,1.9,0.0,0.0,0.2,0.1,0.0,5.0,4.3,0.0
000246,Ryan Brown,A,Attack,last_10,7,2022-06-05,2022-08-21,ARC|CAN|CHA|OUT|WHP,WAT,11.0,11.0,9.0,1.0,10.0,0.0,43.0,27,2.0,0.0,0.0,0.0,0.0,0.0,3.0,2.0,1.0,0,0,0,0.0,0.0,2.0,1.0,0.0,79.0,34.0,0.23255813953488372,0.627906976744186,,,,,,0.5,1.5714285714285714,1.5714285714285714,1.2857142857142858,0.14285714285714285,1.4285714285714286,0.0,6.142857142857143,3.857142857142857,0.2857142857142857,0.0,0.0,0.0,0.0,0.0,0.42857142857142855,0.2857142857142857,0.14285714285714285,0.0,0.0,0.0,0.0,0.0,0.2857142857142857,0.14285714285714285,0.0,11.285714285714286,4.857142857142857,0.0
000251,Steven DeNapoli,SSDM,Defensive Midfield,last_10,4,2022-07-31,2022-08-21,ARC|ATL|CAN|RED,WAT,3.0,3.0,3.0,0.0,3.0,0.0,4.0,4,0.0,0.0,0.0,0.0,0.0,0.0,4.0,2.0,0.0,0,0,0,0.0,0.0,0.0,0.0,1.0,17.0,11.0,0.75,1.0,,,,,0.0,,0.75,0.75,0.75,0.0,0.75,0.0,1.0,1.0,0.0,0.0,0.0,0.0,0.0,0.0,1.0,0.5,0.0,0.0,0.0,0.0,0.0,0.0,0.0,0.0,0.25,4.25,2.75,0.25
000254,Trevor Baptiste,FO,Faceoff,last_10,10,2025-06-14,2026-06-06,ARC|CAN|OUT|RED|WAT|WHP,ATL,5.0,4.0,4.0,0.0,4.0,1.0,15.0,10,1.0,0.0,0.0,0.0,0.0,0.0,89.0,11.0,4.0,151,114,267,0.0,0.0,2.0,1.0,4.0,106.0,80.0,0.26666666666666666,0.6666666666666666,0.5655430711610487,,,,0.25,0.0,0.5,0.4,0.4,0.0,0.4,0.1,1.5,1.0,0.1,0.0,0.0,0.0,0.0,0.0,8.9,1.1,0.4,15.1,11.4,26.7,0.0,0.0,0.2,0.1,0.4,10.6,8.0,0.4
000255,Tucker Durkin,D,Defense,last_10,10,2023-06-03,2023-08-26,ARC|CAN|CHA|OUT|RED|WAT|WHP,ATL,0.0,0.0,0.0,0.0,0.0,0.0,0.0,0,0.0,0.0,0.0,0.0,0.0,0.0,10.0,1.0,3.0,0,0,0,0.0,0.0,2.0,1.5,0.0,27.0,26.0,,,,,,,,,0.0,0.0,0.0,0.0,0.0,0.0,0.0,0.0,0.0,0.0,0.0,0.0,0.0,0.0,1.0,0.1,0.3,0.0,0.0,0.0,0.0,0.0,0.2,0.15,0.0,2.7,2.6,0.0
000258,Blaze Riorden,G,Goalie,last_10,10,2025-07-12,2026-06-28,ARC|CAN|OUT|RED|WAT,CHA,0.0,0.0,0.0,0.0,0.0,0.0,2.0,1,2.0,136.0,47.0,89.0,111.0,114.17099999999999,11.0,1.0,9.0,0,0,0,101.0,10.0,0.0,0.0,1.0,176.0,173.0,0.0,0.5,,0.5738396624472574,34.55882352941176,0.19831223628691982,0.0,0.0,0.0,0.0,0.0,0.0,0.0,0.0,0.2,0.1,0.2,13.6,4.7,8.9,11.1,11.4171,1.1,0.1,0.9,0.0,0.0,0.0,10.1,1.0,0.0,0.0,0.1,17.6,17.3,0.1
000260,Brodie Merrill,LSM,Long Stick Midfield,last_10,6,2022-06-11,2022-08-21,ARC|ATL|OUT|RED|WHP,CAN,1.0,0.0,0.0,0.0,0.0,1.0,0.0,0,0.0,0.0,0.0,0.0,0.0,0.0,15.0,3.0,6.0,0,0,0,0.0,0.0,2.0,1.5,3.0,34.0,31.0,,,,,,,0.3333333333333333,,0.16666666666666666,0.0,0.0,0.0,0.0,0.16666666666666666,0.0,0.0,0.0,0.0,0.0,0.0,0.0,0.0,2.5,0.5,1.0,0.0,0.0,0.0,0.0,0.0,0.3333333333333333,0.25,0.5,5.666666666666667,5.166666666666667,0.5
000262,Connor Fields,A,Attack,last_10,10,2025-07-19,2026-06-28,CHA|OUT|RED|WAT|WHP,ARC,21.0,15.0,15.0,0.0,15.0,6.0,59.0,43,0.0,0.0,0.0,0.0,0.0,0.0,14.0,22.0,1.0,0,0,0,0.0,0.0,2.0,2.0,19.0,275.0,194.0,0.2542372881355932,0.7288135593220338,,,,,0.3157894736842105,,2.1,1.5,1.5,0.0,1.5,0.6,5.9,4.3,0.0,0.0,0.0,0.0,0.0,0.0,1.4,2.2,0.1,0.0,0.0,0.0,0.0,0.0,0.2,0.2,1.9,27.5,19.4,1.9
000266,Dhane Smith,M,Midfield,last_10,10,2022-08-13,2023-08-27,ARC|ATL|OUT|RED|WAT|WHP,CHA,34.0,7.0,7.0,0.0,7.0,27.0,33.0,21,2.0,0.0,0.0,0.0,0.0,0.0,7.0,29.0,0.0,0,0,0,0.0,0.0,2.0,1.5,91.0,386.0,324.0,0.21212121212121213,0.6363636363636364,,,,,0.2967032967032967,0.0,3.4,0.7,0.7,0.0,0.7,2.7,3.3,2.1,0.2,0.0,0.0,0.0,0.0,0.0,0.7,2.9,0.0,0.0,0.0,0.0,0.0,0.0,0.2,0.15,9.1,38.6,32.4,9.1
000267,Jake Froccaro,M,Midfield,last_10,5,2022-06-05,2022-07-02,ARC|ATL|CHA|OUT|WAT,CAN,8.0,2.0,0.0,1.0,1.0,6.0,20.0,11,8.0,0.0,0.0,0.0,0.0,0.0,8.0,3.0,1.0,0,3,3,0.0,0.0,1.0,0.5,18.0,113.0,90.0,0.05,0.55,0.0,,,,0.3333333333333333,0.125,1.6,0.4,0.0,0.2,0.2,1.2,4.0,2.2,1.6,0.0,0.0,0.0,0.0,0.0,1.6,0.6,0.2,0.0,0.6,0.6,0.0,0.0,0.2,0.1,3.6,22.6,18.0,3.6
000268,James Barclay,D,Defense,last_10,1,2022-07-23,2022-07-23,CHA,WHP,0.0,0.0,0.0,0.0,0.0,0.0,1.0,1,0.0,0.0,0.0,0.0,0.0,0.0,2.0,0.0,0.0,0,0,0,0.0,0.0,0.0,0.0,0.0,4.0,3.0,0.0,1.0,,,,,,,0.0,0.0,0.0,0.0,0.0,0.0,1.0,1.0,0.0,0.0,0.0,0.0,0.0,0.0,2.0,0.0,0.0,0.0,0.0,0.0,0.0,0.0,0.0,0.0,0.0,4.0,3.0,0.0
000269,Jarrod Neumann,D,Defense,last_10,10,2025-07-19,2026-06-28,ARC|ATL|CAN|OUT|RED|WAT,CHA,0.0,0.0,0.0,0.0,0.0,0.0,4.0,2,3.0,0.0,0.0,0.0,0.0,0.0,12.0,6.0,1.0,0,0,0,0.0,0.0,4.0,4.5,1.0,81.0,71.0,0.0,0.5,,,,,0.0,0.0,0.0,0.0,0.0,0.0,0.0,0.0,0.4,0.2,0.3,0.0,0.0,0.0,0.0,0.0,1.2,0.6,0.1,0.0,0.0,0.0,0.0,0.0,0.4,0.45,0.1,8.1,7.1,0.1
000272,Josh Byrne,A,Attack,last_10,10,2023-08-27,2024-08-17,ARC|ATL|CAN|OUT|RED|WAT|WHP,CHA,31.0,13.0,13.0,0.0,13.0,18.0,60.0,36,1.0,0.0,0.0,0.0,0.0,0.0,18.0,22.0,2.0,0,0,0,0.0,0.0,2.0,1.0,41.0,327.0,245.0,0.21666666666666667,0.6,,,,,0.43902439024390244,0.0,3.1,1.3,1.3,0.0,1.3,1.8,6.0,3.6,0.1,0.0,0.0,0.0,0.0,0.0,1.8,2.2,0.2,0.0,0.0,0.0,0.0,0.0,0.2,0.1,4.1,32.7,24.5,4.1
000275,Mark Glicini,SSDM,Defensive Midfield,last_10,10,2025-06-06,2026-05-09,ARC|ATL|CAN|OUT|RED|WAT|WHP,CHA,3.0,3.0,1.0,1.0,2.0,0.0,6.0,4,2.0,0.0,0.0,0.0,0.0,0.0,14.0,2.0,5.0,2,13,15,0.0,0.0,3.0,2.0,2.0,65.0,57.0,0.3333333333333333,0.6666666666666666,0.13333333333333333,,,,0.0,0.5,0.3,0.3,0.1,0.1,0.2,0.0,0.6,0.4,0.2,0.0,0.0,0.0,0.0,0.0,1.4,0.2,0.5,0.2,1.3,1.5,0.0,0.0,0.3,0.2,0.2,6.5,5.7,0.2
000276,Matt Rees,LSM,Long Stick Midfield,last_10,10,2022-08-13,2023-08-26,ARC|ATL|CHA|OUT|RED|WHP,CAN|CHA,5.0,4.0,0.0,2.0,2.0,1.0,12.0,6,10.0,0.0,0.0,0.0,0.0,0.0,15.0,4.0,10.0,1,37,38,0.0,0.0,7.0,6.0,2.0,45.0,29.0,0.16666666666666666,0.5,0.02631578947368421,,,,0.5,0.2,0.5,0.4,0.0,0.2,0.2,0.1,1.2,0.6,1.0,0.0,0.0,0.0,0.0,0.0,1.5,0.4,1.0,0.1,3.7,3.8,0.0,0.0,0.7,0.6,0.2,4.5,2.9,0.2
000278,Myles Jones,M,Midfield,last_10,10,2024-06-16,2025-06-14,ARC|CAN|CHA|OUT|RED|WAT|WHP,ATL,17.0,9.0,7.0,1.0,8.0,8.0,27.0,21,3.0,0.0,0.0,0.0,0.0,0.0,10.0,18.0,0.0,0,0,0,0.0,0.0,1.0,1.0,18.0,159.0,114.0,0.2962962962962963,0.7777777777777778,,,,,0.4444444444444444,0.3333333333333333,1.7,0.9,0.7,0.1,0.8,0.8,2.7,2.1,0.3,0.0,0.0,0.0,0.0,0.0,1.0,1.8,0.0,0.0,0.0,0.0,0.0,0.0,0.1,0.1,1.8,15.9,11.4,1.8
000279,Patrick Resch,SSDM,Defensive Midfield,last_10,10,2024-06-15,2025-08-09,ARC|ATL|CAN|CHA|OUT|RED|WAT|WHP,ARC|CHA,1.0,0.0,0.0,0.0,0.0,1.0,1.0,0,0.0,0.0,0.0,0.0,0.0,0.0,13.0,7.0,2.0,0,1,1,0.0,0.0,2.0,1.5,5.0,81.0,73.0,0.0,0.0,0.0,,,,0.2,,0.1,0.0,0.0,0.0,0.0,0.1,0.1,0.0,0.0,0.0,0.0,0.0,0.0,0.0,1.3,0.7,0.2,0.0,0.1,0.1,0.0,0.0,0.2,0.15,0.5,8.1,7.3,0.5
000280,Thomas Kelly,FO,Faceoff,last_10,5,2022-06-04,2022-07-23,ARC|RED|WAT|WHP,CHA,1.0,1.0,1.0,0.0,1.0,0.0,1.0,1,0.0,0.0,0.0,0.0,0.0,0.0,23.0,3.0,0.0,52,63,115,0.0,0.0,0.0,0.0,0.0,18.0,14.0,1.0,1.0,0.45217391304347826,,,,,,0.2,0.2,0.2,0.0,0.2,0.0,0.2,0.2,0.0,0.0,0.0,0.0,0.0,0.0,4.6,0.6,0.0,10.4,12.6,23.0,0.0,0.0,0.0,0.0,0.0,3.6,2.8,0.0
000281,Troy Reh,LSM,Long Stick Midfield,last_10,10,2025-07-19,2026-06-28,ARC|ATL|CAN|OUT|RED|WAT,CHA,0.0,0.0,0.0,0.0,0.0,0.0,2.0,0,1.0,0.0,0.0,0.0,0.0,0.0,31.0,2.0,7.0,0,0,0,0.0,0.0,2.0,2.0,2.0,84.0,80.0,0.0,0.0,,,,,0.0,0.0,0.0,0.0,0.0,0.0,0.0,0.0,0.2,0.0,0.1,0.0,0.0,0.0,0.0,0.0,3.1,0.2,0.7,0.0,0.0,0.0,0.0,0.0,0.2,0.2,0.2,8.4,8.0,0.2
000282,Tyson Bell,LSM,Long Stick Midfield,last_10,5,2022-06-05,2022-07-02,ARC|ATL|CHA|OUT|WAT,CAN,1.0,1.0,1.0,0.0,1.0,0.0,3.0,1,0.0,0.0,0.0,0.0,0.0,0.0,5.0,2.0,1.0,0,0,0,0.0,0.0,5.0,4.0,0.0,25.0,20.0,0.3333333333333333,0.3333333333333333,,,,,,,0.2,0.2,0.2,0.0,0.2,0.0,0.6,0.2,0.0,0.0,0.0,0.0,0.0,0.0,1.0,0.4,0.2,0.0,0.0,0.0,0.0,0.0,1.0,0.8,0.0,5.0,4.0,0.0
000294,John Ranagan,M,Midfield,last_10,3,2022-06-10,2022-07-24,ATL|RED|WAT,OUT,1.0,1.0,1.0,0.0,1.0,0.0,4.0,3,0.0,0.0,0.0,0.0,0.0,0.0,1.0,2.0,0.0,0,0,0,0.0,0.0,0.0,0.0,6.0,36.0,30.0,0.25,0.75,,,,,0.0,,0.3333333333333333,0.3333333333333333,0.3333333333333333,0.0,0.3333333333333333,0.0,1.3333333333333333,1.0,0.0,0.0,0.0,0.0,0.0,0.0,0.3333333333333333,0.6666666666666666,0.0,0.0,0.0,0.0,0.0,0.0,0.0,0.0,2.0,12.0,10.0,2.0
000295,Jordan MacIntosh,M,Midfield,last_10,10,2022-08-20,2023-08-27,ARC|ATL|CAN|CHA|RED|WAT|WHP,OUT,8.0,7.0,7.0,0.0,7.0,1.0,26.0,16,1.0,0.0,0.0,0.0,0.0,0.0,10.0,13.0,0.0,0,0,0,0.0,0.0,1.0,1.0,12.0,146.0,107.0,0.2692307692307692,0.6153846153846154,,,,,0.08333333333333333,0.0,0.8,0.7,0.7,0.0,0.7,0.1,2.6,1.6,0.1,0.0,0.0,0.0,0.0,0.0,1.0,1.3,0.0,0.0,0.0,0.0,0.0,0.0,0.1,0.1,1.2,14.6,10.7,1.2
000298,Justin Guterding,M,Midfield,last_10,10,2022-06-18,2023-08-26,ARC|ATL|CAN|CHA|OUT|RED|WAT,ATL|WHP,12.0,3.0,3.0,0.0,3.0,9.0,22.0,14,1.0,0.0,0.0,0.0,0.0,0.0,8.0,9.0,1.0,0,0,0,0.0,0.0,1.0,0.5,34.0,167.0,136.0,0.13636363636363635,0.6363636363636364,,,,,0.2647058823529412,0.0,1.2,0.3,0.3,0.0,0.3,0.9,2.2,1.4,0.1,0.0,0.0,0.0,0.0,0.0,0.8,0.9,0.1,0.0,0.0,0.0,0.0,0.0,0.1,0.05,3.4,16.7,13.6,3.4
000302,Michael Manley,D,Defense,last_10,10,2025-06-28,2026-06-27,ARC|ATL|CAN|CHA|RED|WHP,OUT,3.0,2.0,0.0,1.0,1.0,1.0,5.0,2,2.0,0.0,0.0,0.0,0.0,0.0,19.0,7.0,6.0,0,0,0,0.0,0.0,1.0,1.0,2.0,72.0,60.0,0.2,0.4,,,,,0.5,0.5,0.3,0.2,0.0,0.1,0.1,0.1,0.5,0.2,0.2,0.0,0.0,0.0,0.0,0.0,1.9,0.7,0.6,0.0,0.0,0.0,0.0,0.0,0.1,0.1,0.2,7.2,6.0,0.2
000305,Romar Dennis,M,Midfield,last_10,10,2025-05-31,2026-05-16,ARC|ATL|CAN|CHA|OUT|WAT|WHP,RED,10.0,9.0,1.0,4.0,5.0,1.0,49.0,24,30.0,0.0,0.0,0.0,0.0,0.0,5.0,1.0,1.0,0,0,0,0.0,0.0,0.0,0.0,6.0,183.0,133.0,0.10204081632653061,0.4897959183673469,,,,,0.16666666666666666,0.13333333333333333,1.0,0.9,0.1,0.4,0.5,0.1,4.9,2.4,3.0,0.0,0.0,0.0,0.0,0.0,0.5,0.1,0.1,0.0,0.0,0.0,0.0,0.0,0.0,0.0,0.6,18.3,13.3,0.6
000308,Will Haus,SSDM,Defensive Midfield,last_10,10,2024-06-02,2024-08-18,ARC|ATL|CAN|CHA|RED|WAT|WHP,OUT,2.0,0.0,0.0,0.0,0.0,2.0,0.0,0,0.0,0.0,0.0,0.0,0.0,0.0,6.0,2.0,3.0,0,2,2,0.0,0.0,4.0,2.0,3.0,46.0,44.0,,,0.0,,,,0.6666666666666666,,0.2,0.0,0.0,0.0,0.0,0.2,0.0,0.0,0.0,0.0,0.0,0.0,0.0,0.0,0.6,0.2,0.3,0.0,0.2,0.2,0.0,0.0,0.4,0.2,0.3,4.6,4.4,0.3
000310,Brent Adams,M,Midfield,last_10,1,2022-06-11,2022-06-11,CAN,ATL,0.0,0.0,0.0,0.0,0.0,0.0,2.0,0,0.0,0.0,0.0,0.0,0.0,0.0,0.0,0.0,0.0,0,0,0,0.0,0.0,0.0,0.0,0.0,7.0,5.0,0.0,0.0,,,,,,,0.0,0.0,0.0,0.0,0.0,0.0,2.0,0.0,0.0,0.0,0.0,0.0,0.0,0.0,0.0,0.0,0.0,0.0,0.0,0.0,0.0,0.0,0.0,0.0,0.0,7.0,5.0,0.0
000314,Eddy Glazener,D,Defense,last_10,10,2023-06-03,2023-08-26,ARC|ATL|CAN|CHA|OUT|WAT|WHP,RED,1.0,1.0,1.0,0.0,1.0,0.0,6.0,3,4.0,0.0,0.0,0.0,0.0,0.0,15.0,4.0,9.0,0,0,0,0.0,0.0,2.0,1.5,0.0,86.0,76.0,0.16666666666666666,0.5,,,,,,0.0,0.1,0.1,0.1,0.0,0.1,0.0,0.6,0.3,0.4,0.0,0.0,0.0,0.0,0.0,1.5,0.4,0.9,0.0,0.0,0.0,0.0,0.0,0.2,0.15,0.0,8.6,7.6,0.0
000315,Garrett Epple,D,Defense,last_10,10,2025-05-31,2025-08-09,ARC|ATL|CHA|OUT|RED|WAT|WHP,CAN,0.0,0.0,0.0,0.0,0.0,0.0,2.0,0,2.0,0.0,0.0,0.0,0.0,0.0,14.0,1.0,12.0,0,0,0,0.0,0.0,2.0,1.5,0.0,74.0,71.0,0.0,0.0,,,,,,0.0,0.0,0.0,0.0,0.0,0.0,0.0,0.2,0.0,0.2,0.0,0.0,0.0,0.0,0.0,1.4,0.1,1.2,0.0,0.0,0.0,0.0,0.0,0.2,0.15,0.0,7.4,7.1,0.0
000318,Jack Kelly,G,Goalie,last_10,10,2024-06-07,2024-08-17,ARC|ATL|CAN|CHA|OUT|WAT|WHP,RED,0.0,0.0,0.0,0.0,0.0,0.0,1.0,0,1.0,119.0,41.0,78.0,126.0,149.35434999999998,16.0,3.0,4.0,0,0,0,117.0,9.0,0.0,0.0,1.0,148.0,144.0,0.0,0.0,,0.5042372881355932,34.45378151260504,0.17372881355932204,0.0,0.0,0.0,0.0,0.0,0.0,0.0,0.0,0.1,0.0,0.1,11.9,4.1,7.8,12.6,14.935434999999998,1.6,0.3,0.4,0.0,0.0,0.0,11.7,0.9,0.0,0.0,0.1,14.8,14.4,0.1
000319,Jack Near,SSDM,Defensive Midfield,last_10,7,2022-06-04,2022-08-20,ATL|CAN|CHA|OUT|WAT|WHP,RED,0.0,0.0,0.0,0.0,0.0,0.0,0.0,0,0.0,0.0,0.0,0.0,0.0,0.0,9.0,1.0,0.0,0,0,0,0.0,0.0,0.0,0.0,1.0,46.0,45.0,,,,,,,0.0,,0.0,0.0,0.0,0.0,0.0,0.0,0.0,0.0,0.0,0.0,0.0,0.0,0.0,0.0,1.2857142857142858,0.14285714285714285,0.0,0.0,0.0,0.0,0.0,0.0,0.0,0.0,0.14285714285714285,6.571428571428571,6.428571428571429,0.14285714285714285
000322,John Sexton,LSM,Long Stick Midfield,last_10,10,2022-08-13,2023-08-13,ARC|ATL|CAN|CHA|OUT|WAT|WHP,RED,3.0,1.0,1.0,0.0,1.0,2.0,6.0,2,4.0,0.0,0.0,0.0,0.0,0.0,16.0,4.0,6.0,0,3,3,0.0,0.0,3.0,2.5,6.0,41.0,31.0,0.16666666666666666,0.3333333333333333,0.0,,,,0.3333333333333333,0.0,0.3,0.1,0.1,0.0,0.1,0.2,0.6,0.2,0.4,0.0,0.0,0.0,0.0,0.0,1.6,0.4,0.6,0.0,0.3,0.3,0.0,0.0,0.3,0.25,0.6,4.1,3.1,0.6
000327,Matt Kavanagh,A,Attack,last_10,10,2023-07-15,2024-07-20,ATL|OUT|RED|WAT|WHP,CAN,21.0,13.0,11.0,1.0,12.0,8.0,57.0,31,2.0,0.0,0.0,0.0,0.0,0.0,12.0,15.0,2.0,0,0,0,0.0,0.0,3.0,2.5,25.0,270.0,198.0,0.21052631578947367,0.543859649122807,,,,,0.32,0.5,2.1,1.3,1.1,0.1,1.2,0.8,5.7,3.1,0.2,0.0,0.0,0.0,0.0,0.0,1.2,1.5,0.2,0.0,0.0,0.0,0.0,0.0,0.3,0.25,2.5,27.0,19.8,2.5
000331,Patrick Harbeson,SSDM,Defensive Midfield,last_10,3,2022-07-01,2022-07-31,ARC|ATL|CHA,RED,1.0,0.0,0.0,0.0,0.0,1.0,1.0,1,0.0,0.0,0.0,0.0,0.0,0.0,2.0,0.0,0.0,0,0,0,0.0,0.0,0.0,0.0,1.0,23.0,22.0,0.0,1.0,,,,,1.0,,0.3333333333333333,0.0,0.0,0.0,0.0,0.3333333333333333,0.3333333333333333,0.3333333333333333,0.0,0.0,0.0,0.0,0.0,0.0,0.6666666666666666,0.0,0.0,0.0,0.0,0.0,0.0,0.0,0.0,0.0,0.3333333333333333,7.666666666666667,7.333333333333333,0.3333333333333333
000333,Sergio Perkovic,M,Midfield,last_10,10,2024-08-04,2025-08-09,ARC|CAN|OUT|RED|WAT|WHP,CHA,8.0,7.0,5.0,1.0,6.0,1.0,40.0,23,14.0,0.0,0.0,0.0,0.0,0.0,1.0,6.0,0.0,0,0,0,0.0,0.0,1.0,1.0,6.0,166.0,120.0,0.15,0.575,,,,,0.16666666666666666,0.07142857142857142,0.8,0.7,0.5,0.1,0.6,0.1,4.0,2.3,1.4,0.0,0.0,0.0,0.0,0.0,0.1,0.6,0.0,0.0,0.0,0.0,0.0,0.0,0.1,0.1,0.6,16.6,12.0,0.6
000337,Bryce Young,D,Defense,last_10,10,2025-05-31,2025-08-09,ARC|ATL|CHA|OUT|RED|WAT|WHP,CAN,0.0,0.0,0.0,0.0,0.0,0.0,0.0,0,0.0,0.0,0.0,0.0,0.0,0.0,13.0,4.0,5.0,0,0,0,0.0,0.0,1.0,2.0,0.0,37.0,33.0,,,,,,,,,0.0,0.0,0.0,0.0,0.0,0.0,0.0,0.0,0.0,0.0,0.0,0.0,0.0,0.0,1.3,0.4,0.5,0.0,0.0,0.0,0.0,0.0,0.1,0.2,0.0,3.7,3.3,0.0
000339,Connor Kelly,M,Midfield,last_10,10,2025-06-28,2026-06-07,ARC|ATL|CAN|CHA|RED|WHP,WAT,21.0,17.0,5.0,6.0,11.0,4.0,67.0,32,25.0,0.0,0.0,0.0,0.0,0.0,6.0,12.0,2.0,0,0,0,0.0,0.0,1.0,0.5,9.0,261.0,182.0,0.16417910447761194,0.47761194029850745,,,,,0.4444444444444444,0.24,2.1,1.7,0.5,0.6,1.1,0.4,6.7,3.2,2.5,0.0,0.0,0.0,0.0,0.0,0.6,1.2,0.2,0.0,0.0,0.0,0.0,0.0,0.1,0.05,0.9,26.1,18.2,0.9
000345,Jake Bernhardt,SSDM,Defensive Midfield,last_10,10,2025-06-14,2026-05-16,ATL|CAN|CHA|OUT|RED|WAT,WHP,2.0,2.0,0.0,1.0,1.0,0.0,5.0,2,3.0,0.0,0.0,0.0,0.0,0.0,7.0,5.0,2.0,0,15,15,0.0,0.0,1.0,0.5,0.0,58.0,48.0,0.2,0.4,0.0,,,,,0.3333333333333333,0.2,0.2,0.0,0.1,0.1,0.0,0.5,0.2,0.3,0.0,0.0,0.0,0.0,0.0,0.7,0.5,0.2,0.0,1.5,1.5,0.0,0.0,0.1,0.05,0.0,5.8,4.8,0.0
000346,Jay Carlson,A,Attack,last_10,7,2022-06-04,2022-08-21,ARC|ATL|CAN|CHA|RED|WAT,WHP,14.0,10.0,10.0,0.0,10.0,4.0,28.0,20,0.0,0.0,0.0,0.0,0.0,0.0,9.0,11.0,6.0,0,0,0,0.0,0.0,0.0,0.0,7.0,89.0,50.0,0.35714285714285715,0.7142857142857143,,,,,0.5714285714285714,,2.0,1.4285714285714286,1.4285714285714286,0.0,1.4285714285714286,0.5714285714285714,4.0,2.857142857142857,0.0,0.0,0.0,0.0,0.0,0.0,1.2857142857142858,1.5714285714285714,0.8571428571428571,0.0,0.0,0.0,0.0,0.0,0.0,0.0,1.0,12.714285714285714,7.142857142857143,1.0
000350,Joseph Nardella,FO,Faceoff,last_10,10,2025-05-31,2025-08-09,ARC|ATL|CAN|CHA|OUT|RED|WAT,WHP,2.0,2.0,2.0,0.0,2.0,0.0,5.0,3,0.0,0.0,0.0,0.0,0.0,0.0,58.0,5.0,4.0,144,95,241,0.0,0.0,1.0,0.5,0.0,83.0,73.0,0.4,0.6,0.5975103734439834,,,,,,0.2,0.2,0.2,0.0,0.2,0.0,0.5,0.3,0.0,0.0,0.0,0.0,0.0,0.0,5.8,0.5,0.4,14.4,9.5,24.1,0.0,0.0,0.1,0.05,0.0,8.3,7.3,0.0
000351,Jules Heningburg,A,Attack,last_10,10,2024-06-15,2025-08-09,ARC|CAN|OUT|RED|WAT|WHP,CAN|CHA,12.0,7.0,5.0,1.0,6.0,5.0,34.0,20,3.0,0.0,0.0,0.0,0.0,0.0,6.0,12.0,0.0,0,0,0,0.0,0.0,1.0,1.0,21.0,202.0,156.0,0.17647058823529413,0.5882352941176471,,,,,0.23809523809523808,0.3333333333333333,1.2,0.7,0.5,0.1,0.6,0.5,3.4,2.0,0.3,0.0,0.0,0.0,0.0,0.0,0.6,1.2,0.0,0.0,0.0,0.0,0.0,0.0,0.1,0.1,2.1,20.2,15.6,2.1
000353,Kyle Bernlohr,G,Goalie,last_10,10,2022-08-21,2024-08-03,ARC|ATL|CAN|OUT|RED|WAT,WHP,1.0,0.0,0.0,0.0,0.0,1.0,0.0,0,0.0,81.0,24.0,57.0,85.0,147.43058,26.0,3.0,0.0,0,0,0,81.0,4.0,0.0,0.0,1.0,110.0,107.0,,,,0.5,29.629629629629626,0.14814814814814814,1.0,,0.1,0.0,0.0,0.0,0.0,0.1,0.0,0.0,0.0,8.1,2.4,5.7,8.5,14.743058,2.6,0.3,0.0,0.0,0.0,0.0,8.1,0.4,0.0,0.0,0.1,11.0,10.7,0.1
000354,Matt Rambo,A,Attack,last_10,10,2025-05-31,2026-06-21,ARC|ATL|CAN|RED|WAT|WHP,ATL|WHP,9.0,3.0,3.0,0.0,3.0,6.0,28.0,14,0.0,0.0,0.0,0.0,0.0,0.0,10.0,9.0,1.0,0,0,0,0.0,0.0,0.0,0.0,16.0,134.0,97.0,0.10714285714285714,0.5,,,,,0.375,,0.9,0.3,0.3,0.0,0.3,0.6,2.8,1.4,0.0,0.0,0.0,0.0,0.0,0.0,1.0,0.9,0.1,0.0,0.0,0.0,0.0,0.0,0.0,0.0,1.6,13.4,9.7,1.6
000355,Matthew Dunn,D,Defense,last_10,10,2025-07-13,2026-06-27,ARC|ATL|CAN|OUT|RED|WAT,WHP,1.0,1.0,1.0,0.0,1.0,0.0,5.0,3,4.0,0.0,0.0,0.0,0.0,0.0,9.0,2.0,10.0,0,0,0,0.0,0.0,2.0,2.0,3.0,78.0,71.0,0.2,0.6,,,,,0.0,0.0,0.1,0.1,0.1,0.0,0.1,0.0,0.5,0.3,0.4,0.0,0.0,0.0,0.0,0.0,0.9,0.2,1.0,0.0,0.0,0.0,0.0,0.0,0.2,0.2,0.3,7.8,7.1,0.3
000356,Michael Ehrhardt,LSM,Long Stick Midfield,last_10,10,2022-08-13,2023-08-26,ARC|ATL|CAN|CHA|OUT|RED,WHP,10.0,8.0,4.0,2.0,6.0,2.0,26.0,10,17.0,0.0,0.0,0.0,0.0,0.0,23.0,5.0,7.0,0,0,0,0.0,0.0,4.0,3.5,7.0,80.0,49.0,0.23076923076923078,0.38461538461538464,,,,,0.2857142857142857,0.11764705882352941,1.0,0.8,0.4,0.2,0.6,0.2,2.6,1.0,1.7,0.0,0.0,0.0,0.0,0.0,2.3,0.5,0.7,0.0,0.0,0.0,0.0,0.0,0.4,0.35,0.7,8.0,4.9,0.7
000357,Mike Chanenchuk,M,Midfield,last_10,10,2024-06-02,2024-08-10,ARC|ATL|CAN|CHA|OUT|RED|WAT,WHP,13.0,10.0,4.0,3.0,7.0,3.0,46.0,28,12.0,0.0,0.0,0.0,0.0,0.0,11.0,12.0,2.0,0,0,0,0.0,0.0,0.0,0.0,10.0,244.0,186.0,0.15217391304347827,0.6086956521739131,,,,,0.3,0.25,1.3,1.0,0.4,0.3,0.7,0.3,4.6,2.8,1.2,0.0,0.0,0.0,0.0,0.0,1.1,1.2,0.2,0.0,0.0,0.0,0.0,0.0,0.0,0.0,1.0,24.4,18.6,1.0
000358,Ryan Drenner,M,Midfield,last_10,10,2025-05-31,2025-08-09,ARC|ATL|CHA|OUT|RED|WAT|WHP,CAN,20.0,18.0,18.0,0.0,18.0,2.0,39.0,24,2.0,0.0,0.0,0.0,0.0,0.0,4.0,5.0,2.0,0,0,0,0.0,0.0,0.0,0.0,11.0,212.0,168.0,0.46153846153846156,0.6153846153846154,,,,,0.18181818181818182,0.0,2.0,1.8,1.8,0.0,1.8,0.2,3.9,2.4,0.2,0.0,0.0,0.0,0.0,0.0,0.4,0.5,0.2,0.0,0.0,0.0,0.0,0.0,0.0,0.0,1.1,21.2,16.8,1.1
000359,Tim Muller,D,Defense,last_10,10,2025-07-20,2026-06-27,ARC|ATL|CAN|OUT|RED|WAT,WHP,0.0,0.0,0.0,0.0,0.0,0.0,1.0,0,0.0,0.0,0.0,0.0,0.0,0.0,14.0,2.0,5.0,0,0,0,0.0,0.0,1.0,0.5,0.0,81.0,78.0,0.0,0.0,,,,,,,0.0,0.0,0.0,0.0,0.0,0.0,0.1,0.0,0.0,0.0,0.0,0.0,0.0,0.0,1.4,0.2,0.5,0.0,0.0,0.0,0.0,0.0,0.1,0.05,0.0,8.1,7.8,0.0
000361,Tyler Warner,SSDM,Defensive Midfield,last_10,10,2023-06-04,2023-08-26,ARC|ATL|CAN|CHA|OUT|RED|WAT,WHP,1.0,1.0,1.0,0.0,1.0,0.0,4.0,1,2.0,0.0,0.0,0.0,0.0,0.0,12.0,2.0,1.0,0,0,0,0.0,0.0,1.0,0.5,1.0,45.0,39.0,0.25,0.25,,,,,0.0,0.0,0.1,0.1,0.1,0.0,0.1,0.0,0.4,0.1,0.2,0.0,0.0,0.0,0.0,0.0,1.2,0.2,0.1,0.0,0.0,0.0,0.0,0.0,0.1,0.05,0.1,4.5,3.9,0.1
000363,Ryan Conrad,M,Midfield,last_10,10,2023-08-20,2024-08-10,ARC|ATL|CAN|CHA|OUT|WHP,WAT|WHP,18.0,14.0,12.0,1.0,13.0,4.0,54.0,33,4.0,0.0,0.0,0.0,0.0,0.0,13.0,12.0,0.0,0,1,1,0.0,0.0,1.0,0.5,9.0,192.0,126.0,0.24074074074074073,0.6111111111111112,0.0,,,,0.4444444444444444,0.25,1.8,1.4,1.2,0.1,1.3,0.4,5.4,3.3,0.4,0.0,0.0,0.0,0.0,0.0,1.3,1.2,0.0,0.0,0.1,0.1,0.0,0.0,0.1,0.05,0.9,19.2,12.6,0.9
000365,Jack Rowlett,D,Defense,last_10,10,2025-07-12,2026-06-28,ARC|ATL|CAN|OUT|RED|WAT,CHA,0.0,0.0,0.0,0.0,0.0,0.0,3.0,1,3.0,0.0,0.0,0.0,0.0,0.0,9.0,2.0,5.0,0,0,0,0.0,0.0,5.0,4.5,2.0,68.0,63.0,0.0,0.3333333333333333,,,,,0.0,0.0,0.0,0.0,0.0,0.0,0.0,0.0,0.3,0.1,0.3,0.0,0.0,0.0,0.0,0.0,0.9,0.2,0.5,0.0,0.0,0.0,0.0,0.0,0.5,0.45,0.2,6.8,6.3,0.2
000366,Connor Farrell,FO,Faceoff,last_10,10,2023-07-08,2026-06-28,ARC|CAN|CHA|RED|WAT|WHP,OUT|WAT,0.0,0.0,0.0,0.0,0.0,0.0,2.0,2,0.0,0.0,0.0,0.0,0.0,0.0,82.0,15.0,1.0,116,97,214,0.0,0.0,1.0,2.0,1.0,67.0,50.0,0.0,1.0,0.5420560747663551,,,,0.0,,0.0,0.0,0.0,0.0,0.0,0.0,0.2,0.2,0.0,0.0,0.0,0.0,0.0,0.0,8.2,1.5,0.1,11.6,9.7,21.4,0.0,0.0,0.1,0.2,0.1,6.7,5.0,0.1
000368,Chris Sabia,LSM,Long Stick Midfield,last_10,10,2023-08-06,2024-08-17,ARC|ATL|CAN|CHA|OUT|RED|WHP,WAT,0.0,0.0,0.0,0.0,0.0,0.0,4.0,3,1.0,0.0,0.0,0.0,0.0,0.0,21.0,2.0,8.0,0,0,0,0.0,0.0,5.0,3.5,0.0,52.0,46.0,0.0,0.75,,,,,,0.0,0.0,0.0,0.0,0.0,0.0,0.0,0.4,0.3,0.1,0.0,0.0,0.0,0.0,0.0,2.1,0.2,0.8,0.0,0.0,0.0,0.0,0.0,0.5,0.35,0.0,5.2,4.6,0.0
000369,Clarke Petterson,A,Attack,last_10,1,2022-08-21,2022-08-21,CHA,ATL,2.0,1.0,1.0,0.0,1.0,1.0,3.0,1,0.0,0.0,0.0,0.0,0.0,0.0,1.0,0.0,0.0,0,0,0,0.0,0.0,0.0,0.0,1.0,9.0,6.0,0.3333333333333333,0.3333333333333333,,,,,1.0,,2.0,1.0,1.0,0.0,1.0,1.0,3.0,1.0,0.0,0.0,0.0,0.0,0.0,0.0,1.0,0.0,0.0,0.0,0.0,0.0,0.0,0.0,0.0,0.0,1.0,9.0,6.0,1.0
000370,Tim Troutner,G,Goalie,last_10,10,2022-06-04,2024-06-28,ATL|CAN|CHA|OUT|RED|WHP,ATL|RED,0.0,0.0,0.0,0.0,0.0,0.0,2.0,1,2.0,81.0,34.0,47.0,103.0,112.6432,24.0,3.0,5.0,0,0,0,95.0,8.0,0.0,0.0,2.0,133.0,128.0,0.0,0.5,,0.4602272727272727,41.9753086419753,0.19318181818181818,0.0,0.0,0.0,0.0,0.0,0.0,0.0,0.0,0.2,0.1,0.2,8.1,3.4,4.7,10.3,11.26432,2.4,0.3,0.5,0.0,0.0,0.0,9.5,0.8,0.0,0.0,0.2,13.3,12.8,0.2
000373,Ryder Garnsey,A,Attack,last_10,10,2025-06-28,2026-06-28,ARC|ATL|CAN|CHA|WAT|WHP,RED,20.0,14.0,14.0,0.0,14.0,6.0,43.0,29,4.0,0.0,0.0,0.0,0.0,0.0,16.0,17.0,1.0,0,0,0,0.0,0.0,1.0,0.5,19.0,284.0,224.0,0.32558139534883723,0.6744186046511628,,,,,0.3157894736842105,0.0,2.0,1.4,1.4,0.0,1.4,0.6,4.3,2.9,0.4,0.0,0.0,0.0,0.0,0.0,1.6,1.7,0.1,0.0,0.0,0.0,0.0,0.0,0.1,0.05,1.9,28.4,22.4,1.9
000376,Cade van Raaphorst,D,Defense,last_10,10,2024-06-01,2024-08-17,ARC|ATL|CHA|OUT|RED|WAT|WHP,CAN,1.0,0.0,0.0,0.0,0.0,1.0,18.0,3,18.0,0.0,0.0,0.0,0.0,0.0,24.0,6.0,5.0,0,0,0,0.0,0.0,1.0,1.0,2.0,92.0,68.0,0.0,0.16666666666666666,,,,,0.5,0.0,0.1,0.0,0.0,0.0,0.0,0.1,1.8,0.3,1.8,0.0,0.0,0.0,0.0,0.0,2.4,0.6,0.5,0.0,0.0,0.0,0.0,0.0,0.1,0.1,0.2,9.2,6.8,0.2
000377,Johnny Surdick,D,Defense,last_10,2,2023-06-17,2023-07-09,ARC|RED,CHA,1.0,0.0,0.0,0.0,0.0,1.0,0.0,0,0.0,0.0,0.0,0.0,0.0,0.0,5.0,0.0,1.0,0,0,0,0.0,0.0,0.0,0.0,1.0,6.0,6.0,,,,,,,1.0,,0.5,0.0,0.0,0.0,0.0,0.5,0.0,0.0,0.0,0.0,0.0,0.0,0.0,0.0,2.5,0.0,0.5,0.0,0.0,0.0,0.0,0.0,0.0,0.0,0.5,3.0,3.0,0.5
000385,Wes Berg,A,Attack,last_10,10,2024-06-07,2024-08-17,ARC|ATL|CAN|CHA|OUT|WAT|WHP,RED,15.0,14.0,14.0,0.0,14.0,1.0,28.0,20,0.0,0.0,0.0,0.0,0.0,0.0,6.0,10.0,2.0,0,0,0,0.0,0.0,3.0,2.0,5.0,128.0,90.0,0.5,0.7142857142857143,,,,,0.2,,1.5,1.4,1.4,0.0,1.4,0.1,2.8,2.0,0.0,0.0,0.0,0.0,0.0,0.0,0.6,1.0,0.2,0.0,0.0,0.0,0.0,0.0,0.3,0.2,0.5,12.8,9.0,0.5
000390,Brad Smith,M,Midfield,last_10,10,2025-06-14,2026-05-16,ATL|CAN|CHA|OUT|RED|WAT,WHP,12.0,12.0,6.0,3.0,9.0,0.0,42.0,22,15.0,0.0,0.0,0.0,0.0,0.0,11.0,13.0,1.0,0,0,0,0.0,0.0,1.0,1.0,4.0,232.0,177.0,0.21428571428571427,0.5238095238095238,,,,,0.0,0.2,1.2,1.2,0.6,0.3,0.9,0.0,4.2,2.2,1.5,0.0,0.0,0.0,0.0,0.0,1.1,1.3,0.1,0.0,0.0,0.0,0.0,0.0,0.1,0.1,0.4,23.2,17.7,0.4
000391,Grant Ament,M,Midfield,last_10,10,2024-08-17,2025-08-09,ATL|CHA|OUT|RED|WAT|WHP,ARC,18.0,5.0,5.0,0.0,5.0,13.0,42.0,20,2.0,0.0,0.0,0.0,0.0,0.0,9.0,22.0,1.0,0,0,0,0.0,0.0,0.0,0.0,43.0,286.0,222.0,0.11904761904761904,0.47619047619047616,,,,,0.3023255813953488,0.0,1.8,0.5,0.5,0.0,0.5,1.3,4.2,2.0,0.2,0.0,0.0,0.0,0.0,0.0,0.9,2.2,0.1,0.0,0.0,0.0,0.0,0.0,0.0,0.0,4.3,28.6,22.2,4.3
000395,Bryan Costabile,M,Midfield,last_10,10,2025-07-11,2026-06-21,CAN|CHA|OUT|RED|WAT|WHP,ATL,29.0,24.0,14.0,5.0,19.0,5.0,57.0,38,21.0,0.0,0.0,0.0,0.0,0.0,10.0,21.0,3.0,0,1,1,0.0,0.0,1.0,1.0,14.0,271.0,193.0,0.3333333333333333,0.6666666666666666,0.0,,,,0.35714285714285715,0.23809523809523808,2.9,2.4,1.4,0.5,1.9,0.5,5.7,3.8,2.1,0.0,0.0,0.0,0.0,0.0,1.0,2.1,0.3,0.0,0.1,0.1,0.0,0.0,0.1,0.1,1.4,27.1,19.3,1.4
000397,Reece Eddy,LSM,Long Stick Midfield,last_10,1,2023-06-03,2023-06-03,CAN,ARC,0.0,0.0,0.0,0.0,0.0,0.0,0.0,0,0.0,0.0,0.0,0.0,0.0,0.0,0.0,0.0,1.0,0,0,0,0.0,0.0,1.0,0.5,0.0,2.0,2.0,,,,,,,,,0.0,0.0,0.0,0.0,0.0,0.0,0.0,0.0,0.0,0.0,0.0,0.0,0.0,0.0,0.0,0.0,1.0,0.0,0.0,0.0,0.0,0.0,1.0,0.5,0.0,2.0,2.0,0.0
000405,Jesse Bernhardt,D,Defense,last_10,10,2025-05-31,2025-08-02,ARC|ATL|CAN|CHA|RED|WAT|WHP,OUT,0.0,0.0,0.0,0.0,0.0,0.0,1.0,0,1.0,0.0,0.0,0.0,0.0,0.0,13.0,2.0,6.0,0,0,0,0.0,0.0,2.0,1.5,0.0,67.0,64.0,0.0,0.0,,,,,,0.0,0.0,0.0,0.0,0.0,0.0,0.0,0.1,0.0,0.1,0.0,0.0,0.0,0.0,0.0,1.3,0.2,0.6,0.0,0.0,0.0,0.0,0.0,0.2,0.15,0.0,6.7,6.4,0.0
000406,Craig Chick,LSM,Long Stick Midfield,last_10,10,2022-08-21,2024-07-05,ARC|ATL|CAN|CHA|RED|WAT|WHP,ATL|CAN,0.0,0.0,0.0,0.0,0.0,0.0,0.0,0,0.0,0.0,0.0,0.0,0.0,0.0,18.0,3.0,3.0,0,3,3,0.0,0.0,1.0,1.0,0.0,30.0,27.0,,,0.0,,,,,,0.0,0.0,0.0,0.0,0.0,0.0,0.0,0.0,0.0,0.0,0.0,0.0,0.0,0.0,1.8,0.3,0.3,0.0,0.3,0.3,0.0,0.0,0.1,0.1,0.0,3.0,2.7,0.0
000408,Matt DeLuca,G,Goalie,last_10,10,2025-06-14,2026-06-28,ARC|ATL|CAN|CHA|OUT|WHP,WAT,0.0,0.0,0.0,0.0,0.0,0.0,2.0,0,2.0,123.0,36.0,87.0,117.0,129.62668,16.0,2.0,0.0,0,0,0,106.0,11.0,0.0,0.0,1.0,125.0,121.0,0.0,0.0,,0.537117903930131,29.268292682926827,0.1572052401746725,0.0,0.0,0.0,0.0,0.0,0.0,0.0,0.0,0.2,0.0,0.2,12.3,3.6,8.7,11.7,12.962667999999999,1.6,0.2,0.0,0.0,0.0,0.0,10.6,1.1,0.0,0.0,0.1,12.5,12.1,0.1
000409,Zach Currier,M,Midfield,last_10,10,2025-06-28,2026-06-28,ARC|ATL|CAN|CHA|RED|WHP,WAT,7.0,5.0,5.0,0.0,5.0,2.0,23.0,16,1.0,0.0,0.0,0.0,0.0,0.0,62.0,8.0,6.0,5,10,15,0.0,0.0,2.0,2.0,11.0,184.0,153.0,0.21739130434782608,0.6956521739130435,0.3333333333333333,,,,0.18181818181818182,0.0,0.7,0.5,0.5,0.0,0.5,0.2,2.3,1.6,0.1,0.0,0.0,0.0,0.0,0.0,6.2,0.8,0.6,0.5,1.0,1.5,0.0,0.0,0.2,0.2,1.1,18.4,15.3,1.1
000410,Eli Gobrecht,D,Defense,last_10,10,2025-06-07,2026-06-21,ATL|CAN|OUT|RED|WHP,ATL|WAT,1.0,1.0,1.0,0.0,1.0,0.0,2.0,1,0.0,0.0,0.0,0.0,0.0,0.0,7.0,3.0,8.0,0,3,3,0.0,0.0,1.0,1.0,2.0,33.0,28.0,0.5,0.5,0.0,,,,0.0,,0.1,0.1,0.1,0.0,0.1,0.0,0.2,0.1,0.0,0.0,0.0,0.0,0.0,0.0,0.7,0.3,0.8,0.0,0.3,0.3,0.0,0.0,0.1,0.1,0.2,3.3,2.8,0.2
000411,Christian Mazzone,M,Midfield,last_10,1,2022-06-05,2022-06-05,CAN,WAT,0.0,0.0,0.0,0.0,0.0,0.0,0.0,0,0.0,0.0,0.0,0.0,0.0,0.0,3.0,0.0,0.0,0,0,0,0.0,0.0,0.0,0.0,2.0,6.0,6.0,,,,,,,0.0,,0.0,0.0,0.0,0.0,0.0,0.0,0.0,0.0,0.0,0.0,0.0,0.0,0.0,0.0,3.0,0.0,0.0,0.0,0.0,0.0,0.0,0.0,0.0,0.0,2.0,6.0,6.0,2.0
000414,Rob Pannell,A,Attack,last_10,10,2025-06-22,2026-06-27,ARC|ATL|CAN|CHA|OUT|RED|WAT,WHP,28.0,11.0,11.0,0.0,11.0,17.0,47.0,27,0.0,0.0,0.0,0.0,0.0,0.0,16.0,21.0,3.0,0,0,0,0.0,0.0,1.0,1.0,39.0,325.0,257.0,0.23404255319148937,0.574468085106383,,,,,0.4358974358974359,,2.8,1.1,1.1,0.0,1.1,1.7,4.7,2.7,0.0,0.0,0.0,0.0,0.0,0.0,1.6,2.1,0.3,0.0,0.0,0.0,0.0,0.0,0.1,0.1,3.9,32.5,25.7,3.9
000416,Ryland Rees,LSM,Long Stick Midfield,last_10,10,2024-06-30,2025-08-08,ATL|CAN|CHA|OUT|RED|WHP,RED|WAT,8.0,8.0,0.0,4.0,4.0,0.0,8.0,6,6.0,0.0,0.0,0.0,0.0,0.0,22.0,6.0,2.0,0,1,1,0.0,0.0,0.0,0.0,2.0,44.0,30.0,0.5,0.75,0.0,,,,0.0,0.6666666666666666,0.8,0.8,0.0,0.4,0.4,0.0,0.8,0.6,0.6,0.0,0.0,0.0,0.0,0.0,2.2,0.6,0.2,0.0,0.1,0.1,0.0,0.0,0.0,0.0,0.2,4.4,3.0,0.2
000417,Finn Sullivan,D,Defense,last_10,8,2022-06-04,2023-06-10,ARC|ATL|CHA|OUT|WAT,CAN|RED,0.0,0.0,0.0,0.0,0.0,0.0,0.0,0,0.0,0.0,0.0,0.0,0.0,0.0,10.0,4.0,6.0,0,0,0,0.0,0.0,1.0,1.0,0.0,33.0,29.0,,,,,,,,,0.0,0.0,0.0,0.0,0.0,0.0,0.0,0.0,0.0,0.0,0.0,0.0,0.0,0.0,1.25,0.5,0.75,0.0,0.0,0.0,0.0,0.0,0.125,0.125,0.0,4.125,3.625,0.0
000418,Dillon Ward,G,Goalie,last_10,10,2025-06-28,2026-06-28,ARC|ATL|CAN|CHA|OUT|RED,RED|WAT,0.0,0.0,0.0,0.0,0.0,0.0,0.0,0,0.0,122.0,44.0,78.0,115.0,119.65982,17.0,2.0,3.0,0,0,0,107.0,8.0,0.0,0.0,0.0,130.0,128.0,,,,0.5327510917030568,36.0655737704918,0.19213973799126638,,,0.0,0.0,0.0,0.0,0.0,0.0,0.0,0.0,0.0,12.2,4.4,7.8,11.5,11.965982,1.7,0.2,0.3,0.0,0.0,0.0,10.7,0.8,0.0,0.0,0.0,13.0,12.8,0.0
000419,Zed Williams,A,Attack,last_10,10,2024-06-16,2026-05-17,ARC|ATL|CAN|CHA|OUT|RED|WAT|WHP,WAT|WHP,29.0,26.0,22.0,2.0,24.0,3.0,71.0,46,8.0,0.0,0.0,0.0,0.0,0.0,13.0,13.0,1.0,0,0,0,0.0,0.0,1.0,1.0,12.0,218.0,134.0,0.3380281690140845,0.647887323943662,,,,,0.25,0.25,2.9,2.6,2.2,0.2,2.4,0.3,7.1,4.6,0.8,0.0,0.0,0.0,0.0,0.0,1.3,1.3,0.1,0.0,0.0,0.0,0.0,0.0,0.1,0.1,1.2,21.8,13.4,1.2
000422,Eli Salama,LSM,Long Stick Midfield,last_10,10,2023-06-04,2023-08-27,ARC|ATL|CAN|CHA|RED|WAT|WHP,OUT,3.0,2.0,0.0,1.0,1.0,1.0,7.0,3,5.0,0.0,0.0,0.0,0.0,0.0,13.0,7.0,6.0,0,28,28,0.0,0.0,3.0,3.0,3.0,36.0,22.0,0.14285714285714285,0.42857142857142855,0.0,,,,0.3333333333333333,0.2,0.3,0.2,0.0,0.1,0.1,0.1,0.7,0.3,0.5,0.0,0.0,0.0,0.0,0.0,1.3,0.7,0.6,0.0,2.8,2.8,0.0,0.0,0.3,0.3,0.3,3.6,2.2,0.3
000424,Jake Pulver,D,Defense,last_10,10,2023-06-17,2024-08-17,ATL|CHA|OUT|RED|WAT|WHP,CAN,0.0,0.0,0.0,0.0,0.0,0.0,0.0,0,0.0,0.0,0.0,0.0,0.0,0.0,14.0,2.0,3.0,2,26,28,0.0,0.0,0.0,0.0,0.0,26.0,24.0,,,0.07142857142857142,,,,,,0.0,0.0,0.0,0.0,0.0,0.0,0.0,0.0,0.0,0.0,0.0,0.0,0.0,0.0,1.4,0.2,0.3,0.2,2.6,2.8,0.0,0.0,0.0,0.0,0.0,2.6,2.4,0.0
000425,Jesse King,M,Midfield,last_10,6,2023-07-15,2023-08-27,ARC|ATL|CAN|CHA|RED|WHP,OUT,8.0,3.0,3.0,0.0,3.0,5.0,12.0,9,1.0,0.0,0.0,0.0,0.0,0.0,2.0,9.0,1.0,0,0,0,0.0,0.0,1.0,0.5,17.0,101.0,80.0,0.25,0.75,,,,,0.29411764705882354,0.0,1.3333333333333333,0.5,0.5,0.0,0.5,0.8333333333333334,2.0,1.5,0.16666666666666666,0.0,0.0,0.0,0.0,0.0,0.3333333333333333,1.5,0.16666666666666666,0.0,0.0,0.0,0.0,0.0,0.16666666666666666,0.08333333333333333,2.8333333333333335,16.833333333333332,13.333333333333334,2.8333333333333335
000427,Jake Withers,FO,Faceoff,last_10,6,2022-06-05,2022-08-21,ARC|CAN|OUT|RED|WHP,WAT,1.0,1.0,1.0,0.0,1.0,0.0,3.0,1,0.0,0.0,0.0,0.0,0.0,0.0,28.0,2.0,2.0,69,76,147,0.0,0.0,1.0,0.5,3.0,29.0,24.0,0.3333333333333333,0.3333333333333333,0.46938775510204084,,,,0.0,,0.16666666666666666,0.16666666666666666,0.16666666666666666,0.0,0.16666666666666666,0.0,0.5,0.16666666666666666,0.0,0.0,0.0,0.0,0.0,0.0,4.666666666666667,0.3333333333333333,0.3333333333333333,11.5,12.666666666666666,24.5,0.0,0.0,0.16666666666666666,0.08333333333333333,0.5,4.833333333333333,4.0,0.5
000434,Matt Abbott,SSDM,Defensive Midfield,last_10,5,2022-06-25,2022-08-06,ARC|CHA|OUT|RED|WAT,CAN,0.0,0.0,0.0,0.0,0.0,0.0,3.0,1,1.0,0.0,0.0,0.0,0.0,0.0,9.0,1.0,1.0,0,0,0,0.0,0.0,1.0,0.5,1.0,32.0,28.0,0.0,0.3333333333333333,,,,,0.0,0.0,0.0,0.0,0.0,0.0,0.0,0.0,0.6,0.2,0.2,0.0,0.0,0.0,0.0,0.0,1.8,0.2,0.2,0.0,0.0,0.0,0.0,0.0,0.2,0.1,0.2,6.4,5.6,0.2
000614,Brian Phipps,G,Goalie,last_10,1,2023-07-14,2023-07-14,WAT,WHP,0.0,0.0,0.0,0.0,0.0,0.0,0.0,0,0.0,9.0,2.0,7.0,13.0,19.97866,0.0,0.0,0.0,0,0,0,12.0,1.0,0.0,0.0,1.0,9.0,9.0,,,,0.42857142857142855,22.22222222222222,0.09523809523809523,0.0,,0.0,0.0,0.0,0.0,0.0,0.0,0.0,0.0,0.0,9.0,2.0,7.0,13.0,19.97866,0.0,0.0,0.0,0.0,0.0,0.0,12.0,1.0,0.0,0.0,1.0,9.0,9.0,1.0
000700,Tommy Palasek,A,Attack,last_10,2,2022-06-04,2022-06-18,RED|WHP,CHA,2.0,0.0,0.0,0.0,0.0,2.0,3.0,2,0.0,0.0,0.0,0.0,0.0,0.0,1.0,4.0,0.0,0,0,0,0.0,0.0,0.0,0.0,4.0,52.0,45.0,0.0,0.6666666666666666,,,,,0.5,,1.0,0.0,0.0,0.0,0.0,1.0,1.5,1.0,0.0,0.0,0.0,0.0,0.0,0.0,0.5,2.0,0.0,0.0,0.0,0.0,0.0,0.0,0.0,0.0,2.0,26.0,22.5,2.0
000727,CJ Costabile,LSM,Long Stick Midfield,last_10,10,2023-07-30,2024-08-10,ARC|OUT|RED|WAT|WHP,CHA,4.0,4.0,0.0,2.0,2.0,0.0,9.0,4,7.0,0.0,0.0,0.0,0.0,0.0,19.0,5.0,7.0,0,2,2,0.0,0.0,2.0,2.0,0.0,42.0,28.0,0.2222222222222222,0.4444444444444444,0.0,,,,,0.2857142857142857,0.4,0.4,0.0,0.2,0.2,0.0,0.9,0.4,0.7,0.0,0.0,0.0,0.0,0.0,1.9,0.5,0.7,0.0,0.2,0.2,0.0,0.0,0.2,0.2,0.0,4.2,2.8,0.0
000815,Austin Kaut,G,Goalie,last_10,10,2023-08-27,2026-05-15,ARC|ATL|CAN|OUT|RED|WHP,CHA,0.0,0.0,0.0,0.0,0.0,0.0,1.0,0,1.0,73.0,26.0,47.0,68.0,123.94346999999999,10.0,5.0,1.0,0,0,0,60.0,8.0,1.0,0.0,0.0,87.0,81.0,0.0,0.0,,0.5488721804511278,35.61643835616438,0.19548872180451127,,0.0,0.0,0.0,0.0,0.0,0.0,0.0,0.1,0.0,0.1,7.3,2.6,4.7,6.8,12.394347,1.0,0.5,0.1,0.0,0.0,0.0,6.0,0.8,0.1,0.0,0.0,8.7,8.1,0.0
000823,Mark Cockerton,A,Attack,last_10,4,2022-07-31,2023-08-19,CAN|RED|WAT|WHP,ATL|CAN,6.0,6.0,6.0,0.0,6.0,0.0,27.0,12,0.0,0.0,0.0,0.0,0.0,0.0,0.0,4.0,0.0,0,0,0,0.0,0.0,0.0,0.0,2.0,66.0,35.0,0.2222222222222222,0.4444444444444444,,,,,0.0,,1.5,1.5,1.5,0.0,1.5,0.0,6.75,3.0,0.0,0.0,0.0,0.0,0.0,0.0,0.0,1.0,0.0,0.0,0.0,0.0,0.0,0.0,0.0,0.0,0.5,16.5,8.75,0.5
000886,Lyle Thompson,A,Attack,last_10,9,2022-06-05,2022-08-21,ARC|CHA|OUT|RED|WAT|WHP,CAN,44.0,26.0,26.0,0.0,26.0,18.0,66.0,42,0.0,0.0,0.0,0.0,0.0,0.0,22.0,25.0,5.0,0,0,0,0.0,0.0,1.0,0.5,56.0,283.0,192.0,0.3939393939393939,0.6363636363636364,,,,,0.32142857142857145,,4.888888888888889,2.888888888888889,2.888888888888889,0.0,2.888888888888889,2.0,7.333333333333333,4.666666666666667,0.0,0.0,0.0,0.0,0.0,0.0,2.4444444444444446,2.7777777777777777,0.5555555555555556,0.0,0.0,0.0,0.0,0.0,0.1111111111111111,0.05555555555555555,6.222222222222222,31.444444444444443,21.333333333333332,6.222222222222222
000921,Challen Rogers,M,Midfield,last_10,10,2022-08-21,2024-06-29,ATL|CAN|CHA|OUT|RED|WAT|WHP,ARC|CHA,7.0,6.0,6.0,0.0,6.0,1.0,20.0,12,1.0,0.0,0.0,0.0,0.0,0.0,8.0,14.0,0.0,0,0,0,0.0,0.0,2.0,1.5,15.0,111.0,77.0,0.3,0.6,,,,,0.06666666666666667,0.0,0.7,0.6,0.6,0.0,0.6,0.1,2.0,1.2,0.1,0.0,0.0,0.0,0.0,0.0,0.8,1.4,0.0,0.0,0.0,0.0,0.0,0.0,0.2,0.15,1.5,11.1,7.7,1.5
000922,Graeme Hossack,D,Defense,last_10,10,2025-05-31,2025-08-09,ATL|CAN|CHA|OUT|RED|WAT|WHP,ARC,1.0,1.0,1.0,0.0,1.0,0.0,8.0,4,4.0,0.0,0.0,0.0,0.0,0.0,24.0,2.0,14.0,0,0,0,0.0,0.0,2.0,2.0,1.0,80.0,70.0,0.125,0.5,,,,,0.0,0.0,0.1,0.1,0.1,0.0,0.1,0.0,0.8,0.4,0.4,0.0,0.0,0.0,0.0,0.0,2.4,0.2,1.4,0.0,0.0,0.0,0.0,0.0,0.2,0.2,0.1,8.0,7.0,0.1
000925,Liam Byrnes,D,Defense,last_10,10,2024-06-01,2026-06-06,ARC|ATL|CAN|CHA|OUT|WAT|WHP,CHA|WAT,0.0,0.0,0.0,0.0,0.0,0.0,2.0,0,1.0,0.0,0.0,0.0,0.0,0.0,14.0,4.0,12.0,0,0,0,0.0,0.0,0.0,0.0,2.0,77.0,71.0,0.0,0.0,,,,,0.0,0.0,0.0,0.0,0.0,0.0,0.0,0.0,0.2,0.0,0.1,0.0,0.0,0.0,0.0,0.0,1.4,0.4,1.2,0.0,0.0,0.0,0.0,0.0,0.0,0.0,0.2,7.7,7.1,0.2
000929,Matthew Hossack,LSM,Long Stick Midfield,last_10,2,2022-06-17,2022-08-21,ARC|OUT,WAT,0.0,0.0,0.0,0.0,0.0,0.0,1.0,1,1.0,0.0,0.0,0.0,0.0,0.0,2.0,0.0,2.0,0,3,3,0.0,0.0,0.0,0.0,0.0,6.0,5.0,0.0,1.0,0.0,,,,,0.0,0.0,0.0,0.0,0.0,0.0,0.0,0.5,0.5,0.5,0.0,0.0,0.0,0.0,0.0,1.0,0.0,1.0,0.0,1.5,1.5,0.0,0.0,0.0,0.0,0.0,3.0,2.5,0.0
000946,Bryan Cole,M,Midfield,last_10,8,2022-06-04,2022-08-06,ARC|ATL|CHA|OUT|RED|WAT,WHP,13.0,6.0,6.0,0.0,6.0,7.0,25.0,14,0.0,0.0,0.0,0.0,0.0,0.0,5.0,11.0,0.0,0,0,0,0.0,0.0,1.0,1.0,19.0,181.0,145.0,0.24,0.56,,,,,0.3684210526315789,,1.625,0.75,0.75,0.0,0.75,0.875,3.125,1.75,0.0,0.0,0.0,0.0,0.0,0.0,0.625,1.375,0.0,0.0,0.0,0.0,0.0,0.0,0.125,0.125,2.375,22.625,18.125,2.375
000960,Shayne Jackson,A,Attack,last_10,3,2022-06-05,2022-06-18,ARC|ATL|WAT,CAN,4.0,3.0,3.0,0.0,3.0,1.0,18.0,14,0.0,0.0,0.0,0.0,0.0,0.0,2.0,5.0,0.0,0,0,0,0.0,0.0,1.0,0.5,2.0,44.0,21.0,0.16666666666666666,0.7777777777777778,,,,,0.5,,1.3333333333333333,1.0,1.0,0.0,1.0,0.3333333333333333,6.0,4.666666666666667,0.0,0.0,0.0,0.0,0.0,0.0,0.6666666666666666,1.6666666666666667,0.0,0.0,0.0,0.0,0.0,0.0,0.3333333333333333,0.16666666666666666,0.6666666666666666,14.666666666666666,7.0,0.6666666666666666
000978,Kyle Jackson,M,Midfield,last_10,10,2024-06-30,2026-05-09,ARC|CAN|CHA|OUT|RED|WAT|WHP,ATL|CHA,8.0,6.0,6.0,0.0,6.0,2.0,34.0,20,3.0,0.0,0.0,0.0,0.0,0.0,4.0,8.0,0.0,0,0,0,0.0,0.0,0.0,0.0,5.0,152.0,110.0,0.17647058823529413,0.5882352941176471,,,,,0.4,0.0,0.8,0.6,0.6,0.0,0.6,0.2,3.4,2.0,0.3,0.0,0.0,0.0,0.0,0.0,0.4,0.8,0.0,0.0,0.0,0.0,0.0,0.0,0.0,0.0,0.5,15.2,11.0,0.5
001001,Dylan Molloy,A,Attack,last_10,10,2025-07-18,2026-06-28,ARC|ATL|CAN|CHA|OUT|WHP,RED,33.0,25.0,25.0,0.0,25.0,8.0,80.0,47,3.0,0.0,0.0,0.0,0.0,0.0,19.0,24.0,4.0,0,0,0,0.0,0.0,2.0,1.5,19.0,277.0,173.0,0.3125,0.5875,,,,,0.42105263157894735,0.0,3.3,2.5,2.5,0.0,2.5,0.8,8.0,4.7,0.3,0.0,0.0,0.0,0.0,0.0,1.9,2.4,0.4,0.0,0.0,0.0,0.0,0.0,0.2,0.15,1.9,27.7,17.3,1.9
001009,Colin Heacock,M,Midfield,last_10,10,2025-07-20,2026-06-27,ARC|ATL|CAN|OUT|RED|WAT,WHP,12.0,11.0,11.0,0.0,11.0,1.0,32.0,23,2.0,0.0,0.0,0.0,0.0,0.0,2.0,5.0,1.0,0,0,0,0.0,0.0,1.0,1.0,5.0,151.0,114.0,0.34375,0.71875,,,,,0.2,0.0,1.2,1.1,1.1,0.0,1.1,0.1,3.2,2.3,0.2,0.0,0.0,0.0,0.0,0.0,0.2,0.5,0.1,0.0,0.0,0.0,0.0,0.0,0.1,0.1,0.5,15.1,11.4,0.5
001010,Isaiah Davis-Allen,SSDM,Defensive Midfield,last_10,10,2023-07-30,2024-08-17,ARC|ATL|CAN|CHA|OUT|WAT,RED,1.0,0.0,0.0,0.0,0.0,1.0,2.0,2,1.0,0.0,0.0,0.0,0.0,0.0,9.0,3.0,3.0,3,8,11,0.0,0.0,1.0,1.0,1.0,44.0,39.0,0.0,1.0,0.2727272727272727,,,,1.0,0.0,0.1,0.0,0.0,0.0,0.0,0.1,0.2,0.2,0.1,0.0,0.0,0.0,0.0,0.0,0.9,0.3,0.3,0.3,0.8,1.1,0.0,0.0,0.1,0.1,0.1,4.4,3.9,0.1
001020,Mike Messenger,SSDM,Defensive Midfield,last_10,10,2022-08-06,2024-06-08,ARC|CAN|CHA|RED|WAT|WHP,OUT,6.0,5.0,5.0,0.0,5.0,1.0,16.0,10,2.0,0.0,0.0,0.0,0.0,0.0,18.0,6.0,6.0,7,9,16,0.0,0.0,2.0,1.5,8.0,106.0,84.0,0.3125,0.625,0.4375,,,,0.125,0.0,0.6,0.5,0.5,0.0,0.5,0.1,1.6,1.0,0.2,0.0,0.0,0.0,0.0,0.0,1.8,0.6,0.6,0.7,0.9,1.6,0.0,0.0,0.2,0.15,0.8,10.6,8.4,0.8
001391,Mikie Schlosser,M,Midfield,last_10,10,2022-08-06,2026-05-09,ARC|ATL|OUT|RED|WHP,OUT|WAT,6.0,6.0,6.0,0.0,6.0,0.0,21.0,15,1.0,0.0,0.0,0.0,0.0,0.0,4.0,6.0,0.0,0,0,0,0.0,0.0,0.0,0.0,4.0,112.0,85.0,0.2857142857142857,0.7142857142857143,,,,,0.0,0.0,0.6,0.6,0.6,0.0,0.6,0.0,2.1,1.5,0.1,0.0,0.0,0.0,0.0,0.0,0.4,0.6,0.0,0.0,0.0,0.0,0.0,0.0,0.0,0.0,0.4,11.2,8.5,0.4
001397,Michael Rexrode,D,Defense,last_10,10,2025-07-18,2026-06-21,CAN|CHA|OUT|RED|WAT|WHP,ATL,2.0,2.0,0.0,1.0,1.0,0.0,2.0,1,2.0,0.0,0.0,0.0,0.0,0.0,14.0,3.0,18.0,0,0,0,0.0,0.0,4.0,3.0,2.0,69.0,64.0,0.5,0.5,,,,,0.0,0.5,0.2,0.2,0.0,0.1,0.1,0.0,0.2,0.1,0.2,0.0,0.0,0.0,0.0,0.0,1.4,0.3,1.8,0.0,0.0,0.0,0.0,0.0,0.4,0.3,0.2,6.9,6.4,0.2
001402,Max Adler,FO,Faceoff,last_10,5,2022-07-31,2023-07-09,ARC|ATL|OUT|RED,CHA,1.0,0.0,0.0,0.0,0.0,1.0,2.0,1,0.0,0.0,0.0,0.0,0.0,0.0,27.0,8.0,0.0,50,65,116,0.0,0.0,2.0,1.0,2.0,24.0,14.0,0.0,0.5,0.43103448275862066,,,,0.5,,0.2,0.0,0.0,0.0,0.0,0.2,0.4,0.2,0.0,0.0,0.0,0.0,0.0,0.0,5.4,1.6,0.0,10.0,13.0,23.2,0.0,0.0,0.4,0.2,0.4,4.8,2.8,0.4
001406,Ben Randall,D,Defense,last_10,10,2025-07-12,2026-06-27,ARC|ATL|CAN|CHA|RED|WHP,OUT|WAT,0.0,0.0,0.0,0.0,0.0,0.0,2.0,1,1.0,0.0,0.0,0.0,0.0,0.0,26.0,7.0,12.0,0,0,0,0.0,0.0,1.0,1.0,1.0,70.0,61.0,0.0,0.5,,,,,0.0,0.0,0.0,0.0,0.0,0.0,0.0,0.0,0.2,0.1,0.1,0.0,0.0,0.0,0.0,0.0,2.6,0.7,1.2,0.0,0.0,0.0,0.0,0.0,0.1,0.1,0.1,7.0,6.1,0.1
001414,Scott Hooper,D,Defense,last_10,1,2022-06-05,2022-06-05,WAT,CAN,0.0,0.0,0.0,0.0,0.0,0.0,0.0,0,0.0,0.0,0.0,0.0,0.0,0.0,1.0,0.0,2.0,0,0,0,0.0,0.0,0.0,0.0,0.0,2.0,2.0,,,,,,,,,0.0,0.0,0.0,0.0,0.0,0.0,0.0,0.0,0.0,0.0,0.0,0.0,0.0,0.0,1.0,0.0,2.0,0.0,0.0,0.0,0.0,0.0,0.0,0.0,0.0,2.0,2.0,0.0
001415,Greg Weyl,D,Defense,last_10,10,2024-08-03,2026-06-27,ARC|ATL|CHA|RED|WHP,OUT,1.0,1.0,1.0,0.0,1.0,0.0,4.0,1,0.0,0.0,0.0,0.0,0.0,0.0,16.0,1.0,8.0,0,0,0,0.0,0.0,2.0,2.0,0.0,34.0,29.0,0.25,0.25,,,,,,,0.1,0.1,0.1,0.0,0.1,0.0,0.4,0.1,0.0,0.0,0.0,0.0,0.0,0.0,1.6,0.1,0.8,0.0,0.0,0.0,0.0,0.0,0.2,0.2,0.0,3.4,2.9,0.0
001417,Bryce Wasserman,A,Attack,last_10,2,2022-06-04,2022-06-11,ARC|WHP,CHA,1.0,0.0,0.0,0.0,0.0,1.0,2.0,1,0.0,0.0,0.0,0.0,0.0,0.0,0.0,3.0,0.0,0,0,0,0.0,0.0,0.0,0.0,2.0,33.0,28.0,0.0,0.5,,,,,0.5,,0.5,0.0,0.0,0.0,0.0,0.5,1.0,0.5,0.0,0.0,0.0,0.0,0.0,0.0,0.0,1.5,0.0,0.0,0.0,0.0,0.0,0.0,0.0,0.0,1.0,16.5,14.0,1.0
001427,Nick Marrocco,G,Goalie,last_10,9,2022-06-05,2022-08-13,ARC|ATL|CHA|OUT|RED|WAT,CAN,0.0,0.0,0.0,0.0,0.0,0.0,2.0,2,2.0,123.0,49.0,74.0,129.0,128.67962,23.0,0.0,3.0,0,0,0,124.0,5.0,1.0,1.0,3.0,151.0,149.0,0.0,1.0,,0.4979757085020243,39.83739837398374,0.19838056680161945,0.0,0.0,0.0,0.0,0.0,0.0,0.0,0.0,0.2222222222222222,0.2222222222222222,0.2222222222222222,13.666666666666666,5.444444444444445,8.222222222222221,14.333333333333334,14.297735555555555,2.5555555555555554,0.0,0.3333333333333333,0.0,0.0,0.0,13.777777777777779,0.5555555555555556,0.1111111111111111,0.1111111111111111,0.3333333333333333,16.77777777777778,16.555555555555557,0.3333333333333333
001657,Brendan Bomberry,A,Attack,last_10,3,2022-06-05,2022-06-18,ARC|ATL|WAT,CAN,1.0,1.0,1.0,0.0,1.0,0.0,8.0,3,0.0,0.0,0.0,0.0,0.0,0.0,1.0,2.0,0.0,0,0,0,0.0,0.0,0.0,0.0,0.0,26.0,16.0,0.125,0.375,,,,,,,0.3333333333333333,0.3333333333333333,0.3333333333333333,0.0,0.3333333333333333,0.0,2.6666666666666665,1.0,0.0,0.0,0.0,0.0,0.0,0.0,0.3333333333333333,0.6666666666666666,0.0,0.0,0.0,0.0,0.0,0.0,0.0,0.0,0.0,8.666666666666666,5.333333333333333,0.0
001661,Warren Jeffrey,D,Defense,last_10,10,2025-06-28,2026-06-28,ATL|CHA|OUT|RED|WAT|WHP,ARC,0.0,0.0,0.0,0.0,0.0,0.0,0.0,0,0.0,0.0,0.0,0.0,0.0,0.0,12.0,3.0,10.0,0,0,0,0.0,0.0,3.0,2.5,1.0,43.0,40.0,,,,,,,0.0,,0.0,0.0,0.0,0.0,0.0,0.0,0.0,0.0,0.0,0.0,0.0,0.0,0.0,0.0,1.2,0.3,1.0,0.0,0.0,0.0,0.0,0.0,0.3,0.25,0.1,4.3,4.0,0.1
001662,Andrew Kew,A,Attack,last_10,1,2022-06-11,2022-06-11,ARC,CHA,0.0,0.0,0.0,0.0,0.0,0.0,4.0,0,1.0,0.0,0.0,0.0,0.0,0.0,2.0,1.0,0.0,0,0,0,0.0,0.0,0.0,0.0,1.0,15.0,10.0,0.0,0.0,,,,,0.0,0.0,0.0,0.0,0.0,0.0,0.0,0.0,4.0,0.0,1.0,0.0,0.0,0.0,0.0,0.0,2.0,1.0,0.0,0.0,0.0,0.0,0.0,0.0,0.0,0.0,1.0,15.0,10.0,1.0
001671,Zach Goodrich,SSDM,Defensive Midfield,last_10,10,2025-07-19,2026-06-28,ATL|CHA|OUT|RED|WAT|WHP,CAN,1.0,0.0,0.0,0.0,0.0,1.0,0.0,0,0.0,0.0,0.0,0.0,0.0,0.0,2.0,1.0,9.0,0,3,3,0.0,0.0,4.0,2.0,2.0,32.0,31.0,,,0.0,,,,0.5,,0.1,0.0,0.0,0.0,0.0,0.1,0.0,0.0,0.0,0.0,0.0,0.0,0.0,0.0,0.2,0.1,0.9,0.0,0.3,0.3,0.0,0.0,0.4,0.2,0.2,3.2,3.1,0.2
001707,Matt Whitcher,SSDM,Defensive Midfield,last_10,10,2025-06-21,2026-06-28,ARC|ATL|CAN|CHA|RED|WHP,WAT,2.0,2.0,2.0,0.0,2.0,0.0,12.0,9,4.0,0.0,0.0,0.0,0.0,0.0,9.0,2.0,7.0,0,1,1,0.0,0.0,5.0,3.0,2.0,70.0,56.0,0.16666666666666666,0.75,0.0,,,,0.0,0.0,0.2,0.2,0.2,0.0,0.2,0.0,1.2,0.9,0.4,0.0,0.0,0.0,0.0,0.0,0.9,0.2,0.7,0.0,0.1,0.1,0.0,0.0,0.5,0.3,0.2,7.0,5.6,0.2
001724,Sean Sconone,G,Goalie,last_10,10,2023-06-09,2024-07-27,ARC|ATL|CAN|CHA|RED|WAT|WHP,OUT,0.0,0.0,0.0,0.0,0.0,0.0,0.0,0,0.0,101.0,32.0,69.0,112.0,117.18402,15.0,7.0,1.0,0,0,0,101.0,11.0,0.0,0.0,2.0,142.0,135.0,,,,0.5,31.683168316831683,0.15841584158415842,0.0,,0.0,0.0,0.0,0.0,0.0,0.0,0.0,0.0,0.0,10.1,3.2,6.9,11.2,11.718402000000001,1.5,0.7,0.1,0.0,0.0,0.0,10.1,1.1,0.0,0.0,0.2,14.2,13.5,0.2
001727,Bradley Voigt,A,Attack,last_10,2,2022-06-04,2023-06-04,WAT|WHP,CHA,2.0,2.0,2.0,0.0,2.0,0.0,5.0,4,0.0,0.0,0.0,0.0,0.0,0.0,2.0,5.0,0.0,0,0,0,0.0,0.0,0.0,0.0,3.0,27.0,17.0,0.4,0.8,,,,,0.0,,1.0,1.0,1.0,0.0,1.0,0.0,2.5,2.0,0.0,0.0,0.0,0.0,0.0,0.0,1.0,2.5,0.0,0.0,0.0,0.0,0.0,0.0,0.0,0.0,1.5,13.5,8.5,1.5
001729,Chris Aslanian,M,Midfield,last_10,10,2024-07-05,2026-06-05,ARC|ATL|CAN|CHA|OUT|RED|WAT|WHP,CAN|CHA,11.0,11.0,7.0,2.0,9.0,0.0,38.0,26,10.0,0.0,0.0,0.0,0.0,0.0,1.0,6.0,1.0,0,0,0,0.0,0.0,0.0,0.0,8.0,191.0,147.0,0.23684210526315788,0.6842105263157895,,,,,0.0,0.2,1.1,1.1,0.7,0.2,0.9,0.0,3.8,2.6,1.0,0.0,0.0,0.0,0.0,0.0,0.1,0.6,0.1,0.0,0.0,0.0,0.0,0.0,0.0,0.0,0.8,19.1,14.7,0.8
001733,Charlie Hayes,SSDM,Defensive Midfield,last_10,10,2024-07-19,2026-06-28,ARC|ATL|CAN|CHA|OUT|RED|WHP,WAT,1.0,1.0,1.0,0.0,1.0,0.0,5.0,3,0.0,0.0,0.0,0.0,0.0,0.0,15.0,2.0,3.0,0,3,3,0.0,0.0,0.0,0.0,3.0,52.0,45.0,0.2,0.6,0.0,,,,0.0,,0.1,0.1,0.1,0.0,0.1,0.0,0.5,0.3,0.0,0.0,0.0,0.0,0.0,0.0,1.5,0.2,0.3,0.0,0.3,0.3,0.0,0.0,0.0,0.0,0.3,5.2,4.5,0.3
001740,Andrew Newbold,LSM,Long Stick Midfield,last_10,4,2022-07-31,2022-08-21,OUT|RED|WAT|WHP,CAN,1.0,1.0,1.0,0.0,1.0,0.0,3.0,2,1.0,0.0,0.0,0.0,0.0,0.0,0.0,0.0,1.0,0,3,3,0.0,0.0,0.0,0.0,2.0,9.0,6.0,0.3333333333333333,0.6666666666666666,0.0,,,,0.0,0.0,0.25,0.25,0.25,0.0,0.25,0.0,0.75,0.5,0.25,0.0,0.0,0.0,0.0,0.0,0.0,0.0,0.25,0.0,0.75,0.75,0.0,0.0,0.0,0.0,0.5,2.25,1.5,0.5
001746,Daniel Bucaro,M,Midfield,last_10,9,2022-06-04,2022-08-21,ARC|CAN|CHA|OUT|RED|WAT|WHP,ATL,12.0,9.0,9.0,0.0,9.0,3.0,31.0,17,0.0,0.0,0.0,0.0,0.0,0.0,5.0,9.0,1.0,0,0,0,0.0,0.0,0.0,0.0,9.0,106.0,66.0,0.2903225806451613,0.5483870967741935,,,,,0.3333333333333333,,1.3333333333333333,1.0,1.0,0.0,1.0,0.3333333333333333,3.4444444444444446,1.8888888888888888,0.0,0.0,0.0,0.0,0.0,0.0,0.5555555555555556,1.0,0.1111111111111111,0.0,0.0,0.0,0.0,0.0,0.0,0.0,1.0,11.777777777777779,7.333333333333333,1.0
001760,Pat Aslanian,SSDM,Defensive Midfield,last_10,10,2023-06-10,2024-06-01,ATL|CHA|OUT|RED|WAT|WHP,CAN,1.0,0.0,0.0,0.0,0.0,1.0,4.0,1,1.0,0.0,0.0,0.0,0.0,0.0,2.0,4.0,1.0,1,4,5,0.0,0.0,4.0,3.0,2.0,46.0,38.0,0.0,0.25,0.2,,,,0.5,0.0,0.1,0.0,0.0,0.0,0.0,0.1,0.4,0.1,0.1,0.0,0.0,0.0,0.0,0.0,0.2,0.4,0.1,0.1,0.4,0.5,0.0,0.0,0.4,0.3,0.2,4.6,3.8,0.2
001763,Alex Woodall,FO,Faceoff,last_10,4,2022-06-05,2022-07-24,ARC|CHA|OUT|WAT,CAN,1.0,0.0,0.0,0.0,0.0,1.0,0.0,0,0.0,0.0,0.0,0.0,0.0,0.0,12.0,2.0,0.0,23,27,50,0.0,0.0,0.0,0.0,1.0,12.0,10.0,,,0.46,,,,1.0,,0.25,0.0,0.0,0.0,0.0,0.25,0.0,0.0,0.0,0.0,0.0,0.0,0.0,0.0,3.0,0.5,0.0,5.75,6.75,12.5,0.0,0.0,0.0,0.0,0.25,3.0,2.5,0.25
001766,Holden Garlent,D,Defense,last_10,10,2022-08-06,2024-07-28,ARC|ATL|CAN|CHA|OUT|RED|WHP,CAN|RED,0.0,0.0,0.0,0.0,0.0,0.0,2.0,1,1.0,0.0,0.0,0.0,0.0,0.0,13.0,3.0,6.0,0,0,0,0.0,0.0,3.0,2.0,1.0,42.0,37.0,0.0,0.5,,,,,0.0,0.0,0.0,0.0,0.0,0.0,0.0,0.0,0.2,0.1,0.1,0.0,0.0,0.0,0.0,0.0,1.3,0.3,0.6,0.0,0.0,0.0,0.0,0.0,0.3,0.2,0.1,4.2,3.7,0.1
001773,Nick Washuta,G,Goalie,last_10,9,2022-06-11,2026-05-09,CAN|CHA|OUT|RED|WAT|WHP,ARC,0.0,0.0,0.0,0.0,0.0,0.0,0.0,0,0.0,39.0,13.0,26.0,32.0,645.048,5.0,1.0,2.0,0,0,0,29.0,3.0,0.0,0.0,0.0,48.0,47.0,,,,0.5735294117647058,33.33333333333333,0.19117647058823528,,,0.0,0.0,0.0,0.0,0.0,0.0,0.0,0.0,0.0,4.333333333333333,1.4444444444444444,2.888888888888889,3.5555555555555554,71.672,0.5555555555555556,0.1111111111111111,0.2222222222222222,0.0,0.0,0.0,3.2222222222222223,0.3333333333333333,0.0,0.0,0.0,5.333333333333333,5.222222222222222,0.0
001793,Chase Fraser,A,Attack,last_10,10,2022-06-25,2023-08-27,ARC|ATL|CAN|OUT|RED|WAT|WHP,CHA,17.0,16.0,16.0,0.0,16.0,1.0,56.0,35,2.0,0.0,0.0,0.0,0.0,0.0,19.0,24.0,4.0,0,0,0,0.0,0.0,2.0,1.5,6.0,278.0,198.0,0.2857142857142857,0.625,,,,,0.16666666666666666,0.0,1.7,1.6,1.6,0.0,1.6,0.1,5.6,3.5,0.2,0.0,0.0,0.0,0.0,0.0,1.9,2.4,0.4,0.0,0.0,0.0,0.0,0.0,0.2,0.15,0.6,27.8,19.8,0.6
001795,Christian Scarpello,SSDM,Defensive Midfield,last_10,10,2025-06-28,2026-06-28,ARC|CAN|CHA|OUT|RED|WAT|WHP,CHA|WAT,4.0,4.0,4.0,0.0,4.0,0.0,5.0,5,0.0,0.0,0.0,0.0,0.0,0.0,8.0,6.0,2.0,0,1,1,0.0,0.0,1.0,1.0,2.0,55.0,44.0,0.8,1.0,0.0,,,,0.0,,0.4,0.4,0.4,0.0,0.4,0.0,0.5,0.5,0.0,0.0,0.0,0.0,0.0,0.0,0.8,0.6,0.2,0.0,0.1,0.1,0.0,0.0,0.1,0.1,0.2,5.5,4.4,0.2
001796,Latrell Harris,SSDM,Defensive Midfield,last_10,10,2023-06-03,2023-08-26,ATL|CAN|CHA|OUT|RED|WAT|WHP,ARC,4.0,2.0,2.0,0.0,2.0,2.0,4.0,2,0.0,0.0,0.0,0.0,0.0,0.0,19.0,2.0,6.0,0,0,0,0.0,0.0,3.0,2.5,14.0,81.0,75.0,0.5,0.5,,,,,0.14285714285714285,,0.4,0.2,0.2,0.0,0.2,0.2,0.4,0.2,0.0,0.0,0.0,0.0,0.0,0.0,1.9,0.2,0.6,0.0,0.0,0.0,0.0,0.0,0.3,0.25,1.4,8.1,7.5,1.4
001797,JD Colarusso,G,Goalie,last_10,2,2022-06-04,2022-07-30,ARC|RED,ATL,0.0,0.0,0.0,0.0,0.0,0.0,0.0,0,0.0,7.0,3.0,4.0,7.0,14.0,2.0,1.0,0.0,0,0,0,6.0,1.0,0.0,0.0,0.0,7.0,6.0,,,,0.5384615384615384,42.857142857142854,0.23076923076923078,,,0.0,0.0,0.0,0.0,0.0,0.0,0.0,0.0,0.0,3.5,1.5,2.0,3.5,7.0,1.0,0.5,0.0,0.0,0.0,0.0,3.0,0.5,0.0,0.0,0.0,3.5,3.0,0.0
001809,Jeff Teat,A,Attack,last_10,10,2025-05-30,2025-08-09,ARC|CAN|CHA|OUT|RED|WAT|WHP,ATL,40.0,17.0,17.0,0.0,17.0,23.0,69.0,42,2.0,0.0,0.0,0.0,0.0,0.0,18.0,23.0,1.0,0,0,0,0.0,0.0,0.0,0.0,55.0,376.0,284.0,0.2463768115942029,0.6086956521739131,,,,,0.41818181818181815,0.0,4.0,1.7,1.7,0.0,1.7,2.3,6.9,4.2,0.2,0.0,0.0,0.0,0.0,0.0,1.8,2.3,0.1,0.0,0.0,0.0,0.0,0.0,0.0,0.0,5.5,37.6,28.4,5.5
001810,Michael Sowers,A,Attack,last_10,10,2025-07-12,2026-06-28,ARC|ATL|CAN|CHA|WHP,WAT,34.0,18.0,18.0,0.0,18.0,16.0,71.0,50,0.0,0.0,0.0,0.0,0.0,0.0,11.0,24.0,0.0,0,0,0,0.0,0.0,0.0,0.0,64.0,370.0,275.0,0.2535211267605634,0.704225352112676,,,,,0.25,,3.4,1.8,1.8,0.0,1.8,1.6,7.1,5.0,0.0,0.0,0.0,0.0,0.0,0.0,1.1,2.4,0.0,0.0,0.0,0.0,0.0,0.0,0.0,0.0,6.4,37.0,27.5,6.4
001811,JT Giles-Harris,D,Defense,last_10,10,2025-07-13,2026-06-27,ARC|ATL|CAN|CHA|RED|WHP,OUT,2.0,0.0,0.0,0.0,0.0,2.0,2.0,1,2.0,0.0,0.0,0.0,0.0,0.0,14.0,2.0,8.0,0,0,0,0.0,0.0,3.0,5.0,2.0,70.0,66.0,0.0,0.5,,,,,1.0,0.0,0.2,0.0,0.0,0.0,0.0,0.2,0.2,0.1,0.2,0.0,0.0,0.0,0.0,0.0,1.4,0.2,0.8,0.0,0.0,0.0,0.0,0.0,0.3,0.5,0.2,7.0,6.6,0.2
001812,TD Ierlan,FO,Faceoff,last_10,10,2025-07-18,2026-06-28,ARC|ATL|CAN|CHA|OUT|WHP,RED,4.0,2.0,2.0,0.0,2.0,2.0,13.0,7,2.0,0.0,0.0,0.0,0.0,0.0,79.0,2.0,2.0,158,100,259,0.0,0.0,2.0,1.0,6.0,85.0,70.0,0.15384615384615385,0.5384615384615384,0.61003861003861,,,,0.3333333333333333,0.0,0.4,0.2,0.2,0.0,0.2,0.2,1.3,0.7,0.2,0.0,0.0,0.0,0.0,0.0,7.9,0.2,0.2,15.8,10.0,25.9,0.0,0.0,0.2,0.1,0.6,8.5,7.0,0.6
001813,Jared Conners,LSM,Long Stick Midfield,last_10,10,2025-07-18,2026-06-28,ARC|ATL|CAN|CHA|OUT|WHP,RED,1.0,1.0,1.0,0.0,1.0,0.0,13.0,3,8.0,0.0,0.0,0.0,0.0,0.0,30.0,7.0,7.0,0,0,0,0.0,0.0,0.0,0.0,4.0,78.0,58.0,0.07692307692307693,0.23076923076923078,,,,,0.0,0.0,0.1,0.1,0.1,0.0,0.1,0.0,1.3,0.3,0.8,0.0,0.0,0.0,0.0,0.0,3.0,0.7,0.7,0.0,0.0,0.0,0.0,0.0,0.0,0.0,0.4,7.8,5.8,0.4
001814,Mac O'Keefe,A,Attack,last_10,10,2025-07-19,2026-06-28,CHA|OUT|RED|WAT|WHP,ARC,22.0,16.0,14.0,1.0,15.0,6.0,53.0,34,7.0,0.0,0.0,0.0,0.0,0.0,9.0,6.0,0.0,0,0,0,0.0,0.0,1.0,1.0,25.0,226.0,167.0,0.2830188679245283,0.6415094339622641,,,,,0.24,0.14285714285714285,2.2,1.6,1.4,0.1,1.5,0.6,5.3,3.4,0.7,0.0,0.0,0.0,0.0,0.0,0.9,0.6,0.0,0.0,0.0,0.0,0.0,0.0,0.1,0.1,2.5,22.6,16.7,2.5
001815,Connor Kirst,M,Midfield,last_10,10,2025-07-11,2026-06-28,ATL|OUT|RED|WAT|WHP,CAN,9.0,7.0,5.0,1.0,6.0,2.0,19.0,10,7.0,0.0,0.0,0.0,0.0,0.0,19.0,6.0,4.0,8,15,23,0.0,0.0,2.0,1.5,4.0,79.0,54.0,0.3157894736842105,0.5263157894736842,0.34782608695652173,,,,0.5,0.14285714285714285,0.9,0.7,0.5,0.1,0.6,0.2,1.9,1.0,0.7,0.0,0.0,0.0,0.0,0.0,1.9,0.6,0.4,0.8,1.5,2.3,0.0,0.0,0.2,0.15,0.4,7.9,5.4,0.4
001816,Dox Aitken,M,Midfield,last_10,10,2024-06-08,2025-08-02,ARC|CAN|CHA|OUT|RED|WAT|WHP,ATL,11.0,10.0,10.0,0.0,10.0,1.0,43.0,24,6.0,0.0,0.0,0.0,0.0,0.0,11.0,11.0,0.0,0,1,1,0.0,0.0,4.0,2.5,9.0,207.0,153.0,0.23255813953488372,0.5581395348837209,0.0,,,,0.1111111111111111,0.0,1.1,1.0,1.0,0.0,1.0,0.1,4.3,2.4,0.6,0.0,0.0,0.0,0.0,0.0,1.1,1.1,0.0,0.0,0.1,0.1,0.0,0.0,0.4,0.25,0.9,20.7,15.3,0.9
001817,Jack Kielty,D,Defense,last_10,10,2025-07-19,2026-06-28,ATL|CHA|OUT|RED|WAT|WHP,CAN,0.0,0.0,0.0,0.0,0.0,0.0,0.0,0,0.0,0.0,0.0,0.0,0.0,0.0,15.0,3.0,8.0,0,0,0,0.0,0.0,2.0,2.0,1.0,52.0,49.0,,,,,,,0.0,,0.0,0.0,0.0,0.0,0.0,0.0,0.0,0.0,0.0,0.0,0.0,0.0,0.0,0.0,1.5,0.3,0.8,0.0,0.0,0.0,0.0,0.0,0.2,0.2,0.1,5.2,4.9,0.1
001818,Jake Carraway,M,Midfield,last_10,10,2023-07-30,2024-08-17,ARC|ATL|CAN|CHA|WHP,WAT,15.0,13.0,9.0,2.0,11.0,2.0,38.0,26,12.0,0.0,0.0,0.0,0.0,0.0,9.0,4.0,0.0,0,0,0,0.0,0.0,1.0,0.5,14.0,184.0,142.0,0.2894736842105263,0.6842105263157895,,,,,0.14285714285714285,0.16666666666666666,1.5,1.3,0.9,0.2,1.1,0.2,3.8,2.6,1.2,0.0,0.0,0.0,0.0,0.0,0.9,0.4,0.0,0.0,0.0,0.0,0.0,0.0,0.1,0.05,1.4,18.4,14.2,1.4
001819,Danny Logan,SSDM,Defensive Midfield,last_10,10,2025-06-21,2026-06-19,ARC|CAN|OUT|RED|WAT|WHP,ATL,2.0,1.0,1.0,0.0,1.0,1.0,4.0,1,2.0,0.0,0.0,0.0,0.0,0.0,15.0,5.0,3.0,2,11,13,0.0,0.0,4.0,2.5,2.0,72.0,63.0,0.25,0.25,0.15384615384615385,,,,0.5,0.0,0.2,0.1,0.1,0.0,0.1,0.1,0.4,0.1,0.2,0.0,0.0,0.0,0.0,0.0,1.5,0.5,0.3,0.2,1.1,1.3,0.0,0.0,0.4,0.25,0.2,7.2,6.3,0.2
001820,Ryan Terefenko,SSDM,Defensive Midfield,last_10,10,2025-06-22,2026-06-27,ARC|ATL|CAN|CHA|RED|WHP,OUT,9.0,8.0,4.0,2.0,6.0,1.0,17.0,13,6.0,0.0,0.0,0.0,0.0,0.0,16.0,7.0,2.0,0,5,5,0.0,0.0,2.0,1.0,7.0,147.0,123.0,0.35294117647058826,0.7647058823529411,0.0,,,,0.14285714285714285,0.3333333333333333,0.9,0.8,0.4,0.2,0.6,0.1,1.7,1.3,0.6,0.0,0.0,0.0,0.0,0.0,1.6,0.7,0.2,0.0,0.5,0.5,0.0,0.0,0.2,0.1,0.7,14.7,12.3,0.7
001821,Tre Leclaire,M,Midfield,last_10,10,2024-08-18,2026-06-28,CHA|OUT|RED|WAT|WHP,ARC,20.0,15.0,13.0,1.0,14.0,5.0,50.0,29,16.0,0.0,0.0,0.0,0.0,0.0,8.0,11.0,0.0,0,0,0,0.0,0.0,2.0,1.0,10.0,198.0,137.0,0.28,0.58,,,,,0.5,0.0625,2.0,1.5,1.3,0.1,1.4,0.5,5.0,2.9,1.6,0.0,0.0,0.0,0.0,0.0,0.8,1.1,0.0,0.0,0.0,0.0,0.0,0.0,0.2,0.1,1.0,19.8,13.7,1.0
001823,Tanner Cook,M,Midfield,last_10,5,2022-06-04,2022-08-06,ARC|OUT|RED|WAT|WHP,CHA,3.0,2.0,2.0,0.0,2.0,1.0,7.0,6,0.0,0.0,0.0,0.0,0.0,0.0,3.0,5.0,0.0,0,0,0,0.0,0.0,1.0,2.0,7.0,72.0,60.0,0.2857142857142857,0.8571428571428571,,,,,0.14285714285714285,,0.6,0.4,0.4,0.0,0.4,0.2,1.4,1.2,0.0,0.0,0.0,0.0,0.0,0.0,0.6,1.0,0.0,0.0,0.0,0.0,0.0,0.0,0.2,0.4,1.4,14.4,12.0,1.4
001824,Ryan Tierney,M,Midfield,last_10,10,2022-06-11,2024-08-03,ARC|ATL|CHA|OUT|WHP,CAN|RED,6.0,5.0,5.0,0.0,5.0,1.0,18.0,10,1.0,0.0,0.0,0.0,0.0,0.0,7.0,12.0,1.0,0,0,0,0.0,0.0,1.0,1.0,7.0,135.0,105.0,0.2777777777777778,0.5555555555555556,,,,,0.14285714285714285,0.0,0.6,0.5,0.5,0.0,0.5,0.1,1.8,1.0,0.1,0.0,0.0,0.0,0.0,0.0,0.7,1.2,0.1,0.0,0.0,0.0,0.0,0.0,0.1,0.1,0.7,13.5,10.5,0.7
001825,Peter Dearth,SSDM,Defensive Midfield,last_10,10,2022-07-30,2023-08-26,ARC|CAN|CHA|RED|WAT|WHP,ATL,0.0,0.0,0.0,0.0,0.0,0.0,6.0,5,0.0,0.0,0.0,0.0,0.0,0.0,16.0,6.0,1.0,0,0,0,0.0,0.0,4.0,2.0,3.0,47.0,35.0,0.0,0.8333333333333334,,,,,0.0,,0.0,0.0,0.0,0.0,0.0,0.0,0.6,0.5,0.0,0.0,0.0,0.0,0.0,0.0,1.6,0.6,0.1,0.0,0.0,0.0,0.0,0.0,0.4,0.2,0.3,4.7,3.5,0.3
001826,Jeff Trainor,SSDM,Defensive Midfield,last_10,10,2025-06-29,2026-06-07,ATL|CHA|OUT|RED|WAT|WHP,CAN,9.0,8.0,6.0,1.0,7.0,1.0,14.0,10,4.0,0.0,0.0,0.0,0.0,0.0,16.0,4.0,4.0,0,0,0,0.0,0.0,3.0,3.0,3.0,90.0,72.0,0.5,0.7142857142857143,,,,,0.3333333333333333,0.25,0.9,0.8,0.6,0.1,0.7,0.1,1.4,1.0,0.4,0.0,0.0,0.0,0.0,0.0,1.6,0.4,0.4,0.0,0.0,0.0,0.0,0.0,0.3,0.3,0.3,9.0,7.2,0.3
001827,Jared Bernhardt,M,Midfield,last_10,10,2025-06-28,2026-06-27,ARC|ATL|CAN|CHA|RED|WHP,OUT,30.0,23.0,23.0,0.0,23.0,7.0,66.0,42,2.0,0.0,0.0,0.0,0.0,0.0,8.0,21.0,2.0,0,0,0,0.0,0.0,1.0,0.5,20.0,289.0,202.0,0.3484848484848485,0.6363636363636364,,,,,0.35,0.0,3.0,2.3,2.3,0.0,2.3,0.7,6.6,4.2,0.2,0.0,0.0,0.0,0.0,0.0,0.8,2.1,0.2,0.0,0.0,0.0,0.0,0.0,0.1,0.05,2.0,28.9,20.2,2.0
001828,Justin Anderson,M,Midfield,last_10,10,2025-07-13,2026-06-27,ARC|ATL|CAN|CHA|RED|WHP,OUT,10.0,9.0,9.0,0.0,9.0,1.0,24.0,15,2.0,0.0,0.0,0.0,0.0,0.0,11.0,9.0,4.0,0,0,0,0.0,0.0,1.0,0.5,7.0,125.0,92.0,0.375,0.625,,,,,0.14285714285714285,0.0,1.0,0.9,0.9,0.0,0.9,0.1,2.4,1.5,0.2,0.0,0.0,0.0,0.0,0.0,1.1,0.9,0.4,0.0,0.0,0.0,0.0,0.0,0.1,0.05,0.7,12.5,9.2,0.7
001831,Colin Squires,LSM,Long Stick Midfield,last_10,10,2025-05-31,2025-08-09,ARC|ATL|CAN|CHA|OUT|RED|WAT,WHP,1.0,0.0,0.0,0.0,0.0,1.0,1.0,0,1.0,0.0,0.0,0.0,0.0,0.0,35.0,5.0,3.0,0,0,0,0.0,0.0,1.0,1.0,1.0,55.0,49.0,0.0,0.0,,,,,1.0,0.0,0.1,0.0,0.0,0.0,0.0,0.1,0.1,0.0,0.1,0.0,0.0,0.0,0.0,0.0,3.5,0.5,0.3,0.0,0.0,0.0,0.0,0.0,0.1,0.1,0.1,5.5,4.9,0.1
001832,Charlie Bertrand,M,Midfield,last_10,10,2024-08-03,2025-08-08,ARC|CAN|CHA|OUT|WAT|WHP,RED,17.0,14.0,12.0,1.0,13.0,3.0,42.0,29,4.0,0.0,0.0,0.0,0.0,0.0,5.0,7.0,0.0,0,0,0,0.0,0.0,1.0,1.0,8.0,181.0,132.0,0.30952380952380953,0.6904761904761905,,,,,0.375,0.25,1.7,1.4,1.2,0.1,1.3,0.3,4.2,2.9,0.4,0.0,0.0,0.0,0.0,0.0,0.5,0.7,0.0,0.0,0.0,0.0,0.0,0.0,0.1,0.1,0.8,18.1,13.2,0.8
001833,Stephen Rehfuss,M,Midfield,last_10,10,2022-06-05,2022-08-21,ARC|ATL|CHA|OUT|RED|WAT|WHP,CAN,14.0,6.0,6.0,0.0,6.0,8.0,29.0,17,0.0,0.0,0.0,0.0,0.0,0.0,9.0,16.0,0.0,0,0,0,0.0,0.0,0.0,0.0,44.0,277.0,232.0,0.20689655172413793,0.5862068965517241,,,,,0.18181818181818182,,1.4,0.6,0.6,0.0,0.6,0.8,2.9,1.7,0.0,0.0,0.0,0.0,0.0,0.0,0.9,1.6,0.0,0.0,0.0,0.0,0.0,0.0,0.0,0.0,4.4,27.7,23.2,4.4
001835,Ethan Walker,A,Attack,last_10,10,2024-06-01,2024-08-17,ARC|ATL|CAN|CHA|OUT|RED|WHP,WAT,10.0,5.0,5.0,0.0,5.0,5.0,29.0,19,0.0,0.0,0.0,0.0,0.0,0.0,11.0,9.0,2.0,0,0,0,0.0,0.0,0.0,0.0,20.0,262.0,224.0,0.1724137931034483,0.6551724137931034,,,,,0.25,,1.0,0.5,0.5,0.0,0.5,0.5,2.9,1.9,0.0,0.0,0.0,0.0,0.0,0.0,1.1,0.9,0.2,0.0,0.0,0.0,0.0,0.0,0.0,0.0,2.0,26.2,22.4,2.0
001836,Jackson Morrill,A,Attack,last_10,10,2023-07-08,2024-06-16,ARC|ATL|CAN|RED|WAT|WHP,OUT|WHP,21.0,6.0,6.0,0.0,6.0,15.0,22.0,20,0.0,0.0,0.0,0.0,0.0,0.0,11.0,13.0,1.0,0,0,0,0.0,0.0,0.0,0.0,44.0,280.0,245.0,0.2727272727272727,0.9090909090909091,,,,,0.3409090909090909,,2.1,0.6,0.6,0.0,0.6,1.5,2.2,2.0,0.0,0.0,0.0,0.0,0.0,0.0,1.1,1.3,0.1,0.0,0.0,0.0,0.0,0.0,0.0,0.0,4.4,28.0,24.5,4.4
001838,Ryan Smith,M,Midfield,last_10,10,2023-06-04,2023-08-27,ARC|ATL|CAN|OUT|RED|WAT|WHP,CHA,18.0,14.0,14.0,0.0,14.0,4.0,34.0,22,0.0,0.0,0.0,0.0,0.0,0.0,9.0,7.0,0.0,0,0,0,0.0,0.0,0.0,0.0,16.0,131.0,90.0,0.4117647058823529,0.6470588235294118,,,,,0.25,,1.8,1.4,1.4,0.0,1.4,0.4,3.4,2.2,0.0,0.0,0.0,0.0,0.0,0.0,0.9,0.7,0.0,0.0,0.0,0.0,0.0,0.0,0.0,0.0,1.6,13.1,9.0,1.6
001839,Nick Grill,LSM,Long Stick Midfield,last_10,10,2024-07-27,2025-08-02,ARC|ATL|CAN|CHA|RED|WAT|WHP,OUT,0.0,0.0,0.0,0.0,0.0,0.0,0.0,0,0.0,0.0,0.0,0.0,0.0,0.0,18.0,2.0,7.0,0,0,0,0.0,0.0,1.0,1.0,0.0,33.0,31.0,,,,,,,,,0.0,0.0,0.0,0.0,0.0,0.0,0.0,0.0,0.0,0.0,0.0,0.0,0.0,0.0,1.8,0.2,0.7,0.0,0.0,0.0,0.0,0.0,0.1,0.1,0.0,3.3,3.1,0.0
001843,Cole Williams,M,Midfield,last_10,7,2022-07-30,2026-05-15,ARC|CAN|CHA|RED|WHP,CHA|OUT,8.0,6.0,6.0,0.0,6.0,2.0,19.0,12,1.0,0.0,0.0,0.0,0.0,0.0,4.0,10.0,0.0,0,0,0,0.0,0.0,2.0,2.0,9.0,95.0,66.0,0.3157894736842105,0.631578947368421,,,,,0.2222222222222222,0.0,1.1428571428571428,0.8571428571428571,0.8571428571428571,0.0,0.8571428571428571,0.2857142857142857,2.7142857142857144,1.7142857142857142,0.14285714285714285,0.0,0.0,0.0,0.0,0.0,0.5714285714285714,1.4285714285714286,0.0,0.0,0.0,0.0,0.0,0.0,0.2857142857142857,0.2857142857142857,1.2857142857142858,13.571428571428571,9.428571428571429,1.2857142857142858
001846,Adam Charalambides,A,Attack,last_10,10,2025-06-06,2026-05-09,ARC|ATL|CAN|OUT|RED|WAT|WHP,CHA,17.0,14.0,14.0,0.0,14.0,3.0,55.0,36,2.0,0.0,0.0,0.0,0.0,0.0,9.0,19.0,2.0,0,0,0,0.0,0.0,5.0,3.5,13.0,298.0,224.0,0.2545454545454545,0.6545454545454545,,,,,0.23076923076923078,0.0,1.7,1.4,1.4,0.0,1.4,0.3,5.5,3.6,0.2,0.0,0.0,0.0,0.0,0.0,0.9,1.9,0.2,0.0,0.0,0.0,0.0,0.0,0.5,0.35,1.3,29.8,22.4,1.3
002001,Kevin Rogers,M,Midfield,last_10,7,2022-06-05,2023-08-06,ARC|CAN|CHA|RED|WAT,OUT|RED,8.0,3.0,3.0,0.0,3.0,5.0,18.0,11,2.0,0.0,0.0,0.0,0.0,0.0,7.0,3.0,1.0,0,0,0,0.0,0.0,0.0,0.0,17.0,121.0,100.0,0.16666666666666666,0.6111111111111112,,,,,0.29411764705882354,0.0,1.1428571428571428,0.42857142857142855,0.42857142857142855,0.0,0.42857142857142855,0.7142857142857143,2.5714285714285716,1.5714285714285714,0.2857142857142857,0.0,0.0,0.0,0.0,0.0,1.0,0.42857142857142855,0.14285714285714285,0.0,0.0,0.0,0.0,0.0,0.0,0.0,2.4285714285714284,17.285714285714285,14.285714285714286,2.4285714285714284
002003,Will Perry,M,Midfield,last_10,8,2023-06-04,2023-08-20,ARC|ATL|CAN|RED|WAT|WHP,CHA,5.0,5.0,5.0,0.0,5.0,0.0,30.0,13,5.0,0.0,0.0,0.0,0.0,0.0,4.0,2.0,0.0,0,0,0,0.0,0.0,0.0,0.0,9.0,134.0,102.0,0.16666666666666666,0.43333333333333335,,,,,0.0,0.0,0.625,0.625,0.625,0.0,0.625,0.0,3.75,1.625,0.625,0.0,0.0,0.0,0.0,0.0,0.5,0.25,0.0,0.0,0.0,0.0,0.0,0.0,0.0,0.0,1.125,16.75,12.75,1.125
002006,Reid Bowering,M,Midfield,last_10,10,2025-07-18,2026-06-21,CAN|CHA|OUT|RED|WAT|WHP,ATL,16.0,14.0,14.0,0.0,14.0,2.0,39.0,29,0.0,0.0,0.0,0.0,0.0,0.0,19.0,9.0,1.0,0,1,1,0.0,0.0,0.0,0.0,4.0,124.0,76.0,0.358974358974359,0.7435897435897436,0.0,,,,0.5,,1.6,1.4,1.4,0.0,1.4,0.2,3.9,2.9,0.0,0.0,0.0,0.0,0.0,0.0,1.9,0.9,0.1,0.0,0.1,0.1,0.0,0.0,0.0,0.0,0.4,12.4,7.6,0.4
002007,Charlie Kitchen,A,Attack,last_10,1,2022-07-31,2022-07-31,CAN,WAT,1.0,1.0,1.0,0.0,1.0,0.0,3.0,2,0.0,0.0,0.0,0.0,0.0,0.0,0.0,0.0,0.0,0,0,0,0.0,0.0,0.0,0.0,2.0,8.0,5.0,0.3333333333333333,0.6666666666666666,,,,,0.0,,1.0,1.0,1.0,0.0,1.0,0.0,3.0,2.0,0.0,0.0,0.0,0.0,0.0,0.0,0.0,0.0,0.0,0.0,0.0,0.0,0.0,0.0,0.0,0.0,2.0,8.0,5.0,2.0
002014,Drake Porter,G,Goalie,last_10,2,2023-07-09,2023-07-16,CAN|CHA,ATL,0.0,0.0,0.0,0.0,0.0,0.0,0.0,0,0.0,17.0,2.0,15.0,22.0,29.0,2.0,1.0,0.0,0,0,0,22.0,0.0,0.0,0.0,0.0,19.0,18.0,,,,0.4358974358974359,11.76470588235294,0.05128205128205128,,,0.0,0.0,0.0,0.0,0.0,0.0,0.0,0.0,0.0,8.5,1.0,7.5,11.0,14.5,1.0,0.5,0.0,0.0,0.0,0.0,11.0,0.0,0.0,0.0,0.0,9.5,9.0,0.0
002015,Logan Wisnauskas,A,Attack,last_10,10,2025-07-13,2026-06-27,ARC|ATL|CAN|CHA|RED|WHP,OUT,26.0,19.0,19.0,0.0,19.0,7.0,47.0,35,2.0,0.0,0.0,0.0,0.0,0.0,11.0,16.0,0.0,0,0,0,0.0,0.0,1.0,2.0,26.0,279.0,216.0,0.40425531914893614,0.7446808510638298,,,,,0.2692307692307692,0.0,2.6,1.9,1.9,0.0,1.9,0.7,4.7,3.5,0.2,0.0,0.0,0.0,0.0,0.0,1.1,1.6,0.0,0.0,0.0,0.0,0.0,0.0,0.1,0.2,2.6,27.9,21.6,2.6
002016,Chris Gray,A,Attack,last_10,10,2023-08-19,2024-08-17,ARC|ATL|CAN|CHA|OUT|RED|WAT|WHP,ATL|RED,18.0,14.0,14.0,0.0,14.0,4.0,55.0,34,4.0,0.0,0.0,0.0,0.0,0.0,11.0,17.0,1.0,0,0,0,0.0,0.0,0.0,0.0,31.0,312.0,240.0,0.2545454545454545,0.6181818181818182,,,,,0.12903225806451613,0.0,1.8,1.4,1.4,0.0,1.4,0.4,5.5,3.4,0.4,0.0,0.0,0.0,0.0,0.0,1.1,1.7,0.1,0.0,0.0,0.0,0.0,0.0,0.0,0.0,3.1,31.2,24.0,3.1
002017,Arden Cohen,LSM,Long Stick Midfield,last_10,10,2024-08-17,2026-05-16,ARC|ATL|CHA|OUT|WAT,RED,0.0,0.0,0.0,0.0,0.0,0.0,0.0,0,0.0,0.0,0.0,0.0,0.0,0.0,22.0,3.0,12.0,0,0,0,0.0,0.0,7.0,7.0,1.0,38.0,35.0,,,,,,,0.0,,0.0,0.0,0.0,0.0,0.0,0.0,0.0,0.0,0.0,0.0,0.0,0.0,0.0,0.0,2.2,0.3,1.2,0.0,0.0,0.0,0.0,0.0,0.7,0.7,0.1,3.8,3.5,0.1
002018,Matt Moore,A,Attack,last_10,10,2024-06-08,2025-06-22,CAN|CHA|OUT|RED|WHP,ARC,17.0,12.0,10.0,1.0,11.0,5.0,51.0,26,7.0,0.0,0.0,0.0,0.0,0.0,13.0,14.0,0.0,0,0,0,0.0,0.0,2.0,1.5,15.0,242.0,177.0,0.21568627450980393,0.5098039215686274,,,,,0.3333333333333333,0.14285714285714285,1.7,1.2,1.0,0.1,1.1,0.5,5.1,2.6,0.7,0.0,0.0,0.0,0.0,0.0,1.3,1.4,0.0,0.0,0.0,0.0,0.0,0.0,0.2,0.15,1.5,24.2,17.7,1.5
002019,Koby Smith,LSM,Long Stick Midfield,last_10,10,2024-06-08,2025-08-02,ARC|CAN|CHA|OUT|RED|WAT|WHP,ATL,2.0,0.0,0.0,0.0,0.0,2.0,7.0,4,3.0,0.0,0.0,0.0,0.0,0.0,15.0,4.0,6.0,0,0,0,0.0,0.0,2.0,2.0,6.0,49.0,38.0,0.0,0.5714285714285714,,,,,0.3333333333333333,0.0,0.2,0.0,0.0,0.0,0.0,0.2,0.7,0.4,0.3,0.0,0.0,0.0,0.0,0.0,1.5,0.4,0.6,0.0,0.0,0.0,0.0,0.0,0.2,0.2,0.6,4.9,3.8,0.6
002020,Brett Kennedy,D,Defense,last_10,9,2022-06-04,2024-06-16,ARC|CHA|RED|WAT|WHP,CHA|WHP,1.0,0.0,0.0,0.0,0.0,1.0,0.0,0,0.0,0.0,0.0,0.0,0.0,0.0,15.0,5.0,5.0,0,0,0,0.0,0.0,2.0,1.5,2.0,47.0,42.0,,,,,,,0.5,,0.1111111111111111,0.0,0.0,0.0,0.0,0.1111111111111111,0.0,0.0,0.0,0.0,0.0,0.0,0.0,0.0,1.6666666666666667,0.5555555555555556,0.5555555555555556,0.0,0.0,0.0,0.0,0.0,0.2222222222222222,0.16666666666666666,0.2222222222222222,5.222222222222222,4.666666666666667,0.2222222222222222
002021,Roman Puglise,SSDM,Defensive Midfield,last_10,10,2024-08-04,2025-08-09,ARC|ATL|CAN|CHA|OUT|WAT,WHP,4.0,3.0,1.0,1.0,2.0,1.0,7.0,5,2.0,0.0,0.0,0.0,0.0,0.0,13.0,4.0,2.0,0,1,1,0.0,0.0,6.0,3.5,2.0,103.0,92.0,0.2857142857142857,0.7142857142857143,0.0,,,,0.5,0.5,0.4,0.3,0.1,0.1,0.2,0.1,0.7,0.5,0.2,0.0,0.0,0.0,0.0,0.0,1.3,0.4,0.2,0.0,0.1,0.1,0.0,0.0,0.6,0.35,0.2,10.3,9.2,0.2
002022,Zach Geddes,SSDM,Defensive Midfield,last_10,10,2025-07-13,2026-06-27,ARC|ATL|CAN|CHA|RED|WHP,OUT,5.0,4.0,4.0,0.0,4.0,1.0,12.0,9,2.0,0.0,0.0,0.0,0.0,0.0,15.0,3.0,4.0,0,3,3,0.0,0.0,2.0,1.0,5.0,92.0,77.0,0.3333333333333333,0.75,0.0,,,,0.2,0.0,0.5,0.4,0.4,0.0,0.4,0.1,1.2,0.9,0.2,0.0,0.0,0.0,0.0,0.0,1.5,0.3,0.4,0.0,0.3,0.3,0.0,0.0,0.2,0.1,0.5,9.2,7.7,0.5
002023,Brendan Nichtern,A,Attack,last_10,10,2022-08-13,2026-06-28,ARC|ATL|CAN|OUT|RED|WAT,CHA|OUT,22.0,10.0,10.0,0.0,10.0,12.0,39.0,25,0.0,0.0,0.0,0.0,0.0,0.0,11.0,29.0,2.0,0,0,0,0.0,0.0,4.0,2.0,34.0,312.0,244.0,0.2564102564102564,0.6410256410256411,,,,,0.35294117647058826,,2.2,1.0,1.0,0.0,1.0,1.2,3.9,2.5,0.0,0.0,0.0,0.0,0.0,0.0,1.1,2.9,0.2,0.0,0.0,0.0,0.0,0.0,0.4,0.2,3.4,31.2,24.4,3.4
002024,Asher Nolting,A,Attack,last_10,10,2025-06-07,2026-05-15,ARC|ATL|CHA|OUT|RED|WAT|WHP,CAN,35.0,10.0,10.0,0.0,10.0,25.0,34.0,22,0.0,0.0,0.0,0.0,0.0,0.0,13.0,27.0,2.0,0,0,0,0.0,0.0,1.0,1.0,64.0,308.0,247.0,0.29411764705882354,0.6470588235294118,,,,,0.390625,,3.5,1.0,1.0,0.0,1.0,2.5,3.4,2.2,0.0,0.0,0.0,0.0,0.0,0.0,1.3,2.7,0.2,0.0,0.0,0.0,0.0,0.0,0.1,0.1,6.4,30.8,24.7,6.4
002025,Bubba Fairman,SSDM,Defensive Midfield,last_10,10,2024-06-01,2024-08-17,ARC|ATL|CHA|OUT|RED|WAT|WHP,CAN,0.0,0.0,0.0,0.0,0.0,0.0,5.0,3,0.0,0.0,0.0,0.0,0.0,0.0,8.0,4.0,3.0,2,3,5,0.0,0.0,2.0,1.5,2.0,77.0,68.0,0.0,0.6,0.4,,,,0.0,,0.0,0.0,0.0,0.0,0.0,0.0,0.5,0.3,0.0,0.0,0.0,0.0,0.0,0.0,0.8,0.4,0.3,0.2,0.3,0.5,0.0,0.0,0.2,0.15,0.2,7.7,6.8,0.2
002026,Brett Dobson,G,Goalie,last_10,10,2025-06-28,2026-06-28,ATL|CHA|OUT|RED|WAT|WHP,ARC,0.0,0.0,0.0,0.0,0.0,0.0,4.0,0,4.0,147.0,49.0,98.0,113.0,113.41206,19.0,6.0,6.0,0,0,0,104.0,9.0,1.0,1.0,1.0,183.0,173.0,0.0,0.0,,0.5856573705179283,33.33333333333333,0.1952191235059761,0.0,0.0,0.0,0.0,0.0,0.0,0.0,0.0,0.4,0.0,0.4,14.7,4.9,9.8,11.3,11.341206,1.9,0.6,0.6,0.0,0.0,0.0,10.4,0.9,0.1,0.1,0.1,18.3,17.3,0.1
002027,Brendan Curry,M,Midfield,last_10,10,2022-06-11,2023-08-19,ARC|CAN|OUT|RED|WAT|WHP,ATL,10.0,6.0,6.0,0.0,6.0,4.0,24.0,14,0.0,0.0,0.0,0.0,0.0,0.0,6.0,5.0,0.0,0,0,0,0.0,0.0,0.0,0.0,13.0,110.0,81.0,0.25,0.5833333333333334,,,,,0.3076923076923077,,1.0,0.6,0.6,0.0,0.6,0.4,2.4,1.4,0.0,0.0,0.0,0.0,0.0,0.0,0.6,0.5,0.0,0.0,0.0,0.0,0.0,0.0,0.0,0.0,1.3,11.0,8.1,1.3
002028,Jack Hannah,M,Midfield,last_10,10,2025-07-12,2026-06-28,ARC|ATL|CAN|CHA|WHP,WAT,16.0,12.0,12.0,0.0,12.0,4.0,62.0,34,7.0,0.0,0.0,0.0,0.0,0.0,18.0,12.0,0.0,0,0,0,0.0,0.0,4.0,3.0,13.0,225.0,151.0,0.1935483870967742,0.5483870967741935,,,,,0.3076923076923077,0.0,1.6,1.2,1.2,0.0,1.2,0.4,6.2,3.4,0.7,0.0,0.0,0.0,0.0,0.0,1.8,1.2,0.0,0.0,0.0,0.0,0.0,0.0,0.4,0.3,1.3,22.5,15.1,1.3
002029,Wheaton Jackoboice,SSDM,Defensive Midfield,last_10,10,2022-07-30,2024-08-04,ARC|ATL|CAN|CHA|OUT|RED|WAT,WHP,2.0,2.0,2.0,0.0,2.0,0.0,13.0,5,2.0,0.0,0.0,0.0,0.0,0.0,6.0,3.0,1.0,0,0,0,0.0,0.0,0.0,0.0,6.0,87.0,71.0,0.15384615384615385,0.38461538461538464,,,,,0.0,0.0,0.2,0.2,0.2,0.0,0.2,0.0,1.3,0.5,0.2,0.0,0.0,0.0,0.0,0.0,0.6,0.3,0.1,0.0,0.0,0.0,0.0,0.0,0.0,0.0,0.6,8.7,7.1,0.6
002030,Jonathan Donville,M,Midfield,last_10,10,2023-08-26,2026-06-06,ARC|CAN|CHA|RED|WAT|WHP,CAN|OUT,7.0,5.0,5.0,0.0,5.0,2.0,17.0,13,0.0,0.0,0.0,0.0,0.0,0.0,7.0,9.0,2.0,0,0,0,0.0,0.0,1.0,1.0,14.0,153.0,127.0,0.29411764705882354,0.7647058823529411,,,,,0.14285714285714285,,0.7,0.5,0.5,0.0,0.5,0.2,1.7,1.3,0.0,0.0,0.0,0.0,0.0,0.0,0.7,0.9,0.2,0.0,0.0,0.0,0.0,0.0,0.1,0.1,1.4,15.3,12.7,1.4
002031,Ryan McNulty,LSM,Long Stick Midfield,last_10,3,2024-06-08,2024-08-04,ARC|ATL|RED,CHA,0.0,0.0,0.0,0.0,0.0,0.0,0.0,0,0.0,0.0,0.0,0.0,0.0,0.0,6.0,0.0,1.0,0,0,0,0.0,0.0,0.0,0.0,2.0,9.0,9.0,,,,,,,0.0,,0.0,0.0,0.0,0.0,0.0,0.0,0.0,0.0,0.0,0.0,0.0,0.0,0.0,0.0,2.0,0.0,0.3333333333333333,0.0,0.0,0.0,0.0,0.0,0.0,0.0,0.6666666666666666,3.0,3.0,0.6666666666666666
002032,Justin Inacio,FO,Faceoff,last_10,10,2025-07-19,2026-06-28,ARC|ATL|CAN|OUT|RED|WAT,CHA,1.0,1.0,1.0,0.0,1.0,0.0,9.0,3,1.0,0.0,0.0,0.0,0.0,0.0,75.0,12.0,2.0,127,108,237,0.0,0.0,2.0,1.0,1.0,74.0,53.0,0.1111111111111111,0.3333333333333333,0.5358649789029536,,,,0.0,0.0,0.1,0.1,0.1,0.0,0.1,0.0,0.9,0.3,0.1,0.0,0.0,0.0,0.0,0.0,7.5,1.2,0.2,12.7,10.8,23.7,0.0,0.0,0.2,0.1,0.1,7.4,5.3,0.1
002033,Nakeie Montgomery,M,Midfield,last_10,10,2023-08-26,2026-05-17,ARC|ATL|CAN|CHA|OUT|WAT,RED|WAT,5.0,3.0,3.0,0.0,3.0,2.0,21.0,14,2.0,0.0,0.0,0.0,0.0,0.0,10.0,7.0,1.0,0,1,1,0.0,0.0,0.0,0.0,8.0,110.0,82.0,0.14285714285714285,0.6666666666666666,0.0,,,,0.25,0.0,0.5,0.3,0.3,0.0,0.3,0.2,2.1,1.4,0.2,0.0,0.0,0.0,0.0,0.0,1.0,0.7,0.1,0.0,0.1,0.1,0.0,0.0,0.0,0.0,0.8,11.0,8.2,0.8
002034,Keegan Khan,M,Midfield,last_10,10,2023-06-10,2024-07-20,ARC|ATL|CAN|CHA|OUT|WAT,WHP,6.0,5.0,5.0,0.0,5.0,1.0,19.0,15,0.0,0.0,0.0,0.0,0.0,0.0,7.0,1.0,1.0,0,0,0,0.0,0.0,0.0,0.0,10.0,111.0,91.0,0.2631578947368421,0.7894736842105263,,,,,0.1,,0.6,0.5,0.5,0.0,0.5,0.1,1.9,1.5,0.0,0.0,0.0,0.0,0.0,0.0,0.7,0.1,0.1,0.0,0.0,0.0,0.0,0.0,0.0,0.0,1.0,11.1,9.1,1.0
002035,Max Wayne,D,Defense,last_10,7,2023-06-17,2023-08-26,ATL|OUT|RED|WAT|WHP,CAN,0.0,0.0,0.0,0.0,0.0,0.0,0.0,0,0.0,0.0,0.0,0.0,0.0,0.0,22.0,3.0,7.0,0,0,0,0.0,0.0,4.0,3.5,0.0,44.0,41.0,,,,,,,,,0.0,0.0,0.0,0.0,0.0,0.0,0.0,0.0,0.0,0.0,0.0,0.0,0.0,0.0,3.142857142857143,0.42857142857142855,1.0,0.0,0.0,0.0,0.0,0.0,0.5714285714285714,0.5,0.0,6.285714285714286,5.857142857142857,0.0
002036,Jake Higgins,SSDM,Defensive Midfield,last_10,10,2022-08-13,2023-08-26,ARC|ATL|CHA|OUT|RED|WHP,WAT,3.0,2.0,2.0,0.0,2.0,1.0,4.0,3,1.0,0.0,0.0,0.0,0.0,0.0,11.0,6.0,9.0,0,0,0,0.0,0.0,1.0,1.0,3.0,60.0,50.0,0.5,0.75,,,,,0.3333333333333333,0.0,0.3,0.2,0.2,0.0,0.2,0.1,0.4,0.3,0.1,0.0,0.0,0.0,0.0,0.0,1.1,0.6,0.9,0.0,0.0,0.0,0.0,0.0,0.1,0.1,0.3,6.0,5.0,0.3
002037,Bryan McIntosh,D,Defense,last_10,3,2022-06-05,2022-07-24,ARC|ATL|WAT,CAN,0.0,0.0,0.0,0.0,0.0,0.0,0.0,0,0.0,0.0,0.0,0.0,0.0,0.0,5.0,0.0,0.0,0,0,0,0.0,0.0,0.0,0.0,0.0,13.0,13.0,,,,,,,,,0.0,0.0,0.0,0.0,0.0,0.0,0.0,0.0,0.0,0.0,0.0,0.0,0.0,0.0,1.6666666666666667,0.0,0.0,0.0,0.0,0.0,0.0,0.0,0.0,0.0,0.0,4.333333333333333,4.333333333333333,0.0
002038,Colin Kirst,G,Goalie,last_10,10,2025-07-19,2026-06-28,ATL|CHA|OUT|RED|WAT|WHP,CAN,0.0,0.0,0.0,0.0,0.0,0.0,1.0,1,1.0,118.0,45.0,73.0,135.0,144.81804000000002,13.0,5.0,2.0,0,0,0,130.0,5.0,2.0,2.0,0.0,136.0,130.0,0.0,1.0,,0.47580645161290325,38.13559322033898,0.1814516129032258,,0.0,0.0,0.0,0.0,0.0,0.0,0.0,0.1,0.1,0.1,11.8,4.5,7.3,13.5,14.481804000000002,1.3,0.5,0.2,0.0,0.0,0.0,13.0,0.5,0.2,0.2,0.0,13.6,13.0,0.0
002039,Owen McElroy,G,Goalie,last_10,10,2024-06-29,2025-06-06,ARC|ATL|CAN|CHA|RED|WAT|WHP,OUT,0.0,0.0,0.0,0.0,0.0,0.0,1.0,1,1.0,107.0,26.0,81.0,114.0,118.94946999999999,22.0,3.0,1.0,0,0,0,108.0,6.0,0.0,0.0,0.0,131.0,127.0,0.0,1.0,,0.49767441860465117,24.299065420560748,0.12093023255813953,,0.0,0.0,0.0,0.0,0.0,0.0,0.0,0.1,0.1,0.1,10.7,2.6,8.1,11.4,11.894946999999998,2.2,0.3,0.1,0.0,0.0,0.0,10.8,0.6,0.0,0.0,0.0,13.1,12.7,0.0
002040,Jackson Reid,A,Attack,last_10,6,2022-06-04,2023-06-17,ATL|CAN|CHA|OUT|RED|WAT,WHP,4.0,4.0,4.0,0.0,4.0,0.0,16.0,9,0.0,0.0,0.0,0.0,0.0,0.0,1.0,5.0,0.0,0,1,1,0.0,0.0,0.0,0.0,7.0,63.0,42.0,0.25,0.5625,0.0,,,,0.0,,0.6666666666666666,0.6666666666666666,0.6666666666666666,0.0,0.6666666666666666,0.0,2.6666666666666665,1.5,0.0,0.0,0.0,0.0,0.0,0.0,0.16666666666666666,0.8333333333333334,0.0,0.0,0.16666666666666666,0.16666666666666666,0.0,0.0,0.0,0.0,1.1666666666666667,10.5,7.0,1.1666666666666667
002041,Mitch Bartolo,M,Midfield,last_10,1,2022-07-31,2022-07-31,CHA,RED,0.0,0.0,0.0,0.0,0.0,0.0,0.0,0,0.0,0.0,0.0,0.0,0.0,0.0,1.0,1.0,0.0,0,0,0,0.0,0.0,0.0,0.0,0.0,2.0,1.0,,,,,,,,,0.0,0.0,0.0,0.0,0.0,0.0,0.0,0.0,0.0,0.0,0.0,0.0,0.0,0.0,1.0,1.0,0.0,0.0,0.0,0.0,0.0,0.0,0.0,0.0,0.0,2.0,1.0,0.0
002042,Jon Robbins,LSM,Long Stick Midfield,last_10,10,2024-08-04,2026-06-21,ATL|CAN|CHA|OUT|RED|WHP,ARC|ATL,0.0,0.0,0.0,0.0,0.0,0.0,3.0,1,1.0,0.0,0.0,0.0,0.0,0.0,14.0,3.0,8.0,0,0,0,0.0,0.0,0.0,0.0,0.0,25.0,19.0,0.0,0.3333333333333333,,,,,,0.0,0.0,0.0,0.0,0.0,0.0,0.0,0.3,0.1,0.1,0.0,0.0,0.0,0.0,0.0,1.4,0.3,0.8,0.0,0.0,0.0,0.0,0.0,0.0,0.0,0.0,2.5,1.9,0.0
002043,Ryan Aughavin,M,Midfield,last_10,10,2023-06-09,2024-08-18,ATL|CHA|OUT|RED|WAT|WHP,ARC,8.0,6.0,2.0,2.0,4.0,2.0,27.0,16,9.0,0.0,0.0,0.0,0.0,0.0,5.0,4.0,0.0,0,0,0,0.0,0.0,0.0,0.0,6.0,103.0,72.0,0.14814814814814814,0.5925925925925926,,,,,0.3333333333333333,0.2222222222222222,0.8,0.6,0.2,0.2,0.4,0.2,2.7,1.6,0.9,0.0,0.0,0.0,0.0,0.0,0.5,0.4,0.0,0.0,0.0,0.0,0.0,0.0,0.0,0.0,0.6,10.3,7.2,0.6
002046,Kevin Lindley,A,Attack,last_10,2,2023-06-17,2023-08-20,ARC|WAT,CHA,1.0,1.0,1.0,0.0,1.0,0.0,4.0,2,0.0,0.0,0.0,0.0,0.0,0.0,2.0,1.0,0.0,0,0,0,0.0,0.0,0.0,0.0,4.0,22.0,17.0,0.25,0.5,,,,,0.0,,0.5,0.5,0.5,0.0,0.5,0.0,2.0,1.0,0.0,0.0,0.0,0.0,0.0,0.0,1.0,0.5,0.0,0.0,0.0,0.0,0.0,0.0,0.0,0.0,2.0,11.0,8.5,2.0
002047,Frankie Labetti,FO,Faceoff,last_10,2,2022-06-11,2022-06-18,CAN|CHA,ARC,1.0,1.0,1.0,0.0,1.0,0.0,3.0,1,0.0,0.0,0.0,0.0,0.0,0.0,9.0,1.0,1.0,19,32,51,0.0,0.0,1.0,0.5,2.0,8.0,4.0,0.3333333333333333,0.3333333333333333,0.37254901960784315,,,,0.0,,0.5,0.5,0.5,0.0,0.5,0.0,1.5,0.5,0.0,0.0,0.0,0.0,0.0,0.0,4.5,0.5,0.5,9.5,16.0,25.5,0.0,0.0,0.5,0.25,1.0,4.0,2.0,1.0
002049,Marc O'Rourke,M,Midfield,last_10,5,2023-06-03,2023-08-12,CHA|RED|WAT|WHP,ATL,4.0,2.0,2.0,0.0,2.0,2.0,14.0,8,2.0,0.0,0.0,0.0,0.0,0.0,1.0,4.0,0.0,0,0,0,0.0,0.0,0.0,0.0,4.0,66.0,48.0,0.14285714285714285,0.5714285714285714,,,,,0.5,0.0,0.8,0.4,0.4,0.0,0.4,0.4,2.8,1.6,0.4,0.0,0.0,0.0,0.0,0.0,0.2,0.8,0.0,0.0,0.0,0.0,0.0,0.0,0.0,0.0,0.8,13.2,9.6,0.8
002051,Connor DeSimone,A,Attack,last_10,7,2022-06-05,2023-06-09,ATL|CAN|CHA|OUT|RED,ARC,13.0,8.0,8.0,0.0,8.0,5.0,19.0,15,1.0,0.0,0.0,0.0,0.0,0.0,4.0,10.0,2.0,0,0,0,0.0,0.0,0.0,0.0,10.0,158.0,129.0,0.42105263157894735,0.7894736842105263,,,,,0.5,0.0,1.8571428571428572,1.1428571428571428,1.1428571428571428,0.0,1.1428571428571428,0.7142857142857143,2.7142857142857144,2.142857142857143,0.14285714285714285,0.0,0.0,0.0,0.0,0.0,0.5714285714285714,1.4285714285714286,0.2857142857142857,0.0,0.0,0.0,0.0,0.0,0.0,0.0,1.4285714285714286,22.571428571428573,18.428571428571427,1.4285714285714286
002054,Chris Merle,SSDM,Defensive Midfield,last_10,10,2024-08-17,2026-06-28,ARC|ATL|CAN|CHA|OUT,RED,2.0,2.0,2.0,0.0,2.0,0.0,6.0,5,1.0,0.0,0.0,0.0,0.0,0.0,11.0,1.0,6.0,1,1,2,0.0,0.0,2.0,1.0,1.0,42.0,35.0,0.3333333333333333,0.8333333333333334,0.5,,,,0.0,0.0,0.2,0.2,0.2,0.0,0.2,0.0,0.6,0.5,0.1,0.0,0.0,0.0,0.0,0.0,1.1,0.1,0.6,0.1,0.1,0.2,0.0,0.0,0.2,0.1,0.1,4.2,3.5,0.1
002055,Jakob Phaup,FO,Faceoff,last_10,1,2022-07-23,2022-07-23,RED,ATL,0.0,0.0,0.0,0.0,0.0,0.0,0.0,0,0.0,0.0,0.0,0.0,0.0,0.0,5.0,1.0,0.0,11,18,29,0.0,0.0,0.0,0.0,0.0,5.0,4.0,,,0.3793103448275862,,,,,,0.0,0.0,0.0,0.0,0.0,0.0,0.0,0.0,0.0,0.0,0.0,0.0,0.0,0.0,5.0,1.0,0.0,11.0,18.0,29.0,0.0,0.0,0.0,0.0,0.0,5.0,4.0,0.0
002056,Matt Rahill,D,Defense,last_10,6,2022-06-18,2023-07-14,ARC|CHA|OUT|WAT,CAN|WHP,0.0,0.0,0.0,0.0,0.0,0.0,1.0,1,1.0,0.0,0.0,0.0,0.0,0.0,10.0,2.0,1.0,0,0,0,0.0,0.0,1.0,0.5,0.0,29.0,26.0,0.0,1.0,,,,,,0.0,0.0,0.0,0.0,0.0,0.0,0.0,0.16666666666666666,0.16666666666666666,0.16666666666666666,0.0,0.0,0.0,0.0,0.0,1.6666666666666667,0.3333333333333333,0.16666666666666666,0.0,0.0,0.0,0.0,0.0,0.16666666666666666,0.08333333333333333,0.0,4.833333333333333,4.333333333333333,0.0
002059,Brendan Krebs,G,Goalie,last_10,10,2024-07-06,2025-06-22,ARC|ATL|CAN|CHA|OUT|RED|WAT,WHP,0.0,0.0,0.0,0.0,0.0,0.0,1.0,0,0.0,102.0,43.0,59.0,99.0,103.23155,21.0,5.0,3.0,0,0,0,93.0,6.0,0.0,0.0,0.0,142.0,136.0,0.0,0.0,,0.5230769230769231,42.15686274509804,0.2205128205128205,,,0.0,0.0,0.0,0.0,0.0,0.0,0.1,0.0,0.0,10.2,4.3,5.9,9.9,10.323155,2.1,0.5,0.3,0.0,0.0,0.0,9.3,0.6,0.0,0.0,0.0,14.2,13.6,0.0
002062,Ryan Hallenbeck,SSDM,Defensive Midfield,last_10,4,2022-06-04,2022-06-24,ATL|CHA|OUT|WHP,RED,0.0,0.0,0.0,0.0,0.0,0.0,2.0,2,1.0,0.0,0.0,0.0,0.0,0.0,2.0,0.0,1.0,0,0,0,0.0,0.0,2.0,1.5,0.0,20.0,18.0,0.0,1.0,,,,,,0.0,0.0,0.0,0.0,0.0,0.0,0.0,0.5,0.5,0.25,0.0,0.0,0.0,0.0,0.0,0.5,0.0,0.25,0.0,0.0,0.0,0.0,0.0,0.5,0.375,0.0,5.0,4.5,0.0
002063,Ryan Kennedy,LSM,Long Stick Midfield,last_10,10,2023-06-10,2024-08-03,ARC|ATL|CAN|CHA|OUT|WAT,RED,1.0,1.0,1.0,0.0,1.0,0.0,3.0,3,1.0,0.0,0.0,0.0,0.0,0.0,7.0,2.0,2.0,0,4,4,0.0,0.0,0.0,0.0,2.0,32.0,27.0,0.3333333333333333,1.0,0.0,,,,0.0,0.0,0.1,0.1,0.1,0.0,0.1,0.0,0.3,0.3,0.1,0.0,0.0,0.0,0.0,0.0,0.7,0.2,0.2,0.0,0.4,0.4,0.0,0.0,0.0,0.0,0.2,3.2,2.7,0.2
002064,Joe Robertson,A,Attack,last_10,4,2022-06-10,2022-07-31,ARC|ATL|CHA|OUT,RED,2.0,1.0,1.0,0.0,1.0,1.0,9.0,6,0.0,0.0,0.0,0.0,0.0,0.0,2.0,4.0,0.0,0,0,0,0.0,0.0,0.0,0.0,1.0,27.0,14.0,0.1111111111111111,0.6666666666666666,,,,,1.0,,0.5,0.25,0.25,0.0,0.25,0.25,2.25,1.5,0.0,0.0,0.0,0.0,0.0,0.0,0.5,1.0,0.0,0.0,0.0,0.0,0.0,0.0,0.0,0.0,0.25,6.75,3.5,0.25
002065,Anthony DeMaio,M,Midfield,last_10,5,2022-08-06,2023-07-15,ARC|ATL|CAN|CHA|WAT,RED,1.0,1.0,1.0,0.0,1.0,0.0,13.0,8,1.0,0.0,0.0,0.0,0.0,0.0,2.0,0.0,0.0,0,0,0,0.0,0.0,0.0,0.0,4.0,54.0,41.0,0.07692307692307693,0.6153846153846154,,,,,0.0,0.0,0.2,0.2,0.2,0.0,0.2,0.0,2.6,1.6,0.2,0.0,0.0,0.0,0.0,0.0,0.4,0.0,0.0,0.0,0.0,0.0,0.0,0.0,0.0,0.0,0.8,10.8,8.2,0.8
002067,Zac Tucci,FO,Faceoff,last_10,10,2025-06-21,2026-05-29,ATL|CHA|OUT|RED|WAT|WHP,CAN,4.0,4.0,2.0,1.0,3.0,0.0,10.0,7,1.0,0.0,0.0,0.0,0.0,0.0,47.0,9.0,1.0,118,142,261,0.0,0.0,4.0,3.0,0.0,45.0,26.0,0.3,0.7,0.4521072796934866,,,,,1.0,0.4,0.4,0.2,0.1,0.3,0.0,1.0,0.7,0.1,0.0,0.0,0.0,0.0,0.0,4.7,0.9,0.1,11.8,14.2,26.1,0.0,0.0,0.4,0.3,0.0,4.5,2.6,0.0
002072,Brennan Kamish,SSDM,Defensive Midfield,last_10,5,2022-06-04,2022-07-03,ATL|CHA|RED|WAT,WHP,0.0,0.0,0.0,0.0,0.0,0.0,1.0,0,0.0,0.0,0.0,0.0,0.0,0.0,8.0,0.0,4.0,0,0,0,0.0,0.0,0.0,0.0,2.0,32.0,31.0,0.0,0.0,,,,,0.0,,0.0,0.0,0.0,0.0,0.0,0.0,0.2,0.0,0.0,0.0,0.0,0.0,0.0,0.0,1.6,0.0,0.8,0.0,0.0,0.0,0.0,0.0,0.0,0.0,0.4,6.4,6.2,0.4
002074,Alexander Smith,SSDM,Defensive Midfield,last_10,10,2025-05-31,2026-06-06,ARC|ATL|CHA|RED|WAT|WHP,OUT,0.0,0.0,0.0,0.0,0.0,0.0,1.0,0,1.0,0.0,0.0,0.0,0.0,0.0,10.0,2.0,6.0,0,2,2,0.0,0.0,1.0,0.5,1.0,46.0,43.0,0.0,0.0,0.0,,,,0.0,0.0,0.0,0.0,0.0,0.0,0.0,0.0,0.1,0.0,0.1,0.0,0.0,0.0,0.0,0.0,1.0,0.2,0.6,0.0,0.2,0.2,0.0,0.0,0.1,0.05,0.1,4.6,4.3,0.1
003003,Sean Lulley,M,Midfield,last_10,1,2023-06-04,2023-06-04,OUT,WHP,0.0,0.0,0.0,0.0,0.0,0.0,5.0,4,0.0,0.0,0.0,0.0,0.0,0.0,2.0,2.0,0.0,0,0,0,0.0,0.0,0.0,0.0,5.0,31.0,24.0,0.0,0.8,,,,,0.0,,0.0,0.0,0.0,0.0,0.0,0.0,5.0,4.0,0.0,0.0,0.0,0.0,0.0,0.0,2.0,2.0,0.0,0.0,0.0,0.0,0.0,0.0,0.0,0.0,5.0,31.0,24.0,5.0
003004,Mike Sisselberger,FO,Faceoff,last_10,10,2025-06-07,2026-06-28,ATL|CAN|CHA|OUT|RED|WAT|WHP,ARC,3.0,1.0,1.0,0.0,1.0,2.0,9.0,5,1.0,0.0,0.0,0.0,0.0,0.0,63.0,7.0,0.0,103,107,213,0.0,0.0,1.0,2.0,5.0,57.0,41.0,0.1111111111111111,0.5555555555555556,0.4835680751173709,,,,0.4,0.0,0.3,0.1,0.1,0.0,0.1,0.2,0.9,0.5,0.1,0.0,0.0,0.0,0.0,0.0,6.3,0.7,0.0,10.3,10.7,21.3,0.0,0.0,0.1,0.2,0.5,5.7,4.1,0.5
003005,Connor Maher,SSDM,Defensive Midfield,last_10,10,2025-07-19,2026-06-28,CHA|OUT|RED|WAT|WHP,ARC,3.0,1.0,1.0,0.0,1.0,2.0,4.0,2,0.0,0.0,0.0,0.0,0.0,0.0,12.0,4.0,3.0,0,7,7,0.0,0.0,1.0,0.5,3.0,55.0,47.0,0.25,0.5,0.0,,,,0.6666666666666666,,0.3,0.1,0.1,0.0,0.1,0.2,0.4,0.2,0.0,0.0,0.0,0.0,0.0,0.0,1.2,0.4,0.3,0.0,0.7,0.7,0.0,0.0,0.1,0.05,0.3,5.5,4.7,0.3
003006,Piper Bond,SSDM,Defensive Midfield,last_10,10,2025-07-19,2026-06-28,CHA|OUT|RED|WAT|WHP,ARC,5.0,4.0,2.0,1.0,3.0,1.0,7.0,4,1.0,0.0,0.0,0.0,0.0,0.0,16.0,5.0,6.0,1,10,11,0.0,0.0,6.0,4.0,8.0,100.0,88.0,0.42857142857142855,0.5714285714285714,0.09090909090909091,,,,0.125,1.0,0.5,0.4,0.2,0.1,0.3,0.1,0.7,0.4,0.1,0.0,0.0,0.0,0.0,0.0,1.6,0.5,0.6,0.1,1.0,1.1,0.0,0.0,0.6,0.4,0.8,10.0,8.8,0.8
003007,Cam Wyers,D,Defense,last_10,10,2025-07-12,2026-06-28,CHA|OUT|RED|WAT|WHP,ARC,1.0,0.0,0.0,0.0,0.0,1.0,1.0,1,1.0,0.0,0.0,0.0,0.0,0.0,5.0,4.0,4.0,0,0,0,0.0,0.0,4.0,5.0,1.0,29.0,24.0,0.0,1.0,,,,,1.0,0.0,0.1,0.0,0.0,0.0,0.0,0.1,0.1,0.1,0.1,0.0,0.0,0.0,0.0,0.0,0.5,0.4,0.4,0.0,0.0,0.0,0.0,0.0,0.4,0.5,0.1,2.9,2.4,0.1
003008,Gavin Adler,D,Defense,last_10,10,2025-06-28,2026-06-28,ARC|CAN|CHA|OUT|RED|WAT|WHP,ATL|WAT,0.0,0.0,0.0,0.0,0.0,0.0,0.0,0,0.0,0.0,0.0,0.0,0.0,0.0,11.0,1.0,10.0,0,0,0,0.0,0.0,1.0,0.5,0.0,51.0,50.0,,,,,,,,,0.0,0.0,0.0,0.0,0.0,0.0,0.0,0.0,0.0,0.0,0.0,0.0,0.0,0.0,1.1,0.1,1.0,0.0,0.0,0.0,0.0,0.0,0.1,0.05,0.0,5.1,5.0,0.0
003009,Brett Makar,D,Defense,last_10,10,2025-07-11,2026-06-21,CAN|CHA|OUT|RED|WAT|WHP,ATL,3.0,0.0,0.0,0.0,0.0,3.0,5.0,1,4.0,0.0,0.0,0.0,0.0,0.0,30.0,10.0,19.0,0,0,0,0.0,0.0,0.0,0.0,6.0,107.0,92.0,0.0,0.2,,,,,0.5,0.0,0.3,0.0,0.0,0.0,0.0,0.3,0.5,0.1,0.4,0.0,0.0,0.0,0.0,0.0,3.0,1.0,1.9,0.0,0.0,0.0,0.0,0.0,0.0,0.0,0.6,10.7,9.2,0.6
003010,Xander Dickson,A,Attack,last_10,10,2025-07-18,2026-06-21,CAN|CHA|OUT|RED|WAT|WHP,ATL,25.0,22.0,22.0,0.0,22.0,3.0,61.0,45,1.0,0.0,0.0,0.0,0.0,0.0,17.0,9.0,2.0,0,0,0,0.0,0.0,2.0,1.0,9.0,177.0,107.0,0.36065573770491804,0.7377049180327869,,,,,0.3333333333333333,0.0,2.5,2.2,2.2,0.0,2.2,0.3,6.1,4.5,0.1,0.0,0.0,0.0,0.0,0.0,1.7,0.9,0.2,0.0,0.0,0.0,0.0,0.0,0.2,0.1,0.9,17.7,10.7,0.9
003011,Payton Rezanka,SSDM,Defensive Midfield,last_10,10,2024-06-16,2025-06-14,ARC|CAN|CHA|OUT|RED|WAT|WHP,ATL,2.0,2.0,2.0,0.0,2.0,0.0,6.0,4,0.0,0.0,0.0,0.0,0.0,0.0,4.0,0.0,5.0,0,2,2,0.0,0.0,1.0,1.0,2.0,35.0,29.0,0.3333333333333333,0.6666666666666666,0.0,,,,0.0,,0.2,0.2,0.2,0.0,0.2,0.0,0.6,0.4,0.0,0.0,0.0,0.0,0.0,0.0,0.4,0.0,0.5,0.0,0.2,0.2,0.0,0.0,0.1,0.1,0.2,3.5,2.9,0.2
003013,Matt Campbell,M,Midfield,last_10,10,2025-06-29,2026-06-07,ATL|CHA|OUT|RED|WAT|WHP,CAN,25.0,19.0,15.0,2.0,17.0,6.0,64.0,43,16.0,0.0,0.0,0.0,0.0,0.0,5.0,7.0,0.0,0,0,0,0.0,0.0,0.0,0.0,19.0,309.0,238.0,0.265625,0.671875,,,,,0.3157894736842105,0.125,2.5,1.9,1.5,0.2,1.7,0.6,6.4,4.3,1.6,0.0,0.0,0.0,0.0,0.0,0.5,0.7,0.0,0.0,0.0,0.0,0.0,0.0,0.0,0.0,1.9,30.9,23.8,1.9
003015,Will Bowen,D,Defense,last_10,10,2023-08-27,2024-08-17,ARC|ATL|CAN|OUT|RED|WAT,CHA,0.0,0.0,0.0,0.0,0.0,0.0,2.0,0,1.0,0.0,0.0,0.0,0.0,0.0,19.0,3.0,6.0,0,0,0,0.0,0.0,3.0,3.0,1.0,54.0,49.0,0.0,0.0,,,,,0.0,0.0,0.0,0.0,0.0,0.0,0.0,0.0,0.2,0.0,0.1,0.0,0.0,0.0,0.0,0.0,1.9,0.3,0.6,0.0,0.0,0.0,0.0,0.0,0.3,0.3,0.1,5.4,4.9,0.1
003016,Brian Minicus,M,Midfield,last_10,10,2024-06-02,2024-08-17,ARC|ATL|CAN|OUT|RED|WAT|WHP,CHA,10.0,6.0,6.0,0.0,6.0,4.0,30.0,15,1.0,0.0,0.0,0.0,0.0,0.0,10.0,12.0,0.0,0,0,0,0.0,0.0,1.0,1.0,9.0,147.0,105.0,0.2,0.5,,,,,0.4444444444444444,0.0,1.0,0.6,0.6,0.0,0.6,0.4,3.0,1.5,0.1,0.0,0.0,0.0,0.0,0.0,1.0,1.2,0.0,0.0,0.0,0.0,0.0,0.0,0.1,0.1,0.9,14.7,10.5,0.9
003017,Tye Kurtz,A,Attack,last_10,10,2023-08-20,2026-06-19,ARC|ATL|CAN|CHA|OUT|RED|WAT,CAN|CHA,15.0,12.0,10.0,1.0,11.0,3.0,32.0,21,1.0,0.0,0.0,0.0,0.0,0.0,12.0,13.0,1.0,0,0,0,0.0,0.0,1.0,0.5,12.0,196.0,151.0,0.34375,0.65625,,,,,0.25,1.0,1.5,1.2,1.0,0.1,1.1,0.3,3.2,2.1,0.1,0.0,0.0,0.0,0.0,0.0,1.2,1.3,0.1,0.0,0.0,0.0,0.0,0.0,0.1,0.05,1.2,19.6,15.1,1.2
003018,Nick Rowlett,FO,Faceoff,last_10,10,2024-06-08,2025-06-07,ARC|ATL|OUT|RED|WAT|WHP,CHA,1.0,1.0,1.0,0.0,1.0,0.0,9.0,3,0.0,0.0,0.0,0.0,0.0,0.0,50.0,7.0,3.0,81,139,223,0.0,0.0,1.0,0.5,4.0,49.0,33.0,0.1111111111111111,0.3333333333333333,0.3632286995515695,,,,0.0,,0.1,0.1,0.1,0.0,0.1,0.0,0.9,0.3,0.0,0.0,0.0,0.0,0.0,0.0,5.0,0.7,0.3,8.1,13.9,22.3,0.0,0.0,0.1,0.05,0.4,4.9,3.3,0.4
003019,Sam Handley,M,Midfield,last_10,10,2024-07-19,2025-07-12,ARC|CAN|CHA|OUT|RED|WAT|WHP,OUT|RED,11.0,9.0,7.0,1.0,8.0,2.0,39.0,28,8.0,0.0,0.0,0.0,0.0,0.0,4.0,11.0,0.0,0,0,0,0.0,0.0,0.0,0.0,20.0,187.0,137.0,0.20512820512820512,0.717948717948718,,,,,0.1,0.125,1.1,0.9,0.7,0.1,0.8,0.2,3.9,2.8,0.8,0.0,0.0,0.0,0.0,0.0,0.4,1.1,0.0,0.0,0.0,0.0,0.0,0.0,0.0,0.0,2.0,18.7,13.7,2.0
003020,Troy Hettinger,LSM,Long Stick Midfield,last_10,5,2023-06-17,2023-08-27,ATL|CAN|CHA|WAT|WHP,OUT,0.0,0.0,0.0,0.0,0.0,0.0,1.0,0,0.0,0.0,0.0,0.0,0.0,0.0,9.0,0.0,1.0,1,17,18,0.0,0.0,0.0,0.0,1.0,14.0,13.0,0.0,0.0,0.05555555555555555,,,,0.0,,0.0,0.0,0.0,0.0,0.0,0.0,0.2,0.0,0.0,0.0,0.0,0.0,0.0,0.0,1.8,0.0,0.2,0.2,3.4,3.6,0.0,0.0,0.0,0.0,0.2,2.8,2.6,0.2
003021,Jack Myers,A,Attack,last_10,4,2023-07-09,2024-06-08,ARC|CHA|WAT,OUT|WHP,6.0,4.0,4.0,0.0,4.0,2.0,14.0,10,0.0,0.0,0.0,0.0,0.0,0.0,2.0,4.0,0.0,0,0,0,0.0,0.0,0.0,0.0,13.0,101.0,83.0,0.2857142857142857,0.7142857142857143,,,,,0.15384615384615385,,1.5,1.0,1.0,0.0,1.0,0.5,3.5,2.5,0.0,0.0,0.0,0.0,0.0,0.0,0.5,1.0,0.0,0.0,0.0,0.0,0.0,0.0,0.0,0.0,3.25,25.25,20.75,3.25
003022,Cross Ferrara,M,Midfield,last_10,10,2024-08-03,2025-07-26,ARC|ATL|CHA|OUT|RED|WAT|WHP,CHA|OUT,8.0,8.0,8.0,0.0,8.0,0.0,41.0,23,3.0,0.0,0.0,0.0,0.0,0.0,2.0,5.0,0.0,0,0,0,0.0,0.0,0.0,0.0,2.0,118.0,72.0,0.1951219512195122,0.5609756097560976,,,,,0.0,0.0,0.8,0.8,0.8,0.0,0.8,0.0,4.1,2.3,0.3,0.0,0.0,0.0,0.0,0.0,0.2,0.5,0.0,0.0,0.0,0.0,0.0,0.0,0.0,0.0,0.2,11.8,7.2,0.2
003023,Owen Grant,D,Defense,last_10,10,2025-07-19,2026-06-28,ATL|CHA|OUT|RED|WAT|WHP,CAN,3.0,1.0,1.0,0.0,1.0,2.0,9.0,4,7.0,0.0,0.0,0.0,0.0,0.0,10.0,1.0,9.0,0,0,0,0.0,0.0,3.0,2.5,4.0,77.0,67.0,0.1111111111111111,0.4444444444444444,,,,,0.5,0.0,0.3,0.1,0.1,0.0,0.1,0.2,0.9,0.4,0.7,0.0,0.0,0.0,0.0,0.0,1.0,0.1,0.9,0.0,0.0,0.0,0.0,0.0,0.3,0.25,0.4,7.7,6.7,0.4
003024,Brian Tevlin,SSDM,Defensive Midfield,last_10,10,2025-07-18,2026-06-28,ARC|ATL|CAN|CHA|OUT|WHP,RED,7.0,3.0,3.0,0.0,3.0,4.0,13.0,7,2.0,0.0,0.0,0.0,0.0,0.0,27.0,3.0,13.0,1,5,6,0.0,0.0,3.0,2.5,8.0,104.0,88.0,0.23076923076923078,0.5384615384615384,0.16666666666666666,,,,0.5,0.0,0.7,0.3,0.3,0.0,0.3,0.4,1.3,0.7,0.2,0.0,0.0,0.0,0.0,0.0,2.7,0.3,1.3,0.1,0.5,0.6,0.0,0.0,0.3,0.25,0.8,10.4,8.8,0.8
003025,Cole Kirst,M,Midfield,last_10,10,2023-08-20,2025-07-18,ARC|ATL|CHA|OUT|WAT|WHP,RED,14.0,7.0,7.0,0.0,7.0,7.0,28.0,22,0.0,0.0,0.0,0.0,0.0,0.0,8.0,7.0,0.0,0,0,0,0.0,0.0,1.0,1.0,13.0,165.0,130.0,0.25,0.7857142857142857,,,,,0.5384615384615384,,1.4,0.7,0.7,0.0,0.7,0.7,2.8,2.2,0.0,0.0,0.0,0.0,0.0,0.0,0.8,0.7,0.0,0.0,0.0,0.0,0.0,0.0,0.1,0.1,1.3,16.5,13.0,1.3
003027,Thomas McConvey,M,Midfield,last_10,10,2025-06-28,2026-06-07,ARC|ATL|CAN|CHA|RED|WHP,WAT,12.0,8.0,8.0,0.0,8.0,4.0,22.0,15,0.0,0.0,0.0,0.0,0.0,0.0,7.0,2.0,2.0,0,0,0,0.0,0.0,0.0,0.0,19.0,187.0,163.0,0.36363636363636365,0.6818181818181818,,,,,0.21052631578947367,,1.2,0.8,0.8,0.0,0.8,0.4,2.2,1.5,0.0,0.0,0.0,0.0,0.0,0.0,0.7,0.2,0.2,0.0,0.0,0.0,0.0,0.0,0.0,0.0,1.9,18.7,16.3,1.9
003028,Alex Mazzone,LSM,Long Stick Midfield,last_10,10,2024-07-20,2025-07-26,ARC|ATL|CAN|CHA|OUT|RED|WAT,WHP,0.0,0.0,0.0,0.0,0.0,0.0,3.0,1,3.0,0.0,0.0,0.0,0.0,0.0,19.0,0.0,5.0,0,0,0,0.0,0.0,0.0,0.0,1.0,30.0,27.0,0.0,0.3333333333333333,,,,,0.0,0.0,0.0,0.0,0.0,0.0,0.0,0.0,0.3,0.1,0.3,0.0,0.0,0.0,0.0,0.0,1.9,0.0,0.5,0.0,0.0,0.0,0.0,0.0,0.0,0.0,0.1,3.0,2.7,0.1
003029,Chris Fake,D,Defense,last_10,10,2025-06-28,2026-06-06,ARC|ATL|CAN|CHA|OUT|WAT|WHP,RED,0.0,0.0,0.0,0.0,0.0,0.0,2.0,1,1.0,0.0,0.0,0.0,0.0,0.0,16.0,4.0,4.0,0,0,0,0.0,0.0,2.0,3.0,3.0,67.0,61.0,0.0,0.5,,,,,0.0,0.0,0.0,0.0,0.0,0.0,0.0,0.0,0.2,0.1,0.1,0.0,0.0,0.0,0.0,0.0,1.6,0.4,0.4,0.0,0.0,0.0,0.0,0.0,0.2,0.3,0.3,6.7,6.1,0.3
003030,James Reilly,FO,Faceoff,last_10,3,2023-06-10,2024-08-17,ATL|CAN|RED,CHA|WAT,0.0,0.0,0.0,0.0,0.0,0.0,0.0,0,0.0,0.0,0.0,0.0,0.0,0.0,9.0,1.0,0.0,26,35,61,0.0,0.0,0.0,0.0,0.0,10.0,9.0,,,0.4262295081967213,,,,,,0.0,0.0,0.0,0.0,0.0,0.0,0.0,0.0,0.0,0.0,0.0,0.0,0.0,0.0,3.0,0.3333333333333333,0.0,8.666666666666666,11.666666666666666,20.333333333333332,0.0,0.0,0.0,0.0,0.0,3.3333333333333335,3.0,0.0
003031,Tucker Dordevic,M,Midfield,last_10,10,2023-07-14,2024-08-04,ARC|CAN|CHA|OUT|RED|WAT,WHP,20.0,20.0,12.0,4.0,16.0,0.0,48.0,29,11.0,0.0,0.0,0.0,0.0,0.0,11.0,10.0,0.0,0,0,0,0.0,0.0,0.0,0.0,9.0,202.0,144.0,0.3333333333333333,0.6041666666666666,,,,,0.0,0.36363636363636365,2.0,2.0,1.2,0.4,1.6,0.0,4.8,2.9,1.1,0.0,0.0,0.0,0.0,0.0,1.1,1.0,0.0,0.0,0.0,0.0,0.0,0.0,0.0,0.0,0.9,20.2,14.4,0.9
003032,Petey LaSalla,FO,Faceoff,last_10,10,2023-08-12,2026-06-27,ARC|ATL|CAN|CHA|OUT|WAT,WHP,5.0,5.0,5.0,0.0,5.0,0.0,6.0,5,0.0,0.0,0.0,0.0,0.0,0.0,79.0,12.0,1.0,129,111,242,0.0,0.0,0.0,0.0,2.0,80.0,62.0,0.8333333333333334,0.8333333333333334,0.5330578512396694,,,,0.0,,0.5,0.5,0.5,0.0,0.5,0.0,0.6,0.5,0.0,0.0,0.0,0.0,0.0,0.0,7.9,1.2,0.1,12.9,11.1,24.2,0.0,0.0,0.0,0.0,0.2,8.0,6.2,0.2
003033,Garrett Leadmon,M,Midfield,last_10,8,2023-06-04,2024-06-16,ARC|ATL|CAN|OUT|RED|WAT,WHP,5.0,4.0,2.0,1.0,3.0,1.0,25.0,14,5.0,0.0,0.0,0.0,0.0,0.0,4.0,9.0,0.0,0,0,0,0.0,0.0,0.0,0.0,12.0,110.0,76.0,0.12,0.56,,,,,0.08333333333333333,0.2,0.625,0.5,0.25,0.125,0.375,0.125,3.125,1.75,0.625,0.0,0.0,0.0,0.0,0.0,0.5,1.125,0.0,0.0,0.0,0.0,0.0,0.0,0.0,0.0,1.5,13.75,9.5,1.5
003039,Chet Comizio,SSDM,Defensive Midfield,last_10,10,2025-05-30,2026-05-09,ARC|CAN|CHA|OUT|RED|WAT|WHP,ATL,0.0,0.0,0.0,0.0,0.0,0.0,3.0,1,0.0,0.0,0.0,0.0,0.0,0.0,8.0,2.0,3.0,0,2,2,0.0,0.0,6.0,3.5,2.0,71.0,66.0,0.0,0.3333333333333333,0.0,,,,0.0,,0.0,0.0,0.0,0.0,0.0,0.0,0.3,0.1,0.0,0.0,0.0,0.0,0.0,0.0,0.8,0.2,0.3,0.0,0.2,0.2,0.0,0.0,0.6,0.35,0.2,7.1,6.6,0.2
003041,Ethan Rall,LSM,Long Stick Midfield,last_10,10,2025-07-19,2026-06-28,ATL|CHA|OUT|RED|WAT|WHP,CAN,1.0,1.0,1.0,0.0,1.0,0.0,5.0,3,3.0,0.0,0.0,0.0,0.0,0.0,30.0,3.0,12.0,0,0,0,0.0,0.0,0.0,0.0,2.0,45.0,37.0,0.2,0.6,,,,,0.0,0.0,0.1,0.1,0.1,0.0,0.1,0.0,0.5,0.3,0.3,0.0,0.0,0.0,0.0,0.0,3.0,0.3,1.2,0.0,0.0,0.0,0.0,0.0,0.0,0.0,0.2,4.5,3.7,0.2
003045,Alex Simmons,A,Attack,last_10,1,2024-07-20,2024-07-20,ARC,RED,0.0,0.0,0.0,0.0,0.0,0.0,1.0,0,0.0,0.0,0.0,0.0,0.0,0.0,1.0,1.0,0.0,0,0,0,0.0,0.0,0.0,0.0,0.0,14.0,12.0,0.0,0.0,,,,,,,0.0,0.0,0.0,0.0,0.0,0.0,1.0,0.0,0.0,0.0,0.0,0.0,0.0,0.0,1.0,1.0,0.0,0.0,0.0,0.0,0.0,0.0,0.0,0.0,0.0,14.0,12.0,0.0
003048,TJ Malone,A,Attack,last_10,10,2025-07-20,2026-06-27,ARC|ATL|CAN|OUT|RED|WAT,WHP,25.0,16.0,16.0,0.0,16.0,9.0,57.0,40,1.0,0.0,0.0,0.0,0.0,0.0,14.0,11.0,2.0,0,0,0,0.0,0.0,0.0,0.0,22.0,292.0,224.0,0.2807017543859649,0.7017543859649122,,,,,0.4090909090909091,0.0,2.5,1.6,1.6,0.0,1.6,0.9,5.7,4.0,0.1,0.0,0.0,0.0,0.0,0.0,1.4,1.1,0.2,0.0,0.0,0.0,0.0,0.0,0.0,0.0,2.2,29.2,22.4,2.2
003049,John Geppert,LSM,Long Stick Midfield,last_10,3,2023-08-12,2023-08-26,CAN|RED|WAT,ATL,0.0,0.0,0.0,0.0,0.0,0.0,1.0,1,1.0,0.0,0.0,0.0,0.0,0.0,7.0,2.0,4.0,0,1,1,0.0,0.0,0.0,0.0,0.0,13.0,10.0,0.0,1.0,0.0,,,,,0.0,0.0,0.0,0.0,0.0,0.0,0.0,0.3333333333333333,0.3333333333333333,0.3333333333333333,0.0,0.0,0.0,0.0,0.0,2.3333333333333335,0.6666666666666666,1.3333333333333333,0.0,0.3333333333333333,0.3333333333333333,0.0,0.0,0.0,0.0,0.0,4.333333333333333,3.3333333333333335,0.0
003052,Kyle Borda,M,Midfield,last_10,2,2023-06-10,2023-06-16,ATL|RED,WAT,0.0,0.0,0.0,0.0,0.0,0.0,3.0,3,0.0,0.0,0.0,0.0,0.0,0.0,0.0,0.0,0.0,0,0,0,0.0,0.0,0.0,0.0,1.0,13.0,10.0,0.0,1.0,,,,,0.0,,0.0,0.0,0.0,0.0,0.0,0.0,1.5,1.5,0.0,0.0,0.0,0.0,0.0,0.0,0.0,0.0,0.0,0.0,0.0,0.0,0.0,0.0,0.0,0.0,0.5,6.5,5.0,0.5
003054,Jeff Conner,M,Midfield,last_10,5,2023-06-16,2023-08-26,ARC|ATL|OUT|WHP,WAT,4.0,2.0,2.0,0.0,2.0,2.0,4.0,3,0.0,0.0,0.0,0.0,0.0,0.0,1.0,0.0,0.0,0,0,0,0.0,0.0,0.0,0.0,7.0,34.0,30.0,0.5,0.75,,,,,0.2857142857142857,,0.8,0.4,0.4,0.0,0.4,0.4,0.8,0.6,0.0,0.0,0.0,0.0,0.0,0.0,0.2,0.0,0.0,0.0,0.0,0.0,0.0,0.0,0.0,0.0,1.4,6.8,6.0,1.4
003056,Grayson Sallade,SSDM,Defensive Midfield,last_10,1,2023-06-10,2023-06-10,ATL,WHP,0.0,0.0,0.0,0.0,0.0,0.0,0.0,0,0.0,0.0,0.0,0.0,0.0,0.0,2.0,0.0,0.0,0,0,0,0.0,0.0,0.0,0.0,1.0,5.0,5.0,,,,,,,0.0,,0.0,0.0,0.0,0.0,0.0,0.0,0.0,0.0,0.0,0.0,0.0,0.0,0.0,0.0,2.0,0.0,0.0,0.0,0.0,0.0,0.0,0.0,0.0,0.0,1.0,5.0,5.0,1.0
003059,BJ Farrare,LSM,Long Stick Midfield,last_10,10,2025-07-18,2026-06-28,ARC|ATL|CAN|CHA|OUT|WHP,RED,0.0,0.0,0.0,0.0,0.0,0.0,1.0,0,0.0,0.0,0.0,0.0,0.0,0.0,13.0,2.0,9.0,0,0,0,0.0,0.0,1.0,0.5,1.0,42.0,39.0,0.0,0.0,,,,,0.0,,0.0,0.0,0.0,0.0,0.0,0.0,0.1,0.0,0.0,0.0,0.0,0.0,0.0,0.0,1.3,0.2,0.9,0.0,0.0,0.0,0.0,0.0,0.1,0.05,0.1,4.2,3.9,0.1
003068,Dylan Gergar,M,Midfield,last_10,2,2024-06-29,2024-07-06,ATL|RED,OUT,2.0,2.0,2.0,0.0,2.0,0.0,12.0,6,2.0,0.0,0.0,0.0,0.0,0.0,3.0,1.0,1.0,0,0,0,0.0,0.0,0.0,0.0,0.0,26.0,13.0,0.16666666666666666,0.5,,,,,,0.0,1.0,1.0,1.0,0.0,1.0,0.0,6.0,3.0,1.0,0.0,0.0,0.0,0.0,0.0,1.5,0.5,0.5,0.0,0.0,0.0,0.0,0.0,0.0,0.0,0.0,13.0,6.5,0.0
003069,Ricky Miezan,SSDM,Defensive Midfield,last_10,4,2024-07-05,2024-07-28,ARC|CAN|CHA|WHP,RED,0.0,0.0,0.0,0.0,0.0,0.0,2.0,1,1.0,0.0,0.0,0.0,0.0,0.0,2.0,0.0,2.0,0,0,0,0.0,0.0,0.0,0.0,0.0,9.0,7.0,0.0,0.5,,,,,,0.0,0.0,0.0,0.0,0.0,0.0,0.0,0.5,0.25,0.25,0.0,0.0,0.0,0.0,0.0,0.5,0.0,0.5,0.0,0.0,0.0,0.0,0.0,0.0,0.0,0.0,2.25,1.75,0.0
003070,Ronan Jacoby,M,Midfield,last_10,6,2024-06-01,2024-08-10,ARC|CAN|CHA|OUT|RED|WHP,ATL,5.0,2.0,2.0,0.0,2.0,3.0,16.0,12,3.0,0.0,0.0,0.0,0.0,0.0,4.0,1.0,1.0,0,0,0,0.0,0.0,0.0,0.0,6.0,100.0,83.0,0.125,0.75,,,,,0.5,0.0,0.8333333333333334,0.3333333333333333,0.3333333333333333,0.0,0.3333333333333333,0.5,2.6666666666666665,2.0,0.5,0.0,0.0,0.0,0.0,0.0,0.6666666666666666,0.16666666666666666,0.16666666666666666,0.0,0.0,0.0,0.0,0.0,0.0,0.0,1.0,16.666666666666668,13.833333333333334,1.0
003072,Kevin Winkoff,M,Midfield,last_10,3,2024-06-16,2024-07-06,ARC|ATL|WAT,WHP,4.0,1.0,1.0,0.0,1.0,3.0,11.0,5,2.0,0.0,0.0,0.0,0.0,0.0,2.0,5.0,1.0,0,0,0,0.0,0.0,0.0,0.0,8.0,44.0,28.0,0.09090909090909091,0.45454545454545453,,,,,0.375,0.0,1.3333333333333333,0.3333333333333333,0.3333333333333333,0.0,0.3333333333333333,1.0,3.6666666666666665,1.6666666666666667,0.6666666666666666,0.0,0.0,0.0,0.0,0.0,0.6666666666666666,1.6666666666666667,0.3333333333333333,0.0,0.0,0.0,0.0,0.0,0.0,0.0,2.6666666666666665,14.666666666666666,9.333333333333334,2.6666666666666665
003073,Ron John,SSDM,Defensive Midfield,last_10,1,2024-06-29,2024-06-29,OUT,RED,0.0,0.0,0.0,0.0,0.0,0.0,0.0,0,0.0,0.0,0.0,0.0,0.0,0.0,1.0,0.0,0.0,0,0,0,0.0,0.0,0.0,0.0,0.0,2.0,2.0,,,,,,,,,0.0,0.0,0.0,0.0,0.0,0.0,0.0,0.0,0.0,0.0,0.0,0.0,0.0,0.0,1.0,0.0,0.0,0.0,0.0,0.0,0.0,0.0,0.0,0.0,0.0,2.0,2.0,0.0
003075,Brennan O'Neill,A,Attack,last_10,10,2025-07-13,2026-06-27,ARC|ATL|CAN|CHA|RED|WHP,OUT,35.0,25.0,15.0,5.0,20.0,10.0,80.0,49,9.0,0.0,0.0,0.0,0.0,0.0,13.0,12.0,0.0,0,0,0,0.0,0.0,0.0,0.0,42.0,367.0,275.0,0.25,0.6125,,,,,0.23809523809523808,0.5555555555555556,3.5,2.5,1.5,0.5,2.0,1.0,8.0,4.9,0.9,0.0,0.0,0.0,0.0,0.0,1.3,1.2,0.0,0.0,0.0,0.0,0.0,0.0,0.0,0.0,4.2,36.7,27.5,4.2
003076,Connor Shellenberger,A,Attack,last_10,10,2025-07-18,2026-06-21,CAN|CHA|OUT|RED|WAT|WHP,ATL,40.0,17.0,17.0,0.0,17.0,23.0,43.0,36,0.0,0.0,0.0,0.0,0.0,0.0,7.0,16.0,1.0,0,0,0,0.0,0.0,1.0,1.0,60.0,315.0,256.0,0.3953488372093023,0.8372093023255814,,,,,0.38333333333333336,,4.0,1.7,1.7,0.0,1.7,2.3,4.3,3.6,0.0,0.0,0.0,0.0,0.0,0.0,0.7,1.6,0.1,0.0,0.0,0.0,0.0,0.0,0.1,0.1,6.0,31.5,25.6,6.0
003077,Ajax Zappitello,D,Defense,last_10,10,2025-07-20,2026-06-27,ARC|ATL|CAN|OUT|RED|WAT,WHP,2.0,2.0,0.0,1.0,1.0,0.0,2.0,1,1.0,0.0,0.0,0.0,0.0,0.0,16.0,6.0,18.0,0,0,0,0.0,0.0,1.0,0.5,2.0,103.0,95.0,0.5,0.5,,,,,0.0,1.0,0.2,0.2,0.0,0.1,0.1,0.0,0.2,0.1,0.1,0.0,0.0,0.0,0.0,0.0,1.6,0.6,1.8,0.0,0.0,0.0,0.0,0.0,0.1,0.05,0.2,10.3,9.5,0.2
003078,Shane Knobloch,M,Midfield,last_10,10,2025-06-22,2026-06-28,ARC|ATL|CAN|OUT|RED|WAT|WHP,CHA,20.0,15.0,13.0,1.0,14.0,5.0,57.0,35,5.0,0.0,0.0,0.0,0.0,0.0,9.0,12.0,0.0,0,0,0,0.0,0.0,1.0,0.5,23.0,232.0,163.0,0.24561403508771928,0.6140350877192983,,,,,0.21739130434782608,0.2,2.0,1.5,1.3,0.1,1.4,0.5,5.7,3.5,0.5,0.0,0.0,0.0,0.0,0.0,0.9,1.2,0.0,0.0,0.0,0.0,0.0,0.0,0.1,0.05,2.3,23.2,16.3,2.3
003079,Liam Entenmann,G,Goalie,last_10,10,2025-07-18,2026-06-21,CAN|CHA|OUT|RED|WAT|WHP,ATL,0.0,0.0,0.0,0.0,0.0,0.0,3.0,0,3.0,148.0,53.0,95.0,129.0,127.3268,21.0,4.0,0.0,0,0,0,124.0,5.0,0.0,0.0,0.0,187.0,180.0,0.0,0.0,,0.5441176470588235,35.810810810810814,0.1948529411764706,,0.0,0.0,0.0,0.0,0.0,0.0,0.0,0.3,0.0,0.3,14.8,5.3,9.5,12.9,12.73268,2.1,0.4,0.0,0.0,0.0,0.0,12.4,0.5,0.0,0.0,0.0,18.7,18.0,0.0
003080,Pat Kavanagh,A,Attack,last_10,10,2025-06-14,2026-06-27,ARC|ATL|CAN|CHA|RED|WAT|WHP,OUT,41.0,24.0,24.0,0.0,24.0,17.0,90.0,58,2.0,0.0,0.0,0.0,0.0,0.0,23.0,24.0,4.0,0,0,0,0.0,0.0,6.0,4.5,49.0,460.0,346.0,0.26666666666666666,0.6444444444444445,,,,,0.3469387755102041,0.0,4.1,2.4,2.4,0.0,2.4,1.7,9.0,5.8,0.2,0.0,0.0,0.0,0.0,0.0,2.3,2.4,0.4,0.0,0.0,0.0,0.0,0.0,0.6,0.45,4.9,46.0,34.6,4.9
003081,Matt Brandau,M,Midfield,last_10,10,2025-07-20,2026-06-27,ARC|ATL|CAN|OUT|RED|WAT,WHP,23.0,17.0,17.0,0.0,17.0,6.0,57.0,42,3.0,0.0,0.0,0.0,0.0,0.0,14.0,11.0,0.0,0,0,0,0.0,0.0,1.0,0.5,17.0,288.0,220.0,0.2982456140350877,0.7368421052631579,,,,,0.35294117647058826,0.0,2.3,1.7,1.7,0.0,1.7,0.6,5.7,4.2,0.3,0.0,0.0,0.0,0.0,0.0,1.4,1.1,0.0,0.0,0.0,0.0,0.0,0.0,0.1,0.05,1.7,28.8,22.0,1.7
003082,Mason Woodward,D,Defense,last_10,10,2025-07-19,2026-06-28,CHA|OUT|RED|WAT|WHP,ARC,8.0,6.0,0.0,3.0,3.0,2.0,16.0,10,14.0,0.0,0.0,0.0,0.0,0.0,23.0,2.0,1.0,0,0,0,0.0,0.0,2.0,1.0,8.0,108.0,90.0,0.1875,0.625,,,,,0.25,0.21428571428571427,0.8,0.6,0.0,0.3,0.3,0.2,1.6,1.0,1.4,0.0,0.0,0.0,0.0,0.0,2.3,0.2,0.1,0.0,0.0,0.0,0.0,0.0,0.2,0.1,0.8,10.8,9.0,0.8
003083,Jake Piseno,LSM,Long Stick Midfield,last_10,10,2025-07-13,2026-06-27,ARC|ATL|CAN|CHA|RED|WHP,OUT,11.0,7.0,1.0,3.0,4.0,4.0,16.0,7,12.0,0.0,0.0,0.0,0.0,0.0,35.0,5.0,14.0,0,0,0,0.0,0.0,0.0,0.0,5.0,85.0,64.0,0.25,0.4375,,,,,0.8,0.25,1.1,0.7,0.1,0.3,0.4,0.4,1.6,0.7,1.2,0.0,0.0,0.0,0.0,0.0,3.5,0.5,1.4,0.0,0.0,0.0,0.0,0.0,0.0,0.0,0.5,8.5,6.4,0.5
003084,Jake Stevens,M,Midfield,last_10,10,2025-06-28,2026-06-21,ARC|CAN|CHA|OUT|RED|WAT|WHP,ATL,8.0,7.0,7.0,0.0,7.0,1.0,23.0,15,2.0,0.0,0.0,0.0,0.0,0.0,8.0,14.0,0.0,0,0,0,0.0,0.0,2.0,1.5,6.0,111.0,74.0,0.30434782608695654,0.6521739130434783,,,,,0.16666666666666666,0.0,0.8,0.7,0.7,0.0,0.7,0.1,2.3,1.5,0.2,0.0,0.0,0.0,0.0,0.0,0.8,1.4,0.0,0.0,0.0,0.0,0.0,0.0,0.2,0.15,0.6,11.1,7.4,0.6
003085,Graham Bundy,M,Midfield,last_10,10,2025-07-13,2026-06-27,ARC|ATL|CAN|CHA|RED|WHP,OUT,8.0,6.0,4.0,1.0,5.0,2.0,34.0,21,17.0,0.0,0.0,0.0,0.0,0.0,8.0,7.0,0.0,0,0,0,0.0,0.0,1.0,0.5,8.0,226.0,185.0,0.14705882352941177,0.6176470588235294,,,,,0.25,0.058823529411764705,0.8,0.6,0.4,0.1,0.5,0.2,3.4,2.1,1.7,0.0,0.0,0.0,0.0,0.0,0.8,0.7,0.0,0.0,0.0,0.0,0.0,0.0,0.1,0.05,0.8,22.6,18.5,0.8
003086,Eric Dobson,M,Midfield,last_10,9,2024-06-15,2025-06-07,ARC|ATL|OUT|RED|WAT|WHP,CHA,5.0,5.0,5.0,0.0,5.0,0.0,26.0,15,6.0,0.0,0.0,0.0,0.0,0.0,4.0,16.0,1.0,0,0,0,0.0,0.0,0.0,0.0,6.0,153.0,111.0,0.19230769230769232,0.5769230769230769,,,,,0.0,0.0,0.5555555555555556,0.5555555555555556,0.5555555555555556,0.0,0.5555555555555556,0.0,2.888888888888889,1.6666666666666667,0.6666666666666666,0.0,0.0,0.0,0.0,0.0,0.4444444444444444,1.7777777777777777,0.1111111111111111,0.0,0.0,0.0,0.0,0.0,0.0,0.0,0.6666666666666666,17.0,12.333333333333334,0.6666666666666666
003087,Beau Pederson,SSDM,Defensive Midfield,last_10,10,2025-07-19,2026-06-28,CHA|OUT|RED|WAT|WHP,ARC,8.0,6.0,4.0,1.0,5.0,2.0,11.0,7,5.0,0.0,0.0,0.0,0.0,0.0,16.0,8.0,2.0,5,12,18,0.0,0.0,2.0,1.0,6.0,67.0,48.0,0.45454545454545453,0.6363636363636364,0.2777777777777778,,,,0.3333333333333333,0.2,0.8,0.6,0.4,0.1,0.5,0.2,1.1,0.7,0.5,0.0,0.0,0.0,0.0,0.0,1.6,0.8,0.2,0.5,1.2,1.8,0.0,0.0,0.2,0.1,0.6,6.7,4.8,0.6
003088,Alexander Vardaro,M,Midfield,last_10,10,2024-06-15,2025-07-11,ARC|ATL|CHA|OUT|RED|WAT|WHP,CAN,11.0,8.0,8.0,0.0,8.0,3.0,33.0,19,3.0,0.0,0.0,0.0,0.0,0.0,3.0,9.0,0.0,0,0,0,0.0,0.0,0.0,0.0,18.0,143.0,101.0,0.24242424242424243,0.5757575757575758,,,,,0.16666666666666666,0.0,1.1,0.8,0.8,0.0,0.8,0.3,3.3,1.9,0.3,0.0,0.0,0.0,0.0,0.0,0.3,0.9,0.0,0.0,0.0,0.0,0.0,0.0,0.0,0.0,1.8,14.3,10.1,1.8
003089,Kenny Brower,D,Defense,last_10,10,2025-06-21,2026-06-28,ARC|ATL|CAN|CHA|RED|WHP,WAT,1.0,0.0,0.0,0.0,0.0,1.0,1.0,1,1.0,0.0,0.0,0.0,0.0,0.0,18.0,1.0,7.0,0,0,0,0.0,0.0,6.0,5.5,1.0,55.0,53.0,0.0,1.0,,,,,1.0,0.0,0.1,0.0,0.0,0.0,0.0,0.1,0.1,0.1,0.1,0.0,0.0,0.0,0.0,0.0,1.8,0.1,0.7,0.0,0.0,0.0,0.0,0.0,0.6,0.55,0.1,5.5,5.3,0.1
003090,Dyson Williams,M,Midfield,last_10,10,2025-06-07,2026-05-09,ATL|CAN|CHA|OUT|RED|WAT,ARC,12.0,11.0,11.0,0.0,11.0,1.0,30.0,24,1.0,0.0,0.0,0.0,0.0,0.0,6.0,6.0,0.0,0,0,0,0.0,0.0,0.0,0.0,2.0,76.0,40.0,0.36666666666666664,0.8,,,,,0.5,0.0,1.2,1.1,1.1,0.0,1.1,0.1,3.0,2.4,0.1,0.0,0.0,0.0,0.0,0.0,0.6,0.6,0.0,0.0,0.0,0.0,0.0,0.0,0.0,0.0,0.2,7.6,4.0,0.2
003091,Garrett Degnon,M,Midfield,last_10,8,2024-06-07,2025-06-22,ATL|CAN|CHA|OUT|RED|WHP,CHA|RED,12.0,9.0,7.0,1.0,8.0,3.0,33.0,18,8.0,0.0,0.0,0.0,0.0,0.0,8.0,5.0,0.0,0,0,0,0.0,0.0,2.0,1.5,6.0,144.0,106.0,0.24242424242424243,0.5454545454545454,,,,,0.5,0.125,1.5,1.125,0.875,0.125,1.0,0.375,4.125,2.25,1.0,0.0,0.0,0.0,0.0,0.0,1.0,0.625,0.0,0.0,0.0,0.0,0.0,0.0,0.25,0.1875,0.75,18.0,13.25,0.75
003092,Josh Zawada,A,Attack,last_10,10,2024-08-10,2025-08-09,ARC|ATL|CAN|CHA|OUT|RED|WAT,CHA|OUT,17.0,9.0,9.0,0.0,9.0,8.0,37.0,24,0.0,0.0,0.0,0.0,0.0,0.0,13.0,15.0,1.0,0,0,0,0.0,0.0,2.0,1.5,35.0,351.0,299.0,0.24324324324324326,0.6486486486486487,,,,,0.22857142857142856,,1.7,0.9,0.9,0.0,0.9,0.8,3.7,2.4,0.0,0.0,0.0,0.0,0.0,0.0,1.3,1.5,0.1,0.0,0.0,0.0,0.0,0.0,0.2,0.15,3.5,35.1,29.9,3.5
003093,Ross Scott,M,Midfield,last_10,10,2025-07-19,2026-06-28,ARC|ATL|CAN|OUT|RED|WAT,CHA,21.0,18.0,18.0,0.0,18.0,3.0,42.0,30,0.0,0.0,0.0,0.0,0.0,0.0,12.0,15.0,1.0,0,0,0,0.0,0.0,0.0,0.0,20.0,234.0,177.0,0.42857142857142855,0.7142857142857143,,,,,0.15,,2.1,1.8,1.8,0.0,1.8,0.3,4.2,3.0,0.0,0.0,0.0,0.0,0.0,0.0,1.2,1.5,0.1,0.0,0.0,0.0,0.0,0.0,0.0,0.0,2.0,23.4,17.7,2.0
003094,Levi Anderson,M,Midfield,last_10,10,2025-07-20,2026-06-21,ATL|CAN|CHA|OUT|RED|WAT|WHP,ATL|WHP,12.0,10.0,6.0,2.0,8.0,2.0,39.0,22,2.0,0.0,0.0,0.0,0.0,0.0,8.0,9.0,1.0,0,0,0,0.0,0.0,1.0,0.5,14.0,143.0,95.0,0.20512820512820512,0.5641025641025641,,,,,0.14285714285714285,1.0,1.2,1.0,0.6,0.2,0.8,0.2,3.9,2.2,0.2,0.0,0.0,0.0,0.0,0.0,0.8,0.9,0.1,0.0,0.0,0.0,0.0,0.0,0.1,0.05,1.4,14.3,9.5,1.4
003095,Stephen Zupicich,LSM,Long Stick Midfield,last_10,3,2024-06-02,2024-06-28,ATL|CAN,WHP,1.0,0.0,0.0,0.0,0.0,1.0,1.0,0,1.0,0.0,0.0,0.0,0.0,0.0,2.0,1.0,0.0,0,0,0,0.0,0.0,0.0,0.0,1.0,7.0,5.0,0.0,0.0,,,,,1.0,0.0,0.3333333333333333,0.0,0.0,0.0,0.0,0.3333333333333333,0.3333333333333333,0.0,0.3333333333333333,0.0,0.0,0.0,0.0,0.0,0.6666666666666666,0.3333333333333333,0.0,0.0,0.0,0.0,0.0,0.0,0.0,0.0,0.3333333333333333,2.3333333333333335,1.6666666666666667,0.3333333333333333
003096,Marcus Hudgins,LSM,Long Stick Midfield,last_10,10,2025-06-21,2026-06-28,ARC|ATL|CAN|CHA|RED|WHP,WAT,2.0,0.0,0.0,0.0,0.0,2.0,0.0,0,0.0,0.0,0.0,0.0,0.0,0.0,24.0,6.0,18.0,0,0,0,0.0,0.0,1.0,0.5,4.0,50.0,44.0,,,,,,,0.5,,0.2,0.0,0.0,0.0,0.0,0.2,0.0,0.0,0.0,0.0,0.0,0.0,0.0,0.0,2.4,0.6,1.8,0.0,0.0,0.0,0.0,0.0,0.1,0.05,0.4,5.0,4.4,0.4
003097,Colby Barsz,D,Defense,last_10,2,2024-06-08,2024-08-18,OUT,ARC,0.0,0.0,0.0,0.0,0.0,0.0,0.0,0,0.0,0.0,0.0,0.0,0.0,0.0,5.0,2.0,1.0,0,0,0,0.0,0.0,0.0,0.0,0.0,6.0,4.0,,,,,,,,,0.0,0.0,0.0,0.0,0.0,0.0,0.0,0.0,0.0,0.0,0.0,0.0,0.0,0.0,2.5,1.0,0.5,0.0,0.0,0.0,0.0,0.0,0.0,0.0,0.0,3.0,2.0,0.0
003098,Luke Wierman,FO,Faceoff,last_10,10,2025-07-13,2026-06-27,ARC|ATL|CAN|CHA|RED|WHP,OUT,5.0,3.0,3.0,0.0,3.0,2.0,16.0,8,5.0,0.0,0.0,0.0,0.0,0.0,62.0,8.0,6.0,121,114,236,0.0,0.0,1.0,0.5,3.0,74.0,50.0,0.1875,0.5,0.5127118644067796,,,,0.6666666666666666,0.0,0.5,0.3,0.3,0.0,0.3,0.2,1.6,0.8,0.5,0.0,0.0,0.0,0.0,0.0,6.2,0.8,0.6,12.1,11.4,23.6,0.0,0.0,0.1,0.05,0.3,7.4,5.0,0.3
003099,Tyler Carpenter,LSM,Long Stick Midfield,last_10,10,2025-07-18,2026-06-21,CAN|CHA|OUT|RED|WAT|WHP,ATL,2.0,1.0,1.0,0.0,1.0,1.0,2.0,2,1.0,0.0,0.0,0.0,0.0,0.0,25.0,5.0,8.0,0,0,0,0.0,0.0,0.0,0.0,1.0,65.0,58.0,0.5,1.0,,,,,1.0,0.0,0.2,0.1,0.1,0.0,0.1,0.1,0.2,0.2,0.1,0.0,0.0,0.0,0.0,0.0,2.5,0.5,0.8,0.0,0.0,0.0,0.0,0.0,0.0,0.0,0.1,6.5,5.8,0.1
003100,Adam Poitras,M,Midfield,last_10,10,2025-07-20,2026-06-27,ARC|ATL|CAN|OUT|RED|WAT,WHP,15.0,12.0,12.0,0.0,12.0,3.0,40.0,26,0.0,0.0,0.0,0.0,0.0,0.0,37.0,6.0,1.0,0,0,0,0.0,0.0,2.0,1.0,6.0,222.0,176.0,0.3,0.65,,,,,0.5,,1.5,1.2,1.2,0.0,1.2,0.3,4.0,2.6,0.0,0.0,0.0,0.0,0.0,0.0,3.7,0.6,0.1,0.0,0.0,0.0,0.0,0.0,0.2,0.1,0.6,22.2,17.6,0.6
003101,Dylan Hess,SSDM,Defensive Midfield,last_10,10,2025-06-13,2026-05-09,ARC|ATL|CAN|CHA|OUT|RED|WHP,WAT,3.0,2.0,2.0,0.0,2.0,1.0,7.0,4,2.0,0.0,0.0,0.0,0.0,0.0,14.0,0.0,4.0,0,5,5,0.0,0.0,0.0,0.0,6.0,73.0,66.0,0.2857142857142857,0.5714285714285714,0.0,,,,0.16666666666666666,0.0,0.3,0.2,0.2,0.0,0.2,0.1,0.7,0.4,0.2,0.0,0.0,0.0,0.0,0.0,1.4,0.0,0.4,0.0,0.5,0.5,0.0,0.0,0.0,0.0,0.6,7.3,6.6,0.6
003102,Chayse Ierlan,G,Goalie,last_10,10,2025-05-31,2025-08-08,ARC|ATL|CAN|CHA|OUT|WAT|WHP,RED,0.0,0.0,0.0,0.0,0.0,0.0,1.0,0,1.0,119.0,38.0,81.0,130.0,130.0,11.0,3.0,2.0,0,0,0,121.0,9.0,0.0,0.0,1.0,135.0,131.0,0.0,0.0,,0.49583333333333335,31.932773109243694,0.15833333333333333,0.0,0.0,0.0,0.0,0.0,0.0,0.0,0.0,0.1,0.0,0.1,11.9,3.8,8.1,13.0,13.0,1.1,0.3,0.2,0.0,0.0,0.0,12.1,0.9,0.0,0.0,0.1,13.5,13.1,0.1
003103,Scott Smith,D,Defense,last_10,10,2025-07-19,2026-06-28,ARC|ATL|CAN|OUT|RED|WAT,CHA,3.0,2.0,2.0,0.0,2.0,1.0,11.0,7,7.0,0.0,0.0,0.0,0.0,0.0,18.0,2.0,9.0,0,0,0,0.0,0.0,3.0,3.5,2.0,49.0,36.0,0.18181818181818182,0.6363636363636364,,,,,0.5,0.0,0.3,0.2,0.2,0.0,0.2,0.1,1.1,0.7,0.7,0.0,0.0,0.0,0.0,0.0,1.8,0.2,0.9,0.0,0.0,0.0,0.0,0.0,0.3,0.35,0.2,4.9,3.6,0.2
003104,Michael Boehm,A,Attack,last_10,7,2024-08-10,2026-06-28,ARC|ATL|CAN|OUT|RED,RED|WAT,15.0,5.0,5.0,0.0,5.0,10.0,26.0,14,2.0,0.0,0.0,0.0,0.0,0.0,11.0,12.0,0.0,0,0,0,0.0,0.0,0.0,0.0,21.0,214.0,176.0,0.19230769230769232,0.5384615384615384,,,,,0.47619047619047616,0.0,2.142857142857143,0.7142857142857143,0.7142857142857143,0.0,0.7142857142857143,1.4285714285714286,3.7142857142857144,2.0,0.2857142857142857,0.0,0.0,0.0,0.0,0.0,1.5714285714285714,1.7142857142857142,0.0,0.0,0.0,0.0,0.0,0.0,0.0,0.0,3.0,30.571428571428573,25.142857142857142,3.0
003105,Cole Kastner,D,Defense,last_10,7,2025-06-28,2026-05-09,ARC|ATL|CAN|CHA|OUT|WHP,RED,0.0,0.0,0.0,0.0,0.0,0.0,0.0,0,0.0,0.0,0.0,0.0,0.0,0.0,5.0,1.0,7.0,0,0,0,0.0,0.0,0.0,0.0,2.0,32.0,31.0,,,,,,,0.0,,0.0,0.0,0.0,0.0,0.0,0.0,0.0,0.0,0.0,0.0,0.0,0.0,0.0,0.0,0.7142857142857143,0.14285714285714285,1.0,0.0,0.0,0.0,0.0,0.0,0.0,0.0,0.2857142857142857,4.571428571428571,4.428571428571429,0.2857142857142857
003106,Dalton Young,M,Midfield,last_10,10,2025-07-13,2026-06-27,ARC|ATL|CAN|CHA|RED|WHP,OUT,16.0,7.0,7.0,0.0,7.0,9.0,30.0,22,0.0,0.0,0.0,0.0,0.0,0.0,6.0,12.0,1.0,0,0,0,0.0,0.0,0.0,0.0,17.0,183.0,141.0,0.23333333333333334,0.7333333333333333,,,,,0.5294117647058824,,1.6,0.7,0.7,0.0,0.7,0.9,3.0,2.2,0.0,0.0,0.0,0.0,0.0,0.0,0.6,1.2,0.1,0.0,0.0,0.0,0.0,0.0,0.0,0.0,1.7,18.3,14.1,1.7
003108,Will Mark,G,Goalie,last_10,2,2025-05-31,2025-07-26,CAN|WHP,ATL,0.0,0.0,0.0,0.0,0.0,0.0,0.0,0,0.0,0.0,0.0,0.0,0.0,0.0,1.0,0.0,0.0,0,0,0,0.0,0.0,0.0,0.0,0.0,1.0,1.0,,,,,,,,,0.0,0.0,0.0,0.0,0.0,0.0,0.0,0.0,0.0,0.0,0.0,0.0,0.0,0.0,0.5,0.0,0.0,0.0,0.0,0.0,0.0,0.0,0.0,0.0,0.0,0.5,0.5,0.0
003109,Chris Conlin,D,Defense,last_10,10,2025-07-18,2026-06-28,ARC|ATL|CAN|CHA|OUT|WHP,RED,1.0,0.0,0.0,0.0,0.0,1.0,0.0,0,0.0,0.0,0.0,0.0,0.0,0.0,24.0,4.0,6.0,0,0,0,0.0,0.0,2.0,1.5,2.0,82.0,78.0,,,,,,,0.5,,0.1,0.0,0.0,0.0,0.0,0.1,0.0,0.0,0.0,0.0,0.0,0.0,0.0,0.0,2.4,0.4,0.6,0.0,0.0,0.0,0.0,0.0,0.2,0.15,0.2,8.2,7.8,0.2
003110,Carter Parlette,SSDM,Defensive Midfield,last_10,1,2025-06-28,2025-06-28,WAT,RED,0.0,0.0,0.0,0.0,0.0,0.0,0.0,0,0.0,0.0,0.0,0.0,0.0,0.0,1.0,0.0,0.0,0,0,0,0.0,0.0,0.0,0.0,0.0,5.0,5.0,,,,,,,,,0.0,0.0,0.0,0.0,0.0,0.0,0.0,0.0,0.0,0.0,0.0,0.0,0.0,0.0,1.0,0.0,0.0,0.0,0.0,0.0,0.0,0.0,0.0,0.0,0.0,5.0,5.0,0.0
003111,AJ Mercurio,D,Defense,last_10,1,2024-08-03,2024-08-03,WHP,WAT,0.0,0.0,0.0,0.0,0.0,0.0,0.0,0,0.0,0.0,0.0,0.0,0.0,0.0,0.0,0.0,1.0,0,0,0,0.0,0.0,0.0,0.0,0.0,2.0,2.0,,,,,,,,,0.0,0.0,0.0,0.0,0.0,0.0,0.0,0.0,0.0,0.0,0.0,0.0,0.0,0.0,0.0,0.0,1.0,0.0,0.0,0.0,0.0,0.0,0.0,0.0,0.0,2.0,2.0,0.0
003112,Jack DiBenedetto,D,Defense,last_10,4,2024-06-01,2025-08-02,ATL|CAN|CHA|WAT,ARC|WAT,0.0,0.0,0.0,0.0,0.0,0.0,0.0,0,0.0,0.0,0.0,0.0,0.0,0.0,5.0,2.0,2.0,0,0,0,0.0,0.0,0.0,0.0,0.0,17.0,15.0,,,,,,,,,0.0,0.0,0.0,0.0,0.0,0.0,0.0,0.0,0.0,0.0,0.0,0.0,0.0,0.0,1.25,0.5,0.5,0.0,0.0,0.0,0.0,0.0,0.0,0.0,0.0,4.25,3.75,0.0
003114,Saam Olexo,LSM,Long Stick Midfield,last_10,1,2024-08-18,2024-08-18,ARC,OUT,0.0,0.0,0.0,0.0,0.0,0.0,0.0,0,0.0,0.0,0.0,0.0,0.0,0.0,1.0,0.0,1.0,0,0,0,0.0,0.0,2.0,1.5,0.0,1.0,1.0,,,,,,,,,0.0,0.0,0.0,0.0,0.0,0.0,0.0,0.0,0.0,0.0,0.0,0.0,0.0,0.0,1.0,0.0,1.0,0.0,0.0,0.0,0.0,0.0,2.0,1.5,0.0,1.0,1.0,0.0
003115,Payton Cormier,A,Attack,last_10,2,2024-06-28,2024-08-17,WAT|WHP,ATL,6.0,5.0,5.0,0.0,5.0,1.0,11.0,9,1.0,0.0,0.0,0.0,0.0,0.0,2.0,1.0,0.0,0,0,0,0.0,0.0,0.0,0.0,5.0,27.0,15.0,0.45454545454545453,0.8181818181818182,,,,,0.2,0.0,3.0,2.5,2.5,0.0,2.5,0.5,5.5,4.5,0.5,0.0,0.0,0.0,0.0,0.0,1.0,0.5,0.0,0.0,0.0,0.0,0.0,0.0,0.0,0.0,2.5,13.5,7.5,2.5
003119,Alec Stathakis,FO,Faceoff,last_10,10,2025-06-07,2025-08-09,ARC|ATL|CAN|CHA|OUT|RED|WHP,WAT,2.0,2.0,2.0,0.0,2.0,0.0,12.0,4,4.0,0.0,0.0,0.0,0.0,0.0,58.0,7.0,2.0,131,114,248,0.0,0.0,0.0,0.0,1.0,74.0,55.0,0.16666666666666666,0.3333333333333333,0.5282258064516129,,,,0.0,0.0,0.2,0.2,0.2,0.0,0.2,0.0,1.2,0.4,0.4,0.0,0.0,0.0,0.0,0.0,5.8,0.7,0.2,13.1,11.4,24.8,0.0,0.0,0.0,0.0,0.1,7.4,5.5,0.1
003120,Jack VanOverbeke,M,Midfield,last_10,8,2024-08-17,2025-07-13,ARC|CHA|OUT|RED|WAT|WHP,ARC|OUT,8.0,4.0,4.0,0.0,4.0,4.0,23.0,14,0.0,0.0,0.0,0.0,0.0,0.0,5.0,6.0,0.0,0,0,0,0.0,0.0,0.0,0.0,10.0,106.0,77.0,0.17391304347826086,0.6086956521739131,,,,,0.4,,1.0,0.5,0.5,0.0,0.5,0.5,2.875,1.75,0.0,0.0,0.0,0.0,0.0,0.0,0.625,0.75,0.0,0.0,0.0,0.0,0.0,0.0,0.0,0.0,1.25,13.25,9.625,1.25
003121,Brayden Mayea,A,Attack,last_10,5,2024-06-30,2026-05-16,ARC|OUT|RED|WAT|WHP,CHA|RED,5.0,5.0,5.0,0.0,5.0,0.0,20.0,12,0.0,0.0,0.0,0.0,0.0,0.0,9.0,5.0,1.0,0,0,0,0.0,0.0,2.0,1.0,5.0,86.0,61.0,0.25,0.6,,,,,0.0,,1.0,1.0,1.0,0.0,1.0,0.0,4.0,2.4,0.0,0.0,0.0,0.0,0.0,0.0,1.8,1.0,0.2,0.0,0.0,0.0,0.0,0.0,0.4,0.2,1.0,17.2,12.2,1.0
003125,Matt Knote,G,Goalie,last_10,1,2025-08-03,2025-08-03,WHP,RED,0.0,0.0,0.0,0.0,0.0,0.0,0.0,0,0.0,0.0,0.0,0.0,0.0,0.0,0.0,0.0,0.0,0,0,0,0.0,0.0,0.0,0.0,0.0,1.0,1.0,,,,,,,,,0.0,0.0,0.0,0.0,0.0,0.0,0.0,0.0,0.0,0.0,0.0,0.0,0.0,0.0,0.0,0.0,0.0,0.0,0.0,0.0,0.0,0.0,0.0,0.0,0.0,1.0,1.0,0.0
003126,Mike Robinson,A,Attack,last_10,1,2024-06-29,2024-06-29,ARC,CAN,0.0,0.0,0.0,0.0,0.0,0.0,1.0,1,0.0,0.0,0.0,0.0,0.0,0.0,3.0,2.0,0.0,0,0,0,0.0,0.0,0.0,0.0,0.0,24.0,21.0,0.0,1.0,,,,,,,0.0,0.0,0.0,0.0,0.0,0.0,1.0,1.0,0.0,0.0,0.0,0.0,0.0,0.0,3.0,2.0,0.0,0.0,0.0,0.0,0.0,0.0,0.0,0.0,0.0,24.0,21.0,0.0
003128,Jack Posey,D,Defense,last_10,10,2024-07-20,2026-06-27,ATL|CAN|OUT|RED|WAT|WHP,CHA|WHP,1.0,0.0,0.0,0.0,0.0,1.0,1.0,1,1.0,0.0,0.0,0.0,0.0,0.0,10.0,3.0,5.0,0,0,0,0.0,0.0,3.0,3.0,1.0,40.0,36.0,0.0,1.0,,,,,1.0,0.0,0.1,0.0,0.0,0.0,0.0,0.1,0.1,0.1,0.1,0.0,0.0,0.0,0.0,0.0,1.0,0.3,0.5,0.0,0.0,0.0,0.0,0.0,0.3,0.3,0.1,4.0,3.6,0.1
003136,Jake Naso,FO,Faceoff,last_10,4,2025-07-12,2025-07-27,CHA|OUT|RED|WAT,ARC,0.0,0.0,0.0,0.0,0.0,0.0,4.0,1,1.0,0.0,0.0,0.0,0.0,0.0,14.0,2.0,0.0,30,59,90,0.0,0.0,1.0,0.5,0.0,15.0,9.0,0.0,0.25,0.3333333333333333,,,,,0.0,0.0,0.0,0.0,0.0,0.0,0.0,1.0,0.25,0.25,0.0,0.0,0.0,0.0,0.0,3.5,0.5,0.0,7.5,14.75,22.5,0.0,0.0,0.25,0.125,0.0,3.75,2.25,0.0
003142,Jack Koras,M,Midfield,last_10,6,2024-06-16,2024-08-10,ARC|ATL|CAN|OUT|RED|WAT,WHP,5.0,4.0,4.0,0.0,4.0,1.0,15.0,11,0.0,0.0,0.0,0.0,0.0,0.0,17.0,1.0,4.0,0,0,0,0.0,0.0,1.0,0.5,4.0,78.0,62.0,0.26666666666666666,0.7333333333333333,,,,,0.25,,0.8333333333333334,0.6666666666666666,0.6666666666666666,0.0,0.6666666666666666,0.16666666666666666,2.5,1.8333333333333333,0.0,0.0,0.0,0.0,0.0,0.0,2.8333333333333335,0.16666666666666666,0.6666666666666666,0.0,0.0,0.0,0.0,0.0,0.16666666666666666,0.08333333333333333,0.6666666666666666,13.0,10.333333333333334,0.6666666666666666
003143,Logan McGovern,M,Midfield,last_10,3,2024-07-20,2024-08-17,CAN|WAT,ATL,3.0,3.0,3.0,0.0,3.0,0.0,11.0,9,0.0,0.0,0.0,0.0,0.0,0.0,4.0,3.0,0.0,0,0,0,0.0,0.0,1.0,0.5,4.0,59.0,45.0,0.2727272727272727,0.8181818181818182,,,,,0.0,,1.0,1.0,1.0,0.0,1.0,0.0,3.6666666666666665,3.0,0.0,0.0,0.0,0.0,0.0,0.0,1.3333333333333333,1.0,0.0,0.0,0.0,0.0,0.0,0.0,0.3333333333333333,0.16666666666666666,1.3333333333333333,19.666666666666668,15.0,1.3333333333333333
003145,JC Higginbotham,G,Goalie,last_10,2,2026-06-07,2026-06-28,RED|WAT,CAN,0.0,0.0,0.0,0.0,0.0,0.0,0.0,0,0.0,4.0,4.0,0.0,3.0,7.5856,1.0,0.0,0.0,0,0,0,3.0,0.0,0.0,0.0,0.0,6.0,6.0,,,,0.5714285714285714,100.0,0.5714285714285714,,,0.0,0.0,0.0,0.0,0.0,0.0,0.0,0.0,0.0,2.0,2.0,0.0,1.5,3.7928,0.5,0.0,0.0,0.0,0.0,0.0,1.5,0.0,0.0,0.0,0.0,3.0,3.0,0.0
003149,JJ Sillstrop,M,Midfield,last_10,10,2025-05-30,2025-08-09,ARC|ATL|CAN|OUT|RED|WAT|WHP,CHA,8.0,5.0,5.0,0.0,5.0,3.0,22.0,18,0.0,0.0,0.0,0.0,0.0,0.0,3.0,9.0,2.0,0,0,0,0.0,0.0,0.0,0.0,12.0,141.0,110.0,0.22727272727272727,0.8181818181818182,,,,,0.25,,0.8,0.5,0.5,0.0,0.5,0.3,2.2,1.8,0.0,0.0,0.0,0.0,0.0,0.0,0.3,0.9,0.2,0.0,0.0,0.0,0.0,0.0,0.0,0.0,1.2,14.1,11.0,1.2
003151,Nathan Laliberte,FO,Faceoff,last_10,4,2026-05-09,2026-06-21,CAN|CHA|WHP,ATL,2.0,1.0,1.0,0.0,1.0,1.0,7.0,2,2.0,0.0,0.0,0.0,0.0,0.0,21.0,5.0,2.0,48,57,105,0.0,0.0,2.0,1.5,2.0,21.0,9.0,0.14285714285714285,0.2857142857142857,0.45714285714285713,,,,0.5,0.0,0.5,0.25,0.25,0.0,0.25,0.25,1.75,0.5,0.5,0.0,0.0,0.0,0.0,0.0,5.25,1.25,0.5,12.0,14.25,26.25,0.0,0.0,0.5,0.375,0.5,5.25,2.25,0.5
003152,James Shipley,SSDM,Defensive Midfield,last_10,1,2026-05-09,2026-05-09,WAT,WHP,0.0,0.0,0.0,0.0,0.0,0.0,0.0,0,0.0,0.0,0.0,0.0,0.0,0.0,3.0,1.0,0.0,0,2,2,0.0,0.0,0.0,0.0,1.0,13.0,12.0,,,0.0,,,,0.0,,0.0,0.0,0.0,0.0,0.0,0.0,0.0,0.0,0.0,0.0,0.0,0.0,0.0,0.0,3.0,1.0,0.0,0.0,2.0,2.0,0.0,0.0,0.0,0.0,1.0,13.0,12.0,1.0
003156,Aidan Danenza,M,Midfield,last_10,10,2025-07-18,2026-06-28,ARC|ATL|CAN|CHA|OUT|WHP,RED,15.0,12.0,12.0,0.0,12.0,3.0,55.0,34,6.0,0.0,0.0,0.0,0.0,0.0,11.0,11.0,2.0,0,0,0,0.0,0.0,0.0,0.0,11.0,240.0,174.0,0.21818181818181817,0.6181818181818182,,,,,0.2727272727272727,0.0,1.5,1.2,1.2,0.0,1.2,0.3,5.5,3.4,0.6,0.0,0.0,0.0,0.0,0.0,1.1,1.1,0.2,0.0,0.0,0.0,0.0,0.0,0.0,0.0,1.1,24.0,17.4,1.1
003157,Graydon Hogg,A,Attack,last_10,8,2025-05-31,2026-06-28,ATL|CHA|RED|WAT|WHP,CAN,9.0,7.0,7.0,0.0,7.0,2.0,27.0,19,0.0,0.0,0.0,0.0,0.0,0.0,7.0,6.0,0.0,0,0,0,0.0,0.0,0.0,0.0,7.0,145.0,112.0,0.25925925925925924,0.7037037037037037,,,,,0.2857142857142857,,1.125,0.875,0.875,0.0,0.875,0.25,3.375,2.375,0.0,0.0,0.0,0.0,0.0,0.0,0.875,0.75,0.0,0.0,0.0,0.0,0.0,0.0,0.0,0.0,0.875,18.125,14.0,0.875
003159,CJ Kirst,A,Attack,last_10,7,2025-07-20,2026-06-28,ARC|ATL|CAN|CHA|WHP,WAT,29.0,23.0,23.0,0.0,23.0,6.0,53.0,39,0.0,0.0,0.0,0.0,0.0,0.0,11.0,5.0,2.0,0,0,0,0.0,0.0,0.0,0.0,23.0,214.0,156.0,0.4339622641509434,0.7358490566037735,,,,,0.2608695652173913,,4.142857142857143,3.2857142857142856,3.2857142857142856,0.0,3.2857142857142856,0.8571428571428571,7.571428571428571,5.571428571428571,0.0,0.0,0.0,0.0,0.0,0.0,1.5714285714285714,0.7142857142857143,0.2857142857142857,0.0,0.0,0.0,0.0,0.0,0.0,0.0,3.2857142857142856,30.571428571428573,22.285714285714285,3.2857142857142856
003160,Andrew McAdorey,M,Midfield,last_10,10,2025-07-18,2026-06-28,ARC|ATL|CAN|CHA|OUT|WHP,RED,18.0,13.0,13.0,0.0,13.0,5.0,45.0,24,5.0,0.0,0.0,0.0,0.0,0.0,17.0,15.0,0.0,5,6,11,0.0,0.0,2.0,2.0,24.0,273.0,213.0,0.28888888888888886,0.5333333333333333,0.45454545454545453,,,,0.20833333333333334,0.0,1.8,1.3,1.3,0.0,1.3,0.5,4.5,2.4,0.5,0.0,0.0,0.0,0.0,0.0,1.7,1.5,0.0,0.5,0.6,1.1,0.0,0.0,0.2,0.2,2.4,27.3,21.3,2.4
003161,Sam English,M,Midfield,last_10,8,2025-06-14,2026-06-28,ARC|ATL|CAN|CHA|OUT|WAT,RED,13.0,10.0,10.0,0.0,10.0,3.0,36.0,24,1.0,0.0,0.0,0.0,0.0,0.0,24.0,13.0,6.0,0,1,1,0.0,0.0,0.0,0.0,9.0,166.0,117.0,0.2777777777777778,0.6666666666666666,0.0,,,,0.3333333333333333,0.0,1.625,1.25,1.25,0.0,1.25,0.375,4.5,3.0,0.125,0.0,0.0,0.0,0.0,0.0,3.0,1.625,0.75,0.0,0.125,0.125,0.0,0.0,0.0,0.0,1.125,20.75,14.625,1.125
003162,Coulter Mackesy,A,Attack,last_10,10,2025-07-11,2026-06-28,ATL|CHA|RED|WAT|WHP,CAN,30.0,20.0,16.0,2.0,18.0,10.0,61.0,40,8.0,0.0,0.0,0.0,0.0,0.0,15.0,14.0,3.0,0,0,0,0.0,0.0,3.0,1.5,28.0,308.0,233.0,0.29508196721311475,0.6557377049180327,,,,,0.35714285714285715,0.25,3.0,2.0,1.6,0.2,1.8,1.0,6.1,4.0,0.8,0.0,0.0,0.0,0.0,0.0,1.5,1.4,0.3,0.0,0.0,0.0,0.0,0.0,0.3,0.15,2.8,30.8,23.3,2.8
003163,Brendan Lavelle,D,Defense,last_10,10,2025-07-19,2026-06-28,CHA|OUT|RED|WAT|WHP,ARC,1.0,0.0,0.0,0.0,0.0,1.0,2.0,1,2.0,0.0,0.0,0.0,0.0,0.0,33.0,3.0,11.0,0,0,0,0.0,0.0,2.0,2.0,1.0,74.0,69.0,0.0,0.5,,,,,1.0,0.0,0.1,0.0,0.0,0.0,0.0,0.1,0.2,0.1,0.2,0.0,0.0,0.0,0.0,0.0,3.3,0.3,1.1,0.0,0.0,0.0,0.0,0.0,0.2,0.2,0.1,7.4,6.9,0.1
003164,Matt Traynor,M,Midfield,last_10,10,2025-07-11,2026-06-21,CAN|CHA|OUT|RED|WAT|WHP,ATL,14.0,12.0,12.0,0.0,12.0,2.0,62.0,38,2.0,0.0,0.0,0.0,0.0,0.0,10.0,14.0,1.0,0,0,0,0.0,0.0,0.0,0.0,14.0,215.0,139.0,0.1935483870967742,0.6129032258064516,,,,,0.14285714285714285,0.0,1.4,1.2,1.2,0.0,1.2,0.2,6.2,3.8,0.2,0.0,0.0,0.0,0.0,0.0,1.0,1.4,0.1,0.0,0.0,0.0,0.0,0.0,0.0,0.0,1.4,21.5,13.9,1.4
003165,Aidan Carroll,A,Attack,last_10,10,2025-07-20,2026-06-27,ARC|ATL|CAN|OUT|RED|WAT,WHP,26.0,21.0,21.0,0.0,21.0,5.0,68.0,46,4.0,0.0,0.0,0.0,0.0,0.0,6.0,8.0,0.0,0,0,0,0.0,0.0,2.0,1.5,15.0,306.0,230.0,0.3088235294117647,0.6764705882352942,,,,,0.3333333333333333,0.0,2.6,2.1,2.1,0.0,2.1,0.5,6.8,4.6,0.4,0.0,0.0,0.0,0.0,0.0,0.6,0.8,0.0,0.0,0.0,0.0,0.0,0.0,0.2,0.15,1.5,30.6,23.0,1.5
003166,Owen Hiltz,A,Attack,last_10,10,2025-06-29,2026-06-28,ARC|CAN|OUT|RED|WAT,CHA,31.0,20.0,20.0,0.0,20.0,11.0,57.0,40,2.0,0.0,0.0,0.0,0.0,0.0,12.0,20.0,3.0,0,0,0,0.0,0.0,2.0,1.5,24.0,273.0,196.0,0.3508771929824561,0.7017543859649122,,,,,0.4583333333333333,0.0,3.1,2.0,2.0,0.0,2.0,1.1,5.7,4.0,0.2,0.0,0.0,0.0,0.0,0.0,1.2,2.0,0.3,0.0,0.0,0.0,0.0,0.0,0.2,0.15,2.4,27.3,19.6,2.4
003167,Jake Taylor,A,Attack,last_10,10,2025-06-13,2026-05-17,ARC|ATL|CAN|CHA|OUT|RED|WHP,WAT,16.0,11.0,11.0,0.0,11.0,5.0,36.0,26,0.0,0.0,0.0,0.0,0.0,0.0,16.0,8.0,1.0,0,0,0,0.0,0.0,1.0,1.0,6.0,102.0,58.0,0.3055555555555556,0.7222222222222222,,,,,0.8333333333333334,,1.6,1.1,1.1,0.0,1.1,0.5,3.6,2.6,0.0,0.0,0.0,0.0,0.0,0.0,1.6,0.8,0.1,0.0,0.0,0.0,0.0,0.0,0.1,0.1,0.6,10.2,5.8,0.6
003168,Chris Kavanagh,A,Attack,last_10,10,2025-06-28,2026-06-28,ARC|ATL|CAN|CHA|WAT|WHP,RED,39.0,28.0,24.0,2.0,26.0,11.0,72.0,49,6.0,0.0,0.0,0.0,0.0,0.0,17.0,12.0,2.0,0,0,0,0.0,0.0,1.0,2.0,47.0,405.0,321.0,0.3611111111111111,0.6805555555555556,,,,,0.23404255319148937,0.3333333333333333,3.9,2.8,2.4,0.2,2.6,1.1,7.2,4.9,0.6,0.0,0.0,0.0,0.0,0.0,1.7,1.2,0.2,0.0,0.0,0.0,0.0,0.0,0.1,0.2,4.7,40.5,32.1,4.7
003169,Logan McNaney,G,Goalie,last_10,10,2025-07-13,2026-06-27,ARC|ATL|CAN|CHA|RED|WHP,OUT,0.0,0.0,0.0,0.0,0.0,0.0,2.0,1,2.0,128.0,77.0,51.0,104.0,102.48342,27.0,7.0,8.0,0,0,0,97.0,7.0,0.0,0.0,0.0,194.0,185.0,0.0,0.5,,0.5688888888888889,60.15625,0.3422222222222222,,0.0,0.0,0.0,0.0,0.0,0.0,0.0,0.2,0.1,0.2,12.8,7.7,5.1,10.4,10.248342,2.7,0.7,0.8,0.0,0.0,0.0,9.7,0.7,0.0,0.0,0.0,19.4,18.5,0.0
003170,Mic Kelly,M,Midfield,last_10,10,2025-06-21,2026-06-28,ATL|CHA|OUT|RED|WAT|WHP,CAN,19.0,12.0,10.0,1.0,11.0,7.0,55.0,39,5.0,0.0,0.0,0.0,0.0,0.0,7.0,11.0,4.0,0,0,0,0.0,0.0,1.0,0.5,26.0,249.0,183.0,0.2,0.7090909090909091,,,,,0.2692307692307692,0.2,1.9,1.2,1.0,0.1,1.1,0.7,5.5,3.9,0.5,0.0,0.0,0.0,0.0,0.0,0.7,1.1,0.4,0.0,0.0,0.0,0.0,0.0,0.1,0.05,2.6,24.9,18.3,2.6
003171,Levi Verch,LSM,Long Stick Midfield,last_10,10,2025-05-30,2025-08-09,ARC|ATL|CAN|OUT|RED|WAT|WHP,CHA,0.0,0.0,0.0,0.0,0.0,0.0,3.0,1,2.0,0.0,0.0,0.0,0.0,0.0,20.0,5.0,4.0,0,0,0,0.0,0.0,1.0,1.0,1.0,51.0,43.0,0.0,0.3333333333333333,,,,,0.0,0.0,0.0,0.0,0.0,0.0,0.0,0.0,0.3,0.1,0.2,0.0,0.0,0.0,0.0,0.0,2.0,0.5,0.4,0.0,0.0,0.0,0.0,0.0,0.1,0.1,0.1,5.1,4.3,0.1
003172,Max Krevsky,SSDM,Defensive Midfield,last_10,10,2025-06-21,2026-06-06,ARC|CAN|CHA|OUT|RED|WAT|WHP,ATL,3.0,0.0,0.0,0.0,0.0,3.0,6.0,3,1.0,0.0,0.0,0.0,0.0,0.0,11.0,6.0,6.0,0,2,2,0.0,0.0,2.0,2.0,5.0,79.0,67.0,0.0,0.5,0.0,,,,0.6,0.0,0.3,0.0,0.0,0.0,0.0,0.3,0.6,0.3,0.1,0.0,0.0,0.0,0.0,0.0,1.1,0.6,0.6,0.0,0.2,0.2,0.0,0.0,0.2,0.2,0.5,7.9,6.7,0.5
003173,Jack McDonald,LSM,Long Stick Midfield,last_10,9,2025-06-22,2026-06-21,ARC|ATL|CAN|CHA|RED|WAT,WHP,2.0,2.0,2.0,0.0,2.0,0.0,4.0,4,0.0,0.0,0.0,0.0,0.0,0.0,10.0,2.0,2.0,0,0,0,0.0,0.0,1.0,1.0,3.0,33.0,27.0,0.5,1.0,,,,,0.0,,0.2222222222222222,0.2222222222222222,0.2222222222222222,0.0,0.2222222222222222,0.0,0.4444444444444444,0.4444444444444444,0.0,0.0,0.0,0.0,0.0,0.0,1.1111111111111112,0.2222222222222222,0.2222222222222222,0.0,0.0,0.0,0.0,0.0,0.1111111111111111,0.1111111111111111,0.3333333333333333,3.6666666666666665,3.0,0.3333333333333333
003174,Sam King,A,Attack,last_10,10,2025-07-19,2026-06-28,CHA|OUT|RED|WAT|WHP,ARC,23.0,17.0,17.0,0.0,17.0,6.0,50.0,30,0.0,0.0,0.0,0.0,0.0,0.0,20.0,24.0,1.0,0,0,0,0.0,0.0,2.0,1.0,36.0,312.0,238.0,0.34,0.6,,,,,0.16666666666666666,,2.3,1.7,1.7,0.0,1.7,0.6,5.0,3.0,0.0,0.0,0.0,0.0,0.0,0.0,2.0,2.4,0.1,0.0,0.0,0.0,0.0,0.0,0.2,0.1,3.6,31.2,23.8,3.6
003176,Emmet Carroll,G,Goalie,last_10,10,2025-07-20,2026-06-27,ARC|ATL|CAN|OUT|RED|WAT,WHP,0.0,0.0,0.0,0.0,0.0,0.0,4.0,0,4.0,127.0,62.0,65.0,106.0,106.0,18.0,1.0,2.0,0,0,0,100.0,6.0,0.0,0.0,0.0,183.0,178.0,0.0,0.0,,0.5594713656387665,48.818897637795274,0.27312775330396477,,0.0,0.0,0.0,0.0,0.0,0.0,0.0,0.4,0.0,0.4,12.7,6.2,6.5,10.6,10.6,1.8,0.1,0.2,0.0,0.0,0.0,10.0,0.6,0.0,0.0,0.0,18.3,17.8,0.0
003177,Mitchell Dunham,D,Defense,last_10,6,2026-05-09,2026-06-28,CHA|OUT|RED|WAT|WHP,ARC,0.0,0.0,0.0,0.0,0.0,0.0,0.0,0,0.0,0.0,0.0,0.0,0.0,0.0,14.0,1.0,9.0,0,0,0,0.0,0.0,5.0,6.0,0.0,32.0,31.0,,,,,,,,,0.0,0.0,0.0,0.0,0.0,0.0,0.0,0.0,0.0,0.0,0.0,0.0,0.0,0.0,2.3333333333333335,0.16666666666666666,1.5,0.0,0.0,0.0,0.0,0.0,0.8333333333333334,1.0,0.0,5.333333333333333,5.166666666666667,0.0
003178,Michael Grace,LSM,Long Stick Midfield,last_10,8,2025-06-14,2025-08-09,ARC|CAN|OUT|RED|WAT|WHP,ATL,10.0,6.0,2.0,2.0,4.0,4.0,6.0,5,4.0,0.0,0.0,0.0,0.0,0.0,18.0,1.0,6.0,0,0,0,0.0,0.0,1.0,1.0,8.0,58.0,51.0,0.6666666666666666,0.8333333333333334,,,,,0.5,0.5,1.25,0.75,0.25,0.25,0.5,0.5,0.75,0.625,0.5,0.0,0.0,0.0,0.0,0.0,2.25,0.125,0.75,0.0,0.0,0.0,0.0,0.0,0.125,0.125,1.0,7.25,6.375,1.0
003179,Ben Wayer,LSM,Long Stick Midfield,last_10,10,2025-06-21,2026-06-07,ARC|ATL|CAN|CHA|RED|WHP,WAT,5.0,3.0,1.0,1.0,2.0,2.0,14.0,5,10.0,0.0,0.0,0.0,0.0,0.0,25.0,5.0,9.0,0,0,0,0.0,0.0,3.0,2.5,5.0,79.0,60.0,0.14285714285714285,0.35714285714285715,,,,,0.4,0.1,0.5,0.3,0.1,0.1,0.2,0.2,1.4,0.5,1.0,0.0,0.0,0.0,0.0,0.0,2.5,0.5,0.9,0.0,0.0,0.0,0.0,0.0,0.3,0.25,0.5,7.9,6.0,0.5
003180,Christian Mazur,SSDM,Defensive Midfield,last_10,10,2025-05-31,2025-08-09,ARC|ATL|CAN|CHA|OUT|RED|WAT,WHP,1.0,1.0,1.0,0.0,1.0,0.0,5.0,2,1.0,0.0,0.0,0.0,0.0,0.0,13.0,1.0,4.0,0,0,0,0.0,0.0,0.0,0.0,3.0,69.0,63.0,0.2,0.4,,,,,0.0,0.0,0.1,0.1,0.1,0.0,0.1,0.0,0.5,0.2,0.1,0.0,0.0,0.0,0.0,0.0,1.3,0.1,0.4,0.0,0.0,0.0,0.0,0.0,0.0,0.0,0.3,6.9,6.3,0.3
003181,Jimmy Freehill,D,Defense,last_10,10,2025-07-12,2026-06-28,ARC|ATL|CAN|CHA|WHP,WAT,4.0,4.0,0.0,2.0,2.0,0.0,5.0,4,5.0,0.0,0.0,0.0,0.0,0.0,10.0,3.0,8.0,0,0,0,0.0,0.0,3.0,3.0,1.0,53.0,45.0,0.4,0.8,,,,,0.0,0.4,0.4,0.4,0.0,0.2,0.2,0.0,0.5,0.4,0.5,0.0,0.0,0.0,0.0,0.0,1.0,0.3,0.8,0.0,0.0,0.0,0.0,0.0,0.3,0.3,0.1,5.3,4.5,0.1
003182,Kevin Parnham,D,Defense,last_10,1,2026-05-09,2026-05-09,ARC,OUT,0.0,0.0,0.0,0.0,0.0,0.0,0.0,0,0.0,0.0,0.0,0.0,0.0,0.0,1.0,0.0,0.0,0,0,0,0.0,0.0,0.0,0.0,0.0,8.0,8.0,,,,,,,,,0.0,0.0,0.0,0.0,0.0,0.0,0.0,0.0,0.0,0.0,0.0,0.0,0.0,0.0,1.0,0.0,0.0,0.0,0.0,0.0,0.0,0.0,0.0,0.0,0.0,8.0,8.0,0.0
003183,Jack Gray,SSDM,Defensive Midfield,last_10,8,2025-07-19,2026-06-27,ARC|ATL|CAN|CHA|RED|WHP,OUT,2.0,1.0,1.0,0.0,1.0,1.0,2.0,1,0.0,0.0,0.0,0.0,0.0,0.0,4.0,1.0,3.0,2,4,6,0.0,0.0,4.0,2.0,1.0,21.0,18.0,0.5,0.5,0.3333333333333333,,,,1.0,,0.25,0.125,0.125,0.0,0.125,0.125,0.25,0.125,0.0,0.0,0.0,0.0,0.0,0.0,0.5,0.125,0.375,0.25,0.5,0.75,0.0,0.0,0.5,0.25,0.125,2.625,2.25,0.125
003184,Ben Ramsey,SSDM,Defensive Midfield,last_10,10,2025-07-19,2026-06-28,ATL|CHA|OUT|RED|WAT|WHP,CAN,2.0,2.0,0.0,1.0,1.0,0.0,8.0,7,3.0,0.0,0.0,0.0,0.0,0.0,20.0,5.0,1.0,0,0,0,0.0,0.0,2.0,1.0,4.0,89.0,76.0,0.125,0.875,,,,,0.0,0.3333333333333333,0.2,0.2,0.0,0.1,0.1,0.0,0.8,0.7,0.3,0.0,0.0,0.0,0.0,0.0,2.0,0.5,0.1,0.0,0.0,0.0,0.0,0.0,0.2,0.1,0.4,8.9,7.6,0.4
003185,Carter Rice,SSDM,Defensive Midfield,last_10,10,2025-07-18,2026-06-28,ARC|ATL|CAN|CHA|OUT|WHP,RED,0.0,0.0,0.0,0.0,0.0,0.0,0.0,0,0.0,0.0,0.0,0.0,0.0,0.0,13.0,4.0,4.0,0,0,0,0.0,0.0,2.0,1.0,1.0,58.0,54.0,,,,,,,0.0,,0.0,0.0,0.0,0.0,0.0,0.0,0.0,0.0,0.0,0.0,0.0,0.0,0.0,0.0,1.3,0.4,0.4,0.0,0.0,0.0,0.0,0.0,0.2,0.1,0.1,5.8,5.4,0.1
003186,Hugh Kelleher,M,Midfield,last_10,10,2025-06-14,2026-06-21,ARC|CAN|OUT|RED|WAT|WHP,ATL,14.0,12.0,10.0,1.0,11.0,2.0,33.0,19,6.0,0.0,0.0,0.0,0.0,0.0,12.0,9.0,0.0,0,0,0,0.0,0.0,1.0,0.5,6.0,138.0,96.0,0.3333333333333333,0.5757575757575758,,,,,0.3333333333333333,0.16666666666666666,1.4,1.2,1.0,0.1,1.1,0.2,3.3,1.9,0.6,0.0,0.0,0.0,0.0,0.0,1.2,0.9,0.0,0.0,0.0,0.0,0.0,0.0,0.1,0.05,0.6,13.8,9.6,0.6
003188,Bryce Ford,M,Midfield,last_10,4,2025-05-31,2026-05-09,CAN|CHA|OUT|WHP,ARC,2.0,2.0,2.0,0.0,2.0,0.0,7.0,3,0.0,0.0,0.0,0.0,0.0,0.0,2.0,3.0,0.0,0,0,0,0.0,0.0,0.0,0.0,3.0,40.0,30.0,0.2857142857142857,0.42857142857142855,,,,,0.0,,0.5,0.5,0.5,0.0,0.5,0.0,1.75,0.75,0.0,0.0,0.0,0.0,0.0,0.0,0.5,0.75,0.0,0.0,0.0,0.0,0.0,0.0,0.0,0.0,0.75,10.0,7.5,0.75
003190,AJ Pilate,D,Defense,last_10,3,2025-06-22,2025-07-13,ARC|RED|WHP,OUT,0.0,0.0,0.0,0.0,0.0,0.0,1.0,0,0.0,0.0,0.0,0.0,0.0,0.0,4.0,1.0,1.0,0,0,0,0.0,0.0,0.0,0.0,0.0,6.0,4.0,0.0,0.0,,,,,,,0.0,0.0,0.0,0.0,0.0,0.0,0.3333333333333333,0.0,0.0,0.0,0.0,0.0,0.0,0.0,1.3333333333333333,0.3333333333333333,0.3333333333333333,0.0,0.0,0.0,0.0,0.0,0.0,0.0,0.0,2.0,1.3333333333333333,0.0
003192,Jackson Eicher,A,Attack,last_10,10,2025-07-19,2026-06-28,ARC|ATL|CAN|OUT|RED|WAT,CHA,26.0,20.0,18.0,1.0,19.0,6.0,74.0,43,19.0,0.0,0.0,0.0,0.0,0.0,7.0,11.0,2.0,0,0,0,0.0,0.0,0.0,0.0,17.0,243.0,158.0,0.25675675675675674,0.581081081081081,,,,,0.35294117647058826,0.05263157894736842,2.6,2.0,1.8,0.1,1.9,0.6,7.4,4.3,1.9,0.0,0.0,0.0,0.0,0.0,0.7,1.1,0.2,0.0,0.0,0.0,0.0,0.0,0.0,0.0,1.7,24.3,15.8,1.7
003193,Kyle Aldridge,SSDM,Defensive Midfield,last_10,2,2025-07-26,2025-08-03,ATL|RED,WHP,0.0,0.0,0.0,0.0,0.0,0.0,0.0,0,0.0,0.0,0.0,0.0,0.0,0.0,4.0,0.0,1.0,0,0,0,0.0,0.0,0.0,0.0,0.0,15.0,15.0,,,,,,,,,0.0,0.0,0.0,0.0,0.0,0.0,0.0,0.0,0.0,0.0,0.0,0.0,0.0,0.0,2.0,0.0,0.5,0.0,0.0,0.0,0.0,0.0,0.0,0.0,0.0,7.5,7.5,0.0
003194,Colin Sharkey,SSDM,Defensive Midfield,last_10,2,2026-05-09,2026-05-09,OUT|RED,ARC,0.0,0.0,0.0,0.0,0.0,0.0,1.0,1,0.0,0.0,0.0,0.0,0.0,0.0,1.0,0.0,0.0,0,0,0,0.0,0.0,0.0,0.0,0.0,8.0,7.0,0.0,1.0,,,,,,,0.0,0.0,0.0,0.0,0.0,0.0,0.5,0.5,0.0,0.0,0.0,0.0,0.0,0.0,0.5,0.0,0.0,0.0,0.0,0.0,0.0,0.0,0.0,0.0,0.0,4.0,3.5,0.0
003195,Brian Kelly,A,Attack,last_10,5,2026-05-17,2026-06-28,ATL|RED|WAT|WHP,CAN,14.0,8.0,8.0,0.0,8.0,6.0,20.0,14,1.0,0.0,0.0,0.0,0.0,0.0,8.0,11.0,0.0,0,0,0,0.0,0.0,1.0,1.0,8.0,144.0,113.0,0.4,0.7,,,,,0.75,0.0,2.8,1.6,1.6,0.0,1.6,1.2,4.0,2.8,0.2,0.0,0.0,0.0,0.0,0.0,1.6,2.2,0.0,0.0,0.0,0.0,0.0,0.0,0.2,0.2,1.6,28.8,22.6,1.6
003203,CK Giancola,M,Midfield,last_10,3,2026-05-09,2026-05-30,OUT|RED|WHP,ARC,4.0,4.0,4.0,0.0,4.0,0.0,16.0,10,6.0,0.0,0.0,0.0,0.0,0.0,5.0,3.0,0.0,0,0,0,0.0,0.0,1.0,0.5,5.0,87.0,68.0,0.25,0.625,,,,,0.0,0.0,1.3333333333333333,1.3333333333333333,1.3333333333333333,0.0,1.3333333333333333,0.0,5.333333333333333,3.3333333333333335,2.0,0.0,0.0,0.0,0.0,0.0,1.6666666666666667,1.0,0.0,0.0,0.0,0.0,0.0,0.0,0.3333333333333333,0.16666666666666666,1.6666666666666667,29.0,22.666666666666668,1.6666666666666667
003206,Greg Langermeier,SSDM,Defensive Midfield,last_10,9,2025-06-06,2025-08-09,ARC|CAN|OUT|RED|WAT|WHP,CHA,2.0,0.0,0.0,0.0,0.0,2.0,5.0,0,0.0,0.0,0.0,0.0,0.0,0.0,8.0,4.0,4.0,1,2,3,0.0,0.0,1.0,0.5,5.0,56.0,47.0,0.0,0.0,0.3333333333333333,,,,0.4,,0.2222222222222222,0.0,0.0,0.0,0.0,0.2222222222222222,0.5555555555555556,0.0,0.0,0.0,0.0,0.0,0.0,0.0,0.8888888888888888,0.4444444444444444,0.4444444444444444,0.1111111111111111,0.2222222222222222,0.3333333333333333,0.0,0.0,0.1111111111111111,0.05555555555555555,0.5555555555555556,6.222222222222222,5.222222222222222,0.5555555555555556
003208,Max Merklinger,A,Attack,last_10,2,2025-06-28,2025-07-27,ATL|OUT,ARC,0.0,0.0,0.0,0.0,0.0,0.0,4.0,2,1.0,0.0,0.0,0.0,0.0,0.0,1.0,2.0,0.0,0,0,0,0.0,0.0,0.0,0.0,1.0,22.0,16.0,0.0,0.5,,,,,0.0,0.0,0.0,0.0,0.0,0.0,0.0,0.0,2.0,1.0,0.5,0.0,0.0,0.0,0.0,0.0,0.5,1.0,0.0,0.0,0.0,0.0,0.0,0.0,0.0,0.0,0.5,11.0,8.0,0.5
003209,Michael Lampert,A,Attack,last_10,4,2025-06-13,2026-05-09,ARC|ATL|CAN|WHP,WAT,1.0,0.0,0.0,0.0,0.0,1.0,4.0,2,0.0,0.0,0.0,0.0,0.0,0.0,0.0,4.0,0.0,0,0,0,0.0,0.0,0.0,0.0,2.0,27.0,19.0,0.0,0.5,,,,,0.5,,0.25,0.0,0.0,0.0,0.0,0.25,1.0,0.5,0.0,0.0,0.0,0.0,0.0,0.0,0.0,1.0,0.0,0.0,0.0,0.0,0.0,0.0,0.0,0.0,0.5,6.75,4.75,0.5
003211,Josh Balcarcel,M,Midfield,last_10,10,2025-06-28,2026-06-28,ARC|ATL|CAN|CHA|OUT|WAT|WHP,RED,8.0,6.0,6.0,0.0,6.0,2.0,17.0,16,1.0,0.0,0.0,0.0,0.0,0.0,3.0,5.0,0.0,0,0,0,0.0,0.0,2.0,1.0,7.0,139.0,117.0,0.35294117647058826,0.9411764705882353,,,,,0.2857142857142857,0.0,0.8,0.6,0.6,0.0,0.6,0.2,1.7,1.6,0.1,0.0,0.0,0.0,0.0,0.0,0.3,0.5,0.0,0.0,0.0,0.0,0.0,0.0,0.2,0.1,0.7,13.9,11.7,0.7
003212,Ray Dearth,SSDM,Defensive Midfield,last_10,10,2025-07-19,2026-06-28,ARC|ATL|CAN|OUT|RED|WAT,CHA,3.0,1.0,1.0,0.0,1.0,2.0,2.0,1,0.0,0.0,0.0,0.0,0.0,0.0,12.0,1.0,3.0,2,12,14,0.0,0.0,1.0,0.5,5.0,61.0,58.0,0.5,0.5,0.14285714285714285,,,,0.4,,0.3,0.1,0.1,0.0,0.1,0.2,0.2,0.1,0.0,0.0,0.0,0.0,0.0,0.0,1.2,0.1,0.3,0.2,1.2,1.4,0.0,0.0,0.1,0.05,0.5,6.1,5.8,0.5
003215,Tommy Stull,LSM,Long Stick Midfield,last_10,2,2026-05-09,2026-06-05,CHA|RED,ARC,0.0,0.0,0.0,0.0,0.0,0.0,0.0,0,0.0,0.0,0.0,0.0,0.0,0.0,4.0,0.0,1.0,0,0,0,0.0,0.0,0.0,0.0,0.0,6.0,6.0,,,,,,,,,0.0,0.0,0.0,0.0,0.0,0.0,0.0,0.0,0.0,0.0,0.0,0.0,0.0,0.0,2.0,0.0,0.5,0.0,0.0,0.0,0.0,0.0,0.0,0.0,0.0,3.0,3.0,0.0
003228,Remington Reynolds,D,Defense,last_10,4,2026-05-15,2026-06-28,CHA|RED|WAT|WHP,CAN,0.0,0.0,0.0,0.0,0.0,0.0,1.0,0,0.0,0.0,0.0,0.0,0.0,0.0,8.0,1.0,2.0,0,0,0,0.0,0.0,3.0,3.5,0.0,18.0,16.0,0.0,0.0,,,,,,,0.0,0.0,0.0,0.0,0.0,0.0,0.25,0.0,0.0,0.0,0.0,0.0,0.0,0.0,2.0,0.25,0.5,0.0,0.0,0.0,0.0,0.0,0.75,0.875,0.0,4.5,4.0,0.0
003229,Matt Wright,LSM,Long Stick Midfield,last_10,2,2026-06-20,2026-06-28,ARC|CAN,RED,0.0,0.0,0.0,0.0,0.0,0.0,0.0,0,0.0,0.0,0.0,0.0,0.0,0.0,3.0,0.0,0.0,0,0,0,0.0,0.0,0.0,0.0,0.0,11.0,11.0,,,,,,,,,0.0,0.0,0.0,0.0,0.0,0.0,0.0,0.0,0.0,0.0,0.0,0.0,0.0,0.0,1.5,0.0,0.0,0.0,0.0,0.0,0.0,0.0,0.0,0.0,0.0,5.5,5.5,0.0
003232,Casey Wilson,M,Midfield,last_10,1,2026-05-31,2026-05-31,CHA,WAT,0.0,0.0,0.0,0.0,0.0,0.0,0.0,0,0.0,0.0,0.0,0.0,0.0,0.0,1.0,1.0,0.0,0,0,0,0.0,0.0,0.0,0.0,0.0,5.0,4.0,,,,,,,,,0.0,0.0,0.0,0.0,0.0,0.0,0.0,0.0,0.0,0.0,0.0,0.0,0.0,0.0,1.0,1.0,0.0,0.0,0.0,0.0,0.0,0.0,0.0,0.0,0.0,5.0,4.0,0.0
003238,Aidan McLane,M,Midfield,last_10,1,2026-05-16,2026-05-16,WHP,ATL,0.0,0.0,0.0,0.0,0.0,0.0,3.0,0,0.0,0.0,0.0,0.0,0.0,0.0,0.0,0.0,0.0,0,0,0,0.0,0.0,0.0,0.0,0.0,8.0,5.0,0.0,0.0,,,,,,,0.0,0.0,0.0,0.0,0.0,0.0,3.0,0.0,0.0,0.0,0.0,0.0,0.0,0.0,0.0,0.0,0.0,0.0,0.0,0.0,0.0,0.0,0.0,0.0,0.0,8.0,5.0,0.0
003242,Cooper Frankenheimer,SSDM,Defensive Midfield,last_10,1,2026-05-16,2026-05-16,WHP,ATL,0.0,0.0,0.0,0.0,0.0,0.0,1.0,0,0.0,0.0,0.0,0.0,0.0,0.0,1.0,0.0,0.0,0,0,0,0.0,0.0,0.0,0.0,1.0,4.0,3.0,0.0,0.0,,,,,0.0,,0.0,0.0,0.0,0.0,0.0,0.0,1.0,0.0,0.0,0.0,0.0,0.0,0.0,0.0,1.0,0.0,0.0,0.0,0.0,0.0,0.0,0.0,0.0,0.0,1.0,4.0,3.0,1.0
003248,Ryan Stines,M,Midfield,last_10,6,2026-05-09,2026-06-28,CHA|OUT|RED|WAT|WHP,ARC,14.0,7.0,7.0,0.0,7.0,7.0,24.0,17,0.0,0.0,0.0,0.0,0.0,0.0,3.0,8.0,1.0,0,0,0,0.0,0.0,1.0,0.5,19.0,168.0,136.0,0.2916666666666667,0.7083333333333334,,,,,0.3684210526315789,,2.3333333333333335,1.1666666666666667,1.1666666666666667,0.0,1.1666666666666667,1.1666666666666667,4.0,2.8333333333333335,0.0,0.0,0.0,0.0,0.0,0.0,0.5,1.3333333333333333,0.16666666666666666,0.0,0.0,0.0,0.0,0.0,0.16666666666666666,0.08333333333333333,3.1666666666666665,28.0,22.666666666666668,3.1666666666666665
003249,Logan Ip,M,Midfield,last_10,2,2026-06-07,2026-06-28,RED|WAT,CAN,0.0,0.0,0.0,0.0,0.0,0.0,5.0,4,0.0,0.0,0.0,0.0,0.0,0.0,0.0,0.0,0.0,0,0,0,0.0,0.0,0.0,0.0,2.0,22.0,17.0,0.0,0.8,,,,,0.0,,0.0,0.0,0.0,0.0,0.0,0.0,2.5,2.0,0.0,0.0,0.0,0.0,0.0,0.0,0.0,0.0,0.0,0.0,0.0,0.0,0.0,0.0,0.0,0.0,1.0,11.0,8.5,1.0
003250,Eric Spanos,A,Attack,last_10,6,2026-05-09,2026-06-28,ARC|ATL|CAN|OUT|RED|WAT,CHA,5.0,5.0,5.0,0.0,5.0,0.0,22.0,18,2.0,0.0,0.0,0.0,0.0,0.0,3.0,4.0,0.0,0,0,0,0.0,0.0,0.0,0.0,0.0,68.0,42.0,0.22727272727272727,0.8181818181818182,,,,,,0.0,0.8333333333333334,0.8333333333333334,0.8333333333333334,0.0,0.8333333333333334,0.0,3.6666666666666665,3.0,0.3333333333333333,0.0,0.0,0.0,0.0,0.0,0.5,0.6666666666666666,0.0,0.0,0.0,0.0,0.0,0.0,0.0,0.0,0.0,11.333333333333334,7.0,0.0
003251,Nikko DiPonio,D,Defense,last_10,2,2026-05-09,2026-05-16,CHA|WHP,ATL,0.0,0.0,0.0,0.0,0.0,0.0,1.0,0,0.0,0.0,0.0,0.0,0.0,0.0,6.0,0.0,1.0,0,0,0,0.0,0.0,0.0,0.0,0.0,15.0,14.0,0.0,0.0,,,,,,,0.0,0.0,0.0,0.0,0.0,0.0,0.5,0.0,0.0,0.0,0.0,0.0,0.0,0.0,3.0,0.0,0.5,0.0,0.0,0.0,0.0,0.0,0.0,0.0,0.0,7.5,7.0,0.0
003252,Leo Johnson,M,Midfield,last_10,3,2026-06-05,2026-06-28,CHA|RED|WAT,ARC,6.0,5.0,5.0,0.0,5.0,1.0,21.0,12,0.0,0.0,0.0,0.0,0.0,0.0,2.0,2.0,0.0,0,0,0,0.0,0.0,0.0,0.0,5.0,51.0,28.0,0.23809523809523808,0.5714285714285714,,,,,0.2,,2.0,1.6666666666666667,1.6666666666666667,0.0,1.6666666666666667,0.3333333333333333,7.0,4.0,0.0,0.0,0.0,0.0,0.0,0.0,0.6666666666666666,0.6666666666666666,0.0,0.0,0.0,0.0,0.0,0.0,0.0,0.0,1.6666666666666667,17.0,9.333333333333334,1.6666666666666667
003253,Marcus Wertheim,M,Midfield,last_10,2,2026-05-09,2026-05-16,ARC|OUT,RED,1.0,0.0,0.0,0.0,0.0,1.0,7.0,3,0.0,0.0,0.0,0.0,0.0,0.0,1.0,2.0,0.0,0,0,0,0.0,0.0,0.0,0.0,3.0,48.0,39.0,0.0,0.42857142857142855,,,,,0.3333333333333333,,0.5,0.0,0.0,0.0,0.0,0.5,3.5,1.5,0.0,0.0,0.0,0.0,0.0,0.0,0.5,1.0,0.0,0.0,0.0,0.0,0.0,0.0,0.0,0.0,1.5,24.0,19.5,1.5
003254,Peter Detwiler,SSDM,Defensive Midfield,last_10,6,2026-05-09,2026-06-28,ARC|ATL|CAN|OUT|RED|WAT,CHA,2.0,2.0,2.0,0.0,2.0,0.0,4.0,4,0.0,0.0,0.0,0.0,0.0,0.0,12.0,2.0,2.0,0,0,0,0.0,0.0,1.0,0.5,4.0,52.0,46.0,0.5,1.0,,,,,0.0,,0.3333333333333333,0.3333333333333333,0.3333333333333333,0.0,0.3333333333333333,0.0,0.6666666666666666,0.6666666666666666,0.0,0.0,0.0,0.0,0.0,0.0,2.0,0.3333333333333333,0.3333333333333333,0.0,0.0,0.0,0.0,0.0,0.16666666666666666,0.08333333333333333,0.6666666666666666,8.666666666666666,7.666666666666667,0.6666666666666666
003255,Joe Juengerkes,SSDM,Defensive Midfield,last_10,5,2026-05-09,2026-06-21,ARC|ATL|CAN|WAT,WHP,2.0,0.0,0.0,0.0,0.0,2.0,0.0,0,0.0,0.0,0.0,0.0,0.0,0.0,3.0,1.0,0.0,0,5,5,0.0,0.0,1.0,1.0,2.0,33.0,32.0,,,0.0,,,,1.0,,0.4,0.0,0.0,0.0,0.0,0.4,0.0,0.0,0.0,0.0,0.0,0.0,0.0,0.0,0.6,0.2,0.0,0.0,1.0,1.0,0.0,0.0,0.2,0.2,0.4,6.6,6.4,0.4
003257,Teddy Malone,A,Attack,last_10,4,2026-05-09,2026-06-06,ATL|CAN|OUT|WAT,CHA,4.0,2.0,2.0,0.0,2.0,2.0,6.0,3,0.0,0.0,0.0,0.0,0.0,0.0,1.0,2.0,0.0,0,0,0,0.0,0.0,0.0,0.0,3.0,53.0,45.0,0.3333333333333333,0.5,,,,,0.6666666666666666,,1.0,0.5,0.5,0.0,0.5,0.5,1.5,0.75,0.0,0.0,0.0,0.0,0.0,0.0,0.25,0.5,0.0,0.0,0.0,0.0,0.0,0.0,0.0,0.0,0.75,13.25,11.25,0.75
003259,Liam Kammar,SSDM,Defensive Midfield,last_10,5,2026-05-09,2026-06-21,CAN|CHA|OUT|WHP,ATL,0.0,0.0,0.0,0.0,0.0,0.0,1.0,1,0.0,0.0,0.0,0.0,0.0,0.0,4.0,0.0,1.0,0,0,0,0.0,0.0,0.0,0.0,0.0,21.0,20.0,0.0,1.0,,,,,,,0.0,0.0,0.0,0.0,0.0,0.0,0.2,0.2,0.0,0.0,0.0,0.0,0.0,0.0,0.8,0.0,0.2,0.0,0.0,0.0,0.0,0.0,0.0,0.0,0.0,4.2,4.0,0.0
003260,Jack Pilling,SSDM,Defensive Midfield,last_10,3,2026-05-16,2026-06-27,ATL|CAN|OUT,WHP,1.0,0.0,0.0,0.0,0.0,1.0,1.0,0,0.0,0.0,0.0,0.0,0.0,0.0,7.0,1.0,1.0,0,1,1,0.0,0.0,0.0,0.0,3.0,28.0,26.0,0.0,0.0,0.0,,,,0.3333333333333333,,0.3333333333333333,0.0,0.0,0.0,0.0,0.3333333333333333,0.3333333333333333,0.0,0.0,0.0,0.0,0.0,0.0,0.0,2.3333333333333335,0.3333333333333333,0.3333333333333333,0.0,0.3333333333333333,0.3333333333333333,0.0,0.0,0.0,0.0,1.0,9.333333333333334,8.666666666666666,1.0
003261,Truitt Sunderland,A,Attack,last_10,5,2026-05-16,2026-06-27,ARC|ATL|CAN|OUT,WHP,8.0,4.0,4.0,0.0,4.0,4.0,12.0,9,0.0,0.0,0.0,0.0,0.0,0.0,0.0,3.0,0.0,0,0,0,0.0,0.0,0.0,0.0,11.0,70.0,55.0,0.3333333333333333,0.75,,,,,0.36363636363636365,,1.6,0.8,0.8,0.0,0.8,0.8,2.4,1.8,0.0,0.0,0.0,0.0,0.0,0.0,0.0,0.6,0.0,0.0,0.0,0.0,0.0,0.0,0.0,0.0,2.2,14.0,11.0,2.2
003264,Sean Byrne,G,Goalie,last_10,1,2026-05-17,2026-05-17,CAN,WAT,0.0,0.0,0.0,0.0,0.0,0.0,0.0,0,0.0,3.0,1.0,2.0,3.0,13.37461,0.0,0.0,0.0,0,0,0,3.0,0.0,0.0,0.0,0.0,3.0,3.0,,,,0.5,33.33333333333333,0.16666666666666666,,,0.0,0.0,0.0,0.0,0.0,0.0,0.0,0.0,0.0,3.0,1.0,2.0,3.0,13.37461,0.0,0.0,0.0,0.0,0.0,0.0,3.0,0.0,0.0,0.0,0.0,3.0,3.0,0.0
003266,Silas Richmond,A,Attack,last_10,1,2026-06-28,2026-06-28,ARC,WAT,0.0,0.0,0.0,0.0,0.0,0.0,0.0,0,0.0,0.0,0.0,0.0,0.0,0.0,0.0,0.0,1.0,0,0,0,0.0,0.0,0.0,0.0,1.0,5.0,5.0,,,,,,,0.0,,0.0,0.0,0.0,0.0,0.0,0.0,0.0,0.0,0.0,0.0,0.0,0.0,0.0,0.0,0.0,0.0,1.0,0.0,0.0,0.0,0.0,0.0,0.0,0.0,1.0,5.0,5.0,1.0
003267,Mikey Weisshaar,M,Midfield,last_10,6,2026-05-15,2026-06-28,ATL|CHA|RED|WAT|WHP,CAN,8.0,7.0,7.0,0.0,7.0,1.0,27.0,15,1.0,0.0,0.0,0.0,0.0,0.0,6.0,11.0,2.0,0,0,0,0.0,0.0,0.0,0.0,8.0,140.0,102.0,0.25925925925925924,0.5555555555555556,,,,,0.125,0.0,1.3333333333333333,1.1666666666666667,1.1666666666666667,0.0,1.1666666666666667,0.16666666666666666,4.5,2.5,0.16666666666666666,0.0,0.0,0.0,0.0,0.0,1.0,1.8333333333333333,0.3333333333333333,0.0,0.0,0.0,0.0,0.0,0.0,0.0,1.3333333333333333,23.333333333333332,17.0,1.3333333333333333
003269,Brendan Staub,LSM,Long Stick Midfield,last_10,3,2026-05-31,2026-06-28,ARC|CAN|CHA,WAT,1.0,1.0,1.0,0.0,1.0,0.0,3.0,2,2.0,0.0,0.0,0.0,0.0,0.0,7.0,1.0,1.0,0,0,0,0.0,0.0,0.0,0.0,2.0,23.0,19.0,0.3333333333333333,0.6666666666666666,,,,,0.0,0.0,0.3333333333333333,0.3333333333333333,0.3333333333333333,0.0,0.3333333333333333,0.0,1.0,0.6666666666666666,0.6666666666666666,0.0,0.0,0.0,0.0,0.0,2.3333333333333335,0.3333333333333333,0.3333333333333333,0.0,0.0,0.0,0.0,0.0,0.0,0.0,0.6666666666666666,7.666666666666667,6.333333333333333,0.6666666666666666
003270,Evan Plunkett,M,Midfield,last_10,4,2026-05-16,2026-06-27,ATL|CHA|RED|WHP,OUT,4.0,1.0,1.0,0.0,1.0,3.0,22.0,10,0.0,0.0,0.0,0.0,0.0,0.0,2.0,4.0,1.0,0,0,0,0.0,0.0,0.0,0.0,9.0,78.0,52.0,0.045454545454545456,0.45454545454545453,,,,,0.3333333333333333,,1.0,0.25,0.25,0.0,0.25,0.75,5.5,2.5,0.0,0.0,0.0,0.0,0.0,0.0,0.5,1.0,0.25,0.0,0.0,0.0,0.0,0.0,0.0,0.0,2.25,19.5,13.0,2.25
003271,Hunter Smith,D,Defense,last_10,3,2026-05-29,2026-06-19,ATL|WAT|WHP,CAN,0.0,0.0,0.0,0.0,0.0,0.0,0.0,0,0.0,0.0,0.0,0.0,0.0,0.0,4.0,0.0,4.0,0,0,0,0.0,0.0,0.0,0.0,1.0,15.0,15.0,,,,,,,0.0,,0.0,0.0,0.0,0.0,0.0,0.0,0.0,0.0,0.0,0.0,0.0,0.0,0.0,0.0,1.3333333333333333,0.0,1.3333333333333333,0.0,0.0,0.0,0.0,0.0,0.0,0.0,0.3333333333333333,5.0,5.0,0.3333333333333333
003273,Matt Collison,M,Midfield,last_10,1,2026-06-28,2026-06-28,ARC,WAT,3.0,3.0,1.0,1.0,2.0,0.0,5.0,3,1.0,0.0,0.0,0.0,0.0,0.0,0.0,1.0,0.0,0,0,0,0.0,0.0,0.0,0.0,1.0,36.0,30.0,0.4,0.6,,,,,0.0,1.0,3.0,3.0,1.0,1.0,2.0,0.0,5.0,3.0,1.0,0.0,0.0,0.0,0.0,0.0,0.0,1.0,0.0,0.0,0.0,0.0,0.0,0.0,0.0,0.0,1.0,36.0,30.0,1.0
003274,Patty Eldredge,SSDM,Defensive Midfield,last_10,1,2026-05-31,2026-05-31,CHA,WAT,0.0,0.0,0.0,0.0,0.0,0.0,0.0,0,0.0,0.0,0.0,0.0,0.0,0.0,2.0,0.0,1.0,0,0,0,0.0,0.0,0.0,0.0,0.0,5.0,5.0,,,,,,,,,0.0,0.0,0.0,0.0,0.0,0.0,0.0,0.0,0.0,0.0,0.0,0.0,0.0,0.0,2.0,0.0,1.0,0.0,0.0,0.0,0.0,0.0,0.0,0.0,0.0,5.0,5.0,0.0
003275,Andrew McMeekin,FO,Faceoff,last_10,3,2026-06-07,2026-06-28,ATL|RED|WAT,CAN,3.0,0.0,0.0,0.0,0.0,3.0,8.0,2,2.0,0.0,0.0,0.0,0.0,0.0,26.0,1.0,1.0,47,34,81,0.0,0.0,0.0,0.0,5.0,29.0,20.0,0.0,0.25,0.5802469135802469,,,,0.6,0.0,1.0,0.0,0.0,0.0,0.0,1.0,2.6666666666666665,0.6666666666666666,0.6666666666666666,0.0,0.0,0.0,0.0,0.0,8.666666666666666,0.3333333333333333,0.3333333333333333,15.666666666666666,11.333333333333334,27.0,0.0,0.0,0.0,0.0,1.6666666666666667,9.666666666666666,6.666666666666667,1.6666666666666667
003276,Richard Checo,LSM,Long Stick Midfield,last_10,1,2026-05-31,2026-05-31,WAT,CHA,0.0,0.0,0.0,0.0,0.0,0.0,0.0,0,0.0,0.0,0.0,0.0,0.0,0.0,0.0,1.0,0.0,0,0,0,0.0,0.0,0.0,0.0,0.0,2.0,1.0,,,,,,,,,0.0,0.0,0.0,0.0,0.0,0.0,0.0,0.0,0.0,0.0,0.0,0.0,0.0,0.0,0.0,1.0,0.0,0.0,0.0,0.0,0.0,0.0,0.0,0.0,0.0,2.0,1.0,0.0
003277,Joey Spallina,A,Attack,last_10,4,2026-05-29,2026-06-27,ARC|ATL|CAN|OUT,WHP,13.0,5.0,5.0,0.0,5.0,8.0,21.0,11,0.0,0.0,0.0,0.0,0.0,0.0,7.0,5.0,0.0,0,0,0,0.0,0.0,2.0,1.5,19.0,138.0,112.0,0.23809523809523808,0.5238095238095238,,,,,0.42105263157894735,,3.25,1.25,1.25,0.0,1.25,2.0,5.25,2.75,0.0,0.0,0.0,0.0,0.0,0.0,1.75,1.25,0.0,0.0,0.0,0.0,0.0,0.0,0.5,0.375,4.75,34.5,28.0,4.75
003278,Aidan Maguire,SSDM,Defensive Midfield,last_10,4,2026-05-30,2026-06-28,CHA|RED|WAT|WHP,ARC,1.0,0.0,0.0,0.0,0.0,1.0,2.0,1,1.0,0.0,0.0,0.0,0.0,0.0,6.0,3.0,0.0,0,0,0,0.0,0.0,2.0,1.0,3.0,34.0,29.0,0.0,0.5,,,,,0.3333333333333333,0.0,0.25,0.0,0.0,0.0,0.0,0.25,0.5,0.25,0.25,0.0,0.0,0.0,0.0,0.0,1.5,0.75,0.0,0.0,0.0,0.0,0.0,0.0,0.5,0.25,0.75,8.5,7.25,0.75
003279,Luke Rhoa,M,Midfield,last_10,1,2026-06-06,2026-06-06,RED,ATL,0.0,0.0,0.0,0.0,0.0,0.0,5.0,2,0.0,0.0,0.0,0.0,0.0,0.0,1.0,1.0,1.0,0,0,0,0.0,0.0,0.0,0.0,0.0,15.0,9.0,0.0,0.4,,,,,,,0.0,0.0,0.0,0.0,0.0,0.0,5.0,2.0,0.0,0.0,0.0,0.0,0.0,0.0,1.0,1.0,1.0,0.0,0.0,0.0,0.0,0.0,0.0,0.0,0.0,15.0,9.0,0.0
003280,Chad Palumbo,M,Midfield,last_10,4,2026-05-31,2026-06-28,ARC|OUT|RED|WAT,CHA,11.0,8.0,8.0,0.0,8.0,3.0,29.0,18,2.0,0.0,0.0,0.0,0.0,0.0,4.0,7.0,3.0,0,0,0,0.0,0.0,0.0,0.0,5.0,80.0,44.0,0.27586206896551724,0.6206896551724138,,,,,0.6,0.0,2.75,2.0,2.0,0.0,2.0,0.75,7.25,4.5,0.5,0.0,0.0,0.0,0.0,0.0,1.0,1.75,0.75,0.0,0.0,0.0,0.0,0.0,0.0,0.0,1.25,20.0,11.0,1.25
003281,Kyle Lewis,M,Midfield,last_10,2,2026-06-07,2026-06-28,ARC|CAN,WAT,2.0,2.0,2.0,0.0,2.0,0.0,9.0,5,0.0,0.0,0.0,0.0,0.0,0.0,2.0,1.0,0.0,0,0,0,0.0,0.0,1.0,0.5,3.0,28.0,18.0,0.2222222222222222,0.5555555555555556,,,,,0.0,,1.0,1.0,1.0,0.0,1.0,0.0,4.5,2.5,0.0,0.0,0.0,0.0,0.0,0.0,1.0,0.5,0.0,0.0,0.0,0.0,0.0,0.0,0.5,0.25,1.5,14.0,9.0,1.5
003282,Billy Dwan,D,Defense,last_10,4,2026-05-29,2026-06-27,ARC|ATL|CAN|OUT,WHP,1.0,0.0,0.0,0.0,0.0,1.0,2.0,1,1.0,0.0,0.0,0.0,0.0,0.0,6.0,0.0,2.0,0,0,0,0.0,0.0,2.0,1.5,1.0,13.0,11.0,0.0,0.5,,,,,1.0,0.0,0.25,0.0,0.0,0.0,0.0,0.25,0.5,0.25,0.25,0.0,0.0,0.0,0.0,0.0,1.5,0.0,0.5,0.0,0.0,0.0,0.0,0.0,0.5,0.375,0.25,3.25,2.75,0.25
003283,Blake Eiland,SSDM,Defensive Midfield,last_10,4,2026-05-29,2026-06-27,ARC|ATL|CAN|OUT,WHP,0.0,0.0,0.0,0.0,0.0,0.0,1.0,1,0.0,0.0,0.0,0.0,0.0,0.0,4.0,0.0,1.0,0,0,0,0.0,0.0,0.0,0.0,0.0,19.0,18.0,0.0,1.0,,,,,,,0.0,0.0,0.0,0.0,0.0,0.0,0.25,0.25,0.0,0.0,0.0,0.0,0.0,0.0,1.0,0.0,0.25,0.0,0.0,0.0,0.0,0.0,0.0,0.0,0.0,4.75,4.5,0.0
003284,Eric Kolar,SSDM,Defensive Midfield,last_10,3,2026-05-30,2026-06-27,ARC|ATL|OUT,WHP,1.0,1.0,1.0,0.0,1.0,0.0,2.0,1,0.0,0.0,0.0,0.0,0.0,0.0,5.0,1.0,1.0,0,0,0,0.0,0.0,0.0,0.0,0.0,22.0,19.0,0.5,0.5,,,,,,,0.3333333333333333,0.3333333333333333,0.3333333333333333,0.0,0.3333333333333333,0.0,0.6666666666666666,0.3333333333333333,0.0,0.0,0.0,0.0,0.0,0.0,1.6666666666666667,0.3333333333333333,0.3333333333333333,0.0,0.0,0.0,0.0,0.0,0.0,0.0,0.0,7.333333333333333,6.333333333333333,0.0
003285,Jack Regnery,A,Attack,last_10,2,2026-06-19,2026-06-28,ATL|RED,CAN,4.0,3.0,3.0,0.0,3.0,1.0,14.0,7,0.0,0.0,0.0,0.0,0.0,0.0,0.0,1.0,0.0,0,0,0,0.0,0.0,0.0,0.0,3.0,35.0,20.0,0.21428571428571427,0.5,,,,,0.3333333333333333,,2.0,1.5,1.5,0.0,1.5,0.5,7.0,3.5,0.0,0.0,0.0,0.0,0.0,0.0,0.0,0.5,0.0,0.0,0.0,0.0,0.0,0.0,0.0,0.0,1.5,17.5,10.0,1.5
003286,Will Donovan,LSM,Long Stick Midfield,last_10,3,2026-06-07,2026-06-28,ATL|RED|WAT,CAN,0.0,0.0,0.0,0.0,0.0,0.0,0.0,0,0.0,0.0,0.0,0.0,0.0,0.0,7.0,0.0,3.0,0,0,0,0.0,0.0,0.0,0.0,0.0,10.0,10.0,,,,,,,,,0.0,0.0,0.0,0.0,0.0,0.0,0.0,0.0,0.0,0.0,0.0,0.0,0.0,0.0,2.3333333333333335,0.0,1.0,0.0,0.0,0.0,0.0,0.0,0.0,0.0,0.0,3.3333333333333335,3.3333333333333335,0.0
003288,Josh Yago,M,Midfield,last_10,3,2026-05-31,2026-06-28,ARC|CAN|CHA,WAT,6.0,4.0,2.0,1.0,3.0,2.0,9.0,6,1.0,0.0,0.0,0.0,0.0,0.0,1.0,1.0,0.0,0,0,0,0.0,0.0,1.0,1.0,6.0,68.0,58.0,0.3333333333333333,0.6666666666666666,,,,,0.3333333333333333,1.0,2.0,1.3333333333333333,0.6666666666666666,0.3333333333333333,1.0,0.6666666666666666,3.0,2.0,0.3333333333333333,0.0,0.0,0.0,0.0,0.0,0.3333333333333333,0.3333333333333333,0.0,0.0,0.0,0.0,0.0,0.0,0.3333333333333333,0.3333333333333333,2.0,22.666666666666668,19.333333333333332,2.0
003289,Alex Ross,D,Defense,last_10,4,2026-05-30,2026-06-21,CAN|OUT|RED|WHP,ATL,0.0,0.0,0.0,0.0,0.0,0.0,5.0,1,4.0,0.0,0.0,0.0,0.0,0.0,10.0,3.0,0.0,0,0,0,0.0,0.0,0.0,0.0,2.0,37.0,29.0,0.0,0.2,,,,,0.0,0.0,0.0,0.0,0.0,0.0,0.0,0.0,1.25,0.25,1.0,0.0,0.0,0.0,0.0,0.0,2.5,0.75,0.0,0.0,0.0,0.0,0.0,0.0,0.0,0.0,0.5,9.25,7.25,0.5
003292,Henry Bard,D,Defense,last_10,1,2026-06-28,2026-06-28,RED,CHA,0.0,0.0,0.0,0.0,0.0,0.0,0.0,0,0.0,0.0,0.0,0.0,0.0,0.0,2.0,1.0,1.0,0,0,0,0.0,0.0,0.0,0.0,0.0,8.0,7.0,,,,,,,,,0.0,0.0,0.0,0.0,0.0,0.0,0.0,0.0,0.0,0.0,0.0,0.0,0.0,0.0,2.0,1.0,1.0,0.0,0.0,0.0,0.0,0.0,0.0,0.0,0.0,8.0,7.0,0.0
003293,Hunter Drouin,A,Attack,last_10,1,2026-06-06,2026-06-06,RED,ATL,0.0,0.0,0.0,0.0,0.0,0.0,3.0,0,0.0,0.0,0.0,0.0,0.0,0.0,1.0,1.0,0.0,0,0,0,0.0,0.0,1.0,0.5,0.0,8.0,4.0,0.0,0.0,,,,,,,0.0,0.0,0.0,0.0,0.0,0.0,3.0,0.0,0.0,0.0,0.0,0.0,0.0,0.0,1.0,1.0,0.0,0.0,0.0,0.0,0.0,0.0,1.0,0.5,0.0,8.0,4.0,0.0
003296,Cullen Brown,D,Defense,last_10,4,2026-06-06,2026-06-28,ARC|ATL|CAN|CHA,RED,1.0,1.0,1.0,0.0,1.0,0.0,2.0,1,1.0,0.0,0.0,0.0,0.0,0.0,12.0,1.0,4.0,0,0,0,0.0,0.0,0.0,0.0,0.0,38.0,35.0,0.5,0.5,,,,,,0.0,0.25,0.25,0.25,0.0,0.25,0.0,0.5,0.25,0.25,0.0,0.0,0.0,0.0,0.0,3.0,0.25,1.0,0.0,0.0,0.0,0.0,0.0,0.0,0.0,0.0,9.5,8.75,0.0
003297,Michael Leo,M,Midfield,last_10,4,2026-06-06,2026-06-28,ARC|ATL|CAN|CHA,RED,4.0,3.0,3.0,0.0,3.0,1.0,14.0,9,0.0,0.0,0.0,0.0,0.0,0.0,0.0,3.0,0.0,0,0,0,0.0,0.0,0.0,0.0,2.0,52.0,35.0,0.21428571428571427,0.6428571428571429,,,,,0.5,,1.0,0.75,0.75,0.0,0.75,0.25,3.5,2.25,0.0,0.0,0.0,0.0,0.0,0.0,0.0,0.75,0.0,0.0,0.0,0.0,0.0,0.0,0.0,0.0,0.5,13.0,8.75,0.5
003300,Ty English,M,Midfield,last_10,1,2026-06-28,2026-06-28,RED,CHA,2.0,2.0,0.0,1.0,1.0,0.0,2.0,1,1.0,0.0,0.0,0.0,0.0,0.0,5.0,1.0,1.0,0,0,0,0.0,0.0,0.0,0.0,0.0,19.0,16.0,0.5,0.5,,,,,,1.0,2.0,2.0,0.0,1.0,1.0,0.0,2.0,1.0,1.0,0.0,0.0,0.0,0.0,0.0,5.0,1.0,1.0,0.0,0.0,0.0,0.0,0.0,0.0,0.0,0.0,19.0,16.0,0.0
