season,competition_type,game_id,schedule_slug,game_slug,game_number,week,game_date_utc,team_id_raw,team_name_raw,opponent_team_id_raw,opponent_team_name_raw,team_id,team_name,opponent_team_id,opponent_team_name,is_home,player_id,first_name,last_name,full_name,player_name_key,player_slug,profile_url,position,position_name,jersey_number,games_played_source,points,scoring_points,one_point_goals,two_point_goals,goals,assists,shots,shot_pct,shots_on_goal,shots_on_goal_rate,two_point_shots,saves,clean_saves,messy_saves,save_pct,clean_save_pct,scores_against_average,two_point_gaa,scores_against,saa,ground_balls,turnovers,caused_turnovers,faceoffs_won,faceoffs_lost,faceoffs,faceoff_pct,goals_against,two_point_goals_against,num_penalties,pim,fo_record,assist_opportunities,touches,total_passes,source_path,round_label
2022,post,2022_ev43,playoffs-quarterfinal-1-2022-9-3,playoffs-quarterfinal-1-2022-9-3,41,12,2022-09-03,CHA,Chaos,CHR,Chrome,CHA,Chaos,OUT,Outlaws,0,000258,Blaze,Riorden,Blaze Riorden,blaze riorden,blaze-riorden,https://img.premierlacrosseleague.com/Players/2026/blaze-riorden.webp?v=4,G,Goalie,0,1,0.0,0.0,0.0,0.0,0.0,0.0,0.0,0.0,0,,0.0,15.0,8.0,7.0,0.83333,0.5333333333333333,3.0,0.0,3.0,3.0,2.0,0.0,0.0,0,0,0,0.0,3.0,0.0,0.0,0.0,,0.0,16.0,16.0,/home/runner/work/PLL_Analytics/PLL_Analytics/data/source_data/api_responses/season_2022/game_playoffs-quarterfinal-1-2022-9-3/player_game_stats.json.gz,Quarterfinals
2022,post,2022_ev43,playoffs-quarterfinal-1-2022-9-3,playoffs-quarterfinal-1-2022-9-3,41,12,2022-09-03,CHA,Chaos,CHR,Chrome,CHA,Chaos,OUT,Outlaws,0,000727,CJ,Costabile,CJ Costabile,cj costabile,cj-costabile,https://img.premierlacrosseleague.com/Players/2026/cj-costabile.webp?v=4,LSM,Long Stick Midfield,9,1,1.0,1.0,1.0,0.0,1.0,0.0,1.0,1.0,1,1.0,0.0,0.0,0.0,0.0,0.0,0.0,0.0,0.0,0.0,0.0,0.0,0.0,1.0,1,0,1,1.0,0.0,0.0,1.0,1.0,1 - 1,0.0,2.0,1.0,/home/runner/work/PLL_Analytics/PLL_Analytics/data/source_data/api_responses/season_2022/game_playoffs-quarterfinal-1-2022-9-3/player_game_stats.json.gz,Quarterfinals
2022,post,2022_ev43,playoffs-quarterfinal-1-2022-9-3,playoffs-quarterfinal-1-2022-9-3,41,12,2022-09-03,CHA,Chaos,CHR,Chrome,CHA,Chaos,OUT,Outlaws,0,000921,Challen,Rogers,Challen Rogers,challen rogers,challen-rogers,https://img.premierlacrosseleague.com/Players/2024/challen-rogers?v=2,M,Midfield,23,1,4.0,3.0,3.0,0.0,3.0,1.0,5.0,0.6,5,1.0,0.0,0.0,0.0,0.0,0.0,0.0,0.0,0.0,0.0,0.0,3.0,1.0,0.0,0,0,0,0.0,0.0,0.0,0.0,0.0,,7.0,34.0,28.0,/home/runner/work/PLL_Analytics/PLL_Analytics/data/source_data/api_responses/season_2022/game_playoffs-quarterfinal-1-2022-9-3/player_game_stats.json.gz,Quarterfinals
2022,post,2022_ev43,playoffs-quarterfinal-1-2022-9-3,playoffs-quarterfinal-1-2022-9-3,41,12,2022-09-03,CHA,Chaos,CHR,Chrome,CHA,Chaos,OUT,Outlaws,0,001793,Chase,Fraser,Chase Fraser,chase fraser,chase-fraser,https://img.premierlacrosseleague.com/Players/2023/chase-fraser.png?v=1,A,Attack,95,1,2.0,2.0,2.0,0.0,2.0,0.0,6.0,0.3333333333333333,4,0.6666666666666666,0.0,0.0,0.0,0.0,0.0,0.0,0.0,0.0,0.0,0.0,0.0,1.0,0.0,0,0,0,0.0,0.0,0.0,0.0,0.0,,3.0,25.0,18.0,/home/runner/work/PLL_Analytics/PLL_Analytics/data/source_data/api_responses/season_2022/game_playoffs-quarterfinal-1-2022-9-3/player_game_stats.json.gz,Quarterfinals
2022,post,2022_ev43,playoffs-quarterfinal-1-2022-9-3,playoffs-quarterfinal-1-2022-9-3,41,12,2022-09-03,CHA,Chaos,CHR,Chrome,CHA,Chaos,OUT,Outlaws,0,000231,Chris,Cloutier,Chris Cloutier,chris cloutier,chris-cloutier,https://img.premierlacrosseleague.com/Players/2023/chris-cloutier.png?v=1,A,Attack,2,1,0.0,0.0,0.0,0.0,0.0,0.0,1.0,0.0,1,1.0,0.0,0.0,0.0,0.0,0.0,0.0,0.0,0.0,0.0,0.0,2.0,3.0,0.0,0,0,0,0.0,0.0,0.0,0.0,0.0,,3.0,19.0,15.0,/home/runner/work/PLL_Analytics/PLL_Analytics/data/source_data/api_responses/season_2022/game_playoffs-quarterfinal-1-2022-9-3/player_game_stats.json.gz,Quarterfinals
2022,post,2022_ev43,playoffs-quarterfinal-1-2022-9-3,playoffs-quarterfinal-1-2022-9-3,41,12,2022-09-03,CHA,Chaos,CHR,Chrome,CHA,Chaos,OUT,Outlaws,0,000266,Dhane,Smith,Dhane Smith,dhane smith,dhane-smith,https://img.premierlacrosseleague.com/Players/2023/dhane-smith.png?v=1,M,Midfield,92,1,2.0,1.0,1.0,0.0,1.0,1.0,5.0,0.2,4,0.8,0.0,0.0,0.0,0.0,0.0,0.0,0.0,0.0,0.0,0.0,0.0,4.0,0.0,0,0,0,0.0,0.0,0.0,0.0,0.0,,7.0,42.0,33.0,/home/runner/work/PLL_Analytics/PLL_Analytics/data/source_data/api_responses/season_2022/game_playoffs-quarterfinal-1-2022-9-3/player_game_stats.json.gz,Quarterfinals
2022,post,2022_ev43,playoffs-quarterfinal-1-2022-9-3,playoffs-quarterfinal-1-2022-9-3,41,12,2022-09-03,CHA,Chaos,CHR,Chrome,CHA,Chaos,OUT,Outlaws,0,000211,Ian,MacKay,Ian MacKay,ian mackay,ian-mackay,https://img.premierlacrosseleague.com/Players/2024/ian-mackay?v=2,SSDM,Defensive Midfield,55,1,0.0,0.0,0.0,0.0,0.0,0.0,1.0,0.0,0,0.0,0.0,0.0,0.0,0.0,0.0,0.0,0.0,0.0,0.0,0.0,0.0,1.0,0.0,0,0,0,0.0,0.0,0.0,0.0,0.0,,0.0,6.0,4.0,/home/runner/work/PLL_Analytics/PLL_Analytics/data/source_data/api_responses/season_2022/game_playoffs-quarterfinal-1-2022-9-3/player_game_stats.json.gz,Quarterfinals
2022,post,2022_ev43,playoffs-quarterfinal-1-2022-9-3,playoffs-quarterfinal-1-2022-9-3,41,12,2022-09-03,CHA,Chaos,CHR,Chrome,CHA,Chaos,OUT,Outlaws,0,000365,Jack,Rowlett,Jack Rowlett,jack rowlett,jack-rowlett,https://img.premierlacrosseleague.com/Players/2026/jack-rowlett.webp?v=4,D,Defense,99,1,0.0,0.0,0.0,0.0,0.0,0.0,1.0,0.0,1,1.0,1.0,0.0,0.0,0.0,0.0,0.0,0.0,0.0,0.0,0.0,1.0,0.0,1.0,0,0,0,0.0,0.0,0.0,1.0,0.5,,0.0,9.0,8.0,/home/runner/work/PLL_Analytics/PLL_Analytics/data/source_data/api_responses/season_2022/game_playoffs-quarterfinal-1-2022-9-3/player_game_stats.json.gz,Quarterfinals
2022,post,2022_ev43,playoffs-quarterfinal-1-2022-9-3,playoffs-quarterfinal-1-2022-9-3,41,12,2022-09-03,CHA,Chaos,CHR,Chrome,CHA,Chaos,OUT,Outlaws,0,000269,Jarrod,Neumann,Jarrod Neumann,jarrod neumann,jarrod-neumann,https://img.premierlacrosseleague.com/Players/2026/jarrod-neumann.webp,D,Defense,88,1,0.0,0.0,0.0,0.0,0.0,0.0,0.0,0.0,0,,0.0,0.0,0.0,0.0,0.0,0.0,0.0,0.0,0.0,0.0,1.0,0.0,1.0,0,0,0,0.0,0.0,0.0,1.0,0.5,,0.0,3.0,3.0,/home/runner/work/PLL_Analytics/PLL_Analytics/data/source_data/api_responses/season_2022/game_playoffs-quarterfinal-1-2022-9-3/player_game_stats.json.gz,Quarterfinals
2022,post,2022_ev43,playoffs-quarterfinal-1-2022-9-3,playoffs-quarterfinal-1-2022-9-3,41,12,2022-09-03,CHA,Chaos,CHR,Chrome,CHA,Chaos,OUT,Outlaws,0,000272,Josh,Byrne,Josh Byrne,josh byrne,josh-byrne,https://img.premierlacrosseleague.com/Players/2024/josh-byrne?v=2,A,Attack,22,1,6.0,3.0,3.0,0.0,3.0,3.0,8.0,0.375,6,0.75,0.0,0.0,0.0,0.0,0.0,0.0,0.0,0.0,0.0,0.0,0.0,2.0,0.0,0,0,0,0.0,0.0,0.0,0.0,0.0,,5.0,32.0,22.0,/home/runner/work/PLL_Analytics/PLL_Analytics/data/source_data/api_responses/season_2022/game_playoffs-quarterfinal-1-2022-9-3/player_game_stats.json.gz,Quarterfinals
2022,post,2022_ev43,playoffs-quarterfinal-1-2022-9-3,playoffs-quarterfinal-1-2022-9-3,41,12,2022-09-03,CHA,Chaos,CHR,Chrome,CHA,Chaos,OUT,Outlaws,0,000978,Kyle,Jackson,Kyle Jackson,kyle jackson,kyle-jackson,https://img.premierlacrosseleague.com/Players/2026/kyle-jackson.webp,M,Midfield,47,1,0.0,0.0,0.0,0.0,0.0,0.0,2.0,0.0,1,0.5,0.0,0.0,0.0,0.0,0.0,0.0,0.0,0.0,0.0,0.0,2.0,0.0,0.0,0,0,0,0.0,0.0,0.0,0.0,0.0,,0.0,8.0,6.0,/home/runner/work/PLL_Analytics/PLL_Analytics/data/source_data/api_responses/season_2022/game_playoffs-quarterfinal-1-2022-9-3/player_game_stats.json.gz,Quarterfinals
2022,post,2022_ev43,playoffs-quarterfinal-1-2022-9-3,playoffs-quarterfinal-1-2022-9-3,41,12,2022-09-03,CHA,Chaos,CHR,Chrome,CHA,Chaos,OUT,Outlaws,0,001814,Mac,O'Keefe,Mac O'Keefe,mac okeefe,mac-o-keefe,https://img.premierlacrosseleague.com/Players/2026/mac-okeefe.webp?v=11,M,Midfield,3,1,1.0,1.0,1.0,0.0,1.0,0.0,7.0,0.14285714285714285,3,0.42857142857142855,2.0,0.0,0.0,0.0,0.0,0.0,0.0,0.0,0.0,0.0,0.0,0.0,0.0,0,0,0,0.0,0.0,0.0,0.0,0.0,,0.0,20.0,13.0,/home/runner/work/PLL_Analytics/PLL_Analytics/data/source_data/api_responses/season_2022/game_playoffs-quarterfinal-1-2022-9-3/player_game_stats.json.gz,Quarterfinals
2022,post,2022_ev43,playoffs-quarterfinal-1-2022-9-3,playoffs-quarterfinal-1-2022-9-3,41,12,2022-09-03,CHA,Chaos,CHR,Chrome,CHA,Chaos,OUT,Outlaws,0,000275,Mark,Glicini,Mark Glicini,mark glicini,mark-glicini,https://img.premierlacrosseleague.com/Players/2026/mark-glicini.webp,SSDM,Defensive Midfield,16,1,0.0,0.0,0.0,0.0,0.0,0.0,0.0,0.0,0,,0.0,0.0,0.0,0.0,0.0,0.0,0.0,0.0,0.0,0.0,1.0,0.0,0.0,0,0,0,0.0,0.0,0.0,1.0,0.5,,0.0,5.0,5.0,/home/runner/work/PLL_Analytics/PLL_Analytics/data/source_data/api_responses/season_2022/game_playoffs-quarterfinal-1-2022-9-3/player_game_stats.json.gz,Quarterfinals
2022,post,2022_ev43,playoffs-quarterfinal-1-2022-9-3,playoffs-quarterfinal-1-2022-9-3,41,12,2022-09-03,CHA,Chaos,CHR,Chrome,CHA,Chaos,OUT,Outlaws,0,000276,Matt,Rees,Matt Rees,matt rees,matt-rees,https://img.premierlacrosseleague.com/Players/2023/matt-rees.png?v=1,D,Defense,44,1,0.0,0.0,0.0,0.0,0.0,0.0,0.0,0.0,0,,0.0,0.0,0.0,0.0,0.0,0.0,0.0,0.0,0.0,0.0,1.0,0.0,1.0,0,0,0,0.0,0.0,0.0,0.0,0.0,,0.0,4.0,4.0,/home/runner/work/PLL_Analytics/PLL_Analytics/data/source_data/api_responses/season_2022/game_playoffs-quarterfinal-1-2022-9-3/player_game_stats.json.gz,Quarterfinals
2022,post,2022_ev43,playoffs-quarterfinal-1-2022-9-3,playoffs-quarterfinal-1-2022-9-3,41,12,2022-09-03,CHA,Chaos,CHR,Chrome,CHA,Chaos,OUT,Outlaws,0,001402,Max,Adler,Max Adler,max adler,max-adler,https://img.premierlacrosseleague.com/Players/2023/max-adler.png?v=1,FO,Faceoff,6,1,0.0,0.0,0.0,0.0,0.0,0.0,0.0,0.0,0,,0.0,0.0,0.0,0.0,0.0,0.0,0.0,0.0,0.0,0.0,6.0,0.0,0.0,10,7,17,0.5882352941176471,0.0,0.0,0.0,0.0,10 - 17,0.0,4.0,4.0,/home/runner/work/PLL_Analytics/PLL_Analytics/data/source_data/api_responses/season_2022/game_playoffs-quarterfinal-1-2022-9-3/player_game_stats.json.gz,Quarterfinals
2022,post,2022_ev43,playoffs-quarterfinal-1-2022-9-3,playoffs-quarterfinal-1-2022-9-3,41,12,2022-09-03,CHA,Chaos,CHR,Chrome,CHA,Chaos,OUT,Outlaws,0,000279,Patrick,Resch,Patrick Resch,patrick resch,patrick-resch,https://img.premierlacrosseleague.com/Players/2025/patrick-resch.png?v=3,SSDM,Defensive Midfield,34,1,0.0,0.0,0.0,0.0,0.0,0.0,0.0,0.0,0,,0.0,0.0,0.0,0.0,0.0,0.0,0.0,0.0,0.0,0.0,1.0,0.0,0.0,0,0,0,0.0,0.0,0.0,0.0,0.0,,1.0,9.0,9.0,/home/runner/work/PLL_Analytics/PLL_Analytics/data/source_data/api_responses/season_2022/game_playoffs-quarterfinal-1-2022-9-3/player_game_stats.json.gz,Quarterfinals
2022,post,2022_ev43,playoffs-quarterfinal-1-2022-9-3,playoffs-quarterfinal-1-2022-9-3,41,12,2022-09-03,CHA,Chaos,CHR,Chrome,CHA,Chaos,OUT,Outlaws,0,001838,Ryan,Smith,Ryan Smith,ryan smith,ryan-smith,https://img.premierlacrosseleague.com/Players/2023/ryan-smith.png?v=1,M,Midfield,43,1,2.0,0.0,0.0,0.0,0.0,2.0,0.0,0.0,0,,0.0,0.0,0.0,0.0,0.0,0.0,0.0,0.0,0.0,0.0,0.0,1.0,0.0,0,0,0,0.0,0.0,0.0,0.0,0.0,,4.0,16.0,15.0,/home/runner/work/PLL_Analytics/PLL_Analytics/data/source_data/api_responses/season_2022/game_playoffs-quarterfinal-1-2022-9-3/player_game_stats.json.gz,Quarterfinals
2022,post,2022_ev43,playoffs-quarterfinal-1-2022-9-3,playoffs-quarterfinal-1-2022-9-3,41,12,2022-09-03,CHA,Chaos,CHR,Chrome,CHA,Chaos,OUT,Outlaws,0,000281,Troy,Reh,Troy Reh,troy reh,troy-reh,https://img.premierlacrosseleague.com/Players/2026/troy-reh.webp?v=4,LSM,Long Stick Midfield,10,1,0.0,0.0,0.0,0.0,0.0,0.0,1.0,0.0,1,1.0,0.0,0.0,0.0,0.0,0.0,0.0,0.0,0.0,0.0,0.0,3.0,0.0,1.0,0,0,0,0.0,0.0,0.0,0.0,0.0,,0.0,6.0,5.0,/home/runner/work/PLL_Analytics/PLL_Analytics/data/source_data/api_responses/season_2022/game_playoffs-quarterfinal-1-2022-9-3/player_game_stats.json.gz,Quarterfinals
2022,post,2022_ev43,playoffs-quarterfinal-1-2022-9-3,playoffs-quarterfinal-1-2022-9-3,41,12,2022-09-03,CHR,Chrome,CHA,Chaos,OUT,Outlaws,CHA,Chaos,1,002023,Brendan,Nichtern,Brendan Nichtern,brendan nichtern,brendan-nichtern,https://img.premierlacrosseleague.com/Players/2026/brendan-nichtern.webp,A,Attack,20,1,2.0,0.0,0.0,0.0,0.0,2.0,3.0,0.0,1,0.3333333333333333,1.0,0.0,0.0,0.0,0.0,0.0,0.0,0.0,0.0,0.0,1.0,2.0,0.0,0,0,0,0.0,0.0,0.0,0.0,0.0,,11.0,50.0,45.0,/home/runner/work/PLL_Analytics/PLL_Analytics/data/source_data/api_responses/season_2022/game_playoffs-quarterfinal-1-2022-9-3/player_game_stats.json.gz,Quarterfinals
2022,post,2022_ev43,playoffs-quarterfinal-1-2022-9-3,playoffs-quarterfinal-1-2022-9-3,41,12,2022-09-03,CHR,Chrome,CHA,Chaos,OUT,Outlaws,CHA,Chaos,1,001843,Cole,Williams,Cole Williams,cole williams,cole-williams,https://img.premierlacrosseleague.com/Players/2026/cole-williams.webp,M,Midfield,14,1,0.0,0.0,0.0,0.0,0.0,0.0,0.0,0.0,0,,0.0,0.0,0.0,0.0,0.0,0.0,0.0,0.0,0.0,0.0,0.0,1.0,0.0,0,0,0,0.0,0.0,0.0,0.0,0.0,,2.0,15.0,14.0,/home/runner/work/PLL_Analytics/PLL_Analytics/data/source_data/api_responses/season_2022/game_playoffs-quarterfinal-1-2022-9-3/player_game_stats.json.gz,Quarterfinals
2022,post,2022_ev43,playoffs-quarterfinal-1-2022-9-3,playoffs-quarterfinal-1-2022-9-3,41,12,2022-09-03,CHR,Chrome,CHA,Chaos,OUT,Outlaws,CHA,Chaos,1,001009,Colin,Heacock,Colin Heacock,colin heacock,colin-heacock,https://img.premierlacrosseleague.com/Players/2026/colin-heacock.webp,M,Midfield,2,1,0.0,0.0,0.0,0.0,0.0,0.0,1.0,0.0,1,1.0,0.0,0.0,0.0,0.0,0.0,0.0,0.0,0.0,0.0,0.0,4.0,1.0,0.0,0,0,0,0.0,0.0,0.0,0.0,0.0,,1.0,22.0,20.0,/home/runner/work/PLL_Analytics/PLL_Analytics/data/source_data/api_responses/season_2022/game_playoffs-quarterfinal-1-2022-9-3/player_game_stats.json.gz,Quarterfinals
2022,post,2022_ev43,playoffs-quarterfinal-1-2022-9-3,playoffs-quarterfinal-1-2022-9-3,41,12,2022-09-03,CHR,Chrome,CHA,Chaos,OUT,Outlaws,CHA,Chaos,1,000366,Connor,Farrell,Connor Farrell,connor farrell,connor-farrell,https://img.premierlacrosseleague.com/Players/2026/connor-farrell.webp?v=3,FO,Faceoff,25,1,0.0,0.0,0.0,0.0,0.0,0.0,0.0,0.0,0,,0.0,0.0,0.0,0.0,0.0,0.0,0.0,0.0,0.0,0.0,6.0,0.0,0.0,7,10,17,0.4117647058823529,0.0,0.0,0.0,0.0,7 - 17,0.0,2.0,2.0,/home/runner/work/PLL_Analytics/PLL_Analytics/data/source_data/api_responses/season_2022/game_playoffs-quarterfinal-1-2022-9-3/player_game_stats.json.gz,Quarterfinals
2022,post,2022_ev43,playoffs-quarterfinal-1-2022-9-3,playoffs-quarterfinal-1-2022-9-3,41,12,2022-09-03,CHR,Chrome,CHA,Chaos,OUT,Outlaws,CHA,Chaos,1,001001,Dylan,Molloy,Dylan Molloy,dylan molloy,dylan-molloy,https://img.premierlacrosseleague.com/Players/2026/dylan-molloy.webp,A,Attack,17,1,0.0,0.0,0.0,0.0,0.0,0.0,6.0,0.0,3,0.5,0.0,0.0,0.0,0.0,0.0,0.0,0.0,0.0,0.0,0.0,1.0,2.0,0.0,0,0,0,0.0,0.0,0.0,0.0,0.0,,3.0,35.0,27.0,/home/runner/work/PLL_Analytics/PLL_Analytics/data/source_data/api_responses/season_2022/game_playoffs-quarterfinal-1-2022-9-3/player_game_stats.json.gz,Quarterfinals
2022,post,2022_ev43,playoffs-quarterfinal-1-2022-9-3,playoffs-quarterfinal-1-2022-9-3,41,12,2022-09-03,CHR,Chrome,CHA,Chaos,OUT,Outlaws,CHA,Chaos,1,000422,Eli,Salama,Eli Salama,eli salama,eli-salama,https://img.premierlacrosseleague.com/Players/2023/eli-salama.png?v=1,LSM,Long Stick Midfield,3,1,0.0,0.0,0.0,0.0,0.0,0.0,0.0,0.0,0,,0.0,0.0,0.0,0.0,0.0,0.0,0.0,0.0,0.0,0.0,0.0,1.0,0.0,0,0,0,0.0,0.0,0.0,0.0,0.0,,0.0,3.0,2.0,/home/runner/work/PLL_Analytics/PLL_Analytics/data/source_data/api_responses/season_2022/game_playoffs-quarterfinal-1-2022-9-3/player_game_stats.json.gz,Quarterfinals
2022,post,2022_ev43,playoffs-quarterfinal-1-2022-9-3,playoffs-quarterfinal-1-2022-9-3,41,12,2022-09-03,CHR,Chrome,CHA,Chaos,OUT,Outlaws,CHA,Chaos,1,001811,JT,Giles-Harris,JT Giles-Harris,jt gilesharris,jt-giles-harris,https://img.premierlacrosseleague.com/Players/2026/jt-giles-harris.webp?v=5,D,Defense,1,1,0.0,0.0,0.0,0.0,0.0,0.0,1.0,0.0,0,0.0,0.0,0.0,0.0,0.0,0.0,0.0,0.0,0.0,0.0,0.0,0.0,1.0,0.0,0,0,0,0.0,0.0,0.0,0.0,0.0,,0.0,7.0,5.0,/home/runner/work/PLL_Analytics/PLL_Analytics/data/source_data/api_responses/season_2022/game_playoffs-quarterfinal-1-2022-9-3/player_game_stats.json.gz,Quarterfinals
2022,post,2022_ev43,playoffs-quarterfinal-1-2022-9-3,playoffs-quarterfinal-1-2022-9-3,41,12,2022-09-03,CHR,Chrome,CHA,Chaos,OUT,Outlaws,CHA,Chaos,1,001836,Jackson,Morrill,Jackson Morrill,jackson morrill,jackson-morrill,https://img.premierlacrosseleague.com/Players/2025/jackson-morrill.png?v=6,M,Midfield,4,1,0.0,0.0,0.0,0.0,0.0,0.0,1.0,0.0,0,0.0,0.0,0.0,0.0,0.0,0.0,0.0,0.0,0.0,0.0,0.0,0.0,0.0,0.0,0,0,0,0.0,0.0,0.0,1.0,0.5,,1.0,6.0,5.0,/home/runner/work/PLL_Analytics/PLL_Analytics/data/source_data/api_responses/season_2022/game_playoffs-quarterfinal-1-2022-9-3/player_game_stats.json.gz,Quarterfinals
2022,post,2022_ev43,playoffs-quarterfinal-1-2022-9-3,playoffs-quarterfinal-1-2022-9-3,41,12,2022-09-03,CHR,Chrome,CHA,Chaos,OUT,Outlaws,CHA,Chaos,1,000405,Jesse,Bernhardt,Jesse Bernhardt,jesse bernhardt,jesse-bernhardt,https://img.premierlacrosseleague.com/Players/2024/jesse-bernhardt?v=2,D,Defense,36,1,0.0,0.0,0.0,0.0,0.0,0.0,0.0,0.0,0,,0.0,0.0,0.0,0.0,0.0,0.0,0.0,0.0,0.0,0.0,1.0,0.0,0.0,0,0,0,0.0,0.0,0.0,0.0,0.0,,1.0,9.0,9.0,/home/runner/work/PLL_Analytics/PLL_Analytics/data/source_data/api_responses/season_2022/game_playoffs-quarterfinal-1-2022-9-3/player_game_stats.json.gz,Quarterfinals
2022,post,2022_ev43,playoffs-quarterfinal-1-2022-9-3,playoffs-quarterfinal-1-2022-9-3,41,12,2022-09-03,CHR,Chrome,CHA,Chaos,OUT,Outlaws,CHA,Chaos,1,000295,Jordan,MacIntosh,Jordan MacIntosh,jordan macintosh,jordan-macintosh,https://img.premierlacrosseleague.com/Players/2023/jordan-macintosh.png?v=1,M,Midfield,29,1,0.0,0.0,0.0,0.0,0.0,0.0,2.0,0.0,1,0.5,0.0,0.0,0.0,0.0,0.0,0.0,0.0,0.0,0.0,0.0,0.0,1.0,0.0,0,0,0,0.0,0.0,0.0,0.0,0.0,,2.0,12.0,9.0,/home/runner/work/PLL_Analytics/PLL_Analytics/data/source_data/api_responses/season_2022/game_playoffs-quarterfinal-1-2022-9-3/player_game_stats.json.gz,Quarterfinals
2022,post,2022_ev43,playoffs-quarterfinal-1-2022-9-3,playoffs-quarterfinal-1-2022-9-3,41,12,2022-09-03,CHR,Chrome,CHA,Chaos,OUT,Outlaws,CHA,Chaos,1,001828,Justin,Anderson,Justin Anderson,justin anderson,justin-anderson,https://img.premierlacrosseleague.com/Players/2026/justin-anderson.webp,M,Midfield,21,1,1.0,1.0,1.0,0.0,1.0,0.0,8.0,0.125,4,0.5,3.0,0.0,0.0,0.0,0.0,0.0,0.0,0.0,0.0,0.0,1.0,1.0,0.0,0,0,0,0.0,0.0,0.0,0.0,0.0,,1.0,30.0,21.0,/home/runner/work/PLL_Analytics/PLL_Analytics/data/source_data/api_responses/season_2022/game_playoffs-quarterfinal-1-2022-9-3/player_game_stats.json.gz,Quarterfinals
2022,post,2022_ev43,playoffs-quarterfinal-1-2022-9-3,playoffs-quarterfinal-1-2022-9-3,41,12,2022-09-03,CHR,Chrome,CHA,Chaos,OUT,Outlaws,CHA,Chaos,1,002015,Logan,Wisnauskas,Logan Wisnauskas,logan wisnauskas,logan-wisnauskas,https://img.premierlacrosseleague.com/Players/2026/logan-wisnauskas.webp?v=4,A,Attack,12,1,2.0,2.0,2.0,0.0,2.0,0.0,10.0,0.2,8,0.8,1.0,0.0,0.0,0.0,0.0,0.0,0.0,0.0,0.0,0.0,0.0,1.0,0.0,0,0,0,0.0,0.0,0.0,0.0,0.0,,3.0,45.0,34.0,/home/runner/work/PLL_Analytics/PLL_Analytics/data/source_data/api_responses/season_2022/game_playoffs-quarterfinal-1-2022-9-3/player_game_stats.json.gz,Quarterfinals
2022,post,2022_ev43,playoffs-quarterfinal-1-2022-9-3,playoffs-quarterfinal-1-2022-9-3,41,12,2022-09-03,CHR,Chrome,CHA,Chaos,OUT,Outlaws,CHA,Chaos,1,000302,Michael,Manley,Michael Manley,michael manley,michael-manley,https://img.premierlacrosseleague.com/Players/2026/michael-manley.webp?v=3,D,Defense,5,1,0.0,0.0,0.0,0.0,0.0,0.0,2.0,0.0,1,0.5,1.0,0.0,0.0,0.0,0.0,0.0,0.0,0.0,0.0,0.0,1.0,0.0,0.0,0,0,0,0.0,0.0,0.0,0.0,0.0,,1.0,11.0,9.0,/home/runner/work/PLL_Analytics/PLL_Analytics/data/source_data/api_responses/season_2022/game_playoffs-quarterfinal-1-2022-9-3/player_game_stats.json.gz,Quarterfinals
2022,post,2022_ev43,playoffs-quarterfinal-1-2022-9-3,playoffs-quarterfinal-1-2022-9-3,41,12,2022-09-03,CHR,Chrome,CHA,Chaos,OUT,Outlaws,CHA,Chaos,1,001020,Mike,Messenger,Mike Messenger,mike messenger,mike-messenger,https://img.premierlacrosseleague.com/Players/2024/mike-messenger?v=2,SSDM,Defensive Midfield,0,1,0.0,0.0,0.0,0.0,0.0,0.0,0.0,0.0,0,,0.0,0.0,0.0,0.0,0.0,0.0,0.0,0.0,0.0,0.0,0.0,0.0,1.0,0,1,1,0.0,0.0,0.0,0.0,0.0,0 - 1,1.0,4.0,4.0,/home/runner/work/PLL_Analytics/PLL_Analytics/data/source_data/api_responses/season_2022/game_playoffs-quarterfinal-1-2022-9-3/player_game_stats.json.gz,Quarterfinals
2022,post,2022_ev43,playoffs-quarterfinal-1-2022-9-3,playoffs-quarterfinal-1-2022-9-3,41,12,2022-09-03,CHR,Chrome,CHA,Chaos,OUT,Outlaws,CHA,Chaos,1,001839,Nick,Grill,Nick Grill,nick grill,nick-grill,https://img.premierlacrosseleague.com/Players/2026/nick-grill.webp,LSM,Long Stick Midfield,8,1,0.0,0.0,0.0,0.0,0.0,0.0,0.0,0.0,0,,0.0,0.0,0.0,0.0,0.0,0.0,0.0,0.0,0.0,0.0,2.0,0.0,1.0,0,0,0,0.0,0.0,0.0,0.0,0.0,,0.0,3.0,3.0,/home/runner/work/PLL_Analytics/PLL_Analytics/data/source_data/api_responses/season_2022/game_playoffs-quarterfinal-1-2022-9-3/player_game_stats.json.gz,Quarterfinals
2022,post,2022_ev43,playoffs-quarterfinal-1-2022-9-3,playoffs-quarterfinal-1-2022-9-3,41,12,2022-09-03,CHR,Chrome,CHA,Chaos,OUT,Outlaws,CHA,Chaos,1,001820,Ryan,Terefenko,Ryan Terefenko,ryan terefenko,ryan-terefenko,https://img.premierlacrosseleague.com/Players/2026/ryan-terefenko.webp?v=4,SSDM,Defensive Midfield,34,1,0.0,0.0,0.0,0.0,0.0,0.0,1.0,0.0,0,0.0,0.0,0.0,0.0,0.0,0.0,0.0,0.0,0.0,0.0,0.0,2.0,0.0,0.0,0,0,0,0.0,0.0,0.0,0.0,0.0,,0.0,7.0,6.0,/home/runner/work/PLL_Analytics/PLL_Analytics/data/source_data/api_responses/season_2022/game_playoffs-quarterfinal-1-2022-9-3/player_game_stats.json.gz,Quarterfinals
2022,post,2022_ev43,playoffs-quarterfinal-1-2022-9-3,playoffs-quarterfinal-1-2022-9-3,41,12,2022-09-03,CHR,Chrome,CHA,Chaos,OUT,Outlaws,CHA,Chaos,1,001724,Sean,Sconone,Sean Sconone,sean sconone,sean-sconone,https://img.premierlacrosseleague.com/Players/2024/sean-sconone?v=2,G,Goalie,50,1,0.0,0.0,0.0,0.0,0.0,0.0,0.0,0.0,0,,0.0,15.0,4.0,11.0,0.57692,0.26666666666666666,11.0,0.0,11.0,11.0,0.0,0.0,0.0,0,0,0,0.0,11.0,0.0,0.0,0.0,,4.0,13.0,13.0,/home/runner/work/PLL_Analytics/PLL_Analytics/data/source_data/api_responses/season_2022/game_playoffs-quarterfinal-1-2022-9-3/player_game_stats.json.gz,Quarterfinals
2022,post,2022_ev43,playoffs-quarterfinal-1-2022-9-3,playoffs-quarterfinal-1-2022-9-3,41,12,2022-09-03,CHR,Chrome,CHA,Chaos,OUT,Outlaws,CHA,Chaos,1,000308,Will,Haus,Will Haus,will haus,will-haus,https://img.premierlacrosseleague.com/Players/2024/will-haus?v=2,SSDM,Defensive Midfield,6,1,0.0,0.0,0.0,0.0,0.0,0.0,0.0,0.0,0,,0.0,0.0,0.0,0.0,0.0,0.0,0.0,0.0,0.0,0.0,2.0,0.0,1.0,0,0,0,0.0,0.0,0.0,0.0,0.0,,2.0,11.0,11.0,/home/runner/work/PLL_Analytics/PLL_Analytics/data/source_data/api_responses/season_2022/game_playoffs-quarterfinal-1-2022-9-3/player_game_stats.json.gz,Quarterfinals
2022,post,2022_ev44,playoffs-quarterfinal-2-2022-9-3,playoffs-quarterfinal-2-2022-9-3,42,12,2022-09-03,ARC,Archers,RED,Redwoods,ARC,Archers,RED,Redwoods,1,000201,Adam,Ghitelman,Adam Ghitelman,adam ghitelman,adam-ghitelman,https://img.premierlacrosseleague.com/Players/2025/adam-ghitelman.png?v=4,G,Goalie,8,1,0.0,0.0,0.0,0.0,0.0,0.0,0.0,0.0,0,,0.0,13.0,6.0,7.0,0.61905,0.46153846153846156,7.99722,0.0,8.0,7.997223186393613,3.0,0.0,0.0,0,0,0,0.0,8.0,0.0,0.0,0.0,,0.0,14.0,14.0,/home/runner/work/PLL_Analytics/PLL_Analytics/data/source_data/api_responses/season_2022/game_playoffs-quarterfinal-2-2022-9-3/player_game_stats.json.gz,Quarterfinals
2022,post,2022_ev44,playoffs-quarterfinal-2-2022-9-3,playoffs-quarterfinal-2-2022-9-3,42,12,2022-09-03,ARC,Archers,RED,Redwoods,ARC,Archers,RED,Redwoods,1,000262,Connor,Fields,Connor Fields,connor fields,connor-fields,https://img.premierlacrosseleague.com/Players/2026/connor-fields.webp?v=4,M,Midfield,5,1,5.0,2.0,2.0,0.0,2.0,3.0,7.0,0.2857142857142857,4,0.5714285714285714,1.0,0.0,0.0,0.0,0.0,0.0,0.0,0.0,0.0,0.0,3.0,2.0,0.0,0,0,0,0.0,0.0,0.0,0.0,0.0,,4.0,45.0,36.0,/home/runner/work/PLL_Analytics/PLL_Analytics/data/source_data/api_responses/season_2022/game_playoffs-quarterfinal-2-2022-9-3/player_game_stats.json.gz,Quarterfinals
2022,post,2022_ev44,playoffs-quarterfinal-2-2022-9-3,playoffs-quarterfinal-2-2022-9-3,42,12,2022-09-03,ARC,Archers,RED,Redwoods,ARC,Archers,RED,Redwoods,1,000207,Dominique,Alexander,Dominique Alexander,dominique alexander,dominique-alexander,https://premierlacrosseleague.com/wp-content/uploads/2021/06/Archers_Dominique_Alexander.jpg?v=1,SSDM,Defensive Midfield,23,1,0.0,0.0,0.0,0.0,0.0,0.0,0.0,0.0,0,,0.0,0.0,0.0,0.0,0.0,0.0,0.0,0.0,0.0,0.0,3.0,1.0,0.0,0,0,0,0.0,0.0,0.0,0.0,0.0,,1.0,10.0,9.0,/home/runner/work/PLL_Analytics/PLL_Analytics/data/source_data/api_responses/season_2022/game_playoffs-quarterfinal-2-2022-9-3/player_game_stats.json.gz,Quarterfinals
2022,post,2022_ev44,playoffs-quarterfinal-2-2022-9-3,playoffs-quarterfinal-2-2022-9-3,42,12,2022-09-03,ARC,Archers,RED,Redwoods,ARC,Archers,RED,Redwoods,1,000922,Graeme,Hossack,Graeme Hossack,graeme hossack,graeme-hossack,https://img.premierlacrosseleague.com/Players/2025/graeme-hossack.png?v=3,D,Defense,81,1,0.0,0.0,0.0,0.0,0.0,0.0,0.0,0.0,0,,0.0,0.0,0.0,0.0,0.0,0.0,0.0,0.0,0.0,0.0,3.0,1.0,2.0,2,0,2,1.0,0.0,0.0,0.0,0.0,2 - 2,1.0,9.0,8.0,/home/runner/work/PLL_Analytics/PLL_Analytics/data/source_data/api_responses/season_2022/game_playoffs-quarterfinal-2-2022-9-3/player_game_stats.json.gz,Quarterfinals
2022,post,2022_ev44,playoffs-quarterfinal-2-2022-9-3,playoffs-quarterfinal-2-2022-9-3,42,12,2022-09-03,ARC,Archers,RED,Redwoods,ARC,Archers,RED,Redwoods,1,000391,Grant,Ament,Grant Ament,grant ament,grant-ament,https://img.premierlacrosseleague.com/Players/2026/grant-ament.webp,A,Attack,16,1,2.0,1.0,1.0,0.0,1.0,1.0,3.0,0.3333333333333333,3,1.0,0.0,0.0,0.0,0.0,0.0,0.0,0.0,0.0,0.0,0.0,0.0,1.0,0.0,0,0,0,0.0,0.0,0.0,0.0,0.0,,6.0,31.0,27.0,/home/runner/work/PLL_Analytics/PLL_Analytics/data/source_data/api_responses/season_2022/game_playoffs-quarterfinal-2-2022-9-3/player_game_stats.json.gz,Quarterfinals
2022,post,2022_ev44,playoffs-quarterfinal-2-2022-9-3,playoffs-quarterfinal-2-2022-9-3,42,12,2022-09-03,ARC,Archers,RED,Redwoods,ARC,Archers,RED,Redwoods,1,001813,Jared,Conners,Jared Conners,jared conners,jared-conners,https://img.premierlacrosseleague.com/Players/2026/jared-conners.webp?v=6,LSM,Long Stick Midfield,28,1,0.0,0.0,0.0,0.0,0.0,0.0,0.0,0.0,0,,0.0,0.0,0.0,0.0,0.0,0.0,0.0,0.0,0.0,0.0,5.0,0.0,0.0,0,0,0,0.0,0.0,0.0,1.0,1.0,,0.0,7.0,7.0,/home/runner/work/PLL_Analytics/PLL_Analytics/data/source_data/api_responses/season_2022/game_playoffs-quarterfinal-2-2022-9-3/player_game_stats.json.gz,Quarterfinals
2022,post,2022_ev44,playoffs-quarterfinal-2-2022-9-3,playoffs-quarterfinal-2-2022-9-3,42,12,2022-09-03,ARC,Archers,RED,Redwoods,ARC,Archers,RED,Redwoods,1,002042,Jon,Robbins,Jon Robbins,jon robbins,jon-robbins,https://img.premierlacrosseleague.com/Players/2026/jon-robbins.webp,LSM,Long Stick Midfield,41,1,0.0,0.0,0.0,0.0,0.0,0.0,0.0,0.0,0,,0.0,0.0,0.0,0.0,0.0,0.0,0.0,0.0,0.0,0.0,0.0,0.0,1.0,0,0,0,0.0,0.0,0.0,1.0,1.0,,0.0,0.0,0.0,/home/runner/work/PLL_Analytics/PLL_Analytics/data/source_data/api_responses/season_2022/game_playoffs-quarterfinal-2-2022-9-3/player_game_stats.json.gz,Quarterfinals
2022,post,2022_ev44,playoffs-quarterfinal-2-2022-9-3,playoffs-quarterfinal-2-2022-9-3,42,12,2022-09-03,ARC,Archers,RED,Redwoods,ARC,Archers,RED,Redwoods,1,002032,Justin,Inacio,Justin Inacio,justin inacio,justin-inacio,https://img.premierlacrosseleague.com/Players/2026/justin-inacio.webp,FO,Faceoff,30,1,0.0,0.0,0.0,0.0,0.0,0.0,0.0,0.0,0,,0.0,0.0,0.0,0.0,0.0,0.0,0.0,0.0,0.0,0.0,3.0,1.0,0.0,8,15,23,0.34782608695652173,0.0,0.0,0.0,0.0,8 - 23,0.0,3.0,2.0,/home/runner/work/PLL_Analytics/PLL_Analytics/data/source_data/api_responses/season_2022/game_playoffs-quarterfinal-2-2022-9-3/player_game_stats.json.gz,Quarterfinals
2022,post,2022_ev44,playoffs-quarterfinal-2-2022-9-3,playoffs-quarterfinal-2-2022-9-3,42,12,2022-09-03,ARC,Archers,RED,Redwoods,ARC,Archers,RED,Redwoods,1,001796,Latrell,Harris,Latrell Harris,latrell harris,latrell-harris,https://img.premierlacrosseleague.com/Players/2023/latrell-harris.png?v=1,SSDM,Defensive Midfield,22,1,1.0,0.0,0.0,0.0,0.0,1.0,0.0,0.0,0,,0.0,0.0,0.0,0.0,0.0,0.0,0.0,0.0,0.0,0.0,3.0,0.0,4.0,0,0,0,0.0,0.0,0.0,0.0,0.0,,1.0,3.0,3.0,/home/runner/work/PLL_Analytics/PLL_Analytics/data/source_data/api_responses/season_2022/game_playoffs-quarterfinal-2-2022-9-3/player_game_stats.json.gz,Quarterfinals
2022,post,2022_ev44,playoffs-quarterfinal-2-2022-9-3,playoffs-quarterfinal-2-2022-9-3,42,12,2022-09-03,ARC,Archers,RED,Redwoods,ARC,Archers,RED,Redwoods,1,000216,Marcus,Holman,Marcus Holman,marcus holman,marcus-holman,https://img.premierlacrosseleague.com/Players/2026/marcus-holman.webp,A,Attack,1,1,3.0,3.0,3.0,0.0,3.0,0.0,6.0,0.5,4,0.6666666666666666,1.0,0.0,0.0,0.0,0.0,0.0,0.0,0.0,0.0,0.0,1.0,2.0,1.0,0,0,0,0.0,0.0,0.0,0.0,0.0,,0.0,32.0,24.0,/home/runner/work/PLL_Analytics/PLL_Analytics/data/source_data/api_responses/season_2022/game_playoffs-quarterfinal-2-2022-9-3/player_game_stats.json.gz,Quarterfinals
2022,post,2022_ev44,playoffs-quarterfinal-2-2022-9-3,playoffs-quarterfinal-2-2022-9-3,42,12,2022-09-03,ARC,Archers,RED,Redwoods,ARC,Archers,RED,Redwoods,1,000217,Mark,McNeill,Mark McNeill,mark mcneill,mark-mcneill,https://img.premierlacrosseleague.com/Players/2023/mark-mcneill.png?v=1,SSDM,Defensive Midfield,21,1,0.0,0.0,0.0,0.0,0.0,0.0,0.0,0.0,0,,0.0,0.0,0.0,0.0,0.0,0.0,0.0,0.0,0.0,0.0,0.0,0.0,0.0,0,0,0,0.0,0.0,0.0,0.0,0.0,,0.0,1.0,1.0,/home/runner/work/PLL_Analytics/PLL_Analytics/data/source_data/api_responses/season_2022/game_playoffs-quarterfinal-2-2022-9-3/player_game_stats.json.gz,Quarterfinals
2022,post,2022_ev44,playoffs-quarterfinal-2-2022-9-3,playoffs-quarterfinal-2-2022-9-3,42,12,2022-09-03,ARC,Archers,RED,Redwoods,ARC,Archers,RED,Redwoods,1,000218,Matt,McMahon,Matt McMahon,matt mcmahon,matt-mcmahon,https://img.premierlacrosseleague.com/Players/2023/matt-mcmahon.png?v=1,D,Defense,77,1,0.0,0.0,0.0,0.0,0.0,0.0,0.0,0.0,0,,0.0,0.0,0.0,0.0,0.0,0.0,0.0,0.0,0.0,0.0,1.0,0.0,0.0,0,0,0,0.0,0.0,0.0,0.0,0.0,,0.0,1.0,1.0,/home/runner/work/PLL_Analytics/PLL_Analytics/data/source_data/api_responses/season_2022/game_playoffs-quarterfinal-2-2022-9-3/player_game_stats.json.gz,Quarterfinals
2022,post,2022_ev44,playoffs-quarterfinal-2-2022-9-3,playoffs-quarterfinal-2-2022-9-3,42,12,2022-09-03,ARC,Archers,RED,Redwoods,ARC,Archers,RED,Redwoods,1,002018,Matt,Moore,Matt Moore,matt moore,matt-moore,https://img.premierlacrosseleague.com/Players/2025/matt-moore.png?v=4,M,Midfield,11,1,2.0,1.0,1.0,0.0,1.0,1.0,4.0,0.25,2,0.5,0.0,0.0,0.0,0.0,0.0,0.0,0.0,0.0,0.0,0.0,1.0,2.0,0.0,0,0,0,0.0,0.0,0.0,1.0,1.0,,3.0,17.0,11.0,/home/runner/work/PLL_Analytics/PLL_Analytics/data/source_data/api_responses/season_2022/game_playoffs-quarterfinal-2-2022-9-3/player_game_stats.json.gz,Quarterfinals
2022,post,2022_ev44,playoffs-quarterfinal-2-2022-9-3,playoffs-quarterfinal-2-2022-9-3,42,12,2022-09-03,ARC,Archers,RED,Redwoods,ARC,Archers,RED,Redwoods,1,000221,Ryan,Ambler,Ryan Ambler,ryan ambler,ryan-ambler,https://img.premierlacrosseleague.com/Players/2026/ryan-ambler.webp,M,Midfield,13,1,3.0,3.0,3.0,0.0,3.0,0.0,4.0,0.75,4,1.0,0.0,0.0,0.0,0.0,0.0,0.0,0.0,0.0,0.0,0.0,0.0,0.0,0.0,0,0,0,0.0,0.0,0.0,0.0,0.0,,0.0,24.0,20.0,/home/runner/work/PLL_Analytics/PLL_Analytics/data/source_data/api_responses/season_2022/game_playoffs-quarterfinal-2-2022-9-3/player_game_stats.json.gz,Quarterfinals
2022,post,2022_ev44,playoffs-quarterfinal-2-2022-9-3,playoffs-quarterfinal-2-2022-9-3,42,12,2022-09-03,ARC,Archers,RED,Redwoods,ARC,Archers,RED,Redwoods,1,000223,Scott,Ratliff,Scott Ratliff,scott ratliff,scott-ratliff,https://img.premierlacrosseleague.com/Players/2022/scott-ratliff.png?v=1,D,Defense,32,1,0.0,0.0,0.0,0.0,0.0,0.0,0.0,0.0,0,,0.0,0.0,0.0,0.0,0.0,0.0,0.0,0.0,0.0,0.0,4.0,0.0,0.0,0,0,0,0.0,0.0,0.0,0.0,0.0,,2.0,11.0,11.0,/home/runner/work/PLL_Analytics/PLL_Analytics/data/source_data/api_responses/season_2022/game_playoffs-quarterfinal-2-2022-9-3/player_game_stats.json.gz,Quarterfinals
2022,post,2022_ev44,playoffs-quarterfinal-2-2022-9-3,playoffs-quarterfinal-2-2022-9-3,42,12,2022-09-03,ARC,Archers,RED,Redwoods,ARC,Archers,RED,Redwoods,1,000225,Tom,Schreiber,Tom Schreiber,tom schreiber,tom-schreiber,https://img.premierlacrosseleague.com/Players/2025/tom-schreiber.png?v=3,M,Midfield,26,1,2.0,2.0,2.0,0.0,2.0,0.0,7.0,0.2857142857142857,2,0.2857142857142857,1.0,0.0,0.0,0.0,0.0,0.0,0.0,0.0,0.0,0.0,1.0,1.0,0.0,0,0,0,0.0,0.0,0.0,0.0,0.0,,7.0,38.0,30.0,/home/runner/work/PLL_Analytics/PLL_Analytics/data/source_data/api_responses/season_2022/game_playoffs-quarterfinal-2-2022-9-3/player_game_stats.json.gz,Quarterfinals
2022,post,2022_ev44,playoffs-quarterfinal-2-2022-9-3,playoffs-quarterfinal-2-2022-9-3,42,12,2022-09-03,ARC,Archers,RED,Redwoods,ARC,Archers,RED,Redwoods,1,001821,Tre,Leclaire,Tre Leclaire,tre leclaire,tre-leclaire,https://img.premierlacrosseleague.com/Players/2026/tre-leclaire.webp?v=3,M,Midfield,44,1,1.0,1.0,1.0,0.0,1.0,0.0,2.0,0.5,2,1.0,0.0,0.0,0.0,0.0,0.0,0.0,0.0,0.0,0.0,0.0,0.0,0.0,0.0,0,0,0,0.0,0.0,0.0,0.0,0.0,,0.0,7.0,5.0,/home/runner/work/PLL_Analytics/PLL_Analytics/data/source_data/api_responses/season_2022/game_playoffs-quarterfinal-2-2022-9-3/player_game_stats.json.gz,Quarterfinals
2022,post,2022_ev44,playoffs-quarterfinal-2-2022-9-3,playoffs-quarterfinal-2-2022-9-3,42,12,2022-09-03,ARC,Archers,RED,Redwoods,ARC,Archers,RED,Redwoods,1,000227,Will,Manny,Will Manny,will manny,will-manny,https://img.premierlacrosseleague.com/Players/2025/will-manny.png?v=4,A,Attack,4,1,2.0,0.0,0.0,0.0,0.0,2.0,4.0,0.0,3,0.75,0.0,0.0,0.0,0.0,0.0,0.0,0.0,0.0,0.0,0.0,0.0,1.0,0.0,0,0,0,0.0,0.0,0.0,0.0,0.0,,5.0,29.0,24.0,/home/runner/work/PLL_Analytics/PLL_Analytics/data/source_data/api_responses/season_2022/game_playoffs-quarterfinal-2-2022-9-3/player_game_stats.json.gz,Quarterfinals
2022,post,2022_ev44,playoffs-quarterfinal-2-2022-9-3,playoffs-quarterfinal-2-2022-9-3,42,12,2022-09-03,RED,Redwoods,ARC,Archers,RED,Redwoods,ARC,Archers,0,002017,Arden,Cohen,Arden Cohen,arden cohen,arden-cohen,https://img.premierlacrosseleague.com/Players/2026/arden-cohen.webp,D,Defense,40,1,0.0,0.0,0.0,0.0,0.0,0.0,0.0,0.0,0,,0.0,0.0,0.0,0.0,0.0,0.0,0.0,0.0,0.0,0.0,0.0,0.0,1.0,0,0,0,0.0,0.0,0.0,0.0,0.0,,0.0,1.0,1.0,/home/runner/work/PLL_Analytics/PLL_Analytics/data/source_data/api_responses/season_2022/game_playoffs-quarterfinal-2-2022-9-3/player_game_stats.json.gz,Quarterfinals
2022,post,2022_ev44,playoffs-quarterfinal-2-2022-9-3,playoffs-quarterfinal-2-2022-9-3,42,12,2022-09-03,RED,Redwoods,ARC,Archers,RED,Redwoods,ARC,Archers,0,001832,Charlie,Bertrand,Charlie Bertrand,charlie bertrand,charlie-bertrand,https://img.premierlacrosseleague.com/Players/2026/charlie-bertrand.png,M,Midfield,41,1,3.0,2.0,2.0,0.0,2.0,1.0,7.0,0.2857142857142857,6,0.8571428571428571,1.0,0.0,0.0,0.0,0.0,0.0,0.0,0.0,0.0,0.0,1.0,1.0,0.0,0,0,0,0.0,0.0,0.0,0.0,0.0,,4.0,16.0,8.0,/home/runner/work/PLL_Analytics/PLL_Analytics/data/source_data/api_responses/season_2022/game_playoffs-quarterfinal-2-2022-9-3/player_game_stats.json.gz,Quarterfinals
2022,post,2022_ev44,playoffs-quarterfinal-2-2022-9-3,playoffs-quarterfinal-2-2022-9-3,42,12,2022-09-03,RED,Redwoods,ARC,Archers,RED,Redwoods,ARC,Archers,0,000417,Finn,Sullivan,Finn Sullivan,finn sullivan,finn-sullivan,https://img.premierlacrosseleague.com/Players/2022/finn-sullivan.png?v=1,D,Defense,36,1,0.0,0.0,0.0,0.0,0.0,0.0,0.0,0.0,0,,0.0,0.0,0.0,0.0,0.0,0.0,0.0,0.0,0.0,0.0,0.0,1.0,1.0,0,0,0,0.0,0.0,0.0,1.0,1.0,,0.0,8.0,7.0,/home/runner/work/PLL_Analytics/PLL_Analytics/data/source_data/api_responses/season_2022/game_playoffs-quarterfinal-2-2022-9-3/player_game_stats.json.gz,Quarterfinals
2022,post,2022_ev44,playoffs-quarterfinal-2-2022-9-3,playoffs-quarterfinal-2-2022-9-3,42,12,2022-09-03,RED,Redwoods,ARC,Archers,RED,Redwoods,ARC,Archers,0,000315,Garrett,Epple,Garrett Epple,garrett epple,garrett-epple,https://img.premierlacrosseleague.com/Players/2025/garrett-epple.png?v=3,D,Defense,52,1,0.0,0.0,0.0,0.0,0.0,0.0,0.0,0.0,0,,0.0,0.0,0.0,0.0,0.0,0.0,0.0,0.0,0.0,0.0,0.0,1.0,0.0,0,0,0,0.0,0.0,0.0,0.0,0.0,,0.0,9.0,8.0,/home/runner/work/PLL_Analytics/PLL_Analytics/data/source_data/api_responses/season_2022/game_playoffs-quarterfinal-2-2022-9-3/player_game_stats.json.gz,Quarterfinals
2022,post,2022_ev44,playoffs-quarterfinal-2-2022-9-3,playoffs-quarterfinal-2-2022-9-3,42,12,2022-09-03,RED,Redwoods,ARC,Archers,RED,Redwoods,ARC,Archers,0,001010,Isaiah,Davis-Allen,Isaiah Davis-Allen,isaiah davisallen,isaiah-davis-allen,https://img.premierlacrosseleague.com/Players/2024/isaiah-davis-allen?v=2,SSDM,Defensive Midfield,26,1,0.0,0.0,0.0,0.0,0.0,0.0,0.0,0.0,0,,0.0,0.0,0.0,0.0,0.0,0.0,0.0,0.0,0.0,0.0,0.0,0.0,0.0,0,1,1,0.0,0.0,0.0,0.0,0.0,0 - 1,1.0,8.0,8.0,/home/runner/work/PLL_Analytics/PLL_Analytics/data/source_data/api_responses/season_2022/game_playoffs-quarterfinal-2-2022-9-3/player_game_stats.json.gz,Quarterfinals
2022,post,2022_ev44,playoffs-quarterfinal-2-2022-9-3,playoffs-quarterfinal-2-2022-9-3,42,12,2022-09-03,RED,Redwoods,ARC,Archers,RED,Redwoods,ARC,Archers,0,000318,Jack,Kelly,Jack Kelly,jack kelly,jack-kelly,https://img.premierlacrosseleague.com/Players/2024/jack-kelly?v=2,G,Goalie,94,1,0.0,0.0,0.0,0.0,0.0,0.0,0.0,0.0,0,,0.0,10.0,5.0,5.0,0.43478,0.5,12.99549,0.0,13.0,12.995487677889622,2.0,1.0,0.0,0,0,0,0.0,13.0,0.0,0.0,0.0,,0.0,17.0,16.0,/home/runner/work/PLL_Analytics/PLL_Analytics/data/source_data/api_responses/season_2022/game_playoffs-quarterfinal-2-2022-9-3/player_game_stats.json.gz,Quarterfinals
2022,post,2022_ev44,playoffs-quarterfinal-2-2022-9-3,playoffs-quarterfinal-2-2022-9-3,42,12,2022-09-03,RED,Redwoods,ARC,Archers,RED,Redwoods,ARC,Archers,0,000319,Jack,Near,Jack Near,jack near,jack-near,https://img.premierlacrosseleague.com/Players/2022/jack-near.png?v=1,SSDM,Defensive Midfield,2,1,0.0,0.0,0.0,0.0,0.0,0.0,0.0,0.0,0,,0.0,0.0,0.0,0.0,0.0,0.0,0.0,0.0,0.0,0.0,2.0,0.0,0.0,0,0,0,0.0,0.0,0.0,0.0,0.0,,0.0,6.0,6.0,/home/runner/work/PLL_Analytics/PLL_Analytics/data/source_data/api_responses/season_2022/game_playoffs-quarterfinal-2-2022-9-3/player_game_stats.json.gz,Quarterfinals
2022,post,2022_ev44,playoffs-quarterfinal-2-2022-9-3,playoffs-quarterfinal-2-2022-9-3,42,12,2022-09-03,RED,Redwoods,ARC,Archers,RED,Redwoods,ARC,Archers,0,000322,John,Sexton,John Sexton,john sexton,john-sexton,https://img.premierlacrosseleague.com/Players/2023/john-sexton.png?v=1,LSM,Long Stick Midfield,46,1,0.0,0.0,0.0,0.0,0.0,0.0,0.0,0.0,0,,0.0,0.0,0.0,0.0,0.0,0.0,0.0,0.0,0.0,0.0,1.0,1.0,0.0,0,0,0,0.0,0.0,0.0,0.0,0.0,,0.0,1.0,0.0,/home/runner/work/PLL_Analytics/PLL_Analytics/data/source_data/api_responses/season_2022/game_playoffs-quarterfinal-2-2022-9-3/player_game_stats.json.gz,Quarterfinals
2022,post,2022_ev44,playoffs-quarterfinal-2-2022-9-3,playoffs-quarterfinal-2-2022-9-3,42,12,2022-09-03,RED,Redwoods,ARC,Archers,RED,Redwoods,ARC,Archers,0,000351,Jules,Heningburg,Jules Heningburg,jules heningburg,jules-heningburg,https://img.premierlacrosseleague.com/Players/2025/jules-heningburg.png?v=3,M,Midfield,7,1,2.0,0.0,0.0,0.0,0.0,2.0,3.0,0.0,1,0.3333333333333333,0.0,0.0,0.0,0.0,0.0,0.0,0.0,0.0,0.0,0.0,0.0,1.0,0.0,0,0,0,0.0,0.0,0.0,0.0,0.0,,2.0,14.0,10.0,/home/runner/work/PLL_Analytics/PLL_Analytics/data/source_data/api_responses/season_2022/game_playoffs-quarterfinal-2-2022-9-3/player_game_stats.json.gz,Quarterfinals
2022,post,2022_ev44,playoffs-quarterfinal-2-2022-9-3,playoffs-quarterfinal-2-2022-9-3,42,12,2022-09-03,RED,Redwoods,ARC,Archers,RED,Redwoods,ARC,Archers,0,000242,Kyle,Hartzell,Kyle Hartzell,kyle hartzell,kyle-hartzell,https://img.premierlacrosseleague.com/Players/2026/kyle-hartzell.webp?v=2,LSM,Long Stick Midfield,81,1,0.0,0.0,0.0,0.0,0.0,0.0,0.0,0.0,0,,0.0,0.0,0.0,0.0,0.0,0.0,0.0,0.0,0.0,0.0,1.0,0.0,0.0,0,0,0,0.0,0.0,0.0,0.0,0.0,,1.0,2.0,2.0,/home/runner/work/PLL_Analytics/PLL_Analytics/data/source_data/api_responses/season_2022/game_playoffs-quarterfinal-2-2022-9-3/player_game_stats.json.gz,Quarterfinals
2022,post,2022_ev44,playoffs-quarterfinal-2-2022-9-3,playoffs-quarterfinal-2-2022-9-3,42,12,2022-09-03,RED,Redwoods,ARC,Archers,RED,Redwoods,ARC,Archers,0,000327,Matt,Kavanagh,Matt Kavanagh,matt kavanagh,matt-kavanagh,https://img.premierlacrosseleague.com/Players/2024/matt-kavanagh?v=2,A,Attack,10,1,0.0,0.0,0.0,0.0,0.0,0.0,5.0,0.0,3,0.6,0.0,0.0,0.0,0.0,0.0,0.0,0.0,0.0,0.0,0.0,3.0,2.0,0.0,0,0,0,0.0,0.0,0.0,0.0,0.0,,2.0,21.0,14.0,/home/runner/work/PLL_Analytics/PLL_Analytics/data/source_data/api_responses/season_2022/game_playoffs-quarterfinal-2-2022-9-3/player_game_stats.json.gz,Quarterfinals
2022,post,2022_ev44,playoffs-quarterfinal-2-2022-9-3,playoffs-quarterfinal-2-2022-9-3,42,12,2022-09-03,RED,Redwoods,ARC,Archers,RED,Redwoods,ARC,Archers,0,000278,Myles,Jones,Myles Jones,myles jones,myles-jones,https://img.premierlacrosseleague.com/Players/2026/myles-jones.webp,M,Midfield,15,1,1.0,1.0,1.0,0.0,1.0,0.0,4.0,0.25,2,0.5,2.0,0.0,0.0,0.0,0.0,0.0,0.0,0.0,0.0,0.0,3.0,2.0,0.0,0,0,0,0.0,0.0,0.0,0.0,0.0,,2.0,17.0,11.0,/home/runner/work/PLL_Analytics/PLL_Analytics/data/source_data/api_responses/season_2022/game_playoffs-quarterfinal-2-2022-9-3/player_game_stats.json.gz,Quarterfinals
2022,post,2022_ev44,playoffs-quarterfinal-2-2022-9-3,playoffs-quarterfinal-2-2022-9-3,42,12,2022-09-03,RED,Redwoods,ARC,Archers,RED,Redwoods,ARC,Archers,0,002033,Nakeie,Montgomery,Nakeie Montgomery,nakeie montgomery,nakeie-montgomery,https://img.premierlacrosseleague.com/Players/2026/nakeie-montgomery.webp,M,Midfield,1,1,0.0,0.0,0.0,0.0,0.0,0.0,1.0,0.0,0,0.0,0.0,0.0,0.0,0.0,0.0,0.0,0.0,0.0,0.0,0.0,0.0,0.0,0.0,0,0,0,0.0,0.0,0.0,0.0,0.0,,1.0,9.0,8.0,/home/runner/work/PLL_Analytics/PLL_Analytics/data/source_data/api_responses/season_2022/game_playoffs-quarterfinal-2-2022-9-3/player_game_stats.json.gz,Quarterfinals
2022,post,2022_ev44,playoffs-quarterfinal-2-2022-9-3,playoffs-quarterfinal-2-2022-9-3,42,12,2022-09-03,RED,Redwoods,ARC,Archers,RED,Redwoods,ARC,Archers,0,000414,Rob,Pannell,Rob Pannell,rob pannell,rob-pannell,https://img.premierlacrosseleague.com/Players/2026/rob-pannell.webp,A,Attack,3,1,3.0,3.0,3.0,0.0,3.0,0.0,6.0,0.5,5,0.8333333333333334,1.0,0.0,0.0,0.0,0.0,0.0,0.0,0.0,0.0,0.0,1.0,2.0,0.0,0,0,0,0.0,0.0,0.0,0.0,0.0,,8.0,31.0,23.0,/home/runner/work/PLL_Analytics/PLL_Analytics/data/source_data/api_responses/season_2022/game_playoffs-quarterfinal-2-2022-9-3/player_game_stats.json.gz,Quarterfinals
2022,post,2022_ev44,playoffs-quarterfinal-2-2022-9-3,playoffs-quarterfinal-2-2022-9-3,42,12,2022-09-03,RED,Redwoods,ARC,Archers,RED,Redwoods,ARC,Archers,0,002063,Ryan,Kennedy,Ryan Kennedy,ryan kennedy,ryan-kennedy,https://img.premierlacrosseleague.com/Players/2024/ryan-kennedy?v=2,D,Defense,35,1,0.0,0.0,0.0,0.0,0.0,0.0,0.0,0.0,0,,0.0,0.0,0.0,0.0,0.0,0.0,0.0,0.0,0.0,0.0,3.0,2.0,1.0,0,0,0,0.0,0.0,0.0,0.0,0.0,,0.0,3.0,1.0,/home/runner/work/PLL_Analytics/PLL_Analytics/data/source_data/api_responses/season_2022/game_playoffs-quarterfinal-2-2022-9-3/player_game_stats.json.gz,Quarterfinals
2022,post,2022_ev44,playoffs-quarterfinal-2-2022-9-3,playoffs-quarterfinal-2-2022-9-3,42,12,2022-09-03,RED,Redwoods,ARC,Archers,RED,Redwoods,ARC,Archers,0,000373,Ryder,Garnsey,Ryder Garnsey,ryder garnsey,ryder-garnsey,https://img.premierlacrosseleague.com/Players/2026/ryder-garnsey.webp?v=4,A,Attack,50,1,2.0,2.0,2.0,0.0,2.0,0.0,8.0,0.25,4,0.5,0.0,0.0,0.0,0.0,0.0,0.0,0.0,0.0,0.0,0.0,4.0,0.0,0.0,0,0,0,0.0,0.0,0.0,0.0,0.0,,2.0,16.0,8.0,/home/runner/work/PLL_Analytics/PLL_Analytics/data/source_data/api_responses/season_2022/game_playoffs-quarterfinal-2-2022-9-3/player_game_stats.json.gz,Quarterfinals
2022,post,2022_ev44,playoffs-quarterfinal-2-2022-9-3,playoffs-quarterfinal-2-2022-9-3,42,12,2022-09-03,RED,Redwoods,ARC,Archers,RED,Redwoods,ARC,Archers,0,000333,Sergio,Perkovic,Sergio Perkovic,sergio perkovic,sergio-perkovic,https://img.premierlacrosseleague.com/Players/2026/sergio-perkovic.png,M,Midfield,16,1,0.0,0.0,0.0,0.0,0.0,0.0,1.0,0.0,1,1.0,1.0,0.0,0.0,0.0,0.0,0.0,0.0,0.0,0.0,0.0,0.0,0.0,0.0,0,0,0,0.0,0.0,0.0,2.0,2.0,,1.0,9.0,8.0,/home/runner/work/PLL_Analytics/PLL_Analytics/data/source_data/api_responses/season_2022/game_playoffs-quarterfinal-2-2022-9-3/player_game_stats.json.gz,Quarterfinals
2022,post,2022_ev44,playoffs-quarterfinal-2-2022-9-3,playoffs-quarterfinal-2-2022-9-3,42,12,2022-09-03,RED,Redwoods,ARC,Archers,RED,Redwoods,ARC,Archers,0,001812,TD,Ierlan,TD Ierlan,td ierlan,td-ierlan,https://img.premierlacrosseleague.com/Players/2026/td-ierlan.webp,FO,Faceoff,6,1,0.0,0.0,0.0,0.0,0.0,0.0,2.0,0.0,0,0.0,0.0,0.0,0.0,0.0,0.0,0.0,0.0,0.0,0.0,0.0,7.0,0.0,0.0,15,9,24,0.625,0.0,0.0,0.0,0.0,15 - 24,0.0,7.0,5.0,/home/runner/work/PLL_Analytics/PLL_Analytics/data/source_data/api_responses/season_2022/game_playoffs-quarterfinal-2-2022-9-3/player_game_stats.json.gz,Quarterfinals
2022,post,2022_ev45,playoffs-quarterfinal-3-2022-9-3,playoffs-quarterfinal-3-2022-9-3,43,12,2022-09-03,ATL,Atlas,WAT,Waterdogs,ATL,Atlas,WAT,Waterdogs,1,000395,Bryan,Costabile,Bryan Costabile,bryan costabile,bryan-costabile,https://img.premierlacrosseleague.com/Players/2026/bryan-costabile.webp,M,Midfield,26,1,1.0,1.0,1.0,0.0,1.0,0.0,7.0,0.14285714285714285,3,0.42857142857142855,4.0,0.0,0.0,0.0,0.0,0.0,0.0,0.0,0.0,0.0,2.0,3.0,0.0,0,0,0,0.0,0.0,0.0,0.0,0.0,,4.0,38.0,28.0,/home/runner/work/PLL_Analytics/PLL_Analytics/data/source_data/api_responses/season_2022/game_playoffs-quarterfinal-3-2022-9-3/player_game_stats.json.gz,Quarterfinals
2022,post,2022_ev45,playoffs-quarterfinal-3-2022-9-3,playoffs-quarterfinal-3-2022-9-3,43,12,2022-09-03,ATL,Atlas,WAT,Waterdogs,ATL,Atlas,WAT,Waterdogs,1,000376,Cade,van Raaphorst,Cade van Raaphorst,cade van raaphorst,cade-van-raaphorst,https://img.premierlacrosseleague.com/Players/2024/cade-van-raaphorst?v=4,D,Defense,77,1,0.0,0.0,0.0,0.0,0.0,0.0,1.0,0.0,1,1.0,1.0,0.0,0.0,0.0,0.0,0.0,0.0,0.0,0.0,0.0,3.0,1.0,1.0,0,0,0,0.0,0.0,0.0,0.0,0.0,,1.0,6.0,4.0,/home/runner/work/PLL_Analytics/PLL_Analytics/data/source_data/api_responses/season_2022/game_playoffs-quarterfinal-3-2022-9-3/player_game_stats.json.gz,Quarterfinals
2022,post,2022_ev45,playoffs-quarterfinal-3-2022-9-3,playoffs-quarterfinal-3-2022-9-3,43,12,2022-09-03,ATL,Atlas,WAT,Waterdogs,ATL,Atlas,WAT,Waterdogs,1,002016,Chris,Gray,Chris Gray,chris gray,chris-gray,https://img.premierlacrosseleague.com/Players/2024/chris-gray?v=2,A,Attack,24,1,5.0,4.0,4.0,0.0,4.0,1.0,11.0,0.36363636363636365,4,0.36363636363636365,2.0,0.0,0.0,0.0,0.0,0.0,0.0,0.0,0.0,0.0,1.0,1.0,0.0,0,0,0,0.0,0.0,0.0,0.0,0.0,,6.0,46.0,34.0,/home/runner/work/PLL_Analytics/PLL_Analytics/data/source_data/api_responses/season_2022/game_playoffs-quarterfinal-3-2022-9-3/player_game_stats.json.gz,Quarterfinals
2022,post,2022_ev45,playoffs-quarterfinal-3-2022-9-3,playoffs-quarterfinal-3-2022-9-3,43,12,2022-09-03,ATL,Atlas,WAT,Waterdogs,ATL,Atlas,WAT,Waterdogs,1,000369,Clarke,Petterson,Clarke Petterson,clarke petterson,clarke-petterson,https://img.premierlacrosseleague.com/Players/2023/clarke-petterson.png?v=1,A,Attack,45,1,2.0,1.0,1.0,0.0,1.0,1.0,1.0,1.0,1,1.0,0.0,0.0,0.0,0.0,0.0,0.0,0.0,0.0,0.0,0.0,0.0,1.0,0.0,0,0,0,0.0,0.0,0.0,0.0,0.0,,1.0,8.0,6.0,/home/runner/work/PLL_Analytics/PLL_Analytics/data/source_data/api_responses/season_2022/game_playoffs-quarterfinal-3-2022-9-3/player_game_stats.json.gz,Quarterfinals
2022,post,2022_ev45,playoffs-quarterfinal-3-2022-9-3,playoffs-quarterfinal-3-2022-9-3,43,12,2022-09-03,ATL,Atlas,WAT,Waterdogs,ATL,Atlas,WAT,Waterdogs,1,000406,Craig,Chick,Craig Chick,craig chick,craig-chick,https://img.premierlacrosseleague.com/Players/2024/craig-chick?v=2,LSM,Long Stick Midfield,21,1,0.0,0.0,0.0,0.0,0.0,0.0,1.0,0.0,0,0.0,0.0,0.0,0.0,0.0,0.0,0.0,0.0,0.0,0.0,0.0,6.0,0.0,2.0,0,0,0,0.0,0.0,0.0,0.0,0.0,,0.0,7.0,6.0,/home/runner/work/PLL_Analytics/PLL_Analytics/data/source_data/api_responses/season_2022/game_playoffs-quarterfinal-3-2022-9-3/player_game_stats.json.gz,Quarterfinals
2022,post,2022_ev45,playoffs-quarterfinal-3-2022-9-3,playoffs-quarterfinal-3-2022-9-3,43,12,2022-09-03,ATL,Atlas,WAT,Waterdogs,ATL,Atlas,WAT,Waterdogs,1,001746,Daniel,Bucaro,Daniel Bucaro,daniel bucaro,daniel-bucaro,https://img.premierlacrosseleague.com/Players/2023/daniel-bucaro.png?v=1,M,Midfield,4,1,0.0,0.0,0.0,0.0,0.0,0.0,5.0,0.0,3,0.6,0.0,0.0,0.0,0.0,0.0,0.0,0.0,0.0,0.0,0.0,0.0,1.0,0.0,0,0,0,0.0,0.0,0.0,0.0,0.0,,0.0,11.0,5.0,/home/runner/work/PLL_Analytics/PLL_Analytics/data/source_data/api_responses/season_2022/game_playoffs-quarterfinal-3-2022-9-3/player_game_stats.json.gz,Quarterfinals
2022,post,2022_ev45,playoffs-quarterfinal-3-2022-9-3,playoffs-quarterfinal-3-2022-9-3,43,12,2022-09-03,ATL,Atlas,WAT,Waterdogs,ATL,Atlas,WAT,Waterdogs,1,001819,Danny,Logan,Danny Logan,danny logan,danny-logan,https://img.premierlacrosseleague.com/Players/2026/danny-logan.webp?v=4,SSDM,Defensive Midfield,91,1,2.0,1.0,1.0,0.0,1.0,1.0,3.0,0.3333333333333333,1,0.3333333333333333,2.0,0.0,0.0,0.0,0.0,0.0,0.0,0.0,0.0,0.0,2.0,1.0,0.0,0,1,1,0.0,0.0,0.0,0.0,0.0,0 - 1,2.0,16.0,12.0,/home/runner/work/PLL_Analytics/PLL_Analytics/data/source_data/api_responses/season_2022/game_playoffs-quarterfinal-3-2022-9-3/player_game_stats.json.gz,Quarterfinals
2022,post,2022_ev45,playoffs-quarterfinal-3-2022-9-3,playoffs-quarterfinal-3-2022-9-3,43,12,2022-09-03,ATL,Atlas,WAT,Waterdogs,ATL,Atlas,WAT,Waterdogs,1,001816,Dox,Aitken,Dox Aitken,dox aitken,dox-aitken,https://img.premierlacrosseleague.com/Players/2026/dox-aitken.webp?v=4,M,Midfield,6,1,1.0,1.0,1.0,0.0,1.0,0.0,3.0,0.3333333333333333,3,1.0,1.0,0.0,0.0,0.0,0.0,0.0,0.0,0.0,0.0,0.0,0.0,1.0,0.0,0,0,0,0.0,0.0,0.0,0.0,0.0,,3.0,18.0,14.0,/home/runner/work/PLL_Analytics/PLL_Analytics/data/source_data/api_responses/season_2022/game_playoffs-quarterfinal-3-2022-9-3/player_game_stats.json.gz,Quarterfinals
2022,post,2022_ev45,playoffs-quarterfinal-3-2022-9-3,playoffs-quarterfinal-3-2022-9-3,43,12,2022-09-03,ATL,Atlas,WAT,Waterdogs,ATL,Atlas,WAT,Waterdogs,1,000234,Eric,Law,Eric Law,eric law,eric-law,https://img.premierlacrosseleague.com/Players/2025/eric-law.png?v=3,A,Attack,15,1,1.0,0.0,0.0,0.0,0.0,1.0,3.0,0.0,2,0.6666666666666666,0.0,0.0,0.0,0.0,0.0,0.0,0.0,0.0,0.0,0.0,1.0,2.0,1.0,0,0,0,0.0,0.0,0.0,0.0,0.0,,6.0,37.0,32.0,/home/runner/work/PLL_Analytics/PLL_Analytics/data/source_data/api_responses/season_2022/game_playoffs-quarterfinal-3-2022-9-3/player_game_stats.json.gz,Quarterfinals
2022,post,2022_ev45,playoffs-quarterfinal-3-2022-9-3,playoffs-quarterfinal-3-2022-9-3,43,12,2022-09-03,ATL,Atlas,WAT,Waterdogs,ATL,Atlas,WAT,Waterdogs,1,001797,JD,Colarusso,JD Colarusso,jd colarusso,jd-colarusso,https://img.premierlacrosseleague.com/Players/2022/jd-colarusso.png?v=1,G,Goalie,11,1,0.0,0.0,0.0,0.0,0.0,0.0,0.0,0.0,0,,0.0,0.0,0.0,0.0,0.0,0.0,10.76636,2.69159,5.0,13.457943925233645,2.0,0.0,0.0,0,0,0,0.0,4.0,1.0,0.0,0.0,,0.0,3.0,3.0,/home/runner/work/PLL_Analytics/PLL_Analytics/data/source_data/api_responses/season_2022/game_playoffs-quarterfinal-3-2022-9-3/player_game_stats.json.gz,Quarterfinals
2022,post,2022_ev45,playoffs-quarterfinal-3-2022-9-3,playoffs-quarterfinal-3-2022-9-3,43,12,2022-09-03,ATL,Atlas,WAT,Waterdogs,ATL,Atlas,WAT,Waterdogs,1,000241,Jack,Concannon,Jack Concannon,jack concannon,jack-concannon,https://img.premierlacrosseleague.com/Players/2023/jack-concannon.png?v=1,G,Goalie,12,1,0.0,0.0,0.0,0.0,0.0,0.0,0.0,0.0,0,,0.0,5.0,0.0,5.0,0.27778,0.0,20.68508,1.59116,14.0,22.276243093922652,2.0,0.0,0.0,0,0,0,0.0,13.0,1.0,0.0,0.0,,0.0,6.0,6.0,/home/runner/work/PLL_Analytics/PLL_Analytics/data/source_data/api_responses/season_2022/game_playoffs-quarterfinal-3-2022-9-3/player_game_stats.json.gz,Quarterfinals
2022,post,2022_ev45,playoffs-quarterfinal-3-2022-9-3,playoffs-quarterfinal-3-2022-9-3,43,12,2022-09-03,ATL,Atlas,WAT,Waterdogs,ATL,Atlas,WAT,Waterdogs,1,000235,Jake,Richard,Jake Richard,jake richard,jake-richard,https://img.premierlacrosseleague.com/Players/2024/jake-richard?v=2,SSDM,Defensive Midfield,27,1,0.0,0.0,0.0,0.0,0.0,0.0,3.0,0.0,1,0.3333333333333333,1.0,0.0,0.0,0.0,0.0,0.0,0.0,0.0,0.0,0.0,0.0,0.0,1.0,0,0,0,0.0,0.0,0.0,0.0,0.0,,0.0,13.0,10.0,/home/runner/work/PLL_Analytics/PLL_Analytics/data/source_data/api_responses/season_2022/game_playoffs-quarterfinal-3-2022-9-3/player_game_stats.json.gz,Quarterfinals
2022,post,2022_ev45,playoffs-quarterfinal-3-2022-9-3,playoffs-quarterfinal-3-2022-9-3,43,12,2022-09-03,ATL,Atlas,WAT,Waterdogs,ATL,Atlas,WAT,Waterdogs,1,001809,Jeff,Teat,Jeff Teat,jeff teat,jeff-teat,https://img.premierlacrosseleague.com/Players/2025/jeff-teat.png?v=3,A,Attack,7,1,7.0,4.0,2.0,1.0,3.0,3.0,7.0,0.42857142857142855,3,0.42857142857142855,1.0,0.0,0.0,0.0,0.0,0.0,0.0,0.0,0.0,0.0,3.0,1.0,1.0,0,0,0,0.0,0.0,0.0,0.0,0.0,,16.0,39.0,31.0,/home/runner/work/PLL_Analytics/PLL_Analytics/data/source_data/api_responses/season_2022/game_playoffs-quarterfinal-3-2022-9-3/player_game_stats.json.gz,Quarterfinals
2022,post,2022_ev45,playoffs-quarterfinal-3-2022-9-3,playoffs-quarterfinal-3-2022-9-3,43,12,2022-09-03,ATL,Atlas,WAT,Waterdogs,ATL,Atlas,WAT,Waterdogs,1,002019,Koby,Smith,Koby Smith,koby smith,koby-smith,https://img.premierlacrosseleague.com/Players/2025/koby-smith.png?v=4,LSM,Long Stick Midfield,0,1,0.0,0.0,0.0,0.0,0.0,0.0,0.0,0.0,0,,0.0,0.0,0.0,0.0,0.0,0.0,0.0,0.0,0.0,0.0,1.0,1.0,0.0,0,0,0,0.0,0.0,0.0,0.0,0.0,,0.0,2.0,1.0,/home/runner/work/PLL_Analytics/PLL_Analytics/data/source_data/api_responses/season_2022/game_playoffs-quarterfinal-3-2022-9-3/player_game_stats.json.gz,Quarterfinals
2022,post,2022_ev45,playoffs-quarterfinal-3-2022-9-3,playoffs-quarterfinal-3-2022-9-3,43,12,2022-09-03,ATL,Atlas,WAT,Waterdogs,ATL,Atlas,WAT,Waterdogs,1,001397,Michael,Rexrode,Michael Rexrode,michael rexrode,michael-rexrode,https://img.premierlacrosseleague.com/Players/2026/michael-rexrode.webp,D,Defense,22,1,0.0,0.0,0.0,0.0,0.0,0.0,0.0,0.0,0,,0.0,0.0,0.0,0.0,0.0,0.0,0.0,0.0,0.0,0.0,1.0,0.0,2.0,0,0,0,0.0,0.0,0.0,0.0,0.0,,0.0,4.0,4.0,/home/runner/work/PLL_Analytics/PLL_Analytics/data/source_data/api_responses/season_2022/game_playoffs-quarterfinal-3-2022-9-3/player_game_stats.json.gz,Quarterfinals
2022,post,2022_ev45,playoffs-quarterfinal-3-2022-9-3,playoffs-quarterfinal-3-2022-9-3,43,12,2022-09-03,ATL,Atlas,WAT,Waterdogs,ATL,Atlas,WAT,Waterdogs,1,001825,Peter,Dearth,Peter Dearth,peter dearth,peter-dearth,https://img.premierlacrosseleague.com/Players/2023/peter-dearth.png?v=1,SSDM,Defensive Midfield,54,1,0.0,0.0,0.0,0.0,0.0,0.0,0.0,0.0,0,,0.0,0.0,0.0,0.0,0.0,0.0,0.0,0.0,0.0,0.0,1.0,0.0,1.0,0,0,0,0.0,0.0,0.0,1.0,1.0,,0.0,1.0,1.0,/home/runner/work/PLL_Analytics/PLL_Analytics/data/source_data/api_responses/season_2022/game_playoffs-quarterfinal-3-2022-9-3/player_game_stats.json.gz,Quarterfinals
2022,post,2022_ev45,playoffs-quarterfinal-3-2022-9-3,playoffs-quarterfinal-3-2022-9-3,43,12,2022-09-03,ATL,Atlas,WAT,Waterdogs,ATL,Atlas,WAT,Waterdogs,1,000305,Romar,Dennis,Romar Dennis,romar dennis,romar-dennis,https://img.premierlacrosseleague.com/Players/2026/romar-dennis.webp,M,Midfield,5,1,2.0,2.0,0.0,1.0,1.0,0.0,4.0,0.25,2,0.5,4.0,0.0,0.0,0.0,0.0,0.0,0.0,0.0,0.0,0.0,1.0,1.0,0.0,0,0,0,0.0,0.0,0.0,0.0,0.0,,2.0,14.0,9.0,/home/runner/work/PLL_Analytics/PLL_Analytics/data/source_data/api_responses/season_2022/game_playoffs-quarterfinal-3-2022-9-3/player_game_stats.json.gz,Quarterfinals
2022,post,2022_ev45,playoffs-quarterfinal-3-2022-9-3,playoffs-quarterfinal-3-2022-9-3,43,12,2022-09-03,ATL,Atlas,WAT,Waterdogs,ATL,Atlas,WAT,Waterdogs,1,000254,Trevor,Baptiste,Trevor Baptiste,trevor baptiste,trevor-baptiste,https://img.premierlacrosseleague.com/Players/2026/trevor-baptiste.webp?v=4,FO,Faceoff,9,1,0.0,0.0,0.0,0.0,0.0,0.0,1.0,0.0,1,1.0,1.0,0.0,0.0,0.0,0.0,0.0,0.0,0.0,0.0,0.0,7.0,1.0,0.0,16,16,32,0.5,0.0,0.0,0.0,0.0,16 - 32,0.0,9.0,7.0,/home/runner/work/PLL_Analytics/PLL_Analytics/data/source_data/api_responses/season_2022/game_playoffs-quarterfinal-3-2022-9-3/player_game_stats.json.gz,Quarterfinals
2022,post,2022_ev45,playoffs-quarterfinal-3-2022-9-3,playoffs-quarterfinal-3-2022-9-3,43,12,2022-09-03,ATL,Atlas,WAT,Waterdogs,ATL,Atlas,WAT,Waterdogs,1,000255,Tucker,Durkin,Tucker Durkin,tucker durkin,tucker-durkin,https://img.premierlacrosseleague.com/Players/2023/tucker-durkin.png?v=1,D,Defense,51,1,0.0,0.0,0.0,0.0,0.0,0.0,0.0,0.0,0,,0.0,0.0,0.0,0.0,0.0,0.0,0.0,0.0,0.0,0.0,1.0,0.0,1.0,0,0,0,0.0,0.0,0.0,0.0,0.0,,0.0,5.0,5.0,/home/runner/work/PLL_Analytics/PLL_Analytics/data/source_data/api_responses/season_2022/game_playoffs-quarterfinal-3-2022-9-3/player_game_stats.json.gz,Quarterfinals
2022,post,2022_ev45,playoffs-quarterfinal-3-2022-9-3,playoffs-quarterfinal-3-2022-9-3,43,12,2022-09-03,WAT,Waterdogs,ATL,Atlas,WAT,Waterdogs,ATL,Atlas,0,001406,Ben,Randall,Ben Randall,ben randall,ben-randall,https://img.premierlacrosseleague.com/Players/2026/ben-randall.webp,D,Defense,44,1,0.0,0.0,0.0,0.0,0.0,0.0,0.0,0.0,0,,0.0,0.0,0.0,0.0,0.0,0.0,0.0,0.0,0.0,0.0,1.0,0.0,3.0,0,0,0,0.0,0.0,0.0,0.0,0.0,,0.0,6.0,6.0,/home/runner/work/PLL_Analytics/PLL_Analytics/data/source_data/api_responses/season_2022/game_playoffs-quarterfinal-3-2022-9-3/player_game_stats.json.gz,Quarterfinals
2022,post,2022_ev45,playoffs-quarterfinal-3-2022-9-3,playoffs-quarterfinal-3-2022-9-3,43,12,2022-09-03,WAT,Waterdogs,ATL,Atlas,WAT,Waterdogs,ATL,Atlas,0,000368,Chris,Sabia,Chris Sabia,chris sabia,chris-sabia,https://img.premierlacrosseleague.com/Players/2024/chris-sabia?v=2,LSM,Long Stick Midfield,16,1,1.0,0.0,0.0,0.0,0.0,1.0,0.0,0.0,0,,0.0,0.0,0.0,0.0,0.0,0.0,0.0,0.0,0.0,0.0,4.0,1.0,0.0,0,0,0,0.0,0.0,0.0,0.0,0.0,,1.0,5.0,4.0,/home/runner/work/PLL_Analytics/PLL_Analytics/data/source_data/api_responses/season_2022/game_playoffs-quarterfinal-3-2022-9-3/player_game_stats.json.gz,Quarterfinals
2022,post,2022_ev45,playoffs-quarterfinal-3-2022-9-3,playoffs-quarterfinal-3-2022-9-3,43,12,2022-09-03,WAT,Waterdogs,ATL,Atlas,WAT,Waterdogs,ATL,Atlas,0,001795,Christian,Scarpello,Christian Scarpello,christian scarpello,christian-scarpello,https://img.premierlacrosseleague.com/Players/2026/christian-scarpello.webp?v=1,SSDM,Defensive Midfield,50,1,1.0,0.0,0.0,0.0,0.0,1.0,0.0,0.0,0,,0.0,0.0,0.0,0.0,0.0,0.0,0.0,0.0,0.0,0.0,0.0,1.0,0.0,0,0,0,0.0,0.0,0.0,1.0,0.5,,1.0,5.0,4.0,/home/runner/work/PLL_Analytics/PLL_Analytics/data/source_data/api_responses/season_2022/game_playoffs-quarterfinal-3-2022-9-3/player_game_stats.json.gz,Quarterfinals
2022,post,2022_ev45,playoffs-quarterfinal-3-2022-9-3,playoffs-quarterfinal-3-2022-9-3,43,12,2022-09-03,WAT,Waterdogs,ATL,Atlas,WAT,Waterdogs,ATL,Atlas,0,000339,Connor,Kelly,Connor Kelly,connor kelly,connor-kelly,https://img.premierlacrosseleague.com/Players/2026/connor-kelly.webp,M,Midfield,40,1,0.0,0.0,0.0,0.0,0.0,0.0,2.0,0.0,0,0.0,0.0,0.0,0.0,0.0,0.0,0.0,0.0,0.0,0.0,0.0,0.0,0.0,0.0,0,0,0,0.0,0.0,0.0,0.0,0.0,,0.0,11.0,9.0,/home/runner/work/PLL_Analytics/PLL_Analytics/data/source_data/api_responses/season_2022/game_playoffs-quarterfinal-3-2022-9-3/player_game_stats.json.gz,Quarterfinals
2022,post,2022_ev45,playoffs-quarterfinal-3-2022-9-3,playoffs-quarterfinal-3-2022-9-3,43,12,2022-09-03,WAT,Waterdogs,ATL,Atlas,WAT,Waterdogs,ATL,Atlas,0,000418,Dillon,Ward,Dillon Ward,dillon ward,dillon-ward,https://img.premierlacrosseleague.com/Players/2026/dillon-ward.webp?v=5,G,Goalie,37,1,0.0,0.0,0.0,0.0,0.0,0.0,0.0,0.0,0,,0.0,13.0,1.0,12.0,0.52,0.07692307692307693,12.0,2.0,14.0,14.0,1.0,1.0,1.0,0,0,0,0.0,12.0,2.0,0.0,0.0,,0.0,10.0,9.0,/home/runner/work/PLL_Analytics/PLL_Analytics/data/source_data/api_responses/season_2022/game_playoffs-quarterfinal-3-2022-9-3/player_game_stats.json.gz,Quarterfinals
2022,post,2022_ev45,playoffs-quarterfinal-3-2022-9-3,playoffs-quarterfinal-3-2022-9-3,43,12,2022-09-03,WAT,Waterdogs,ATL,Atlas,WAT,Waterdogs,ATL,Atlas,0,000410,Eli,Gobrecht,Eli Gobrecht,eli gobrecht,eli-gobrecht,https://img.premierlacrosseleague.com/Players/2026/eli-gobrecht.webp?v=4,D,Defense,25,1,0.0,0.0,0.0,0.0,0.0,0.0,0.0,0.0,0,,0.0,0.0,0.0,0.0,0.0,0.0,0.0,0.0,0.0,0.0,2.0,1.0,0.0,0,0,0,0.0,0.0,0.0,1.0,1.0,,0.0,6.0,5.0,/home/runner/work/PLL_Analytics/PLL_Analytics/data/source_data/api_responses/season_2022/game_playoffs-quarterfinal-3-2022-9-3/player_game_stats.json.gz,Quarterfinals
2022,post,2022_ev45,playoffs-quarterfinal-3-2022-9-3,playoffs-quarterfinal-3-2022-9-3,43,12,2022-09-03,WAT,Waterdogs,ATL,Atlas,WAT,Waterdogs,ATL,Atlas,0,001835,Ethan,Walker,Ethan Walker,ethan walker,ethan-walker,https://img.premierlacrosseleague.com/Players/2024/ethan-walker?v=2,A,Attack,57,1,4.0,3.0,3.0,0.0,3.0,1.0,5.0,0.6,3,0.6,0.0,0.0,0.0,0.0,0.0,0.0,0.0,0.0,0.0,0.0,3.0,1.0,0.0,0,0,0,0.0,0.0,0.0,0.0,0.0,,2.0,25.0,19.0,/home/runner/work/PLL_Analytics/PLL_Analytics/data/source_data/api_responses/season_2022/game_playoffs-quarterfinal-3-2022-9-3/player_game_stats.json.gz,Quarterfinals
2022,post,2022_ev45,playoffs-quarterfinal-3-2022-9-3,playoffs-quarterfinal-3-2022-9-3,43,12,2022-09-03,WAT,Waterdogs,ATL,Atlas,WAT,Waterdogs,ATL,Atlas,0,002028,Jack,Hannah,Jack Hannah,jack hannah,jack-hannah,https://img.premierlacrosseleague.com/Players/2026/jack-hannah.webp?v=4,M,Midfield,3,1,1.0,0.0,0.0,0.0,0.0,1.0,3.0,0.0,2,0.6666666666666666,0.0,0.0,0.0,0.0,0.0,0.0,0.0,0.0,0.0,0.0,0.0,0.0,0.0,0,0,0,0.0,0.0,0.0,0.0,0.0,,1.0,11.0,8.0,/home/runner/work/PLL_Analytics/PLL_Analytics/data/source_data/api_responses/season_2022/game_playoffs-quarterfinal-3-2022-9-3/player_game_stats.json.gz,Quarterfinals
2022,post,2022_ev45,playoffs-quarterfinal-3-2022-9-3,playoffs-quarterfinal-3-2022-9-3,43,12,2022-09-03,WAT,Waterdogs,ATL,Atlas,WAT,Waterdogs,ATL,Atlas,0,000427,Jake,Withers,Jake Withers,jake withers,jake-withers,https://img.premierlacrosseleague.com/Players/2022/jake-withers.png?v=1,FO,Faceoff,18,1,0.0,0.0,0.0,0.0,0.0,0.0,0.0,0.0,0,,0.0,0.0,0.0,0.0,0.0,0.0,0.0,0.0,0.0,0.0,3.0,0.0,1.0,17,16,33,0.5151515151515151,0.0,0.0,0.0,0.0,17 - 33,0.0,3.0,3.0,/home/runner/work/PLL_Analytics/PLL_Analytics/data/source_data/api_responses/season_2022/game_playoffs-quarterfinal-3-2022-9-3/player_game_stats.json.gz,Quarterfinals
2022,post,2022_ev45,playoffs-quarterfinal-3-2022-9-3,playoffs-quarterfinal-3-2022-9-3,43,12,2022-09-03,WAT,Waterdogs,ATL,Atlas,WAT,Waterdogs,ATL,Atlas,0,000240,Kieran,McArdle,Kieran McArdle,kieran mcardle,kieran-mcardle,https://img.premierlacrosseleague.com/Players/2026/kieran-mcardle.webp,A,Attack,6,1,3.0,2.0,2.0,0.0,2.0,1.0,2.0,1.0,2,1.0,0.0,0.0,0.0,0.0,0.0,0.0,0.0,0.0,0.0,0.0,2.0,5.0,0.0,0,0,0,0.0,0.0,0.0,1.0,0.5,,6.0,36.0,29.0,/home/runner/work/PLL_Analytics/PLL_Analytics/data/source_data/api_responses/season_2022/game_playoffs-quarterfinal-3-2022-9-3/player_game_stats.json.gz,Quarterfinals
2022,post,2022_ev45,playoffs-quarterfinal-3-2022-9-3,playoffs-quarterfinal-3-2022-9-3,43,12,2022-09-03,WAT,Waterdogs,ATL,Atlas,WAT,Waterdogs,ATL,Atlas,0,000925,Liam,Byrnes,Liam Byrnes,liam byrnes,liam-byrnes,https://img.premierlacrosseleague.com/Players/2026/liam-byrnes.webp,D,Defense,21,1,0.0,0.0,0.0,0.0,0.0,0.0,0.0,0.0,0,,0.0,0.0,0.0,0.0,0.0,0.0,0.0,0.0,0.0,0.0,3.0,0.0,2.0,0,0,0,0.0,0.0,0.0,0.0,0.0,,0.0,8.0,8.0,/home/runner/work/PLL_Analytics/PLL_Analytics/data/source_data/api_responses/season_2022/game_playoffs-quarterfinal-3-2022-9-3/player_game_stats.json.gz,Quarterfinals
2022,post,2022_ev45,playoffs-quarterfinal-3-2022-9-3,playoffs-quarterfinal-3-2022-9-3,43,12,2022-09-03,WAT,Waterdogs,ATL,Atlas,WAT,Waterdogs,ATL,Atlas,0,001707,Matt,Whitcher,Matt Whitcher,matt whitcher,matt-whitcher,https://img.premierlacrosseleague.com/Players/2026/matt-whitcher.webp?v=5,SSDM,Defensive Midfield,33,1,1.0,1.0,1.0,0.0,1.0,0.0,1.0,1.0,1,1.0,0.0,0.0,0.0,0.0,0.0,0.0,0.0,0.0,0.0,0.0,1.0,1.0,0.0,0,0,0,0.0,0.0,0.0,0.0,0.0,,0.0,9.0,7.0,/home/runner/work/PLL_Analytics/PLL_Analytics/data/source_data/api_responses/season_2022/game_playoffs-quarterfinal-3-2022-9-3/player_game_stats.json.gz,Quarterfinals
2022,post,2022_ev45,playoffs-quarterfinal-3-2022-9-3,playoffs-quarterfinal-3-2022-9-3,43,12,2022-09-03,WAT,Waterdogs,ATL,Atlas,WAT,Waterdogs,ATL,Atlas,0,001810,Michael,Sowers,Michael Sowers,michael sowers,michael-sowers,https://img.premierlacrosseleague.com/Players/2026/michael-sowers.webp,A,Attack,22,1,5.0,3.0,3.0,0.0,3.0,2.0,6.0,0.5,5,0.8333333333333334,0.0,0.0,0.0,0.0,0.0,0.0,0.0,0.0,0.0,0.0,0.0,3.0,0.0,0,0,0,0.0,0.0,0.0,0.0,0.0,,8.0,32.0,23.0,/home/runner/work/PLL_Analytics/PLL_Analytics/data/source_data/api_responses/season_2022/game_playoffs-quarterfinal-3-2022-9-3/player_game_stats.json.gz,Quarterfinals
2022,post,2022_ev45,playoffs-quarterfinal-3-2022-9-3,playoffs-quarterfinal-3-2022-9-3,43,12,2022-09-03,WAT,Waterdogs,ATL,Atlas,WAT,Waterdogs,ATL,Atlas,0,001391,Mikie,Schlosser,Mikie Schlosser,mikie schlosser,mikie-schlosser,https://img.premierlacrosseleague.com/Players/2026/mikie-schlosser.webp?v=4,M,Midfield,59,1,2.0,2.0,0.0,1.0,1.0,0.0,4.0,0.25,2,0.5,2.0,0.0,0.0,0.0,0.0,0.0,0.0,0.0,0.0,0.0,0.0,2.0,0.0,0,0,0,0.0,0.0,0.0,0.0,0.0,,0.0,16.0,10.0,/home/runner/work/PLL_Analytics/PLL_Analytics/data/source_data/api_responses/season_2022/game_playoffs-quarterfinal-3-2022-9-3/player_game_stats.json.gz,Quarterfinals
2022,post,2022_ev45,playoffs-quarterfinal-3-2022-9-3,playoffs-quarterfinal-3-2022-9-3,43,12,2022-09-03,WAT,Waterdogs,ATL,Atlas,WAT,Waterdogs,ATL,Atlas,0,000363,Ryan,Conrad,Ryan Conrad,ryan conrad,ryan-conrad,https://img.premierlacrosseleague.com/Players/2025/ryan-conrad?v=4,M,Midfield,15,1,5.0,4.0,2.0,1.0,3.0,1.0,4.0,0.75,4,1.0,1.0,0.0,0.0,0.0,0.0,0.0,0.0,0.0,0.0,0.0,2.0,1.0,0.0,0,0,0,0.0,0.0,0.0,1.0,0.5,,2.0,13.0,8.0,/home/runner/work/PLL_Analytics/PLL_Analytics/data/source_data/api_responses/season_2022/game_playoffs-quarterfinal-3-2022-9-3/player_game_stats.json.gz,Quarterfinals
2022,post,2022_ev45,playoffs-quarterfinal-3-2022-9-3,playoffs-quarterfinal-3-2022-9-3,43,12,2022-09-03,WAT,Waterdogs,ATL,Atlas,WAT,Waterdogs,ATL,Atlas,0,000416,Ryland,Rees,Ryland Rees,ryland rees,ryland-rees,https://img.premierlacrosseleague.com/Players/2025/ryland-rees.png?v=3,LSM,Long Stick Midfield,17,1,2.0,2.0,2.0,0.0,2.0,0.0,4.0,0.5,2,0.5,1.0,0.0,0.0,0.0,0.0,0.0,0.0,0.0,0.0,0.0,6.0,0.0,0.0,0,0,0,0.0,0.0,0.0,0.0,0.0,,1.0,11.0,7.0,/home/runner/work/PLL_Analytics/PLL_Analytics/data/source_data/api_responses/season_2022/game_playoffs-quarterfinal-3-2022-9-3/player_game_stats.json.gz,Quarterfinals
2022,post,2022_ev45,playoffs-quarterfinal-3-2022-9-3,playoffs-quarterfinal-3-2022-9-3,43,12,2022-09-03,WAT,Waterdogs,ATL,Atlas,WAT,Waterdogs,ATL,Atlas,0,000251,Steven,DeNapoli,Steven DeNapoli,steven denapoli,steven-denapoli,https://img.premierlacrosseleague.com/Players/2022/steven-denapoli.png?v=1,SSDM,Defensive Midfield,7,1,0.0,0.0,0.0,0.0,0.0,0.0,0.0,0.0,0,,0.0,0.0,0.0,0.0,0.0,0.0,0.0,0.0,0.0,0.0,0.0,0.0,0.0,0,0,0,0.0,0.0,0.0,0.0,0.0,,0.0,3.0,3.0,/home/runner/work/PLL_Analytics/PLL_Analytics/data/source_data/api_responses/season_2022/game_playoffs-quarterfinal-3-2022-9-3/player_game_stats.json.gz,Quarterfinals
2022,post,2022_ev45,playoffs-quarterfinal-3-2022-9-3,playoffs-quarterfinal-3-2022-9-3,43,12,2022-09-03,WAT,Waterdogs,ATL,Atlas,WAT,Waterdogs,ATL,Atlas,0,000409,Zach,Currier,Zach Currier,zach currier,zach-currier,https://img.premierlacrosseleague.com/Players/2026/zach-currier.webp?v=4,M,Midfield,77,1,4.0,2.0,2.0,0.0,2.0,2.0,2.0,1.0,2,1.0,0.0,0.0,0.0,0.0,0.0,0.0,0.0,0.0,0.0,0.0,8.0,1.0,1.0,0,0,0,0.0,0.0,0.0,0.0,0.0,,2.0,17.0,14.0,/home/runner/work/PLL_Analytics/PLL_Analytics/data/source_data/api_responses/season_2022/game_playoffs-quarterfinal-3-2022-9-3/player_game_stats.json.gz,Quarterfinals
2022,post,2022_ev47,playoffs-semifinal-2-2022-9-11,playoffs-semifinal-2-2022-9-11,44,13,2022-09-11,WAT,Waterdogs,WHP,Whipsnakes,WAT,Waterdogs,WHP,Whipsnakes,0,001406,Ben,Randall,Ben Randall,ben randall,ben-randall,https://img.premierlacrosseleague.com/Players/2026/ben-randall.webp,D,Defense,44,1,0.0,0.0,0.0,0.0,0.0,0.0,0.0,0.0,0,,0.0,0.0,0.0,0.0,0.0,0.0,0.0,0.0,0.0,0.0,3.0,2.0,1.0,0,0,0,0.0,0.0,0.0,0.0,0.0,,0.0,6.0,4.0,/home/runner/work/PLL_Analytics/PLL_Analytics/data/source_data/api_responses/season_2022/game_playoffs-semifinal-2-2022-9-11/player_game_stats.json.gz,Semifinals
2022,post,2022_ev47,playoffs-semifinal-2-2022-9-11,playoffs-semifinal-2-2022-9-11,44,13,2022-09-11,WAT,Waterdogs,WHP,Whipsnakes,WAT,Waterdogs,WHP,Whipsnakes,0,000368,Chris,Sabia,Chris Sabia,chris sabia,chris-sabia,https://img.premierlacrosseleague.com/Players/2024/chris-sabia?v=2,LSM,Long Stick Midfield,16,1,0.0,0.0,0.0,0.0,0.0,0.0,0.0,0.0,0,,0.0,0.0,0.0,0.0,0.0,0.0,0.0,0.0,0.0,0.0,1.0,0.0,1.0,0,0,0,0.0,0.0,0.0,0.0,0.0,,0.0,3.0,3.0,/home/runner/work/PLL_Analytics/PLL_Analytics/data/source_data/api_responses/season_2022/game_playoffs-semifinal-2-2022-9-11/player_game_stats.json.gz,Semifinals
2022,post,2022_ev47,playoffs-semifinal-2-2022-9-11,playoffs-semifinal-2-2022-9-11,44,13,2022-09-11,WAT,Waterdogs,WHP,Whipsnakes,WAT,Waterdogs,WHP,Whipsnakes,0,001795,Christian,Scarpello,Christian Scarpello,christian scarpello,christian-scarpello,https://img.premierlacrosseleague.com/Players/2026/christian-scarpello.webp?v=1,SSDM,Defensive Midfield,50,1,0.0,0.0,0.0,0.0,0.0,0.0,0.0,0.0,0,,0.0,0.0,0.0,0.0,0.0,0.0,0.0,0.0,0.0,0.0,1.0,0.0,0.0,0,0,0,0.0,0.0,0.0,0.0,0.0,,0.0,8.0,8.0,/home/runner/work/PLL_Analytics/PLL_Analytics/data/source_data/api_responses/season_2022/game_playoffs-semifinal-2-2022-9-11/player_game_stats.json.gz,Semifinals
2022,post,2022_ev47,playoffs-semifinal-2-2022-9-11,playoffs-semifinal-2-2022-9-11,44,13,2022-09-11,WAT,Waterdogs,WHP,Whipsnakes,WAT,Waterdogs,WHP,Whipsnakes,0,000339,Connor,Kelly,Connor Kelly,connor kelly,connor-kelly,https://img.premierlacrosseleague.com/Players/2026/connor-kelly.webp,M,Midfield,40,1,2.0,0.0,0.0,0.0,0.0,2.0,4.0,0.0,2,0.5,1.0,0.0,0.0,0.0,0.0,0.0,0.0,0.0,0.0,0.0,1.0,2.0,0.0,0,0,0,0.0,0.0,0.0,1.0,0.5,,4.0,23.0,17.0,/home/runner/work/PLL_Analytics/PLL_Analytics/data/source_data/api_responses/season_2022/game_playoffs-semifinal-2-2022-9-11/player_game_stats.json.gz,Semifinals
2022,post,2022_ev47,playoffs-semifinal-2-2022-9-11,playoffs-semifinal-2-2022-9-11,44,13,2022-09-11,WAT,Waterdogs,WHP,Whipsnakes,WAT,Waterdogs,WHP,Whipsnakes,0,000418,Dillon,Ward,Dillon Ward,dillon ward,dillon-ward,https://img.premierlacrosseleague.com/Players/2026/dillon-ward.webp?v=5,G,Goalie,37,1,0.0,0.0,0.0,0.0,0.0,0.0,0.0,0.0,0,,0.0,17.0,5.0,12.0,0.62963,0.29411764705882354,10.0,0.0,10.0,10.0,0.0,0.0,0.0,0,0,0,0.0,10.0,0.0,0.0,0.0,,0.0,8.0,8.0,/home/runner/work/PLL_Analytics/PLL_Analytics/data/source_data/api_responses/season_2022/game_playoffs-semifinal-2-2022-9-11/player_game_stats.json.gz,Semifinals
2022,post,2022_ev47,playoffs-semifinal-2-2022-9-11,playoffs-semifinal-2-2022-9-11,44,13,2022-09-11,WAT,Waterdogs,WHP,Whipsnakes,WAT,Waterdogs,WHP,Whipsnakes,0,000410,Eli,Gobrecht,Eli Gobrecht,eli gobrecht,eli-gobrecht,https://img.premierlacrosseleague.com/Players/2026/eli-gobrecht.webp?v=4,D,Defense,25,1,0.0,0.0,0.0,0.0,0.0,0.0,1.0,0.0,1,1.0,0.0,0.0,0.0,0.0,0.0,0.0,0.0,0.0,0.0,0.0,5.0,0.0,1.0,0,0,0,0.0,0.0,0.0,0.0,0.0,,0.0,9.0,8.0,/home/runner/work/PLL_Analytics/PLL_Analytics/data/source_data/api_responses/season_2022/game_playoffs-semifinal-2-2022-9-11/player_game_stats.json.gz,Semifinals
2022,post,2022_ev47,playoffs-semifinal-2-2022-9-11,playoffs-semifinal-2-2022-9-11,44,13,2022-09-11,WAT,Waterdogs,WHP,Whipsnakes,WAT,Waterdogs,WHP,Whipsnakes,0,001835,Ethan,Walker,Ethan Walker,ethan walker,ethan-walker,https://img.premierlacrosseleague.com/Players/2024/ethan-walker?v=2,A,Attack,57,1,3.0,2.0,2.0,0.0,2.0,1.0,2.0,1.0,2,1.0,0.0,0.0,0.0,0.0,0.0,0.0,0.0,0.0,0.0,0.0,1.0,3.0,0.0,0,0,0,0.0,0.0,0.0,0.0,0.0,,6.0,30.0,25.0,/home/runner/work/PLL_Analytics/PLL_Analytics/data/source_data/api_responses/season_2022/game_playoffs-semifinal-2-2022-9-11/player_game_stats.json.gz,Semifinals
2022,post,2022_ev47,playoffs-semifinal-2-2022-9-11,playoffs-semifinal-2-2022-9-11,44,13,2022-09-11,WAT,Waterdogs,WHP,Whipsnakes,WAT,Waterdogs,WHP,Whipsnakes,0,002028,Jack,Hannah,Jack Hannah,jack hannah,jack-hannah,https://img.premierlacrosseleague.com/Players/2026/jack-hannah.webp?v=4,M,Midfield,3,1,0.0,0.0,0.0,0.0,0.0,0.0,4.0,0.0,1,0.25,0.0,0.0,0.0,0.0,0.0,0.0,0.0,0.0,0.0,0.0,0.0,2.0,1.0,0,0,0,0.0,0.0,0.0,0.0,0.0,,2.0,14.0,8.0,/home/runner/work/PLL_Analytics/PLL_Analytics/data/source_data/api_responses/season_2022/game_playoffs-semifinal-2-2022-9-11/player_game_stats.json.gz,Semifinals
2022,post,2022_ev47,playoffs-semifinal-2-2022-9-11,playoffs-semifinal-2-2022-9-11,44,13,2022-09-11,WAT,Waterdogs,WHP,Whipsnakes,WAT,Waterdogs,WHP,Whipsnakes,0,000427,Jake,Withers,Jake Withers,jake withers,jake-withers,https://img.premierlacrosseleague.com/Players/2022/jake-withers.png?v=1,FO,Faceoff,18,1,0.0,0.0,0.0,0.0,0.0,0.0,0.0,0.0,0,,0.0,0.0,0.0,0.0,0.0,0.0,0.0,0.0,0.0,0.0,5.0,1.0,1.0,11,12,23,0.4782608695652174,0.0,0.0,1.0,0.5,11 - 23,0.0,4.0,3.0,/home/runner/work/PLL_Analytics/PLL_Analytics/data/source_data/api_responses/season_2022/game_playoffs-semifinal-2-2022-9-11/player_game_stats.json.gz,Semifinals
2022,post,2022_ev47,playoffs-semifinal-2-2022-9-11,playoffs-semifinal-2-2022-9-11,44,13,2022-09-11,WAT,Waterdogs,WHP,Whipsnakes,WAT,Waterdogs,WHP,Whipsnakes,0,000240,Kieran,McArdle,Kieran McArdle,kieran mcardle,kieran-mcardle,https://img.premierlacrosseleague.com/Players/2026/kieran-mcardle.webp,A,Attack,6,1,4.0,3.0,3.0,0.0,3.0,1.0,7.0,0.42857142857142855,6,0.8571428571428571,0.0,0.0,0.0,0.0,0.0,0.0,0.0,0.0,0.0,0.0,2.0,4.0,0.0,0,0,0,0.0,0.0,0.0,0.0,0.0,,2.0,29.0,18.0,/home/runner/work/PLL_Analytics/PLL_Analytics/data/source_data/api_responses/season_2022/game_playoffs-semifinal-2-2022-9-11/player_game_stats.json.gz,Semifinals
2022,post,2022_ev47,playoffs-semifinal-2-2022-9-11,playoffs-semifinal-2-2022-9-11,44,13,2022-09-11,WAT,Waterdogs,WHP,Whipsnakes,WAT,Waterdogs,WHP,Whipsnakes,0,000925,Liam,Byrnes,Liam Byrnes,liam byrnes,liam-byrnes,https://img.premierlacrosseleague.com/Players/2026/liam-byrnes.webp,D,Defense,21,1,0.0,0.0,0.0,0.0,0.0,0.0,0.0,0.0,0,,0.0,0.0,0.0,0.0,0.0,0.0,0.0,0.0,0.0,0.0,2.0,0.0,1.0,0,0,0,0.0,0.0,0.0,0.0,0.0,,0.0,7.0,7.0,/home/runner/work/PLL_Analytics/PLL_Analytics/data/source_data/api_responses/season_2022/game_playoffs-semifinal-2-2022-9-11/player_game_stats.json.gz,Semifinals
2022,post,2022_ev47,playoffs-semifinal-2-2022-9-11,playoffs-semifinal-2-2022-9-11,44,13,2022-09-11,WAT,Waterdogs,WHP,Whipsnakes,WAT,Waterdogs,WHP,Whipsnakes,0,001707,Matt,Whitcher,Matt Whitcher,matt whitcher,matt-whitcher,https://img.premierlacrosseleague.com/Players/2026/matt-whitcher.webp?v=5,SSDM,Defensive Midfield,33,1,1.0,1.0,1.0,0.0,1.0,0.0,1.0,1.0,1,1.0,0.0,0.0,0.0,0.0,0.0,0.0,0.0,0.0,0.0,0.0,0.0,0.0,0.0,0,0,0,0.0,0.0,0.0,0.0,0.0,,1.0,6.0,5.0,/home/runner/work/PLL_Analytics/PLL_Analytics/data/source_data/api_responses/season_2022/game_playoffs-semifinal-2-2022-9-11/player_game_stats.json.gz,Semifinals
2022,post,2022_ev47,playoffs-semifinal-2-2022-9-11,playoffs-semifinal-2-2022-9-11,44,13,2022-09-11,WAT,Waterdogs,WHP,Whipsnakes,WAT,Waterdogs,WHP,Whipsnakes,0,001810,Michael,Sowers,Michael Sowers,michael sowers,michael-sowers,https://img.premierlacrosseleague.com/Players/2026/michael-sowers.webp,A,Attack,22,1,4.0,3.0,3.0,0.0,3.0,1.0,5.0,0.6,4,0.8,0.0,0.0,0.0,0.0,0.0,0.0,0.0,0.0,0.0,0.0,1.0,0.0,0.0,0,0,0,0.0,0.0,0.0,0.0,0.0,,4.0,17.0,12.0,/home/runner/work/PLL_Analytics/PLL_Analytics/data/source_data/api_responses/season_2022/game_playoffs-semifinal-2-2022-9-11/player_game_stats.json.gz,Semifinals
2022,post,2022_ev47,playoffs-semifinal-2-2022-9-11,playoffs-semifinal-2-2022-9-11,44,13,2022-09-11,WAT,Waterdogs,WHP,Whipsnakes,WAT,Waterdogs,WHP,Whipsnakes,0,001391,Mikie,Schlosser,Mikie Schlosser,mikie schlosser,mikie-schlosser,https://img.premierlacrosseleague.com/Players/2026/mikie-schlosser.webp?v=4,M,Midfield,59,1,0.0,0.0,0.0,0.0,0.0,0.0,1.0,0.0,0,0.0,0.0,0.0,0.0,0.0,0.0,0.0,0.0,0.0,0.0,0.0,0.0,1.0,0.0,0,0,0,0.0,0.0,0.0,0.0,0.0,,1.0,4.0,2.0,/home/runner/work/PLL_Analytics/PLL_Analytics/data/source_data/api_responses/season_2022/game_playoffs-semifinal-2-2022-9-11/player_game_stats.json.gz,Semifinals
2022,post,2022_ev47,playoffs-semifinal-2-2022-9-11,playoffs-semifinal-2-2022-9-11,44,13,2022-09-11,WAT,Waterdogs,WHP,Whipsnakes,WAT,Waterdogs,WHP,Whipsnakes,0,000363,Ryan,Conrad,Ryan Conrad,ryan conrad,ryan-conrad,https://img.premierlacrosseleague.com/Players/2025/ryan-conrad?v=4,M,Midfield,15,1,1.0,1.0,1.0,0.0,1.0,0.0,3.0,0.3333333333333333,2,0.6666666666666666,0.0,0.0,0.0,0.0,0.0,0.0,0.0,0.0,0.0,0.0,1.0,2.0,0.0,0,0,0,0.0,0.0,0.0,0.0,0.0,,2.0,18.0,13.0,/home/runner/work/PLL_Analytics/PLL_Analytics/data/source_data/api_responses/season_2022/game_playoffs-semifinal-2-2022-9-11/player_game_stats.json.gz,Semifinals
2022,post,2022_ev47,playoffs-semifinal-2-2022-9-11,playoffs-semifinal-2-2022-9-11,44,13,2022-09-11,WAT,Waterdogs,WHP,Whipsnakes,WAT,Waterdogs,WHP,Whipsnakes,0,000416,Ryland,Rees,Ryland Rees,ryland rees,ryland-rees,https://img.premierlacrosseleague.com/Players/2025/ryland-rees.png?v=3,LSM,Long Stick Midfield,17,1,0.0,0.0,0.0,0.0,0.0,0.0,0.0,0.0,0,,0.0,0.0,0.0,0.0,0.0,0.0,0.0,0.0,0.0,0.0,3.0,0.0,1.0,0,0,0,0.0,0.0,0.0,0.0,0.0,,0.0,5.0,5.0,/home/runner/work/PLL_Analytics/PLL_Analytics/data/source_data/api_responses/season_2022/game_playoffs-semifinal-2-2022-9-11/player_game_stats.json.gz,Semifinals
2022,post,2022_ev47,playoffs-semifinal-2-2022-9-11,playoffs-semifinal-2-2022-9-11,44,13,2022-09-11,WAT,Waterdogs,WHP,Whipsnakes,WAT,Waterdogs,WHP,Whipsnakes,0,000251,Steven,DeNapoli,Steven DeNapoli,steven denapoli,steven-denapoli,https://img.premierlacrosseleague.com/Players/2022/steven-denapoli.png?v=1,SSDM,Defensive Midfield,7,1,1.0,0.0,0.0,0.0,0.0,1.0,0.0,0.0,0,,0.0,0.0,0.0,0.0,0.0,0.0,0.0,0.0,0.0,0.0,0.0,0.0,0.0,0,0,0,0.0,0.0,0.0,0.0,0.0,,1.0,4.0,4.0,/home/runner/work/PLL_Analytics/PLL_Analytics/data/source_data/api_responses/season_2022/game_playoffs-semifinal-2-2022-9-11/player_game_stats.json.gz,Semifinals
2022,post,2022_ev47,playoffs-semifinal-2-2022-9-11,playoffs-semifinal-2-2022-9-11,44,13,2022-09-11,WAT,Waterdogs,WHP,Whipsnakes,WAT,Waterdogs,WHP,Whipsnakes,0,000409,Zach,Currier,Zach Currier,zach currier,zach-currier,https://img.premierlacrosseleague.com/Players/2026/zach-currier.webp?v=4,M,Midfield,77,1,1.0,1.0,1.0,0.0,1.0,0.0,3.0,0.3333333333333333,2,0.6666666666666666,0.0,0.0,0.0,0.0,0.0,0.0,0.0,0.0,0.0,0.0,4.0,1.0,0.0,0,2,2,0.0,0.0,0.0,0.0,0.0,0 - 2,1.0,17.0,13.0,/home/runner/work/PLL_Analytics/PLL_Analytics/data/source_data/api_responses/season_2022/game_playoffs-semifinal-2-2022-9-11/player_game_stats.json.gz,Semifinals
2022,post,2022_ev47,playoffs-semifinal-2-2022-9-11,playoffs-semifinal-2-2022-9-11,44,13,2022-09-11,WHP,Whipsnakes,WAT,Waterdogs,WHP,Whipsnakes,WAT,Waterdogs,1,000390,Brad,Smith,Brad Smith,brad smith,brad-smith,https://img.premierlacrosseleague.com/Players/2026/brad-smith.webp,M,Midfield,27,1,3.0,2.0,2.0,0.0,2.0,1.0,4.0,0.5,3,0.75,1.0,0.0,0.0,0.0,0.0,0.0,0.0,0.0,0.0,0.0,5.0,4.0,1.0,0,0,0,0.0,0.0,0.0,0.0,0.0,,6.0,31.0,23.0,/home/runner/work/PLL_Analytics/PLL_Analytics/data/source_data/api_responses/season_2022/game_playoffs-semifinal-2-2022-9-11/player_game_stats.json.gz,Semifinals
2022,post,2022_ev47,playoffs-semifinal-2-2022-9-11,playoffs-semifinal-2-2022-9-11,44,13,2022-09-11,WHP,Whipsnakes,WAT,Waterdogs,WHP,Whipsnakes,WAT,Waterdogs,1,000946,Bryan,Cole,Bryan Cole,bryan cole,bryan-cole,https://img.premierlacrosseleague.com/Players/2022/bryan-cole.png?v=1,M,Midfield,55,1,0.0,0.0,0.0,0.0,0.0,0.0,2.0,0.0,1,0.5,0.0,0.0,0.0,0.0,0.0,0.0,0.0,0.0,0.0,0.0,1.0,0.0,0.0,0,0,0,0.0,0.0,0.0,0.0,0.0,,4.0,18.0,16.0,/home/runner/work/PLL_Analytics/PLL_Analytics/data/source_data/api_responses/season_2022/game_playoffs-semifinal-2-2022-9-11/player_game_stats.json.gz,Semifinals
2022,post,2022_ev47,playoffs-semifinal-2-2022-9-11,playoffs-semifinal-2-2022-9-11,44,13,2022-09-11,WHP,Whipsnakes,WAT,Waterdogs,WHP,Whipsnakes,WAT,Waterdogs,1,000337,Bryce,Young,Bryce Young,bryce young,bryce-young,https://img.premierlacrosseleague.com/Players/2025/bryce-young.png?v=3,D,Defense,41,1,0.0,0.0,0.0,0.0,0.0,0.0,0.0,0.0,0,,0.0,0.0,0.0,0.0,0.0,0.0,0.0,0.0,0.0,0.0,2.0,0.0,4.0,0,0,0,0.0,0.0,0.0,0.0,0.0,,0.0,6.0,6.0,/home/runner/work/PLL_Analytics/PLL_Analytics/data/source_data/api_responses/season_2022/game_playoffs-semifinal-2-2022-9-11/player_game_stats.json.gz,Semifinals
2022,post,2022_ev47,playoffs-semifinal-2-2022-9-11,playoffs-semifinal-2-2022-9-11,44,13,2022-09-11,WHP,Whipsnakes,WAT,Waterdogs,WHP,Whipsnakes,WAT,Waterdogs,1,001831,Colin,Squires,Colin Squires,colin squires,colin-squires,https://img.premierlacrosseleague.com/Players/2025/colin-squires.png?v=4,LSM,Long Stick Midfield,39,1,0.0,0.0,0.0,0.0,0.0,0.0,0.0,0.0,0,,0.0,0.0,0.0,0.0,0.0,0.0,0.0,0.0,0.0,0.0,4.0,1.0,1.0,1,0,1,1.0,0.0,0.0,0.0,0.0,1 - 1,0.0,4.0,3.0,/home/runner/work/PLL_Analytics/PLL_Analytics/data/source_data/api_responses/season_2022/game_playoffs-semifinal-2-2022-9-11/player_game_stats.json.gz,Semifinals
2022,post,2022_ev47,playoffs-semifinal-2-2022-9-11,playoffs-semifinal-2-2022-9-11,44,13,2022-09-11,WHP,Whipsnakes,WAT,Waterdogs,WHP,Whipsnakes,WAT,Waterdogs,1,001815,Connor,Kirst,Connor Kirst,connor kirst,connor-kirst,https://img.premierlacrosseleague.com/Players/2026/connor-kirst.webp,SSDM,Defensive Midfield,34,1,1.0,1.0,1.0,0.0,1.0,0.0,2.0,0.5,1,0.5,1.0,0.0,0.0,0.0,0.0,0.0,0.0,0.0,0.0,0.0,2.0,0.0,1.0,0,0,0,0.0,0.0,0.0,0.0,0.0,,0.0,8.0,6.0,/home/runner/work/PLL_Analytics/PLL_Analytics/data/source_data/api_responses/season_2022/game_playoffs-semifinal-2-2022-9-11/player_game_stats.json.gz,Semifinals
2022,post,2022_ev47,playoffs-semifinal-2-2022-9-11,playoffs-semifinal-2-2022-9-11,44,13,2022-09-11,WHP,Whipsnakes,WAT,Waterdogs,WHP,Whipsnakes,WAT,Waterdogs,1,002040,Jackson,Reid,Jackson Reid,jackson reid,jackson-reid,https://img.premierlacrosseleague.com/Players/2023/jackson-reid.png?v=1,A,Attack,29,1,0.0,0.0,0.0,0.0,0.0,0.0,4.0,0.0,3,0.75,0.0,0.0,0.0,0.0,0.0,0.0,0.0,0.0,0.0,0.0,1.0,0.0,0.0,0,0,0,0.0,0.0,0.0,0.0,0.0,,1.0,14.0,10.0,/home/runner/work/PLL_Analytics/PLL_Analytics/data/source_data/api_responses/season_2022/game_playoffs-semifinal-2-2022-9-11/player_game_stats.json.gz,Semifinals
2022,post,2022_ev47,playoffs-semifinal-2-2022-9-11,playoffs-semifinal-2-2022-9-11,44,13,2022-09-11,WHP,Whipsnakes,WAT,Waterdogs,WHP,Whipsnakes,WAT,Waterdogs,1,000345,Jake,Bernhardt,Jake Bernhardt,jake bernhardt,jake-bernhardt,https://img.premierlacrosseleague.com/Players/2026/jake-bernhardt.webp?v=4,SSDM,Defensive Midfield,83,1,1.0,1.0,1.0,0.0,1.0,0.0,1.0,1.0,1,1.0,0.0,0.0,0.0,0.0,0.0,0.0,0.0,0.0,0.0,0.0,1.0,0.0,2.0,0,0,0,0.0,0.0,0.0,0.0,0.0,,0.0,10.0,9.0,/home/runner/work/PLL_Analytics/PLL_Analytics/data/source_data/api_responses/season_2022/game_playoffs-semifinal-2-2022-9-11/player_game_stats.json.gz,Semifinals
2022,post,2022_ev47,playoffs-semifinal-2-2022-9-11,playoffs-semifinal-2-2022-9-11,44,13,2022-09-11,WHP,Whipsnakes,WAT,Waterdogs,WHP,Whipsnakes,WAT,Waterdogs,1,000346,Jay,Carlson,Jay Carlson,jay carlson,jay-carlson,https://img.premierlacrosseleague.com/Players/2023/jay-carlson.png?v=1,A,Attack,32,1,1.0,1.0,1.0,0.0,1.0,0.0,4.0,0.25,4,1.0,0.0,0.0,0.0,0.0,0.0,0.0,0.0,0.0,0.0,0.0,1.0,0.0,0.0,0,0,0,0.0,0.0,0.0,1.0,0.5,,2.0,13.0,9.0,/home/runner/work/PLL_Analytics/PLL_Analytics/data/source_data/api_responses/season_2022/game_playoffs-semifinal-2-2022-9-11/player_game_stats.json.gz,Semifinals
2022,post,2022_ev47,playoffs-semifinal-2-2022-9-11,playoffs-semifinal-2-2022-9-11,44,13,2022-09-11,WHP,Whipsnakes,WAT,Waterdogs,WHP,Whipsnakes,WAT,Waterdogs,1,000350,Joseph,Nardella,Joseph Nardella,joseph nardella,joseph-nardella,https://img.premierlacrosseleague.com/Players/2025/joseph-nardella.png?v=3,FO,Faceoff,91,1,0.0,0.0,0.0,0.0,0.0,0.0,0.0,0.0,0,,0.0,0.0,0.0,0.0,0.0,0.0,0.0,0.0,0.0,0.0,2.0,1.0,0.0,13,11,24,0.5416666666666666,0.0,0.0,0.0,0.0,13 - 24,0.0,5.0,4.0,/home/runner/work/PLL_Analytics/PLL_Analytics/data/source_data/api_responses/season_2022/game_playoffs-semifinal-2-2022-9-11/player_game_stats.json.gz,Semifinals
2022,post,2022_ev47,playoffs-semifinal-2-2022-9-11,playoffs-semifinal-2-2022-9-11,44,13,2022-09-11,WHP,Whipsnakes,WAT,Waterdogs,WHP,Whipsnakes,WAT,Waterdogs,1,000353,Kyle,Bernlohr,Kyle Bernlohr,kyle bernlohr,kyle-bernlohr,https://img.premierlacrosseleague.com/Players/2024/kyle-bernlohr?v=3,G,Goalie,35,1,0.0,0.0,0.0,0.0,0.0,0.0,0.0,0.0,0,,0.0,8.0,4.0,4.0,0.42105,0.5,11.0,0.0,11.0,11.0,2.0,0.0,1.0,0,0,0,0.0,11.0,0.0,0.0,0.0,,0.0,16.0,16.0,/home/runner/work/PLL_Analytics/PLL_Analytics/data/source_data/api_responses/season_2022/game_playoffs-semifinal-2-2022-9-11/player_game_stats.json.gz,Semifinals
2022,post,2022_ev47,playoffs-semifinal-2-2022-9-11,playoffs-semifinal-2-2022-9-11,44,13,2022-09-11,WHP,Whipsnakes,WAT,Waterdogs,WHP,Whipsnakes,WAT,Waterdogs,1,000354,Matt,Rambo,Matt Rambo,matt rambo,matt-rambo,https://img.premierlacrosseleague.com/Players/2026/matt-rambo.webp?v=2,A,Attack,9,1,2.0,2.0,2.0,0.0,2.0,0.0,8.0,0.25,4,0.5,0.0,0.0,0.0,0.0,0.0,0.0,0.0,0.0,0.0,0.0,0.0,4.0,0.0,0,0,0,0.0,0.0,0.0,0.0,0.0,,7.0,33.0,21.0,/home/runner/work/PLL_Analytics/PLL_Analytics/data/source_data/api_responses/season_2022/game_playoffs-semifinal-2-2022-9-11/player_game_stats.json.gz,Semifinals
2022,post,2022_ev47,playoffs-semifinal-2-2022-9-11,playoffs-semifinal-2-2022-9-11,44,13,2022-09-11,WHP,Whipsnakes,WAT,Waterdogs,WHP,Whipsnakes,WAT,Waterdogs,1,000355,Matthew,Dunn,Matthew Dunn,matthew dunn,matthew-dunn,https://img.premierlacrosseleague.com/Players/2026/matthew-dunn.webp?v=4,D,Defense,33,1,0.0,0.0,0.0,0.0,0.0,0.0,0.0,0.0,0,,0.0,0.0,0.0,0.0,0.0,0.0,0.0,0.0,0.0,0.0,2.0,0.0,0.0,0,0,0,0.0,0.0,0.0,0.0,0.0,,1.0,11.0,11.0,/home/runner/work/PLL_Analytics/PLL_Analytics/data/source_data/api_responses/season_2022/game_playoffs-semifinal-2-2022-9-11/player_game_stats.json.gz,Semifinals
2022,post,2022_ev47,playoffs-semifinal-2-2022-9-11,playoffs-semifinal-2-2022-9-11,44,13,2022-09-11,WHP,Whipsnakes,WAT,Waterdogs,WHP,Whipsnakes,WAT,Waterdogs,1,000356,Michael,Ehrhardt,Michael Ehrhardt,michael ehrhardt,michael-ehrhardt,https://img.premierlacrosseleague.com/Players/2023/michael-ehrhardt.png?v=1,LSM,Long Stick Midfield,28,1,0.0,0.0,0.0,0.0,0.0,0.0,2.0,0.0,2,1.0,1.0,0.0,0.0,0.0,0.0,0.0,0.0,0.0,0.0,0.0,9.0,1.0,2.0,0,0,0,0.0,0.0,0.0,0.0,0.0,,1.0,14.0,11.0,/home/runner/work/PLL_Analytics/PLL_Analytics/data/source_data/api_responses/season_2022/game_playoffs-semifinal-2-2022-9-11/player_game_stats.json.gz,Semifinals
2022,post,2022_ev47,playoffs-semifinal-2-2022-9-11,playoffs-semifinal-2-2022-9-11,44,13,2022-09-11,WHP,Whipsnakes,WAT,Waterdogs,WHP,Whipsnakes,WAT,Waterdogs,1,000357,Mike,Chanenchuk,Mike Chanenchuk,mike chanenchuk,mike-chanenchuk,https://img.premierlacrosseleague.com/Players/2024/mike-chanenchuk?v=2,M,Midfield,1,1,2.0,1.0,1.0,0.0,1.0,1.0,10.0,0.1,5,0.5,3.0,0.0,0.0,0.0,0.0,0.0,0.0,0.0,0.0,0.0,1.0,1.0,0.0,0,0,0,0.0,0.0,0.0,0.0,0.0,,2.0,27.0,16.0,/home/runner/work/PLL_Analytics/PLL_Analytics/data/source_data/api_responses/season_2022/game_playoffs-semifinal-2-2022-9-11/player_game_stats.json.gz,Semifinals
2022,post,2022_ev47,playoffs-semifinal-2-2022-9-11,playoffs-semifinal-2-2022-9-11,44,13,2022-09-11,WHP,Whipsnakes,WAT,Waterdogs,WHP,Whipsnakes,WAT,Waterdogs,1,000359,Tim,Muller,Tim Muller,tim muller,tim-muller,https://img.premierlacrosseleague.com/Players/2026/tim-muller.webp,D,Defense,14,1,0.0,0.0,0.0,0.0,0.0,0.0,0.0,0.0,0,,0.0,0.0,0.0,0.0,0.0,0.0,0.0,0.0,0.0,0.0,1.0,0.0,1.0,0,0,0,0.0,0.0,0.0,0.0,0.0,,0.0,8.0,8.0,/home/runner/work/PLL_Analytics/PLL_Analytics/data/source_data/api_responses/season_2022/game_playoffs-semifinal-2-2022-9-11/player_game_stats.json.gz,Semifinals
2022,post,2022_ev47,playoffs-semifinal-2-2022-9-11,playoffs-semifinal-2-2022-9-11,44,13,2022-09-11,WHP,Whipsnakes,WAT,Waterdogs,WHP,Whipsnakes,WAT,Waterdogs,1,000361,Tyler,Warner,Tyler Warner,tyler warner,tyler-warner,https://img.premierlacrosseleague.com/Players/2023/tyler-warner.png?v=1,SSDM,Defensive Midfield,5,1,0.0,0.0,0.0,0.0,0.0,0.0,0.0,0.0,0,,0.0,0.0,0.0,0.0,0.0,0.0,0.0,0.0,0.0,0.0,2.0,0.0,2.0,0,0,0,0.0,0.0,0.0,0.0,0.0,,1.0,4.0,4.0,/home/runner/work/PLL_Analytics/PLL_Analytics/data/source_data/api_responses/season_2022/game_playoffs-semifinal-2-2022-9-11/player_game_stats.json.gz,Semifinals
2022,post,2022_ev47,playoffs-semifinal-2-2022-9-11,playoffs-semifinal-2-2022-9-11,44,13,2022-09-11,WHP,Whipsnakes,WAT,Waterdogs,WHP,Whipsnakes,WAT,Waterdogs,1,002029,Wheaton,Jackoboice,Wheaton Jackoboice,wheaton jackoboice,wheaton-jackoboice,https://img.premierlacrosseleague.com/Players/2025/wheaton-jackoboice?v=3,M,Midfield,15,1,0.0,0.0,0.0,0.0,0.0,0.0,0.0,0.0,0,,0.0,0.0,0.0,0.0,0.0,0.0,0.0,0.0,0.0,0.0,0.0,0.0,0.0,0,0,0,0.0,0.0,0.0,0.0,0.0,,3.0,4.0,4.0,/home/runner/work/PLL_Analytics/PLL_Analytics/data/source_data/api_responses/season_2022/game_playoffs-semifinal-2-2022-9-11/player_game_stats.json.gz,Semifinals
2022,post,2022_ev47,playoffs-semifinal-2-2022-9-11,playoffs-semifinal-2-2022-9-11,44,13,2022-09-11,WHP,Whipsnakes,WAT,Waterdogs,WHP,Whipsnakes,WAT,Waterdogs,1,000419,Zed,Williams,Zed Williams,zed williams,zed-williams,https://img.premierlacrosseleague.com/Players/2026/zed-williams.webp,A,Attack,36,1,4.0,2.0,2.0,0.0,2.0,2.0,6.0,0.3333333333333333,4,0.6666666666666666,0.0,0.0,0.0,0.0,0.0,0.0,0.0,0.0,0.0,0.0,1.0,2.0,0.0,0,0,0,0.0,0.0,0.0,0.0,0.0,,6.0,31.0,23.0,/home/runner/work/PLL_Analytics/PLL_Analytics/data/source_data/api_responses/season_2022/game_playoffs-semifinal-2-2022-9-11/player_game_stats.json.gz,Semifinals
2022,post,2022_ev46,playoffs-semifinal-1-2022-9-11,playoffs-semifinal-1-2022-9-11,45,13,2022-09-11,ARC,Archers,CHA,Chaos,ARC,Archers,CHA,Chaos,1,000201,Adam,Ghitelman,Adam Ghitelman,adam ghitelman,adam-ghitelman,https://img.premierlacrosseleague.com/Players/2025/adam-ghitelman.png?v=4,G,Goalie,8,1,0.0,0.0,0.0,0.0,0.0,0.0,0.0,0.0,0,,0.0,11.0,4.0,7.0,0.55,0.36363636363636365,9.0,0.0,9.0,9.0,2.0,0.0,0.0,0,0,0,0.0,9.0,0.0,0.0,0.0,,0.0,17.0,17.0,/home/runner/work/PLL_Analytics/PLL_Analytics/data/source_data/api_responses/season_2022/game_playoffs-semifinal-1-2022-9-11/player_game_stats.json.gz,Semifinals
2022,post,2022_ev46,playoffs-semifinal-1-2022-9-11,playoffs-semifinal-1-2022-9-11,45,13,2022-09-11,ARC,Archers,CHA,Chaos,ARC,Archers,CHA,Chaos,1,000262,Connor,Fields,Connor Fields,connor fields,connor-fields,https://img.premierlacrosseleague.com/Players/2026/connor-fields.webp?v=4,M,Midfield,5,1,1.0,1.0,1.0,0.0,1.0,0.0,3.0,0.3333333333333333,2,0.6666666666666666,0.0,0.0,0.0,0.0,0.0,0.0,0.0,0.0,0.0,0.0,5.0,2.0,1.0,0,0,0,0.0,0.0,0.0,0.0,0.0,,4.0,22.0,17.0,/home/runner/work/PLL_Analytics/PLL_Analytics/data/source_data/api_responses/season_2022/game_playoffs-semifinal-1-2022-9-11/player_game_stats.json.gz,Semifinals
2022,post,2022_ev46,playoffs-semifinal-1-2022-9-11,playoffs-semifinal-1-2022-9-11,45,13,2022-09-11,ARC,Archers,CHA,Chaos,ARC,Archers,CHA,Chaos,1,000207,Dominique,Alexander,Dominique Alexander,dominique alexander,dominique-alexander,https://premierlacrosseleague.com/wp-content/uploads/2021/06/Archers_Dominique_Alexander.jpg?v=1,SSDM,Defensive Midfield,23,1,0.0,0.0,0.0,0.0,0.0,0.0,0.0,0.0,0,,0.0,0.0,0.0,0.0,0.0,0.0,0.0,0.0,0.0,0.0,1.0,0.0,0.0,0,0,0,0.0,0.0,0.0,0.0,0.0,,0.0,5.0,5.0,/home/runner/work/PLL_Analytics/PLL_Analytics/data/source_data/api_responses/season_2022/game_playoffs-semifinal-1-2022-9-11/player_game_stats.json.gz,Semifinals
2022,post,2022_ev46,playoffs-semifinal-1-2022-9-11,playoffs-semifinal-1-2022-9-11,45,13,2022-09-11,ARC,Archers,CHA,Chaos,ARC,Archers,CHA,Chaos,1,000922,Graeme,Hossack,Graeme Hossack,graeme hossack,graeme-hossack,https://img.premierlacrosseleague.com/Players/2025/graeme-hossack.png?v=3,D,Defense,81,1,0.0,0.0,0.0,0.0,0.0,0.0,0.0,0.0,0,,0.0,0.0,0.0,0.0,0.0,0.0,0.0,0.0,0.0,0.0,2.0,0.0,4.0,0,1,1,0.0,0.0,0.0,0.0,0.0,0 - 1,0.0,6.0,6.0,/home/runner/work/PLL_Analytics/PLL_Analytics/data/source_data/api_responses/season_2022/game_playoffs-semifinal-1-2022-9-11/player_game_stats.json.gz,Semifinals
2022,post,2022_ev46,playoffs-semifinal-1-2022-9-11,playoffs-semifinal-1-2022-9-11,45,13,2022-09-11,ARC,Archers,CHA,Chaos,ARC,Archers,CHA,Chaos,1,000391,Grant,Ament,Grant Ament,grant ament,grant-ament,https://img.premierlacrosseleague.com/Players/2026/grant-ament.webp,A,Attack,16,1,1.0,0.0,0.0,0.0,0.0,1.0,4.0,0.0,2,0.5,1.0,0.0,0.0,0.0,0.0,0.0,0.0,0.0,0.0,0.0,0.0,2.0,0.0,0,0,0,0.0,0.0,0.0,0.0,0.0,,5.0,35.0,29.0,/home/runner/work/PLL_Analytics/PLL_Analytics/data/source_data/api_responses/season_2022/game_playoffs-semifinal-1-2022-9-11/player_game_stats.json.gz,Semifinals
2022,post,2022_ev46,playoffs-semifinal-1-2022-9-11,playoffs-semifinal-1-2022-9-11,45,13,2022-09-11,ARC,Archers,CHA,Chaos,ARC,Archers,CHA,Chaos,1,001813,Jared,Conners,Jared Conners,jared conners,jared-conners,https://img.premierlacrosseleague.com/Players/2026/jared-conners.webp?v=6,LSM,Long Stick Midfield,28,1,0.0,0.0,0.0,0.0,0.0,0.0,2.0,0.0,2,1.0,0.0,0.0,0.0,0.0,0.0,0.0,0.0,0.0,0.0,0.0,2.0,0.0,1.0,0,0,0,0.0,0.0,0.0,0.0,0.0,,1.0,6.0,4.0,/home/runner/work/PLL_Analytics/PLL_Analytics/data/source_data/api_responses/season_2022/game_playoffs-semifinal-1-2022-9-11/player_game_stats.json.gz,Semifinals
2022,post,2022_ev46,playoffs-semifinal-1-2022-9-11,playoffs-semifinal-1-2022-9-11,45,13,2022-09-11,ARC,Archers,CHA,Chaos,ARC,Archers,CHA,Chaos,1,002042,Jon,Robbins,Jon Robbins,jon robbins,jon-robbins,https://img.premierlacrosseleague.com/Players/2026/jon-robbins.webp,LSM,Long Stick Midfield,41,1,0.0,0.0,0.0,0.0,0.0,0.0,0.0,0.0,0,,0.0,0.0,0.0,0.0,0.0,0.0,0.0,0.0,0.0,0.0,1.0,0.0,1.0,0,0,0,0.0,0.0,0.0,1.0,1.0,,0.0,2.0,2.0,/home/runner/work/PLL_Analytics/PLL_Analytics/data/source_data/api_responses/season_2022/game_playoffs-semifinal-1-2022-9-11/player_game_stats.json.gz,Semifinals
2022,post,2022_ev46,playoffs-semifinal-1-2022-9-11,playoffs-semifinal-1-2022-9-11,45,13,2022-09-11,ARC,Archers,CHA,Chaos,ARC,Archers,CHA,Chaos,1,002032,Justin,Inacio,Justin Inacio,justin inacio,justin-inacio,https://img.premierlacrosseleague.com/Players/2026/justin-inacio.webp,FO,Faceoff,30,1,0.0,0.0,0.0,0.0,0.0,0.0,1.0,0.0,1,1.0,0.0,0.0,0.0,0.0,0.0,0.0,0.0,0.0,0.0,0.0,8.0,0.0,0.0,7,12,19,0.3684210526315789,0.0,0.0,0.0,0.0,7 - 19,1.0,5.0,4.0,/home/runner/work/PLL_Analytics/PLL_Analytics/data/source_data/api_responses/season_2022/game_playoffs-semifinal-1-2022-9-11/player_game_stats.json.gz,Semifinals
2022,post,2022_ev46,playoffs-semifinal-1-2022-9-11,playoffs-semifinal-1-2022-9-11,45,13,2022-09-11,ARC,Archers,CHA,Chaos,ARC,Archers,CHA,Chaos,1,001796,Latrell,Harris,Latrell Harris,latrell harris,latrell-harris,https://img.premierlacrosseleague.com/Players/2023/latrell-harris.png?v=1,SSDM,Defensive Midfield,22,1,0.0,0.0,0.0,0.0,0.0,0.0,0.0,0.0,0,,0.0,0.0,0.0,0.0,0.0,0.0,0.0,0.0,0.0,0.0,1.0,0.0,1.0,0,0,0,0.0,0.0,0.0,0.0,0.0,,1.0,6.0,6.0,/home/runner/work/PLL_Analytics/PLL_Analytics/data/source_data/api_responses/season_2022/game_playoffs-semifinal-1-2022-9-11/player_game_stats.json.gz,Semifinals
2022,post,2022_ev46,playoffs-semifinal-1-2022-9-11,playoffs-semifinal-1-2022-9-11,45,13,2022-09-11,ARC,Archers,CHA,Chaos,ARC,Archers,CHA,Chaos,1,000216,Marcus,Holman,Marcus Holman,marcus holman,marcus-holman,https://img.premierlacrosseleague.com/Players/2026/marcus-holman.webp,A,Attack,1,1,2.0,2.0,2.0,0.0,2.0,0.0,5.0,0.4,4,0.8,0.0,0.0,0.0,0.0,0.0,0.0,0.0,0.0,0.0,0.0,2.0,0.0,0.0,0,0,0,0.0,0.0,0.0,0.0,0.0,,1.0,20.0,15.0,/home/runner/work/PLL_Analytics/PLL_Analytics/data/source_data/api_responses/season_2022/game_playoffs-semifinal-1-2022-9-11/player_game_stats.json.gz,Semifinals
2022,post,2022_ev46,playoffs-semifinal-1-2022-9-11,playoffs-semifinal-1-2022-9-11,45,13,2022-09-11,ARC,Archers,CHA,Chaos,ARC,Archers,CHA,Chaos,1,000217,Mark,McNeill,Mark McNeill,mark mcneill,mark-mcneill,https://img.premierlacrosseleague.com/Players/2023/mark-mcneill.png?v=1,SSDM,Defensive Midfield,21,1,0.0,0.0,0.0,0.0,0.0,0.0,0.0,0.0,0,,0.0,0.0,0.0,0.0,0.0,0.0,0.0,0.0,0.0,0.0,0.0,0.0,0.0,0,0,0,0.0,0.0,0.0,0.0,0.0,,0.0,4.0,4.0,/home/runner/work/PLL_Analytics/PLL_Analytics/data/source_data/api_responses/season_2022/game_playoffs-semifinal-1-2022-9-11/player_game_stats.json.gz,Semifinals
2022,post,2022_ev46,playoffs-semifinal-1-2022-9-11,playoffs-semifinal-1-2022-9-11,45,13,2022-09-11,ARC,Archers,CHA,Chaos,ARC,Archers,CHA,Chaos,1,000218,Matt,McMahon,Matt McMahon,matt mcmahon,matt-mcmahon,https://img.premierlacrosseleague.com/Players/2023/matt-mcmahon.png?v=1,D,Defense,77,1,0.0,0.0,0.0,0.0,0.0,0.0,0.0,0.0,0,,0.0,0.0,0.0,0.0,0.0,0.0,0.0,0.0,0.0,0.0,1.0,0.0,0.0,0,0,0,0.0,0.0,0.0,0.0,0.0,,0.0,4.0,4.0,/home/runner/work/PLL_Analytics/PLL_Analytics/data/source_data/api_responses/season_2022/game_playoffs-semifinal-1-2022-9-11/player_game_stats.json.gz,Semifinals
2022,post,2022_ev46,playoffs-semifinal-1-2022-9-11,playoffs-semifinal-1-2022-9-11,45,13,2022-09-11,ARC,Archers,CHA,Chaos,ARC,Archers,CHA,Chaos,1,002018,Matt,Moore,Matt Moore,matt moore,matt-moore,https://img.premierlacrosseleague.com/Players/2025/matt-moore.png?v=4,M,Midfield,11,1,2.0,2.0,2.0,0.0,2.0,0.0,9.0,0.2222222222222222,4,0.4444444444444444,2.0,0.0,0.0,0.0,0.0,0.0,0.0,0.0,0.0,0.0,0.0,0.0,0.0,0,0,0,0.0,0.0,0.0,0.0,0.0,,2.0,22.0,13.0,/home/runner/work/PLL_Analytics/PLL_Analytics/data/source_data/api_responses/season_2022/game_playoffs-semifinal-1-2022-9-11/player_game_stats.json.gz,Semifinals
2022,post,2022_ev46,playoffs-semifinal-1-2022-9-11,playoffs-semifinal-1-2022-9-11,45,13,2022-09-11,ARC,Archers,CHA,Chaos,ARC,Archers,CHA,Chaos,1,000221,Ryan,Ambler,Ryan Ambler,ryan ambler,ryan-ambler,https://img.premierlacrosseleague.com/Players/2026/ryan-ambler.webp,M,Midfield,13,1,0.0,0.0,0.0,0.0,0.0,0.0,0.0,0.0,0,,0.0,0.0,0.0,0.0,0.0,0.0,0.0,0.0,0.0,0.0,1.0,2.0,1.0,0,0,0,0.0,0.0,0.0,0.0,0.0,,4.0,14.0,12.0,/home/runner/work/PLL_Analytics/PLL_Analytics/data/source_data/api_responses/season_2022/game_playoffs-semifinal-1-2022-9-11/player_game_stats.json.gz,Semifinals
2022,post,2022_ev46,playoffs-semifinal-1-2022-9-11,playoffs-semifinal-1-2022-9-11,45,13,2022-09-11,ARC,Archers,CHA,Chaos,ARC,Archers,CHA,Chaos,1,000223,Scott,Ratliff,Scott Ratliff,scott ratliff,scott-ratliff,https://img.premierlacrosseleague.com/Players/2022/scott-ratliff.png?v=1,D,Defense,32,1,0.0,0.0,0.0,0.0,0.0,0.0,0.0,0.0,0,,0.0,0.0,0.0,0.0,0.0,0.0,0.0,0.0,0.0,0.0,3.0,0.0,0.0,0,0,0,0.0,0.0,0.0,0.0,0.0,,1.0,14.0,14.0,/home/runner/work/PLL_Analytics/PLL_Analytics/data/source_data/api_responses/season_2022/game_playoffs-semifinal-1-2022-9-11/player_game_stats.json.gz,Semifinals
2022,post,2022_ev46,playoffs-semifinal-1-2022-9-11,playoffs-semifinal-1-2022-9-11,45,13,2022-09-11,ARC,Archers,CHA,Chaos,ARC,Archers,CHA,Chaos,1,000225,Tom,Schreiber,Tom Schreiber,tom schreiber,tom-schreiber,https://img.premierlacrosseleague.com/Players/2025/tom-schreiber.png?v=3,M,Midfield,26,1,2.0,1.0,1.0,0.0,1.0,1.0,9.0,0.1111111111111111,4,0.4444444444444444,1.0,0.0,0.0,0.0,0.0,0.0,0.0,0.0,0.0,0.0,2.0,1.0,0.0,0,0,0,0.0,0.0,0.0,0.0,0.0,,6.0,34.0,24.0,/home/runner/work/PLL_Analytics/PLL_Analytics/data/source_data/api_responses/season_2022/game_playoffs-semifinal-1-2022-9-11/player_game_stats.json.gz,Semifinals
2022,post,2022_ev46,playoffs-semifinal-1-2022-9-11,playoffs-semifinal-1-2022-9-11,45,13,2022-09-11,ARC,Archers,CHA,Chaos,ARC,Archers,CHA,Chaos,1,001821,Tre,Leclaire,Tre Leclaire,tre leclaire,tre-leclaire,https://img.premierlacrosseleague.com/Players/2026/tre-leclaire.webp?v=3,M,Midfield,44,1,1.0,1.0,1.0,0.0,1.0,0.0,2.0,0.5,2,1.0,1.0,0.0,0.0,0.0,0.0,0.0,0.0,0.0,0.0,0.0,1.0,0.0,0.0,0,0,0,0.0,0.0,0.0,0.0,0.0,,0.0,6.0,4.0,/home/runner/work/PLL_Analytics/PLL_Analytics/data/source_data/api_responses/season_2022/game_playoffs-semifinal-1-2022-9-11/player_game_stats.json.gz,Semifinals
2022,post,2022_ev46,playoffs-semifinal-1-2022-9-11,playoffs-semifinal-1-2022-9-11,45,13,2022-09-11,ARC,Archers,CHA,Chaos,ARC,Archers,CHA,Chaos,1,000227,Will,Manny,Will Manny,will manny,will-manny,https://img.premierlacrosseleague.com/Players/2025/will-manny.png?v=4,A,Attack,4,1,0.0,0.0,0.0,0.0,0.0,0.0,5.0,0.0,0,0.0,0.0,0.0,0.0,0.0,0.0,0.0,0.0,0.0,0.0,0.0,0.0,0.0,0.0,0,0,0,0.0,0.0,0.0,0.0,0.0,,5.0,21.0,16.0,/home/runner/work/PLL_Analytics/PLL_Analytics/data/source_data/api_responses/season_2022/game_playoffs-semifinal-1-2022-9-11/player_game_stats.json.gz,Semifinals
2022,post,2022_ev46,playoffs-semifinal-1-2022-9-11,playoffs-semifinal-1-2022-9-11,45,13,2022-09-11,CHA,Chaos,ARC,Archers,CHA,Chaos,ARC,Archers,0,000258,Blaze,Riorden,Blaze Riorden,blaze riorden,blaze-riorden,https://img.premierlacrosseleague.com/Players/2026/blaze-riorden.webp?v=4,G,Goalie,0,1,0.0,0.0,0.0,0.0,0.0,0.0,0.0,0.0,0,,0.0,13.0,5.0,8.0,0.65,0.38461538461538464,7.0,0.0,7.0,7.0,3.0,0.0,1.0,0,0,0,0.0,7.0,0.0,0.0,0.0,,0.0,18.0,18.0,/home/runner/work/PLL_Analytics/PLL_Analytics/data/source_data/api_responses/season_2022/game_playoffs-semifinal-1-2022-9-11/player_game_stats.json.gz,Semifinals
2022,post,2022_ev46,playoffs-semifinal-1-2022-9-11,playoffs-semifinal-1-2022-9-11,45,13,2022-09-11,CHA,Chaos,ARC,Archers,CHA,Chaos,ARC,Archers,0,000727,CJ,Costabile,CJ Costabile,cj costabile,cj-costabile,https://img.premierlacrosseleague.com/Players/2026/cj-costabile.webp?v=4,LSM,Long Stick Midfield,9,1,0.0,0.0,0.0,0.0,0.0,0.0,0.0,0.0,0,,0.0,0.0,0.0,0.0,0.0,0.0,0.0,0.0,0.0,0.0,2.0,1.0,0.0,0,0,0,0.0,0.0,0.0,0.0,0.0,,0.0,5.0,4.0,/home/runner/work/PLL_Analytics/PLL_Analytics/data/source_data/api_responses/season_2022/game_playoffs-semifinal-1-2022-9-11/player_game_stats.json.gz,Semifinals
2022,post,2022_ev46,playoffs-semifinal-1-2022-9-11,playoffs-semifinal-1-2022-9-11,45,13,2022-09-11,CHA,Chaos,ARC,Archers,CHA,Chaos,ARC,Archers,0,000921,Challen,Rogers,Challen Rogers,challen rogers,challen-rogers,https://img.premierlacrosseleague.com/Players/2024/challen-rogers?v=2,M,Midfield,23,1,0.0,0.0,0.0,0.0,0.0,0.0,3.0,0.0,0,0.0,0.0,0.0,0.0,0.0,0.0,0.0,0.0,0.0,0.0,0.0,2.0,4.0,0.0,0,0,0,0.0,0.0,0.0,0.0,0.0,,4.0,23.0,16.0,/home/runner/work/PLL_Analytics/PLL_Analytics/data/source_data/api_responses/season_2022/game_playoffs-semifinal-1-2022-9-11/player_game_stats.json.gz,Semifinals
2022,post,2022_ev46,playoffs-semifinal-1-2022-9-11,playoffs-semifinal-1-2022-9-11,45,13,2022-09-11,CHA,Chaos,ARC,Archers,CHA,Chaos,ARC,Archers,0,001793,Chase,Fraser,Chase Fraser,chase fraser,chase-fraser,https://img.premierlacrosseleague.com/Players/2023/chase-fraser.png?v=1,A,Attack,95,1,0.0,0.0,0.0,0.0,0.0,0.0,2.0,0.0,1,0.5,0.0,0.0,0.0,0.0,0.0,0.0,0.0,0.0,0.0,0.0,0.0,2.0,0.0,0,0,0,0.0,0.0,0.0,0.0,0.0,,2.0,16.0,12.0,/home/runner/work/PLL_Analytics/PLL_Analytics/data/source_data/api_responses/season_2022/game_playoffs-semifinal-1-2022-9-11/player_game_stats.json.gz,Semifinals
2022,post,2022_ev46,playoffs-semifinal-1-2022-9-11,playoffs-semifinal-1-2022-9-11,45,13,2022-09-11,CHA,Chaos,ARC,Archers,CHA,Chaos,ARC,Archers,0,000231,Chris,Cloutier,Chris Cloutier,chris cloutier,chris-cloutier,https://img.premierlacrosseleague.com/Players/2023/chris-cloutier.png?v=1,A,Attack,2,1,3.0,3.0,3.0,0.0,3.0,0.0,9.0,0.3333333333333333,5,0.5555555555555556,1.0,0.0,0.0,0.0,0.0,0.0,0.0,0.0,0.0,0.0,0.0,2.0,0.0,0,0,0,0.0,0.0,0.0,0.0,0.0,,3.0,22.0,11.0,/home/runner/work/PLL_Analytics/PLL_Analytics/data/source_data/api_responses/season_2022/game_playoffs-semifinal-1-2022-9-11/player_game_stats.json.gz,Semifinals
2022,post,2022_ev46,playoffs-semifinal-1-2022-9-11,playoffs-semifinal-1-2022-9-11,45,13,2022-09-11,CHA,Chaos,ARC,Archers,CHA,Chaos,ARC,Archers,0,000266,Dhane,Smith,Dhane Smith,dhane smith,dhane-smith,https://img.premierlacrosseleague.com/Players/2023/dhane-smith.png?v=1,M,Midfield,92,1,2.0,1.0,1.0,0.0,1.0,1.0,2.0,0.5,1,0.5,0.0,0.0,0.0,0.0,0.0,0.0,0.0,0.0,0.0,0.0,0.0,3.0,0.0,0,0,0,0.0,0.0,0.0,0.0,0.0,,6.0,37.0,32.0,/home/runner/work/PLL_Analytics/PLL_Analytics/data/source_data/api_responses/season_2022/game_playoffs-semifinal-1-2022-9-11/player_game_stats.json.gz,Semifinals
2022,post,2022_ev46,playoffs-semifinal-1-2022-9-11,playoffs-semifinal-1-2022-9-11,45,13,2022-09-11,CHA,Chaos,ARC,Archers,CHA,Chaos,ARC,Archers,0,000211,Ian,MacKay,Ian MacKay,ian mackay,ian-mackay,https://img.premierlacrosseleague.com/Players/2024/ian-mackay?v=2,SSDM,Defensive Midfield,55,1,0.0,0.0,0.0,0.0,0.0,0.0,0.0,0.0,0,,0.0,0.0,0.0,0.0,0.0,0.0,0.0,0.0,0.0,0.0,1.0,0.0,0.0,0,0,0,0.0,0.0,0.0,0.0,0.0,,0.0,5.0,5.0,/home/runner/work/PLL_Analytics/PLL_Analytics/data/source_data/api_responses/season_2022/game_playoffs-semifinal-1-2022-9-11/player_game_stats.json.gz,Semifinals
2022,post,2022_ev46,playoffs-semifinal-1-2022-9-11,playoffs-semifinal-1-2022-9-11,45,13,2022-09-11,CHA,Chaos,ARC,Archers,CHA,Chaos,ARC,Archers,0,000365,Jack,Rowlett,Jack Rowlett,jack rowlett,jack-rowlett,https://img.premierlacrosseleague.com/Players/2026/jack-rowlett.webp?v=4,D,Defense,99,1,0.0,0.0,0.0,0.0,0.0,0.0,0.0,0.0,0,,0.0,0.0,0.0,0.0,0.0,0.0,0.0,0.0,0.0,0.0,2.0,0.0,0.0,0,0,0,0.0,0.0,0.0,0.0,0.0,,0.0,7.0,7.0,/home/runner/work/PLL_Analytics/PLL_Analytics/data/source_data/api_responses/season_2022/game_playoffs-semifinal-1-2022-9-11/player_game_stats.json.gz,Semifinals
2022,post,2022_ev46,playoffs-semifinal-1-2022-9-11,playoffs-semifinal-1-2022-9-11,45,13,2022-09-11,CHA,Chaos,ARC,Archers,CHA,Chaos,ARC,Archers,0,000269,Jarrod,Neumann,Jarrod Neumann,jarrod neumann,jarrod-neumann,https://img.premierlacrosseleague.com/Players/2026/jarrod-neumann.webp,D,Defense,88,1,0.0,0.0,0.0,0.0,0.0,0.0,0.0,0.0,0,,0.0,0.0,0.0,0.0,0.0,0.0,0.0,0.0,0.0,0.0,1.0,1.0,0.0,0,0,0,0.0,0.0,0.0,0.0,0.0,,0.0,3.0,2.0,/home/runner/work/PLL_Analytics/PLL_Analytics/data/source_data/api_responses/season_2022/game_playoffs-semifinal-1-2022-9-11/player_game_stats.json.gz,Semifinals
2022,post,2022_ev46,playoffs-semifinal-1-2022-9-11,playoffs-semifinal-1-2022-9-11,45,13,2022-09-11,CHA,Chaos,ARC,Archers,CHA,Chaos,ARC,Archers,0,000272,Josh,Byrne,Josh Byrne,josh byrne,josh-byrne,https://img.premierlacrosseleague.com/Players/2024/josh-byrne?v=2,A,Attack,22,1,2.0,1.0,1.0,0.0,1.0,1.0,10.0,0.1,2,0.2,0.0,0.0,0.0,0.0,0.0,0.0,0.0,0.0,0.0,0.0,4.0,0.0,0.0,0,0,0,0.0,0.0,0.0,0.0,0.0,,3.0,29.0,19.0,/home/runner/work/PLL_Analytics/PLL_Analytics/data/source_data/api_responses/season_2022/game_playoffs-semifinal-1-2022-9-11/player_game_stats.json.gz,Semifinals
2022,post,2022_ev46,playoffs-semifinal-1-2022-9-11,playoffs-semifinal-1-2022-9-11,45,13,2022-09-11,CHA,Chaos,ARC,Archers,CHA,Chaos,ARC,Archers,0,000978,Kyle,Jackson,Kyle Jackson,kyle jackson,kyle-jackson,https://img.premierlacrosseleague.com/Players/2026/kyle-jackson.webp,M,Midfield,47,1,3.0,3.0,3.0,0.0,3.0,0.0,5.0,0.6,4,0.8,0.0,0.0,0.0,0.0,0.0,0.0,0.0,0.0,0.0,0.0,1.0,2.0,0.0,0,0,0,0.0,0.0,0.0,0.0,0.0,,1.0,22.0,15.0,/home/runner/work/PLL_Analytics/PLL_Analytics/data/source_data/api_responses/season_2022/game_playoffs-semifinal-1-2022-9-11/player_game_stats.json.gz,Semifinals
2022,post,2022_ev46,playoffs-semifinal-1-2022-9-11,playoffs-semifinal-1-2022-9-11,45,13,2022-09-11,CHA,Chaos,ARC,Archers,CHA,Chaos,ARC,Archers,0,001814,Mac,O'Keefe,Mac O'Keefe,mac okeefe,mac-o-keefe,https://img.premierlacrosseleague.com/Players/2026/mac-okeefe.webp?v=11,M,Midfield,3,1,1.0,1.0,1.0,0.0,1.0,0.0,5.0,0.2,4,0.8,2.0,0.0,0.0,0.0,0.0,0.0,0.0,0.0,0.0,0.0,0.0,1.0,0.0,0,0,0,0.0,0.0,0.0,0.0,0.0,,0.0,15.0,9.0,/home/runner/work/PLL_Analytics/PLL_Analytics/data/source_data/api_responses/season_2022/game_playoffs-semifinal-1-2022-9-11/player_game_stats.json.gz,Semifinals
2022,post,2022_ev46,playoffs-semifinal-1-2022-9-11,playoffs-semifinal-1-2022-9-11,45,13,2022-09-11,CHA,Chaos,ARC,Archers,CHA,Chaos,ARC,Archers,0,000275,Mark,Glicini,Mark Glicini,mark glicini,mark-glicini,https://img.premierlacrosseleague.com/Players/2026/mark-glicini.webp,SSDM,Defensive Midfield,16,1,0.0,0.0,0.0,0.0,0.0,0.0,0.0,0.0,0,,0.0,0.0,0.0,0.0,0.0,0.0,0.0,0.0,0.0,0.0,1.0,0.0,0.0,0,0,0,0.0,0.0,0.0,0.0,0.0,,0.0,7.0,7.0,/home/runner/work/PLL_Analytics/PLL_Analytics/data/source_data/api_responses/season_2022/game_playoffs-semifinal-1-2022-9-11/player_game_stats.json.gz,Semifinals
2022,post,2022_ev46,playoffs-semifinal-1-2022-9-11,playoffs-semifinal-1-2022-9-11,45,13,2022-09-11,CHA,Chaos,ARC,Archers,CHA,Chaos,ARC,Archers,0,000276,Matt,Rees,Matt Rees,matt rees,matt-rees,https://img.premierlacrosseleague.com/Players/2023/matt-rees.png?v=1,D,Defense,44,1,0.0,0.0,0.0,0.0,0.0,0.0,0.0,0.0,0,,0.0,0.0,0.0,0.0,0.0,0.0,0.0,0.0,0.0,0.0,2.0,0.0,0.0,0,0,0,0.0,0.0,0.0,0.0,0.0,,0.0,7.0,7.0,/home/runner/work/PLL_Analytics/PLL_Analytics/data/source_data/api_responses/season_2022/game_playoffs-semifinal-1-2022-9-11/player_game_stats.json.gz,Semifinals
2022,post,2022_ev46,playoffs-semifinal-1-2022-9-11,playoffs-semifinal-1-2022-9-11,45,13,2022-09-11,CHA,Chaos,ARC,Archers,CHA,Chaos,ARC,Archers,0,001402,Max,Adler,Max Adler,max adler,max-adler,https://img.premierlacrosseleague.com/Players/2023/max-adler.png?v=1,FO,Faceoff,6,1,0.0,0.0,0.0,0.0,0.0,0.0,2.0,0.0,2,1.0,0.0,0.0,0.0,0.0,0.0,0.0,0.0,0.0,0.0,0.0,7.0,1.0,0.0,13,7,20,0.65,0.0,0.0,0.0,0.0,13 - 20,1.0,7.0,4.0,/home/runner/work/PLL_Analytics/PLL_Analytics/data/source_data/api_responses/season_2022/game_playoffs-semifinal-1-2022-9-11/player_game_stats.json.gz,Semifinals
2022,post,2022_ev46,playoffs-semifinal-1-2022-9-11,playoffs-semifinal-1-2022-9-11,45,13,2022-09-11,CHA,Chaos,ARC,Archers,CHA,Chaos,ARC,Archers,0,000279,Patrick,Resch,Patrick Resch,patrick resch,patrick-resch,https://img.premierlacrosseleague.com/Players/2025/patrick-resch.png?v=3,SSDM,Defensive Midfield,34,1,0.0,0.0,0.0,0.0,0.0,0.0,0.0,0.0,0,,0.0,0.0,0.0,0.0,0.0,0.0,0.0,0.0,0.0,0.0,1.0,0.0,0.0,0,0,0,0.0,0.0,0.0,0.0,0.0,,0.0,5.0,5.0,/home/runner/work/PLL_Analytics/PLL_Analytics/data/source_data/api_responses/season_2022/game_playoffs-semifinal-1-2022-9-11/player_game_stats.json.gz,Semifinals
2022,post,2022_ev46,playoffs-semifinal-1-2022-9-11,playoffs-semifinal-1-2022-9-11,45,13,2022-09-11,CHA,Chaos,ARC,Archers,CHA,Chaos,ARC,Archers,0,001838,Ryan,Smith,Ryan Smith,ryan smith,ryan-smith,https://img.premierlacrosseleague.com/Players/2023/ryan-smith.png?v=1,M,Midfield,43,1,0.0,0.0,0.0,0.0,0.0,0.0,2.0,0.0,1,0.5,0.0,0.0,0.0,0.0,0.0,0.0,0.0,0.0,0.0,0.0,0.0,0.0,0.0,0,0,0,0.0,0.0,0.0,0.0,0.0,,7.0,18.0,16.0,/home/runner/work/PLL_Analytics/PLL_Analytics/data/source_data/api_responses/season_2022/game_playoffs-semifinal-1-2022-9-11/player_game_stats.json.gz,Semifinals
2022,post,2022_ev46,playoffs-semifinal-1-2022-9-11,playoffs-semifinal-1-2022-9-11,45,13,2022-09-11,CHA,Chaos,ARC,Archers,CHA,Chaos,ARC,Archers,0,000281,Troy,Reh,Troy Reh,troy reh,troy-reh,https://img.premierlacrosseleague.com/Players/2026/troy-reh.webp?v=4,LSM,Long Stick Midfield,10,1,0.0,0.0,0.0,0.0,0.0,0.0,0.0,0.0,0,,0.0,0.0,0.0,0.0,0.0,0.0,0.0,0.0,0.0,0.0,2.0,0.0,1.0,0,0,0,0.0,0.0,0.0,0.0,0.0,,0.0,1.0,1.0,/home/runner/work/PLL_Analytics/PLL_Analytics/data/source_data/api_responses/season_2022/game_playoffs-semifinal-1-2022-9-11/player_game_stats.json.gz,Semifinals
2022,post,2022_ev48,championship-2022-9-18,championship-2022-9-18,46,14,2022-09-18,CHA,Chaos,WAT,Waterdogs,CHA,Chaos,WAT,Waterdogs,0,000258,Blaze,Riorden,Blaze Riorden,blaze riorden,blaze-riorden,https://img.premierlacrosseleague.com/Players/2026/blaze-riorden.webp?v=4,G,Goalie,0,1,2.0,0.0,0.0,0.0,0.0,2.0,0.0,0.0,0,,0.0,17.0,9.0,8.0,0.60714,0.5294117647058824,11.0,0.0,11.0,11.0,4.0,1.0,0.0,0,0,0,0.0,11.0,0.0,0.0,0.0,,3.0,19.0,18.0,/home/runner/work/PLL_Analytics/PLL_Analytics/data/source_data/api_responses/season_2022/game_championship-2022-9-18/player_game_stats.json.gz,Championship Game
2022,post,2022_ev48,championship-2022-9-18,championship-2022-9-18,46,14,2022-09-18,CHA,Chaos,WAT,Waterdogs,CHA,Chaos,WAT,Waterdogs,0,000727,CJ,Costabile,CJ Costabile,cj costabile,cj-costabile,https://img.premierlacrosseleague.com/Players/2026/cj-costabile.webp?v=4,LSM,Long Stick Midfield,9,1,0.0,0.0,0.0,0.0,0.0,0.0,2.0,0.0,1,0.5,2.0,0.0,0.0,0.0,0.0,0.0,0.0,0.0,0.0,0.0,1.0,0.0,0.0,0,1,1,0.0,0.0,0.0,0.0,0.0,0 - 1,0.0,4.0,2.0,/home/runner/work/PLL_Analytics/PLL_Analytics/data/source_data/api_responses/season_2022/game_championship-2022-9-18/player_game_stats.json.gz,Championship Game
2022,post,2022_ev48,championship-2022-9-18,championship-2022-9-18,46,14,2022-09-18,CHA,Chaos,WAT,Waterdogs,CHA,Chaos,WAT,Waterdogs,0,000921,Challen,Rogers,Challen Rogers,challen rogers,challen-rogers,https://img.premierlacrosseleague.com/Players/2024/challen-rogers?v=2,M,Midfield,23,1,2.0,1.0,1.0,0.0,1.0,1.0,4.0,0.25,2,0.5,0.0,0.0,0.0,0.0,0.0,0.0,0.0,0.0,0.0,0.0,0.0,1.0,0.0,0,0,0,0.0,0.0,0.0,0.0,0.0,,4.0,16.0,11.0,/home/runner/work/PLL_Analytics/PLL_Analytics/data/source_data/api_responses/season_2022/game_championship-2022-9-18/player_game_stats.json.gz,Championship Game
2022,post,2022_ev48,championship-2022-9-18,championship-2022-9-18,46,14,2022-09-18,CHA,Chaos,WAT,Waterdogs,CHA,Chaos,WAT,Waterdogs,0,001793,Chase,Fraser,Chase Fraser,chase fraser,chase-fraser,https://img.premierlacrosseleague.com/Players/2023/chase-fraser.png?v=1,A,Attack,95,1,0.0,0.0,0.0,0.0,0.0,0.0,2.0,0.0,0,0.0,0.0,0.0,0.0,0.0,0.0,0.0,0.0,0.0,0.0,0.0,1.0,1.0,1.0,0,0,0,0.0,0.0,0.0,1.0,2.0,,1.0,10.0,7.0,/home/runner/work/PLL_Analytics/PLL_Analytics/data/source_data/api_responses/season_2022/game_championship-2022-9-18/player_game_stats.json.gz,Championship Game
2022,post,2022_ev48,championship-2022-9-18,championship-2022-9-18,46,14,2022-09-18,CHA,Chaos,WAT,Waterdogs,CHA,Chaos,WAT,Waterdogs,0,000231,Chris,Cloutier,Chris Cloutier,chris cloutier,chris-cloutier,https://img.premierlacrosseleague.com/Players/2023/chris-cloutier.png?v=1,A,Attack,2,1,2.0,1.0,1.0,0.0,1.0,1.0,4.0,0.25,3,0.75,0.0,0.0,0.0,0.0,0.0,0.0,0.0,0.0,0.0,0.0,1.0,2.0,0.0,0,0,0,0.0,0.0,0.0,0.0,0.0,,3.0,18.0,12.0,/home/runner/work/PLL_Analytics/PLL_Analytics/data/source_data/api_responses/season_2022/game_championship-2022-9-18/player_game_stats.json.gz,Championship Game
2022,post,2022_ev48,championship-2022-9-18,championship-2022-9-18,46,14,2022-09-18,CHA,Chaos,WAT,Waterdogs,CHA,Chaos,WAT,Waterdogs,0,000266,Dhane,Smith,Dhane Smith,dhane smith,dhane-smith,https://img.premierlacrosseleague.com/Players/2023/dhane-smith.png?v=1,M,Midfield,92,1,1.0,0.0,0.0,0.0,0.0,1.0,5.0,0.0,4,0.8,1.0,0.0,0.0,0.0,0.0,0.0,0.0,0.0,0.0,0.0,3.0,4.0,1.0,0,0,0,0.0,0.0,0.0,1.0,0.5,,8.0,35.0,26.0,/home/runner/work/PLL_Analytics/PLL_Analytics/data/source_data/api_responses/season_2022/game_championship-2022-9-18/player_game_stats.json.gz,Championship Game
2022,post,2022_ev48,championship-2022-9-18,championship-2022-9-18,46,14,2022-09-18,CHA,Chaos,WAT,Waterdogs,CHA,Chaos,WAT,Waterdogs,0,000211,Ian,MacKay,Ian MacKay,ian mackay,ian-mackay,https://img.premierlacrosseleague.com/Players/2024/ian-mackay?v=2,SSDM,Defensive Midfield,55,1,0.0,0.0,0.0,0.0,0.0,0.0,0.0,0.0,0,,0.0,0.0,0.0,0.0,0.0,0.0,0.0,0.0,0.0,0.0,0.0,0.0,0.0,0,0,0,0.0,0.0,0.0,0.0,0.0,,0.0,2.0,2.0,/home/runner/work/PLL_Analytics/PLL_Analytics/data/source_data/api_responses/season_2022/game_championship-2022-9-18/player_game_stats.json.gz,Championship Game
2022,post,2022_ev48,championship-2022-9-18,championship-2022-9-18,46,14,2022-09-18,CHA,Chaos,WAT,Waterdogs,CHA,Chaos,WAT,Waterdogs,0,000365,Jack,Rowlett,Jack Rowlett,jack rowlett,jack-rowlett,https://img.premierlacrosseleague.com/Players/2026/jack-rowlett.webp?v=4,D,Defense,99,1,0.0,0.0,0.0,0.0,0.0,0.0,0.0,0.0,0,,0.0,0.0,0.0,0.0,0.0,0.0,0.0,0.0,0.0,0.0,1.0,0.0,2.0,0,0,0,0.0,0.0,0.0,1.0,0.5,,0.0,10.0,10.0,/home/runner/work/PLL_Analytics/PLL_Analytics/data/source_data/api_responses/season_2022/game_championship-2022-9-18/player_game_stats.json.gz,Championship Game
2022,post,2022_ev48,championship-2022-9-18,championship-2022-9-18,46,14,2022-09-18,CHA,Chaos,WAT,Waterdogs,CHA,Chaos,WAT,Waterdogs,0,000269,Jarrod,Neumann,Jarrod Neumann,jarrod neumann,jarrod-neumann,https://img.premierlacrosseleague.com/Players/2026/jarrod-neumann.webp,D,Defense,88,1,0.0,0.0,0.0,0.0,0.0,0.0,1.0,0.0,0,0.0,1.0,0.0,0.0,0.0,0.0,0.0,0.0,0.0,0.0,0.0,1.0,0.0,0.0,0,0,0,0.0,0.0,0.0,0.0,0.0,,1.0,6.0,5.0,/home/runner/work/PLL_Analytics/PLL_Analytics/data/source_data/api_responses/season_2022/game_championship-2022-9-18/player_game_stats.json.gz,Championship Game
2022,post,2022_ev48,championship-2022-9-18,championship-2022-9-18,46,14,2022-09-18,CHA,Chaos,WAT,Waterdogs,CHA,Chaos,WAT,Waterdogs,0,000272,Josh,Byrne,Josh Byrne,josh byrne,josh-byrne,https://img.premierlacrosseleague.com/Players/2024/josh-byrne?v=2,A,Attack,22,1,2.0,2.0,2.0,0.0,2.0,0.0,6.0,0.3333333333333333,4,0.6666666666666666,0.0,0.0,0.0,0.0,0.0,0.0,0.0,0.0,0.0,0.0,1.0,1.0,0.0,0,0,0,0.0,0.0,0.0,1.0,1.0,,2.0,16.0,9.0,/home/runner/work/PLL_Analytics/PLL_Analytics/data/source_data/api_responses/season_2022/game_championship-2022-9-18/player_game_stats.json.gz,Championship Game
2022,post,2022_ev48,championship-2022-9-18,championship-2022-9-18,46,14,2022-09-18,CHA,Chaos,WAT,Waterdogs,CHA,Chaos,WAT,Waterdogs,0,000978,Kyle,Jackson,Kyle Jackson,kyle jackson,kyle-jackson,https://img.premierlacrosseleague.com/Players/2026/kyle-jackson.webp,M,Midfield,47,1,1.0,1.0,1.0,0.0,1.0,0.0,6.0,0.16666666666666666,2,0.3333333333333333,0.0,0.0,0.0,0.0,0.0,0.0,0.0,0.0,0.0,0.0,1.0,0.0,0.0,0,0,0,0.0,0.0,0.0,0.0,0.0,,1.0,15.0,9.0,/home/runner/work/PLL_Analytics/PLL_Analytics/data/source_data/api_responses/season_2022/game_championship-2022-9-18/player_game_stats.json.gz,Championship Game
2022,post,2022_ev48,championship-2022-9-18,championship-2022-9-18,46,14,2022-09-18,CHA,Chaos,WAT,Waterdogs,CHA,Chaos,WAT,Waterdogs,0,001814,Mac,O'Keefe,Mac O'Keefe,mac okeefe,mac-o-keefe,https://img.premierlacrosseleague.com/Players/2026/mac-okeefe.webp?v=11,M,Midfield,3,1,1.0,1.0,1.0,0.0,1.0,0.0,4.0,0.25,2,0.5,0.0,0.0,0.0,0.0,0.0,0.0,0.0,0.0,0.0,0.0,1.0,0.0,0.0,0,0,0,0.0,0.0,0.0,0.0,0.0,,2.0,8.0,4.0,/home/runner/work/PLL_Analytics/PLL_Analytics/data/source_data/api_responses/season_2022/game_championship-2022-9-18/player_game_stats.json.gz,Championship Game
2022,post,2022_ev48,championship-2022-9-18,championship-2022-9-18,46,14,2022-09-18,CHA,Chaos,WAT,Waterdogs,CHA,Chaos,WAT,Waterdogs,0,000275,Mark,Glicini,Mark Glicini,mark glicini,mark-glicini,https://img.premierlacrosseleague.com/Players/2026/mark-glicini.webp,SSDM,Defensive Midfield,16,1,0.0,0.0,0.0,0.0,0.0,0.0,1.0,0.0,1,1.0,1.0,0.0,0.0,0.0,0.0,0.0,0.0,0.0,0.0,0.0,3.0,0.0,0.0,0,0,0,0.0,0.0,0.0,0.0,0.0,,1.0,9.0,8.0,/home/runner/work/PLL_Analytics/PLL_Analytics/data/source_data/api_responses/season_2022/game_championship-2022-9-18/player_game_stats.json.gz,Championship Game
2022,post,2022_ev48,championship-2022-9-18,championship-2022-9-18,46,14,2022-09-18,CHA,Chaos,WAT,Waterdogs,CHA,Chaos,WAT,Waterdogs,0,000276,Matt,Rees,Matt Rees,matt rees,matt-rees,https://img.premierlacrosseleague.com/Players/2023/matt-rees.png?v=1,D,Defense,44,1,3.0,3.0,1.0,1.0,2.0,0.0,2.0,1.0,2,1.0,1.0,0.0,0.0,0.0,0.0,0.0,0.0,0.0,0.0,0.0,2.0,1.0,2.0,0,0,0,0.0,0.0,0.0,0.0,0.0,,1.0,10.0,7.0,/home/runner/work/PLL_Analytics/PLL_Analytics/data/source_data/api_responses/season_2022/game_championship-2022-9-18/player_game_stats.json.gz,Championship Game
2022,post,2022_ev48,championship-2022-9-18,championship-2022-9-18,46,14,2022-09-18,CHA,Chaos,WAT,Waterdogs,CHA,Chaos,WAT,Waterdogs,0,001402,Max,Adler,Max Adler,max adler,max-adler,https://img.premierlacrosseleague.com/Players/2023/max-adler.png?v=1,FO,Faceoff,6,1,0.0,0.0,0.0,0.0,0.0,0.0,0.0,0.0,0,,0.0,0.0,0.0,0.0,0.0,0.0,0.0,0.0,0.0,0.0,4.0,2.0,0.0,10,12,22,0.45454545454545453,0.0,0.0,0.0,0.0,10 - 22,0.0,4.0,2.0,/home/runner/work/PLL_Analytics/PLL_Analytics/data/source_data/api_responses/season_2022/game_championship-2022-9-18/player_game_stats.json.gz,Championship Game
2022,post,2022_ev48,championship-2022-9-18,championship-2022-9-18,46,14,2022-09-18,CHA,Chaos,WAT,Waterdogs,CHA,Chaos,WAT,Waterdogs,0,000279,Patrick,Resch,Patrick Resch,patrick resch,patrick-resch,https://img.premierlacrosseleague.com/Players/2025/patrick-resch.png?v=3,SSDM,Defensive Midfield,34,1,0.0,0.0,0.0,0.0,0.0,0.0,0.0,0.0,0,,0.0,0.0,0.0,0.0,0.0,0.0,0.0,0.0,0.0,0.0,2.0,0.0,0.0,0,0,0,0.0,0.0,0.0,0.0,0.0,,1.0,9.0,9.0,/home/runner/work/PLL_Analytics/PLL_Analytics/data/source_data/api_responses/season_2022/game_championship-2022-9-18/player_game_stats.json.gz,Championship Game
2022,post,2022_ev48,championship-2022-9-18,championship-2022-9-18,46,14,2022-09-18,CHA,Chaos,WAT,Waterdogs,CHA,Chaos,WAT,Waterdogs,0,001838,Ryan,Smith,Ryan Smith,ryan smith,ryan-smith,https://img.premierlacrosseleague.com/Players/2023/ryan-smith.png?v=1,M,Midfield,43,1,0.0,0.0,0.0,0.0,0.0,0.0,1.0,0.0,0,0.0,0.0,0.0,0.0,0.0,0.0,0.0,0.0,0.0,0.0,0.0,0.0,1.0,0.0,0,0,0,0.0,0.0,0.0,0.0,0.0,,2.0,11.0,9.0,/home/runner/work/PLL_Analytics/PLL_Analytics/data/source_data/api_responses/season_2022/game_championship-2022-9-18/player_game_stats.json.gz,Championship Game
2022,post,2022_ev48,championship-2022-9-18,championship-2022-9-18,46,14,2022-09-18,CHA,Chaos,WAT,Waterdogs,CHA,Chaos,WAT,Waterdogs,0,000281,Troy,Reh,Troy Reh,troy reh,troy-reh,https://img.premierlacrosseleague.com/Players/2026/troy-reh.webp?v=4,LSM,Long Stick Midfield,10,1,0.0,0.0,0.0,0.0,0.0,0.0,0.0,0.0,0,,0.0,0.0,0.0,0.0,0.0,0.0,0.0,0.0,0.0,0.0,2.0,0.0,0.0,0,0,0,0.0,0.0,0.0,0.0,0.0,,2.0,6.0,6.0,/home/runner/work/PLL_Analytics/PLL_Analytics/data/source_data/api_responses/season_2022/game_championship-2022-9-18/player_game_stats.json.gz,Championship Game
2022,post,2022_ev48,championship-2022-9-18,championship-2022-9-18,46,14,2022-09-18,WAT,Waterdogs,CHA,Chaos,WAT,Waterdogs,CHA,Chaos,1,001406,Ben,Randall,Ben Randall,ben randall,ben-randall,https://img.premierlacrosseleague.com/Players/2026/ben-randall.webp,D,Defense,44,1,0.0,0.0,0.0,0.0,0.0,0.0,0.0,0.0,0,,0.0,0.0,0.0,0.0,0.0,0.0,0.0,0.0,0.0,0.0,3.0,1.0,0.0,0,0,0,0.0,0.0,0.0,0.0,0.0,,1.0,7.0,6.0,/home/runner/work/PLL_Analytics/PLL_Analytics/data/source_data/api_responses/season_2022/game_championship-2022-9-18/player_game_stats.json.gz,Championship Game
2022,post,2022_ev48,championship-2022-9-18,championship-2022-9-18,46,14,2022-09-18,WAT,Waterdogs,CHA,Chaos,WAT,Waterdogs,CHA,Chaos,1,000368,Chris,Sabia,Chris Sabia,chris sabia,chris-sabia,https://img.premierlacrosseleague.com/Players/2024/chris-sabia?v=2,LSM,Long Stick Midfield,16,1,0.0,0.0,0.0,0.0,0.0,0.0,1.0,0.0,1,1.0,1.0,0.0,0.0,0.0,0.0,0.0,0.0,0.0,0.0,0.0,2.0,0.0,1.0,0,0,0,0.0,0.0,0.0,1.0,1.0,,0.0,5.0,4.0,/home/runner/work/PLL_Analytics/PLL_Analytics/data/source_data/api_responses/season_2022/game_championship-2022-9-18/player_game_stats.json.gz,Championship Game
2022,post,2022_ev48,championship-2022-9-18,championship-2022-9-18,46,14,2022-09-18,WAT,Waterdogs,CHA,Chaos,WAT,Waterdogs,CHA,Chaos,1,001795,Christian,Scarpello,Christian Scarpello,christian scarpello,christian-scarpello,https://img.premierlacrosseleague.com/Players/2026/christian-scarpello.webp?v=1,SSDM,Defensive Midfield,50,1,0.0,0.0,0.0,0.0,0.0,0.0,0.0,0.0,0,,0.0,0.0,0.0,0.0,0.0,0.0,0.0,0.0,0.0,0.0,0.0,1.0,0.0,0,0,0,0.0,0.0,0.0,0.0,0.0,,0.0,9.0,8.0,/home/runner/work/PLL_Analytics/PLL_Analytics/data/source_data/api_responses/season_2022/game_championship-2022-9-18/player_game_stats.json.gz,Championship Game
2022,post,2022_ev48,championship-2022-9-18,championship-2022-9-18,46,14,2022-09-18,WAT,Waterdogs,CHA,Chaos,WAT,Waterdogs,CHA,Chaos,1,000339,Connor,Kelly,Connor Kelly,connor kelly,connor-kelly,https://img.premierlacrosseleague.com/Players/2026/connor-kelly.webp,M,Midfield,40,1,2.0,2.0,2.0,0.0,2.0,0.0,6.0,0.3333333333333333,3,0.5,2.0,0.0,0.0,0.0,0.0,0.0,0.0,0.0,0.0,0.0,1.0,0.0,0.0,0,0,0,0.0,0.0,0.0,0.0,0.0,,2.0,27.0,21.0,/home/runner/work/PLL_Analytics/PLL_Analytics/data/source_data/api_responses/season_2022/game_championship-2022-9-18/player_game_stats.json.gz,Championship Game
2022,post,2022_ev48,championship-2022-9-18,championship-2022-9-18,46,14,2022-09-18,WAT,Waterdogs,CHA,Chaos,WAT,Waterdogs,CHA,Chaos,1,000418,Dillon,Ward,Dillon Ward,dillon ward,dillon-ward,https://img.premierlacrosseleague.com/Players/2026/dillon-ward.webp?v=5,G,Goalie,37,1,0.0,0.0,0.0,0.0,0.0,0.0,0.0,0.0,0,,0.0,13.0,1.0,12.0,0.61905,0.07692307692307693,8.0,1.0,9.0,9.0,2.0,1.0,0.0,0,0,0,0.0,8.0,1.0,0.0,0.0,,0.0,13.0,12.0,/home/runner/work/PLL_Analytics/PLL_Analytics/data/source_data/api_responses/season_2022/game_championship-2022-9-18/player_game_stats.json.gz,Championship Game
2022,post,2022_ev48,championship-2022-9-18,championship-2022-9-18,46,14,2022-09-18,WAT,Waterdogs,CHA,Chaos,WAT,Waterdogs,CHA,Chaos,1,000410,Eli,Gobrecht,Eli Gobrecht,eli gobrecht,eli-gobrecht,https://img.premierlacrosseleague.com/Players/2026/eli-gobrecht.webp?v=4,D,Defense,25,1,0.0,0.0,0.0,0.0,0.0,0.0,0.0,0.0,0,,0.0,0.0,0.0,0.0,0.0,0.0,0.0,0.0,0.0,0.0,1.0,0.0,1.0,0,0,0,0.0,0.0,0.0,0.0,0.0,,0.0,2.0,2.0,/home/runner/work/PLL_Analytics/PLL_Analytics/data/source_data/api_responses/season_2022/game_championship-2022-9-18/player_game_stats.json.gz,Championship Game
2022,post,2022_ev48,championship-2022-9-18,championship-2022-9-18,46,14,2022-09-18,WAT,Waterdogs,CHA,Chaos,WAT,Waterdogs,CHA,Chaos,1,001835,Ethan,Walker,Ethan Walker,ethan walker,ethan-walker,https://img.premierlacrosseleague.com/Players/2024/ethan-walker?v=2,A,Attack,57,1,1.0,1.0,1.0,0.0,1.0,0.0,1.0,1.0,1,1.0,0.0,0.0,0.0,0.0,0.0,0.0,0.0,0.0,0.0,0.0,2.0,0.0,0.0,0,0,0,0.0,0.0,0.0,0.0,0.0,,3.0,24.0,23.0,/home/runner/work/PLL_Analytics/PLL_Analytics/data/source_data/api_responses/season_2022/game_championship-2022-9-18/player_game_stats.json.gz,Championship Game
2022,post,2022_ev48,championship-2022-9-18,championship-2022-9-18,46,14,2022-09-18,WAT,Waterdogs,CHA,Chaos,WAT,Waterdogs,CHA,Chaos,1,002028,Jack,Hannah,Jack Hannah,jack hannah,jack-hannah,https://img.premierlacrosseleague.com/Players/2026/jack-hannah.webp?v=4,M,Midfield,3,1,2.0,1.0,1.0,0.0,1.0,1.0,5.0,0.2,3,0.6,0.0,0.0,0.0,0.0,0.0,0.0,0.0,0.0,0.0,0.0,1.0,2.0,0.0,0,0,0,0.0,0.0,0.0,0.0,0.0,,2.0,15.0,8.0,/home/runner/work/PLL_Analytics/PLL_Analytics/data/source_data/api_responses/season_2022/game_championship-2022-9-18/player_game_stats.json.gz,Championship Game
2022,post,2022_ev48,championship-2022-9-18,championship-2022-9-18,46,14,2022-09-18,WAT,Waterdogs,CHA,Chaos,WAT,Waterdogs,CHA,Chaos,1,000427,Jake,Withers,Jake Withers,jake withers,jake-withers,https://img.premierlacrosseleague.com/Players/2022/jake-withers.png?v=1,FO,Faceoff,18,1,0.0,0.0,0.0,0.0,0.0,0.0,3.0,0.0,2,0.6666666666666666,0.0,0.0,0.0,0.0,0.0,0.0,0.0,0.0,0.0,0.0,11.0,0.0,1.0,13,10,23,0.5652173913043478,0.0,0.0,0.0,0.0,13 - 23,1.0,10.0,7.0,/home/runner/work/PLL_Analytics/PLL_Analytics/data/source_data/api_responses/season_2022/game_championship-2022-9-18/player_game_stats.json.gz,Championship Game
2022,post,2022_ev48,championship-2022-9-18,championship-2022-9-18,46,14,2022-09-18,WAT,Waterdogs,CHA,Chaos,WAT,Waterdogs,CHA,Chaos,1,000240,Kieran,McArdle,Kieran McArdle,kieran mcardle,kieran-mcardle,https://img.premierlacrosseleague.com/Players/2026/kieran-mcardle.webp,A,Attack,6,1,4.0,2.0,2.0,0.0,2.0,2.0,7.0,0.2857142857142857,3,0.42857142857142855,0.0,0.0,0.0,0.0,0.0,0.0,0.0,0.0,0.0,0.0,3.0,2.0,0.0,0,0,0,0.0,0.0,0.0,0.0,0.0,,4.0,33.0,24.0,/home/runner/work/PLL_Analytics/PLL_Analytics/data/source_data/api_responses/season_2022/game_championship-2022-9-18/player_game_stats.json.gz,Championship Game
2022,post,2022_ev48,championship-2022-9-18,championship-2022-9-18,46,14,2022-09-18,WAT,Waterdogs,CHA,Chaos,WAT,Waterdogs,CHA,Chaos,1,000925,Liam,Byrnes,Liam Byrnes,liam byrnes,liam-byrnes,https://img.premierlacrosseleague.com/Players/2026/liam-byrnes.webp,D,Defense,21,1,0.0,0.0,0.0,0.0,0.0,0.0,1.0,0.0,1,1.0,1.0,0.0,0.0,0.0,0.0,0.0,0.0,0.0,0.0,0.0,5.0,1.0,1.0,0,0,0,0.0,0.0,0.0,0.0,0.0,,2.0,12.0,10.0,/home/runner/work/PLL_Analytics/PLL_Analytics/data/source_data/api_responses/season_2022/game_championship-2022-9-18/player_game_stats.json.gz,Championship Game
2022,post,2022_ev48,championship-2022-9-18,championship-2022-9-18,46,14,2022-09-18,WAT,Waterdogs,CHA,Chaos,WAT,Waterdogs,CHA,Chaos,1,001707,Matt,Whitcher,Matt Whitcher,matt whitcher,matt-whitcher,https://img.premierlacrosseleague.com/Players/2026/matt-whitcher.webp?v=5,SSDM,Defensive Midfield,33,1,0.0,0.0,0.0,0.0,0.0,0.0,0.0,0.0,0,,0.0,0.0,0.0,0.0,0.0,0.0,0.0,0.0,0.0,0.0,1.0,1.0,1.0,0,0,0,0.0,0.0,0.0,0.0,0.0,,0.0,6.0,5.0,/home/runner/work/PLL_Analytics/PLL_Analytics/data/source_data/api_responses/season_2022/game_championship-2022-9-18/player_game_stats.json.gz,Championship Game
2022,post,2022_ev48,championship-2022-9-18,championship-2022-9-18,46,14,2022-09-18,WAT,Waterdogs,CHA,Chaos,WAT,Waterdogs,CHA,Chaos,1,001810,Michael,Sowers,Michael Sowers,michael sowers,michael-sowers,https://img.premierlacrosseleague.com/Players/2026/michael-sowers.webp,A,Attack,22,1,3.0,2.0,2.0,0.0,2.0,1.0,7.0,0.2857142857142857,5,0.7142857142857143,0.0,0.0,0.0,0.0,0.0,0.0,0.0,0.0,0.0,0.0,4.0,3.0,0.0,0,0,0,0.0,0.0,0.0,0.0,0.0,,6.0,29.0,19.0,/home/runner/work/PLL_Analytics/PLL_Analytics/data/source_data/api_responses/season_2022/game_championship-2022-9-18/player_game_stats.json.gz,Championship Game
2022,post,2022_ev48,championship-2022-9-18,championship-2022-9-18,46,14,2022-09-18,WAT,Waterdogs,CHA,Chaos,WAT,Waterdogs,CHA,Chaos,1,000246,Ryan,Brown,Ryan Brown,ryan brown,ryan-brown,https://img.premierlacrosseleague.com/Players/2022/ryan-brown.png?v=1,A,Attack,4,1,0.0,0.0,0.0,0.0,0.0,0.0,0.0,0.0,0,,0.0,0.0,0.0,0.0,0.0,0.0,0.0,0.0,0.0,0.0,0.0,0.0,0.0,0,0,0,0.0,0.0,0.0,0.0,0.0,,0.0,1.0,1.0,/home/runner/work/PLL_Analytics/PLL_Analytics/data/source_data/api_responses/season_2022/game_championship-2022-9-18/player_game_stats.json.gz,Championship Game
2022,post,2022_ev48,championship-2022-9-18,championship-2022-9-18,46,14,2022-09-18,WAT,Waterdogs,CHA,Chaos,WAT,Waterdogs,CHA,Chaos,1,000363,Ryan,Conrad,Ryan Conrad,ryan conrad,ryan-conrad,https://img.premierlacrosseleague.com/Players/2025/ryan-conrad?v=4,M,Midfield,15,1,3.0,3.0,3.0,0.0,3.0,0.0,4.0,0.75,4,1.0,0.0,0.0,0.0,0.0,0.0,0.0,0.0,0.0,0.0,0.0,0.0,1.0,0.0,0,0,0,0.0,0.0,0.0,0.0,0.0,,2.0,22.0,17.0,/home/runner/work/PLL_Analytics/PLL_Analytics/data/source_data/api_responses/season_2022/game_championship-2022-9-18/player_game_stats.json.gz,Championship Game
2022,post,2022_ev48,championship-2022-9-18,championship-2022-9-18,46,14,2022-09-18,WAT,Waterdogs,CHA,Chaos,WAT,Waterdogs,CHA,Chaos,1,000416,Ryland,Rees,Ryland Rees,ryland rees,ryland-rees,https://img.premierlacrosseleague.com/Players/2025/ryland-rees.png?v=3,LSM,Long Stick Midfield,17,1,0.0,0.0,0.0,0.0,0.0,0.0,1.0,0.0,1,1.0,0.0,0.0,0.0,0.0,0.0,0.0,0.0,0.0,0.0,0.0,2.0,0.0,2.0,0,0,0,0.0,0.0,0.0,0.0,0.0,,2.0,5.0,4.0,/home/runner/work/PLL_Analytics/PLL_Analytics/data/source_data/api_responses/season_2022/game_championship-2022-9-18/player_game_stats.json.gz,Championship Game
2022,post,2022_ev48,championship-2022-9-18,championship-2022-9-18,46,14,2022-09-18,WAT,Waterdogs,CHA,Chaos,WAT,Waterdogs,CHA,Chaos,1,000251,Steven,DeNapoli,Steven DeNapoli,steven denapoli,steven-denapoli,https://img.premierlacrosseleague.com/Players/2022/steven-denapoli.png?v=1,SSDM,Defensive Midfield,7,1,0.0,0.0,0.0,0.0,0.0,0.0,0.0,0.0,0,,0.0,0.0,0.0,0.0,0.0,0.0,0.0,0.0,0.0,0.0,1.0,0.0,1.0,0,0,0,0.0,0.0,0.0,0.0,0.0,,1.0,3.0,3.0,/home/runner/work/PLL_Analytics/PLL_Analytics/data/source_data/api_responses/season_2022/game_championship-2022-9-18/player_game_stats.json.gz,Championship Game
2022,post,2022_ev48,championship-2022-9-18,championship-2022-9-18,46,14,2022-09-18,WAT,Waterdogs,CHA,Chaos,WAT,Waterdogs,CHA,Chaos,1,000409,Zach,Currier,Zach Currier,zach currier,zach-currier,https://img.premierlacrosseleague.com/Players/2026/zach-currier.webp?v=4,M,Midfield,77,1,0.0,0.0,0.0,0.0,0.0,0.0,5.0,0.0,4,0.8,0.0,0.0,0.0,0.0,0.0,0.0,0.0,0.0,0.0,0.0,4.0,1.0,2.0,0,0,0,0.0,0.0,0.0,1.0,2.0,,1.0,24.0,18.0,/home/runner/work/PLL_Analytics/PLL_Analytics/data/source_data/api_responses/season_2022/game_championship-2022-9-18/player_game_stats.json.gz,Championship Game
2023,post,2023_ev45,playoffs-quarterfinal-3-2023-9-1,playoffs-quarterfinal-3-2023-9-1,41,12,2023-09-04,CHA,Chaos,RED,Redwoods,CHA,Chaos,RED,Redwoods,0,000258,Blaze,Riorden,Blaze Riorden,blaze riorden,blaze-riorden,https://img.premierlacrosseleague.com/Players/2026/blaze-riorden.webp?v=4,G,Goalie,0,1,0.0,0.0,0.0,0.0,0.0,0.0,0.0,0.0,0,,0.0,16.0,4.0,12.0,0.53333,0.25,14.0,1.0,15.0,15.0,2.0,0.0,0.0,0,0,0,0.0,14.0,1.0,0.0,0.0,,0.0,12.0,12.0,/home/runner/work/PLL_Analytics/PLL_Analytics/data/source_data/api_responses/season_2023/game_playoffs-quarterfinal-3-2023-9-1/player_game_stats.json.gz,Quarterfinal
2023,post,2023_ev45,playoffs-quarterfinal-3-2023-9-1,playoffs-quarterfinal-3-2023-9-1,41,12,2023-09-04,CHA,Chaos,RED,Redwoods,CHA,Chaos,RED,Redwoods,0,003016,Brian,Minicus,Brian Minicus,brian minicus,brian-minicus,https://img.premierlacrosseleague.com/Players/2024/brian-minicus?v=2,A,Attack,7,1,1.0,1.0,1.0,0.0,1.0,0.0,6.0,0.16666666666666666,3,0.5,0.0,0.0,0.0,0.0,0.0,0.0,0.0,0.0,0.0,0.0,0.0,3.0,0.0,0,0,0,0.0,0.0,0.0,0.0,0.0,,4.0,30.0,21.0,/home/runner/work/PLL_Analytics/PLL_Analytics/data/source_data/api_responses/season_2023/game_playoffs-quarterfinal-3-2023-9-1/player_game_stats.json.gz,Quarterfinal
2023,post,2023_ev45,playoffs-quarterfinal-3-2023-9-1,playoffs-quarterfinal-3-2023-9-1,41,12,2023-09-04,CHA,Chaos,RED,Redwoods,CHA,Chaos,RED,Redwoods,0,000727,CJ,Costabile,CJ Costabile,cj costabile,cj-costabile,https://img.premierlacrosseleague.com/Players/2026/cj-costabile.webp?v=4,LSM,Long Stick Midfield,9,1,0.0,0.0,0.0,0.0,0.0,0.0,2.0,0.0,1,0.5,1.0,0.0,0.0,0.0,0.0,0.0,0.0,0.0,0.0,0.0,3.0,0.0,0.0,1,0,1,1.0,0.0,0.0,0.0,0.0,1 - 1,1.0,4.0,2.0,/home/runner/work/PLL_Analytics/PLL_Analytics/data/source_data/api_responses/season_2023/game_playoffs-quarterfinal-3-2023-9-1/player_game_stats.json.gz,Quarterfinal
2023,post,2023_ev45,playoffs-quarterfinal-3-2023-9-1,playoffs-quarterfinal-3-2023-9-1,41,12,2023-09-04,CHA,Chaos,RED,Redwoods,CHA,Chaos,RED,Redwoods,0,001793,Chase,Fraser,Chase Fraser,chase fraser,chase-fraser,https://img.premierlacrosseleague.com/Players/2023/chase-fraser.png?v=1,A,Attack,95,1,0.0,0.0,0.0,0.0,0.0,0.0,2.0,0.0,1,0.5,1.0,0.0,0.0,0.0,0.0,0.0,0.0,0.0,0.0,0.0,0.0,1.0,0.0,0,0,0,0.0,0.0,0.0,0.0,0.0,,0.0,9.0,6.0,/home/runner/work/PLL_Analytics/PLL_Analytics/data/source_data/api_responses/season_2023/game_playoffs-quarterfinal-3-2023-9-1/player_game_stats.json.gz,Quarterfinal
2023,post,2023_ev45,playoffs-quarterfinal-3-2023-9-1,playoffs-quarterfinal-3-2023-9-1,41,12,2023-09-04,CHA,Chaos,RED,Redwoods,CHA,Chaos,RED,Redwoods,0,000231,Chris,Cloutier,Chris Cloutier,chris cloutier,chris-cloutier,https://img.premierlacrosseleague.com/Players/2023/chris-cloutier.png?v=1,A,Attack,2,1,3.0,2.0,2.0,0.0,2.0,1.0,5.0,0.4,5,1.0,1.0,0.0,0.0,0.0,0.0,0.0,0.0,0.0,0.0,0.0,2.0,0.0,0.0,0,0,0,0.0,0.0,0.0,0.0,0.0,,4.0,19.0,14.0,/home/runner/work/PLL_Analytics/PLL_Analytics/data/source_data/api_responses/season_2023/game_playoffs-quarterfinal-3-2023-9-1/player_game_stats.json.gz,Quarterfinal
2023,post,2023_ev45,playoffs-quarterfinal-3-2023-9-1,playoffs-quarterfinal-3-2023-9-1,41,12,2023-09-04,CHA,Chaos,RED,Redwoods,CHA,Chaos,RED,Redwoods,0,000266,Dhane,Smith,Dhane Smith,dhane smith,dhane-smith,https://img.premierlacrosseleague.com/Players/2023/dhane-smith.png?v=1,M,Midfield,92,1,4.0,1.0,1.0,0.0,1.0,3.0,4.0,0.25,3,0.75,1.0,0.0,0.0,0.0,0.0,0.0,0.0,0.0,0.0,0.0,1.0,0.0,0.0,0,0,0,0.0,0.0,0.0,0.0,0.0,,6.0,33.0,29.0,/home/runner/work/PLL_Analytics/PLL_Analytics/data/source_data/api_responses/season_2023/game_playoffs-quarterfinal-3-2023-9-1/player_game_stats.json.gz,Quarterfinal
2023,post,2023_ev45,playoffs-quarterfinal-3-2023-9-1,playoffs-quarterfinal-3-2023-9-1,41,12,2023-09-04,CHA,Chaos,RED,Redwoods,CHA,Chaos,RED,Redwoods,0,000211,Ian,MacKay,Ian MacKay,ian mackay,ian-mackay,https://img.premierlacrosseleague.com/Players/2024/ian-mackay?v=2,SSDM,Defensive Midfield,55,1,0.0,0.0,0.0,0.0,0.0,0.0,2.0,0.0,1,0.5,0.0,0.0,0.0,0.0,0.0,0.0,0.0,0.0,0.0,0.0,1.0,1.0,0.0,0,0,0,0.0,0.0,0.0,0.0,0.0,,0.0,6.0,3.0,/home/runner/work/PLL_Analytics/PLL_Analytics/data/source_data/api_responses/season_2023/game_playoffs-quarterfinal-3-2023-9-1/player_game_stats.json.gz,Quarterfinal
2023,post,2023_ev45,playoffs-quarterfinal-3-2023-9-1,playoffs-quarterfinal-3-2023-9-1,41,12,2023-09-04,CHA,Chaos,RED,Redwoods,CHA,Chaos,RED,Redwoods,0,000365,Jack,Rowlett,Jack Rowlett,jack rowlett,jack-rowlett,https://img.premierlacrosseleague.com/Players/2026/jack-rowlett.webp?v=4,D,Defense,99,1,0.0,0.0,0.0,0.0,0.0,0.0,0.0,0.0,0,,0.0,0.0,0.0,0.0,0.0,0.0,0.0,0.0,0.0,0.0,2.0,0.0,1.0,0,0,0,0.0,0.0,0.0,0.0,0.0,,0.0,10.0,10.0,/home/runner/work/PLL_Analytics/PLL_Analytics/data/source_data/api_responses/season_2023/game_playoffs-quarterfinal-3-2023-9-1/player_game_stats.json.gz,Quarterfinal
2023,post,2023_ev45,playoffs-quarterfinal-3-2023-9-1,playoffs-quarterfinal-3-2023-9-1,41,12,2023-09-04,CHA,Chaos,RED,Redwoods,CHA,Chaos,RED,Redwoods,0,000269,Jarrod,Neumann,Jarrod Neumann,jarrod neumann,jarrod-neumann,https://img.premierlacrosseleague.com/Players/2026/jarrod-neumann.webp,D,Defense,88,1,0.0,0.0,0.0,0.0,0.0,0.0,1.0,0.0,0,0.0,1.0,0.0,0.0,0.0,0.0,0.0,0.0,0.0,0.0,0.0,2.0,0.0,0.0,0,0,0,0.0,0.0,0.0,1.0,1.0,,0.0,6.0,5.0,/home/runner/work/PLL_Analytics/PLL_Analytics/data/source_data/api_responses/season_2023/game_playoffs-quarterfinal-3-2023-9-1/player_game_stats.json.gz,Quarterfinal
2023,post,2023_ev45,playoffs-quarterfinal-3-2023-9-1,playoffs-quarterfinal-3-2023-9-1,41,12,2023-09-04,CHA,Chaos,RED,Redwoods,CHA,Chaos,RED,Redwoods,0,000272,Josh,Byrne,Josh Byrne,josh byrne,josh-byrne,https://img.premierlacrosseleague.com/Players/2024/josh-byrne?v=2,A,Attack,22,1,4.0,3.0,3.0,0.0,3.0,1.0,11.0,0.2727272727272727,9,0.8181818181818182,0.0,0.0,0.0,0.0,0.0,0.0,0.0,0.0,0.0,0.0,1.0,3.0,0.0,0,0,0,0.0,0.0,0.0,0.0,0.0,,3.0,36.0,22.0,/home/runner/work/PLL_Analytics/PLL_Analytics/data/source_data/api_responses/season_2023/game_playoffs-quarterfinal-3-2023-9-1/player_game_stats.json.gz,Quarterfinal
2023,post,2023_ev45,playoffs-quarterfinal-3-2023-9-1,playoffs-quarterfinal-3-2023-9-1,41,12,2023-09-04,CHA,Chaos,RED,Redwoods,CHA,Chaos,RED,Redwoods,0,000978,Kyle,Jackson,Kyle Jackson,kyle jackson,kyle-jackson,https://img.premierlacrosseleague.com/Players/2026/kyle-jackson.webp,M,Midfield,47,1,0.0,0.0,0.0,0.0,0.0,0.0,1.0,0.0,1,1.0,1.0,0.0,0.0,0.0,0.0,0.0,0.0,0.0,0.0,0.0,1.0,0.0,0.0,0,0,0,0.0,0.0,0.0,0.0,0.0,,2.0,12.0,11.0,/home/runner/work/PLL_Analytics/PLL_Analytics/data/source_data/api_responses/season_2023/game_playoffs-quarterfinal-3-2023-9-1/player_game_stats.json.gz,Quarterfinal
2023,post,2023_ev45,playoffs-quarterfinal-3-2023-9-1,playoffs-quarterfinal-3-2023-9-1,41,12,2023-09-04,CHA,Chaos,RED,Redwoods,CHA,Chaos,RED,Redwoods,0,000275,Mark,Glicini,Mark Glicini,mark glicini,mark-glicini,https://img.premierlacrosseleague.com/Players/2026/mark-glicini.webp,SSDM,Defensive Midfield,16,1,0.0,0.0,0.0,0.0,0.0,0.0,1.0,0.0,1,1.0,1.0,0.0,0.0,0.0,0.0,0.0,0.0,0.0,0.0,0.0,2.0,0.0,0.0,0,0,0,0.0,0.0,0.0,0.0,0.0,,1.0,5.0,4.0,/home/runner/work/PLL_Analytics/PLL_Analytics/data/source_data/api_responses/season_2023/game_playoffs-quarterfinal-3-2023-9-1/player_game_stats.json.gz,Quarterfinal
2023,post,2023_ev45,playoffs-quarterfinal-3-2023-9-1,playoffs-quarterfinal-3-2023-9-1,41,12,2023-09-04,CHA,Chaos,RED,Redwoods,CHA,Chaos,RED,Redwoods,0,003018,Nick,Rowlett,Nick Rowlett,nick rowlett,nick-rowlett,https://img.premierlacrosseleague.com/Players/2025/nick-rowlett.png?v=3,FO,Faceoff,73,1,0.0,0.0,0.0,0.0,0.0,0.0,3.0,0.0,0,0.0,1.0,0.0,0.0,0.0,0.0,0.0,0.0,0.0,0.0,0.0,9.0,0.0,1.0,14,12,26,0.5384615384615384,0.0,0.0,0.0,0.0,14 - 26,0.0,10.0,7.0,/home/runner/work/PLL_Analytics/PLL_Analytics/data/source_data/api_responses/season_2023/game_playoffs-quarterfinal-3-2023-9-1/player_game_stats.json.gz,Quarterfinal
2023,post,2023_ev45,playoffs-quarterfinal-3-2023-9-1,playoffs-quarterfinal-3-2023-9-1,41,12,2023-09-04,CHA,Chaos,RED,Redwoods,CHA,Chaos,RED,Redwoods,0,000279,Patrick,Resch,Patrick Resch,patrick resch,patrick-resch,https://img.premierlacrosseleague.com/Players/2025/patrick-resch.png?v=3,SSDM,Defensive Midfield,34,1,0.0,0.0,0.0,0.0,0.0,0.0,0.0,0.0,0,,0.0,0.0,0.0,0.0,0.0,0.0,0.0,0.0,0.0,0.0,2.0,1.0,0.0,0,0,0,0.0,0.0,0.0,0.0,0.0,,0.0,7.0,6.0,/home/runner/work/PLL_Analytics/PLL_Analytics/data/source_data/api_responses/season_2023/game_playoffs-quarterfinal-3-2023-9-1/player_game_stats.json.gz,Quarterfinal
2023,post,2023_ev45,playoffs-quarterfinal-3-2023-9-1,playoffs-quarterfinal-3-2023-9-1,41,12,2023-09-04,CHA,Chaos,RED,Redwoods,CHA,Chaos,RED,Redwoods,0,001838,Ryan,Smith,Ryan Smith,ryan smith,ryan-smith,https://img.premierlacrosseleague.com/Players/2023/ryan-smith.png?v=1,M,Midfield,43,1,3.0,2.0,2.0,0.0,2.0,1.0,7.0,0.2857142857142857,5,0.7142857142857143,0.0,0.0,0.0,0.0,0.0,0.0,0.0,0.0,0.0,0.0,1.0,1.0,0.0,0,0,0,0.0,0.0,0.0,0.0,0.0,,3.0,23.0,15.0,/home/runner/work/PLL_Analytics/PLL_Analytics/data/source_data/api_responses/season_2023/game_playoffs-quarterfinal-3-2023-9-1/player_game_stats.json.gz,Quarterfinal
2023,post,2023_ev45,playoffs-quarterfinal-3-2023-9-1,playoffs-quarterfinal-3-2023-9-1,41,12,2023-09-04,CHA,Chaos,RED,Redwoods,CHA,Chaos,RED,Redwoods,0,000281,Troy,Reh,Troy Reh,troy reh,troy-reh,https://img.premierlacrosseleague.com/Players/2026/troy-reh.webp?v=4,LSM,Long Stick Midfield,10,1,0.0,0.0,0.0,0.0,0.0,0.0,0.0,0.0,0,,0.0,0.0,0.0,0.0,0.0,0.0,0.0,0.0,0.0,0.0,1.0,0.0,1.0,0,0,0,0.0,0.0,0.0,0.0,0.0,,0.0,5.0,5.0,/home/runner/work/PLL_Analytics/PLL_Analytics/data/source_data/api_responses/season_2023/game_playoffs-quarterfinal-3-2023-9-1/player_game_stats.json.gz,Quarterfinal
2023,post,2023_ev45,playoffs-quarterfinal-3-2023-9-1,playoffs-quarterfinal-3-2023-9-1,41,12,2023-09-04,CHA,Chaos,RED,Redwoods,CHA,Chaos,RED,Redwoods,0,003015,Will,Bowen,Will Bowen,will bowen,will-bowen,https://img.premierlacrosseleague.com/Players/2024/will-bowen?v=2,D,Defense,24,1,0.0,0.0,0.0,0.0,0.0,0.0,0.0,0.0,0,,0.0,0.0,0.0,0.0,0.0,0.0,0.0,0.0,0.0,0.0,1.0,0.0,0.0,0,0,0,0.0,0.0,0.0,0.0,0.0,,0.0,4.0,4.0,/home/runner/work/PLL_Analytics/PLL_Analytics/data/source_data/api_responses/season_2023/game_playoffs-quarterfinal-3-2023-9-1/player_game_stats.json.gz,Quarterfinal
2023,post,2023_ev45,playoffs-quarterfinal-3-2023-9-1,playoffs-quarterfinal-3-2023-9-1,41,12,2023-09-04,CHA,Chaos,RED,Redwoods,CHA,Chaos,RED,Redwoods,0,002022,Zach,Geddes,Zach Geddes,zach geddes,zach-geddes,https://img.premierlacrosseleague.com/Players/2026/zach-geddes.webp,SSDM,Defensive Midfield,13,1,0.0,0.0,0.0,0.0,0.0,0.0,1.0,0.0,0,0.0,0.0,0.0,0.0,0.0,0.0,0.0,0.0,0.0,0.0,0.0,0.0,0.0,1.0,0,0,0,0.0,0.0,0.0,0.0,0.0,,1.0,7.0,6.0,/home/runner/work/PLL_Analytics/PLL_Analytics/data/source_data/api_responses/season_2023/game_playoffs-quarterfinal-3-2023-9-1/player_game_stats.json.gz,Quarterfinal
2023,post,2023_ev45,playoffs-quarterfinal-3-2023-9-1,playoffs-quarterfinal-3-2023-9-1,41,12,2023-09-04,RED,Redwoods,CHA,Chaos,RED,Redwoods,CHA,Chaos,1,002017,Arden,Cohen,Arden Cohen,arden cohen,arden-cohen,https://img.premierlacrosseleague.com/Players/2026/arden-cohen.webp,D,Defense,40,1,0.0,0.0,0.0,0.0,0.0,0.0,0.0,0.0,0,,0.0,0.0,0.0,0.0,0.0,0.0,0.0,0.0,0.0,0.0,2.0,1.0,2.0,0,0,0,0.0,0.0,0.0,0.0,0.0,,0.0,6.0,5.0,/home/runner/work/PLL_Analytics/PLL_Analytics/data/source_data/api_responses/season_2023/game_playoffs-quarterfinal-3-2023-9-1/player_game_stats.json.gz,Quarterfinal
2023,post,2023_ev45,playoffs-quarterfinal-3-2023-9-1,playoffs-quarterfinal-3-2023-9-1,41,12,2023-09-04,RED,Redwoods,CHA,Chaos,RED,Redwoods,CHA,Chaos,1,003024,Brian,Tevlin,Brian Tevlin,brian tevlin,brian-tevlin,https://img.premierlacrosseleague.com/Players/2026/brian-tevlin.webp,SSDM,Defensive Midfield,12,1,0.0,0.0,0.0,0.0,0.0,0.0,1.0,0.0,1,1.0,0.0,0.0,0.0,0.0,0.0,0.0,0.0,0.0,0.0,0.0,3.0,0.0,0.0,0,0,0,0.0,0.0,0.0,0.0,0.0,,0.0,11.0,10.0,/home/runner/work/PLL_Analytics/PLL_Analytics/data/source_data/api_responses/season_2023/game_playoffs-quarterfinal-3-2023-9-1/player_game_stats.json.gz,Quarterfinal
2023,post,2023_ev45,playoffs-quarterfinal-3-2023-9-1,playoffs-quarterfinal-3-2023-9-1,41,12,2023-09-04,RED,Redwoods,CHA,Chaos,RED,Redwoods,CHA,Chaos,1,001832,Charlie,Bertrand,Charlie Bertrand,charlie bertrand,charlie-bertrand,https://img.premierlacrosseleague.com/Players/2026/charlie-bertrand.png,M,Midfield,41,1,3.0,2.0,2.0,0.0,2.0,1.0,7.0,0.2857142857142857,4,0.5714285714285714,0.0,0.0,0.0,0.0,0.0,0.0,0.0,0.0,0.0,0.0,0.0,1.0,0.0,0,0,0,0.0,0.0,0.0,0.0,0.0,,3.0,24.0,16.0,/home/runner/work/PLL_Analytics/PLL_Analytics/data/source_data/api_responses/season_2023/game_playoffs-quarterfinal-3-2023-9-1/player_game_stats.json.gz,Quarterfinal
2023,post,2023_ev45,playoffs-quarterfinal-3-2023-9-1,playoffs-quarterfinal-3-2023-9-1,41,12,2023-09-04,RED,Redwoods,CHA,Chaos,RED,Redwoods,CHA,Chaos,1,002054,Chris,Merle,Chris Merle,chris merle,chris-merle,https://img.premierlacrosseleague.com/Players/2026/chris-merle.webp,SSDM,Defensive Midfield,23,1,1.0,0.0,0.0,0.0,0.0,1.0,0.0,0.0,0,,0.0,0.0,0.0,0.0,0.0,0.0,0.0,0.0,0.0,0.0,4.0,0.0,0.0,0,0,0,0.0,0.0,0.0,0.0,0.0,,1.0,8.0,8.0,/home/runner/work/PLL_Analytics/PLL_Analytics/data/source_data/api_responses/season_2023/game_playoffs-quarterfinal-3-2023-9-1/player_game_stats.json.gz,Quarterfinal
2023,post,2023_ev45,playoffs-quarterfinal-3-2023-9-1,playoffs-quarterfinal-3-2023-9-1,41,12,2023-09-04,RED,Redwoods,CHA,Chaos,RED,Redwoods,CHA,Chaos,1,003025,Cole,Kirst,Cole Kirst,cole kirst,cole-kirst,https://img.premierlacrosseleague.com/Players/2025/cole-kirst.png?v=3,M,Midfield,47,1,2.0,2.0,0.0,1.0,1.0,0.0,7.0,0.14285714285714285,4,0.5714285714285714,1.0,0.0,0.0,0.0,0.0,0.0,0.0,0.0,0.0,0.0,1.0,2.0,0.0,0,0,0,0.0,0.0,0.0,0.0,0.0,,0.0,28.0,19.0,/home/runner/work/PLL_Analytics/PLL_Analytics/data/source_data/api_responses/season_2023/game_playoffs-quarterfinal-3-2023-9-1/player_game_stats.json.gz,Quarterfinal
2023,post,2023_ev45,playoffs-quarterfinal-3-2023-9-1,playoffs-quarterfinal-3-2023-9-1,41,12,2023-09-04,RED,Redwoods,CHA,Chaos,RED,Redwoods,CHA,Chaos,1,000314,Eddy,Glazener,Eddy Glazener,eddy glazener,eddy-glazener,https://img.premierlacrosseleague.com/Players/2023/eddy-glazener.png?v=1,D,Defense,30,1,0.0,0.0,0.0,0.0,0.0,0.0,0.0,0.0,0,,0.0,0.0,0.0,0.0,0.0,0.0,0.0,0.0,0.0,0.0,3.0,0.0,0.0,0,0,0,0.0,0.0,0.0,1.0,0.5,,0.0,9.0,9.0,/home/runner/work/PLL_Analytics/PLL_Analytics/data/source_data/api_responses/season_2023/game_playoffs-quarterfinal-3-2023-9-1/player_game_stats.json.gz,Quarterfinal
2023,post,2023_ev45,playoffs-quarterfinal-3-2023-9-1,playoffs-quarterfinal-3-2023-9-1,41,12,2023-09-04,RED,Redwoods,CHA,Chaos,RED,Redwoods,CHA,Chaos,1,000315,Garrett,Epple,Garrett Epple,garrett epple,garrett-epple,https://img.premierlacrosseleague.com/Players/2025/garrett-epple.png?v=3,D,Defense,52,1,0.0,0.0,0.0,0.0,0.0,0.0,0.0,0.0,0,,0.0,0.0,0.0,0.0,0.0,0.0,0.0,0.0,0.0,0.0,3.0,0.0,2.0,0,0,0,0.0,0.0,0.0,1.0,0.5,,0.0,5.0,5.0,/home/runner/work/PLL_Analytics/PLL_Analytics/data/source_data/api_responses/season_2023/game_playoffs-quarterfinal-3-2023-9-1/player_game_stats.json.gz,Quarterfinal
2023,post,2023_ev45,playoffs-quarterfinal-3-2023-9-1,playoffs-quarterfinal-3-2023-9-1,41,12,2023-09-04,RED,Redwoods,CHA,Chaos,RED,Redwoods,CHA,Chaos,1,001010,Isaiah,Davis-Allen,Isaiah Davis-Allen,isaiah davisallen,isaiah-davis-allen,https://img.premierlacrosseleague.com/Players/2024/isaiah-davis-allen?v=2,SSDM,Defensive Midfield,26,1,0.0,0.0,0.0,0.0,0.0,0.0,0.0,0.0,0,,0.0,0.0,0.0,0.0,0.0,0.0,0.0,0.0,0.0,0.0,0.0,0.0,1.0,0,3,3,0.0,0.0,0.0,0.0,0.0,0 - 3,0.0,3.0,3.0,/home/runner/work/PLL_Analytics/PLL_Analytics/data/source_data/api_responses/season_2023/game_playoffs-quarterfinal-3-2023-9-1/player_game_stats.json.gz,Quarterfinal
2023,post,2023_ev45,playoffs-quarterfinal-3-2023-9-1,playoffs-quarterfinal-3-2023-9-1,41,12,2023-09-04,RED,Redwoods,CHA,Chaos,RED,Redwoods,CHA,Chaos,1,000318,Jack,Kelly,Jack Kelly,jack kelly,jack-kelly,https://img.premierlacrosseleague.com/Players/2024/jack-kelly?v=2,G,Goalie,94,1,0.0,0.0,0.0,0.0,0.0,0.0,0.0,0.0,0,,0.0,20.0,6.0,14.0,0.71429,0.3,8.34783,0.0,8.0,8.347826086956522,0.0,0.0,0.0,0,0,0,0.0,8.0,0.0,0.0,0.0,,0.0,19.0,19.0,/home/runner/work/PLL_Analytics/PLL_Analytics/data/source_data/api_responses/season_2023/game_playoffs-quarterfinal-3-2023-9-1/player_game_stats.json.gz,Quarterfinal
2023,post,2023_ev45,playoffs-quarterfinal-3-2023-9-1,playoffs-quarterfinal-3-2023-9-1,41,12,2023-09-04,RED,Redwoods,CHA,Chaos,RED,Redwoods,CHA,Chaos,1,000322,John,Sexton,John Sexton,john sexton,john-sexton,https://img.premierlacrosseleague.com/Players/2023/john-sexton.png?v=1,LSM,Long Stick Midfield,46,1,0.0,0.0,0.0,0.0,0.0,0.0,0.0,0.0,0,,0.0,0.0,0.0,0.0,0.0,0.0,0.0,0.0,0.0,0.0,1.0,1.0,0.0,1,4,5,0.2,0.0,0.0,0.0,0.0,1 - 5,0.0,3.0,2.0,/home/runner/work/PLL_Analytics/PLL_Analytics/data/source_data/api_responses/season_2023/game_playoffs-quarterfinal-3-2023-9-1/player_game_stats.json.gz,Quarterfinal
2023,post,2023_ev45,playoffs-quarterfinal-3-2023-9-1,playoffs-quarterfinal-3-2023-9-1,41,12,2023-09-04,RED,Redwoods,CHA,Chaos,RED,Redwoods,CHA,Chaos,1,000351,Jules,Heningburg,Jules Heningburg,jules heningburg,jules-heningburg,https://img.premierlacrosseleague.com/Players/2025/jules-heningburg.png?v=3,M,Midfield,7,1,3.0,2.0,2.0,0.0,2.0,1.0,4.0,0.5,3,0.75,0.0,0.0,0.0,0.0,0.0,0.0,0.0,0.0,0.0,0.0,0.0,1.0,0.0,0,0,0,0.0,0.0,0.0,0.0,0.0,,5.0,25.0,20.0,/home/runner/work/PLL_Analytics/PLL_Analytics/data/source_data/api_responses/season_2023/game_playoffs-quarterfinal-3-2023-9-1/player_game_stats.json.gz,Quarterfinal
2023,post,2023_ev45,playoffs-quarterfinal-3-2023-9-1,playoffs-quarterfinal-3-2023-9-1,41,12,2023-09-04,RED,Redwoods,CHA,Chaos,RED,Redwoods,CHA,Chaos,1,003023,Owen,Grant,Owen Grant,owen grant,owen-grant,https://img.premierlacrosseleague.com/Players/2026/owen-grant.webp?v=3,LSM,Long Stick Midfield,81,1,1.0,1.0,1.0,0.0,1.0,0.0,2.0,0.5,2,1.0,0.0,0.0,0.0,0.0,0.0,0.0,0.0,0.0,0.0,0.0,2.0,0.0,0.0,0,1,1,0.0,0.0,0.0,0.0,0.0,0 - 1,0.0,4.0,2.0,/home/runner/work/PLL_Analytics/PLL_Analytics/data/source_data/api_responses/season_2023/game_playoffs-quarterfinal-3-2023-9-1/player_game_stats.json.gz,Quarterfinal
2023,post,2023_ev45,playoffs-quarterfinal-3-2023-9-1,playoffs-quarterfinal-3-2023-9-1,41,12,2023-09-04,RED,Redwoods,CHA,Chaos,RED,Redwoods,CHA,Chaos,1,000414,Rob,Pannell,Rob Pannell,rob pannell,rob-pannell,https://img.premierlacrosseleague.com/Players/2026/rob-pannell.webp,A,Attack,3,1,3.0,0.0,0.0,0.0,0.0,3.0,6.0,0.0,2,0.3333333333333333,2.0,0.0,0.0,0.0,0.0,0.0,0.0,0.0,0.0,0.0,3.0,3.0,0.0,0,0,0,0.0,0.0,0.0,0.0,0.0,,7.0,53.0,44.0,/home/runner/work/PLL_Analytics/PLL_Analytics/data/source_data/api_responses/season_2023/game_playoffs-quarterfinal-3-2023-9-1/player_game_stats.json.gz,Quarterfinal
2023,post,2023_ev45,playoffs-quarterfinal-3-2023-9-1,playoffs-quarterfinal-3-2023-9-1,41,12,2023-09-04,RED,Redwoods,CHA,Chaos,RED,Redwoods,CHA,Chaos,1,000305,Romar,Dennis,Romar Dennis,romar dennis,romar-dennis,https://img.premierlacrosseleague.com/Players/2026/romar-dennis.webp,M,Midfield,5,1,3.0,1.0,1.0,0.0,1.0,2.0,4.0,0.25,4,1.0,2.0,0.0,0.0,0.0,0.0,0.0,0.0,0.0,0.0,0.0,1.0,0.0,0.0,0,0,0,0.0,0.0,0.0,0.0,0.0,,3.0,26.0,22.0,/home/runner/work/PLL_Analytics/PLL_Analytics/data/source_data/api_responses/season_2023/game_playoffs-quarterfinal-3-2023-9-1/player_game_stats.json.gz,Quarterfinal
2023,post,2023_ev45,playoffs-quarterfinal-3-2023-9-1,playoffs-quarterfinal-3-2023-9-1,41,12,2023-09-04,RED,Redwoods,CHA,Chaos,RED,Redwoods,CHA,Chaos,1,002063,Ryan,Kennedy,Ryan Kennedy,ryan kennedy,ryan-kennedy,https://img.premierlacrosseleague.com/Players/2024/ryan-kennedy?v=2,LSM,Long Stick Midfield,35,1,0.0,0.0,0.0,0.0,0.0,0.0,0.0,0.0,0,,0.0,0.0,0.0,0.0,0.0,0.0,0.0,0.0,0.0,0.0,3.0,0.0,1.0,0,2,2,0.0,0.0,0.0,0.0,0.0,0 - 2,0.0,4.0,4.0,/home/runner/work/PLL_Analytics/PLL_Analytics/data/source_data/api_responses/season_2023/game_playoffs-quarterfinal-3-2023-9-1/player_game_stats.json.gz,Quarterfinal
2023,post,2023_ev45,playoffs-quarterfinal-3-2023-9-1,playoffs-quarterfinal-3-2023-9-1,41,12,2023-09-04,RED,Redwoods,CHA,Chaos,RED,Redwoods,CHA,Chaos,1,000373,Ryder,Garnsey,Ryder Garnsey,ryder garnsey,ryder-garnsey,https://img.premierlacrosseleague.com/Players/2026/ryder-garnsey.webp?v=4,A,Attack,50,1,1.0,0.0,0.0,0.0,0.0,1.0,3.0,0.0,1,0.3333333333333333,1.0,0.0,0.0,0.0,0.0,0.0,0.0,0.0,0.0,0.0,2.0,1.0,0.0,0,0,0,0.0,0.0,0.0,0.0,0.0,,2.0,41.0,37.0,/home/runner/work/PLL_Analytics/PLL_Analytics/data/source_data/api_responses/season_2023/game_playoffs-quarterfinal-3-2023-9-1/player_game_stats.json.gz,Quarterfinal
2023,post,2023_ev45,playoffs-quarterfinal-3-2023-9-1,playoffs-quarterfinal-3-2023-9-1,41,12,2023-09-04,RED,Redwoods,CHA,Chaos,RED,Redwoods,CHA,Chaos,1,001812,TD,Ierlan,TD Ierlan,td ierlan,td-ierlan,https://img.premierlacrosseleague.com/Players/2026/td-ierlan.webp,FO,Faceoff,6,1,0.0,0.0,0.0,0.0,0.0,0.0,0.0,0.0,0,,0.0,0.0,0.0,0.0,0.0,0.0,0.0,0.0,0.0,0.0,5.0,0.0,0.0,11,5,16,0.6875,0.0,0.0,0.0,0.0,11 - 16,2.0,5.0,5.0,/home/runner/work/PLL_Analytics/PLL_Analytics/data/source_data/api_responses/season_2023/game_playoffs-quarterfinal-3-2023-9-1/player_game_stats.json.gz,Quarterfinal
2023,post,2023_ev45,playoffs-quarterfinal-3-2023-9-1,playoffs-quarterfinal-3-2023-9-1,41,12,2023-09-04,RED,Redwoods,CHA,Chaos,RED,Redwoods,CHA,Chaos,1,000370,Tim,Troutner,Tim Troutner,tim troutner,tim-troutner,https://img.premierlacrosseleague.com/Players/2026/tim-troutner.webp?v=3,G,Goalie,0,1,0.0,0.0,0.0,0.0,0.0,0.0,0.0,0.0,0,,0.0,1.0,1.0,0.0,0.5,1.0,24.0,0.0,1.0,24.0,0.0,0.0,0.0,0,0,0,0.0,1.0,0.0,0.0,0.0,,0.0,1.0,1.0,/home/runner/work/PLL_Analytics/PLL_Analytics/data/source_data/api_responses/season_2023/game_playoffs-quarterfinal-3-2023-9-1/player_game_stats.json.gz,Quarterfinal
2023,post,2023_ev45,playoffs-quarterfinal-3-2023-9-1,playoffs-quarterfinal-3-2023-9-1,41,12,2023-09-04,RED,Redwoods,CHA,Chaos,RED,Redwoods,CHA,Chaos,1,000385,Wes,Berg,Wes Berg,wes berg,wes-berg,https://img.premierlacrosseleague.com/Players/2024/wes-berg?v=2,A,Attack,14,1,7.0,7.0,7.0,0.0,7.0,0.0,12.0,0.5833333333333334,9,0.75,0.0,0.0,0.0,0.0,0.0,0.0,0.0,0.0,0.0,0.0,1.0,1.0,1.0,0,0,0,0.0,0.0,0.0,0.0,0.0,,0.0,18.0,5.0,/home/runner/work/PLL_Analytics/PLL_Analytics/data/source_data/api_responses/season_2023/game_playoffs-quarterfinal-3-2023-9-1/player_game_stats.json.gz,Quarterfinal
2023,post,2023_ev44,playoffs-quarterfinal-2-2023-9-1,playoffs-quarterfinal-2-2023-9-1,42,12,2023-09-04,WAT,Waterdogs,WHP,Whipsnakes,WAT,Waterdogs,WHP,Whipsnakes,1,001406,Ben,Randall,Ben Randall,ben randall,ben-randall,https://img.premierlacrosseleague.com/Players/2026/ben-randall.webp,D,Defense,44,1,0.0,0.0,0.0,0.0,0.0,0.0,0.0,0.0,0,,0.0,0.0,0.0,0.0,0.0,0.0,0.0,0.0,0.0,0.0,1.0,0.0,2.0,0,0,0,0.0,0.0,0.0,0.0,0.0,,0.0,6.0,6.0,/home/runner/work/PLL_Analytics/PLL_Analytics/data/source_data/api_responses/season_2023/game_playoffs-quarterfinal-2-2023-9-1/player_game_stats.json.gz,Quarterfinal
2023,post,2023_ev44,playoffs-quarterfinal-2-2023-9-1,playoffs-quarterfinal-2-2023-9-1,42,12,2023-09-04,WAT,Waterdogs,WHP,Whipsnakes,WAT,Waterdogs,WHP,Whipsnakes,1,001733,Charlie,Hayes,Charlie Hayes,charlie hayes,charlie-hayes,https://img.premierlacrosseleague.com/Players/2026/charlie-hayes.webp?v=4,SSDM,Defensive Midfield,23,1,0.0,0.0,0.0,0.0,0.0,0.0,0.0,0.0,0,,0.0,0.0,0.0,0.0,0.0,0.0,0.0,0.0,0.0,0.0,1.0,0.0,0.0,0,0,0,0.0,0.0,0.0,0.0,0.0,,0.0,6.0,6.0,/home/runner/work/PLL_Analytics/PLL_Analytics/data/source_data/api_responses/season_2023/game_playoffs-quarterfinal-2-2023-9-1/player_game_stats.json.gz,Quarterfinal
2023,post,2023_ev44,playoffs-quarterfinal-2-2023-9-1,playoffs-quarterfinal-2-2023-9-1,42,12,2023-09-04,WAT,Waterdogs,WHP,Whipsnakes,WAT,Waterdogs,WHP,Whipsnakes,1,000368,Chris,Sabia,Chris Sabia,chris sabia,chris-sabia,https://img.premierlacrosseleague.com/Players/2024/chris-sabia?v=2,LSM,Long Stick Midfield,16,1,0.0,0.0,0.0,0.0,0.0,0.0,0.0,0.0,0,,0.0,0.0,0.0,0.0,0.0,0.0,0.0,0.0,0.0,0.0,1.0,0.0,1.0,0,0,0,0.0,0.0,0.0,1.0,1.0,,0.0,7.0,7.0,/home/runner/work/PLL_Analytics/PLL_Analytics/data/source_data/api_responses/season_2023/game_playoffs-quarterfinal-2-2023-9-1/player_game_stats.json.gz,Quarterfinal
2023,post,2023_ev44,playoffs-quarterfinal-2-2023-9-1,playoffs-quarterfinal-2-2023-9-1,42,12,2023-09-04,WAT,Waterdogs,WHP,Whipsnakes,WAT,Waterdogs,WHP,Whipsnakes,1,001795,Christian,Scarpello,Christian Scarpello,christian scarpello,christian-scarpello,https://img.premierlacrosseleague.com/Players/2026/christian-scarpello.webp?v=1,SSDM,Defensive Midfield,50,1,0.0,0.0,0.0,0.0,0.0,0.0,1.0,0.0,1,1.0,0.0,0.0,0.0,0.0,0.0,0.0,0.0,0.0,0.0,0.0,2.0,0.0,0.0,0,0,0,0.0,0.0,0.0,0.0,0.0,,0.0,8.0,7.0,/home/runner/work/PLL_Analytics/PLL_Analytics/data/source_data/api_responses/season_2023/game_playoffs-quarterfinal-2-2023-9-1/player_game_stats.json.gz,Quarterfinal
2023,post,2023_ev44,playoffs-quarterfinal-2-2023-9-1,playoffs-quarterfinal-2-2023-9-1,42,12,2023-09-04,WAT,Waterdogs,WHP,Whipsnakes,WAT,Waterdogs,WHP,Whipsnakes,1,000339,Connor,Kelly,Connor Kelly,connor kelly,connor-kelly,https://img.premierlacrosseleague.com/Players/2026/connor-kelly.webp,M,Midfield,40,1,1.0,1.0,1.0,0.0,1.0,0.0,5.0,0.2,3,0.6,0.0,0.0,0.0,0.0,0.0,0.0,0.0,0.0,0.0,0.0,1.0,2.0,0.0,0,0,0,0.0,0.0,0.0,0.0,0.0,,0.0,36.0,29.0,/home/runner/work/PLL_Analytics/PLL_Analytics/data/source_data/api_responses/season_2023/game_playoffs-quarterfinal-2-2023-9-1/player_game_stats.json.gz,Quarterfinal
2023,post,2023_ev44,playoffs-quarterfinal-2-2023-9-1,playoffs-quarterfinal-2-2023-9-1,42,12,2023-09-04,WAT,Waterdogs,WHP,Whipsnakes,WAT,Waterdogs,WHP,Whipsnakes,1,000418,Dillon,Ward,Dillon Ward,dillon ward,dillon-ward,https://img.premierlacrosseleague.com/Players/2026/dillon-ward.webp?v=5,G,Goalie,37,1,0.0,0.0,0.0,0.0,0.0,0.0,0.0,0.0,0,,0.0,18.0,6.0,12.0,0.6,0.3333333333333333,12.0,0.0,12.0,12.0,2.0,0.0,1.0,0,0,0,0.0,12.0,0.0,0.0,0.0,,0.0,13.0,13.0,/home/runner/work/PLL_Analytics/PLL_Analytics/data/source_data/api_responses/season_2023/game_playoffs-quarterfinal-2-2023-9-1/player_game_stats.json.gz,Quarterfinal
2023,post,2023_ev44,playoffs-quarterfinal-2-2023-9-1,playoffs-quarterfinal-2-2023-9-1,42,12,2023-09-04,WAT,Waterdogs,WHP,Whipsnakes,WAT,Waterdogs,WHP,Whipsnakes,1,000410,Eli,Gobrecht,Eli Gobrecht,eli gobrecht,eli-gobrecht,https://img.premierlacrosseleague.com/Players/2026/eli-gobrecht.webp?v=4,D,Defense,25,1,0.0,0.0,0.0,0.0,0.0,0.0,2.0,0.0,0,0.0,0.0,0.0,0.0,0.0,0.0,0.0,0.0,0.0,0.0,0.0,1.0,0.0,0.0,1,15,17,0.058823529411764705,0.0,0.0,0.0,0.0,1 - 17,1.0,3.0,1.0,/home/runner/work/PLL_Analytics/PLL_Analytics/data/source_data/api_responses/season_2023/game_playoffs-quarterfinal-2-2023-9-1/player_game_stats.json.gz,Quarterfinal
2023,post,2023_ev44,playoffs-quarterfinal-2-2023-9-1,playoffs-quarterfinal-2-2023-9-1,42,12,2023-09-04,WAT,Waterdogs,WHP,Whipsnakes,WAT,Waterdogs,WHP,Whipsnakes,1,001835,Ethan,Walker,Ethan Walker,ethan walker,ethan-walker,https://img.premierlacrosseleague.com/Players/2024/ethan-walker?v=2,A,Attack,57,1,3.0,0.0,0.0,0.0,0.0,3.0,2.0,0.0,1,0.5,0.0,0.0,0.0,0.0,0.0,0.0,0.0,0.0,0.0,0.0,1.0,1.0,0.0,0,0,0,0.0,0.0,0.0,0.0,0.0,,7.0,36.0,33.0,/home/runner/work/PLL_Analytics/PLL_Analytics/data/source_data/api_responses/season_2023/game_playoffs-quarterfinal-2-2023-9-1/player_game_stats.json.gz,Quarterfinal
2023,post,2023_ev44,playoffs-quarterfinal-2-2023-9-1,playoffs-quarterfinal-2-2023-9-1,42,12,2023-09-04,WAT,Waterdogs,WHP,Whipsnakes,WAT,Waterdogs,WHP,Whipsnakes,1,002028,Jack,Hannah,Jack Hannah,jack hannah,jack-hannah,https://img.premierlacrosseleague.com/Players/2026/jack-hannah.webp?v=4,M,Midfield,3,1,2.0,1.0,1.0,0.0,1.0,1.0,5.0,0.2,1,0.2,0.0,0.0,0.0,0.0,0.0,0.0,0.0,0.0,0.0,0.0,1.0,0.0,0.0,0,0,0,0.0,0.0,0.0,0.0,0.0,,1.0,18.0,13.0,/home/runner/work/PLL_Analytics/PLL_Analytics/data/source_data/api_responses/season_2023/game_playoffs-quarterfinal-2-2023-9-1/player_game_stats.json.gz,Quarterfinal
2023,post,2023_ev44,playoffs-quarterfinal-2-2023-9-1,playoffs-quarterfinal-2-2023-9-1,42,12,2023-09-04,WAT,Waterdogs,WHP,Whipsnakes,WAT,Waterdogs,WHP,Whipsnakes,1,002036,Jake,Higgins,Jake Higgins,jake higgins,jake-higgins,https://img.premierlacrosseleague.com/Players/2024/jake-higgins?v=2,SSDM,Defensive Midfield,41,1,0.0,0.0,0.0,0.0,0.0,0.0,0.0,0.0,0,,0.0,0.0,0.0,0.0,0.0,0.0,0.0,0.0,0.0,0.0,3.0,0.0,2.0,0,0,0,0.0,0.0,0.0,0.0,0.0,,0.0,9.0,9.0,/home/runner/work/PLL_Analytics/PLL_Analytics/data/source_data/api_responses/season_2023/game_playoffs-quarterfinal-2-2023-9-1/player_game_stats.json.gz,Quarterfinal
2023,post,2023_ev44,playoffs-quarterfinal-2-2023-9-1,playoffs-quarterfinal-2-2023-9-1,42,12,2023-09-04,WAT,Waterdogs,WHP,Whipsnakes,WAT,Waterdogs,WHP,Whipsnakes,1,000240,Kieran,McArdle,Kieran McArdle,kieran mcardle,kieran-mcardle,https://img.premierlacrosseleague.com/Players/2026/kieran-mcardle.webp,A,Attack,6,1,8.0,6.0,6.0,0.0,6.0,2.0,11.0,0.5454545454545454,7,0.6363636363636364,0.0,0.0,0.0,0.0,0.0,0.0,0.0,0.0,0.0,0.0,0.0,3.0,0.0,0,0,0,0.0,0.0,0.0,0.0,0.0,,5.0,41.0,27.0,/home/runner/work/PLL_Analytics/PLL_Analytics/data/source_data/api_responses/season_2023/game_playoffs-quarterfinal-2-2023-9-1/player_game_stats.json.gz,Quarterfinal
2023,post,2023_ev44,playoffs-quarterfinal-2-2023-9-1,playoffs-quarterfinal-2-2023-9-1,42,12,2023-09-04,WAT,Waterdogs,WHP,Whipsnakes,WAT,Waterdogs,WHP,Whipsnakes,1,000925,Liam,Byrnes,Liam Byrnes,liam byrnes,liam-byrnes,https://img.premierlacrosseleague.com/Players/2026/liam-byrnes.webp,D,Defense,21,1,0.0,0.0,0.0,0.0,0.0,0.0,0.0,0.0,0,,0.0,0.0,0.0,0.0,0.0,0.0,0.0,0.0,0.0,0.0,5.0,0.0,0.0,0,0,0,0.0,0.0,0.0,1.0,1.0,,0.0,10.0,10.0,/home/runner/work/PLL_Analytics/PLL_Analytics/data/source_data/api_responses/season_2023/game_playoffs-quarterfinal-2-2023-9-1/player_game_stats.json.gz,Quarterfinal
2023,post,2023_ev44,playoffs-quarterfinal-2-2023-9-1,playoffs-quarterfinal-2-2023-9-1,42,12,2023-09-04,WAT,Waterdogs,WHP,Whipsnakes,WAT,Waterdogs,WHP,Whipsnakes,1,001707,Matt,Whitcher,Matt Whitcher,matt whitcher,matt-whitcher,https://img.premierlacrosseleague.com/Players/2026/matt-whitcher.webp?v=5,SSDM,Defensive Midfield,33,1,1.0,1.0,1.0,0.0,1.0,0.0,1.0,1.0,1,1.0,0.0,0.0,0.0,0.0,0.0,0.0,0.0,0.0,0.0,0.0,1.0,0.0,0.0,0,0,0,0.0,0.0,0.0,0.0,0.0,,0.0,8.0,7.0,/home/runner/work/PLL_Analytics/PLL_Analytics/data/source_data/api_responses/season_2023/game_playoffs-quarterfinal-2-2023-9-1/player_game_stats.json.gz,Quarterfinal
2023,post,2023_ev44,playoffs-quarterfinal-2-2023-9-1,playoffs-quarterfinal-2-2023-9-1,42,12,2023-09-04,WAT,Waterdogs,WHP,Whipsnakes,WAT,Waterdogs,WHP,Whipsnakes,1,001810,Michael,Sowers,Michael Sowers,michael sowers,michael-sowers,https://img.premierlacrosseleague.com/Players/2026/michael-sowers.webp,A,Attack,22,1,7.0,5.0,5.0,0.0,5.0,2.0,7.0,0.7142857142857143,6,0.8571428571428571,0.0,0.0,0.0,0.0,0.0,0.0,0.0,0.0,0.0,0.0,0.0,2.0,0.0,0,0,0,0.0,0.0,0.0,0.0,0.0,,6.0,41.0,32.0,/home/runner/work/PLL_Analytics/PLL_Analytics/data/source_data/api_responses/season_2023/game_playoffs-quarterfinal-2-2023-9-1/player_game_stats.json.gz,Quarterfinal
2023,post,2023_ev44,playoffs-quarterfinal-2-2023-9-1,playoffs-quarterfinal-2-2023-9-1,42,12,2023-09-04,WAT,Waterdogs,WHP,Whipsnakes,WAT,Waterdogs,WHP,Whipsnakes,1,000363,Ryan,Conrad,Ryan Conrad,ryan conrad,ryan-conrad,https://img.premierlacrosseleague.com/Players/2025/ryan-conrad?v=4,M,Midfield,15,1,1.0,0.0,0.0,0.0,0.0,1.0,3.0,0.0,0,0.0,0.0,0.0,0.0,0.0,0.0,0.0,0.0,0.0,0.0,0.0,0.0,1.0,0.0,0,0,0,0.0,0.0,0.0,0.0,0.0,,2.0,21.0,17.0,/home/runner/work/PLL_Analytics/PLL_Analytics/data/source_data/api_responses/season_2023/game_playoffs-quarterfinal-2-2023-9-1/player_game_stats.json.gz,Quarterfinal
2023,post,2023_ev44,playoffs-quarterfinal-2-2023-9-1,playoffs-quarterfinal-2-2023-9-1,42,12,2023-09-04,WAT,Waterdogs,WHP,Whipsnakes,WAT,Waterdogs,WHP,Whipsnakes,1,000416,Ryland,Rees,Ryland Rees,ryland rees,ryland-rees,https://img.premierlacrosseleague.com/Players/2025/ryland-rees.png?v=3,LSM,Long Stick Midfield,17,1,0.0,0.0,0.0,0.0,0.0,0.0,1.0,0.0,0,0.0,1.0,0.0,0.0,0.0,0.0,0.0,0.0,0.0,0.0,0.0,2.0,0.0,0.0,0,0,0,0.0,0.0,0.0,0.0,0.0,,0.0,5.0,4.0,/home/runner/work/PLL_Analytics/PLL_Analytics/data/source_data/api_responses/season_2023/game_playoffs-quarterfinal-2-2023-9-1/player_game_stats.json.gz,Quarterfinal
2023,post,2023_ev44,playoffs-quarterfinal-2-2023-9-1,playoffs-quarterfinal-2-2023-9-1,42,12,2023-09-04,WAT,Waterdogs,WHP,Whipsnakes,WAT,Waterdogs,WHP,Whipsnakes,1,003027,Thomas,McConvey,Thomas McConvey,thomas mcconvey,thomas-mcconvey,https://img.premierlacrosseleague.com/Players/2026/thomas-mcconvey.webp,M,Midfield,12,1,0.0,0.0,0.0,0.0,0.0,0.0,2.0,0.0,1,0.5,0.0,0.0,0.0,0.0,0.0,0.0,0.0,0.0,0.0,0.0,1.0,0.0,0.0,0,0,0,0.0,0.0,0.0,0.0,0.0,,0.0,6.0,4.0,/home/runner/work/PLL_Analytics/PLL_Analytics/data/source_data/api_responses/season_2023/game_playoffs-quarterfinal-2-2023-9-1/player_game_stats.json.gz,Quarterfinal
2023,post,2023_ev44,playoffs-quarterfinal-2-2023-9-1,playoffs-quarterfinal-2-2023-9-1,42,12,2023-09-04,WAT,Waterdogs,WHP,Whipsnakes,WAT,Waterdogs,WHP,Whipsnakes,1,000409,Zach,Currier,Zach Currier,zach currier,zach-currier,https://img.premierlacrosseleague.com/Players/2026/zach-currier.webp?v=4,M,Midfield,77,1,1.0,1.0,1.0,0.0,1.0,0.0,4.0,0.25,2,0.5,1.0,0.0,0.0,0.0,0.0,0.0,0.0,0.0,0.0,0.0,3.0,2.0,0.0,9,5,14,0.6428571428571429,0.0,0.0,0.0,0.0,9 - 14,1.0,16.0,10.0,/home/runner/work/PLL_Analytics/PLL_Analytics/data/source_data/api_responses/season_2023/game_playoffs-quarterfinal-2-2023-9-1/player_game_stats.json.gz,Quarterfinal
2023,post,2023_ev44,playoffs-quarterfinal-2-2023-9-1,playoffs-quarterfinal-2-2023-9-1,42,12,2023-09-04,WHP,Whipsnakes,WAT,Waterdogs,WHP,Whipsnakes,WAT,Waterdogs,0,000390,Brad,Smith,Brad Smith,brad smith,brad-smith,https://img.premierlacrosseleague.com/Players/2026/brad-smith.webp,M,Midfield,27,1,1.0,1.0,1.0,0.0,1.0,0.0,1.0,1.0,1,1.0,0.0,0.0,0.0,0.0,0.0,0.0,0.0,0.0,0.0,0.0,0.0,2.0,0.0,0,0,0,0.0,0.0,0.0,0.0,0.0,,0.0,18.0,15.0,/home/runner/work/PLL_Analytics/PLL_Analytics/data/source_data/api_responses/season_2023/game_playoffs-quarterfinal-2-2023-9-1/player_game_stats.json.gz,Quarterfinal
2023,post,2023_ev44,playoffs-quarterfinal-2-2023-9-1,playoffs-quarterfinal-2-2023-9-1,42,12,2023-09-04,WHP,Whipsnakes,WAT,Waterdogs,WHP,Whipsnakes,WAT,Waterdogs,0,000614,Brian,Phipps,Brian Phipps,brian phipps,brian-phipps,https://img.premierlacrosseleague.com/Players/2026/brian-phipps.webp?v=1,G,Goalie,30,1,0.0,0.0,0.0,0.0,0.0,0.0,0.0,0.0,0,,0.0,5.0,1.0,4.0,0.5,0.2,7.91209,0.0,5.0,7.912087912087912,2.0,0.0,0.0,0,0,0,0.0,5.0,0.0,0.0,0.0,,0.0,8.0,8.0,/home/runner/work/PLL_Analytics/PLL_Analytics/data/source_data/api_responses/season_2023/game_playoffs-quarterfinal-2-2023-9-1/player_game_stats.json.gz,Quarterfinal
2023,post,2023_ev44,playoffs-quarterfinal-2-2023-9-1,playoffs-quarterfinal-2-2023-9-1,42,12,2023-09-04,WHP,Whipsnakes,WAT,Waterdogs,WHP,Whipsnakes,WAT,Waterdogs,0,000337,Bryce,Young,Bryce Young,bryce young,bryce-young,https://img.premierlacrosseleague.com/Players/2025/bryce-young.png?v=3,D,Defense,41,1,0.0,0.0,0.0,0.0,0.0,0.0,0.0,0.0,0,,0.0,0.0,0.0,0.0,0.0,0.0,0.0,0.0,0.0,0.0,2.0,0.0,2.0,0,0,0,0.0,0.0,0.0,1.0,0.5,,0.0,5.0,5.0,/home/runner/work/PLL_Analytics/PLL_Analytics/data/source_data/api_responses/season_2023/game_playoffs-quarterfinal-2-2023-9-1/player_game_stats.json.gz,Quarterfinal
2023,post,2023_ev44,playoffs-quarterfinal-2-2023-9-1,playoffs-quarterfinal-2-2023-9-1,42,12,2023-09-04,WHP,Whipsnakes,WAT,Waterdogs,WHP,Whipsnakes,WAT,Waterdogs,0,001831,Colin,Squires,Colin Squires,colin squires,colin-squires,https://img.premierlacrosseleague.com/Players/2025/colin-squires.png?v=4,LSM,Long Stick Midfield,39,1,0.0,0.0,0.0,0.0,0.0,0.0,0.0,0.0,0,,0.0,0.0,0.0,0.0,0.0,0.0,0.0,0.0,0.0,0.0,2.0,0.0,0.0,0,2,2,0.0,0.0,0.0,0.0,0.0,0 - 2,1.0,2.0,2.0,/home/runner/work/PLL_Analytics/PLL_Analytics/data/source_data/api_responses/season_2023/game_playoffs-quarterfinal-2-2023-9-1/player_game_stats.json.gz,Quarterfinal
2023,post,2023_ev44,playoffs-quarterfinal-2-2023-9-1,playoffs-quarterfinal-2-2023-9-1,42,12,2023-09-04,WHP,Whipsnakes,WAT,Waterdogs,WHP,Whipsnakes,WAT,Waterdogs,0,001815,Connor,Kirst,Connor Kirst,connor kirst,connor-kirst,https://img.premierlacrosseleague.com/Players/2026/connor-kirst.webp,SSDM,Defensive Midfield,34,1,1.0,0.0,0.0,0.0,0.0,1.0,4.0,0.0,3,0.75,2.0,0.0,0.0,0.0,0.0,0.0,0.0,0.0,0.0,0.0,1.0,0.0,0.0,0,0,0,0.0,0.0,0.0,0.0,0.0,,1.0,8.0,4.0,/home/runner/work/PLL_Analytics/PLL_Analytics/data/source_data/api_responses/season_2023/game_playoffs-quarterfinal-2-2023-9-1/player_game_stats.json.gz,Quarterfinal
2023,post,2023_ev44,playoffs-quarterfinal-2-2023-9-1,playoffs-quarterfinal-2-2023-9-1,42,12,2023-09-04,WHP,Whipsnakes,WAT,Waterdogs,WHP,Whipsnakes,WAT,Waterdogs,0,001836,Jackson,Morrill,Jackson Morrill,jackson morrill,jackson-morrill,https://img.premierlacrosseleague.com/Players/2025/jackson-morrill.png?v=6,A,Attack,3,1,1.0,1.0,1.0,0.0,1.0,0.0,2.0,0.5,2,1.0,0.0,0.0,0.0,0.0,0.0,0.0,0.0,0.0,0.0,0.0,1.0,3.0,0.0,0,0,0,0.0,0.0,0.0,0.0,0.0,,3.0,38.0,33.0,/home/runner/work/PLL_Analytics/PLL_Analytics/data/source_data/api_responses/season_2023/game_playoffs-quarterfinal-2-2023-9-1/player_game_stats.json.gz,Quarterfinal
2023,post,2023_ev44,playoffs-quarterfinal-2-2023-9-1,playoffs-quarterfinal-2-2023-9-1,42,12,2023-09-04,WHP,Whipsnakes,WAT,Waterdogs,WHP,Whipsnakes,WAT,Waterdogs,0,000345,Jake,Bernhardt,Jake Bernhardt,jake bernhardt,jake-bernhardt,https://img.premierlacrosseleague.com/Players/2026/jake-bernhardt.webp?v=4,SSDM,Defensive Midfield,83,1,1.0,1.0,1.0,0.0,1.0,0.0,4.0,0.25,2,0.5,0.0,0.0,0.0,0.0,0.0,0.0,0.0,0.0,0.0,0.0,1.0,0.0,2.0,0,0,0,0.0,0.0,0.0,0.0,0.0,,0.0,8.0,4.0,/home/runner/work/PLL_Analytics/PLL_Analytics/data/source_data/api_responses/season_2023/game_playoffs-quarterfinal-2-2023-9-1/player_game_stats.json.gz,Quarterfinal
2023,post,2023_ev44,playoffs-quarterfinal-2-2023-9-1,playoffs-quarterfinal-2-2023-9-1,42,12,2023-09-04,WHP,Whipsnakes,WAT,Waterdogs,WHP,Whipsnakes,WAT,Waterdogs,0,000353,Kyle,Bernlohr,Kyle Bernlohr,kyle bernlohr,kyle-bernlohr,https://img.premierlacrosseleague.com/Players/2024/kyle-bernlohr?v=3,G,Goalie,35,1,0.0,0.0,0.0,0.0,0.0,0.0,0.0,0.0,0,,0.0,2.0,1.0,1.0,0.16667,0.5,27.16981,0.0,10.0,27.169811320754715,1.0,0.0,0.0,0,0,0,0.0,10.0,0.0,0.0,0.0,,1.0,2.0,2.0,/home/runner/work/PLL_Analytics/PLL_Analytics/data/source_data/api_responses/season_2023/game_playoffs-quarterfinal-2-2023-9-1/player_game_stats.json.gz,Quarterfinal
2023,post,2023_ev44,playoffs-quarterfinal-2-2023-9-1,playoffs-quarterfinal-2-2023-9-1,42,12,2023-09-04,WHP,Whipsnakes,WAT,Waterdogs,WHP,Whipsnakes,WAT,Waterdogs,0,000354,Matt,Rambo,Matt Rambo,matt rambo,matt-rambo,https://img.premierlacrosseleague.com/Players/2026/matt-rambo.webp?v=2,A,Attack,9,1,1.0,1.0,1.0,0.0,1.0,0.0,5.0,0.2,1,0.2,0.0,0.0,0.0,0.0,0.0,0.0,0.0,0.0,0.0,0.0,1.0,1.0,0.0,0,0,0,0.0,0.0,0.0,0.0,0.0,,3.0,23.0,17.0,/home/runner/work/PLL_Analytics/PLL_Analytics/data/source_data/api_responses/season_2023/game_playoffs-quarterfinal-2-2023-9-1/player_game_stats.json.gz,Quarterfinal
2023,post,2023_ev44,playoffs-quarterfinal-2-2023-9-1,playoffs-quarterfinal-2-2023-9-1,42,12,2023-09-04,WHP,Whipsnakes,WAT,Waterdogs,WHP,Whipsnakes,WAT,Waterdogs,0,000355,Matthew,Dunn,Matthew Dunn,matthew dunn,matthew-dunn,https://img.premierlacrosseleague.com/Players/2026/matthew-dunn.webp?v=4,D,Defense,33,1,0.0,0.0,0.0,0.0,0.0,0.0,0.0,0.0,0,,0.0,0.0,0.0,0.0,0.0,0.0,0.0,0.0,0.0,0.0,0.0,0.0,0.0,0,0,0,0.0,0.0,0.0,0.0,0.0,,0.0,4.0,4.0,/home/runner/work/PLL_Analytics/PLL_Analytics/data/source_data/api_responses/season_2023/game_playoffs-quarterfinal-2-2023-9-1/player_game_stats.json.gz,Quarterfinal
2023,post,2023_ev44,playoffs-quarterfinal-2-2023-9-1,playoffs-quarterfinal-2-2023-9-1,42,12,2023-09-04,WHP,Whipsnakes,WAT,Waterdogs,WHP,Whipsnakes,WAT,Waterdogs,0,000356,Michael,Ehrhardt,Michael Ehrhardt,michael ehrhardt,michael-ehrhardt,https://img.premierlacrosseleague.com/Players/2023/michael-ehrhardt.png?v=1,LSM,Long Stick Midfield,28,1,0.0,0.0,0.0,0.0,0.0,0.0,0.0,0.0,0,,0.0,0.0,0.0,0.0,0.0,0.0,0.0,0.0,0.0,0.0,1.0,0.0,0.0,0,0,0,0.0,0.0,0.0,2.0,1.5,,1.0,6.0,6.0,/home/runner/work/PLL_Analytics/PLL_Analytics/data/source_data/api_responses/season_2023/game_playoffs-quarterfinal-2-2023-9-1/player_game_stats.json.gz,Quarterfinal
2023,post,2023_ev44,playoffs-quarterfinal-2-2023-9-1,playoffs-quarterfinal-2-2023-9-1,42,12,2023-09-04,WHP,Whipsnakes,WAT,Waterdogs,WHP,Whipsnakes,WAT,Waterdogs,0,000357,Mike,Chanenchuk,Mike Chanenchuk,mike chanenchuk,mike-chanenchuk,https://img.premierlacrosseleague.com/Players/2024/mike-chanenchuk?v=2,M,Midfield,1,1,2.0,2.0,2.0,0.0,2.0,0.0,5.0,0.4,4,0.8,3.0,0.0,0.0,0.0,0.0,0.0,0.0,0.0,0.0,0.0,1.0,1.0,0.0,0,0,0,0.0,0.0,0.0,0.0,0.0,,0.0,22.0,16.0,/home/runner/work/PLL_Analytics/PLL_Analytics/data/source_data/api_responses/season_2023/game_playoffs-quarterfinal-2-2023-9-1/player_game_stats.json.gz,Quarterfinal
2023,post,2023_ev44,playoffs-quarterfinal-2-2023-9-1,playoffs-quarterfinal-2-2023-9-1,42,12,2023-09-04,WHP,Whipsnakes,WAT,Waterdogs,WHP,Whipsnakes,WAT,Waterdogs,0,003032,Petey,LaSalla,Petey LaSalla,petey lasalla,petey-lasalla,https://img.premierlacrosseleague.com/Players/2026/petey-lasalla.webp,FO,Faceoff,22,1,0.0,0.0,0.0,0.0,0.0,0.0,0.0,0.0,0,,0.0,0.0,0.0,0.0,0.0,0.0,0.0,0.0,0.0,0.0,16.0,0.0,0.0,20,8,29,0.6896551724137931,0.0,0.0,0.0,0.0,20 - 29,0.0,13.0,13.0,/home/runner/work/PLL_Analytics/PLL_Analytics/data/source_data/api_responses/season_2023/game_playoffs-quarterfinal-2-2023-9-1/player_game_stats.json.gz,Quarterfinal
2023,post,2023_ev44,playoffs-quarterfinal-2-2023-9-1,playoffs-quarterfinal-2-2023-9-1,42,12,2023-09-04,WHP,Whipsnakes,WAT,Waterdogs,WHP,Whipsnakes,WAT,Waterdogs,0,002021,Roman,Puglise,Roman Puglise,roman puglise,roman-puglise,https://img.premierlacrosseleague.com/Players/2025/roman-puglise.png?v=4,SSDM,Defensive Midfield,8,1,0.0,0.0,0.0,0.0,0.0,0.0,1.0,0.0,1,1.0,1.0,0.0,0.0,0.0,0.0,0.0,0.0,0.0,0.0,0.0,1.0,0.0,1.0,0,0,0,0.0,0.0,0.0,0.0,0.0,,0.0,4.0,3.0,/home/runner/work/PLL_Analytics/PLL_Analytics/data/source_data/api_responses/season_2023/game_playoffs-quarterfinal-2-2023-9-1/player_game_stats.json.gz,Quarterfinal
2023,post,2023_ev44,playoffs-quarterfinal-2-2023-9-1,playoffs-quarterfinal-2-2023-9-1,42,12,2023-09-04,WHP,Whipsnakes,WAT,Waterdogs,WHP,Whipsnakes,WAT,Waterdogs,0,000359,Tim,Muller,Tim Muller,tim muller,tim-muller,https://img.premierlacrosseleague.com/Players/2026/tim-muller.webp,D,Defense,14,1,1.0,0.0,0.0,0.0,0.0,1.0,0.0,0.0,0,,0.0,0.0,0.0,0.0,0.0,0.0,0.0,0.0,0.0,0.0,1.0,0.0,1.0,0,0,0,0.0,0.0,0.0,0.0,0.0,,1.0,7.0,7.0,/home/runner/work/PLL_Analytics/PLL_Analytics/data/source_data/api_responses/season_2023/game_playoffs-quarterfinal-2-2023-9-1/player_game_stats.json.gz,Quarterfinal
2023,post,2023_ev44,playoffs-quarterfinal-2-2023-9-1,playoffs-quarterfinal-2-2023-9-1,42,12,2023-09-04,WHP,Whipsnakes,WAT,Waterdogs,WHP,Whipsnakes,WAT,Waterdogs,0,003031,Tucker,Dordevic,Tucker Dordevic,tucker dordevic,tucker-dordevic,https://img.premierlacrosseleague.com/Players/2024/tucker-dordevic?v=3,M,Midfield,2,1,3.0,3.0,3.0,0.0,3.0,0.0,9.0,0.3333333333333333,9,1.0,1.0,0.0,0.0,0.0,0.0,0.0,0.0,0.0,0.0,0.0,2.0,0.0,0.0,0,0,0,0.0,0.0,0.0,0.0,0.0,,0.0,24.0,15.0,/home/runner/work/PLL_Analytics/PLL_Analytics/data/source_data/api_responses/season_2023/game_playoffs-quarterfinal-2-2023-9-1/player_game_stats.json.gz,Quarterfinal
2023,post,2023_ev44,playoffs-quarterfinal-2-2023-9-1,playoffs-quarterfinal-2-2023-9-1,42,12,2023-09-04,WHP,Whipsnakes,WAT,Waterdogs,WHP,Whipsnakes,WAT,Waterdogs,0,000361,Tyler,Warner,Tyler Warner,tyler warner,tyler-warner,https://img.premierlacrosseleague.com/Players/2023/tyler-warner.png?v=1,SSDM,Defensive Midfield,5,1,0.0,0.0,0.0,0.0,0.0,0.0,2.0,0.0,1,0.5,1.0,0.0,0.0,0.0,0.0,0.0,0.0,0.0,0.0,0.0,1.0,0.0,0.0,0,0,0,0.0,0.0,0.0,0.0,0.0,,0.0,7.0,5.0,/home/runner/work/PLL_Analytics/PLL_Analytics/data/source_data/api_responses/season_2023/game_playoffs-quarterfinal-2-2023-9-1/player_game_stats.json.gz,Quarterfinal
2023,post,2023_ev44,playoffs-quarterfinal-2-2023-9-1,playoffs-quarterfinal-2-2023-9-1,42,12,2023-09-04,WHP,Whipsnakes,WAT,Waterdogs,WHP,Whipsnakes,WAT,Waterdogs,0,000227,Will,Manny,Will Manny,will manny,will-manny,https://img.premierlacrosseleague.com/Players/2025/will-manny.png?v=4,A,Attack,4,1,1.0,1.0,1.0,0.0,1.0,0.0,2.0,0.5,2,1.0,0.0,0.0,0.0,0.0,0.0,0.0,0.0,0.0,0.0,0.0,0.0,2.0,0.0,0,0,0,0.0,0.0,0.0,0.0,0.0,,0.0,17.0,13.0,/home/runner/work/PLL_Analytics/PLL_Analytics/data/source_data/api_responses/season_2023/game_playoffs-quarterfinal-2-2023-9-1/player_game_stats.json.gz,Quarterfinal
2023,post,2023_ev44,playoffs-quarterfinal-2-2023-9-1,playoffs-quarterfinal-2-2023-9-1,42,12,2023-09-04,WHP,Whipsnakes,WAT,Waterdogs,WHP,Whipsnakes,WAT,Waterdogs,0,000419,Zed,Williams,Zed Williams,zed williams,zed-williams,https://img.premierlacrosseleague.com/Players/2026/zed-williams.webp,A,Attack,36,1,2.0,2.0,2.0,0.0,2.0,0.0,6.0,0.3333333333333333,4,0.6666666666666666,1.0,0.0,0.0,0.0,0.0,0.0,0.0,0.0,0.0,0.0,0.0,1.0,0.0,0,0,0,0.0,0.0,0.0,1.0,0.5,,1.0,16.0,9.0,/home/runner/work/PLL_Analytics/PLL_Analytics/data/source_data/api_responses/season_2023/game_playoffs-quarterfinal-2-2023-9-1/player_game_stats.json.gz,Quarterfinal
2023,post,2023_ev43,playoffs-quarterfinal-1-2023-9-1,playoffs-quarterfinal-1-2023-9-1,43,12,2023-09-04,ATL,Atlas,CAN,Cannons,ATL,Atlas,CAN,Cannons,0,002027,Brendan,Curry,Brendan Curry,brendan curry,brendan-curry,https://img.premierlacrosseleague.com/Players/2023/brendan-curry.png?v=1,M,Midfield,16,1,0.0,0.0,0.0,0.0,0.0,0.0,2.0,0.0,1,0.5,1.0,0.0,0.0,0.0,0.0,0.0,0.0,0.0,0.0,0.0,0.0,0.0,0.0,0,0,0,0.0,0.0,0.0,0.0,0.0,,1.0,8.0,6.0,/home/runner/work/PLL_Analytics/PLL_Analytics/data/source_data/api_responses/season_2023/game_playoffs-quarterfinal-1-2023-9-1/player_game_stats.json.gz,Quarterfinal
2023,post,2023_ev43,playoffs-quarterfinal-1-2023-9-1,playoffs-quarterfinal-1-2023-9-1,43,12,2023-09-04,ATL,Atlas,CAN,Cannons,ATL,Atlas,CAN,Cannons,0,003009,Brett,Makar,Brett Makar,brett makar,brett-makar,https://img.premierlacrosseleague.com/Players/2026/brett-makar.webp,LSM,Long Stick Midfield,43,1,0.0,0.0,0.0,0.0,0.0,0.0,1.0,0.0,0,0.0,1.0,0.0,0.0,0.0,0.0,0.0,0.0,0.0,0.0,0.0,2.0,0.0,1.0,0,0,0,0.0,0.0,0.0,0.0,0.0,,0.0,5.0,4.0,/home/runner/work/PLL_Analytics/PLL_Analytics/data/source_data/api_responses/season_2023/game_playoffs-quarterfinal-1-2023-9-1/player_game_stats.json.gz,Quarterfinal
2023,post,2023_ev43,playoffs-quarterfinal-1-2023-9-1,playoffs-quarterfinal-1-2023-9-1,43,12,2023-09-04,ATL,Atlas,CAN,Cannons,ATL,Atlas,CAN,Cannons,0,000395,Bryan,Costabile,Bryan Costabile,bryan costabile,bryan-costabile,https://img.premierlacrosseleague.com/Players/2026/bryan-costabile.webp,M,Midfield,26,1,2.0,0.0,0.0,0.0,0.0,2.0,4.0,0.0,2,0.5,1.0,0.0,0.0,0.0,0.0,0.0,0.0,0.0,0.0,0.0,1.0,4.0,0.0,0,0,0,0.0,0.0,0.0,0.0,0.0,,3.0,22.0,14.0,/home/runner/work/PLL_Analytics/PLL_Analytics/data/source_data/api_responses/season_2023/game_playoffs-quarterfinal-1-2023-9-1/player_game_stats.json.gz,Quarterfinal
2023,post,2023_ev43,playoffs-quarterfinal-1-2023-9-1,playoffs-quarterfinal-1-2023-9-1,43,12,2023-09-04,ATL,Atlas,CAN,Cannons,ATL,Atlas,CAN,Cannons,0,003039,Chet,Comizio,Chet Comizio,chet comizio,chet-comizio,https://img.premierlacrosseleague.com/Players/2026/chet-comizio.webp,SSDM,Defensive Midfield,57,1,0.0,0.0,0.0,0.0,0.0,0.0,0.0,0.0,0,,0.0,0.0,0.0,0.0,0.0,0.0,0.0,0.0,0.0,0.0,1.0,0.0,2.0,0,0,0,0.0,0.0,0.0,0.0,0.0,,0.0,4.0,4.0,/home/runner/work/PLL_Analytics/PLL_Analytics/data/source_data/api_responses/season_2023/game_playoffs-quarterfinal-1-2023-9-1/player_game_stats.json.gz,Quarterfinal
2023,post,2023_ev43,playoffs-quarterfinal-1-2023-9-1,playoffs-quarterfinal-1-2023-9-1,43,12,2023-09-04,ATL,Atlas,CAN,Cannons,ATL,Atlas,CAN,Cannons,0,002016,Chris,Gray,Chris Gray,chris gray,chris-gray,https://img.premierlacrosseleague.com/Players/2024/chris-gray?v=2,A,Attack,4,1,2.0,0.0,0.0,0.0,0.0,2.0,6.0,0.0,4,0.6666666666666666,0.0,0.0,0.0,0.0,0.0,0.0,0.0,0.0,0.0,0.0,2.0,2.0,0.0,0,0,0,0.0,0.0,0.0,0.0,0.0,,5.0,21.0,13.0,/home/runner/work/PLL_Analytics/PLL_Analytics/data/source_data/api_responses/season_2023/game_playoffs-quarterfinal-1-2023-9-1/player_game_stats.json.gz,Quarterfinal
2023,post,2023_ev43,playoffs-quarterfinal-1-2023-9-1,playoffs-quarterfinal-1-2023-9-1,43,12,2023-09-04,ATL,Atlas,CAN,Cannons,ATL,Atlas,CAN,Cannons,0,001819,Danny,Logan,Danny Logan,danny logan,danny-logan,https://img.premierlacrosseleague.com/Players/2026/danny-logan.webp?v=4,SSDM,Defensive Midfield,91,1,1.0,0.0,0.0,0.0,0.0,1.0,1.0,0.0,1,1.0,0.0,0.0,0.0,0.0,0.0,0.0,0.0,0.0,0.0,0.0,1.0,0.0,0.0,0,0,0,0.0,0.0,0.0,0.0,0.0,,1.0,2.0,1.0,/home/runner/work/PLL_Analytics/PLL_Analytics/data/source_data/api_responses/season_2023/game_playoffs-quarterfinal-1-2023-9-1/player_game_stats.json.gz,Quarterfinal
2023,post,2023_ev43,playoffs-quarterfinal-1-2023-9-1,playoffs-quarterfinal-1-2023-9-1,43,12,2023-09-04,ATL,Atlas,CAN,Cannons,ATL,Atlas,CAN,Cannons,0,002014,Drake,Porter,Drake Porter,drake porter,drake-porter,https://img.premierlacrosseleague.com/Players/2024/drake-porter?v=2,G,Goalie,34,1,0.0,0.0,0.0,0.0,0.0,0.0,0.0,0.0,0,,0.0,2.0,0.0,2.0,0.28571,0.0,12.28669,0.0,5.0,12.286689419795222,2.0,1.0,0.0,0,0,0,0.0,5.0,0.0,0.0,0.0,,0.0,4.0,3.0,/home/runner/work/PLL_Analytics/PLL_Analytics/data/source_data/api_responses/season_2023/game_playoffs-quarterfinal-1-2023-9-1/player_game_stats.json.gz,Quarterfinal
2023,post,2023_ev43,playoffs-quarterfinal-1-2023-9-1,playoffs-quarterfinal-1-2023-9-1,43,12,2023-09-04,ATL,Atlas,CAN,Cannons,ATL,Atlas,CAN,Cannons,0,001001,Dylan,Molloy,Dylan Molloy,dylan molloy,dylan-molloy,https://img.premierlacrosseleague.com/Players/2026/dylan-molloy.webp,M,Midfield,17,1,0.0,0.0,0.0,0.0,0.0,0.0,1.0,0.0,1,1.0,0.0,0.0,0.0,0.0,0.0,0.0,0.0,0.0,0.0,0.0,0.0,2.0,0.0,0,0,0,0.0,0.0,0.0,0.0,0.0,,1.0,7.0,4.0,/home/runner/work/PLL_Analytics/PLL_Analytics/data/source_data/api_responses/season_2023/game_playoffs-quarterfinal-1-2023-9-1/player_game_stats.json.gz,Quarterfinal
2023,post,2023_ev43,playoffs-quarterfinal-1-2023-9-1,playoffs-quarterfinal-1-2023-9-1,43,12,2023-09-04,ATL,Atlas,CAN,Cannons,ATL,Atlas,CAN,Cannons,0,000234,Eric,Law,Eric Law,eric law,eric-law,https://img.premierlacrosseleague.com/Players/2025/eric-law.png?v=3,A,Attack,15,1,2.0,2.0,2.0,0.0,2.0,0.0,4.0,0.5,3,0.75,0.0,0.0,0.0,0.0,0.0,0.0,0.0,0.0,0.0,0.0,0.0,4.0,0.0,0,0,0,0.0,0.0,0.0,0.0,0.0,,3.0,19.0,11.0,/home/runner/work/PLL_Analytics/PLL_Analytics/data/source_data/api_responses/season_2023/game_playoffs-quarterfinal-1-2023-9-1/player_game_stats.json.gz,Quarterfinal
2023,post,2023_ev43,playoffs-quarterfinal-1-2023-9-1,playoffs-quarterfinal-1-2023-9-1,43,12,2023-09-04,ATL,Atlas,CAN,Cannons,ATL,Atlas,CAN,Cannons,0,003008,Gavin,Adler,Gavin Adler,gavin adler,gavin-adler,https://img.premierlacrosseleague.com/Players/2026/gavin-adler.webp,D,Defense,88,1,0.0,0.0,0.0,0.0,0.0,0.0,0.0,0.0,0,,0.0,0.0,0.0,0.0,0.0,0.0,0.0,0.0,0.0,0.0,1.0,0.0,0.0,0,0,0,0.0,0.0,0.0,0.0,0.0,,0.0,6.0,6.0,/home/runner/work/PLL_Analytics/PLL_Analytics/data/source_data/api_responses/season_2023/game_playoffs-quarterfinal-1-2023-9-1/player_game_stats.json.gz,Quarterfinal
2023,post,2023_ev43,playoffs-quarterfinal-1-2023-9-1,playoffs-quarterfinal-1-2023-9-1,43,12,2023-09-04,ATL,Atlas,CAN,Cannons,ATL,Atlas,CAN,Cannons,0,000241,Jack,Concannon,Jack Concannon,jack concannon,jack-concannon,https://img.premierlacrosseleague.com/Players/2023/jack-concannon.png?v=1,G,Goalie,12,1,0.0,0.0,0.0,0.0,0.0,0.0,0.0,0.0,0,,0.0,6.0,2.0,4.0,0.3,0.3333333333333333,23.60656,1.68618,15.0,25.292740046838407,0.0,0.0,1.0,0,0,0,0.0,14.0,1.0,0.0,0.0,,0.0,6.0,6.0,/home/runner/work/PLL_Analytics/PLL_Analytics/data/source_data/api_responses/season_2023/game_playoffs-quarterfinal-1-2023-9-1/player_game_stats.json.gz,Quarterfinal
2023,post,2023_ev43,playoffs-quarterfinal-1-2023-9-1,playoffs-quarterfinal-1-2023-9-1,43,12,2023-09-04,ATL,Atlas,CAN,Cannons,ATL,Atlas,CAN,Cannons,0,000235,Jake,Richard,Jake Richard,jake richard,jake-richard,https://img.premierlacrosseleague.com/Players/2024/jake-richard?v=2,SSDM,Defensive Midfield,27,1,0.0,0.0,0.0,0.0,0.0,0.0,0.0,0.0,0,,0.0,0.0,0.0,0.0,0.0,0.0,0.0,0.0,0.0,0.0,0.0,0.0,0.0,0,0,0,0.0,0.0,0.0,1.0,0.5,,0.0,6.0,6.0,/home/runner/work/PLL_Analytics/PLL_Analytics/data/source_data/api_responses/season_2023/game_playoffs-quarterfinal-1-2023-9-1/player_game_stats.json.gz,Quarterfinal
2023,post,2023_ev43,playoffs-quarterfinal-1-2023-9-1,playoffs-quarterfinal-1-2023-9-1,43,12,2023-09-04,ATL,Atlas,CAN,Cannons,ATL,Atlas,CAN,Cannons,0,001809,Jeff,Teat,Jeff Teat,jeff teat,jeff-teat,https://img.premierlacrosseleague.com/Players/2025/jeff-teat.png?v=3,A,Attack,7,1,3.0,2.0,2.0,0.0,2.0,1.0,7.0,0.2857142857142857,4,0.5714285714285714,0.0,0.0,0.0,0.0,0.0,0.0,0.0,0.0,0.0,0.0,1.0,2.0,0.0,0,0,0,0.0,0.0,0.0,0.0,0.0,,4.0,25.0,16.0,/home/runner/work/PLL_Analytics/PLL_Analytics/data/source_data/api_responses/season_2023/game_playoffs-quarterfinal-1-2023-9-1/player_game_stats.json.gz,Quarterfinal
2023,post,2023_ev43,playoffs-quarterfinal-1-2023-9-1,playoffs-quarterfinal-1-2023-9-1,43,12,2023-09-04,ATL,Atlas,CAN,Cannons,ATL,Atlas,CAN,Cannons,0,003049,John,Geppert,John Geppert,john geppert,john-geppert,https://img.premierlacrosseleague.com/Players/2025/john-geppert.png?v=3,LSM,Long Stick Midfield,19,1,0.0,0.0,0.0,0.0,0.0,0.0,0.0,0.0,0,,0.0,0.0,0.0,0.0,0.0,0.0,0.0,0.0,0.0,0.0,0.0,0.0,0.0,0,0,0,0.0,0.0,0.0,0.0,0.0,,0.0,3.0,3.0,/home/runner/work/PLL_Analytics/PLL_Analytics/data/source_data/api_responses/season_2023/game_playoffs-quarterfinal-1-2023-9-1/player_game_stats.json.gz,Quarterfinal
2023,post,2023_ev43,playoffs-quarterfinal-1-2023-9-1,playoffs-quarterfinal-1-2023-9-1,43,12,2023-09-04,ATL,Atlas,CAN,Cannons,ATL,Atlas,CAN,Cannons,0,001397,Michael,Rexrode,Michael Rexrode,michael rexrode,michael-rexrode,https://img.premierlacrosseleague.com/Players/2026/michael-rexrode.webp,D,Defense,22,1,0.0,0.0,0.0,0.0,0.0,0.0,0.0,0.0,0,,0.0,0.0,0.0,0.0,0.0,0.0,0.0,0.0,0.0,0.0,1.0,0.0,0.0,0,0,0,0.0,0.0,0.0,0.0,0.0,,0.0,4.0,4.0,/home/runner/work/PLL_Analytics/PLL_Analytics/data/source_data/api_responses/season_2023/game_playoffs-quarterfinal-1-2023-9-1/player_game_stats.json.gz,Quarterfinal
2023,post,2023_ev43,playoffs-quarterfinal-1-2023-9-1,playoffs-quarterfinal-1-2023-9-1,43,12,2023-09-04,ATL,Atlas,CAN,Cannons,ATL,Atlas,CAN,Cannons,0,000278,Myles,Jones,Myles Jones,myles jones,myles-jones,https://img.premierlacrosseleague.com/Players/2026/myles-jones.webp,M,Midfield,8,1,2.0,1.0,1.0,0.0,1.0,1.0,7.0,0.14285714285714285,2,0.2857142857142857,2.0,0.0,0.0,0.0,0.0,0.0,0.0,0.0,0.0,0.0,0.0,2.0,0.0,0,0,0,0.0,0.0,0.0,0.0,0.0,,2.0,18.0,9.0,/home/runner/work/PLL_Analytics/PLL_Analytics/data/source_data/api_responses/season_2023/game_playoffs-quarterfinal-1-2023-9-1/player_game_stats.json.gz,Quarterfinal
2023,post,2023_ev43,playoffs-quarterfinal-1-2023-9-1,playoffs-quarterfinal-1-2023-9-1,43,12,2023-09-04,ATL,Atlas,CAN,Cannons,ATL,Atlas,CAN,Cannons,0,000254,Trevor,Baptiste,Trevor Baptiste,trevor baptiste,trevor-baptiste,https://img.premierlacrosseleague.com/Players/2026/trevor-baptiste.webp?v=4,FO,Faceoff,9,1,1.0,1.0,1.0,0.0,1.0,0.0,3.0,0.3333333333333333,2,0.6666666666666666,0.0,0.0,0.0,0.0,0.0,0.0,0.0,0.0,0.0,0.0,31.0,4.0,0.0,33,1,34,0.9705882352941176,0.0,0.0,0.0,0.0,33 - 34,2.0,30.0,23.0,/home/runner/work/PLL_Analytics/PLL_Analytics/data/source_data/api_responses/season_2023/game_playoffs-quarterfinal-1-2023-9-1/player_game_stats.json.gz,Quarterfinal
2023,post,2023_ev43,playoffs-quarterfinal-1-2023-9-1,playoffs-quarterfinal-1-2023-9-1,43,12,2023-09-04,ATL,Atlas,CAN,Cannons,ATL,Atlas,CAN,Cannons,0,000255,Tucker,Durkin,Tucker Durkin,tucker durkin,tucker-durkin,https://img.premierlacrosseleague.com/Players/2023/tucker-durkin.png?v=1,D,Defense,51,1,0.0,0.0,0.0,0.0,0.0,0.0,0.0,0.0,0,,0.0,0.0,0.0,0.0,0.0,0.0,0.0,0.0,0.0,0.0,1.0,0.0,0.0,0,0,0,0.0,0.0,0.0,0.0,0.0,,0.0,3.0,3.0,/home/runner/work/PLL_Analytics/PLL_Analytics/data/source_data/api_responses/season_2023/game_playoffs-quarterfinal-1-2023-9-1/player_game_stats.json.gz,Quarterfinal
2023,post,2023_ev43,playoffs-quarterfinal-1-2023-9-1,playoffs-quarterfinal-1-2023-9-1,43,12,2023-09-04,ATL,Atlas,CAN,Cannons,ATL,Atlas,CAN,Cannons,0,003010,Xander,Dickson,Xander Dickson,xander dickson,xander-dickson,https://img.premierlacrosseleague.com/Players/2026/xander-dickson.webp,M,Midfield,10,1,5.0,5.0,5.0,0.0,5.0,0.0,8.0,0.625,6,0.75,0.0,0.0,0.0,0.0,0.0,0.0,0.0,0.0,0.0,0.0,5.0,3.0,1.0,0,0,0,0.0,0.0,0.0,0.0,0.0,,1.0,21.0,10.0,/home/runner/work/PLL_Analytics/PLL_Analytics/data/source_data/api_responses/season_2023/game_playoffs-quarterfinal-1-2023-9-1/player_game_stats.json.gz,Quarterfinal
2023,post,2023_ev43,playoffs-quarterfinal-1-2023-9-1,playoffs-quarterfinal-1-2023-9-1,43,12,2023-09-04,CAN,Cannons,ATL,Atlas,CAN,Cannons,ATL,Atlas,1,002024,Asher,Nolting,Asher Nolting,asher nolting,asher-nolting,https://img.premierlacrosseleague.com/Players/2026/asher-nolting.webp,A,Attack,32,1,7.0,3.0,3.0,0.0,3.0,4.0,9.0,0.3333333333333333,5,0.5555555555555556,0.0,0.0,0.0,0.0,0.0,0.0,0.0,0.0,0.0,0.0,1.0,2.0,0.0,0,0,0,0.0,0.0,0.0,0.0,0.0,,6.0,26.0,15.0,/home/runner/work/PLL_Analytics/PLL_Analytics/data/source_data/api_responses/season_2023/game_playoffs-quarterfinal-1-2023-9-1/player_game_stats.json.gz,Quarterfinal
2023,post,2023_ev43,playoffs-quarterfinal-1-2023-9-1,playoffs-quarterfinal-1-2023-9-1,43,12,2023-09-04,CAN,Cannons,ATL,Atlas,CAN,Cannons,ATL,Atlas,1,002025,Bubba,Fairman,Bubba Fairman,bubba fairman,bubba-fairman,https://img.premierlacrosseleague.com/Players/2025/bubba-fairman?v=3,SSDM,Defensive Midfield,2,1,0.0,0.0,0.0,0.0,0.0,0.0,1.0,0.0,0,0.0,0.0,0.0,0.0,0.0,0.0,0.0,0.0,0.0,0.0,0.0,3.0,0.0,1.0,0,0,0,0.0,0.0,0.0,0.0,0.0,,0.0,10.0,9.0,/home/runner/work/PLL_Analytics/PLL_Analytics/data/source_data/api_responses/season_2023/game_playoffs-quarterfinal-1-2023-9-1/player_game_stats.json.gz,Quarterfinal
2023,post,2023_ev43,playoffs-quarterfinal-1-2023-9-1,playoffs-quarterfinal-1-2023-9-1,43,12,2023-09-04,CAN,Cannons,ATL,Atlas,CAN,Cannons,ATL,Atlas,1,000376,Cade,van Raaphorst,Cade van Raaphorst,cade van raaphorst,cade-van-raaphorst,https://img.premierlacrosseleague.com/Players/2024/cade-van-raaphorst?v=4,D,Defense,77,1,0.0,0.0,0.0,0.0,0.0,0.0,1.0,0.0,0,0.0,0.0,0.0,0.0,0.0,0.0,0.0,0.0,0.0,0.0,0.0,5.0,1.0,2.0,0,0,0,0.0,0.0,0.0,0.0,0.0,,0.0,16.0,14.0,/home/runner/work/PLL_Analytics/PLL_Analytics/data/source_data/api_responses/season_2023/game_playoffs-quarterfinal-1-2023-9-1/player_game_stats.json.gz,Quarterfinal
2023,post,2023_ev43,playoffs-quarterfinal-1-2023-9-1,playoffs-quarterfinal-1-2023-9-1,43,12,2023-09-04,CAN,Cannons,ATL,Atlas,CAN,Cannons,ATL,Atlas,1,001729,Chris,Aslanian,Chris Aslanian,chris aslanian,chris-aslanian,https://img.premierlacrosseleague.com/Players/2026/chris-aslanian.webp,M,Midfield,3,1,0.0,0.0,0.0,0.0,0.0,0.0,2.0,0.0,0,0.0,1.0,0.0,0.0,0.0,0.0,0.0,0.0,0.0,0.0,0.0,0.0,2.0,0.0,0,0,0,0.0,0.0,0.0,0.0,0.0,,0.0,13.0,9.0,/home/runner/work/PLL_Analytics/PLL_Analytics/data/source_data/api_responses/season_2023/game_playoffs-quarterfinal-1-2023-9-1/player_game_stats.json.gz,Quarterfinal
2023,post,2023_ev43,playoffs-quarterfinal-1-2023-9-1,playoffs-quarterfinal-1-2023-9-1,43,12,2023-09-04,CAN,Cannons,ATL,Atlas,CAN,Cannons,ATL,Atlas,1,002038,Colin,Kirst,Colin Kirst,colin kirst,colin-kirst,https://img.premierlacrosseleague.com/Players/2026/colin-kirst.webp,G,Goalie,5,1,0.0,0.0,0.0,0.0,0.0,0.0,0.0,0.0,0,,0.0,13.0,1.0,12.0,0.54167,0.07692307692307693,11.0,0.0,11.0,11.0,2.0,1.0,0.0,0,0,0,0.0,11.0,0.0,0.0,0.0,,0.0,22.0,21.0,/home/runner/work/PLL_Analytics/PLL_Analytics/data/source_data/api_responses/season_2023/game_playoffs-quarterfinal-1-2023-9-1/player_game_stats.json.gz,Quarterfinal
2023,post,2023_ev43,playoffs-quarterfinal-1-2023-9-1,playoffs-quarterfinal-1-2023-9-1,43,12,2023-09-04,CAN,Cannons,ATL,Atlas,CAN,Cannons,ATL,Atlas,1,003041,Ethan,Rall,Ethan Rall,ethan rall,ethan-rall,https://img.premierlacrosseleague.com/Players/2026/ethan-rall.webp,LSM,Long Stick Midfield,35,1,1.0,1.0,1.0,0.0,1.0,0.0,1.0,1.0,1,1.0,0.0,0.0,0.0,0.0,0.0,0.0,0.0,0.0,0.0,0.0,2.0,0.0,1.0,1,11,12,0.08333333333333333,0.0,0.0,0.0,0.0,1 - 12,0.0,2.0,1.0,/home/runner/work/PLL_Analytics/PLL_Analytics/data/source_data/api_responses/season_2023/game_playoffs-quarterfinal-1-2023-9-1/player_game_stats.json.gz,Quarterfinal
2023,post,2023_ev43,playoffs-quarterfinal-1-2023-9-1,playoffs-quarterfinal-1-2023-9-1,43,12,2023-09-04,CAN,Cannons,ATL,Atlas,CAN,Cannons,ATL,Atlas,1,001817,Jack,Kielty,Jack Kielty,jack kielty,jack-kielty,https://img.premierlacrosseleague.com/Players/2026/jack-kielty.webp,D,Defense,40,1,0.0,0.0,0.0,0.0,0.0,0.0,0.0,0.0,0,,0.0,0.0,0.0,0.0,0.0,0.0,0.0,0.0,0.0,0.0,3.0,0.0,0.0,0,0,0,0.0,0.0,0.0,0.0,0.0,,0.0,14.0,14.0,/home/runner/work/PLL_Analytics/PLL_Analytics/data/source_data/api_responses/season_2023/game_playoffs-quarterfinal-1-2023-9-1/player_game_stats.json.gz,Quarterfinal
2023,post,2023_ev43,playoffs-quarterfinal-1-2023-9-1,playoffs-quarterfinal-1-2023-9-1,43,12,2023-09-04,CAN,Cannons,ATL,Atlas,CAN,Cannons,ATL,Atlas,1,000424,Jake,Pulver,Jake Pulver,jake pulver,jake-pulver,https://img.premierlacrosseleague.com/Players/2024/jake-pulver?v=2,D,Defense,12,1,0.0,0.0,0.0,0.0,0.0,0.0,0.0,0.0,0,,0.0,0.0,0.0,0.0,0.0,0.0,0.0,0.0,0.0,0.0,0.0,0.0,1.0,0,11,11,0.0,0.0,0.0,0.0,0.0,0 - 11,0.0,1.0,1.0,/home/runner/work/PLL_Analytics/PLL_Analytics/data/source_data/api_responses/season_2023/game_playoffs-quarterfinal-1-2023-9-1/player_game_stats.json.gz,Quarterfinal
2023,post,2023_ev43,playoffs-quarterfinal-1-2023-9-1,playoffs-quarterfinal-1-2023-9-1,43,12,2023-09-04,CAN,Cannons,ATL,Atlas,CAN,Cannons,ATL,Atlas,1,001826,Jeff,Trainor,Jeff Trainor,jeff trainor,jeff-trainor,https://img.premierlacrosseleague.com/Players/2026/jeff-trainor.webp?v=5,SSDM,Defensive Midfield,43,1,1.0,1.0,1.0,0.0,1.0,0.0,1.0,1.0,1,1.0,0.0,0.0,0.0,0.0,0.0,0.0,0.0,0.0,0.0,0.0,0.0,0.0,1.0,0,0,0,0.0,0.0,0.0,0.0,0.0,,0.0,8.0,7.0,/home/runner/work/PLL_Analytics/PLL_Analytics/data/source_data/api_responses/season_2023/game_playoffs-quarterfinal-1-2023-9-1/player_game_stats.json.gz,Quarterfinal
2023,post,2023_ev43,playoffs-quarterfinal-1-2023-9-1,playoffs-quarterfinal-1-2023-9-1,43,12,2023-09-04,CAN,Cannons,ATL,Atlas,CAN,Cannons,ATL,Atlas,1,002030,Jonathan,Donville,Jonathan Donville,jonathan donville,jonathan-donville,https://img.premierlacrosseleague.com/Players/2026/jonathon-donville.webp,M,Midfield,33,1,4.0,4.0,4.0,0.0,4.0,0.0,5.0,0.8,4,0.8,0.0,0.0,0.0,0.0,0.0,0.0,0.0,0.0,0.0,0.0,0.0,0.0,0.0,0,0,0,0.0,0.0,0.0,0.0,0.0,,2.0,20.0,15.0,/home/runner/work/PLL_Analytics/PLL_Analytics/data/source_data/api_responses/season_2023/game_playoffs-quarterfinal-1-2023-9-1/player_game_stats.json.gz,Quarterfinal
2023,post,2023_ev43,playoffs-quarterfinal-1-2023-9-1,playoffs-quarterfinal-1-2023-9-1,43,12,2023-09-04,CAN,Cannons,ATL,Atlas,CAN,Cannons,ATL,Atlas,1,000242,Kyle,Hartzell,Kyle Hartzell,kyle hartzell,kyle-hartzell,https://img.premierlacrosseleague.com/Players/2026/kyle-hartzell.webp?v=2,LSM,Long Stick Midfield,81,1,2.0,1.0,1.0,0.0,1.0,1.0,2.0,0.5,1,0.5,0.0,0.0,0.0,0.0,0.0,0.0,0.0,0.0,0.0,0.0,1.0,0.0,1.0,0,11,11,0.0,0.0,0.0,0.0,0.0,0 - 11,1.0,5.0,3.0,/home/runner/work/PLL_Analytics/PLL_Analytics/data/source_data/api_responses/season_2023/game_playoffs-quarterfinal-1-2023-9-1/player_game_stats.json.gz,Quarterfinal
2023,post,2023_ev43,playoffs-quarterfinal-1-2023-9-1,playoffs-quarterfinal-1-2023-9-1,43,12,2023-09-04,CAN,Cannons,ATL,Atlas,CAN,Cannons,ATL,Atlas,1,000216,Marcus,Holman,Marcus Holman,marcus holman,marcus-holman,https://img.premierlacrosseleague.com/Players/2026/marcus-holman.webp,A,Attack,1,1,3.0,1.0,1.0,0.0,1.0,2.0,4.0,0.25,3,0.75,1.0,0.0,0.0,0.0,0.0,0.0,0.0,0.0,0.0,0.0,6.0,1.0,1.0,0,0,0,0.0,0.0,0.0,0.0,0.0,,2.0,37.0,32.0,/home/runner/work/PLL_Analytics/PLL_Analytics/data/source_data/api_responses/season_2023/game_playoffs-quarterfinal-1-2023-9-1/player_game_stats.json.gz,Quarterfinal
2023,post,2023_ev43,playoffs-quarterfinal-1-2023-9-1,playoffs-quarterfinal-1-2023-9-1,43,12,2023-09-04,CAN,Cannons,ATL,Atlas,CAN,Cannons,ATL,Atlas,1,003013,Matt,Campbell,Matt Campbell,matt campbell,matt-campbell,https://img.premierlacrosseleague.com/Players/2026/matt-campbell.webp,M,Midfield,20,1,2.0,2.0,2.0,0.0,2.0,0.0,7.0,0.2857142857142857,6,0.8571428571428571,1.0,0.0,0.0,0.0,0.0,0.0,0.0,0.0,0.0,0.0,0.0,0.0,0.0,0,0,0,0.0,0.0,0.0,0.0,0.0,,2.0,20.0,13.0,/home/runner/work/PLL_Analytics/PLL_Analytics/data/source_data/api_responses/season_2023/game_playoffs-quarterfinal-1-2023-9-1/player_game_stats.json.gz,Quarterfinal
2023,post,2023_ev43,playoffs-quarterfinal-1-2023-9-1,playoffs-quarterfinal-1-2023-9-1,43,12,2023-09-04,CAN,Cannons,ATL,Atlas,CAN,Cannons,ATL,Atlas,1,000327,Matt,Kavanagh,Matt Kavanagh,matt kavanagh,matt-kavanagh,https://img.premierlacrosseleague.com/Players/2024/matt-kavanagh?v=2,A,Attack,50,1,4.0,3.0,3.0,0.0,3.0,1.0,6.0,0.5,6,1.0,0.0,0.0,0.0,0.0,0.0,0.0,0.0,0.0,0.0,0.0,5.0,3.0,0.0,0,0,0,0.0,0.0,0.0,0.0,0.0,,2.0,26.0,17.0,/home/runner/work/PLL_Analytics/PLL_Analytics/data/source_data/api_responses/season_2023/game_playoffs-quarterfinal-1-2023-9-1/player_game_stats.json.gz,Quarterfinal
2023,post,2023_ev43,playoffs-quarterfinal-1-2023-9-1,playoffs-quarterfinal-1-2023-9-1,43,12,2023-09-04,CAN,Cannons,ATL,Atlas,CAN,Cannons,ATL,Atlas,1,002035,Max,Wayne,Max Wayne,max wayne,max-wayne,https://img.premierlacrosseleague.com/Players/2024/max-wayne?v=2,D,Defense,66,1,0.0,0.0,0.0,0.0,0.0,0.0,0.0,0.0,0,,0.0,0.0,0.0,0.0,0.0,0.0,0.0,0.0,0.0,0.0,1.0,0.0,0.0,0,0,0,0.0,0.0,0.0,0.0,0.0,,0.0,4.0,4.0,/home/runner/work/PLL_Analytics/PLL_Analytics/data/source_data/api_responses/season_2023/game_playoffs-quarterfinal-1-2023-9-1/player_game_stats.json.gz,Quarterfinal
2023,post,2023_ev43,playoffs-quarterfinal-1-2023-9-1,playoffs-quarterfinal-1-2023-9-1,43,12,2023-09-04,CAN,Cannons,ATL,Atlas,CAN,Cannons,ATL,Atlas,1,001760,Pat,Aslanian,Pat Aslanian,pat aslanian,pat-aslanian,https://img.premierlacrosseleague.com/Players/2024/pat-aslanian?v=2,SSDM,Defensive Midfield,9,1,2.0,2.0,0.0,1.0,1.0,0.0,2.0,0.5,1,0.5,2.0,0.0,0.0,0.0,0.0,0.0,0.0,0.0,0.0,0.0,1.0,0.0,0.0,0,0,0,0.0,0.0,0.0,0.0,0.0,,0.0,7.0,5.0,/home/runner/work/PLL_Analytics/PLL_Analytics/data/source_data/api_responses/season_2023/game_playoffs-quarterfinal-1-2023-9-1/player_game_stats.json.gz,Quarterfinal
2023,post,2023_ev43,playoffs-quarterfinal-1-2023-9-1,playoffs-quarterfinal-1-2023-9-1,43,12,2023-09-04,CAN,Cannons,ATL,Atlas,CAN,Cannons,ATL,Atlas,1,000358,Ryan,Drenner,Ryan Drenner,ryan drenner,ryan-drenner,https://img.premierlacrosseleague.com/Players/2025/ryan-drenner.png?v=4,M,Midfield,22,1,2.0,2.0,2.0,0.0,2.0,0.0,3.0,0.6666666666666666,2,0.6666666666666666,0.0,0.0,0.0,0.0,0.0,0.0,0.0,0.0,0.0,0.0,1.0,0.0,0.0,0,0,0,0.0,0.0,0.0,0.0,0.0,,1.0,20.0,17.0,/home/runner/work/PLL_Analytics/PLL_Analytics/data/source_data/api_responses/season_2023/game_playoffs-quarterfinal-1-2023-9-1/player_game_stats.json.gz,Quarterfinal
2023,post,2023_ev43,playoffs-quarterfinal-1-2023-9-1,playoffs-quarterfinal-1-2023-9-1,43,12,2023-09-04,CAN,Cannons,ATL,Atlas,CAN,Cannons,ATL,Atlas,1,001671,Zach,Goodrich,Zach Goodrich,zach goodrich,zach-goodrich,https://img.premierlacrosseleague.com/Players/2026/zach-goodrich.webp?v=4,SSDM,Defensive Midfield,14,1,0.0,0.0,0.0,0.0,0.0,0.0,0.0,0.0,0,,0.0,0.0,0.0,0.0,0.0,0.0,0.0,0.0,0.0,0.0,0.0,0.0,1.0,0,0,0,0.0,0.0,0.0,0.0,0.0,,0.0,3.0,3.0,/home/runner/work/PLL_Analytics/PLL_Analytics/data/source_data/api_responses/season_2023/game_playoffs-quarterfinal-1-2023-9-1/player_game_stats.json.gz,Quarterfinal
2023,post,2023_ev47,playoffs-semifinal-2-2023-9-8,playoffs-semifinal-2-2023-9-8,44,13,2023-09-10,ARC,Archers,RED,Redwoods,ARC,Archers,RED,Redwoods,1,002026,Brett,Dobson,Brett Dobson,brett dobson,brett-dobson,https://img.premierlacrosseleague.com/Players/2026/brett-dobson.webp?v=4,G,Goalie,45,1,0.0,0.0,0.0,0.0,0.0,0.0,0.0,0.0,0,,0.0,18.0,8.0,10.0,0.78261,0.4444444444444444,5.0,1.0,6.0,6.0,8.0,0.0,0.0,0,0,0,0.0,5.0,1.0,0.0,0.0,,0.0,21.0,21.0,/home/runner/work/PLL_Analytics/PLL_Analytics/data/source_data/api_responses/season_2023/game_playoffs-semifinal-2-2023-9-8/player_game_stats.json.gz,Semifinal
2023,post,2023_ev47,playoffs-semifinal-2-2023-9-8,playoffs-semifinal-2-2023-9-8,44,13,2023-09-10,ARC,Archers,RED,Redwoods,ARC,Archers,RED,Redwoods,1,003007,Cam,Wyers,Cam Wyers,cam wyers,cam-wyers,https://img.premierlacrosseleague.com/Players/2026/cam-wyers.webp?v=4,LSM,Long Stick Midfield,20,1,0.0,0.0,0.0,0.0,0.0,0.0,0.0,0.0,0,,0.0,0.0,0.0,0.0,0.0,0.0,0.0,0.0,0.0,0.0,1.0,0.0,0.0,0,0,0,0.0,0.0,0.0,0.0,0.0,,0.0,2.0,2.0,/home/runner/work/PLL_Analytics/PLL_Analytics/data/source_data/api_responses/season_2023/game_playoffs-semifinal-2-2023-9-8/player_game_stats.json.gz,Semifinal
2023,post,2023_ev47,playoffs-semifinal-2-2023-9-8,playoffs-semifinal-2-2023-9-8,44,13,2023-09-10,ARC,Archers,RED,Redwoods,ARC,Archers,RED,Redwoods,1,000921,Challen,Rogers,Challen Rogers,challen rogers,challen-rogers,https://img.premierlacrosseleague.com/Players/2024/challen-rogers?v=2,M,Midfield,23,1,1.0,0.0,0.0,0.0,0.0,1.0,0.0,0.0,0,,0.0,0.0,0.0,0.0,0.0,0.0,0.0,0.0,0.0,0.0,4.0,1.0,0.0,0,0,0,0.0,0.0,0.0,0.0,0.0,,2.0,8.0,7.0,/home/runner/work/PLL_Analytics/PLL_Analytics/data/source_data/api_responses/season_2023/game_playoffs-semifinal-2-2023-9-8/player_game_stats.json.gz,Semifinal
2023,post,2023_ev47,playoffs-semifinal-2-2023-9-8,playoffs-semifinal-2-2023-9-8,44,13,2023-09-10,ARC,Archers,RED,Redwoods,ARC,Archers,RED,Redwoods,1,000262,Connor,Fields,Connor Fields,connor fields,connor-fields,https://img.premierlacrosseleague.com/Players/2026/connor-fields.webp?v=4,A,Attack,5,1,2.0,2.0,2.0,0.0,2.0,0.0,4.0,0.5,3,0.75,0.0,0.0,0.0,0.0,0.0,0.0,0.0,0.0,0.0,0.0,2.0,3.0,0.0,0,0,0,0.0,0.0,0.0,0.0,0.0,,0.0,10.0,3.0,/home/runner/work/PLL_Analytics/PLL_Analytics/data/source_data/api_responses/season_2023/game_playoffs-semifinal-2-2023-9-8/player_game_stats.json.gz,Semifinal
2023,post,2023_ev47,playoffs-semifinal-2-2023-9-8,playoffs-semifinal-2-2023-9-8,44,13,2023-09-10,ARC,Archers,RED,Redwoods,ARC,Archers,RED,Redwoods,1,003005,Connor,Maher,Connor Maher,connor maher,connor-maher,https://img.premierlacrosseleague.com/Players/2026/connor-maher.webp,SSDM,Defensive Midfield,31,1,0.0,0.0,0.0,0.0,0.0,0.0,1.0,0.0,0,0.0,0.0,0.0,0.0,0.0,0.0,0.0,0.0,0.0,0.0,0.0,2.0,0.0,0.0,0,0,0,0.0,0.0,0.0,0.0,0.0,,0.0,8.0,7.0,/home/runner/work/PLL_Analytics/PLL_Analytics/data/source_data/api_responses/season_2023/game_playoffs-semifinal-2-2023-9-8/player_game_stats.json.gz,Semifinal
2023,post,2023_ev47,playoffs-semifinal-2-2023-9-8,playoffs-semifinal-2-2023-9-8,44,13,2023-09-10,ARC,Archers,RED,Redwoods,ARC,Archers,RED,Redwoods,1,000922,Graeme,Hossack,Graeme Hossack,graeme hossack,graeme-hossack,https://img.premierlacrosseleague.com/Players/2025/graeme-hossack.png?v=3,D,Defense,81,1,0.0,0.0,0.0,0.0,0.0,0.0,0.0,0.0,0,,0.0,0.0,0.0,0.0,0.0,0.0,0.0,0.0,0.0,0.0,2.0,0.0,2.0,1,0,1,1.0,0.0,0.0,1.0,0.5,1 - 1,0.0,6.0,6.0,/home/runner/work/PLL_Analytics/PLL_Analytics/data/source_data/api_responses/season_2023/game_playoffs-semifinal-2-2023-9-8/player_game_stats.json.gz,Semifinal
2023,post,2023_ev47,playoffs-semifinal-2-2023-9-8,playoffs-semifinal-2-2023-9-8,44,13,2023-09-10,ARC,Archers,RED,Redwoods,ARC,Archers,RED,Redwoods,1,000391,Grant,Ament,Grant Ament,grant ament,grant-ament,https://img.premierlacrosseleague.com/Players/2026/grant-ament.webp,M,Midfield,16,1,8.0,4.0,2.0,1.0,3.0,4.0,7.0,0.42857142857142855,5,0.7142857142857143,2.0,0.0,0.0,0.0,0.0,0.0,0.0,0.0,0.0,0.0,1.0,5.0,0.0,0,0,0,0.0,0.0,0.0,0.0,0.0,,11.0,42.0,30.0,/home/runner/work/PLL_Analytics/PLL_Analytics/data/source_data/api_responses/season_2023/game_playoffs-semifinal-2-2023-9-8/player_game_stats.json.gz,Semifinal
2023,post,2023_ev47,playoffs-semifinal-2-2023-9-8,playoffs-semifinal-2-2023-9-8,44,13,2023-09-10,ARC,Archers,RED,Redwoods,ARC,Archers,RED,Redwoods,1,001813,Jared,Conners,Jared Conners,jared conners,jared-conners,https://img.premierlacrosseleague.com/Players/2026/jared-conners.webp?v=6,LSM,Long Stick Midfield,28,1,0.0,0.0,0.0,0.0,0.0,0.0,4.0,0.0,1,0.25,2.0,0.0,0.0,0.0,0.0,0.0,0.0,0.0,0.0,0.0,1.0,0.0,2.0,0,1,1,0.0,0.0,0.0,0.0,0.0,0 - 1,0.0,10.0,6.0,/home/runner/work/PLL_Analytics/PLL_Analytics/data/source_data/api_responses/season_2023/game_playoffs-semifinal-2-2023-9-8/player_game_stats.json.gz,Semifinal
2023,post,2023_ev47,playoffs-semifinal-2-2023-9-8,playoffs-semifinal-2-2023-9-8,44,13,2023-09-10,ARC,Archers,RED,Redwoods,ARC,Archers,RED,Redwoods,1,001814,Mac,O'Keefe,Mac O'Keefe,mac okeefe,mac-o-keefe,https://img.premierlacrosseleague.com/Players/2026/mac-okeefe.webp?v=11,A,Attack,7,1,3.0,3.0,3.0,0.0,3.0,0.0,12.0,0.25,5,0.4166666666666667,3.0,0.0,0.0,0.0,0.0,0.0,0.0,0.0,0.0,0.0,2.0,2.0,0.0,0,0,0,0.0,0.0,0.0,0.0,0.0,,0.0,27.0,13.0,/home/runner/work/PLL_Analytics/PLL_Analytics/data/source_data/api_responses/season_2023/game_playoffs-semifinal-2-2023-9-8/player_game_stats.json.gz,Semifinal
2023,post,2023_ev47,playoffs-semifinal-2-2023-9-8,playoffs-semifinal-2-2023-9-8,44,13,2023-09-10,ARC,Archers,RED,Redwoods,ARC,Archers,RED,Redwoods,1,000218,Matt,McMahon,Matt McMahon,matt mcmahon,matt-mcmahon,https://img.premierlacrosseleague.com/Players/2023/matt-mcmahon.png?v=1,D,Defense,77,1,0.0,0.0,0.0,0.0,0.0,0.0,0.0,0.0,0,,0.0,0.0,0.0,0.0,0.0,0.0,0.0,0.0,0.0,0.0,2.0,0.0,2.0,0,0,0,0.0,0.0,0.0,0.0,0.0,,0.0,6.0,6.0,/home/runner/work/PLL_Analytics/PLL_Analytics/data/source_data/api_responses/season_2023/game_playoffs-semifinal-2-2023-9-8/player_game_stats.json.gz,Semifinal
2023,post,2023_ev47,playoffs-semifinal-2-2023-9-8,playoffs-semifinal-2-2023-9-8,44,13,2023-09-10,ARC,Archers,RED,Redwoods,ARC,Archers,RED,Redwoods,1,002018,Matt,Moore,Matt Moore,matt moore,matt-moore,https://img.premierlacrosseleague.com/Players/2025/matt-moore.png?v=4,A,Attack,11,1,1.0,0.0,0.0,0.0,0.0,1.0,3.0,0.0,0,0.0,1.0,0.0,0.0,0.0,0.0,0.0,0.0,0.0,0.0,0.0,1.0,0.0,0.0,0,0,0,0.0,0.0,0.0,0.0,0.0,,3.0,12.0,9.0,/home/runner/work/PLL_Analytics/PLL_Analytics/data/source_data/api_responses/season_2023/game_playoffs-semifinal-2-2023-9-8/player_game_stats.json.gz,Semifinal
2023,post,2023_ev47,playoffs-semifinal-2-2023-9-8,playoffs-semifinal-2-2023-9-8,44,13,2023-09-10,ARC,Archers,RED,Redwoods,ARC,Archers,RED,Redwoods,1,003004,Mike,Sisselberger,Mike Sisselberger,mike sisselberger,mike-sisselberger,https://img.premierlacrosseleague.com/Players/2026/mike-sisselberger.webp,FO,Faceoff,99,1,0.0,0.0,0.0,0.0,0.0,0.0,0.0,0.0,0,,0.0,0.0,0.0,0.0,0.0,0.0,0.0,0.0,0.0,0.0,4.0,2.0,0.0,8,11,19,0.42105263157894735,0.0,0.0,0.0,0.0,8 - 19,0.0,4.0,2.0,/home/runner/work/PLL_Analytics/PLL_Analytics/data/source_data/api_responses/season_2023/game_playoffs-semifinal-2-2023-9-8/player_game_stats.json.gz,Semifinal
2023,post,2023_ev47,playoffs-semifinal-2-2023-9-8,playoffs-semifinal-2-2023-9-8,44,13,2023-09-10,ARC,Archers,RED,Redwoods,ARC,Archers,RED,Redwoods,1,003006,Piper,Bond,Piper Bond,piper bond,piper-bond,https://img.premierlacrosseleague.com/Players/2026/piper-bond.webp,SSDM,Defensive Midfield,54,1,0.0,0.0,0.0,0.0,0.0,0.0,0.0,0.0,0,,0.0,0.0,0.0,0.0,0.0,0.0,0.0,0.0,0.0,0.0,3.0,0.0,0.0,0,0,0,0.0,0.0,0.0,0.0,0.0,,0.0,13.0,13.0,/home/runner/work/PLL_Analytics/PLL_Analytics/data/source_data/api_responses/season_2023/game_playoffs-semifinal-2-2023-9-8/player_game_stats.json.gz,Semifinal
2023,post,2023_ev47,playoffs-semifinal-2-2023-9-8,playoffs-semifinal-2-2023-9-8,44,13,2023-09-10,ARC,Archers,RED,Redwoods,ARC,Archers,RED,Redwoods,1,000221,Ryan,Ambler,Ryan Ambler,ryan ambler,ryan-ambler,https://img.premierlacrosseleague.com/Players/2026/ryan-ambler.webp,M,Midfield,13,1,1.0,0.0,0.0,0.0,0.0,1.0,0.0,0.0,0,,0.0,0.0,0.0,0.0,0.0,0.0,0.0,0.0,0.0,0.0,0.0,2.0,0.0,0,0,0,0.0,0.0,0.0,0.0,0.0,,2.0,10.0,8.0,/home/runner/work/PLL_Analytics/PLL_Analytics/data/source_data/api_responses/season_2023/game_playoffs-semifinal-2-2023-9-8/player_game_stats.json.gz,Semifinal
2023,post,2023_ev47,playoffs-semifinal-2-2023-9-8,playoffs-semifinal-2-2023-9-8,44,13,2023-09-10,ARC,Archers,RED,Redwoods,ARC,Archers,RED,Redwoods,1,002043,Ryan,Aughavin,Ryan Aughavin,ryan aughavin,ryan-aughavin,https://img.premierlacrosseleague.com/Players/2025/ryan-aughavin.png?v=6,M,Midfield,42,1,1.0,1.0,1.0,0.0,1.0,0.0,1.0,1.0,1,1.0,0.0,0.0,0.0,0.0,0.0,0.0,0.0,0.0,0.0,0.0,0.0,1.0,0.0,0,0,0,0.0,0.0,0.0,0.0,0.0,,1.0,13.0,11.0,/home/runner/work/PLL_Analytics/PLL_Analytics/data/source_data/api_responses/season_2023/game_playoffs-semifinal-2-2023-9-8/player_game_stats.json.gz,Semifinal
2023,post,2023_ev47,playoffs-semifinal-2-2023-9-8,playoffs-semifinal-2-2023-9-8,44,13,2023-09-10,ARC,Archers,RED,Redwoods,ARC,Archers,RED,Redwoods,1,000225,Tom,Schreiber,Tom Schreiber,tom schreiber,tom-schreiber,https://img.premierlacrosseleague.com/Players/2025/tom-schreiber.png?v=3,M,Midfield,26,1,1.0,1.0,1.0,0.0,1.0,0.0,6.0,0.16666666666666666,2,0.3333333333333333,1.0,0.0,0.0,0.0,0.0,0.0,0.0,0.0,0.0,0.0,1.0,0.0,0.0,0,0,0,0.0,0.0,0.0,0.0,0.0,,3.0,26.0,20.0,/home/runner/work/PLL_Analytics/PLL_Analytics/data/source_data/api_responses/season_2023/game_playoffs-semifinal-2-2023-9-8/player_game_stats.json.gz,Semifinal
2023,post,2023_ev47,playoffs-semifinal-2-2023-9-8,playoffs-semifinal-2-2023-9-8,44,13,2023-09-10,ARC,Archers,RED,Redwoods,ARC,Archers,RED,Redwoods,1,001821,Tre,Leclaire,Tre Leclaire,tre leclaire,tre-leclaire,https://img.premierlacrosseleague.com/Players/2026/tre-leclaire.webp?v=3,M,Midfield,44,1,4.0,3.0,1.0,1.0,2.0,1.0,4.0,0.5,3,0.75,2.0,0.0,0.0,0.0,0.0,0.0,0.0,0.0,0.0,0.0,3.0,1.0,0.0,0,0,0,0.0,0.0,0.0,0.0,0.0,,3.0,21.0,16.0,/home/runner/work/PLL_Analytics/PLL_Analytics/data/source_data/api_responses/season_2023/game_playoffs-semifinal-2-2023-9-8/player_game_stats.json.gz,Semifinal
2023,post,2023_ev47,playoffs-semifinal-2-2023-9-8,playoffs-semifinal-2-2023-9-8,44,13,2023-09-10,ARC,Archers,RED,Redwoods,ARC,Archers,RED,Redwoods,1,001661,Warren,Jeffrey,Warren Jeffrey,warren jeffrey,warren-jeffrey,https://img.premierlacrosseleague.com/Players/2026/warren-jeffrey.webp?v=4,D,Defense,27,1,0.0,0.0,0.0,0.0,0.0,0.0,0.0,0.0,0,,0.0,0.0,0.0,0.0,0.0,0.0,0.0,0.0,0.0,0.0,2.0,1.0,1.0,0,0,0,0.0,0.0,0.0,0.0,0.0,,0.0,8.0,7.0,/home/runner/work/PLL_Analytics/PLL_Analytics/data/source_data/api_responses/season_2023/game_playoffs-semifinal-2-2023-9-8/player_game_stats.json.gz,Semifinal
2023,post,2023_ev47,playoffs-semifinal-2-2023-9-8,playoffs-semifinal-2-2023-9-8,44,13,2023-09-10,RED,Redwoods,ARC,Archers,RED,Redwoods,ARC,Archers,0,002017,Arden,Cohen,Arden Cohen,arden cohen,arden-cohen,https://img.premierlacrosseleague.com/Players/2026/arden-cohen.webp,D,Defense,40,1,0.0,0.0,0.0,0.0,0.0,0.0,0.0,0.0,0,,0.0,0.0,0.0,0.0,0.0,0.0,0.0,0.0,0.0,0.0,2.0,1.0,1.0,0,0,0,0.0,0.0,0.0,0.0,0.0,,1.0,7.0,6.0,/home/runner/work/PLL_Analytics/PLL_Analytics/data/source_data/api_responses/season_2023/game_playoffs-semifinal-2-2023-9-8/player_game_stats.json.gz,Semifinal
2023,post,2023_ev47,playoffs-semifinal-2-2023-9-8,playoffs-semifinal-2-2023-9-8,44,13,2023-09-10,RED,Redwoods,ARC,Archers,RED,Redwoods,ARC,Archers,0,003024,Brian,Tevlin,Brian Tevlin,brian tevlin,brian-tevlin,https://img.premierlacrosseleague.com/Players/2026/brian-tevlin.webp,SSDM,Defensive Midfield,12,1,0.0,0.0,0.0,0.0,0.0,0.0,1.0,0.0,1,1.0,1.0,0.0,0.0,0.0,0.0,0.0,0.0,0.0,0.0,0.0,0.0,1.0,0.0,0,0,0,0.0,0.0,0.0,0.0,0.0,,0.0,6.0,4.0,/home/runner/work/PLL_Analytics/PLL_Analytics/data/source_data/api_responses/season_2023/game_playoffs-semifinal-2-2023-9-8/player_game_stats.json.gz,Semifinal
2023,post,2023_ev47,playoffs-semifinal-2-2023-9-8,playoffs-semifinal-2-2023-9-8,44,13,2023-09-10,RED,Redwoods,ARC,Archers,RED,Redwoods,ARC,Archers,0,001832,Charlie,Bertrand,Charlie Bertrand,charlie bertrand,charlie-bertrand,https://img.premierlacrosseleague.com/Players/2026/charlie-bertrand.png,M,Midfield,41,1,0.0,0.0,0.0,0.0,0.0,0.0,5.0,0.0,2,0.4,1.0,0.0,0.0,0.0,0.0,0.0,0.0,0.0,0.0,0.0,0.0,0.0,0.0,0,0,0,0.0,0.0,0.0,0.0,0.0,,2.0,17.0,12.0,/home/runner/work/PLL_Analytics/PLL_Analytics/data/source_data/api_responses/season_2023/game_playoffs-semifinal-2-2023-9-8/player_game_stats.json.gz,Semifinal
2023,post,2023_ev47,playoffs-semifinal-2-2023-9-8,playoffs-semifinal-2-2023-9-8,44,13,2023-09-10,RED,Redwoods,ARC,Archers,RED,Redwoods,ARC,Archers,0,002054,Chris,Merle,Chris Merle,chris merle,chris-merle,https://img.premierlacrosseleague.com/Players/2026/chris-merle.webp,SSDM,Defensive Midfield,23,1,1.0,1.0,1.0,0.0,1.0,0.0,1.0,1.0,1,1.0,0.0,0.0,0.0,0.0,0.0,0.0,0.0,0.0,0.0,0.0,2.0,0.0,2.0,0,0,0,0.0,0.0,0.0,0.0,0.0,,0.0,6.0,5.0,/home/runner/work/PLL_Analytics/PLL_Analytics/data/source_data/api_responses/season_2023/game_playoffs-semifinal-2-2023-9-8/player_game_stats.json.gz,Semifinal
2023,post,2023_ev47,playoffs-semifinal-2-2023-9-8,playoffs-semifinal-2-2023-9-8,44,13,2023-09-10,RED,Redwoods,ARC,Archers,RED,Redwoods,ARC,Archers,0,003025,Cole,Kirst,Cole Kirst,cole kirst,cole-kirst,https://img.premierlacrosseleague.com/Players/2025/cole-kirst.png?v=3,M,Midfield,47,1,0.0,0.0,0.0,0.0,0.0,0.0,4.0,0.0,2,0.5,1.0,0.0,0.0,0.0,0.0,0.0,0.0,0.0,0.0,0.0,0.0,1.0,0.0,0,0,0,0.0,0.0,0.0,0.0,0.0,,1.0,16.0,11.0,/home/runner/work/PLL_Analytics/PLL_Analytics/data/source_data/api_responses/season_2023/game_playoffs-semifinal-2-2023-9-8/player_game_stats.json.gz,Semifinal
2023,post,2023_ev47,playoffs-semifinal-2-2023-9-8,playoffs-semifinal-2-2023-9-8,44,13,2023-09-10,RED,Redwoods,ARC,Archers,RED,Redwoods,ARC,Archers,0,000314,Eddy,Glazener,Eddy Glazener,eddy glazener,eddy-glazener,https://img.premierlacrosseleague.com/Players/2023/eddy-glazener.png?v=1,D,Defense,30,1,0.0,0.0,0.0,0.0,0.0,0.0,3.0,0.0,1,0.3333333333333333,3.0,0.0,0.0,0.0,0.0,0.0,0.0,0.0,0.0,0.0,2.0,0.0,1.0,0,0,0,0.0,0.0,0.0,0.0,0.0,,0.0,13.0,10.0,/home/runner/work/PLL_Analytics/PLL_Analytics/data/source_data/api_responses/season_2023/game_playoffs-semifinal-2-2023-9-8/player_game_stats.json.gz,Semifinal
2023,post,2023_ev47,playoffs-semifinal-2-2023-9-8,playoffs-semifinal-2-2023-9-8,44,13,2023-09-10,RED,Redwoods,ARC,Archers,RED,Redwoods,ARC,Archers,0,000315,Garrett,Epple,Garrett Epple,garrett epple,garrett-epple,https://img.premierlacrosseleague.com/Players/2025/garrett-epple.png?v=3,D,Defense,52,1,0.0,0.0,0.0,0.0,0.0,0.0,0.0,0.0,0,,0.0,0.0,0.0,0.0,0.0,0.0,0.0,0.0,0.0,0.0,0.0,1.0,1.0,0,0,0,0.0,0.0,0.0,0.0,0.0,,0.0,8.0,7.0,/home/runner/work/PLL_Analytics/PLL_Analytics/data/source_data/api_responses/season_2023/game_playoffs-semifinal-2-2023-9-8/player_game_stats.json.gz,Semifinal
2023,post,2023_ev47,playoffs-semifinal-2-2023-9-8,playoffs-semifinal-2-2023-9-8,44,13,2023-09-10,RED,Redwoods,ARC,Archers,RED,Redwoods,ARC,Archers,0,001010,Isaiah,Davis-Allen,Isaiah Davis-Allen,isaiah davisallen,isaiah-davis-allen,https://img.premierlacrosseleague.com/Players/2024/isaiah-davis-allen?v=2,SSDM,Defensive Midfield,26,1,0.0,0.0,0.0,0.0,0.0,0.0,1.0,0.0,0,0.0,0.0,0.0,0.0,0.0,0.0,0.0,0.0,0.0,0.0,0.0,0.0,0.0,0.0,2,0,2,1.0,0.0,0.0,0.0,0.0,2 - 2,0.0,4.0,3.0,/home/runner/work/PLL_Analytics/PLL_Analytics/data/source_data/api_responses/season_2023/game_playoffs-semifinal-2-2023-9-8/player_game_stats.json.gz,Semifinal
2023,post,2023_ev47,playoffs-semifinal-2-2023-9-8,playoffs-semifinal-2-2023-9-8,44,13,2023-09-10,RED,Redwoods,ARC,Archers,RED,Redwoods,ARC,Archers,0,000318,Jack,Kelly,Jack Kelly,jack kelly,jack-kelly,https://img.premierlacrosseleague.com/Players/2024/jack-kelly?v=2,G,Goalie,94,1,0.0,0.0,0.0,0.0,0.0,0.0,0.0,0.0,0,,0.0,6.0,3.0,3.0,0.42857,0.5,14.03167,1.75396,9.0,15.785627283800244,1.0,0.0,0.0,0,0,0,0.0,8.0,1.0,0.0,0.0,,0.0,13.0,13.0,/home/runner/work/PLL_Analytics/PLL_Analytics/data/source_data/api_responses/season_2023/game_playoffs-semifinal-2-2023-9-8/player_game_stats.json.gz,Semifinal
2023,post,2023_ev47,playoffs-semifinal-2-2023-9-8,playoffs-semifinal-2-2023-9-8,44,13,2023-09-10,RED,Redwoods,ARC,Archers,RED,Redwoods,ARC,Archers,0,000322,John,Sexton,John Sexton,john sexton,john-sexton,https://img.premierlacrosseleague.com/Players/2023/john-sexton.png?v=1,LSM,Long Stick Midfield,46,1,0.0,0.0,0.0,0.0,0.0,0.0,1.0,0.0,0,0.0,0.0,0.0,0.0,0.0,0.0,0.0,0.0,0.0,0.0,0.0,2.0,1.0,0.0,0,0,0,0.0,0.0,0.0,0.0,0.0,,3.0,6.0,4.0,/home/runner/work/PLL_Analytics/PLL_Analytics/data/source_data/api_responses/season_2023/game_playoffs-semifinal-2-2023-9-8/player_game_stats.json.gz,Semifinal
2023,post,2023_ev47,playoffs-semifinal-2-2023-9-8,playoffs-semifinal-2-2023-9-8,44,13,2023-09-10,RED,Redwoods,ARC,Archers,RED,Redwoods,ARC,Archers,0,000351,Jules,Heningburg,Jules Heningburg,jules heningburg,jules-heningburg,https://img.premierlacrosseleague.com/Players/2025/jules-heningburg.png?v=3,M,Midfield,7,1,0.0,0.0,0.0,0.0,0.0,0.0,4.0,0.0,1,0.25,0.0,0.0,0.0,0.0,0.0,0.0,0.0,0.0,0.0,0.0,0.0,1.0,0.0,0,0,0,0.0,0.0,0.0,0.0,0.0,,2.0,15.0,10.0,/home/runner/work/PLL_Analytics/PLL_Analytics/data/source_data/api_responses/season_2023/game_playoffs-semifinal-2-2023-9-8/player_game_stats.json.gz,Semifinal
2023,post,2023_ev47,playoffs-semifinal-2-2023-9-8,playoffs-semifinal-2-2023-9-8,44,13,2023-09-10,RED,Redwoods,ARC,Archers,RED,Redwoods,ARC,Archers,0,003023,Owen,Grant,Owen Grant,owen grant,owen-grant,https://img.premierlacrosseleague.com/Players/2026/owen-grant.webp?v=3,LSM,Long Stick Midfield,81,1,0.0,0.0,0.0,0.0,0.0,0.0,2.0,0.0,2,1.0,1.0,0.0,0.0,0.0,0.0,0.0,0.0,0.0,0.0,0.0,1.0,0.0,1.0,0,0,0,0.0,0.0,0.0,0.0,0.0,,0.0,4.0,2.0,/home/runner/work/PLL_Analytics/PLL_Analytics/data/source_data/api_responses/season_2023/game_playoffs-semifinal-2-2023-9-8/player_game_stats.json.gz,Semifinal
2023,post,2023_ev47,playoffs-semifinal-2-2023-9-8,playoffs-semifinal-2-2023-9-8,44,13,2023-09-10,RED,Redwoods,ARC,Archers,RED,Redwoods,ARC,Archers,0,000414,Rob,Pannell,Rob Pannell,rob pannell,rob-pannell,https://img.premierlacrosseleague.com/Players/2026/rob-pannell.webp,A,Attack,3,1,3.0,3.0,1.0,1.0,2.0,0.0,9.0,0.2222222222222222,5,0.5555555555555556,2.0,0.0,0.0,0.0,0.0,0.0,0.0,0.0,0.0,0.0,0.0,3.0,1.0,0,0,0,0.0,0.0,0.0,0.0,0.0,,6.0,37.0,25.0,/home/runner/work/PLL_Analytics/PLL_Analytics/data/source_data/api_responses/season_2023/game_playoffs-semifinal-2-2023-9-8/player_game_stats.json.gz,Semifinal
2023,post,2023_ev47,playoffs-semifinal-2-2023-9-8,playoffs-semifinal-2-2023-9-8,44,13,2023-09-10,RED,Redwoods,ARC,Archers,RED,Redwoods,ARC,Archers,0,000305,Romar,Dennis,Romar Dennis,romar dennis,romar-dennis,https://img.premierlacrosseleague.com/Players/2026/romar-dennis.webp,M,Midfield,5,1,1.0,1.0,1.0,0.0,1.0,0.0,5.0,0.2,2,0.4,0.0,0.0,0.0,0.0,0.0,0.0,0.0,0.0,0.0,0.0,1.0,1.0,0.0,0,0,0,0.0,0.0,0.0,0.0,0.0,,0.0,19.0,13.0,/home/runner/work/PLL_Analytics/PLL_Analytics/data/source_data/api_responses/season_2023/game_playoffs-semifinal-2-2023-9-8/player_game_stats.json.gz,Semifinal
2023,post,2023_ev47,playoffs-semifinal-2-2023-9-8,playoffs-semifinal-2-2023-9-8,44,13,2023-09-10,RED,Redwoods,ARC,Archers,RED,Redwoods,ARC,Archers,0,002063,Ryan,Kennedy,Ryan Kennedy,ryan kennedy,ryan-kennedy,https://img.premierlacrosseleague.com/Players/2024/ryan-kennedy?v=2,LSM,Long Stick Midfield,35,1,0.0,0.0,0.0,0.0,0.0,0.0,1.0,0.0,1,1.0,0.0,0.0,0.0,0.0,0.0,0.0,0.0,0.0,0.0,0.0,1.0,0.0,0.0,0,0,0,0.0,0.0,0.0,0.0,0.0,,0.0,1.0,0.0,/home/runner/work/PLL_Analytics/PLL_Analytics/data/source_data/api_responses/season_2023/game_playoffs-semifinal-2-2023-9-8/player_game_stats.json.gz,Semifinal
2023,post,2023_ev47,playoffs-semifinal-2-2023-9-8,playoffs-semifinal-2-2023-9-8,44,13,2023-09-10,RED,Redwoods,ARC,Archers,RED,Redwoods,ARC,Archers,0,000373,Ryder,Garnsey,Ryder Garnsey,ryder garnsey,ryder-garnsey,https://img.premierlacrosseleague.com/Players/2026/ryder-garnsey.webp?v=4,A,Attack,50,1,1.0,0.0,0.0,0.0,0.0,1.0,3.0,0.0,1,0.3333333333333333,0.0,0.0,0.0,0.0,0.0,0.0,0.0,0.0,0.0,0.0,2.0,3.0,0.0,0,0,0,0.0,0.0,0.0,0.0,0.0,,2.0,32.0,26.0,/home/runner/work/PLL_Analytics/PLL_Analytics/data/source_data/api_responses/season_2023/game_playoffs-semifinal-2-2023-9-8/player_game_stats.json.gz,Semifinal
2023,post,2023_ev47,playoffs-semifinal-2-2023-9-8,playoffs-semifinal-2-2023-9-8,44,13,2023-09-10,RED,Redwoods,ARC,Archers,RED,Redwoods,ARC,Archers,0,001812,TD,Ierlan,TD Ierlan,td ierlan,td-ierlan,https://img.premierlacrosseleague.com/Players/2026/td-ierlan.webp,FO,Faceoff,6,1,1.0,1.0,1.0,0.0,1.0,0.0,3.0,0.3333333333333333,3,1.0,0.0,0.0,0.0,0.0,0.0,0.0,0.0,0.0,0.0,0.0,6.0,0.0,0.0,10,9,19,0.5263157894736842,0.0,0.0,0.0,0.0,10 - 19,1.0,7.0,4.0,/home/runner/work/PLL_Analytics/PLL_Analytics/data/source_data/api_responses/season_2023/game_playoffs-semifinal-2-2023-9-8/player_game_stats.json.gz,Semifinal
2023,post,2023_ev47,playoffs-semifinal-2-2023-9-8,playoffs-semifinal-2-2023-9-8,44,13,2023-09-10,RED,Redwoods,ARC,Archers,RED,Redwoods,ARC,Archers,0,000370,Tim,Troutner,Tim Troutner,tim troutner,tim-troutner,https://img.premierlacrosseleague.com/Players/2026/tim-troutner.webp?v=3,G,Goalie,0,1,1.0,0.0,0.0,0.0,0.0,1.0,0.0,0.0,0,,0.0,2.0,1.0,1.0,0.33333,0.5,9.30533,2.32633,5.0,11.631663974151857,3.0,0.0,1.0,0,0,0,0.0,4.0,1.0,0.0,0.0,,1.0,10.0,10.0,/home/runner/work/PLL_Analytics/PLL_Analytics/data/source_data/api_responses/season_2023/game_playoffs-semifinal-2-2023-9-8/player_game_stats.json.gz,Semifinal
2023,post,2023_ev47,playoffs-semifinal-2-2023-9-8,playoffs-semifinal-2-2023-9-8,44,13,2023-09-10,RED,Redwoods,ARC,Archers,RED,Redwoods,ARC,Archers,0,000385,Wes,Berg,Wes Berg,wes berg,wes-berg,https://img.premierlacrosseleague.com/Players/2024/wes-berg?v=2,A,Attack,14,1,0.0,0.0,0.0,0.0,0.0,0.0,2.0,0.0,1,0.5,0.0,0.0,0.0,0.0,0.0,0.0,0.0,0.0,0.0,0.0,0.0,0.0,0.0,0,0,0,0.0,0.0,0.0,0.0,0.0,,0.0,3.0,1.0,/home/runner/work/PLL_Analytics/PLL_Analytics/data/source_data/api_responses/season_2023/game_playoffs-semifinal-2-2023-9-8/player_game_stats.json.gz,Semifinal
2023,post,2023_ev46,playoffs-semifinal-1-2023-9-8,playoffs-semifinal-1-2023-9-8,45,13,2023-09-10,CAN,Cannons,WAT,Waterdogs,CAN,Cannons,WAT,Waterdogs,1,002024,Asher,Nolting,Asher Nolting,asher nolting,asher-nolting,https://img.premierlacrosseleague.com/Players/2026/asher-nolting.webp,A,Attack,32,1,2.0,1.0,1.0,0.0,1.0,1.0,4.0,0.25,4,1.0,0.0,0.0,0.0,0.0,0.0,0.0,0.0,0.0,0.0,0.0,1.0,3.0,0.0,0,0,0,0.0,0.0,0.0,0.0,0.0,,9.0,22.0,15.0,/home/runner/work/PLL_Analytics/PLL_Analytics/data/source_data/api_responses/season_2023/game_playoffs-semifinal-1-2023-9-8/player_game_stats.json.gz,Semifinal
2023,post,2023_ev46,playoffs-semifinal-1-2023-9-8,playoffs-semifinal-1-2023-9-8,45,13,2023-09-10,CAN,Cannons,WAT,Waterdogs,CAN,Cannons,WAT,Waterdogs,1,002025,Bubba,Fairman,Bubba Fairman,bubba fairman,bubba-fairman,https://img.premierlacrosseleague.com/Players/2025/bubba-fairman?v=3,SSDM,Defensive Midfield,2,1,0.0,0.0,0.0,0.0,0.0,0.0,0.0,0.0,0,,0.0,0.0,0.0,0.0,0.0,0.0,0.0,0.0,0.0,0.0,2.0,1.0,0.0,0,0,0,0.0,0.0,0.0,1.0,0.5,,1.0,11.0,10.0,/home/runner/work/PLL_Analytics/PLL_Analytics/data/source_data/api_responses/season_2023/game_playoffs-semifinal-1-2023-9-8/player_game_stats.json.gz,Semifinal
2023,post,2023_ev46,playoffs-semifinal-1-2023-9-8,playoffs-semifinal-1-2023-9-8,45,13,2023-09-10,CAN,Cannons,WAT,Waterdogs,CAN,Cannons,WAT,Waterdogs,1,000376,Cade,van Raaphorst,Cade van Raaphorst,cade van raaphorst,cade-van-raaphorst,https://img.premierlacrosseleague.com/Players/2024/cade-van-raaphorst?v=4,D,Defense,77,1,0.0,0.0,0.0,0.0,0.0,0.0,0.0,0.0,0,,0.0,0.0,0.0,0.0,0.0,0.0,0.0,0.0,0.0,0.0,6.0,1.0,2.0,0,0,0,0.0,0.0,0.0,0.0,0.0,,0.0,13.0,12.0,/home/runner/work/PLL_Analytics/PLL_Analytics/data/source_data/api_responses/season_2023/game_playoffs-semifinal-1-2023-9-8/player_game_stats.json.gz,Semifinal
2023,post,2023_ev46,playoffs-semifinal-1-2023-9-8,playoffs-semifinal-1-2023-9-8,45,13,2023-09-10,CAN,Cannons,WAT,Waterdogs,CAN,Cannons,WAT,Waterdogs,1,001729,Chris,Aslanian,Chris Aslanian,chris aslanian,chris-aslanian,https://img.premierlacrosseleague.com/Players/2026/chris-aslanian.webp,M,Midfield,3,1,3.0,2.0,0.0,1.0,1.0,1.0,3.0,0.3333333333333333,1,0.3333333333333333,2.0,0.0,0.0,0.0,0.0,0.0,0.0,0.0,0.0,0.0,0.0,2.0,0.0,0,0,0,0.0,0.0,0.0,0.0,0.0,,3.0,17.0,12.0,/home/runner/work/PLL_Analytics/PLL_Analytics/data/source_data/api_responses/season_2023/game_playoffs-semifinal-1-2023-9-8/player_game_stats.json.gz,Semifinal
2023,post,2023_ev46,playoffs-semifinal-1-2023-9-8,playoffs-semifinal-1-2023-9-8,45,13,2023-09-10,CAN,Cannons,WAT,Waterdogs,CAN,Cannons,WAT,Waterdogs,1,002038,Colin,Kirst,Colin Kirst,colin kirst,colin-kirst,https://img.premierlacrosseleague.com/Players/2026/colin-kirst.webp,G,Goalie,5,1,0.0,0.0,0.0,0.0,0.0,0.0,0.0,0.0,0,,0.0,13.0,2.0,11.0,0.44828,0.15384615384615385,16.0,1.0,17.0,17.0,2.0,1.0,0.0,0,0,0,0.0,16.0,1.0,0.0,0.0,,0.0,19.0,18.0,/home/runner/work/PLL_Analytics/PLL_Analytics/data/source_data/api_responses/season_2023/game_playoffs-semifinal-1-2023-9-8/player_game_stats.json.gz,Semifinal
2023,post,2023_ev46,playoffs-semifinal-1-2023-9-8,playoffs-semifinal-1-2023-9-8,45,13,2023-09-10,CAN,Cannons,WAT,Waterdogs,CAN,Cannons,WAT,Waterdogs,1,003041,Ethan,Rall,Ethan Rall,ethan rall,ethan-rall,https://img.premierlacrosseleague.com/Players/2026/ethan-rall.webp,LSM,Long Stick Midfield,35,1,0.0,0.0,0.0,0.0,0.0,0.0,0.0,0.0,0,,0.0,0.0,0.0,0.0,0.0,0.0,0.0,0.0,0.0,0.0,5.0,0.0,1.0,3,6,10,0.3,0.0,0.0,0.0,0.0,3 - 10,0.0,4.0,4.0,/home/runner/work/PLL_Analytics/PLL_Analytics/data/source_data/api_responses/season_2023/game_playoffs-semifinal-1-2023-9-8/player_game_stats.json.gz,Semifinal
2023,post,2023_ev46,playoffs-semifinal-1-2023-9-8,playoffs-semifinal-1-2023-9-8,45,13,2023-09-10,CAN,Cannons,WAT,Waterdogs,CAN,Cannons,WAT,Waterdogs,1,001817,Jack,Kielty,Jack Kielty,jack kielty,jack-kielty,https://img.premierlacrosseleague.com/Players/2026/jack-kielty.webp,D,Defense,40,1,0.0,0.0,0.0,0.0,0.0,0.0,0.0,0.0,0,,0.0,0.0,0.0,0.0,0.0,0.0,0.0,0.0,0.0,0.0,2.0,0.0,1.0,0,0,0,0.0,0.0,0.0,0.0,0.0,,0.0,10.0,10.0,/home/runner/work/PLL_Analytics/PLL_Analytics/data/source_data/api_responses/season_2023/game_playoffs-semifinal-1-2023-9-8/player_game_stats.json.gz,Semifinal
2023,post,2023_ev46,playoffs-semifinal-1-2023-9-8,playoffs-semifinal-1-2023-9-8,45,13,2023-09-10,CAN,Cannons,WAT,Waterdogs,CAN,Cannons,WAT,Waterdogs,1,000424,Jake,Pulver,Jake Pulver,jake pulver,jake-pulver,https://img.premierlacrosseleague.com/Players/2024/jake-pulver?v=2,D,Defense,12,1,0.0,0.0,0.0,0.0,0.0,0.0,0.0,0.0,0,,0.0,0.0,0.0,0.0,0.0,0.0,0.0,0.0,0.0,0.0,0.0,0.0,1.0,3,5,8,0.375,0.0,0.0,0.0,0.0,3 - 8,0.0,1.0,1.0,/home/runner/work/PLL_Analytics/PLL_Analytics/data/source_data/api_responses/season_2023/game_playoffs-semifinal-1-2023-9-8/player_game_stats.json.gz,Semifinal
2023,post,2023_ev46,playoffs-semifinal-1-2023-9-8,playoffs-semifinal-1-2023-9-8,45,13,2023-09-10,CAN,Cannons,WAT,Waterdogs,CAN,Cannons,WAT,Waterdogs,1,001826,Jeff,Trainor,Jeff Trainor,jeff trainor,jeff-trainor,https://img.premierlacrosseleague.com/Players/2026/jeff-trainor.webp?v=5,SSDM,Defensive Midfield,43,1,0.0,0.0,0.0,0.0,0.0,0.0,1.0,0.0,1,1.0,0.0,0.0,0.0,0.0,0.0,0.0,0.0,0.0,0.0,0.0,1.0,1.0,2.0,0,0,0,0.0,0.0,0.0,0.0,0.0,,1.0,9.0,7.0,/home/runner/work/PLL_Analytics/PLL_Analytics/data/source_data/api_responses/season_2023/game_playoffs-semifinal-1-2023-9-8/player_game_stats.json.gz,Semifinal
2023,post,2023_ev46,playoffs-semifinal-1-2023-9-8,playoffs-semifinal-1-2023-9-8,45,13,2023-09-10,CAN,Cannons,WAT,Waterdogs,CAN,Cannons,WAT,Waterdogs,1,002030,Jonathan,Donville,Jonathan Donville,jonathan donville,jonathan-donville,https://img.premierlacrosseleague.com/Players/2026/jonathon-donville.webp,M,Midfield,33,1,2.0,1.0,1.0,0.0,1.0,1.0,3.0,0.3333333333333333,1,0.3333333333333333,0.0,0.0,0.0,0.0,0.0,0.0,0.0,0.0,0.0,0.0,0.0,1.0,0.0,0,0,0,0.0,0.0,0.0,0.0,0.0,,3.0,11.0,7.0,/home/runner/work/PLL_Analytics/PLL_Analytics/data/source_data/api_responses/season_2023/game_playoffs-semifinal-1-2023-9-8/player_game_stats.json.gz,Semifinal
2023,post,2023_ev46,playoffs-semifinal-1-2023-9-8,playoffs-semifinal-1-2023-9-8,45,13,2023-09-10,CAN,Cannons,WAT,Waterdogs,CAN,Cannons,WAT,Waterdogs,1,000242,Kyle,Hartzell,Kyle Hartzell,kyle hartzell,kyle-hartzell,https://img.premierlacrosseleague.com/Players/2026/kyle-hartzell.webp?v=2,LSM,Long Stick Midfield,81,1,0.0,0.0,0.0,0.0,0.0,0.0,0.0,0.0,0,,0.0,0.0,0.0,0.0,0.0,0.0,0.0,0.0,0.0,0.0,3.0,1.0,2.0,1,3,4,0.25,0.0,0.0,1.0,2.0,1 - 4,0.0,4.0,3.0,/home/runner/work/PLL_Analytics/PLL_Analytics/data/source_data/api_responses/season_2023/game_playoffs-semifinal-1-2023-9-8/player_game_stats.json.gz,Semifinal
2023,post,2023_ev46,playoffs-semifinal-1-2023-9-8,playoffs-semifinal-1-2023-9-8,45,13,2023-09-10,CAN,Cannons,WAT,Waterdogs,CAN,Cannons,WAT,Waterdogs,1,000216,Marcus,Holman,Marcus Holman,marcus holman,marcus-holman,https://img.premierlacrosseleague.com/Players/2026/marcus-holman.webp,A,Attack,1,1,1.0,1.0,1.0,0.0,1.0,0.0,7.0,0.14285714285714285,4,0.5714285714285714,3.0,0.0,0.0,0.0,0.0,0.0,0.0,0.0,0.0,0.0,1.0,2.0,0.0,0,0,0,0.0,0.0,0.0,0.0,0.0,,1.0,31.0,22.0,/home/runner/work/PLL_Analytics/PLL_Analytics/data/source_data/api_responses/season_2023/game_playoffs-semifinal-1-2023-9-8/player_game_stats.json.gz,Semifinal
2023,post,2023_ev46,playoffs-semifinal-1-2023-9-8,playoffs-semifinal-1-2023-9-8,45,13,2023-09-10,CAN,Cannons,WAT,Waterdogs,CAN,Cannons,WAT,Waterdogs,1,003013,Matt,Campbell,Matt Campbell,matt campbell,matt-campbell,https://img.premierlacrosseleague.com/Players/2026/matt-campbell.webp,M,Midfield,20,1,0.0,0.0,0.0,0.0,0.0,0.0,3.0,0.0,2,0.6666666666666666,0.0,0.0,0.0,0.0,0.0,0.0,0.0,0.0,0.0,0.0,0.0,1.0,0.0,0,0,0,0.0,0.0,0.0,0.0,0.0,,0.0,12.0,8.0,/home/runner/work/PLL_Analytics/PLL_Analytics/data/source_data/api_responses/season_2023/game_playoffs-semifinal-1-2023-9-8/player_game_stats.json.gz,Semifinal
2023,post,2023_ev46,playoffs-semifinal-1-2023-9-8,playoffs-semifinal-1-2023-9-8,45,13,2023-09-10,CAN,Cannons,WAT,Waterdogs,CAN,Cannons,WAT,Waterdogs,1,000327,Matt,Kavanagh,Matt Kavanagh,matt kavanagh,matt-kavanagh,https://img.premierlacrosseleague.com/Players/2024/matt-kavanagh?v=2,A,Attack,50,1,1.0,1.0,1.0,0.0,1.0,0.0,7.0,0.14285714285714285,4,0.5714285714285714,1.0,0.0,0.0,0.0,0.0,0.0,0.0,0.0,0.0,0.0,4.0,2.0,0.0,0,0,0,0.0,0.0,0.0,0.0,0.0,,1.0,28.0,19.0,/home/runner/work/PLL_Analytics/PLL_Analytics/data/source_data/api_responses/season_2023/game_playoffs-semifinal-1-2023-9-8/player_game_stats.json.gz,Semifinal
2023,post,2023_ev46,playoffs-semifinal-1-2023-9-8,playoffs-semifinal-1-2023-9-8,45,13,2023-09-10,CAN,Cannons,WAT,Waterdogs,CAN,Cannons,WAT,Waterdogs,1,002035,Max,Wayne,Max Wayne,max wayne,max-wayne,https://img.premierlacrosseleague.com/Players/2024/max-wayne?v=2,D,Defense,66,1,0.0,0.0,0.0,0.0,0.0,0.0,0.0,0.0,0,,0.0,0.0,0.0,0.0,0.0,0.0,0.0,0.0,0.0,0.0,3.0,1.0,1.0,0,0,0,0.0,0.0,0.0,0.0,0.0,,0.0,9.0,8.0,/home/runner/work/PLL_Analytics/PLL_Analytics/data/source_data/api_responses/season_2023/game_playoffs-semifinal-1-2023-9-8/player_game_stats.json.gz,Semifinal
2023,post,2023_ev46,playoffs-semifinal-1-2023-9-8,playoffs-semifinal-1-2023-9-8,45,13,2023-09-10,CAN,Cannons,WAT,Waterdogs,CAN,Cannons,WAT,Waterdogs,1,001760,Pat,Aslanian,Pat Aslanian,pat aslanian,pat-aslanian,https://img.premierlacrosseleague.com/Players/2024/pat-aslanian?v=2,SSDM,Defensive Midfield,9,1,0.0,0.0,0.0,0.0,0.0,0.0,2.0,0.0,0,0.0,2.0,0.0,0.0,0.0,0.0,0.0,0.0,0.0,0.0,0.0,2.0,0.0,0.0,0,0,0,0.0,0.0,0.0,1.0,0.5,,0.0,7.0,5.0,/home/runner/work/PLL_Analytics/PLL_Analytics/data/source_data/api_responses/season_2023/game_playoffs-semifinal-1-2023-9-8/player_game_stats.json.gz,Semifinal
2023,post,2023_ev46,playoffs-semifinal-1-2023-9-8,playoffs-semifinal-1-2023-9-8,45,13,2023-09-10,CAN,Cannons,WAT,Waterdogs,CAN,Cannons,WAT,Waterdogs,1,000358,Ryan,Drenner,Ryan Drenner,ryan drenner,ryan-drenner,https://img.premierlacrosseleague.com/Players/2025/ryan-drenner.png?v=4,M,Midfield,22,1,0.0,0.0,0.0,0.0,0.0,0.0,6.0,0.0,4,0.6666666666666666,0.0,0.0,0.0,0.0,0.0,0.0,0.0,0.0,0.0,0.0,0.0,1.0,0.0,0,0,0,0.0,0.0,0.0,0.0,0.0,,1.0,23.0,16.0,/home/runner/work/PLL_Analytics/PLL_Analytics/data/source_data/api_responses/season_2023/game_playoffs-semifinal-1-2023-9-8/player_game_stats.json.gz,Semifinal
2023,post,2023_ev46,playoffs-semifinal-1-2023-9-8,playoffs-semifinal-1-2023-9-8,45,13,2023-09-10,CAN,Cannons,WAT,Waterdogs,CAN,Cannons,WAT,Waterdogs,1,001671,Zach,Goodrich,Zach Goodrich,zach goodrich,zach-goodrich,https://img.premierlacrosseleague.com/Players/2026/zach-goodrich.webp?v=4,SSDM,Defensive Midfield,14,1,0.0,0.0,0.0,0.0,0.0,0.0,0.0,0.0,0,,0.0,0.0,0.0,0.0,0.0,0.0,0.0,0.0,0.0,0.0,1.0,0.0,0.0,3,0,3,1.0,0.0,0.0,0.0,0.0,3 - 3,0.0,2.0,2.0,/home/runner/work/PLL_Analytics/PLL_Analytics/data/source_data/api_responses/season_2023/game_playoffs-semifinal-1-2023-9-8/player_game_stats.json.gz,Semifinal
2023,post,2023_ev46,playoffs-semifinal-1-2023-9-8,playoffs-semifinal-1-2023-9-8,45,13,2023-09-10,WAT,Waterdogs,CAN,Cannons,WAT,Waterdogs,CAN,Cannons,0,001406,Ben,Randall,Ben Randall,ben randall,ben-randall,https://img.premierlacrosseleague.com/Players/2026/ben-randall.webp,D,Defense,44,1,0.0,0.0,0.0,0.0,0.0,0.0,0.0,0.0,0,,0.0,0.0,0.0,0.0,0.0,0.0,0.0,0.0,0.0,0.0,1.0,0.0,1.0,0,0,0,0.0,0.0,0.0,0.0,0.0,,0.0,8.0,8.0,/home/runner/work/PLL_Analytics/PLL_Analytics/data/source_data/api_responses/season_2023/game_playoffs-semifinal-1-2023-9-8/player_game_stats.json.gz,Semifinal
2023,post,2023_ev46,playoffs-semifinal-1-2023-9-8,playoffs-semifinal-1-2023-9-8,45,13,2023-09-10,WAT,Waterdogs,CAN,Cannons,WAT,Waterdogs,CAN,Cannons,0,001733,Charlie,Hayes,Charlie Hayes,charlie hayes,charlie-hayes,https://img.premierlacrosseleague.com/Players/2026/charlie-hayes.webp?v=4,SSDM,Defensive Midfield,23,1,1.0,1.0,1.0,0.0,1.0,0.0,1.0,1.0,1,1.0,0.0,0.0,0.0,0.0,0.0,0.0,0.0,0.0,0.0,0.0,0.0,1.0,0.0,0,0,0,0.0,0.0,0.0,0.0,0.0,,0.0,5.0,3.0,/home/runner/work/PLL_Analytics/PLL_Analytics/data/source_data/api_responses/season_2023/game_playoffs-semifinal-1-2023-9-8/player_game_stats.json.gz,Semifinal
2023,post,2023_ev46,playoffs-semifinal-1-2023-9-8,playoffs-semifinal-1-2023-9-8,45,13,2023-09-10,WAT,Waterdogs,CAN,Cannons,WAT,Waterdogs,CAN,Cannons,0,000368,Chris,Sabia,Chris Sabia,chris sabia,chris-sabia,https://img.premierlacrosseleague.com/Players/2024/chris-sabia?v=2,LSM,Long Stick Midfield,16,1,0.0,0.0,0.0,0.0,0.0,0.0,0.0,0.0,0,,0.0,0.0,0.0,0.0,0.0,0.0,0.0,0.0,0.0,0.0,1.0,0.0,0.0,0,0,0,0.0,0.0,0.0,1.0,0.5,,0.0,9.0,9.0,/home/runner/work/PLL_Analytics/PLL_Analytics/data/source_data/api_responses/season_2023/game_playoffs-semifinal-1-2023-9-8/player_game_stats.json.gz,Semifinal
2023,post,2023_ev46,playoffs-semifinal-1-2023-9-8,playoffs-semifinal-1-2023-9-8,45,13,2023-09-10,WAT,Waterdogs,CAN,Cannons,WAT,Waterdogs,CAN,Cannons,0,001795,Christian,Scarpello,Christian Scarpello,christian scarpello,christian-scarpello,https://img.premierlacrosseleague.com/Players/2026/christian-scarpello.webp?v=1,SSDM,Defensive Midfield,50,1,0.0,0.0,0.0,0.0,0.0,0.0,1.0,0.0,1,1.0,0.0,0.0,0.0,0.0,0.0,0.0,0.0,0.0,0.0,0.0,2.0,0.0,0.0,0,0,0,0.0,0.0,0.0,0.0,0.0,,0.0,12.0,11.0,/home/runner/work/PLL_Analytics/PLL_Analytics/data/source_data/api_responses/season_2023/game_playoffs-semifinal-1-2023-9-8/player_game_stats.json.gz,Semifinal
2023,post,2023_ev46,playoffs-semifinal-1-2023-9-8,playoffs-semifinal-1-2023-9-8,45,13,2023-09-10,WAT,Waterdogs,CAN,Cannons,WAT,Waterdogs,CAN,Cannons,0,000339,Connor,Kelly,Connor Kelly,connor kelly,connor-kelly,https://img.premierlacrosseleague.com/Players/2026/connor-kelly.webp,M,Midfield,40,1,5.0,5.0,3.0,1.0,4.0,0.0,5.0,0.8,4,0.8,1.0,0.0,0.0,0.0,0.0,0.0,0.0,0.0,0.0,0.0,0.0,1.0,0.0,0,0,0,0.0,0.0,0.0,0.0,0.0,,0.0,21.0,15.0,/home/runner/work/PLL_Analytics/PLL_Analytics/data/source_data/api_responses/season_2023/game_playoffs-semifinal-1-2023-9-8/player_game_stats.json.gz,Semifinal
2023,post,2023_ev46,playoffs-semifinal-1-2023-9-8,playoffs-semifinal-1-2023-9-8,45,13,2023-09-10,WAT,Waterdogs,CAN,Cannons,WAT,Waterdogs,CAN,Cannons,0,000418,Dillon,Ward,Dillon Ward,dillon ward,dillon-ward,https://img.premierlacrosseleague.com/Players/2026/dillon-ward.webp?v=5,G,Goalie,37,1,0.0,0.0,0.0,0.0,0.0,0.0,0.0,0.0,0,,0.0,13.0,5.0,8.0,0.72222,0.38461538461538464,5.50669,1.10134,6.0,6.6080305927342256,2.0,0.0,0.0,0,0,0,0.0,5.0,1.0,0.0,0.0,,0.0,10.0,10.0,/home/runner/work/PLL_Analytics/PLL_Analytics/data/source_data/api_responses/season_2023/game_playoffs-semifinal-1-2023-9-8/player_game_stats.json.gz,Semifinal
2023,post,2023_ev46,playoffs-semifinal-1-2023-9-8,playoffs-semifinal-1-2023-9-8,45,13,2023-09-10,WAT,Waterdogs,CAN,Cannons,WAT,Waterdogs,CAN,Cannons,0,000410,Eli,Gobrecht,Eli Gobrecht,eli gobrecht,eli-gobrecht,https://img.premierlacrosseleague.com/Players/2026/eli-gobrecht.webp?v=4,D,Defense,25,1,0.0,0.0,0.0,0.0,0.0,0.0,0.0,0.0,0,,0.0,0.0,0.0,0.0,0.0,0.0,0.0,0.0,0.0,0.0,1.0,0.0,1.0,2,5,8,0.25,0.0,0.0,0.0,0.0,2 - 8,0.0,1.0,1.0,/home/runner/work/PLL_Analytics/PLL_Analytics/data/source_data/api_responses/season_2023/game_playoffs-semifinal-1-2023-9-8/player_game_stats.json.gz,Semifinal
2023,post,2023_ev46,playoffs-semifinal-1-2023-9-8,playoffs-semifinal-1-2023-9-8,45,13,2023-09-10,WAT,Waterdogs,CAN,Cannons,WAT,Waterdogs,CAN,Cannons,0,001835,Ethan,Walker,Ethan Walker,ethan walker,ethan-walker,https://img.premierlacrosseleague.com/Players/2024/ethan-walker?v=2,A,Attack,57,1,4.0,3.0,3.0,0.0,3.0,1.0,6.0,0.5,4,0.6666666666666666,0.0,0.0,0.0,0.0,0.0,0.0,0.0,0.0,0.0,0.0,2.0,1.0,0.0,0,0,0,0.0,0.0,0.0,0.0,0.0,,5.0,40.0,33.0,/home/runner/work/PLL_Analytics/PLL_Analytics/data/source_data/api_responses/season_2023/game_playoffs-semifinal-1-2023-9-8/player_game_stats.json.gz,Semifinal
2023,post,2023_ev46,playoffs-semifinal-1-2023-9-8,playoffs-semifinal-1-2023-9-8,45,13,2023-09-10,WAT,Waterdogs,CAN,Cannons,WAT,Waterdogs,CAN,Cannons,0,002028,Jack,Hannah,Jack Hannah,jack hannah,jack-hannah,https://img.premierlacrosseleague.com/Players/2026/jack-hannah.webp?v=4,M,Midfield,3,1,1.0,0.0,0.0,0.0,0.0,1.0,6.0,0.0,1,0.16666666666666666,0.0,0.0,0.0,0.0,0.0,0.0,0.0,0.0,0.0,0.0,0.0,0.0,0.0,0,0,0,0.0,0.0,0.0,0.0,0.0,,2.0,19.0,13.0,/home/runner/work/PLL_Analytics/PLL_Analytics/data/source_data/api_responses/season_2023/game_playoffs-semifinal-1-2023-9-8/player_game_stats.json.gz,Semifinal
2023,post,2023_ev46,playoffs-semifinal-1-2023-9-8,playoffs-semifinal-1-2023-9-8,45,13,2023-09-10,WAT,Waterdogs,CAN,Cannons,WAT,Waterdogs,CAN,Cannons,0,001818,Jake,Carraway,Jake Carraway,jake carraway,jake-carraway,https://img.premierlacrosseleague.com/Players/2024/jake-carraway?v=2,M,Midfield,19,1,0.0,0.0,0.0,0.0,0.0,0.0,1.0,0.0,1,1.0,1.0,0.0,0.0,0.0,0.0,0.0,0.0,0.0,0.0,0.0,0.0,0.0,0.0,0,0,0,0.0,0.0,0.0,0.0,0.0,,0.0,15.0,14.0,/home/runner/work/PLL_Analytics/PLL_Analytics/data/source_data/api_responses/season_2023/game_playoffs-semifinal-1-2023-9-8/player_game_stats.json.gz,Semifinal
2023,post,2023_ev46,playoffs-semifinal-1-2023-9-8,playoffs-semifinal-1-2023-9-8,45,13,2023-09-10,WAT,Waterdogs,CAN,Cannons,WAT,Waterdogs,CAN,Cannons,0,002036,Jake,Higgins,Jake Higgins,jake higgins,jake-higgins,https://img.premierlacrosseleague.com/Players/2024/jake-higgins?v=2,SSDM,Defensive Midfield,41,1,0.0,0.0,0.0,0.0,0.0,0.0,0.0,0.0,0,,0.0,0.0,0.0,0.0,0.0,0.0,0.0,0.0,0.0,0.0,0.0,0.0,2.0,0,0,0,0.0,0.0,0.0,0.0,0.0,,0.0,3.0,3.0,/home/runner/work/PLL_Analytics/PLL_Analytics/data/source_data/api_responses/season_2023/game_playoffs-semifinal-1-2023-9-8/player_game_stats.json.gz,Semifinal
2023,post,2023_ev46,playoffs-semifinal-1-2023-9-8,playoffs-semifinal-1-2023-9-8,45,13,2023-09-10,WAT,Waterdogs,CAN,Cannons,WAT,Waterdogs,CAN,Cannons,0,000240,Kieran,McArdle,Kieran McArdle,kieran mcardle,kieran-mcardle,https://img.premierlacrosseleague.com/Players/2026/kieran-mcardle.webp,A,Attack,6,1,4.0,2.0,2.0,0.0,2.0,2.0,8.0,0.25,6,0.75,0.0,0.0,0.0,0.0,0.0,0.0,0.0,0.0,0.0,0.0,3.0,3.0,0.0,0,0,0,0.0,0.0,0.0,0.0,0.0,,2.0,29.0,18.0,/home/runner/work/PLL_Analytics/PLL_Analytics/data/source_data/api_responses/season_2023/game_playoffs-semifinal-1-2023-9-8/player_game_stats.json.gz,Semifinal
2023,post,2023_ev46,playoffs-semifinal-1-2023-9-8,playoffs-semifinal-1-2023-9-8,45,13,2023-09-10,WAT,Waterdogs,CAN,Cannons,WAT,Waterdogs,CAN,Cannons,0,000925,Liam,Byrnes,Liam Byrnes,liam byrnes,liam-byrnes,https://img.premierlacrosseleague.com/Players/2026/liam-byrnes.webp,D,Defense,21,1,0.0,0.0,0.0,0.0,0.0,0.0,0.0,0.0,0,,0.0,0.0,0.0,0.0,0.0,0.0,0.0,0.0,0.0,0.0,5.0,3.0,0.0,0,0,0,0.0,0.0,0.0,0.0,0.0,,0.0,12.0,9.0,/home/runner/work/PLL_Analytics/PLL_Analytics/data/source_data/api_responses/season_2023/game_playoffs-semifinal-1-2023-9-8/player_game_stats.json.gz,Semifinal
2023,post,2023_ev46,playoffs-semifinal-1-2023-9-8,playoffs-semifinal-1-2023-9-8,45,13,2023-09-10,WAT,Waterdogs,CAN,Cannons,WAT,Waterdogs,CAN,Cannons,0,000408,Matt,DeLuca,Matt DeLuca,matt deluca,matt-deluca,https://img.premierlacrosseleague.com/Players/2026/matt-deluca.webp,G,Goalie,1,1,0.0,0.0,0.0,0.0,0.0,0.0,0.0,0.0,0,,0.0,2.0,1.0,1.0,1.0,0.5,0.0,0.0,0.0,0.0,1.0,0.0,0.0,0,0,0,0.0,0.0,0.0,0.0,0.0,,0.0,3.0,3.0,/home/runner/work/PLL_Analytics/PLL_Analytics/data/source_data/api_responses/season_2023/game_playoffs-semifinal-1-2023-9-8/player_game_stats.json.gz,Semifinal
2023,post,2023_ev46,playoffs-semifinal-1-2023-9-8,playoffs-semifinal-1-2023-9-8,45,13,2023-09-10,WAT,Waterdogs,CAN,Cannons,WAT,Waterdogs,CAN,Cannons,0,001707,Matt,Whitcher,Matt Whitcher,matt whitcher,matt-whitcher,https://img.premierlacrosseleague.com/Players/2026/matt-whitcher.webp?v=5,SSDM,Defensive Midfield,33,1,0.0,0.0,0.0,0.0,0.0,0.0,0.0,0.0,0,,0.0,0.0,0.0,0.0,0.0,0.0,0.0,0.0,0.0,0.0,0.0,0.0,0.0,0,0,0,0.0,0.0,0.0,0.0,0.0,,0.0,6.0,6.0,/home/runner/work/PLL_Analytics/PLL_Analytics/data/source_data/api_responses/season_2023/game_playoffs-semifinal-1-2023-9-8/player_game_stats.json.gz,Semifinal
2023,post,2023_ev46,playoffs-semifinal-1-2023-9-8,playoffs-semifinal-1-2023-9-8,45,13,2023-09-10,WAT,Waterdogs,CAN,Cannons,WAT,Waterdogs,CAN,Cannons,0,001810,Michael,Sowers,Michael Sowers,michael sowers,michael-sowers,https://img.premierlacrosseleague.com/Players/2026/michael-sowers.webp,A,Attack,22,1,6.0,3.0,3.0,0.0,3.0,3.0,10.0,0.3,5,0.5,0.0,0.0,0.0,0.0,0.0,0.0,0.0,0.0,0.0,0.0,0.0,5.0,1.0,0,0,0,0.0,0.0,0.0,0.0,0.0,,4.0,37.0,22.0,/home/runner/work/PLL_Analytics/PLL_Analytics/data/source_data/api_responses/season_2023/game_playoffs-semifinal-1-2023-9-8/player_game_stats.json.gz,Semifinal
2023,post,2023_ev46,playoffs-semifinal-1-2023-9-8,playoffs-semifinal-1-2023-9-8,45,13,2023-09-10,WAT,Waterdogs,CAN,Cannons,WAT,Waterdogs,CAN,Cannons,0,000363,Ryan,Conrad,Ryan Conrad,ryan conrad,ryan-conrad,https://img.premierlacrosseleague.com/Players/2025/ryan-conrad?v=4,M,Midfield,15,1,1.0,1.0,1.0,0.0,1.0,0.0,2.0,0.5,2,1.0,1.0,0.0,0.0,0.0,0.0,0.0,0.0,0.0,0.0,0.0,0.0,1.0,0.0,0,0,0,0.0,0.0,0.0,0.0,0.0,,0.0,19.0,16.0,/home/runner/work/PLL_Analytics/PLL_Analytics/data/source_data/api_responses/season_2023/game_playoffs-semifinal-1-2023-9-8/player_game_stats.json.gz,Semifinal
2023,post,2023_ev46,playoffs-semifinal-1-2023-9-8,playoffs-semifinal-1-2023-9-8,45,13,2023-09-10,WAT,Waterdogs,CAN,Cannons,WAT,Waterdogs,CAN,Cannons,0,000416,Ryland,Rees,Ryland Rees,ryland rees,ryland-rees,https://img.premierlacrosseleague.com/Players/2025/ryland-rees.png?v=3,LSM,Long Stick Midfield,17,1,0.0,0.0,0.0,0.0,0.0,0.0,0.0,0.0,0,,0.0,0.0,0.0,0.0,0.0,0.0,0.0,0.0,0.0,0.0,2.0,0.0,0.0,0,0,0,0.0,0.0,0.0,1.0,0.5,,0.0,2.0,2.0,/home/runner/work/PLL_Analytics/PLL_Analytics/data/source_data/api_responses/season_2023/game_playoffs-semifinal-1-2023-9-8/player_game_stats.json.gz,Semifinal
2023,post,2023_ev46,playoffs-semifinal-1-2023-9-8,playoffs-semifinal-1-2023-9-8,45,13,2023-09-10,WAT,Waterdogs,CAN,Cannons,WAT,Waterdogs,CAN,Cannons,0,000409,Zach,Currier,Zach Currier,zach currier,zach-currier,https://img.premierlacrosseleague.com/Players/2026/zach-currier.webp?v=4,M,Midfield,77,1,4.0,2.0,2.0,0.0,2.0,2.0,5.0,0.4,4,0.8,0.0,0.0,0.0,0.0,0.0,0.0,0.0,0.0,0.0,0.0,13.0,1.0,1.0,12,5,17,0.7058823529411765,0.0,0.0,0.0,0.0,12 - 17,4.0,23.0,17.0,/home/runner/work/PLL_Analytics/PLL_Analytics/data/source_data/api_responses/season_2023/game_playoffs-semifinal-1-2023-9-8/player_game_stats.json.gz,Semifinal
2023,post,2023_ev48,championship-2023-9-22,championship-2023-9-22,46,14,2023-09-24,ARC,Archers,WAT,Waterdogs,ARC,Archers,WAT,Waterdogs,1,002026,Brett,Dobson,Brett Dobson,brett dobson,brett-dobson,https://img.premierlacrosseleague.com/Players/2026/brett-dobson.webp?v=4,G,Goalie,45,1,0.0,0.0,0.0,0.0,0.0,0.0,0.0,0.0,0,,0.0,18.0,7.0,11.0,0.58065,0.3888888888888889,13.0,1.0,14.0,14.0,2.0,0.0,0.0,0,0,0,0.0,13.0,1.0,0.0,0.0,,1.0,14.0,14.0,/home/runner/work/PLL_Analytics/PLL_Analytics/data/source_data/api_responses/season_2023/game_championship-2023-9-22/player_game_stats.json.gz,Cash App Championship
2023,post,2023_ev48,championship-2023-9-22,championship-2023-9-22,46,14,2023-09-24,ARC,Archers,WAT,Waterdogs,ARC,Archers,WAT,Waterdogs,1,003007,Cam,Wyers,Cam Wyers,cam wyers,cam-wyers,https://img.premierlacrosseleague.com/Players/2026/cam-wyers.webp?v=4,LSM,Long Stick Midfield,20,1,0.0,0.0,0.0,0.0,0.0,0.0,0.0,0.0,0,,0.0,0.0,0.0,0.0,0.0,0.0,0.0,0.0,0.0,0.0,0.0,0.0,0.0,0,1,1,0.0,0.0,0.0,0.0,0.0,0 - 1,0.0,0.0,0.0,/home/runner/work/PLL_Analytics/PLL_Analytics/data/source_data/api_responses/season_2023/game_championship-2023-9-22/player_game_stats.json.gz,Cash App Championship
2023,post,2023_ev48,championship-2023-9-22,championship-2023-9-22,46,14,2023-09-24,ARC,Archers,WAT,Waterdogs,ARC,Archers,WAT,Waterdogs,1,000921,Challen,Rogers,Challen Rogers,challen rogers,challen-rogers,https://img.premierlacrosseleague.com/Players/2024/challen-rogers?v=2,M,Midfield,23,1,1.0,0.0,0.0,0.0,0.0,1.0,1.0,0.0,0,0.0,0.0,0.0,0.0,0.0,0.0,0.0,0.0,0.0,0.0,0.0,2.0,1.0,1.0,0,0,0,0.0,0.0,0.0,0.0,0.0,,1.0,4.0,2.0,/home/runner/work/PLL_Analytics/PLL_Analytics/data/source_data/api_responses/season_2023/game_championship-2023-9-22/player_game_stats.json.gz,Cash App Championship
2023,post,2023_ev48,championship-2023-9-22,championship-2023-9-22,46,14,2023-09-24,ARC,Archers,WAT,Waterdogs,ARC,Archers,WAT,Waterdogs,1,003005,Connor,Maher,Connor Maher,connor maher,connor-maher,https://img.premierlacrosseleague.com/Players/2026/connor-maher.webp,SSDM,Defensive Midfield,31,1,0.0,0.0,0.0,0.0,0.0,0.0,0.0,0.0,0,,0.0,0.0,0.0,0.0,0.0,0.0,0.0,0.0,0.0,0.0,0.0,0.0,0.0,0,0,0,0.0,0.0,0.0,0.0,0.0,,0.0,5.0,5.0,/home/runner/work/PLL_Analytics/PLL_Analytics/data/source_data/api_responses/season_2023/game_championship-2023-9-22/player_game_stats.json.gz,Cash App Championship
2023,post,2023_ev48,championship-2023-9-22,championship-2023-9-22,46,14,2023-09-24,ARC,Archers,WAT,Waterdogs,ARC,Archers,WAT,Waterdogs,1,000922,Graeme,Hossack,Graeme Hossack,graeme hossack,graeme-hossack,https://img.premierlacrosseleague.com/Players/2025/graeme-hossack.png?v=3,D,Defense,81,1,0.0,0.0,0.0,0.0,0.0,0.0,1.0,0.0,0,0.0,1.0,0.0,0.0,0.0,0.0,0.0,0.0,0.0,0.0,0.0,4.0,0.0,0.0,0,0,0,0.0,0.0,0.0,1.0,1.0,,0.0,6.0,5.0,/home/runner/work/PLL_Analytics/PLL_Analytics/data/source_data/api_responses/season_2023/game_championship-2023-9-22/player_game_stats.json.gz,Cash App Championship
2023,post,2023_ev48,championship-2023-9-22,championship-2023-9-22,46,14,2023-09-24,ARC,Archers,WAT,Waterdogs,ARC,Archers,WAT,Waterdogs,1,000391,Grant,Ament,Grant Ament,grant ament,grant-ament,https://img.premierlacrosseleague.com/Players/2026/grant-ament.webp,M,Midfield,16,1,3.0,2.0,2.0,0.0,2.0,1.0,2.0,1.0,2,1.0,0.0,0.0,0.0,0.0,0.0,0.0,0.0,0.0,0.0,0.0,0.0,3.0,0.0,0,0,0,0.0,0.0,0.0,0.0,0.0,,2.0,33.0,28.0,/home/runner/work/PLL_Analytics/PLL_Analytics/data/source_data/api_responses/season_2023/game_championship-2023-9-22/player_game_stats.json.gz,Cash App Championship
2023,post,2023_ev48,championship-2023-9-22,championship-2023-9-22,46,14,2023-09-24,ARC,Archers,WAT,Waterdogs,ARC,Archers,WAT,Waterdogs,1,001813,Jared,Conners,Jared Conners,jared conners,jared-conners,https://img.premierlacrosseleague.com/Players/2026/jared-conners.webp?v=6,LSM,Long Stick Midfield,28,1,0.0,0.0,0.0,0.0,0.0,0.0,1.0,0.0,1,1.0,1.0,0.0,0.0,0.0,0.0,0.0,0.0,0.0,0.0,0.0,2.0,1.0,0.0,0,1,1,0.0,0.0,0.0,1.0,0.5,0 - 1,0.0,9.0,7.0,/home/runner/work/PLL_Analytics/PLL_Analytics/data/source_data/api_responses/season_2023/game_championship-2023-9-22/player_game_stats.json.gz,Cash App Championship
2023,post,2023_ev48,championship-2023-9-22,championship-2023-9-22,46,14,2023-09-24,ARC,Archers,WAT,Waterdogs,ARC,Archers,WAT,Waterdogs,1,001814,Mac,O'Keefe,Mac O'Keefe,mac okeefe,mac-o-keefe,https://img.premierlacrosseleague.com/Players/2026/mac-okeefe.webp?v=11,A,Attack,7,1,4.0,3.0,3.0,0.0,3.0,1.0,7.0,0.42857142857142855,7,1.0,0.0,0.0,0.0,0.0,0.0,0.0,0.0,0.0,0.0,0.0,2.0,3.0,0.0,0,0,0,0.0,0.0,0.0,1.0,0.5,,1.0,22.0,12.0,/home/runner/work/PLL_Analytics/PLL_Analytics/data/source_data/api_responses/season_2023/game_championship-2023-9-22/player_game_stats.json.gz,Cash App Championship
2023,post,2023_ev48,championship-2023-9-22,championship-2023-9-22,46,14,2023-09-24,ARC,Archers,WAT,Waterdogs,ARC,Archers,WAT,Waterdogs,1,000218,Matt,McMahon,Matt McMahon,matt mcmahon,matt-mcmahon,https://img.premierlacrosseleague.com/Players/2023/matt-mcmahon.png?v=1,D,Defense,77,1,0.0,0.0,0.0,0.0,0.0,0.0,0.0,0.0,0,,0.0,0.0,0.0,0.0,0.0,0.0,0.0,0.0,0.0,0.0,1.0,0.0,1.0,0,0,0,0.0,0.0,0.0,0.0,0.0,,0.0,1.0,1.0,/home/runner/work/PLL_Analytics/PLL_Analytics/data/source_data/api_responses/season_2023/game_championship-2023-9-22/player_game_stats.json.gz,Cash App Championship
2023,post,2023_ev48,championship-2023-9-22,championship-2023-9-22,46,14,2023-09-24,ARC,Archers,WAT,Waterdogs,ARC,Archers,WAT,Waterdogs,1,002018,Matt,Moore,Matt Moore,matt moore,matt-moore,https://img.premierlacrosseleague.com/Players/2025/matt-moore.png?v=4,A,Attack,11,1,4.0,1.0,1.0,0.0,1.0,3.0,4.0,0.25,2,0.5,1.0,0.0,0.0,0.0,0.0,0.0,0.0,0.0,0.0,0.0,2.0,2.0,0.0,0,0,0,0.0,0.0,0.0,0.0,0.0,,6.0,29.0,23.0,/home/runner/work/PLL_Analytics/PLL_Analytics/data/source_data/api_responses/season_2023/game_championship-2023-9-22/player_game_stats.json.gz,Cash App Championship
2023,post,2023_ev48,championship-2023-9-22,championship-2023-9-22,46,14,2023-09-24,ARC,Archers,WAT,Waterdogs,ARC,Archers,WAT,Waterdogs,1,003004,Mike,Sisselberger,Mike Sisselberger,mike sisselberger,mike-sisselberger,https://img.premierlacrosseleague.com/Players/2026/mike-sisselberger.webp,FO,Faceoff,99,1,1.0,1.0,1.0,0.0,1.0,0.0,3.0,0.3333333333333333,1,0.3333333333333333,0.0,0.0,0.0,0.0,0.0,0.0,0.0,0.0,0.0,0.0,15.0,6.0,0.0,20,9,29,0.6896551724137931,0.0,0.0,0.0,0.0,20 - 29,0.0,14.0,5.0,/home/runner/work/PLL_Analytics/PLL_Analytics/data/source_data/api_responses/season_2023/game_championship-2023-9-22/player_game_stats.json.gz,Cash App Championship
2023,post,2023_ev48,championship-2023-9-22,championship-2023-9-22,46,14,2023-09-24,ARC,Archers,WAT,Waterdogs,ARC,Archers,WAT,Waterdogs,1,003006,Piper,Bond,Piper Bond,piper bond,piper-bond,https://img.premierlacrosseleague.com/Players/2026/piper-bond.webp,SSDM,Defensive Midfield,54,1,0.0,0.0,0.0,0.0,0.0,0.0,0.0,0.0,0,,0.0,0.0,0.0,0.0,0.0,0.0,0.0,0.0,0.0,0.0,1.0,0.0,0.0,0,0,0,0.0,0.0,0.0,0.0,0.0,,0.0,14.0,14.0,/home/runner/work/PLL_Analytics/PLL_Analytics/data/source_data/api_responses/season_2023/game_championship-2023-9-22/player_game_stats.json.gz,Cash App Championship
2023,post,2023_ev48,championship-2023-9-22,championship-2023-9-22,46,14,2023-09-24,ARC,Archers,WAT,Waterdogs,ARC,Archers,WAT,Waterdogs,1,002006,Reid,Bowering,Reid Bowering,reid bowering,reid-bowering,https://img.premierlacrosseleague.com/Players/2026/reid-bowering.webp?v=4,M,Midfield,98,1,1.0,1.0,1.0,0.0,1.0,0.0,1.0,1.0,1,1.0,0.0,0.0,0.0,0.0,0.0,0.0,0.0,0.0,0.0,0.0,0.0,1.0,0.0,0,0,0,0.0,0.0,0.0,0.0,0.0,,0.0,7.0,5.0,/home/runner/work/PLL_Analytics/PLL_Analytics/data/source_data/api_responses/season_2023/game_championship-2023-9-22/player_game_stats.json.gz,Cash App Championship
2023,post,2023_ev48,championship-2023-9-22,championship-2023-9-22,46,14,2023-09-24,ARC,Archers,WAT,Waterdogs,ARC,Archers,WAT,Waterdogs,1,000221,Ryan,Ambler,Ryan Ambler,ryan ambler,ryan-ambler,https://img.premierlacrosseleague.com/Players/2026/ryan-ambler.webp,M,Midfield,13,1,0.0,0.0,0.0,0.0,0.0,0.0,5.0,0.0,1,0.2,0.0,0.0,0.0,0.0,0.0,0.0,0.0,0.0,0.0,0.0,2.0,1.0,0.0,0,0,0,0.0,0.0,0.0,0.0,0.0,,0.0,15.0,9.0,/home/runner/work/PLL_Analytics/PLL_Analytics/data/source_data/api_responses/season_2023/game_championship-2023-9-22/player_game_stats.json.gz,Cash App Championship
2023,post,2023_ev48,championship-2023-9-22,championship-2023-9-22,46,14,2023-09-24,ARC,Archers,WAT,Waterdogs,ARC,Archers,WAT,Waterdogs,1,002043,Ryan,Aughavin,Ryan Aughavin,ryan aughavin,ryan-aughavin,https://img.premierlacrosseleague.com/Players/2025/ryan-aughavin.png?v=6,M,Midfield,42,1,3.0,2.0,0.0,1.0,1.0,1.0,2.0,0.5,1,0.5,2.0,0.0,0.0,0.0,0.0,0.0,0.0,0.0,0.0,0.0,1.0,0.0,0.0,0,0,0,0.0,0.0,0.0,0.0,0.0,,1.0,13.0,11.0,/home/runner/work/PLL_Analytics/PLL_Analytics/data/source_data/api_responses/season_2023/game_championship-2023-9-22/player_game_stats.json.gz,Cash App Championship
2023,post,2023_ev48,championship-2023-9-22,championship-2023-9-22,46,14,2023-09-24,ARC,Archers,WAT,Waterdogs,ARC,Archers,WAT,Waterdogs,1,000225,Tom,Schreiber,Tom Schreiber,tom schreiber,tom-schreiber,https://img.premierlacrosseleague.com/Players/2025/tom-schreiber.png?v=3,M,Midfield,26,1,2.0,2.0,2.0,0.0,2.0,0.0,6.0,0.3333333333333333,5,0.8333333333333334,1.0,0.0,0.0,0.0,0.0,0.0,0.0,0.0,0.0,0.0,1.0,0.0,0.0,0,0,0,0.0,0.0,0.0,0.0,0.0,,3.0,29.0,23.0,/home/runner/work/PLL_Analytics/PLL_Analytics/data/source_data/api_responses/season_2023/game_championship-2023-9-22/player_game_stats.json.gz,Cash App Championship
2023,post,2023_ev48,championship-2023-9-22,championship-2023-9-22,46,14,2023-09-24,ARC,Archers,WAT,Waterdogs,ARC,Archers,WAT,Waterdogs,1,001821,Tre,Leclaire,Tre Leclaire,tre leclaire,tre-leclaire,https://img.premierlacrosseleague.com/Players/2026/tre-leclaire.webp?v=3,M,Midfield,44,1,4.0,3.0,3.0,0.0,3.0,1.0,4.0,0.75,4,1.0,0.0,0.0,0.0,0.0,0.0,0.0,0.0,0.0,0.0,0.0,2.0,1.0,0.0,0,0,0,0.0,0.0,0.0,0.0,0.0,,1.0,13.0,8.0,/home/runner/work/PLL_Analytics/PLL_Analytics/data/source_data/api_responses/season_2023/game_championship-2023-9-22/player_game_stats.json.gz,Cash App Championship
2023,post,2023_ev48,championship-2023-9-22,championship-2023-9-22,46,14,2023-09-24,ARC,Archers,WAT,Waterdogs,ARC,Archers,WAT,Waterdogs,1,001661,Warren,Jeffrey,Warren Jeffrey,warren jeffrey,warren-jeffrey,https://img.premierlacrosseleague.com/Players/2026/warren-jeffrey.webp?v=4,D,Defense,27,1,0.0,0.0,0.0,0.0,0.0,0.0,0.0,0.0,0,,0.0,0.0,0.0,0.0,0.0,0.0,0.0,0.0,0.0,0.0,2.0,0.0,0.0,0,0,0,0.0,0.0,0.0,0.0,0.0,,0.0,4.0,4.0,/home/runner/work/PLL_Analytics/PLL_Analytics/data/source_data/api_responses/season_2023/game_championship-2023-9-22/player_game_stats.json.gz,Cash App Championship
2023,post,2023_ev48,championship-2023-9-22,championship-2023-9-22,46,14,2023-09-24,WAT,Waterdogs,ARC,Archers,WAT,Waterdogs,ARC,Archers,0,001406,Ben,Randall,Ben Randall,ben randall,ben-randall,https://img.premierlacrosseleague.com/Players/2026/ben-randall.webp,D,Defense,44,1,0.0,0.0,0.0,0.0,0.0,0.0,0.0,0.0,0,,0.0,0.0,0.0,0.0,0.0,0.0,0.0,0.0,0.0,0.0,2.0,0.0,0.0,0,0,0,0.0,0.0,0.0,0.0,0.0,,0.0,9.0,9.0,/home/runner/work/PLL_Analytics/PLL_Analytics/data/source_data/api_responses/season_2023/game_championship-2023-9-22/player_game_stats.json.gz,Cash App Championship
2023,post,2023_ev48,championship-2023-9-22,championship-2023-9-22,46,14,2023-09-24,WAT,Waterdogs,ARC,Archers,WAT,Waterdogs,ARC,Archers,0,001733,Charlie,Hayes,Charlie Hayes,charlie hayes,charlie-hayes,https://img.premierlacrosseleague.com/Players/2026/charlie-hayes.webp?v=4,SSDM,Defensive Midfield,23,1,0.0,0.0,0.0,0.0,0.0,0.0,0.0,0.0,0,,0.0,0.0,0.0,0.0,0.0,0.0,0.0,0.0,0.0,0.0,1.0,1.0,0.0,0,0,0,0.0,0.0,0.0,0.0,0.0,,0.0,5.0,4.0,/home/runner/work/PLL_Analytics/PLL_Analytics/data/source_data/api_responses/season_2023/game_championship-2023-9-22/player_game_stats.json.gz,Cash App Championship
2023,post,2023_ev48,championship-2023-9-22,championship-2023-9-22,46,14,2023-09-24,WAT,Waterdogs,ARC,Archers,WAT,Waterdogs,ARC,Archers,0,000368,Chris,Sabia,Chris Sabia,chris sabia,chris-sabia,https://img.premierlacrosseleague.com/Players/2024/chris-sabia?v=2,LSM,Long Stick Midfield,16,1,0.0,0.0,0.0,0.0,0.0,0.0,0.0,0.0,0,,0.0,0.0,0.0,0.0,0.0,0.0,0.0,0.0,0.0,0.0,0.0,0.0,2.0,0,0,0,0.0,0.0,0.0,0.0,0.0,,0.0,11.0,11.0,/home/runner/work/PLL_Analytics/PLL_Analytics/data/source_data/api_responses/season_2023/game_championship-2023-9-22/player_game_stats.json.gz,Cash App Championship
2023,post,2023_ev48,championship-2023-9-22,championship-2023-9-22,46,14,2023-09-24,WAT,Waterdogs,ARC,Archers,WAT,Waterdogs,ARC,Archers,0,001795,Christian,Scarpello,Christian Scarpello,christian scarpello,christian-scarpello,https://img.premierlacrosseleague.com/Players/2026/christian-scarpello.webp?v=1,SSDM,Defensive Midfield,50,1,0.0,0.0,0.0,0.0,0.0,0.0,0.0,0.0,0,,0.0,0.0,0.0,0.0,0.0,0.0,0.0,0.0,0.0,0.0,1.0,0.0,0.0,0,0,0,0.0,0.0,0.0,0.0,0.0,,0.0,4.0,4.0,/home/runner/work/PLL_Analytics/PLL_Analytics/data/source_data/api_responses/season_2023/game_championship-2023-9-22/player_game_stats.json.gz,Cash App Championship
2023,post,2023_ev48,championship-2023-9-22,championship-2023-9-22,46,14,2023-09-24,WAT,Waterdogs,ARC,Archers,WAT,Waterdogs,ARC,Archers,0,000339,Connor,Kelly,Connor Kelly,connor kelly,connor-kelly,https://img.premierlacrosseleague.com/Players/2026/connor-kelly.webp,M,Midfield,40,1,3.0,2.0,2.0,0.0,2.0,1.0,9.0,0.2222222222222222,6,0.6666666666666666,1.0,0.0,0.0,0.0,0.0,0.0,0.0,0.0,0.0,0.0,3.0,0.0,0.0,0,0,0,0.0,0.0,0.0,0.0,0.0,,2.0,30.0,21.0,/home/runner/work/PLL_Analytics/PLL_Analytics/data/source_data/api_responses/season_2023/game_championship-2023-9-22/player_game_stats.json.gz,Cash App Championship
2023,post,2023_ev48,championship-2023-9-22,championship-2023-9-22,46,14,2023-09-24,WAT,Waterdogs,ARC,Archers,WAT,Waterdogs,ARC,Archers,0,000418,Dillon,Ward,Dillon Ward,dillon ward,dillon-ward,https://img.premierlacrosseleague.com/Players/2026/dillon-ward.webp?v=5,G,Goalie,37,1,0.0,0.0,0.0,0.0,0.0,0.0,0.0,0.0,0,,0.0,7.0,3.0,4.0,0.35,0.42857142857142855,14.88668,1.14513,14.0,16.031809145129227,1.0,1.0,0.0,0,0,0,0.0,13.0,1.0,0.0,0.0,,0.0,9.0,8.0,/home/runner/work/PLL_Analytics/PLL_Analytics/data/source_data/api_responses/season_2023/game_championship-2023-9-22/player_game_stats.json.gz,Cash App Championship
2023,post,2023_ev48,championship-2023-9-22,championship-2023-9-22,46,14,2023-09-24,WAT,Waterdogs,ARC,Archers,WAT,Waterdogs,ARC,Archers,0,000410,Eli,Gobrecht,Eli Gobrecht,eli gobrecht,eli-gobrecht,https://img.premierlacrosseleague.com/Players/2026/eli-gobrecht.webp?v=4,D,Defense,25,1,0.0,0.0,0.0,0.0,0.0,0.0,0.0,0.0,0,,0.0,0.0,0.0,0.0,0.0,0.0,0.0,0.0,0.0,0.0,3.0,0.0,3.0,2,12,14,0.14285714285714285,0.0,0.0,0.0,0.0,2 - 14,0.0,6.0,6.0,/home/runner/work/PLL_Analytics/PLL_Analytics/data/source_data/api_responses/season_2023/game_championship-2023-9-22/player_game_stats.json.gz,Cash App Championship
2023,post,2023_ev48,championship-2023-9-22,championship-2023-9-22,46,14,2023-09-24,WAT,Waterdogs,ARC,Archers,WAT,Waterdogs,ARC,Archers,0,001835,Ethan,Walker,Ethan Walker,ethan walker,ethan-walker,https://img.premierlacrosseleague.com/Players/2024/ethan-walker?v=2,A,Attack,57,1,1.0,1.0,1.0,0.0,1.0,0.0,2.0,0.5,2,1.0,0.0,0.0,0.0,0.0,0.0,0.0,0.0,0.0,0.0,0.0,0.0,0.0,0.0,0,0,0,0.0,0.0,0.0,0.0,0.0,,3.0,29.0,27.0,/home/runner/work/PLL_Analytics/PLL_Analytics/data/source_data/api_responses/season_2023/game_championship-2023-9-22/player_game_stats.json.gz,Cash App Championship
2023,post,2023_ev48,championship-2023-9-22,championship-2023-9-22,46,14,2023-09-24,WAT,Waterdogs,ARC,Archers,WAT,Waterdogs,ARC,Archers,0,002028,Jack,Hannah,Jack Hannah,jack hannah,jack-hannah,https://img.premierlacrosseleague.com/Players/2026/jack-hannah.webp?v=4,M,Midfield,3,1,2.0,0.0,0.0,0.0,0.0,2.0,3.0,0.0,0,0.0,0.0,0.0,0.0,0.0,0.0,0.0,0.0,0.0,0.0,0.0,0.0,1.0,0.0,0,0,0,0.0,0.0,0.0,0.0,0.0,,2.0,17.0,13.0,/home/runner/work/PLL_Analytics/PLL_Analytics/data/source_data/api_responses/season_2023/game_championship-2023-9-22/player_game_stats.json.gz,Cash App Championship
2023,post,2023_ev48,championship-2023-9-22,championship-2023-9-22,46,14,2023-09-24,WAT,Waterdogs,ARC,Archers,WAT,Waterdogs,ARC,Archers,0,001818,Jake,Carraway,Jake Carraway,jake carraway,jake-carraway,https://img.premierlacrosseleague.com/Players/2024/jake-carraway?v=2,M,Midfield,19,1,4.0,4.0,2.0,1.0,3.0,0.0,6.0,0.5,4,0.6666666666666666,3.0,0.0,0.0,0.0,0.0,0.0,0.0,0.0,0.0,0.0,1.0,0.0,0.0,0,0,0,0.0,0.0,0.0,0.0,0.0,,0.0,25.0,19.0,/home/runner/work/PLL_Analytics/PLL_Analytics/data/source_data/api_responses/season_2023/game_championship-2023-9-22/player_game_stats.json.gz,Cash App Championship
2023,post,2023_ev48,championship-2023-9-22,championship-2023-9-22,46,14,2023-09-24,WAT,Waterdogs,ARC,Archers,WAT,Waterdogs,ARC,Archers,0,002036,Jake,Higgins,Jake Higgins,jake higgins,jake-higgins,https://img.premierlacrosseleague.com/Players/2024/jake-higgins?v=2,SSDM,Defensive Midfield,41,1,0.0,0.0,0.0,0.0,0.0,0.0,0.0,0.0,0,,0.0,0.0,0.0,0.0,0.0,0.0,0.0,0.0,0.0,0.0,1.0,0.0,0.0,0,0,0,0.0,0.0,0.0,0.0,0.0,,0.0,4.0,4.0,/home/runner/work/PLL_Analytics/PLL_Analytics/data/source_data/api_responses/season_2023/game_championship-2023-9-22/player_game_stats.json.gz,Cash App Championship
2023,post,2023_ev48,championship-2023-9-22,championship-2023-9-22,46,14,2023-09-24,WAT,Waterdogs,ARC,Archers,WAT,Waterdogs,ARC,Archers,0,000240,Kieran,McArdle,Kieran McArdle,kieran mcardle,kieran-mcardle,https://img.premierlacrosseleague.com/Players/2026/kieran-mcardle.webp,A,Attack,6,1,2.0,0.0,0.0,0.0,0.0,2.0,5.0,0.0,2,0.4,0.0,0.0,0.0,0.0,0.0,0.0,0.0,0.0,0.0,0.0,1.0,0.0,0.0,0,0,0,0.0,0.0,0.0,0.0,0.0,,9.0,31.0,26.0,/home/runner/work/PLL_Analytics/PLL_Analytics/data/source_data/api_responses/season_2023/game_championship-2023-9-22/player_game_stats.json.gz,Cash App Championship
2023,post,2023_ev48,championship-2023-9-22,championship-2023-9-22,46,14,2023-09-24,WAT,Waterdogs,ARC,Archers,WAT,Waterdogs,ARC,Archers,0,000925,Liam,Byrnes,Liam Byrnes,liam byrnes,liam-byrnes,https://img.premierlacrosseleague.com/Players/2026/liam-byrnes.webp,D,Defense,21,1,0.0,0.0,0.0,0.0,0.0,0.0,1.0,0.0,0,0.0,1.0,0.0,0.0,0.0,0.0,0.0,0.0,0.0,0.0,0.0,7.0,0.0,0.0,0,0,0,0.0,0.0,0.0,0.0,0.0,,0.0,11.0,10.0,/home/runner/work/PLL_Analytics/PLL_Analytics/data/source_data/api_responses/season_2023/game_championship-2023-9-22/player_game_stats.json.gz,Cash App Championship
2023,post,2023_ev48,championship-2023-9-22,championship-2023-9-22,46,14,2023-09-24,WAT,Waterdogs,ARC,Archers,WAT,Waterdogs,ARC,Archers,0,000408,Matt,DeLuca,Matt DeLuca,matt deluca,matt-deluca,https://img.premierlacrosseleague.com/Players/2026/matt-deluca.webp,G,Goalie,1,1,0.0,0.0,0.0,0.0,0.0,0.0,0.0,0.0,0,,0.0,3.0,1.0,2.0,0.75,0.3333333333333333,7.89041,0.0,1.0,7.89041095890411,0.0,0.0,0.0,0,0,0,0.0,1.0,0.0,0.0,0.0,,0.0,3.0,3.0,/home/runner/work/PLL_Analytics/PLL_Analytics/data/source_data/api_responses/season_2023/game_championship-2023-9-22/player_game_stats.json.gz,Cash App Championship
2023,post,2023_ev48,championship-2023-9-22,championship-2023-9-22,46,14,2023-09-24,WAT,Waterdogs,ARC,Archers,WAT,Waterdogs,ARC,Archers,0,001707,Matt,Whitcher,Matt Whitcher,matt whitcher,matt-whitcher,https://img.premierlacrosseleague.com/Players/2026/matt-whitcher.webp?v=5,SSDM,Defensive Midfield,33,1,0.0,0.0,0.0,0.0,0.0,0.0,0.0,0.0,0,,0.0,0.0,0.0,0.0,0.0,0.0,0.0,0.0,0.0,0.0,1.0,2.0,1.0,0,0,0,0.0,0.0,0.0,1.0,0.5,,0.0,4.0,2.0,/home/runner/work/PLL_Analytics/PLL_Analytics/data/source_data/api_responses/season_2023/game_championship-2023-9-22/player_game_stats.json.gz,Cash App Championship
2023,post,2023_ev48,championship-2023-9-22,championship-2023-9-22,46,14,2023-09-24,WAT,Waterdogs,ARC,Archers,WAT,Waterdogs,ARC,Archers,0,001810,Michael,Sowers,Michael Sowers,michael sowers,michael-sowers,https://img.premierlacrosseleague.com/Players/2026/michael-sowers.webp,A,Attack,22,1,4.0,2.0,2.0,0.0,2.0,2.0,7.0,0.2857142857142857,6,0.8571428571428571,1.0,0.0,0.0,0.0,0.0,0.0,0.0,0.0,0.0,0.0,1.0,2.0,0.0,0,0,0,0.0,0.0,0.0,0.0,0.0,,5.0,36.0,27.0,/home/runner/work/PLL_Analytics/PLL_Analytics/data/source_data/api_responses/season_2023/game_championship-2023-9-22/player_game_stats.json.gz,Cash App Championship
2023,post,2023_ev48,championship-2023-9-22,championship-2023-9-22,46,14,2023-09-24,WAT,Waterdogs,ARC,Archers,WAT,Waterdogs,ARC,Archers,0,000363,Ryan,Conrad,Ryan Conrad,ryan conrad,ryan-conrad,https://img.premierlacrosseleague.com/Players/2025/ryan-conrad?v=4,M,Midfield,15,1,3.0,3.0,3.0,0.0,3.0,0.0,6.0,0.5,5,0.8333333333333334,1.0,0.0,0.0,0.0,0.0,0.0,0.0,0.0,0.0,0.0,2.0,1.0,0.0,0,0,0,0.0,0.0,0.0,0.0,0.0,,0.0,20.0,13.0,/home/runner/work/PLL_Analytics/PLL_Analytics/data/source_data/api_responses/season_2023/game_championship-2023-9-22/player_game_stats.json.gz,Cash App Championship
2023,post,2023_ev48,championship-2023-9-22,championship-2023-9-22,46,14,2023-09-24,WAT,Waterdogs,ARC,Archers,WAT,Waterdogs,ARC,Archers,0,000416,Ryland,Rees,Ryland Rees,ryland rees,ryland-rees,https://img.premierlacrosseleague.com/Players/2025/ryland-rees.png?v=3,LSM,Long Stick Midfield,17,1,0.0,0.0,0.0,0.0,0.0,0.0,2.0,0.0,2,1.0,2.0,0.0,0.0,0.0,0.0,0.0,0.0,0.0,0.0,0.0,1.0,0.0,0.0,0,0,0,0.0,0.0,0.0,0.0,0.0,,0.0,3.0,1.0,/home/runner/work/PLL_Analytics/PLL_Analytics/data/source_data/api_responses/season_2023/game_championship-2023-9-22/player_game_stats.json.gz,Cash App Championship
2023,post,2023_ev48,championship-2023-9-22,championship-2023-9-22,46,14,2023-09-24,WAT,Waterdogs,ARC,Archers,WAT,Waterdogs,ARC,Archers,0,000409,Zach,Currier,Zach Currier,zach currier,zach-currier,https://img.premierlacrosseleague.com/Players/2026/zach-currier.webp?v=4,M,Midfield,77,1,2.0,2.0,2.0,0.0,2.0,0.0,4.0,0.5,4,1.0,0.0,0.0,0.0,0.0,0.0,0.0,0.0,0.0,0.0,0.0,8.0,0.0,2.0,9,8,17,0.5294117647058824,0.0,0.0,0.0,0.0,9 - 17,2.0,20.0,16.0,/home/runner/work/PLL_Analytics/PLL_Analytics/data/source_data/api_responses/season_2023/game_championship-2023-9-22/player_game_stats.json.gz,Cash App Championship
2024,post,2024_ev42,playoffs-quarterfinal-1-2024-9-2,playoffs-quarterfinal-1-2024-9-2,41,12,2024-09-02,CAN,Cannons,CHA,Chaos,CAN,Cannons,CHA,Chaos,1,003088,Alexander,Vardaro,Alexander Vardaro,alexander vardaro,alexander-vardaro,https://img.premierlacrosseleague.com/Players/2026/alexander-vardaro.webp?v=6,M,Midfield,19,1,1.0,1.0,1.0,0.0,1.0,0.0,2.0,0.5,1,0.5,0.0,0.0,0.0,0.0,0.0,0.0,0.0,0.0,0.0,0.0,1.0,0.0,0.0,0,0,0,0.0,0.0,0.0,0.0,0.0,,1.0,16.0,14.0,/home/runner/work/PLL_Analytics/PLL_Analytics/data/source_data/api_responses/season_2024/game_playoffs-quarterfinal-1-2024-9-2/player_game_stats.json.gz,Quarterfinal
2024,post,2024_ev42,playoffs-quarterfinal-1-2024-9-2,playoffs-quarterfinal-1-2024-9-2,41,12,2024-09-02,CAN,Cannons,CHA,Chaos,CAN,Cannons,CHA,Chaos,1,002024,Asher,Nolting,Asher Nolting,asher nolting,asher-nolting,https://img.premierlacrosseleague.com/Players/2026/asher-nolting.webp,A,Attack,32,1,1.0,1.0,1.0,0.0,1.0,0.0,8.0,0.125,3,0.375,0.0,0.0,0.0,0.0,0.0,0.0,0.0,0.0,0.0,0.0,2.0,3.0,0.0,0,0,0,0.0,0.0,0.0,0.0,0.0,,2.0,36.0,25.0,/home/runner/work/PLL_Analytics/PLL_Analytics/data/source_data/api_responses/season_2024/game_playoffs-quarterfinal-1-2024-9-2/player_game_stats.json.gz,Quarterfinal
2024,post,2024_ev42,playoffs-quarterfinal-1-2024-9-2,playoffs-quarterfinal-1-2024-9-2,41,12,2024-09-02,CAN,Cannons,CHA,Chaos,CAN,Cannons,CHA,Chaos,1,000337,Bryce,Young,Bryce Young,bryce young,bryce-young,https://img.premierlacrosseleague.com/Players/2025/bryce-young.png?v=3,D,Defense,41,1,0.0,0.0,0.0,0.0,0.0,0.0,0.0,0.0,0,,0.0,0.0,0.0,0.0,0.0,0.0,0.0,0.0,0.0,0.0,1.0,0.0,3.0,0,0,0,0.0,0.0,0.0,0.0,0.0,,0.0,11.0,11.0,/home/runner/work/PLL_Analytics/PLL_Analytics/data/source_data/api_responses/season_2024/game_playoffs-quarterfinal-1-2024-9-2/player_game_stats.json.gz,Quarterfinal
2024,post,2024_ev42,playoffs-quarterfinal-1-2024-9-2,playoffs-quarterfinal-1-2024-9-2,41,12,2024-09-02,CAN,Cannons,CHA,Chaos,CAN,Cannons,CHA,Chaos,1,002025,Bubba,Fairman,Bubba Fairman,bubba fairman,bubba-fairman,https://img.premierlacrosseleague.com/Players/2025/bubba-fairman?v=3,SSDM,Defensive Midfield,2,1,0.0,0.0,0.0,0.0,0.0,0.0,2.0,0.0,0,0.0,0.0,0.0,0.0,0.0,0.0,0.0,0.0,0.0,0.0,0.0,1.0,0.0,0.0,0,0,0,0.0,0.0,0.0,0.0,0.0,,0.0,12.0,10.0,/home/runner/work/PLL_Analytics/PLL_Analytics/data/source_data/api_responses/season_2024/game_playoffs-quarterfinal-1-2024-9-2/player_game_stats.json.gz,Quarterfinal
2024,post,2024_ev42,playoffs-quarterfinal-1-2024-9-2,playoffs-quarterfinal-1-2024-9-2,41,12,2024-09-02,CAN,Cannons,CHA,Chaos,CAN,Cannons,CHA,Chaos,1,000376,Cade,van Raaphorst,Cade van Raaphorst,cade van raaphorst,cade-van-raaphorst,https://img.premierlacrosseleague.com/Players/2024/cade-van-raaphorst?v=4,D,Defense,77,1,0.0,0.0,0.0,0.0,0.0,0.0,0.0,0.0,0,,0.0,0.0,0.0,0.0,0.0,0.0,0.0,0.0,0.0,0.0,1.0,1.0,0.0,0,0,0,0.0,0.0,0.0,0.0,0.0,,0.0,5.0,4.0,/home/runner/work/PLL_Analytics/PLL_Analytics/data/source_data/api_responses/season_2024/game_playoffs-quarterfinal-1-2024-9-2/player_game_stats.json.gz,Quarterfinal
2024,post,2024_ev42,playoffs-quarterfinal-1-2024-9-2,playoffs-quarterfinal-1-2024-9-2,41,12,2024-09-02,CAN,Cannons,CHA,Chaos,CAN,Cannons,CHA,Chaos,1,001729,Chris,Aslanian,Chris Aslanian,chris aslanian,chris-aslanian,https://img.premierlacrosseleague.com/Players/2026/chris-aslanian.webp,M,Midfield,3,1,1.0,0.0,0.0,0.0,0.0,1.0,1.0,0.0,0,0.0,1.0,0.0,0.0,0.0,0.0,0.0,0.0,0.0,0.0,0.0,0.0,2.0,0.0,0,0,0,0.0,0.0,0.0,0.0,0.0,,3.0,26.0,23.0,/home/runner/work/PLL_Analytics/PLL_Analytics/data/source_data/api_responses/season_2024/game_playoffs-quarterfinal-1-2024-9-2/player_game_stats.json.gz,Quarterfinal
2024,post,2024_ev42,playoffs-quarterfinal-1-2024-9-2,playoffs-quarterfinal-1-2024-9-2,41,12,2024-09-02,CAN,Cannons,CHA,Chaos,CAN,Cannons,CHA,Chaos,1,002038,Colin,Kirst,Colin Kirst,colin kirst,colin-kirst,https://img.premierlacrosseleague.com/Players/2026/colin-kirst.webp,G,Goalie,5,1,0.0,0.0,0.0,0.0,0.0,0.0,0.0,0.0,0,,0.0,12.0,4.0,8.0,0.6,0.3333333333333333,8.00556,0.0,8.0,8.005559416261292,1.0,0.0,1.0,0,0,0,0.0,8.0,0.0,0.0,0.0,,0.0,13.0,13.0,/home/runner/work/PLL_Analytics/PLL_Analytics/data/source_data/api_responses/season_2024/game_playoffs-quarterfinal-1-2024-9-2/player_game_stats.json.gz,Quarterfinal
2024,post,2024_ev42,playoffs-quarterfinal-1-2024-9-2,playoffs-quarterfinal-1-2024-9-2,41,12,2024-09-02,CAN,Cannons,CHA,Chaos,CAN,Cannons,CHA,Chaos,1,001815,Connor,Kirst,Connor Kirst,connor kirst,connor-kirst,https://img.premierlacrosseleague.com/Players/2026/connor-kirst.webp,M,Midfield,34,1,1.0,1.0,1.0,0.0,1.0,0.0,3.0,0.3333333333333333,2,0.6666666666666666,0.0,0.0,0.0,0.0,0.0,0.0,0.0,0.0,0.0,0.0,1.0,0.0,0.0,1,0,1,1.0,0.0,0.0,0.0,0.0,1 - 1,1.0,10.0,7.0,/home/runner/work/PLL_Analytics/PLL_Analytics/data/source_data/api_responses/season_2024/game_playoffs-quarterfinal-1-2024-9-2/player_game_stats.json.gz,Quarterfinal
2024,post,2024_ev42,playoffs-quarterfinal-1-2024-9-2,playoffs-quarterfinal-1-2024-9-2,41,12,2024-09-02,CAN,Cannons,CHA,Chaos,CAN,Cannons,CHA,Chaos,1,003041,Ethan,Rall,Ethan Rall,ethan rall,ethan-rall,https://img.premierlacrosseleague.com/Players/2026/ethan-rall.webp,LSM,Long Stick Midfield,35,1,0.0,0.0,0.0,0.0,0.0,0.0,0.0,0.0,0,,0.0,0.0,0.0,0.0,0.0,0.0,0.0,0.0,0.0,0.0,1.0,0.0,0.0,0,0,0,0.0,0.0,0.0,0.0,0.0,,0.0,4.0,4.0,/home/runner/work/PLL_Analytics/PLL_Analytics/data/source_data/api_responses/season_2024/game_playoffs-quarterfinal-1-2024-9-2/player_game_stats.json.gz,Quarterfinal
2024,post,2024_ev42,playoffs-quarterfinal-1-2024-9-2,playoffs-quarterfinal-1-2024-9-2,41,12,2024-09-02,CAN,Cannons,CHA,Chaos,CAN,Cannons,CHA,Chaos,1,000315,Garrett,Epple,Garrett Epple,garrett epple,garrett-epple,https://img.premierlacrosseleague.com/Players/2025/garrett-epple.png?v=3,D,Defense,52,1,0.0,0.0,0.0,0.0,0.0,0.0,1.0,0.0,0,0.0,1.0,0.0,0.0,0.0,0.0,0.0,0.0,0.0,0.0,0.0,2.0,0.0,0.0,0,0,0,0.0,0.0,0.0,0.0,0.0,,0.0,10.0,9.0,/home/runner/work/PLL_Analytics/PLL_Analytics/data/source_data/api_responses/season_2024/game_playoffs-quarterfinal-1-2024-9-2/player_game_stats.json.gz,Quarterfinal
2024,post,2024_ev42,playoffs-quarterfinal-1-2024-9-2,playoffs-quarterfinal-1-2024-9-2,41,12,2024-09-02,CAN,Cannons,CHA,Chaos,CAN,Cannons,CHA,Chaos,1,000424,Jake,Pulver,Jake Pulver,jake pulver,jake-pulver,https://img.premierlacrosseleague.com/Players/2024/jake-pulver?v=2,D,Defense,12,1,0.0,0.0,0.0,0.0,0.0,0.0,0.0,0.0,0,,0.0,0.0,0.0,0.0,0.0,0.0,0.0,0.0,0.0,0.0,3.0,0.0,1.0,0,0,0,0.0,0.0,0.0,0.0,0.0,,0.0,4.0,4.0,/home/runner/work/PLL_Analytics/PLL_Analytics/data/source_data/api_responses/season_2024/game_playoffs-quarterfinal-1-2024-9-2/player_game_stats.json.gz,Quarterfinal
2024,post,2024_ev42,playoffs-quarterfinal-1-2024-9-2,playoffs-quarterfinal-1-2024-9-2,41,12,2024-09-02,CAN,Cannons,CHA,Chaos,CAN,Cannons,CHA,Chaos,1,001826,Jeff,Trainor,Jeff Trainor,jeff trainor,jeff-trainor,https://img.premierlacrosseleague.com/Players/2026/jeff-trainor.webp?v=5,SSDM,Defensive Midfield,43,1,0.0,0.0,0.0,0.0,0.0,0.0,1.0,0.0,0,0.0,1.0,0.0,0.0,0.0,0.0,0.0,0.0,0.0,0.0,0.0,1.0,0.0,0.0,0,0,0,0.0,0.0,0.0,1.0,1.0,,2.0,8.0,7.0,/home/runner/work/PLL_Analytics/PLL_Analytics/data/source_data/api_responses/season_2024/game_playoffs-quarterfinal-1-2024-9-2/player_game_stats.json.gz,Quarterfinal
2024,post,2024_ev42,playoffs-quarterfinal-1-2024-9-2,playoffs-quarterfinal-1-2024-9-2,41,12,2024-09-02,CAN,Cannons,CHA,Chaos,CAN,Cannons,CHA,Chaos,1,000216,Marcus,Holman,Marcus Holman,marcus holman,marcus-holman,https://img.premierlacrosseleague.com/Players/2026/marcus-holman.webp,A,Attack,1,1,0.0,0.0,0.0,0.0,0.0,0.0,3.0,0.0,0,0.0,1.0,0.0,0.0,0.0,0.0,0.0,0.0,0.0,0.0,0.0,1.0,2.0,0.0,0,0,0,0.0,0.0,0.0,0.0,0.0,,0.0,31.0,26.0,/home/runner/work/PLL_Analytics/PLL_Analytics/data/source_data/api_responses/season_2024/game_playoffs-quarterfinal-1-2024-9-2/player_game_stats.json.gz,Quarterfinal
2024,post,2024_ev42,playoffs-quarterfinal-1-2024-9-2,playoffs-quarterfinal-1-2024-9-2,41,12,2024-09-02,CAN,Cannons,CHA,Chaos,CAN,Cannons,CHA,Chaos,1,003013,Matt,Campbell,Matt Campbell,matt campbell,matt-campbell,https://img.premierlacrosseleague.com/Players/2026/matt-campbell.webp,M,Midfield,20,1,0.0,0.0,0.0,0.0,0.0,0.0,4.0,0.0,4,1.0,1.0,0.0,0.0,0.0,0.0,0.0,0.0,0.0,0.0,0.0,0.0,2.0,1.0,0,0,0,0.0,0.0,0.0,0.0,0.0,,1.0,20.0,14.0,/home/runner/work/PLL_Analytics/PLL_Analytics/data/source_data/api_responses/season_2024/game_playoffs-quarterfinal-1-2024-9-2/player_game_stats.json.gz,Quarterfinal
2024,post,2024_ev42,playoffs-quarterfinal-1-2024-9-2,playoffs-quarterfinal-1-2024-9-2,41,12,2024-09-02,CAN,Cannons,CHA,Chaos,CAN,Cannons,CHA,Chaos,1,003080,Pat,Kavanagh,Pat Kavanagh,pat kavanagh,pat-kavanagh,https://img.premierlacrosseleague.com/Players/2026/pat-kavanagh.webp?v=4,A,Attack,51,1,1.0,1.0,1.0,0.0,1.0,0.0,7.0,0.14285714285714285,5,0.7142857142857143,0.0,0.0,0.0,0.0,0.0,0.0,0.0,0.0,0.0,0.0,0.0,0.0,0.0,0,0,0,0.0,0.0,0.0,0.0,0.0,,2.0,19.0,12.0,/home/runner/work/PLL_Analytics/PLL_Analytics/data/source_data/api_responses/season_2024/game_playoffs-quarterfinal-1-2024-9-2/player_game_stats.json.gz,Quarterfinal
2024,post,2024_ev42,playoffs-quarterfinal-1-2024-9-2,playoffs-quarterfinal-1-2024-9-2,41,12,2024-09-02,CAN,Cannons,CHA,Chaos,CAN,Cannons,CHA,Chaos,1,000358,Ryan,Drenner,Ryan Drenner,ryan drenner,ryan-drenner,https://img.premierlacrosseleague.com/Players/2025/ryan-drenner.png?v=4,M,Midfield,22,1,0.0,0.0,0.0,0.0,0.0,0.0,6.0,0.0,4,0.6666666666666666,0.0,0.0,0.0,0.0,0.0,0.0,0.0,0.0,0.0,0.0,1.0,0.0,0.0,0,0,0,0.0,0.0,0.0,0.0,0.0,,0.0,25.0,19.0,/home/runner/work/PLL_Analytics/PLL_Analytics/data/source_data/api_responses/season_2024/game_playoffs-quarterfinal-1-2024-9-2/player_game_stats.json.gz,Quarterfinal
2024,post,2024_ev42,playoffs-quarterfinal-1-2024-9-2,playoffs-quarterfinal-1-2024-9-2,41,12,2024-09-02,CAN,Cannons,CHA,Chaos,CAN,Cannons,CHA,Chaos,1,002067,Zac,Tucci,Zac Tucci,zac tucci,zac-tucci,https://img.premierlacrosseleague.com/Players/2026/zac-tucci.webp?v=1,FO,Faceoff,4,1,0.0,0.0,0.0,0.0,0.0,0.0,2.0,0.0,2,1.0,1.0,0.0,0.0,0.0,0.0,0.0,0.0,0.0,0.0,0.0,6.0,2.0,0.0,8,7,15,0.5333333333333333,0.0,0.0,2.0,1.0,8 - 15,0.0,6.0,2.0,/home/runner/work/PLL_Analytics/PLL_Analytics/data/source_data/api_responses/season_2024/game_playoffs-quarterfinal-1-2024-9-2/player_game_stats.json.gz,Quarterfinal
2024,post,2024_ev42,playoffs-quarterfinal-1-2024-9-2,playoffs-quarterfinal-1-2024-9-2,41,12,2024-09-02,CAN,Cannons,CHA,Chaos,CAN,Cannons,CHA,Chaos,1,001671,Zach,Goodrich,Zach Goodrich,zach goodrich,zach-goodrich,https://img.premierlacrosseleague.com/Players/2026/zach-goodrich.webp?v=4,SSDM,Defensive Midfield,14,1,0.0,0.0,0.0,0.0,0.0,0.0,1.0,0.0,0,0.0,1.0,0.0,0.0,0.0,0.0,0.0,0.0,0.0,0.0,0.0,0.0,0.0,0.0,0,0,0,0.0,0.0,0.0,0.0,0.0,,0.0,2.0,1.0,/home/runner/work/PLL_Analytics/PLL_Analytics/data/source_data/api_responses/season_2024/game_playoffs-quarterfinal-1-2024-9-2/player_game_stats.json.gz,Quarterfinal
2024,post,2024_ev42,playoffs-quarterfinal-1-2024-9-2,playoffs-quarterfinal-1-2024-9-2,41,12,2024-09-02,CHA,Chaos,CAN,Cannons,CHA,Chaos,CAN,Cannons,0,000258,Blaze,Riorden,Blaze Riorden,blaze riorden,blaze-riorden,https://img.premierlacrosseleague.com/Players/2026/blaze-riorden.webp?v=4,G,Goalie,0,1,0.0,0.0,0.0,0.0,0.0,0.0,1.0,0.0,0,0.0,1.0,15.0,4.0,11.0,0.78947,0.26666666666666666,4.00278,0.0,4.0,4.002779708130646,6.0,0.0,0.0,0,0,0,0.0,4.0,0.0,0.0,0.0,,0.0,23.0,22.0,/home/runner/work/PLL_Analytics/PLL_Analytics/data/source_data/api_responses/season_2024/game_playoffs-quarterfinal-1-2024-9-2/player_game_stats.json.gz,Quarterfinal
2024,post,2024_ev42,playoffs-quarterfinal-1-2024-9-2,playoffs-quarterfinal-1-2024-9-2,41,12,2024-09-02,CHA,Chaos,CAN,Cannons,CHA,Chaos,CAN,Cannons,0,003016,Brian,Minicus,Brian Minicus,brian minicus,brian-minicus,https://img.premierlacrosseleague.com/Players/2024/brian-minicus?v=2,M,Midfield,7,1,2.0,0.0,0.0,0.0,0.0,2.0,1.0,0.0,0,0.0,0.0,0.0,0.0,0.0,0.0,0.0,0.0,0.0,0.0,0.0,0.0,0.0,0.0,0,0,0,0.0,0.0,0.0,0.0,0.0,,2.0,9.0,8.0,/home/runner/work/PLL_Analytics/PLL_Analytics/data/source_data/api_responses/season_2024/game_playoffs-quarterfinal-1-2024-9-2/player_game_stats.json.gz,Quarterfinal
2024,post,2024_ev42,playoffs-quarterfinal-1-2024-9-2,playoffs-quarterfinal-1-2024-9-2,41,12,2024-09-02,CHA,Chaos,CAN,Cannons,CHA,Chaos,CAN,Cannons,0,000211,Ian,MacKay,Ian MacKay,ian mackay,ian-mackay,https://img.premierlacrosseleague.com/Players/2024/ian-mackay?v=2,SSDM,Defensive Midfield,55,1,1.0,0.0,0.0,0.0,0.0,1.0,3.0,0.0,2,0.6666666666666666,0.0,0.0,0.0,0.0,0.0,0.0,0.0,0.0,0.0,0.0,0.0,0.0,0.0,0,1,1,0.0,0.0,0.0,0.0,0.0,0 - 1,2.0,7.0,4.0,/home/runner/work/PLL_Analytics/PLL_Analytics/data/source_data/api_responses/season_2024/game_playoffs-quarterfinal-1-2024-9-2/player_game_stats.json.gz,Quarterfinal
2024,post,2024_ev42,playoffs-quarterfinal-1-2024-9-2,playoffs-quarterfinal-1-2024-9-2,41,12,2024-09-02,CHA,Chaos,CAN,Cannons,CHA,Chaos,CAN,Cannons,0,003128,Jack,Posey,Jack Posey,jack posey,jack-posey,https://img.premierlacrosseleague.com/Players/2026/jack-posey.webp?v=4,D,Defense,43,1,0.0,0.0,0.0,0.0,0.0,0.0,0.0,0.0,0,,0.0,0.0,0.0,0.0,0.0,0.0,0.0,0.0,0.0,0.0,2.0,0.0,1.0,0,0,0,0.0,0.0,0.0,0.0,0.0,,0.0,2.0,2.0,/home/runner/work/PLL_Analytics/PLL_Analytics/data/source_data/api_responses/season_2024/game_playoffs-quarterfinal-1-2024-9-2/player_game_stats.json.gz,Quarterfinal
2024,post,2024_ev42,playoffs-quarterfinal-1-2024-9-2,playoffs-quarterfinal-1-2024-9-2,41,12,2024-09-02,CHA,Chaos,CAN,Cannons,CHA,Chaos,CAN,Cannons,0,003030,James,Reilly,James Reilly,james reilly,james-reilly,https://img.premierlacrosseleague.com/Players/2024/james-reilly?v=2,FO,Faceoff,33,1,0.0,0.0,0.0,0.0,0.0,0.0,0.0,0.0,0,,0.0,0.0,0.0,0.0,0.0,0.0,0.0,0.0,0.0,0.0,2.0,0.0,1.0,7,8,15,0.4666666666666667,0.0,0.0,0.0,0.0,7 - 15,0.0,0.0,0.0,/home/runner/work/PLL_Analytics/PLL_Analytics/data/source_data/api_responses/season_2024/game_playoffs-quarterfinal-1-2024-9-2/player_game_stats.json.gz,Quarterfinal
2024,post,2024_ev42,playoffs-quarterfinal-1-2024-9-2,playoffs-quarterfinal-1-2024-9-2,41,12,2024-09-02,CHA,Chaos,CAN,Cannons,CHA,Chaos,CAN,Cannons,0,000269,Jarrod,Neumann,Jarrod Neumann,jarrod neumann,jarrod-neumann,https://img.premierlacrosseleague.com/Players/2026/jarrod-neumann.webp,D,Defense,88,1,0.0,0.0,0.0,0.0,0.0,0.0,0.0,0.0,0,,0.0,0.0,0.0,0.0,0.0,0.0,0.0,0.0,0.0,0.0,4.0,0.0,1.0,0,0,0,0.0,0.0,0.0,1.0,1.0,,0.0,12.0,12.0,/home/runner/work/PLL_Analytics/PLL_Analytics/data/source_data/api_responses/season_2024/game_playoffs-quarterfinal-1-2024-9-2/player_game_stats.json.gz,Quarterfinal
2024,post,2024_ev42,playoffs-quarterfinal-1-2024-9-2,playoffs-quarterfinal-1-2024-9-2,41,12,2024-09-02,CHA,Chaos,CAN,Cannons,CHA,Chaos,CAN,Cannons,0,000272,Josh,Byrne,Josh Byrne,josh byrne,josh-byrne,https://img.premierlacrosseleague.com/Players/2024/josh-byrne?v=2,A,Attack,22,1,3.0,2.0,2.0,0.0,2.0,1.0,6.0,0.3333333333333333,4,0.6666666666666666,0.0,0.0,0.0,0.0,0.0,0.0,0.0,0.0,0.0,0.0,1.0,3.0,0.0,0,0,0,0.0,0.0,0.0,0.0,0.0,,2.0,34.0,25.0,/home/runner/work/PLL_Analytics/PLL_Analytics/data/source_data/api_responses/season_2024/game_playoffs-quarterfinal-1-2024-9-2/player_game_stats.json.gz,Quarterfinal
2024,post,2024_ev42,playoffs-quarterfinal-1-2024-9-2,playoffs-quarterfinal-1-2024-9-2,41,12,2024-09-02,CHA,Chaos,CAN,Cannons,CHA,Chaos,CAN,Cannons,0,000351,Jules,Heningburg,Jules Heningburg,jules heningburg,jules-heningburg,https://img.premierlacrosseleague.com/Players/2025/jules-heningburg.png?v=3,A,Attack,8,1,2.0,1.0,1.0,0.0,1.0,1.0,3.0,0.3333333333333333,2,0.6666666666666666,0.0,0.0,0.0,0.0,0.0,0.0,0.0,0.0,0.0,0.0,0.0,1.0,1.0,0,0,0,0.0,0.0,0.0,0.0,0.0,,2.0,21.0,17.0,/home/runner/work/PLL_Analytics/PLL_Analytics/data/source_data/api_responses/season_2024/game_playoffs-quarterfinal-1-2024-9-2/player_game_stats.json.gz,Quarterfinal
2024,post,2024_ev42,playoffs-quarterfinal-1-2024-9-2,playoffs-quarterfinal-1-2024-9-2,41,12,2024-09-02,CHA,Chaos,CAN,Cannons,CHA,Chaos,CAN,Cannons,0,000978,Kyle,Jackson,Kyle Jackson,kyle jackson,kyle-jackson,https://img.premierlacrosseleague.com/Players/2026/kyle-jackson.webp,M,Midfield,1,1,2.0,2.0,2.0,0.0,2.0,0.0,3.0,0.6666666666666666,3,1.0,0.0,0.0,0.0,0.0,0.0,0.0,0.0,0.0,0.0,0.0,1.0,4.0,0.0,0,0,0,0.0,0.0,0.0,0.0,0.0,,1.0,25.0,18.0,/home/runner/work/PLL_Analytics/PLL_Analytics/data/source_data/api_responses/season_2024/game_playoffs-quarterfinal-1-2024-9-2/player_game_stats.json.gz,Quarterfinal
2024,post,2024_ev42,playoffs-quarterfinal-1-2024-9-2,playoffs-quarterfinal-1-2024-9-2,41,12,2024-09-02,CHA,Chaos,CAN,Cannons,CHA,Chaos,CAN,Cannons,0,000279,Patrick,Resch,Patrick Resch,patrick resch,patrick-resch,https://img.premierlacrosseleague.com/Players/2025/patrick-resch.png?v=3,SSDM,Defensive Midfield,34,1,0.0,0.0,0.0,0.0,0.0,0.0,0.0,0.0,0,,0.0,0.0,0.0,0.0,0.0,0.0,0.0,0.0,0.0,0.0,1.0,0.0,1.0,0,0,0,0.0,0.0,0.0,0.0,0.0,,1.0,10.0,10.0,/home/runner/work/PLL_Analytics/PLL_Analytics/data/source_data/api_responses/season_2024/game_playoffs-quarterfinal-1-2024-9-2/player_game_stats.json.gz,Quarterfinal
2024,post,2024_ev42,playoffs-quarterfinal-1-2024-9-2,playoffs-quarterfinal-1-2024-9-2,41,12,2024-09-02,CHA,Chaos,CAN,Cannons,CHA,Chaos,CAN,Cannons,0,003093,Ross,Scott,Ross Scott,ross scott,ross-scott,https://img.premierlacrosseleague.com/Players/2026/ross-scott.webp,A,Attack,15,1,1.0,1.0,1.0,0.0,1.0,0.0,5.0,0.2,4,0.8,0.0,0.0,0.0,0.0,0.0,0.0,0.0,0.0,0.0,0.0,1.0,2.0,0.0,0,0,0,0.0,0.0,0.0,0.0,0.0,,4.0,30.0,23.0,/home/runner/work/PLL_Analytics/PLL_Analytics/data/source_data/api_responses/season_2024/game_playoffs-quarterfinal-1-2024-9-2/player_game_stats.json.gz,Quarterfinal
2024,post,2024_ev42,playoffs-quarterfinal-1-2024-9-2,playoffs-quarterfinal-1-2024-9-2,41,12,2024-09-02,CHA,Chaos,CAN,Cannons,CHA,Chaos,CAN,Cannons,0,002031,Ryan,McNulty,Ryan McNulty,ryan mcnulty,ryan-mcnulty,https://img.premierlacrosseleague.com/Players/2025/ryan-mcnulty.png?v=3,LSM,Long Stick Midfield,5,1,0.0,0.0,0.0,0.0,0.0,0.0,1.0,0.0,0,0.0,1.0,0.0,0.0,0.0,0.0,0.0,0.0,0.0,0.0,0.0,1.0,1.0,0.0,0,0,0,0.0,0.0,0.0,0.0,0.0,,0.0,6.0,4.0,/home/runner/work/PLL_Analytics/PLL_Analytics/data/source_data/api_responses/season_2024/game_playoffs-quarterfinal-1-2024-9-2/player_game_stats.json.gz,Quarterfinal
2024,post,2024_ev42,playoffs-quarterfinal-1-2024-9-2,playoffs-quarterfinal-1-2024-9-2,41,12,2024-09-02,CHA,Chaos,CAN,Cannons,CHA,Chaos,CAN,Cannons,0,000333,Sergio,Perkovic,Sergio Perkovic,sergio perkovic,sergio-perkovic,https://img.premierlacrosseleague.com/Players/2026/sergio-perkovic.png,M,Midfield,30,1,0.0,0.0,0.0,0.0,0.0,0.0,2.0,0.0,0,0.0,0.0,0.0,0.0,0.0,0.0,0.0,0.0,0.0,0.0,0.0,0.0,0.0,0.0,0,0,0,0.0,0.0,0.0,0.0,0.0,,0.0,21.0,19.0,/home/runner/work/PLL_Analytics/PLL_Analytics/data/source_data/api_responses/season_2024/game_playoffs-quarterfinal-1-2024-9-2/player_game_stats.json.gz,Quarterfinal
2024,post,2024_ev42,playoffs-quarterfinal-1-2024-9-2,playoffs-quarterfinal-1-2024-9-2,41,12,2024-09-02,CHA,Chaos,CAN,Cannons,CHA,Chaos,CAN,Cannons,0,003078,Shane,Knobloch,Shane Knobloch,shane knobloch,shane-knobloch,https://img.premierlacrosseleague.com/Players/2026/shane-knobloch.webp,M,Midfield,27,1,0.0,0.0,0.0,0.0,0.0,0.0,4.0,0.0,2,0.5,0.0,0.0,0.0,0.0,0.0,0.0,0.0,0.0,0.0,0.0,1.0,1.0,0.0,0,0,0,0.0,0.0,0.0,0.0,0.0,,0.0,16.0,11.0,/home/runner/work/PLL_Analytics/PLL_Analytics/data/source_data/api_responses/season_2024/game_playoffs-quarterfinal-1-2024-9-2/player_game_stats.json.gz,Quarterfinal
2024,post,2024_ev42,playoffs-quarterfinal-1-2024-9-2,playoffs-quarterfinal-1-2024-9-2,41,12,2024-09-02,CHA,Chaos,CAN,Cannons,CHA,Chaos,CAN,Cannons,0,000281,Troy,Reh,Troy Reh,troy reh,troy-reh,https://img.premierlacrosseleague.com/Players/2026/troy-reh.webp?v=4,LSM,Long Stick Midfield,10,1,0.0,0.0,0.0,0.0,0.0,0.0,0.0,0.0,0,,0.0,0.0,0.0,0.0,0.0,0.0,0.0,0.0,0.0,0.0,9.0,0.0,2.0,0,0,0,0.0,0.0,0.0,0.0,0.0,,0.0,11.0,11.0,/home/runner/work/PLL_Analytics/PLL_Analytics/data/source_data/api_responses/season_2024/game_playoffs-quarterfinal-1-2024-9-2/player_game_stats.json.gz,Quarterfinal
2024,post,2024_ev42,playoffs-quarterfinal-1-2024-9-2,playoffs-quarterfinal-1-2024-9-2,41,12,2024-09-02,CHA,Chaos,CAN,Cannons,CHA,Chaos,CAN,Cannons,0,003017,Tye,Kurtz,Tye Kurtz,tye kurtz,tye-kurtz,https://img.premierlacrosseleague.com/Players/2026/tye-kurtz.webp,A,Attack,82,1,3.0,2.0,2.0,0.0,2.0,1.0,4.0,0.5,4,1.0,0.0,0.0,0.0,0.0,0.0,0.0,0.0,0.0,0.0,0.0,2.0,0.0,0.0,0,0,0,0.0,0.0,0.0,0.0,0.0,,3.0,26.0,22.0,/home/runner/work/PLL_Analytics/PLL_Analytics/data/source_data/api_responses/season_2024/game_playoffs-quarterfinal-1-2024-9-2/player_game_stats.json.gz,Quarterfinal
2024,post,2024_ev42,playoffs-quarterfinal-1-2024-9-2,playoffs-quarterfinal-1-2024-9-2,41,12,2024-09-02,CHA,Chaos,CAN,Cannons,CHA,Chaos,CAN,Cannons,0,003015,Will,Bowen,Will Bowen,will bowen,will-bowen,https://img.premierlacrosseleague.com/Players/2024/will-bowen?v=2,D,Defense,24,1,0.0,0.0,0.0,0.0,0.0,0.0,0.0,0.0,0,,0.0,0.0,0.0,0.0,0.0,0.0,0.0,0.0,0.0,0.0,1.0,0.0,1.0,0,0,0,0.0,0.0,0.0,0.0,0.0,,0.0,9.0,9.0,/home/runner/work/PLL_Analytics/PLL_Analytics/data/source_data/api_responses/season_2024/game_playoffs-quarterfinal-1-2024-9-2/player_game_stats.json.gz,Quarterfinal
2024,post,2024_ev42,playoffs-quarterfinal-1-2024-9-2,playoffs-quarterfinal-1-2024-9-2,41,12,2024-09-02,CHA,Chaos,CAN,Cannons,CHA,Chaos,CAN,Cannons,0,002022,Zach,Geddes,Zach Geddes,zach geddes,zach-geddes,https://img.premierlacrosseleague.com/Players/2026/zach-geddes.webp,SSDM,Defensive Midfield,13,1,0.0,0.0,0.0,0.0,0.0,0.0,0.0,0.0,0,,0.0,0.0,0.0,0.0,0.0,0.0,0.0,0.0,0.0,0.0,1.0,0.0,0.0,0,0,0,0.0,0.0,0.0,0.0,0.0,,0.0,5.0,5.0,/home/runner/work/PLL_Analytics/PLL_Analytics/data/source_data/api_responses/season_2024/game_playoffs-quarterfinal-1-2024-9-2/player_game_stats.json.gz,Quarterfinal
2024,post,2024_ev43,playoffs-quarterfinal-2-2024-9-2,playoffs-quarterfinal-2-2024-9-2,42,12,2024-09-02,OUT,Outlaws,WHP,Whipsnakes,OUT,Outlaws,WHP,Whipsnakes,0,002074,Alexander,Smith,Alexander Smith,alexander smith,alexander-smith,https://img.premierlacrosseleague.com/Players/2026/alex-smith.webp,SSDM,Defensive Midfield,39,1,0.0,0.0,0.0,0.0,0.0,0.0,0.0,0.0,0,,0.0,0.0,0.0,0.0,0.0,0.0,0.0,0.0,0.0,0.0,0.0,1.0,0.0,0,0,0,0.0,0.0,0.0,0.0,0.0,,0.0,10.0,9.0,/home/runner/work/PLL_Analytics/PLL_Analytics/data/source_data/api_responses/season_2024/game_playoffs-quarterfinal-2-2024-9-2/player_game_stats.json.gz,Quarterfinal
2024,post,2024_ev43,playoffs-quarterfinal-2-2024-9-2,playoffs-quarterfinal-2-2024-9-2,42,12,2024-09-02,OUT,Outlaws,WHP,Whipsnakes,OUT,Outlaws,WHP,Whipsnakes,0,003075,Brennan,O'Neill,Brennan O'Neill,brennan oneill,brennan-o-neill,https://img.premierlacrosseleague.com/Players/2026/brennan-o-neill.webp?v=5,A,Attack,42,1,2.0,2.0,2.0,0.0,2.0,0.0,11.0,0.18181818181818182,6,0.5454545454545454,0.0,0.0,0.0,0.0,0.0,0.0,0.0,0.0,0.0,0.0,2.0,3.0,0.0,0,0,0,0.0,0.0,0.0,0.0,0.0,,1.0,35.0,21.0,/home/runner/work/PLL_Analytics/PLL_Analytics/data/source_data/api_responses/season_2024/game_playoffs-quarterfinal-2-2024-9-2/player_game_stats.json.gz,Quarterfinal
2024,post,2024_ev43,playoffs-quarterfinal-2-2024-9-2,playoffs-quarterfinal-2-2024-9-2,42,12,2024-09-02,OUT,Outlaws,WHP,Whipsnakes,OUT,Outlaws,WHP,Whipsnakes,0,003022,Cross,Ferrara,Cross Ferrara,cross ferrara,cross-ferrara,https://img.premierlacrosseleague.com/Players/2025/cross-ferrara.png?v=3,M,Midfield,22,1,2.0,1.0,1.0,0.0,1.0,1.0,2.0,0.5,1,0.5,0.0,0.0,0.0,0.0,0.0,0.0,0.0,0.0,0.0,0.0,0.0,0.0,0.0,0,0,0,0.0,0.0,0.0,0.0,0.0,,1.0,10.0,8.0,/home/runner/work/PLL_Analytics/PLL_Analytics/data/source_data/api_responses/season_2024/game_playoffs-quarterfinal-2-2024-9-2/player_game_stats.json.gz,Quarterfinal
2024,post,2024_ev43,playoffs-quarterfinal-2-2024-9-2,playoffs-quarterfinal-2-2024-9-2,42,12,2024-09-02,OUT,Outlaws,WHP,Whipsnakes,OUT,Outlaws,WHP,Whipsnakes,0,003106,Dalton,Young,Dalton Young,dalton young,dalton-young,https://img.premierlacrosseleague.com/Players/2026/dalton-young.webp,M,Midfield,11,1,3.0,3.0,3.0,0.0,3.0,0.0,5.0,0.6,3,0.6,0.0,0.0,0.0,0.0,0.0,0.0,0.0,0.0,0.0,0.0,2.0,1.0,0.0,0,0,0,0.0,0.0,0.0,0.0,0.0,,2.0,15.0,9.0,/home/runner/work/PLL_Analytics/PLL_Analytics/data/source_data/api_responses/season_2024/game_playoffs-quarterfinal-2-2024-9-2/player_game_stats.json.gz,Quarterfinal
2024,post,2024_ev43,playoffs-quarterfinal-2-2024-9-2,playoffs-quarterfinal-2-2024-9-2,42,12,2024-09-02,OUT,Outlaws,WHP,Whipsnakes,OUT,Outlaws,WHP,Whipsnakes,0,000234,Eric,Law,Eric Law,eric law,eric-law,https://img.premierlacrosseleague.com/Players/2025/eric-law.png?v=3,A,Attack,15,1,0.0,0.0,0.0,0.0,0.0,0.0,1.0,0.0,1,1.0,0.0,0.0,0.0,0.0,0.0,0.0,0.0,0.0,0.0,0.0,0.0,1.0,0.0,0,0,0,0.0,0.0,0.0,0.0,0.0,,0.0,20.0,18.0,/home/runner/work/PLL_Analytics/PLL_Analytics/data/source_data/api_responses/season_2024/game_playoffs-quarterfinal-2-2024-9-2/player_game_stats.json.gz,Quarterfinal
2024,post,2024_ev43,playoffs-quarterfinal-2-2024-9-2,playoffs-quarterfinal-2-2024-9-2,42,12,2024-09-02,OUT,Outlaws,WHP,Whipsnakes,OUT,Outlaws,WHP,Whipsnakes,0,003085,Graham,Bundy,Graham Bundy,graham bundy,graham-bundy-jr,https://img.premierlacrosseleague.com/Players/2026/graham-bundy-jr.webp,M,Midfield,7,1,1.0,1.0,1.0,0.0,1.0,0.0,3.0,0.3333333333333333,3,1.0,2.0,0.0,0.0,0.0,0.0,0.0,0.0,0.0,0.0,0.0,1.0,1.0,0.0,0,0,0,0.0,0.0,0.0,0.0,0.0,,1.0,21.0,17.0,/home/runner/work/PLL_Analytics/PLL_Analytics/data/source_data/api_responses/season_2024/game_playoffs-quarterfinal-2-2024-9-2/player_game_stats.json.gz,Quarterfinal
2024,post,2024_ev43,playoffs-quarterfinal-2-2024-9-2,playoffs-quarterfinal-2-2024-9-2,42,12,2024-09-02,OUT,Outlaws,WHP,Whipsnakes,OUT,Outlaws,WHP,Whipsnakes,0,001811,JT,Giles-Harris,JT Giles-Harris,jt gilesharris,jt-giles-harris,https://img.premierlacrosseleague.com/Players/2026/jt-giles-harris.webp?v=5,D,Defense,1,1,0.0,0.0,0.0,0.0,0.0,0.0,0.0,0.0,0,,0.0,0.0,0.0,0.0,0.0,0.0,0.0,0.0,0.0,0.0,0.0,0.0,0.0,0,0,0,0.0,0.0,0.0,0.0,0.0,,0.0,6.0,6.0,/home/runner/work/PLL_Analytics/PLL_Analytics/data/source_data/api_responses/season_2024/game_playoffs-quarterfinal-2-2024-9-2/player_game_stats.json.gz,Quarterfinal
2024,post,2024_ev43,playoffs-quarterfinal-2-2024-9-2,playoffs-quarterfinal-2-2024-9-2,42,12,2024-09-02,OUT,Outlaws,WHP,Whipsnakes,OUT,Outlaws,WHP,Whipsnakes,0,003083,Jake,Piseno,Jake Piseno,jake piseno,jake-piseno,https://img.premierlacrosseleague.com/Players/2026/jake-piseno.webp,LSM,Long Stick Midfield,88,1,0.0,0.0,0.0,0.0,0.0,0.0,0.0,0.0,0,,0.0,0.0,0.0,0.0,0.0,0.0,0.0,0.0,0.0,0.0,2.0,0.0,0.0,0,0,0,0.0,0.0,0.0,0.0,0.0,,1.0,5.0,5.0,/home/runner/work/PLL_Analytics/PLL_Analytics/data/source_data/api_responses/season_2024/game_playoffs-quarterfinal-2-2024-9-2/player_game_stats.json.gz,Quarterfinal
2024,post,2024_ev43,playoffs-quarterfinal-2-2024-9-2,playoffs-quarterfinal-2-2024-9-2,42,12,2024-09-02,OUT,Outlaws,WHP,Whipsnakes,OUT,Outlaws,WHP,Whipsnakes,0,000405,Jesse,Bernhardt,Jesse Bernhardt,jesse bernhardt,jesse-bernhardt,https://img.premierlacrosseleague.com/Players/2024/jesse-bernhardt?v=2,D,Defense,36,1,1.0,1.0,1.0,0.0,1.0,0.0,3.0,0.3333333333333333,1,0.3333333333333333,2.0,0.0,0.0,0.0,0.0,0.0,0.0,0.0,0.0,0.0,0.0,0.0,3.0,0,0,0,0.0,0.0,0.0,0.0,0.0,,0.0,14.0,11.0,/home/runner/work/PLL_Analytics/PLL_Analytics/data/source_data/api_responses/season_2024/game_playoffs-quarterfinal-2-2024-9-2/player_game_stats.json.gz,Quarterfinal
2024,post,2024_ev43,playoffs-quarterfinal-2-2024-9-2,playoffs-quarterfinal-2-2024-9-2,42,12,2024-09-02,OUT,Outlaws,WHP,Whipsnakes,OUT,Outlaws,WHP,Whipsnakes,0,003092,Josh,Zawada,Josh Zawada,josh zawada,josh-zawada,https://img.premierlacrosseleague.com/Players/2025/josh-zawada.png?v=3,M,Midfield,79,1,0.0,0.0,0.0,0.0,0.0,0.0,3.0,0.0,2,0.6666666666666666,0.0,0.0,0.0,0.0,0.0,0.0,0.0,0.0,0.0,0.0,0.0,1.0,0.0,0,0,0,0.0,0.0,0.0,0.0,0.0,,1.0,39.0,35.0,/home/runner/work/PLL_Analytics/PLL_Analytics/data/source_data/api_responses/season_2024/game_playoffs-quarterfinal-2-2024-9-2/player_game_stats.json.gz,Quarterfinal
2024,post,2024_ev43,playoffs-quarterfinal-2-2024-9-2,playoffs-quarterfinal-2-2024-9-2,42,12,2024-09-02,OUT,Outlaws,WHP,Whipsnakes,OUT,Outlaws,WHP,Whipsnakes,0,001828,Justin,Anderson,Justin Anderson,justin anderson,justin-anderson,https://img.premierlacrosseleague.com/Players/2026/justin-anderson.webp,M,Midfield,21,1,0.0,0.0,0.0,0.0,0.0,0.0,1.0,0.0,0,0.0,0.0,0.0,0.0,0.0,0.0,0.0,0.0,0.0,0.0,0.0,3.0,0.0,0.0,0,0,0,0.0,0.0,0.0,1.0,0.5,,2.0,11.0,10.0,/home/runner/work/PLL_Analytics/PLL_Analytics/data/source_data/api_responses/season_2024/game_playoffs-quarterfinal-2-2024-9-2/player_game_stats.json.gz,Quarterfinal
2024,post,2024_ev43,playoffs-quarterfinal-2-2024-9-2,playoffs-quarterfinal-2-2024-9-2,42,12,2024-09-02,OUT,Outlaws,WHP,Whipsnakes,OUT,Outlaws,WHP,Whipsnakes,0,003098,Luke,Wierman,Luke Wierman,luke wierman,luke-wierman,https://img.premierlacrosseleague.com/Players/2026/luke-wierman.webp,FO,Faceoff,52,1,0.0,0.0,0.0,0.0,0.0,0.0,1.0,0.0,0,0.0,0.0,0.0,0.0,0.0,0.0,0.0,0.0,0.0,0.0,0.0,4.0,1.0,0.0,10,10,21,0.47619047619047616,0.0,0.0,0.0,0.0,10 - 21,0.0,4.0,2.0,/home/runner/work/PLL_Analytics/PLL_Analytics/data/source_data/api_responses/season_2024/game_playoffs-quarterfinal-2-2024-9-2/player_game_stats.json.gz,Quarterfinal
2024,post,2024_ev43,playoffs-quarterfinal-2-2024-9-2,playoffs-quarterfinal-2-2024-9-2,42,12,2024-09-02,OUT,Outlaws,WHP,Whipsnakes,OUT,Outlaws,WHP,Whipsnakes,0,000302,Michael,Manley,Michael Manley,michael manley,michael-manley,https://img.premierlacrosseleague.com/Players/2026/michael-manley.webp?v=3,D,Defense,5,1,0.0,0.0,0.0,0.0,0.0,0.0,1.0,0.0,0,0.0,0.0,0.0,0.0,0.0,0.0,0.0,0.0,0.0,0.0,0.0,4.0,0.0,0.0,0,0,0,0.0,0.0,0.0,0.0,0.0,,0.0,7.0,6.0,/home/runner/work/PLL_Analytics/PLL_Analytics/data/source_data/api_responses/season_2024/game_playoffs-quarterfinal-2-2024-9-2/player_game_stats.json.gz,Quarterfinal
2024,post,2024_ev43,playoffs-quarterfinal-2-2024-9-2,playoffs-quarterfinal-2-2024-9-2,42,12,2024-09-02,OUT,Outlaws,WHP,Whipsnakes,OUT,Outlaws,WHP,Whipsnakes,0,001839,Nick,Grill,Nick Grill,nick grill,nick-grill,https://img.premierlacrosseleague.com/Players/2026/nick-grill.webp,LSM,Long Stick Midfield,8,1,0.0,0.0,0.0,0.0,0.0,0.0,0.0,0.0,0,,0.0,0.0,0.0,0.0,0.0,0.0,0.0,0.0,0.0,0.0,0.0,0.0,0.0,0,0,0,0.0,0.0,0.0,0.0,0.0,,0.0,1.0,1.0,/home/runner/work/PLL_Analytics/PLL_Analytics/data/source_data/api_responses/season_2024/game_playoffs-quarterfinal-2-2024-9-2/player_game_stats.json.gz,Quarterfinal
2024,post,2024_ev43,playoffs-quarterfinal-2-2024-9-2,playoffs-quarterfinal-2-2024-9-2,42,12,2024-09-02,OUT,Outlaws,WHP,Whipsnakes,OUT,Outlaws,WHP,Whipsnakes,0,002039,Owen,McElroy,Owen McElroy,owen mcelroy,owen-mcelroy,https://img.premierlacrosseleague.com/Players/2026/owen-mcelroy.webp,G,Goalie,24,1,0.0,0.0,0.0,0.0,0.0,0.0,0.0,0.0,0,,0.0,15.0,5.0,10.0,0.6,0.3333333333333333,10.0,1.0,11.0,11.0,6.0,0.0,0.0,0,0,0,0.0,10.0,1.0,0.0,0.0,,1.0,14.0,14.0,/home/runner/work/PLL_Analytics/PLL_Analytics/data/source_data/api_responses/season_2024/game_playoffs-quarterfinal-2-2024-9-2/player_game_stats.json.gz,Quarterfinal
2024,post,2024_ev43,playoffs-quarterfinal-2-2024-9-2,playoffs-quarterfinal-2-2024-9-2,42,12,2024-09-02,OUT,Outlaws,WHP,Whipsnakes,OUT,Outlaws,WHP,Whipsnakes,0,001820,Ryan,Terefenko,Ryan Terefenko,ryan terefenko,ryan-terefenko,https://img.premierlacrosseleague.com/Players/2026/ryan-terefenko.webp?v=4,SSDM,Defensive Midfield,34,1,0.0,0.0,0.0,0.0,0.0,0.0,0.0,0.0,0,,0.0,0.0,0.0,0.0,0.0,0.0,0.0,0.0,0.0,0.0,2.0,3.0,1.0,0,2,2,0.0,0.0,0.0,0.0,0.0,0 - 2,1.0,11.0,8.0,/home/runner/work/PLL_Analytics/PLL_Analytics/data/source_data/api_responses/season_2024/game_playoffs-quarterfinal-2-2024-9-2/player_game_stats.json.gz,Quarterfinal
2024,post,2024_ev43,playoffs-quarterfinal-2-2024-9-2,playoffs-quarterfinal-2-2024-9-2,42,12,2024-09-02,OUT,Outlaws,WHP,Whipsnakes,OUT,Outlaws,WHP,Whipsnakes,0,003019,Sam,Handley,Sam Handley,sam handley,sam-handley,https://img.premierlacrosseleague.com/Players/2025/sam-handley.png?v=3,M,Midfield,26,1,4.0,2.0,0.0,1.0,1.0,2.0,4.0,0.25,3,0.75,2.0,0.0,0.0,0.0,0.0,0.0,0.0,0.0,0.0,0.0,0.0,0.0,0.0,0,0,0,0.0,0.0,0.0,0.0,0.0,,4.0,17.0,13.0,/home/runner/work/PLL_Analytics/PLL_Analytics/data/source_data/api_responses/season_2024/game_playoffs-quarterfinal-2-2024-9-2/player_game_stats.json.gz,Quarterfinal
2024,post,2024_ev43,playoffs-quarterfinal-2-2024-9-2,playoffs-quarterfinal-2-2024-9-2,42,12,2024-09-02,OUT,Outlaws,WHP,Whipsnakes,OUT,Outlaws,WHP,Whipsnakes,0,000308,Will,Haus,Will Haus,will haus,will-haus,https://img.premierlacrosseleague.com/Players/2024/will-haus?v=2,SSDM,Defensive Midfield,18,1,0.0,0.0,0.0,0.0,0.0,0.0,1.0,0.0,1,1.0,0.0,0.0,0.0,0.0,0.0,0.0,0.0,0.0,0.0,0.0,0.0,1.0,0.0,0,0,0,0.0,0.0,0.0,0.0,0.0,,0.0,7.0,5.0,/home/runner/work/PLL_Analytics/PLL_Analytics/data/source_data/api_responses/season_2024/game_playoffs-quarterfinal-2-2024-9-2/player_game_stats.json.gz,Quarterfinal
2024,post,2024_ev43,playoffs-quarterfinal-2-2024-9-2,playoffs-quarterfinal-2-2024-9-2,42,12,2024-09-02,WHP,Whipsnakes,OUT,Outlaws,WHP,Whipsnakes,OUT,Outlaws,1,003100,Adam,Poitras,Adam Poitras,adam poitras,adam-poitras,https://img.premierlacrosseleague.com/Players/2026/adam-poitras.webp?v=4,M,Midfield,51,1,2.0,1.0,1.0,0.0,1.0,1.0,5.0,0.2,2,0.4,0.0,0.0,0.0,0.0,0.0,0.0,0.0,0.0,0.0,0.0,2.0,1.0,0.0,0,0,0,0.0,0.0,0.0,0.0,0.0,,1.0,20.0,14.0,/home/runner/work/PLL_Analytics/PLL_Analytics/data/source_data/api_responses/season_2024/game_playoffs-quarterfinal-2-2024-9-2/player_game_stats.json.gz,Quarterfinal
2024,post,2024_ev43,playoffs-quarterfinal-2-2024-9-2,playoffs-quarterfinal-2-2024-9-2,42,12,2024-09-02,WHP,Whipsnakes,OUT,Outlaws,WHP,Whipsnakes,OUT,Outlaws,1,003077,Ajax,Zappitello,Ajax Zappitello,ajax zappitello,ajax-zappitello,https://img.premierlacrosseleague.com/Players/2026/ajax-zappitello.webp?v=4,D,Defense,5,1,1.0,1.0,1.0,0.0,1.0,0.0,2.0,0.5,1,0.5,0.0,0.0,0.0,0.0,0.0,0.0,0.0,0.0,0.0,0.0,3.0,0.0,1.0,0,0,0,0.0,0.0,0.0,0.0,0.0,,0.0,6.0,4.0,/home/runner/work/PLL_Analytics/PLL_Analytics/data/source_data/api_responses/season_2024/game_playoffs-quarterfinal-2-2024-9-2/player_game_stats.json.gz,Quarterfinal
2024,post,2024_ev43,playoffs-quarterfinal-2-2024-9-2,playoffs-quarterfinal-2-2024-9-2,42,12,2024-09-02,WHP,Whipsnakes,OUT,Outlaws,WHP,Whipsnakes,OUT,Outlaws,1,003028,Alex,Mazzone,Alex Mazzone,alex mazzone,alex-mazzone,https://img.premierlacrosseleague.com/Players/2025/alex-mazzone.png?v=4,LSM,Long Stick Midfield,6,1,0.0,0.0,0.0,0.0,0.0,0.0,0.0,0.0,0,,0.0,0.0,0.0,0.0,0.0,0.0,0.0,0.0,0.0,0.0,1.0,0.0,0.0,0,0,0,0.0,0.0,0.0,0.0,0.0,,0.0,3.0,3.0,/home/runner/work/PLL_Analytics/PLL_Analytics/data/source_data/api_responses/season_2024/game_playoffs-quarterfinal-2-2024-9-2/player_game_stats.json.gz,Quarterfinal
2024,post,2024_ev43,playoffs-quarterfinal-2-2024-9-2,playoffs-quarterfinal-2-2024-9-2,42,12,2024-09-02,WHP,Whipsnakes,OUT,Outlaws,WHP,Whipsnakes,OUT,Outlaws,1,002059,Brendan,Krebs,Brendan Krebs,brendan krebs,brendan-krebs,https://img.premierlacrosseleague.com/Players/2025/brendan-krebs.png?v=4,G,Goalie,0,1,1.0,0.0,0.0,0.0,0.0,1.0,0.0,0.0,0,,0.0,11.0,7.0,4.0,0.55,0.6363636363636364,9.0,1.0,10.0,10.0,2.0,0.0,0.0,0,0,0,0.0,9.0,1.0,0.0,0.0,,1.0,18.0,18.0,/home/runner/work/PLL_Analytics/PLL_Analytics/data/source_data/api_responses/season_2024/game_playoffs-quarterfinal-2-2024-9-2/player_game_stats.json.gz,Quarterfinal
2024,post,2024_ev43,playoffs-quarterfinal-2-2024-9-2,playoffs-quarterfinal-2-2024-9-2,42,12,2024-09-02,WHP,Whipsnakes,OUT,Outlaws,WHP,Whipsnakes,OUT,Outlaws,1,001009,Colin,Heacock,Colin Heacock,colin heacock,colin-heacock,https://img.premierlacrosseleague.com/Players/2026/colin-heacock.webp,M,Midfield,10,1,1.0,1.0,1.0,0.0,1.0,0.0,2.0,0.5,2,1.0,0.0,0.0,0.0,0.0,0.0,0.0,0.0,0.0,0.0,0.0,0.0,0.0,0.0,0,0,0,0.0,0.0,0.0,0.0,0.0,,0.0,11.0,9.0,/home/runner/work/PLL_Analytics/PLL_Analytics/data/source_data/api_responses/season_2024/game_playoffs-quarterfinal-2-2024-9-2/player_game_stats.json.gz,Quarterfinal
2024,post,2024_ev43,playoffs-quarterfinal-2-2024-9-2,playoffs-quarterfinal-2-2024-9-2,42,12,2024-09-02,WHP,Whipsnakes,OUT,Outlaws,WHP,Whipsnakes,OUT,Outlaws,1,001831,Colin,Squires,Colin Squires,colin squires,colin-squires,https://img.premierlacrosseleague.com/Players/2025/colin-squires.png?v=4,LSM,Long Stick Midfield,39,1,0.0,0.0,0.0,0.0,0.0,0.0,1.0,0.0,1,1.0,1.0,0.0,0.0,0.0,0.0,0.0,0.0,0.0,0.0,0.0,2.0,0.0,0.0,0,0,0,0.0,0.0,0.0,0.0,0.0,,0.0,4.0,3.0,/home/runner/work/PLL_Analytics/PLL_Analytics/data/source_data/api_responses/season_2024/game_playoffs-quarterfinal-2-2024-9-2/player_game_stats.json.gz,Quarterfinal
2024,post,2024_ev43,playoffs-quarterfinal-2-2024-9-2,playoffs-quarterfinal-2-2024-9-2,42,12,2024-09-02,WHP,Whipsnakes,OUT,Outlaws,WHP,Whipsnakes,OUT,Outlaws,1,003142,Jack,Koras,Jack Koras,jack koras,jack-koras,https://img.premierlacrosseleague.com/Players/2026/jack-koras.png,M,Midfield,15,1,0.0,0.0,0.0,0.0,0.0,0.0,0.0,0.0,0,,0.0,0.0,0.0,0.0,0.0,0.0,0.0,0.0,0.0,0.0,4.0,0.0,1.0,0,0,0,0.0,0.0,0.0,1.0,0.5,,0.0,9.0,9.0,/home/runner/work/PLL_Analytics/PLL_Analytics/data/source_data/api_responses/season_2024/game_playoffs-quarterfinal-2-2024-9-2/player_game_stats.json.gz,Quarterfinal
2024,post,2024_ev43,playoffs-quarterfinal-2-2024-9-2,playoffs-quarterfinal-2-2024-9-2,42,12,2024-09-02,WHP,Whipsnakes,OUT,Outlaws,WHP,Whipsnakes,OUT,Outlaws,1,000345,Jake,Bernhardt,Jake Bernhardt,jake bernhardt,jake-bernhardt,https://img.premierlacrosseleague.com/Players/2026/jake-bernhardt.webp?v=4,SSDM,Defensive Midfield,83,1,2.0,2.0,0.0,1.0,1.0,0.0,1.0,1.0,1,1.0,1.0,0.0,0.0,0.0,0.0,0.0,0.0,0.0,0.0,0.0,0.0,0.0,1.0,0,1,1,0.0,0.0,0.0,0.0,0.0,0 - 1,0.0,5.0,4.0,/home/runner/work/PLL_Analytics/PLL_Analytics/data/source_data/api_responses/season_2024/game_playoffs-quarterfinal-2-2024-9-2/player_game_stats.json.gz,Quarterfinal
2024,post,2024_ev43,playoffs-quarterfinal-2-2024-9-2,playoffs-quarterfinal-2-2024-9-2,42,12,2024-09-02,WHP,Whipsnakes,OUT,Outlaws,WHP,Whipsnakes,OUT,Outlaws,1,000350,Joseph,Nardella,Joseph Nardella,joseph nardella,joseph-nardella,https://img.premierlacrosseleague.com/Players/2025/joseph-nardella.png?v=3,FO,Faceoff,91,1,0.0,0.0,0.0,0.0,0.0,0.0,0.0,0.0,0,,0.0,0.0,0.0,0.0,0.0,0.0,0.0,0.0,0.0,0.0,5.0,0.0,1.0,12,9,22,0.5454545454545454,0.0,0.0,0.0,0.0,12 - 22,0.0,5.0,5.0,/home/runner/work/PLL_Analytics/PLL_Analytics/data/source_data/api_responses/season_2024/game_playoffs-quarterfinal-2-2024-9-2/player_game_stats.json.gz,Quarterfinal
2024,post,2024_ev43,playoffs-quarterfinal-2-2024-9-2,playoffs-quarterfinal-2-2024-9-2,42,12,2024-09-02,WHP,Whipsnakes,OUT,Outlaws,WHP,Whipsnakes,OUT,Outlaws,1,003094,Levi,Anderson,Levi Anderson,levi anderson,levi-anderson,https://img.premierlacrosseleague.com/Players/2026/levi-anderson.webp?v=8,M,Midfield,24,1,0.0,0.0,0.0,0.0,0.0,0.0,2.0,0.0,1,0.5,0.0,0.0,0.0,0.0,0.0,0.0,0.0,0.0,0.0,0.0,0.0,1.0,1.0,0,0,0,0.0,0.0,0.0,0.0,0.0,,0.0,10.0,7.0,/home/runner/work/PLL_Analytics/PLL_Analytics/data/source_data/api_responses/season_2024/game_playoffs-quarterfinal-2-2024-9-2/player_game_stats.json.gz,Quarterfinal
2024,post,2024_ev43,playoffs-quarterfinal-2-2024-9-2,playoffs-quarterfinal-2-2024-9-2,42,12,2024-09-02,WHP,Whipsnakes,OUT,Outlaws,WHP,Whipsnakes,OUT,Outlaws,1,000354,Matt,Rambo,Matt Rambo,matt rambo,matt-rambo,https://img.premierlacrosseleague.com/Players/2026/matt-rambo.webp?v=2,A,Attack,9,1,0.0,0.0,0.0,0.0,0.0,0.0,2.0,0.0,1,0.5,0.0,0.0,0.0,0.0,0.0,0.0,0.0,0.0,0.0,0.0,3.0,1.0,0.0,0,0,0,0.0,0.0,0.0,0.0,0.0,,2.0,21.0,18.0,/home/runner/work/PLL_Analytics/PLL_Analytics/data/source_data/api_responses/season_2024/game_playoffs-quarterfinal-2-2024-9-2/player_game_stats.json.gz,Quarterfinal
2024,post,2024_ev43,playoffs-quarterfinal-2-2024-9-2,playoffs-quarterfinal-2-2024-9-2,42,12,2024-09-02,WHP,Whipsnakes,OUT,Outlaws,WHP,Whipsnakes,OUT,Outlaws,1,000355,Matthew,Dunn,Matthew Dunn,matthew dunn,matthew-dunn,https://img.premierlacrosseleague.com/Players/2026/matthew-dunn.webp?v=4,D,Defense,33,1,0.0,0.0,0.0,0.0,0.0,0.0,1.0,0.0,1,1.0,1.0,0.0,0.0,0.0,0.0,0.0,0.0,0.0,0.0,0.0,2.0,0.0,2.0,0,0,0,0.0,0.0,0.0,0.0,0.0,,1.0,13.0,12.0,/home/runner/work/PLL_Analytics/PLL_Analytics/data/source_data/api_responses/season_2024/game_playoffs-quarterfinal-2-2024-9-2/player_game_stats.json.gz,Quarterfinal
2024,post,2024_ev43,playoffs-quarterfinal-2-2024-9-2,playoffs-quarterfinal-2-2024-9-2,42,12,2024-09-02,WHP,Whipsnakes,OUT,Outlaws,WHP,Whipsnakes,OUT,Outlaws,1,000357,Mike,Chanenchuk,Mike Chanenchuk,mike chanenchuk,mike-chanenchuk,https://img.premierlacrosseleague.com/Players/2024/mike-chanenchuk?v=2,M,Midfield,1,1,2.0,2.0,2.0,0.0,2.0,0.0,5.0,0.4,3,0.6,2.0,0.0,0.0,0.0,0.0,0.0,0.0,0.0,0.0,0.0,2.0,1.0,0.0,0,0,0,0.0,0.0,0.0,0.0,0.0,,0.0,21.0,15.0,/home/runner/work/PLL_Analytics/PLL_Analytics/data/source_data/api_responses/season_2024/game_playoffs-quarterfinal-2-2024-9-2/player_game_stats.json.gz,Quarterfinal
2024,post,2024_ev43,playoffs-quarterfinal-2-2024-9-2,playoffs-quarterfinal-2-2024-9-2,42,12,2024-09-02,WHP,Whipsnakes,OUT,Outlaws,WHP,Whipsnakes,OUT,Outlaws,1,002021,Roman,Puglise,Roman Puglise,roman puglise,roman-puglise,https://img.premierlacrosseleague.com/Players/2025/roman-puglise.png?v=4,SSDM,Defensive Midfield,8,1,0.0,0.0,0.0,0.0,0.0,0.0,1.0,0.0,1,1.0,0.0,0.0,0.0,0.0,0.0,0.0,0.0,0.0,0.0,0.0,1.0,0.0,0.0,0,0,0,0.0,0.0,0.0,1.0,0.5,,2.0,8.0,7.0,/home/runner/work/PLL_Analytics/PLL_Analytics/data/source_data/api_responses/season_2024/game_playoffs-quarterfinal-2-2024-9-2/player_game_stats.json.gz,Quarterfinal
2024,post,2024_ev43,playoffs-quarterfinal-2-2024-9-2,playoffs-quarterfinal-2-2024-9-2,42,12,2024-09-02,WHP,Whipsnakes,OUT,Outlaws,WHP,Whipsnakes,OUT,Outlaws,1,000363,Ryan,Conrad,Ryan Conrad,ryan conrad,ryan-conrad,https://img.premierlacrosseleague.com/Players/2025/ryan-conrad?v=4,M,Midfield,23,1,2.0,1.0,1.0,0.0,1.0,1.0,7.0,0.14285714285714285,3,0.42857142857142855,3.0,0.0,0.0,0.0,0.0,0.0,0.0,0.0,0.0,0.0,0.0,3.0,0.0,0,0,0,0.0,0.0,0.0,0.0,0.0,,1.0,29.0,19.0,/home/runner/work/PLL_Analytics/PLL_Analytics/data/source_data/api_responses/season_2024/game_playoffs-quarterfinal-2-2024-9-2/player_game_stats.json.gz,Quarterfinal
2024,post,2024_ev43,playoffs-quarterfinal-2-2024-9-2,playoffs-quarterfinal-2-2024-9-2,42,12,2024-09-02,WHP,Whipsnakes,OUT,Outlaws,WHP,Whipsnakes,OUT,Outlaws,1,003048,TJ,Malone,TJ Malone,tj malone,tj-malone,https://img.premierlacrosseleague.com/Players/2026/tj-malone.webp?v=6,A,Attack,7,1,5.0,2.0,2.0,0.0,2.0,3.0,6.0,0.3333333333333333,5,0.8333333333333334,1.0,0.0,0.0,0.0,0.0,0.0,0.0,0.0,0.0,0.0,4.0,4.0,0.0,0,0,0,0.0,0.0,0.0,1.0,0.5,,8.0,34.0,24.0,/home/runner/work/PLL_Analytics/PLL_Analytics/data/source_data/api_responses/season_2024/game_playoffs-quarterfinal-2-2024-9-2/player_game_stats.json.gz,Quarterfinal
2024,post,2024_ev43,playoffs-quarterfinal-2-2024-9-2,playoffs-quarterfinal-2-2024-9-2,42,12,2024-09-02,WHP,Whipsnakes,OUT,Outlaws,WHP,Whipsnakes,OUT,Outlaws,1,000359,Tim,Muller,Tim Muller,tim muller,tim-muller,https://img.premierlacrosseleague.com/Players/2026/tim-muller.webp,D,Defense,14,1,0.0,0.0,0.0,0.0,0.0,0.0,0.0,0.0,0,,0.0,0.0,0.0,0.0,0.0,0.0,0.0,0.0,0.0,0.0,0.0,0.0,2.0,0,0,0,0.0,0.0,0.0,0.0,0.0,,0.0,10.0,10.0,/home/runner/work/PLL_Analytics/PLL_Analytics/data/source_data/api_responses/season_2024/game_playoffs-quarterfinal-2-2024-9-2/player_game_stats.json.gz,Quarterfinal
2024,post,2024_ev43,playoffs-quarterfinal-2-2024-9-2,playoffs-quarterfinal-2-2024-9-2,42,12,2024-09-02,WHP,Whipsnakes,OUT,Outlaws,WHP,Whipsnakes,OUT,Outlaws,1,000419,Zed,Williams,Zed Williams,zed williams,zed-williams,https://img.premierlacrosseleague.com/Players/2026/zed-williams.webp,A,Attack,36,1,1.0,1.0,1.0,0.0,1.0,0.0,6.0,0.16666666666666666,4,0.6666666666666666,0.0,0.0,0.0,0.0,0.0,0.0,0.0,0.0,0.0,0.0,1.0,2.0,0.0,0,0,0,0.0,0.0,0.0,0.0,0.0,,0.0,21.0,13.0,/home/runner/work/PLL_Analytics/PLL_Analytics/data/source_data/api_responses/season_2024/game_playoffs-quarterfinal-2-2024-9-2/player_game_stats.json.gz,Quarterfinal
2024,post,2024_ev44,playoffs-semifinal-1-2024-9-8,playoffs-semifinal-1-2024-9-8,43,13,2024-09-07,ATL,Atlas,WHP,Whipsnakes,ATL,Atlas,WHP,Whipsnakes,1,003009,Brett,Makar,Brett Makar,brett makar,brett-makar,https://img.premierlacrosseleague.com/Players/2026/brett-makar.webp,D,Defense,43,1,0.0,0.0,0.0,0.0,0.0,0.0,0.0,0.0,0,,0.0,0.0,0.0,0.0,0.0,0.0,0.0,0.0,0.0,0.0,3.0,1.0,4.0,0,0,0,0.0,0.0,0.0,0.0,0.0,,0.0,9.0,8.0,/home/runner/work/PLL_Analytics/PLL_Analytics/data/source_data/api_responses/season_2024/game_playoffs-semifinal-1-2024-9-8/player_game_stats.json.gz,Semifinal
2024,post,2024_ev44,playoffs-semifinal-1-2024-9-8,playoffs-semifinal-1-2024-9-8,43,13,2024-09-07,ATL,Atlas,WHP,Whipsnakes,ATL,Atlas,WHP,Whipsnakes,1,000395,Bryan,Costabile,Bryan Costabile,bryan costabile,bryan-costabile,https://img.premierlacrosseleague.com/Players/2026/bryan-costabile.webp,M,Midfield,26,1,3.0,3.0,1.0,1.0,2.0,0.0,6.0,0.3333333333333333,4,0.6666666666666666,3.0,0.0,0.0,0.0,0.0,0.0,0.0,0.0,0.0,0.0,1.0,2.0,0.0,0,0,0,0.0,0.0,0.0,0.0,0.0,,3.0,29.0,21.0,/home/runner/work/PLL_Analytics/PLL_Analytics/data/source_data/api_responses/season_2024/game_playoffs-semifinal-1-2024-9-8/player_game_stats.json.gz,Semifinal
2024,post,2024_ev44,playoffs-semifinal-1-2024-9-8,playoffs-semifinal-1-2024-9-8,43,13,2024-09-07,ATL,Atlas,WHP,Whipsnakes,ATL,Atlas,WHP,Whipsnakes,1,003039,Chet,Comizio,Chet Comizio,chet comizio,chet-comizio,https://img.premierlacrosseleague.com/Players/2026/chet-comizio.webp,SSDM,Defensive Midfield,57,1,0.0,0.0,0.0,0.0,0.0,0.0,2.0,0.0,1,0.5,0.0,0.0,0.0,0.0,0.0,0.0,0.0,0.0,0.0,0.0,2.0,0.0,0.0,0,0,0,0.0,0.0,0.0,1.0,0.5,,0.0,5.0,3.0,/home/runner/work/PLL_Analytics/PLL_Analytics/data/source_data/api_responses/season_2024/game_playoffs-semifinal-1-2024-9-8/player_game_stats.json.gz,Semifinal
2024,post,2024_ev44,playoffs-semifinal-1-2024-9-8,playoffs-semifinal-1-2024-9-8,43,13,2024-09-07,ATL,Atlas,WHP,Whipsnakes,ATL,Atlas,WHP,Whipsnakes,1,003076,Connor,Shellenberger,Connor Shellenberger,connor shellenberger,connor-shellenberger,https://img.premierlacrosseleague.com/Players/2026/connor-shellenberger.webp?v=4,A,Attack,1,1,2.0,1.0,1.0,0.0,1.0,1.0,9.0,0.1111111111111111,7,0.7777777777777778,0.0,0.0,0.0,0.0,0.0,0.0,0.0,0.0,0.0,0.0,2.0,1.0,0.0,0,0,0,0.0,0.0,0.0,0.0,0.0,,6.0,39.0,29.0,/home/runner/work/PLL_Analytics/PLL_Analytics/data/source_data/api_responses/season_2024/game_playoffs-semifinal-1-2024-9-8/player_game_stats.json.gz,Semifinal
2024,post,2024_ev44,playoffs-semifinal-1-2024-9-8,playoffs-semifinal-1-2024-9-8,43,13,2024-09-07,ATL,Atlas,WHP,Whipsnakes,ATL,Atlas,WHP,Whipsnakes,1,001819,Danny,Logan,Danny Logan,danny logan,danny-logan,https://img.premierlacrosseleague.com/Players/2026/danny-logan.webp?v=4,SSDM,Defensive Midfield,91,1,1.0,0.0,0.0,0.0,0.0,1.0,0.0,0.0,0,,0.0,0.0,0.0,0.0,0.0,0.0,0.0,0.0,0.0,0.0,0.0,0.0,0.0,1,1,2,0.5,0.0,0.0,0.0,0.0,1 - 2,1.0,10.0,10.0,/home/runner/work/PLL_Analytics/PLL_Analytics/data/source_data/api_responses/season_2024/game_playoffs-semifinal-1-2024-9-8/player_game_stats.json.gz,Semifinal
2024,post,2024_ev44,playoffs-semifinal-1-2024-9-8,playoffs-semifinal-1-2024-9-8,43,13,2024-09-07,ATL,Atlas,WHP,Whipsnakes,ATL,Atlas,WHP,Whipsnakes,1,001816,Dox,Aitken,Dox Aitken,dox aitken,dox-aitken,https://img.premierlacrosseleague.com/Players/2026/dox-aitken.webp?v=4,M,Midfield,6,1,2.0,1.0,1.0,0.0,1.0,1.0,8.0,0.125,3,0.375,2.0,0.0,0.0,0.0,0.0,0.0,0.0,0.0,0.0,0.0,1.0,1.0,0.0,0,0,0,0.0,0.0,0.0,0.0,0.0,,3.0,41.0,32.0,/home/runner/work/PLL_Analytics/PLL_Analytics/data/source_data/api_responses/season_2024/game_playoffs-semifinal-1-2024-9-8/player_game_stats.json.gz,Semifinal
2024,post,2024_ev44,playoffs-semifinal-1-2024-9-8,playoffs-semifinal-1-2024-9-8,43,13,2024-09-07,ATL,Atlas,WHP,Whipsnakes,ATL,Atlas,WHP,Whipsnakes,1,003008,Gavin,Adler,Gavin Adler,gavin adler,gavin-adler,https://img.premierlacrosseleague.com/Players/2026/gavin-adler.webp,D,Defense,77,1,1.0,0.0,0.0,0.0,0.0,1.0,0.0,0.0,0,,0.0,0.0,0.0,0.0,0.0,0.0,0.0,0.0,0.0,0.0,1.0,0.0,0.0,0,0,0,0.0,0.0,0.0,0.0,0.0,,1.0,10.0,10.0,/home/runner/work/PLL_Analytics/PLL_Analytics/data/source_data/api_responses/season_2024/game_playoffs-semifinal-1-2024-9-8/player_game_stats.json.gz,Semifinal
2024,post,2024_ev44,playoffs-semifinal-1-2024-9-8,playoffs-semifinal-1-2024-9-8,43,13,2024-09-07,ATL,Atlas,WHP,Whipsnakes,ATL,Atlas,WHP,Whipsnakes,1,003084,Jake,Stevens,Jake Stevens,jake stevens,jake-stevens,https://img.premierlacrosseleague.com/Players/2026/jake-stevens.webp,M,Midfield,14,1,0.0,0.0,0.0,0.0,0.0,0.0,2.0,0.0,1,0.5,0.0,0.0,0.0,0.0,0.0,0.0,0.0,0.0,0.0,0.0,1.0,1.0,0.0,0,0,0,0.0,0.0,0.0,0.0,0.0,,0.0,11.0,8.0,/home/runner/work/PLL_Analytics/PLL_Analytics/data/source_data/api_responses/season_2024/game_playoffs-semifinal-1-2024-9-8/player_game_stats.json.gz,Semifinal
2024,post,2024_ev44,playoffs-semifinal-1-2024-9-8,playoffs-semifinal-1-2024-9-8,43,13,2024-09-07,ATL,Atlas,WHP,Whipsnakes,ATL,Atlas,WHP,Whipsnakes,1,001809,Jeff,Teat,Jeff Teat,jeff teat,jeff-teat,https://img.premierlacrosseleague.com/Players/2025/jeff-teat.png?v=3,A,Attack,7,1,2.0,2.0,2.0,0.0,2.0,0.0,8.0,0.25,5,0.625,0.0,0.0,0.0,0.0,0.0,0.0,0.0,0.0,0.0,0.0,1.0,3.0,1.0,0,0,0,0.0,0.0,0.0,0.0,0.0,,10.0,38.0,27.0,/home/runner/work/PLL_Analytics/PLL_Analytics/data/source_data/api_responses/season_2024/game_playoffs-semifinal-1-2024-9-8/player_game_stats.json.gz,Semifinal
2024,post,2024_ev44,playoffs-semifinal-1-2024-9-8,playoffs-semifinal-1-2024-9-8,43,13,2024-09-07,ATL,Atlas,WHP,Whipsnakes,ATL,Atlas,WHP,Whipsnakes,1,002019,Koby,Smith,Koby Smith,koby smith,koby-smith,https://img.premierlacrosseleague.com/Players/2025/koby-smith.png?v=4,LSM,Long Stick Midfield,0,1,0.0,0.0,0.0,0.0,0.0,0.0,1.0,0.0,0,0.0,1.0,0.0,0.0,0.0,0.0,0.0,0.0,0.0,0.0,0.0,3.0,1.0,0.0,0,0,0,0.0,0.0,0.0,0.0,0.0,,0.0,6.0,4.0,/home/runner/work/PLL_Analytics/PLL_Analytics/data/source_data/api_responses/season_2024/game_playoffs-semifinal-1-2024-9-8/player_game_stats.json.gz,Semifinal
2024,post,2024_ev44,playoffs-semifinal-1-2024-9-8,playoffs-semifinal-1-2024-9-8,43,13,2024-09-07,ATL,Atlas,WHP,Whipsnakes,ATL,Atlas,WHP,Whipsnakes,1,003079,Liam,Entenmann,Liam Entenmann,liam entenmann,liam-entenmann,https://img.premierlacrosseleague.com/Players/2026/liam-entenmann.webp?v=5,G,Goalie,44,1,0.0,0.0,0.0,0.0,0.0,0.0,0.0,0.0,0,,0.0,9.0,3.0,6.0,0.42857,0.3333333333333333,10.45372,0.0,12.0,10.453720508166969,4.0,0.0,0.0,0,0,0,0.0,12.0,0.0,0.0,0.0,,0.0,23.0,23.0,/home/runner/work/PLL_Analytics/PLL_Analytics/data/source_data/api_responses/season_2024/game_playoffs-semifinal-1-2024-9-8/player_game_stats.json.gz,Semifinal
2024,post,2024_ev44,playoffs-semifinal-1-2024-9-8,playoffs-semifinal-1-2024-9-8,43,13,2024-09-07,ATL,Atlas,WHP,Whipsnakes,ATL,Atlas,WHP,Whipsnakes,1,001397,Michael,Rexrode,Michael Rexrode,michael rexrode,michael-rexrode,https://img.premierlacrosseleague.com/Players/2026/michael-rexrode.webp,D,Defense,22,1,0.0,0.0,0.0,0.0,0.0,0.0,0.0,0.0,0,,0.0,0.0,0.0,0.0,0.0,0.0,0.0,0.0,0.0,0.0,3.0,0.0,2.0,0,0,0,0.0,0.0,0.0,0.0,0.0,,0.0,7.0,7.0,/home/runner/work/PLL_Analytics/PLL_Analytics/data/source_data/api_responses/season_2024/game_playoffs-semifinal-1-2024-9-8/player_game_stats.json.gz,Semifinal
2024,post,2024_ev44,playoffs-semifinal-1-2024-9-8,playoffs-semifinal-1-2024-9-8,43,13,2024-09-07,ATL,Atlas,WHP,Whipsnakes,ATL,Atlas,WHP,Whipsnakes,1,000278,Myles,Jones,Myles Jones,myles jones,myles-jones,https://img.premierlacrosseleague.com/Players/2026/myles-jones.webp,M,Midfield,8,1,1.0,1.0,1.0,0.0,1.0,0.0,3.0,0.3333333333333333,2,0.6666666666666666,0.0,0.0,0.0,0.0,0.0,0.0,0.0,0.0,0.0,0.0,0.0,0.0,0.0,0,0,0,0.0,0.0,0.0,0.0,0.0,,3.0,12.0,9.0,/home/runner/work/PLL_Analytics/PLL_Analytics/data/source_data/api_responses/season_2024/game_playoffs-semifinal-1-2024-9-8/player_game_stats.json.gz,Semifinal
2024,post,2024_ev44,playoffs-semifinal-1-2024-9-8,playoffs-semifinal-1-2024-9-8,43,13,2024-09-07,ATL,Atlas,WHP,Whipsnakes,ATL,Atlas,WHP,Whipsnakes,1,003115,Payton,Cormier,Payton Cormier,payton cormier,payton-cormier,https://img.premierlacrosseleague.com/Players/2025/payton-cormier.png?v=3,A,Attack,24,1,0.0,0.0,0.0,0.0,0.0,0.0,3.0,0.0,1,0.3333333333333333,0.0,0.0,0.0,0.0,0.0,0.0,0.0,0.0,0.0,0.0,0.0,1.0,0.0,0,0,0,0.0,0.0,0.0,0.0,0.0,,1.0,16.0,12.0,/home/runner/work/PLL_Analytics/PLL_Analytics/data/source_data/api_responses/season_2024/game_playoffs-semifinal-1-2024-9-8/player_game_stats.json.gz,Semifinal
2024,post,2024_ev44,playoffs-semifinal-1-2024-9-8,playoffs-semifinal-1-2024-9-8,43,13,2024-09-07,ATL,Atlas,WHP,Whipsnakes,ATL,Atlas,WHP,Whipsnakes,1,003011,Payton,Rezanka,Payton Rezanka,payton rezanka,payton-rezanka,https://img.premierlacrosseleague.com/Players/2026/payton-rezanka.webp,SSDM,Defensive Midfield,34,1,0.0,0.0,0.0,0.0,0.0,0.0,0.0,0.0,0,,0.0,0.0,0.0,0.0,0.0,0.0,0.0,0.0,0.0,0.0,1.0,0.0,0.0,0,0,0,0.0,0.0,0.0,0.0,0.0,,0.0,4.0,4.0,/home/runner/work/PLL_Analytics/PLL_Analytics/data/source_data/api_responses/season_2024/game_playoffs-semifinal-1-2024-9-8/player_game_stats.json.gz,Semifinal
2024,post,2024_ev44,playoffs-semifinal-1-2024-9-8,playoffs-semifinal-1-2024-9-8,43,13,2024-09-07,ATL,Atlas,WHP,Whipsnakes,ATL,Atlas,WHP,Whipsnakes,1,000370,Tim,Troutner,Tim Troutner,tim troutner,tim-troutner,https://img.premierlacrosseleague.com/Players/2026/tim-troutner.webp?v=3,G,Goalie,42,1,0.0,0.0,0.0,0.0,0.0,0.0,0.0,0.0,0,,0.0,0.0,0.0,0.0,0.0,0.0,0.0,0.0,0.0,0.0,0.0,0.0,0.0,0,0,0,0.0,0.0,0.0,0.0,0.0,,0.0,1.0,1.0,/home/runner/work/PLL_Analytics/PLL_Analytics/data/source_data/api_responses/season_2024/game_playoffs-semifinal-1-2024-9-8/player_game_stats.json.gz,Semifinal
2024,post,2024_ev44,playoffs-semifinal-1-2024-9-8,playoffs-semifinal-1-2024-9-8,43,13,2024-09-07,ATL,Atlas,WHP,Whipsnakes,ATL,Atlas,WHP,Whipsnakes,1,000254,Trevor,Baptiste,Trevor Baptiste,trevor baptiste,trevor-baptiste,https://img.premierlacrosseleague.com/Players/2026/trevor-baptiste.webp?v=4,FO,Faceoff,9,1,3.0,3.0,1.0,1.0,2.0,0.0,2.0,1.0,2,1.0,1.0,0.0,0.0,0.0,0.0,0.0,0.0,0.0,0.0,0.0,9.0,1.0,1.0,11,11,23,0.4782608695652174,0.0,0.0,0.0,0.0,11 - 23,1.0,9.0,6.0,/home/runner/work/PLL_Analytics/PLL_Analytics/data/source_data/api_responses/season_2024/game_playoffs-semifinal-1-2024-9-8/player_game_stats.json.gz,Semifinal
2024,post,2024_ev44,playoffs-semifinal-1-2024-9-8,playoffs-semifinal-1-2024-9-8,43,13,2024-09-07,ATL,Atlas,WHP,Whipsnakes,ATL,Atlas,WHP,Whipsnakes,1,003099,Tyler,Carpenter,Tyler Carpenter,tyler carpenter,tyler-carpenter,https://img.premierlacrosseleague.com/Players/2026/tyler-carpenter.webp,LSM,Long Stick Midfield,5,1,0.0,0.0,0.0,0.0,0.0,0.0,0.0,0.0,0,,0.0,0.0,0.0,0.0,0.0,0.0,0.0,0.0,0.0,0.0,1.0,0.0,1.0,0,0,0,0.0,0.0,0.0,0.0,0.0,,0.0,6.0,6.0,/home/runner/work/PLL_Analytics/PLL_Analytics/data/source_data/api_responses/season_2024/game_playoffs-semifinal-1-2024-9-8/player_game_stats.json.gz,Semifinal
2024,post,2024_ev44,playoffs-semifinal-1-2024-9-8,playoffs-semifinal-1-2024-9-8,43,13,2024-09-07,ATL,Atlas,WHP,Whipsnakes,ATL,Atlas,WHP,Whipsnakes,1,003010,Xander,Dickson,Xander Dickson,xander dickson,xander-dickson,https://img.premierlacrosseleague.com/Players/2026/xander-dickson.webp,A,Attack,10,1,0.0,0.0,0.0,0.0,0.0,0.0,4.0,0.0,1,0.25,0.0,0.0,0.0,0.0,0.0,0.0,0.0,0.0,0.0,0.0,2.0,1.0,1.0,0,0,0,0.0,0.0,0.0,0.0,0.0,,0.0,14.0,9.0,/home/runner/work/PLL_Analytics/PLL_Analytics/data/source_data/api_responses/season_2024/game_playoffs-semifinal-1-2024-9-8/player_game_stats.json.gz,Semifinal
2024,post,2024_ev44,playoffs-semifinal-1-2024-9-8,playoffs-semifinal-1-2024-9-8,43,13,2024-09-07,WHP,Whipsnakes,ATL,Atlas,WHP,Whipsnakes,ATL,Atlas,0,003100,Adam,Poitras,Adam Poitras,adam poitras,adam-poitras,https://img.premierlacrosseleague.com/Players/2026/adam-poitras.webp?v=4,M,Midfield,51,1,0.0,0.0,0.0,0.0,0.0,0.0,6.0,0.0,1,0.16666666666666666,1.0,0.0,0.0,0.0,0.0,0.0,0.0,0.0,0.0,0.0,3.0,1.0,0.0,0,0,0,0.0,0.0,0.0,0.0,0.0,,2.0,26.0,19.0,/home/runner/work/PLL_Analytics/PLL_Analytics/data/source_data/api_responses/season_2024/game_playoffs-semifinal-1-2024-9-8/player_game_stats.json.gz,Semifinal
2024,post,2024_ev44,playoffs-semifinal-1-2024-9-8,playoffs-semifinal-1-2024-9-8,43,13,2024-09-07,WHP,Whipsnakes,ATL,Atlas,WHP,Whipsnakes,ATL,Atlas,0,003077,Ajax,Zappitello,Ajax Zappitello,ajax zappitello,ajax-zappitello,https://img.premierlacrosseleague.com/Players/2026/ajax-zappitello.webp?v=4,D,Defense,5,1,0.0,0.0,0.0,0.0,0.0,0.0,0.0,0.0,0,,0.0,0.0,0.0,0.0,0.0,0.0,0.0,0.0,0.0,0.0,3.0,0.0,2.0,0,0,0,0.0,0.0,0.0,0.0,0.0,,0.0,9.0,9.0,/home/runner/work/PLL_Analytics/PLL_Analytics/data/source_data/api_responses/season_2024/game_playoffs-semifinal-1-2024-9-8/player_game_stats.json.gz,Semifinal
2024,post,2024_ev44,playoffs-semifinal-1-2024-9-8,playoffs-semifinal-1-2024-9-8,43,13,2024-09-07,WHP,Whipsnakes,ATL,Atlas,WHP,Whipsnakes,ATL,Atlas,0,003028,Alex,Mazzone,Alex Mazzone,alex mazzone,alex-mazzone,https://img.premierlacrosseleague.com/Players/2025/alex-mazzone.png?v=4,LSM,Long Stick Midfield,6,1,0.0,0.0,0.0,0.0,0.0,0.0,0.0,0.0,0,,0.0,0.0,0.0,0.0,0.0,0.0,0.0,0.0,0.0,0.0,0.0,0.0,0.0,0,0,0,0.0,0.0,0.0,0.0,0.0,,0.0,1.0,1.0,/home/runner/work/PLL_Analytics/PLL_Analytics/data/source_data/api_responses/season_2024/game_playoffs-semifinal-1-2024-9-8/player_game_stats.json.gz,Semifinal
2024,post,2024_ev44,playoffs-semifinal-1-2024-9-8,playoffs-semifinal-1-2024-9-8,43,13,2024-09-07,WHP,Whipsnakes,ATL,Atlas,WHP,Whipsnakes,ATL,Atlas,0,002059,Brendan,Krebs,Brendan Krebs,brendan krebs,brendan-krebs,https://img.premierlacrosseleague.com/Players/2025/brendan-krebs.png?v=4,G,Goalie,0,1,0.0,0.0,0.0,0.0,0.0,0.0,0.0,0.0,0,,0.0,17.0,5.0,12.0,0.65385,0.29411764705882354,7.84029,1.74229,11.0,9.582577132486389,6.0,0.0,0.0,0,0,0,0.0,9.0,2.0,0.0,0.0,,1.0,26.0,26.0,/home/runner/work/PLL_Analytics/PLL_Analytics/data/source_data/api_responses/season_2024/game_playoffs-semifinal-1-2024-9-8/player_game_stats.json.gz,Semifinal
2024,post,2024_ev44,playoffs-semifinal-1-2024-9-8,playoffs-semifinal-1-2024-9-8,43,13,2024-09-07,WHP,Whipsnakes,ATL,Atlas,WHP,Whipsnakes,ATL,Atlas,0,001009,Colin,Heacock,Colin Heacock,colin heacock,colin-heacock,https://img.premierlacrosseleague.com/Players/2026/colin-heacock.webp,M,Midfield,10,1,3.0,3.0,3.0,0.0,3.0,0.0,4.0,0.75,3,0.75,0.0,0.0,0.0,0.0,0.0,0.0,0.0,0.0,0.0,0.0,0.0,1.0,0.0,0,0,0,0.0,0.0,0.0,0.0,0.0,,0.0,15.0,10.0,/home/runner/work/PLL_Analytics/PLL_Analytics/data/source_data/api_responses/season_2024/game_playoffs-semifinal-1-2024-9-8/player_game_stats.json.gz,Semifinal
2024,post,2024_ev44,playoffs-semifinal-1-2024-9-8,playoffs-semifinal-1-2024-9-8,43,13,2024-09-07,WHP,Whipsnakes,ATL,Atlas,WHP,Whipsnakes,ATL,Atlas,0,001831,Colin,Squires,Colin Squires,colin squires,colin-squires,https://img.premierlacrosseleague.com/Players/2025/colin-squires.png?v=4,LSM,Long Stick Midfield,39,1,0.0,0.0,0.0,0.0,0.0,0.0,0.0,0.0,0,,0.0,0.0,0.0,0.0,0.0,0.0,0.0,0.0,0.0,0.0,5.0,1.0,0.0,0,0,0,0.0,0.0,0.0,0.0,0.0,,1.0,7.0,6.0,/home/runner/work/PLL_Analytics/PLL_Analytics/data/source_data/api_responses/season_2024/game_playoffs-semifinal-1-2024-9-8/player_game_stats.json.gz,Semifinal
2024,post,2024_ev44,playoffs-semifinal-1-2024-9-8,playoffs-semifinal-1-2024-9-8,43,13,2024-09-07,WHP,Whipsnakes,ATL,Atlas,WHP,Whipsnakes,ATL,Atlas,0,000345,Jake,Bernhardt,Jake Bernhardt,jake bernhardt,jake-bernhardt,https://img.premierlacrosseleague.com/Players/2026/jake-bernhardt.webp?v=4,SSDM,Defensive Midfield,83,1,0.0,0.0,0.0,0.0,0.0,0.0,2.0,0.0,1,0.5,0.0,0.0,0.0,0.0,0.0,0.0,0.0,0.0,0.0,0.0,1.0,0.0,1.0,1,0,1,1.0,0.0,0.0,0.0,0.0,1 - 1,0.0,8.0,6.0,/home/runner/work/PLL_Analytics/PLL_Analytics/data/source_data/api_responses/season_2024/game_playoffs-semifinal-1-2024-9-8/player_game_stats.json.gz,Semifinal
2024,post,2024_ev44,playoffs-semifinal-1-2024-9-8,playoffs-semifinal-1-2024-9-8,43,13,2024-09-07,WHP,Whipsnakes,ATL,Atlas,WHP,Whipsnakes,ATL,Atlas,0,000350,Joseph,Nardella,Joseph Nardella,joseph nardella,joseph-nardella,https://img.premierlacrosseleague.com/Players/2025/joseph-nardella.png?v=3,FO,Faceoff,91,1,0.0,0.0,0.0,0.0,0.0,0.0,1.0,0.0,0,0.0,0.0,0.0,0.0,0.0,0.0,0.0,0.0,0.0,0.0,0.0,5.0,1.0,0.0,11,12,24,0.4583333333333333,0.0,0.0,0.0,0.0,11 - 24,0.0,7.0,5.0,/home/runner/work/PLL_Analytics/PLL_Analytics/data/source_data/api_responses/season_2024/game_playoffs-semifinal-1-2024-9-8/player_game_stats.json.gz,Semifinal
2024,post,2024_ev44,playoffs-semifinal-1-2024-9-8,playoffs-semifinal-1-2024-9-8,43,13,2024-09-07,WHP,Whipsnakes,ATL,Atlas,WHP,Whipsnakes,ATL,Atlas,0,003094,Levi,Anderson,Levi Anderson,levi anderson,levi-anderson,https://img.premierlacrosseleague.com/Players/2026/levi-anderson.webp?v=8,M,Midfield,24,1,3.0,3.0,3.0,0.0,3.0,0.0,7.0,0.42857142857142855,4,0.5714285714285714,1.0,0.0,0.0,0.0,0.0,0.0,0.0,0.0,0.0,0.0,0.0,1.0,0.0,0,0,0,0.0,0.0,0.0,0.0,0.0,,0.0,11.0,3.0,/home/runner/work/PLL_Analytics/PLL_Analytics/data/source_data/api_responses/season_2024/game_playoffs-semifinal-1-2024-9-8/player_game_stats.json.gz,Semifinal
2024,post,2024_ev44,playoffs-semifinal-1-2024-9-8,playoffs-semifinal-1-2024-9-8,43,13,2024-09-07,WHP,Whipsnakes,ATL,Atlas,WHP,Whipsnakes,ATL,Atlas,0,000354,Matt,Rambo,Matt Rambo,matt rambo,matt-rambo,https://img.premierlacrosseleague.com/Players/2026/matt-rambo.webp?v=2,A,Attack,9,1,2.0,2.0,2.0,0.0,2.0,0.0,9.0,0.2222222222222222,3,0.3333333333333333,0.0,0.0,0.0,0.0,0.0,0.0,0.0,0.0,0.0,0.0,0.0,0.0,0.0,0,0,0,0.0,0.0,0.0,1.0,1.0,,0.0,13.0,4.0,/home/runner/work/PLL_Analytics/PLL_Analytics/data/source_data/api_responses/season_2024/game_playoffs-semifinal-1-2024-9-8/player_game_stats.json.gz,Semifinal
2024,post,2024_ev44,playoffs-semifinal-1-2024-9-8,playoffs-semifinal-1-2024-9-8,43,13,2024-09-07,WHP,Whipsnakes,ATL,Atlas,WHP,Whipsnakes,ATL,Atlas,0,000355,Matthew,Dunn,Matthew Dunn,matthew dunn,matthew-dunn,https://img.premierlacrosseleague.com/Players/2026/matthew-dunn.webp?v=4,D,Defense,33,1,0.0,0.0,0.0,0.0,0.0,0.0,1.0,0.0,1,1.0,1.0,0.0,0.0,0.0,0.0,0.0,0.0,0.0,0.0,0.0,0.0,1.0,0.0,0,0,0,0.0,0.0,0.0,0.0,0.0,,1.0,16.0,14.0,/home/runner/work/PLL_Analytics/PLL_Analytics/data/source_data/api_responses/season_2024/game_playoffs-semifinal-1-2024-9-8/player_game_stats.json.gz,Semifinal
2024,post,2024_ev44,playoffs-semifinal-1-2024-9-8,playoffs-semifinal-1-2024-9-8,43,13,2024-09-07,WHP,Whipsnakes,ATL,Atlas,WHP,Whipsnakes,ATL,Atlas,0,000357,Mike,Chanenchuk,Mike Chanenchuk,mike chanenchuk,mike-chanenchuk,https://img.premierlacrosseleague.com/Players/2024/mike-chanenchuk?v=2,M,Midfield,1,1,0.0,0.0,0.0,0.0,0.0,0.0,3.0,0.0,1,0.3333333333333333,1.0,0.0,0.0,0.0,0.0,0.0,0.0,0.0,0.0,0.0,0.0,2.0,0.0,0,0,0,0.0,0.0,0.0,0.0,0.0,,0.0,21.0,16.0,/home/runner/work/PLL_Analytics/PLL_Analytics/data/source_data/api_responses/season_2024/game_playoffs-semifinal-1-2024-9-8/player_game_stats.json.gz,Semifinal
2024,post,2024_ev44,playoffs-semifinal-1-2024-9-8,playoffs-semifinal-1-2024-9-8,43,13,2024-09-07,WHP,Whipsnakes,ATL,Atlas,WHP,Whipsnakes,ATL,Atlas,0,002021,Roman,Puglise,Roman Puglise,roman puglise,roman-puglise,https://img.premierlacrosseleague.com/Players/2025/roman-puglise.png?v=4,SSDM,Defensive Midfield,8,1,0.0,0.0,0.0,0.0,0.0,0.0,0.0,0.0,0,,0.0,0.0,0.0,0.0,0.0,0.0,0.0,0.0,0.0,0.0,1.0,0.0,0.0,0,0,0,0.0,0.0,0.0,0.0,0.0,,0.0,7.0,7.0,/home/runner/work/PLL_Analytics/PLL_Analytics/data/source_data/api_responses/season_2024/game_playoffs-semifinal-1-2024-9-8/player_game_stats.json.gz,Semifinal
2024,post,2024_ev44,playoffs-semifinal-1-2024-9-8,playoffs-semifinal-1-2024-9-8,43,13,2024-09-07,WHP,Whipsnakes,ATL,Atlas,WHP,Whipsnakes,ATL,Atlas,0,000363,Ryan,Conrad,Ryan Conrad,ryan conrad,ryan-conrad,https://img.premierlacrosseleague.com/Players/2025/ryan-conrad?v=4,M,Midfield,23,1,2.0,1.0,1.0,0.0,1.0,1.0,4.0,0.25,3,0.75,0.0,0.0,0.0,0.0,0.0,0.0,0.0,0.0,0.0,0.0,3.0,2.0,0.0,0,0,0,0.0,0.0,0.0,0.0,0.0,,6.0,24.0,18.0,/home/runner/work/PLL_Analytics/PLL_Analytics/data/source_data/api_responses/season_2024/game_playoffs-semifinal-1-2024-9-8/player_game_stats.json.gz,Semifinal
2024,post,2024_ev44,playoffs-semifinal-1-2024-9-8,playoffs-semifinal-1-2024-9-8,43,13,2024-09-07,WHP,Whipsnakes,ATL,Atlas,WHP,Whipsnakes,ATL,Atlas,0,003048,TJ,Malone,TJ Malone,tj malone,tj-malone,https://img.premierlacrosseleague.com/Players/2026/tj-malone.webp?v=6,A,Attack,7,1,4.0,3.0,3.0,0.0,3.0,1.0,5.0,0.6,5,1.0,0.0,0.0,0.0,0.0,0.0,0.0,0.0,0.0,0.0,0.0,4.0,4.0,1.0,0,0,0,0.0,0.0,0.0,0.0,0.0,,2.0,20.0,11.0,/home/runner/work/PLL_Analytics/PLL_Analytics/data/source_data/api_responses/season_2024/game_playoffs-semifinal-1-2024-9-8/player_game_stats.json.gz,Semifinal
2024,post,2024_ev44,playoffs-semifinal-1-2024-9-8,playoffs-semifinal-1-2024-9-8,43,13,2024-09-07,WHP,Whipsnakes,ATL,Atlas,WHP,Whipsnakes,ATL,Atlas,0,000359,Tim,Muller,Tim Muller,tim muller,tim-muller,https://img.premierlacrosseleague.com/Players/2026/tim-muller.webp,D,Defense,14,1,0.0,0.0,0.0,0.0,0.0,0.0,0.0,0.0,0,,0.0,0.0,0.0,0.0,0.0,0.0,0.0,0.0,0.0,0.0,0.0,0.0,0.0,0,0,0,0.0,0.0,0.0,1.0,0.5,,0.0,6.0,6.0,/home/runner/work/PLL_Analytics/PLL_Analytics/data/source_data/api_responses/season_2024/game_playoffs-semifinal-1-2024-9-8/player_game_stats.json.gz,Semifinal
2024,post,2024_ev44,playoffs-semifinal-1-2024-9-8,playoffs-semifinal-1-2024-9-8,43,13,2024-09-07,WHP,Whipsnakes,ATL,Atlas,WHP,Whipsnakes,ATL,Atlas,0,002029,Wheaton,Jackoboice,Wheaton Jackoboice,wheaton jackoboice,wheaton-jackoboice,https://img.premierlacrosseleague.com/Players/2025/wheaton-jackoboice?v=3,SSDM,Defensive Midfield,55,1,0.0,0.0,0.0,0.0,0.0,0.0,0.0,0.0,0,,0.0,0.0,0.0,0.0,0.0,0.0,0.0,0.0,0.0,0.0,1.0,0.0,0.0,0,0,0,0.0,0.0,0.0,1.0,0.5,,0.0,2.0,2.0,/home/runner/work/PLL_Analytics/PLL_Analytics/data/source_data/api_responses/season_2024/game_playoffs-semifinal-1-2024-9-8/player_game_stats.json.gz,Semifinal
2024,post,2024_ev44,playoffs-semifinal-1-2024-9-8,playoffs-semifinal-1-2024-9-8,43,13,2024-09-07,WHP,Whipsnakes,ATL,Atlas,WHP,Whipsnakes,ATL,Atlas,0,000419,Zed,Williams,Zed Williams,zed williams,zed-williams,https://img.premierlacrosseleague.com/Players/2026/zed-williams.webp,A,Attack,36,1,0.0,0.0,0.0,0.0,0.0,0.0,4.0,0.0,3,0.75,1.0,0.0,0.0,0.0,0.0,0.0,0.0,0.0,0.0,0.0,2.0,2.0,1.0,0,0,0,0.0,0.0,0.0,0.0,0.0,,1.0,13.0,7.0,/home/runner/work/PLL_Analytics/PLL_Analytics/data/source_data/api_responses/season_2024/game_playoffs-semifinal-1-2024-9-8/player_game_stats.json.gz,Semifinal
2024,post,2024_ev45,playoffs-semifinal-2-2024-9-8,playoffs-semifinal-2-2024-9-8,44,13,2024-09-07,ARC,Archers,CHA,Chaos,ARC,Archers,CHA,Chaos,1,003087,Beau,Pederson,Beau Pederson,beau pederson,beau-pederson,https://img.premierlacrosseleague.com/Players/2026/beau-pederson.webp,SSDM,Defensive Midfield,89,1,0.0,0.0,0.0,0.0,0.0,0.0,0.0,0.0,0,,0.0,0.0,0.0,0.0,0.0,0.0,0.0,0.0,0.0,0.0,1.0,1.0,0.0,0,1,1,0.0,0.0,0.0,1.0,0.5,0 - 1,0.0,6.0,5.0,/home/runner/work/PLL_Analytics/PLL_Analytics/data/source_data/api_responses/season_2024/game_playoffs-semifinal-2-2024-9-8/player_game_stats.json.gz,Semifinal
2024,post,2024_ev45,playoffs-semifinal-2-2024-9-8,playoffs-semifinal-2-2024-9-8,44,13,2024-09-07,ARC,Archers,CHA,Chaos,ARC,Archers,CHA,Chaos,1,002026,Brett,Dobson,Brett Dobson,brett dobson,brett-dobson,https://img.premierlacrosseleague.com/Players/2026/brett-dobson.webp?v=4,G,Goalie,45,1,0.0,0.0,0.0,0.0,0.0,0.0,0.0,0.0,0,,0.0,18.0,8.0,10.0,0.94737,0.4444444444444444,1.0,0.0,1.0,1.0,3.0,0.0,1.0,0,0,0,0.0,1.0,0.0,0.0,0.0,,0.0,19.0,19.0,/home/runner/work/PLL_Analytics/PLL_Analytics/data/source_data/api_responses/season_2024/game_playoffs-semifinal-2-2024-9-8/player_game_stats.json.gz,Semifinal
2024,post,2024_ev45,playoffs-semifinal-2-2024-9-8,playoffs-semifinal-2-2024-9-8,44,13,2024-09-07,ARC,Archers,CHA,Chaos,ARC,Archers,CHA,Chaos,1,003097,Colby,Barsz,Colby Barsz,colby barsz,colby-barsz,https://img.premierlacrosseleague.com/Players/2025/colby-barsz.png?v=3,D,Defense,24,1,0.0,0.0,0.0,0.0,0.0,0.0,1.0,0.0,0,0.0,0.0,0.0,0.0,0.0,0.0,0.0,0.0,0.0,0.0,0.0,0.0,1.0,0.0,0,0,0,0.0,0.0,0.0,0.0,0.0,,0.0,3.0,1.0,/home/runner/work/PLL_Analytics/PLL_Analytics/data/source_data/api_responses/season_2024/game_playoffs-semifinal-2-2024-9-8/player_game_stats.json.gz,Semifinal
2024,post,2024_ev45,playoffs-semifinal-2-2024-9-8,playoffs-semifinal-2-2024-9-8,44,13,2024-09-07,ARC,Archers,CHA,Chaos,ARC,Archers,CHA,Chaos,1,000262,Connor,Fields,Connor Fields,connor fields,connor-fields,https://img.premierlacrosseleague.com/Players/2026/connor-fields.webp?v=4,A,Attack,5,1,0.0,0.0,0.0,0.0,0.0,0.0,6.0,0.0,2,0.3333333333333333,0.0,0.0,0.0,0.0,0.0,0.0,0.0,0.0,0.0,0.0,1.0,0.0,1.0,0,0,0,0.0,0.0,0.0,0.0,0.0,,2.0,26.0,20.0,/home/runner/work/PLL_Analytics/PLL_Analytics/data/source_data/api_responses/season_2024/game_playoffs-semifinal-2-2024-9-8/player_game_stats.json.gz,Semifinal
2024,post,2024_ev45,playoffs-semifinal-2-2024-9-8,playoffs-semifinal-2-2024-9-8,44,13,2024-09-07,ARC,Archers,CHA,Chaos,ARC,Archers,CHA,Chaos,1,003005,Connor,Maher,Connor Maher,connor maher,connor-maher,https://img.premierlacrosseleague.com/Players/2026/connor-maher.webp,SSDM,Defensive Midfield,31,1,0.0,0.0,0.0,0.0,0.0,0.0,0.0,0.0,0,,0.0,0.0,0.0,0.0,0.0,0.0,0.0,0.0,0.0,0.0,1.0,0.0,0.0,0,0,0,0.0,0.0,0.0,0.0,0.0,,0.0,7.0,7.0,/home/runner/work/PLL_Analytics/PLL_Analytics/data/source_data/api_responses/season_2024/game_playoffs-semifinal-2-2024-9-8/player_game_stats.json.gz,Semifinal
2024,post,2024_ev45,playoffs-semifinal-2-2024-9-8,playoffs-semifinal-2-2024-9-8,44,13,2024-09-07,ARC,Archers,CHA,Chaos,ARC,Archers,CHA,Chaos,1,003090,Dyson,Williams,Dyson Williams,dyson williams,dyson-williams,https://img.premierlacrosseleague.com/Players/2026/dyson-williams.webp?v=6,M,Midfield,51,1,2.0,2.0,2.0,0.0,2.0,0.0,3.0,0.6666666666666666,2,0.6666666666666666,0.0,0.0,0.0,0.0,0.0,0.0,0.0,0.0,0.0,0.0,1.0,0.0,0.0,0,0,0,0.0,0.0,0.0,0.0,0.0,,0.0,5.0,2.0,/home/runner/work/PLL_Analytics/PLL_Analytics/data/source_data/api_responses/season_2024/game_playoffs-semifinal-2-2024-9-8/player_game_stats.json.gz,Semifinal
2024,post,2024_ev45,playoffs-semifinal-2-2024-9-8,playoffs-semifinal-2-2024-9-8,44,13,2024-09-07,ARC,Archers,CHA,Chaos,ARC,Archers,CHA,Chaos,1,000922,Graeme,Hossack,Graeme Hossack,graeme hossack,graeme-hossack,https://img.premierlacrosseleague.com/Players/2025/graeme-hossack.png?v=3,D,Defense,81,1,2.0,2.0,0.0,1.0,1.0,0.0,1.0,1.0,1,1.0,1.0,0.0,0.0,0.0,0.0,0.0,0.0,0.0,0.0,0.0,1.0,0.0,1.0,0,0,0,0.0,0.0,0.0,0.0,0.0,,0.0,7.0,6.0,/home/runner/work/PLL_Analytics/PLL_Analytics/data/source_data/api_responses/season_2024/game_playoffs-semifinal-2-2024-9-8/player_game_stats.json.gz,Semifinal
2024,post,2024_ev45,playoffs-semifinal-2-2024-9-8,playoffs-semifinal-2-2024-9-8,44,13,2024-09-07,ARC,Archers,CHA,Chaos,ARC,Archers,CHA,Chaos,1,000391,Grant,Ament,Grant Ament,grant ament,grant-ament,https://img.premierlacrosseleague.com/Players/2026/grant-ament.webp,M,Midfield,16,1,3.0,1.0,1.0,0.0,1.0,2.0,1.0,1.0,1,1.0,0.0,0.0,0.0,0.0,0.0,0.0,0.0,0.0,0.0,0.0,0.0,2.0,0.0,0,0,0,0.0,0.0,0.0,0.0,0.0,,9.0,39.0,36.0,/home/runner/work/PLL_Analytics/PLL_Analytics/data/source_data/api_responses/season_2024/game_playoffs-semifinal-2-2024-9-8/player_game_stats.json.gz,Semifinal
2024,post,2024_ev45,playoffs-semifinal-2-2024-9-8,playoffs-semifinal-2-2024-9-8,44,13,2024-09-07,ARC,Archers,CHA,Chaos,ARC,Archers,CHA,Chaos,1,003120,Jack,VanOverbeke,Jack VanOverbeke,jack vanoverbeke,jack-vanoverbeke,https://img.premierlacrosseleague.com/Players/2026/jack-vanoverbeke.webp?v=2,M,Midfield,8,1,0.0,0.0,0.0,0.0,0.0,0.0,3.0,0.0,1,0.3333333333333333,0.0,0.0,0.0,0.0,0.0,0.0,0.0,0.0,0.0,0.0,0.0,2.0,0.0,0,0,0,0.0,0.0,0.0,0.0,0.0,,0.0,10.0,5.0,/home/runner/work/PLL_Analytics/PLL_Analytics/data/source_data/api_responses/season_2024/game_playoffs-semifinal-2-2024-9-8/player_game_stats.json.gz,Semifinal
2024,post,2024_ev45,playoffs-semifinal-2-2024-9-8,playoffs-semifinal-2-2024-9-8,44,13,2024-09-07,ARC,Archers,CHA,Chaos,ARC,Archers,CHA,Chaos,1,002042,Jon,Robbins,Jon Robbins,jon robbins,jon-robbins,https://img.premierlacrosseleague.com/Players/2026/jon-robbins.webp,LSM,Long Stick Midfield,41,1,1.0,0.0,0.0,0.0,0.0,1.0,0.0,0.0,0,,0.0,0.0,0.0,0.0,0.0,0.0,0.0,0.0,0.0,0.0,1.0,0.0,0.0,0,0,0,0.0,0.0,0.0,1.0,0.5,,1.0,2.0,2.0,/home/runner/work/PLL_Analytics/PLL_Analytics/data/source_data/api_responses/season_2024/game_playoffs-semifinal-2-2024-9-8/player_game_stats.json.gz,Semifinal
2024,post,2024_ev45,playoffs-semifinal-2-2024-9-8,playoffs-semifinal-2-2024-9-8,44,13,2024-09-07,ARC,Archers,CHA,Chaos,ARC,Archers,CHA,Chaos,1,001814,Mac,O'Keefe,Mac O'Keefe,mac okeefe,mac-o-keefe,https://img.premierlacrosseleague.com/Players/2026/mac-okeefe.webp?v=11,A,Attack,7,1,3.0,2.0,2.0,0.0,2.0,1.0,6.0,0.3333333333333333,4,0.6666666666666666,0.0,0.0,0.0,0.0,0.0,0.0,0.0,0.0,0.0,0.0,1.0,2.0,0.0,0,0,0,0.0,0.0,0.0,0.0,0.0,,2.0,30.0,22.0,/home/runner/work/PLL_Analytics/PLL_Analytics/data/source_data/api_responses/season_2024/game_playoffs-semifinal-2-2024-9-8/player_game_stats.json.gz,Semifinal
2024,post,2024_ev45,playoffs-semifinal-2-2024-9-8,playoffs-semifinal-2-2024-9-8,44,13,2024-09-07,ARC,Archers,CHA,Chaos,ARC,Archers,CHA,Chaos,1,003082,Mason,Woodward,Mason Woodward,mason woodward,mason-woodward,https://img.premierlacrosseleague.com/Players/2026/mason-woodward.webp?v=5,D,Defense,77,1,0.0,0.0,0.0,0.0,0.0,0.0,2.0,0.0,1,0.5,2.0,0.0,0.0,0.0,0.0,0.0,0.0,0.0,0.0,0.0,4.0,0.0,3.0,0,0,0,0.0,0.0,0.0,0.0,0.0,,0.0,12.0,10.0,/home/runner/work/PLL_Analytics/PLL_Analytics/data/source_data/api_responses/season_2024/game_playoffs-semifinal-2-2024-9-8/player_game_stats.json.gz,Semifinal
2024,post,2024_ev45,playoffs-semifinal-2-2024-9-8,playoffs-semifinal-2-2024-9-8,44,13,2024-09-07,ARC,Archers,CHA,Chaos,ARC,Archers,CHA,Chaos,1,002018,Matt,Moore,Matt Moore,matt moore,matt-moore,https://img.premierlacrosseleague.com/Players/2025/matt-moore.png?v=4,A,Attack,11,1,2.0,1.0,1.0,0.0,1.0,1.0,7.0,0.14285714285714285,5,0.7142857142857143,1.0,0.0,0.0,0.0,0.0,0.0,0.0,0.0,0.0,0.0,0.0,1.0,0.0,0,0,0,0.0,0.0,0.0,1.0,2.0,,3.0,26.0,18.0,/home/runner/work/PLL_Analytics/PLL_Analytics/data/source_data/api_responses/season_2024/game_playoffs-semifinal-2-2024-9-8/player_game_stats.json.gz,Semifinal
2024,post,2024_ev45,playoffs-semifinal-2-2024-9-8,playoffs-semifinal-2-2024-9-8,44,13,2024-09-07,ARC,Archers,CHA,Chaos,ARC,Archers,CHA,Chaos,1,003004,Mike,Sisselberger,Mike Sisselberger,mike sisselberger,mike-sisselberger,https://img.premierlacrosseleague.com/Players/2026/mike-sisselberger.webp,FO,Faceoff,99,1,0.0,0.0,0.0,0.0,0.0,0.0,0.0,0.0,0,,0.0,0.0,0.0,0.0,0.0,0.0,0.0,0.0,0.0,0.0,2.0,2.0,0.0,6,6,13,0.46153846153846156,0.0,0.0,0.0,0.0,6 - 13,0.0,3.0,1.0,/home/runner/work/PLL_Analytics/PLL_Analytics/data/source_data/api_responses/season_2024/game_playoffs-semifinal-2-2024-9-8/player_game_stats.json.gz,Semifinal
2024,post,2024_ev45,playoffs-semifinal-2-2024-9-8,playoffs-semifinal-2-2024-9-8,44,13,2024-09-07,ARC,Archers,CHA,Chaos,ARC,Archers,CHA,Chaos,1,003006,Piper,Bond,Piper Bond,piper bond,piper-bond,https://img.premierlacrosseleague.com/Players/2026/piper-bond.webp,SSDM,Defensive Midfield,54,1,0.0,0.0,0.0,0.0,0.0,0.0,0.0,0.0,0,,0.0,0.0,0.0,0.0,0.0,0.0,0.0,0.0,0.0,0.0,1.0,1.0,0.0,0,0,0,0.0,0.0,0.0,1.0,0.5,,0.0,11.0,10.0,/home/runner/work/PLL_Analytics/PLL_Analytics/data/source_data/api_responses/season_2024/game_playoffs-semifinal-2-2024-9-8/player_game_stats.json.gz,Semifinal
2024,post,2024_ev45,playoffs-semifinal-2-2024-9-8,playoffs-semifinal-2-2024-9-8,44,13,2024-09-07,ARC,Archers,CHA,Chaos,ARC,Archers,CHA,Chaos,1,000221,Ryan,Ambler,Ryan Ambler,ryan ambler,ryan-ambler,https://img.premierlacrosseleague.com/Players/2026/ryan-ambler.webp,M,Midfield,13,1,1.0,1.0,1.0,0.0,1.0,0.0,1.0,1.0,1,1.0,0.0,0.0,0.0,0.0,0.0,0.0,0.0,0.0,0.0,0.0,2.0,1.0,0.0,0,0,0,0.0,0.0,0.0,0.0,0.0,,0.0,13.0,11.0,/home/runner/work/PLL_Analytics/PLL_Analytics/data/source_data/api_responses/season_2024/game_playoffs-semifinal-2-2024-9-8/player_game_stats.json.gz,Semifinal
2024,post,2024_ev45,playoffs-semifinal-2-2024-9-8,playoffs-semifinal-2-2024-9-8,44,13,2024-09-07,ARC,Archers,CHA,Chaos,ARC,Archers,CHA,Chaos,1,001821,Tre,Leclaire,Tre Leclaire,tre leclaire,tre-leclaire,https://img.premierlacrosseleague.com/Players/2026/tre-leclaire.webp?v=3,M,Midfield,44,1,2.0,1.0,1.0,0.0,1.0,1.0,4.0,0.25,3,0.75,0.0,0.0,0.0,0.0,0.0,0.0,0.0,0.0,0.0,0.0,2.0,1.0,0.0,0,0,0,0.0,0.0,0.0,0.0,0.0,,2.0,30.0,25.0,/home/runner/work/PLL_Analytics/PLL_Analytics/data/source_data/api_responses/season_2024/game_playoffs-semifinal-2-2024-9-8/player_game_stats.json.gz,Semifinal
2024,post,2024_ev45,playoffs-semifinal-2-2024-9-8,playoffs-semifinal-2-2024-9-8,44,13,2024-09-07,ARC,Archers,CHA,Chaos,ARC,Archers,CHA,Chaos,1,001661,Warren,Jeffrey,Warren Jeffrey,warren jeffrey,warren-jeffrey,https://img.premierlacrosseleague.com/Players/2026/warren-jeffrey.webp?v=4,D,Defense,27,1,0.0,0.0,0.0,0.0,0.0,0.0,0.0,0.0,0,,0.0,0.0,0.0,0.0,0.0,0.0,0.0,0.0,0.0,0.0,0.0,0.0,0.0,0,0,0,0.0,0.0,0.0,0.0,0.0,,0.0,4.0,4.0,/home/runner/work/PLL_Analytics/PLL_Analytics/data/source_data/api_responses/season_2024/game_playoffs-semifinal-2-2024-9-8/player_game_stats.json.gz,Semifinal
2024,post,2024_ev45,playoffs-semifinal-2-2024-9-8,playoffs-semifinal-2-2024-9-8,44,13,2024-09-07,CHA,Chaos,ARC,Archers,CHA,Chaos,ARC,Archers,0,000258,Blaze,Riorden,Blaze Riorden,blaze riorden,blaze-riorden,https://img.premierlacrosseleague.com/Players/2026/blaze-riorden.webp?v=4,G,Goalie,0,1,0.0,0.0,0.0,0.0,0.0,0.0,0.0,0.0,0,,0.0,9.0,4.0,5.0,0.5,0.4444444444444444,9.0,1.0,10.0,10.0,3.0,0.0,0.0,0,0,0,0.0,9.0,1.0,0.0,0.0,,0.0,13.0,13.0,/home/runner/work/PLL_Analytics/PLL_Analytics/data/source_data/api_responses/season_2024/game_playoffs-semifinal-2-2024-9-8/player_game_stats.json.gz,Semifinal
2024,post,2024_ev45,playoffs-semifinal-2-2024-9-8,playoffs-semifinal-2-2024-9-8,44,13,2024-09-07,CHA,Chaos,ARC,Archers,CHA,Chaos,ARC,Archers,0,003016,Brian,Minicus,Brian Minicus,brian minicus,brian-minicus,https://img.premierlacrosseleague.com/Players/2024/brian-minicus?v=2,M,Midfield,7,1,0.0,0.0,0.0,0.0,0.0,0.0,3.0,0.0,2,0.6666666666666666,0.0,0.0,0.0,0.0,0.0,0.0,0.0,0.0,0.0,0.0,0.0,0.0,0.0,0,0,0,0.0,0.0,0.0,0.0,0.0,,0.0,13.0,10.0,/home/runner/work/PLL_Analytics/PLL_Analytics/data/source_data/api_responses/season_2024/game_playoffs-semifinal-2-2024-9-8/player_game_stats.json.gz,Semifinal
2024,post,2024_ev45,playoffs-semifinal-2-2024-9-8,playoffs-semifinal-2-2024-9-8,44,13,2024-09-07,CHA,Chaos,ARC,Archers,CHA,Chaos,ARC,Archers,0,000211,Ian,MacKay,Ian MacKay,ian mackay,ian-mackay,https://img.premierlacrosseleague.com/Players/2024/ian-mackay?v=2,SSDM,Defensive Midfield,55,1,0.0,0.0,0.0,0.0,0.0,0.0,3.0,0.0,2,0.6666666666666666,1.0,0.0,0.0,0.0,0.0,0.0,0.0,0.0,0.0,0.0,0.0,2.0,0.0,0,1,1,0.0,0.0,0.0,1.0,1.0,0 - 1,0.0,12.0,7.0,/home/runner/work/PLL_Analytics/PLL_Analytics/data/source_data/api_responses/season_2024/game_playoffs-semifinal-2-2024-9-8/player_game_stats.json.gz,Semifinal
2024,post,2024_ev45,playoffs-semifinal-2-2024-9-8,playoffs-semifinal-2-2024-9-8,44,13,2024-09-07,CHA,Chaos,ARC,Archers,CHA,Chaos,ARC,Archers,0,003128,Jack,Posey,Jack Posey,jack posey,jack-posey,https://img.premierlacrosseleague.com/Players/2026/jack-posey.webp?v=4,D,Defense,43,1,0.0,0.0,0.0,0.0,0.0,0.0,0.0,0.0,0,,0.0,0.0,0.0,0.0,0.0,0.0,0.0,0.0,0.0,0.0,0.0,0.0,0.0,0,0,0,0.0,0.0,0.0,0.0,0.0,,0.0,1.0,1.0,/home/runner/work/PLL_Analytics/PLL_Analytics/data/source_data/api_responses/season_2024/game_playoffs-semifinal-2-2024-9-8/player_game_stats.json.gz,Semifinal
2024,post,2024_ev45,playoffs-semifinal-2-2024-9-8,playoffs-semifinal-2-2024-9-8,44,13,2024-09-07,CHA,Chaos,ARC,Archers,CHA,Chaos,ARC,Archers,0,000365,Jack,Rowlett,Jack Rowlett,jack rowlett,jack-rowlett,https://img.premierlacrosseleague.com/Players/2026/jack-rowlett.webp?v=4,D,Defense,99,1,0.0,0.0,0.0,0.0,0.0,0.0,1.0,0.0,1,1.0,0.0,0.0,0.0,0.0,0.0,0.0,0.0,0.0,0.0,0.0,0.0,0.0,2.0,0,0,0,0.0,0.0,0.0,0.0,0.0,,0.0,6.0,5.0,/home/runner/work/PLL_Analytics/PLL_Analytics/data/source_data/api_responses/season_2024/game_playoffs-semifinal-2-2024-9-8/player_game_stats.json.gz,Semifinal
2024,post,2024_ev45,playoffs-semifinal-2-2024-9-8,playoffs-semifinal-2-2024-9-8,44,13,2024-09-07,CHA,Chaos,ARC,Archers,CHA,Chaos,ARC,Archers,0,000269,Jarrod,Neumann,Jarrod Neumann,jarrod neumann,jarrod-neumann,https://img.premierlacrosseleague.com/Players/2026/jarrod-neumann.webp,D,Defense,88,1,0.0,0.0,0.0,0.0,0.0,0.0,1.0,0.0,0,0.0,1.0,0.0,0.0,0.0,0.0,0.0,0.0,0.0,0.0,0.0,0.0,0.0,1.0,0,0,0,0.0,0.0,0.0,0.0,0.0,,0.0,5.0,4.0,/home/runner/work/PLL_Analytics/PLL_Analytics/data/source_data/api_responses/season_2024/game_playoffs-semifinal-2-2024-9-8/player_game_stats.json.gz,Semifinal
2024,post,2024_ev45,playoffs-semifinal-2-2024-9-8,playoffs-semifinal-2-2024-9-8,44,13,2024-09-07,CHA,Chaos,ARC,Archers,CHA,Chaos,ARC,Archers,0,000272,Josh,Byrne,Josh Byrne,josh byrne,josh-byrne,https://img.premierlacrosseleague.com/Players/2024/josh-byrne?v=2,A,Attack,22,1,0.0,0.0,0.0,0.0,0.0,0.0,5.0,0.0,3,0.6,0.0,0.0,0.0,0.0,0.0,0.0,0.0,0.0,0.0,0.0,1.0,3.0,0.0,0,0,0,0.0,0.0,0.0,1.0,1.0,,5.0,30.0,22.0,/home/runner/work/PLL_Analytics/PLL_Analytics/data/source_data/api_responses/season_2024/game_playoffs-semifinal-2-2024-9-8/player_game_stats.json.gz,Semifinal
2024,post,2024_ev45,playoffs-semifinal-2-2024-9-8,playoffs-semifinal-2-2024-9-8,44,13,2024-09-07,CHA,Chaos,ARC,Archers,CHA,Chaos,ARC,Archers,0,000351,Jules,Heningburg,Jules Heningburg,jules heningburg,jules-heningburg,https://img.premierlacrosseleague.com/Players/2025/jules-heningburg.png?v=3,A,Attack,8,1,0.0,0.0,0.0,0.0,0.0,0.0,4.0,0.0,3,0.75,0.0,0.0,0.0,0.0,0.0,0.0,0.0,0.0,0.0,0.0,0.0,0.0,0.0,0,0,0,0.0,0.0,0.0,0.0,0.0,,1.0,11.0,7.0,/home/runner/work/PLL_Analytics/PLL_Analytics/data/source_data/api_responses/season_2024/game_playoffs-semifinal-2-2024-9-8/player_game_stats.json.gz,Semifinal
2024,post,2024_ev45,playoffs-semifinal-2-2024-9-8,playoffs-semifinal-2-2024-9-8,44,13,2024-09-07,CHA,Chaos,ARC,Archers,CHA,Chaos,ARC,Archers,0,000978,Kyle,Jackson,Kyle Jackson,kyle jackson,kyle-jackson,https://img.premierlacrosseleague.com/Players/2026/kyle-jackson.webp,M,Midfield,1,1,0.0,0.0,0.0,0.0,0.0,0.0,4.0,0.0,2,0.5,0.0,0.0,0.0,0.0,0.0,0.0,0.0,0.0,0.0,0.0,0.0,1.0,0.0,0,0,0,0.0,0.0,0.0,2.0,1.5,,0.0,15.0,10.0,/home/runner/work/PLL_Analytics/PLL_Analytics/data/source_data/api_responses/season_2024/game_playoffs-semifinal-2-2024-9-8/player_game_stats.json.gz,Semifinal
2024,post,2024_ev45,playoffs-semifinal-2-2024-9-8,playoffs-semifinal-2-2024-9-8,44,13,2024-09-07,CHA,Chaos,ARC,Archers,CHA,Chaos,ARC,Archers,0,003018,Nick,Rowlett,Nick Rowlett,nick rowlett,nick-rowlett,https://img.premierlacrosseleague.com/Players/2025/nick-rowlett.png?v=3,FO,Faceoff,73,1,0.0,0.0,0.0,0.0,0.0,0.0,0.0,0.0,0,,0.0,0.0,0.0,0.0,0.0,0.0,0.0,0.0,0.0,0.0,3.0,0.0,0.0,7,5,13,0.5384615384615384,0.0,0.0,0.0,0.0,7 - 13,0.0,3.0,3.0,/home/runner/work/PLL_Analytics/PLL_Analytics/data/source_data/api_responses/season_2024/game_playoffs-semifinal-2-2024-9-8/player_game_stats.json.gz,Semifinal
2024,post,2024_ev45,playoffs-semifinal-2-2024-9-8,playoffs-semifinal-2-2024-9-8,44,13,2024-09-07,CHA,Chaos,ARC,Archers,CHA,Chaos,ARC,Archers,0,000279,Patrick,Resch,Patrick Resch,patrick resch,patrick-resch,https://img.premierlacrosseleague.com/Players/2025/patrick-resch.png?v=3,SSDM,Defensive Midfield,34,1,0.0,0.0,0.0,0.0,0.0,0.0,0.0,0.0,0,,0.0,0.0,0.0,0.0,0.0,0.0,0.0,0.0,0.0,0.0,1.0,0.0,0.0,0,0,0,0.0,0.0,0.0,0.0,0.0,,0.0,10.0,10.0,/home/runner/work/PLL_Analytics/PLL_Analytics/data/source_data/api_responses/season_2024/game_playoffs-semifinal-2-2024-9-8/player_game_stats.json.gz,Semifinal
2024,post,2024_ev45,playoffs-semifinal-2-2024-9-8,playoffs-semifinal-2-2024-9-8,44,13,2024-09-07,CHA,Chaos,ARC,Archers,CHA,Chaos,ARC,Archers,0,003093,Ross,Scott,Ross Scott,ross scott,ross-scott,https://img.premierlacrosseleague.com/Players/2026/ross-scott.webp,A,Attack,15,1,0.0,0.0,0.0,0.0,0.0,0.0,5.0,0.0,1,0.2,0.0,0.0,0.0,0.0,0.0,0.0,0.0,0.0,0.0,0.0,1.0,1.0,0.0,0,0,0,0.0,0.0,0.0,0.0,0.0,,1.0,23.0,17.0,/home/runner/work/PLL_Analytics/PLL_Analytics/data/source_data/api_responses/season_2024/game_playoffs-semifinal-2-2024-9-8/player_game_stats.json.gz,Semifinal
2024,post,2024_ev45,playoffs-semifinal-2-2024-9-8,playoffs-semifinal-2-2024-9-8,44,13,2024-09-07,CHA,Chaos,ARC,Archers,CHA,Chaos,ARC,Archers,0,000333,Sergio,Perkovic,Sergio Perkovic,sergio perkovic,sergio-perkovic,https://img.premierlacrosseleague.com/Players/2026/sergio-perkovic.png,M,Midfield,30,1,0.0,0.0,0.0,0.0,0.0,0.0,2.0,0.0,1,0.5,2.0,0.0,0.0,0.0,0.0,0.0,0.0,0.0,0.0,0.0,0.0,0.0,0.0,0,0,0,0.0,0.0,0.0,0.0,0.0,,1.0,10.0,8.0,/home/runner/work/PLL_Analytics/PLL_Analytics/data/source_data/api_responses/season_2024/game_playoffs-semifinal-2-2024-9-8/player_game_stats.json.gz,Semifinal
2024,post,2024_ev45,playoffs-semifinal-2-2024-9-8,playoffs-semifinal-2-2024-9-8,44,13,2024-09-07,CHA,Chaos,ARC,Archers,CHA,Chaos,ARC,Archers,0,003078,Shane,Knobloch,Shane Knobloch,shane knobloch,shane-knobloch,https://img.premierlacrosseleague.com/Players/2026/shane-knobloch.webp,M,Midfield,27,1,0.0,0.0,0.0,0.0,0.0,0.0,7.0,0.0,4,0.5714285714285714,0.0,0.0,0.0,0.0,0.0,0.0,0.0,0.0,0.0,0.0,2.0,2.0,0.0,0,0,0,0.0,0.0,0.0,0.0,0.0,,0.0,15.0,6.0,/home/runner/work/PLL_Analytics/PLL_Analytics/data/source_data/api_responses/season_2024/game_playoffs-semifinal-2-2024-9-8/player_game_stats.json.gz,Semifinal
2024,post,2024_ev45,playoffs-semifinal-2-2024-9-8,playoffs-semifinal-2-2024-9-8,44,13,2024-09-07,CHA,Chaos,ARC,Archers,CHA,Chaos,ARC,Archers,0,000281,Troy,Reh,Troy Reh,troy reh,troy-reh,https://img.premierlacrosseleague.com/Players/2026/troy-reh.webp?v=4,LSM,Long Stick Midfield,10,1,0.0,0.0,0.0,0.0,0.0,0.0,0.0,0.0,0,,0.0,0.0,0.0,0.0,0.0,0.0,0.0,0.0,0.0,0.0,2.0,0.0,0.0,0,0,0,0.0,0.0,0.0,0.0,0.0,,0.0,9.0,9.0,/home/runner/work/PLL_Analytics/PLL_Analytics/data/source_data/api_responses/season_2024/game_playoffs-semifinal-2-2024-9-8/player_game_stats.json.gz,Semifinal
2024,post,2024_ev45,playoffs-semifinal-2-2024-9-8,playoffs-semifinal-2-2024-9-8,44,13,2024-09-07,CHA,Chaos,ARC,Archers,CHA,Chaos,ARC,Archers,0,003017,Tye,Kurtz,Tye Kurtz,tye kurtz,tye-kurtz,https://img.premierlacrosseleague.com/Players/2026/tye-kurtz.webp,A,Attack,82,1,1.0,0.0,0.0,0.0,0.0,1.0,4.0,0.0,2,0.5,1.0,0.0,0.0,0.0,0.0,0.0,0.0,0.0,0.0,0.0,1.0,0.0,0.0,0,0,0,0.0,0.0,0.0,0.0,0.0,,1.0,23.0,19.0,/home/runner/work/PLL_Analytics/PLL_Analytics/data/source_data/api_responses/season_2024/game_playoffs-semifinal-2-2024-9-8/player_game_stats.json.gz,Semifinal
2024,post,2024_ev45,playoffs-semifinal-2-2024-9-8,playoffs-semifinal-2-2024-9-8,44,13,2024-09-07,CHA,Chaos,ARC,Archers,CHA,Chaos,ARC,Archers,0,003015,Will,Bowen,Will Bowen,will bowen,will-bowen,https://img.premierlacrosseleague.com/Players/2024/will-bowen?v=2,D,Defense,24,1,0.0,0.0,0.0,0.0,0.0,0.0,0.0,0.0,0,,0.0,0.0,0.0,0.0,0.0,0.0,0.0,0.0,0.0,0.0,1.0,0.0,0.0,0,0,0,0.0,0.0,0.0,0.0,0.0,,0.0,6.0,6.0,/home/runner/work/PLL_Analytics/PLL_Analytics/data/source_data/api_responses/season_2024/game_playoffs-semifinal-2-2024-9-8/player_game_stats.json.gz,Semifinal
2024,post,2024_ev45,playoffs-semifinal-2-2024-9-8,playoffs-semifinal-2-2024-9-8,44,13,2024-09-07,CHA,Chaos,ARC,Archers,CHA,Chaos,ARC,Archers,0,002022,Zach,Geddes,Zach Geddes,zach geddes,zach-geddes,https://img.premierlacrosseleague.com/Players/2026/zach-geddes.webp,SSDM,Defensive Midfield,13,1,1.0,1.0,1.0,0.0,1.0,0.0,1.0,1.0,1,1.0,0.0,0.0,0.0,0.0,0.0,0.0,0.0,0.0,0.0,0.0,1.0,2.0,0.0,0,0,0,0.0,0.0,0.0,0.0,0.0,,0.0,14.0,11.0,/home/runner/work/PLL_Analytics/PLL_Analytics/data/source_data/api_responses/season_2024/game_playoffs-semifinal-2-2024-9-8/player_game_stats.json.gz,Semifinal
2024,post,2024_ev46,championship-2024-9-15,championship-2024-9-15,45,14,2024-09-15,ARC,Archers,WHP,Whipsnakes,ARC,Archers,WHP,Whipsnakes,1,003087,Beau,Pederson,Beau Pederson,beau pederson,beau-pederson,https://img.premierlacrosseleague.com/Players/2026/beau-pederson.webp,SSDM,Defensive Midfield,89,1,0.0,0.0,0.0,0.0,0.0,0.0,0.0,0.0,0,,0.0,0.0,0.0,0.0,0.0,0.0,0.0,0.0,0.0,0.0,4.0,0.0,1.0,0,0,0,0.0,0.0,0.0,0.0,0.0,,1.0,11.0,11.0,/home/runner/work/PLL_Analytics/PLL_Analytics/data/source_data/api_responses/season_2024/game_championship-2024-9-15/player_game_stats.json.gz,Cash App Championship
2024,post,2024_ev46,championship-2024-9-15,championship-2024-9-15,45,14,2024-09-15,ARC,Archers,WHP,Whipsnakes,ARC,Archers,WHP,Whipsnakes,1,002026,Brett,Dobson,Brett Dobson,brett dobson,brett-dobson,https://img.premierlacrosseleague.com/Players/2026/brett-dobson.webp?v=4,G,Goalie,45,1,0.0,0.0,0.0,0.0,0.0,0.0,0.0,0.0,0,,0.0,20.0,6.0,14.0,0.71429,0.3,8.0,0.0,8.0,8.0,3.0,0.0,0.0,0,0,0,0.0,8.0,0.0,0.0,0.0,,0.0,16.0,16.0,/home/runner/work/PLL_Analytics/PLL_Analytics/data/source_data/api_responses/season_2024/game_championship-2024-9-15/player_game_stats.json.gz,Cash App Championship
2024,post,2024_ev46,championship-2024-9-15,championship-2024-9-15,45,14,2024-09-15,ARC,Archers,WHP,Whipsnakes,ARC,Archers,WHP,Whipsnakes,1,003007,Cam,Wyers,Cam Wyers,cam wyers,cam-wyers,https://img.premierlacrosseleague.com/Players/2026/cam-wyers.webp?v=4,D,Defense,20,1,0.0,0.0,0.0,0.0,0.0,0.0,1.0,0.0,0,0.0,1.0,0.0,0.0,0.0,0.0,0.0,0.0,0.0,0.0,0.0,0.0,0.0,1.0,0,0,0,0.0,0.0,0.0,0.0,0.0,,0.0,1.0,0.0,/home/runner/work/PLL_Analytics/PLL_Analytics/data/source_data/api_responses/season_2024/game_championship-2024-9-15/player_game_stats.json.gz,Cash App Championship
2024,post,2024_ev46,championship-2024-9-15,championship-2024-9-15,45,14,2024-09-15,ARC,Archers,WHP,Whipsnakes,ARC,Archers,WHP,Whipsnakes,1,000262,Connor,Fields,Connor Fields,connor fields,connor-fields,https://img.premierlacrosseleague.com/Players/2026/connor-fields.webp?v=4,A,Attack,5,1,2.0,1.0,1.0,0.0,1.0,1.0,2.0,0.5,2,1.0,0.0,0.0,0.0,0.0,0.0,0.0,0.0,0.0,0.0,0.0,3.0,3.0,0.0,0,0,0,0.0,0.0,0.0,0.0,0.0,,2.0,29.0,24.0,/home/runner/work/PLL_Analytics/PLL_Analytics/data/source_data/api_responses/season_2024/game_championship-2024-9-15/player_game_stats.json.gz,Cash App Championship
2024,post,2024_ev46,championship-2024-9-15,championship-2024-9-15,45,14,2024-09-15,ARC,Archers,WHP,Whipsnakes,ARC,Archers,WHP,Whipsnakes,1,003005,Connor,Maher,Connor Maher,connor maher,connor-maher,https://img.premierlacrosseleague.com/Players/2026/connor-maher.webp,SSDM,Defensive Midfield,31,1,0.0,0.0,0.0,0.0,0.0,0.0,0.0,0.0,0,,0.0,0.0,0.0,0.0,0.0,0.0,0.0,0.0,0.0,0.0,2.0,0.0,0.0,0,1,1,0.0,0.0,0.0,0.0,0.0,0 - 1,0.0,5.0,5.0,/home/runner/work/PLL_Analytics/PLL_Analytics/data/source_data/api_responses/season_2024/game_championship-2024-9-15/player_game_stats.json.gz,Cash App Championship
2024,post,2024_ev46,championship-2024-9-15,championship-2024-9-15,45,14,2024-09-15,ARC,Archers,WHP,Whipsnakes,ARC,Archers,WHP,Whipsnakes,1,003090,Dyson,Williams,Dyson Williams,dyson williams,dyson-williams,https://img.premierlacrosseleague.com/Players/2026/dyson-williams.webp?v=6,M,Midfield,51,1,1.0,1.0,1.0,0.0,1.0,0.0,1.0,1.0,1,1.0,0.0,0.0,0.0,0.0,0.0,0.0,0.0,0.0,0.0,0.0,0.0,0.0,0.0,0,0,0,0.0,0.0,0.0,0.0,0.0,,0.0,3.0,2.0,/home/runner/work/PLL_Analytics/PLL_Analytics/data/source_data/api_responses/season_2024/game_championship-2024-9-15/player_game_stats.json.gz,Cash App Championship
2024,post,2024_ev46,championship-2024-9-15,championship-2024-9-15,45,14,2024-09-15,ARC,Archers,WHP,Whipsnakes,ARC,Archers,WHP,Whipsnakes,1,000922,Graeme,Hossack,Graeme Hossack,graeme hossack,graeme-hossack,https://img.premierlacrosseleague.com/Players/2025/graeme-hossack.png?v=3,D,Defense,81,1,0.0,0.0,0.0,0.0,0.0,0.0,0.0,0.0,0,,0.0,0.0,0.0,0.0,0.0,0.0,0.0,0.0,0.0,0.0,3.0,0.0,1.0,0,0,0,0.0,0.0,0.0,0.0,0.0,,0.0,7.0,7.0,/home/runner/work/PLL_Analytics/PLL_Analytics/data/source_data/api_responses/season_2024/game_championship-2024-9-15/player_game_stats.json.gz,Cash App Championship
2024,post,2024_ev46,championship-2024-9-15,championship-2024-9-15,45,14,2024-09-15,ARC,Archers,WHP,Whipsnakes,ARC,Archers,WHP,Whipsnakes,1,000391,Grant,Ament,Grant Ament,grant ament,grant-ament,https://img.premierlacrosseleague.com/Players/2026/grant-ament.webp,M,Midfield,16,1,2.0,1.0,1.0,0.0,1.0,1.0,3.0,0.3333333333333333,2,0.6666666666666666,0.0,0.0,0.0,0.0,0.0,0.0,0.0,0.0,0.0,0.0,0.0,4.0,0.0,0,0,0,0.0,0.0,0.0,0.0,0.0,,5.0,33.0,26.0,/home/runner/work/PLL_Analytics/PLL_Analytics/data/source_data/api_responses/season_2024/game_championship-2024-9-15/player_game_stats.json.gz,Cash App Championship
2024,post,2024_ev46,championship-2024-9-15,championship-2024-9-15,45,14,2024-09-15,ARC,Archers,WHP,Whipsnakes,ARC,Archers,WHP,Whipsnakes,1,003120,Jack,VanOverbeke,Jack VanOverbeke,jack vanoverbeke,jack-vanoverbeke,https://img.premierlacrosseleague.com/Players/2026/jack-vanoverbeke.webp?v=2,M,Midfield,8,1,0.0,0.0,0.0,0.0,0.0,0.0,3.0,0.0,3,1.0,0.0,0.0,0.0,0.0,0.0,0.0,0.0,0.0,0.0,0.0,0.0,1.0,0.0,0,0,0,0.0,0.0,0.0,0.0,0.0,,0.0,12.0,8.0,/home/runner/work/PLL_Analytics/PLL_Analytics/data/source_data/api_responses/season_2024/game_championship-2024-9-15/player_game_stats.json.gz,Cash App Championship
2024,post,2024_ev46,championship-2024-9-15,championship-2024-9-15,45,14,2024-09-15,ARC,Archers,WHP,Whipsnakes,ARC,Archers,WHP,Whipsnakes,1,002042,Jon,Robbins,Jon Robbins,jon robbins,jon-robbins,https://img.premierlacrosseleague.com/Players/2026/jon-robbins.webp,LSM,Long Stick Midfield,41,1,0.0,0.0,0.0,0.0,0.0,0.0,0.0,0.0,0,,0.0,0.0,0.0,0.0,0.0,0.0,0.0,0.0,0.0,0.0,1.0,1.0,1.0,0,0,0,0.0,0.0,0.0,0.0,0.0,,0.0,2.0,1.0,/home/runner/work/PLL_Analytics/PLL_Analytics/data/source_data/api_responses/season_2024/game_championship-2024-9-15/player_game_stats.json.gz,Cash App Championship
2024,post,2024_ev46,championship-2024-9-15,championship-2024-9-15,45,14,2024-09-15,ARC,Archers,WHP,Whipsnakes,ARC,Archers,WHP,Whipsnakes,1,001814,Mac,O'Keefe,Mac O'Keefe,mac okeefe,mac-o-keefe,https://img.premierlacrosseleague.com/Players/2026/mac-okeefe.webp?v=11,A,Attack,7,1,3.0,3.0,3.0,0.0,3.0,0.0,11.0,0.2727272727272727,6,0.5454545454545454,1.0,0.0,0.0,0.0,0.0,0.0,0.0,0.0,0.0,0.0,0.0,1.0,1.0,0,0,0,0.0,0.0,0.0,0.0,0.0,,1.0,24.0,12.0,/home/runner/work/PLL_Analytics/PLL_Analytics/data/source_data/api_responses/season_2024/game_championship-2024-9-15/player_game_stats.json.gz,Cash App Championship
2024,post,2024_ev46,championship-2024-9-15,championship-2024-9-15,45,14,2024-09-15,ARC,Archers,WHP,Whipsnakes,ARC,Archers,WHP,Whipsnakes,1,003082,Mason,Woodward,Mason Woodward,mason woodward,mason-woodward,https://img.premierlacrosseleague.com/Players/2026/mason-woodward.webp?v=5,D,Defense,77,1,2.0,2.0,0.0,1.0,1.0,0.0,2.0,0.5,1,0.5,2.0,0.0,0.0,0.0,0.0,0.0,0.0,0.0,0.0,0.0,3.0,0.0,1.0,0,0,0,0.0,0.0,0.0,0.0,0.0,,1.0,11.0,9.0,/home/runner/work/PLL_Analytics/PLL_Analytics/data/source_data/api_responses/season_2024/game_championship-2024-9-15/player_game_stats.json.gz,Cash App Championship
2024,post,2024_ev46,championship-2024-9-15,championship-2024-9-15,45,14,2024-09-15,ARC,Archers,WHP,Whipsnakes,ARC,Archers,WHP,Whipsnakes,1,002018,Matt,Moore,Matt Moore,matt moore,matt-moore,https://img.premierlacrosseleague.com/Players/2025/matt-moore.png?v=4,A,Attack,11,1,3.0,2.0,2.0,0.0,2.0,1.0,4.0,0.5,4,1.0,0.0,0.0,0.0,0.0,0.0,0.0,0.0,0.0,0.0,0.0,0.0,1.0,0.0,0,0,0,0.0,0.0,0.0,0.0,0.0,,3.0,27.0,22.0,/home/runner/work/PLL_Analytics/PLL_Analytics/data/source_data/api_responses/season_2024/game_championship-2024-9-15/player_game_stats.json.gz,Cash App Championship
2024,post,2024_ev46,championship-2024-9-15,championship-2024-9-15,45,14,2024-09-15,ARC,Archers,WHP,Whipsnakes,ARC,Archers,WHP,Whipsnakes,1,003004,Mike,Sisselberger,Mike Sisselberger,mike sisselberger,mike-sisselberger,https://img.premierlacrosseleague.com/Players/2026/mike-sisselberger.webp,FO,Faceoff,99,1,0.0,0.0,0.0,0.0,0.0,0.0,0.0,0.0,0,,0.0,0.0,0.0,0.0,0.0,0.0,0.0,0.0,0.0,0.0,3.0,1.0,1.0,7,13,21,0.3333333333333333,0.0,0.0,0.0,0.0,7 - 21,0.0,2.0,1.0,/home/runner/work/PLL_Analytics/PLL_Analytics/data/source_data/api_responses/season_2024/game_championship-2024-9-15/player_game_stats.json.gz,Cash App Championship
2024,post,2024_ev46,championship-2024-9-15,championship-2024-9-15,45,14,2024-09-15,ARC,Archers,WHP,Whipsnakes,ARC,Archers,WHP,Whipsnakes,1,003006,Piper,Bond,Piper Bond,piper bond,piper-bond,https://img.premierlacrosseleague.com/Players/2026/piper-bond.webp,SSDM,Defensive Midfield,54,1,0.0,0.0,0.0,0.0,0.0,0.0,0.0,0.0,0,,0.0,0.0,0.0,0.0,0.0,0.0,0.0,0.0,0.0,0.0,1.0,0.0,1.0,0,1,1,0.0,0.0,0.0,0.0,0.0,0 - 1,0.0,16.0,16.0,/home/runner/work/PLL_Analytics/PLL_Analytics/data/source_data/api_responses/season_2024/game_championship-2024-9-15/player_game_stats.json.gz,Cash App Championship
2024,post,2024_ev46,championship-2024-9-15,championship-2024-9-15,45,14,2024-09-15,ARC,Archers,WHP,Whipsnakes,ARC,Archers,WHP,Whipsnakes,1,000221,Ryan,Ambler,Ryan Ambler,ryan ambler,ryan-ambler,https://img.premierlacrosseleague.com/Players/2026/ryan-ambler.webp,M,Midfield,13,1,1.0,0.0,0.0,0.0,0.0,1.0,2.0,0.0,1,0.5,0.0,0.0,0.0,0.0,0.0,0.0,0.0,0.0,0.0,0.0,1.0,1.0,1.0,0,0,0,0.0,0.0,0.0,1.0,1.0,,1.0,13.0,10.0,/home/runner/work/PLL_Analytics/PLL_Analytics/data/source_data/api_responses/season_2024/game_championship-2024-9-15/player_game_stats.json.gz,Cash App Championship
2024,post,2024_ev46,championship-2024-9-15,championship-2024-9-15,45,14,2024-09-15,ARC,Archers,WHP,Whipsnakes,ARC,Archers,WHP,Whipsnakes,1,001821,Tre,Leclaire,Tre Leclaire,tre leclaire,tre-leclaire,https://img.premierlacrosseleague.com/Players/2026/tre-leclaire.webp?v=3,M,Midfield,44,1,2.0,2.0,2.0,0.0,2.0,0.0,3.0,0.6666666666666666,3,1.0,1.0,0.0,0.0,0.0,0.0,0.0,0.0,0.0,0.0,0.0,0.0,1.0,0.0,0,0,0,0.0,0.0,0.0,0.0,0.0,,1.0,16.0,12.0,/home/runner/work/PLL_Analytics/PLL_Analytics/data/source_data/api_responses/season_2024/game_championship-2024-9-15/player_game_stats.json.gz,Cash App Championship
2024,post,2024_ev46,championship-2024-9-15,championship-2024-9-15,45,14,2024-09-15,ARC,Archers,WHP,Whipsnakes,ARC,Archers,WHP,Whipsnakes,1,001661,Warren,Jeffrey,Warren Jeffrey,warren jeffrey,warren-jeffrey,https://img.premierlacrosseleague.com/Players/2026/warren-jeffrey.webp?v=4,D,Defense,27,1,0.0,0.0,0.0,0.0,0.0,0.0,0.0,0.0,0,,0.0,0.0,0.0,0.0,0.0,0.0,0.0,0.0,0.0,0.0,2.0,0.0,0.0,0,0,0,0.0,0.0,0.0,0.0,0.0,,0.0,2.0,2.0,/home/runner/work/PLL_Analytics/PLL_Analytics/data/source_data/api_responses/season_2024/game_championship-2024-9-15/player_game_stats.json.gz,Cash App Championship
2024,post,2024_ev46,championship-2024-9-15,championship-2024-9-15,45,14,2024-09-15,WHP,Whipsnakes,ARC,Archers,WHP,Whipsnakes,ARC,Archers,0,003100,Adam,Poitras,Adam Poitras,adam poitras,adam-poitras,https://img.premierlacrosseleague.com/Players/2026/adam-poitras.webp?v=4,M,Midfield,51,1,2.0,2.0,2.0,0.0,2.0,0.0,5.0,0.4,3,0.6,0.0,0.0,0.0,0.0,0.0,0.0,0.0,0.0,0.0,0.0,3.0,0.0,0.0,0,0,0,0.0,0.0,0.0,0.0,0.0,,2.0,20.0,15.0,/home/runner/work/PLL_Analytics/PLL_Analytics/data/source_data/api_responses/season_2024/game_championship-2024-9-15/player_game_stats.json.gz,Cash App Championship
2024,post,2024_ev46,championship-2024-9-15,championship-2024-9-15,45,14,2024-09-15,WHP,Whipsnakes,ARC,Archers,WHP,Whipsnakes,ARC,Archers,0,003077,Ajax,Zappitello,Ajax Zappitello,ajax zappitello,ajax-zappitello,https://img.premierlacrosseleague.com/Players/2026/ajax-zappitello.webp?v=4,D,Defense,5,1,0.0,0.0,0.0,0.0,0.0,0.0,0.0,0.0,0,,0.0,0.0,0.0,0.0,0.0,0.0,0.0,0.0,0.0,0.0,6.0,1.0,1.0,0,0,0,0.0,0.0,0.0,0.0,0.0,,0.0,13.0,12.0,/home/runner/work/PLL_Analytics/PLL_Analytics/data/source_data/api_responses/season_2024/game_championship-2024-9-15/player_game_stats.json.gz,Cash App Championship
2024,post,2024_ev46,championship-2024-9-15,championship-2024-9-15,45,14,2024-09-15,WHP,Whipsnakes,ARC,Archers,WHP,Whipsnakes,ARC,Archers,0,003028,Alex,Mazzone,Alex Mazzone,alex mazzone,alex-mazzone,https://img.premierlacrosseleague.com/Players/2025/alex-mazzone.png?v=4,LSM,Long Stick Midfield,6,1,0.0,0.0,0.0,0.0,0.0,0.0,0.0,0.0,0,,0.0,0.0,0.0,0.0,0.0,0.0,0.0,0.0,0.0,0.0,1.0,1.0,1.0,0,0,0,0.0,0.0,0.0,0.0,0.0,,0.0,3.0,2.0,/home/runner/work/PLL_Analytics/PLL_Analytics/data/source_data/api_responses/season_2024/game_championship-2024-9-15/player_game_stats.json.gz,Cash App Championship
2024,post,2024_ev46,championship-2024-9-15,championship-2024-9-15,45,14,2024-09-15,WHP,Whipsnakes,ARC,Archers,WHP,Whipsnakes,ARC,Archers,0,002059,Brendan,Krebs,Brendan Krebs,brendan krebs,brendan-krebs,https://img.premierlacrosseleague.com/Players/2025/brendan-krebs.png?v=4,G,Goalie,0,1,0.0,0.0,0.0,0.0,0.0,0.0,1.0,0.0,0,0.0,1.0,12.0,6.0,6.0,0.52174,0.5,11.0,1.0,12.0,12.0,2.0,2.0,0.0,0,0,0,0.0,11.0,1.0,0.0,0.0,,0.0,18.0,15.0,/home/runner/work/PLL_Analytics/PLL_Analytics/data/source_data/api_responses/season_2024/game_championship-2024-9-15/player_game_stats.json.gz,Cash App Championship
2024,post,2024_ev46,championship-2024-9-15,championship-2024-9-15,45,14,2024-09-15,WHP,Whipsnakes,ARC,Archers,WHP,Whipsnakes,ARC,Archers,0,001009,Colin,Heacock,Colin Heacock,colin heacock,colin-heacock,https://img.premierlacrosseleague.com/Players/2026/colin-heacock.webp,M,Midfield,10,1,0.0,0.0,0.0,0.0,0.0,0.0,2.0,0.0,0,0.0,1.0,0.0,0.0,0.0,0.0,0.0,0.0,0.0,0.0,0.0,1.0,1.0,0.0,0,0,0,0.0,0.0,0.0,0.0,0.0,,0.0,8.0,5.0,/home/runner/work/PLL_Analytics/PLL_Analytics/data/source_data/api_responses/season_2024/game_championship-2024-9-15/player_game_stats.json.gz,Cash App Championship
2024,post,2024_ev46,championship-2024-9-15,championship-2024-9-15,45,14,2024-09-15,WHP,Whipsnakes,ARC,Archers,WHP,Whipsnakes,ARC,Archers,0,001831,Colin,Squires,Colin Squires,colin squires,colin-squires,https://img.premierlacrosseleague.com/Players/2025/colin-squires.png?v=4,LSM,Long Stick Midfield,39,1,0.0,0.0,0.0,0.0,0.0,0.0,0.0,0.0,0,,0.0,0.0,0.0,0.0,0.0,0.0,0.0,0.0,0.0,0.0,4.0,1.0,0.0,0,0,0,0.0,0.0,0.0,0.0,0.0,,0.0,3.0,2.0,/home/runner/work/PLL_Analytics/PLL_Analytics/data/source_data/api_responses/season_2024/game_championship-2024-9-15/player_game_stats.json.gz,Cash App Championship
2024,post,2024_ev46,championship-2024-9-15,championship-2024-9-15,45,14,2024-09-15,WHP,Whipsnakes,ARC,Archers,WHP,Whipsnakes,ARC,Archers,0,000345,Jake,Bernhardt,Jake Bernhardt,jake bernhardt,jake-bernhardt,https://img.premierlacrosseleague.com/Players/2026/jake-bernhardt.webp?v=4,SSDM,Defensive Midfield,83,1,0.0,0.0,0.0,0.0,0.0,0.0,1.0,0.0,0,0.0,0.0,0.0,0.0,0.0,0.0,0.0,0.0,0.0,0.0,0.0,1.0,0.0,1.0,1,0,1,1.0,0.0,0.0,0.0,0.0,1 - 1,0.0,10.0,9.0,/home/runner/work/PLL_Analytics/PLL_Analytics/data/source_data/api_responses/season_2024/game_championship-2024-9-15/player_game_stats.json.gz,Cash App Championship
2024,post,2024_ev46,championship-2024-9-15,championship-2024-9-15,45,14,2024-09-15,WHP,Whipsnakes,ARC,Archers,WHP,Whipsnakes,ARC,Archers,0,000350,Joseph,Nardella,Joseph Nardella,joseph nardella,joseph-nardella,https://img.premierlacrosseleague.com/Players/2025/joseph-nardella.png?v=3,FO,Faceoff,91,1,1.0,0.0,0.0,0.0,0.0,1.0,2.0,0.0,1,0.5,0.0,0.0,0.0,0.0,0.0,0.0,0.0,0.0,0.0,0.0,9.0,1.0,0.0,14,7,22,0.6363636363636364,0.0,0.0,1.0,0.5,14 - 22,2.0,11.0,8.0,/home/runner/work/PLL_Analytics/PLL_Analytics/data/source_data/api_responses/season_2024/game_championship-2024-9-15/player_game_stats.json.gz,Cash App Championship
2024,post,2024_ev46,championship-2024-9-15,championship-2024-9-15,45,14,2024-09-15,WHP,Whipsnakes,ARC,Archers,WHP,Whipsnakes,ARC,Archers,0,003094,Levi,Anderson,Levi Anderson,levi anderson,levi-anderson,https://img.premierlacrosseleague.com/Players/2026/levi-anderson.webp?v=8,M,Midfield,24,1,0.0,0.0,0.0,0.0,0.0,0.0,3.0,0.0,0,0.0,0.0,0.0,0.0,0.0,0.0,0.0,0.0,0.0,0.0,0.0,0.0,0.0,0.0,0,0,0,0.0,0.0,0.0,0.0,0.0,,1.0,9.0,6.0,/home/runner/work/PLL_Analytics/PLL_Analytics/data/source_data/api_responses/season_2024/game_championship-2024-9-15/player_game_stats.json.gz,Cash App Championship
2024,post,2024_ev46,championship-2024-9-15,championship-2024-9-15,45,14,2024-09-15,WHP,Whipsnakes,ARC,Archers,WHP,Whipsnakes,ARC,Archers,0,000354,Matt,Rambo,Matt Rambo,matt rambo,matt-rambo,https://img.premierlacrosseleague.com/Players/2026/matt-rambo.webp?v=2,A,Attack,9,1,1.0,1.0,1.0,0.0,1.0,0.0,8.0,0.125,5,0.625,0.0,0.0,0.0,0.0,0.0,0.0,0.0,0.0,0.0,0.0,3.0,1.0,0.0,0,0,0,0.0,0.0,0.0,1.0,0.5,,2.0,20.0,11.0,/home/runner/work/PLL_Analytics/PLL_Analytics/data/source_data/api_responses/season_2024/game_championship-2024-9-15/player_game_stats.json.gz,Cash App Championship
2024,post,2024_ev46,championship-2024-9-15,championship-2024-9-15,45,14,2024-09-15,WHP,Whipsnakes,ARC,Archers,WHP,Whipsnakes,ARC,Archers,0,000355,Matthew,Dunn,Matthew Dunn,matthew dunn,matthew-dunn,https://img.premierlacrosseleague.com/Players/2026/matthew-dunn.webp?v=4,D,Defense,33,1,0.0,0.0,0.0,0.0,0.0,0.0,1.0,0.0,1,1.0,1.0,0.0,0.0,0.0,0.0,0.0,0.0,0.0,0.0,0.0,1.0,0.0,2.0,0,0,0,0.0,0.0,0.0,0.0,0.0,,0.0,9.0,8.0,/home/runner/work/PLL_Analytics/PLL_Analytics/data/source_data/api_responses/season_2024/game_championship-2024-9-15/player_game_stats.json.gz,Cash App Championship
2024,post,2024_ev46,championship-2024-9-15,championship-2024-9-15,45,14,2024-09-15,WHP,Whipsnakes,ARC,Archers,WHP,Whipsnakes,ARC,Archers,0,000357,Mike,Chanenchuk,Mike Chanenchuk,mike chanenchuk,mike-chanenchuk,https://img.premierlacrosseleague.com/Players/2024/mike-chanenchuk?v=2,M,Midfield,1,1,1.0,1.0,1.0,0.0,1.0,0.0,4.0,0.25,2,0.5,2.0,0.0,0.0,0.0,0.0,0.0,0.0,0.0,0.0,0.0,0.0,0.0,0.0,0,0,0,0.0,0.0,0.0,0.0,0.0,,1.0,17.0,13.0,/home/runner/work/PLL_Analytics/PLL_Analytics/data/source_data/api_responses/season_2024/game_championship-2024-9-15/player_game_stats.json.gz,Cash App Championship
2024,post,2024_ev46,championship-2024-9-15,championship-2024-9-15,45,14,2024-09-15,WHP,Whipsnakes,ARC,Archers,WHP,Whipsnakes,ARC,Archers,0,002021,Roman,Puglise,Roman Puglise,roman puglise,roman-puglise,https://img.premierlacrosseleague.com/Players/2025/roman-puglise.png?v=4,SSDM,Defensive Midfield,8,1,0.0,0.0,0.0,0.0,0.0,0.0,0.0,0.0,0,,0.0,0.0,0.0,0.0,0.0,0.0,0.0,0.0,0.0,0.0,1.0,0.0,1.0,0,0,0,0.0,0.0,0.0,0.0,0.0,,0.0,7.0,7.0,/home/runner/work/PLL_Analytics/PLL_Analytics/data/source_data/api_responses/season_2024/game_championship-2024-9-15/player_game_stats.json.gz,Cash App Championship
2024,post,2024_ev46,championship-2024-9-15,championship-2024-9-15,45,14,2024-09-15,WHP,Whipsnakes,ARC,Archers,WHP,Whipsnakes,ARC,Archers,0,000363,Ryan,Conrad,Ryan Conrad,ryan conrad,ryan-conrad,https://img.premierlacrosseleague.com/Players/2025/ryan-conrad?v=4,M,Midfield,23,1,3.0,3.0,3.0,0.0,3.0,0.0,6.0,0.5,6,1.0,1.0,0.0,0.0,0.0,0.0,0.0,0.0,0.0,0.0,0.0,0.0,2.0,0.0,0,0,0,0.0,0.0,0.0,0.0,0.0,,2.0,23.0,15.0,/home/runner/work/PLL_Analytics/PLL_Analytics/data/source_data/api_responses/season_2024/game_championship-2024-9-15/player_game_stats.json.gz,Cash App Championship
2024,post,2024_ev46,championship-2024-9-15,championship-2024-9-15,45,14,2024-09-15,WHP,Whipsnakes,ARC,Archers,WHP,Whipsnakes,ARC,Archers,0,003048,TJ,Malone,TJ Malone,tj malone,tj-malone,https://img.premierlacrosseleague.com/Players/2026/tj-malone.webp?v=6,A,Attack,7,1,4.0,0.0,0.0,0.0,0.0,4.0,10.0,0.0,3,0.3,1.0,0.0,0.0,0.0,0.0,0.0,0.0,0.0,0.0,0.0,0.0,2.0,0.0,0,0,0,0.0,0.0,0.0,0.0,0.0,,6.0,29.0,17.0,/home/runner/work/PLL_Analytics/PLL_Analytics/data/source_data/api_responses/season_2024/game_championship-2024-9-15/player_game_stats.json.gz,Cash App Championship
2024,post,2024_ev46,championship-2024-9-15,championship-2024-9-15,45,14,2024-09-15,WHP,Whipsnakes,ARC,Archers,WHP,Whipsnakes,ARC,Archers,0,000359,Tim,Muller,Tim Muller,tim muller,tim-muller,https://img.premierlacrosseleague.com/Players/2026/tim-muller.webp,D,Defense,14,1,0.0,0.0,0.0,0.0,0.0,0.0,0.0,0.0,0,,0.0,0.0,0.0,0.0,0.0,0.0,0.0,0.0,0.0,0.0,3.0,0.0,1.0,0,0,0,0.0,0.0,0.0,0.0,0.0,,0.0,7.0,7.0,/home/runner/work/PLL_Analytics/PLL_Analytics/data/source_data/api_responses/season_2024/game_championship-2024-9-15/player_game_stats.json.gz,Cash App Championship
2024,post,2024_ev46,championship-2024-9-15,championship-2024-9-15,45,14,2024-09-15,WHP,Whipsnakes,ARC,Archers,WHP,Whipsnakes,ARC,Archers,0,002029,Wheaton,Jackoboice,Wheaton Jackoboice,wheaton jackoboice,wheaton-jackoboice,https://img.premierlacrosseleague.com/Players/2025/wheaton-jackoboice?v=3,SSDM,Defensive Midfield,55,1,0.0,0.0,0.0,0.0,0.0,0.0,0.0,0.0,0,,0.0,0.0,0.0,0.0,0.0,0.0,0.0,0.0,0.0,0.0,1.0,0.0,0.0,0,0,0,0.0,0.0,0.0,0.0,0.0,,0.0,9.0,9.0,/home/runner/work/PLL_Analytics/PLL_Analytics/data/source_data/api_responses/season_2024/game_championship-2024-9-15/player_game_stats.json.gz,Cash App Championship
2024,post,2024_ev46,championship-2024-9-15,championship-2024-9-15,45,14,2024-09-15,WHP,Whipsnakes,ARC,Archers,WHP,Whipsnakes,ARC,Archers,0,000419,Zed,Williams,Zed Williams,zed williams,zed-williams,https://img.premierlacrosseleague.com/Players/2026/zed-williams.webp,A,Attack,36,1,1.0,1.0,1.0,0.0,1.0,0.0,10.0,0.1,8,0.8,2.0,0.0,0.0,0.0,0.0,0.0,0.0,0.0,0.0,0.0,1.0,2.0,0.0,0,0,0,0.0,0.0,0.0,0.0,0.0,,2.0,22.0,10.0,/home/runner/work/PLL_Analytics/PLL_Analytics/data/source_data/api_responses/season_2024/game_championship-2024-9-15/player_game_stats.json.gz,Cash App Championship
2025,post,2025_ev_43,2025_quarterfinal_1,2025_quarterfinal_1,41,12,2025-08-23,WAT,Waterdogs,WHP,Whipsnakes,WAT,Waterdogs,WHP,Whipsnakes,0,003119,Alec,Stathakis,Alec Stathakis,alec stathakis,alec-stathakis,https://img.premierlacrosseleague.com/Players/2026/alec-stathakis.webp?v=4,FO,Faceoff,73,1,0.0,0.0,0.0,0.0,0.0,0.0,1.0,0.0,1,1.0,0.0,0.0,0.0,0.0,0.0,0.0,0.0,0.0,0.0,0.0,3.0,2.0,1.0,11,16,27,0.4074074074074074,0.0,0.0,0.0,0.0,11 - 27,0.0,4.0,1.0,/home/runner/work/PLL_Analytics/PLL_Analytics/data/source_data/api_responses/season_2025/game_2025_quarterfinal_1/player_game_stats.json.gz,Quarterfinal 1
2025,post,2025_ev_43,2025_quarterfinal_1,2025_quarterfinal_1,41,12,2025-08-23,WAT,Waterdogs,WHP,Whipsnakes,WAT,Waterdogs,WHP,Whipsnakes,0,001406,Ben,Randall,Ben Randall,ben randall,ben-randall,https://img.premierlacrosseleague.com/Players/2026/ben-randall.webp,D,Defense,44,1,0.0,0.0,0.0,0.0,0.0,0.0,0.0,0.0,0,,0.0,0.0,0.0,0.0,0.0,0.0,0.0,0.0,0.0,0.0,2.0,0.0,0.0,0,0,0,0.0,0.0,0.0,0.0,0.0,,0.0,9.0,9.0,/home/runner/work/PLL_Analytics/PLL_Analytics/data/source_data/api_responses/season_2025/game_2025_quarterfinal_1/player_game_stats.json.gz,Quarterfinal 1
2025,post,2025_ev_43,2025_quarterfinal_1,2025_quarterfinal_1,41,12,2025-08-23,WAT,Waterdogs,WHP,Whipsnakes,WAT,Waterdogs,WHP,Whipsnakes,0,003179,Ben,Wayer,Ben Wayer,ben wayer,ben-wayer,https://img.premierlacrosseleague.com/Players/2026/ben-wayer.webp,LSM,Long Stick Midfield,4,1,1.0,0.0,0.0,0.0,0.0,1.0,0.0,0.0,0,,0.0,0.0,0.0,0.0,0.0,0.0,0.0,0.0,0.0,0.0,3.0,0.0,0.0,0,0,0,0.0,0.0,0.0,0.0,0.0,,2.0,6.0,6.0,/home/runner/work/PLL_Analytics/PLL_Analytics/data/source_data/api_responses/season_2025/game_2025_quarterfinal_1/player_game_stats.json.gz,Quarterfinal 1
2025,post,2025_ev_43,2025_quarterfinal_1,2025_quarterfinal_1,41,12,2025-08-23,WAT,Waterdogs,WHP,Whipsnakes,WAT,Waterdogs,WHP,Whipsnakes,0,003159,CJ,Kirst,CJ Kirst,cj kirst,cj-kirst,https://img.premierlacrosseleague.com/Players/2026/cj-kirst.webp?v=5,A,Attack,15,1,5.0,4.0,4.0,0.0,4.0,1.0,10.0,0.4,7,0.7,1.0,0.0,0.0,0.0,0.0,0.0,0.0,0.0,0.0,0.0,5.0,2.0,0.0,0,0,0,0.0,0.0,0.0,0.0,0.0,,3.0,35.0,23.0,/home/runner/work/PLL_Analytics/PLL_Analytics/data/source_data/api_responses/season_2025/game_2025_quarterfinal_1/player_game_stats.json.gz,Quarterfinal 1
2025,post,2025_ev_43,2025_quarterfinal_1,2025_quarterfinal_1,41,12,2025-08-23,WAT,Waterdogs,WHP,Whipsnakes,WAT,Waterdogs,WHP,Whipsnakes,0,001795,Christian,Scarpello,Christian Scarpello,christian scarpello,christian-scarpello,https://img.premierlacrosseleague.com/Players/2026/christian-scarpello.webp?v=1,SSDM,Defensive Midfield,50,1,0.0,0.0,0.0,0.0,0.0,0.0,0.0,0.0,0,,0.0,0.0,0.0,0.0,0.0,0.0,0.0,0.0,0.0,0.0,1.0,0.0,1.0,0,0,0,0.0,0.0,0.0,0.0,0.0,,0.0,5.0,5.0,/home/runner/work/PLL_Analytics/PLL_Analytics/data/source_data/api_responses/season_2025/game_2025_quarterfinal_1/player_game_stats.json.gz,Quarterfinal 1
2025,post,2025_ev_43,2025_quarterfinal_1,2025_quarterfinal_1,41,12,2025-08-23,WAT,Waterdogs,WHP,Whipsnakes,WAT,Waterdogs,WHP,Whipsnakes,0,000339,Connor,Kelly,Connor Kelly,connor kelly,connor-kelly,https://img.premierlacrosseleague.com/Players/2026/connor-kelly.webp,M,Midfield,40,1,0.0,0.0,0.0,0.0,0.0,0.0,3.0,0.0,2,0.6666666666666666,0.0,0.0,0.0,0.0,0.0,0.0,0.0,0.0,0.0,0.0,1.0,0.0,0.0,0,0,0,0.0,0.0,0.0,0.0,0.0,,0.0,19.0,16.0,/home/runner/work/PLL_Analytics/PLL_Analytics/data/source_data/api_responses/season_2025/game_2025_quarterfinal_1/player_game_stats.json.gz,Quarterfinal 1
2025,post,2025_ev_43,2025_quarterfinal_1,2025_quarterfinal_1,41,12,2025-08-23,WAT,Waterdogs,WHP,Whipsnakes,WAT,Waterdogs,WHP,Whipsnakes,0,003101,Dylan,Hess,Dylan Hess,dylan hess,dylan-hess,https://img.premierlacrosseleague.com/Players/2026/dylan-hess.webp?v=4,SSDM,Defensive Midfield,8,1,1.0,0.0,0.0,0.0,0.0,1.0,0.0,0.0,0,,0.0,0.0,0.0,0.0,0.0,0.0,0.0,0.0,0.0,0.0,4.0,1.0,1.0,0,0,0,0.0,0.0,0.0,1.0,2.0,,1.0,7.0,6.0,/home/runner/work/PLL_Analytics/PLL_Analytics/data/source_data/api_responses/season_2025/game_2025_quarterfinal_1/player_game_stats.json.gz,Quarterfinal 1
2025,post,2025_ev_43,2025_quarterfinal_1,2025_quarterfinal_1,41,12,2025-08-23,WAT,Waterdogs,WHP,Whipsnakes,WAT,Waterdogs,WHP,Whipsnakes,0,002028,Jack,Hannah,Jack Hannah,jack hannah,jack-hannah,https://img.premierlacrosseleague.com/Players/2026/jack-hannah.webp?v=4,M,Midfield,3,1,1.0,0.0,0.0,0.0,0.0,1.0,3.0,0.0,0,0.0,0.0,0.0,0.0,0.0,0.0,0.0,0.0,0.0,0.0,0.0,0.0,1.0,0.0,0,0,0,0.0,0.0,0.0,0.0,0.0,,1.0,14.0,10.0,/home/runner/work/PLL_Analytics/PLL_Analytics/data/source_data/api_responses/season_2025/game_2025_quarterfinal_1/player_game_stats.json.gz,Quarterfinal 1
2025,post,2025_ev_43,2025_quarterfinal_1,2025_quarterfinal_1,41,12,2025-08-23,WAT,Waterdogs,WHP,Whipsnakes,WAT,Waterdogs,WHP,Whipsnakes,0,003181,Jimmy,Freehill,Jimmy Freehill,jimmy freehill,jimmy-freehill,https://img.premierlacrosseleague.com/Players/2026/jimmy-freehill.webp,D,Defense,5,1,0.0,0.0,0.0,0.0,0.0,0.0,1.0,0.0,0,0.0,1.0,0.0,0.0,0.0,0.0,0.0,0.0,0.0,0.0,0.0,1.0,0.0,2.0,0,0,0,0.0,0.0,0.0,0.0,0.0,,0.0,6.0,5.0,/home/runner/work/PLL_Analytics/PLL_Analytics/data/source_data/api_responses/season_2025/game_2025_quarterfinal_1/player_game_stats.json.gz,Quarterfinal 1
2025,post,2025_ev_43,2025_quarterfinal_1,2025_quarterfinal_1,41,12,2025-08-23,WAT,Waterdogs,WHP,Whipsnakes,WAT,Waterdogs,WHP,Whipsnakes,0,003089,Kenny,Brower,Kenny Brower,kenny brower,kenny-brower,https://img.premierlacrosseleague.com/Players/2026/kenny-brower.webp,D,Defense,29,1,0.0,0.0,0.0,0.0,0.0,0.0,0.0,0.0,0,,0.0,0.0,0.0,0.0,0.0,0.0,0.0,0.0,0.0,0.0,3.0,0.0,2.0,0,0,0,0.0,0.0,0.0,0.0,0.0,,0.0,7.0,7.0,/home/runner/work/PLL_Analytics/PLL_Analytics/data/source_data/api_responses/season_2025/game_2025_quarterfinal_1/player_game_stats.json.gz,Quarterfinal 1
2025,post,2025_ev_43,2025_quarterfinal_1,2025_quarterfinal_1,41,12,2025-08-23,WAT,Waterdogs,WHP,Whipsnakes,WAT,Waterdogs,WHP,Whipsnakes,0,000240,Kieran,McArdle,Kieran McArdle,kieran mcardle,kieran-mcardle,https://img.premierlacrosseleague.com/Players/2026/kieran-mcardle.webp,A,Attack,6,1,6.0,6.0,6.0,0.0,6.0,0.0,14.0,0.42857142857142855,12,0.8571428571428571,0.0,0.0,0.0,0.0,0.0,0.0,0.0,0.0,0.0,0.0,2.0,1.0,0.0,0,0,0,0.0,0.0,0.0,0.0,0.0,,2.0,32.0,17.0,/home/runner/work/PLL_Analytics/PLL_Analytics/data/source_data/api_responses/season_2025/game_2025_quarterfinal_1/player_game_stats.json.gz,Quarterfinal 1
2025,post,2025_ev_43,2025_quarterfinal_1,2025_quarterfinal_1,41,12,2025-08-23,WAT,Waterdogs,WHP,Whipsnakes,WAT,Waterdogs,WHP,Whipsnakes,0,003096,Marcus,Hudgins,Marcus Hudgins,marcus hudgins,marcus-hudgins,https://img.premierlacrosseleague.com/Players/2026/marcus-hudgins.webp,LSM,Long Stick Midfield,11,1,0.0,0.0,0.0,0.0,0.0,0.0,0.0,0.0,0,,0.0,0.0,0.0,0.0,0.0,0.0,0.0,0.0,0.0,0.0,4.0,0.0,2.0,0,0,0,0.0,0.0,0.0,0.0,0.0,,0.0,5.0,5.0,/home/runner/work/PLL_Analytics/PLL_Analytics/data/source_data/api_responses/season_2025/game_2025_quarterfinal_1/player_game_stats.json.gz,Quarterfinal 1
2025,post,2025_ev_43,2025_quarterfinal_1,2025_quarterfinal_1,41,12,2025-08-23,WAT,Waterdogs,WHP,Whipsnakes,WAT,Waterdogs,WHP,Whipsnakes,0,000408,Matt,DeLuca,Matt DeLuca,matt deluca,matt-deluca,https://img.premierlacrosseleague.com/Players/2026/matt-deluca.webp,G,Goalie,1,1,0.0,0.0,0.0,0.0,0.0,0.0,0.0,0.0,0,,0.0,11.0,4.0,7.0,0.5,0.36363636363636365,11.0,1.0,12.0,12.0,0.0,2.0,0.0,0,0,0,0.0,11.0,1.0,0.0,0.0,,0.0,12.0,10.0,/home/runner/work/PLL_Analytics/PLL_Analytics/data/source_data/api_responses/season_2025/game_2025_quarterfinal_1/player_game_stats.json.gz,Quarterfinal 1
2025,post,2025_ev_43,2025_quarterfinal_1,2025_quarterfinal_1,41,12,2025-08-23,WAT,Waterdogs,WHP,Whipsnakes,WAT,Waterdogs,WHP,Whipsnakes,0,001707,Matt,Whitcher,Matt Whitcher,matt whitcher,matt-whitcher,https://img.premierlacrosseleague.com/Players/2026/matt-whitcher.webp?v=5,SSDM,Defensive Midfield,33,1,0.0,0.0,0.0,0.0,0.0,0.0,0.0,0.0,0,,0.0,0.0,0.0,0.0,0.0,0.0,0.0,0.0,0.0,0.0,0.0,1.0,0.0,0,0,0,0.0,0.0,0.0,0.0,0.0,,0.0,5.0,4.0,/home/runner/work/PLL_Analytics/PLL_Analytics/data/source_data/api_responses/season_2025/game_2025_quarterfinal_1/player_game_stats.json.gz,Quarterfinal 1
2025,post,2025_ev_43,2025_quarterfinal_1,2025_quarterfinal_1,41,12,2025-08-23,WAT,Waterdogs,WHP,Whipsnakes,WAT,Waterdogs,WHP,Whipsnakes,0,001810,Michael,Sowers,Michael Sowers,michael sowers,michael-sowers,https://img.premierlacrosseleague.com/Players/2026/michael-sowers.webp,A,Attack,22,1,8.0,4.0,4.0,0.0,4.0,4.0,6.0,0.6666666666666666,5,0.8333333333333334,0.0,0.0,0.0,0.0,0.0,0.0,0.0,0.0,0.0,0.0,0.0,1.0,0.0,0,0,0,0.0,0.0,0.0,0.0,0.0,,6.0,26.0,19.0,/home/runner/work/PLL_Analytics/PLL_Analytics/data/source_data/api_responses/season_2025/game_2025_quarterfinal_1/player_game_stats.json.gz,Quarterfinal 1
2025,post,2025_ev_43,2025_quarterfinal_1,2025_quarterfinal_1,41,12,2025-08-23,WAT,Waterdogs,WHP,Whipsnakes,WAT,Waterdogs,WHP,Whipsnakes,0,001391,Mikie,Schlosser,Mikie Schlosser,mikie schlosser,mikie-schlosser,https://img.premierlacrosseleague.com/Players/2026/mikie-schlosser.webp?v=4,M,Midfield,59,1,0.0,0.0,0.0,0.0,0.0,0.0,0.0,0.0,0,,0.0,0.0,0.0,0.0,0.0,0.0,0.0,0.0,0.0,0.0,0.0,1.0,0.0,0,0,0,0.0,0.0,0.0,0.0,0.0,,0.0,4.0,3.0,/home/runner/work/PLL_Analytics/PLL_Analytics/data/source_data/api_responses/season_2025/game_2025_quarterfinal_1/player_game_stats.json.gz,Quarterfinal 1
2025,post,2025_ev_43,2025_quarterfinal_1,2025_quarterfinal_1,41,12,2025-08-23,WAT,Waterdogs,WHP,Whipsnakes,WAT,Waterdogs,WHP,Whipsnakes,0,003027,Thomas,McConvey,Thomas McConvey,thomas mcconvey,thomas-mcconvey,https://img.premierlacrosseleague.com/Players/2026/thomas-mcconvey.webp,M,Midfield,12,1,0.0,0.0,0.0,0.0,0.0,0.0,1.0,0.0,1,1.0,0.0,0.0,0.0,0.0,0.0,0.0,0.0,0.0,0.0,0.0,2.0,1.0,1.0,0,0,0,0.0,0.0,0.0,0.0,0.0,,2.0,15.0,13.0,/home/runner/work/PLL_Analytics/PLL_Analytics/data/source_data/api_responses/season_2025/game_2025_quarterfinal_1/player_game_stats.json.gz,Quarterfinal 1
2025,post,2025_ev_43,2025_quarterfinal_1,2025_quarterfinal_1,41,12,2025-08-23,WAT,Waterdogs,WHP,Whipsnakes,WAT,Waterdogs,WHP,Whipsnakes,0,000409,Zach,Currier,Zach Currier,zach currier,zach-currier,https://img.premierlacrosseleague.com/Players/2026/zach-currier.webp?v=4,M,Midfield,77,1,0.0,0.0,0.0,0.0,0.0,0.0,2.0,0.0,1,0.5,0.0,0.0,0.0,0.0,0.0,0.0,0.0,0.0,0.0,0.0,7.0,2.0,1.0,2,0,2,1.0,0.0,0.0,0.0,0.0,2 - 2,0.0,21.0,17.0,/home/runner/work/PLL_Analytics/PLL_Analytics/data/source_data/api_responses/season_2025/game_2025_quarterfinal_1/player_game_stats.json.gz,Quarterfinal 1
2025,post,2025_ev_43,2025_quarterfinal_1,2025_quarterfinal_1,41,12,2025-08-23,WHP,Whipsnakes,WAT,Waterdogs,WHP,Whipsnakes,WAT,Waterdogs,1,003100,Adam,Poitras,Adam Poitras,adam poitras,adam-poitras,https://img.premierlacrosseleague.com/Players/2026/adam-poitras.webp?v=4,M,Midfield,51,1,1.0,0.0,0.0,0.0,0.0,1.0,1.0,0.0,1,1.0,0.0,0.0,0.0,0.0,0.0,0.0,0.0,0.0,0.0,0.0,4.0,1.0,0.0,0,0,0,0.0,0.0,0.0,0.0,0.0,,1.0,22.0,20.0,/home/runner/work/PLL_Analytics/PLL_Analytics/data/source_data/api_responses/season_2025/game_2025_quarterfinal_1/player_game_stats.json.gz,Quarterfinal 1
2025,post,2025_ev_43,2025_quarterfinal_1,2025_quarterfinal_1,41,12,2025-08-23,WHP,Whipsnakes,WAT,Waterdogs,WHP,Whipsnakes,WAT,Waterdogs,1,003165,Aidan,Carroll,Aidan Carroll,aidan carroll,aidan-carroll,https://img.premierlacrosseleague.com/Players/2026/aidan-carroll.webp,A,Attack,12,1,5.0,4.0,4.0,0.0,4.0,1.0,9.0,0.4444444444444444,7,0.7777777777777778,0.0,0.0,0.0,0.0,0.0,0.0,0.0,0.0,0.0,0.0,3.0,2.0,2.0,0,0,0,0.0,0.0,0.0,0.0,0.0,,3.0,43.0,32.0,/home/runner/work/PLL_Analytics/PLL_Analytics/data/source_data/api_responses/season_2025/game_2025_quarterfinal_1/player_game_stats.json.gz,Quarterfinal 1
2025,post,2025_ev_43,2025_quarterfinal_1,2025_quarterfinal_1,41,12,2025-08-23,WHP,Whipsnakes,WAT,Waterdogs,WHP,Whipsnakes,WAT,Waterdogs,1,003077,Ajax,Zappitello,Ajax Zappitello,ajax zappitello,ajax-zappitello,https://img.premierlacrosseleague.com/Players/2026/ajax-zappitello.webp?v=4,D,Defense,36,1,0.0,0.0,0.0,0.0,0.0,0.0,0.0,0.0,0,,0.0,0.0,0.0,0.0,0.0,0.0,0.0,0.0,0.0,0.0,5.0,0.0,1.0,0,0,0,0.0,0.0,0.0,0.0,0.0,,0.0,10.0,10.0,/home/runner/work/PLL_Analytics/PLL_Analytics/data/source_data/api_responses/season_2025/game_2025_quarterfinal_1/player_game_stats.json.gz,Quarterfinal 1
2025,post,2025_ev_43,2025_quarterfinal_1,2025_quarterfinal_1,41,12,2025-08-23,WHP,Whipsnakes,WAT,Waterdogs,WHP,Whipsnakes,WAT,Waterdogs,1,000390,Brad,Smith,Brad Smith,brad smith,brad-smith,https://img.premierlacrosseleague.com/Players/2026/brad-smith.webp,M,Midfield,27,1,3.0,2.0,0.0,1.0,1.0,1.0,4.0,0.25,2,0.5,2.0,0.0,0.0,0.0,0.0,0.0,0.0,0.0,0.0,0.0,0.0,0.0,0.0,0,0,0,0.0,0.0,0.0,0.0,0.0,,3.0,32.0,28.0,/home/runner/work/PLL_Analytics/PLL_Analytics/data/source_data/api_responses/season_2025/game_2025_quarterfinal_1/player_game_stats.json.gz,Quarterfinal 1
2025,post,2025_ev_43,2025_quarterfinal_1,2025_quarterfinal_1,41,12,2025-08-23,WHP,Whipsnakes,WAT,Waterdogs,WHP,Whipsnakes,WAT,Waterdogs,1,003180,Christian,Mazur,Christian Mazur,christian mazur,christian-mazur,https://img.premierlacrosseleague.com/Players/2025/christian-mazur.png?v=2,SSDM,Defensive Midfield,85,1,1.0,0.0,0.0,0.0,0.0,1.0,0.0,0.0,0,,0.0,0.0,0.0,0.0,0.0,0.0,0.0,0.0,0.0,0.0,1.0,1.0,0.0,0,1,1,0.0,0.0,0.0,0.0,0.0,0 - 1,1.0,5.0,4.0,/home/runner/work/PLL_Analytics/PLL_Analytics/data/source_data/api_responses/season_2025/game_2025_quarterfinal_1/player_game_stats.json.gz,Quarterfinal 1
2025,post,2025_ev_43,2025_quarterfinal_1,2025_quarterfinal_1,41,12,2025-08-23,WHP,Whipsnakes,WAT,Waterdogs,WHP,Whipsnakes,WAT,Waterdogs,1,001009,Colin,Heacock,Colin Heacock,colin heacock,colin-heacock,https://img.premierlacrosseleague.com/Players/2026/colin-heacock.webp,M,Midfield,10,1,1.0,1.0,1.0,0.0,1.0,0.0,5.0,0.2,4,0.8,0.0,0.0,0.0,0.0,0.0,0.0,0.0,0.0,0.0,0.0,1.0,1.0,0.0,0,0,0,0.0,0.0,0.0,0.0,0.0,,0.0,16.0,10.0,/home/runner/work/PLL_Analytics/PLL_Analytics/data/source_data/api_responses/season_2025/game_2025_quarterfinal_1/player_game_stats.json.gz,Quarterfinal 1
2025,post,2025_ev_43,2025_quarterfinal_1,2025_quarterfinal_1,41,12,2025-08-23,WHP,Whipsnakes,WAT,Waterdogs,WHP,Whipsnakes,WAT,Waterdogs,1,001831,Colin,Squires,Colin Squires,colin squires,colin-squires,https://img.premierlacrosseleague.com/Players/2025/colin-squires.png?v=4,LSM,Long Stick Midfield,39,1,0.0,0.0,0.0,0.0,0.0,0.0,0.0,0.0,0,,0.0,0.0,0.0,0.0,0.0,0.0,0.0,0.0,0.0,0.0,7.0,0.0,3.0,0,0,0,0.0,0.0,0.0,0.0,0.0,,0.0,9.0,9.0,/home/runner/work/PLL_Analytics/PLL_Analytics/data/source_data/api_responses/season_2025/game_2025_quarterfinal_1/player_game_stats.json.gz,Quarterfinal 1
2025,post,2025_ev_43,2025_quarterfinal_1,2025_quarterfinal_1,41,12,2025-08-23,WHP,Whipsnakes,WAT,Waterdogs,WHP,Whipsnakes,WAT,Waterdogs,1,003176,Emmet,Carroll,Emmet Carroll,emmet carroll,emmet-carroll,https://img.premierlacrosseleague.com/Players/2026/emmet-carroll.webp,G,Goalie,19,1,0.0,0.0,0.0,0.0,0.0,0.0,0.0,0.0,0,,0.0,13.0,3.0,10.0,0.48148,0.23076923076923078,14.0,0.0,14.0,14.0,0.0,0.0,0.0,0,0,0,0.0,14.0,0.0,0.0,0.0,,0.0,10.0,10.0,/home/runner/work/PLL_Analytics/PLL_Analytics/data/source_data/api_responses/season_2025/game_2025_quarterfinal_1/player_game_stats.json.gz,Quarterfinal 1
2025,post,2025_ev_43,2025_quarterfinal_1,2025_quarterfinal_1,41,12,2025-08-23,WHP,Whipsnakes,WAT,Waterdogs,WHP,Whipsnakes,WAT,Waterdogs,1,003173,Jack,McDonald,Jack McDonald,jack mcdonald,jack-mcdonald,https://img.premierlacrosseleague.com/Players/2026/jack-mcdonald.webp,LSM,Long Stick Midfield,11,1,0.0,0.0,0.0,0.0,0.0,0.0,1.0,0.0,0,0.0,1.0,0.0,0.0,0.0,0.0,0.0,0.0,0.0,0.0,0.0,0.0,0.0,1.0,0,0,0,0.0,0.0,0.0,0.0,0.0,,0.0,4.0,3.0,/home/runner/work/PLL_Analytics/PLL_Analytics/data/source_data/api_responses/season_2025/game_2025_quarterfinal_1/player_game_stats.json.gz,Quarterfinal 1
2025,post,2025_ev_43,2025_quarterfinal_1,2025_quarterfinal_1,41,12,2025-08-23,WHP,Whipsnakes,WAT,Waterdogs,WHP,Whipsnakes,WAT,Waterdogs,1,000345,Jake,Bernhardt,Jake Bernhardt,jake bernhardt,jake-bernhardt,https://img.premierlacrosseleague.com/Players/2026/jake-bernhardt.webp?v=4,SSDM,Defensive Midfield,83,1,0.0,0.0,0.0,0.0,0.0,0.0,0.0,0.0,0,,0.0,0.0,0.0,0.0,0.0,0.0,0.0,0.0,0.0,0.0,0.0,0.0,0.0,1,0,1,1.0,0.0,0.0,0.0,0.0,1 - 1,0.0,2.0,2.0,/home/runner/work/PLL_Analytics/PLL_Analytics/data/source_data/api_responses/season_2025/game_2025_quarterfinal_1/player_game_stats.json.gz,Quarterfinal 1
2025,post,2025_ev_43,2025_quarterfinal_1,2025_quarterfinal_1,41,12,2025-08-23,WHP,Whipsnakes,WAT,Waterdogs,WHP,Whipsnakes,WAT,Waterdogs,1,000350,Joseph,Nardella,Joseph Nardella,joseph nardella,joseph-nardella,https://img.premierlacrosseleague.com/Players/2025/joseph-nardella.png?v=3,FO,Faceoff,91,1,1.0,1.0,1.0,0.0,1.0,0.0,1.0,1.0,1,1.0,0.0,0.0,0.0,0.0,0.0,0.0,0.0,0.0,0.0,0.0,3.0,3.0,1.0,15,12,27,0.5555555555555556,0.0,0.0,0.0,0.0,15 - 27,0.0,8.0,4.0,/home/runner/work/PLL_Analytics/PLL_Analytics/data/source_data/api_responses/season_2025/game_2025_quarterfinal_1/player_game_stats.json.gz,Quarterfinal 1
2025,post,2025_ev_43,2025_quarterfinal_1,2025_quarterfinal_1,41,12,2025-08-23,WHP,Whipsnakes,WAT,Waterdogs,WHP,Whipsnakes,WAT,Waterdogs,1,003094,Levi,Anderson,Levi Anderson,levi anderson,levi-anderson,https://img.premierlacrosseleague.com/Players/2026/levi-anderson.webp?v=8,M,Midfield,88,1,1.0,1.0,1.0,0.0,1.0,0.0,2.0,0.5,1,0.5,0.0,0.0,0.0,0.0,0.0,0.0,0.0,0.0,0.0,0.0,0.0,2.0,0.0,0,0,0,0.0,0.0,0.0,0.0,0.0,,1.0,10.0,6.0,/home/runner/work/PLL_Analytics/PLL_Analytics/data/source_data/api_responses/season_2025/game_2025_quarterfinal_1/player_game_stats.json.gz,Quarterfinal 1
2025,post,2025_ev_43,2025_quarterfinal_1,2025_quarterfinal_1,41,12,2025-08-23,WHP,Whipsnakes,WAT,Waterdogs,WHP,Whipsnakes,WAT,Waterdogs,1,003081,Matt,Brandau,Matt Brandau,matt brandau,matt-brandau,https://img.premierlacrosseleague.com/Players/2026/matt-brandau.webp,M,Midfield,41,1,0.0,0.0,0.0,0.0,0.0,0.0,6.0,0.0,3,0.5,0.0,0.0,0.0,0.0,0.0,0.0,0.0,0.0,0.0,0.0,2.0,2.0,0.0,0,0,0,0.0,0.0,0.0,0.0,0.0,,0.0,27.0,19.0,/home/runner/work/PLL_Analytics/PLL_Analytics/data/source_data/api_responses/season_2025/game_2025_quarterfinal_1/player_game_stats.json.gz,Quarterfinal 1
2025,post,2025_ev_43,2025_quarterfinal_1,2025_quarterfinal_1,41,12,2025-08-23,WHP,Whipsnakes,WAT,Waterdogs,WHP,Whipsnakes,WAT,Waterdogs,1,000355,Matthew,Dunn,Matthew Dunn,matthew dunn,matthew-dunn,https://img.premierlacrosseleague.com/Players/2026/matthew-dunn.webp?v=4,D,Defense,33,1,0.0,0.0,0.0,0.0,0.0,0.0,0.0,0.0,0,,0.0,0.0,0.0,0.0,0.0,0.0,0.0,0.0,0.0,0.0,0.0,1.0,1.0,0,0,0,0.0,0.0,0.0,0.0,0.0,,0.0,3.0,2.0,/home/runner/work/PLL_Analytics/PLL_Analytics/data/source_data/api_responses/season_2025/game_2025_quarterfinal_1/player_game_stats.json.gz,Quarterfinal 1
2025,post,2025_ev_43,2025_quarterfinal_1,2025_quarterfinal_1,41,12,2025-08-23,WHP,Whipsnakes,WAT,Waterdogs,WHP,Whipsnakes,WAT,Waterdogs,1,000414,Rob,Pannell,Rob Pannell,rob pannell,rob-pannell,https://img.premierlacrosseleague.com/Players/2026/rob-pannell.webp,A,Attack,3,1,4.0,2.0,2.0,0.0,2.0,2.0,4.0,0.5,3,0.75,0.0,0.0,0.0,0.0,0.0,0.0,0.0,0.0,0.0,0.0,1.0,1.0,0.0,0,0,0,0.0,0.0,0.0,0.0,0.0,,2.0,29.0,24.0,/home/runner/work/PLL_Analytics/PLL_Analytics/data/source_data/api_responses/season_2025/game_2025_quarterfinal_1/player_game_stats.json.gz,Quarterfinal 1
2025,post,2025_ev_43,2025_quarterfinal_1,2025_quarterfinal_1,41,12,2025-08-23,WHP,Whipsnakes,WAT,Waterdogs,WHP,Whipsnakes,WAT,Waterdogs,1,002021,Roman,Puglise,Roman Puglise,roman puglise,roman-puglise,https://img.premierlacrosseleague.com/Players/2025/roman-puglise.png?v=4,SSDM,Defensive Midfield,8,1,0.0,0.0,0.0,0.0,0.0,0.0,0.0,0.0,0,,0.0,0.0,0.0,0.0,0.0,0.0,0.0,0.0,0.0,0.0,0.0,0.0,0.0,0,0,0,0.0,0.0,0.0,1.0,0.5,,0.0,1.0,1.0,/home/runner/work/PLL_Analytics/PLL_Analytics/data/source_data/api_responses/season_2025/game_2025_quarterfinal_1/player_game_stats.json.gz,Quarterfinal 1
2025,post,2025_ev_43,2025_quarterfinal_1,2025_quarterfinal_1,41,12,2025-08-23,WHP,Whipsnakes,WAT,Waterdogs,WHP,Whipsnakes,WAT,Waterdogs,1,003048,TJ,Malone,TJ Malone,tj malone,tj-malone,https://img.premierlacrosseleague.com/Players/2026/tj-malone.webp?v=6,A,Attack,7,1,2.0,1.0,1.0,0.0,1.0,1.0,6.0,0.16666666666666666,3,0.5,1.0,0.0,0.0,0.0,0.0,0.0,0.0,0.0,0.0,0.0,5.0,3.0,0.0,0,0,0,0.0,0.0,0.0,0.0,0.0,,2.0,32.0,23.0,/home/runner/work/PLL_Analytics/PLL_Analytics/data/source_data/api_responses/season_2025/game_2025_quarterfinal_1/player_game_stats.json.gz,Quarterfinal 1
2025,post,2025_ev_43,2025_quarterfinal_1,2025_quarterfinal_1,41,12,2025-08-23,WHP,Whipsnakes,WAT,Waterdogs,WHP,Whipsnakes,WAT,Waterdogs,1,000359,Tim,Muller,Tim Muller,tim muller,tim-muller,https://img.premierlacrosseleague.com/Players/2026/tim-muller.webp,D,Defense,14,1,0.0,0.0,0.0,0.0,0.0,0.0,0.0,0.0,0,,0.0,0.0,0.0,0.0,0.0,0.0,0.0,0.0,0.0,0.0,2.0,1.0,2.0,0,0,0,0.0,0.0,0.0,0.0,0.0,,0.0,5.0,4.0,/home/runner/work/PLL_Analytics/PLL_Analytics/data/source_data/api_responses/season_2025/game_2025_quarterfinal_1/player_game_stats.json.gz,Quarterfinal 1
2025,post,2025_ev_44,2025_quarterfinal_2,2025_quarterfinal_2,42,12,2025-08-24,CHA,Chaos,RED,Redwoods,CHA,Chaos,RED,Redwoods,0,001846,Adam,Charalambides,Adam Charalambides,adam charalambides,adam-charalambides,https://img.premierlacrosseleague.com/Players/2026/adam-charalambides.webp?v=4,A,Attack,8,1,1.0,1.0,1.0,0.0,1.0,0.0,6.0,0.16666666666666666,4,0.6666666666666666,0.0,0.0,0.0,0.0,0.0,0.0,0.0,0.0,0.0,0.0,1.0,1.0,0.0,0,0,0,0.0,0.0,0.0,0.0,0.0,,0.0,26.0,19.0,/home/runner/work/PLL_Analytics/PLL_Analytics/data/source_data/api_responses/season_2025/game_2025_quarterfinal_2/player_game_stats.json.gz,Quarterfinal 2
2025,post,2025_ev_44,2025_quarterfinal_2,2025_quarterfinal_2,42,12,2025-08-24,CHA,Chaos,RED,Redwoods,CHA,Chaos,RED,Redwoods,0,000258,Blaze,Riorden,Blaze Riorden,blaze riorden,blaze-riorden,https://img.premierlacrosseleague.com/Players/2026/blaze-riorden.webp?v=4,G,Goalie,0,1,0.0,0.0,0.0,0.0,0.0,0.0,0.0,0.0,0,,0.0,10.0,4.0,6.0,0.43478,0.4,13.0,1.0,14.0,14.0,0.0,0.0,0.0,0,0,0,0.0,13.0,1.0,0.0,0.0,,0.0,19.0,19.0,/home/runner/work/PLL_Analytics/PLL_Analytics/data/source_data/api_responses/season_2025/game_2025_quarterfinal_2/player_game_stats.json.gz,Quarterfinal 2
2025,post,2025_ev_44,2025_quarterfinal_2,2025_quarterfinal_2,42,12,2025-08-24,CHA,Chaos,RED,Redwoods,CHA,Chaos,RED,Redwoods,0,001843,Cole,Williams,Cole Williams,cole williams,cole-williams,https://img.premierlacrosseleague.com/Players/2026/cole-williams.webp,M,Midfield,4,1,1.0,1.0,1.0,0.0,1.0,0.0,2.0,0.5,2,1.0,0.0,0.0,0.0,0.0,0.0,0.0,0.0,0.0,0.0,0.0,0.0,0.0,0.0,0,0,0,0.0,0.0,0.0,0.0,0.0,,0.0,10.0,8.0,/home/runner/work/PLL_Analytics/PLL_Analytics/data/source_data/api_responses/season_2025/game_2025_quarterfinal_2/player_game_stats.json.gz,Quarterfinal 2
2025,post,2025_ev_44,2025_quarterfinal_2,2025_quarterfinal_2,42,12,2025-08-24,CHA,Chaos,RED,Redwoods,CHA,Chaos,RED,Redwoods,0,003206,Greg,Langermeier,Greg Langermeier,greg langermeier,greg-langermeier,https://img.premierlacrosseleague.com/Players/2026/greg-langermeier.webp,SSDM,Defensive Midfield,38,1,0.0,0.0,0.0,0.0,0.0,0.0,1.0,0.0,0,0.0,0.0,0.0,0.0,0.0,0.0,0.0,0.0,0.0,0.0,0.0,1.0,1.0,2.0,0,1,1,0.0,0.0,0.0,1.0,1.0,0 - 1,0.0,4.0,2.0,/home/runner/work/PLL_Analytics/PLL_Analytics/data/source_data/api_responses/season_2025/game_2025_quarterfinal_2/player_game_stats.json.gz,Quarterfinal 2
2025,post,2025_ev_44,2025_quarterfinal_2,2025_quarterfinal_2,42,12,2025-08-24,CHA,Chaos,RED,Redwoods,CHA,Chaos,RED,Redwoods,0,000365,Jack,Rowlett,Jack Rowlett,jack rowlett,jack-rowlett,https://img.premierlacrosseleague.com/Players/2026/jack-rowlett.webp?v=4,D,Defense,99,1,0.0,0.0,0.0,0.0,0.0,0.0,0.0,0.0,0,,0.0,0.0,0.0,0.0,0.0,0.0,0.0,0.0,0.0,0.0,1.0,0.0,1.0,0,0,0,0.0,0.0,0.0,0.0,0.0,,0.0,8.0,8.0,/home/runner/work/PLL_Analytics/PLL_Analytics/data/source_data/api_responses/season_2025/game_2025_quarterfinal_2/player_game_stats.json.gz,Quarterfinal 2
2025,post,2025_ev_44,2025_quarterfinal_2,2025_quarterfinal_2,42,12,2025-08-24,CHA,Chaos,RED,Redwoods,CHA,Chaos,RED,Redwoods,0,003192,Jackson,Eicher,Jackson Eicher,jackson eicher,jackson-eicher,https://img.premierlacrosseleague.com/Players/2026/jackson-eicher.webp?v=9,A,Attack,19,1,2.0,2.0,2.0,0.0,2.0,0.0,8.0,0.25,6,0.75,2.0,0.0,0.0,0.0,0.0,0.0,0.0,0.0,0.0,0.0,0.0,0.0,0.0,0,0,0,0.0,0.0,0.0,0.0,0.0,,0.0,22.0,14.0,/home/runner/work/PLL_Analytics/PLL_Analytics/data/source_data/api_responses/season_2025/game_2025_quarterfinal_2/player_game_stats.json.gz,Quarterfinal 2
2025,post,2025_ev_44,2025_quarterfinal_2,2025_quarterfinal_2,42,12,2025-08-24,CHA,Chaos,RED,Redwoods,CHA,Chaos,RED,Redwoods,0,000269,Jarrod,Neumann,Jarrod Neumann,jarrod neumann,jarrod-neumann,https://img.premierlacrosseleague.com/Players/2026/jarrod-neumann.webp,D,Defense,88,1,0.0,0.0,0.0,0.0,0.0,0.0,0.0,0.0,0,,0.0,0.0,0.0,0.0,0.0,0.0,0.0,0.0,0.0,0.0,1.0,0.0,0.0,0,0,0,0.0,0.0,0.0,0.0,0.0,,0.0,12.0,12.0,/home/runner/work/PLL_Analytics/PLL_Analytics/data/source_data/api_responses/season_2025/game_2025_quarterfinal_2/player_game_stats.json.gz,Quarterfinal 2
2025,post,2025_ev_44,2025_quarterfinal_2,2025_quarterfinal_2,42,12,2025-08-24,CHA,Chaos,RED,Redwoods,CHA,Chaos,RED,Redwoods,0,003092,Josh,Zawada,Josh Zawada,josh zawada,josh-zawada,https://img.premierlacrosseleague.com/Players/2025/josh-zawada.png?v=3,A,Attack,79,1,0.0,0.0,0.0,0.0,0.0,0.0,2.0,0.0,1,0.5,0.0,0.0,0.0,0.0,0.0,0.0,0.0,0.0,0.0,0.0,1.0,3.0,0.0,0,0,0,0.0,0.0,0.0,0.0,0.0,,3.0,21.0,16.0,/home/runner/work/PLL_Analytics/PLL_Analytics/data/source_data/api_responses/season_2025/game_2025_quarterfinal_2/player_game_stats.json.gz,Quarterfinal 2
2025,post,2025_ev_44,2025_quarterfinal_2,2025_quarterfinal_2,42,12,2025-08-24,CHA,Chaos,RED,Redwoods,CHA,Chaos,RED,Redwoods,0,002032,Justin,Inacio,Justin Inacio,justin inacio,justin-inacio,https://img.premierlacrosseleague.com/Players/2026/justin-inacio.webp,FO,Faceoff,45,1,0.0,0.0,0.0,0.0,0.0,0.0,2.0,0.0,2,1.0,0.0,0.0,0.0,0.0,0.0,0.0,0.0,0.0,0.0,0.0,13.0,0.0,0.0,15,11,26,0.5769230769230769,0.0,0.0,0.0,0.0,15 - 26,0.0,10.0,8.0,/home/runner/work/PLL_Analytics/PLL_Analytics/data/source_data/api_responses/season_2025/game_2025_quarterfinal_2/player_game_stats.json.gz,Quarterfinal 2
2025,post,2025_ev_44,2025_quarterfinal_2,2025_quarterfinal_2,42,12,2025-08-24,CHA,Chaos,RED,Redwoods,CHA,Chaos,RED,Redwoods,0,003171,Levi,Verch,Levi Verch,levi verch,levi-verch,https://img.premierlacrosseleague.com/Players/2026/levi-verch.webp?v=4,LSM,Long Stick Midfield,60,1,0.0,0.0,0.0,0.0,0.0,0.0,0.0,0.0,0,,0.0,0.0,0.0,0.0,0.0,0.0,0.0,0.0,0.0,0.0,1.0,0.0,0.0,0,0,0,0.0,0.0,0.0,1.0,1.0,,0.0,1.0,1.0,/home/runner/work/PLL_Analytics/PLL_Analytics/data/source_data/api_responses/season_2025/game_2025_quarterfinal_2/player_game_stats.json.gz,Quarterfinal 2
2025,post,2025_ev_44,2025_quarterfinal_2,2025_quarterfinal_2,42,12,2025-08-24,CHA,Chaos,RED,Redwoods,CHA,Chaos,RED,Redwoods,0,000275,Mark,Glicini,Mark Glicini,mark glicini,mark-glicini,https://img.premierlacrosseleague.com/Players/2026/mark-glicini.webp,SSDM,Defensive Midfield,16,1,0.0,0.0,0.0,0.0,0.0,0.0,0.0,0.0,0,,0.0,0.0,0.0,0.0,0.0,0.0,0.0,0.0,0.0,0.0,1.0,1.0,0.0,0,2,2,0.0,0.0,0.0,1.0,1.0,0 - 2,0.0,10.0,9.0,/home/runner/work/PLL_Analytics/PLL_Analytics/data/source_data/api_responses/season_2025/game_2025_quarterfinal_2/player_game_stats.json.gz,Quarterfinal 2
2025,post,2025_ev_44,2025_quarterfinal_2,2025_quarterfinal_2,42,12,2025-08-24,CHA,Chaos,RED,Redwoods,CHA,Chaos,RED,Redwoods,0,003166,Owen,Hiltz,Owen Hiltz,owen hiltz,owen-hiltz,https://img.premierlacrosseleague.com/Players/2026/owen-hiltz.webp?v=5,A,Attack,77,1,4.0,2.0,2.0,0.0,2.0,2.0,7.0,0.2857142857142857,4,0.5714285714285714,0.0,0.0,0.0,0.0,0.0,0.0,0.0,0.0,0.0,0.0,2.0,1.0,0.0,0,0,0,0.0,0.0,0.0,0.0,0.0,,3.0,26.0,18.0,/home/runner/work/PLL_Analytics/PLL_Analytics/data/source_data/api_responses/season_2025/game_2025_quarterfinal_2/player_game_stats.json.gz,Quarterfinal 2
2025,post,2025_ev_44,2025_quarterfinal_2,2025_quarterfinal_2,42,12,2025-08-24,CHA,Chaos,RED,Redwoods,CHA,Chaos,RED,Redwoods,0,003212,Ray,Dearth,Ray Dearth,ray dearth,ray-dearth,https://img.premierlacrosseleague.com/Players/2026/ray-dearth.webp,SSDM,Defensive Midfield,9,1,1.0,1.0,1.0,0.0,1.0,0.0,2.0,0.5,2,1.0,0.0,0.0,0.0,0.0,0.0,0.0,0.0,0.0,0.0,0.0,0.0,0.0,0.0,0,0,0,0.0,0.0,0.0,0.0,0.0,,0.0,6.0,4.0,/home/runner/work/PLL_Analytics/PLL_Analytics/data/source_data/api_responses/season_2025/game_2025_quarterfinal_2/player_game_stats.json.gz,Quarterfinal 2
2025,post,2025_ev_44,2025_quarterfinal_2,2025_quarterfinal_2,42,12,2025-08-24,CHA,Chaos,RED,Redwoods,CHA,Chaos,RED,Redwoods,0,003093,Ross,Scott,Ross Scott,ross scott,ross-scott,https://img.premierlacrosseleague.com/Players/2026/ross-scott.webp,M,Midfield,15,1,0.0,0.0,0.0,0.0,0.0,0.0,2.0,0.0,0,0.0,0.0,0.0,0.0,0.0,0.0,0.0,0.0,0.0,0.0,0.0,0.0,0.0,0.0,0,0,0,0.0,0.0,0.0,0.0,0.0,,1.0,17.0,15.0,/home/runner/work/PLL_Analytics/PLL_Analytics/data/source_data/api_responses/season_2025/game_2025_quarterfinal_2/player_game_stats.json.gz,Quarterfinal 2
2025,post,2025_ev_44,2025_quarterfinal_2,2025_quarterfinal_2,42,12,2025-08-24,CHA,Chaos,RED,Redwoods,CHA,Chaos,RED,Redwoods,0,003103,Scott,Smith,Scott Smith,scott smith,scott-smith,https://img.premierlacrosseleague.com/Players/2026/scott-smith.webp,D,Defense,18,1,0.0,0.0,0.0,0.0,0.0,0.0,1.0,0.0,1,1.0,0.0,0.0,0.0,0.0,0.0,0.0,0.0,0.0,0.0,0.0,3.0,0.0,1.0,0,0,0,0.0,0.0,0.0,0.0,0.0,,0.0,4.0,3.0,/home/runner/work/PLL_Analytics/PLL_Analytics/data/source_data/api_responses/season_2025/game_2025_quarterfinal_2/player_game_stats.json.gz,Quarterfinal 2
2025,post,2025_ev_44,2025_quarterfinal_2,2025_quarterfinal_2,42,12,2025-08-24,CHA,Chaos,RED,Redwoods,CHA,Chaos,RED,Redwoods,0,000333,Sergio,Perkovic,Sergio Perkovic,sergio perkovic,sergio-perkovic,https://img.premierlacrosseleague.com/Players/2026/sergio-perkovic.png,M,Midfield,30,1,2.0,2.0,2.0,0.0,2.0,0.0,2.0,1.0,2,1.0,0.0,0.0,0.0,0.0,0.0,0.0,0.0,0.0,0.0,0.0,1.0,0.0,0.0,0,0,0,0.0,0.0,0.0,0.0,0.0,,1.0,8.0,6.0,/home/runner/work/PLL_Analytics/PLL_Analytics/data/source_data/api_responses/season_2025/game_2025_quarterfinal_2/player_game_stats.json.gz,Quarterfinal 2
2025,post,2025_ev_44,2025_quarterfinal_2,2025_quarterfinal_2,42,12,2025-08-24,CHA,Chaos,RED,Redwoods,CHA,Chaos,RED,Redwoods,0,003078,Shane,Knobloch,Shane Knobloch,shane knobloch,shane-knobloch,https://img.premierlacrosseleague.com/Players/2026/shane-knobloch.webp,M,Midfield,27,1,3.0,3.0,3.0,0.0,3.0,0.0,8.0,0.375,7,0.875,1.0,0.0,0.0,0.0,0.0,0.0,0.0,0.0,0.0,0.0,0.0,1.0,0.0,0,0,0,0.0,0.0,0.0,0.0,0.0,,2.0,31.0,22.0,/home/runner/work/PLL_Analytics/PLL_Analytics/data/source_data/api_responses/season_2025/game_2025_quarterfinal_2/player_game_stats.json.gz,Quarterfinal 2
2025,post,2025_ev_44,2025_quarterfinal_2,2025_quarterfinal_2,42,12,2025-08-24,CHA,Chaos,RED,Redwoods,CHA,Chaos,RED,Redwoods,0,000281,Troy,Reh,Troy Reh,troy reh,troy-reh,https://img.premierlacrosseleague.com/Players/2026/troy-reh.webp?v=4,LSM,Long Stick Midfield,10,1,0.0,0.0,0.0,0.0,0.0,0.0,0.0,0.0,0,,0.0,0.0,0.0,0.0,0.0,0.0,0.0,0.0,0.0,0.0,5.0,1.0,0.0,0,0,0,0.0,0.0,0.0,0.0,0.0,,0.0,16.0,15.0,/home/runner/work/PLL_Analytics/PLL_Analytics/data/source_data/api_responses/season_2025/game_2025_quarterfinal_2/player_game_stats.json.gz,Quarterfinal 2
2025,post,2025_ev_44,2025_quarterfinal_2,2025_quarterfinal_2,42,12,2025-08-24,RED,Redwoods,CHA,Chaos,RED,Redwoods,CHA,Chaos,1,003156,Aidan,Danenza,Aidan Danenza,aidan danenza,aidan-danenza,https://img.premierlacrosseleague.com/Players/2026/aidan-danenza.webp,M,Midfield,88,1,1.0,1.0,1.0,0.0,1.0,0.0,5.0,0.2,3,0.6,0.0,0.0,0.0,0.0,0.0,0.0,0.0,0.0,0.0,0.0,1.0,2.0,0.0,0,0,0,0.0,0.0,0.0,0.0,0.0,,0.0,25.0,18.0,/home/runner/work/PLL_Analytics/PLL_Analytics/data/source_data/api_responses/season_2025/game_2025_quarterfinal_2/player_game_stats.json.gz,Quarterfinal 2
2025,post,2025_ev_44,2025_quarterfinal_2,2025_quarterfinal_2,42,12,2025-08-24,RED,Redwoods,CHA,Chaos,RED,Redwoods,CHA,Chaos,1,003160,Andrew,McAdorey,Andrew McAdorey,andrew mcadorey,andrew-mcadorey,https://img.premierlacrosseleague.com/Players/2026/andrew-mcadorey.webp,M,Midfield,2,1,4.0,4.0,4.0,0.0,4.0,0.0,7.0,0.5714285714285714,4,0.5714285714285714,0.0,0.0,0.0,0.0,0.0,0.0,0.0,0.0,0.0,0.0,0.0,4.0,0.0,0,1,1,0.0,0.0,0.0,1.0,0.5,0 - 1,2.0,28.0,17.0,/home/runner/work/PLL_Analytics/PLL_Analytics/data/source_data/api_responses/season_2025/game_2025_quarterfinal_2/player_game_stats.json.gz,Quarterfinal 2
2025,post,2025_ev_44,2025_quarterfinal_2,2025_quarterfinal_2,42,12,2025-08-24,RED,Redwoods,CHA,Chaos,RED,Redwoods,CHA,Chaos,1,003059,BJ,Farrare,BJ Farrare,bj farrare,bj-farrare,https://img.premierlacrosseleague.com/Players/2026/bj-farrare.webp,SSDM,Defensive Midfield,70,1,0.0,0.0,0.0,0.0,0.0,0.0,1.0,0.0,0,0.0,0.0,0.0,0.0,0.0,0.0,0.0,0.0,0.0,0.0,0.0,1.0,0.0,0.0,0,0,0,0.0,0.0,0.0,0.0,0.0,,0.0,5.0,4.0,/home/runner/work/PLL_Analytics/PLL_Analytics/data/source_data/api_responses/season_2025/game_2025_quarterfinal_2/player_game_stats.json.gz,Quarterfinal 2
2025,post,2025_ev_44,2025_quarterfinal_2,2025_quarterfinal_2,42,12,2025-08-24,RED,Redwoods,CHA,Chaos,RED,Redwoods,CHA,Chaos,1,003024,Brian,Tevlin,Brian Tevlin,brian tevlin,brian-tevlin,https://img.premierlacrosseleague.com/Players/2026/brian-tevlin.webp,SSDM,Defensive Midfield,12,1,0.0,0.0,0.0,0.0,0.0,0.0,1.0,0.0,0,0.0,0.0,0.0,0.0,0.0,0.0,0.0,0.0,0.0,0.0,0.0,1.0,0.0,0.0,0,0,0,0.0,0.0,0.0,1.0,0.5,,0.0,14.0,13.0,/home/runner/work/PLL_Analytics/PLL_Analytics/data/source_data/api_responses/season_2025/game_2025_quarterfinal_2/player_game_stats.json.gz,Quarterfinal 2
2025,post,2025_ev_44,2025_quarterfinal_2,2025_quarterfinal_2,42,12,2025-08-24,RED,Redwoods,CHA,Chaos,RED,Redwoods,CHA,Chaos,1,003185,Carter,Rice,Carter Rice,carter rice,carter-rice,https://img.premierlacrosseleague.com/Players/2026/carter-rice.webp,SSDM,Defensive Midfield,3,1,0.0,0.0,0.0,0.0,0.0,0.0,0.0,0.0,0,,0.0,0.0,0.0,0.0,0.0,0.0,0.0,0.0,0.0,0.0,0.0,0.0,1.0,0,0,0,0.0,0.0,0.0,0.0,0.0,,0.0,6.0,6.0,/home/runner/work/PLL_Analytics/PLL_Analytics/data/source_data/api_responses/season_2025/game_2025_quarterfinal_2/player_game_stats.json.gz,Quarterfinal 2
2025,post,2025_ev_44,2025_quarterfinal_2,2025_quarterfinal_2,42,12,2025-08-24,RED,Redwoods,CHA,Chaos,RED,Redwoods,CHA,Chaos,1,001832,Charlie,Bertrand,Charlie Bertrand,charlie bertrand,charlie-bertrand,https://img.premierlacrosseleague.com/Players/2026/charlie-bertrand.png,M,Midfield,41,1,2.0,2.0,2.0,0.0,2.0,0.0,3.0,0.6666666666666666,3,1.0,0.0,0.0,0.0,0.0,0.0,0.0,0.0,0.0,0.0,0.0,1.0,0.0,0.0,0,0,0,0.0,0.0,0.0,0.0,0.0,,0.0,12.0,9.0,/home/runner/work/PLL_Analytics/PLL_Analytics/data/source_data/api_responses/season_2025/game_2025_quarterfinal_2/player_game_stats.json.gz,Quarterfinal 2
2025,post,2025_ev_44,2025_quarterfinal_2,2025_quarterfinal_2,42,12,2025-08-24,RED,Redwoods,CHA,Chaos,RED,Redwoods,CHA,Chaos,1,003102,Chayse,Ierlan,Chayse Ierlan,chayse ierlan,chayse-ierlan,https://img.premierlacrosseleague.com/Players/2025/chayse-ierlan.png?v=3,G,Goalie,22,1,0.0,0.0,0.0,0.0,0.0,0.0,0.0,0.0,0,,0.0,18.0,6.0,12.0,0.6,0.3333333333333333,12.0,0.0,12.0,12.0,4.0,0.0,0.0,0,0,0,0.0,12.0,0.0,0.0,0.0,,0.0,21.0,21.0,/home/runner/work/PLL_Analytics/PLL_Analytics/data/source_data/api_responses/season_2025/game_2025_quarterfinal_2/player_game_stats.json.gz,Quarterfinal 2
2025,post,2025_ev_44,2025_quarterfinal_2,2025_quarterfinal_2,42,12,2025-08-24,RED,Redwoods,CHA,Chaos,RED,Redwoods,CHA,Chaos,1,003109,Chris,Conlin,Chris Conlin,chris conlin,chris-conlin,https://img.premierlacrosseleague.com/Players/2026/chris-conlin.webp,D,Defense,20,1,0.0,0.0,0.0,0.0,0.0,0.0,0.0,0.0,0,,0.0,0.0,0.0,0.0,0.0,0.0,0.0,0.0,0.0,0.0,2.0,0.0,1.0,0,0,0,0.0,0.0,0.0,0.0,0.0,,0.0,8.0,8.0,/home/runner/work/PLL_Analytics/PLL_Analytics/data/source_data/api_responses/season_2025/game_2025_quarterfinal_2/player_game_stats.json.gz,Quarterfinal 2
2025,post,2025_ev_44,2025_quarterfinal_2,2025_quarterfinal_2,42,12,2025-08-24,RED,Redwoods,CHA,Chaos,RED,Redwoods,CHA,Chaos,1,003029,Chris,Fake,Chris Fake,chris fake,chris-fake,https://img.premierlacrosseleague.com/Players/2026/chris-fake.webp,D,Defense,31,1,0.0,0.0,0.0,0.0,0.0,0.0,0.0,0.0,0,,0.0,0.0,0.0,0.0,0.0,0.0,0.0,0.0,0.0,0.0,4.0,1.0,1.0,0,0,0,0.0,0.0,0.0,0.0,0.0,,1.0,13.0,12.0,/home/runner/work/PLL_Analytics/PLL_Analytics/data/source_data/api_responses/season_2025/game_2025_quarterfinal_2/player_game_stats.json.gz,Quarterfinal 2
2025,post,2025_ev_44,2025_quarterfinal_2,2025_quarterfinal_2,42,12,2025-08-24,RED,Redwoods,CHA,Chaos,RED,Redwoods,CHA,Chaos,1,003168,Chris,Kavanagh,Chris Kavanagh,chris kavanagh,chris-kavanagh,https://img.premierlacrosseleague.com/Players/2026/chris-kavanagh.webp?v=4,A,Attack,96,1,3.0,3.0,3.0,0.0,3.0,0.0,9.0,0.3333333333333333,5,0.5555555555555556,2.0,0.0,0.0,0.0,0.0,0.0,0.0,0.0,0.0,0.0,0.0,0.0,1.0,0,0,0,0.0,0.0,0.0,0.0,0.0,,5.0,25.0,16.0,/home/runner/work/PLL_Analytics/PLL_Analytics/data/source_data/api_responses/season_2025/game_2025_quarterfinal_2/player_game_stats.json.gz,Quarterfinal 2
2025,post,2025_ev_44,2025_quarterfinal_2,2025_quarterfinal_2,42,12,2025-08-24,RED,Redwoods,CHA,Chaos,RED,Redwoods,CHA,Chaos,1,003105,Cole,Kastner,Cole Kastner,cole kastner,cole-kastner,https://img.premierlacrosseleague.com/Players/2026/cole-kastner.webp,D,Defense,39,1,0.0,0.0,0.0,0.0,0.0,0.0,0.0,0.0,0,,0.0,0.0,0.0,0.0,0.0,0.0,0.0,0.0,0.0,0.0,2.0,0.0,0.0,0,0,0,0.0,0.0,0.0,0.0,0.0,,0.0,7.0,7.0,/home/runner/work/PLL_Analytics/PLL_Analytics/data/source_data/api_responses/season_2025/game_2025_quarterfinal_2/player_game_stats.json.gz,Quarterfinal 2
2025,post,2025_ev_44,2025_quarterfinal_2,2025_quarterfinal_2,42,12,2025-08-24,RED,Redwoods,CHA,Chaos,RED,Redwoods,CHA,Chaos,1,001001,Dylan,Molloy,Dylan Molloy,dylan molloy,dylan-molloy,https://img.premierlacrosseleague.com/Players/2026/dylan-molloy.webp,A,Attack,4,1,1.0,1.0,1.0,0.0,1.0,0.0,6.0,0.16666666666666666,3,0.5,0.0,0.0,0.0,0.0,0.0,0.0,0.0,0.0,0.0,0.0,0.0,2.0,0.0,0,0,0,0.0,0.0,0.0,0.0,0.0,,1.0,18.0,10.0,/home/runner/work/PLL_Analytics/PLL_Analytics/data/source_data/api_responses/season_2025/game_2025_quarterfinal_2/player_game_stats.json.gz,Quarterfinal 2
2025,post,2025_ev_44,2025_quarterfinal_2,2025_quarterfinal_2,42,12,2025-08-24,RED,Redwoods,CHA,Chaos,RED,Redwoods,CHA,Chaos,1,001813,Jared,Conners,Jared Conners,jared conners,jared-conners,https://img.premierlacrosseleague.com/Players/2026/jared-conners.webp?v=6,LSM,Long Stick Midfield,28,1,0.0,0.0,0.0,0.0,0.0,0.0,0.0,0.0,0,,0.0,0.0,0.0,0.0,0.0,0.0,0.0,0.0,0.0,0.0,3.0,1.0,0.0,0,0,0,0.0,0.0,0.0,2.0,1.5,,0.0,10.0,9.0,/home/runner/work/PLL_Analytics/PLL_Analytics/data/source_data/api_responses/season_2025/game_2025_quarterfinal_2/player_game_stats.json.gz,Quarterfinal 2
2025,post,2025_ev_44,2025_quarterfinal_2,2025_quarterfinal_2,42,12,2025-08-24,RED,Redwoods,CHA,Chaos,RED,Redwoods,CHA,Chaos,1,003211,Josh,Balcarcel,Josh Balcarcel,josh balcarcel,josh-balcarcel,https://img.premierlacrosseleague.com/Players/2026/josh-balcarcel.webp,M,Midfield,34,1,0.0,0.0,0.0,0.0,0.0,0.0,2.0,0.0,1,0.5,0.0,0.0,0.0,0.0,0.0,0.0,0.0,0.0,0.0,0.0,0.0,1.0,0.0,0,0,0,0.0,0.0,0.0,0.0,0.0,,0.0,13.0,10.0,/home/runner/work/PLL_Analytics/PLL_Analytics/data/source_data/api_responses/season_2025/game_2025_quarterfinal_2/player_game_stats.json.gz,Quarterfinal 2
2025,post,2025_ev_44,2025_quarterfinal_2,2025_quarterfinal_2,42,12,2025-08-24,RED,Redwoods,CHA,Chaos,RED,Redwoods,CHA,Chaos,1,000305,Romar,Dennis,Romar Dennis,romar dennis,romar-dennis,https://img.premierlacrosseleague.com/Players/2026/romar-dennis.webp,M,Midfield,5,1,2.0,2.0,0.0,1.0,1.0,0.0,3.0,0.3333333333333333,1,0.3333333333333333,1.0,0.0,0.0,0.0,0.0,0.0,0.0,0.0,0.0,0.0,0.0,0.0,0.0,0,0,0,0.0,0.0,0.0,0.0,0.0,,1.0,9.0,6.0,/home/runner/work/PLL_Analytics/PLL_Analytics/data/source_data/api_responses/season_2025/game_2025_quarterfinal_2/player_game_stats.json.gz,Quarterfinal 2
2025,post,2025_ev_44,2025_quarterfinal_2,2025_quarterfinal_2,42,12,2025-08-24,RED,Redwoods,CHA,Chaos,RED,Redwoods,CHA,Chaos,1,000373,Ryder,Garnsey,Ryder Garnsey,ryder garnsey,ryder-garnsey,https://img.premierlacrosseleague.com/Players/2026/ryder-garnsey.webp?v=4,A,Attack,50,1,2.0,0.0,0.0,0.0,0.0,2.0,4.0,0.0,1,0.25,0.0,0.0,0.0,0.0,0.0,0.0,0.0,0.0,0.0,0.0,1.0,0.0,0.0,0,0,0,0.0,0.0,0.0,0.0,0.0,,6.0,31.0,27.0,/home/runner/work/PLL_Analytics/PLL_Analytics/data/source_data/api_responses/season_2025/game_2025_quarterfinal_2/player_game_stats.json.gz,Quarterfinal 2
2025,post,2025_ev_44,2025_quarterfinal_2,2025_quarterfinal_2,42,12,2025-08-24,RED,Redwoods,CHA,Chaos,RED,Redwoods,CHA,Chaos,1,000416,Ryland,Rees,Ryland Rees,ryland rees,ryland-rees,https://img.premierlacrosseleague.com/Players/2025/ryland-rees.png?v=3,LSM,Long Stick Midfield,17,1,0.0,0.0,0.0,0.0,0.0,0.0,1.0,0.0,1,1.0,1.0,0.0,0.0,0.0,0.0,0.0,0.0,0.0,0.0,0.0,0.0,0.0,1.0,0,0,0,0.0,0.0,0.0,0.0,0.0,,0.0,1.0,0.0,/home/runner/work/PLL_Analytics/PLL_Analytics/data/source_data/api_responses/season_2025/game_2025_quarterfinal_2/player_game_stats.json.gz,Quarterfinal 2
2025,post,2025_ev_44,2025_quarterfinal_2,2025_quarterfinal_2,42,12,2025-08-24,RED,Redwoods,CHA,Chaos,RED,Redwoods,CHA,Chaos,1,001812,TD,Ierlan,TD Ierlan,td ierlan,td-ierlan,https://img.premierlacrosseleague.com/Players/2026/td-ierlan.webp,FO,Faceoff,6,1,1.0,1.0,1.0,0.0,1.0,0.0,1.0,1.0,1,1.0,0.0,0.0,0.0,0.0,0.0,0.0,0.0,0.0,0.0,0.0,5.0,0.0,0.0,14,14,28,0.5,0.0,0.0,1.0,0.5,14 - 28,1.0,5.0,4.0,/home/runner/work/PLL_Analytics/PLL_Analytics/data/source_data/api_responses/season_2025/game_2025_quarterfinal_2/player_game_stats.json.gz,Quarterfinal 2
2025,post,2025_ev_48,2025_semifinal_2,2025_semifinal_2,43,13,2025-09-01,ATL,Atlas,WAT,Waterdogs,ATL,Atlas,WAT,Waterdogs,1,003009,Brett,Makar,Brett Makar,brett makar,brett-makar,https://img.premierlacrosseleague.com/Players/2026/brett-makar.webp,D,Defense,43,1,0.0,0.0,0.0,0.0,0.0,0.0,1.0,0.0,1,1.0,1.0,0.0,0.0,0.0,0.0,0.0,0.0,0.0,0.0,0.0,5.0,1.0,0.0,0,0,0,0.0,0.0,0.0,0.0,0.0,,0.0,7.0,5.0,/home/runner/work/PLL_Analytics/PLL_Analytics/data/source_data/api_responses/season_2025/game_2025_semifinal_2/player_game_stats.json.gz,Semifinal 2
2025,post,2025_ev_48,2025_semifinal_2,2025_semifinal_2,43,13,2025-09-01,ATL,Atlas,WAT,Waterdogs,ATL,Atlas,WAT,Waterdogs,1,000395,Bryan,Costabile,Bryan Costabile,bryan costabile,bryan-costabile,https://img.premierlacrosseleague.com/Players/2026/bryan-costabile.webp,M,Midfield,26,1,0.0,0.0,0.0,0.0,0.0,0.0,6.0,0.0,3,0.5,3.0,0.0,0.0,0.0,0.0,0.0,0.0,0.0,0.0,0.0,1.0,2.0,0.0,0,0,0,0.0,0.0,0.0,0.0,0.0,,0.0,36.0,28.0,/home/runner/work/PLL_Analytics/PLL_Analytics/data/source_data/api_responses/season_2025/game_2025_semifinal_2/player_game_stats.json.gz,Semifinal 2
2025,post,2025_ev_48,2025_semifinal_2,2025_semifinal_2,43,13,2025-09-01,ATL,Atlas,WAT,Waterdogs,ATL,Atlas,WAT,Waterdogs,1,003039,Chet,Comizio,Chet Comizio,chet comizio,chet-comizio,https://img.premierlacrosseleague.com/Players/2026/chet-comizio.webp,SSDM,Defensive Midfield,57,1,0.0,0.0,0.0,0.0,0.0,0.0,0.0,0.0,0,,0.0,0.0,0.0,0.0,0.0,0.0,0.0,0.0,0.0,0.0,1.0,0.0,0.0,0,0,0,0.0,0.0,0.0,0.0,0.0,,0.0,5.0,5.0,/home/runner/work/PLL_Analytics/PLL_Analytics/data/source_data/api_responses/season_2025/game_2025_semifinal_2/player_game_stats.json.gz,Semifinal 2
2025,post,2025_ev_48,2025_semifinal_2,2025_semifinal_2,43,13,2025-09-01,ATL,Atlas,WAT,Waterdogs,ATL,Atlas,WAT,Waterdogs,1,003076,Connor,Shellenberger,Connor Shellenberger,connor shellenberger,connor-shellenberger,https://img.premierlacrosseleague.com/Players/2026/connor-shellenberger.webp?v=4,A,Attack,1,1,5.0,1.0,1.0,0.0,1.0,4.0,2.0,0.5,2,1.0,0.0,0.0,0.0,0.0,0.0,0.0,0.0,0.0,0.0,0.0,3.0,1.0,0.0,0,0,0,0.0,0.0,0.0,0.0,0.0,,7.0,31.0,28.0,/home/runner/work/PLL_Analytics/PLL_Analytics/data/source_data/api_responses/season_2025/game_2025_semifinal_2/player_game_stats.json.gz,Semifinal 2
2025,post,2025_ev_48,2025_semifinal_2,2025_semifinal_2,43,13,2025-09-01,ATL,Atlas,WAT,Waterdogs,ATL,Atlas,WAT,Waterdogs,1,001819,Danny,Logan,Danny Logan,danny logan,danny-logan,https://img.premierlacrosseleague.com/Players/2026/danny-logan.webp?v=4,SSDM,Defensive Midfield,91,1,0.0,0.0,0.0,0.0,0.0,0.0,0.0,0.0,0,,0.0,0.0,0.0,0.0,0.0,0.0,0.0,0.0,0.0,0.0,3.0,0.0,0.0,0,0,0,0.0,0.0,0.0,0.0,0.0,,0.0,7.0,7.0,/home/runner/work/PLL_Analytics/PLL_Analytics/data/source_data/api_responses/season_2025/game_2025_semifinal_2/player_game_stats.json.gz,Semifinal 2
2025,post,2025_ev_48,2025_semifinal_2,2025_semifinal_2,43,13,2025-09-01,ATL,Atlas,WAT,Waterdogs,ATL,Atlas,WAT,Waterdogs,1,003008,Gavin,Adler,Gavin Adler,gavin adler,gavin-adler,https://img.premierlacrosseleague.com/Players/2026/gavin-adler.webp,D,Defense,77,1,0.0,0.0,0.0,0.0,0.0,0.0,0.0,0.0,0,,0.0,0.0,0.0,0.0,0.0,0.0,0.0,0.0,0.0,0.0,2.0,0.0,2.0,0,0,0,0.0,0.0,0.0,0.0,0.0,,0.0,6.0,6.0,/home/runner/work/PLL_Analytics/PLL_Analytics/data/source_data/api_responses/season_2025/game_2025_semifinal_2/player_game_stats.json.gz,Semifinal 2
2025,post,2025_ev_48,2025_semifinal_2,2025_semifinal_2,43,13,2025-09-01,ATL,Atlas,WAT,Waterdogs,ATL,Atlas,WAT,Waterdogs,1,003186,Hugh,Kelleher,Hugh Kelleher,hugh kelleher,hugh-kelleher,https://img.premierlacrosseleague.com/Players/2026/hugh-kelleher.webp?v=3,M,Midfield,27,1,0.0,0.0,0.0,0.0,0.0,0.0,5.0,0.0,4,0.8,2.0,0.0,0.0,0.0,0.0,0.0,0.0,0.0,0.0,0.0,0.0,0.0,0.0,0,0,0,0.0,0.0,0.0,2.0,1.5,,0.0,13.0,8.0,/home/runner/work/PLL_Analytics/PLL_Analytics/data/source_data/api_responses/season_2025/game_2025_semifinal_2/player_game_stats.json.gz,Semifinal 2
2025,post,2025_ev_48,2025_semifinal_2,2025_semifinal_2,43,13,2025-09-01,ATL,Atlas,WAT,Waterdogs,ATL,Atlas,WAT,Waterdogs,1,003084,Jake,Stevens,Jake Stevens,jake stevens,jake-stevens,https://img.premierlacrosseleague.com/Players/2026/jake-stevens.webp,M,Midfield,14,1,1.0,1.0,1.0,0.0,1.0,0.0,3.0,0.3333333333333333,2,0.6666666666666666,0.0,0.0,0.0,0.0,0.0,0.0,0.0,0.0,0.0,0.0,0.0,2.0,0.0,0,0,0,0.0,0.0,0.0,0.0,0.0,,0.0,15.0,10.0,/home/runner/work/PLL_Analytics/PLL_Analytics/data/source_data/api_responses/season_2025/game_2025_semifinal_2/player_game_stats.json.gz,Semifinal 2
2025,post,2025_ev_48,2025_semifinal_2,2025_semifinal_2,43,13,2025-09-01,ATL,Atlas,WAT,Waterdogs,ATL,Atlas,WAT,Waterdogs,1,001809,Jeff,Teat,Jeff Teat,jeff teat,jeff-teat,https://img.premierlacrosseleague.com/Players/2025/jeff-teat.png?v=3,A,Attack,7,1,4.0,1.0,1.0,0.0,1.0,3.0,5.0,0.2,2,0.4,0.0,0.0,0.0,0.0,0.0,0.0,0.0,0.0,0.0,0.0,2.0,0.0,0.0,0,0,0,0.0,0.0,0.0,0.0,0.0,,6.0,31.0,26.0,/home/runner/work/PLL_Analytics/PLL_Analytics/data/source_data/api_responses/season_2025/game_2025_semifinal_2/player_game_stats.json.gz,Semifinal 2
2025,post,2025_ev_48,2025_semifinal_2,2025_semifinal_2,43,13,2025-09-01,ATL,Atlas,WAT,Waterdogs,ATL,Atlas,WAT,Waterdogs,1,003079,Liam,Entenmann,Liam Entenmann,liam entenmann,liam-entenmann,https://img.premierlacrosseleague.com/Players/2026/liam-entenmann.webp?v=5,G,Goalie,44,1,0.0,0.0,0.0,0.0,0.0,0.0,0.0,0.0,0,,0.0,18.0,6.0,12.0,0.69231,0.3333333333333333,8.0,3.0,11.0,11.0,1.0,0.0,1.0,0,0,0,0.0,8.0,3.0,0.0,0.0,,0.0,23.0,23.0,/home/runner/work/PLL_Analytics/PLL_Analytics/data/source_data/api_responses/season_2025/game_2025_semifinal_2/player_game_stats.json.gz,Semifinal 2
2025,post,2025_ev_48,2025_semifinal_2,2025_semifinal_2,43,13,2025-09-01,ATL,Atlas,WAT,Waterdogs,ATL,Atlas,WAT,Waterdogs,1,003164,Matt,Traynor,Matt Traynor,matt traynor,matt-traynor,https://img.premierlacrosseleague.com/Players/2026/matt-traynor.webp,M,Midfield,2,1,4.0,3.0,3.0,0.0,3.0,1.0,6.0,0.5,5,0.8333333333333334,0.0,0.0,0.0,0.0,0.0,0.0,0.0,0.0,0.0,0.0,1.0,0.0,0.0,0,0,0,0.0,0.0,0.0,0.0,0.0,,5.0,20.0,14.0,/home/runner/work/PLL_Analytics/PLL_Analytics/data/source_data/api_responses/season_2025/game_2025_semifinal_2/player_game_stats.json.gz,Semifinal 2
2025,post,2025_ev_48,2025_semifinal_2,2025_semifinal_2,43,13,2025-09-01,ATL,Atlas,WAT,Waterdogs,ATL,Atlas,WAT,Waterdogs,1,003172,Max,Krevsky,Max Krevsky,max krevsky,max-krevsky,https://img.premierlacrosseleague.com/Players/2026/max-krevsky.webp,SSDM,Defensive Midfield,48,1,1.0,1.0,1.0,0.0,1.0,0.0,1.0,1.0,1,1.0,0.0,0.0,0.0,0.0,0.0,0.0,0.0,0.0,0.0,0.0,1.0,0.0,0.0,0,0,0,0.0,0.0,0.0,0.0,0.0,,0.0,6.0,5.0,/home/runner/work/PLL_Analytics/PLL_Analytics/data/source_data/api_responses/season_2025/game_2025_semifinal_2/player_game_stats.json.gz,Semifinal 2
2025,post,2025_ev_48,2025_semifinal_2,2025_semifinal_2,43,13,2025-09-01,ATL,Atlas,WAT,Waterdogs,ATL,Atlas,WAT,Waterdogs,1,003178,Michael,Grace,Michael Grace,michael grace,michael-grace,https://img.premierlacrosseleague.com/Players/2025/michael-grace.png?v=2,LSM,Long Stick Midfield,20,1,0.0,0.0,0.0,0.0,0.0,0.0,1.0,0.0,0,0.0,0.0,0.0,0.0,0.0,0.0,0.0,0.0,0.0,0.0,0.0,2.0,0.0,0.0,0,0,0,0.0,0.0,0.0,0.0,0.0,,0.0,6.0,5.0,/home/runner/work/PLL_Analytics/PLL_Analytics/data/source_data/api_responses/season_2025/game_2025_semifinal_2/player_game_stats.json.gz,Semifinal 2
2025,post,2025_ev_48,2025_semifinal_2,2025_semifinal_2,43,13,2025-09-01,ATL,Atlas,WAT,Waterdogs,ATL,Atlas,WAT,Waterdogs,1,001397,Michael,Rexrode,Michael Rexrode,michael rexrode,michael-rexrode,https://img.premierlacrosseleague.com/Players/2026/michael-rexrode.webp,D,Defense,22,1,0.0,0.0,0.0,0.0,0.0,0.0,1.0,0.0,0,0.0,1.0,0.0,0.0,0.0,0.0,0.0,0.0,0.0,0.0,0.0,0.0,0.0,0.0,0,0,0,0.0,0.0,0.0,0.0,0.0,,0.0,6.0,5.0,/home/runner/work/PLL_Analytics/PLL_Analytics/data/source_data/api_responses/season_2025/game_2025_semifinal_2/player_game_stats.json.gz,Semifinal 2
2025,post,2025_ev_48,2025_semifinal_2,2025_semifinal_2,43,13,2025-09-01,ATL,Atlas,WAT,Waterdogs,ATL,Atlas,WAT,Waterdogs,1,002006,Reid,Bowering,Reid Bowering,reid bowering,reid-bowering,https://img.premierlacrosseleague.com/Players/2026/reid-bowering.webp?v=4,M,Midfield,98,1,3.0,2.0,2.0,0.0,2.0,1.0,2.0,1.0,2,1.0,0.0,0.0,0.0,0.0,0.0,0.0,0.0,0.0,0.0,0.0,1.0,0.0,0.0,0,0,0,0.0,0.0,0.0,1.0,0.5,,3.0,22.0,20.0,/home/runner/work/PLL_Analytics/PLL_Analytics/data/source_data/api_responses/season_2025/game_2025_semifinal_2/player_game_stats.json.gz,Semifinal 2
2025,post,2025_ev_48,2025_semifinal_2,2025_semifinal_2,43,13,2025-09-01,ATL,Atlas,WAT,Waterdogs,ATL,Atlas,WAT,Waterdogs,1,000254,Trevor,Baptiste,Trevor Baptiste,trevor baptiste,trevor-baptiste,https://img.premierlacrosseleague.com/Players/2026/trevor-baptiste.webp?v=4,FO,Faceoff,9,1,0.0,0.0,0.0,0.0,0.0,0.0,0.0,0.0,0,,0.0,0.0,0.0,0.0,0.0,0.0,0.0,0.0,0.0,0.0,4.0,1.0,0.0,15,10,25,0.6,0.0,0.0,0.0,0.0,15 - 25,0.0,9.0,8.0,/home/runner/work/PLL_Analytics/PLL_Analytics/data/source_data/api_responses/season_2025/game_2025_semifinal_2/player_game_stats.json.gz,Semifinal 2
2025,post,2025_ev_48,2025_semifinal_2,2025_semifinal_2,43,13,2025-09-01,ATL,Atlas,WAT,Waterdogs,ATL,Atlas,WAT,Waterdogs,1,003099,Tyler,Carpenter,Tyler Carpenter,tyler carpenter,tyler-carpenter,https://img.premierlacrosseleague.com/Players/2026/tyler-carpenter.webp,LSM,Long Stick Midfield,5,1,0.0,0.0,0.0,0.0,0.0,0.0,0.0,0.0,0,,0.0,0.0,0.0,0.0,0.0,0.0,0.0,0.0,0.0,0.0,1.0,0.0,0.0,0,0,0,0.0,0.0,0.0,0.0,0.0,,0.0,5.0,5.0,/home/runner/work/PLL_Analytics/PLL_Analytics/data/source_data/api_responses/season_2025/game_2025_semifinal_2/player_game_stats.json.gz,Semifinal 2
2025,post,2025_ev_48,2025_semifinal_2,2025_semifinal_2,43,13,2025-09-01,ATL,Atlas,WAT,Waterdogs,ATL,Atlas,WAT,Waterdogs,1,003010,Xander,Dickson,Xander Dickson,xander dickson,xander-dickson,https://img.premierlacrosseleague.com/Players/2026/xander-dickson.webp,A,Attack,10,1,4.0,4.0,4.0,0.0,4.0,0.0,7.0,0.5714285714285714,5,0.7142857142857143,0.0,0.0,0.0,0.0,0.0,0.0,0.0,0.0,0.0,0.0,3.0,2.0,0.0,0,0,0,0.0,0.0,0.0,1.0,0.5,,1.0,20.0,11.0,/home/runner/work/PLL_Analytics/PLL_Analytics/data/source_data/api_responses/season_2025/game_2025_semifinal_2/player_game_stats.json.gz,Semifinal 2
2025,post,2025_ev_48,2025_semifinal_2,2025_semifinal_2,43,13,2025-09-01,WAT,Waterdogs,ATL,Atlas,WAT,Waterdogs,ATL,Atlas,0,003119,Alec,Stathakis,Alec Stathakis,alec stathakis,alec-stathakis,https://img.premierlacrosseleague.com/Players/2026/alec-stathakis.webp?v=4,FO,Faceoff,73,1,0.0,0.0,0.0,0.0,0.0,0.0,1.0,0.0,1,1.0,0.0,0.0,0.0,0.0,0.0,0.0,0.0,0.0,0.0,0.0,2.0,1.0,0.0,10,13,23,0.43478260869565216,0.0,0.0,0.0,0.0,10 - 23,0.0,4.0,2.0,/home/runner/work/PLL_Analytics/PLL_Analytics/data/source_data/api_responses/season_2025/game_2025_semifinal_2/player_game_stats.json.gz,Semifinal 2
2025,post,2025_ev_48,2025_semifinal_2,2025_semifinal_2,43,13,2025-09-01,WAT,Waterdogs,ATL,Atlas,WAT,Waterdogs,ATL,Atlas,0,001406,Ben,Randall,Ben Randall,ben randall,ben-randall,https://img.premierlacrosseleague.com/Players/2026/ben-randall.webp,D,Defense,44,1,1.0,0.0,0.0,0.0,0.0,1.0,0.0,0.0,0,,0.0,0.0,0.0,0.0,0.0,0.0,0.0,0.0,0.0,0.0,4.0,1.0,2.0,0,0,0,0.0,0.0,0.0,0.0,0.0,,1.0,11.0,10.0,/home/runner/work/PLL_Analytics/PLL_Analytics/data/source_data/api_responses/season_2025/game_2025_semifinal_2/player_game_stats.json.gz,Semifinal 2
2025,post,2025_ev_48,2025_semifinal_2,2025_semifinal_2,43,13,2025-09-01,WAT,Waterdogs,ATL,Atlas,WAT,Waterdogs,ATL,Atlas,0,003179,Ben,Wayer,Ben Wayer,ben wayer,ben-wayer,https://img.premierlacrosseleague.com/Players/2026/ben-wayer.webp,LSM,Long Stick Midfield,4,1,4.0,4.0,0.0,2.0,2.0,0.0,2.0,1.0,2,1.0,2.0,0.0,0.0,0.0,0.0,0.0,0.0,0.0,0.0,0.0,1.0,0.0,0.0,0,0,0,0.0,0.0,0.0,0.0,0.0,,0.0,7.0,5.0,/home/runner/work/PLL_Analytics/PLL_Analytics/data/source_data/api_responses/season_2025/game_2025_semifinal_2/player_game_stats.json.gz,Semifinal 2
2025,post,2025_ev_48,2025_semifinal_2,2025_semifinal_2,43,13,2025-09-01,WAT,Waterdogs,ATL,Atlas,WAT,Waterdogs,ATL,Atlas,0,003159,CJ,Kirst,CJ Kirst,cj kirst,cj-kirst,https://img.premierlacrosseleague.com/Players/2026/cj-kirst.webp?v=5,A,Attack,15,1,3.0,2.0,2.0,0.0,2.0,1.0,10.0,0.2,5,0.5,1.0,0.0,0.0,0.0,0.0,0.0,0.0,0.0,0.0,0.0,3.0,1.0,0.0,0,0,0,0.0,0.0,0.0,1.0,0.5,,7.0,38.0,27.0,/home/runner/work/PLL_Analytics/PLL_Analytics/data/source_data/api_responses/season_2025/game_2025_semifinal_2/player_game_stats.json.gz,Semifinal 2
2025,post,2025_ev_48,2025_semifinal_2,2025_semifinal_2,43,13,2025-09-01,WAT,Waterdogs,ATL,Atlas,WAT,Waterdogs,ATL,Atlas,0,001795,Christian,Scarpello,Christian Scarpello,christian scarpello,christian-scarpello,https://img.premierlacrosseleague.com/Players/2026/christian-scarpello.webp?v=1,SSDM,Defensive Midfield,50,1,0.0,0.0,0.0,0.0,0.0,0.0,2.0,0.0,2,1.0,0.0,0.0,0.0,0.0,0.0,0.0,0.0,0.0,0.0,0.0,0.0,1.0,1.0,0,0,0,0.0,0.0,0.0,0.0,0.0,,0.0,7.0,4.0,/home/runner/work/PLL_Analytics/PLL_Analytics/data/source_data/api_responses/season_2025/game_2025_semifinal_2/player_game_stats.json.gz,Semifinal 2
2025,post,2025_ev_48,2025_semifinal_2,2025_semifinal_2,43,13,2025-09-01,WAT,Waterdogs,ATL,Atlas,WAT,Waterdogs,ATL,Atlas,0,000339,Connor,Kelly,Connor Kelly,connor kelly,connor-kelly,https://img.premierlacrosseleague.com/Players/2026/connor-kelly.webp,M,Midfield,40,1,1.0,0.0,0.0,0.0,0.0,1.0,5.0,0.0,5,1.0,2.0,0.0,0.0,0.0,0.0,0.0,0.0,0.0,0.0,0.0,2.0,0.0,0.0,0,0,0,0.0,0.0,0.0,0.0,0.0,,5.0,28.0,23.0,/home/runner/work/PLL_Analytics/PLL_Analytics/data/source_data/api_responses/season_2025/game_2025_semifinal_2/player_game_stats.json.gz,Semifinal 2
2025,post,2025_ev_48,2025_semifinal_2,2025_semifinal_2,43,13,2025-09-01,WAT,Waterdogs,ATL,Atlas,WAT,Waterdogs,ATL,Atlas,0,003101,Dylan,Hess,Dylan Hess,dylan hess,dylan-hess,https://img.premierlacrosseleague.com/Players/2026/dylan-hess.webp?v=4,SSDM,Defensive Midfield,8,1,0.0,0.0,0.0,0.0,0.0,0.0,1.0,0.0,1,1.0,1.0,0.0,0.0,0.0,0.0,0.0,0.0,0.0,0.0,0.0,0.0,0.0,0.0,0,0,0,0.0,0.0,0.0,1.0,0.5,,0.0,10.0,9.0,/home/runner/work/PLL_Analytics/PLL_Analytics/data/source_data/api_responses/season_2025/game_2025_semifinal_2/player_game_stats.json.gz,Semifinal 2
2025,post,2025_ev_48,2025_semifinal_2,2025_semifinal_2,43,13,2025-09-01,WAT,Waterdogs,ATL,Atlas,WAT,Waterdogs,ATL,Atlas,0,002028,Jack,Hannah,Jack Hannah,jack hannah,jack-hannah,https://img.premierlacrosseleague.com/Players/2026/jack-hannah.webp?v=4,M,Midfield,3,1,0.0,0.0,0.0,0.0,0.0,0.0,3.0,0.0,2,0.6666666666666666,1.0,0.0,0.0,0.0,0.0,0.0,0.0,0.0,0.0,0.0,0.0,0.0,0.0,0,0,0,0.0,0.0,0.0,0.0,0.0,,2.0,23.0,20.0,/home/runner/work/PLL_Analytics/PLL_Analytics/data/source_data/api_responses/season_2025/game_2025_semifinal_2/player_game_stats.json.gz,Semifinal 2
2025,post,2025_ev_48,2025_semifinal_2,2025_semifinal_2,43,13,2025-09-01,WAT,Waterdogs,ATL,Atlas,WAT,Waterdogs,ATL,Atlas,0,003181,Jimmy,Freehill,Jimmy Freehill,jimmy freehill,jimmy-freehill,https://img.premierlacrosseleague.com/Players/2026/jimmy-freehill.webp,D,Defense,5,1,2.0,2.0,0.0,1.0,1.0,0.0,1.0,1.0,1,1.0,1.0,0.0,0.0,0.0,0.0,0.0,0.0,0.0,0.0,0.0,0.0,0.0,1.0,0,0,0,0.0,0.0,0.0,0.0,0.0,,0.0,1.0,0.0,/home/runner/work/PLL_Analytics/PLL_Analytics/data/source_data/api_responses/season_2025/game_2025_semifinal_2/player_game_stats.json.gz,Semifinal 2
2025,post,2025_ev_48,2025_semifinal_2,2025_semifinal_2,43,13,2025-09-01,WAT,Waterdogs,ATL,Atlas,WAT,Waterdogs,ATL,Atlas,0,003089,Kenny,Brower,Kenny Brower,kenny brower,kenny-brower,https://img.premierlacrosseleague.com/Players/2026/kenny-brower.webp,D,Defense,29,1,0.0,0.0,0.0,0.0,0.0,0.0,0.0,0.0,0,,0.0,0.0,0.0,0.0,0.0,0.0,0.0,0.0,0.0,0.0,1.0,0.0,1.0,0,0,0,0.0,0.0,0.0,1.0,1.0,,0.0,3.0,3.0,/home/runner/work/PLL_Analytics/PLL_Analytics/data/source_data/api_responses/season_2025/game_2025_semifinal_2/player_game_stats.json.gz,Semifinal 2
2025,post,2025_ev_48,2025_semifinal_2,2025_semifinal_2,43,13,2025-09-01,WAT,Waterdogs,ATL,Atlas,WAT,Waterdogs,ATL,Atlas,0,000240,Kieran,McArdle,Kieran McArdle,kieran mcardle,kieran-mcardle,https://img.premierlacrosseleague.com/Players/2026/kieran-mcardle.webp,A,Attack,6,1,2.0,0.0,0.0,0.0,0.0,2.0,4.0,0.0,2,0.5,0.0,0.0,0.0,0.0,0.0,0.0,0.0,0.0,0.0,0.0,1.0,1.0,0.0,0,0,0,0.0,0.0,0.0,0.0,0.0,,4.0,26.0,21.0,/home/runner/work/PLL_Analytics/PLL_Analytics/data/source_data/api_responses/season_2025/game_2025_semifinal_2/player_game_stats.json.gz,Semifinal 2
2025,post,2025_ev_48,2025_semifinal_2,2025_semifinal_2,43,13,2025-09-01,WAT,Waterdogs,ATL,Atlas,WAT,Waterdogs,ATL,Atlas,0,003096,Marcus,Hudgins,Marcus Hudgins,marcus hudgins,marcus-hudgins,https://img.premierlacrosseleague.com/Players/2026/marcus-hudgins.webp,LSM,Long Stick Midfield,11,1,0.0,0.0,0.0,0.0,0.0,0.0,1.0,0.0,0,0.0,0.0,0.0,0.0,0.0,0.0,0.0,0.0,0.0,0.0,0.0,2.0,1.0,0.0,0,0,0,0.0,0.0,0.0,0.0,0.0,,0.0,5.0,3.0,/home/runner/work/PLL_Analytics/PLL_Analytics/data/source_data/api_responses/season_2025/game_2025_semifinal_2/player_game_stats.json.gz,Semifinal 2
2025,post,2025_ev_48,2025_semifinal_2,2025_semifinal_2,43,13,2025-09-01,WAT,Waterdogs,ATL,Atlas,WAT,Waterdogs,ATL,Atlas,0,000408,Matt,DeLuca,Matt DeLuca,matt deluca,matt-deluca,https://img.premierlacrosseleague.com/Players/2026/matt-deluca.webp,G,Goalie,1,1,0.0,0.0,0.0,0.0,0.0,0.0,0.0,0.0,0,,0.0,8.0,3.0,5.0,0.38095,0.375,13.0,0.0,13.0,12.999999999999998,2.0,0.0,0.0,0,0,0,0.0,13.0,0.0,0.0,0.0,,0.0,8.0,8.0,/home/runner/work/PLL_Analytics/PLL_Analytics/data/source_data/api_responses/season_2025/game_2025_semifinal_2/player_game_stats.json.gz,Semifinal 2
2025,post,2025_ev_48,2025_semifinal_2,2025_semifinal_2,43,13,2025-09-01,WAT,Waterdogs,ATL,Atlas,WAT,Waterdogs,ATL,Atlas,0,001707,Matt,Whitcher,Matt Whitcher,matt whitcher,matt-whitcher,https://img.premierlacrosseleague.com/Players/2026/matt-whitcher.webp?v=5,SSDM,Defensive Midfield,33,1,1.0,0.0,0.0,0.0,0.0,1.0,0.0,0.0,0,,0.0,0.0,0.0,0.0,0.0,0.0,0.0,0.0,0.0,0.0,4.0,0.0,0.0,0,2,2,0.0,0.0,0.0,2.0,1.0,0 - 2,1.0,6.0,6.0,/home/runner/work/PLL_Analytics/PLL_Analytics/data/source_data/api_responses/season_2025/game_2025_semifinal_2/player_game_stats.json.gz,Semifinal 2
2025,post,2025_ev_48,2025_semifinal_2,2025_semifinal_2,43,13,2025-09-01,WAT,Waterdogs,ATL,Atlas,WAT,Waterdogs,ATL,Atlas,0,001810,Michael,Sowers,Michael Sowers,michael sowers,michael-sowers,https://img.premierlacrosseleague.com/Players/2026/michael-sowers.webp,A,Attack,22,1,2.0,2.0,2.0,0.0,2.0,0.0,2.0,1.0,2,1.0,0.0,0.0,0.0,0.0,0.0,0.0,0.0,0.0,0.0,0.0,0.0,1.0,0.0,0,0,0,0.0,0.0,0.0,0.0,0.0,,3.0,16.0,13.0,/home/runner/work/PLL_Analytics/PLL_Analytics/data/source_data/api_responses/season_2025/game_2025_semifinal_2/player_game_stats.json.gz,Semifinal 2
2025,post,2025_ev_48,2025_semifinal_2,2025_semifinal_2,43,13,2025-09-01,WAT,Waterdogs,ATL,Atlas,WAT,Waterdogs,ATL,Atlas,0,001391,Mikie,Schlosser,Mikie Schlosser,mikie schlosser,mikie-schlosser,https://img.premierlacrosseleague.com/Players/2026/mikie-schlosser.webp?v=4,M,Midfield,59,1,0.0,0.0,0.0,0.0,0.0,0.0,2.0,0.0,1,0.5,0.0,0.0,0.0,0.0,0.0,0.0,0.0,0.0,0.0,0.0,0.0,0.0,0.0,0,0,0,0.0,0.0,0.0,0.0,0.0,,0.0,5.0,3.0,/home/runner/work/PLL_Analytics/PLL_Analytics/data/source_data/api_responses/season_2025/game_2025_semifinal_2/player_game_stats.json.gz,Semifinal 2
2025,post,2025_ev_48,2025_semifinal_2,2025_semifinal_2,43,13,2025-09-01,WAT,Waterdogs,ATL,Atlas,WAT,Waterdogs,ATL,Atlas,0,003027,Thomas,McConvey,Thomas McConvey,thomas mcconvey,thomas-mcconvey,https://img.premierlacrosseleague.com/Players/2026/thomas-mcconvey.webp,M,Midfield,12,1,0.0,0.0,0.0,0.0,0.0,0.0,3.0,0.0,2,0.6666666666666666,0.0,0.0,0.0,0.0,0.0,0.0,0.0,0.0,0.0,0.0,0.0,0.0,0.0,0,0,0,0.0,0.0,0.0,0.0,0.0,,1.0,11.0,8.0,/home/runner/work/PLL_Analytics/PLL_Analytics/data/source_data/api_responses/season_2025/game_2025_semifinal_2/player_game_stats.json.gz,Semifinal 2
2025,post,2025_ev_48,2025_semifinal_2,2025_semifinal_2,43,13,2025-09-01,WAT,Waterdogs,ATL,Atlas,WAT,Waterdogs,ATL,Atlas,0,000409,Zach,Currier,Zach Currier,zach currier,zach-currier,https://img.premierlacrosseleague.com/Players/2026/zach-currier.webp?v=4,M,Midfield,77,1,1.0,1.0,1.0,0.0,1.0,0.0,4.0,0.25,3,0.75,0.0,0.0,0.0,0.0,0.0,0.0,0.0,0.0,0.0,0.0,5.0,0.0,0.0,0,0,0,0.0,0.0,0.0,0.0,0.0,,1.0,11.0,7.0,/home/runner/work/PLL_Analytics/PLL_Analytics/data/source_data/api_responses/season_2025/game_2025_semifinal_2/player_game_stats.json.gz,Semifinal 2
2025,post,2025_ev_47,2025_semifinal_1,2025_semifinal_1,44,13,2025-09-01,OUT,Outlaws,RED,Redwoods,OUT,Outlaws,RED,Redwoods,1,003075,Brennan,O'Neill,Brennan O'Neill,brennan oneill,brennan-o-neill,https://img.premierlacrosseleague.com/Players/2026/brennan-o-neill.webp?v=5,A,Attack,42,1,6.0,5.0,3.0,1.0,4.0,1.0,13.0,0.3076923076923077,9,0.6923076923076923,6.0,0.0,0.0,0.0,0.0,0.0,0.0,0.0,0.0,0.0,0.0,2.0,0.0,0,0,0,0.0,0.0,0.0,0.0,0.0,,1.0,40.0,25.0,/home/runner/work/PLL_Analytics/PLL_Analytics/data/source_data/api_responses/season_2025/game_2025_semifinal_1/player_game_stats.json.gz,Semifinal 1
2025,post,2025_ev_47,2025_semifinal_1,2025_semifinal_1,44,13,2025-09-01,OUT,Outlaws,RED,Redwoods,OUT,Outlaws,RED,Redwoods,1,003106,Dalton,Young,Dalton Young,dalton young,dalton-young,https://img.premierlacrosseleague.com/Players/2026/dalton-young.webp,M,Midfield,11,1,2.0,2.0,2.0,0.0,2.0,0.0,2.0,1.0,2,1.0,0.0,0.0,0.0,0.0,0.0,0.0,0.0,0.0,0.0,0.0,0.0,0.0,0.0,0,0,0,0.0,0.0,0.0,0.0,0.0,,1.0,21.0,19.0,/home/runner/work/PLL_Analytics/PLL_Analytics/data/source_data/api_responses/season_2025/game_2025_semifinal_1/player_game_stats.json.gz,Semifinal 1
2025,post,2025_ev_47,2025_semifinal_1,2025_semifinal_1,44,13,2025-09-01,OUT,Outlaws,RED,Redwoods,OUT,Outlaws,RED,Redwoods,1,003085,Graham,Bundy,Graham Bundy,graham bundy,graham-bundy-jr,https://img.premierlacrosseleague.com/Players/2026/graham-bundy-jr.webp,M,Midfield,0,1,1.0,1.0,1.0,0.0,1.0,0.0,5.0,0.2,3,0.6,1.0,0.0,0.0,0.0,0.0,0.0,0.0,0.0,0.0,0.0,0.0,0.0,1.0,0,0,0,0.0,0.0,0.0,0.0,0.0,,0.0,29.0,24.0,/home/runner/work/PLL_Analytics/PLL_Analytics/data/source_data/api_responses/season_2025/game_2025_semifinal_1/player_game_stats.json.gz,Semifinal 1
2025,post,2025_ev_47,2025_semifinal_1,2025_semifinal_1,44,13,2025-09-01,OUT,Outlaws,RED,Redwoods,OUT,Outlaws,RED,Redwoods,1,001811,JT,Giles-Harris,JT Giles-Harris,jt gilesharris,jt-giles-harris,https://img.premierlacrosseleague.com/Players/2026/jt-giles-harris.webp?v=5,D,Defense,1,1,0.0,0.0,0.0,0.0,0.0,0.0,0.0,0.0,0,,0.0,0.0,0.0,0.0,0.0,0.0,0.0,0.0,0.0,0.0,1.0,0.0,0.0,0,0,0,0.0,0.0,0.0,0.0,0.0,,0.0,8.0,8.0,/home/runner/work/PLL_Analytics/PLL_Analytics/data/source_data/api_responses/season_2025/game_2025_semifinal_1/player_game_stats.json.gz,Semifinal 1
2025,post,2025_ev_47,2025_semifinal_1,2025_semifinal_1,44,13,2025-09-01,OUT,Outlaws,RED,Redwoods,OUT,Outlaws,RED,Redwoods,1,003183,Jack,Gray,Jack Gray,jack gray,jack-gray,https://img.premierlacrosseleague.com/Players/2026/jack-gray.webp,SSDM,Defensive Midfield,20,1,0.0,0.0,0.0,0.0,0.0,0.0,0.0,0.0,0,,0.0,0.0,0.0,0.0,0.0,0.0,0.0,0.0,0.0,0.0,0.0,0.0,0.0,0,0,0,0.0,0.0,0.0,1.0,0.5,,0.0,3.0,3.0,/home/runner/work/PLL_Analytics/PLL_Analytics/data/source_data/api_responses/season_2025/game_2025_semifinal_1/player_game_stats.json.gz,Semifinal 1
2025,post,2025_ev_47,2025_semifinal_1,2025_semifinal_1,44,13,2025-09-01,OUT,Outlaws,RED,Redwoods,OUT,Outlaws,RED,Redwoods,1,003083,Jake,Piseno,Jake Piseno,jake piseno,jake-piseno,https://img.premierlacrosseleague.com/Players/2026/jake-piseno.webp,LSM,Long Stick Midfield,88,1,0.0,0.0,0.0,0.0,0.0,0.0,1.0,0.0,0,0.0,1.0,0.0,0.0,0.0,0.0,0.0,0.0,0.0,0.0,0.0,2.0,0.0,0.0,0,0,0,0.0,0.0,0.0,0.0,0.0,,0.0,7.0,6.0,/home/runner/work/PLL_Analytics/PLL_Analytics/data/source_data/api_responses/season_2025/game_2025_semifinal_1/player_game_stats.json.gz,Semifinal 1
2025,post,2025_ev_47,2025_semifinal_1,2025_semifinal_1,44,13,2025-09-01,OUT,Outlaws,RED,Redwoods,OUT,Outlaws,RED,Redwoods,1,001827,Jared,Bernhardt,Jared Bernhardt,jared bernhardt,jared-bernhardt,https://img.premierlacrosseleague.com/Players/2026/jared-bernhardt.webp?v=3,M,Midfield,10,1,2.0,1.0,1.0,0.0,1.0,1.0,4.0,0.25,1,0.25,0.0,0.0,0.0,0.0,0.0,0.0,0.0,0.0,0.0,0.0,1.0,2.0,0.0,0,0,0,0.0,0.0,0.0,0.0,0.0,,2.0,22.0,16.0,/home/runner/work/PLL_Analytics/PLL_Analytics/data/source_data/api_responses/season_2025/game_2025_semifinal_1/player_game_stats.json.gz,Semifinal 1
2025,post,2025_ev_47,2025_semifinal_1,2025_semifinal_1,44,13,2025-09-01,OUT,Outlaws,RED,Redwoods,OUT,Outlaws,RED,Redwoods,1,000405,Jesse,Bernhardt,Jesse Bernhardt,jesse bernhardt,jesse-bernhardt,https://img.premierlacrosseleague.com/Players/2024/jesse-bernhardt?v=2,D,Defense,36,1,0.0,0.0,0.0,0.0,0.0,0.0,0.0,0.0,0,,0.0,0.0,0.0,0.0,0.0,0.0,0.0,0.0,0.0,0.0,1.0,0.0,1.0,0,0,0,0.0,0.0,0.0,0.0,0.0,,0.0,6.0,6.0,/home/runner/work/PLL_Analytics/PLL_Analytics/data/source_data/api_responses/season_2025/game_2025_semifinal_1/player_game_stats.json.gz,Semifinal 1
2025,post,2025_ev_47,2025_semifinal_1,2025_semifinal_1,44,13,2025-09-01,OUT,Outlaws,RED,Redwoods,OUT,Outlaws,RED,Redwoods,1,002030,Jonathan,Donville,Jonathan Donville,jonathan donville,jonathan-donville,https://img.premierlacrosseleague.com/Players/2026/jonathon-donville.webp,M,Midfield,3,1,1.0,0.0,0.0,0.0,0.0,1.0,1.0,0.0,0,0.0,0.0,0.0,0.0,0.0,0.0,0.0,0.0,0.0,0.0,0.0,1.0,1.0,0.0,0,0,0,0.0,0.0,0.0,0.0,0.0,,2.0,10.0,8.0,/home/runner/work/PLL_Analytics/PLL_Analytics/data/source_data/api_responses/season_2025/game_2025_semifinal_1/player_game_stats.json.gz,Semifinal 1
2025,post,2025_ev_47,2025_semifinal_1,2025_semifinal_1,44,13,2025-09-01,OUT,Outlaws,RED,Redwoods,OUT,Outlaws,RED,Redwoods,1,001828,Justin,Anderson,Justin Anderson,justin anderson,justin-anderson,https://img.premierlacrosseleague.com/Players/2026/justin-anderson.webp,M,Midfield,21,1,1.0,1.0,1.0,0.0,1.0,0.0,2.0,0.5,2,1.0,0.0,0.0,0.0,0.0,0.0,0.0,0.0,0.0,0.0,0.0,0.0,2.0,0.0,0,0,0,0.0,0.0,0.0,0.0,0.0,,1.0,14.0,10.0,/home/runner/work/PLL_Analytics/PLL_Analytics/data/source_data/api_responses/season_2025/game_2025_semifinal_1/player_game_stats.json.gz,Semifinal 1
2025,post,2025_ev_47,2025_semifinal_1,2025_semifinal_1,44,13,2025-09-01,OUT,Outlaws,RED,Redwoods,OUT,Outlaws,RED,Redwoods,1,003169,Logan,McNaney,Logan McNaney,logan mcnaney,logan-mcnaney,https://img.premierlacrosseleague.com/Players/2026/logan-mcnaney.webp,G,Goalie,30,1,0.0,0.0,0.0,0.0,0.0,0.0,1.0,0.0,1,1.0,1.0,11.0,7.0,4.0,0.64706,0.6363636363636364,6.00208,1.00035,7.0,7.002431399791594,0.0,0.0,0.0,0,0,0,0.0,6.0,1.0,0.0,0.0,,0.0,20.0,19.0,/home/runner/work/PLL_Analytics/PLL_Analytics/data/source_data/api_responses/season_2025/game_2025_semifinal_1/player_game_stats.json.gz,Semifinal 1
2025,post,2025_ev_47,2025_semifinal_1,2025_semifinal_1,44,13,2025-09-01,OUT,Outlaws,RED,Redwoods,OUT,Outlaws,RED,Redwoods,1,002015,Logan,Wisnauskas,Logan Wisnauskas,logan wisnauskas,logan-wisnauskas,https://img.premierlacrosseleague.com/Players/2026/logan-wisnauskas.webp?v=4,A,Attack,12,1,0.0,0.0,0.0,0.0,0.0,0.0,3.0,0.0,3,1.0,1.0,0.0,0.0,0.0,0.0,0.0,0.0,0.0,0.0,0.0,0.0,0.0,0.0,0,0,0,0.0,0.0,0.0,0.0,0.0,,2.0,16.0,13.0,/home/runner/work/PLL_Analytics/PLL_Analytics/data/source_data/api_responses/season_2025/game_2025_semifinal_1/player_game_stats.json.gz,Semifinal 1
2025,post,2025_ev_47,2025_semifinal_1,2025_semifinal_1,44,13,2025-09-01,OUT,Outlaws,RED,Redwoods,OUT,Outlaws,RED,Redwoods,1,003098,Luke,Wierman,Luke Wierman,luke wierman,luke-wierman,https://img.premierlacrosseleague.com/Players/2026/luke-wierman.webp,FO,Faceoff,52,1,0.0,0.0,0.0,0.0,0.0,0.0,4.0,0.0,1,0.25,2.0,0.0,0.0,0.0,0.0,0.0,0.0,0.0,0.0,0.0,8.0,1.0,1.0,11,8,19,0.5789473684210527,0.0,0.0,0.0,0.0,11 - 19,1.0,9.0,4.0,/home/runner/work/PLL_Analytics/PLL_Analytics/data/source_data/api_responses/season_2025/game_2025_semifinal_1/player_game_stats.json.gz,Semifinal 1
2025,post,2025_ev_47,2025_semifinal_1,2025_semifinal_1,44,13,2025-09-01,OUT,Outlaws,RED,Redwoods,OUT,Outlaws,RED,Redwoods,1,000302,Michael,Manley,Michael Manley,michael manley,michael-manley,https://img.premierlacrosseleague.com/Players/2026/michael-manley.webp?v=3,D,Defense,37,1,0.0,0.0,0.0,0.0,0.0,0.0,1.0,0.0,1,1.0,0.0,0.0,0.0,0.0,0.0,0.0,0.0,0.0,0.0,0.0,1.0,0.0,1.0,0,0,0,0.0,0.0,0.0,0.0,0.0,,0.0,7.0,6.0,/home/runner/work/PLL_Analytics/PLL_Analytics/data/source_data/api_responses/season_2025/game_2025_semifinal_1/player_game_stats.json.gz,Semifinal 1
2025,post,2025_ev_47,2025_semifinal_1,2025_semifinal_1,44,13,2025-09-01,OUT,Outlaws,RED,Redwoods,OUT,Outlaws,RED,Redwoods,1,001839,Nick,Grill,Nick Grill,nick grill,nick-grill,https://img.premierlacrosseleague.com/Players/2026/nick-grill.webp,LSM,Long Stick Midfield,8,1,0.0,0.0,0.0,0.0,0.0,0.0,0.0,0.0,0,,0.0,0.0,0.0,0.0,0.0,0.0,0.0,0.0,0.0,0.0,0.0,0.0,0.0,0,0,0,0.0,0.0,0.0,0.0,0.0,,0.0,1.0,1.0,/home/runner/work/PLL_Analytics/PLL_Analytics/data/source_data/api_responses/season_2025/game_2025_semifinal_1/player_game_stats.json.gz,Semifinal 1
2025,post,2025_ev_47,2025_semifinal_1,2025_semifinal_1,44,13,2025-09-01,OUT,Outlaws,RED,Redwoods,OUT,Outlaws,RED,Redwoods,1,003080,Pat,Kavanagh,Pat Kavanagh,pat kavanagh,pat-kavanagh,https://img.premierlacrosseleague.com/Players/2026/pat-kavanagh.webp?v=4,A,Attack,51,1,3.0,1.0,1.0,0.0,1.0,2.0,4.0,0.25,4,1.0,1.0,0.0,0.0,0.0,0.0,0.0,0.0,0.0,0.0,0.0,4.0,1.0,0.0,0,0,0,0.0,0.0,0.0,0.0,0.0,,5.0,38.0,33.0,/home/runner/work/PLL_Analytics/PLL_Analytics/data/source_data/api_responses/season_2025/game_2025_semifinal_1/player_game_stats.json.gz,Semifinal 1
2025,post,2025_ev_47,2025_semifinal_1,2025_semifinal_1,44,13,2025-09-01,OUT,Outlaws,RED,Redwoods,OUT,Outlaws,RED,Redwoods,1,001820,Ryan,Terefenko,Ryan Terefenko,ryan terefenko,ryan-terefenko,https://img.premierlacrosseleague.com/Players/2026/ryan-terefenko.webp?v=4,SSDM,Defensive Midfield,34,1,0.0,0.0,0.0,0.0,0.0,0.0,1.0,0.0,0,0.0,0.0,0.0,0.0,0.0,0.0,0.0,0.0,0.0,0.0,0.0,0.0,0.0,0.0,0,0,0,0.0,0.0,0.0,0.0,0.0,,1.0,14.0,13.0,/home/runner/work/PLL_Analytics/PLL_Analytics/data/source_data/api_responses/season_2025/game_2025_semifinal_1/player_game_stats.json.gz,Semifinal 1
2025,post,2025_ev_47,2025_semifinal_1,2025_semifinal_1,44,13,2025-09-01,OUT,Outlaws,RED,Redwoods,OUT,Outlaws,RED,Redwoods,1,002022,Zach,Geddes,Zach Geddes,zach geddes,zach-geddes,https://img.premierlacrosseleague.com/Players/2026/zach-geddes.webp,SSDM,Defensive Midfield,13,1,1.0,1.0,1.0,0.0,1.0,0.0,1.0,1.0,1,1.0,0.0,0.0,0.0,0.0,0.0,0.0,0.0,0.0,0.0,0.0,2.0,0.0,1.0,0,1,1,0.0,0.0,0.0,0.0,0.0,0 - 1,0.0,9.0,8.0,/home/runner/work/PLL_Analytics/PLL_Analytics/data/source_data/api_responses/season_2025/game_2025_semifinal_1/player_game_stats.json.gz,Semifinal 1
2025,post,2025_ev_47,2025_semifinal_1,2025_semifinal_1,44,13,2025-09-01,RED,Redwoods,OUT,Outlaws,RED,Redwoods,OUT,Outlaws,0,003156,Aidan,Danenza,Aidan Danenza,aidan danenza,aidan-danenza,https://img.premierlacrosseleague.com/Players/2026/aidan-danenza.webp,M,Midfield,88,1,0.0,0.0,0.0,0.0,0.0,0.0,3.0,0.0,2,0.6666666666666666,1.0,0.0,0.0,0.0,0.0,0.0,0.0,0.0,0.0,0.0,1.0,1.0,0.0,0,0,0,0.0,0.0,0.0,0.0,0.0,,2.0,19.0,15.0,/home/runner/work/PLL_Analytics/PLL_Analytics/data/source_data/api_responses/season_2025/game_2025_semifinal_1/player_game_stats.json.gz,Semifinal 1
2025,post,2025_ev_47,2025_semifinal_1,2025_semifinal_1,44,13,2025-09-01,RED,Redwoods,OUT,Outlaws,RED,Redwoods,OUT,Outlaws,0,003160,Andrew,McAdorey,Andrew McAdorey,andrew mcadorey,andrew-mcadorey,https://img.premierlacrosseleague.com/Players/2026/andrew-mcadorey.webp,M,Midfield,2,1,1.0,1.0,1.0,0.0,1.0,0.0,5.0,0.2,1,0.2,0.0,0.0,0.0,0.0,0.0,0.0,0.0,0.0,0.0,0.0,2.0,1.0,0.0,0,0,0,0.0,0.0,0.0,0.0,0.0,,1.0,25.0,19.0,/home/runner/work/PLL_Analytics/PLL_Analytics/data/source_data/api_responses/season_2025/game_2025_semifinal_1/player_game_stats.json.gz,Semifinal 1
2025,post,2025_ev_47,2025_semifinal_1,2025_semifinal_1,44,13,2025-09-01,RED,Redwoods,OUT,Outlaws,RED,Redwoods,OUT,Outlaws,0,003059,BJ,Farrare,BJ Farrare,bj farrare,bj-farrare,https://img.premierlacrosseleague.com/Players/2026/bj-farrare.webp,SSDM,Defensive Midfield,70,1,1.0,0.0,0.0,0.0,0.0,1.0,0.0,0.0,0,,0.0,0.0,0.0,0.0,0.0,0.0,0.0,0.0,0.0,0.0,2.0,1.0,0.0,0,0,0,0.0,0.0,0.0,1.0,0.5,,1.0,5.0,4.0,/home/runner/work/PLL_Analytics/PLL_Analytics/data/source_data/api_responses/season_2025/game_2025_semifinal_1/player_game_stats.json.gz,Semifinal 1
2025,post,2025_ev_47,2025_semifinal_1,2025_semifinal_1,44,13,2025-09-01,RED,Redwoods,OUT,Outlaws,RED,Redwoods,OUT,Outlaws,0,003024,Brian,Tevlin,Brian Tevlin,brian tevlin,brian-tevlin,https://img.premierlacrosseleague.com/Players/2026/brian-tevlin.webp,SSDM,Defensive Midfield,12,1,0.0,0.0,0.0,0.0,0.0,0.0,1.0,0.0,1,1.0,1.0,0.0,0.0,0.0,0.0,0.0,0.0,0.0,0.0,0.0,4.0,0.0,1.0,0,2,2,0.0,0.0,0.0,1.0,0.5,0 - 2,0.0,10.0,9.0,/home/runner/work/PLL_Analytics/PLL_Analytics/data/source_data/api_responses/season_2025/game_2025_semifinal_1/player_game_stats.json.gz,Semifinal 1
2025,post,2025_ev_47,2025_semifinal_1,2025_semifinal_1,44,13,2025-09-01,RED,Redwoods,OUT,Outlaws,RED,Redwoods,OUT,Outlaws,0,003185,Carter,Rice,Carter Rice,carter rice,carter-rice,https://img.premierlacrosseleague.com/Players/2026/carter-rice.webp,SSDM,Defensive Midfield,3,1,0.0,0.0,0.0,0.0,0.0,0.0,0.0,0.0,0,,0.0,0.0,0.0,0.0,0.0,0.0,0.0,0.0,0.0,0.0,2.0,0.0,1.0,0,0,0,0.0,0.0,0.0,0.0,0.0,,0.0,7.0,7.0,/home/runner/work/PLL_Analytics/PLL_Analytics/data/source_data/api_responses/season_2025/game_2025_semifinal_1/player_game_stats.json.gz,Semifinal 1
2025,post,2025_ev_47,2025_semifinal_1,2025_semifinal_1,44,13,2025-09-01,RED,Redwoods,OUT,Outlaws,RED,Redwoods,OUT,Outlaws,0,001832,Charlie,Bertrand,Charlie Bertrand,charlie bertrand,charlie-bertrand,https://img.premierlacrosseleague.com/Players/2026/charlie-bertrand.png,M,Midfield,41,1,0.0,0.0,0.0,0.0,0.0,0.0,2.0,0.0,2,1.0,0.0,0.0,0.0,0.0,0.0,0.0,0.0,0.0,0.0,0.0,1.0,0.0,0.0,0,0,0,0.0,0.0,0.0,0.0,0.0,,1.0,7.0,5.0,/home/runner/work/PLL_Analytics/PLL_Analytics/data/source_data/api_responses/season_2025/game_2025_semifinal_1/player_game_stats.json.gz,Semifinal 1
2025,post,2025_ev_47,2025_semifinal_1,2025_semifinal_1,44,13,2025-09-01,RED,Redwoods,OUT,Outlaws,RED,Redwoods,OUT,Outlaws,0,003102,Chayse,Ierlan,Chayse Ierlan,chayse ierlan,chayse-ierlan,https://img.premierlacrosseleague.com/Players/2025/chayse-ierlan.png?v=3,G,Goalie,22,1,0.0,0.0,0.0,0.0,0.0,0.0,0.0,0.0,0,,0.0,16.0,3.0,13.0,0.59259,0.1875,11.00382,1.00035,12.0,12.004168113928447,4.0,0.0,0.0,0,0,0,0.0,11.0,1.0,0.0,0.0,,0.0,16.0,16.0,/home/runner/work/PLL_Analytics/PLL_Analytics/data/source_data/api_responses/season_2025/game_2025_semifinal_1/player_game_stats.json.gz,Semifinal 1
2025,post,2025_ev_47,2025_semifinal_1,2025_semifinal_1,44,13,2025-09-01,RED,Redwoods,OUT,Outlaws,RED,Redwoods,OUT,Outlaws,0,003109,Chris,Conlin,Chris Conlin,chris conlin,chris-conlin,https://img.premierlacrosseleague.com/Players/2026/chris-conlin.webp,D,Defense,20,1,0.0,0.0,0.0,0.0,0.0,0.0,0.0,0.0,0,,0.0,0.0,0.0,0.0,0.0,0.0,0.0,0.0,0.0,0.0,1.0,0.0,1.0,0,0,0,0.0,0.0,0.0,0.0,0.0,,0.0,5.0,5.0,/home/runner/work/PLL_Analytics/PLL_Analytics/data/source_data/api_responses/season_2025/game_2025_semifinal_1/player_game_stats.json.gz,Semifinal 1
2025,post,2025_ev_47,2025_semifinal_1,2025_semifinal_1,44,13,2025-09-01,RED,Redwoods,OUT,Outlaws,RED,Redwoods,OUT,Outlaws,0,003029,Chris,Fake,Chris Fake,chris fake,chris-fake,https://img.premierlacrosseleague.com/Players/2026/chris-fake.webp,D,Defense,31,1,2.0,2.0,0.0,1.0,1.0,0.0,1.0,1.0,1,1.0,1.0,0.0,0.0,0.0,0.0,0.0,0.0,0.0,0.0,0.0,0.0,1.0,0.0,0,0,0,0.0,0.0,0.0,0.0,0.0,,0.0,5.0,3.0,/home/runner/work/PLL_Analytics/PLL_Analytics/data/source_data/api_responses/season_2025/game_2025_semifinal_1/player_game_stats.json.gz,Semifinal 1
2025,post,2025_ev_47,2025_semifinal_1,2025_semifinal_1,44,13,2025-09-01,RED,Redwoods,OUT,Outlaws,RED,Redwoods,OUT,Outlaws,0,003168,Chris,Kavanagh,Chris Kavanagh,chris kavanagh,chris-kavanagh,https://img.premierlacrosseleague.com/Players/2026/chris-kavanagh.webp?v=4,A,Attack,96,1,2.0,1.0,1.0,0.0,1.0,1.0,7.0,0.14285714285714285,3,0.42857142857142855,1.0,0.0,0.0,0.0,0.0,0.0,0.0,0.0,0.0,0.0,1.0,1.0,0.0,0,0,0,0.0,0.0,0.0,0.0,0.0,,4.0,24.0,16.0,/home/runner/work/PLL_Analytics/PLL_Analytics/data/source_data/api_responses/season_2025/game_2025_semifinal_1/player_game_stats.json.gz,Semifinal 1
2025,post,2025_ev_47,2025_semifinal_1,2025_semifinal_1,44,13,2025-09-01,RED,Redwoods,OUT,Outlaws,RED,Redwoods,OUT,Outlaws,0,003105,Cole,Kastner,Cole Kastner,cole kastner,cole-kastner,https://img.premierlacrosseleague.com/Players/2026/cole-kastner.webp,D,Defense,39,1,0.0,0.0,0.0,0.0,0.0,0.0,0.0,0.0,0,,0.0,0.0,0.0,0.0,0.0,0.0,0.0,0.0,0.0,0.0,1.0,0.0,0.0,0,0,0,0.0,0.0,0.0,0.0,0.0,,0.0,3.0,3.0,/home/runner/work/PLL_Analytics/PLL_Analytics/data/source_data/api_responses/season_2025/game_2025_semifinal_1/player_game_stats.json.gz,Semifinal 1
2025,post,2025_ev_47,2025_semifinal_1,2025_semifinal_1,44,13,2025-09-01,RED,Redwoods,OUT,Outlaws,RED,Redwoods,OUT,Outlaws,0,001001,Dylan,Molloy,Dylan Molloy,dylan molloy,dylan-molloy,https://img.premierlacrosseleague.com/Players/2026/dylan-molloy.webp,A,Attack,4,1,4.0,3.0,3.0,0.0,3.0,1.0,7.0,0.42857142857142855,5,0.7142857142857143,0.0,0.0,0.0,0.0,0.0,0.0,0.0,0.0,0.0,0.0,2.0,2.0,0.0,0,0,0,0.0,0.0,0.0,0.0,0.0,,1.0,17.0,8.0,/home/runner/work/PLL_Analytics/PLL_Analytics/data/source_data/api_responses/season_2025/game_2025_semifinal_1/player_game_stats.json.gz,Semifinal 1
2025,post,2025_ev_47,2025_semifinal_1,2025_semifinal_1,44,13,2025-09-01,RED,Redwoods,OUT,Outlaws,RED,Redwoods,OUT,Outlaws,0,001813,Jared,Conners,Jared Conners,jared conners,jared-conners,https://img.premierlacrosseleague.com/Players/2026/jared-conners.webp?v=6,LSM,Long Stick Midfield,28,1,0.0,0.0,0.0,0.0,0.0,0.0,0.0,0.0,0,,0.0,0.0,0.0,0.0,0.0,0.0,0.0,0.0,0.0,0.0,0.0,0.0,1.0,0,0,0,0.0,0.0,0.0,1.0,1.0,,0.0,4.0,4.0,/home/runner/work/PLL_Analytics/PLL_Analytics/data/source_data/api_responses/season_2025/game_2025_semifinal_1/player_game_stats.json.gz,Semifinal 1
2025,post,2025_ev_47,2025_semifinal_1,2025_semifinal_1,44,13,2025-09-01,RED,Redwoods,OUT,Outlaws,RED,Redwoods,OUT,Outlaws,0,003211,Josh,Balcarcel,Josh Balcarcel,josh balcarcel,josh-balcarcel,https://img.premierlacrosseleague.com/Players/2026/josh-balcarcel.webp,M,Midfield,34,1,0.0,0.0,0.0,0.0,0.0,0.0,0.0,0.0,0,,0.0,0.0,0.0,0.0,0.0,0.0,0.0,0.0,0.0,0.0,0.0,0.0,0.0,0,0,0,0.0,0.0,0.0,0.0,0.0,,1.0,13.0,13.0,/home/runner/work/PLL_Analytics/PLL_Analytics/data/source_data/api_responses/season_2025/game_2025_semifinal_1/player_game_stats.json.gz,Semifinal 1
2025,post,2025_ev_47,2025_semifinal_1,2025_semifinal_1,44,13,2025-09-01,RED,Redwoods,OUT,Outlaws,RED,Redwoods,OUT,Outlaws,0,000305,Romar,Dennis,Romar Dennis,romar dennis,romar-dennis,https://img.premierlacrosseleague.com/Players/2026/romar-dennis.webp,M,Midfield,5,1,0.0,0.0,0.0,0.0,0.0,0.0,6.0,0.0,3,0.5,2.0,0.0,0.0,0.0,0.0,0.0,0.0,0.0,0.0,0.0,0.0,0.0,0.0,0,0,0,0.0,0.0,0.0,0.0,0.0,,0.0,11.0,5.0,/home/runner/work/PLL_Analytics/PLL_Analytics/data/source_data/api_responses/season_2025/game_2025_semifinal_1/player_game_stats.json.gz,Semifinal 1
2025,post,2025_ev_47,2025_semifinal_1,2025_semifinal_1,44,13,2025-09-01,RED,Redwoods,OUT,Outlaws,RED,Redwoods,OUT,Outlaws,0,000373,Ryder,Garnsey,Ryder Garnsey,ryder garnsey,ryder-garnsey,https://img.premierlacrosseleague.com/Players/2026/ryder-garnsey.webp?v=4,A,Attack,50,1,0.0,0.0,0.0,0.0,0.0,0.0,2.0,0.0,0,0.0,0.0,0.0,0.0,0.0,0.0,0.0,0.0,0.0,0.0,0.0,0.0,2.0,0.0,0,0,0,0.0,0.0,0.0,0.0,0.0,,2.0,22.0,18.0,/home/runner/work/PLL_Analytics/PLL_Analytics/data/source_data/api_responses/season_2025/game_2025_semifinal_1/player_game_stats.json.gz,Semifinal 1
2025,post,2025_ev_47,2025_semifinal_1,2025_semifinal_1,44,13,2025-09-01,RED,Redwoods,OUT,Outlaws,RED,Redwoods,OUT,Outlaws,0,000416,Ryland,Rees,Ryland Rees,ryland rees,ryland-rees,https://img.premierlacrosseleague.com/Players/2025/ryland-rees.png?v=3,LSM,Long Stick Midfield,17,1,0.0,0.0,0.0,0.0,0.0,0.0,0.0,0.0,0,,0.0,0.0,0.0,0.0,0.0,0.0,0.0,0.0,0.0,0.0,1.0,0.0,0.0,0,0,0,0.0,0.0,0.0,0.0,0.0,,0.0,2.0,2.0,/home/runner/work/PLL_Analytics/PLL_Analytics/data/source_data/api_responses/season_2025/game_2025_semifinal_1/player_game_stats.json.gz,Semifinal 1
2025,post,2025_ev_47,2025_semifinal_1,2025_semifinal_1,44,13,2025-09-01,RED,Redwoods,OUT,Outlaws,RED,Redwoods,OUT,Outlaws,0,001812,TD,Ierlan,TD Ierlan,td ierlan,td-ierlan,https://img.premierlacrosseleague.com/Players/2026/td-ierlan.webp,FO,Faceoff,6,1,0.0,0.0,0.0,0.0,0.0,0.0,0.0,0.0,0,,0.0,0.0,0.0,0.0,0.0,0.0,0.0,0.0,0.0,0.0,4.0,1.0,0.0,9,9,18,0.5,0.0,0.0,0.0,0.0,9 - 18,0.0,4.0,3.0,/home/runner/work/PLL_Analytics/PLL_Analytics/data/source_data/api_responses/season_2025/game_2025_semifinal_1/player_game_stats.json.gz,Semifinal 1
2025,post,2025_ev_49,2025_championship_game,2025_championship_game,45,14,2025-09-14,ATL,Atlas,OUT,Outlaws,ATL,Atlas,OUT,Outlaws,0,003009,Brett,Makar,Brett Makar,brett makar,brett-makar,https://img.premierlacrosseleague.com/Players/2026/brett-makar.webp,D,Defense,43,1,1.0,0.0,0.0,0.0,0.0,1.0,2.0,0.0,0,0.0,1.0,0.0,0.0,0.0,0.0,0.0,0.0,0.0,0.0,0.0,3.0,0.0,1.0,0,0,0,0.0,0.0,0.0,0.0,0.0,,1.0,7.0,5.0,/home/runner/work/PLL_Analytics/PLL_Analytics/data/source_data/api_responses/season_2025/game_2025_championship_game/player_game_stats.json.gz,U.S. Bank Championship
2025,post,2025_ev_49,2025_championship_game,2025_championship_game,45,14,2025-09-14,ATL,Atlas,OUT,Outlaws,ATL,Atlas,OUT,Outlaws,0,000395,Bryan,Costabile,Bryan Costabile,bryan costabile,bryan-costabile,https://img.premierlacrosseleague.com/Players/2026/bryan-costabile.webp,M,Midfield,26,1,2.0,2.0,2.0,0.0,2.0,0.0,7.0,0.2857142857142857,5,0.7142857142857143,1.0,0.0,0.0,0.0,0.0,0.0,0.0,0.0,0.0,0.0,0.0,2.0,0.0,0,0,0,0.0,0.0,0.0,0.0,0.0,,1.0,24.0,15.0,/home/runner/work/PLL_Analytics/PLL_Analytics/data/source_data/api_responses/season_2025/game_2025_championship_game/player_game_stats.json.gz,U.S. Bank Championship
2025,post,2025_ev_49,2025_championship_game,2025_championship_game,45,14,2025-09-14,ATL,Atlas,OUT,Outlaws,ATL,Atlas,OUT,Outlaws,0,003039,Chet,Comizio,Chet Comizio,chet comizio,chet-comizio,https://img.premierlacrosseleague.com/Players/2026/chet-comizio.webp,SSDM,Defensive Midfield,57,1,0.0,0.0,0.0,0.0,0.0,0.0,1.0,0.0,0,0.0,1.0,0.0,0.0,0.0,0.0,0.0,0.0,0.0,0.0,0.0,2.0,0.0,0.0,0,0,0,0.0,0.0,0.0,0.0,0.0,,0.0,4.0,3.0,/home/runner/work/PLL_Analytics/PLL_Analytics/data/source_data/api_responses/season_2025/game_2025_championship_game/player_game_stats.json.gz,U.S. Bank Championship
2025,post,2025_ev_49,2025_championship_game,2025_championship_game,45,14,2025-09-14,ATL,Atlas,OUT,Outlaws,ATL,Atlas,OUT,Outlaws,0,003076,Connor,Shellenberger,Connor Shellenberger,connor shellenberger,connor-shellenberger,https://img.premierlacrosseleague.com/Players/2026/connor-shellenberger.webp?v=4,A,Attack,1,1,4.0,2.0,2.0,0.0,2.0,2.0,3.0,0.6666666666666666,2,0.6666666666666666,0.0,0.0,0.0,0.0,0.0,0.0,0.0,0.0,0.0,0.0,1.0,2.0,0.0,0,0,0,0.0,0.0,0.0,0.0,0.0,,4.0,23.0,18.0,/home/runner/work/PLL_Analytics/PLL_Analytics/data/source_data/api_responses/season_2025/game_2025_championship_game/player_game_stats.json.gz,U.S. Bank Championship
2025,post,2025_ev_49,2025_championship_game,2025_championship_game,45,14,2025-09-14,ATL,Atlas,OUT,Outlaws,ATL,Atlas,OUT,Outlaws,0,001819,Danny,Logan,Danny Logan,danny logan,danny-logan,https://img.premierlacrosseleague.com/Players/2026/danny-logan.webp?v=4,SSDM,Defensive Midfield,91,1,2.0,1.0,1.0,0.0,1.0,1.0,1.0,1.0,1,1.0,0.0,0.0,0.0,0.0,0.0,0.0,0.0,0.0,0.0,0.0,2.0,0.0,0.0,0,1,1,0.0,0.0,0.0,0.0,0.0,0 - 1,2.0,8.0,7.0,/home/runner/work/PLL_Analytics/PLL_Analytics/data/source_data/api_responses/season_2025/game_2025_championship_game/player_game_stats.json.gz,U.S. Bank Championship
2025,post,2025_ev_49,2025_championship_game,2025_championship_game,45,14,2025-09-14,ATL,Atlas,OUT,Outlaws,ATL,Atlas,OUT,Outlaws,0,003008,Gavin,Adler,Gavin Adler,gavin adler,gavin-adler,https://img.premierlacrosseleague.com/Players/2026/gavin-adler.webp,D,Defense,77,1,0.0,0.0,0.0,0.0,0.0,0.0,0.0,0.0,0,,0.0,0.0,0.0,0.0,0.0,0.0,0.0,0.0,0.0,0.0,0.0,0.0,0.0,0,0,0,0.0,0.0,0.0,0.0,0.0,,0.0,8.0,8.0,/home/runner/work/PLL_Analytics/PLL_Analytics/data/source_data/api_responses/season_2025/game_2025_championship_game/player_game_stats.json.gz,U.S. Bank Championship
2025,post,2025_ev_49,2025_championship_game,2025_championship_game,45,14,2025-09-14,ATL,Atlas,OUT,Outlaws,ATL,Atlas,OUT,Outlaws,0,003186,Hugh,Kelleher,Hugh Kelleher,hugh kelleher,hugh-kelleher,https://img.premierlacrosseleague.com/Players/2026/hugh-kelleher.webp?v=3,M,Midfield,27,1,1.0,1.0,1.0,0.0,1.0,0.0,4.0,0.25,1,0.25,0.0,0.0,0.0,0.0,0.0,0.0,0.0,0.0,0.0,0.0,0.0,0.0,0.0,0,0,0,0.0,0.0,0.0,0.0,0.0,,0.0,11.0,7.0,/home/runner/work/PLL_Analytics/PLL_Analytics/data/source_data/api_responses/season_2025/game_2025_championship_game/player_game_stats.json.gz,U.S. Bank Championship
2025,post,2025_ev_49,2025_championship_game,2025_championship_game,45,14,2025-09-14,ATL,Atlas,OUT,Outlaws,ATL,Atlas,OUT,Outlaws,0,003084,Jake,Stevens,Jake Stevens,jake stevens,jake-stevens,https://img.premierlacrosseleague.com/Players/2026/jake-stevens.webp,M,Midfield,14,1,0.0,0.0,0.0,0.0,0.0,0.0,1.0,0.0,1,1.0,0.0,0.0,0.0,0.0,0.0,0.0,0.0,0.0,0.0,0.0,1.0,2.0,0.0,0,0,0,0.0,0.0,0.0,0.0,0.0,,1.0,12.0,9.0,/home/runner/work/PLL_Analytics/PLL_Analytics/data/source_data/api_responses/season_2025/game_2025_championship_game/player_game_stats.json.gz,U.S. Bank Championship
2025,post,2025_ev_49,2025_championship_game,2025_championship_game,45,14,2025-09-14,ATL,Atlas,OUT,Outlaws,ATL,Atlas,OUT,Outlaws,0,001809,Jeff,Teat,Jeff Teat,jeff teat,jeff-teat,https://img.premierlacrosseleague.com/Players/2025/jeff-teat.png?v=3,A,Attack,7,1,6.0,3.0,3.0,0.0,3.0,3.0,10.0,0.3,8,0.8,0.0,0.0,0.0,0.0,0.0,0.0,0.0,0.0,0.0,0.0,1.0,0.0,0.0,0,0,0,0.0,0.0,0.0,1.0,0.5,,4.0,25.0,15.0,/home/runner/work/PLL_Analytics/PLL_Analytics/data/source_data/api_responses/season_2025/game_2025_championship_game/player_game_stats.json.gz,U.S. Bank Championship
2025,post,2025_ev_49,2025_championship_game,2025_championship_game,45,14,2025-09-14,ATL,Atlas,OUT,Outlaws,ATL,Atlas,OUT,Outlaws,0,003079,Liam,Entenmann,Liam Entenmann,liam entenmann,liam-entenmann,https://img.premierlacrosseleague.com/Players/2026/liam-entenmann.webp?v=5,G,Goalie,44,1,0.0,0.0,0.0,0.0,0.0,0.0,0.0,0.0,0,,0.0,15.0,6.0,9.0,0.53571,0.4,13.0,0.0,13.0,12.999999999999998,2.0,0.0,0.0,0,0,0,0.0,13.0,0.0,0.0,0.0,,1.0,19.0,19.0,/home/runner/work/PLL_Analytics/PLL_Analytics/data/source_data/api_responses/season_2025/game_2025_championship_game/player_game_stats.json.gz,U.S. Bank Championship
2025,post,2025_ev_49,2025_championship_game,2025_championship_game,45,14,2025-09-14,ATL,Atlas,OUT,Outlaws,ATL,Atlas,OUT,Outlaws,0,003164,Matt,Traynor,Matt Traynor,matt traynor,matt-traynor,https://img.premierlacrosseleague.com/Players/2026/matt-traynor.webp,M,Midfield,2,1,3.0,3.0,3.0,0.0,3.0,0.0,10.0,0.3,5,0.5,0.0,0.0,0.0,0.0,0.0,0.0,0.0,0.0,0.0,0.0,1.0,1.0,0.0,0,0,0,0.0,0.0,0.0,0.0,0.0,,1.0,15.0,4.0,/home/runner/work/PLL_Analytics/PLL_Analytics/data/source_data/api_responses/season_2025/game_2025_championship_game/player_game_stats.json.gz,U.S. Bank Championship
2025,post,2025_ev_49,2025_championship_game,2025_championship_game,45,14,2025-09-14,ATL,Atlas,OUT,Outlaws,ATL,Atlas,OUT,Outlaws,0,003172,Max,Krevsky,Max Krevsky,max krevsky,max-krevsky,https://img.premierlacrosseleague.com/Players/2026/max-krevsky.webp,SSDM,Defensive Midfield,48,1,0.0,0.0,0.0,0.0,0.0,0.0,2.0,0.0,0,0.0,0.0,0.0,0.0,0.0,0.0,0.0,0.0,0.0,0.0,0.0,2.0,0.0,0.0,0,0,0,0.0,0.0,0.0,0.0,0.0,,0.0,7.0,5.0,/home/runner/work/PLL_Analytics/PLL_Analytics/data/source_data/api_responses/season_2025/game_2025_championship_game/player_game_stats.json.gz,U.S. Bank Championship
2025,post,2025_ev_49,2025_championship_game,2025_championship_game,45,14,2025-09-14,ATL,Atlas,OUT,Outlaws,ATL,Atlas,OUT,Outlaws,0,003178,Michael,Grace,Michael Grace,michael grace,michael-grace,https://img.premierlacrosseleague.com/Players/2025/michael-grace.png?v=2,LSM,Long Stick Midfield,20,1,0.0,0.0,0.0,0.0,0.0,0.0,0.0,0.0,0,,0.0,0.0,0.0,0.0,0.0,0.0,0.0,0.0,0.0,0.0,2.0,0.0,1.0,0,0,0,0.0,0.0,0.0,1.0,0.5,,0.0,5.0,5.0,/home/runner/work/PLL_Analytics/PLL_Analytics/data/source_data/api_responses/season_2025/game_2025_championship_game/player_game_stats.json.gz,U.S. Bank Championship
2025,post,2025_ev_49,2025_championship_game,2025_championship_game,45,14,2025-09-14,ATL,Atlas,OUT,Outlaws,ATL,Atlas,OUT,Outlaws,0,001397,Michael,Rexrode,Michael Rexrode,michael rexrode,michael-rexrode,https://img.premierlacrosseleague.com/Players/2026/michael-rexrode.webp,D,Defense,22,1,1.0,0.0,0.0,0.0,0.0,1.0,0.0,0.0,0,,0.0,0.0,0.0,0.0,0.0,0.0,0.0,0.0,0.0,0.0,3.0,0.0,0.0,0,0,0,0.0,0.0,0.0,0.0,0.0,,1.0,8.0,8.0,/home/runner/work/PLL_Analytics/PLL_Analytics/data/source_data/api_responses/season_2025/game_2025_championship_game/player_game_stats.json.gz,U.S. Bank Championship
2025,post,2025_ev_49,2025_championship_game,2025_championship_game,45,14,2025-09-14,ATL,Atlas,OUT,Outlaws,ATL,Atlas,OUT,Outlaws,0,002006,Reid,Bowering,Reid Bowering,reid bowering,reid-bowering,https://img.premierlacrosseleague.com/Players/2026/reid-bowering.webp?v=4,M,Midfield,98,1,2.0,1.0,1.0,0.0,1.0,1.0,3.0,0.3333333333333333,3,1.0,0.0,0.0,0.0,0.0,0.0,0.0,0.0,0.0,0.0,0.0,2.0,0.0,0.0,0,0,0,0.0,0.0,0.0,0.0,0.0,,1.0,11.0,8.0,/home/runner/work/PLL_Analytics/PLL_Analytics/data/source_data/api_responses/season_2025/game_2025_championship_game/player_game_stats.json.gz,U.S. Bank Championship
2025,post,2025_ev_49,2025_championship_game,2025_championship_game,45,14,2025-09-14,ATL,Atlas,OUT,Outlaws,ATL,Atlas,OUT,Outlaws,0,000254,Trevor,Baptiste,Trevor Baptiste,trevor baptiste,trevor-baptiste,https://img.premierlacrosseleague.com/Players/2026/trevor-baptiste.webp?v=4,FO,Faceoff,9,1,0.0,0.0,0.0,0.0,0.0,0.0,1.0,0.0,1,1.0,0.0,0.0,0.0,0.0,0.0,0.0,0.0,0.0,0.0,0.0,10.0,0.0,0.0,22,8,30,0.7333333333333333,0.0,0.0,0.0,0.0,22 - 30,0.0,11.0,10.0,/home/runner/work/PLL_Analytics/PLL_Analytics/data/source_data/api_responses/season_2025/game_2025_championship_game/player_game_stats.json.gz,U.S. Bank Championship
2025,post,2025_ev_49,2025_championship_game,2025_championship_game,45,14,2025-09-14,ATL,Atlas,OUT,Outlaws,ATL,Atlas,OUT,Outlaws,0,003099,Tyler,Carpenter,Tyler Carpenter,tyler carpenter,tyler-carpenter,https://img.premierlacrosseleague.com/Players/2026/tyler-carpenter.webp,LSM,Long Stick Midfield,5,1,0.0,0.0,0.0,0.0,0.0,0.0,0.0,0.0,0,,0.0,0.0,0.0,0.0,0.0,0.0,0.0,0.0,0.0,0.0,5.0,1.0,0.0,0,0,0,0.0,0.0,0.0,0.0,0.0,,0.0,7.0,6.0,/home/runner/work/PLL_Analytics/PLL_Analytics/data/source_data/api_responses/season_2025/game_2025_championship_game/player_game_stats.json.gz,U.S. Bank Championship
2025,post,2025_ev_49,2025_championship_game,2025_championship_game,45,14,2025-09-14,ATL,Atlas,OUT,Outlaws,ATL,Atlas,OUT,Outlaws,0,003010,Xander,Dickson,Xander Dickson,xander dickson,xander-dickson,https://img.premierlacrosseleague.com/Players/2026/xander-dickson.webp,A,Attack,10,1,1.0,1.0,1.0,0.0,1.0,0.0,1.0,1.0,1,1.0,0.0,0.0,0.0,0.0,0.0,0.0,0.0,0.0,0.0,0.0,0.0,1.0,2.0,0,0,0,0.0,0.0,0.0,0.0,0.0,,0.0,6.0,4.0,/home/runner/work/PLL_Analytics/PLL_Analytics/data/source_data/api_responses/season_2025/game_2025_championship_game/player_game_stats.json.gz,U.S. Bank Championship
2025,post,2025_ev_49,2025_championship_game,2025_championship_game,45,14,2025-09-14,OUT,Outlaws,ATL,Atlas,OUT,Outlaws,ATL,Atlas,1,003075,Brennan,O'Neill,Brennan O'Neill,brennan oneill,brennan-o-neill,https://img.premierlacrosseleague.com/Players/2026/brennan-o-neill.webp?v=5,A,Attack,42,1,3.0,3.0,3.0,0.0,3.0,0.0,11.0,0.2727272727272727,5,0.45454545454545453,0.0,0.0,0.0,0.0,0.0,0.0,0.0,0.0,0.0,0.0,2.0,4.0,0.0,0,0,0,0.0,0.0,0.0,0.0,0.0,,2.0,28.0,13.0,/home/runner/work/PLL_Analytics/PLL_Analytics/data/source_data/api_responses/season_2025/game_2025_championship_game/player_game_stats.json.gz,U.S. Bank Championship
2025,post,2025_ev_49,2025_championship_game,2025_championship_game,45,14,2025-09-14,OUT,Outlaws,ATL,Atlas,OUT,Outlaws,ATL,Atlas,1,003106,Dalton,Young,Dalton Young,dalton young,dalton-young,https://img.premierlacrosseleague.com/Players/2026/dalton-young.webp,M,Midfield,11,1,2.0,2.0,2.0,0.0,2.0,0.0,6.0,0.3333333333333333,3,0.5,0.0,0.0,0.0,0.0,0.0,0.0,0.0,0.0,0.0,0.0,0.0,0.0,0.0,0,0,0,0.0,0.0,0.0,0.0,0.0,,0.0,14.0,8.0,/home/runner/work/PLL_Analytics/PLL_Analytics/data/source_data/api_responses/season_2025/game_2025_championship_game/player_game_stats.json.gz,U.S. Bank Championship
2025,post,2025_ev_49,2025_championship_game,2025_championship_game,45,14,2025-09-14,OUT,Outlaws,ATL,Atlas,OUT,Outlaws,ATL,Atlas,1,003085,Graham,Bundy,Graham Bundy,graham bundy,graham-bundy-jr,https://img.premierlacrosseleague.com/Players/2026/graham-bundy-jr.webp,M,Midfield,0,1,1.0,1.0,1.0,0.0,1.0,0.0,5.0,0.2,4,0.8,1.0,0.0,0.0,0.0,0.0,0.0,0.0,0.0,0.0,0.0,1.0,1.0,0.0,0,0,0,0.0,0.0,0.0,0.0,0.0,,0.0,23.0,17.0,/home/runner/work/PLL_Analytics/PLL_Analytics/data/source_data/api_responses/season_2025/game_2025_championship_game/player_game_stats.json.gz,U.S. Bank Championship
2025,post,2025_ev_49,2025_championship_game,2025_championship_game,45,14,2025-09-14,OUT,Outlaws,ATL,Atlas,OUT,Outlaws,ATL,Atlas,1,001811,JT,Giles-Harris,JT Giles-Harris,jt gilesharris,jt-giles-harris,https://img.premierlacrosseleague.com/Players/2026/jt-giles-harris.webp?v=5,D,Defense,1,1,0.0,0.0,0.0,0.0,0.0,0.0,0.0,0.0,0,,0.0,0.0,0.0,0.0,0.0,0.0,0.0,0.0,0.0,0.0,2.0,1.0,0.0,0,0,0,0.0,0.0,0.0,0.0,0.0,,0.0,14.0,13.0,/home/runner/work/PLL_Analytics/PLL_Analytics/data/source_data/api_responses/season_2025/game_2025_championship_game/player_game_stats.json.gz,U.S. Bank Championship
2025,post,2025_ev_49,2025_championship_game,2025_championship_game,45,14,2025-09-14,OUT,Outlaws,ATL,Atlas,OUT,Outlaws,ATL,Atlas,1,003183,Jack,Gray,Jack Gray,jack gray,jack-gray,https://img.premierlacrosseleague.com/Players/2026/jack-gray.webp,SSDM,Defensive Midfield,20,1,0.0,0.0,0.0,0.0,0.0,0.0,0.0,0.0,0,,0.0,0.0,0.0,0.0,0.0,0.0,0.0,0.0,0.0,0.0,1.0,1.0,0.0,0,0,0,0.0,0.0,0.0,0.0,0.0,,0.0,4.0,3.0,/home/runner/work/PLL_Analytics/PLL_Analytics/data/source_data/api_responses/season_2025/game_2025_championship_game/player_game_stats.json.gz,U.S. Bank Championship
2025,post,2025_ev_49,2025_championship_game,2025_championship_game,45,14,2025-09-14,OUT,Outlaws,ATL,Atlas,OUT,Outlaws,ATL,Atlas,1,003083,Jake,Piseno,Jake Piseno,jake piseno,jake-piseno,https://img.premierlacrosseleague.com/Players/2026/jake-piseno.webp,LSM,Long Stick Midfield,88,1,0.0,0.0,0.0,0.0,0.0,0.0,0.0,0.0,0,,0.0,0.0,0.0,0.0,0.0,0.0,0.0,0.0,0.0,0.0,2.0,0.0,2.0,0,0,0,0.0,0.0,0.0,0.0,0.0,,1.0,4.0,4.0,/home/runner/work/PLL_Analytics/PLL_Analytics/data/source_data/api_responses/season_2025/game_2025_championship_game/player_game_stats.json.gz,U.S. Bank Championship
2025,post,2025_ev_49,2025_championship_game,2025_championship_game,45,14,2025-09-14,OUT,Outlaws,ATL,Atlas,OUT,Outlaws,ATL,Atlas,1,001827,Jared,Bernhardt,Jared Bernhardt,jared bernhardt,jared-bernhardt,https://img.premierlacrosseleague.com/Players/2026/jared-bernhardt.webp?v=3,M,Midfield,10,1,2.0,2.0,2.0,0.0,2.0,0.0,6.0,0.3333333333333333,4,0.6666666666666666,1.0,0.0,0.0,0.0,0.0,0.0,0.0,0.0,0.0,0.0,2.0,0.0,0.0,0,0,0,0.0,0.0,0.0,0.0,0.0,,1.0,24.0,18.0,/home/runner/work/PLL_Analytics/PLL_Analytics/data/source_data/api_responses/season_2025/game_2025_championship_game/player_game_stats.json.gz,U.S. Bank Championship
2025,post,2025_ev_49,2025_championship_game,2025_championship_game,45,14,2025-09-14,OUT,Outlaws,ATL,Atlas,OUT,Outlaws,ATL,Atlas,1,000405,Jesse,Bernhardt,Jesse Bernhardt,jesse bernhardt,jesse-bernhardt,https://img.premierlacrosseleague.com/Players/2024/jesse-bernhardt?v=2,D,Defense,36,1,0.0,0.0,0.0,0.0,0.0,0.0,0.0,0.0,0,,0.0,0.0,0.0,0.0,0.0,0.0,0.0,0.0,0.0,0.0,1.0,0.0,0.0,0,0,0,0.0,0.0,0.0,0.0,0.0,,0.0,7.0,7.0,/home/runner/work/PLL_Analytics/PLL_Analytics/data/source_data/api_responses/season_2025/game_2025_championship_game/player_game_stats.json.gz,U.S. Bank Championship
2025,post,2025_ev_49,2025_championship_game,2025_championship_game,45,14,2025-09-14,OUT,Outlaws,ATL,Atlas,OUT,Outlaws,ATL,Atlas,1,002030,Jonathan,Donville,Jonathan Donville,jonathan donville,jonathan-donville,https://img.premierlacrosseleague.com/Players/2026/jonathon-donville.webp,M,Midfield,3,1,1.0,1.0,1.0,0.0,1.0,0.0,2.0,0.5,2,1.0,0.0,0.0,0.0,0.0,0.0,0.0,0.0,0.0,0.0,0.0,1.0,1.0,0.0,0,0,0,0.0,0.0,0.0,0.0,0.0,,0.0,7.0,4.0,/home/runner/work/PLL_Analytics/PLL_Analytics/data/source_data/api_responses/season_2025/game_2025_championship_game/player_game_stats.json.gz,U.S. Bank Championship
2025,post,2025_ev_49,2025_championship_game,2025_championship_game,45,14,2025-09-14,OUT,Outlaws,ATL,Atlas,OUT,Outlaws,ATL,Atlas,1,001828,Justin,Anderson,Justin Anderson,justin anderson,justin-anderson,https://img.premierlacrosseleague.com/Players/2026/justin-anderson.webp,M,Midfield,21,1,1.0,1.0,1.0,0.0,1.0,0.0,3.0,0.3333333333333333,2,0.6666666666666666,0.0,0.0,0.0,0.0,0.0,0.0,0.0,0.0,0.0,0.0,1.0,1.0,0.0,0,0,0,0.0,0.0,0.0,0.0,0.0,,0.0,10.0,6.0,/home/runner/work/PLL_Analytics/PLL_Analytics/data/source_data/api_responses/season_2025/game_2025_championship_game/player_game_stats.json.gz,U.S. Bank Championship
2025,post,2025_ev_49,2025_championship_game,2025_championship_game,45,14,2025-09-14,OUT,Outlaws,ATL,Atlas,OUT,Outlaws,ATL,Atlas,1,003169,Logan,McNaney,Logan McNaney,logan mcnaney,logan-mcnaney,https://img.premierlacrosseleague.com/Players/2026/logan-mcnaney.webp,G,Goalie,30,1,0.0,0.0,0.0,0.0,0.0,0.0,0.0,0.0,0,,0.0,11.0,6.0,5.0,0.44,0.5454545454545454,14.0,0.0,14.0,14.0,5.0,0.0,0.0,0,0,0,0.0,14.0,0.0,0.0,0.0,,0.0,24.0,24.0,/home/runner/work/PLL_Analytics/PLL_Analytics/data/source_data/api_responses/season_2025/game_2025_championship_game/player_game_stats.json.gz,U.S. Bank Championship
2025,post,2025_ev_49,2025_championship_game,2025_championship_game,45,14,2025-09-14,OUT,Outlaws,ATL,Atlas,OUT,Outlaws,ATL,Atlas,1,002015,Logan,Wisnauskas,Logan Wisnauskas,logan wisnauskas,logan-wisnauskas,https://img.premierlacrosseleague.com/Players/2026/logan-wisnauskas.webp?v=4,A,Attack,12,1,2.0,1.0,1.0,0.0,1.0,1.0,4.0,0.25,2,0.5,0.0,0.0,0.0,0.0,0.0,0.0,0.0,0.0,0.0,0.0,2.0,1.0,0.0,0,0,0,0.0,0.0,0.0,0.0,0.0,,2.0,20.0,15.0,/home/runner/work/PLL_Analytics/PLL_Analytics/data/source_data/api_responses/season_2025/game_2025_championship_game/player_game_stats.json.gz,U.S. Bank Championship
2025,post,2025_ev_49,2025_championship_game,2025_championship_game,45,14,2025-09-14,OUT,Outlaws,ATL,Atlas,OUT,Outlaws,ATL,Atlas,1,003098,Luke,Wierman,Luke Wierman,luke wierman,luke-wierman,https://img.premierlacrosseleague.com/Players/2026/luke-wierman.webp,FO,Faceoff,52,1,0.0,0.0,0.0,0.0,0.0,0.0,0.0,0.0,0,,0.0,0.0,0.0,0.0,0.0,0.0,0.0,0.0,0.0,0.0,2.0,1.0,0.0,9,21,30,0.3,0.0,0.0,0.0,0.0,9 - 30,0.0,5.0,4.0,/home/runner/work/PLL_Analytics/PLL_Analytics/data/source_data/api_responses/season_2025/game_2025_championship_game/player_game_stats.json.gz,U.S. Bank Championship
2025,post,2025_ev_49,2025_championship_game,2025_championship_game,45,14,2025-09-14,OUT,Outlaws,ATL,Atlas,OUT,Outlaws,ATL,Atlas,1,000302,Michael,Manley,Michael Manley,michael manley,michael-manley,https://img.premierlacrosseleague.com/Players/2026/michael-manley.webp?v=3,D,Defense,37,1,0.0,0.0,0.0,0.0,0.0,0.0,2.0,0.0,2,1.0,2.0,0.0,0.0,0.0,0.0,0.0,0.0,0.0,0.0,0.0,0.0,0.0,1.0,0,0,0,0.0,0.0,0.0,0.0,0.0,,0.0,5.0,3.0,/home/runner/work/PLL_Analytics/PLL_Analytics/data/source_data/api_responses/season_2025/game_2025_championship_game/player_game_stats.json.gz,U.S. Bank Championship
2025,post,2025_ev_49,2025_championship_game,2025_championship_game,45,14,2025-09-14,OUT,Outlaws,ATL,Atlas,OUT,Outlaws,ATL,Atlas,1,001839,Nick,Grill,Nick Grill,nick grill,nick-grill,https://img.premierlacrosseleague.com/Players/2026/nick-grill.webp,LSM,Long Stick Midfield,8,1,0.0,0.0,0.0,0.0,0.0,0.0,0.0,0.0,0,,0.0,0.0,0.0,0.0,0.0,0.0,0.0,0.0,0.0,0.0,0.0,0.0,0.0,0,0,0,0.0,0.0,0.0,0.0,0.0,,0.0,0.0,0.0,/home/runner/work/PLL_Analytics/PLL_Analytics/data/source_data/api_responses/season_2025/game_2025_championship_game/player_game_stats.json.gz,U.S. Bank Championship
2025,post,2025_ev_49,2025_championship_game,2025_championship_game,45,14,2025-09-14,OUT,Outlaws,ATL,Atlas,OUT,Outlaws,ATL,Atlas,1,003080,Pat,Kavanagh,Pat Kavanagh,pat kavanagh,pat-kavanagh,https://img.premierlacrosseleague.com/Players/2026/pat-kavanagh.webp?v=4,A,Attack,51,1,4.0,2.0,2.0,0.0,2.0,2.0,8.0,0.25,6,0.75,0.0,0.0,0.0,0.0,0.0,0.0,0.0,0.0,0.0,0.0,1.0,1.0,0.0,0,0,0,0.0,0.0,0.0,0.0,0.0,,4.0,24.0,15.0,/home/runner/work/PLL_Analytics/PLL_Analytics/data/source_data/api_responses/season_2025/game_2025_championship_game/player_game_stats.json.gz,U.S. Bank Championship
2025,post,2025_ev_49,2025_championship_game,2025_championship_game,45,14,2025-09-14,OUT,Outlaws,ATL,Atlas,OUT,Outlaws,ATL,Atlas,1,001820,Ryan,Terefenko,Ryan Terefenko,ryan terefenko,ryan-terefenko,https://img.premierlacrosseleague.com/Players/2026/ryan-terefenko.webp?v=4,SSDM,Defensive Midfield,34,1,2.0,0.0,0.0,0.0,0.0,2.0,0.0,0.0,0,,0.0,0.0,0.0,0.0,0.0,0.0,0.0,0.0,0.0,0.0,0.0,0.0,0.0,0,1,1,0.0,0.0,0.0,0.0,0.0,0 - 1,2.0,8.0,8.0,/home/runner/work/PLL_Analytics/PLL_Analytics/data/source_data/api_responses/season_2025/game_2025_championship_game/player_game_stats.json.gz,U.S. Bank Championship
2025,post,2025_ev_49,2025_championship_game,2025_championship_game,45,14,2025-09-14,OUT,Outlaws,ATL,Atlas,OUT,Outlaws,ATL,Atlas,1,002022,Zach,Geddes,Zach Geddes,zach geddes,zach-geddes,https://img.premierlacrosseleague.com/Players/2026/zach-geddes.webp,SSDM,Defensive Midfield,13,1,0.0,0.0,0.0,0.0,0.0,0.0,0.0,0.0,0,,0.0,0.0,0.0,0.0,0.0,0.0,0.0,0.0,0.0,0.0,2.0,0.0,1.0,0,0,0,0.0,0.0,0.0,0.0,0.0,,0.0,10.0,10.0,/home/runner/work/PLL_Analytics/PLL_Analytics/data/source_data/api_responses/season_2025/game_2025_championship_game/player_game_stats.json.gz,U.S. Bank Championship
