player_id,full_name,position,position_name,split_type,games,first_game_date,last_game_date,opponents,teams,points,scoring_points,one_point_goals,two_point_goals,goals,assists,shots,shots_on_goal,two_point_shots,saves,clean_saves,messy_saves,scores_against,saa,ground_balls,turnovers,caused_turnovers,faceoffs_won,faceoffs_lost,faceoffs,goals_against,two_point_goals_against,num_penalties,pim,assist_opportunities,touches,total_passes,shot_pct_calc,shots_on_goal_rate_calc,faceoff_pct_calc,save_pct_calc,clean_save_pct,clean_save_rate,assist_conv_rate,two_pt_conversion,points_per_game,scoring_points_per_game,one_point_goals_per_game,two_point_goals_per_game,goals_per_game,assists_per_game,shots_per_game,shots_on_goal_per_game,two_point_shots_per_game,saves_per_game,clean_saves_per_game,messy_saves_per_game,scores_against_per_game,saa_per_game,ground_balls_per_game,turnovers_per_game,caused_turnovers_per_game,faceoffs_won_per_game,faceoffs_lost_per_game,faceoffs_per_game,goals_against_per_game,two_point_goals_against_per_game,num_penalties_per_game,pim_per_game,assist_opportunities_per_game,touches_per_game,total_passes_per_game,assist_opp_per_game
000201,Adam Ghitelman,G,Goalie,last_5,2,2022-09-03,2022-09-11,CHA|RED,ARC,0.0,0.0,0.0,0.0,0.0,0.0,0.0,0,0.0,24.0,10.0,14.0,17.0,16.99722318639361,5.0,0.0,0.0,0,0,0,17.0,0.0,0.0,0.0,0.0,31.0,31.0,,,,0.5853658536585366,41.66666666666667,0.24390243902439024,,,0.0,0.0,0.0,0.0,0.0,0.0,0.0,0.0,0.0,12.0,5.0,7.0,8.5,8.498611593196806,2.5,0.0,0.0,0.0,0.0,0.0,8.5,0.0,0.0,0.0,0.0,15.5,15.5,0.0
000207,Dominique Alexander,SSDM,Defensive Midfield,last_5,2,2022-09-03,2022-09-11,CHA|RED,ARC,0.0,0.0,0.0,0.0,0.0,0.0,0.0,0,0.0,0.0,0.0,0.0,0.0,0.0,4.0,1.0,0.0,0,0,0,0.0,0.0,0.0,0.0,1.0,15.0,14.0,,,,,,,0.0,,0.0,0.0,0.0,0.0,0.0,0.0,0.0,0.0,0.0,0.0,0.0,0.0,0.0,0.0,2.0,0.5,0.0,0.0,0.0,0.0,0.0,0.0,0.0,0.0,0.5,7.5,7.0,0.5
000211,Ian MacKay,SSDM,Defensive Midfield,last_5,5,2022-09-11,2024-09-07,ARC|CAN|RED|WAT,CHA,1.0,0.0,0.0,0.0,0.0,1.0,8.0,5,1.0,0.0,0.0,0.0,0.0,0.0,2.0,3.0,0.0,0,2,2,0.0,0.0,1.0,1.0,2.0,32.0,21.0,0.0,0.625,0.0,,,,0.5,0.0,0.2,0.0,0.0,0.0,0.0,0.2,1.6,1.0,0.2,0.0,0.0,0.0,0.0,0.0,0.4,0.6,0.0,0.0,0.4,0.4,0.0,0.0,0.2,0.2,0.4,6.4,4.2,0.4
000216,Marcus Holman,A,Attack,last_5,5,2023-09-04,2026-09-07,ATL|CHA|WAT|WHP,CAN,7.0,4.0,4.0,0.0,4.0,3.0,28.0,12,9.0,0.0,0.0,0.0,0.0,0.0,15.0,6.0,1.0,0,0,0,0.0,0.0,0.0,0.0,9.0,176.0,142.0,0.14285714285714285,0.42857142857142855,,,,,0.3333333333333333,0.0,1.4,0.8,0.8,0.0,0.8,0.6,5.6,2.4,1.8,0.0,0.0,0.0,0.0,0.0,3.0,1.2,0.2,0.0,0.0,0.0,0.0,0.0,0.0,0.0,1.8,35.2,28.4,1.8
000217,Mark McNeill,SSDM,Defensive Midfield,last_5,2,2022-09-03,2022-09-11,CHA|RED,ARC,0.0,0.0,0.0,0.0,0.0,0.0,0.0,0,0.0,0.0,0.0,0.0,0.0,0.0,0.0,0.0,0.0,0,0,0,0.0,0.0,0.0,0.0,0.0,5.0,5.0,,,,,,,,,0.0,0.0,0.0,0.0,0.0,0.0,0.0,0.0,0.0,0.0,0.0,0.0,0.0,0.0,0.0,0.0,0.0,0.0,0.0,0.0,0.0,0.0,0.0,0.0,0.0,2.5,2.5,0.0
000218,Matt McMahon,D,Defense,last_5,4,2022-09-03,2023-09-24,CHA|RED|WAT,ARC,0.0,0.0,0.0,0.0,0.0,0.0,0.0,0,0.0,0.0,0.0,0.0,0.0,0.0,5.0,0.0,3.0,0,0,0,0.0,0.0,0.0,0.0,0.0,12.0,12.0,,,,,,,,,0.0,0.0,0.0,0.0,0.0,0.0,0.0,0.0,0.0,0.0,0.0,0.0,0.0,0.0,1.25,0.0,0.75,0.0,0.0,0.0,0.0,0.0,0.0,0.0,0.0,3.0,3.0,0.0
000221,Ryan Ambler,M,Midfield,last_5,5,2023-09-10,2026-09-07,CHA|OUT|RED|WAT|WHP,ARC,3.0,1.0,1.0,0.0,1.0,2.0,9.0,4,0.0,0.0,0.0,0.0,0.0,0.0,5.0,6.0,1.0,0,0,0,0.0,0.0,1.0,1.0,4.0,68.0,53.0,0.1111111111111111,0.4444444444444444,,,,,0.5,,0.6,0.2,0.2,0.0,0.2,0.4,1.8,0.8,0.0,0.0,0.0,0.0,0.0,0.0,1.0,1.2,0.2,0.0,0.0,0.0,0.0,0.0,0.2,0.2,0.8,13.6,10.6,0.8
000223,Scott Ratliff,D,Defense,last_5,2,2022-09-03,2022-09-11,CHA|RED,ARC,0.0,0.0,0.0,0.0,0.0,0.0,0.0,0,0.0,0.0,0.0,0.0,0.0,0.0,7.0,0.0,0.0,0,0,0,0.0,0.0,0.0,0.0,3.0,25.0,25.0,,,,,,,0.0,,0.0,0.0,0.0,0.0,0.0,0.0,0.0,0.0,0.0,0.0,0.0,0.0,0.0,0.0,3.5,0.0,0.0,0.0,0.0,0.0,0.0,0.0,0.0,0.0,1.5,12.5,12.5,1.5
000225,Tom Schreiber,M,Midfield,last_5,5,2022-09-03,2026-09-07,CHA|OUT|RED|WAT,ARC,7.0,6.0,6.0,0.0,6.0,1.0,28.0,13,4.0,0.0,0.0,0.0,0.0,0.0,5.0,2.0,0.0,0,0,0,0.0,0.0,0.0,0.0,19.0,127.0,97.0,0.21428571428571427,0.4642857142857143,,,,,0.05263157894736842,0.0,1.4,1.2,1.2,0.0,1.2,0.2,5.6,2.6,0.8,0.0,0.0,0.0,0.0,0.0,1.0,0.4,0.0,0.0,0.0,0.0,0.0,0.0,0.0,0.0,3.8,25.4,19.4,3.8
000227,Will Manny,A,Attack,last_5,3,2022-09-03,2023-09-04,CHA|RED|WAT,ARC|WHP,3.0,1.0,1.0,0.0,1.0,2.0,11.0,5,0.0,0.0,0.0,0.0,0.0,0.0,0.0,3.0,0.0,0,0,0,0.0,0.0,0.0,0.0,10.0,67.0,53.0,0.09090909090909091,0.45454545454545453,,,,,0.2,,1.0,0.3333333333333333,0.3333333333333333,0.0,0.3333333333333333,0.6666666666666666,3.6666666666666665,1.6666666666666667,0.0,0.0,0.0,0.0,0.0,0.0,0.0,1.0,0.0,0.0,0.0,0.0,0.0,0.0,0.0,0.0,3.3333333333333335,22.333333333333332,17.666666666666668,3.3333333333333335
000231,Chris Cloutier,A,Attack,last_5,4,2022-09-03,2023-09-04,ARC|OUT|RED|WAT,CHA,8.0,6.0,6.0,0.0,6.0,2.0,19.0,14,2.0,0.0,0.0,0.0,0.0,0.0,5.0,7.0,0.0,0,0,0,0.0,0.0,0.0,0.0,13.0,78.0,52.0,0.3157894736842105,0.7368421052631579,,,,,0.15384615384615385,0.0,2.0,1.5,1.5,0.0,1.5,0.5,4.75,3.5,0.5,0.0,0.0,0.0,0.0,0.0,1.25,1.75,0.0,0.0,0.0,0.0,0.0,0.0,0.0,0.0,3.25,19.5,13.0,3.25
000234,Eric Law,A,Attack,last_5,3,2022-09-03,2024-09-02,CAN|WAT|WHP,ATL|OUT,3.0,2.0,2.0,0.0,2.0,1.0,8.0,6,0.0,0.0,0.0,0.0,0.0,0.0,1.0,7.0,1.0,0,0,0,0.0,0.0,0.0,0.0,9.0,76.0,61.0,0.25,0.75,,,,,0.1111111111111111,,1.0,0.6666666666666666,0.6666666666666666,0.0,0.6666666666666666,0.3333333333333333,2.6666666666666665,2.0,0.0,0.0,0.0,0.0,0.0,0.0,0.3333333333333333,2.3333333333333335,0.3333333333333333,0.0,0.0,0.0,0.0,0.0,0.0,0.0,3.0,25.333333333333332,20.333333333333332,3.0
000235,Jake Richard,SSDM,Defensive Midfield,last_5,2,2022-09-03,2023-09-04,CAN|WAT,ATL,0.0,0.0,0.0,0.0,0.0,0.0,3.0,1,1.0,0.0,0.0,0.0,0.0,0.0,0.0,0.0,1.0,0,0,0,0.0,0.0,1.0,0.5,0.0,19.0,16.0,0.0,0.3333333333333333,,,,,,0.0,0.0,0.0,0.0,0.0,0.0,0.0,1.5,0.5,0.5,0.0,0.0,0.0,0.0,0.0,0.0,0.0,0.5,0.0,0.0,0.0,0.0,0.0,0.5,0.25,0.0,9.5,8.0,0.0
000240,Kieran McArdle,A,Attack,last_5,5,2023-09-24,2026-09-20,ARC|ATL|CAN|OUT|WHP,WAT,12.0,8.0,8.0,0.0,8.0,4.0,30.0,21,0.0,0.0,0.0,0.0,0.0,0.0,6.0,4.0,0.0,0,0,0,0.0,0.0,0.0,0.0,15.0,115.0,81.0,0.26666666666666666,0.7,,,,,0.26666666666666666,,2.4,1.6,1.6,0.0,1.6,0.8,6.0,4.2,0.0,0.0,0.0,0.0,0.0,0.0,1.2,0.8,0.0,0.0,0.0,0.0,0.0,0.0,0.0,0.0,3.0,23.0,16.2,3.0
000241,Jack Concannon,G,Goalie,last_5,2,2022-09-03,2023-09-04,CAN|WAT,ATL,0.0,0.0,0.0,0.0,0.0,0.0,0.0,0,0.0,11.0,2.0,9.0,29.0,47.56898314076106,2.0,0.0,1.0,0,0,0,27.0,2.0,0.0,0.0,0.0,12.0,12.0,,,,0.2894736842105263,18.181818181818183,0.05263157894736842,,,0.0,0.0,0.0,0.0,0.0,0.0,0.0,0.0,0.0,5.5,1.0,4.5,14.5,23.78449157038053,1.0,0.0,0.5,0.0,0.0,0.0,13.5,1.0,0.0,0.0,0.0,6.0,6.0,0.0
000242,Kyle Hartzell,LSM,Long Stick Midfield,last_5,3,2022-09-03,2023-09-10,ARC|ATL|WAT,CAN|RED,2.0,1.0,1.0,0.0,1.0,1.0,2.0,1,0.0,0.0,0.0,0.0,0.0,0.0,5.0,1.0,3.0,1,14,15,0.0,0.0,1.0,2.0,2.0,11.0,8.0,0.5,0.5,0.06666666666666667,,,,0.5,,0.6666666666666666,0.3333333333333333,0.3333333333333333,0.0,0.3333333333333333,0.3333333333333333,0.6666666666666666,0.3333333333333333,0.0,0.0,0.0,0.0,0.0,0.0,1.6666666666666667,0.3333333333333333,1.0,0.3333333333333333,4.666666666666667,5.0,0.0,0.0,0.3333333333333333,0.6666666666666666,0.6666666666666666,3.6666666666666665,2.6666666666666665,0.6666666666666666
000246,Ryan Brown,A,Attack,last_5,1,2022-09-18,2022-09-18,CHA,WAT,0.0,0.0,0.0,0.0,0.0,0.0,0.0,0,0.0,0.0,0.0,0.0,0.0,0.0,0.0,0.0,0.0,0,0,0,0.0,0.0,0.0,0.0,0.0,1.0,1.0,,,,,,,,,0.0,0.0,0.0,0.0,0.0,0.0,0.0,0.0,0.0,0.0,0.0,0.0,0.0,0.0,0.0,0.0,0.0,0.0,0.0,0.0,0.0,0.0,0.0,0.0,0.0,1.0,1.0,0.0
000251,Steven DeNapoli,SSDM,Defensive Midfield,last_5,3,2022-09-03,2022-09-18,ATL|CHA|WHP,WAT,1.0,0.0,0.0,0.0,0.0,1.0,0.0,0,0.0,0.0,0.0,0.0,0.0,0.0,1.0,0.0,1.0,0,0,0,0.0,0.0,0.0,0.0,2.0,10.0,10.0,,,,,,,0.5,,0.3333333333333333,0.0,0.0,0.0,0.0,0.3333333333333333,0.0,0.0,0.0,0.0,0.0,0.0,0.0,0.0,0.3333333333333333,0.0,0.3333333333333333,0.0,0.0,0.0,0.0,0.0,0.0,0.0,0.6666666666666666,3.3333333333333335,3.3333333333333335,0.6666666666666666
000254,Trevor Baptiste,FO,Faceoff,last_5,5,2022-09-03,2025-09-14,CAN|OUT|WAT|WHP,ATL,4.0,4.0,2.0,1.0,3.0,0.0,7.0,6,2.0,0.0,0.0,0.0,0.0,0.0,61.0,7.0,1.0,97,46,144,0.0,0.0,0.0,0.0,3.0,68.0,54.0,0.42857142857142855,0.8571428571428571,0.6736111111111112,,,,0.0,0.5,0.8,0.8,0.4,0.2,0.6,0.0,1.4,1.2,0.4,0.0,0.0,0.0,0.0,0.0,12.2,1.4,0.2,19.4,9.2,28.8,0.0,0.0,0.0,0.0,0.6,13.6,10.8,0.6
000255,Tucker Durkin,D,Defense,last_5,2,2022-09-03,2023-09-04,CAN|WAT,ATL,0.0,0.0,0.0,0.0,0.0,0.0,0.0,0,0.0,0.0,0.0,0.0,0.0,0.0,2.0,0.0,1.0,0,0,0,0.0,0.0,0.0,0.0,0.0,8.0,8.0,,,,,,,,,0.0,0.0,0.0,0.0,0.0,0.0,0.0,0.0,0.0,0.0,0.0,0.0,0.0,0.0,1.0,0.0,0.5,0.0,0.0,0.0,0.0,0.0,0.0,0.0,0.0,4.0,4.0,0.0
000258,Blaze Riorden,G,Goalie,last_5,5,2022-09-18,2025-08-24,ARC|CAN|RED|WAT,CHA,2.0,0.0,0.0,0.0,0.0,2.0,1.0,0,1.0,67.0,25.0,42.0,54.0,54.002779708130646,15.0,1.0,0.0,0,0,0,51.0,3.0,0.0,0.0,3.0,86.0,84.0,0.0,0.0,,0.5677966101694916,37.3134328358209,0.211864406779661,0.6666666666666666,0.0,0.4,0.0,0.0,0.0,0.0,0.4,0.2,0.0,0.2,13.4,5.0,8.4,10.8,10.80055594162613,3.0,0.2,0.0,0.0,0.0,0.0,10.2,0.6,0.0,0.0,0.6,17.2,16.8,0.6
000262,Connor Fields,A,Attack,last_5,5,2022-09-11,2026-09-07,CHA|OUT|RED|WHP,ARC,6.0,5.0,5.0,0.0,5.0,1.0,16.0,10,0.0,0.0,0.0,0.0,0.0,0.0,11.0,12.0,2.0,0,0,0,0.0,0.0,0.0,0.0,10.0,117.0,89.0,0.3125,0.625,,,,,0.1,,1.2,1.0,1.0,0.0,1.0,0.2,3.2,2.0,0.0,0.0,0.0,0.0,0.0,0.0,2.2,2.4,0.4,0.0,0.0,0.0,0.0,0.0,0.0,0.0,2.0,23.4,17.8,2.0
000266,Dhane Smith,M,Midfield,last_5,4,2022-09-03,2023-09-04,ARC|OUT|RED|WAT,CHA,9.0,3.0,3.0,0.0,3.0,6.0,16.0,12,2.0,0.0,0.0,0.0,0.0,0.0,4.0,11.0,1.0,0,0,0,0.0,0.0,1.0,0.5,27.0,147.0,120.0,0.1875,0.75,,,,,0.2222222222222222,0.0,2.25,0.75,0.75,0.0,0.75,1.5,4.0,3.0,0.5,0.0,0.0,0.0,0.0,0.0,1.0,2.75,0.25,0.0,0.0,0.0,0.0,0.0,0.25,0.125,6.75,36.75,30.0,6.75
000269,Jarrod Neumann,D,Defense,last_5,5,2022-09-18,2025-08-24,ARC|CAN|RED|WAT,CHA,0.0,0.0,0.0,0.0,0.0,0.0,3.0,0,3.0,0.0,0.0,0.0,0.0,0.0,8.0,0.0,2.0,0,0,0,0.0,0.0,2.0,2.0,1.0,41.0,38.0,0.0,0.0,,,,,0.0,0.0,0.0,0.0,0.0,0.0,0.0,0.0,0.6,0.0,0.6,0.0,0.0,0.0,0.0,0.0,1.6,0.0,0.4,0.0,0.0,0.0,0.0,0.0,0.4,0.4,0.2,8.2,7.6,0.2
000272,Josh Byrne,A,Attack,last_5,5,2022-09-11,2024-09-07,ARC|CAN|RED|WAT,CHA,11.0,8.0,8.0,0.0,8.0,3.0,38.0,22,0.0,0.0,0.0,0.0,0.0,0.0,8.0,10.0,0.0,0,0,0,0.0,0.0,2.0,2.0,15.0,145.0,97.0,0.21052631578947367,0.5789473684210527,,,,,0.2,,2.2,1.6,1.6,0.0,1.6,0.6,7.6,4.4,0.0,0.0,0.0,0.0,0.0,0.0,1.6,2.0,0.0,0.0,0.0,0.0,0.0,0.0,0.4,0.4,3.0,29.0,19.4,3.0
000275,Mark Glicini,SSDM,Defensive Midfield,last_5,5,2022-09-03,2025-08-24,ARC|OUT|RED|WAT,CHA,0.0,0.0,0.0,0.0,0.0,0.0,2.0,2,2.0,0.0,0.0,0.0,0.0,0.0,8.0,1.0,0.0,0,2,2,0.0,0.0,2.0,1.5,2.0,36.0,33.0,0.0,1.0,0.0,,,,0.0,0.0,0.0,0.0,0.0,0.0,0.0,0.0,0.4,0.4,0.4,0.0,0.0,0.0,0.0,0.0,1.6,0.2,0.0,0.0,0.4,0.4,0.0,0.0,0.4,0.3,0.4,7.2,6.6,0.4
000276,Matt Rees,D,Defense,last_5,3,2022-09-03,2022-09-18,ARC|OUT|WAT,CHA,3.0,3.0,1.0,1.0,2.0,0.0,2.0,2,1.0,0.0,0.0,0.0,0.0,0.0,5.0,1.0,3.0,0,0,0,0.0,0.0,0.0,0.0,1.0,21.0,18.0,1.0,1.0,,,,,0.0,1.0,1.0,1.0,0.3333333333333333,0.3333333333333333,0.6666666666666666,0.0,0.6666666666666666,0.6666666666666666,0.3333333333333333,0.0,0.0,0.0,0.0,0.0,1.6666666666666667,0.3333333333333333,1.0,0.0,0.0,0.0,0.0,0.0,0.0,0.0,0.3333333333333333,7.0,6.0,0.3333333333333333
000278,Myles Jones,M,Midfield,last_5,3,2022-09-03,2024-09-07,ARC|CAN|WHP,ATL|RED,4.0,3.0,3.0,0.0,3.0,1.0,14.0,6,4.0,0.0,0.0,0.0,0.0,0.0,3.0,4.0,0.0,0,0,0,0.0,0.0,0.0,0.0,7.0,47.0,29.0,0.21428571428571427,0.42857142857142855,,,,,0.14285714285714285,0.0,1.3333333333333333,1.0,1.0,0.0,1.0,0.3333333333333333,4.666666666666667,2.0,1.3333333333333333,0.0,0.0,0.0,0.0,0.0,1.0,1.3333333333333333,0.0,0.0,0.0,0.0,0.0,0.0,0.0,0.0,2.3333333333333335,15.666666666666666,9.666666666666666,2.3333333333333335
000279,Patrick Resch,SSDM,Defensive Midfield,last_5,5,2022-09-11,2024-09-07,ARC|CAN|RED|WAT,CHA,0.0,0.0,0.0,0.0,0.0,0.0,0.0,0,0.0,0.0,0.0,0.0,0.0,0.0,7.0,1.0,1.0,0,0,0,0.0,0.0,0.0,0.0,2.0,41.0,40.0,,,,,,,0.0,,0.0,0.0,0.0,0.0,0.0,0.0,0.0,0.0,0.0,0.0,0.0,0.0,0.0,0.0,1.4,0.2,0.2,0.0,0.0,0.0,0.0,0.0,0.0,0.0,0.4,8.2,8.0,0.4
000281,Troy Reh,LSM,Long Stick Midfield,last_5,5,2022-09-18,2025-08-24,ARC|CAN|RED|WAT,CHA,0.0,0.0,0.0,0.0,0.0,0.0,0.0,0,0.0,0.0,0.0,0.0,0.0,0.0,19.0,1.0,3.0,0,0,0,0.0,0.0,0.0,0.0,2.0,47.0,46.0,,,,,,,0.0,,0.0,0.0,0.0,0.0,0.0,0.0,0.0,0.0,0.0,0.0,0.0,0.0,0.0,0.0,3.8,0.2,0.6,0.0,0.0,0.0,0.0,0.0,0.0,0.0,0.4,9.4,9.2,0.4
000295,Jordan MacIntosh,M,Midfield,last_5,1,2022-09-03,2022-09-03,CHA,OUT,0.0,0.0,0.0,0.0,0.0,0.0,2.0,1,0.0,0.0,0.0,0.0,0.0,0.0,0.0,1.0,0.0,0,0,0,0.0,0.0,0.0,0.0,2.0,12.0,9.0,0.0,0.5,,,,,0.0,,0.0,0.0,0.0,0.0,0.0,0.0,2.0,1.0,0.0,0.0,0.0,0.0,0.0,0.0,0.0,1.0,0.0,0.0,0.0,0.0,0.0,0.0,0.0,0.0,2.0,12.0,9.0,2.0
000302,Michael Manley,D,Defense,last_5,5,2025-09-01,2026-09-20,ARC|ATL|RED|WAT,OUT,0.0,0.0,0.0,0.0,0.0,0.0,4.0,3,3.0,0.0,0.0,0.0,0.0,0.0,6.0,1.0,5.0,0,0,0,0.0,0.0,1.0,1.0,0.0,37.0,32.0,0.0,0.75,,,,,,0.0,0.0,0.0,0.0,0.0,0.0,0.0,0.8,0.6,0.6,0.0,0.0,0.0,0.0,0.0,1.2,0.2,1.0,0.0,0.0,0.0,0.0,0.0,0.2,0.2,0.0,7.4,6.4,0.0
000305,Romar Dennis,M,Midfield,last_5,5,2022-09-03,2025-09-01,ARC|CHA|OUT|WAT,ATL|RED,8.0,6.0,2.0,2.0,4.0,2.0,22.0,12,9.0,0.0,0.0,0.0,0.0,0.0,3.0,2.0,0.0,0,0,0,0.0,0.0,0.0,0.0,6.0,79.0,55.0,0.18181818181818182,0.5454545454545454,,,,,0.3333333333333333,0.2222222222222222,1.6,1.2,0.4,0.4,0.8,0.4,4.4,2.4,1.8,0.0,0.0,0.0,0.0,0.0,0.6,0.4,0.0,0.0,0.0,0.0,0.0,0.0,0.0,0.0,1.2,15.8,11.0,1.2
000308,Will Haus,SSDM,Defensive Midfield,last_5,2,2022-09-03,2024-09-02,CHA|WHP,OUT,0.0,0.0,0.0,0.0,0.0,0.0,1.0,1,0.0,0.0,0.0,0.0,0.0,0.0,2.0,1.0,1.0,0,0,0,0.0,0.0,0.0,0.0,2.0,18.0,16.0,0.0,1.0,,,,,0.0,,0.0,0.0,0.0,0.0,0.0,0.0,0.5,0.5,0.0,0.0,0.0,0.0,0.0,0.0,1.0,0.5,0.5,0.0,0.0,0.0,0.0,0.0,0.0,0.0,1.0,9.0,8.0,1.0
000314,Eddy Glazener,D,Defense,last_5,2,2023-09-04,2023-09-10,ARC|CHA,RED,0.0,0.0,0.0,0.0,0.0,0.0,3.0,1,3.0,0.0,0.0,0.0,0.0,0.0,5.0,0.0,1.0,0,0,0,0.0,0.0,1.0,0.5,0.0,22.0,19.0,0.0,0.3333333333333333,,,,,,0.0,0.0,0.0,0.0,0.0,0.0,0.0,1.5,0.5,1.5,0.0,0.0,0.0,0.0,0.0,2.5,0.0,0.5,0.0,0.0,0.0,0.0,0.0,0.5,0.25,0.0,11.0,9.5,0.0
000315,Garrett Epple,D,Defense,last_5,4,2022-09-03,2024-09-02,ARC|CHA,CAN|RED,0.0,0.0,0.0,0.0,0.0,0.0,1.0,0,1.0,0.0,0.0,0.0,0.0,0.0,5.0,2.0,3.0,0,0,0,0.0,0.0,1.0,0.5,0.0,32.0,29.0,0.0,0.0,,,,,,0.0,0.0,0.0,0.0,0.0,0.0,0.0,0.25,0.0,0.25,0.0,0.0,0.0,0.0,0.0,1.25,0.5,0.75,0.0,0.0,0.0,0.0,0.0,0.25,0.125,0.0,8.0,7.25,0.0
000318,Jack Kelly,G,Goalie,last_5,3,2022-09-03,2023-09-10,ARC|CHA,RED,0.0,0.0,0.0,0.0,0.0,0.0,0.0,0,0.0,36.0,14.0,22.0,30.0,37.12894104864639,3.0,1.0,0.0,0,0,0,29.0,1.0,0.0,0.0,0.0,49.0,48.0,,,,0.5538461538461539,38.88888888888889,0.2153846153846154,,,0.0,0.0,0.0,0.0,0.0,0.0,0.0,0.0,0.0,12.0,4.666666666666667,7.333333333333333,10.0,12.37631368288213,1.0,0.3333333333333333,0.0,0.0,0.0,0.0,9.666666666666666,0.3333333333333333,0.0,0.0,0.0,16.333333333333332,16.0,0.0
000319,Jack Near,SSDM,Defensive Midfield,last_5,1,2022-09-03,2022-09-03,ARC,RED,0.0,0.0,0.0,0.0,0.0,0.0,0.0,0,0.0,0.0,0.0,0.0,0.0,0.0,2.0,0.0,0.0,0,0,0,0.0,0.0,0.0,0.0,0.0,6.0,6.0,,,,,,,,,0.0,0.0,0.0,0.0,0.0,0.0,0.0,0.0,0.0,0.0,0.0,0.0,0.0,0.0,2.0,0.0,0.0,0.0,0.0,0.0,0.0,0.0,0.0,0.0,0.0,6.0,6.0,0.0
000322,John Sexton,LSM,Long Stick Midfield,last_5,3,2022-09-03,2023-09-10,ARC|CHA,RED,0.0,0.0,0.0,0.0,0.0,0.0,1.0,0,0.0,0.0,0.0,0.0,0.0,0.0,4.0,3.0,0.0,1,4,5,0.0,0.0,0.0,0.0,3.0,10.0,6.0,0.0,0.0,0.2,,,,0.0,,0.0,0.0,0.0,0.0,0.0,0.0,0.3333333333333333,0.0,0.0,0.0,0.0,0.0,0.0,0.0,1.3333333333333333,1.0,0.0,0.3333333333333333,1.3333333333333333,1.6666666666666667,0.0,0.0,0.0,0.0,1.0,3.3333333333333335,2.0,1.0
000327,Matt Kavanagh,A,Attack,last_5,3,2022-09-03,2023-09-10,ARC|ATL|WAT,CAN|RED,5.0,4.0,4.0,0.0,4.0,1.0,18.0,13,1.0,0.0,0.0,0.0,0.0,0.0,12.0,7.0,0.0,0,0,0,0.0,0.0,0.0,0.0,5.0,75.0,50.0,0.2222222222222222,0.7222222222222222,,,,,0.2,0.0,1.6666666666666667,1.3333333333333333,1.3333333333333333,0.0,1.3333333333333333,0.3333333333333333,6.0,4.333333333333333,0.3333333333333333,0.0,0.0,0.0,0.0,0.0,4.0,2.3333333333333335,0.0,0.0,0.0,0.0,0.0,0.0,0.0,0.0,1.6666666666666667,25.0,16.666666666666668,1.6666666666666667
000333,Sergio Perkovic,M,Midfield,last_5,4,2022-09-03,2025-08-24,ARC|CAN|RED,CHA|RED,2.0,2.0,2.0,0.0,2.0,0.0,7.0,4,3.0,0.0,0.0,0.0,0.0,0.0,1.0,0.0,0.0,0,0,0,0.0,0.0,2.0,2.0,3.0,48.0,41.0,0.2857142857142857,0.5714285714285714,,,,,0.0,0.0,0.5,0.5,0.5,0.0,0.5,0.0,1.75,1.0,0.75,0.0,0.0,0.0,0.0,0.0,0.25,0.0,0.0,0.0,0.0,0.0,0.0,0.0,0.5,0.5,0.75,12.0,10.25,0.75
000337,Bryce Young,D,Defense,last_5,3,2022-09-11,2024-09-02,CHA|WAT,CAN|WHP,0.0,0.0,0.0,0.0,0.0,0.0,0.0,0,0.0,0.0,0.0,0.0,0.0,0.0,5.0,0.0,9.0,0,0,0,0.0,0.0,1.0,0.5,0.0,22.0,22.0,,,,,,,,,0.0,0.0,0.0,0.0,0.0,0.0,0.0,0.0,0.0,0.0,0.0,0.0,0.0,0.0,1.6666666666666667,0.0,3.0,0.0,0.0,0.0,0.0,0.0,0.3333333333333333,0.16666666666666666,0.0,7.333333333333333,7.333333333333333,0.0
000339,Connor Kelly,M,Midfield,last_5,5,2023-09-04,2025-09-01,ARC|ATL|CAN|WHP,WAT,10.0,8.0,6.0,1.0,7.0,2.0,27.0,20,4.0,0.0,0.0,0.0,0.0,0.0,7.0,3.0,0.0,0,0,0,0.0,0.0,0.0,0.0,7.0,134.0,104.0,0.25925925925925924,0.7407407407407407,,,,,0.2857142857142857,0.25,2.0,1.6,1.2,0.2,1.4,0.4,5.4,4.0,0.8,0.0,0.0,0.0,0.0,0.0,1.4,0.6,0.0,0.0,0.0,0.0,0.0,0.0,0.0,0.0,1.4,26.8,20.8,1.4
000345,Jake Bernhardt,SSDM,Defensive Midfield,last_5,5,2023-09-04,2025-08-23,ARC|ATL|OUT|WAT,WHP,3.0,3.0,1.0,1.0,2.0,0.0,8.0,4,1.0,0.0,0.0,0.0,0.0,0.0,3.0,0.0,5.0,3,1,4,0.0,0.0,0.0,0.0,0.0,33.0,25.0,0.25,0.5,0.75,,,,,1.0,0.6,0.6,0.2,0.2,0.4,0.0,1.6,0.8,0.2,0.0,0.0,0.0,0.0,0.0,0.6,0.0,1.0,0.6,0.2,0.8,0.0,0.0,0.0,0.0,0.0,6.6,5.0,0.0
000346,Jay Carlson,A,Attack,last_5,1,2022-09-11,2022-09-11,WAT,WHP,1.0,1.0,1.0,0.0,1.0,0.0,4.0,4,0.0,0.0,0.0,0.0,0.0,0.0,1.0,0.0,0.0,0,0,0,0.0,0.0,1.0,0.5,2.0,13.0,9.0,0.25,1.0,,,,,0.0,,1.0,1.0,1.0,0.0,1.0,0.0,4.0,4.0,0.0,0.0,0.0,0.0,0.0,0.0,1.0,0.0,0.0,0.0,0.0,0.0,0.0,0.0,1.0,0.5,2.0,13.0,9.0,2.0
000350,Joseph Nardella,FO,Faceoff,last_5,5,2022-09-11,2025-08-23,ARC|ATL|OUT|WAT,WHP,2.0,1.0,1.0,0.0,1.0,1.0,4.0,2,0.0,0.0,0.0,0.0,0.0,0.0,24.0,6.0,2.0,65,51,119,0.0,0.0,1.0,0.5,2.0,36.0,26.0,0.25,0.5,0.5462184873949579,,,,0.5,,0.4,0.2,0.2,0.0,0.2,0.2,0.8,0.4,0.0,0.0,0.0,0.0,0.0,0.0,4.8,1.2,0.4,13.0,10.2,23.8,0.0,0.0,0.2,0.1,0.4,7.2,5.2,0.4
000351,Jules Heningburg,M,Midfield,last_5,5,2022-09-03,2024-09-07,ARC|CAN|CHA,CHA|RED,7.0,3.0,3.0,0.0,3.0,4.0,18.0,10,0.0,0.0,0.0,0.0,0.0,0.0,0.0,4.0,1.0,0,0,0,0.0,0.0,0.0,0.0,12.0,86.0,64.0,0.16666666666666666,0.5555555555555556,,,,,0.3333333333333333,,1.4,0.6,0.6,0.0,0.6,0.8,3.6,2.0,0.0,0.0,0.0,0.0,0.0,0.0,0.0,0.8,0.2,0.0,0.0,0.0,0.0,0.0,0.0,0.0,2.4,17.2,12.8,2.4
000353,Kyle Bernlohr,G,Goalie,last_5,2,2022-09-11,2023-09-04,WAT,WHP,0.0,0.0,0.0,0.0,0.0,0.0,0.0,0,0.0,10.0,5.0,5.0,21.0,38.16981132075472,3.0,0.0,1.0,0,0,0,21.0,0.0,0.0,0.0,1.0,18.0,18.0,,,,0.3225806451612903,50.0,0.16129032258064516,0.0,,0.0,0.0,0.0,0.0,0.0,0.0,0.0,0.0,0.0,5.0,2.5,2.5,10.5,19.08490566037736,1.5,0.0,0.5,0.0,0.0,0.0,10.5,0.0,0.0,0.0,0.5,9.0,9.0,0.5
000354,Matt Rambo,A,Attack,last_5,5,2022-09-11,2024-09-15,ARC|ATL|OUT|WAT,WHP,6.0,6.0,6.0,0.0,6.0,0.0,32.0,14,0.0,0.0,0.0,0.0,0.0,0.0,7.0,7.0,0.0,0,0,0,0.0,0.0,2.0,1.5,14.0,110.0,71.0,0.1875,0.4375,,,,,0.0,,1.2,1.2,1.2,0.0,1.2,0.0,6.4,2.8,0.0,0.0,0.0,0.0,0.0,0.0,1.4,1.4,0.0,0.0,0.0,0.0,0.0,0.0,0.4,0.3,2.8,22.0,14.2,2.8
000355,Matthew Dunn,D,Defense,last_5,5,2024-09-02,2026-08-30,ARC|ATL|CAN|OUT|WAT,WHP,0.0,0.0,0.0,0.0,0.0,0.0,3.0,3,3.0,0.0,0.0,0.0,0.0,0.0,4.0,2.0,5.0,0,0,0,0.0,0.0,0.0,0.0,2.0,50.0,45.0,0.0,1.0,,,,,0.0,0.0,0.0,0.0,0.0,0.0,0.0,0.0,0.6,0.6,0.6,0.0,0.0,0.0,0.0,0.0,0.8,0.4,1.0,0.0,0.0,0.0,0.0,0.0,0.0,0.0,0.4,10.0,9.0,0.4
000356,Michael Ehrhardt,LSM,Long Stick Midfield,last_5,2,2022-09-11,2023-09-04,WAT,WHP,0.0,0.0,0.0,0.0,0.0,0.0,2.0,2,1.0,0.0,0.0,0.0,0.0,0.0,10.0,1.0,2.0,0,0,0,0.0,0.0,2.0,1.5,2.0,20.0,17.0,0.0,1.0,,,,,0.0,0.0,0.0,0.0,0.0,0.0,0.0,0.0,1.0,1.0,0.5,0.0,0.0,0.0,0.0,0.0,5.0,0.5,1.0,0.0,0.0,0.0,0.0,0.0,1.0,0.75,1.0,10.0,8.5,1.0
000357,Mike Chanenchuk,M,Midfield,last_5,5,2022-09-11,2024-09-15,ARC|ATL|OUT|WAT,WHP,7.0,6.0,6.0,0.0,6.0,1.0,27.0,15,11.0,0.0,0.0,0.0,0.0,0.0,4.0,5.0,0.0,0,0,0,0.0,0.0,0.0,0.0,3.0,108.0,76.0,0.2222222222222222,0.5555555555555556,,,,,0.3333333333333333,0.0,1.4,1.2,1.2,0.0,1.2,0.2,5.4,3.0,2.2,0.0,0.0,0.0,0.0,0.0,0.8,1.0,0.0,0.0,0.0,0.0,0.0,0.0,0.0,0.0,0.6,21.6,15.2,0.6
000358,Ryan Drenner,M,Midfield,last_5,3,2023-09-04,2024-09-02,ATL|CHA|WAT,CAN,2.0,2.0,2.0,0.0,2.0,0.0,15.0,10,0.0,0.0,0.0,0.0,0.0,0.0,2.0,1.0,0.0,0,0,0,0.0,0.0,0.0,0.0,2.0,68.0,52.0,0.13333333333333333,0.6666666666666666,,,,,0.0,,0.6666666666666666,0.6666666666666666,0.6666666666666666,0.0,0.6666666666666666,0.0,5.0,3.3333333333333335,0.0,0.0,0.0,0.0,0.0,0.0,0.6666666666666666,0.3333333333333333,0.0,0.0,0.0,0.0,0.0,0.0,0.0,0.0,0.6666666666666666,22.666666666666668,17.333333333333332,0.6666666666666666
000359,Tim Muller,D,Defense,last_5,5,2024-09-02,2026-08-30,ARC|ATL|CAN|OUT|WAT,WHP,0.0,0.0,0.0,0.0,0.0,0.0,0.0,0,0.0,0.0,0.0,0.0,0.0,0.0,6.0,1.0,7.0,0,0,0,0.0,0.0,1.0,0.5,0.0,37.0,36.0,,,,,,,,,0.0,0.0,0.0,0.0,0.0,0.0,0.0,0.0,0.0,0.0,0.0,0.0,0.0,0.0,1.2,0.2,1.4,0.0,0.0,0.0,0.0,0.0,0.2,0.1,0.0,7.4,7.2,0.0
000361,Tyler Warner,SSDM,Defensive Midfield,last_5,2,2022-09-11,2023-09-04,WAT,WHP,0.0,0.0,0.0,0.0,0.0,0.0,2.0,1,1.0,0.0,0.0,0.0,0.0,0.0,3.0,0.0,2.0,0,0,0,0.0,0.0,0.0,0.0,1.0,11.0,9.0,0.0,0.5,,,,,0.0,0.0,0.0,0.0,0.0,0.0,0.0,0.0,1.0,0.5,0.5,0.0,0.0,0.0,0.0,0.0,1.5,0.0,1.0,0.0,0.0,0.0,0.0,0.0,0.0,0.0,0.5,5.5,4.5,0.5
000363,Ryan Conrad,M,Midfield,last_5,5,2023-09-10,2024-09-15,ARC|ATL|CAN|OUT,WAT|WHP,11.0,9.0,9.0,0.0,9.0,2.0,25.0,19,6.0,0.0,0.0,0.0,0.0,0.0,5.0,9.0,0.0,0,0,0,0.0,0.0,0.0,0.0,9.0,115.0,81.0,0.36,0.76,,,,,0.2222222222222222,0.0,2.2,1.8,1.8,0.0,1.8,0.4,5.0,3.8,1.2,0.0,0.0,0.0,0.0,0.0,1.0,1.8,0.0,0.0,0.0,0.0,0.0,0.0,0.0,0.0,1.8,23.0,16.2,1.8
000365,Jack Rowlett,D,Defense,last_5,5,2022-09-11,2025-08-24,ARC|RED|WAT,CHA,0.0,0.0,0.0,0.0,0.0,0.0,1.0,1,0.0,0.0,0.0,0.0,0.0,0.0,6.0,0.0,6.0,0,0,0,0.0,0.0,1.0,0.5,0.0,41.0,40.0,0.0,1.0,,,,,,,0.0,0.0,0.0,0.0,0.0,0.0,0.2,0.2,0.0,0.0,0.0,0.0,0.0,0.0,1.2,0.0,1.2,0.0,0.0,0.0,0.0,0.0,0.2,0.1,0.0,8.2,8.0,0.0
000366,Connor Farrell,FO,Faceoff,last_5,1,2022-09-03,2022-09-03,CHA,OUT,0.0,0.0,0.0,0.0,0.0,0.0,0.0,0,0.0,0.0,0.0,0.0,0.0,0.0,6.0,0.0,0.0,7,10,17,0.0,0.0,0.0,0.0,0.0,2.0,2.0,,,0.4117647058823529,,,,,,0.0,0.0,0.0,0.0,0.0,0.0,0.0,0.0,0.0,0.0,0.0,0.0,0.0,0.0,6.0,0.0,0.0,7.0,10.0,17.0,0.0,0.0,0.0,0.0,0.0,2.0,2.0,0.0
000368,Chris Sabia,LSM,Long Stick Midfield,last_5,5,2022-09-11,2023-09-24,ARC|CAN|CHA|WHP,WAT,0.0,0.0,0.0,0.0,0.0,0.0,1.0,1,1.0,0.0,0.0,0.0,0.0,0.0,5.0,0.0,5.0,0,0,0,0.0,0.0,3.0,2.5,0.0,35.0,34.0,0.0,1.0,,,,,,0.0,0.0,0.0,0.0,0.0,0.0,0.0,0.2,0.2,0.2,0.0,0.0,0.0,0.0,0.0,1.0,0.0,1.0,0.0,0.0,0.0,0.0,0.0,0.6,0.5,0.0,7.0,6.8,0.0
000369,Clarke Petterson,A,Attack,last_5,1,2022-09-03,2022-09-03,WAT,ATL,2.0,1.0,1.0,0.0,1.0,1.0,1.0,1,0.0,0.0,0.0,0.0,0.0,0.0,0.0,1.0,0.0,0,0,0,0.0,0.0,0.0,0.0,1.0,8.0,6.0,1.0,1.0,,,,,1.0,,2.0,1.0,1.0,0.0,1.0,1.0,1.0,1.0,0.0,0.0,0.0,0.0,0.0,0.0,0.0,1.0,0.0,0.0,0.0,0.0,0.0,0.0,0.0,0.0,1.0,8.0,6.0,1.0
000370,Tim Troutner,G,Goalie,last_5,3,2023-09-04,2024-09-07,ARC|CHA|WHP,ATL|RED,1.0,0.0,0.0,0.0,0.0,1.0,0.0,0,0.0,3.0,2.0,1.0,6.0,35.631663974151856,3.0,0.0,1.0,0,0,0,5.0,1.0,0.0,0.0,1.0,12.0,12.0,,,,0.375,66.66666666666666,0.25,1.0,,0.3333333333333333,0.0,0.0,0.0,0.0,0.3333333333333333,0.0,0.0,0.0,1.0,0.6666666666666666,0.3333333333333333,2.0,11.877221324717285,1.0,0.0,0.3333333333333333,0.0,0.0,0.0,1.6666666666666667,0.3333333333333333,0.0,0.0,0.3333333333333333,4.0,4.0,0.3333333333333333
000373,Ryder Garnsey,A,Attack,last_5,5,2023-09-04,2026-08-29,ARC|CHA|OUT,RED,6.0,0.0,0.0,0.0,0.0,6.0,18.0,7,2.0,0.0,0.0,0.0,0.0,0.0,6.0,7.0,1.0,0,0,0,0.0,0.0,0.0,0.0,15.0,161.0,136.0,0.0,0.3888888888888889,,,,,0.4,0.0,1.2,0.0,0.0,0.0,0.0,1.2,3.6,1.4,0.4,0.0,0.0,0.0,0.0,0.0,1.2,1.4,0.2,0.0,0.0,0.0,0.0,0.0,0.0,0.0,3.0,32.2,27.2,3.0
000376,Cade van Raaphorst,D,Defense,last_5,4,2022-09-03,2024-09-02,ATL|CHA|WAT,ATL|CAN,0.0,0.0,0.0,0.0,0.0,0.0,2.0,1,1.0,0.0,0.0,0.0,0.0,0.0,15.0,4.0,5.0,0,0,0,0.0,0.0,0.0,0.0,1.0,40.0,34.0,0.0,0.5,,,,,0.0,0.0,0.0,0.0,0.0,0.0,0.0,0.0,0.5,0.25,0.25,0.0,0.0,0.0,0.0,0.0,3.75,1.0,1.25,0.0,0.0,0.0,0.0,0.0,0.0,0.0,0.25,10.0,8.5,0.25
000385,Wes Berg,A,Attack,last_5,2,2023-09-04,2023-09-10,ARC|CHA,RED,7.0,7.0,7.0,0.0,7.0,0.0,14.0,10,0.0,0.0,0.0,0.0,0.0,0.0,1.0,1.0,1.0,0,0,0,0.0,0.0,0.0,0.0,0.0,21.0,6.0,0.5,0.7142857142857143,,,,,,,3.5,3.5,3.5,0.0,3.5,0.0,7.0,5.0,0.0,0.0,0.0,0.0,0.0,0.0,0.5,0.5,0.5,0.0,0.0,0.0,0.0,0.0,0.0,0.0,0.0,10.5,3.0,0.0
000390,Brad Smith,M,Midfield,last_5,3,2022-09-11,2025-08-23,WAT,WHP,7.0,5.0,3.0,1.0,4.0,2.0,9.0,6,3.0,0.0,0.0,0.0,0.0,0.0,5.0,6.0,1.0,0,0,0,0.0,0.0,0.0,0.0,9.0,81.0,66.0,0.4444444444444444,0.6666666666666666,,,,,0.2222222222222222,0.3333333333333333,2.3333333333333335,1.6666666666666667,1.0,0.3333333333333333,1.3333333333333333,0.6666666666666666,3.0,2.0,1.0,0.0,0.0,0.0,0.0,0.0,1.6666666666666667,2.0,0.3333333333333333,0.0,0.0,0.0,0.0,0.0,0.0,0.0,3.0,27.0,22.0,3.0
000391,Grant Ament,M,Midfield,last_5,5,2022-09-11,2024-09-15,CHA|RED|WAT|WHP,ARC,17.0,8.0,6.0,1.0,7.0,9.0,17.0,12,3.0,0.0,0.0,0.0,0.0,0.0,1.0,16.0,0.0,0,0,0,0.0,0.0,0.0,0.0,32.0,182.0,149.0,0.4117647058823529,0.7058823529411765,,,,,0.28125,0.3333333333333333,3.4,1.6,1.2,0.2,1.4,1.8,3.4,2.4,0.6,0.0,0.0,0.0,0.0,0.0,0.2,3.2,0.0,0.0,0.0,0.0,0.0,0.0,0.0,0.0,6.4,36.4,29.8,6.4
000395,Bryan Costabile,M,Midfield,last_5,5,2022-09-03,2025-09-14,CAN|OUT|WAT|WHP,ATL,8.0,6.0,4.0,1.0,5.0,2.0,30.0,17,12.0,0.0,0.0,0.0,0.0,0.0,5.0,13.0,0.0,0,0,0,0.0,0.0,0.0,0.0,11.0,149.0,106.0,0.16666666666666666,0.5666666666666667,,,,,0.18181818181818182,0.08333333333333333,1.6,1.2,0.8,0.2,1.0,0.4,6.0,3.4,2.4,0.0,0.0,0.0,0.0,0.0,1.0,2.6,0.0,0.0,0.0,0.0,0.0,0.0,0.0,0.0,2.2,29.8,21.2,2.2
000405,Jesse Bernhardt,D,Defense,last_5,4,2022-09-03,2025-09-14,ATL|CHA|RED|WHP,OUT,1.0,1.0,1.0,0.0,1.0,0.0,3.0,1,2.0,0.0,0.0,0.0,0.0,0.0,3.0,0.0,4.0,0,0,0,0.0,0.0,0.0,0.0,1.0,36.0,33.0,0.3333333333333333,0.3333333333333333,,,,,0.0,0.0,0.25,0.25,0.25,0.0,0.25,0.0,0.75,0.25,0.5,0.0,0.0,0.0,0.0,0.0,0.75,0.0,1.0,0.0,0.0,0.0,0.0,0.0,0.0,0.0,0.25,9.0,8.25,0.25
000406,Craig Chick,LSM,Long Stick Midfield,last_5,1,2022-09-03,2022-09-03,WAT,ATL,0.0,0.0,0.0,0.0,0.0,0.0,1.0,0,0.0,0.0,0.0,0.0,0.0,0.0,6.0,0.0,2.0,0,0,0,0.0,0.0,0.0,0.0,0.0,7.0,6.0,0.0,0.0,,,,,,,0.0,0.0,0.0,0.0,0.0,0.0,1.0,0.0,0.0,0.0,0.0,0.0,0.0,0.0,6.0,0.0,2.0,0.0,0.0,0.0,0.0,0.0,0.0,0.0,0.0,7.0,6.0,0.0
000408,Matt DeLuca,G,Goalie,last_5,5,2023-09-10,2026-09-20,ARC|ATL|CAN|OUT|WHP,WAT,0.0,0.0,0.0,0.0,0.0,0.0,0.0,0,0.0,25.0,10.0,15.0,26.0,32.890410958904106,3.0,2.0,0.0,0,0,0,25.0,1.0,0.0,0.0,0.0,27.0,25.0,,,,0.5,40.0,0.2,,,0.0,0.0,0.0,0.0,0.0,0.0,0.0,0.0,0.0,5.0,2.0,3.0,5.2,6.578082191780821,0.6,0.4,0.0,0.0,0.0,0.0,5.0,0.2,0.0,0.0,0.0,5.4,5.0,0.0
000409,Zach Currier,M,Midfield,last_5,5,2023-09-24,2026-09-20,ARC|ATL|CAN|OUT|WHP,WAT,5.0,5.0,5.0,0.0,5.0,0.0,13.0,10,0.0,0.0,0.0,0.0,0.0,0.0,38.0,3.0,5.0,13,8,21,0.0,0.0,0.0,0.0,5.0,93.0,77.0,0.38461538461538464,0.7692307692307693,0.6190476190476191,,,,0.0,,1.0,1.0,1.0,0.0,1.0,0.0,2.6,2.0,0.0,0.0,0.0,0.0,0.0,0.0,7.6,0.6,1.0,2.6,1.6,4.2,0.0,0.0,0.0,0.0,1.0,18.6,15.4,1.0
000410,Eli Gobrecht,D,Defense,last_5,5,2022-09-11,2023-09-24,ARC|CAN|CHA|WHP,WAT,0.0,0.0,0.0,0.0,0.0,0.0,3.0,1,0.0,0.0,0.0,0.0,0.0,0.0,11.0,0.0,6.0,5,32,39,0.0,0.0,0.0,0.0,1.0,21.0,18.0,0.0,0.3333333333333333,0.1282051282051282,,,,0.0,,0.0,0.0,0.0,0.0,0.0,0.0,0.6,0.2,0.0,0.0,0.0,0.0,0.0,0.0,2.2,0.0,1.2,1.0,6.4,7.8,0.0,0.0,0.0,0.0,0.2,4.2,3.6,0.2
000414,Rob Pannell,A,Attack,last_5,5,2022-09-03,2026-08-30,ARC|CAN|CHA|WAT,RED|WHP,15.0,9.0,7.0,1.0,8.0,6.0,30.0,17,5.0,0.0,0.0,0.0,0.0,0.0,7.0,13.0,2.0,0,0,0,0.0,0.0,0.0,0.0,25.0,171.0,128.0,0.26666666666666666,0.5666666666666667,,,,,0.24,0.2,3.0,1.8,1.4,0.2,1.6,1.2,6.0,3.4,1.0,0.0,0.0,0.0,0.0,0.0,1.4,2.6,0.4,0.0,0.0,0.0,0.0,0.0,0.0,0.0,5.0,34.2,25.6,5.0
000416,Ryland Rees,LSM,Long Stick Midfield,last_5,5,2023-09-04,2025-09-01,ARC|CAN|CHA|OUT|WHP,RED|WAT,0.0,0.0,0.0,0.0,0.0,0.0,4.0,3,4.0,0.0,0.0,0.0,0.0,0.0,6.0,0.0,1.0,0,0,0,0.0,0.0,1.0,0.5,0.0,13.0,9.0,0.0,0.75,,,,,,0.0,0.0,0.0,0.0,0.0,0.0,0.0,0.8,0.6,0.8,0.0,0.0,0.0,0.0,0.0,1.2,0.0,0.2,0.0,0.0,0.0,0.0,0.0,0.2,0.1,0.0,2.6,1.8,0.0
000417,Finn Sullivan,D,Defense,last_5,1,2022-09-03,2022-09-03,ARC,RED,0.0,0.0,0.0,0.0,0.0,0.0,0.0,0,0.0,0.0,0.0,0.0,0.0,0.0,0.0,1.0,1.0,0,0,0,0.0,0.0,1.0,1.0,0.0,8.0,7.0,,,,,,,,,0.0,0.0,0.0,0.0,0.0,0.0,0.0,0.0,0.0,0.0,0.0,0.0,0.0,0.0,0.0,1.0,1.0,0.0,0.0,0.0,0.0,0.0,1.0,1.0,0.0,8.0,7.0,0.0
000418,Dillon Ward,G,Goalie,last_5,5,2022-09-18,2026-08-29,ARC|CAN|CHA|OUT|WHP,RED|WAT,0.0,0.0,0.0,0.0,0.0,0.0,0.0,0,0.0,54.0,15.0,39.0,53.0,67.63983973786345,7.0,2.0,2.0,0,0,0,49.0,4.0,0.0,0.0,0.0,49.0,47.0,,,,0.5242718446601942,27.77777777777778,0.14563106796116504,,,0.0,0.0,0.0,0.0,0.0,0.0,0.0,0.0,0.0,10.8,3.0,7.8,10.6,13.52796794757269,1.4,0.4,0.4,0.0,0.0,0.0,9.8,0.8,0.0,0.0,0.0,9.8,9.4,0.0
000419,Zed Williams,A,Attack,last_5,5,2022-09-11,2024-09-15,ARC|ATL|OUT|WAT,WHP,8.0,6.0,6.0,0.0,6.0,2.0,32.0,23,4.0,0.0,0.0,0.0,0.0,0.0,5.0,9.0,1.0,0,0,0,0.0,0.0,1.0,0.5,10.0,103.0,62.0,0.1875,0.71875,,,,,0.2,0.0,1.6,1.2,1.2,0.0,1.2,0.4,6.4,4.6,0.8,0.0,0.0,0.0,0.0,0.0,1.0,1.8,0.2,0.0,0.0,0.0,0.0,0.0,0.2,0.1,2.0,20.6,12.4,2.0
000422,Eli Salama,LSM,Long Stick Midfield,last_5,1,2022-09-03,2022-09-03,CHA,OUT,0.0,0.0,0.0,0.0,0.0,0.0,0.0,0,0.0,0.0,0.0,0.0,0.0,0.0,0.0,1.0,0.0,0,0,0,0.0,0.0,0.0,0.0,0.0,3.0,2.0,,,,,,,,,0.0,0.0,0.0,0.0,0.0,0.0,0.0,0.0,0.0,0.0,0.0,0.0,0.0,0.0,0.0,1.0,0.0,0.0,0.0,0.0,0.0,0.0,0.0,0.0,0.0,3.0,2.0,0.0
000424,Jake Pulver,D,Defense,last_5,3,2023-09-04,2024-09-02,ATL|CHA|WAT,CAN,0.0,0.0,0.0,0.0,0.0,0.0,0.0,0,0.0,0.0,0.0,0.0,0.0,0.0,3.0,0.0,3.0,3,16,19,0.0,0.0,0.0,0.0,0.0,6.0,6.0,,,0.15789473684210525,,,,,,0.0,0.0,0.0,0.0,0.0,0.0,0.0,0.0,0.0,0.0,0.0,0.0,0.0,0.0,1.0,0.0,1.0,1.0,5.333333333333333,6.333333333333333,0.0,0.0,0.0,0.0,0.0,2.0,2.0,0.0
000427,Jake Withers,FO,Faceoff,last_5,3,2022-09-03,2022-09-18,ATL|CHA|WHP,WAT,0.0,0.0,0.0,0.0,0.0,0.0,3.0,2,0.0,0.0,0.0,0.0,0.0,0.0,19.0,1.0,3.0,41,38,79,0.0,0.0,1.0,0.5,1.0,17.0,13.0,0.0,0.6666666666666666,0.5189873417721519,,,,0.0,,0.0,0.0,0.0,0.0,0.0,0.0,1.0,0.6666666666666666,0.0,0.0,0.0,0.0,0.0,0.0,6.333333333333333,0.3333333333333333,1.0,13.666666666666666,12.666666666666666,26.333333333333332,0.0,0.0,0.3333333333333333,0.16666666666666666,0.3333333333333333,5.666666666666667,4.333333333333333,0.3333333333333333
000614,Brian Phipps,G,Goalie,last_5,1,2023-09-04,2023-09-04,WAT,WHP,0.0,0.0,0.0,0.0,0.0,0.0,0.0,0,0.0,5.0,1.0,4.0,5.0,7.912087912087912,2.0,0.0,0.0,0,0,0,5.0,0.0,0.0,0.0,0.0,8.0,8.0,,,,0.5,20.0,0.1,,,0.0,0.0,0.0,0.0,0.0,0.0,0.0,0.0,0.0,5.0,1.0,4.0,5.0,7.912087912087912,2.0,0.0,0.0,0.0,0.0,0.0,5.0,0.0,0.0,0.0,0.0,8.0,8.0,0.0
000727,CJ Costabile,LSM,Long Stick Midfield,last_5,4,2022-09-03,2023-09-04,ARC|OUT|RED|WAT,CHA,1.0,1.0,1.0,0.0,1.0,0.0,5.0,3,3.0,0.0,0.0,0.0,0.0,0.0,6.0,1.0,1.0,2,1,3,0.0,0.0,1.0,1.0,1.0,15.0,9.0,0.2,0.6,0.6666666666666666,,,,0.0,0.0,0.25,0.25,0.25,0.0,0.25,0.0,1.25,0.75,0.75,0.0,0.0,0.0,0.0,0.0,1.5,0.25,0.25,0.5,0.25,0.75,0.0,0.0,0.25,0.25,0.25,3.75,2.25,0.25
000921,Challen Rogers,M,Midfield,last_5,5,2022-09-03,2023-09-24,ARC|OUT|RED|WAT,ARC|CHA,8.0,4.0,4.0,0.0,4.0,4.0,13.0,7,0.0,0.0,0.0,0.0,0.0,0.0,11.0,8.0,1.0,0,0,0,0.0,0.0,0.0,0.0,18.0,85.0,64.0,0.3076923076923077,0.5384615384615384,,,,,0.2222222222222222,,1.6,0.8,0.8,0.0,0.8,0.8,2.6,1.4,0.0,0.0,0.0,0.0,0.0,0.0,2.2,1.6,0.2,0.0,0.0,0.0,0.0,0.0,0.0,0.0,3.6,17.0,12.8,3.6
000922,Graeme Hossack,D,Defense,last_5,5,2022-09-11,2024-09-15,CHA|RED|WAT|WHP,ARC,2.0,2.0,0.0,1.0,1.0,0.0,2.0,1,2.0,0.0,0.0,0.0,0.0,0.0,12.0,0.0,8.0,1,1,2,0.0,0.0,2.0,1.5,0.0,32.0,30.0,0.5,0.5,0.5,,,,,0.5,0.4,0.4,0.0,0.2,0.2,0.0,0.4,0.2,0.4,0.0,0.0,0.0,0.0,0.0,2.4,0.0,1.6,0.2,0.2,0.4,0.0,0.0,0.4,0.3,0.0,6.4,6.0,0.0
000925,Liam Byrnes,D,Defense,last_5,5,2022-09-11,2023-09-24,ARC|CAN|CHA|WHP,WAT,0.0,0.0,0.0,0.0,0.0,0.0,2.0,1,2.0,0.0,0.0,0.0,0.0,0.0,24.0,4.0,2.0,0,0,0,0.0,0.0,1.0,1.0,2.0,52.0,46.0,0.0,0.5,,,,,0.0,0.0,0.0,0.0,0.0,0.0,0.0,0.0,0.4,0.2,0.4,0.0,0.0,0.0,0.0,0.0,4.8,0.8,0.4,0.0,0.0,0.0,0.0,0.0,0.2,0.2,0.4,10.4,9.2,0.4
000946,Bryan Cole,M,Midfield,last_5,1,2022-09-11,2022-09-11,WAT,WHP,0.0,0.0,0.0,0.0,0.0,0.0,2.0,1,0.0,0.0,0.0,0.0,0.0,0.0,1.0,0.0,0.0,0,0,0,0.0,0.0,0.0,0.0,4.0,18.0,16.0,0.0,0.5,,,,,0.0,,0.0,0.0,0.0,0.0,0.0,0.0,2.0,1.0,0.0,0.0,0.0,0.0,0.0,0.0,1.0,0.0,0.0,0.0,0.0,0.0,0.0,0.0,0.0,0.0,4.0,18.0,16.0,4.0
000978,Kyle Jackson,M,Midfield,last_5,5,2022-09-11,2024-09-07,ARC|CAN|RED|WAT,CHA,6.0,6.0,6.0,0.0,6.0,0.0,19.0,12,1.0,0.0,0.0,0.0,0.0,0.0,4.0,7.0,0.0,0,0,0,0.0,0.0,2.0,1.5,5.0,89.0,63.0,0.3157894736842105,0.631578947368421,,,,,0.0,0.0,1.2,1.2,1.2,0.0,1.2,0.0,3.8,2.4,0.2,0.0,0.0,0.0,0.0,0.0,0.8,1.4,0.0,0.0,0.0,0.0,0.0,0.0,0.4,0.3,1.0,17.8,12.6,1.0
001001,Dylan Molloy,A,Attack,last_5,5,2022-09-03,2026-08-29,CAN|CHA|OUT,ATL|OUT|RED,12.0,10.0,10.0,0.0,10.0,2.0,31.0,18,0.0,0.0,0.0,0.0,0.0,0.0,5.0,10.0,1.0,0,0,0,0.0,0.0,0.0,0.0,9.0,109.0,68.0,0.3225806451612903,0.5806451612903226,,,,,0.2222222222222222,,2.4,2.0,2.0,0.0,2.0,0.4,6.2,3.6,0.0,0.0,0.0,0.0,0.0,0.0,1.0,2.0,0.2,0.0,0.0,0.0,0.0,0.0,0.0,0.0,1.8,21.8,13.6,1.8
001009,Colin Heacock,M,Midfield,last_5,5,2024-09-02,2026-08-30,ARC|ATL|CAN|OUT|WAT,WHP,5.0,5.0,5.0,0.0,5.0,0.0,13.0,9,1.0,0.0,0.0,0.0,0.0,0.0,2.0,4.0,0.0,0,0,0,0.0,0.0,0.0,0.0,0.0,57.0,40.0,0.38461538461538464,0.6923076923076923,,,,,,0.0,1.0,1.0,1.0,0.0,1.0,0.0,2.6,1.8,0.2,0.0,0.0,0.0,0.0,0.0,0.4,0.8,0.0,0.0,0.0,0.0,0.0,0.0,0.0,0.0,0.0,11.4,8.0,0.0
001010,Isaiah Davis-Allen,SSDM,Defensive Midfield,last_5,3,2022-09-03,2023-09-10,ARC|CHA,RED,0.0,0.0,0.0,0.0,0.0,0.0,1.0,0,0.0,0.0,0.0,0.0,0.0,0.0,0.0,0.0,1.0,2,4,6,0.0,0.0,0.0,0.0,1.0,15.0,14.0,0.0,0.0,0.3333333333333333,,,,0.0,,0.0,0.0,0.0,0.0,0.0,0.0,0.3333333333333333,0.0,0.0,0.0,0.0,0.0,0.0,0.0,0.0,0.0,0.3333333333333333,0.6666666666666666,1.3333333333333333,2.0,0.0,0.0,0.0,0.0,0.3333333333333333,5.0,4.666666666666667,0.3333333333333333
001020,Mike Messenger,SSDM,Defensive Midfield,last_5,1,2022-09-03,2022-09-03,CHA,OUT,0.0,0.0,0.0,0.0,0.0,0.0,0.0,0,0.0,0.0,0.0,0.0,0.0,0.0,0.0,0.0,1.0,0,1,1,0.0,0.0,0.0,0.0,1.0,4.0,4.0,,,0.0,,,,0.0,,0.0,0.0,0.0,0.0,0.0,0.0,0.0,0.0,0.0,0.0,0.0,0.0,0.0,0.0,0.0,0.0,1.0,0.0,1.0,1.0,0.0,0.0,0.0,0.0,1.0,4.0,4.0,1.0
001391,Mikie Schlosser,M,Midfield,last_5,4,2022-09-03,2025-09-01,ATL|WHP,WAT,2.0,2.0,0.0,1.0,1.0,0.0,7.0,3,2.0,0.0,0.0,0.0,0.0,0.0,0.0,4.0,0.0,0,0,0,0.0,0.0,0.0,0.0,1.0,29.0,18.0,0.14285714285714285,0.42857142857142855,,,,,0.0,0.5,0.5,0.5,0.0,0.25,0.25,0.0,1.75,0.75,0.5,0.0,0.0,0.0,0.0,0.0,0.0,1.0,0.0,0.0,0.0,0.0,0.0,0.0,0.0,0.0,0.25,7.25,4.5,0.25
001397,Michael Rexrode,D,Defense,last_5,5,2022-09-03,2025-09-14,CAN|OUT|WAT|WHP,ATL,1.0,0.0,0.0,0.0,0.0,1.0,1.0,0,1.0,0.0,0.0,0.0,0.0,0.0,8.0,0.0,4.0,0,0,0,0.0,0.0,0.0,0.0,1.0,29.0,28.0,0.0,0.0,,,,,1.0,0.0,0.2,0.0,0.0,0.0,0.0,0.2,0.2,0.0,0.2,0.0,0.0,0.0,0.0,0.0,1.6,0.0,0.8,0.0,0.0,0.0,0.0,0.0,0.0,0.0,0.2,5.8,5.6,0.2
001402,Max Adler,FO,Faceoff,last_5,3,2022-09-03,2022-09-18,ARC|OUT|WAT,CHA,0.0,0.0,0.0,0.0,0.0,0.0,2.0,2,0.0,0.0,0.0,0.0,0.0,0.0,17.0,3.0,0.0,33,26,59,0.0,0.0,0.0,0.0,1.0,15.0,10.0,0.0,1.0,0.559322033898305,,,,0.0,,0.0,0.0,0.0,0.0,0.0,0.0,0.6666666666666666,0.6666666666666666,0.0,0.0,0.0,0.0,0.0,0.0,5.666666666666667,1.0,0.0,11.0,8.666666666666666,19.666666666666668,0.0,0.0,0.0,0.0,0.3333333333333333,5.0,3.3333333333333335,0.3333333333333333
001406,Ben Randall,D,Defense,last_5,5,2025-08-23,2026-09-20,ARC|ATL|RED|WAT|WHP,OUT|WAT,1.0,0.0,0.0,0.0,0.0,1.0,0.0,0,0.0,0.0,0.0,0.0,0.0,0.0,11.0,2.0,6.0,0,0,0,0.0,0.0,0.0,0.0,2.0,38.0,36.0,,,,,,,0.5,,0.2,0.0,0.0,0.0,0.0,0.2,0.0,0.0,0.0,0.0,0.0,0.0,0.0,0.0,2.2,0.4,1.2,0.0,0.0,0.0,0.0,0.0,0.0,0.0,0.4,7.6,7.2,0.4
001415,Greg Weyl,LSM,Long Stick Midfield,last_5,2,2026-09-07,2026-09-20,ARC|WAT,OUT,0.0,0.0,0.0,0.0,0.0,0.0,0.0,0,0.0,0.0,0.0,0.0,0.0,0.0,4.0,0.0,1.0,0,0,0,0.0,0.0,0.0,0.0,0.0,4.0,4.0,,,,,,,,,0.0,0.0,0.0,0.0,0.0,0.0,0.0,0.0,0.0,0.0,0.0,0.0,0.0,0.0,2.0,0.0,0.5,0.0,0.0,0.0,0.0,0.0,0.0,0.0,0.0,2.0,2.0,0.0
001661,Warren Jeffrey,D,Defense,last_5,5,2023-09-10,2026-09-07,CHA|OUT|RED|WAT|WHP,ARC,0.0,0.0,0.0,0.0,0.0,0.0,0.0,0,0.0,0.0,0.0,0.0,0.0,0.0,6.0,1.0,4.0,0,0,0,0.0,0.0,1.0,1.0,0.0,20.0,19.0,,,,,,,,,0.0,0.0,0.0,0.0,0.0,0.0,0.0,0.0,0.0,0.0,0.0,0.0,0.0,0.0,1.2,0.2,0.8,0.0,0.0,0.0,0.0,0.0,0.2,0.2,0.0,4.0,3.8,0.0
001671,Zach Goodrich,SSDM,Defensive Midfield,last_5,5,2023-09-04,2026-09-07,ATL|CHA|WAT|WHP,CAN,0.0,0.0,0.0,0.0,0.0,0.0,2.0,0,1.0,0.0,0.0,0.0,0.0,0.0,2.0,0.0,2.0,3,0,3,0.0,0.0,0.0,0.0,0.0,12.0,10.0,0.0,0.0,1.0,,,,,0.0,0.0,0.0,0.0,0.0,0.0,0.0,0.4,0.0,0.2,0.0,0.0,0.0,0.0,0.0,0.4,0.0,0.4,0.6,0.0,0.6,0.0,0.0,0.0,0.0,0.0,2.4,2.0,0.0
001707,Matt Whitcher,SSDM,Defensive Midfield,last_5,5,2023-09-24,2026-09-20,ARC|ATL|CAN|OUT|WHP,WAT,1.0,0.0,0.0,0.0,0.0,1.0,0.0,0,0.0,0.0,0.0,0.0,0.0,0.0,9.0,4.0,3.0,0,2,2,0.0,0.0,3.0,1.5,1.0,26.0,22.0,,,0.0,,,,1.0,,0.2,0.0,0.0,0.0,0.0,0.2,0.0,0.0,0.0,0.0,0.0,0.0,0.0,0.0,1.8,0.8,0.6,0.0,0.4,0.4,0.0,0.0,0.6,0.3,0.2,5.2,4.4,0.2
001724,Sean Sconone,G,Goalie,last_5,1,2022-09-03,2022-09-03,CHA,OUT,0.0,0.0,0.0,0.0,0.0,0.0,0.0,0,0.0,15.0,4.0,11.0,11.0,11.0,0.0,0.0,0.0,0,0,0,11.0,0.0,0.0,0.0,4.0,13.0,13.0,,,,0.5769230769230769,26.666666666666668,0.15384615384615385,0.0,,0.0,0.0,0.0,0.0,0.0,0.0,0.0,0.0,0.0,15.0,4.0,11.0,11.0,11.0,0.0,0.0,0.0,0.0,0.0,0.0,11.0,0.0,0.0,0.0,4.0,13.0,13.0,4.0
001729,Chris Aslanian,M,Midfield,last_5,3,2023-09-04,2024-09-02,ATL|CHA|WAT,CAN,4.0,2.0,0.0,1.0,1.0,2.0,6.0,1,4.0,0.0,0.0,0.0,0.0,0.0,0.0,6.0,0.0,0,0,0,0.0,0.0,0.0,0.0,6.0,56.0,44.0,0.16666666666666666,0.16666666666666666,,,,,0.3333333333333333,0.25,1.3333333333333333,0.6666666666666666,0.0,0.3333333333333333,0.3333333333333333,0.6666666666666666,2.0,0.3333333333333333,1.3333333333333333,0.0,0.0,0.0,0.0,0.0,0.0,2.0,0.0,0.0,0.0,0.0,0.0,0.0,0.0,0.0,2.0,18.666666666666668,14.666666666666666,2.0
001733,Charlie Hayes,SSDM,Defensive Midfield,last_5,5,2023-09-04,2026-09-20,ARC|CAN|OUT|WHP,WAT,1.0,1.0,1.0,0.0,1.0,0.0,1.0,1,0.0,0.0,0.0,0.0,0.0,0.0,4.0,2.0,1.0,0,0,0,0.0,0.0,0.0,0.0,0.0,20.0,17.0,1.0,1.0,,,,,,,0.2,0.2,0.2,0.0,0.2,0.0,0.2,0.2,0.0,0.0,0.0,0.0,0.0,0.0,0.8,0.4,0.2,0.0,0.0,0.0,0.0,0.0,0.0,0.0,0.0,4.0,3.4,0.0
001746,Daniel Bucaro,M,Midfield,last_5,1,2022-09-03,2022-09-03,WAT,ATL,0.0,0.0,0.0,0.0,0.0,0.0,5.0,3,0.0,0.0,0.0,0.0,0.0,0.0,0.0,1.0,0.0,0,0,0,0.0,0.0,0.0,0.0,0.0,11.0,5.0,0.0,0.6,,,,,,,0.0,0.0,0.0,0.0,0.0,0.0,5.0,3.0,0.0,0.0,0.0,0.0,0.0,0.0,0.0,1.0,0.0,0.0,0.0,0.0,0.0,0.0,0.0,0.0,0.0,11.0,5.0,0.0
001760,Pat Aslanian,SSDM,Defensive Midfield,last_5,2,2023-09-04,2023-09-10,ATL|WAT,CAN,2.0,2.0,0.0,1.0,1.0,0.0,4.0,1,4.0,0.0,0.0,0.0,0.0,0.0,3.0,0.0,0.0,0,0,0,0.0,0.0,1.0,0.5,0.0,14.0,10.0,0.25,0.25,,,,,,0.25,1.0,1.0,0.0,0.5,0.5,0.0,2.0,0.5,2.0,0.0,0.0,0.0,0.0,0.0,1.5,0.0,0.0,0.0,0.0,0.0,0.0,0.0,0.5,0.25,0.0,7.0,5.0,0.0
001793,Chase Fraser,A,Attack,last_5,4,2022-09-03,2023-09-04,ARC|OUT|RED|WAT,CHA,2.0,2.0,2.0,0.0,2.0,0.0,12.0,6,1.0,0.0,0.0,0.0,0.0,0.0,1.0,5.0,1.0,0,0,0,0.0,0.0,1.0,2.0,6.0,60.0,43.0,0.16666666666666666,0.5,,,,,0.0,0.0,0.5,0.5,0.5,0.0,0.5,0.0,3.0,1.5,0.25,0.0,0.0,0.0,0.0,0.0,0.25,1.25,0.25,0.0,0.0,0.0,0.0,0.0,0.25,0.5,1.5,15.0,10.75,1.5
001795,Christian Scarpello,SSDM,Defensive Midfield,last_5,5,2023-09-04,2025-09-01,ARC|ATL|CAN|WHP,WAT,0.0,0.0,0.0,0.0,0.0,0.0,4.0,4,0.0,0.0,0.0,0.0,0.0,0.0,6.0,1.0,2.0,0,0,0,0.0,0.0,0.0,0.0,0.0,36.0,31.0,0.0,1.0,,,,,,,0.0,0.0,0.0,0.0,0.0,0.0,0.8,0.8,0.0,0.0,0.0,0.0,0.0,0.0,1.2,0.2,0.4,0.0,0.0,0.0,0.0,0.0,0.0,0.0,0.0,7.2,6.2,0.0
001796,Latrell Harris,SSDM,Defensive Midfield,last_5,2,2022-09-03,2022-09-11,CHA|RED,ARC,1.0,0.0,0.0,0.0,0.0,1.0,0.0,0,0.0,0.0,0.0,0.0,0.0,0.0,4.0,0.0,5.0,0,0,0,0.0,0.0,0.0,0.0,2.0,9.0,9.0,,,,,,,0.5,,0.5,0.0,0.0,0.0,0.0,0.5,0.0,0.0,0.0,0.0,0.0,0.0,0.0,0.0,2.0,0.0,2.5,0.0,0.0,0.0,0.0,0.0,0.0,0.0,1.0,4.5,4.5,1.0
001797,JD Colarusso,G,Goalie,last_5,1,2022-09-03,2022-09-03,WAT,ATL,0.0,0.0,0.0,0.0,0.0,0.0,0.0,0,0.0,0.0,0.0,0.0,5.0,13.457943925233645,2.0,0.0,0.0,0,0,0,4.0,1.0,0.0,0.0,0.0,3.0,3.0,,,,0.0,,0.0,,,0.0,0.0,0.0,0.0,0.0,0.0,0.0,0.0,0.0,0.0,0.0,0.0,5.0,13.457943925233645,2.0,0.0,0.0,0.0,0.0,0.0,4.0,1.0,0.0,0.0,0.0,3.0,3.0,0.0
001809,Jeff Teat,A,Attack,last_5,5,2022-09-03,2025-09-14,CAN|OUT|WAT|WHP,ATL,22.0,12.0,10.0,1.0,11.0,10.0,37.0,22,1.0,0.0,0.0,0.0,0.0,0.0,8.0,6.0,2.0,0,0,0,0.0,0.0,1.0,0.5,40.0,158.0,115.0,0.2972972972972973,0.5945945945945946,,,,,0.25,1.0,4.4,2.4,2.0,0.2,2.2,2.0,7.4,4.4,0.2,0.0,0.0,0.0,0.0,0.0,1.6,1.2,0.4,0.0,0.0,0.0,0.0,0.0,0.2,0.1,8.0,31.6,23.0,8.0
001810,Michael Sowers,A,Attack,last_5,5,2023-09-24,2026-09-20,ARC|ATL|CAN|OUT|WHP,WAT,22.0,12.0,12.0,0.0,12.0,10.0,25.0,21,1.0,0.0,0.0,0.0,0.0,0.0,5.0,9.0,0.0,0,0,0,0.0,0.0,0.0,0.0,27.0,136.0,102.0,0.48,0.84,,,,,0.37037037037037035,0.0,4.4,2.4,2.4,0.0,2.4,2.0,5.0,4.2,0.2,0.0,0.0,0.0,0.0,0.0,1.0,1.8,0.0,0.0,0.0,0.0,0.0,0.0,0.0,0.0,5.4,27.2,20.4,5.4
001811,JT Giles-Harris,D,Defense,last_5,5,2025-09-01,2026-09-20,ARC|ATL|RED|WAT,OUT,0.0,0.0,0.0,0.0,0.0,0.0,0.0,0,0.0,0.0,0.0,0.0,0.0,0.0,9.0,1.0,4.0,0,0,0,0.0,0.0,2.0,2.0,0.0,45.0,44.0,,,,,,,,,0.0,0.0,0.0,0.0,0.0,0.0,0.0,0.0,0.0,0.0,0.0,0.0,0.0,0.0,1.8,0.2,0.8,0.0,0.0,0.0,0.0,0.0,0.4,0.4,0.0,9.0,8.8,0.0
001812,TD Ierlan,FO,Faceoff,last_5,5,2023-09-04,2026-08-29,ARC|CHA|OUT,RED,2.0,2.0,2.0,0.0,2.0,0.0,5.0,5,0.0,0.0,0.0,0.0,0.0,0.0,28.0,1.0,0.0,61,51,113,0.0,0.0,1.0,0.5,5.0,28.0,22.0,0.4,1.0,0.5398230088495575,,,,0.0,,0.4,0.4,0.4,0.0,0.4,0.0,1.0,1.0,0.0,0.0,0.0,0.0,0.0,0.0,5.6,0.2,0.0,12.2,10.2,22.6,0.0,0.0,0.2,0.1,1.0,5.6,4.4,1.0
001813,Jared Conners,LSM,Long Stick Midfield,last_5,5,2023-09-10,2026-08-29,CHA|OUT|RED|WAT,ARC|RED,0.0,0.0,0.0,0.0,0.0,0.0,6.0,2,4.0,0.0,0.0,0.0,0.0,0.0,8.0,2.0,4.0,0,2,2,0.0,0.0,4.0,3.0,1.0,41.0,33.0,0.0,0.3333333333333333,0.0,,,,0.0,0.0,0.0,0.0,0.0,0.0,0.0,0.0,1.2,0.4,0.8,0.0,0.0,0.0,0.0,0.0,1.6,0.4,0.8,0.0,0.4,0.4,0.0,0.0,0.8,0.6,0.2,8.2,6.6,0.2
001814,Mac O'Keefe,A,Attack,last_5,5,2023-09-10,2026-09-07,CHA|OUT|RED|WAT|WHP,ARC,15.0,11.0,11.0,0.0,11.0,4.0,42.0,26,4.0,0.0,0.0,0.0,0.0,0.0,6.0,12.0,2.0,0,0,0,0.0,0.0,1.0,0.5,7.0,135.0,81.0,0.2619047619047619,0.6190476190476191,,,,,0.5714285714285714,0.0,3.0,2.2,2.2,0.0,2.2,0.8,8.4,5.2,0.8,0.0,0.0,0.0,0.0,0.0,1.2,2.4,0.4,0.0,0.0,0.0,0.0,0.0,0.2,0.1,1.4,27.0,16.2,1.4
001815,Connor Kirst,M,Midfield,last_5,5,2022-09-11,2026-09-07,CHA|WAT|WHP,CAN|WHP,4.0,3.0,3.0,0.0,3.0,1.0,10.0,7,3.0,0.0,0.0,0.0,0.0,0.0,9.0,1.0,1.0,3,2,5,0.0,0.0,0.0,0.0,2.0,40.0,29.0,0.3,0.7,0.6,,,,0.5,0.0,0.8,0.6,0.6,0.0,0.6,0.2,2.0,1.4,0.6,0.0,0.0,0.0,0.0,0.0,1.8,0.2,0.2,0.6,0.4,1.0,0.0,0.0,0.0,0.0,0.4,8.0,5.8,0.4
001816,Dox Aitken,M,Midfield,last_5,2,2022-09-03,2024-09-07,WAT|WHP,ATL,3.0,2.0,2.0,0.0,2.0,1.0,11.0,6,3.0,0.0,0.0,0.0,0.0,0.0,1.0,2.0,0.0,0,0,0,0.0,0.0,0.0,0.0,6.0,59.0,46.0,0.18181818181818182,0.5454545454545454,,,,,0.16666666666666666,0.0,1.5,1.0,1.0,0.0,1.0,0.5,5.5,3.0,1.5,0.0,0.0,0.0,0.0,0.0,0.5,1.0,0.0,0.0,0.0,0.0,0.0,0.0,0.0,0.0,3.0,29.5,23.0,3.0
001817,Jack Kielty,D,Defense,last_5,4,2023-09-04,2026-09-07,ATL|WAT|WHP,CAN,0.0,0.0,0.0,0.0,0.0,0.0,0.0,0,0.0,0.0,0.0,0.0,0.0,0.0,6.0,1.0,4.0,0,0,0,0.0,0.0,0.0,0.0,0.0,33.0,32.0,,,,,,,,,0.0,0.0,0.0,0.0,0.0,0.0,0.0,0.0,0.0,0.0,0.0,0.0,0.0,0.0,1.5,0.25,1.0,0.0,0.0,0.0,0.0,0.0,0.0,0.0,0.0,8.25,8.0,0.0
001818,Jake Carraway,M,Midfield,last_5,2,2023-09-10,2023-09-24,ARC|CAN,WAT,4.0,4.0,2.0,1.0,3.0,0.0,7.0,5,4.0,0.0,0.0,0.0,0.0,0.0,1.0,0.0,0.0,0,0,0,0.0,0.0,0.0,0.0,0.0,40.0,33.0,0.42857142857142855,0.7142857142857143,,,,,,0.25,2.0,2.0,1.0,0.5,1.5,0.0,3.5,2.5,2.0,0.0,0.0,0.0,0.0,0.0,0.5,0.0,0.0,0.0,0.0,0.0,0.0,0.0,0.0,0.0,0.0,20.0,16.5,0.0
001819,Danny Logan,SSDM,Defensive Midfield,last_5,5,2022-09-03,2025-09-14,CAN|OUT|WAT|WHP,ATL,6.0,2.0,2.0,0.0,2.0,4.0,5.0,3,2.0,0.0,0.0,0.0,0.0,0.0,8.0,1.0,0.0,1,3,4,0.0,0.0,0.0,0.0,6.0,43.0,37.0,0.4,0.6,0.25,,,,0.6666666666666666,0.0,1.2,0.4,0.4,0.0,0.4,0.8,1.0,0.6,0.4,0.0,0.0,0.0,0.0,0.0,1.6,0.2,0.0,0.2,0.6,0.8,0.0,0.0,0.0,0.0,1.2,8.6,7.4,1.2
001820,Ryan Terefenko,SSDM,Defensive Midfield,last_5,5,2025-09-01,2026-09-20,ARC|ATL|RED|WAT,OUT,4.0,0.0,0.0,0.0,0.0,4.0,1.0,0,0.0,0.0,0.0,0.0,0.0,0.0,5.0,2.0,2.0,0,1,1,0.0,0.0,0.0,0.0,9.0,53.0,50.0,0.0,0.0,0.0,,,,0.4444444444444444,,0.8,0.0,0.0,0.0,0.0,0.8,0.2,0.0,0.0,0.0,0.0,0.0,0.0,0.0,1.0,0.4,0.4,0.0,0.2,0.2,0.0,0.0,0.0,0.0,1.8,10.6,10.0,1.8
001821,Tre Leclaire,M,Midfield,last_5,5,2023-09-10,2026-09-07,CHA|OUT|RED|WAT|WHP,ARC,13.0,10.0,8.0,1.0,9.0,3.0,23.0,16,5.0,0.0,0.0,0.0,0.0,0.0,8.0,4.0,0.0,0,0,0,0.0,0.0,0.0,0.0,7.0,108.0,81.0,0.391304347826087,0.6956521739130435,,,,,0.42857142857142855,0.2,2.6,2.0,1.6,0.2,1.8,0.6,4.6,3.2,1.0,0.0,0.0,0.0,0.0,0.0,1.6,0.8,0.0,0.0,0.0,0.0,0.0,0.0,0.0,0.0,1.4,21.6,16.2,1.4
001825,Peter Dearth,SSDM,Defensive Midfield,last_5,1,2022-09-03,2022-09-03,WAT,ATL,0.0,0.0,0.0,0.0,0.0,0.0,0.0,0,0.0,0.0,0.0,0.0,0.0,0.0,1.0,0.0,1.0,0,0,0,0.0,0.0,1.0,1.0,0.0,1.0,1.0,,,,,,,,,0.0,0.0,0.0,0.0,0.0,0.0,0.0,0.0,0.0,0.0,0.0,0.0,0.0,0.0,1.0,0.0,1.0,0.0,0.0,0.0,0.0,0.0,1.0,1.0,0.0,1.0,1.0,0.0
001826,Jeff Trainor,SSDM,Defensive Midfield,last_5,5,2023-09-04,2026-09-07,ATL|CHA|WAT|WHP,CAN,3.0,3.0,1.0,1.0,2.0,0.0,5.0,3,2.0,0.0,0.0,0.0,0.0,0.0,3.0,1.0,3.0,0,0,0,0.0,0.0,3.0,3.0,4.0,40.0,34.0,0.4,0.6,,,,,0.0,0.5,0.6,0.6,0.2,0.2,0.4,0.0,1.0,0.6,0.4,0.0,0.0,0.0,0.0,0.0,0.6,0.2,0.6,0.0,0.0,0.0,0.0,0.0,0.6,0.6,0.8,8.0,6.8,0.8
001827,Jared Bernhardt,A,Attack,last_5,5,2025-09-01,2026-09-20,ARC|ATL|RED|WAT,OUT,9.0,8.0,8.0,0.0,8.0,1.0,23.0,16,1.0,0.0,0.0,0.0,0.0,0.0,5.0,4.0,1.0,0,0,0,0.0,0.0,0.0,0.0,8.0,101.0,74.0,0.34782608695652173,0.6956521739130435,,,,,0.125,0.0,1.8,1.6,1.6,0.0,1.6,0.2,4.6,3.2,0.2,0.0,0.0,0.0,0.0,0.0,1.0,0.8,0.2,0.0,0.0,0.0,0.0,0.0,0.0,0.0,1.6,20.2,14.8,1.6
001828,Justin Anderson,M,Midfield,last_5,5,2025-09-01,2026-09-20,ARC|ATL|RED|WAT,OUT,2.0,2.0,2.0,0.0,2.0,0.0,14.0,9,0.0,0.0,0.0,0.0,0.0,0.0,2.0,7.0,0.0,0,0,0,0.0,0.0,1.0,0.5,1.0,55.0,34.0,0.14285714285714285,0.6428571428571429,,,,,0.0,,0.4,0.4,0.4,0.0,0.4,0.0,2.8,1.8,0.0,0.0,0.0,0.0,0.0,0.0,0.4,1.4,0.0,0.0,0.0,0.0,0.0,0.0,0.2,0.1,0.2,11.0,6.8,0.2
001831,Colin Squires,LSM,Long Stick Midfield,last_5,5,2023-09-04,2025-08-23,ARC|ATL|OUT|WAT,WHP,0.0,0.0,0.0,0.0,0.0,0.0,1.0,1,1.0,0.0,0.0,0.0,0.0,0.0,20.0,2.0,3.0,0,2,2,0.0,0.0,0.0,0.0,2.0,25.0,22.0,0.0,1.0,0.0,,,,0.0,0.0,0.0,0.0,0.0,0.0,0.0,0.0,0.2,0.2,0.2,0.0,0.0,0.0,0.0,0.0,4.0,0.4,0.6,0.0,0.4,0.4,0.0,0.0,0.0,0.0,0.4,5.0,4.4,0.4
001832,Charlie Bertrand,M,Midfield,last_5,5,2022-09-03,2025-09-01,ARC|CHA|OUT,RED,8.0,6.0,6.0,0.0,6.0,2.0,24.0,17,2.0,0.0,0.0,0.0,0.0,0.0,3.0,2.0,0.0,0,0,0,0.0,0.0,0.0,0.0,10.0,76.0,50.0,0.25,0.7083333333333334,,,,,0.2,0.0,1.6,1.2,1.2,0.0,1.2,0.4,4.8,3.4,0.4,0.0,0.0,0.0,0.0,0.0,0.6,0.4,0.0,0.0,0.0,0.0,0.0,0.0,0.0,0.0,2.0,15.2,10.0,2.0
001835,Ethan Walker,A,Attack,last_5,5,2022-09-11,2023-09-24,ARC|CAN|CHA|WHP,WAT,12.0,7.0,7.0,0.0,7.0,5.0,13.0,10,0.0,0.0,0.0,0.0,0.0,0.0,6.0,5.0,0.0,0,0,0,0.0,0.0,0.0,0.0,24.0,159.0,141.0,0.5384615384615384,0.7692307692307693,,,,,0.20833333333333334,,2.4,1.4,1.4,0.0,1.4,1.0,2.6,2.0,0.0,0.0,0.0,0.0,0.0,0.0,1.2,1.0,0.0,0.0,0.0,0.0,0.0,0.0,0.0,0.0,4.8,31.8,28.2,4.8
001836,Jackson Morrill,A,Attack,last_5,2,2022-09-03,2023-09-04,CHA|WAT,OUT|WHP,1.0,1.0,1.0,0.0,1.0,0.0,3.0,2,0.0,0.0,0.0,0.0,0.0,0.0,1.0,3.0,0.0,0,0,0,0.0,0.0,1.0,0.5,4.0,44.0,38.0,0.3333333333333333,0.6666666666666666,,,,,0.0,,0.5,0.5,0.5,0.0,0.5,0.0,1.5,1.0,0.0,0.0,0.0,0.0,0.0,0.0,0.5,1.5,0.0,0.0,0.0,0.0,0.0,0.0,0.5,0.25,2.0,22.0,19.0,2.0
001838,Ryan Smith,M,Midfield,last_5,4,2022-09-03,2023-09-04,ARC|OUT|RED|WAT,CHA,5.0,2.0,2.0,0.0,2.0,3.0,10.0,6,0.0,0.0,0.0,0.0,0.0,0.0,1.0,3.0,0.0,0,0,0,0.0,0.0,0.0,0.0,16.0,68.0,55.0,0.2,0.6,,,,,0.1875,,1.25,0.5,0.5,0.0,0.5,0.75,2.5,1.5,0.0,0.0,0.0,0.0,0.0,0.0,0.25,0.75,0.0,0.0,0.0,0.0,0.0,0.0,0.0,0.0,4.0,17.0,13.75,4.0
001839,Nick Grill,LSM,Long Stick Midfield,last_5,4,2022-09-03,2025-09-14,ATL|CHA|RED|WHP,OUT,0.0,0.0,0.0,0.0,0.0,0.0,0.0,0,0.0,0.0,0.0,0.0,0.0,0.0,2.0,0.0,1.0,0,0,0,0.0,0.0,0.0,0.0,0.0,5.0,5.0,,,,,,,,,0.0,0.0,0.0,0.0,0.0,0.0,0.0,0.0,0.0,0.0,0.0,0.0,0.0,0.0,0.5,0.0,0.25,0.0,0.0,0.0,0.0,0.0,0.0,0.0,0.0,1.25,1.25,0.0
001843,Cole Williams,M,Midfield,last_5,2,2022-09-03,2025-08-24,CHA|RED,CHA|OUT,1.0,1.0,1.0,0.0,1.0,0.0,2.0,2,0.0,0.0,0.0,0.0,0.0,0.0,0.0,1.0,0.0,0,0,0,0.0,0.0,0.0,0.0,2.0,25.0,22.0,0.5,1.0,,,,,0.0,,0.5,0.5,0.5,0.0,0.5,0.0,1.0,1.0,0.0,0.0,0.0,0.0,0.0,0.0,0.0,0.5,0.0,0.0,0.0,0.0,0.0,0.0,0.0,0.0,1.0,12.5,11.0,1.0
001846,Adam Charalambides,A,Attack,last_5,1,2025-08-24,2025-08-24,RED,CHA,1.0,1.0,1.0,0.0,1.0,0.0,6.0,4,0.0,0.0,0.0,0.0,0.0,0.0,1.0,1.0,0.0,0,0,0,0.0,0.0,0.0,0.0,0.0,26.0,19.0,0.16666666666666666,0.6666666666666666,,,,,,,1.0,1.0,1.0,0.0,1.0,0.0,6.0,4.0,0.0,0.0,0.0,0.0,0.0,0.0,1.0,1.0,0.0,0.0,0.0,0.0,0.0,0.0,0.0,0.0,0.0,26.0,19.0,0.0
002006,Reid Bowering,M,Midfield,last_5,3,2023-09-24,2025-09-14,OUT|WAT,ARC|ATL,6.0,4.0,4.0,0.0,4.0,2.0,6.0,6,0.0,0.0,0.0,0.0,0.0,0.0,3.0,1.0,0.0,0,0,0,0.0,0.0,1.0,0.5,4.0,40.0,33.0,0.6666666666666666,1.0,,,,,0.5,,2.0,1.3333333333333333,1.3333333333333333,0.0,1.3333333333333333,0.6666666666666666,2.0,2.0,0.0,0.0,0.0,0.0,0.0,0.0,1.0,0.3333333333333333,0.0,0.0,0.0,0.0,0.0,0.0,0.3333333333333333,0.16666666666666666,1.3333333333333333,13.333333333333334,11.0,1.3333333333333333
002014,Drake Porter,G,Goalie,last_5,1,2023-09-04,2023-09-04,CAN,ATL,0.0,0.0,0.0,0.0,0.0,0.0,0.0,0,0.0,2.0,0.0,2.0,5.0,12.286689419795222,2.0,1.0,0.0,0,0,0,5.0,0.0,0.0,0.0,0.0,4.0,3.0,,,,0.2857142857142857,0.0,0.0,,,0.0,0.0,0.0,0.0,0.0,0.0,0.0,0.0,0.0,2.0,0.0,2.0,5.0,12.286689419795222,2.0,1.0,0.0,0.0,0.0,0.0,5.0,0.0,0.0,0.0,0.0,4.0,3.0,0.0
002015,Logan Wisnauskas,A,Attack,last_5,5,2025-09-01,2026-09-20,ARC|ATL|RED|WAT,OUT,2.0,1.0,1.0,0.0,1.0,1.0,16.0,8,2.0,0.0,0.0,0.0,0.0,0.0,4.0,5.0,0.0,0,0,0,0.0,0.0,0.0,0.0,8.0,85.0,64.0,0.0625,0.5,,,,,0.125,0.0,0.4,0.2,0.2,0.0,0.2,0.2,3.2,1.6,0.4,0.0,0.0,0.0,0.0,0.0,0.8,1.0,0.0,0.0,0.0,0.0,0.0,0.0,0.0,0.0,1.6,17.0,12.8,1.6
002016,Chris Gray,A,Attack,last_5,2,2022-09-03,2023-09-04,CAN|WAT,ATL,7.0,4.0,4.0,0.0,4.0,3.0,17.0,8,2.0,0.0,0.0,0.0,0.0,0.0,3.0,3.0,0.0,0,0,0,0.0,0.0,0.0,0.0,11.0,67.0,47.0,0.23529411764705882,0.47058823529411764,,,,,0.2727272727272727,0.0,3.5,2.0,2.0,0.0,2.0,1.5,8.5,4.0,1.0,0.0,0.0,0.0,0.0,0.0,1.5,1.5,0.0,0.0,0.0,0.0,0.0,0.0,0.0,0.0,5.5,33.5,23.5,5.5
002017,Arden Cohen,D,Defense,last_5,3,2022-09-03,2023-09-10,ARC|CHA,RED,0.0,0.0,0.0,0.0,0.0,0.0,0.0,0,0.0,0.0,0.0,0.0,0.0,0.0,4.0,2.0,4.0,0,0,0,0.0,0.0,0.0,0.0,1.0,14.0,12.0,,,,,,,0.0,,0.0,0.0,0.0,0.0,0.0,0.0,0.0,0.0,0.0,0.0,0.0,0.0,0.0,0.0,1.3333333333333333,0.6666666666666666,1.3333333333333333,0.0,0.0,0.0,0.0,0.0,0.0,0.0,0.3333333333333333,4.666666666666667,4.0,0.3333333333333333
002018,Matt Moore,A,Attack,last_5,5,2022-09-11,2024-09-15,CHA|RED|WAT|WHP,ARC,12.0,6.0,6.0,0.0,6.0,6.0,27.0,15,5.0,0.0,0.0,0.0,0.0,0.0,3.0,4.0,0.0,0,0,0,0.0,0.0,1.0,2.0,17.0,116.0,85.0,0.2222222222222222,0.5555555555555556,,,,,0.35294117647058826,0.0,2.4,1.2,1.2,0.0,1.2,1.2,5.4,3.0,1.0,0.0,0.0,0.0,0.0,0.0,0.6,0.8,0.0,0.0,0.0,0.0,0.0,0.0,0.2,0.4,3.4,23.2,17.0,3.4
002019,Koby Smith,LSM,Long Stick Midfield,last_5,2,2022-09-03,2024-09-07,WAT|WHP,ATL,0.0,0.0,0.0,0.0,0.0,0.0,1.0,0,1.0,0.0,0.0,0.0,0.0,0.0,4.0,2.0,0.0,0,0,0,0.0,0.0,0.0,0.0,0.0,8.0,5.0,0.0,0.0,,,,,,0.0,0.0,0.0,0.0,0.0,0.0,0.0,0.5,0.0,0.5,0.0,0.0,0.0,0.0,0.0,2.0,1.0,0.0,0.0,0.0,0.0,0.0,0.0,0.0,0.0,0.0,4.0,2.5,0.0
002021,Roman Puglise,SSDM,Defensive Midfield,last_5,5,2023-09-04,2025-08-23,ARC|ATL|OUT|WAT,WHP,0.0,0.0,0.0,0.0,0.0,0.0,2.0,2,1.0,0.0,0.0,0.0,0.0,0.0,4.0,0.0,2.0,0,0,0,0.0,0.0,2.0,1.0,2.0,27.0,25.0,0.0,1.0,,,,,0.0,0.0,0.0,0.0,0.0,0.0,0.0,0.0,0.4,0.4,0.2,0.0,0.0,0.0,0.0,0.0,0.8,0.0,0.4,0.0,0.0,0.0,0.0,0.0,0.4,0.2,0.4,5.4,5.0,0.4
002022,Zach Geddes,SSDM,Defensive Midfield,last_5,5,2025-09-01,2026-09-20,ARC|ATL|RED|WAT,OUT,1.0,1.0,1.0,0.0,1.0,0.0,7.0,3,2.0,0.0,0.0,0.0,0.0,0.0,13.0,3.0,5.0,0,3,3,0.0,0.0,0.0,0.0,2.0,53.0,43.0,0.14285714285714285,0.42857142857142855,0.0,,,,0.0,0.0,0.2,0.2,0.2,0.0,0.2,0.0,1.4,0.6,0.4,0.0,0.0,0.0,0.0,0.0,2.6,0.6,1.0,0.0,0.6,0.6,0.0,0.0,0.0,0.0,0.4,10.6,8.6,0.4
002023,Brendan Nichtern,A,Attack,last_5,1,2022-09-03,2022-09-03,CHA,OUT,2.0,0.0,0.0,0.0,0.0,2.0,3.0,1,1.0,0.0,0.0,0.0,0.0,0.0,1.0,2.0,0.0,0,0,0,0.0,0.0,0.0,0.0,11.0,50.0,45.0,0.0,0.3333333333333333,,,,,0.18181818181818182,0.0,2.0,0.0,0.0,0.0,0.0,2.0,3.0,1.0,1.0,0.0,0.0,0.0,0.0,0.0,1.0,2.0,0.0,0.0,0.0,0.0,0.0,0.0,0.0,0.0,11.0,50.0,45.0,11.0
002024,Asher Nolting,A,Attack,last_5,3,2023-09-04,2024-09-02,ATL|CHA|WAT,CAN,10.0,5.0,5.0,0.0,5.0,5.0,21.0,12,0.0,0.0,0.0,0.0,0.0,0.0,4.0,8.0,0.0,0,0,0,0.0,0.0,0.0,0.0,17.0,84.0,55.0,0.23809523809523808,0.5714285714285714,,,,,0.29411764705882354,,3.3333333333333335,1.6666666666666667,1.6666666666666667,0.0,1.6666666666666667,1.6666666666666667,7.0,4.0,0.0,0.0,0.0,0.0,0.0,0.0,1.3333333333333333,2.6666666666666665,0.0,0.0,0.0,0.0,0.0,0.0,0.0,0.0,5.666666666666667,28.0,18.333333333333332,5.666666666666667
002025,Bubba Fairman,SSDM,Defensive Midfield,last_5,3,2023-09-04,2024-09-02,ATL|CHA|WAT,CAN,0.0,0.0,0.0,0.0,0.0,0.0,3.0,0,0.0,0.0,0.0,0.0,0.0,0.0,6.0,1.0,1.0,0,0,0,0.0,0.0,1.0,0.5,1.0,33.0,29.0,0.0,0.0,,,,,0.0,,0.0,0.0,0.0,0.0,0.0,0.0,1.0,0.0,0.0,0.0,0.0,0.0,0.0,0.0,2.0,0.3333333333333333,0.3333333333333333,0.0,0.0,0.0,0.0,0.0,0.3333333333333333,0.16666666666666666,0.3333333333333333,11.0,9.666666666666666,0.3333333333333333
002026,Brett Dobson,G,Goalie,last_5,5,2023-09-10,2026-09-07,CHA|OUT|RED|WAT|WHP,ARC,0.0,0.0,0.0,0.0,0.0,0.0,0.0,0,0.0,91.0,37.0,54.0,40.0,40.0,18.0,1.0,1.0,0,0,0,36.0,4.0,0.0,0.0,1.0,88.0,87.0,,,,0.7165354330708661,40.65934065934066,0.29133858267716534,0.0,,0.0,0.0,0.0,0.0,0.0,0.0,0.0,0.0,0.0,18.2,7.4,10.8,8.0,8.0,3.6,0.2,0.2,0.0,0.0,0.0,7.2,0.8,0.0,0.0,0.2,17.6,17.4,0.2
002027,Brendan Curry,M,Midfield,last_5,1,2023-09-04,2023-09-04,CAN,ATL,0.0,0.0,0.0,0.0,0.0,0.0,2.0,1,1.0,0.0,0.0,0.0,0.0,0.0,0.0,0.0,0.0,0,0,0,0.0,0.0,0.0,0.0,1.0,8.0,6.0,0.0,0.5,,,,,0.0,0.0,0.0,0.0,0.0,0.0,0.0,0.0,2.0,1.0,1.0,0.0,0.0,0.0,0.0,0.0,0.0,0.0,0.0,0.0,0.0,0.0,0.0,0.0,0.0,0.0,1.0,8.0,6.0,1.0
002028,Jack Hannah,M,Midfield,last_5,5,2023-09-04,2025-09-01,ARC|ATL|CAN|WHP,WAT,6.0,1.0,1.0,0.0,1.0,5.0,20.0,4,1.0,0.0,0.0,0.0,0.0,0.0,1.0,2.0,0.0,0,0,0,0.0,0.0,0.0,0.0,8.0,91.0,69.0,0.05,0.2,,,,,0.625,0.0,1.2,0.2,0.2,0.0,0.2,1.0,4.0,0.8,0.2,0.0,0.0,0.0,0.0,0.0,0.2,0.4,0.0,0.0,0.0,0.0,0.0,0.0,0.0,0.0,1.6,18.2,13.8,1.6
002029,Wheaton Jackoboice,SSDM,Defensive Midfield,last_5,3,2022-09-11,2024-09-15,ARC|ATL|WAT,WHP,0.0,0.0,0.0,0.0,0.0,0.0,0.0,0,0.0,0.0,0.0,0.0,0.0,0.0,2.0,0.0,0.0,0,0,0,0.0,0.0,1.0,0.5,3.0,15.0,15.0,,,,,,,0.0,,0.0,0.0,0.0,0.0,0.0,0.0,0.0,0.0,0.0,0.0,0.0,0.0,0.0,0.0,0.6666666666666666,0.0,0.0,0.0,0.0,0.0,0.0,0.0,0.3333333333333333,0.16666666666666666,1.0,5.0,5.0,1.0
002030,Jonathan Donville,M,Midfield,last_5,4,2023-09-04,2025-09-14,ATL|RED|WAT,CAN|OUT,8.0,6.0,6.0,0.0,6.0,2.0,11.0,7,0.0,0.0,0.0,0.0,0.0,0.0,2.0,3.0,0.0,0,0,0,0.0,0.0,0.0,0.0,7.0,48.0,34.0,0.5454545454545454,0.6363636363636364,,,,,0.2857142857142857,,2.0,1.5,1.5,0.0,1.5,0.5,2.75,1.75,0.0,0.0,0.0,0.0,0.0,0.0,0.5,0.75,0.0,0.0,0.0,0.0,0.0,0.0,0.0,0.0,1.75,12.0,8.5,1.75
002031,Ryan McNulty,LSM,Long Stick Midfield,last_5,1,2024-09-02,2024-09-02,CAN,CHA,0.0,0.0,0.0,0.0,0.0,0.0,1.0,0,1.0,0.0,0.0,0.0,0.0,0.0,1.0,1.0,0.0,0,0,0,0.0,0.0,0.0,0.0,0.0,6.0,4.0,0.0,0.0,,,,,,0.0,0.0,0.0,0.0,0.0,0.0,0.0,1.0,0.0,1.0,0.0,0.0,0.0,0.0,0.0,1.0,1.0,0.0,0.0,0.0,0.0,0.0,0.0,0.0,0.0,0.0,6.0,4.0,0.0
002032,Justin Inacio,FO,Faceoff,last_5,3,2022-09-03,2025-08-24,CHA|RED,ARC|CHA,0.0,0.0,0.0,0.0,0.0,0.0,3.0,3,0.0,0.0,0.0,0.0,0.0,0.0,24.0,1.0,0.0,30,38,68,0.0,0.0,0.0,0.0,1.0,18.0,14.0,0.0,1.0,0.4411764705882353,,,,0.0,,0.0,0.0,0.0,0.0,0.0,0.0,1.0,1.0,0.0,0.0,0.0,0.0,0.0,0.0,8.0,0.3333333333333333,0.0,10.0,12.666666666666666,22.666666666666668,0.0,0.0,0.0,0.0,0.3333333333333333,6.0,4.666666666666667,0.3333333333333333
002033,Nakeie Montgomery,M,Midfield,last_5,1,2022-09-03,2022-09-03,ARC,RED,0.0,0.0,0.0,0.0,0.0,0.0,1.0,0,0.0,0.0,0.0,0.0,0.0,0.0,0.0,0.0,0.0,0,0,0,0.0,0.0,0.0,0.0,1.0,9.0,8.0,0.0,0.0,,,,,0.0,,0.0,0.0,0.0,0.0,0.0,0.0,1.0,0.0,0.0,0.0,0.0,0.0,0.0,0.0,0.0,0.0,0.0,0.0,0.0,0.0,0.0,0.0,0.0,0.0,1.0,9.0,8.0,1.0
002035,Max Wayne,D,Defense,last_5,2,2023-09-04,2023-09-10,ATL|WAT,CAN,0.0,0.0,0.0,0.0,0.0,0.0,0.0,0,0.0,0.0,0.0,0.0,0.0,0.0,4.0,1.0,1.0,0,0,0,0.0,0.0,0.0,0.0,0.0,13.0,12.0,,,,,,,,,0.0,0.0,0.0,0.0,0.0,0.0,0.0,0.0,0.0,0.0,0.0,0.0,0.0,0.0,2.0,0.5,0.5,0.0,0.0,0.0,0.0,0.0,0.0,0.0,0.0,6.5,6.0,0.0
002036,Jake Higgins,SSDM,Defensive Midfield,last_5,3,2023-09-04,2023-09-24,ARC|CAN|WHP,WAT,0.0,0.0,0.0,0.0,0.0,0.0,0.0,0,0.0,0.0,0.0,0.0,0.0,0.0,4.0,0.0,4.0,0,0,0,0.0,0.0,0.0,0.0,0.0,16.0,16.0,,,,,,,,,0.0,0.0,0.0,0.0,0.0,0.0,0.0,0.0,0.0,0.0,0.0,0.0,0.0,0.0,1.3333333333333333,0.0,1.3333333333333333,0.0,0.0,0.0,0.0,0.0,0.0,0.0,0.0,5.333333333333333,5.333333333333333,0.0
002038,Colin Kirst,G,Goalie,last_5,4,2023-09-04,2026-09-07,ATL|CHA|WAT,CAN,0.0,0.0,0.0,0.0,0.0,0.0,0.0,0,0.0,41.0,8.0,33.0,39.0,48.00555941626129,5.0,2.0,1.0,0,0,0,38.0,1.0,0.0,0.0,0.0,59.0,57.0,,,,0.5189873417721519,19.51219512195122,0.10126582278481013,,,0.0,0.0,0.0,0.0,0.0,0.0,0.0,0.0,0.0,10.25,2.0,8.25,9.75,12.001389854065323,1.25,0.5,0.25,0.0,0.0,0.0,9.5,0.25,0.0,0.0,0.0,14.75,14.25,0.0
002039,Owen McElroy,G,Goalie,last_5,1,2024-09-02,2024-09-02,WHP,OUT,0.0,0.0,0.0,0.0,0.0,0.0,0.0,0,0.0,15.0,5.0,10.0,11.0,11.0,6.0,0.0,0.0,0,0,0,10.0,1.0,0.0,0.0,1.0,14.0,14.0,,,,0.6,33.33333333333333,0.2,0.0,,0.0,0.0,0.0,0.0,0.0,0.0,0.0,0.0,0.0,15.0,5.0,10.0,11.0,11.0,6.0,0.0,0.0,0.0,0.0,0.0,10.0,1.0,0.0,0.0,1.0,14.0,14.0,1.0
002040,Jackson Reid,A,Attack,last_5,1,2022-09-11,2022-09-11,WAT,WHP,0.0,0.0,0.0,0.0,0.0,0.0,4.0,3,0.0,0.0,0.0,0.0,0.0,0.0,1.0,0.0,0.0,0,0,0,0.0,0.0,0.0,0.0,1.0,14.0,10.0,0.0,0.75,,,,,0.0,,0.0,0.0,0.0,0.0,0.0,0.0,4.0,3.0,0.0,0.0,0.0,0.0,0.0,0.0,1.0,0.0,0.0,0.0,0.0,0.0,0.0,0.0,0.0,0.0,1.0,14.0,10.0,1.0
002042,Jon Robbins,LSM,Long Stick Midfield,last_5,4,2022-09-03,2024-09-15,CHA|RED|WHP,ARC,1.0,0.0,0.0,0.0,0.0,1.0,0.0,0,0.0,0.0,0.0,0.0,0.0,0.0,3.0,1.0,3.0,0,0,0,0.0,0.0,3.0,2.5,1.0,6.0,5.0,,,,,,,1.0,,0.25,0.0,0.0,0.0,0.0,0.25,0.0,0.0,0.0,0.0,0.0,0.0,0.0,0.0,0.75,0.25,0.75,0.0,0.0,0.0,0.0,0.0,0.75,0.625,0.25,1.5,1.25,0.25
002043,Ryan Aughavin,M,Midfield,last_5,2,2023-09-10,2023-09-24,RED|WAT,ARC,4.0,3.0,1.0,1.0,2.0,1.0,3.0,2,2.0,0.0,0.0,0.0,0.0,0.0,1.0,1.0,0.0,0,0,0,0.0,0.0,0.0,0.0,2.0,26.0,22.0,0.6666666666666666,0.6666666666666666,,,,,0.5,0.5,2.0,1.5,0.5,0.5,1.0,0.5,1.5,1.0,1.0,0.0,0.0,0.0,0.0,0.0,0.5,0.5,0.0,0.0,0.0,0.0,0.0,0.0,0.0,0.0,1.0,13.0,11.0,1.0
002054,Chris Merle,SSDM,Defensive Midfield,last_5,2,2023-09-04,2023-09-10,ARC|CHA,RED,2.0,1.0,1.0,0.0,1.0,1.0,1.0,1,0.0,0.0,0.0,0.0,0.0,0.0,6.0,0.0,2.0,0,0,0,0.0,0.0,0.0,0.0,1.0,14.0,13.0,1.0,1.0,,,,,1.0,,1.0,0.5,0.5,0.0,0.5,0.5,0.5,0.5,0.0,0.0,0.0,0.0,0.0,0.0,3.0,0.0,1.0,0.0,0.0,0.0,0.0,0.0,0.0,0.0,0.5,7.0,6.5,0.5
002059,Brendan Krebs,G,Goalie,last_5,3,2024-09-02,2024-09-15,ARC|ATL|OUT,WHP,1.0,0.0,0.0,0.0,0.0,1.0,1.0,0,1.0,40.0,18.0,22.0,33.0,31.58257713248639,10.0,2.0,0.0,0,0,0,29.0,4.0,0.0,0.0,2.0,62.0,59.0,0.0,0.0,,0.5797101449275363,45.0,0.2608695652173913,0.5,0.0,0.3333333333333333,0.0,0.0,0.0,0.0,0.3333333333333333,0.3333333333333333,0.0,0.3333333333333333,13.333333333333334,6.0,7.333333333333333,11.0,10.527525710828796,3.3333333333333335,0.6666666666666666,0.0,0.0,0.0,0.0,9.666666666666666,1.3333333333333333,0.0,0.0,0.6666666666666666,20.666666666666668,19.666666666666668,0.6666666666666666
002063,Ryan Kennedy,LSM,Long Stick Midfield,last_5,3,2022-09-03,2023-09-10,ARC|CHA,RED,0.0,0.0,0.0,0.0,0.0,0.0,1.0,1,0.0,0.0,0.0,0.0,0.0,0.0,7.0,2.0,2.0,0,2,2,0.0,0.0,0.0,0.0,0.0,8.0,5.0,0.0,1.0,0.0,,,,,,0.0,0.0,0.0,0.0,0.0,0.0,0.3333333333333333,0.3333333333333333,0.0,0.0,0.0,0.0,0.0,0.0,2.3333333333333335,0.6666666666666666,0.6666666666666666,0.0,0.6666666666666666,0.6666666666666666,0.0,0.0,0.0,0.0,0.0,2.6666666666666665,1.6666666666666667,0.0
002067,Zac Tucci,FO,Faceoff,last_5,1,2024-09-02,2024-09-02,CHA,CAN,0.0,0.0,0.0,0.0,0.0,0.0,2.0,2,1.0,0.0,0.0,0.0,0.0,0.0,6.0,2.0,0.0,8,7,15,0.0,0.0,2.0,1.0,0.0,6.0,2.0,0.0,1.0,0.5333333333333333,,,,,0.0,0.0,0.0,0.0,0.0,0.0,0.0,2.0,2.0,1.0,0.0,0.0,0.0,0.0,0.0,6.0,2.0,0.0,8.0,7.0,15.0,0.0,0.0,2.0,1.0,0.0,6.0,2.0,0.0
002074,Alexander Smith,SSDM,Defensive Midfield,last_5,1,2024-09-02,2024-09-02,WHP,OUT,0.0,0.0,0.0,0.0,0.0,0.0,0.0,0,0.0,0.0,0.0,0.0,0.0,0.0,0.0,1.0,0.0,0,0,0,0.0,0.0,0.0,0.0,0.0,10.0,9.0,,,,,,,,,0.0,0.0,0.0,0.0,0.0,0.0,0.0,0.0,0.0,0.0,0.0,0.0,0.0,0.0,0.0,1.0,0.0,0.0,0.0,0.0,0.0,0.0,0.0,0.0,0.0,10.0,9.0,0.0
003004,Mike Sisselberger,FO,Faceoff,last_5,5,2023-09-10,2026-09-07,CHA|OUT|RED|WAT|WHP,ARC,1.0,1.0,1.0,0.0,1.0,0.0,3.0,1,0.0,0.0,0.0,0.0,0.0,0.0,27.0,11.0,1.0,48,48,99,0.0,0.0,0.0,0.0,0.0,25.0,11.0,0.3333333333333333,0.3333333333333333,0.48484848484848486,,,,,,0.2,0.2,0.2,0.0,0.2,0.0,0.6,0.2,0.0,0.0,0.0,0.0,0.0,0.0,5.4,2.2,0.2,9.6,9.6,19.8,0.0,0.0,0.0,0.0,0.0,5.0,2.2,0.0
003005,Connor Maher,SSDM,Defensive Midfield,last_5,5,2023-09-10,2026-09-07,CHA|OUT|RED|WAT|WHP,ARC,0.0,0.0,0.0,0.0,0.0,0.0,1.0,0,0.0,0.0,0.0,0.0,0.0,0.0,5.0,0.0,0.0,0,1,1,0.0,0.0,0.0,0.0,0.0,31.0,30.0,0.0,0.0,0.0,,,,,,0.0,0.0,0.0,0.0,0.0,0.0,0.2,0.0,0.0,0.0,0.0,0.0,0.0,0.0,1.0,0.0,0.0,0.0,0.2,0.2,0.0,0.0,0.0,0.0,0.0,6.2,6.0,0.0
003006,Piper Bond,SSDM,Defensive Midfield,last_5,5,2023-09-10,2026-09-07,CHA|OUT|RED|WAT|WHP,ARC,0.0,0.0,0.0,0.0,0.0,0.0,2.0,2,1.0,0.0,0.0,0.0,0.0,0.0,7.0,1.0,3.0,0,1,1,0.0,0.0,1.0,0.5,0.0,64.0,61.0,0.0,1.0,0.0,,,,,0.0,0.0,0.0,0.0,0.0,0.0,0.0,0.4,0.4,0.2,0.0,0.0,0.0,0.0,0.0,1.4,0.2,0.6,0.0,0.2,0.2,0.0,0.0,0.2,0.1,0.0,12.8,12.2,0.0
003007,Cam Wyers,D,Defense,last_5,4,2023-09-10,2026-09-07,OUT|RED|WAT|WHP,ARC,0.0,0.0,0.0,0.0,0.0,0.0,1.0,0,1.0,0.0,0.0,0.0,0.0,0.0,4.0,1.0,2.0,0,1,1,0.0,0.0,0.0,0.0,0.0,7.0,5.0,0.0,0.0,0.0,,,,,0.0,0.0,0.0,0.0,0.0,0.0,0.0,0.25,0.0,0.25,0.0,0.0,0.0,0.0,0.0,1.0,0.25,0.5,0.0,0.25,0.25,0.0,0.0,0.0,0.0,0.0,1.75,1.25,0.0
003008,Gavin Adler,D,Defense,last_5,5,2024-09-07,2026-09-20,CAN|OUT|WAT|WHP,ATL|WAT,1.0,0.0,0.0,0.0,0.0,1.0,0.0,0,0.0,0.0,0.0,0.0,0.0,0.0,6.0,0.0,4.0,0,0,0,0.0,0.0,1.0,0.5,1.0,29.0,29.0,,,,,,,1.0,,0.2,0.0,0.0,0.0,0.0,0.2,0.0,0.0,0.0,0.0,0.0,0.0,0.0,0.0,1.2,0.0,0.8,0.0,0.0,0.0,0.0,0.0,0.2,0.1,0.2,5.8,5.8,0.2
003009,Brett Makar,D,Defense,last_5,4,2023-09-04,2025-09-14,CAN|OUT|WAT|WHP,ATL,1.0,0.0,0.0,0.0,0.0,1.0,4.0,1,3.0,0.0,0.0,0.0,0.0,0.0,13.0,2.0,6.0,0,0,0,0.0,0.0,0.0,0.0,1.0,28.0,22.0,0.0,0.25,,,,,1.0,0.0,0.25,0.0,0.0,0.0,0.0,0.25,1.0,0.25,0.75,0.0,0.0,0.0,0.0,0.0,3.25,0.5,1.5,0.0,0.0,0.0,0.0,0.0,0.0,0.0,0.25,7.0,5.5,0.25
003010,Xander Dickson,A,Attack,last_5,4,2023-09-04,2025-09-14,CAN|OUT|WAT|WHP,ATL,10.0,10.0,10.0,0.0,10.0,0.0,20.0,13,0.0,0.0,0.0,0.0,0.0,0.0,10.0,7.0,4.0,0,0,0,0.0,0.0,1.0,0.5,2.0,61.0,34.0,0.5,0.65,,,,,0.0,,2.5,2.5,2.5,0.0,2.5,0.0,5.0,3.25,0.0,0.0,0.0,0.0,0.0,0.0,2.5,1.75,1.0,0.0,0.0,0.0,0.0,0.0,0.25,0.125,0.5,15.25,8.5,0.5
003011,Payton Rezanka,SSDM,Defensive Midfield,last_5,1,2024-09-07,2024-09-07,WHP,ATL,0.0,0.0,0.0,0.0,0.0,0.0,0.0,0,0.0,0.0,0.0,0.0,0.0,0.0,1.0,0.0,0.0,0,0,0,0.0,0.0,0.0,0.0,0.0,4.0,4.0,,,,,,,,,0.0,0.0,0.0,0.0,0.0,0.0,0.0,0.0,0.0,0.0,0.0,0.0,0.0,0.0,1.0,0.0,0.0,0.0,0.0,0.0,0.0,0.0,0.0,0.0,0.0,4.0,4.0,0.0
003013,Matt Campbell,M,Midfield,last_5,5,2023-09-04,2026-09-07,ATL|CHA|WAT|WHP,CAN,3.0,2.0,2.0,0.0,2.0,1.0,23.0,17,3.0,0.0,0.0,0.0,0.0,0.0,2.0,8.0,1.0,0,0,0,0.0,0.0,0.0,0.0,8.0,123.0,92.0,0.08695652173913043,0.7391304347826086,,,,,0.125,0.0,0.6,0.4,0.4,0.0,0.4,0.2,4.6,3.4,0.6,0.0,0.0,0.0,0.0,0.0,0.4,1.6,0.2,0.0,0.0,0.0,0.0,0.0,0.0,0.0,1.6,24.6,18.4,1.6
003015,Will Bowen,D,Defense,last_5,3,2023-09-04,2024-09-07,ARC|CAN|RED,CHA,0.0,0.0,0.0,0.0,0.0,0.0,0.0,0,0.0,0.0,0.0,0.0,0.0,0.0,3.0,0.0,1.0,0,0,0,0.0,0.0,0.0,0.0,0.0,19.0,19.0,,,,,,,,,0.0,0.0,0.0,0.0,0.0,0.0,0.0,0.0,0.0,0.0,0.0,0.0,0.0,0.0,1.0,0.0,0.3333333333333333,0.0,0.0,0.0,0.0,0.0,0.0,0.0,0.0,6.333333333333333,6.333333333333333,0.0
003016,Brian Minicus,M,Midfield,last_5,3,2023-09-04,2024-09-07,ARC|CAN|RED,CHA,3.0,1.0,1.0,0.0,1.0,2.0,10.0,5,0.0,0.0,0.0,0.0,0.0,0.0,0.0,3.0,0.0,0,0,0,0.0,0.0,0.0,0.0,6.0,52.0,39.0,0.1,0.5,,,,,0.3333333333333333,,1.0,0.3333333333333333,0.3333333333333333,0.0,0.3333333333333333,0.6666666666666666,3.3333333333333335,1.6666666666666667,0.0,0.0,0.0,0.0,0.0,0.0,0.0,1.0,0.0,0.0,0.0,0.0,0.0,0.0,0.0,0.0,2.0,17.333333333333332,13.0,2.0
003017,Tye Kurtz,A,Attack,last_5,2,2024-09-02,2024-09-07,ARC|CAN,CHA,4.0,2.0,2.0,0.0,2.0,2.0,8.0,6,1.0,0.0,0.0,0.0,0.0,0.0,3.0,0.0,0.0,0,0,0,0.0,0.0,0.0,0.0,4.0,49.0,41.0,0.25,0.75,,,,,0.5,0.0,2.0,1.0,1.0,0.0,1.0,1.0,4.0,3.0,0.5,0.0,0.0,0.0,0.0,0.0,1.5,0.0,0.0,0.0,0.0,0.0,0.0,0.0,0.0,0.0,2.0,24.5,20.5,2.0
003018,Nick Rowlett,FO,Faceoff,last_5,2,2023-09-04,2024-09-07,ARC|RED,CHA,0.0,0.0,0.0,0.0,0.0,0.0,3.0,0,1.0,0.0,0.0,0.0,0.0,0.0,12.0,0.0,1.0,21,17,39,0.0,0.0,0.0,0.0,0.0,13.0,10.0,0.0,0.0,0.5384615384615384,,,,,0.0,0.0,0.0,0.0,0.0,0.0,0.0,1.5,0.0,0.5,0.0,0.0,0.0,0.0,0.0,6.0,0.0,0.5,10.5,8.5,19.5,0.0,0.0,0.0,0.0,0.0,6.5,5.0,0.0
003019,Sam Handley,M,Midfield,last_5,1,2024-09-02,2024-09-02,WHP,OUT,4.0,2.0,0.0,1.0,1.0,2.0,4.0,3,2.0,0.0,0.0,0.0,0.0,0.0,0.0,0.0,0.0,0,0,0,0.0,0.0,0.0,0.0,4.0,17.0,13.0,0.25,0.75,,,,,0.5,0.5,4.0,2.0,0.0,1.0,1.0,2.0,4.0,3.0,2.0,0.0,0.0,0.0,0.0,0.0,0.0,0.0,0.0,0.0,0.0,0.0,0.0,0.0,0.0,0.0,4.0,17.0,13.0,4.0
003022,Cross Ferrara,M,Midfield,last_5,1,2024-09-02,2024-09-02,WHP,OUT,2.0,1.0,1.0,0.0,1.0,1.0,2.0,1,0.0,0.0,0.0,0.0,0.0,0.0,0.0,0.0,0.0,0,0,0,0.0,0.0,0.0,0.0,1.0,10.0,8.0,0.5,0.5,,,,,1.0,,2.0,1.0,1.0,0.0,1.0,1.0,2.0,1.0,0.0,0.0,0.0,0.0,0.0,0.0,0.0,0.0,0.0,0.0,0.0,0.0,0.0,0.0,0.0,0.0,1.0,10.0,8.0,1.0
003023,Owen Grant,D,Defense,last_5,4,2023-09-04,2026-09-07,ARC|CHA|WAT|WHP,CAN|RED,1.0,1.0,1.0,0.0,1.0,0.0,6.0,4,2.0,0.0,0.0,0.0,0.0,0.0,7.0,1.0,3.0,0,1,1,0.0,0.0,0.0,0.0,0.0,22.0,15.0,0.16666666666666666,0.6666666666666666,0.0,,,,,0.0,0.25,0.25,0.25,0.0,0.25,0.0,1.5,1.0,0.5,0.0,0.0,0.0,0.0,0.0,1.75,0.25,0.75,0.0,0.25,0.25,0.0,0.0,0.0,0.0,0.0,5.5,3.75,0.0
003024,Brian Tevlin,SSDM,Defensive Midfield,last_5,5,2023-09-04,2026-08-29,ARC|CHA|OUT,RED,1.0,1.0,1.0,0.0,1.0,0.0,6.0,5,3.0,0.0,0.0,0.0,0.0,0.0,12.0,2.0,2.0,0,2,2,0.0,0.0,2.0,1.0,0.0,53.0,45.0,0.16666666666666666,0.8333333333333334,0.0,,,,,0.0,0.2,0.2,0.2,0.0,0.2,0.0,1.2,1.0,0.6,0.0,0.0,0.0,0.0,0.0,2.4,0.4,0.4,0.0,0.4,0.4,0.0,0.0,0.4,0.2,0.0,10.6,9.0,0.0
003025,Cole Kirst,M,Midfield,last_5,2,2023-09-04,2023-09-10,ARC|CHA,RED,2.0,2.0,0.0,1.0,1.0,0.0,11.0,6,2.0,0.0,0.0,0.0,0.0,0.0,1.0,3.0,0.0,0,0,0,0.0,0.0,0.0,0.0,1.0,44.0,30.0,0.09090909090909091,0.5454545454545454,,,,,0.0,0.5,1.0,1.0,0.0,0.5,0.5,0.0,5.5,3.0,1.0,0.0,0.0,0.0,0.0,0.0,0.5,1.5,0.0,0.0,0.0,0.0,0.0,0.0,0.0,0.0,0.5,22.0,15.0,0.5
003027,Thomas McConvey,M,Midfield,last_5,3,2023-09-04,2025-09-01,ATL|WHP,WAT,0.0,0.0,0.0,0.0,0.0,0.0,6.0,4,0.0,0.0,0.0,0.0,0.0,0.0,3.0,1.0,1.0,0,0,0,0.0,0.0,0.0,0.0,3.0,32.0,25.0,0.0,0.6666666666666666,,,,,0.0,,0.0,0.0,0.0,0.0,0.0,0.0,2.0,1.3333333333333333,0.0,0.0,0.0,0.0,0.0,0.0,1.0,0.3333333333333333,0.3333333333333333,0.0,0.0,0.0,0.0,0.0,0.0,0.0,1.0,10.666666666666666,8.333333333333334,1.0
003028,Alex Mazzone,LSM,Long Stick Midfield,last_5,3,2024-09-02,2024-09-15,ARC|ATL|OUT,WHP,0.0,0.0,0.0,0.0,0.0,0.0,0.0,0,0.0,0.0,0.0,0.0,0.0,0.0,2.0,1.0,1.0,0,0,0,0.0,0.0,0.0,0.0,0.0,7.0,6.0,,,,,,,,,0.0,0.0,0.0,0.0,0.0,0.0,0.0,0.0,0.0,0.0,0.0,0.0,0.0,0.0,0.6666666666666666,0.3333333333333333,0.3333333333333333,0.0,0.0,0.0,0.0,0.0,0.0,0.0,0.0,2.3333333333333335,2.0,0.0
003029,Chris Fake,D,Defense,last_5,3,2025-08-24,2026-08-29,CHA|OUT,RED,2.0,2.0,0.0,1.0,1.0,0.0,1.0,1,1.0,0.0,0.0,0.0,0.0,0.0,5.0,3.0,2.0,0,0,0,0.0,0.0,0.0,0.0,1.0,25.0,21.0,1.0,1.0,,,,,0.0,1.0,0.6666666666666666,0.6666666666666666,0.0,0.3333333333333333,0.3333333333333333,0.0,0.3333333333333333,0.3333333333333333,0.3333333333333333,0.0,0.0,0.0,0.0,0.0,1.6666666666666667,1.0,0.6666666666666666,0.0,0.0,0.0,0.0,0.0,0.0,0.0,0.3333333333333333,8.333333333333334,7.0,0.3333333333333333
003030,James Reilly,FO,Faceoff,last_5,1,2024-09-02,2024-09-02,CAN,CHA,0.0,0.0,0.0,0.0,0.0,0.0,0.0,0,0.0,0.0,0.0,0.0,0.0,0.0,2.0,0.0,1.0,7,8,15,0.0,0.0,0.0,0.0,0.0,0.0,0.0,,,0.4666666666666667,,,,,,0.0,0.0,0.0,0.0,0.0,0.0,0.0,0.0,0.0,0.0,0.0,0.0,0.0,0.0,2.0,0.0,1.0,7.0,8.0,15.0,0.0,0.0,0.0,0.0,0.0,0.0,0.0,0.0
003031,Tucker Dordevic,M,Midfield,last_5,1,2023-09-04,2023-09-04,WAT,WHP,3.0,3.0,3.0,0.0,3.0,0.0,9.0,9,1.0,0.0,0.0,0.0,0.0,0.0,2.0,0.0,0.0,0,0,0,0.0,0.0,0.0,0.0,0.0,24.0,15.0,0.3333333333333333,1.0,,,,,,0.0,3.0,3.0,3.0,0.0,3.0,0.0,9.0,9.0,1.0,0.0,0.0,0.0,0.0,0.0,2.0,0.0,0.0,0.0,0.0,0.0,0.0,0.0,0.0,0.0,0.0,24.0,15.0,0.0
003032,Petey LaSalla,FO,Faceoff,last_5,1,2023-09-04,2023-09-04,WAT,WHP,0.0,0.0,0.0,0.0,0.0,0.0,0.0,0,0.0,0.0,0.0,0.0,0.0,0.0,16.0,0.0,0.0,20,8,29,0.0,0.0,0.0,0.0,0.0,13.0,13.0,,,0.6896551724137931,,,,,,0.0,0.0,0.0,0.0,0.0,0.0,0.0,0.0,0.0,0.0,0.0,0.0,0.0,0.0,16.0,0.0,0.0,20.0,8.0,29.0,0.0,0.0,0.0,0.0,0.0,13.0,13.0,0.0
003039,Chet Comizio,SSDM,Defensive Midfield,last_5,4,2023-09-04,2025-09-14,CAN|OUT|WAT|WHP,ATL,0.0,0.0,0.0,0.0,0.0,0.0,3.0,1,1.0,0.0,0.0,0.0,0.0,0.0,6.0,0.0,2.0,0,0,0,0.0,0.0,1.0,0.5,0.0,18.0,15.0,0.0,0.3333333333333333,,,,,,0.0,0.0,0.0,0.0,0.0,0.0,0.0,0.75,0.25,0.25,0.0,0.0,0.0,0.0,0.0,1.5,0.0,0.5,0.0,0.0,0.0,0.0,0.0,0.25,0.125,0.0,4.5,3.75,0.0
003041,Ethan Rall,LSM,Long Stick Midfield,last_5,5,2023-09-04,2026-09-07,ATL|CHA|WAT|WHP,CAN,2.0,2.0,2.0,0.0,2.0,0.0,3.0,3,0.0,0.0,0.0,0.0,0.0,0.0,18.0,1.0,7.0,4,17,22,0.0,0.0,0.0,0.0,0.0,27.0,23.0,0.6666666666666666,1.0,0.18181818181818182,,,,,,0.4,0.4,0.4,0.0,0.4,0.0,0.6,0.6,0.0,0.0,0.0,0.0,0.0,0.0,3.6,0.2,1.4,0.8,3.4,4.4,0.0,0.0,0.0,0.0,0.0,5.4,4.6,0.0
003048,TJ Malone,A,Attack,last_5,5,2024-09-02,2026-08-30,ARC|ATL|CAN|OUT|WAT,WHP,15.0,6.0,6.0,0.0,6.0,9.0,30.0,17,3.0,0.0,0.0,0.0,0.0,0.0,14.0,14.0,1.0,0,0,0,0.0,0.0,1.0,0.5,20.0,139.0,95.0,0.2,0.5666666666666667,,,,,0.45,0.0,3.0,1.2,1.2,0.0,1.2,1.8,6.0,3.4,0.6,0.0,0.0,0.0,0.0,0.0,2.8,2.8,0.2,0.0,0.0,0.0,0.0,0.0,0.2,0.1,4.0,27.8,19.0,4.0
003049,John Geppert,LSM,Long Stick Midfield,last_5,1,2023-09-04,2023-09-04,CAN,ATL,0.0,0.0,0.0,0.0,0.0,0.0,0.0,0,0.0,0.0,0.0,0.0,0.0,0.0,0.0,0.0,0.0,0,0,0,0.0,0.0,0.0,0.0,0.0,3.0,3.0,,,,,,,,,0.0,0.0,0.0,0.0,0.0,0.0,0.0,0.0,0.0,0.0,0.0,0.0,0.0,0.0,0.0,0.0,0.0,0.0,0.0,0.0,0.0,0.0,0.0,0.0,0.0,3.0,3.0,0.0
003059,BJ Farrare,SSDM,Defensive Midfield,last_5,3,2025-08-24,2026-08-29,CHA|OUT,RED,1.0,0.0,0.0,0.0,0.0,1.0,1.0,0,0.0,0.0,0.0,0.0,0.0,0.0,4.0,1.0,0.0,0,0,0,0.0,0.0,1.0,0.5,2.0,16.0,14.0,0.0,0.0,,,,,0.5,,0.3333333333333333,0.0,0.0,0.0,0.0,0.3333333333333333,0.3333333333333333,0.0,0.0,0.0,0.0,0.0,0.0,0.0,1.3333333333333333,0.3333333333333333,0.0,0.0,0.0,0.0,0.0,0.0,0.3333333333333333,0.16666666666666666,0.6666666666666666,5.333333333333333,4.666666666666667,0.6666666666666666
003075,Brennan O'Neill,A,Attack,last_5,5,2025-09-01,2026-09-20,ARC|ATL|RED|WAT,OUT,17.0,15.0,13.0,1.0,14.0,2.0,50.0,28,11.0,0.0,0.0,0.0,0.0,0.0,7.0,13.0,0.0,0,0,0,0.0,0.0,0.0,0.0,9.0,160.0,97.0,0.28,0.56,,,,,0.2222222222222222,0.09090909090909091,3.4,3.0,2.6,0.2,2.8,0.4,10.0,5.6,2.2,0.0,0.0,0.0,0.0,0.0,1.4,2.6,0.0,0.0,0.0,0.0,0.0,0.0,0.0,0.0,1.8,32.0,19.4,1.8
003076,Connor Shellenberger,A,Attack,last_5,3,2024-09-07,2025-09-14,OUT|WAT|WHP,ATL,11.0,4.0,4.0,0.0,4.0,7.0,14.0,11,0.0,0.0,0.0,0.0,0.0,0.0,6.0,4.0,0.0,0,0,0,0.0,0.0,0.0,0.0,17.0,93.0,75.0,0.2857142857142857,0.7857142857142857,,,,,0.4117647058823529,,3.6666666666666665,1.3333333333333333,1.3333333333333333,0.0,1.3333333333333333,2.3333333333333335,4.666666666666667,3.6666666666666665,0.0,0.0,0.0,0.0,0.0,0.0,2.0,1.3333333333333333,0.0,0.0,0.0,0.0,0.0,0.0,0.0,0.0,5.666666666666667,31.0,25.0,5.666666666666667
003077,Ajax Zappitello,D,Defense,last_5,5,2024-09-02,2026-08-30,ARC|ATL|CAN|OUT|WAT,WHP,1.0,1.0,1.0,0.0,1.0,0.0,3.0,1,0.0,0.0,0.0,0.0,0.0,0.0,19.0,1.0,6.0,0,0,0,0.0,0.0,0.0,0.0,0.0,48.0,44.0,0.3333333333333333,0.3333333333333333,,,,,,,0.2,0.2,0.2,0.0,0.2,0.0,0.6,0.2,0.0,0.0,0.0,0.0,0.0,0.0,3.8,0.2,1.2,0.0,0.0,0.0,0.0,0.0,0.0,0.0,0.0,9.6,8.8,0.0
003078,Shane Knobloch,M,Midfield,last_5,3,2024-09-02,2025-08-24,ARC|CAN|RED,CHA,3.0,3.0,3.0,0.0,3.0,0.0,19.0,13,1.0,0.0,0.0,0.0,0.0,0.0,3.0,4.0,0.0,0,0,0,0.0,0.0,0.0,0.0,2.0,62.0,39.0,0.15789473684210525,0.6842105263157895,,,,,0.0,0.0,1.0,1.0,1.0,0.0,1.0,0.0,6.333333333333333,4.333333333333333,0.3333333333333333,0.0,0.0,0.0,0.0,0.0,1.0,1.3333333333333333,0.0,0.0,0.0,0.0,0.0,0.0,0.0,0.0,0.6666666666666666,20.666666666666668,13.0,0.6666666666666666
003079,Liam Entenmann,G,Goalie,last_5,3,2024-09-07,2025-09-14,OUT|WAT|WHP,ATL,0.0,0.0,0.0,0.0,0.0,0.0,0.0,0,0.0,42.0,15.0,27.0,36.0,34.45372050816697,7.0,0.0,1.0,0,0,0,33.0,3.0,0.0,0.0,1.0,65.0,65.0,,,,0.56,35.714285714285715,0.2,0.0,,0.0,0.0,0.0,0.0,0.0,0.0,0.0,0.0,0.0,14.0,5.0,9.0,12.0,11.484573502722322,2.3333333333333335,0.0,0.3333333333333333,0.0,0.0,0.0,11.0,1.0,0.0,0.0,0.3333333333333333,21.666666666666668,21.666666666666668,0.3333333333333333
003080,Pat Kavanagh,A,Attack,last_5,5,2025-09-01,2026-09-20,ARC|ATL|RED|WAT,OUT,18.0,8.0,6.0,1.0,7.0,10.0,23.0,16,4.0,0.0,0.0,0.0,0.0,0.0,9.0,10.0,0.0,0,0,0,0.0,0.0,2.0,1.0,25.0,159.0,126.0,0.30434782608695654,0.6956521739130435,,,,,0.4,0.25,3.6,1.6,1.2,0.2,1.4,2.0,4.6,3.2,0.8,0.0,0.0,0.0,0.0,0.0,1.8,2.0,0.0,0.0,0.0,0.0,0.0,0.0,0.4,0.2,5.0,31.8,25.2,5.0
003081,Matt Brandau,M,Midfield,last_5,2,2025-08-23,2026-08-30,CAN|WAT,WHP,2.0,2.0,2.0,0.0,2.0,0.0,12.0,9,0.0,0.0,0.0,0.0,0.0,0.0,4.0,3.0,0.0,0,0,0,0.0,0.0,0.0,0.0,0.0,49.0,34.0,0.16666666666666666,0.75,,,,,,,1.0,1.0,1.0,0.0,1.0,0.0,6.0,4.5,0.0,0.0,0.0,0.0,0.0,0.0,2.0,1.5,0.0,0.0,0.0,0.0,0.0,0.0,0.0,0.0,0.0,24.5,17.0,0.0
003082,Mason Woodward,D,Defense,last_5,3,2024-09-07,2026-09-07,CHA|OUT|WHP,ARC,2.0,2.0,0.0,1.0,1.0,0.0,4.0,2,4.0,0.0,0.0,0.0,0.0,0.0,13.0,0.0,4.0,0,0,0,0.0,0.0,0.0,0.0,3.0,36.0,32.0,0.25,0.5,,,,,0.0,0.25,0.6666666666666666,0.6666666666666666,0.0,0.3333333333333333,0.3333333333333333,0.0,1.3333333333333333,0.6666666666666666,1.3333333333333333,0.0,0.0,0.0,0.0,0.0,4.333333333333333,0.0,1.3333333333333333,0.0,0.0,0.0,0.0,0.0,0.0,0.0,1.0,12.0,10.666666666666666,1.0
003083,Jake Piseno,LSM,Long Stick Midfield,last_5,5,2025-09-01,2026-09-20,ARC|ATL|RED|WAT,OUT,2.0,2.0,0.0,1.0,1.0,0.0,2.0,1,2.0,0.0,0.0,0.0,0.0,0.0,11.0,1.0,4.0,0,0,0,0.0,0.0,0.0,0.0,2.0,30.0,27.0,0.5,0.5,,,,,0.0,0.5,0.4,0.4,0.0,0.2,0.2,0.0,0.4,0.2,0.4,0.0,0.0,0.0,0.0,0.0,2.2,0.2,0.8,0.0,0.0,0.0,0.0,0.0,0.0,0.0,0.4,6.0,5.4,0.4
003084,Jake Stevens,M,Midfield,last_5,3,2024-09-07,2025-09-14,OUT|WAT|WHP,ATL,1.0,1.0,1.0,0.0,1.0,0.0,6.0,4,0.0,0.0,0.0,0.0,0.0,0.0,2.0,5.0,0.0,0,0,0,0.0,0.0,0.0,0.0,1.0,38.0,27.0,0.16666666666666666,0.6666666666666666,,,,,0.0,,0.3333333333333333,0.3333333333333333,0.3333333333333333,0.0,0.3333333333333333,0.0,2.0,1.3333333333333333,0.0,0.0,0.0,0.0,0.0,0.0,0.6666666666666666,1.6666666666666667,0.0,0.0,0.0,0.0,0.0,0.0,0.0,0.0,0.3333333333333333,12.666666666666666,9.0,0.3333333333333333
003085,Graham Bundy,M,Midfield,last_5,5,2025-09-01,2026-09-20,ARC|ATL|RED|WAT,OUT,5.0,4.0,2.0,1.0,3.0,1.0,21.0,12,9.0,0.0,0.0,0.0,0.0,0.0,1.0,1.0,1.0,0,0,0,0.0,0.0,0.0,0.0,1.0,108.0,86.0,0.14285714285714285,0.5714285714285714,,,,,1.0,0.1111111111111111,1.0,0.8,0.4,0.2,0.6,0.2,4.2,2.4,1.8,0.0,0.0,0.0,0.0,0.0,0.2,0.2,0.2,0.0,0.0,0.0,0.0,0.0,0.0,0.0,0.2,21.6,17.2,0.2
003087,Beau Pederson,SSDM,Defensive Midfield,last_5,3,2024-09-07,2026-09-07,CHA|OUT|WHP,ARC,2.0,1.0,1.0,0.0,1.0,1.0,1.0,1,0.0,0.0,0.0,0.0,0.0,0.0,6.0,1.0,1.0,0,2,2,0.0,0.0,2.0,1.0,2.0,25.0,23.0,1.0,1.0,0.0,,,,0.5,,0.6666666666666666,0.3333333333333333,0.3333333333333333,0.0,0.3333333333333333,0.3333333333333333,0.3333333333333333,0.3333333333333333,0.0,0.0,0.0,0.0,0.0,0.0,2.0,0.3333333333333333,0.3333333333333333,0.0,0.6666666666666666,0.6666666666666666,0.0,0.0,0.6666666666666666,0.3333333333333333,0.6666666666666666,8.333333333333334,7.666666666666667,0.6666666666666666
003088,Alexander Vardaro,M,Midfield,last_5,1,2024-09-02,2024-09-02,CHA,CAN,1.0,1.0,1.0,0.0,1.0,0.0,2.0,1,0.0,0.0,0.0,0.0,0.0,0.0,1.0,0.0,0.0,0,0,0,0.0,0.0,0.0,0.0,1.0,16.0,14.0,0.5,0.5,,,,,0.0,,1.0,1.0,1.0,0.0,1.0,0.0,2.0,1.0,0.0,0.0,0.0,0.0,0.0,0.0,1.0,0.0,0.0,0.0,0.0,0.0,0.0,0.0,0.0,0.0,1.0,16.0,14.0,1.0
003089,Kenny Brower,D,Defense,last_5,4,2025-08-23,2026-09-20,ATL|CAN|OUT|WHP,WAT,0.0,0.0,0.0,0.0,0.0,0.0,0.0,0,0.0,0.0,0.0,0.0,0.0,0.0,5.0,0.0,4.0,0,0,0,0.0,0.0,2.0,2.0,0.0,17.0,17.0,,,,,,,,,0.0,0.0,0.0,0.0,0.0,0.0,0.0,0.0,0.0,0.0,0.0,0.0,0.0,0.0,1.25,0.0,1.0,0.0,0.0,0.0,0.0,0.0,0.5,0.5,0.0,4.25,4.25,0.0
003090,Dyson Williams,M,Midfield,last_5,2,2024-09-07,2024-09-15,CHA|WHP,ARC,3.0,3.0,3.0,0.0,3.0,0.0,4.0,3,0.0,0.0,0.0,0.0,0.0,0.0,1.0,0.0,0.0,0,0,0,0.0,0.0,0.0,0.0,0.0,8.0,4.0,0.75,0.75,,,,,,,1.5,1.5,1.5,0.0,1.5,0.0,2.0,1.5,0.0,0.0,0.0,0.0,0.0,0.0,0.5,0.0,0.0,0.0,0.0,0.0,0.0,0.0,0.0,0.0,0.0,4.0,2.0,0.0
003092,Josh Zawada,A,Attack,last_5,2,2024-09-02,2025-08-24,RED|WHP,CHA|OUT,0.0,0.0,0.0,0.0,0.0,0.0,5.0,3,0.0,0.0,0.0,0.0,0.0,0.0,1.0,4.0,0.0,0,0,0,0.0,0.0,0.0,0.0,4.0,60.0,51.0,0.0,0.6,,,,,0.0,,0.0,0.0,0.0,0.0,0.0,0.0,2.5,1.5,0.0,0.0,0.0,0.0,0.0,0.0,0.5,2.0,0.0,0.0,0.0,0.0,0.0,0.0,0.0,0.0,2.0,30.0,25.5,2.0
003093,Ross Scott,A,Attack,last_5,3,2024-09-02,2025-08-24,ARC|CAN|RED,CHA,1.0,1.0,1.0,0.0,1.0,0.0,12.0,5,0.0,0.0,0.0,0.0,0.0,0.0,2.0,3.0,0.0,0,0,0,0.0,0.0,0.0,0.0,6.0,70.0,55.0,0.08333333333333333,0.4166666666666667,,,,,0.0,,0.3333333333333333,0.3333333333333333,0.3333333333333333,0.0,0.3333333333333333,0.0,4.0,1.6666666666666667,0.0,0.0,0.0,0.0,0.0,0.0,0.6666666666666666,1.0,0.0,0.0,0.0,0.0,0.0,0.0,0.0,0.0,2.0,23.333333333333332,18.333333333333332,2.0
003094,Levi Anderson,M,Midfield,last_5,4,2024-09-02,2025-08-23,ARC|ATL|OUT|WAT,WHP,4.0,4.0,4.0,0.0,4.0,0.0,14.0,6,1.0,0.0,0.0,0.0,0.0,0.0,0.0,4.0,1.0,0,0,0,0.0,0.0,0.0,0.0,2.0,40.0,22.0,0.2857142857142857,0.42857142857142855,,,,,0.0,0.0,1.0,1.0,1.0,0.0,1.0,0.0,3.5,1.5,0.25,0.0,0.0,0.0,0.0,0.0,0.0,1.0,0.25,0.0,0.0,0.0,0.0,0.0,0.0,0.0,0.5,10.0,5.5,0.5
003096,Marcus Hudgins,D,Defense,last_5,4,2025-08-23,2026-09-20,ATL|CAN|OUT|WHP,WAT,0.0,0.0,0.0,0.0,0.0,0.0,1.0,0,0.0,0.0,0.0,0.0,0.0,0.0,9.0,2.0,3.0,0,0,0,0.0,0.0,1.0,1.0,0.0,15.0,12.0,0.0,0.0,,,,,,,0.0,0.0,0.0,0.0,0.0,0.0,0.25,0.0,0.0,0.0,0.0,0.0,0.0,0.0,2.25,0.5,0.75,0.0,0.0,0.0,0.0,0.0,0.25,0.25,0.0,3.75,3.0,0.0
003097,Colby Barsz,D,Defense,last_5,1,2024-09-07,2024-09-07,CHA,ARC,0.0,0.0,0.0,0.0,0.0,0.0,1.0,0,0.0,0.0,0.0,0.0,0.0,0.0,0.0,1.0,0.0,0,0,0,0.0,0.0,0.0,0.0,0.0,3.0,1.0,0.0,0.0,,,,,,,0.0,0.0,0.0,0.0,0.0,0.0,1.0,0.0,0.0,0.0,0.0,0.0,0.0,0.0,0.0,1.0,0.0,0.0,0.0,0.0,0.0,0.0,0.0,0.0,0.0,3.0,1.0,0.0
003098,Luke Wierman,FO,Faceoff,last_5,5,2025-09-01,2026-09-20,ARC|ATL|RED|WAT,OUT,2.0,2.0,2.0,0.0,2.0,0.0,12.0,5,5.0,0.0,0.0,0.0,0.0,0.0,32.0,6.0,3.0,53,63,118,0.0,0.0,0.0,0.0,2.0,40.0,22.0,0.16666666666666666,0.4166666666666667,0.4491525423728814,,,,0.0,0.0,0.4,0.4,0.4,0.0,0.4,0.0,2.4,1.0,1.0,0.0,0.0,0.0,0.0,0.0,6.4,1.2,0.6,10.6,12.6,23.6,0.0,0.0,0.0,0.0,0.4,8.0,4.4,0.4
003099,Tyler Carpenter,LSM,Long Stick Midfield,last_5,3,2024-09-07,2025-09-14,OUT|WAT|WHP,ATL,0.0,0.0,0.0,0.0,0.0,0.0,0.0,0,0.0,0.0,0.0,0.0,0.0,0.0,7.0,1.0,1.0,0,0,0,0.0,0.0,0.0,0.0,0.0,18.0,17.0,,,,,,,,,0.0,0.0,0.0,0.0,0.0,0.0,0.0,0.0,0.0,0.0,0.0,0.0,0.0,0.0,2.3333333333333335,0.3333333333333333,0.3333333333333333,0.0,0.0,0.0,0.0,0.0,0.0,0.0,0.0,6.0,5.666666666666667,0.0
003100,Adam Poitras,M,Midfield,last_5,5,2024-09-02,2026-08-30,ARC|ATL|CAN|OUT|WAT,WHP,7.0,5.0,5.0,0.0,5.0,2.0,23.0,10,1.0,0.0,0.0,0.0,0.0,0.0,14.0,3.0,0.0,0,0,0,0.0,0.0,0.0,0.0,9.0,112.0,86.0,0.21739130434782608,0.43478260869565216,,,,,0.2222222222222222,0.0,1.4,1.0,1.0,0.0,1.0,0.4,4.6,2.0,0.2,0.0,0.0,0.0,0.0,0.0,2.8,0.6,0.0,0.0,0.0,0.0,0.0,0.0,0.0,0.0,1.8,22.4,17.2,1.8
003101,Dylan Hess,SSDM,Defensive Midfield,last_5,2,2025-08-23,2025-09-01,ATL|WHP,WAT,1.0,0.0,0.0,0.0,0.0,1.0,1.0,1,1.0,0.0,0.0,0.0,0.0,0.0,4.0,1.0,1.0,0,0,0,0.0,0.0,2.0,2.5,1.0,17.0,15.0,0.0,1.0,,,,,1.0,0.0,0.5,0.0,0.0,0.0,0.0,0.5,0.5,0.5,0.5,0.0,0.0,0.0,0.0,0.0,2.0,0.5,0.5,0.0,0.0,0.0,0.0,0.0,1.0,1.25,0.5,8.5,7.5,0.5
003102,Chayse Ierlan,G,Goalie,last_5,2,2025-08-24,2025-09-01,CHA|OUT,RED,0.0,0.0,0.0,0.0,0.0,0.0,0.0,0,0.0,34.0,9.0,25.0,24.0,24.004168113928447,8.0,0.0,0.0,0,0,0,23.0,1.0,0.0,0.0,0.0,37.0,37.0,,,,0.5964912280701754,26.47058823529412,0.15789473684210525,,,0.0,0.0,0.0,0.0,0.0,0.0,0.0,0.0,0.0,17.0,4.5,12.5,12.0,12.002084056964224,4.0,0.0,0.0,0.0,0.0,0.0,11.5,0.5,0.0,0.0,0.0,18.5,18.5,0.0
003103,Scott Smith,D,Defense,last_5,1,2025-08-24,2025-08-24,RED,CHA,0.0,0.0,0.0,0.0,0.0,0.0,1.0,1,0.0,0.0,0.0,0.0,0.0,0.0,3.0,0.0,1.0,0,0,0,0.0,0.0,0.0,0.0,0.0,4.0,3.0,0.0,1.0,,,,,,,0.0,0.0,0.0,0.0,0.0,0.0,1.0,1.0,0.0,0.0,0.0,0.0,0.0,0.0,3.0,0.0,1.0,0.0,0.0,0.0,0.0,0.0,0.0,0.0,0.0,4.0,3.0,0.0
003104,Michael Boehm,A,Attack,last_5,1,2026-08-30,2026-08-30,CAN,WHP,0.0,0.0,0.0,0.0,0.0,0.0,2.0,1,0.0,0.0,0.0,0.0,0.0,0.0,1.0,0.0,1.0,0,0,0,0.0,0.0,2.0,1.5,0.0,21.0,19.0,0.0,0.5,,,,,,,0.0,0.0,0.0,0.0,0.0,0.0,2.0,1.0,0.0,0.0,0.0,0.0,0.0,0.0,1.0,0.0,1.0,0.0,0.0,0.0,0.0,0.0,2.0,1.5,0.0,21.0,19.0,0.0
003105,Cole Kastner,D,Defense,last_5,3,2025-08-24,2026-08-29,CHA|OUT,RED,0.0,0.0,0.0,0.0,0.0,0.0,0.0,0,0.0,0.0,0.0,0.0,0.0,0.0,3.0,1.0,1.0,0,0,0,0.0,0.0,0.0,0.0,1.0,19.0,18.0,,,,,,,0.0,,0.0,0.0,0.0,0.0,0.0,0.0,0.0,0.0,0.0,0.0,0.0,0.0,0.0,0.0,1.0,0.3333333333333333,0.3333333333333333,0.0,0.0,0.0,0.0,0.0,0.0,0.0,0.3333333333333333,6.333333333333333,6.0,0.3333333333333333
003106,Dalton Young,M,Midfield,last_5,5,2025-09-01,2026-09-20,ARC|ATL|RED|WAT,OUT,9.0,7.0,7.0,0.0,7.0,2.0,22.0,13,0.0,0.0,0.0,0.0,0.0,0.0,2.0,4.0,1.0,0,0,0,0.0,0.0,1.0,0.5,7.0,90.0,64.0,0.3181818181818182,0.5909090909090909,,,,,0.2857142857142857,,1.8,1.4,1.4,0.0,1.4,0.4,4.4,2.6,0.0,0.0,0.0,0.0,0.0,0.0,0.4,0.8,0.2,0.0,0.0,0.0,0.0,0.0,0.2,0.1,1.4,18.0,12.8,1.4
003109,Chris Conlin,D,Defense,last_5,3,2025-08-24,2026-08-29,CHA|OUT,RED,0.0,0.0,0.0,0.0,0.0,0.0,0.0,0,0.0,0.0,0.0,0.0,0.0,0.0,6.0,0.0,6.0,0,0,0,0.0,0.0,0.0,0.0,0.0,19.0,19.0,,,,,,,,,0.0,0.0,0.0,0.0,0.0,0.0,0.0,0.0,0.0,0.0,0.0,0.0,0.0,0.0,2.0,0.0,2.0,0.0,0.0,0.0,0.0,0.0,0.0,0.0,0.0,6.333333333333333,6.333333333333333,0.0
003115,Payton Cormier,A,Attack,last_5,1,2024-09-07,2024-09-07,WHP,ATL,0.0,0.0,0.0,0.0,0.0,0.0,3.0,1,0.0,0.0,0.0,0.0,0.0,0.0,0.0,1.0,0.0,0,0,0,0.0,0.0,0.0,0.0,1.0,16.0,12.0,0.0,0.3333333333333333,,,,,0.0,,0.0,0.0,0.0,0.0,0.0,0.0,3.0,1.0,0.0,0.0,0.0,0.0,0.0,0.0,0.0,1.0,0.0,0.0,0.0,0.0,0.0,0.0,0.0,0.0,1.0,16.0,12.0,1.0
003119,Alec Stathakis,FO,Faceoff,last_5,4,2025-08-23,2026-09-20,ATL|CAN|OUT|WHP,WAT,1.0,1.0,1.0,0.0,1.0,0.0,3.0,3,0.0,0.0,0.0,0.0,0.0,0.0,15.0,6.0,1.0,45,51,96,0.0,0.0,0.0,0.0,1.0,19.0,10.0,0.3333333333333333,1.0,0.46875,,,,0.0,,0.25,0.25,0.25,0.0,0.25,0.0,0.75,0.75,0.0,0.0,0.0,0.0,0.0,0.0,3.75,1.5,0.25,11.25,12.75,24.0,0.0,0.0,0.0,0.0,0.25,4.75,2.5,0.25
003120,Jack VanOverbeke,M,Midfield,last_5,2,2024-09-07,2024-09-15,CHA|WHP,ARC,0.0,0.0,0.0,0.0,0.0,0.0,6.0,4,0.0,0.0,0.0,0.0,0.0,0.0,0.0,3.0,0.0,0,0,0,0.0,0.0,0.0,0.0,0.0,22.0,13.0,0.0,0.6666666666666666,,,,,,,0.0,0.0,0.0,0.0,0.0,0.0,3.0,2.0,0.0,0.0,0.0,0.0,0.0,0.0,0.0,1.5,0.0,0.0,0.0,0.0,0.0,0.0,0.0,0.0,0.0,11.0,6.5,0.0
003128,Jack Posey,D,Defense,last_5,3,2024-09-02,2026-08-30,ARC|CAN,CHA|WHP,0.0,0.0,0.0,0.0,0.0,0.0,0.0,0,0.0,0.0,0.0,0.0,0.0,0.0,3.0,1.0,2.0,0,0,0,0.0,0.0,0.0,0.0,0.0,4.0,3.0,,,,,,,,,0.0,0.0,0.0,0.0,0.0,0.0,0.0,0.0,0.0,0.0,0.0,0.0,0.0,0.0,1.0,0.3333333333333333,0.6666666666666666,0.0,0.0,0.0,0.0,0.0,0.0,0.0,0.0,1.3333333333333333,1.0,0.0
003142,Jack Koras,M,Midfield,last_5,1,2024-09-02,2024-09-02,OUT,WHP,0.0,0.0,0.0,0.0,0.0,0.0,0.0,0,0.0,0.0,0.0,0.0,0.0,0.0,4.0,0.0,1.0,0,0,0,0.0,0.0,1.0,0.5,0.0,9.0,9.0,,,,,,,,,0.0,0.0,0.0,0.0,0.0,0.0,0.0,0.0,0.0,0.0,0.0,0.0,0.0,0.0,4.0,0.0,1.0,0.0,0.0,0.0,0.0,0.0,1.0,0.5,0.0,9.0,9.0,0.0
003145,JC Higginbotham,G,Goalie,last_5,2,2026-08-30,2026-09-07,WAT|WHP,CAN,0.0,0.0,0.0,0.0,0.0,0.0,1.0,0,1.0,19.0,8.0,11.0,17.0,20.333333333333332,5.0,0.0,0.0,0,0,0,17.0,0.0,0.0,0.0,0.0,19.0,18.0,0.0,0.0,,0.5277777777777778,42.10526315789473,0.2222222222222222,,0.0,0.0,0.0,0.0,0.0,0.0,0.0,0.5,0.0,0.5,9.5,4.0,5.5,8.5,10.166666666666666,2.5,0.0,0.0,0.0,0.0,0.0,8.5,0.0,0.0,0.0,0.0,9.5,9.0,0.0
003156,Aidan Danenza,M,Midfield,last_5,3,2025-08-24,2026-08-29,CHA|OUT,RED,1.0,1.0,1.0,0.0,1.0,0.0,9.0,6,2.0,0.0,0.0,0.0,0.0,0.0,3.0,5.0,0.0,0,0,0,0.0,0.0,0.0,0.0,4.0,73.0,59.0,0.1111111111111111,0.6666666666666666,,,,,0.0,0.0,0.3333333333333333,0.3333333333333333,0.3333333333333333,0.0,0.3333333333333333,0.0,3.0,2.0,0.6666666666666666,0.0,0.0,0.0,0.0,0.0,1.0,1.6666666666666667,0.0,0.0,0.0,0.0,0.0,0.0,0.0,0.0,1.3333333333333333,24.333333333333332,19.666666666666668,1.3333333333333333
003157,Graydon Hogg,M,Midfield,last_5,2,2026-08-30,2026-09-07,WAT|WHP,CAN,1.0,0.0,0.0,0.0,0.0,1.0,6.0,6,0.0,0.0,0.0,0.0,0.0,0.0,2.0,1.0,0.0,0,0,0,0.0,0.0,0.0,0.0,2.0,44.0,37.0,0.0,1.0,,,,,0.5,,0.5,0.0,0.0,0.0,0.0,0.5,3.0,3.0,0.0,0.0,0.0,0.0,0.0,0.0,1.0,0.5,0.0,0.0,0.0,0.0,0.0,0.0,0.0,0.0,1.0,22.0,18.5,1.0
003159,CJ Kirst,A,Attack,last_5,4,2025-08-23,2026-09-20,ATL|CAN|OUT|WHP,WAT,20.0,14.0,14.0,0.0,14.0,6.0,38.0,27,3.0,0.0,0.0,0.0,0.0,0.0,13.0,4.0,1.0,0,0,0,0.0,0.0,1.0,0.5,20.0,140.0,98.0,0.3684210526315789,0.7105263157894737,,,,,0.3,0.0,5.0,3.5,3.5,0.0,3.5,1.5,9.5,6.75,0.75,0.0,0.0,0.0,0.0,0.0,3.25,1.0,0.25,0.0,0.0,0.0,0.0,0.0,0.25,0.125,5.0,35.0,24.5,5.0
003160,Andrew McAdorey,M,Midfield,last_5,3,2025-08-24,2026-08-29,CHA|OUT,RED,10.0,5.0,5.0,0.0,5.0,5.0,15.0,7,2.0,0.0,0.0,0.0,0.0,0.0,3.0,5.0,0.0,0,1,1,0.0,0.0,1.0,0.5,9.0,102.0,82.0,0.3333333333333333,0.4666666666666667,0.0,,,,0.5555555555555556,0.0,3.3333333333333335,1.6666666666666667,1.6666666666666667,0.0,1.6666666666666667,1.6666666666666667,5.0,2.3333333333333335,0.6666666666666666,0.0,0.0,0.0,0.0,0.0,1.0,1.6666666666666667,0.0,0.0,0.3333333333333333,0.3333333333333333,0.0,0.0,0.3333333333333333,0.16666666666666666,3.0,34.0,27.333333333333332,3.0
003161,Sam English,M,Midfield,last_5,1,2026-08-29,2026-08-29,OUT,RED,0.0,0.0,0.0,0.0,0.0,0.0,0.0,0,0.0,0.0,0.0,0.0,0.0,0.0,3.0,1.0,0.0,0,0,0,0.0,0.0,0.0,0.0,0.0,7.0,6.0,,,,,,,,,0.0,0.0,0.0,0.0,0.0,0.0,0.0,0.0,0.0,0.0,0.0,0.0,0.0,0.0,3.0,1.0,0.0,0.0,0.0,0.0,0.0,0.0,0.0,0.0,0.0,7.0,6.0,0.0
003162,Coulter Mackesy,A,Attack,last_5,2,2026-08-30,2026-09-07,WAT|WHP,CAN,5.0,4.0,4.0,0.0,4.0,1.0,20.0,14,3.0,0.0,0.0,0.0,0.0,0.0,1.0,4.0,0.0,0,0,0,0.0,0.0,0.0,0.0,9.0,100.0,76.0,0.2,0.7,,,,,0.1111111111111111,0.0,2.5,2.0,2.0,0.0,2.0,0.5,10.0,7.0,1.5,0.0,0.0,0.0,0.0,0.0,0.5,2.0,0.0,0.0,0.0,0.0,0.0,0.0,0.0,0.0,4.5,50.0,38.0,4.5
003163,Brendan Lavelle,D,Defense,last_5,1,2026-09-07,2026-09-07,OUT,ARC,0.0,0.0,0.0,0.0,0.0,0.0,0.0,0,0.0,0.0,0.0,0.0,0.0,0.0,3.0,0.0,1.0,0,0,0,0.0,0.0,0.0,0.0,0.0,5.0,5.0,,,,,,,,,0.0,0.0,0.0,0.0,0.0,0.0,0.0,0.0,0.0,0.0,0.0,0.0,0.0,0.0,3.0,0.0,1.0,0.0,0.0,0.0,0.0,0.0,0.0,0.0,0.0,5.0,5.0,0.0
003164,Matt Traynor,M,Midfield,last_5,2,2025-09-01,2025-09-14,OUT|WAT,ATL,7.0,6.0,6.0,0.0,6.0,1.0,16.0,10,0.0,0.0,0.0,0.0,0.0,0.0,2.0,1.0,0.0,0,0,0,0.0,0.0,0.0,0.0,6.0,35.0,18.0,0.375,0.625,,,,,0.16666666666666666,,3.5,3.0,3.0,0.0,3.0,0.5,8.0,5.0,0.0,0.0,0.0,0.0,0.0,0.0,1.0,0.5,0.0,0.0,0.0,0.0,0.0,0.0,0.0,0.0,3.0,17.5,9.0,3.0
003165,Aidan Carroll,A,Attack,last_5,2,2025-08-23,2026-08-30,CAN|WAT,WHP,7.0,5.0,5.0,0.0,5.0,2.0,13.0,9,0.0,0.0,0.0,0.0,0.0,0.0,3.0,5.0,2.0,0,0,0,0.0,0.0,0.0,0.0,4.0,65.0,47.0,0.38461538461538464,0.6923076923076923,,,,,0.5,,3.5,2.5,2.5,0.0,2.5,1.0,6.5,4.5,0.0,0.0,0.0,0.0,0.0,0.0,1.5,2.5,1.0,0.0,0.0,0.0,0.0,0.0,0.0,0.0,2.0,32.5,23.5,2.0
003166,Owen Hiltz,A,Attack,last_5,1,2025-08-24,2025-08-24,RED,CHA,4.0,2.0,2.0,0.0,2.0,2.0,7.0,4,0.0,0.0,0.0,0.0,0.0,0.0,2.0,1.0,0.0,0,0,0,0.0,0.0,0.0,0.0,3.0,26.0,18.0,0.2857142857142857,0.5714285714285714,,,,,0.6666666666666666,,4.0,2.0,2.0,0.0,2.0,2.0,7.0,4.0,0.0,0.0,0.0,0.0,0.0,0.0,2.0,1.0,0.0,0.0,0.0,0.0,0.0,0.0,0.0,0.0,3.0,26.0,18.0,3.0
003167,Jake Taylor,A,Attack,last_5,3,2026-08-29,2026-09-20,ARC|RED|WAT,OUT,4.0,4.0,4.0,0.0,4.0,0.0,8.0,8,0.0,0.0,0.0,0.0,0.0,0.0,1.0,3.0,0.0,0,0,0,0.0,0.0,1.0,0.5,0.0,22.0,11.0,0.5,1.0,,,,,,,1.3333333333333333,1.3333333333333333,1.3333333333333333,0.0,1.3333333333333333,0.0,2.6666666666666665,2.6666666666666665,0.0,0.0,0.0,0.0,0.0,0.0,0.3333333333333333,1.0,0.0,0.0,0.0,0.0,0.0,0.0,0.3333333333333333,0.16666666666666666,0.0,7.333333333333333,3.6666666666666665,0.0
003168,Chris Kavanagh,A,Attack,last_5,3,2025-08-24,2026-08-29,CHA|OUT,RED,7.0,6.0,6.0,0.0,6.0,1.0,25.0,15,3.0,0.0,0.0,0.0,0.0,0.0,3.0,4.0,1.0,0,0,0,0.0,0.0,0.0,0.0,11.0,98.0,69.0,0.24,0.6,,,,,0.09090909090909091,0.0,2.3333333333333335,2.0,2.0,0.0,2.0,0.3333333333333333,8.333333333333334,5.0,1.0,0.0,0.0,0.0,0.0,0.0,1.0,1.3333333333333333,0.3333333333333333,0.0,0.0,0.0,0.0,0.0,0.0,0.0,3.6666666666666665,32.666666666666664,23.0,3.6666666666666665
003169,Logan McNaney,G,Goalie,last_5,5,2025-09-01,2026-09-20,ARC|ATL|RED|WAT,OUT,0.0,0.0,0.0,0.0,0.0,0.0,1.0,1,1.0,59.0,31.0,28.0,54.0,54.00243139979159,11.0,4.0,2.0,0,0,0,53.0,1.0,0.0,0.0,0.0,103.0,98.0,0.0,1.0,,0.5267857142857143,52.54237288135594,0.2767857142857143,,0.0,0.0,0.0,0.0,0.0,0.0,0.0,0.2,0.2,0.2,11.8,6.2,5.6,10.8,10.800486279958317,2.2,0.8,0.4,0.0,0.0,0.0,10.6,0.2,0.0,0.0,0.0,20.6,19.6,0.0
003171,Levi Verch,LSM,Long Stick Midfield,last_5,1,2025-08-24,2025-08-24,RED,CHA,0.0,0.0,0.0,0.0,0.0,0.0,0.0,0,0.0,0.0,0.0,0.0,0.0,0.0,1.0,0.0,0.0,0,0,0,0.0,0.0,1.0,1.0,0.0,1.0,1.0,,,,,,,,,0.0,0.0,0.0,0.0,0.0,0.0,0.0,0.0,0.0,0.0,0.0,0.0,0.0,0.0,1.0,0.0,0.0,0.0,0.0,0.0,0.0,0.0,1.0,1.0,0.0,1.0,1.0,0.0
003172,Max Krevsky,SSDM,Defensive Midfield,last_5,2,2025-09-01,2025-09-14,OUT|WAT,ATL,1.0,1.0,1.0,0.0,1.0,0.0,3.0,1,0.0,0.0,0.0,0.0,0.0,0.0,3.0,0.0,0.0,0,0,0,0.0,0.0,0.0,0.0,0.0,13.0,10.0,0.3333333333333333,0.3333333333333333,,,,,,,0.5,0.5,0.5,0.0,0.5,0.0,1.5,0.5,0.0,0.0,0.0,0.0,0.0,0.0,1.5,0.0,0.0,0.0,0.0,0.0,0.0,0.0,0.0,0.0,0.0,6.5,5.0,0.0
003173,Jack McDonald,LSM,Long Stick Midfield,last_5,2,2025-08-23,2026-08-30,CAN|WAT,WHP,0.0,0.0,0.0,0.0,0.0,0.0,1.0,0,1.0,0.0,0.0,0.0,0.0,0.0,1.0,0.0,1.0,0,0,0,0.0,0.0,0.0,0.0,0.0,8.0,7.0,0.0,0.0,,,,,,0.0,0.0,0.0,0.0,0.0,0.0,0.0,0.5,0.0,0.5,0.0,0.0,0.0,0.0,0.0,0.5,0.0,0.5,0.0,0.0,0.0,0.0,0.0,0.0,0.0,0.0,4.0,3.5,0.0
003174,Sam King,M,Midfield,last_5,1,2026-09-07,2026-09-07,OUT,ARC,2.0,1.0,1.0,0.0,1.0,1.0,5.0,3,0.0,0.0,0.0,0.0,0.0,0.0,1.0,2.0,0.0,0,0,0,0.0,0.0,1.0,1.0,5.0,52.0,45.0,0.2,0.6,,,,,0.2,,2.0,1.0,1.0,0.0,1.0,1.0,5.0,3.0,0.0,0.0,0.0,0.0,0.0,0.0,1.0,2.0,0.0,0.0,0.0,0.0,0.0,0.0,1.0,1.0,5.0,52.0,45.0,5.0
003176,Emmet Carroll,G,Goalie,last_5,2,2025-08-23,2026-08-30,CAN|WAT,WHP,0.0,0.0,0.0,0.0,0.0,0.0,0.0,0,0.0,22.0,6.0,16.0,23.0,23.0,3.0,1.0,0.0,0,0,0,23.0,0.0,0.0,0.0,0.0,27.0,26.0,,,,0.4888888888888889,27.27272727272727,0.13333333333333333,,,0.0,0.0,0.0,0.0,0.0,0.0,0.0,0.0,0.0,11.0,3.0,8.0,11.5,11.5,1.5,0.5,0.0,0.0,0.0,0.0,11.5,0.0,0.0,0.0,0.0,13.5,13.0,0.0
003177,Mitchell Dunham,D,Defense,last_5,1,2026-09-07,2026-09-07,OUT,ARC,0.0,0.0,0.0,0.0,0.0,0.0,0.0,0,0.0,0.0,0.0,0.0,0.0,0.0,0.0,0.0,0.0,0,0,0,0.0,0.0,0.0,0.0,0.0,1.0,1.0,,,,,,,,,0.0,0.0,0.0,0.0,0.0,0.0,0.0,0.0,0.0,0.0,0.0,0.0,0.0,0.0,0.0,0.0,0.0,0.0,0.0,0.0,0.0,0.0,0.0,0.0,0.0,1.0,1.0,0.0
003178,Michael Grace,LSM,Long Stick Midfield,last_5,2,2025-09-01,2025-09-14,OUT|WAT,ATL,0.0,0.0,0.0,0.0,0.0,0.0,1.0,0,0.0,0.0,0.0,0.0,0.0,0.0,4.0,0.0,1.0,0,0,0,0.0,0.0,1.0,0.5,0.0,11.0,10.0,0.0,0.0,,,,,,,0.0,0.0,0.0,0.0,0.0,0.0,0.5,0.0,0.0,0.0,0.0,0.0,0.0,0.0,2.0,0.0,0.5,0.0,0.0,0.0,0.0,0.0,0.5,0.25,0.0,5.5,5.0,0.0
003179,Ben Wayer,LSM,Long Stick Midfield,last_5,2,2025-08-23,2025-09-01,ATL|WHP,WAT,5.0,4.0,0.0,2.0,2.0,1.0,2.0,2,2.0,0.0,0.0,0.0,0.0,0.0,4.0,0.0,0.0,0,0,0,0.0,0.0,0.0,0.0,2.0,13.0,11.0,1.0,1.0,,,,,0.5,1.0,2.5,2.0,0.0,1.0,1.0,0.5,1.0,1.0,1.0,0.0,0.0,0.0,0.0,0.0,2.0,0.0,0.0,0.0,0.0,0.0,0.0,0.0,0.0,0.0,1.0,6.5,5.5,1.0
003180,Christian Mazur,SSDM,Defensive Midfield,last_5,2,2025-08-23,2026-08-30,CAN|WAT,WHP,2.0,1.0,1.0,0.0,1.0,1.0,2.0,1,0.0,0.0,0.0,0.0,0.0,0.0,2.0,1.0,0.0,0,1,1,0.0,0.0,0.0,0.0,1.0,17.0,14.0,0.5,0.5,0.0,,,,1.0,,1.0,0.5,0.5,0.0,0.5,0.5,1.0,0.5,0.0,0.0,0.0,0.0,0.0,0.0,1.0,0.5,0.0,0.0,0.5,0.5,0.0,0.0,0.0,0.0,0.5,8.5,7.0,0.5
003181,Jimmy Freehill,D,Defense,last_5,4,2025-08-23,2026-09-20,ATL|CAN|OUT|WHP,WAT,2.0,2.0,0.0,1.0,1.0,0.0,6.0,2,6.0,0.0,0.0,0.0,0.0,0.0,1.0,0.0,4.0,0,0,0,0.0,0.0,1.0,1.0,0.0,18.0,12.0,0.16666666666666666,0.3333333333333333,,,,,,0.16666666666666666,0.5,0.5,0.0,0.25,0.25,0.0,1.5,0.5,1.5,0.0,0.0,0.0,0.0,0.0,0.25,0.0,1.0,0.0,0.0,0.0,0.0,0.0,0.25,0.25,0.0,4.5,3.0,0.0
003183,Jack Gray,SSDM,Defensive Midfield,last_5,5,2025-09-01,2026-09-20,ARC|ATL|RED|WAT,OUT,0.0,0.0,0.0,0.0,0.0,0.0,1.0,0,0.0,0.0,0.0,0.0,0.0,0.0,2.0,2.0,0.0,0,1,1,0.0,0.0,5.0,3.0,0.0,18.0,15.0,0.0,0.0,0.0,,,,,,0.0,0.0,0.0,0.0,0.0,0.0,0.2,0.0,0.0,0.0,0.0,0.0,0.0,0.0,0.4,0.4,0.0,0.0,0.2,0.2,0.0,0.0,1.0,0.6,0.0,3.6,3.0,0.0
003184,Ben Ramsey,SSDM,Defensive Midfield,last_5,2,2026-08-30,2026-09-07,WAT|WHP,CAN,0.0,0.0,0.0,0.0,0.0,0.0,1.0,0,1.0,0.0,0.0,0.0,0.0,0.0,4.0,2.0,0.0,0,0,0,0.0,0.0,1.0,0.5,0.0,18.0,15.0,0.0,0.0,,,,,,0.0,0.0,0.0,0.0,0.0,0.0,0.0,0.5,0.0,0.5,0.0,0.0,0.0,0.0,0.0,2.0,1.0,0.0,0.0,0.0,0.0,0.0,0.0,0.5,0.25,0.0,9.0,7.5,0.0
003185,Carter Rice,SSDM,Defensive Midfield,last_5,2,2025-08-24,2025-09-01,CHA|OUT,RED,0.0,0.0,0.0,0.0,0.0,0.0,0.0,0,0.0,0.0,0.0,0.0,0.0,0.0,2.0,0.0,2.0,0,0,0,0.0,0.0,0.0,0.0,0.0,13.0,13.0,,,,,,,,,0.0,0.0,0.0,0.0,0.0,0.0,0.0,0.0,0.0,0.0,0.0,0.0,0.0,0.0,1.0,0.0,1.0,0.0,0.0,0.0,0.0,0.0,0.0,0.0,0.0,6.5,6.5,0.0
003186,Hugh Kelleher,M,Midfield,last_5,2,2025-09-01,2025-09-14,OUT|WAT,ATL,1.0,1.0,1.0,0.0,1.0,0.0,9.0,5,2.0,0.0,0.0,0.0,0.0,0.0,0.0,0.0,0.0,0,0,0,0.0,0.0,2.0,1.5,0.0,24.0,15.0,0.1111111111111111,0.5555555555555556,,,,,,0.0,0.5,0.5,0.5,0.0,0.5,0.0,4.5,2.5,1.0,0.0,0.0,0.0,0.0,0.0,0.0,0.0,0.0,0.0,0.0,0.0,0.0,0.0,1.0,0.75,0.0,12.0,7.5,0.0
003192,Jackson Eicher,A,Attack,last_5,1,2025-08-24,2025-08-24,RED,CHA,2.0,2.0,2.0,0.0,2.0,0.0,8.0,6,2.0,0.0,0.0,0.0,0.0,0.0,0.0,0.0,0.0,0,0,0,0.0,0.0,0.0,0.0,0.0,22.0,14.0,0.25,0.75,,,,,,0.0,2.0,2.0,2.0,0.0,2.0,0.0,8.0,6.0,2.0,0.0,0.0,0.0,0.0,0.0,0.0,0.0,0.0,0.0,0.0,0.0,0.0,0.0,0.0,0.0,0.0,22.0,14.0,0.0
003195,Brian Kelly,A,Attack,last_5,2,2026-08-30,2026-09-07,WAT|WHP,CAN,3.0,3.0,3.0,0.0,3.0,0.0,7.0,4,0.0,0.0,0.0,0.0,0.0,0.0,4.0,2.0,1.0,0,0,0,0.0,0.0,0.0,0.0,4.0,72.0,63.0,0.42857142857142855,0.5714285714285714,,,,,0.0,,1.5,1.5,1.5,0.0,1.5,0.0,3.5,2.0,0.0,0.0,0.0,0.0,0.0,0.0,2.0,1.0,0.5,0.0,0.0,0.0,0.0,0.0,0.0,0.0,2.0,36.0,31.5,2.0
003206,Greg Langermeier,SSDM,Defensive Midfield,last_5,1,2025-08-24,2025-08-24,RED,CHA,0.0,0.0,0.0,0.0,0.0,0.0,1.0,0,0.0,0.0,0.0,0.0,0.0,0.0,1.0,1.0,2.0,0,1,1,0.0,0.0,1.0,1.0,0.0,4.0,2.0,0.0,0.0,0.0,,,,,,0.0,0.0,0.0,0.0,0.0,0.0,1.0,0.0,0.0,0.0,0.0,0.0,0.0,0.0,1.0,1.0,2.0,0.0,1.0,1.0,0.0,0.0,1.0,1.0,0.0,4.0,2.0,0.0
003211,Josh Balcarcel,M,Midfield,last_5,3,2025-08-24,2026-08-29,CHA|OUT,RED,3.0,2.0,2.0,0.0,2.0,1.0,6.0,4,0.0,0.0,0.0,0.0,0.0,0.0,0.0,2.0,0.0,0,0,0,0.0,0.0,0.0,0.0,2.0,41.0,33.0,0.3333333333333333,0.6666666666666666,,,,,0.5,,1.0,0.6666666666666666,0.6666666666666666,0.0,0.6666666666666666,0.3333333333333333,2.0,1.3333333333333333,0.0,0.0,0.0,0.0,0.0,0.0,0.0,0.6666666666666666,0.0,0.0,0.0,0.0,0.0,0.0,0.0,0.0,0.6666666666666666,13.666666666666666,11.0,0.6666666666666666
003212,Ray Dearth,SSDM,Defensive Midfield,last_5,1,2025-08-24,2025-08-24,RED,CHA,1.0,1.0,1.0,0.0,1.0,0.0,2.0,2,0.0,0.0,0.0,0.0,0.0,0.0,0.0,0.0,0.0,0,0,0,0.0,0.0,0.0,0.0,0.0,6.0,4.0,0.5,1.0,,,,,,,1.0,1.0,1.0,0.0,1.0,0.0,2.0,2.0,0.0,0.0,0.0,0.0,0.0,0.0,0.0,0.0,0.0,0.0,0.0,0.0,0.0,0.0,0.0,0.0,0.0,6.0,4.0,0.0
003232,Casey Wilson,M,Midfield,last_5,2,2026-09-07,2026-09-20,CAN|OUT,WAT,0.0,0.0,0.0,0.0,0.0,0.0,0.0,0,0.0,0.0,0.0,0.0,0.0,0.0,1.0,0.0,2.0,0,0,0,0.0,0.0,0.0,0.0,0.0,11.0,11.0,,,,,,,,,0.0,0.0,0.0,0.0,0.0,0.0,0.0,0.0,0.0,0.0,0.0,0.0,0.0,0.0,0.5,0.0,1.0,0.0,0.0,0.0,0.0,0.0,0.0,0.0,0.0,5.5,5.5,0.0
003246,Nathan Kapp,FO,Faceoff,last_5,1,2026-08-30,2026-08-30,CAN,WHP,0.0,0.0,0.0,0.0,0.0,0.0,0.0,0,0.0,0.0,0.0,0.0,0.0,0.0,6.0,2.0,0.0,10,10,20,0.0,0.0,0.0,0.0,0.0,6.0,4.0,,,0.5,,,,,,0.0,0.0,0.0,0.0,0.0,0.0,0.0,0.0,0.0,0.0,0.0,0.0,0.0,0.0,6.0,2.0,0.0,10.0,10.0,20.0,0.0,0.0,0.0,0.0,0.0,6.0,4.0,0.0
003248,Ryan Stines,A,Attack,last_5,1,2026-09-07,2026-09-07,OUT,ARC,1.0,1.0,1.0,0.0,1.0,0.0,3.0,2,0.0,0.0,0.0,0.0,0.0,0.0,0.0,2.0,0.0,0,0,0,0.0,0.0,0.0,0.0,1.0,26.0,21.0,0.3333333333333333,0.6666666666666666,,,,,0.0,,1.0,1.0,1.0,0.0,1.0,0.0,3.0,2.0,0.0,0.0,0.0,0.0,0.0,0.0,0.0,2.0,0.0,0.0,0.0,0.0,0.0,0.0,0.0,0.0,1.0,26.0,21.0,1.0
003252,Leo Johnson,M,Midfield,last_5,1,2026-09-07,2026-09-07,OUT,ARC,0.0,0.0,0.0,0.0,0.0,0.0,0.0,0,0.0,0.0,0.0,0.0,0.0,0.0,0.0,1.0,0.0,0,0,0,0.0,0.0,0.0,0.0,1.0,12.0,11.0,,,,,,,0.0,,0.0,0.0,0.0,0.0,0.0,0.0,0.0,0.0,0.0,0.0,0.0,0.0,0.0,0.0,0.0,1.0,0.0,0.0,0.0,0.0,0.0,0.0,0.0,0.0,1.0,12.0,11.0,1.0
003264,Sean Byrne,G,Goalie,last_5,2,2026-09-07,2026-09-20,CAN|OUT,WAT,0.0,0.0,0.0,0.0,0.0,0.0,0.0,0,0.0,25.0,9.0,16.0,14.0,14.1453760345448,3.0,5.0,1.0,0,0,0,13.0,1.0,0.0,0.0,0.0,37.0,32.0,,,,0.6578947368421053,36.0,0.23684210526315788,,,0.0,0.0,0.0,0.0,0.0,0.0,0.0,0.0,0.0,12.5,4.5,8.0,7.0,7.0726880172724,1.5,2.5,0.5,0.0,0.0,0.0,6.5,0.5,0.0,0.0,0.0,18.5,16.0,0.0
003266,Silas Richmond,A,Attack,last_5,2,2026-09-07,2026-09-20,CAN|OUT,WAT,3.0,2.0,2.0,0.0,2.0,1.0,7.0,4,0.0,0.0,0.0,0.0,0.0,0.0,3.0,2.0,0.0,0,0,0,0.0,0.0,0.0,0.0,1.0,29.0,20.0,0.2857142857142857,0.5714285714285714,,,,,1.0,,1.5,1.0,1.0,0.0,1.0,0.5,3.5,2.0,0.0,0.0,0.0,0.0,0.0,0.0,1.5,1.0,0.0,0.0,0.0,0.0,0.0,0.0,0.0,0.0,0.5,14.5,10.0,0.5
003267,Mikey Weisshaar,M,Midfield,last_5,2,2026-08-30,2026-09-07,WAT|WHP,CAN,4.0,3.0,3.0,0.0,3.0,1.0,9.0,5,1.0,0.0,0.0,0.0,0.0,0.0,2.0,1.0,3.0,0,0,0,0.0,0.0,0.0,0.0,4.0,41.0,31.0,0.3333333333333333,0.5555555555555556,,,,,0.25,0.0,2.0,1.5,1.5,0.0,1.5,0.5,4.5,2.5,0.5,0.0,0.0,0.0,0.0,0.0,1.0,0.5,1.5,0.0,0.0,0.0,0.0,0.0,0.0,0.0,2.0,20.5,15.5,2.0
003269,Brendan Staub,LSM,Long Stick Midfield,last_5,2,2026-09-07,2026-09-20,CAN|OUT,WAT,1.0,1.0,1.0,0.0,1.0,0.0,2.0,1,1.0,0.0,0.0,0.0,0.0,0.0,4.0,1.0,2.0,0,0,0,0.0,0.0,0.0,0.0,0.0,15.0,12.0,0.5,0.5,,,,,,0.0,0.5,0.5,0.5,0.0,0.5,0.0,1.0,0.5,0.5,0.0,0.0,0.0,0.0,0.0,2.0,0.5,1.0,0.0,0.0,0.0,0.0,0.0,0.0,0.0,0.0,7.5,6.0,0.0
003271,Hunter Smith,LSM,Long Stick Midfield,last_5,2,2026-08-30,2026-09-07,WAT|WHP,CAN,0.0,0.0,0.0,0.0,0.0,0.0,0.0,0,0.0,0.0,0.0,0.0,0.0,0.0,6.0,1.0,2.0,0,0,0,0.0,0.0,0.0,0.0,0.0,8.0,7.0,,,,,,,,,0.0,0.0,0.0,0.0,0.0,0.0,0.0,0.0,0.0,0.0,0.0,0.0,0.0,0.0,3.0,0.5,1.0,0.0,0.0,0.0,0.0,0.0,0.0,0.0,0.0,4.0,3.5,0.0
003273,Matt Collison,M,Midfield,last_5,2,2026-09-07,2026-09-20,CAN|OUT,WAT,2.0,2.0,2.0,0.0,2.0,0.0,11.0,4,3.0,0.0,0.0,0.0,0.0,0.0,0.0,5.0,0.0,0,0,0,0.0,0.0,0.0,0.0,1.0,41.0,25.0,0.18181818181818182,0.36363636363636365,,,,,0.0,0.0,1.0,1.0,1.0,0.0,1.0,0.0,5.5,2.0,1.5,0.0,0.0,0.0,0.0,0.0,0.0,2.5,0.0,0.0,0.0,0.0,0.0,0.0,0.0,0.0,0.5,20.5,12.5,0.5
003275,Andrew McMeekin,FO,Faceoff,last_5,2,2026-08-30,2026-09-07,WAT|WHP,CAN,0.0,0.0,0.0,0.0,0.0,0.0,0.0,0,0.0,0.0,0.0,0.0,0.0,0.0,11.0,3.0,1.0,21,21,42,0.0,0.0,0.0,0.0,2.0,14.0,11.0,,,0.5,,,,0.0,,0.0,0.0,0.0,0.0,0.0,0.0,0.0,0.0,0.0,0.0,0.0,0.0,0.0,0.0,5.5,1.5,0.5,10.5,10.5,21.0,0.0,0.0,0.0,0.0,1.0,7.0,5.5,1.0
003277,Joey Spallina,A,Attack,last_5,1,2026-08-30,2026-08-30,CAN,WHP,0.0,0.0,0.0,0.0,0.0,0.0,4.0,4,2.0,0.0,0.0,0.0,0.0,0.0,0.0,4.0,1.0,0,0,0,0.0,0.0,0.0,0.0,2.0,30.0,22.0,0.0,1.0,,,,,0.0,0.0,0.0,0.0,0.0,0.0,0.0,0.0,4.0,4.0,2.0,0.0,0.0,0.0,0.0,0.0,0.0,4.0,1.0,0.0,0.0,0.0,0.0,0.0,0.0,0.0,2.0,30.0,22.0,2.0
003278,Aidan Maguire,SSDM,Defensive Midfield,last_5,1,2026-09-07,2026-09-07,OUT,ARC,0.0,0.0,0.0,0.0,0.0,0.0,1.0,0,0.0,0.0,0.0,0.0,0.0,0.0,0.0,0.0,0.0,0,0,0,0.0,0.0,0.0,0.0,1.0,12.0,11.0,0.0,0.0,,,,,0.0,,0.0,0.0,0.0,0.0,0.0,0.0,1.0,0.0,0.0,0.0,0.0,0.0,0.0,0.0,0.0,0.0,0.0,0.0,0.0,0.0,0.0,0.0,0.0,0.0,1.0,12.0,11.0,1.0
003281,Kyle Lewis,M,Midfield,last_5,2,2026-09-07,2026-09-20,CAN|OUT,WAT,4.0,3.0,3.0,0.0,3.0,1.0,7.0,6,0.0,0.0,0.0,0.0,0.0,0.0,1.0,0.0,2.0,0,0,0,0.0,0.0,0.0,0.0,2.0,42.0,35.0,0.42857142857142855,0.8571428571428571,,,,,0.5,,2.0,1.5,1.5,0.0,1.5,0.5,3.5,3.0,0.0,0.0,0.0,0.0,0.0,0.0,0.5,0.0,1.0,0.0,0.0,0.0,0.0,0.0,0.0,0.0,1.0,21.0,17.5,1.0
003282,Billy Dwan,D,Defense,last_5,1,2026-08-30,2026-08-30,CAN,WHP,1.0,0.0,0.0,0.0,0.0,1.0,0.0,0,0.0,0.0,0.0,0.0,0.0,0.0,1.0,0.0,0.0,0,0,0,0.0,0.0,0.0,0.0,1.0,2.0,2.0,,,,,,,1.0,,1.0,0.0,0.0,0.0,0.0,1.0,0.0,0.0,0.0,0.0,0.0,0.0,0.0,0.0,1.0,0.0,0.0,0.0,0.0,0.0,0.0,0.0,0.0,0.0,1.0,2.0,2.0,1.0
003283,Blake Eiland,SSDM,Defensive Midfield,last_5,1,2026-08-30,2026-08-30,CAN,WHP,0.0,0.0,0.0,0.0,0.0,0.0,0.0,0,0.0,0.0,0.0,0.0,0.0,0.0,1.0,1.0,0.0,0,0,0,0.0,0.0,1.0,0.5,0.0,4.0,3.0,,,,,,,,,0.0,0.0,0.0,0.0,0.0,0.0,0.0,0.0,0.0,0.0,0.0,0.0,0.0,0.0,1.0,1.0,0.0,0.0,0.0,0.0,0.0,0.0,1.0,0.5,0.0,4.0,3.0,0.0
003285,Jack Regnery,A,Attack,last_5,2,2026-08-30,2026-09-07,WAT|WHP,CAN,3.0,3.0,3.0,0.0,3.0,0.0,7.0,3,1.0,0.0,0.0,0.0,0.0,0.0,0.0,1.0,1.0,0,0,0,0.0,0.0,0.0,0.0,3.0,40.0,32.0,0.42857142857142855,0.42857142857142855,,,,,0.0,0.0,1.5,1.5,1.5,0.0,1.5,0.0,3.5,1.5,0.5,0.0,0.0,0.0,0.0,0.0,0.0,0.5,0.5,0.0,0.0,0.0,0.0,0.0,0.0,0.0,1.5,20.0,16.0,1.5
003286,Will Donovan,D,Defense,last_5,2,2026-08-30,2026-09-07,WAT|WHP,CAN,0.0,0.0,0.0,0.0,0.0,0.0,0.0,0,0.0,0.0,0.0,0.0,0.0,0.0,2.0,1.0,2.0,0,0,0,0.0,0.0,1.0,1.0,0.0,10.0,9.0,,,,,,,,,0.0,0.0,0.0,0.0,0.0,0.0,0.0,0.0,0.0,0.0,0.0,0.0,0.0,0.0,1.0,0.5,1.0,0.0,0.0,0.0,0.0,0.0,0.5,0.5,0.0,5.0,4.5,0.0
003287,Dante Bowen,SSDM,Defensive Midfield,last_5,1,2026-08-29,2026-08-29,OUT,RED,0.0,0.0,0.0,0.0,0.0,0.0,0.0,0,0.0,0.0,0.0,0.0,0.0,0.0,0.0,0.0,0.0,0,0,0,0.0,0.0,0.0,0.0,0.0,2.0,2.0,,,,,,,,,0.0,0.0,0.0,0.0,0.0,0.0,0.0,0.0,0.0,0.0,0.0,0.0,0.0,0.0,0.0,0.0,0.0,0.0,0.0,0.0,0.0,0.0,0.0,0.0,0.0,2.0,2.0,0.0
003288,Josh Yago,M,Midfield,last_5,2,2026-09-07,2026-09-20,CAN|OUT,WAT,3.0,2.0,2.0,0.0,2.0,1.0,7.0,5,0.0,0.0,0.0,0.0,0.0,0.0,2.0,2.0,0.0,0,0,0,0.0,0.0,0.0,0.0,2.0,46.0,37.0,0.2857142857142857,0.7142857142857143,,,,,0.5,,1.5,1.0,1.0,0.0,1.0,0.5,3.5,2.5,0.0,0.0,0.0,0.0,0.0,0.0,1.0,1.0,0.0,0.0,0.0,0.0,0.0,0.0,0.0,0.0,1.0,23.0,18.5,1.0
003291,Ryan Croddick,G,Goalie,last_5,1,2026-08-29,2026-08-29,OUT,RED,0.0,0.0,0.0,0.0,0.0,0.0,0.0,0,0.0,7.0,4.0,3.0,3.0,6.0,1.0,0.0,0.0,0,0,0,3.0,0.0,0.0,0.0,0.0,11.0,11.0,,,,0.7,57.14285714285714,0.4,,,0.0,0.0,0.0,0.0,0.0,0.0,0.0,0.0,0.0,7.0,4.0,3.0,3.0,6.0,1.0,0.0,0.0,0.0,0.0,0.0,3.0,0.0,0.0,0.0,0.0,11.0,11.0,0.0
003296,Cullen Brown,D,Defense,last_5,1,2026-08-29,2026-08-29,OUT,RED,0.0,0.0,0.0,0.0,0.0,0.0,0.0,0,0.0,0.0,0.0,0.0,0.0,0.0,1.0,0.0,4.0,0,0,0,0.0,0.0,0.0,0.0,0.0,1.0,1.0,,,,,,,,,0.0,0.0,0.0,0.0,0.0,0.0,0.0,0.0,0.0,0.0,0.0,0.0,0.0,0.0,1.0,0.0,4.0,0.0,0.0,0.0,0.0,0.0,0.0,0.0,0.0,1.0,1.0,0.0
003298,Finn Thomson,A,Attack,last_5,1,2026-08-29,2026-08-29,OUT,RED,3.0,3.0,3.0,0.0,3.0,0.0,6.0,4,0.0,0.0,0.0,0.0,0.0,0.0,1.0,0.0,0.0,0,0,0,0.0,0.0,0.0,0.0,0.0,21.0,15.0,0.5,0.6666666666666666,,,,,,,3.0,3.0,3.0,0.0,3.0,0.0,6.0,4.0,0.0,0.0,0.0,0.0,0.0,0.0,1.0,0.0,0.0,0.0,0.0,0.0,0.0,0.0,0.0,0.0,0.0,21.0,15.0,0.0
