season,competition_type,game_id,schedule_slug,game_slug,game_number,week,game_date_utc,team_id,team_name,opponent_team_id,opponent_team_name,is_home,team_scores,team_goals,team_one_point_goals,team_two_point_goals,team_assists,team_shots,team_shots_on_goal,team_ground_balls,team_turnovers,caused_turnovers_for,team_faceoffs,team_faceoffs_won,team_faceoffs_lost,saves_for,team_clears,team_clear_attempts,team_touches,team_total_passes,team_time_in_possession,team_offensive_sequence_proxy,scores_allowed,goals_allowed,one_point_goals_allowed,two_point_goals_allowed,assists_allowed,opponent_shots,opponent_shots_on_goal,opponent_two_point_shots,opponent_two_point_shots_on_goal,opponent_ground_balls,opponent_turnovers,opponent_caused_turnovers,opponent_faceoffs,opponent_faceoffs_won,opponent_faceoffs_lost,opponent_saves,opponent_clears,opponent_clear_attempts,opponent_touches,opponent_total_passes,opponent_time_in_possession,opponent_offensive_sequence_proxy,opponent_scores_check,opponent_goals_check,score_margin,win_flag,loss_flag,opponent_goal_pct,opponent_sog_rate,opponent_sog_goal_pct,save_pct_proxy,ct_per_opponent_turnover,opponent_scores_per_offensive_sequence_proxy,opponent_goals_per_shot
2022,regular,2022_ev1,whipsnakes-chaos-2022-6-04,whipsnakes-chaos-2022-6-04,1,1,2022-06-04,CHA,Chaos,WHP,Whipsnakes,1,8.0,7.0,6.0,1.0,4.0,21.0,16.0,23.0,16.0,3.0,20.0,8.0,12.0,13.0,28.0,29.0,240.0,203.0,1174.0,41.0,9.0,9.0,9.0,0.0,2.0,49.0,23.0,2.0,1.0,23.0,10.0,6.0,20.0,12.0,8.0,8.0,26.0,26.0,218.0,159.0,1519.0,62.0,9.0,9.0,-1.0,0.0,1.0,0.1836734693877551,0.46938775510204084,0.391304347826087,0.5909090909090909,0.3,0.14516129032258066,0.1836734693877551
2022,regular,2022_ev1,whipsnakes-chaos-2022-6-04,whipsnakes-chaos-2022-6-04,1,1,2022-06-04,WHP,Whipsnakes,CHA,Chaos,0,9.0,9.0,9.0,0.0,2.0,49.0,23.0,23.0,10.0,6.0,20.0,12.0,8.0,8.0,26.0,26.0,218.0,159.0,1519.0,62.0,8.0,7.0,6.0,1.0,4.0,21.0,16.0,3.0,3.0,23.0,16.0,3.0,20.0,8.0,12.0,13.0,28.0,29.0,240.0,203.0,1174.0,41.0,8.0,7.0,1.0,1.0,0.0,0.3333333333333333,0.7619047619047619,0.4375,0.5333333333333333,0.375,0.1951219512195122,0.3333333333333333
2022,regular,2022_ev2,redwoods-atlas-2022-6-04,redwoods-atlas-2022-6-04,2,1,2022-06-04,ATL,Atlas,RED,Redwoods,1,17.0,16.0,15.0,1.0,13.0,33.0,24.0,28.0,17.0,8.0,30.0,17.0,13.0,11.0,24.0,25.0,239.0,189.0,1350.0,53.0,11.0,10.0,9.0,1.0,6.0,37.0,21.0,5.0,2.0,32.0,19.0,8.0,30.0,13.0,17.0,5.0,20.0,20.0,200.0,144.0,1240.0,59.0,11.0,10.0,6.0,1.0,0.0,0.2702702702702703,0.5675675675675675,0.47619047619047616,0.5238095238095238,0.42105263157894735,0.1864406779661017,0.2702702702702703
2022,regular,2022_ev2,redwoods-atlas-2022-6-04,redwoods-atlas-2022-6-04,2,1,2022-06-04,RED,Redwoods,ATL,Atlas,0,11.0,10.0,9.0,1.0,6.0,37.0,21.0,32.0,19.0,8.0,30.0,13.0,17.0,5.0,20.0,20.0,200.0,144.0,1240.0,59.0,17.0,16.0,15.0,1.0,13.0,33.0,24.0,3.0,3.0,28.0,17.0,8.0,30.0,17.0,13.0,11.0,24.0,25.0,239.0,189.0,1350.0,53.0,17.0,16.0,-6.0,0.0,1.0,0.48484848484848486,0.7272727272727273,0.6666666666666666,0.23809523809523808,0.47058823529411764,0.32075471698113206,0.48484848484848486
2022,regular,2022_ev3,waterdogs-cannons-2022-6-05,waterdogs-cannons-2022-6-05,3,1,2022-06-05,CAN,Cannons,WAT,Waterdogs,1,16.0,16.0,16.0,0.0,8.0,39.0,29.0,31.0,17.0,5.0,30.0,16.0,14.0,19.0,31.0,32.0,232.0,176.0,1149.0,57.0,10.0,10.0,10.0,0.0,4.0,42.0,31.0,4.0,4.0,35.0,14.0,7.0,30.0,14.0,16.0,10.0,29.0,29.0,224.0,168.0,1459.0,56.0,10.0,10.0,6.0,1.0,0.0,0.23809523809523808,0.7380952380952381,0.3225806451612903,0.6551724137931034,0.35714285714285715,0.17857142857142858,0.23809523809523808
2022,regular,2022_ev3,waterdogs-cannons-2022-6-05,waterdogs-cannons-2022-6-05,3,1,2022-06-05,WAT,Waterdogs,CAN,Cannons,0,10.0,10.0,10.0,0.0,4.0,42.0,31.0,35.0,14.0,7.0,30.0,14.0,16.0,10.0,29.0,29.0,224.0,168.0,1459.0,56.0,16.0,16.0,16.0,0.0,8.0,39.0,29.0,2.0,1.0,31.0,17.0,5.0,30.0,16.0,14.0,19.0,31.0,32.0,232.0,176.0,1149.0,57.0,16.0,16.0,-6.0,0.0,1.0,0.41025641025641024,0.7435897435897436,0.5517241379310345,0.38461538461538464,0.4117647058823529,0.2807017543859649,0.41025641025641024
2022,regular,2022_ev4,chrome-archers-2022-6-05,chrome-archers-2022-6-05,4,1,2022-06-05,ARC,Archers,OUT,Outlaws,1,10.0,10.0,10.0,0.0,8.0,40.0,23.0,34.0,13.0,4.0,24.0,10.0,14.0,8.0,30.0,30.0,282.0,229.0,1379.0,55.0,11.0,10.0,9.0,1.0,6.0,37.0,21.0,2.0,1.0,32.0,16.0,7.0,24.0,14.0,10.0,11.0,27.0,27.0,283.0,230.0,1318.0,54.0,11.0,10.0,-1.0,0.0,1.0,0.2702702702702703,0.5675675675675675,0.47619047619047616,0.4444444444444444,0.25,0.2037037037037037,0.2702702702702703
2022,regular,2022_ev4,chrome-archers-2022-6-05,chrome-archers-2022-6-05,4,1,2022-06-05,OUT,Outlaws,ARC,Archers,0,11.0,10.0,9.0,1.0,6.0,37.0,21.0,32.0,16.0,7.0,24.0,14.0,10.0,11.0,27.0,27.0,283.0,230.0,1318.0,54.0,10.0,10.0,10.0,0.0,8.0,40.0,23.0,3.0,1.0,34.0,13.0,4.0,24.0,10.0,14.0,8.0,30.0,30.0,282.0,229.0,1379.0,55.0,10.0,10.0,1.0,1.0,0.0,0.25,0.575,0.43478260869565216,0.5238095238095238,0.5384615384615384,0.18181818181818182,0.25
2022,regular,2022_ev5,chrome-redwoods-2022-6-10,chrome-redwoods-2022-6-10,5,2,2022-06-10,OUT,Outlaws,RED,Redwoods,0,12.0,12.0,12.0,0.0,6.0,39.0,22.0,39.0,15.0,11.0,19.0,12.0,7.0,7.0,25.0,25.0,278.0,224.0,1547.0,58.0,3.0,3.0,3.0,0.0,3.0,23.0,13.0,2.0,1.0,24.0,22.0,4.0,19.0,7.0,12.0,6.0,20.0,20.0,202.0,157.0,1125.0,47.0,3.0,3.0,9.0,1.0,0.0,0.13043478260869565,0.5652173913043478,0.23076923076923078,0.7,0.5,0.06382978723404255,0.13043478260869565
2022,regular,2022_ev5,chrome-redwoods-2022-6-10,chrome-redwoods-2022-6-10,5,2,2022-06-10,RED,Redwoods,OUT,Outlaws,1,3.0,3.0,3.0,0.0,3.0,23.0,13.0,24.0,22.0,4.0,19.0,7.0,12.0,6.0,20.0,20.0,202.0,157.0,1125.0,47.0,12.0,12.0,12.0,0.0,6.0,39.0,22.0,3.0,2.0,39.0,15.0,11.0,19.0,12.0,7.0,7.0,25.0,25.0,278.0,224.0,1547.0,58.0,12.0,12.0,-9.0,0.0,1.0,0.3076923076923077,0.5641025641025641,0.5454545454545454,0.3333333333333333,0.26666666666666666,0.20689655172413793,0.3076923076923077
2022,regular,2022_ev6,chaos-archers-2022-6-10,chaos-archers-2022-6-10,6,2,2022-06-11,ARC,Archers,CHA,Chaos,1,17.0,15.0,13.0,2.0,8.0,36.0,26.0,22.0,17.0,4.0,28.0,12.0,16.0,11.0,27.0,27.0,246.0,193.0,1238.0,54.0,12.0,10.0,8.0,2.0,6.0,37.0,23.0,6.0,3.0,34.0,18.0,6.0,28.0,16.0,12.0,10.0,29.0,29.0,311.0,256.0,1399.0,60.0,12.0,10.0,5.0,1.0,0.0,0.2702702702702703,0.6216216216216216,0.43478260869565216,0.5238095238095238,0.2222222222222222,0.2,0.2702702702702703
2022,regular,2022_ev6,chaos-archers-2022-6-10,chaos-archers-2022-6-10,6,2,2022-06-11,CHA,Chaos,ARC,Archers,0,12.0,10.0,8.0,2.0,6.0,37.0,23.0,34.0,18.0,6.0,28.0,16.0,12.0,10.0,29.0,29.0,311.0,256.0,1399.0,60.0,17.0,15.0,13.0,2.0,8.0,36.0,26.0,7.0,6.0,22.0,17.0,4.0,28.0,12.0,16.0,11.0,27.0,27.0,246.0,193.0,1238.0,54.0,17.0,15.0,-5.0,0.0,1.0,0.4166666666666667,0.7222222222222222,0.5769230769230769,0.4,0.35294117647058826,0.3148148148148148,0.4166666666666667
2022,regular,2022_ev7,atlas-cannons-2022-6-11,atlas-cannons-2022-6-11,7,2,2022-06-11,ATL,Atlas,CAN,Cannons,0,16.0,14.0,12.0,2.0,8.0,48.0,31.0,36.0,16.0,6.0,25.0,20.0,5.0,11.0,28.0,28.0,299.0,235.0,1426.0,66.0,8.0,7.0,6.0,1.0,3.0,32.0,18.0,4.0,1.0,25.0,16.0,6.0,25.0,5.0,20.0,13.0,27.0,27.0,228.0,180.0,1244.0,50.0,8.0,7.0,8.0,1.0,0.0,0.21875,0.5625,0.3888888888888889,0.6111111111111112,0.375,0.16,0.21875
2022,regular,2022_ev7,atlas-cannons-2022-6-11,atlas-cannons-2022-6-11,7,2,2022-06-11,CAN,Cannons,ATL,Atlas,1,8.0,7.0,6.0,1.0,3.0,32.0,18.0,25.0,16.0,6.0,25.0,5.0,20.0,13.0,27.0,27.0,228.0,180.0,1244.0,50.0,16.0,14.0,12.0,2.0,8.0,48.0,31.0,7.0,3.0,36.0,16.0,6.0,25.0,20.0,5.0,11.0,28.0,28.0,299.0,235.0,1426.0,66.0,16.0,14.0,-8.0,0.0,1.0,0.2916666666666667,0.6458333333333334,0.45161290322580644,0.48148148148148145,0.375,0.24242424242424243,0.2916666666666667
2022,regular,2022_ev8,whipsnakes-waterdogs-2022-6-11,whipsnakes-waterdogs-2022-6-11,8,2,2022-06-12,WAT,Waterdogs,WHP,Whipsnakes,1,11.0,10.0,9.0,1.0,6.0,37.0,23.0,23.0,14.0,9.0,26.0,4.0,22.0,14.0,30.0,30.0,263.0,212.0,1177.0,51.0,12.0,12.0,12.0,0.0,9.0,44.0,27.0,3.0,3.0,44.0,26.0,6.0,26.0,22.0,4.0,13.0,34.0,34.0,296.0,226.0,1779.0,76.0,12.0,12.0,-1.0,0.0,1.0,0.2727272727272727,0.6136363636363636,0.4444444444444444,0.5384615384615384,0.34615384615384615,0.15789473684210525,0.2727272727272727
2022,regular,2022_ev8,whipsnakes-waterdogs-2022-6-11,whipsnakes-waterdogs-2022-6-11,8,2,2022-06-12,WHP,Whipsnakes,WAT,Waterdogs,0,12.0,12.0,12.0,0.0,9.0,44.0,27.0,44.0,26.0,6.0,26.0,22.0,4.0,13.0,34.0,34.0,296.0,226.0,1779.0,76.0,11.0,10.0,9.0,1.0,6.0,37.0,23.0,4.0,3.0,23.0,14.0,9.0,26.0,4.0,22.0,14.0,30.0,30.0,263.0,212.0,1177.0,51.0,11.0,10.0,1.0,1.0,0.0,0.2702702702702703,0.6216216216216216,0.43478260869565216,0.5652173913043478,0.42857142857142855,0.21568627450980393,0.2702702702702703
2022,regular,2022_ev9,waterdogs-chrome-2022-6-17,waterdogs-chrome-2022-6-17,9,3,2022-06-17,OUT,Outlaws,WAT,Waterdogs,1,17.0,17.0,17.0,0.0,9.0,38.0,27.0,29.0,15.0,7.0,34.0,18.0,15.0,12.0,26.0,27.0,279.0,226.0,1512.0,58.0,14.0,13.0,12.0,1.0,8.0,38.0,27.0,3.0,1.0,26.0,15.0,4.0,34.0,15.0,18.0,9.0,19.0,19.0,198.0,145.0,1105.0,55.0,14.0,13.0,3.0,1.0,0.0,0.34210526315789475,0.7105263157894737,0.48148148148148145,0.48,0.4666666666666667,0.2545454545454545,0.34210526315789475
2022,regular,2022_ev9,waterdogs-chrome-2022-6-17,waterdogs-chrome-2022-6-17,9,3,2022-06-17,WAT,Waterdogs,OUT,Outlaws,0,14.0,13.0,12.0,1.0,8.0,38.0,27.0,26.0,15.0,4.0,34.0,15.0,18.0,9.0,19.0,19.0,198.0,145.0,1105.0,55.0,17.0,17.0,17.0,0.0,9.0,38.0,27.0,0.0,0.0,29.0,15.0,7.0,34.0,18.0,15.0,12.0,26.0,27.0,279.0,226.0,1512.0,58.0,17.0,17.0,-3.0,0.0,1.0,0.4473684210526316,0.7105263157894737,0.6296296296296297,0.34615384615384615,0.26666666666666666,0.29310344827586204,0.4473684210526316
2022,regular,2022_ev10,atlas-whipsnakes-2022-6-17,atlas-whipsnakes-2022-6-17,10,3,2022-06-18,ATL,Atlas,WHP,Whipsnakes,0,9.0,7.0,5.0,2.0,3.0,43.0,25.0,30.0,16.0,6.0,20.0,12.0,8.0,17.0,27.0,28.0,268.0,209.0,1542.0,61.0,12.0,9.0,6.0,3.0,5.0,37.0,30.0,7.0,6.0,30.0,18.0,7.0,20.0,8.0,12.0,18.0,28.0,28.0,242.0,187.0,1106.0,57.0,12.0,9.0,-3.0,0.0,1.0,0.24324324324324326,0.8108108108108109,0.3,0.6538461538461539,0.3333333333333333,0.21052631578947367,0.24324324324324326
2022,regular,2022_ev10,atlas-whipsnakes-2022-6-17,atlas-whipsnakes-2022-6-17,10,3,2022-06-18,WHP,Whipsnakes,ATL,Atlas,1,12.0,9.0,6.0,3.0,5.0,37.0,30.0,30.0,18.0,7.0,20.0,8.0,12.0,18.0,28.0,28.0,242.0,187.0,1106.0,57.0,9.0,7.0,5.0,2.0,3.0,43.0,25.0,8.0,5.0,30.0,16.0,6.0,20.0,12.0,8.0,17.0,27.0,28.0,268.0,209.0,1542.0,61.0,9.0,7.0,3.0,1.0,0.0,0.16279069767441862,0.5813953488372093,0.28,0.72,0.4375,0.14754098360655737,0.16279069767441862
2022,regular,2022_ev11,archers-cannons-2022-6-18,archers-cannons-2022-6-18,11,3,2022-06-18,ARC,Archers,CAN,Cannons,1,20.0,19.0,18.0,1.0,11.0,42.0,30.0,31.0,13.0,10.0,32.0,11.0,21.0,15.0,26.0,26.0,296.0,241.0,1363.0,57.0,9.0,9.0,9.0,0.0,5.0,42.0,26.0,5.0,4.0,32.0,21.0,6.0,32.0,21.0,11.0,11.0,25.0,25.0,269.0,206.0,1241.0,63.0,9.0,9.0,11.0,1.0,0.0,0.21428571428571427,0.6190476190476191,0.34615384615384615,0.625,0.47619047619047616,0.14285714285714285,0.21428571428571427
2022,regular,2022_ev11,archers-cannons-2022-6-18,archers-cannons-2022-6-18,11,3,2022-06-18,CAN,Cannons,ARC,Archers,0,9.0,9.0,9.0,0.0,5.0,42.0,26.0,32.0,21.0,6.0,32.0,21.0,11.0,11.0,25.0,25.0,269.0,206.0,1241.0,63.0,20.0,19.0,18.0,1.0,11.0,42.0,30.0,4.0,3.0,31.0,13.0,10.0,32.0,11.0,21.0,15.0,26.0,26.0,296.0,241.0,1363.0,57.0,20.0,19.0,-11.0,0.0,1.0,0.4523809523809524,0.7142857142857143,0.6333333333333333,0.36666666666666664,0.46153846153846156,0.3508771929824561,0.4523809523809524
2022,regular,2022_ev12,redwoods-chaos-2022-6-18-1,redwoods-chaos-2022-6-18-1,12,3,2022-06-18,CHA,Chaos,RED,Redwoods,1,7.0,7.0,7.0,0.0,6.0,20.0,15.0,19.0,21.0,2.0,21.0,10.0,11.0,16.0,29.0,30.0,229.0,188.0,1367.0,43.0,11.0,10.0,9.0,1.0,5.0,43.0,28.0,6.0,4.0,27.0,12.0,11.0,21.0,11.0,10.0,8.0,28.0,28.0,287.0,232.0,1354.0,61.0,11.0,10.0,-4.0,0.0,1.0,0.23255813953488372,0.6511627906976745,0.35714285714285715,0.6153846153846154,0.16666666666666666,0.18032786885245902,0.23255813953488372
2022,regular,2022_ev12,redwoods-chaos-2022-6-18-1,redwoods-chaos-2022-6-18-1,12,3,2022-06-18,RED,Redwoods,CHA,Chaos,0,11.0,10.0,9.0,1.0,5.0,43.0,28.0,27.0,12.0,11.0,21.0,11.0,10.0,8.0,28.0,28.0,287.0,232.0,1354.0,61.0,7.0,7.0,7.0,0.0,6.0,20.0,15.0,2.0,1.0,19.0,21.0,2.0,21.0,10.0,11.0,16.0,29.0,30.0,229.0,188.0,1367.0,43.0,7.0,7.0,4.0,1.0,0.0,0.35,0.75,0.4666666666666667,0.5333333333333333,0.5238095238095238,0.16279069767441862,0.35
2022,regular,2022_ev13,redwoods-whipsnakes-2022-6-24,redwoods-whipsnakes-2022-6-24,13,4,2022-06-24,RED,Redwoods,WHP,Whipsnakes,0,11.0,10.0,9.0,1.0,5.0,36.0,23.0,25.0,16.0,15.0,25.0,10.0,15.0,4.0,30.0,31.0,238.0,186.0,1196.0,54.0,12.0,11.0,10.0,1.0,8.0,29.0,17.0,5.0,3.0,33.0,24.0,6.0,25.0,15.0,10.0,12.0,24.0,26.0,248.0,195.0,1481.0,56.0,12.0,11.0,-1.0,0.0,1.0,0.3793103448275862,0.5862068965517241,0.6470588235294118,0.26666666666666666,0.625,0.21428571428571427,0.3793103448275862
2022,regular,2022_ev13,redwoods-whipsnakes-2022-6-24,redwoods-whipsnakes-2022-6-24,13,4,2022-06-24,WHP,Whipsnakes,RED,Redwoods,1,12.0,11.0,10.0,1.0,8.0,29.0,17.0,33.0,24.0,6.0,25.0,15.0,10.0,12.0,24.0,26.0,248.0,195.0,1481.0,56.0,11.0,10.0,9.0,1.0,5.0,36.0,23.0,5.0,4.0,25.0,16.0,15.0,25.0,10.0,15.0,4.0,30.0,31.0,238.0,186.0,1196.0,54.0,11.0,10.0,1.0,1.0,0.0,0.2777777777777778,0.6388888888888888,0.43478260869565216,0.5454545454545454,0.375,0.2037037037037037,0.2777777777777778
2022,regular,2022_ev14,chaos-waterdogs-2022-6-24,chaos-waterdogs-2022-6-24,14,4,2022-06-25,CHA,Chaos,WAT,Waterdogs,0,9.0,9.0,9.0,0.0,5.0,35.0,21.0,27.0,18.0,7.0,28.0,14.0,14.0,12.0,22.0,22.0,262.0,209.0,1256.0,56.0,18.0,15.0,12.0,3.0,10.0,45.0,28.0,4.0,3.0,29.0,13.0,7.0,28.0,14.0,14.0,11.0,27.0,28.0,283.0,225.0,1454.0,58.0,18.0,15.0,-9.0,0.0,1.0,0.3333333333333333,0.6222222222222222,0.5357142857142857,0.4444444444444444,0.5384615384615384,0.3103448275862069,0.3333333333333333
2022,regular,2022_ev14,chaos-waterdogs-2022-6-24,chaos-waterdogs-2022-6-24,14,4,2022-06-25,WAT,Waterdogs,CHA,Chaos,1,18.0,15.0,12.0,3.0,10.0,45.0,28.0,29.0,13.0,7.0,28.0,14.0,14.0,11.0,27.0,28.0,283.0,225.0,1454.0,58.0,9.0,9.0,9.0,0.0,5.0,35.0,21.0,5.0,2.0,27.0,18.0,7.0,28.0,14.0,14.0,12.0,22.0,22.0,262.0,209.0,1256.0,56.0,9.0,9.0,9.0,1.0,0.0,0.2571428571428571,0.6,0.42857142857142855,0.55,0.3888888888888889,0.16071428571428573,0.2571428571428571
2022,regular,2022_ev15,cannons-chrome-2022-6-25,cannons-chrome-2022-6-25,15,4,2022-06-25,CAN,Cannons,OUT,Outlaws,0,11.0,11.0,11.0,0.0,5.0,38.0,25.0,25.0,19.0,5.0,27.0,11.0,16.0,16.0,36.0,37.0,258.0,201.0,1214.0,61.0,12.0,12.0,12.0,0.0,7.0,50.0,31.0,1.0,1.0,43.0,18.0,9.0,27.0,16.0,11.0,13.0,36.0,36.0,307.0,239.0,1609.0,71.0,12.0,12.0,-1.0,0.0,1.0,0.24,0.62,0.3870967741935484,0.5714285714285714,0.2777777777777778,0.16901408450704225,0.24
2022,regular,2022_ev15,cannons-chrome-2022-6-25,cannons-chrome-2022-6-25,15,4,2022-06-25,OUT,Outlaws,CAN,Cannons,1,12.0,12.0,12.0,0.0,7.0,50.0,31.0,43.0,18.0,9.0,27.0,16.0,11.0,13.0,36.0,36.0,307.0,239.0,1609.0,71.0,11.0,11.0,11.0,0.0,5.0,38.0,25.0,5.0,3.0,25.0,19.0,5.0,27.0,11.0,16.0,16.0,36.0,37.0,258.0,201.0,1214.0,61.0,11.0,11.0,1.0,1.0,0.0,0.2894736842105263,0.6578947368421053,0.44,0.5416666666666666,0.47368421052631576,0.18032786885245902,0.2894736842105263
2022,regular,2022_ev16,archers-atlas-2022-6-25,archers-atlas-2022-6-25,16,4,2022-06-26,ARC,Archers,ATL,Atlas,0,9.0,9.0,9.0,0.0,4.0,32.0,21.0,19.0,19.0,11.0,23.0,4.0,19.0,11.0,30.0,30.0,244.0,193.0,1247.0,53.0,10.0,10.0,10.0,0.0,4.0,49.0,25.0,8.0,2.0,32.0,20.0,8.0,23.0,19.0,4.0,11.0,30.0,30.0,294.0,225.0,1485.0,71.0,10.0,10.0,-1.0,0.0,1.0,0.20408163265306123,0.5102040816326531,0.4,0.5238095238095238,0.55,0.14084507042253522,0.20408163265306123
2022,regular,2022_ev16,archers-atlas-2022-6-25,archers-atlas-2022-6-25,16,4,2022-06-26,ATL,Atlas,ARC,Archers,1,10.0,10.0,10.0,0.0,4.0,49.0,25.0,32.0,20.0,8.0,23.0,19.0,4.0,11.0,30.0,30.0,294.0,225.0,1485.0,71.0,9.0,9.0,9.0,0.0,4.0,32.0,21.0,4.0,2.0,19.0,19.0,11.0,23.0,4.0,19.0,11.0,30.0,30.0,244.0,193.0,1247.0,53.0,9.0,9.0,1.0,1.0,0.0,0.28125,0.65625,0.42857142857142855,0.55,0.42105263157894735,0.16981132075471697,0.28125
2022,regular,2022_ev17,archers-redwoods-2022-7-1,archers-redwoods-2022-7-1,17,5,2022-07-01,ARC,Archers,RED,Redwoods,0,10.0,9.0,8.0,1.0,8.0,38.0,24.0,25.0,16.0,8.0,21.0,7.0,13.0,9.0,23.0,23.0,280.0,226.0,1346.0,56.0,9.0,9.0,9.0,0.0,5.0,35.0,20.0,3.0,1.0,24.0,20.0,6.0,21.0,13.0,7.0,12.0,26.0,29.0,264.0,209.0,1301.0,59.0,9.0,9.0,1.0,1.0,0.0,0.2571428571428571,0.5714285714285714,0.45,0.5,0.4,0.15254237288135594,0.2571428571428571
2022,regular,2022_ev17,archers-redwoods-2022-7-1,archers-redwoods-2022-7-1,17,5,2022-07-01,RED,Redwoods,ARC,Archers,1,9.0,9.0,9.0,0.0,5.0,35.0,20.0,24.0,20.0,6.0,21.0,13.0,7.0,12.0,26.0,29.0,264.0,209.0,1301.0,59.0,10.0,9.0,8.0,1.0,8.0,38.0,24.0,4.0,3.0,25.0,16.0,8.0,21.0,7.0,13.0,9.0,23.0,23.0,280.0,226.0,1346.0,56.0,10.0,9.0,-1.0,0.0,1.0,0.23684210526315788,0.631578947368421,0.375,0.5714285714285714,0.375,0.17857142857142858,0.23684210526315788
2022,regular,2022_ev18,atlas-chrome-2022-7-1,atlas-chrome-2022-7-1,18,5,2022-07-02,ATL,Atlas,OUT,Outlaws,0,14.0,12.0,10.0,2.0,8.0,30.0,21.0,31.0,16.0,4.0,28.0,16.0,12.0,11.0,24.0,24.0,251.0,205.0,1470.0,48.0,13.0,12.0,11.0,1.0,6.0,41.0,27.0,3.0,3.0,21.0,10.0,7.0,28.0,12.0,16.0,7.0,23.0,23.0,285.0,234.0,1180.0,53.0,13.0,12.0,1.0,1.0,0.0,0.2926829268292683,0.6585365853658537,0.4444444444444444,0.4782608695652174,0.4,0.24528301886792453,0.2926829268292683
2022,regular,2022_ev18,atlas-chrome-2022-7-1,atlas-chrome-2022-7-1,18,5,2022-07-02,OUT,Outlaws,ATL,Atlas,1,13.0,12.0,11.0,1.0,6.0,41.0,27.0,21.0,10.0,7.0,28.0,12.0,16.0,7.0,23.0,23.0,285.0,234.0,1180.0,53.0,14.0,12.0,10.0,2.0,8.0,30.0,21.0,4.0,2.0,31.0,16.0,4.0,28.0,16.0,12.0,11.0,24.0,24.0,251.0,205.0,1470.0,48.0,14.0,12.0,-1.0,0.0,1.0,0.4,0.7,0.5714285714285714,0.3684210526315789,0.4375,0.2916666666666667,0.4
2022,regular,2022_ev19,chaos-cannons-2022-7-2,chaos-cannons-2022-7-2,19,5,2022-07-02,CAN,Cannons,CHA,Chaos,1,11.0,11.0,11.0,0.0,4.0,50.0,35.0,37.0,14.0,6.0,28.0,19.0,9.0,10.0,33.0,33.0,298.0,234.0,1675.0,64.0,13.0,13.0,13.0,0.0,7.0,32.0,23.0,1.0,0.0,29.0,14.0,6.0,28.0,9.0,19.0,20.0,27.0,28.0,224.0,178.0,995.0,48.0,13.0,13.0,-2.0,0.0,1.0,0.40625,0.71875,0.5652173913043478,0.43478260869565216,0.42857142857142855,0.2708333333333333,0.40625
2022,regular,2022_ev19,chaos-cannons-2022-7-2,chaos-cannons-2022-7-2,19,5,2022-07-02,CHA,Chaos,CAN,Cannons,0,13.0,13.0,13.0,0.0,7.0,32.0,23.0,29.0,14.0,6.0,28.0,9.0,19.0,20.0,27.0,28.0,224.0,178.0,995.0,48.0,11.0,11.0,11.0,0.0,4.0,50.0,35.0,0.0,0.0,37.0,14.0,6.0,28.0,19.0,9.0,10.0,33.0,33.0,298.0,234.0,1675.0,64.0,11.0,11.0,2.0,1.0,0.0,0.22,0.7,0.3142857142857143,0.6451612903225806,0.42857142857142855,0.171875,0.22
2022,regular,2022_ev20,whipsnakes-waterdogs-2022-7-2,whipsnakes-waterdogs-2022-7-2,20,5,2022-07-03,WAT,Waterdogs,WHP,Whipsnakes,1,11.0,11.0,11.0,0.0,3.0,51.0,26.0,27.0,14.0,6.0,24.0,8.0,15.0,14.0,31.0,31.0,263.0,198.0,1362.0,69.0,10.0,9.0,8.0,1.0,6.0,47.0,25.0,7.0,4.0,28.0,16.0,4.0,24.0,15.0,8.0,13.0,30.0,30.0,280.0,217.0,1333.0,63.0,10.0,9.0,1.0,1.0,0.0,0.19148936170212766,0.5319148936170213,0.36,0.6086956521739131,0.375,0.15873015873015872,0.19148936170212766
2022,regular,2022_ev20,whipsnakes-waterdogs-2022-7-2,whipsnakes-waterdogs-2022-7-2,20,5,2022-07-03,WHP,Whipsnakes,WAT,Waterdogs,0,10.0,9.0,8.0,1.0,6.0,47.0,25.0,28.0,16.0,4.0,24.0,15.0,8.0,13.0,30.0,30.0,280.0,217.0,1333.0,63.0,11.0,11.0,11.0,0.0,3.0,51.0,26.0,5.0,2.0,27.0,14.0,6.0,24.0,8.0,15.0,14.0,31.0,31.0,263.0,198.0,1362.0,69.0,11.0,11.0,-1.0,0.0,1.0,0.21568627450980393,0.5098039215686274,0.4230769230769231,0.5416666666666666,0.2857142857142857,0.15942028985507245,0.21568627450980393
2022,regular,2022_ev23,redwoods-atlas-2022-7-23,redwoods-atlas-2022-7-23,21,7,2022-07-23,ATL,Atlas,RED,Redwoods,1,15.0,14.0,13.0,1.0,8.0,41.0,31.0,31.0,14.0,8.0,31.0,11.0,20.0,16.0,28.0,28.0,220.0,165.0,1256.0,57.0,16.0,13.0,10.0,3.0,7.0,46.0,30.0,6.0,5.0,35.0,17.0,5.0,31.0,20.0,11.0,15.0,28.0,29.0,255.0,192.0,1404.0,64.0,16.0,13.0,-1.0,0.0,1.0,0.2826086956521739,0.6521739130434783,0.43333333333333335,0.5517241379310345,0.47058823529411764,0.25,0.2826086956521739
2022,regular,2022_ev23,redwoods-atlas-2022-7-23,redwoods-atlas-2022-7-23,21,7,2022-07-23,RED,Redwoods,ATL,Atlas,0,16.0,13.0,10.0,3.0,7.0,46.0,30.0,35.0,17.0,5.0,31.0,20.0,11.0,15.0,28.0,29.0,255.0,192.0,1404.0,64.0,15.0,14.0,13.0,1.0,8.0,41.0,31.0,5.0,3.0,31.0,14.0,8.0,31.0,11.0,20.0,16.0,28.0,28.0,220.0,165.0,1256.0,57.0,15.0,14.0,1.0,1.0,0.0,0.34146341463414637,0.7560975609756098,0.45161290322580644,0.5172413793103449,0.35714285714285715,0.2631578947368421,0.34146341463414637
2022,regular,2022_ev24,whipsnakes-chaos-2022-7-23,whipsnakes-chaos-2022-7-23,22,7,2022-07-23,CHA,Chaos,WHP,Whipsnakes,1,12.0,12.0,12.0,0.0,7.0,34.0,21.0,21.0,16.0,2.0,30.0,10.0,20.0,15.0,25.0,25.0,243.0,193.0,1163.0,51.0,14.0,14.0,14.0,0.0,5.0,50.0,31.0,1.0,1.0,31.0,9.0,3.0,30.0,20.0,10.0,8.0,26.0,27.0,256.0,197.0,1477.0,62.0,14.0,14.0,-2.0,0.0,1.0,0.28,0.62,0.45161290322580644,0.5172413793103449,0.2222222222222222,0.22580645161290322,0.28
2022,regular,2022_ev24,whipsnakes-chaos-2022-7-23,whipsnakes-chaos-2022-7-23,22,7,2022-07-23,WHP,Whipsnakes,CHA,Chaos,0,14.0,14.0,14.0,0.0,5.0,50.0,31.0,31.0,9.0,3.0,30.0,20.0,10.0,8.0,26.0,27.0,256.0,197.0,1477.0,62.0,12.0,12.0,12.0,0.0,7.0,34.0,21.0,6.0,3.0,21.0,16.0,2.0,30.0,10.0,20.0,15.0,25.0,25.0,243.0,193.0,1163.0,51.0,12.0,12.0,2.0,1.0,0.0,0.35294117647058826,0.6176470588235294,0.5714285714285714,0.4,0.1875,0.23529411764705882,0.35294117647058826
2022,regular,2022_ev25,cannons-archers-2022-7-24,cannons-archers-2022-7-24,23,7,2022-07-24,ARC,Archers,CAN,Cannons,1,17.0,17.0,17.0,0.0,12.0,44.0,32.0,40.0,19.0,4.0,32.0,22.0,10.0,12.0,33.0,35.0,309.0,246.0,1558.0,67.0,12.0,11.0,10.0,1.0,7.0,33.0,24.0,3.0,3.0,34.0,19.0,5.0,32.0,10.0,22.0,14.0,23.0,24.0,214.0,162.0,1117.0,52.0,12.0,11.0,5.0,1.0,0.0,0.3333333333333333,0.7272727272727273,0.4583333333333333,0.5217391304347826,0.21052631578947367,0.23076923076923078,0.3333333333333333
2022,regular,2022_ev25,cannons-archers-2022-7-24,cannons-archers-2022-7-24,23,7,2022-07-24,CAN,Cannons,ARC,Archers,0,12.0,11.0,10.0,1.0,7.0,33.0,24.0,34.0,19.0,5.0,32.0,10.0,22.0,14.0,23.0,24.0,214.0,162.0,1117.0,52.0,17.0,17.0,17.0,0.0,12.0,44.0,32.0,1.0,1.0,40.0,19.0,4.0,32.0,22.0,10.0,12.0,33.0,35.0,309.0,246.0,1558.0,67.0,17.0,17.0,-5.0,0.0,1.0,0.38636363636363635,0.7272727272727273,0.53125,0.45161290322580644,0.2631578947368421,0.2537313432835821,0.38636363636363635
2022,regular,2022_ev26,chrome-waterdogs-2022-7-24,chrome-waterdogs-2022-7-24,24,7,2022-07-24,OUT,Outlaws,WAT,Waterdogs,0,10.0,10.0,10.0,0.0,7.0,35.0,21.0,40.0,24.0,6.0,24.0,15.0,9.0,15.0,34.0,35.0,297.0,238.0,1439.0,64.0,11.0,10.0,9.0,1.0,7.0,43.0,27.0,6.0,3.0,27.0,17.0,12.0,24.0,9.0,15.0,11.0,35.0,35.0,273.0,213.0,1392.0,62.0,11.0,10.0,-1.0,0.0,1.0,0.23255813953488372,0.627906976744186,0.37037037037037035,0.6,0.35294117647058826,0.1774193548387097,0.23255813953488372
2022,regular,2022_ev26,chrome-waterdogs-2022-7-24,chrome-waterdogs-2022-7-24,24,7,2022-07-24,WAT,Waterdogs,OUT,Outlaws,1,11.0,10.0,9.0,1.0,7.0,43.0,27.0,27.0,17.0,12.0,24.0,9.0,15.0,11.0,35.0,35.0,273.0,213.0,1392.0,62.0,10.0,10.0,10.0,0.0,7.0,35.0,21.0,2.0,1.0,40.0,24.0,6.0,24.0,15.0,9.0,15.0,34.0,35.0,297.0,238.0,1439.0,64.0,10.0,10.0,1.0,1.0,0.0,0.2857142857142857,0.6,0.47619047619047616,0.5238095238095238,0.5,0.15625,0.2857142857142857
2022,regular,2022_ev27,archers-atlas-2022-7-30,archers-atlas-2022-7-30,25,8,2022-07-30,ARC,Archers,ATL,Atlas,0,9.0,9.0,9.0,0.0,4.0,34.0,26.0,33.0,15.0,10.0,26.0,9.0,17.0,6.0,27.0,27.0,282.0,233.0,1181.0,51.0,14.0,13.0,12.0,1.0,9.0,29.0,22.0,1.0,1.0,32.0,21.0,5.0,26.0,17.0,9.0,14.0,29.0,30.0,243.0,193.0,1461.0,52.0,14.0,13.0,-5.0,0.0,1.0,0.4482758620689655,0.7586206896551724,0.5909090909090909,0.3157894736842105,0.47619047619047616,0.2692307692307692,0.4482758620689655
2022,regular,2022_ev27,archers-atlas-2022-7-30,archers-atlas-2022-7-30,25,8,2022-07-30,ATL,Atlas,ARC,Archers,1,14.0,13.0,12.0,1.0,9.0,29.0,22.0,32.0,21.0,5.0,26.0,17.0,9.0,14.0,29.0,30.0,243.0,193.0,1461.0,52.0,9.0,9.0,9.0,0.0,4.0,34.0,26.0,3.0,1.0,33.0,15.0,10.0,26.0,9.0,17.0,6.0,27.0,27.0,282.0,233.0,1181.0,51.0,9.0,9.0,5.0,1.0,0.0,0.2647058823529412,0.7647058823529411,0.34615384615384615,0.6086956521739131,0.3333333333333333,0.17647058823529413,0.2647058823529412
2022,regular,2022_ev28,chrome-whipsnakes-2022-7-30,chrome-whipsnakes-2022-7-30,26,8,2022-07-30,OUT,Outlaws,WHP,Whipsnakes,0,8.0,7.0,6.0,1.0,6.0,33.0,24.0,18.0,14.0,8.0,20.0,6.0,14.0,8.0,27.0,27.0,251.0,204.0,1357.0,49.0,9.0,9.0,9.0,0.0,6.0,26.0,17.0,4.0,2.0,33.0,20.0,5.0,20.0,14.0,6.0,16.0,28.0,28.0,252.0,206.0,1329.0,51.0,9.0,9.0,-1.0,0.0,1.0,0.34615384615384615,0.6538461538461539,0.5294117647058824,0.47058823529411764,0.4,0.17647058823529413,0.34615384615384615
2022,regular,2022_ev28,chrome-whipsnakes-2022-7-30,chrome-whipsnakes-2022-7-30,26,8,2022-07-30,WHP,Whipsnakes,OUT,Outlaws,1,9.0,9.0,9.0,0.0,6.0,26.0,17.0,33.0,20.0,5.0,20.0,14.0,6.0,16.0,28.0,28.0,252.0,206.0,1329.0,51.0,8.0,7.0,6.0,1.0,6.0,33.0,24.0,3.0,2.0,18.0,14.0,8.0,20.0,6.0,14.0,8.0,27.0,27.0,251.0,204.0,1357.0,49.0,8.0,7.0,1.0,1.0,0.0,0.21212121212121213,0.7272727272727273,0.2916666666666667,0.6956521739130435,0.35714285714285715,0.16326530612244897,0.21212121212121213
2022,regular,2022_ev29,waterdogs-cannons-2022-7-31,waterdogs-cannons-2022-7-31,27,8,2022-07-31,CAN,Cannons,WAT,Waterdogs,1,14.0,14.0,14.0,0.0,6.0,37.0,24.0,40.0,18.0,6.0,33.0,18.0,15.0,16.0,30.0,32.0,249.0,194.0,1263.0,56.0,15.0,15.0,15.0,0.0,10.0,46.0,32.0,3.0,3.0,37.0,12.0,10.0,33.0,15.0,18.0,9.0,28.0,29.0,240.0,182.0,1376.0,59.0,15.0,15.0,-1.0,0.0,1.0,0.32608695652173914,0.6956521739130435,0.46875,0.5161290322580645,0.5,0.2542372881355932,0.32608695652173914
2022,regular,2022_ev29,waterdogs-cannons-2022-7-31,waterdogs-cannons-2022-7-31,27,8,2022-07-31,WAT,Waterdogs,CAN,Cannons,0,15.0,15.0,15.0,0.0,10.0,46.0,32.0,37.0,12.0,10.0,33.0,15.0,18.0,9.0,28.0,29.0,240.0,182.0,1376.0,59.0,14.0,14.0,14.0,0.0,6.0,37.0,24.0,2.0,1.0,40.0,18.0,6.0,33.0,18.0,15.0,16.0,30.0,32.0,249.0,194.0,1263.0,56.0,14.0,14.0,1.0,1.0,0.0,0.3783783783783784,0.6486486486486487,0.5833333333333334,0.391304347826087,0.5555555555555556,0.25,0.3783783783783784
2022,regular,2022_ev30,redwoods-chaos-2022-7-31,redwoods-chaos-2022-7-31,28,8,2022-07-31,CHA,Chaos,RED,Redwoods,1,14.0,14.0,14.0,0.0,9.0,35.0,24.0,27.0,20.0,6.0,30.0,14.0,16.0,14.0,25.0,25.0,293.0,238.0,1295.0,56.0,12.0,12.0,12.0,0.0,6.0,36.0,26.0,4.0,3.0,27.0,15.0,6.0,30.0,16.0,14.0,8.0,29.0,29.0,261.0,210.0,1389.0,53.0,12.0,12.0,2.0,1.0,0.0,0.3333333333333333,0.7222222222222222,0.46153846153846156,0.5384615384615384,0.4,0.22641509433962265,0.3333333333333333
2022,regular,2022_ev30,redwoods-chaos-2022-7-31,redwoods-chaos-2022-7-31,28,8,2022-07-31,RED,Redwoods,CHA,Chaos,0,12.0,12.0,12.0,0.0,6.0,36.0,26.0,27.0,15.0,6.0,30.0,16.0,14.0,8.0,29.0,29.0,261.0,210.0,1389.0,53.0,14.0,14.0,14.0,0.0,9.0,35.0,24.0,1.0,1.0,27.0,20.0,6.0,30.0,14.0,16.0,14.0,25.0,25.0,293.0,238.0,1295.0,56.0,14.0,14.0,-2.0,0.0,1.0,0.4,0.6857142857142857,0.5833333333333334,0.36363636363636365,0.3,0.25,0.4
2022,regular,2022_ev31,cannons-redwoods-2022-8-5,cannons-redwoods-2022-8-5,29,9,2022-08-06,CAN,Cannons,RED,Redwoods,0,12.0,12.0,12.0,0.0,7.0,42.0,28.0,27.0,13.0,4.0,29.0,11.0,18.0,14.0,24.0,24.0,256.0,201.0,1141.0,56.0,15.0,13.0,11.0,2.0,4.0,50.0,28.0,8.0,3.0,35.0,16.0,7.0,29.0,18.0,11.0,14.0,29.0,29.0,286.0,220.0,1556.0,69.0,15.0,13.0,-3.0,0.0,1.0,0.26,0.56,0.4642857142857143,0.5185185185185185,0.25,0.21739130434782608,0.26
2022,regular,2022_ev31,cannons-redwoods-2022-8-5,cannons-redwoods-2022-8-5,29,9,2022-08-06,RED,Redwoods,CAN,Cannons,1,15.0,13.0,11.0,2.0,4.0,50.0,28.0,35.0,16.0,7.0,29.0,18.0,11.0,14.0,29.0,29.0,286.0,220.0,1556.0,69.0,12.0,12.0,12.0,0.0,7.0,42.0,28.0,4.0,1.0,27.0,13.0,4.0,29.0,11.0,18.0,14.0,24.0,24.0,256.0,201.0,1141.0,56.0,12.0,12.0,3.0,1.0,0.0,0.2857142857142857,0.6666666666666666,0.42857142857142855,0.5384615384615384,0.5384615384615384,0.21428571428571427,0.2857142857142857
2022,regular,2022_ev32,chaos-chrome-2022-8-6,chaos-chrome-2022-8-6,30,9,2022-08-06,CHA,Chaos,OUT,Outlaws,0,9.0,8.0,7.0,1.0,3.0,31.0,22.0,22.0,17.0,8.0,25.0,9.0,16.0,12.0,32.0,33.0,229.0,181.0,1121.0,50.0,13.0,13.0,13.0,0.0,8.0,35.0,27.0,2.0,1.0,42.0,20.0,5.0,25.0,16.0,9.0,11.0,33.0,34.0,329.0,274.0,1550.0,55.0,13.0,13.0,-4.0,0.0,1.0,0.37142857142857144,0.7714285714285715,0.48148148148148145,0.48,0.4,0.23636363636363636,0.37142857142857144
2022,regular,2022_ev32,chaos-chrome-2022-8-6,chaos-chrome-2022-8-6,30,9,2022-08-06,OUT,Outlaws,CHA,Chaos,1,13.0,13.0,13.0,0.0,8.0,35.0,27.0,42.0,20.0,5.0,25.0,16.0,9.0,11.0,33.0,34.0,329.0,274.0,1550.0,55.0,9.0,8.0,7.0,1.0,3.0,31.0,22.0,7.0,5.0,22.0,17.0,8.0,25.0,9.0,16.0,12.0,32.0,33.0,229.0,181.0,1121.0,50.0,9.0,8.0,4.0,1.0,0.0,0.25806451612903225,0.7096774193548387,0.36363636363636365,0.5789473684210527,0.29411764705882354,0.18,0.25806451612903225
2022,regular,2022_ev33,waterdogs-atlas-2022-8-6,waterdogs-atlas-2022-8-6,31,9,2022-08-06,ATL,Atlas,WAT,Waterdogs,1,15.0,13.0,11.0,2.0,8.0,42.0,32.0,33.0,19.0,4.0,31.0,21.0,10.0,13.0,31.0,32.0,269.0,208.0,1238.0,65.0,16.0,15.0,14.0,1.0,11.0,48.0,29.0,4.0,2.0,24.0,14.0,7.0,31.0,10.0,21.0,17.0,28.0,28.0,290.0,228.0,1493.0,62.0,16.0,15.0,-1.0,0.0,1.0,0.3125,0.6041666666666666,0.5172413793103449,0.4642857142857143,0.2857142857142857,0.25806451612903225,0.3125
2022,regular,2022_ev33,waterdogs-atlas-2022-8-6,waterdogs-atlas-2022-8-6,31,9,2022-08-06,WAT,Waterdogs,ATL,Atlas,0,16.0,15.0,14.0,1.0,11.0,48.0,29.0,24.0,14.0,7.0,31.0,10.0,21.0,17.0,28.0,28.0,290.0,228.0,1493.0,62.0,15.0,13.0,11.0,2.0,8.0,42.0,32.0,8.0,5.0,33.0,19.0,4.0,31.0,21.0,10.0,13.0,31.0,32.0,269.0,208.0,1238.0,65.0,15.0,13.0,1.0,1.0,0.0,0.30952380952380953,0.7619047619047619,0.40625,0.5666666666666667,0.3684210526315789,0.23076923076923078,0.30952380952380953
2022,regular,2022_ev34,archers-whipsnakes-2022-8-6,archers-whipsnakes-2022-8-6,32,9,2022-08-06,ARC,Archers,WHP,Whipsnakes,0,11.0,10.0,9.0,1.0,7.0,32.0,23.0,21.0,12.0,5.0,27.0,6.0,21.0,14.0,24.0,24.0,258.0,214.0,1059.0,44.0,13.0,13.0,13.0,0.0,6.0,47.0,31.0,2.0,0.0,38.0,16.0,6.0,27.0,21.0,6.0,12.0,30.0,30.0,280.0,217.0,1525.0,64.0,13.0,13.0,-2.0,0.0,1.0,0.2765957446808511,0.6595744680851063,0.41935483870967744,0.5185185185185185,0.3125,0.203125,0.2765957446808511
2022,regular,2022_ev34,archers-whipsnakes-2022-8-6,archers-whipsnakes-2022-8-6,32,9,2022-08-06,WHP,Whipsnakes,ARC,Archers,1,13.0,13.0,13.0,0.0,6.0,47.0,31.0,38.0,16.0,6.0,27.0,21.0,6.0,12.0,30.0,30.0,280.0,217.0,1525.0,64.0,11.0,10.0,9.0,1.0,7.0,32.0,23.0,5.0,2.0,21.0,12.0,5.0,27.0,6.0,21.0,14.0,24.0,24.0,258.0,214.0,1059.0,44.0,11.0,10.0,2.0,1.0,0.0,0.3125,0.71875,0.43478260869565216,0.5454545454545454,0.5,0.25,0.3125
2022,regular,2022_ev35,atlas-whipsnakes-2022-8-12,atlas-whipsnakes-2022-8-12,33,10,2022-08-13,ATL,Atlas,WHP,Whipsnakes,0,8.0,7.0,6.0,1.0,5.0,42.0,26.0,34.0,17.0,7.0,27.0,18.0,9.0,17.0,24.0,26.0,241.0,182.0,1298.0,60.0,16.0,16.0,16.0,0.0,7.0,46.0,33.0,4.0,4.0,22.0,15.0,8.0,27.0,9.0,18.0,18.0,25.0,26.0,257.0,196.0,1328.0,64.0,16.0,16.0,-8.0,0.0,1.0,0.34782608695652173,0.717391304347826,0.48484848484848486,0.5151515151515151,0.4666666666666667,0.25,0.34782608695652173
2022,regular,2022_ev35,atlas-whipsnakes-2022-8-12,atlas-whipsnakes-2022-8-12,33,10,2022-08-13,WHP,Whipsnakes,ATL,Atlas,1,16.0,16.0,16.0,0.0,7.0,46.0,33.0,22.0,15.0,8.0,27.0,9.0,18.0,18.0,25.0,26.0,257.0,196.0,1328.0,64.0,8.0,7.0,6.0,1.0,5.0,42.0,26.0,6.0,4.0,34.0,17.0,7.0,27.0,18.0,9.0,17.0,24.0,26.0,241.0,182.0,1298.0,60.0,8.0,7.0,8.0,1.0,0.0,0.16666666666666666,0.6190476190476191,0.2692307692307692,0.72,0.47058823529411764,0.13333333333333333,0.16666666666666666
2022,regular,2022_ev36,waterdogs-redwoods-2022-8-12,waterdogs-redwoods-2022-8-12,34,10,2022-08-13,RED,Redwoods,WAT,Waterdogs,1,14.0,14.0,14.0,0.0,11.0,29.0,23.0,27.0,17.0,3.0,29.0,18.0,9.0,11.0,23.0,25.0,250.0,204.0,1231.0,47.0,12.0,11.0,10.0,1.0,6.0,49.0,22.0,5.0,2.0,41.0,15.0,9.0,29.0,9.0,18.0,8.0,26.0,28.0,254.0,190.0,1421.0,64.0,12.0,11.0,2.0,1.0,0.0,0.22448979591836735,0.4489795918367347,0.5,0.5,0.2,0.1875,0.22448979591836735
2022,regular,2022_ev36,waterdogs-redwoods-2022-8-12,waterdogs-redwoods-2022-8-12,34,10,2022-08-13,WAT,Waterdogs,RED,Redwoods,0,12.0,11.0,10.0,1.0,6.0,49.0,22.0,41.0,15.0,9.0,29.0,9.0,18.0,8.0,26.0,28.0,254.0,190.0,1421.0,64.0,14.0,14.0,14.0,0.0,11.0,29.0,23.0,2.0,1.0,27.0,17.0,3.0,29.0,18.0,9.0,11.0,23.0,25.0,250.0,204.0,1231.0,47.0,14.0,14.0,-2.0,0.0,1.0,0.4827586206896552,0.7931034482758621,0.6086956521739131,0.36363636363636365,0.5294117647058824,0.2978723404255319,0.4827586206896552
2022,regular,2022_ev37,chaos-archers-2022-8-13,chaos-archers-2022-8-13,35,10,2022-08-13,ARC,Archers,CHA,Chaos,1,11.0,10.0,9.0,1.0,6.0,46.0,31.0,34.0,8.0,9.0,22.0,10.0,11.0,6.0,30.0,30.0,312.0,258.0,1411.0,54.0,8.0,8.0,8.0,0.0,5.0,33.0,18.0,6.0,1.0,28.0,17.0,5.0,22.0,11.0,10.0,19.0,24.0,26.0,256.0,206.0,1263.0,52.0,8.0,8.0,3.0,1.0,0.0,0.24242424242424243,0.5454545454545454,0.4444444444444444,0.42857142857142855,0.5294117647058824,0.15384615384615385,0.24242424242424243
2022,regular,2022_ev37,chaos-archers-2022-8-13,chaos-archers-2022-8-13,35,10,2022-08-13,CHA,Chaos,ARC,Archers,0,8.0,8.0,8.0,0.0,5.0,33.0,18.0,28.0,17.0,5.0,22.0,11.0,10.0,19.0,24.0,26.0,256.0,206.0,1263.0,52.0,11.0,10.0,9.0,1.0,6.0,46.0,31.0,3.0,3.0,34.0,8.0,9.0,22.0,10.0,11.0,6.0,30.0,30.0,312.0,258.0,1411.0,54.0,11.0,10.0,-3.0,0.0,1.0,0.21739130434782608,0.6739130434782609,0.3225806451612903,0.6551724137931034,0.625,0.2037037037037037,0.21739130434782608
2022,regular,2022_ev38,cannons-chrome-2022-8-13,cannons-chrome-2022-8-13,36,10,2022-08-13,CAN,Cannons,OUT,Outlaws,0,9.0,9.0,9.0,0.0,6.0,42.0,28.0,25.0,11.0,10.0,23.0,11.0,12.0,10.0,25.0,25.0,260.0,207.0,1453.0,55.0,11.0,11.0,11.0,0.0,6.0,33.0,21.0,2.0,1.0,27.0,15.0,7.0,23.0,12.0,11.0,16.0,32.0,33.0,291.0,243.0,1276.0,48.0,11.0,11.0,-2.0,0.0,1.0,0.3333333333333333,0.6363636363636364,0.5238095238095238,0.47619047619047616,0.6666666666666666,0.22916666666666666,0.3333333333333333
2022,regular,2022_ev38,cannons-chrome-2022-8-13,cannons-chrome-2022-8-13,36,10,2022-08-13,OUT,Outlaws,CAN,Cannons,1,11.0,11.0,11.0,0.0,6.0,33.0,21.0,27.0,15.0,7.0,23.0,12.0,11.0,16.0,32.0,33.0,291.0,243.0,1276.0,48.0,9.0,9.0,9.0,0.0,6.0,42.0,28.0,3.0,0.0,25.0,11.0,10.0,23.0,11.0,12.0,10.0,25.0,25.0,260.0,207.0,1453.0,55.0,9.0,9.0,2.0,1.0,0.0,0.21428571428571427,0.6666666666666666,0.32142857142857145,0.64,0.6363636363636364,0.16363636363636364,0.21428571428571427
2022,regular,2022_ev39,chrome-redwoods-2022-8-20,chrome-redwoods-2022-8-20,37,11,2022-08-20,OUT,Outlaws,RED,Redwoods,0,13.0,13.0,13.0,0.0,9.0,30.0,24.0,39.0,21.0,4.0,28.0,18.0,10.0,12.0,25.0,25.0,261.0,210.0,1492.0,52.0,12.0,11.0,10.0,1.0,3.0,40.0,23.0,7.0,3.0,25.0,13.0,10.0,28.0,10.0,18.0,9.0,25.0,27.0,239.0,186.0,1184.0,57.0,12.0,11.0,1.0,1.0,0.0,0.275,0.575,0.4782608695652174,0.5217391304347826,0.3076923076923077,0.21052631578947367,0.275
2022,regular,2022_ev39,chrome-redwoods-2022-8-20,chrome-redwoods-2022-8-20,37,11,2022-08-20,RED,Redwoods,OUT,Outlaws,1,12.0,11.0,10.0,1.0,3.0,40.0,23.0,25.0,13.0,10.0,28.0,10.0,18.0,9.0,25.0,27.0,239.0,186.0,1184.0,57.0,13.0,13.0,13.0,0.0,9.0,30.0,24.0,1.0,0.0,39.0,21.0,4.0,28.0,18.0,10.0,12.0,25.0,25.0,261.0,210.0,1492.0,52.0,13.0,13.0,-1.0,0.0,1.0,0.43333333333333335,0.8,0.5416666666666666,0.4090909090909091,0.47619047619047616,0.25,0.43333333333333335
2022,regular,2022_ev40,archers-waterdogs-2022-8-20,archers-waterdogs-2022-8-20,38,11,2022-08-21,ARC,Archers,WAT,Waterdogs,0,16.0,15.0,14.0,1.0,7.0,42.0,32.0,30.0,14.0,11.0,31.0,10.0,21.0,14.0,33.0,33.0,282.0,226.0,1160.0,57.0,12.0,12.0,12.0,0.0,8.0,41.0,30.0,5.0,2.0,45.0,22.0,7.0,31.0,21.0,10.0,16.0,27.0,27.0,256.0,193.0,1503.0,64.0,12.0,12.0,4.0,1.0,0.0,0.2926829268292683,0.7317073170731707,0.4,0.5384615384615384,0.5,0.1875,0.2926829268292683
2022,regular,2022_ev40,archers-waterdogs-2022-8-20,archers-waterdogs-2022-8-20,38,11,2022-08-21,WAT,Waterdogs,ARC,Archers,1,12.0,12.0,12.0,0.0,8.0,41.0,30.0,45.0,22.0,7.0,31.0,21.0,10.0,16.0,27.0,27.0,256.0,193.0,1503.0,64.0,16.0,15.0,14.0,1.0,7.0,42.0,32.0,5.0,5.0,30.0,14.0,11.0,31.0,10.0,21.0,14.0,33.0,33.0,282.0,226.0,1160.0,57.0,16.0,15.0,-4.0,0.0,1.0,0.35714285714285715,0.7619047619047619,0.46875,0.5161290322580645,0.5,0.2807017543859649,0.35714285714285715
2022,regular,2022_ev41,whipsnakes-cannons-2022-8-21,whipsnakes-cannons-2022-8-21,39,11,2022-08-21,CAN,Cannons,WHP,Whipsnakes,1,9.0,9.0,9.0,0.0,4.0,39.0,18.0,25.0,13.0,11.0,22.0,7.0,15.0,9.0,29.0,29.0,215.0,163.0,1339.0,53.0,11.0,9.0,7.0,2.0,5.0,44.0,20.0,6.0,2.0,36.0,22.0,6.0,22.0,15.0,7.0,7.0,29.0,31.0,227.0,161.0,1355.0,70.0,11.0,9.0,-2.0,0.0,1.0,0.20454545454545456,0.45454545454545453,0.45,0.5,0.5,0.15714285714285714,0.20454545454545456
2022,regular,2022_ev41,whipsnakes-cannons-2022-8-21,whipsnakes-cannons-2022-8-21,39,11,2022-08-21,WHP,Whipsnakes,CAN,Cannons,0,11.0,9.0,7.0,2.0,5.0,44.0,20.0,36.0,22.0,6.0,22.0,15.0,7.0,7.0,29.0,31.0,227.0,161.0,1355.0,70.0,9.0,9.0,9.0,0.0,4.0,39.0,18.0,1.0,0.0,25.0,13.0,11.0,22.0,7.0,15.0,9.0,29.0,29.0,215.0,163.0,1339.0,53.0,9.0,9.0,2.0,1.0,0.0,0.23076923076923078,0.46153846153846156,0.5,0.4375,0.46153846153846156,0.16981132075471697,0.23076923076923078
2022,regular,2022_ev42,atlas-chaos-2022-8-21,atlas-chaos-2022-8-21,40,11,2022-08-21,ATL,Atlas,CHA,Chaos,0,10.0,9.0,8.0,1.0,6.0,38.0,15.0,36.0,21.0,6.0,22.0,15.0,7.0,11.0,28.0,28.0,259.0,200.0,1533.0,64.0,9.0,9.0,9.0,0.0,6.0,38.0,22.0,1.0,1.0,33.0,19.0,8.0,22.0,7.0,15.0,6.0,25.0,25.0,234.0,177.0,1192.0,59.0,9.0,9.0,1.0,1.0,0.0,0.23684210526315788,0.5789473684210527,0.4090909090909091,0.55,0.3157894736842105,0.15254237288135594,0.23684210526315788
2022,regular,2022_ev42,atlas-chaos-2022-8-21,atlas-chaos-2022-8-21,40,11,2022-08-21,CHA,Chaos,ATL,Atlas,1,9.0,9.0,9.0,0.0,6.0,38.0,22.0,33.0,19.0,8.0,22.0,7.0,15.0,6.0,25.0,25.0,234.0,177.0,1192.0,59.0,10.0,9.0,8.0,1.0,6.0,38.0,15.0,2.0,1.0,36.0,21.0,6.0,22.0,15.0,7.0,11.0,28.0,28.0,259.0,200.0,1533.0,64.0,10.0,9.0,-1.0,0.0,1.0,0.23684210526315788,0.39473684210526316,0.6,0.4,0.38095238095238093,0.15625,0.23684210526315788
2023,regular,2023_ev1,game-1-2023-06-02,game-1-2023-06-02,1,1,2023-06-03,ATL,Atlas,RED,Redwoods,1,12.0,12.0,12.0,0.0,7.0,46.0,26.0,38.0,18.0,4.0,29.0,19.0,10.0,8.0,27.0,27.0,284.0,220.0,1591.0,66.0,13.0,13.0,13.0,0.0,9.0,38.0,23.0,4.0,3.0,25.0,16.0,10.0,29.0,10.0,19.0,11.0,29.0,29.0,205.0,151.0,970.0,61.0,13.0,13.0,-1.0,0.0,1.0,0.34210526315789475,0.6052631578947368,0.5652173913043478,0.38095238095238093,0.25,0.21311475409836064,0.34210526315789475
2023,regular,2023_ev1,game-1-2023-06-02,game-1-2023-06-02,1,1,2023-06-03,RED,Redwoods,ATL,Atlas,0,13.0,13.0,13.0,0.0,9.0,38.0,23.0,25.0,16.0,10.0,29.0,10.0,19.0,11.0,29.0,29.0,205.0,151.0,970.0,61.0,12.0,12.0,12.0,0.0,7.0,46.0,26.0,11.0,4.0,38.0,18.0,4.0,29.0,19.0,10.0,8.0,27.0,27.0,284.0,220.0,1591.0,66.0,12.0,12.0,1.0,1.0,0.0,0.2608695652173913,0.5652173913043478,0.46153846153846156,0.4782608695652174,0.5555555555555556,0.18181818181818182,0.2608695652173913
2023,regular,2023_ev2,game-2-2023-06-02,game-2-2023-06-02,2,1,2023-06-03,ARC,Archers,CAN,Cannons,1,16.0,16.0,16.0,0.0,7.0,54.0,34.0,47.0,14.0,9.0,32.0,24.0,8.0,16.0,29.0,29.0,317.0,249.0,1342.0,73.0,13.0,12.0,11.0,1.0,9.0,43.0,30.0,6.0,4.0,28.0,13.0,5.0,32.0,8.0,24.0,17.0,28.0,28.0,269.0,213.0,1300.0,56.0,13.0,12.0,3.0,1.0,0.0,0.27906976744186046,0.6976744186046512,0.4,0.5714285714285714,0.6923076923076923,0.23214285714285715,0.27906976744186046
2023,regular,2023_ev2,game-2-2023-06-02,game-2-2023-06-02,2,1,2023-06-03,CAN,Cannons,ARC,Archers,0,13.0,12.0,11.0,1.0,9.0,43.0,30.0,28.0,13.0,5.0,32.0,8.0,24.0,17.0,28.0,28.0,269.0,213.0,1300.0,56.0,16.0,16.0,16.0,0.0,7.0,54.0,34.0,1.0,0.0,47.0,14.0,9.0,32.0,24.0,8.0,16.0,29.0,29.0,317.0,249.0,1342.0,73.0,16.0,16.0,-3.0,0.0,1.0,0.2962962962962963,0.6296296296296297,0.47058823529411764,0.5151515151515151,0.35714285714285715,0.2191780821917808,0.2962962962962963
2023,regular,2023_ev3,game-3-2023-06-02,game-3-2023-06-02,3,1,2023-06-04,CHA,Chaos,WAT,Waterdogs,0,7.0,7.0,7.0,0.0,3.0,39.0,18.0,30.0,25.0,9.0,18.0,13.0,5.0,18.0,31.0,32.0,328.0,264.0,1572.0,69.0,8.0,7.0,6.0,1.0,5.0,42.0,28.0,6.0,3.0,29.0,16.0,12.0,18.0,5.0,13.0,10.0,30.0,31.0,288.0,230.0,1283.0,61.0,8.0,7.0,-1.0,0.0,1.0,0.16666666666666666,0.6666666666666666,0.25,0.72,0.5625,0.13114754098360656,0.16666666666666666
2023,regular,2023_ev3,game-3-2023-06-02,game-3-2023-06-02,3,1,2023-06-04,WAT,Waterdogs,CHA,Chaos,1,8.0,7.0,6.0,1.0,5.0,42.0,28.0,29.0,16.0,12.0,18.0,5.0,13.0,10.0,30.0,31.0,288.0,230.0,1283.0,61.0,7.0,7.0,7.0,0.0,3.0,39.0,18.0,4.0,1.0,30.0,25.0,9.0,18.0,13.0,5.0,18.0,31.0,32.0,328.0,264.0,1572.0,69.0,7.0,7.0,1.0,1.0,0.0,0.1794871794871795,0.46153846153846156,0.3888888888888889,0.5882352941176471,0.48,0.10144927536231885,0.1794871794871795
2023,regular,2023_ev4,game-4-2023-06-02,game-4-2023-06-02,4,1,2023-06-04,OUT,Outlaws,WHP,Whipsnakes,1,12.0,12.0,12.0,0.0,10.0,38.0,27.0,33.0,16.0,7.0,27.0,13.0,14.0,14.0,30.0,30.0,291.0,237.0,1282.0,59.0,11.0,11.0,11.0,0.0,10.0,47.0,29.0,6.0,1.0,35.0,18.0,4.0,27.0,14.0,13.0,15.0,24.0,25.0,278.0,213.0,1351.0,72.0,11.0,11.0,1.0,1.0,0.0,0.23404255319148937,0.6170212765957447,0.3793103448275862,0.56,0.3888888888888889,0.1527777777777778,0.23404255319148937
2023,regular,2023_ev4,game-4-2023-06-02,game-4-2023-06-02,4,1,2023-06-04,WHP,Whipsnakes,OUT,Outlaws,0,11.0,11.0,11.0,0.0,10.0,47.0,29.0,35.0,18.0,4.0,27.0,14.0,13.0,15.0,24.0,25.0,278.0,213.0,1351.0,72.0,12.0,12.0,12.0,0.0,10.0,38.0,27.0,2.0,2.0,33.0,16.0,7.0,27.0,13.0,14.0,14.0,30.0,30.0,291.0,237.0,1282.0,59.0,12.0,12.0,-1.0,0.0,1.0,0.3157894736842105,0.7105263157894737,0.4444444444444444,0.5555555555555556,0.25,0.2033898305084746,0.3157894736842105
2023,regular,2023_ev5,game-5-2023-06-09,game-5-2023-06-09,5,2,2023-06-09,ARC,Archers,OUT,Outlaws,1,12.0,11.0,10.0,1.0,7.0,44.0,22.0,33.0,14.0,3.0,22.0,10.0,12.0,18.0,31.0,31.0,300.0,242.0,1473.0,63.0,7.0,7.0,7.0,0.0,1.0,41.0,25.0,3.0,1.0,28.0,15.0,5.0,22.0,12.0,10.0,9.0,27.0,28.0,232.0,176.0,1192.0,59.0,7.0,7.0,5.0,1.0,0.0,0.17073170731707318,0.6097560975609756,0.28,0.72,0.2,0.11864406779661017,0.17073170731707318
2023,regular,2023_ev5,game-5-2023-06-09,game-5-2023-06-09,5,2,2023-06-09,OUT,Outlaws,ARC,Archers,0,7.0,7.0,7.0,0.0,1.0,41.0,25.0,28.0,15.0,5.0,22.0,12.0,10.0,9.0,27.0,28.0,232.0,176.0,1192.0,59.0,12.0,11.0,10.0,1.0,7.0,44.0,22.0,3.0,2.0,33.0,14.0,3.0,22.0,10.0,12.0,18.0,31.0,31.0,300.0,242.0,1473.0,63.0,12.0,11.0,-5.0,0.0,1.0,0.25,0.5,0.5,0.45,0.35714285714285715,0.19047619047619047,0.25
2023,regular,2023_ev6,game-6-2023-06-09,game-6-2023-06-09,6,2,2023-06-10,RED,Redwoods,WAT,Waterdogs,1,10.0,10.0,10.0,0.0,4.0,46.0,25.0,39.0,18.0,5.0,23.0,12.0,11.0,19.0,31.0,32.0,262.0,198.0,1358.0,69.0,9.0,9.0,9.0,0.0,5.0,42.0,28.0,6.0,4.0,31.0,11.0,8.0,23.0,11.0,12.0,14.0,32.0,32.0,264.0,211.0,1296.0,53.0,9.0,9.0,1.0,1.0,0.0,0.21428571428571427,0.6666666666666666,0.32142857142857145,0.6785714285714286,0.45454545454545453,0.16981132075471697,0.21428571428571427
2023,regular,2023_ev6,game-6-2023-06-09,game-6-2023-06-09,6,2,2023-06-10,WAT,Waterdogs,RED,Redwoods,0,9.0,9.0,9.0,0.0,5.0,42.0,28.0,31.0,11.0,8.0,23.0,11.0,12.0,14.0,32.0,32.0,264.0,211.0,1296.0,53.0,10.0,10.0,10.0,0.0,4.0,46.0,25.0,4.0,1.0,39.0,18.0,5.0,23.0,12.0,11.0,19.0,31.0,32.0,262.0,198.0,1358.0,69.0,10.0,10.0,-1.0,0.0,1.0,0.21739130434782608,0.5434782608695652,0.4,0.5833333333333334,0.4444444444444444,0.14492753623188406,0.21739130434782608
2023,regular,2023_ev7,game-7-2023-06-09,game-7-2023-06-09,7,2,2023-06-10,ATL,Atlas,WHP,Whipsnakes,1,12.0,11.0,10.0,1.0,6.0,44.0,29.0,33.0,13.0,6.0,25.0,15.0,10.0,13.0,29.0,30.0,243.0,186.0,,59.0,11.0,10.0,9.0,1.0,4.0,39.0,23.0,7.0,2.0,24.0,15.0,5.0,25.0,10.0,15.0,17.0,27.0,28.0,276.0,222.0,,56.0,11.0,10.0,1.0,1.0,0.0,0.2564102564102564,0.5897435897435898,0.43478260869565216,0.5652173913043478,0.4,0.19642857142857142,0.2564102564102564
2023,regular,2023_ev7,game-7-2023-06-09,game-7-2023-06-09,7,2,2023-06-10,WHP,Whipsnakes,ATL,Atlas,0,11.0,10.0,9.0,1.0,4.0,39.0,23.0,24.0,15.0,5.0,25.0,10.0,15.0,17.0,27.0,28.0,276.0,222.0,,56.0,12.0,11.0,10.0,1.0,6.0,44.0,29.0,5.0,5.0,33.0,13.0,6.0,25.0,15.0,10.0,13.0,29.0,30.0,243.0,186.0,,59.0,12.0,11.0,-1.0,0.0,1.0,0.25,0.6590909090909091,0.3793103448275862,0.6071428571428571,0.38461538461538464,0.2033898305084746,0.25
2023,regular,2023_ev8,game-8-2023-06-09,game-8-2023-06-09,8,2,2023-06-10,CAN,Cannons,CHA,Chaos,1,13.0,11.0,9.0,2.0,8.0,41.0,25.0,37.0,18.0,9.0,27.0,15.0,12.0,9.0,30.0,30.0,281.0,222.0,1333.0,61.0,14.0,13.0,12.0,1.0,5.0,33.0,24.0,2.0,2.0,36.0,20.0,5.0,27.0,12.0,15.0,14.0,34.0,35.0,229.0,176.0,1380.0,56.0,14.0,13.0,-1.0,0.0,1.0,0.3939393939393939,0.7272727272727273,0.5416666666666666,0.4090909090909091,0.45,0.25,0.3939393939393939
2023,regular,2023_ev8,game-8-2023-06-09,game-8-2023-06-09,8,2,2023-06-10,CHA,Chaos,CAN,Cannons,0,14.0,13.0,12.0,1.0,5.0,33.0,24.0,36.0,20.0,5.0,27.0,12.0,15.0,14.0,34.0,35.0,229.0,176.0,1380.0,56.0,13.0,11.0,9.0,2.0,8.0,41.0,25.0,7.0,3.0,37.0,18.0,9.0,27.0,15.0,12.0,9.0,30.0,30.0,281.0,222.0,1333.0,61.0,13.0,11.0,1.0,1.0,0.0,0.2682926829268293,0.6097560975609756,0.44,0.56,0.2777777777777778,0.21311475409836064,0.2682926829268293
2023,regular,2023_ev9,game-9-2023-06-16,game-9-2023-06-16,9,3,2023-06-16,ATL,Atlas,WAT,Waterdogs,1,18.0,17.0,16.0,1.0,11.0,44.0,34.0,50.0,21.0,7.0,37.0,31.0,6.0,9.0,35.0,35.0,269.0,204.0,1452.0,73.0,19.0,16.0,13.0,3.0,9.0,42.0,27.0,9.0,3.0,20.0,11.0,6.0,37.0,6.0,31.0,16.0,29.0,29.0,236.0,183.0,1226.0,55.0,19.0,16.0,-1.0,0.0,1.0,0.38095238095238093,0.6428571428571429,0.5925925925925926,0.36,0.6363636363636364,0.34545454545454546,0.38095238095238093
2023,regular,2023_ev9,game-9-2023-06-16,game-9-2023-06-16,9,3,2023-06-16,WAT,Waterdogs,ATL,Atlas,0,19.0,16.0,13.0,3.0,9.0,42.0,27.0,20.0,11.0,6.0,37.0,6.0,31.0,16.0,29.0,29.0,236.0,183.0,1226.0,55.0,18.0,17.0,16.0,1.0,11.0,44.0,34.0,8.0,8.0,50.0,21.0,7.0,37.0,31.0,6.0,9.0,35.0,35.0,269.0,204.0,1452.0,73.0,18.0,17.0,1.0,1.0,0.0,0.38636363636363635,0.7727272727272727,0.5,0.48484848484848486,0.2857142857142857,0.2465753424657534,0.38636363636363635
2023,regular,2023_ev10,game-10-2023-06-16,game-10-2023-06-16,10,3,2023-06-17,CAN,Cannons,OUT,Outlaws,1,14.0,13.0,12.0,1.0,8.0,33.0,18.0,32.0,19.0,5.0,30.0,8.0,21.0,12.0,25.0,25.0,271.0,219.0,1298.0,58.0,13.0,13.0,13.0,0.0,6.0,36.0,27.0,4.0,4.0,36.0,19.0,10.0,30.0,21.0,8.0,5.0,28.0,28.0,292.0,237.0,1408.0,57.0,13.0,13.0,1.0,1.0,0.0,0.3611111111111111,0.75,0.48148148148148145,0.48,0.2631578947368421,0.22807017543859648,0.3611111111111111
2023,regular,2023_ev10,game-10-2023-06-16,game-10-2023-06-16,10,3,2023-06-17,OUT,Outlaws,CAN,Cannons,0,13.0,13.0,13.0,0.0,6.0,36.0,27.0,36.0,19.0,10.0,30.0,21.0,8.0,5.0,28.0,28.0,292.0,237.0,1408.0,57.0,14.0,13.0,12.0,1.0,8.0,33.0,18.0,2.0,1.0,32.0,19.0,5.0,30.0,8.0,21.0,12.0,25.0,25.0,271.0,219.0,1298.0,58.0,14.0,13.0,-1.0,0.0,1.0,0.3939393939393939,0.5454545454545454,0.7222222222222222,0.2777777777777778,0.5263157894736842,0.2413793103448276,0.3939393939393939
2023,regular,2023_ev11,game-11-2023-06-16,game-11-2023-06-16,11,3,2023-06-17,ARC,Archers,CHA,Chaos,0,10.0,10.0,10.0,0.0,6.0,45.0,29.0,32.0,20.0,4.0,28.0,17.0,11.0,11.0,29.0,30.0,255.0,190.0,1300.0,68.0,15.0,14.0,13.0,1.0,8.0,38.0,25.0,6.0,3.0,36.0,18.0,6.0,28.0,11.0,17.0,19.0,33.0,33.0,295.0,239.0,1382.0,61.0,15.0,14.0,-5.0,0.0,1.0,0.3684210526315789,0.6578947368421053,0.56,0.44,0.2222222222222222,0.2459016393442623,0.3684210526315789
2023,regular,2023_ev11,game-11-2023-06-16,game-11-2023-06-16,11,3,2023-06-17,CHA,Chaos,ARC,Archers,1,15.0,14.0,13.0,1.0,8.0,38.0,25.0,36.0,18.0,6.0,28.0,11.0,17.0,19.0,33.0,33.0,295.0,239.0,1382.0,61.0,10.0,10.0,10.0,0.0,6.0,45.0,29.0,9.0,5.0,32.0,20.0,4.0,28.0,17.0,11.0,11.0,29.0,30.0,255.0,190.0,1300.0,68.0,10.0,10.0,5.0,1.0,0.0,0.2222222222222222,0.6444444444444445,0.3448275862068966,0.6551724137931034,0.3,0.14705882352941177,0.2222222222222222
2023,regular,2023_ev12,game-12-2023-06-16,game-12-2023-06-16,12,3,2023-06-17,RED,Redwoods,WHP,Whipsnakes,0,11.0,11.0,11.0,0.0,4.0,43.0,25.0,29.0,20.0,4.0,30.0,21.0,9.0,12.0,28.0,28.0,245.0,182.0,1238.0,66.0,18.0,15.0,12.0,3.0,10.0,40.0,27.0,8.0,4.0,36.0,14.0,9.0,30.0,9.0,21.0,12.0,32.0,32.0,234.0,180.0,1383.0,59.0,18.0,15.0,-7.0,0.0,1.0,0.375,0.675,0.5555555555555556,0.4444444444444444,0.2857142857142857,0.3050847457627119,0.375
2023,regular,2023_ev12,game-12-2023-06-16,game-12-2023-06-16,12,3,2023-06-17,WHP,Whipsnakes,RED,Redwoods,1,18.0,15.0,12.0,3.0,10.0,40.0,27.0,36.0,14.0,9.0,30.0,9.0,21.0,12.0,32.0,32.0,234.0,180.0,1383.0,59.0,11.0,11.0,11.0,0.0,4.0,43.0,25.0,10.0,3.0,29.0,20.0,4.0,30.0,21.0,9.0,12.0,28.0,28.0,245.0,182.0,1238.0,66.0,11.0,11.0,7.0,1.0,0.0,0.2558139534883721,0.5813953488372093,0.44,0.5217391304347826,0.45,0.16666666666666666,0.2558139534883721
2023,regular,2023_ev13,game-13-2023-07-07,game-13-2023-07-07,13,4,2023-07-08,OUT,Outlaws,WAT,Waterdogs,1,7.0,7.0,7.0,0.0,3.0,38.0,23.0,41.0,23.0,10.0,20.0,18.0,2.0,10.0,39.0,39.0,264.0,203.0,1297.0,62.0,10.0,9.0,8.0,1.0,8.0,32.0,19.0,3.0,1.0,37.0,22.0,11.0,20.0,2.0,18.0,14.0,32.0,34.0,297.0,243.0,1443.0,56.0,10.0,9.0,-3.0,0.0,1.0,0.28125,0.59375,0.47368421052631576,0.5263157894736842,0.45454545454545453,0.17857142857142858,0.28125
2023,regular,2023_ev13,game-13-2023-07-07,game-13-2023-07-07,13,4,2023-07-08,WAT,Waterdogs,OUT,Outlaws,0,10.0,9.0,8.0,1.0,8.0,32.0,19.0,37.0,22.0,11.0,20.0,2.0,18.0,14.0,32.0,34.0,297.0,243.0,1443.0,56.0,7.0,7.0,7.0,0.0,3.0,38.0,23.0,4.0,2.0,41.0,23.0,10.0,20.0,18.0,2.0,10.0,39.0,39.0,264.0,203.0,1297.0,62.0,7.0,7.0,3.0,1.0,0.0,0.18421052631578946,0.6052631578947368,0.30434782608695654,0.6666666666666666,0.4782608695652174,0.11290322580645161,0.18421052631578946
2023,regular,2023_ev14,game-14-2023-07-07,game-14-2023-07-07,14,4,2023-07-09,ATL,Atlas,CAN,Cannons,1,12.0,10.0,8.0,2.0,6.0,34.0,21.0,46.0,24.0,6.0,32.0,27.0,5.0,13.0,31.0,33.0,217.0,159.0,1371.0,60.0,19.0,18.0,17.0,1.0,11.0,48.0,35.0,5.0,4.0,37.0,16.0,14.0,32.0,5.0,27.0,10.0,32.0,33.0,279.0,215.0,1321.0,68.0,19.0,18.0,-7.0,0.0,1.0,0.375,0.7291666666666666,0.5142857142857142,0.41935483870967744,0.375,0.27941176470588236,0.375
2023,regular,2023_ev14,game-14-2023-07-07,game-14-2023-07-07,14,4,2023-07-09,CAN,Cannons,ATL,Atlas,0,19.0,18.0,17.0,1.0,11.0,48.0,35.0,37.0,16.0,14.0,32.0,5.0,27.0,10.0,32.0,33.0,279.0,215.0,1321.0,68.0,12.0,10.0,8.0,2.0,6.0,34.0,21.0,8.0,5.0,46.0,24.0,6.0,32.0,27.0,5.0,13.0,31.0,33.0,217.0,159.0,1371.0,60.0,12.0,10.0,7.0,1.0,0.0,0.29411764705882354,0.6176470588235294,0.47619047619047616,0.5,0.5833333333333334,0.2,0.29411764705882354
2023,regular,2023_ev15,game-15-2023-07-07,game-15-2023-07-07,15,4,2023-07-09,CHA,Chaos,RED,Redwoods,1,8.0,8.0,8.0,0.0,7.0,42.0,23.0,27.0,21.0,7.0,25.0,11.0,14.0,15.0,29.0,29.0,265.0,202.0,1237.0,64.0,13.0,13.0,13.0,0.0,10.0,44.0,28.0,4.0,1.0,41.0,20.0,9.0,25.0,14.0,11.0,15.0,37.0,37.0,322.0,258.0,1466.0,71.0,13.0,13.0,-5.0,0.0,1.0,0.29545454545454547,0.6363636363636364,0.4642857142857143,0.5357142857142857,0.35,0.18309859154929578,0.29545454545454547
2023,regular,2023_ev15,game-15-2023-07-07,game-15-2023-07-07,15,4,2023-07-09,RED,Redwoods,CHA,Chaos,0,13.0,13.0,13.0,0.0,10.0,44.0,28.0,41.0,20.0,9.0,25.0,14.0,11.0,15.0,37.0,37.0,322.0,258.0,1466.0,71.0,8.0,8.0,8.0,0.0,7.0,42.0,23.0,7.0,2.0,27.0,21.0,7.0,25.0,11.0,14.0,15.0,29.0,29.0,265.0,202.0,1237.0,64.0,8.0,8.0,5.0,1.0,0.0,0.19047619047619047,0.5476190476190477,0.34782608695652173,0.6521739130434783,0.42857142857142855,0.125,0.19047619047619047
2023,regular,2023_ev16,game-16-2023-07-07,game-16-2023-07-07,16,4,2023-07-09,ARC,Archers,WHP,Whipsnakes,1,15.0,14.0,13.0,1.0,6.0,46.0,28.0,40.0,21.0,8.0,28.0,24.0,4.0,14.0,33.0,34.0,293.0,226.0,1432.0,77.0,12.0,10.0,8.0,2.0,7.0,38.0,25.0,6.0,2.0,18.0,14.0,4.0,28.0,4.0,24.0,12.0,30.0,30.0,209.0,157.0,1235.0,53.0,12.0,10.0,3.0,1.0,0.0,0.2631578947368421,0.6578947368421053,0.4,0.5833333333333334,0.5714285714285714,0.22641509433962265,0.2631578947368421
2023,regular,2023_ev16,game-16-2023-07-07,game-16-2023-07-07,16,4,2023-07-09,WHP,Whipsnakes,ARC,Archers,0,12.0,10.0,8.0,2.0,7.0,38.0,25.0,18.0,14.0,4.0,28.0,4.0,24.0,12.0,30.0,30.0,209.0,157.0,1235.0,53.0,15.0,14.0,13.0,1.0,6.0,46.0,28.0,6.0,2.0,40.0,21.0,8.0,28.0,24.0,4.0,14.0,33.0,34.0,293.0,226.0,1432.0,77.0,15.0,14.0,-3.0,0.0,1.0,0.30434782608695654,0.6086956521739131,0.5,0.46153846153846156,0.19047619047619047,0.19480519480519481,0.30434782608695654
2023,regular,2023_ev17,game-17-2023-07-14,game-17-2023-07-14,17,5,2023-07-14,WAT,Waterdogs,WHP,Whipsnakes,0,16.0,15.0,14.0,1.0,10.0,43.0,32.0,27.0,10.0,5.0,32.0,6.0,26.0,16.0,32.0,32.0,271.0,218.0,,54.0,13.0,13.0,13.0,0.0,6.0,45.0,31.0,5.0,2.0,47.0,19.0,5.0,32.0,26.0,6.0,14.0,42.0,42.0,256.0,192.0,,69.0,13.0,13.0,3.0,1.0,0.0,0.28888888888888886,0.6888888888888889,0.41935483870967744,0.5517241379310345,0.2631578947368421,0.18840579710144928,0.28888888888888886
2023,regular,2023_ev17,game-17-2023-07-14,game-17-2023-07-14,17,5,2023-07-14,WHP,Whipsnakes,WAT,Waterdogs,1,13.0,13.0,13.0,0.0,6.0,45.0,31.0,47.0,19.0,5.0,32.0,26.0,6.0,14.0,42.0,42.0,256.0,192.0,,69.0,16.0,15.0,14.0,1.0,10.0,43.0,32.0,4.0,2.0,27.0,10.0,5.0,32.0,6.0,26.0,16.0,32.0,32.0,271.0,218.0,,54.0,16.0,15.0,-3.0,0.0,1.0,0.3488372093023256,0.7441860465116279,0.46875,0.4827586206896552,0.5,0.2962962962962963,0.3488372093023256
2023,regular,2023_ev18,game-18-2023-07-14,game-18-2023-07-14,18,5,2023-07-15,ARC,Archers,RED,Redwoods,0,10.0,10.0,10.0,0.0,6.0,42.0,24.0,30.0,17.0,10.0,17.0,11.0,6.0,9.0,29.0,30.0,248.0,189.0,1406.0,61.0,3.0,3.0,3.0,0.0,1.0,26.0,12.0,3.0,1.0,21.0,24.0,3.0,17.0,6.0,11.0,14.0,21.0,22.0,231.0,181.0,1296.0,54.0,3.0,3.0,7.0,1.0,0.0,0.11538461538461539,0.46153846153846156,0.25,0.75,0.4166666666666667,0.05555555555555555,0.11538461538461539
2023,regular,2023_ev18,game-18-2023-07-14,game-18-2023-07-14,18,5,2023-07-15,RED,Redwoods,ARC,Archers,1,3.0,3.0,3.0,0.0,1.0,26.0,12.0,21.0,24.0,3.0,17.0,6.0,11.0,14.0,21.0,22.0,231.0,181.0,1296.0,54.0,10.0,10.0,10.0,0.0,6.0,42.0,24.0,5.0,3.0,30.0,17.0,10.0,17.0,11.0,6.0,9.0,29.0,30.0,248.0,189.0,1406.0,61.0,10.0,10.0,-7.0,0.0,1.0,0.23809523809523808,0.5714285714285714,0.4166666666666667,0.5833333333333334,0.17647058823529413,0.16393442622950818,0.23809523809523808
2023,regular,2023_ev19,game-19-2023-07-14,game-19-2023-07-14,19,5,2023-07-15,CAN,Cannons,OUT,Outlaws,1,12.0,12.0,12.0,0.0,7.0,46.0,29.0,29.0,12.0,10.0,22.0,4.0,18.0,11.0,32.0,32.0,330.0,272.0,,63.0,6.0,6.0,6.0,0.0,4.0,24.0,17.0,3.0,1.0,32.0,29.0,1.0,22.0,18.0,4.0,15.0,29.0,30.0,258.0,205.0,,57.0,6.0,6.0,6.0,1.0,0.0,0.25,0.7083333333333334,0.35294117647058826,0.6470588235294118,0.3448275862068966,0.10526315789473684,0.25
2023,regular,2023_ev19,game-19-2023-07-14,game-19-2023-07-14,19,5,2023-07-15,OUT,Outlaws,CAN,Cannons,0,6.0,6.0,6.0,0.0,4.0,24.0,17.0,32.0,29.0,1.0,22.0,18.0,4.0,15.0,29.0,30.0,258.0,205.0,,57.0,12.0,12.0,12.0,0.0,7.0,46.0,29.0,5.0,3.0,29.0,12.0,10.0,22.0,4.0,18.0,11.0,32.0,32.0,330.0,272.0,,63.0,12.0,12.0,-6.0,0.0,1.0,0.2608695652173913,0.6304347826086957,0.41379310344827586,0.5555555555555556,0.08333333333333333,0.19047619047619047,0.2608695652173913
2023,regular,2023_ev20,game-20-2023-07-14,game-20-2023-07-14,20,5,2023-07-16,ATL,Atlas,CHA,Chaos,0,11.0,11.0,11.0,0.0,5.0,46.0,27.0,47.0,16.0,3.0,30.0,23.0,7.0,12.0,32.0,34.0,269.0,207.0,1443.0,67.0,15.0,15.0,15.0,0.0,9.0,34.0,28.0,4.0,3.0,21.0,15.0,5.0,30.0,7.0,23.0,15.0,33.0,33.0,217.0,168.0,1215.0,53.0,15.0,15.0,-4.0,0.0,1.0,0.4411764705882353,0.8235294117647058,0.5357142857142857,0.4444444444444444,0.2,0.2830188679245283,0.4411764705882353
2023,regular,2023_ev20,game-20-2023-07-14,game-20-2023-07-14,20,5,2023-07-16,CHA,Chaos,ATL,Atlas,1,15.0,15.0,15.0,0.0,9.0,34.0,28.0,21.0,15.0,5.0,30.0,7.0,23.0,15.0,33.0,33.0,217.0,168.0,1215.0,53.0,11.0,11.0,11.0,0.0,5.0,46.0,27.0,8.0,5.0,47.0,16.0,3.0,30.0,23.0,7.0,12.0,32.0,34.0,269.0,207.0,1443.0,67.0,11.0,11.0,4.0,1.0,0.0,0.2391304347826087,0.5869565217391305,0.4074074074074074,0.5769230769230769,0.3125,0.16417910447761194,0.2391304347826087
2023,regular,2023_ev23,game-23-2023-07-28,game-23-2023-07-28,21,7,2023-07-29,ATL,Atlas,OUT,Outlaws,0,11.0,10.0,9.0,1.0,7.0,37.0,25.0,42.0,23.0,8.0,22.0,21.0,1.0,12.0,39.0,39.0,254.0,194.0,1402.0,66.0,9.0,8.0,7.0,1.0,5.0,40.0,23.0,3.0,3.0,22.0,18.0,7.0,22.0,1.0,21.0,14.0,35.0,35.0,289.0,231.0,1340.0,61.0,9.0,8.0,2.0,1.0,0.0,0.2,0.575,0.34782608695652173,0.6,0.4444444444444444,0.14754098360655737,0.2
2023,regular,2023_ev23,game-23-2023-07-28,game-23-2023-07-28,21,7,2023-07-29,OUT,Outlaws,ATL,Atlas,1,9.0,8.0,7.0,1.0,5.0,40.0,23.0,22.0,18.0,7.0,22.0,1.0,21.0,14.0,35.0,35.0,289.0,231.0,1340.0,61.0,11.0,10.0,9.0,1.0,7.0,37.0,25.0,5.0,3.0,42.0,23.0,8.0,22.0,21.0,1.0,12.0,39.0,39.0,254.0,194.0,1402.0,66.0,11.0,10.0,-2.0,0.0,1.0,0.2702702702702703,0.6756756756756757,0.4,0.5833333333333334,0.30434782608695654,0.16666666666666666,0.2702702702702703
2023,regular,2023_ev24,game-24-2023-07-28,game-24-2023-07-28,22,7,2023-07-30,CAN,Cannons,RED,Redwoods,0,16.0,16.0,16.0,0.0,11.0,39.0,27.0,21.0,9.0,5.0,30.0,1.0,29.0,17.0,33.0,33.0,277.0,229.0,1319.0,48.0,10.0,10.0,10.0,0.0,8.0,44.0,30.0,3.0,2.0,38.0,18.0,4.0,30.0,29.0,1.0,10.0,35.0,35.0,307.0,245.0,1439.0,66.0,10.0,10.0,6.0,1.0,0.0,0.22727272727272727,0.6818181818181818,0.3333333333333333,0.6296296296296297,0.2777777777777778,0.15151515151515152,0.22727272727272727
2023,regular,2023_ev24,game-24-2023-07-28,game-24-2023-07-28,22,7,2023-07-30,RED,Redwoods,CAN,Cannons,1,10.0,10.0,10.0,0.0,8.0,44.0,30.0,38.0,18.0,4.0,30.0,29.0,1.0,10.0,35.0,35.0,307.0,245.0,1439.0,66.0,16.0,16.0,16.0,0.0,11.0,39.0,27.0,2.0,0.0,21.0,9.0,5.0,30.0,1.0,29.0,17.0,33.0,33.0,277.0,229.0,1319.0,48.0,16.0,16.0,-6.0,0.0,1.0,0.41025641025641024,0.6923076923076923,0.5925925925925926,0.38461538461538464,0.4444444444444444,0.3333333333333333,0.41025641025641024
2023,regular,2023_ev25,game-25-2023-07-28,game-25-2023-07-28,23,7,2023-07-30,ARC,Archers,WAT,Waterdogs,1,19.0,17.0,15.0,2.0,7.0,48.0,29.0,55.0,21.0,3.0,38.0,33.0,5.0,15.0,36.0,36.0,292.0,223.0,1607.0,73.0,18.0,17.0,16.0,1.0,12.0,50.0,35.0,4.0,3.0,31.0,11.0,11.0,38.0,5.0,33.0,12.0,29.0,29.0,255.0,194.0,1039.0,62.0,18.0,17.0,1.0,1.0,0.0,0.34,0.7,0.4857142857142857,0.46875,0.2727272727272727,0.2903225806451613,0.34
2023,regular,2023_ev25,game-25-2023-07-28,game-25-2023-07-28,23,7,2023-07-30,WAT,Waterdogs,ARC,Archers,0,18.0,17.0,16.0,1.0,12.0,50.0,35.0,31.0,11.0,11.0,38.0,5.0,33.0,12.0,29.0,29.0,255.0,194.0,1039.0,62.0,19.0,17.0,15.0,2.0,7.0,48.0,29.0,5.0,4.0,55.0,21.0,3.0,38.0,33.0,5.0,15.0,36.0,36.0,292.0,223.0,1607.0,73.0,19.0,17.0,-1.0,0.0,1.0,0.3541666666666667,0.6041666666666666,0.5862068965517241,0.41379310344827586,0.5238095238095238,0.2602739726027397,0.3541666666666667
2023,regular,2023_ev26,game-26-2023-07-28,game-26-2023-07-28,24,7,2023-07-30,CHA,Chaos,WHP,Whipsnakes,1,16.0,16.0,16.0,0.0,9.0,46.0,29.0,32.0,17.0,12.0,35.0,16.0,18.0,14.0,36.0,36.0,260.0,197.0,1347.0,66.0,17.0,15.0,13.0,2.0,8.0,46.0,29.0,5.0,3.0,33.0,18.0,8.0,35.0,18.0,16.0,11.0,23.0,23.0,238.0,174.0,1277.0,66.0,17.0,15.0,-1.0,0.0,1.0,0.32608695652173914,0.6304347826086957,0.5172413793103449,0.4827586206896552,0.6666666666666666,0.25757575757575757,0.32608695652173914
2023,regular,2023_ev26,game-26-2023-07-28,game-26-2023-07-28,24,7,2023-07-30,WHP,Whipsnakes,CHA,Chaos,0,17.0,15.0,13.0,2.0,8.0,46.0,29.0,33.0,18.0,8.0,35.0,18.0,16.0,11.0,23.0,23.0,238.0,174.0,1277.0,66.0,16.0,16.0,16.0,0.0,9.0,46.0,29.0,4.0,1.0,32.0,17.0,12.0,35.0,16.0,18.0,14.0,36.0,36.0,260.0,197.0,1347.0,66.0,16.0,16.0,1.0,1.0,0.0,0.34782608695652173,0.6304347826086957,0.5517241379310345,0.4074074074074074,0.47058823529411764,0.24242424242424243,0.34782608695652173
2023,regular,2023_ev27,game-27-2023-08-04,game-27-2023-08-04,25,8,2023-08-05,ARC,Archers,ATL,Atlas,0,14.0,13.0,12.0,1.0,7.0,51.0,31.0,29.0,14.0,6.0,29.0,13.0,15.0,11.0,35.0,36.0,261.0,196.0,1208.0,68.0,13.0,12.0,11.0,1.0,11.0,36.0,24.0,7.0,4.0,37.0,21.0,3.0,29.0,15.0,13.0,16.0,36.0,36.0,290.0,233.0,1455.0,61.0,13.0,12.0,1.0,1.0,0.0,0.3333333333333333,0.6666666666666666,0.5,0.4782608695652174,0.2857142857142857,0.21311475409836064,0.3333333333333333
2023,regular,2023_ev27,game-27-2023-08-04,game-27-2023-08-04,25,8,2023-08-05,ATL,Atlas,ARC,Archers,1,13.0,12.0,11.0,1.0,11.0,36.0,24.0,37.0,21.0,3.0,29.0,15.0,13.0,16.0,36.0,36.0,290.0,233.0,1455.0,61.0,14.0,13.0,12.0,1.0,7.0,51.0,31.0,5.0,3.0,29.0,14.0,6.0,29.0,13.0,15.0,11.0,35.0,36.0,261.0,196.0,1208.0,68.0,14.0,13.0,-1.0,0.0,1.0,0.2549019607843137,0.6078431372549019,0.41935483870967744,0.5517241379310345,0.21428571428571427,0.20588235294117646,0.2549019607843137
2023,regular,2023_ev28,game-28-2023-08-04,game-28-2023-08-04,26,8,2023-08-05,OUT,Outlaws,WHP,Whipsnakes,1,5.0,5.0,5.0,0.0,4.0,30.0,20.0,17.0,13.0,3.0,20.0,0.0,20.0,17.0,27.0,27.0,275.0,232.0,1191.0,46.0,12.0,11.0,10.0,1.0,7.0,45.0,30.0,7.0,3.0,41.0,19.0,6.0,20.0,20.0,0.0,13.0,34.0,35.0,284.0,220.0,1466.0,74.0,12.0,11.0,-7.0,0.0,1.0,0.24444444444444444,0.6666666666666666,0.36666666666666664,0.6071428571428571,0.15789473684210525,0.16216216216216217,0.24444444444444444
2023,regular,2023_ev28,game-28-2023-08-04,game-28-2023-08-04,26,8,2023-08-05,WHP,Whipsnakes,OUT,Outlaws,0,12.0,11.0,10.0,1.0,7.0,45.0,30.0,41.0,19.0,6.0,20.0,20.0,0.0,13.0,34.0,35.0,284.0,220.0,1466.0,74.0,5.0,5.0,5.0,0.0,4.0,30.0,20.0,5.0,3.0,17.0,13.0,3.0,20.0,0.0,20.0,17.0,27.0,27.0,275.0,232.0,1191.0,46.0,5.0,5.0,7.0,1.0,0.0,0.16666666666666666,0.6666666666666666,0.25,0.7222222222222222,0.46153846153846156,0.10869565217391304,0.16666666666666666
2023,regular,2023_ev29,game-29-2023-08-04,game-29-2023-08-04,27,8,2023-08-06,CHA,Chaos,RED,Redwoods,1,14.0,12.0,10.0,2.0,8.0,36.0,23.0,25.0,17.0,7.0,28.0,12.0,16.0,17.0,26.0,26.0,235.0,182.0,1217.0,56.0,12.0,12.0,12.0,0.0,7.0,45.0,30.0,5.0,4.0,34.0,15.0,11.0,28.0,16.0,12.0,11.0,29.0,30.0,298.0,238.0,1486.0,64.0,12.0,12.0,2.0,1.0,0.0,0.26666666666666666,0.6666666666666666,0.4,0.5862068965517241,0.4666666666666667,0.1875,0.26666666666666666
2023,regular,2023_ev29,game-29-2023-08-04,game-29-2023-08-04,27,8,2023-08-06,RED,Redwoods,CHA,Chaos,0,12.0,12.0,12.0,0.0,7.0,45.0,30.0,34.0,15.0,11.0,28.0,16.0,12.0,11.0,29.0,30.0,298.0,238.0,1486.0,64.0,14.0,12.0,10.0,2.0,8.0,36.0,23.0,3.0,3.0,25.0,17.0,7.0,28.0,12.0,16.0,17.0,26.0,26.0,235.0,182.0,1217.0,56.0,14.0,12.0,-2.0,0.0,1.0,0.3333333333333333,0.6388888888888888,0.5217391304347826,0.4782608695652174,0.6470588235294118,0.25,0.3333333333333333
2023,regular,2023_ev30,game-30-2023-08-04,game-30-2023-08-04,28,8,2023-08-06,CAN,Cannons,WAT,Waterdogs,1,12.0,11.0,10.0,1.0,7.0,37.0,25.0,26.0,15.0,7.0,23.0,1.0,22.0,16.0,32.0,32.0,271.0,219.0,1283.0,54.0,8.0,8.0,8.0,0.0,5.0,53.0,25.0,4.0,2.0,44.0,21.0,5.0,23.0,22.0,1.0,11.0,33.0,33.0,273.0,199.0,1447.0,79.0,8.0,8.0,4.0,1.0,0.0,0.1509433962264151,0.4716981132075472,0.32,0.6666666666666666,0.3333333333333333,0.10126582278481013,0.1509433962264151
2023,regular,2023_ev30,game-30-2023-08-04,game-30-2023-08-04,28,8,2023-08-06,WAT,Waterdogs,CAN,Cannons,0,8.0,8.0,8.0,0.0,5.0,53.0,25.0,44.0,21.0,5.0,23.0,22.0,1.0,11.0,33.0,33.0,273.0,199.0,1447.0,79.0,12.0,11.0,10.0,1.0,7.0,37.0,25.0,7.0,2.0,26.0,15.0,7.0,23.0,1.0,22.0,16.0,32.0,32.0,271.0,219.0,1283.0,54.0,12.0,11.0,-4.0,0.0,1.0,0.2972972972972973,0.6756756756756757,0.44,0.5,0.3333333333333333,0.2222222222222222,0.2972972972972973
2023,regular,2023_ev31,game-31-2023-08-11,game-31-2023-08-11,29,9,2023-08-12,CHA,Chaos,WHP,Whipsnakes,0,10.0,9.0,8.0,1.0,6.0,52.0,26.0,38.0,20.0,6.0,23.0,15.0,7.0,8.0,34.0,34.0,273.0,201.0,1436.0,77.0,12.0,10.0,8.0,2.0,2.0,36.0,21.0,7.0,4.0,24.0,17.0,7.0,23.0,7.0,15.0,17.0,28.0,28.0,235.0,182.0,1279.0,56.0,12.0,10.0,-2.0,0.0,1.0,0.2777777777777778,0.5833333333333334,0.47619047619047616,0.4444444444444444,0.35294117647058826,0.21428571428571427,0.2777777777777778
2023,regular,2023_ev31,game-31-2023-08-11,game-31-2023-08-11,29,9,2023-08-12,WHP,Whipsnakes,CHA,Chaos,1,12.0,10.0,8.0,2.0,2.0,36.0,21.0,24.0,17.0,7.0,23.0,7.0,15.0,17.0,28.0,28.0,235.0,182.0,1279.0,56.0,10.0,9.0,8.0,1.0,6.0,52.0,26.0,7.0,3.0,38.0,20.0,6.0,23.0,15.0,7.0,8.0,34.0,34.0,273.0,201.0,1436.0,77.0,10.0,9.0,2.0,1.0,0.0,0.17307692307692307,0.5,0.34615384615384615,0.6538461538461539,0.35,0.12987012987012986,0.17307692307692307
2023,regular,2023_ev32,game-32-2023-08-11,game-32-2023-08-11,30,9,2023-08-12,ARC,Archers,OUT,Outlaws,1,13.0,11.0,9.0,2.0,9.0,41.0,27.0,32.0,18.0,8.0,20.0,8.0,12.0,12.0,33.0,33.0,269.0,210.0,1285.0,62.0,5.0,5.0,5.0,0.0,2.0,36.0,19.0,6.0,2.0,30.0,17.0,3.0,20.0,12.0,8.0,11.0,31.0,32.0,297.0,244.0,1420.0,54.0,5.0,5.0,8.0,1.0,0.0,0.1388888888888889,0.5277777777777778,0.2631578947368421,0.7058823529411765,0.47058823529411764,0.09259259259259259,0.1388888888888889
2023,regular,2023_ev32,game-32-2023-08-11,game-32-2023-08-11,30,9,2023-08-12,OUT,Outlaws,ARC,Archers,0,5.0,5.0,5.0,0.0,2.0,36.0,19.0,30.0,17.0,3.0,20.0,12.0,8.0,11.0,31.0,32.0,297.0,244.0,1420.0,54.0,13.0,11.0,9.0,2.0,9.0,41.0,27.0,4.0,4.0,32.0,18.0,8.0,20.0,8.0,12.0,12.0,33.0,33.0,269.0,210.0,1285.0,62.0,13.0,11.0,-8.0,0.0,1.0,0.2682926829268293,0.6585365853658537,0.4074074074074074,0.5,0.16666666666666666,0.20967741935483872,0.2682926829268293
2023,regular,2023_ev33,game-33-2023-08-11,game-33-2023-08-11,31,9,2023-08-12,ATL,Atlas,WAT,Waterdogs,0,11.0,11.0,11.0,0.0,6.0,51.0,31.0,47.0,22.0,6.0,29.0,22.0,7.0,11.0,36.0,36.0,278.0,205.0,1539.0,77.0,14.0,14.0,14.0,0.0,6.0,44.0,26.0,3.0,0.0,30.0,19.0,8.0,29.0,7.0,22.0,15.0,34.0,34.0,223.0,160.0,1140.0,64.0,14.0,14.0,-3.0,0.0,1.0,0.3181818181818182,0.5909090909090909,0.5384615384615384,0.44,0.3157894736842105,0.21875,0.3181818181818182
2023,regular,2023_ev33,game-33-2023-08-11,game-33-2023-08-11,31,9,2023-08-12,WAT,Waterdogs,ATL,Atlas,1,14.0,14.0,14.0,0.0,6.0,44.0,26.0,30.0,19.0,8.0,29.0,7.0,22.0,15.0,34.0,34.0,223.0,160.0,1140.0,64.0,11.0,11.0,11.0,0.0,6.0,51.0,31.0,7.0,3.0,47.0,22.0,6.0,29.0,22.0,7.0,11.0,36.0,36.0,278.0,205.0,1539.0,77.0,11.0,11.0,3.0,1.0,0.0,0.21568627450980393,0.6078431372549019,0.3548387096774194,0.5769230769230769,0.36363636363636365,0.14285714285714285,0.21568627450980393
2023,regular,2023_ev34,game-34-2023-08-11,game-34-2023-08-11,32,9,2023-08-13,CAN,Cannons,RED,Redwoods,0,15.0,13.0,11.0,2.0,9.0,47.0,26.0,29.0,19.0,14.0,32.0,3.0,29.0,19.0,31.0,33.0,312.0,246.0,1332.0,70.0,16.0,15.0,14.0,1.0,6.0,57.0,34.0,7.0,7.0,64.0,28.0,7.0,32.0,29.0,3.0,13.0,27.0,29.0,345.0,260.0,1764.0,90.0,16.0,15.0,-1.0,0.0,1.0,0.2631578947368421,0.5964912280701754,0.4411764705882353,0.5588235294117647,0.5,0.17777777777777778,0.2631578947368421
2023,regular,2023_ev34,game-34-2023-08-11,game-34-2023-08-11,32,9,2023-08-13,RED,Redwoods,CAN,Cannons,1,16.0,15.0,14.0,1.0,6.0,57.0,34.0,64.0,28.0,7.0,32.0,29.0,3.0,13.0,27.0,29.0,345.0,260.0,1764.0,90.0,15.0,13.0,11.0,2.0,9.0,47.0,26.0,9.0,3.0,29.0,19.0,14.0,32.0,3.0,29.0,19.0,31.0,33.0,312.0,246.0,1332.0,70.0,15.0,13.0,1.0,1.0,0.0,0.2765957446808511,0.5531914893617021,0.5,0.5,0.3684210526315789,0.21428571428571427,0.2765957446808511
2023,regular,2023_ev35,game-35-2023-08-18,game-35-2023-08-18,33,10,2023-08-19,ARC,Archers,WHP,Whipsnakes,0,16.0,14.0,12.0,2.0,6.0,47.0,29.0,41.0,20.0,11.0,27.0,13.0,13.0,11.0,33.0,34.0,277.0,210.0,1433.0,69.0,11.0,9.0,7.0,2.0,3.0,44.0,24.0,10.0,5.0,28.0,17.0,6.0,27.0,13.0,13.0,13.0,28.0,28.0,232.0,171.0,1264.0,64.0,11.0,9.0,5.0,1.0,0.0,0.20454545454545456,0.5454545454545454,0.375,0.55,0.6470588235294118,0.171875,0.20454545454545456
2023,regular,2023_ev35,game-35-2023-08-18,game-35-2023-08-18,33,10,2023-08-19,WHP,Whipsnakes,ARC,Archers,1,11.0,9.0,7.0,2.0,3.0,44.0,24.0,28.0,17.0,6.0,27.0,13.0,13.0,13.0,28.0,28.0,232.0,171.0,1264.0,64.0,16.0,14.0,12.0,2.0,6.0,47.0,29.0,8.0,4.0,41.0,20.0,11.0,27.0,13.0,13.0,11.0,33.0,34.0,277.0,210.0,1433.0,69.0,16.0,14.0,-5.0,0.0,1.0,0.2978723404255319,0.6170212765957447,0.4827586206896552,0.48148148148148145,0.3,0.2318840579710145,0.2978723404255319
2023,regular,2023_ev36,game-36-2023-08-18,game-36-2023-08-18,34,10,2023-08-19,ATL,Atlas,CAN,Cannons,0,13.0,13.0,13.0,0.0,7.0,35.0,23.0,55.0,27.0,7.0,28.0,27.0,1.0,13.0,34.0,35.0,231.0,169.0,1361.0,64.0,14.0,11.0,8.0,3.0,7.0,47.0,26.0,7.0,3.0,31.0,15.0,16.0,28.0,1.0,27.0,10.0,28.0,29.0,279.0,217.0,1394.0,65.0,14.0,11.0,-1.0,0.0,1.0,0.23404255319148937,0.5531914893617021,0.4230769230769231,0.5416666666666666,0.4666666666666667,0.2153846153846154,0.23404255319148937
2023,regular,2023_ev36,game-36-2023-08-18,game-36-2023-08-18,34,10,2023-08-19,CAN,Cannons,ATL,Atlas,1,14.0,11.0,8.0,3.0,7.0,47.0,26.0,31.0,15.0,16.0,28.0,1.0,27.0,10.0,28.0,29.0,279.0,217.0,1394.0,65.0,13.0,13.0,13.0,0.0,7.0,35.0,23.0,1.0,1.0,55.0,27.0,7.0,28.0,27.0,1.0,13.0,34.0,35.0,231.0,169.0,1361.0,64.0,13.0,13.0,1.0,1.0,0.0,0.37142857142857144,0.6571428571428571,0.5652173913043478,0.43478260869565216,0.5925925925925926,0.203125,0.37142857142857144
2023,regular,2023_ev37,game-37-2023-08-18,game-37-2023-08-18,35,10,2023-08-20,OUT,Outlaws,RED,Redwoods,0,10.0,9.0,8.0,1.0,5.0,34.0,19.0,22.0,20.0,10.0,22.0,5.0,17.0,12.0,31.0,31.0,259.0,205.0,1254.0,58.0,11.0,9.0,7.0,2.0,3.0,40.0,22.0,7.0,3.0,41.0,23.0,8.0,22.0,17.0,5.0,9.0,36.0,36.0,303.0,240.0,1492.0,67.0,11.0,9.0,-1.0,0.0,1.0,0.225,0.55,0.4090909090909091,0.5714285714285714,0.43478260869565216,0.16417910447761194,0.225
2023,regular,2023_ev37,game-37-2023-08-18,game-37-2023-08-18,35,10,2023-08-20,RED,Redwoods,OUT,Outlaws,1,11.0,9.0,7.0,2.0,3.0,40.0,22.0,41.0,23.0,8.0,22.0,17.0,5.0,9.0,36.0,36.0,303.0,240.0,1492.0,67.0,10.0,9.0,8.0,1.0,5.0,34.0,19.0,6.0,2.0,22.0,20.0,10.0,22.0,5.0,17.0,12.0,31.0,31.0,259.0,205.0,1254.0,58.0,10.0,9.0,1.0,1.0,0.0,0.2647058823529412,0.5588235294117647,0.47368421052631576,0.5,0.4,0.1724137931034483,0.2647058823529412
2023,regular,2023_ev38,game-38-2023-08-18,game-38-2023-08-18,36,10,2023-08-20,CHA,Chaos,WAT,Waterdogs,0,8.0,7.0,6.0,1.0,4.0,41.0,26.0,38.0,21.0,4.0,20.0,17.0,3.0,17.0,35.0,35.0,254.0,192.0,1493.0,64.0,13.0,9.0,5.0,4.0,7.0,40.0,27.0,6.0,6.0,35.0,12.0,11.0,20.0,3.0,17.0,17.0,31.0,32.0,302.0,250.0,1207.0,52.0,13.0,9.0,-5.0,0.0,1.0,0.225,0.675,0.3333333333333333,0.6538461538461539,0.3333333333333333,0.25,0.225
2023,regular,2023_ev38,game-38-2023-08-18,game-38-2023-08-18,36,10,2023-08-20,WAT,Waterdogs,CHA,Chaos,1,13.0,9.0,5.0,4.0,7.0,40.0,27.0,35.0,12.0,11.0,20.0,3.0,17.0,17.0,31.0,32.0,302.0,250.0,1207.0,52.0,8.0,7.0,6.0,1.0,4.0,41.0,26.0,5.0,2.0,38.0,21.0,4.0,20.0,17.0,3.0,17.0,35.0,35.0,254.0,192.0,1493.0,64.0,8.0,7.0,5.0,1.0,0.0,0.17073170731707318,0.6341463414634146,0.2692307692307692,0.7083333333333334,0.5238095238095238,0.125,0.17073170731707318
2023,regular,2023_ev39,game-39-2023-08-25,game-39-2023-08-25,37,11,2023-08-26,ARC,Archers,WAT,Waterdogs,0,13.0,12.0,11.0,1.0,6.0,56.0,35.0,50.0,21.0,9.0,29.0,23.0,5.0,20.0,35.0,35.0,289.0,212.0,1458.0,83.0,14.0,13.0,12.0,1.0,7.0,44.0,34.0,5.0,5.0,30.0,16.0,3.0,29.0,5.0,23.0,18.0,26.0,29.0,262.0,202.0,1224.0,61.0,14.0,13.0,-1.0,0.0,1.0,0.29545454545454547,0.7727272727272727,0.38235294117647056,0.6060606060606061,0.5625,0.22950819672131148,0.29545454545454547
2023,regular,2023_ev39,game-39-2023-08-25,game-39-2023-08-25,37,11,2023-08-26,WAT,Waterdogs,ARC,Archers,1,14.0,13.0,12.0,1.0,7.0,44.0,34.0,30.0,16.0,3.0,29.0,5.0,23.0,18.0,26.0,29.0,262.0,202.0,1224.0,61.0,13.0,12.0,11.0,1.0,6.0,56.0,35.0,13.0,6.0,50.0,21.0,9.0,29.0,23.0,5.0,20.0,35.0,35.0,289.0,212.0,1458.0,83.0,13.0,12.0,1.0,1.0,0.0,0.21428571428571427,0.625,0.34285714285714286,0.6,0.14285714285714285,0.1566265060240964,0.21428571428571427
2023,regular,2023_ev40,game-40-2023-08-25,game-40-2023-08-25,38,11,2023-08-26,ATL,Atlas,RED,Redwoods,0,7.0,7.0,7.0,0.0,5.0,27.0,16.0,27.0,22.0,4.0,22.0,12.0,10.0,15.0,27.0,29.0,247.0,198.0,1157.0,52.0,12.0,11.0,10.0,1.0,7.0,40.0,27.0,5.0,3.0,28.0,21.0,7.0,22.0,10.0,12.0,7.0,31.0,33.0,306.0,245.0,1551.0,65.0,12.0,11.0,-5.0,0.0,1.0,0.275,0.675,0.4074074074074074,0.5769230769230769,0.19047619047619047,0.18461538461538463,0.275
2023,regular,2023_ev40,game-40-2023-08-25,game-40-2023-08-25,38,11,2023-08-26,RED,Redwoods,ATL,Atlas,1,12.0,11.0,10.0,1.0,7.0,40.0,27.0,28.0,21.0,7.0,22.0,10.0,12.0,7.0,31.0,33.0,306.0,245.0,1551.0,65.0,7.0,7.0,7.0,0.0,5.0,27.0,16.0,3.0,2.0,27.0,22.0,4.0,22.0,12.0,10.0,15.0,27.0,29.0,247.0,198.0,1157.0,52.0,7.0,7.0,5.0,1.0,0.0,0.25925925925925924,0.5925925925925926,0.4375,0.5,0.3181818181818182,0.1346153846153846,0.25925925925925924
2023,regular,2023_ev41,game-41-2023-08-25,game-41-2023-08-25,39,11,2023-08-26,CAN,Cannons,WHP,Whipsnakes,0,15.0,13.0,11.0,2.0,5.0,36.0,27.0,26.0,13.0,12.0,26.0,0.0,26.0,14.0,30.0,31.0,256.0,207.0,1178.0,51.0,11.0,9.0,7.0,2.0,6.0,44.0,25.0,9.0,2.0,44.0,23.0,4.0,26.0,26.0,0.0,12.0,38.0,38.0,273.0,206.0,1578.0,73.0,11.0,9.0,4.0,1.0,0.0,0.20454545454545456,0.5681818181818182,0.36,0.6086956521739131,0.5217391304347826,0.1506849315068493,0.20454545454545456
2023,regular,2023_ev41,game-41-2023-08-25,game-41-2023-08-25,39,11,2023-08-26,WHP,Whipsnakes,CAN,Cannons,1,11.0,9.0,7.0,2.0,6.0,44.0,25.0,44.0,23.0,4.0,26.0,26.0,0.0,12.0,38.0,38.0,273.0,206.0,1578.0,73.0,15.0,13.0,11.0,2.0,5.0,36.0,27.0,3.0,2.0,26.0,13.0,12.0,26.0,0.0,26.0,14.0,30.0,31.0,256.0,207.0,1178.0,51.0,15.0,13.0,-4.0,0.0,1.0,0.3611111111111111,0.75,0.48148148148148145,0.48,0.3076923076923077,0.29411764705882354,0.3611111111111111
2023,regular,2023_ev42,game-42-2023-08-25,game-42-2023-08-25,40,11,2023-08-27,CHA,Chaos,OUT,Outlaws,0,13.0,13.0,13.0,0.0,11.0,45.0,28.0,42.0,24.0,8.0,24.0,16.0,8.0,13.0,39.0,39.0,282.0,213.0,1377.0,72.0,7.0,7.0,7.0,0.0,2.0,37.0,20.0,7.0,4.0,33.0,21.0,9.0,24.0,8.0,16.0,13.0,34.0,34.0,245.0,187.0,1315.0,58.0,7.0,7.0,6.0,1.0,0.0,0.1891891891891892,0.5405405405405406,0.35,0.65,0.38095238095238093,0.1206896551724138,0.1891891891891892
2023,regular,2023_ev42,game-42-2023-08-25,game-42-2023-08-25,40,11,2023-08-27,OUT,Outlaws,CHA,Chaos,1,7.0,7.0,7.0,0.0,2.0,37.0,20.0,33.0,21.0,9.0,24.0,8.0,16.0,13.0,34.0,34.0,245.0,187.0,1315.0,58.0,13.0,13.0,13.0,0.0,11.0,45.0,28.0,7.0,1.0,42.0,24.0,8.0,24.0,16.0,8.0,13.0,39.0,39.0,282.0,213.0,1377.0,72.0,13.0,13.0,-6.0,0.0,1.0,0.28888888888888886,0.6222222222222222,0.4642857142857143,0.5,0.375,0.18055555555555555,0.28888888888888886
2024,regular,2024_ev1,2024_game_1,2024_game_1,1,1,2024-06-01,ARC,Archers,WAT,Waterdogs,0,12.0,11.0,10.0,1.0,4.0,35.0,20.0,40.0,25.0,4.0,26.0,23.0,2.0,23.0,32.0,32.0,274.0,214.0,1312.0,64.0,11.0,11.0,11.0,0.0,6.0,51.0,36.0,4.0,2.0,25.0,8.0,12.0,26.0,2.0,23.0,9.0,33.0,33.0,296.0,237.0,1410.0,59.0,11.0,11.0,1.0,1.0,0.0,0.21568627450980393,0.7058823529411765,0.3055555555555556,0.6764705882352942,0.5,0.1864406779661017,0.21568627450980393
2024,regular,2024_ev1,2024_game_1,2024_game_1,1,1,2024-06-01,WAT,Waterdogs,ARC,Archers,1,11.0,11.0,11.0,0.0,6.0,51.0,36.0,25.0,8.0,12.0,26.0,2.0,23.0,9.0,33.0,33.0,296.0,237.0,1410.0,59.0,12.0,11.0,10.0,1.0,4.0,35.0,20.0,7.0,5.0,40.0,25.0,4.0,26.0,23.0,2.0,23.0,32.0,32.0,274.0,214.0,1312.0,64.0,12.0,11.0,-1.0,0.0,1.0,0.3142857142857143,0.5714285714285714,0.55,0.45,0.48,0.1875,0.3142857142857143
2024,regular,2024_ev2,2024_game_2,2024_game_2,2,1,2024-06-01,ATL,Atlas,CAN,Cannons,1,19.0,18.0,17.0,1.0,14.0,52.0,34.0,44.0,18.0,3.0,33.0,25.0,7.0,13.0,34.0,35.0,347.0,277.0,1346.0,74.0,12.0,11.0,10.0,1.0,6.0,39.0,27.0,9.0,4.0,33.0,9.0,6.0,33.0,7.0,25.0,13.0,31.0,31.0,226.0,178.0,1319.0,49.0,12.0,11.0,7.0,1.0,0.0,0.28205128205128205,0.6923076923076923,0.4074074074074074,0.5416666666666666,0.3333333333333333,0.24489795918367346,0.28205128205128205
2024,regular,2024_ev2,2024_game_2,2024_game_2,2,1,2024-06-01,CAN,Cannons,ATL,Atlas,0,12.0,11.0,10.0,1.0,6.0,39.0,27.0,33.0,9.0,6.0,33.0,7.0,25.0,13.0,31.0,31.0,226.0,178.0,1319.0,49.0,19.0,18.0,17.0,1.0,14.0,52.0,34.0,3.0,2.0,44.0,18.0,3.0,33.0,25.0,7.0,13.0,34.0,35.0,347.0,277.0,1346.0,74.0,19.0,18.0,-7.0,0.0,1.0,0.34615384615384615,0.6538461538461539,0.5294117647058824,0.41935483870967744,0.3333333333333333,0.25675675675675674,0.34615384615384615
2024,regular,2024_ev3,2024_game_3,2024_game_3,3,1,2024-06-02,CHA,Chaos,OUT,Outlaws,0,16.0,14.0,12.0,2.0,7.0,26.0,21.0,33.0,22.0,3.0,28.0,10.0,18.0,16.0,34.0,34.0,255.0,207.0,1232.0,51.0,11.0,10.0,9.0,1.0,6.0,47.0,27.0,6.0,3.0,36.0,17.0,9.0,28.0,18.0,10.0,5.0,31.0,31.0,306.0,242.0,1466.0,69.0,11.0,10.0,5.0,1.0,0.0,0.2127659574468085,0.574468085106383,0.37037037037037035,0.6153846153846154,0.17647058823529413,0.15942028985507245,0.2127659574468085
2024,regular,2024_ev3,2024_game_3,2024_game_3,3,1,2024-06-02,OUT,Outlaws,CHA,Chaos,1,11.0,10.0,9.0,1.0,6.0,47.0,27.0,36.0,17.0,9.0,28.0,18.0,10.0,5.0,31.0,31.0,306.0,242.0,1466.0,69.0,16.0,14.0,12.0,2.0,7.0,26.0,21.0,3.0,3.0,33.0,22.0,3.0,28.0,10.0,18.0,16.0,34.0,34.0,255.0,207.0,1232.0,51.0,16.0,14.0,-5.0,0.0,1.0,0.5384615384615384,0.8076923076923077,0.6666666666666666,0.2631578947368421,0.4090909090909091,0.3137254901960784,0.5384615384615384
2024,regular,2024_ev4,2024_game_4,2024_game_4,4,1,2024-06-02,ATL,Atlas,WHP,Whipsnakes,1,17.0,16.0,15.0,1.0,9.0,35.0,27.0,33.0,16.0,3.0,30.0,20.0,10.0,14.0,35.0,35.0,275.0,224.0,1241.0,58.0,13.0,10.0,7.0,3.0,7.0,38.0,26.0,7.0,5.0,22.0,14.0,4.0,30.0,10.0,20.0,9.0,31.0,31.0,223.0,171.0,1351.0,57.0,13.0,10.0,4.0,1.0,0.0,0.2631578947368421,0.6842105263157895,0.38461538461538464,0.5833333333333334,0.21428571428571427,0.22807017543859648,0.2631578947368421
2024,regular,2024_ev4,2024_game_4,2024_game_4,4,1,2024-06-02,WHP,Whipsnakes,ATL,Atlas,0,13.0,10.0,7.0,3.0,7.0,38.0,26.0,22.0,14.0,4.0,30.0,10.0,20.0,9.0,31.0,31.0,223.0,171.0,1351.0,57.0,17.0,16.0,15.0,1.0,9.0,35.0,27.0,6.0,4.0,33.0,16.0,3.0,30.0,20.0,10.0,14.0,35.0,35.0,275.0,224.0,1241.0,58.0,17.0,16.0,-4.0,0.0,1.0,0.45714285714285713,0.7714285714285715,0.5925925925925926,0.36,0.25,0.29310344827586204,0.45714285714285713
2024,regular,2024_ev5,2024_game_5,2024_game_5,5,2,2024-06-07,CHA,Chaos,RED,Redwoods,1,12.0,12.0,12.0,0.0,5.0,33.0,26.0,25.0,19.0,6.0,26.0,9.0,17.0,16.0,31.0,32.0,220.0,168.0,1295.0,57.0,11.0,10.0,9.0,1.0,6.0,45.0,27.0,8.0,4.0,29.0,19.0,5.0,26.0,17.0,9.0,12.0,26.0,26.0,296.0,232.0,1408.0,69.0,11.0,10.0,1.0,1.0,0.0,0.2222222222222222,0.6,0.37037037037037035,0.6153846153846154,0.3157894736842105,0.15942028985507245,0.2222222222222222
2024,regular,2024_ev5,2024_game_5,2024_game_5,5,2,2024-06-07,RED,Redwoods,CHA,Chaos,0,11.0,10.0,9.0,1.0,6.0,45.0,27.0,29.0,19.0,5.0,26.0,17.0,9.0,12.0,26.0,26.0,296.0,232.0,1408.0,69.0,12.0,12.0,12.0,0.0,5.0,33.0,26.0,4.0,3.0,25.0,19.0,6.0,26.0,9.0,17.0,16.0,31.0,32.0,220.0,168.0,1295.0,57.0,12.0,12.0,-1.0,0.0,1.0,0.36363636363636365,0.7878787878787878,0.46153846153846156,0.5,0.2631578947368421,0.21052631578947367,0.36363636363636365
2024,regular,2024_ev6,2024_game_6,2024_game_6,6,2,2024-06-08,ARC,Archers,OUT,Outlaws,0,17.0,16.0,15.0,1.0,9.0,45.0,31.0,36.0,19.0,6.0,37.0,14.0,23.0,13.0,35.0,35.0,244.0,180.0,1319.0,71.0,18.0,17.0,16.0,1.0,8.0,56.0,34.0,11.0,6.0,34.0,15.0,4.0,37.0,23.0,14.0,15.0,33.0,34.0,303.0,232.0,1552.0,74.0,18.0,17.0,-1.0,0.0,1.0,0.30357142857142855,0.6071428571428571,0.5,0.43333333333333335,0.4,0.24324324324324326,0.30357142857142855
2024,regular,2024_ev6,2024_game_6,2024_game_6,6,2,2024-06-08,OUT,Outlaws,ARC,Archers,1,18.0,17.0,16.0,1.0,8.0,56.0,34.0,34.0,15.0,4.0,37.0,23.0,14.0,15.0,33.0,34.0,303.0,232.0,1552.0,74.0,17.0,16.0,15.0,1.0,9.0,45.0,31.0,4.0,1.0,36.0,19.0,6.0,37.0,14.0,23.0,13.0,35.0,35.0,244.0,180.0,1319.0,71.0,17.0,16.0,1.0,1.0,0.0,0.35555555555555557,0.6888888888888889,0.5161290322580645,0.4838709677419355,0.21052631578947367,0.23943661971830985,0.35555555555555557
2024,regular,2024_ev8,2024_game_8,2024_game_8,7,2,2024-06-08,ATL,Atlas,CHA,Chaos,0,15.0,13.0,11.0,2.0,6.0,49.0,29.0,47.0,19.0,10.0,27.0,20.0,7.0,8.0,35.0,35.0,296.0,228.0,1587.0,75.0,12.0,10.0,8.0,2.0,5.0,30.0,20.0,5.0,4.0,18.0,15.0,7.0,27.0,7.0,20.0,13.0,27.0,27.0,216.0,171.0,1111.0,47.0,12.0,10.0,3.0,1.0,0.0,0.3333333333333333,0.6666666666666666,0.5,0.4444444444444444,0.6666666666666666,0.2553191489361702,0.3333333333333333
2024,regular,2024_ev8,2024_game_8,2024_game_8,7,2,2024-06-08,CHA,Chaos,ATL,Atlas,1,12.0,10.0,8.0,2.0,5.0,30.0,20.0,18.0,15.0,7.0,27.0,7.0,20.0,13.0,27.0,27.0,216.0,171.0,1111.0,47.0,15.0,13.0,11.0,2.0,6.0,49.0,29.0,7.0,4.0,47.0,19.0,10.0,27.0,20.0,7.0,8.0,35.0,35.0,296.0,228.0,1587.0,75.0,15.0,13.0,-3.0,0.0,1.0,0.2653061224489796,0.5918367346938775,0.4482758620689655,0.5,0.3684210526315789,0.2,0.2653061224489796
2024,regular,2024_ev7,2024_game_7,2024_game_7,8,2,2024-06-08,CAN,Cannons,WHP,Whipsnakes,1,13.0,12.0,11.0,1.0,8.0,51.0,28.0,36.0,15.0,8.0,25.0,11.0,14.0,14.0,26.0,26.0,304.0,238.0,1381.0,68.0,9.0,9.0,9.0,0.0,3.0,36.0,23.0,4.0,2.0,31.0,17.0,9.0,25.0,14.0,11.0,14.0,28.0,29.0,230.0,177.0,1306.0,54.0,9.0,9.0,4.0,1.0,0.0,0.25,0.6388888888888888,0.391304347826087,0.6086956521739131,0.47058823529411764,0.16666666666666666,0.25
2024,regular,2024_ev7,2024_game_7,2024_game_7,8,2,2024-06-08,WHP,Whipsnakes,CAN,Cannons,0,9.0,9.0,9.0,0.0,3.0,36.0,23.0,31.0,17.0,9.0,25.0,14.0,11.0,14.0,28.0,29.0,230.0,177.0,1306.0,54.0,13.0,12.0,11.0,1.0,8.0,51.0,28.0,9.0,5.0,36.0,15.0,8.0,25.0,11.0,14.0,14.0,26.0,26.0,304.0,238.0,1381.0,68.0,13.0,12.0,-4.0,0.0,1.0,0.23529411764705882,0.5490196078431373,0.42857142857142855,0.5384615384615384,0.6,0.19117647058823528,0.23529411764705882
2024,regular,2024_ev9,2024_game_9,2024_game_9,9,3,2024-06-15,CAN,Cannons,WAT,Waterdogs,0,12.0,10.0,8.0,2.0,2.0,40.0,28.0,38.0,24.0,4.0,24.0,18.0,6.0,15.0,30.0,30.0,244.0,180.0,1530.0,69.0,11.0,11.0,11.0,0.0,7.0,40.0,27.0,3.0,0.0,21.0,14.0,10.0,24.0,6.0,18.0,13.0,31.0,31.0,291.0,237.0,1195.0,55.0,11.0,11.0,1.0,1.0,0.0,0.275,0.675,0.4074074074074074,0.5769230769230769,0.2857142857142857,0.2,0.275
2024,regular,2024_ev9,2024_game_9,2024_game_9,9,3,2024-06-15,WAT,Waterdogs,CAN,Cannons,1,11.0,11.0,11.0,0.0,7.0,40.0,27.0,21.0,14.0,10.0,24.0,6.0,18.0,13.0,31.0,31.0,291.0,237.0,1195.0,55.0,12.0,10.0,8.0,2.0,2.0,40.0,28.0,5.0,3.0,38.0,24.0,4.0,24.0,18.0,6.0,15.0,30.0,30.0,244.0,180.0,1530.0,69.0,12.0,10.0,-1.0,0.0,1.0,0.25,0.7,0.35714285714285715,0.5652173913043478,0.4166666666666667,0.17391304347826086,0.25
2024,regular,2024_ev10,2024_game_10,2024_game_10,10,3,2024-06-15,ARC,Archers,CHA,Chaos,0,9.0,9.0,9.0,0.0,5.0,40.0,20.0,21.0,17.0,5.0,20.0,8.0,12.0,18.0,27.0,28.0,245.0,188.0,1413.0,58.0,7.0,7.0,7.0,0.0,3.0,39.0,27.0,3.0,2.0,30.0,17.0,9.0,20.0,12.0,8.0,11.0,28.0,29.0,247.0,191.0,1303.0,60.0,7.0,7.0,2.0,1.0,0.0,0.1794871794871795,0.6923076923076923,0.25925925925925924,0.72,0.29411764705882354,0.11666666666666667,0.1794871794871795
2024,regular,2024_ev10,2024_game_10,2024_game_10,10,3,2024-06-15,CHA,Chaos,ARC,Archers,1,7.0,7.0,7.0,0.0,3.0,39.0,27.0,30.0,17.0,9.0,20.0,12.0,8.0,11.0,28.0,29.0,247.0,191.0,1303.0,60.0,9.0,9.0,9.0,0.0,5.0,40.0,20.0,4.0,0.0,21.0,17.0,5.0,20.0,8.0,12.0,18.0,27.0,28.0,245.0,188.0,1413.0,58.0,9.0,9.0,-2.0,0.0,1.0,0.225,0.5,0.45,0.55,0.5294117647058824,0.15517241379310345,0.225
2024,regular,2024_ev11,2024_game_11,2024_game_11,11,3,2024-06-16,ATL,Atlas,RED,Redwoods,1,20.0,19.0,18.0,1.0,13.0,45.0,34.0,33.0,15.0,10.0,37.0,12.0,25.0,16.0,32.0,33.0,246.0,186.0,1287.0,62.0,15.0,14.0,13.0,1.0,9.0,44.0,31.0,6.0,5.0,31.0,20.0,9.0,37.0,25.0,12.0,14.0,32.0,33.0,233.0,169.0,1251.0,67.0,15.0,14.0,5.0,1.0,0.0,0.3181818181818182,0.7045454545454546,0.45161290322580644,0.5333333333333333,0.5,0.22388059701492538,0.3181818181818182
2024,regular,2024_ev11,2024_game_11,2024_game_11,11,3,2024-06-16,RED,Redwoods,ATL,Atlas,0,15.0,14.0,13.0,1.0,9.0,44.0,31.0,31.0,20.0,9.0,37.0,25.0,12.0,14.0,32.0,33.0,233.0,169.0,1251.0,67.0,20.0,19.0,18.0,1.0,13.0,45.0,34.0,8.0,7.0,33.0,15.0,10.0,37.0,12.0,25.0,16.0,32.0,33.0,246.0,186.0,1287.0,62.0,20.0,19.0,-5.0,0.0,1.0,0.4222222222222222,0.7555555555555555,0.5588235294117647,0.42424242424242425,0.6,0.3225806451612903,0.4222222222222222
2024,regular,2024_ev12,2024_game_12,2024_game_12,12,3,2024-06-16,WAT,Waterdogs,WHP,Whipsnakes,1,14.0,14.0,14.0,0.0,6.0,45.0,27.0,24.0,15.0,10.0,31.0,0.0,31.0,17.0,35.0,35.0,280.0,220.0,1213.0,64.0,15.0,13.0,11.0,2.0,7.0,46.0,30.0,5.0,3.0,51.0,24.0,7.0,31.0,31.0,0.0,13.0,48.0,48.0,262.0,192.0,1626.0,76.0,15.0,13.0,-1.0,0.0,1.0,0.2826086956521739,0.6521739130434783,0.43333333333333335,0.5666666666666667,0.4166666666666667,0.19736842105263158,0.2826086956521739
2024,regular,2024_ev12,2024_game_12,2024_game_12,12,3,2024-06-16,WHP,Whipsnakes,WAT,Waterdogs,0,15.0,13.0,11.0,2.0,7.0,46.0,30.0,51.0,24.0,7.0,31.0,31.0,0.0,13.0,48.0,48.0,262.0,192.0,1626.0,76.0,14.0,14.0,14.0,0.0,6.0,45.0,27.0,5.0,1.0,24.0,15.0,10.0,31.0,0.0,31.0,17.0,35.0,35.0,280.0,220.0,1213.0,64.0,14.0,14.0,1.0,1.0,0.0,0.3111111111111111,0.6,0.5185185185185185,0.48148148148148145,0.4666666666666667,0.21875,0.3111111111111111
2024,regular,2024_ev13,2024_game_13,2024_game_13,13,4,2024-06-28,ATL,Atlas,WHP,Whipsnakes,0,12.0,12.0,12.0,0.0,6.0,45.0,29.0,34.0,12.0,9.0,32.0,14.0,18.0,14.0,32.0,32.0,236.0,179.0,1087.0,58.0,16.0,16.0,16.0,0.0,4.0,49.0,32.0,5.0,2.0,40.0,20.0,5.0,32.0,18.0,14.0,14.0,34.0,36.0,270.0,201.0,1449.0,72.0,16.0,16.0,-4.0,0.0,1.0,0.32653061224489793,0.6530612244897959,0.5,0.4666666666666667,0.45,0.2222222222222222,0.32653061224489793
2024,regular,2024_ev13,2024_game_13,2024_game_13,13,4,2024-06-28,WHP,Whipsnakes,ATL,Atlas,1,16.0,16.0,16.0,0.0,4.0,49.0,32.0,40.0,20.0,5.0,32.0,18.0,14.0,14.0,34.0,36.0,270.0,201.0,1449.0,72.0,12.0,12.0,12.0,0.0,6.0,45.0,29.0,4.0,1.0,34.0,12.0,9.0,32.0,14.0,18.0,14.0,32.0,32.0,236.0,179.0,1087.0,58.0,12.0,12.0,4.0,1.0,0.0,0.26666666666666666,0.6444444444444445,0.41379310344827586,0.5384615384615384,0.4166666666666667,0.20689655172413793,0.26666666666666666
2024,regular,2024_ev14,2024_game_14,2024_game_14,14,4,2024-06-29,ARC,Archers,CAN,Cannons,1,9.0,9.0,9.0,0.0,4.0,30.0,21.0,35.0,23.0,9.0,22.0,13.0,9.0,8.0,30.0,30.0,253.0,200.0,1283.0,58.0,14.0,9.0,4.0,5.0,6.0,37.0,18.0,14.0,7.0,28.0,22.0,10.0,22.0,9.0,13.0,11.0,27.0,27.0,327.0,268.0,1399.0,59.0,14.0,9.0,-5.0,0.0,1.0,0.24324324324324326,0.4864864864864865,0.5,0.47058823529411764,0.4090909090909091,0.23728813559322035,0.24324324324324326
2024,regular,2024_ev14,2024_game_14,2024_game_14,14,4,2024-06-29,CAN,Cannons,ARC,Archers,0,14.0,9.0,4.0,5.0,6.0,37.0,18.0,28.0,22.0,10.0,22.0,9.0,13.0,11.0,27.0,27.0,327.0,268.0,1399.0,59.0,9.0,9.0,9.0,0.0,4.0,30.0,21.0,6.0,4.0,35.0,23.0,9.0,22.0,13.0,9.0,8.0,30.0,30.0,253.0,200.0,1283.0,58.0,9.0,9.0,5.0,1.0,0.0,0.3,0.7,0.42857142857142855,0.55,0.43478260869565216,0.15517241379310345,0.3
2024,regular,2024_ev15,2024_game_15,2024_game_15,15,4,2024-06-29,OUT,Outlaws,RED,Redwoods,1,13.0,12.0,11.0,1.0,8.0,43.0,26.0,31.0,18.0,6.0,22.0,6.0,16.0,11.0,32.0,32.0,278.0,217.0,1360.0,64.0,8.0,6.0,4.0,2.0,4.0,42.0,21.0,9.0,3.0,42.0,21.0,9.0,22.0,16.0,6.0,13.0,30.0,30.0,239.0,176.0,1350.0,69.0,8.0,6.0,5.0,1.0,0.0,0.14285714285714285,0.5,0.2857142857142857,0.6470588235294118,0.2857142857142857,0.11594202898550725,0.14285714285714285
2024,regular,2024_ev15,2024_game_15,2024_game_15,15,4,2024-06-29,RED,Redwoods,OUT,Outlaws,0,8.0,6.0,4.0,2.0,4.0,42.0,21.0,42.0,21.0,9.0,22.0,16.0,6.0,13.0,30.0,30.0,239.0,176.0,1350.0,69.0,13.0,12.0,11.0,1.0,8.0,43.0,26.0,6.0,3.0,31.0,18.0,6.0,22.0,6.0,16.0,11.0,32.0,32.0,278.0,217.0,1360.0,64.0,13.0,12.0,-5.0,0.0,1.0,0.27906976744186046,0.6046511627906976,0.46153846153846156,0.52,0.5,0.203125,0.27906976744186046
2024,regular,2024_ev16,2024_game_16,2024_game_16,16,4,2024-06-30,CHA,Chaos,WAT,Waterdogs,1,6.0,6.0,6.0,0.0,4.0,32.0,18.0,24.0,15.0,4.0,19.0,10.0,8.0,11.0,27.0,27.0,225.0,178.0,1281.0,50.0,10.0,9.0,8.0,1.0,7.0,40.0,22.0,7.0,4.0,36.0,18.0,8.0,19.0,8.0,10.0,12.0,22.0,22.0,276.0,218.0,1348.0,63.0,10.0,9.0,-4.0,0.0,1.0,0.225,0.55,0.4090909090909091,0.55,0.2222222222222222,0.15873015873015872,0.225
2024,regular,2024_ev16,2024_game_16,2024_game_16,16,4,2024-06-30,WAT,Waterdogs,CHA,Chaos,0,10.0,9.0,8.0,1.0,7.0,40.0,22.0,36.0,18.0,8.0,19.0,8.0,10.0,12.0,22.0,22.0,276.0,218.0,1348.0,63.0,6.0,6.0,6.0,0.0,4.0,32.0,18.0,3.0,1.0,24.0,15.0,4.0,19.0,10.0,8.0,11.0,27.0,27.0,225.0,178.0,1281.0,50.0,6.0,6.0,4.0,1.0,0.0,0.1875,0.5625,0.3333333333333333,0.6666666666666666,0.5333333333333333,0.12,0.1875
2024,regular,2024_ev17,2024_game_17,2024_game_17,17,5,2024-07-05,CAN,Cannons,RED,Redwoods,1,7.0,7.0,7.0,0.0,5.0,41.0,20.0,22.0,14.0,8.0,20.0,7.0,13.0,10.0,28.0,30.0,289.0,234.0,1435.0,56.0,9.0,9.0,9.0,0.0,3.0,38.0,19.0,1.0,1.0,28.0,20.0,7.0,20.0,13.0,7.0,13.0,27.0,27.0,289.0,231.0,1315.0,65.0,9.0,9.0,-2.0,0.0,1.0,0.23684210526315788,0.5,0.47368421052631576,0.5263157894736842,0.4,0.13846153846153847,0.23684210526315788
2024,regular,2024_ev17,2024_game_17,2024_game_17,17,5,2024-07-05,RED,Redwoods,CAN,Cannons,0,9.0,9.0,9.0,0.0,3.0,38.0,19.0,28.0,20.0,7.0,20.0,13.0,7.0,13.0,27.0,27.0,289.0,231.0,1315.0,65.0,7.0,7.0,7.0,0.0,5.0,41.0,20.0,7.0,3.0,22.0,14.0,8.0,20.0,7.0,13.0,10.0,28.0,30.0,289.0,234.0,1435.0,56.0,7.0,7.0,2.0,1.0,0.0,0.17073170731707318,0.4878048780487805,0.35,0.65,0.5,0.125,0.17073170731707318
2024,regular,2024_ev18,2024_game_18,2024_game_18,18,5,2024-07-06,ATL,Atlas,OUT,Outlaws,1,17.0,17.0,17.0,0.0,11.0,42.0,27.0,31.0,16.0,4.0,25.0,10.0,15.0,14.0,35.0,37.0,283.0,225.0,1416.0,59.0,4.0,4.0,4.0,0.0,3.0,39.0,22.0,7.0,4.0,23.0,18.0,9.0,25.0,15.0,10.0,9.0,22.0,23.0,176.0,119.0,1238.0,63.0,4.0,4.0,13.0,1.0,0.0,0.10256410256410256,0.5641025641025641,0.18181818181818182,0.7777777777777778,0.2222222222222222,0.06349206349206349,0.10256410256410256
2024,regular,2024_ev18,2024_game_18,2024_game_18,18,5,2024-07-06,OUT,Outlaws,ATL,Atlas,0,4.0,4.0,4.0,0.0,3.0,39.0,22.0,23.0,18.0,9.0,25.0,15.0,10.0,9.0,22.0,23.0,176.0,119.0,1238.0,63.0,17.0,17.0,17.0,0.0,11.0,42.0,27.0,3.0,1.0,31.0,16.0,4.0,25.0,10.0,15.0,14.0,35.0,37.0,283.0,225.0,1416.0,59.0,17.0,17.0,-13.0,0.0,1.0,0.40476190476190477,0.6428571428571429,0.6296296296296297,0.34615384615384615,0.5625,0.288135593220339,0.40476190476190477
2024,regular,2024_ev19,2024_game_19,2024_game_19,19,5,2024-07-06,ARC,Archers,WHP,Whipsnakes,0,16.0,15.0,14.0,1.0,3.0,41.0,25.0,31.0,20.0,6.0,30.0,11.0,18.0,15.0,35.0,35.0,237.0,176.0,1379.0,67.0,11.0,11.0,11.0,0.0,8.0,46.0,30.0,1.0,0.0,39.0,21.0,6.0,30.0,18.0,11.0,10.0,35.0,35.0,271.0,204.0,1234.0,67.0,11.0,11.0,5.0,1.0,0.0,0.2391304347826087,0.6521739130434783,0.36666666666666664,0.5769230769230769,0.2857142857142857,0.16417910447761194,0.2391304347826087
2024,regular,2024_ev19,2024_game_19,2024_game_19,19,5,2024-07-06,WHP,Whipsnakes,ARC,Archers,1,11.0,11.0,11.0,0.0,8.0,46.0,30.0,39.0,21.0,6.0,30.0,18.0,11.0,10.0,35.0,35.0,271.0,204.0,1234.0,67.0,16.0,15.0,14.0,1.0,3.0,41.0,25.0,6.0,2.0,31.0,20.0,6.0,30.0,11.0,18.0,15.0,35.0,35.0,237.0,176.0,1379.0,67.0,16.0,15.0,-5.0,0.0,1.0,0.36585365853658536,0.6097560975609756,0.6,0.4,0.3,0.23880597014925373,0.36585365853658536
2024,regular,2024_ev20,2024_game_20,2024_game_20,20,5,2024-07-06,CAN,Cannons,WAT,Waterdogs,1,14.0,12.0,10.0,2.0,9.0,37.0,25.0,28.0,16.0,4.0,26.0,13.0,13.0,15.0,28.0,29.0,234.0,181.0,1217.0,56.0,10.0,10.0,10.0,0.0,4.0,44.0,25.0,4.0,2.0,24.0,15.0,7.0,26.0,13.0,13.0,13.0,28.0,29.0,270.0,211.0,1460.0,62.0,10.0,10.0,4.0,1.0,0.0,0.22727272727272727,0.5681818181818182,0.4,0.6,0.26666666666666666,0.16129032258064516,0.22727272727272727
2024,regular,2024_ev20,2024_game_20,2024_game_20,20,5,2024-07-06,WAT,Waterdogs,CAN,Cannons,0,10.0,10.0,10.0,0.0,4.0,44.0,25.0,24.0,15.0,7.0,26.0,13.0,13.0,13.0,28.0,29.0,270.0,211.0,1460.0,62.0,14.0,12.0,10.0,2.0,9.0,37.0,25.0,6.0,3.0,28.0,16.0,4.0,26.0,13.0,13.0,15.0,28.0,29.0,234.0,181.0,1217.0,56.0,14.0,12.0,-4.0,0.0,1.0,0.32432432432432434,0.6756756756756757,0.48,0.52,0.4375,0.25,0.32432432432432434
2024,regular,2024_ev22,2024_game_22,2024_game_22,21,7,2024-07-19,OUT,Outlaws,WAT,Waterdogs,0,15.0,12.0,9.0,3.0,7.0,38.0,25.0,27.0,13.0,3.0,27.0,12.0,15.0,16.0,32.0,32.0,256.0,205.0,1339.0,54.0,13.0,11.0,9.0,2.0,5.0,45.0,27.0,7.0,4.0,36.0,15.0,3.0,27.0,15.0,12.0,10.0,27.0,27.0,244.0,184.0,1265.0,65.0,13.0,11.0,2.0,1.0,0.0,0.24444444444444444,0.6,0.4074074074074074,0.5925925925925926,0.2,0.2,0.24444444444444444
2024,regular,2024_ev22,2024_game_22,2024_game_22,21,7,2024-07-19,WAT,Waterdogs,OUT,Outlaws,1,13.0,11.0,9.0,2.0,5.0,45.0,27.0,36.0,15.0,3.0,27.0,15.0,12.0,10.0,27.0,27.0,244.0,184.0,1265.0,65.0,15.0,12.0,9.0,3.0,7.0,38.0,25.0,4.0,3.0,27.0,13.0,3.0,27.0,12.0,15.0,16.0,32.0,32.0,256.0,205.0,1339.0,54.0,15.0,12.0,-2.0,0.0,1.0,0.3157894736842105,0.6578947368421053,0.48,0.45454545454545453,0.23076923076923078,0.2777777777777778,0.3157894736842105
2024,regular,2024_ev23,2024_game_23,2024_game_23,22,7,2024-07-20,CHA,Chaos,WHP,Whipsnakes,0,10.0,10.0,10.0,0.0,3.0,44.0,24.0,32.0,20.0,5.0,23.0,7.0,16.0,18.0,36.0,36.0,268.0,204.0,1487.0,68.0,9.0,9.0,9.0,0.0,2.0,45.0,27.0,4.0,2.0,40.0,19.0,7.0,23.0,16.0,7.0,13.0,36.0,37.0,255.0,191.0,1323.0,71.0,9.0,9.0,1.0,1.0,0.0,0.2,0.6,0.3333333333333333,0.6666666666666666,0.2631578947368421,0.1267605633802817,0.2
2024,regular,2024_ev23,2024_game_23,2024_game_23,22,7,2024-07-20,WHP,Whipsnakes,CHA,Chaos,1,9.0,9.0,9.0,0.0,2.0,45.0,27.0,40.0,19.0,7.0,23.0,16.0,7.0,13.0,36.0,37.0,255.0,191.0,1323.0,71.0,10.0,10.0,10.0,0.0,3.0,44.0,24.0,4.0,2.0,32.0,20.0,5.0,23.0,7.0,16.0,18.0,36.0,36.0,268.0,204.0,1487.0,68.0,10.0,10.0,-1.0,0.0,1.0,0.22727272727272727,0.5454545454545454,0.4166666666666667,0.5652173913043478,0.35,0.14705882352941177,0.22727272727272727
2024,regular,2024_ev24,2024_game_24,2024_game_24,23,7,2024-07-20,ATL,Atlas,CAN,Cannons,0,12.0,12.0,12.0,0.0,5.0,40.0,29.0,45.0,19.0,8.0,30.0,22.0,8.0,9.0,38.0,38.0,264.0,205.0,1436.0,61.0,17.0,14.0,11.0,3.0,6.0,42.0,24.0,10.0,6.0,23.0,13.0,10.0,30.0,8.0,22.0,14.0,28.0,28.0,222.0,167.0,1230.0,58.0,17.0,14.0,-5.0,0.0,1.0,0.3333333333333333,0.5714285714285714,0.5833333333333334,0.391304347826087,0.6153846153846154,0.29310344827586204,0.3333333333333333
2024,regular,2024_ev24,2024_game_24,2024_game_24,23,7,2024-07-20,CAN,Cannons,ATL,Atlas,1,17.0,14.0,11.0,3.0,6.0,42.0,24.0,23.0,13.0,10.0,30.0,8.0,22.0,14.0,28.0,28.0,222.0,167.0,1230.0,58.0,12.0,12.0,12.0,0.0,5.0,40.0,29.0,4.0,3.0,45.0,19.0,8.0,30.0,22.0,8.0,9.0,38.0,38.0,264.0,205.0,1436.0,61.0,12.0,12.0,5.0,1.0,0.0,0.3,0.725,0.41379310344827586,0.5384615384615384,0.5263157894736842,0.19672131147540983,0.3
2024,regular,2024_ev25,2024_game_25,2024_game_25,24,7,2024-07-20,ARC,Archers,RED,Redwoods,0,15.0,14.0,13.0,1.0,7.0,51.0,29.0,34.0,19.0,3.0,26.0,17.0,9.0,10.0,37.0,37.0,274.0,204.0,1330.0,73.0,8.0,8.0,8.0,0.0,3.0,38.0,19.0,3.0,2.0,30.0,19.0,6.0,26.0,9.0,17.0,12.0,28.0,28.0,246.0,189.0,1325.0,61.0,8.0,8.0,7.0,1.0,0.0,0.21052631578947367,0.5,0.42105263157894735,0.5555555555555556,0.15789473684210525,0.13114754098360656,0.21052631578947367
2024,regular,2024_ev25,2024_game_25,2024_game_25,24,7,2024-07-20,RED,Redwoods,ARC,Archers,1,8.0,8.0,8.0,0.0,3.0,38.0,19.0,30.0,19.0,6.0,26.0,9.0,17.0,12.0,28.0,28.0,246.0,189.0,1325.0,61.0,15.0,14.0,13.0,1.0,7.0,51.0,29.0,8.0,3.0,34.0,19.0,3.0,26.0,17.0,9.0,10.0,37.0,37.0,274.0,204.0,1330.0,73.0,15.0,14.0,-7.0,0.0,1.0,0.27450980392156865,0.5686274509803921,0.4827586206896552,0.46153846153846156,0.3157894736842105,0.2054794520547945,0.27450980392156865
2024,regular,2024_ev27,2024_game_27,2024_game_27,25,8,2024-07-27,CAN,Cannons,OUT,Outlaws,1,12.0,11.0,10.0,1.0,5.0,38.0,21.0,37.0,22.0,7.0,23.0,14.0,9.0,13.0,31.0,31.0,272.0,212.0,1316.0,67.0,10.0,8.0,6.0,2.0,3.0,40.0,21.0,8.0,5.0,26.0,17.0,8.0,23.0,9.0,14.0,9.0,28.0,30.0,257.0,200.0,1365.0,61.0,10.0,8.0,2.0,1.0,0.0,0.2,0.525,0.38095238095238093,0.6190476190476191,0.4117647058823529,0.16393442622950818,0.2
2024,regular,2024_ev27,2024_game_27,2024_game_27,25,8,2024-07-27,OUT,Outlaws,CAN,Cannons,0,10.0,8.0,6.0,2.0,3.0,40.0,21.0,26.0,17.0,8.0,23.0,9.0,14.0,9.0,28.0,30.0,257.0,200.0,1365.0,61.0,12.0,11.0,10.0,1.0,5.0,38.0,21.0,8.0,3.0,37.0,22.0,7.0,23.0,14.0,9.0,13.0,31.0,31.0,272.0,212.0,1316.0,67.0,12.0,11.0,-2.0,0.0,1.0,0.2894736842105263,0.5526315789473685,0.5238095238095238,0.45,0.36363636363636365,0.1791044776119403,0.2894736842105263
2024,regular,2024_ev26,2024_game_26,2024_game_26,26,8,2024-07-27,CHA,Chaos,RED,Redwoods,0,8.0,7.0,6.0,1.0,3.0,43.0,22.0,24.0,14.0,5.0,19.0,5.0,14.0,14.0,30.0,32.0,227.0,170.0,1264.0,59.0,10.0,8.0,6.0,2.0,4.0,33.0,24.0,3.0,2.0,31.0,20.0,10.0,19.0,14.0,5.0,13.0,30.0,30.0,316.0,263.0,1386.0,58.0,10.0,8.0,-2.0,0.0,1.0,0.24242424242424243,0.7272727272727273,0.3333333333333333,0.6363636363636364,0.25,0.1724137931034483,0.24242424242424243
2024,regular,2024_ev26,2024_game_26,2024_game_26,26,8,2024-07-27,RED,Redwoods,CHA,Chaos,1,10.0,8.0,6.0,2.0,4.0,33.0,24.0,31.0,20.0,10.0,19.0,14.0,5.0,13.0,30.0,30.0,316.0,263.0,1386.0,58.0,8.0,7.0,6.0,1.0,3.0,43.0,22.0,7.0,4.0,24.0,14.0,5.0,19.0,5.0,14.0,14.0,30.0,32.0,227.0,170.0,1264.0,59.0,8.0,7.0,2.0,1.0,0.0,0.16279069767441862,0.5116279069767442,0.3181818181818182,0.65,0.7142857142857143,0.13559322033898305,0.16279069767441862
2024,regular,2024_ev28,2024_game_28,2024_game_28,27,8,2024-07-28,ATL,Atlas,WAT,Waterdogs,1,12.0,12.0,12.0,0.0,4.0,45.0,31.0,42.0,19.0,11.0,24.0,16.0,8.0,17.0,28.0,28.0,248.0,184.0,1237.0,69.0,11.0,8.0,5.0,3.0,4.0,47.0,31.0,12.0,7.0,40.0,21.0,11.0,24.0,8.0,16.0,17.0,32.0,33.0,246.0,178.0,1398.0,69.0,11.0,8.0,1.0,1.0,0.0,0.1702127659574468,0.6595744680851063,0.25806451612903225,0.68,0.5238095238095238,0.15942028985507245,0.1702127659574468
2024,regular,2024_ev28,2024_game_28,2024_game_28,27,8,2024-07-28,WAT,Waterdogs,ATL,Atlas,0,11.0,8.0,5.0,3.0,4.0,47.0,31.0,40.0,21.0,11.0,24.0,8.0,16.0,17.0,32.0,33.0,246.0,178.0,1398.0,69.0,12.0,12.0,12.0,0.0,4.0,45.0,31.0,3.0,1.0,42.0,19.0,11.0,24.0,16.0,8.0,17.0,28.0,28.0,248.0,184.0,1237.0,69.0,12.0,12.0,-1.0,0.0,1.0,0.26666666666666666,0.6888888888888889,0.3870967741935484,0.5862068965517241,0.5789473684210527,0.17391304347826086,0.26666666666666666
2024,regular,2024_ev29,2024_game_29,2024_game_29,28,8,2024-07-28,RED,Redwoods,WHP,Whipsnakes,1,13.0,11.0,9.0,2.0,5.0,39.0,23.0,34.0,22.0,10.0,30.0,14.0,15.0,17.0,34.0,34.0,282.0,221.0,1154.0,66.0,18.0,15.0,12.0,3.0,7.0,54.0,34.0,8.0,5.0,36.0,17.0,8.0,30.0,15.0,14.0,12.0,32.0,33.0,291.0,220.0,1421.0,71.0,18.0,15.0,-5.0,0.0,1.0,0.2777777777777778,0.6296296296296297,0.4411764705882353,0.53125,0.5882352941176471,0.2535211267605634,0.2777777777777778
2024,regular,2024_ev29,2024_game_29,2024_game_29,28,8,2024-07-28,WHP,Whipsnakes,RED,Redwoods,0,18.0,15.0,12.0,3.0,7.0,54.0,34.0,36.0,17.0,8.0,30.0,15.0,14.0,12.0,32.0,33.0,291.0,220.0,1421.0,71.0,13.0,11.0,9.0,2.0,5.0,39.0,23.0,5.0,5.0,34.0,22.0,10.0,30.0,14.0,15.0,17.0,34.0,34.0,282.0,221.0,1154.0,66.0,13.0,11.0,5.0,1.0,0.0,0.28205128205128205,0.5897435897435898,0.4782608695652174,0.5217391304347826,0.36363636363636365,0.19696969696969696,0.28205128205128205
2024,regular,2024_ev30,2024_game_30,2024_game_30,29,9,2024-08-03,WAT,Waterdogs,WHP,Whipsnakes,0,6.0,6.0,6.0,0.0,4.0,46.0,27.0,26.0,11.0,8.0,22.0,8.0,14.0,12.0,32.0,33.0,230.0,173.0,1273.0,61.0,12.0,12.0,12.0,0.0,4.0,41.0,25.0,5.0,1.0,37.0,20.0,2.0,22.0,14.0,8.0,20.0,34.0,34.0,260.0,199.0,1344.0,69.0,12.0,12.0,-6.0,0.0,1.0,0.2926829268292683,0.6097560975609756,0.48,0.5,0.4,0.17391304347826086,0.2926829268292683
2024,regular,2024_ev30,2024_game_30,2024_game_30,29,9,2024-08-03,WHP,Whipsnakes,WAT,Waterdogs,1,12.0,12.0,12.0,0.0,4.0,41.0,25.0,37.0,20.0,2.0,22.0,14.0,8.0,20.0,34.0,34.0,260.0,199.0,1344.0,69.0,6.0,6.0,6.0,0.0,4.0,46.0,27.0,6.0,2.0,26.0,11.0,8.0,22.0,8.0,14.0,12.0,32.0,33.0,230.0,173.0,1273.0,61.0,6.0,6.0,6.0,1.0,0.0,0.13043478260869565,0.5869565217391305,0.2222222222222222,0.7692307692307693,0.18181818181818182,0.09836065573770492,0.13043478260869565
2024,regular,2024_ev31,2024_game_31,2024_game_31,30,9,2024-08-03,OUT,Outlaws,RED,Redwoods,0,18.0,15.0,12.0,3.0,8.0,44.0,25.0,29.0,11.0,6.0,24.0,7.0,17.0,16.0,23.0,23.0,198.0,143.0,1087.0,58.0,5.0,5.0,5.0,0.0,2.0,34.0,22.0,6.0,5.0,35.0,16.0,4.0,24.0,17.0,7.0,6.0,23.0,24.0,217.0,167.0,983.0,52.0,5.0,5.0,13.0,1.0,0.0,0.14705882352941177,0.6470588235294118,0.22727272727272727,0.7619047619047619,0.375,0.09615384615384616,0.14705882352941177
2024,regular,2024_ev31,2024_game_31,2024_game_31,30,9,2024-08-03,RED,Redwoods,OUT,Outlaws,1,5.0,5.0,5.0,0.0,2.0,34.0,22.0,35.0,16.0,4.0,24.0,17.0,7.0,6.0,23.0,24.0,217.0,167.0,983.0,52.0,18.0,15.0,12.0,3.0,8.0,44.0,25.0,8.0,6.0,29.0,11.0,6.0,24.0,7.0,17.0,16.0,23.0,23.0,198.0,143.0,1087.0,58.0,18.0,15.0,-13.0,0.0,1.0,0.3409090909090909,0.5681818181818182,0.6,0.2857142857142857,0.36363636363636365,0.3103448275862069,0.3409090909090909
2024,regular,2024_ev32,2024_game_32,2024_game_32,31,9,2024-08-04,ARC,Archers,CHA,Chaos,1,14.0,14.0,14.0,0.0,7.0,53.0,30.0,34.0,16.0,4.0,33.0,23.0,9.0,14.0,27.0,27.0,256.0,187.0,1316.0,73.0,15.0,15.0,15.0,0.0,6.0,46.0,30.0,2.0,2.0,30.0,9.0,5.0,33.0,9.0,23.0,15.0,27.0,27.0,246.0,191.0,1212.0,56.0,15.0,15.0,-1.0,0.0,1.0,0.32608695652173914,0.6521739130434783,0.5,0.4827586206896552,0.4444444444444444,0.26785714285714285,0.32608695652173914
2024,regular,2024_ev32,2024_game_32,2024_game_32,31,9,2024-08-04,CHA,Chaos,ARC,Archers,0,15.0,15.0,15.0,0.0,6.0,46.0,30.0,30.0,9.0,5.0,33.0,9.0,23.0,15.0,27.0,27.0,246.0,191.0,1212.0,56.0,14.0,14.0,14.0,0.0,7.0,53.0,30.0,2.0,2.0,34.0,16.0,4.0,33.0,23.0,9.0,14.0,27.0,27.0,256.0,187.0,1316.0,73.0,14.0,14.0,1.0,1.0,0.0,0.2641509433962264,0.5660377358490566,0.4666666666666667,0.5172413793103449,0.3125,0.1917808219178082,0.2641509433962264
2024,regular,2024_ev33,2024_game_33,2024_game_33,32,9,2024-08-04,CAN,Cannons,WHP,Whipsnakes,0,14.0,13.0,12.0,1.0,5.0,40.0,25.0,23.0,10.0,8.0,30.0,9.0,21.0,14.0,34.0,34.0,220.0,170.0,1127.0,52.0,16.0,15.0,14.0,1.0,7.0,46.0,30.0,3.0,2.0,42.0,20.0,7.0,30.0,21.0,9.0,9.0,37.0,38.0,268.0,202.0,1585.0,73.0,16.0,15.0,-2.0,0.0,1.0,0.32608695652173914,0.6521739130434783,0.5,0.4827586206896552,0.4,0.2191780821917808,0.32608695652173914
2024,regular,2024_ev33,2024_game_33,2024_game_33,32,9,2024-08-04,WHP,Whipsnakes,CAN,Cannons,1,16.0,15.0,14.0,1.0,7.0,46.0,30.0,42.0,20.0,7.0,30.0,21.0,9.0,9.0,37.0,38.0,268.0,202.0,1585.0,73.0,14.0,13.0,12.0,1.0,5.0,40.0,25.0,8.0,3.0,23.0,10.0,8.0,30.0,9.0,21.0,14.0,34.0,34.0,220.0,170.0,1127.0,52.0,14.0,13.0,2.0,1.0,0.0,0.325,0.625,0.52,0.4090909090909091,0.7,0.2692307692307692,0.325
2024,regular,2024_ev34,2024_game_34,2024_game_34,33,10,2024-08-10,OUT,Outlaws,WHP,Whipsnakes,1,9.0,9.0,9.0,0.0,2.0,35.0,22.0,26.0,18.0,6.0,29.0,10.0,18.0,9.0,29.0,29.0,245.0,192.0,1324.0,59.0,16.0,16.0,16.0,0.0,6.0,39.0,26.0,2.0,0.0,41.0,17.0,6.0,29.0,18.0,10.0,11.0,37.0,38.0,234.0,178.0,1336.0,60.0,16.0,16.0,-7.0,0.0,1.0,0.41025641025641024,0.6666666666666666,0.6153846153846154,0.36,0.35294117647058826,0.26666666666666666,0.41025641025641024
2024,regular,2024_ev34,2024_game_34,2024_game_34,33,10,2024-08-10,WHP,Whipsnakes,OUT,Outlaws,0,16.0,16.0,16.0,0.0,6.0,39.0,26.0,41.0,17.0,6.0,29.0,18.0,10.0,11.0,37.0,38.0,234.0,178.0,1336.0,60.0,9.0,9.0,9.0,0.0,2.0,35.0,22.0,6.0,6.0,26.0,18.0,6.0,29.0,10.0,18.0,9.0,29.0,29.0,245.0,192.0,1324.0,59.0,9.0,9.0,7.0,1.0,0.0,0.2571428571428571,0.6285714285714286,0.4090909090909091,0.55,0.3333333333333333,0.15254237288135594,0.2571428571428571
2024,regular,2024_ev35,2024_game_35,2024_game_35,34,10,2024-08-10,RED,Redwoods,WAT,Waterdogs,1,13.0,12.0,11.0,1.0,7.0,46.0,24.0,41.0,24.0,10.0,27.0,13.0,14.0,11.0,37.0,40.0,273.0,203.0,1477.0,77.0,12.0,11.0,10.0,1.0,10.0,37.0,23.0,7.0,4.0,31.0,26.0,6.0,27.0,14.0,13.0,9.0,38.0,38.0,278.0,215.0,1389.0,67.0,12.0,11.0,1.0,1.0,0.0,0.2972972972972973,0.6216216216216216,0.4782608695652174,0.5,0.38461538461538464,0.1791044776119403,0.2972972972972973
2024,regular,2024_ev35,2024_game_35,2024_game_35,34,10,2024-08-10,WAT,Waterdogs,RED,Redwoods,0,12.0,11.0,10.0,1.0,10.0,37.0,23.0,31.0,26.0,6.0,27.0,14.0,13.0,9.0,38.0,38.0,278.0,215.0,1389.0,67.0,13.0,12.0,11.0,1.0,7.0,46.0,24.0,6.0,1.0,41.0,24.0,10.0,27.0,13.0,14.0,11.0,37.0,40.0,273.0,203.0,1477.0,77.0,13.0,12.0,-1.0,0.0,1.0,0.2608695652173913,0.5217391304347826,0.5,0.42857142857142855,0.25,0.16883116883116883,0.2608695652173913
2024,regular,2024_ev36,2024_game_36,2024_game_36,35,10,2024-08-10,ARC,Archers,ATL,Atlas,1,11.0,9.0,7.0,2.0,3.0,32.0,22.0,36.0,27.0,4.0,27.0,12.0,15.0,16.0,34.0,35.0,218.0,159.0,1351.0,63.0,15.0,14.0,13.0,1.0,6.0,46.0,32.0,2.0,2.0,35.0,14.0,10.0,27.0,15.0,12.0,13.0,32.0,33.0,268.0,208.0,1222.0,65.0,15.0,14.0,-4.0,0.0,1.0,0.30434782608695654,0.6956521739130435,0.4375,0.5333333333333333,0.2857142857142857,0.23076923076923078,0.30434782608695654
2024,regular,2024_ev36,2024_game_36,2024_game_36,35,10,2024-08-10,ATL,Atlas,ARC,Archers,0,15.0,14.0,13.0,1.0,6.0,46.0,32.0,35.0,14.0,10.0,27.0,15.0,12.0,13.0,32.0,33.0,268.0,208.0,1222.0,65.0,11.0,9.0,7.0,2.0,3.0,32.0,22.0,10.0,5.0,36.0,27.0,4.0,27.0,12.0,15.0,16.0,34.0,35.0,218.0,159.0,1351.0,63.0,11.0,9.0,4.0,1.0,0.0,0.28125,0.6875,0.4090909090909091,0.5909090909090909,0.37037037037037035,0.1746031746031746,0.28125
2024,regular,2024_ev37,2024_game_37,2024_game_37,36,10,2024-08-10,CHA,Chaos,OUT,Outlaws,0,4.0,4.0,4.0,0.0,3.0,43.0,16.0,28.0,19.0,10.0,18.0,7.0,11.0,10.0,27.0,27.0,253.0,191.0,1278.0,65.0,10.0,10.0,10.0,0.0,6.0,37.0,23.0,5.0,2.0,28.0,20.0,6.0,18.0,11.0,7.0,12.0,28.0,29.0,303.0,246.0,1436.0,60.0,10.0,10.0,-6.0,0.0,1.0,0.2702702702702703,0.6216216216216216,0.43478260869565216,0.5,0.5,0.16666666666666666,0.2702702702702703
2024,regular,2024_ev37,2024_game_37,2024_game_37,36,10,2024-08-10,OUT,Outlaws,CHA,Chaos,1,10.0,10.0,10.0,0.0,6.0,37.0,23.0,28.0,20.0,6.0,18.0,11.0,7.0,12.0,28.0,29.0,303.0,246.0,1436.0,60.0,4.0,4.0,4.0,0.0,3.0,43.0,16.0,10.0,3.0,28.0,19.0,10.0,18.0,7.0,11.0,10.0,27.0,27.0,253.0,191.0,1278.0,65.0,4.0,4.0,6.0,1.0,0.0,0.09302325581395349,0.37209302325581395,0.25,0.75,0.3157894736842105,0.06153846153846154,0.09302325581395349
2024,regular,2024_ev38,2024_game_38,2024_game_38,37,11,2024-08-17,ARC,Archers,RED,Redwoods,1,13.0,13.0,13.0,0.0,5.0,44.0,27.0,34.0,15.0,9.0,27.0,17.0,10.0,12.0,34.0,34.0,253.0,194.0,1399.0,62.0,12.0,10.0,8.0,2.0,4.0,41.0,25.0,11.0,6.0,25.0,18.0,7.0,27.0,10.0,17.0,13.0,31.0,32.0,288.0,229.0,1349.0,65.0,12.0,10.0,1.0,1.0,0.0,0.24390243902439024,0.6097560975609756,0.4,0.5454545454545454,0.5,0.18461538461538463,0.24390243902439024
2024,regular,2024_ev38,2024_game_38,2024_game_38,37,11,2024-08-17,RED,Redwoods,ARC,Archers,0,12.0,10.0,8.0,2.0,4.0,41.0,25.0,25.0,18.0,7.0,27.0,10.0,17.0,13.0,31.0,32.0,288.0,229.0,1349.0,65.0,13.0,13.0,13.0,0.0,5.0,44.0,27.0,6.0,3.0,34.0,15.0,9.0,27.0,17.0,10.0,12.0,34.0,34.0,253.0,194.0,1399.0,62.0,13.0,13.0,-1.0,0.0,1.0,0.29545454545454547,0.6136363636363636,0.48148148148148145,0.5,0.4666666666666667,0.20967741935483872,0.29545454545454547
2024,regular,2024_ev39,2024_game_39,2024_game_39,38,11,2024-08-17,CAN,Cannons,CHA,Chaos,0,11.0,11.0,11.0,0.0,6.0,53.0,35.0,37.0,15.0,12.0,25.0,13.0,12.0,10.0,28.0,29.0,349.0,281.0,1569.0,69.0,10.0,10.0,10.0,0.0,4.0,41.0,22.0,5.0,0.0,32.0,21.0,5.0,25.0,12.0,13.0,14.0,30.0,30.0,235.0,173.0,1217.0,65.0,10.0,10.0,1.0,1.0,0.0,0.24390243902439024,0.5365853658536586,0.45454545454545453,0.5,0.5714285714285714,0.15384615384615385,0.24390243902439024
2024,regular,2024_ev39,2024_game_39,2024_game_39,38,11,2024-08-17,CHA,Chaos,CAN,Cannons,1,10.0,10.0,10.0,0.0,4.0,41.0,22.0,32.0,21.0,5.0,25.0,12.0,13.0,14.0,30.0,30.0,235.0,173.0,1217.0,65.0,11.0,11.0,11.0,0.0,6.0,53.0,35.0,9.0,6.0,37.0,15.0,12.0,25.0,13.0,12.0,10.0,28.0,29.0,349.0,281.0,1569.0,69.0,11.0,11.0,-1.0,0.0,1.0,0.20754716981132076,0.660377358490566,0.3142857142857143,0.56,0.3333333333333333,0.15942028985507245,0.20754716981132076
2024,regular,2024_ev40,2024_game_40,2024_game_40,39,11,2024-08-17,ATL,Atlas,WAT,Waterdogs,0,12.0,12.0,12.0,0.0,9.0,43.0,28.0,45.0,29.0,7.0,29.0,22.0,7.0,14.0,31.0,32.0,272.0,200.0,1214.0,75.0,13.0,13.0,13.0,0.0,6.0,39.0,32.0,6.0,6.0,38.0,18.0,9.0,29.0,7.0,22.0,16.0,36.0,37.0,231.0,174.0,1377.0,58.0,13.0,13.0,-1.0,0.0,1.0,0.3333333333333333,0.8205128205128205,0.40625,0.5185185185185185,0.3888888888888889,0.22413793103448276,0.3333333333333333
2024,regular,2024_ev40,2024_game_40,2024_game_40,39,11,2024-08-17,WAT,Waterdogs,ATL,Atlas,1,13.0,13.0,13.0,0.0,6.0,39.0,32.0,38.0,18.0,9.0,29.0,7.0,22.0,16.0,36.0,37.0,231.0,174.0,1377.0,58.0,12.0,12.0,12.0,0.0,9.0,43.0,28.0,5.0,1.0,45.0,29.0,7.0,29.0,22.0,7.0,14.0,31.0,32.0,272.0,200.0,1214.0,75.0,12.0,12.0,1.0,1.0,0.0,0.27906976744186046,0.6511627906976745,0.42857142857142855,0.5714285714285714,0.3103448275862069,0.16,0.27906976744186046
2024,regular,2024_ev41,2024_game_41,2024_game_41,40,11,2024-08-18,ARC,Archers,OUT,Outlaws,1,13.0,12.0,11.0,1.0,7.0,42.0,22.0,31.0,19.0,5.0,24.0,12.0,12.0,18.0,27.0,30.0,238.0,177.0,1256.0,63.0,9.0,8.0,7.0,1.0,3.0,57.0,30.0,8.0,5.0,35.0,15.0,7.0,24.0,12.0,12.0,10.0,33.0,33.0,268.0,196.0,1384.0,77.0,9.0,8.0,4.0,1.0,0.0,0.14035087719298245,0.5263157894736842,0.26666666666666666,0.6923076923076923,0.3333333333333333,0.11688311688311688,0.14035087719298245
2024,regular,2024_ev41,2024_game_41,2024_game_41,40,11,2024-08-18,OUT,Outlaws,ARC,Archers,0,9.0,8.0,7.0,1.0,3.0,57.0,30.0,35.0,15.0,7.0,24.0,12.0,12.0,10.0,33.0,33.0,268.0,196.0,1384.0,77.0,13.0,12.0,11.0,1.0,7.0,42.0,22.0,8.0,4.0,31.0,19.0,5.0,24.0,12.0,12.0,18.0,27.0,30.0,238.0,177.0,1256.0,63.0,13.0,12.0,-4.0,0.0,1.0,0.2857142857142857,0.5238095238095238,0.5454545454545454,0.45454545454545453,0.3684210526315789,0.20634920634920634,0.2857142857142857
2025,regular,2025_ev_1,2025_game_1,2025_game_1,1,1,2025-05-30,ATL,Atlas,CHA,Chaos,1,10.0,10.0,10.0,0.0,3.0,41.0,25.0,36.0,21.0,4.0,22.0,17.0,4.0,16.0,35.0,36.0,309.0,247.0,1620.0,68.0,8.0,8.0,8.0,0.0,5.0,41.0,26.0,4.0,2.0,18.0,12.0,6.0,22.0,4.0,17.0,12.0,28.0,29.0,250.0,197.0,1043.0,56.0,8.0,8.0,2.0,1.0,0.0,0.1951219512195122,0.6341463414634146,0.3076923076923077,0.6666666666666666,0.3333333333333333,0.14285714285714285,0.1951219512195122
2025,regular,2025_ev_1,2025_game_1,2025_game_1,1,1,2025-05-30,CHA,Chaos,ATL,Atlas,0,8.0,8.0,8.0,0.0,5.0,41.0,26.0,18.0,12.0,6.0,22.0,4.0,17.0,12.0,28.0,29.0,250.0,197.0,1043.0,56.0,10.0,10.0,10.0,0.0,3.0,41.0,25.0,2.0,0.0,36.0,21.0,4.0,22.0,17.0,4.0,16.0,35.0,36.0,309.0,247.0,1620.0,68.0,10.0,10.0,-2.0,0.0,1.0,0.24390243902439024,0.6097560975609756,0.4,0.5454545454545454,0.2857142857142857,0.14705882352941177,0.24390243902439024
2025,regular,2025_ev_2,2025_game_2,2025_game_2,2,1,2025-05-31,OUT,Outlaws,RED,Redwoods,1,12.0,11.0,10.0,1.0,6.0,45.0,24.0,26.0,15.0,5.0,30.0,11.0,18.0,11.0,20.0,20.0,215.0,155.0,1314.0,65.0,15.0,15.0,15.0,0.0,8.0,35.0,26.0,8.0,5.0,35.0,21.0,4.0,30.0,18.0,11.0,10.0,30.0,30.0,304.0,248.0,1374.0,63.0,15.0,15.0,-3.0,0.0,1.0,0.42857142857142855,0.7428571428571429,0.5769230769230769,0.4230769230769231,0.23809523809523808,0.23809523809523808,0.42857142857142855
2025,regular,2025_ev_2,2025_game_2,2025_game_2,2,1,2025-05-31,RED,Redwoods,OUT,Outlaws,0,15.0,15.0,15.0,0.0,8.0,35.0,26.0,35.0,21.0,4.0,30.0,18.0,11.0,10.0,30.0,30.0,304.0,248.0,1374.0,63.0,12.0,11.0,10.0,1.0,6.0,45.0,24.0,9.0,2.0,26.0,15.0,5.0,30.0,11.0,18.0,11.0,20.0,20.0,215.0,155.0,1314.0,65.0,12.0,11.0,3.0,1.0,0.0,0.24444444444444444,0.5333333333333333,0.4583333333333333,0.47619047619047616,0.26666666666666666,0.18461538461538463,0.24444444444444444
2025,regular,2025_ev_3,2025_game_3,2025_game_3,3,1,2025-05-31,ARC,Archers,WHP,Whipsnakes,1,8.0,8.0,8.0,0.0,6.0,29.0,16.0,19.0,22.0,6.0,19.0,4.0,15.0,15.0,29.0,29.0,267.0,216.0,1259.0,60.0,7.0,7.0,7.0,0.0,3.0,41.0,22.0,1.0,0.0,30.0,16.0,5.0,19.0,15.0,4.0,6.0,33.0,35.0,259.0,202.0,1466.0,62.0,7.0,7.0,1.0,1.0,0.0,0.17073170731707318,0.5365853658536586,0.3181818181818182,0.6818181818181818,0.375,0.11290322580645161,0.17073170731707318
2025,regular,2025_ev_3,2025_game_3,2025_game_3,3,1,2025-05-31,WHP,Whipsnakes,ARC,Archers,0,7.0,7.0,7.0,0.0,3.0,41.0,22.0,30.0,16.0,5.0,19.0,15.0,4.0,6.0,33.0,35.0,259.0,202.0,1466.0,62.0,8.0,8.0,8.0,0.0,6.0,29.0,16.0,2.0,1.0,19.0,22.0,6.0,19.0,4.0,15.0,15.0,29.0,29.0,267.0,216.0,1259.0,60.0,8.0,8.0,-1.0,0.0,1.0,0.27586206896551724,0.5517241379310345,0.5,0.42857142857142855,0.22727272727272727,0.13333333333333333,0.27586206896551724
2025,regular,2025_ev_4,2025_game_4,2025_game_4,4,1,2025-05-31,ATL,Atlas,CAN,Cannons,1,12.0,12.0,12.0,0.0,9.0,42.0,31.0,32.0,22.0,5.0,29.0,19.0,10.0,14.0,31.0,31.0,299.0,235.0,1351.0,68.0,16.0,15.0,14.0,1.0,8.0,47.0,32.0,5.0,2.0,28.0,11.0,12.0,29.0,10.0,19.0,16.0,29.0,31.0,241.0,183.0,1359.0,60.0,16.0,15.0,-4.0,0.0,1.0,0.3191489361702128,0.6808510638297872,0.46875,0.4827586206896552,0.45454545454545453,0.26666666666666666,0.3191489361702128
2025,regular,2025_ev_4,2025_game_4,2025_game_4,4,1,2025-05-31,CAN,Cannons,ATL,Atlas,0,16.0,15.0,14.0,1.0,8.0,47.0,32.0,28.0,11.0,12.0,29.0,10.0,19.0,16.0,29.0,31.0,241.0,183.0,1359.0,60.0,12.0,12.0,12.0,0.0,9.0,42.0,31.0,5.0,2.0,32.0,22.0,5.0,29.0,19.0,10.0,14.0,31.0,31.0,299.0,235.0,1351.0,68.0,12.0,12.0,4.0,1.0,0.0,0.2857142857142857,0.7380952380952381,0.3870967741935484,0.5714285714285714,0.5454545454545454,0.17647058823529413,0.2857142857142857
2025,regular,2025_ev_5,2025_game_5,2025_game_5,5,2,2025-06-06,CHA,Chaos,OUT,Outlaws,1,12.0,12.0,12.0,0.0,6.0,36.0,22.0,28.0,23.0,4.0,24.0,10.0,14.0,25.0,34.0,35.0,271.0,212.0,1198.0,63.0,9.0,8.0,7.0,1.0,1.0,49.0,36.0,10.0,4.0,32.0,12.0,8.0,24.0,14.0,10.0,7.0,23.0,23.0,271.0,210.0,1473.0,64.0,9.0,8.0,3.0,1.0,0.0,0.16326530612244897,0.7346938775510204,0.2222222222222222,0.7575757575757576,0.3333333333333333,0.140625,0.16326530612244897
2025,regular,2025_ev_5,2025_game_5,2025_game_5,5,2,2025-06-06,OUT,Outlaws,CHA,Chaos,0,9.0,8.0,7.0,1.0,1.0,49.0,36.0,32.0,12.0,8.0,24.0,14.0,10.0,7.0,23.0,23.0,271.0,210.0,1473.0,64.0,12.0,12.0,12.0,0.0,6.0,36.0,22.0,3.0,1.0,28.0,23.0,4.0,24.0,10.0,14.0,25.0,34.0,35.0,271.0,212.0,1198.0,63.0,12.0,12.0,-3.0,0.0,1.0,0.3333333333333333,0.6111111111111112,0.5454545454545454,0.3684210526315789,0.34782608695652173,0.19047619047619047,0.3333333333333333
2025,regular,2025_ev_6,2025_game_6,2025_game_6,6,2,2025-06-07,WAT,Waterdogs,WHP,Whipsnakes,0,16.0,16.0,16.0,0.0,9.0,36.0,26.0,20.0,16.0,6.0,29.0,10.0,18.0,15.0,33.0,33.0,272.0,220.0,1263.0,57.0,12.0,9.0,6.0,3.0,5.0,36.0,24.0,7.0,6.0,32.0,16.0,7.0,29.0,18.0,10.0,10.0,31.0,31.0,282.0,230.0,1442.0,56.0,12.0,9.0,4.0,1.0,0.0,0.25,0.6666666666666666,0.375,0.625,0.375,0.21428571428571427,0.25
2025,regular,2025_ev_6,2025_game_6,2025_game_6,6,2,2025-06-07,WHP,Whipsnakes,WAT,Waterdogs,1,12.0,9.0,6.0,3.0,5.0,36.0,24.0,32.0,16.0,7.0,29.0,18.0,10.0,10.0,31.0,31.0,282.0,230.0,1442.0,56.0,16.0,16.0,16.0,0.0,9.0,36.0,26.0,3.0,2.0,20.0,16.0,6.0,29.0,10.0,18.0,15.0,33.0,33.0,272.0,220.0,1263.0,57.0,16.0,16.0,-4.0,0.0,1.0,0.4444444444444444,0.7222222222222222,0.6153846153846154,0.38461538461538464,0.4375,0.2807017543859649,0.4444444444444444
2025,regular,2025_ev_7,2025_game_7,2025_game_7,7,2,2025-06-07,ARC,Archers,CAN,Cannons,0,8.0,8.0,8.0,0.0,4.0,31.0,27.0,27.0,22.0,4.0,20.0,9.0,10.0,15.0,36.0,37.0,219.0,166.0,1376.0,54.0,9.0,8.0,7.0,1.0,3.0,51.0,25.0,8.0,5.0,28.0,18.0,13.0,20.0,10.0,9.0,17.0,30.0,30.0,309.0,240.0,1371.0,75.0,9.0,8.0,-1.0,0.0,1.0,0.1568627450980392,0.49019607843137253,0.32,0.6521739130434783,0.2222222222222222,0.12,0.1568627450980392
2025,regular,2025_ev_7,2025_game_7,2025_game_7,7,2,2025-06-07,CAN,Cannons,ARC,Archers,1,9.0,8.0,7.0,1.0,3.0,51.0,25.0,28.0,18.0,13.0,20.0,10.0,9.0,17.0,30.0,30.0,309.0,240.0,1371.0,75.0,8.0,8.0,8.0,0.0,4.0,31.0,27.0,6.0,5.0,27.0,22.0,4.0,20.0,9.0,10.0,15.0,36.0,37.0,219.0,166.0,1376.0,54.0,8.0,8.0,1.0,1.0,0.0,0.25806451612903225,0.8709677419354839,0.2962962962962963,0.68,0.5909090909090909,0.14814814814814814,0.25806451612903225
2025,regular,2025_ev_8,2025_game_8,2025_game_8,8,2,2025-06-07,CHA,Chaos,RED,Redwoods,1,10.0,8.0,6.0,2.0,4.0,31.0,18.0,21.0,24.0,2.0,27.0,10.0,17.0,20.0,24.0,27.0,226.0,171.0,1107.0,58.0,16.0,15.0,14.0,1.0,7.0,58.0,37.0,9.0,3.0,42.0,13.0,12.0,27.0,17.0,10.0,9.0,33.0,33.0,282.0,211.0,1602.0,77.0,16.0,15.0,-6.0,0.0,1.0,0.25862068965517243,0.6379310344827587,0.40540540540540543,0.5714285714285714,0.15384615384615385,0.2077922077922078,0.25862068965517243
2025,regular,2025_ev_8,2025_game_8,2025_game_8,8,2,2025-06-07,RED,Redwoods,CHA,Chaos,0,16.0,15.0,14.0,1.0,7.0,58.0,37.0,42.0,13.0,12.0,27.0,17.0,10.0,9.0,33.0,33.0,282.0,211.0,1602.0,77.0,10.0,8.0,6.0,2.0,4.0,31.0,18.0,4.0,3.0,21.0,24.0,2.0,27.0,10.0,17.0,20.0,24.0,27.0,226.0,171.0,1107.0,58.0,10.0,8.0,6.0,1.0,0.0,0.25806451612903225,0.5806451612903226,0.4444444444444444,0.5294117647058824,0.5,0.1724137931034483,0.25806451612903225
2025,regular,2025_ev_9,2025_game_9,2025_game_9,9,3,2025-06-13,CAN,Cannons,WAT,Waterdogs,0,11.0,10.0,9.0,1.0,6.0,36.0,20.0,28.0,20.0,5.0,28.0,13.0,14.0,12.0,24.0,24.0,268.0,212.0,1172.0,61.0,14.0,14.0,14.0,0.0,8.0,44.0,29.0,5.0,3.0,29.0,13.0,8.0,28.0,14.0,13.0,9.0,31.0,32.0,230.0,173.0,1525.0,61.0,14.0,14.0,-3.0,0.0,1.0,0.3181818181818182,0.6590909090909091,0.4827586206896552,0.46153846153846156,0.38461538461538464,0.22950819672131148,0.3181818181818182
2025,regular,2025_ev_9,2025_game_9,2025_game_9,9,3,2025-06-13,WAT,Waterdogs,CAN,Cannons,1,14.0,14.0,14.0,0.0,8.0,44.0,29.0,29.0,13.0,8.0,28.0,14.0,13.0,9.0,31.0,32.0,230.0,173.0,1525.0,61.0,11.0,10.0,9.0,1.0,6.0,36.0,20.0,10.0,5.0,28.0,20.0,5.0,28.0,13.0,14.0,12.0,24.0,24.0,268.0,212.0,1172.0,61.0,11.0,10.0,3.0,1.0,0.0,0.2777777777777778,0.5555555555555556,0.5,0.47368421052631576,0.4,0.18032786885245902,0.2777777777777778
2025,regular,2025_ev_10,2025_game_10,2025_game_10,10,3,2025-06-14,ARC,Archers,RED,Redwoods,1,12.0,11.0,10.0,1.0,6.0,42.0,25.0,28.0,23.0,4.0,24.0,11.0,13.0,12.0,30.0,31.0,225.0,160.0,1373.0,69.0,11.0,10.0,9.0,1.0,4.0,44.0,24.0,3.0,2.0,23.0,19.0,10.0,24.0,13.0,11.0,13.0,32.0,33.0,251.0,188.0,1289.0,69.0,11.0,10.0,1.0,1.0,0.0,0.22727272727272727,0.5454545454545454,0.4166666666666667,0.5454545454545454,0.21052631578947367,0.15942028985507245,0.22727272727272727
2025,regular,2025_ev_10,2025_game_10,2025_game_10,10,3,2025-06-14,RED,Redwoods,ARC,Archers,0,11.0,10.0,9.0,1.0,4.0,44.0,24.0,23.0,19.0,10.0,24.0,13.0,11.0,13.0,32.0,33.0,251.0,188.0,1289.0,69.0,12.0,11.0,10.0,1.0,6.0,42.0,25.0,5.0,2.0,28.0,23.0,4.0,24.0,11.0,13.0,12.0,30.0,31.0,225.0,160.0,1373.0,69.0,12.0,11.0,-1.0,0.0,1.0,0.2619047619047619,0.5952380952380952,0.44,0.5416666666666666,0.43478260869565216,0.17391304347826086,0.2619047619047619
2025,regular,2025_ev_11,2025_game_11,2025_game_11,11,3,2025-06-14,ATL,Atlas,WHP,Whipsnakes,0,12.0,11.0,10.0,1.0,7.0,37.0,24.0,30.0,18.0,7.0,30.0,14.0,16.0,17.0,31.0,32.0,230.0,175.0,1258.0,60.0,16.0,15.0,14.0,1.0,8.0,54.0,35.0,2.0,1.0,30.0,12.0,4.0,30.0,16.0,14.0,12.0,35.0,37.0,214.0,148.0,1278.0,68.0,16.0,15.0,-4.0,0.0,1.0,0.2777777777777778,0.6481481481481481,0.42857142857142855,0.53125,0.5833333333333334,0.23529411764705882,0.2777777777777778
2025,regular,2025_ev_11,2025_game_11,2025_game_11,11,3,2025-06-14,WHP,Whipsnakes,ATL,Atlas,1,16.0,15.0,14.0,1.0,8.0,54.0,35.0,30.0,12.0,4.0,30.0,16.0,14.0,12.0,35.0,37.0,214.0,148.0,1278.0,68.0,12.0,11.0,10.0,1.0,7.0,37.0,24.0,5.0,2.0,30.0,18.0,7.0,30.0,14.0,16.0,17.0,31.0,32.0,230.0,175.0,1258.0,60.0,12.0,11.0,4.0,1.0,0.0,0.2972972972972973,0.6486486486486487,0.4583333333333333,0.5217391304347826,0.2222222222222222,0.2,0.2972972972972973
2025,regular,2025_ev_12,2025_game_12,2025_game_12,12,3,2025-06-14,OUT,Outlaws,WAT,Waterdogs,0,9.0,9.0,9.0,0.0,4.0,42.0,24.0,29.0,17.0,9.0,19.0,9.0,10.0,14.0,32.0,32.0,298.0,239.0,1301.0,65.0,7.0,7.0,7.0,0.0,2.0,34.0,22.0,5.0,3.0,30.0,18.0,2.0,19.0,10.0,9.0,14.0,31.0,33.0,218.0,166.0,1403.0,54.0,7.0,7.0,2.0,1.0,0.0,0.20588235294117646,0.6470588235294118,0.3181818181818182,0.6666666666666666,0.5,0.12962962962962962,0.20588235294117646
2025,regular,2025_ev_12,2025_game_12,2025_game_12,12,3,2025-06-14,WAT,Waterdogs,OUT,Outlaws,1,7.0,7.0,7.0,0.0,2.0,34.0,22.0,30.0,18.0,2.0,19.0,10.0,9.0,14.0,31.0,33.0,218.0,166.0,1403.0,54.0,9.0,9.0,9.0,0.0,4.0,42.0,24.0,4.0,2.0,29.0,17.0,9.0,19.0,9.0,10.0,14.0,32.0,32.0,298.0,239.0,1301.0,65.0,9.0,9.0,-2.0,0.0,1.0,0.21428571428571427,0.5714285714285714,0.375,0.6086956521739131,0.11764705882352941,0.13846153846153847,0.21428571428571427
2025,regular,2025_ev_13,2025_game_13,2025_game_13,13,4,2025-06-21,ATL,Atlas,WAT,Waterdogs,0,17.0,15.0,13.0,2.0,9.0,40.0,23.0,36.0,23.0,7.0,28.0,14.0,14.0,22.0,32.0,34.0,269.0,206.0,1205.0,67.0,9.0,9.0,9.0,0.0,3.0,45.0,32.0,6.0,1.0,33.0,14.0,13.0,28.0,14.0,14.0,7.0,29.0,29.0,224.0,165.0,1406.0,61.0,9.0,9.0,8.0,1.0,0.0,0.2,0.7111111111111111,0.28125,0.7096774193548387,0.5,0.14754098360655737,0.2
2025,regular,2025_ev_13,2025_game_13,2025_game_13,13,4,2025-06-21,WAT,Waterdogs,ATL,Atlas,1,9.0,9.0,9.0,0.0,3.0,45.0,32.0,33.0,14.0,13.0,28.0,14.0,14.0,7.0,29.0,29.0,224.0,165.0,1406.0,61.0,17.0,15.0,13.0,2.0,9.0,40.0,23.0,3.0,3.0,36.0,23.0,7.0,28.0,14.0,14.0,22.0,32.0,34.0,269.0,206.0,1205.0,67.0,17.0,15.0,-8.0,0.0,1.0,0.375,0.575,0.6521739130434783,0.3181818181818182,0.5652173913043478,0.2537313432835821,0.375
2025,regular,2025_ev_14,2025_game_14,2025_game_14,14,4,2025-06-21,CAN,Cannons,WHP,Whipsnakes,0,13.0,12.0,11.0,1.0,7.0,42.0,24.0,29.0,15.0,10.0,25.0,11.0,14.0,12.0,26.0,26.0,258.0,201.0,1268.0,60.0,12.0,11.0,10.0,1.0,7.0,38.0,25.0,1.0,1.0,32.0,20.0,4.0,25.0,14.0,11.0,10.0,29.0,30.0,268.0,210.0,1409.0,63.0,12.0,11.0,1.0,1.0,0.0,0.2894736842105263,0.6578947368421053,0.44,0.5217391304347826,0.5,0.19047619047619047,0.2894736842105263
2025,regular,2025_ev_14,2025_game_14,2025_game_14,14,4,2025-06-21,WHP,Whipsnakes,CAN,Cannons,1,12.0,11.0,10.0,1.0,7.0,38.0,25.0,32.0,20.0,4.0,25.0,14.0,11.0,10.0,29.0,30.0,268.0,210.0,1409.0,63.0,13.0,12.0,11.0,1.0,7.0,42.0,24.0,5.0,3.0,29.0,15.0,10.0,25.0,11.0,14.0,12.0,26.0,26.0,258.0,201.0,1268.0,60.0,13.0,12.0,-1.0,0.0,1.0,0.2857142857142857,0.5714285714285714,0.5,0.45454545454545453,0.26666666666666666,0.21666666666666667,0.2857142857142857
2025,regular,2025_ev_15,2025_game_15,2025_game_15,15,4,2025-06-22,ARC,Archers,OUT,Outlaws,0,10.0,10.0,10.0,0.0,7.0,38.0,26.0,40.0,17.0,5.0,26.0,12.0,14.0,15.0,30.0,31.0,243.0,188.0,1443.0,59.0,13.0,12.0,11.0,1.0,7.0,50.0,30.0,5.0,3.0,23.0,15.0,4.0,26.0,14.0,12.0,16.0,29.0,29.0,313.0,248.0,1253.0,66.0,13.0,12.0,-3.0,0.0,1.0,0.24,0.6,0.4,0.5555555555555556,0.3333333333333333,0.19696969696969696,0.24
2025,regular,2025_ev_15,2025_game_15,2025_game_15,15,4,2025-06-22,OUT,Outlaws,ARC,Archers,1,13.0,12.0,11.0,1.0,7.0,50.0,30.0,23.0,15.0,4.0,26.0,14.0,12.0,16.0,29.0,29.0,313.0,248.0,1253.0,66.0,10.0,10.0,10.0,0.0,7.0,38.0,26.0,4.0,2.0,40.0,17.0,5.0,26.0,12.0,14.0,15.0,30.0,31.0,243.0,188.0,1443.0,59.0,10.0,10.0,3.0,1.0,0.0,0.2631578947368421,0.6842105263157895,0.38461538461538464,0.6153846153846154,0.23529411764705882,0.1694915254237288,0.2631578947368421
2025,regular,2025_ev_16,2025_game_16,2025_game_16,16,4,2025-06-22,CHA,Chaos,WHP,Whipsnakes,0,6.0,6.0,6.0,0.0,4.0,42.0,24.0,26.0,16.0,7.0,30.0,15.0,15.0,8.0,23.0,24.0,217.0,159.0,1302.0,62.0,20.0,20.0,20.0,0.0,8.0,37.0,28.0,3.0,0.0,31.0,19.0,5.0,30.0,15.0,15.0,17.0,37.0,37.0,355.0,299.0,1356.0,63.0,20.0,20.0,-14.0,0.0,1.0,0.5405405405405406,0.7567567567567568,0.7142857142857143,0.2857142857142857,0.3684210526315789,0.31746031746031744,0.5405405405405406
2025,regular,2025_ev_16,2025_game_16,2025_game_16,16,4,2025-06-22,WHP,Whipsnakes,CHA,Chaos,1,20.0,20.0,20.0,0.0,8.0,37.0,28.0,31.0,19.0,5.0,30.0,15.0,15.0,17.0,37.0,37.0,355.0,299.0,1356.0,63.0,6.0,6.0,6.0,0.0,4.0,42.0,24.0,2.0,1.0,26.0,16.0,7.0,30.0,15.0,15.0,8.0,23.0,24.0,217.0,159.0,1302.0,62.0,6.0,6.0,14.0,1.0,0.0,0.14285714285714285,0.5714285714285714,0.25,0.7391304347826086,0.3125,0.0967741935483871,0.14285714285714285
2025,regular,2025_ev_17,2025_game_17,2025_game_17,17,5,2025-06-28,OUT,Outlaws,RED,Redwoods,0,18.0,17.0,16.0,1.0,11.0,42.0,32.0,38.0,24.0,7.0,31.0,18.0,13.0,15.0,29.0,31.0,251.0,185.0,1371.0,68.0,12.0,10.0,8.0,2.0,4.0,43.0,28.0,11.0,6.0,42.0,20.0,13.0,31.0,13.0,18.0,12.0,35.0,37.0,265.0,202.0,1292.0,66.0,12.0,10.0,6.0,1.0,0.0,0.23255813953488372,0.6511627906976745,0.35714285714285715,0.6,0.35,0.18181818181818182,0.23255813953488372
2025,regular,2025_ev_17,2025_game_17,2025_game_17,17,5,2025-06-28,RED,Redwoods,OUT,Outlaws,1,12.0,10.0,8.0,2.0,4.0,43.0,28.0,42.0,20.0,13.0,31.0,13.0,18.0,12.0,35.0,37.0,265.0,202.0,1292.0,66.0,18.0,17.0,16.0,1.0,11.0,42.0,32.0,5.0,3.0,38.0,24.0,7.0,31.0,18.0,13.0,15.0,29.0,31.0,251.0,185.0,1371.0,68.0,18.0,17.0,-6.0,0.0,1.0,0.40476190476190477,0.7619047619047619,0.53125,0.41379310344827586,0.5416666666666666,0.2647058823529412,0.40476190476190477
2025,regular,2025_ev_18,2025_game_18,2025_game_18,18,5,2025-06-28,ARC,Archers,ATL,Atlas,0,8.0,8.0,8.0,0.0,3.0,35.0,17.0,23.0,21.0,13.0,22.0,3.0,19.0,10.0,30.0,32.0,213.0,157.0,1189.0,58.0,10.0,10.0,10.0,0.0,5.0,40.0,22.0,4.0,2.0,39.0,26.0,9.0,22.0,19.0,3.0,8.0,35.0,36.0,271.0,205.0,1531.0,73.0,10.0,10.0,-2.0,0.0,1.0,0.25,0.55,0.45454545454545453,0.5,0.5,0.136986301369863,0.25
2025,regular,2025_ev_18,2025_game_18,2025_game_18,18,5,2025-06-28,ATL,Atlas,ARC,Archers,1,10.0,10.0,10.0,0.0,5.0,40.0,22.0,39.0,26.0,9.0,22.0,19.0,3.0,8.0,35.0,36.0,271.0,205.0,1531.0,73.0,8.0,8.0,8.0,0.0,3.0,35.0,17.0,4.0,2.0,23.0,21.0,13.0,22.0,3.0,19.0,10.0,30.0,32.0,213.0,157.0,1189.0,58.0,8.0,8.0,2.0,1.0,0.0,0.22857142857142856,0.4857142857142857,0.47058823529411764,0.5,0.42857142857142855,0.13793103448275862,0.22857142857142856
2025,regular,2025_ev_19,2025_game_19,2025_game_19,19,5,2025-06-28,RED,Redwoods,WAT,Waterdogs,1,9.0,6.0,3.0,3.0,1.0,34.0,20.0,30.0,17.0,7.0,22.0,7.0,15.0,11.0,30.0,30.0,277.0,226.0,1261.0,57.0,12.0,12.0,12.0,0.0,7.0,42.0,26.0,6.0,3.0,37.0,17.0,2.0,22.0,15.0,7.0,12.0,37.0,37.0,254.0,195.0,1418.0,62.0,12.0,12.0,-3.0,0.0,1.0,0.2857142857142857,0.6190476190476191,0.46153846153846156,0.4782608695652174,0.4117647058823529,0.1935483870967742,0.2857142857142857
2025,regular,2025_ev_19,2025_game_19,2025_game_19,19,5,2025-06-28,WAT,Waterdogs,RED,Redwoods,0,12.0,12.0,12.0,0.0,7.0,42.0,26.0,37.0,17.0,2.0,22.0,15.0,7.0,12.0,37.0,37.0,254.0,195.0,1418.0,62.0,9.0,6.0,3.0,3.0,1.0,34.0,20.0,12.0,10.0,30.0,17.0,7.0,22.0,7.0,15.0,11.0,30.0,30.0,277.0,226.0,1261.0,57.0,9.0,6.0,3.0,1.0,0.0,0.17647058823529413,0.5882352941176471,0.3,0.6666666666666666,0.11764705882352941,0.15789473684210525,0.17647058823529413
2025,regular,2025_ev_20,2025_game_20,2025_game_20,20,5,2025-06-29,CAN,Cannons,CHA,Chaos,0,12.0,11.0,10.0,1.0,5.0,47.0,34.0,34.0,13.0,9.0,27.0,12.0,15.0,14.0,27.0,27.0,298.0,238.0,1415.0,61.0,14.0,12.0,10.0,2.0,8.0,38.0,26.0,9.0,7.0,29.0,23.0,3.0,27.0,15.0,12.0,21.0,31.0,31.0,258.0,197.0,1299.0,65.0,14.0,12.0,-2.0,0.0,1.0,0.3157894736842105,0.6842105263157895,0.46153846153846156,0.5384615384615384,0.391304347826087,0.2153846153846154,0.3157894736842105
2025,regular,2025_ev_20,2025_game_20,2025_game_20,20,5,2025-06-29,CHA,Chaos,CAN,Cannons,1,14.0,12.0,10.0,2.0,8.0,38.0,26.0,29.0,23.0,3.0,27.0,15.0,12.0,21.0,31.0,31.0,258.0,197.0,1299.0,65.0,12.0,11.0,10.0,1.0,5.0,47.0,34.0,7.0,3.0,34.0,13.0,9.0,27.0,12.0,15.0,14.0,27.0,27.0,298.0,238.0,1415.0,61.0,12.0,11.0,2.0,1.0,0.0,0.23404255319148937,0.723404255319149,0.3235294117647059,0.65625,0.23076923076923078,0.19672131147540983,0.23404255319148937
2025,regular,2025_ev_23,2025_game_23,2025_game_23,21,7,2025-07-11,ATL,Atlas,CAN,Cannons,0,17.0,16.0,15.0,1.0,10.0,55.0,29.0,38.0,16.0,7.0,30.0,17.0,13.0,11.0,31.0,31.0,285.0,214.0,1498.0,77.0,11.0,10.0,9.0,1.0,8.0,38.0,23.0,5.0,4.0,19.0,14.0,7.0,30.0,13.0,17.0,12.0,25.0,26.0,225.0,173.0,1147.0,55.0,11.0,10.0,6.0,1.0,0.0,0.2631578947368421,0.6052631578947368,0.43478260869565216,0.5238095238095238,0.5,0.2,0.2631578947368421
2025,regular,2025_ev_23,2025_game_23,2025_game_23,21,7,2025-07-11,CAN,Cannons,ATL,Atlas,1,11.0,10.0,9.0,1.0,8.0,38.0,23.0,19.0,14.0,7.0,30.0,13.0,17.0,12.0,25.0,26.0,225.0,173.0,1147.0,55.0,17.0,16.0,15.0,1.0,10.0,55.0,29.0,5.0,2.0,38.0,16.0,7.0,30.0,17.0,13.0,11.0,31.0,31.0,285.0,214.0,1498.0,77.0,17.0,16.0,-6.0,0.0,1.0,0.2909090909090909,0.5272727272727272,0.5517241379310345,0.42857142857142855,0.4375,0.22077922077922077,0.2909090909090909
2025,regular,2025_ev_24,2025_game_24,2025_game_24,22,7,2025-07-12,ARC,Archers,WAT,Waterdogs,0,11.0,11.0,11.0,0.0,7.0,32.0,17.0,25.0,18.0,7.0,29.0,6.0,23.0,16.0,27.0,27.0,239.0,189.0,1233.0,53.0,16.0,14.0,12.0,2.0,8.0,42.0,32.0,4.0,3.0,38.0,22.0,9.0,29.0,23.0,6.0,4.0,27.0,27.0,244.0,180.0,1446.0,69.0,16.0,14.0,-5.0,0.0,1.0,0.3333333333333333,0.7619047619047619,0.4375,0.5333333333333333,0.3181818181818182,0.2318840579710145,0.3333333333333333
2025,regular,2025_ev_24,2025_game_24,2025_game_24,22,7,2025-07-12,WAT,Waterdogs,ARC,Archers,1,16.0,14.0,12.0,2.0,8.0,42.0,32.0,38.0,22.0,9.0,29.0,23.0,6.0,4.0,27.0,27.0,244.0,180.0,1446.0,69.0,11.0,11.0,11.0,0.0,7.0,32.0,17.0,1.0,0.0,25.0,18.0,7.0,29.0,6.0,23.0,16.0,27.0,27.0,239.0,189.0,1233.0,53.0,11.0,11.0,5.0,1.0,0.0,0.34375,0.53125,0.6470588235294118,0.26666666666666666,0.5,0.20754716981132076,0.34375
2025,regular,2025_ev_25,2025_game_25,2025_game_25,23,7,2025-07-12,CHA,Chaos,RED,Redwoods,0,12.0,12.0,12.0,0.0,5.0,39.0,24.0,26.0,18.0,6.0,24.0,11.0,13.0,18.0,26.0,26.0,274.0,217.0,1399.0,59.0,10.0,8.0,6.0,2.0,3.0,41.0,26.0,7.0,3.0,28.0,15.0,6.0,24.0,13.0,11.0,12.0,29.0,29.0,322.0,266.0,1321.0,60.0,10.0,8.0,2.0,1.0,0.0,0.1951219512195122,0.6341463414634146,0.3076923076923077,0.6923076923076923,0.4,0.16666666666666666,0.1951219512195122
2025,regular,2025_ev_25,2025_game_25,2025_game_25,23,7,2025-07-12,RED,Redwoods,CHA,Chaos,1,10.0,8.0,6.0,2.0,3.0,41.0,26.0,28.0,15.0,6.0,24.0,13.0,11.0,12.0,29.0,29.0,322.0,266.0,1321.0,60.0,12.0,12.0,12.0,0.0,5.0,39.0,24.0,4.0,2.0,26.0,18.0,6.0,24.0,11.0,13.0,18.0,26.0,26.0,274.0,217.0,1399.0,59.0,12.0,12.0,-2.0,0.0,1.0,0.3076923076923077,0.6153846153846154,0.5,0.5,0.3333333333333333,0.2033898305084746,0.3076923076923077
2025,regular,2025_ev_26,2025_game_26,2025_game_26,24,7,2025-07-13,OUT,Outlaws,WHP,Whipsnakes,0,13.0,12.0,11.0,1.0,5.0,40.0,28.0,31.0,20.0,10.0,22.0,6.0,16.0,15.0,36.0,36.0,280.0,220.0,1123.0,62.0,6.0,6.0,6.0,0.0,5.0,35.0,23.0,4.0,1.0,37.0,25.0,7.0,22.0,16.0,6.0,16.0,38.0,38.0,297.0,237.0,1573.0,67.0,6.0,6.0,7.0,1.0,0.0,0.17142857142857143,0.6571428571428571,0.2608695652173913,0.7142857142857143,0.4,0.08955223880597014,0.17142857142857143
2025,regular,2025_ev_26,2025_game_26,2025_game_26,24,7,2025-07-13,WHP,Whipsnakes,OUT,Outlaws,1,6.0,6.0,6.0,0.0,5.0,35.0,23.0,37.0,25.0,7.0,22.0,16.0,6.0,16.0,38.0,38.0,297.0,237.0,1573.0,67.0,13.0,12.0,11.0,1.0,5.0,40.0,28.0,5.0,2.0,31.0,20.0,10.0,22.0,6.0,16.0,15.0,36.0,36.0,280.0,220.0,1123.0,62.0,13.0,12.0,-7.0,0.0,1.0,0.3,0.7,0.42857142857142855,0.5714285714285714,0.35,0.20967741935483872,0.3
2025,regular,2025_ev_27,2025_game_27,2025_game_27,25,8,2025-07-18,ATL,Atlas,RED,Redwoods,0,16.0,15.0,14.0,1.0,11.0,48.0,32.0,35.0,10.0,11.0,31.0,11.0,20.0,15.0,34.0,34.0,247.0,189.0,1186.0,59.0,12.0,12.0,12.0,0.0,3.0,48.0,30.0,3.0,1.0,35.0,15.0,2.0,31.0,20.0,11.0,15.0,24.0,26.0,261.0,198.0,1397.0,65.0,12.0,12.0,4.0,1.0,0.0,0.25,0.625,0.4,0.5555555555555556,0.7333333333333333,0.18461538461538463,0.25
2025,regular,2025_ev_27,2025_game_27,2025_game_27,25,8,2025-07-18,RED,Redwoods,ATL,Atlas,1,12.0,12.0,12.0,0.0,3.0,48.0,30.0,35.0,15.0,2.0,31.0,20.0,11.0,15.0,24.0,26.0,261.0,198.0,1397.0,65.0,16.0,15.0,14.0,1.0,11.0,48.0,32.0,7.0,4.0,35.0,10.0,11.0,31.0,11.0,20.0,15.0,34.0,34.0,247.0,189.0,1186.0,59.0,16.0,15.0,-4.0,0.0,1.0,0.3125,0.6666666666666666,0.46875,0.5,0.2,0.2711864406779661,0.3125
2025,regular,2025_ev_28,2025_game_28,2025_game_28,26,8,2025-07-19,ARC,Archers,CHA,Chaos,0,12.0,10.0,8.0,2.0,4.0,42.0,28.0,25.0,14.0,3.0,25.0,9.0,15.0,17.0,30.0,32.0,279.0,223.0,1318.0,59.0,11.0,11.0,11.0,0.0,4.0,49.0,31.0,7.0,5.0,35.0,17.0,6.0,25.0,15.0,9.0,15.0,30.0,30.0,259.0,193.0,1348.0,71.0,11.0,11.0,1.0,1.0,0.0,0.22448979591836735,0.6326530612244898,0.3548387096774194,0.6071428571428571,0.17647058823529413,0.15492957746478872,0.22448979591836735
2025,regular,2025_ev_28,2025_game_28,2025_game_28,26,8,2025-07-19,CHA,Chaos,ARC,Archers,1,11.0,11.0,11.0,0.0,4.0,49.0,31.0,35.0,17.0,6.0,25.0,15.0,9.0,15.0,30.0,30.0,259.0,193.0,1348.0,71.0,12.0,10.0,8.0,2.0,4.0,42.0,28.0,7.0,4.0,25.0,14.0,3.0,25.0,9.0,15.0,17.0,30.0,32.0,279.0,223.0,1318.0,59.0,12.0,10.0,-1.0,0.0,1.0,0.23809523809523808,0.6666666666666666,0.35714285714285715,0.6,0.42857142857142855,0.2033898305084746,0.23809523809523808
2025,regular,2025_ev_29,2025_game_29,2025_game_29,27,8,2025-07-19,CAN,Cannons,OUT,Outlaws,0,17.0,14.0,11.0,3.0,8.0,38.0,28.0,26.0,15.0,7.0,35.0,12.0,23.0,9.0,28.0,28.0,273.0,220.0,1512.0,55.0,18.0,17.0,16.0,1.0,7.0,44.0,31.0,4.0,1.0,43.0,20.0,8.0,35.0,23.0,12.0,13.0,30.0,33.0,280.0,216.0,1134.0,73.0,18.0,17.0,-1.0,0.0,1.0,0.38636363636363635,0.7045454545454546,0.5483870967741935,0.34615384615384615,0.35,0.2465753424657534,0.38636363636363635
2025,regular,2025_ev_29,2025_game_29,2025_game_29,27,8,2025-07-19,OUT,Outlaws,CAN,Cannons,1,18.0,17.0,16.0,1.0,7.0,44.0,31.0,43.0,20.0,8.0,35.0,23.0,12.0,13.0,30.0,33.0,280.0,216.0,1134.0,73.0,17.0,14.0,11.0,3.0,8.0,38.0,28.0,7.0,4.0,26.0,15.0,7.0,35.0,12.0,23.0,9.0,28.0,28.0,273.0,220.0,1512.0,55.0,17.0,14.0,1.0,1.0,0.0,0.3684210526315789,0.7368421052631579,0.5,0.48148148148148145,0.5333333333333333,0.3090909090909091,0.3684210526315789
2025,regular,2025_ev_30,2025_game_30,2025_game_30,28,8,2025-07-20,WAT,Waterdogs,WHP,Whipsnakes,1,7.0,7.0,7.0,0.0,1.0,41.0,22.0,28.0,14.0,6.0,20.0,8.0,12.0,16.0,28.0,28.0,190.0,135.0,1378.0,58.0,10.0,9.0,8.0,1.0,6.0,38.0,25.0,5.0,4.0,22.0,19.0,6.0,20.0,12.0,8.0,12.0,31.0,31.0,293.0,236.0,1291.0,64.0,10.0,9.0,-3.0,0.0,1.0,0.23684210526315788,0.6578947368421053,0.36,0.64,0.3157894736842105,0.15625,0.23684210526315788
2025,regular,2025_ev_30,2025_game_30,2025_game_30,28,8,2025-07-20,WHP,Whipsnakes,WAT,Waterdogs,0,10.0,9.0,8.0,1.0,6.0,38.0,25.0,22.0,19.0,6.0,20.0,12.0,8.0,12.0,31.0,31.0,293.0,236.0,1291.0,64.0,7.0,7.0,7.0,0.0,1.0,41.0,22.0,6.0,4.0,28.0,14.0,6.0,20.0,8.0,12.0,16.0,28.0,28.0,190.0,135.0,1378.0,58.0,7.0,7.0,3.0,1.0,0.0,0.17073170731707318,0.5365853658536586,0.3181818181818182,0.631578947368421,0.42857142857142855,0.1206896551724138,0.17073170731707318
2025,regular,2025_ev_31,2025_game_31,2025_game_31,29,9,2025-07-26,ARC,Archers,RED,Redwoods,1,8.0,7.0,6.0,1.0,6.0,38.0,23.0,23.0,18.0,7.0,19.0,6.0,13.0,17.0,28.0,29.0,211.0,155.0,1086.0,57.0,9.0,8.0,7.0,1.0,4.0,51.0,26.0,8.0,4.0,28.0,13.0,5.0,19.0,13.0,6.0,14.0,32.0,32.0,291.0,227.0,1584.0,67.0,9.0,8.0,-1.0,0.0,1.0,0.1568627450980392,0.5098039215686274,0.3076923076923077,0.68,0.5384615384615384,0.13432835820895522,0.1568627450980392
2025,regular,2025_ev_31,2025_game_31,2025_game_31,29,9,2025-07-26,RED,Redwoods,ARC,Archers,0,9.0,8.0,7.0,1.0,4.0,51.0,26.0,28.0,13.0,5.0,19.0,13.0,6.0,14.0,32.0,32.0,291.0,227.0,1584.0,67.0,8.0,7.0,6.0,1.0,6.0,38.0,23.0,7.0,5.0,23.0,18.0,7.0,19.0,6.0,13.0,17.0,28.0,29.0,211.0,155.0,1086.0,57.0,8.0,7.0,1.0,1.0,0.0,0.18421052631578946,0.6052631578947368,0.30434782608695654,0.6666666666666666,0.2777777777777778,0.14035087719298245,0.18421052631578946
2025,regular,2025_ev_32,2025_game_32,2025_game_32,30,9,2025-07-26,ATL,Atlas,WHP,Whipsnakes,1,11.0,11.0,11.0,0.0,6.0,36.0,23.0,31.0,18.0,10.0,23.0,7.0,15.0,20.0,30.0,30.0,230.0,176.0,1209.0,59.0,8.0,8.0,8.0,0.0,5.0,51.0,32.0,8.0,4.0,28.0,15.0,9.0,23.0,15.0,7.0,12.0,28.0,29.0,240.0,174.0,1400.0,68.0,8.0,8.0,3.0,1.0,0.0,0.1568627450980392,0.6274509803921569,0.25,0.7142857142857143,0.6666666666666666,0.11764705882352941,0.1568627450980392
2025,regular,2025_ev_32,2025_game_32,2025_game_32,30,9,2025-07-26,WHP,Whipsnakes,ATL,Atlas,0,8.0,8.0,8.0,0.0,5.0,51.0,32.0,28.0,15.0,9.0,23.0,15.0,7.0,12.0,28.0,29.0,240.0,174.0,1400.0,68.0,11.0,11.0,11.0,0.0,6.0,36.0,23.0,2.0,1.0,31.0,18.0,10.0,23.0,7.0,15.0,20.0,30.0,30.0,230.0,176.0,1209.0,59.0,11.0,11.0,-3.0,0.0,1.0,0.3055555555555556,0.6388888888888888,0.4782608695652174,0.5217391304347826,0.5,0.1864406779661017,0.3055555555555556
2025,regular,2025_ev_33,2025_game_33,2025_game_33,31,9,2025-07-26,CHA,Chaos,WAT,Waterdogs,1,15.0,14.0,13.0,1.0,8.0,49.0,30.0,24.0,16.0,8.0,30.0,15.0,15.0,16.0,34.0,34.0,292.0,227.0,1263.0,69.0,14.0,12.0,10.0,2.0,9.0,45.0,28.0,5.0,3.0,33.0,19.0,8.0,30.0,15.0,15.0,15.0,37.0,38.0,291.0,227.0,1519.0,72.0,14.0,12.0,1.0,1.0,0.0,0.26666666666666666,0.6222222222222222,0.42857142857142855,0.5714285714285714,0.42105263157894735,0.19444444444444445,0.26666666666666666
2025,regular,2025_ev_33,2025_game_33,2025_game_33,31,9,2025-07-26,WAT,Waterdogs,CHA,Chaos,0,14.0,12.0,10.0,2.0,9.0,45.0,28.0,33.0,19.0,8.0,30.0,15.0,15.0,15.0,37.0,38.0,291.0,227.0,1519.0,72.0,15.0,14.0,13.0,1.0,8.0,49.0,30.0,9.0,6.0,24.0,16.0,8.0,30.0,15.0,15.0,16.0,34.0,34.0,292.0,227.0,1263.0,69.0,15.0,14.0,-1.0,0.0,1.0,0.2857142857142857,0.6122448979591837,0.4666666666666667,0.5172413793103449,0.5,0.21739130434782608,0.2857142857142857
2025,regular,2025_ev_34,2025_game_34,2025_game_34,32,9,2025-07-27,ARC,Archers,OUT,Outlaws,1,10.0,9.0,8.0,1.0,5.0,29.0,20.0,29.0,23.0,10.0,23.0,9.0,13.0,14.0,32.0,32.0,220.0,168.0,1207.0,54.0,15.0,11.0,7.0,4.0,5.0,44.0,26.0,10.0,7.0,43.0,22.0,9.0,23.0,13.0,9.0,8.0,28.0,30.0,339.0,273.0,1512.0,69.0,15.0,11.0,-5.0,0.0,1.0,0.25,0.5909090909090909,0.4230769230769231,0.56,0.45454545454545453,0.21739130434782608,0.25
2025,regular,2025_ev_34,2025_game_34,2025_game_34,32,9,2025-07-27,OUT,Outlaws,ARC,Archers,0,15.0,11.0,7.0,4.0,5.0,44.0,26.0,43.0,22.0,9.0,23.0,13.0,9.0,8.0,28.0,30.0,339.0,273.0,1512.0,69.0,10.0,9.0,8.0,1.0,5.0,29.0,20.0,6.0,4.0,29.0,23.0,10.0,23.0,9.0,13.0,14.0,32.0,32.0,220.0,168.0,1207.0,54.0,10.0,9.0,5.0,1.0,0.0,0.3103448275862069,0.6896551724137931,0.45,0.47058823529411764,0.391304347826087,0.18518518518518517,0.3103448275862069
2025,regular,2025_ev_35,2025_game_35,2025_game_35,33,10,2025-08-02,CHA,Chaos,OUT,Outlaws,0,12.0,10.0,8.0,2.0,6.0,41.0,27.0,28.0,20.0,10.0,24.0,14.0,10.0,9.0,34.0,35.0,281.0,220.0,1357.0,67.0,11.0,10.0,9.0,1.0,6.0,36.0,19.0,6.0,2.0,24.0,19.0,6.0,24.0,10.0,14.0,13.0,33.0,33.0,262.0,207.0,1380.0,58.0,11.0,10.0,1.0,1.0,0.0,0.2777777777777778,0.5277777777777778,0.5263157894736842,0.47368421052631576,0.5263157894736842,0.1896551724137931,0.2777777777777778
2025,regular,2025_ev_35,2025_game_35,2025_game_35,33,10,2025-08-02,OUT,Outlaws,CHA,Chaos,1,11.0,10.0,9.0,1.0,6.0,36.0,19.0,24.0,19.0,6.0,24.0,10.0,14.0,13.0,33.0,33.0,262.0,207.0,1380.0,58.0,12.0,10.0,8.0,2.0,6.0,41.0,27.0,6.0,4.0,28.0,20.0,10.0,24.0,14.0,10.0,9.0,34.0,35.0,281.0,220.0,1357.0,67.0,12.0,10.0,-1.0,0.0,1.0,0.24390243902439024,0.6585365853658537,0.37037037037037035,0.5652173913043478,0.3,0.1791044776119403,0.24390243902439024
2025,regular,2025_ev_36,2025_game_36,2025_game_36,34,10,2025-08-02,CAN,Cannons,WAT,Waterdogs,1,13.0,11.0,9.0,2.0,8.0,43.0,24.0,22.0,17.0,8.0,25.0,12.0,13.0,20.0,30.0,30.0,261.0,201.0,1315.0,64.0,10.0,10.0,10.0,0.0,4.0,53.0,33.0,9.0,2.0,35.0,15.0,7.0,25.0,13.0,12.0,10.0,32.0,34.0,260.0,192.0,1385.0,70.0,10.0,10.0,3.0,1.0,0.0,0.18867924528301888,0.6226415094339622,0.30303030303030304,0.6666666666666666,0.5333333333333333,0.14285714285714285,0.18867924528301888
2025,regular,2025_ev_36,2025_game_36,2025_game_36,34,10,2025-08-02,WAT,Waterdogs,CAN,Cannons,0,10.0,10.0,10.0,0.0,4.0,53.0,33.0,35.0,15.0,7.0,25.0,13.0,12.0,10.0,32.0,34.0,260.0,192.0,1385.0,70.0,13.0,11.0,9.0,2.0,8.0,43.0,24.0,7.0,4.0,22.0,17.0,8.0,25.0,12.0,13.0,20.0,30.0,30.0,261.0,201.0,1315.0,64.0,13.0,11.0,-3.0,0.0,1.0,0.2558139534883721,0.5581395348837209,0.4583333333333333,0.47619047619047616,0.4117647058823529,0.203125,0.2558139534883721
2025,regular,2025_ev_38,2025_game_38,2025_game_38,35,10,2025-08-02,ATL,Atlas,OUT,Outlaws,0,12.0,12.0,12.0,0.0,8.0,40.0,31.0,38.0,19.0,8.0,28.0,13.0,15.0,18.0,37.0,37.0,255.0,196.0,1439.0,63.0,13.0,12.0,11.0,1.0,6.0,63.0,32.0,12.0,3.0,32.0,17.0,4.0,28.0,15.0,13.0,15.0,35.0,37.0,317.0,237.0,1621.0,84.0,13.0,12.0,-1.0,0.0,1.0,0.19047619047619047,0.5079365079365079,0.375,0.6,0.47058823529411764,0.15476190476190477,0.19047619047619047
2025,regular,2025_ev_38,2025_game_38,2025_game_38,35,10,2025-08-02,OUT,Outlaws,ATL,Atlas,1,13.0,12.0,11.0,1.0,6.0,63.0,32.0,32.0,17.0,4.0,28.0,15.0,13.0,15.0,35.0,37.0,317.0,237.0,1621.0,84.0,12.0,12.0,12.0,0.0,8.0,40.0,31.0,4.0,2.0,38.0,19.0,8.0,28.0,13.0,15.0,18.0,37.0,37.0,255.0,196.0,1439.0,63.0,12.0,12.0,1.0,1.0,0.0,0.3,0.775,0.3870967741935484,0.5555555555555556,0.21052631578947367,0.19047619047619047,0.3
2025,regular,2025_ev_37,2025_game_37,2025_game_37,36,10,2025-08-03,RED,Redwoods,WHP,Whipsnakes,1,14.0,14.0,14.0,0.0,6.0,50.0,33.0,41.0,15.0,6.0,30.0,21.0,9.0,13.0,38.0,39.0,269.0,204.0,1519.0,67.0,13.0,12.0,11.0,1.0,1.0,42.0,26.0,5.0,2.0,29.0,14.0,6.0,30.0,9.0,21.0,16.0,35.0,35.0,250.0,194.0,1087.0,58.0,13.0,12.0,1.0,1.0,0.0,0.2857142857142857,0.6190476190476191,0.46153846153846156,0.52,0.42857142857142855,0.22413793103448276,0.2857142857142857
2025,regular,2025_ev_37,2025_game_37,2025_game_37,36,10,2025-08-03,WHP,Whipsnakes,RED,Redwoods,0,13.0,12.0,11.0,1.0,1.0,42.0,26.0,29.0,14.0,6.0,30.0,9.0,21.0,16.0,35.0,35.0,250.0,194.0,1087.0,58.0,14.0,14.0,14.0,0.0,6.0,50.0,33.0,9.0,6.0,41.0,15.0,6.0,30.0,21.0,9.0,13.0,38.0,39.0,269.0,204.0,1519.0,67.0,14.0,14.0,-1.0,0.0,1.0,0.28,0.66,0.42424242424242425,0.5333333333333333,0.4,0.208955223880597,0.28
2025,regular,2025_ev_39,2025_game_39,2025_game_39,37,11,2025-08-08,CAN,Cannons,RED,Redwoods,1,17.0,16.0,15.0,1.0,6.0,39.0,27.0,29.0,20.0,7.0,38.0,16.0,22.0,10.0,25.0,26.0,222.0,163.0,1187.0,62.0,18.0,18.0,18.0,0.0,9.0,41.0,29.0,4.0,0.0,36.0,18.0,11.0,38.0,22.0,16.0,10.0,34.0,34.0,275.0,216.0,1463.0,68.0,18.0,18.0,-1.0,0.0,1.0,0.43902439024390244,0.7073170731707317,0.6206896551724138,0.35714285714285715,0.3888888888888889,0.2647058823529412,0.43902439024390244
2025,regular,2025_ev_39,2025_game_39,2025_game_39,37,11,2025-08-08,RED,Redwoods,CAN,Cannons,0,18.0,18.0,18.0,0.0,9.0,41.0,29.0,36.0,18.0,11.0,38.0,22.0,16.0,10.0,34.0,34.0,275.0,216.0,1463.0,68.0,17.0,16.0,15.0,1.0,6.0,39.0,27.0,7.0,5.0,29.0,20.0,7.0,38.0,16.0,22.0,10.0,25.0,26.0,222.0,163.0,1187.0,62.0,17.0,16.0,1.0,1.0,0.0,0.41025641025641024,0.6923076923076923,0.5925925925925926,0.38461538461538464,0.55,0.27419354838709675,0.41025641025641024
2025,regular,2025_ev_40,2025_game_40,2025_game_40,38,11,2025-08-09,ARC,Archers,CHA,Chaos,1,11.0,10.0,9.0,1.0,5.0,37.0,20.0,27.0,14.0,7.0,24.0,4.0,20.0,15.0,35.0,35.0,220.0,169.0,1263.0,52.0,10.0,10.0,10.0,0.0,3.0,47.0,27.0,5.0,2.0,43.0,24.0,5.0,24.0,20.0,4.0,10.0,39.0,39.0,289.0,218.0,1470.0,77.0,10.0,10.0,1.0,1.0,0.0,0.2127659574468085,0.574468085106383,0.37037037037037035,0.6,0.2916666666666667,0.12987012987012986,0.2127659574468085
2025,regular,2025_ev_40,2025_game_40,2025_game_40,38,11,2025-08-09,CHA,Chaos,ARC,Archers,0,10.0,10.0,10.0,0.0,3.0,47.0,27.0,43.0,24.0,5.0,24.0,20.0,4.0,10.0,39.0,39.0,289.0,218.0,1470.0,77.0,11.0,10.0,9.0,1.0,5.0,37.0,20.0,9.0,4.0,27.0,14.0,7.0,24.0,4.0,20.0,15.0,35.0,35.0,220.0,169.0,1263.0,52.0,11.0,10.0,-1.0,0.0,1.0,0.2702702702702703,0.5405405405405406,0.5,0.5,0.35714285714285715,0.21153846153846154,0.2702702702702703
2025,regular,2025_ev_41,2025_game_41,2025_game_41,39,11,2025-08-09,ATL,Atlas,WAT,Waterdogs,1,20.0,18.0,16.0,2.0,11.0,49.0,29.0,40.0,22.0,8.0,38.0,27.0,10.0,11.0,35.0,35.0,274.0,203.0,1326.0,74.0,19.0,17.0,15.0,2.0,8.0,41.0,28.0,6.0,3.0,32.0,19.0,11.0,38.0,10.0,27.0,10.0,34.0,34.0,265.0,205.0,1268.0,63.0,19.0,17.0,1.0,1.0,0.0,0.4146341463414634,0.6829268292682927,0.6071428571428571,0.39285714285714285,0.42105263157894735,0.30158730158730157,0.4146341463414634
2025,regular,2025_ev_41,2025_game_41,2025_game_41,39,11,2025-08-09,WAT,Waterdogs,ATL,Atlas,0,19.0,17.0,15.0,2.0,8.0,41.0,28.0,32.0,19.0,11.0,38.0,10.0,27.0,10.0,34.0,34.0,265.0,205.0,1268.0,63.0,20.0,18.0,16.0,2.0,11.0,49.0,29.0,7.0,3.0,40.0,22.0,8.0,38.0,27.0,10.0,11.0,35.0,35.0,274.0,203.0,1326.0,74.0,20.0,18.0,-1.0,0.0,1.0,0.3673469387755102,0.5918367346938775,0.6206896551724138,0.35714285714285715,0.5,0.2702702702702703,0.3673469387755102
2025,regular,2025_ev_42,2025_game_42,2025_game_42,40,11,2025-08-09,CAN,Cannons,WHP,Whipsnakes,1,8.0,8.0,8.0,0.0,4.0,34.0,21.0,20.0,13.0,3.0,27.0,11.0,16.0,11.0,24.0,25.0,266.0,219.0,1235.0,51.0,15.0,15.0,15.0,0.0,5.0,39.0,27.0,1.0,1.0,32.0,14.0,2.0,27.0,16.0,11.0,12.0,32.0,32.0,271.0,218.0,1478.0,62.0,15.0,15.0,-7.0,0.0,1.0,0.38461538461538464,0.6923076923076923,0.5555555555555556,0.4230769230769231,0.21428571428571427,0.24193548387096775,0.38461538461538464
2025,regular,2025_ev_42,2025_game_42,2025_game_42,40,11,2025-08-09,WHP,Whipsnakes,CAN,Cannons,0,15.0,15.0,15.0,0.0,5.0,39.0,27.0,32.0,14.0,2.0,27.0,16.0,11.0,12.0,32.0,32.0,271.0,218.0,1478.0,62.0,8.0,8.0,8.0,0.0,4.0,34.0,21.0,10.0,6.0,20.0,13.0,3.0,27.0,11.0,16.0,11.0,24.0,25.0,266.0,219.0,1235.0,51.0,8.0,8.0,7.0,1.0,0.0,0.23529411764705882,0.6176470588235294,0.38095238095238093,0.6,0.15384615384615385,0.1568627450980392,0.23529411764705882
2026,regular,2026_game_1,2026-ev-1,2026-ev-1,1,1,2026-05-09,ARC,Archers,RED,Redwoods,1,5.0,5.0,5.0,0.0,2.0,33.0,17.0,29.0,18.0,6.0,18.0,7.0,11.0,14.0,24.0,26.0,225.0,174.0,1235.0,58.0,9.0,9.0,9.0,0.0,6.0,42.0,24.0,9.0,4.0,36.0,17.0,6.0,18.0,11.0,7.0,12.0,30.0,31.0,321.0,262.0,1493.0,66.0,9.0,9.0,-4.0,0.0,1.0,0.21428571428571427,0.5714285714285714,0.375,0.6086956521739131,0.35294117647058826,0.13636363636363635,0.21428571428571427
2026,regular,2026_game_1,2026-ev-1,2026-ev-1,1,1,2026-05-09,RED,Redwoods,ARC,Archers,0,9.0,9.0,9.0,0.0,6.0,42.0,24.0,36.0,17.0,6.0,18.0,11.0,7.0,12.0,30.0,31.0,321.0,262.0,1493.0,66.0,5.0,5.0,5.0,0.0,2.0,33.0,17.0,6.0,2.0,29.0,18.0,6.0,18.0,7.0,11.0,14.0,24.0,26.0,225.0,174.0,1235.0,58.0,5.0,5.0,4.0,1.0,0.0,0.15151515151515152,0.5151515151515151,0.29411764705882354,0.7058823529411765,0.3333333333333333,0.08620689655172414,0.15151515151515152
2026,regular,2026_game_2,2026-ev-2,2026-ev-2,2,1,2026-05-09,ATL,Atlas,CHA,Chaos,0,16.0,13.0,10.0,3.0,5.0,38.0,29.0,26.0,19.0,7.0,29.0,12.0,17.0,18.0,31.0,34.0,259.0,202.0,1250.0,59.0,12.0,12.0,12.0,0.0,2.0,46.0,31.0,4.0,4.0,33.0,14.0,7.0,29.0,17.0,12.0,15.0,36.0,38.0,258.0,198.0,1400.0,61.0,12.0,12.0,4.0,1.0,0.0,0.2608695652173913,0.6739130434782609,0.3870967741935484,0.6,0.5,0.19672131147540983,0.2608695652173913
2026,regular,2026_game_2,2026-ev-2,2026-ev-2,2,1,2026-05-09,CHA,Chaos,ATL,Atlas,1,12.0,12.0,12.0,0.0,2.0,46.0,31.0,33.0,14.0,7.0,29.0,17.0,12.0,15.0,36.0,38.0,258.0,198.0,1400.0,61.0,16.0,13.0,10.0,3.0,5.0,38.0,29.0,8.0,6.0,26.0,19.0,7.0,29.0,12.0,17.0,18.0,31.0,34.0,259.0,202.0,1250.0,59.0,16.0,13.0,-4.0,0.0,1.0,0.34210526315789475,0.7631578947368421,0.4482758620689655,0.5357142857142857,0.3684210526315789,0.2711864406779661,0.34210526315789475
2026,regular,2026_game_4,2026-ev-4,2026-ev-4,3,1,2026-05-09,WAT,Waterdogs,WHP,Whipsnakes,0,16.0,13.0,10.0,3.0,8.0,41.0,26.0,38.0,16.0,7.0,28.0,18.0,10.0,15.0,27.0,28.0,248.0,191.0,1556.0,61.0,14.0,13.0,12.0,1.0,7.0,43.0,29.0,5.0,1.0,26.0,18.0,8.0,28.0,10.0,18.0,11.0,24.0,24.0,280.0,219.0,1096.0,65.0,14.0,13.0,2.0,1.0,0.0,0.3023255813953488,0.6744186046511628,0.4482758620689655,0.5357142857142857,0.3888888888888889,0.2153846153846154,0.3023255813953488
2026,regular,2026_game_4,2026-ev-4,2026-ev-4,3,1,2026-05-09,WHP,Whipsnakes,WAT,Waterdogs,1,14.0,13.0,12.0,1.0,7.0,43.0,29.0,26.0,18.0,8.0,28.0,10.0,18.0,11.0,24.0,24.0,280.0,219.0,1096.0,65.0,16.0,13.0,10.0,3.0,8.0,41.0,26.0,8.0,3.0,38.0,16.0,7.0,28.0,18.0,10.0,15.0,27.0,28.0,248.0,191.0,1556.0,61.0,16.0,13.0,-2.0,0.0,1.0,0.3170731707317073,0.6341463414634146,0.5,0.4583333333333333,0.5,0.26229508196721313,0.3170731707317073
2026,regular,2026_game_3,2026-ev-3,2026-ev-3,4,1,2026-05-09,ARC,Archers,OUT,Outlaws,1,10.0,10.0,10.0,0.0,6.0,37.0,20.0,33.0,20.0,11.0,20.0,11.0,9.0,12.0,34.0,34.0,328.0,271.0,1291.0,62.0,7.0,6.0,5.0,1.0,5.0,29.0,19.0,5.0,4.0,29.0,20.0,11.0,20.0,9.0,11.0,10.0,23.0,23.0,247.0,198.0,1455.0,52.0,7.0,6.0,3.0,1.0,0.0,0.20689655172413793,0.6551724137931034,0.3157894736842105,0.6666666666666666,0.55,0.1346153846153846,0.20689655172413793
2026,regular,2026_game_3,2026-ev-3,2026-ev-3,4,1,2026-05-09,OUT,Outlaws,ARC,Archers,0,7.0,6.0,5.0,1.0,5.0,29.0,19.0,29.0,20.0,11.0,20.0,9.0,11.0,10.0,23.0,23.0,247.0,198.0,1455.0,52.0,10.0,10.0,10.0,0.0,6.0,37.0,20.0,4.0,2.0,33.0,20.0,11.0,20.0,11.0,9.0,12.0,34.0,34.0,328.0,271.0,1291.0,62.0,10.0,10.0,-3.0,0.0,1.0,0.2702702702702703,0.5405405405405406,0.5,0.5,0.55,0.16129032258064516,0.2702702702702703
2026,regular,2026_game_5,2026-ev-5,2026-ev-5,5,2,2026-05-15,CAN,Cannons,CHA,Chaos,1,10.0,8.0,6.0,2.0,7.0,41.0,24.0,39.0,18.0,11.0,25.0,17.0,8.0,7.0,27.0,28.0,289.0,230.0,1451.0,63.0,14.0,13.0,12.0,1.0,1.0,34.0,21.0,7.0,2.0,26.0,20.0,6.0,25.0,8.0,17.0,15.0,29.0,32.0,239.0,185.0,1289.0,59.0,14.0,13.0,-4.0,0.0,1.0,0.38235294117647056,0.6176470588235294,0.6190476190476191,0.35,0.55,0.23728813559322035,0.38235294117647056
2026,regular,2026_game_5,2026-ev-5,2026-ev-5,5,2,2026-05-15,CHA,Chaos,CAN,Cannons,0,14.0,13.0,12.0,1.0,1.0,34.0,21.0,26.0,20.0,6.0,25.0,8.0,17.0,15.0,29.0,32.0,239.0,185.0,1289.0,59.0,10.0,8.0,6.0,2.0,7.0,41.0,24.0,10.0,4.0,39.0,18.0,11.0,25.0,17.0,8.0,7.0,27.0,28.0,289.0,230.0,1451.0,63.0,10.0,8.0,4.0,1.0,0.0,0.1951219512195122,0.5853658536585366,0.3333333333333333,0.6521739130434783,0.3333333333333333,0.15873015873015872,0.1951219512195122
2026,regular,2026_game_6,2026-ev-6,2026-ev-6,6,2,2026-05-16,ATL,Atlas,WHP,Whipsnakes,0,6.0,6.0,6.0,0.0,2.0,42.0,26.0,32.0,17.0,7.0,22.0,14.0,8.0,15.0,30.0,30.0,220.0,161.0,1158.0,62.0,12.0,12.0,12.0,0.0,3.0,37.0,27.0,1.0,1.0,25.0,17.0,6.0,22.0,8.0,14.0,18.0,32.0,32.0,292.0,238.0,1527.0,59.0,12.0,12.0,-6.0,0.0,1.0,0.32432432432432434,0.7297297297297297,0.4444444444444444,0.5555555555555556,0.4117647058823529,0.2033898305084746,0.32432432432432434
2026,regular,2026_game_6,2026-ev-6,2026-ev-6,6,2,2026-05-16,WHP,Whipsnakes,ATL,Atlas,1,12.0,12.0,12.0,0.0,3.0,37.0,27.0,25.0,17.0,6.0,22.0,8.0,14.0,18.0,32.0,32.0,292.0,238.0,1527.0,59.0,6.0,6.0,6.0,0.0,2.0,42.0,26.0,5.0,3.0,32.0,17.0,7.0,22.0,14.0,8.0,15.0,30.0,30.0,220.0,161.0,1158.0,62.0,6.0,6.0,6.0,1.0,0.0,0.14285714285714285,0.6190476190476191,0.23076923076923078,0.75,0.35294117647058826,0.0967741935483871,0.14285714285714285
2026,regular,2026_game_7,2026-ev-7,2026-ev-7,7,2,2026-05-16,OUT,Outlaws,RED,Redwoods,1,10.0,10.0,10.0,0.0,6.0,49.0,25.0,17.0,13.0,3.0,23.0,11.0,12.0,15.0,29.0,30.0,248.0,186.0,1368.0,63.0,9.0,9.0,9.0,0.0,5.0,45.0,24.0,7.0,3.0,36.0,15.0,9.0,23.0,12.0,11.0,15.0,28.0,29.0,270.0,210.0,1348.0,64.0,9.0,9.0,1.0,1.0,0.0,0.2,0.5333333333333333,0.375,0.625,0.2,0.140625,0.2
2026,regular,2026_game_7,2026-ev-7,2026-ev-7,7,2,2026-05-16,RED,Redwoods,OUT,Outlaws,0,9.0,9.0,9.0,0.0,5.0,45.0,24.0,36.0,15.0,9.0,23.0,12.0,11.0,15.0,28.0,29.0,270.0,210.0,1348.0,64.0,10.0,10.0,10.0,0.0,6.0,49.0,25.0,5.0,3.0,17.0,13.0,3.0,23.0,11.0,12.0,15.0,29.0,30.0,248.0,186.0,1368.0,63.0,10.0,10.0,-1.0,0.0,1.0,0.20408163265306123,0.5102040816326531,0.4,0.6,0.6923076923076923,0.15873015873015872,0.20408163265306123
2026,regular,2026_game_8,2026-ev-8,2026-ev-8,8,2,2026-05-17,CAN,Cannons,WAT,Waterdogs,1,19.0,16.0,13.0,3.0,7.0,40.0,27.0,24.0,15.0,7.0,23.0,8.0,14.0,16.0,26.0,28.0,273.0,218.0,1311.0,57.0,5.0,4.0,3.0,1.0,3.0,43.0,22.0,9.0,4.0,35.0,16.0,8.0,23.0,14.0,8.0,10.0,26.0,26.0,296.0,237.0,1371.0,63.0,5.0,4.0,14.0,1.0,0.0,0.09302325581395349,0.5116279069767442,0.18181818181818182,0.8,0.4375,0.07936507936507936,0.09302325581395349
2026,regular,2026_game_8,2026-ev-8,2026-ev-8,8,2,2026-05-17,WAT,Waterdogs,CAN,Cannons,0,5.0,4.0,3.0,1.0,3.0,43.0,22.0,35.0,16.0,8.0,23.0,14.0,8.0,10.0,26.0,26.0,296.0,237.0,1371.0,63.0,19.0,16.0,13.0,3.0,7.0,40.0,27.0,8.0,7.0,24.0,15.0,7.0,23.0,8.0,14.0,16.0,26.0,28.0,273.0,218.0,1311.0,57.0,19.0,16.0,-14.0,0.0,1.0,0.4,0.675,0.5925925925925926,0.38461538461538464,0.5333333333333333,0.3333333333333333,0.4
2026,regular,2026_game_9,2026-ev-9,2026-ev-9,9,3,2026-05-29,CAN,Cannons,WHP,Whipsnakes,0,10.0,9.0,8.0,1.0,4.0,36.0,21.0,34.0,17.0,5.0,30.0,14.0,16.0,15.0,26.0,26.0,256.0,203.0,1239.0,55.0,17.0,17.0,17.0,0.0,11.0,49.0,34.0,2.0,1.0,33.0,12.0,7.0,30.0,16.0,14.0,10.0,27.0,29.0,293.0,232.0,1409.0,66.0,17.0,17.0,-7.0,0.0,1.0,0.3469387755102041,0.6938775510204082,0.5,0.46875,0.4166666666666667,0.25757575757575757,0.3469387755102041
2026,regular,2026_game_9,2026-ev-9,2026-ev-9,9,3,2026-05-29,WHP,Whipsnakes,CAN,Cannons,1,17.0,17.0,17.0,0.0,11.0,49.0,34.0,33.0,12.0,7.0,30.0,16.0,14.0,10.0,27.0,29.0,293.0,232.0,1409.0,66.0,10.0,9.0,8.0,1.0,4.0,36.0,21.0,9.0,6.0,34.0,17.0,5.0,30.0,14.0,16.0,15.0,26.0,26.0,256.0,203.0,1239.0,55.0,10.0,9.0,7.0,1.0,0.0,0.25,0.5833333333333334,0.42857142857142855,0.5263157894736842,0.4117647058823529,0.18181818181818182,0.25
2026,regular,2026_game_10,2026-ev-10,2026-ev-10,10,3,2026-05-30,ATL,Atlas,OUT,Outlaws,0,9.0,8.0,7.0,1.0,3.0,33.0,21.0,32.0,20.0,5.0,27.0,17.0,10.0,20.0,31.0,31.0,216.0,163.0,1258.0,54.0,16.0,15.0,14.0,1.0,9.0,59.0,38.0,7.0,4.0,22.0,10.0,7.0,27.0,10.0,17.0,11.0,33.0,33.0,269.0,200.0,1303.0,71.0,16.0,15.0,-7.0,0.0,1.0,0.2542372881355932,0.6440677966101694,0.39473684210526316,0.5714285714285714,0.5,0.22535211267605634,0.2542372881355932
2026,regular,2026_game_10,2026-ev-10,2026-ev-10,10,3,2026-05-30,OUT,Outlaws,ATL,Atlas,1,16.0,15.0,14.0,1.0,9.0,59.0,38.0,22.0,10.0,7.0,27.0,10.0,17.0,11.0,33.0,33.0,269.0,200.0,1303.0,71.0,9.0,8.0,7.0,1.0,3.0,33.0,21.0,5.0,4.0,32.0,20.0,5.0,27.0,17.0,10.0,20.0,31.0,31.0,216.0,163.0,1258.0,54.0,9.0,8.0,7.0,1.0,0.0,0.24242424242424243,0.6363636363636364,0.38095238095238093,0.5789473684210527,0.35,0.16666666666666666,0.24242424242424243
2026,regular,2026_game_11,2026-ev-11,2026-ev-11,11,3,2026-05-30,ARC,Archers,WHP,Whipsnakes,0,5.0,5.0,5.0,0.0,3.0,31.0,20.0,35.0,22.0,6.0,17.0,11.0,6.0,12.0,27.0,28.0,240.0,187.0,1236.0,60.0,8.0,8.0,8.0,0.0,4.0,40.0,21.0,3.0,2.0,20.0,16.0,3.0,17.0,6.0,11.0,13.0,29.0,30.0,312.0,256.0,1482.0,60.0,8.0,8.0,-3.0,0.0,1.0,0.2,0.525,0.38095238095238093,0.6,0.375,0.13333333333333333,0.2
2026,regular,2026_game_11,2026-ev-11,2026-ev-11,11,3,2026-05-30,WHP,Whipsnakes,ARC,Archers,1,8.0,8.0,8.0,0.0,4.0,40.0,21.0,20.0,16.0,3.0,17.0,6.0,11.0,13.0,29.0,30.0,312.0,256.0,1482.0,60.0,5.0,5.0,5.0,0.0,3.0,31.0,20.0,6.0,3.0,35.0,22.0,6.0,17.0,11.0,6.0,12.0,27.0,28.0,240.0,187.0,1236.0,60.0,5.0,5.0,3.0,1.0,0.0,0.16129032258064516,0.6451612903225806,0.25,0.7222222222222222,0.13636363636363635,0.08333333333333333,0.16129032258064516
2026,regular,2026_game_12,2026-ev-12,2026-ev-12,12,3,2026-05-31,CHA,Chaos,WAT,Waterdogs,0,10.0,10.0,10.0,0.0,3.0,38.0,25.0,25.0,12.0,2.0,22.0,12.0,10.0,14.0,31.0,32.0,242.0,192.0,1345.0,53.0,8.0,8.0,8.0,0.0,6.0,45.0,27.0,6.0,2.0,30.0,14.0,5.0,22.0,10.0,12.0,14.0,27.0,27.0,287.0,228.0,1335.0,61.0,8.0,8.0,2.0,1.0,0.0,0.17777777777777778,0.6,0.2962962962962963,0.6363636363636364,0.14285714285714285,0.13114754098360656,0.17777777777777778
2026,regular,2026_game_12,2026-ev-12,2026-ev-12,12,3,2026-05-31,WAT,Waterdogs,CHA,Chaos,1,8.0,8.0,8.0,0.0,6.0,45.0,27.0,30.0,14.0,5.0,22.0,10.0,12.0,14.0,27.0,27.0,287.0,228.0,1335.0,61.0,10.0,10.0,10.0,0.0,3.0,38.0,25.0,5.0,3.0,25.0,12.0,2.0,22.0,12.0,10.0,14.0,31.0,32.0,242.0,192.0,1345.0,53.0,10.0,10.0,-2.0,0.0,1.0,0.2631578947368421,0.6578947368421053,0.4,0.5833333333333334,0.4166666666666667,0.18867924528301888,0.2631578947368421
2026,regular,2026_game_13,2026-ev-13,2026-ev-13,13,4,2026-06-05,ARC,Archers,CHA,Chaos,0,15.0,15.0,15.0,0.0,9.0,53.0,32.0,31.0,19.0,3.0,26.0,17.0,8.0,15.0,31.0,31.0,299.0,227.0,1449.0,79.0,7.0,7.0,7.0,0.0,3.0,38.0,24.0,7.0,3.0,21.0,11.0,9.0,26.0,8.0,17.0,17.0,29.0,29.0,245.0,196.0,1216.0,50.0,7.0,7.0,8.0,1.0,0.0,0.18421052631578946,0.631578947368421,0.2916666666666667,0.6818181818181818,0.2727272727272727,0.14,0.18421052631578946
2026,regular,2026_game_13,2026-ev-13,2026-ev-13,13,4,2026-06-05,CHA,Chaos,ARC,Archers,1,7.0,7.0,7.0,0.0,3.0,38.0,24.0,21.0,11.0,9.0,26.0,8.0,17.0,17.0,29.0,29.0,245.0,196.0,1216.0,50.0,15.0,15.0,15.0,0.0,9.0,53.0,32.0,1.0,0.0,31.0,19.0,3.0,26.0,17.0,8.0,15.0,31.0,31.0,299.0,227.0,1449.0,79.0,15.0,15.0,-8.0,0.0,1.0,0.2830188679245283,0.6037735849056604,0.46875,0.53125,0.47368421052631576,0.189873417721519,0.2830188679245283
2026,regular,2026_game_14,2026-ev-14,2026-ev-14,14,4,2026-06-06,ATL,Atlas,RED,Redwoods,1,11.0,10.0,9.0,1.0,6.0,50.0,29.0,45.0,20.0,11.0,26.0,14.0,12.0,7.0,30.0,31.0,239.0,169.0,1256.0,74.0,12.0,12.0,12.0,0.0,8.0,37.0,19.0,2.0,1.0,29.0,23.0,6.0,26.0,12.0,14.0,15.0,32.0,32.0,219.0,159.0,1415.0,61.0,12.0,12.0,-1.0,0.0,1.0,0.32432432432432434,0.5135135135135135,0.631578947368421,0.3684210526315789,0.4782608695652174,0.19672131147540983,0.32432432432432434
2026,regular,2026_game_14,2026-ev-14,2026-ev-14,14,4,2026-06-06,RED,Redwoods,ATL,Atlas,0,12.0,12.0,12.0,0.0,8.0,37.0,19.0,29.0,23.0,6.0,26.0,12.0,14.0,15.0,32.0,32.0,219.0,159.0,1415.0,61.0,11.0,10.0,9.0,1.0,6.0,50.0,29.0,5.0,3.0,45.0,20.0,11.0,26.0,14.0,12.0,7.0,30.0,31.0,239.0,169.0,1256.0,74.0,11.0,10.0,1.0,1.0,0.0,0.2,0.58,0.3448275862068966,0.6,0.3,0.14864864864864866,0.2
2026,regular,2026_game_15,2026-ev-15,2026-ev-15,15,4,2026-06-06,CHA,Chaos,OUT,Outlaws,1,12.0,12.0,12.0,0.0,5.0,38.0,25.0,21.0,16.0,6.0,26.0,10.0,16.0,14.0,32.0,33.0,260.0,206.0,1421.0,56.0,11.0,10.0,9.0,1.0,5.0,41.0,28.0,8.0,5.0,32.0,18.0,8.0,26.0,16.0,10.0,13.0,30.0,31.0,283.0,224.0,1289.0,64.0,11.0,10.0,1.0,1.0,0.0,0.24390243902439024,0.6829268292682927,0.35714285714285715,0.5833333333333334,0.3333333333333333,0.171875,0.24390243902439024
2026,regular,2026_game_15,2026-ev-15,2026-ev-15,15,4,2026-06-06,OUT,Outlaws,CHA,Chaos,0,11.0,10.0,9.0,1.0,5.0,41.0,28.0,32.0,18.0,8.0,26.0,16.0,10.0,13.0,30.0,31.0,283.0,224.0,1289.0,64.0,12.0,12.0,12.0,0.0,5.0,38.0,25.0,2.0,1.0,21.0,16.0,6.0,26.0,10.0,16.0,14.0,32.0,33.0,260.0,206.0,1421.0,56.0,12.0,12.0,-1.0,0.0,1.0,0.3157894736842105,0.6578947368421053,0.48,0.52,0.5,0.21428571428571427,0.3157894736842105
2026,regular,2026_game_16,2026-ev-16,2026-ev-16,16,4,2026-06-07,CAN,Cannons,WAT,Waterdogs,0,10.0,9.0,8.0,1.0,6.0,44.0,32.0,36.0,15.0,7.0,29.0,19.0,10.0,13.0,29.0,29.0,276.0,217.0,1391.0,62.0,17.0,16.0,15.0,1.0,6.0,46.0,30.0,7.0,5.0,31.0,12.0,8.0,29.0,10.0,19.0,20.0,30.0,30.0,258.0,200.0,1296.0,59.0,17.0,16.0,-7.0,0.0,1.0,0.34782608695652173,0.6521739130434783,0.5333333333333333,0.4482758620689655,0.5833333333333334,0.288135593220339,0.34782608695652173
2026,regular,2026_game_16,2026-ev-16,2026-ev-16,16,4,2026-06-07,WAT,Waterdogs,CAN,Cannons,1,17.0,16.0,15.0,1.0,6.0,46.0,30.0,31.0,12.0,8.0,29.0,10.0,19.0,20.0,30.0,30.0,258.0,200.0,1296.0,59.0,10.0,9.0,8.0,1.0,6.0,44.0,32.0,11.0,7.0,36.0,15.0,7.0,29.0,19.0,10.0,13.0,29.0,29.0,276.0,217.0,1391.0,62.0,10.0,9.0,7.0,1.0,0.0,0.20454545454545456,0.7272727272727273,0.28125,0.6896551724137931,0.5333333333333333,0.16129032258064516,0.20454545454545456
2026,regular,2026_game_17,2026-ev-17,2026-ev-17,17,5,2026-06-19,ATL,Atlas,CAN,Cannons,1,12.0,11.0,10.0,1.0,5.0,27.0,18.0,29.0,24.0,12.0,26.0,10.0,16.0,17.0,30.0,32.0,189.0,138.0,1049.0,53.0,11.0,11.0,11.0,0.0,3.0,52.0,30.0,3.0,3.0,37.0,16.0,14.0,26.0,16.0,10.0,6.0,29.0,30.0,301.0,233.0,1611.0,70.0,11.0,11.0,1.0,1.0,0.0,0.21153846153846154,0.5769230769230769,0.36666666666666664,0.6071428571428571,0.75,0.15714285714285714,0.21153846153846154
2026,regular,2026_game_17,2026-ev-17,2026-ev-17,17,5,2026-06-19,CAN,Cannons,ATL,Atlas,0,11.0,11.0,11.0,0.0,3.0,52.0,30.0,37.0,16.0,14.0,26.0,16.0,10.0,6.0,29.0,30.0,301.0,233.0,1611.0,70.0,12.0,11.0,10.0,1.0,5.0,27.0,18.0,4.0,2.0,29.0,24.0,12.0,26.0,10.0,16.0,17.0,30.0,32.0,189.0,138.0,1049.0,53.0,12.0,11.0,-1.0,0.0,1.0,0.4074074074074074,0.6666666666666666,0.6111111111111112,0.35294117647058826,0.5833333333333334,0.22641509433962265,0.4074074074074074
2026,regular,2026_game_18,2026-ev-18,2026-ev-18,18,5,2026-06-20,ARC,Archers,RED,Redwoods,0,14.0,13.0,12.0,1.0,5.0,50.0,29.0,33.0,15.0,4.0,32.0,12.0,19.0,18.0,32.0,33.0,213.0,148.0,1109.0,66.0,16.0,15.0,14.0,1.0,7.0,50.0,33.0,8.0,5.0,38.0,15.0,7.0,32.0,19.0,12.0,15.0,31.0,31.0,271.0,206.0,1490.0,68.0,16.0,15.0,-2.0,0.0,1.0,0.3,0.66,0.45454545454545453,0.5454545454545454,0.26666666666666666,0.23529411764705882,0.3
2026,regular,2026_game_18,2026-ev-18,2026-ev-18,18,5,2026-06-20,RED,Redwoods,ARC,Archers,1,16.0,15.0,14.0,1.0,7.0,50.0,33.0,38.0,15.0,7.0,32.0,19.0,12.0,15.0,31.0,31.0,271.0,206.0,1490.0,68.0,14.0,13.0,12.0,1.0,5.0,50.0,29.0,9.0,4.0,33.0,15.0,4.0,32.0,12.0,19.0,18.0,32.0,33.0,213.0,148.0,1109.0,66.0,14.0,13.0,2.0,1.0,0.0,0.26,0.58,0.4482758620689655,0.5357142857142857,0.4666666666666667,0.21212121212121213,0.26
2026,regular,2026_game_19,2026-ev-19,2026-ev-19,19,5,2026-06-21,ATL,Atlas,WHP,Whipsnakes,1,16.0,15.0,14.0,1.0,7.0,48.0,31.0,29.0,12.0,8.0,32.0,12.0,20.0,7.0,24.0,24.0,276.0,216.0,1579.0,63.0,14.0,13.0,12.0,1.0,9.0,33.0,21.0,2.0,1.0,37.0,20.0,5.0,32.0,20.0,12.0,12.0,27.0,29.0,237.0,184.0,972.0,60.0,14.0,13.0,2.0,1.0,0.0,0.3939393939393939,0.6363636363636364,0.6190476190476191,0.35,0.4,0.23333333333333334,0.3939393939393939
2026,regular,2026_game_19,2026-ev-19,2026-ev-19,19,5,2026-06-21,WHP,Whipsnakes,ATL,Atlas,0,14.0,13.0,12.0,1.0,9.0,33.0,21.0,37.0,20.0,5.0,32.0,20.0,12.0,12.0,27.0,29.0,237.0,184.0,972.0,60.0,16.0,15.0,14.0,1.0,7.0,48.0,31.0,8.0,2.0,29.0,12.0,8.0,32.0,12.0,20.0,7.0,24.0,24.0,276.0,216.0,1579.0,63.0,16.0,15.0,-2.0,0.0,1.0,0.3125,0.6458333333333334,0.4838709677419355,0.4444444444444444,0.4166666666666667,0.25396825396825395,0.3125
2026,regular,2026_game_21,2026-ev-21,2026-ev-21,20,6,2026-06-27,OUT,Outlaws,WHP,Whipsnakes,1,13.0,12.0,11.0,1.0,7.0,32.0,25.0,35.0,18.0,9.0,23.0,10.0,13.0,15.0,31.0,33.0,278.0,228.0,1284.0,53.0,7.0,7.0,7.0,0.0,4.0,41.0,24.0,5.0,3.0,33.0,20.0,8.0,23.0,13.0,10.0,11.0,31.0,33.0,310.0,249.0,1385.0,66.0,7.0,7.0,6.0,1.0,0.0,0.17073170731707318,0.5853658536585366,0.2916666666666667,0.6818181818181818,0.45,0.10606060606060606,0.17073170731707318
2026,regular,2026_game_21,2026-ev-21,2026-ev-21,20,6,2026-06-27,WHP,Whipsnakes,OUT,Outlaws,0,7.0,7.0,7.0,0.0,4.0,41.0,24.0,33.0,20.0,8.0,23.0,13.0,10.0,11.0,31.0,33.0,310.0,249.0,1385.0,66.0,13.0,12.0,11.0,1.0,7.0,32.0,25.0,4.0,4.0,35.0,18.0,9.0,23.0,10.0,13.0,15.0,31.0,33.0,278.0,228.0,1284.0,53.0,13.0,12.0,-6.0,0.0,1.0,0.375,0.78125,0.48,0.4782608695652174,0.4444444444444444,0.24528301886792453,0.375
2026,regular,2026_game_22,2026-ev-22,2026-ev-22,21,6,2026-06-28,CAN,Cannons,RED,Redwoods,0,15.0,15.0,15.0,0.0,7.0,46.0,33.0,27.0,12.0,10.0,31.0,13.0,18.0,15.0,26.0,27.0,281.0,223.0,1401.0,60.0,12.0,12.0,12.0,0.0,3.0,42.0,28.0,2.0,0.0,34.0,18.0,6.0,31.0,18.0,13.0,18.0,33.0,34.0,260.0,200.0,1284.0,63.0,12.0,12.0,3.0,1.0,0.0,0.2857142857142857,0.6666666666666666,0.42857142857142855,0.5555555555555556,0.5555555555555556,0.19047619047619047,0.2857142857142857
2026,regular,2026_game_22,2026-ev-22,2026-ev-22,21,6,2026-06-28,RED,Redwoods,CAN,Cannons,1,12.0,12.0,12.0,0.0,3.0,42.0,28.0,34.0,18.0,6.0,31.0,18.0,13.0,18.0,33.0,34.0,260.0,200.0,1284.0,63.0,15.0,15.0,15.0,0.0,7.0,46.0,33.0,3.0,1.0,27.0,12.0,10.0,31.0,13.0,18.0,15.0,26.0,27.0,281.0,223.0,1401.0,60.0,15.0,15.0,-3.0,0.0,1.0,0.32608695652173914,0.717391304347826,0.45454545454545453,0.5454545454545454,0.5,0.25,0.32608695652173914
2026,regular,2026_game_23,2026-ev-23,2026-ev-23,22,6,2026-06-28,ARC,Archers,WAT,Waterdogs,1,10.0,10.0,10.0,0.0,5.0,38.0,23.0,30.0,16.0,2.0,24.0,15.0,9.0,13.0,21.0,22.0,258.0,204.0,1218.0,56.0,11.0,10.0,9.0,1.0,5.0,42.0,25.0,4.0,2.0,34.0,13.0,9.0,24.0,9.0,15.0,11.0,24.0,24.0,318.0,263.0,1414.0,59.0,11.0,10.0,-1.0,0.0,1.0,0.23809523809523808,0.5952380952380952,0.4,0.5652173913043478,0.15384615384615385,0.1864406779661017,0.23809523809523808
2026,regular,2026_game_23,2026-ev-23,2026-ev-23,22,6,2026-06-28,WAT,Waterdogs,ARC,Archers,0,11.0,10.0,9.0,1.0,5.0,42.0,25.0,34.0,13.0,9.0,24.0,9.0,15.0,11.0,24.0,24.0,318.0,263.0,1414.0,59.0,10.0,10.0,10.0,0.0,5.0,38.0,23.0,7.0,1.0,30.0,16.0,2.0,24.0,15.0,9.0,13.0,21.0,22.0,258.0,204.0,1218.0,56.0,10.0,10.0,1.0,1.0,0.0,0.2631578947368421,0.6052631578947368,0.43478260869565216,0.5238095238095238,0.5625,0.17857142857142858,0.2631578947368421
2026,regular,2026_game_24,2026-ev-24,2026-ev-24,23,6,2026-06-28,CHA,Chaos,RED,Redwoods,0,13.0,12.0,11.0,1.0,4.0,43.0,28.0,32.0,21.0,8.0,30.0,13.0,17.0,15.0,31.0,32.0,213.0,149.0,1234.0,64.0,14.0,14.0,14.0,0.0,3.0,50.0,29.0,2.0,0.0,39.0,21.0,12.0,30.0,17.0,13.0,15.0,38.0,39.0,332.0,261.0,1695.0,76.0,14.0,14.0,-1.0,0.0,1.0,0.28,0.58,0.4827586206896552,0.5172413793103449,0.38095238095238093,0.18421052631578946,0.28
2026,regular,2026_game_24,2026-ev-24,2026-ev-24,23,6,2026-06-28,RED,Redwoods,CHA,Chaos,1,14.0,14.0,14.0,0.0,3.0,50.0,29.0,39.0,21.0,12.0,30.0,17.0,13.0,15.0,38.0,39.0,332.0,261.0,1695.0,76.0,13.0,12.0,11.0,1.0,4.0,43.0,28.0,9.0,5.0,32.0,21.0,8.0,30.0,13.0,17.0,15.0,31.0,32.0,213.0,149.0,1234.0,64.0,13.0,12.0,1.0,1.0,0.0,0.27906976744186046,0.6511627906976745,0.42857142857142855,0.5555555555555556,0.5714285714285714,0.203125,0.27906976744186046
2026,regular,2026_game_25,2026-ev-25,2026-ev-25,24,8,2026-07-10,RED,Redwoods,WAT,Waterdogs,1,13.0,13.0,13.0,0.0,6.0,42.0,28.0,27.0,11.0,6.0,32.0,14.0,18.0,10.0,30.0,30.0,213.0,160.0,1050.0,58.0,15.0,15.0,15.0,0.0,8.0,44.0,29.0,4.0,1.0,32.0,16.0,4.0,32.0,18.0,14.0,14.0,31.0,33.0,253.0,193.0,1430.0,65.0,15.0,15.0,-2.0,0.0,1.0,0.3409090909090909,0.6590909090909091,0.5172413793103449,0.4,0.375,0.23076923076923078,0.3409090909090909
2026,regular,2026_game_25,2026-ev-25,2026-ev-25,24,8,2026-07-10,WAT,Waterdogs,RED,Redwoods,0,15.0,15.0,15.0,0.0,8.0,44.0,29.0,32.0,16.0,4.0,32.0,18.0,14.0,14.0,31.0,33.0,253.0,193.0,1430.0,65.0,13.0,13.0,13.0,0.0,6.0,42.0,28.0,7.0,4.0,27.0,11.0,6.0,32.0,14.0,18.0,10.0,30.0,30.0,213.0,160.0,1050.0,58.0,13.0,13.0,2.0,1.0,0.0,0.30952380952380953,0.6666666666666666,0.4642857142857143,0.5185185185185185,0.36363636363636365,0.22413793103448276,0.30952380952380953
2026,regular,2026_game_27,2026-ev-27,2026-ev-27,25,8,2026-07-11,ARC,Archers,ATL,Atlas,0,16.0,16.0,16.0,0.0,5.0,46.0,27.0,43.0,28.0,9.0,25.0,19.0,6.0,9.0,38.0,38.0,271.0,197.0,1406.0,77.0,5.0,5.0,5.0,0.0,2.0,31.0,14.0,6.0,1.0,27.0,19.0,13.0,25.0,6.0,19.0,9.0,25.0,25.0,231.0,181.0,1326.0,54.0,5.0,5.0,11.0,1.0,0.0,0.16129032258064516,0.45161290322580644,0.35714285714285715,0.6428571428571429,0.47368421052631576,0.09259259259259259,0.16129032258064516
2026,regular,2026_game_27,2026-ev-27,2026-ev-27,25,8,2026-07-11,ATL,Atlas,ARC,Archers,1,5.0,5.0,5.0,0.0,2.0,31.0,14.0,27.0,19.0,13.0,25.0,6.0,19.0,9.0,25.0,25.0,231.0,181.0,1326.0,54.0,16.0,16.0,16.0,0.0,5.0,46.0,27.0,4.0,2.0,43.0,28.0,9.0,25.0,19.0,6.0,9.0,38.0,38.0,271.0,197.0,1406.0,77.0,16.0,16.0,-11.0,0.0,1.0,0.34782608695652173,0.5869565217391305,0.5925925925925926,0.36,0.4642857142857143,0.2077922077922078,0.34782608695652173
2026,regular,2026_game_28,2026-ev-28,2026-ev-28,26,8,2026-07-11,CAN,Cannons,OUT,Outlaws,1,15.0,14.0,13.0,1.0,7.0,39.0,29.0,32.0,14.0,7.0,30.0,19.0,11.0,8.0,36.0,36.0,292.0,239.0,1391.0,59.0,13.0,12.0,11.0,1.0,7.0,38.0,20.0,5.0,2.0,28.0,16.0,4.0,30.0,11.0,19.0,11.0,32.0,32.0,284.0,230.0,1300.0,56.0,13.0,12.0,2.0,1.0,0.0,0.3157894736842105,0.5263157894736842,0.6,0.4,0.4375,0.23214285714285715,0.3157894736842105
2026,regular,2026_game_28,2026-ev-28,2026-ev-28,26,8,2026-07-11,OUT,Outlaws,CAN,Cannons,0,13.0,12.0,11.0,1.0,7.0,38.0,20.0,28.0,16.0,4.0,30.0,11.0,19.0,11.0,32.0,32.0,284.0,230.0,1300.0,56.0,15.0,14.0,13.0,1.0,7.0,39.0,29.0,3.0,2.0,32.0,14.0,7.0,30.0,19.0,11.0,8.0,36.0,36.0,292.0,239.0,1391.0,59.0,15.0,14.0,-2.0,0.0,1.0,0.358974358974359,0.7435897435897436,0.4827586206896552,0.44,0.2857142857142857,0.2542372881355932,0.358974358974359
2026,regular,2026_game_26,2026-ev-26,2026-ev-26,27,8,2026-07-12,CHA,Chaos,WHP,Whipsnakes,1,10.0,10.0,10.0,0.0,5.0,44.0,22.0,36.0,17.0,6.0,31.0,15.0,16.0,10.0,33.0,33.0,237.0,176.0,1255.0,65.0,17.0,17.0,17.0,0.0,10.0,46.0,28.0,2.0,2.0,33.0,14.0,7.0,31.0,16.0,15.0,12.0,34.0,34.0,310.0,250.0,1384.0,64.0,17.0,17.0,-7.0,0.0,1.0,0.3695652173913043,0.6086956521739131,0.6071428571428571,0.37037037037037035,0.42857142857142855,0.265625,0.3695652173913043
2026,regular,2026_game_26,2026-ev-26,2026-ev-26,27,8,2026-07-12,WHP,Whipsnakes,CHA,Chaos,0,17.0,17.0,17.0,0.0,10.0,46.0,28.0,33.0,14.0,7.0,31.0,16.0,15.0,12.0,34.0,34.0,310.0,250.0,1384.0,64.0,10.0,10.0,10.0,0.0,5.0,44.0,22.0,4.0,2.0,36.0,17.0,6.0,31.0,15.0,16.0,10.0,33.0,33.0,237.0,176.0,1255.0,65.0,10.0,10.0,7.0,1.0,0.0,0.22727272727272727,0.5,0.45454545454545453,0.5454545454545454,0.4117647058823529,0.15384615384615385,0.22727272727272727
2026,regular,2026_game_29,2026-ev-29,2026-ev-29,28,9,2026-07-17,RED,Redwoods,WHP,Whipsnakes,0,7.0,7.0,7.0,0.0,3.0,37.0,27.0,33.0,18.0,5.0,30.0,17.0,13.0,12.0,28.0,28.0,232.0,177.0,1328.0,59.0,20.0,19.0,18.0,1.0,7.0,45.0,33.0,2.0,2.0,32.0,16.0,6.0,30.0,13.0,17.0,18.0,33.0,34.0,282.0,221.0,1334.0,62.0,20.0,19.0,-13.0,0.0,1.0,0.4222222222222222,0.7333333333333333,0.5757575757575758,0.3870967741935484,0.3125,0.3225806451612903,0.4222222222222222
2026,regular,2026_game_29,2026-ev-29,2026-ev-29,28,9,2026-07-17,WHP,Whipsnakes,RED,Redwoods,1,20.0,19.0,18.0,1.0,7.0,45.0,33.0,32.0,16.0,6.0,30.0,13.0,17.0,18.0,33.0,34.0,282.0,221.0,1334.0,62.0,7.0,7.0,7.0,0.0,3.0,37.0,27.0,9.0,5.0,33.0,18.0,5.0,30.0,17.0,13.0,12.0,28.0,28.0,232.0,177.0,1328.0,59.0,7.0,7.0,13.0,1.0,0.0,0.1891891891891892,0.7297297297297297,0.25925925925925924,0.72,0.3333333333333333,0.11864406779661017,0.1891891891891892
2026,regular,2026_game_30,2026-ev-30,2026-ev-30,29,9,2026-07-18,CHA,Chaos,OUT,Outlaws,0,8.0,8.0,8.0,0.0,4.0,48.0,25.0,30.0,15.0,8.0,22.0,9.0,13.0,9.0,29.0,29.0,267.0,204.0,1602.0,67.0,10.0,10.0,10.0,0.0,5.0,40.0,19.0,3.0,2.0,23.0,19.0,6.0,22.0,13.0,9.0,14.0,28.0,29.0,298.0,239.0,1105.0,64.0,10.0,10.0,-2.0,0.0,1.0,0.25,0.475,0.5263157894736842,0.47368421052631576,0.42105263157894735,0.15625,0.25
2026,regular,2026_game_30,2026-ev-30,2026-ev-30,29,9,2026-07-18,OUT,Outlaws,CHA,Chaos,1,10.0,10.0,10.0,0.0,5.0,40.0,19.0,23.0,19.0,6.0,22.0,13.0,9.0,14.0,28.0,29.0,298.0,239.0,1105.0,64.0,8.0,8.0,8.0,0.0,4.0,48.0,25.0,4.0,3.0,30.0,15.0,8.0,22.0,9.0,13.0,9.0,29.0,29.0,267.0,204.0,1602.0,67.0,8.0,8.0,2.0,1.0,0.0,0.16666666666666666,0.5208333333333334,0.32,0.6363636363636364,0.4,0.11940298507462686,0.16666666666666666
2026,regular,2026_game_31,2026-ev-31,2026-ev-31,30,9,2026-07-18,ARC,Archers,WAT,Waterdogs,0,18.0,16.0,14.0,2.0,10.0,36.0,27.0,26.0,12.0,5.0,28.0,15.0,13.0,10.0,30.0,30.0,255.0,207.0,1400.0,53.0,8.0,8.0,8.0,0.0,6.0,37.0,21.0,2.0,0.0,19.0,17.0,2.0,28.0,13.0,15.0,9.0,26.0,26.0,259.0,205.0,1267.0,58.0,8.0,8.0,10.0,1.0,0.0,0.21621621621621623,0.5675675675675675,0.38095238095238093,0.5555555555555556,0.29411764705882354,0.13793103448275862,0.21621621621621623
2026,regular,2026_game_31,2026-ev-31,2026-ev-31,30,9,2026-07-18,WAT,Waterdogs,ARC,Archers,1,8.0,8.0,8.0,0.0,6.0,37.0,21.0,19.0,17.0,2.0,28.0,13.0,15.0,9.0,26.0,26.0,259.0,205.0,1267.0,58.0,18.0,16.0,14.0,2.0,10.0,36.0,27.0,8.0,5.0,26.0,12.0,5.0,28.0,15.0,13.0,10.0,30.0,30.0,255.0,207.0,1400.0,53.0,18.0,16.0,-10.0,0.0,1.0,0.4444444444444444,0.75,0.5925925925925926,0.36,0.16666666666666666,0.33962264150943394,0.4444444444444444
2026,regular,2026_game_32,2026-ev-32,2026-ev-32,31,9,2026-07-19,ATL,Atlas,CAN,Cannons,0,13.0,12.0,11.0,1.0,7.0,43.0,25.0,24.0,13.0,5.0,28.0,15.0,13.0,10.0,31.0,32.0,289.0,233.0,1453.0,62.0,15.0,14.0,13.0,1.0,6.0,47.0,26.0,7.0,4.0,29.0,15.0,4.0,28.0,13.0,15.0,11.0,26.0,26.0,258.0,196.0,1191.0,68.0,15.0,14.0,-2.0,0.0,1.0,0.2978723404255319,0.5531914893617021,0.5384615384615384,0.4166666666666667,0.3333333333333333,0.22058823529411764,0.2978723404255319
2026,regular,2026_game_32,2026-ev-32,2026-ev-32,31,9,2026-07-19,CAN,Cannons,ATL,Atlas,1,15.0,14.0,13.0,1.0,6.0,47.0,26.0,29.0,15.0,4.0,28.0,13.0,15.0,11.0,26.0,26.0,258.0,196.0,1191.0,68.0,13.0,12.0,11.0,1.0,7.0,43.0,25.0,7.0,3.0,24.0,13.0,5.0,28.0,15.0,13.0,10.0,31.0,32.0,289.0,233.0,1453.0,62.0,13.0,12.0,2.0,1.0,0.0,0.27906976744186046,0.5813953488372093,0.48,0.4782608695652174,0.3076923076923077,0.20967741935483872,0.27906976744186046
2026,regular,2026_game_33,2026-ev-33,2026-ev-33,32,10,2026-07-25,ARC,Archers,OUT,Outlaws,0,16.0,13.0,10.0,3.0,10.0,40.0,21.0,37.0,17.0,10.0,25.0,12.0,13.0,11.0,37.0,37.0,271.0,214.0,1404.0,64.0,11.0,9.0,7.0,2.0,7.0,34.0,21.0,9.0,5.0,23.0,20.0,4.0,25.0,13.0,12.0,7.0,30.0,31.0,239.0,185.0,1327.0,58.0,11.0,9.0,5.0,1.0,0.0,0.2647058823529412,0.6176470588235294,0.42857142857142855,0.55,0.5,0.1896551724137931,0.2647058823529412
2026,regular,2026_game_33,2026-ev-33,2026-ev-33,32,10,2026-07-25,OUT,Outlaws,ARC,Archers,1,11.0,9.0,7.0,2.0,7.0,34.0,21.0,23.0,20.0,4.0,25.0,13.0,12.0,7.0,30.0,31.0,239.0,185.0,1327.0,58.0,16.0,13.0,10.0,3.0,10.0,40.0,21.0,8.0,4.0,37.0,17.0,10.0,25.0,12.0,13.0,11.0,37.0,37.0,271.0,214.0,1404.0,64.0,16.0,13.0,-5.0,0.0,1.0,0.325,0.525,0.6190476190476191,0.35,0.23529411764705882,0.25,0.325
2026,regular,2026_game_34,2026-ev-34,2026-ev-34,33,10,2026-07-25,ATL,Atlas,WAT,Waterdogs,1,10.0,9.0,8.0,1.0,2.0,30.0,21.0,19.0,14.0,3.0,23.0,7.0,16.0,17.0,23.0,25.0,224.0,180.0,1025.0,48.0,11.0,10.0,9.0,1.0,5.0,52.0,29.0,9.0,4.0,23.0,12.0,6.0,23.0,16.0,7.0,9.0,23.0,23.0,236.0,172.0,1487.0,69.0,11.0,10.0,-1.0,0.0,1.0,0.19230769230769232,0.5576923076923077,0.3448275862068966,0.6296296296296297,0.25,0.15942028985507245,0.19230769230769232
2026,regular,2026_game_34,2026-ev-34,2026-ev-34,33,10,2026-07-25,WAT,Waterdogs,ATL,Atlas,0,11.0,10.0,9.0,1.0,5.0,52.0,29.0,23.0,12.0,6.0,23.0,16.0,7.0,9.0,23.0,23.0,236.0,172.0,1487.0,69.0,10.0,9.0,8.0,1.0,2.0,30.0,21.0,4.0,2.0,19.0,14.0,3.0,23.0,7.0,16.0,17.0,23.0,25.0,224.0,180.0,1025.0,48.0,10.0,9.0,1.0,1.0,0.0,0.3,0.7,0.42857142857142855,0.5,0.42857142857142855,0.20833333333333334,0.3
2026,regular,2026_game_35,2026-ev-35,2026-ev-35,34,10,2026-07-25,CAN,Cannons,CHA,Chaos,0,12.0,11.0,10.0,1.0,4.0,55.0,35.0,49.0,23.0,13.0,28.0,23.0,5.0,12.0,38.0,40.0,321.0,243.0,1414.0,81.0,13.0,13.0,13.0,0.0,7.0,39.0,26.0,1.0,1.0,32.0,20.0,10.0,28.0,5.0,23.0,20.0,33.0,35.0,244.0,185.0,1275.0,60.0,13.0,13.0,-1.0,0.0,1.0,0.3333333333333333,0.6666666666666666,0.5,0.48,0.65,0.21666666666666667,0.3333333333333333
2026,regular,2026_game_35,2026-ev-35,2026-ev-35,34,10,2026-07-25,CHA,Chaos,CAN,Cannons,1,13.0,13.0,13.0,0.0,7.0,39.0,26.0,32.0,20.0,10.0,28.0,5.0,23.0,20.0,33.0,35.0,244.0,185.0,1275.0,60.0,12.0,11.0,10.0,1.0,4.0,55.0,35.0,5.0,4.0,49.0,23.0,13.0,28.0,23.0,5.0,12.0,38.0,40.0,321.0,243.0,1414.0,81.0,12.0,11.0,1.0,1.0,0.0,0.2,0.6363636363636364,0.3142857142857143,0.6451612903225806,0.43478260869565216,0.14814814814814814,0.2
2026,regular,2026_game_36,2026-ev-36,2026-ev-36,35,10,2026-07-25,ARC,Archers,WHP,Whipsnakes,1,13.0,12.0,11.0,1.0,4.0,44.0,25.0,31.0,17.0,7.0,24.0,18.0,6.0,18.0,34.0,34.0,264.0,203.0,1310.0,67.0,8.0,8.0,8.0,0.0,3.0,44.0,28.0,4.0,4.0,20.0,13.0,9.0,24.0,6.0,18.0,13.0,30.0,32.0,297.0,240.0,1412.0,60.0,8.0,8.0,5.0,1.0,0.0,0.18181818181818182,0.6363636363636364,0.2857142857142857,0.6923076923076923,0.5384615384615384,0.13333333333333333,0.18181818181818182
2026,regular,2026_game_36,2026-ev-36,2026-ev-36,35,10,2026-07-25,WHP,Whipsnakes,ARC,Archers,0,8.0,8.0,8.0,0.0,3.0,44.0,28.0,20.0,13.0,9.0,24.0,6.0,18.0,13.0,30.0,32.0,297.0,240.0,1412.0,60.0,13.0,12.0,11.0,1.0,4.0,44.0,25.0,1.0,1.0,31.0,17.0,7.0,24.0,18.0,6.0,18.0,34.0,34.0,264.0,203.0,1310.0,67.0,13.0,12.0,-5.0,0.0,1.0,0.2727272727272727,0.5681818181818182,0.48,0.52,0.5294117647058824,0.19402985074626866,0.2727272727272727
2026,regular,2026_game_20,2026-ev-20,2026-ev-20,36,10,2026-07-26,OUT,Outlaws,WAT,Waterdogs,1,8.0,7.0,6.0,1.0,4.0,30.0,23.0,26.0,17.0,5.0,27.0,11.0,15.0,9.0,27.0,29.0,214.0,167.0,1224.0,48.0,18.0,16.0,14.0,2.0,11.0,41.0,26.0,6.0,5.0,42.0,20.0,7.0,27.0,15.0,11.0,15.0,31.0,32.0,317.0,256.0,1422.0,69.0,18.0,16.0,-10.0,0.0,1.0,0.3902439024390244,0.6341463414634146,0.6153846153846154,0.36,0.25,0.2608695652173913,0.3902439024390244
2026,regular,2026_game_20,2026-ev-20,2026-ev-20,36,10,2026-07-26,WAT,Waterdogs,OUT,Outlaws,0,18.0,16.0,14.0,2.0,11.0,41.0,26.0,42.0,20.0,7.0,27.0,15.0,11.0,15.0,31.0,32.0,317.0,256.0,1422.0,69.0,8.0,7.0,6.0,1.0,4.0,30.0,23.0,7.0,4.0,26.0,17.0,5.0,27.0,11.0,15.0,9.0,27.0,29.0,214.0,167.0,1224.0,48.0,8.0,7.0,10.0,1.0,0.0,0.23333333333333334,0.7666666666666667,0.30434782608695654,0.6818181818181818,0.4117647058823529,0.16666666666666666,0.23333333333333334
2026,regular,2026_game_37,2026-ev-37,2026-ev-37,37,11,2026-07-31,CHA,Chaos,RED,Redwoods,1,12.0,11.0,10.0,1.0,5.0,27.0,20.0,21.0,17.0,10.0,24.0,0.0,24.0,17.0,32.0,32.0,244.0,200.0,1128.0,45.0,10.0,10.0,10.0,0.0,7.0,49.0,29.0,3.0,2.0,40.0,24.0,5.0,24.0,24.0,0.0,8.0,39.0,39.0,322.0,249.0,1645.0,78.0,10.0,10.0,2.0,1.0,0.0,0.20408163265306123,0.5918367346938775,0.3448275862068966,0.6296296296296297,0.4166666666666667,0.1282051282051282,0.20408163265306123
2026,regular,2026_game_37,2026-ev-37,2026-ev-37,37,11,2026-07-31,RED,Redwoods,CHA,Chaos,0,10.0,10.0,10.0,0.0,7.0,49.0,29.0,40.0,24.0,5.0,24.0,24.0,0.0,8.0,39.0,39.0,322.0,249.0,1645.0,78.0,12.0,11.0,10.0,1.0,5.0,27.0,20.0,4.0,4.0,21.0,17.0,10.0,24.0,0.0,24.0,17.0,32.0,32.0,244.0,200.0,1128.0,45.0,12.0,11.0,-2.0,0.0,1.0,0.4074074074074074,0.7407407407407407,0.55,0.42105263157894735,0.29411764705882354,0.26666666666666666,0.4074074074074074
2026,regular,2026_game_38,2026-ev-38,2026-ev-38,38,11,2026-08-01,ARC,Archers,CAN,Cannons,1,7.0,7.0,7.0,0.0,2.0,42.0,20.0,26.0,13.0,6.0,21.0,6.0,15.0,12.0,23.0,23.0,243.0,188.0,1250.0,59.0,11.0,10.0,9.0,1.0,5.0,38.0,24.0,7.0,5.0,29.0,18.0,5.0,21.0,15.0,6.0,11.0,30.0,31.0,302.0,246.0,1447.0,61.0,11.0,10.0,-4.0,0.0,1.0,0.2631578947368421,0.631578947368421,0.4166666666666667,0.5454545454545454,0.3333333333333333,0.18032786885245902,0.2631578947368421
2026,regular,2026_game_38,2026-ev-38,2026-ev-38,38,11,2026-08-01,CAN,Cannons,ARC,Archers,0,11.0,10.0,9.0,1.0,5.0,38.0,24.0,29.0,18.0,5.0,21.0,15.0,6.0,11.0,30.0,31.0,302.0,246.0,1447.0,61.0,7.0,7.0,7.0,0.0,2.0,42.0,20.0,8.0,3.0,26.0,13.0,6.0,21.0,6.0,15.0,12.0,23.0,23.0,243.0,188.0,1250.0,59.0,7.0,7.0,4.0,1.0,0.0,0.16666666666666666,0.47619047619047616,0.35,0.6111111111111112,0.38461538461538464,0.11864406779661017,0.16666666666666666
2026,regular,2026_game_39,2026-ev-39,2026-ev-39,39,11,2026-08-01,OUT,Outlaws,WHP,Whipsnakes,0,14.0,13.0,12.0,1.0,6.0,44.0,29.0,44.0,20.0,6.0,29.0,26.0,3.0,6.0,36.0,36.0,292.0,228.0,1486.0,66.0,13.0,12.0,11.0,1.0,9.0,34.0,20.0,3.0,2.0,24.0,10.0,12.0,29.0,3.0,26.0,15.0,31.0,31.0,286.0,242.0,1228.0,47.0,13.0,12.0,1.0,1.0,0.0,0.35294117647058826,0.5882352941176471,0.6,0.3333333333333333,0.6,0.2765957446808511,0.35294117647058826
2026,regular,2026_game_39,2026-ev-39,2026-ev-39,39,11,2026-08-01,WHP,Whipsnakes,OUT,Outlaws,1,13.0,12.0,11.0,1.0,9.0,34.0,20.0,24.0,10.0,12.0,29.0,3.0,26.0,15.0,31.0,31.0,286.0,242.0,1228.0,47.0,14.0,13.0,12.0,1.0,6.0,44.0,29.0,5.0,3.0,44.0,20.0,6.0,29.0,26.0,3.0,6.0,36.0,36.0,292.0,228.0,1486.0,66.0,14.0,13.0,-1.0,0.0,1.0,0.29545454545454547,0.6590909090909091,0.4482758620689655,0.5357142857142857,0.6,0.21212121212121213,0.29545454545454547
2026,regular,2026_game_40,2026-ev-40,2026-ev-40,40,11,2026-08-01,CHA,Chaos,WAT,Waterdogs,0,6.0,5.0,4.0,1.0,3.0,35.0,18.0,21.0,17.0,6.0,20.0,4.0,15.0,9.0,29.0,29.0,213.0,161.0,1387.0,54.0,13.0,12.0,11.0,1.0,6.0,34.0,23.0,4.0,2.0,32.0,21.0,10.0,20.0,15.0,4.0,11.0,35.0,35.0,271.0,216.0,1278.0,61.0,13.0,12.0,-7.0,0.0,1.0,0.35294117647058826,0.6764705882352942,0.5217391304347826,0.42857142857142855,0.2857142857142857,0.21311475409836064,0.35294117647058826
2026,regular,2026_game_40,2026-ev-40,2026-ev-40,40,11,2026-08-01,WAT,Waterdogs,CHA,Chaos,1,13.0,12.0,11.0,1.0,6.0,34.0,23.0,32.0,21.0,10.0,20.0,15.0,4.0,11.0,35.0,35.0,271.0,216.0,1278.0,61.0,6.0,5.0,4.0,1.0,3.0,35.0,18.0,6.0,4.0,21.0,17.0,6.0,20.0,4.0,15.0,9.0,29.0,29.0,213.0,161.0,1387.0,54.0,6.0,5.0,7.0,1.0,0.0,0.14285714285714285,0.5142857142857142,0.2777777777777778,0.6875,0.5882352941176471,0.1111111111111111,0.14285714285714285
2026,regular,2026_game_41,2026-ev-41,2026-ev-41,41,11,2026-08-02,ATL,Atlas,RED,Redwoods,0,13.0,10.0,7.0,3.0,5.0,43.0,27.0,41.0,20.0,9.0,35.0,15.0,20.0,7.0,30.0,31.0,229.0,166.0,1163.0,65.0,21.0,21.0,21.0,0.0,11.0,49.0,29.0,1.0,0.0,35.0,17.0,10.0,35.0,20.0,15.0,15.0,35.0,38.0,240.0,174.0,1357.0,70.0,21.0,21.0,-8.0,0.0,1.0,0.42857142857142855,0.5918367346938775,0.7241379310344828,0.25,0.5294117647058824,0.3,0.42857142857142855
2026,regular,2026_game_41,2026-ev-41,2026-ev-41,41,11,2026-08-02,RED,Redwoods,ATL,Atlas,1,21.0,21.0,21.0,0.0,11.0,49.0,29.0,35.0,17.0,10.0,35.0,20.0,15.0,15.0,35.0,38.0,240.0,174.0,1357.0,70.0,13.0,10.0,7.0,3.0,5.0,43.0,27.0,12.0,8.0,41.0,20.0,9.0,35.0,15.0,20.0,7.0,30.0,31.0,229.0,166.0,1163.0,65.0,13.0,10.0,8.0,1.0,0.0,0.23255813953488372,0.627906976744186,0.37037037037037035,0.6,0.5,0.2,0.23255813953488372
2026,regular,2026_game_42,2026-ev-42,2026-ev-42,42,12,2026-08-07,CAN,Cannons,WHP,Whipsnakes,1,14.0,13.0,12.0,1.0,6.0,46.0,30.0,30.0,12.0,5.0,29.0,20.0,9.0,12.0,24.0,24.0,257.0,199.0,1557.0,64.0,12.0,12.0,12.0,0.0,5.0,42.0,27.0,4.0,3.0,21.0,13.0,2.0,29.0,9.0,20.0,15.0,27.0,27.0,270.0,215.0,1118.0,57.0,12.0,12.0,2.0,1.0,0.0,0.2857142857142857,0.6428571428571429,0.4444444444444444,0.5,0.38461538461538464,0.21052631578947367,0.2857142857142857
2026,regular,2026_game_42,2026-ev-42,2026-ev-42,42,12,2026-08-07,WHP,Whipsnakes,CAN,Cannons,0,12.0,12.0,12.0,0.0,5.0,42.0,27.0,21.0,13.0,2.0,29.0,9.0,20.0,15.0,27.0,27.0,270.0,215.0,1118.0,57.0,14.0,13.0,12.0,1.0,6.0,46.0,30.0,2.0,1.0,30.0,12.0,5.0,29.0,20.0,9.0,12.0,24.0,24.0,257.0,199.0,1557.0,64.0,14.0,13.0,-2.0,0.0,1.0,0.2826086956521739,0.6521739130434783,0.43333333333333335,0.5357142857142857,0.16666666666666666,0.21875,0.2826086956521739
2026,regular,2026_game_43,2026-ev-43,2026-ev-43,43,12,2026-08-08,ARC,Archers,CHA,Chaos,1,13.0,12.0,11.0,1.0,6.0,43.0,27.0,42.0,22.0,7.0,28.0,19.0,8.0,12.0,35.0,36.0,279.0,214.0,1452.0,67.0,12.0,12.0,12.0,0.0,4.0,36.0,24.0,4.0,2.0,18.0,15.0,13.0,28.0,8.0,19.0,11.0,27.0,28.0,261.0,210.0,1243.0,54.0,12.0,12.0,1.0,1.0,0.0,0.3333333333333333,0.6666666666666666,0.5,0.5,0.4666666666666667,0.2222222222222222,0.3333333333333333
2026,regular,2026_game_43,2026-ev-43,2026-ev-43,43,12,2026-08-08,CHA,Chaos,ARC,Archers,0,12.0,12.0,12.0,0.0,4.0,36.0,24.0,18.0,15.0,13.0,28.0,8.0,19.0,11.0,27.0,28.0,261.0,210.0,1243.0,54.0,13.0,12.0,11.0,1.0,6.0,43.0,27.0,5.0,1.0,42.0,22.0,7.0,28.0,19.0,8.0,12.0,35.0,36.0,279.0,214.0,1452.0,67.0,13.0,12.0,-1.0,0.0,1.0,0.27906976744186046,0.627906976744186,0.4444444444444444,0.4782608695652174,0.5909090909090909,0.19402985074626866,0.27906976744186046
2026,regular,2026_game_44,2026-ev-44,2026-ev-44,44,12,2026-08-08,ATL,Atlas,OUT,Outlaws,1,9.0,8.0,7.0,1.0,5.0,46.0,28.0,47.0,18.0,12.0,24.0,13.0,9.0,10.0,33.0,33.0,287.0,223.0,1471.0,66.0,14.0,12.0,10.0,2.0,10.0,36.0,24.0,5.0,2.0,22.0,19.0,8.0,24.0,9.0,13.0,19.0,37.0,37.0,278.0,223.0,1114.0,55.0,14.0,12.0,-5.0,0.0,1.0,0.3333333333333333,0.6666666666666666,0.5,0.45454545454545453,0.631578947368421,0.2545454545454545,0.3333333333333333
2026,regular,2026_game_44,2026-ev-44,2026-ev-44,44,12,2026-08-08,OUT,Outlaws,ATL,Atlas,0,14.0,12.0,10.0,2.0,10.0,36.0,24.0,22.0,19.0,8.0,24.0,9.0,13.0,19.0,37.0,37.0,278.0,223.0,1114.0,55.0,9.0,8.0,7.0,1.0,5.0,46.0,28.0,6.0,2.0,47.0,18.0,12.0,24.0,13.0,9.0,10.0,33.0,33.0,287.0,223.0,1471.0,66.0,9.0,8.0,5.0,1.0,0.0,0.17391304347826086,0.6086956521739131,0.2857142857142857,0.7037037037037037,0.4444444444444444,0.13636363636363635,0.17391304347826086
2026,regular,2026_game_45,2026-ev-45,2026-ev-45,45,12,2026-08-09,CAN,Cannons,RED,Redwoods,1,12.0,11.0,10.0,1.0,5.0,42.0,26.0,35.0,16.0,11.0,23.0,12.0,11.0,15.0,24.0,25.0,286.0,228.0,1289.0,61.0,9.0,9.0,9.0,0.0,7.0,40.0,26.0,8.0,5.0,34.0,21.0,6.0,23.0,11.0,12.0,14.0,29.0,30.0,272.0,211.0,1404.0,66.0,9.0,9.0,3.0,1.0,0.0,0.225,0.65,0.34615384615384615,0.625,0.5238095238095238,0.13636363636363635,0.225
2026,regular,2026_game_45,2026-ev-45,2026-ev-45,45,12,2026-08-09,RED,Redwoods,CAN,Cannons,0,9.0,9.0,9.0,0.0,7.0,40.0,26.0,34.0,21.0,6.0,23.0,11.0,12.0,14.0,29.0,30.0,272.0,211.0,1404.0,66.0,12.0,11.0,10.0,1.0,5.0,42.0,26.0,11.0,7.0,35.0,16.0,11.0,23.0,12.0,11.0,15.0,24.0,25.0,286.0,228.0,1289.0,61.0,12.0,11.0,-3.0,0.0,1.0,0.2619047619047619,0.6190476190476191,0.4230769230769231,0.56,0.375,0.19672131147540983,0.2619047619047619
2026,regular,2026_game_47,2026-ev-47,2026-ev-47,46,13,2026-08-15,ATL,Atlas,WAT,Waterdogs,0,10.0,9.0,8.0,1.0,3.0,43.0,32.0,39.0,15.0,5.0,29.0,14.0,15.0,9.0,29.0,30.0,212.0,154.0,1428.0,61.0,18.0,16.0,14.0,2.0,7.0,33.0,25.0,5.0,4.0,29.0,18.0,9.0,29.0,15.0,14.0,21.0,33.0,33.0,259.0,208.0,1225.0,57.0,18.0,16.0,-8.0,0.0,1.0,0.48484848484848486,0.7575757575757576,0.64,0.36,0.2777777777777778,0.3157894736842105,0.48484848484848486
2026,regular,2026_game_47,2026-ev-47,2026-ev-47,46,13,2026-08-15,WAT,Waterdogs,ATL,Atlas,1,18.0,16.0,14.0,2.0,7.0,33.0,25.0,29.0,18.0,9.0,29.0,15.0,14.0,21.0,33.0,33.0,259.0,208.0,1225.0,57.0,10.0,9.0,8.0,1.0,3.0,43.0,32.0,7.0,7.0,39.0,15.0,5.0,29.0,14.0,15.0,9.0,29.0,30.0,212.0,154.0,1428.0,61.0,10.0,9.0,8.0,1.0,0.0,0.20930232558139536,0.7441860465116279,0.28125,0.7,0.6,0.16393442622950818,0.20930232558139536
2026,regular,2026_game_46,2026-ev-46,2026-ev-46,47,13,2026-08-16,WAT,Waterdogs,WHP,Whipsnakes,1,11.0,11.0,11.0,0.0,4.0,42.0,30.0,28.0,16.0,10.0,24.0,11.0,13.0,20.0,33.0,33.0,272.0,214.0,1259.0,61.0,9.0,9.0,9.0,0.0,5.0,51.0,33.0,3.0,1.0,27.0,15.0,6.0,24.0,13.0,11.0,16.0,24.0,28.0,287.0,221.0,1392.0,67.0,9.0,9.0,2.0,1.0,0.0,0.17647058823529413,0.6470588235294118,0.2727272727272727,0.6896551724137931,0.6666666666666666,0.13432835820895522,0.17647058823529413
2026,regular,2026_game_46,2026-ev-46,2026-ev-46,47,13,2026-08-16,WHP,Whipsnakes,WAT,Waterdogs,0,9.0,9.0,9.0,0.0,5.0,51.0,33.0,27.0,15.0,6.0,24.0,13.0,11.0,16.0,24.0,28.0,287.0,221.0,1392.0,67.0,11.0,11.0,11.0,0.0,4.0,42.0,30.0,5.0,3.0,28.0,16.0,10.0,24.0,11.0,13.0,20.0,33.0,33.0,272.0,214.0,1259.0,61.0,11.0,11.0,-2.0,0.0,1.0,0.2619047619047619,0.7142857142857143,0.36666666666666664,0.5925925925925926,0.375,0.18032786885245902,0.2619047619047619
